0222180101  0  0  0  1  0  0  0  0  0  0  0  0  0  0  0  1  0  0  0  1  0  0  0  1  0  0  0  0  0  0  0  1  0  0  0  1  0  0  0  1  0  0  0  0  0  0  0  0  0  0  0  0  0  0  0  1  0  0  0  0  0  0  0  0  0  0  0  1 23 16 26319  4  4  6 32  0  0  1 12  1  1  2 39 11  8  6123  0  0  0 2100900813970080101266                
0222180102  0  0  0  1  0  0  0  0  0  0  0  0  0  0  0  1  0  0  0  1  0  0  0  1  0  0  0  0  0  0  0  1  0  0  0  0  0  0  0  1  0  0  0  0  0  0  0  0  0  0  0  1  0  0  0  0  0  0  0  0  0  0  0  0  0  0  0  0 22 24 29254  3  5  4 39  1  0  0  3 20 17 15129 38 38 30248 74 58 6570901801514770210191860                
0222180103  0  0  0  1  0  0  0  0  0  0  0  0  0  0  0  1  0  0  0  1  0  0  0  1  0  0  0  0  0  0  0  1  0  0  0  1  0  0  0  1  0  0  0  0  0  0  0  0  0  0  0  1  0  0  0  0  0  0  0  0  0  0  0  0  0  0  0  1 39 46 31363  4  2  1 11  1  0  2 19  0  0  0  2 23 40 40359  2  2  0 2302001017900170181853                
0222180104  0  0  0  1  0  0  0  0  0  0  0  0  0  0  0  1  0  0  0  1  0  0  0  1  0  0  0  0  0  0  0  1  0  0  0  1  0  0  0  1  0  0  0  0  0  0  0  0  0  0  0  1  0  0  0  0  0  0  0  0  0  0  0  0  0  0  0  0 16 18 20187  1  1  0  5  4  3  5 53  0  2  2  9 25 17 19144  1  4  6 3201001016140090111425                
0222180105  0  0  0  1  0  0  0  0  0  0  0  0  0  0  0  1  0  0  0  1  0  0  0  1  0  0  0  0  0  0  0  1  0  0  0  1  0  0  0  1  0  0  0  0  0  0  0  0  0  0  0  0  0  0  0  0  0  0  0  1  0  0  0  0  0  0  0  0  2  4  9100  0  0  0 14 17 19 25262  0  0  0 18  1  5  2 58  0  0  1 1902500012000130161572                
0222180106  0  0  0  2  0  0  0  0  0  0  0  0  0  0  0  2  0  0  0  2  0  0  0  2  0  0  0  0  0  0  0  2  0  0  0  0  0  0  0  1  0  0  0  1  0  0  0  0  0  0  0  0  0  0  0  0  0  0  0  2  0  0  0  0  0  0  0  1 31 44 55457  7  9 14 66  0  0  0  3  0  0  0  0 22 41 43424  5  9  7 6601300714470100061258                
0222180107  0  0  0  1  0  0  0  0  0  0  0  0  0  0  0  1  0  0  0  1  0  0  0  1  0  0  0  0  0  0  0  1  0  0  0  1  0  0  0  1  0  0  0  0  0  0  0  0  0  0  0  1  0  0  0  0  0  0  0  0  0  0  0  0  0  0  0  0 28 30 15221 12  9  3 53 10 13  6 61  1  5  0  8 14 22  9164 10 12 1311601501417550210181524                
0222180108  0  0  0  1  0  0  0  0  0  0  0  0  0  0  0  1  0  0  0  0  0  0  0  0  0  0  0  0  0  0  0  0  0  0  0  0  0  0  0  1  0  0  0  0  0  0  0  0  0  0  0  1  0  0  0  0  0  0  0  0  0  0  0  0  0  0  0  1 24 36 29307  4 11  3 50  5  5  2 24  2  1  1 20 22 20 27244 10 11 1214901400912500030061800                
0222180109  0  0  0  1  0  0  0  0  0  0  0  0  0  0  0  1  0  0  0  1  0  0  0  1  0  0  0  0  0  0  0  1  0  0  0  1  0  0  0  1  0  0  0  0  0  0  0  0  0  0  0  1  0  0  0  0  0  0  0  0  0  0  0  0  0  0  0  0 10 10  6121  0  0  0 14  0  1  1  4  0  0  0  1  1  1  3 59  6  3  7118000000    0080161348                
0222180110  0  0  0  1  0  0  0  0  0  0  0  0  0  0  0  0  0  0  0  0  0  0  0  0  0  0  0  0  0  0  0  0  0  0  0  1  0  0  0  0  0  0  0  0  0  0  0  0  0  0  0  1  0  0  0  0  0  0  0  0  0  0  0  0  0  0  0  1 23 19 22327  2  3  4 48  7  6  5 66  0  2  0 18 11 33 18245  1  2  0 13000000    0180081840                
0222180111  0  0  0  1  0  0  0  0  0  0  0  0  0  0  0  1  0  0  0  1  0  0  0  1  0  0  0  0  0  0  0  1  0  0  0  1  0  0  0  1  0  0  0  0  0  0  0  0  0  0  0  0  0  0  0  1  0  0  0  0  0  0  0  0  0  0  0  1 21 36 28285  0  2  2 27  0  1  1  8  0  0  0  2 15 13 21253  2  1  2 3900500914000240161840                
0222180201  0  0  1  7  0  0  0  1  0  0  0  0  0  0  1  5  0  0  1  1  0  0  1  1  0  0  0  0  0  0  1  4  0  0  1  1  0  0  0  2  0  0  1  2  0  0  0  1  0  0  0  3  0  0  0  2  0  0  1  2  0  0  0  2  0  0  0  3 10  8  7 88  3  2  2 28  2  5  3 21  0  0  1  2 11  8  6123  0  0  1  701000614540070081381                
0222180202  0  0  2  8  0  1  0  0  0  0  0  0  0  0  2  5  0  0  1  1  0  0  1  1  0  0  0  4  0  0  1  3  0  0  0  2  0  0  2  3  0  0  0  2  0  0  0  0  0  0  1  1  0  0  0  3  0  0  1  4  0  0  0  2  0  0  1  5  3  3  3 15  0  2  1  9  8  5  8 19  0  0  0  2 15 23 16115 17  9  911701001016300110131699                
0222180203  0  0  0  3  0  0  0  0  0  0  0  0  0  0  0  3  0  0  0  1  0  0  0  1  0  0  0  0  0  0  0  2  0  0  0  0  0  0  0  3  0  0  0  0  0  0  0  0  0  0  0  0  0  0  0  0  0  0  0  3  0  0  0  0  0  0  0  2  7  5  7 42  1  1  2  7  0  0  0 10  9 15 10131  5  6  4 85 44 43 4441901400913780160161691                
0222180204  0  0  0  3  0  0  0  0  0  0  0  0  0  0  0  2  0  0  0  0  0  0  0  0  0  0  0  0  0  0  0  1  0  0  0  0  0  0  0  1  0  0  0  0  0  0  0  1  0  0  0  1  0  0  0  1  0  0  0  1  0  0  0  0  0  0  0  1  1  0  0  2  1  0  0  2 12 15  8 83  2  0  0  4  0  1  1 15 52 34 483120210181426000000                    
0222180205  0  0  0  8  0  0  0  0  0  0  0  0  0  0  0  8  0  0  0  0  0  0  0  0  0  0  0  1  0  0  0  4  0  0  0  0  0  0  0  5  0  0  0  2  0  0  0  1  0  0  0  2  0  0  0  4  0  0  0  2  0  0  0  2  0  0  0  4  3  5  4 73  0  2  2 20  2  2  1 22 11 15 12133 11 33 18245  0  0  0  801001014110080161549                
0222180206  0  0  0  6  0  0  0  0  0  0  0  0  0  0  0  5  0  0  0  1  0  0  0  1  0  0  0  0  0  0  0  4  0  0  0  0  0  0  0  4  0  0  0  0  0  0  0  1  0  0  0  3  0  0  0  1  0  0  0  2  0  0  0  0  0  0  0  2  3  4  0 25  1  0  0  3  1  0  0 43  0  0  0  0 10 19  8230  2  3  3 2102101615050140111482                
0222180207  0  0  0  4  0  0  0  0  0  0  0  0  0  0  0  2  0  0  0  0  0  0  0  0  0  0  0  0  0  0  0  2  0  0  0  0  0  0  0  0  0  0  0  1  0  0  0  1  0  0  0  0  0  0  0  1  0  0  0  3  0  0  0  3  0  0  0  2 10  8  6 51  0  1  1  1  1  0  0  0  2  3  2 22 23 40 40359  3  6  2 1400901114190090101350                
0222180208  0  2  0  8  0  0  0  0  0  0  0  0  0  2  0  8  0  1  0  0  0  1  0  0  0  1  0  2  0  2  0  7  0  0  0  0  0  1  0  5  0  1  0  1  0  0  0  2  0  0  0  4  0  2  0  4  0  0  0  0  0  0  0  1  0  0  0  5  1  8  3 27  1  0  2  5  0  0  0  0  0  0  0  2  7  3  4 72  6  4  613601101314610100061200                
0222180209  0  0  0  3  0  0  0  0  0  0  0  0  0  0  0  0  0  0  0  0  0  0  0  0  0  0  0  1  0  0  0  0  0  0  0  1  0  0  0  0  0  0  0  0  0  0  0  0  0  0  0  1  0  0  0  1  0  0  0  1  0  0  0  1  0  0  0  1  3  0  2 24  1  0  1 12  3  2  1 49  0  0  0  2  1  1  3 59  1  5  7 5202001016530210191718                
0222180210  0  0  0  4  0  0  0  0  0  0  0  0  0  0  0  2  0  0  0  1  0  0  0  1  0  0  0  0  0  0  0  1  0  0  0  1  0  0  0  1  0  0  0  1  0  0  0  0  0  0  0  1  0  0  0  1  0  0  0  2  0  0  0  0  0  0  0  1  1  8  6 67  0  4  4 22  0  0  3 31  1  0  0 15  8 13 12222  0  0  0  50140141600020000                    
0222180211  0  3  2  6  0  0  0  0  0  0  0  0  0  3  2  5  0  1  0  0  0  1  0  0  0  0  1  0  0  3  2  4  0  3  1  3  0  2  0  3  0  1  1  0  0  0  1  2  0  1  0  2  0  1  2  1  0  1  0  3  0  0  0  1  0  0  2  0 12 10 11107  3  5  2 33  2  4  6 64  0  3  1 10 22 41 43424  2  7  3 2001300714410080141592                
0222180212  0  0  0  4  0  0  0  0  0  0  0  0  0  0  0  1  0  0  0  0  0  0  0  0  0  0  0  0  0  0  0  0  0  0  0  0  0  0  0  1  0  0  0  0  0  0  0  0  0  0  0  1  0  0  0  2  0  0  0  1  0  0  0  0  0  0  0  1  2  4  5 19  0  0  2  6  1  0  1  7  1  3  2 31 17  8 14160  0  0  0  800801216890130121547                
0222180301  0  0  0  8  0  0  0  0  0  0  0  0  0  0  0  1  0  0  0  1  0  0  0  1  0  0  0  1  0  0  0  1  0  0  0  1  0  0  0  1  0  0  0  0  0  0  0  0  0  0  0  2  0  0  0  4  0  0  0  2  0  0  0  0  0  0  0  4 16 16 10 64  0  1  0  4  1  0  0  2  2  5  1 14 25 17 19144 16 14 1911900900812800160251700                
0222180302  0  0  0  8  0  0  0  0  0  0  0  0  0  0  0  1  0  0  0  0  0  0  0  0  0  0  0  2  0  0  0  1  0  0  0  0  0  0  0  1  0  0  0  0  0  0  0  0  0  0  0  1  0  0  0  3  0  0  0  4  0  0  0  0  0  0  0  1  6  7  9 49  1  1  3 17  6  6  4 41  2  1  0  9 15 13 21253 10  8 10 7901102115450100071592                
0222180303  0  0  2 12  0  0  1  0  0  0  0  0  0  0  2 10  0  0  1  2  0  0  0  1  0  0  0  2  0  0  2  4  0  0  2  8  0  0  2  6  0  0  0  0  0  0  0  4  0  0  0  2  0  0  0  3  0  0  2  7  0  0  1  3  0  0  0  4  0  0  1 15  0  0  0  1  8 10 19408  1  1  6 55  0  0  2 24  1  1  6 7700601617280130071441                
0222180304  0  0  0  3  0  0  0  0  0  0  0  0  0  0  0  3  0  0  0  0  0  0  0  0  0  0  0  0  0  0  0  1  0  0  0  0  0  0  0  2  0  0  0  1  0  0  0  0  0  0  0  0  0  0  0  2  0  0  0  1  0  0  0  0  0  0  0  0  0  0  0  6  0  0  0  3  0  0  0  0  0  0  0  0  0  0  1  9  0  0  0  300201816270080161549                
0222180305  0  0  0  5  0  0  0  0  0  0  0  0  0  0  0  5  0  0  0  0  0  0  0  0  0  0  0  0  0  0  0  5  0  0  0  1  0  0  0  3  0  0  0  1  0  0  0  1  0  0  0  0  0  0  0  4  0  0  0  1  0  0  0  0  0  0  0  2  3  6  3 43  1  3  2  8  2  1  1 17  0  1  0 16  2  9  4 80  0  1  1 3601100816440120171481                
0222180306  0  0  0  4  0  0  0  1  0  0  0  0  0  0  0  4  0  0  0  2  0  0  0  2  0  0  0  0  0  0  0  4  0  0  0  2  0  0  0  4  0  0  0  0  0  0  0  0  0  0  0  1  0  0  0  1  0  0  0  2  0  0  0  0  0  0  0  1  3  1  0 33  0  0  0 12  3  0  1 10  1  1  1  9  1  1  3 59  7 12 14 9500801515040180081500                
0222180307  0  2  2  1  0  0  0  0  0  0  0  0  0  2  2  1  0  0  0  0  0  0  0  0  0  0  0  0  0  2  1  0  0  1  2  1  0  2  2  1  0  0  0  0  0  0  0  0  0  0  1  0  0  2  1  0  0  0  0  1  0  0  0  0  0  1  0  0 34 27 28182  7  5 10 45  8  5  7 32  4  2  6 22 31 38 30321  3  4  6 2100201816270240161732                
0222180308  0  1  1  4  0  0  0  0  0  0  0  0  0  1  1  2  0  0  0  1  0  0  0  1  0  1  0  0  0  1  1  2  0  1  0  3  0  0  1  1  0  1  0  1  0  0  0  0  0  1  1  2  0  0  0  2  0  0  0  0  0  0  0  1  0  1  0  1  9 11  8 78  3  5  6 33  5  6  8 49  1  3  3  9 38 38 30248  2  5 10 3401901916830000121660                
0222180309  0  3  0  8  0  0  0  0  0  0  0  0  0  3  0  7  0  3  0  3  0  0  0  2  0  1  0  0  0  3  0  4  0  0  0  1  0  0  0  5  0  2  0  1  0  1  0  1  0  0  0  2  0  3  0  2  0  0  0  4  0  0  0  1  0  1  0  3  8 28 20247  0 11  8 61  0  1  0 11  1  3  1 23 22 41 43424  0  8  1 4301100816440110081661                
0222180310  0  0  0  3  0  0  0  0  0  0  0  0  0  0  0  1  0  0  0  1  0  0  0  1  0  0  0  0  0  0  0  1  0  0  0  2  0  0  0  0  0  0  0  1  0  0  0  0  0  0  0  1  0  0  0  0  0  0  0  2  0  0  0  0  0  0  0  0 15  7  4152  1  1  0 36  2  2  4  9  0  0  0  2 11  8  6123 17  9 1314701801416860240161732                
0222180311  0  0  0  4  0  0  0  0  0  0  0  0  0  0  0  3  0  0  0  1  0  0  0  0  0  0  0  1  0  0  0  3  0  0  0  1  0  0  0  2  0  0  0  0  0  0  0  1  0  0  0  1  0  0  0  3  0  0  0  0  0  0  0  1  0  0  0  2 19 16 18140  1  0  0  8  4  2  1 25  0  0  0  9 23 40 40359  7  5  7 7302102116230220281652                
0222180312  0  0  4  5  0  0  0  0  0  0  0  0  0  0  4  3  0  0  1  1  0  0  1  1  0  0  1  1  0  0  3  3  0  0  1  1  0  0  2  3  0  0  2  0  0  0  0  0  0  0  1  1  0  0  3  0  0  0  0  4  0  0  0  1  0  0  4  2  6 11  9113  3  3  3 35 17 14  8184 20 33 23190 13 14 13193 43 48 4649402001016530070111592                
0222180401  0  0  0  5  0  0  0  0  0  0  0  0  0  0  0  4  0  0  0  2  0  0  0  1  0  0  0  0  0  0  0  3  0  0  0  0  0  0  0  2  0  0  0  2  0  0  0  0  0  0  0  2  0  0  0  2  0  0  0  1  0  0  0  1  0  0  0  1 23 16 26319  4  4  6 32  0  1  0 13  0  0  1  7 11  8  6123  3  3  2  701102116080140111264                
0222180402  0  0  1  4  0  0  0  0  0  0  0  0  0  0  1  2  0  0  0  0  0  0  0  0  0  0  0  0  0  0  1  1  0  0  0  0  0  0  0  2  0  0  1  0  0  0  0  0  0  0  0  1  0  0  0  2  0  0  1  1  0  0  0  0  0  0  1  2 15 12  8119  3  2  1 26  2  1  1  8  2  0  1  1 17  8 14160  0  0  1  402102117950170111393                
0222180403  0  2  1  2  0  0  0  0  0  0  0  0  0  2  1  2  0  2  1  1  0  0  1  0  0  0  0  1  0  0  1  0  0  0  1  0  0  1  1  2  0  0  0  0  0  1  0  0  0  1  0  0  0  1  0  0  0  0  1  2  0  1  0  0  0  0  1  1 52 30 48274 14  6 15 47  0  0  1  7  2  2  1 10 38 24 23257  7 10  8 9502002214420180001466                
0222180404  0  0  0  5  0  0  0  0  0  0  0  0  0  0  0  1  0  0  0  1  0  0  0  1  0  0  0  1  0  0  0  1  0  0  0  0  0  0  0  1  0  0  0  0  0  0  0  0  0  0  0  1  0  0  0  3  0  0  0  1  0  0  0  0  0  0  0  4 16 18 20187  1  1  0  5  4  5  3 25  0  0  0  6 25 17 19144  0  2  2 210100141754000026                    
0222180405  0  0  0  2  0  0  0  0  0  0  0  0  0  0  0  1  0  0  0  0  0  0  0  0  0  0  0  1  0  0  0  1  0  0  0  0  0  0  0  1  0  0  0  0  0  0  0  0  0  0  0  1  0  0  0  1  0  0  0  0  0  0  0  0  0  0  0  1 14 16 16239  0  0  0  0  2  0  3 10  0  0  1  6  8 15 13210  4  1  4 340040001600000029                    
0222180406  0  0  1  7  0  0  0  0  0  0  0  0  0  0  1  5  0  0  1  5  0  0  0  2  0  0  0  1  0  0  1  5  0  0  0  2  0  0  1  3  0  0  0  2  0  0  0  0  0  0  0  0  0  0  1  2  0  0  0  5  0  0  0  2  0  0  1  3 39 46 31363  4  2  1 11  2  1  3 23  0  0  0  4 23 40 40359  0  0  1  701400912500180091300                
0222180407  0  1  0  6  0  0  0  0  0  0  0  0  0  1  0  5  0  0  0  0  0  0  0  0  0  0  0  0  0  0  0  4  0  0  0  0  0  1  0  4  0  0  0  0  0  0  0  1  0  0  0  2  0  0  0  1  0  1  0  3  0  0  0  2  0  0  0  3 15 19 28276  3  2  1 20  1  1  4 19  0  0  0  2  5  6  4 85 39 30 233950150121726000000                    
0222180408  0  1  0  4  0  0  0  0  0  0  0  0  0  1  0  4  0  0  0  3  0  0  0  0  0  0  0  0  0  1  0  3  0  0  0  0  0  1  0  1  0  0  0  2  0  0  0  1  0  0  0  1  0  1  0  3  0  0  0  0  0  1  0  1  0  1  0  3 28 34 34404  0  2  0 12  5  4  3 37  4  6  0 24 13 21 12203  5  7  7 5502101617000160001900                
0222180409  0  1  2  4  0  0  0  0  0  0  0  0  0  1  2  4  0  1  2  2  0  0  1  0  0  0  0  0  0  1  1  1  0  0  2  0  0  0  2  3  0  1  0  0  0  0  0  1  0  0  0  2  0  1  0  2  0  0  2  0  0  1  0  2  0  0  1  1 31 44 55457  7  9 14 66  2  3  9 48 79 11 51431 22 41 43424  6 10 1514501601119630070001365                
0222180410  0  0  0  4  0  0  0  0  0  0  0  0  0  0  0  2  0  0  0  1  0  0  0  0  0  0  0  0  0  0  0  2  0  0  0  0  0  0  0  1  0  0  0  1  0  0  0  0  0  0  0  1  0  0  0  3  0  0  0  0  0  0  0  0  0  0  0  2 22 24 29254  3  5  4 39  3  0  0 28 18 14 11 87 38 38 30248  5  3  2 3502101815240100071825                
0222180411  0  2  2  1  0  0  0  0  0  0  0  0  0  2  2  1  0  0  1  0  0  0  1  0  0  0  1  1  0  1  1  0  0  0  2  1  0  2  2  1  0  0  0  0  0  0  0  0  0  1  0  0  0  0  1  0  0  1  1  1  0  0  0  0  0  0  1  0 32 27 23198  7  8  5 37 38 25 24165  4 12 11 68 17 24 27213  3  7  6 4002101815240160161778                
0222180412  0  1  0  0  0  0  0  0  0  0  0  0  0  1  0  0  0  1  0  0  0  0  0  0  0  0  0  0  0  1  0  0  0  0  0  0  0  1  0  0  0  0  0  0  0  0  0  0  0  0  0  0  0  1  0  0  0  0  0  0  0  0  0  0  0  1  0  0 64 44 33181 13  9  6 27  4  3  0 13 16  7  4 29 15 23 16115 16  4 10 500260051362000000                    
0222180413  0  0  0  5  0  0  0  0  0  0  0  0  0  0  0  5  0  0  0  3  0  0  0  1  0  0  0  1  0  0  0  2  0  0  0  1  0  0  0  2  0  0  0  2  0  0  0  1  0  0  0  0  0  0  0  2  0  0  0  3  0  0  0  0  0  0  0  1 21 36 28285  0  2  2 27  2  1  3 27  1  0  1 19 15 13 21253  1  2  2 2702001017900130071447                
0222180414  0  0  1  5  0  0  0  0  0  0  0  0  0  0  0  0  0  0  0  0  0  0  0  0  0  0  0  0  0  0  0  0  0  0  0  0  0  0  0  0  0  0  0  0  0  0  0  0  0  0  1  1  0  0  0  3  0  0  0  1  0  0  1  1  0  0  0  1 10 10  6121  0  0  0 14  0  0  0  3  0  0  0  0  1  1  3 59  3  1  3 2902703312260260001558                
0222180415  0  1  0  3  0  0  0  0  0  0  0  0  0  1  0  3  0  0  0  0  0  0  0  0  0  0  0  0  0  1  0  1  0  0  0  0  0  1  0  1  0  0  0  1  0  0  0  1  0  1  0  1  0  0  0  0  0  0  0  2  0  1  0  0  0  0  0  2 28 30 15221 12  9  3 53  0  0  0  1  7  7 11 61 14 22  9164  1  1  0  801500818970240161840                
0222180416  0  0  0  2  0  0  0  0  0  0  0  0  0  0  0  1  0  0  0  1  0  0  0  1  0  0  0  0  0  0  0  1  0  0  0  0  0  0  0  1  0  0  0  0  0  0  0  0  0  0  0  0  0  0  0  1  0  0  0  1  0  0  0  0  0  0  0  1 10  8 11173  0  0  1  6  3  0  4 13  2  3  4 15  7  3  4 72  2  2  4 180200151482000012                    
0222180501                                                                                                                                                                                                             53 33 34231  8  5  4 24  1  0  0  4  0  0  0  0 14 22  9164  0  0  0  001601119630050002600                
0222180502                                                                                                                                                                                                              2  2  3126  1  0  0  7  5  1  1 25  0  0  0  1  1  1  3 59 16 17 1512402001017900240161840                
0222180503                                                                                                                                                                                                             33 27 31259  0  2  1 24  2  3  1 15  0  0  0  1 21 15 13174  0  1  0  5000000    0110081804                
0222180504                                                                                                                                                                                                             40 34 31223  1  3  4 23  1  2  0 24  1  1  2  4 17 24 27213  3  3 11 780150081897000017                    
0222180505                                                                                                                                                                                                             62 69 48226  6  6  5 11  0  3  3 14  2  2  3  4 15 23 16115 13 15 1110602001514820170221433                
0222180506                                                                                                                                                                                                             63 59 40300  5  4  3 32  0  1  4  7 16 10 10 74 38 24 23257  3  0  3 1703300016000130161572                
0222180507                                                                                                                                                                                                             67 50 40288  6  2  3 25  0  1  3 15  4  2  6 22 31 38 30321  8  7  5 2500900016000100101797                
0222180508                                                                                                                                                                                                             29 36 23196  0  0  2  2  2  1  0 11  6  3  3 27 25 17 19144  4  3  5 41000000    000000                    
0222180601  0  1  0  7  0  0  0  0  0  0  0  0  0  1  0  6  0  1  0  0  0  0  0  0  0  0  0  0  0  1  0  4  0  1  0  1  0  1  0  4  0  0  0  0  0  0  0  2  0  0  0  0  0  0  0  5  0  1  0  2  0  0  0  0  0  1  0  1 13 15 19115  1  1  0  5 12  6  8 71  0  3  0  8 15 13 21253  0  1  0  901501417550210191860                
0222180602  0  0  1  3  0  0  0  0  0  0  0  0  0  0  1  3  0  0  0  0  0  0  0  0  0  0  0  1  0  0  0  2  0  0  0  1  0  0  1  3  0  0  0  0  0  0  0  0  0  0  0  0  0  0  0  2  0  0  1  1  0  0  0  0  0  0  0  0 31 28 27194  2  5  1 24  7  6  7 31  1  6  3 19 31 38 30321  1  7  3 2401701417100020121300                
0222180603  0  0  1  4  0  0  0  0  0  0  0  0  0  0  1  4  0  0  1  2  0  0  0  0  0  0  1  0  0  0  0  1  0  0  1  1  0  0  1  3  0  0  0  1  0  0  0  0  0  0  1  2  0  0  0  1  0  0  0  1  0  0  0  0  0  0  0  1 36 28 32171  6  3  7 20  1  0  2  8  3  6  5 56 38 24 23257 28 24 2229301601119630210192033                
0222180604  0  0  0  1  0  0  0  0  0  0  0  0  0  0  0  1  0  0  0  1  0  0  0  1  0  0  0  0  0  0  0  1  0  0  0  1  0  0  0  1  0  0  0  0  0  0  0  0  0  0  0  0  0  0  0  0  0  0  0  1  0  0  0  0  0  0  0  1 19 27 20109  0  1  0  1  2  0  1  8  6  4  1 49 25 17 19144 16 81 4415002102117950240161840                
0222180605  0  0  0  7  0  0  0  0  0  0  0  0  0  0  0  7  0  0  0  3  0  0  0  0  0  0  0  1  0  0  0  3  0  0  0  3  0  0  0  4  0  0  0  3  0  0  0  0  0  0  0  2  0  0  0  3  0  0  0  2  0  0  0  2  0  0  0  1 19 24 16203  3  3  1 25  1  0  4 26 79 11 51431 22 41 43424  6  4  1 900160111963000025                    
0222180606  0  0  1  4  0  0  0  0  0  0  0  0  0  0  1  4  0  0  0  1  0  0  0  0  0  0  1  3  0  0  0  3  0  0  0  0  0  0  1  2  0  0  0  2  0  0  0  0  0  0  0  0  0  0  0  3  0  0  1  1  0  0  0  0  0  0  0  1 23 20 21133  2  4  2 16  5  4  2 36 12 13  7 66 38 38 30248 25 12 2513302101617000180171979                
0222180607  0  0  1  4  0  0  0  0  0  0  0  0  0  0  1  4  0  0  1  3  0  0  0  0  0  0  0  0  0  0  1  2  0  0  0  0  0  0  1  2  0  0  0  2  0  0  0  0  0  0  0  1  0  0  0  3  0  0  1  0  0  0  0  0  0  0  0  2 25 10 12118  1  1  2 14  0  0  0  1  0  0  0  0 21 15 13174  3  1  2 4301500818970240161840                
0222180608  0  0  0  3  0  0  0  0  0  0  0  0  0  0  0  3  0  0  0  2  0  0  0  1  0  0  0  0  0  0  0  2  0  0  0  0  0  0  0  3  0  0  0  0  0  0  0  0  0  0  0  0  0  0  0  1  0  0  0  2  0  0  0  0  0  0  0  0  7  3  2 49  0  0  0  7  0  0  0  1  0  0  0  3 17  8 14160  0  0  0  301801418700140111264                
0222180609  0  1  0  2  0  0  0  0  0  0  0  0  0  1  0  2  0  1  0  2  0  0  0  1  0  0  0  0  0  0  0  1  0  0  0  1  0  1  0  2  0  0  0  0  0  0  0  0  0  1  0  0  0  0  0  1  0  0  0  1  0  0  0  0  0  0  0  1 30 34 15133  6  0  1 16  3  8  6 32  9  2 11 47 17 24 27213 20 17 17 9902101918600070151600                
0222180610  0  0  1  3  0  0  0  0  0  0  0  0  0  0  1  3  0  0  1  1  0  0  0  0  0  0  0  1  0  0  1  1  0  0  0  0  0  0  1  3  0  0  0  0  0  0  0  0  0  0  1  1  0  0  0  1  0  0  0  1  0  0  0  0  0  0  0  0 14 23 23181  0  0  0  4  0  0  0  1  0  1  0  1 23 40 40359  0  0  1  300701317000030121200                
0222180611  0  0  0  3  0  0  0  0  0  0  0  0  0  0  0  2  0  0  0  2  0  0  0  0  0  0  0  0  0  0  0  2  0  0  0  0  0  0  0  1  0  0  0  1  0  0  0  0  0  0  0  1  0  0  0  0  0  0  0  2  0  0  0  0  0  0  0  1  6  7  6 68  0  0  0  0  0  0  0  2  0  0  0  0  7  3  4 72  1  2  1 1601901917500170181853                
0222180612  0  0  0  4  0  0  0  0  0  0  0  0  0  0  0  4  0  0  0  1  0  0  0  0  0  0  0  0  0  0  0  4  0  0  0  1  0  0  0  3  0  0  0  1  0  0  0  0  0  0  0  1  0  0  0  1  0  0  0  2  0  0  0  0  0  0  0  2 37 32 29127  4  1  3 12 15  9  6 37  6  4  5 14 15 23 16115  3  5  2 8102401618400030091200                
0222180613  0  3  1  6  0  0  0  0  0  0  0  0  0  3  1  6  0  1  1  4  0  0  1  1  0  1  0  0  0  2  1  6  0  0  1  0  0  3  1  5  0  0  0  1  0  0  0  0  0  1  0  2  0  0  0  2  0  2  1  2  0  0  0  0  0  2  0  0 12 24 25138  2  4  2 15  3  5  2 13  1  1  3  3 14 22  9164  2  8  4 2302001017900240161840                
0222180701  0  0  2 17  0  0  0  0  3  5  2  2  0  0  2 16  0  0  0  7  0  0  0  1  0  0  0  1  0  0  1 11  0  0  1  0  0  0  2 11  0  0  0  1  0  0  0  4  0  0  1  1  0  0  1 10  0  0  0  6  0  0  1  3  0  0  0  8  7 13 11140  3  4  0 38  2  0  2 39  0  0  1  2 11 33 18245  2  0  4 520080161549000000                    
0222180702  1  1  0 13  0  0  0  0  0  0  0  0  1  1  0 10  0  1  0  5  0  1  0  2  0  0  0  6  1  1  0  9  0  1  0  6  1  1  0  9  0  0  0  1  0  0  0  0  0  0  0  2  0  1  0  5  1  0  0  6  0  1  0  2  0  0  0  2  9  9  8 92  2  3  2 19  3  7  4 40  0  1  0  6  5  6  4 85  9  5  71760140131658011000                    
0222180703  1  1  0  0  0  0  0  0  0  0  0  0  1  1  0  0  0  0  0  0  0  0  0  0  0  0  0  0  0  0  0  0  0  0  0  0  1  1  0  0  0  0  0  0  0  0  0  0  1  0  0  0  0  1  0  0  0  0  0  0  0  0  0  0  1  1  0  0 25 20 15132  8  6  5 37  6  3  1  7  0  2  0  5 21 15 13174  1  1  0  00110211545000000                    
0222180704  1  0  0  4  0  0  0  0  0  0  0  0  1  0  0  2  0  0  0  0  0  0  0  0  0  0  0  1  1  0  0  2  1  0  0  4  1  0  0  2  0  0  0  0  0  0  0  0  1  0  0  2  0  0  0  1  0  0  0  1  0  0  0  2  0  0  0  1 18 12 10 98  8  6  4 30  2  0  0 15  4  3  0 19 17 24 27213  2  2  2 1101102115450180081500                
0222180705  1  0  0  7  0  0  0  0  0  0  0  0  1  0  0  3  0  0  0  0  0  0  0  0  0  0  0  0  0  0  0  0  0  0  0  0  0  0  0  2  0  0  0  1  1  0  0  0  0  0  0  3  0  0  0  1  1  0  0  3  0  0  0  1  0  0  0  3 15  7  4152  1  1  0 36  0  2  3 11  0  0  0  0 11  8  6123  3  4  910801901615530180081500                
0222180706  1  2  2  6  0  0  0  0  0  0  0  0  1  2  2  5  1  2  1  0  0  1  0  0  0  0  0  0  1  2  1  4  1  2  1  2  1  1  2  3  0  0  0  0  0  1  0  2  0  1  0  0  1  0  1  4  0  1  1  2  1  1  1  1  0  0  1  3 13 11 17 71  5  6  6 34  4  4  5 24  3  2  3  9 14 22  9164  1  2  2  601601515280100141629                
0222180707  1  0  0  5  0  0  0  0  0  0  0  0  1  0  0  4  1  0  0  1  0  0  0  0  0  0  0  0  1  0  0  4  0  0  0  0  1  0  0  3  0  0  0  0  0  0  0  1  1  0  0  2  0  0  0  2  0  0  0  1  0  0  0  0  0  0  0  3  3  1  0 33  0  0  0 12  0  0  0  0  0  0  0  5  1  1  3 59  1  0  3 2402101917180180081500                
0222180708  0  0  0  9  0  0  0  0  8  8 10 13  0  0  0  6  0  0  0  4  0  0  0  2  0  0  0  2  0  0  0  5  0  0  0  0  0  0  0  4  0  0  0  0  0  0  0  2  0  0  0  3  0  0  0  3  0  0  0  3  0  0  0  0  0  0  0  3  9  9 15129  1  2  5 37  1  0  3 40  0  0  0  0  3  5  5146  0  0  0  600501216720180171757                
0222180709  1  3  1  7  0  0  0  0  0  0  0  0  1  3  1  6  0  0  0  0  0  0  0  0  0  0  0  1  0  3  1  1  0  2  0  3  1  2  1  6  0  0  0  0  0  1  0  0  0  2  1  1  0  1  0  3  1  0  0  3  0  0  0  1  0  2  0  3  6  7  9 49  1  1  3 17  4  4  4 31  2  2  0 17 15 13 21253  2  4  1 4400301713690180171699                
0222180710  1  2  0  1  0  0  0  0  0  0  0  0  1  2  0  1  1  0  0  0  1  0  0  0  0  1  0  0  1  2  0  1  1  0  0  0  1  1  0  1  0  0  0  0  0  1  0  0  0  0  0  1  1  2  0  0  0  0  0  0  0  0  0  0  0  0  0  0  2  7  4 51  1  0  0  7  2  0  0  9  1  0  3 13  7  3  4 72  1  2  0  101301613900130051557                
0222180711  0  0  0  8  0  0  0  0  3  1  0  0  0  0  0  0  0  0  0  0  0  0  0  0  0  0  0  3  0  0  0  0  0  0  0  0  0  0  0  0  0  0  0  0  0  0  0  0  0  0  0  3  0  0  0  2  0  0  0  3  0  0  0  0  0  0  0  4  0  1  1  7  0  1  0  6  0  0  0  1  0  0  0  0  0  1  1 15  0  0  0  301001014110100141629                
0222180712  1  0  0  2  0  0  0  0  0  0  0  0  1  0  0  2  0  0  0  1  0  0  0  1  0  0  0  0  1  0  0  2  0  0  0  1  1  0  0  2  0  0  0  0  0  0  0  0  0  0  0  0  1  0  0  2  0  0  0  0  0  0  0  0  0  0  0  0 30 19 23137 12  8  8 50  6  1  2 17  3  2  4 15 38 24 23257  6  4  4 1900902114490130161600                
0222180713  1  3  0  9  0  0  0  0  0  0  0  0  1  3  0  8  1  0  0  0  0  0  0  0  0  0  0  0  1  1  0  4  0  0  0  0  1  2  0  3  0  1  0  3  0  0  0  2  0  0  0  2  1  0  0  2  0  3  0  5  0  1  0  1  1  0  0  2 15 17 13 74  5  4  5 28  6  3  4 17  0  0  0  0 15 23 16115  3  5  3 7900701116280180151502                
0222180714  1  2  1  3  0  0  0  0  0  0  0  0  1  2  1  3  0  0  0  1  0  0  0  0  0  0  0  0  0  2  1  3  1  1  0  0  1  2  1  3  0  0  0  0  0  0  0  0  0  1  1  1  0  0  0  2  1  1  0  0  0  0  0  0  1  0  0  1 16 16 10 64  0  1  0  4  4  6  4 19 28 27 23187 25 17 19144 97 98 8383600801716330140111482                
0222180801  1  0  0  2  0  0  0  0  0  0  0  0  1  0  0  2  0  0  0  0  0  0  0  0  0  0  0  1  1  0  0  0  1  0  0  2  0  0  0  2  1  0  0  0  0  0  0  0  1  0  0  1  0  0  0  1  0  0  0  0  0  0  0  0  1  0  0  1  2  2  3126  1  0  0  7  3  2  1 49  1  0  1  4  1  1  3 59 12 13 1313901501217260090071826                
0222180802  1  1  1  2  0  0  0  0  0  0  0  0  1  1  1  2  0  1  0  1  0  1  0  0  0  0  0  0  1  1  1  2  1  1  1  1  0  0  1  2  0  1  0  0  1  0  0  0  0  0  0  2  0  0  1  0  1  1  0  0  0  0  0  0  0  0  0  0 33 27 31259  0  2  1 24 10  5  9 69  1  1  1  1 21 15 13174  1  1  1  20160191879000019                    
0222180803  1  7  2 12  0  0  0  0  0  0  0  0  1  7  2 10  0  4  0  4  0  0  0  1  0  2  0  3  0  4  0  4  0  1  0  0  1  6  1  8  0  0  1  1  0  1  0  1  0  2  0  3  0  1  2  4  1  4  0  5  0  1  0  2  0  2  0  6 62 69 48226  6  6  5 11  0  1  0  1  0  1  0  0 15 23 16115  1  7  2 1201101116910130051604                
0222180804  1  0  0  4  0  0  0  0  0  0  0  0  0  0  0  3  0  0  0  1  0  0  0  0  0  0  0  0  0  0  0  3  0  0  0  1  0  0  0  2  0  0  0  1  0  0  0  0  0  0  0  3  1  0  0  1  0  0  0  0  0  0  0  0  0  0  0  1  8 11 24178  0  0  1  2  1  0  0  5  0  0  0  1  7  3  4 72  3  2  3 1801701417100110111406                
0222180805  1  0  1  2  0  0  0  0  0  0  0  0  1  0  1  2  1  0  1  2  0  0  0  0  0  0  0  1  1  0  1  2  0  0  0  0  0  0  1  2  1  0  0  0  0  0  0  0  1  0  1  1  0  0  0  1  0  0  0  0  1  0  0  1  0  0  1  2 18 40 42386  1  8  5 25  2  3  9 48 11 91 77160 22 41 43424  5  4  711701901917500110151691                
0222180806  1  1  3 33  0  0  0  0  0  0  0  0  1  1  3 32  0  1  1 18  0  0  0  1  0  0  1  9  1  1  3 16  0  1  0  4  0  0  2 25  1  0  1  6  0  1  0  1  0  0  1 13  1  0  2 10  0  1  0 10  0  0  1  2  0  0  0 10 30 28 29348  0  1  0  8  0  1  0 10  1  4  0 13 13 21 12203  4  6 1013401602516200130071447                
0222180807  1  1  0 14  0  0  0  0  0  0  0  0  1  1  0 11  1  0  0  7  0  0  0  1  0  0  0  2  0  0  0  5  1  0  0  8  0  1  0  7  1  0  0  3  0  0  0  1  1  0  0  3  0  0  0  8  0  1  0  3  0  0  0  2  0  0  0  1 17 23 21234  0  1  1 29  3  4  1 38  1  0  0 10 22 20 27244  8  9 1010101201316690180151477                
0222180808  1  2  3 11  0  0  0  0  0  0  0  0  0  1  2  3  0  1  2  0  0  0  2  0  0  0  1  2  0  1  2  1  0  0  0  0  0  1  1  3  0  0  1  0  0  0  0  0  0  0  0  2  0  1  1  2  0  1  1  4  0  1  2  2  1  0  1  5 40 34 31223  1  3  4 23  0  0  0  1  0  0  0  0 17 24 27213  3  6  2 1101402818000070161200                
0222180809  1  1  2  8  0  0  0  0  0  0  0  0  0  0  0  3  0  0  0  0  0  0  0  0  0  0  0  3  0  0  0  1  0  0  0  0  0  0  0  2  0  0  0  0  0  0  0  1  0  1  0  0  1  0  1  5  0  0  1  3  0  0  2  1  1  1  2  4  5  7  9179  0  0  0  7  0  0  0  2  0  0  0  2 10  6  7119 25 41 3834801100816980010161200                
0222180810  0  0  1 22  0  0  0  1  3  1  1  3  0  0  1 18  0  0  0  3  0  0  0  0  0  0  0  0  0  0  1 14  0  0  0  2  0  0  1 10  0  0  0  3  0  0  0  5  0  0  0  6  0  0  1  6  0  0  0  9  0  0  0  3  0  0  0  8  7 10 20230  1  2  4 13  1  0  1 39  4 18 10169 13 14 13193  3  1  313401201015510180171979                
0222180901  2  0  1 14  0  0  0  0  0  0  0  0  2  0  1 14  1  0  1  9  0  0  0  1  1  0  0  1  2  0  0 13  0  0  0  0  1  0  1 12  1  0  0  1  0  0  0  1  1  0  0  4  1  0  1  3  0  0  0  7  0  0  0  2  1  0  1  4 10  8 11173  0  0  1  6  0  0  1  5  0  0  0  0  7  3  4 72  3  2  1 2602401618400220101226                
0222180902  2  0  0  8  0  0  0  0  0  0  0  0  2  0  0  8  1  0  0  1  0  0  0  0  0  0  0  4  2  0  0  7  0  0  0  0  2  0  0  7  0  0  0  1  0  0  0  0  0  0  0  2  0  0  0  4  2  0  0  2  1  0  0  1  1  0  0  1 32 25 26288  1  9  4 41 10  5  9 69  1  1  2 21 21 15 13174 60 42 3024301801514770050002600                
0222180903  2  2  1  8  0  0  0  0  0  0  0  0  2  2  1  8  2  1  1  7  0  0  0  0  0  0  0  0  2  1  1  7  1  1  0  2  1  2  1  6  0  0  0  1  1  0  0  1  0  1  0  1  1  1  0  6  1  0  1  1  1  0  0  2  0  1  1  4 15 19 28276  3  2  1 20 10 14 11 75  9 15 10131  5  6  4 85 97 98 8383601101116910070081640                
0222180904  2  0  0  6  0  0  0  0  0  0  0  0  2  0  0  6  0  0  0  2  0  0  0  0  0  0  0  1  0  0  0  4  0  0  0  0  1  0  0  5  0  0  0  0  1  0  0  1  2  0  0  2  0  0  0  2  0  0  0  2  0  0  0  1  1  0  0  0 24 36 29307  4 11  3 50  2  3  0 22  0  0  0  0 22 20 27244  4  1  0 1801500818970100141754                
0222180905  2  4  2  8  0  0  0  0  0  0  0  0  2  4  2  8  2  3  1  5  1  0  1  2  0  2  1  0  2  3  2  6  1  1  0  3  2  4  2  7  0  0  0  1  0  0  0  0  1  1  0  0  0  2  0  5  1  1  2  3  1  1  1  2  1  1  1  2 28 30 15221 12  9  3 53  3  1  1 12  3  3  0 10 14 22  9164  3  6  8 4401301614520110131823                
0222180906  2  2  0  9  0  0  0  0  0  0  0  0  2  2  0  6  2  2  0  4  1  1  0  2  0  1  0  2  2  2  0  5  1  0  0  5  2  2  0  4  0  0  0  2  0  0  0  0  0  0  0  0  1  0  0  3  1  2  0  6  1  1  0  2  0  0  0  6 19 25 16257  3  4  1 50  2  1  0 13  3  3  0 45 13 14 13193 28 27 312140210161700000000                    
0222180907  2  1  1  5  0  0  0  0  0  0  0  0  2  1  1  4  1  1  1  2  0  0  0  0  0  0  0  0  1  1  1  3  0  0  0  1  2  0  1  4  0  1  0  0  0  0  0  0  1  1  0  1  0  0  0  2  1  0  1  2  0  0  0  0  0  0  1  2 49 48 37327  7  6  5 47  5  3  3 17 42 32 46254 31 38 30321 11  6  8 7501801514770160211828                
0222180908  2  5  3  5  0  0  0  0  0  0  0  0  2  5  3  5  2  3  2  4  1  1  0  2  0  2  0  1  2  4  2  4  1  2  0  2  2  4  2  3  0  1  0  2  0  0  1  0  0  2  2  0  0  2  1  1  2  1  0  4  0  1  1  2  0  0  1  2 64 44 33181 13  9  6 27 19 21 15 72 10 66 75 24 15 23 16115 29 19 131300220161600000005                    
0222180909  2  1  2 11  0  0  0  0  0  0  0  0  2  1  2 11  1  0  0  7  1  0  0  3  0  0  0  1  2  0  1  8  0  0  0  0  1  1  2 11  1  0  0  0  0  0  0  0  0  0  1  0  1  0  0  3  1  1  1  8  1  0  1  2  2  1  0  6 16 18 20187  1  1  0  5  3  5 11 54  6  5  3 21 25 17 19144  8 12  9 5701801514770030091200                
0222180910  2  5  3 12  0  0  0  0  0  0  0  0  2  5  3 12  2  4  3  7  0  0  1  2  0  0  0  0  1  4  2  9  0  0  0  0  2  5  2 10  0  0  0  2  0  0  1  0  0  2  1  6  1  3  0  3  1  0  2  3  1  1  1  1  2  3  1  5 23 16 26319  4  4  6 32  0  1  0  0  0  0  0  6 11  8  6123  3  5  4 2500801316640030101200                
0222180911  2  3  4  8  0  0  0  0  0  0  0  0  1  2  4  7  1  1  3  4  0  1  0  1  0  0  0  1  1  1  4  4  0  0  0  0  0  1  4  5  1  0  0  2  0  1  0  0  0  1  0  1  1  0  2  4  1  2  2  3  0  1  1  0  2  2  1  2 22 24 29254  3  5  4 39  5  6  8 49  1  3  3  9 38 38 30248  2  5 10 3402101815240100071825                
0222180912  2  0  0  4  0  0  0  0  0  0  0  0  2  0  0  4  1  0  0  1  0  0  0  0  0  0  0  0  2  0  0  2  0  0  0  0  1  0  0  4  1  0  0  0  0  0  0  0  0  0  0  1  0  0  0  2  2  0  0  1  1  0  0  1  0  0  0  1 39 46 31363  4  2  1 11  2  3  2 40  3  7  5 66 23 40 40359  2  0  1 140180151477000012                    
0222180913  2  1  2  5  0  0  0  0  0  0  0  0  2  1  2  5  2  0  1  4  0  0  0  2  0  0  0  2  2  1  1  4  0  0  0  0  2  1  2  5  0  0  0  0  0  0  0  0  0  0  1  2  1  1  0  1  1  0  1  2  0  0  1  1  0  0  1  2 28 34 34404  0  2  0 12  0  0  0  1  0  1  1  7 13 21 12203 18 23 1813801701417100100101797                
0222180914  2  5  3  3  0  0  0  0  0  0  0  0  0  4  2  2  0  2  0  2  0  2  0  1  0  0  0  0  0  4  1  2  0  0  0  0  0  3  0  2  0  1  1  0  0  0  1  0  0  1  1  0  1  2  1  1  1  2  1  2  0  2  0  1  0  0  1  1 15 12  8119  3  2  1 26  3  2  1 16 12  8 12147 17  8 14160 97 98 8383601001013900120061316                
0222180915  2  3  2  9  0  0  0  0  0  0  0  0  0  2  1  7  0  2  1  6  0  1  0  0  1  0  1  2  0  2  0  4  0  1  0  0  0  2  1  6  0  0  0  0  0  0  0  1  0  0  0  1  0  0  0  4  2  3  2  4  1  0  0  1  2  0  2  3 32 27 23198  7  8  5 37  5  2  6 30  7  3  2 16 17 24 27213 14 16 1414501301315000130091676                
0222180916  2  0  1  2  0  0  0  0  0  0  0  0  2  0  1  2  1  0  0  1  0  0  0  0  1  0  0  0  0  0  0  1  2  0  1  0  2  0  1  2  0  0  0  0  0  0  0  0  0  0  0  1  2  0  0  0  0  0  1  1  0  0  0  1  1  0  1  1 10 10  6121  0  0  0 14  5  1  1 25  2  0  1  2  1  1  3 59  4  1  4 340140171540000000                    
0222181001  2  0  2 14  0  0  0  0  0  0  0  0  2  0  2 13  2  0  1  7  0  0  1  2  0  0  0  1  2  0  1 11  0  0  0  0  2  0  1 10  0  0  0  2  0  0  1  1  1  0  0  4  0  0  1  5  1  0  1  5  2  0  1  2  1  0  1  6 30 19 23137 12  8  8 50  8  4  3 32  1  0  0  0 38 24 23257  3  0  2 2600901513820130071441                
0222181002  2  5  1 18  0  0  0  0  0  0  0  0  2  5  1 18  0  0  0  2  0  0  0  1  1  2  0  3  0  3  1 13  0  0  0  1  1  3  1 12  1  1  0  2  0  1  0  4  1  2  0  7  0  0  1  9  1  3  0  2  1  0  0  0  0  2  1  9 19 16 18140  1  0  0  8  3  3  2 28  0  0  1  1 23 40 40359 10 19 181930060131525000000                    
0222181003  2  3  2  6  0  0  0  0  0  0  0  0  2  3  1  4  0  1  0  2  0  1  0  2  0  0  0  1  1  2  0  2  0  0  0  1  2  2  1  3  0  0  0  0  0  1  0  1  2  0  2  1  0  2  0  2  0  1  0  3  0  2  1  2  0  3  1  2 25 20 15132  8  6  5 37  1  1  0  6  1  0  1  7 21 15 13174  2  3  2  601601916700210191718                
0222181004  2  1  2  8  0  0  0  0  0  0  0  0  2  1  2  8  0  1  1  1  0  0  0  1  0  0  0  0  1  1  2  4  0  1  1  1  2  1  2  6  0  0  0  0  0  0  0  2  1  0  0  3  1  1  1  4  0  0  1  1  0  0  1  1  0  0  1  0 21 17 21172  4  5  4 40  5  5  2 24  1  1  1  4 22 20 27244  9  4  3 6201401316580100071592                
0222181005  1  3  2  6  0  0  0  0  5  1  0  0  1  3  2  6  1  3  1  3  1  1  1  1  0  2  1  3  1  3  1  3  1  3  2  6  1  2  2  5  0  1  0  0  0  0  0  1  0  0  1  2  1  2  1  2  0  1  0  2  0  3  1  2  0  1  1  4  3  6  3 43  1  3  2  8  1  3  2 16 26 34 29428  2  9  4 80  1  3  2 1300401714940000171400                
0222181006  2  1  1 18  0  1  0  1  0  0  0  0  2  1  1 18  2  1  1  8  0  0  1  0  0  1  0  3  2  1  1 13  0  0  1  3  1  1  1 11  0  0  0  3  1  0  0  4  0  0  0  5  1  1  1  7  1  0  0  6  1  1  0  2  0  0  1  4  8 28 20247  0 11  8 61  1  0  2  7  2  4  4 51 22 41 43424  0  0  1 1001101516210110101617                
0222181007  2  3  1  8  0  0  0  1  0  0  0  0  2  3  1  8  1  1  1  3  0  0  1  1  0  1  0  2  1  2  1  6  2  0  1  3  1  2  1  3  0  0  0  2  1  1  0  3  0  1  0  1  1  2  0  2  1  0  1  5  1  0  1  0  1  0  0  2 15 17 13 74  5  4  5 28 15  9  6 37 14 12 11 59 15 23 16115  9  9  4 900090211449000000                    
0222181008  1  2  1  9  0  0  0  0  0  0  0  0  1  1  1  4  0  0  1  1  0  0  0  1  0  0  0  3  1  0  1  1  0  0  0  0  0  1  1  3  0  0  0  0  1  0  0  1  0  2  0  3  1  0  0  4  0  0  1  2  1  0  0  2  0  0  0  4  3  1  0 33  0  0  0 12  0  0  0  6  0  0  0  0  1  1  3 59  1  2  1 3101201213820120131530                
0222181009  1  1  0  3  0  0  0  0  3  1  0  1  1  1  0  3  1  1  0  1  0  0  0  0  0  0  0  1  1  1  0  3  0  0  0  0  1  1  0  2  0  0  0  0  0  0  0  1  0  0  0  1  0  1  0  1  1  0  0  1  0  0  0  0  0  1  0  1 34 27 28182  7  5 10 45  2  4  3  3  1  1  3  8 31 38 30321  3  1  5  601401316580160161691                
0222181010  1  0  0  2  1  0  0  0  0  0  0  0  1  0  0  2  1  0  0  0  1  0  0  0  0  0  0  1  1  0  0  0  1  0  0  0  1  0  0  2  0  0  0  0  0  0  0  0  0  0  0  1  1  0  0  0  0  0  0  1  0  0  0  0  0  0  0  1  9 15 11148  1  2  0  7  2  3  0 12  1  0  0  0 13 21 12203  5  5  2 4800201816270180091500                
0222181101  4  6  1 21  0  0  0  0  0  0  0  0  4  6  1 20  1  1  0  1  0  0  0  0  0  1  0  1  2  3  1  8  0  1  0  5  4  5  1 18  0  1  0  2  0  0  0  0  2  1  0 11  0  2  0  6  2  3  1  4  1  2  0  4  1  3  0  7  3  4  4 84  1  0  0  5  6  6  1 45  2  2  0 11  2  9  4 80 78 57 4033602401618400210191860                
0222181102  3  5  2 17  0  0  0  0  0  0  0  0  3  5  2 17  2  1  0  5  0  0  0  0  1  1  0  2  3  5  1 10  0  0  0  0  2  5  1 14  1  0  0  2  0  0  1  1  1  3  0  8  1  1  0  6  1  1  2  3  0  1  1  4  1  2  2  3 30 28 29348  0  1  0  8  1  0  0  4  3  2  0 13 13 21 12203 21 30 291340180171889000000                    
0222181103  2  1  0 10  0  0  0  0  0  0  0  0  2  1  0 10  1  0  0  3  0  0  0  0  0  0  0  1  1  0  0  7  0  0  0  2  2  1  0  6  0  0  0  3  0  0  0  1  2  0  0  7  0  0  0  0  0  1  0  3  1  0  0  1  1  0  0  5 12 16 18218  0  0  0  0 10 14 16129  5  5  3 37  8 15 13210  4  4  2 1401601918790210191860                
0222181104  4  0  2 12  0  0  0  0  0  0  0  0  4  0  2 11  0  0  1  1  0  0  1  0  2  0  1  4  3  0  2  8  0  0  0  0  4  0  1  6  0  0  1  4  0  0  0  1  2  0  0  6  1  0  2  3  1  0  0  3  1  0  1  1  2  0  1  4 18 40 42386  1  8  5 25  2  0  5 33  0  0  0  0 22 41 43424  6  4  8 540150161687000000                    
0222181105  2  1  0  7  0  0  0  0  0  0  0  0  2  1  0  7  0  0  0  0  0  0  0  0  0  1  0  1  1  0  0  2  1  0  0  1  1  1  0  6  0  0  0  1  1  0  0  0  1  0  0  0  1  0  0  0  0  1  0  7  0  0  0  1  0  0  0  2  7 10 11129  0  0  0  9  1  3  5 23  1  1  4 59 17  8 14160 42 32 3218002401618400320071608                
0222181106  4  7  8 18  0  0  0  0  0  0  0  0  4  7  8 18  1  3  2  5  0  0  0  0  1  1  0  5  4  4  7 13  0  0  2  2  3  6  7 12  1  0  0  3  0  1  1  3  2  4  1 10  1  2  3  4  1  1  4  4  2  2  2  4  1  2  3  5 63 59 40300  5  4  3 32 27 21 28255 17 13 14 76 38 24 23257 17 29 251500160161778000006                    
0222181107  4  0  4 12  0  0  0  0  0  0  0  0  4  0  4 11  2  0  2  5  0  0  0  1  1  0  0  2  3  0  3  8  1  0  1  3  4  0  3  9  0  0  1  0  0  0  0  2  1  0  1  6  1  0  3  5  2  0  0  1  1  0  1  2  1  0  3  2 53 33 34231  8  5  4 24  6  4 10 26 36 28 25161 14 22  9164 32 26 2912102101815240030002000                
0222181108  4  2  0 11  0  0  1  0  0  0  0  0  0  0  0  0  0  0  0  0  0  0  0  0  0  0  0  2  0  0  0  0  2  1  0  2  0  0  0  0  0  0  0  0  0  0  0  0  2  1  0  1  1  1  0  4  1  0  0  6  2  2  0  1  2  2  0  4 67 50 40288  6  2  3 25  5  3  3 17  2  1  0  2 31 38 30321  8  3  1 4701601918790100051400                
0222181109  2  1  1  8  0  0  0  0  0  0  0  0  2  1  1  8  0  1  0  3  0  0  0  0  1  1  0  2  1  1  1  8  1  0  0  3  1  0  1  6  1  1  0  1  0  0  0  1  0  0  0  2  2  1  1  3  0  0  0  3  1  1  1  1  1  0  0  3 17 23 21234  0  1  1 29  2  0  1 15  3  0  0  4 22 20 27244 10  9 14 670200101790000000                    
0222181110  4  5  3  3  0  0  0  0  0  0  0  0  4  5  3  3  3  1  2  0  1  0  0  0  0  0  0  2  2  3  1  1  0  0  0  0  3  4  3  3  1  0  0  0  0  1  0  0  2  1  2  1  1  3  1  2  1  1  0  0  2  2  1  0  1  0  0  1 33 27 31259  0  2  1 24  1  0  0  5  5  0  0 13 21 15 13174 20 11 15 610160251620000000                    
0222181111  1  4  0 16  0  0  0  0  0  0  0  0  1  4  0 15  0  0  0  3  0  0  0  0  0  0  0  1  0  2  0  7  0  0  0  1  1  3  0 11  0  1  0  2  0  0  0  2  1  1  0  4  0  2  0  9  0  1  0  3  0  0  0  5  0  1  0  5 62 69 48226  6  6  5 11  1  0  1  2  1  1  1  9 15 23 16115  0  0  1  302101918600240161840                
0222181112  3  0  0 10  0  0  0  0  0  0  0  0  3  0  0 10  1  0  0  2  0  0  0  0  0  0  0  3  1  0  0  6  0  0  0  0  1  0  0 10  1  0  0  0  1  0  0  0  2  0  0  5  1  0  0  1  0  0  0  4  1  0  0  0  0  0  0  0  2  9  8169  0  0  2 13  4  5  9143  3  6  7142  8 13 12222  3  0  0 190090081397000043                    
0222181201  1  0  0  9  0  0  0  1  0  0  0  0  1  0  0  8  1  0  0  6  0  0  0  4  0  0  0  2  1  0  0  8  0  0  0  0  0  0  0  6  0  0  0  1  1  0  0  1  1  0  0  1  0  0  0  6  0  0  0  2  1  0  0  5  0  0  0  3  1  0  0  2  1  0  0  2  0  0  1  9  0  0  0  0  0  1  1 15  2  1  1 4300101612620000151350                
0222181202  1  2  0  7  0  0  0  0  0  0  0  0  1  2  0  7  1  0  0  0  1  0  0  0  0  0  0  0  1  2  0  5  1  0  0  0  1  1  0  7  0  0  0  0  0  1  0  0  0  0  0  4  1  2  0  2  0  0  0  1  0  0  0  2  1  1  0  2  9 10 11 68  3  3  2 15  6  4  1 16  4  8  6 47 31 38 30321  2  3  2 2000801815170030121533                
0222181203  1  1  1  5  0  0  0  0  0  0  0  0  1  0  0  1  0  0  0  1  0  0  0  1  0  0  0  2  1  0  0  1  1  0  0  1  0  0  0  1  0  0  0  0  1  0  0  0  0  1  1  1  1  0  0  2  0  0  0  2  0  1  0  0  0  1  0  1 12  4  4 55  5  1  4 13  5  5  2 16  3  4  3 25 38 24 23257 18 26 2325500901114190000051421                
0222181204  1  1  1 14  0  0  0  0  0  0  0  0  1  1  1 10  1  1  0  7  0  0  0  2  0  0  0  3  1  1  1  9  0  0  0  0  0  1  1  7  1  0  0  1  0  0  0  2  0  0  0  3  0  1  1  6  1  0  0  5  0  1  0  3  0  0  0  3  1  8  3 27  1  0  2  5  0  0  0  4  0  0  0  7  7  3  4 72  3  6  2 3401601916700210191718                
0222181205  1  1  0 14  0  0  0  1  0  0  0  0  1  1  0 11  0  1  0  5  0  0  0  3  0  0  0  0  0  1  0  6  0  0  0  3  1  0  0  8  0  1  0  1  0  0  0  2  0  0  0  3  0  1  0  4  1  0  0  7  1  0  0  3  0  0  0 12  9  9  8 60  2  0  0 19  0  0  0 12  0  0  0  4 22 20 27244  1  1  0 200130161464010000                    
0222181206  1  0  1  9  0  0  0  0  0  0  0  0  1  0  0  5  0  0  0  0  0  0  0  0  0  0  0  0  1  0  0  4  0  0  0  1  1  0  0  2  0  0  0  2  0  0  0  1  0  0  1  1  1  0  0  6  0  0  0  2  0  0  1  3  1  0  0  3  3  0  2 24  1  0  1 12  0  0  0  2  0  0  0  7  1  1  3 59  6 10 10 9102002214080130161600                
0222181207  1  3  2  9  0  0  0  1  0  0  0  0  1  3  2  8  1  2  1  3  0  1  0  1  0  1  2  1  1  2  2  8  0  0  0  0  0  1  2  6  0  1  0  1  1  1  0  1  0  0  1  2  0  2  1  6  1  1  0  1  0  1  0  0  0  1  1  1  7  4  5 22  4  3  2 10  0  0  1  9  0  0  2 14 14 22  9164  3  5  4 3501201310500030091888                
0222181208  0  1  0  3  0  0  0  0  2  1  0  0  0  0  0  1  0  0  0  0  0  0  0  0  0  0  0  1  0  0  0  0  0  0  0  0  0  0  0  1  0  0  0  0  0  0  0  0  0  0  0  1  0  1  0  1  0  0  0  1  0  1  0  2  0  1  0  0 10  8  7 88  3  2  2 28  4  0  1 18  0  0  0  0 11  8  6123  3  5  0 2401801515020210191718                
0222181209  1  1  0 15  0  0  0  0  0  0  0  0  1  1  0 15  1  0  0  1  1  0  0  0  0  1  0  1  1  0  0  5  1  0  0  2  1  0  0 11  0  0  0  2  0  1  0  2  0  0  0  6  0  1  0  5  1  0  0  4  1  0  0  1  0  1  0  7  7  5  5 65  4  0  0 11  1  1  0  8  1  0  0  5 10  6  7119  1  3  3 2600701116280110131673                
0222181210  1  3  1  3  0  0  0  0  0  0  0  0  1  2  0  1  0  1  0  0  0  1  0  0  0  1  1  0  1  2  0  0  1  2  0  0  1  1  0  0  0  1  0  0  0  0  0  1  0  0  0  0  1  1  1  0  0  2  0  3  0  0  1  2  1  0  0  0 10  8  6 51  0  1  1  1  2  5  7 38  2  5  0 32 23 40 40359 17 15 1515701102115450100101687                
0222181211  1  0  0  6  0  0  0  0  0  0  0  0  1  0  0  1  1  0  0  0  0  0  0  0  1  0  0  0  1  0  0  1  1  0  0  0  1  0  0  1  0  0  0  0  0  0  0  0  0  0  0  1  0  0  0  4  1  0  0  1  0  0  0  3  0  0  0  0 12 10 11107  3  5  2 33  0  0  0  3  1  2  2 15 22 41 43424  0  0  0  202002214080030091888                
0222181212  0  2  0  8  0  0  0  0  4  0  0  1  0  2  0  8  0  1  0  2  0  1  0  0  0  0  0  2  0  2  0  6  0  1  0  4  0  1  0  5  0  0  0  1  0  1  0  2  0  0  0  2  0  1  0  3  0  1  0  3  0  0  0  2  0  1  0  3  7  5  7 42  1  1  2  7  0  1  1 14  0  1  1 10  5  6  4 85 16 81 4415000101612620200081584                
0322220101  0  0  1  0  0  0  0  0  0  0  0  0  0  0  1  0  0  0  0  0  0  0  0  0  0  0  0  0  0  0  0  0  0  0  1  0  0  0  1  0  0  0  0  0  0  0  0  0  0  0  1  0  0  0  0  0  0  0  0  0  0  0  0  0  0  0  0  0  3  6  2 63  0  0  0  4  0  0  1  3  5  9 13225  3  4 10118  8  4 101140160251620000000                    
0322220102  0  0  0  1  0  0  0  0  0  0  0  0  0  0  0  1  0  0  0  0  0  0  0  0  0  0  0  0  0  0  0  0  0  0  0  1  0  0  0  1  0  0  0  0  0  0  0  0  0  0  0  1  0  0  0  0  0  0  0  0  0  0  0  0  0  0  0  1  0  0  0 48  0  0  0  1 12  7 12345 12 10 14324  0  4  0 71  1  5  7 5201201214080060071200                
0322220103  0  0  0  1  0  0  0  0  0  0  0  0  0  0  0  1  0  0  0  0  0  0  0  0  0  0  0  0  0  0  0  0  0  0  0  0  0  0  0  1  0  0  0  0  0  0  0  0  0  0  0  1  0  0  0  0  0  0  0  0  0  0  0  0  0  0  0  1 38 28 29239  2  1  0 13  0  2  1 10  0  0  0  1 30 21 27253  0  0  0  101001417540130161572                
0322220104  0  0  0  1  0  0  0  0  0  0  0  0  0  0  0  1  0  0  0  1  0  0  0  0  0  0  0  0  0  0  0  0  0  0  0  0  0  0  0  1  0  0  0  0  0  0  0  0  0  0  0  1  0  0  0  0  0  0  0  0  0  0  0  0  0  0  0  0 32 37 44434  2  3  2 33  2  0  3 12  0  0  0  1 19 25 27221  0  0  0 17000000    0160161778                
0322220105  0  0  1  0  0  0  0  0  0  0  0  0  0  0  1  0  0  0  1  0  0  0  0  0  0  0  0  0  0  0  0  0  0  0  1  0  0  0  1  0  0  0  0  0  0  0  0  0  0  0  1  0  0  0  0  0  0  0  0  0  0  0  0  0  0  0  0  0 12 33 34327  3  5  8 22  2  8  9 79 17 11 96230 12 20 25329 13 14 1722101601119630030091200                
0322220106  0  1  0  0  0  0  0  0  0  0  0  0  0  1  0  0  0  0  0  0  0  0  0  0  0  0  0  0  0  0  0  0  0  1  0  0  0  1  0  0  0  0  0  0  0  0  0  0  0  1  0  0  0  0  0  0  0  0  0  0  0  0  0  0  0  0  0  0 56 42 47216  3  1  1 10  5  6  5 18 10  9  8 21 28 35 26144  3  6  2 1401101116910110081778                
0322220107  0  0  0  1  0  0  0  0  0  0  0  0  0  0  0  1  0  0  0  0  0  0  0  0  0  0  0  0  0  0  0  0  0  0  0  1  0  0  0  1  0  0  0  0  0  0  0  0  0  0  0  1  0  0  0  0  0  0  0  0  0  0  0  0  0  0  0  0  1  6 13144  0  0  0 13  1  1  0 16 23 27 39679  7  6  3125  1  3  0 50000000    0110111691                
0322220108  0  0  0  1  0  0  0  0  0  0  0  0  0  0  0  0  0  0  0  0  0  0  0  0  0  0  0  0  0  0  0  0  0  0  0  0  0  0  0  0  0  0  0  0  0  0  0  0  0  0  0  1  0  0  0  0  0  0  0  0  0  0  0  0  0  0  0  1 30 35 31349  2  4  1 20 11 11 11110  2  2  2 10 31 23 27292  9  6  5 9601501417550090101227                
0322220201  0  0  0  2  0  0  0  0  0  0  0  0  0  0  0  1  0  0  0  0  0  0  0  0  0  0  0  0  0  0  0  1  0  0  0  2  0  0  0  0  0  0  0  1  0  0  0  0  0  0  0  2  0  0  0  0  0  0  0  0  0  0  0  0  0  0  0  1  5  2 13125  0  0  2 19  2  7  4 80  0  0  0  2  5  4  6111  0  0  1 1001201316690240161840                
0322220202  0  0  0  3  0  0  0  0  0  0  0  0  0  0  0  0  0  0  0  0  0  0  0  0  0  0  0  0  0  0  0  0  0  0  0  0  0  0  0  0  0  0  0  0  0  0  0  0  0  0  0  1  0  0  0  1  0  0  0  1  0  0  0  0  0  0  0  2  2  0  0 22  0  0  0  5  1  1  0 16  0  0  0  0  1  0  1 14  1  1  0 320130101657000000                    
0322220203  0  0  0  6  0  0  0  0  0  0  0  0  0  0  0  1  0  0  0  0  0  0  0  0  0  0  0  1  0  0  0  0  0  0  0  0  0  0  0  1  0  0  0  0  0  0  0  0  0  0  0  3  0  0  0  1  0  0  0  2  0  0  0  1  0  0  0  4 31 29 19360  6  2  2 60  0  0  0 18  0  0  0  0  8 10  5201  1  0  1 3900100916000070061333                
0322220204  0  0  0  4  0  0  0  0  0  0  0  0  0  0  0  4  0  0  0  4  0  0  0  1  0  0  0  2  0  0  0  2  0  0  0  2  0  0  0  4  0  0  0  0  0  0  0  0  0  0  0  2  0  0  0  2  0  0  0  0  0  0  0  2  0  0  0  1 20 24 27267  2  4  2 35 49 66 81731  3  4  5 48 23 29 37484 17 16 1114201400912500100141754                
0322220205  0  0  0  3  0  0  0  0  0  0  0  0  0  0  0  1  0  0  0  0  0  0  0  0  0  0  0  1  0  0  0  0  0  0  0  1  0  0  0  0  0  0  0  0  0  0  0  1  0  0  0  0  0  0  0  1  0  0  0  2  0  0  0  0  0  0  0  2  0  0  0  7  0  0  0  0  0  0  0  1  0  0  0  1  0  0  0  6  1  1  1 1501001114290070091320                
0322220206  0  0  0  4  0  0  0  0  0  0  0  0  0  0  0  2  0  0  0  0  0  0  0  0  0  0  0  0  0  0  0  0  0  0  0  0  0  0  0  1  0  0  0  1  0  0  0  0  0  0  0  0  0  0  0  2  0  0  0  2  0  0  0  1  0  0  0  0 22 15 22278  2  0  4 33  0  0  0  3  3  1  4 43 11 11  8388  0  0  0  40140171540000017                    
0322220207  0  0  0  5  0  0  0  0  0  0  0  0  0  0  0  3  0  0  0  0  0  0  0  0  0  0  0  0  0  0  0  0  0  0  0  0  0  0  0  3  0  0  0  0  0  0  0  0  0  0  0  3  0  0  0  2  0  0  0  0  0  0  0  0  0  0  0  1 48 43 55332  1  1  0  1  1  1  1  6  0  1  0  5 22 21 18156 14 10 121410130071447000000                    
0322220208  0  1  2  3  0  0  0  0  0  0  0  0  0  1  2  3  0  0  0  0  0  0  0  0  0  1  0  0  0  0  0  2  0  1  1  0  0  1  2  3  0  0  0  0  0  0  0  0  0  0  1  1  0  0  1  1  0  1  0  1  0  0  0  1  0  0  2  0 29 35 21166  4  7  5 19  2  1  3 12  0  1  1  1 43 28 29181  0  1  2  301101116910130051604                
0322220209  0  0  0  2  0  0  0  0  0  0  0  0  0  0  0  1  0  0  0  0  0  0  0  0  0  0  0  0  0  0  0  0  0  0  0  0  0  0  0  1  0  0  0  0  0  0  0  0  0  0  0  2  0  0  0  0  0  0  0  0  0  0  0  0  0  0  0  1 19 15 28345  2  3  3 48  1  1  1 21  4  3  4 62  6 12 16234  2  3  3 270090081397000000                    
0322220210  0  0  0  2  0  0  0  0  0  0  0  0  0  0  0  0  0  0  0  0  0  0  0  0  0  0  0  0  0  0  0  0  0  0  0  1  0  0  0  0  0  0  0  0  0  0  0  0  0  0  0  1  0  0  0  1  0  0  0  0  0  0  0  0  0  0  0  0  1  0  0 26  1  0  0  7  0  0  0 11  0  0  0  1  2  1  2 63  0  0  0  201201316690110081778                
0322220211  0  0  0  5  0  0  0  0  0  0  0  0  0  0  0  0  0  0  0  0  0  0  0  0  0  0  0  0  0  0  0  0  0  0  0  4  0  0  0  0  0  0  0  0  0  0  0  0  0  0  0  3  0  0  0  1  0  0  0  1  0  0  0  0  0  0  0  0 13 14 20255  4  5  2 38  4  4  1 74  0  0  0  9 12 20 25329  0  0  0 2201101314190060001900                
0322220212  0  0  2  5  0  0  0  0  0  0  0  0  0  0  2  3  0  0  2  1  0  0  1  0  0  0  0  1  0  0  1  0  0  0  2  2  0  0  2  2  0  0  0  1  0  0  0  0  0  0  1  1  0  0  1  2  0  0  0  2  0  0  0  0  0  0  0  3  8 12 14270  2  1  3 33  5 10 12179  1  1  2 15  3  2  6115 27 32 414930130161394000000                    
0322220213  0  0  0  1  0  0  0  0  0  0  0  0  0  0  0  0  0  0  0  0  0  0  0  0  0  0  0  0  0  0  0  0  0  0  0  1  0  0  0  0  0  0  0  0  0  0  0  0  0  0  0  1  0  0  0  0  0  0  0  0  0  0  0  0  0  0  0  0  9  9 14258  1  1  2 32  7  9 12178  0  0  1 13  7 16 16270  5  2 10 7501400912500100151297                
0322220214  0  0  0  9  0  0  0  1  0  0  0  0  0  0  0  8  0  0  0  3  0  0  0  1  0  0  0  1  0  0  0  6  0  0  0  0  0  0  0  7  0  0  0  1  0  0  0  0  0  0  0  4  0  0  0  3  0  0  0  2  0  0  0  5  0  0  0  1 24 25 15248  2  3  1 15  3  6  4 48  0  0  1  0 15 25 16276  6  7  5 7001101116910180171889                
0322220215  0  0  0  4  0  0  0  0  0  0  0  0  0  0  0  3  0  0  0  0  0  0  0  0  0  0  0  0  0  0  0  1  0  0  0  2  0  0  0  3  0  0  0  0  0  0  0  0  0  0  0  0  0  0  0  4  0  0  0  0  0  0  0  0  0  0  0  1 11 14 10137  0  3  1 13  1  2  1 14  0  0  0  4  6  5  9130  1  0  1 2501601119630180081840                
0322220216                                                                                                                                                                                                             16 12 12234  2  0  4 27  2  5  6 59  0  0  0  0  4  4  3 87  0  0  0  002001514820080171356                
0322220301  0  0  0  4  0  0  0  0  0  0  0  0  0  0  0  4  0  0  0  1  0  0  0  1  0  0  0  1  0  0  0  2  0  0  0  2  0  0  0  1  0  0  0  1  0  0  0  2  0  0  0  1  0  0  0  2  0  0  0  1  0  0  0  2  0  0  0  0  1  0  0 17  1  0  0 17 16 15 26223  0  1  1  9  3  4 10118 12  7  3 7600902114490180081500                
0322220302  0  1  1  3  0  0  0  0  0  0  0  0  0  1  1  3  0  0  0  1  0  0  0  1  0  0  1  0  0  0  1  3  0  1  0  0  0  1  1  0  0  0  0  2  0  0  0  1  0  1  1  0  0  0  0  2  0  0  0  1  0  0  0  0  0  1  1  1  0  1  0  5  0  1  0  5  1  3  3 17  0  0  0  0 17 24 26201  0  0  0  200501613720180151502                
0322220303  0  0  0  3  0  0  0  0  0  0  0  0  0  0  0  2  0  0  0  0  0  0  0  0  0  0  0  1  0  0  0  2  0  0  0  0  0  0  0  2  0  0  0  0  0  0  0  0  0  0  0  2  0  0  0  0  0  0  0  1  0  0  0  1  0  0  0  2  0  0  0  2  0  0  0  2  0  0  1  5  1  0  0  0  2  1  2 63 19 20 1813700801214890090061400                
0322220304  0  1  1  3  0  0  0  0  0  0  0  0  0  1  1  3  0  1  0  1  0  1  0  1  0  0  0  0  0  1  0  2  0  0  0  0  0  0  0  2  0  0  0  0  0  1  1  1  0  0  0  1  0  0  0  0  0  1  1  2  0  0  0  0  0  1  0  0  0  0  2 12  0  0  2 12  0  0  0  9  0  0  0  0  6  5  9130  1  5  2 4500001511750090061400                
0322220305  0  0  0  4  0  0  0  0  0  0  0  0  0  0  0  2  0  0  0  0  0  0  0  0  0  0  0  0  0  0  0  1  0  0  0  0  0  0  0  1  0  0  0  0  0  0  0  1  0  0  0  2  0  0  0  1  0  0  0  1  0  0  0  1  0  0  0  2  4  2  2 16  4  2  2 16  3  2  3 19  2  7  5 31 43 28 29181  0  0  0  402101615050100071592                
0322220306  0  0  2  3  0  0  0  0  0  0  0  0  0  0  2  3  0  0  0  0  0  0  0  0  0  0  0  0  0  0  1  0  0  0  0  0  0  0  1  2  0  0  1  1  0  0  0  0  0  0  1  1  0  0  0  0  0  0  1  2  0  0  0  0  0  0  0  0  0  2  1 15  0  2  1 15  4  5  8 37  0  0  0  0 15 25 16276  0  0  2  600801815170070151360                
0322220307  0  0  0  1  0  0  0  0  0  0  0  0  0  0  0  1  0  0  0  0  0  0  0  0  0  0  0  0  0  0  0  1  0  0  0  0  0  0  0  1  0  0  0  0  0  0  0  0  0  0  0  1  0  0  0  0  0  0  0  0  0  0  0  0  0  0  0  0  1  1  4 42  1  1  4 42  0  0  1 12  0  0  0  0  6 12 16234  0  0  0  700801415000130071441                
0322220308  0  0  0  5  0  0  0  0  0  0  0  0  0  0  0  1  0  0  0  0  0  0  0  0  0  0  0  0  0  0  0  0  0  0  0  0  0  0  0  0  0  0  0  1  0  0  0  0  0  0  0  2  0  0  0  0  0  0  0  3  0  0  0  3  0  0  0  1  0  0  0 17  0  0  0 17  0  0  0  2  0  0  0  0  5  8  6168  0  0  0  101601515280100061454                
0322220309                                                                                                                                                                                                              1  2  0  9  1  2  0  9 58 27 24233  7  3  6 37 30 21 27253  2  1  2  202302115200220101557                
0322220310  0  1  0  2  0  0  0  0  0  0  0  0  0  0  0  0  0  0  0  0  0  0  0  0  0  0  0  0  0  0  0  0  0  1  0  1  0  0  0  0  0  0  0  0  0  0  0  0  0  0  0  1  0  0  0  0  0  1  0  1  0  1  0  0  0  0  0  1  1  2  0 16  1  2  0 16  2  2  3 46  7  2  5127  7 16 16270  0  2  2 3701201714140080161549                
0322220311  0  0  0  4  0  0  0  1  0  0  0  0  0  0  0  3  0  0  0  2  0  0  0  2  0  0  0  0  0  0  0  3  0  0  0  0  0  0  0  2  0  0  0  0  0  0  0  1  0  0  0  1  0  0  0  2  0  0  0  1  0  0  0  1  0  0  0  2  7  5  2 37  7  5  2 37  0  1  3 49  0  0  0  2  8 10  5201  0  0  1 2801201714060130201075                
0322220312  0  0  1  4  0  0  0  0  0  0  0  0  0  0  1  2  0  0  0  0  0  0  0  0  0  0  0  1  0  0  1  0  0  0  0  1  0  0  1  2  0  0  0  0  0  0  0  0  0  0  0  3  0  0  1  1  0  0  0  0  0  0  0  1  0  0  1  1  6  3  1  8  6  3  1  8  3  6  8 36  7 11  5 82 33 41 33267  8  6 11 6401901615530180081500                
0322220313  0  0  0  2  0  0  0  0  0  0  0  0  0  0  0  2  0  0  0  1  0  0  0  1  0  0  0  1  0  0  0  1  0  0  0  0  0  0  0  0  0  0  0  0  0  0  0  2  0  0  0  1  0  0  0  0  0  0  0  1  0  0  0  0  0  0  0  1  0  0  0  1  0  0  0  1  0  0  2 11  0  0  0  0 22 21 18156  1  0  0  9000000    0110111555                
0322220314  0  0  0  1  0  0  0  0  0  0  0  0  0  0  0  1  0  0  0  0  0  0  0  0  0  0  0  0  0  0  0  1  0  0  0  0  0  0  0  1  0  0  0  0  0  0  0  0  0  0  0  1  0  0  0  0  0  0  0  0  0  0  0  0  0  0  0  0  0  0  0  2  0  0  0  2  0  0  0  0  0  0  0  0  1  0  1 14  5  4  8 7901400913780150091757                
0322220315  0  0  0  5  0  0  0  0  0  0  0  0  0  0  0  3  0  0  0  1  0  0  0  1  0  0  0  0  0  0  0  1  0  0  0  0  0  0  0  1  0  0  0  2  0  0  0  0  0  0  0  3  0  0  0  0  0  0  0  2  0  0  0  0  0  0  0  1  1  1  0 19  1  1  0 19  0  0  0  8  0  0  0  0  4  4  3 87  1  4  2 530120121382000000                    
0322220316  0  1  2  6  0  0  0  0  0  0  0  0  0  1  2  5  0  0  0  0  0  0  0  0  0  0  0  0  0  0  2  2  0  0  2  4  0  1  1  1  0  0  1  2  0  0  0  2  0  1  1  2  0  0  1  2  0  0  0  2  0  0  0  1  0  0  1  1  2  1  4 27  2  1  4 27 49 66 81731  5  2  5 60 23 29 37484 12  5 1113501101316730040171494                
0322220401  0  0  1 12  0  0  0  0  0  0  0  0  0  0  1 11  0  0  1  2  0  0  0  0  0  0  0  1  0  0  0  6  0  0  1  6  0  0  1  8  0  0  0  3  0  0  0  0  0  0  0  3  0  0  0  7  0  0  1  2  0  0  0  2  0  0  0  5  7 12  8102  1  1  0 13 22 28 25358  7  7 10111 15 25 16276 13 28 2522801500818970210191860                
0322220402  0  0  0  2  0  0  0  0  0  0  0  0  0  0  0  0  0  0  0  0  0  0  0  0  0  0  0  0  0  0  0  0  0  0  0  0  0  0  0  0  0  0  0  0  0  0  0  0  0  0  0  1  0  0  0  1  0  0  0  0  0  0  0  0  0  0  0  0 36 23 25216  0  0  0  3  2  4  3 41  0  0  1  5 22 21 18156  2  1  1 1402101918600100101797                
0322220403                                                                                                                                                                                                              0  0  0  0  0  0  0  0  0  0  0  0  0  0  0  0  0  0  0  6  1  3  6 4601501217260120131450                
0322220404  0  0  1  6  0  0  0  0  0  0  0  0  0  0  1  5  0  0  1  3  0  0  0  0  0  0  0  0  0  0  0  2  0  0  1  2  0  0  0  4  0  0  1  1  0  0  0  0  0  0  0  4  0  0  1  1  0  0  0  1  0  0  0  1  0  0  0  2  2  1  7 69  1  0  1  8  0  2  1  6  0  0  1  2  6  5  9130  0  0  1 1202102117950170181320                
0322220405  0  1  1  4  0  0  0  0  0  0  0  0  0  1  1  4  0  0  0  1  0  0  0  1  0  0  0  1  0  0  1  4  0  0  0  0  0  1  0  3  0  0  1  1  0  0  0  0  0  0  1  0  0  1  0  2  0  0  0  2  0  1  1  1  0  1  0  1  0  1  1 65  0  1  0 10  0  0  0  4  0  0  0  4  3  2  6115  6  6  4 970130071447000050                    
0322220406  0  0  0  3  0  0  0  0  0  0  0  0  0  0  0  3  0  0  0  2  0  0  0  0  0  0  0  0  0  0  0  1  0  0  0  1  0  0  0  2  0  0  0  1  0  0  0  0  0  0  0  2  0  0  0  0  0  0  0  1  0  0  0  0  0  0  0  2  4 14  5 85  0  1  0  7  1  1  0  5  1  5  0 19  6  5  6176  0  0  0  301000916840180081840                
0322220407  0  0  0  3  0  0  0  0  0  0  0  0  0  0  0  2  0  0  0  1  0  0  0  0  0  0  0  1  0  0  0  2  0  0  0  0  0  0  0  0  0  0  0  1  0  0  0  1  0  0  0  2  0  0  0  0  0  0  0  1  0  0  0  0  0  0  0  3  9  5  7124  4  1  1 14  1  0  3 30  0  0  0  0 32 42 45430  0  0  0  302001017900210191860                
0322220408  0  0  0  6  0  0  0  0  0  0  0  0  0  0  0  1  0  0  0  0  0  0  0  0  0  0  0  0  0  0  0  1  0  0  0  0  0  0  0  0  0  0  0  1  0  0  0  0  0  0  0  2  0  0  0  4  0  0  0  0  0  0  0  0  0  0  0  1  4  6  5107  0  0  0 12  3 11  6 80  0  1  0  0 23 29 37484  5  5  3 2901501017390110131823                
0322220409  0  1  0  1  0  0  0  0  0  0  0  0  0  1  0  1  0  0  0  0  0  0  0  0  0  0  0  0  0  0  0  1  0  0  0  0  0  1  0  1  0  0  0  0  0  0  0  0  0  1  0  0  0  0  0  0  0  0  0  1  0  0  0  0  0  1  0  0 23 14 16140  0  0  0  5  0  2  0  2  0  0  0  1 17 24 26201  0  1  0  601601918790110081804                
0322220410  0  1  1  8  0  0  0  0  0  0  0  0  0  1  1  8  0  1  1  6  0  0  1  1  0  0  0  0  0  0  1  5  0  0  1  0  0  1  0  6  0  0  1  2  0  0  0  0  0  0  0  1  0  0  0  4  0  1  1  3  0  1  0  2  0  1  0  2  1  2  1 53  0  1  1  9  1  3  1 17  0  0  1  0  4  4  3 87  0  1  1  801300916760150121726                
0322220411  0  0  0  3  0  0  0  0  0  0  0  0  0  0  0  2  0  0  0  0  0  0  0  0  0  0  0  0  0  0  0  1  0  0  0  1  0  0  0  2  0  0  0  0  0  0  0  0  0  0  0  2  0  0  0  1  0  0  0  0  0  0  0  0  0  0  0  2  0  0  0  2  0  0  0  1  1  0  1  6  0  0  0  2  1  0  1 14 15 17 1417900801215810140111264                
0322220412  0  0  0  5  0  0  0  0  0  0  0  0  0  0  0  5  0  0  0  0  0  0  0  0  0  0  0  1  0  0  0  2  0  0  0  0  0  0  0  4  0  0  0  1  0  0  0  0  0  0  0  2  0  0  0  2  0  0  0  1  0  0  0  0  0  0  0  3  2  6  6 93  1  2  1 17  0  0  0  8  0  0  0  2  6 12 16234  3  8  410001901917500100141754                
0322220413  0  0  0  1  0  0  0  0  0  0  0  0  0  0  0  1  0  0  0  0  0  0  0  0  0  0  0  0  0  0  0  0  0  0  0  0  0  0  0  0  0  0  0  1  0  0  0  0  0  0  0  0  0  0  0  1  0  0  0  0  0  0  0  0  0  0  0  1  3  3  7 99  1  0  3 11  0  3  4 50  0  0  0  2  7 16 16270  1  0  1  902102117950210192033                
0322220414  0  0  0  4  0  0  0  0  0  0  0  0  0  0  0  4  0  0  0  2  0  0  0  0  0  0  0  0  0  0  0  3  0  0  0  2  0  0  0  4  0  0  0  0  0  0  0  0  0  0  0  3  0  0  0  1  0  0  0  0  0  0  0  0  0  0  0  0 11  9 14162  1  2  4 20  4  5  5 41 17 11 96230 12 20 25329 27 41 342370200101790000000                    
0322220415  0  0  0  3  0  0  0  0  0  0  0  0  0  0  0  2  0  0  0  0  0  0  0  0  0  0  0  0  0  0  0  0  0  0  0  0  0  0  0  1  0  0  0  1  0  0  0  0  0  0  0  2  0  0  0  1  0  0  0  0  0  0  0  0  0  0  0  2 18 21 24146  3  2  5 24  1  0  1  5  3  3  5 16 19 25 27221  1  0  1 2802101617000180181500                
0322220416  0  1  1  2  0  0  0  0  0  0  0  0  0  1  1  2  0  1  0  1  0  0  0  0  0  0  0  0  0  1  0  1  0  1  1  0  0  1  1  2  0  0  0  0  0  0  0  0  0  0  1  2  0  0  0  0  0  1  0  0  0  0  0  0  0  0  0  1 28 20 31132  1  1  1  6  7  3  2 15  6 13  6 27 28 35 26144 17 15 15 5102401618400160251971                
0322220501                                                                                                                                                                                                             51 64 63303  5  5  6 16  2  2  4 28  7  9  8 96 33 41 33267 25 33 374060150121726000060                    
0322220502                                                                                                                                                                                                             36 36 46322  0  0  0  2  0  0  0  6  1  0  2  5 17 24 26201  2  1  4 170180151477000023                    
0322220503                                                                                                                                                                                                             12 33 34327  3  5  8 22  0  2  6 51 17 11 96230 12 20 25329 17 18 2621001601119630250031384                
0322220504                                                                                                                                                                                                              3  3  1 97  0  0  0 11  4  2  1 91  0  0  0  5  7  6  6164  0  0  0  101501417550150081897                
0322220505                                                                                                                                                                                                              8  4 10201  0  0  1 13  8  7  8154  0  0  0  1  7  2  9195  9 15  4 740120131430000004                    
0322220506                                                                                                                                                                                                             32 37 44434  2  3  2 33  8  5  6 30  0  1  0  5 19 25 27221 11  8  9 5901901917500230751816                
0322220507                                                                                                                                                                                                              3  9  9102  1  1  1  3  0  0  1  1  1  3  2  2  4 14  9149  0  0  0  001501417550150081897                
0322220508                                                                                                                                                                                                              6  8 11214  3  2  2 10  0  0  0  5  1  0  0 14  3  2  6115  1  4  1 4101601119630070061333                
0322220509                                                                                                                                                                                                             16  9 11293  1  0  0 17  7  5  3105 18 27 29279 11 11  8388 32 33 29202000000    0180151477                
0322220510                                                                                                                                                                                                             56 49 45246  5  1  3 19 20 24 13 71  0  0  0  2 43 28 29181  0  0  0  000700514420110111406                
0322220511                                                                                                                                                                                                             38 28 29239  2  1  0 13 58 27 24233 15  6 13107 30 21 27253  9  8  7 370120171357000000                    
0322220512                                                                                                                                                                                                             30 35 31349  2  4  1 20  3 10 10 86  1  4  1  6 31 23 27292  1  1  2 2502101617000210191860                
0322220513                                                                                                                                                                                                             11 12  7138  2  1  0 14  1  0  0  5  0  0  0  9  7  9  7152 17 11 14 7302500012000130161266                
0322220601                                                                                                                                                                                                             22 15 22278  2  0  4 33  5  1  6129  2  1  0 26 11 11  8388 18 11 1524901601119630210191860                
0322220602                                                                                                                                                                                                             11  9 16243  2  2  5 33  0  0  0  7 23 27 39679  7  6  3125  0  0  4 2601100917580100061258                
0322220603                                                                                                                                                                                                             11 14 10137  0  3  1 13  1  1  3  9  0  0  0  0  6  5  9130  1  1  2 1101701417100110111406                
0322220604                                                                                                                                                                                                             16 12 12234  2  0  4 27  1  0  0 13  0  0  0  0  4  4  3 87  8 10 1122201401715400150121726                
0322220605                                                                                                                                                                                                             27 22 19134  2  3  0  8  0  0  0  0  6 10  3 22 28 35 26144  0  0  0  003300014000080161348                
0322220606                                                                                                                                                                                                              4  9  5207  0  0  0 14  1  3  3 93  3  1  1 83  5  8  6168 17 31 3255710000014000180141870                
0322220607                                                                                                                                                                                                              8 12 14270  2  1  3 33  1  2  3 48  0  0  0  0  3  2  6115  0  0  0  001101116910100071825                
0322220608                                                                                                                                                                                                             20 24 27267  2  4  2 35  6  6 12133  0  0  0  9 23 29 37484  7  5 1113401501614500060091990                
0322220609                                                                                                                                                                                                             46 41 37237  6  2  4 26  1  1  1  6  0  0  1  1 33 41 33267 15 17 1417901400912500110131675                
0322220610                                                                                                                                                                                                             19 15 28345  2  3  3 48  1  0  0 50  0  0  0  3  6 12 16234  0  1  2 500130161452000000                    
0322220611                                                                                                                                                                                                             44 44 35396  7  8  6 56  4  0  2 14  0  0  0  0 19 25 27221  0  0  0  002001514820110111406                
0322220612                                                                                                                                                                                                             13 14 20255  4  5  2 38  1  1  3 24 17 11 96230 12 20 25329  5 15  6 770160251620000011                    
0322220613                                                                                                                                                                                                              3  6 10125  0  0  1 11  3  2  1 25 12 10 14324  0  4  0 71  6  7  514500801216500140081851                
0322220614                                                                                                                                                                                                             29 35 21166  4  7  5 19 10 10  4 22  0  0  0  2 43 28 29181  0  0  0  002302117720090111425                
0322220615                                                                                                                                                                                                             21 30 21148  2  2  2 17 11  6 10 49  0  0  1  8 30 21 27253  5  6  5 4201101316750230111200                
0322220616                                                                                                                                                                                                             14 19 26257  3  2  4 25  7  4  6 47 34 34 32247 32 42 45430  2  1  0 1610000014000180151477                
0322220701  0  0  0  6  0  0  0  0  0  0  0  0  0  0  0  6  0  0  0  0  0  0  0  0  0  0  0  2  0  0  0  4  0  0  0  0  0  0  0  2  0  0  0  3  0  0  0  1  0  0  0  2  0  0  0  4  0  0  0  0  0  0  0  1  0  0  0  2  0  0  1  3  0  0  1  3  1  0  1  6  0  0  0  1  1  0  1 14  0  0  0 1300300915750210191718                
0322220702  0  0  1  2  0  0  0  1  0  0  0  0  0  0  1  1  0  0  0  0  0  0  0  0  0  0  1  0  0  0  0  0  0  0  0  0  0  0  0  1  0  0  1  0  0  0  0  0  0  0  1  0  0  0  0  2  0  0  0  0  0  0  0  0  0  0  1  1  2  2  0 15  2  2  0 15  0  0  0  1  1  0  0  9  6  5  9130  0  0  1  100801716330080161549                
0322220703  0  0  0  5  0  0  0  0  0  0  0  0  0  0  0  3  0  0  0  0  0  0  0  0  0  0  0  0  0  0  0  2  0  0  0  1  0  0  0  2  0  0  0  0  0  0  0  1  0  0  0  0  0  0  0  3  0  0  0  2  0  0  0  0  0  0  0  3  9 12 14111  6  9  8 59  1  3  1 11  0  0  0  5 19 25 27221  0  0  1  90150141728000000                    
0322220704                                                                                                                                                                                                             11  7  6 28 10  6  6 21  4  5  1 13  0  0  0  1 43 28 29181  4  2  1  400201816270090121532                
0322220705  0  0  0  4  0  0  0  0  0  0  0  0  0  0  0  3  0  0  0  0  0  0  0  0  0  0  0  0  0  0  0  1  0  0  0  0  0  0  0  2  0  0  0  0  0  0  0  1  0  0  0  1  0  0  0  0  0  0  0  3  0  0  0  0  0  0  0  1  4  5  0 46  1  2  0 15  0  1  2 27  2  3  0 20 11 11 14264  6  9 14 750000221800000000                    
0322220706  0  0  2  5  0  0  0  0  0  0  0  0  0  0  2  5  0  0  0  0  0  0  0  0  0  0  0  0  0  0  1  3  0  0  2  3  0  0  1  2  0  0  0  1  0  0  1  2  0  0  1  2  0  0  0  1  0  0  1  2  0  0  0  1  0  0  1  3  5  8 10 36  3  7  7 29  5  6 10 36  2  2  4 17 33 41 33267  3  2  6 2000701214500180171699                
0322220707  0  0  0  2  0  0  0  1  0  0  0  0  0  0  0  2  0  0  0  0  0  0  0  0  0  0  0  0  0  0  0  1  0  0  0  0  0  0  0  2  0  0  0  0  0  0  0  0  0  0  0  0  0  0  0  1  0  0  0  1  0  0  0  0  0  0  0  1  2  0  3 32  2  0  3 28  0  1  0 11  2  6  5 39 31 23 27292  0  0  0  102002214080000121302                
0322220708  0  0  2  5  0  0  0  0  0  0  0  0  0  0  2  5  0  0  0  0  0  0  0  0  0  0  1  2  0  0  0  2  0  0  1  1  0  0  1  2  0  0  1  3  0  0  0  0  0  0  2  0  0  0  0  1  0  0  0  4  0  0  0  0  0  0  0  4  0  0  0 32  0  0  0 31  0  0  2 10  0  0  1 11  7 16 16270  2  8  9 5300801415000150081714                
0322220709  0  0  2  7  0  0  0  0  0  0  0  0  0  0  1  5  0  0  0  0  0  0  0  0  0  0  2  2  0  0  0  1  0  0  1  3  0  0  1  2  0  0  0  2  0  0  0  1  0  0  0  0  0  0  1  1  0  0  1  6  0  0  1  2  0  0  0  1  1  2  2 33  1  2  2 28 22 28 25358  2  3  3 19 15 25 16276  4  8  9 6900901114190090171623                
0322220710  0  1  1  2  0  0  0  0  0  0  0  0  0  1  1  2  0  0  0  0  0  0  0  0  0  0  1  1  0  0  1  1  0  0  0  0  0  1  1  1  0  0  0  0  0  0  0  1  0  0  0  0  0  1  0  2  0  0  1  0  0  0  0  0  0  1  1  0  3  4  3 40  0  0  0  3  0  0  0  2  9 11  7 61 22 21 18156  0  1  1  20090211449000000                    
0322220711  0  3  2  7  0  0  0  0  0  0  0  0  0  3  2  4  0  1  1  1  0  0  0  0  0  2  1  3  0  3  2  2  0  1  0  3  0  2  1  2  0  0  0  1  0  1  1  1  0  1  1  3  0  1  0  3  0  1  1  1  0  0  0  0  0  0  1  3  1  3  3 50  0  1  2 34  5 10 12179  0  1  1  8  3  2  6115  0  3  2 2301301614280210191850                
0322220712  0  0  0  5  0  0  0  1  0  0  0  0  0  0  0  1  0  0  0  0  0  0  0  0  0  0  0  3  0  0  0  1  0  0  0  1  0  0  0  1  0  0  0  0  0  0  0  0  0  0  0  1  0  0  0  3  0  0  0  1  0  0  0  0  0  0  0  0  0  0  0 46  0  0  0  4  0  0  0 16  0  0  0  7  2  5  5 74  0  0  0  401501615280130071441                
0322220713  0  0  0  4  0  0  0  0  0  0  0  0  0  0  0  4  0  0  0  0  0  0  0  0  0  0  0  1  0  0  0  1  0  0  0  1  0  0  0  2  0  0  0  2  0  0  0  0  0  0  0  1  0  0  0  1  0  0  0  2  0  0  0  0  0  0  0  1  2  2  5 45  2  2  5 40 10  7  6 98  1  0  0 14 32 42 45430  1 12  2 3800902114490100141629                
0322220714  0  0  0  5  0  0  0  0  0  0  0  0  0  0  0  3  0  0  0  0  0  0  0  0  0  0  0  1  0  0  0  0  0  0  0  1  0  0  0  3  0  0  0  0  0  0  0  0  0  0  0  2  0  0  0  1  0  0  0  2  0  0  0  0  0  0  0  1  2  1  2 24  2  1  2 24  8 11  2 46  2  4  1 14  6  5  6176  1  0  0 1102001016530100101687                
0322220715  0  0  0  9  0  0  0  0  0  0  0  0  0  0  0  8  0  0  0  0  0  0  0  0  0  0  0  2  0  0  0  3  0  0  0  0  0  0  0  4  0  0  0  4  0  0  0  0  0  0  0  3  0  0  0  4  0  0  0  2  0  0  0  2  0  0  0  2  4  3  3 40  4  3  3 40  0  0  0 16  2  1  0 13 23 29 37484  2  3  2 4101101116020090171623                
0322220801  1  0  1 16  0  0  0  0  0  0  0  0  0  0  0  2  0  0  0  2  0  0  0  1  0  0  0  3  0  0  0  1  0  0  0  7  0  0  0  2  0  0  0  0  0  0  0  0  1  0  0  5  0  0  1  3  0  0  0  8  0  0  0  9  0  0  0  4 19 15 28345  2  3  3 48  2  1  5 73  0  0  0  5  6 12 16234  0  0  0  90120171357000016                    
0322220802  1  2  0 13  0  0  0  0  0  0  0  0  1  2  0 13  0  2  0 12  0  0  0  2  0  0  0  0  0  2  0 11  0  0  0  0  1  1  0  9  0  0  0  4  0  1  0  0  1  0  0  4  0  0  0  2  0  2  0  7  1  0  0  4  0  0  0  7 27 22 19134  2  3  0  8  3  5  4 28  2  5  1 18 28 35 26144  3  8  2 520120121192000000                    
0322220803  1  1  1 24  0  0  0  0  0  0  0  0  0  0  1  3  0  0  0  3  0  0  0  0  0  0  0  1  0  0  1  3  0  0  0  1  0  0  1  2  0  0  0  1  0  0  0  0  1  0  1  6  0  1  0  8  0  0  0 10  1  0  0  6  1  1  0  9 22 15 22278  2  0  4 33  1  4  2 55  1  1  2 24 11 11  8388  0  0  1 2601001615000110081778                
0322220804  1  4  2 25  0  0  0  0  0  0  0  0  1  3  1 18  0  2  0  7  0  1  0  2  0  2  1  5  0  2  0  5  0  0  0  0  0  2  1 13  1  0  0  4  0  1  0  1  0  1  0  6  1  1  1 13  0  2  1  6  0  0  0  8  0  1  2  6  2  0  0 22  0  0  0  5  0  0  0  2  0  0  0  1  1  0  1 14  5  6  923801301614520210191860                
0322220805  1  1  0  4  0  0  0  0  0  0  0  0  1  1  0  4  0  1  0  4  0  1  0  2  0  0  0  0  0  1  0  4  1  1  0  3  1  1  0  4  0  0  0  0  0  0  0  0  0  1  0  2  0  0  0  2  1  0  0  0  1  1  0  2  1  1  0  2 11  9 16243  2  2  5 33  1  1  3 79 23 27 39679  7  6  3125  6  7 1334801200415110140051400                
0322220806  1  2  1  2  0  0  0  0  0  0  0  0  0  0  0  0  0  0  0  0  0  0  0  0  0  0  0  0  0  0  0  0  1  2  0  1  0  0  0  0  0  0  0  0  0  0  0  0  1  2  0  1  0  0  1  1  0  0  0  0  0  0  0  0  1  1  0  1 21 30 21148  2  2  2 17  4  8  4 31  2  2  0  5 30 21 27253  6 13  3 6801300714470130051604                
0322220807  1  0  0  4  0  0  0  0  0  0  0  0  1  0  0  4  1  0  0  2  0  0  0  0  0  0  0  0  1  0  0  3  0  0  0  1  1  0  0  3  0  0  0  0  0  0  0  1  0  0  0  2  0  0  0  1  1  0  0  1  0  0  0  0  1  0  0  1 20 24 27267  2  4  2 35  6  6 12133  0  1  1 12 23 29 37484  1  0  3 3500401612660090171551                
0322220808  1  0  0 11  0  0  0  0  0  0  0  0  1  0  0  8  1  0  0  5  1  0  0  1  0  0  0  0  1  0  0  4  0  0  0  0  0  0  0  3  0  0  0  4  1  0  0  1  1  0  0  3  0  0  0  6  0  0  0  2  1  0  0  1  1  0  0  0 11 14 10137  0  3  1 13  0  0  0  4  0  0  0  0  6  5  9130  3  2  0 1501301016570090061466                
0322220809  1  3  0  6  0  0  0  0  0  0  0  0  1  3  0  4  0  0  0  0  0  0  0  0  0  1  0  0  0  0  0  0  0  1  0  0  0  2  0  2  0  0  0  2  1  1  0  0  0  2  0  2  1  0  0  1  0  1  0  3  0  0  0  1  0  1  0  2 27 16 30242  0  0  0  2  0  2  0  2  4  3  3  8 17 24 26201  9  7  4 5702002214420070111662                
0322220810  1  1  0  5  0  0  0  0  0  0  0  0  1  1  0  4  0  0  0  0  0  0  0  0  0  0  0  3  1  0  0  3  0  0  0  1  1  1  0  3  0  0  0  1  0  0  0  0  1  1  0  2  0  0  0  0  0  0  0  3  0  0  0  1  0  0  0  1 44 44 35396  7  8  6 56  3  6  6 59  3  3  5 16 19 25 27221  5  1  1 2201301016570170101750                
0322220811  0  0  0  8  0  0  0  0  2  0  1  1  0  0  0  7  0  0  0  5  0  0  0  2  0  0  0  1  0  0  0  4  0  0  0  0  0  0  0  6  0  0  0  1  0  0  0  0  0  0  0  2  0  0  0  5  0  0  0  1  0  0  0  2  0  0  0  1  7  6 18243  1  1  4 34  0  2  3 27  0  1  1  7  7  2  9195  6  6  4 970100081200000000                    
0322220901  2  2  1  1  0  0  0  0  0  0  0  0  2  2  1  0  0  0  0  0  0  0  0  0  0  0  0  0  2  1  0  0  1  0  0  0  1  2  1  0  1  0  0  0  0  0  0  0  0  0  0  0  1  2  1  1  1  0  0  0  1  0  0  0  0  0  1  1 11  7  6 28 10  6  6 21 22 14 10 38  2  0  0  2 43 28 29181  5  5  3 1401102115450130161600                
0322220902  2  1  0  4  0  0  0  0  0  0  0  0  2  1  0  4  0  0  0  0  0  0  0  0  1  0  0  0  0  0  0  1  2  0  0  2  0  1  0  3  2  0  0  1  0  0  0  0  0  0  0  0  2  0  0  0  0  1  0  4  1  0  0  0  0  1  0  0  5  6  2 75  0  0  0  1 19 22 17174  2  0  0  2 14 16 20268  2  1  0  40190161553011000                    
0322220903  2  2  0  8  0  0  0  0  0  0  0  0  2  1  0  5  1  0  0  2  0  0  0  1  0  0  0  0  1  0  0  3  0  1  0  2  2  1  0  4  0  0  0  0  0  0  0  1  0  0  0  1  2  1  0  5  0  1  0  2  2  1  0  1  1  2  0  4  2  1  2 24  2  1  2 24  8 11  2 46  7 10 18106  6  5  6176  2  2  0 3001901916830210191718                
0322220904  2  0  2 17  0  0  1  0  0  0  0  0  2  0  2 17  0  0  0  3  0  0  0  1  2  0  1  3  2  0  2 13  0  0  0  0  2  0  2  7  0  0  0  4  0  0  0  6  1  0  0  8  1  0  1  6  0  0  1  3  0  0  0  4  1  0  1  4  5  8 10 36  3  7  7 29  0  0  0  2 19 21  5 88 33 41 33267  0  0  1  701401114820100141629                
0322220905  2  6  8 22  0  0  0  0  0  0  0  0  2  6  8 22  0  1  4  3  0  1  2  2  2  3  3  6  0  3  5 12  2  4  4 15  2  4  4 16  0  2  2  3  0  0  2  3  0  2  3  4  1  3  2  9  1  1  3  9  1  1  2  6  0  0  2  6  0  2  1 34  0  2  1 21  2  5  4 61 10 71 55142 12 20 25329  3  6  9 7001101516210030022400                
0322220906  2  0  5 16  0  0  0  0  0  0  0  0  2  0  5 12  2  0  0  5  0  0  0  2  0  0  1  2  2  0  2  8  0  0  2  6  2  0  2  5  0  0  2  5  0  0  1  2  0  0  1  5  2  0  3  7  0  0  1  4  1  0  0  1  0  0  2  5  1  2  2 33  1  2  2 28 22 28 25358  0  0  2  6 15 25 16276  2  0  5 1501301314370120161316                
0322220907  1  1  2  3  0  0  0  0  2  4  2  2  1  1  2  3  0  0  0  0  0  0  0  0  0  0  1  0  1  1  0  3  0  0  0  1  0  1  1  1  1  0  1  1  0  0  0  1  0  0  0  0  0  1  0  2  1  0  2  1  0  0  0  0  1  1  1  1  2  0  4 12  2  0  4 11  0  0  2  2  0  5  0  1 28 35 26144  1  1  2 1101301015190210191718                
0322220908  2  3  5 18  0  0  0  0  0  0  0  0  2  1  4 12  1  0  1  3  1  0  0  2  0  0  1  1  1  0  3  9  0  3  4 12  1  1  3 10  0  0  1  2  1  0  0  0  1  2  1  3  1  0  0 11  0  1  4  4  0  2  1  3  1  1  2  4  4  3  3 40  4  3  3 40 49 66 81731  7  6  9 74 23 29 37484 21 12 2314901100816440110131699                
0322220909  0  0  0  2  0  0  0  0  2  5  4  8  0  0  0  2  0  0  0  0  0  0  0  0  0  0  0  0  0  0  0  1  0  0  0  0  0  0  0  1  0  0  0  1  0  0  0  0  0  0  0  0  0  0  0  0  0  0  0  2  0  0  0  0  0  0  0  0  4  9  5108  4  3  3 63  1  2  1 48  0  0  0  0  6 12 16234  0  0  0  200901114190070061478                
0322220910  2  1  0  7  0  0  0  0  0  0  0  0  2  1  0  7  0  0  0  0  0  0  0  0  0  0  0  0  2  1  0  3  0  0  0  0  0  1  0  3  0  0  0  3  2  0  0  1  1  1  0  1  1  0  0  4  0  0  0  2  0  0  0  1  0  1  0  1  2  2  0 15  2  2  0 15  1  0  2  9  1  2  2 22  6  5  9130  7  2  5 4001501615280110131699                
0322220911  1  0  1  8  0  0  0  0  5  2  0  0  1  0  1  6  0  0  0  0  0  0  0  0  1  0  0  0  1  0  1  3  1  0  1  3  1  0  0  3  0  0  1  1  0  0  0  2  0  0  0  1  0  0  0  6  1  0  1  1  0  0  0  0  0  0  0  3  4  5  0 46  1  2  0 15 48 35 41430  2  0  1  8 11 11 14264  2  0  1 1602101814260110081661                
0322220912  1  3  1 13  0  0  0  0  2  0  1  0  1  3  1 12  1  3  0  2  1  0  0  0  0  0  0  1  1  3  1  7  0  0  0  0  0  2  1  6  0  0  0  3  1  1  0  3  1  2  1  3  0  0  0  7  0  1  0  3  0  3  0  3  1  2  0  5 11  8  8 76  1  1  0  6  1  0  3  8  0  1  0 11 17 24 26201  2  5  3 2701801515020220371392                
0322220913  2  0  0 13  0  0  1  0  0  0  0  0  2  0  0 12  2  0  0  4  0  0  0  0  0  0  0  1  2  0  0  9  0  0  0  0  1  0  0  9  0  0  0  2  1  0  0  1  0  0  0  1  1  0  0  7  1  0  0  5  2  0  0  5  1  0  0  5  0  1  0 12  0  1  0 12  0  0  0  4  0  0  0  2  5  4  6111  2  9  5 860090211405000000                    
0322221001  2  5  5 23  0  0  0  0  0  0  0  0  2  5  5 20  1  2  4 15  0  0  0  3  0  0  0  2  1  2  4 14  0  0  0  1  2  2  4 16  0  2  1  3  0  1  0  1  0  0  0  5  1  2  3 10  1  3  2  8  0  2  4  2  2  2  2  9 19 15 28345  2  3  3 48  1  1  1 22  4  3  4 62  6 12 16234  6 12 12 7601101116910100071825                
0322221002  2  3  0  4  0  0  0  0  0  0  0  0  0  0  0  1  0  0  0  1  0  0  0  0  0  0  0  0  0  0  0  1  0  0  0  0  0  0  0  0  0  0  0  1  0  0  0  0  1  0  0  1  0  2  0  1  1  1  0  2  0  1  0  1  0  1  0  2 27 16 30242  0  0  0  2  0  1  0  4  1  0  0  6 17 24 26201 11 15  4 8401801514770170221433                
0322221003  2  1  1 10  0  0  0  0  0  0  0  0  2  1  1 10  1  0  0  4  1  0  0  2  0  0  0  0  2  1  0  4  0  1  0  3  1  1  0  9  1  0  1  0  0  0  0  1  1  1  0  1  1  0  1  4  0  0  0  5  0  1  0  1  0  0  1  1 31 29 19360  6  2  2 60  3  0  0 43  0  0  0  1  8 10  5201  0  0  0  200900813970090102200                
0322221004  2  0  1  5  0  0  0  0  0  0  0  0  2  0  1  4  1  0  1  1  0  0  0  0  0  0  0  0  1  0  1  2  0  0  0  1  1  0  0  4  0  0  1  0  1  0  0  0  1  0  0  2  0  0  0  0  1  0  1  3  1  0  1  2  0  0  0  3 21 30 21148  2  2  2 17 58 27 24233 15  6 13107 30 21 27253  9  8  7 370220161600000000                    
0322221005  2  1  0 20  0  0  0  0  0  0  0  0  2  1  0 17  2  1  0  9  1  0  0  5  0  0  0  1  2  1  0 10  0  0  0  0  1  1  0 14  1  0  0  2  0  0  0  1  2  0  0  3  0  0  0  9  0  1  0  8  1  1  0  6  1  0  0 10  8  5  8110  3  1  0 10  1  1  1  9  7 10  8144  4 14  9149 12 12 1827201001512970180151477                
0322221006  1  2  2 22  1  0  0  0  0  0  0  0  0  1  1 17  0  1  1  7  0  0  1  1  1  0  0  9  0  1  1  8  0  0  0  1  0  1  1 14  0  0  0  1  0  0  0  2  0  0  0  5  0  1  1 11  1  1  1  6  0  0  1  2  1  1  1 10 24 25 15248  2  3  1 15  0  0  1  2  1  0  1  5 15 25 16276  0  0  2  901101116910170181320                
0322221007  2  1  2  6  0  0  0  0  0  0  0  0  2  1  1  2  2  1  1  1  1  0  0  1  0  0  0  0  1  0  0  1  0  0  0  0  2  1  1  1  0  0  0  1  0  0  0  0  0  1  1  1  1  0  1  2  1  0  0  3  0  0  0  2  1  0  2  3 16 31 22246  0  5  1 19  4  5  4 37  0  0  0  0 31 23 27292  4  3  5 330210181524000014                    
0322221008  2  7  2 18  0  0  0  0  0  0  0  0  2  7  2 18  0  0  0  2  0  0  0  0  0  0  1  1  0  1  0  3  0  0  0  0  0  7  2 13  1  0  0  4  1  0  0  1  0  2  0  7  0  2  2  9  2  3  0  2  0  2  0  1  0  3  1  5 14 17 15233  1  0  1 21  8 14  7 76  3  5  3 52 11 11 14264  2  7  4 2800901114830140091573                
0322221009  2  3  3  8  0  0  0  0  0  0  0  0  1  2  3  5  1  2  3  4  0  2  0  1  0  0  0  1  1  2  2  2  0  0  0  0  1  2  2  5  0  0  1  0  0  0  0  0  1  1  1  2  1  2  2  3  0  0  0  3  0  1  0  2  0  1  2  3 29 35 21166  4  7  5 19  1  1  0  5 17  8 11 47 43 28 29181  0  0  0  800801513410080081200                
0322221010  2  1  1 10  0  0  0  0  0  0  0  0  2  1  1  9  2  1  1  5  1  0  0  0  2  0  0  3  2  1  1  4  0  0  0  3  1  0  1  7  0  0  0  2  1  1  0  0  0  0  0  6  1  1  0  1  1  0  1  3  0  0  0  2  0  0  0  5 46 41 37237  6  2  4 26  5  6 10 36  3  0  1 10 33 41 33267 10  7  3 8401000614580070081640                
0322221011  2  0  0 12  0  0  0  0  0  0  0  0  2  0  0 11  2  0  0  6  0  0  0  0  0  0  0  1  2  0  0  9  0  0  0  1  1  0  0  8  1  0  0  3  0  0  0  0  1  0  0  2  0  0  0  4  1  0  0  6  2  0  0  2  1  0  0  5 14 19 26257  3  2  4 25  0  0  0  2 34 34 32247 32 42 45430  0  0  0  501001114290170101750                
0322221012  2  4  5  9  0  0  0  0  0  0  0  0  2  4  5  8  2  3  2  4  1  0  0  0  0  0  0  1  2  3  2  8  0  0  0  0  1  2  5  7  0  1  0  0  1  1  0  1  1  3  2  1  0  1  2  4  1  0  1  4  1  1  1  3  2  2  0  3 44 44 35396  7  8  6 56  0  2  0  9  2  2  0 20 19 25 27221  8 11  9 7301801514770300221753                
0322221013  2  1  0 15  0  0  0  0  0  0  0  0  0  1  0  3  0  1  0  1  0  0  0  0  0  0  0  0  0  0  0  2  0  0  0  1  0  1  0  3  0  0  0  0  0  0  0  0  0  1  0  3  2  0  0  5  0  0  0  7  1  0  0  4  0  0  0  3 27 22 19134  2  3  0  8  1  0  0  2  0  0  0  2 28 35 26144  3  1  0 2701201015510100071825                
0322221014  2  1  0  3  0  0  0  0  0  0  0  0  2  1  0  3  2  1  0  2  0  0  0  1  0  0  0  0  2  1  0  3  0  0  0  0  2  1  0  3  0  0  0  0  0  0  0  0  0  0  0  1  0  0  0  1  2  1  0  1  1  0  0  1  0  1  0  0 48 43 55332  1  1  0  1  1  1  0  5  3  1  4 14 22 21 18156  2  1  0  501100812250180151477                
0322221101  2  0  1  3  0  0  0  0  0  0  0  0  2  0  1  3  0  0  1  1  0  0  0  0  1  0  1  0  1  0  1  2  1  0  1  2  2  0  0  3  0  0  1  0  0  0  0  0  0  0  1  0  1  0  0  3  1  0  0  0  1  0  0  1  1  0  1  0 75 59 66411  0  0  0  1  8  8 11 43  2  1  3 16 22 21 18156  2  0  1  302001017900100071825                
0322221102  2  2  0  1  0  0  0  0  0  0  0  0  1  1  0  1  0  0  0  0  0  0  0  0  0  0  0  0  0  0  0  1  0  0  0  0  0  1  0  1  0  0  0  0  1  0  0  0  2  1  0  1  0  1  0  0  0  0  0  0  0  0  0  0  1  0  0  1  8  7  6178  0  0  0  6  0  0  0  1  0  0  1  6  6  5  9130  3  6  6 460210191860000000                    
0322221103  2  1  2  2  0  0  0  0  0  0  0  0  2  1  2  2  0  0  1  0  0  0  0  0  0  0  0  1  1  0  1  1  1  0  0  0  2  1  1  2  0  0  0  0  0  0  1  0  0  0  1  0  1  1  0  0  1  0  1  2  0  1  1  0  1  0  1  0 28 31 28384  0  0  0  2  4  6  2 37 13  4 12 80 14 16 20268 11  8  6 1801101316750090121459                
0322221104  1  2  1  3  0  0  0  0  0  0  0  0  1  2  1  3  0  1  1  2  0  0  0  0  0  0  0  0  1  1  1  2  1  1  1  2  1  2  1  2  0  0  0  1  0  0  0  0  1  1  1  2  0  0  0  0  0  1  0  1  0  0  0  0  0  0  0  1 56 42 47216  3  1  1 10  3  5  4 28  5  2  5  4 28 35 26144  1  2  1  300801218550070131700                
0322221105  2  1  1  1  0  0  0  0  0  0  0  0  2  1  1  1  0  0  0  0  0  0  0  0  1  0  0  0  2  1  0  1  0  0  0  0  2  1  1  1  0  0  0  0  0  0  0  0  2  0  1  0  0  1  0  0  0  0  0  1  0  0  0  0  1  1  1  1 51 64 63303  5  5  6 16  1  2  4 36  0  0  0  0 33 41 33267  2  1  1  10190101533000007                    
0322221106  2  1  2  2  0  0  0  0  0  0  0  0  2  1  2  2  0  1  1  0  0  1  1  0  1  0  0  0  2  1  2  2  1  0  1  2  1  1  2  2  1  0  0  0  0  0  0  0  2  1  1  0  0  0  0  2  0  0  1  0  1  1  1  0  0  1  1  2 38 28 29239  2  1  0 13 16 20 17 93  4  3  4 14 30 21 27253 10 15 13 670180171889000000                    
0322221107  2  0  0  5  0  0  0  0  0  0  0  0  2  0  0  5  2  0  0  0  0  0  0  0  0  0  0  0  1  0  0  1  1  0  0  1  2  0  0  3  0  0  0  1  0  0  0  1  0  0  0  1  2  0  0  2  0  0  0  2  0  0  0  1  2  0  0  1 32 37 44434  2  3  2 33  1  0  1 15  2  2  0 20 19 25 27221  2  0  0  501201713230180171979                
0322221108  2  0  1  6  0  0  0  0  0  0  0  0  2  0  1  5  0  0  0  1  0  0  0  0  0  0  0  0  1  0  0  3  0  0  0  0  2  0  1  5  0  0  0  0  0  0  0  0  1  0  1  1  1  0  0  4  0  0  0  1  0  0  1  1  1  0  0  2 16 17 21263  1  2  1 11  0  0  0  2  2  0  0 15  6  5  6176  1  0  0  102001017900180171889                
0322221109  1  2  0  1  0  0  0  0  0  0  0  0  1  2  0  1  1  1  0  0  0  0  0  0  0  1  0  0  0  2  0  1  0  0  0  0  1  1  0  1  0  1  0  0  0  0  0  0  0  1  0  1  1  1  0  0  0  0  0  0  0  0  0  1  0  0  0  0 56 49 45246  5  1  3 19 22 14 10 38  0  1  0  0 43 28 29181  1  2  0  10210161700000000                    
0322221110  1  0  1  4  0  0  0  0  0  0  0  0  1  0  1  4  1  0  0  1  1  0  0  0  0  0  1  1  1  0  1  4  0  0  0  0  1  0  1  3  0  0  0  1  0  0  0  0  0  0  0  4  0  0  0  0  1  0  1  0  1  0  0  0  0  0  0  1  7 15 14288  1  0  2 24 45 40 39457  9  5  6 47  6 12 16234 17 18 1610301500818970240161840                
0322221111  1  1  0  1  0  0  0  0  0  0  0  0  1  1  0  1  0  0  0  0  0  0  0  0  0  0  0  0  0  1  0  0  0  0  0  0  1  1  0  1  0  0  0  0  0  0  0  0  0  0  0  0  0  1  0  0  1  0  0  1  1  0  0  0  0  0  0  0 30 35 31349  2  4  1 20  3 10 10 86  7 11 14118 31 23 27292 18 11 1213302001017900210191860                
0322221112  2  1  1  2  0  0  0  0  0  0  0  0  2  1  1  2  0  1  0  0  0  0  0  0  1  0  0  0  0  1  1  0  0  0  0  0  2  1  1  2  0  0  0  0  0  0  0  0  0  1  1  1  1  0  0  1  1  0  0  0  1  1  0  0  0  0  0  0 36 36 46322  0  0  0  2  4  5  7 28  6  7  6 65 17 24 26201 14 17 10 4901500818970100071825                
0322221113  2  2  0  0  0  0  0  0  0  0  0  0  2  2  0  0  0  0  0  0  0  0  0  0  0  0  0  0  2  2  0  0  0  0  0  0  0  2  0  0  2  0  0  0  0  0  0  0  1  2  0  0  1  0  0  0  0  0  0  0  0  0  0  0  0  1  0  0 41 50 43300  2  3  1 11  1  1  4 12  8  4  2 26 29 25 23219  3  7  5 120180141870000000                    
0322221201  0  2  0  7  1  0  0  1  0  0  0  0  0  2  0  5  0  0  0  0  0  0  0  0  0  0  0  0  0  0  0  2  0  0  0  1  0  1  0  4  0  1  0  0  0  0  0  1  0  1  0  3  0  1  0  1  0  0  0  3  0  0  0  0  0  1  0  2  0  4  1 16  0  4  1 16 30 34 21263 10 11 15173 31 23 27292 29 28 2823601801416860070081381                
0322221202  0  0  1  8  0  0  0  0  5  1  1  0  0  0  1  8  0  0  0  0  0  0  0  0  0  0  0  2  0  0  0  4  0  0  0  1  0  0  0  4  0  0  0  3  0  0  1  1  0  0  0  1  0  0  0  4  0  0  1  3  0  0  0  2  0  0  0  3  0  0  0  1  0  0  0  1  0  0  1 11  0  0  0  2  0  0  0  6  0  0  0 2400801716330100141629                
0322221203  1  1  1  3  0  0  0  0  0  0  0  0  1  1  1  3  0  0  0  0  0  0  0  0  0  0  0  1  0  0  1  2  0  1  0  1  0  0  0  1  0  1  1  1  1  0  0  1  1  0  0  1  0  1  1  1  0  0  0  1  0  1  0  1  0  1  1  1  5  1  2  8  5  1  2  8 25 23 13147 36 42 40323 29 25 23219  9  9 1010700801515040110081661                
0322221204  1  1  1 14  0  0  0  0  0  0  0  0  0  0  0  2  0  0  0  0  0  0  0  0  0  0  0  2  0  0  0  1  0  0  0  0  0  0  0  1  0  0  0  1  0  0  0  0  0  0  1  4  0  0  0  6  1  1  0  4  0  0  0  2  1  0  0  3  2  5  2 19  2  5  2 19  6  4  5 45  0  2  0  4 32 42 45430  2  2  1 2301101316730030091888                
0322221205  1  0  0  3  0  0  0  0  0  0  0  0  1  0  0  0  0  0  0  0  0  0  0  0  0  0  0  1  1  0  0  0  1  0  0  0  0  0  0  0  0  0  0  0  1  0  0  0  1  0  0  0  0  0  0  1  0  0  0  2  0  0  0  2  0  0  0  0  1  1  0 19  1  1  0 19  1  0  0  3  1  0  1  9  4  4  3 87  2  0  2 320190161553000000                    
0322221206  0  1  0  9  0  0  0  0  4  5  1  0  0  1  0  9  0  0  0  0  0  0  0  0  0  0  0  0  0  0  0  5  0  0  0  0  0  1  0  4  0  0  0  3  0  0  0  2  0  1  0  3  0  0  0  3  0  0  0  3  0  0  0  1  0  0  0  3  1  1  4 42  1  1  4 42  0  0  0  1  4  4  2 29  6 12 16234  0  1  0  800801316630140111482                
0322221207  0  1  0 13  0  0  0  0  3  1  0  0  0  1  0 13  0  0  0  0  0  0  0  0  0  1  0  4  0  1  0  7  0  0  0  4  0  0  0  9  0  1  0  2  0  0  0  2  0  0  0  6  0  0  0  5  0  1  0  2  0  1  0  3  0  1  0  5  0  3  5 27  0  3  5 27  0  0  0  0  0  0  0  5  3  2  6115  0  0  0  100801615490080131333                
0322221208  1  1  0  9  0  0  0  0  0  0  0  0  0  0  0  6  0  0  0  0  0  0  0  0  0  0  0  1  0  0  0  3  0  0  0  0  0  0  0  4  0  0  0  1  0  0  0  1  0  1  0  2  1  0  0  5  0  0  0  2  0  0  0  0  0  0  0  6  0  0  1  7  0  0  1  7  1  0  0 27  5  4  4 41  7  6  3125 11  9  81120210191718000000                    
0322221209  1  1  0  1  0  0  0  0  0  0  0  0  1  1  0  1  0  0  0  0  0  0  0  0  0  0  0  1  1  1  0  0  1  1  0  0  0  1  0  1  0  0  0  0  1  0  0  0  0  1  0  0  1  0  0  1  0  0  0  0  0  1  0  0  0  1  0  1  2  1  4 27  2  1  4 27 49 66 81731  2  1  2 26 23 29 37484  2  1  2 3800801415000010161262                
0322221210  1  0  0  4  0  0  0  0  0  0  0  0  1  0  0  1  0  0  0  0  0  0  0  0  1  0  0  1  1  0  0  1  1  0  0  2  0  0  0  1  1  0  0  0  0  0  0  0  0  0  0  3  0  0  0  1  1  0  0  0  0  0  0  2  0  0  0  1  0  2  1 15  0  2  1 15  4  5  8 37  1  1  0  3 15 25 16276  4  6  1 3900501613720110081682                
0322221211  1  2  0  4  0  0  0  0  0  0  0  0  1  2  0  4  1  0  0  0  1  0  0  0  0  0  0  0  1  2  0  1  0  0  0  0  0  2  0  4  0  0  0  0  1  0  0  0  0  1  0  0  0  1  0  2  1  0  0  2  0  0  0  0  0  1  0  1  0  0  0  1  0  0  0  1  0  1  0  6  0  0  0  0 22 21 18156  1  2  0 2000201816270100061200                
0322221212  1  1  0 14  0  0  0  0  0  0  0  0  1  1  0 12  0  0  0  1  0  0  0  1  0  0  0  0  1  1  0  5  0  1  0  3  1  0  0  8  0  1  0  1  0  0  0  3  0  1  0  5  1  0  0  3  0  0  0  6  0  0  0  3  0  0  0  6  0  0  2 12  0  0  2 12  0  2  1 16  0  1  0  3  6  5  9130  9 10  61060050161372011000                    
0322221213  1  1  2  2  0  0  0  0  0  0  0  0  1  1  2  2  0  0  0  0  0  0  0  0  0  0  0  1  1  1  0  1  0  0  0  0  1  1  2  1  0  0  0  0  0  0  0  1  0  1  1  0  1  0  1  0  0  0  0  2  0  0  0  0  0  0  0  1  4  2  2 16  4  2  2 16 10  9  8 41  0  0  0  0 43 28 29181  4  1  3 1301801515020000121660                
0322221214  1  1  0  3  0  0  0  0  0  0  0  0  1  1  0  3  0  0  0  0  0  0  0  0  0  1  0  0  1  1  0  2  1  1  0  1  1  1  0  2  0  0  0  0  0  0  0  1  0  1  0  0  1  0  0  0  0  0  0  3  0  0  0  2  0  0  0  1  3  2  6 40  3  2  6 40 15 22 18151  1  1  0  7 19 25 27221  3  1  0 2900902114490070151462                
0322221215  1  0  0  5  0  0  0  0  0  0  0  0  1  0  0  2  0  0  0  0  0  0  0  0  0  0  0  0  1  0  0  2  1  0  0  5  0  0  0  1  1  0  0  0  0  0  0  1  0  0  0  1  1  0  0  1  0  0  0  3  0  0  0  0  0  0  0  0  0  0  1 22  0  0  1 22  2  2  3 87  6  5  3 99 11 11  8388  1  0  2 4201301613900000061400                
0322221216  1  2  2 40  0  0  0  0  0  0  0  0  1  2  2 32  0  0  0  0  0  0  0  0  0  0  0  6  1  0  1 18  0  0  0  0  1  2  1 18  0  0  1  7  0  0  0  7  1  0  0 12  0  1  1 12  0  1  1 16  0  0  1 12  0  0  1 14  0  1  0  5  0  1  0  5  0  0  0  9  0  1  0  8 17 24 26201  3  5  519800201214200100101687                
1022320101  1  0  0 19  0  0  0  0  0  0  0  0  0  0  0  2  0  0  0  0  0  0  0  0  0  0  0  4  0  0  0  2  0  0  0  2  0  0  0  2  0  0  0  0  0  0  0  0  0  0  0  5  1  0  0  5  0  0  0  7  0  0  0  2  1  0  0  4 15 11 13153  2  7  1 18  1  1  1 15  0  1  1 12  1  1  0 28 61 66 7671200401712330170101750                
1022320102  4  2  2 14  0  0  0  0  0  0  0  0  0  0  0  1  0  0  0  0  0  0  0  0  0  0  0  0  0  0  0  1  0  0  1  1  0  0  0  0  0  0  0  1  0  0  0  0  0  0  1  1  2  1  0  2  2  1  1 10  1  1  0  3  1  1  1  3 36 36 14129  5 12  2 15 15 14 11175 17 11 11118  1  2  0 17 43 36 4146301301615720210192033                
1022320103  2  0  1 14  0  0  0  0  0  0  0  0  0  0  0  0  0  0  0  0  0  0  0  0  0  0  0  0  0  0  0  0  0  0  0  0  0  0  0  0  0  0  0  0  0  0  0  0  0  0  1  8  2  0  0  4  0  0  0  2  0  0  0  2  0  0  0  5  3  2  2 14  0  0  0  0  0  0  0  0  0  0  0  0  0  0  0  0 74 58 6570901901917500210191860                
1022320104  1  2  5 22  0  1  0  1  0  0  0  0  0  2  1  3  0  1  0  1  0  1  0  1  0  1  1  8  0  2  1  3  0  1  0  0  0  2  1  3  0  0  0  0  0  0  0  0  0  0  3  4  0  0  1  9  1  0  0  6  0  0  0  1  0  0  3  8 16 12 11123  5  2  5 27  0  1  0  3  0  1  0  0  1  0  0 12  0  2  0 2600901214590130021875                
1022320105  0  1  1 10  0  0  0  1  2  1  0  1  0  0  0  1  0  0  0  0  0  0  0  0  0  0  0  0  0  0  0  1  0  0  0  1  0  0  0  1  0  0  0  0  0  0  0  0  0  0  0  4  0  1  0  3  0  0  1  2  0  1  0  2  0  0  0  2 10 12 20 96  1  1  7 23  1  1  3 20  1  0  0  6  1  2  0  3 28 27 312140080151341000000                    
1022320106  1  0  0 19  0  0  0  0  0  0  0  0  0  0  0  0  0  0  0  0  0  0  0  0  0  0  0  4  0  0  0  0  0  0  0  0  0  0  0  0  0  0  0  0  0  0  0  0  0  0  0  5  0  0  0  8  1  0  0  6  0  0  0  3  1  0  0  7  1  6  9 72  0  0  1  7  0  0  0  1  0  0  0  9  0  1  2 18  0  0  0  40080111778000012                    
1022320107  2  2  4  7  0  0  0  0  0  0  0  0  0  0  0  0  0  0  0  0  0  0  0  0  0  1  0  1  0  0  0  0  0  0  0  0  0  0  0  0  0  0  0  0  0  0  0  0  0  0  0  5  1  1  3  1  1  1  1  1  0  0  2  1  1  1  1  2  8  9 13 85  1  2  2 16  6  4  9 64  0  0  0  4  0  0  0  6 10  8  7 5000601117200080161348                
1022320108  1  1  4 25  0  0  0  1  0  0  0  0  0  0  1  9  0  0  1  3  0  0  1  3  0  0  0  3  0  0  1  9  0  0  1  6  0  0  0  7  0  0  0  2  0  0  1  0  0  0  0  6  0  0  0  7  1  1  3  3  1  0  1  5  0  0  3 10 21 20 15127  2  2  2 35  0  0  1  6  1  1  1 17  0  0  0  4  0  0  2 1900901715510130161572                
1022320201  0  0  0  4  0  0  0  0  0  0  0  0  0  0  0  1  0  0  0  1  0  0  0  0  0  0  0  0  0  0  0  0  0  0  0  2  0  0  0  1  0  0  0  0  0  0  0  0  0  0  0  1  0  0  0  3  0  0  0  0  0  0  0  0  0  0  0  1  3  2  3 91  0  0  0  8  3  3  2108  0  0  0  3  0  4  2 33  0  0  0  401300714470130161572                
1022320202  0  0  0  3  0  0  0  0  0  0  0  0  0  0  0  2  0  0  0  0  0  0  0  0  0  0  0  0  0  0  0  1  0  0  0  3  0  0  0  1  0  0  0  1  0  0  0  0  0  0  0  0  0  0  0  3  0  0  0  0  0  0  0  0  0  0  0  0  2  2  3 93  1  0  0  6  2  4  6 77  0  0  0  3  5  6  7 98  9  9  7 5400801215810090171551                
1022320203  0  1  1 10  0  0  0  0  0  0  0  0  0  0  0  2  0  0  0  0  0  0  0  0  0  0  0  2  0  0  0  1  0  0  0  0  0  0  0  2  0  0  0  0  0  0  0  0  0  0  0  3  0  0  0  4  0  1  1  3  0  0  1  0  0  0  1  5 59 61 65494  1  5  3 34  1  3  2 14 15 15 13 79 17 20 21279 26 16 1219302002214420110131823                
1022320204  0  2  0  0  0  0  0  0  0  0  0  0  0  2  0  0  0  2  0  0  0  2  0  0  0  0  0  0  0  2  0  0  0  0  0  0  0  1  0  0  0  0  0  0  0  1  0  0  0  0  0  0  0  2  0  0  0  0  0  0  0  0  0  0  0  0  0  0 11 77 34415 13  3  4  8 27 32 27109  0  0  0  1 36 32 28105  0  2  0  001001016140130071447                
1022320205  0  0  0  4  0  0  0  0  0  0  0  0  0  0  0  3  0  0  0  0  0  0  0  0  0  0  0  1  0  0  0  1  0  0  0  0  0  0  0  3  0  0  0  0  0  0  0  0  0  0  0  1  0  0  0  1  0  0  0  2  0  0  0  1  0  0  0  1 27 27 26163  1  3  5 17 51 60 54225 24 20 25131 23 18 23174 12  9 11 570210161700000000                    
1022320206  0  0  0  1  0  0  0  0  0  0  0  0  0  0  0  1  0  0  0  0  0  0  0  0  0  0  0  0  0  0  0  0  0  0  0  0  0  0  0  1  0  0  0  0  0  0  0  0  0  0  0  0  0  0  0  1  0  0  0  0  0  0  0  0  0  0  0  1 10  7  7101  1  1  1  2 17 17 18243  0  0  0 12  8  6  6 97  4  5  8 690130071447000026                    
1022320207  0  0  1  7  0  0  0  0  0  0  0  0  0  0  0  2  0  0  0  0  0  0  0  0  0  0  0  0  0  0  0  1  0  0  0  2  0  0  0  1  0  0  0  0  0  0  0  1  0  0  0  2  0  0  0  1  0  0  1  4  0  0  1  2  0  0  0  3  8  6  2 32  0  0  0  0  3  3  1 38  0  0  0  3  1  1  2 18  0  0  1 130210211795000014                    
1022320208  0  1  0  2  0  0  0  0  0  0  0  0  0  1  0  2  0  1  0  2  0  0  0  0  0  1  0  0  0  0  0  2  0  0  0  0  0  1  0  1  0  0  0  1  0  0  0  0  0  1  0  0  0  0  0  1  0  0  0  1  0  0  0  0  0  0  0  2 81 78 66420  6  6  4 31  5  2  4 36  0  0  0  1 49 47 29288  0  1  0  201801718890080171356                
1022320209  0  0  1  8  0  0  0  0  0  0  0  0  0  0  0  1  0  0  0  0  0  0  0  0  0  0  0  0  0  0  0  1  0  0  1  5  0  0  0  1  0  0  0  0  0  0  0  0  0  0  0  2  0  0  1  2  0  0  0  4  0  0  0  0  0  0  0  1  5  4  6130  1  0  0  9  5  7  6108  2  1  5 75  9  7  4120 16  2 1518401102116080100101797                
1022320210  0  0  0  1  0  0  0  0  0  0  0  0  0  0  0  1  0  0  0  1  0  0  0  1  0  0  0  0  0  0  0  1  0  0  0  0  0  0  0  1  0  0  0  0  0  0  0  0  0  0  0  1  0  0  0  0  0  0  0  0  0  0  0  1  0  0  0  0 17 12 13193  1  0  2  7  0  0  0  9  0  0  0  3  5  8  4 99  4  3  5 200180151477000000                    
1022320211  0  0  0  1  0  0  0  0  0  0  0  0  0  0  0  1  0  0  0  0  0  0  0  0  0  0  0  0  0  0  0  0  0  0  0  0  0  0  0  1  0  0  0  0  0  0  0  0  0  0  0  0  0  0  0  1  0  0  0  0  0  0  0  0  0  0  0  0  2  4  3 55  0  0  0  0  0  0  0  1  0  1  0  2  2  0  0 11  0  0  0  100801215810110061888                
1022320212                                                                                                                                                                                                              8  5  7136  1  1  0 15  0  0  0  1  0  0  0  4  4  2  4 57 30 28 211090160191879000000                    
1022320213  0  0  2  2  0  0  0  0  0  0  0  0  0  0  2  2  0  0  0  1  0  0  0  0  0  0  0  1  0  0  1  2  0  0  2  1  0  0  2  2  0  0  0  0  0  0  0  0  0  0  0  1  0  0  1  1  0  0  1  0  0  0  0  0  0  0  0  1 42 27 35334  3  3  3 56 33 25 28229 19 25 22188 28 28 42282 21 22 1311801901616350180171889                
1022320214                                                                                                                                                                                                              1  1  1 58  0  0  0  5  0  0  0  5  0  0  0  0  1  0  4 52  0  0  0  00090071826000026                    
1022320215  0  0  0  1  0  0  0  0  0  0  0  0  0  0  0  1  0  0  0  0  0  0  0  0  0  0  0  0  0  0  0  1  0  0  0  0  0  0  0  0  0  0  0  1  0  0  0  0  0  0  0  0  0  0  0  1  0  0  0  0  0  0  0  0  0  0  0  0 39 39 37321  8  7 10 58  3  1  3 13  0  0  0  0 30 33 40274  0  0  0  102101918600180171979                
1022320216  0  0  0  1  0  0  0  0  0  0  0  0  0  0  0  1  0  0  0  0  0  0  0  0  0  0  0  0  0  0  0  0  0  0  0  1  0  0  0  1  0  0  0  0  0  0  0  0  0  0  0  0  0  0  0  1  0  0  0  0  0  0  0  0  0  0  0  1 33 20 33143  0  0  1  0 12 12 13 47 21 22 13 68 14 18 15122  9 11  9 4402101815240110081778                
1022320301  0  1  0 10  0  0  0  0  0  0  0  0  0  1  0  7  0  0  0  3  0  0  0  3  0  0  0  0  0  1  0  6  0  1  0  1  0  1  0  4  0  0  0  2  0  0  0  1  0  0  0  0  0  1  0  4  0  0  0  6  0  0  0  1  0  0  0  5  4  7 12 35  3  5  8 21 12 22 17166  0  1  0  1 28 28 42282  0  1  0 1400901114190100151408                
1022320302  0  0  0  6  0  0  0  0  0  0  0  0  0  0  0  6  0  0  0  1  0  0  0  1  0  0  0  0  0  0  0  3  0  0  0  1  0  0  0  4  0  0  0  0  0  0  0  2  0  0  0  0  0  0  0  5  0  0  0  1  0  0  0  1  0  0  0  4  5  6  5 30  1  0  1  6  0  0  0 12  4  8  6 80  5  8  4 99  1  1  3 2801001014110110101617                
1022320303  0  0  0  3  0  0  0  1  0  0  0  0  0  0  0  0  0  0  0  0  0  0  0  0  0  0  0  1  0  0  0  0  0  0  0  0  0  0  0  0  0  0  0  0  0  0  0  0  0  0  0  1  0  0  0  2  0  0  0  0  0  0  0  0  0  0  0  2  0  0  1  1  0  0  0  0  0  0  0  5  0  0  0  0 14 18 15122  0  2  1  602101814260180171757                
1022320304  0  0  0  4  0  1  0  0  0  0  0  0  0  0  0  3  0  0  0  0  0  0  0  0  0  0  0  1  0  0  0  3  0  0  0  0  0  0  0  1  0  0  0  1  0  0  0  1  0  0  0  1  0  0  0  3  0  0  0  0  0  0  0  0  0  0  0  3  4  2  4 25  3  2  3 17  0  1  1 18  0  0  0  2  4  2  4 57  0  1  0 1401201714140240161732                
1022320305  0  0  0  1  0  0  0  0  0  0  0  0  0  0  0  1  0  0  0  0  0  0  0  0  0  0  0  0  0  0  0  0  0  0  0  0  0  0  0  1  0  0  0  0  0  0  0  0  0  0  0  0  0  0  0  0  0  0  0  1  0  0  0  0  0  0  0  0 12 13  7 71  3  4  2 13  0  0  0  6  0  0  0  0 21 10 19206  0  0  0  100902114490140111482                
1022320306  0  2  1  2  0  0  0  0  0  0  0  0  0  1  0  0  0  0  0  0  0  0  0  0  0  0  0  0  0  1  0  0  0  2  0  1  0  1  0  0  0  0  0  0  0  0  0  0  0  0  0  1  0  1  0  0  0  1  1  1  0  1  1  0  0  1  0  1  2  0  1 32  1  0  0 25  1  2  3 29  0  2  0  1 16 14 10219  0  2  1 1002101615050200041600                
1022320307  0  1  0  4  0  0  0  0  0  0  0  0  0  0  0  0  0  0  0  0  0  0  0  0  0  1  0  1  0  0  0  0  0  0  0  0  0  0  0  0  0  0  0  0  0  0  0  0  0  1  0  1  0  0  0  0  0  0  0  3  0  0  0  0  0  1  0  1  3  3  3 20  3  3  3 18 11 18 20135  6  8  7 53 17 20 21279 16 18 2221301101116020110081682                
1022320308  0  0  1  2  0  0  0  0  0  0  0  0  0  0  1  2  0  0  0  0  0  0  0  0  0  0  0  1  0  0  1  0  0  0  1  2  0  0  1  1  0  0  0  1  0  0  0  0  0  0  0  0  0  0  1  0  0  0  0  2  0  0  0  0  0  0  0  0  0  1  4 14  0  1  3 11  5  7  6108  2  1  5 75  9  7  4120 16  2 151840080171633011000                    
1022320309  0  0  0  2  0  0  0  0  0  0  0  0  0  0  0  2  0  0  0  0  0  0  0  0  0  0  0  0  0  0  0  0  0  0  0  1  0  0  0  2  0  0  0  0  0  0  0  0  0  0  0  0  0  0  0  1  0  0  0  1  0  0  0  0  0  0  0  0  3  2  0 10  3  2  0 10  7 10 12141  0  1  1  7  5  7  2 86  3  1  6 1101601515280130071441                
1022320310  0  0  0  3  0  0  0  0  0  0  0  0  0  0  0  2  0  0  0  0  0  0  0  0  0  0  0  0  0  0  0  0  0  0  0  0  0  0  0  1  0  0  0  0  0  0  0  1  0  0  0  0  0  0  0  1  0  0  0  2  0  0  0  2  0  0  0  1  0  0  0  0  0  0  0  0  0  0  0  1  0  0  0  3  2  0  0 11  0  0  0  301801515020100151408                
1022320311  0  1  0  2  0  0  0  0  0  0  0  0  0  1  0  2  0  0  0  0  0  0  0  0  0  0  0  0  0  1  0  1  0  0  0  1  0  1  0  2  0  0  0  0  0  0  0  0  0  1  0  0  0  0  0  0  0  0  0  2  0  0  0  0  0  0  0  0  2  1  1 15  2  0  1  8  5  4  4 99  0  0  0  3 18 17 11166  0  1  0  201001115240000071775                
1022320312  0  0  0  4  0  0  0  0  0  0  0  0  0  0  0  3  0  0  0  0  0  0  0  0  0  0  0  0  0  0  0  2  0  0  0  0  0  0  0  2  0  0  0  1  0  0  0  0  0  0  0  1  0  0  0  0  0  0  0  3  0  0  0  0  0  0  0  2  0  0  1  0  0  0  0  0  0  0  1  0  1  0  1 14  1  1  2 18  1  1  1 2902002214080000111768                
1022320313  0  0  0  3  0  0  0  0  0  0  0  0  0  0  0  3  0  0  0  0  0  0  0  0  0  0  0  0  0  0  0  3  0  0  0  0  0  0  0  3  0  0  0  0  0  0  0  0  0  0  0  1  0  0  0  2  0  0  0  0  0  0  0  0  0  0  0  0  1  0  1 24  1  0  1 21  4  3  2 54  0  0  0  1  4  3  5120  0  0  0  901701012370070061400                
1022320314  0  1  0  7  0  0  0  0  0  0  0  0  0  1  0  6  0  0  0  1  0  0  0  1  0  0  0  0  0  0  0  4  0  0  0  0  0  1  0  3  0  0  0  2  0  0  0  1  0  1  0  1  0  0  0  3  0  0  0  3  0  1  0  0  0  0  0  3  1  3  4 10  0  0  1  5  5 10  9145  0  0  0  5  7 14 16152  0  2  1 6301400913780080161549                
1022320401  0  0  0  4  0  0  0  0  0  0  0  0  0  0  0  4  0  0  0  1  0  0  0  1  0  0  0  2  0  0  0  3  0  0  0  0  0  0  0  2  0  0  0  1  0  0  0  1  0  0  0  1  0  0  0  2  0  0  0  1  0  0  0  2  0  0  0  1  0  0  0  0  0  0  0  0  0  0  0  1  0  0  0  0  1  1  2 18  3  6  2 2100902114490080091409                
1022320402  0  0  0  1  0  0  0  0  0  0  0  0  0  0  0  0  0  0  0  0  0  0  0  0  0  0  0  0  0  0  0  0  0  0  0  0  0  0  0  0  0  0  0  0  0  0  0  0  0  0  0  1  0  0  0  0  0  0  0  0  0  0  0  0  0  0  0  0 18 13 15195  6  3  4 67  0  4  1 21  0  0  0  1 12 10  9157  6  5  2 300110081644000000                    
1022320403  0  1  0  4  0  0  0  0  0  0  0  0  0  0  0  0  0  0  0  0  0  0  0  0  0  0  0  0  0  0  0  0  0  0  0  0  0  0  0  0  0  0  0  0  0  0  0  0  0  0  0  0  0  1  0  2  0  0  0  2  0  1  0  0  0  0  0  0  8  5  6 44  5  3  3 31  3  0  2 11  2  2  2  4  4  2  4 57 14 11  8 8901102115450100071592                
1022320404  0  0  0  7  0  0  0  0  0  0  0  0  0  0  0  2  0  0  0  0  0  0  0  0  0  0  0  1  0  0  0  1  0  0  0  0  0  0  0  2  0  0  0  0  0  0  0  0  0  0  0  1  0  0  0  2  0  0  0  4  0  0  0  1  0  0  0  3  4  5  9 58  4  5  9 53  3  5  4 42 16 22 25228 17 20 21279  1  1  1 330150141728000000                    
1022320405  0  0  0  3  0  0  0  0  0  0  0  0  0  0  0  3  0  0  0  0  0  0  0  0  0  0  0  1  0  0  0  2  0  0  0  0  0  0  0  3  0  0  0  0  0  0  0  0  0  0  0  1  0  0  0  2  0  0  0  0  0  0  0  0  0  0  0  0  2  4  6 28  2  3  4 23  0  1  0 12  0  0  1  0 23 18 23174  1  0  2 100110211545000000                    
1022320406  0  1  1  3  0  0  0  0  0  0  0  0  0  0  0  0  0  0  0  0  0  0  0  0  0  0  0  0  0  0  0  0  0  0  0  0  0  0  0  0  0  0  0  0  0  0  0  0  0  1  0  0  0  0  1  1  0  0  0  2  0  0  0  0  0  1  1  0  7  4  2 33  6  3  1 28 19 18 15 63 47 53 33159 36 22 22165 33 34 3411501301616000100101687                
1022320407  0  0  0  2  0  0  0  0  0  0  0  0  0  0  0  0  0  0  0  0  0  0  0  0  0  0  0  0  0  0  0  0  0  0  0  0  0  0  0  0  0  0  0  0  0  0  0  0  0  0  0  0  0  0  0  1  0  0  0  1  0  0  0  0  0  0  0  0  8  3 11 80  2  2  3 38  0  0  0  8  3  1  2 31 24 24 19254  3  2  1  901801716990000181266                
1022320408  0  0  0  3  0  0  0  1  0  0  0  0  0  0  0  3  0  0  0  0  0  0  0  0  0  0  0  0  0  0  0  3  0  0  0  0  0  0  0  2  0  0  0  0  0  0  0  1  0  0  0  1  0  0  0  1  0  0  0  1  0  0  0  0  0  0  0  1  6  5  5 71  4  0  2 14  3  3  1 25  0  0  0  2  5  8  4 99  5 10  3 240210211623000000                    
1022320409  0  0  0  7  0  0  0  0  0  0  0  0  0  0  0  7  0  0  0  0  0  0  0  0  0  0  0  0  0  0  0  3  0  0  0  0  0  0  0  5  0  0  0  0  0  0  0  2  0  0  0  2  0  0  0  4  0  0  0  1  0  0  0  0  0  0  0  1  8 11  5 55  3  7  5 43  0  1  1  2  0  1  1  0 28 33 27311  0  0  0  700801215260030161591                
1022320410  0  0  1  6  0  0  0  0  0  0  0  0  0  0  1  2  0  0  0  0  0  0  0  0  0  0  1  4  0  0  1  0  0  0  1  0  0  0  1  1  0  0  0  1  0  0  0  0  0  0  0  1  0  0  0  1  0  0  1  4  0  0  0  0  0  0  1  4 17 23 11153  7 12  7 97  0 12  5 29  1  0  1  5 30 33 40274 11  7  9 9702001016530210191718                
1022320411  0  1  0  2  0  0  0  0  0  0  0  0  0  1  0  2  0  0  0  0  0  0  0  0  0  0  0  0  0  1  0  1  0  0  0  1  0  0  0  0  0  1  0  0  0  0  0  2  0  1  0  0  0  0  0  2  0  0  0  0  0  0  0  0  0  0  0  1 16  7  8 55 15  7  8 51  5  3  5 38  8 14  9 92 49 47 29288 14 20 111170120171414000000                    
1022320412  0  0  0  2  0  0  0  0  0  0  0  0  0  0  0  2  0  0  0  0  0  0  0  0  0  0  0  0  0  0  0  0  0  0  0  0  0  0  0  1  0  0  0  0  0  0  0  1  0  0  0  0  0  0  0  1  0  0  0  1  0  0  0  0  0  0  0  1  0  0  0  0  0  0  0  0  0  0  0  0  1  0  0  3  2  0  0 11  9  9 12 880150141728000000                    
1022320413  0  0  0  3  0  0  0  0  0  0  0  0  0  0  0  3  0  0  0  0  0  0  0  0  0  0  0  0  0  0  0  2  0  0  0  3  0  0  0  2  0  0  0  1  0  0  0  0  0  0  0  1  0  0  0  2  0  0  0  0  0  0  0  0  0  0  0  0  3  0  5 29  2  0  5 25  0  2  0 34  3  7  2 53  4  6  2 89 16 81 4415000301713690100071592                
1022320414  0  1  1  2  0  0  0  0  0  0  0  0  0  1  1  2  0  0  0  0  0  0  0  0  0  0  0  0  0  1  0  0  0  1  1  0  0  1  1  2  0  0  0  0  0  0  0  0  0  0  0  0  0  1  1  2  0  0  0  0  0  0  0  0  0  0  1  0 13 13 20120 11  6 14 70 12 22 17166  8 13 17 64 28 28 42282 27 35 3119100801716330090171623                
1022320415  0  0  0  2  0  0  0  0  0  0  0  0  0  0  0  2  0  0  0  0  0  0  0  0  0  0  0  0  0  0  0  1  0  0  0  0  0  0  0  1  0  0  0  0  0  0  0  1  0  0  0  1  0  0  0  0  0  0  0  1  0  0  0  0  0  0  0  1  5  3  8 83  4  3  7 55  4  3  7 26  0  2  3 11 16 14 10219 13  8  7 8100700517330150101494                
1022320416  0  0  0  1  0  0  0  0  0  0  0  0  0  0  0  0  0  0  0  0  0  0  0  0  0  0  0  0  0  0  0  0  0  0  0  0  0  0  0  0  0  0  0  0  0  0  0  0  0  0  0  0  0  0  0  0  0  0  0  1  0  0  0  0  0  0  0  0  1  0  1 41  1  0  0 15  0  0  0  1  0  0  0  0  0  4  2 33  0  1  0  702302117160220161609                
1022320501                                                                                                                                                                                                             42 27 35334  3  3  3 56 12 22 17166 10  8  8 75 28 28 42282 35 39 272730180101244000000                    
1022320502                                                                                                                                                                                                             93 56 42252 12  4  3  9  7  3  5 21  8  4  2 16 36 22 22165  3  4  3 4901300016000190231155                
1022320503                                                                                                                                                                                                             20 20 29258  2  2  4 37  3  2  1 28  0  0  0  0 16 14 10219  0  0  0  010000014000210191860                
1022320504                                                                                                                                                                                                             81 78 66420  6  6  4 31 18 13  9106  4  7  2 14 49 47 29288  4  3  0 1110000014000240161840                
1022320505                                                                                                                                                                                                             39 39 37321  8  7 10 58  7  4  5 30  0  0  0  4 30 33 40274  0  0  0  00200151482000023                    
1022320506                                                                                                                                                                                                             11 77 34415 13  3  4  8  6  4  3  9  0  0  1  1 36 32 28105 39 30 2339501901917500140051400                
1022320507                                                                                                                                                                                                             54 56 73490  3  5  3 29 19 12 13154 20 17 18120 28 33 27311 26 28 2723202001017900240161840                
1022320508                                                                                                                                                                                                             59 61 65494  1  5  3 34  4  5  5 59 12 16 17153 17 20 21279  8 11 11 700170141710000000                    
1022320601                                                                                                                                                                                                             11 14 19218  1  0  0 19 20 36 35280 15 19 17211  7 14 16152 44 45 4653301801012440160161778                
1022320602                                                                                                                                                                                                              3  5  6 98  1  0  0  8  0  0  0  6  0  0  0  2  0  4  2 33  2  7  513505000014000100141754                
1022320603                                                                                                                                                                                                             43 37 49395  6  7  9 70 19 10 19108  6  3  8 48 17 20 21279 35 29 4133500801513410180081840                
1022320604                                                                                                                                                                                                             10  9 16173  0  3  2 48  6  3  7 88  3  0  0 10  4  2  4 57 23 10 15138000000    0120171463                
1022320605                                                                                                                                                                                                             52 46 35161 16 14  5 21  0  0  0  6 15 16 19 71 36 22 22165  3  6 11 5401401414800160161778                
1022320606                                                                                                                                                                                                             66 53 43319 14 10 12 67  7  4  6 55  1  0  0  7 49 47 29288  0  0  0  0000000    000000                    
1022320607                                                                                                                                                                                                             27 37 40359  4  9  4 60 31 37 38221  2  5  3 55 28 33 27311  7 12 14 950130161452000000                    
1022320608                                                                                                                                                                                                              2  3  0 47  0  0  0  0  0  0  0  0  0  0  0  0  1  1  2 18  0  0  0  002001514820180171979                
1022320609                                                                                                                                                                                                             25 26 32350  2  3  3 30 10  9 12 77  2  1  3 23 21 10 19206  2  0  3  80180151477000000                    
1022320701  1  0  1  6  0  0  0  0  0  0  0  0  1  0  0  4  0  0  0  1  0  0  0  1  0  0  0  0  1  0  0  1  0  0  0  0  1  0  0  3  0  0  0  1  0  0  0  0  0  0  0  1  1  0  1  1  0  0  0  4  0  0  0  2  1  0  1  1  2  4  6 28  2  3  4 23 29 20 23 90 50 51 46245 23 18 23174 36 37 3017001102115450240161732                
1022320702  1  0  0  4  0  0  0  0  0  0  0  0  1  0  0  4  0  0  0  0  0  0  0  0  0  0  0  0  0  0  0  2  0  0  0  2  1  0  0  2  0  0  0  2  0  0  0  0  0  0  0  1  1  0  0  3  0  0  0  0  0  0  0  0  0  0  0  2  0  1  2 26  0  1  2 21  0  1  4 57  1  0  0 10  5  5  9129 16  8  9 9500801716330080141592                
1022320703  1  0  1  4  0  0  0  1  0  0  0  0  1  0  1  3  1  0  0  2  0  0  0  1  0  0  0  0  1  0  0  2  0  0  0  1  0  0  1  2  0  0  0  1  1  0  0  0  0  0  0  2  1  0  1  2  0  0  0  0  0  0  0  0  0  0  0  1  0  0  0  0  0  0  0  0  0  0  0  4  0  0  0  1  1  1  2 18  1  0  1 1302101814260110081661                
1022320704  1  1  3  4  0  0  0  0  0  0  0  0  1  1  3  4  1  0  0  0  1  0  0  0  0  0  0  0  1  1  1  1  0  0  0  0  0  1  2  4  0  0  1  0  1  0  0  0  1  0  0  0  0  0  1  4  0  1  2  0  0  0  1  0  0  1  3  1  4  5  9 58  4  5  9 53 25 17 24169  1  0  0  4 17 20 21279  1  2  4 1100501215250110111268                
1022320705  1  0  0  2  0  0  0  0  0  0  0  0  1  0  0  2  0  0  0  0  0  0  0  0  0  0  0  0  1  0  0  1  1  0  0  1  1  0  0  2  0  0  0  0  0  0  0  0  1  0  0  0  0  0  0  0  0  0  0  2  0  0  0  0  1  0  0  2 17 23 23163  5  9  5 25  3  0  1 21  1  0  0  1 21 10 19206  1  0  0  300801716330180171699                
1022320706  1  2  3  7  0  0  0  0  0  0  0  0  1  2  3  6  0  1  0  1  0  1  0  1  0  0  0  1  1  1  1  5  0  0  0  0  1  1  2  5  0  1  0  1  0  0  1  0  1  0  1  2  0  0  2  4  0  2  0  1  0  2  0  1  1  1  1  2 16  7  8 55 15  7  8 51 15 18 12 82  8 14  9 92 49 47 29288 89 70 7441801801515020130161600                
1022320707  1  0  1  1  0  0  0  0  0  0  0  0  1  0  1  1  0  0  0  0  0  0  0  0  0  0  1  0  1  0  0  0  0  0  0  0  1  0  1  1  0  0  0  0  0  0  0  0  0  0  0  1  1  0  1  0  0  0  0  0  0  0  0  0  1  0  0  0  8  5  6 44  5  3  3 31  1  2  3 21  0  0  0  0  4  2  4 57  2  0  1  600801216890180151502                
1022320708  1  4  1  0  0  0  0  0  0  0  0  0  1  4  1  0  0  0  0  0  0  0  0  0  0  0  0  0  1  3  0  0  0  0  0  0  1  3  0  0  0  1  0  0  0  0  1  0  0  1  0  0  0  3  0  0  1  0  1  0  0  0  0  0  0  0  0  0  8 11  5 55  3  7  5 43  4 10  9 41 25 36 37290 28 33 27311  5 10  4 390210191718000000                    
1022320709  1  0  1  3  0  0  0  0  0  0  0  0  1  0  1  3  0  0  0  1  0  0  0  1  1  0  0  1  0  0  0  2  1  0  0  0  1  0  0  1  0  0  0  1  0  0  1  1  0  0  1  0  0  0  0  3  1  0  0  0  0  0  0  0  1  0  1  2  1  0  1 41  1  0  0 15  1  0  0  0  1  0  0  1  0  4  2 33 21 23 2719500701116770020031633                
1022320710  1  1  1  8  0  0  0  0  0  0  0  0  1  1  1  7  0  0  0  0  0  0  0  0  0  0  0  2  0  1  1  2  1  1  1  6  0  1  1  4  0  0  0  0  1  0  0  3  1  1  1  2  0  0  0  5  0  0  0  1  0  0  0  2  0  0  1  2  3  0  5 29  2  0  5 25  2  6  4 73  0  0  0  0  4  6  2 89  5  4  6 1301801416860000041900                
1022320711  0  0  0  8  0  0  0  1  4  2  2  2  0  0  0  7  0  0  0  1  0  0  0  1  0  0  0  1  0  0  0  4  0  0  0  0  0  0  0  5  0  0  0  2  0  0  0  0  0  0  0  2  0  0  0  4  0  0  0  2  0  0  0  0  0  0  0  3  2  1  7 31  2  1  7 29  1  1  3 17  0  0  0  4  5  7  2 86 11  8 1315201601515280240161732                
1022320712  1  1  0  3  0  0  0  0  0  0  0  0  1  1  0  2  0  0  0  0  0  0  0  0  0  0  0  0  1  1  0  1  1  1  0  2  1  0  0  1  0  1  0  1  0  0  0  0  1  1  0  1  0  0  0  1  0  0  0  1  0  0  0  1  0  1  0  2  3  8  6 36  1  7  5 32  1  1  0  9  1  2  1  8  6  3  6 99  1  1  0  301001016870110131431                
1022320801  1  1  4  5  0  0  0  0  0  0  0  0  1  1  4  4  0  0  2  0  0  0  0  0  0  0  0  0  1  1  1  2  1  1  2  2  1  1  2  4  0  0  1  0  0  0  1  0  0  0  1  1  1  0  0  2  0  1  3  2  1  0  0  0  0  1  3  1 52 46 35161 16 14  5 21 12  9 12 42 50 34 34119 36 22 22165  1  1  4  501901616350150081897                
1022320802  1  1  0  4  0  0  0  0  0  0  0  0  1  1  0  4  1  1  0  3  0  0  0  1  0  0  0  1  1  1  0  4  0  0  0  0  1  1  0  4  0  0  0  0  0  0  0  0  0  1  0  0  0  0  0  3  1  0  0  1  0  1  0  1  0  0  0  2  2  3  0 47  0  0  0  0  0  0  0  0  0  2  1  2  1  1  2 18  7  7  9 5102101918600100061258                
1022320803  1  0  1  5  0  0  0  0  0  0  0  0  0  0  0  2  0  0  0  2  0  0  0  1  0  0  0  0  0  0  0  2  1  0  0  1  0  0  0  2  0  0  0  0  0  0  0  0  0  0  0  1  0  0  0  3  1  0  1  1  0  0  0  1  0  0  1  0 40 41 32324 15  2  9102  2  1  0 11  2  0  2 17 30 33 40274  7  5  3 5802101815240110081778                
1022320804  1  3  1  3  0  0  0  0  0  0  0  0  0  1  0  2  0  0  0  0  0  0  0  0  0  0  0  0  0  1  0  1  0  0  0  0  0  0  0  2  0  1  0  0  0  0  0  0  0  0  0  1  0  1  1  0  1  2  0  2  0  0  0  1  0  1  0  1 16 24 20270  6  8  4 78 17 17 13201  2  2  1 10 16 14 10219  1  3  1  30190191750000000                    
1022320805  1  0  0  4  0  0  0  0  0  0  0  0  1  0  0  4  1  0  0  1  1  0  0  0  0  0  0  0  1  0  0  1  0  0  0  0  1  0  0  2  0  0  0  2  0  0  0  0  0  0  0  1  0  0  0  3  1  0  0  0  1  0  0  1  1  0  0  2 66 53 43319 14 10 12 67  7 11 11 49  9  8  9102 49 47 29288 16  2 1518402101815240130051604                
1022320806  0  0  0  9  0  0  0  0  2  2  1  1  0  0  0  3  0  0  0  1  0  0  0  1  0  0  0  0  0  0  0  2  0  0  0  0  0  0  0  3  0  0  0  0  0  0  0  0  0  0  0  2  0  0  0  4  0  0  0  3  0  0  0  2  0  0  0  4 29 32 20299  8 12  5 85  2  6  4 42  1  0  0  5 28 28 42282  8  3  1 4701601918790100061258                
1022320807  1  1  0 18  0  0  0  0  0  0  0  0  1  1  0 16  0  0  0  9  0  0  0  4  0  0  0  1  1  1  0 10  0  0  0  2  1  1  0 12  0  0  0  2  0  0  0  2  0  1  0  3  1  0  0  5  0  0  0 10  0  0  0  6  0  0  0  6  8  9 15181  0  1  0 18  0  0  0  8  0  0  0  2  5  8  4 99  5  5  1 360150121726000000                    
1022320808  1  1  0  5  0  0  0  0  0  0  0  0  1  1  0  5  1  1  0  4  1  1  0  3  0  0  0  1  1  1  0  4  1  0  0  2  1  1  0  3  0  0  0  1  0  0  0  1  0  0  0  2  0  0  0  3  1  1  0  0  1  0  0  1  1  0  0  0 43 37 49395  6  7  9 70 19 10 19108  6  3  8 48 17 20 21279 35 29 413350080121581000000                    
1022320809  1  1  0  2  0  0  0  0  0  0  0  0  1  1  0  2  1  0  0  2  0  0  0  2  0  0  0  0  1  1  0  2  0  0  0  0  1  1  0  2  0  0  0  0  0  0  0  0  1  0  0  0  0  1  0  1  0  0  0  1  0  0  0  0  0  0  0  0  4  4  3 34  0  0  0  0  0  0  0  5  0  0  0  2  2  0  0 11  6  1  3 1801901917500220201471                
1022320810  1  0  0  8  0  0  0  0  0  0  0  0  1  0  0  5  1  0  0  4  0  0  0  2  0  0  0  3  1  0  0  2  0  0  0  0  0  0  0  3  0  0  0  2  1  0  0  0  1  0  0  2  0  0  0  2  0  0  0  4  0  0  0  3  0  0  0  3  3  5  6 98  1  0  0  8  0  0  0  0  0  0  0  0  0  4  2 33 33 24 1512502101815240130161266                
1022320811  1  1  2 12  0  0  0  0  0  0  0  0  1  1  2 11  0  0  0  1  0  0  0  0  0  0  0  2  0  0  2  5  0  0  0  0  0  1  2  5  0  0  0  6  1  0  0  0  1  0  1  1  0  1  1  6  0  0  0  5  0  0  0  3  1  0  1  3 10  9 16173  0  3  2 48  0  0  0  5  0  0  1  4  4  2  4 57  0  1  1  701901917500160251971                
1022320812  1  2  1  4  0  0  0  0  0  0  0  0  1  2  1  4  1  1  0  2  1  1  0  1  0  0  0  0  1  2  1  3  0  1  1  0  0  2  1  3  0  0  0  1  1  0  0  0  0  0  0  2  0  2  1  1  1  0  0  1  1  0  0  0  0  0  0  3 27 37 40359  4  9  4 60  3  3  2 23  9 15 20118 28 33 27311  6  4  6 230140141480000000                    
1022320901  1  2  1  1  0  0  0  0  0  0  0  0  0  2  1  1  0  1  0  0  0  0  0  0  1  0  0  0  0  1  1  1  1  1  0  0  0  2  1  1  0  0  0  0  0  0  0  0  0  2  0  0  1  0  1  0  0  0  0  1  0  0  0  0  0  0  1  1 12 15 23197  0  3  2 21  1  2  2 16  1  1  0  0 21 10 19206  1  2  1  10180141870000000                    
1022320902  1  2  0  0  0  0  0  0  0  0  0  0  1  2  0  0  1  1  0  0  0  0  0  0  0  0  0  0  1  1  0  0  1  2  0  0  1  1  0  0  0  0  0  0  0  1  0  0  0  1  0  0  0  1  0  0  1  0  0  0  0  1  0  0  0  0  0  0 43 35 32196  9  5  3 29 17 18 17 65  2  3  2  2 49 47 29288  6 12  4 3302302117720130161572                
1022320903  1  0  0  3  0  0  0  0  0  0  0  0  1  0  0  3  1  0  0  2  1  0  0  0  0  0  0  1  1  0  0  2  1  0  0  2  0  0  0  3  1  0  0  0  0  0  0  0  0  0  0  1  1  0  0  2  0  0  0  0  0  0  0  0  0  0  0  1  4  7  6138  1  1  2 44  3  2  1 28  2  0  0  4 16 14 10219  1  0  0  301701417100150081897                
1022320904  1  2  2  1  0  0  0  0  0  0  0  0  1  2  2  1  1  2  0  1  1  0  0  0  0  0  0  0  1  2  1  1  0  0  1  0  1  2  2  0  0  0  0  1  0  0  0  0  0  1  0  0  0  1  1  1  1  0  1  0  0  0  0  0  1  1  1  0 22 25 23203  9  4  4 44 10 12 12112  0  0  1  0 28 28 42282  1  2  2  402102117950080151341                
1022320905  1  1  1  6  0  0  0  0  0  0  0  0  1  1  1  6  1  1  1  4  0  0  0  1  0  0  0  2  1  0  1  2  1  1  0  1  1  1  1  5  0  0  0  0  0  0  0  1  0  0  1  1  1  1  0  3  0  0  0  2  0  0  0  1  0  1  0  2 25 26 27208  3  1  2 31 13 22  9100  2  4  1 15 28 33 27311  4  3  5 2001801718890160001900                
1022320906  0  0  2  7  1  0  0  0  0  0  0  0  0  0  0  1  0  0  0  1  0  0  0  0  0  0  1  0  0  0  0  0  0  0  0  2  0  0  0  1  0  0  0  0  0  0  0  0  0  0  0  2  0  0  1  4  0  0  1  1  0  0  0  1  0  0  1  4 16 27 26238  0  5  8 31  3  4  5 34  0  0  0  4 17 20 21279  0  0  2  700801214690170111393                
1022320907  1  0  1  1  0  0  0  0  0  0  0  0  1  0  1  1  1  0  1  0  0  0  0  0  0  0  1  0  0  0  0  1  0  0  0  0  1  0  1  1  0  0  0  0  0  0  0  0  0  0  0  1  1  0  0  0  0  0  1  0  0  0  0  0  0  0  0  0 72 44 40112  8  4  4 16 60 50 35121 10 27 66430 36 32 28105 10 67  63400180171889000000                    
1022320908  1  0  0  6  0  0  0  0  0  0  0  0  0  0  0  0  0  0  0  0  0  0  0  0  0  0  0  0  0  0  0  0  1  0  0  5  0  0  0  0  0  0  0  0  0  0  0  0  1  0  0  1  0  0  0  4  0  0  0  1  0  0  0  0  0  0  0  4  0  0  0 20  0  0  0  5  2  2  1 31  1  0  0  8  1  0  4 52 14  9 1116600801513410160161778                
1022320909  1  0  1 10  0  0  0  0  0  0  0  0  0  0  0  1  0  0  0  1  0  0  0  0  0  0  0  2  0  0  0  0  0  0  0  0  0  0  0  1  0  0  0  0  0  0  0  0  0  0  0  4  0  0  1  3  1  0  0  3  0  0  0  1  0  0  0  2 27 24 13195  8 11  5 49  3  7  3 13  0  0  3  7 30 33 40274  8  2  3 5701501417550110131823                
1022320910  1  2  0  2  0  0  0  0  0  0  0  0  1  0  0  1  1  0  0  0  0  0  0  0  1  0  0  0  1  0  0  0  0  0  0  0  0  0  0  1  1  0  0  0  0  0  0  0  0  2  0  1  1  0  0  0  0  0  0  1  0  0  0  0  0  0  0  0 48 39 39134  2  3  1 12 15  8  7 37  6  2  0 14 36 22 22165  1  2  0  201801718890130161572                
1022321001  2  0  4 37  0  0  1  0  0  0  0  0  2  0  4 28  0  0  0  0  0  0  0  0  0  0  2  5  2  0  3 19  0  0  0  0  1  0  2 16  0  0  2  6  1  0  0  6  1  0  1 12  0  0  2 14  1  0  1 11  0  0  0  6  0  0  1 12  1  0  1 36  0  0  0 23  0  0  0  4  0  0  0  0  3  4  4 89  5  7 12 8601000917220140111482                
1022321002  2  3  3  9  0  0  0  0  0  0  0  0  2  3  3  8  0  1  2  4  0  0  0  0  1  1  2  3  1  2  2  5  1  2  0  0  2  3  2  7  0  0  1  0  0  0  0  1  1  1  1  1  0  2  1  4  1  0  1  4  0  1  2  5  0  2  2  1 16  7  8 55 15  7  8 51  4  3  1 27  1  2  0  0 49 47 29288  2  3  3 1200501613720150121687                
1022321003  2  2  1 21  0  0  0  0  0  0  0  0  2  2  1 20  0  0  1  2  0  0  1  1  0  0  0  4  1  2  1 15  0  0  0  3  1  2  1 17  0  0  0  2  1  0  0  1  1  0  1  8  1  1  0  9  0  1  0  4  0  0  1  3  1  0  1  7  2  2  0 37  2  1  0 35  0  0  0 21  0  0  0 13 13 23  9160  8 11  61020080131663000000                    
1022321004  2  2  0 12  0  0  0  0  0  0  0  0  2  2  0  8  1  1  0  2  1  1  0  2  2  0  0  4  2  2  0  5  0  0  0  1  1  1  0  5  0  0  0  1  1  1  0  2  1  0  0  2  1  0  0  5  0  2  0  5  1  0  0  4  1  1  0  4 17 23 23163  5  9  5 25  3  4  2 20  0  0  0  1 21 10 19206  3  3  1 3701801416860100071592                
1022321005  2  2  2 17  0  0  0  0  0  0  0  0  2  2  1 15  0  1  1  7  0  0  1  3  0  0  0  5  1  2  1 10  0  0  0  1  1  1  0 12  0  1  0  0  1  0  1  3  2  0  1  5  0  1  1  7  0  1  0  5  0  0  0  3  1  1  2  8  5  3  8 83  4  3  7 55  2  0  1 38  0  0  0  3 16 14 10219 29 25 2421402401617320110111268                
1022321006  1  1  4 10  1  0  0  0  0  0  0  0  1  0  0  4  0  0  0  0  0  0  0  0  0  0  1  1  0  0  0  2  0  0  0  0  0  0  0  2  0  0  0  0  1  0  0  2  0  0  1  0  0  0  0  5  1  1  3  5  0  0  0  4  1  0  2  2 13 13 20120 11  6 14 70 12 22 17166  1  0  2 24 28 28 42282 12 12 1114802002214080090111361                
1022321007  2  1  3  2  0  0  0  0  0  0  0  0  2  1  3  2  0  0  0  0  0  0  0  0  0  0  0  0  2  1  3  1  2  0  3  2  1  1  3  2  0  0  0  0  1  0  0  0  1  0  2  0  1  1  1  2  0  0  0  0  0  0  0  0  0  0  0  1  2  2  1 47  2  1  1 44 18 21 22255  2  2  5 13  7  4 10159  3  1  3  300901513820210191718                
1022321008  0  0  1  9  2  0  0  1  0  0  0  0  0  0  1  2  0  0  0  0  0  0  0  0  0  0  0  1  0  0  0  1  0  0  1  3  0  0  0  2  0  0  0  0  0  0  1  0  0  0  0  3  0  0  1  3  0  0  0  1  0  0  1  5  0  0  0  4  4  5  9 58  4  5  9 53 25 17 24169  0  0  1  5 17 20 21279  0  0  3 3500801113770130161600                
1022321009  2  0  1  5  0  0  0  0  0  0  0  0  2  0  1  5  0  0  0  0  0  0  0  0  0  0  0  0  1  0  1  2  0  0  0  0  2  0  1  3  0  0  0  1  0  0  0  1  0  0  0  0  0  0  0  4  2  0  1  1  0  0  0  1  0  0  0  2 15  8  3 19 14  8  1 18  3  5  2 10  2  1  0  0 36 32 28105 10  6  5 250080121689000000                    
1022321010  3  3  3 15  0  0  0  0  0  0  0  0  3  3  3 15  0  1  0  3  0  1  0  3  0  0  0  1  3  3  2 13  1  1  2  4  2  2  2 11  1  1  0  1  0  0  1  3  1  2  2  4  2  1  0  5  0  0  1  6  0  1  0  4  2  1  1  5  3  8  6 36  1  7  5 32  2  2  6 42  1  2  3 12  6  3  6 99 14 21 1411601101516210110081661                
1022321011  0  1  1  9  2  1  0  2  0  0  0  0  0  1  1  9  0  0  0  1  0  0  0  1  0  0  1  2  0  1  1  7  0  0  0  2  0  0  1  6  0  0  0  2  0  1  0  1  0  0  0  2  0  1  1  5  0  0  0  2  0  0  0  0  0  1  1  2  6  4  5 74  2  0  0 21 20 36 35280 15 19 17211  7 14 16152 44 45 4653301401416000140111482                
1022321012  2  1  4 19  0  0  0  0  0  0  0  0  2  1  4 18  1  0  1  4  1  0  1  4  1  0  4  5  2  1  2 15  0  0  1  2  1  1  2 11  0  0  1  3  1  0  1  4  0  0  0  3  1  1  3  8  1  0  1  8  1  0  2  2  1  0  1  9  0  1  2 26  0  1  2 21  3  2  3 61  0  0  1 17  5  5  9129  6  1  611400001316370110131699                
1022321101  5  8  1 45  0  0  0  0  0  0  0  0  5  8  1 44  0  0  0  6  0  0  0  2  0  0  0  3  5  5  0 26  0  0  0  0  5  5  1 33  0  1  0  7  0  2  0  4  1  4  1 17  3  1  0 15  1  3  0 13  1  2  1 11  1  5  1 12 10  7 21258  4  1  6 44  0  0  0  3  0  0  0  5  3  6  7159  5  8  1 5701100818040130051604                
1022321102  3  0  2  4  0  0  0  0  0  0  0  0  2  0  2  3  0  0  1  0  0  0  1  0  0  0  0  1  1  0  2  3  0  0  0  0  1  0  2  3  1  0  0  0  0  0  0  0  1  0  0  0  1  0  0  1  1  0  2  3  1  0  1  0  0  0  0  0  9  7  9178  3  1  3 48  1  0  1  5  0  0  0  2  4  3  5120  6  3  6 3001901917500180091300                
1022321103  3  4  0 12  0  0  0  0  0  0  0  0  3  4  0 11  2  4  0  8  1  1  0  1  0  0  0  0  3  4  0  8  0  0  0  0  2  2  0  9  1  2  0  1  0  0  0  1  2  1  0  3  1  3  0  5  0  0  0  4  0  0  0  1  0  2  0  5 25 26 32350  2  3  3 30  0  5  0 19  0  0  0  0 21 10 19206  7  5  3 240190191750000000                    
1022321104  3  3  2 13  0  0  0  0  0  0  0  0  1  0  2  3  0  0  0  1  0  0  0  0  1  1  0  1  1  0  0  2  0  0  0  0  1  0  1  2  0  0  0  1  0  0  1  0  0  0  1  1  1  0  1  4  2  3  0  7  2  1  2  2  0  0  1  5  4  4  3 34  0  0  0  0  0  0  0  0  0  0  0  0  2  0  0 11  7  6  5 3401801514770110131823                
1022321105  3  1  0  2  0  0  0  0  0  0  0  0  3  1  0  2  3  1  0  1  2  1  0  0  0  0  0  0  3  1  0  1  0  0  0  0  2  0  0  2  1  0  0  0  0  1  0  0  2  0  0  0  0  1  0  0  1  0  0  2  1  1  0  0  2  1  0  1  2  3  0 47  0  0  0  0  0  0  1  0  0  0  0  1  1  1  2 18 44 45 4653301900215050100041341                
1022321106  3  0  0 21  0  0  0  0  0  0  0  0  3  0  0 21  2  0  0  9  0  0  0  3  1  0  0  2  3  0  0 15  0  0  0  0  3  0  0 15  0  0  0  3  0  0  0  3  2  0  0  7  1  0  0  8  0  0  0  6  0  0  0  2  0  0  0  6  8  9 15181  0  1  0 18  0  0  0 11  4  8  6 80  5  8  4 99 97 98 8383601400818510070081640                
1022321107  4  5  3 23  0  0  0  0  0  0  0  0  0  0  0  2  0  0  0  1  0  0  0  1  0  1  0  1  0  0  0  1  0  0  0  1  0  0  0  2  0  0  0  0  0  0  0  0  2  0  1  2  2  3  1 14  0  2  1  7  0  1  0  5  2  2  1  8 16 24 20270  6  8  4 78  2  2  4 39  0  0  0  8 16 14 10219 17 14 1422001001417540100061258                
1022321108  3  4  0 10  0  0  0  0  0  0  0  0  3  4  0 10  0  3  0  3  0  0  0  1  2  0  0  2  2  4  0  5  0  0  0  1  2  4  0 10  1  0  0  0  0  0  0  0  0  1  0  1  1  1  0  4  2  2  0  5  0  1  0  2  3  1  0  2 45 33 13 95  8  4  4 21 25 16 13 46  8  2  5 25 36 32 28105 30 33 1519301401317980110081778                
1022321109  4  6  2 14  0  0  0  0  0  0  0  0  4  6  2 14  3  3  0  6  1  1  0  2  1  0  0  1  4  5  1 10  0  0  0  0  1  3  2 11  2  2  0  3  1  1  0  0  1  0  0  4  2  3  0  3  1  3  2  7  0  2  2  2  2  3  1  4 27 37 40359  4  9  4 60  3  4  3 42 13  9  4 78 28 33 27311  4  6  2 1801201314300210191860                
1022321110  4  1  2 16  0  0  0  0  0  0  0  0  4  1  2 16  0  0  0  6  0  0  0  2  0  0  0  2  3  1  1 12  0  0  0  1  2  1  2 15  1  0  0  0  1  0  0  1  2  1  0  1  1  0  0  6  1  0  2  9  0  0  1  4  1  1  0  7 10  9 10192  3  3  1 49 10  4  1 44  2  2  3 55 24 24 19254 45 35 385090210181524000011                    
1022321111  4  2  2 12  0  0  0  0  0  0  0  0  4  2  2 12  1  0  0  0  0  0  0  0  0  0  0  1  4  2  1  6  0  0  1  3  4  2  2 10  0  0  0  2  0  0  0  0  1  0  0  5  3  1  1  5  0  1  1  2  0  1  0  1  1  1  0  4 40 41 32324 15  2  9102  5  8  6 65  3  1  3  4 30 33 40274 17 16 13 6501501417550100061258                
1022321112  4  4  2  9  0  0  0  0  0  0  0  0  4  4  2  9  0  0  0  0  0  0  0  0  1  0  0  1  4  2  2  7  0  0  0  1  2  3  2  5  0  0  0  4  2  1  0  0  2  2  1  3  0  2  0  6  2  0  1  0  0  0  0  3  4  2  1  4 16 15 22186  5  6  9 52 13  6  8 62  8  3  2 33  6  3  6 99 17 12  7 6601901917500100001688                
1022321113  2  2  1  5  0  0  0  0  0  0  0  0  2  2  1  4  1  2  0  1  0  1  0  0  0  0  1  1  1  2  0  2  0  0  0  0  1  0  1  4  1  1  0  0  0  1  0  0  1  1  0  0  0  1  0  2  1  0  1  3  1  1  0  1  0  2  1  3 28 24 23130  4  9  8 25  6 10  6 18 43 41 52300 23 18 23174 42 35 351840180151477000000                    
1022321114  3  2  1 12  0  0  0  0  0  0  0  0  3  2  1 11  3  2  1  7  3  1  0  3  1  0  0  2  3  2  1  8  0  0  0  0  2  2  1  8  1  0  0  3  0  0  0  0  0  0  0  1  1  2  1  3  2  0  0  8  2  0  0  0  0  0  0  5 11 14 19218  1  0  0 19  0  0  0  3  6  8  8 81  7 14 16152 52 44 4939402101815240180081840                
1022321115  4  0  1  7  0  0  0  0  0  0  0  0  4  0  0  6  4  0  0  3  2  0  0  1  0  0  0  0  3  0  0  3  0  0  0  0  4  0  0  4  0  0  0  1  0  0  0  1  2  0  0  1  0  0  0  4  2  0  1  2  2  0  0  0  3  0  0  2 43 37 49395  6  7  9 70  0  0  0  2  2  2  2 33 17 20 21279  9  9  4 4402101815240100141754                
1022321116  2  2  1 20  0  0  0  0  0  0  0  0  2  2  1 20  0  0  1  1  0  0  0  0  0  0  0  3  1  1  1  8  1  1  0  7  2  2  1 17  0  0  0  2  0  0  0  1  1  1  0  5  0  0  0  8  1  1  1  7  0  1  1  3  1  1  1  3 29 32 20299  8 12  5 85 22 18 11128 11 14 12 67 28 28 42282 83 43 363460240161840000000                    
1022321117  3  3  1 10  0  0  0  0  3  0  0  1  3  3  1  8  3  1  1  5  2  1  0  0  1  0  0  0  3  2  1  6  2  1  0  2  1  1  1  6  1  1  0  1  1  1  0  1  0  0  1  2  1  1  0  5  2  2  0  3  3  3  0  3  1  2  0  2 66 53 43319 14 10 12 67 18 13  4 59  4  2  2 16 49 47 29288 13 13  5 6302101815240100061258                
1022321201  0  0  3  4  0  0  1  0  2  1  1  1  0  0  3  4  0  0  2  0  0  0  2  0  0  0  1  0  0  0  2  3  0  0  0  0  0  0  2  2  0  0  0  0  0  0  1  2  0  0  1  1  0  0  1  2  0  0  1  1  0  0  0  0  0  0  1  2  8  5  6 44  5  3  3 31  0  0  0  3  0  0  0  0  4  2  4 57 17 20 1818901000614540040081444                
1022321202  1  0  0 14  0  0  0  0  0  0  0  0  1  0  0 10  0  0  0  3  0  0  0  0  0  0  0  3  0  0  0  7  0  0  0  2  1  0  0  6  0  0  0  4  0  0  0  0  1  0  0  6  0  0  0  4  0  0  0  4  0  0  0  1  1  0  0  5  3  1  3 40  3  1  2 33  7  2  5121  4  1  4 23  9  7  4120 14  7 1611201101316730030091888                
1022321203  0  0  0  3  0  0  0  0  3  1  0  2  0  0  0  1  0  0  0  1  0  0  0  1  0  0  0  0  0  0  0  1  0  0  0  2  0  0  0  1  0  0  0  0  0  0  0  0  0  0  0  0  0  0  0  1  0  0  0  2  0  0  0  1  0  0  0  0  1  0  1 36  0  0  0 23  5  9  6 89  0  0  0  5  3  4  4 89  0  0  0  401601916700000121302                
1022321204  0  3  0  4  0  0  0  0  0  0  0  0  0  3  0  3  0  0  0  1  0  0  0  0  0  0  0  0  0  1  0  1  0  0  0  0  0  2  0  1  0  0  0  0  0  1  0  2  0  1  0  0  0  2  0  2  0  0  0  2  0  0  0  0  0  1  0  3  3 11  4 16  0  1  0  1  1  1  1  5  0  0  0  0 14 18 15122  0  3  0 2200801716330090061400                
1022321205  0  0  0  3  1  0  0  0  0  0  0  0  0  0  0  3  0  0  0  0  0  0  0  0  0  0  0  0  0  0  0  1  0  0  0  2  0  0  0  2  0  0  0  1  0  0  0  0  0  0  0  0  0  0  0  1  0  0  0  2  0  0  0  0  0  0  0  2  0  1  2 44  0  1  2 36  0  0  0  4  5  1  3 21  4  3  5120  6  3  2 1200801716330000121700                
1022321206  1  0  0  4  0  0  0  0  0  0  0  0  1  0  0  4  0  0  0  1  0  0  0  0  0  0  0  0  1  0  0  3  1  0  0  1  0  0  0  3  0  0  0  1  1  0  0  0  0  0  0  2  1  0  0  1  0  0  0  1  0  0  0  0  1  0  0  0  6  5  5 71  4  0  2 14  1  0  0  5  1  1  0  6  5  8  4 99  1  0  0  600801215260110131699                
1022321207  0  4  0  6  0  0  0  0  3  1  2  4  0  4  0  5  0  0  0  0  0  0  0  0  0  2  0  0  0  1  0  2  0  0  0  0  0  3  0  3  0  0  0  0  0  1  0  2  0  1  0  0  0  3  0  6  0  0  0  0  0  0  0  1  0  3  0  4 17 23 11153  7 12  7 97  0  0  0 18  2  4  5 39 30 33 40274  7  4  1 400090081280000000                    
1022321208  0  0  0  7  1  0  0  0  0  0  0  0  0  0  0  7  0  0  0  0  0  0  0  0  0  0  0  4  0  0  0  5  0  0  0  4  0  0  0  5  0  0  0  1  0  0  0  1  0  0  0  2  0  0  0  4  0  0  0  1  0  0  0  1  0  0  0  3  8 11  5 55  3  7  5 43  8 12  3 65  1  4  1 20 28 33 27311 23 19 2622101401416000010101210                
1022321209  1  0  0  2  0  0  0  0  0  0  0  0  1  0  0  2  0  0  0  0  0  0  0  0  0  0  0  0  0  0  0  1  0  0  0  0  1  0  0  2  0  0  0  0  0  0  0  0  1  0  0  0  0  0  0  0  0  0  0  2  1  0  0  0  0  0  0  2  4  5  9 58  4  5  9 53  0  2  1 25  1  1  1 19 17 20 21279  1  0  0  200902114490210191718                
1022321210  1  0  0  5  0  0  0  0  0  0  0  0  1  0  0  5  0  0  0  3  0  0  0  3  0  0  0  2  0  0  0  3  1  0  0  2  0  0  0  5  0  0  0  0  1  0  0  0  0  0  0  3  1  0  0  2  0  0  0  0  0  0  0  1  0  0  0  1  5  3  8 83  4  3  7 55 30 20 25313  4  4  9 70 16 14 10219 43 48 4649400401714940130051557                
1022321211  1  0  0  5  0  0  0  0  0  0  0  0  1  0  0  3  1  0  0  0  0  0  0  0  0  0  0  1  1  0  0  1  0  0  0  0  1  0  0  2  0  0  0  1  0  0  0  0  0  0  0  1  0  0  0  3  1  0  0  1  1  0  0  2  0  0  0  3  0  0  0  0  0  0  0  0  0  0  0  0  0  0  0  0  2  0  0 11 10  2  3 5801501615280120131530                
1022321212  0  2  1 10  0  0  0  1  2  1  1  0  0  2  1  7  0  0  0  0  0  0  0  0  0  0  0  0  0  2  1  4  0  0  0  5  0  2  1  5  0  0  0  1  0  0  0  1  0  0  0  1  0  1  1  2  0  1  0  7  0  1  0  3  0  1  0  3  2  2  0 37  2  1  0 35  0  1  0  7 13  7  8113 13 23  9160  0  1  0  30210181426000000                    
1022321213  1  0  0  2  0  0  0  0  0  0  0  0  1  0  0  2  0  0  0  0  0  0  0  0  0  0  0  0  1  0  0  1  0  0  0  1  1  0  0  2  0  0  0  0  0  0  0  0  1  0  0  0  0  0  0  0  0  0  0  2  0  0  0  0  0  0  0  0  0  0  0  0  0  0  0  0  3  3  1 38  0  0  0  5  1  1  2 18  4  2  4 2800401714940090121532                
