0623540101  0  0  0  3  0  0  0  0  0  0  0  0  0  0  0  2  0  0  0  0  0  0  0  0  0  0  0  0  0  0  0  1  0  0  0  1  0  0  0  1  0  0  0  1  0  0  0  0  0  0  0  3  0  0  0  0  0  0  0  0  0  0  0  2  0  0  0  0 14 14 25377  4  7  6118  2  2  5123  0  0  0 15 10 13 25286  0  1  0 2400801414640080091420                
0623540102  0  0  0  1  0  0  0  0  0  0  0  0  0  0  0  0  0  0  0  0  0  0  0  0  0  0  0  0  0  0  0  0  0  0  0  0  0  0  0  0  0  0  0  0  0  0  0  0  0  0  0  1  0  0  0  0  0  0  0  0  0  0  0  0  0  0  0  0  4  0  4 80  2  0  1 28  2  0  2 18  0  0  0  0  1  0  3 49  3  1  1  901501017940110071682                
0623540103  0  0  0  2  0  0  0  0  0  0  0  0  0  0  0  2  0  0  0  0  0  0  0  0  0  0  0  0  0  0  0  0  0  0  0  1  0  0  0  0  0  0  0  0  0  0  0  2  0  0  0  1  0  0  0  1  0  0  0  0  0  0  0  2  0  0  0  1 31 37 33224 19 19 22105  3  2  0  7  2  3  2  9 39 51 45321  0  0  0  300802114580060061683                
0623540104  0  0  0  2  0  0  0  0  0  0  0  0  0  0  0  1  0  0  0  1  0  0  0  1  0  0  0  0  0  0  0  1  0  0  0  1  0  0  0  1  0  0  0  0  0  0  0  0  0  0  0  1  0  0  0  1  0  0  0  0  0  0  0  1  0  0  0  1  2  1  4 89  1  0  3 26  1  1  0 11  0  0  0  1  2  0  0 48  1  0  0 140000081233000000                    
0623540105  0  0  0  3  0  0  0  0  0  0  0  0  0  0  0  2  0  0  0  0  0  0  0  0  0  0  0  1  0  0  0  1  0  0  0  0  0  0  0  1  0  0  0  1  0  0  0  0  0  0  0  1  0  0  0  0  0  0  0  2  0  0  0  2  0  0  0  1  1  0  2 42  1  0  0 16  0  0  2 72  0  0  0  3  0  0  0 18  0  0  0 1501801215470210171435                
0623540106  0  0  0  1  0  0  0  0  0  0  0  0  0  0  0  0  0  0  0  0  0  0  0  0  0  0  0  0  0  0  0  0  0  0  0  0  0  0  0  0  0  0  0  0  0  0  0  0  0  0  0  1  0  0  0  0  0  0  0  0  0  0  0  1  0  0  0  0 17 21 21356  6  9  5124  0  0  0 12  0  0  0  4  6  8  7184  3  4  4 5401201514120120161401                
0623540107  0  0  1  2  0  0  0  0  0  0  0  0  0  0  1  1  0  0  1  0  0  0  1  0  0  0  0  0  0  0  1  1  0  0  0  0  0  0  1  0  0  0  0  1  0  0  0  0  0  0  1  2  0  0  0  0  0  0  0  0  0  0  0  1  0  0  1  0 20 19 25202  3  0  6 42  1  3  0  7  0  0  0  0 11  9 14121 12  5 1311301701515120260241437                
0623540108  0  0  0  3  0  0  0  0  0  0  0  0  0  0  0  1  0  0  0  0  0  0  0  0  0  0  0  0  0  0  0  0  0  0  0  0  0  0  0  1  0  0  0  0  0  0  0  0  0  0  0  2  0  0  0  0  0  0  0  1  0  0  0  2  0  0  0  3 48 31 46376  0  0  0  6  0  0  0  0 12 14 20157 27 25 30338  1  1  2 240210171435000000                    
0623540109  0  0  0  1  0  0  0  0  0  0  0  0  0  0  0  0  0  0  0  0  0  0  0  0  0  0  0  0  0  0  0  0  0  0  0  1  0  0  0  0  0  0  0  0  0  0  0  0  0  0  0  1  0  0  0  0  0  0  0  0  0  0  0  1  0  0  0  1  1  5  4162  0  5  2120  0  0  3 63  0  0  0  1  6  8  5167  0  0  0  301601714790140111691                
0623540110  0  0  0  4  0  0  0  0  0  0  0  0  0  0  0  2  0  0  0  0  0  0  0  0  0  0  0  0  0  0  0  1  0  0  0  2  0  0  0  2  0  0  0  0  0  0  0  0  0  0  0  2  0  0  0  2  0  0  0  0  0  0  0  2  0  0  0  3 14 16 15226  9 11 12128  3  3  3 62  2  0  0 17 10  9  8357  3  7  110701001014660000121643                
0623540111  0  0  0  2  0  0  0  0  0  0  0  0  0  0  0  1  0  0  0  0  0  0  0  0  0  0  0  0  0  0  0  0  0  0  0  0  0  0  0  1  0  0  0  0  0  0  0  0  0  0  0  2  0  0  0  0  0  0  0  0  0  0  0  1  0  0  0  1  6  7  8 74  1  2  4 20  1  1  0  0  0  0  0  0  0  0  3 14  1  1  0  800701616200170141513                
0623540112  0  1  0  1  0  0  0  0  0  0  0  0  0  1  0  1  0  0  0  0  0  0  0  0  0  0  0  0  0  0  0  0  0  1  0  1  0  1  0  1  0  0  0  0  0  0  0  0  0  1  0  1  0  0  0  0  0  0  0  0  0  1  0  1  0  1  0  1 48 45 30204 25 20 14 99 18 15 19 94  8 11  9 41 42 39 30225  6  7  0 6500802114580170161779                
0623540113  0  0  0  3  0  0  0  0  0  0  0  0  0  0  0  0  0  0  0  0  0  0  0  0  0  0  0  0  0  0  0  0  0  0  0  2  0  0  0  0  0  0  0  0  0  0  0  0  0  0  0  1  0  0  0  2  0  0  0  0  0  0  0  0  0  0  0  1 20 26 15284 13 11  9165  3  1  1 21  9  7  7 69 11 12 18278  0  0  0 1600701114220080071333                
0623540114  0  0  0  1  0  0  0  0  0  0  0  0  0  0  0  1  0  0  0  0  0  0  0  0  0  0  0  0  0  0  0  0  0  0  0  0  0  0  0  1  0  0  0  0  0  0  0  0  0  0  0  1  0  0  0  0  0  0  0  0  0  0  0  1  0  0  0  0 28 25 24165 20 15 10 87  6 13  8 82  0  0  0  0 31 27 27227  0  0  0  1000000    0040101629                
0623540115  0  0  0  1  0  0  0  0  0  0  0  0  0  0  0  1  0  0  0  0  0  0  0  0  0  0  0  0  0  0  0  1  0  0  0  1  0  0  0  1  0  0  0  0  0  0  0  0  0  0  0  0  0  0  0  1  0  0  0  0  0  0  0  0  0  0  0  1 35 54 61464  2 13  5119 11 11 13164  0  0  0  5 25 53 53528  0  0  0 2301601714790070061480                
0623540116  0  0  0  3  0  0  0  0  0  0  0  0  0  0  0  3  0  0  0  1  0  0  0  0  0  0  0  0  0  0  0  2  0  0  0  3  0  0  0  2  0  0  0  0  0  0  0  1  0  0  0  2  0  0  0  1  0  0  0  0  0  0  0  0  0  0  0  0  5 13 15199  1  8  9 98  3  2  5 72 11 31 63161  9 16 21327  6  8 1218100802114580170141513                
0623540201  0  0  0  5  0  0  0  0  0  0  0  0  0  0  0  4  0  0  0  2  0  0  0  1  0  0  0  0  0  0  0  2  0  0  0  0  0  0  0  3  0  0  0  0  0  0  0  1  0  0  0  3  0  0  0  2  0  0  0  0  0  0  0  1  0  0  0  1 13 20 23225  2  0  2 21  0  1  0 12 13 13 14108 31 44 44493  0  0  0  501000717150100061416                
0623540202  0  0  0  4  0  0  0  0  0  0  0  0  0  0  0  4  0  0  0  2  0  0  0  1  0  0  0  1  0  0  0  2  0  0  0  0  0  0  0  4  0  0  0  0  0  0  0  0  0  0  0  2  0  0  0  1  0  0  0  1  0  0  0  1  0  0  0  3  6  7  8 74  0  2  0  5  0  0  1  2  1  1  0  0  0  0  3 14  6  5  812001201714450090121428                
0623540203  0  0  0  3  0  0  0  0  0  0  0  0  0  0  0  3  0  0  0  2  0  0  0  0  0  0  0  0  0  0  0  3  0  0  0  2  0  0  0  3  0  0  0  0  0  0  0  0  0  0  0  1  0  0  0  2  0  0  0  0  0  0  0  2  0  0  0  3  1  2  5 86  0  0  0  6  0  0  1 16  0  0  0  2  2  4  2 66  0  0  0  6000000    0190091670                
0623540204  0  0  0  4  0  0  0  0  0  0  0  0  0  0  0  4  0  0  0  1  0  0  0  0  0  0  0  0  0  0  0  2  0  0  0  0  0  0  0  3  0  0  0  1  0  0  0  0  0  0  0  1  0  0  0  1  0  0  0  2  0  0  0  0  0  0  0  0 14 14 25377  0  0  0 25  0  0  0 21  0  0  0  0 10 13 25286 10 11  81780080111759000000                    
0623540205  0  1  1  1  0  0  0  0  0  0  0  0  0  1  1  1  0  1  1  1  0  0  1  0  0  0  0  0  0  1  1  0  0  0  0  0  0  1  0  1  0  0  1  0  0  0  0  0  0  1  0  0  0  0  1  0  0  0  0  1  0  0  0  0  0  1  0  0 20 19 25202  1  1  1  7  2  1  0 17  0  0  0  0 11  9 14121  1  3  4 2201601317810060041250                
0623540206  0  0  0  4  0  0  0  0  0  0  0  0  0  0  0  2  0  0  0  1  0  0  0  0  0  0  0  0  0  0  0  1  0  0  0  4  0  0  0  2  0  0  0  0  0  0  0  0  0  0  0  3  0  0  0  1  0  0  0  0  0  0  0  0  0  0  0  1  7  7 16264  0  1  0 41  0  1  0 29 32 35 57876  9  7  3189  5  4 1019001900713330060041250                
0623540207  0  0  0  1  0  0  0  0  0  0  0  0  0  0  0  1  0  0  0  0  0  0  0  0  0  0  0  0  0  0  0  0  0  0  0  0  0  0  0  1  0  0  0  0  0  0  0  0  0  0  0  1  0  0  0  0  0  0  0  0  0  0  0  0  0  0  0  1  2  1  4 89  0  0  0  6  0  0  0  5  0  0  0  0  2  0  0 48  0  0  0  401001013700080091366                
0623540208  0  0  0  2  0  0  0  0  0  0  0  0  0  0  0  0  0  0  0  0  0  0  0  0  0  0  0  0  0  0  0  0  0  0  0  2  0  0  0  0  0  0  0  0  0  0  0  0  0  0  0  1  0  0  0  1  0  0  0  0  0  0  0  0  0  0  0  1  3  4  6118  2  0  2 10 10  7 14325  0  0  0  2  0  3  1 62  0  0  0  201701012330090151300                
0623540209  0  1  0  1  0  0  0  0  0  0  0  0  0  1  0  1  0  0  0  1  0  0  0  1  0  0  0  0  0  0  0  1  0  0  0  1  0  1  0  1  0  0  0  0  0  0  0  0  0  0  0  1  0  1  0  0  0  0  0  0  0  1  0  1  0  1  0  0 35 54 61464  4  4  6 40 16 21 18151  0  0  0  2 25 53 53528  2  2  5 5301201613570080111390                
0623540210  0  0  1  3  0  0  0  0  0  0  0  0  0  0  1  3  0  0  1  2  0  0  1  1  0  0  0  0  0  0  1  2  0  0  0  0  0  0  1  3  0  0  0  0  0  0  0  0  0  0  1  3  0  0  0  0  0  0  0  0  0  0  0  0  0  0  0  1 43 42 38346  3  4  8 43  4  3  3 29  0  1  0  0 26 41 38329  3  0  3 1200701114860200191877                
0623540211  0  0  0  1  0  0  0  0  0  0  0  0  0  0  0  1  0  0  0  0  0  0  0  0  0  0  0  0  0  0  0  0  0  0  0  0  0  0  0  1  0  0  0  0  0  0  0  0  0  0  0  0  0  0  0  1  0  0  0  0  0  0  0  1  0  0  0  0 20 26 15284  2  3  1 31  0  2  3 32  0  1  0  0 11 12 18278  0  0  1 35000010    000000                    
0623540212  0  1  0  0  0  0  0  0  0  0  0  0  0  1  0  0  0  1  0  0  0  0  0  0  0  0  0  0  0  1  0  0  0  0  0  0  0  0  0  0  0  1  0  0  0  0  0  0  0  1  0  0  0  0  0  0  0  0  0  0  0  1  0  0  0  0  0  0 17 21 21356  0  0  1 24  5  8  8120  2  0  1 24  6  8  7184  2  1  0 3101000614160130141430                
0623540213  0  1  0  1  0  0  0  0  0  0  0  0  0  0  0  1  0  0  0  0  0  0  0  0  0  1  0  0  0  0  0  0  0  0  0  0  0  0  0  0  0  0  0  0  0  0  0  1  0  0  0  1  0  1  0  0  0  0  0  0  0  1  0  1  0  0  0  0 12  5 15169  2  0  3 21 18 12 24198  0  0  1  6  8  8 10177  0  1  1 1101201714450100111237                
0623540214  0  0  0  3  0  0  0  0  0  0  0  0  0  0  0  3  0  0  0  3  0  0  0  0  0  0  0  0  0  0  0  3  0  0  0  2  0  0  0  3  0  0  0  0  0  0  0  0  0  0  0  0  0  0  0  2  0  0  0  1  0  0  0  0  0  0  0  2 23 14 26372  0  0  0 14  1  0  0 15  0  0  0  2 13 11 10192  0  0  0  301001017250110041800                
0623540215  0  0  0  4  0  0  0  0  0  0  0  0  0  0  0  3  0  0  0  1  0  0  0  0  0  0  0  0  0  0  0  1  0  0  0  0  0  0  0  3  0  0  0  0  0  0  0  0  0  0  0  1  0  0  0  3  0  0  0  0  0  0  0  0  0  0  0  1  4  0  4 80  0  0  0  6  0  0  1  1  0  0  0  0  1  0  3 49  1  3  3 72000000    000000                    
0623540216  0  0  0  2  0  0  0  0  0  0  0  0  0  0  0  2  0  0  0  1  0  0  0  1  0  0  0  0  0  0  0  1  0  0  0  0  0  0  0  2  0  0  0  0  0  0  0  0  0  0  0  2  0  0  0  0  0  0  0  0  0  0  0  2  0  0  0  0 16 20 27243  4  5  4 35  1  1  0 16  0  0  0  1 26 33 40552  0  0  0  201000717150110111682                
0623540301  0  0  0  1  0  0  0  0  0  0  0  0  0  0  0  0  0  0  0  0  0  0  0  0  0  0  0  0  0  0  0  0  0  0  0  1  0  0  0  0  0  0  0  0  0  0  0  0  0  0  0  1  0  0  0  0  0  0  0  0  0  0  0  1  0  0  0  1 15 12 13340  9  9  4162  2  1  6 22  0  0  0  1 11 12 18278  0  0  1  400400715880160101482                
0623540302  0  0  0  1  0  0  0  0  0  0  0  0  0  0  0  1  0  0  0  0  0  0  0  0  0  0  0  0  0  0  0  0  0  0  0  0  0  0  0  1  0  0  0  0  0  0  0  0  0  0  0  0  0  0  0  0  0  0  0  1  0  0  0  1  0  0  0  0 45 46 49478 14 12 16183  7  4 11 38  6  7  2 13 26 41 38329  1  4  4 2901002016750140151604                
0623540303  0  1  0  1  0  0  0  0  0  0  0  0  0  1  0  1  0  0  0  0  0  0  0  0  0  0  0  1  0  0  0  0  0  0  0  0  0  1  0  0  0  0  0  0  0  0  0  1  0  0  0  0  0  0  0  0  0  1  0  1  0  1  0  1  0  0  0  0  1  2  6 50  0  0  1 16  0  0  0  2  0  0  0  3  0  0  3 14  8  9  718700601914590170141513                
0623540304  0  0  0  1  0  0  0  0  0  0  0  0  0  0  0  1  0  0  0  0  0  0  0  0  0  0  0  0  0  0  0  0  0  0  0  0  0  0  0  1  0  0  0  0  0  0  0  0  0  0  0  1  0  0  0  0  0  0  0  0  0  0  0  1  0  0  0  1 11 14 15233  4  6  8 93 24 34 27453  7  7 10126 13 28 18295 13 28 2524600901614160080111391                
0623540305  0  1  0  0  0  0  0  0  0  0  0  0  0  1  0  0  0  0  0  0  0  0  0  0  0  0  0  0  0  1  0  0  0  1  0  0  0  1  0  0  0  0  0  0  0  0  0  0  0  1  0  0  0  0  0  0  0  0  0  0  0  1  0  0  0  1  0  0 12 16 18310  5  6  7 93 50 49 47486  4  2  7 79 10 13 25286  3  3  2 5601601714790070211685                
0623540306  0  0  0  4  0  0  0  0  0  0  0  0  0  0  0  4  0  0  0  0  0  0  0  0  0  0  0  0  0  0  0  2  0  0  0  1  0  0  0  4  0  0  0  0  0  0  0  0  0  0  0  2  0  0  0  2  0  0  0  0  0  0  0  2  0  0  0  1 12 14 14244  3  4  8101  0  0  1 14  0  0  1  5  6 13 18200  4  3  4 3600701616200010111436                
0623540307  0  0  0  1  0  0  0  0  0  0  0  0  0  0  0  1  0  0  0  0  0  0  0  0  0  0  0  0  0  0  0  0  0  0  0  1  0  0  0  1  0  0  0  0  0  0  0  0  0  0  0  0  0  0  0  0  0  0  0  1  0  0  0  1  0  0  0  1  6 11 11225  4  7  7107  0  0  0  2  9  4  7169  7 17 13270  1  3  2  600701314950120101500                
0623540308  0  0  0  1  0  0  0  0  0  0  0  0  0  0  0  1  0  0  0  0  0  0  0  0  0  0  0  0  0  0  0  1  0  0  0  0  0  0  0  1  0  0  0  0  0  0  0  0  0  0  0  1  0  0  0  0  0  0  0  0  0  0  0  1  0  0  0  0 11 20 22335  2  7  7 93  5  8  8120  0  0  0  1  6  8  7184  0  0  0  900801715120090111449                
0623540309  0  0  0  3  0  0  0  0  0  0  0  0  0  0  0  1  0  0  0  0  0  0  0  0  0  0  0  0  0  0  0  0  0  0  0  0  0  0  0  0  0  0  0  0  0  0  0  1  0  0  0  2  0  0  0  0  0  0  0  1  0  0  0  1  0  0  0  2 30 20 27268 11  9  7 85  2  0  0  5  0  0  1  1 29 29 40297  0  0  0  301802616140110061550                
0623540310  0  0  0  2  0  0  0  0  0  0  0  0  0  0  0  2  0  0  0  2  0  0  0  1  0  0  0  0  0  0  0  1  0  0  0  2  0  0  0  2  0  0  0  0  0  0  0  0  0  0  0  1  0  0  0  0  0  0  0  1  0  0  0  0  0  0  0  0  5  8  4101  2  2  1 28  4  2  5 62  3  2  1 28  7 10  5148  7  8  4 9201001316320110151694                
0623540311  0  1  0  1  0  0  0  0  0  0  0  0  0  1  0  0  0  0  0  0  0  0  0  0  0  1  0  0  0  0  0  0  0  1  0  0  0  0  0  0  0  0  0  0  0  1  0  0  0  0  0  1  0  0  0  0  0  1  0  0  0  1  0  1  0  0  0  0 49 59 45309 23 24 19117  3  6  8 29  0  1  0  4 39 51 45321  0  2  0 2603303316000090171622                
0623540401  0  0  1 15  1  1  3  4  0  0  0  0  0  0  0  1  0  0  0  0  0  0  0  0  0  0  0  0  0  0  0  1  0  0  0  1  0  0  0  0  0  0  0  1  0  0  0  0  0  0  0  6  0  0  0  2  0  0  1  6  0  0  1  4  0  0  0  4 18  7 11120  1  0  2  6  0  0  0  3  0  0  0  1  1  0  2 26 16  7 101510140171545000000                    
0623540402  0  2  1  7  0  0  0  0  0  0  0  0  0  0  1  2  0  0  0  0  0  0  0  0  0  1  0  3  0  0  1  2  0  0  1  2  0  0  1  2  0  0  0  0  0  0  0  0  0  0  0  1  0  1  0  1  0  1  0  3  0  0  0  0  0  1  0  2 16 13 16 83  3  4  1  8  5  1  5  9  2  2  1  6  1  5  2 19 35 22 12 6701601521710130101100                
0623540403  1  3  2 18  0  0  0  0  0  0  0  0  0  0  1  1  0  0  0  0  0  0  0  0  0  1  0  5  0  0  1  1  0  0  1  1  0  0  1  0  0  0  0  1  0  0  0  0  0  0  0  4  0  2  1  6  1  1  0  7  0  1  1  7  1  0  0  4 13 13 15163  1  1  2 17  0  0  2 13  1  0  1  4  1  1  1 11  0  0  1  30120161357000014                    
0623540404  1  1  4 23  0  0  0  0  0  0  0  0  0  1  4  7  0  0  0  2  0  0  0  2  0  0  1  5  0  1  4  7  0  1  3  5  0  1  2  2  0  0  1  2  0  0  1  3  0  0  0  5  0  0  0  6  1  0  0  5  0  0  0  3  0  0  3  7  3  3  9 60  1  0  1 10  1  2  6 13  0  1  3  5  0  0  0  4  7 10 1510501501019890160101240                
0623540405  1  2  3 19  0  0  0  0  0  0  0  0  0  0  0  1  0  0  0  0  0  0  0  0  0  0  1  6  0  0  0  1  0  0  0  1  0  0  0  1  0  0  0  0  0  0  0  0  0  0  0  1  0  2  3  9  1  0  0  8  1  0  0  3  1  0  2  4 20 13 32143  3  2  3 18  0  2  1  4  0  0  0  1  4  3  4 19 25 19 2629101101116820100071825                
0623540406  4  5  7 21  0  0  0  0  0  0  0  0  0  0  1  1  0  0  0  0  0  0  0  0  1  0  2  5  0  0  1  1  0  0  0  0  0  0  1  1  0  0  0  0  0  0  0  0  2  2  2  8  2  3  3  7  0  0  1  5  1  0  3  9  2  0  2 12 16  7 12 62  2  1  1 10  4  5  4 11  1  0  2  1  3  0  0 27 13 15 1713901401117140150011979                
0623540407  1  0  3 22  0  0  0  1  0  0  0  0  0  0  3  5  0  0  0  0  0  0  0  0  0  0  0  1  0  0  3  5  0  0  3  2  0  0  3  5  0  0  0  0  0  0  0  0  1  0  0  2  0  0  0  8  0  0  0  7  0  0  1 11  1  0  0  6 13 17 25182  1  1  4 31  1  7  7 17  0  4  6  6  2  1  4 33  6  8 11 4901401015370110071756                
0623540408  2  0  0  9  0  0  0  0  0  0  0  0  0  0  0  0  0  0  0  0  0  0  0  0  1  0  0  1  0  0  0  0  0  0  0  0  0  0  0  0  0  0  0  0  0  0  0  0  1  0  0  3  0  0  0  5  1  0  0  1  1  0  0  1  1  0  0  3 31 30 34164  6  1  5 26  4  4  1 13  5  5  5 25  3  3  1 22 26 13 111450180171888000000                    
0623540409  0  0  0 16  1  1  0  1  2  2  0  1  0  0  0  4  0  0  0  0  0  0  0  0  0  0  0  2  0  0  0  4  0  0  0  3  0  0  0  2  0  0  0  1  0  0  0  1  0  0  0  5  0  0  0  3  0  0  0  4  0  0  0  6  0  0  0  9 18 26 28167  0  3  2 27  0  0  0  3  0  2  2 11  2  5  5 36  7 12  311401601615000090151300                
0623540410  1  0  1 14  0  0  1  3  0  0  0  0  0  0  0  1  0  0  0  1  0  0  0  1  0  0  0  3  0  0  0  1  0  0  0  1  0  0  0  1  0  0  0  0  0  0  0  0  0  0  0  1  0  0  0  4  1  0  1  8  1  0  0  6  1  0  0 10 15 19 18204  1  4  2 30  2  2  2 23  0  0  0  1  0  0  2 25  1  0  1 140190121789000012                    
0623540411  0  0  1 19  0  0  0  0  0  0  0  0  0  0  1  5  0  0  1  0  0  0  1  0  0  0  0  2  0  0  1  5  0  0  1  4  0  0  0  3  0  0  0  1  0  0  1  1  0  0  0  7  0  0  0  1  0  0  0  6  0  0  0  5  0  0  0 11  9 11  8173  4  3  2 29  0  0  1  5  0  0  1  6  1  0  2 37 23 37 3963900500419600110121823                
0623540412  0  1  0 11  0  0  0  0  5  2  1  0  0  1  0  5  0  0  0  0  0  0  0  0  0  0  0  2  0  1  0  5  0  1  0  7  0  1  0  4  0  0  0  1  0  0  0  0  0  0  0  2  0  0  0  1  0  0  0  3  0  0  0  2  0  1  0  4  1  3  4 82  1  2  1 12  0  1  0  5  0  1  0  5  0  1  2 23  0  1  0  600701114860110151734                
0623540413  2  2  1 20  0  0  0  0  0  0  0  0  0  1  0  1  0  0  0  0  0  0  0  0  0  1  0  2  0  1  0  1  0  1  0  1  0  1  0  1  0  0  0  0  0  0  0  0  0  1  0  3  1  0  0  9  1  0  1  7  1  1  0  4  0  0  1  6 38 22 21157  5  4  3 25  3  1  0 11  4  3  2 14  2  6  5 24 20 24 1624901101116820090151300                
0623540414  0  0  1 11  0  0  0  0  0  0  0  0  0  0  1  1  0  0  0  0  0  0  0  0  0  0  0  3  0  0  1  1  0  0  1  1  0  0  1  0  0  0  0  0  0  0  0  1  0  0  0  1  0  0  0  5  0  0  0  4  0  0  1  2  0  0  0  3 12 14 10142  3  2  1 21  0  0  1 24  0  0  1  1  3  6  1 29  0  0  1 1100900517140090101832                
0623540501                                                                                                                                                                                                              1  0  4 93  0  0  1  6  0  3  2 64  0  0  0  5  7  2 11197  3  8  9 9901701318460170141476                
0623540502                                                                                                                                                                                                             15 12 13340  2  0  2 29  0  1  0 11  9  7  7 69 11 12 18278 17 10 121550130001800000000                    
0623540503                                                                                                                                                                                                             29 25 29221  1  2  2 10  0  0  0  3 22 15 14101 32 33 32302  0  0  0  501802616290150151772                
0623540504                                                                                                                                                                                                             11 14 15233  0  1  0 20 26 29 35430  1  4  2 42 13 28 18295  9 14 12 7301001017250180171888                
0623540505                                                                                                                                                                                                              0  0  2 45  0  0  0  1 10  7 14325  1  0  0132  0  3  1 62  1  0  010201401719460100131745                
0623540506                                                                                                                                                                                                             12 14 14244  3  3  0 13  0  0  0  8  1  4  5 27  6 13 18200  5  3  5 5302101918490140201400                
0623540507                                                                                                                                                                                                              4  3  2 85  1  0  0  3  1  2  5112  0  0  0 14  6  1  5 97  2  2  4 4601901217890180171888                
0623540508                                                                                                                                                                                                             12 26 33314  3  5  3 40  0  0  2 30 17 52  0234  9 16 21327  7 12 141500160131781000000                    
0623540509                                                                                                                                                                                                             36 23 33197  2  0  0  2  0  1  1  7  2  0  0 20 15 22 10177  3  3  4 4301101517340060001620                
0623540510                                                                                                                                                                                                             11 20 22335  1  0  1 27  5  8  8120  0  0  0  0  6  8  7184  0  0  0  00150101989000019                    
0623540511                                                                                                                                                                                                             42 45 36271  3  7  5 40  9 13 16 73  0  0  0  5 31 27 27227  5  1  5 4501601317810070151600                
0623540512                                                                                                                                                                                                             12 15 22246  3  3  2 28  4  3  5 30  1  6  6 51  8  8 10177  0  1  1 2602001716760150101902                
0623540513                                                                                                                                                                                                             23 27 38193  1  0  1  1  1  0  0  3  0  0  0  0 23 24 28231  1  1  0  30210231752000000                    
0623540514                                                                                                                                                                                                             77 57 59306 13  3  5 46 31 17 16 82 17 17  7 80 42 39 30225  0  0  0 130190191772000000                    
0623540515                                                                                                                                                                                                              7 11 17204  0  3  1 12  5 10  9127 32 35 57876  9  7  3189 16 19 2435900300916000170141476                
0623540516                                                                                                                                                                                                             51 48 61485  0  0  0  2  9 20 12145  0  0  0  4 27 25 30338  0  0  0  401901217890150151772                
0623540601  0  0  1  0  0  0  0  0  0  0  0  0  0  0  1  0  0  0  0  0  0  0  0  0  0  0  0  0  0  0  1  0  0  0  1  0  0  0  1  0  0  0  0  0  0  0  0  0  0  0  1  0  0  0  0  0  0  0  0  0  0  0  1  0  0  0  0  0  2  4  7 86  0  0  0 16  2  3  5 29  0  0  3 16 10 13 25286  0  2  2 1001401416600270001650                
0623540602  0  0  1  1  0  0  0  0  0  0  0  0  0  0  1  1  0  0  1  1  0  0  0  0  0  0  0  0  0  0  0  0  0  0  0  0  0  0  1  1  0  0  0  0  0  0  0  0  0  0  1  0  0  0  0  0  0  0  0  1  0  0  1  1  0  0  0  0 26 29 23220  4  5  6 61  7  8 12 76 92 12 81661 25 53 53528 15 17 2123901501019890090111329                
0623540603  0  0  0  1  0  0  0  0  0  0  0  0  0  0  0  1  0  0  0  0  0  0  0  0  0  0  0  0  0  0  0  0  0  0  0  0  0  0  0  1  0  0  0  0  0  0  0  0  0  0  0  1  0  0  0  0  0  0  0  0  0  0  0  0  0  0  0  0  0  1  0 25  0  0  0  4  0  0  1  1  0  0  1  1  1  0  3 49 13 13 2016901200416020150151772                
0623540604  0  0  0  4  0  0  0  0  0  0  0  0  0  0  0  3  0  0  0  0  0  0  0  0  0  0  0  1  0  0  0  1  0  0  0  1  0  0  0  2  0  0  0  0  0  0  0  1  0  0  0  2  0  0  0  1  0  0  0  1  0  0  0  2  0  0  0  0 27 17 17131  4  4  3 39  7  6  8141  0  0  0  1 25 24 19193  0  0  0  40100071715000031                    
0623540605  0  0  0  1  0  0  0  0  0  0  0  0  0  0  0  1  0  0  0  0  0  0  0  0  0  0  0  0  0  0  0  1  0  0  0  0  0  0  0  1  0  0  0  0  0  0  0  0  0  0  0  1  0  0  0  0  0  0  0  0  0  0  0  1  0  0  0  0 18 29 32235  0  0  0  3  0  0  1  4  0  0  0  0 27 25 30338  0  0  0  10170131846000000                    
0623540606  0  0  0  2  0  0  0  0  0  0  0  0  0  0  0  2  0  0  0  0  0  0  0  0  0  0  0  0  0  0  0  0  0  0  0  2  0  0  0  2  0  0  0  0  0  0  0  0  0  0  0  1  0  0  0  0  0  0  0  1  0  0  0  2  0  0  0  1  1  2  7 73  1  0  3 23  2  0  1 70  0  0  1 19  6 13 18200  1  6 1412301001017250240151860                
0623540607  0  0  0  2  0  0  0  0  0  0  0  0  0  0  0  0  0  0  0  0  0  0  0  0  0  0  0  0  0  0  0  0  0  0  0  1  0  0  0  0  0  0  0  0  0  0  0  0  0  0  0  1  0  0  0  1  0  0  0  0  0  0  0  2  0  0  0  1  3  6  1 80  2  0  0 18  3  0  0 15  0  0  0  9  3  3  6137  0  2  4 7402400016250080191200                
0623540608  0  0  2  1  0  0  0  0  0  0  0  0  0  0  2  1  0  0  1  1  0  0  0  1  0  0  0  0  0  0  1  1  0  0  2  1  0  0  1  0  0  0  1  1  0  0  0  0  0  0  1  1  0  0  0  0  0  0  1  0  0  0  1  0  0  0  1  1  5 10  8118  2  5  2 51 47 34 40440  7  5  4 73 15 14 22332 30 25 2532401501019890150021346                
0623540609  0  0  0  1  0  0  0  0  0  0  0  0  0  0  0  1  0  0  0  0  0  0  0  0  0  0  0  0  0  0  0  1  0  0  0  0  0  0  0  1  0  0  0  0  0  0  0  0  0  0  0  1  0  0  0  0  0  0  0  0  0  0  0  1  0  0  0  0  5  2  2101  0  0  1 25  2  8  9107  2  0  3 43  6  8  7184  0  3  4 1501401416600160101240                
0623540610  0  1  1  1  0  0  0  0  0  0  0  0  0  1  1  1  0  1  1  0  0  1  1  0  0  0  0  0  0  1  1  0  0  1  0  0  0  1  1  1  0  0  0  0  0  0  0  0  0  0  1  1  0  0  0  0  0  1  0  0  0  0  0  0  0  0  1  0 23 23 26166  7 10  8 55  4  3  3 29  3  2  7 18 26 41 38329 10  8  6 5801601615000240151860                
0623540611  0  0  0  4  0  0  0  0  0  0  0  0  0  0  0  4  0  0  0  0  0  0  0  0  0  0  0  0  0  0  0  1  0  0  0  4  0  0  0  3  0  0  0  1  0  0  0  0  0  0  0  1  0  0  0  3  0  0  0  0  0  0  0  2  0  0  0  3  0  0  0 19  0  0  0  5  1  1  3 78  0  0  0  4  2  0  0 48  0  0  0 1700801218530180171888                
0623540612  0  0  1  0  0  0  0  0  0  0  0  0  0  0  1  0  0  0  1  0  0  0  0  0  0  0  0  0  0  0  0  0  0  0  1  0  0  0  1  0  0  0  0  0  0  0  0  0  0  0  1  0  0  0  0  0  0  0  0  0  0  0  1  0  0  0  1  0 19 19 16121  8  7  9 54 32 13 19102  1  3  1  7 31 27 27227  7  3  1  601601715500130171200                
0623540613  0  0  0  1  0  0  0  0  0  0  0  0  0  0  0  1  0  0  0  1  0  0  0  0  0  0  0  0  0  0  0  0  0  0  0  0  0  0  0  1  0  0  0  0  0  0  0  0  0  0  0  1  0  0  0  0  0  0  0  0  0  0  0  1  0  0  0  1  4  7 12 73  1  1  2 12  1  0  0  9  0  0  0  4 11  9 14121  0  1  0 1801201016490170162011                
0623540614  0  0  0  3  0  0  0  0  0  0  0  0  0  0  0  3  0  0  0  1  0  0  0  0  0  0  0  2  0  0  0  0  0  0  0  2  0  0  0  2  0  0  0  0  0  0  0  1  0  0  0  0  0  0  0  2  0  0  0  1  0  0  0  3  0  0  0  1  0  0  0 36  0  0  0  7  0  2  1 28  0  0  0  2  2  4  2 66  0  0  0  8000000    0170131846                
0623540615  0  0  0  4  0  0  0  0  0  0  0  0  0  0  0  3  0  0  0  0  0  0  0  0  0  0  0  0  0  0  0  1  0  0  0  0  0  0  0  3  0  0  0  0  0  0  0  0  0  0  0  2  0  0  0  1  0  0  0  1  0  0  0  2  0  0  0  0  4  6  5102  0  0  0 12  0  0  1 21  0  0  0  7 13 11 10192  0  2  211601001013700170162011                
0623540616  0  1  1  1  0  0  0  0  0  0  0  0  0  1  1  1  0  1  0  0  0  0  0  0  0  0  0  0  0  0  0  1  0  0  0  0  0  1  0  1  0  0  0  0  0  0  1  0  0  0  1  0  0  0  0  1  0  1  0  0  0  1  1  0  0  1  0  1  7 24 20119  0  0  1  9  0  1  0  3  8  3  8 70 15 22 10177  8  9 181520150141769000015                    
0623540617  0  2  3  2  0  0  0  0  0  0  0  0  0  2  3  2  0  1  0  1  0  0  0  0  0  2  1  0  0  0  3  1  0  2  2  0  0  2  3  1  0  0  0  1  0  0  0  0  0  1  2  0  0  0  0  0  0  1  1  2  0  0  1  2  0  0  0  1  3  5  6116  2  2  1 44  1  3  3 33  1  5  3 32 26 33 40552  1  3  6 530130121498000022                    
0623540618  0  0  0  2  0  0  0  0  0  0  0  0  0  0  0  1  0  0  0  1  0  0  0  0  0  0  0  0  0  0  0  0  0  0  0  1  0  0  0  1  0  0  0  0  0  0  0  0  0  0  0  1  0  0  0  0  0  0  0  1  0  0  0  1  0  0  0  2  3  6 11136  1  0  3 53  0  1  0  8  0  0  0  1 11 12 18278 17 18  6 8901201912720110061800                
0623540701  1  0  0  3  0  0  0  0  0  0  0  0  1  0  0  1  0  0  0  1  0  0  0  1  0  0  0  0  0  0  0  1  0  0  0  2  1  0  0  1  0  0  0  0  0  0  0  0  0  0  0  3  0  0  0  0  1  0  0  0  1  0  0  1  1  0  0  1 12 14 14244  3  4  8101  2  3  2 68  2  1  1 12  6 13 18200  3  1  1 2000501515290160181668                
0623540702  1  1  0  1  0  0  0  0  0  0  0  0  1  1  0  1  1  1  0  1  0  1  0  1  0  0  0  0  0  1  0  1  1  0  0  0  0  1  0  1  1  0  0  0  0  0  0  0  0  0  0  1  1  1  0  0  0  0  0  0  1  0  0  0  0  1  0  1 16 10 10149  2  2  3 33  2  0  1  8  2  0  2 14 11  9 14121 18 17 171820180171702000000                    
0623540703  1  0  0  3  0  0  0  0  0  0  0  0  1  0  0  2  0  0  0  2  0  0  0  0  0  0  0  1  1  0  0  0  0  0  0  2  1  0  0  1  0  0  0  1  0  0  0  0  1  0  0  1  0  0  0  2  0  0  0  0  1  0  0  1  1  0  0  1 18 22 22336 12  7 17162  0  1  1  8  0  0  0  2 26 33 40552  1  0  0  30160181668000000                    
0623540704  1  0  0  2  0  0  0  0  0  0  0  0  1  0  0  0  1  0  0  0  0  0  0  0  0  0  0  0  1  0  0  0  0  0  0  0  1  0  0  0  0  0  0  0  0  0  0  0  0  0  0  0  0  0  0  2  1  0  0  0  0  0  0  0  0  0  0  1 45 46 49478 14 12 16183  0  0  0  5  3  1  3 27 26 41 38329  1  0  0  701802118000090101686                
0623540705  1  0  1  1  0  0  0  0  0  0  0  0  1  0  1  1  0  0  1  1  0  0  1  1  0  0  0  0  0  0  1  1  1  0  1  1  1  0  0  1  0  0  1  0  0  0  0  0  0  0  0  1  0  0  1  0  1  0  0  0  1  0  0  0  1  0  0  1 49 59 45309 23 24 19117 20 36 25 80  1  0  1  7 39 51 45321  1  3  2  801601816680110261700                
0623540706  1  0  1  1  0  0  0  0  0  0  0  0  1  0  0  1  1  0  0  0  1  0  0  0  0  0  0  0  1  0  0  0  0  0  0  0  0  0  0  1  0  0  0  0  1  0  0  0  1  0  1  0  0  0  0  0  0  0  0  1  0  0  0  1  0  0  0  0 24 24 22304 13 10 12131  0  2  1  8  0  0  0  0 15 14 22332  1  0  1  101401716000180171702                
0623540707  1  1  0  0  0  0  0  0  0  0  0  0  1  1  0  0  0  0  0  0  0  0  0  0  0  0  0  0  0  0  0  0  1  1  0  0  0  0  0  0  0  0  0  0  1  1  0  0  0  0  0  0  0  0  0  0  1  1  0  0  1  1  0  0  1  0  0  0 42 45 36271 25 26 17119 32 13 19102 17  9  8 47 31 27 27227 34 21 2021600006714330000251521                
0623540708  1  0  0  0  0  0  0  0  0  0  0  0  1  0  0  0  0  0  0  0  0  0  0  0  0  0  0  0  0  0  0  0  0  0  0  0  0  0  0  0  0  0  0  0  1  0  0  0  0  0  0  0  1  0  0  0  0  0  0  0  1  0  0  0  0  0  0  0 36 23 33197  0  0  0  8  1  0  0  4  0  0  0  0 15 22 10177  0  0  0  000010014000000181346                
0623540709  1  0  0  2  0  0  0  0  0  0  0  0  1  0  0  0  1  0  0  0  1  0  0  0  0  0  0  0  1  0  0  0  1  0  0  0  1  0  0  0  0  0  0  0  0  0  0  0  1  0  0  2  0  0  0  0  0  0  0  0  0  0  0  0  0  0  0  1 15 12 13340  9  9  4162  4  6  3 47  3  1  0 16 11 12 18278  6  4  3 2502101714350170141513                
0623540710  1  0  0  0  0  0  0  0  0  0  0  0  1  0  0  0  0  0  0  0  0  0  0  0  0  0  0  0  0  0  0  0  1  0  0  0  1  0  0  0  0  0  0  0  0  0  0  0  1  0  0  0  0  0  0  0  0  0  0  0  1  0  0  0  0  0  0  0  4  3  2 85  2  3  1 50  1  1  1 11  1  0  1 11  6  1  5 97  8  9  718701001314780160101482                
0623540711  1  0  0  4  0  0  0  0  0  0  0  0  1  0  0  2  0  0  0  1  0  0  0  1  0  0  0  0  1  0  0  2  0  0  0  0  0  0  0  1  0  0  0  0  1  0  0  1  0  0  0  4  0  0  0  0  1  0  0  0  1  0  0  0  1  0  0  3 12 15 22246  5  7 12120  0  1  0  3  2  3  4 38  8  8 10177  3  5 1111001901616250090171622                
0623540712  1  0  0  1  0  0  0  0  0  0  0  0  1  0  0  1  0  0  0  0  0  0  0  0  0  0  0  0  0  0  0  0  1  0  0  0  1  0  0  1  0  0  0  0  0  0  0  0  0  0  0  0  0  0  0  0  1  0  0  1  1  0  0  1  0  0  0  0 44 32 46253 12 14 13 85  3  1  0 35  1  0  0  4 25 24 19193  3  2  2 260150141692000000                    
0623540713  1  1  0  3  0  0  0  0  0  0  0  0  1  1  0  1  1  1  0  0  0  1  0  0  0  0  0  0  0  1  0  1  1  1  0  2  0  1  0  1  0  0  0  0  1  0  0  0  1  1  0  0  0  0  0  3  0  0  0  0  1  0  0  0  0  1  0  1 34 53 42408  9 14  9152 11 11 13164  1  1  0  2 25 53 53528  2  2  0  900401416190090101686                
0623540714  1  1  0  3  0  0  0  0  0  0  0  0  1  1  0  0  1  1  0  0  0  0  0  0  0  1  0  0  1  1  0  0  0  0  0  0  1  1  0  0  0  0  0  0  0  0  0  0  0  1  0  1  0  0  0  2  1  0  0  0  1  1  0  0  0  1  0  1 30 20 27268 11  9  7 85  4  2  2 20  2  3  3 31 29 29 40297  3  3  5 3800901415080170161779                
0623540715  1  0  0  0  0  0  0  0  0  0  0  0  1  0  0  0  0  0  0  0  0  0  0  0  0  0  0  0  0  0  0  0  0  0  0  0  0  0  0  0  0  0  0  0  1  0  0  0  0  0  0  0  0  0  0  0  1  0  0  0  1  0  0  0  0  0  0  0 77 57 59306 23 20 23110 31 17 16 82  5  4  4 11 42 39 30225  1  0  0  001402015510060061683                
0623540716  1  1  0  1  0  0  0  0  0  0  0  0  1  1  0  0  0  0  0  0  0  0  0  0  0  0  0  0  1  1  0  0  0  0  0  0  0  1  0  0  0  0  0  0  1  0  0  0  0  0  0  0  1  0  0  1  0  1  0  0  1  0  0  0  0  0  0  0 37 39 40331 14 14 10127  1  0  0 10  3  6  4 29 25 29 32301 34 27 2416501702415830160151700                
0623540801  1  1  0  5  0  0  0  0  0  0  0  0  1  1  0  5  0  0  0  0  0  0  0  0  0  1  0  0  0  1  0  2  0  0  0  0  0  1  0  1  0  0  0  3  1  0  0  1  0  0  0  1  0  1  0  3  1  0  0  1  0  0  0  3  0  1  0  2  7  2  1  6  1  0  0  0  1  2  0 20  7 10 10 87 25 24 19193  1  1  2 1901901217020280131200                
0623540802  1  0  0  5  0  0  0  0  0  0  0  0  1  0  0  5  0  0  0  0  0  0  0  0  0  0  0  0  0  0  0  1  0  0  0  0  0  0  0  1  1  0  0  2  0  0  0  2  0  0  0  1  1  0  0  2  0  0  0  2  0  0  0  2  0  0  0  1  0  0  0  4  0  0  0  0  0  0  2  9  0  2  0  9 27 25 30338  8 12  610200201815370180051800                
0623540803  1  2  3 12  0  0  0  0  0  0  0  0  1  2  3 11  0  0  0  1  0  0  0  0  0  0  0  1  1  2  3  9  0  0  0  2  0  2  3  5  1  0  0  4  0  0  0  2  0  1  2  8  1  0  1  3  0  1  0  1  0  0  0  3  0  0  1  3  0  0  1  1  0  0  0  0  0  0  0  6  0  1  3 29 11  9 14121  3  3  8 560160131506000000                    
0623540804  0  0  0  5  0  0  0  0  6  3  0  1  0  0  0  4  0  0  0  0  0  0  0  0  0  0  0  0  0  0  0  2  0  0  0  0  0  0  0  2  0  0  0  2  0  0  0  0  0  0  0  1  0  0  0  0  0  0  0  4  0  0  0  1  0  0  0  4  0  0  0  4  0  0  0  0  0  0  1 12  0  0  0  0 13 14 14201  0  0  0  502101916330140151604                
0623540805  0  1  0  9  0  0  0  0  2  0  0  0  0  1  0  7  0  0  0  0  0  0  0  0  0  0  0  1  0  1  0  5  0  0  0  1  0  1  0  5  0  0  0  2  0  0  0  0  0  0  0  5  0  0  0  3  0  1  0  1  0  0  0  1  0  0  0  4  4  2  1 16  0  1  0  0  0  2  1  7  1  2  0  7 25 53 53528  0  0  0  002102314850170131680                
0623540806  1  1  1  6  0  0  0  0  0  0  0  0  1  1  1  6  0  0  0  0  0  0  0  0  0  0  1  0  1  1  1  5  0  1  1  4  0  0  1  3  0  1  0  0  1  0  0  3  1  0  1  1  0  1  0  5  0  0  0  0  0  1  0  1  0  1  0  3  0  0  0  5  0  0  0  1  0  1  2 13  0  1  1  7 10 13 25286  1  1  1  600101216540100131631                
0623540807  0  0  0  5  0  0  0  0  3  0  2  2  0  0  0  0  0  0  0  0  0  0  0  0  0  0  0  0  0  0  0  0  0  0  0  0  0  0  0  0  0  0  0  0  0  0  0  0  0  0  0  1  0  0  0  3  0  0  0  1  0  0  0  0  0  0  0  1  1  2  1 15  0  0  0  1  0  0  0  9 13  3  4 58 31 44 44493  0  0  1 2702101916330060041200                
0623540808  0  1  4 14  1  0  2  0  0  0  0  0  0  1  4 14  0  0  0  1  0  0  0  0  0  0  0  0  0  1  1  8  0  0  0  1  0  1  2 10  0  0  1  2  0  0  1  2  0  0  1  5  0  0  3  5  0  1  0  4  0  1  1  6  0  1  1  3  0  0  0 11  0  0  0  1  0  0  0 10 11 31 63161  9 16 21327  1  0  3 290110151621000000                    
0623540809  1  6  4 14  0  0  0  0  0  0  0  0  0  4  3  3  0  1  0  0  0  1  0  0  0  1  1  4  0  4  3  3  0  1  1  2  0  3  2  1  0  1  1  0  0  0  0  2  1  2  1  4  0  1  2  4  0  3  1  6  1  2  0  1  0  1  0  4  0  0  0  3  0  0  0  1  1  1  1 18  0  1  1  2  3  3  6137  8 12  6 6300801216000200191732                
0623540810  1  7  4 29  0  0  0  0  0  0  0  0  0  1  0  1  0  0  0  0  0  0  0  0  0  0  1  1  0  1  0  1  0  1  0  0  0  1  0  1  0  0  0  0  0  0  0  0  1  2  1  5  0  2  3 13  0  3  0 11  0  2  0  6  1  1  2 11  0  0  0  1  0  0  0  0  0  1  0  3  0  1  0  0  1  0  3 49  0  3  2  801101516940000121643                
0623540811  1  3  1  3  0  0  0  0  0  0  0  0  0  0  0  0  0  0  0  0  0  0  0  0  0  1  0  1  0  0  0  0  0  0  0  0  0  0  0  0  0  0  0  0  0  0  0  0  0  0  1  2  0  2  0  0  1  1  0  1  0  2  0  1  1  1  0  0  0  0  0  5  0  0  0  0 12  3  3 47  7  6  7 53 32 33 32302  4  4  2 3401801413600090121521                
0623540901  2  0  0  7  0  0  0  0  0  0  0  0  2  0  0  4  1  0  0  1  0  0  0  1  0  0  0  0  2  0  0  3  0  0  0  0  1  0  0  3  1  0  0  1  0  0  0  0  1  0  0  3  0  0  0  4  1  0  0  0  0  0  0  1  1  0  0  1 27 17 17131  4  4  3 39  0  0  0  0  1  0  1  7 25 24 19193  2  0  0  401901917720100221600                
0623540902  2  0  2 17  0  0  0  0  0  0  0  0  2  0  2 17  1  0  1  5  1  0  1  3  0  0  0  1  2  0  2 13  1  0  1  5  1  0  2 12  0  0  0  2  1  0  0  3  1  0  1  7  1  0  1  8  0  0  0  2  0  0  2  4  0  0  0  3 23 23 26166  7 10  8 55  3  0  2 17  1  0  1  5 26 41 38329  2  0  4 2101701318460240151860                
0623540903  1  1  3  8  0  0  0  0  2  2  0  0  1  1  3  5  0  0  1  0  0  0  1  0  1  1  0  1  1  1  3  4  0  1  0  1  1  1  2  5  0  0  0  0  0  0  1  0  1  1  1  3  0  0  2  3  0  0  0  2  0  0  2  1  1  1  2  3 11 13  8101  6  5  3 42  7  5  7 57  0  1  0  3 29 29 40297  1  1  3  801901917720150021346                
0623540904  2  1  0 13  0  0  0  0  0  0  0  0  1  0  0  9  1  0  0  3  0  0  0  3  1  0  0  0  1  0  0  8  0  0  0  0  0  0  0  5  0  0  0  2  1  0  0  2  0  0  0  5  0  1  0  5  2  0  0  3  0  0  0  3  0  1  0  3  3  5  6116  2  2  1 44  1  2  2 19  4  6  1 19 26 33 40552  8  5  6 4101701414760200191877                
0623540905  2  2  2  8  0  0  0  0  0  0  0  0  2  2  2  8  1  2  1  2  0  1  1  0  0  0  1  2  1  1  1  2  0  0  0  0  0  2  2  8  2  0  0  0  0  0  0  0  0  2  0  2  1  0  1  4  1  0  1  2  0  0  0  3  0  1  1  3 35 22 21155 13 12  9 61 11 13  6 51 38 49 22167 42 39 30225 13 15 14 700240151860000000                    
0623540906  2  0  0  2  0  0  0  0  0  0  0  0  2  0  0  2  0  0  0  0  0  0  0  0  0  0  0  0  0  0  0  0  1  0  0  1  2  0  0  2  0  0  0  0  0  0  0  0  2  0  0  1  0  0  0  1  0  0  0  0  0  0  0  1  0  0  0  0  8 16 10129  5  3  4 58  2  2  1 23  5  8  5 54 25 29 32301 11  5  9 5401501019020150151772                
0623540907  2  1  2  6  0  0  0  0  0  0  0  0  2  1  2  6  0  0  2  6  0  0  0  1  0  1  1  2  0  0  2  4  1  0  2  1  1  0  1  5  1  1  1  0  0  0  0  1  1  0  1  3  1  0  1  2  0  1  0  1  0  0  0  2  0  0  1  2  4  7 12 73  1  1  2 12  2  0  2  9  1  0  4 11 11  9 14121 36 37 2619801801718880130171200                
0623540908  2  1  2 28  0  0  0  0  0  0  0  0  2  0  2 22  0  0  0  2  0  0  0  0  0  0  0  8  0  0  1 12  0  0  0  0  2  0  1 16  0  0  1  5  0  0  0  1  2  1  1 10  0  0  1 11  0  0  0  7  1  0  0  6  1  0  0 11  2 11  5 77  0  3  1 35  0  0  0  6  0  0  0  4  8  8 10177  1  0  1 140050111687000005                    
0623540909  2  2  1 12  0  0  0  0  0  0  0  0  2  2  1 12  1  1  1  3  0  1  0  2  0  0  0  3  2  2  1  8  1  2  1  9  1  2  0  9  1  0  1  3  0  0  0  0  0  1  0  7  2  1  1  4  0  0  0  1  0  2  0  5  1  1  0  4  0  5  4 67  0  2  2 24  5 10  9127 32 35 57876  9  7  3189 16 19 2435901401416600090121428                
0623540910  2  1  3  2  0  0  0  0  0  0  0  0  2  1  3  2  1  0  2  1  0  0  1  0  1  0  0  0  1  1  1  2  0  0  0  0  2  1  3  2  0  0  0  0  0  0  0  0  1  0  0  1  0  0  2  0  1  1  1  1  0  0  2  1  0  1  2  1 26 29 23220  4  5  6 61  5  7  7136  0  0  0 10 25 53 53528  7  6 10 6801701515990240151860                
0623540911  2  0  1 10  0  0  0  0  0  0  0  0  2  0  1 10  0  0  1  4  0  0  0  1  0  0  1  0  1  0  0  4  0  0  0  1  1  0  1  7  1  0  0  3  0  0  0  0  0  0  1  5  1  0  0  5  1  0  0  0  0  0  0  3  0  0  0  1  3  6  1 80  2  0  0 18  1  1  1 18  0  0  0  1  3  3  6137 16 13 18 6301501019890200191877                
0623540912  1  0  1 25  1  0  0  0  0  0  0  0  1  0  1 24  0  0  0 10  0  0  0  3  0  0  0  1  1  0  1 15  0  0  0  1  1  0  0 20  0  0  0  3  0  0  1  1  0  0  0 17  0  0  1  6  1  0  0  2  0  0  0 10  0  0  0  4  3  6 11136  1  0  3 53  3  1  1 21  0  0  0 10 11 12 18278  5  5  412701501019890090001200                
0623540913  2  2  0  7  0  0  0  0  0  0  0  0  2  2  0  7  2  1  0  4  1  1  0  1  1  1  0  1  1  1  0  4  0  0  0  1  1  2  0  6  0  0  0  1  1  0  0  0  0  0  0  4  1  1  0  2  1  1  0  1  1  0  0  3  1  1  0  3 19 19 16121  8  7  9 54 20 18 11 68 47 49 47300 31 27 27227 50 37 2625702401518600110261733                
0623541001  4  1  2  9  0  0  0  0  0  0  0  0  4  1  2  9  1  1  0  2  1  1  0  2  0  0  0  2  1  1  0  2  0  0  0  3  2  1  1  5  2  0  1  2  0  0  0  2  0  1  0  0  2  0  0  3  2  0  2  6  3  0  1  4  1  0  1  1 45 46 49478 14 12 16183 23 30 27233  2  1  0 16 26 41 38329  3  1  0 1701601315060090171622                
0623541002  4  4  0  2  0  0  0  0  0  0  0  0  4  4  0  2  1  2  0  0  0  0  0  0  1  2  0  0  2  3  0  1  0  0  0  0  3  3  0  1  1  1  0  0  0  0  0  1  0  1  0  0  4  1  0  0  0  2  0  2  2  1  0  1  2  0  0  2 49 59 45309 23 24 19117  1  0  1  7  0  0  1  8 39 51 45321  9 13  4 4202001715200100131631                
0623541003  4  6  1 14  0  0  0  0  0  0  0  0  0  0  0  0  0  0  0  0  0  0  0  0  2  2  0  6  0  0  0  0  0  0  0  0  0  0  0  0  0  0  0  0  0  0  0  0  2  1  1  8  2  2  0  5  0  3  0  1  0  0  1  4  1  2  0  8 16 10 10149  2  2  3 33  4  2  5 26  1  2  4 24 11  9 14121 50 33 3318601401116910070151360                
0623541004  4  4  1  8  0  0  0  0  0  0  0  0  4  4  1  7  3  1  1  3  0  0  0  0  1  0  0  1  4  1  0  3  0  0  0  0  4  3  1  4  0  1  0  3  0  0  0  0  1  0  0  1  1  3  1  5  2  1  0  2  3  2  0  3  2  1  0  3 36 23 33197  0  0  0  8  1  1  1  6  0  3  1  9 15 22 10177  3  2  1  800801216000080071333                
0623541005  4  3  5 17  1  0  0  2  0  0  0  0  4  3  5 16  1  3  3  7  0  0  0  0  0  1  1  4  2  3  4  7  0  1  0  1  2  3  4 11  1  0  0  4  1  0  1  1  2  0  1  5  1  3  2  8  1  0  2  4  0  2  2  4  1  2  0  4 51 48 61485  0  0  1  1 22 24 18154 10 18 20169 27 25 30338  4  5  4 2400001215320060111602                
0623541006  4  2  3 14  0  0  0  0  0  0  0  0  4  2  3 13  1  1  2  4  1  1  1  3  1  0  0  3  2  1  2  9  0  1  0  0  3  2  3  6  1  0  0  4  0  0  0  3  0  1  0  5  1  1  0  4  3  0  3  5  1  1  2  2  0  0  2  3 11 20 22335  2  7  7 93  1  2  2 15  1  3  0 20  6  8  7184 12  9  7 5901001014660030101925                
0623541007  4  0  3 10  0  0  0  0  0  0  0  0  4  0  3  9  4  0  1  4  4  0  0  3  1  0  0  3  4  0  2  6  0  0  0  2  2  0  2  6  0  0  1  1  2  0  0  2  1  0  1  2  2  0  1  2  1  0  1  6  0  0  0  1  2  0  1  2 42 45 36271 25 26 17119 32 13 19102 18 12  5 95 31 27 27227 23 13 2010701601615680240151766                
0623541008  4  1  3 15  0  0  0  0  0  0  0  0  3  0  3  7  0  0  0  2  0  0  0  1  1  0  0  3  3  0  3  5  0  0  0  0  3  0  3  1  0  0  0  5  0  0  0  1  0  0  0  3  3  1  2  6  1  0  1  6  0  0  0  1  2  0  1  3 15 12 13340  9  9  4162  0  0  0  0  0  0  0  0 11 12 18278  1  0  1  30100131631000000                    
0623541009  4  1  2  5  0  0  0  0  0  0  0  0  4  1  2  5  0  0  0  0  0  0  0  0  0  0  0  0  4  1  1  2  0  0  0  0  4  1  0  1  0  0  2  3  0  0  0  1  0  0  0  1  2  0  0  1  2  1  2  3  2  0  1  1  1  1  1  3 77 57 59306 23 20 23110  5  3  1  9  9  9 10 48 42 39 30225 27  9 14 800190191686006000                    
0623541010  5  1  2 10  0  0  0  0  0  0  0  0  5  1  1  9  5  0  1  6  5  0  1  5  1  0  0  2  5  0  1  7  2  0  0  5  5  1  1  5  0  0  0  2  0  0  0  2  1  0  1  4  3  1  1  3  1  0  0  3  1  0  1  3  1  0  1  3 30 21 17373 14 14 10181  5  4  2 49  4  4  2 23 31 44 44493 19 18 1712901901916860250331300                
0623541011  4  5  1  8  0  0  0  0  0  0  0  0  4  5  1  8  2  4  1  5  0  0  1  1  1  0  0  1  2  4  1  6  0  0  0  1  4  5  1  5  0  0  0  1  0  0  0  2  2  1  0  1  1  4  0  4  1  0  1  3  1  3  0  4  1  2  1  2 44 32 46253 12 14 13 85  1  0  1  5  0  0  0  2 25 24 19193  8  6  3 1600802114580150101736                
0623541012  4  4  1  5  0  0  0  0  0  0  0  0  4  4  1  4  2  3  0  0  2  2  0  0  0  1  0  3  2  4  0  0  2  2  0  0  3  4  1  1  1  0  0  2  0  0  0  1  1  0  0  1  2  3  1  0  1  1  0  4  2  0  1  2  0  1  0  1 37 39 40331 14 14 10127 12 15  8 92  5  7  4 41 25 29 32301 19 21 1315300601914590060061683                
0623541013  2  1  2 29  0  0  0  0  1  1  0  0  0  0  0  1  0  0  0  1  0  0  0  0  0  0  1  5  0  0  0  1  1  0  1  3  0  0  0  0  0  0  0  0  0  0  0  1  1  0  1 10  1  1  1 10  0  0  0  9  0  0  0  9  1  1  1 10 34 53 42408  9 14  9152 11 11 12 72 92 12 81661 25 53 53528  3  3  7 7601401417210110071682                
0623541014  5  3  3 12  0  0  0  0  0  0  0  0  5  3  3 12  2  0  1  6  2  0  1  5  1  0  0  3  3  1  1  6  0  0  1  3  3  3  0 10  2  0  1  1  0  0  2  1  2  1  0  0  0  1  1  6  3  1  2  6  3  1  1  2  0  0  1  0 11  8 12231  5  6 11123  3  3  3 62  6  6  6126 10  9  8357 12  9  7 5900901014250100071592                
0623541101  5  3  1 12  1  0  0  2  0  0  0  1  5  1  0 10  1  0  0  3  0  0  0  2  0  0  0  3  2  0  0  7  0  0  0  0  3  0  0  6  1  0  0  1  1  1  0  3  0  2  0  3  2  0  1  3  3  1  0  6  0  2  0  5  1  0  0  3 23 27 32138  9 18 13 61  1  0  0  5  0  0  0  0 29 29 40297 16  7 1015102502913120000051200                
0623541102  4  0  2  3  0  0  0  0  0  0  0  0  4  0  2  1  2  0  2  0  0  0  1  0  1  0  0  1  1  0  1  0  1  0  1  0  3  0  1  1  1  0  0  0  0  0  1  0  1  0  0  1  2  0  0  1  1  0  2  1  1  0  0  2  1  0  1  0 43 42 38346 11 17 15131  4  4  4 24  3  0  2  3 26 41 38329 18  8 14 7101402913840000571350                
0623541103  5  2  0  8  0  0  0  0  0  0  0  0  2  1  0  1  2  1  0  1  2  1  0  0  1  0  0  0  2  1  0  1  2  0  0  1  2  0  0  0  0  0  0  1  0  1  0  0  0  0  0  1  3  0  0  3  2  2  0  4  2  0  0  4  2  2  0  2 29 27 28236 14 12 16 97  3  0  0  9  4  1  3 13 25 29 32301 51 53 4856002101714350060041200                
0623541104  5  1  2  9  1  0  0  2  0  0  0  0  5  1  2  9  4  0  1  7  0  0  0  1  0  0  0  2  4  0  2  6  0  0  0  1  1  0  1  6  3  0  1  3  1  1  0  0  0  0  0  0  3  0  1  3  2  1  1  6  2  0  1  2  3  0  1  6 31 37 33224 19 19 22105  8  8  3 26 34 36 33239 39 51 45321 51 52 4129301801913970070061390                
0623541105  5  0  0  6  5  1  2  7  0  1  0  0  5  0  0  3  0  0  0  1  0  0  0  1  0  0  0  0  5  0  0  2  5  0  0  4  2  0  0  1  1  0  0  2  2  0  0  0  0  0  0  1  2  0  0  0  3  0  0  5  1  0  0  2  1  0  0  3 48 31 46376  0  0  0  6 27 17 14114 14 14 17143 27 25 30338 15 16  51130120101500000000                    
0623541106  5  3  3 12  0  0  0  0  0  0  0  0  5  3  3 10  5  2  3  8  1  0  1  0  2  0  0  3  2  1  3  4  0  1  0  1  1  2  1  9  3  0  0  0  1  1  2  1  1  0  0  2  2  0  2  6  2  3  1  4  2  0  1  2  1  2  0  7 22 22 19284  0  0  0  5  7  5  5 44  0  2  0  5 13 14 14201 12 10 1310001901916860030161264                
0623541107  5  2  0  9  0  0  0  0  0  0  0  0  5  2  0  8  4  1  0  3  4  1  0  3  0  1  0  1  4  1  0  4  1  0  0  1  3  0  0  5  1  1  0  3  1  1  0  0  1  0  0  1  1  2  0  6  3  0  0  2  2  2  0  2  4  1  0  4 23 22 20237  3  0  2 22 12  3  3 47 11  9  8 80 32 33 32302  4  1  0  401201514120030161264                
0623541108  7  3  5 15  1  0  3  2  0  0  0  0  7  3  3 13  4  2  0  4  0  1  0  2  1  0  1  1  5  2  1  4  0  0  0  0  4  1  2  7  2  1  1  4  1  1  0  2  0  0  0  2  3  1  3  5  4  2  2  8  2  2  0  3  2  1  1  4 20 19 25202  3  0  6 42  0  0  0  5  2  0  2 14 11  9 14121 19 11 1617101002214040000571350                
0623541109  4  0  2  6  0  0  0  0  0  0  0  0  0  0  0  0  0  0  0  0  0  0  0  0  1  0  0  2  0  0  0  0  2  0  0  3  0  0  0  0  0  0  0  0  0  0  0  0  2  0  0  2  0  0  1  2  2  0  1  2  0  0  1  2  2  0  1  2 21 12 10220 12  8  5127  3  1  0 43  4  5  3 62 15 14 22332  9  2  3 2401601315060240151766                
0623541110  5  2  4  9  0  0  1  0  0  0  0  0  5  2  4  6  1  0  0  1  1  0  0  0  0  0  0  0  5  2  4  5  1  0  0  0  1  0  3  5  0  0  0  0  4  2  1  1  0  0  2  3  3  2  1  3  2  0  1  3  1  0  2  4  2  1  1  1 48 45 30204 25 20 14 99  1  1  0  2  3  4  0 11 42 39 30225  8  8  7 340140201551000000                    
0623541111  3  1  1  7  0  0  0  1  3  2  2  4  3  1  1  7  2  1  0  4  2  1  0  2  0  0  0  1  3  1  1  5  3  1  1  1  3  0  0  3  0  1  0  2  0  0  1  2  0  0  0  0  2  1  0  4  1  0  1  3  0  0  0  3  0  0  0  3 28 25 24165 20 15 10 87 13  6  9 48  4  2  2  4 31 27 27227  3  1  1  90030161264000000                    
0623541112  6  3  2 20  0  0  1  0  0  0  0  0  6  3  2 19  0  0  0  0  0  0  0  0  1  2  0  2  2  0  2 13  0  0  0  0  3  2  1 13  1  0  1  3  2  1  0  3  3  1  1  1  2  1  0  7  1  1  1 12  3  1  1  5  3  2  0  9 12  5 15169  7  4  9104  0  1  1  2  0  0  0  0  8  8 10177 11  8  6 700160181668015000                    
0623541113  5  2  0  5  0  0  0  1  0  0  0  0  5  2  0  5  2  1  0  5  1  0  0  1  1  1  0  0  5  1  0  5  0  0  0  0  4  1  0  3  1  1  0  2  0  0  0  0  0  0  0  0  1  1  0  4  4  1  0  1  1  0  0  3  2  1  0  3 32 24 27193  0  0  1  5 12 11 11 82 10  5  5 82 23 24 28231 16 17 1611802101714350100061373                
0623541114  6  6  7 17  0  0  0  0  0  0  0  0  6  6  7 17  0  1  1  2  0  0  1  1  0  1  2  1  4  6  4 14  1  2  3  5  4  1  3 10  0  3  4  4  2  2  0  3  2  0  1  0  1  4  1  5  3  2  5 12  1  2  2  5  1  1  1  8 36 32 18245 10  7  5 77 17 14 17 82 13  8 15 41 25 24 19193 24 19 301440110151621000000                    
0623541115  5  2  3 38  1  0  0  0  0  0  0  0  0  0  0  5  0  0  0  3  0  0  0  1  0  0  0  5  0  0  0  3  1  0  1  7  0  0  0  3  0  0  0  1  0  0  0  1  2  0  2  8  2  1  1 22  1  1  0  8  1  0  1 12  3  0  1 11 14 16 15226  9 11 12128  3  1  6 78  0  0  1  7 10  9  8357  4  5 10 69012000    0110061900                
0623541116  5  7  1 20  3  6  3  1  2  1  0  3  4  6  1  9  3  6  1  4  2  3  0  4  1  2  0  0  3  5  1  6  3  3  0  6  3  2  1  3  1  1  0  5  0  3  0  1  1  0  0  4  3  1  1  4  1  6  0 12  0  5  1  5  0  2  0  9  8  8  3 97  3  6  0 44  2  2  1 25  3  4  3 13  7 10  5148  0  0  1  800801515840140151604                
0623541201  2  4  0 13  0  0  0  0  0  0  0  0  1  2  0 10  1  2  0  2  1  1  0  0  0  0  0  2  1  2  0  7  0  1  0  1  1  2  0  6  0  0  0  1  0  0  0  3  1  3  0  4  1  1  0  6  0  0  0  3  0  1  0  3  0  1  0  6 66 52 52328 14 14 12 66  1  3  0  3  3  4  1 17 42 39 30225  1  1  0  601601615000240151860                
0623541202  2  0  0  2  0  0  0  0  0  0  0  0  2  0  0  2  1  0  0  0  1  0  0  0  0  0  0  0  1  0  0  1  0  0  0  0  1  0  0  2  1  0  0  0  0  0  0  0  1  0  0  1  0  0  0  0  1  0  0  1  1  0  0  1  1  0  0  1  6  3  3 58  1  1  1 10  0  0  0  0  1  0  0 14 11  9 14121  5  3  1 340230211750000000                    
0623541203  2  5  1 17  0  0  0  0  0  0  0  0  2  5  1 17  1  2  1  4  0  1  1  3  0  1  0  2  0  1  1  4  0  0  0  2  2  3  1 16  0  1  0  0  0  1  0  1  0  3  1  4  1  1  0  7  1  1  0  6  0  1  0  7  0  1  0  5 15 20 19369  3  4  1 54  3  4  1 29  0  0  1  6 11 12 18278  5  8 10 9002101715380150151772                
0623541204  2  0  4  7  0  0  0  0  0  0  0  0  2  0  4  7  2  0  2  2  2  0  1  0  0  0  0  1  2  0  3  3  0  0  0  0  2  0  2  4  0  0  1  0  0  0  1  3  0  0  1  3  0  0  1  0  2  0  2  4  0  0  2  3  1  0  1  1 39 41 36329  8 10 13 78  5  8  5 49  0  0  0 11 26 41 38329  4  5  5 3601801217560240031390                
0623541205  2  3  7 26  0  0  0  0  0  0  0  0  2  3  7 26  0  0  0  5  0  0  0  0  0  0  3 12  1  3  4 16  0  0  1  4  0  2  5 21  0  0  0  3  2  1  2  2  1  0  3 10  1  1  4 11  0  2  0  5  1  0  3  8  1  0  2 11  9  4  9114  3  1  2 23  0  0  1 10  0  0  0  2  7 10  5148  0  0  0 1201601314800140112000                
0623541206  2  3  0  7  0  0  0  0  0  0  0  0  2  3  0  7  0  0  0  0  0  0  0  0  0  0  0  0  1  2  0  3  0  0  0  0  2  3  0  4  0  0  0  2  0  0  0  1  1  2  0  2  0  1  0  4  1  0  0  1  0  2  0  1  2  1  0  4 30 20 15163 10  7  4 44  1  1  1 13  0  0  0  0 25 24 19193  4  6  5 5001701414760060041250                
0623541207  2  3  2 11  0  0  0  0  0  0  0  0  2  3  2 11  1  2  1  6  1  1  0  3  0  0  0  1  2  2  1  8  0  0  0  0  2  2  2 10  0  1  0  0  0  0  0  1  0  2  0  8  2  1  1  1  0  0  1  2  1  1  1  2  1  2  1  3 10  7  6149  6  1  1 41  2  2  2 35  1  2  3 22  9  7  3189  6  3  4 2102001716760090101832                
0623541208  2  1  1  8  0  0  0  0  0  0  0  0  2  1  1  8  2  1  1  3  2  1  1  3  1  0  1  3  2  1  1  4  0  0  0  0  1  1  0  7  1  0  1  0  0  0  0  1  1  1  0  5  0  0  1  2  1  0  0  1  0  0  1  2  0  1  0  3 38 46 37288  7 12  6 75  0  2  1 18 20 24 23148 31 27 27227  2  1  1  902001716760240151860                
0623541209  2  5  5 10  0  0  0  0  0  0  0  0  2  5  5  8  1  1  1  4  0  0  1  1  0  3  1  3  1  4  3  5  0  0  0  1  2  5  4  7  0  0  1  1  0  0  0  0  0  1  1  6  1  2  2  3  1  2  2  1  0  1  2  2  0  1  1  2 19 23 24311  3  7  7 79  3  4  1  7  3  4  0  9 15 14 22332 28 28 20 9402101918490090101832                
0623541210  2  3  4 25  0  0  0  0  0  0  0  0  1  0  2 15  0  0  1  8  0  0  1  4  0  0  1  3  0  0  1  8  0  0  0  0  0  0  1 12  1  0  1  1  0  0  0  2  1  0  1 11  0  2  1 10  1  1  2  4  1  0  1  6  2  1  2  5 16 16 19206  0  0  0  4  1  1  0  7  9  6  9 91 27 25 30338 19 28 161820050231400000010                    
0623541211  2  5  3 16  0  0  0  0  0  0  0  0  1  5  3 13  0  1  2  4  0  1  2  1  0  0  0  0  1  3  2  6  0  0  0  0  1  4  3 12  0  1  0  0  0  0  0  1  0  2  1  5  1  2  2  4  1  1  0  7  1  1  0  5  1  1  1  5 32 49 36315  7 13 11 61  2  5  3 27  3  1  1 18 39 51 45321  2  5  3 210090121408000000                    
0723440101  0  1  0  2  0  0  0  0  0  0  0  0  0  1  0  1  0  1  0  1  0  0  0  0  0  0  0  0  0  0  0  0  0  0  0  0  0  1  0  1  0  0  0  0  0  0  0  0  0  0  0  1  0  0  0  0  0  1  0  1  0  1  0  1  0  0  0  0 14 18 20255  2  6  5 58  0  0  0  6  0  0  0  2  3  1  8 57 46 33 3324901401716000150151671                
0723440102  0  0  0  3  0  0  0  0  0  0  0  0  0  0  0  3  0  0  0  0  0  0  0  0  0  0  0  0  0  0  0  0  0  0  0  1  0  0  0  1  0  0  0  1  0  0  0  1  0  0  0  0  0  0  0  2  0  0  0  1  0  0  0  0  0  0  0  1 21 26 17199  6  6  4 29  1  0  1  8  0  0  0  1  5  7  7102  1  3  3 1400801615200060061683                
0723440103  0  0  0  3  0  0  0  0  0  0  0  0  0  0  0  0  0  0  0  0  0  0  0  0  0  0  0  0  0  0  0  0  0  0  0  0  0  0  0  0  0  0  0  0  0  0  0  0  0  0  0  2  0  0  0  0  0  0  0  1  0  0  0  2  0  0  0  1  2  2  3 55  0  0  0  5  9 12 13107  1  0  1  3  2  3  2 54  6  4  5 4001901916860070111515                
0723440104  0  0  0  2  0  0  0  0  0  0  0  0  0  0  0  2  0  0  0  1  0  0  0  0  0  0  0  0  0  0  0  0  0  0  0  0  0  0  0  2  0  0  0  0  0  0  0  0  0  0  0  0  0  0  0  1  0  0  0  1  0  0  0  1  0  0  0  2 23 17 15313  4  3  7 80 16 13 18189  0  0  0 21  7 11  5161  0  0  0  400101216540130121547                
0723440105  0  0  0  4  0  0  0  0  0  0  0  0  0  0  0  2  0  0  0  1  0  0  0  0  0  0  0  1  0  0  0  1  0  0  0  0  0  0  0  1  0  0  0  0  0  0  0  1  0  0  0  2  0  0  0  1  0  0  0  1  0  0  0  1  0  0  0  1  2 10 11166  0  0  0 16  0  1  1 31  1  3  2 45  7 13 16246  0  0  0 220080141464000000                    
0723440106  0  0  0  2  0  0  0  0  0  0  0  0  0  0  0  2  0  0  0  0  0  0  0  0  0  0  0  0  0  0  0  1  0  0  0  1  0  0  0  1  0  0  0  0  0  0  0  1  0  0  0  1  0  0  0  0  0  0  0  1  0  0  0  1  0  0  0  1  0  0  0 28  0  0  0  2  0  1  1 41  0  0  0  1  0  0  0 16  9  9 1010801401716000030161264                
0723440107  0  0  0  2  0  0  0  0  0  0  0  0  0  0  0  2  0  0  0  1  0  0  0  0  0  0  0  0  0  0  0  0  0  0  0  0  0  0  0  1  0  0  0  0  0  0  0  1  0  0  0  0  0  0  0  1  0  0  0  1  0  0  0  1  0  0  0  1 54 56 40289 10  6 10 57  4  4  2 31  0  1  2  6 36 48 36329  3  1  2 2501201514120110121717                
0723440108  0  0  1  2  0  0  0  0  0  0  0  0  0  0  1  2  0  0  1  1  0  0  0  0  0  0  1  0  0  0  0  0  0  0  1  1  0  0  1  2  0  0  0  0  0  0  0  0  0  0  0  1  0  0  0  0  0  0  1  1  0  0  0  1  0  0  1  0  1  2  3 82  0  0  1 14  8  1 10 62  0  0  1  1  7 10  6107  0  0  1  400201815370060061683                
0723440109  0  1  0  3  0  0  0  0  0  0  0  0  0  0  0  0  0  0  0  0  0  0  0  0  0  0  0  1  0  0  0  0  0  0  0  0  0  0  0  0  0  0  0  0  0  0  0  0  0  1  0  1  0  0  0  2  0  0  0  0  0  0  0  1  0  1  0  2 28 33 40339  6  6 13 78  3  2  4 47  0  0  0  3 21 27 35332  9  8  8 6400900516420110151694                
0723440110  0  0  0  1  0  0  0  0  0  0  0  0  0  0  0  0  0  0  0  0  0  0  0  0  0  0  0  0  0  0  0  0  0  0  0  0  0  0  0  0  0  0  0  0  0  0  0  0  0  0  0  1  0  0  0  0  0  0  0  0  0  0  0  1  0  0  0  0  3 10  8208  0  1  0 26  4  0  0 65  0  0  0  2  8 10  6205  1  0  0 17024000    0000191604                
0723440111  0  0  0  3  0  0  0  0  0  0  0  0  0  0  0  2  0  0  0  1  0  0  0  0  0  0  0  1  0  0  0  1  0  0  0  0  0  0  0  1  0  0  0  1  0  0  0  0  0  0  0  1  0  0  0  2  0  0  0  0  0  0  0  1  0  0  0  2  4  4  6101  2  1  3 38  0  0  0 12  0  0  0  2  7 12  8204  2  1  2 6001401716000090151547                
0723440201  1  2  1  6  0  0  0  0  0  0  0  0  1  2  1  5  1  1  1  3  0  0  0  0  0  0  0  0  1  0  0  1  0  0  0  0  1  1  0  4  0  0  0  0  0  1  1  1  0  1  0  1  1  1  1  1  0  0  0  4  0  0  0  1  0  1  0  4 25 21 22182  4  2  4 31  0  0  0  1  0  0  0  0  3  1  8 57  1  2  1  600802114580100071592                
0723440202  1  3  4 13  0  0  0  0  0  0  0  0  1  3  3  8  0  1  2  4  0  0  0  0  0  0  0  1  0  0  0  3  0  1  0  0  0  3  2  5  0  0  0  0  1  0  1  3  0  1  1  3  1  1  3  6  0  1  0  4  0  1  1  3  0  1  1  8 12 17 20322  6  2  3 45  0  1  0  2  0  1  0  0  7 11  5161  8  8 151020170101341000000                    
0723440203  1  3  3  4  0  0  0  0  0  0  0  0  1  3  3  4  0  0  0  2  0  0  0  0  0  1  1  0  1  3  0  2  0  0  0  0  0  2  2  3  1  0  1  1  0  1  0  0  0  1  2  1  1  2  1  1  0  0  0  2  0  2  0  2  1  1  2  2  0  0  1 21  0  0  0  0  0  0  0  2  0  0  0  4  0  0  1 19  1  5  5 1201402015510090151547                
0723440204  1  1  2  5  0  0  0  0  0  0  0  0  1  1  2  3  0  0  0  0  0  0  0  0  0  0  0  0  1  1  2  1  0  1  0  1  1  0  1  3  0  0  0  0  0  1  1  0  0  0  0  1  0  0  2  3  1  1  0  1  0  0  0  2  0  0  0  2 26 15 18294  9  4  3 46 24 29 24202  2  5  8 54 21 27 35332  3  2  2 2201901217020240151766                
0723440205  1  4  0 19  0  0  0  1  0  0  0  0  1  4  0 19  1  4  0 15  0  0  0  0  0  0  0  1  0  0  0  5  0  0  0  0  0  2  0 12  0  1  0  6  1  1  0  1  0  0  0  6  1  3  0  8  0  1  0  5  0  0  0  7  1  0  0  6  5  8  6146  0  0  0  1  1  1  0 40  0  0  0  3  3  7 12157  8 11  7 8200901014250090101686                
0723440206  1  2  0  3  0  0  0  0  0  0  0  0  1  2  0  1  1  2  0  1  0  1  0  0  0  0  0  0  1  2  0  1  1  2  0  3  1  2  0  1  0  0  0  0  0  0  0  0  0  0  0  0  0  1  0  1  1  1  0  2  0  0  0  1  0  1  0  0 12 15 10158  2  6  2 22  5  8  5 48 12  7  0 50  4  3  4 85 11  6  4 6200001215320190091659                
0723440207  1  0  2  7  0  0  0  0  0  0  0  0  1  0  2  6  0  0  2  4  0  0  0  0  0  0  0  2  0  0  0  1  0  0  0  1  1  0  0  6  0  0  1  0  0  0  1  0  0  0  0  2  1  0  0  3  0  0  2  2  0  0  0  3  0  0  1  3 14 18 14300  0  1  1 19  0  0  1 10  0  0  0  1  8 10  6205  6  3  714400000612750080161520                
0723440208  0  1  1  3  1  0  0  0  0  0  0  0  0  1  1  3  0  1  1  2  0  0  1  0  0  0  0  1  0  0  1  1  0  0  1  1  0  1  1  0  0  0  0  0  0  0  0  3  0  0  0  0  0  1  1  2  0  0  0  1  0  0  0  0  0  1  0  1 18 20 31270  3  3  2 37  0  0  2 23  0  0  1  2  8  9  8126  5  8  7 5300201815370000251550                
0723440209  1  1  2  4  0  0  0  0  0  0  0  0  1  1  2  3  0  1  2  0  0  0  0  0  0  0  0  0  0  0  1  0  0  1  1  0  0  0  0  2  0  0  1  0  1  1  1  1  1  0  0  0  0  1  0  4  0  0  2  0  0  1  1  0  1  1  2  2  6  6 14140  1  2  2 23  0  6  5 47  0  3  2  7 18  7 15222  9  9  5 5101201514120000121643                
0723440210  1  0  0  7  0  0  0  0  0  0  0  0  0  0  0  1  0  0  0  1  0  0  0  0  0  0  0  2  0  0  0  1  0  0  0  0  0  0  0  0  0  0  0  1  0  0  0  0  1  0  0  1  0  0  0  5  0  0  0  1  0  0  0  2  1  0  0  1 30 36 27367  4  6  3 39  0  0  0  1  0  0  1  7 23 20 16293  1  1  0 190180121547000000                    
0723440211  1  3  1 11  0  0  0  0  0  0  0  0  1  3  1  8  1  1  0  7  0  0  0  0  0  0  1  1  0  0  0  3  0  0  0  0  0  2  1  5  1  0  0  1  0  1  0  2  0  1  0  3  0  0  0  7  1  2  1  1  1  1  1  3  1  0  0  2 10  2  4141  1  0  0 20  0  0  0  3  0  0  0  1  3  1  3 42  4  9  2 5600901614160110071682                
0723440212  0  0  0 13  0  0  0  0  3  5  3 15  0  0  0  1  0  0  0  1  0  0  0  0  0  0  0  0  0  0  0  0  0  0  0  1  0  0  0  1  0  0  0  0  0  0  0  0  0  0  0  1  0  0  0  2  0  0  0  3  0  0  0  2  0  0  0  4  1  1  0 76  0  1  0  6  5  5 16434  0  0  0 12  0  0  2 35  0  0  0 220100121680003000                    
0723440213  1  2  1  7  0  0  0  0  0  0  0  0  1  1  0  2  0  0  0  1  0  0  0  0  0  0  0  0  1  1  0  1  0  0  0  1  0  0  0  1  1  0  0  0  0  1  0  1  0  0  0  2  0  0  1  4  1  2  0  1  0  0  0  3  1  0  1  2 36 37 29294  3  3  1 35 12  8  9 57 12  8  9 82 36 48 36329  4  3  7 4901801215470140151604                
0723440301  0  2  2 13  0  0  0  0  2  0  0  0  0  2  2  6  0  0  0  0  0  0  0  0  0  0  1  1  0  0  0  0  0  1  0  3  0  1  0  2  0  0  1  3  0  1  1  1  0  0  0  1  0  1  2  5  0  1  0  7  0  0  0  3  0  2  1  5  0  1  2 14  0  1  1 13  1  1  0  5  3  4  7 57 24 27 19255  0  3  2 1301501017360180171702                
0723440302  1  1  1  7  0  0  0  0  0  0  0  0  1  1  1  7  0  0  0  2  0  0  0  2  0  1  0  0  0  0  0  3  1  1  1  1  0  0  0  4  1  1  1  1  0  0  0  2  1  0  0  3  0  0  0  2  0  1  1  2  0  0  0  0  0  1  0  0  3  3  0 30  3  3  0 28  3  3  3 28  2  1  1 12 14  6  5140  6  4  9 720070131495000000                    
0723440303  0  0  0  6  0  1  1  1  3  1  0  0  0  0  0  3  0  0  0  1  0  0  0  0  0  0  0  0  0  0  0  0  0  0  0  1  0  0  0  1  0  0  0  1  0  0  0  1  0  0  0  1  0  0  0  4  0  0  0  1  0  0  0  2  0  0  0  1  1  1  5 31  1  1  5 25  2  1  3 19  0  2  2  8  3  1  8 57  2  2  1 3602001917320070211685                
0723440304  1  0  3 14  0  0  0  0  0  0  0  0  1  0  3 11  0  0  0  1  0  0  0  0  1  0  0  3  1  0  1  4  1  0  3  9  0  0  1  9  1  0  1  1  0  0  1  1  0  0  2  6  1  0  1  3  0  0  0  5  0  0  1  5  0  0  1  3  0  0  1 26  0  0  0 23  4  4  8 37  1  0  3 10 18  7 15222  4  2  6 7001402015510180171702                
0723440305  1  0  0 21  0  0  0  0  0  0  0  0  1  0  0 14  0  0  0  0  0  0  0  0  0  0  0  3  0  0  0  7  0  0  0  0  1  0  0  8  0  0  0  5  0  0  0  1  0  0  0  9  1  0  0  5  0  0  0  7  0  0  0  7  1  0  0 11  0  1  0  4  0  1  0  4  0  2  0 22  2  2  0 14  8 10  6205  0  0  0 4401501017940090121521                
0723440306  1  1  2 16  0  1  0  0  0  0  0  0  1  1  2 16  1  1  0  4  1  1  0  4  0  1  0  3  1  1  0  6  0  0  0  0  0  0  2  9  1  0  0  3  0  1  0  4  0  0  1  4  0  0  1  7  1  1  0  5  0  0  0  5  0  0  2  7  1  3  2 36  1  2  1 30  5  3  5 33  1  0  2  7  7 11  5161 11  8 10 8600201016900160101482                
0723440307  1  2  1  7  0  0  0  0  0  0  0  0  0  0  1  0  0  0  0  0  0  0  0  0  1  0  0  0  0  0  0  0  0  0  0  0  0  0  1  0  0  0  0  0  0  0  0  0  0  0  0  0  0  2  1  5  1  0  0  2  0  0  1  2  1  0  0  3  0  0  0  0  0  0  0  0  0  0  1  3  0  0  1  3  0  0  1 19 16 10  9 7201601615680240151766                
0723440308  1  0  0  6  0  0  0  0  0  0  0  0  0  0  0  6  0  0  0  0  0  0  0  0  0  0  0  1  0  0  0  2  0  0  0  3  0  0  0  5  0  0  0  0  0  0  0  1  1  0  0  1  0  0  0  0  0  0  0  5  1  0  0  1  0  0  0  2  0  1  2 14  0  1  2 14 35 33 29300  1  2  0 16 19 27 21280  1  0  0  601501416920030221348                
0723440309  1  2  0  1  0  0  0  0  0  0  0  0  1  2  0  1  1  1  0  0  1  0  0  0  0  0  0  0  1  0  0  0  0  0  0  1  0  1  0  0  0  0  0  1  1  1  0  0  0  0  0  0  1  2  0  1  0  0  0  0  0  1  0  1  1  1  0  1  6  3  4 33  6  3  4 30  4  6  7 43  0  0  0  1 23 20 16293  1  2  0  100801616600150151671                
0723440310  0  0  0 26  0  0  0  1  2  0  0  0  0  0  0 25  0  0  0  0  0  0  0  0  0  0  0  7  0  0  0  8  0  0  0 11  0  0  0 16  0  0  0  8  0  0  0  1  0  0  0  7  0  0  0 11  0  0  0  8  0  0  0  4  0  0  0  5  0  1  0  3  0  1  0  3 10  8 18190  1  0  1 31 12 12 18252  2  4  413000701616200060111602                
0723440401  0  0  0  3  0  0  0  0  0  0  0  0  0  0  0  3  0  0  0  1  0  0  0  0  0  0  0  0  0  0  0  1  0  0  0  0  0  0  0  3  0  0  0  0  0  0  0  0  0  0  0  1  0  0  0  1  0  0  0  1  0  0  0  1  0  0  0  0  2  6  9136  0  0  0  8  0  2  0 11  0  0  0  3 12 12 18252  9  4  3 3102201215680240151860                
0723440402  0  0  0  1  0  0  0  0  0  0  0  0  0  0  0  1  0  0  0  0  0  0  0  0  0  0  0  0  0  0  0  0  0  0  0  0  0  0  0  0  0  0  0  0  0  0  0  1  0  0  0  1  0  0  0  0  0  0  0  0  0  0  0  1  0  0  0  1  5  7  3203  2  0  0 22  0  0  0  6  0  0  0  7  7 11  5161  9  7 11 5200401412000080061200                
0723440403  0  0  1  4  0  0  0  0  0  0  0  0  0  0  1  2  0  0  0  0  0  0  0  0  0  0  1  1  0  0  0  2  0  0  0  0  0  0  1  2  0  0  0  0  0  0  0  0  0  0  0  1  0  0  1  1  0  0  0  2  0  0  0  2  0  0  1  2  3  3  3 92  0  1  1  9  1  0  2 10  0  1  0  5  8 10  6205  8 11  8 79000006    0110081750                
0723440404  0  0  0  2  0  0  0  0  0  0  0  0  0  0  0  2  0  0  0  0  0  0  0  0  0  0  0  0  0  0  0  0  0  0  0  0  0  0  0  2  0  0  0  0  0  0  0  0  0  0  0  0  0  0  0  1  0  0  0  1  0  0  0  1  0  0  0  1 17 25 20295  1  3  6 32  4  4  2 44  6  5  2 72 21 27 35332 29 24 33309000013    0080111759                
0723440405  0  0  0  1  0  0  0  0  0  0  0  0  0  0  0  1  0  0  0  0  0  0  0  0  0  0  0  0  0  0  0  0  0  0  0  0  0  0  0  1  0  0  0  0  0  0  0  0  0  0  0  0  0  0  0  0  0  0  0  1  0  0  0  1  0  0  0  0  0  2  1 15  0  0  0  0  0  0  0  0  1  0  2  6  0  0  1 19  0  3  3 2402001716760200191877                
0723440406  0  0  0  3  0  0  0  0  0  0  0  0  0  0  0  3  0  0  0  1  0  0  0  0  0  0  0  0  0  0  0  1  0  0  0  0  0  0  0  3  0  0  0  0  0  0  0  0  0  0  0  2  0  0  0  1  0  0  0  0  0  0  0  0  0  0  0  1  7 13  3130  2  1  0 24  2  1  0 23  0  0  0  1 19 27 21280  3  0  0 2801601715500160101240                
0723440407  0  0  0  3  0  0  0  0  0  0  0  0  0  0  0  3  0  0  0  0  0  0  0  0  0  0  0  1  0  0  0  0  0  0  0  0  0  0  0  2  0  0  0  1  0  0  0  0  0  0  0  1  0  0  0  2  0  0  0  0  0  0  0  0  0  0  0  1  3 10  2 68  0  0  0  6  1  1  1  0  0  1  1 16  3  1  3 42 20 29 18 840190191772000000                    
0723440408  0  0  0  1  0  0  0  0  0  0  0  0  0  0  0  0  0  0  0  0  0  0  0  0  0  0  0  0  0  0  0  0  0  0  0  0  0  0  0  0  0  0  0  0  0  0  0  0  0  0  0  0  0  0  0  1  0  0  0  0  0  0  0  1  0  0  0  0  5  1  2 55  0  0  0  5  0  0  0  2  0  0  0  1  2  5  4 63  6  4  710701300617770110061600                
0723440409  0  1  0  1  0  0  0  0  0  0  0  0  0  1  0  1  0  1  0  0  0  0  0  0  0  0  0  1  0  1  0  0  0  0  0  0  0  0  0  1  0  0  0  0  0  1  0  0  0  1  0  0  0  0  0  1  0  0  0  0  0  1  0  1  0  0  0  0  5  5  4117  1  0  1 13  1  0  1  1  0  0  0  0  6  7 13123  2  1  2 4204300016000110071756                
0723440410  0  0  0  4  0  0  0  0  0  0  0  0  0  0  0  4  0  0  0  0  0  0  0  0  0  0  0  0  0  0  0  0  0  0  0  1  0  0  0  2  0  0  0  1  0  0  0  1  0  0  0  1  0  0  0  3  0  0  0  0  0  0  0  2  0  0  0  2  3  6  2 93  0  0  0  2  2  4  7107  0  0  1 25  4  5  6117  6  9 1218100801115200180171888                
0723440411  0  0  1  3  0  0  0  0  0  0  0  0  0  0  1  2  0  0  0  0  0  0  0  0  0  0  0  0  0  0  0  0  0  0  0  0  0  0  0  2  0  0  1  0  0  0  0  0  0  0  0  2  0  0  1  0  0  0  0  1  0  0  0  0  0  0  1  0 12  6  5 82  1  1  0  7  2  6  6101  0  1  2  5  7 10  6107 12  6 1011000401412000110061600                
0723440412  0  0  0  3  0  0  0  0  0  0  0  0  0  0  0  3  0  0  0  2  0  0  0  0  0  0  0  0  0  0  0  3  0  0  0  0  0  0  0  3  0  0  0  0  0  0  0  0  0  0  0  1  0  0  0  1  0  0  0  1  0  0  0  3  0  0  0  1  1  0  0 50  1  0  0  3  1  5  1 25  8  7 10125  7 13 16246  7  9 1911801601617000140091600                
0723440413  0  0  1  0  0  0  0  0  0  0  0  0  0  0  1  0  0  0  1  0  0  0  0  0  0  0  0  0  0  0  0  0  0  0  0  0  0  0  1  0  0  0  0  0  0  0  0  0  0  0  1  0  0  0  0  0  0  0  0  0  0  0  1  0  0  0  0  0  7  6 13151  1  2  3  9  2  4  6 55  0  0  0  2  7 12 14163  0  0  1  001901217890110061600                
0723440414  0  0  0  1  0  0  0  0  0  0  0  0  0  0  0  1  0  0  0  0  0  0  0  0  0  0  0  0  0  0  0  0  0  0  0  0  0  0  0  1  0  0  0  0  0  0  0  0  0  0  0  1  0  0  0  0  0  0  0  0  0  0  0  0  0  0  0  0  4  7  6146  0  2  1  9  1  4  2 12  0  0  0  0  5  7  7102  1  0  1  702102317520420001640                
0723440415  0  0  2  1  0  0  0  0  0  0  0  0  0  0  1  0  0  0  0  0  0  0  0  0  0  0  0  0  0  0  0  0  0  0  0  0  0  0  1  0  0  0  0  0  0  0  0  0  0  0  0  0  0  0  2  1  0  0  0  0  0  0  2  1  0  0  1  0  8 11 12187  1  0  2 21  0  5  2 54  0  0  0  1 23 20 16293  2  0  3  70160181893000000                    
0723440416  0  0  1  1  0  0  0  0  0  0  0  0  0  0  1  1  0  0  0  0  0  0  0  0  0  0  0  0  0  0  0  0  0  0  0  0  0  0  1  1  0  0  0  0  0  0  0  0  0  0  0  1  0  0  1  0  0  0  0  0  0  0  1  0  0  0  1  0 24 22 24199  6  2  3 22  0  1  1  9  5  5  7 53 36 48 36329  1  4  2 2901701012330140151583                
0723440501                                                                                                                                                                                                             17 25 20295  5  7  3 61  2  0  1 40  5  9  3 37 21 27 35332  4  6  4 2500801615200090151547                
0723440502                                                                                                                                                                                                              5  5  4117  3  2  3 41  0  1  0  6  0  0  0  0  6  7 13123 20 18 18 97012000    0170161779                
0723440503                                                                                                                                                                                                             24 22 24199  8  7 10 50  1  1  0  5  4  3  6 40 36 48 36329  1  0  2 2900101216540030161264                
0723440504                                                                                                                                                                                                              3 10  2 68  2  3  0 21  1  0  0  4  0  0  0  1  3  1  3 42  0  0  0  001201215880110121717                
0723440505                                                                                                                                                                                                              7  6 13151  0  1  2 32  2  2  0 26  0  1  1 10  7 12 14163  2  0  1  301201514120150101786                
0723440506                                                                                                                                                                                                              0  2  1 15  0  0  0  0  0  0  0  1  0  0  0  2  0  0  1 19 31 39 1722500000912390090151547                
0723440507                                                                                                                                                                                                              0  1  0 32  0  0  0  4  2  5  6 96  0  1  0  0  2  5  4 63  4 11  6 7900601914590090151547                
0723440508                                                                                                                                                                                                              4  7  6146  0  1  3 30  6  5  5 52  2  0  2  9  5  7  7102  8  3  5 4601301214750170131680                
0723440509                                                                                                                                                                                                             12  6  5 82  3  1  2 27  2  6  6101  0  0  0  5  7 10  6107  4  1  1 3900201016900150151671                
0723440510                                                                                                                                                                                                              8  5  6106  2  2  3 40  0  0  0  1  0  0  0  0  3  5  7117  0  0  0  000701314950120111535                
0723440511                                                                                                                                                                                                              5  1  2 55  1  0  0  6  4  4  3 35  0  1  1  2  2  5  4 63 25 17 14 9601401716000160101482                
0723440512                                                                                                                                                                                                              5  7  3203  2  2  1 60  1  1  2 21  0  0  0  1  7 11  5161  0  0  0  300401515500170141513                
0723440513                                                                                                                                                                                                              5  3  7 73  0  0  2 31  0  3  1 31  4  2  3 38  7 12  8204  2  2  211401901514660200191732                
0723440514                                                                                                                                                                                                              5  7  9129  3  2  5 47  0  0  0  0  0  0  0  3  8  9  8126  5  2  4 2400601012020200191732                
0723440515                                                                                                                                                                                                              7 12 10151  2  6  5 54  1  1  0  1  0  0  0  0 14  6  5140  8  5  9 6601901916860000251400                
0723440516                                                                                                                                                                                                              8 11 12187  2  4  3 59 37 24 31387  2  1  2 28 23 20 16293  4  4  8 5202202515700060061683                
0723440601  1  1  2  2  0  0  0  0  0  0  0  0  1  1  2  2  1  0  0  1  0  0  0  0  0  0  0  0  0  1  1  0  0  0  0  0  1  1  1  2  0  0  1  0  0  0  0  0  0  1  1  0  0  0  1  0  1  0  0  2  0  1  1  0  0  0  1  1  1  1  2 12  0  0  0  0  0  0  0  0  2  1  0  4  0  0  1 19 11  7  9 4101901217890170141476                
0723440602  1  1  3  3  0  0  0  0  0  0  0  0  1  1  3  3  1  1  1  2  0  0  0  0  0  0  1  0  1  0  3  2  1  0  0  0  1  1  2  2  0  0  1  1  0  0  0  0  0  0  1  0  0  1  1  1  1  0  1  2  0  0  1  1  0  1  0  1  4  2  2 73  0  1  0 10  9  3  4 31  2  1  2  6  8 10  6205 16 10 1416002101715380090111329                
0723440603  1  1  2  3  0  0  0  0  0  0  0  0  1  1  2  3  1  1  1  3  0  1  1  1  0  0  1  1  0  1  2  2  0  0  0  2  1  1  1  2  0  0  0  0  0  0  1  1  0  1  1  1  0  0  0  1  1  0  1  1  0  0  0  0  0  0  0  1 10 10 16182  0  2  1 45  4 13  6 47  0  0  0  2 23 20 16293  1  1  2  302302117500110121823                
0723440604  1  4  3 11  0  0  0  0  0  0  0  0  1  4  3 10  0  3  2  4  0  1  0  2  1  1  2  3  0  1  0  4  1  2  2  5  1  3  2  9  0  1  1  0  0  0  0  1  0  3  0  4  0  0  1  4  1  1  2  3  0  0  0  2  1  1  1  3 13 12 13124  1  1  2 31 10 10  8 61  5  5  7 29 14  6  5140 21 17 121140210191849000000                    
0723440605  0  0  0  4  0  1  0  0  2  0  0  0  0  0  0  1  0  0  0  0  0  0  0  0  0  0  0  0  0  0  0  0  0  0  0  2  0  0  0  1  0  0  0  0  0  0  0  0  0  0  0  2  0  0  0  0  0  0  0  2  0  0  0  1  0  0  0  0  4  4  4 91  0  0  1  4  4  5  8155  7  6 12106  7 13 16246  0  0  0 390090121408000000                    
0723440606  1  4  3  2  0  0  0  0  0  0  0  0  1  4  3  2  0  2  2  1  0  1  1  1  0  1  0  0  0  1  1  2  0  0  0  0  1  1  2  2  0  3  0  0  0  0  1  0  0  1  1  0  0  2  1  1  1  1  1  1  0  1  0  1  1  0  1  0 27 27 29182  7  2 10 43  5  2  3 22  0  0  0  2 36 48 36329  4  5  3 1302302117500220121568                
0723440607  1  0  1  7  0  0  0  0  0  0  0  0  1  0  1  7  1  0  0  3  0  0  0  0  0  0  1  1  0  0  0  2  0  0  0  0  1  0  1  5  0  0  0  2  0  0  0  0  0  0  0  3  0  0  0  2  1  0  1  2  0  0  0  2  0  0  0  3  8 14 20162  2  7  4 51  0  0  0  3  0  0  0  1 21 27 35332  1  0  1  70160131781000000                    
0723440608  0  1  2 15  0  0  0  0  2  3  0  4  0  1  2 15  0  1  2 13  0  0  0  1  0  0  0  2  0  0  0  4  0  0  0  0  0  1  1 10  0  0  1  4  0  0  0  1  0  0  1  2  0  0  0  8  0  1  1  5  0  0  0  2  0  0  2  7  0  0  0 16  0  0  0  2  0  0  1  7  0  0  0  0  1  0  0 34  0  0  0  401601818930240151860                
0723440609  1  1  3  9  0  0  0  0  0  0  0  0  1  1  3  9  0  1  2  1  0  0  0  0  1  0  1  2  1  1  2  6  0  0  0  0  1  1  3  7  0  0  0  2  0  0  0  0  0  1  1  2  1  0  1  4  0  0  1  3  0  1  0  2  0  1  1  4  2  0  0 46  0  0  0  1 16 22 26258  1  1  0  9  3  7 12157  1  1  3 1401501019020200191877                
0723440610  1  3  2  6  0  0  0  0  0  0  0  0  1  3  2  6  1  1  1  2  0  0  0  0  0  0  1  2  1  3  1  2  0  0  0  0  1  2  1  4  0  1  1  2  0  0  0  0  1  2  1  3  0  1  0  2  0  0  1  1  0  0  1  2  1  0  2  3  8  9 12112  0  2  0  3  0  2  0  3  1  1  1 37 12 12 18252  7 10  7 3101501019890190001927                
0723440611  1  0  4  3  0  0  0  0  0  0  0  0  1  0  4  3  1  0  2  1  0  0  0  0  0  0  0  0  0  0  0  0  0  0  0  0  0  0  3  2  1  0  1  1  0  0  0  0  0  0  1  0  1  0  1  0  0  0  2  3  0  0  2  1  1  0  2  1  4  5  8 82  2  3  2 26  1  1  0  1  0  0  0  2  3  1  8 57  1  0  4  301501019020170001200                
0723440612  1  4  4  4  0  0  0  0  0  0  0  0  1  4  4  4  0  3  0  0  0  1  0  0  0  1  2  0  0  2  2  1  0  0  0  0  1  3  4  4  0  1  0  0  0  0  0  0  1  0  2  1  0  2  1  2  0  2  1  1  0  1  1  1  0  1  0  0  1  1  1 48  1  0  0  4  0  1  0  7  0  1  0  4  2  5  4 63 48 39 3446401901917720140051400                
0723440613  0  3  0 15  0  0  0  0  2  1  1  0  0  3  0 14  0  1  0  7  0  0  0  1  0  0  0  4  0  0  0  3  0  2  0  6  0  3  0 10  0  0  0  3  0  0  0  1  0  1  0  2  0  1  0  5  0  1  0  8  0  0  0  1  0  1  0  2  1  4  3 52  0  0  0 14  0  2  0 18  0  2  0  6  3  1  3 42  2  5  4 8002101715380150151772                
0723440614  1  0  0  5  0  0  0  0  0  0  0  0  1  0  0  4  0  0  0  0  0  0  0  0  0  0  0  0  0  0  0  1  0  0  0  1  1  0  0  2  0  0  0  2  0  0  0  0  0  0  0  2  1  0  0  1  0  0  0  2  0  0  0  2  1  0  0  1  5  7 11 89  0  1  2 19  0  0  0  6  0  0  0  1  5  7  7102  4  3  2 2201201414930080291800                
0723440615  0  0  2  7  0  0  0  0  3  4  3 11  0  0  2  6  0  0  1  2  0  0  0  1  0  0  0  1  0  0  0  1  0  0  0  0  0  0  2  5  0  0  0  1  0  0  0  0  0  0  1  0  0  0  0  3  0  0  1  4  0  0  1  2  0  0  0  2  4  2  5 75  1  1  0 18  0  0  1 20  0  0  0  1  7 12 14163  0  0  0 1402101918490240151860                
0723440701  0  3  2  6  0  0  0  0  0  0  0  0  0  2  1  5  0  1  1  2  0  0  0  1  0  1  0  1  0  0  0  1  0  0  0  0  0  0  1  5  0  2  0  0  0  0  0  0  0  3  2  1  0  0  0  3  0  0  0  2  0  1  1  3  0  0  2  3 10 12  7100  3  2  0 20  0  0  0  1  0  0  0  0  3  1  3 42 25 26 271440210191633000000                    
0723440702  0  0  0 13  0  0  0  0  0  0  0  0  0  0  0  0  0  0  0  0  0  0  0  0  0  0  0  0  0  0  0  0  0  0  0  4  0  0  0  0  0  0  0  0  0  0  0  0  0  0  0  4  0  0  0  2  0  0  0  7  0  0  0  4  0  0  0  5 10  7  9216  0  3  4 52  0  0  0 19  0  0  0  4  6  7 13123  0  0  0 13000000    000000                    
0723440703  1  0  2  6  0  0  0  0  0  0  0  0  0  0  0  0  0  0  0  0  0  0  0  0  0  0  0  0  0  0  0  0  0  0  1  1  0  0  0  0  0  0  0  0  0  0  0  0  0  0  0  2  1  0  2  3  0  0  0  1  1  0  1  2  1  0  0  4 21 26 17199  6  6  4 29 14 17  8157  0  0  1  8  5  7  7102  9 11 15 740160131744000000                    
0723440704  0  2  1 11  1  0  0  0  0  0  0  0  0  2  1  8  0  2  0  4  0  1  0  3  0  0  0  0  0  1  0  4  0  0  0  2  0  1  1  5  0  0  0  0  0  1  0  3  0  1  0  2  0  1  1  4  0  0  0  5  0  1  1  2  0  1  1  3 22 31 39361  4  7 11 66  5  3  5 85  0  1  0 11 23 20 16293 27 30 2826501901217020240151766                
0723440705  1  1  2  4  0  0  0  0  0  0  0  0  1  1  2  2  0  0  0  0  0  0  0  0  1  1  1  0  0  1  1  2  0  0  0  0  1  1  1  2  0  0  0  0  0  0  1  0  1  0  1  0  0  0  0  2  0  1  1  2  0  0  2  2  0  0  0  2 29 24 25294  3  4  6 43 35 33 29300  1  0  2  5 19 27 21280  8  6  9 510210191633000000                    
0723440706  1  1  1 13  0  0  0  0  0  0  0  0  1  0  1 10  1  0  0  5  0  0  0  1  1  0  0  4  0  0  0  2  0  0  0  0  1  0  0  8  0  0  1  0  0  0  0  2  1  0  0  4  0  0  0  4  0  1  1  5  1  1  0  3  1  0  0  3 14 18 20255  2  6  5 58  0  0  0  1  0  0  0  0  3  1  8 57  5 11  8 9201701316800150151671                
0723440707  1  2  3 13  0  0  0  0  0  0  0  0  1  2  3 11  1  2  3  9  0  1  0  3  0  0  0  0  1  2  2  7  0  1  0  1  1  1  1  8  0  0  1  1  0  1  1  2  0  2  0  4  1  0  0  5  0  0  3  4  0  0  2  4  0  0  0  5 23 17 15313  4  3  7 80  0  1  1 26  0  1  0  1  7 11  5161  4  6  5 3301801717020000111300                
0723440708  1  1  2  3  0  2  1  0  0  0  0  0  1  1  2  3  0  0  1  1  0  0  1  0  0  0  0  1  0  0  1  1  0  0  0  0  1  0  2  0  0  1  0  2  0  0  0  1  0  0  1  0  1  0  1  1  0  1  0  2  0  0  0  0  1  0  1  1  0  0  2 46  0  0  1  6  0  2  1 36  0  0  0  0  0  0  1 29  6  3  4  900801615200140151604                
0723440709  0  7  4 15  0  0  0  0  2  1  0  0  0  4  3  5  0  0  0  0  0  0  0  0  0  0  1  2  0  0  0  1  0  0  0  4  0  3  1  3  0  1  1  1  0  0  1  1  0  1  1  1  0  4  1  6  0  2  2  8  0  2  1  4  0  3  0  5 20 18 32274  6  5  6 70  0  0  0 15  2  3  4 23 14  6  5140  2  3  4 2201901217020240151766                
0723440710  1  1  1 10  0  0  0  0  0  0  0  0  1  1  1  9  0  0  0  4  0  0  0  2  1  1  0  3  0  0  0  2  0  0  0  2  1  0  1  5  0  1  0  0  0  0  0  4  0  0  1  3  1  1  0  5  0  0  0  2  0  0  0  5  0  0  1  2  2  0  2 68  1  0  1 16  1  0  0 10  0  0  0  2  1  0  0 34  4  4  7 7401201016150090151547                
0723440801  0  0  2  3  1  0  0  0  0  0  0  0  0  0  2  3  0  0  0  0  0  0  0  0  0  0  0  0  0  0  0  0  0  0  0  0  0  0  1  2  0  0  1  1  0  0  0  0  0  0  1  0  0  0  0  2  0  0  1  1  0  0  0  1  0  0  1  1 17 25 20295  5  7  3 61 11  4  8 88  2  4  4 20 21 27 35332  0  0  2 1500201815370140151604                
0723440802  0  1  0  5  1  0  0  0  0  0  0  0  0  1  0  5  0  0  0  0  0  0  0  0  0  0  0  0  0  1  0  2  0  0  0  0  0  1  0  4  0  0  0  0  0  0  0  1  0  0  0  1  0  0  0  1  0  1  0  3  0  0  0  2  0  1  0  2  3 10  2 68  2  3  0 21  0  0  0  0  0  0  0  0  3  1  3 42  3  8  9 9900802114580060111602                
0723440803  1  0  2  8  0  0  0  1  0  0  0  0  1  0  1  7  0  0  0  0  0  0  0  0  0  0  0  1  0  0  0  0  0  0  0  0  0  0  0  3  1  0  1  1  0  0  0  3  0  0  1  4  0  0  0  3  1  0  1  1  0  0  0  1  0  0  1  1  4  4  6121  1  2  3 33 18 21 14198  2  0  1  3 18  7 15222  1  0  2  801701316800160101482                
0723440804  1  3  0  5  0  0  0  0  0  0  0  0  0  0  0  0  0  0  0  0  0  0  0  0  0  0  0  2  0  0  0  0  0  0  0  1  0  0  0  0  0  0  0  0  0  0  0  0  1  1  0  1  0  2  0  1  0  0  0  3  0  1  0  1  0  2  0  3 10  4 10127  3  0  4 37  0  0  0  3  0  0  0  1 24 27 19255  4  8  9 380150141692027000                    
0723440805  0  2  3 26  0  0  0  0  2  3  0  0  0  2  3 26  0  0  1  6  0  0  1  1  0  1  1  5  0  1  2  4  0  0  1  1  0  1  2 19  0  0  1  2  0  1  0  5  0  1  1  5  0  1  0 11  0  0  2 10  0  0  2  6  0  2  1  6  0  0  3 33  0  0  2 10  1  0  1 18  0  0  2  2  1  0  0 34  5  4  5 6101000716310000101278                
0723440806  0  0  0  1  1  0  1  0  0  0  0  0  0  0  0  1  0  0  0  0  0  0  0  0  0  0  0  0  0  0  0  0  0  0  0  0  0  0  0  0  0  0  0  1  0  0  0  0  0  0  0  0  0  0  0  1  0  0  0  0  0  0  0  1  0  0  0  1  0  2  1 15  0  0  0  0  0  0  0  0  1  0  2  6  0  0  1 19  9  6  9 820210191633000000                    
0723440807  0  0  1 14  0  0  0  0  2  0  0  0  0  0  1 11  0  0  1  3  0  0  0  1  0  0  0  3  0  0  0  4  0  0  0  0  0  0  1  4  0  0  0  5  0  0  0  2  0  0  1  1  0  0  0  9  0  0  0  4  0  0  1  3  0  0  1  5 24 22 24199  8  7 10 50  4  4  1 21  3  0  1 11 36 48 36329  0  0  0  801701515120240151766                
0723440808  1  1  1  5  0  0  0  0  0  0  0  0  1  1  1  4  0  0  0  1  0  0  0  0  0  1  0  0  0  0  0  1  1  1  0  2  1  1  0  2  0  0  0  2  0  0  1  0  0  0  0  0  1  0  0  3  0  1  1  2  0  0  1  2  1  1  0  0  2  6  9136  0  0  0 11  9 11 16174  3  7  0 22 12 12 18252  5  9  6 9301501416920000101278                
0723440809  1  2  2  7  0  0  0  0  0  0  0  0  1  2  2  6  0  1  2  4  0  0  0  0  0  0  0  0  1  1  2  5  1  1  1  6  1  0  1  3  0  1  0  3  0  1  1  0  0  0  0  3  1  0  2  4  0  2  0  0  0  1  2  3  1  2  1  2  3  6  2 93  1  0  0  8  2  4  7107  1  1  1  7  4  5  6117  2  3  3 250080161660000000                    
0723440810  1  0  0  2  0  0  0  0  0  0  0  0  1  0  0  2  1  0  0  2  0  0  0  0  0  0  0  0  1  0  0  2  0  0  0  0  0  0  0  2  0  0  0  0  1  0  0  0  1  0  0  0  0  0  0  1  0  0  0  1  0  0  0  0  1  0  0  0  3  3  3 92  0  0  1 20  0  0  0  2  1  2  2 15  8 10  6205  1  0  0  201801215470060041200                
0723440811  1  0  1  3  0  0  0  0  0  0  0  0  1  0  1  3  0  0  0  0  0  0  0  0  0  0  0  0  0  0  1  0  0  0  0  0  1  0  0  2  0  0  0  0  0  0  1  1  0  0  0  0  0  0  1  0  1  0  0  3  0  0  0  1  0  0  0  1  7 13  3130  1  6  0 40  0  1  1  9  0  0  1  2 19 27 21280  1  0  1  301301012050110071682                
0723440812  1  1  0 23  0  0  0  0  0  0  0  0  1  1  0 23  1  1  0  8  0  0  0  2  0  0  0  0  1  1  0 14  0  0  0  0  0  1  0 15  1  0  0  4  0  0  0  4  1  0  0  4  0  0  0 11  0  1  0  8  1  1  0  6  0  0  0  8  5  1  2 55  1  0  0  6  0  0  0  1  0  0  0  1  2  5  4 63  3  1  1 4200801616600110041400                
0723440813  0  0  0  0  0  0  0  0  7  2  0  1  0  0  0  0  0  0  0  0  0  0  0  0  0  0  0  0  0  0  0  0  0  0  0  0  0  0  0  0  0  0  0  0  0  0  0  0  0  0  0  0  0  0  0  0  0  0  0  0  0  0  0  0  0  0  0  0  0  0  0 46  0  0  0  8  0  0  0  2  0  0  0  0  0  0  2 35  0  0  0  000001518600140151604                
0723440814  0  0  0  6  0  0  0  0  5  1  4  3  0  0  0  5  0  0  0  0  0  0  0  0  0  0  0  1  0  0  0  1  0  0  0  2  0  0  0  3  0  0  0  1  0  0  0  1  0  0  0  2  0  0  0  2  0  0  0  2  0  0  0  3  0  0  0  2 18 12 19192  5  1  3 49  0  0  0  2  0  0  0  0  3  1  8 57  0  0  0  20200191732000000                    
0723440815  1  0  0  7  0  0  0  0  0  0  0  0  1  0  0  5  0  0  0  2  0  0  0  1  1  0  0  1  1  0  0  4  0  0  0  0  1  0  0  2  0  0  0  2  0  0  0  1  1  0  0  2  0  0  0  1  0  0  0  4  1  0  0  1  1  0  0  2  7 12 10151  2  6  5 54  0  0  0  0  0  0  0  0 14  6  5140  1  1  2 4001901616250170161779                
0723440816  1  2  2 14  0  0  0  0  0  0  0  0  1  0  1  7  0  0  1  3  0  0  1  2  0  0  0  0  1  0  1  5  0  0  0  0  0  0  0  4  0  0  1  3  1  0  0  0  0  0  0  3  0  1  2  3  1  1  0  8  0  0  1  4  0  0  1  3  4  7  6146  0  1  3 30  0  0  0  6  0  0  1  8  5  7  7102 35 19 22 8702201216910050231240                
0723440901  2  0  3  8  0  0  0  0  0  0  0  0  2  0  3  8  2  0  2  4  0  0  0  0  0  0  0  1  1  0  0  2  0  0  0  0  2  0  1  5  0  0  1  1  0  0  1  2  0  0  1  1  2  0  1  3  0  0  1  4  1  0  2  1  0  0  1  2  3  7  9126  2  3  3 30  1  0  1 17  0  0  1  0 18  7 15222  4  1  4 610080171512000000                    
0723440902  1  0  1  8  0  0  0  0  3  0  0  0  1  0  1  5  0  0  0  0  0  0  0  0  0  0  1  1  1  0  1  3  0  0  0  0  1  0  1  2  0  0  0  2  0  0  0  1  0  0  0  2  1  0  0  4  0  0  1  2  0  0  0  3  0  0  0  3  2 10 11166  0  0  0 16  0  0  0  7  0  0  0  1  7 13 16246  3  3  1 2202302116770160101482                
0723440903  2  2  1 10  0  0  0  0  0  0  0  0  2  2  1 10  2  2  1  8  0  0  0  0  0  0  0  0  0  0  0  3  0  0  0  0  2  1  0  6  0  0  0  1  0  1  1  3  1  0  1  3  1  2  0  5  0  0  0  2  0  1  0  1  1  1  0  5 12 17 17193  1  5  2 39  0  0  0  1  0  0  0  0  7 12 14163  3  3  2 3100201815370000121700                
0723440904  2  1  2 11  0  0  0  1  0  0  0  0  2  1  2 11  1  0  1  0  0  0  0  0  0  0  0  0  1  0  1  0  1  0  1  1  0  1  2  6  1  0  0  1  1  0  0  4  0  0  0  3  1  0  1  3  1  1  1  5  1  0  1  3  0  0  0  3 21 26 17199  6  6  4 29  4  0  3 20  1  0  1  7  5  7  7102  7 11  5 370210191633000000                    
0723440905  2  1  1  1  0  0  0  0  0  0  0  0  2  1  1  1  1  1  1  0  0  0  0  0  1  0  0  1  2  0  1  1  0  0  0  0  2  0  1  1  0  0  0  0  0  1  0  0  1  0  0  0  0  0  0  0  1  1  1  1  0  0  0  1  1  0  1  1 54 56 40289 10  6 10 57 19 18 12 91  0  0  0  0 36 48 36329  6  8  2 1800802114580110041400                
0723440906  2  1  5 27  0  0  0  0  0  0  0  0  2  1  5 25  2  0  5 19  0  0  2  5  1  1  0  2  0  0  2 10  0  0  1  3  1  1  4 15  0  0  1  5  1  0  0  5  1  0  2  8  1  1  2 14  0  0  1  5  0  0  0  6  0  1  1  7  9  7 12139  2  2  3 43  0  1  2 25  9  8 11117  9  5 12165  8  5  6 9501901916860140151604                
0723440907  2  2  2  6  0  0  0  0  0  0  0  0  2  2  1  4  1  2  0  3  1  2  0  0  0  2  0  2  1  2  0  0  1  0  1  0  1  2  0  1  1  0  0  1  0  0  1  2  0  0  1  2  1  2  0  0  1  0  1  4  1  0  0  1  1  0  1  4 20 18 32274  6  5  6 70 13 28 22161  4  3  7 79 14  6  5140 17 20 1313701401116910270271541                
0723440908  2  0  1  7  0  1  0  0  0  0  0  0  2  0  1  6  2  0  1  6  0  0  0  3  0  0  0  0  0  0  0  3  0  0  0  0  2  0  1  3  0  0  0  0  0  0  0  3  0  0  1  2  2  0  0  5  0  0  0  0  0  0  0  4  1  0  0  3 10  7  9216  0  3  4 52  5  2  2 25  0  0  0  1  6  7 13123  5  7  2 5001701316800110061550                
0723440909  2  3  1  5  0  0  0  0  0  0  0  0  2  3  1  5  2  0  0  2  1  0  0  0  1  0  0  0  2  2  1  3  0  0  0  0  1  1  0  3  0  1  0  1  1  1  1  1  1  0  0  0  0  1  0  2  1  2  1  3  1  0  0  2  2  1  1  2 23 19 33264  1  0  2 11  2  4  5 35  0  0  0  3 12 12 18252 12 15 1711700201815370160101482                
0723440910  2  1  6  4  0  0  0  0  0  0  0  0  2  1  6  4  1  1  6  3  1  0  1  1  0  0  0  0  2  0  2  2  0  0  0  0  1  1  3  3  0  0  0  0  1  0  3  1  0  0  2  2  1  1  4  1  1  0  0  1  1  0  3  2  0  0  4  4  5  6  7110  3  2  1 34  7  5  6107  0  1  0  0  3  5  7117  2  1  6 1900801615200090151547                
0723440911  2  1  0  7  0  0  0  0  0  0  0  0  1  0  0  2  0  0  0  0  0  0  0  0  0  1  0  2  1  0  0  1  0  0  0  0  0  0  0  1  1  0  0  0  0  0  0  1  0  1  0  1  1  0  0  4  1  0  0  2  0  0  0  0  1  1  0  2  6 10  9182  2  3  1 43  0  0  0 10  3  1  0 34 24 27 19255 50 37 2625702302516800160151700                
0723440912  2  0  0  1  0  0  2  0  0  0  0  0  2  0  0  1  2  0  0  1  1  0  0  0  0  0  0  0  1  0  0  0  1  0  0  0  1  0  0  1  0  0  0  0  1  0  0  0  0  0  0  1  1  0  0  0  1  0  0  0  0  0  0  1  2  0  0  0 14 18 20255  2  6  5 58  4  5  5 38  1  0  4  9  3  1  8 57 17 17 1515900801616600090171622                
0723440913  2  1  3 21  0  0  0  0  0  0  0  0  2  1  2 19  1  0  1  8  1  0  0  2  0  0  0  2  1  0  1  6  0  0  0  3  1  0  1  7  0  0  1  5  1  1  0  7  0  0  2  3  1  0  1 11  1  1  0  7  0  0  0  4  1  1  2  5 23 17 15313  4  3  7 80  0  0  0  7  0  0  0  4  7 11  5161  4  2  3 220210171435000000                    
0723440914  2  0  0  3  0  0  0  1  0  0  0  0  2  0  0  3  2  0  0  2  1  0  0  0  0  0  0  0  2  0  0  0  0  0  0  0  0  0  0  2  1  0  0  0  1  0  0  1  2  0  0  0  0  0  0  1  0  0  0  2  1  0  0  0  0  0  0  1 22 31 39361  4  7 11 66  1  0  4 15  1  1  0  0 23 20 16293  2  1  0  401402015510200191732                
0723440915  2  0  0  3  0  0  0  0  0  0  0  0  2  0  0  2  2  0  0  1  0  0  0  0  0  0  0  0  1  0  0  1  0  0  0  0  1  0  0  1  1  0  0  1  0  0  0  0  0  0  0  0  0  0  0  1  2  0  0  2  2  0  0  1  1  0  0  0  3  4  3 24  0  0  0  0  0  0  0  3  0  0  0  0  0  0  1 19  2  0  0  302101714350070161620                
0723440916  2  2  1 10  0  0  0  0  0  0  0  0  2  2  1 10  2  2  1  8  0  1  0  1  0  1  0  3  1  1  0  2  0  0  0  0  1  2  1  7  1  0  0  1  0  0  0  2  0  1  0  2  0  0  1  6  2  1  0  2  1  0  1  2  0  0  0  2 29 24 25294  3  4  6 43  0  1  0 16  1  0  3 18 19 27 21280  4  4  3 3301702415830000251200                
0723441001  0  1  0 10  0  0  0  0  3  0  1  6  0  1  0 10  0  1  0  4  0  1  0  0  0  0  0  2  0  1  0  1  0  0  0  0  0  0  0  8  0  0  0  2  0  1  0  0  0  1  0  4  0  0  0  5  0  0  0  1  0  0  0  3  0  0  0  3  8 13  6122  4  3  1 33  0  1  0  7  0  0  0 16  8  9  8126  6  6  212302302117500100221600                
0723441002  2  5  5  9  0  0  0  0  0  0  0  0  1  4  4  9  1  4  1  5  0  2  0  1  0  2  1  0  0  2  0  2  1  2  1  3  1  3  3  7  0  0  0  1  0  1  1  1  0  2  2  5  1  2  2  4  1  1  1  0  0  0  2  1  1  2  1  4 13  6 15171  2  2  2 28  2  8  3 18 10  6  8 85 19 27 21280  2  5  5 160160181893000000                    
0723441003  2  2  0  5  0  0  0  0  0  0  0  0  2  2  0  5  0  2  0  1  0  0  0  0  0  0  0  0  2  1  0  4  0  0  0  0  1  2  0  2  1  0  0  3  0  0  0  0  0  1  0  3  0  1  0  1  2  0  0  1  1  1  0  2  0  1  0  3  8  9 12112  0  2  0  3  1  1  2 19  0  0  0  1 12 12 18252  2  2  0  502001918770240151860                
0723441004  2  6  3  2  0  0  0  0  0  0  0  0  2  6  3  1  1  5  1  1  0  1  0  0  0  3  0  0  0  1  1  0  0  0  0  0  2  6  3  0  0  0  0  1  0  0  0  0  0  1  0  0  1  3  2  1  1  2  1  1  0  2  2  0  1  4  2  1 10 10 16182  0  2  1 45  4 13  6 47  0  0  0  0 23 20 16293  2  6  3  502101918490080161303                
0723441005  2  3  3  5  0  0  0  0  0  0  0  0  2  3  3  4  0  0  2  2  0  0  2  1  1  0  0  0  1  0  2  3  0  0  0  0  2  2  2  2  0  1  1  2  0  0  0  0  0  0  0  1  1  0  1  2  1  3  2  2  0  2  1  0  2  0  1  3  1  1  2 12  0  0  0  0  0  0  0  1  2  1  0  4  0  0  1 19 20 12 12 7002001716760240151860                
0723441006  2  3  4 34  0  0  0  0  0  0  0  0  2  3  4 33  0  0  0 10  0  0  0  4  0  0  2  8  1  1  0 10  0  0  0  0  1  3  4 26  1  0  0  6  0  0  0  1  0  1  2 13  1  1  1 15  1  1  1  6  1  1  1  7  2  0  0 12  5  2  4 56  2  2  1 17  4  4  8 37  0  0  0  7 18  7 15222 10 22 1510701001016620100131745                
0723441007  2  6  1  6  0  0  0  0  0  0  0  0  2  6  1  5  1  2  0  1  1  0  0  0  0  0  0  0  2  6  1  3  0  0  0  0  2  6  1  4  0  0  0  1  0  0  0  0  0  1  0  2  1  4  0  3  1  1  1  1  0  2  0  2  0  2  0  1  1  1  1 48  1  0  0  4  4  4  3 35  0  0  0  0  2  5  4 63  2  4  2 1102101715380150101902                
0723441008  2  0  0  9  0  0  0  0  0  0  0  0  2  0  0  9  2  0  0  4  0  0  0  1  0  0  0  0  1  0  0  3  0  0  0  0  0  0  0  6  1  0  0  1  1  0  0  2  1  0  0  1  1  0  0  6  0  0  0  2  0  0  0  5  0  0  0  5  7  4  6 99  3  1  1 27  0  0  0  4  0  2  1 26 24 27 19255  2  1  0 3101101116820110071756                
0723441009  2  5  0  9  0  0  0  0  0  0  0  0  2  5  0  9  1  4  0  3  0  1  0  1  0  3  0  3  1  1  0  4  0  0  0  0  2  4  0  7  0  1  0  1  0  0  0  1  1  1  0  2  1  3  0  5  0  1  0  2  1  3  0  4  0  4  0  1 27 27 29182  7  2 10 43 15 14 10 84  8  6  3 63 36 48 36329 25 26 271440240151860000022                    
0723441010  2  2  1 12  0  0  0  1  0  0  0  0  2  2  1 12  1  0  1  3  0  0  0  0  1  0  0  2  0  2  0  5  0  0  0  1  2  2  1  9  0  0  0  2  0  0  0  1  0  1  1  6  0  1  0  4  2  0  0  2  0  1  1  4  0  2  1  5  4  4  4 91  0  0  1  4  0  0  0  9  4  6  8156  7 13 16246 22 22 212190210191849000018                    
0723441011  2  0  1  8  0  0  0  0  0  0  0  0  2  0  1  8  1  0  0  6  0  0  0  0  0  0  0  2  1  0  1  3  0  0  0  0  1  0  1  6  1  0  0  0  0  0  0  2  1  0  1  3  1  0  0  5  0  0  0  0  0  0  0  2  1  0  1  4  8 14 20162  2  7  4 51  0  0  0  6  1  5  5 28 21 27 35332 35 31 2721702300018660150001818                
0723441012  2  1  1  7  0  0  0  0  0  0  0  0  1  0  1  4  0  0  0  1  0  0  0  0  1  0  0  1  0  0  0  0  0  0  0  0  0  0  1  3  1  0  0  0  0  0  0  1  0  0  0  1  1  0  0  4  1  1  1  2  0  0  0  0  0  1  0  0  4  5  8 82  2  3  2 26  0  0  0  2  0  0  0  2  3  1  8 57  2  1  1 1001801914040150151772                
0723441101  3  1  0 20  0  0  0  0  0  0  0  0  2  1  0 16  2  1  0 16  0  0  0  4  0  0  0  3  0  0  0  6  0  0  0  0  1  0  0 13  0  1  0  0  1  0  0  3  1  0  0  4  1  0  0  9  1  1  0  7  0  0  0  4  0  0  0  7 13 12 10179  1  0  2 12  7  7  5 51  0  0  0  0 24 27 19255  3  1  0 1701501515470090101832                
0723441102  3  1  0 10  0  0  0  0  0  0  0  0  3  1  0 10  3  1  0  8  1  0  0  1  0  0  0  1  1  0  0  4  0  0  0  0  1  1  0  8  1  0  0  1  1  0  0  1  1  0  0  1  1  0  0  3  1  1  0  6  0  0  0  4  0  1  0  4  0  0  1 21  0  0  0  0  0  1  0  0  1  0  2  6  0  0  1 19 27 18 1712201201613570200191877                
0723441103  4  3  4 29  0  0  0  0  0  0  0  0  0  0  0  3  0  0  0  2  0  0  0  0  2  0  0  8  0  0  0  0  0  0  0  0  0  0  0  3  0  0  0  0  0  0  0  0  2  0  1  4  1  2  1 10  1  1  2 15  1  1  4 11  3  0  1  9 10  2  4141  0  0  0  6  0  0  2 18  0  0  0  1  3  1  3 42  4  5  1 4701401515830170162011                
0723441104  2  5  5 26  1  0  0  0  0  0  0  0  2  5  5 24  2  4  5 13  1  2  1  3  1  0  0  1  1  2  2  9  0  3  0  0  1  5  3 18  0  0  1  5  1  0  1  1  0  1  1  4  0  3  2 12  2  1  2 10  2  0  2  7  0  1  2 12 16 26 25269  0  0  2  1  0  0  0  1  0  3  0  3 12 12 18252  1  1  2 170120161357000000                    
0723441105  3  4  3 19  0  0  0  0  0  0  0  0  1  3  2 16  1  3  2 15  0  0  0  1  1  1  0  1  0  0  1  4  2  2  2  4  1  3  2 13  0  0  0  1  0  0  0  2  0  1  0  1  0  0  0  5  3  3  3 13  0  0  0  6  1  3  0 10 18 20 31270  1  0  0 17 17 19 21256  2  2  2 23  8  9  8126 17 17 1515901301214980120101649                
0723441106  3  5  0 19  0  0  0  0  0  0  0  0  3  5  0 19  2  2  0  9  0  0  0  1  0  0  0  2  0  2  0  4  1  0  0  2  2  2  0 15  1  2  0  2  0  1  0  2  0  1  0  2  1  2  0  7  2  2  0 10  0  1  0  6  1  1  0  9 26 15 18294  0  3  2 30  4  1  0 53  3  1  2 38 21 27 35332  9 14  91100170151599000000                    
0723441107  3  3  2  6  0  0  0  0  0  0  0  0  3  3  2  5  3  1  1  4  0  0  0  0  0  1  1  0  0  1  1  0  1  2  1  5  2  3  1  5  0  0  0  0  1  0  1  0  0  0  2  1  0  2  0  2  3  1  0  3  0  1  0  0  1  2  0  2 12 17 20322  2  1  1 16 16 13 18189  1  2  2 28  7 11  5161 12 16 11 8301200416020160101240                
0723441108  3  3  2 16  0  0  0  0  0  0  0  0  3  3  2 14  2  2  1  8  0  0  0  0  1  2  1  4  1  0  1  3  0  0  0  0  2  3  0 12  1  0  2  1  0  0  0  1  1  0  1  6  0  2  1  5  2  1  0  5  0  1  0  5  2  3  0  4 25 21 22182  1  4  1 13  0  0  2  3  0  0  0  0  3  1  8 57  3  3  2 2201901917720290001680                
0723441109  3  3  1 18  0  0  0  0  0  0  0  0  3  3  1 18  3  2  1 16  0  0  0  2  0  0  0  2  0  1  0  2  0  1  0  1  2  2  1 14  0  1  0  2  1  0  0  2  0  1  0  2  2  2  0 11  1  0  1  5  0  3  1  3  1  0  0  3 30 36 27367  0  5  3 18 37 24 31387  4  6  5125 23 20 16293  2  7  3 7001101116820070111600                
0723441201  0  0  0 17  0  0  0  0  2  3  1  0  0  0  0 13  0  0  0  6  0  0  0  0  0  0  0  0  0  0  0  4  0  0  0  0  0  0  0  9  0  0  0  3  0  0  0  1  0  0  0  3  0  0  0  5  0  0  0  9  0  0  0  4  0  0  0  7  8  4  4 74  2  2  0 22  1  1  0  4  0  0  0  1 24 27 19255  7  5  8 970200171676000000                    
0723441202  1  0  0 12  0  0  0  1  0  0  0  0  0  0  0  9  0  0  0  3  0  0  0  0  1  0  0  1  0  0  0  1  0  0  0  0  0  0  0  3  0  0  0  5  0  0  0  1  0  0  0  4  1  0  0  4  0  0  0  4  0  0  0  3  0  0  0  3  4  3  5 46  4  3  3 19 10  2  6 66  0  0  1  5  8  9  8126  4 12 13 780080071404000000                    
0723441203  1  2  2 18  0  0  0  0  0  0  0  0  1  2  2 16  0  1  0  4  0  0  0  1  0  2  1  1  0  1  1  7  0  0  0  4  1  2  1 11  0  0  1  4  0  0  0  1  1  0  0  4  0  2  0  6  0  0  2  8  1  1  1  5  0  0  0  8  0  7  5 86  0  4  0 33  1  1  1 12  0  0  1  9  3  1  8 57 17 20 242160190191772000012                    
0723441204  1  3  2  2  0  0  0  0  0  0  0  0  1  3  2  2  0  1  1  1  0  0  0  0  1  0  1  0  1  2  1  0  0  0  0  0  1  2  2  2  0  1  0  0  0  0  0  0  0  2  0  0  0  1  2  1  1  0  0  1  0  0  2  1  0  3  1  0  7  3  4 52  4  2  1 15  0  0  0  0  0  0  0  0  5  7  7102  1  3  2  201201613570200191877                
0723441205  1  2  3  4  0  0  0  0  0  0  0  0  1  2  3  4  1  0  1  1  0  0  0  0  0  0  1  2  0  0  2  3  0  0  0  0  1  2  1  3  0  0  2  0  0  0  0  1  0  0  1  0  0  1  0  2  1  1  2  2  0  0  1  1  0  1  0  2  8 11 11190  0  0  0 10  1  2  1 17  1  5  5 69 12 12 18252 23 38 3831001701414760120101649                
0723441206  1  1  0  2  0  0  0  0  0  0  0  0  1  1  0  2  1  1  0  1  1  0  0  0  0  1  0  0  1  0  0  0  0  0  0  0  0  1  0  2  1  0  0  0  0  0  0  0  0  0  0  0  0  0  0  1  1  1  0  1  0  0  0  1  0  1  0  1 12  9  9137  5  5  1 39  4  1  0 53  7  7  5 42 21 27 35332  3  6  4  80080111520000000                    
0723441207  1  0  0  4  0  0  0  0  0  0  0  0  1  0  0  3  0  0  0  2  0  0  0  0  0  0  0  0  0  0  0  0  0  0  0  2  0  0  0  3  1  0  0  0  0  0  0  0  1  0  0  0  0  0  0  2  0  0  0  2  0  0  0  1  0  0  0  2  0  3  2 47  0  2  0  3  4  4  3 35  0  0  0  3  2  5  4 63 20 13 10 9002101715380240151860                
0723441208  1  3  1  0  0  0  0  0  0  0  0  0  1  3  1  0  0  0  0  0  0  0  0  0  0  0  0  0  1  2  0  0  0  0  0  0  1  3  0  0  0  0  0  0  0  0  1  0  0  2  0  0  1  0  0  0  0  1  1  0  0  1  0  0  0  1  0  0 21 17 16123  4  5  6 37  0  0  0  2  1  3  1 16 36 48 36329  1  3  1  002101918490070211960                
0723441209  1  0  0  5  0  0  0  0  0  0  0  0  1  0  0  5  0  0  0  1  0  0  0  0  0  0  0  2  1  0  0  2  0  0  0  0  1  0  0  4  0  0  0  1  0  0  0  0  0  0  0  1  1  0  0  2  0  0  0  2  1  0  0  0  1  0  0  1  1  1  2 76  0  1  1 34  0  3  1 19  0  0  0  1  7 11  5161  9 13 111240180121756000005                    
0723441210  1  1  1  4  0  0  0  0  0  0  0  0  1  1  1  4  1  1  0  3  0  1  0  1  0  0  0  1  1  1  0  1  0  0  0  0  1  1  1  4  0  0  0  0  0  0  0  0  0  0  1  0  1  1  0  1  0  0  0  3  0  0  1  3  1  0  0  1  1  2  1 31  0  0  0  0  0  0  0  1  0  0  0  0  0  0  1 19  4  3  7 4301201016490060101200                
0723441211  1  1  0  3  0  0  0  0  0  0  0  0  1  1  0  3  0  0  0  1  0  0  0  0  1  0  0  1  0  0  0  2  0  0  0  0  1  1  0  3  0  0  0  0  0  0  0  0  0  1  0  0  1  0  0  2  0  0  0  1  0  0  0  1  0  0  0  0  3  6  8 99  2  3  4 29  0  0  0  8  1  3  3 47 23 20 16293 42 43 2919601901217890200191877                
0723441212  1  3  2  8  0  0  0  0  0  0  0  0  0  2  1  3  0  0  0  1  0  0  0  0  0  0  0  0  0  0  1  1  0  0  0  0  0  2  1  3  0  0  0  0  0  0  0  0  1  0  1  4  0  3  1  4  0  0  0  0  0  2  1  2  1  0  1  3  2  1  2 83  0  0  0  5  0  1  0  4  5  5  6 48  8 10  6205 12  8  9 9502401518600230201200                
0723441213  1  1  0  5  0  0  0  0  0  0  0  0  1  1  0  5  0  0  0  0  0  0  0  0  0  0  0  0  0  1  0  3  0  0  0  1  0  1  0  3  1  0  0  2  0  0  0  0  0  0  0  1  1  1  0  2  0  0  0  2  0  0  0  1  0  0  0  3  3  0  7104  1  0  1 23 35 33 29300  0  0  0  5 19 27 21280  1  1  0 1001901917720090121500                
0923540101  0  0  0  3  0  0  0  0  0  0  0  0  0  0  0  3  0  0  0  0  0  0  0  0  0  0  0  1  0  0  0  3  0  0  0  0  0  0  0  2  0  0  0  0  0  0  0  1  0  0  0  1  0  0  0  0  0  0  0  2  0  0  0  1  0  0  0  0 60 53 46346 15 10 11111  0  0  0  6  5  7  8 42 40 37 23237  1  2  3 1401401716000150101736                
0923540102  0  0  0  2  0  0  0  0  0  0  0  0  0  0  0  0  0  0  0  0  0  0  0  0  0  0  0  0  0  0  0  0  0  0  0  1  0  0  0  0  0  0  0  0  0  0  0  0  0  0  0  2  0  0  0  0  0  0  0  0  0  0  0  2  0  0  0  1  1  2  2 62  1  1  1 18  0  0  0  1  0  0  0  2  1  1  2 27  3  8  2 6500900516420090151547                
0923540103  0  0  0  1  0  0  0  0  0  0  0  0  0  0  0  1  0  0  0  1  0  0  0  0  0  0  0  0  0  0  0  1  0  0  0  1  0  0  0  0  0  0  0  1  0  0  0  0  0  0  0  0  0  0  0  0  0  0  0  1  0  0  0  1  0  0  0  1 72 48 46281 24 14 13 73  3  0  3 15 27 12 32211 62 61 41333  6  7  5 6700201815370110041400                
0923540104  0  1  0  0  0  0  0  0  0  0  0  0  0  0  0  0  0  0  0  0  0  0  0  0  0  0  0  0  0  0  0  0  0  0  0  0  0  0  0  0  0  0  0  0  0  0  0  0  0  0  0  0  0  1  0  0  0  0  0  0  0  1  0  0  0  0  0  0  1  1  3 10  0  0  0  5  0  1  0  0  3  3  1  6  2  2  4 18  7 13  6 7802202515700090151547                
0923540105  0  0  0  2  0  0  0  0  0  0  0  0  0  0  0  0  0  0  0  0  0  0  0  0  0  0  0  0  0  0  0  0  0  0  0  2  0  0  0  0  0  0  0  0  0  0  0  0  0  0  0  2  0  0  0  0  0  0  0  0  0  0  0  2  0  0  0  0  8  7  4 90  5  4  2 22 12 13 11 98  3  1  0 30  1  2  2 25  9  7  9 630160131744015000                    
0923540106  0  0  0  1  0  0  0  0  0  0  0  0  0  0  0  1  0  0  0  0  0  0  0  0  0  0  0  0  0  0  0  0  0  0  0  0  0  0  0  1  0  0  0  0  0  0  0  0  0  0  0  0  0  0  0  0  0  0  0  1  0  0  0  1  0  0  0  0 22 44 42375  7 16 13138  1  7  4 34  0  0  0  1 30 35 34381  0  1  0  601201913610170141513                
0923540107  0  0  0  5  0  0  0  0  0  0  0  0  0  0  0  3  0  0  0  0  0  0  0  0  0  0  0  0  0  0  0  3  0  0  0  3  0  0  0  1  0  0  0  1  0  0  0  1  0  0  0  0  0  0  0  2  0  0  0  3  0  0  0  2  0  0  0  3 29 25 33160  1  0  1 15  2  2  3 14  4  7  5 25 31 38 30200  6  4  9 7201501416920140111691                
0923540108  0  1  1  2  0  0  0  0  0  0  0  0  0  1  0  1  0  0  0  1  0  0  0  0  0  1  0  1  0  1  0  1  0  1  0  1  0  1  0  0  0  0  0  0  0  0  0  1  0  0  1  0  0  1  0  1  0  0  0  1  0  1  0  2  0  1  0  2  3  9  9204  0  2  3 80  4  3  2 51  2  2  1 12 14 27 11168 16 10 1818600701616200100061373                
0923540109  0  0  0  3  0  0  0  0  0  0  0  0  0  0  0  3  0  0  0  1  0  0  0  0  0  0  0  0  0  0  0  3  0  0  0  0  0  0  0  0  0  0  0  0  0  0  0  3  0  0  0  1  0  0  0  1  0  0  0  1  0  0  0  3  0  0  0  0  0  1  0 29  0  1  0  8  0  0  0  2  0  0  0  0  5  2  2 66  0  0  1 2800300915000070061390                
0923540110  0  0  0  1  0  0  0  0  0  0  0  0  0  0  0  0  0  0  0  0  0  0  0  0  0  0  0  0  0  0  0  0  0  0  0  0  0  0  0  0  0  0  0  0  0  0  0  0  0  0  0  1  0  0  0  0  0  0  0  0  0  0  0  0  0  0  0  1  4  6  5115  0  2  1 38  0  0  0  5  2  2  8 42 16 18 11188  0  0  0  000901215110090141394                
0923540111  0  0  0  5  0  0  0  0  0  0  0  0  0  0  0  2  0  0  0  0  0  0  0  0  0  0  0  0  0  0  0  2  0  0  0  2  0  0  0  2  0  0  0  0  0  0  0  0  0  0  0  3  0  0  0  0  0  0  0  2  0  0  0  0  0  0  0  3 26 25 32265 11  7 12 92 13  6  4 48  0  0  0  2 32 35 44321  0  0  0 1000601012020060041200                
0923540112  0  0  0  3  0  0  0  0  0  0  0  0  0  0  0  1  0  0  0  0  0  0  0  0  0  0  0  0  0  0  0  1  0  0  0  0  0  0  0  0  0  0  0  1  0  0  0  0  0  0  0  1  0  0  0  2  0  0  0  0  0  0  0  1  0  0  0  1 27 32 31285  7  9 12 81  1  2  2 16  0  0  0  0 31 41 52447  1  6  3 260120161401015000                    
0923540113  0  0  1  0  0  0  0  0  0  0  0  0  0  0  1  0  0  0  1  0  0  0  0  0  0  0  0  0  0  0  1  0  0  0  1  0  0  0  0  0  0  0  1  0  0  0  0  0  0  0  0  0  0  0  0  0  0  0  1  0  0  0  1  0  0  0  0  0 44 34 29248 11  9 13 56  9  2  7 40  0  0  0  0 27 27 33229  0  0  0  000201815370210171435                
0923540114  0  0  0  1  0  0  0  0  0  0  0  0  0  0  0  1  0  0  0  1  0  0  0  0  0  0  0  0  0  0  0  1  0  0  0  0  0  0  0  0  0  0  0  1  0  0  0  0  0  0  0  0  0  0  0  0  0  0  0  1  0  0  0  1  0  0  0  0  9  5  5141  1  0  2 35  0  0  2  3  2  0  0 13  6  5  7 91 65 74 8781700901014250110101573                
0923540115  0  0  0  2  0  0  0  0  0  0  0  0  0  0  0  2  0  0  0  0  0  0  0  0  0  0  0  0  0  0  0  2  0  0  0  1  0  0  0  1  0  0  0  1  0  0  0  0  0  0  0  0  0  0  0  2  0  0  0  0  0  0  0  2  0  0  0  1 10 22 29207  0  4  6 44  5  4  5 17  0  1  0 20 44 47 49400 17 19 1819501301415450090171622                
0923540201  0  0  0  1  0  0  0  0  0  0  0  0  0  0  0  0  0  0  0  0  0  0  0  0  0  0  0  0  0  0  0  0  0  0  0  0  0  0  0  0  0  0  0  0  0  0  0  0  0  0  0  0  0  0  0  1  0  0  0  0  0  0  0  1  0  0  0  0 10 11  9127  3  3  3 41  0  0  0  6  0  0  0  1  1  2  2 25 48 39 3446401901916860140051550                
0923540202  0  0  0  3  0  0  0  0  0  0  0  0  0  0  0  0  0  0  0  0  0  0  0  0  0  0  0  1  0  0  0  0  0  0  0  0  0  0  0  0  0  0  0  0  0  0  0  0  0  0  0  2  0  0  0  0  0  0  0  1  0  0  0  3  0  0  0  2 47 52 71520 17 18 32200  3  0  5 25 21 31 29214 30 35 34381  2  7  3 7001002016750000121643                
0923540203  0  0  0  3  0  0  0  0  0  0  0  0  0  0  0  2  0  0  0  1  0  0  0  0  0  0  0  1  0  0  0  2  0  0  0  0  0  0  0  2  0  0  0  0  0  0  0  0  0  0  0  2  0  0  0  1  0  0  0  0  0  0  0  2  0  0  0  0  5 10 24207  0  4  6 59  0  4  3 30  0  1  1 10 14 18 15208  6  8  7 7602101916330160151700                
0923540204  0  0  0  2  0  0  0  0  0  0  0  0  0  0  0  0  0  0  0  0  0  0  0  0  0  0  0  0  0  0  0  0  0  0  0  0  0  0  0  0  0  0  0  0  0  0  0  0  0  0  0  1  0  0  0  1  0  0  0  0  0  0  0  0  0  0  0  0 42 49 41373 14 17 10129 21 18 19113  1  2  1  6 27 19 21292  0  1  0  701501017940200191732                
0923540205  0  0  0  2  0  0  0  0  0  0  0  0  0  0  0  1  0  0  0  0  0  0  0  0  0  0  0  0  0  0  0  0  0  0  0  0  0  0  0  0  0  0  0  0  0  0  0  1  0  0  0  0  0  0  0  1  0  0  0  1  0  0  0  2  0  0  0  1 67 68 52335 15 20 15 97  2  6  4 16  0  2  0  2 27 27 33229 26 22 1412401801215470090171622                
0923540206  0  0  0  2  0  0  0  0  0  0  0  0  0  0  0  2  0  0  0  2  0  0  0  2  0  0  0  0  0  0  0  2  0  0  0  2  0  0  0  2  0  0  0  0  0  0  0  0  0  0  0  1  0  0  0  1  0  0  0  0  0  0  0  0  0  0  0  1 93 74 72408 37 32 22128  0  0  0  3  6  1  7 35 40 37 23237  0  0  0  200501515290090171622                
0923540207  0  0  0  2  0  0  0  0  0  0  0  0  0  0  0  0  0  0  0  0  0  0  0  0  0  0  0  0  0  0  0  0  0  0  0  1  0  0  0  0  0  0  0  0  0  0  0  0  0  0  0  0  0  0  0  2  0  0  0  0  0  0  0  0  0  0  0  1  6  3  3 69  2  0  1 20  9 12 13114  0  2  4 22  1  5  5 62 11  9 1111701601315060170161779                
0923540208  0  0  0  2  0  0  0  0  0  0  0  0  0  0  0  0  0  0  0  0  0  0  0  0  0  0  0  0  0  0  0  0  0  0  0  0  0  0  0  0  0  0  0  0  0  0  0  0  0  0  0  1  0  0  0  1  0  0  0  0  0  0  0  1  0  0  0  0 97 81 70376 31 31 20 93  4  6  4 29  4  9  8 51 62 61 41333  2  5  4 4201801717020240191720                
0923540209  0  0  0  1  0  0  0  0  0  0  0  0  0  0  0  0  0  0  0  0  0  0  0  0  0  0  0  0  0  0  0  0  0  0  0  1  0  0  0  0  0  0  0  0  0  0  0  0  0  0  0  1  0  0  0  0  0  0  0  0  0  0  0  1  0  0  0  1  3  9  5 94  0  2  3 36  0  0  2 36  0  0  1  4  2  5  4 93  0  0  0 2501601816680090121232                
0923540210  0  0  0  3  0  0  0  0  0  0  0  0  0  0  0  3  0  0  0  2  0  0  0  0  0  0  0  2  0  0  0  3  0  0  0  0  0  0  0  2  0  0  0  0  0  0  0  1  0  0  0  0  0  0  0  3  0  0  0  0  0  0  0  3  0  0  0  1 18 11 13236  2  1  0 36  1  0  0  5  0  0  0  1  6  5  7 91  2  1  0 1901001014660140151604                
0923540301  0  1  0  3  0  0  0  0  0  0  0  0  0  1  0  2  0  1  0  2  0  0  0  0  0  0  0  1  0  1  0  2  0  1  0  3  0  0  0  2  0  1  0  0  0  0  0  0  0  1  0  2  0  0  0  0  0  0  0  1  0  1  0  2  0  0  0  2  9 20 16210  2  1  3 11 30 34 26194  0  1  0  3 14 18 15208  0  1  0  300901613070120161357                
0923540302  0  0  0  3  0  0  0  0  0  0  0  0  0  0  0  2  0  0  0  1  0  0  0  0  0  0  0  0  0  0  0  2  0  0  0  0  0  0  0  2  0  0  0  0  0  0  0  0  0  0  0  0  0  0  0  1  0  0  0  2  0  0  0  1  0  0  0  2 15 18 23273  0  0  0  7  0  0  1 10  0  0  0  0  6  5  7 91  1  1  1 2700300916000200191877                
0923540303  0  1  0  0  0  0  0  0  0  0  0  0  0  1  0  0  0  0  0  0  0  0  0  0  0  0  0  0  0  1  0  0  0  0  0  0  0  1  0  0  0  0  0  0  0  0  0  0  0  0  0  0  0  1  0  0  0  0  0  0  0  1  0  0  0  0  0  0 39 42 24282  6  5  1 28 12 11  9 90  3  3  3  7 32 35 44321  3  4  4 4701801914040080151278                
0923540304  0  0  0  1  0  0  0  0  0  0  0  0  0  0  0  0  0  0  0  0  0  0  0  0  0  0  0  0  0  0  0  0  0  0  0  1  0  0  0  0  0  0  0  0  0  0  0  0  0  0  0  1  0  0  0  0  0  0  0  0  0  0  0  1  0  0  0  0  8 12  7105  0  0  0  0  1  0  1  4  0  0  0  1 19 22 25247  2  0  1 3201901516960040141200                
0923540305  0  0  0  4  0  0  0  0  0  0  0  0  0  0  0  4  0  0  0  3  0  0  0  0  0  0  0  0  0  0  0  3  0  0  0  4  0  0  0  3  0  0  0  1  0  0  0  0  0  0  0  1  0  0  0  2  0  0  0  1  0  0  0  1  0  0  0  4  3  3  5 61  0  0  0  2  0  0  0 11  0  0  0  5  1  1  2 27 45 41 4544101002017000060061600                
0923540306  0  1  0  2  0  0  0  0  0  0  0  0  0  1  0  2  0  1  0  2  0  0  0  0  0  0  0  0  0  1  0  2  0  0  0  0  0  1  0  2  0  0  0  0  0  0  0  0  0  1  0  0  0  0  0  1  0  0  0  1  0  0  0  0  0  0  0  1 26 33 31289  2  6  2 19  2  4  2 28  0  0  0  1 27 19 21292  1  4  1 3601201216020060061600                
0923540307  0  0  0  1  0  0  0  0  0  0  0  0  0  0  0  1  0  0  0  1  0  0  0  0  0  0  0  0  0  0  0  1  0  0  0  1  0  0  0  0  0  0  0  0  0  0  0  1  0  0  0  1  0  0  0  0  0  0  0  0  0  0  0  1  0  0  0  0 51 49 49274  6  4  5 18  0  0  1  4 13 19 12 86 40 37 23237  9  9 12 9001401117140060041250                
0923540308  0  2  1  1  0  0  0  0  0  0  0  0  0  2  1  1  0  2  1  1  0  0  1  0  0  1  0  0  0  2  1  1  0  0  0  0  0  2  1  1  0  0  0  0  0  0  0  0  0  0  0  1  0  1  1  0  0  1  0  0  0  2  0  1  0  1  1  0  4  1  3 20  0  0  0  1  2  0  2 19  0  0  0  0  2  2  4 18  0  2  2  801701515990240151860                
0923540309  0  0  0  1  0  0  0  0  0  0  0  0  0  0  0  1  0  0  0  1  0  0  0  0  0  0  0  0  0  0  0  1  0  0  0  0  0  0  0  0  0  0  0  0  0  0  0  1  0  0  0  1  0  0  0  0  0  0  0  0  0  0  0  1  0  0  0  1 45 41 36328  2  1  2 16  9 12  6 74  0  0  0  0 44 47 49400  0  2  1  602001716760240151860                
0923540310  0  0  0  3  0  0  0  0  0  0  0  0  0  0  0  3  0  0  0  0  0  0  0  0  0  0  0  0  0  0  0  3  0  0  0  0  0  0  0  3  0  0  0  0  0  0  0  0  0  0  0  0  0  0  0  2  0  0  0  1  0  0  0  2  0  0  0  3  7 16 10136  0  0  0  1  0  0  0  2 55 60 52401  7 18  7172  6  6  212301401117140200191877                
0923540311  0  0  0  2  0  0  0  0  0  0  0  0  0  0  0  0  0  0  0  0  0  0  0  0  0  0  0  0  0  0  0  0  0  0  0  0  0  0  0  0  0  0  0  0  0  0  0  0  0  0  0  2  0  0  0  0  0  0  0  0  0  0  0  2  0  0  0  1  2  4  6142  0  0  0  5  0  2  1 28 17 13  4186  2  5  4 93 50 64 4960801201613570020181200                
0923540312  0  0  0  2  0  0  0  0  0  0  0  0  0  0  0  2  0  0  0  2  0  0  0  1  0  0  0  0  0  0  0  2  0  0  0  0  0  0  0  2  0  0  0  0  0  0  0  0  0  0  0  0  0  0  0  1  0  0  0  1  0  0  0  1  0  0  0  1 31 27 28149  0  0  0  7  0  3  0 17  2  1  2 17 31 38 30200  7  5  3 5001701012330080151278                
0923540313  0  0  1  2  0  0  0  0  0  0  0  0  0  0  1  2  0  0  1  2  0  0  0  0  0  0  0  0  0  0  1  2  0  0  0  2  0  0  1  1  0  0  0  1  0  0  0  0  0  0  1  1  0  0  0  0  0  0  0  1  0  0  0  2  0  0  0  0 57 50 32309  2  2  1 29 15 22 16 97  4  5  5 35 62 61 41333 43 47 321950180191404000000                    
0923540314  0  0  0  1  0  0  0  0  0  0  0  0  0  0  0  1  0  0  0  0  0  0  0  0  0  0  0  0  0  0  0  1  0  0  0  0  0  0  0  0  0  0  0  1  0  0  0  0  0  0  0  1  0  0  0  0  0  0  0  0  0  0  0  1  0  0  0  1  4  6  2 96  0  1  0  5  0  0  0  4  1  0  1  3  1  2  2 25  6  6  21230180121756000000                    
0923540401                                                                                                                                                                                                             14 27 19224  7 13  9 90  0  0  3 12  0  1  0  0 30 35 34381  0  0  0  001401117140030101200                
0923540402                                                                                                                                                                                                             27 44 34210 11 13 12 80  8  3  3 29  4  3  0 26 40 37 23237  0  0  1  301802616290200191877                
0923540403                                                                                                                                                                                                             12  6  8 33  0  0  0  0  0  0  0  1  1  0  0  3  3  3  0 24  0  0  0  401401716170110071756                
0923540404                                                                                                                                                                                                              7 10  8136  4  4  3 71  3  0  5 10  1  3  3 21 32 35 44321  4  3  6 3801802118640100071825                
0923540405                                                                                                                                                                                                              4  4  3 62  3  1  1 26 30 34 26194 10 18  9 82 14 18 15208 40 47 3229400301912000150151772                
0923540406                                                                                                                                                                                                             10 47 55622  6  7  6 20 12  6  5 21  1  3  3  4 68 44 34157  6  9  3 2802101918490180251711                
0923540407                                                                                                                                                                                                             16 18 17101  2  4  3 27  7  9  8 53  3  0  1  9 44 47 49400  2  6  1 3201801217560280001542                
0923540408                                                                                                                                                                                                              1  3  2 13  0  1  1  3  0  0  0  2  2  1  4 14  2  2  4 18 46 47 3521101501019020200191877                
0923540409                                                                                                                                                                                                             41 40 35244  4  3  4 19  9  4  6 19 89 62 57294 31 38 30200 11 14  6 940310191645000000                    
0923540410                                                                                                                                                                                                             14 25 17124  5 10  2 33  3  1  3 18  1  0  0  4 14 18 15141  1  2  3 1702001716760110003600                
0923540411                                                                                                                                                                                                              0  0  4 28  0  0  0 14  1  2  2 16  6  5 10 44 16 18 11188  0  0  0  401901217890180171888                
0923540412                                                                                                                                                                                                              0  0  0  0  0  0  0  0  0  0  0  0  0  0  0  0  0  0  0  2  5  3  2 3901601617000090111329                
0923540413                                                                                                                                                                                                              5  5  4112  4  3  3 45  0  2  2 17  2  0  0  0 15 13 20247  0  0  0  201002017000170162011                
0923540414                                                                                                                                                                                                             45 42 29231  6 10  7 67 18 16 12 87  6 11  6 52 62 61 41333  9  8  4 4801901917720010151200                
0923540415                                                                                                                                                                                                              6 17 15136  3  7  7 58  4  6  8 32  2  1  3 44 27 19 21292  5  5  3 3001801914040360001384                
0923540416                                                                                                                                                                                                             17 16 17155  8  6  9 51  4  3  5 48  4  3  7 49 31 41 52447  0  0  0  000300916000100071825                
0923540417                                                                                                                                                                                                             55 47 39280  1  1  5 16  2  1  2  2  0  0  0  0 42 35 29301  0  0  0  201601715500090121428                
0923540501                                                                                                                                                                                                              4  1  1 15  0  0  0  0  0  0  0  0  0  0  0  0  3  3  0 24  3  1  4 2801402015660180171888                
0923540502                                                                                                                                                                                                              0  0  0  1  0  0  0  0  0  0  0  0  0  0  0  0  0  0  0  2  4  2  4 100210191849000000                    
0923540503                                                                                                                                                                                                             44 41 29201 11  6  7 39  7  6 11 44  0  0  1  4 62 61 41333  0  0  0  001901217890090171415                
0923540504                                                                                                                                                                                                             30 26 24181  7 10  4 40  0  1  6 26  1  1  0  3 32 35 44321  0  0  0  601901616140100061416                
0923540505                                                                                                                                                                                                             47 31 36207  6  7 10 50  1  3  1 33  0  2  1  8 40 37 23237  6 11  8 7601901616140110071756                
0923540506                                                                                                                                                                                                             75 44 35128  6  6  2 18 10 10  7 18  4  2  1  7 68 44 34157  0  0  0  00120001542000000                    
0923540507                                                                                                                                                                                                             45 38 32152  2  3  2  5  1  0  2 12  1  0  0  1 42 35 29301 22 27 2926101601615000110111682                
0923540508                                                                                                                                                                                                             21 26 23232 10  7  3 60  5  7 13 79 18 22 31195 30 35 34381 27 14 3017601501019890060001620                
0923540509                                                                                                                                                                                                             29 20 26174  6  5  8 30  6 10  5 34  3  2  1 21 27 27 33229  6  7  3 1901901917720300231257                
0923540601  1  0  2  1  0  0  0  0  0  0  0  0  0  0  0  0  0  0  0  0  0  0  0  0  1  0  1  0  0  0  0  0  0  0  0  0  0  0  0  0  0  0  0  0  0  0  0  0  0  0  1  0  1  0  0  0  0  0  1  1  0  0  0  1  0  0  2  0 15 18 23273  0  3  2 36  2  2  1 14  5  2  3 13  6  5  7 91 11  8 14 4101001314780140151604                
0923540602  1  0  1  1  0  0  0  0  0  0  0  0  1  0  1  0  0  0  0  0  0  0  0  0  0  0  0  0  1  0  1  0  0  0  0  0  0  0  1  0  0  0  0  0  1  0  0  0  0  0  0  0  1  0  0  1  0  0  1  0  1  0  1  0  0  0  0  1  4  1  3 20  0  0  2  3  2  0  2 19  0  0  0  1  2  2  4 18 23 25 3110200901415080110071682                
0923540603  1  2  0  1  0  0  0  0  0  0  0  0  1  0  0  0  1  0  0  0  0  0  0  0  0  0  0  0  1  0  0  0  1  0  0  0  0  0  0  0  1  0  0  0  0  0  0  0  0  1  0  0  1  1  0  1  0  0  0  0  1  0  0  0  1  1  0  0 38 28 20128  2  1  2 15 13  8  7 23  2  1  0  5 68 44 34157  2  4  1  800802114580090171622                
0923540604  1  0  0  2  0  0  0  0  0  0  0  0  1  0  0  0  1  0  0  0  1  0  0  0  0  0  0  0  1  0  0  0  0  0  0  0  1  0  0  0  0  0  0  0  0  0  0  0  0  0  0  0  1  0  0  2  0  0  0  0  0  0  0  0  1  0  0  0 57 50 32309 10 14  9 67 10  4  4 45  0  0  0  0 62 61 41333  1  0  0  20000671450000000                    
0923540605  1  1  0  0  0  0  0  0  0  0  0  0  1  1  0  0  1  1  0  0  1  0  0  0  0  0  0  0  1  1  0  0  1  0  0  0  1  0  0  0  0  0  0  0  0  1  0  0  1  1  0  0  0  0  0  0  0  0  0  0  0  0  0  0  1  0  0  0  4  6  2 96  2  2  1 25 12 13 11 98  2  1  1  8  1  2  2 25  4  5  3 2100201815370200191732                
0923540606  1  0  1  0  0  0  0  0  0  0  0  0  1  0  1  0  1  0  1  0  0  0  0  0  0  0  0  0  1  0  1  0  0  0  0  0  1  0  0  0  0  0  0  0  0  0  1  0  1  0  0  0  0  0  1  0  0  0  0  0  1  0  0  0  1  0  1  0  3  3  5 61  0  0  1 18  0  0  0  5  0  0  0  1  1  1  2 27  1  0  1 1101402015510200191732                
0923540607  1  1  2  2  0  0  0  0  0  0  0  0  1  0  0  2  1  0  0  1  0  0  0  1  0  0  0  0  1  0  0  2  0  0  2  1  0  0  0  2  0  0  0  0  1  0  0  0  0  0  0  1  1  1  2  0  0  0  0  1  1  0  0  1  1  0  2  0 51 49 49274 22 14 14 74  1  2  3 17  0  0  3  4 40 37 23237  5  3  3 1702502913120000231537                
0923540701  0  0  0  8  0  0  0  0  3  2  3  6  0  0  0  5  0  0  0  1  0  0  0  0  0  0  0  1  0  0  0  5  0  0  0  0  0  0  0  2  0  0  0  3  0  0  0  0  0  0  0  1  0  0  0  1  0  0  0  4  0  0  0  3  0  0  0  3 12 17 14284  5 10  7126  2  2  3 75  3  6 11140 15 13 20247  7  9  624200101216540110041400                
0923540702  1  1  1 13  0  0  0  0  0  0  0  0  0  0  0  0  0  0  0  0  0  0  0  0  0  0  0  1  0  0  0  0  0  0  0  1  0  0  0  0  0  0  0  0  0  0  0  0  0  0  1  2  0  0  0  6  1  1  0  5  0  0  0  3  0  0  1  4 25 28 24170  3  2  4 49  0  1  0  9  0  2  3 12 31 18 17175  1  1  1 1301401116910100061373                
0923540703  0  2  2  7  1  0  0  0  0  0  0  0  0  2  2  6  0  1  1  1  0  0  1  1  0  1  2  2  0  2  2  6  0  1  1  1  0  2  2  2  0  0  0  1  0  0  0  3  0  1  1  3  0  1  1  4  0  0  0  0  0  1  0  2  0  1  1  2 10 11  9127  3  3  3 41 12 13 11 98  0  1  1  2  1  2  2 25 15 20 1417600900516420090151547                
0923540704  0  0  0  6  0  0  0  0  7  4  0  1  0  0  0  6  0  0  0  0  0  0  0  0  0  0  0  1  0  0  0  4  0  0  0  1  0  0  0  2  0  0  0  2  0  0  0  2  0  0  0  1  0  0  0  0  0  0  0  5  0  0  0  0  0  0  0  2 11  4 12170  6  2  5 60  5  1  4 32  8  3  2140  6  5 10144 16 16 1614901001015290170161779                
0923540705  1  0  0  7  0  0  0  0  0  0  0  0  0  0  0  0  0  0  0  0  0  0  0  0  0  0  0  1  0  0  0  0  0  0  0  1  0  0  0  0  0  0  0  0  0  0  0  0  0  0  0  4  1  0  0  1  0  0  0  2  0  0  0  4  0  0  0  2 67 68 52335 15 20 15 97  4  1  1 26 10  9  3 31 27 27 33229  2  5  4 4201801717020240191720                
0923540706  1  1  2  6  0  0  0  0  0  0  0  0  1  1  2  5  0  0  0  0  0  0  0  0  0  0  0  0  0  0  2  3  0  0  0  0  0  1  1  4  1  0  1  1  0  0  0  0  0  0  0  2  0  0  1  1  1  1  1  3  0  1  2  4  1  0  0  3 18 11 13236  2  1  0 36  2  3  2 18  0  0  0  2  6  5  7 91  2  5 10 4200201815370200191732                
0923540707  1  0  2 12  0  0  0  0  0  0  0  0  0  0  2  1  0  0  2  1  0  0  0  0  0  0  2  2  0  0  2  1  0  0  0  0  0  0  1  1  0  0  0  0  0  0  1  0  0  0  1  2  1  0  1  6  0  0  0  4  0  0  1  3  0  0  1  4 46 41 41216  1  6  3 11  2  2  3 14  0  0  0  0 31 38 30200  1  0  2 1501801215470080051369                
0923540708  1  0  2  2  0  0  0  0  0  0  0  0  1  0  2  2  0  0  0  2  0  0  0  0  0  0  0  0  1  0  2  2  1  0  2  0  0  0  0  1  0  0  1  0  1  0  1  1  0  0  0  0  0  0  1  2  1  0  1  0  0  0  0  0  0  0  1  0  6  3  3 69  2  0  1 20  2  0  3 15  1  0  2  0  1  5  5 62  1  0  2  401701515120110121717                
0923540709  1  0  0  4  0  0  0  0  0  0  0  0  0  0  0  0  0  0  0  0  0  0  0  0  0  0  0  0  0  0  0  0  0  0  0  0  0  0  0  0  0  0  0  0  0  0  0  0  1  0  0  1  0  0  0  3  0  0  0  0  0  0  0  1  0  0  0  2 48 58 68412 15 12 26123  4  3  5 48  0  0  0  0 31 41 52447  1  0  0  401001017280100101529                
0923540801  5  2  0 65  0  0  0  0  0  0  0  0  3  1  0 52  0  0  0  0  0  0  0  0  1  1  0  7  3  1  0 43  0  0  0  0  2  0  0 46  0  1  0  5  1  0  0  1  0  0  0 27  0  1  0 21  3  0  0  4  0  2  0 17  2  0  0 21  0  0  0  4  0  0  0  1  0  0  0  3  2  0  0  7  5  2  2 66  7 13 1932500700618870110061600                
0923540802  2  0  0  5  0  0  0  0  0  0  0  0  2  0  0  5  1  0  0  1  0  0  0  1  2  0  0  1  0  0  0  3  1  0  0  0  2  0  0  5  0  0  0  0  0  0  0  0  1  0  0  2  0  0  0  1  1  0  0  2  0  0  0  0  0  0  0  2  0  0  1  2  0  0  1  0  1  1  0  0  1  0  0  0  2  2  4 18  2  0  0  502001716760090111329                
0923540803  2  1  3  3  0  0  0  0  0  0  0  0  2  1  3  3  1  0  0  0  1  0  0  0  0  0  0  0  2  0  2  3  0  0  0  0  2  1  3  2  0  0  0  0  0  0  0  1  0  0  0  2  1  0  1  1  1  1  2  0  0  0  1  0  0  0  1  1  0  0  1  6  0  0  0  0  0  0  0  0  0  0  0  0  3  3  0 24  5  9  6 460150101989000000                    
0923540804  1  4  4 17  0  0  0  0  4  0  3  6  1  1  2  8  0  0  0  1  0  0  0  0  0  2  0  6  1  1  2  7  0  0  0  1  0  1  0  6  1  0  0  0  0  0  2  2  0  1  0  3  1  1  2  6  0  2  2  8  0  0  2  5  0  1  1  6  0  0  0  9  0  0  0  5  1  0  1  7  0  0  0  1  6  5  7 91 16 16 2019301701515990140151583                
0923540805  2  1  0  7  0  0  0  0  0  0  0  0  2  1  0  7  0  0  0  1  0  0  0  0  0  0  0  0  2  0  0  7  0  0  0  1  2  1  0  5  0  0  0  2  0  0  0  0  0  1  0  0  1  0  0  5  1  0  0  2  1  0  0  4  1  0  0  0 28 19  8 25  2  1  3  1  4  2  0  9  1  1  0  3 68 44 34157  2  1  0  801801718880240191320                
0923540806  2  5  5 17  0  0  0  0  0  0  0  0  2  5  5 16  1  2  3  1  0  2  2  0  0  1  0  0  2  4  3 10  0  0  0  0  1  3  3 11  1  2  1  2  0  0  1  3  0  3  3  6  1  0  0  5  1  2  2  6  0  1  1  8  1  1  3  7  0  0  0  1  0  0  0  1  0  0  0  2  0  0  0  0  1  1  2 27  1  4  2  801501019020080051693                
0923540807  2  3  5 31  0  0  0  0  0  0  0  0  2  1  3 17  1  1  0  6  0  1  0  4  0  0  0  4  1  1  3 16  0  0  0  2  2  1  2 11  0  0  0  5  0  0  1  1  1  1  1 14  1  1  1 12  0  1  3  4  0  1  1 12  1  1  0  9  0  0  0  7  0  0  0  2  1  0  0  7  0  0  0  2  1  2  2 25  1  1  1 2901501417690070151600                
0923540808  2  5  3 12  0  0  0  0  0  0  0  0  2  5  3 10  1  3  1  4  1  1  0  4  0  1  0  3  1  4  3  8  1  1  1  4  0  2  3  6  1  2  0  4  1  1  0  0  1  2  0  7  1  0  3  4  0  3  0  1  0  1  1  3  1  1  0  6  6  7  7 25  3  5  4 15  1  2  7 30  1  1  1 16 30 35 34381 31 29 4033001501018400050001200                
0923540901  3  2  1  3  0  0  0  0  0  0  0  0  3  2  1  2  0  0  0  0  0  0  0  0  0  0  0  0  2  2  1  1  0  2  0  0  3  1  1  2  0  1  0  0  0  0  0  0  1  0  1  1  2  0  0  1  0  2  0  1  0  1  0  1  1  0  0  0  8 11  8 58  0  4  2 10 21 15 18111  6  8  2 17 62 61 41333 21 11  5 4703101917400090171415                
0923540902  3  2  1 10  0  0  0  0  0  0  0  0  3  2  1 10  0  0  0  3  0  0  0  2  1  0  0  3  3  2  1  8  0  0  0  0  3  1  1  8  0  1  0  0  0  0  0  2  1  1  0  4  0  0  0  4  2  1  1  2  0  0  0  3  2  1  0  4  6  6  6 39  3  2  1  9  3  1  3 27  4  2  3 16 27 27 33229 88 68 4737102001918770070111600                
0923540903  3  3  4 22  0  0  0  0  0  0  0  0  3  3  4 22  0  0  1  3  0  0  0  0  1  0  0  4  3  2  3 13  0  0  0  0  1  3  3 15  1  0  0  6  1  0  1  1  3  2  2 11  0  1  2  7  0  0  0  4  0  0  0  7  2  1  2  6  0  1  2 15  0  0  0  3  0  0  0  5 87 81 83700  7 18  7172  8 11  91070150101989000000                    
0923540904  2  2  3 13  0  0  0  0  4  0  0  0  2  2  3 12  1  1  1  1  0  1  0  0  0  2  1  4  2  2  1  8  2  1  1  2  1  1  1 10  0  0  1  2  1  1  1  0  1  1  1  5  1  0  1  2  0  1  1  6  0  0  1  4  0  2  0  2  4  6  4 29  1  4  3  7  4  6  8 32  2  1  1  2 27 19 21292  2  2  3 150160181893000000                    
0923540905  3  1  3  4  0  0  0  0  0  0  0  0  3  1  3  2  1  0  0  1  0  0  0  0  1  0  0  0  1  0  2  2  0  0  0  0  2  1  1  1  1  0  2  1  0  0  0  0  3  0  2  1  0  1  1  3  0  0  0  0  1  1  0  2  0  0  1  2  4  2  5 35  0  0  3  8  3  1  0  8  4  1  0 13 31 41 52447 14  9 11 4601501019020110121823                
0923540906  2  3  1  8  0  0  0  0  0  0  0  0  2  3  1  7  1  0  0  1  1  0  0  0  0  0  0  0  2  2  1  3  0  1  0  0  2  3  1  6  0  0  0  0  0  0  0  1  1  2  1  3  1  1  0  2  0  0  0  3  1  0  0  4  1  2  0  2  9  7  5 24  2  1  0  5  0  1  1  0  0  1  0  1 68 44 34157  3  3  3 1501501417690160101266                
0923540907  3  2  2  7  0  0  0  0  0  0  0  0  3  2  2  7  0  0  1  0  0  0  0  0  0  0  0  0  3  2  2  6  3  2  2  7  3  1  2  7  0  1  0  0  0  0  0  0  1  1  1  3  1  0  1  3  1  1  0  1  1  0  1  3  2  2  0  1  5 11  5 35  0  1  1 12  6 10  6 63  7 11 10 83 32 35 44321 10  9  6 520210191849000000                    
0923540908  2  0  0  4  0  0  0  0  0  0  0  0  2  0  0  4  0  0  0  1  0  0  0  0  0  0  0  0  1  0  0  4  1  0  0  1  2  0  0  3  0  0  0  0  0  0  0  1  2  0  0  1  0  0  0  1  0  0  0  2  1  0  0  1  1  0  0  1 10  6  4 30  0  0  1  7  2  1  3  4  8 11 12 79 42 35 29301 72 10 7856301501019890060111704                
0923540909  3  2  2 12  0  0  0  0  0  0  0  0  3  2  2 12  0  0  0  1  0  0  0  1  1  1  1  4  3  2  2  9  0  0  0  0  2  2  2  9  1  0  0  2  0  0  0  1  1  1  0  8  0  0  0  2  2  1  2  2  0  1  0  5  1  1  0  3  2  0  0  4  0  0  0  1  0  0  0  0  0  1  0  1  2  2  4 18  0  0  0  001501417690160001900                
0923540910  3  3  5  4  0  0  0  0  0  0  0  0  3  3  5  4  1  0  0  1  0  0  0  0  0  0  2  0  2  2  1  3  0  0  0  0  2  2  4  2  0  1  1  0  1  0  0  2  2  1  3  1  0  2  1  2  1  0  1  1  1  1  2  1  1  0  1  1  0  0  0  1  0  0  0  0  1  1  1  4  0  0  0  2  3  3  0 24 16 15 14 3601000717150110121823                
0923540911  3  2  1  9  0  0  0  0  0  0  0  0  3  2  1  8  0  0  0  1  0  0  0  1  1  0  0  1  3  2  1  6  2  2  1  8  2  1  0  8  1  1  1  0  0  0  0  0  2  1  0  4  0  0  1  3  1  1  0  2  1  0  0  3  2  1  1  5  2  2  4 23  0  0  1  8  8  9  8 32  7  5  5 20 31 18 17175  9  6  6 4201101517340110121823                
0923541001  3  4  3  9  0  1  0  0  0  0  0  0  3  4  3  9  0  0  0  0  0  0  0  0  0  1  0  2  3  4  3  4  0  0  0  0  2  2  1  3  1  1  0  4  0  1  2  2  0  2  1  2  0  2  1  4  3  0  1  3  1  1  0  4  1  2  1  3 45 38 32152  0  0  0  2  4  0  1  8  0  0  0  0 42 35 29301  3  5  3 1700801616600000051750                
0923541002  3  4  4 11  0  0  0  0  0  0  0  0  3  4  4 10  0  1  0  0  0  1  0  0  0  0  0  0  1  3  1  6  0  0  0  0  2  3  3  7  0  1  0  1  1  0  1  2  0  0  0  4  1  3  2  4  2  1  2  3  0  1  2  2  0  2  3  2 20 25 28144  0  1  0  2  8  5  3 15  0  0  0  0 31 38 30200  3  4  4 1100801517310110061550                
0923541003  3  2  4  5  0  0  0  0  0  0  0  0  3  2  4  4  0  0  0  0  0  0  0  0  1  2  2  1  0  1  0  3  1  1  0  0  2  0  4  1  1  1  0  1  0  1  0  2  0  1  0  2  1  1  1  1  2  0  3  2  2  0  0  2  0  1  3  3 75 44 35128  2  1  2  3  2  1  1  2  2  1  2  0 68 44 34157  9  7 11 9901001017280090101686                
0923541004  3  2  1 10  0  0  0  0  0  0  0  0  3  2  1 10  0  2  0  0  0  2  0  0  1  0  0  3  3  2  0  5  0  0  0  0  1  2  1  4  1  0  0  2  1  0  0  4  0  0  1  2  2  1  0  3  1  1  0  5  1  1  1  3  0  0  1  3  1  2  2 95  0  2  1 20  0  0  0 12  0  0  0 20  4  7  8179 21 16 232040080111692000000                    
0923541005  3  5  0 20  0  0  0  0  0  0  0  0  3  5  0 18  0  0  0  2  0  0  0  2  1  2  0  1  2  3  0 11  1  0  0  5  1  4  0 10  0  1  0  4  2  0  0  4  2  0  0  4  1  2  0  9  0  3  0  7  1  0  0  7  1  2  0  7 29 34 32212  8  5  0 12 20 31 26272  1  0  0  6 31 41 52447  6 10  610801101115970150151671                
0923541006  3  1  0  2  0  0  0  0  0  0  0  0  3  1  0  2  1  0  0  0  1  0  0  0  0  0  0  0  3  1  0  1  2  0  0  0  2  0  0  0  0  0  0  1  1  1  0  1  0  0  0  0  2  0  0  2  1  1  0  0  1  0  0  0  0  0  0  0 47 31 36207 11  5  5 23  7  6  9 44  2  0  0  0 40 37 23237  5  9  3 2101201714300180171702                
0923541007  3  1  2 11  0  0  0  0  0  0  0  0  3  1  2 11  0  0  1  0  0  0  1  0  0  0  1  3  1  0  1  8  1  0  0  2  2  0  1  8  0  0  1  3  1  1  0  0  2  0  0  2  1  0  1  6  0  1  1  3  0  1  0  3  1  1  0  4 15 15 12128  0  0  0  0  4  2  6 38  1  0  0  4 16 21 28341  3  1  2 110070131495017000                    
0923541008  3  2  3 10  0  0  0  0  0  0  0  0  3  2  3  8  0  0  0  0  0  0  0  0  2  0  2  2  2  1  3  5  0  0  0  0  3  1  2  5  0  0  1  1  0  1  0  2  1  2  0  2  1  0  1  4  1  0  2  4  2  0  1  4  0  2  0  3 30 26 24181  1  2  5 18  0  4  1 17  0  4  2  5 32 35 44321 23 29 361880190191686007000                    
0923541009  3  4  3 12  0  0  0  1  0  0  0  0  3  4  3 11  0  0  0  0  0  0  0  0  1  1  1  1  1  2  3  5  0  0  0  0  1  3  1  5  1  0  1  5  1  1  1  1  0  1  0  3  2  2  2  3  1  1  1  6  0  2  0  6  1  2  0  2 44 41 29201  5  5  7 16  1  0  0  4  9  5  6 48 62 61 41333 12  9  7 8002001917320180171702                
0923541010  3  1  0 17  0  0  0  0  0  0  0  0  3  1  0 17  0  0  0  1  0  0  0  1  1  1  0  2  2  1  0 12  0  0  0  0  2  1  0 13  1  0  0  1  0  0  0  3  0  1  0  4  1  0  0  8  2  0  0  5  0  0  0  4  2  0  0  6  4  2  7100  0  0  1  9  0  0  0  0  0  0  0  0  6  5  7 91  3  1  0 1700201815370110041400                
0923541011  2  1  1  5  0  0  0  0  3  1  0  0  2  1  1  2  1  0  1  0  1  0  1  0  0  0  0  0  2  1  1  1  0  0  0  0  1  1  0  1  0  0  1  1  1  0  0  0  0  0  0  1  2  0  1  3  0  1  0  1  1  0  1  2  2  1  0  2 15 15 18169  4  3  2 19  2  0  2 19  1  0  0  1 27 19 21292  2  1  1  302001917320000141500                
0923541012  3  0  1  4  0  0  0  0  0  0  0  0  3  0  1  4  0  0  0  0  0  0  0  0  0  0  0  0  2  0  1  2  2  0  0  0  2  0  1  2  0  0  0  0  1  0  0  2  0  0  0  0  0  0  0  1  3  0  1  3  3  0  0  0  0  0  0  2 29 20 26174  4  0  4 21  8  0  2  9  2  0  1  5 27 27 33229 13 16 15 7501501017360070111425                
0923541013  2  2  0  3  0  1  0  0  0  0  0  0  2  2  0  3  0  0  0  0  0  0  0  0  0  0  0  1  2  1  0  2  2  1  0  3  2  0  0  2  0  1  0  0  0  1  0  1  0  1  0  0  0  1  0  2  2  0  0  1  1  2  0  1  0  0  0  1 21 26 23232  2  4  2 37 46 49 44302 12 17 24136 30 35 34381 14 20 1010200501515290110071682                
0923541014  3  0  1  9  0  0  0  0  0  0  0  0  3  0  0  4  0  0  0  0  0  0  0  0  0  0  0  1  1  0  0  1  0  0  0  1  2  0  0  4  0  0  0  0  1  0  0  0  0  0  0  1  2  0  1  3  1  0  0  5  0  0  0  5  1  0  1  1  2  6  4 14  0  0  0  1  0  1  0  2  4  2  2 21  2  2  4 18 24 11 11 7002302116770080191492                
0923541015  3  7  1 12  0  0  0  0  0  0  0  0  2  6  1  7  0  0  0  0  0  0  0  0  1  0  1  2  1  4  1  6  0  0  0  0  2  5  0  6  0  0  0  1  0  1  1  0  0  3  1  3  2  2  0  8  1  2  0  1  0  5  0  1  1  2  0  3  4  1  1 15  0  0  0  0  0  0  1  1  0  0  1  0  3  3  0 24 13 14  9 8101601816680090121232                
0923541016  3  1  2 22  0  0  2  0  0  0  0  0  3  1  2 16  0  0  1  0  0  0  1  0  0  0  0  1  2  0  1  8  0  0  0  0  1  1  2 13  0  0  0  0  2  0  0  3  1  0  1  6  2  0  1  9  0  1  0  7  0  0  2  6  0  1  2  7  3  4  7114  1  2  1 27  4  9  4 57  0  0  0  3 15 13 20247  6  1  5 4801901217020240191720                
0923541101  2  1  0  0  0  0  0  0  0  0  0  0  2  1  0  0  0  0  0  0  0  0  0  0  0  0  0  0  2  1  0  0  2  1  0  0  1  1  0  0  1  0  0  0  0  0  0  0  2  1  0  0  0  0  0  0  0  0  0  0  0  0  0  0  1  0  0  0  8 11 13142  0  1  0  2 13 12 17216 55 60 52401  7 18  7172  3  6  8 980140141660000000                    
0923541102  2  0  0  2  0  0  0  0  0  0  0  0  2  0  0  2  0  0  0  0  0  0  0  0  0  0  0  0  2  0  0  2  0  0  0  0  2  0  0  2  0  0  0  0  0  0  0  0  1  0  0  0  1  0  0  1  0  0  0  1  0  0  0  1  1  0  0  2  0  0  0  0  0  0  0  0  0  0  0  0  0  0  0  0  0  0  0  2  7  9  6 3401802616290090101832                
0923541103  2  0  0  1  0  0  0  0  0  0  0  0  2  0  0  1  2  0  0  1  0  0  0  0  1  0  0  0  1  0  0  0  2  0  0  1  1  0  0  0  1  0  0  1  0  0  0  0  0  0  0  1  2  0  0  0  0  0  0  0  0  0  0  0  0  0  0  1 26 19 26311  1  1  0  2 10  3 10 64 14  3 13 76 16 21 28341  4  1  2 3301201513630080161303                
0923541104  1  0  0  0  0  0  0  0  0  0  0  0  1  0  0  0  0  0  0  0  0  0  0  0  0  0  0  0  0  0  0  0  0  0  0  0  0  0  0  0  0  0  0  0  1  0  0  0  1  0  0  0  0  0  0  0  0  0  0  0  1  0  0  0  1  0  0  0  1  1  4 41  0  0  1 13  2  0  0  8  1  2  1  4  1  2  2 25  6  3  5 380220251470000000                    
0923541105  2  0  0  0  0  0  0  0  0  0  0  0  2  0  0  0  1  0  0  0  0  0  0  0  0  0  0  0  2  0  0  0  0  0  0  0  1  0  0  0  1  0  0  0  0  0  0  0  2  0  0  0  0  0  0  0  0  0  0  0  1  0  0  0  1  0  0  0 14 27 19224  7 13  9 90  4  4  3 29  0  0  0  0 30 35 34381  2  0  0  001002017000240151860                
0923541106  2  1  0  0  0  0  0  0  0  0  0  0  2  1  0  0  1  1  0  0  0  0  0  0  0  0  0  0  1  1  0  0  0  0  0  0  2  1  0  0  0  0  0  0  0  0  0  0  1  1  0  0  1  0  0  0  0  0  0  0  1  1  0  0  0  0  0  0 10 47 55622  6  7  6 20 69 40 21 80 37 35 21 75 68 44 34157 11  5  9 5001901217890170131846                
0923541107  2  0  0  0  0  0  0  0  0  0  0  0  2  0  0  0  1  0  0  0  0  0  0  0  0  0  0  0  0  0  0  0  1  0  0  0  2  0  0  0  0  0  0  0  0  0  0  0  1  0  0  0  1  0  0  0  0  0  0  0  0  0  0  0  0  0  0  0 18 17 23222  1  1  0  2  2  2  3 23 53 48 46268 19 22 25247 11  9  7 740170141476000000                    
0923541108  2  0  0  0  0  0  0  0  0  0  0  0  2  0  0  0  2  0  0  0  0  0  0  0  0  0  0  0  2  0  0  0  0  0  0  0  2  0  0  0  0  0  0  0  0  0  0  0  1  0  0  0  0  0  0  0  1  0  0  0  2  0  0  0  2  0  0  0 11  5  8 92  4  1  4 38  0  0  0  2  7  8 12 30 31 18 17175  2  0  0  001901217890110041800                
0923541109  1  0  1  1  0  0  0  0  0  0  0  0  1  0  1  1  0  0  1  0  0  0  0  0  0  0  0  0  0  0  1  0  0  0  0  0  1  0  1  1  0  0  0  0  0  0  0  0  1  0  1  0  0  0  0  0  0  0  0  1  0  0  1  1  1  0  1  0  4  4  3 62  3  1  1 26  0  0  0  4  0  1  0  9 14 18 15208  7  2  2 6901400818000160101266                
0923541110  3  0  1  0  0  0  0  0  0  0  0  0  3  0  1  0  1  0  1  0  0  0  0  0  0  0  0  0  0  0  0  0  1  0  1  0  3  0  0  0  0  0  1  0  0  0  0  0  1  0  1  0  0  0  0  0  2  0  0  0  1  0  0  0  1  0  0  0 55 47 39280  1  1  5 16  2  5 10 21  8 11 12 79 42 35 29301  4  3  5 5503101916450160181893                
0923541111  1  1  1  0  0  0  0  0  0  0  0  0  1  1  1  0  1  1  0  0  0  0  0  0  0  0  0  0  1  1  1  0  1  1  1  0  1  1  1  0  0  0  0  0  0  0  0  0  0  1  0  0  0  0  1  0  1  0  0  0  1  1  0  0  0  0  0  0  5  5  6 53  1  3  1 12  1  1  1  6  2  1  1  4  6  5  7 91  1  1  1  003101916450190091670                
0923541112  2  0  2  0  0  0  0  0  0  0  0  0  2  0  2  0  0  0  1  0  0  0  0  0  0  0  0  0  1  0  1  0  0  0  1  0  2  0  1  0  0  0  1  0  0  0  0  0  2  0  1  0  0  0  0  0  0  0  1  0  0  0  1  0  0  0  1  0 17 16 17155  8  6  9 51  0  0  1 14  0  0  1  0 31 41 52447  2  0  2  200801115200160161700                
0923541113  2  0  0  0  0  0  0  0  0  0  0  0  2  0  0  0  0  0  0  0  0  0  0  0  0  0  0  0  2  0  0  0  2  0  0  0  1  0  0  0  1  0  0  0  0  0  0  0  0  0  0  0  1  0  0  0  1  0  0  0  1  0  0  0  1  0  0  0  5  5  4112  4  3  3 45  2  2  0 11  2  0  0  0 15 13 20247  2  0  0  00190121285000012                    
0923541114  1  1  1  0  0  0  0  0  0  0  0  0  1  1  1  0  0  1  1  0  0  0  0  0  0  0  0  0  1  0  0  0  1  1  1  0  1  1  1  0  0  0  0  0  0  0  0  0  1  1  1  0  0  0  0  0  0  0  0  0  0  1  0  0  0  1  0  0 45 42 29231  6 10  7 67 21 15 18111 18 14 11 99 62 61 41333 30 28 291660180171888000000                    
0923541115  2  2  0  0  0  0  0  0  0  0  0  0  2  2  0  0  0  0  0  0  0  0  0  0  0  0  0  0  2  2  0  0  1  1  0  0  0  1  0  0  1  0  0  0  1  1  0  0  1  0  0  0  1  2  0  0  0  0  0  0  1  0  0  0  0  0  0  0 16 18 17101  2  4  3 27  2  1  0  5  1  1  1  2 44 47 49400  3  2  0  202101715380160181893                
0923541116  2  1  0  0  0  0  0  0  0  0  0  0  2  1  0  0  0  0  0  0  0  0  0  0  0  0  0  0  2  1  0  0  0  0  0  0  1  1  0  0  1  0  0  0  0  0  0  0  2  1  0  0  0  0  0  0  0  0  0  0  1  0  0  0  0  0  0  0  1  3  2 13  0  1  1  3  2  3  2  5  3  3  1  6  2  2  4 18 29 21 12 940180171888000011                    
0923541117  1  0  1  0  0  0  0  0  0  0  0  0  0  0  0  0  0  0  0  0  0  0  0  0  0  0  0  0  0  0  0  0  1  0  1  0  0  0  0  0  0  0  0  0  0  0  0  0  0  0  0  0  1  0  0  0  0  0  1  0  1  0  1  0  0  0  0  0  0  0  4 28  0  0  0 14  3  2  7 84  1  0  1  2 16 18 11188 15 11 11 8101601818930330171638                
0923541118  2  1  0  1  0  0  0  0  0  0  0  0  2  1  0  1  0  0  0  0  0  0  0  0  0  0  0  0  2  1  0  1  0  1  0  0  2  1  0  0  0  0  0  1  0  0  0  0  1  0  0  1  0  0  0  0  1  1  0  0  0  1  0  0  0  0  0  0 31 26 18208 10 13  4 48 11  8 48960  1  4  0 11 27 27 33229  5  5  1 3602102317520100221600                
0923541201  2  3  6 20  0  0  0  0  0  0  0  0  2  3  5 17  0  0  0  6  0  0  0  1  0  0  0  3  2  2  5  8  0  0  0  1  2  2  2 11  0  0  1  4  0  1  2  2  1  1  0  0  1  1  3 10  0  1  3 10  1  0  0  6  0  1  2  9 26 25 32265 11  7 12 92  0  0  0  3  2  3  0 14 32 35 44321  0  0  0  100400715880070061560                
0923541202  1  2  4 16  1  0  0  1  0  0  0  0  1  2  4 15  1  2  4 10  1  1  2  4  0  0  0  2  1  1  2 10  0  0  0  1  1  2  1 10  0  0  2  3  0  0  1  2  0  2  2  3  1  0  1  6  0  0  1  7  0  0  1  3  0  0  2  7  2  1  0 67  1  1  0 28  5 11  7117  3  5  6 79  9  4  4119 23  9 2624400501215450100061373                
0923541203  2  3  3  8  0  0  0  0  0  0  0  0  2  3  3  8  0  0  0  2  0  0  0  0  0  1  2  0  1  3  2  3  1  0  0  3  1  2  2  4  1  0  0  3  0  1  1  1  0  0  0  2  0  0  2  1  2  3  1  5  0  0  1  2  1  0  1  5  0  2  8 65  0  0  1 26  1  1  3 23 17  7 15282  6  4 11 59 23  9 262440070161620011000                    
0923541204  1  1  0 10  1  0  0  0  0  0  0  0  0  0  0  1  0  0  0  1  0  0  0  0  1  0  0  3  0  0  0  1  0  0  0  0  0  0  0  1  0  0  0  0  0  0  0  0  0  0  0  2  0  0  0  4  1  1  0  4  0  0  0  4  0  0  0  2 60 53 46346 15 10 11111 20 16 13 86  0  0  0  1 40 37 23237  2  2  1 3501201614010160101482                
0923541205  2  1  1 10  0  0  0  0  0  0  0  0  2  1  1  7  2  1  1  5  0  0  1  1  0  0  1  0  1  1  1  3  1  0  0  0  1  1  0  6  0  0  1  0  1  0  0  1  0  0  0  0  2  0  0  6  0  1  1  4  1  0  0  3  2  1  0  3 72 48 46281 24 14 13 73  7  1  7 20  1  0  0  1 62 61 41333  3  2  2 2301402015510180171702                
0923541206  2  0  0  4  0  0  0  0  0  0  0  0  0  0  0  0  0  0  0  0  0  0  0  0  1  0  0  2  0  0  0  0  0  0  0  0  0  0  0  0  0  0  0  0  0  0  0  0  2  0  0  1  0  0  0  2  0  0  0  1  1  0  0  1  0  0  0  1  1  1  3 10  0  0  0  5  0  0  0  1  2  1  0  3  2  2  4 18  5  1  2 2501901217020200191732                
0923541207  1  3  3  8  0  0  0  0  6  0  0  0  1  2  3  5  1  2  1  4  1  0  1  1  0  0  0  2  1  1  2  4  0  0  0  1  1  1  1  3  0  1  1  2  0  0  1  0  0  0  1  2  1  3  1  3  0  0  1  3  0  1  1  2  1  3  0  3  8  7  4 90  5  4  2 22  0  0  0  4  0  0  0  1  1  2  2 25  9 11 10 9000800713330090121521                
0923541208  2  2  2  6  0  0  0  0  0  0  0  0  2  1  2  4  1  0  1  1  1  0  0  0  1  0  0  1  1  0  1  4  0  1  1  1  1  1  1  1  0  0  0  3  1  0  1  0  0  1  0  2  2  0  1  1  0  1  1  3  1  0  0  1  1  0  1  2 24 30 23243  8  8  6 94  0  2  2 18  0  1  1  1 27 19 21292  3  2  2 2301401417210190231225                
0923541209  2  1  1  5  0  0  0  0  0  0  0  0  2  1  1  5  0  0  1  1  0  0  1  0  0  0  0  0  1  0  1  4  0  0  0  0  2  1  0  4  0  0  0  0  0  0  1  1  1  1  0  1  1  0  0  3  0  0  1  1  1  0  1  1  0  0  1  3 29 25 33160  1  0  1 15  2  2  3 14  2  1  2 11 31 38 30200  5  2  1 1600901614160110071682                
0923541210  2  2  3 15  0  0  0  0  0  0  0  0  2  2  3 15  1  2  3 12  0  0  2  2  0  0  0  0  1  0  2  8  1  2  3 10  2  2  1 11  0  0  1  4  0  0  1  0  1  1  0  1  0  0  2  1  1  1  1 13  1  0  0  3  1  1  2  5  6  6  5118  2  3  3 52 11 13 19208  2  3  4 27  6  5 10144  6 11  6 3900701616200170141513                
0923541211  2  0  0  2  0  0  0  0  0  0  0  0  2  0  0  2  2  0  0  1  1  0  0  0  0  0  0  0  2  0  0  1  2  0  0  2  2  0  0  2  0  0  0  0  0  0  0  0  0  0  0  0  1  0  0  1  1  0  0  1  1  0  0  0  2  0  0  0 44 34 29248 11  9 13 56 15 14 11 64  2  1  0  5 27 27 33229  2  1  0  900801615200200191732                
0923541212  2  1  2  7  0  0  0  0  0  0  0  0  0  0  0  0  0  0  0  0  0  0  0  0  1  0  2  2  0  0  0  0  0  0  0  0  0  0  0  0  0  0  0  0  0  0  0  0  0  0  1  1  1  0  0  5  1  1  1  1  1  0  0  2  1  1  0  1  0  0  0  0  0  0  0  0  0  0  0  0  0  0  0  0  0  0  0  2  5  3  1  601901217020100071592                
0923541213  2  1  1 13  0  0  0  0  0  0  0  0  2  1  0 12  2  1  0 10  1  0  0  5  0  0  0  2  1  0  0  7  0  0  0  2  1  1  0 11  0  0  0  0  1  0  0  1  0  0  1  2  0  0  0  8  2  1  0  3  0  0  0  5  1  0  0  3  2  1  4 31  1  0  1 11  2  2  3 59  1  0  1 20  4  9  6104  3  2  1 1700101114360080121546                
