0624250101  0  0  0  1  0  0  0  0  0  0  0  0  0  0  0  1  0  0  0  1  0  0  0  1  0  0  0  0  0  0  0  1  0  0  0  0  0  0  0  1  0  0  0  0  0  0  0  0  0  0  0  1  0  0  0  0  0  0  0  0  0  0  0  1  0  0  0  1 49 30 47260 16 13 15 91  2  2  1 11  2  2  0 16 25 25 20191  1  0  1  401701415150140091465                
0624250102  0  0  0  2  0  0  0  0  0  0  0  0  0  0  0  1  0  0  0  0  0  0  0  0  0  0  0  0  0  0  0  0  0  0  0  0  0  0  0  1  0  0  0  0  0  0  0  0  0  0  0  1  0  0  0  0  0  0  0  1  0  0  0  0  0  0  0  1  0  0  0  2  0  0  0  2  0  0  0  2  0  0  0  0  0  0  0  0 12 11  2 300110151410000000                    
0624250103                                                                                                                                                                                                              4  4  5 93  4  1  3 40  0  0  0 17  0  0  0  0  2  1  4 69  0  0  0  000801216250100071669                
0624250104  0  1  0  0  0  0  0  0  0  0  0  0  0  1  0  0  0  0  0  0  0  0  0  0  0  0  0  0  0  0  0  0  0  1  0  0  0  1  0  0  0  0  0  0  0  0  0  0  0  0  0  0  0  1  0  0  0  0  0  0  0  1  0  0  0  1  0  0 17 13 16366 10 10  7178  1  1  2 28  0  1  0  1 13 12 18299  0  1  0 1201801913970310081800                
0624250105  0  0  0  3  0  0  0  0  0  0  0  0  0  0  0  2  0  0  0  1  0  0  0  1  0  0  0  0  0  0  0  1  0  0  0  1  0  0  0  1  0  0  0  1  0  0  0  0  0  0  0  0  0  0  0  1  0  0  0  2  0  0  0  1  0  0  0  0 84 58 59296 28 20 22106  4  3  0  4 21 15  5 74 35 36 20197  0  1  0 1001000816370100201470                
0624250106  0  0  0  2  0  0  0  0  0  0  0  0  0  0  0  2  0  0  0  2  0  0  0  1  0  0  0  1  0  0  0  2  0  0  0  0  0  0  0  2  0  0  0  0  0  0  0  0  0  0  0  1  0  0  0  1  0  0  0  0  0  0  0  2  0  0  0  1 10 12  7107  0  0  0  1  0  0  0  0  0  1  1 18  4  1  3 44  0  1  0 2200803019250060191633                
0624250107  0  0  0  7  0  0  0  0  0  0  0  0  0  0  0  5  0  0  0  4  0  0  0  4  0  0  0  0  0  0  0  4  0  0  0  3  0  0  0  4  0  0  0  1  0  0  0  0  0  0  0  3  0  0  0  4  0  0  0  0  0  0  0  3  0  0  0  2 11 11 10171  3  4  5 76  2  1  0 16  2  1  3 23  7 10  5139  0  0  0 1001201015050160111621                
0624250108  0  0  1  0  0  0  0  0  0  0  0  0  0  0  1  0  0  0  0  0  0  0  0  0  0  0  0  0  0  0  0  0  0  0  0  0  0  0  1  0  0  0  0  0  0  0  0  0  0  0  0  0  0  0  1  0  0  0  0  0  0  0  1  0  0  0  0  0 11 17 21243  4 10 12115 14 11 23198  0  0  0  0  8  8 12191  0  0  1  002000518000110111723                
0624250109  0  0  0  1  0  0  0  0  0  0  0  0  0  0  0  0  0  0  0  0  0  0  0  0  0  0  0  0  0  0  0  0  0  0  0  0  0  0  0  0  0  0  0  0  0  0  0  0  0  0  0  0  0  0  0  1  0  0  0  0  0  0  0  0  0  0  0  0 16 11 24194  6  5 12109  2  2  4  5 13  9 16 93 16 15 20211  1  1  1  80130121493000000                    
0624250110  0  1  0  3  0  0  0  0  0  0  0  0  0  0  0  1  0  0  0  0  0  0  0  0  0  0  0  0  0  0  0  0  0  0  0  1  0  0  0  1  0  0  0  0  0  0  0  0  0  0  0  0  0  1  0  2  0  0  0  1  0  0  0  1  0  0  0  2 43 52 54483 14 15 19198  6  4  6 33 12  6  6 38 27 43 41347  9  6  6 6901402015630080131600                
0624250111                                                                                                                                                                                                             94 87 52170 22 16 10 42 16 10  9 23 15  1  1612 61 40 29141 18 12 20 710200181693000000                    
0624250112  0  0  2  2  0  0  0  0  0  0  0  0  0  0  2  2  0  0  0  0  0  0  0  0  0  0  0  2  0  0  0  0  0  0  1  0  0  0  2  1  0  0  0  0  0  0  0  1  0  0  0  0  0  0  0  0  0  0  2  2  0  0  1  1  0  0  0  0 81 62 52291 36 29 18129  3  6  3 15  6  8  6 29 38 31 24259  0  0  2  600001214880060151414                
0624250113  0  0  0  1  0  0  0  0  0  0  0  0  0  0  0  1  0  0  0  0  0  0  0  0  0  0  0  0  0  0  0  0  0  0  0  0  0  0  0  1  0  0  0  0  0  0  0  0  0  0  0  0  0  0  0  0  0  0  0  1  0  0  0  0  0  0  0  0 27 20 17362 12 13 10180 17 33 22229  3  2  2 11 24 35 36427  1  0  1 110130161841000000                    
0624250114  0  0  0  1  0  0  0  0  0  0  0  0  0  0  0  0  0  0  0  0  0  0  0  0  0  0  0  0  0  0  0  0  0  0  0  0  0  0  0  0  0  0  0  0  0  0  0  0  0  0  0  0  0  0  0  1  0  0  0  0  0  0  0  0  0  0  0  0 26 24 22267  9 12  6 82 18 31 22112  9  3  6 75 21 28 36269  1  1  0 190100081637000000                    
0624250201  0  2  0  2  0  0  0  0  0  0  0  0  0  2  0  1  0  0  0  0  0  0  0  0  0  0  0  0  0  0  0  0  0  2  0  1  0  1  0  1  0  1  0  0  0  0  0  0  0  0  0  1  0  0  0  1  0  2  0  0  0  0  0  0  0  0  0  0 37 29 23118 18  6  9 41 43 19 18 62 54 32 19 95 61 40 29141 15 14 1711900801414530170141515                
0624250202  0  0  0  1  0  0  0  0  0  0  0  0  0  0  0  1  0  0  0  1  0  0  0  1  0  0  0  0  0  0  0  1  0  0  0  0  0  0  0  1  0  0  0  0  0  0  0  0  0  0  0  1  0  0  0  0  0  0  0  0  0  0  0  1  0  0  0  0 12 16 16304  1  3  4 77  0  0  1 15  0  0  0 41  5  9  5165  0  0  0  200502114640110111723                
0624250203  0  0  0  1  0  0  0  0  0  0  0  0  0  0  0  1  0  0  0  0  0  0  0  0  0  0  0  0  0  0  0  0  0  0  0  1  0  0  0  1  0  0  0  0  0  0  0  0  0  0  0  0  0  0  0  1  0  0  0  0  0  0  0  1  0  0  0  0 21 25 32143  9 16 13 64  0  0  1 12  0  0  0  1 21 28 36269  0  1  0  7009000    0230161755                
0624250204  0  0  0  7  0  0  0  0  0  0  0  0  0  0  0  4  0  0  0  2  0  0  0  1  0  0  0  0  0  0  0  1  0  0  0  0  0  0  0  4  0  0  0  0  0  0  0  0  0  0  0  3  0  0  0  1  0  0  0  3  0  0  0  1  0  0  0  3  6  1  5111  3  1  2 51  0  0  0  5  0  0  0  3  2  1  4 69  3  1  3 9900701114230180091468                
0624250205                                                                                                                                                                                                              7 16 12159  4  8  6 86  4  4  7 68  0  0  1  4  7 10  5139  0  0  0  300701615390060151414                
0624250206  0  0  0  5  0  0  0  0  0  0  0  0  0  0  0  3  0  0  0  0  0  0  0  0  0  0  0  0  0  0  0  1  0  0  0  3  0  0  0  2  0  0  0  1  0  0  0  0  0  0  0  3  0  0  0  0  0  0  0  2  0  0  0  1  0  0  0  0  7  7 15256  3  2  6108  3  1  1 60  0  1  1 22  6  6  2178  8 10 1123600701415720100071366                
0624250207  0  1  1  2  0  0  0  0  0  0  0  0  0  1  1  2  0  0  0  0  0  0  0  0  0  0  0  0  0  0  0  0  0  1  1  2  0  1  0  2  0  0  1  0  0  0  0  0  0  1  0  1  0  0  1  0  0  0  0  1  0  1  1  0  0  0  0  1 32 27 31238 17 12 19 98 17 25 21220  0  1  1  2 22 22 28267  1  3  1 1001001615010100111413                
0624250208  0  1  0  1  0  0  0  0  0  0  0  0  0  1  0  1  0  1  0  1  0  1  0  1  0  0  0  0  0  1  0  1  0  0  0  0  0  0  0  1  0  1  0  0  0  0  0  0  0  0  0  0  0  1  0  1  0  0  0  0  0  0  0  1  0  1  0  0  0  1  0  1  0  1  0  1  0  0  0  0  0  0  0  0  0  0  0  1  0  5  3 1400502114640090061380                
0624250209  0  3  0  3  0  0  0  0  0  0  0  0  0  2  0  1  0  2  0  0  0  2  0  0  0  0  0  0  0  2  0  0  0  1  0  2  0  1  0  0  0  0  0  1  0  1  0  0  0  0  0  2  0  3  0  1  0  0  0  0  0  1  0  1  0  2  0  1 33 61 63466  2 16  4123 17 22 18151  0  1  0  3 28 51 54480  3  4  5 5601101514100070111404                
0624250210  0  0  0  1  0  0  0  0  0  0  0  0  0  0  0  1  0  0  0  1  0  0  0  1  0  0  0  0  0  0  0  1  0  0  0  0  0  0  0  1  0  0  0  0  0  0  0  0  0  0  0  1  0  0  0  0  0  0  0  0  0  0  0  0  0  0  0  1  0  0  0  2  0  0  0  2  0  0  0  0  0  0  0  0  0  0  0  1  0  0  0  40080111665000000                    
0624250211                                                                                                                                                                                                             12  7 15158  7  5  8 99  0  0  0  4  1  1  1  9  8  8 12191  3  1  0 1802000518000280281300                
0624250212  0  0  0  1  0  0  0  1  0  0  0  0  0  0  0  1  0  0  0  1  0  0  0  1  0  0  0  0  0  0  0  1  0  0  0  1  0  0  0  1  0  0  0  0  0  0  0  0  0  0  0  0  0  0  0  1  0  0  0  0  0  0  0  0  0  0  0  0  1  0  2 60  1  0  0 28  0  0  0  0  0  0  0  1  0  0  0 20  0  0  0  00100071669000000                    
0624250213                                                                                                                                                                                                             35 36 18221 10  9  5 70 23 23 18204  0  0  0  3 25 25 20191  0  0  0  001201614100170091600                
0624250214  0  0  0  1  0  0  0  0  0  0  0  0  0  0  0  1  0  0  0  1  0  0  0  0  0  0  0  0  0  0  0  1  0  0  0  0  0  0  0  1  0  0  0  0  0  0  0  0  0  0  0  1  0  0  0  0  0  0  0  0  0  0  0  1  0  0  0  0 17 24 22352  6 12  6112  5  8  8131  0  0  0  5  7  8  8205  0  1  2 3200601112160210201743                
0624250215  0  0  0  1  0  0  0  0  0  0  0  0  0  0  0  1  0  0  0  1  0  0  0  0  0  0  0  0  0  0  0  1  0  0  0  0  0  0  0  1  0  0  0  0  0  0  0  0  0  0  0  1  0  0  0  0  0  0  0  0  0  0  0  1  0  0  0  1 16 17 27234  6  6 18129  1  0  0 27  3 10  6 82 23 29 33483  2  2  2 6501701515120150111727                
0624250216  0  0  0  7  0  0  0  0  0  0  0  0  0  0  0  7  0  0  0  1  0  0  0  1  0  0  0  0  0  0  0  4  0  0  0  4  0  0  0  3  0  0  0  1  0  0  0  3  0  0  0  2  0  0  0  2  0  0  0  3  0  0  0  1  0  0  0  3  1  5  4143  0  5  2102  0  0  2 80  0  0  0 16  5  6  3130  1  2  2 2700401415430090171230                
0624250301  0  0  0  3  0  0  0  0  0  0  0  0  0  0  0  3  0  0  0  2  0  0  0  1  0  0  0  0  0  0  0  2  0  0  0  0  0  0  0  1  0  0  0  1  0  0  0  1  0  0  0  1  0  0  0  2  0  0  0  0  0  0  0  1  0  0  0  0  0  0  0  2  0  0  0  2  0  1  0  2  0  0  0  0  0  0  0  1  3  2  2 4700001915440120141617                
0624250302                                                                                                                                                                                                             84 58 59296 28 20 22106 17 14 15 94  1  1  1  9 35 36 20197  9  7 1110301400717000110071582                
0624250303  0  0  0  2  0  0  0  1  0  0  0  0  0  0  0  1  0  0  0  0  0  0  0  0  0  0  0  0  0  0  0  1  0  0  0  2  0  0  0  1  0  0  0  0  0  0  0  0  0  0  0  1  0  0  0  1  0  0  0  0  0  0  0  0  0  0  0  0  5  7 14136  3  5 10 80  0  0  3 72  0  0  0  2  5  6  3130  0  0  0  401701514820140101685                
0624250304  0  1  0  1  0  0  0  0  0  0  0  0  0  1  0  0  0  0  0  0  0  0  0  0  0  0  0  0  0  0  0  0  0  1  0  1  0  1  0  0  0  0  0  0  0  0  0  0  0  0  0  1  0  0  0  0  0  1  0  0  0  1  0  0  0  0  0  0 94 87 52170 22 16 10 42 11  5 64 14 16 41  5782 61 40 29141 42 33 3214601601716520330131525                
0624250305                                                                                                                                                                                                             14 24 22340  5  9  7 96  0  0  0  9 10  8  6 87  7  8  8205  1  0  2 290200051800010000                    
0624250306  0  0  0  1  0  0  0  0  0  0  0  0  0  0  0  1  0  0  0  1  0  0  0  1  0  0  0  0  0  0  0  1  0  0  0  0  0  0  0  0  0  0  0  1  0  0  0  0  0  0  0  0  0  0  0  1  0  0  0  0  0  0  0  1  0  0  0  0  4  4  5 93  4  1  3 40  0  0  0  4  3  1  0 12  2  1  4 69  2  2  0  60080201464000000                    
0624250307  0  0  0  2  0  0  0  0  0  0  0  0  0  0  0  1  0  0  0  0  0  0  0  0  0  0  0  0  0  0  0  0  0  0  0  2  0  0  0  1  0  0  0  0  0  0  0  0  0  0  0  1  0  0  0  0  0  0  0  1  0  0  0  1  0  0  0  1 17 13 16366 10 10  7178  0  1  0 13 10  7  8 78 13 12 18299 17 10 12157016000    000000                    
0624250308  0  0  1  6  0  0  0  0  0  0  0  0  0  0  0  3  0  0  0  1  0  0  0  0  0  0  1  2  0  0  0  1  0  0  0  1  0  0  0  1  0  0  0  1  0  0  0  1  0  0  0  1  0  0  1  1  0  0  0  4  0  0  0  1  0  0  0  1 43 52 54483 14 15 19198 23 33 28258  0  1  1 17 27 43 41347  8 12  8 8400000515000100081652                
0624250309  0  0  0  4  0  0  0  0  0  0  0  0  0  0  0  0  0  0  0  0  0  0  0  0  0  0  0  0  0  0  0  0  0  0  0  0  0  0  0  0  0  0  0  0  0  0  0  0  0  0  0  2  0  0  0  2  0  0  0  0  0  0  0  1  0  0  0  1 81 62 52291 36 29 18129  3  1  3 18  6  3  6 79 38 31 24259 15 11  9 5901901516340170141515                
0624250310  0  0  1  4  0  0  0  0  0  0  0  0  0  0  1  4  0  0  0  2  0  0  0  0  0  0  1  0  0  0  0  0  0  0  0  0  0  0  1  3  0  0  0  0  0  0  0  1  0  0  0  2  0  0  1  0  0  0  0  2  0  0  0  1  0  0  1  1 26 24 22267  9 12  6 82  1  1  1  7  0  0  0  0 21 28 36269  1  5  6 3100701616260000071314                
0624250311  0  0  0  1  0  0  0  0  0  0  0  0  0  0  0  1  0  0  0  1  0  0  0  1  0  0  0  0  0  0  0  1  0  0  0  1  0  0  0  1  0  0  0  0  0  0  0  0  0  0  0  1  0  0  0  0  0  0  0  0  0  0  0  1  0  0  0  0 17 22 18329 11  8 13154 49 54 69782 12  4 11106 23 29 33483  2  0  0 150110141699000000                    
0624250312  0  0  0  1  0  0  0  0  0  0  0  0  0  0  0  1  0  0  0  1  0  0  0  1  0  0  0  0  0  0  0  1  0  0  0  0  0  0  0  0  0  0  0  1  0  0  0  0  0  0  0  0  0  0  0  0  0  0  0  1  0  0  0  1  0  0  0  0 27 20 17362 12 13 10180  3  5  2 21 18 11 10117 24 35 36427  2  3  1  401402015630170181707                
0624250313  0  0  0  3  0  0  0  0  0  0  0  0  0  0  0  1  0  0  0  1  0  0  0  1  0  0  0  0  0  0  0  1  0  0  0  3  0  0  0  0  0  0  0  1  0  0  0  0  0  0  0  1  0  0  0  2  0  0  0  0  0  0  0  2  0  0  0  1 49 30 47260 16 13 15 91  6  0  0 13  3  2  2 17 25 25 20191  7  5  6 6701901615140080171626                
0624250401  0  0  0  2  0  0  0  0  0  0  0  0  0  0  0  2  0  0  0  1  0  0  0  0  0  0  0  1  0  0  0  1  0  0  0  1  0  0  0  1  0  0  0  1  0  0  0  0  0  0  0  1  0  0  0  0  0  0  0  1  0  0  0  2  0  0  0  1 56 49 49265  1  4  0 21  0  0  0  5  0  0  0  1 44 38 28257  1  4  0  901402015630130101600                
0624250402  0  0  0  1  0  0  0  0  0  0  0  0  0  0  0  1  0  0  0  1  0  0  0  1  0  0  0  0  0  0  0  1  0  0  0  0  0  0  0  1  0  0  0  0  0  0  0  0  0  0  0  0  0  0  0  1  0  0  0  0  0  0  0  0  0  0  0  1  0  0  0  2  0  0  0  2  0  0  0  0  0  0  0  0  0  0  0  1  1  0  0 31007000    0010111447                
0624250403  0  0  1  5  0  0  0  0  0  0  0  0  0  0  1  4  0  0  1  3  0  0  1  3  0  0  0  0  0  0  1  3  0  0  0  1  0  0  1  4  0  0  0  0  0  0  0  0  0  0  0  4  0  0  1  1  0  0  0  0  0  0  0  2  0  0  0  1 20 14 11213 11  9  6124 43 34 41416  0  0  0  1 16 13 21306  0  0  1  602902517000170141515                
0624250404  0  0  0  7  0  0  0  0  0  0  0  0  0  0  0  6  0  0  0  3  0  0  0  3  0  0  0  1  0  0  0  3  0  0  0  7  0  0  0  5  0  0  0  0  0  0  0  1  0  0  0  2  0  0  0  4  0  0  0  1  0  0  0  2  0  0  0  0  7 16 12159  4  8  6 86 10  7  3 79  0  0  0  7  7 10  5139  0  0  0  701201514070090071439                
0624250405                                                                                                                                                                                                              1  5  4143  0  5  2102  1  0  1 25  1  1  0 18  5  6  3130  4  3  4 3301401016850040041750                
0624250406                                                                                                                                                                                                              0  1  1 62  0  0  0 21  0  0  0  1  0  0  0  0  1  0  0 14  1  1  2 1501501414770060151414                
0624250407  0  1  1  2  0  0  0  0  0  0  0  0  0  1  1  2  0  1  1  1  0  1  1  0  0  0  0  0  0  1  1  0  0  1  1  1  0  0  0  1  0  1  1  0  0  0  0  1  0  0  0  1  0  0  1  0  0  1  0  1  0  0  1  0  0  1  0  0 21 19 28226 12  8 14120 11  4 12 61  2  1  1 10 11 18 22306  0  3  3  700001915440090151723                
0624250408  0  0  0  1  0  0  0  0  0  0  0  0  0  0  0  0  0  0  0  0  0  0  0  0  0  0  0  0  0  0  0  0  0  0  0  0  0  0  0  0  0  0  0  0  0  0  0  0  0  0  0  1  0  0  0  0  0  0  0  0  0  0  0  1  0  0  0  1 49 40 34322  1  2  1 18  1  2  1 15  0  0  0  0 44 49 49386  0  0  0  101402015630230161755                
0624250409  0  0  0  5  0  0  0  0  0  0  0  0  0  0  0  5  0  0  0  2  0  0  0  2  0  0  0  1  0  0  0  4  0  0  0  1  0  0  0  3  0  0  0  2  0  0  0  0  0  0  0  0  0  0  0  3  0  0  0  2  0  0  0  2  0  0  0  4 33 61 63466  2 16  4123 17 22 18151  1  0  0  7 28 51 54480  3  0  1 4000001915440080171626                
0624250410  0  0  0  1  0  0  0  0  0  0  0  0  0  0  0  1  0  0  0  1  0  0  0  1  0  0  0  0  0  0  0  1  0  0  0  0  0  0  0  0  0  0  0  1  0  0  0  0  0  0  0  1  0  0  0  0  0  0  0  0  0  0  0  1  0  0  0  0  0  1  1 27  0  0  0 10  0  1  2 48  0  0  0  2  0  0  0 21  2  1  2 2300201415330230161755                
0624250411  0  0  0  2  0  0  0  0  0  0  0  0  0  0  0  0  0  0  0  0  0  0  0  0  0  0  0  0  0  0  0  0  0  0  0  2  0  0  0  0  0  0  0  0  0  0  0  0  0  0  0  0  0  0  0  2  0  0  0  0  0  0  0  0  0  0  0  1  5  0  4110  2  0  3 51 13 11 15188  1  1  2 15  1  3  4100  8 12  8 6801501414770000181300                
0624250412  0  0  0  2  0  0  0  0  0  0  0  0  0  0  0  0  0  0  0  0  0  0  0  0  0  0  0  0  0  0  0  0  0  0  0  1  0  0  0  0  0  0  0  0  0  0  0  0  0  0  0  0  0  0  0  1  0  0  0  1  0  0  0  2  0  0  0  1 67 46 50228 34 14 22104 21 11 11 73  2  1  1  3 38 31 24259  0  0  0  201601315010110111611                
0624250413  0  0  0  3  0  0  0  0  0  0  0  0  0  0  0  1  0  0  0  1  0  0  0  1  0  0  0  0  0  0  0  1  0  0  0  0  0  0  0  1  0  0  0  0  0  0  0  0  0  0  0  1  0  0  0  1  0  0  0  1  0  0  0  1  0  0  0  0  0  0  0  2  0  0  0  2  0  0  0  0  0  0  0  0  0  0  0  0  0  0  0 1501301214930000381200                
0624250414                                                                                                                                                                                                             21 27 18301 14 12 10178  0  0  2 39  0  0  0  2 13 12 18299  4  5  4 2801601315010170141515                
0624250415                                                                                                                                                                                                             16 15 18294  9  8  8122  4  2  4 34  0  0  0  0  3  3  6140  0  0  0  001701615800000251366                
0624250416                                                                                                                                                                                                              1  1  0 78  1  0  0 37  2  4 14386  0  0  0  3  0  0  1 30  0  0  0  601101614320090101424                
0624250501  0  0  0  1  0  0  0  0  0  0  0  0  0  0  0  1  0  0  0  1  0  0  0  0  0  0  0  0  0  0  0  0  0  0  0  0  0  0  0  1  0  0  0  0  0  0  0  0  0  0  0  1  0  0  0  0  0  0  0  0  0  0  0  0  0  0  0  0 17 13 16366  3  0  2 35  1  0  0 11  0  0  0  0 13 12 18299  0  0  0  101500717840080132000                
0624250502  0  0  0  2  0  0  0  0  0  0  0  0  0  0  0  2  0  0  0  1  0  0  0  1  0  0  0  0  0  0  0  1  0  0  0  0  0  0  0  2  0  0  0  0  0  0  0  0  0  0  0  0  0  0  0  1  0  0  0  1  0  0  0  0  0  0  0  0  4  4  5 93  0  0  0  4  0  0  0  0  0  0  0  0  2  1  4 69  0  0  0  201200916680140101695                
0624250503  0  0  0  1  0  0  0  0  0  0  0  0  0  0  0  0  0  0  0  0  0  0  0  0  0  0  0  0  0  0  0  0  0  0  0  1  0  0  0  0  0  0  0  0  0  0  0  0  0  0  0  0  0  0  0  1  0  0  0  0  0  0  0  1  0  0  0  0  3  9  9200  0  0  0 11 13 17 15338  2  2  2 13  5  9  5165  1  1  2 1201801217660160131846                
0624250504  0  0  0  4  0  0  0  0  0  0  0  0  0  0  0  3  0  0  0  0  0  0  0  0  0  0  0  0  0  0  0  1  0  0  0  2  0  0  0  3  0  0  0  0  0  0  0  0  0  0  0  1  0  0  0  2  0  0  0  1  0  0  0  0  0  0  0  2  5  7 14136  0  0  0  7  0  0  3 72  0  0  0  2  5  6  3130  1  2  4 1001400717160210201897                
0624250505  0  0  0  1  0  0  0  0  0  0  0  0  0  0  0  1  0  0  0  0  0  0  0  0  0  0  0  0  0  0  0  0  0  0  0  1  0  0  0  1  0  0  0  0  0  0  0  0  0  0  0  0  0  0  0  0  0  0  0  1  0  0  0  0  0  0  0  1  9 11 14216  0  3  1 13  5 10  9132  0  0  1  6  6  6  2178  8  4 141360180121766000000                    
0624250506  0  0  0  2  0  0  0  0  0  0  0  0  0  0  0  1  0  0  0  0  0  0  0  0  0  0  0  1  0  0  0  0  0  0  0  1  0  0  0  1  0  0  0  0  0  0  0  0  0  0  0  1  0  0  0  1  0  0  0  0  0  0  0  0  0  0  0  2 11 18 30307  2  4  2 43  1  1  4 33  0  0  1  4  6 13 19280  0  0  0  201601719150100121368                
0624250507                                                                                                                                                                                                             37 56 43425  4  2  5 45  1  7 11 35  0  0  0  5 28 51 54480  2  8  1 2501701616960070111232                
0624250508                                                                                                                                                                                                             16 11 24194  2  2  3 32 17 16 20223 21 20 14119 16 15 20211  7  6  6 9301001017620230161874                
0624250509  0  0  0  2  0  0  0  0  0  0  0  0  0  0  0  2  0  0  0  2  0  0  0  1  0  0  0  0  0  0  0  1  0  0  0  2  0  0  0  2  0  0  0  0  0  0  0  0  0  0  0  1  0  0  0  1  0  0  0  0  0  0  0  1  0  0  0  1 11 17 21243  2  3  1 27  4  3  5 35  1  6  7 54  8  8 12191  0  1  1 2801901616730150111901                
0624250510  0  0  0  3  0  0  0  0  0  0  0  0  0  0  0  0  0  0  0  0  0  0  0  0  0  0  0  0  0  0  0  0  0  0  0  0  0  0  0  0  0  0  0  0  0  0  0  0  0  0  0  0  0  0  0  2  0  0  0  1  0  0  0  0  0  0  0  1 89 76 79413  0  1  2  5  2  4  4 43  1  0  0  6 44 38 28257  7  5  3 510180121766000012                    
0624250511  0  0  0  3  0  0  0  0  0  0  0  0  0  0  0  2  0  0  0  1  0  0  0  0  0  0  0  0  0  0  0  1  0  0  0  0  0  0  0  2  0  0  0  0  0  0  0  0  0  0  0  1  0  0  0  1  0  0  0  1  0  0  0  0  0  0  0  1 21 21 26327  0  4  3 38  7 12  9 94  0  0  0  0 11 18 22306  0  1  3 1102002614500080132000                
0624250512  0  0  0  3  0  0  0  0  0  0  0  0  0  0  0  3  0  0  0  0  0  0  0  0  0  0  0  0  0  0  0  2  0  0  0  0  0  0  0  2  0  0  0  0  0  0  0  1  0  0  0  2  0  0  0  0  0  0  0  1  0  0  0  0  0  0  0  2 58 55 40373  1  0  1  8  2  1  0  7  1  1  1 24 44 49 49386  1  0  0 1501201016500100071825                
0624250513  0  1  0  2  0  0  0  0  0  0  0  0  0  1  0  2  0  0  0  0  0  0  0  0  0  0  0  1  0  0  0  1  0  0  0  0  0  1  0  1  0  0  0  1  0  0  0  0  0  1  0  0  0  0  0  1  0  0  0  1  0  0  0  0  0  1  0  0 84 58 59296 14  4  7 44 10 13  6 39 63 59 33229 35 36 20197 20 22 2314101901616730160001900                
0624250514  0  0  0  1  0  0  0  0  0  0  0  0  0  0  0  1  0  0  0  1  0  0  0  0  0  0  0  0  0  0  0  0  0  0  0  0  0  0  0  1  0  0  0  0  0  0  0  0  0  0  0  1  0  0  0  0  0  0  0  0  0  0  0  0  0  0  0  0 38 39 40326  4  3  6 40  2  2  1 23  0  1  3 31 22 22 28267 11 15 12 8501101417520310191658                
0624250515  0  2  1  1  0  0  0  0  0  0  0  0  0  2  1  1  0  2  0  1  0  0  0  0  0  1  1  0  0  0  0  0  0  2  0  1  0  2  0  1  0  0  0  0  0  0  1  0  0  1  0  0  0  1  0  1  0  0  1  0  0  0  0  1  0  0  0  0 43 52 54483  4  9  6 46 23 33 28258  4 10 10 67 27 43 41347 19 28 1718401901616730050121712                
0624250516                                                                                                                                                                                                             81 62 52291 10 11 13 28 13  7  7 57 15  8 12 60 38 31 24259 14 16  614602000019110280061377                
0624250601  0  0  0  7  0  0  0  0  0  0  0  0  0  0  0  0  0  0  0  0  0  0  0  0  0  0  0  1  0  0  0  0  0  0  0  0  0  0  0  0  0  0  0  0  0  0  0  0  0  0  0  2  0  0  0  2  0  0  0  3  0  0  0  1  0  0  0  3 17 13 16366 10 10  7178  0  0  0 15  0  0  0  4 13 12 18299  0  2  212501701514820050121619                
0624250602  0  0  0  1  0  0  0  0  0  0  0  0  0  0  0  1  0  0  0  1  0  0  0  1  0  0  0  0  0  0  0  1  0  0  0  1  0  0  0  1  0  0  0  0  0  0  0  0  0  0  0  0  0  0  0  1  0  0  0  0  0  0  0  0  0  0  0  1 84 58 59296 28 20 22106  3  4  0 16  0  0  0  1 35 36 20197  0  0  0  10070161626000000                    
0624250603  0  0  0  1  0  0  0  0  0  0  0  0  0  0  0  1  0  0  0  1  0  0  0  1  0  0  0  0  0  0  0  1  0  0  0  1  0  0  0  0  0  0  0  1  0  0  0  0  0  0  0  0  0  0  0  1  0  0  0  0  0  0  0  1  0  0  0  0 14  6 15259  7  2  7130 13  4 12153  0  0  0  1  3  3  6140  0  0  0  100701615390000071545                
0624250604  0  0  0  6  0  0  0  0  0  0  0  0  0  0  0  0  0  0  0  0  0  0  0  0  0  0  0  1  0  0  0  0  0  0  0  3  0  0  0  0  0  0  0  0  0  0  0  0  0  0  0  2  0  0  0  4  0  0  0  0  0  0  0  4  0  0  0  3 37 56 43425 11 15 10158  3 12  6 97 14  2  3180 28 51 54480 23 39 4032101901216980160161781                
0624250605  0  0  0  2  0  0  0  0  0  0  0  0  0  0  0  2  0  0  0  1  0  0  0  1  0  0  0  0  0  0  0  1  0  0  0  1  0  0  0  1  0  0  0  1  0  0  0  0  0  0  0  0  0  0  0  1  0  0  0  1  0  0  0  2  0  0  0  1 11 18 30307  2  5 12119  1  3  6 29  0  0  0 12  6 13 19280 21 28 2628401001413460000111611                
0624250606  0  2  0  2  0  0  0  0  0  0  0  0  0  1  0  1  0  1  0  0  0  1  0  0  0  0  0  1  0  1  0  1  0  1  0  0  0  0  0  1  0  0  0  0  0  1  0  0  0  1  0  0  0  0  0  1  0  1  0  1  0  1  0  1  0  0  0  1 17 22 18329 11  8 13154  1  2  0 25  0  1  0  0 23 29 33483  0  4  1 3300701615390040141800                
0624250607  0  1  1  4  0  0  0  0  0  0  0  0  0  1  1  3  0  0  0  0  0  0  0  0  0  0  0  0  0  0  0  1  0  0  0  0  0  1  1  3  0  0  0  0  0  0  0  0  0  0  0  0  0  1  0  2  0  0  1  2  0  1  0  2  0  0  0  1 94 87 52170 22 16 10 42  8  5  3  8  0  1  0  1 61 40 29141  6  6  3 5502001816930180091468                
0624250608                                                                                                                                                                                                             49 30 47260 16 13 15 91  3  3  5 16  1  0  1  5 25 25 20191  1  0  0 1300000814500000041400                
0624250609                                                                                                                                                                                                              0  0  0  0  0  0  0  0  0  1  0  1  0  0  0  0  0  0  0  1  1  1  2 1200901916170220121681                
0624250610  0  1  0  4  0  0  0  0  0  0  0  0  0  1  0  3  0  1  0  1  0  1  0  1  0  1  0  0  0  1  0  1  0  0  0  0  0  1  0  1  0  0  0  2  0  0  0  0  0  0  0  0  0  1  0  3  0  0  0  1  0  0  0  1  0  1  0  0  4  4  5 93  4  1  3 40  4  2  2 25  0  0  0  0  2  1  4 69  0  1  0  400001915440110141563                
0624250611  0  2  0  1  0  0  0  0  0  0  0  0  0  0  0  0  0  0  0  0  0  0  0  0  0  0  0  0  0  0  0  0  0  0  0  1  0  0  0  0  0  0  0  0  0  0  0  0  0  1  0  0  0  1  0  0  0  0  0  1  0  0  0  1  0  1  0  0 81 62 52291 36 29 18129  5  3  4 30 25 22 17119 38 31 24259 28 21 1414302001714390150041400                
0624250612  0  0  0  1  0  0  0  0  0  0  0  0  0  0  0  1  0  0  0  0  0  0  0  0  0  0  0  0  0  0  0  0  0  0  0  0  0  0  0  1  0  0  0  0  0  0  0  0  0  0  0  0  0  0  0  0  0  0  0  1  0  0  0  0  0  0  0  0 58 55 40373  1  4  1 17  0  0  0  1  1  1  1 24 44 49 49386 11 13 14 7501601515690040041750                
0624250701  1  0  0  1  0  0  0  0  0  0  0  0  1  0  0  1  0  0  0  0  0  0  0  0  0  0  0  0  1  0  0  1  1  0  0  1  1  0  0  0  0  0  0  1  0  0  0  0  1  0  0  1  0  0  0  0  0  0  0  0  0  0  0  0  0  0  0  0 27 38 21190  2  0  1  9  1  0  0 11 13 13  9106 44 49 49386  3  1  3 490130121494000000                    
0624250702  1  0  0  0  0  0  0  0  0  0  0  0  1  0  0  0  1  0  0  0  0  0  0  0  0  0  0  0  1  0  0  0  0  0  0  0  0  0  0  0  0  0  0  0  1  0  0  0  1  0  0  0  0  0  0  0  0  0  0  0  1  0  0  0  0  0  0  0 47 32 33204  1  0  2 16  7  7  7 26  9  7  7 40 44 38 28257  1  1  0 1402001817770330091333                
0624250703  1  1  0  0  0  0  0  0  0  0  0  0  1  1  0  0  1  1  0  0  1  0  0  0  1  0  0  0  1  0  0  0  1  1  0  0  1  1  0  0  0  0  0  0  0  0  0  0  0  1  0  0  1  0  0  0  0  0  0  0  1  0  0  0  0  0  0  0 79 42 34128 19  9 10 31 11  5 64 14 16 41  5782 61 40 29141 42 33 3214601601318460160161981                
0624250704  1  0  0  3  0  0  0  0  0  0  0  0  1  0  0  3  0  0  0  1  0  0  0  1  0  0  0  1  1  0  0  2  0  0  0  1  0  0  0  2  1  0  0  1  0  0  0  0  1  0  0  0  0  0  0  2  0  0  0  1  0  0  0  1  0  0  0  2  2 10  8115  1  3  4 45  2  3  2 13  0  0  1  7 24 35 36427  7  3  2 560180121766000000                    
0624250705  1  0  1  0  0  0  0  0  0  0  0  0  1  0  1  0  0  0  0  0  0  0  0  0  0  0  0  0  1  0  0  0  1  0  1  0  1  0  1  0  0  0  0  0  0  0  0  0  0  0  0  0  1  0  1  0  0  0  0  0  0  0  0  0  0  0  1  0  9 16  9125  6  3  3 56  2  3  4 23  4  1  2 26 22 22 28267 10  4 12 8001400917940170141485                
0624250706  1  0  0  5  0  0  0  0  0  0  0  0  1  0  0  5  0  0  0  2  0  0  0  0  1  0  0  1  0  0  0  3  0  0  0  1  1  0  0  4  0  0  0  0  0  0  0  1  0  0  0  1  1  0  0  2  0  0  0  2  0  0  0  2  0  0  0  1  4  8  4 75  2  1  1 24  0  0  0  4 88 81 83704  7 10  5139  8 11  91100170161696000000                    
0624250707  1  1  0  2  0  0  0  0  0  0  0  0  1  1  0  2  1  1  0  1  0  1  0  0  0  0  0  0  0  1  0  1  1  1  0  2  1  1  0  1  0  0  0  0  0  0  0  1  1  1  0  1  0  0  0  0  0  0  0  1  0  0  0  2  0  0  0  0  9  8  4142  3  4  2 64  3  6  4 61 11 51 63161  6 13 19280  4  7  9 8101501020030060081275                
0624250708  1  0  0  1  0  0  0  0  0  0  0  0  0  0  0  0  0  0  0  0  0  0  0  0  1  0  0  0  0  0  0  0  1  0  0  0  0  0  0  0  0  0  0  0  0  0  0  0  1  0  0  0  0  0  0  1  0  0  0  0  0  0  0  0  1  0  0  1 23 16 17133  3  4  4 45  1  0  2 28  1  0  1  7 25 25 20191 24 29 3327600701615550110141752                
0624250709  1  0  0  3  0  0  0  0  0  0  0  0  1  0  0  3  1  0  0  3  0  0  0  0  0  0  0  0  1  0  0  1  1  0  0  1  1  0  0  3  0  0  0  0  0  0  0  0  0  0  0  2  0  0  0  0  1  0  0  1  0  0  0  1  1  0  0  2 33 30 24217  4  5  7 62  3  4  3 23 14  2  3180 28 51 54480 21 23 2819801601617060050121712                
0624250710  1  0  0  2  0  0  0  0  0  0  0  0  1  0  0  2  1  0  0  2  1  0  0  1  1  0  0  0  1  0  0  1  1  0  0  0  1  0  0  2  0  0  0  0  0  0  0  0  1  0  0  1  0  0  0  1  0  0  0  0  0  0  0  1  0  0  0  0 18 20 16118  8  8  9 51 33 31 15111  1  0  2  6 22 27 23198  3  0  1 1401801217660100071395                
0624250711  1  0  1  3  0  0  0  0  0  0  0  0  1  0  1  3  0  0  1  2  0  0  0  0  0  0  0  0  1  0  0  2  0  0  0  0  1  0  1  1  0  0  0  1  0  0  0  1  1  0  1  1  0  0  0  1  0  0  0  1  0  0  1  1  1  0  1  1 22 23 26164  8 10  9 67  0  0  0  1  0  0  1  7 27 43 41347 49 34 2917901401317580210201897                
0624250801  1  0  1  7  0  0  0  0  0  0  0  0  1  0  1  7  0  0  0  0  0  0  0  0  0  0  1  0  1  0  1  3  0  0  0  2  1  0  0  3  0  0  0  3  0  0  1  1  0  0  0  0  0  0  0  3  1  0  1  4  0  0  0  1  0  0  0  3 21 27 18301 14 12 10178 28 24 26273  0  0  1 17 13 12 18299 17 13 2519001501416910100071366                
0624250802  0  0  0  3  0  0  0  0  5  4  2  6  0  0  0  1  0  0  0  0  0  0  0  0  0  0  0  2  0  0  0  0  0  0  0  0  0  0  0  0  0  0  0  1  0  0  0  0  0  0  0  0  0  0  0  3  0  0  0  0  0  0  0  0  0  0  0  0  1  3  2 80  0  0  0 30  1  1  4 54  0  0  0 13  2  3  2 52 35 21 2021801501416910000241240                
0624250803  1  0  0  5  0  0  0  0  0  0  0  0  1  0  0  4  0  0  0  3  0  0  0  1  0  0  0  1  0  0  0  1  0  0  0  0  0  0  0  1  1  0  0  1  0  0  0  2  0  0  0  1  0  0  0  4  1  0  0  0  0  0  0  1  0  0  0  0  6  1  5111  3  1  2 51  0  0  0 17  0  0  0  2  2  1  4 69  1  0  0 1200002516830170141515                
0624250804  0  1  2 14  0  0  0  0  3  3  0  4  0  1  2 11  0  0  1  5  0  0  1  2  0  0  0  1  0  1  1  5  0  0  0  0  0  1  1  7  0  0  1  3  0  0  0  1  0  0  1  5  0  1  1  6  0  0  0  3  0  0  1  2  0  1  2  3 33 61 63466  2 16  4123  1  4  6 46  0  0  0  0 28 51 54480  0  1  0  601701515120140131621                
0624250805  1  2  1  6  0  0  0  0  0  0  0  0  1  2  1  6  0  0  0  2  0  0  0  1  1  1  0  2  0  1  0  2  0  0  0  1  1  2  1  2  0  0  0  2  0  0  0  2  0  2  0  1  0  0  1  3  1  0  0  2  0  0  1  3  0  1  0  3 16 17 27234  6  6 18129  0  1  0 25  4  1  4 32 23 29 33483  1  2  5 3600701114230160131684                
0624250806  0  2  0  3  0  1  0  0  2  0  0  0  0  2  0  3  0  2  0  1  0  1  0  1  0  0  0  0  0  1  0  2  0  1  0  1  0  0  0  2  0  1  0  0  0  1  0  1  0  1  0  1  0  0  0  2  0  1  0  0  0  0  0  2  0  1  0  2 67 46 50228 34 14 22104  1  2  3 19  6 12  5 45 38 31 24259  6  8  0 6800501216190070111404                
0624250807  1  1  3 13  0  0  0  0  0  0  0  0  1  1  1  8  0  0  1  2  0  0  1  1  0  0  0  1  0  1  1  5  0  0  0  0  1  0  0  6  0  0  1  0  0  1  0  2  1  0  1  3  0  0  2  6  0  1  0  4  1  0  0  4  0  0  1  7 49 40 34322  1  2  1 18  2  0  0  5  3  4  1 22 44 49 49386  0  1  1  50210201743010000                    
0624250808  1  2  0  5  0  0  0  0  0  0  0  0  1  2  0  5  0  1  0  1  0  1  0  0  0  0  0  3  1  2  0  0  0  0  0  2  1  1  0  4  0  1  0  1  0  0  0  0  0  1  0  0  0  0  0  4  1  1  0  1  0  0  0  1  0  0  0  1 32 27 31238 17 12 19 98 17 25 21220  0  0  0  2 22 22 28267  1  2  0  50120171370000000                    
0624250809  0  2  2  7  0  0  1  0  2  0  0  1  0  2  2  5  0  0  0  3  0  0  0  1  0  0  1  0  0  2  1  4  0  0  0  1  0  2  0  4  0  0  0  1  0  0  2  0  0  1  1  1  0  0  1  3  0  1  0  3  0  0  1  1  0  1  0  2 11 17 17192  4  3  7 95  0  0  0  3  6  6  4 62  5 11 15172  0  0  0  20220221497000000                    
0624250810  0  1  0  7  1  1  0  1  0  0  0  0  0  0  0  4  0  0  0  1  0  0  0  1  0  1  0  0  0  0  0  4  0  0  0  0  0  0  0  2  0  0  0  0  0  0  0  2  0  0  0  0  0  1  0  2  0  0  0  5  0  0  0  2  0  1  0  5 16 15 18294  9  8  8122  0  1  0 14  0  1  0  8  3  3  6140  2  1  2 5101401416850220221230                
0624250811  1  2  7 14  0  0  0  0  0  0  0  0  0  2  6  5  0  2  6  4  0  1  4  2  0  0  2  4  0  1  4  3  0  0  1  0  0  1  3  4  0  0  2  0  0  1  1  1  0  0  0  4  1  2  3  7  0  0  4  3  0  0  3  3  0  0  5  3 12 16 16304  1  3  4 77  1  3  1 15  0  1  1  1  5  9  5165  1  2  7 3701701514820140131621                
0624250812  1  5  2 12  0  0  0  0  0  0  0  0  1  5  2  9  1  5  2  7  1  3  2  5  0  0  0  0  1  3  2  6  1  3  1  7  1  2  0  7  0  2  1  2  0  1  1  0  1  2  0  5  0  3  1  4  0  0  1  3  1  2  1  2  1  2  1  1  4  5  1 47  2  3  1 31  8  6  7135  2  3  1 10  2  3  2 49  2  5  2 150150141477010000                    
0624250813  1  0  3 21  0  0  0  0  0  0  0  0  1  0  3 20  1  0  3 17  0  0  1 11  0  0  0  1  0  0  1 12  0  0  0  0  0  0  1 10  1  0  1  4  0  0  1  6  0  0  1  5  0  0  1 11  1  0  1  5  0  0  0  5  0  0  1  2 56 49 49265  1  4  0 21  0  0  0  1  0  0  0  0 44 38 28257  1  0  3 2501001413460070171200                
0624250814  1  1  4  9  0  1  0  0  0  0  0  0  1  1  4  8  1  1  4  8  1  1  3  6  0  0  1  0  1  1  3  6  0  1  0  1  0  1  4  4  0  0  0  1  1  0  0  3  0  0  2  3  1  1  2  4  0  0  0  2  1  1  2  3  0  0  1  2 21 24 23157 13 15  9 87  2  5  1 11  0  1  0  1 22 27 23198  2  2  4 3601601113180120141707                
0624250815  1  0  0  4  0  0  0  0  0  0  0  0  1  0  0  3  0  0  0  0  0  0  0  0  0  0  0  3  0  0  0  0  0  0  0  1  0  0  0  2  0  0  0  1  1  0  0  0  1  0  0  0  0  0  0  3  0  0  0  1  0  0  0  1  1  0  0  0  6 11  7 90  4  7  5 56 32 22 16133 13  9 16 93 16 15 20211 75 46 3617100002215830120081628                
0624250816  1  1  0 10  0  0  0  0  0  0  0  0  1  1  0  8  0  0  0  1  0  0  0  1  0  0  0  5  0  0  0  4  0  0  0  0  0  1  0  5  1  0  0  0  0  0  0  3  0  0  0  1  0  1  0  7  1  0  0  2  0  0  0  7  0  0  0  6  0  1  0  1  0  1  0  1  0  0  0  0  0  0  0  0  0  0  0  1  7  2  3 2101001017160180091468                
0624250901  2  3  5 33  0  0  0  0  0  0  0  0  2  3  5 31  0  0  1 17  0  0  0  6  1  1  1 12  1  0  1 17  0  0  1  3  2  2  2 21  0  0  1  8  0  1  2  2  0  0  2  8  1  0  2 13  1  3  1 12  1  0  1 12  1  1  0 11  5  9 10166  1  2  2 46  0  0  1 31  2  1  1  7  4  8 12205  2  3  5 6900000715450110111611                
0624250902  2  1  2  7  0  0  0  0  0  0  0  0  2  1  2  7  2  0  1  5  1  0  1  5  0  0  0  0  1  1  2  5  2  1  2  7  2  1  1  6  0  0  1  0  0  0  0  1  0  0  1  2  1  1  1  1  1  0  0  4  0  0  0  4  1  0  1  1  5  7 14136  3  5 10 80  2  1  3 41  7  3 10 86  5  6  3130 11 14 1410900601515550000101000                
0624250903  1  0  1  4  1  0  0  0  0  0  0  0  1  0  1  3  0  0  0  1  0  0  0  1  1  0  0  0  0  0  0  1  1  0  0  0  1  0  1  3  0  0  0  0  0  0  0  0  0  0  0  2  1  0  1  1  0  0  0  1  0  0  1  1  1  0  0  1 16 11 24194  6  5 12109  3  2  7 23 34 20 20139 16 15 20211  1  1  3 1101101514100000101571                
0624250904  2  3  2  4  0  0  0  0  0  0  0  0  2  3  2  3  2  3  1  2  2  3  0  2  0  0  0  1  2  3  1  3  0  0  0  0  2  2  1  2  0  1  1  1  0  0  0  0  0  1  0  1  1  0  2  1  1  2  0  2  0  2  0  0  0  1  2  2 94 87 52170 22 16 10 42 17  9  9 28 16 41  5782 61 40 29141  9 12  8 6201402015630100071669                
0624250905  2  3  1  5  0  0  0  0  0  0  0  0  2  3  1  5  1  3  1  5  0  0  0  0  0  2  0  3  2  3  1  3  1  3  1  2  2  1  1  2  0  2  0  2  0  0  0  1  0  2  0  2  1  0  1  2  1  1  0  1  1  0  0  0  0  2  0  1 89 76 79413  6  2  3 19 11 13  5 25  1  3  1  5 44 38 28257  4  3  4 2200001915440150111727                
0624250906  2  1  2 18  0  0  0  0  0  0  0  0  2  1  2 14  2  1  2 11  2  1  1  8  0  0  0  0  2  1  1 10  0  0  0  0  1  1  2  8  0  0  0  1  1  0  0  5  0  1  2  5  2  0  0  9  0  0  0  4  2  1  2  4  1  0  0  7  9 11 14216  4  3  4 87  0  0  1  5  0  0  0  4  6  6  2178  3  4  5 4201501017920070121597                
0624250907  2  3  1 13  0  0  0  0  0  0  0  0  2  3  1 10  2  1  1  6  0  0  0  0  0  0  0  4  0  2  0  8  0  0  0  0  1  2  0  9  0  0  0  0  1  1  1  1  0  0  0  4  1  3  1  6  1  0  0  3  1  1  1  4  0  2  0  4 84 58 59296 28 20 22106  0  0  0  0 38 52 25170 35 36 20197  1  0  0  90170181707000000                    
0624250908  2  4  0 11  0  0  1  0  0  0  0  0  2  4  0 10  1  4  0  7  1  4  0  6  0  0  0  0  1  4  0  7  0  0  0  0  1  4  0  6  0  0  0  3  1  0  0  1  0  1  0  2  1  3  0  7  1  0  0  2  0  1  0  2  1  0  0  5 49 30 47260 16 13 15 91 13  7  9 49  1  2  3 15 25 25 20191  8 10  7 7502102017430140131621                
0624250909  2  0  2  8  0  0  0  0  0  0  0  0  2  0  2  6  0  0  1  2  0  0  1  2  0  0  0  0  0  0  1  4  1  0  1  5  0  0  0  4  1  0  1  1  1  0  1  1  0  0  0  1  0  0  1  4  2  0  1  3  1  0  1  2  1  0  0  3 14  6 15259  7  2  7130 13  4 12153  1  1  1 14  3  3  6140  9  6 1211801601316840150111727                
0624250910  2  1  0  3  0  0  0  0  0  0  0  0  2  1  0  3  2  1  0  2  2  1  0  2  0  0  0  0  2  1  0  3  0  0  0  0  1  1  0  2  0  0  0  0  1  0  0  1  1  0  0  0  1  1  0  1  0  0  0  2  1  1  0  0  0  0  0  1 58 55 40373  1  4  1 17  0  2  1 24  2  0  2 24 44 49 49386 15  7 13 620060141491000000                    
0624250911  2  1  3 19  0  0  0  0  0  0  0  0  2  1  3 18  2  1  3 13  0  0  0  2  0  0  1  3  0  0  2 10  0  0  0  2  0  0  1 15  1  0  1  0  1  1  1  3  0  0  2  5  2  1  1  8  0  0  0  6  1  1  3  2  1  1  1  5 11 11 10171  3  4  5 76  4  4  7 68  1  0  2 16  7 10  5139  0  0  1 1201001216450140101685                
0624250912  2  0  4  5  0  0  0  0  0  0  0  0  2  0  4  5  1  0  3  2  1  0  1  0  1  0  4  1  1  0  3  0  0  0  0  0  2  0  3  2  0  0  1  2  0  0  0  1  0  0  1  1  1  0  0  1  1  0  3  3  2  0  0  2  1  0  3  2 37 56 43425 11 15 10158 17 22 18151  5  6  2 62 28 51 54480  9  8 1013100701114230110111611                
0624250913  0  0  0  2  0  0  0  0  4  1  4  3  0  0  0  2  0  0  0  0  0  0  0  0  0  0  0  0  0  0  0  0  0  0  0  2  0  0  0  2  0  0  0  0  0  0  0  0  0  0  0  1  0  0  0  1  0  0  0  0  0  0  0  2  0  0  0  0 26 24 22267  9 12  6 82  0  1  0  7  0  0  0  2 21 28 36269  3  1  1 1501201614100160171652                
0624250914  2  1  0 17  0  0  0  0  0  0  0  0  2  1  0 17  1  1  0 10  0  1  0  8  1  0  0  1  1  1  0 10  0  0  0  1  1  1  0 12  1  0  0  4  0  0  0  1  2  0  0  3  0  1  0  5  0  0  0  9  0  0  0  7  1  1  0  5 36 48 36256 21 30 17110  1  1  1 15  0  1  0 20 22 27 23198  7  6  7 7500601414910000111768                
0624250915  1  2  0 23  0  0  0  0  3  3  2  0  1  2  0 23  1  2  0 11  0  1  0  2  0  0  0  5  0  1  0 15  1  2  0  4  0  2  0 11  1  0  0  8  0  0  0  4  1  1  0  8  0  0  0 10  0  1  0  5  0  0  0  8  0  1  0 14 14 24 22340  5  9  7 96  1  3  2 47  1  2  1 33  7  8  8205  1  2  0 6801201416170110141563                
0624250916  2  4  2 10  0  0  0  0  0  0  0  0  2  4  2 10  0  1  1  3  0  1  1  3  0  0  0  1  0  1  1  3  2  4  0  8  1  0  1  7  1  2  1  1  0  2  0  2  1  0  1  2  0  1  1  3  1  3  0  5  0  1  1  3  0  1  2  1 43 52 54483 14 15 19198  3  5  2 22  6  7  2 17 27 43 41347  2  4  2 230150141477000000                    
0624251001  3  0  3  4  0  0  0  0  0  0  0  0  3  0  3  4  1  0  1  2  0  0  1  1  0  0  1  0  3  0  3  2  0  0  0  0  3  0  2  2  0  0  0  1  0  0  1  1  1  0  0  0  2  0  3  1  0  0  0  3  0  0  0  1  1  0  1  2 21 27 18301  2  3  3 35  0  0  0  9  0  3  0 24 13 12 18299 17 14 1811401901217930080132000                
0624251002  3  4  7 27  0  0  0  0  0  0  0  0  2  0  2 16  1  0  1 12  0  0  0  2  0  1  0  1  1  0  1 12  0  0  0  4  2  0  2 11  0  0  0  4  0  0  0  1  1  0  1  5  2  3  1 10  0  1  5 11  0  2  2  7  0  3  1 14 12 16 16304  0  1  1 17  4  0  0 67  5  3  1 71  5  9  5165 10  7 14 7800601214250210201897                
0624251003  3  2  1 13  0  0  0  0  0  0  0  0  3  2  1 11  3  2  1  8  0  0  0  1  0  0  0  0  3  2  1  8  0  0  0  1  2  1  1  6  1  1  0  2  0  0  0  3  1  0  0  2  1  1  0  4  1  1  1  7  0  1  0  5  1  0  0  5 56 49 49265  1  2  1  4  8  3  5 35  0  0  1 10 44 38 28257  0  0  1  901901616730170141485                
0624251004  3  1  3 11  0  0  0  0  0  0  0  0  2  1  2 10  2  1  1  9  0  1  1  3  0  0  0  4  2  1  1  9  0  0  0  0  2  1  1  7  0  0  1  2  0  0  0  1  1  0  3  1  1  0  0  4  1  1  0  6  0  0  2  2  1  1  2  6 33 61 63466  4  6  6 43  3  0  1 18  0  0  0  2 28 51 54480  0  1  0  101601318460170141485                
0624251005  3  4  0 19  0  0  0  0  0  0  0  0  0  0  0  4  0  0  0  2  0  0  0  0  0  0  0  0  0  0  0  3  0  0  0  1  0  0  0  2  0  0  0  2  0  0  0  0  1  0  0  7  2  2  0  8  0  2  0  4  1  2  0  7  2  0  0  6  9  7 24260  2  0  1 14  1  1  2 48  3  2  3 36  4  8 12205 60 46 4153301601314840100071825                
0624251006  3  0  1  5  0  0  0  0  0  0  0  0  3  0  1  5  3  0  1  5  2  0  0  2  0  0  0  1  3  0  1  5  0  0  0  0  1  0  1  4  0  0  0  1  2  0  0  0  1  0  1  1  1  0  0  2  1  0  0  2  1  0  0  2  1  0  1  2 42 41 39333  3  5  8 50 11  0  0 32  1  0  2  7 27 43 41347 18  7  9 8002202017650100111244                
0624251007  3  4  8 12  0  0  0  0  0  0  0  0  3  4  8 10  0  0  1  1  0  0  1  1  1  2  3  3  3  2  5  6  2  1  4  5  2  2  6  7  1  0  2  1  0  2  0  2  1  2  3  4  0  1  4  5  2  1  1  3  1  3  2  3  0  1  2  5 16 17 27234  3  5  4 33 49 54 69782  2  3  6 45 23 29 33483  4  5 10 540170141485000075                    
0624251008  3  0  2  4  0  0  0  0  0  0  0  0  3  0  2  4  3  0  0  3  3  0  0  1  0  0  0  1  3  0  1  4  3  0  2  3  3  0  2  4  0  0  0  0  0  0  0  0  2  0  0  1  1  0  1  2  0  0  1  1  0  0  1  2  0  0  0  1 20 14 11213  5  2  3 24 43 34 41416  9  3  3 62 16 13 21306  9  6  611702001715480230161874                
0624251009  3  3  1  5  0  0  0  0  0  0  0  0  3  3  0  1  3  0  0  1  0  0  0  0  0  0  0  0  3  3  0  1  0  0  0  0  3  2  0  1  0  1  0  0  0  0  0  0  2  0  0  2  0  2  1  2  1  1  0  1  0  0  0  4  2  1  1  1 37 29 23118  5  3  2 13  0  0  0  1  6  2  4  4 61 40 29141  4  4  0 1201601514900200001425                
0624251010  3  4  8 15  0  0  0  0  0  0  0  0  3  4  8 14  3  3  5 10  0  3  3  4  0  0  1  2  3  3  5 14  0  0  1  1  2  2  8 12  0  1  0  1  1  1  0  1  1  3  4  2  0  1  3  7  2  0  1  6  1  1  1  4  0  2  6  5 21 25 32143  0  1  6 22  6  5  3 35  3  3  3 42 21 28 36269 10 12 12 920170141485000075                    
0624251011  3  6  1  7  0  0  0  0  0  0  0  0  3  6  1  4  3  6  1  4  0  0  0  0  0  1  0  3  3  5  0  4  2  0  0  0  3  3  0  3  0  3  0  0  0  0  1  1  0  1  1  1  2  2  0  4  1  3  0  2  0  1  1  3  2  5  1  3 10  2  4149  0  0  0  1  2  0  0  0  2  0  0  0  4  1  3 44  3  6  1  702601012000210001433                
0624251012  3  2  4  4  0  0  0  0  0  0  0  0  3  2  4  4  3  0  3  3  0  0  0  0  0  0  0  0  2  0  2  4  0  0  0  0  3  2  2  2  0  0  0  2  0  0  2  0  0  0  2  0  0  1  2  3  3  1  0  1  0  0  1  1  0  1  2  4 55 39 28206  7  6  5 40  3  4  3 17  1  1  0  8 35 36 20197 22 18 25 7402001715480170181889                
0624251013  3  3  1  9  0  0  0  0  0  0  0  0  3  3  1  9  1  2  0  5  0  0  0  2  2  1  1  5  2  3  0  7  0  0  0  0  3  3  0  9  0  0  1  0  0  0  0  0  1  1  1  0  0  1  0  3  2  1  0  6  0  1  1  1  2  0  1  4 67 46 50228  9  9  6 37  7 10  6 31 15  8 12 60 38 31 24259  9  7  3 8202403913140140002400                
0624251014  3  1  4 17  0  0  0  0  0  0  0  0  3  1  4 17  2  1  1 10  2  1  1  5  0  0  0  0  3  1  2 14  0  0  0  1  2  1  1 14  0  0  3  2  1  0  0  1  3  1  3  8  0  0  1  7  0  0  0  2  2  1  2  6  0  1  0  4 12 21 22215  2  1  2 20  0  0  1 15  0  0  2 12 24 35 36427  3  1  4 400100081705000012                    
0624251015  3  1  2 13  0  0  0  0  0  0  0  0  0  0  0  2  0  0  0  0  0  0  0  0  0  1  2  2  0  0  0  1  0  0  0  1  0  0  0  2  0  0  0  0  0  0  0  0  2  0  1  4  1  0  1  6  0  1  0  3  0  0  0  2  1  0  1  4 49 40 34322  2  0  0  8  3  2  4 38  4  8  5 39 44 49 49386 26 17 1915801402015640230161874                
0624251016  3  1  2  4  0  0  0  0  0  0  0  0  3  1  2  4  3  0  1  1  0  0  0  0  1  0  0  0  2  0  2  2  1  0  1  1  2  1  1  3  1  0  1  1  0  0  0  0  1  0  0  1  1  1  2  2  1  0  0  1  0  1  1  1  1  0  0  0 17 24 22352  0  0  1 30  2  1  2 15  2  0  1 14  7  8  8205 11 10 11 6601901516110060151300                
0624251101  2  2  8 10  0  0  0  0  0  0  0  0  2  2  8  9  1  1  7  4  0  0  0  1  0  0  0  1  1  1  7  3  0  0  0  0  1  2  7  7  0  0  0  1  1  0  1  1  0  1  3  3  0  0  2  5  2  1  3  2  0  2  2  4  0  2  0  5 21 21 26327  0  4  3 38  0  0  0  1  0  0  0 10 11 18 22306  0  2  6 1302102018970110111783                
0624251102  4  2  1  6  0  0  0  0  0  0  0  0  4  2  1  6  3  1  0  2  0  0  0  0  0  0  0  1  0  0  1  1  0  0  0  0  3  1  0  6  1  1  0  0  0  0  1  0  1  0  1  2  2  2  0  1  1  0  0  3  2  0  1  1  2  1  0  2 14 15 15247  3  3  0 14 20 25 29301  5  4  7 60  5 11 15172 15  8 1010201001217340160131846                
0624251103  5  6  3 19  0  0  0  0  0  0  0  0  4  6  3 16  2  1  1  3  1  0  0  1  2  1  0  7  3  2  2  9  2  2  1  6  4  5  3 13  0  0  0  2  0  1  0  1  1  1  2  5  3  1  1  6  1  4  0  8  2  2  0  7  2  4  0  9 11 11 10171  2  1  2 20 12 10 15193  4  7  7 89  7 10  5139 13 19 1728501601719150200191400                
0624251104  3  0  0  9  0  0  0  0  0  0  0  0  3  0  0  9  0  0  0  1  0  0  0  0  0  0  0  1  1  0  0  8  2  0  0  5  2  0  0  8  1  0  0  1  0  0  0  0  2  0  0  2  1  0  0  4  0  0  0  3  1  0  0  2  0  0  0  4  9 11 14216  0  3  1 13  4  2  3 36 33 35 57903  6  6  2178  4  2  2 5901401416600120141700                
0624251105  1  1  0  5  0  0  0  0  0  0  0  0  1  1  0  5  0  0  0  1  0  0  0  0  0  0  0  0  0  1  0  3  0  1  0  2  0  1  0  5  1  0  0  0  0  0  0  0  1  0  0  2  0  0  0  0  0  1  0  3  0  0  0  1  0  1  0  0  2  2  4 82  0  0  0  3 13 11 15188  2  5  8 58  1  3  4100 24 29 3327601401317580210201897                
0624251106  4  1  3 16  0  0  0  1  0  0  0  0  4  1  3 16  4  0  1  4  0  0  1  0  0  1  0  4  0  1  3 12  3  1  3  9  4  1  3 12  0  0  0  1  0  0  0  3  1  1  1  4  2  0  2  7  1  0  0  5  0  0  1  5  1  0  1  8 10 12  7107  0  0  1  0 25 29 17193  8  9  5 48  4  1  3 44 14 14  9 8902301618740070151600                
0624251107  4  2  1  8  0  0  0  0  0  0  0  0  4  2  1  8  3  0  0  1  0  0  0  0  0  0  0  4  2  1  0  5  1  0  0  1  4  2  1  7  0  0  0  1  0  0  0  0  0  1  0  2  3  1  0  4  1  0  1  2  1  1  0  2  3  1  0  1 89 76 79413  0  1  2  5 22 17 14 93  1  1  1  8 44 38 28257 17  6  8 9602001817770140002400                
0624251108  1  3  0  4  0  0  0  0  0  0  0  0  1  3  0  4  0  1  0  0  0  1  0  0  0  1  0  0  1  2  0  3  0  0  0  0  0  1  0  3  1  1  0  1  0  1  0  0  1  2  0  1  0  1  0  2  0  0  0  1  0  1  0  1  0  0  0  2 16 11 24194  2  2  3 32 32 22 16133 69 69 54341 16 15 20211  3 11  3 1902202017650150041133                
0624251109  3  1  3  5  0  0  0  0  0  0  0  0  3  1  3  3  0  0  0  0  0  0  0  0  0  0  2  1  1  0  2  3  0  0  0  0  2  1  1  2  1  0  2  1  0  0  0  0  3  0  2  1  0  1  1  4  0  0  0  0  0  0  1  1  0  0  1  3 14 24 22340  1  0  1 27  0  0  0  0  0  0  0  0  7  8  8205 14  9 11 4701501119010110111783                
0624251110  3  1  0  7  0  0  0  0  0  0  0  0  3  1  0  7  0  1  0  3  0  1  0  0  1  0  0  0  3  1  0  5  0  0  0  0  3  1  0  5  0  0  0  1  0  0  0  1  0  0  0  3  1  1  0  2  2  0  0  2  1  0  0  1  2  1  0  3 17 22 18329  2  1  0 29  0  1  2 18  1  0  0 12 23 29 33483 11  5  5 400170181889000009                    
0624251111  4  3  3  5  0  0  0  0  0  0  0  0  4  3  3  5  1  1  1  2  0  1  0  0  0  0  1  0  1  2  3  2  0  0  0  0  1  3  2  5  3  0  1  0  0  0  0  0  1  1  1  2  2  2  1  3  1  0  1  0  1  1  1  1  1  3  0  2 58 55 40373  1  0  1  8  3  0  1  7  1  1  3 14 44 49 49386  6  5  9 160170151553000018                    
0624251112  4  5  0  3  0  0  0  0  0  0  0  0  4  5  0  3  1  0  0  1  0  0  0  0  0  2  0  3  3  0  0  1  1  0  0  1  2  3  0  3  2  2  0  0  0  0  0  0  1  2  0  2  2  1  0  1  1  2  0  0  0  1  0  1  1  2  0  1 43 52 54483  4  9  6 46 11  0  0 32  2  4  3 27 27 43 41347  4  6  0  501901217930210201897                
0624251113  5  1  2  8  0  0  0  0  0  0  0  0  5  1  2  8  2  0  1  6  0  0  0  2  2  0  2  3  3  0  1  3  1  0  0  0  4  1  1  5  1  0  0  2  0  0  1  1  2  0  1  3  2  1  1  3  1  0  0  2  1  0  0  2  2  0  2  2 94 87 52170  8  8  2 17 64 34 21 80 25 18  8 53 61 40 29141  7  1  3 1602301618740170181853                
0624251114  3  5  4  7  0  0  0  0  0  0  0  0  3  5  4  7  0  2  1  1  0  0  1  1  0  0  1  1  1  2  2  5  0  1  0  0  3  4  3  6  0  1  1  1  0  0  0  0  3  3  1  2  0  2  2  0  0  0  1  5  1  2  2  1  0  2  1  1 84 58 59296 14  4  7 44 12  8 10 44 63 59 33229 35 36 20197 10 12 14 9302102018970230161874                
0624251115  4  3  1  9  0  0  0  0  0  0  0  0  4  3  1  9  1  0  1  2  0  0  0  0  1  0  0  2  2  2  0  8  4  3  1  7  4  3  1  6  0  0  0  1  0  0  0  2  2  3  0  5  1  0  0  4  1  0  1  0  0  1  0  5  1  1  1  3 14  6 15259  0  0  2 13 14  6  5 71  5  3  2 39  3  3  6140  8  4  2 6001100915000080132000                
0624251116  2  0  0  6  0  0  0  0  0  0  0  0  2  0  0  6  1  0  0  1  0  0  0  0  0  0  0  1  1  0  0  5  0  0  0  0  2  0  0  5  0  0  0  1  0  0  0  0  1  0  0  0  1  0  0  2  0  0  0  4  0  0  0  1  2  0  0  3 81 62 52291 10 11 13 28  6  1  3 14 25 21 22102 38 31 24259 28 16 2510902202017650170141485                
0624251201  2  3  2  2  0  0  0  0  0  0  0  0  1  3  2  0  1  3  1  0  1  0  0  0  0  2  0  0  1  3  1  0  1  1  0  0  1  2  1  0  0  1  0  0  0  0  1  0  0  1  0  0  2  1  2  2  0  1  0  0  1  0  1  1  1  1  2  1 67 46 50228  9  9  6 37  7 10  6 31  2  1  2  8 38 31 24259 14 14 1111000701413000140081868                
0624251202  2  4  5 10  0  0  0  0  0  0  0  0  2  4  5 10  0  2  3  3  0  2  2  1  0  0  2  1  1  3  5  5  1  0  1  0  2  2  5  7  0  1  0  2  0  1  0  1  1  1  3  4  0  3  2  3  1  0  0  3  1  3  1  2  0  0  3  5 37 29 23118  5  3  2 13 51 24 25111  3  1  2  7 61 40 29141 33 37 2414002301618740150041133                
0624251203  2  2  0  6  0  0  0  0  0  0  0  0  2  2  0  6  2  2  0  6  0  0  0  2  0  0  0  1  2  2  0  6  0  0  0  0  2  2  0  5  0  0  0  0  0  0  0  1  0  0  0  0  0  2  0  5  2  0  0  1  1  1  0  1  0  0  0  3 56 49 49265  1  2  1  4  1  1  1 16  4  3  4 35 44 38 28257  4  4  7 4001701414850210201897                
0624251204  2  5  1  3  0  0  0  0  0  0  0  0  2  5  1  2  2  4  1  2  0  1  0  1  0  1  0  0  2  4  1  2  1  2  0  0  2  3  0  0  0  1  0  1  0  1  1  1  1  2  0  2  0  3  1  1  1  0  0  0  0  0  1  1  0  1  1  1 17 24 22352  0  0  1 30  5  8  8131  1  2  0  0  7  8  8205  3  5  1 160180191412000000                    
0624251205  2  0  0  6  0  0  0  0  0  0  0  0  0  0  0  3  0  0  0  1  0  0  0  0  0  0  0  0  0  0  0  2  2  0  0  6  0  0  0  3  0  0  0  0  0  0  0  0  0  0  0  0  0  0  0  2  2  0  0  4  0  0  0  2  0  0  0  3  4  5  1 47  0  0  0  3 10 12 13116  2  2  2 17  2  3  2 49  3  3  4 3502202217680160131846                
0624251206  2  2  4 16  0  0  0  0  0  0  0  0  2  2  4 16  2  2  2 12  0  0  1  2  0  0  0  0  2  2  3 11  2  1  0  7  1  2  4 11  1  0  0  2  0  0  0  3  0  1  1  3  2  1  1  9  0  0  2  4  0  1  0  7  1  0  1  4 33 61 63466  4  6  6 43  3 12  6 97 14  2  3180 28 51 54480 23 39 4032101801914120070091125                
0624251207  2  3  2 12  0  0  0  0  0  0  0  0  2  3  2 11  2  2  2 10  0  0  0  1  0  0  0  1  2  1  2  9  0  0  0  1  1  3  2  8  1  0  0  2  0  0  0  1  0  1  1  1  0  0  0  4  2  2  1  7  1  1  1  3  0  1  2  4 49 40 34322  2  0  0  8  3  2  4 38  5  4  1  6 44 49 49386  7  8  5 3801701414850130001200                
0624251208  2  0  3 10  0  0  0  0  0  0  0  0  2  0  3 10  2  0  3 10  2  0  1  3  0  0  0  1  2  0  3  9  1  0  0  0  2  0  2  6  0  0  1  1  0  0  0  3  0  0  0  3  2  0  3  6  0  0  0  1  0  0  1  3  1  0  2  4 55 39 28206  7  6  5 40  7  6  2 19  7  5  5 49 35 36 20197  8  5  910701701515530010001600                
0624251209  2  3  1 15  0  0  0  0  0  0  0  0  2  3  1 14  2  3  0 13  0  0  0  1  0  0  0  1  2  3  0 13  0  0  0  1  2  3  1 10  0  0  0  2  0  0  0  2  0  1  0  1  0  0  0  6  2  2  1  8  1  1  0  3  1  2  1  3 21 25 32143  0  1  6 22  0  0  1  3  3  3  3 42 21 28 36269  2  3  1 3400800612090170141485                
0624251210  2  1  1 23  0  0  0  0  0  0  0  0  2  1  1 22  1  1  1 18  0  0  1  8  1  0  0  1  1  1  1 17  0  0  0  4  1  1  1 14  1  0  0  2  0  0  0  6  1  0  1  8  1  0  0 12  0  1  0  3  0  0  0  7  1  0  0  4 12  7 15158  2  1  4 18  0  0  0  5  0  0  0 11  8  8 12191  6  6  213701200416050180091185                
0624251211  2  0  0 12  0  0  0  0  0  0  0  0  2  0  0 12  0  0  0  1  0  0  0  1  1  0  0  4  2  0  0 10  0  0  0  4  2  0  0  9  0  0  0  2  0  0  0  1  0  0  0  5  1  0  0  5  1  0  0  2  0  0  0  2  0  0  0  4 21 19 28226  2  3  3 53 13 19 15164  0  0  0 12 11 18 22306  5  3  2 6501901217930090061700                
0624251212  1  2  0 13  0  0  0  0  2  1  0  0  1  2  0 10  0  1  0  4  0  0  0  0  0  1  0  2  0  0  0  4  1  1  0  3  0  2  0  7  1  0  0  1  0  0  0  2  0  0  0  3  1  1  0  5  0  1  0  5  0  0  0  2  1  1  0  4 12 16 16304  0  1  1 17  4  4  0 28  1  1  0  3  5  9  5165  4  6  0 3401701414850210201897                
0624251213  2  2  0 11  0  0  0  0  0  0  0  0  2  2  0 10  2  2  0  6  0  2  0  2  0  0  0  1  2  2  0  6  1  1  0  2  1  1  0  8  1  0  0  2  0  1  0  0  1  1  0  5  1  1  0  5  0  0  0  1  0  2  0  4  1  0  0  2 12 21 22215  2  1  2 20  5  5  2 24 13 15 14121 24 35 36427 17 18 1719901201513600050161100                
0724110101                                                                                                                                                                                                             15  7  6 77  3  1  2 19  0  0  0  9  0  2  0  3  9  9  5 90  6  4  5 5501201016160000111733                
0724110102  0  0  0  1  0  0  0  0  0  0  0  0  0  0  0  1  0  0  0  0  0  0  0  0  0  0  0  0  0  0  0  0  0  0  0  0  0  0  0  1  0  0  0  0  0  0  0  0  0  0  0  1  0  0  0  0  0  0  0  0  0  0  0  0  0  0  0  1  3  4  5 81  0  0  0  0  2  0  2 29  0  0  0  2  7  8  5125  4  5  2 5801601315010110071582                
0724110103  0  1  0  2  0  0  0  0  0  0  0  0  0  1  0  2  0  0  0  0  0  0  0  0  0  0  0  0  0  0  0  0  0  1  0  1  0  1  0  2  0  0  0  0  0  0  0  0  0  1  0  1  0  0  0  1  0  0  0  0  0  0  0  0  0  0  0  0  2  1  4 83  0  0  0  8 45 48 41445  4  2  7 80 10 12 26256  3  3  2 5801701514820130231704                
0724110104  0  0  0  2  0  0  0  0  0  0  0  0  0  0  0  0  0  0  0  0  0  0  0  0  0  0  0  0  0  0  0  0  0  0  0  0  0  0  0  0  0  0  0  0  0  0  0  0  0  0  0  2  0  0  0  0  0  0  0  0  0  0  0  0  0  0  0  0  1  2  3 48  1  1  2 14  5  0  0 42  0  1  0  5 15  7 15193 13  7 15 870130121493000000                    
0724110105                                                                                                                                                                                                             10  5  7162  2  2  2 57  0  0  0  2  0  0  0  2  6  6  7106  0  0  0  000801615450170081619                
0724110106  0  0  0  4  0  0  0  0  0  0  0  0  0  0  0  1  0  0  0  1  0  0  0  0  0  0  0  0  0  0  0  1  0  0  0  0  0  0  0  0  0  0  0  1  0  0  0  0  0  0  0  2  0  0  0  2  0  0  0  0  0  0  0  1  0  0  0  2  7 10 12181  2  3  3 55  0  0  1  0  2  3  1 43 19 18 18261  0  0  0 1001801213280080161545                
0724110107  0  0  0  3  0  0  0  0  0  0  0  0  0  0  0  3  0  0  0  2  0  0  0  0  0  0  0  0  0  0  0  1  0  0  0  0  0  0  0  2  0  0  0  0  0  0  0  1  0  0  0  0  0  0  0  3  0  0  0  0  0  0  0  0  0  0  0  1  5  7  5213  2  2  1 63  0  0  2 30  0  0  0  2  8 12  5167  9  4 131790070141572000000                    
0724110108  0  0  0  5  0  0  0  0  0  0  0  0  0  0  0  5  0  0  0  4  0  0  0  0  0  0  0  1  0  0  0  2  0  0  0  0  0  0  0  4  0  0  0  1  0  0  0  0  0  0  0  2  0  0  0  0  0  0  0  3  0  0  0  3  0  0  0  1 16 21 25196  4  7 12 48  7 11  5 19  1  4  3 27 35 44 35295  4  3  1 1301402015630170141515                
0724110109  0  1  2  2  0  0  0  0  0  0  0  0  0  1  2  0  0  1  1  0  0  0  0  0  0  0  0  0  0  1  2  0  0  0  0  0  0  1  2  0  0  0  0  0  0  0  0  0  0  0  1  0  0  1  0  1  0  0  1  1  0  0  0  0  0  1  0  1 26 23 29270  3  3 10 57  0  0  0  2  3  6  6 46 27 33 42287 16 14 1813001701615800150041400                
0724110110  0  0  1  2  0  0  0  0  0  0  0  0  0  0  1  2  0  0  0  0  0  0  0  0  0  0  1  0  0  0  0  0  0  0  0  1  0  0  1  0  0  0  0  2  0  0  0  0  0  0  0  0  0  0  1  2  0  0  0  0  0  0  1  1  0  0  1  1 25 28 20251  5  1  2 34  0  0  3  2  0  0  0  1 28 19 21312  1  0  3  4009000    0120011200                
0724110111  0  0  0  6  0  0  0  0  0  0  0  0  0  0  0  2  0  0  0  0  0  0  0  0  0  0  0  0  0  0  0  1  0  0  0  0  0  0  0  1  0  0  0  1  0  0  0  0  0  0  0  2  0  0  0  3  0  0  0  1  0  0  0  1  0  0  0  3  0  0  2 31  0  0  0  5  0  0  0  1  0  1  1 23  3  0  2 56 18 26 3341101601113180080171626                
0724110112                                                                                                                                                                                                              0  0  4 37  0  0  2 12  0  0  0  0  1  0  0  1  1  0  1 35  6 10  8 4100701616650230161755                
0724110113  0  0  0  2  0  0  0  0  0  0  0  0  0  0  0  2  0  0  0  0  0  0  0  0  0  0  0  0  0  0  0  0  0  0  0  0  0  0  0  2  0  0  0  0  0  0  0  0  0  0  0  0  0  0  0  2  0  0  0  0  0  0  0  0  0  0  0  1 10  4  9110  4  0  4 26  0  1  0  1  0  0  0  0 19 23 16215  0  0  0  200701616650140121422                
0724110114  0  0  0  4  0  0  0  0  0  0  0  0  0  0  0  0  0  0  0  0  0  0  0  0  0  0  0  0  0  0  0  0  0  0  0  1  0  0  0  0  0  0  0  0  0  0  0  0  0  0  0  1  0  0  0  0  0  0  0  3  0  0  0  2  0  0  0  0  2  3  2 73  0  1  1  7  0  0  0  5  0  0  0  7  1  2  3 36  1  0  1 2201301315520110151410                
0724110115  0  0  0  2  0  0  0  0  0  0  0  0  0  0  0  0  0  0  0  0  0  0  0  0  0  0  0  0  0  0  0  0  0  0  0  0  0  0  0  0  0  0  0  0  0  0  0  0  0  0  0  1  0  0  0  1  0  0  0  0  0  0  0  1  0  0  0  0  5  2  5 62  1  1  0  8  0  0  0  3  0  0  0  0  3  5  4 73  1  0  0 1500502114640000111768                
0724110116  0  0  0  1  0  0  0  0  0  0  0  0  0  0  0  0  0  0  0  0  0  0  0  0  0  0  0  0  0  0  0  0  0  0  0  0  0  0  0  0  0  0  0  0  0  0  0  0  0  0  0  1  0  0  0  0  0  0  0  0  0  0  0  0  0  0  0  1  3  3  3 97  2  1  1 34  1  0  0 18  0  0  0  4 13 11 11199  2  3  2 1900400818000060121241                
0724110201                                                                                                                                                                                                             25 28 20251  0  4  4 18  4  7  6 43  2  3  0 21 28 19 21312  4 11 10 7400701413000090001390                
0724110202                                                                                                                                                                                                              2  5  6129  0  0  0 10  2  0  2  7  2  0  2 25 10  9 17212  9 11 14 740110151354000000                    
0724110203                                                                                                                                                                                                              2  3  2 73  0  0  0  5  0  0  0  4  0  0  0  0  1  2  3 36  0  0  0  001601719150140131602                
0724110204                                                                                                                                                                                                             11 13  6 83  1  0  1  7  2  3  4 27  0  1  0  1 26 15 22193  4  2  1 1002202217680090181400                
0724110205                                                                                                                                                                                                              7  8  4164  0  0  0  2  0  1  1 31 10  7 12143 10  9  7302  0  0  0  90120091668000000                    
0724110206                                                                                                                                                                                                              3  2  6101  0  1  1 14  0  0  0 15  0  0  0  0 15 17 11176  0  0  0  301601314840310081200                
0724110207                                                                                                                                                                                                             20 17 15121  0  1  1  6 32 40 31247  0  0  0  2 14 14 15115  0  0  0  001601112300100071787                
0724110208  0  0  0  2  0  0  0  0  0  0  0  0  0  0  0  2  0  0  0  2  0  0  0  0  0  0  0  0  0  0  0  2  0  0  0  0  0  0  0  2  0  0  0  0  0  0  0  0  0  0  0  1  0  0  0  1  0  0  0  0  0  0  0  1  0  0  0  1  6  6 14133  1  3  3  9  0  0  0  2  2  2  1 22  5  5  9136  4 21 14 9602202017650170141485                
0724110209                                                                                                                                                                                                              5  2  5 62  0  0  1  7  0  1  0  1  0  0  1  2  3  5  4 73  1  2  3  901001017620080171353                
0724110210  0  0  0  4  0  0  0  0  0  0  0  0  0  0  0  4  0  0  0  1  0  0  0  0  0  0  0  1  0  0  0  0  0  0  0  0  0  0  0  3  0  0  0  0  0  0  0  1  0  0  0  2  0  0  0  1  0  0  0  1  0  0  0  2  0  0  0  1  0  0  0  0  0  0  0  0  0  1  0  1  0  0  0  0  0  0  0  0  0  0  0  40200171548000000                    
0724110211  0  0  0  5  0  0  0  0  0  0  0  0  0  0  0  3  0  0  0  0  0  0  0  0  0  0  0  0  0  0  0  0  0  0  0  4  0  0  0  2  0  0  0  1  0  0  0  0  0  0  0  2  0  0  0  2  0  0  0  1  0  0  0  2  0  0  0  1  0  2  9 59  0  0  4  7  5 10  9140  1  1  4 51  4  4  7 52  1  1  3 230100101762000000                    
0724110212                                                                                                                                                                                                              8 13  5125  2  1  0 22  4  3  1 20  0  0  0  2 20 28 23288  0  0  0  001601112300160171915                
0724110213  0  1  0  2  0  0  0  0  0  0  0  0  0  1  0  2  0  1  0  0  0  0  0  0  0  0  0  0  0  1  0  1  0  1  0  0  0  1  0  2  0  0  0  0  0  0  0  0  0  0  0  1  0  1  0  0  0  0  0  1  0  1  0  0  0  0  0  0  1  3  1 62  0  0  0  2  1  1  5 25  0  1  0  0  6  2  9154  0  1  0  20210191850000000                    
0724110214                                                                                                                                                                                                              0  0  2 31  0  0  0  1  1  1  3 84  0  0  0  0  3  0  2 56  0  0  0  301200416050080201833                
0724110215                                                                                                                                                                                                             10  5  7162  3  2  1 28  1  0  3 10  2  1  4 32  6  6  7106  7 11  8 8101701616960230161874                
0724110216  0  2  2  1  0  0  0  0  0  0  0  0  0  2  2  1  0  1  2  0  0  0  0  0  0  0  1  1  0  1  1  0  0  0  0  0  0  1  2  1  0  1  0  0  0  0  0  0  0  1  0  0  0  1  0  1  0  0  2  0  0  1  1  1  0  1  1  0 26 23 29270  4  4  3 30  1  0  0  4  0  3  1 11 27 33 42287  0  2  2 1502202217680210201897                
0724110217  0  0  0  2  0  0  0  0  0  0  0  0  0  0  0  2  0  0  0  1  0  0  0  0  0  0  0  0  0  0  0  1  0  0  0  0  0  0  0  2  0  0  0  0  0  0  0  0  0  0  0  1  0  0  0  0  0  0  0  1  0  0  0  0  0  0  0  1  5  7  5213  2  0  1 24  1  1  0  7  0  0  0  6  8 12  5167  2  2  5 530140101600000000                    
0724110218                                                                                                                                                                                                             16 21 25196  5  2  3 23  6 13  7 41  0  2  1  8 35 44 35295  5  5  5 3401400717160140131602                
0724110301  0  0  0  1  0  0  0  0  0  0  0  0  0  0  0  1  0  0  0  0  0  0  0  0  0  0  0  0  0  0  0  1  0  0  0  0  0  0  0  1  0  0  0  0  0  0  0  0  0  0  0  0  0  0  0  1  0  0  0  0  0  0  0  1  0  0  0  0  1  4  3 54  1  2  1  5  0  1  0 14  0  0  0  5  3  5  4 73  0  0  0  701501415610130232000                
0724110302                                                                                                                                                                                                              0  3  3 40  0  0  0  0  3  0  1 15  0  0  0  6  7  8  5125  5  4  3 4402001716680100071787                
0724110303                                                                                                                                                                                                              4  3  0 37  0  1  0  9  0  0  0  0  1  3  2 21  9  9  5 90  4  2  0  401601719150500001800                
0724110304  0  2  2  5  0  0  0  0  0  0  0  0  0  2  2  5  0  0  0  2  0  0  0  0  0  0  1  1  0  0  0  1  0  0  0  2  0  2  1  4  0  0  0  0  0  0  1  1  0  1  0  2  0  1  2  1  0  0  0  2  0  0  0  1  0  0  2  1 30 28 24181  6  6  6 50 13 22 20161  9 11 11 86 27 33 42287  4 10  7 5200800517140080132000                
0724110305  0  2  0  1  0  0  0  0  0  0  0  0  0  2  0  1  0  0  0  0  0  0  0  0  0  0  0  0  0  1  0  0  0  0  0  0  0  2  0  1  0  0  0  0  0  0  0  0  0  2  0  0  0  0  0  0  0  0  0  1  0  0  0  1  0  0  0  0  6  4  8 93  2  1  1 21 20  7 15126  3  2  4 67 19 23 16215 22 29 181510140071716000000                    
0724110306  0  0  0  2  0  0  0  0  0  0  0  0  0  0  0  2  0  0  0  0  0  0  0  0  0  0  0  0  0  0  0  2  0  0  0  0  0  0  0  2  0  0  0  0  0  0  0  0  0  0  0  1  0  0  0  1  0  0  0  0  0  0  0  1  0  0  0  0  4  4  4 97  0  0  1 12  1  0  0  7  0  1  0 10 13 11 11199  0  0  0  201701516050160161981                
0724110307  0  1  0  2  0  0  0  0  0  0  0  0  0  0  0  1  0  0  0  0  0  0  0  0  0  0  0  0  0  0  0  0  0  0  0  0  0  0  0  1  0  0  0  0  0  0  0  0  0  1  0  0  0  0  0  2  0  0  0  0  0  0  0  1  0  0  0  1 10 18 13 93  4  6  4 25 22 13 16 79  0  0  0  1 14 14 15115  3  3  1  901901217930160161981                
0724110308                                                                                                                                                                                                              7 16 10 89  1  5  2  7 16 12  8 62 58 62 53296 26 15 22193 29 22 22 9301601718850140131602                
0724110309  0  0  0  2  0  0  0  0  0  0  0  0  0  0  0  2  0  0  0  0  0  0  0  0  0  0  0  0  0  0  0  1  0  0  0  0  0  0  0  1  0  0  0  1  0  0  0  0  0  0  0  1  0  0  0  0  0  0  0  1  0  0  0  1  0  0  0  0 13  9 17181  1  1  1 41 27 26 22289  4  0  1 19 19 18 18261  7  0  0 220170151605000000                    
0724110310  0  0  0  6  0  0  0  0  0  0  0  0  0  0  0  6  0  0  0  1  0  0  0  0  0  0  0  2  0  0  0  5  0  0  0  0  0  0  0  4  0  0  0  1  0  0  0  1  0  0  0  2  0  0  0  3  0  0  0  1  0  0  0  1  0  0  0  0  6  3  7117  0  0  2 36  0  0  0  3  0  0  0  6  6  6  7106  1  2  0 4201501020030230161874                
0724110311  0  0  0  2  0  0  0  0  0  0  0  0  0  0  0  2  0  0  0  0  0  0  0  0  0  0  0  0  0  0  0  2  0  0  0  1  0  0  0  2  0  0  0  0  0  0  0  0  0  0  0  1  0  0  0  1  0  0  0  0  0  0  0  1  0  0  0  1  2  1  1 71  0  0  0  0  1  0  1  9  1  6  6 46  7 17 14263  5  5  7 7401601617060110111771                
0724110312  0  0  1  0  0  0  0  0  0  0  0  0  0  0  1  0  0  0  1  0  0  0  0  0  0  0  0  0  0  0  0  0  0  0  0  0  0  0  1  0  0  0  0  0  0  0  0  0  0  0  1  0  0  0  0  0  0  0  0  0  0  0  0  0  0  0  0  0 14 15 15136  1  0  0  6  4  4  3 31 35 35 24196 33 46 41269 28 16 2510901901616730170181889                
0724110401  0  0  1  0  0  0  0  0  0  0  0  0  0  0  1  0  0  0  1  0  0  0  0  0  0  0  0  0  0  0  0  0  0  0  1  0  0  0  1  0  0  0  0  0  0  0  0  0  0  0  0  0  0  0  0  0  0  0  1  0  0  0  1  0  0  0  0  0 21 28 20217  6  6  5 34  0  1  1  6  0  0  1  0  5  8  7108  5  2  3 4500001214880120141707                
0724110402                                                                                                                                                                                                             20 18 33291  6  5  6 74 15 28 23182  0  1  0  3 14  6  5149 15 12 10 4901101416990070091416                
0724110403                                                                                                                                                                                                             20 13 15272  5  4  3 77  0  0  0 14  3  2  4 16  6  6  7106  6 10  8 410060111216000000                    
0724110404  0  0  0  2  0  0  0  0  0  0  0  0  0  0  0  1  0  0  0  1  0  0  0  0  0  0  0  1  0  0  0  0  0  0  0  0  0  0  0  0  0  0  0  1  0  0  0  0  0  0  0  2  0  0  0  0  0  0  0  0  0  0  0  2  0  0  0  0 10  8  9225  0  3  4 54  0  1  0  7  0  2  0  7  6  8 13126 11 13 10 7000301216500000191604                
0724110405  0  0  0  2  0  0  0  0  0  0  0  0  0  0  0  2  0  0  0  1  0  0  0  0  0  0  0  0  0  0  0  0  0  0  0  0  0  0  0  1  0  0  0  1  0  0  0  0  0  0  0  1  0  0  0  0  0  0  0  1  0  0  0  2  0  0  0  0  6  9  6106  0  1  1 12  0  2  2 11  0  1  1  4  3  5  4 73 18 14 2721100701616260090151180                
0724110406  0  0  0  1  0  0  0  0  0  0  0  0  0  0  0  1  0  0  0  1  0  0  0  0  0  0  0  0  0  0  0  0  0  0  0  0  0  0  0  0  0  0  0  1  0  0  0  0  0  0  0  0  0  0  0  1  0  0  0  0  0  0  0  1  0  0  0  0  0  0  0  0  0  0  0  0  1  0  0  3  0  0  0  0  0  1  0  0  6  6  4 6801401016850080121546                
0724110407  0  2  2  3  0  0  0  0  0  0  0  0  0  2  2  1  0  2  2  1  0  0  0  0  0  1  1  1  0  0  0  0  0  2  2  2  0  2  1  0  0  0  0  1  0  0  1  0  0  1  1  1  0  1  0  1  0  0  1  1  0  0  0  1  0  1  2  1 41 44 36377  7  5  4 57 15 23 16168  0  4  4 20 28 19 21312 15 18 1219901501017920040041750                
0724110408  0  0  0  5  0  0  0  0  0  0  0  0  0  0  0  1  0  0  0  0  0  0  0  0  0  0  0  0  0  0  0  0  0  0  0  4  0  0  0  0  0  0  0  0  0  0  0  1  0  0  0  0  0  0  0  2  0  0  0  3  0  0  0  2  0  0  0  1 24 19 16330  4  4  8 84  8  9  3 80  7  0  1 27  8 12  5167 15  7  611601701514820130231704                
0724110409  0  0  0  3  0  0  0  0  0  0  0  0  0  0  0  3  0  0  0  2  0  0  0  0  0  0  0  0  0  0  0  0  0  0  0  0  0  0  0  2  0  0  0  1  0  0  0  0  0  0  0  0  0  0  0  1  0  0  0  2  0  0  0  2  0  0  0  0  2  2  7 86  2  0  1 11  0  0  1  4  0  1  3 19  1  2  3 36 54 44 456010030121650000000                    
0724110410  0  0  0  2  0  0  0  0  0  0  0  0  0  0  0  0  0  0  0  0  0  0  0  0  0  0  0  0  0  0  0  0  0  0  0  0  0  0  0  0  0  0  0  0  0  0  0  0  0  0  0  0  0  0  0  2  0  0  0  0  0  0  0  1  0  0  0  0  7 20 13182  2  3  3 49  0  0  3 15  0  0  0  0 13 14 14204  0  0  0  302101916440070151360                
0724110411  0  0  0  4  0  0  0  0  0  0  0  0  0  0  0  3  0  0  0  2  0  0  0  0  0  0  0  1  0  0  0  0  0  0  0  0  0  0  0  1  0  0  0  1  0  0  0  1  0  0  0  0  0  0  0  3  0  0  0  1  0  0  0  3  0  0  0  3  3  1  2 77  1  0  1 19  1  0  1 14  0  0  0  0  1  0  1 35  2  1  2 3601101416330080171626                
0724110501  0  0  0  1  0  0  0  0  0  0  0  0  0  0  0  0  0  0  0  0  0  0  0  0  0  0  0  0  0  0  0  0  0  0  0  1  0  0  0  0  0  0  0  0  0  0  0  0  0  0  0  0  0  0  0  1  0  0  0  0  0  0  0  1  0  0  0  0  4  5 11188  0  0  0  1  0  1  1 31  1  0  0 26 10  9  7302  0  0  0  100701114550040041800                
0724110502  0  1  0  1  0  0  0  0  0  0  0  0  0  1  0  1  0  1  0  1  0  0  0  0  0  0  0  0  0  0  0  0  0  1  0  0  0  0  0  1  0  0  0  0  0  1  0  0  0  0  0  0  0  0  0  1  0  1  0  0  0  1  0  1  0  1  0  0  4  1  8101  2  0  2 20  0  1  0  5  1  1  1  9 20 28 23288  0  1  0  901701616960110111783                
0724110503  0  2  0  4  0  0  0  0  0  0  0  0  0  2  0  4  0  2  0  3  0  0  0  0  0  0  0  0  0  1  0  2  0  0  0  0  0  2  0  2  0  0  0  2  0  0  0  0  0  1  0  2  0  1  0  2  0  0  0  0  0  0  0  1  0  0  0  2 19 17 16123  4  6  6 37  0  0  0  0  0  0  0  0 35 44 35295  0  3  1 150170151553000017                    
0724110504  0  0  1  3  0  0  0  0  0  0  0  0  0  0  1  3  0  0  1  2  0  0  0  0  0  0  0  1  0  0  0  1  0  0  0  0  0  0  0  3  0  0  0  0  0  0  1  0  0  0  0  2  0  0  0  0  0  0  1  1  0  0  0  0  0  0  0  1  3  2  5 40  1  0  2 16  4  3  0 41  1  0  0  4 13 14 14204  8  8  6 5501601719150130251000                
0724110505  0  0  0  2  0  0  0  0  0  0  0  0  0  0  0  2  0  0  0  2  0  0  0  0  0  0  0  0  0  0  0  1  0  0  0  0  0  0  0  2  0  0  0  0  0  0  0  0  0  0  0  1  0  0  0  1  0  0  0  0  0  0  0  2  0  0  0  1  7 11  9167  0  0  0 11  0  0  0  4  1  5  6 82 10  9 17212 22 24 1930201501020030120141826                
0724110506  0  1  2  2  0  0  0  0  0  0  0  0  0  1  2  2  0  0  2  1  0  0  0  0  0  0  0  0  0  0  0  0  0  0  1  0  0  0  2  2  0  1  0  0  0  0  0  0  0  0  0  0  0  0  1  1  0  1  1  1  0  0  1  0  0  1  0  0 15 20 17124  4  7  7 20  0  0  1  0 25 13 26 90 14 14 15115 20 21 2911001801914120210201897                
0724110507                                                                                                                                                                                                              5 18 15135  1  4  3 27  1  0  4 34  0  0  0  0 28 19 21312  4  5  5 380200181777000000                    
0724110508  0  0  0  1  0  0  0  0  0  0  0  0  0  0  0  0  0  0  0  0  0  0  0  0  0  0  0  0  0  0  0  0  0  0  0  0  0  0  0  0  0  0  0  0  0  0  0  0  0  0  0  1  0  0  0  0  0  0  0  0  0  0  0  1  0  0  0  0  5  5  7198  0  0  0  1  0  0  0  0  0  0  0  0  7 17 14263  0  0  0  2000010    0060121425                
0724110509                                                                                                                                                                                                              8  7  7 61  2  0  4 32  0  0  1  3  7  2  2 24  6  6  7106 12  9 10 9902001715480210231400                
0724110510                                                                                                                                                                                                             29 47 38315  0  0  0 10  3  0  1  7 11 14 12 91 33 46 41269 21  8 15 6101901217930310191658                
0724110511                                                                                                                                                                                                              7  4  5 61  4  2  1 18  3  0  0  3  0  0  1  3  5  8  7108  1  1  0 1302001817770210201897                
0724110512  0  0  0  2  0  0  0  0  0  0  0  0  0  0  0  2  0  0  0  2  0  0  0  0  0  0  0  0  0  0  0  0  0  0  0  0  0  0  0  2  0  0  0  0  0  0  0  0  0  0  0  1  0  0  0  0  0  0  0  1  0  0  0  0  0  0  0  0  9  5  7114  0  0  0  1  0  2  2 15  0  0  0  1  7  8  5125  0  0  0  60100101762000007                    
0724110513  0  0  0  3  0  0  0  0  0  0  0  0  0  0  0  2  0  0  0  2  0  0  0  0  0  0  0  0  0  0  0  2  0  0  0  0  0  0  0  1  0  0  0  0  0  0  0  1  0  0  0  1  0  0  0  2  0  0  0  0  0  0  0  0  0  0  0  2  0  0  2 60  0  0  1 21  0  0  2 13  3  5  2 57 13 26 11155  5  5  3 7402000516160100071395                
0724110514                                                                                                                                                                                                              4  3  4 73  1  0  0 17 19 14 14 62 20 14 12 91 26 15 22193 22  7 17 9902001715480230161874                
0724110515  0  0  0  2  0  0  0  0  0  0  0  0  0  0  0  2  0  0  0  1  0  0  0  0  0  0  0  0  0  0  0  0  0  0  0  1  0  0  0  2  0  0  0  0  0  0  0  0  0  0  0  0  0  0  0  0  0  0  0  2  0  0  0  2  0  0  0  1  8 10  8143  1  5  4 39  0  1  0 10  6  8  3 57 27 33 42287 26 17 1915802001715480230161874                
0724110601  1  1  0  3  0  0  0  0  0  0  0  0  1  1  0  1  1  0  0  1  0  0  0  0  0  0  0  0  0  0  0  0  0  0  0  0  1  0  0  1  0  1  0  0  0  0  0  0  0  0  0  2  0  1  0  1  1  0  0  0  1  0  0  0  0  0  0  1 21 30 35364  3  6  9 62  0  0  0  2  0  0  0  0 19 18 18261  5  5  8 6800701415720160111621                
0724110602  1  2  1  1  0  0  0  0  0  0  0  0  1  2  1  1  0  0  1  0  0  0  0  0  1  1  0  0  1  2  0  1  1  2  1  1  1  2  1  1  0  0  0  0  0  0  0  0  0  0  0  0  1  0  1  0  0  2  0  1  0  0  0  1  0  1  1  0  7 12 13214  0  0  0  1  2  3  1 40  2  5  1 22  7 17 14263  6  4  3 1701402015630120081628                
0724110603  1  0  0  1  0  0  0  0  0  0  0  0  1  0  0  0  0  0  0  0  0  0  0  0  0  0  0  0  0  0  0  0  1  0  0  0  1  0  0  0  0  0  0  0  0  0  0  0  0  0  0  0  0  0  0  0  1  0  0  1  1  0  0  1  0  0  0  1 24 19 16330  4  4  8 84  1  0  0  8  1  0  0  2  8 12  5167  5  8  7 6002202214970000041150                
0724110604  1  0  0  2  0  0  0  0  0  0  0  0  1  0  0  2  1  0  0  1  1  0  0  0  0  0  0  0  1  0  0  1  0  0  0  0  1  0  0  2  0  0  0  0  0  0  0  0  0  0  0  0  1  0  0  0  0  0  0  2  0  0  0  1  0  0  0  0 51 51 35283  9  7  7 52  1  3  0 14 15 10  9 68 35 44 35295  3  8 17 7901701515120180091468                
0724110605  1  0  0  0  0  0  0  0  0  0  0  0  1  0  0  0  0  0  0  0  0  0  0  0  0  0  0  0  1  0  0  0  1  0  0  0  0  0  0  0  1  0  0  0  0  0  0  0  0  0  0  0  1  0  0  0  0  0  0  0  1  0  0  0  1  0  0  0  0  0  0 39  0  0  0  1  1  0  0 11  1  1  0 36  0  0  0 16  3  0  1 2300502114640080171626                
0724110606  1  1  0  4  0  0  0  0  0  0  0  0  1  1  0  4  0  0  0  2  0  0  0  0  1  0  0  1  0  0  0  1  0  0  0  0  1  1  0  2  0  0  0  1  0  0  0  1  0  0  0  2  0  0  0  1  1  1  0  1  1  1  0  1  0  1  0  2  7  9  9177  2  2  1 34  2  3  7 41  0  0  1  4 19 23 16215  1  1  1 1500003317000000101571                
0724110607  1  0  2  6  0  0  0  0  0  0  0  0  1  0  1  4  0  0  0  1  0  0  0  0  0  0  0  0  0  0  0  0  1  0  2  6  1  0  1  3  0  0  0  0  0  0  0  1  1  0  0  1  0  0  2  2  0  0  0  3  1  0  0  1  0  0  1  2  4  8  2 87  1  1  0 11  2  2  3 25  2  7 12 44  4  4  7 52  1  0  2  601201016160080171626                
0724110608  1  1  0  5  0  0  0  0  0  0  0  0  1  1  0  5  1  1  0  3  0  0  0  0  0  0  0  2  1  0  0  2  0  0  0  0  0  1  0  5  1  0  0  0  0  0  0  0  0  0  0  1  1  1  0  1  0  0  0  3  0  0  0  3  0  0  0  1 20 13 15272  5  4  3 77  1  0  0  3  1  1  0 16  6  6  7106 18 17 171880170181707000000                    
0724110609  1  1  0  2  0  0  0  0  0  0  0  0  1  1  0  1  1  0  0  0  0  0  0  0  0  0  0  0  0  1  0  1  0  0  0  0  1  0  0  0  0  0  0  1  0  1  0  0  1  0  0  1  0  0  0  0  0  1  0  1  0  0  0  1  0  1  0  2 27 24 25286  3  4  6 41  0  1  0 11  0  1  0  3 20 28 23288  1  2  0 2702902517000080171626                
0724110610  1  2  0  2  0  0  0  0  0  0  0  0  1  2  0  2  1  1  0  1  0  0  0  0  0  0  0  0  0  1  0  2  0  0  0  0  0  1  0  2  1  0  0  0  0  1  0  0  0  1  0  0  1  0  0  1  0  1  0  1  1  0  0  0  0  0  0  2 18 12 14137  2  0  1  9  1  1  0  1  0  0  0  0 26 15 22193  1  2  0  800901916170170141515                
0724110611  1  1  1  5  0  0  0  0  0  0  0  0  1  1  1  4  1  0  0  1  0  0  0  0  0  1  0  1  0  1  1  1  0  0  0  0  0  1  1  2  1  0  0  2  0  0  0  0  0  1  0  3  0  0  1  1  1  0  0  1  0  0  0  2  1  0  1  0 41 44 36377  7  5  4 57  1  0  0  5  0  0  0  0 28 19 21312  1  1  1  50080161545000000                    
0724110612  1  0  0  1  0  0  0  0  0  0  0  0  1  0  0  0  1  0  0  0  0  0  0  0  0  0  0  0  0  0  0  0  0  0  0  0  0  0  0  0  0  0  0  0  1  0  0  0  0  0  0  0  1  0  0  1  0  0  0  0  1  0  0  1  0  0  0  0 31 41 41363 10 11  8 57  4  4  5 40  7  7  3  8 27 33 42287  3  2  0  702001816930310071400                
0724110613  1  0  2  2  0  0  0  0  0  0  0  0  1  0  2  1  1  0  1  1  1  0  0  0  0  0  1  0  1  0  0  0  0  0  0  0  0  0  2  1  1  0  0  0  0  0  0  0  0  0  1  1  1  0  1  0  0  0  0  1  0  0  1  0  0  0  1  0 47 52 42300  1  2  0  5  0  0  1 15 12 12  7125 33 46 41269 13 21 19 890160171811000000                    
0724110614  1  1  0  1  0  0  0  0  0  0  0  0  1  1  0  1  0  0  0  0  0  0  0  0  0  0  0  0  0  0  0  0  0  0  0  0  1  1  0  1  0  0  0  0  0  0  0  0  0  0  0  0  0  0  0  1  1  1  0  0  1  1  0  1  0  1  0  1  0  0  0  0  0  0  0  0  1  0  0  3  0  0  0  1  0  1  0  0 40 43 5035902002615090330091450                
0724110701  1  3  0  8  0  0  0  0  0  0  0  0  1  3  0  8  0  2  0  2  0  1  0  1  0  2  0  2  0  2  0  3  0  0  0  0  1  2  0  8  0  0  0  0  0  1  0  0  1  1  0  2  0  1  0  2  0  1  0  4  0  0  0  2  0  0  0  2  1  5  3 34  0  0  1  0  1  2  4 22  0  0  0  0 33 46 41269  0  0  0 110190121793000000                    
0724110702  1  1  0 12  0  0  0  0  0  0  0  0  1  1  0 12  0  0  0  0  0  0  0  0  0  0  0  0  0  1  0  1  0  0  0  0  1  0  0  8  0  1  0  4  0  0  0  0  0  1  0  1  0  0  0  5  1  0  0  6  0  0  0  4  0  1  0  4  0  0  2 13  0  0  1  5  1  0  0  7  2  1  2 26 13 11 11199  4  5  4 8301301214940100071787                
0724110703  1  3  2  7  0  0  0  0  0  0  0  0  0  1  1  3  0  0  0  0  0  0  0  0  0  0  0  1  0  1  0  1  0  0  0  0  0  1  1  3  0  0  0  0  0  0  0  0  0  3  0  1  1  0  2  1  0  0  0  5  0  0  1  3  0  1  2  1  3  7  2 30  3  3  2 18  1  2  1  7  0  0  0  0 35 44 35295  1  3  2  601201216110090101856                
0724110704  1  3  5  3  0  0  0  0  0  0  0  0  1  3  5  3  0  1  0  0  0  0  0  0  0  0  1  0  0  2  1  0  0  0  0  0  1  2  3  3  0  0  2  0  0  1  0  0  0  1  2  0  1  1  1  2  0  1  2  1  0  0  3  1  1  1  1  2  0  0  0  0  0  0  0  0  1  0  0  3  0  0  0  0  0  1  0  0 67 82 8145802001817770240251823                
0724110705  0  3  4  8  0  0  0  0  0  0  0  0  0  3  4  6  0  0  0  0  0  0  0  0  0  0  2  2  0  2  1  2  0  0  2  0  0  3  2  3  0  0  2  3  0  0  0  0  0  1  2  1  0  1  0  0  0  1  2  6  0  1  3  2  0  1  0  4  0  0  0 17  0  0  0  1  0  2  5 30  4  2  3 47 10 12 26256  2  6  9 3301901217930070171200                
0724110706  0  0  0  9  0  0  0  0  6  1  1  2  0  0  0  7  0  0  0  1  0  0  0  0  0  0  0  1  0  0  0  3  0  0  0  1  0  0  0  5  0  0  0  2  0  0  0  0  0  0  0  2  0  0  0  5  0  0  0  2  0  0  0  2  0  0  0  1  0  0  0  6  0  0  0  2  0  0  0  3  0  0  0  1  9  9  5 90  0  0  0 110160171915000025                    
0724110707  1  0  1 14  0  0  0  0  0  0  0  0  0  0  1 10  0  0  0  1  0  0  0  0  0  0  1  1  0  0  1  4  0  0  0  0  0  0  1  7  0  0  0  3  0  0  0  0  0  0  1  4  1  0  0  4  0  0  0  6  0  0  0  2  0  0  1  8  0  0  0 13  0  0  0  0  0  0  2 16  3  5  3 48  7 17 14263  2  1  2 620150102003000000                    
0724110708  1  2  2  8  0  0  0  0  0  0  0  0  1  2  2  8  0  0  0  3  0  0  0  0  0  0  0  0  0  1  1  4  0  0  0  2  0  2  2  4  0  0  0  3  1  0  0  1  0  0  1  0  1  2  0  4  0  0  1  4  1  1  0  2  0  2  0  3  0  0  1 14  0  0  0  0  1  2  2 11  1  1  0 13 10  9  7302  1  1  4 4002101918500140131602                
0724110709  1  1  1 14  0  0  0  0  0  0  0  0  1  1  1 13  0  0  1  2  0  0  0  1  1  0  1  3  0  0  0  3  0  0  0  1  1  1  1 11  0  0  0  1  0  0  0  1  0  0  1  3  0  0  0  6  1  1  0  5  0  0  0  2  1  1  0  4  5  3  1 32  3  1  0 17  6  6  7 44  0  0  0  0 19 18 18261  0  0  0  001401016950100071395                
0724110801  1  1  1  8  0  0  0  0  0  0  0  0  0  0  0  0  0  0  0  0  0  0  0  0  0  0  0  1  0  0  0  0  0  0  0  0  0  0  0  0  0  0  0  0  0  0  0  0  0  0  0  2  1  1  1  4  0  0  0  2  0  0  0  3  1  0  1  3 21 30 35364  3  6  9 62  6  6  7 44  0  0  0  5 19 18 18261  1  2  1 1501501117270100071592                
0724110802  1  3  4 13  0  0  0  0  0  0  0  0  1  3  4 11  1  3  3  9  0  2  0  3  0  0  1  3  1  3  3  7  0  2  1  1  1  2  1  8  0  0  2  1  0  1  1  2  0  2  0  4  1  1  0  5  0  0  4  4  0  1  0  2  0  1  2  4 24 19 16330  4  4  8 84  0  2  2 27  0  2  1  1  8 12  5167  4  7  6 3301701817070000181300                
0724110803  1  1  0 10  0  0  0  0  0  0  0  0  1  1  0  8  1  1  0  6  0  0  0  2  1  0  0  1  0  0  0  2  0  0  0  0  0  0  0  5  1  0  0  1  0  1  0  2  0  0  0  2  0  0  0  8  1  1  0  0  0  0  0  5  1  0  0  0  0  0  0  0  0  0  0  0  1  0  0  3  0  0  0  0  0  1  0  0  9  4  3 3702201216810230161755                
0724110804  1  3  1  2  0  0  0  0  0  0  0  0  1  3  1  2  0  2  1  2  0  0  1  0  0  0  1  0  0  2  1  0  1  3  1  2  1  1  1  0  0  1  0  0  0  1  0  2  0  1  0  1  1  0  1  1  0  2  0  0  0  0  0  1  0  2  1  0  6  9  7129  0  3  4 29 10 11 14 83  3  5  3 17 15 17 11176 10  9  7 2800901014240100071669                
0724110805  0  5  0 15  0  0  0  1  3  2  1  2  0  5  0  9  0  0  0  4  0  0  0  0  0  1  0  5  0  0  0  1  0  0  0  0  0  2  0  6  0  2  0  3  0  1  0  0  0  0  0  4  0  5  0  9  0  0  0  2  0  0  0  4  0  3  0  7  1  0  4 80  0  0  0  1  0  3  2 74  0  0  0  0  6  2  9154  0  0  1  10150141691000000                    
0724110806  0  1  0 10  1  1  0  0  0  0  0  0  0  1  0  9  0  0  0  3  0  0  0  0  0  0  0  4  0  1  0  6  0  0  0  1  0  1  0  7  0  0  0  1  0  0  0  1  0  0  0  2  0  0  0  4  0  1  0  4  0  0  0  5  0  0  0  3 11  6  9222  0  0  0  2  5  1  4 46  2  1  2 53 10  9  7302 20 22 13 9601601615460080131600                
0724110807  1  1  1  9  0  0  0  0  0  0  0  0  1  1  1  8  1  1  1  5  0  1  0  0  0  0  1  2  0  1  0  2  0  0  1  1  1  1  0  3  0  0  0  2  0  0  1  3  0  1  0  0  0  0  1  8  1  0  0  1  0  0  1  1  0  0  0  4  2  2  7 86  2  0  1 11  0  0  1  4  0  0  1  1  1  2  3 36  1  1  1 1501601315010000032100                
0724110808  1  0  1  7  0  0  0  0  0  0  0  0  1  0  1  7  0  0  0  2  0  0  0  0  0  0  0  0  1  0  1  3  0  0  0  0  0  0  1  5  1  0  0  2  0  0  0  0  0  0  1  2  1  0  0  3  0  0  0  2  0  0  1  2  0  0  0  0 13 16 19300  0  1  0  6  1  0  1  4  1  0  0 22 10 12 26256 23 14 161640000191544000000                    
0724110901  2  2  3  2  0  0  0  0  0  0  0  0  2  2  3  2  2  0  1  1  1  0  0  1  0  0  0  0  2  0  1  2  0  0  0  0  1  1  1  2  0  0  0  0  1  1  2  0  0  1  0  0  1  0  0  1  1  1  3  1  0  0  0  1  1  1  2  0 28 34 27213  0  0  0  5  4  2  2 12  3 12 11 54 33 46 41269  4  3  5 4000601414910000101000                
0724110902  2  1  1 16  0  0  0  0  0  0  0  0  2  1  1 16  0  1  0  7  0  1  0  4  1  0  0  2  1  1  0  5  0  0  0  1  2  1  1 11  0  0  0  3  0  0  0  2  0  0  0  3  1  1  0  4  1  0  1  9  0  1  0  5  0  0  1  2 21 23 16229  2  6  5 39 17 16 11218  0  0  0  1 13 26 11155  1  1  1 1001001615010000071314                
0724110903  2  1  0  6  0  0  0  0  0  0  0  0  2  1  0  6  1  1  0  3  0  0  0  0  0  1  0  1  1  0  0  2  0  0  0  0  0  1  0  3  1  0  0  0  1  0  0  3  1  1  0  3  1  0  0  2  0  0  0  1  0  1  0  0  0  1  0  3 37 31 26282  3  2  1 32  5  3  5 23  2  1  2  7 35 44 35295 11  3  7 590080201464000000                    
0724110904  1  1  0  7  0  0  0  0  3  2  2  0  1  1  0  6  1  0  0  3  1  0  0  0  0  0  0  0  1  0  0  2  1  1  0  3  0  1  0  3  0  0  0  1  1  0  0  2  0  0  0  0  1  0  0  3  0  1  0  4  0  0  0  1  1  1  0  4 10  8 10198  1  1  3 36  3  2  1 33  2  3  4 23  5  5  9136  4  4  0 120160151569008000                    
0724110905  1  1  1 10  0  0  0  1  3  2  2  5  1  1  1 10  1  0  1  4  0  0  0  2  0  1  0  1  0  1  0  6  0  1  0  7  1  1  1  6  0  0  0  1  0  0  0  3  1  0  0  2  0  1  1  5  0  0  0  3  1  0  1  3  0  0  0  3  6  7 10180  0  0  0  1 11  8 24364  1  2  5 26  7 17 14263  4  4  9 690100161501000000                    
0724110906  2  0  0 11  0  0  0  0  0  0  0  0  2  0  0 10  1  0  0  2  0  0  0  0  0  0  0  1  1  0  0  5  0  0  0  0  2  0  0  6  0  0  0  3  0  0  0  1  1  0  0  1  1  0  0  5  0  0  0  5  0  0  0  2  0  0  0  5 12 18 23372  0  1  0  3  0  1  2 14  0  0  0  0 10 12 26256  2  2  1 1200701616650170181707                
0724110907  2  1  5  7  0  0  0  0  0  0  0  0  2  1  5  7  1  0  4  4  0  0  1  0  0  0  0  0  1  0  3  1  0  0  0  0  2  1  3  6  0  0  0  1  0  0  2  0  0  0  1  1  1  0  4  3  1  1  0  3  0  0  1  4  2  0  0  3 19 33 19329  0  5  1 23  1  0  0  7  0  0  0  0 20 28 23288  2  1  5  70080201464011000                    
0724110908  2  1  2 11  0  0  0  0  0  0  0  0  2  1  2 11  2  1  1  9  0  0  1  2  1  0  0  3  0  0  2  2  1  0  0  3  0  0  1  7  0  1  0  2  2  0  1  2  0  0  1  1  1  1  1  6  1  0  0  4  2  1  2  3  1  1  1  4  5  3  8 92  1  0  2 11  1  0  0  7  1  0  0  3  9  9  5 90  3  1  3 2500802014640000101000                
0724110909  2  1  0  4  0  0  0  0  0  0  0  0  2  1  0  4  1  0  0  0  0  0  0  0  1  0  0  0  0  0  0  1  1  1  0  1  1  1  0  3  0  0  0  0  1  0  0  1  0  0  0  1  1  0  0  0  1  1  0  3  0  0  0  2  1  0  0  0 18 22 21320  3  2  3 46  1  3  3 12  1  1  0  7 14  6  5149  4  2  3 3601901513700000071314                
0724110910  1  2  1 33  0  0  0  0  3  1  0  0  1  2  0 14  0  0  0  5  0  0  0  1  0  0  0  4  0  0  0  2  1  1  1  9  0  0  0 11  0  0  0  1  1  2  0  2  0  0  0  9  0  2  0 16  1  0  1  8  1  2  0  8  1  1  0 13  3  4  8115  0  2  2 24 15 19 27243  3  3  4 31  8  5 12141  3  2  1 4500401016350000251433                
0724110911  1  1  1  4  1  0  0  0  0  0  0  0  1  0  0  4  1  0  0  1  0  0  0  0  0  0  0  1  0  0  0  1  0  0  0  3  0  0  0  1  1  0  0  2  0  0  0  1  1  0  1  0  0  0  0  2  0  1  0  2  0  0  0  1  1  1  1  2  4 11  9 87  3  6  5 13  0  0  0  4  7  9 12 66  4  9  4 93  1  1  1  401001615010000081385                
0724110912  2  5  1  6  0  0  0  0  0  0  0  0  2  5  1  5  0  2  1  0  0  0  0  0  0  0  0  0  0  2  1  1  0  0  0  1  1  1  1  1  1  2  0  3  0  2  0  1  0  0  0  1  1  3  1  0  1  2  0  5  0  3  0  2  2  1  1  3 17 24 27279  0  0  0 10  8  5 18166  2  0  2  8 10  9 17212  3  6  6 4700001712800080101612                
0724110913  1  1  1 14  1  0  0  0  0  0  0  0  1  1  1 14  1  0  1  9  1  0  1  3  1  0  0  6  1  1  1  7  0  0  0  2  0  1  1  5  1  0  0  4  0  0  0  5  0  0  0  2  0  1  0  8  1  0  1  4  0  0  1  4  0  1  0  4 16 18 24314  1  3  5 52  1  0  1 15  0  0  0  2  6  6  7106  1  1  1 2000601414910140131621                
0724110914  2  1  0  8  0  0  0  0  0  0  0  0  2  1  0  6  1  1  0  4  0  0  0  1  1  0  0  1  0  1  0  2  1  1  0  1  1  0  0  2  0  0  0  2  1  1  0  2  1  1  0  1  0  0  0  4  1  0  0  3  0  0  0  3  0  0  0  0 27 31 29369  4  5  3 36  3  1  0 13  1  1  0  2 19 18 18261  8  9  5 170210191644000000                    
0724110915  2  2  1 10  0  0  0  0  0  0  0  0  2  2  1 10  2  1  0  4  1  1  0  1  0  1  0  2  2  1  1  5  0  0  0  2  1  1  0  8  1  0  1  1  0  1  0  1  0  1  0  1  1  1  0  4  1  0  1  5  0  1  1  3  0  0  0  2  9  3  6141  0  1  0  7  5  6  6 43  0  0  0  2  3  5  4 73 16 11  3 660160131684000000                    
0724110916  2  2  0  8  0  0  0  0  0  0  0  0  2  2  0  6  1  1  0  3  0  0  0  0  0  0  0  0  1  0  0  3  0  0  0  0  1  1  0  6  0  1  0  0  1  0  0  0  0  0  0  2  0  1  0  2  2  1  0  4  2  0  0  2  1  0  0  3  9  7 16241  0  0  1 11  5  0  0 42  0  1  0 12 15  7 15193  2  2  0  801601316840070061390                
0724111001  2  4  0  9  0  0  0  0  0  0  0  0  2  4  0  9  0  2  0  1  0  1  0  0  0  1  0  0  0  3  0  3  0  2  0  3  2  2  0  7  0  2  0  2  0  0  0  0  1  2  0  1  0  1  0  3  1  1  0  5  0  1  0  5  0  1  0  1 30 28 24181  6  6  6 50 17 23  9123  2  5  5 32 27 33 42287 25 17 261210230161874000018                    
0724111002  0  1  0 13  0  0  0  0  3  0  1  6  0  1  0 13  0  1  0  6  0  1  0  1  0  0  0  2  0  1  0  2  0  0  0  0  0  0  0 10  0  0  0  2  0  1  0  1  0  1  0  5  0  0  0  6  0  0  0  2  0  1  0  4  0  0  0  4 12  5 11167  2  2  2 28  4  2  3 30  1  4  2 20 20 28 23288  6  6  31360220201765000022                    
0724111003  2  2  3  7  0  0  0  0  0  0  0  0  1  2  3  6  1  2  2  3  0  0  1  1  0  0  1  3  0  1  1  1  2  0  0  5  0  2  2  6  1  0  0  0  0  0  1  0  0  2  3  0  1  0  0  7  1  0  0  0  1  0  1  3  0  1  0  0 13  9 17181  1  1  1 41 27 26 22289  2  0  0 11 19 18 18261  2  2  3 150220201765000000                    
0724111004  2  3  5 15  0  0  0  0  0  0  0  0  2  2  5 11  0  2  2  5  0  0  0  1  0  0  1  1  1  0  2  5  0  0  0  0  2  1  4 10  0  1  0  1  0  0  1  0  1  1  4  5  1  1  1  5  0  1  0  5  0  0  3  5  2  3  2  9 23 25 29183  6  2 10 44  1  0  2  7 51 39 52288 35 44 35295 18 17 1211202102018970100071787                
0724111005  2  2  0  9  0  0  0  0  0  0  0  0  2  2  0  8  2  2  0  6  2  1  0  3  0  1  0  3  2  1  0  4  0  0  0  0  2  1  0  7  0  0  0  1  0  1  0  0  1  0  0  4  1  1  0  1  0  1  0  4  1  2  0  1  1  2  0  2  4  3  0 37  0  1  0  9  0  0  0  0  1  2  0 13  9  9  5 90  5  7  3 4602001817770150221600                
0724111006  2  0  0 12  0  0  0  0  0  0  0  0  2  0  0 12  1  0  0  6  0  0  0  2  0  0  0  1  0  0  0  4  1  0  0  2  2  0  0  8  0  0  0  3  0  0  0  1  0  0  0  6  0  0  0  5  2  0  0  1  0  0  0  4  1  0  0  1  6  3  7117  0  0  2 36  2  0  0  7  1  0  0  8  6  6  7106 16 14 131040230161874000000                    
0724111007  2  1  2  5  0  0  0  0  0  0  0  0  2  1  2  5  1  1  1  2  0  0  0  0  0  0  0  2  0  1  2  0  0  0  0  0  2  1  2  3  0  0  0  1  0  0  0  1  1  0  1  2  1  0  1  2  0  1  0  1  0  0  0  2  1  0  1  1  6  4  8 93  2  1  1 21  2  0  0  7  0  2  1 27 19 23 16215  9  7  7 560080051714000000                    
0724111008  1  2  0  5  0  0  0  0  0  0  0  0  1  2  0  5  0  0  0  1  0  0  0  0  0  1  0  1  1  2  0  2  1  2  0  4  0  2  0  4  1  0  0  0  0  0  0  1  1  1  0  1  0  0  0  1  0  1  0  3  0  0  0  1  1  1  0  2 14 15 15136  1  0  0  6 36 51 33214 18 17 12 91 33 46 41269 17 16 131020190121793000000                    
0724111009  2  8  1  6  0  0  0  0  0  0  0  0  2  8  1  5  1  4  0  1  1  1  0  0  0  2  0  0  2  8  1  3  0  0  0  0  2  8  1  4  0  0  0  1  0  0  0  0  0  1  0  2  1  5  0  3  1  2  1  1  1  2  0  2  1  1  0  2  7 16 10 89  1  5  2  7 19 14 14 62  0  0  0  0 26 15 22193  2  7  4 1202001715480150111901                
0724111010  2  2  2  2  0  0  0  0  0  0  0  0  2  2  2  2  2  1  0  1  1  0  0  0  1  0  0  0  1  1  1  0  0  0  0  0  2  2  1  2  0  0  1  0  0  0  0  0  0  2  1  0  0  0  1  0  2  0  0  2  1  0  0  0  0  0  1  0 10 18 13 93  4  6  4 25 22 10 16 76 42 33 37141 14 14 15115 12  8  9 4201901217930170141485                
0724111101  3  3  1  1  0  0  0  0  0  0  0  0  3  3  1  1  2  2  1  0  0  0  0  0  0  0  0  0  2  2  1  0  1  2  1  1  3  3  1  1  0  0  0  0  0  0  0  0  2  0  1  0  0  2  0  1  1  1  0  0  1  1  0  0  0  1  0  0  8 13  5125  0  5  0 40 38 36 30323  1  2  1  1 20 28 23288  3  3  1  10000751400000000                    
0724111102  3  5  3 11  0  0  0  0  0  0  0  0  3  5  2  7  2  3  2  5  0  0  0  1  0  0  0  1  2  5  2  6  0  2  1  0  3  4  2  2  0  0  0  3  0  1  0  2  0  3  1  1  1  0  1  6  2  2  1  4  1  3  0  2  1  1  2  3  3  4  5 81  0  0  0  0  0  2  2 15  3  5  4 29  7  8  5125 10 10  8 610210191644025000                    
0724111103  3  3  0 16  0  0  0  0  0  0  0  0  3  3  0 16  0  1  0  4  0  0  0  1  0  0  0  1  3  2  0  9  0  0  0  0  1  1  0 10  1  1  0  1  1  1  0  5  0  0  0  1  1  2  0  7  2  1  0  8  0  0  0  5  1  1  0  4  7 10 12181  2  3  3 55  0  0  0  3  0  0  0  0 19 18 18261  0  0  0  101301214930070171200                
0724111104  3  0  4  1  0  0  0  0  0  0  0  0  3  0  4  1  1  0  3  1  0  0  1  0  0  0  0  1  3  0  2  0  2  0  4  1  2  0  3  1  0  0  1  0  1  0  0  0  2  0  1  0  1  0  0  1  0  0  3  0  1  0  1  0  2  0  1  0 20 17 15121  2  6  2 18 22 10 16 76 25 13 26 90 14 14 15115  6  0  4 1700502114640230161755                
0724111105  3  4  2 13  0  0  0  0  0  0  0  0  3  3  2 11  0  0  0  0  0  0  0  0  1  0  0  3  3  3  1  6  1  0  1  0  3  2  0  5  0  0  1  3  0  1  1  3  0  2  0  3  3  2  1  5  0  0  1  5  1  2  0  3  2  2  2  9  2  5  6129  0  0  0 14  1  1  3 19  1  1  1  2 10  9 17212 10 13  6 7301101416990210201743                
0724111106  3  3  4 19  0  0  0  0  0  0  0  0  3  3  4 19  0  2  3 10  0  0  1  0  1  0  2  0  1  1  2  7  0  0  0  0  3  3  4 10  0  0  0  5  0  0  0  4  1  0  0  4  2  3  3  7  0  0  1  8  0  1  2  6  1  1  2  3  7 12 12161  2  6  6 58  3  1  2 19  4  3  7 89 14  6  5149 20 20 201350000221510000000                    
0724111107  2  2  0 20  0  0  0  0  3  1  2  1  2  2  0  8  0  0  0  4  0  0  0  0  0  0  0  2  2  1  0  5  0  0  0  6  2  2  0  5  0  0  0  2  0  0  0  1  1  2  0  5  0  0  0  9  1  0  0  6  0  1  0  7  1  0  0  9  6  5 14129  1  0  0  1 11  8 24364  0  0  0  6  7 17 14263  2  3  1 2201001215100110111723                
0724111108  3  0  1  4  0  0  0  0  0  0  0  0  3  0  1  4  3  0  1  2  2  0  1  0  2  0  0  0  2  0  1  1  0  0  0  0  1  0  1  3  1  0  0  1  1  0  0  0  0  0  0  1  1  0  0  0  2  0  1  3  1  0  0  0  1  0  0  3 26 23 29270  3  3 10 57  1  1  0  3  5  2  4 39 27 33 42287  3  0  1  400001915440150091946                
0724111109  2  3  2 14  0  0  0  0  3  1  0  0  2  3  2 14  0  0  0  1  0  0  0  0  1  0  0  3  2  1  0  7  0  0  0  1  1  2  1  8  1  0  0  2  0  1  1  4  0  0  0  3  1  2  0  5  1  1  2  6  0  0  0  3  1  2  0  4 11 13  6 83  1  4  0 17  1  1  0 16  0  1  0 16 26 15 22193  2  3  2 2201101116000090101424                
0724111110  3  6  6 16  0  0  0  0  0  0  0  0  1  2  4  4  0  1  1  1  0  1  0  0  0  2  1  2  0  2  1  0  0  0  0  0  1  2  4  2  0  0  0  1  0  0  0  1  1  1  0  3  1  3  0  6  1  2  6  7  0  2  1  4  0  3  1  5  4  4  5113  3  1  2 49  7  5  5 48  0  0  0  3 13 14 14204  5  8 12 6101101614320110111723                
0724111111  3  3  2 12  0  0  0  0  0  0  0  0  3  3  2 12  1  0  1  3  0  0  0  1  0  0  0  0  3  3  2  7  1  0  0  0  1  2  1  9  2  1  0  2  0  0  1  1  0  1  0  5  2  1  2  5  1  1  0  2  0  0  0  3  0  0  0  5 10  4  9110  4  0  4 26  1  2  0  7  1  0  0  3 19 23 16215 11 14 1410500701616650100131534                
0724111112  3  1  3 22  0  0  0  0  0  0  0  0  2  0  2 10  0  0  2  3  0  0  0  0  1  1  2  5  1  0  2  4  1  0  0  1  1  0  1  5  1  0  1  2  0  0  0  3  0  1  0  4  2  0  0  9  1  0  3  9  2  0  0  5  2  0  1  6  6  6 14133  0  0  2 27  1  0  1 13  3  1  6 29  5  5  9136 88 81 7772401402015630100071592                
0724111201  1  1  0  6  0  0  0  0  0  0  0  0  1  1  0  6  0  0  0  0  0  0  0  0  0  0  0  1  1  1  0  5  0  0  0  0  1  1  0  6  0  0  0  0  0  0  0  0  1  0  0  2  0  0  0  3  0  1  0  1  0  1  0  2  0  1  0  2  0  0  0  9  0  0  0  0  1  2  1 45  0  0  0  0  0  0  0 10  2  1  1 1201101513540170251800                
0724111202  1  2  0  3  0  0  0  0  0  0  0  0  1  2  0  3  0  0  0  0  0  0  0  0  0  0  0  0  1  1  0  3  0  0  0  0  1  1  0  3  0  1  0  0  0  0  0  0  1  0  0  0  0  1  0  1  0  1  0  2  0  0  0  0  0  1  0  1  7  8  4164  0  0  0  2  0  0  0 29  0  0  0 11 10  9  7302 33 37 2414001501119010080132000                
0724111203  1  0  3  4  0  0  0  0  0  0  0  0  1  0  3  4  0  0  1  2  0  0  0  0  0  0  0  1  1  0  0  2  0  0  0  0  0  0  3  4  0  0  0  0  1  0  0  0  1  0  2  1  0  0  1  2  0  0  0  1  1  0  1  2  1  0  2  2 11 13  6 83  1  0  1  7  3  0  0 11  0  3  3 12 26 15 22193  1  0  3  901701515530140131660                
0724111204  0  0  1  9  0  0  0  0  3  2  0  2  0  0  1  9  0  0  0  1  0  0  0  0  0  0  0  1  0  0  1  5  0  0  0  0  0  0  0  5  0  0  1  3  0  0  0  1  0  0  1  2  0  0  0  5  0  0  0  2  0  0  0  0  0  0  0  4  6  5 14129  0  0  0  1  2  5  3 47  0  0  0 10  7 17 14263 19 20 1713302301618740130232000                
0724111205  1  2  1 10  0  0  0  0  0  0  0  0  1  2  1 10  0  2  1  4  0  1  0  0  0  0  0  5  0  1  0  4  0  0  0  0  1  0  1  7  0  2  0  1  0  0  0  2  1  0  0  3  0  0  1  5  0  2  0  2  0  0  0  1  1  0  1  5  3  3  3 97  1  1  0 16  1  0  1 13  0  0  0  0 13 11 11199  0  2  1 1901701516050060071800                
0724111206  1  2  0  6  0  0  0  0  0  0  0  0  1  2  0  6  0  0  0  1  0  0  0  0  0  0  0  2  1  1  0  3  0  0  0  0  1  1  0  5  0  0  0  1  0  1  0  0  0  1  0  1  0  0  0  3  1  1  0  2  0  0  0  2  1  2  0  1  2  5  6129  0  0  0 10  4  2  3 20 20 23 29215 10  9 17212 20 24 1415001901616730110111783                
0724111207  1  4  1 16  0  0  0  0  0  0  0  0  1  4  1 15  1  0  1  1  0  0  0  1  0  1  0  5  1  3  1 13  0  0  0  0  1  4  0 12  0  0  0  2  0  0  1  1  0  3  0  3  0  0  1  9  1  1  0  4  0  0  0  3  0  1  0  5 16 21 25196  5  2  3 23  1  0  0  9  1  1  0  7 35 44 35295  1  4  1 260190121793000000                    
0724111208  1  0  1  6  0  0  0  0  0  0  0  0  1  0  1  4  0  0  0  0  0  0  0  0  0  0  0  3  0  0  0  3  0  0  0  0  1  0  1  4  0  0  0  0  0  0  0  0  1  0  0  2  0  0  1  2  0  0  0  2  0  0  1  1  0  0  0  2 26 23 29270  4  4  3 30  0  1  0  1  0  0  0  0 27 33 42287  7  1  5 5301501516280170141485                
0724111209  1  0  1  6  0  0  0  0  0  0  0  0  1  0  1  6  1  0  1  4  0  0  1  0  0  0  0  0  0  0  1  0  0  0  1  2  1  0  0  4  0  0  1  2  0  0  0  0  0  0  0  2  1  0  1  3  0  0  0  1  0  0  0  3  0  0  0  4  0  0  4 37  0  0  1  4  0  0  1  6  0  0  1  3  1  0  1 35  1  1  1 1701701414850200201600                
0724111210  1  0  0  7  0  0  0  0  0  0  0  0  1  0  0  7  1  0  0  2  1  0  0  1  0  0  0  1  1  0  0  4  0  0  0  0  1  0  0  6  0  0  0  1  0  0  0  0  1  0  0  1  0  0  0  3  0  0  0  3  0  0  0  3  0  0  0  3 25 28 20251  0  4  4 18  1  1  1 25  0  0  0  0 28 19 21312  1  0  0  701201712780070121480                
0724111211  1  1  1  2  0  0  0  0  0  0  0  0  1  1  1  2  1  0  1  1  0  0  0  0  0  0  1  0  1  0  1  1  0  0  0  0  1  1  1  2  0  0  0  0  0  0  0  0  0  1  0  0  0  0  0  1  1  0  1  1  0  0  1  0  1  0  0  0 26 30 17194  0  0  0  4  6  6  3 34  0  0  0  2 33 46 41269  1  1  1 100160171915000000                    
0724111212  0  0  0  4  0  0  0  0  5  0  0  1  0  0  0  1  0  0  0  0  0  0  0  0  0  0  0  0  0  0  0  0  0  0  0  0  0  0  0  1  0  0  0  0  0  0  0  0  0  0  0  1  0  0  0  2  0  0  0  1  0  0  0  2  0  0  0  2  5  2  5 62  0  0  1  7  0  0  0  0  0  0  0  2  3  5  4 73  0  0  0  101601318460160161981                
0724111213  1  1  1  6  0  0  0  0  0  0  0  0  0  0  0  0  0  0  0  0  0  0  0  0  0  0  0  0  0  0  0  0  0  0  0  0  0  0  0  0  0  0  0  0  0  0  0  0  1  1  1  1  0  0  0  2  0  0  0  3  1  0  0  1  0  0  0  3  2  3  2 73  0  0  0  5  0  0  0  0  0  0  0  5  1  2  3 36  6  4  5 450140201564000003                    
0724111214  1  2  1  9  0  0  0  0  0  0  0  0  1  2  1  9  1  2  0  4  0  0  0  1  0  0  0  3  1  2  0  5  0  0  0  0  0  2  1  3  1  0  0  3  0  0  0  3  0  0  0  2  1  1  1  4  0  1  0  3  0  0  1  2  1  1  0  2 10  4  9110  2  1  1 18  2  0  0  7  9  6  8 84 19 23 16215 24 16 2410402001715480150111901                
0724111215  1  0  0  8  0  0  0  0  0  0  0  0  1  0  0  6  0  0  0  1  0  0  0  1  1  0  0  2  0  0  0  2  0  0  0  2  1  0  0  5  0  0  0  1  0  0  0  0  0  0  0  2  1  0  0  3  0  0  0  3  0  0  0  2  0  0  0  1  6 10  7170  0  2  1 11  0  0  0  2  0  0  0  8  5  8  7108  3  4  3 1701101415080310191658                
0724111216  1  2  3 21  0  0  0  0  0  0  0  0  1  2  3 21  0  0  0  1  0  0  0  0  0  0  0  2  1  0  0  9  0  0  0  0  0  2  2 14  1  0  1  3  0  0  0  4  0  0  0  4  1  0  1  8  0  2  2  9  0  1  1  5  0  0  1  7  8 13  5125  2  1  0 22  0  1  2 12  0  0  0  0 20 28 23288  4  5  9 830110141752000029                    
0724111217  1  1  2 22  0  0  0  0  0  0  0  0  1  1  1 16  0  0  0  1  0  0  0  0  0  0  0  2  1  1  1  6  0  1  2  2  1  1  1 12  0  0  0  3  0  0  0  1  1  0  1  8  0  1  0  9  0  0  1  5  0  0  0  4  0  0  1  8  7 12 12161  1  2  3 20  0  0  1  0  2  3  2 11 14  6  5149  2  1  5 4401201513600230161874                
0724111218  1  3  2 10  0  0  0  0  0  0  0  0  1  3  2 10  0  1  2  3  0  0  0  2  0  0  0  3  1  1  0  4  0  0  0  0  0  3  2  8  1  0  0  2  0  0  0  0  0  1  0  1  1  1  1  0  0  1  1  9  0  2  0  2  0  0  0  3 10  5  7162  3  2  1 28  0  0  1  7  0  0  0  0  6  6  7106  6  7  4 290190121793000000                    
0924150101  0  0  1  0  0  0  0  0  0  0  0  0  0  0  1  0  0  0  0  0  0  0  0  0  0  0  0  0  0  0  1  0  0  0  0  0  0  0  0  0  0  0  1  0  0  0  0  0  0  0  0  0  0  0  1  0  0  0  0  0  0  0  1  0  0  0  0  0 46 41 32174  6  4  5 30 27 27 22121  0  0  1  0 14 22 14125  0  0  1  001601718110120311406                
0924150102  0  0  0  1  0  0  0  0  0  0  0  0  0  0  0  1  0  0  0  0  0  0  0  0  0  0  0  0  0  0  0  1  0  0  0  1  0  0  0  0  0  0  0  1  0  0  0  0  0  0  0  0  0  0  0  1  0  0  0  0  0  0  0  1  0  0  0  0 18 12 14245  2  3  5 73  0  0  0  7  1  0  1 13 12  9 15212  0  0  0  101101416330060151414                
0924150103  0  0  0  3  0  0  0  0  0  0  0  0  0  0  0  3  0  0  0  3  0  0  0  0  0  0  0  0  0  0  0  3  0  0  0  1  0  0  0  2  0  0  0  1  0  0  0  0  0  0  0  0  0  0  0  2  0  0  0  1  0  0  0  2  0  0  0  1 29 16 18291  5  6  4 71  0  0  0  9  6  5  2 76 22 24 35289 27 33 3746501801913970110111600                
0924150104  0  0  0  1  0  0  0  0  0  0  0  0  0  0  0  0  0  0  0  0  0  0  0  0  0  0  0  0  0  0  0  0  0  0  0  0  0  0  0  0  0  0  0  0  0  0  0  0  0  0  0  0  0  0  0  1  0  0  0  0  0  0  0  1  0  0  0  0 25 22 25217  7  6  6 68  0  2  1 15  0  0  0  2  3  3  8 73  1  1  1 18000000    021000                    
0924150105                                                                                                                                                                                                             10 19 14211  1  8  6 37  0  0  1  7 20 34 23200 11 14 12189 16 18 1518200000812500100071300                
0924150106                                                                                                                                                                                                              3  3  8 81  1  0  2 25  3  2  4 78  0  0  0  5  8  3  3104  0  0  0  401201015050050161263                
0924150107  0  0  0  3  0  0  0  0  0  0  0  0  0  0  0  2  0  0  0  1  0  0  0  0  0  0  0  0  0  0  0  2  0  0  0  0  0  0  0  1  0  0  0  1  0  0  0  0  0  0  0  0  0  0  0  1  0  0  0  2  0  0  0  1  0  0  0  1  0  0  0  2  0  0  0  0  0  0  0  0  0  0  0  0  0  0  0  0  0  0  0  301301214930000101571                
0924150108  0  2  1  0  0  0  0  0  0  0  0  0  0  2  1  0  0  2  1  0  0  0  0  0  0  1  0  0  0  2  1  0  0  0  0  0  0  1  0  0  0  1  1  0  0  0  0  0  0  0  1  0  0  1  0  0  0  1  0  0  0  2  1  0  0  0  1  0  0  0  0  1  0  0  0  0  0  0  1  2  0  0  0  0  0  0  0  0  0  2  1  00080201464000000                    
0924150109  0  0  2  4  0  0  0  0  0  0  0  0  0  0  0  0  0  0  0  0  0  0  0  0  0  0  0  1  0  0  0  0  0  0  0  0  0  0  0  0  0  0  0  0  0  0  0  0  0  0  0  1  0  0  2  0  0  0  0  3  0  0  0  0  0  0  1  2  5  2  9 34  1  1  3  9  0  2  1  2  0  1  1  1  2  6  6 31  2  0  4 2401601113180090101665                
0924150110  0  0  0  1  0  0  0  0  0  0  0  0  0  0  0  1  0  0  0  1  0  0  0  0  0  0  0  0  0  0  0  1  0  0  0  0  0  0  0  1  0  0  0  0  0  0  0  0  0  0  0  1  0  0  0  0  0  0  0  0  0  0  0  1  0  0  0  0 17 19 31260  0  1  3 28  0  0  1  7  0  0  0  0  8 10  8128  0  0  0  101001017160120141707                
0924150111  0  1  2  7  0  0  0  0  0  0  0  0  0  0  2  5  0  0  2  4  0  0  0  1  0  0  0  0  0  0  1  5  0  0  0  0  0  0  2  2  0  0  0  2  0  0  0  1  0  1  0  2  0  0  2  4  0  0  0  1  0  0  0  4  0  0  2  4 10  5  2114  0  2  0 13  0  0  0  0  0  0  0  0  5  2  2 75  0  1  2 1701501516140050161263                
0924150112                                                                                                                                                                                                              6 10 18139  2  3  3 39  1  2  4 31  2  3  4 43  6  6  9131 17 18 2811102001714390110141699                
0924150113  0  1  0  0  0  0  0  0  0  0  0  0  0  1  0  0  0  1  0  0  0  0  0  0  0  0  0  0  0  1  0  0  0  0  0  0  0  1  0  0  0  0  0  0  0  0  0  0  0  0  0  0  0  1  0  0  0  0  0  0  0  0  0  0  0  0  0  0 53 49 40378  7  9  5 70  1  3  4 21  0  0  0  0 30 37 44393  0  1  0  00070161626018000                    
0924150114  0  1  0  2  0  0  0  0  0  0  0  0  0  1  0  2  0  0  0  0  0  0  0  0  0  0  0  0  0  1  0  2  0  1  0  2  0  1  0  0  0  0  0  2  0  0  0  0  0  0  0  0  0  0  0  0  0  1  0  2  0  0  0  0  0  0  0  0 21 30 40362  8 12 12 92  4  7 12 56 16 15 20130 26 28 28346 16 23 131440120171370000000                    
0924150115  0  0  1  1  0  0  0  0  0  0  0  0  0  0  1  1  0  0  1  0  0  0  0  0  0  0  0  0  0  0  1  1  0  0  1  1  0  0  0  1  0  0  0  0  0  0  1  0  0  0  0  0  0  0  1  1  0  0  0  0  0  0  0  0  0  0  1  0  9 10  4132  2  3  1 33 15 15 12126  0  0  1  3  2  2  2 41 10 19 1919800001915440050161263                
0924150116  0  0  0  0  0  0  0  0  0  0  0  0  0  0  0  0  0  0  0  0  0  0  0  0  0  0  0  0  0  0  0  0  0  0  0  0  0  0  0  0  0  0  0  0  0  0  0  0  0  0  0  0  0  0  0  0  0  0  0  0  0  0  0  0  0  0  0  0  1  4  6134  0  0  2 25  0  0  0  3  3  4  4 43  0  3  4 78  0  0  0  300701415720080101612                
0924150201  0  0  0  1  0  0  0  0  0  0  0  0  0  0  0  1  0  0  0  1  0  0  0  0  0  0  0  0  0  0  0  1  0  0  0  1  0  0  0  1  0  0  0  0  0  0  0  0  0  0  0  0  0  0  0  0  0  0  0  1  0  0  0  1  0  0  0  0 12 13 15187  5  4  3 57  0  0  1  8  0  0  0  2  2  2  2 41  4  2  2 6602202214970070171200                
0924150202                                                                                                                                                                                                              0  4  7 51  0  3  5 22  0  0  0  2  4  4  0 40  0  1  1 33  3  1  1 2300901916170080171626                
0924150203  0  0  0  3  0  0  0  0  0  0  0  0  0  0  0  3  0  0  0  3  0  0  0  1  0  0  0  1  0  0  0  3  0  0  0  3  0  0  0  1  0  0  0  1  0  0  0  1  0  0  0  1  0  0  0  0  0  0  0  2  0  0  0  1  0  0  0  2  7  6 14223  4  1  6 80  0  2  2 28  0  0  0  3  4  6  7155  0  0  0  300801615450000111768                
0924150204  0  0  0  1  0  0  0  0  0  0  0  0  0  0  0  1  0  0  0  1  0  0  0  0  0  0  0  0  0  0  0  1  0  0  0  0  0  0  0  0  0  0  0  1  0  0  0  0  0  0  0  0  0  0  0  1  0  0  0  0  0  0  0  1  0  0  0  0 46 50 58467 23 19 25164 24 15 22159 15 14  8 47 26 25 27304 17 25 1413300502114640210201743                
0924150205                                                                                                                                                                                                             45 52 67521 15 20 28202 41 44 37284 21 28 16146 26 28 28346  6  4  3 4700001515460100071669                
0924150206  0  1  0  2  0  0  0  0  0  0  0  0  0  1  0  0  0  0  0  0  0  0  0  0  0  0  0  0  0  1  0  0  0  0  0  0  0  0  0  0  0  1  0  0  0  0  0  0  0  0  0  0  0  0  0  2  0  1  0  0  0  1  0  0  0  1  0  1 12 10  3 50  5  5  0 12  0  0  0  1  5  2  2 29  2  6  6 31  7  3  5 2902001816930140131621                
0924150207  0  0  0  3  0  1  0  0  0  0  0  0  0  0  0  0  0  0  0  0  0  0  0  0  0  0  0  0  0  0  0  0  0  0  0  0  0  0  0  0  0  0  0  0  0  0  0  0  0  0  0  0  0  0  0  0  0  0  0  3  0  0  0  0  0  0  0  1 16 22 23298 10 10 12113  0  1  2 16  0  1  1  9  3  3  8 73 15  8 1011001400717000210201743                
0924150208  0  0  0  3  0  0  0  0  0  0  0  0  0  0  0  1  0  0  0  1  0  0  0  0  0  0  0  0  0  0  0  1  0  0  0  2  0  0  0  1  0  0  0  0  0  0  0  0  0  0  0  0  0  0  0  2  0  0  0  1  0  0  0  1  0  0  0  1  5 10 23211  0  3  6 55  0  0  0 20  0  0  0  4 11 14 12189  0  0  2  902001816930000251200                
0924150209  0  0  0  1  0  0  0  0  0  0  0  0  0  0  0  1  0  0  0  1  0  0  0  0  0  0  0  0  0  0  0  1  0  0  0  0  0  0  0  0  0  0  0  1  0  0  0  0  0  0  0  0  0  0  0  1  0  0  0  0  0  0  0  1  0  0  0  0 47 39 41225  3  7  3 13  4  1  0 10  4  4  7 29 27 34 28193  7  4  1 4900501216190210201743                
0924150210  0  0  0  5  0  0  0  0  0  0  0  0  0  0  0  0  0  0  0  0  0  0  0  0  0  0  0  1  0  0  0  0  0  0  0  0  0  0  0  0  0  0  0  0  0  0  0  0  0  0  0  1  0  0  0  2  0  0  0  2  0  0  0  1  0  0  0  0 30 36 40341  9  8 12121  6  5  6 51  8 13 11 88 22 24 35289 14  9 1216501501416910050121619                
0924150211  0  0  0  1  0  0  0  0  0  0  0  0  0  0  0  1  0  0  0  0  0  0  0  0  0  0  0  0  0  0  0  1  0  0  0  1  0  0  0  0  0  0  0  1  0  0  0  0  0  0  0  0  0  0  0  1  0  0  0  0  0  0  0  1  0  0  0  0  2  7  4 70  2  3  2 26  0  3  1  8  0  3  1  3  8  3  3104  0  6  2  401801215400100071669                
0924150212  0  0  2  5  0  0  0  0  0  0  0  0  0  0  1  2  0  0  0  0  0  0  0  0  0  0  2  1  0  0  1  2  0  0  1  1  0  0  0  2  0  0  0  0  0  0  1  0  0  0  0  0  0  0  0  3  0  0  2  2  0  0  1  1  0  0  0  1 27 26 38191  7  8 12 55 10 11 17 71  2  1  3  8 23 19 27201  2  5 12 3901901615140190121698                
0924150301  0  0  0  8  0  0  0  0  0  0  0  0  0  0  0  3  0  0  0  1  0  0  0  0  0  0  0  1  0  0  0  2  0  0  0  1  0  0  0  1  0  0  0  2  0  0  0  0  0  0  0  3  0  0  0  0  0  0  0  5  0  0  0  2  0  0  0  2  5  6  4129  1  3  3 54  0  0  0  2  1  1  2 21  6  6  9131  0  0  0 210070141572018000                    
0924150302  0  0  1  2  0  0  0  0  0  0  0  0  0  0  1  2  0  0  1  2  0  0  1  1  0  0  0  0  0  0  1  2  0  0  1  1  0  0  1  1  0  0  0  0  0  0  0  1  0  0  0  1  0  0  1  1  0  0  0  0  0  0  0  1  0  0  1  0 29 33 34290  8  9 13 86  7  7 10 54  9 11 11 71 30 37 44393  3  7  6 3201000816370150131684                
0924150303  0  0  1  1  0  0  0  0  0  0  0  0  0  0  1  1  0  0  1  0  0  0  0  0  0  0  0  1  0  0  1  1  0  0  0  0  0  0  1  1  0  0  0  0  0  0  0  0  0  0  0  0  0  0  1  0  0  0  0  1  0  0  1  1  0  0  1  0 26 23 34358 12  8  9127 11 19 19156  9 14 10120 26 25 27304 41 37 4149201701515120140131621                
0924150304                                                                                                                                                                                                              0  0  0 59  0  0  0 22 10 16 12191 17 13  5187  0  3  4 78 65 74 888330180121540000000                    
0924150305  0  0  0  3  0  0  0  0  0  0  0  0  0  0  0  3  0  0  0  2  0  0  0  0  0  0  0  0  0  0  0  3  0  0  0  0  0  0  0  3  0  0  0  0  0  0  0  0  0  0  0  0  0  0  0  1  0  0  0  2  0  0  0  1  0  0  0  1 28 27 32171  1  0  2 18  0  0  0  7  0  0  0  0 27 34 28193  0  0  0  301402015630110141563                
0924150306  0  0  0  6  0  0  0  0  0  0  0  0  0  0  0  5  0  0  0  4  0  0  0  1  0  0  0  1  0  0  0  5  0  0  0  2  0  0  0  4  0  0  0  1  0  0  0  0  0  0  0  2  0  0  0  0  0  0  0  4  0  0  0  3  0  0  0  1 20 40 42375  7 15 13134  8 19 14100  0  0  0  2 26 28 28346  0  0  0  601301618410080201464                
0924150307  0  0  0  6  0  0  0  0  0  0  0  0  0  0  0  1  0  0  0  0  0  0  0  0  0  0  0  2  0  0  0  1  0  0  0  1  0  0  0  0  0  0  0  0  0  0  0  1  0  0  0  2  0  0  0  4  0  0  0  0  0  0  0  1  0  0  0  1 20 15 20231  6  5  8 75  0  0  1  6  0  0  0  1  3  3  8 73  0  0  0  801000816370100071366                
0924150308  0  0  2  1  0  0  0  0  0  0  0  0  0  0  2  1  0  0  1  1  0  0  0  0  0  0  1  0  0  0  2  1  0  0  1  0  0  0  2  1  0  0  0  0  0  0  0  0  0  0  0  0  0  0  0  0  0  0  2  1  0  0  2  1  0  0  1  0 71 46 52289 21 15 15 75  8  9  8 59  3  9  7 47 58 56 36286 25 43 4436700001915440110111611                
0924150309  0  0  0  1  0  0  0  0  0  0  0  0  0  0  0  0  0  0  0  0  0  0  0  0  0  0  0  0  0  0  0  0  0  0  0  0  0  0  0  0  0  0  0  0  0  0  0  0  0  0  0  1  0  0  0  0  0  0  0  0  0  0  0  0  0  0  0  0 12 15 14136  6  7  3 46  5  6  7 31  0  0  2  8 23 19 27201  5  3  7 3901601718110100071592                
0924150310  0  0  0  2  0  0  0  0  0  0  0  0  0  0  0  0  0  0  0  0  0  0  0  0  0  0  0  0  0  0  0  0  0  0  0  2  0  0  0  0  0  0  0  0  0  0  0  0  0  0  0  0  0  0  0  2  0  0  0  0  0  0  0  0  0  0  0  1 13 10  5135  9  4  3 31 15 15 12126  1  1  1  3  2  2  2 41  5  1  5 170170161580000000                    
0924150311  0  0  0  2  0  0  0  0  0  0  0  0  0  0  0  0  0  0  0  0  0  0  0  0  0  0  0  0  0  0  0  0  0  0  0  0  0  0  0  0  0  0  0  0  0  0  0  0  0  0  0  1  0  0  0  1  0  0  0  0  0  0  0  0  0  0  0  1  9  9 17237  3  5  6 92  0  1  2 44 13 18 11236 12  9 15212  7  3  7 7501101416330100071366                
0924150312  0  0  0  2  0  0  0  0  0  0  0  0  0  0  0  2  0  0  0  1  0  0  0  0  0  0  0  0  0  0  0  2  0  0  0  0  0  0  0  1  0  0  0  1  0  0  0  0  0  0  0  1  0  0  0  0  0  0  0  1  0  0  0  2  0  0  0  2  4  7  8130  1  2  2 31 10  3  7 73  0  0  1  4  8 10  8128  0  0  0  200701615390110141563                
0924150313                                                                                                                                                                                                             17 28 19280  7  7  3 90 24 27 22191  2  4  4 21 22 24 35289  1  8  3 3100301216500170181707                
0924150314  0  0  0  1  0  0  0  0  0  0  0  0  0  0  0  0  0  0  0  0  0  0  0  0  0  0  0  0  0  0  0  0  0  0  0  0  0  0  0  0  0  0  0  0  0  0  0  0  0  0  0  0  0  0  0  0  0  0  0  1  0  0  0  1  0  0  0  0 11 14  7149  2  0  0 32  7  4  1 40  1  1  1  9 20 26 28270  6  7 13 4802001714390220121681                
0924150315  0  0  0  2  0  0  0  0  0  0  0  0  0  0  0  2  0  0  0  0  0  0  0  0  0  0  0  0  0  0  0  2  0  0  0  0  0  0  0  1  0  0  0  1  0  0  0  0  0  0  0  0  0  0  0  1  0  0  0  1  0  0  0  2  0  0  0  0  6  9  7131  3  4  2 41  0  0  0 25  0  0  0  6 11 14 12189  0  0  0 3900001214880180091468                
0924150316  0  0  0  2  0  0  0  1  0  0  0  0  0  0  0  1  0  0  0  0  0  0  0  0  0  0  0  0  0  0  0  1  0  0  0  0  0  0  0  1  0  0  0  0  0  0  0  0  0  0  0  1  0  0  0  0  0  0  0  1  0  0  0  1  0  0  0  0  0  0  0  0  0  0  0  0  0  0  0  0  0  0  0  0  0  0  0  0 37 17 2319302101916440100081577                
0924150401  0  0  0  1  0  0  0  0  0  0  0  0  0  0  0  1  0  0  0  1  0  0  0  0  0  0  0  0  0  0  0  1  0  0  0  1  0  0  0  1  0  0  0  0  0  0  0  0  0  0  0  1  0  0  0  0  0  0  0  0  0  0  0  1  0  0  0  0 38 41 32196 11  7  9 39 18 14 11 70  3  1  0 12 58 56 36286  7  9  5 370200171548000000                    
0924150402  0  0  0  2  0  0  0  0  0  0  0  0  0  0  0  2  0  0  0  2  0  0  0  0  0  0  0  0  0  0  0  2  0  0  0  0  0  0  0  1  0  0  0  1  0  0  0  0  0  0  0  2  0  0  0  0  0  0  0  0  0  0  0  1  0  0  0  0 26 17 24124  4  1  7 22 11  9 12 30 11  8  0 38 14 22 14125  0  0  0  201901217930110111771                
0924150403  0  0  0  3  0  0  0  0  0  0  0  0  0  0  0  3  0  0  0  1  0  0  0  0  0  0  0  0  0  0  0  3  0  0  0  0  0  0  0  2  0  0  0  1  0  0  0  0  0  0  0  1  0  0  0  0  0  0  0  2  0  0  0  1  0  0  0  1  3  4  4 60  0  0  0 16  0  0  0  3  0  0  0  1  2  2  2 41  2  2  3 2501901217930230161874                
0924150404  0  0  0  1  0  0  0  0  0  0  0  0  0  0  0  0  0  0  0  0  0  0  0  0  0  0  0  0  0  0  0  0  0  0  0  0  0  0  0  0  0  0  0  0  0  0  0  0  0  0  0  1  0  0  0  0  0  0  0  0  0  0  0  1  0  0  0  0  8 14 20159  2  4  8 41  0  0  1  4  5 15 11129 22 24 35289  1  1  0  501402015640110111783                
0924150405  0  0  0  3  0  0  0  0  0  0  0  0  0  0  0  3  0  0  0  2  0  0  0  0  0  0  0  0  0  0  0  2  0  0  0  0  0  0  0  1  0  0  0  0  0  0  0  2  0  0  0  0  0  0  0  1  0  0  0  2  0  0  0  1  0  0  0  1  4 12  4 23  1  3  0  6  0  1  0  3  5  7  2 16  2  6  6 31 12  8  9 4201501119010170141485                
0924150406  0  0  0  1  0  0  0  0  0  0  0  0  0  0  0  1  0  0  0  1  0  0  0  0  0  0  0  0  0  0  0  1  0  0  0  1  0  0  0  0  0  0  0  0  0  0  0  1  0  0  0  1  0  0  0  0  0  0  0  0  0  0  0  1  0  0  0  0  7 22 20113  2  9  4 24 16 16 14 83 57 47 41282 12 19  7159 51 42 332110140131758000000                    
0924150407  0  0  1  1  0  0  0  0  0  0  0  0  0  0  1  1  0  0  1  0  0  0  0  0  0  0  0  0  0  0  1  1  0  0  0  0  0  0  1  1  0  0  0  0  0  0  0  0  0  0  0  1  0  0  0  0  0  0  1  0  0  0  1  0  0  0  0  0 84 40 38 86 19  8 12 14 11 11  6 21 33 18 15 76 45 38 27 93  9  8  6 4902001817770020131200                
0924150408                                                                                                                                                                                                             14 12 11145  2  2  1 14  6  3  5 47  3  2  3 26 20 26 28270 13  7  5 5502101918500090071942                
0924150409                                                                                                                                                                                                              7 15 10100  0  4  3 12 29 28 21181  4  4  6 54 11 14 12189 14 15 2413301401317580330091333                
0924150410  0  0  0  1  0  0  0  0  0  0  0  0  0  0  0  1  0  0  0  0  0  0  0  0  0  0  0  0  0  0  0  1  0  0  0  0  0  0  0  1  0  0  0  0  0  0  0  0  0  0  0  0  0  0  0  1  0  0  0  0  0  0  0  0  0  0  0  0  0  1  4 19  0  0  1  3  0  0  0  6  1  0  0 16  8  3  3104  0  0  0  90210191850000022                    
0924150411  0  0  1  0  0  0  0  0  0  0  0  0  0  0  1  0  0  0  1  0  0  0  0  0  0  0  0  0  0  0  1  0  0  0  1  0  0  0  0  0  0  0  0  0  0  0  1  0  0  0  1  0  0  0  0  0  0  0  0  0  0  0  1  0  0  0  0  0 16 13 15111  3  5  5 18  2  2  1 22  0  0  1  0 27 21 26275  3  2  2 1401901516150230161874                
0924150412  0  0  0  1  0  0  0  0  0  0  0  0  0  0  0  1  0  0  0  1  0  0  0  1  0  0  0  0  0  0  0  1  0  0  0  0  0  0  0  0  0  0  0  1  0  0  0  0  0  0  0  0  0  0  0  0  0  0  0  1  0  0  0  1  0  0  0  1  1  2  2 92  0  0  0 25  1  0  1 49  3  4  0 13  4  6  7155 11  4 11 960200181777000022                    
0924150413  0  0  0  1  0  0  0  0  0  0  0  0  0  0  0  1  0  0  0  0  0  0  0  0  0  0  0  0  0  0  0  1  0  0  0  0  0  0  0  0  0  0  0  0  0  0  0  1  0  0  0  0  0  0  0  0  0  0  0  1  0  0  0  1  0  0  0  0 31 36 31213  3  5  7 46  2  2  3 31  0  0  0  9 30 37 44393  0  0  0  101001017620230161874                
0924150501                                                                                                                                                                                                             17 17 16164  8  8  9 57  4  0  4 30  0  0  0  1 30 37 44393  1  1  1  90200181777000014                    
0924150502                                                                                                                                                                                                             65 35 37117 20  8 11 27 14 96 75319 70 36 25125 45 38 27 93 36 22 12 710200171548000000                    
0924150503  0  0  0  5  0  0  0  0  0  0  0  0  0  0  0  4  0  0  0  1  0  0  0  0  0  0  0  1  0  0  0  2  0  0  0  1  0  0  0  4  0  0  0  0  0  0  0  0  0  0  0  0  0  0  0  1  0  0  0  4  0  0  0  2  0  0  0  2  5  3  2110  4  2  2 42  1  1  1  9  0  0  0  2 12  9 15212  8 18  7 9501601112300110101678                
0924150504  0  0  0  8  0  0  0  0  0  0  0  0  0  0  0  6  0  0  0  2  0  0  0  1  0  0  0  0  0  0  0  6  0  0  0  0  0  0  0  6  0  0  0  0  0  0  0  0  0  0  0  2  0  0  0  3  0  0  0  3  0  0  0  2  0  0  0  3  0  0  0  0  0  0  0  0  0  0  0  0  0  0  0  0  0  0  0  0  0  0  0 1301701616960200171548                
0924150505  0  0  0  2  0  0  0  0  0  0  0  0  0  0  0  2  0  0  0  1  0  0  0  1  0  0  0  0  0  0  0  2  0  0  0  0  0  0  0  1  0  0  0  0  0  0  0  1  0  0  0  0  0  0  0  1  0  0  0  1  0  0  0  1  0  0  0  0  0  0  0 23  0  0  0 10  0  0  0  6  1  2  0 14  8  3  3104  0  0  0  201200916680090071942                
0924150506  0  0  0  1  0  0  0  0  0  0  0  0  0  0  0  1  0  0  0  0  0  0  0  0  0  0  0  0  0  0  0  1  0  0  0  0  0  0  0  0  0  0  0  0  0  0  0  1  0  0  0  1  0  0  0  0  0  0  0  0  0  0  0  1  0  0  0  0  1  1  6 61  0  0  2 19  0  0  0  6  0  0  0  2  2  2  2 41  0  0  0  101701515530160001900                
0924150507  0  0  0  3  0  0  0  0  0  0  0  0  0  0  0  2  0  0  0  2  0  0  0  1  0  0  0  0  0  0  0  2  0  0  0  1  0  0  0  2  0  0  0  0  0  0  0  0  0  0  0  1  0  0  0  1  0  0  0  1  0  0  0  2  0  0  0  1 11  4  8 96  4  0  3 36  5 15 13 47  0  0  1  4 27 14 15158  5  3  2 4501601617060060081275                
0924150508  0  0  0  3  0  0  0  0  0  0  0  0  0  0  0  2  0  0  0  0  0  0  0  0  0  0  0  1  0  0  0  2  0  0  0  3  0  0  0  0  0  0  0  1  0  0  0  1  0  0  0  1  0  0  0  2  0  0  0  0  0  0  0  3  0  0  0  1  0  0  2 24  0  0  0 11 10 16 12191  0  1  1 12  0  3  4 78  4  7 111190140131758000000                    
0924150509  0  0  1  1  0  0  0  0  0  0  0  0  0  0  1  1  0  0  1  0  0  0  0  0  0  0  0  0  0  0  1  1  0  0  0  0  0  0  1  1  0  0  0  0  0  0  0  0  0  0  0  0  0  0  1  0  0  0  0  1  0  0  1  1  0  0  0  1 20 12 11100  9  7  1 40 12 11  9 66  0  0  1  1 23 19 27201  9  5  3 230220221768000019                    
0924150510  0  0  0  5  0  0  0  0  0  0  0  0  0  0  0  3  0  0  0  0  0  0  0  0  0  0  0  1  0  0  0  3  0  0  0  0  0  0  0  1  0  0  0  1  0  0  0  1  0  0  0  2  0  0  0  2  0  0  0  1  0  0  0  2  0  0  0  1 11  9  8130  5  2  4 57  0  2  1 37  6  5  2 76 22 24 35289 51 64 506180110151354000019                    
0924150511  0  0  0  1  0  0  1  0  0  0  0  0  0  0  0  1  0  0  0  0  0  0  0  0  0  0  0  0  0  0  0  1  0  0  0  0  0  0  0  1  0  0  0  0  0  0  0  0  0  0  0  1  0  0  0  0  0  0  0  0  0  0  0  1  0  0  0  0  4  3  6 43  0  0  1 14  1  7  0 41  0  0  0  0  8 10  8128  0  0  0  101601112300060121425                
0924150512  0  2  0  2  0  0  0  0  0  0  0  0  0  2  0  2  0  2  0  1  0  1  0  0  0  0  0  0  0  2  0  2  0  0  0  0  0  1  0  2  0  1  0  0  0  0  0  0  0  1  0  0  0  1  0  1  0  0  0  1  0  0  0  1  0  0  0  1 44 40 28233  7 10  6 68 11 11 11 48  9  3  3 39 58 56 36286  8  4  3 2901901616730170181889                
0924150513  0  0  0  2  0  0  0  0  0  0  0  0  0  0  0  2  0  0  0  1  0  0  0  0  0  0  0  0  0  0  0  2  0  0  0  0  0  0  0  2  0  0  0  0  0  0  0  0  0  0  0  1  0  0  0  0  0  0  0  1  0  0  0  1  0  0  0  1 14 10 22114  3  4 11 56  0  4  1  8 45 41 37247 12 19  7159  3  1  0  401701515530240251823                
0924150514  0  0  0  1  0  0  0  0  0  0  0  0  0  0  0  1  0  0  0  0  0  0  0  0  0  0  0  0  0  0  0  1  0  0  0  0  0  0  0  1  0  0  0  0  0  0  0  0  0  0  0  0  0  0  0  0  0  0  0  1  0  0  0  1  0  0  0  0  3  6  3 21  2  2  1  8  0  1  2  3  0  1  0  2  2  6  6 31  0  0  0  10140131758000015                    
0924150515                                                                                                                                                                                                             21 25 25148  9 11  4 45  3  5  0  8 11  8  7 56 14 22 14125 22  7 17 9902001817770060001200                
0924150601  1  1  3  7  0  0  0  0  0  0  0  0  1  1  3  7  1  1  1  6  0  0  0  1  0  0  1  1  0  1  3  5  0  1  1  6  1  1  1  1  0  0  2  2  0  0  0  4  1  0  1  1  0  0  0  4  0  1  2  2  0  0  1  2  0  0  1  1 45 52 67521 15 20 28202  1  4  3 26  0  1  1  7 26 28 28346  1  2  4 1701601316840070171200                
0924150602  1  0  2 15  0  0  0  0  0  0  0  0  0  0  2  4  0  0  2  3  0  0  0  2  0  0  2  4  0  0  2  4  0  0  0  2  0  0  1  3  0  0  0  0  0  0  1  1  0  0  1  3  1  0  1  8  0  0  0  4  0  0  0  3  1  0  0  7 93 79 69374 31 31 21 91 19  8 11 76  0  0  0  2 58 56 36286  2  0  2 1901801215400090061380                
0924150603  0  1  4  5  0  0  0  1  0  0  0  0  0  0  2  2  0  0  1  1  0  0  0  0  0  0  1  0  0  0  1  2  0  0  0  0  0  0  0  2  0  0  1  0  0  0  1  0  0  0  1  0  0  0  1  0  0  1  2  5  0  0  2  1  0  0  2  3 12 10  3 50  5  5  0 12  0  1  0  4  2  3  0  8  2  6  6 31  0  1  4  501401317500210201743                
0924150604  1  1  1 11  0  0  0  0  0  0  0  0  1  1  1 11  0  0  0  4  0  0  0  2  0  0  1  1  1  1  1  6  0  0  0  1  0  0  0  6  1  1  1  3  0  0  0  2  1  0  0  4  0  0  0  4  0  1  1  3  0  1  0  5  0  0  1  6  5  6 13112  1  3  2 46  5  3  8 88  0  1  0 16  5  8  9143  6  4  9 820060141491000000                    
0924150605  1  0  0  4  0  0  0  1  0  0  0  0  1  0  0  3  0  0  0  0  0  0  0  0  0  0  0  0  1  0  0  2  1  0  0  1  1  0  0  2  0  0  0  1  0  0  0  0  0  0  0  0  0  0  0  2  1  0  0  2  0  0  0  1  1  0  0  2  5  5  5 76  2  1  2 23  3  1  6 18  1  0  0  3  1  4  5 54  1  0  0  601201215880080201464                
0924150606  0  0  0  6  0  0  0  0  2  0  1  0  0  0  0  2  0  0  0  1  0  0  0  0  0  0  0  0  0  0  0  2  0  0  0  1  0  0  0  2  0  0  0  0  0  0  0  0  0  0  0  2  0  0  0  2  0  0  0  2  0  0  0  3  0  0  0  1 12 13 15187  5  4  3 57  0  0  0  7  0  0  0  1  2  2  2 41  0  0  0 1001101416990070111404                
0924150607  1  1  1  3  0  0  0  0  0  0  0  0  1  1  1  3  1  1  1  3  1  0  0  0  1  0  0  2  1  0  0  2  1  0  0  2  0  1  1  2  0  0  0  1  1  0  0  0  1  1  1  0  0  0  0  3  0  0  0  0  0  0  1  0  0  0  0  2 97 73 48136 27 13 15 24 14 96 75319 33 18 15 76 45 38 27 93  9  8  9 4701701515120120101166                
0924150608  1  2  4 33  0  0  0  0  0  0  0  0  1  1  2 27  0  0  1  9  0  0  0  3  1  1  2 11  1  1  1 14  0  0  0  2  0  1  1 18  1  0  1  4  0  0  0  5  0  0  1  9  1  2  3 12  0  0  0 11  1  0  0 10  0  1  3  7  7  6 14223  4  1  6 80  0  0  0  4  0  0  0  2  4  6  7155  7  7  9 870110151410000000                    
0924150609  0  1  0 11  1  0  0  1  0  0  0  0  0  1  0  9  0  1  0  5  0  1  0  3  0  0  0  0  0  1  0  6  0  1  0  0  0  0  0  1  0  0  0  4  0  1  0  4  0  0  0  3  0  1  0  5  0  0  0  3  0  1  0  2  0  0  0  2 13 16 18212  0  3  4 34 10  3  7 73  0  1  1 21  8 10  8128  1  2  0 4001301514000170111553                
0924150610  0  0  1  7  1  0  0  0  0  0  0  0  0  0  1  7  0  0  0  3  0  0  0  2  0  0  0  2  0  0  1  6  0  0  1  3  0  0  1  4  0  0  0  2  0  0  0  1  0  0  0  1  0  0  0  3  0  0  1  3  0  0  0  2  0  0  0  3 50 57 72423 15 12 26127  2  9  6 42 25 32 35228 30 37 44393  4  5  6 3401301315520000041700                
0924150701  0  1  2  5  1  0  0  0  0  0  0  0  0  1  2  5  0  0  0  2  0  0  0  0  0  1  0  1  0  1  1  3  0  0  2  2  0  1  2  2  0  0  0  0  0  0  0  3  0  0  0  0  0  1  2  4  0  0  0  1  0  1  2  1  0  0  0  0  4  7  8130  1  2  2 31  0  0  3 25  0  0  2  3  8 10  8128  5  8  8 5500001915440000251550                
0924150702  0  0  0 16  0  0  0  0  4  1  0  0  0  0  0 16  0  0  0  1  0  0  0  1  0  0  0  0  0  0  0 11  0  0  0  0  0  0  0 12  0  0  0  0  0  0  0  4  0  0  0  3  0  0  0  7  0  0  0  6  0  0  0  3  0  0  0  4  3  6 14179  1  4  6 75  0  0  1  4  0  0  0  4  4  6  7155  0  0  0 1101101115230020131630                
0924150703  0  4  3 17  0  1  0  0  0  0  0  0  0  1  1  4  0  0  0  0  0  0  0  0  0  0  0  3  0  0  0  2  0  0  0  0  0  1  0  1  0  0  0  2  0  0  1  1  0  0  1  6  0  4  2  7  0  0  0  4  0  2  0  3  0  1  0  6  9  9 17237  3  5  6 92  4  4 10 99  2  0  3 26 12  9 15212  3  6  3 4901101416990210201743                
0924150704  1  3  4 18  0  0  0  1  0  0  0  0  1  3  2 14  1  3  2 11  0  1  1  6  0  1  0  1  0  2  1 10  0  0  0  1  1  1  1 10  0  1  1  3  0  1  0  1  0  0  0  1  1  0  1 10  0  3  3  7  1  2  1  3  1  0  1  5 17 28 19280  7  7  3 90  3  1  0 43  1  5  5 29 22 24 35289 16 21 2021901601615460050121619                
0924150705  1  1  0  7  0  0  0  0  0  0  0  0  1  1  0  5  1  1  0  1  1  1  0  1  0  0  0  1  1  1  0  5  0  0  0  0  1  0  0  3  0  1  0  1  0  0  0  1  1  0  0  0  0  0  0  4  0  1  0  3  1  1  0  1  0  0  0  3 20 15 20231  6  5  8 75  1  1  1 12  0  0  0  0  3  3  8 73  1  1  0 130180191397000000                    
0924150706  0  0  2  8  1  0  0  1  0  0  0  0  0  0  2  5  0  0  2  3  0  0  1  1  0  0  0  0  0  0  2  4  0  0  0  1  0  0  1  2  0  0  0  2  0  0  1  1  0  0  1  0  0  0  0  5  0  0  1  3  0  0  2  3  0  0  1  3 26 23 34358 12  8  9127  4  4  2 38 14 14 17146 26 25 27304  5  3  6 5001701515120180091468                
0924150707  1  3  0  5  0  0  0  0  0  0  0  0  1  3  0  4  0  0  0  0  0  0  0  0  0  0  0  1  1  0  0  2  0  0  0  0  1  2  0  1  0  0  0  0  0  1  0  3  1  1  0  2  0  1  0  1  0  1  0  2  0  3  0  0  0  1  0  1  7  2  5 31  2  1  0 12  1  2  0  5  9  6  7 24  2  6  6 31 47 47 352190210191644000000                    
0924150708  1  0  5 23  0  0  0  0  0  0  0  0  0  0  3 15  0  0  3 14  0  0  1  6  1  0  2  4  0  0  1 11  0  0  2  4  0  0  3 10  0  0  0  4  0  0  0  1  0  0  1  4  1  0  1  5  0  0  3 14  1  0  1  7  0  0  2 13 20 40 42375  7 15 13134  3  0  5 28  0  0  2  4 26 28 28346 10 10 1910601601316840040041750                
0924150709  1  2  2  5  0  0  0  0  0  0  0  0  1  2  2  2  0  0  0  0  0  0  0  0  0  2  0  0  1  2  0  1  0  0  0  0  1  1  1  0  0  1  0  1  0  0  1  1  1  0  0  1  0  1  2  3  0  1  0  1  0  0  1  1  0  1  1  2 71 46 52289 21 15 15 75 24 17  5 52  5  5  6 19 58 56 36286 10  8  3 2802101916440000071314                
0924150710  1  2  2  8  0  1  0  0  0  0  0  0  1  2  2  8  0  0  0  2  0  0  0  2  0  2  2  1  1  2  2  7  0  2  0  0  0  0  1  7  1  0  1  0  0  2  0  1  0  0  0  1  0  2  2  5  1  0  0  2  0  0  0  4  0  1  1  3 29 33 34290  8  9 13 86 15 24 16222  1  0  0  0 30 37 44393  0  0  0  301402015630000141066                
0924150711  1  4  2  4  0  0  0  0  0  0  0  0  1  4  2  4  0  1  1  1  0  1  1  0  0  0  0  1  1  3  2  2  1  1  1  3  0  2  2  2  1  1  0  0  0  1  0  2  0  2  1  0  0  2  1  2  1  0  0  2  0  2  0  0  0  3  0  1 13 10  5135  9  4  3 31 15 15 12126  2  1  1  9  2  2  2 41  5  5  3 2500801615450210201743                
0924150712  1  2  0  3  0  0  0  0  0  0  0  0  0  1  0  0  0  1  0  0  0  0  0  0  0  0  0  2  0  1  0  0  1  2  0  3  0  1  0  0  0  0  0  0  0  0  0  0  1  1  0  0  0  1  0  2  0  0  0  1  0  1  0  1  0  0  0  3 11 14  7149  2  0  0 32 33 24 25257  1  2  0  3 20 26 28270  1  2  0  401402015630130101600                
0924150801  3  2  2 16  0  0  0  0  5  3  1  0  3  2  2  6  1  0  0  0  1  0  0  0  1  0  1  4  3  2  2  6  1  0  0  1  2  1  2  5  0  1  0  0  1  0  0  1  0  0  0  1  0  0  0  7  0  0  0  2  1  2  2  5  1  0  1  2 18 25 27173  3  2  3 18  0  0  0  1  1  0  0  1  2  4  5 33  8  7  7 9101301314770060081275                
0924150802  6  2  9 19  0  0  0  0  0  0  0  0  3  1  3  6  1  0  0  0  1  0  0  0  1  1  2  9  3  1  3  6  0  0  0  0  1  0  2  5  1  1  1  0  1  0  0  1  0  0  2  3  1  0  2  7  2  1  2  3  4  0  2  6  0  1  2  6 19  9 11128  3  2  2 26  1  0  0  7  5  1  2 18  1  0  2 31  5  2  5 140160131846000020                    
0924150803  5  3  3 19  0  0  0  0  0  0  0  0  2  1  1  6  0  0  0  1  0  0  0  1  2  2  1  6  2  1  1  6  0  0  1  0  1  0  1  5  0  0  0  1  1  1  0  0  1  1  1  3  1  0  1  6  1  1  0  4  1  3  1  3  1  0  0  3 33 35 20131  7  9  3 23  0  0  1  0  0  1  1  3  1  0  0 16 25 29 322180110111817000000                    
0924150804  5  6  2  8  0  0  0  0  0  0  0  0  5  2  1  2  0  0  0  0  0  0  0  0  2  1  0  2  5  2  1  2  2  0  0  0  3  0  1  2  1  1  0  0  1  1  0  0  0  1  1  2  0  2  0  1  0  1  0  3  2  1  0  0  2  5  1  5 41 23 21173  2  1  5 17  2  0  0  1  5  8 11 68  2  7  5 16 15  8 141300150102003000000                    
0924150805  3  2  2 13  0  0  0  0  0  0  0  0  1  1  1  3  0  0  0  0  0  0  0  0  1  1  0  8  1  1  1  3  0  0  0  0  1  1  1  2  0  0  0  0  0  0  0  1  2  0  0  2  0  0  1  5  0  1  0  3  0  0  0  3  2  1  0  5 12 15 14169  2  5  3 33  0  0  0  0  0  1  1  5  1  1  1 10 22 18 18 9601301214940140131602                
0924150806  5  3  3 17  0  0  0  0  0  0  0  0  2  2  2  2  0  0  1  0  0  0  1  0  1  1  2  7  2  2  2  2  2  2  1  1  2  2  1  0  0  0  1  0  0  0  0  2  0  1  1  5  3  0  0  6  0  0  0  4  0  0  1  5  2  2  1  6 28 30 38174  2  3  4 24  2  2  1  1  2  8  2 20  3  2  1 16 10  5  7 920150111901000000                    
0924150807  2  6  4 10  0  0  0  0  0  0  0  0  2  2  4  4  0  0  0  0  0  0  0  0  0  1  3  1  2  2  4  4  1  1  2  1  2  1  4  4  0  1  0  0  0  0  0  0  0  1  0  0  0  0  0  3  0  3  0  3  1  2  0  2  1  1  0  3 26 24 24124  2  2  3 16  3  2  3  5  2  1  2  5  1  1  0  8  2  6  6 130200181777000019                    
0924150808  6  0  0  9  0  0  0  0  0  0  0  0  3  0  0  1  0  0  0  0  0  0  0  0  1  0  0  5  3  0  0  1  3  0  0  1  3  0  0  0  0  0  0  1  0  0  0  0  1  0  0  4  1  0  0  3  1  0  0  1  1  0  0  2  3  0  0  3 14 10 17 74  3  0  2 12  6  1  7 10  3  0  0  1  1  5  2 19 17  5  3 2502301618740140002400                
0924150809  1  0  3  9  0  0  0  0  0  0  0  0  1  0  3  5  0  0  0  0  0  0  0  0  1  0  0  0  1  0  3  5  0  0  0  1  0  0  3  4  0  0  0  1  1  0  0  0  0  0  0  2  0  0  0  0  0  0  0  2  1  0  0  3  0  0  0  3 14  6 13 63  2  2  3  8  0  0  0  1  0  0  0  1  2  0  0 10  3  2  5 5401501020030210201897                
0924150810  4  1  2  9  0  0  0  0  0  0  0  0  3  0  1  2  0  0  0  0  0  0  0  0  0  0  0  3  3  0  1  2  3  0  1  2  2  0  1  1  1  0  0  0  0  0  0  1  1  1  0  0  0  0  1  5  0  0  0  2  0  0  0  2  3  0  0  2 14 18 19209  2  0  2 18  5  3  4 16  4  1  1  2  0  0  2 23 11  8  7 6002202017650200191400                
0924150901  1  0  0  2  0  0  0  0  0  0  0  0  1  0  0  2  0  0  0  0  0  0  0  0  0  0  0  0  1  0  0  1  0  0  0  0  1  0  0  1  0  0  0  1  0  0  0  0  0  0  0  2  1  0  0  0  0  0  0  0  0  0  0  0  0  0  0  1  0  0  1  5  0  0  1  2  0  0  0  0  2  3  0  8  2  6  6 31  3  5  3 2701901217930230161874                
0924150902  1  0  0  2  0  0  0  0  0  0  0  0  1  0  0  2  0  0  0  0  0  0  0  0  0  0  0  0  1  0  0  1  1  0  0  2  1  0  0  2  0  0  0  0  0  0  0  0  1  0  0  0  0  0  0  1  0  0  0  1  0  0  0  0  1  0  0  0  5  1  2 35  4  0  0 10 12  6  8 45  2  4  6 25 30 37 44393 25 28 291490200181777000014                    
0924150903  1  0  0  3  0  0  0  0  0  0  0  0  1  0  0  3  0  0  0  0  0  0  0  0  0  0  0  0  1  0  0  3  1  0  0  3  0  0  0  3  0  0  0  0  1  0  0  0  0  0  0  2  1  0  0  1  0  0  0  0  0  0  0  1  0  0  0  2  2  0  0 16  0  0  0  6  2  3  0 32  1  0  0  3 11 14 12189  1  0  0  502202217680120141826                
0924150904  1  1  0  0  0  0  0  0  0  0  0  0  1  1  0  0  0  0  0  0  0  0  0  0  0  0  0  0  1  0  0  0  1  0  0  0  1  1  0  0  0  0  0  0  0  0  0  0  0  1  0  0  1  0  0  0  0  0  0  0  1  0  0  0  1  1  0  0  9  9  7 20  5  3  3  5 34 29 17 56  2  2  1  1 45 38 27 93  5  5  2  70220221768000000                    
0924150905  1  1  0  0  0  0  0  0  0  0  0  0  0  0  0  0  0  0  0  0  0  0  0  0  0  0  0  0  0  0  0  0  0  1  0  0  0  0  0  0  0  0  0  0  0  0  0  0  1  0  0  0  0  1  0  0  0  0  0  0  0  0  0  0  0  0  0  0  7  8  7 29  3  6  4 16  1  3  1 17  1  1  0  2 26 28 28346  4  4  1  30200181777000000                    
0924150906  1  1  0  1  0  0  0  0  0  0  0  0  1  1  0  1  0  0  0  0  0  0  0  0  0  0  0  1  1  1  0  1  0  0  0  0  0  1  0  1  1  0  0  0  0  0  0  0  0  1  0  0  0  0  0  1  1  0  0  0  0  0  0  1  1  0  0  1  3  3  4 17  2  1  2  3  0  0  0  2  0  0  0  0 14 22 14125  1  1  0  100501319000110111783                
0924150907  1  1  0  2  0  0  0  0  0  0  0  0  1  1  0  2  0  0  0  1  0  0  0  0  0  0  0  0  1  1  0  1  0  0  0  0  0  1  0  1  1  0  0  1  0  0  0  0  1  0  0  1  0  1  0  1  0  0  0  0  0  0  0  1  0  0  0  0  4  4  2 37  3  2  0 12  4  6  8 30 21 11 11 84 58 56 36286 14 14 10 9202202017650150111901                
0924151001  2  3  1 10  0  0  0  0  0  0  0  0  2  3  1  9  1  1  1  0  1  0  0  0  0  0  0  1  2  2  1  5  1  1  1  0  2  3  1  8  0  0  0  0  0  0  0  1  1  2  1  3  1  1  0  3  0  0  0  4  1  1  0  1  0  0  1  3 52 55 35214  7  6  3 36  1  1  2  0  3  1  1  3 14 22 14125  3  3  3 2001501417860130101200                
0924151002  3  1  1  4  0  0  0  0  0  0  0  0  3  1  1  4  1  0  0  1  0  0  0  0  0  0  0  1  3  1  1  4  0  0  0  0  2  1  1  3  0  0  0  0  1  0  0  1  2  1  1  1  1  0  0  1  0  0  0  2  1  0  1  2  0  0  0  1 50 57 72423  3  5  7 37 12  6  8 45  0  0  0  1 30 37 44393 15  9  8 6801501417860110111817                
0924151003  3  1  0  5  0  0  0  0  0  0  0  0  3  1  0  5  1  1  0  1  1  0  0  1  0  0  0  0  2  1  0  3  0  1  0  0  3  0  0  5  0  1  0  0  0  0  0  0  1  0  0  1  1  0  0  1  1  1  0  3  0  0  0  1  2  1  0  1 45 52 67521  3  8 10 64  1  4  1 20 10 13  8134 26 28 28346  3  1  0  601401016950330091333                
0924151004  3  1  0  9  0  0  0  0  0  0  0  0  3  1  0  9  1  0  0  4  0  0  0  0  1  0  0  3  0  1  0  7  1  1  0  3  3  1  0  8  0  0  0  1  0  0  0  0  1  0  0  4  2  0  0  4  0  1  0  1  0  0  0  3  1  0  0  3 27 26 38191  4  3  6 19 38 28 20176 41 47 30278 23 19 27201 30 35 3520602202017650140101695                
0924151005  3  2  1  4  0  0  0  0  0  0  0  0  3  2  1  4  2  1  1  2  0  0  1  0  0  0  0  0  3  2  1  3  0  0  0  0  2  2  1  3  1  0  0  0  0  0  0  1  1  0  0  2  0  2  0  1  2  0  1  1  1  1  0  1  0  0  0  2 12 10  3 50  0  1  0  7  3  3  4  7  5  2  2 29  2  6  6 31 30 29 3017101901616730040041800                
0924151006  3  2  2  9  0  0  0  0  0  0  0  0  3  2  2  8  0  2  1  2  0  1  1  2  0  1  0  4  2  2  1  4  0  0  0  0  1  2  2  5  2  0  0  2  0  0  0  1  0  0  2  1  1  2  0  5  2  0  0  3  0  2  0  1  1  0  1  6 27 30 22261  0  1  2 11  1  0  0  6  3  4  5 46 20 26 28270  6  4  5 2901201016500170141485                
0924151007  3  0  0  2  0  0  0  0  0  0  0  0  3  0  0  2  2  0  0  0  1  0  0  0  1  0  0  1  3  0  0  1  3  0  0  1  2  0  0  2  1  0  0  0  0  0  0  0  1  0  0  0  0  0  0  0  2  0  0  2  0  0  0  0  2  0  0  0 97 73 48136 13 12  8 19 54 19 21 62  8  2  6 28 45 38 27 93 46 37 2913902202017650100052300                
0924151008  3  1  3  5  0  0  0  0  0  0  0  0  3  1  3  5  1  1  1  0  0  1  1  0  0  0  0  0  2  1  1  4  0  0  0  0  2  0  2  4  1  1  1  0  0  0  0  1  1  0  1  2  0  1  1  2  2  0  1  1  0  1  1  1  1  0  1  2 30 36 40341  2  3  2 31  4  2  0 54  3  2  3 37 22 24 35289 25 20 2212801601514900100071395                
0924151009  3  2  4 11  0  0  0  0  0  0  0  0  3  2  4 11  1  1  0  4  0  1  0  2  2  0  1  1  3  2  3  8  2  1  4  8  2  2  3 10  1  0  0  0  0  0  1  1  0  2  3  4  3  0  1  4  0  0  0  3  1  0  1  3  0  0  1  3  5 10 23211  0  0  3 26 29 28 21181  4  4  6 54 11 14 12189 14 15 2413301400917940040041800                
0924151010  3  3  3 13  0  0  0  0  0  0  0  0  3  3  3 12  1  0  1  2  0  0  0  0  1  3  1  4  3  2  2  9  0  0  0  2  2  2  3  9  0  1  0  2  1  0  0  1  1  2  2  4  0  0  0  7  2  1  1  2  2  2  1  2  0  0  1  2 12 13 15187  0  1  0 12 15 15 12126  5  2  0 37  2  2  2 41 11  8  9 6902001817770070111232                
0924151101  5  2  4 11  0  0  1  0  0  0  0  0  5  2  4  8  2  2  4  4  2  1  4  2  0  0  0  1  5  2  4  7  1  1  1  2  1  0  3  7  0  0  0  0  4  2  1  1  0  0  2  4  3  2  1  4  2  0  1  3  0  1  2  2  2  1  2  4 20 40 42375  7 15 13134  5  7  7 56 22 26 21197 26 28 28346  8  8  7 400140201563000000                    
0924151102  4  2  3 12  0  0  0  0  0  0  0  0  4  2  2 10  2  1  1  5  0  0  0  0  1  1  1  2  2  1  1  3  0  0  0  0  1  2  2  6  2  0  0  3  1  0  0  1  0  0  0  2  2  1  1  2  2  1  2  8  2  0  1  4  3  0  3  5  7  2  5 31  2  1  0 12  1  2  0  5  9  6  7 24  2  6  6 31 47 47 3521901402015630230161755                
0924151103  4  2  1  6  0  0  0  0  0  0  0  0  4  2  1  5  4  2  1  4  2  0  1  2  2  0  0  1  2  0  1  2  0  0  0  0  1  1  1  1  1  0  0  1  2  1  0  3  0  0  0  2  2  1  0  0  2  1  1  4  2  1  1  2  2  1  0  4 31 29 25171  8  9  7 45  0  0  0  0  0  1  1  7 14 22 14125  0  0  0  000701616260120141707                
0924151104  2  4  0 10  0  0  0  0  0  0  0  0  0  0  0  0  0  0  0  0  0  0  0  0  0  0  0  1  0  0  0  0  0  0  0  0  0  0  0  0  0  0  0  0  0  0  0  0  0  1  0  4  1  2  0  2  1  1  0  4  2  1  0  1  2  2  0  3 13 10  5135  9  4  3 31  0  0  0  2  0  0  1  2  2  2  2 41 50 40 3418102001714390110111723                
0924151105  5  4  0 15  2  0  1  4  0  0  0  0  5  4  0 14  0  0  0  4  0  0  0  2  0  0  0  4  5  4  0 14  0  0  0  0  2  4  0  8  0  0  0  3  3  0  0  3  0  0  0  3  1  1  0  6  4  3  0  6  0  0  0  2  3  2  0  5 12 15 14136  6  7  3 46  2  3  1  9 16 17 18164 23 19 27201 51 64 5061800201316300120161316                
0924151106  2  2  2 10  0  0  0  0  0  0  0  0  0  0  0  0  0  0  0  0  0  0  0  0  0  0  0  3  0  0  0  0  0  0  0  0  0  0  0  0  0  0  0  0  0  0  0  0  2  1  1  1  0  1  1  1  0  0  0  8  1  0  1  1  1  1  0  4  0  6  0111  0  2  0 46 12 15 18279  0  0  0  0  5  8  9143  0  0  0  001601515690110111611                
0924151107  4  3  0  5  0  0  0  0  0  0  0  0  4  1  0  5  0  0  0  2  0  0  0  0  0  1  0  0  4  1  0  4  0  0  0  1  4  0  0  4  0  0  0  0  0  1  0  1  2  0  0  0  2  1  0  1  0  2  0  4  0  0  0  2  1  1  0  2 17 28 19280  7  7  3 90  0  0  1 31  6 10  4 39 22 24 35289 11 11 14 6601301315520120141707                
0924151108  6  2  1 16  0  2  1  0  0  0  0  0  6  2  0 15  2  0  0  7  0  0  0  2  1  0  0  3  5  1  0  8  2  1  0  3  4  2  0  9  1  0  0  3  1  0  0  3  2  1  0  4  3  1  1  3  1  0  0  9  1  1  0  6  3  0  0  3 11 14  7149  2  0  0 32  5  6  3 30  2  3  2 35 20 26 28270 12 16 1218400401214600000291250                
0924151109  4  3  1  7  0  0  0  0  0  0  0  0  4  3  1  7  1  2  1  3  1  1  1  1  0  0  0  2  1  1  1  1  0  0  0  0  3  2  1  6  1  0  0  1  0  1  0  0  0  0  0  1  3  1  0  1  1  2  1  5  0  2  1  2  0  1  0  2 71 46 52289 21 15 15 75  8  4  5 45  0  3  0  2 58 56 36286  5  8  3 1500005015120160141431                
0924151110  4  0  3  4  0  0  0  0  0  0  0  0  4  0  3  2  1  0  0  1  0  0  0  0  0  0  0  0  1  0  2  1  0  0  0  0  3  0  2  2  1  0  0  0  0  0  1  0  1  0  0  2  2  0  1  1  1  0  2  1  1  0  1  2  2  0  1  4 18 16 19162  9  4  6 52  3  6  5 58  0  1  1 10 27 21 26275 19  8 15 8201203114060000571350                
0924151111  2  0  1  4  1  2  0  3  0  0  0  0  2  0  0  3  1  0  0  1  0  0  0  0  0  0  0  1  1  0  0  0  0  0  0  0  2  0  0  3  0  0  0  0  0  0  0  0  1  0  0  1  0  0  1  1  1  0  0  2  0  0  0  2  2  0  0  2 18 13 13179  6  9  5 72  0  0  0 10  0  0  0  0 12 19  7159  7  4  3 490000061200000000                    
0924151112  7  3  5 16  1  0  3  2  0  0  0  0  7  3  3 14  3  1  3  7  2  0  1  0  1  0  1  2  5  2  1  5  1  0  0  1  4  1  2  8  2  1  1  4  1  1  0  2  0  0  0  2  3  1  3  6  4  2  2  8  1  0  0  6  2  1  1  5 26 23 34358 12  8  9127  1  1  0  7  1  0  0 19 26 25 27304 19 12 1618000002214260000571350                
0924151113  4  2  1  8  1  3  2  4  0  0  0  0  4  2  1  8  3  1  0  6  1  1  0  2  1  0  1  1  1  1  0  5  2  2  1  7  2  1  1  7  1  1  0  0  1  0  0  1  0  0  0  1  1  0  1  3  3  2  0  4  0  0  1  5  2  0  1  2  9  9 17237  3  5  6 92  4  4 10 99  2  2  1 10 12  9 15212  6  3  2 1800701616650080131600                
0924151114  2  1  2 17  1  0  0  0  3  1  0  2  2  1  2  8  0  0  0  1  0  0  0  1  0  0  1  0  1  0  2  6  0  0  0  1  2  1  1  5  0  0  1  1  0  0  0  2  0  0  0  5  2  0  0  3  0  1  2  7  0  0  0  4  0  1  1  3  6  9  7131  3  4  2 41 11 13  8171  1  3  5 45 11 14 12189  2  0  1  401001215100120141707                
0924151115  5  5  2 33  0  0  0  0  0  0  0  0  3  1  1 13  3  1  1 10  0  0  0  4  2  2  0  7  1  1  0  6  0  0  0  2  1  0  0 10  1  0  1  2  1  1  0  1  1  2  0 14  0  3  1 12  4  0  1  7  1  0  1 10  0  2  1 11 20 15 20231  6  5  8 75  0  0  0 18 13 14 11123  3  3  8 73 49 49 4649600901014240120141707                
0924151116  5  2  3  7  0  0  0  0  0  0  0  0  5  2  3  7  4  1  1  5  1  1  0  2  1  1  0  0  3  2  1  3  3  0  1  1  3  2  1  6  2  0  0  1  0  0  2  0  1  0  1  0  3  1  1  2  1  1  1  5  2  1  1  1  2  2  0  1 67 41 29118 22  8  8 26 12  5  4 11  8  4  2 13 45 38 27 93 18  5  6 8602202016820210201743                
0924151201  2  2  3  8  0  0  0  0  0  0  0  0  2  2  3  8  1  2  2  4  1  1  1  2  1  1  2  4  1  1  3  5  0  0  0  0  1  1  3  8  0  0  0  0  1  1  0  0  1  1  1  2  0  1  0  2  1  0  2  4  1  0  0  2  0  0  0  0  0  0  0  1  0  0  0  0  0  0  1  2  0  0  0  0  0  0  0  0 17 19 1718501001216450180091468                
0924151202  0  0  0  0  0  0  0  0  6  7  4  9  0  0  0  0  0  0  0  0  0  0  0  0  0  0  0  0  0  0  0  0  0  0  0  0  0  0  0  0  0  0  0  0  0  0  0  0  0  0  0  0  0  0  0  0  0  0  0  0  0  0  0  0  0  0  0  0 30 36 40341  9  8 12121  4  5  8 74  1  0  3 10 22 24 35289 15 17 201660170151512000000                    
0924151203  2  2  1 23  0  0  0  0  0  0  0  0  2  2  1 22  2  1  1  6  1  1  0  4  0  0  0  0  1  2  0 14  0  1  0  2  0  2  1 11  1  0  0  9  1  0  0  2  1  0  1  5  0  0  0 11  1  2  0  7  1  0  1  3  1  0  1  7  5  6 13112  1  3  2 46  5  3  8 88  0  1  0 22  5  8  9143  2  2  1 3000802014640170181826                
0924151204  2  1  0  0  0  0  0  0  0  0  0  0  2  1  0  0  2  1  0  0  1  1  0  0  0  1  0  0  1  1  0  0  2  1  0  0  1  1  0  0  1  0  0  0  0  0  0  0  1  0  0  0  1  0  0  0  0  1  0  0  1  0  0  0  0  1  0  0 97 73 48136 27 13 15 24  8  4  2 11 85 66 62257 45 38 27 93  8 14  7 450170151482000000                    
0924151205  2  1  3  3  0  0  0  0  0  0  0  0  2  1  3  2  1  1  3  2  0  1  1  2  0  0  0  0  1  1  2  2  1  1  1  0  2  0  2  2  0  1  0  0  0  0  1  0  1  1  1  0  0  0  2  3  1  0  0  0  2  0  1  1  0  1  0  2 50 57 72423 15 12 26127 12  6  8 45  2  2  1 11 30 37 44393 12 11 13 5801401317500150131684                
0924151206  2  1  4  4  0  0  0  0  0  0  0  0  2  1  3  3  1  0  1  1  0  0  0  1  0  0  0  0  1  0  2  3  0  0  0  0  1  1  2  2  0  0  1  0  1  0  0  1  0  0  2  0  2  0  2  3  0  1  0  1  1  0  1  1  1  1  0  2 12 10  3 50  5  5  0 12  0  0  1  2  5  2  2 29  2  6  6 31  0  0  1  70170181707000000                    
0924151207  2  1  2  7  0  0  0  0  0  0  0  0  2  1  2  7  1  1  2  5  0  0  1  1  0  0  0  2  1  0  2  5  0  0  1  1  1  1  2  7  0  0  0  0  1  0  0  0  0  0  1  3  0  1  0  1  2  0  1  3  1  0  1  2  1  1  0  2 12 13 15187  5  4  3 57  1  2  2 13  0  0  1  1  2  2  2 41  2  1  2  700701616650110111723                
0924151208  2  7  4 26  0  0  0  0  0  0  0  0  2  7  4 25  0  4  1  7  0  0  1  1  1  0  0  3  2  6  3 22  0  1  0  0  2  5  2 19  0  1  1  3  0  1  1  3  1  1  0  7  0  3  1 12  1  3  3  7  0  5  0  6  1  4  1  7 52 55 35214 17 11  5 39  1  2  2 11  0  1  0  0 14 22 14125  1  4  0  900502114640100071366                
0924151209  2  1  1  2  0  0  0  0  0  0  0  0  2  1  1  2  2  1  1  2  0  0  1  0  0  1  0  1  1  1  1  1  0  0  0  0  2  0  0  1  0  0  1  0  0  1  0  1  1  0  0  1  0  0  1  1  1  1  0  0  0  0  0  1  0  0  0  0  7  6 14223  4  1  6 80  0  2  2 28  2  2  1 17  4  6  7155  2  1  1  601000713660100051200                
0924151210  1  0  2  2  0  0  0  0  3  0  0  0  1  0  1  0  1  0  1  0  1  0  1  0  0  0  0  0  1  0  1  0  0  0  0  0  0  0  1  0  1  0  0  0  0  0  0  0  1  0  1  1  0  0  0  0  0  0  1  1  0  0  1  0  0  0  1  1 93 79 69374 31 31 21 91 17 16 11 74  1  2  2  8 58 56 36286 24 21 231610170181707029000                    
0924151211  2  2  2 14  0  0  0  0  0  0  0  0  1  1  1  3  1  1  1  3  1  1  0  1  1  0  1  4  1  1  1  2  1  1  2  9  0  1  1  3  0  0  0  0  1  0  0  0  1  2  1  1  0  0  1  7  1  0  0  6  0  0  1  4  1  0  1  3  9  4 13178  5  2  6 59 10 12 16187  1  1  2 25  6  6  9131 26 23 1515501101614320040121616                
0924151212  2  2  0  6  0  0  0  0  0  0  0  0  2  2  0  6  2  2  0  4  0  0  0  1  0  1  0  1  1  1  0  4  0  0  0  0  1  0  0  3  0  2  0  0  1  0  0  3  0  0  0  0  2  1  0  2  0  1  0  4  0  0  0  1  0  0  0  3 46 50 58467 23 19 25164 17 21 18141  0  0  1  0 26 25 27304  0  0  0  10190161514020000                    
0924151213  2  3  3 22  0  2  1  4  0  0  0  0  2  1  3 13  0  0  2  8  0  0  1  3  0  0  0  2  2  1  2 10  0  0  0  0  0  0  2  8  0  0  0  4  2  1  1  1  0  1  1  2  2  0  1  4  0  0  1 11  2  1  3  2  0  1  1  8  1  5  0 75  0  0  0 13  1  2  0 14  0  0  0  5  5  2  2 75  6  9 101380120121588006000                    
0924151214  2  0  3 19  0  0  0  0  0  0  0  0  2  0  3 19  2  0  2 11  0  0  0  1  1  0  2  3  2  0  3  7  0  0  0  1  1  0  1 11  1  0  2  3  0  0  0  5  1  0  0  4  0  0  2 10  1  0  1  5  1  0  0  4  2  0  3  4 45 52 67521 15 20 28202  1  0  0  4 68 68 62567 26 28 28346  7  4  8 9201101117230060081406                
