0622170101  0  0  0  1  0  0  0  0  0  0  0  0  0  0  0  1  0  0  0  1  0  0  0  1  0  0  0  0  0  0  0  1  0  0  0  0  0  0  0  1  0  0  0  0  0  0  0  0  0  0  0  0  0  0  0  0  0  0  0  1  0  0  0  0  0  0  0  1  6  5  4 62  4  2  4 34  1  0  0  6  0  0  0  0  0  0  2 24  1  0  0  800801514960000071700                
0622170102  0  1  0  1  0  0  0  0  0  0  0  0  0  1  0  0  0  1  0  0  0  1  0  0  0  0  0  0  0  1  0  0  0  0  0  0  0  0  0  0  0  1  0  0  0  0  0  0  0  0  0  1  0  1  0  0  0  0  0  0  0  1  0  0  0  1  0  0 56 46 28128 17  8  9 35 19  6  7 28 23 12  9 43 62 39 27137  5 11  7 3700003312000220351300                
0622170103  0  0  0  2  0  0  0  0  0  0  0  0  0  0  0  1  0  0  0  0  0  0  0  0  0  0  0  0  0  0  0  1  0  0  0  2  0  0  0  1  0  0  0  0  0  0  0  0  0  0  0  1  0  0  0  1  0  0  0  0  0  0  0  0  0  0  0  1 19 18 26347  9  7  6113  0  0  2 10  0  0  0  2  4 11 15209  0  0  0  2010000    0230111680                
0622170104  0  1  0  5  0  0  0  0  0  0  0  0  0  1  0  5  0  1  0  5  0  1  0  4  0  0  0  1  0  1  0  4  0  0  0  0  0  0  0  3  0  1  0  1  0  0  0  1  0  0  0  2  0  1  0  3  0  0  0  0  0  0  0  1  0  1  0  2  6 11  8102  4  3  5 53  0  1  0  8  0  1  0  0  4  2  8 88  6  3  613301201414680100061200                
0622170105  0  0  0  1  0  0  0  0  0  0  0  0  0  0  0  1  0  0  0  1  0  0  0  1  0  0  0  0  0  0  0  1  0  0  0  0  0  0  0  1  0  0  0  0  0  0  0  0  0  0  0  1  0  0  0  0  0  0  0  0  0  0  0  0  0  0  0  0 10 16 18235  5 10 11116  1  5  2 53  0  0  0  0  8 10 11226  0  0  0  100301713400080121536                
0622170106  0  0  0  4  0  0  0  0  0  0  0  0  0  0  0  2  0  0  0  2  0  0  0  2  0  0  0  1  0  0  0  2  0  0  0  4  0  0  0  0  0  0  0  2  0  0  0  0  0  0  0  1  0  0  0  2  0  0  0  1  0  0  0  1  0  0  0  1  4  7  7215  2  6  4156  0  1  3 44  9 11  7111  5  8  6157  6  5  3 210140161369000000                    
0622170107  0  1  1  3  0  0  0  0  0  0  0  0  0  1  0  0  0  1  0  0  0  1  0  0  0  0  0  0  0  1  0  0  0  1  0  0  0  1  0  0  0  0  0  0  0  0  0  0  0  1  0  1  0  0  1  0  0  0  0  2  0  1  0  0  0  0  1  1 34 33 27174 18 11 10 80 19 23 11 68  2  4  5 12 40 25 27166  0  1  1 1601901315000130161599                
0622170108  0  1  2  2  0  0  0  0  0  0  0  0  0  0  0  0  0  0  0  0  0  0  0  0  0  0  0  1  0  0  0  0  0  0  1  1  0  0  0  0  0  0  0  0  0  0  0  0  0  0  2  2  0  1  0  0  0  0  0  0  0  0  0  0  0  0  0  1 35 31 45286 16 13 14139  5  4  4 27  0  0  2  4 20 22 31297  0  1  2  901000418000150121687                
0622170109  0  1  0  1  0  0  0  0  0  0  0  0  0  1  0  1  0  0  0  0  0  0  0  0  0  0  0  0  0  0  0  0  0  0  0  0  0  0  0  0  0  1  0  1  0  0  0  0  0  1  0  0  0  0  0  1  0  0  0  0  0  0  0  0  0  0  0  1  8 14 14309  2  5  7 84  0  3  2 51  0  3  1 23  3  5  5135  0  4  2 3100301716220090101354                
0622170110  0  0  0  4  0  0  0  0  0  0  0  0  0  0  0  3  0  0  0  2  0  0  0  2  0  0  0  0  0  0  0  2  0  0  0  3  0  0  0  2  0  0  0  0  0  0  0  1  0  0  0  2  0  0  0  2  0  0  0  0  0  0  0  1  0  0  0  0 29 21 18133 10  9  4 54  7  6  5 33  0  3  3 10 24 31 19131 11  7 1111100801015260090171625                
0622170111  0  0  0  3  0  0  0  0  0  0  0  0  0  0  0  1  0  0  0  1  0  0  0  0  0  0  0  0  0  0  0  0  0  0  0  0  0  0  0  1  0  0  0  0  0  0  0  0  0  0  0  2  0  0  0  1  0  0  0  0  0  0  0  0  0  0  0  1 15 19 13252  2  3  4 86  0  1  0 29  3  4  6 67  8 13 11195  4  8 1013301501014940180141498                
0622170112  0  1  1  0  0  0  0  0  0  0  0  0  0  1  1  0  0  1  0  0  0  1  0  0  0  0  0  0  0  1  0  0  0  0  0  0  0  1  1  0  0  0  0  0  0  0  0  0  0  1  1  0  0  0  0  0  0  0  0  0  0  0  0  0  0  1  1  0 51 34 40299  9  9 11 85  2  2  2 21  0  0  0  0 34 20 22232  3  1  2 1101801414980000121660                
0622170113  0  0  0  2  0  0  0  0  0  0  0  0  0  0  0  2  0  0  0  1  0  0  0  1  0  0  0  0  0  0  0  2  0  0  0  0  0  0  0  1  0  0  0  1  0  0  0  0  0  0  0  1  0  0  0  1  0  0  0  0  0  0  0  0  0  0  0  0  4  6  3179  2  2  1 55  4  2  1 81  0  0  0  7  7  5  6157  0  0  0 2001501014940180141498                
0622170114  0  0  0  6  0  0  0  0  0  0  0  0  0  0  0  0  0  0  0  0  0  0  0  0  0  0  0  0  0  0  0  0  0  0  0  0  0  0  0  0  0  0  0  0  0  0  0  0  0  0  0  1  0  0  0  2  0  0  0  3  0  0  0  0  0  0  0  0 12  9 17235  3  2  4 75  6  2  5 98 22 25 36618  7  5  3112 13 11 243410140151387000000                    
0622170115                                                                                                                                                                                                              3  6 10117  1  6  7 75  0  0  1 19  0  0  0  1  0  2  0 68  0  1  2 340100121418011000                    
0622170116  0  0  0  2  0  0  0  0  0  0  0  0  0  0  0  0  0  0  0  0  0  0  0  0  0  0  0  0  0  0  0  0  0  0  0  0  0  0  0  0  0  0  0  0  0  0  0  0  0  0  0  0  0  0  0  1  0  0  0  1  0  0  0  0  0  0  0  2 41 40 30400 10 12  9130  3  5  8 23  2  3  4 12 15 22 22197  8  6  5 2601200713500110091661                
0622170201  0  0  0  1  0  0  0  0  0  0  0  0  0  0  0  0  0  0  0  0  0  0  0  0  0  0  0  0  0  0  0  0  0  0  0  0  0  0  0  0  0  0  0  0  0  0  0  0  0  0  0  1  0  0  0  0  0  0  0  0  0  0  0  0  0  0  0  0 38 29 41318  8  8 15107  6 11  8102  1  1  0 29 14 12 20236  8  9 1110602101917160180141498                
0622170202  0  0  0  3  0  0  0  0  0  0  0  0  0  0  0  3  0  0  0  1  0  0  0  1  0  0  0  0  0  0  0  1  0  0  0  1  0  0  0  1  0  0  0  2  0  0  0  0  0  0  0  1  0  0  0  1  0  0  0  1  0  0  0  0  0  0  0  1 18  8 10312  9  6  7162  2  0  3 55  0  0  0  5  9 10  8356  0  0  0  300301716220000071775                
0622170203  0  0  0  1  0  0  0  0  0  0  0  0  0  0  0  1  0  0  0  1  0  0  0  1  0  0  0  0  0  0  0  1  0  0  0  0  0  0  0  0  0  0  0  1  0  0  0  0  0  0  0  0  0  0  0  1  0  0  0  0  0  0  0  0  0  0  0  0 22 20 15276 12 11  9124  5  0  2 40  0  0  0  1  8 10 11226  0  0  1  500002016560030061700                
0622170204  0  0  0  1  0  0  0  0  0  0  0  0  0  0  0  1  0  0  0  1  0  0  0  1  0  0  0  0  0  0  0  1  0  0  0  0  0  0  0  1  0  0  0  0  0  0  0  0  0  0  0  1  0  0  0  0  0  0  0  0  0  0  0  1  0  0  0  1  4 10 13113  1  5  9 61 12  7  6166  1  0  0  4  4 14  8135  5  3  3 3502201916180220161588                
0622170205  0  0  0  2  0  0  0  0  0  0  0  0  0  0  0  1  0  0  0  1  0  0  0  1  0  0  0  0  0  0  0  1  0  0  0  2  0  0  0  0  0  0  0  1  0  0  0  0  0  0  0  1  0  0  0  1  0  0  0  0  0  0  0  0  0  0  0  0 27 40 29341  6 13 12134  6  3  1 28  0  0  1  6 30 22 24265  3  1  0 1701500717200160161693                
0622170206  0  1  0  1  0  0  0  0  0  0  0  0  0  1  0  1  0  0  0  1  0  0  0  0  0  0  0  0  0  0  0  0  0  0  0  0  0  1  0  0  0  0  0  0  0  0  0  1  0  0  0  0  0  1  0  1  0  0  0  0  0  1  0  0  0  1  0  0 57 58 40299 25 14 11 91  1  1  0  7  0  0  0  3 34 20 22232  0  1  0  101402917180000261622                
0622170207  0  1  0  6  0  0  0  0  0  0  0  0  0  1  0  5  0  1  0  3  0  1  0  2  0  0  0  0  0  1  0  3  0  0  0  0  0  0  0  3  0  0  0  2  0  1  0  0  0  1  0  2  0  0  0  1  0  0  0  3  0  0  0  0  0  0  0  1  5  4  5130  3  3  1 54  0  0  0  4  0  0  0  0  4  2  8 88 21 29 2934401201315800100061200                
0622170208  0  0  0  3  0  0  0  0  0  0  0  0  0  0  0  3  0  0  0  2  0  0  0  2  0  0  0  1  0  0  0  2  0  0  0  0  0  0  0  1  0  0  0  2  0  0  0  0  0  0  0  0  0  0  0  2  0  0  0  1  0  0  0  1  0  0  0  2  3  6  3 62  0  1  1 33  1  2  3 63  0  0  0  6  3  3 10102  0  0  0 2001500717200210191716                
0622170209  0  0  0  1  0  0  0  0  0  0  0  0  0  0  0  0  0  0  0  0  0  0  0  0  0  0  0  0  0  0  0  0  0  0  0  0  0  0  0  0  0  0  0  0  0  0  0  0  0  0  0  0  0  0  0  1  0  0  0  0  0  0  0  0  0  0  0  0  0  1  2 62  0  1  0 42  0  0  0  1  0  0  0  0  0  0  2 24  0  1  0 1300900815560180081500                
0622170210  0  1  0  3  0  0  0  0  0  0  0  0  0  1  0  0  0  1  0  0  0  1  0  0  0  0  0  1  0  1  0  0  0  1  0  0  0  1  0  0  0  0  0  0  0  0  0  0  0  1  0  1  0  0  0  1  0  0  0  1  0  1  0  0  0  0  0  1  6 13 13273  2  4  4 78  0  1  0 15  1  1  1  8  4 11 15209  0  1  3 340100041800000000                    
0622170211  0  0  0  3  0  0  0  0  0  0  0  0  0  0  0  3  0  0  0  2  0  0  0  2  0  0  0  0  0  0  0  2  0  0  0  3  0  0  0  1  0  0  0  2  0  0  0  0  0  0  0  0  0  0  0  2  0  0  0  1  0  0  0  0  0  0  0  1 32 31 43380 20 13 20182  3  1  6 52  1  0  2 24 20 22 31297  2  0  2 3701700216000120101987                
0622170212  0  0  0  5  0  0  0  0  0  0  0  0  0  0  0  1  0  0  0  1  0  0  0  1  0  0  0  0  0  0  0  1  0  0  0  2  0  0  0  0  0  0  0  0  0  0  0  1  0  0  0  2  0  0  0  3  0  0  0  0  0  0  0  0  0  0  0  2 26 29 43391  8 13 13127  1  1  2  9  0  0  2  8 15 22 22197  7  5  7 9100900812770210191716                
0622170213  0  0  0  4  0  0  0  0  0  0  0  0  0  0  0  4  0  0  0  3  0  0  0  3  0  0  0  1  0  0  0  3  0  0  0  3  0  0  0  3  0  0  0  1  0  0  0  0  0  0  0  3  0  0  0  0  0  0  0  1  0  0  0  1  0  0  0  1  4  7 10240  0  3  3 72  8  9 14312  0  1  0 17  3  5  5135 14 25 2448301401414680000051421                
0622170301                                                                                                                                                                                                              7  6 21269  5  3  8119  0  0  0 36  0  0  0 24  7  2  9184  6  6 11 6401901916900130171405                
0622170302                                                                                                                                                                                                             41 40 30400 10 12  9130  3  0  2 15  0  0  0  3 15 22 22197  4  8  5 8901201912860000111400                
0622170303                                                                                                                                                                                                             23 15 19286 15 12 10168  1  0  3 75  0  1  1 13  9 10  8356  2  0  2 5900401016360130051557                
0622170304                                                                                                                                                                                                             51 34 40299  9  9 11 85 16 11 10 60  0  0  0  2 34 20 22232  8  8  3 3301902314230100111169                
0622170305                                                                                                                                                                                                             39 26 32188 23 15 20 92  8 11 12 82  1  1  0  4 26 23 22198  5  4  8 7801200713500140101757                
0622170306                                                                                                                                                                                                              3  6 10117  1  6  7 75  1  5  3 86  0  0  0  0  0  2  0 68  0  0  0  0000000    0120081655                
0622170307                                                                                                                                                                                                              1 12 15196  0  2  2 60  2  2  0 33  6  3  5 93  3  3 10102 31 26 3646101000418000090101000                
0622170308                                                                                                                                                                                                             35 31 45286 16 13 14139  0  3  6 23  0  0  0  0 20 22 31297  0  0  0  00120191286000000                    
0622170309                                                                                                                                                                                                              9  3 12121  4  1  7 62  1  2  3 31  0  0  0  1  4 14  8135  0  0  0  001300714710110111268                
0622170310                                                                                                                                                                                                             14 11 12197  8  8  1 83  1  2  2 63  0  0  0  2  2  4  2 64  3  3  2 320210181400000000                    
0622170311                                                                                                                                                                                                              6  5  4 62  4  2  4 34  0  0  0  0  0  0  0  0  0  0  2 24  0  0  0  000001614920090071592                
0622170312                                                                                                                                                                                                              8 14 14309  2  5  7 84  2  0  1 32  1  0  0 14  3  5  5135  2  1  2 9600000717000100101300                
0622170313                                                                                                                                                                                                              6 11  8102  4  3  5 53 12  9 12 86  0  0  0  0  4  2  8 88  0  0  0  001101714010080161569                
0622170314                                                                                                                                                                                                             56 46 28128 17  8  9 35  4  1  2  6  1  0  0  0 62 39 27137 18 10 10 9801902314230210191716                
0622170315                                                                                                                                                                                                             15 33 23247  5 15 13101  0  0  0  3  3  4  2 20 30 22 24265  3 10  5 7601000418000070061478                
0622170316                                                                                                                                                                                                              4  7  7215  2  6  4156  5 10  5121  0  0  0  3  5  8  6157  5  4  7 7701101614620100161410                
0622170401                                                                                                                                                                                                             32 31 43380 20 13 20182 16  7  8 96  0  0  0  0 20 22 31297  2  1  3  100900815560030091888                
0622170402                                                                                                                                                                                                             57 58 40299 25 14 11 91 14  5  4 60  1  2  3 14 34 20 22232 21 12 1310301901615440130161599                
0622170403                                                                                                                                                                                                             57 43 45258 16 14 14 81  1  1  6 23  2  7  5 27 40 25 27166  5  6  3 7002501617260070181650                
0622170404                                                                                                                                                                                                             22 20 15276 12 11  9124  0  0  0 14  3  5  1 52  8 10 11226 10 14 1916800301716220250161726                
0622170405                                                                                                                                                                                                              5  4  5130  3  3  1 54  1  1  0  6  1  1  1 14  4  2  8 88  1  1  3 330090071592000000                    
0622170406                                                                                                                                                                                                             10 19 15325  7  8  7170  0  1  0 20  0  0  0  3  7 16 15250  2  0  0  20190191690000000                    
0622170407                                                                                                                                                                                                             38 29 41318  8  8 15107 15 19 16121  1  4  3 18 14 12 20236 15 17 1421301200816550180171704                
0622170408                                                                                                                                                                                                             27 40 29341  6 13 12134  5  8  4 44  5 10  4 46 30 22 24265  5 11  7 3601101416850330071750                
0622170409                                                                                                                                                                                                              7  3  7127  2  0  3 59  0  0  0  7  1  0  1 10  4  4  6107  0  0  0  000501814940100101684                
0622170410                                                                                                                                                                                                              0  1  2 62  0  1  0 42  1  1  2 15  0  0  1  1  0  0  2 24  0  0  2 2900902114480090171625                
0622170411                                                                                                                                                                                                             26 33 26257 10 16 10123  9  6  2 47  9 12  5 41 19 19 20228  0  0  1  501101714010130161599                
0622170412                                                                                                                                                                                                              6 13 13273  2  4  4 78  0  2  3 82  0  1  1 44  4 11 15209  1  1  2 2901100916510130051557                
0622170413                                                                                                                                                                                                             61 50 48217 18 14 11 46 14  4  9 47  0  2  0  3 24 31 19131  1  4  1 4100001312000080051383                
0622170414                                                                                                                                                                                                              2 11  8175  0  2  2 48  4  5  5 74  2  1  4 12  8 13 10203 14 13 1210001801416940130051557                
0622170415                                                                                                                                                                                                             14 15 22249  4  7 10123  6  6 11158  0  2  3 17  5  4  5145  2  1  1 1002101917160100101684                
0622170416                                                                                                                                                                                                              4 10 13113  1  5  9 61  7  7  9152  0  0  0  0  4 14  8135  0  0  0  001001115260120131530                
0622170501  0  0  0  1  0  0  0  0  0  0  0  0  0  0  0  1  0  0  0  1  0  0  0  1  0  0  0  0  0  0  0  1  0  0  0  1  0  0  0  1  0  0  0  0  0  0  0  0  0  0  0  1  0  0  0  0  0  0  0  0  0  0  0  0  0  0  0  0  8  9  8112  2  1  1 33  2  3  1 38  1  2  1 27  4 14  8135  1  3  2 4901000413800100141754                
0622170502  0  0  1  2  0  0  0  0  0  0  0  0  0  0  1  2  0  0  0  1  0  0  0  1  0  0  0  0  0  0  1  1  0  0  1  0  0  0  0  2  0  0  1  0  0  0  0  0  0  0  1  2  0  0  0  0  0  0  0  0  0  0  0  0  0  0  0  1 49 44 33242 18 10  9 45 14  4  9 47 13  7  7 39 24 31 19131  2  4  4 330280001977000000                    
0622170503  0  0  0  1  0  0  0  0  0  0  0  0  0  0  0  1  0  0  0  1  0  0  0  1  0  0  0  0  0  0  0  1  0  0  0  0  0  0  0  1  0  0  0  0  0  0  0  0  0  0  0  1  0  0  0  0  0  0  0  0  0  0  0  0  0  0  0  1  4  3 10103  0  2  4 25  0  1  0 29  0  0  0  0  8 13 11195  0  0  0 1101902314720170221433                
0622170504  0  0  0  1  0  0  0  0  0  0  0  0  0  0  0  1  0  0  0  1  0  0  0  1  0  0  0  0  0  0  0  1  0  0  0  1  0  0  0  1  0  0  0  0  0  0  0  0  0  0  0  1  0  0  0  0  0  0  0  0  0  0  0  0  0  0  0  0 15 15 13228  8  8  6 63  1  3  1 23  0  0  0  1  8 10 11226  0  0  0  10120071288000000                    
0622170505  0  0  0  2  0  0  0  0  0  0  0  0  0  0  0  2  0  0  0  0  0  0  0  0  0  0  0  0  0  0  0  0  0  0  0  1  0  0  0  2  0  0  0  0  0  0  0  0  0  0  0  1  0  0  0  1  0  0  0  0  0  0  0  0  0  0  0  0 10 17 13244  1  4  1 60 17 10 21155  0  0  0  1  5  4  5145  0  0  0  20180141870000015                    
0622170506  0  1  0  0  0  0  0  0  0  0  0  0  0  1  0  0  0  1  0  0  0  1  0  0  0  0  0  0  0  1  0  0  0  0  0  0  0  0  0  0  0  1  0  0  0  0  0  0  0  0  0  0  0  1  0  0  0  0  0  0  0  1  0  0  0  1  0  0 24 20 21202  9  5  4 66  3  4  3 19  0  0  0  3 34 20 22232  0  2  1 2400301716000180171978                
0622170507  0  0  0  1  0  0  0  0  0  0  0  0  0  0  0  1  0  0  0  1  0  0  0  0  0  0  0  0  0  0  0  0  0  0  0  0  0  0  0  1  0  0  0  0  0  0  0  0  0  0  0  1  0  0  0  0  0  0  0  0  0  0  0  0  0  0  0  1 17 27 27254  2 10  7 69 34 21 13120 30 28 20182 19 19 20228 11 11  8 2602501618380070151600                
0622170508  0  0  0  3  0  0  0  0  0  0  0  0  0  0  0  3  0  0  0  2  0  0  0  0  0  0  0  0  0  0  0  0  0  0  0  2  0  0  0  3  0  0  0  0  0  0  0  0  0  0  0  3  0  0  0  0  0  0  0  0  0  0  0  0  0  0  0  0  9 16 23289  3  7  5 71  2  1  0 50 10 71 51138 11 18 24307  1  2  0 2700401016720110091778                
0622170509  0  1  0  0  0  0  0  0  0  0  0  0  0  1  0  0  0  0  0  0  0  0  0  0  0  0  0  0  0  1  0  0  0  1  0  0  0  0  0  0  0  1  0  0  0  0  0  0  0  1  0  0  0  0  0  0  0  0  0  0  0  1  0  0  0  0  0  0 55 46 43247  6  8 11 44  9  5  8 35 12  7 10 40 40 25 27166  4  3  1  503900014500220381840                
0622170510  0  0  0  1  0  0  0  0  0  0  0  0  0  0  0  1  0  0  0  0  0  0  0  0  0  0  0  0  0  0  0  0  0  0  0  0  0  0  0  1  0  0  0  0  0  0  0  0  0  0  0  0  0  0  0  1  0  0  0  0  0  0  0  0  0  0  0  1  6  4  7109  1  0  0 17  1  1  0  6  0  0  0  2  4  2  8 88  1  0  1 2201501119630180081840                
0622170511  0  0  0  3  0  0  0  0  0  0  0  0  0  0  0  3  0  0  0  1  0  0  0  1  0  0  0  1  0  0  0  2  0  0  0  0  0  0  0  3  0  0  0  0  0  0  0  0  0  0  0  1  0  0  0  2  0  0  0  0  0  0  0  0  0  0  0  3  6  4 10126  3  4  2 24  0  2  3 82  0  0  0  0  4 11 15209  0  0  0  301300714520100061258                
0622170512  0  0  0  1  0  0  0  0  0  0  0  0  0  0  0  1  0  0  0  1  0  0  0  1  0  0  0  0  0  0  0  1  0  0  0  0  0  0  0  1  0  0  0  0  0  0  0  0  0  0  0  1  0  0  0  0  0  0  0  0  0  0  0  0  0  0  0  0  2  1  2 26  2  0  1  7  0  0  0  1  0  0  0  1  0  0  2 24 24 30 2919401501119630090111433                
0622170513  0  0  0  1  0  0  0  0  0  0  0  0  0  0  0  1  0  0  0  0  0  0  0  0  0  0  0  0  0  0  0  1  0  0  0  0  0  0  0  1  0  0  0  0  0  0  0  0  0  0  0  1  0  0  0  0  0  0  0  0  0  0  0  0  0  0  0  0  2  0  0 71  0  0  0 10 12  6 12328  1  8  8 66  0  2  0 68 17 17 201780140161462000012                    
0622170514  0  0  0  1  0  0  0  0  0  0  0  0  0  0  0  1  0  0  0  1  0  0  0  0  0  0  0  0  0  0  0  0  0  0  0  0  0  0  0  1  0  0  0  0  0  0  0  0  0  0  0  1  0  0  0  0  0  0  0  0  0  0  0  0  0  0  0  0 18 20 35309  5  5 12 84  8 11  7 82  0  0  0  0 20 22 31297  0  0  1 1101500718980210191844                
0622170515  0  0  0  3  0  0  0  0  0  0  0  0  0  0  0  3  0  0  0  1  0  0  0  1  0  0  0  0  0  0  0  2  0  0  0  2  0  0  0  2  0  0  0  1  0  0  0  0  0  0  0  2  0  0  0  0  0  0  0  1  0  0  0  0  0  0  0  1  3  7  3192  1  1  0 36  7 10  0 66  9 11  7111  5  8  6157  5  5  6 910100191600000006                    
0622170516  0  2  0  0  0  0  0  0  0  0  0  0  0  2  0  0  0  0  0  0  0  0  0  0  0  0  0  0  0  1  0  0  0  0  0  0  0  1  0  0  0  0  0  0  0  1  0  0  0  1  0  0  0  1  0  0  0  0  0  0  0  0  0  0  0  0  0  0 12 17 44321 22  5  4 37  6  3  2  7 11 97 36323 62 39 27137  9  6 11 7402101017920030062500                
0622170601  0  0  0  1  0  0  0  0  0  0  0  0  0  0  0  1  0  0  0  0  0  0  0  0  0  0  0  0  0  0  0  1  0  0  0  1  0  0  0  1  0  0  0  0  0  0  0  0  0  0  0  1  0  0  0  0  0  0  0  0  0  0  0  0  0  0  0  0  1  2  1 37  0  1  0  7  2  2  2 43  0  0  0  1  7  5  6157  9  5 11 6701001214760120101200                
0622170602  0  0  0  3  0  0  0  0  0  0  0  0  0  0  0  3  0  0  0  3  0  0  0  2  0  0  0  0  0  0  0  3  0  0  0  0  0  0  0  3  0  0  0  0  0  0  0  0  0  0  0  3  0  0  0  0  0  0  0  0  0  0  0  1  0  0  0  1 17 19 20154  7  8  4 54  1  2  0 14 10 12 15 84 20 22 31297  2  2  4 3101500718980100141754                
0622170603  0  0  0  3  0  0  0  0  0  0  0  0  0  0  0  3  0  0  0  2  0  0  0  1  0  0  0  0  0  0  0  2  0  0  0  0  0  0  0  3  0  0  0  0  0  0  0  0  0  0  0  3  0  0  0  0  0  0  0  0  0  0  0  0  0  0  0  1  2  1  6 45  1  0  1 16  0  0  0  4  0  0  0  0  4  2  8 88  1  1  0 2201501017250180171978                
0622170604  0  0  0  3  0  0  0  0  0  0  0  0  0  0  0  3  0  0  0  2  0  0  0  0  0  0  0  0  0  0  0  0  0  0  0  3  0  0  0  3  0  0  0  0  0  0  0  0  0  0  0  1  0  0  0  1  0  0  0  1  0  0  0  0  0  0  0  0 14 15 22128  3  5  5 36  2  0  1 27  1  1  1 14 14 12 20236  2  1  2 550120031480000022                    
0622170605  0  0  0  3  0  0  0  0  0  0  0  0  0  0  0  0  0  0  0  0  0  0  0  0  0  0  0  0  0  0  0  0  0  0  0  1  0  0  0  0  0  0  0  0  0  0  0  0  0  0  0  1  0  0  0  0  0  0  0  2  0  0  0  0  0  0  0  1 13 19 22134  5  7  5 37  1  1  2  9  0  0  0  1 15 22 22197  6  5  110801001417540130111275                
0622170606  0  0  0  3  0  0  0  0  0  0  0  0  0  0  0  3  0  0  0  1  0  0  0  1  0  0  0  0  0  0  0  2  0  0  0  1  0  0  0  3  0  0  0  0  0  0  0  0  0  0  0  2  0  0  0  1  0  0  0  0  0  0  0  1  0  0  0  2 12 10 13160  5  3  3 63  4  5  5 36 17  1 95224 11 18 24307 27 41 342320210101792000000                    
0622170607  0  0  0  2  0  0  0  0  0  0  0  0  0  0  0  2  0  0  0  0  0  0  0  0  0  0  0  0  0  0  0  1  0  0  0  1  0  0  0  1  0  0  0  1  0  0  0  0  0  0  0  2  0  0  0  0  0  0  0  0  0  0  0  0  0  0  0  1  6  1  4 90  1  0  2 22 18 21 23284  0  1  3 45  8 13 11195  0  1  3 6900401016720160161776                
0622170608  0  0  1  1  0  0  0  0  0  0  0  0  0  0  1  1  0  0  1  0  0  0  1  0  0  0  0  0  0  0  1  0  0  0  1  1  0  0  1  1  0  0  0  0  0  0  0  0  0  0  1  0  0  0  0  1  0  0  0  0  0  0  0  0  0  0  1  0 33 30 27183 10  8  8 43 10  6  6 21  0  0  1  2 34 20 22232 27 24 1718301801418700250161838                
0622170609  0  0  0  1  0  0  0  0  0  0  0  0  0  0  0  1  0  0  0  0  0  0  0  0  0  0  0  0  0  0  0  0  0  0  0  0  0  0  0  1  0  0  0  0  0  0  0  0  0  0  0  1  0  0  0  0  0  0  0  0  0  0  0  0  0  0  0  0 71 42 38139 16  9  6 25 11  8  7 19  1  0  0  3 62 39 27137  0  0  0  102101918440250161838                
0622170610  0  0  2  6  0  0  0  0  0  0  0  0  0  0  2  5  0  0  1  3  0  0  1  2  0  0  1  0  0  0  2  2  0  0  2  4  0  0  2  3  0  0  0  2  0  0  0  0  0  0  2  3  0  0  0  2  0  0  0  1  0  0  0  1  0  0  1  2  0  1  1 41  0  0  1 14  8  8  7152  1  0  3 32  5  8  6157  1  0  7 5900901614280120081806                
0622170611  0  0  0  1  0  0  0  0  0  0  0  0  0  0  0  1  0  0  0  0  0  0  0  0  0  0  0  0  0  0  0  1  0  0  0  1  0  0  0  1  0  0  0  0  0  0  0  0  0  0  0  1  0  0  0  0  0  0  0  0  0  0  0  0  0  0  0  0  1  1  4 82  0  1  1 34  4  8  1114  0  1  0  9  9 10  8356  5  7 11 8901301615660130051604                
0622170612  0  0  1  1  0  0  0  0  0  0  0  0  0  0  1  1  0  0  0  0  0  0  0  0  0  0  0  0  0  0  0  0  0  0  0  0  0  0  0  1  0  0  1  0  0  0  0  0  0  0  1  0  0  0  0  0  0  0  0  1  0  0  0  0  0  0  1  1 28 21 31132 10  3  9 40  2  5  2 14  0  0  0  6 24 31 19131 17 22 1615602101918440070091320                
0622170613  0  0  0  4  0  0  0  0  0  0  0  0  0  0  0  4  0  0  0  2  0  0  0  1  0  0  0  0  0  0  0  2  0  0  0  0  0  0  0  3  0  0  0  0  0  0  0  1  0  0  0  3  0  0  0  0  0  0  0  1  0  0  0  1  0  0  0  2 23 26 25117  6 14 11 32 13 10  9 31  0  0  0  4 40 25 27166  2  1  2 1402101017920090071832                
0622170614  0  0  0  2  0  0  0  0  0  0  0  0  0  0  0  2  0  0  0  0  0  0  0  0  0  0  0  0  0  0  0  2  0  0  0  1  0  0  0  1  0  0  0  1  0  0  0  0  0  0  0  1  0  0  0  1  0  0  0  0  0  0  0  1  0  0  0  1  4 12  5 85  3  7  2 33  2  5  4 73  0  0  0  3  5  4  5145  0  0  0  201901316030180001466                
0622170701  1  0  0  2  0  0  0  0  0  0  0  0  1  0  0  0  1  0  0  0  1  0  0  0  0  0  0  0  1  0  0  0  1  0  0  2  0  0  0  0  1  0  0  0  0  0  0  0  0  0  0  1  1  0  0  0  0  0  0  1  0  0  0  0  1  0  0  1 23 15 19286 15 12 10168  2  2  3 83  6  5  3 96  9 10  8356  1  0  0 2501401613690000061400                
0622170702  1  0  1  2  0  0  0  0  0  0  0  0  1  0  0  1  1  0  0  0  0  0  0  0  0  0  0  1  1  0  0  0  0  0  0  0  0  0  0  0  1  0  0  0  0  0  0  1  0  0  1  0  1  0  0  1  0  0  0  1  0  0  0  0  1  0  0  2 51 34 40299  9  9 11 85  0  1  0  6 12  6  5 30 34 20 22232  8  9  5 6702101814920130121300                
0622170703  1  0  2  4  0  0  0  0  0  0  0  0  1  0  2  2  0  0  2  1  0  0  2  0  0  0  0  0  0  0  2  0  0  0  0  0  1  0  1  1  0  0  1  1  0  0  0  0  0  0  0  1  1  0  0  1  0  0  2  2  0  0  0  0  0  0  0  1 13 10 18252  1  3  8101  0  0  0  9  0  0  0  0 11 18 24307  1  0  3 3801300915440000061400                
0622170704  1  1  0  3  0  0  0  0  0  0  0  0  1  1  0  2  0  1  0  1  0  1  0  1  0  0  0  0  0  1  0  1  1  1  0  3  0  0  0  0  1  0  0  2  0  1  0  0  0  0  0  1  1  1  0  1  0  0  0  1  0  0  0  0  0  0  0  1  3  6 10117  1  6  7 75  1  1  0 28  1  1  0 13  0  2  0 68  8 21 1434301401513870010161263                
0622170705  1  1  0  0  0  0  0  0  0  0  0  0  1  1  0  0  0  0  0  0  0  0  0  0  0  0  0  0  0  0  0  0  0  0  0  0  1  1  0  0  0  0  0  0  0  0  0  0  1  0  0  0  0  0  0  0  0  1  0  0  0  0  0  0  1  1  0  0 35 31 45286 16 13 14139  8 11  7 82 10  9 13 82 20 22 31297 10  9 10 6100801514960210191716                
0622170706  1  1  0  4  0  0  0  0  0  0  0  0  1  1  0  4  1  0  0  1  1  0  0  1  0  0  0  1  1  1  0  3  0  0  0  0  0  1  0  3  1  0  0  0  0  0  0  1  0  1  0  0  0  0  0  3  1  0  0  1  0  0  0  0  0  0  0  2 19 18 26347  9  7  6113  3  1  6 49  0  0  1  1  4 11 15209  1  1  0  400002013860180171761                
0622170707  1  0  0  1  0  0  0  0  0  0  0  0  1  0  0  0  1  0  0  0  1  0  0  0  0  0  0  0  1  0  0  0  1  0  0  1  0  0  0  0  0  0  0  0  1  0  0  0  0  0  0  0  1  0  0  0  0  0  0  1  0  0  0  0  0  0  0  1 14 11 12197  8  8  1 83  1  0  1  7  1  0  0  1  2  4  2 64  1  0  0  100501114240080161569                
0622170708  1  0  2  2  0  0  0  0  0  0  0  0  1  0  2  2  1  0  0  1  1  0  0  1  0  0  0  0  1  0  0  1  1  0  2  1  1  0  2  1  0  0  0  1  0  0  0  0  0  0  2  1  1  0  0  0  0  0  0  1  1  0  0  0  1  0  1  0 29 21 18133 10  9  4 54  4  0  3 17  2  1  7 17 24 31 19131  6 11 12 7101901615440100061200                
0622170709  1  0  1  2  0  0  0  0  0  0  0  0  0  0  0  0  0  0  0  0  0  0  0  0  0  0  0  1  0  0  0  0  1  0  0  1  0  0  0  0  0  0  0  0  0  0  0  0  0  0  0  1  1  0  0  0  0  0  1  1  0  0  0  0  1  0  1  1 41 40 30400 10 12  9130  3  1  1 11  1  0  0  1 15 22 22197  1  0  1  700900812770030091888                
0622170710  1  1  0  2  0  0  0  0  0  0  0  0  1  1  0  2  0  0  0  1  0  0  0  0  0  0  0  0  1  1  0  1  0  0  0  0  1  0  0  1  0  1  0  0  0  0  0  1  0  0  0  0  0  0  0  1  1  1  0  1  0  0  0  0  1  1  0  2  9  3 12121  4  1  7 62  0  0  0  1  0  0  0  3  4 14  8135  1  1  0  300902114480000111366                
0622170711  1  0  0  3  0  0  0  0  0  0  0  0  1  0  0  2  0  0  0  1  0  0  0  1  0  0  0  0  1  0  0  2  0  0  0  0  1  0  0  1  0  0  0  1  0  0  0  0  1  0  0  0  0  0  0  2  0  0  0  1  0  0  0  0  0  0  0  1  7 12 16263  1  1  3 48  0  0  3 28  0  0  2 14  8 13 10203  5  1  316600801815120130111482                
0622170712  1  1  0  0  0  0  0  0  0  0  0  0  1  1  0  0  1  1  0  0  1  1  0  0  0  0  0  0  1  1  0  0  0  0  0  0  0  1  0  0  1  0  0  0  0  0  0  0  1  0  0  0  0  1  0  0  0  0  0  0  0  0  0  0  0  0  0  0 56 46 28128 17  8  9 35  2  3  0  1 16 18 36825 62 39 27137 13 13  7 8202101814000130161599                
0622170713  1  1  1  1  0  0  0  0  0  0  0  0  1  1  1  1  0  0  0  1  0  0  0  1  0  0  0  0  0  0  0  1  1  1  0  1  1  1  0  0  0  0  1  1  0  0  0  0  0  1  0  0  1  0  1  0  0  0  0  1  0  0  0  0  1  1  0  0 10 16 18235  5 10 11116 45 35 40398  8  4  2 29  8 10 11226 28 34 422260080181512000000                    
0622170714  1  2  0  2  0  0  0  0  0  0  0  0  0  1  0  0  0  0  0  0  0  0  0  0  0  1  0  0  0  0  0  0  1  0  0  1  0  0  0  0  0  1  0  0  0  0  0  0  1  0  0  2  0  2  0  0  0  0  0  0  0  0  0  1  1  1  0  1  7  6 21269  5  3  8119  9  5  7 73  1  0  0  6  7  2  9184  9 10  6 340170311382000000                    
0622170715  1  0  0  1  0  0  0  0  0  0  0  0  1  0  0  1  0  0  0  0  0  0  0  0  0  0  0  0  1  0  0  0  0  0  0  0  1  0  0  0  0  0  0  1  0  0  0  0  0  0  0  0  1  0  0  0  0  0  0  1  0  0  0  0  0  0  0  0  6 11  8102  4  3  5 53 12  9 12 86  0  0  0  3  4  2  8 88 15 12 2318100501814940010161263                
0622170716  1  0  0  3  0  0  0  0  0  0  0  0  1  0  0  2  1  0  0  2  1  0  0  2  0  0  0  1  1  0  0  2  1  0  0  0  1  0  0  1  0  0  0  1  0  0  0  0  1  0  0  1  0  0  0  2  0  0  0  0  1  0  0  0  0  0  0  0  6  5  4 62  4  2  4 34  2  3  1 13  1  0  0  0  0  0  2 24  1  0  0  301202815370130171405                
0622170801  0  0  1 15  0  0  0  0  2  2  0  2  0  0  1 11  0  0  1  4  0  0  1  4  0  0  0  2  0  0  1  6  0  0  0  5  0  0  0  9  0  0  1  1  0  0  0  1  0  0  1  9  0  0  0  3  0  0  0  3  0  0  1  3  0  0  0  7  2  6 13132  2  3  6 45  6  2  5 98 22 25 36618  7  5  3112 13 11 2434100701816500080161548                
0622170802  1  0  0 11  0  0  0  0  0  0  0  0  1  0  0 11  1  0  0  8  0  0  0  6  1  0  0  2  0  0  0  7  1  0  0  3  0  0  0  8  0  0  0  2  1  0  0  1  0  0  0  3  0  0  0  3  1  0  0  5  0  0  0  3  0  0  0  4 27 40 29341  6 13 12134  7  9  5 53  1  0  0  3 30 22 24265  1  0  0 2400701216290100141628                
0622170803  1  1  1 26  0  0  0  0  0  0  0  0  1  1  1 26  0  1  1 12  0  1  1  6  0  0  0  5  0  1  1 10  0  0  1  4  0  0  1 17  1  1  0  4  0  0  0  5  0  0  0  9  0  1  0  7  1  0  1 10  0  1  1  6  0  0  1 10 32 31 43380 20 13 20182 47 41 39292  0  0  1  6 20 22 31297  1  1  1 350160191654000000                    
0622170804  1  2  0  4  0  0  0  0  0  0  0  0  1  2  0  4  0  0  0  1  0  0  0  1  0  0  0  0  0  0  0  1  0  2  0  2  1  1  0  4  0  1  0  0  0  0  0  0  0  0  0  0  1  1  0  3  0  1  0  1  0  0  0  2  0  1  0  1 12 71  1482 33 20  8 48 71 41 28 93  7  6  4 13 62 39 27137 22 12 1716501703113820200151421                
0622170805  1  2  1 10  0  0  0  0  0  0  0  0  1  2  1  9  0  2  1  4  0  2  1  1  1  0  0  2  1  2  1  2  0  0  0  1  0  2  1  7  1  0  0  1  0  0  0  1  1  0  1  3  0  2  0  4  0  0  0  3  0  1  1  3  0  1  1  4 14 15 22249  4  7 10123  6  6 11158  0  0  0  1  5  4  5145  6  7  2 330210291649000000                    
0622170806  1  0  0  5  0  0  0  0  0  0  0  0  1  0  0  5  1  0  0  3  1  0  0  1  0  0  0  0  1  0  0  2  0  0  0  0  1  0  0  3  0  0  0  0  0  0  0  2  1  0  0  0  0  0  0  2  0  0  0  3  1  0  0  2  0  0  0  3 26 29 43391  8 13 13127  0  0  0  7  0  1  1  5 15 22 22197  2  1  3 2401703113820240201488                
0622170807  1  1  0  5  0  0  0  0  0  0  0  0  0  0  0  2  0  0  0  0  0  0  0  0  0  0  0  0  0  0  0  1  0  0  0  0  0  0  0  2  0  0  0  0  0  0  0  0  0  1  0  1  1  0  0  4  0  0  0  0  0  0  0  0  0  0  0  3  5  4  5130  3  3  1 54  0  0  0  5  1  2  2 14  4  2  8 88 11  9  71050210191716000000                    
0622170808  1  0  1 10  0  0  0  0  0  0  0  0  1  0  1  8  1  0  1  6  1  0  1  5  0  0  0  1  1  0  1  5  0  0  0  0  0  0  0  6  1  0  0  1  0  0  1  1  0  0  1  4  0  0  0  1  1  0  0  5  0  0  1  3  1  0  1  2 38 29 41318  8  8 15107  0  0  0  5  0  0  0  2 14 12 20236  1  0  1 140100111526000000                    
0622170809  1  1  3 12  0  0  0  0  0  0  0  0  1  1  3 10  1  1  3  5  0  0  2  3  0  0  0  0  0  0  2  3  1  1  3  9  0  1  3  7  1  0  0  0  0  0  0  3  0  1  3  1  0  0  0  6  1  0  0  5  0  0  1  3  0  0  1  6 11  6 12209  7  5  9122  1  1  4 44  1  1  3  9  5  8  6157  1  1  3 1201101115960080161548                
0622170810  0  2  2 18  0  0  0  0  6  2  0  1  0  0  2  8  0  0  1  5  0  0  0  3  0  0  2  2  0  0  0  4  0  0  1  5  0  0  2  5  0  0  0  2  0  0  0  1  0  1  1  5  0  1  1  3  0  0  0 10  0  1  0  2  0  1  0  6  1  4 12171  1  0  3 83  2  0  1 24  0  0  1  8  2  4  2 64  0  0  2 290130131397000000                    
0622170811  1  1  1  6  0  0  0  0  0  0  0  0  1  1  1  4  1  1  1  3  1  1  1  3  1  0  0  0  1  1  1  3  0  0  0  0  0  1  1  3  0  0  0  1  1  0  0  0  1  1  0  1  0  0  1  3  0  0  0  2  1  1  0  2  0  0  0  4 57 43 45258 16 14 14 81  2  0  0  7  0  0  0  0 40 25 27166  2  2  2 130020121412000000                    
0622170812  1  2  0 24  0  0  0  0  0  0  0  0  0  0  0  6  0  0  0  3  0  0  0  3  0  0  0  1  0  0  0  4  1  0  0  4  0  0  0  4  0  0  0  1  0  0  0  1  0  2  0  2  0  0  0 10  1  0  0 11  0  0  0 10  1  0  0  7 18  8 10312  9  6  7162  3  0  1 28  2  0  0 12  9 10  8356  3  7  1 8200900812770000261322                
0622170813  0  0  0  6  1  0  0  0  0  0  0  0  0  0  0  5  0  0  0  3  0  0  0  2  0  0  0  0  0  0  0  3  0  0  0  2  0  0  0  3  0  0  0  1  0  0  0  1  0  0  0  1  0  0  0  1  0  0  0  4  0  0  0  1  0  0  0  4 57 58 40299 25 14 11 91 23 18 25230  1  0  0  3 34 20 22232  5  2  1 4001201316050130111482                
0622170814  1  0  0  1  0  0  0  0  0  0  0  0  1  0  0  1  1  0  0  1  1  0  0  0  0  0  0  0  1  0  0  0  0  0  0  0  1  0  0  0  0  0  0  0  0  0  0  1  1  0  0  0  0  0  0  0  0  0  0  1  1  0  0  1  0  0  0  1 26 33 26257 10 16 10123  8  7  5 44  0  0  0  2 19 19 20228  1  0  0  100301716220100141628                
0622170901  2  2  0  2  0  0  0  0  0  0  0  0  2  2  0  2  0  0  0  2  0  0  0  0  0  0  0  0  1  0  0  0  2  1  0  0  2  2  0  2  0  0  0  0  0  0  0  0  1  2  0  2  1  0  0  0  0  0  0  0  0  0  0  1  1  2  0  0 12 71  1482  7  6  0 19 57 28 15 57 16 18 36825 62 39 27137 45 36 291600210191844000025                    
0622170902  2  0  1  3  0  0  0  0  0  0  0  0  2  0  1  3  0  0  0  0  0  0  0  0  0  0  0  0  2  0  1  2  0  0  0  0  2  0  1  1  0  0  0  1  0  0  0  1  1  0  0  1  0  0  0  1  1  0  1  1  1  0  0  0  0  0  1  2 42 47 44306  3  6  4 45  9  9  4 52  0  1  0  2 26 23 22198 10 16  5 2902201815140250161838                
0622170903  3  3  3 35  0  0  0  0  0  0  0  0  3  3  3 35  1  3  2 15  0  1  0  4  1  0  1  1  3  3  3 32  0  0  0  1  2  3  2 27  1  0  1  4  0  0  0  4  2  1  2 20  0  0  1 10  1  2  0  5  1  0  0  8  2  1  1 15 32 31 43380  2  5  7 46  0  1  1  8  0  0  0  2 20 22 31297  8  6 101010180171886000000                    
0622170904  2  1  0  0  0  0  0  0  0  0  0  0  2  1  0  0  2  1  0  0  0  0  0  0  1  0  0  0  1  0  0  0  0  0  0  0  1  1  0  0  1  0  0  0  0  0  0  0  0  1  0  0  1  0  0  0  1  0  0  0  0  1  0  0  2  1  0  0 57 43 45258  9  2  6 26  9  5  8 35  0  0  3 10 40 25 27166  4  4  2 1002201815140100071825                
0622170905  2  2  3  3  0  0  0  0  0  0  0  0  2  2  3  3  1  0  2  0  0  0  0  0  0  0  1  0  0  1  2  3  0  1  2  0  2  1  3  3  0  0  0  0  0  1  0  0  0  2  2  0  1  0  1  1  1  0  0  2  0  1  0  2  0  1  2  1 61 50 48217  6  4  7 26 14 15 11 42  0  1  2  3 24 31 19131  2  2  4 1101901917370280001977                
0622170906  2  0  1  8  0  0  0  0  0  0  0  0  2  0  1  8  1  0  0  2  0  0  0  0  0  0  0  2  2  0  0  4  1  0  0  0  1  0  1  7  1  0  0  0  0  0  0  1  1  0  1  1  1  0  0  3  0  0  0  4  1  0  0  0  1  0  1  2  2 11  8175  0  0  0  6  4  5  8132  4  5  3 29  8 13 10203  7  6  9 530150111963000000                    
0622170907  2  0  1 18  0  0  0  0  0  0  0  0  2  0  1 17  0  0  1  1  0  0  1  1  0  0  0  1  1  0  1  7  0  0  1  2  1  0  1 11  1  0  0  5  0  0  0  1  0  0  0  5  1  0  1  9  1  0  0  4  0  0  0  4  0  0  0  6  2  6 13132  0  2  2 11  2  4  6 42  0  0  1 16  7  5  3112  7 13 1826701501217340100101802                
0622171001  2  0  1 11  0  0  0  0  0  0  0  0  1  0  0  7  0  0  0  2  0  0  0  1  1  0  0  1  1  0  0  4  0  0  0  6  1  0  0  5  0  0  0  1  0  0  0  1  1  0  0  4  1  0  0  5  0  0  1  2  1  0  0  2  1  0  0  5 14 15 22249  4  7 10123  6  6 11158  1  1  3 23  5  4  5145 11 16 14 9201001016840130111482                
0622171002  2  0  1 11  0  0  0  0  0  0  0  0  2  0  1 10  1  0  1  9  0  0  1  3  0  0  0  0  0  0  1  3  0  0  0  0  1  0  1  8  0  0  0  1  1  0  0  1  1  0  1  1  0  0  0  8  1  0  0  2  1  0  1  2  1  0  1  4 22 20 15276 12 11  9124  3  2  4 36  0  0  0  0  8 10 11226  4  1  2 2600401016360180081500                
0622171003  2  3  1 13  0  0  0  0  0  0  0  0  2  3  1 10  1  2  1  6  1  1  0  4  1  0  0  1  2  2  0  6  0  0  0  0  0  2  0  6  0  0  0  3  2  1  1  1  1  1  0  6  0  2  1  4  1  0  0  3  0  1  0  3  1  1  0  4 27 40 29341  6 13 12134  2  2  0 21  1  3  1 13 30 22 24265  4  7  61000130161599000000                    
0622171004  2  0  0  2  0  0  0  0  0  0  0  0  2  0  0  1  2  0  0  0  2  0  0  0  2  0  0  1  2  0  0  0  1  0  0  0  0  0  0  1  1  0  0  0  1  0  0  0  0  0  0  1  0  0  0  0  2  0  0  1  1  0  0  0  1  0  0  0 57 43 45258 16 14 14 81 10  6  1 29 71 54 32191 40 25 27166  5  1  2 3101902314230130161599                
0622171005  1  0  0  7  0  0  0  1  7  1  0  0  1  0  0  7  1  0  0  3  1  0  0  0  0  0  0  0  1  0  0  3  1  0  0  0  1  0  0  5  0  0  0  1  0  0  0  1  0  0  0  2  0  0  0  3  1  0  0  2  0  0  0  1  0  0  0  1  1  4 12171  1  0  3 83  1  0  0  1  1  0  0  0  2  4  2 64  1  0  0 1600501814940100111169                
0622171006  1  0  2  0  0  0  0  0  2  4  2  2  1  0  2  0  1  0  0  0  1  0  0  0  0  0  0  0  1  0  0  0  0  0  0  0  0  0  1  0  1  0  1  0  0  0  0  0  0  0  0  0  0  0  0  0  1  0  2  0  0  0  0  0  1  0  1  0 57 58 40299 25 14 11 91  6  3  4 48  0  0  0  0 34 20 22232  1  0  2  801301115140210191716                
0622171007  2  4  1 10  0  0  0  0  0  0  0  0  2  4  1  7  2  4  1  4  1  3  1  0  0  0  0  1  1  3  1  1  2  2  1  1  1  1  1  6  0  0  0  0  1  3  0  1  0  3  0  4  1  1  1  4  1  0  0  2  1  2  1  1  0  2  0  3 61 50 48217 18 14 11 46 11  6  9 28 33 12 12108 24 31 19131 11 12  8 6401301714050110131698                
0622171008  1  0  2 16  1  0  0  0  0  0  0  0  1  0  2 15  0  0  0  6  0  0  0  3  0  0  1  2  0  0  0  8  0  0  1  1  0  0  2 11  0  0  0  3  1  0  0  1  0  0  0  7  1  0  0  7  0  0  2  2  0  0  0  4  1  0  0  8 26 33 26257 10 16 10123  4  4  8 65  0  0  0  0 19 19 20228  0  0  0  000901717260200331000                
0622171009  2  0  2  9  0  0  0  0  0  0  0  0  2  0  2  9  1  0  1  3  1  0  1  2  0  0  0  2  2  0  2  3  0  0  1  3  2  0  1  4  0  0  0  3  0  0  1  2  0  0  0  2  0  0  1  1  2  0  1  6  1  0  0  1  0  0  1  6 13 18 19218  2  4  8 72  9  8 11142  3  4  6 67  8 13 11195  3  0  2 5601101516260060201840                
0622171010  2  0  1  8  0  0  0  0  0  0  0  0  2  0  1  8  0  0  0  2  0  0  0  2  0  0  0  1  1  0  0  4  0  0  0  3  2  0  1  5  0  0  0  3  0  0  0  0  0  0  0  1  1  0  0  5  1  0  1  2  0  0  0  0  1  0  0  1 18  8 10312  9  6  7162  4  7  5144  1  0  2 18  9 10  8356  5  3  5 7900701116690010161263                
0622171011  2  1  2  3  0  0  0  0  0  0  0  0  2  1  2  2  0  1  2  1  0  1  2  1  0  0  0  0  1  1  2  1  1  1  2  2  1  0  2  1  0  0  0  1  1  1  0  0  0  0  2  1  1  0  0  0  1  1  0  2  0  1  0  0  0  1  1  1  2  6 13132  2  3  6 45  2  4  6 42  1  1  2  7  7  5  3112  2  1  2 1201100916510090111353                
0622171012  2  6  8 17  0  0  0  0  0  0  0  0  2  6  8 17  1  2  2  9  0  2  1  7  0  1  0  0  0  3  5 10  2  4  4 10  2  4  4 13  0  2  2  2  0  0  2  2  0  2  3  4  1  3  2  8  1  1  3  5  0  2  2  4  2  2  2  8 14 37 32349  3 16 12127  2  5  4 51 10 71 51138 11 18 24307  3  6  9 6401101516260030022400                
0622171013  1  2  0  3  1  0  0  0  0  0  0  0  1  0  0  1  1  0  0  1  0  0  0  0  0  0  0  0  0  0  0  0  0  0  0  0  0  0  0  1  0  0  0  0  1  0  0  0  0  1  0  1  0  0  0  1  1  1  0  1  0  1  0  1  0  0  0  2 12 71  1482 33 20  8 48  0  0  0  2  1  3  2  9 62 39 27137  2  4  1  901601916540130161599                
0622171101  3  0  2  0  0  0  0  0  0  0  0  0  3  0  2  0  2  0  2  0  2  0  0  0  0  0  0  0  2  0  1  0  0  0  0  0  3  0  2  0  0  0  0  0  0  0  0  0  2  0  1  0  1  0  1  0  0  0  0  0  1  0  0  0  1  0  0  0 71 42 38139 16  9  6 25 71 41 28 93 10 67  3715 62 39 27137 50 37 2812002501618380030091200                
0622171102  3  8  2  4  0  0  0  0  0  0  0  0  3  8  2  4  1  7  0  2  0  2  0  0  1  1  1  0  2  4  0  0  0  0  0  0  3  3  2  2  0  1  0  1  0  4  0  1  1  3  1  0  1  2  1  3  1  3  0  1  0  1  1  1  1  3  0  1 22 18 18125  8  7  7 46 14 20  9 98  8  9  3 37 26 23 22198 32 38 2125001801418700180171978                
0622171103  3  0  1  6  0  0  0  0  0  0  0  0  3  0  1  6  1  0  1  1  1  0  1  0  0  0  0  1  3  0  1  5  0  0  1  2  2  0  0  2  0  0  1  2  1  0  0  2  2  0  1  2  0  0  0  3  1  0  0  1  1  0  0  1  0  0  0  2 13 19 22134  5  7  5 37  1  4  6 73  2  5  8 45 15 22 22197 13  9  913400900814040070191963                
0622171104  3  3  2  8  0  0  0  0  0  0  0  0  3  3  2  8  1  0  0  3  0  0  0  0  0  1  1  2  1  1  1  3  0  0  0  0  3  2  1  7  0  0  0  1  0  1  1  0  2  1  0  3  0  1  1  4  1  1  1  1  2  0  1  1  2  2  2  3  5  6  7112  1  3  1 41  0  0  0  5  3  5  3 45  8 10 11226  4  4  2 2801401614620130051604                
0622171105  3  6  4 19  0  0  0  0  0  0  0  0  3  6  4 19  1  4  3  8  1  2  0  0  1  3  3  4  2  3  0  6  0  0  0  3  1  5  3 16  1  1  1  2  1  0  0  1  2  3  1 12  0  3  3  5  1  0  0  2  2  1  3  2  2  2  3  8 28 21 31132 10  3  9 40  9  4  4 30 12 12 15 62 24 31 19131 27 41 3423202501618380030091200                
0622171106  3  2  4 12  0  0  0  0  0  0  0  0  3  2  4 11  1  2  0  4  0  0  0  0  0  0  0  0  2  1  4  6  0  0  0  1  1  1  3 10  2  1  1  0  0  0  0  1  2  2  2  5  0  0  0  2  1  0  2  5  2  0  0  2  1  2  1  4 23 26 25117  6 14 11 32  8  9  6 46 10  8  9 48 40 25 27166 50 34 4729701801418700130051604                
0622171107  3  1  5 25  0  0  0  0  0  0  0  0  3  1  5 25  3  1  2  9  2  0  0  2  0  0  0  5  3  1  3 21  0  0  0  1  2  1  3 16  1  0  1  9  0  0  1  0  1  0  1 10  2  0  1  9  0  1  3  6  1  0  1  7  2  0  3  7  2  1  6 45  1  0  1 16  1  1  0  6  1  0  0 16  4  2  8 88  2  1  3 240150161688000000                    
0622171108  3  5  1  7  0  0  0  0  0  0  0  0  3  5  1  7  2  1  0  3  1  1  0  0  0  0  0  0  3  5  1  7  0  1  0  1  1  4  1  6  2  1  0  1  0  0  0  0  3  3  1  4  0  1  0  1  0  1  0  2  0  2  1  2  0  0  0  2  0  6  1 58  0  4  0 21  0  4  2 47  0  4  2 30  4 14  8135  3  5  2 2301101516860120111537                
0622171109  2  0  0  7  0  0  0  0  0  0  0  0  2  0  0  7  0  0  0  3  0  0  0  0  0  0  0  0  1  0  0  3  0  0  0  1  2  0  0  5  0  0  0  1  0  0  0  1  1  0  0  4  0  0  0  2  1  0  0  1  1  0  0  1  0  0  0  2 33 30 27183 10  8  8 43  2  2  2 21  7  7  7 27 34 20 22232  2  0  1 1302201815140180171886                
0622171110  3  4  1 10  0  0  0  0  0  0  0  0  3  4  1 10  2  1  1  6  1  0  1  2  0  1  0  3  2  4  1  7  1  2  1  5  2  3  0  8  0  0  0  1  1  1  1  1  2  3  0  4  1  0  1  4  0  1  0  2  0  1  1  2  1  1  0  4 11 13 12127  3  4  5 52  3  5  5 38  1  2  2 14 30 22 24265  9 15 1212101501217340080122036                
0622171111  3  2  2 12  0  0  0  0  0  0  0  0  3  2  2 12  1  0  0  1  1  0  0  0  0  1  0  1  1  0  0  3  0  0  0  0  3  2  1  6  0  0  1  3  0  0  0  3  1  1  1  6  0  1  0  5  2  0  1  1  1  0  1  5  2  1  0  5 17 19 20154  7  8  4 54  0  2  2 10  3  3  1 31 20 22 31297 41 40 3126401101116900250161838                
0622171201  1  4  0 10  0  0  0  0  0  0  0  0  1  4  0 10  0  1  0  1  0  1  0  1  0  0  0  1  1  2  0  7  0  0  0  1  0  3  0  5  1  0  0  2  0  1  0  3  0  2  0  5  0  1  0  5  1  1  0  0  0  0  0  5  0  1  0  2  0  0  0  2  0  0  0  2  1  1  4 39  0  0  0  2  0  0  2 24  1  4  0 1601200818060060002000                
0622171202  1  4  1 12  0  0  0  0  0  0  0  0  1  4  1  8  1  0  0  1  0  0  0  0  0  1  0  5  0  3  1  6  0  0  0  0  0  2  1  8  1  1  0  0  0  1  0  0  1  4  1  5  0  0  0  1  0  0  0  6  0  0  0  3  0  2  0  3  1  0  0  7  1  0  0  4  0  0  1  3  0  0  0  2  4  2  8 88  2 13 13 8600701214400180171978                
0622171203  0  0  2 17  0  0  0  0  5  0  3  2  0  0  2 12  0  0  0  1  0  0  0  0  0  0  1  5  0  0  1  5  0  0  0  1  0  0  0 10  0  0  0  1  0  0  2  1  0  0  0  4  0  0  2  9  0  0  0  4  0  0  0  3  0  0  0  5  0  3  3 20  0  2  3 17  2  3  3 34  0  2  2 18 19 19 20228 14 24 2835301901917370130092100                
0622171204  1  1  1  4  0  0  0  0  0  0  0  0  1  1  1  4  0  0  0  0  0  0  0  0  0  0  0  0  0  1  0  2  1  1  1  2  1  1  1  4  0  0  0  0  0  0  0  0  1  1  0  2  0  0  0  1  0  0  1  1  0  0  0  1  0  1  0  1  8 11  4 27  3  5  2 10 15 21 19652 16 18 36825 62 39 27137 82 66 4321002501618380170161743                
0622171205  1  0  1  2  0  0  0  0  0  0  0  0  1  0  1  2  1  0  0  0  1  0  0  0  0  0  0  0  1  0  1  0  0  0  1  0  1  0  1  2  0  0  0  0  0  0  0  0  1  0  1  1  0  0  0  0  0  0  0  1  1  0  1  0  0  0  1  1  3  8  7 24  2  6  4 11  9  8  9 34  3  0  5  7 40 25 27166  3  0  3 140180141870000000                    
0622171206  1  1  0  7  0  0  0  0  0  0  0  0  1  1  0  7  0  0  0  2  0  0  0  1  0  0  0  0  0  1  0  3  0  0  0  1  0  1  0  6  1  0  0  0  0  0  0  1  0  0  0  3  1  0  0  1  0  1  0  3  0  0  0  3  1  1  0  4  7  3  0 28  5  2  0 13  8  7  2 25  3  6  2 29 34 20 22232  8  4  2 2901801418700110091778                
0622171207  1  1  0  6  0  0  0  0  0  0  0  0  1  1  0  6  0  0  0  1  0  0  0  1  0  0  0  0  1  0  0  4  1  0  0  2  1  1  0  5  0  0  0  1  0  0  0  0  1  1  0  4  0  0  0  1  0  0  0  1  1  0  0  1  0  0  0  2  8  6 14 28  3  1  6 13  7  6  5 33  1  0  1  3 24 31 19131  4  3  3 4701401318140160161776                
0622171208  1  3  2  3  0  0  0  0  0  0  0  0  1  3  2  3  0  0  0  0  0  0  0  0  0  1  1  0  1  0  1  2  0  2  1  1  1  3  1  2  0  0  0  1  0  0  1  0  1  2  1  1  0  1  1  2  0  0  0  0  0  1  0  1  1  2  0  1  2  5  6 30  2  3  4 22 16 21 10 60  0  3  3  8 26 23 22198  1  3  2  30250161838000015                    
0622171209  1  3  1  6  0  0  0  0  0  0  0  0  1  3  1  4  0  0  0  2  0  0  0  1  0  0  0  1  1  3  1  2  0  3  1  3  1  3  1  2  0  0  0  1  0  0  0  1  0  1  1  2  0  0  0  3  1  2  0  1  0  0  0  2  0  1  0  3  2  1  2 33  2  0  2 27 47 41 39292  8  9  9 46 20 22 31297  8  9  4 4002101816940180081840                
0622171210  1  0  0  6  0  0  0  0  0  0  0  0  1  0  0  2  0  0  0  0  0  0  0  0  0  0  0  0  0  0  0  0  0  0  0  0  0  0  0  1  1  0  0  1  0  0  0  0  1  0  0  2  0  0  0  2  0  0  0  2  0  0  0  2  1  0  0  2  0  0  0  7  0  0  0  4  0  0  0  0  0  0  0  4  2  4  2 64  2  5  0 2002101918440100101802                
0622171211  1  0  2  6  0  0  0  0  0  0  0  0  1  0  2  6  0  0  0  0  0  0  0  0  1  0  0  0  1  0  2  4  0  0  1  0  1  0  2  4  0  0  0  1  0  0  0  1  1  0  1  2  0  0  1  3  0  0  0  1  1  0  0  1  0  0  0  2  2  1  2 19  0  0  1 10  0  0  1  3  0  0  1  0 15 22 22197  1  0  4 1001801418700250161838                
0722170101  0  0  0  2  0  0  0  0  0  0  0  0  0  0  0  1  0  0  0  0  0  0  0  0  0  0  0  0  0  0  0  1  0  0  0  0  0  0  0  1  0  0  0  0  0  0  0  0  0  0  0  0  0  0  0  1  0  0  0  1  0  0  0  1  0  0  0  0 61 62 56492  9  6  5 68  0  0  0  4  0  0  0  0 16 18 19245  0  0  0  202600410000130161599                
0722170102  0  0  0  2  0  0  0  0  0  0  0  0  0  0  0  2  0  0  0  1  0  0  0  1  0  0  0  0  0  0  0  2  0  0  0  0  0  0  0  1  0  0  0  0  0  0  0  1  0  0  0  1  0  0  0  1  0  0  0  0  0  0  0  1  0  0  0  2 55 63 71494  7  8  8 65  4  7  2 37  1  5  5 30 24 26 25274  0  0  0  401801414980080051383                
0722170103  0  0  0  1  0  0  0  0  0  0  0  0  0  0  0  1  0  0  0  1  0  0  0  1  0  0  0  0  0  0  0  1  0  0  0  1  0  0  0  1  0  0  0  0  0  0  0  0  0  0  0  0  0  0  0  1  0  0  0  0  0  0  0  1  0  0  0  1 32 24 28143  2  2  0  9  7  5  8 20  1  2  0  7 11 14 13 97  1  0  3  300902114480110061730                
0722170104  0  0  0  4  0  0  0  0  0  0  0  0  0  0  0  1  0  0  0  1  0  0  0  1  0  0  0  0  0  0  0  1  0  0  0  1  0  0  0  1  0  0  0  0  0  0  0  0  0  0  0  2  0  0  0  2  0  0  0  0  0  0  0  1  0  0  0  2 10  9 21287  0  3  7 48  1  0  0 39  0  0  0  2  3  5  6148 11  8  4 6501501317330210191716                
0722170105  0  0  0  3  0  0  0  0  0  0  0  0  0  0  0  3  0  0  0  2  0  0  0  0  0  0  0  1  0  0  0  1  0  0  0  2  0  0  0  3  0  0  0  0  0  0  0  0  0  0  0  1  0  0  0  2  0  0  0  0  0  0  0  1  0  0  0  1  0  0  3 75  0  0  1 14  0  0  1  9  0  0  0  3  1  0  3 46 13  9 1116100801514960160161693                
0722170106  0  0  1  1  0  0  0  0  0  0  0  0  0  0  1  1  0  0  1  1  0  0  0  0  0  0  0  0  0  0  0  0  0  0  1  1  0  0  1  1  0  0  0  0  0  0  0  0  0  0  1  0  0  0  0  1  0  0  0  0  0  0  0  0  0  0  1  1 52 36 33246  3  3  0 32 13  6  9 65  2  3  2 14 11 19  9150  0  0  1 1800501114240130161599                
0722170107  0  1  0  2  0  0  0  0  0  0  0  0  0  0  0  0  0  0  0  0  0  0  0  0  0  0  0  0  0  0  0  0  0  1  0  1  0  0  0  0  0  0  0  0  0  0  0  0  0  0  0  0  0  1  0  1  0  0  0  1  0  0  0  0  0  0  0  0 65 46 62389 15 13  6 57  2  2  0  9  3  1  3  6 16 14 15126  0  1  0  601501716440250161726                
0722170108  0  1  0  0  0  0  0  0  0  0  0  0  0  1  0  0  0  1  0  0  0  1  0  0  0  0  0  0  0  1  0  0  0  1  0  0  0  1  0  0  0  0  0  0  0  0  0  0  0  0  0  0  0  1  0  0  0  0  0  0  0  1  0  0  0  1  0  0 83 80 73459 16 13 10 57  0  3  1 11  1  5  3 23 46 42 28265  3  5  1 2602502816930180171325                
0722170109  0  0  0  3  0  0  0  0  0  0  0  0  0  0  0  3  0  0  0  2  0  0  0  0  0  0  0  0  0  0  0  1  0  0  0  1  0  0  0  2  0  0  0  1  0  0  0  0  0  0  0  1  0  0  0  2  0  0  0  0  0  0  0  1  0  0  0  0 14 11 14268  1  1  2 46  1  1  2 38  0  0  0  2 12 16  7146  0  0  1 1301801416940090071592                
0722170110  0  0  0  2  0  0  0  0  0  0  0  0  0  0  0  2  0  0  0  2  0  0  0  0  0  0  0  0  0  0  0  0  0  0  0  2  0  0  0  1  0  0  0  1  0  0  0  0  0  0  0  1  0  0  0  0  0  0  0  1  0  0  0  0  0  0  0  1  2  7  4 97  1  1  0 17  4  8  6 78  2  2  2 36  3  4  4 80  0  0  0 4401101516260130111482                
0722170111  0  0  0  2  0  0  0  0  0  0  0  0  0  0  0  2  0  0  0  2  0  0  0  1  0  0  0  1  0  0  0  1  0  0  0  0  0  0  0  2  0  0  0  0  0  0  0  0  0  0  0  2  0  0  0  0  0  0  0  0  0  0  0  1  0  0  0  1  8 13 23259  1  0  4 30 16 14  7170  1  1  0 19 10 14 12174  9  9  9 930070121629010000                    
0722170201  0  0  0  2  0  0  0  0  0  0  0  0  0  0  0  2  0  0  0  1  0  0  0  1  0  0  0  0  0  0  0  2  0  0  0  0  0  0  0  1  0  0  0  0  0  0  0  1  0  0  0  1  0  0  0  1  0  0  0  0  0  0  0  1  0  0  0  0  5  5  9110  1  1  1  7 17 19 24250  3  2  5 49  1  4  2 56  0  0  0 1700801115180180081500                
0722170202  0  1  0  3  0  0  0  0  0  0  0  0  0  1  0  1  0  1  0  0  0  1  0  0  0  0  0  1  0  1  0  0  0  0  0  1  0  1  0  1  0  0  0  0  0  0  0  0  0  0  0  0  0  1  0  2  0  0  0  1  0  1  0  0  0  1  0  0 66 51 48333 10  8  6 36  3  0  0 14  0  1  1  4 46 42 28265  0  2  0 1801501716440080161548                
0722170203  0  0  0  1  0  0  0  0  0  0  0  0  0  0  0  0  0  0  0  0  0  0  0  0  0  0  0  0  0  0  0  0  0  0  0  0  0  0  0  0  0  0  0  0  0  0  0  0  0  0  0  0  0  0  0  1  0  0  0  0  0  0  0  1  0  0  0  1 16 22 18263  1  1  1 14  0  0  0  4  2  4  6 49 10 14 12174  0  0  0 1901101314310130071471                
0722170204  0  1  0  2  0  0  0  0  0  0  0  0  0  0  0  0  0  0  0  0  0  0  0  0  0  0  0  0  0  0  0  0  0  0  0  0  0  0  0  0  0  0  0  0  0  0  0  0  0  0  0  0  0  1  0  2  0  0  0  0  0  0  0  0  0  1  0  2 43 40 51311  5  6  5 46  2  0  2 12  0  0  0  0 16 14 15126  0  1  0  601901615440100131372                
0722170205  0  0  0  1  0  0  0  1  0  0  0  0  0  0  0  1  0  0  0  0  0  0  0  0  0  0  0  0  0  0  0  1  0  0  0  0  0  0  0  1  0  0  0  0  0  0  0  0  0  0  0  1  0  0  0  0  0  0  0  0  0  0  0  0  0  0  0  0  0  1  1 35  0  0  0  7  0  0  0  0  0  0  0  0  0  1  1 10  1  1  1  50120121362000000                    
0722170206  0  0  0  4  0  0  0  0  0  0  0  0  0  0  0  3  0  0  0  2  0  0  0  0  0  0  0  0  0  0  0  0  0  0  0  0  0  0  0  2  0  0  0  1  0  0  0  0  0  0  0  1  0  0  0  1  0  0  0  2  0  0  0  0  0  0  0  3  6  6 11178  0  0  0 17  0  3  1 32  0  0  0  1 10 16  6207  1  0  1 3700100814560070061478                
0722170207  0  0  0  3  0  0  0  0  0  0  0  0  0  0  0  3  0  0  0  2  0  0  0  0  0  0  0  0  0  0  0  0  0  0  0  1  0  0  0  3  0  0  0  0  0  0  0  0  0  0  0  2  0  0  0  1  0  0  0  0  0  0  0  0  0  0  0  0 29 31 33392  1  4  3 34  0  0  1  9  0  0  0 10 13 18  8167 32 30 2826102101016400180171704                
0722170208  0  1  2  2  0  0  0  0  0  0  0  0  0  1  2  2  0  1  2  1  0  0  0  0  0  0  1  0  0  0  2  1  0  0  0  0  0  0  1  1  0  0  0  1  0  1  1  0  0  0  1  1  0  1  0  1  0  0  1  0  0  0  0  1  0  0  0  0  6  7  8182  0  1  1 20  0  1  0 11  0  0  0  2  6  2  3126  9  9 1214101401613690120111535                
0722170209  0  0  0  4  0  0  0  0  0  0  0  0  0  0  0  0  0  0  0  0  0  0  0  0  0  0  0  0  0  0  0  0  0  0  0  3  0  0  0  0  0  0  0  0  0  0  0  0  0  0  0  2  0  0  0  1  0  0  0  1  0  0  0  1  0  0  0  3  8  6 18270  0  0  3 36  2  4  2 55  3  4  6 79  3  5  6148  1  1  2 4002101814920130111482                
0722170210  0  0  0  4  0  0  0  0  0  0  0  0  0  0  0  1  0  0  0  1  0  0  0  0  0  0  0  0  0  0  0  0  0  0  0  0  0  0  0  1  0  0  0  0  0  0  0  0  0  0  0  1  0  0  0  3  0  0  0  0  0  0  0  0  0  0  0  1 37 23 19233  5  3  1 33  3  4  7 66  4  2  2 18 12 16  7146  3  2  6 3402201814180180171704                
0722170211  0  0  1  2  0  0  0  0  0  0  0  0  0  0  0  0  0  0  0  0  0  0  0  0  0  0  0  0  0  0  0  0  0  0  0  0  0  0  0  0  0  0  0  0  0  0  0  0  0  0  1  0  0  0  0  1  0  0  0  1  0  0  0  0  0  0  0  1 27 41 36359  5  3  5 38  5  2  6 28 12  8  4 69 24 26 25274  2  6  4 3601301714050210191716                
0722170212  0  0  0  1  0  0  0  0  0  0  0  0  0  0  0  1  0  0  0  1  0  0  0  1  0  0  0  0  0  0  0  1  0  0  0  1  0  0  0  1  0  0  0  0  0  0  0  0  0  0  0  1  0  0  0  0  0  0  0  0  0  0  0  1  0  0  0  1 41 41 51384  7  5  7 45  0  1  4 19  8  4  9 30 16 18 19245  0  0  1  800301713400090171625                
0722170213  0  0  0  1  0  0  0  0  0  0  0  0  0  0  0  1  0  0  0  1  0  0  0  1  0  0  0  0  0  0  0  1  0  0  0  1  0  0  0  1  0  0  0  0  0  0  0  0  0  0  0  1  0  0  0  0  0  0  0  0  0  0  0  1  0  0  0  0 12  8 10146  4  2  2 27  2  2  4 78  0  0  0  3  4  6  2 83  0  0  0  600401016360030091888                
0722170214  0  0  0  4  0  0  0  0  0  0  0  0  0  0  0  2  0  0  0  2  0  0  0  0  0  0  0  0  0  0  0  0  0  0  0  0  0  0  0  0  0  0  0  2  0  0  0  0  0  0  0  1  0  0  0  3  0  0  0  0  0  0  0  1  0  0  0  0  2  5  4146  0  1  1 19  0  0  2 20  0  0  0  3  3  4  4 80  1  0  012401401513870150071720                
0722170215  0  0  0  1  0  0  0  0  0  0  0  0  0  0  0  0  0  0  0  0  0  0  0  0  0  0  0  0  0  0  0  0  0  0  0  0  0  0  0  0  0  0  0  0  0  0  0  0  0  0  0  0  0  0  0  1  0  0  0  0  0  0  0  1  0  0  0  0  0  0  0 26  0  0  0  6  0  0  0  0  4  4  8125  0  0  0 16  3  9  810802101814000080051383                
0722170216  0  0  0  2  0  0  0  0  0  0  0  0  0  0  0  1  0  0  0  1  0  0  0  1  0  0  0  0  0  0  0  1  0  0  0  0  0  0  0  1  0  0  0  0  0  0  0  0  0  0  0  0  0  0  0  2  0  0  0  0  0  0  0  1  0  0  0  0 25 25 32346  1  0  3 35  0  1  2 13  0  0  0  0 21 10 17191  3  7  5 9302101814000210191716                
0722170301                                                                                                                                                                                                             55 63 71494  7  8  8 65 19 10 13140 20 17 18119 24 26 25274 26 28 2722301701514900170241581                
0722170302                                                                                                                                                                                                              8 13 23259  1  0  4 30  1  2  3 55  1  3  6 59 10 14 12174  4  1  3 2800001614920030091888                
0722170303                                                                                                                                                                                                             35 39 35330  8 10  6 49  0  0  0  1  0  0  0  0 21 10 17191  3  6  4 2800501116960110091661                
0722170304                                                                                                                                                                                                             83 80 73459 16 13 10 57  0  0  1 10  2  1  0  7 46 42 28265  0  0  0  200301713400080071742                
0722170305                                                                                                                                                                                                             52 36 33246  3  3  0 32  3  4  1 19  0  0  0  0 11 19  9150  0  0  0  200301716220130091544                
0722170306                                                                                                                                                                                                             65 46 62389 15 13  6 57  3  4  2 13  4  3  0 18 16 14 15126  2  2  1 2400301713400000251066                
0722170307                                                                                                                                                                                                             12 37 44217 12  6  3 28 12 45 84117 53 25 34154 29 24 26 96 24 20 19 8602101917160100141628                
0722170308                                                                                                                                                                                                              2  7  4 97  1  1  0 17  0  0  0 16  0  0  1  3  3  4  4 80 35 37 3535501001214180110091661                
0722170309                                                                                                                                                                                                             61 62 56492  9  6  5 68  3  0  0 18  0  0  0  0 16 18 19245  0  0  0  001201912860000311666                
0722170310                                                                                                                                                                                                             69 74 44227  6  8  7 24  7 10  8 30  0  1  0  0 12 20 15105  0  0  0  001801717040130161599                
0722170311                                                                                                                                                                                                             33 28 29316  5  4  3 49  0  1  1  0  0  0  0 17 13 18  8167  0  0  0  001202815370110091661                
0722170312                                                                                                                                                                                                             14 11 14268  1  1  2 46 16 11 12174  2  3  3 27 12 16  7146  1  1  0 2000501114240160161693                
0722170313                                                                                                                                                                                                             32 24 28143  2  2  0  9  0  0  0  0  0  0  0  1 11 14 13 97  1  0  0  900902114480080131333                
0722170314                                                                                                                                                                                                             10  6 18188  2  0  3 33  1  1  1 14  5  6 10 45 10 16  6207  3  7  3  901801414980270041400                
0722170401  1  0  0  3  0  0  0  0  0  0  0  0  0  0  0  2  0  0  0  0  0  0  0  0  0  0  0  0  0  0  0  1  0  0  0  0  0  0  0  2  0  0  0  0  0  0  0  0  0  0  0  1  0  0  0  1  1  0  0  1  0  0  0  1  1  0  0  0  0  1  1 47  0  0  0  7  0  0  0 13  0  0  0  2  1  0  3 46  1  0  1 3001201315800010081456                
0722170402  1  0  0  1  0  0  0  0  0  0  0  0  1  0  0  1  1  0  0  1  1  0  0  0  0  0  0  0  1  0  0  0  0  0  0  0  1  0  0  1  0  0  0  0  0  0  0  0  1  0  0  0  0  0  0  0  0  0  0  1  0  0  0  0  0  0  0  0 24 48 39390  5  5  1 52  0  0  2  5  4 12  8 76 24 26 25274  4  1  2 1101300714250210191716                
0722170403  1  0  0  2  0  0  0  0  0  0  0  0  1  0  0  1  1  0  0  1  1  0  0  0  0  0  0  0  1  0  0  1  1  0  0  1  0  0  0  0  0  0  0  1  1  0  0  0  0  0  0  0  0  0  0  1  1  0  0  1  0  0  0  0  1  0  0  0 68 45 35125 10  6  2 21 10  4  5 14 11 46 74 24 29 24 26 96 38 33 3517502201814180100101634                
0722170404  1  0  1  3  0  0  0  0  0  0  0  0  1  0  1  3  0  0  0  0  0  0  0  0  0  0  0  0  0  0  0  3  0  0  0  0  1  0  0  2  0  0  0  0  0  0  1  1  0  0  0  1  1  0  0  1  0  0  1  1  0  0  0  1  1  0  0  2 14 19 11202  2  1  4 23 13 11  8 69  4  6  5 22 11 19  9150  3  5  9 5200501814940160161693                
0722170405  1  0  0  3  0  0  0  0  0  0  0  0  1  0  0  3  0  0  0  0  0  0  0  0  0  0  0  1  1  0  0  0  0  0  0  0  0  0  0  2  0  0  0  1  1  0  0  0  0  0  0  1  1  0  0  2  0  0  0  0  0  0  0  0  0  0  0  2 12 17 10217  2  7  4 44  0  0  1  9  0  0  0  0 13 18  8167  1  0  0  301701514900110131698                
0722170406  1  1  1  2  0  0  0  0  0  0  0  0  1  0  0  0  1  0  0  0  0  0  0  0  0  0  0  2  1  0  0  0  0  0  0  0  1  0  0  0  0  0  0  0  0  0  0  0  0  1  1  2  1  0  0  0  0  0  0  0  0  0  0  0  0  0  0  1  3  4  7116  0  0  0  4  0  0  0  2  0  0  0  0  9  5  8143  9 10  6 3401703113820180321338                
0722170407  1  0  0  0  0  0  0  0  0  0  0  0  1  0  0  0  1  0  0  0  0  0  0  0  0  0  0  0  0  0  0  0  1  0  0  0  1  0  0  0  0  0  0  0  0  0  0  0  0  0  0  0  1  0  0  0  0  0  0  0  0  0  0  0  0  0  0  0  9 13  8183  0  1  1 22 16 14  7170  2  2  1 10 10 14 12174 12 11  5 8502101814000140081768                
0722170408  1  0  1  2  0  0  0  0  0  0  0  0  1  0  1  1  0  0  0  0  0  0  0  0  0  0  0  0  1  0  1  1  0  0  0  0  0  0  1  1  1  0  0  0  0  0  0  0  1  0  0  0  0  0  0  1  0  0  1  1  0  0  0  1  1  0  0  1 47 43 43384  3  8  8 67  1  1  0  3  0  0  1  3 16 18 19245  1  0  1  200901617200080151496                
0722170501  0  0  1  0  0  0  0  0  0  0  0  0  0  0  1  0  0  0  0  0  0  0  0  0  0  0  0  0  0  0  0  0  0  0  0  0  0  0  1  0  0  0  0  0  0  0  0  0  0  0  0  0  0  0  1  0  0  0  0  0  0  0  0  0  0  0  1  0 42 37 28197 12 13  6 41  5  3  0 19  7  1  5 12 46 42 28265 19  7 1111901801414760080001800                
0722170502  0  0  1  1  0  0  0  0  0  0  0  0  0  0  1  1  0  0  1  1  0  0  0  0  0  0  0  0  0  0  0  0  0  0  1  1  0  0  1  1  0  0  0  0  0  0  0  0  0  0  1  0  0  0  0  1  0  0  0  0  0  0  0  0  0  0  0  0 26 20 21195 11  6  7 49  2  4  3 15  0  0  1 10 16 14 15126  3  3  2 1701401416080100201200                
0722170503  0  0  0  2  0  0  0  0  0  0  0  0  0  0  0  1  0  0  0  0  0  0  0  0  0  0  0  0  0  0  0  0  0  0  0  1  0  0  0  1  0  0  0  0  0  0  0  0  0  0  0  0  0  0  0  2  0  0  0  0  0  0  0  0  0  0  0  1 13 24 23141  0  6  6 24  1  5  3 22  0  0  0  1 11 19  9150  4  2  2 220210181694000000                    
0722170504  0  1  0  2  0  0  0  0  0  0  0  0  0  1  0  2  0  0  0  2  0  0  0  2  0  0  0  0  0  1  0  2  0  0  0  0  0  1  0  1  0  0  0  1  0  0  0  0  0  0  0  1  0  0  0  1  0  1  0  0  0  1  0  0  0  0  0  1 34 32 26127  8  5  2 31 30 24 17144 51 36 27126 12 20 15105 38 33 351750180171886000000                    
0722170505  0  0  0  4  0  0  0  0  0  0  0  0  0  0  0  4  0  0  0  1  0  0  0  1  0  0  0  0  0  0  0  3  0  0  0  0  0  0  0  3  0  0  0  0  0  0  0  1  0  0  0  1  0  0  0  0  0  0  0  3  0  0  0  1  0  0  0  1 14 26 26228  3  6  6 49  8 10 17 75  3  5  4 43 16 18 19245  5  2  3 3301501317460130071452                
0722170506  0  1  1  0  0  0  0  0  0  0  0  0  0  1  1  0  0  0  0  0  0  0  0  0  0  0  0  0  0  1  1  0  0  0  0  0  0  1  1  0  0  0  0  0  0  0  0  0  0  1  0  0  0  0  0  0  0  0  1  0  0  0  0  0  0  1  1  0 22 21 26220  3  6  7 40  2  7  6 35 12  8  4 69 24 26 25274  8  4  4 4801901616380120081806                
0722170507  0  1  0  0  0  0  0  0  0  0  0  0  0  1  0  0  0  0  0  0  0  0  0  0  0  0  0  0  0  0  0  0  0  0  0  0  0  1  0  0  0  0  0  0  0  0  0  0  0  1  0  0  0  0  0  0  0  0  0  0  0  0  0  0  0  1  0  0 75 48 34103 21  9  9 21 22 22  9 39 12  7 10 48 29 24 26 96  1  1  0  402501618380210291821                
0722170601  0  0  0  2  0  0  0  0  0  0  0  0  0  0  0  2  0  0  0  1  0  0  0  0  0  0  0  0  0  0  0  1  0  0  0  0  0  0  0  1  0  0  0  1  0  0  0  0  0  0  0  2  0  0  0  0  0  0  0  0  0  0  0  0  0  0  0  1 19 14 23131  3  2  2 14  0  0  1 10  0  0  0  1 11 19  9150  0  0  0  20150071898000000                    
0722170602  0  0  0  2  0  0  0  0  0  0  0  0  0  0  0  1  0  0  0  1  0  0  0  1  0  0  0  0  0  0  0  1  0  0  0  2  0  0  0  1  0  0  0  0  0  0  0  0  0  0  0  0  0  0  0  2  0  0  0  0  0  0  0  0  0  0  0  0  1  5  4106  0  1  2 29  1  0  0 39  0  0  2 15  3  5  6148 31 25 3932000801513250070001550                
0722170603  0  1  0  4  0  0  0  0  0  0  0  0  0  1  0  1  0  1  0  1  0  0  0  1  0  0  0  0  0  0  0  1  0  0  0  0  0  1  0  1  0  0  0  0  0  0  0  0  0  0  0  2  0  1  0  1  0  0  0  1  0  0  0  0  0  1  0  1  4  6 10100  0  2  1 26  1  0  2  8  0  1  0  7 21 10 17191  5  4  5 3401901917370180091300                
0722170604  0  0  0  4  0  0  0  0  0  0  0  0  0  0  0  4  0  0  0  1  0  0  0  0  0  0  0  0  0  0  0  2  0  0  0  3  0  0  0  3  0  0  0  1  0  0  0  0  0  0  0  2  0  0  0  1  0  0  0  1  0  0  0  0  0  0  0  0  0  1  0 17  0  0  0  5  8 14  9141  0  1  1 11  3  4  4 80  0  3  5 4802101816940250161838                
0722170605  0  0  1  0  0  0  0  0  0  0  0  0  0  0  1  0  0  0  1  0  0  0  1  0  0  0  0  0  0  0  1  0  0  0  1  0  0  0  1  0  0  0  0  0  0  0  0  0  0  0  1  0  0  0  0  0  0  0  0  0  0  0  1  0  0  0  0  0 25 26 22145  1  0  4  2  7  5  8 20 10 99 37244 11 14 13 97  2  1  2  70120281517000000                    
0722170606  0  0  0  1  0  0  0  0  0  0  0  0  0  0  0  1  0  0  0  1  0  0  0  1  0  0  0  0  0  0  0  1  0  0  0  0  0  0  0  1  0  0  0  0  0  0  0  0  0  0  0  1  0  0  0  0  0  0  0  0  0  0  0  1  0  0  0  0 18 35 24203  5 10  6 32  5  7  7 25  1  0  0  1 16 14 15126  0  0  1  70190191737000000                    
0722170607  0  0  1  0  0  0  0  0  0  0  0  0  0  0  1  0  0  0  1  0  0  0  0  0  0  0  0  0  0  0  0  0  0  0  0  0  0  0  1  0  0  0  0  0  0  0  0  0  0  0  1  0  0  0  0  0  0  0  0  0  0  0  0  0  0  0  0  0  1  4  1 62  0  1  0 19  1  0  1  4  0  0  0  1 10 16  6207  1  3  4 4001901316030110111406                
0722170608  0  0  0  2  0  0  0  0  0  0  0  0  0  0  0  2  0  0  0  0  0  0  0  0  0  0  0  0  0  0  0  1  0  0  0  1  0  0  0  1  0  0  0  1  0  0  0  0  0  0  0  0  0  0  0  2  0  0  0  0  0  0  0  0  0  0  0  0 28 29 32165  3  4  7 23  8  6  8 44 13 12  9 52 12 20 15105 29 26 2213002501618380180171280                
0722170609  0  0  0  4  0  0  0  0  0  0  0  0  0  0  0  4  0  0  0  1  0  0  0  1  0  0  0  0  0  0  0  2  0  0  0  2  0  0  0  4  0  0  0  0  0  0  0  0  0  0  0  1  0  0  0  0  0  0  0  3  0  0  0  1  0  0  0  2  4  8  6 58  0  1  1  9 16 14  7170  0  0  0  2 10 14 12174  0  0  0  801101116900100141754                
0722170610  0  0  0  1  0  0  0  0  0  0  0  0  0  0  0  1  0  0  0  1  0  0  0  0  0  0  0  0  0  0  0  0  0  0  0  1  0  0  0  1  0  0  0  0  0  0  0  0  0  0  0  1  0  0  0  0  0  0  0  0  0  0  0  0  0  0  0  0 33 34 27255  9  7  5 40 17 12  4 56 30 31 16157 46 42 28265  7  9  6 4501801418700100071825                
0722170611  0  0  0  1  0  0  0  0  0  0  0  0  0  0  0  1  0  0  0  0  0  0  0  0  0  0  0  0  0  0  0  0  0  0  0  0  0  0  0  0  0  0  0  1  0  0  0  0  0  0  0  0  0  0  0  1  0  0  0  0  0  0  0  0  0  0  0  0 20 32 19235  7  4  5 35 15 18 18101  2  5  3 52 24 26 25274  1  2  0 2102101816940250161838                
0722170612  0  0  0  1  0  0  0  0  0  0  0  0  0  0  0  0  0  0  0  0  0  0  0  0  0  0  0  0  0  0  0  0  0  0  0  0  0  0  0  0  0  0  0  0  0  0  0  0  0  0  0  0  0  0  0  1  0  0  0  0  0  0  0  0  0  0  0  0 82 33 40116 16  8  5 21 12 45 84117  3  3  3  5 29 24 26 96  0  0  1  401801414760160001900                
0722170613  0  0  0  3  0  0  0  0  0  0  0  0  0  0  0  2  0  0  0  0  0  0  0  0  0  0  0  0  0  0  0  0  0  0  0  0  0  0  0  2  0  0  0  0  0  0  0  0  0  0  0  0  0  0  0  1  0  0  0  2  0  0  0  0  0  0  0  1  2  2  4 80  0  0  1 15  0  0  0  7  0  0  0  0 12 16  7146  0  0  0  301901917370130122100                
0722170614  0  0  1  0  0  0  0  0  0  0  0  0  0  0  1  0  0  0  0  0  0  0  0  0  0  0  0  0  0  0  0  0  0  0  0  0  0  0  1  0  0  0  0  0  0  0  0  0  0  0  0  0  0  0  1  0  0  0  0  0  0  0  0  0  0  0  0  0 18 23 26197  5  7  3 35 10 17 18122  9 14 10117 16 18 19245 38 36 3443801901917370130091600                
0722170615  0  1  0  2  0  0  0  0  0  0  0  0  0  1  0  1  0  0  0  0  0  0  0  0  0  0  0  1  0  1  0  0  0  0  0  0  0  1  0  1  0  0  0  0  0  0  0  0  0  0  0  1  0  1  0  1  0  0  0  0  0  0  0  0  0  0  0  1  4  1  8145  2  1  2 32 14 12 16106  2  2  0 11 13 18  8167  6  6  1 2702201815140160161776                
0722170701  1  1  2 13  0  0  0  0  0  0  0  0  0  0  1  7  0  0  0  2  0  0  0  1  1  1  0  6  0  0  0  5  1  1  1  5  0  0  0  3  0  0  1  4  0  0  0  0  1  1  0  2  0  0  2 10  0  0  0  1  0  0  1  3  1  0  0  5  6  7  7 48  3  0  3 22 12  7  9 65  1  2  2 11 46 42 28265  1  1  2 170220191758000000                    
0722170702  1  3  0  6  0  0  0  0  0  0  0  0  1  3  0  6  0  1  0  2  0  1  0  2  0  1  0  1  0  2  0  3  1  1  0  5  1  3  0  5  0  0  0  1  0  0  0  0  1  1  0  3  0  0  0  1  0  2  0  2  0  1  0  2  1  1  0  2  6  2  4 51  1  0  1 28  6 10  5 48  1  1  0  8 16 18 19245  5  3  1 3502101017920250161838                
0722170703  1  1  0 16  0  0  0  0  0  0  0  0  1  1  0 13  0  0  0  2  0  0  0  2  0  0  0  0  0  1  0  5  0  0  0  0  1  1  0  8  0  0  0  4  0  0  0  1  0  1  0  5  0  0  0  5  1  0  0  6  0  1  0  5  1  0  0  7  0  1  0 12  0  1  0  6  4  4  5101  0  0  0 12 12 16  7146  1  1  4 3001501217340070151600                
0722170704  1  1  2  8  0  0  0  0  0  0  0  0  1  1  2  8  0  0  0  1  0  0  0  1  0  0  1  2  0  1  1  3  0  0  0  0  1  1  2  7  0  0  0  1  0  0  0  0  0  0  1  0  0  0  1  3  1  1  0  5  0  0  0  5  1  0  1  2  3  3  4 15  1  0  0  3  1  2  2  5  2  2  0 20 11 14 13 97  1  1  2  80220191758000000                    
0722170705  1  3  2 11  0  0  0  0  0  0  0  0  1  3  2 10  0  0  1  0  0  0  1  0  0  0  1  0  0  0  1  2  0  1  0  1  0  2  1  7  1  1  1  1  0  0  0  2  0  2  1  5  0  0  0  3  1  1  1  3  1  0  1  1  0  3  1  5  3  4  3 44  2  2  1 15  7  6  3 76  3  3  1 32 16 14 15126  3  7  3 6201400818490210191844                
0722170706  1  2  0  1  0  0  0  0  0  0  0  0  1  2  0  1  0  0  0  0  0  0  0  0  0  0  0  0  0  0  0  1  0  0  0  0  1  1  0  1  0  0  0  0  0  1  0  0  0  1  0  0  0  1  0  0  1  0  0  1  0  0  0  0  0  0  0  1 19 13 11 30  7  8  3 10  5  3  0 19  4  2  0  7 29 24 26 96  1  2  1  102201917580070091320                
0722170707  1  1  1  9  0  0  0  0  0  0  0  0  1  1  1  8  0  0  0  0  0  0  0  0  0  0  0  1  0  0  0  0  0  0  0  0  1  1  0  6  0  0  1  2  0  0  0  0  0  0  0  4  0  0  0  1  1  1  1  4  0  0  0  2  1  0  0  2  0  1  1 26  0  0  0 13  4  0  0 14  1  0  0 12 13 18  8167  5  8  61110070121675000011                    
0722170708  1  1  4 10  0  0  0  0  0  0  0  0  1  1  4  6  0  0  0  0  0  0  0  0  0  0  0  2  0  1  2  2  0  0  0  0  1  1  4  6  0  0  0  0  0  0  0  0  0  0  2  2  0  0  1  5  1  1  1  1  0  0  2  2  1  1  1  3  2  6  9 40  0  2  3 19  0  1  0  0  8  3  5 67 24 26 25274  0  0  1  701101116900100071825                
0722170709  1  0  0  5  0  0  0  0  0  0  0  0  1  0  0  5  0  0  0  1  0  0  0  0  0  0  0  3  0  0  0  3  0  0  0  2  0  0  0  4  0  0  0  1  1  0  0  0  1  0  0  3  0  0  0  0  0  0  0  2  0  0  0  1  0  0  0  0  5  3  0 21  2  1  0 10  9  9  9 69  0  0  0  3 21 10 17191  1  0  0  501100716840370001400                
0722170801  2  4  5  3  0  0  0  0  0  0  0  0  1  0  1  1  0  0  0  0  0  0  0  0  0  1  1  0  0  0  0  1  0  0  0  0  1  0  1  1  0  0  0  0  0  0  0  0  2  1  1  1  0  2  3  1  0  1  1  1  0  2  2  1  1  1  0  0  4  4  4 11  1  2  3  6 23 23 19 57 53 25 34154 29 24 26 96 30 34 3210301601916540260251700                
0722170802  2  1  1 17  0  0  0  0  0  0  0  0  2  1  1 16  1  0  0  1  1  0  0  1  0  0  0  3  1  0  0  4  0  0  0  2  1  0  1  9  1  1  0  4  0  0  0  3  1  0  1  4  1  1  0  6  0  0  0  7  2  1  1  4  0  0  0  4  8  9  6 42  7  4  5 27 22 23 15144  5  3  4 39 16 18 19245  8  3  6 6601201115440080121536                
0722170803  2  2  0  9  0  0  0  0  0  0  0  0  2  2  0  9  0  0  0  3  0  0  0  1  0  1  0  1  0  0  0  1  1  2  0  9  0  2  0  7  2  0  0  1  0  0  0  1  1  1  0  4  0  1  0  2  1  0  0  3  1  1  0  2  1  1  0  4  0  1  2  9  0  1  1  5  8 14  9141  1  2  0  9  3  4  4 80  2  2  0 1400501517230000081300                
0722170804  2  0  1 14  0  0  0  0  0  0  0  0  2  0  1 14  0  0  0  1  0  0  0  1  0  0  0  1  0  0  0  3  0  0  0  2  0  0  0  9  1  0  1  1  1  0  0  4  1  0  1  3  0  0  0  6  1  0  0  5  1  0  1  5  1  0  0  8  4  5  3 41  3  2  1 25 10 16 14 99 24 32 37285 24 26 25274  6  4  5 5501601916540240201488                
0722170805  2  1  3  7  0  0  0  0  0  0  0  0  2  1  3  5  2  1  1  2  2  1  1  2  0  0  0  1  2  1  2  3  0  0  0  0  0  1  2  3  1  0  1  1  1  0  0  1  0  0  0  1  1  1  3  2  1  0  0  4  1  1  0  2  1  0  2  4  9  5  1 10  5  4  1  7 13  5  4 30  0  0  1  1 12 20 15105  2  1  5  800301716220100071592                
0722170806  2  5  1 11  0  0  0  0  0  0  0  0  2  5  1 10  0  0  1  0  0  0  1  0  0  1  0  1  0  0  1  4  0  0  0  1  1  2  1  6  1  2  0  2  0  1  0  2  1  1  1  2  1  4  0  4  0  0  0  5  1  4  0  2  1  3  0  3 10  5  5 40  4  4  4 24  5  3  0 19  0  0  0  1 46 42 28265  0  0  1  401901916900000151350                
0722170807  2  0  1  2  0  0  0  0  0  0  0  0  2  0  1  2  1  0  1  2  1  0  1  2  0  0  0  1  2  0  1  2  2  0  0  1  0  0  1  2  1  0  0  0  1  0  0  0  1  0  1  1  0  0  0  1  1  0  0  0  1  0  1  0  0  0  0  0  6  2  5 37  6  2  4 25  2  2  0  9  2  1  0 12 16 14 15126 34 19 3325001901916900170221630                
0722170808  2  0  1  7  0  0  0  0  0  0  0  0  2  0  1  6  0  0  0  2  0  0  0  2  0  0  0  3  0  0  1  3  0  0  0  0  2  0  1  3  0  0  0  3  0  0  0  0  0  0  1  0  1  0  0  2  1  0  0  5  1  0  0  3  1  0  0  2  3  3  4 23  2  3  4 18  2  2  3 16  4  4  2 45 21 10 17191  4  2  2 210150161529000000                    
0722170809  2  1  3  7  0  0  0  0  0  0  0  0  2  1  3  7  0  0  0  0  0  0  0  0  1  0  2  1  1  0  1  1  0  0  0  0  2  0  2  7  0  1  1  0  0  0  0  0  0  0  2  1  1  1  1  6  1  0  0  0  0  0  2  1  1  0  2  1  1  4  1 14  0  2  1  6  0  0  0  0  0  0  0 20 12 16  7146 14 15 171900050261618000000                    
0722170901  3  2  1  8  0  0  0  0  0  0  0  0  2  2  1  3  2  2  1  2  2  1  1  1  0  1  0  3  2  2  1  1  0  0  0  0  1  1  1  2  1  1  0  0  0  0  0  1  1  0  0  3  1  1  1  1  1  1  0  4  0  0  0  2  1  0  0  3 83 80 73459 16 13 10 57 17 12  4 56  0  0  0  0 46 42 28265  3  2  1 180160191654000000                    
0722170902  3  1  0 13  0  0  0  0  0  0  0  0  3  1  0 13  3  1  0 10  2  1  0  3  0  0  0  4  2  1  0  8  0  0  0  0  2  1  0 10  1  0  0  2  0  0  0  1  2  0  0  7  0  1  0  2  1  0  0  4  2  1  0  3  0  0  0  5 55 63 71494  7  8  8 65  5  2  6 28 18 28 22181 24 26 25274 14  4  41060050181494009000                    
0722170903  2  4  2 17  0  0  0  0  2  0  0  0  2  4  1 12  1  2  1  7  0  0  0  1  0  0  0  3  1  0  0  2  0  1  0  1  2  2  0  7  0  1  1  3  0  1  0  2  0  2  1  7  2  1  1  4  0  1  0  6  0  3  1  6  0  1  1  7 65 46 62389 15 13  6 57  1  4  2 14  1  2  0 13 16 14 15126  7 11  7 4901101416850210191716                
0722170904  3  3  5 10  0  0  0  0  0  0  0  0  3  3  5 10  2  2  4  5  0  2  2  2  0  0  1  1  1  2  4  2  0  0  0  0  0  1  3  7  2  2  1  1  1  0  1  2  0  1  3  2  3  2  2  5  0  0  0  3  1  3  0  3  2  2  1  4 12 37 44217 12  6  3 28  3  4  1  7  0  0  0  2 29 24 26 96  6  9 11 3600001816070130091544                
0722170905  3  1  1  8  0  0  0  0  0  0  0  0  3  1  1  8  3  1  1  6  1  0  0  2  0  0  0  0  1  0  0  3  2  1  1  2  2  1  0  7  0  0  0  0  1  0  1  1  2  0  1  2  1  1  0  2  0  0  0  4  2  0  1  2  3  0  0  3 52 36 33246  3  3  0 32 10  8  2 41  2  1  2  2 11 19  9150  3  1  1  800301615860080161548                
0722170906  3  1  2 15  0  0  0  0  0  0  0  0  2  1  1 11  2  1  0  7  1  1  0  4  0  0  1  2  1  1  0  7  0  0  0  1  1  1  0  7  1  0  0  1  0  0  1  3  1  1  1  2  2  0  1  2  0  0  0 11  2  1  0  4  2  0  1  3 33 28 29316  5  4  3 49  0  4  2  8  4  4  0 24 13 18  8167  6  3  3 3101801414980000121660                
0722170907  3  1  1  6  0  0  0  0  0  0  0  0  3  1  1  3  2  0  0  1  0  0  0  0  1  0  0  0  1  0  0  1  2  0  0  0  3  0  1  1  0  1  0  0  0  0  0  2  0  0  0  0  1  0  0  4  2  1  1  2  0  1  0  1  2  0  1  0 35 39 35330  8 10  6 49  3  0  1 19 13  6 11 75 21 10 17191  5  4  2 590150161529008000                    
0722170908  3  1  2 11  0  0  0  0  0  0  0  0  3  1  1  6  2  1  1  3  1  1  0  1  0  0  0  0  2  1  1  1  1  0  0  3  1  1  1  4  0  0  0  1  2  0  0  1  1  1  1  1  0  0  0  5  2  0  1  5  0  0  0  2  1  0  0  4 12  9 10210  4  1  2 38  1  1  0  4  1  0  0  3  6  3  8145  1  0  0  302501617260000141333                
0722170909  3  3  2 19  0  0  0  0  0  0  0  0  2  2  2 12  0  0  1  6  0  0  0  0  0  0  0  4  1  0  0  3  0  0  0  0  2  1  1  5  0  1  1  3  0  0  0  4  1  0  0  4  0  2  1 12  2  1  1  3  1  1  0  5  0  1  0  5 69 74 44227  6  8  7 24  1  2  1 13  5  3  5 12 12 20 15105  4  3  3 4001101115960100071592                
0722170910  3  3  2  6  0  0  0  0  0  0  0  0  2  1  2  4  2  0  0  1  2  0  0  0  0  0  1  0  2  1  1  1  0  0  0  0  2  0  1  2  0  1  0  2  0  0  1  0  2  0  1  1  1  1  0  3  0  2  1  2  1  0  0  1  3  1  1  4 61 62 56492  9  6  5 68  0  0  2  4 10  9 12 60 16 18 19245  1  1  2  302101917160130161599                
0722171001  1  0  0  0  0  0  0  0  0  0  0  0  1  0  0  0  0  0  0  0  0  0  0  0  0  0  0  0  0  0  0  0  0  0  0  0  1  0  0  0  0  0  0  0  0  0  0  0  1  0  0  0  0  0  0  0  0  0  0  0  0  0  0  0  0  0  0  0 34 32 26127  8  5  2 31 30 16 16 38  4  5  7 14 12 20 15105 22 13 20 930250161838000017                    
0722171002  1  1  1  2  0  0  0  0  0  0  0  0  1  1  1  2  0  1  0  1  0  1  0  0  0  1  0  0  1  1  0  1  0  0  0  0  1  1  1  2  0  0  0  0  0  0  0  0  1  0  1  1  0  1  0  1  0  0  0  0  0  0  0  0  1  1  1  0 22 21 26220  3  6  7 40  4  5 11 42  4  0  5 27 24 26 25274 48 41 5441502101017920150121734                
0722171003  2  1  1  0  0  0  0  0  0  0  0  0  2  1  1  0  2  0  1  0  2  0  0  0  0  0  0  0  2  0  0  0  2  1  0  0  2  1  1  0  0  0  0  0  0  0  0  0  0  1  1  0  1  0  0  0  1  0  0  0  1  0  0  0  1  0  0  0 75 48 34103 21  9  9 21 12 45 84117 11 46 74 24 29 24 26 96 14 17 10 4601500718980100071825                
0722171004  1  0  0  1  0  0  0  0  0  0  0  0  1  0  0  1  0  0  0  0  0  0  0  0  0  0  0  0  0  0  0  0  1  0  0  0  1  0  0  0  0  0  0  1  0  0  0  0  1  0  0  0  0  0  0  1  0  0  0  0  0  0  0  0  1  0  0  0 12 10 12 76  1  1  1 12 30 27 20143  2  2  1 11 11 14 13 97 12  7  1 550270041384000000                    
0722171005  1  0  0  1  0  0  0  0  0  0  0  0  1  0  0  1  0  0  0  0  0  0  0  0  0  0  0  0  0  0  0  0  0  0  0  0  1  0  0  1  0  0  0  0  0  0  0  0  0  0  0  0  1  0  0  1  0  0  0  0  0  0  0  0  0  0  0  0 13 24 23141  0  6  6 24  1  5  3 22  3  4  5 41 11 19  9150 30 34 3210301500718980110091778                
0722171006  1  0  0  0  0  0  0  0  0  0  0  0  1  0  0  0  1  0  0  0  0  0  0  0  0  0  0  0  0  0  0  0  0  0  0  0  1  0  0  0  0  0  0  0  0  0  0  0  1  0  0  0  0  0  0  0  0  0  0  0  0  0  0  0  0  0  0  0 42 37 28197 12 13  6 41  1  0  1  6 24 10 24184 46 42 28265 92 96 767910220191758000000                    
0722171007  1  0  0  1  0  0  0  0  0  0  0  1  0  0  0  0  0  0  0  0  0  0  0  0  0  0  0  0  0  0  0  0  1  0  0  0  0  0  0  0  0  0  0  0  0  0  0  0  1  0  0  1  0  0  0  0  0  0  0  0  0  0  0  1  0  0  0  0 26 20 21195 11  6  7 49  1  2  0  6  1  1  0  0 16 14 15126 19  8 15120000060    000000                    
0722171101  3  1  0  2  0  0  0  0  0  0  0  0  3  1  0  2  0  0  0  0  0  0  0  0  0  0  0  0  1  0  0  1  1  1  0  0  3  1  0  2  0  0  0  0  0  0  0  0  2  1  0  0  1  0  0  0  0  0  0  2  0  0  0  1  1  0  0  1  4  6 10100  0  2  1 26  9  9  9 69  4  4  2 45 21 10 17191 21 16  8 5202201815140120081806                
0722171102  3  0  1 11  0  0  0  0  0  0  0  0  3  0  1 11  1  0  1  5  0  0  0  0  0  0  0  0  0  0  0  4  0  0  0  0  1  0  1  8  2  0  0  2  0  0  0  1  0  0  0  5  1  0  1  4  2  0  0  2  0  0  1  4  1  0  1  3  4  1  8145  2  1  2 32  0  1  0  8  0  0  0  0 13 18  8167  3  0  1 1101600915500100061258                
0722171103  3  5  0  1  0  0  0  0  0  0  0  0  3  5  0  1  3  3  0  1  3  0  0  0  1  0  0  0  3  1  0  0  2  4  0  1  2  4  0  0  1  0  0  0  0  1  0  1  2  2  0  0  0  2  0  0  1  1  0  1  1  1  0  0  0  1  0  0 20 32 19235  7  4  5 35  2  7  4 25  8 11  3 38 24 26 25274  3  5  1  501401513930250161838                
0722171104  3  1  2  3  0  0  0  0  0  0  0  0  3  1  2  3  1  0  0  1  0  0  0  0  0  0  0  0  0  0  1  1  0  0  0  0  2  1  0  3  0  0  1  0  1  0  1  0  1  0  1  1  2  0  1  0  0  1  0  2  0  0  0  2  1  1  0  2 28 29 32165  3  4  7 23  4  3  0 11 42 35 20111 12 20 15105 24 20 19 8600900815300250161838                
0722171105  3  0  1  4  0  0  0  0  0  0  0  0  3  0  1  4  0  0  1  0  0  0  0  0  0  0  0  0  0  0  0  2  0  0  0  0  3  0  1  3  0  0  0  0  0  0  0  1  0  0  1  2  1  0  0  1  2  0  0  1  0  0  0  1  1  0  1  2 33 34 27255  9  7  5 40  4  1  3 10  0  0  0  0 46 42 28265  3  0  1  400800517420100071825                
0722171106  3  1  0  8  0  0  0  0  0  0  0  0  3  1  0  8  1  1  0  5  0  0  0  1  2  0  0  2  0  0  0  3  0  0  0  0  3  1  0  6  0  0  0  2  0  0  0  0  3  1  0  2  0  0  0  3  0  0  0  3  1  0  0  1  1  1  0  4 25 26 22145  1  0  4  2 30 27 20143  3  3  2 23 11 14 13 97 17 12  9 7801700215350030062500                
0722171107  4  4  4 27  0  0  0  0  0  0  0  0  0  0  1  4  0  0  0  2  0  0  0  0  0  0  0  1  0  0  0  1  0  0  0  0  0  0  1  4  0  0  0  0  0  0  0  0  1  0  2  1  0  3  1 14  3  1  1 12  0  1  0  6  0  1  2  6  3  2  2 32  1  1  0  4  0  2  3 52  0  0  0  0  1  4  2 56  1  0  2 1001801718860110111406                
0722171201  1  2  2 15  0  1  1  1  0  0  0  0  1  2  2 14  0  0  0  1  0  0  0  0  1  1  1  4  0  1  1  3  1  0  2  7  0  1  0 10  0  0  0  2  1  1  2  2  0  0  0  2  0  0  0  6  1  2  2  7  0  0  0  5  0  1  1  4 47 43 43384  3  8  8 67 22 23 15144 75 55 65555 16 18 19245  4 11  710401101112680210191716                
0722171202  0  1  0 16  0  0  0  0  3  0  0  0  0  1  0 14  0  1  0  9  0  0  0  4  0  0  0  2  0  0  0  6  0  0  0  0  0  1  0  6  0  0  0  5  0  0  0  3  0  0  0  0  0  0  0  4  0  1  0 12  0  0  0  4  0  0  0  5  6 13 14233  1  3  3 41  0  0  0  7  0  0  0  0 12 16  7146  3  2  0 2900902114480180171704                
0722171203  1  0  0 12  0  0  0  0  0  0  0  0  1  0  0 11  0  0  0  2  0  0  0  2  0  0  0  2  1  0  0  7  0  0  0  5  1  0  0  9  0  0  0  2  0  0  0  0  0  0  0  2  1  0  0  4  0  0  0  6  0  0  0  2  0  0  0  4 12 17 10217  2  7  4 44  0  0  0  0  1  1  3 16 13 18  8167  0  0  0 100210191716000000                    
0722171204  1  0  3  8  0  0  0  0  0  0  0  0  0  0  1  2  0  0  1  1  0  0  1  1  0  0  0  2  0  0  1  1  0  0  2  5  0  0  1  2  0  0  0  0  0  0  0  0  0  0  0  1  1  0  1  1  0  0  2  6  1  0  0  2  0  0  1  4  9 13  8183  0  1  1 22 16 14  7170  1  0  3 18 10 14 12174 10 10 17 9101801416940110091661                
0722171205  1  0  2  7  0  0  0  0  0  0  0  0  0  0  1  0  0  0  1  0  0  0  0  0  0  0  0  0  0  0  0  0  0  0  0  0  0  0  0  0  0  0  0  0  0  0  1  0  0  0  0  2  1  0  2  1  0  0  0  4  0  0  0  0  0  0  2  3 20 19 18223  2  3  4 45  0  1  1  5  0  0  0  0 21 10 17191  4  2  3 430190191690000000                    
0722171206  1  0  1  1  0  0  0  0  0  0  0  0  1  0  1  1  1  0  1  1  0  0  0  1  1  0  0  1  0  0  0  1  1  0  0  1  0  0  1  1  0  0  0  0  1  0  0  0  0  0  0  0  0  0  0  1  1  0  1  0  0  0  1  0  1  0  0  0 71 42 43330 18  5  8 48  1  0  0  6  1  0  0  7 46 42 28265  2  2  4 1900301713400250161726                
0722171207  1  3  2 17  0  0  0  0  0  0  0  0  0  0  1  6  0  0  1  2  0  0  0  1  0  0  0  6  0  0  0  3  0  0  0  2  0  0  1  4  0  0  0  0  0  0  0  2  0  2  0  4  0  1  1  7  1  0  1  6  0  1  1  3  0  1  0  4 14 19 11202  2  1  4 23 57 61 54378 20 22 14137 11 19  9150 36 31 2833401101115960130051557                
0722171208  0  0  4  5  0  0  0  0  2  0  0  0  0  0  0  0  0  0  0  0  0  0  0  0  0  0  0  1  0  0  0  0  0  0  0  0  0  0  0  0  0  0  0  0  0  0  0  0  0  0  0  2  0  0  2  1  0  0  2  2  0  0  0  0  0  0  3  2 47 29 27200  5  4  4 31  5  5  1 13  3  5  2  7 12 20 15105  0  0  3  301100716100130121300                
0722171209  1  1  1  4  0  0  0  0  0  0  0  0  1  1  1  4  0  1  0  2  0  0  0  2  0  0  0  1  0  0  1  2  0  0  0  0  0  1  1  3  0  0  0  0  1  0  0  1  0  0  0  1  1  1  0  0  0  0  1  3  0  0  0  1  1  1  0  1 68 45 35125 10  6  2 21  2  1  1  6  1  0  0 12 29 24 26 96  6  8  8 3000902114480000171400                
0722171210  0  1  0 15  0  0  0  0  2  3  0  1  0  1  0 14  0  1  0  5  0  1  0  0  0  1  0  0  0  1  0  5  0  1  0  5  0  0  0  7  0  1  0  6  0  0  0  1  0  0  0  2  0  0  0  9  0  1  0  4  0  0  0  6  0  0  0  2 10 17 17218  3  3  5 40 16 20 20236  0  1  0 22  6  3  8145  0  1  0  900501517230100141628                
0722171211  1  1  1  6  0  0  0  1  0  0  0  0  1  1  1  6  0  0  0  3  0  0  0  0  0  0  0  1  1  1  1  2  0  0  0  0  1  1  0  4  0  0  1  2  0  0  0  0  0  0  0  0  1  1  1  5  0  0  0  1  0  0  0  2  0  0  1  1 18 14 11124  0  2  0  6  4  2  0 14  0  2  0  1 11 14 13 97 12 14 16 6502201916180130161599                
0722171212  1  1  1  4  0  0  0  0  0  0  0  0  1  1  1  4  1  0  1  2  0  0  1  0  0  0  0  1  0  1  1  1  0  0  0  0  1  1  1  4  0  0  0  0  0  0  0  0  0  0  0  1  0  0  0  2  1  1  1  1  0  0  0  1  0  1  0  2 32 42 36301  8  9  9 52  3  1  2 16  3  3  1 32 16 14 15126 14 11  91310110171401000000                    
0722171213  1  3  1 11  0  0  0  0  0  0  0  0  0  0  0  1  0  0  0  0  0  0  0  0  0  1  0  3  0  0  0  1  0  0  0  0  0  0  0  1  0  0  0  0  0  0  0  0  0  1  0  3  1  0  1  4  0  2  0  4  1  2  0  2  0  0  0  4 24 48 39390  5  5  1 52  0  0  0  0  0  2  0  4 24 26 25274  0  0  0 1600801115180250161726                
1022130101  0  0  0  2  0  0  0  0  0  0  0  0  0  0  0  2  0  0  0  0  0  0  0  0  0  0  0  0  0  0  0  1  0  0  0  0  0  0  0  1  0  0  0  1  0  0  0  0  0  0  0  1  0  0  0  1  0  0  0  0  0  0  0  1  0  0  0  1  6  7  2 70  6  7  2 69  2  4  1 26  2  2  3 16 11 14 17235 26 25 2920201501615290070121629                
1022130102  0  0  3  0  0  0  0  0  0  0  0  0  0  0  3  0  0  0  0  0  0  0  0  0  0  0  0  0  0  0  1  0  0  0  0  0  0  0  2  0  0  0  0  0  0  0  1  0  0  0  0  0  0  0  3  0  0  0  0  0  0  0  1  0  0  0  1  0 34 23 26187 14 11  5 51  0  0  0 14 16 17  8 78 26 34 28298 14 23 17 7501202815370180081500                
1022130103  0  0  0  1  0  0  0  0  0  0  0  0  0  0  0  1  0  0  0  0  0  0  0  0  0  0  0  0  0  0  0  1  0  0  0  1  0  0  0  1  0  0  0  0  0  0  0  0  0  0  0  1  0  0  0  0  0  0  0  0  0  0  0  0  0  0  0  1  0  0  2 24  0  0  2 20  0  1  4 46  0  0  0  9  5  5  9123  6  6  5 4201100916510090081277                
1022130104  0  0  0  4  0  0  0  0  0  0  0  0  0  0  0  2  0  0  0  0  0  0  0  0  0  0  0  0  0  0  0  2  0  0  0  0  0  0  0  1  0  0  0  0  0  0  0  1  0  0  0  3  0  0  0  0  0  0  0  1  0  0  0  0  0  0  0  3  4  8  7 99  1  4  2 32  0  0  0 24  0  0  0 32  7  9  4187  2  5  619701200816550000081300                
1022130105  0  0  0  1  0  0  0  0  0  0  0  0  0  0  0  1  0  0  0  0  0  0  0  0  0  0  0  0  0  0  0  1  0  0  0  0  0  0  0  1  0  0  0  0  0  0  0  0  0  0  0  1  0  0  0  0  0  0  0  0  0  0  0  1  0  0  0  1 12 14 22124 10  5 15 70  2  1  5 12  1  1  0  4 25 25 38254  1  8  1  600801115180130091544                
1022130106  0  0  0  1  0  0  0  0  0  0  0  0  0  0  0  1  0  0  0  0  0  0  0  0  0  0  0  0  0  0  0  0  0  0  0  1  0  0  0  1  0  0  0  0  0  0  0  0  0  0  0  0  0  0  0  1  0  0  0  0  0  0  0  1  0  0  0  0  2  6  3 41  0  1  1  7  2  5  1  3 25 33 29410  1  9  4 72  2  6  1  50130071471000000                    
1022130107  0  0  0  1  0  1  0  0  0  0  0  0  0  0  0  1  0  0  0  0  0  0  0  0  0  0  0  0  0  0  0  0  0  0  0  0  0  0  0  0  0  0  0  0  0  0  0  1  0  0  0  0  0  0  0  1  0  0  0  0  0  0  0  0  0  0  0  0  6  1  1 26  3  0  1 18  0  0  0  5  1  1  1  0  1  0  2 29  0  0  0  300801315190070121629                
1022130108  0  0  0  2  0  0  0  0  0  0  0  0  0  0  0  2  0  0  0  0  0  0  0  0  0  0  0  0  0  0  0  2  0  0  0  1  0  0  0  1  0  0  0  1  0  0  0  0  0  0  0  0  0  0  0  1  0  0  0  1  0  0  0  0  0  0  0  0  0  1  4 25  0  0  1  1  1  4  7 43  0  0  0  1  0  0  1 19  0  0  0  201201213500160111621                
1022130109  0  0  1  1  0  0  0  0  0  0  0  0  0  0  1  1  0  0  0  0  0  0  0  0  0  0  0  0  0  0  1  1  0  0  0  1  0  0  1  1  0  0  0  0  0  0  0  0  0  0  1  0  0  0  0  1  0  0  0  0  0  0  0  0  0  0  0  0  9 12 11131  2  2  2 33  0  0  0  1 26 29 32333 10 30 18226 28 32 1824101301015150020121412                
1022130110  0  1  0  3  0  0  0  0  0  0  0  0  0  1  0  0  0  0  0  0  0  0  0  0  0  0  0  0  0  0  0  0  0  1  0  3  0  1  0  0  0  0  0  0  0  0  0  0  0  1  0  1  0  0  0  1  0  0  0  1  0  1  0  0  0  0  0  0  6 12  8 74  1  0  0  6 10  8  8 40  0  1  0  3 31 37 24226  0  1  0  301801717040180191180                
1022130111  0  0  0  6  0  0  1  0  0  0  0  0  0  0  0  6  0  0  0  1  0  0  0  1  0  0  0  2  0  0  0  4  0  0  0  0  0  0  0  3  0  0  0  1  0  0  0  2  0  0  0  2  0  0  0  2  0  0  0  2  0  0  0  0  0  0  0  2  4  4  8 90  2  3  5 44  2  2  4 21  0  0  0  3 14 12 10182 21 26 3531101101115960250161726                
1022130112  0  0  0  2  0  0  0  0  0  0  0  0  0  0  0  1  0  0  0  0  0  0  0  0  0  0  0  0  0  0  0  0  0  0  0  0  0  0  0  1  0  0  0  0  0  0  0  0  0  0  0  0  0  0  0  1  0  0  0  1  0  0  0  0  0  0  0  1  2  5  3 59  0  0  0  2  2  3  2 24  0  0  0  1  4  7  2 67 10 14 1212100801315190100061200                
1022130113  0  0  0  3  0  0  0  0  0  0  0  0  0  0  0  1  0  0  0  0  0  0  0  0  0  0  0  0  0  0  0  1  0  0  0  1  0  0  0  1  0  0  0  0  0  0  0  0  0  0  0  2  0  0  0  1  0  0  0  0  0  0  0  0  0  0  0  1 11  9  8 76  0  0  0  1 78 59 65491  4  4  2 19 14 21 22179  8  7  8 8401901315000130121300                
1022130201  0  0  0  2  0  0  0  0  0  0  0  0  0  0  0  2  0  0  0  1  0  0  0  1  0  0  0  0  0  0  0  2  0  0  0  0  0  0  0  2  0  0  0  0  0  0  0  0  0  0  0  0  0  0  0  2  0  0  0  0  0  0  0  0  0  0  0  1  2  3  2 80  0  1  0  7  0  0  0  6  0  0  0  2  1  0  2 29  0  0  0  201601918790130001200                
1022130202  0  0  0  1  0  0  0  0  0  0  0  0  0  0  0  1  0  0  0  1  0  0  0  0  0  0  0  0  0  0  0  1  0  0  0  1  0  0  0  1  0  0  0  0  0  0  0  0  0  0  0  1  0  0  0  0  0  0  0  0  0  0  0  0  0  0  0  0  1  4  5 40  0  0  0  0  1  0  0  2  0  0  0  3  0  0  1 19  0  0  0  402201815140250161838                
1022130203  0  0  0  4  0  0  0  0  0  0  0  0  0  0  0  3  0  0  0  1  0  0  0  0  0  0  0  1  0  0  0  1  0  0  0  1  0  0  0  2  0  0  0  1  0  0  0  0  0  0  0  0  0  0  0  2  0  0  0  2  0  0  0  0  0  0  0  2 10 11 11172  0  0  0  7  1  0  1  7  2  4  5 30  9  7  2 83  9  8  5 7600701815460110091778                
1022130204  0  0  1  1  0  0  0  0  0  0  0  0  0  0  1  1  0  0  0  1  0  0  0  1  0  0  0  0  0  0  0  1  0  0  0  0  0  0  1  1  0  0  0  0  0  0  0  0  0  0  1  0  0  0  0  1  0  0  0  0  0  0  0  0  0  0  0  0 39 46 48303  0  0  0  4 25 13 14 94  1  0  2  8 31 37 24226 12  9 16 3501801718860130161566                
1022130205  0  0  0  3  0  0  0  0  0  0  0  0  0  0  0  1  0  0  0  0  0  0  0  0  0  0  0  0  0  0  0  1  0  0  0  1  0  0  0  0  0  0  0  1  0  0  0  0  0  0  0  1  0  0  0  1  0  0  0  1  0  0  0  0  0  0  0  3  9 17 16183  2  3  1 12  5  2  6 51 26 29 32333 10 30 18226 16 19 2326000301716000180171978                
1022130206  0  0  0  3  0  0  0  0  0  0  0  0  0  0  0  3  0  0  0  1  0  0  0  1  0  0  0  1  0  0  0  2  0  0  0  0  0  0  0  2  0  0  0  0  0  0  0  1  0  0  0  0  0  0  0  1  0  0  0  2  0  0  0  0  0  0  0  1 28 19 27242  0  2  4 12  4  1  1  4  0  0  0  0 15 10  9157  0  0  0  301801418700110091778                
1022130207  0  0  0  2  0  0  0  0  0  0  0  0  0  0  0  2  0  0  0  0  0  0  0  0  0  0  0  0  0  0  0  1  0  0  0  0  0  0  0  1  0  0  0  1  0  0  0  0  0  0  0  1  0  0  0  1  0  0  0  0  0  0  0  0  0  0  0  1  4  7  8168  0  0  0  0  4  8  8146  0  0  0  0  1  1  5100  0  2  0 1901401513930250161838                
1022130208  0  1  1  2  0  0  0  0  0  0  0  0  0  1  1  2  0  0  0  1  0  0  0  0  0  0  0  0  0  1  1  0  0  0  0  1  0  1  0  2  0  0  1  0  0  0  0  0  0  1  1  2  0  0  0  0  0  0  0  0  0  0  0  0  0  0  0  2 13 20 13296  1  0  0 21  1  0  0 17  0  0  0 13  7  9  4187  0  6  2 5101201313870180171978                
1022130209  0  0  0  1  0  0  0  0  0  0  0  0  0  0  0  1  0  0  0  0  0  0  0  0  0  0  0  0  0  0  0  1  0  0  0  1  0  0  0  1  0  0  0  0  0  0  0  0  0  0  0  1  0  0  0  0  0  0  0  0  0  0  0  0  0  0  0  0 14 17 14172  4  3  4 24  2  1  1 19  6  6  5 30  4  3  6 90  3  5  3 380190191737000025                    
1022130210  0  1  1  0  0  0  0  0  0  0  0  0  0  1  1  0  0  0  0  0  0  0  0  0  0  0  0  0  0  1  1  0  0  0  0  0  0  1  1  0  0  0  0  0  0  0  0  0  0  0  0  0  0  1  1  0  0  0  0  0  0  0  0  0  0  0  0  0 66 50 44289 10  5  3 37 16 12  5 53 10 11  6 41 26 34 28298  1  6  3 210150171528000000                    
1022130211  0  0  1  3  0  0  0  0  0  0  0  0  0  0  1  2  0  0  0  0  0  0  0  0  0  0  0  1  0  0  1  0  0  0  0  0  0  0  1  2  0  0  0  0  0  0  0  0  0  0  1  1  0  0  0  1  0  0  0  1  0  0  0  0  0  0  0  0 33 49 29197  5  9  3 29 12  7  5 65  4  6  3 35 22 15 19132 17 10 1611101501715280080151325                
1022130212  0  0  0  2  0  0  0  0  0  0  0  0  0  0  0  2  0  0  0  0  0  0  0  0  0  0  0  0  0  0  0  1  0  0  0  1  0  0  0  2  0  0  0  0  0  0  0  0  0  0  0  0  0  0  0  1  0  0  0  1  0  0  0  0  0  0  0  0 12  7  7129  0  0  0  1  0  0  0  2  0  0  0  1  4  7  2 67  5  8  61110150161688000006                    
1022130213  0  1  0  3  0  0  0  0  0  0  0  0  0  1  0  3  0  1  0  0  0  1  0  0  0  0  0  1  0  1  0  1  0  1  0  1  0  1  0  3  0  0  0  0  0  0  0  0  0  0  0  2  0  1  0  0  0  0  0  1  0  0  0  0  0  0  0  1 33 38 41324  6  6  8 55  3  7  5 60  0  4  0 10 23 28 33235  5  9  7 4702101918440110091778                
1022130214  0  0  0  2  0  0  0  0  0  0  0  0  0  0  0  2  0  0  0  0  0  0  0  0  0  0  0  0  0  0  0  0  0  0  0  0  0  0  0  2  0  0  0  0  0  0  0  0  0  0  0  1  0  0  0  0  0  0  0  1  0  0  0  0  0  0  0  1  5  8  6173  0  0  0 11  0  3  1 35  0  0  0  5  9  6  3 96  1  9  3 8201300714520180081840                
1022130215  0  0  0  3  0  0  0  0  0  0  0  0  0  0  0  3  0  0  0  0  0  0  0  0  0  0  0  0  0  0  0  2  0  0  0  1  0  0  0  3  0  0  0  0  0  0  0  0  0  0  0  1  0  0  0  2  0  0  0  0  0  0  0  0  0  0  0  0 17 12 24258  2  0  4 27 13 12 11181  0  0  0  0 14 12 10182  0  0  0  001901917370170191320                
1022130216  0  0  0  2  0  0  0  0  0  0  0  0  0  0  0  2  0  0  0  1  0  0  0  0  0  0  0  0  0  0  0  0  0  0  0  0  0  0  0  1  0  0  0  1  0  0  0  0  0  0  0  1  0  0  0  1  0  0  0  0  0  0  0  0  0  0  0  1 17 15 14193  2  3  1 20  4  0  0 18  0  0  0  0 10 10 14177  0  0  0  202101814460110131823                
1022130301  0  0  0  2  0  0  0  0  0  0  0  0  0  0  0  2  0  0  0  0  0  0  0  0  0  0  0  0  0  0  0  1  0  0  0  0  0  0  0  1  0  0  0  0  0  0  0  1  0  0  0  1  0  0  0  1  0  0  0  0  0  0  0  0  0  0  0  0  8  8  6 70  2  1  2  9  0  0  2  6  0  0  0  0  9  7  2 83  3  4  2 7501401613690060071200                
1022130302  0  0  0  6  0  0  0  0  0  0  0  0  0  0  0  4  0  0  0  0  0  0  0  0  0  0  0  1  0  0  0  2  0  0  0  2  0  0  0  1  0  0  0  1  0  0  0  2  0  0  0  1  0  0  0  4  0  0  0  1  0  0  0  0  0  0  0  2  1  0  3 16  0  0  2 11  0  0  0  6  0  0  0  2  1  0  2 29  0  0  0  601301615990110031800                
1022130303  0  0  0  3  0  0  0  0  0  0  0  0  0  0  0  2  0  0  0  0  0  0  0  0  0  0  0  0  0  0  0  2  0  0  0  0  0  0  0  0  0  0  0  2  0  0  0  0  0  0  0  1  0  0  0  1  0  0  0  1  0  0  0  0  0  0  0  2 13  7 15 97  1  2  2 16  7  8 10102  0  0  0  2 20 36 36378  1  3  0 390050181494000000                    
1022130304  0  0  0  1  0  0  0  0  0  0  0  0  0  0  0  0  0  0  0  0  0  0  0  0  0  0  0  0  0  0  0  0  0  0  0  0  0  0  0  0  0  0  0  0  0  0  0  0  0  0  0  1  0  0  0  0  0  0  0  0  0  0  0  0  0  0  0  0  6  7  6 55  5  5  6 35  3  7  5 60  0  0  1  3 23 28 33235  4  3  1 30028000    0250161726                
1022130305  0  0  0  1  0  0  0  0  0  0  0  0  0  0  0  0  0  0  0  0  0  0  0  0  0  0  0  0  0  0  0  0  0  0  0  1  0  0  0  0  0  0  0  0  0  0  0  0  0  0  0  0  0  0  0  1  0  0  0  0  0  0  0  0  0  0  0  0  6  3  3 13  5  3  3 12 10  3  5 91 16  6 12250  5  3 11 51 42 44 4148101300714710080051383                
1022130306  0  0  0  2  0  0  0  0  0  0  0  0  0  0  0  0  0  0  0  0  0  0  0  0  0  0  0  0  0  0  0  0  0  0  0  0  0  0  0  0  0  0  0  0  0  0  0  0  0  0  0  1  0  0  0  0  0  0  0  1  0  0  0  0  0  0  0  0  0  3  5 29  0  0  1  1  3  3  3 38  0  0  0  1 14 21 22179 13 17 1815201300714710070091443                
1022130307  0  0  0  2  0  0  0  0  0  0  0  0  0  0  0  1  0  0  0  0  0  0  0  0  0  0  0  0  0  0  0  0  0  0  0  0  0  0  0  1  0  0  0  0  0  0  0  0  0  0  0  2  0  0  0  0  0  0  0  0  0  0  0  0  0  0  0  0  3  5  6 62  1  0  0 12  0  0  0  3 26 29 32333 10 30 18226  0  0  0  101101714010000251066                
1022130308  0  1  0  0  0  0  0  0  0  0  0  0  0  1  0  0  0  0  0  0  0  0  0  0  0  0  0  0  0  0  0  0  0  0  0  0  0  1  0  0  0  0  0  0  0  0  0  0  0  1  0  0  0  0  0  0  0  0  0  0  0  1  0  0  0  1  0  0  6  8 10 37  5  4  6 22  9 11  8 97  2  2  6 21 25 25 38254 27 19 181050170311382015000                    
1022130309  0  0  0  3  0  0  0  0  0  0  0  0  0  0  0  2  0  0  0  0  0  0  0  0  0  0  0  0  0  0  0  1  0  0  0  1  0  0  0  1  0  0  0  0  0  0  0  1  0  0  0  1  0  0  0  2  0  0  0  0  0  0  0  0  0  0  0  1  0  2  0 25  0  0  0  5  0  0  0  4  0  0  0  1  0  4  1 23  4  2  4 4201301714050080141594                
1022130310  0  0  0  2  0  0  0  0  0  0  0  0  0  0  0  2  0  0  0  0  0  0  0  0  0  0  0  0  0  0  0  1  0  0  0  2  0  0  0  2  0  0  0  0  0  0  0  0  0  0  0  1  0  0  0  1  0  0  0  0  0  0  0  0  0  0  0  1  1  4  1 10  1  2  0  3  1  0  1 37  0  0  0  3  3  6  4 88  0  0  0  500001112660120081655                
1022130311  0  0  0  1  0  0  0  0  0  0  0  0  0  0  0  1  0  0  0  0  0  0  0  0  0  0  0  0  0  0  0  0  0  0  0  1  0  0  0  0  0  0  0  0  0  0  0  1  0  0  0  0  0  0  0  1  0  0  0  0  0  0  0  0  0  0  0  0 11  9  8 61  2  2  2 12  4  2  2 50  0  0  0  1 17 19 24214  5  3  1 1800501814940210191716                
1022130312  0  0  0  2  0  0  0  0  0  0  0  0  0  0  0  2  0  0  0  0  0  0  0  0  0  0  0  0  0  0  0  2  0  0  0  0  0  0  0  0  0  0  0  2  0  0  0  0  0  0  0  1  0  0  0  1  0  0  0  0  0  0  0  0  0  0  0  1  1  1  1 15  0  0  0  1  0  1  0 14  0  0  0  1  1  1  5100  1  1  4 4700501814940080161548                
1022130313  0  0  0  3  0  0  0  0  0  0  0  0  0  0  0  1  0  0  0  0  0  0  0  0  0  0  0  0  0  0  0  0  0  0  0  1  0  0  0  0  0  0  0  0  0  0  0  1  0  0  0  1  0  0  0  1  0  0  0  1  0  0  0  0  0  0  0  1  9 10 11 65  1  1  4 20  2  2  0 10  0  1  0  2 26 34 28298  0  2  2 2001703113820000251563                
1022130314  0  0  0  2  0  0  0  0  0  0  0  0  0  0  0  2  0  0  0  0  0  0  0  0  0  0  0  0  0  0  0  1  0  0  0  0  0  0  0  0  0  0  0  2  0  0  0  0  0  0  0  1  0  0  0  1  0  0  0  0  0  0  0  0  0  0  0  0  4  5  4 54  1  2  2 16  6  5  3 18  0  0  0  1  9  6  3 96  3  3  1 3300501814940240101557                
1022130401  1  1  2  6  0  1  0  1  0  0  0  0  1  0  0  2  0  0  0  0  0  0  0  0  0  0  0  1  1  0  0  2  1  0  0  2  1  0  0  2  0  0  0  0  0  0  0  0  0  0  1  3  0  0  1  0  0  1  0  1  0  1  1  2  0  0  1  2  9  8 11102  1  0  1  8  2  0  0 11  3  4  4 62  0  0  0  3  5  2  8 820150111963000008                    
1022130402  2  1  0 10  0  0  0  0  0  0  0  0  1  1  0  1  0  0  0  0  0  0  0  0  0  0  0  0  1  1  0  1  1  1  0  1  1  0  0  1  0  0  0  0  0  1  0  0  0  0  0  2  1  0  0  5  0  0  0  2  1  0  0  2  1  0  0  7  8  9 11 90  1  2  2 12  7  7  9 87  1  1  0  3  0  0  0  4  6  1  3 4401101116900250161838                
1022130403  5  7  3 18  0  0  0  0  0  0  0  0  1  0  0  3  0  0  0  0  0  0  0  0  2  2  0  5  1  0  0  3  0  0  0  0  1  0  0  2  0  0  0  1  0  0  0  0  0  3  1  5  4  0  2  9  0  4  0  1  1  1  0  3  3  1  0  5 13  6 13151  1  3  1 11  0  0  0  2  0  0  0  0  0  1  0 27  4  4  1 1902101918440250161838                
1022130404  1  2  2 22  0  0  0  0  3  1  2  9  1  2  2 10  1  0  0  1  1  0  0  1  0  0  0  2  1  2  2 10  1  2  0  5  1  1  2  6  0  0  0  2  0  1  0  2  0  0  0  2  0  0  0  7  0  0  0  3  1  0  0  7  1  0  1  8 11 10 13210  3  0  1 19  1  3  1  8  1  4  1  9  2  0  0 13  3  3  4 610180141870000012                    
1022130405  1  1  4  8  0  0  0  0  0  0  0  0  1  1  2  5  0  0  0  3  0  0  0  3  0  0  1  1  1  1  2  5  1  1  1  3  1  0  1  4  0  1  1  1  0  0  0  0  0  0  1  0  0  0  1  1  0  0  0  2  0  0  2  3  0  0  3  6 13 19 17115  5  6  1 24  3  2  1  3  1  1  1  4  1  5  2 16  1  1  0  000901218450150011979                
1022130406  6  5  4 35  0  0  0  0  0  0  0  0  1  1  1 11  0  0  1  1  0  0  1  1  0  0  0  2  1  1  1 11  1  0  0  3  1  0  0  7  0  0  1  3  0  1  0  1  4  2  1 14  0  1  2  7  1  1  0  3  1  2  2  8  3  0  1 14  8 11  8116  0  1  0 12  1  0  2 19  1  2  1  7  0  2  2 57  7  3  4 9001801414760150062466                
1022130407  3  1  2  9  0  0  0  0  0  0  0  0  1  0  1  1  0  0  1  1  0  0  1  1  0  0  0  2  1  0  1  1  1  0  1  1  1  0  1  0  0  0  0  0  0  0  0  1  1  1  1  1  1  0  0  6  0  0  0  1  1  0  0  3  0  1  0  3 23 16 17 85  6  2  5 11  1  0  1  3  3  1  2  5  4  0  1 28  1  3  3 290250161838000000                    
1022130408  3  1  1 12  0  1  0  0  0  0  0  0  1  0  0  1  0  0  0  0  0  0  0  0  0  0  1  4  1  0  0  1  1  0  0  1  1  0  0  1  0  0  0  0  0  0  0  0  0  0  0  1  1  1  0  6  1  0  1  4  0  1  1  1  1  0  0  4 30 23 16145  1  4  0 11 19  4  4 25  3  3  3 20  1  5  1 15  9  4  3 3901101318230160111810                
1022130409  6  7  0 24  0  0  0  0  1  0  0  2  1  3  0  3  0  0  0  1  0  0  0  1  0  0  0  0  1  3  0  3  1  3  0  3  1  1  0  3  0  1  0  0  0  1  0  0  3  0  0  8  1  3  0  8  1  1  0  5  0  2  0  7  3  2  0  8 39 36 11123  4 12  0 12  2  4  1  4  1  3  0  3  1  2  0 16  6  6  0 220090111433000000                    
1022130410  9  3  4 30  0  0  0  0  0  0  0  0  1  0  0  1  0  0  0  1  0  0  0  1  2  0  0  6  1  0  0  1  0  0  0  0  1  0  0  1  0  0  0  0  0  0  0  0  3  2  3  8  2  1  0 14  3  0  1  7  3  2  3  7  3  0  1  8 11 12 22 97  0  1  6 12  0  0  0  0  0  0  0  0  0  0  0  2  1  0  0  501300714520030002000                
1022130411  4  2  1 19  0  0  0  0  0  0  0  0  1  1  0  0  0  0  0  0  0  0  0  0  1  0  0  0  1  1  0  0  0  0  0  0  1  1  0  0  0  0  0  0  0  0  0  0  1  1  1  7  1  0  0  6  1  0  0  6  1  0  0  8  0  1  1  6 23 23 28183  1  2  4 14 12  3  1 27  0  0  0  0  0  3  0 11  6  7  3 4401401018100130051604                
1022130412  2  1  3 21  0  0  0  1  0  0  0  0  2  1  3 18  0  0  0  0  0  0  0  0  0  0  0  3  2  1  3 18  0  0  0  1  2  1  2 12  0  0  1  5  0  0  0  1  0  0  0  0  0  0  0  3  0  0  0  0  1  0  1  6  1  1  2  5 14 17 15211  1  1  1 18  0  0  0  2  7  5  6 76  0  0  1 16 17 20 2718200701116190070191963                
1022130501  3  4  8 21  0  0  0  0  0  0  0  0  0  1  1  1  0  0  0  0  0  0  0  0  0  1  2  4  0  1  1  1  0  1  1  1  0  1  1  1  0  0  0  0  0  0  0  0  3  0  4  6  0  1  3  6  0  2  0  8  1  1  2  5  1  1  1  7 30 27 22 96  4  3  5 16 12  7 10 30  0  2  2 14  0  1  1  7  7  8  7 6002101918440100071825                
1022130502  0  0  0  5  0  0  0  0  0  0  0  0  0  0  0  1  0  0  0  0  0  0  0  0  0  0  0  0  0  0  0  1  0  0  0  1  0  0  0  1  0  0  0  0  0  0  0  0  0  0  0  3  0  0  0  0  0  0  0  1  0  0  0  0  0  0  0  1  7 11  4118  0  0  0  7  0  3  0 34  0  0  0  1  2  6  1 13  8 19 1916801200314800180171978                
1022130503  2  3  2 15  0  0  0  0  0  0  0  0  0  1  0  0  0  0  0  0  0  0  0  0  0  0  1  1  0  1  0  0  0  0  0  0  0  1  0  0  0  0  0  0  0  0  0  0  0  1  0  4  1  0  1  2  1  1  1  9  0  0  1  4  0  0  2  4 15 11 12101  4  2  4 16  2  5  5 22  3  2  2 11  1  0  0 12 16 19 1216001901917370390001450                
1022130504  1  4  6 25  0  0  0  0  3  6  5  8  0  0  0  2  0  0  0  0  0  0  0  0  0  0  0  0  0  0  0  2  0  0  0  1  0  0  0  2  0  0  0  0  0  0  0  0  1  2  3  9  0  1  2  9  0  1  1  5  0  2  1  6  0  1  3  6  8 11  8116  0  1  0 12  0  0  0  2  1  1  0 11  0  2  2 57  1  4  6 280080121435000008                    
1022130505  2  1  2 18  0  0  0  0  0  0  0  0  0  0  0  1  0  0  0  0  0  0  0  0  1  0  0  2  0  0  0  1  0  0  0  2  0  0  0  1  0  0  0  0  0  0  0  0  0  0  0  5  0  0  0  7  2  1  2  5  0  1  0  4  1  0  0  8 23 16 17 85  6  2  5 11  3  0  1  5  0  0  0  3  4  0  1 28  2  0  1  801501217340080121435                
1022130506  1  0  2 10  0  0  0  0  0  0  0  0  0  0  0  0  0  0  0  0  0  0  0  0  0  0  1  5  0  0  0  0  0  0  0  0  0  0  0  0  0  0  0  0  0  0  0  0  1  0  2  4  0  0  0  1  0  0  0  5  0  0  0  2  1  0  1  2 11 10 13210  3  0  1 19  1  1  3 12  0  0  0  5  2  0  0 13  3  1  3 2001800017660110261333                
1022130507  0  0  1 15  0  0  0  0  0  0  0  0  0  0  0  6  0  0  0  1  0  0  0  1  0  0  0  0  0  0  0  6  0  0  0  5  0  0  0  2  0  0  0  1  0  0  0  3  0  0  0  0  0  0  0  8  0  0  1  1  0  0  0  5  0  0  0  7 14 17 15211  1  1  1 18  1  2  0  7  0  0  0  5  0  0  1 16  0  0  1 16000018    0090001200                
1022130508  0  0  1 12  0  0  0  0  0  0  0  0  0  0  1  6  0  0  0  0  0  0  0  0  0  0  0  1  0  0  1  6  0  0  1  3  0  0  1  2  0  0  0  4  0  0  0  0  0  0  0  2  0  0  0  4  0  0  0  0  0  0  0  3  0  0  0  4 21 21 24139  4  3  1 21  0  0  1  3  0  0  1  3  0  0  0 11  4  3  810300701116570130161566                
1022130509  1  0  0 19  0  0  0  0  0  0  0  0  0  0  0  0  0  0  0  0  0  0  0  0  0  0  0  1  0  0  0  0  0  0  0  0  0  0  0  0  0  0  0  0  0  0  0  0  1  0  0  3  0  0  0  8  0  0  0  8  0  0  0  2  1  0  0  4 24 20 18120  2  1  2 27  0  0  0  0  0  0  0  2  0  0  0  4  1  0  0 2401401318140110091778                
1022130510  1  0  0  9  0  0  0  0  0  0  0  0  0  0  0  0  0  0  0  0  0  0  0  0  0  0  0  4  0  0  0  0  0  0  0  0  0  0  0  0  0  0  0  0  0  0  0  0  1  0  0  1  0  0  0  5  0  0  0  3  0  0  0  1  0  0  0  2 30 23 16145  1  4  0 11  0  0  0  1  0  0  0  0  1  5  1 15  5  5 11 7701101416560370001400                
1022130511  2  0  5  9  0  0  0  0  0  0  0  0  0  0  3  1  0  0  1  0  0  0  1  0  0  0  2  0  0  0  3  1  0  0  3  0  0  0  2  1  0  0  0  0  0  0  1  0  1  0  1  1  0  0  1  4  1  0  0  3  0  0  0  2  0  0  1  2 23 23 28183  1  2  4 14  2  1  5 14  7  5  6 45  0  3  0 11 16 14 14 9900401612660190231155                
1022130601  0  0  0  1  0  0  0  0  0  0  0  0  0  0  0  1  0  0  0  1  0  0  0  0  0  0  0  0  0  0  0  1  0  0  0  1  0  0  0  1  0  0  0  0  0  0  0  0  0  0  0  1  0  0  0  0  0  0  0  0  0  0  0  0  0  0  0  1 13 14 21192  5  3  8 31 16 20 17157  2  3  2 31 11 14 17235  3  0  0 1701601918790210191844                
1022130602  0  0  0  1  0  0  0  0  0  0  0  0  0  0  0  1  0  0  0  0  0  0  0  0  0  0  0  0  0  0  0  1  0  0  0  1  0  0  0  1  0  0  0  0  0  0  0  0  0  0  0  0  0  0  0  1  0  0  0  0  0  0  0  1  0  0  0  0 30 28 23197  8 10  2 30 16 12  5 53  0  0  0  1 26 34 28298  0  0  0  102201815140100061258                
1022130603  0  0  0  1  0  0  0  0  0  0  0  0  0  0  0  1  0  0  0  1  0  0  0  0  0  0  0  0  0  0  0  0  0  0  0  0  0  0  0  1  0  0  0  0  0  0  0  0  0  0  0  1  0  0  0  0  0  0  0  0  0  0  0  1  0  0  0  0 11 12  8106  3  1  3 26 10  5  7 57  8  6  6 58 21 24 18232 10 37  63390160191879000017                    
1022130604  0  0  0  4  0  0  0  0  0  0  0  0  0  0  0  4  0  0  0  4  0  0  0  0  0  0  0  1  0  0  0  0  0  0  0  1  0  0  0  4  0  0  0  0  0  0  0  0  0  0  0  1  0  0  0  1  0  0  0  2  0  0  0  1  0  0  0  1  2  2  2 51  0  0  0  1  1  4  1  5  0  0  0  1  4  7  2 67  0  0  0  401500718980100071825                
1022130605  0  0  0  2  0  0  0  0  0  0  0  0  0  0  0  0  0  0  0  0  0  0  0  0  0  0  0  0  0  0  0  0  0  0  0  1  0  0  0  0  0  0  0  0  0  0  0  0  0  0  0  1  0  0  0  0  0  0  0  1  0  0  0  1  0  0  0  0  3  4  4 49  0  1  0 11  4  9 14 77  0  0  0  1  4  1  3 46  0  0  0  201801418700100141754                
1022130606  0  2  1  0  0  0  0  0  0  0  0  0  0  2  1  0  0  2  0  0  0  0  0  0  0  1  0  0  0  2  1  0  0  2  1  0  0  2  1  0  0  0  0  0  0  0  0  0  0  1  0  0  0  1  1  0  0  0  0  0  0  0  0  0  0  1  0  0 27 34 15135  4  4  1 10 10 10  3 49  0  2  1  0 16 23 26192  0  2  1  302201917580080151325                
1022130607  0  0  0  1  0  0  0  0  0  0  0  0  0  0  0  0  0  0  0  0  0  0  0  0  0  0  0  0  0  0  0  0  0  0  0  1  0  0  0  0  0  0  0  0  0  0  0  0  0  0  0  0  0  0  0  1  0  0  0  0  0  0  0  0  0  0  0  0  1  2  1 33  0  0  0  1 17 16 16229  0  0  0  4  7  6  5 87  1  5  1 320190191737000011                    
1022130608  0  0  0  1  0  0  0  0  0  0  0  0  0  0  0  1  0  0  0  0  0  0  0  0  0  0  0  0  0  0  0  1  0  0  0  0  0  0  0  1  0  0  0  0  0  0  0  0  0  0  0  1  0  0  0  0  0  0  0  0  0  0  0  0  0  0  0  0 18  8 15138  0  0  0  2  3  1  2  8  0  0  0  0 14 21 22179  0  0  0  102101017920130051604                
1022130609  0  0  0  3  0  0  0  0  0  0  0  0  0  0  0  2  0  0  0  1  0  0  0  0  0  0  0  0  0  0  0  2  0  0  0  0  0  0  0  2  0  0  0  0  0  0  0  0  0  0  0  2  0  0  0  1  0  0  0  0  0  0  0  0  0  0  0  0  0  0  1 46  0  0  0  0  0  0  0  1  0  0  0  1  1  1  5100  0  0  1  801200314800130251880                
1022130610  0  0  0  1  0  0  0  0  0  0  0  0  0  0  0  1  0  0  0  1  0  0  0  0  0  0  0  0  0  0  0  1  0  0  0  0  0  0  0  1  0  0  0  0  0  0  0  0  0  0  0  1  0  0  0  0  0  0  0  0  0  0  0  0  0  0  0  0  0  0  1 23  0  0  0  4  3  1  1 70  1  0  1 15  0  4  1 23  8  7 1012401501616880220381840                
1022130611  0  1  0  1  0  0  0  0  0  0  0  0  0  1  0  1  0  1  0  0  0  0  0  0  0  0  0  0  0  1  0  0  0  1  0  1  0  1  0  1  0  0  0  0  0  0  0  0  0  1  0  0  0  0  0  0  0  0  0  1  0  0  0  1  0  0  0  0 12 17 18172  6  4  4 42  5 10  7 89  1  1  4 14 17 39 36323 13 10 12 8201901616380120131459                
1022130612  0  0  0  2  0  0  0  0  0  0  0  0  0  0  0  2  0  0  0  2  0  0  0  0  0  0  0  0  0  0  0  2  0  0  0  1  0  0  0  2  0  0  0  0  0  0  0  0  0  0  0  2  0  0  0  0  0  0  0  0  0  0  0  0  0  0  0  0 26 27 28136  1  0  0  1  7  2  6 24 43 26 19160 31 37 24226 24 20 2218401301615660250161838                
1022130613  0  0  0  4  0  0  0  0  0  0  0  0  0  0  0  4  0  0  0  3  0  0  0  0  0  0  0  0  0  0  0  2  0  0  0  1  0  0  0  3  0  0  0  1  0  0  0  0  0  0  0  2  0  0  0  2  0  0  0  0  0  0  0  0  0  0  0  2 15 19 16194  2  4  5 35  1  5  3 55 10 51 66151 20 36 36378 13 14 2017701601918790250161838                
1022130614  0  0  1  1  0  0  0  0  0  0  0  0  0  0  1  1  0  0  1  1  0  0  0  0  0  0  0  0  0  0  1  0  0  0  1  0  0  0  1  1  0  0  0  0  0  0  0  0  0  0  0  1  0  0  0  0  0  0  1  0  0  0  0  0  0  0  0  0 18  5  7104  3  1  3  7 11 10  6 41  2  4  2 20 15 10  9157 10  6 11 540150071898000000                    
1022130701  1  3  3  3  0  0  0  0  0  0  0  0  1  3  3  3  1  0  0  1  1  0  0  1  0  1  1  0  1  1  1  2  0  0  0  0  0  1  3  1  0  2  0  0  1  0  0  2  0  0  2  0  0  0  0  3  1  3  1  0  0  0  0  0  1  0  0  0 14 17 15126  9 12  9 72  3  1  3 20  3  2  6 32 17 39 36323 60 51 5340901801416940000141543                
1022130702  1  0  1 19  0  0  0  0  0  0  0  0  1  0  1 18  0  0  1  2  0  0  0  0  0  0  0  0  1  0  1  6  1  0  0  5  0  0  1 14  0  0  0  1  1  0  0  3  0  0  0  5  0  0  0  9  1  0  1  5  1  0  0  4  0  0  1  6 12  4  2123  2  0  1 23  5  3  3 78  2  0  0  8  9  7  2 83  1  0  3 5500801815120130121547                
1022130703  1  3  2  7  0  0  0  0  0  0  0  0  1  3  2  5  0  2  1  1  0  2  1  1  0  0  0  1  1  3  2  2  0  0  0  2  1  1  2  1  0  0  0  2  0  2  0  2  0  1  0  1  0  1  2  0  1  1  0  6  0  0  1  0  0  1  0  2  2  5  3 59  0  0  0  2  6  5 13 63  3  6  6 60  4  7  2 67 38 35 374300160191654000000                    
1022130704  1  3  0  4  0  0  0  0  0  0  0  0  1  3  0  2  1  3  0  1  0  2  0  0  0  0  0  0  1  3  0  2  1  3  0  2  0  1  0  2  0  1  0  0  1  1  0  0  1  0  0  1  0  2  0  2  0  1  0  1  0  2  0  1  0  0  0  1 18 13  9101  5  2  2 22 10  8  7 34 16 14 11115 16 23 26192 16 61 4315001701514900100071592                
1022130705  1  1  0  5  0  0  0  0  0  0  0  0  0  0  0  1  0  0  0  0  0  0  0  0  0  0  0  0  0  0  0  0  1  0  0  3  0  0  0  0  0  0  0  0  0  0  0  1  1  1  0  0  0  0  0  1  0  0  0  4  0  1  0  1  0  0  0  2  5  8  7 43  3  6  5 37  6  6  3 29  7  7  2 13  4  3  6 90  7  8  2 1701501317330080151496                
1022130706  1  1  0  4  0  0  0  0  0  0  0  0  1  0  0  2  1  0  0  0  1  0  0  0  0  0  0  1  1  0  0  1  0  0  0  0  0  0  0  2  0  0  0  0  1  0  0  0  0  0  0  1  1  0  0  1  0  1  0  2  0  0  0  0  0  0  0  0 12 14 22124 10  5 15 70  0  0  0  3 20 26 18177 25 25 38254 25 24 131080250161726000000                    
1022130707  0  1  3  6  0  0  0  1  2  0  0  0  0  1  2  4  0  1  2  3  0  0  0  0  0  0  0  0  0  1  2  4  0  0  1  2  0  1  2  4  0  0  0  0  0  0  0  0  0  0  0  0  0  1  0  1  0  0  3  5  0  0  0  0  0  1  2  5  3  8  5 98  0  1  2 28  1  0  3 31  0  0  1  4  9  6  3 96 11  6 11 9501301115140300251300                
1022130708  1  0  1  3  0  1  0  0  0  0  0  0  1  0  1  3  1  0  1  2  0  0  0  1  0  0  0  0  1  0  1  2  1  0  1  1  1  0  1  1  0  0  0  2  0  0  0  0  0  0  0  1  1  0  1  1  0  0  0  1  0  0  0  2  0  0  1  0  7  4  5 69  2  0  0 15  4  4  7 69 10 12 11114  7 14 16145  6  3  2 3501701514900130111482                
1022130709  0  4  0  6  0  0  0  0  2  0  0  0  0  4  0  5  0  1  0  1  0  1  0  1  0  0  0  1  0  3  0  3  0  1  0  0  0  2  0  5  0  2  0  0  0  0  0  0  0  0  0  1  0  3  0  2  0  1  0  3  0  0  0  1  0  2  0  3  2  5  3 79  1  5  3 61  0  1  1  3  0  1  1  0 12 14 15183  0  4  1  601801416940100071592                
1022130710  0  0  0  6  0  0  1  0  3  0  0  1  0  0  0  3  0  0  0  1  0  0  0  0  0  0  0  1  0  0  0  3  0  0  0  6  0  0  0  3  0  0  0  0  0  0  0  0  0  0  0  1  0  0  0  4  0  0  0  1  0  0  0  2  0  0  0  2  3  3  5 52  0  0  0  5  6  9  3 96  0  0  0  8  7  6  5 87  0  0  0 1301401613690130071471                
1022130711  0  0  0  6  0  0  0  0  2  1  0  0  0  0  0  3  0  0  0  0  0  0  0  0  0  0  0  2  0  0  0  1  0  0  0  1  0  0  0  3  0  0  0  0  0  0  0  0  0  0  0  1  0  0  0  3  0  0  0  2  0  0  0  0  0  0  0  1  0  0  1 31  0  0  0 10  1  0  1 13  0  0  0  1  0  4  1 23  6 14  6 7301501317330000121660                
1022130712  1  1  0  4  0  0  0  1  0  0  0  0  1  1  0  4  0  0  0  2  0  0  0  0  0  0  0  1  0  0  0  3  0  0  0  1  0  0  0  3  1  1  0  1  0  0  0  0  0  1  0  2  1  0  0  1  0  0  0  1  1  1  0  0  0  0  0  0  6  7  2 70  6  7  2 69  2  4  1 26  1  2  0 13 11 14 17235 19 13 1110400902114480130051557                
1022130713  1  4  5 10  0  0  0  0  0  0  0  0  1  4  5 10  1  0  1  6  0  0  1  1  0  0  0  2  1  1  2  8  0  0  1  2  1  0  4  4  0  4  0  3  0  0  1  3  0  0  2  2  0  4  2  3  1  0  1  5  0  2  1  1  0  1  1  1  1  3  1 21  1  3  1 21  4  9 14 77  0  0  2 12  4  1  3 46 18 21 17 6601501216870210191716                
1022130714  1  1  0  7  0  0  0  0  0  0  0  0  1  1  0  6  0  0  0  0  0  0  0  0  0  1  0  0  1  0  0  3  0  0  0  0  1  1  0  2  0  0  0  3  0  0  0  1  1  1  0  1  0  0  0  1  0  0  0  5  0  0  0  1  0  1  0  2 19 19 14148 10 10  7 92  2  3  5 10  0  0  0  2 23 28 33235  3  2  2 250220191618000000                    
1022130715  1  1  2  4  0  0  0  0  0  0  0  0  1  1  2  4  1  0  0  1  0  0  0  1  0  0  0  2  1  0  1  2  0  1  0  0  1  1  1  1  0  0  1  0  0  0  0  3  0  0  1  0  1  1  0  3  0  0  1  1  0  0  0  1  0  0  0  0 17 11 15172  6  2  4 50 16 11 11168  0  1  0  2 12  8  8130  0  1  1  600902114480110131698                
1022130716  1  2  1  5  0  0  0  0  0  0  0  0  1  2  1  3  0  1  0  2  0  1  0  1  0  0  0  0  0  1  0  3  1  2  1  1  0  0  1  3  0  1  0  0  1  1  0  0  1  0  0  0  0  2  1  3  0  0  0  2  0  1  0  1  0  0  0  2 34 23 26187 14 11  5 51  8  4  4 25 40 27 15198 26 34 28298  1  2  1  501201414680130161599                
1022130801  0  1  1 14  0  0  0  0  0  0  0  0  0  1  0  6  0  1  0  1  0  0  0  0  0  0  0  0  0  1  0  3  0  0  0  3  0  1  0  5  0  0  0  1  0  0  0  0  0  1  1  3  0  0  0  4  0  0  0  7  0  0  0  2  0  1  1  7  6  3  8 35  4  1  2  6  0  0  0  8  0  0  0  3 20 36 36378  0  1  1 1401901917370130071452                
1022130802  0  0  3  7  0  0  0  1  0  0  0  0  0  0  3  6  0  0  1  2  0  0  0  1  0  0  0  0  0  0  3  5  0  0  0  2  0  0  2  6  0  0  0  0  0  0  1  0  0  0  1  2  0  0  0  2  0  0  2  3  0  0  1  1  0  0  2  0  2  2  2 20  0  0  1  8  4  0  0 18  1  2  1 12 10 10 14177  0  1  3  501301116540120081806                
1022130803  1  0  2  4  0  0  0  0  0  0  0  0  1  0  2  3  0  0  0  0  0  0  0  0  0  0  1  1  1  0  1  1  0  0  0  0  0  0  2  3  0  0  0  0  1  0  0  0  1  0  0  0  0  0  2  3  0  0  0  1  1  0  0  1  0  0  0  2  1  1  2 18  0  0  0  0  0  2  0  1  0  0  0  0 14 21 22179  7 10  9 2602101017920090071832                
1022130804  1  1  0  4  0  0  0  0  0  0  0  0  1  0  0  2  1  0  0  1  0  0  0  0  0  0  0  0  1  0  0  1  0  0  0  0  1  0  0  2  0  0  0  0  0  0  0  0  1  0  0  0  0  0  0  1  0  1  0  3  0  0  0  2  1  1  0  3  1  3  3 24  0  1  0 12 11 11  9103  5  6  8 48 17 39 36323 16 13  6 8102101918440120081806                
1022130805  1  2  1  8  0  0  0  0  0  0  0  0  1  2  1  8  1  2  1  3  0  1  0  2  0  0  0  3  1  2  1  7  0  0  0  0  1  2  1  6  0  0  0  1  0  0  0  1  0  1  1  2  0  0  0  3  1  1  0  3  0  1  0  5  1  1  0  4  1  2  4 25  0  1  2 16  2  1  5 12  0  0  0  0 25 25 38254  1  2  1  60160191879000000                    
1022130806  0  2  2  5  0  0  0  0  0  0  0  0  0  2  2  5  0  0  0  1  0  0  0  0  0  0  0  1  0  0  2  2  0  0  0  0  0  2  1  4  0  0  1  1  0  0  0  0  0  1  2  2  0  0  0  1  0  1  0  2  0  0  1  1  0  1  1  2  1  3  3 15  0  0  1  0  1  3  3 12 54 57 57267 31 37 24226  8 15  6 7301801718860110131823                
1022130807  1  2  1 11  0  0  0  0  0  0  0  0  1  2  1 10  0  2  1  3  0  0  0  0  0  0  0  0  0  2  1  4  0  0  0  0  1  2  1  7  0  0  0  3  0  0  0  0  0  0  1  4  0  1  0  3  1  1  0  4  0  0  0  2  1  2  0  4  0  2  5 30  0  0  1  6  6  6  5 43  5 13 11 86 17 19 24214 33 30 2013302101918440250161838                
1022130808  0  0  0  4  0  0  0  0  0  0  0  0  0  0  0  4  0  0  0  0  0  0  0  0  0  0  0  0  0  0  0  1  0  0  0  1  0  0  0  4  0  0  0  0  0  0  0  0  0  0  0  0  0  0  0  1  0  0  0  3  0  0  0  1  0  0  0  2  0  0  1  3  0  0  0  0  1  0  1 13  0  0  0  1  0  4  1 23  0  0  0  902101918440110131823                
1022130809  0  8  2  6  0  0  0  0  0  0  0  0  0  8  2  6  0  5  0  1  0  0  0  1  0  1  2  0  0  7  1  6  0  1  0  0  0  6  2  4  0  2  0  2  0  0  0  0  0  3  0  1  0  2  0  2  0  3  2  3  0  2  0  3  0  2  1  1  2  0  1  8  2  0  1  7  8 10  7 49  2  1  1 16 22 15 19132  3 14  3 2702501618380150062466                
1022130810  0  2  1 10  0  0  0  0  0  0  0  0  0  2  0  6  0  1  0  1  0  0  0  1  0  0  0  1  0  2  0  6  0  0  0  1  0  2  0  6  0  0  0  0  0  0  0  0  0  1  0  1  0  0  1  5  0  1  0  2  0  0  0  3  0  0  0  2  4 10  7 38  0  3  3  8  0  3  3 12 40 27 15198 26 34 28298  7 11  6 6001801418700100071825                
1022130811  1  0  1 21  0  0  0  0  0  0  0  0  1  0  1 21  0  0  0  0  0  0  0  0  1  0  0  2  1  0  1 14  0  0  0  7  1  0  0 16  0  0  1  3  0  0  0  2  0  0  0  8  0  0  0  8  1  0  1  5  0  0  0  5  1  0  1  9  4  1  6 28  2  1  3 16  0  1  0  8  7 21  5 68 23 28 33235  0  0  0 1101500718980130111275                
1022130901  1  0  0  3  0  0  0  0  0  0  0  0  1  0  0  3  1  0  0  2  1  0  0  1  0  0  0  0  1  0  0  3  0  0  0  1  1  0  0  3  0  0  0  0  0  0  0  0  0  0  0  1  0  0  0  1  1  0  0  1  0  0  0  0  0  0  0  3 25 29 33253  0  1  1  7  0  0  0  5 15  5 12 77 31 37 24226  1  0  0  401000812260180141476                
1022130902  1  0  0  1  0  0  0  0  0  0  0  0  1  0  0  1  0  0  0  0  0  0  0  0  0  0  0  0  0  0  0  1  1  0  0  1  1  0  0  1  0  0  0  0  0  0  0  0  1  0  0  0  0  0  0  1  0  0  0  0  0  0  0  0  1  0  0  1 14 10  8119  0  0  0 11  1  0  0  4  9  5  4 32 13  8 13126  1  0  0  70090161428000025                    
1022130903  1  0  0  2  0  0  0  0  0  0  0  0  1  0  0  2  1  0  0  1  1  0  0  1  0  0  0  0  1  0  0  2  0  0  0  0  1  0  0  1  0  0  0  0  0  0  0  1  0  0  0  1  0  0  0  1  1  0  0  0  0  0  0  0  0  0  0  2 15 16 16230  2  3  2 30  4  2  0 19  0  0  0  0  4  5  2 67 35 28 413320090161428000000                    
1022130904  1  0  2  4  0  0  0  0  0  0  0  0  1  0  2  4  1  0  2  2  0  0  0  0  0  0  1  2  0  0  2  3  0  0  0  0  0  0  1  3  0  0  0  0  1  0  1  1  1  0  0  2  0  0  2  2  0  0  0  0  0  0  0  1  1  0  0  2  6  9  8212  0  0  0  1  4  8  8146  0  0  0  1  1  1  5100  1  1  3 2701701514370210192033                
1022130905  1  0  0  3  0  0  0  0  0  0  0  0  1  0  0  3  1  0  0  0  1  0  0  0  0  0  0  0  1  0  0  2  0  0  0  0  1  0  0  3  0  0  0  0  0  0  0  0  1  0  0  1  0  0  0  1  0  0  0  1  0  0  0  0  1  0  0  1 38 48 36348 14 10  9 86  1  0  3 13  5  5  2 31 17 39 36323  1  0  0 1901501119630130161566                
1022130906  1  1  1  3  0  0  0  0  0  0  0  0  1  1  1  3  1  1  1  3  1  0  0  1  0  0  0  0  1  0  1  2  0  0  0  0  1  1  1  3  0  0  0  0  0  0  0  0  0  1  1  1  0  0  0  0  1  0  0  2  0  0  0  0  0  0  1  2 22 17 29242  0  0  0  3  1  0  4 21  1  0  0  4 14 21 22179  5  4  4 1801801414760170001200                
1022130907  1  1  2  5  0  0  0  0  0  0  0  0  1  1  2  4  1  1  1  4  0  1  0  2  0  0  0  0  1  1  1  2  0  0  1  1  1  1  2  4  0  0  0  0  0  0  0  0  1  0  0  1  0  0  1  1  0  1  1  3  0  0  0  0  0  1  2  1  4  8  8139  1  1  1 35  0  1  1 16  0  3  2 19  5  5  9123 10 13  921601401614620100161298                
1022130908  1  0  0  2  0  0  0  0  0  0  0  0  1  0  0  2  1  0  0  1  0  0  0  0  0  0  0  0  1  0  0  1  0  0  0  0  1  0  0  2  0  0  0  0  0  0  0  0  1  0  0  1  0  0  0  1  0  0  0  0  0  0  0  0  0  0  0  1 32 24 26344 11  6  8 85  1  0  1  7  3  2  4 34 11 14 17235  8  9  7 5301200818060120061316                
1022130909  1  0  0  0  0  0  0  0  0  0  0  0  1  0  0  0  1  0  0  0  0  0  0  0  0  0  0  0  1  0  0  0  1  0  0  0  1  0  0  0  0  0  0  0  0  0  0  0  0  0  0  0  0  0  0  0  1  0  0  0  0  0  0  0  1  0  0  0 30 46 46429  5  4  5 78  5  4  5 57  1  2  0 39 20 36 36378  1  0  2 3000401612660090171551                
1022130910  1  1  1  4  0  0  0  0  0  0  0  0  1  1  1  4  1  1  0  3  1  1  0  1  1  0  0  1  1  1  1  2  1  1  1  2  1  1  1  3  0  0  0  0  0  0  0  1  0  0  1  1  0  0  0  2  1  1  0  1  0  0  0  1  0  0  1  1 15 22 20252  4  8  4 61  2  2  4 21  1  1  1  5 14 12 10182 14 15 1216801201615000170191320                
1022130911  1  0  0  1  0  0  0  0  0  0  0  0  1  0  0  1  1  0  0  1  0  0  0  0  0  0  0  0  0  0  0  1  0  0  0  0  1  0  0  1  0  0  0  0  0  0  0  0  1  0  0  0  0  0  0  0  0  0  0  1  0  0  0  0  0  0  0  1 45 47 40340  2 12 10 61 16 12  5 53 10  2  9 57 26 34 28298  2  0  1  60190131603000000                    
1022130912  1  0  0  1  0  0  0  0  0  0  0  0  1  0  0  1  1  0  0  0  1  0  0  0  0  0  0  0  1  0  0  1  0  0  0  0  0  0  0  1  0  0  0  0  1  0  0  0  1  0  0  0  0  0  0  1  0  0  0  0  0  0  0  0  0  0  0  1 28 21 26284  4  0  1 20  7  6  9 40  3  3  2 12 15 10  9157  4  2  0 1901101416560220351360                
1022130913  1  0  1  3  0  0  0  0  0  0  0  0  1  0  1  2  1  0  1  0  0  0  0  0  0  0  0  0  1  0  1  1  0  0  0  0  1  0  1  2  0  0  0  0  0  0  0  0  1  0  0  1  0  0  0  1  0  0  1  1  0  0  0  0  0  0  0  1 26 29 25300  7  8  7 87  2  5  4 38 21 22 25209 25 25 38254 10  5  8 7301801414760160211828                
1022131001  1  3  1  9  0  0  0  0  0  0  0  0  1  3  1  7  0  1  0  1  0  0  0  0  0  0  0  0  0  0  0  1  0  0  0  0  1  2  1  6  0  0  0  1  0  1  0  0  0  0  0  2  0  1  1  3  1  2  0  4  0  1  0  3  0  1  0  5 30 40 40335  5  4 12 35  0  1  1  4  0  0  0  0 17 39 36323  1  3  1  901101116900130051604                
1022131002  1  2  0 20  0  0  0  1  0  0  0  0  1  2  0 18  0  1  0  5  0  0  0  0  0  0  0  0  1  1  0 14  0  0  0  0  1  0  0 11  0  1  0  4  0  1  0  3  0  0  0  8  1  1  0  5  0  1  0  7  1  1  0  1  0  1  0  6 33 38 41324  6  6  8 55  1  0  2  6  0  0  0  1 23 28 33235  2  1  0 3101100917530060081200                
1022131003  0  3  0 14  0  1  1  0  0  0  0  0  0  2  0 10  0  0  0  3  0  0  0  0  0  0  0  1  0  0  0  5  0  1  0  4  0  2  0  7  0  0  0  2  0  0  0  1  0  1  0  3  0  1  0  2  0  1  0  8  0  1  0  2  0  0  0  7 28 31 42317  0  0  1  0  1  2  1 16  0  1  0  4 14 21 22179  6  8  2 3301103313000170221433                
1022131004  0  2  2  2  0  0  0  0  0  0  0  0  0  2  2  2  0  1  0  0  0  0  0  0  0  1  0  0  0  2  0  2  0  0  0  0  0  2  2  2  0  0  0  0  0  0  0  0  0  1  0  2  0  0  1  0  0  1  1  0  0  1  0  0  0  1  1  1  8 10 12179  0  1  2 22  1  1  0  9  0  0  0  2 21 24 18232 13 16 14 8402501618380090151600                
1022131005  0  2  2  6  0  0  0  0  2  0  0  0  0  2  1  5  0  0  0  0  0  0  0  0  0  0  0  0  0  1  0  3  0  2  2  5  0  1  1  2  0  1  0  0  0  0  0  3  0  0  0  1  0  1  0  3  0  1  2  2  0  0  0  1  0  0  1  1 27 36 25398  5  2  4 41  2  1  0 29  1  4  2 10 11 14 17235  8  6 1010101801718860210191844                
1022131006  0  2  2  4  0  0  0  0  0  0  0  0  0  2  2  4  0  1  1  1  0  0  0  0  0  0  0  0  0  1  1  2  0  0  0  0  0  1  1  4  0  1  1  0  0  0  0  0  0  1  0  1  0  1  0  1  0  0  2  2  0  0  0  1  0  0  0  2 17 19 15241  0  0  3 19  0  0  0  2  0  0  0  6  4  5  2 67 13 30 251660160251650000000                    
1022131007  1  4  1  7  0  0  0  0  0  0  0  0  1  4  1  7  1  2  0  1  0  0  0  0  0  0  0  1  1  3  1  3  0  0  0  0  0  4  1  6  1  0  0  0  0  0  0  1  0  2  0  1  0  0  1  4  1  2  0  2  0  1  0  1  1  1  0  4 18 13 19231  2  4  3 25  0  3  4 12  1  2  3 10 17 19 24214 10 14 1212102101017920180081840                
1022131008  1  1  2  8  0  0  0  0  0  0  0  0  1  1  2  7  1  1  2  1  1  1  2  0  0  0  1  1  1  1  2  4  0  0  0  0  0  1  1  4  0  0  0  1  1  0  1  2  0  1  0  3  1  0  2  1  0  0  0  4  1  1  0  0  0  1  1  4 17 12 24258  2  0  4 27  0  3  0  2  0  0  0  0 14 12 10182  0  0  1  20180141476000000                    
1022131009  1  0  0 13  0  0  0  0  0  0  0  0  1  0  0 12  1  0  0  2  1  0  0  0  0  0  0  1  1  0  0  5  0  0  0  0  0  0  0  9  1  0  0  2  0  0  0  1  0  0  0  2  1  0  0  7  0  0  0  4  1  0  0  1  0  0  0  3 42 40 31235  2  2  0 14  3  4  4 22  1  2  3 31 16 23 26192  1  0  0 1501201414060100061258                
1022131010  1  2  2  2  0  0  0  0  0  0  0  0  1  2  2  2  1  1  2  1  1  0  0  1  0  0  0  1  1  1  2  1  0  1  1  0  1  1  2  0  0  1  0  1  0  0  0  1  0  0  1  0  0  1  1  2  1  1  0  0  1  0  0  0  0  2  0  2 66 50 44289 10  5  3 37  2  4  7 23  6  4  5 22 26 34 28298 27 19 1810501300916930250161838                
1022131011  1  0  0  6  0  0  0  0  0  0  0  0  1  0  0  6  1  0  0  0  0  0  0  0  0  0  0  2  1  0  0  6  0  0  0  2  0  0  0  5  1  0  0  0  0  0  0  1  1  0  0  3  0  0  0  0  0  0  0  3  0  0  0  1  1  0  0  1  9 17 16183  2  3  1 12  0  1  1  6 23 31 18180 10 30 18226  3  2  5 390160191879000005                    
1022131012  1  2  0  9  0  0  0  0  0  0  0  0  1  2  0  6  1  1  0  2  1  1  0  0  0  0  0  0  1  2  0  4  1  0  0  1  1  0  0  4  0  2  0  2  0  0  0  0  1  0  0  2  0  2  0  3  0  0  0  4  1  1  0  1  0  1  0  4 17 15 14193  2  3  1 20  7  3  3 42  9  6  6 41 10 10 14177 33 28 1813801301116540110131823                
1022131013  1  4  0  4  0  0  0  0  0  0  0  0  1  4  0  4  0  2  0  0  0  0  0  0  0  0  0  0  0  2  0  2  0  0  0  0  1  3  0  3  0  1  0  1  0  0  0  0  0  1  0  0  0  1  0  3  1  2  0  1  0  0  0  1  1  0  0  1 28 19 27242  0  2  4 12  0  0  0  0  2  2  1  7 15 10  9157 24 30 1718102101017920130051604                
1022131014  0  0  0  6  0  0  0  0  0  0  0  0  0  0  0  6  0  0  0  2  0  0  0  0  0  0  0  0  0  0  0  1  0  0  0  0  0  0  0  6  0  0  0  0  0  0  0  0  0  0  0  1  0  0  0  2  0  0  0  3  0  0  0  1  0  0  0  2  6  8 17134  0  0  0 14  0  0  0  1  0  0  0  0  4  1  3 46  0  0  0  901001113960040081444                
1022131015  1  1  1  4  0  0  0  0  0  0  0  0  1  1  1  4  0  0  1  2  0  0  1  1  0  0  0  0  0  0  1  2  1  1  0  0  0  1  1  3  1  0  0  1  0  0  0  0  0  0  0  3  1  1  1  1  0  0  0  0  0  0  1  1  0  1  1  1 10 38 37362  2  7  3 31  3  2  2 38 10 51 66151 20 36 36378 14 10 2114701501616880070121675                
1022131101  2  0  1  7  0  0  0  0  0  0  0  0  2  0  1  5  2  0  1  2  0  0  0  0  0  0  0  2  2  0  1  3  0  0  0  0  2  0  0  4  0  0  1  0  0  0  0  1  1  0  0  3  1  0  1  2  0  0  0  2  0  0  0  2  0  0  0  4 19 19 14148 10 10  7 92  0  0  1  1  0  0  0  2 23 28 33235 18 11 15 5201101316980000051421                
1022131102  0  0  0 29  2  1  2  2  0  0  0  0  0  0  0 19  0  0  0  2  0  0  0  2  0  0  0  8  0  0  0 19  0  0  0  6  0  0  0 10  0  0  0  2  0  0  0  7  0  0  0 10  0  0  0 11  0  0  0  6  0  0  0  9  0  0  0  7  2  2  5 45  0  2  2 39 10  9  7189  1  2  3 30  9  8  8155  1  6  710000902114480150012300                
1022131103  2  0  1  8  0  0  0  0  0  0  0  0  2  0  1  8  2  0  0  1  0  0  0  0  1  0  0  2  2  0  1  4  1  0  0  0  2  0  1  7  0  0  0  0  0  0  0  1  0  0  0  1  1  0  0  6  1  0  1  1  0  0  0  1  1  0  0  7  2  5  3 59  0  0  0  2  1  0  0  1  2  0  0  5  4  7  2 67 20 22 1622401101115960080161548                
1022131104  2  2  2 15  0  0  0  0  0  0  0  0  2  2  1 13  0  1  1  6  0  0  1  2  1  0  0  3  1  2  1  8  0  0  0  0  1  1  0 11  0  1  0  0  1  0  1  2  2  0  1  4  0  1  1  6  0  1  0  5  0  0  2  5  1  1  0  5  2  5  3 79  1  5  3 61  1  0  0 20  0  0  0 11 12 14 15183 28 25 2321102501617260110111268                
1022131105  2  4  5 12  0  0  0  0  0  0  0  0  2  4  5 11  0  0  1  1  0  0  0  0  0  0  0  1  0  1  3  5  0  0  0  0  0  3  3  7  1  0  1  2  1  1  1  2  0  1  1  4  2  1  3  7  0  2  1  1  0  1  0  2  1  2  2  4 25 22 10124  4  2  1 16  2  0  1 11  0  0  0  1 15 10  9157  2  4  5 1400501414810090171625                
1022131106  2  3  3 10  0  0  0  0  0  0  0  0  2  3  3  6  1  1  2  4  1  1  0  2  0  0  0  0  1  3  3  5  0  0  0  0  0  1  3  3  1  1  0  0  1  1  0  3  0  1  0  3  0  1  1  5  2  1  2  1  1  1  0  3  0  2  2  8  7  4  6 68  5  2  3 22  1  0  0  8  0  0  0  0  4  5  2 67 15 16 1611001801717040130111482                
1022131107  2  1  1  3  0  0  0  0  0  0  0  0  2  1  1  2  0  0  0  0  0  0  0  0  1  1  0  0  2  0  1  1  0  1  0  0  1  1  1  1  0  0  0  0  1  0  0  1  0  1  0  1  1  0  0  0  1  0  1  2  1  0  0  0  2  0  0  2 14 17 15126  9 12  9 72  3  3  1 24  4  4  7 51 17 39 36323 25 15 1712201901916900190231194                
1022131108  2  1  2 14  0  0  0  0  0  0  0  0  2  1  2 14  0  0  0  4  0  0  0  4  0  0  0  1  2  1  2  9  0  0  0  2  1  1  0  6  1  0  1  3  0  0  1  5  0  0  0  2  1  0  0  2  1  1  2 10  1  0  1  3  1  1  0  8  4  4  8 90  2  3  5 44  1  0  0 12  1  0  0 14 14 12 10182  4  3  2 4300601415270130161599                
1022131109  2  2  5  6  0  0  0  0  0  0  0  0  2  2  5  5  0  0  0  0  0  0  0  0  0  0  0  0  0  2  5  2  0  0  0  1  1  1  1  5  0  0  1  0  1  1  3  0  1  0  1  0  1  0  1  4  0  2  3  2  0  1  2  1  1  0  2  2  6 12  8 74  1  0  0  6  8  6  4 46  0  0  0  9 31 37 24226 12 14 16 6501301714050130161599                
1022131110  2  1  1  2  0  0  0  0  0  0  0  0  2  1  1  2  2  1  1  1  1  0  1  1  1  0  1  0  2  1  1  1  1  0  1  0  1  1  0  0  1  0  1  0  0  0  0  2  0  0  0  0  1  1  0  2  1  0  1  0  1  0  1  1  2  0  1  2 10 14  8 56  9 11  8 53  2  3  3 16  1  0  3 12 22 15 19132 11  7 11 5600902114480210191716                
1022131111  2  1  0  9  0  0  0  0  0  0  0  0  2  0  0  5  2  0  0  1  0  0  0  0  0  0  0  2  2  0  0  2  2  0  0  2  2  0  0  4  0  0  0  1  0  0  0  0  0  0  0  3  2  0  0  3  0  1  0  3  0  0  0  3  0  0  0  3 11  9  8 76  0  0  0  1  2  0  1  7  3  1  1 26 14 21 22179  2  1  0 120140161369000000                    
1022131112  1  1  1 10  1  0  1  1  0  0  0  0  1  1  1 10  1  1  1  2  1  1  1  1  0  0  0  2  1  1  1  7  0  0  0  0  1  0  1  8  0  0  0  1  0  1  0  1  0  0  0  2  0  0  1  4  1  1  0  4  0  0  0  0  0  0  1  3  3  1  2 39  3  1  1 32  5  7  3 93  0  0  0  0  9  7  2113  1  1  1 130070111669033000                    
1022131113  2  4  1 35  0  2  1  0  0  0  0  0  2  4  1 33  1  0  0  3  1  0  0  3  0  2  0 11  2  3  1 25  0  0  0  0  1  3  1 17  1  1  0  6  0  0  0 10  0  1  0 12  2  2  1 16  0  1  0  7  1  2  0 13  1  1  0 18 12 14 22124 10  5 15 70  4  4  6 38  0  0  0  9 25 25 38254 12 17 1215500901716250130161599                
1022131114  2  1  1  7  0  0  0  0  0  0  0  0  2  1  1  7  0  0  0  0  0  0  0  0  0  0  1  1  0  1  1  5  1  1  1  2  2  0  1  5  0  0  0  1  0  1  0  1  0  0  0  2  0  1  0  3  2  0  1  2  1  0  0  1  1  0  0  0 17 11 15172  6  2  4 50 16 11 11168  1  1  1  6 12  8  8130  2  1  1 1801401513870070111588                
1022131115  2  0  2 10  0  0  0  0  0  0  0  0  2  0  2  9  2  0  1  3  0  0  0  0  0  0  1  1  2  0  1  7  2  0  1  3  2  0  1  6  0  0  0  2  0  0  1  1  1  0  0  2  0  0  1  4  1  0  1  4  0  0  0  3  0  0  1  2 18 14 19152  5  3  5 45  4  0  1  7  2  0  1  4 17 19 24214  3  0  2 1701101714010130071471                
1022131116  2  1  2  3  0  0  0  0  0  0  0  0  2  1  2  3  1  0  1  0  0  0  0  0  1  0  0  0  1  0  1  2  2  0  1  1  1  1  2  3  0  0  0  0  1  0  0  0  0  0  0  2  1  1  2  0  1  0  0  1  0  0  0  0  0  0  0  0 34 23 26187 14 11  5 51  5  5  6 30 13  7  7 55 26 34 28298  3  5  6 4701701514900210191716                
1022131201  1  0  1  4  0  0  0  0  0  0  0  0  1  0  1  4  1  0  0  3  0  0  0  1  0  0  0  0  1  0  0  2  0  0  0  0  1  0  1  3  0  0  0  1  0  0  0  0  1  0  0  0  0  0  1  2  0  0  0  2  0  0  0  1  0  0  0  2 35 36 22359  4  5  4 37  1  1  0 13  2  3  0 22  7  9  4187 13  5  4 460180171886000000                    
1022131202  1  2  2 15  0  0  0  0  0  0  0  0  1  2  2 15  1  2  0  7  0  1  0  1  0  0  0  2  1  2  1  6  0  0  0  2  0  0  2  9  1  1  0  4  0  1  0  2  0  0  0  3  1  1  1  5  0  1  1  7  0  1  0  3  0  2  2  6 30 46 46429  5  4  5 78  0  0  1 16 10 51 66151 20 36 36378  7 11  711900900814040100061258                
1022131203  1  1  2  6  0  0  0  0  0  0  0  0  1  1  2  5  1  1  2  2  0  0  0  0  0  0  0  0  1  1  2  3  0  0  0  0  1  1  2  5  0  0  0  0  0  0  0  0  0  0  0  1  0  0  2  1  1  1  0  4  0  0  0  1  0  0  0  1 22 17 29242  0  0  0  3  0  0  1  4  0  0  0  0 14 21 22179  2  1  2 1402201815140130091693                
1022131204  1  4  3  7  0  0  0  0  0  0  0  0  1  4  2  5  1  0  0  4  0  0  0  0  0  0  0  1  1  0  0  5  0  0  0  0  1  3  1  5  0  1  1  0  0  0  0  0  0  1  0  0  0  1  1  3  1  2  2  4  0  0  2  0  0  1  1  4 45 47 40340  2 12 10 61  0  4  2 19  0  0  0  0 26 34 28298  1  4  3  701401416080130161566                
1022131205  1  0  0 12  0  0  0  0  0  0  0  0  0  0  0  8  0  0  0  8  0  0  0  3  0  0  0  1  0  0  0  5  0  0  0  2  0  0  0  7  0  0  0  0  0  0  0  1  0  0  0  3  1  0  0  7  0  0  0  2  0  0  0  2  0  0  0  5 10  7  5171  4  1  2 46  0  1  1 12  0  0  0  2  4  3  4109  1  0  0  901401416080100101802                
1022131206  1  3  5 13  0  0  0  0  0  0  0  0  0  2  4 10  0  2  2  4  0  2  0  2  0  0  1  1  0  2  2  6  0  1  2  3  0  1  3  7  0  1  0  3  0  0  1  0  0  0  1  2  0  0  3  7  1  3  1  4  0  1  1  2  0  0  0  2  2  5 10112  0  2  1 27  1  2  3 14  0  1  2  4  1  0  2 29  5  4  7 3401301615660160161776                
1022131207  1  1  1  4  0  0  0  0  0  0  0  0  1  1  1  2  0  1  1  1  0  0  0  1  0  0  0  0  0  1  0  1  0  0  0  0  1  1  1  2  0  0  0  0  0  0  0  0  0  1  0  1  0  0  1  1  1  0  0  2  0  0  0  2  1  0  1  2 15 16 16230  2  3  2 30  1  0  1 19  0  0  0  6  4  5  2 67  6  5  6 450190161638000000                    
1022131208  0  0  0  6  0  0  0  0  3  3  1  1  0  0  0  4  0  0  0  1  0  0  0  0  0  0  0  0  0  0  0  1  0  0  0  0  0  0  0  4  0  0  0  0  0  0  0  0  0  0  0  1  0  0  0  3  0  0  0  2  0  0  0  2  0  0  0  3 25 23 14390  2  2  3 75  1  1  1  6  1  1  1  6 12  8  8130  3  1  0 4600902113540130161566                
1022131209  1  0  0  8  0  0  0  0  0  0  0  0  1  0  0  7  1  0  0  4  1  0  0  3  0  0  0  0  1  0  0  7  0  0  0  0  0  0  0  4  0  0  0  3  1  0  0  0  0  0  0  1  1  0  0  2  0  0  0  5  1  0  0  2  1  0  0  4 22 32 20302  8  3  3 56  0  3  2 41 10  5 14115 17 19 24214 18 25 3233701500718980160161776                
1022131210  1  2  2  4  0  0  0  0  0  0  0  0  1  2  2  4  0  1  1  2  0  0  0  0  0  0  1  1  0  1  1  1  0  0  0  0  1  1  2  3  0  1  0  0  0  0  0  1  0  0  1  1  1  0  1  1  0  2  0  2  0  0  0  1  0  0  0  0  8 10  8205  2  3  1 53  0  0  0  6  2  2  3 48 21 24 18232  2  2  4 2201801718860200201600                
1022131211  1  0  0  7  0  0  0  0  0  0  0  0  1  0  0  6  0  0  0  1  0  0  0  0  0  0  0  2  1  0  0  4  0  0  0  0  0  0  0  5  1  0  0  1  0  0  0  0  1  0  0  1  0  0  0  3  0  0  0  3  0  0  0  1  1  0  0  3  6  6  7113  0  0  2 25  0  0  0  2  0  0  0  4  4  1  3 46  3  0  2 2101500718980250161838                
1022131212  1  0  0  2  0  0  0  0  0  0  0  0  1  0  0  1  1  0  0  0  0  0  0  0  0  0  0  0  0  0  0  0  0  0  0  0  1  0  0  1  0  0  0  0  0  0  0  0  1  0  0  0  0  0  0  0  0  0  0  2  0  0  0  0  0  0  0  2 26 29 25300  7  8  7 87  9 11  8 97 12  6  8 87 25 25 38254  2  2  1 1001301315070090061400                
1022131213  1  0  1  5  0  0  0  0  0  0  0  0  1  0  1  5  0  0  0  0  0  0  0  0  0  0  0  2  1  0  1  2  0  0  0  0  0  0  0  3  0  0  1  2  1  0  0  0  0  0  0  0  0  0  0  3  1  0  1  2  0  0  0  1  1  0  0  2 19 23 24172  6  4  8 59  3  6  6 35  6  6  3 22 22 15 19132 15 15 1414801501616880110111406                
1022131214  1  0  0  5  0  0  0  0  0  0  0  0  1  0  0  5  1  0  0  2  0  0  0  0  0  0  0  2  1  0  0  1  0  0  0  1  1  0  0  3  0  0  0  1  0  0  0  1  1  0  0  3  0  0  0  2  0  0  0  0  0  0  0  0  1  0  0  0 20 19 24333  3  7  4 47  1  0  0  8 26 29 32333 10 30 18226  4  4  2 280100111396000000                    
1022131215  1  0  0  9  0  0  0  0  0  0  0  0  1  0  0  7  1  0  0  5  1  0  0  1  0  0  0  1  1  0  0  6  0  0  0  0  1  0  0  6  0  0  0  1  0  0  0  0  1  0  0  3  0  0  0  4  0  0  0  2  0  0  0  1  0  0  0  1 15 22 20252  4  8  4 61  0  0  0  1  1  0  3 23 14 12 10182  1  0  0  901501017250100071825                
1022131216  1  3  3  6  0  0  0  0  0  0  0  0  0  2  3  5  0  1  2  3  0  0  0  0  0  0  0  0  0  1  3  3  0  1  2  1  0  1  3  4  0  0  0  1  0  1  0  0  0  1  0  1  0  0  2  3  1  2  1  2  0  0  0  2  0  0  1  2 28 21 26284  4  0  1 20  7  6  9 40  0  1  2  3 15 10  9157  1  5  8 2902201815140100071825                
1022131217  1  2  2 15  0  0  0  0  0  0  0  0  1  2  2 14  1  2  2 10  0  0  1  2  0  0  0  0  1  2  2 11  0  0  0  0  1  1  1 12  0  1  0  1  0  0  1  1  0  0  0  3  0  1  1  6  1  1  1  6  0  0  1  2  0  1  1  6 38 48 36348 14 10  9 86  2  0  3 32  2  3  1 16 17 39 36323  9 13 121230130111654000000                    
1022131218  1  0  1  3  0  0  0  0  0  0  0  0  1  0  1  2  0  0  0  1  0  0  0  0  0  0  0  1  0  0  0  0  1  0  0  0  0  0  0  2  0  0  0  0  1  0  1  0  1  0  0  1  0  0  1  1  0  0  0  1  0  0  0  0  0  0  1  1 40 41 34330 14  6  8 96  8  6  4 30  1  0  0  0 23 28 33235  1  0  1  301501616880130111275                
