0521120101  0  0  0  1  0  0  0  0  0  0  0  0  0  0  0  0  0  0  0  0  0  0  0  0  0  0  0  0  0  0  0  0  0  0  0  1  0  0  0  0  0  0  0  0  0  0  0  0  0  0  0  1  0  0  0  0  0  0  0  0  0  0  0  0  0  0  0  0  2  5  5171  2  5  5 99  0  1  0 44  5  4  6 62  5  5  6171  0  0  0  50030091637011000                    
0521120102  0  0  0  1  0  0  0  0  0  0  0  0  0  0  0  1  0  0  0  1  0  0  0  1  0  0  0  0  0  0  0  1  0  0  0  1  0  0  0  1  0  0  0  0  0  0  0  0  0  0  0  0  0  0  0  1  0  0  0  0  0  0  0  0  0  0  0  1  4 10 18178  2  7  7100  4  1  6 86  1  2  2 24  4 13 12219 18 22 1521601101115970090171547                
0521120103  0  0  0  2  0  0  0  0  0  0  0  0  0  0  0  2  0  0  0  0  0  0  0  0  0  0  0  0  0  0  0  1  0  0  0  0  0  0  0  2  0  0  0  0  0  0  0  0  0  0  0  1  0  0  0  1  0  0  0  0  0  0  0  0  0  0  0  0 13 12 10271  7  7  6158  1  2  0 13  0  0  0 12 11 22 15213 10  6  8 7702203116700320231415                
0521120104  0  1  0  1  0  0  0  0  0  0  0  0  0  1  0  1  0  0  0  0  0  0  0  0  0  0  0  0  0  1  0  1  0  0  0  0  0  1  0  0  0  0  0  0  0  0  0  1  0  0  0  0  0  0  0  1  0  1  0  0  0  0  0  0  0  1  0  0 46 32 33213 25 13 14108  6  5  9 40  6  1  7 17 25 25 24224  0  1  0 170170291614000000                    
0521120105  0  2  0  4  0  0  0  0  0  0  0  0  0  1  0  1  0  1  0  1  0  1  0  1  0  0  0  0  0  1  0  1  0  1  0  1  0  1  0  1  0  0  0  0  0  0  0  0  0  2  0  2  0  0  0  1  0  0  0  1  0  0  0  0  0  0  0  3 24 27 24239 15 17 18131  0  1  1 14 28 32 26197 30 39 40385  0  2  0 1601101114840050051700                
0521120106  0  0  0  3  0  0  0  0  0  0  0  0  0  0  0  2  0  0  0  0  0  0  0  0  0  0  0  0  0  0  0  1  0  0  0  0  0  0  0  2  0  0  0  0  0  0  0  0  0  0  0  1  0  0  0  2  0  0  0  0  0  0  0  1  0  0  0  1 35 46 35166 14 20 14 72 21 15 19 83  0  0  0  3 51 35 30156  1  4  1 3901101416180140131207                
0521120107  0  0  0  2  0  0  0  0  0  0  0  0  0  0  0  2  0  0  0  0  0  0  0  0  0  0  0  0  0  0  0  1  0  0  0  1  0  0  0  2  0  0  0  0  0  0  0  0  0  0  0  1  0  0  0  1  0  0  0  0  0  0  0  0  0  0  0  0  4  7  6 75  1  3  0 35  3  3  1 18  0  3  2 25  9  8  9123  8  6  1 4501301615120180161698                
0521120108  0  0  0  3  0  0  0  0  0  0  0  0  0  0  0  0  0  0  0  0  0  0  0  0  0  0  0  0  0  0  0  0  0  0  0  1  0  0  0  0  0  0  0  0  0  0  0  0  0  0  0  1  0  0  0  0  0  0  0  2  0  0  0  0  0  0  0  2 17 29 23236 11 18 16127  6 11 12125  4  5  4 43 18 22 32286  4  5  3 5701201613110000121700                
0521120109  0  0  0  1  0  0  0  0  0  0  0  0  0  0  0  1  0  0  0  0  0  0  0  0  0  0  0  0  0  0  0  1  0  0  0  0  0  0  0  1  0  0  0  0  0  0  0  0  0  0  0  1  0  0  0  0  0  0  0  0  0  0  0  0  0  0  0  1 17 16 20192  8  9 10 74  0  4  4 18  0  0  0  0 30 24 30281  0  0  0  1000000    0000221481                
0521120110  0  0  0  4  0  0  0  0  0  0  0  0  0  0  0  4  0  0  0  2  0  0  0  2  0  0  0  0  0  0  0  4  0  0  0  3  0  0  0  2  0  0  0  2  0  0  0  0  0  0  0  1  0  0  0  2  0  0  0  1  0  0  0  0  0  0  0  1  5  9 12162  1  3  9 86  1  3  1 33  0  2  1 28 24 25 40399  1  1  1 3100701514690130111757                
0521120111  0  2  0  2  0  0  0  0  0  0  0  0  0  0  0  1  0  0  0  0  0  0  0  0  0  0  0  1  0  0  0  1  0  1  0  2  0  0  0  1  0  0  0  0  0  0  0  0  0  1  0  1  0  1  0  1  0  0  0  0  0  0  0  0  0  0  0  0 76 46 44142 25 12 15 37 21  5 10 21  4  3  3  5 41 39 33116  3  3  0 2901601216730120161458                
0521120112  0  1  1  3  0  0  0  0  0  0  0  0  0  1  1  3  0  0  0  0  0  0  0  0  0  0  0  0  0  0  0  1  0  1  1  1  0  1  1  1  0  0  0  0  0  0  0  2  0  1  0  0  0  0  1  2  0  0  0  1  0  0  1  0  0  0  0  1 21 18 13159 12  9  8 75  0  1  1  2  0  1  1  4 19 16 29230  0  1  1  300401714900080121534                
0521120113  0  0  0  7  0  0  0  0  0  0  0  0  0  0  0  3  0  0  0  0  0  0  0  0  0  0  0  0  0  0  0  1  0  0  0  0  0  0  0  2  0  0  0  1  0  0  0  0  0  0  0  2  0  0  0  4  0  0  0  1  0  0  0  0  0  0  0  4  0  0  2 24  0  0  1 11  0  0  0  7  0  0  0  0  0  2  0 17  1  0  1 1500001718000020141647                
0521120114  0  0  0  3  0  0  0  0  0  0  0  0  0  0  0  2  0  0  0  0  0  0  0  0  0  0  0  0  0  0  0  2  0  0  0  2  0  0  0  2  0  0  0  0  0  0  0  0  0  0  0  1  0  0  0  2  0  0  0  0  0  0  0  0  0  0  0  1  8  9  9200  5  4  5119  6  9  8122  0  0  0  6  6 16 14243  3  8  6 8801401416340160161706                
0521120115  0  0  0  4  0  0  0  0  0  0  0  0  0  0  0  3  0  0  0  1  0  0  0  1  0  0  0  1  0  0  0  1  0  0  0  0  0  0  0  3  0  0  0  0  0  0  0  0  0  0  0  0  0  0  0  3  0  0  0  1  0  0  0  0  0  0  0  2 13 16  8282  1  1  0 14  0  0  0  5  0  0  0  2 11 15 12184  1  9  7 8500900616330090061606                
0521120116  0  0  0  2  0  0  0  0  0  0  0  0  0  0  0  1  0  0  0  0  0  0  0  0  0  0  0  0  0  0  0  0  0  0  0  0  0  0  0  0  0  0  0  1  0  0  0  0  0  0  0  0  0  0  0  2  0  0  0  0  0  0  0  0  0  0  0  1  4  1  3 71  0  0  1 20  1  0  0  9  0  1  3 19  8  6  4104  0  1  1 7901101115970170141754                
0521120201  0  0  0  5  0  0  0  0  0  0  0  0  0  0  0  0  0  0  0  0  0  0  0  0  0  0  0  0  0  0  0  0  0  0  0  0  0  0  0  0  0  0  0  0  0  0  0  0  0  0  0  2  0  0  0  2  0  0  0  1  0  0  0  1  0  0  0  1  1  1  0 19  1  1  0 19  1  1  4 47  0  0  0  1  6 10  6138  0  0  0  501701916510250151725                
0521120202  0  0  0  2  0  0  0  0  0  0  0  0  0  0  0  2  0  0  0  0  0  0  0  0  0  0  0  0  0  0  0  0  0  0  0  0  0  0  0  1  0  0  0  1  0  0  0  0  0  0  0  0  0  0  0  1  0  0  0  1  0  0  0  1  0  0  0  1  1  2  0 31  1  2  0 31  0  0  1 55  0  1  1 37  5  5  6171 21 28 2832700801215310110081497                
0521120203  0  0  0  2  0  0  0  0  0  0  0  0  0  0  0  2  0  0  0  0  0  0  0  0  0  0  0  0  0  0  0  1  0  0  0  1  0  0  0  2  0  0  0  0  0  0  0  0  0  0  0  0  0  0  0  2  0  0  0  0  0  0  0  1  0  0  0  0  7  5  6 45  7  5  6 45 24 21 14132 12 13 14 94 25 25 24224  8  5  8 5601201715940250151725                
0521120204  0  0  0  1  0  0  0  0  0  0  0  0  0  0  0  1  0  0  0  0  0  0  0  0  0  0  0  0  0  0  0  0  0  0  0  0  0  0  0  1  0  0  0  0  0  0  0  0  0  0  0  1  0  0  0  0  0  0  0  0  0  0  0  0  0  0  0  0  1  0  1 48  1  0  1 48  2  2  4 47  0  0  1 14  6 16 14243  7 11  811800002614880130031733                
0521120205  0  0  0  1  0  0  0  0  0  0  0  0  0  0  0  1  0  0  0  0  0  0  0  0  0  0  0  0  0  0  0  0  0  0  0  0  0  0  0  1  0  0  0  0  0  0  0  0  0  0  0  1  0  0  0  0  0  0  0  0  0  0  0  0  0  0  0  0  7  3  6 70  7  3  6 70  0  0  2 20  0  0  0  0 30 39 40385  3  2  0 1301901416920120131695                
0521120206  0  0  0  2  0  0  0  0  0  0  0  0  0  0  0  2  0  0  0  0  0  0  0  0  0  0  0  0  0  0  0  1  0  0  0  0  0  0  0  1  0  0  0  0  0  0  0  1  0  0  0  0  0  0  0  2  0  0  0  0  0  0  0  1  0  0  0  1  0  0  0  2  0  0  0  2  0  0  0  0  0  0  0  0  0  2  0 17  0  0  0  20060111615000000                    
0521120207  0  0  0  4  0  0  0  0  0  0  0  0  0  0  0  4  0  0  0  0  0  0  0  0  0  0  0  0  0  0  0  3  0  0  0  0  0  0  0  4  0  0  0  0  0  0  0  0  0  0  0  1  0  0  0  2  0  0  0  1  0  0  0  1  0  0  0  1  1  1  2 40  1  1  2 40  1  5  1 53  5  5  3 87  8  8 10324  6  1  6 6800300916370100101661                
0521120208  0  2  1  1  0  0  0  0  0  0  0  0  0  0  0  0  0  0  0  0  0  0  0  0  0  0  0  0  0  0  0  0  0  1  1  0  0  0  0  0  0  0  0  0  0  0  0  0  0  1  0  0  0  0  0  1  0  1  1  0  0  0  0  0  0  1  1  0  0  0  1 19  0  0  1 19  1  2  6 21  3  4  5 16 25 14 20191  0  2  2 100130181408000000                    
0521120209  0  0  1  0  0  0  0  0  0  0  0  0  0  0  1  0  0  0  0  0  0  0  0  0  0  0  0  0  0  0  0  0  0  0  1  0  0  0  1  0  0  0  0  0  0  0  0  0  0  0  1  0  0  0  0  0  0  0  0  0  0  0  1  0  0  0  1  0  5  8  6 42  5  8  6 42  4  4  3 30  1  0  6 13 18 22 32286  0  1  1 1300900616330130081658                
0521120210  0  0  0  1  0  0  0  0  0  0  0  0  0  0  0  1  0  0  0  0  0  0  0  0  0  0  0  0  0  0  0  0  0  0  0  0  0  0  0  1  0  0  0  0  0  0  0  0  0  0  0  1  0  0  0  0  0  0  0  0  0  0  0  1  0  0  0  0  2  4  0 40  2  4  0 40 43 35 37390  2  1  5 25  4 13 12219 20 18 2525800700612000150012300                
0521120211  0  0  1  1  0  0  0  0  0  0  0  0  0  0  0  1  0  0  0  0  0  0  0  0  0  0  0  1  0  0  0  0  0  0  0  0  0  0  0  1  0  0  0  0  0  0  0  0  0  0  1  0  0  0  0  1  0  0  0  0  0  0  0  1  0  0  1  0  5  9  3 51  5  9  3 51  8  9 10 55  1  1  1  3 29 28 19216  2  4  3 2602701412880140121475                
0521120212  0  0  0  1  0  0  0  0  0  0  0  0  0  0  0  0  0  0  0  0  0  0  0  0  0  0  0  0  0  0  0  0  0  0  0  1  0  0  0  0  0  0  0  0  0  0  0  0  0  0  0  1  0  0  0  0  0  0  0  0  0  0  0  1  0  0  0  0  0  1  2 28  0  1  2 28  2  4  4 33  0  1  1  7 30 24 30281  7 12 1110301101115970180161698                
0521120213  0  0  0  2  0  0  0  0  0  0  0  0  0  0  0  1  0  0  0  0  0  0  0  0  0  0  0  0  0  0  0  0  0  0  0  0  0  0  0  1  0  0  0  0  0  0  0  0  0  0  0  0  0  0  0  1  0  0  0  1  0  0  0  1  0  0  0  0  1  0  1  7  1  0  1  7  0  0  0  4  0  0  0  0  0  1  4 49  0  0  0 12000000    0050121422                
0521120214  0  0  0  3  0  0  0  0  0  0  0  0  0  0  0  3  0  0  0  0  0  0  0  0  0  0  0  1  0  0  0  2  0  0  0  0  0  0  0  2  0  0  0  1  0  0  0  0  0  0  0  1  0  0  0  1  0  0  0  1  0  0  0  1  0  0  0  1 15  9  6 17 15  9  6 17 32 20 13 52  9 10  1 19 41 39 33116 14 10  3 350190191709000000                    
0521120215  0  0  0  1  0  0  0  0  0  0  0  0  0  0  0  1  0  0  0  0  0  0  0  0  0  0  0  0  0  0  0  0  0  0  0  1  0  0  0  1  0  0  0  0  0  0  0  0  0  0  0  1  0  0  0  0  0  0  0  0  0  0  0  1  0  0  0  0  1  0  1  3  1  0  1  3  0  0  0  5  0  0  0  4 11 15 12184  7  9  316400001615680110081497                
0521120216  0  0  0  2  0  0  0  0  0  0  0  0  0  0  0  2  0  0  0  0  0  0  0  0  0  0  0  0  0  0  0  1  0  0  0  0  0  0  0  2  0  0  0  0  0  0  0  0  0  0  0  0  0  0  0  1  0  0  0  1  0  0  0  0  0  0  0  0  2  7  5 44  2  7  5 44  0  6  1 17  0  0  1  6 18 18 17207  4  8  9 3400501616660110141618                
0521120301  0  1  1  2  0  0  0  0  0  0  0  0  0  1  1  2  0  0  0  0  0  0  0  0  0  0  1  0  0  1  1  1  0  0  0  0  0  0  0  1  0  0  0  0  0  1  1  1  0  1  0  0  0  0  0  1  0  0  1  1  0  0  0  0  0  0  1  2  0  0  0 28  0  0  0 13  0  1  0  1  0  0  0  2  0  2  0 17  3  2  2 3600701514690120161316                
0521120302  0  0  1  1  0  0  0  0  0  0  0  0  0  0  0  0  0  0  0  0  0  0  0  0  0  0  0  0  0  0  0  0  0  0  1  0  0  0  0  0  0  0  0  0  0  0  0  0  0  0  1  0  0  0  0  0  0  0  0  1  0  0  0  0  0  0  0  1 11  6 12150  2  2  3 47  3  1  2 13  1  1  3 22 25 14 20191  1  3  2 2801400816100120131695                
0521120303  0  0  0  5  0  0  0  0  0  0  0  0  0  0  0  1  0  0  0  0  0  0  0  0  0  0  0  0  0  0  0  0  0  0  0  0  0  0  0  1  0  0  0  0  0  0  0  0  0  0  0  2  0  0  0  3  0  0  0  0  0  0  0  1  0  0  0  1  7  6  7141  1  0  1 15  0  0  0  1  5  3  6 64 11 15 12184  4  3  2 6201400816100140091700                
0521120304  0  0  0  1  0  0  0  0  0  0  0  0  0  0  0  1  0  0  0  1  0  0  0  1  0  0  0  0  0  0  0  1  0  0  0  1  0  0  0  1  0  0  0  0  0  0  0  0  0  0  0  0  0  0  0  0  0  0  0  1  0  0  0  0  0  0  0  1  1  2  3117  1  2  2 54  1  0  0 13  0  0  0  7  3  6  9142 16  9  7 6501400915200320161357                
0521120305  0  0  0  2  0  0  0  0  0  0  0  0  0  0  0  0  0  0  0  0  0  0  0  0  0  0  0  0  0  0  0  0  0  0  0  0  0  0  0  0  0  0  0  0  0  0  0  0  0  0  0  0  0  0  0  1  0  0  0  1  0  0  0  1  0  0  0  1  6 10 21260  1  4  7109  5  3  4 32  0  0  0  0 24 25 40399  0  0  0  301101413840160161706                
0521120306  0  0  0  3  0  0  0  0  0  0  0  0  0  0  0  0  0  0  0  0  0  0  0  0  0  0  0  0  0  0  0  0  0  0  0  3  0  0  0  0  0  0  0  0  0  0  0  0  0  0  0  2  0  0  0  1  0  0  0  0  0  0  0  0  0  0  0  0 20 43 28369 10 23 10166  0  0  0 15  0  0  0  3 30 39 40385  0  0  0  301501015000180151499                
0521120307  0  0  0  2  0  0  0  0  0  0  0  0  0  0  0  2  0  0  0  0  0  0  0  0  0  0  0  0  0  0  0  0  0  0  0  1  0  0  0  1  0  0  0  1  0  0  0  0  0  0  0  1  0  0  0  1  0  0  0  0  0  0  0  1  0  0  0  2  0  2  4 47  0  0  1 17  0  0  0 18  0  0  1  7  0  1  4 49  0  0  0 1701301413300180161698                
0521120308  0  0  0  1  0  0  0  0  0  0  0  0  0  0  0  1  0  0  0  0  0  0  0  0  0  0  0  0  0  0  0  0  0  0  0  0  0  0  0  1  0  0  0  0  0  0  0  0  0  0  0  0  0  0  0  1  0  0  0  0  0  0  0  0  0  0  0  0  7 13 16296  2  7 10145  0  1  2 15  0  0  0  0  8  8 10324  1  0  0  700401714900120131695                
0521120309  0  0  0  2  0  0  0  0  0  0  0  0  0  0  0  1  0  0  0  0  0  0  0  0  0  0  0  0  0  0  0  0  0  0  0  0  0  0  0  0  0  0  0  1  0  0  0  0  0  0  0  0  0  0  0  1  0  0  0  1  0  0  0  0  0  0  0  0 22 30 25245  5  8 12 81 19 16 22194  0  0  2 10 30 24 30281  1  0  0  801101416430220111457                
0521120310  0  0  0  3  0  0  0  0  0  0  0  0  0  0  0  2  0  0  0  2  0  0  0  2  0  0  0  1  0  0  0  2  0  0  0  1  0  0  0  1  0  0  0  0  0  0  0  1  0  0  0  0  0  0  0  2  0  0  0  1  0  0  0  0  0  0  0  0 62 64 49255 30 25 20101 32 24 14 80 13  8 14 50 51 35 30156 99 71 7250100902114430120131695                
0521120311  0  0  0  5  0  0  0  0  0  0  0  0  0  0  0  4  0  0  0  1  0  0  0  1  0  0  0  1  0  0  0  1  0  0  0  0  0  0  0  3  0  0  0  1  0  0  0  0  0  0  0  3  0  0  0  1  0  0  0  1  0  0  0  1  0  0  0  1  3  3  8105  1  0  1 31  3  6  8 89  3  4  5 55  9 11  8176  4  5  7 6600301717580140121475                
0521120312  0  0  0  1  0  0  0  0  0  0  0  0  0  0  0  0  0  0  0  0  0  0  0  0  0  0  0  0  0  0  0  0  0  0  0  0  0  0  0  0  0  0  0  0  0  0  0  0  0  0  0  1  0  0  0  0  0  0  0  0  0  0  0  1  0  0  0  0 44 47 40339 20 20 16132  2  2  0 16  0  1  1  5 29 28 19216  0  0  0  40180161698000000                    
0521120313  0  0  0  1  0  0  0  0  0  0  0  0  0  0  0  1  0  0  0  0  0  0  0  0  0  0  0  0  0  0  0  0  0  0  0  1  0  0  0  1  0  0  0  0  0  0  0  0  0  0  0  1  0  0  0  0  0  0  0  0  0  0  0  1  0  0  0  0  1  0  1 81  0  0  0 23  0  0  0  6  0  0  0  1  8  6  4104  0  0  0  300900616330120091379                
0521120314  0  1  0  4  0  0  0  0  0  0  0  0  0  0  0  1  0  0  0  0  0  0  0  0  0  0  0  1  0  0  0  0  0  1  0  2  0  0  0  1  0  0  0  0  0  0  0  0  0  1  0  1  0  0  0  3  0  0  0  0  0  0  0  1  0  0  0  3  8  6 10170  5  0  2 61  8  6  7 64  0  1  0  9  6 10  6138  1  1  1 2601401312940090101655                
0521120315  0  0  0  5  0  0  0  0  0  0  0  0  0  0  0  3  0  0  0  0  0  0  0  0  0  0  0  0  0  0  0  0  0  0  0  1  0  0  0  1  0  0  0  1  0  0  0  1  0  0  0  1  0  0  0  3  0  0  0  1  0  0  0  1  0  0  0  1  5  7  7209  3  3  6102  2  0  1 91  0  0  0  5  5  5  6171  0  0  0 3300901113100140101526                
0521120316  0  0  1  3  0  0  0  0  0  0  0  0  0  0  1  0  0  0  1  0  0  0  1  0  0  0  0  0  0  0  1  0  0  0  1  2  0  0  1  0  0  0  0  0  0  0  0  0  0  0  0  2  0  0  1  1  0  0  0  0  0  0  0  0  0  0  0  1  2  1  4 37  2  1  2 13  0  0  1  7  4  7  9158  3  2  9 77  0  0  3 3600801314770060071200                
0521120401  1  1  1  4  0  0  0  0  0  0  0  0  1  1  1  4  1  1  1  1  1  1  1  1  0  0  1  1  1  1  1  1  0  0  0  0  0  1  0  2  1  0  1  1  0  0  0  1  0  0  0  1  0  0  0  2  1  1  1  1  0  0  0  1  0  0  1  1 22 23 36310 10 11 17149  3  2  2 17  3  3  4 43 11 22 15213 11  5  9 770090211443000000                    
0521120402  1  1  0 10  0  0  0  0  0  0  0  0  1  1  0  6  1  1  0  2  1  1  0  2  0  1  0  2  1  1  0  4  0  0  0  1  1  1  0  6  0  0  0  0  0  0  0  0  0  0  0  2  0  0  0  3  1  1  0  5  0  1  0  3  0  0  0  6  9  4 10 93  5  4  5 35  0  0  1 11  1  2  1 11  9  8  9123  1  1  0 1501301814080100041566                
0521120403  1  1  0 13  0  0  0  0  0  0  0  0  0  0  0  4  0  0  0  0  0  0  0  0  0  0  0  1  0  0  0  1  1  0  0  1  0  0  0  3  0  0  0  1  0  0  0  0  0  1  0  1  0  0  0  6  1  0  0  6  0  0  0  5  0  0  0  3  7 13 16296  2  7 10145  4  1  0 29  2  0  0  8  8  8 10324  2  6  0 5901000813140070221485                
0521120404  1  5  2  6  0  0  0  0  0  0  0  0  1  5  2  6  0  0  0  0  0  0  0  0  0  2  0  0  0  2  0  1  0  3  1  4  0  4  1  2  0  0  1  4  1  1  0  0  1  1  0  0  0  2  1  3  0  2  1  3  0  2  1  2  1  2  1  2 11 17 27317  4  7  8120  9  9 12118 16 11 84213 18 21 27333 55 51 6445601301114600030171256                
0521120405  0  0  1  5  0  0  0  0  8  0  0  1  0  0  1  3  0  0  0  0  0  0  0  0  0  0  1  0  0  0  1  1  0  0  0  1  0  0  1  3  0  0  0  0  0  0  0  0  0  0  0  2  0  0  1  1  0  0  0  2  0  0  0  2  0  0  1  1 22 30 25245  5  8 12 81  3  1  4 34  0  0  0  6 30 24 30281  0  0  1  301400917000040091351                
0521120406  1  2  0  1  0  0  0  0  0  0  0  0  1  1  0  0  0  1  0  0  0  1  0  0  1  1  0  0  1  1  0  0  0  0  0  0  1  1  0  0  0  0  0  0  0  0  0  0  0  0  0  0  1  1  0  1  0  1  0  0  0  0  0  0  0  2  0  0 44 47 40339 20 20 16132  2  2  4 19  0  0  0  5 29 28 19216  1  2  0 1602002016910190191709                
0521120407  1  5  2 15  0  0  0  0  0  0  0  0  1  5  2 15  0  0  0  1  0  0  0  1  0  2  0  2  1  1  1  9  0  0  0  1  1  1  1 10  0  2  0  3  0  2  1  2  0  2  0  6  0  3  1  7  1  0  1  2  0  1  1  5  1  3  0  5  6 10 21260  1  4  7109  0  0  1 35  1  0  0  3 24 25 40399  3  7  8 4700901715470120131695                
0521120408  1  0  2 18  0  0  0  0  0  0  0  0  0  0  1  4  0  0  0  0  0  0  0  0  0  0  1  3  0  0  0  0  0  0  1  3  0  0  1  2  0  0  0  2  0  0  0  0  0  0  0  6  1  0  0  5  0  0  2  7  0  0  1  5  1  0  0  5  1  0  1 81  0  0  0 23  1  0  4 35 15 12 21423  8  6  4104  5  2  61060130141330000000                    
0521120409  1  0  1  8  0  0  0  0  0  0  0  0  1  0  1  6  0  0  0  1  0  0  0  1  0  0  0  2  0  0  0  1  0  0  0  0  1  0  1  4  0  0  0  1  0  0  0  1  0  0  1  3  1  0  0  2  0  0  0  3  1  0  1  2  0  0  1  3  7  6  7141  1  0  1 15  0  0  0  5  0  0  0  0 11 15 12184  0  1  1 1501401416340180161698                
0521120410  1  1  0  0  0  0  0  0  0  0  0  0  1  1  0  0  1  0  0  0  1  0  0  0  0  1  0  0  1  0  0  0  0  1  0  0  0  0  0  0  1  1  0  0  0  0  0  0  1  0  0  0  0  1  0  0  0  0  0  0  0  0  0  0  0  1  0  0 11 66 54419 36 25 14 66 13 59 15520 84 55 30120 41 39 33116 15 12  3 2100901715470000191604                
0521120411  0  0  0  3  0  0  0  2  4  1  0  0  0  0  0  2  0  0  0  0  0  0  0  0  0  0  0  1  0  0  0  0  0  0  0  0  0  0  0  1  0  0  0  0  0  0  0  1  0  0  0  1  0  0  0  1  0  0  0  1  0  0  0  0  0  0  0  1  8  6 10170  5  0  2 61  5  4  2 21  0  0  0  1  6 10  6138  0  0  2 2001701916510500291258                
0521120412  1  0  1  6  0  0  0  0  0  0  0  0  1  0  1  6  0  0  0  1  0  0  0  1  0  0  0  2  0  0  1  2  0  0  0  0  0  0  0  4  0  0  0  2  1  0  1  0  1  0  0  2  0  0  0  3  0  0  1  1  0  0  0  2  0  0  0  3  0  2  4 47  0  0  1 17  0  0  0  3  0  3  1  5  0  1  4 49  9  7 11 9800702015830030011700                
0521120413  1  3  3 11  0  0  0  0  0  0  0  0  1  3  3 11  1  3  3  4  1  3  3  4  0  0  0  1  1  3  3  7  0  0  0  0  0  3  1  8  0  0  0  0  1  0  2  3  0  1  0  3  0  2  1  3  1  0  2  5  0  0  0  2  0  1  1  3 52 51 36326 21 20 14139 16 13  9 62  5  3  3 46 25 25 24224 13 16 1311000801314770080201700                
0521120414  1  5  0 22  0  0  0  0  0  0  0  0  1  3  0  9  0  0  0  2  0  0  0  2  0  0  0  1  0  1  0  4  0  0  0  1  1  3  0  6  0  0  0  2  0  0  0  1  1  2  0 13  0  3  0  7  0  0  0  2  0  2  0  6  0  1  0  5  0  0  0 28  0  0  0 13  0  0  0  7  0  0  0  1  0  2  0 17  1  5  0 2401501017060090161634                
0521120415  0  0  0  6  0  0  0  0  2  2  0  1  0  0  0  0  0  0  0  0  0  0  0  0  0  0  0  2  0  0  0  0  0  0  0  0  0  0  0  0  0  0  0  0  0  0  0  0  0  0  0  0  0  0  0  4  0  0  0  2  0  0  0  2  0  0  0  2  4 17 17292  2  6  8124  8  4 13306  2  2  2 26  6 16 14243  4  6  3 510140101526000000                    
0521120416  0  0  0  0  0  0  0  0  4  1  0  1  0  0  0  0  0  0  0  0  0  0  0  0  0  0  0  0  0  0  0  0  0  0  0  0  0  0  0  0  0  0  0  0  0  0  0  0  0  0  0  0  0  0  0  0  0  0  0  0  0  0  0  0  0  0  0  0 62 64 49255 30 25 20101 23 24 13 75  4  5  0 15 51 35 30156  8 10  5 4002201914140130181371                
0521120501  0  0  0  2  0  0  0  0  0  0  0  0  0  0  0  2  0  0  0  1  0  0  0  0  0  0  0  0  0  0  0  1  0  0  0  2  0  0  0  2  0  0  0  0  0  0  0  0  0  0  0  1  0  0  0  1  0  0  0  0  0  0  0  0  0  0  0  1 11  6 12150  4  1  2 25  9  7  7 42  6  7  6 45 25 14 20191 66 52 4927801801514930170291854                
0521120502  0  0  0  2  0  0  0  0  0  0  0  0  0  0  0  2  0  0  0  1  0  0  0  1  0  0  0  0  0  0  0  2  0  0  0  0  0  0  0  2  0  0  0  0  0  0  0  0  0  0  0  0  0  0  0  0  0  0  0  2  0  0  0  0  0  0  0  1 22 30 25245  3  4  5 52  3  0  2 16  6  5  4 45 30 24 30281  1  0  1  302701416840110121802                
0521120503  0  1  1  1  0  0  0  0  0  0  0  0  0  1  1  1  0  1  1  0  0  0  0  0  0  1  0  0  0  0  0  0  0  1  1  1  0  1  1  0  0  0  0  1  0  0  0  0  0  0  1  1  0  1  0  0  0  0  0  0  0  1  0  0  0  1  0  1 16 10  8223  3  1  1 55  1  2  4 22  2  3  2 30  4 13 12219  1  2  4 2301501616960130081807                
0521120504  0  0  0  1  0  0  0  0  0  0  0  0  0  0  0  1  0  0  0  0  0  0  0  0  0  0  0  0  0  0  0  1  0  0  0  0  0  0  0  1  0  0  0  0  0  0  0  0  0  0  0  1  0  0  0  0  0  0  0  0  0  0  0  0  0  0  0  0 19 29 31317  5  7  7 82 15 23 20205 29 18 12117 18 18 17207 21 19 10 9201801618760300001200                
0521120505  0  1  0  3  0  0  0  0  0  0  0  0  0  1  0  2  0  1  0  0  0  0  0  0  0  0  0  0  0  1  0  1  0  0  0  0  0  1  0  2  0  0  0  0  0  0  0  0  0  0  0  0  0  1  0  1  0  0  0  2  0  0  0  0  0  0  0  2  8  6 10170  0  1  4 47  0  0  1  4  0  0  0  1  6 10  6138  0  1  0  300601317160380001400                
0521120506  0  0  1  1  0  0  0  0  0  0  0  0  0  0  1  1  0  0  0  1  0  0  0  0  0  0  0  0  0  0  0  1  0  0  0  0  0  0  1  0  0  0  0  1  0  0  0  0  0  0  1  0  0  0  0  1  0  0  0  0  0  0  0  0  0  0  0  1 44 47 40339  5 10 10 81  2  2  0 16  4  2  1 14 29 28 19216  5  5  2 5101801618760170161550                
0521120507  0  0  1  1  0  0  0  0  0  0  0  0  0  0  1  1  0  0  0  0  0  0  0  0  0  0  0  0  0  0  0  0  0  0  0  0  0  0  1  0  0  0  0  1  0  0  0  0  0  0  1  1  0  0  0  0  0  0  0  0  0  0  0  0  0  0  0  0 52 51 36326 13 18 10 83 17 13 19147  0  0  0  1 25 25 24224  2  0  1 1001601318780100091600                
0521120508  0  0  0  1  0  0  0  0  0  0  0  0  0  0  0  1  0  0  0  1  0  0  0  0  0  0  0  0  0  0  0  0  0  0  0  1  0  0  0  1  0  0  0  0  0  0  0  0  0  0  0  1  0  0  0  0  0  0  0  0  0  0  0  1  0  0  0  1 22 23 36310  9  6  9 77 14 16 21230  2  2  0 15 11 22 15213  5  2  2 2702701416840120171569                
0521120509  0  0  0  2  0  0  0  0  0  0  0  0  0  0  0  2  0  0  0  1  0  0  0  1  0  0  0  0  0  0  0  1  0  0  0  1  0  0  0  2  0  0  0  0  0  0  0  0  0  0  0  0  0  0  0  1  0  0  0  1  0  0  0  0  0  0  0  1 31 32 38348  7  7  5 87  1  2  2 22 21 14 15 77 18 22 32286  5  5 10 250170141731000012                    
0521120510  0  2  1  0  0  0  0  0  0  0  0  0  0  2  1  0  0  0  1  0  0  0  1  0  0  0  1  0  0  0  1  0  0  2  1  0  0  2  0  0  0  0  1  0  0  0  0  0  0  1  0  0  0  0  0  0  0  1  1  0  0  0  0  0  0  0  0  0 11 66 54419 32 18 16 51 13 59 15520 10 86 45620 41 39 33116 64 39 3117702501518250090071468                
0521120511  0  0  0  1  0  0  0  0  0  0  0  0  0  0  0  1  0  0  0  0  0  0  0  0  0  0  0  0  0  0  0  1  0  0  0  0  0  0  0  1  0  0  0  0  0  0  0  0  0  0  0  1  0  0  0  0  0  0  0  0  0  0  0  0  0  0  0  0 10 11 14183  0  0  3 40  3  3  3 25  6  3  6 62 13  6 10157  2  3  4 6301601017170190191835                
0521120512  0  0  0  3  0  0  0  0  0  0  0  0  0  0  0  2  0  0  0  0  0  0  0  0  0  0  0  0  0  0  0  2  0  0  0  0  0  0  0  1  0  0  0  1  0  0  0  0  0  0  0  1  0  0  0  1  0  0  0  1  0  0  0  0  0  0  0  1  0  0  0 28  0  0  0  7  0  0  0  7  0  0  0  0  0  2  0 17 54 48 6362902203116520160161786                
0521120513  0  0  0  1  0  0  0  0  0  0  0  0  0  0  0  1  0  0  0  0  0  0  0  0  0  0  0  0  0  0  0  1  0  0  0  0  0  0  0  1  0  0  0  0  0  0  0  0  0  0  0  1  0  0  0  0  0  0  0  0  0  0  0  0  0  0  0  0  0  2  4 47  0  2  1  9  0  0  0  4  0  0  0  0  0  1  4 49  0  0  0  101301513420090071468                
0521120514  0  0  0  1  0  0  0  0  0  0  0  0  0  0  0  1  0  0  0  1  0  0  0  0  0  0  0  0  0  0  0  0  0  0  0  0  0  0  0  1  0  0  0  0  0  0  0  0  0  0  0  1  0  0  0  0  0  0  0  0  0  0  0  1  0  0  0  0 62 64 49255 17 16 10 66 16 12  9 47  0  0  0  1 51 35 30156  1  0  1 3100900618620190191835                
0521120515  0  0  0  4  0  0  0  0  0  0  0  0  0  0  0  0  0  0  0  0  0  0  0  0  0  0  0  0  0  0  0  0  0  0  0  0  0  0  0  0  0  0  0  0  0  0  0  0  0  0  0  1  0  0  0  1  0  0  0  2  0  0  0  0  0  0  0  2  1  0  1 81  0  0  0 11  1  1  2 24  0  0  0  0  8  6  4104  5  8  716901101417960080171356                
0521120516  0  0  0  2  0  0  0  0  0  0  0  0  0  0  0  2  0  0  0  0  0  0  0  0  0  0  0  0  0  0  0  2  0  0  0  0  0  0  0  1  0  0  0  1  0  0  0  0  0  0  0  1  0  0  0  1  0  0  0  0  0  0  0  0  0  0  0  0 67 43 34131  4  5  4 17  4  2  2 10 88 72 56285 21 24 24 97 32 34 231200250151825000025                    
0521120601                                                                                                                                                                                                              9 14 16133  2  5  4 24  0  0  0  7  0  1  0  4  9  8  9123 33 37 4130600900613110250151825                
0521120602                                                                                                                                                                                                              9 17 16301  2  2  1 46  3  2  0 81  0  0  0  2  6 16 14243 25 31 3845801101417960100091600                
0521120603                                                                                                                                                                                                              8 14  7215  0  4  2 24  4  1  6 22  0  0  0  2 13  6 10157  0  0  0  002701416840140091749                
0521120604                                                                                                                                                                                                             71 61 44237  7  4  4 21 20 16 12 65 27 31 19121 16 22 16 96  4  5  2 270250151825000000                    
0521120605                                                                                                                                                                                                             19 20 34348  3  6  3 65 14 16 18131  0  0  1  0 11 22 15213  0  5  0  700301715330250151825                
0521120606                                                                                                                                                                                                             40 36 38328  8  4  9 59  0  1  1 37  5  8  5 32 18 18 17207 13 16 1910002701416840140091749                
0521120607                                                                                                                                                                                                              0  1  5 47  0  0  0  0  0  2  2 23  0  0  0  0  0  2  0 17  0  0  3 2301101416690120141494                
0521120608                                                                                                                                                                                                             16 40 36417  2  5  5 84  8 15  7184  0  0  0  2 18 21 27333  0  0  0  602203116520130081807                
0521120609                                                                                                                                                                                                             54 76 55366  1 13 11 64 23 22 15122  4  2  1 14 29 28 19216  0  0  0  10160131878000000                    
0521120610                                                                                                                                                                                                              8  6  9146  0  1  0 20  7  1  5153  0  0  0  1  4  4  8114  0  0  0  10220101786000000                    
0521120611                                                                                                                                                                                                              8 10  7221  0  0  1 39  0  0  1 55  0  0  0  2  5  5  6171  1  0  0 180130081807000000                    
0521120612                                                                                                                                                                                                             32 44 33288  2  1  2 19  1  1  1 15  1  2  0 13 25 14 20191  2  3  2  602201915330100071825                
0521120613                                                                                                                                                                                                             44 57 55341  4 10  5 71  4  4  5 38  1  0  0  2 25 25 24224 17 20 152740250151825000000                    
0521120614                                                                                                                                                                                                             18 17 17251  3  1  4 39  3  4  2 30  2  3  2 30  4 13 12219  8 11 11 790150161696000009                    
0521120615                                                                                                                                                                                                              1  1  1 72  0  0  0  8  0  0  0 12  0  0  0  0  0  1  4 49  0  0  0  002203116520120171569                
0521120616                                                                                                                                                                                                             12 91  5532 25 16 10 38 23 10 16 45 13 26 75521 41 39 33116 60 48 472290250151825000000                    
0521120701  1  1  1  8  0  0  0  0  0  0  0  0  1  1  1  7  1  0  0  2  1  0  0  2  0  0  0  1  1  0  0  4  0  0  0  0  1  1  0  5  0  0  1  1  0  0  0  1  0  1  0  2  1  0  0  3  0  0  1  3  1  1  1  0  0  0  0  2  7  3  6 70  7  3  6 70  6  4  7 43  2  9  4 45 30 39 40385  4  4  6 4701401416340120131695                
0521120702  1  0  1  2  0  0  0  0  0  0  0  0  0  0  0  0  0  0  0  0  0  0  0  0  0  0  0  0  0  0  0  0  0  0  0  1  0  0  0  0  0  0  0  0  0  0  0  0  1  0  1  2  0  0  0  0  0  0  0  0  1  0  1  1  1  0  0  1  2  4  0 40  2  4  0 40 43 35 37390 12  6  7 85  4 13 12219 21 25 1215402201016840170141754                
0521120703  1  0  1 13  0  0  0  0  0  0  0  0  1  0  1 13  0  0  0  1  0  0  0  1  1  0  1  1  1  0  0  3  1  0  1  3  0  0  1 10  1  0  0  1  0  0  0  2  0  0  0  7  1  0  1  3  0  0  0  3  0  0  0  7  0  0  0  6  2  2  1 40  2  2  1 40  3  1  5 57  1  1  2 35 18 21 27333  1  0  1 3401101516280190191709                
0521120704  1  6  0  5  0  0  0  0  0  0  0  0  1  6  0  4  0  0  0  0  0  0  0  0  0  2  0  0  1  1  0  3  0  2  0  0  1  5  0  3  0  0  0  0  0  1  0  1  1  3  0  2  0  2  0  2  0  1  0  1  0  1  0  3  0  3  0  2  0  0  1 19  0  0  1 19  1  3  0  5  2  4  2 19 25 14 20191 20 31 2717401601216730320231415                
0521120705  1  2  1 10  0  0  0  0  0  0  0  0  1  2  1 10  0  0  0  0  0  0  0  0  0  0  0  1  0  0  0  3  0  0  0  0  1  2  1 10  0  0  0  0  0  0  0  0  0  1  0  2  1  0  1  3  0  1  0  5  0  0  0  3  0  2  1  4  1  0  1 48  1  0  1 48  0  0  0 13  0  0  0 19  6 16 14243  1  2  1 1600701315880090061606                
0521120706  0  0  3 32  0  0  0  0  2  1  0  0  0  0  3 30  0  0  0  1  0  0  0  1  0  0  1  9  0  0  1 15  0  0  0  6  0  0  2 20  0  0  1  4  0  0  0  6  0  0  0 10  0  0  2 13  0  0  1  9  0  0  2  7  0  0  1 11  0  0  0  7  0  0  0  7  8  6  6114  1  4  5 44  9 11  8176  4  5  712200301317100120141540                
0521120707  1  1  1  2  0  0  0  0  0  0  0  0  0  1  0  0  0  0  0  0  0  0  0  0  0  0  0  0  0  0  0  0  1  1  1  1  0  1  0  0  0  0  0  0  0  0  0  0  1  0  1  1  0  1  0  1  0  0  0  0  0  1  0  0  0  0  0  1 15  9  6 17 15  9  6 17 59 34 22 72 10 86 45620 41 39 33116 28 22 2710002501517250120131471                
0521120708  1  0  1 12  0  0  0  0  0  0  0  0  1  0  1  3  1  0  1  2  1  0  1  2  0  0  0  3  1  0  1  2  0  0  0  0  0  0  0  1  0  0  1  1  1  0  0  1  0  0  0  3  1  0  1  3  0  0  0  6  0  0  0  1  0  0  0  4  0  3  3 29  0  3  3 29  1  0  0  4  0  0  0  0 24 25 40399  1  0  1 1402002016910130121522                
0521120801  2  2  1 18  0  0  0  0  0  0  0  0  2  2  1 17  0  0  0  1  0  0  0  1  0  1  0  1  1  0  1  8  0  0  0  0  1  2  0 12  1  0  0  4  0  0  1  1  0  0  0  4  1  1  0  4  1  1  1 10  1  0  0  4  2  0  0  5 46 32 33213 25 13 14108  3  6  3 23 41 44 41254 25 25 24224 20 22 1913201201015200100071592                
0521120802  2  1  0  4  0  0  0  0  0  0  0  0  2  1  0  4  1  1  0  2  0  0  0  0  0  1  0  1  1  1  0  1  1  1  0  0  2  1  0  3  0  0  0  1  0  0  0  0  1  0  0  0  0  0  0  0  1  1  0  4  1  0  0  2  0  0  0  2  5 11  5120  0  1  0  3  8 12 14165  1  1  0  5  4  3  4102  5  9  1 2000902116390180151499                
0521120803  2  0  0  5  0  0  0  0  0  0  0  0  2  0  0  5  1  0  0  3  1  0  0  3  0  0  0  4  1  0  0  5  0  0  0  0  1  0  0  3  1  0  0  1  0  0  0  1  0  0  0  2  1  0  0  2  1  0  0  1  0  0  0  1  1  0  0  3 17 17 15223  7  9 10119  8  7 11 71  6  5  7 47 18 18 17207 16  9  7 6500901715470130181388                
0521120804  2  1  2  3  0  0  0  0  0  0  0  0  2  1  2  3  2  1  1  0  2  1  1  0  0  1  0  0  2  1  2  1  0  0  0  0  1  1  1  3  0  0  0  0  1  0  1  0  1  0  2  1  1  0  0  1  0  1  0  1  0  0  0  2  1  0  0  0 76 46 44142 25 12 15 37  9 10  7 25  1  2  0  0 41 39 33116  3  3  2 160130141330000000                    
0521120805  2  1  0 11  0  0  0  0  0  0  0  0  2  1  0 11  0  0  0  0  0  0  0  0  0  1  0  3  1  0  0  1  1  0  0  4  1  0  0  7  0  0  0  4  1  1  0  0  0  0  0  4  1  1  0  6  1  0  0  1  0  0  0  3  1  0  0  7  0  0  1 42  0  0  1 19 16 13 26183  1  0  0  4  3  2  9 77  2  1  0  700401714900180151499                
0521120806  2  2  3  7  0  0  0  0  0  0  0  0  2  2  1  5  2  1  1  2  1  1  0  1  1  0  1  0  1  1  1  3  0  0  0  0  0  1  0  2  1  0  1  2  1  1  0  1  0  0  0  2  1  0  2  2  1  2  1  3  0  0  0  1  2  1  2  3 40 31 40221 19 16 26 93  2  1  4 23  9 10 17 47 29 28 19216  9 10 14 9001102414060000571350                
0521120807  1  2  2  9  0  0  0  0  2  0  0  0  1  0  1  8  0  0  0  2  0  0  0  2  0  0  0  0  1  0  1  5  0  0  0  0  1  0  1  5  0  0  0  2  0  0  0  1  1  1  0  4  0  1  2  2  0  0  0  3  0  0  1  4  0  2  0  4  4  6  9165  1  3  3 91  1  1  3 28  0  1  0  9 13  6 10157 15 16 12 8302201914140030221348                
0521120808  2  2  2 25  1  0  0  0  0  0  0  0  2  2  2 20  0  0  1  2  0  0  1  2  0  0  0  5  0  0  2 10  0  0  0  5  1  2  2 15  1  0  0  3  0  0  0  2  0  1  0 11  1  1  1 12  1  0  1  2  1  1  1  5  1  1  0 11 17 16 20192  8  9 10 74  8  4  9 53 10 11 15165 30 24 30281  4  1  3 2401601216730090151180                
0521120809  2  4  1 15  0  0  0  0  0  0  0  0  2  4  1 14  1  3  0  5  1  1  0  5  0  0  1  5  2  3  1 12  0  0  0  0  2  3  0 11  0  0  0  1  0  1  1  2  2  1  0  3  0  1  1  5  0  2  0  7  1  1  0  3  0  2  1  4 46 32 36203  7  0  1 26  4  4  2 21  0  0  0  0 16 22 16 96  4  5  4 2401101115970140091520                
0521120810  2  1  2 16  0  0  0  0  0  0  0  0  2  1  2 15  1  1  2  7  0  0  0  1  1  0  0  1  0  0  0  2  0  0  0  0  1  0  0 10  1  1  1  5  0  0  1  0  0  0  0  6  0  1  1  8  2  0  1  2  2  1  1  1  0  1  2  4 35 46 35166 14 20 14 72  0  0  0  3  0  0  0  3 51 35 30156  5  3  9 5000501416550030011700                
0521120811  2  1  1  6  0  0  0  0  0  0  0  0  2  0  1  3  1  0  0  0  1  0  0  0  0  0  0  0  2  0  1  1  0  0  0  0  1  0  0  3  1  0  0  0  0  0  1  0  0  1  0  3  1  0  1  2  1  0  0  1  0  0  0  2  0  0  1  3 17  5 11145  6  0  3 41  9  1  0 40  1  0  0  4 25 14 20191  6 15  9 5101601015230110141618                
0521120812  1  0  4 13  1  1  0  0  0  0  0  0  1  0  4 13  1  0  0  4  1  0  0  4  0  0  0  1  1  0  1  4  0  0  0  5  1  0  2  9  0  0  0  2  0  0  2  2  0  0  2  4  1  0  1  4  0  0  1  5  0  0  2  3  1  0  1  6 13 12 10271  7  7  6158  4  3  3 41  1  0  0  9 11 22 15213  3  4  4 4500401113930090151723                
0521120813  2  2  1 10  0  0  0  0  0  0  0  0  2  2  0  8  2  2  0  4  2  2  0  2  1  1  0  0  2  2  0  4  0  1  0  1  1  2  0  4  1  0  0  1  0  0  0  3  2  2  0  1  0  0  0  4  0  0  1  5  1  0  0  1  2  0  0  2 24 27 24239 15 17 18131  1  1  0  4  0  1  0  1 30 39 40385  2  3  2 1700401714900040131652                
0521120814  2  2  2 14  0  0  0  0  0  0  0  0  2  2  2 12  1  1  1  8  1  1  1  7  0  0  0  3  2  2  1 10  0  2  2  6  2  1  2  6  0  1  0  2  0  0  0  4  0  1  1  6  2  1  1  4  0  0  0  4  0  0  1  3  1  0  0  2  4 10 18178  2  7  7100 43 35 37390  5  6  6 40  4 13 12219  9 10  9 8600601116150070071517                
0521120815  2  0  0 11  0  0  0  0  0  0  0  0  2  0  0 11  0  0  0  2  0  0  0  0  0  0  0  1  1  0  0  4  0  0  0  1  1  0  0  9  1  0  0  0  0  0  0  2  1  0  0  1  0  0  0  3  1  0  0  7  0  0  0  1  0  0  0  3 21 18 13159 12  9  8 75  0  1  0  5  0  0  0  1 19 16 29230  2  0  0 1100401714900110131353                
0521120816  2  1  0 13  0  0  0  0  0  0  0  0  2  1  0 12  0  0  0  2  0  0  0  2  1  0  0  3  0  0  0  2  2  1  0 10  2  0  0 10  0  1  0  1  0  0  0  1  1  0  0  1  1  0  0  8  0  1  0  4  1  1  0  4  0  0  0  4  5  9 12162  1  3  9 86 39 55 66564  6  6  9 58 24 25 40399 19 12 2112400201416470000141360                
0521120901  1  0  0  1  0  0  0  0  0  0  0  0  1  0  0  1  0  0  0  0  0  0  0  0  0  0  0  0  0  0  0  0  0  0  0  0  1  0  0  1  0  0  0  0  0  0  0  0  1  0  0  1  0  0  0  0  0  0  0  0  0  0  0  0  0  0  0  1 71 61 44237  7  4  4 21 24 10 12 24 15 10 14 40 16 22 16 96  1  1  1  902201915330080002600                
0521120902  1  0  1  3  0  0  0  0  0  0  0  0  1  0  1  3  0  0  0  2  0  0  0  1  1  0  0  0  1  0  0  1  1  0  1  2  0  0  0  3  1  0  1  0  0  0  0  0  0  0  1  2  0  0  0  0  1  0  0  1  0  0  0  1  0  0  1  1 40 36 38328  8  4  9 59  4  0  1 13  4  3  3 21 18 18 17207 27 32 2925001200715970220201200                
0521120903  1  0  0  0  0  0  0  0  0  0  0  0  1  0  0  0  1  0  0  0  1  0  0  0  0  0  0  0  1  0  0  0  1  0  0  0  1  0  0  0  0  0  0  0  0  0  0  0  1  0  0  0  0  0  0  0  0  0  0  0  0  0  0  0  0  0  0  0 12 91  5532 25 16 10 38  2  0  0  5 13 26 75521 41 39 33116  2  0  0  40250151825000000                    
0521120904  1  0  0  2  0  0  0  0  0  0  0  0  1  0  0  2  1  0  0  0  0  0  0  0  0  0  0  1  1  0  0  1  0  0  0  0  1  0  0  1  0  0  0  1  0  0  0  0  1  0  0  2  0  0  0  0  0  0  0  0  0  0  0  1  1  0  0  1  9 14 16133  2  5  4 24  7  4  6 45  0  0  0  0  9  8  9123  2  1  0  902701416840120131869                
0521120905  1  0  0  4  0  0  0  0  0  0  0  0  1  0  0  3  1  0  0  1  0  0  0  0  0  0  0  0  0  0  0  2  0  0  0  0  1  0  0  1  0  0  0  1  0  0  0  1  0  0  0  1  0  0  0  1  1  0  0  2  0  0  0  0  1  0  0  2 13 30 29399  0  2  2 27  1  0  0  4  8  3  7 52 24 25 40399  9  7  7 7602001015560120131800                
0521120906  1  0  1  3  0  0  0  0  0  0  0  0  1  0  1  3  0  0  0  0  0  0  0  0  1  0  0  0  0  0  0  3  0  0  0  0  0  0  1  2  0  0  0  0  1  0  0  1  1  0  1  2  0  0  0  0  0  0  0  1  0  0  0  1  1  0  0  2 32 44 33288  2  1  2 19  0  0  0  2  0  0  0  0 25 14 20191 15  9  812102203116520070071716                
0521120907  1  0  0  0  0  0  0  0  0  0  0  0  1  0  0  0  0  0  0  0  0  0  0  0  0  0  0  0  1  0  0  0  0  0  0  0  1  0  0  0  0  0  0  0  0  0  0  0  1  0  0  0  0  0  0  0  0  0  0  0  0  0  0  0  1  0  0  0 43 38 57393  7  4  6 59  6  3  9 52  0  1  1  5 18 22 32286  2  1  1 1201200715970120101439                
0521120908  1  1  1  0  0  0  0  0  0  0  0  0  1  1  1  0  1  1  0  0  1  0  0  0  0  0  0  0  1  1  0  0  1  1  1  0  1  1  1  0  0  0  0  0  0  0  0  0  0  1  1  0  1  0  0  0  0  0  0  0  0  0  0  0  1  1  0  0 75 50 46281 22 10 11 46  7  6  9 17  3  3  3  3 51 35 30156  4  3  6  301901418600160081893                
0521121001  3  3  4  4  0  0  0  0  0  0  0  0  3  3  4  4  1  1  1  0  0  0  1  0  1  1  2  1  0  0  2  1  2  0  0  0  1  3  3  2  2  0  1  0  0  0  0  2  2  2  2  2  0  1  1  0  1  0  1  2  0  0  0  1  1  1  2  2 67 43 34131  4  5  4 17 15  7  4 26  2  0  0  0 21 24 24 97  5  7  7 1501901418600110121802                
0521121002  1  2  0  7  0  0  0  0  0  0  0  0  1  2  0  7  0  1  0  4  0  0  0  1  0  1  0  1  1  1  0  2  0  0  0  0  1  2  0  5  0  0  0  1  0  0  0  1  0  1  0  3  1  1  0  2  0  0  0  2  0  1  0  1  0  0  0  1 31 32 38348  7  7  5 87  4  1  2 53  0  5  1 22 18 22 32286  7  4  6 7101801618760260311577                
0521121003  3  4  0  5  0  0  0  0  0  0  0  0  3  4  0  5  3  1  0  4  1  0  0  2  1  1  0  1  1  1  0  2  1  0  0  1  2  3  0  4  0  1  0  1  1  0  0  0  1  1  0  4  2  0  0  1  0  3  0  0  2  0  0  2  1  1  0  3 28 30 27270  8  9  7 70 48 25 22204 32 32 29227 19 16 29230 46 29 3015901601217600070151600                
0521121004  3  0  0  5  0  0  0  0  0  0  0  0  3  0  0  4  0  0  0  1  0  0  0  0  1  0  0  0  2  0  0  2  2  0  0  2  3  0  0  4  0  0  0  0  0  0  0  0  2  0  0  2  1  0  0  2  0  0  0  1  0  0  0  0  0  0  0  3 11 66 54419 32 18 16 51 13 59 15520 35 19 16 70 41 39 33116 74 53 4633602201915330110121802                
0521121005  3  1  0  4  0  0  0  0  0  0  0  0  3  1  0  4  3  1  0  2  0  0  0  0  1  0  0  0  0  0  0  2  0  0  0  0  2  0  0  4  1  1  0  0  0  0  0  0  3  0  0  2  0  1  0  1  0  0  0  1  0  0  0  1  0  0  0  1 11  6 12150  4  1  2 25  0  0  0  4  0  1  1  4 25 14 20191 53 45 4636301801514930130081807                
0521121006  3  2  1 26  0  0  0  0  0  0  0  0  3  2  1 24  3  1  1 10  0  0  1  4  0  1  0  4  1  0  1 13  0  0  0  0  3  2  1 20  0  0  0  4  0  0  0  0  2  1  0 13  0  1  1 11  1  0  0  2  1  0  0  9  0  1  0 11 52 51 36326 13 18 10 83  2  4  9 35  0  0  0  0 25 25 24224  7  5  2 5901200817760140121773                
0521121007  3  3  4 13  0  0  0  0  0  0  0  0  3  3  4 12  3  2  1  6  1  0  0  1  0  0  0  2  2  1  2  6  0  1  1  3  2  1  2  8  0  2  1  3  1  0  1  1  1  2  1  5  2  0  2  4  0  1  1  4  0  0  1  2  0  1  1  6 22 30 25245  3  4  5 52  2  4  4 34 10 16 12121 30 24 30281 13 12 141550130111545000009                    
0521121008  3  3  3  6  0  0  0  0  0  0  0  0  3  3  3  5  1  1  2  2  1  1  2  0  0  0  0  0  3  2  3  2  0  0  0  1  3  3  2  3  0  0  0  0  0  0  1  2  2  2  1  1  0  0  0  0  1  1  2  5  0  0  1  3  3  2  2  2 30 39 34165  3  6  6 26  2  2  2 24  9  5  5 45 16 22 16 96 39 38 312380250151825000022                    
0521121009  3  1  0  4  0  0  0  0  0  0  0  0  3  1  0  4  1  1  0  2  0  1  0  0  2  0  0  4  3  1  0  3  0  0  0  0  3  1  0  1  0  0  0  2  0  0  0  1  1  1  0  1  2  0  0  2  0  0  0  1  1  1  0  0  0  0  0  1 16 10  8223  3  1  1 55  4  2  4 30 12  6  7 85  4 13 12219 32 34 231200240141611000000                    
0521121010  3  2  2  7  0  0  0  0  0  0  0  0  3  2  2  7  2  1  2  1  0  0  2  0  0  1  0  2  1  1  2  4  0  0  0  0  2  2  2  4  1  0  0  1  0  0  0  2  3  1  2  4  0  1  0  3  0  0  0  0  2  0  0  2  2  1  1  2 44 47 40339  5 10 10 81  0  2  1 14  0  0  0  1 29 28 19216  6  4  5 2801101117100130121372                
0521121011  3  0  1  0  0  0  0  0  0  0  0  0  3  0  1  0  2  0  0  0  1  0  0  0  2  0  1  0  2  0  0  0  1  0  0  0  2  0  0  0  1  0  1  0  0  0  0  0  2  0  0  0  0  0  1  0  1  0  0  0  0  0  1  0  0  0  1  0 62 64 49255 17 16 10 66 14  5  0 22 51 25 29102 51 35 30156  8  4  5 3802501518250080001200                
0521121012  3  3  1 19  0  0  0  0  0  0  0  0  2  0  1  6  2  0  1  3  1  0  1  1  1  0  0  6  2  0  1  6  0  0  0  1  2  0  0  5  0  0  0  1  0  0  1  0  0  1  1  3  0  1  0  9  3  1  0  7  0  2  0  7  1  0  1  3  8  6 10170  0  1  4 47  2  6  2 33  1  1  0  2  6 10  6138  8  6  3 4401201318690080122036                
0521121101  7  0  8 17  0  0  0  2  0  0  0  0  7  0  8 17  5  0  5  8  1  0  2  4  0  0  2  6  4  0  3 11  0  0  0  0  3  0  4 14  2  0  2  1  2  0  2  2  0  0  4  1  2  0  0  7  5  0  4  9  1  0  2  6  2  0  3  2  4  6  9165  1  3  3 91  0  0  0  0  0  0  0  0 13  6 10157  2  0  2  601101313530050051700                
0521121102  8  5  3  9  0  0  0  0  0  0  0  0  8  5  3  9  8  5  1  8  1  1  1  3  1  1  0  1  2  1  3  4  0  0  0  0  2  3  2  5  3  1  0  2  3  1  1  2  1  2  1  2  4  3  0  2  3  0  2  5  5  2  0  0  0  3  1  3 24 27 24239 15 17 18131  0  0  0  1  4  4  2 22 30 39 40385 14  7  5 450090161634010000                    
0521121103  6  5  1  2  0  0  0  0  0  0  0  0  6  5  0  2  3  3  0  2  0  1  0  0  0  1  0  0  1  2  0  0  3  1  0  1  4  2  0  1  1  1  0  1  1  2  0  0  1  0  0  1  2  1  0  0  3  4  1  1  1  2  0  0  3  2  0  1 62 61 35164  3  2  1 11 19 19 10 35 16  8  9 55 21 24 24 97 28 19 14 9802201914140130121522                
0521121104  7  8  4 24  0  0  0  0  0  0  0  0  1  0  0  5  1  0  0  2  0  0  0  0  3  1  1  2  1  0  0  1  0  0  0  0  0  0  0  3  1  0  0  0  0  0  0  2  6  4  0  7  1  1  2  7  0  3  2 10  2  3  3  6  3  3  2  5  7  8  8210  2  2  4 97  0  0  2  8  0  0  0  0 18 21 27333 11 18  7 4501201415400110081497                
0521121105  5  4  0 15  0  0  0  1  0  0  0  0  5  4  0 14  2  2  0  9  1  2  0  3  1  1  0  1  3  2  0  9  0  0  0  0  2  1  0  8  1  0  0  6  2  3  0  0  0  0  0  2  3  2  0  4  2  2  0  9  1  0  0  6  2  2  0  6 17 29 23236 11 18 16127  0  1  1  6  0  1  1 29 18 22 32286  0  1  1 1401301814080110131677                
0521121106  5  3  0 14  0  0  0  0  0  0  0  0  2  1  0  7  0  0  0  0  0  0  0  0  0  0  0  0  0  1  0  4  3  0  0  3  2  1  0  5  0  0  0  2  0  0  0  0  1  1  0  2  3  1  0  8  1  1  0  4  0  0  0  5  0  1  0  7 76 46 44142 25 12 15 37 29 23 10 37 13 26 75521 41 39 33116 49 30 3124101801616980100091695                
0521121107  6  2  2 13  3  2  2  3  0  0  0  0  6  2  2 12  1  1  2  7  0  0  0  1  1  0  2  0  0  0  0  1  0  0  1  0  4  2  0  7  1  0  1  4  1  0  1  1  2  1  0  2  2  1  0  6  2  0  2  5  4  0  0  5  1  1  0  8 46 32 36203  7  0  1 26  0  0  1  3 12 10  6 44 16 22 16 96  0  0  1  100401714900100071592                
0521121108  5  2  3 11  0  0  0  0  0  0  0  0  5  2  2  9  1  1  1  3  0  0  0  1  2  0  1  1  0  0  0  2  1  0  0  0  4  1  2  3  0  1  0  4  1  0  0  2  2  0  1  2  2  2  1  4  1  0  1  5  0  0  0  4  1  2  1  3 35 46 35166 14 20 14 72 11  7  5 42  5  4  4 20 51 35 30156  6  3  3 230090211443010000                    
0521121109  5  2  1  7  0  0  0  0  0  0  0  0  4  1  1  3  1  0  0  0  1  0  0  0  0  0  0  1  1  0  0  0  1  0  0  0  1  0  1  1  2  1  0  0  1  0  0  2  2  1  0  2  2  1  1  1  1  0  0  4  2  1  0  2  1  0  0  3 17 17 15223  7  9 10119  1  0  0  1  1  0  0  0 18 18 17207  4  1  1  201701916510130121522                
0521121110  4  2  1  3  0  2  0  1  0  0  0  0  4  2  1  3  3  2  1  2  2  1  0  0  0  0  1  1  3  1  0  2  0  0  0  0  1  2  1  2  0  0  0  0  3  0  0  1  1  0  0  1  1  1  0  1  2  1  1  1  0  0  0  2  1  1  1  2  4  7  6 75  1  3  0 35  0  0  0  0 13 12 16 89  9  8  9123 81 75 6470101301315790110121674                
0521121111  0  0  0  1  0  0  0  0 12  9  4 11  0  0  0  1  0  0  0  0  0  0  0  0  0  0  0  0  0  0  0  0  0  0  0  0  0  0  0  1  0  0  0  0  0  0  0  0  0  0  0  0  0  0  0  0  0  0  0  1  0  0  0  0  0  0  0  1  0  0  0  5  0  0  0  4  0  0  0  1  0  0  0  0  0  0  2 12  0  0  0  10030171256004000                    
0521121112  4  0  1  4  1  0  0  1  0  0  0  0  4  0  1  4  3  0  1  2  0  0  1  0  0  0  0  0  2  0  1  1  0  0  0  0  1  0  1  1  1  0  0  1  2  0  0  2  0  0  0  1  1  0  0  2  3  0  1  1  2  0  0  0  2  0  0  0 21 18 13159 12  9  8 75  0  0  0  1  3  2  4 14 19 16 29230 10  0  911900301712560000442000                
0521121113  7  2  0  9  5  2  2  4  0  0  0  0  7  2  0  9  4  1  0  7  0  0  0  1  0  0  0  3  1  0  0  4  1  0  0  0  4  2  0  4  2  0  0  2  1  0  0  3  0  0  0  0  5  0  0  2  2  2  0  7  2  0  0  2  1  1  0  1 13 16  8282  1  1  0 14  5  7  9 91  1  0  0  0 11 15 12184  8  3  2 2201301814080130081658                
0521121114  7  1  0  7  1  1  0  1  0  0  0  0  7  1  0  6  2  1  0  0  1  1  0  0  0  0  0  1  6  1  0  3  6  0  0  6  4  0  0  6  1  0  0  0  2  1  0  0  4  0  0  2  0  1  0  3  3  0  0  2  1  0  0  3  1  0  0  2 46 32 33213 25 13 14108 28  6 11 79 14  4  5 29 25 25 24224 31 15 1616901301315120120131695                
0521121115  6  5  7 11  0  0  0  0  0  0  0  0  4  2  2  2  1  0  1  1  0  0  0  0  1  0  0  1  0  1  0  0  0  0  0  0  3  0  1  1  1  2  1  0  0  0  0  1  1  0  1  3  2  3  3  4  3  2  3  4  2  2  2  3  3  1  4  2 40 31 40221 19 16 26 93  1  0  0  0  7 10  5 45 29 28 19216 12  4 10 3901101316770290051200                
0521121116  4  5  1  7  0  0  0  0  0  0  0  0  0  0  0  0  0  0  0  0  0  0  0  0  0  0  0  1  0  0  0  0  0  0  0  0  0  0  0  0  0  0  0  0  0  0  0  0  0  1  0  1  3  2  0  5  1  2  1  1  1  0  1  3  0  3  0  3 17  5 11145  6  0  3 41  0  2  1  3  6  7  6 45 25 14 20191 32 34 2312002201914140090071396                
0521121201  3  1  4 22  0  0  0  0  0  0  0  0  3  1  4 22  0  0  0  2  0  0  0  2  0  0  1  0  1  0  1 11  1  0  0  2  2  1  3 18  0  0  0  3  1  0  1  1  2  1  1 13  1  0  2  8  0  0  1  1  0  0  3  7  0  1  1  6 36 42 42264  5  8  7 47  6  7 11 84  1  1  0 12 19 16 29230 12  3  5 7301201014390140091749                
0521121202  3  5  5 14  0  0  0  0  0  0  0  0  2  4  5 11  2  0  2  7  1  0  2  3  0  0  1  4  1  4  4 10  0  0  0  0  2  3  4  8  0  0  1  1  0  1  0  2  2  1  0  8  0  2  4  5  1  2  1  1  0  0  2  6  2  2  1  5 54 76 55366  1 13 11 64  0  0  1 16  7 10  5 45 29 28 19216  4  8  7 340100181454000000                    
0521121203  2  0  2 12  0  0  0  0  0  0  0  0  2  0  2 12  0  0  0  0  0  0  0  0  0  0  0  1  1  0  1  4  0  0  0  0  1  0  2  9  1  0  0  2  0  0  0  1  1  0  0  6  0  0  2  6  1  0  0  0  1  0  0  2  2  0  1  7 43 38 57393  7  4  6 59  1  2  2  9  4  9 17127 18 22 32286 17 10 19 7502201915330090071468                
0521121204  2  4  1  2  0  0  0  0  0  0  0  0  2  4  1  1  1  3  0  0  0  0  0  0  0  1  0  0  1  2  1  0  2  3  1  2  1  3  1  0  0  1  0  1  1  0  0  0  0  1  0  1  1  2  0  1  1  1  1  0  0  0  0  1  1  1  0  0 10 11 10165  1  2  3 25  5  4  2 21  3  4  4 15  6 10  6138  6 12  921601300916320070071716                
0521121205  2  0  0  1  0  0  0  0  0  0  0  0  2  0  0  1  1  0  0  0  1  0  0  0  1  0  0  1  2  0  0  1  1  0  0  1  0  0  0  1  2  0  0  0  0  0  0  0  2  0  0  0  0  0  0  0  0  0  0  1  0  0  0  1  0  0  0  0 12 91  5532 25 16 10 38 13 59 15520 84 55 30120 41 39 33116 15 12  3 2102501518250120131800                
0521121206  2  3  1  4  0  0  0  0  0  0  0  0  2  3  1  3  2  2  0  1  2  1  0  0  0  1  1  1  2  2  1  2  1  0  0  0  2  3  1  2  0  0  0  1  0  0  0  0  0  1  0  1  1  1  0  2  1  1  1  1  0  0  0  2  0  0  1  3 75 50 46281 22 10 11 46  1  1  0  6  1  0  0  0 51 35 30156  5  5  3 2301101117100250151825                
0521121207  2  0  0 21  0  0  0  0  0  0  0  0  2  0  0 21  1  0  0  5  0  0  0  1  0  0  0  6  0  0  0  7  0  0  0  2  1  0  0 18  0  0  0  1  1  0  0  2  2  0  0  7  0  0  0  8  0  0  0  6  1  0  0  3  0  0  0  4  1  1  1 72  0  0  0  8  2  4  3 54  0  0  0  2  0  1  4 49  5  8  716901501014890100091600                
0521121208  2  3  2  6  0  0  0  0  0  0  0  0  2  3  2  6  1  1  1  3  0  1  1  3  0  1  0  1  1  1  2  6  0  0  0  0  2  3  2  6  0  0  0  0  0  0  0  0  2  1  1  2  0  2  1  1  0  0  0  3  0  2  1  0  1  2  0  2 32 44 33288  2  1  2 19  2  0  5 26  9  2  7 32 25 14 20191 16 10  9 520180151493000000                    
0521121209  1  0  0  3  0  0  0  0  3  1  0  0  1  0  0  3  0  0  0  0  0  0  0  0  0  0  0  2  0  0  0  1  0  0  0  0  1  0  0  3  0  0  0  0  0  0  0  0  1  0  0  2  0  0  0  1  0  0  0  0  0  0  0  1  0  0  0  0 25 41 35350  3  3  3 50  0  0  0  4  2  0  4 27 30 24 30281  1  2  1 1101101117100100071825                
07211a0101  0  0  0  1  0  0  0  0  0  0  0  0  0  0  0  1  0  0  0  0  0  0  0  0  0  0  0  0  0  0  0  0  0  0  0  0  0  0  0  1  0  0  0  0  0  0  0  0  0  0  0  0  0  0  0  1  0  0  0  0  0  0  0  0  0  0  0  0 20 25 22202  5  7  4 28  0  1  0  5  2  1  1 19 14  6  9120  1  0  1 230220311670000000                    
07211a0102  0  0  0  6  0  0  1  0  0  0  0  0  0  0  0  2  0  0  0  2  0  0  0  0  0  0  0  0  0  0  0  0  0  0  0  1  0  0  0  2  0  0  0  0  0  0  0  0  0  0  0  0  0  0  0  3  0  0  0  3  0  0  0  0  0  0  0  0 49 79 60499  4  6  4 43  1  3  2 26 15 19 24132 21 22 23253  8  6  7 7901601317760000141360                
07211a0103  0  0  0  2  0  0  0  0  0  0  0  0  0  0  0  0  0  0  0  0  0  0  0  0  0  0  0  0  0  0  0  0  0  0  0  1  0  0  0  0  0  0  0  0  0  0  0  0  0  0  0  1  0  0  0  0  0  0  0  1  0  0  0  1  0  0  0  0 53 39 39266  1  2  0 12  0  0  0  4  0  0  0  4 10 16 11145  0  0  0  20150101500011000                    
07211a0104  0  0  0  1  0  0  0  0  0  0  0  0  0  0  0  1  0  0  0  0  0  0  0  0  0  0  0  0  0  0  0  0  0  0  0  0  0  0  0  0  0  0  0  0  0  0  0  1  0  0  0  1  0  0  0  0  0  0  0  0  0  0  0  0  0  0  0  1 12  7 20265  4  4  6 49  1  0  0 17  0  0  0  0  8  7  5108  0  0  0  10030091840009000                    
07211a0105  0  0  0  2  0  0  0  0  0  0  0  0  0  0  0  2  0  0  0  2  0  0  0  2  0  0  0  0  0  0  0  2  0  0  0  1  0  0  0  2  0  0  0  0  0  0  0  0  0  0  0  2  0  0  0  0  0  0  0  0  0  0  0  2  0  0  0  2 16 13 14254  1  2  1 30  7  9  3 86  0  0  0  4 10 16  6142  2  0  3 1700401113930110121674                
07211a0106  0  0  1  2  0  0  0  0  0  0  0  0  0  0  1  0  0  0  1  0  0  0  0  0  0  0  0  0  0  0  0  0  0  0  1  0  0  0  1  0  0  0  0  0  0  0  0  0  0  0  0  1  0  0  0  0  0  0  1  1  0  0  0  0  0  0  0  0 74 78 73489  5  7  6 41 11  6  7 54 30 23 20193 41 36 24252  2  1  6 300160111383020000                    
07211a0107  0  0  1  1  0  0  0  0  0  0  0  0  0  0  1  0  0  0  1  0  0  0  1  0  0  0  0  0  0  0  1  0  0  0  0  0  0  0  1  0  0  0  0  0  0  0  0  0  0  0  0  1  0  0  0  0  0  0  1  0  0  0  1  0  0  0  0  0 15 20 24267  0  0  1 14  5  7  4 57  0  0  0  1  9 15 13156  0  0  1  10130131579033000                    
07211a0108  0  0  0  1  0  0  0  0  0  0  0  0  0  0  0  1  0  0  0  0  0  0  0  0  0  0  0  0  0  0  0  1  0  0  0  1  0  0  0  1  0  0  0  0  0  0  0  0  0  0  0  1  0  0  0  0  0  0  0  0  0  0  0  1  0  0  0  0 91 67 62268  7  3  9 26 11  9 12 48 10  6  9 51 34 22 17138 16 21 3314801401312940120171594                
07211a0109  0  0  0  1  0  0  0  0  0  0  0  0  0  0  0  0  0  0  0  0  0  0  0  0  0  0  0  0  0  0  0  0  0  0  0  0  0  0  0  0  0  0  0  0  0  0  0  0  0  0  0  0  0  0  0  1  0  0  0  0  0  0  0  0  0  0  0  0 52 46 35276  3  4  1 14 36 20 21120  0  0  0  0 17 24 22170  0  0  0  102501517250140131700                
07211a0110  0  0  1  3  0  0  0  0  0  0  0  0  0  0  1  2  0  0  0  2  0  0  0  2  0  0  1  1  0  0  0  2  0  0  1  1  0  0  1  2  0  0  0  0  0  0  0  0  0  0  1  1  0  0  0  2  0  0  0  0  0  0  0  1  0  0  0  1 22 39 28322  3  8  7 54  9  6 11 53  2  2  3  7 12 32 28277 17 13  7 9101201015200160121673                
07211a0201  0  0  0  3  0  0  0  0  0  0  0  0  0  0  0  3  0  0  0  3  0  0  0  1  0  0  0  0  0  0  0  1  0  0  0  0  0  0  0  2  0  0  0  0  0  0  0  1  0  0  0  1  0  0  0  2  0  0  0  0  0  0  0  1  0  0  0  1 11  9 18228  1  0  0 19  1  2  0 16  0  0  0  0 13 16 12232  0  0  0  100301712560110121674                
07211a0202  0  0  0  5  0  0  0  0  0  0  0  0  0  0  0  3  0  0  0  1  0  0  0  0  0  0  0  0  0  0  0  2  0  0  0  0  0  0  0  3  0  0  0  0  0  0  0  0  0  0  0  0  0  0  0  5  0  0  0  0  0  0  0  1  0  0  0  1  7 10  9122  0  0  0  0  0  1  2 12  1  1  1 22  3  6  8166  1  5  61090040111393003000                    
07211a0203  0  0  0  2  0  0  0  0  0  0  0  0  0  0  0  2  0  0  0  0  0  0  0  0  0  0  0  0  0  0  0  0  0  0  0  0  0  0  0  1  0  0  0  1  0  0  0  0  0  0  0  1  0  0  0  1  0  0  0  0  0  0  0  1  0  0  0  0 11 14 21239  0  2  3  8  4  1  5 83  7  8 26297  8 13 21142 13 14 2118101601216730000131200                
07211a0204  0  0  0  6  0  0  0  0  0  0  0  0  0  0  0  3  0  0  0  0  0  0  0  0  0  0  0  1  0  0  0  2  0  0  0  6  0  0  0  3  0  0  0  0  0  0  0  0  0  0  0  0  0  0  0  2  0  0  0  4  0  0  0  1  0  0  0  2 10 11 14219  1  0  0 18  2  1  5 75  3  3  5 33  4  2  4142  0  0  0 1202201016840100091695                
07211a0205  0  1  0  2  0  0  0  0  0  0  0  0  0  1  0  0  0  1  0  0  0  1  0  0  0  0  0  0  0  1  0  0  0  0  0  0  0  1  0  0  0  0  0  0  0  0  0  0  0  0  0  0  0  1  0  1  0  0  0  1  0  1  0  0  0  0  0  0 63 56 46364  5  7  1 21  1  4  3 37 21 22 14128 41 36 24252  1  2  6 5300300916370090071396                
07211a0206  0  1  0  1  0  0  0  0  0  0  0  0  0  1  0  1  0  1  0  0  0  0  0  0  0  0  0  1  0  0  0  1  0  0  0  0  0  1  0  1  0  0  0  0  0  0  0  0  0  1  0  0  0  0  0  0  0  0  0  1  0  0  0  1  0  0  0  0 40 42 48380  3  5  7 23  3  4  5 68 12  7 10 82 13 16 18232 14 17  8 9300501616660000121570                
07211a0207  0  0  1  4  0  0  0  0  0  0  0  0  0  0  1  4  0  0  1  2  0  0  0  0  0  0  0  0  0  0  1  1  0  0  0  0  0  0  1  2  0  0  0  1  0  0  0  1  0  0  0  2  0  0  1  1  0  0  0  1  0  0  0  2  0  0  1  2 16 17 23227  1  0  3 17  0  0  0  3  0  1  2  1 14  6  9120  0  0  2  900902114430100071592                
07211a0208  0  0  0  3  0  0  0  0  0  0  0  0  0  0  0  0  0  0  0  0  0  0  0  0  0  0  0  0  0  0  0  0  0  0  0  0  0  0  0  0  0  0  0  0  0  0  0  0  0  0  0  1  0  0  0  1  0  0  0  1  0  0  0  1  0  0  0  1 15 16 13231  1  3  1 25  0  0  0  7  0  0  0  0  8  7  5108  0  0  0  302202113300080131623                
07211a0209  0  0  0  2  0  0  0  0  0  0  0  0  0  0  0  2  0  0  0  1  0  0  0  0  0  0  0  0  0  0  0  1  0  0  0  0  0  0  0  2  0  0  0  0  0  0  0  0  0  0  0  1  0  0  0  1  0  0  0  0  0  0  0  0  0  0  0  1 28 17 34214  5  2  3 25  0  0  0  2  0  0  0  0 10  5  8 76  0  0  0  200900717270090071396                
07211a0210  0  0  0  6  0  0  0  0  0  0  0  0  0  0  0  2  0  0  0  1  0  0  0  1  0  0  0  2  0  0  0  2  0  0  0  0  0  0  0  1  0  0  0  0  0  0  0  1  0  0  0  2  0  0  0  4  0  0  0  0  0  0  0  1  0  0  0  3 45 44 42350  4  2  4 22  5 11  3 48  4 11  5 64 21 22 23253 35 44 2434901301615120100111386                
07211a0211  0  0  0  4  0  0  0  0  0  0  0  0  0  0  0  2  0  0  0  2  0  0  0  0  0  0  0  0  0  0  0  0  0  0  0  0  0  0  0  2  0  0  0  0  0  0  0  0  0  0  0  2  0  0  0  1  0  0  0  1  0  0  0  0  0  0  0  3 13  9 11205  1  2  0 22  0  0  1 12  0  0  0  0 10  7  4134 14  9  8 8901801514990130121547                
07211a0212  0  0  0  1  0  0  0  0  0  0  0  0  0  0  0  1  0  0  0  0  0  0  0  0  0  0  0  0  0  0  0  1  0  0  0  0  0  0  0  1  0  0  0  0  0  0  0  0  0  0  0  1  0  0  0  0  0  0  0  0  0  0  0  1  0  0  0  0 31 40 38260  0  2  2 16  0  0  0  2  3  2  1  7 31 41 28252  1  4  1 3100601216160090171547                
07211a0213  0  2  1  3  0  0  0  0  0  0  0  0  0  2  0  0  0  2  0  0  0  1  0  0  0  0  0  1  0  1  0  0  0  2  0  2  0  2  0  0  0  0  0  0  0  0  0  0  0  0  1  1  0  2  0  1  0  0  0  1  0  1  0  0  0  0  0  0 28 18 14240  4  1  0 24 10  9  8134  1  2  0 16 10 16  6142  4 10 12 9201801514990120131695                
07211a0214  0  0  0  3  0  0  0  1  0  0  0  0  0  0  0  3  0  0  0  2  0  0  0  0  0  0  0  0  0  0  0  0  0  0  0  0  0  0  0  3  0  0  0  0  0  0  0  0  0  0  0  1  0  0  0  2  0  0  0  0  0  0  0  0  0  0  0  2 16 13 21186  1  0  2  5  0  0  1 29  0  0  0  3 14 20 17179  0  0  0  30100111386007000                    
07211a0301  0  0  0  4  0  0  0  0  0  0  0  0  0  0  0  4  0  0  0  0  0  0  0  0  0  0  0  0  0  0  0  3  0  0  0  0  0  0  0  3  0  0  0  1  0  0  0  0  0  0  0  0  0  0  0  3  0  0  0  1  0  0  0  1  0  0  0  2  2  0  2 12  0  0  1  4  0  0  1 29  0  0  0  5 14 20 17179  2  3  7 2500701514690080171353                
07211a0302  0  0  0  1  0  0  0  0  0  0  0  0  0  0  0  1  0  0  0  0  0  0  0  0  0  0  0  0  0  0  0  1  0  0  0  0  0  0  0  1  0  0  0  0  0  0  0  0  0  0  0  1  0  0  0  0  0  0  0  0  0  0  0  1  0  0  0  1  3  1  2 30  1  1  2 24  0  0  0  0  6  5  5 60 12 32 28277 17 23 1815101301713230190191709                
07211a0303  0  0  0  2  0  0  0  0  0  0  0  0  0  0  0  1  0  0  0  0  0  0  0  0  0  0  0  0  0  0  0  1  0  0  0  2  0  0  0  1  0  0  0  0  0  0  0  0  0  0  0  1  0  0  0  1  0  0  0  0  0  0  0  1  0  0  0  0  0  0  2 19  0  0  0  2  4  5  8 72  0  0  2 17  8 13 21142  7  6 1416100700815610080121534                
07211a0304  0  0  0  1  0  0  0  0  0  0  0  0  0  0  0  1  0  0  0  0  0  0  0  0  0  0  0  0  0  0  0  1  0  0  0  1  0  0  0  1  0  0  0  0  0  0  0  0  0  0  0  1  0  0  0  0  0  0  0  0  0  0  0  1  0  0  0  0  1  3  0 39  1  2  0 15 16 18 15236  3  0  1 49  4  2  4142  0  0  0  901600816880190191709                
07211a0305  0  0  1  2  0  0  0  0  0  0  0  0  0  0  1  2  0  0  0  0  0  0  0  0  0  0  0  1  0  0  1  0  0  0  0  0  0  0  1  2  0  0  0  0  0  0  0  0  0  0  0  0  0  0  1  2  0  0  0  0  0  0  1  0  0  0  0  1  8  5  4 36  0  2  2 10 10 13 11 59  0  0  0  0 41 36 24252  0  0  1  200901315330170111553                
07211a0306  0  0  0  3  0  0  0  0  0  0  0  0  0  0  0  3  0  0  0  0  0  0  0  0  0  0  0  0  0  0  0  1  0  0  0  0  0  0  0  3  0  0  0  0  0  0  0  0  0  0  0  2  0  0  0  0  0  0  0  1  0  0  0  1  0  0  0  2  0  0  0  0  0  0  0  0  0  0  0  4  2  7  3 29  3  6  8166  0  0  0  300700715170020121316                
07211a0307  0  1  1  3  0  0  0  0  0  0  0  0  0  1  1  1  0  1  0  1  0  1  0  1  0  0  0  1  0  1  1  1  0  1  1  2  0  1  1  0  0  0  0  0  0  0  0  1  0  0  0  0  0  1  1  2  0  0  0  1  0  1  0  1  0  0  1  1  0  1  4 18  0  1  2 11  4  6  8107  0  1  1  2  8  7  5108  0  1  1  300001615680100071592                
07211a0308  0  0  0  1  0  0  0  0  0  0  0  0  0  0  0  0  0  0  0  0  0  0  0  0  0  0  0  0  0  0  0  0  0  0  0  1  0  0  0  0  0  0  0  0  0  0  0  0  0  0  0  0  0  0  0  1  0  0  0  0  0  0  0  1  0  0  0  0  4  2  2 10  0  1  1  2  0  3  3 17  2  1  2 30 10 16 11145  5  8  1 410180161698000000                    
07211a0309  0  0  0  1  0  0  0  0  0  0  0  0  0  0  0  1  0  0  0  0  0  0  0  0  0  0  0  0  0  0  0  1  0  0  0  1  0  0  0  1  0  0  0  0  0  0  0  0  0  0  0  1  0  0  0  0  0  0  0  0  0  0  0  1  0  0  0  1  2  4  1 24  2  3  1 18  0  0  0  6  0  1  2  9 13 16 12232  6  5  3 3702201914140110081497                
07211a0310  0  0  0  1  0  0  0  0  0  0  0  0  0  0  0  0  0  0  0  0  0  0  0  0  0  0  0  0  0  0  0  0  0  0  0  1  0  0  0  0  0  0  0  0  0  0  0  0  0  0  0  0  0  0  0  1  0  0  0  0  0  0  0  1  0  0  0  0  5  6  3 41  3  1  1 15  1  7  1 30 12 15 13138 13 16 18232  1  2  1  901501615150030011700                
07211a0311  0  0  0  4  0  0  0  0  0  0  0  0  0  0  0  1  0  0  0  0  0  0  0  0  0  0  0  0  0  0  0  0  0  0  0  2  0  0  0  1  0  0  0  0  0  0  0  0  0  0  0  1  0  0  0  1  0  0  0  2  0  0  0  0  0  0  0  2  2  2  4 16  1  2  4 11  5  7  4 51  6  6  1 37 14  6  9120 55 53 6459501101413840120101297                
07211a0312  0  0  0  3  0  0  0  0  0  0  0  0  0  0  0  3  0  0  0  0  0  0  0  0  0  0  0  0  0  0  0  0  0  0  0  0  0  0  0  2  0  0  0  0  0  0  0  1  0  0  0  1  0  0  0  2  0  0  0  0  0  0  0  1  0  0  0  1  1  5  0 14  0  2  0  4  0  0  0  7  0  0  0  0 10 16  6142  0  0  0 1600901116140110141618                
07211a0313  0  0  0  1  0  0  0  0  0  0  0  0  0  0  0  1  0  0  0  0  0  0  0  0  0  0  0  0  0  0  0  1  0  0  0  0  0  0  0  1  0  0  0  0  0  0  0  0  0  0  0  1  0  0  0  0  0  0  0  0  0  0  0  1  0  0  0  0  1  0  0  3  1  0  0  3  0  2  4 45  1  1  1 10  3  3  5113  7 10  910300902116390130101621                
07211a0314  0  0  0  3  0  0  0  0  0  0  0  0  0  0  0  2  0  0  0  0  0  0  0  0  0  0  0  1  0  0  0  0  0  0  0  0  0  0  0  1  0  0  0  0  0  0  0  1  0  0  0  0  0  0  0  3  0  0  0  0  0  0  0  1  0  0  0  2  0  5  3 40  0  1  2 20  1  3  2 30  0  1  2 28 10 11 12230 15 24 20 9902201016840090091459                
07211a0401  1  0  0  0  0  0  0  0  0  0  0  0  1  0  0  0  1  0  0  0  1  0  0  0  0  0  0  0  1  0  0  0  0  0  0  0  1  0  0  0  0  0  0  0  0  0  0  0  1  0  0  0  0  0  0  0  0  0  0  0  1  0  0  0  0  0  0  0 32 51 37388  6  6  1 31  7  4  8 58 16 13 18110 21 22 23253 14 17  8 9300501616660030011700                
07211a0402  1  2  0  2  0  0  0  0  0  0  0  0  1  2  0  1  1  1  0  0  0  1  0  0  1  0  0  1  0  1  0  0  1  1  0  2  1  2  0  0  0  0  0  1  0  0  0  0  0  0  0  0  0  2  0  2  1  0  0  0  0  1  0  0  1  0  0  0 40 38 37384  1  5  8 37 22 21 25177  3  1  0 14 13 16 18232  3  2  0 5900801414390100081314                
07211a0403  1  0  0  2  0  0  0  0  0  0  0  0  1  0  0  2  1  0  0  1  1  0  0  1  0  0  0  0  1  0  0  2  1  0  0  0  1  0  0  1  0  0  0  1  0  0  0  0  0  0  0  0  0  0  0  1  1  0  0  1  1  0  0  0  0  0  0  0 13 16 21230  5  3  2 37  7  5  6105  3  2  1 44  4  2  4142  2  1  1 1901301016210000311666                
07211a0404  1  0  0  1  0  0  0  0  0  0  0  0  1  0  0  1  1  0  0  1  0  0  0  1  0  0  0  0  1  0  0  1  0  0  0  0  1  0  0  1  0  0  0  0  0  0  0  0  1  0  0  0  0  0  0  0  0  0  0  1  0  0  0  0  1  0  0  0 23 27 28198  0  0  1 16  0  1  1  4  0  0  0  0 17 24 22170  1  1  0  800902116390140121475                
07211a0405  1  0  0  5  0  0  0  0  0  0  0  0  1  0  0  2  0  0  0  0  0  0  0  0  0  0  0  0  1  0  0  0  0  0  0  0  0  0  0  2  0  0  0  0  1  0  0  0  0  0  0  1  0  0  0  3  1  0  0  1  0  0  0  0  0  0  0  1  7  5  7170  2  4  2 32  1  0  1 24  0  0  0  0  8  7  5108  4  5  2 7900900616330130181408                
07211a0406  1  0  0  2  0  0  0  0  0  0  0  0  0  0  0  0  0  0  0  0  0  0  0  0  0  0  0  0  0  0  0  0  1  0  0  1  0  0  0  0  0  0  0  0  0  0  0  0  1  0  0  0  0  0  0  2  0  0  0  0  0  0  0  0  1  0  0  0 69 42 41356 10  4  3 37 24 27 19216  2  0  2 32 41 36 24252  2  3  1 6000301717580080121534                
07211a0407  1  2  0  2  0  0  0  0  0  0  0  0  1  2  0  2  0  2  0  1  0  1  0  0  0  0  0  0  0  1  0  0  0  0  0  0  1  0  0  1  0  2  0  1  0  0  0  0  0  0  0  0  1  0  0  2  0  2  0  0  0  0  0  1  0  0  0  2 58 47 59269  5  5  4 26 15 16 11 68 31 10 18 82 34 22 17138  9 12 16 7000902116390190191709                
07211a0408  1  0  0  2  0  0  0  0  0  0  0  0  1  0  0  1  0  0  0  1  0  0  0  0  0  0  0  1  0  0  0  0  1  0  0  0  0  0  0  0  0  0  0  1  1  0  0  0  0  0  0  0  1  0  0  1  0  0  0  1  0  0  0  0  0  0  0  0 20 12 20205  3  1  6 52 35 35 34277  5  3  5 39 12 32 28277 41 45 4826301801514990130181371                
07211a0409  1  1  0  5  0  0  0  0  0  0  0  0  0  0  0  0  0  0  0  0  0  0  0  0  0  0  0  0  0  0  0  0  1  1  0  3  0  0  0  0  0  0  0  0  0  0  0  0  0  0  0  2  0  1  0  1  1  0  0  2  0  0  0  1  0  1  0  0 26 22 16201  1  1  2  9 60 58 51388  1  1  1  4 10 16 11145  1  1  0  50110141618000000                    
07211a0410  1  0  2  2  0  0  0  0  0  0  0  0  1  0  1  2  0  0  1  2  0  0  1  1  0  0  0  0  1  0  1  1  0  0  1  0  1  0  1  1  0  0  0  1  0  0  0  0  0  0  1  0  1  0  1  1  0  0  0  1  0  0  1  0  1  0  0  0 15 19 18196  3  2  1 30  1  3  3  7  0  0  1  4 10  5  8 76 11 11  8 3601101416430070111361                
07211a0501  0  0  0  6  0  0  0  0  0  0  0  0  0  0  0  4  0  0  0  3  0  0  0  0  0  0  0  0  0  0  0  2  0  0  0  0  0  0  0  2  0  0  0  2  0  0  0  0  0  0  0  2  0  0  0  2  0  0  0  2  0  0  0  0  0  0  0  3  3  7  7112  0  1  4 38  0  0  0  0  0  0  0  0 12 32 28277  0  0  1 160130141392000000                    
07211a0502  0  0  0  2  0  0  0  0  0  0  0  0  0  0  0  2  0  0  0  1  0  0  0  1  0  0  0  1  0  0  0  1  0  0  0  2  0  0  0  2  0  0  0  0  0  0  0  0  0  0  0  1  0  0  0  0  0  0  0  1  0  0  0  1  0  0  0  1 29 19 35166  6  2  5 19  5  2  5 26  1  0  1 12 28 22 23196 43 39 4837002001015560160121760                
07211a0503  0  2  0  2  0  0  0  0  0  0  0  0  0  2  0  2  0  0  0  0  0  0  0  0  0  0  0  0  0  0  0  0  0  1  0  1  0  1  0  1  0  1  0  1  0  0  0  0  0  0  0  0  0  1  0  1  0  1  0  1  0  0  0  0  0  1  0  2 73 50 51198 15  6  7 21 12 14 15 55 19 22 13 87 34 22 17138  6 11  9 8602001015560030011400                
07211a0504  0  0  0  1  0  0  0  0  0  0  0  0  0  0  0  0  0  0  0  0  0  0  0  0  0  0  0  0  0  0  0  0  0  0  0  0  0  0  0  0  0  0  0  0  0  0  0  0  0  0  0  1  0  0  0  0  0  0  0  0  0  0  0  1  0  0  0  1 16 24 10137  4  1  0  6  0  0  2  3  0  0  0  2 17 24 22170  4 12  4 1902201915330180161876                
07211a0505  0  0  0  1  0  0  0  0  0  0  0  0  0  0  0  1  0  0  0  1  0  0  0  1  0  0  0  0  0  0  0  1  0  0  0  1  0  0  0  1  0  0  0  0  0  0  0  0  0  0  0  1  0  0  0  0  0  0  0  0  0  0  0  1  0  0  0  1  2  6  3 53  1  4  2 16 10 11  8182  0  0  0  1 10  7  4134  0  0  0  101101416690070151600                
07211a0506  0  1  1  2  0  0  0  0  0  0  0  0  0  1  1  1  0  0  0  0  0  0  0  0  0  0  0  0  0  1  1  1  0  0  0  0  0  1  1  1  0  0  0  0  0  0  0  0  0  0  0  0  0  0  1  2  0  1  0  0  0  0  0  0  0  0  0  1  6  9 12115  1  0  2  8  0  0  0  1  0  0  0  0 14 20 17179  0  1  1  201101117100110081572                
07211a0507  0  0  0  4  0  0  0  0  0  0  0  0  0  0  0  3  0  0  0  1  0  0  0  0  0  0  0  0  0  0  0  1  0  0  0  0  0  0  0  2  0  0  0  0  0  0  0  1  0  0  0  1  0  0  0  1  0  0  0  2  0  0  0  0  0  0  0  0 55 50 39207  5  6  4 18  3  2  0 11  0  0  0  0 26 30 24131  0  0  0  401101117100250151825                
07211a0508  0  4  1  1  0  0  0  0  0  0  0  0  0  4  1  1  0  1  1  0  0  0  1  0  0  1  1  0  0  4  1  0  0  0  0  0  0  3  1  1  0  1  0  0  0  0  0  0  0  1  0  0  0  1  0  0  0  2  1  1  0  0  1  0  0  3  0  0 30 21 25252  3  5  3 35  6  3  3 40  0  0  0  2 41 36 24252  0  4  1  101801114360120171569                
07211a0509  0  2  0  0  0  0  0  0  0  0  0  0  0  2  0  0  0  0  0  0  0  0  0  0  0  0  0  0  0  0  0  0  0  2  0  0  0  2  0  0  0  0  0  0  0  0  0  0  0  0  0  0  0  1  0  0  0  1  0  0  0  0  0  0  0  2  0  0 24 30 24238  6  2  7 30  0  3  1 10  5  8  3 29 21 22 23253  0  2  1  201401312920250151825                
07211a0510  0  0  2  1  0  0  0  0  0  0  0  0  0  0  2  1  0  0  1  0  0  0  0  0  0  0  0  0  0  0  0  0  0  0  2  0  0  0  2  1  0  0  0  0  0  0  0  0  0  0  1  0  0  0  1  0  0  0  0  1  0  0  0  0  0  0  0  0 10 19 15133  3  5  4 20  1  2  4 21  2  2  5 16 10  5  8 76  9  9 14 680250151825000018                    
07211a0511  0  0  0  4  0  0  0  0  0  0  0  0  0  0  0  1  0  0  0  1  0  0  0  0  0  0  0  0  0  0  0  1  0  0  0  0  0  0  0  1  0  0  0  0  0  0  0  0  0  0  0  1  0  0  0  1  0  0  0  2  0  0  0  1  0  0  0  0  8 14  7163  0  0  0  0  0  0  0  4  0  0  0  0  3  6  8166  1  0  1  702500014000180151493                
07211a0512  0  0  0  3  0  0  0  0  0  0  0  0  0  0  0  1  0  0  0  0  0  0  0  0  0  0  0  0  0  0  0  1  0  0  0  0  0  0  0  1  0  0  0  0  0  0  0  0  0  0  0  2  0  0  0  0  0  0  0  1  0  0  0  1  0  0  0  0  1  6  1 68  0  1  0 15  0  1  0  5  0  0  0  0  8  7  5108 13  9 12 7701801618760160001900                
07211a0513  0  0  0  2  0  0  0  0  0  0  0  0  0  0  0  2  0  0  0  1  0  0  0  0  0  0  0  0  0  0  0  1  0  0  0  0  0  0  0  1  0  0  0  0  0  0  0  1  0  0  0  1  0  0  0  1  0  0  0  0  0  0  0  1  0  0  0  0  3  3  3 53  0  2  0 17  0  0  0  8  0  0  0  0 14  6  9120  0  0  0  202001015560140131244                
07211a0514  0  0  0  1  0  0  0  0  0  0  0  0  0  0  0  1  0  0  0  0  0  0  0  0  0  0  0  0  0  0  0  0  0  0  0  0  0  0  0  1  0  0  0  0  0  0  0  0  0  0  0  1  0  0  0  0  0  0  0  0  0  0  0  0  0  0  0  1 15 19 23201  3  5  1 30 10  5  7 55 12  7 10 82 13 16 18232 53 45 4636301801514930080122036                
07211a0515  0  0  0  1  0  0  0  0  0  0  0  0  0  0  0  1  0  0  0  0  0  0  0  0  0  0  0  0  0  0  0  0  0  0  0  0  0  0  0  1  0  0  0  0  0  0  0  0  0  0  0  0  0  0  0  0  0  0  0  1  0  0  0  1  0  0  0  0 14  7 17182  4  4  5 41  2  1  2 35  1  0  0  2 10 11 12230  0  0  0  102201017860170141961                
07211a0516  0  0  0  1  0  0  0  0  0  0  0  0  0  0  0  0  0  0  0  0  0  0  0  0  0  0  0  0  0  0  0  0  0  0  0  1  0  0  0  0  0  0  0  0  0  0  0  0  0  0  0  0  0  0  0  1  0  0  0  0  0  0  0  0  0  0  0  0 17 23 21192  1  2  3 10  0  3  2  5  0  0  0  3 31 41 28252  0  0  0  10160111572000000                    
07211a0601                                                                                                                                                                                                             27 28 33149  2  1  2 13  2  1  0 13 72 61 55264 31 41 28252 24 26 1913301901918350140201200                
07211a0602                                                                                                                                                                                                              5  3  2 73  1  1  0 20 10 11  8182  0  3  1 12 10  7  4134  5  7 11 7501300818070160081893                
07211a0603                                                                                                                                                                                                              6  4 12119  1  0  1 25 17  7  9 57  1  1  2  5 14  6  9120 10 16  310602002017090170291854                
07211a0604                                                                                                                                                                                                             17 12 13191  4  1  1 40  2  2  3 38  5  5  2 60 10 11 12230 17 10 161990110141669000017                    
07211a0605                                                                                                                                                                                                              0  2  2 79  0  0  0 14  1  1  3 18  7  3  1 60 10 16  6142 53 45 463630250002000000000                    
07211a0606                                                                                                                                                                                                             31 31 24210  7  5  4 28 12 13  7113  0  0  0  1 41 36 24252  0  0  0  301601217600140091444                
07211a0607                                                                                                                                                                                                              4 11 13162  1  4  2 44  0  1  2 33  1  0  2 17 12 32 28277 10 11  9 400190161485000013                    
07211a0608                                                                                                                                                                                                              3  7  7100  0  0  0 12  0  0  0  8  3  5  6 88  9 15 13156 13 13  3 640110141669000000                    
07211a0609                                                                                                                                                                                                              2  7  7100  0  3  1 24  0  1  0  6  2  1  1 15  8  7  5108 37 31 3315801901918350110121802                
07211a0610                                                                                                                                                                                                             32 32 28153  4  4  5 21 26 20 25 87  8  7  5 42 28 22 23196  1  2  5 3101701918550160001900                
07211a0611                                                                                                                                                                                                             15  9  5117  6  1  3 28  2  0  1 14  1  1  1  1 10  5  8 76  2  1  1 3301601318780190191835                
07211a0612                                                                                                                                                                                                             39 49 35124  6 11  8 25 63 42 32147 42 51 32150 34 22 17138 36 42 2511902501518250140131971                
07211a0613                                                                                                                                                                                                             13 14 21152  0  1  1 15  1  0  3 18 13 10 14105 10 16 11145  3  2  6 3001300818070130121372                
07211a0614                                                                                                                                                                                                             13 21 20209  2  5  3 28  4  9  8 58  0  0  0  0 13 16 18232  0  0  0  001801618760190161485                
07211a0701  0  4  2 12  0  0  0  0  2  0  0  0  0  2  2  7  0  0  1  3  0  0  1  0  0  0  2  6  0  0  2  0  0  0  1  1  0  1  2  3  0  1  0  2  0  0  0  2  0  0  1  5  0  4  0  3  0  0  1  4  0  2  1  4  0  2  1  6 31 40 38260  0  2  2 16  4  1  3 13  0  0  1  1 31 41 28252  1  4  2 1602201914140100071592                
07211a0702  0  0  0  9  0  0  1  0  5  2  2  2  0  0  0  9  0  0  0  2  0  0  0  0  0  0  0  0  0  0  0  3  0  0  0  1  0  0  0  3  0  0  0  5  0  0  0  1  0  0  0  1  0  0  0  3  0  0  0  5  0  0  0  2  0  0  0  4 10 11 14219  1  0  0 18  0  0  0 11  0  0  0  1  4  2  4142  0  0  0  40040171490010000                    
07211a0703  1  5  1 14  0  0  0  0  0  0  0  0  0  2  0  6  0  2  0  5  0  0  0  2  0  3  0  2  0  0  0  3  1  5  1  4  0  0  0  2  0  2  0  1  0  0  0  3  0  1  1  3  1  3  0  5  0  1  0  6  0  0  0  3  1  2  0  5 36 33 18222  1  0  0  7  5  7  5 28  6 11  7 40 10 16 11145  7 13  9 8401801514990020121316                
07211a0704  1  0  0  5  0  0  0  0  0  0  0  0  1  0  0  5  1  0  0  2  0  0  0  2  0  0  0  0  0  0  0  3  1  0  0  5  1  0  0  4  0  0  0  1  0  0  0  0  0  0  0  1  1  0  0  2  0  0  0  2  0  0  0  2  0  0  0  2  4  6  8178  0  0  0  6  8  9 11105  2  0  1 12  6  9  4100  1  2  0  700601415230140091520                
07211a0705  0  0  0  4  0  0  0  0  2  0  0  1  0  0  0  4  0  0  0  0  0  0  0  0  0  0  0  0  0  0  0  1  0  0  0  1  0  0  0  3  0  0  0  0  0  0  0  1  0  0  0  0  0  0  0  1  0  0  0  3  0  0  0  1  0  0  0  0  6  9 11167  0  2  1 12 14 20 24279  1  0  0 18  4  5  7117  6  8  7 8602002016910070121597                
07211a0706  0  0  2 12  1  0  0  0  0  0  0  0  0  0  1  7  0  0  1  3  0  0  0  2  0  0  0  1  0  0  1  4  0  0  1  1  0  0  0  3  0  0  1  2  0  0  0  2  0  0  0  3  0  0  1  3  0  0  1  6  0  0  1  3  0  0  1  4 28 17 34214  5  2  3 25  0  0  2 10  0  0  1  1 10  5  8 76  0  0  1 1600901113100100071592                
07211a0707  0  1  0  9  0  0  0  0  2  0  0  0  0  1  0  8  0  0  0  1  0  0  0  0  0  0  0  4  0  0  0  1  0  0  0  0  0  0  0  3  0  0  0  2  0  1  0  3  0  1  0  1  0  0  0  5  0  0  0  3  0  1  0  4  0  1  0  5 16 17 23227  1  0  3 17  0  0  0  7  4  2  3 24 14  6  9120  0  1  1  801501615150130081658                
07211a0708  1  1  0  8  0  0  0  0  0  0  0  0  1  1  0  7  0  1  0  0  0  1  0  0  0  0  0  2  0  1  0  2  0  0  0  0  1  1  0  4  0  0  0  2  0  0  0  1  0  0  0  2  0  0  0  1  1  1  0  5  0  1  0  1  0  0  0  3 46 48 28165  2  2  4 19  3  0  0  8 14 10  7 40 34 22 17138  1  1  0 1002002016910070111361                
07211a0709  1  0  0  3  0  0  0  0  0  0  0  0  1  0  0  3  1  0  0  2  1  0  0  1  0  0  0  0  1  0  0  1  0  0  0  0  0  0  0  2  1  0  0  1  0  0  0  0  1  0  0  0  0  0  0  2  0  0  0  1  1  0  0  1  0  0  0  2  0  0  0  1  0  0  0  0  0  1  4 21  0  0  1  8  0  1  0  2 15 11 2332700301715790030011700                
07211a0710  1  3  1  4  0  0  0  0  0  0  0  0  1  3  1  3  0  2  0  2  0  0  0  0  0  0  0  3  0  0  0  1  1  0  0  2  1  1  0  3  0  0  0  0  0  2  1  0  1  1  0  1  0  1  0  1  0  1  1  2  0  1  0  1  0  1  0  0 26 50 35329  1  5  4 37  1  0  1 15 13 20 11135 12 32 28277  5  9  4 5601201613800110081497                
07211a0711  1  0  0  1  0  0  0  0  0  0  0  0  1  0  0  1  0  0  0  1  0  0  0  1  0  0  0  0  0  0  0  1  1  0  0  1  1  0  0  1  0  0  0  0  0  0  0  0  1  0  0  1  0  0  0  0  0  0  0  0  0  0  0  1  1  0  0  1 40 42 48380  3  5  7 23 22 21 25177 23 24 14194 13 16 18232  1  0  0  400701514690100101661                
07211a0712  0  0  1  5  0  1  0  0  2  1  0  0  0  0  1  5  0  0  0  4  0  0  0  0  0  0  0  0  0  0  0  2  0  0  0  0  0  0  1  1  0  0  0  1  0  0  0  3  0  0  0  2  0  0  0  3  0  0  1  0  0  0  0  3  0  0  1  2 22 14 13282  1  0  1 10  0  0  0  1  0  0  0  0  9 15 13156  0  0  2  900301512810090171547                
07211a0713  1  1  8 10  0  0  0  0  0  0  0  0  1  1  5  6  1  1  2  5  0  0  2  1  1  0  2  2  0  0  2  1  0  0  2  0  0  1  4  4  1  0  0  1  0  0  1  1  1  0  2  2  0  1  6  6  0  0  0  2  0  1  1  3  0  1  2  3 45 44 42350  4  2  4 22  3  4  7 41  3  0  3 22 21 22 23253 43 39 4837001400915200120131695                
07211a0714  1  1  0  5  0  0  0  0  0  0  0  0  1  1  0  5  0  0  0  1  0  0  0  1  0  0  0  0  0  0  0  2  1  1  0  4  0  1  0  2  1  0  0  1  0  0  0  2  0  1  0  1  1  0  0  2  0  0  0  2  1  0  0  2  0  1  0  2 63 56 46364  5  7  1 21 24 27 19216  5  7  6 50 41 36 24252  8  4  4 4701301713230130111757                
07211a0715  1  2  1 16  0  0  0  0  0  0  0  0  1  2  1 15  0  2  1  7  0  2  1  2  0  0  0  0  1  2  1  6  0  2  1  3  0  1  0  7  0  1  1  4  1  0  0  4  0  1  0  6  1  0  0  5  0  1  1  5  0  1  0  2  0  0  0  7 11 14 21239  0  2  3  8 15 33 27243  9 11  8103  8 13 21142 30 20 1215500902114430030011700                
07211a0716  0  0  0  2  0  0  0  0  2  1  0  0  0  0  0  0  0  0  0  0  0  0  0  0  0  0  0  0  0  0  0  0  0  0  0  0  0  0  0  0  0  0  0  0  0  0  0  0  0  0  0  0  0  0  0  1  0  0  0  1  0  0  0  1  0  0  0  1 13  9 11205  1  2  0 22  1  5  0 27  0  0  0  7 10  7  4134  8  8  2 3102002016910190191709                
07211a0801  1  0  0 12  0  0  0  0  0  0  0  0  1  0  0 11  0  0  0  6  0  0  0  2  0  0  0  5  1  0  0  3  0  0  0  2  0  0  0  7  1  0  0  2  0  0  0  2  0  0  0  3  1  0  0  4  0  0  0  5  1  0  0  3  0  0  0  3 49 79 60499  4  6  4 43  5 11  3 48  2  0  0 18 21 22 23253  4  0  4 4701001315520080121534                
07211a0802  0  0  0  6  0  0  0  0  2  3  0  1  0  0  0  5  0  0  0  2  0  0  0  0  0  0  0  0  0  0  0  1  0  0  0  0  0  0  0  1  0  0  0  3  0  0  0  1  0  0  0  1  0  0  0  4  0  0  0  1  0  0  0  3  0  0  0  3 53 39 39266  1  2  0 12 10 12 10 65 60 44 41421 10 16 11145 15 25 2424400301717580110141618                
07211a0803  1  1  5 15  0  0  0  0  0  0  0  0  1  1  5 11  0  0  3  4  0  0  1  2  0  0  0  4  0  0  1  4  0  0  1  1  0  0  2  8  1  0  3  2  0  1  0  1  0  0  1  4  1  1  3  6  0  0  1  5  0  0  2  3  0  0  1  4 51 52 54277  8  7  7 16  1  1  2 16  1  1  1  3 28 22 23196  8  5 111150190141692000000                    
07211a0804  1  7  5 24  0  0  0  0  0  0  0  0  1  7  5 23  0  4  3 10  0  2  0  3  1  2  3  5  1  3  3 15  0  0  0  1  0  3  5 15  1  2  0  3  0  2  0  5  1  2  1  6  0  5  2 11  0  0  2  7  0  2  0  5  0  4  2 11 12  9 12168  0  0  0  2  0  1  0 10  2  2  2 59  3  6  8166  8 18 1211700401714900160111621                
07211a0805  1  1  3 17  0  0  0  0  0  0  0  0  0  0  0  0  0  0  0  0  0  0  0  0  0  0  0  0  0  0  0  0  0  1  2  7  0  0  0  0  0  0  0  0  0  0  0  0  1  0  1  3  0  0  1  8  0  1  1  6  0  0  1  6  1  1  3  0 31 48 22422  5  3  4 47  4  4  4 47  0  0  1  3 10 11 12230  0  0  0 1701601617060000221481                
07211a0806  1  1  1  4  0  0  0  0  0  0  0  0  0  0  0  0  0  0  0  0  0  0  0  0  0  0  0  0  0  0  0  0  0  0  0  1  0  0  0  0  0  0  0  0  0  0  0  0  1  1  0  0  0  0  0  2  0  0  1  2  0  1  0  2  1  1  0  3 74 78 73489  5  7  6 41  9  8 10 35  4  4  3 49 41 36 24252  8  3  3 2801601216730100091695                
07211a0807  1  3  3 30  0  0  0  0  0  0  0  0  0  0  0  1  0  0  0  1  0  0  0  1  0  3  1 10  0  0  0  1  0  0  0 10  0  0  0  1  0  0  0  0  0  0  0  0  0  0  2  9  1  1  1  7  0  2  0 14  1  1  1 11  0  1  0  7 12  7 20265  4  4  6 49 17 13 11229  2  0  0 28  8  7  5108 27 28 4135801801514990080171353                
07211a0808  1  2  1  4  0  0  0  0  0  0  0  0  1  2  1  3  0  2  1  3  0  0  1  0  0  1  0  0  0  1  1  0  1  0  0  0  1  1  1  2  0  1  0  1  0  0  0  0  0  0  1  2  1  0  0  2  0  2  0  0  0  0  1  1  0  0  0  0 52 55 57494  4  3  2 39  1  0  0  2  1  0  0  1 13 16 18232  2  3  1  500902116390110141618                
07211a0809  1  0  0 10  0  0  0  0  0  0  0  0  1  0  0  8  1  0  0  5  0  0  0  2  0  0  0  0  1  0  0  6  0  0  0  0  0  0  0  5  0  0  0  2  1  0  0  1  1  0  0  2  0  0  0  6  0  0  0  2  0  0  0  2  0  0  0  1 16 13 14254  1  2  1 30  0  0  0  2  0  0  1  5 10 16  6142 27 32 2925001101416180030171256                
07211a0810  1  6  2 29  0  0  0  0  0  0  0  0  1  6  1 21  0  1  1  8  0  0  0  1  0  0  1 11  1  5  0 15  0  3  0  5  0  5  1 14  0  1  0  4  1  0  0  3  0  2  1 11  0  2  0  8  1  2  1 10  0  2  0  7  1  3  1  6 10  6 16198  1  2  2 35  0  3  1 28  2  4  2 29 13 16 12232  4 10  6 990130091678013000                    
07211a0901  2  4  0  2  0  0  0  0  0  0  0  0  2  4  0  2  2  4  0  2  1  1  0  0  0  0  0  0  2  3  0  1  0  0  0  0  2  3  0  2  0  1  0  0  0  0  0  0  1  2  0  1  1  2  0  1  0  0  0  0  0  2  0  0  1  2  0  1 24 30 24238  6  2  7 30  0  0  0  4  2  2  1 22 21 22 23253  6  5  3 3102201915330100071825                
07211a0902  2  0  1 14  0  0  0  0  6  4  0 34  2  0  1 13  1  0  1  7  0  0  0  0  0  0  0  1  1  0  1  4  0  0  0  0  1  0  1 12  1  0  0  1  0  0  0  0  1  0  0  5  1  0  1  4  0  0  0  5  0  0  0  3  2  0  1  4 15 19 23201  3  5  1 30  1  0  0 28  5  9 15111 13 16 18232 22 28 273210110111410000000                    
07211a0903  2  5  4 14  0  0  0  0  0  0  0  0  2  5  4 13  2  0  0  2  0  0  0  1  1  1  1  2  0  0  0  3  0  1  0  3  1  2  3  9  1  2  1  3  0  1  0  1  1  2  1  5  0  2  1  7  1  1  2  2  0  2  1  4  1  1  1  4  3  7  7112  0  1  4 38 16 32 24257  0  0  0  0 12 32 28277  0  0  0  201300916320130081807                
07211a0904  2  1  0 13  0  0  0  0  0  0  0  0  1  0  0  9  0  0  0  1  0  0  0  0  1  1  0  2  0  0  0  0  0  0  0  0  0  0  0  7  1  0  0  2  0  0  0  0  1  1  0  2  0  0  0  3  1  0  0  8  1  1  0  2  0  1  0  6  3  3  3 53  0  2  0 17  0  0  1  5  0  0  1  1 14  6  9120 13 13  810601600818930090061862                
07211a0905  2  0  3  3  0  0  0  0  0  0  0  0  2  0  3  3  0  0  2  0  0  0  0  0  1  0  1  1  0  0  0  0  0  0  0  0  2  0  3  3  0  0  0  0  0  0  0  0  1  0  2  3  0  0  1  0  1  0  0  0  0  0  0  0  1  0  1  0 73 50 51198 15  6  7 21 16 16 14 91 88 51 47256 34 22 17138 56 35 332230180161876000000                    
07211a0906  1  1  1  4  0  0  0  0  0  0  0  0  1  1  1  3  0  1  1  2  0  0  0  0  0  0  1  2  1  1  0  1  0  0  0  1  0  1  1  3  0  0  0  0  1  0  0  0  1  1  0  1  0  0  1  0  0  0  0  3  0  0  0  0  0  0  0  0 29 19 35166  6  2  5 19 58 62 56257  5  3  2 22 28 22 23196  4  6  4 1501801514930070001100                
07211a0907  2  2  0  8  0  0  0  0  0  0  0  0  2  2  0  8  1  0  0  1  0  0  0  1  0  0  0  2  0  0  0  6  0  0  0  0  2  1  0  7  0  1  0  1  0  0  0  0  0  1  0  2  2  1  0  4  0  0  0  2  0  0  0  2  0  0  0  3 30 21 25252  3  5  3 35  6  4  2 42  1  0  0  0 41 36 24252  6  6  2 4301801618760120171569                
07211a0908  2  6  3  3  0  0  0  0  0  0  0  0  2  6  3  3  2  5  3  2  2  2  0  0  1  0  1  1  2  4  1  0  1  1  0  0  1  3  3  1  1  1  0  2  0  2  0  0  0  2  1  0  0  3  0  0  2  1  2  3  1  2  0  1  1  0  2  1 16 24 10137  4  1  0  6 27 29 20164  5  2  2 29 17 24 22170 26 20 2018202201017860110081572                
07211a0909  2  2  5 17  0  0  0  0  0  0  0  0  2  2  5 12  2  0  2  7  0  0  0  1  0  0  1  3  2  1  3  6  0  0  0  3  0  2  1  8  1  0  2  2  1  0  2  2  2  1  3  7  0  1  2  8  0  0  0  2  0  0  2  6  1  1  1  6  1  1  2 68  0  0  0 11  2  2  1 37  7  9 13 83  4  5  7117 12  7 16 8901801618760100091600                
07211a0910  2  4  1 16  0  0  0  0  0  0  0  0  2  4  1 14  1  1  1  1  1  0  0  1  1  0  0  2  1  1  0  5  0  0  0  1  2  4  1 11  0  0  0  2  0  0  0  1  0  1  1  3  2  0  0 10  0  3  0  3  0  0  0  6  0  1  1  5  6  9 12115  1  0  2  8  0  0  1 20  1  3  4 35 14 20 17179  9 13 1110601101417960070151600                
07211a0911  2  2  3  8  0  0  0  0  0  0  0  0  2  2  3  8  1  1  3  2  0  1  2  1  0  0  0  1  2  1  2  5  1  1  0  0  2  1  3  6  0  0  0  2  0  1  0  0  0  1  1  3  1  0  2  2  1  1  0  3  1  1  1  3  2  1  1  1  5  4  4 65  0  1  0 16  2  1  1  7  3  5  1 26 13 16 12232 17 28 241320170141731000009                    
07211a1001  3  3  1  3  0  0  0  0  0  0  0  0  3  3  1  3  0  0  0  1  0  0  0  0  0  1  0  2  0  0  0  1  0  0  0  0  3  2  1  2  0  1  0  0  0  0  0  1  0  1  0  3  1  1  0  0  2  1  1  0  0  2  0  1  2  1  0  2  1  1  2 22  0  1  1  6  1  0  0  3  6  4  4 36 10  5  8 76 61 63 422360170191855000000                    
07211a1002  3  1  0  8  0  0  0  0  0  0  0  0  0  0  0  4  0  0  0  0  0  0  0  0  1  1  0  0  0  0  0  1  0  0  0  0  0  0  0  2  0  0  0  2  0  0  0  0  1  1  0  0  2  0  0  6  0  0  0  2  1  0  0  2  2  1  0  2  1  4  1 14  1  1  1  6  4  1  3 37  0  0  0  0 10  7  4134  3  1  0  800902115500180151493                
07211a1003  3  4  1  3  0  0  0  0  0  0  0  0  3  4  1  3  1  1  1  2  0  0  1  0  0  0  0  0  0  0  1  0  0  0  0  0  2  3  1  3  1  1  0  0  0  0  0  0  1  2  0  1  2  2  0  1  0  0  1  1  0  0  0  2  0  1  0  1  1  2  1 30  0  1  0  2  5  3  7 25 40 35 32219 10 16 11145 46 34 3819501901918350250151825                
07211a1004  3  5  6 21  0  0  0  0  0  0  0  0  3  5  6 21  1  0  1  2  0  0  1  0  2  2  1  3  1  0  1  1  1  1  0  0  2  4  4 15  1  0  2  5  0  1  0  1  2  2  0  6  1  1  3  7  0  2  3  8  0  0  2  6  0  2  0  4  4  1  0 12  1  1  0  5  5  4  4 11  8  3  6 47 14  6  9120 21 13 13 850110121802000000                    
07211a1005  4  3  3  6  0  0  0  0  0  0  0  0  3  2  2  5  2  0  1  0  1  0  1  0  1  0  2  1  1  0  2  0  0  0  0  1  3  1  2  3  0  1  0  1  0  0  0  1  0  0  0  2  1  2  1  2  2  0  1  1  2  1  0  1  2  1  1  1 10  8  8 37  5  6  4  9 34 27 20 70 26 26 30 96 34 22 17138 27 20 2912701901418600100071825                
07211a1006  3  3  2  8  0  0  0  0  0  0  0  0  2  3  2  6  0  0  0  2  0  0  0  0  0  1  1  5  0  0  1  2  1  0  0  0  2  1  2  4  0  2  0  0  0  0  0  2  0  1  0  3  3  0  1  2  0  2  1  3  0  1  0  2  1  2  1  0  7  5 12 31  2  2  3  5 11  8  3 26 30 15 12 76 26 30 24131 13  6 12 7200801718420130081807                
07211a1007  3  3  1 11  0  0  0  0  0  0  0  0  3  3  1 11  3  0  0  0  2  0  0  0  0  1  0  2  2  1  0  4  0  0  0  1  2  2  1  7  1  1  0  2  0  0  0  2  1  0  1  5  1  1  0  4  1  2  0  2  2  1  0  2  1  1  0  4  2  0  0 12  0  0  0  0  1  0  0  9  0  0  1  2  3  6  8166 39 33 2620802201915330110141796                
07211a1008  3  5  2 11  0  0  0  0  0  0  0  0  3  5  2  5  0  0  0  1  0  0  0  1  0  2  0  5  0  1  0  3  2  2  1  2  2  4  2  4  0  0  0  1  1  1  0  0  2  4  0  5  0  1  1  3  1  0  1  3  0  2  0  4  1  2  1  4  2  9  2 23  0  0  0  4  4  2  4 18  6 12  9 68 17 24 22170  3  5  2 1401201318690090171541                
07211a1009  3  1  2 18  0  0  0  0  0  0  0  0  3  1  2 18  0  0  0  2  0  0  0  0  0  1  0  3  1  0  0  4  0  0  0  1  3  1  1 13  0  0  1  3  0  0  0  2  1  1  1  9  1  0  0  5  1  0  1  4  1  1  0  6  0  1  2  7  5  2  9 42  1  0  3 12  1  1  2 30  0  0  0  1 21 22 23253  3  1  2 1901301115450080122036                
07211a1010  3  0  0  5  0  0  0  0  0  0  0  0  3  0  0  4  0  0  0  1  0  0  0  1  1  0  0  0  2  0  0  1  2  0  0  3  0  0  0  3  1  0  0  0  2  0  0  1  1  0  0  1  1  0  0  1  1  0  0  3  0  0  0  1  2  0  0  2  0  3  2 21  0  2  1 10  2  1  4 13  2  1  0  7  8  7  5108 11  5  0 410270201800000000                    
07211a1011  3  3  6 16  0  0  0  0  0  0  0  0  3  3  5 13  0  2  1  1  0  0  1  1  0  0  0  2  0  0  1  4  0  0  0  1  2  2  4 10  0  1  1  1  1  0  0  2  3  0  3  6  0  1  3  5  0  2  0  5  1  1  2  3  0  2  0  4  5  5  2 43  1  4  1 20  3  3  0 53  1  0  0  7 10 11 12230  7  7 11 5801901918350100071825                
07211a1012  4  1  4  7  0  0  0  0  0  0  0  0  4  1  4  7  1  1  0  1  1  1  0  0  2  1  0  1  1  1  0  1  0  0  0  0  4  0  3  5  0  1  0  2  0  0  1  0  1  0  0  2  1  0  3  4  2  1  1  1  0  0  1  0  2  0  0  2  3  5  3 35  1  0  0  7  9 23 20 95  1  0  2  4 31 41 28252  2  0  3 1602501518250100091600                
07211a1013  3  4  1  3  0  0  0  0  0  0  0  0  3  4  1  3  1  0  0  2  0  0  0  1  0  2  0  1  0  1  0  2  0  0  1  2  2  2  1  2  0  2  0  0  1  0  0  1  1  1  1  0  1  2  0  2  1  1  0  1  0  2  0  1  1  1  1  0  9  7  6 28  1  2  1  8 15  8 12 88 47 48 45236 28 22 23196 24 26 191330250151825000003                    
07211a1014  4  6  4 39  0  0  0  0  0  0  0  0  4  6  4 39  0  0  0  4  0  0  0  1  1  1  1 14  1  1  0  5  0  1  1  4  4  6  4 31  0  0  0  7  0  0  0  1  3  1  2 18  0  2  2 11  1  3  0 10  0  0  1 13  1  2  0 12  4  2  4 40  2  0  0 16  6  6  5 67  5  6  4 46 13 16 18232 30 26 262220180161876000000                    
07211a1015  3  1  2  6  0  0  0  0  0  0  0  0  3  1  2  6  1  0  1  0  1  0  0  0  0  0  1  0  1  0  0  1  1  1  1  2  2  1  2  4  0  0  0  2  1  0  0  0  1  0  1  1  1  1  0  2  1  0  1  3  0  1  0  2  1  1  1  2  4  6  7 41  1  0  2 11 14  4  9 55  3  1  4 17 41 36 24252 32 24 2919701701918550070121480                
07211a1101  4  2  0 13  0  0  0  0  0  0  0  0  3  2  0 12  1  2  0  8  0  0  0  2  0  0  0  3  1  0  0  5  0  0  0  0  1  2  0 11  0  0  0  1  2  0  0  0  1  1  0  6  2  0  0  6  1  1  0  1  0  0  0  4  1  2  0  2 45 44 42350  2  0  2 21  1  1  2 30  0  1  0  8 21 22 23253 12 10 1114201501018060120171569                
07211a1102  6  2  1  8  0  0  0  0  0  0  0  0  6  2  1  7  3  2  0  3  0  0  0  0  2  1  0  2  1  0  0  1  5  2  0  4  5  1  1  6  0  0  0  1  1  1  0  0  3  1  1  2  2  0  0  2  1  1  0  4  3  0  0  1  5  0  1  2 22 14 13282  0  0  0  5 29 36 15145  5  4  2 19  9 15 13156 11  5  0 4102900513640380361400                
07211a1103  4  1  1  7  0  0  0  0  0  0  0  0  4  1  1  7  0  0  0  1  0  0  0  0  1  0  0  1  0  0  0  3  0  0  0  0  4  0  0  4  0  1  1  2  0  0  0  1  1  1  1  1  1  0  0  1  2  0  0  5  2  0  0  1  1  1  1  3 36 33 18222  2  3  0  5  3  3  2 14 34 27 23154 10 16 11145 64 39 3117702501518250250082040                
07211a1104  7  7  1 21  0  0  0  0  0  0  0  0  6  4  1 20  4  3  1 11  1  1  1  3  0  1  1  8  2  2  1  9  1  1  1  9  4  4  0 12  1  0  0  6  1  0  1  2  2  1  1  4  3  4  0  7  2  2  0 10  3  5  0  4  2  3  1  5 40 42 48380  1  1  2 16  1  1  1 19  5  9 15111 13 16 18232 26 23 312570140091444000000                    
07211a1105  7  2  4 15  0  0  0  0  0  0  0  0  7  2  4 15  4  0  2  5  0  0  0  2  1  0  0  0  2  1  1  5  1  0  0  2  6  2  4 12  1  0  0  3  0  0  0  0  2  1  0  5  4  1  3  5  1  0  1  5  2  0  1  3  3  1  0  5  7 10  9122  0  0  0  0  1  0  0  9  1  0  0  3  3  6  8166 19  6  8 8001801514930140001200                
07211a1106  4  2  2 23  1  0  0  0  0  0  0  0  4  2  2 18  4  2  2  9  0  0  0  0  3  0  0  5  0  0  0  3  0  0  0  1  3  2  2 14  1  0  0  3  0  0  0  1  1  0  2  6  2  1  0 10  1  1  0  7  2  0  0  4  0  1  0  7 10 11 14219  0  0  2 17  0  1  0  2  0  0  0  1  4  2  4142  9  5  5 9101400012000110091676                
07211a1107  5  3  1  8  0  0  0  0  0  0  0  0  5  3  1  8  5  3  1  7  0  0  0  1  1  1  1  1  0  0  0  1  1  0  1  2  3  3  1  6  0  0  0  2  2  0  0  0  5  1  0  3  0  2  1  3  0  0  0  2  1  1  0  1  2  0  0  4 16 13 21186  1  0  1  7  2  3  2 11  1  0  1  2 14 20 17179  5  4  2 2201201613020030011400                
07211a1108  4  3  1 10  0  0  0  0  0  0  0  0  4  3  1 10  0  0  0  1  0  0  0  0  0  0  0  2  3  1  1  4  0  0  0  0  4  2  0  9  0  1  1  1  0  0  0  0  1  1  0  1  2  0  1  4  1  2  0  5  2  1  0  0  1  2  1  3 28 17 34214  1  0  3 13  0  0  0  2  3  3  2 28 10  5  8 76 42 29 2510502501518250270061505                
07211a1109  4  3  2  3  0  0  0  0  0  0  0  0  4  3  2  3  0  1  0  1  0  0  0  0  1  0  0  0  3  1  1  1  1  0  0  0  3  1  1  1  1  2  0  2  0  0  1  0  1  1  0  1  1  1  0  1  2  1  2  1  1  0  1  0  2  1  1  1 15 16 13231  0  0  1 14  1  1  0  1  2  1  1 15  8  7  5108 36 38 4419501601017170180151493                
07211a1110  4  0  6 14  0  0  0  0  0  0  0  1  1  0  2  2  0  0  1  0  0  0  0  0  0  0  1  1  1  0  0  1  0  0  0  0  1  0  2  1  0  0  0  1  0  0  0  0  1  0  2  1  1  0  3  9  2  0  1  4  0  0  1  3  2  0  5  6 34 31 25229  0  1  1  9  0  0  0  0  0  0  0  3 17 24 22170  5  1  7 270130181369000000                    
07211a1111  3  3  2 12  0  0  0  0  0  0  0  0  3  3  2 12  1  0  0  1  0  0  0  0  0  0  1  1  1  0  0  2  1  0  0  1  2  3  2 10  0  0  0  1  1  0  0  1  0  1  1  4  0  1  1  3  3  1  0  5  2  1  0  2  2  2  0  6 16 17 23227  1  2  1  7  1  0  0 10  4  2  3 24 14  6  9120 11 13 11 8601901918350320161591                
07211a1112  4  2  1  2  0  0  0  0  0  0  0  0  4  2  1  2  1  0  1  0  0  0  0  0  0  0  1  0  2  2  0  0  1  1  0  0  3  1  0  2  0  0  0  0  1  1  1  0  2  0  0  0  1  0  0  1  1  2  1  1  1  1  0  0  1  1  0  0 35 34 22129  0  1  4  9  4  4  6  8 28 20 17 54 26 30 24131 20 13 1510501501014890190231155                
07211a1113  5  5  3  8  0  0  0  0  0  0  0  0  1  0  0  7  1  0  0  5  0  0  0  2  0  0  0  0  0  0  0  2  0  1  0  0  0  0  0  6  0  0  0  0  1  0  0  1  1  1  1  2  2  3  1  3  2  1  1  3  2  3  1  2  2  2  1  1 46 48 28165 10  4  1  9 14  8  8 47  4  7  0 11 34 22 17138 23 13 11 790100341200000005                    
07211a1114  4  3  0 11  0  0  0  0  0  0  0  0  4  3  0 11  3  3  0  7  1  0  0  1  0  1  0  1  1  0  0  1  0  0  0  0  4  3  0  6  0  0  0  4  0  0  0  1  1  0  0  2  3  2  0  5  0  1  0  4  1  1  0  3  0  2  0  3 31 40 38260  0  2  0 10 10  9  6 25 19 10  8 58 31 41 28252  4  3  0 1101501018060080071340                
07211a1115  7  3  1 11  0  0  0  1  0  0  0  0  7  3  1 11  7  3  1  7  1  0  0  1  1  1  0  1  1  0  0  3  1  1  1  0  5  2  1 11  1  1  0  0  1  0  0  0  0  1  0  5  3  1  1  3  4  1  0  3  4  0  0  4  4  1  0  4 44 36 40259  3  0  4 11 22 22 27103  3  1  1  8 28 22 23196  7  3  3 2903003412280030101200                
07211a1116  4  2  2 12  0  0  0  0  0  0  0  0  4  2  2 12  3  0  0  5  0  0  0  1  2  1  0  2  0  1  1  2  2  0  0  6  4  2  2  7  0  0  0  3  0  0  0  2  2  0  1  3  1  0  0  4  1  2  1  5  1  0  2  3  1  1  1  3 30 30 25362  3  4  1 25 66 60 54502  6  5 11 44 10 11 12230 42 44 2616302501518250230151314                
07211a1117  5  8  1 13  0  0  0  0  0  0  0  0  5  7  1 11  5  7  1 10  1  0  0  2  1  0  0  3  1  0  0  3  1  0  0  4  5  5  0  8  0  1  1  3  0  1  0  0  1  3  1  6  4  5  0  3  0  0  0  4  1  0  0  3  1  0  0  5 63 56 46364  3  3  3 20 14  9  4 47 10  9  7 55 41 36 24252 26 25 1114601301115450100091600                
07211a1118  1  2  1 14  0  0  0  0  0  0  0  0  1  2  1 14  0  0  0  4  0  0  0  2  0  0  0  0  0  1  1  6  0  0  0  0  1  1  1 11  0  1  0  2  0  0  0  1  1  0  0  1  0  2  1  9  0  0  0  4  0  0  1  3  0  0  1  4 26 50 35329  1  6  3 23  5  2  1 24  4  3  5 40 12 32 28277 11  9 1513501501616960010101600                
07211a1201  2  5  4 14  0  0  0  0  0  0  0  0  1  4  2  3  0  0  1  1  0  0  1  0  0  0  1  0  1  1  1  0  0  0  1  3  1  2  1  1  0  1  1  2  0  1  0  0  0  2  0  7  0  3  1  5  2  0  3  2  0  0  0  4  1  1  1  7 15 19 18196  3  2  1 30  0  0  1  4  1  1  4 10 10  5  8 76 18 14 17 7102201914140120171594                
07211a1202  0  0  0  8  1  0  0  0  5  3  1  1  0  0  0  7  0  0  0  0  0  0  0  0  0  0  0  2  0  0  0  3  0  0  0  2  0  0  0  5  0  0  0  2  0  0  0  0  0  0  0  1  0  0  0  2  0  0  0  5  0  0  0  1  0  0  0  4  5 11 12205  0  2  2 29  1  0  0 14  3  3  2 42 10 16  6142 10 16  31060020141647000000                    
07211a1203  3  4  4 28  0  0  0  0  0  0  0  0  2  1  1 14  2  0  0 10  2  0  0  5  1  0  0  4  2  0  0  6  0  0  0  0  1  1  1  8  1  0  0  3  0  0  0  3  1  0  1  5  0  1  1 14  2  3  2  9  1  0  1  7  1  2  1 12  4  5  5111  0  0  1  1  0  0  0  3  0  1  0  8  3  6  8166 13 12 13 8401801616980170181826                
07211a1204  1  2  0  7  1  0  0  0  0  0  0  0  1  2  0  5  1  0  0  2  1  0  0  1  0  0  0  1  1  2  0  2  0  0  0  1  1  1  0  2  0  0  0  2  0  1  0  1  0  0  0  1  1  2  0  4  0  0  0  2  0  0  0  2  0  1  0  4 10  8 10139  0  0  3 32  0  0  0  4  2  1  1 19 14  6  9120 17 12 11 6200701315880000201200                
07211a1205  1  0  0  9  0  0  0  0  9  2  0  2  1  0  0  8  0  0  0  2  0  0  0  0  0  0  0  0  0  0  0  4  0  0  0  0  0  0  0  4  1  0  0  3  0  0  0  1  0  0  0  1  1  0  0  6  0  0  0  2  1  0  0  2  0  0  0  1 28 17 30378  8  6  1 42  0  0  0  4  1  0  1 28 10 11 12230 18 21 1818301301814080190161661                
07211a1206  2  0  0  5  0  0  0  0  0  0  0  0  2  0  0  5  2  0  0  4  0  0  0  1  0  0  0  0  0  0  0  2  0  0  0  2  0  0  0  3  0  0  0  1  2  0  0  1  0  0  0  1  0  0  0  1  2  0  0  3  0  0  0  0  0  0  0  1 58 47 59269  5  5  4 26 14  8  8 47  0  0  0  0 34 22 17138  0  0  0  100002214000100071200                
07211a1207  1  0  7 11  0  0  0  0  2  0  0  1  1  0  6  8  1  0  3  0  1  0  0  0  0  0  1  2  1  0  4  4  0  0  0  0  0  0  3  4  1  0  1  2  0  0  2  2  0  0  3  1  0  0  2  7  1  0  2  3  1  0  3  3  0  0  1  6 14 19 16185  1  0  2 14  3  6  2 15  1  1  3 19 14 20 17179  3  6  6 180090211443003000                    
07211a1208  2  1  0  2  0  0  0  0  0  0  0  0  2  1  0  2  2  1  0  0  0  0  0  0  1  0  0  1  0  0  0  1  0  0  0  1  0  1  0  0  0  0  0  2  2  0  0  0  0  0  0  0  0  1  0  2  2  0  0  0  0  0  0  1  0  1  0  1 40 38 37384  1  5  8 37  0  0  0  2  0  0  0  4 13 16 18232  2  1  0  200901113100120161380                
07211a1209  2  5  2  9  0  0  0  0  0  0  0  0  2  3  1  4  2  3  0  4  1  0  0  0  0  0  0  1  1  0  0  0  2  0  0  2  2  2  0  1  0  0  1  1  0  1  0  2  0  1  1  1  1  2  1  6  1  2  0  2  0  1  1  2  1  3  0  1 69 42 41356 10  4  3 37 14  4  9 55  4  1  3 24 41 36 24252 10 11 1112800701514690110081497                
07211a1210  2  5  1 13  0  0  0  0  0  0  0  0  2  5  1 13  0  0  0  2  0  0  0  0  1  4  1  4  1  4  1  2  0  0  0  0  2  3  1  7  0  0  0  2  0  2  0  4  0  1  1  4  2  3  0  5  0  1  0  4  0  1  0  0  0  2  0  7  9 18 17230  0  3  1 21  4  1  5 83  0  0  0  1  8 13 21142  3  5  3 3800501214080080131623                
07211a1211  2  4  2 17  0  0  0  0  0  0  0  0  2  4  2 15  0  3  1  3  0  1  0  1  0  1  0  2  1  4  1  8  0  0  0  0  0  4  0  9  0  0  0  3  2  0  2  3  0  3  0  5  2  0  2  3  0  1  0  9  1  3  1  5  2  1  1 11 36 29 36238  4  8  3 20  0  1  0  3 10 18 17 64 28 22 23196 25 18 1218902501517250190191709                
07211a1212  2  4  2 11  0  0  0  0  0  0  0  0  2  4  2  7  2  4  2  2  1  1  0  0  0  0  0  1  1  1  0  2  0  0  0  1  0  2  1  7  2  1  1  0  0  1  0  0  0  0  1  4  1  1  0  5  1  3  1  2  0  3  1  2  0  0  0  3 13 16 21230  5  3  2 37  0  1  1 20  0  0  1  4  4  2  4142 10 10  8 6100701514690110081497                
07211a1213  2  1  1 10  0  0  0  0  0  0  0  0  0  0  0  0  0  0  0  0  0  0  0  0  0  0  0  0  0  0  0  0  0  0  0  0  0  0  0  0  0  0  0  0  0  0  0  0  1  1  0  7  1  0  0  2  0  0  1  1  0  1  0  1  2  0  0  3  6  4  9118  1  2  3 38  3  3  6 27 44 36 23261 13 16 12232 18 17  8 9702201914140110081497                
07211a1214  1  0  0  5  1  0  0  0  0  0  0  0  1  0  0  2  1  0  0  0  0  0  0  0  1  0  0  1  0  0  0  1  0  0  0  0  0  0  0  1  0  0  0  1  1  0  0  0  0  0  0  1  0  0  0  3  1  0  0  1  1  0  0  3  1  0  0  0 20 12 20205  3  1  6 52  2  3  1 27  1  2  1 20 12 32 28277  7 12  810101501015000150081662                
07211a1215  2  3  1 10  0  0  0  0  0  0  0  0  2  2  1  9  1  1  1  6  0  0  0  2  0  1  0  2  0  1  0  2  1  0  0  0  2  0  0  5  0  1  1  1  0  1  0  3  1  0  0  2  1  0  1  2  0  3  0  6  0  1  1  4  1  0  0  1 32 51 37388  6  6  1 31 13 11 13 77  1  0  0  6 21 22 23253 20 16 2011800902114430110081497                
07211a1216  2  3  0 13  0  0  0  0  0  0  0  0  2  3  0 10  0  0  0  1  0  0  0  1  0  1  0  2  1  1  0  3  0  0  0  0  0  2  0  6  1  0  0  3  1  1  0  1  1  2  0  2  1  0  0  4  0  1  0  7  1  1  0  3  1  2  0  4 26 22 16201  1  1  2  9  1  0  0 17  0  0  1  1 10 16 11145  2  3  0 160110141643014000                    
1021160101  0  0  0  6  0  0  0  0  0  0  0  0  0  0  0  3  0  0  0  0  0  0  0  0  0  0  0  2  0  0  0  1  0  0  0  0  0  0  0  3  0  0  0  0  0  0  0  0  0  0  0  1  0  0  0  2  0  0  0  3  0  0  0  1  0  0  0  2  6 18 16223  3  2  5 49  9  6  3 47  0  0  0  1 16 18 24309  1  4  7 3701901416920030011700                
1021160102  0  0  0  2  0  0  0  0  0  0  0  0  0  0  0  2  0  0  0  0  0  0  0  0  0  0  0  0  0  0  0  1  0  0  0  0  0  0  0  2  0  0  0  0  0  0  0  0  0  0  0  1  0  0  0  0  0  0  0  1  0  0  0  1  0  0  0  0  7 10  4 82  2  4  2 46  2  1  1 14  2  1  0 19  9 10  6114 17  8 13 9001401312940140091520                
1021160103  0  1  0  2  0  0  0  0  0  0  0  0  0  1  0  2  0  1  0  0  0  1  0  0  0  0  0  0  0  1  0  1  0  1  0  0  0  0  0  1  0  1  0  1  0  0  0  0  0  0  0  0  0  0  0  2  0  1  0  0  0  1  0  0  0  0  0  0  8  9  6126  2  3  1 39  4  8  2 38  0  1  0  4  7  7  3180 12  8  712701501615150250151725                
1021160104  0  0  0  1  0  0  0  1  0  0  0  0  0  0  0  1  0  0  0  0  0  0  0  0  0  0  0  0  0  0  0  1  0  0  0  1  0  0  0  1  0  0  0  0  0  0  0  0  0  0  0  0  0  0  0  1  0  0  0  0  0  0  0  0  0  0  0  0  1  5  4 59  0  3  3 47  4  5 11163  0  1  1 10  3  3  5138  4  7  7 5600501416550090171772                
1021160105  0  1  2  0  0  0  0  0  0  0  0  0  0  1  2  0  0  0  0  0  0  0  0  0  0  0  0  0  0  0  2  0  0  1  2  0  0  1  1  0  0  0  0  0  0  0  1  0  0  0  1  0  0  1  1  0  0  0  0  0  0  0  0  0  0  0  2  0 16 16 18136 11  4 10 45  0  1  2  2  1  3  3 14 25 23 31217  0  1  2  001901917090140121475                
1021160106  0  0  0  2  0  0  0  0  0  0  0  0  0  0  0  1  0  0  0  0  0  0  0  0  0  0  0  0  0  0  0  0  0  0  0  2  0  0  0  1  0  0  0  0  0  0  0  0  0  0  0  0  0  0  0  1  0  0  0  1  0  0  0  1  0  0  0  2  3  4  2 50  0  0  0  2 17 24 23265  3  2  5 47  2  5  2 63  0  0  0 1101600816880140121475                
1021160107  0  0  0  2  0  0  0  0  0  0  0  0  0  0  0  0  0  0  0  0  0  0  0  0  0  0  0  0  0  0  0  0  0  0  0  1  0  0  0  0  0  0  0  0  0  0  0  0  0  0  0  1  0  0  0  1  0  0  0  0  0  0  0  1  0  0  0  1  5 11  7135  0  2  1 32  0  0  0  1  5  3  4146 11 12  7191  0  0  0  201101516280140091700                
1021160108  0  0  0  2  0  0  0  0  0  0  0  0  0  0  0  2  0  0  0  0  0  0  0  0  0  0  0  1  0  0  0  0  0  0  0  0  0  0  0  2  0  0  0  0  0  0  0  0  0  0  0  0  0  0  0  1  0  0  0  1  0  0  0  1  0  0  0  2  2  1  2 56  1  1  0 18  0  0  0  6  0  0  0 19  3  3  4 97  5 10 10 800200101625023000                    
1021160109  0  0  0  3  0  0  0  1  0  0  0  0  0  0  0  0  0  0  0  0  0  0  0  0  0  0  0  2  0  0  0  0  0  0  0  0  0  0  0  0  0  0  0  0  0  0  0  0  0  0  0  1  0  0  0  0  0  0  0  2  0  0  0  0  0  0  0  1  5  1  0 50  1  0  0  3  1  1  0 44  0  0  0  3  3  4  0 26  6  7  413600600317330000181300                
1021160110  0  0  0  2  0  0  0  0  0  0  0  0  0  0  0  1  0  0  0  0  0  0  0  0  0  0  0  0  0  0  0  1  0  0  0  0  0  0  0  1  0  0  0  0  0  0  0  0  0  0  0  1  0  0  0  1  0  0  0  0  0  0  0  0  0  0  0  2 24 23 28170  7  7  5 39 10  7  4 41 13 12  2 61 20 28 28272  9  4 10 4402701412880090071396                
1021160111  0  0  0  1  0  0  0  0  0  0  0  0  0  0  0  0  0  0  0  0  0  0  0  0  0  0  0  0  0  0  0  0  0  0  0  0  0  0  0  0  0  0  0  0  0  0  0  0  0  0  0  1  0  0  0  0  0  0  0  0  0  0  0  0  0  0  0  0  7 13  9 50  6 10  9 46 18 13 10 70  8  5  6 43 19 14 19110 14  6 1010001101416430190191709                
1021160112  0  0  1  2  0  0  0  0  0  0  0  0  0  0  1  1  0  0  1  0  0  0  1  0  0  0  0  1  0  0  1  1  0  0  1  2  0  0  0  1  0  0  1  0  0  0  0  0  0  0  0  1  0  0  0  1  0  0  1  0  0  0  1  0  0  0  1  0  2  1  1  8  2  1  1  8  0  0  1  3  1  0  1  4  0  1  0 18  0  0  1 1402001016250180161698                
1021160113  0  0  0  4  0  0  0  0  0  0  0  0  0  0  0  3  0  0  0  1  0  0  0  0  0  0  0  0  0  0  0  1  0  0  0  0  0  0  0  2  0  0  0  1  0  0  0  0  0  0  0  0  0  0  0  3  0  0  0  1  0  0  0  0  0  0  0  1  1  6  4 48  1  4  2 24  0  0  0  3  2  2  3 40 11 10  8103 23 21 2015402201914140250151725                
1021160114  0  0  0  2  0  0  0  0  0  0  0  0  0  0  0  1  0  0  0  0  0  0  0  0  0  0  0  0  0  0  0  0  0  0  0  2  0  0  0  1  0  0  0  0  0  0  0  0  0  0  0  1  0  0  0  0  0  0  0  1  0  0  0  1  0  0  0  0 17 18 14129  8  9  4 70  2  0  0  6  1  0  0  6 15 17 25162  6  3  3 1702201016840190191709                
1021160201  0  0  0  4  0  0  0  0  0  0  0  0  0  0  0  4  0  0  0  0  0  0  0  0  0  0  0  0  0  0  0  1  0  0  0  0  0  0  0  2  0  0  0  1  0  0  0  1  0  0  0  2  0  0  0  2  0  0  0  0  0  0  0  0  0  0  0  1  4  7  8139  1  1  2 27  0  0  0 10  0  0  0  4  3  9  3 81  0  0  0 5701601217600100041786                
1021160202  0  0  0  3  0  0  0  0  0  0  0  0  0  0  0  3  0  0  0  1  0  0  0  1  0  0  0  0  0  0  0  2  0  0  0  2  0  0  0  2  0  0  0  0  0  0  0  1  0  0  0  1  0  0  0  1  0  0  0  1  0  0  0  1  0  0  0  0 21 22 16238  1  1  0  6  6 10  9 73  1  0  1 11  7 11 13122 14 15  91110180151493000000                    
1021160203  0  0  0  1  0  0  0  0  0  0  0  0  0  0  0  0  0  0  0  0  0  0  0  0  0  0  0  0  0  0  0  0  0  0  0  0  0  0  0  0  0  0  0  0  0  0  0  0  0  0  0  0  0  0  0  1  0  0  0  0  0  0  0  0  0  0  0  0 23 17 23293  0  0  0  4 32 33 28353  0  0  0  2  4 11 12197  0  0  0  80180151493000000                    
1021160204  0  0  0  1  0  0  0  0  0  0  0  0  0  0  0  1  0  0  0  0  0  0  0  0  0  0  0  0  0  0  0  1  0  0  0  0  0  0  0  1  0  0  0  0  0  0  0  0  0  0  0  1  0  0  0  0  0  0  0  0  0  0  0  0  0  0  0  0  2  6  5104  0  1  1 14  0  1  0 14  4  3  5 72  0  1  0 18  1  1  1 1701200715970080121433                
1021160205  0  0  0  3  0  0  0  0  0  0  0  0  0  0  0  3  0  0  0  2  0  0  0  1  0  0  0  1  0  0  0  2  0  0  0  1  0  0  0  3  0  0  0  0  0  0  0  0  0  0  0  1  0  0  0  1  0  0  0  1  0  0  0  1  0  0  0  1  5 10  8176  0  4  1 17  0  0  1 19  1  1  0 11  5  4  1 56  0  0  0 3001000814430120101439                
1021160206  0  0  0  2  0  0  0  0  0  0  0  0  0  0  0  2  0  0  0  0  0  0  0  0  0  0  0  0  0  0  0  0  0  0  0  0  0  0  0  2  0  0  0  0  0  0  0  0  0  0  0  0  0  0  0  1  0  0  0  1  0  0  0  0  0  0  0  1 34 34 33308 12  6  7 81  3  3  4 31  0  1  1  4 15 17 25162  6  8 1312401801514930080121433                
1021160207  0  0  0  2  0  0  0  0  0  0  0  0  0  0  0  1  0  0  0  0  0  0  0  0  0  0  0  0  0  0  0  1  0  0  0  2  0  0  0  1  0  0  0  0  0  0  0  0  0  0  0  2  0  0  0  0  0  0  0  0  0  0  0  0  0  0  0  1  4  7  7221  1  1  0 34  2  2  3 66  1  0  1 13 10  6  8173  6  5 1011501101117100160081893                
1021160208  0  0  0  5  0  0  0  0  0  0  0  0  0  0  0  5  0  0  0  3  0  0  0  1  0  0  0  1  0  0  0  4  0  0  0  1  0  0  0  5  0  0  0  0  0  0  0  0  0  0  0  2  0  0  0  1  0  0  0  2  0  0  0  1  0  0  0  3  3 13  8247  0  2  1 46  0  1  0 17 15 16  7251 11 12  7191  4  4  7 9800601317160140131244                
1021160209  0  0  0  4  0  0  0  0  0  0  0  0  0  0  0  3  0  0  0  3  0  0  0  1  0  0  0  0  0  0  0  2  0  0  0  1  0  0  0  3  0  0  0  0  0  0  0  0  0  0  0  1  0  0  0  2  0  0  0  1  0  0  0  1  0  0  0  3 24 19 24331  2  3  3 25  6  9 11 80  0  0  0  1 10 29 19235  0  0  0  40130181369000000                    
1021160210  0  0  0  1  0  0  0  0  0  0  0  0  0  0  0  0  0  0  0  0  0  0  0  0  0  0  0  0  0  0  0  0  0  0  0  1  0  0  0  0  0  0  0  0  0  0  0  0  0  0  0  1  0  0  0  0  0  0  0  0  0  0  0  1  0  0  0  1  4  1  6 84  0  0  2 17  0  0  1  4  2  1  5 25  4  8  4 87  0  0  0 11000000    0110111410                
1021160211  0  0  1  0  0  0  0  0  0  0  0  0  0  0  1  0  0  0  0  0  0  0  0  0  0  0  0  0  0  0  0  0  0  0  1  0  0  0  1  0  0  0  0  0  0  0  0  0  0  0  1  0  0  0  0  0  0  0  0  0  0  0  1  0  0  0  0  0 12  7 11158  0  1  5 37  3  2 12 26  0  0  1  3 11 10  8103  1  0  1  201701918550190191835                
1021160212  0  0  0  4  0  0  0  0  0  0  0  0  0  0  0  1  0  0  0  1  0  0  0  1  0  0  0  0  0  0  0  1  0  0  0  2  0  0  0  1  0  0  0  0  0  0  0  0  0  0  0  1  0  0  0  3  0  0  0  0  0  0  0  1  0  0  0  2  5  6  9 93  0  0  1  4  1  1  0 44  0  0  0  3  3  4  0 26  6  7  413600800817660120101439                
1021160213  0  0  0  4  0  0  0  0  0  0  0  0  0  0  0  3  0  0  0  3  0  0  0  1  0  0  0  0  0  0  0  3  0  0  0  1  0  0  0  3  0  0  0  0  0  0  0  0  0  0  0  2  0  0  0  1  0  0  0  1  0  0  0  1  0  0  0  2  9  6 20292  0  0  0  4  0  0  1 16  0  0  0  1  7  2  8155  3  2  1 4601101114100350001657                
1021160214  0  0  0  2  0  0  0  0  0  0  0  0  0  0  0  2  0  0  0  0  0  0  0  0  0  0  0  0  0  0  0  0  0  0  0  0  0  0  0  2  0  0  0  0  0  0  0  0  0  0  0  1  0  0  0  1  0  0  0  0  0  0  0  0  0  0  0  0  9 10  7257  1  2  2 47  0  0  0  2  0  0  0  3  8  5  5 82  1  0  0 2602001015560250151825                
1021160215  0  1  1  3  0  0  0  0  0  0  0  0  0  1  1  3  0  1  1  1  0  0  0  1  0  1  0  0  0  1  1  2  0  0  0  1  0  1  1  3  0  0  0  0  0  0  0  0  0  0  0  0  0  0  1  1  0  1  0  2  0  0  0  1  0  0  0  1 21 18 24257  2  3  5 52  1  0  0  7  0  0  1  7  9 10  6114  5  3  5 2902203116520080121433                
1021160216  0  0  0  4  0  0  0  0  0  0  0  0  0  0  0  3  0  0  0  0  0  0  0  0  0  0  0  1  0  0  0  1  0  0  0  2  0  0  0  1  0  0  0  2  0  0  0  0  0  0  0  1  0  0  0  1  0  0  0  2  0  0  0  1  0  0  0  1 10  9  9125  2  3  2 38  2  6  6 53  1  2  4 23  6  3 11 50  4  6  8 7801501616960170141961                
1021160217  0  0  0  1  0  0  0  0  0  0  0  0  0  0  0  0  0  0  0  0  0  0  0  0  0  0  0  0  0  0  0  0  0  0  0  0  0  0  0  0  0  0  0  0  0  0  0  0  0  0  0  0  0  0  0  1  0  0  0  0  0  0  0  0  0  0  0  0  2  6  5177  0  0  0  8  1  2  1 29  1  0  0  8  9  5  5101  5  2  4 6501401312920170141961                
1021160218  0  0  0  1  0  0  0  0  0  0  0  0  0  0  0  1  0  0  0  1  0  0  0  0  0  0  0  0  0  0  0  1  0  0  0  0  0  0  0  1  0  0  0  0  0  0  0  0  0  0  0  1  0  0  0  0  0  0  0  0  0  0  0  0  0  0  0  0 38 38 36328  5  5  7 50  2  0  1  3  6  6  4 32 20 28 28272  9 14  8 8501601217600220001350                
1021160301  0  0  1  1  0  0  0  0  0  0  0  0  0  0  1  1  0  0  0  0  0  0  0  0  0  0  0  0  0  0  0  1  0  0  0  0  0  0  0  0  0  0  1  0  0  0  0  1  0  0  0  0  0  0  1  0  0  0  0  1  0  0  0  0  0  0  0  0  9  7  7 52  1  0  2 13  6  9  6 31  7  8  5 35 20 28 28272 15 22 2414101401312940090171547                
1021160302  0  1  0  4  0  0  0  0  0  0  0  0  0  1  0  3  0  0  0  1  0  0  0  1  0  0  0  0  0  1  0  3  0  0  0  0  0  1  0  2  0  0  0  1  0  0  0  0  0  0  0  1  0  0  0  1  0  1  0  2  0  0  0  0  0  0  0  0  5  5  6 36  0  0  1  1  0  0  0  1  0  0  0  0  7 11 13122 15 14 1417400902114430140131207                
1021160303  0  0  0  3  0  0  0  0  0  0  0  0  0  0  0  2  0  0  0  1  0  0  0  1  0  0  0  0  0  0  0  1  0  0  0  0  0  0  0  2  0  0  0  0  0  0  0  0  0  0  0  0  0  0  0  1  0  0  0  2  0  0  0  0  0  0  0  0 10  7  4 52  2  2  1 11  4  2  3 72  0  0  0  3 15 15 13190  3  4  2 7801400915200140121475                
1021160304  0  0  0  4  0  0  0  0  0  0  0  0  0  0  0  3  0  0  0  0  0  0  0  0  0  0  0  1  0  0  0  2  0  0  0  0  0  0  0  2  0  0  0  1  0  0  0  0  0  0  0  1  0  0  0  1  0  0  0  2  0  0  0  0  0  0  0  0  5 11  7 65  4  5  4 36  3  0  8 26  0  0  0  0 15 17 25162  1  3  2  90090181528000000                    
1021160305  0  0  1  2  0  0  0  0  0  0  0  0  0  0  1  2  0  0  0  0  0  0  0  0  0  0  0  0  0  0  1  1  0  0  0  0  0  0  1  1  0  0  0  1  0  0  0  0  0  0  0  1  0  0  1  1  0  0  0  0  0  0  0  0  0  0  1  0  3  8  7 50  0  2  1 17  1  0  0 14  0  0  0  0  8  5  5 82  0  0  1  201401312940110121674                
1021160306  0  0  1  5  0  0  0  0  0  0  0  0  0  0  0  2  0  0  0  0  0  0  0  0  0  0  0  1  0  0  0  2  0  0  0  0  0  0  0  2  0  0  0  0  0  0  0  0  0  0  0  2  0  0  0  3  0  0  1  0  0  0  0  0  0  0  0  0  8  6  4 68  2  3  2 20  1  1  0 20  0  0  1  1  7  7  3180  0  1  2 1800301812690080121534                
1021160307  0  0  0  2  0  0  0  0  0  0  0  0  0  0  0  2  0  0  0  0  0  0  0  0  0  0  0  0  0  0  0  2  0  0  0  0  0  0  0  2  0  0  0  0  0  0  0  0  0  0  0  1  0  0  0  0  0  0  0  1  0  0  0  0  0  0  0  0  0  3  2 64  0  0  0 11  0  0  0  2 15 16  7251 11 12  7191  0  0  0  500401714900090111614                
1021160308  0  0  2  4  0  0  0  0  0  0  0  0  0  0  2  2  0  0  0  0  0  0  0  0  0  0  0  0  0  0  2  2  0  0  0  1  0  0  2  2  0  0  0  0  0  0  0  0  0  0  1  1  0  0  0  1  0  0  1  2  0  0  0  0  0  0  0  2  1  2  3  9  1  2  3  9 14  9 20161  3  3  3 31  6  3 11 50 21 25 2121400401714900090061606                
1021160309  0  0  0  3  0  0  0  0  0  0  0  0  0  0  0  2  0  0  0  0  0  0  0  0  0  0  0  1  0  0  0  2  0  0  0  0  0  0  0  1  0  0  0  0  0  0  0  1  0  0  0  0  0  0  0  2  0  0  0  1  0  0  0  0  0  0  0  0  0  0  1  9  0  0  0  8  1  2  1  1  2  1  1 11  3  1  1 89  1  2  3 3100001615680180151499                
1021160310  0  0  0  2  0  0  0  0  0  0  0  0  0  0  0  1  0  0  0  1  0  0  0  1  0  0  0  0  0  0  0  1  0  0  0  0  0  0  0  1  0  0  0  0  0  0  0  0  0  0  0  0  0  0  0  0  0  0  0  2  0  0  0  0  0  0  0  0  1  1  1  9  0  1  1  8  0  0  0  1  0  0  0  0  7  7  3 57  0  0  0  2000000    0090061606                
1021160311  0  0  1  3  0  0  0  0  0  0  0  0  0  0  1  1  0  0  0  0  0  0  0  0  0  0  0  0  0  0  1  0  0  0  0  0  0  0  1  1  0  0  0  0  0  0  0  0  0  0  0  1  0  0  1  0  0  0  0  2  0  0  0  0  0  0  0  2  1  0  0  7  1  0  0  6  0  0  0  2  0  0  0  2  0  1  0 18  2  5  2 2301701916510190191709                
1021160312  0  0  1  2  0  0  0  0  0  0  0  0  0  0  0  0  0  0  0  0  0  0  0  0  0  0  0  0  0  0  0  0  0  0  1  0  0  0  0  0  0  0  0  0  0  0  0  0  0  0  0  0  0  0  0  2  0  0  1  0  0  0  1  0  0  0  0  0 12  5 10 37  5  1  4 14  1  4  3 24  3  2  3 33 25 23 31217  0  0  1 1101200716040120141540                
1021160313  0  0  0  1  0  0  0  0  0  0  0  0  0  0  0  1  0  0  0  0  0  0  0  0  0  0  0  0  0  0  0  1  0  0  0  1  0  0  0  1  0  0  0  0  0  0  0  0  0  0  0  1  0  0  0  0  0  0  0  0  0  0  0  0  0  0  0  0  2  2  4 42  0  1  0  2  0  0  1  9  1  0  1 28  9  5  5101  4  5  2 2901601113830140131207                
1021160314  0  2  1  3  0  0  0  0  0  0  0  0  0  2  1  2  0  2  1  0  0  0  0  0  0  0  0  0  0  2  1  1  0  0  0  0  0  1  1  2  0  0  0  0  0  1  0  0  0  1  0  0  0  1  1  2  0  0  0  1  0  0  0  0  0  0  0  1  4  2  3 36  3  1  0 18  1  2  3 21  0  0  0  0  9 10  6114  0  2  1  801901416920160161706                
1021160401  0  0  0 11  0  0  0  1  2  1  1  4  0  0  0  5  0  0  0  0  0  0  0  0  0  0  0  3  0  0  0  5  0  0  0  3  0  0  0  2  0  0  0  3  0  0  0  0  0  0  0  2  0  0  0  3  0  0  0  1  0  0  0  1  0  0  0  2  2  0  0 78  0  0  0  2  1  0  0 13  0  0  0  7  0  0  0 14  0  0  0 460080161784000000                    
1021160402  0  0  0 10  0  0  0  0  0  0  0  0  0  0  0  3  0  0  0  2  0  0  0  2  0  0  0  3  0  0  0  3  0  0  0  0  0  0  0  3  0  0  0  0  0  0  0  0  0  0  0  1  0  0  0  2  0  0  0  4  0  0  0  0  0  0  0  4 13 14 14 97  3  3  1 12  0  0  0  0  4  1  2 12  0  5  2 12  0  0  0 1201901418600160111810                
1021160403  0  1  0  9  1  0  0  0  0  0  0  0  0  1  0  2  0  0  0  0  0  0  0  0  0  0  0  0  0  1  0  2  0  1  0  1  0  1  0  2  0  0  0  0  0  0  0  0  0  0  0  2  0  0  0  5  0  0  0  0  0  0  0  2  0  0  0  3 16 12 22153  1  1  1  9  1  1  1 12  0  1  0  1  0  0  0  2  3  3  2 2801300916320050062000                
1021160404  0  1  0 17  0  0  0  1  2  0  0  1  0  0  0  2  0  0  0  0  0  0  0  0  0  0  0  3  0  0  0  2  0  0  0  2  0  0  0  1  0  0  0  1  0  0  0  0  0  1  0  2  0  0  0  5  0  0  0  8  0  0  0  4  0  0  0  9  3  9  5 76  1  1  1  6  0  0  0 16  0  0  0  7  0  0  1  8  0  0  0 4301601217600200082310                
1021160405  5  0  1  9  0  0  0  0  0  0  0  0  0  0  0  0  0  0  0  0  0  0  0  0  2  0  1  1  0  0  0  0  0  0  0  0  0  0  0  0  0  0  0  0  0  0  0  0  3  0  0  1  1  0  0  6  1  0  1  2  2  0  0  4  2  0  0  3 28 26 24148  0  2  1  5  0  0  0  1  0  0  0  0  2  4  1 15 16 11 3411101901418600130081807                
1021160406  2  2  3 12  0  0  0  0  0  0  0  0  0  0  0  0  0  0  0  0  0  0  0  0  0  0  0  0  0  0  0  0  0  0  0  0  0  0  0  0  0  0  0  0  0  0  0  0  1  0  0  2  0  2  2  7  1  0  1  3  0  0  0  3  1  0  3  7 21 17 22139  1  4  1 15  0  0  1  5  0  0  0  5  1  0  0 15 21 26 342970090211369000000                    
1021160407  3  1  0 16  1  0  0  1  0  0  0  0  0  0  0  0  0  0  0  0  0  0  0  0  0  0  0  0  0  0  0  0  0  0  0  0  0  0  0  0  0  0  0  0  0  0  0  0  1  0  0  5  2  1  0  6  0  0  0  5  0  0  0  6  0  0  0  8 14 12 16 74  3  1  2  5  0  0  0  2  0  0  0  0  0  0  0 13  4  1  1 3700801214330070111288                
1021160408  3  1  2 16  0  0  0  0  0  0  0  0  0  0  0  1  0  0  0  0  0  0  0  0  0  0  0  0  0  0  0  1  0  0  0  0  0  0  0  1  0  0  0  0  0  0  0  0  3  0  0  4  0  1  2  7  0  0  0  4  0  1  2  4  1  0  1  8 11 18 13210  0  1  0  4  1  1  1  9  0  0  0  3  0  0  1 17  5  5  4 7201601617860080171842                
1021160409  0  2  3 13  0  0  0  0  5  2  2 23  0  2  2  5  0  1  0  0  0  1  0  0  0  0  1  0  0  2  2  5  0  2  2  5  0  2  2  5  0  0  0  0  0  0  0  0  0  0  0  2  0  0  0  2  0  0  1  4  0  1  0  3  0  1  0  5 37 27 19109  3  4  1  7  5  5  4 29  0  2  2  5  0  2  0 11  4  8  8 5501701419610090151600                
1021160410  3  1  4 20  0  0  0  0  2  2  1  4  0  1  2  1  0  0  0  1  0  0  0  1  0  0  0  2  0  1  2  1  0  1  2  1  0  1  1  1  0  0  0  0  0  0  1  0  2  0  2  8  0  0  0  5  1  0  0  6  1  0  0  8  1  1  1  9  2  2  2 18  0  0  0  5  4  6  6 37  0  1  2  3  1  2  1 49 13 16 1814001001018890100091600                
1021160411  1  0  1  7  0  0  0  0  0  0  0  0  0  0  1  1  0  0  0  1  0  0  0  1  0  0  0  1  0  0  1  1  0  0  1  1  0  0  1  1  0  0  0  0  0  0  0  0  1  0  0  2  0  0  0  3  0  0  0  1  0  0  0  3  0  0  0  2 20 19 14106  1  1  2 16  0  0  1  2  0  0  1  3  0  0  0  3  5  3  5 2902201017860110081572                
1021160412  0  2  2 14  0  0  0  0  3  1  2  9  0  2  2  2  0  0  0  0  0  0  0  0  0  1  0  0  0  2  2  2  0  2  0  2  0  1  2  1  0  0  0  0  0  1  0  1  0  0  0  2  0  0  0  7  0  0  0  3  0  0  0  6  0  0  0  3  7 11 10204  1  0  0  7  0  2  0  3  0  3  0  3  0  1  0 12  1  2  3 3901901418600040132000                
1021160501                                                                                                                                                                                                              2  5  5 88  0  0  0 14  8  8 11105  3  0  3 38  2  3  3 49  7  6 15 9102201915330030011400                
1021160502                                                                                                                                                                                                              1  0  0 35  0  0  0  1  5  5  4145  0  0  1 34  0  0  0 10  3  1  5 620030091600000000                    
1021160503                                                                                                                                                                                                             10  9  9125  2  3  2 38  0  0  0  0  5  7  4 97  6  3 11 50 40 35 3532301001113950160161786                
1021160504                                                                                                                                                                                                              5 10  8176  0  4  1 17  0  0  0  5  1  1  0 11  5  4  1 56  0  0  1  401001114650080101630                
1021160505                                                                                                                                                                                                             12  7 11158  0  1  5 37  0  0  1 18  0  0  0 10 11 10  8103  0  0  0  401601017170250151825                
1021160506                                                                                                                                                                                                             27 32 19284  7  4  2 50  0  0  0  0  0  0  3 45 15 15 13190  1  0  2 1301600818930120171569                
1021160507                                                                                                                                                                                                              8 10  8142  3  2  1 32  3  2  4 57  0  0  0  0 11  9  5101  0  0  0  00130141392000019                    
1021160508                                                                                                                                                                                                             10  7 14280  3  1  2 55  0  2  2 21  1  3  1 23  3  3  5138 50 41 4436500902113690140121773                
1021160509                                                                                                                                                                                                              4  1  7 88  0  0  1 11  0  0  0  1  0  0  0  0  7  7  3 57  1  3  3 1201401312920120101439                
1021160510                                                                                                                                                                                                             12 14 16249  5  5  5 49  9  8  5 65  0  0  1 12 17 23 16227  0  0  0  001001114650130081807                
1021160511                                                                                                                                                                                                             21 18 24257  2  3  5 52  0  0  0  6  0  0  0  0  9 10  6114  0  0  1  90070111200000000                    
1021160512                                                                                                                                                                                                             38 38 36328  5  5  7 50 10  4  2 20  4  4  4 22 20 28 28272 16 12 16 6801301813690170181853                
1021160513                                                                                                                                                                                                             36 39 28412  4  6  4 43  0  1  0 10  6  2  3 17  7  7  3180  0  0  0  601201113330130151300                
1021160514                                                                                                                                                                                                              4  7  3138  1  0  0 21  3  0  0 32  1  1  0  8  3  3  4 97  2  0  1 2502201915330250151825                
1021160515                                                                                                                                                                                                              4  7  8139  1  1  2 27  1  1  1 38  0  0  1  1  3  9  3 81  2  5  7 4901401016460150161696                
1021160516                                                                                                                                                                                                             17 36 38384  2  7  6 62  5  2  8 74  0  0  0  0 16 18 24309  0  0  0  0000000    0090071827                
1021160517                                                                                                                                                                                                             11  7 20225  0  0  0  4  0  0  0  0  1  0  1  0  3  7  6138  0  0  0  201501014890070222150                
1021160518                                                                                                                                                                                                              2  6  5104  0  1  1 14  0  0  0  0  0  0  0  1  0  1  0 18  0  0  0  002701416840250151825                
1021160601                                                                                                                                                                                                              4  7 14241  0  0  0  0  1  0  2  3  1  0  2  1  4 11 12197  1  0  2  60130141392000000                    
1021160602  0  0  0  1  0  0  0  0  0  0  0  0  0  0  0  1  0  0  0  0  0  0  0  0  0  0  0  0  0  0  0  0  0  0  0  0  0  0  0  1  0  0  0  0  0  0  0  0  0  0  0  1  0  0  0  0  0  0  0  0  0  0  0  1  0  0  0  1  8  8  4130  0  0  1  7  0  0  0 11  1  1  0  3  0  1  0 18  2  5  6 4002203116520090101684                
1021160603  0  0  0  2  0  0  0  0  0  0  0  0  0  0  0  2  0  0  0  0  0  0  0  0  0  0  0  0  0  0  0  0  0  0  0  1  0  0  0  2  0  0  0  0  0  0  0  0  0  0  0  0  0  0  0  2  0  0  0  0  0  0  0  1  0  0  0  1 28 19 20266  2  1  1 23  5  4  5 37  2  0  2  7  8  8 12148  2  0  2 2801101117100180151493                
1021160604  0  0  0  4  0  0  0  0  0  0  0  0  0  0  0  4  0  0  0  0  0  0  0  0  0  0  0  0  0  0  0  4  0  0  0  0  0  0  0  3  0  0  0  1  0  0  0  0  0  0  0  1  0  0  0  0  0  0  0  3  0  0  0  1  0  0  0  2 12  9 15239  0  0  0  2  1  0  1  6  0  1  0 13  7  2  8155  4  1  0 2301901418600110121802                
1021160605  0  0  0  1  0  0  0  0  0  0  0  0  0  0  0  1  0  0  0  1  0  0  0  0  0  0  0  0  0  0  0  0  0  0  0  0  0  0  0  1  0  0  0  0  0  0  0  0  0  0  0  1  0  0  0  0  0  0  0  0  0  0  0  0  0  0  0  0 10 21 24348  2  5  2 27  0  2  2 27  2  2  2 38 16 18 24309  4  2  5 4002002017090190161485                
1021160606  0  0  0  2  0  0  0  0  0  0  0  0  0  0  0  2  0  0  0  0  0  0  0  0  0  0  0  0  0  0  0  1  0  0  0  1  0  0  0  2  0  0  0  0  0  0  0  0  0  0  0  1  0  0  0  0  0  0  0  1  0  0  0  1  0  0  0  0  4  1  5 70  0  0  1  4  2  2  0 18  2  2  0 23  2  3  3 49  7  4  8 5102501518250210241466                
1021160607  0  0  0  3  0  0  0  0  0  0  0  0  0  0  0  1  0  0  0  1  0  0  0  0  0  0  0  0  0  0  0  1  0  0  0  0  0  0  0  1  0  0  0  0  0  0  0  0  0  0  0  1  0  0  0  2  0  0  0  0  0  0  0  0  0  0  0  1 10 19 16216  1  2  1  9  4 12  5 65  0  0  0  0 10 29 19235  0  0  1 1701601017170190191835                
1021160608  0  0  1  1  0  0  0  0  0  0  0  0  0  0  1  1  0  0  0  0  0  0  0  0  0  0  0  0  0  0  1  0  0  0  0  1  0  0  1  1  0  0  0  0  0  0  0  0  0  0  0  0  0  0  1  1  0  0  0  0  0  0  0  0  0  0  0  0 42 34 36270  4  2  4 28  1  0  0 11 13 12  2 61 20 28 28272  1  0  2 1301600818930100071825                
1021160609  0  0  0  3  0  0  0  0  0  0  0  0  0  0  0  3  0  0  0  1  0  0  0  0  0  0  0  0  0  0  0  1  0  0  0  0  0  0  0  2  0  0  0  1  0  0  0  0  0  0  0  0  0  0  0  2  0  0  0  1  0  0  0  1  0  0  0  1  8  8 14210  0  2  0 19  0  0  0  4  0  1  0  4  8  5  5 82  4  7  7 6202501518250120101439                
1021160610  0  0  0  3  0  0  0  0  0  0  0  0  0  0  0  3  0  0  0  0  0  0  0  0  0  0  0  0  0  0  0  2  0  0  0  0  0  0  0  3  0  0  0  0  0  0  0  0  0  0  0  1  0  0  0  1  0  0  0  1  0  0  0  1  0  0  0  1 43 30 36320  4  3  2 32 11 19 17167  7  7  6 78 25 23 31217 10  9  510801601017170110081572                
1021160611  0  0  0  2  0  0  0  0  0  0  0  0  0  0  0  0  0  0  0  0  0  0  0  0  0  0  0  0  0  0  0  0  0  0  0  0  0  0  0  0  0  0  0  0  0  0  0  0  0  0  0  1  0  0  0  1  0  0  0  0  0  0  0  1  0  0  0  1  7  7 13140  0  1  2 14  0  0  0  4  2  2  3 40 11 10  8103  8  3  3 2801301317220160111572                
1021160612  0  0  0  3  0  0  0  0  0  0  0  0  0  0  0  3  0  0  0  0  0  0  0  0  0  0  0  1  0  0  0  2  0  0  0  0  0  0  0  2  0  0  0  1  0  0  0  0  0  0  0  1  0  0  0  0  0  0  0  2  0  0  0  1  0  0  0  1 15 12 17227  2  4  4 23  1  0  0  6  2  2  1  9 15 15 13190  0  0  0  301601017170030011400                
1021160613  0  0  0  1  0  0  0  0  0  0  0  0  0  0  0  1  0  0  0  0  0  0  0  0  0  0  0  0  0  0  0  0  0  0  0  0  0  0  0  1  0  0  0  0  0  0  0  0  0  0  0  1  0  0  0  0  0  0  0  0  0  0  0  1  0  0  0  0 12 13 13177  0  1  1  1  1  1  1  5  0  2  1  5  3  7  6138  1  4  0 250220191533000000                    
1021160614  0  0  0  1  0  0  0  0  0  0  0  0  0  0  0  1  0  0  0  0  0  0  0  0  0  0  0  0  0  0  0  1  0  0  0  1  0  0  0  1  0  0  0  0  0  0  0  0  0  0  0  0  0  0  0  0  0  0  0  1  0  0  0  1  0  0  0  0  9 15 22206  0  0  0  3  0  2  0 21  0  0  0  5  7 11 13122  0  0  0 1401001114650030011400                
1021160615  0  0  0  2  0  0  0  0  0  0  0  0  0  0  0  2  0  0  0  0  0  0  0  0  0  0  0  0  0  0  0  1  0  0  0  0  0  0  0  2  0  0  0  0  0  0  0  0  0  0  0  0  0  0  0  1  0  0  0  1  0  0  0  1  0  0  0  0 23 27 32308  2  4  4 38  5  7  3 22  3  0  2  9 15 17 25162 26 25 1114601501014890160081893                
1021160616  0  0  0  2  0  0  0  0  0  0  0  0  0  0  0  0  0  0  0  0  0  0  0  0  0  0  0  0  0  0  0  0  0  0  0  0  0  0  0  0  0  0  0  0  0  0  0  0  0  0  0  0  0  0  0  2  0  0  0  0  0  0  0  1  0  0  0  1  4  2  4 52  0  0  0  1  0  0  0  1  0  1  1  6  3  4  0 26 35 28 2316900901116250030011400                
1021160701  0  1  0  2  0  0  0  0  3  0  1  0  0  1  0  2  0  0  0  1  0  0  0  0  0  1  0  0  0  1  0  0  0  0  0  0  0  1  0  2  0  0  0  0  0  0  0  0  0  1  0  1  0  0  0  1  0  0  0  0  0  0  0  1  0  0  0  0 15 15 15149  4  4  2 35  1  1  0  4  1  0  0  0 15 17 25162  0  1  0  102501518250080171842                
1021160702  1  1  1  9  0  0  0  0  0  0  0  0  1  1  1  9  1  0  0  3  1  0  0  0  0  0  0  1  1  1  1  6  1  0  0  5  1  0  0  7  0  1  0  1  0  0  1  1  0  1  0  3  0  0  1  3  1  0  0  3  0  0  0  1  0  0  1  3  1  0  1 49  1  0  0 14  2  0  2 34 12 14  9 77 11  9  5101 58 64 5538801601115720190191835                
1021160703  1  6  5 10  0  0  0  0  0  0  0  0  1  2  3  7  1  1  3  3  0  0  3  1  0  3  1  3  0  0  3  5  0  0  1  0  1  2  1  5  0  0  1  0  0  0  1  2  1  1  1  3  0  2  3  4  0  3  1  3  0  1  3  2  1  2  2  4 19 24 27185  6  4  5 27  1  2  7 25  9  6  9 53 25 23 31217  9 18 14 530180161876000007                    
1021160704  1  3  0  7  0  0  0  0  0  0  0  0  1  3  0  7  1  1  0  4  0  0  0  2  1  2  0  0  1  3  0  7  1  3  0  3  1  2  0  4  0  1  0  2  0  0  0  1  0  0  0  2  1  0  0  0  0  3  0  5  0  0  0  3  1  3  0  2 12 13 14187  3  2  5 30  5  9  4 38 98 15 51381 16 18 24309  4  9  6 6801501616960030021600                
1021160705  0  0  0  7  0  0  0  0  2  3  0  0  0  0  0  5  0  0  0  1  0  0  0  0  0  0  0  1  0  0  0  1  0  0  0  1  0  0  0  4  0  0  0  1  0  0  0  0  0  0  0  2  0  0  0  4  0  0  0  1  0  0  0  1  0  0  0  3  3  6  1 87  3  2  0 21  0  1  0 20  0  0  0  1 11 12  7191  1  9  1 3800601317160330001200                
1021160706  1  0  2  6  0  0  0  0  0  0  0  0  1  0  2  5  1  0  1  1  0  0  0  0  0  0  1  1  1  0  2  3  0  0  1  1  1  0  2  5  0  0  0  0  0  0  0  0  0  0  0  0  0  0  2  1  1  0  0  5  0  0  0  0  0  0  0  1  3  9  3 87  0  0  0  1 32 33 28353  0  0  1 10  4 11 12197 12 12  6 7701401418030100071825                
1021160707  1  1  4 14  0  0  0  0  0  0  0  0  1  1  4 13  0  0  1  2  0  0  0  1  0  0  0  0  0  0  1  7  0  0  0  2  1  0  4  9  0  0  0  3  0  1  0  1  0  1  1  4  1  0  2  7  0  0  1  3  0  0  0  6  0  1  3  3  2  3  2 86  0  1  0  2  0  1  2 27  1  0  1 21  7  2  8155 18 21 201190140101646000000                    
1021160708  1  0  0  7  0  0  0  0  0  0  0  0  1  0  0  7  1  0  0  4  1  0  0  1  0  0  0  0  1  0  0  6  0  0  0  2  0  0  0  4  1  0  0  2  0  0  0  1  0  0  0  1  0  0  0  1  1  0  0  5  0  0  0  3  0  0  0  1  6  8  7113  1  1  3 23  3  1  1 13  1  1  0  7  9 10  6114  5  7  3 620160121760000000                    
1021160709  0  2  2 14  0  0  0  0  0  0  0  0  0  2  2 14  0  1  2  4  0  0  0  0  0  0  0  2  0  2  2 12  0  0  0  4  0  1  2 11  0  1  0  2  0  0  0  1  0  1  0  2  0  1  1  6  0  0  1  6  0  2  0  2  0  2  1  5  5  2  5 57  0  0  1 15  5  4  2 32  0  0  0  4 11 10  8103  1  6  2 4101600818930110151333                
1021160710  1  1  0  4  0  0  0  0  0  0  0  0  1  1  0  4  1  1  0  1  1  0  0  0  0  0  0  0  1  0  0  2  0  0  0  0  0  1  0  4  1  0  0  0  0  0  0  0  0  0  0  1  1  1  0  0  0  0  0  3  1  0  0  0  0  0  0  2 25 22 14175  5  7  1 26 10  7  4 41 35 25 43224 20 28 28272  2  1  0 2301600818930180151493                
1021160711  1  3  0  5  0  0  0  0  0  0  0  0  1  3  0  4  1  2  0  2  0  1  0  0  0  0  0  0  1  2  0  1  0  1  0  0  0  3  0  3  1  0  0  1  0  0  0  0  0  1  0  1  0  0  0  3  1  2  0  1  0  1  0  1  0  1  0  2  8  5  2 67  0  1  0  2  0  1  0  0  1  4  0 11  3  7  6138  6  8  2 3602201915330150062466                
1021160712  0  2  1 11  0  0  0  0  3  0  2  2  0  2  1 11  0  1  0  4  0  0  0  0  0  0  0  2  0  2  0  5  0  0  0  0  0  1  1 11  0  0  0  0  0  1  0  0  0  0  0  4  0  2  1  5  0  0  0  2  0  0  0  2  0  0  1  3 12 13 11131  3  4  4 26  0  0  0  3  0  0  0  0 17 23 16227  0  7  0 1601101416690070222150                
1021160713  1  0  1 12  0  0  0  0  0  0  0  0  1  0  1 10  0  0  0  1  0  0  0  1  0  0  0  1  0  0  1  6  0  0  0  0  1  0  1  8  0  0  0  2  0  0  0  0  0  0  0  2  1  0  1  8  0  0  0  2  0  0  0  4  0  0  0  4  2  5  3 43  0  1  0  4  0  0  0  0  0  0  0  3  0  1  0 18  1  4  5 1701101416690120101439                
1021160714  1  0  0 14  0  0  0  0  0  0  0  0  1  0  0 13  0  0  0  0  0  0  0  0  0  0  0  1  1  0  0  5  0  0  0  0  0  0  0  8  1  0  0  3  0  0  0  2  1  0  0  4  0  0  0  7  0  0  0  3  0  0  0  3  0  0  0  3  0  1  1 30  0  1  0 11  1  1  2 36  0  0  0  5  4  8  4 87  1  0  1 3101600818930250151825                
1021160801  0  1  0  6  1  0  0  0  0  0  0  0  0  1  0  6  0  0  0  3  0  0  0  0  0  0  0  0  0  1  0  5  0  0  0  0  0  0  0  6  0  0  0  0  0  1  0  0  0  0  0  0  0  0  0  5  0  1  0  1  0  1  0  0  0  0  0  2 24 23 28170  7  7  5 39  6  4  5 30  1  1  2  9 20 28 28272 19 19 1410400401113930120141540                
1021160802  1  0  0  4  0  0  0  0  0  0  0  0  0  0  0  0  0  0  0  0  0  0  0  0  1  0  0  1  0  0  0  0  0  0  0  0  0  0  0  0  0  0  0  0  0  0  0  0  0  0  0  2  0  0  0  1  1  0  0  1  1  0  0  1  0  0  0  1  1  1  2 23  0  1  1 18  1  0  2 11  0  0  0  1  3  1  1 89  5  7  1 3601200716040000091250                
1021160803  1  2  2  5  0  0  0  0  0  0  0  0  1  2  2  5  1  0  0  1  0  0  0  0  0  0  0  2  1  2  2  3  1  0  0  1  1  1  1  2  0  0  0  2  0  1  1  1  0  0  1  0  0  1  1  4  1  1  0  1  0  1  1  1  0  1  0  3 16 16 18136 11  4 10 45  4  2  0 24  2  3  1 14 25 23 31217  1  2  2  502102916080090211443                
1021160804  1  0  0  6  0  0  0  0  0  0  0  0  1  0  0  4  1  0  0  1  1  0  0  0  0  0  0  2  1  0  0  2  0  0  0  0  0  0  0  2  0  0  0  1  1  0  0  1  0  0  0  0  1  0  0  3  0  0  0  3  1  0  0  2  1  0  0  4  1  6  4 48  1  4  2 24  5  4  2 32  0  0  0  0 11 10  8103  0  0  0  301901416920030011700                
1021160805  0  7  1  2  0  0  0  0  2  0  0  0  0  7  1  1  0  4  1  0  0  3  1  0  0  0  0  0  0  6  1  0  0  0  0  0  0  4  0  1  0  1  0  0  0  2  1  0  0  0  0  2  0  3  1  0  0  4  0  0  0  1  1  0  0  2  0  1 17 18 14129  8  9  4 70  1  1  0  4  4  4  4 42 15 17 25162  0  0  0  301701417140140131207                
1021160806  1  1  1 14  0  0  0  0  0  0  0  0  1  1  1 13  0  1  1  3  0  0  1  0  0  1  0  5  1  1  1 13  0  1  1  0  1  1  0  4  0  0  0  6  0  0  1  3  1  0  0  1  0  0  0  3  0  1  1 10  0  0  1  5  0  0  0  6  8  8  9109  2  1  1 12  0  1  1  0  0  1  1  3  3  4  3102  1  1  2 290130171323028000                    
1021160807  0  0  0  6  0  0  0  1  2  0  0  0  0  0  0  4  0  0  0  1  0  0  0  0  0  0  0  0  0  0  0  3  0  0  0  1  0  0  0  1  0  0  0  2  0  0  0  1  0  0  0  1  0  0  0  4  0  0  0  1  0  0  0  1  0  0  0  2  5 11  7135  0  2  1 32 10 12 21165  2  2  1 15 11 12  7191 30 32 2326201701916510030011700                
1021160808  1  1  1  6  0  0  0  0  0  0  0  0  1  1  1  6  1  0  0  2  0  0  0  1  0  0  1  0  1  1  1  6  1  0  0  1  0  0  1  1  0  0  0  3  1  1  0  2  0  0  0  2  0  0  1  2  1  1  0  2  0  0  1  3  0  0  0  1  5  1  0 50  1  0  0  3  1  0  0  2  1  0  0  1  3  4  0 26  7  6  4 3400801314770000221640                
1021160809  1  1  0  9  0  0  0  0  0  0  0  0  1  1  0  9  1  1  0  1  0  0  0  0  0  0  0  3  1  1  0  6  0  0  0  0  1  1  0  8  0  0  0  0  0  0  0  1  0  0  0  2  1  1  0  3  0  0  0  4  0  0  0  2  0  0  0  0  7 10  4 82  2  4  2 46  1  0  0  7  1  0  0  5  9 10  6114  1  1  0 1401501015000000121700                
1021160901  0  1  2  6  0  0  0  0  0  0  0  0  0  1  2  6  0  1  1  2  0  1  0  2  0  0  0  0  0  1  1  3  0  0  1  0  0  0  0  1  0  1  1  2  0  0  1  3  0  0  1  2  0  0  1  2  0  1  0  2  0  1  0  2  0  1  1  1  4  0  0 15  1  0  0  1  0  1  1  3  1  1  1  6  7 11 13122  5  5  7 2102501518250440001457                
1021160902  1  1  5  7  0  0  0  0  0  0  0  0  1  1  5  7  0  0  0  1  0  0  0  0  0  0  0  1  1  1  3  6  0  0  0  0  1  1  4  4  0  0  1  3  0  0  0  0  0  1  2  1  0  0  1  5  1  0  2  1  0  0  0  3  1  1  1  1  0  0  0  3  0  0  0  1  2  0  2 34  2  2  3 63 11  9  5101 39 27 3429702002017090190191835                
1021160903  0  0  1  4  0  0  0  0  0  0  0  0  0  0  1  4  0  0  0  0  0  0  0  0  0  0  0  0  0  0  0  2  0  0  0  0  0  0  1  2  0  0  0  1  0  0  0  1  0  0  0  2  0  0  0  1  0  0  1  1  0  0  0  1  0  0  0  1  2  3  3 29  0  1  1 15  1  1  0  4  3  1  0  7 25 23 31217  2  2  3 2201801618760120161302                
1021160904  0  1  0  6  0  0  0  0  2  0  0  0  0  1  0  5  0  1  0  1  0  0  0  1  0  0  0  0  0  1  0  3  0  0  0  1  0  0  0  4  0  1  0  0  0  0  0  1  0  0  0  1  0  0  0  2  0  1  0  3  0  0  0  1  0  1  0  2  1  0  0 22  0  0  0  7  6 10 10295  0  0  0  8  7  7  3180  0  0  0 1801601318780070001900                
1021160905  1  1  0  6  0  0  0  0  0  0  0  0  1  1  0  6  1  1  0  2  0  0  0  1  0  0  0  1  1  1  0  6  1  1  0  2  1  1  0  4  0  0  0  1  0  0  0  1  0  1  0  2  0  0  0  2  1  0  0  2  0  0  0  4  1  0  0  3  2  1  5 14  0  0  1  6  2  1  0 17  1  1  0  2  8  8 12148  1  1  0  40170191855000000                    
1021160906  1  1  1  8  0  0  0  0  0  0  0  0  1  1  1  8  0  1  1  3  0  1  0  0  0  0  0  2  0  1  1  5  0  1  1  3  1  1  1  6  0  0  0  1  0  0  0  1  0  0  1  4  0  0  0  3  1  1  0  1  0  1  0  0  0  1  0  2  7  3  4 32  3  1  0  7  6  9  9 87 98 15 51381 16 18 24309 17 19 172380160131878000015                    
1021160907  0  3  4 19  0  0  0  0  3  3  0  2  0  3  4 19  0  0  0  0  0  0  0  0  0  0  1  6  0  1  2 11  0  0  1  5  0  2  3 13  0  1  1  1  0  0  0  5  0  1  2  8  0  2  1  5  0  0  1  6  0  0  1  3  0  2  1  7  1  4  0 13  1  0  0  7 14 11  9106  0  0  1 11  9 10  6114  0  4  5 2501601217600130081807                
1021160908  0  1  1 11  0  0  0  0  3  0  2  1  0  1  1  8  0  1  0  1  0  1  0  0  0  0  0  0  0  1  0  4  0  1  0  0  0  0  1  4  0  1  0  3  0  0  0  1  0  0  1  7  0  0  0  3  0  1  0  1  0  1  0  3  0  1  0  5  0  1  0  3  0  1  0  0  0  1  1  1  0  1  0  0  3  7  6138  0  1  1  70100002600000024                    
1021160909  1  0  3 19  0  0  0  0  0  0  0  0  1  0  2 17  0  0  1  4  0  0  1  1  0  0  0  0  1  0  2 11  0  0  0  0  1  0  0 15  0  0  1  2  0  0  1  0  1  0  0  6  0  0  1  6  0  0  2  7  0  0  1  4  1  0  2  7  4  3  5 20  2  1  2  9  3  1  2 17  1  0  1 11 15 17 25162 27 22 3517502501518250100001688                
1021160910  1  1  1 20  0  0  0  0  0  0  0  0  0  0  0 12  0  0  0  3  0  0  0  3  1  0  1  4  0  0  0 11  0  0  0  0  0  0  0 11  0  0  0  0  0  0  0  1  1  1  0  5  0  0  1  8  0  0  0  6  0  1  1  5  1  0  0  6  0  0  0  7  0  0  0  0  0  0  0  6  0  0  0  0  3  4  0 26  2  2  3 510130091632000000                    
1021160911  1  4  1 10  0  0  0  0  0  0  0  0  0  3  1  4  0  0  0  0  0  0  0  0  0  2  0  3  0  3  1  3  0  0  0  0  0  1  1  2  0  2  0  0  0  0  0  2  0  0  0  3  0  3  0  4  1  1  1  3  0  1  0  3  1  1  1  1  1  0  0  2  0  0  0  1  0  0  0  0  0  0  0  1  0  1  0 18  0  0  0  20180151493000000                    
1021160912  0  2  0  2  0  0  0  0  0  0  0  0  0  2  0  1  0  1  0  0  0  0  0  0  0  1  0  0  0  2  0  1  0  0  0  0  0  2  0  1  0  0  0  0  0  0  0  0  0  1  0  1  0  0  0  1  0  1  0  0  0  0  0  1  0  0  0  0  3  6  5 36  0  1  3  6  1  3  2 16 36 22 14184 20 28 28272  7 10  5 4201901418600100071825                
1021161001  2  1  3 28  0  0  0  0  0  0  0  0  2  1  3 25  2  1  2 21  0  0  0  5  0  0  0  2  2  1  3 20  0  1  2  8  1  1  3 17  1  0  0  5  0  0  0  3  1  0  2  9  0  1  1 15  1  0  0  4  0  0  0 10  0  0  0  9 11  7 20225  0  0  0  4  0  1  2 21  0  1  2  8  3  7  6138  0  1  2 3601801514930070111288                
1021161002  1  2  1 13  0  0  0  0  0  0  0  0  1  2  1 13  0  0  1  6  0  0  0  2  0  0  0  2  0  2  0 11  0  0  0  1  1  2  0 10  0  0  0  2  0  0  1  1  1  1  1  2  0  0  0  6  0  1  0  5  0  1  1  3  1  0  1  6 20 22 25193  3  2  7 52 15 16 20 71  1  2  3 18 19 14 19110 29 36 2315902301513140090061862                
1021161003  1  3  2 11  0  0  0  0  0  0  0  0  1  3  2 11  0  1  1  7  0  0  0  0  0  1  0  2  1  3  2  9  0  0  0  0  0  3  1  9  1  0  1  1  0  0  0  1  0  0  1  2  1  3  0  4  0  0  1  5  1  0  1  2  0  2  0  4 24 19 24331  2  3  3 25  4  6  4 50  0  0  0  3 10 29 19235  8 11  810801601217600100181454                
1021161004  1  2  3 10  0  0  0  0  0  0  0  0  1  2  3 10  0  1  0  2  0  1  0  1  1  0  1  1  0  1  2  7  0  1  2  5  0  1  2  6  0  1  0  2  1  0  1  2  0  1  1  2  0  1  2  4  1  0  0  4  0  0  0  3  1  1  2  2  2  6  5104  0  1  1 14  0  2  2 16  0  1  0  3  0  1  0 18  0  1  0  601200715970120101439                
1021161005  1  1  1  7  0  0  0  0  0  0  0  0  1  1  1  7  1  1  1  4  0  0  0  1  0  0  0  1  0  1  1  4  0  0  0  3  1  0  0  6  0  1  1  0  0  0  0  1  1  0  1  3  0  1  0  3  0  0  0  1  0  0  0  2  1  0  0  1 17 36 38384  2  7  6 62  2  6  9 69 69 99 11911 16 18 24309 11 28 201320070081460000008                    
1021161006  1  0  1 28  0  0  0  0  0  0  0  0  1  0  1 25  1  0  0 16  0  0  0  4  0  0  0  2  1  0  1 16  0  0  0  1  1  0  1 17  0  0  0  6  0  0  0  2  0  0  0  3  0  0  1 15  1  0  0 10  0  0  0  8  1  0  0 14 21 18 24257  2  3  5 52  0  0  1  3  0  0  0  1  9 10  6114  0  0  0 1000900614540170141961                
1021161007  1  1  1 24  0  0  0  1  0  0  0  0  0  0  0  6  0  0  0  4  0  0  0  2  0  0  1  6  0  0  0  5  0  0  0  0  0  0  0  5  0  0  0  1  0  0  0  0  0  0  1  5  1  1  0 10  0  0  0  9  0  0  0  7  0  0  1  4 12  7 11158  0  1  5 37  1  0  0 35  0  0  0  0 11 10  8103  0  0  1 2200801016300080121433                
1021161008  1  1  2  3  0  0  0  0  0  0  0  0  1  1  2  2  1  1  2  1  1  1  0  0  0  0  0  0  1  1  2  2  0  1  1  1  1  1  1  2  0  0  1  0  0  0  0  0  0  0  2  1  0  1  0  1  1  0  0  1  0  1  0  0  0  0  1  0 38 38 36328  5  5  7 50  6  6  7 41 26 20 24211 20 28 28272 26 35 2413902201017860090071468                
1021161009  1  0  4 16  0  1  0  0  0  0  0  0  1  0  4 16  0  0  0  2  0  0  0  1  1  0  2  4  1  0  4 15  0  0  0  0  1  0  4  9  0  0  0  6  0  0  0  1  0  0  3  4  0  0  1  7  1  0  0  5  0  0  1  5  0  0  1  6 10  9  9125  2  3  2 38  0  0  0 45  0  0  0  8  6  3 11 50 39 38 3961800801214330130021875                
1021161010  0  0  1  5  0  0  0  0  2  1  1  1  0  0  1  3  0  0  1  3  0  0  0  1  0  0  0  0  0  0  1  3  0  0  1  3  0  0  1  3  0  0  0  0  0  0  0  0  0  0  0  3  0  0  1  2  0  0  0  0  0  0  0  2  0  0  1  1  5 10  8176  0  4  1 17  0  0  1 19  0  0  1  4  5  4  1 56  0  1  1 3501301813690150121200                
1021161101  2  3  2  8  0  0  0  0  0  0  0  0  1  3  2  8  1  0  2  4  1  0  0  2  0  0  0  1  1  1  1  6  0  0  0  1  0  2  2  6  0  1  0  2  1  0  0  0  0  1  0  0  1  0  0  2  1  2  2  6  2  0  0  3  0  2  1  2  9 10  7257  1  2  2 47  0  0  1  3  0  0  0  1  8  5  5 82  1  0  0  601101218020080171842                
1021161102  4  7  6 26  0  0  0  0  0  0  0  0  2  5  2 17  2  5  2 16  1  0  2  4  2  2  4  7  2  5  2 13  0  1  1  4  2  4  2 16  0  0  0  1  0  1  0  0  2  1  2  7  1  4  0  9  1  2  4 10  3  1  2  9  0  3  3  9 10  7 14280  3  1  2 55  4  5 11163  0  1  1 10  3  3  5138  4  7  7 560120141494000000                    
1021161103  3  4  1 10  0  0  0  0  0  0  0  0  3  4  1 10  3  4  0  8  1  2  0  1  0  0  0  1  3  4  0  8  2  4  0  6  1  3  1  9  1  0  0  0  1  1  0  1  0  0  1  4  1  2  0  3  2  2  0  3  1  2  0  2  1  1  0  2 24 19 24331  2  3  3 25  4  6  1 33 23 24 26265 10 29 19235  7  5  6 3601101114100120161310                
1021161104  3  1  0  7  0  0  0  0  0  0  0  0  3  1  0  6  2  1  0  4  0  0  0  0  0  0  0  1  1  1  0  4  0  0  0  0  2  1  0  6  0  0  0  0  1  0  0  0  2  0  0  2  1  1  0  3  0  0  0  2  0  1  0  2  1  0  0  2 17 36 38384  2  7  6 62  4  4  5 54  0  0  0  8 16 18 24309 54 48 6362900900614540120131869                
1021161105  4  3  3 20  0  0  0  0  0  0  0  0  4  3  3 19  3  3  3 14  0  0  0  2  1  1  0  3  1  0  3 13  0  0  0  0  4  2  3 13  0  1  0  5  0  0  0  1  1  1  1 12  3  2  1  5  0  0  1  3  2  1  0  8  2  0  1  6 12 14 16249  5  5  5 49  1  2  1 28  0  0  0  0 17 23 16227  2  2  3 1502501518250100091600                
1021161106  3  1  1 10  0  0  0  0  0  0  0  0  3  1  1 10  3  1  1 10  0  0  0  1  0  0  0  2  3  1  0  7  0  0  0  2  3  1  1  9  0  0  0  1  0  0  0  0  1  0  0  4  2  1  0  4  0  0  1  2  0  0  0  3  2  0  0  5 28 30 31318  6  4  5 69 10 15  7 83  0  0  0  0 25 23 31217  0  0  0  102201915330120171569                
1021161107  3  2  1  5  0  0  0  0  0  0  0  0  3  2  1  5  3  2  1  1  3  1  0  0  0  0  1  1  3  2  1  4  3  2  1  2  2  2  1  5  1  0  0  0  0  0  0  0  0  0  0  1  1  2  1  1  2  0  0  3  1  1  0  2  1  2  1  2  8 10  8142  3  2  1 32  3  2  1  4  4  3  3 27 11  9  5101 50 41 4436502201915330140121773                
1021161108  4  2  5 24  0  0  0  0  0  0  0  0  4  2  5 23  2  2  4 16  0  2  3  7  0  0  1  7  1  2  4 19  0  0  0  0  4  2  3 19  0  0  1  1  0  0  1  3  3  0  1  4  1  2  2 10  0  0  2 10  2  1  1  4  2  1  1  7  6  5  8118  0  2  0  7  0  0  1 26  0  0  0  0  2  5  2 63  1  0  0  901300818070120101439                
1021161109  4  6  6 25  0  0  0  0  0  0  0  0  4  6  6 25  2  4  4 13  0  0  0  0  0  0  1  2  2  4  4 10  0  0  0  0  3  5  5 22  1  1  1  3  0  0  0  0  1  3  0  9  2  2  4 10  1  1  2  6  1  1  1  2  1  1  2 10 36 39 28412  4  6  4 43  0  1  1 17  1  1  1  8  7  7  3180  4  7 10 6901600818930100071825                
1021161110  3  2  4 18  0  0  0  0  0  0  0  0  3  2  4 18  2  2  4 16  0  0  0  2  0  1  1  4  3  2  4 15  0  0  0  0  3  2  3 15  0  0  1  1  0  0  0  2  0  2  1  5  3  0  1  7  0  0  2  6  0  0  2  3  2  1  4  8 34 34 33308 12  6  7 81  3  3  4 31  0  1  0  7 15 17 25162 12 13 10 5301101416690070061562                
1021161111  4  3  2 10  0  0  0  0  0  0  0  0  4  3  2 10  2  2  1  7  1  0  0  4  0  0  1  0  3  1  0 10  0  0  0  0  3  2  2  7  1  1  0  2  0  0  0  1  0  2  0  4  3  1  2  3  1  0  0  3  1  1  0  3  2  2  1  3 21 18 24257  2  3  5 52  0  0  0  5  1  1  0  7  9 10  6114 36 37 2819901801514930220181500                
1021161112  4  1  5 29  0  0  0  0  0  0  0  0  4  1  5 28  4  1  5 24  1  0  0  2  0  0  0  7  4  1  5 23  0  0  0  0  4  1  4 24  0  0  1  3  0  0  0  1  2  0  2 10  1  0  2 16  1  1  1  3  1  0  0  8  1  1  1 12  2  5  5 88  0  0  0 14  8  8 11105  3  0  3 38  2  3  3 49  7  6 15 9101201014390250151825                
1021161113  3  0  0  5  0  0  0  0  0  0  0  0  3  0  0  3  1  0  0  2  1  0  0  0  1  0  0  0  1  0  0  1  0  0  0  0  2  0  0  3  1  0  0  0  0  0  0  0  0  0  0  1  1  0  0  2  2  0  0  2  2  0  0  0  1  0  0  2 20 22 25193  3  2  7 52  9 18 16 69  5  8  6 54 19 14 19110  3  1  0  901901418600180161876                
1021161114  4  4  3 20  0  0  0  0  0  0  0  0  4  4  3 19  4  4  3 14  1  1  1  1  1  1  0  2  3  4  2 13  0  0  0  1  2  3  3 16  2  1  0  3  0  0  0  0  2  0  0  7  1  1  3  8  1  3  0  5  1  2  1  6  1  2  3  4 27 32 19284  7  4  2 50  0  0  0 10  8  2 10 99 15 15 13190 12  9  810700701112580080201833                
1021161115  3  2  1  5  0  0  0  0  0  0  0  0  3  2  1  5  3  2  1  3  1  1  0  1  0  0  0  2  3  2  1  3  1  1  0  0  0  2  1  4  2  0  0  1  1  0  0  0  1  0  1  1  1  1  0  2  1  1  0  2  0  0  0  1  2  1  0  3  3  5  5123  1  0  0 17  1  2  1  1  4  2  2 30  3  1  1 89 17 21 14 500200201709000009                    
1021161116  3  2  2 13  0  0  0  0  0  0  0  0  2  2  2  9  2  2  2  5  0  0  1  0  1  0  1  4  2  2  2  8  0  0  0  0  2  2  1  8  0  0  1  1  0  0  0  0  0  0  0  4  2  2  0  6  1  0  2  3  1  0  1  5  0  2  1  3 38 38 36328  5  5  7 50  5  1  2 22  0  0  1 10 20 28 28272  8  4  6 5201301813690040132000                
1021161117  3  3  1  9  0  0  0  0  0  0  0  0  3  3  1  9  3  3  0  2  0  0  0  0  0  0  0  0  3  2  1  8  0  0  0  0  2  2  0  8  1  0  1  0  0  1  0  1  0  0  1  3  0  1  0  3  3  2  0  3  0  0  0  1  1  1  1  3 11  7 20225  0  0  0  4  0  0  0  1  1  2  3 24  3  7  6138 68 55 5860701801618760130121372                
1021161201  2  3  1  3  0  0  0  0  0  0  0  0  2  3  1  3  1  0  0  0  0  0  0  0  0  0  0  0  1  1  1  2  2  1  0  1  1  1  1  2  1  1  0  0  0  1  0  1  2  2  1  0  0  1  0  0  0  0  0  3  1  0  1  0  2  2  0  1 17 18 14129  8  9  4 70  5  7  4 24  2  2  2  5 15 17 25162  3  6  3 2500901715470190191709                
1021161202  2  1  2  8  0  0  0  0  0  0  0  0  2  1  1  5  0  0  0  0  0  0  0  0  0  0  0  3  2  0  1  1  0  0  0  1  2  1  1  5  0  0  0  0  0  0  0  0  0  0  0  2  1  0  1  3  1  1  1  3  2  0  1  1  0  0  1  3  7 10  4 82  2  4  2 46 14 11  9106  0  0  0  2  9 10  6114  3  3  5 3701301713230120131695                
1021161203  1  3  4  8  0  0  0  0  2  0  0  0  1  3  4  8  1  2  1  4  1  0  0  1  0  0  0  1  1  3  4  6  0  0  0  0  1  2  3  4  0  1  1  1  0  0  0  3  1  0  1  2  0  3  2  5  0  0  1  1  1  1  2  1  0  0  4  2  1  1  2 23  0  1  1 18  1  2  0  8  1  1  1 10  3  1  1 89  1  1  0  601201715940110081497                
1021161204  2  2  1  3  0  0  0  1  0  0  1  0  2  2  1  3  1  0  0  0  0  0  0  0  0  1  0  0  2  0  0  0  0  0  0  0  2  0  1  2  0  2  0  0  0  0  0  1  2  0  0  0  0  1  1  1  0  1  0  2  1  0  0  1  0  0  0  1 13 16  8 91  0  1  1  4  4  3  2 35  0  1  0  9  3  7  6138 32 18 3224402102916080000171400                
1021161205  2  1  0 10  0  0  0  0  0  0  0  0  2  1  0 10  0  0  0  1  0  0  0  0  0  0  0  0  2  1  0  7  0  0  0  0  2  1  0  7  0  0  0  2  0  0  0  1  1  0  0  1  1  0  0  5  0  1  0  4  1  0  0  3  1  0  0  4  6 18 16223  3  2  5 49  9  6  3 47  1  1  0 33 16 18 24309 20 21 1918800901815280150081662                
1021161206  0  1  1  4  1  0  1  0  3  0  0  0  0  1  1  4  0  0  1  0  0  0  0  0  0  0  0  0  0  0  1  2  0  0  0  0  0  0  1  2  0  0  0  1  0  1  0  1  0  1  0  0  0  0  1  2  0  0  0  2  0  0  0  0  0  0  0  0  7 13  9 50  6 10  9 46  2  3  3 14  3  1  2  4 19 14 19110  6  6  3 3400902114430000221615                
1021161207  2  5  1 17  0  0  0  0  0  0  0  0  2  4  0 13  0  1  0  2  0  1  0  1  0  0  0  1  0  1  0  9  0  3  0  5  0  3  0  7  1  1  0  4  1  0  0  2  0  1  0  3  2  1  0  5  0  3  1  9  1  0  1  4  1  3  0  9  6  9 10 94  3  2  3 49  0  3  0  9  0  3  2 15  8  8 12148 12  9  5 7201801514990100051200                
1021161208  2  3  2 11  0  0  0  0  0  0  0  0  2  3  1  8  2  3  1  7  1  0  1  0  0  1  0  1  2  3  1  7  0  0  0  0  0  2  0  6  1  1  0  1  1  0  1  1  0  1  0  2  1  2  1  4  1  0  1  5  1  0  1  1  1  0  2  5  5  4  9 96  0  2  2 48  3  2  7 36  3  3  6 38 17 23 16227  6  6 13 4500300916370100071592                
1021161209  2  0  3  7  0  0  0  0  0  0  0  0  2  0  3  6  0  0  0  0  0  0  0  0  0  0  0  1  1  0  1  6  0  0  0  0  2  0  0  5  0  0  3  1  0  0  0  0  1  0  1  1  1  0  1  2  0  0  1  4  1  0  1  4  2  0  1  6  2  1  2 25  0  1  1 23 11  3  6105  5  3  1 21  6  3 11 50 10 10  8 5801201613800120171594                
1021161210  2  5  3 16  0  0  0  1  0  0  0  0  2  5  3 16  1  3  3 10  1  1  0  2  0  1  2  3  1  3  3 11  0  0  0  0  1  3  3 11  1  0  0  3  0  2  0  2  1  3  2  8  1  2  1  5  0  0  0  3  1  1  0  4  1  1  2  6 16 16 18136 11  4 10 45  2  1  1 14  4  4  5 36 25 23 31217  5  5  4 7200801716750140121475                
1021161211  2  3  3 14  0  0  0  0  0  0  0  0  2  2  2 11  1  1  1  3  0  0  0  0  0  0  0  1  2  2  2  9  0  0  0  0  0  2  1  8  1  0  1  2  1  0  0  1  1  0  1  3  0  2  0  7  1  1  2  4  1  1  0  2  1  2  1  6 14  6  9147  5  2  4 36  0  2  6 33  0  1  0  4 15 15 13190  8  5  5 3901901917090030011700                
1021161212  2  2  2 23  0  0  0  0  0  0  0  0  2  2  2 17  1  1  0  1  1  0  0  1  0  0  0  5  2  2  2 14  0  0  0  2  1  2  0 13  0  0  1  1  1  0  1  3  0  0  0  6  2  1  1 10  0  1  1  4  2  0  1  3  1  2  0  8  8  9  6126  2  3  1 39  0  0  1  2  0  0  0  3  7  7  3180 38 41 4148201101416180080121546                
1021161213  3  5  2 26  0  0  0  0  0  0  0  0  3  5  2 23  2  0  0  6  1  0  0  1  1  1  0  8  2  4  1 17  0  0  0  0  2  1  2 14  1  4  0  6  0  0  0  3  0  1  1  7  2  3  1 12  1  1  0  7  2  2  0  7  0  0  0 11 16  4  9105  5  0  1 31  0  0  0  0  0  1  0  4  8  5  5 82  4  6  3 4201701417540140051550                
1021161214  2  0  0  3  0  0  0  0  0  0  0  0  2  0  0  1  0  0  0  0  0  0  0  0  1  0  0  1  1  0  0  0  0  0  0  0  2  0  0  1  0  0  0  0  0  0  0  0  1  0  0  0  1  0  0  1  0  0  0  2  0  0  0  1  0  0  0  1  8  7 10 81  0  0  0  4  1  0  0  0  0  0  0  0  7 11 13122 21 19 281480200201691012000                    
1021161215  2  5  3 10  0  0  0  0  0  0  0  0  2  4  3  7  2  1  3  4  1  1  3  2  0  0  1  2  2  3  3  6  0  0  0  0  2  2  1  6  0  2  1  0  0  0  1  1  0  1  0  2  2  2  1  2  0  2  2  6  0  1  2  4  1  2  0  1 24 23 28170  7  7  5 39  6  9  6 31  2  0  0 12 20 28 28272 13 13 1113301201316950130381120                
1021161216  2  1  0  7  0  0  0  0  0  0  0  0  2  1  0  7  2  1  0  2  0  0  0  1  0  0  0  1  2  1  0  4  2  1  0  2  1  1  0  5  0  0  0  0  1  0  0  2  0  0  0  2  1  1  0  1  1  0  0  4  0  0  0  3  1  0  0  2  8  8  9109  2  1  1 12  0  0  0  0  2  1  0 11  3  4  3102  0  0  0  001101516280130101621                
