0520590101  0  0  0  1  0  0  0  0  0  0  0  0  0  0  0  0  0  0  0  0  0  0  0  0  0  0  0  0  0  0  0  0  0  0  0  0  0  0  0  0  0  0  0  0  0  0  0  0  0  0  0  1  0  0  0  0  0  0  0  0  0  0  0  0  0  0  0  1 54 51 39325 21 20 14141 27  6 10 78 14  4  4 27 30 28 28266 31 15 1516502103216140150171694                
0520590102  0  0  0  1  0  0  0  0  0  0  0  0  0  0  0  1  0  0  0  0  0  0  0  0  0  0  0  0  0  0  0  1  0  0  0  0  0  0  0  1  0  0  0  0  0  0  0  0  0  0  0  1  0  0  0  0  0  0  0  0  0  0  0  1  0  0  0  0  4 17 16289  2  6  7124  2  0  2 30  0  0  0  0  7 16 14256  0  0  2 1101001113000160081698                
0520590103  0  0  1  0  0  0  0  0  0  0  0  0  0  0  1  0  0  0  1  0  0  0  1  0  0  0  0  0  0  0  1  0  0  0  1  0  0  0  1  0  0  0  0  0  0  0  0  0  0  0  0  0  0  0  0  0  0  0  1  0  0  0  1  0  0  0  0  0  7 16 13120  2  1  2 12  1  2  2  8  2  0  1  7 10  4  7 68  3  5  6 6601901316500090101676                
0520590104  0  0  0  1  0  0  0  0  0  0  0  0  0  0  0  1  0  0  0  1  0  0  0  1  0  0  0  0  0  0  0  1  0  0  0  1  0  0  0  0  0  0  0  0  0  0  0  1  0  0  0  0  0  0  0  1  0  0  0  0  0  0  0  1  0  0  0  0 57 52 36200 13  8  9 45  3  0  3  5  5  6  2 29 33 32 28153  0  0  0 1701802715960000271133                
0520590105  0  0  0  2  0  0  0  0  0  0  0  0  0  0  0  1  0  0  0  0  0  0  0  0  0  0  0  0  0  0  0  0  0  0  0  1  0  0  0  1  0  0  0  0  0  0  0  0  0  0  0  1  0  0  0  1  0  0  0  0  0  0  0  2  0  0  0  1  1  1  2 75  0  0  1 23 10  9  7169  0  0  0 14 12 11  7218  1  0  1 2701200815860020071697                
0520590106  0  0  1  1  0  0  0  0  0  0  0  0  0  0  1  1  0  0  0  1  0  0  0  1  0  0  0  0  0  0  1  1  0  0  0  0  0  0  1  1  0  0  0  0  0  0  0  0  0  0  0  0  0  0  0  1  0  0  1  0  0  0  1  1  0  0  0  0 16 24 21196  2  5  3 36  2  2  1 10 14  5 11 63 42 49 38278  2  4  4 5501701614420180161499                
0520590107  0  0  0  2  0  0  0  0  0  0  0  0  0  0  0  0  0  0  0  0  0  0  0  0  0  0  0  0  0  0  0  0  0  0  0  0  0  0  0  0  0  0  0  0  0  0  0  0  0  0  0  1  0  0  0  1  0  0  0  0  0  0  0  0  0  0  0  0 11  7 11255  4  3  4115  0  2  4 48  0  0  0  8  7  2  8147  6  4  318501201013080110081577                
0520590108  0  0  0  4  0  0  0  0  0  0  0  0  0  0  0  2  0  0  0  0  0  0  0  0  0  0  0  0  0  0  0  0  0  0  0  0  0  0  0  2  0  0  0  0  0  0  0  0  0  0  0  1  0  0  0  1  0  0  0  2  0  0  0  0  0  0  0  3  6 10 19247  1  4  7105  7  1  7 67  0  2  0 12 21 24 37377  2  5  7 7101201217410120161588                
0520590109  0  0  1  1  0  0  0  0  0  0  0  0  0  0  1  1  0  0  0  0  0  0  0  0  0  0  1  0  0  0  0  1  0  0  1  1  0  0  1  1  0  0  0  0  0  0  0  0  0  0  0  1  0  0  1  0  0  0  0  0  0  0  1  1  0  0  0  1  3  2  8106  1  0  1 29  8  6  6106  3  4  4 53 10 11 10217  1  0  1 3601101616260060201840                
0520590110  0  0  0  3  0  0  0  0  0  0  0  0  0  0  0  1  0  0  0  0  0  0  0  0  0  0  0  0  0  0  0  0  0  0  0  1  0  0  0  1  0  0  0  0  0  0  0  0  0  0  0  1  0  0  0  1  0  0  0  1  0  0  0  0  0  0  0  1  2  1  4 37  2  1  2 11  1  2  2 40  4  7  9149  4  6 10 89 11 11 2225900001814770030131654                
0520590111  0  0  0  1  0  0  0  0  0  0  0  0  0  0  0  0  0  0  0  0  0  0  0  0  0  0  0  0  0  0  0  0  0  0  0  1  0  0  0  0  0  0  0  0  0  0  0  0  0  0  0  1  0  0  0  0  0  0  0  0  0  0  0  0  0  0  0  0  4  3  7124  1  0  4 52 30 32 26340  4  4  2 20  4 11 12189  4  4  4 2701101115820120131510                
0520590112  0  0  0  1  0  0  0  0  0  0  0  0  0  0  0  0  0  0  0  0  0  0  0  0  0  0  0  0  0  0  0  0  0  0  0  0  0  0  0  0  0  0  0  0  0  0  0  0  0  0  0  1  0  0  0  0  0  0  0  0  0  0  0  0  0  0  0  1 10 11 17187  8  6 12 80 29 35 36360 41 22 28184 15  8 12203 72 68 5657101801614990120131702                
0520590113  0  0  0  1  0  0  0  0  0  0  0  0  0  0  0  1  0  0  0  0  0  0  0  0  0  0  0  0  0  0  0  0  0  0  0  0  0  0  0  1  0  0  0  0  0  0  0  0  0  0  0  1  0  0  0  0  0  0  0  0  0  0  0  0  0  0  0  0 45 43 42342 21 19 16129 22 23 15126  6  8  4 40 33 31 25259 15  9  5 5901501512760090161460                
0520590114  0  0  0  1  0  0  0  0  0  0  0  0  0  0  0  0  0  0  0  0  0  0  0  0  0  0  0  0  0  0  0  0  0  0  0  0  0  0  0  0  0  0  0  0  0  0  0  0  0  0  0  0  0  0  0  1  0  0  0  0  0  0  0  0  0  0  0  1  8  6 13131  2  2  3 45  1  4  1 17  0  0  0  0 23 14 19182  2  1  1 1901901416880100081366                
0520590115  0  0  1  0  0  0  0  0  0  0  0  0  0  0  1  0  0  0  0  0  0  0  0  0  0  0  0  0  0  0  0  0  0  0  1  0  0  0  0  0  0  0  0  0  0  0  1  0  0  0  0  0  0  0  1  0  0  0  0  0  0  0  0  0  0  0  1  0 21 45 28373 10 23 10167  4  0  5 24 16 10  6 76 37 42 48430  7 11 13 4901401814140250151716                
0520590116  0  0  0  1  0  0  0  0  0  0  0  0  0  0  0  0  0  0  0  0  0  0  0  0  0  0  0  0  0  0  0  0  0  0  0  1  0  0  0  0  0  0  0  0  0  0  0  0  0  0  0  1  0  0  0  0  0  0  0  0  0  0  0  0  0  0  0  1  0  3  3 52  0  2  3 14  2  5  1 26  0  4  1  5 12 12 11218  2  5  6174008000    0080121546                
0520590201  0  0  0  3  0  0  0  0  0  0  0  0  0  0  0  3  0  0  0  1  0  0  0  0  0  0  0  0  0  0  0  2  0  0  0  0  0  0  0  1  0  0  0  1  0  0  0  1  0  0  0  2  0  0  0  1  0  0  0  0  0  0  0  3  0  0  0  0  0  1  2 27  0  0  1  5  5 11  5183  0  0  0  2  4  9  6 97  0  0  0 5201701217600100051805                
0520590202  0  1  1  2  0  0  0  0  0  0  0  0  0  1  1  2  0  0  0  1  0  0  0  1  0  0  0  0  0  0  0  1  0  0  0  1  0  1  1  1  0  0  0  1  0  0  0  0  0  1  0  1  0  0  0  1  0  0  1  0  0  0  0  1  0  1  0  0 21 45 28373  5 11 10 82 27 38 16214 16 10  6 76 37 42 48430 17 20 1314202200817900190191827                
0520590203  0  0  0  2  0  0  0  0  0  0  0  0  0  0  0  2  0  0  0  1  0  0  0  0  0  0  0  0  0  0  0  1  0  0  0  0  0  0  0  1  0  0  0  1  0  0  0  0  0  0  0  2  0  0  0  0  0  0  0  0  0  0  0  0  0  0  0  0  5  6  7207  1  2  1 51  0  0  2 33  0  0  0  0  5  7  7203  0  0  0  201401913420170121760                
0520590204  0  2  1  3  0  0  0  0  0  0  0  0  0  2  1  3  0  1  1  2  0  0  1  0  0  1  0  0  0  1  1  3  0  0  0  1  0  1  1  1  0  0  0  2  0  1  0  0  0  0  0  1  0  2  1  2  0  0  0  0  0  2  1  0  0  1  0  1 20 23 36310  9  6  9 75 16 19 19268  2  2  8 62 11 22 13207 21 27 2832201901315500150081451                
0520590205  0  0  0  1  0  0  0  0  0  0  0  0  0  0  0  1  0  0  0  0  0  0  0  0  0  0  0  0  0  0  0  0  0  0  0  0  0  0  0  1  0  0  0  0  0  0  0  0  0  0  0  0  0  0  0  0  0  0  0  1  0  0  0  1  0  0  0  0 31 34 34346  7  7  5 87  1  2  2 18 21 14 15 75 19 25 34331  5  5  9 240170131721000015                    
0520590206  0  1  0  1  0  0  0  0  0  0  0  0  0  1  0  1  0  1  0  1  0  0  0  1  0  0  0  0  0  0  0  1  0  1  0  1  0  1  0  1  0  0  0  0  0  0  0  0  0  1  0  0  0  0  0  1  0  0  0  0  0  0  0  1  0  0  0  1 11 36 44518 30 20 15 50 56 33 20 68 81 53 29114 42 41 36127 41 29 24 9701901315500120151799                
0520590207  0  0  0  1  0  0  0  0  0  0  0  0  0  0  0  1  0  0  0  1  0  0  0  0  0  0  0  0  0  0  0  1  0  0  0  0  0  0  0  1  0  0  0  0  0  0  0  0  0  0  0  0  0  0  0  1  0  0  0  0  0  0  0  0  0  0  0  1 54 51 39325 13 18 10 83 23 14 14 73 11  7  1 46 30 28 28266  0  0  0  10090111200000000                    
0520590208  0  0  1  1  0  0  0  0  0  0  0  0  0  0  1  1  0  0  0  1  0  0  0  1  0  0  0  0  0  0  1  1  0  0  1  0  0  0  1  1  0  0  0  0  0  0  0  0  0  0  0  1  0  0  1  0  0  0  0  0  0  0  1  1  0  0  0  0 45 43 42342  6  9 10 80 42 37 34213 25 23 31237 33 31 25259 24 40 3421401601318790120111660                
0520590209  0  0  0  2  0  0  0  0  0  0  0  0  0  0  0  2  0  0  0  1  0  0  0  0  0  0  0  0  0  0  0  1  0  0  0  0  0  0  0  1  0  0  0  0  0  0  0  1  0  0  0  1  0  0  0  1  0  0  0  0  0  0  0  0  0  0  0  0  6 10 19247  0  0  5 50 37 53 62533  1  2  1 22 21 24 37377  5  7  8 6001200615110200082310                
0520590210  0  0  0  1  0  0  0  0  0  0  0  0  0  0  0  1  0  0  0  1  0  0  0  0  0  0  0  0  0  0  0  0  0  0  0  1  0  0  0  1  0  0  0  0  0  0  0  0  0  0  0  1  0  0  0  0  0  0  0  0  0  0  0  1  0  0  0  1  1  2  3119  0  0  0 31  0  0  1  8  0  1  1  5  3  6  9187  0  0  0  401801615060190191827                
0520590211  0  1  0  1  0  0  0  0  0  0  0  0  0  1  0  1  0  1  0  1  0  1  0  0  0  0  0  0  0  1  0  1  0  1  0  0  0  1  0  0  0  0  0  1  0  0  0  0  0  0  0  1  0  1  0  0  0  0  0  0  0  1  0  0  0  1  0  0 62 67 45255 16 17  9 64 19 15  9 65  6  2  1  9 58 44 37197 12 18 10 5302202015310060111706                
0520590212  0  0  1  2  0  0  0  0  0  0  0  0  0  0  0  0  0  0  0  0  0  0  0  0  0  0  0  1  0  0  0  0  0  0  0  0  0  0  0  0  0  0  0  0  0  0  0  0  0  0  1  0  0  0  0  2  0  0  0  0  0  0  0  2  0  0  0  1  0  0  1 12  0  0  0  1  0  1  1 16  0  0  0  0  1  4  0 18  0  0  1 1001200816210120111660                
0520590213  0  0  0  1  0  0  0  0  0  0  0  0  0  0  0  1  0  0  0  1  0  0  0  1  0  0  0  0  0  0  0  1  0  0  0  0  0  0  0  1  0  0  0  0  0  0  0  0  0  0  0  1  0  0  0  0  0  0  0  0  0  0  0  1  0  0  0  0  0  0  0 21  0  0  0  5  0  0  0  0  0  0  0  4  0  0  0 15 11 18 2617401401513970110151608                
0520590214  0  0  0  2  0  0  0  0  0  0  0  0  0  0  0  2  0  0  0  0  0  0  0  0  0  0  0  0  0  0  0  2  0  0  0  2  0  0  0  1  0  0  0  0  0  0  0  1  0  0  0  1  0  0  0  1  0  0  0  0  0  0  0  2  0  0  0  0  3  0  3136  0  0  0 27  0  0  1 16  6  4 10116  3  4  2 96  1  5  3 510130161477000006                    
0520590215  0  0  0  2  0  0  0  0  0  0  0  0  0  0  0  2  0  0  0  1  0  0  0  0  0  0  0  0  0  0  0  2  0  0  0  0  0  0  0  2  0  0  0  0  0  0  0  0  0  0  0  0  0  0  0  1  0  0  0  1  0  0  0  0  0  0  0  1  4 17 16289  2  5  8 76  0  0  3 20  0  0  6 50  7 16 14256  6 14  918300801517570200331233                
0520590216  0  0  0  3  0  0  0  0  0  0  0  0  0  0  0  3  0  0  0  1  0  0  0  1  0  0  0  1  0  0  0  2  0  0  0  1  0  0  0  1  0  0  0  1  0  0  0  1  0  0  0  1  0  0  0  1  0  0  0  1  0  0  0  1  0  0  0  1  7 16 13120  1  0  0 10  0  0  0  2  0  0  0  1 10  4  7 68  4  2  2 4302203516610120151799                
0520590217  0  0  0  4  0  0  0  0  0  0  0  0  0  0  0  2  0  0  0  1  0  0  0  0  0  0  0  0  0  0  0  1  0  0  0  2  0  0  0  1  0  0  0  1  0  0  0  0  0  0  0  1  0  0  0  1  0  0  0  2  0  0  0  0  0  0  0  1  4  5  4102  1  0  1 20  1  0  1 17  3  4  2 35  7 10 12117  0  0  0  401000714500280331560                
0520590218  0  0  1  3  0  0  0  0  0  0  0  0  0  0  1  3  0  0  0  1  0  0  0  0  0  0  0  1  0  0  1  2  0  0  1  1  0  0  0  3  0  0  0  0  0  0  1  0  0  0  0  2  0  0  1  1  0  0  0  0  0  0  1  2  0  0  1  1  0  2  2 34  0  2  0  7  0  0  1  1  0  0  1  3  0  1  4 45 22 28 3224501000714500130031903                
0520590301  0  0  0  3  0  0  0  0  0  0  0  0  0  0  0  3  0  0  0  0  0  0  0  0  0  0  0  0  0  0  0  3  0  0  0  0  0  0  0  2  0  0  0  1  0  0  0  0  0  0  0  0  0  0  0  2  0  0  0  1  0  0  0  2  0  0  0  1 27 30 31153  1  4  3 18  1  8  1 21 19 10  8 57 42 49 38278  8  9  5 4701001114650100071825                
0520590302  0  0  0  2  0  0  0  0  0  0  0  0  0  0  0  1  0  0  0  0  0  0  0  0  0  0  0  0  0  0  0  1  0  0  0  0  0  0  0  1  0  0  0  0  0  0  0  0  0  0  0  0  0  0  0  1  0  0  0  1  0  0  0  2  0  0  0  0  3  0  1 78  0  0  0  7  2  0  1 23  0  0  1  4  3  4  2 96  0  0  0 3101100813260130111200                
0520590303  0  0  0  7  0  0  0  0  0  0  0  0  0  0  0  5  0  0  0  1  0  0  0  1  0  0  0  2  0  0  0  3  0  0  0  5  0  0  0  4  0  0  0  1  0  0  0  0  0  0  0  2  0  0  0  3  0  0  0  2  0  0  0  4  0  0  0  1  0  0  0 46  0  0  0 17  0  0  0  9  3  3 14213  5  7  7203  4 15 1720601301017580120091420                
0520590304  0  0  0  1  0  0  0  0  0  0  0  0  0  0  0  1  0  0  0  0  0  0  0  0  0  0  0  0  0  0  0  1  0  0  0  0  0  0  0  0  0  0  0  1  0  0  0  0  0  0  0  1  0  0  0  0  0  0  0  0  0  0  0  1  0  0  0  1 22 28 18150  7  8  3 35  3  3  2 10  0  0  1  4 33 31 25259  0  0  0  101601918420090101684                
0520590305  0  1  1  0  0  0  0  0  0  0  0  0  0  1  1  0  0  1  1  0  0  0  1  0  0  0  0  0  0  1  1  0  0  0  0  0  0  1  1  0  0  0  0  0  0  0  0  0  0  1  1  0  0  0  0  0  0  0  0  0  0  0  1  0  0  0  1  0 34 32 25128  0  3  0 13  1  0  0  5  1  0  0  0 19 22 16111  7  5  6 4902501518150080171869                
0520590306  0  0  1  1  0  0  0  0  0  0  0  0  0  0  1  0  0  0  0  0  0  0  0  0  0  0  1  0  0  0  0  0  0  0  0  0  0  0  1  0  0  0  0  0  0  0  0  0  0  0  0  1  0  0  0  0  0  0  1  0  0  0  1  1  0  0  1  0  9 13 21190  2  1  5 49 11 11 16129 16  1 79212 23 24 37409 55 50 6445100900616680100071701                
0520590307  0  0  0  3  0  0  0  0  0  0  0  0  0  0  0  2  0  0  0  1  0  0  0  0  0  0  0  0  0  0  0  0  0  0  0  0  0  0  0  2  0  0  0  0  0  0  0  0  0  0  0  1  0  0  0  2  0  0  0  0  0  0  0  1  0  0  0  2  7  7  9140  0  1  1  9  0  0  0 14  0  0  0  7  7  6  3170  6 13  713801201116740120151799                
0520590308  0  0  0  1  0  0  0  0  0  0  0  0  0  0  0  1  0  0  0  0  0  0  0  0  0  0  0  0  0  0  0  1  0  0  0  0  0  0  0  1  0  0  0  0  0  0  0  0  0  0  0  1  0  0  0  0  0  0  0  0  0  0  0  1  0  0  0  0  0  2  0 20  0  0  0  0  0  0  0  6  0  0  0  0  1  4  0 18  1  0  0 2401901315500250151815                
0520590309  0  0  0  3  0  0  0  0  0  0  0  0  0  0  0  1  0  0  0  1  0  0  0  0  0  0  0  0  0  0  0  1  0  0  0  2  0  0  0  0  0  0  0  0  0  0  0  1  0  0  0  1  0  0  0  2  0  0  0  0  0  0  0  2  0  0  0  2  0  0  1 30  0  0  0  0  1  2  5 27  0  0  0  3  3  4  1 49  0  0  0 1901901418590090171602                
0520590310  0  0  0  1  0  0  0  0  0  0  0  0  0  0  0  1  0  0  0  1  0  0  0  1  0  0  0  0  0  0  0  1  0  0  0  0  0  0  0  1  0  0  0  0  0  0  0  0  0  0  0  1  0  0  0  0  0  0  0  0  0  0  0  1  0  0  0  1 29 33 25127  6  9  7 30  0  0  0  6 16 19 14 91 58 44 37197 25 21 1816302501518150060091760                
0520590311  0  0  0  1  0  0  0  0  0  0  0  0  0  0  0  1  0  0  0  1  0  0  0  1  0  0  0  0  0  0  0  1  0  0  0  1  0  0  0  1  0  0  0  0  0  0  0  0  0  0  0  1  0  0  0  0  0  0  0  0  0  0  0  1  0  0  0  0 84 50 35115 23  7 10 27 18  5  9 28 81 53 29114 42 41 36127 16 10  9 500250151815000000                    
0520590312  0  0  0  1  0  0  0  0  0  0  0  0  0  0  0  1  0  0  0  0  0  0  0  0  0  0  0  0  0  0  0  0  0  0  0  1  0  0  0  1  0  0  0  0  0  0  0  0  0  0  0  1  0  0  0  0  0  0  0  0  0  0  0  1  0  0  0  0 22 21 14169  2  2  1 15  0  0  0  1  6  2  6 24 23 14 19182  1  0  0  70180161881000019                    
0520590401  1  1  2  5  0  0  0  0  0  0  0  0  1  0  0  2  1  0  0  0  1  0  0  0  0  0  0  0  1  0  0  0  1  1  2  3  1  0  0  1  0  0  0  1  0  0  0  0  1  0  1  1  0  1  1  4  0  0  0  0  0  1  2  0  1  0  0  0 17 28 23234 11 17 15124 59 57 54382  2  3  4 23 19 25 34331  5  6  5 4001101316270120131702                
0520590402  1  0  2  6  0  1  0  0  0  0  0  0  1  0  2  4  0  0  2  0  0  0  2  0  1  0  1  1  0  0  2  0  1  0  2  2  0  0  1  2  1  0  0  0  0  0  1  2  0  0  0  3  0  0  0  2  1  0  2  1  0  0  2  1  1  0  1  1 39 32 39219 19 16 26 92 13 12  9 64  1  0  2  2 33 31 25259  1  0  2 1300301713580000031275                
0520590403  1  1  0  7  0  0  0  0  0  0  0  0  0  0  0  0  0  0  0  0  0  0  0  0  0  0  0  1  0  0  0  0  0  0  0  0  0  0  0  0  0  0  0  0  0  0  0  0  1  1  0  0  0  0  0  5  0  0  0  2  1  1  0  1  1  0  0  3 14 19 17170  1  1  0 10  0  0  0  4  0  0  0  0 10  4  7 68  1  1  0  702200817110130121697                
0520590404  1  4  3 16  0  0  0  1  0  0  0  0  1  4  3 16  1  1  0  3  1  1  0  2  0  0  2  3  1  1  0  5  0  0  0  0  1  2  3 11  0  0  0  3  0  2  0  2  1  3  2  8  0  1  1  5  0  0  0  3  0  0  0  6  0  1  1  6 68 41 39367  0  2  1 13  0  0  1  0  8 10  7 42 42 37 25283  3  4  4 7100801716830130131529                
0520590405  0  0  1  2  1  0  0  0  0  0  0  0  0  0  1  2  0  0  0  1  0  0  0  1  0  0  0  0  0  0  1  2  0  0  1  2  0  0  0  0  0  0  0  1  0  0  1  1  0  0  0  0  0  0  0  1  0  0  1  1  0  0  0  0  0  0  0  1  4 11 13163  0  3  9 83  0  1  5 49  0  0  1  4 21 24 37377  0  0  1  600800915540080171683                
0520590406  1  3  1  6  0  0  0  0  0  0  0  0  1  3  1  4  0  2  1  2  0  2  1  2  0  1  0  2  0  3  1  3  0  2  0  1  1  2  0  4  0  0  0  0  0  1  1  0  0  0  0  1  0  0  1  2  1  3  0  3  0  2  0  1  0  1  0  2 56 33 31178 11  9  4 36  0  2  0  4  0  2  0  1 33 32 28153  1  3  1 4200201015170120151624                
0520590407  1  0  2 18  0  0  0  0  0  0  0  0  1  0  2 17  0  0  1  4  0  0  1  4  0  0  0  2  1  0  1  8  1  0  2  8  0  0  2 11  0  0  0  4  1  0  0  2  0  0  0  5  1  0  2 10  0  0  0  3  0  0  0  7  0  0  1  9  3  2  2 94  3  1  2 43 14  9 16409  1  0  2 13  1  1  2 81  1  0  2 1800301712600110151562                
0520590408  0  0  0  6  0  0  0  0  4  1  2  4  0  0  0  4  0  0  0  2  0  0  0  2  0  0  0  1  0  0  0  3  0  0  0  1  0  0  0  1  0  0  0  2  0  0  0  1  0  0  0  2  0  0  0  2  0  0  0  2  0  0  0  4  0  0  0  2  3  7  5115  1  3  1 23  1  2  0 39  0  0  0  1 10 11 10217  2  1  0 2100801414720150151197                
0520590409  0  0  0  4  0  0  0  1  3  0  0  3  0  0  0  2  0  0  0  1  0  0  0  0  0  0  0  0  0  0  0  0  0  0  0  0  0  0  0  2  0  0  0  0  0  0  0  0  0  0  0  0  0  0  0  2  0  0  0  2  0  0  0  0  0  0  0  3  2  4  3 97  0  3  2 47  1  2  1 12  0  3  1 17  3  4  2 96  0  0  0  201201615880080121501                
0520590410  1  1  1  7  0  0  0  0  0  0  0  0  0  0  0  1  0  0  0  0  0  0  0  0  0  0  0  2  0  0  0  1  0  0  1  3  0  0  0  1  0  0  0  0  0  0  0  0  0  1  1  1  1  0  0  2  0  0  0  4  0  0  0  2  0  0  1  0  7  9  9199  4  4  5119  8  4 13297  0  0  1  4  7 16 14256  4  3  7 4301101514850100161610                
0520590411  1  4  1  4  0  0  0  0  0  0  0  0  1  4  1  4  0  0  0  2  0  0  0  2  0  1  0  1  0  1  1  3  1  1  1  0  0  1  0  3  1  2  1  0  0  1  0  1  0  1  0  3  1  3  1  1  0  0  0  0  0  1  0  3  1  1  0  2 46 31 33213 25 14 15108  1  3  5 27  2  1  1  0 30 28 28266  1  4  1  500801414720080171683                
0520590412  1  0  2  6  0  0  0  0  0  0  0  0  1  0  2  3  1  0  1  1  1  0  1  1  1  0  0  2  1  0  1  2  0  0  0  1  1  0  2  1  0  0  0  1  0  0  0  1  0  0  2  2  1  0  0  3  0  0  0  1  0  0  1  1  1  0  0  2 16  4 12150  5  0  2 40  2  0  0 11  2  5  6 39 23 14 19182  8  8  4 6601600816980120151624                
0520590413  1  0  0 13  0  0  0  0  0  0  0  0  1  0  0  7  0  0  0  1  0  0  0  1  1  0  0  2  0  0  0  4  0  0  0  0  0  0  0  4  0  0  0  1  1  0  0  2  0  0  0  4  1  0  0  6  0  0  0  3  0  0  0  4  0  0  0  4  0  0  2 33  0  0  0 13  0  0  0  0  0  0  0  0  0  1  4 45  2  0  2 1901300816580060111530                
0520590414  1  0  0  3  0  0  0  0  0  0  0  0  1  0  0  3  1  0  0  1  1  0  0  1  0  0  0  3  1  0  0  2  0  0  0  0  1  0  0  1  0  0  0  0  0  0  0  2  1  0  0  0  0  0  0  3  0  0  0  0  0  0  0  0  0  0  0  0  7  9 10174  2  2  1 59  0  0  1 10  1  1  1  4  7  6  3170  1  0  0  30080121501004000                    
0520590415  1  1  2 18  0  0  0  0  0  0  0  0  1  1  2 17  0  1  0  8  0  1  0  5  0  0  0  0  0  1  1 12  0  0  0  0  1  1  2 12  0  0  0  2  0  0  0  3  0  1  2  7  1  0  0  7  0  0  0  4  0  1  0  4  0  0  0  3  0  0  2 18  0  0  1  9  0  0  0  4  0  0  0  2  0  0  0 15  4  1  5 5901001114510090131495                
0520590416  1  3  0 23  0  0  0  0  0  0  0  0  1  2  0 14  0  1  0  4  0  1  0  2  0  0  0  1  0  2  0  6  0  0  0  0  1  1  0 11  0  0  0  1  0  1  0  2  1  1  0  8  0  1  0  8  0  1  0  7  0  1  0  6  1  0  0  3 19 17 14156 12 12  8 75  0  0  0  1  0  0  0  1 18 13 12123  0  0  0  500401614930160171685                
0520590501  1  0  0  2  0  0  0  0  0  0  0  0  1  0  0  2  1  0  0  1  1  0  0  1  0  0  0  2  1  0  0  2  1  0  0  1  1  0  0  1  0  0  0  0  0  0  0  1  0  0  0  1  1  0  0  1  0  0  0  0  0  0  0  0  0  0  0  1  9 14  7151  3  7  4 62  2  0  3  7  2  0  1  5  9 11 10239  4  2  1 2401401416280100071592                
0520590502  1  1  1 17  0  0  0  0  0  0  0  0  1  1  1 17  0  0  0  0  0  0  0  0  1  0  1  5  1  0  0 10  0  0  1  2  0  0  1 12  1  1  0  3  0  0  0  2  0  0  0  5  0  1  0  6  1  0  1  6  0  0  0  3  0  0  1  6 31 34 34346 16 15 15142 59 57 54382  0  0  1  4 19 25 34331  1  1  1 260160191658000000                    
0520590503  1  1  0  3  0  0  0  0  0  0  0  0  0  0  0  0  0  0  0  0  0  0  0  0  0  0  0  0  0  0  0  0  0  0  0  0  0  0  0  0  0  0  0  0  0  0  0  0  0  1  0  1  1  0  0  2  0  0  0  0  0  1  0  2  1  1  0  0 71 50 50201 10  7 11 34  1  1  1  0 80 72 61325 35 25 21157 11  8  7 9201901917070060111530                
0520590504  1  1  2 15  0  0  0  0  0  0  0  0  0  1  2  8  0  0  0  1  0  0  0  1  0  0  0  2  0  0  1  1  0  1  1  1  0  1  1  5  0  0  1  1  0  0  0  2  1  1  0  5  0  0  2  6  0  0  0  4  0  1  1  2  0  0  0  5  0  0  1 12  0  0  1  3  1  1  1  5  0  1  1  6  1  4  0 18  5 14  918001601916580150051421                
0520590505  1  1  1  5  0  0  0  0  0  0  0  0  1  1  1  5  0  1  1  1  0  1  1  1  0  0  0  0  0  1  1  3  0  1  1  1  1  1  1  3  0  0  0  1  0  0  0  1  0  0  0  1  0  1  0  1  1  0  1  3  0  0  0  2  0  0  0  2 29 21 27248  2  1  3 20  0  1  1 12  9  4  7 59 42 37 25283  8  5  6 6201601916580000201389                
0520590506  1  1  0  1  0  0  0  0  0  0  0  0  1  1  0  1  0  0  0  0  0  0  0  0  0  0  0  0  0  0  0  0  1  0  0  0  0  1  0  0  1  0  0  0  0  0  0  1  1  1  0  0  0  0  0  0  0  0  0  1  0  1  0  0  1  1  0  0 27 38 36166  6  3  5 31  2  4  1 14  1  0  0  6 19 22 16111  4  4  3 2400901915200030171260                
0520590507  1  2  1  6  0  0  0  0  0  0  0  0  0  1  0  0  0  1  0  0  0  1  0  0  0  1  0  1  0  1  0  0  0  2  0  1  0  1  0  0  0  0  0  0  0  0  0  0  0  0  0  0  1  0  0  4  0  2  1  2  0  1  0  3  1  0  1  4 11 36 44518 35 22 14 66 13 28 65519 11  8 11 28 42 41 36127 16  1 341110250151716033000                    
0520590508  0  0  1 19  0  0  0  2  5  1  0  3  0  0  1 19  0  0  0  6  0  0  0  6  0  0  0  1  0  0  1 11  0  0  0  0  0  0  1 13  0  0  0  5  0  0  0  1  0  0  1  5  0  0  0  8  0  0  0  6  0  0  1  4  0  0  1  4 10 11 17187  8  6 12 80  0  0  1 17  0  0  0  6 15  8 12203  3  2  21170090091561000000                    
0520590509  1  2  0  1  0  0  0  0  0  0  0  0  1  2  0  1  0  0  0  1  0  0  0  1  1  1  0  0  0  2  0  1  0  0  0  1  0  2  0  0  0  0  0  0  1  0  0  1  0  1  0  0  0  0  0  1  1  1  0  0  0  1  0  1  0  2  0  1 62 67 45255 29 25 19102 33 28 18 93  7  3  8 35 58 44 37197 13  8 11 990200201696000000                    
0520590510  1  0  1 11  0  0  0  0  0  0  0  0  1  0  1  6  0  0  0  1  0  0  0  1  0  0  0  0  1  0  1  5  0  0  0  3  1  0  0  4  0  0  0  1  0  0  1  1  1  0  0  5  0  0  0  6  0  0  1  0  1  0  1  1  0  0  1  4  7 11 16295  2  6 10144  2  4  2 70  9  6  4 80 10 12 15419 10  7  817300800914480130101657                
0520590511  1  1  0  7  0  0  0  0  0  0  0  0  0  0  0  1  0  0  0  0  0  0  0  0  0  0  0  0  0  0  0  1  0  0  0  3  0  0  0  0  0  0  0  1  0  0  0  0  0  1  0  3  1  0  0  3  0  0  0  1  0  0  0  4  1  0  0  2 21 45 28373 10 23 10167  7 15 18 88  4  4  1 28 37 42 48430  5  5  2 4702200817110140051550                
0520590512  1  0  0  3  0  0  0  0  0  0  0  0  1  0  0  3  0  0  0  1  0  0  0  1  0  0  0  0  1  0  0  1  0  0  0  0  0  0  0  2  0  0  0  0  1  0  0  1  1  0  0  1  0  0  0  1  0  0  0  1  0  0  0  1  0  0  0  2 11  7 11255  4  3  4115  0  0  0 14  2  0  1 16  7  2  8147  5  5  5 3500901715460000191508                
0520590513  1  0  4  9  0  0  0  0  0  0  0  0  1  0  4  7  0  0  0  0  0  0  0  0  0  0  0  1  0  0  2  4  0  0  3  2  0  0  2  3  1  0  1  3  0  0  1  1  0  0  2  3  0  0  1  5  1  0  1  1  0  0  3  1  0  0  1  3  0  1  2 27  0  0  0 10  2  6 11 72  2  1  5 20  4  9  6 97  1  0  4  900800915540080171353                
0520590514  1  0  3 13  0  0  1  0  0  0  0  0  1  0  3 13  0  0  1  4  0  0  1  4  0  0  0  1  1  0  1  6  0  0  0  0  1  0  1  8  0  0  0  3  0  0  2  2  0  0  3  6  0  0  0  5  1  0  0  2  0  0  0  2  1  0  0  2  2  1  4 37  2  1  2 11  1  1  4 34  0  0  0  3  4  6 10 89  5  4  6 6201100815410000141680                
0520590515  1  0  0  7  0  0  0  0  0  0  0  0  1  0  0  5  0  0  0  2  0  0  0  2  0  0  0  0  1  0  0  4  1  0  0  5  0  0  0  3  1  0  0  0  0  0  0  2  0  0  0  1  0  0  0  3  1  0  0  3  0  0  0  3  0  0  0  1  5  6  7207  3  2  6102  1  0  1 43  1  0  0  5  5  7  7203  1  0  0  701101115820090171546                
0520590516  0  0  0  2  0  0  0  0  3  1  0  1  0  0  0  1  0  0  0  0  0  0  0  0  0  0  0  0  0  0  0  1  0  0  0  0  0  0  0  1  0  0  0  0  0  0  0  0  0  0  0  1  0  0  0  0  0  0  0  1  0  0  0  1  0  0  0  1  0  0  1 46  0  0  0 23  0  0  0  0  0  1  0  5  3  4  1 49  1  0  1 1201800416000000031275                
0520590601                                                                                                                                                                                                             13 21  5532 25 15 12 37 22 21  8 42 12 86 55221 42 41 36127 66 52 4927502200817900100071701                
0520590602                                                                                                                                                                                                             53 38 37274  1  1  0 10 18  8  7 57  2  3  1 14 14 23 11165 12  6  5 8701101918000100061835                
0520590603                                                                                                                                                                                                             51 73 53381  1 13 11 63  5  3  1 21  0  0  0  0 33 31 25259  4  7  7 5901601517000250151815                
0520590604                                                                                                                                                                                                             44 60 58345  4 10  5 71  1  4  3 32 40 44 40251 30 28 28266  0  0  0 100160151700000019                    
0520590605                                                                                                                                                                                                              4  1  4 32  0  0  0  1  0  0  0  0  0  0  0  1  1  4  0 18  0  1  0 1101601318790300051406                
0520590606                                                                                                                                                                                                             11 30 28389  0  2  2 26 37 53 62533  2  4  3 31 21 24 37377 14 15  910502200817900100071701                
0520590607                                                                                                                                                                                                             42 25 26175  5  3  2 37  6  7  8 35  0  0  0  0 18 13 12123  0  0  0  00170121760000000                    
0520590608                                                                                                                                                                                                             17 36 40426  2  5  5 84  5  3  8 73 16  1 79212 23 24 37409 13  9 1914001601517000080121650                
0520590609                                                                                                                                                                                                              1  0  1 44  0  0  0  5  0  0  0 13  3  1  5 60  4  6 10 89 25 21 3242301901315500290001200                
0520590610                                                                                                                                                                                                             26 41 31286  2  0  2 19  1  2  1 14 12  7 11 58 23 14 19182 13 11 131510220351661000024                    
0520590611                                                                                                                                                                                                             16 20 16319  0  0  2 21  0  0  0 12  0  0  0  1  7  6  3170  0  0  0  002002017200150081451                
0520590612                                                                                                                                                                                                             71 77 71490  1  1  1  6  1  0  0  1  8 10  7 42 42 37 25283  4  2  5 3902002017200150171485                
0520590613                                                                                                                                                                                                             12  7 96120  1  3  5 11  3  1  1  5 87 72 55283 29 29 24110 37 30 281450190191827000020                    
0520590701  2  2  1 18  0  0  0  0  0  0  0  0  2  2  1 18  2  0  0  8  2  0  0  8  0  0  0  0  2  1  0 11  0  0  0  0  1  2  0 12  0  0  1  2  1  0  0  4  1  2  0  8  1  0  1  5  0  0  0  5  0  0  0  5  2  2  1  5  2  4  3 97  0  3  2 47  0  0  1 16  0  0  0  3  3  4  2 96  2  2  1 1900501416460120161588                
0520590702  2  1  0 10  0  0  0  0  0  0  0  0  2  1  0 10  2  1  0  5  2  1  0  5  0  0  0  1  2  1  0  7  1  1  0  2  0  1  0  8  1  0  0  0  1  0  0  2  0  0  0  3  2  0  0  5  0  1  0  2  2  1  0  2  0  0  0  3  1  1  0 36  1  1  0 15  2  3  2  5  1  1  0  3  3  4  1 49 52 41 3447400301713580120131702                
0520590703  2  2  1  9  0  0  0  0  0  0  0  0  2  2  0  7  2  2  0  3  2  2  0  1  0  1  0  3  2  2  0  3  0  1  0  0  1  2  0  3  1  0  0  1  0  0  0  3  2  2  0  1  0  0  0  4  0  0  1  4  1  2  0  2  0  0  0  2 24 27 24239 15 17 17130  1  1  0  3  0  1  0  0 37 42 48430  2  3  2 1400401614930070131649                
0520590704  1  0  0 11  0  0  0  0  2  1  0  0  1  0  0 11  1  0  0  5  0  0  0  0  0  0  0  0  0  0  0  1  0  0  0  0  0  0  0  6  0  0  0  4  1  0  0  1  0  0  0  0  1  0  0  7  0  0  0  4  0  0  0  1  1  0  0  2  4  4  7136  2  3  3 60  4  0  4 30  1  0  2 19  4 11 12189  8  6  9 6300501314220160171685                
0520590705  2  0  0  4  0  0  0  0  0  0  0  0  2  0  0  4  2  0  0  3  2  0  0  2  0  0  0  0  2  0  0  4  1  0  0  0  1  0  0  3  1  0  0  1  0  0  0  0  1  0  0  0  0  0  0  2  1  0  0  2  1  0  0  0  1  0  0  2 32 46 32286  6  4  3 45  2  2  2 12  3  6  4 20 42 49 38278 22 13 1513001701317020120101308                
0520590706  2  3  1  3  0  0  0  0  0  0  0  0  2  3  1  3  2  0  1  2  2  0  1  2  0  0  0  0  2  0  1  2  1  0  0  1  1  2  1  2  1  1  0  0  0  0  0  1  0  2  0  2  1  1  1  1  1  0  0  0  0  1  0  1  1  2  0  1 39 32 39219 19 16 26 92 13 12  9 64  4  2  3  8 33 31 25259  2  3  1  300901715460100061515                
0520590707  2  2  6 14  0  0  0  0  0  0  0  0  2  2  6 13  1  0  0  2  1  0  0  2  0  0  0  0  1  2  4  8  0  0  1  3  0  1  4 11  2  0  0  1  0  1  2  1  0  0  4  3  2  1  2  3  0  1  0  8  0  1  3  1  0  0  2  5 36 46 35167 14 20 15 71  4  8  3 16  0  0  1  3 58 44 37197  4  4 10 3600801216110100071551                
0520590708  2  3  4 10  0  0  0  0  0  0  0  0  2  3  4  9  1  2  2  4  1  2  2  4  0  0  1  1  1  2  3  4  0  0  1  3  2  3  2  5  0  0  1  1  0  0  1  3  1  0  0  5  1  1  2  4  0  2  2  1  1  0  1  4  1  1  2  4 17 28 23234 11 17 15124  6 12 11125  2  0  7 30 19 25 34331  5  6 10 8000801414720140101653                
0520590709  1  0  0 17  1  0  0  0  0  0  0  0  1  0  0 16  0  0  0  2  0  0  0  0  0  0  0  5  1  0  0  3  0  0  0  1  1  0  0 10  0  0  0  3  0  0  0  3  0  0  0  7  1  0  0  8  0  0  0  2  0  0  0  3  0  0  0  9  7  9  9199  4  4  5119  5  9  8117  0  1  2 29  7 16 14256  2  0  0 2600301513130100071551                
0520590710  2  1  2 22  0  0  0  0  0  0  0  0  2  1  1 18  1  1  0  4  1  1  0  4  1  0  0  3  2  1  1 11  0  0  0  1  1  1  1 11  0  0  0  4  1  0  0  3  1  1  1  5  1  0  1  7  0  0  0 10  1  0  1  7  1  0  0 11  0  0  0  6  0  0  0  1  0  0  0  4  0  0  0  1  1  4  0 18  0  0  1 2201101515620130101657                
0520590711  2  4  3 10  0  0  0  0  0  0  0  0  2  4  3  8  0  0  1  1  0  0  1  1  0  0  0  1  0  0  1  1  0  0  1  1  2  4  3  5  0  0  0  1  0  0  0  2  0  2  1  2  1  1  2  5  1  1  0  3  0  0  2  3  1  2  2  5  4 11 13163  0  3  9 83  1  3  3 41  0  0  1  1 21 24 37377  6  6  4 6801001113000110092400                
0520590712  1  4  0 12  0  2  0  0  3  0  0  0  1  2  0  8  0  0  0  0  0  0  0  0  0  0  0  3  1  0  0  0  1  0  0  1  1  2  0  4  0  0  0  1  0  0  0  3  0  2  0  2  0  1  0  3  1  1  0  7  0  1  0  2  0  3  0  7 14 19 17170  1  1  0 10  1  1  1 10  1  1  0  8 10  4  7 68  2  2  2 2801801614990000141233                
0520590713  2  2  3 10  0  0  0  1  0  0  0  0  2  0  3  8  0  0  0  2  0  0  0  2  0  0  0  0  1  0  0  4  1  0  2  3  1  0  2  6  1  0  1  1  0  0  0  1  2  1  0  1  0  1  2  3  0  0  1  6  0  0  2  2  1  2  2  1  2  9  6106  0  8  4 56 20 24 24257  1  1  2 11  5  8  8177  8  9  5 5400901515000120161588                
0520590714  0  1  1  3  1  0  1  0  3  0  0  0  0  1  1  3  0  0  0  2  0  0  0  0  0  1  0  0  0  1  0  1  0  0  0  0  0  0  1  1  0  0  0  1  0  1  0  1  0  1  0  0  0  0  1  2  0  0  0  1  0  1  1  1  0  1  0  1  7  9 10174  2  2  1 59  0  0  0  3  1  1  2  3  7  6  3170  6  6  3 3300902114460000201672                
0520590715  2  0  3 11  0  0  0  0  0  0  0  0  2  0  1  8  2  0  0  2  1  0  0  2  0  0  2  2  2  0  0  5  0  0  1  0  2  0  0  3  0  0  0  5  0  0  1  0  0  0  2  2  0  0  1  9  2  0  0  0  2  0  0  2  0  0  2  2 13 12 10269  7  7  6158  0  0  1  8  4  3  1 31 11 22 13207  7  6  6 6402202912730290311353                
0520590716  2  0  0 19  0  0  0  1  0  0  0  0  1  0  0 12  0  0  0  4  0  0  0  4  0  0  0  2  0  0  0  8  0  0  0  0  0  0  0  8  1  0  0  2  0  0  0  2  1  0  0  8  1  0  0  4  0  0  0  7  0  0  0  5  1  0  0  7 17 15 19190  8  8  9 72  0  2  1 41  0  0  1 12 31 27 34308 21 27 2832201001113000180161499                
0520590801  1  0  2  0  0  0  0  0  0  0  0  0  1  0  2  0  0  0  1  0  0  0  0  0  0  0  0  0  0  0  0  0  1  0  0  0  1  0  2  0  0  0  0  0  0  0  0  0  0  0  1  0  0  0  0  0  1  0  1  0  1  0  0  0  0  0  0  0 71 50 50201  8  5  7 35  9  6  9 34 80 72 61325 35 25 21157  1  0  2  502002017200160211828                
0520590802  1  0  0  4  0  0  0  0  0  0  0  0  1  0  0  3  0  0  0  2  0  0  0  1  0  0  0  0  0  0  0  1  1  0  0  3  1  0  0  2  0  0  0  1  0  0  0  0  0  0  0  2  1  0  0  2  0  0  0  0  0  0  0  3  0  0  0  2  3  0  3136  0  0  0 27  6  7  7211  1  0  0 22  3  4  2 96  2  5  617401001113890130131674                
0520590803  0  0  0  1  0  0  0  0  1  0  0  2  0  0  0  1  0  0  0  0  0  0  0  0  0  0  0  0  0  0  0  1  0  0  0  0  0  0  0  1  0  0  0  0  0  0  0  0  0  0  0  0  0  0  0  0  0  0  0  1  0  0  0  1  0  0  0  1  4  3  7124  0  0  1 26  0  0  0 28  0  0  0  2  4 11 12189 22 18 2527001701217600120131423                
0520590804  1  0  0  0  0  0  0  0  0  0  0  0  1  0  0  0  1  0  0  0  1  0  0  0  0  0  0  0  1  0  0  0  1  0  0  0  1  0  0  0  0  0  0  0  0  0  0  0  1  0  0  0  0  0  0  0  0  0  0  0  1  0  0  0  0  0  0  0 54 51 39325 13 18 10 83  8  2  1 20  8  5  8 70 30 28 28266 16 11 2011602501518150120131423                
0520590805  0  0  0  0  0  0  0  0  2  0  1  0  0  0  0  0  0  0  0  0  0  0  0  0  0  0  0  0  0  0  0  0  0  0  0  0  0  0  0  0  0  0  0  0  0  0  0  0  0  0  0  0  0  0  0  0  0  0  0  0  0  0  0  0  0  0  0  0 10 11 17187  0  0  3 40 29 35 36360 21 15 24150 15  8 12203 15 14 11 9001901918270120161593                
0520590806  1  0  0  1  0  0  0  0  0  0  0  0  1  0  0  1  0  0  0  1  0  0  0  1  0  0  0  0  0  0  0  1  1  0  0  1  1  0  0  0  0  0  0  0  0  0  0  1  1  0  0  0  0  0  0  1  0  0  0  0  0  0  0  1  1  0  0  0 11 36 44518 30 20 15 50 13 28 65519 24 15 14 43 42 41 36127  9  2  4 1102203516610080171356                
0520590807  0  0  0  0  0  0  0  0  1  2  4  1  0  0  0  0  0  0  0  0  0  0  0  0  0  0  0  0  0  0  0  0  0  0  0  0  0  0  0  0  0  0  0  0  0  0  0  0  0  0  0  0  0  0  0  0  0  0  0  0  0  0  0  0  0  0  0  0 31 34 34346  7  7  5 87  0  1  2  7  0  0  0  0 19 25 34331  0  0  0  0000014    0100061835                
0520590808  0  0  0  6  0  0  0  0  1  0  1  1  0  0  0  6  0  0  0  2  0  0  0  1  0  0  0  2  0  0  0  3  0  0  0  5  0  0  0  3  0  0  0  1  0  0  0  2  0  0  0  2  0  0  0  2  0  0  0  2  0  0  0  3  0  0  0  4  0  2  2 34  0  2  0  7  2  4  2 38  0  0  0  6  0  1  4 45  0  0  0 1100501314260070172400                
0520590809  1  0  0  0  0  0  0  0  0  0  0  0  1  0  0  0  1  0  0  0  1  0  0  0  0  0  0  0  1  0  0  0  1  0  0  0  1  0  0  0  0  0  0  0  0  0  0  0  1  0  0  0  0  0  0  0  0  0  0  0  1  0  0  0  0  0  0  0 62 67 45255 16 17  9 64  1  0  0  3  2  1  0  2 58 44 37197  1  0  0  001200816210030151200                
0520590810  1  0  0  0  0  0  0  0  0  0  0  0  1  0  0  0  1  0  0  0  1  0  0  0  0  0  0  0  1  0  0  0  1  0  0  0  0  0  0  0  0  0  0  0  1  0  0  0  1  0  0  0  0  0  0  0  0  0  0  0  1  0  0  0  0  0  0  0 57 52 36200 11  6  3 39 11  2  5 27 18 11  6 30 33 32 28153  4  1  3  502202015310100001200                
0520590901  2  1  2  8  0  0  0  0  0  0  0  0  2  1  2  6  1  1  1  1  1  1  0  1  1  0  2  3  1  1  0  2  1  0  1  3  0  1  1  2  1  0  0  4  1  0  1  0  2  1  1  3  0  0  1  2  0  0  0  3  0  0  0  3  0  1  0  3  9 13 21190  2  1  5 49 18 10 16227 13 13 17185 23 24 37409  2  1  2  801301514870120151799                
0520590902  2  0  3  7  0  0  0  0  0  0  0  0  2  0  3  7  2  0  2  2  0  0  2  1  1  0  0  3  0  0  2  4  0  0  0  1  2  0  1  5  0  0  0  2  0  0  2  0  0  0  2  3  1  0  0  1  1  0  1  3  1  0  0  3  0  0  1  3 22 21 14169  2  2  1 15  2  3  3 14  2  5  3 39 23 14 19182 13  9 1914001601318790080121650                
0520590903  2  2  6 10  0  0  0  0  0  0  0  0  2  2  6 10  0  0  0  0  0  0  0  0  1  0  1  1  0  2  2  4  0  0  3  6  1  2  6  9  1  0  0  0  0  0  0  1  0  2  2  6  1  0  2  2  1  0  2  2  0  1  1  3  0  1  1  1  3 10  4 51  0  3  3 17  7  9 11166  1  0  3 16  9 11 10239 10 15 12 720160191842000000                    
0520590904  2  4  2  9  0  0  0  0  0  0  0  0  1  4  2  8  0  0  0  1  0  0  0  1  0  0  0  2  0  2  1  3  1  4  2  3  1  4  1  5  0  0  1  2  0  0  0  1  0  0  1  5  2  2  0  3  0  2  1  1  1  1  0  5  2  1  0  5 22 28 18150  7  8  3 35 22 23 15126  6  8  4 40 33 31 25259 15  9  5 5901701217600220141880                
0520590905  2  0  2  0  0  0  0  0  0  0  0  0  2  0  2  0  1  0  0  0  0  0  0  0  2  0  1  0  1  0  2  0  2  0  1  0  0  0  2  0  1  0  0  0  1  0  0  0  2  0  1  0  0  0  1  0  0  0  0  0  1  0  0  0  0  0  1  0 84 50 35115 23  7 10 27 56 33 20 68 81 53 29114 42 41 36127 41 29 24 9702501518150120131423                
0520590906  2  0  1  6  0  0  0  0  0  0  0  0  2  0  1  5  2  0  1  3  0  0  0  0  0  0  0  0  0  0  0  1  1  0  0  0  1  0  1  5  1  0  0  0  0  0  0  0  0  0  0  2  2  0  1  3  0  0  0  1  0  0  0  2  1  0  0  1 27 30 31153  1  4  3 18 18 16 14 92  1  0  0  1 42 49 38278  2  0  1  601801618810120161593                
0520590907  3  4  2  7  0  0  0  0  0  0  0  0  3  4  2  7  3  4  2  5  0  1  0  3  0  0  0  0  2  1  0  5  1  3  0  5  3  4  2  6  0  0  0  1  0  0  0  0  1  3  0  4  0  1  1  2  2  0  1  1  0  0  0  3  0  0  1  1 29 33 25127  6  9  7 30 31 27 15 81 26 19 20 94 58 44 37197 57 58 3324702501518150190191827                
0520591001  1  1  1  4  0  0  0  0  3  0  0  0  1  0  1  2  1  0  1  2  1  0  1  2  0  0  0  2  1  0  1  2  0  0  0  0  1  0  1  0  0  0  0  0  0  0  0  2  0  1  1  1  0  0  0  2  1  0  0  1  1  1  0  2  0  0  1  1 16 24 21196  2  5  3 36  4  1  8 31  0  0  0  8 42 49 38278  4  4  2 4602202014170060111530                
0520591002  2  1  3  8  0  0  0  0  0  0  0  0  2  1  3  8  2  1  1  4  2  1  1  4  0  0  0  0  2  1  3  6  1  0  2  2  0  0  1  2  1  1  2  2  1  0  0  4  0  0  0  1  0  1  3  2  2  0  0  5  1  0  1  3  0  0  0  3  6 10 19247  1  4  7105  5  3  3 23  3  1  2  4 21 24 37377 13  5 1214300401715720030171260                
0520591003  2  3  0  9  0  0  0  0  0  0  0  0  2  3  0  8  0  0  0  4  0  0  0  4  0  1  0  6  1  1  0  8  0  0  0  2  2  1  0  6  0  1  0  1  0  1  0  1  2  1  0  1  0  2  0  3  0  0  0  5  1  1  0  3  1  0  0  4 20 23 36310  8 12 17150  4  2  0 43  2  1  4 15 11 22 13207  3  3  0 1501401814140070151360                
0520591004  2  4  5 11  0  0  0  0  0  0  0  0  2  4  5 11  1  3  3  2  1  3  3  2  1  3  2  3  1  3  5  5  2  1  3  3  1  3  4  8  0  1  1  0  1  0  0  3  1  0  1  1  1  1  0  6  0  3  4  4  1  2  3  3  0  2  0  4 45 43 42342 21 19 16129  1  1  4 15  2  2  3  7 33 31 25259  0  0  1  000601216100120131510                
0520591005  3  1  3 16  0  0  0  0  0  0  0  0  3  1  3 13  0  0  0  0  0  0  0  0  0  0  0  3  3  1  2  6  0  0  0  0  1  1  3  7  1  0  0  3  1  0  0  3  2  1  1  5  0  0  2  6  1  0  0  5  0  1  1  4  1  1  2 10  0  0  1 12  0  0  1  3  0  0  0  1  0  0  1  7  1  4  0 18  6  1  6 6401000912800130121697                
0520591006  2  1  2 12  0  0  0  0  0  0  0  0  2  1  2 12  0  0  0  0  0  0  0  0  0  1  1  2  1  0  0  7  1  0  0  2  2  1  2  9  0  0  0  1  0  0  0  2  1  0  2  5  1  0  0  6  0  1  0  1  0  1  0  0  0  0  1  4 31 34 34346 16 15 15142 59 57 54382  3  1  1 15 19 25 34331  7  7  3 5101001113000030121533                
0520591007  2  0  0 12  0  0  0  1  0  0  0  0  2  0  0 12  0  0  0  8  0  0  0  8  0  0  0  0  1  0  0 10  1  0  0  3  1  0  0  8  1  0  0  2  0  0  0  2  1  0  0  0  0  0  0  4  1  0  0  8  1  0  0  5  1  0  0  3  7 11 16295  2  6 10144  1  6  2 64  5  5  3 85 10 12 15419  6  1  6 6401201516240000151614                
0520591008  2  0  2 11  0  0  0  0  0  0  0  0  1  0  0  1  0  0  0  1  0  0  0  1  1  0  0  0  0  0  0  1  0  0  0  1  1  0  0  0  0  0  0  1  0  0  0  0  1  0  1  1  1  0  1  4  0  0  0  6  1  0  1  2  1  0  1  8  9 14  7151  3  7  4 62  3  5  4103  0  0  0  5  9 11 10239  4  6  8 5101301515650100091384                
0520591009  2  1  0  2  0  0  0  0  0  0  0  0  2  1  0  1  2  1  0  0  2  1  0  0  0  0  0  0  2  1  0  1  1  1  0  1  1  1  0  1  0  0  0  0  1  0  0  0  0  0  0  2  2  0  0  0  0  1  0  0  1  1  0  1  0  0  0  1 62 67 45255 29 25 19102 33 28 18 93 12  8 14 50 58 44 37197 98 71 7249901601716850190191707                
0520591010  2  1  2  1  0  0  0  0  0  0  0  0  2  1  2  1  0  0  0  0  0  0  0  0  0  0  0  1  2  1  2  0  1  0  0  0  1  1  1  1  0  0  0  0  1  0  1  0  1  0  2  1  1  0  0  0  0  1  0  0  1  0  1  0  1  0  0  1  4  5  4102  1  1  3 33  4  3  1 30  2  0  0  5  7 10 12117  3  3  2 140140151330000000                    
0520591011  2  2  1  1  0  0  0  1  0  0  1  0  2  2  1  1  0  1  0  1  0  1  0  1  1  0  0  0  0  2  1  1  2  2  0  0  2  0  1  0  0  2  0  0  0  0  0  1  2  0  0  0  0  1  1  0  0  1  0  1  0  1  0  1  1  1  0  1 27 38 36166  6  3  5 31 43 26 21143 34 21 24161 19 22 16111 32 18 3224202103216140000121400                
0520591012  2  1  0  6  0  0  0  0  0  0  0  0  2  1  0  6  0  0  0  0  0  0  0  0  0  0  0  0  0  0  0  2  2  1  0  1  1  1  0  4  0  0  0  0  1  0  0  2  0  0  0  2  1  1  0  1  1  0  0  3  1  0  0  0  0  0  0  1  3  0  3136  2  0  1 63  2  1  0  3  2  1  0 10  3  4  2 96  3  1  1 3001101616260140101653                
0520591013  2  1  1  3  0  0  0  0  0  0  0  0  2  1  1  3  2  0  0  2  2  0  0  2  0  0  0  0  2  0  0  2  0  0  0  1  2  1  0  2  0  0  0  0  0  0  1  1  0  0  1  0  1  1  0  1  1  0  0  2  1  1  0  1  1  0  0  1 11 36 44518 35 22 14 66  2  3  1 10  0  0  0  7 42 41 36127  8  8  5 3700902114460130081658                
0520591014  2  4  0  4  0  0  0  0  0  0  0  0  2  1  0  1  1  1  0  0  1  1  0  0  0  0  0  1  1  1  0  0  0  0  0  0  1  0  0  1  1  0  0  0  0  1  0  0  0  2  0  1  1  1  0  2  1  1  0  1  1  2  0  1  0  1  0  1  7 16 13120  2  1  2 12  0  0  0  1  0  0  0  0 10  4  7 68  2  4  0  401501115160190191707                
0520591015  2  1  0  3  0  0  0  0  0  0  0  0  2  1  0  3  1  0  0  1  1  0  0  1  1  0  0  0  1  0  0  2  2  0  0  1  1  1  0  1  0  0  0  1  1  0  0  1  0  0  0  1  1  1  0  2  1  0  0  0  0  0  0  0  0  0  0  1  3  2  8106  1  0  1 29 17 25 22337  1  0  0  2 10 11 10217  1  1  0  900001417330160171685                
0520591016  2  4  5  6  0  0  0  0  0  0  0  0  2  4  5  6  1  3  3  2  1  3  3  2  0  0  0  0  2  3  3  3  0  0  0  0  1  2  3  4  0  1  1  0  1  1  1  2  0  1  2  2  1  2  2  4  1  1  1  0  1  0  0  3  1  1  0  2 32 22 21167 17 14  6 66 11 12  4 37  7  7  1 18 18 13 12123 51 36 4119601302218090170181826                
0520591101  3  2  1 24  0  0  0  0  0  0  0  0  3  2  1 22  0  0  0  4  0  0  0  0  2  0  0  7  1  0  1 12  1  1  0  6  3  2  1 18  0  0  0  4  0  0  0  0  2  1  0 12  0  1  1 10  1  0  0  2  2  1  0  8  2  1  1 11  3 10  4 51  0  3  3 17  7  9 11166  1  2  0  6  9 11 10239  7  5  2 5501200817760130131674                
0520591102  3  0  2  6  0  0  0  0  0  0  0  0  3  0  2  6  2  0  1  1  2  0  1  0  0  0  0  0  2  0  1  2  2  0  1  6  3  0  2  4  0  0  0  1  0  0  0  1  1  0  2  2  2  0  0  1  0  0  0  3  0  0  1  1  1  0  2  1 15 18 12132  4  3  4 17  2  1  5 34  6  5  4 44 31 27 34308 24 15 20 7601600818920100071825                
0520591103  3  4  6  2  0  0  0  0  0  0  0  0  3  4  6  2  2  2  3  1  0  1  1  0  1  1  0  0  2  2  3  1  2  0  1  0  3  4  5  2  0  0  0  0  0  0  1  0  3  3  3  1  0  1  2  1  0  0  1  0  0  1  3  1  1  0  1  0 25 21 24139  9  5 10 47  9 11  9 38  2  1  3  4 30 28 28266 19 14 15 3202501518150040111333                
0520591104  3  3  2  3  0  0  0  0  0  0  0  0  3  3  2  3  2  2  1  2  0  1  0  0  0  0  0  1  2  2  0  0  1  2  0  1  3  3  2  1  0  0  0  1  0  0  0  1  2  2  0  2  1  1  1  1  0  0  1  0  2  2  1  0  1  3  1  1 12  8  4103  0  1  0  2 17 17  9108  1  5  0 14 10  4  7 68 36 42 2511502501518150190191827                
0520591105  3  1  0  5  0  0  0  0  0  0  0  0  3  1  0  5  1  0  0  2  1  0  0  1  0  0  0  1  2  0  0  2  0  0  0  0  2  1  0  3  0  0  0  2  1  0  0  0  2  1  0  3  1  0  0  1  0  0  0  1  1  0  0  1  1  0  0  2  9  8 11110  2  3  3 38  3  0  0 17  0  0  0  2 11 22 13207  4  3  2 1202002017200120161593                
0520591106  3  1  2  9  0  0  0  0  0  0  0  0  3  1  2  9  1  1  0  3  0  0  0  0  0  0  0  3  3  0  2  3  0  0  0  0  2  1  1  7  1  0  0  1  0  0  1  1  1  1  2  6  2  0  0  2  0  0  0  1  2  0  2  1  0  1  0  2 22 21 14169  2  2  1 15  3  0  1  9  6  5  0 28 23 14 19182  4  6  4 3702501518150140051400                
0520591107  3  1  3 18  0  0  0  0  0  0  0  0  3  1  3 17  3  1  2 11  0  0  0  1  0  0  0  2  0  0  1  3  0  0  0  1  3  1  2 14  0  0  1  3  0  0  0  0  1  1  2  4  1  0  0  8  1  0  1  6  0  0  0  2  2  0  2  8  3  0  1 78  0  0  0  7  6  7  7211  0  0  0  2  3  4  2 96  1  4  5 8201801618810130122100                
0520591108  3  1  2 31  0  0  0  0  0  0  0  0  3  1  2 30  0  1  0 18  0  1  0  6  0  0  1  6  3  1  2 18  3  1  2 13  3  1  2 23  0  0  0  5  0  0  0  2  1  0  1 18  2  0  0  9  0  1  1  3  2  0  1  6  1  0  1 15  9 13 21190  2  1  5 49 11 11 16129 16  1 79212 23 24 37409 55 50 6445101300818140100071701                
0520591109  3  1  3  5  0  0  0  0  0  0  0  0  3  1  3  5  2  0  2  1  0  0  1  0  1  1  2  1  0  0  1  1  0  0  0  2  3  1  3  3  0  0  0  2  0  0  0  0  3  1  0  3  0  0  2  1  0  0  1  1  1  0  1  0  1  0  2  1 52 35 27116  8  7  7 22 11  2  5 27 18 11  6 30 33 32 28153  4  1  3  501200818930190191827                
0520591110  2  2  3 45  0  0  0  1  8  3  2  2  2  2  2 26  1  1  1 14  0  0  0  1  0  0  0  1  1  1  0 10  0  0  0  0  2  2  1 25  0  0  1  0  0  0  0  1  1  2  1 12  0  0  1 24  1  0  1  9  0  0  0 13  1  2  3 19  4  6  7 99  2  0  1 21  0  1  0  7  0  0  0  1  6 17 19283  2  2  2 6100901019020120111660                
0520591111  3  3  2  6  0  0  0  0  0  0  0  0  3  3  2  6  0  0  0  0  0  0  0  0  0  0  0  0  0  2  1  2  0  0  0  1  3  2  1  5  0  0  0  1  0  1  1  0  1  2  1  4  1  0  1  0  1  1  0  2  2  1  1  1  1  1  0  1 13  6 13 84  3  3  4 19  6  0  2  6  2  1  1 16 18 13 12123 13  9 12 6802202015310100071825                
0520591112  3  3  0  2  0  0  0  0  0  0  0  0  3  3  0  2  1  0  0  0  0  0  0  0  0  1  0  1  1  1  0  0  0  0  0  0  3  2  0  1  0  1  0  0  0  0  0  1  3  3  0  0  0  0  0  2  0  0  0  0  1  1  0  0  2  3  0  2 27 29 24217  2  1  0  3  0  1  0  4  0  0  0  4 42 37 25283  8  3  1 1001801618810110001266                
0520591113  3  0  2  9  0  0  0  0  0  0  0  0  3  0  2  9  3  0  1  3  2  0  0  0  0  0  1  2  3  0  0  1  0  0  0  0  2  0  2  6  0  0  0  2  1  0  0  1  1  0  1  4  0  0  0  2  2  0  1  3  1  0  0  2  1  0  0  5 34 32 25128  0  3  0 13  2  1  1  4  0  0  0  3 19 22 16111  6  2  5 4701300916250160171770                
0520591114  3  0  0  3  0  0  0  0  0  0  0  0  3  0  0  2  1  0  0  1  0  0  0  0  1  0  0  0  2  0  0  1  2  0  0  1  3  0  0  2  0  0  0  0  0  0  0  0  2  0  0  0  1  0  0  2  0  0  0  1  0  0  0  0  3  0  0  1 84 50 35115 23  7 10 27 13 28 65519 35 19 16 66 42 41 36127 73 53 4633102202015310130121801                
0520591115  3  0  2 13  0  0  0  0  0  0  0  0  3  0  2 13  3  0  1  6  1  0  0  2  2  0  2  1  2  0  1  4  3  0  2 13  1  0  1 10  2  0  1  1  0  0  0  2  2  0  1  9  1  0  0  2  0  0  1  2  0  0  0  4  0  0  0  6  8  7  2 61  2  1  0 19  4  4  3 36  3  0  2 16 15  8 12203  3  0  2 1500801416770150081451                
0520591116  4  1  5 27  0  0  0  0  0  0  0  0  4  1  5 24  1  0  1  6  0  0  1  1  0  0  0  3  1  1  5  9  0  0  0  0  3  1  4 18  1  0  1  5  0  0  0  1  2  0  2 14  1  0  1 10  1  1  2  3  0  0  1 11  2  1  1 11 20 20 18122  0  0  0  3  0  1  0  3  1  2  1 11 22 13 26129  2  1  2 3501201014830090171602                
0520591201  2  6  2  1  0  0  0  0  0  0  0  0  2  6  2  1  0  2  0  0  0  2  0  0  0  0  0  0  1  3  1  1  1  5  1  0  2  2  2  1  0  2  0  0  0  2  0  0  2  3  0  1  0  1  2  0  0  2  0  0  1  3  1  0  1  2  0  0  0  9  5 40  0  5  2 24  3  7  3 19  4  8  3 11 31 27 34308  6  9  6 1802501518150220291452                
0520591202  9  2  1  1  0  0  0  0  1  0  0  0  9  2  1  1  2  0  0  0  2  0  0  0  0  0  0  0  6  2  1  0  8  2  1  1  8  1  1  1  1  1  0  0  0  0  0  0  2  1  0  0  2  0  0  0  5  1  1  1  5  0  0  1  3  0  0  0 24 19  9 31 16 13  5 17 42 19 12 40 81 53 29114 42 41 36127 24 13 10 4302202015310100071825                
0520591203  3  1  3  0  0  0  0  0  0  0  0  0  3  1  3  0  0  0  1  0  0  0  0  0  1  0  1  0  0  0  0  0  3  1  3  0  3  0  3  0  0  1  0  0  0  0  0  0  0  1  2  0  2  0  0  0  1  0  1  0  2  0  2  0  2  0  1  0  6  3  4 31  2  1  1 16 24 10 11 20  4  5  7 11 19 22 16111 14  8 16 640250151815000025                    
0520591204  4  6  4  8  0  0  0  0  0  0  1  2  4  6  4  8  0  3  0  0  0  1  0  0  1  1  2  1  2  1  2  2  0  1  0  0  3  4  4  6  0  2  0  2  1  0  0  0  1  1  0  4  2  4  3  2  1  1  1  2  2  2  2  3  0  2  1  0  7  6  5 26  2  0  1  4 23 20 23 97  1  4  3 15 22 13 26129  7  7  5 2101901418590250151815                
0520591205  5  0  0  0  0  0  0  0  0  0  0  0  5  0  0  0  1  0  0  0  1  0  0  0  1  0  0  0  1  0  0  0  5  0  0  0  3  0  0  0  1  0  0  0  1  0  0  0  1  0  0  0  0  0  0  0  4  0  0  0  2  0  0  0  2  0  0  0 10  5  6 42  1  0  0  7  7  8  7 33  8 10  7 42 42 37 25283  5  0  1 1202200817900190191827                
0520591206  7  0  0  0  0  0  0  0  0  0  0  0  7  0  0  0  1  0  0  0  1  0  0  0  0  0  0  0  3  0  0  0  6  0  0  0  6  0  0  0  1  0  0  0  0  0  0  0  2  0  0  0  2  0  0  0  3  0  0  0  3  0  0  0  1  0  0  0 13  6  6 46  5  0  2 24 24 18  7 45 14  9  8 64 35 25 21157  6  0  0  002501518150220141880                
0520591207  5  3  3 10  0  0  0  0  0  0  0  0  5  3  3 10  0  0  0  1  0  0  0  1  1  0  0  0  0  1  0  2  0  0  0  0  4  3  3  4  1  0  0  5  0  0  0  1  0  2  2  6  2  1  0  3  3  0  1  1  0  0  1  3  2  0  2  5  9  8  5 43  4  7  4 27  4  5  6 20  2  2  2  4 58 44 37197 15 16 11 8201000916720130081814                
0520591208  0  0  0  0  0  0  0  0  2  1  0  2  0  0  0  0  0  0  0  0  0  0  0  0  0  0  0  0  0  0  0  0  0  0  0  0  0  0  0  0  0  0  0  0  0  0  0  0  0  0  0  0  0  0  0  0  0  0  0  0  0  0  0  0  0  0  0  0 11 12 12 33  6  3  5 18  0  0  0  0  0  0  0  0 33 32 28153  0  0  0  0000000    0140051400                
0520591209  5  0  1 16  0  0  0  0  0  0  0  0  5  0  1 16  0  0  0  0  0  0  0  0  3  0  0  6  2  0  1  6  1  0  0  2  5  0  0 15  0  0  0  1  0  0  1  0  3  0  0  8  2  0  1  5  0  0  0  3  1  0  0  7  3  0  0  8  5  8  7 54  3  6  3 43  3  3  2 19  3  5  8 25 30 28 28266 24 31 3845600900614530160171770                
0520591210  8  2  3  7  0  0  0  0  0  0  0  0  8  2  3  7  1  2  0  1  0  2  0  0  0  1  0  2  3  2  1  2  0  0  0  0  7  1  3  3  1  0  0  3  0  1  0  1  3  1  1  3  4  1  1  3  1  0  1  1  3  1  1  2  4  1  2  3  1  1  1 18  0  0  0  1 17 17  9108  1  3  5 26 10  4  7 68 40 28 2913501701319470100061835                
0520591211  7  4  2 10  0  0  0  0  0  0  0  0  7  4  2  9  0  0  1  1  0  0  0  1  0  0  0  0  0  0  1  3  6  3  1  4  5  3  2  7  0  1  0  2  2  0  0  0  3  1  1  5  2  0  1  3  2  3  0  2  2  0  0  3  4  1  1  4  3  5  3 59  2  2  3 40  5  4  2 23 10  8  7 33 37 42 48430  5  3  1 1401701319470150062466                
0520591212  4  2  2 11  0  0  0  0  1  0  0  1  4  2  2 11  1  0  0  2  1  0  0  2  1  1  1  4  1  0  0  6  0  0  0  0  4  1  1  8  0  1  1  1  0  0  0  2  2  0  2  3  0  0  0  8  2  2  0  0  1  0  0  7  1  0  1  4  6  7  9 44  4  4  8 26  0  1  0 14  9 10  6 75 33 31 25259 73 34 2628702501518150120131423                
0520591213  6  3  1  7  0  0  0  0  0  0  0  0  6  3  1  7  0  0  0  1  0  0  0  1  0  0  0  0  3  0  0  3  3  0  0  4  6  3  1  6  0  0  0  0  0  0  0  1  1  2  0  1  3  1  1  3  2  0  0  3  0  2  1  3  2  0  0  1  4  5  5 34  2  1  0 12 25 16 18100 43 26 18152 42 49 38278 73 34 2628701901918270100071701                
0520591214  6  3 10 46  0  1  1  1  0  0  0  0  0  0  0  1  0  0  0  0  0  0  0  0  0  0  0  2  0  0  0  0  0  2  1  2  0  0  0  1  0  0  0  0  0  0  0  0  0  2  2 16  2  1  5 15  4  0  3 15  1  0  3 15  2  1  5 10  2  5  2 17  0  0  0  4  4  7  4 52  0  0  0  2 13 37 22291  1  0  0 1101201612860080111258                
0520591215  4  3  0  4  0  0  0  0  1  0  0  0  4  3  0  4  2  0  0  1  0  0  0  0  0  0  0  0  1  1  0  0  1  0  0  0  3  3  0  3  1  0  0  1  0  0  0  0  1  2  0  0  1  0  0  2  2  1  0  2  2  1  0  2  1  1  0  2 18 12 10 29  3  4  2  9  3  6  2 10 50 38 17111 29 29 24110 16 10  9 5002501518150100111378                
0920590101  0  0  0  1  0  0  0  0  0  0  0  0  0  0  0  1  0  0  0  0  0  0  0  0  0  0  0  0  0  0  0  1  0  0  0  0  0  0  0  1  0  0  0  0  0  0  0  0  0  0  0  0  0  0  0  1  0  0  0  0  0  0  0  1  0  0  0  1 10 18 20235  5  7  5 75  1  6  5 62  1  0  1 10  9 12 23162 15 12 1417100301813130180161686                
0920590102  0  0  0  1  0  0  0  0  0  0  0  0  0  0  0  1  0  0  0  0  0  0  0  0  0  0  0  0  0  0  0  1  0  0  0  1  0  0  0  1  0  0  0  0  0  0  0  0  0  0  0  0  0  0  0  1  0  0  0  0  0  0  0  1  0  0  0  0  8  3  6132  2  0  2 45  0  0  0 32  0  0  0  1 11  8  8137  1  1  1 1601101616260120151624                
0920590103  0  1  0  3  0  0  0  0  0  0  0  0  0  0  0  0  0  0  0  0  0  0  0  0  0  0  0  0  0  0  0  0  0  1  0  2  0  0  0  0  0  0  0  0  0  0  0  0  0  0  0  0  0  0  0  1  0  1  0  2  0  0  0  2  0  0  0  1 22 26 27196  6  6  4 53  2  3  2 18  0  2  1  9 17 23 19190  5  4  7 8103102012750170131760                
0920590104  0  0  0  2  0  0  0  0  0  0  0  0  0  0  0  1  0  0  0  0  0  0  0  0  0  0  0  0  0  0  0  1  0  0  0  2  0  0  0  1  0  0  0  0  0  0  0  0  0  0  0  0  0  0  0  2  0  0  0  0  0  0  0  1  0  0  0  2 14 18  9281  2  5  2 80  0  2  1 31  3  5  9108 11 15 12206  0  0  0 2200801113800180161499                
0920590105  0  1  0  1  0  0  0  0  0  0  0  0  0  1  0  0  0  0  0  0  0  0  0  0  0  0  0  0  0  1  0  0  0  0  0  1  0  1  0  0  0  0  0  0  0  0  0  0  0  0  0  0  0  1  0  1  0  0  0  0  0  1  0  1  0  0  0  0  7  4  9110  1  0  1  5  1  2  2 21  0  1  1 12 19 20 16276  2  1  0  803304417000030111700                
0920590106  0  1  0  4  0  0  0  0  0  0  0  0  0  1  0  2  0  1  0  1  0  0  0  0  0  0  0  0  0  1  0  1  0  0  0  1  0  1  0  1  0  0  0  0  0  0  0  1  0  0  0  0  0  1  0  2  0  0  0  2  0  1  0  2  0  0  0  2 25 25 26249  7  7 12 46  5  6  5 59  3  7  4 57 27 30 37234 63 72 7143001801616860220141507                
0920590107  0  0  0  2  0  0  0  0  0  0  0  0  0  0  0  0  0  0  0  0  0  0  0  0  0  0  0  0  0  0  0  0  0  0  0  2  0  0  0  0  0  0  0  0  0  0  0  0  0  0  0  0  0  0  0  0  0  0  0  2  0  0  0  0  0  0  0  0  5 14 13130  1  0  0 22 36 30 36332  1  0  0 13 16 19 15221  3  9 10 5301701614420190191707                
0920590108  0  0  0  1  0  0  0  0  0  0  0  0  0  0  0  0  0  0  0  0  0  0  0  0  0  0  0  0  0  0  0  0  0  0  0  0  0  0  0  0  0  0  0  0  0  0  0  0  0  0  0  0  0  0  0  1  0  0  0  0  0  0  0  0  0  0  0  1 21 18 14157  1  1  0  4  4  1  3 31 14  4 12 91 20 15 32275  9  4 10 4303102012750100081366                
0920590109  0  0  0  1  0  0  0  0  0  0  0  0  0  0  0  1  0  0  0  1  0  0  0  1  0  0  0  0  0  0  0  1  0  0  0  1  0  0  0  1  0  0  0  0  0  0  0  0  0  0  0  0  0  0  0  1  0  0  0  0  0  0  0  1  0  0  0  0 12 17 20229  4  7  8 76  0  1  1 15  0  0  0 27  6  4  7165  0  3  210101601013910090101655                
0920590110  0  0  0  2  0  0  0  0  0  0  0  0  0  0  0  1  0  0  0  0  0  0  0  0  0  0  0  0  0  0  0  0  0  0  0  0  0  0  0  1  0  0  0  0  0  0  0  0  0  0  0  0  0  0  0  1  0  0  0  1  0  0  0  1  0  0  0  1  7  7  7113  5  2  2 39  0  0  2 22  0  1  0  0 12  5  5107  0  0  0  203102012750120131510                
0920590111  0  0  0  2  0  0  0  0  0  0  0  0  0  0  0  2  0  0  0  2  0  0  0  1  0  0  0  1  0  0  0  2  0  0  0  2  0  0  0  1  0  0  0  0  0  0  0  1  0  0  0  0  0  0  0  0  0  0  0  2  0  0  0  2  0  0  0  1  6 10 13192  2  5  1 57 10  7  8127  0  0  0  2 11 19  8168  0  0  0  201901416880130121697                
0920590112  0  0  0  1  0  0  0  0  0  0  0  0  0  0  0  1  0  0  0  0  0  0  0  0  0  0  0  0  0  0  0  1  0  0  0  0  0  0  0  1  0  0  0  0  0  0  0  0  0  0  0  0  0  0  0  1  0  0  0  0  0  0  0  1  0  0  0  0  6  3  6181  1  1  1 48  3  2  4 48  4  2  1 63  8  7  2100 35 31 2936900001814770130121841                
0920590113  0  0  0  2  0  0  0  0  0  0  0  0  0  0  0  1  0  0  0  0  0  0  0  0  0  0  0  0  0  0  0  0  0  0  0  2  0  0  0  0  0  0  0  1  0  0  0  0  0  0  0  0  0  0  0  1  0  0  0  1  0  0  0  0  0  0  0  1 31 45 37397  7 11 14114 11  8  8 72  0  2  0 10 24 23 26282 36 28 21 9701301015330100061515                
0920590114  0  2  0  1  0  0  0  0  0  0  0  0  0  2  0  0  0  1  0  0  0  0  0  0  0  0  0  0  0  0  0  0  0  2  0  1  0  2  0  0  0  0  0  0  0  0  0  0  0  0  0  0  0  1  0  1  0  1  0  0  0  1  0  0  0  0  0  0 41 36 37386 15 14 12109  0  6  1 24  4  9  7 66 18 17 23269  0  2  2  800301813130250151716                
0920590115  0  1  0  2  0  0  0  0  0  0  0  0  0  1  0  1  0  1  0  0  0  1  0  0  0  0  0  0  0  1  0  0  0  1  0  0  0  1  0  0  0  0  0  0  0  0  0  1  0  0  0  1  0  0  0  0  0  1  0  1  0  1  0  0  0  0  0  0 13 16 14168  5  7  4 46  3  5  2 11  5  1  0 25 14 20 17170  0  1  0  201002116410190191707                
0920590116  0  0  0  2  0  0  0  0  0  0  0  0  0  0  0  2  0  0  0  1  0  0  0  0  0  0  0  0  0  0  0  0  0  0  0  0  0  0  0  0  0  0  0  1  0  0  0  1  0  0  0  0  0  0  0  2  0  0  0  0  0  0  0  0  0  0  0  0  5  5  3107  2  1  1 24  3  1  1 14  4  4  5 40  7  4  5 73 39 27 2442501901316500210181535                
0920590201  0  0  0  1  0  0  0  0  0  0  0  0  0  0  0  1  0  0  0  0  0  0  0  0  0  0  0  0  0  0  0  1  0  0  0  0  0  0  0  1  0  0  0  0  0  0  0  0  0  0  0  1  0  0  0  0  0  0  0  0  0  0  0  1  0  0  0  0  1  8  3112  0  0  0  1  5  4  2 47  1  0  1  6  6 19 13222  3  1  0 1801601517000120131835                
0920590202  0  0  0  2  0  0  0  0  0  0  0  0  0  0  0  2  0  0  0  0  0  0  0  0  0  0  0  0  0  0  0  2  0  0  0  0  0  0  0  2  0  0  0  0  0  0  0  0  0  0  0  1  0  0  0  0  0  0  0  1  0  0  0  1  0  0  0  0 12  9 12129  0  0  0  4 13  6  5 53  2  4  2 22 25 23 19245  8  7 11 880110131684000006                    
0920590203  0  0  0  2  0  0  0  0  0  0  0  0  0  0  0  2  0  0  0  0  0  0  0  0  0  0  0  1  0  0  0  2  0  0  0  0  0  0  0  2  0  0  0  0  0  0  0  0  0  0  0  1  0  0  0  0  0  0  0  1  0  0  0  2  0  0  0  1 17 16 20111  0  0  0  5  4  1  3 31 31 32 29220 20 15 32275  2  0  0 2102202015310100071825                
0920590204  0  0  0  6  0  0  0  0  0  0  0  0  0  0  0  6  0  0  0  4  0  0  0  1  0  0  0  4  0  0  0  3  0  0  0  1  0  0  0  3  0  0  0  3  0  0  0  0  0  0  0  3  0  0  0  2  0  0  0  1  0  0  0  3  0  0  0  1  1  2  6 76  0  0  0 13  0  0  1 51  0  0  0  7  3  4  8133  4  1  4 6300601216440070012181                
0920590205  0  0  0  1  0  0  0  0  0  0  0  0  0  0  0  1  0  0  0  0  0  0  0  0  0  0  0  0  0  0  0  1  0  0  0  0  0  0  0  0  0  0  0  1  0  0  0  0  0  0  0  0  0  0  0  1  0  0  0  0  0  0  0  0  0  0  0  0  1  4  3 37  0  0  0  9  0  0  0  3  0  0  0  0  0  1  0 14  1  0  2 2001601918420150151237                
0920590206  0  0  0  1  0  0  0  0  0  0  0  0  0  0  0  0  0  0  0  0  0  0  0  0  0  0  0  0  0  0  0  0  0  0  0  0  0  0  0  0  0  0  0  0  0  0  0  0  0  0  0  0  0  0  0  1  0  0  0  0  0  0  0  1  0  0  0  0  0  1  1 49  0  0  0  7  0  0  1  7  0  0  0  4  2  3  6118  0  0  1  801901918270130101709                
0920590207  0  0  0  1  0  0  0  0  0  0  0  0  0  0  0  1  0  0  0  0  0  0  0  0  0  0  0  0  0  0  0  1  0  0  0  1  0  0  0  1  0  0  0  0  0  0  0  0  0  0  0  1  0  0  0  0  0  0  0  0  0  0  0  1  0  0  0  0 19 23 31216  3  6  7 56  9 11  6103  4  4  2 32 24 23 26282  0  0  1 1601901418590100071701                
0920590208  0  0  0  1  0  0  0  0  0  0  0  0  0  0  0  1  0  0  0  1  0  0  0  1  0  0  0  0  0  0  0  1  0  0  0  1  0  0  0  1  0  0  0  0  0  0  0  0  0  0  0  1  0  0  0  0  0  0  0  0  0  0  0  1  0  0  0  1 13 20 19208  3  2  5 58  2  1  3 33  7  4  7 94 18 17 23269 22 13 1411601600818920100071825                
0920590209  0  1  0  0  0  0  0  0  0  0  0  0  0  1  0  0  0  1  0  0  0  0  0  0  0  0  0  0  0  1  0  0  0  1  0  0  0  1  0  0  0  0  0  0  0  0  0  0  0  0  0  0  0  0  0  0  0  1  0  0  0  0  0  0  0  0  0  0 18 25 25182  2  3  1 29 13 15  9 79  8 14 11 58 27 30 37234 19 27 19 8901601918420310381333                
0920590210  0  2  0  1  0  0  0  0  0  0  0  0  0  2  0  1  0  1  0  0  0  0  0  0  0  0  0  0  0  2  0  0  0  1  0  0  0  0  0  0  0  2  0  0  0  0  0  1  0  1  0  0  0  0  0  0  0  1  0  1  0  1  0  0  0  1  0  0 28 28 11142  3  3  5 24  0  1  1  5 31 27 22181 17 23 19190  0  2  0  10200201720000000                    
0920590211  0  0  0  1  0  0  0  0  0  0  0  0  0  0  0  1  0  0  0  0  0  0  0  0  0  0  0  0  0  0  0  1  0  0  0  1  0  0  0  1  0  0  0  0  0  0  0  0  0  0  0  1  0  0  0  0  0  0  0  0  0  0  0  1  0  0  0  0  9  4 11 84  2  3  3 21 60 42 48391  0  1  0 12 14 20 17170  2  3  2 2401801618810090061466                
0920590212  0  0  0  2  0  0  0  0  0  0  0  0  0  0  0  2  0  0  0  0  0  0  0  0  0  0  0  0  0  0  0  2  0  0  0  1  0  0  0  1  0  0  0  1  0  0  0  0  0  0  0  0  0  0  0  1  0  0  0  1  0  0  0  2  0  0  0  1  4  4 12104  1  1  4  6  4  5  3 43  0  0  0  1 12  5  5107  0  1  1 1002002017200100001200                
0920590213  0  0  0  1  0  0  0  0  0  0  0  0  0  0  0  1  0  0  0  0  0  0  0  0  0  0  0  0  0  0  0  1  0  0  0  1  0  0  0  1  0  0  0  0  0  0  0  0  0  0  0  1  0  0  0  0  0  0  0  0  0  0  0  1  0  0  0  1  4  2  8102  0  1  4 21  1  0  0 24 11  5 11197  5  7  8166 13 16 1111201601318790080121650                
0920590214  0  0  0  4  0  0  0  0  0  0  0  0  0  0  0  3  0  0  0  0  0  0  0  0  0  0  0  2  0  0  0  1  0  0  0  1  0  0  0  2  0  0  0  1  0  0  0  0  0  0  0  1  0  0  0  1  0  0  0  2  0  0  0  2  0  0  0  2  0  2  2 80  0  0  0 12  0  0  0  1 11  3  7 75 11 19  8168  8  2  3 2102202015310090171600                
0920590215  0  0  0  1  0  0  0  0  0  0  0  0  0  0  0  1  0  0  0  0  0  0  0  0  0  0  0  0  0  0  0  1  0  0  0  0  0  0  0  1  0  0  0  0  0  0  0  0  0  0  0  1  0  0  0  0  0  0  0  0  0  0  0  1  0  0  0  0  4 11 13160  1  0  1 23 34 35 34269  1  0  2 16 17 34 32303  1  1  1  1000000    0060001200                
0920590216  0  0  0  1  0  0  0  0  0  0  0  0  0  0  0  1  0  0  0  0  0  0  0  0  0  0  0  0  0  0  0  0  0  0  0  0  0  0  0  1  0  0  0  0  0  0  0  0  0  0  0  1  0  0  0  0  0  0  0  0  0  0  0  0  0  0  0  0 21 20 15180  1  1  1 11  9  3  2 17  3  2  4 22 25 32 34317 14  8 16 6402501518150410001466                
0920590301                                                                                                                                                                                                             48 79 55504 18 25 15148  4 11  3 55  0  4  2 42 24 23 26282  8  5  7 7300401614930120091466                
0920590302                                                                                                                                                                                                             29 17 22266  1  3  6 51  7  2 12 73  0  0  0  3  8  8 12139  2  1  0 2100902114460130131529                
0920590303                                                                                                                                                                                                             40 32 34275  1  7  4 23  5  3  7 35 35 19 13180 25 32 34317 35 20 1815000301813130250151716                
0920590304                                                                                                                                                                                                              6  8 13134  3  2  5 28  9  3  3120  0  0  0  3  9 10  9107  7  9 1620900001814770170131760                
0920590305                                                                                                                                                                                                             21 37 27323  4  7  5 77  1  0  1 24 13 20 10130 17 34 32303 14 17  813200300916510100071592                
0920590306                                                                                                                                                                                                             11 21 29327  4  6  2100  5  9  8132  2  4  7 40  9 12 23162  0  1  2 1101301613360190191707                
0920590307                                                                                                                                                                                                             55 53 54505 18 16 16161 13 14 13 88 69 51 60504 18 17 23269 15 20 2727101601115150120131510                
0920590308                                                                                                                                                                                                             10 10 11204  2  2  2 41  0  1  0 14  0  0  1  5  9  7  5135  3  3  5 9200501314220130121697                
0920590309                                                                                                                                                                                                              1  2  2 83  0  1  1 18  4  2  1 59  0  0  0  2  3  3  5136  9  2  3 5000002014160130031733                
0920590310                                                                                                                                                                                                             14 17 18178  1  3  4 38  4  4  6 36  0  0  0  5 12  5  5107  0  1  0  401901416880100071592                
0920590401  0  4  2  4  0  0  0  0  3  2  0  2  0  4  2  3  0  0  0  1  0  0  0  1  0  1  0  0  0  4  1  3  0  2  1  0  0  1  1  0  0  3  0  3  0  0  1  0  0  1  0  2  0  0  1  1  0  3  1  1  0  0  0  3  0  3  1  0 19 13 20215  7  3  4 54 34 35 34269  0  0  0  0 17 34 32303  0  0  0  001601916580140201100                
0920590402  1  0  2  7  0  0  0  0  0  0  0  0  1  0  2  6  0  0  0  0  0  0  0  0  0  0  0  0  1  0  2  4  1  0  2  7  1  0  0  3  0  0  0  2  0  0  2  1  0  0  0  1  1  0  2  6  0  0  0  0  0  0  0  1  1  0  0  3  2  4  0 66  1  1  0 18  5  2  7 48 22 25 26379  1  7  4 66  5  2  7 4200701815620130121697                
0920590403  1  0  0  5  0  0  0  0  0  0  0  0  1  0  0  5  0  0  0  2  0  0  0  0  0  0  0  0  1  0  0  4  0  0  0  0  1  0  0  3  0  0  0  1  0  0  0  1  1  0  0  0  0  0  0  2  0  0  0  3  0  0  0  3  0  0  0  1  8 11 12173  1  3  0 46  1  3  2 19  0  1  3  1 12 16 25151  1  0  1 2601201516240120111613                
0920590404  1  2  2  7  0  0  0  0  0  0  0  0  1  0  2  4  0  0  0  0  0  0  0  0  0  1  1  2  1  0  2  4  0  0  0  0  0  0  2  3  1  0  0  0  0  0  0  1  1  1  1  1  0  1  1  5  0  0  0  1  1  0  0  2  0  0  1  2 12 13 10172  3  1  1 17  3  7  4  9  5  6  4 36 25 32 34317  8  8  9 310400141200000000                    
0920590405  1  7  4 29  0  0  0  0  0  0  0  0  1  7  3 28  1  6  3 17  1  6  3  8  1  2  1  5  1  7  3 26  0  1  1  0  0  4  2 17  0  1  1  7  1  2  0  4  0  0  2  6  0  1  2  8  1  6  0 15  1  2  1  6  0  2  2 12 10 12 11170  3  3  1 48  2  2  2 16  5  7  5 49  8  8 12139  6  9  8 530070131649000000                    
0920590406  2  3  5 23  0  0  1  1  0  0  0  0  2  3  5 21  2  3  5 17  1  1  2  4  1  2  1  6  2  3  4 18  0  0  0  3  0  3  1 13  0  0  2  4  2  0  2  4  0  0  0  6  0  2  2 12  2  1  3  5  1  3  2  5  2  0  0  4 11 17  7186  1  6  0 54  5  7  4 54  0  0  0  9 13 18 14187  4  3  9 6600902017810000081600                
0920590407  1  0  1  7  0  0  0  0  0  0  0  0  1  0  1  5  0  0  1  2  0  0  0  0  0  0  0  2  1  0  1  0  0  0  0  0  1  0  0  3  0  0  1  2  0  0  0  0  0  0  0  2  1  0  0  1  0  0  1  4  0  0  0  2  0  0  1  4  6  0  3 71  0  0  0  2  0  0  0  2 15 11 18390 11  6  8120  7  4  7 8901301016340090101676                
0920590408  1  4  2  9  0  0  0  0  0  0  0  0  1  2  1  4  1  2  0  4  1  1  0  2  0  2  0  3  1  2  1  4  0  3  1  2  1  1  0  1  0  0  1  1  0  1  0  2  0  1  1  1  0  1  1  6  1  2  0  2  1  1  0  1  0  2  0  1 31 45 37397  7 11 14114  5  6  2 32  0  3  2 16 24 23 26282  9 10 1112700901614600100071551                
0920590409  0  1  1 12  0  0  0  0  2  0  2  4  0  1  1 11  0  1  1  8  0  0  0  4  0  1  0  1  0  1  1 11  0  0  0  0  0  1  1  6  0  0  0  4  0  0  0  1  0  1  1  2  0  0  0  6  0  0  0  4  0  0  0  7  0  0  0  6  5  5  3107  2  1  1 24  2  2  2 16  0  0  0  0  7  4  5 73  1  2  2 4000900915610000061387                
0920590410  1  2  4 15  0  0  0  1  0  0  0  0  1  2  4 11  1  1  3 10  0  1  0  3  0  0  1  0  0  2  2  7  1  0  2  2  1  1  3  5  0  0  1  4  0  1  0  2  0  2  0  4  0  0  2  3  1  0  2  8  0  0  2  7  1  1  1  6  6  7 12131  3  1  4 38  1  1  2 20  1  1  2  4  2  4  0 75 45 37 3024800901315240070171480                
0920590411  1  3  1 11  0  0  0  0  0  0  0  0  1  3  1 10  0  3  0  3  0  2  0  1  0  1  0  2  1  2  1  9  0  0  0  0  1  2  1  8  0  1  0  1  0  0  0  1  0  0  0  0  1  2  1  5  0  1  0  6  0  2  0  5  0  2  1  2 10 18 20235  5  7  5 75  1  1  1 27 10 16 15183  9 12 23162 41 40 3944501500814950090061522                
0920590412  1  2  5 26  0  1  0  1  0  0  0  0  1  2  5 25  0  1  1  0  0  1  1  0  0  0  1  1  0  2  4 17  0  0  0  0  1  0  4 13  0  1  0  5  0  1  1  7  0  0  2  7  1  0  2 10  0  2  1  9  0  0  2 13  0  1  2 10  5  1  4173  1  0  0 54  0  0  1 51  0  0  0 11  3  4  8133  0  1  1 2901301614790000191604                
0920590413  0  0  0  5  1  0  1  1  0  0  0  0  0  0  0  5  0  0  0  2  0  0  0  2  0  0  0  1  0  0  0  5  0  0  0  3  0  0  0  5  0  0  0  0  0  0  0  0  0  0  0  1  0  0  0  2  0  0  0  2  0  0  0  3  0  0  0  2  1  0  3 33  1  0  1 14  1  1  4 81  0  0  0  2  0  0  0 32  0  0  0  80060121610033000                    
0920590414  1  0  1 20  0  1  0  1  0  0  0  0  0  0  0 14  0  0  0  2  0  0  0  0  1  0  0  2  0  0  0 10  0  0  0  0  0  0  0  6  0  0  0  5  0  0  0  3  0  0  0  8  1  0  1  7  0  0  0  5  0  0  0  5  0  0  1  7  4  1  4 79  2  0  1 31  0  0  0  2  0  0  0  2  0  1  0 14  0  0  0  901101316270040111293                
0920590415  1  0  1 10  0  0  0  0  0  0  0  0  0  0  1  4  0  0  1  2  0  0  0  0  0  0  0  1  0  0  1  3  0  0  0  1  0  0  0  2  0  0  0  2  0  0  1  0  0  0  0  3  0  0  0  3  1  0  1  4  0  0  1  4  0  0  0  2 13 16 14168  5  7  4 46  1  0  0 12  6  3  4 37 14 20 17170  3  7  4 5301801616860190191707                
0920590416  1  4  0 17  0  0  0  0  0  0  0  0  0  3  0 11  0  3  0 11  0  2  0  7  0  0  0  4  0  3  0  9  0  1  0  0  0  1  0  8  0  0  0  2  0  2  0  1  1  0  0  5  0  2  0  4  0  2  0  8  1  0  0  6  1  1  0  7 21 18 14157  1  1  0  4  0  2  0  1  5  4  3 48 20 15 32275  8 10  5 8001201615880130081658                
0920590501  2  2  3 21  0  0  0  0  0  0  0  0  0  0  0  4  0  0  0  0  0  0  0  0  2  0  0  5  0  0  0  4  0  0  0  4  0  0  0  3  0  0  0  1  0  0  0  0  0  1  0  4  1  0  3  3  1  1  0 10  0  0  0  7  1  2  2 10 11 12 19119  1  3  0 18  1  1  4 16 14 15 13278  0  0  0  4 15 23 2423600301711500130101709                
0920590502  0  0  0  4  0  0  0  0  3  1  2  8  0  0  0  2  0  0  0  0  0  0  0  0  0  0  0  1  0  0  0  2  0  0  0  2  0  0  0  2  0  0  0  0  0  0  0  0  0  0  0  1  0  0  0  0  0  0  0  1  0  0  0  4  0  0  0  1 27 23 19197  0  3  1 20  3  1  1 15  1  0  1  3  1  5  5 29  1  0  1 1001801615060120131835                
0920590503  3  1  2 24  0  0  0  0  0  0  0  0  0  0  0  0  0  0  0  0  0  0  0  0  0  0  0  5  0  0  0  0  0  0  0  0  0  0  0  0  0  0  0  0  0  0  0  0  1  0  1 11  0  0  0  9  2  1  1  4  0  0  0  7  0  1  2  8 12 12 15 75  3  5  2 14  8  7  9 56  0  0  0  0  0  0  0 13  7  5  6 7701000916720120111660                
0920590504  0  0  2  3  0  0  0  0  0  0  0  0  0  0  0  0  0  0  0  0  0  0  0  0  0  0  0  1  0  0  0  0  0  0  0  0  0  0  0  0  0  0  0  0  0  0  0  0  0  0  1  0  0  0  1  1  0  0  0  2  0  0  0  0  0  0  2  2 19 17 18142  2  3  2 17  0  0  0  2  0  0  0  0  1  0  0  2  0  0  3  600801517570150011979                
0920590505  3  8  8 23  0  0  0  0  0  0  0  0  0  0  1  2  0  0  0  0  0  0  0  0  0  0  0  0  0  0  1  2  0  0  1  2  0  0  1  2  0  0  0  0  0  0  0  0  2  3  2  3  0  4  3 13  1  1  2  5  0  1  2  6  0  4  3 11 19 18 17 84  1  2  3 13  0  1  2 15  2  1  1 26  2  0  1 26  2 10  7 6601101516080040051800                
0920590506  2  2  5 17  0  0  0  0  3  0  0  0  0  0  0  0  0  0  0  0  0  0  0  0  0  0  1  3  0  0  0  0  0  0  0  0  0  0  0  0  0  0  0  0  0  0  0  0  1  1  2  5  0  0  1  6  1  1  2  6  1  0  2  5  0  1  1  6 21 19 13101  4  4  0 11  2  1  4  4  0  0  0  0  0  0  0  3  2  0  2 2401301017090090001494                
0920590507  0  1  3 12  0  0  0  0  5  2  2 23  0  1  2  4  0  0  0  1  0  0  0  1  0  0  1  1  0  1  2  4  0  1  2  4  0  1  2  4  0  0  0  0  0  0  0  0  0  0  0  2  0  0  0  2  0  0  1  4  0  1  1  3  0  0  1  4 36 24 19104  4  2  2 17  6  5  5 30  0  1  2  4  0  2  0 17  4  7  8 5401701319470090151600                
0920590508  3  2  0 18  0  0  0  0  0  0  0  0  0  0  0  1  0  0  0  0  0  0  0  0  2  0  0  4  0  0  0  1  0  0  0  0  0  0  0  1  0  0  0  0  0  0  0  0  0  2  0  2  2  0  0  9  1  0  0  6  0  0  0  4  0  0  0  8 32 27 17 99  2  3  1 13  0  0  0  2  0  0  0  1  0  3  1  3 11  4  3 560050141428000011                    
0920590509  2  1  6  8  0  0  0  0  0  0  0  0  0  0  0  2  0  0  0  0  0  0  0  0  0  1  2  5  0  0  0  2  0  0  0  0  0  0  0  2  0  0  0  0  0  0  0  0  1  0  3  2  1  1  1  4  0  0  2  0  1  0  0  3  0  0  2  5  3  8  7 55  1  2  3  7  0  0  0  0  0  0  0  0  0  0  0  0  0  0  0  201201615930130131674                
0920590510  3  2  6 15  0  0  0  0  0  0  0  0  0  1  0  2  0  0  0  0  0  0  0  0  1  0  1  1  0  1  0  2  0  1  0  2  0  0  0  2  0  1  0  0  0  0  0  0  0  0  2  3  1  0  2  7  2  1  2  3  0  1  2  3  2  1  1  3 11 12 14 93  1  4  5 15  0  1  0  2  4  5  5 26  0  6  2 10  2  2  2 100190141859000020                    
0920590511  3  2  3 24  0  0  0  0  2  0  0  0  0  0  0  1  0  0  0  0  0  0  0  0  2  1  1  8  0  0  0  1  0  0  0  1  0  0  0  1  0  0  0  0  0  0  0  0  0  0  2  3  3  1  0  7  0  1  1 13  1  0  1  7  0  1  2  6 22 17 22135  4  2  3 19  6  5  4 45  6  5  7129  3  0  1 27 53 46 6257901101616810100071701                
0920590601                                                                                                                                                                                                             14 18  9281  1  2  0 26  0  2  0 11  8 11  8182 11 15 12206 80 75 6468602202015310090101819                
0920590602                                                                                                                                                                                                             31 45 37397  5  8  3 55  9 11  6103  2  2  0 25 24 23 26282  0  0  0  001501017820120111660                
0920590603                                                                                                                                                                                                             13 16 14168  1  1  2 20  2  3  2  9  0  0  0  9 14 20 17170  1  1  2 3802002017200120111660                
0920590604                                                                                                                                                                                                             12 15 14209  2  0  2 24  8  7  5 75  1  3  2 19 17 23 16221  1  4  5 390220201531000000                    
0920590605                                                                                                                                                                                                             12 13 10172  0  1  0 16  0  0  0  1  1  3  2  8 25 32 34317  0  0  0  0000000    0220291452                
0920590606                                                                                                                                                                                                              2  4  8101  0  0  0  7 10  7 13 98  1  1  2  3  9 10  9107  6  3  2  702401616030130002100                
0920590607                                                                                                                                                                                                              0  4  2141  0  0  1 12  2  2  1 15  0  0  0  1  9  7  5135 18 23 22 8602501518150240371700                
0920590608                                                                                                                                                                                                             11 17  7186  2  3  1 21  4  8  2108  2  2  0 28 13 18 14187 10  8  5 9901000713140140181365                
0920590609                                                                                                                                                                                                              7  7  7113  1  2  1 11  8  7  6 46  0  2  1  8 12  5  5107 15 15 1817802002017200070131500                
0920590610                                                                                                                                                                                                             19 13 20215  0  3  1 22  0  0  2 22  3  0  0  6 17 34 32303  6  8  3 3800401115000090061453                
0920590611                                                                                                                                                                                                             21 18 14157  2  0  0  5  4  1  3 31  1  3  2  9 20 15 32275  9 10  8 400140181365000000                    
0920590612                                                                                                                                                                                                             29 17 34378  4  2  8 42 10  9  6 80  0  0  0  1 14 14 21275 22 20 2223003102016380130121801                
0920590701  2  5  2 10  0  0  0  0  0  0  0  0  2  5  2  4  2  3  1  3  0  0  0  0  1  0  1  0  2  4  2  2  1  2  1  2  1  4  2  3  0  0  0  1  1  1  0  0  1  4  0  5  0  1  1  3  1  0  1  2  0  2  0  2  1  0  0  4 28 28 11142  3  3  5 24  3  2  4 16  5 12  9 68 17 23 19190  2  5  2 1301201318350090171602                
0920590702  2  0  0  2  0  0  0  0  0  0  0  0  2  0  0  2  1  0  0  1  0  0  0  0  1  0  0  0  2  0  0  2  2  0  0  2  2  0  0  0  0  0  0  1  0  0  0  1  0  0  0  1  2  0  0  1  0  0  0  0  0  0  0  0  1  0  0  2  9  4 11 84  2  3  3 21 60 42 48391  5  1  0 10 14 20 17170  9  7  6 3102501518150070151600                
0920590703  2  2  0  5  0  0  0  0  0  0  0  0  2  2  0  5  0  1  0  1  0  1  0  0  0  0  0  1  2  2  0  3  0  0  0  0  2  0  0  3  0  2  0  0  0  0  0  2  0  1  0  3  2  1  0  2  0  0  0  0  1  0  0  1  1  0  0  1 18 25 25182  2  3  1 29  1  1  3 12  0  0  0  1 27 30 37234  3  2  0  602200817900190191827                
0920590704  2  2  2  6  0  0  0  0  0  0  0  0  2  2  2  6  0  1  1  3  0  1  0  0  1  0  1  1  2  2  2  5  0  0  0  0  2  2  1  3  0  0  1  2  0  0  0  1  0  2  0  2  2  0  1  4  0  0  1  0  0  2  0  4  2  2  1  1 21 20 15180  1  1  1 11  3  5  6 38 35 19 13180 25 32 34317 70 32 3018101901918270130101709                
0920590705  2  0  2  8  0  0  0  0  0  0  0  0  1  0  1  5  1  0  0  2  0  0  0  0  0  0  0  5  1  0  0  3  0  0  0  0  1  0  1  5  0  0  0  0  0  0  0  0  2  0  1  3  0  0  1  2  0  0  0  3  1  0  1  1  1  0  1  4  0  1  1 49  0  0  0  7  1  1  1 16  0  0  0  0  2  3  6118  0  0  0  701101316840110151608                
0920590706  1  0  2 10  0  0  0  0  3  6  3  7  1  0  2  9  0  0  1  1  0  0  0  0  0  0  0  2  1  0  1  5  0  0  0  0  1  0  2  5  0  0  0  2  0  0  0  2  0  0  2  7  1  0  0  2  0  0  0  1  0  0  0  2  0  0  1  2 19 19 23148  0  0  0  4  0  0  0  0  1  0  1 15 21 14 18283  1  0  1  601601717700190191827                
0920590707  2  0  1 11  0  0  0  0  0  0  0  0  2  0  1 11  2  0  1  7  0  0  0  3  1  0  0  1  2  0  1  7  2  0  0  3  1  0  1  6  0  0  0  5  1  0  0  0  0  0  1  6  1  0  0  0  1  0  0  5  0  0  0  4  0  0  0  2 15 14 14138  1  1  2 17  4  2  1 17  5  3  2 22 12 16 25151  9  7  6 6002501518150060101400                
0920590708  2  3  0 11  0  0  0  0  0  0  0  0  2  3  0 11  1  1  0  5  0  1  0  0  0  1  0  2  2  3  0  9  0  0  0  1  1  3  0 10  1  0  0  0  0  0  0  1  1  0  0  2  1  1  0  4  0  2  0  5  1  0  0  2  1  1  0  3 13 13 12128  1  0  1 21  1  1  2 19  0  0  0 14 17 23 16221  7 12  5 7901300917940060111706                
0920590709  2  2  1 13  0  0  0  0  0  0  0  0  2  2  1 13  1  0  1  8  0  0  0  0  0  1  1  0  1  1  1  8  0  0  0  1  2  2  0 10  0  0  1  1  0  0  0  2  0  0  0  8  1  1  1  4  1  1  0  1  1  1  0  2  0  1  0  5  2  6  9 94  0  2  0 11  4  5  6 91  0  0  0  1  8  7  2100  0  0  0  601801618810090101684                
0920590801  2  2  1  2  0  0  0  0  0  0  0  0  2  2  1  2  0  1  0  0  0  0  0  0  0  1  0  0  2  1  0  2  1  2  0  0  2  1  0  1  0  0  1  0  0  1  0  1  0  0  0  0  2  1  0  0  0  1  1  2  1  0  0  0  1  0  0  1 10 10 11204  2  2  2 41  9 12  6 61  1  2  0  2  9  7  5135  2  2  3 2801401814140130111683                
0920590802  2  0  1 14  0  0  0  0  0  0  0  0  2  0  1 14  0  0  0  3  0  0  0  0  2  0  1  2  0  0  0  4  0  0  0  0  1  0  1  8  1  0  0  4  0  0  0  2  1  0  1  1  0  0  0  5  1  0  0  8  0  0  0  4  2  0  0  5  7  7  4105  3  5  1 39  0  0  0  1  0  0  0  0  0  1  0 14  2  1  1 550060091313005000                    
0920590803  2  2  0  9  0  0  0  0  0  0  0  0  2  2  0  9  1  2  0  1  0  1  0  1  1  1  0  1  0  2  0  8  0  0  0  1  1  1  0  4  1  1  0  2  0  0  0  3  1  1  0  3  0  0  0  5  1  1  0  1  1  1  0  3  0  1  0  4 55 53 54505 18 16 16161 24 27 19152  3  1  1 19 18 17 23269 10 16 1718100601415150000031275                
0920590804  2  1  1  7  0  0  0  0  0  0  0  0  2  1  1  3  2  1  1  2  2  1  0  1  1  0  0  2  2  1  1  2  0  0  0  0  1  1  1  2  0  0  0  1  1  0  0  0  1  0  0  2  0  1  0  3  1  0  1  2  0  1  0  3  1  0  0  2 41 38 40339  0  0  1  2  4  5  2 20 68 67 51332 25 23 19245 15  8  5 6501600816980120131702                
0920590805  2  1  2  7  0  0  0  0  0  0  0  0  2  1  2  7  1  1  1  3  0  1  1  1  0  0  0  1  2  1  2  6  2  1  2  5  1  0  1  4  0  0  1  3  1  1  0  0  0  0  0  0  0  1  1  4  2  0  1  3  1  0  1  2  0  1  1  2  9 14 11241  3  7  5 91  7  9 10108  1  0  1  7  8 15  5114  1  0  1  701901416880120111655                
0920590806  2  3  3 13  0  0  0  0  0  0  0  0  2  2  2 10  1  1  0  5  1  0  0  3  1  0  2  4  2  2  2  8  0  0  0  1  0  2  1  7  1  0  1  2  1  0  0  1  1  0  1  3  0  2  0  6  1  1  2  4  0  0  1  4  1  2  1  5 40 32 34275  1  7  4 23  5  5  5 33  0  0  0  6 25 32 34317  8  5  5 3701901917070060111530                
0920590807  2  2  0  3  0  0  0  0  0  0  0  0  2  2  0  2  0  0  0  1  0  0  0  1  0  0  0  0  2  2  0  2  0  0  0  0  1  2  0  2  1  0  0  0  0  0  0  0  1  1  0  0  1  1  0  3  0  0  0  0  0  0  0  1  1  2  0  1 53 46 35281 12 10  6 52  1  5  2 29  1  0  0  0 17 23 19190  2  2  0  301002116410190191707                
0920590808  2  0  0 10  0  0  0  0  0  0  0  0  2  0  0 10  1  0  0  0  0  0  0  0  1  0  0  0  1  0  0  6  1  0  0  0  1  0  0  8  1  0  0  0  0  0  0  2  1  0  0  1  0  0  0  2  1  0  0  7  1  0  0  2  1  0  0  3 21 37 27323  4  7  5 77  3  1  2 11  1  0  0  0 17 34 32303  2  0  0 1000401614930120131331                
0920590809  2  2  1 17  0  0  0  0  0  0  0  0  2  2  1 16  0  0  0  6  0  0  0  0  0  0  0  1  1  2  0  8  0  0  0  0  1  2  0 11  1  0  0  4  0  0  1  1  0  0  0  4  1  1  0  3  1  1  1 10  0  0  1  6  0  2  1  8 36 43 39272  1  3  2  6  0  0  0  0 31 32 29220 20 15 32275 20 22 1913101201014950100071592                
0920590810  2  2  0  6  0  0  0  0  0  0  0  0  2  2  0  5  2  2  0  3  1  1  0  2  0  0  0  0  1  2  0  5  0  0  0  0  1  0  0  4  1  0  0  0  0  2  0  1  1  0  0  3  0  1  0  1  1  1  0  2  0  1  0  0  2  0  0  0 14 17 18178  1  3  4 38  4  4  6 36  0  0  0  1 12  5  5107  2  2  0 1001001616100250151716                
0920590811  2  0  0  9  0  0  0  0  0  0  0  0  2  0  0  9  0  0  0  1  0  0  0  0  0  0  0  3  2  0  0  5  1  0  0  2  0  0  0  3  1  0  0  4  1  0  0  2  1  0  0  1  0  0  0  3  1  0  0  5  0  0  0  2  0  0  0  2 13  9 22352  4  5  5106  2  3  0 43  2  0  0  9 11 15 12206 20 25 2823800401614930120161588                
0920590812  2  1  3 21  0  0  1  0  0  0  0  0  2  1  3 17  2  1  2  7  1  0  0  2  2  0  2  9  1  0  2 15  0  0  0  1  2  1  3 11  0  0  0  1  0  0  0  5  2  0  2  5  0  0  0  7  0  1  1  7  0  1  2  3  1  1  1  4  5  7 13190  1  1  1 40  1  0  1 12  0  0  0  7  7  4  5 73 16 16 211440120161388000000                    
0920590813  2  2  2 33  0  0  1  1  0  0  0  0  2  2  2 32  0  0  0 10  0  0  0  5  1  0  1  7  2  0  1 28  0  0  1  1  0  2  0 24  1  0  0  3  1  0  2  5  0  0  1  6  1  1  0  9  1  1  1 18  0  0  0  9  0  0  1  9 11 21 29327  4  6  2100  1  6  5 62  1  2  2 67  9 12 23162  7  9 1118101401112890080101247                
0920590901  1  2  0  1  0  0  0  0  0  0  0  0  1  2  0  1  0  0  0  1  0  0  0  1  0  0  0  0  1  2  0  1  0  0  0  0  1  2  0  1  0  0  0  0  0  0  0  0  0  0  0  1  0  0  0  0  1  2  0  0  0  0  0  0  0  1  0  0  2  3  2 40  0  0  2 15  2  3  2 24  0  1  0  1 12  5  5107  3  7 10 4701700013710090001390                
0920590902  1  0  0  0  0  0  0  0  0  0  0  0  1  0  0  0  1  0  0  0  0  0  0  0  0  0  0  0  0  0  0  0  1  0  0  0  1  0  0  0  0  0  0  0  0  0  0  0  0  0  0  0  0  0  0  0  1  0  0  0  0  0  0  0  0  0  0  0 25 29 25236 13 13  4 72 26 34 34196  2  0  0 16 24 23 26282  2  2  1  70190131550000000                    
0920590903  1  1  0  0  0  0  0  0  0  0  0  0  1  1  0  0  1  1  0  0  0  0  0  0  0  0  0  0  0  0  0  0  0  0  0  0  1  0  0  0  0  1  0  0  0  0  0  0  0  1  0  0  0  0  0  0  1  0  0  0  1  0  0  0  0  0  0  0 16 25 10137  4  7  1 55 34 20 23125  0  1  0  4 17 23 19190  3  2  3 1402200817900120151799                
0920590904  1  0  0  0  0  0  0  0  0  0  0  0  1  0  0  0  1  0  0  0  0  0  0  0  0  0  0  0  0  0  0  0  1  0  0  0  0  0  0  0  1  0  0  0  0  0  0  0  1  0  0  0  0  0  0  0  0  0  0  0  0  0  0  0  1  0  0  0 16 18 22208  5  5  9 79  1  2  2 26  1  3  2  9 18 17 23269  3  2  3  70250151815000000                    
0920590905  1  0  0  1  0  0  0  0  0  0  0  0  1  0  0  1  0  0  0  1  0  0  0  0  0  0  0  0  0  0  0  0  0  0  0  0  0  0  0  0  1  0  0  1  0  0  0  0  0  0  0  1  1  0  0  0  0  0  0  0  1  0  0  0  1  0  0  1 18 30 28322  0  0  0  2  0  0  0  6 16 16 13104 25 23 19245  1  0  0  102501518150070151600                
0920590906  1  0  0  0  0  0  0  0  0  0  0  0  1  0  0  0  1  0  0  0  0  0  0  0  0  0  0  0  0  0  0  0  1  0  0  0  0  0  0  0  0  0  0  0  1  0  0  0  1  0  0  0  0  0  0  0  0  0  0  0  1  0  0  0  0  0  0  0  1  1  2 74  0  1  2 27  2  2  1 34  1  0  0  0  3  4  8133  1  0  0  201600818920120151799                
0920590907  1  0  0  0  0  0  0  0  0  0  0  0  1  0  0  0  1  0  0  0  0  0  0  0  0  0  0  0  1  0  0  0  0  0  0  0  1  0  0  0  0  0  0  0  0  0  0  0  0  0  0  0  1  0  0  0  0  0  0  0  1  0  0  0  0  0  0  0 14 14  9125  3  0  0 15 11  5  7 38  1  0  1  9 25 32 34317 12  4  7 7602501518150120161593                
0920590908  1  0  0  1  0  0  0  0  0  0  0  0  1  0  0  1  1  0  0  1  1  0  0  0  0  0  0  1  1  0  0  0  0  0  0  0  0  0  0  1  0  0  0  0  1  0  0  0  1  0  0  1  0  0  0  0  0  0  0  0  0  0  0  0  0  0  0  0 10 16 15147  1  3  2 43  8  7  8 56  4  5  5 20 27 30 37234 36 28 2114902203516610050001200                
0920590909  1  1  1  0  0  0  0  0  0  0  0  0  1  1  1  0  1  1  1  0  0  0  0  0  0  0  0  0  0  0  0  0  0  1  1  0  1  0  1  0  0  1  0  0  0  0  0  0  0  0  0  0  1  0  1  0  0  1  0  0  1  0  0  0  1  0  0  0 13  8 18179  5  2  5 60  2  2  2 16  3  4  2 39 14 14 21275  1  1  1  401601015640120111660                
0920590910  1  0  2  0  0  0  0  0  0  0  0  0  1  0  2  0  1  0  2  0  1  0  0  0  0  0  0  0  1  0  0  0  0  0  0  0  0  0  2  0  1  0  0  0  0  0  0  0  1  0  1  0  0  0  0  0  0  0  1  0  0  0  0  0  1  0  0  0  5  7 12 71  3  2  5 19  0  1  2 13  5  3  2 22 12 16 25151  5  8  5 2402002017200080171869                
0920591001  3  2  2  8  0  0  0  0  0  0  0  0  3  2  2  8  0  0  0  0  0  0  0  0  0  0  0  2  3  2  2  6  0  0  0  0  2  2  2  8  1  0  0  0  0  0  0  0  0  2  1  3  2  0  1  3  1  0  0  2  0  0  0  2  1  1  1  1 22 19 21167  1  0  0  5  2  3  1 12  2  2  4 26 21 14 18283 13 13 10 840180161881000000                    
0920591002  3  0  0  3  0  0  0  0  0  0  0  0  3  0  0  3  2  0  0  1  0  0  0  1  0  0  0  0  3  0  0  3  1  0  0  1  2  0  0  3  1  0  0  0  0  0  0  0  3  0  0  1  0  0  0  2  0  0  0  0  2  0  0  1  2  0  0  1  2  3  2 40  0  0  2 15  8  7  6 46  1  0  0  2 12  5  5107  4  3  1  601701317210190191827                
0920591003  3  4  1  4  0  0  0  0  0  0  0  0  3  4  1  4  1  1  1  1  0  0  1  1  1  0  0  1  2  3  1  3  0  0  0  0  3  2  0  4  0  2  1  0  0  0  0  0  2  3  1  2  1  1  0  1  0  0  0  1  1  1  0  2  1  2  0  1  2  0  1 41  1  0  0 10  1  0  0 33  0  0  0  4 10  9  6113  5  4  3 2002202015310060111706                
0920591004  3  3  2  7  0  0  0  0  0  0  0  0  3  3  2  7  2  3  2  2  0  2  1  1  0  0  0  2  3  3  2  6  1  0  0  1  2  3  1  6  1  0  1  1  0  0  0  0  2  3  1  5  1  0  0  1  0  0  1  1  0  1  0  3  1  2  1  3  1  9  4 72  0  1  0 13  3  3  2 10  1  1  1 12 16 19 15221 12  8  9 3901801615060030121200                
0920591005  3  1  1  4  0  0  0  0  0  0  0  0  3  1  1  4  1  1  0  1  0  0  0  1  0  0  0  0  2  1  1  2  0  0  1  1  1  1  0  3  2  0  0  0  0  0  1  1  1  0  0  0  2  1  1  4  0  0  0  0  0  0  0  1  0  1  1  1 25 29 25236 13 13  4 72  9  7 12 55 23 29 35266 24 23 26282 11 11  5 6801600818920130131674                
0920591006  1  3  1  4  0  0  0  0  0  0  0  0  1  3  1  4  0  3  1  3  0  0  0  1  0  1  1  1  1  1  1  2  1  3  0  1  0  2  1  3  0  0  0  0  1  1  0  1  0  1  0  1  1  2  0  0  0  0  1  3  0  2  0  2  0  1  0  1 13 13 10198  0  0  0  4  3  7  2 22 26 37 27291  6 19 13222  5  4  1 5501601517000100002600                
0920591007  3  2  2  7  0  0  0  0  0  0  0  0  3  2  2  7  2  1  2  3  0  0  0  0  0  1  1  3  2  2  1  5  0  0  0  0  3  2  2  5  0  0  0  2  0  0  0  0  2  1  0  2  0  0  1  3  1  1  1  2  2  2  2  0  1  1  1  4 10 16 15147  1  3  2 43  8  7  8 56 19 24 17164 27 30 37234 47 34 2613802202015310100071825                
0920591008  3  1  2  5  0  0  0  0  0  0  0  0  3  1  2  5  0  1  0  2  0  0  0  0  0  0  0  1  3  1  2  4  2  1  0  2  2  0  2  5  1  1  0  0  0  0  0  0  1  1  1  3  1  0  1  1  1  0  0  1  0  1  0  1  1  0  0  3  0  2  0 18  0  0  0  7  5  4  1 34  2  1  0  2  1  7  4 66 69 50 3428802501518150190191827                
0920591009  3  1  5  9  0  0  0  0  0  0  0  0  2  1  5  9  0  0  0  2  0  0  0  1  0  0  0  1  1  1  3  7  1  0  1  3  2  1  3  5  0  0  1  3  0  0  1  1  1  1  2  1  0  0  1  4  2  0  2  4  2  0  2  3  0  0  2  6 13  8 18179  5  2  5 60  2  2  2 16  2  0  2 15 14 14 21275  2  0  4  401601918420190191827                
0920591010  3  3  1  9  0  0  0  0  0  0  0  0  3  3  1  9  3  1  0  5  2  0  0  3  0  0  0  1  3  2  1  5  0  0  0  0  3  1  1  7  0  0  0  1  0  2  0  1  2  1  0  3  1  2  0  4  0  0  1  2  2  1  0  1  2  2  0  1 14 14  9125  3  0  0 15  0  0  0  5 24 18 23202 25 32 34317 24 23 1812801901918270130101709                
0920591011  4  1  3 26  0  0  0  0  0  0  0  0  4  1  3 25  3  1  2 13  0  0  2  5  0  1  2  4  3  0  2 19  1  0  0  2  3  1  3 18  1  0  0  5  0  0  0  2  2  1  2 11  0  0  0  7  2  0  1  8  1  0  0  5  1  0  1  8  3  2  5 59  0  1  2 26 10  7  8127  1  0  0 15 11 19  8168  4  8 12 9001701217600120111200                
0920591101  5  3  2 26  0  0  0  0  0  0  0  0  5  3  2 21  0  0  0  1  0  0  0  1  0  0  1  4  4  2  1 17  1  0  0  3  4  3  2 13  0  0  0  5  1  0  0  3  2  0  0  7  3  1  1  7  0  2  1 11  1  1  2 10  3  0  1  7 18 25 25182  0  1  2 10  3  6  5 35  7  6 13 72 27 30 37234  5  4  4 420190191707018000                    
0920591102  4  1  3 12  0  0  0  0  0  0  0  0  4  1  3 12  0  0  0  0  0  0  0  0  0  0  0  1  1  1  2  1  0  0  1  0  2  0  2  5  2  0  1  5  0  1  0  2  1  1  1  2  3  0  0  7  0  0  2  3  2  0  1  4  2  1  1  3  5  3  7 75  0  0  0  6  1  0  1  4  0  0  1  1  7  4  5 73  5  2  5 2400501416460070131649                
0920591103  5  4  2 11  0  0  0  0  0  0  0  0  5  4  2 11  0  0  0  0  0  0  0  0  1  0  0  2  4  3  1  8  0  0  0  1  4  2  1  6  1  2  1  3  0  0  0  2  3  1  1  0  1  0  1  6  1  3  0  5  1  1  2  3  1  2  0  5  4  2  8102  1  0  1 11  3  0  0  6 11  5 11197  5  7  8166 25 21 1816301101616260130131529                
0920591104  4  0  1  9  0  0  0  0  0  0  0  0  4  0  1  6  0  0  1  0  0  0  1  0  1  0  0  1  2  0  1  6  1  0  1  3  3  0  0  3  0  0  0  2  1  0  1  1  2  0  0  2  2  0  1  6  0  0  0  1  2  0  0  4  3  0  0  6  4 11 13160  0  0  2 15  4  0  1 28 13 20 10130 17 34 32303  4  0  1 1301301216970200201500                
0920591105  0  0  0  2  0  0  0  0  7  5  4  5  0  0  0  1  0  0  0  0  0  0  0  0  0  0  0  0  0  0  0  1  0  0  0  0  0  0  0  1  0  0  0  0  0  0  0  0  0  0  0  0  0  0  0  2  0  0  0  0  0  0  0  1  0  0  0  1  0  0  0  1  0  0  0  0  0  0  0  0  0  0  0  0  0  0  0  1  0  0  0  300501416460120121741                
0920591106  3  1  0 14  1  0  0  1  0  0  0  0  3  1  0 12  0  0  0  0  0  0  0  0  0  0  0  1  3  1  0 10  0  0  0  0  2  0  0  8  0  1  0  3  1  0  0  1  1  0  0  4  2  1  0  5  0  0  0  5  2  0  0  5  0  0  0  7 21 20 15180  1  0  0  4  2  2  0  7  0  0  0  2 25 32 34317  4  1  1 3500801215010100091384                
0920591107  7  1  4 28  0  0  0  3  0  0  0  0  7  1  4 27  2  0  0  4  2  0  0  4  0  0  0  0  7  1  3 19  3  0  1  8  3  0  3 15  3  1  0  6  1  0  1  6  2  0  1  6  4  0  2  7  1  1  1 15  2  0  0  7  1  1  2  9 13 20 19208  0  3  1 28  4  1  2 71  9 12 18115 18 17 23269  0  2  3 1901001616100070061390                
0920591108  5  3  6 19  0  0  0  0  0  0  0  0  0  2  2  6  0  0  0  0  0  0  0  0  1  1  2  1  0  1  1  4  0  0  0  1  0  2  1  3  0  0  0  1  0  0  1  2  1  0  1  8  3  2  1  6  1  1  4  5  2  1  0  6  2  2  3 10  4  7  7104  1  0  0 14  3  1  3 19  1  0  0  6 13 18 14187 20 19 2814401801616860130031800                
0920591109  4  2  2  1  0  0  0  0  0  0  0  0  4  2  2  1  0  0  0  0  0  0  0  0  0  0  0  0  4  1  2  0  1  0  0  0  3  2  1  1  1  0  1  0  0  0  0  0  4  0  0  0  0  1  0  0  0  1  2  1  1  0  1  1  2  1  0  1 28 28 11142  2  0  1 16  6  6  5 22  7  1  6 42 17 23 19190 23 12 10 3602202014170120131702                
0920591110  4  2  0  7  1  1  0  1  0  0  0  0  4  2  0  7  0  0  0  1  0  0  0  1  0  0  0  1  4  1  0  5  0  0  0  0  3  1  0  3  1  1  0  1  0  0  0  3  0  0  0  0  2  1  0  4  2  1  0  3  1  0  0  1  2  1  0  0 17 16 20111  0  0  0  4  2  0  0  4  0  0  0  5 20 15 32275 35 15 1812301401814140070131649                
0920591111  5  3  2 21  0  0  0  0  0  0  0  0  5  3  2 21  0  0  0  0  0  0  0  0  1  0  0  5  4  2  2 17  0  0  0  1  3  2  1 15  2  0  1  2  0  1  0  4  2  1  1  6  2  1  0  6  1  1  1  9  2  2  1  6  0  0  0  9  2  6  9 94  0  1  1  9  0  2  1 14  0  0  0  1  8  7  2100 11  5 14 8200401715720080081700                
0920591112  4  4  0  4  0  0  0  0  0  0  0  0  4  4  0  3  0  0  0  0  0  0  0  0  0  0  0  1  4  4  0  3  0  0  0  0  2  4  0  2  0  0  0  1  2  0  0  0  0  0  0  1  1  1  0  2  3  3  0  1  1  1  0  2  0  2  0  1 19 23 31216  3  8  4 23  1  2  8 32 14 24 16158 24 23 26282 46 62 4855600401715720120161316                
0920591113  5 10  4 13  0  0  0  0  0  0  0  0  5 10  4 10  0  0  1  0  0  0  1  0  0  1  1  3  5 10  3  8  0  0  0  0  3  5  2  6  1  3  2  1  1  2  0  3  1  2  0  6  2  7  1  5  2  1  3  2  1  1  0  4  1  4  0  5 15 14 14138  2  1  0 17  0  7  1 19  6  5  7 65 12 16 25151 53 46 6257900902017810110092400                
0920591114  5  8  7 28  0  0  0  0  0  0  0  0  0  0  0  0  0  0  0  0  0  0  0  0  0  1  0  0  0  0  0  0  0  1  0  5  0  0  0  0  0  0  0  0  0  0  0  0  3  5  5 15  1  2  1  9  1  1  1  4  1  1  5  5  0  2  2 10  9  4 11 84  1  1  1  5 60 42 48391  3  2  2 14 14 20 17170 10 11  9 390180161686000000                    
0920591115  4  0  0 15  0  0  0  0  0  0  0  0  4  0  0 12  0  0  0  1  0  0  0  1  1  0  0  3  4  0  0 11  2  0  0  6  3  0  0  8  1  0  0  4  0  0  0  0  0  0  0  3  4  0  0  6  0  0  0  6  2  0  0  4  0  0  0  5 12 10 11138  1  1  1  5 36 30 36332  3  1  4 21 16 19 15221 14  6  9 9201201317020130101657                
0920591201  6  2  5 21  0  0  0  0  0  0  0  0  5  2  4 16  3  0  2  7  1  0  0  1  0  0  2  3  4  0  1 12  2  1  1  6  5  1  2 11  0  1  1  5  0  0  1  0  3  1  0  4  0  0  4 12  3  1  1  5  4  1  3  4  2  1  1  6 22 19 19290  3  1  0 15  5  4  1 75  2  4  1 17  8  8 12139 17  8 13 8400900614530280331560                
0920591202  4  3  2 11  0  0  0  0  0  0  0  0  4  3  2 11  4  3  2  8  0  1  0  2  0  2  0  3  4  3  2 11  1  1  0  1  3  1  2  8  0  1  0  1  1  1  0  2  1  0  1  1  2  3  0  3  1  0  1  7  3  0  0  1  0  1  0  1 16 26 27310  1  3  5 23  6  9  8 30  3  7  0 60 11 15 12206 27 34 3218802202015310120131423                
0920591203  6  2  5  7  0  0  0  0  0  0  0  0  6  2  5  7  3  0  1  2  0  0  1  0  1  0  0  0  5  2  5  4  0  0  1  0  3  1  3  5  1  1  1  1  2  0  1  1  3  0  3  2  2  2  1  4  1  0  1  1  2  0  0  3  3  0  2  3 41 45 50373  4  2  8 37  2  1  3 10  0  0  5 16 18 17 23269 18 14 17 6801601717700070151600                
0920591204  4  3  1  9  0  0  0  0  0  0  0  0  4  3  1  9  0  0  0  0  0  0  0  0  3  1  0  3  1  2  0  5  2  0  0  1  4  2  0  8  0  1  1  1  0  0  0  0  1  1  0  1  2  0  1  3  1  2  0  5  1  0  0  4  1  1  0  3 16 14 34222  0  0  0  1 40 26 18155  7  6 10 54 25 23 19245 41 29 24 9702501518150300111475                
0920591205  4  0  4  5  0  0  0  0  0  0  0  0  4  0  4  5  3  0  4  3  1  0  2  0  1  0  0  0  2  0  4  4  1  0  3  1  2  0  2  2  1  0  1  3  1  0  1  0  2  0  2  3  0  0  1  2  2  0  1  0  1  0  0  0  1  0  2  0  9  9  9130  0  0  2  5 13 14 21179  3  1  5 18  6  3 11 60 23 21 1914902202015310180161506                
0920591206  4  3  9 17  0  0  0  0  0  0  0  0  4  3  9 17  4  3  5 13  0  0  0  0  0  0  1  2  3  2  4 13  3  0  3 13  4  1  9 13  0  2  0  2  0  0  0  2  1  2  2  8  3  1  5  4  0  0  2  5  0  1  0  7  1  1  4  6 14  6 14223  0  0  0  1  5  2  5 66 15 11 18390 11  6  8120 11 11 2225901301017580120151799                
0920591207  5  6  7 20  0  0  0  0  0  0  0  0  5  6  5 18  0  1  0  2  0  0  0  1  1  2  0  6  4  5  3 10  0  0  0  2  5  3  4 12  0  3  0  5  0  0  1  1  3  1  2  5  2  3  2  7  0  2  3  8  1  1  4  5  2  0  1  7 42 45 41350  4  3  8 40  5  6  5 61  5  1  7 62 24 23 26282 20  6 1710701401513970100071701                
0920591208  5  2  0  6  0  0  0  0  0  0  0  0  3  2  0  6  0  1  0  4  0  0  0  1  2  2  0  1  0  1  0  5  1  2  0  3  1  2  0  3  1  0  0  2  1  0  0  1  0  1  0  2  2  0  0  3  3  1  0  1  1  0  0  2  2  0  0  2 29 34 19293  1  0  0  7  2  4  0 27  1  2  0  3 16 19 15221  5  2  0  602202015310120151799                
0920591209  3  3  2 11  0  0  0  0  0  0  0  0  3  3  2 11  1  0  0  0  0  0  0  0  0  1  0  4  2  3  2  9  1  0  0  0  2  3  2  9  0  0  0  1  1  0  0  1  0  1  1  4  0  1  1  2  3  1  0  5  1  1  2  2  2  2  0  5 14 16 17211  0  0  1 13  1  0  0  7  3  2  3 20 12  5  5107 10 13 10 8401901918270310191568                
0920591210  6  2  0  9  0  0  0  0  0  0  0  0  6  2  0  9  0  0  0  2  0  0  0  0  2  0  0  4  6  2  0  5  0  0  0  0  5  2  0  7  1  0  0  1  0  0  0  1  1  0  0  5  2  2  0  0  3  0  0  4  3  1  0  2  2  1  0  5 36 37 39343  0  0  0 10  5  3  7 35  5  6  4 36 25 32 34317 13  5  8 670300111475000017                    
0920591211  5  5  3  7  0  0  0  0  0  0  0  0  1  0  0  6  1  0  0  4  0  0  0  0  0  2  2  0  1  0  0  4  1  0  0  3  0  0  0  5  0  0  0  0  1  0  0  1  1  1  1  2  2  3  1  2  2  1  1  3  1  2  1  3  3  1  1  4 32 31 25223  0  0  1 17 14  9  5 61  5  2  0 22 17 23 19190 22 13 10 710110381200000008                    
0920591212  5  4  3 18  0  0  0  0  0  0  0  0  5  4  3 17  0  0  0  3  0  0  0  0  1  0  2  4  3  3  0 13  0  0  0  2  4  4  2 12  1  0  1  5  0  0  0  0  4  2  0  6  0  2  1  7  1  0  2  5  0  2  2  6  0  1  1  7 27 52 38330  2  2  4 18  0  0  1 28  2  2  6 33 17 34 32303  2  0  1 150180161506000000                    
0920591213  4  1  2  1  0  0  0  0  0  0  0  0  4  1  2  1  4  1  2  1  0  0  0  0  0  0  0  0  3  1  2  1  0  0  0  0  3  1  2  1  1  0  0  0  0  0  0  0  1  0  1  1  2  0  1  0  1  1  0  0  0  0  1  0  0  1  0  1 29 30 26361  3  6  2 30  3 14  3 50  1  1  0 13 14 14 21275 57 42 3623202202015310120161593                
0920591214  3  8  1 20  0  0  0  1  0  0  0  0  3  8  1 20  3  5  1 14  1  1  0  1  0  0  0  0  3  7  1 13  1  0  0  3  2  6  1 17  1  1  0  2  0  1  0  1  0  1  0  2  3  4  0  7  0  3  1 11  1  0  0  3  1  0  0  2 19 17 22238  2  2  0 12  1  1  3 15  1  0  0  4  8 10  5105  7 11  5 8001000912250100091320                
0920591215  5  8  1 11  0  0  0  0  0  0  0  0  5  7  1  9  5  7  1  8  0  1  0  2  1  1  0  3  4  7  1  7  0  0  0  0  5  5  0  6  0  1  1  3  0  1  0  0  1  3  1  6  4  5  0  1  0  0  0  4  2  1  0  3  1  0  0  4 23 23 22166  0  0  0  4  4  1  3 31  5  5  6 42 20 15 32275 26 24 1114001401115160120111660                
0920591216  3  3  0 10  0  0  0  0  0  0  0  0  3  3  0 10  2  3  0  6  1  0  0  0  0  0  0  2  3  3  0  9  1  0  0  0  3  3  0  5  0  0  0  4  0  0  0  1  1  0  0  2  2  2  0  4  0  1  0  4  1  0  0  3  0  2  0  2 34 34 35352  0  0  0  5  2  0  0  8  8  3  4 25 21 14 18283  3  3  0 1001501017820080101308                
