{"アスムッ": 0.11904761904761904, "アントレ": 0.3333333333333333, "アーゲリ": 0.0, "ウォルシ": 0.0, "ウォルス": 0.0, "エデリー": 0.11627906976744186, "オサリバ": 0.08571428571428572, "オリヴァ": 0.0, "カーソン": 0.15384615384615385, "カーモデ": 0.0, "ガウチ": 0.0, "キネーン": 0.05, "キャシデ": 0.0, "クィン": 0.0, "クラーク": 0.07142857142857142, "クルーズ": 0.08333333333333333, "クローン": 0.13333333333333333, "コクレー": 0.0, "コーセン": 0.125, "サミン": 0.0, "サントス": 0.125, "サンマル": 0.1111111111111111, "シューメ": 0.0, "ジャルネ": 0.0, "スウィン": 0.0, "スターキ": 0.5, "スチュワ": 0.16666666666666666, "スティー": 0.10526315789473684, "ダイ": 0.0, "ダフィー": 0.0, "ディット": 0.2, "デイ": 0.0, "デザーモ": 0.0, "デットー": 0.3333333333333333, "トロ": 0.0, "ナカタニ": 0.2, "バデル": 0.0, "バンス": 0.0, "ヒューズ": 0.0, "ビードマ": 0.0, "ピンカイ": 0.25, "ブフ": 0.0, "ブラック": 0.0, "ブータン": 0.0, "プラッツ": 0.0, "プラード": 0.0, "ヘッド": 0.0, "ベイリー": 0.0, "ベラスケ": 0.1111111111111111, "ベレス": 0.5, "ベーズ": 0.0, "マッキャ": 0.23529411764705882, "マーシャ": 0.125, "ムルタ": 0.3333333333333333, "ムンロ": 0.0, "モッセ": 0.0, "モーゼス": 0.0, "リマー": 0.0, "リード": 0.0, "ルクー": 0.5, "レンメル": 0.0, "ロシェ": 0.0, "ロバーツ": 0.0, "ロメロ": 0.0, "三浦堅治": 0.10978520286396182, "三浦春美": 0.07017543859649122, "三浦繁美": 0.024, "上村洋行": 0.10634920634920635, "上田悟": 0.04054054054054054, "上籠勝仁": 0.061527057079318014, "上野清章": 0.057049180327868855, "中島敏文": 0.07238605898123325, "中村力男": 0.018072289156626505, "中竹和也": 0.06934001670843776, "中舘英二": 0.095292331055429, "中西武信": 0.08333333333333333, "中野栄治": 0.08590308370044053, "中野渡清": 0.09285714285714286, "丸山勝秀": 0.0949978982765868, "丸山雅夫": 0.04032258064516129, "久保千秋": 0.0, "久保敏文": 0.09818181818181818, "久保田信": 0.0, "久保田敏": 0.054245283018867926, "久保田英": 0.05779889152810768, "亀山泰延": 0.08171206225680934, "五十嵐久": 0.028169014084507043, "五十嵐忠": 0.05116959064327485, "井上俊彦": 0.0, "井上孝彦": 0.3333333333333333, "井手上慎": 0.0, "仁平健二": 0.05901639344262295, "今井規和": 0.023575638506876228, "今岡正": 0.037383177570093455, "伊藤暢康": 0.06795224977043159, "伊藤栄": 0.06763285024154589, "伊藤正徳": 0.1038961038961039, "伊藤清章": 0.10780669144981413, "伊藤直人": 0.012738853503184714, "伊藤稔": 0.032846715328467155, "佐々木昭": 0.0, "佐々木清": 0.0, "佐々木竹": 0.125, "佐伯清久": 0.03975903614457831, "佐藤吉勝": 0.057692307692307696, "佐藤哲三": 0.08346094946401225, "佐藤正雄": 0.047261009667024706, "佐藤照雄": 0.056925996204933584, "佐野清広": 0.07537688442211055, "作田誠二": 0.07470288624787776, "内山正博": 0.06867554309740714, "内田博幸": 0.0, "内田国夫": 0.05927180355630821, "内田浩一": 0.06981664315937941, "出口敏幸": 0.04040404040404041, "出口明見": 0.039399624765478425, "出口隆義": 0.0594059405940594, "出津孝一": 0.11032863849765258, "加用正": 0.08861340679522497, "加藤和宏": 0.09694989106753812, "加賀武見": 0.07784431137724551, "北川和典": 0.044651162790697675, "北村卓士": 0.08726003490401396, "北沢伸也": 0.08448928121059268, "千田輝彦": 0.08267433501078361, "南井克巳": 0.13451970914657482, "南田美知": 0.096875, "原昌久": 0.09375, "原田俊彦": 0.046263345195729534, "原田聖二": 0.06070287539936102, "原田雄二": 0.03684210526315789, "古小路重": 0.08071748878923767, "古川哲也": 0.0, "古川寛和": 0.08793264733395698, "古川隆文": 0.03076923076923077, "合谷喜壮": 0.030249110320284697, "吉永正人": 0.08333333333333333, "吉永良人": 0.04884318766066838, "吉永護": 0.05042016806722689, "吉沢宗一": 0.0960573476702509, "吉田勝也": 0.16666666666666666, "向山牧": 0.0, "嘉堂信雄": 0.10462287104622871, "四位洋文": 0.07766990291262135, "四位満教": 0.05627705627705628, "国信満": 0.0, "国兼正浩": 0.036893203883495145, "土肥幸広": 0.08255098737455487, "土谷智紀": 0.06559139784946237, "坂井千明": 0.0810152990264256, "坂本勝美": 0.08312020460358056, "堀井雅広": 0.06224627875507442, "堀千亜樹": 0.25, "塚越一弘": 0.029501525940996948, "塩村克己": 0.09856396866840732, "増井裕": 0.07549019607843137, "増沢末夫": 0.1732283464566929, "増田久": 0.05128205128205128, "大久保光": 0.05405405405405406, "大塚栄三": 0.09251274010192082, "大宮竜一": 0.04065040650406504, "大崎昭一": 0.10596579057154777, "大枝幹也": 0.0, "大森勇一": 0.07241379310344828, "大江原哲": 0.1289308176100629, "大江原隆": 0.06682577565632458, "大西直宏": 0.057091882247992866, "天間昭一": 0.04756756756756757, "安田富男": 0.10243055555555555, "安田康彦": 0.07640067911714771, "安田隆行": 0.1100244498777506, "安藤光彰": 0.0, "安藤賢一": 0.08700322234156821, "安達昭夫": 0.060778727445394115, "宗像徹": 0.018292682926829267, "宝来城多": 0.060882800608828, "宮徹": 0.05241090146750524, "宮田仁": 0.05200594353640416, "富田正信": 0.08783783783783784, "寺島祐治": 0.06535433070866142, "寺田雅之": 0.05555555555555555, "小佐井盛": 0.0, "小原義之": 0.06916764361078546, "小屋敷昭": 0.09053916581892167, "小島太": 0.11854684512428298, "小島貞博": 0.11895161290322581, "小林徹弥": 0.04065040650406504, "小林淳一": 0.06676557863501484, "小柳由春": 0.0625, "小池隆生": 0.06453851492019431, "小牧太": 0.0, "小西一男": 0.04739336492890995, "小谷内秀": 0.10207336523125997, "小谷祐司": 0.019400352733686066, "小迫次男": 0.06593406593406594, "小野次郎": 0.07586763518966909, "山本康二": 0.05581395348837209, "山田和広": 0.10599078341013825, "山田泰誠": 0.09200968523002422, "岡冨俊一": 0.09155555555555556, "岡山定夫": 0.05622489959839357, "岡潤一郎": 0.10407030527289547, "岡部幸雄": 0.2031036056595162, "岩元市三": 0.10687022900763359, "岩城博俊": 0.009174311926605505, "岩戸孝樹": 0.048945147679324896, "岸滋彦": 0.09364201796821009, "嶋田功": 0.10541310541310542, "嶋田高宏": 0.04727272727272727, "川合達彦": 0.06837606837606838, "川村禎彦": 0.12244897959183673, "川端義雄": 0.06976744186046512, "市丸繁": 0.0, "平井三雄": 0.05405405405405406, "平松徳彦": 0.0, "平田秀也": 0.12363636363636364, "平目孝志": 0.0484472049689441, "広松孝司": 0.09302325581395349, "広森久雄": 0.0, "後藤浩輝": 0.06666666666666667, "徳吉一己": 0.07848101265822785, "徳吉孝士": 0.04130162703379224, "成島正規": 0.05099150141643059, "成田均": 0.07392996108949416, "戸部尚実": 0.0, "押田年郎": 0.11609498680738786, "斉藤博美": 0.06010230179028133, "斎藤仁作": 0.021052631578947368, "日吉正和": 0.05291005291005291, "日高三代": 0.125, "早田秀治": 0.16666666666666666, "昆貢": 0.09606986899563319, "星野信幸": 0.020833333333333332, "星野忍": 0.18502202643171806, "木幡初広": 0.07779255319148937, "木藤隆行": 0.07936507936507936, "本田優": 0.09701101206082853, "本間忍": 0.02926829268292683, "本間茂": 0.0, "杉浦宏昭": 0.11464968152866242, "村山明": 0.05529411764705883, "村本善之": 0.12067292138466516, "東信二": 0.06770186335403727, "東田幸男": 0.06269349845201239, "松原義夫": 0.0, "松本達也": 0.09042196918955124, "松永幹夫": 0.115, "松永昌博": 0.09408983451536643, "松田幸春": 0.0646830530401035, "林満明": 0.07078584283143372, "柏崎正次": 0.05714285714285714, "柳沢好美": 0.0, "柴崎勇": 0.06135531135531135, "柴田光陽": 0.08089887640449438, "柴田利秋": 0.041379310344827586, "柴田善臣": 0.10314428445489274, "柴田弘之": 0.032915360501567396, "柴田政人": 0.15965665236051502, "柴田政見": 0.06359649122807018, "柿元嘉和": 0.048598130841121495, "栗原洋一": 0.06585365853658537, "栗田伸一": 0.06222990492653414, "栩原一男": 0.043478260869565216, "根本康広": 0.07942583732057416, "桑島孝春": 0.0, "桜井今朝": 0.0, "桜井誠二": 0.03571428571428571, "梅田守": 0.05714285714285714, "梅野信一": 0.051047120418848166, "森勝義": 0.015384615384615385, "森安輝正": 0.07345575959933222, "森次男": 0.03333333333333333, "楠孝志": 0.08253094910591471, "樋口弘": 0.05289672544080604, "横山典弘": 0.12094395280235988, "横山義行": 0.05360134003350084, "横山賀一": 0.06726457399103139, "横山雄一": 0.06068840579710145, "横田吉光": 0.052502050861361775, "横田雅博": 0.04869762174405436, "橋口満朗": 0.028169014084507043, "橋本広喜": 0.09598603839441536, "橋本美純": 0.06231454005934718, "武永祥": 0.05927342256214149, "武田悟": 0.09935897435897435, "武藤善則": 0.06253369272237197, "武豊": 0.107, "水流添久": 0.07221006564551423, "水野貴広": 0.0379746835443038, "江田照男": 0.08104196816208394, "池上昌弘": 0.06060606060606061, "池添兼雄": 0.1568627450980392, "池田賀一": 0.04811715481171548, "池田雄彦": 0.0, "沢昭典": 0.07366984993178717, "沢田盛夫": 0.0, "河内洋": 0.15341326156104723, "河北通": 0.08536585365853659, "河津裕昭": 0.0, "津曲幸夫": 0.07053291536050156, "津曲浩二": 0.0890937019969278, "津留千彰": 0.08671171171171171, "津野総夫": 0.0, "浜口楠彦": 0.0, "浜野谷憲": 0.0505166475315729, "清山宏明": 0.06774441878367975, "清水英次": 0.07528735632183908, "渡辺壮": 0.0, "渡部秀一": 0.06639004149377593, "湯窪幸雄": 0.06334841628959276, "溝橋秀吉": 0.07411273486430063, "瀬古正明": 0.050746268656716415, "熊沢重文": 0.07919094960575934, "牧之瀬幸": 0.07758620689655173, "牧田和弥": 0.061258278145695365, "猿橋重利": 0.07942882641677822, "玉ノ井健": 0.0658682634730539, "玉井智光": 0.06564885496183206, "玉谷峰男": 0.05154639175257732, "田中剛": 0.08386075949367089, "田中勝春": 0.11039558417663294, "田中清隆": 0.08166969147005444, "田中道夫": 0.13333333333333333, "田之上幸": 0.10372340425531915,