date,race_id,umaban,p_tansho,p_fukusho,odds,pop_rank,ev_tansho,ev_fukusho,is_win,is_top3,winner_known
20260502,202604010102,1,0.00025718694001296304,0.005357131209599499,98.1,15,0.025230038815271673,0.5255345716617108,0,0,0
20260502,202604010102,2,0.00023747846726149396,0.001978139455601522,20.4,9,0.004844560732134477,0.040354044894271045,0,0,0
20260502,202604010102,3,0.00032464772109825355,0.007398896331269883,4.9,3,0.0015907738333814426,0.03625459202322243,0,0,0
20260502,202604010102,4,0.00015186866156620456,0.0008776048958294036,4.8,2,0.0007289695755177819,0.0042125034999811375,0,1,0
20260502,202604010102,5,0.0003224144837030609,0.006191837239792436,11.5,6,0.0037077665625852,0.07120612825761302,0,1,0
20260502,202604010102,6,0.0007943216962686049,0.00863560787003337,86.4,13,0.06862939455760747,0.7461165199708832,0,1,0
20260502,202604010102,7,0.0031309564006050516,0.018360290027871515,6.5,4,0.020351216603932836,0.11934188518116486,0,0,0
20260502,202604010102,8,0.00012799189541287545,0.0007411604404409661,97.2,14,0.012440812234131494,0.07204079481086191,0,0,0
20260502,202604010102,9,0.001234067161953323,0.0072780778236156045,3.9,1,0.00481286193161796,0.028384503512100857,0,0,0
20260502,202604010102,10,0.007135517307179034,0.04657311827131242,38.0,11,0.2711496576728033,1.769778494309872,0,0,0
20260502,202604010102,11,0.0011008133812686785,0.010455270452079236,14.1,8,0.015521468675888366,0.1474193133743172,0,0,0
20260502,202604010102,12,0.00010519214099337364,0.0007504260576799902,29.4,10,0.003092648945205185,0.02206252609579171,0,0,0
20260502,202604010102,13,0.0003407087116417363,0.007239337639411948,12.7,7,0.004327000637850051,0.09193958802053173,0,0,0
20260502,202604010102,14,0.00024274788189783967,0.004746597607672128,7.5,5,0.0018206091142337975,0.03559948205754096,0,0,0
20260502,202604010102,15,0.0006727293298154114,0.005056291507696742,41.0,12,0.027581902522431867,0.20730795181556644,0,0,0
20260502,202604010103,1,0.003136204210263515,0.054661213350293635,7.0,4,0.021953429471844605,0.38262849345205546,0,0,0
20260502,202604010103,2,0.006050400441788406,0.03980767199706908,47.5,13,0.2873940209849493,1.8908644198607814,0,0,0
20260502,202604010103,3,0.008945147900515508,0.05657379085597635,42.8,12,0.3828523301420637,2.4213582486357876,0,1,0
20260502,202604010103,4,0.007701422907475871,0.03514550936806708,31.6,11,0.24336496387623752,1.1105980960309199,0,1,0
20260502,202604010103,5,0.0011439136615320022,0.012866250147848052,18.3,7,0.02093362000603564,0.23545237770561936,0,0,0
20260502,202604010103,6,0.024873151158033666,0.10203192770061086,28.5,10,0.7088848080039595,2.9079099394674093,0,0,0
20260502,202604010103,7,0.0009321806270504167,0.015545534471367799,13.3,5,0.012398002339770543,0.20675560846919172,0,0,0
20260502,202604010103,8,0.004066854587952563,0.02410124461729463,5.2,3,0.02114764385735333,0.12532647200993208,0,1,0
20260502,202604010103,9,0.0033481325483467584,0.05841333579343297,27.2,9,0.09106920531503182,1.5888427335813766,0,0,0
20260502,202604010103,10,0.0012080489308645911,0.012872274447408396,3.0,1,0.0036241467925937736,0.03861682334222519,0,0,0
20260502,202604010103,11,0.0015063097368222917,0.011834434275611887,13.6,6,0.020485812420783168,0.16094830614832165,0,0,0
20260502,202604010103,12,0.0010074724455598374,0.008126688267317562,3.9,2,0.003929142537683366,0.031694084242538494,0,0,0
20260502,202604010103,13,0.0008875260970695451,0.008421903990901572,90.0,15,0.07987734873625907,0.7579713591811416,0,0,0
20260502,202604010103,14,0.0028147408960956114,0.02309533544708662,48.4,14,0.1362334593710276,1.1178142356389924,0,0,0
20260502,202604010103,15,0.00019610259512668196,0.0009593685420668553,26.4,8,0.005177108511344403,0.02532732951056498,0,0,0
20260502,202604010105,1,0.0076832367462675326,0.02721310801275279,94.5,13,0.7260658725222818,2.571638707205139,0,0,0
20260502,202604010105,2,0.0008449427968203543,0.006129174271474559,13.1,6,0.01106875063834664,0.08029218295631672,0,0,0
20260502,202604010105,3,0.0007853132109872881,0.008467591191318208,4.6,3,0.0036124407705415253,0.03895091948006375,0,0,0
20260502,202604010105,4,0.009529567646431335,0.01847672281130107,42.6,11,0.40595958173797486,0.7871083917614256,0,0,0
20260502,202604010105,5,0.00788081965595718,0.015474335282032134,3.8,2,0.02994711469263728,0.05880247407172211,0,0,0
20260502,202604010105,6,0.0021115705599797255,0.006127967331434058,52.6,12,0.11106861145493356,0.32233108163343144,0,0,0
20260502,202604010105,7,0.00020437870791306076,0.0020889889212670192,94.5,14,0.01931378789778424,0.19740945305973331,0,0,0
20260502,202604010105,8,0.0034107273106655255,0.00949254266476056,10.8,4,0.03683585495518768,0.10251946077941405,0,0,0
20260502,202604010105,9,0.031088358560913933,0.11952165564799844,19.7,8,0.6124406636500045,2.354576616265569,0,0,0
20260502,202604010105,10,0.0003429449537912642,0.0026773888227366632,110.9,15,0.0380325953754512,0.29692242044149597,0,1,0
20260502,202604010105,11,0.00037768177998481517,0.0016347999478794313,12.2,5,0.004607717715814745,0.01994455936412906,0,0,0
20260502,202604010105,12,0.0001788559135621528,0.0018904472777966405,35.2,10,0.0062957281573877795,0.06654374417844175,0,0,0
20260502,202604010105,13,0.00017553603187331712,0.0008401993175881746,29.6,9,0.005195866543450187,0.02486989980060997,0,1,0
20260502,202604010105,14,0.004390630699355004,0.022587753404099686,13.1,7,0.05751726216155055,0.2958995695937059,0,0,0
20260502,202604010105,15,0.0005790849075438152,0.007120745644804169,2.9,1,0.001679346231877064,0.020650162369932088,0,0,0
20260502,202604010105,16,0.0001356468924526034,0.0026799935315298543,8.7,5,0.0011801279643376494,0.02331594372430973,0,1,0
20260502,202604010106,1,0.0008035918982822478,0.00360670441124681,14.0,7,0.011250286575951469,0.05049386175745534,0,0,1
20260502,202604010106,2,0.0011756338397826784,0.010203562611211579,51.6,12,0.06066270613278621,0.5265038307385175,0,0,1
20260502,202604010106,3,0.0005620619049732432,0.0029419095087524633,10.6,5,0.0059578561927163785,0.03118424079277611,0,0,1
20260502,202604010106,4,0.0015346481207099579,0.007157067533722649,73.4,13,0.11264317206011092,0.5253287569752425,0,0,1
20260502,202604010106,5,0.00134396051748268,0.007265021357923343,3.7,2,0.004972653914685916,0.02688057902431637,1,1,1
20260502,202604010106,6,0.00045570836425993963,0.0031829339288375136,6.1,4,0.0027798210219856317,0.01941589696590883,0,1,1
20260502,202604010106,7,0.000975561105540382,0.0032139034509432248,22.3,8,0.02175501265355052,0.07167004695603392,0,0,1
20260502,202604010106,8,0.00035560701963279216,0.0038936405521562034,3.5,1,0.0012446245687147725,0.013627741932546712,0,1,1
20260502,202604010106,9,8.124212765339865e-05,0.0007876647993617378,4.8,3,0.00038996221273631353,0.0037807910369363415,0,0,1
20260502,202604010106,10,0.0010002946265261366,0.002893288634035107,22.4,9,0.02240659963418546,0.06480966540238639,0,0,1
20260502,202604010106,11,0.00016077714223870762,0.0007948867241963497,29.0,10,0.004662537124922521,0.023051715001694142,0,0,1
20260502,202604010106,12,0.0001793001859114695,0.001253554703739016,37.6,11,0.006741686990271254,0.04713365686058701,0,0,1
20260502,202604010106,13,0.0006370674094456255,0.0021122558952945134,13.8,6,0.008791530250349632,0.029149131355064285,0,0,1
20260502,202604010106,14,0.0006919004638463615,0.0032529658659065323,28.8,10,0.01992673335877521,0.09368541693810813,0,0,1
20260502,202604010107,1,0.7164393599555027,0.7989295795229848,26.6,11,19.05728697481637,21.251526815311397,1,1,1
20260502,202604010107,2,0.0014114540313660852,0.011880319749803752,42.9,13,0.060551377945605056,0.5096657172665809,0,1,1
20260502,202604010107,3,0.0007848844798013484,0.015285927052039402,3.7,1,0.0029040725752649895,0.05655793009254579,0,0,1
20260502,202604010107,4,0.0008571136940825918,0.011274362857825883,50.3,14,0.04311281881235437,0.5671004517486419,0,0,1
20260502,202604010107,5,0.0010211442650799338,0.009838248960533893,5.6,3,0.005718407884447629,0.055094194178989794,0,0,1
20260502,202604010107,6,0.00022201861509239506,0.0033600533771257716,12.1,6,0.00268642524261798,0.04065664586322183,0,0,1
20260502,202604010107,7,0.00281726111295962,0.01708042372339716,71.0,15,0.20002553902013304,1.2127100843611982,0,0,1
20260502,202604010107,8,0.0005125099853911221,0.005448341553105033,4.6,2,0.002357545932799161,0.025062371144283148,0,0,1
20260502,202604010107,9,0.0013459697933136706,0.010633969379325188,16.2,7,0.021804710651681464,0.17227030394506804,0,0,1
20260502,202604010107,10,0.0013025470443398753,0.011109148698426158,21.9,10,0.02852578027104327,0.24329035649553285,0,0,1
20260502,202604010107,11,0.004897987224375311,0.02001944995855829,8.6,5,0.042122690129627674,0.1721672696436013,0,0,1
20260502,202604010107,12,0.0039966651264577635,0.02334033224784255,6.8,4,0.02717732285991279,0.15871425928532934,0,0,1
20260502,202604010107,13,0.00014319789395929411,0.0018714096544729499,27.3,12,0.0039093025050887294,0.051089483567111536,0,0,1
20260502,202604010107,14,0.0019418777393993597,0.009647515342048288,20.4,9,0.03961430588374693,0.19680931297778506,0,1,1
20260502,202604010107,15,0.0009085132340162502,0.00390735001569195,18.3,8,0.01662579218249738,0.07150450528716269,0,0,1
20260502,202604010108,1,0.1247291626408426,0.3433117776924168,18.7,8,2.3324353413837566,6.419930242848193,1,1,1
20260502,202604010108,2,0.0016910973962319341,0.011304689551366194,14.4,7,0.02435180250573985,0.16278752953967318,0,0,1
20260502,202604010108,3,0.014569509131987592,0.0419087485574909,44.6,12,0.6498001072866466,1.8691301856640943,0,0,1
20260502,202604010108,4,0.0005707608223637878,0.0032547611423976914,12.1,6,0.006906205950601832,0.03938260982301207,0,0,1
20260502,202604010108,5,0.0010248527760236092,0.009018942255041722,8.1,4,0.008301307485791234,0.07305343226583795,0,0,1
20260502,202604010108,6,0.00012737655954187996,0.0022123683795378137,2.9,1,0.00036939202267145186,0.006415868300659659,0,0,1
20260502,202604010108,7,0.0005788072388390264,0.0027627541840601804,22.0,9,0.012733759254458582,0.06078059204932397,0,0,1
20260502,202604010108,8,0.004747803830080434,0.02088953572626215,8.6,5,0.04083111293869173,0.17965000724585448,0,0,1
20260502,202604010108,9,0.00013277307949133933,0.0012396135162363855,5.9,3,0.0007833611689989021,0.007313719745794675,0,0,1
20260502,202604010108,10,0.0006727671945318869,0.004525626188540857,4.3,2,0.0028928989364871136,0.019460192610725683,0,1,1
20260502,202604010108,11,0.001890417395691475,0.0030404535435604343,31.6,11,0.05973718970385061,0.09607833197650972,0,0,1
20260502,202604010108,12,0.0019263688963455444,0.003968753208547448,22.8,10,0.043921210836678416,0.09048757315488182,0,1,1
20260502,202604010108,13,0.0016729443140100276,0.009448805148971133,58.5,13,0.09786724236958662,0.5527551012148113,0,0,1
20260502,202604010109,1,0.13839738524250478,0.31120457358323783,20.0,10,2.7679477048500956,6.224091471664757,0,0,0
20260502,202604010109,2,0.000951688837239733,0.012867389788350649,17.2,9,0.016369048000523405,0.22131910435963115,0,0,0
20260502,202604010109,3,0.0012705826794935484,0.016228349231324223,8.6,5,0.010927011043644515,0.1395638033893883,0,0,0
20260502,202604010109,4,0.004385781986572556,0.07024523987939622,14.0,8,0.061400947812015785,0.9834333583115471,0,0,0
20260502,202604010109,5,0.003788523366371972,0.012410859497539424,27.4,12,0.10380554023859202,0.3400575502325802,0,0,0
20260502,202604010109,6,0.000441109273628943,0.014855806772682775,38.4,14,0.01693859610735141,0.5704629800710185,0,1,0
20260502,202604010109,7,0.00015793215939417568,0.005247514151365729,4.4,2,0.000694901501334373,0.023089062266009208,0,0,0
20260502,202604010109,8,0.0064788186245238535,0.051893523990368354,13.3,6,0.08616828770616726,0.6901838690718991,0,0,0
20260502,202604010109,9,0.0008135680811464251,0.01643567614862536,4.1,1,0.0033356291327003426,0.06738627220936397,0,0,0
20260502,202604010109,10,0.0005242776670983618,0.009927172261267842,6.2,3,0.003250521536009843,0.06154846801986062,0,0,0
20260502,202604010109,11,0.007648867698227939,0.06898070215688362,13.7,7,0.10478948746572277,0.9450356195493056,0,1,0
20260502,202604010109,12,0.006774230975374825,0.030638795978183385,6.8,4,0.04606477063254881,0.208343812651647,0,1,0
20260502,202604010109,13,0.0040710167695447545,0.03242718714375203,35.1,13,0.1428926886110209,1.1381942687456963,0,0,0
20260502,202604010109,14,0.0004409474350171926,0.007377743666666172,25.4,11,0.01120006484943669,0.18739468913332075,0,0,0
20260502,202604010109,15,0.001963814368198192,0.020587744544011716,33.6,11,0.06598416277145926,0.6917482166787937,0,0,0
20260502,202604010110,1,0.005882349171806807,0.03732587858241935,11.4,6,0.0670587805585976,0.42551501583958057,0,0,0
20260502,202604010110,2,0.0016488215633171791,0.01558075758128199,15.2,10,0.025062087762421123,0.23682751523548623,0,0,0
20260502,202604010110,3,0.0020852988027717737,0.008590053638241328,40.5,14,0.08445460151225684,0.34789717234877376,0,0,0
20260502,202604010110,4,0.00158919116511978,0.008355761797309371,17.2,11,0.027334088040060215,0.14371910291372117,0,1,0
20260502,202604010110,5,0.0005438570174172316,0.0027925785769570208,23.0,12,0.012508711400596327,0.06422930727001147,0,0,0
20260502,202604010110,6,0.0017911893076651543,0.010322536241213308,11.2,4,0.020061320245849727,0.11561240590158904,0,0,0
20260502,202604010110,7,0.0007800767081676686,0.0050552536595454564,3.1,1,0.002418237795319773,0.015671286344590914,0,0,0
20260502,202604010110,8,0.0011681455040674633,0.005551700988535086,14.9,9,0.017405368010605205,0.08272034472917278,0,1,0
20260502,202604010110,9,0.0007599995927809965,0.0033148532235769195,11.9,7,0.009043995154093858,0.03944675336056534,0,0,0
20260502,202604010110,10,0.0010999451474715375,0.008932298735751066,11.2,5,0.01231938565168122,0.10004174584041194,0,0,0
20260502,202604010110,11,0.0012392234291374522,0.007190671060842192,36.3,13,0.04498381047768951,0.2610213595085715,0,0,0
20260502,202604010110,12,0.007348972719374058,0.022906174943908512,7.7,3,0.05658708993918025,0.17637754706809555,0,0,0
20260502,202604010110,13,0.0018245697732689969,0.010402327858821404,6.5,2,0.01185970352624848,0.06761513108233913,0,0,0
20260502,202604010110,14,0.0009906748758432545,0.007710775335965995,12.9,8,0.012779705898377984,0.09946900183396135,0,0,0
20260502,202604010110,15,0.000995055382209874,0.006294003100867485,6.2,4,0.00616934336970122,0.039022819225378404,0,1,0
20260502,202604010111,1,0.049945985950306145,0.2580278859015854,22.9,11,1.1437630782620107,5.908838587146304,0,0,0
20260502,202604010111,2,0.0010367797874614065,0.014202532120139588,11.9,4,0.012337679470790737,0.1690101322296611,0,0,0
20260502,202604010111,3,0.002407354497204168,0.017629637333048273,24.4,12,0.0587394497317817,0.43016315092637786,0,0,0
20260502,202604010111,4,0.0005873755603952516,0.004494002150185438,132.7,16,0.07794473686444987,0.5963540853296077,0,0,0
20260502,202604010111,5,0.0018752984713347953,0.017672385660320568,42.4,14,0.07951265518459531,0.7493091519975921,0,1,0
20260502,202604010111,6,0.0007663278295361309,0.011663468420417386,20.8,9,0.015939618854351523,0.24260014314468165,0,0,0
20260502,202604010111,7,0.002218636725761076,0.018415368137945583,14.2,7,0.03150464150580728,0.2614982275588273,0,0,0
20260502,202604010111,8,0.0013528289906964302,0.016238976733365502,19.0,8,0.025703750823232174,0.3085405579339445,0,0,0
20260502,202604010111,9,0.01134720412737801,0.07211778521174873,34.6,13,0.3926132628072792,2.495275368326506,0,0,0
20260502,202604010111,10,0.0024857295128896044,0.022584658873081382,12.4,6,0.030823045959831097,0.2800497700262091,0,0,0
20260502,202604010111,11,0.004744467899483545,0.028889192926557058,2.8,1,0.013284510118553926,0.08088974019435975,0,0,0
20260502,202604010111,12,0.004743872511269647,0.026476699808068355,6.2,3,0.029412009569871812,0.16415553881002382,0,1,0
20260502,202604010111,13,0.0018057905757233028,0.020347997373260117,5.7,2,0.010293006281622826,0.11598358502758267,0,1,0
20260502,202604010111,14,0.0019734387745910294,0.016671356679821104,12.1,5,0.023878609172551454,0.20172341582583536,0,0,0
20260502,202604010111,15,0.0019605439797827653,0.015263025363035072,21.9,10,0.04293591315724256,0.33426025545046806,0,0,0
20260502,202605020301,1,0.05474353938874136,0.38379230247735124,60.1,10,3.290086717263356,23.06591737888881,0,1,1
20260502,202605020301,2,0.008183421885380415,0.04253369579541308,65.6,11,0.5368324756809552,2.7902104441790976,0,0,1
20260502,202605020301,3,0.001992943962069179,0.01251332053010777,7.2,4,0.014349196526898091,0.09009590781677594,0,0,1
20260502,202605020301,4,0.00016378686927914546,0.0010618863251080088,2.7,1,0.0004422245470536928,0.002867093077791624,0,0,1
20260502,202605020301,5,0.0008419904200861577,0.007187693805260563,149.1,15,0.12554077163484612,1.07168514636435,0,0,1
20260502,202605020301,6,0.00039523962085532004,0.005051582769904359,93.9,14,0.037113000398314555,0.4743436220940193,0,0,1
20260502,202605020301,7,0.0034148603182833953,0.012708998956870497,4.1,2,0.01400092730496192,0.05210689572316903,0,0,1
20260502,202605020301,8,0.00047216561625289564,0.004055531249304489,70.8,12,0.03342932563070501,0.2871316124507578,0,0,1
20260502,202605020301,9,0.00011011772407440248,0.0006803658059306348,37.5,8,0.0041294146527900925,0.025513717722398806,0,0,1
20260502,202605020301,10,0.0012414397913372193,0.011407281823407351,17.5,7,0.021725196348401338,0.19962743190962864,0,1,1
20260502,202605020301,11,0.0010070154423223396,0.006555127720982155,184.0,16,0.18529084138731047,1.2061435006607166,0,0,1
20260502,202605020301,12,0.005046623240348082,0.020665058393939853,37.9,9,0.1912670208091923,0.7832057131303204,0,0,1
20260502,202605020301,13,0.0010199818004636863,0.009848172811639579,8.3,5,0.008465848943848598,0.08173983433660852,0,0,1
20260502,202605020301,14,0.00766959734317459,0.07903485732746168,4.3,3,0.032979268575650734,0.33984988650808523,1,1,1
20260502,202605020301,15,0.0009733137498301249,0.00592531940514027,14.6,6,0.014210380747519824,0.08650966331504795,0,0,1
20260502,202605020301,16,0.00967150178222913,0.025969565968263886,74.3,13,0.7185925824196243,1.9295387514420066,0,0,1
20260502,202605020302,1,0.010934155355598578,0.08763274203769487,38.7,11,0.423151812261665,3.391387116858792,0,0,1
20260502,202605020302,2,0.0020922405078759444,0.004886621556102139,6.2,3,0.012971891148830855,0.030297053647833264,0,0,1
20260502,202605020302,3,0.013677142012450698,0.08219152678492522,24.5,10,0.3350899793050421,2.013692406230668,1,1,1
20260502,202605020302,4,0.0007164513140773139,0.0037075116308889016,99.6,15,0.07135855088210045,0.3692681584365346,0,0,1
20260502,202605020302,5,0.01518526034392454,0.11976626056745561,19.1,9,0.29003847256895876,2.2875355768384025,0,1,1
20260502,202605020302,6,0.0002470240181860022,0.0009668061010825767,18.5,8,0.004569944336441041,0.01788591287002767,0,0,1
20260502,202605020302,7,0.001049806227865852,0.01321327237688791,12.8,7,0.013437519716682906,0.16912988642416527,0,0,1
20260502,202605020302,8,0.00012660483801519418,0.0003128193985677709,129.0,16,0.01633202410396005,0.04035370241524244,0,0,1
20260502,202605020302,9,0.000959934254012605,0.010938661075283608,56.3,13,0.05404429850090966,0.6158466185384671,0,0,1
20260502,202605020302,10,0.0004857040132618395,0.0030041222276338255,7.3,5,0.003545639296811428,0.021930092261726927,0,0,1
20260502,202605020302,11,0.0013635068087538495,0.009671889888313391,67.0,14,0.09135495618650792,0.6480166225169972,0,0,1
20260502,202605020302,12,0.00027430045728835687,0.0023320607880640606,6.9,4,0.0018926731552896625,0.01609121943764202,0,0,1
20260502,202605020302,13,0.0025757789217096673,0.0076316584500827934,3.8,1,0.009787959902496736,0.029000302110314614,0,0,1
20260502,202605020302,14,0.002484216958647414,0.008409539352429142,7.7,6,0.019128470581585087,0.0647534530137044,0,1,1
20260502,202605020303,1,0.005058634557634265,0.04975397861833362,22.8,9,0.11533686791406125,1.1343907124980066,0,0,0
20260502,202605020303,2,0.0003990354344612554,0.0030841032726657324,8.4,4,0.0033518976494745453,0.025906467490392153,0,0,0
20260502,202605020303,3,0.00021210027154020794,0.002176072441211828,13.9,6,0.0029481937744088903,0.030247406932844414,0,1,0
20260502,202605020303,4,0.0010824891435611253,0.0030574913098511862,4.2,3,0.004546454402956726,0.012841463501374982,0,0,0
20260502,202605020303,5,0.0005755859638433709,0.005483737970805709,17.2,7,0.00990007857810598,0.0943202930978582,0,0,0
20260502,202605020303,6,0.0022940404161664986,0.008965775663147523,21.1,8,0.04840425278111313,0.18917786649241275,0,0,0
20260502,202605020303,7,0.00038760465653394656,0.0053522773681602305,70.3,12,0.027248607354336443,0.3762650989816642,0,0,0
20260502,202605020303,8,0.0008404397078042649,0.006525673530708438,2.7,1,0.002269187211071515,0.017619318532912785,0,1,0
20260502,202605020303,9,0.0004492055530564931,0.0037899337156977763,31.0,11,0.013925372144751287,0.11748794518663107,0,1,0
20260502,202605020304,1,0.0008592005369824307,0.003991676312806175,35.4,12,0.030415699009178045,0.14130534147333856,0,0,1
20260502,202605020304,2,0.0011430241862205866,0.0067215000533969865,44.9,15,0.051321785961304336,0.3017953523975247,0,0,1
20260502,202605020304,3,0.003906475114065267,0.02721981780841704,35.8,13,0.13985180908353656,0.97446947754133,0,0,1
20260502,202605020304,4,0.00031893383288229176,0.0030024350537507815,177.8,17,0.05670643548647148,0.533832952556889,0,0,1
20260502,202605020304,5,0.0005188866155937379,0.006402750164960664,102.3,16,0.05308210077523938,0.6550013418754759,0,1,1
20260502,202605020304,6,0.0014062185713706406,0.007567192812162941,42.8,14,0.060186154854663415,0.32387585236057387,1,1,1
20260502,202605020304,7,6.910482865304863e-05,0.0013089337039320149,10.8,6,0.0007463321494529252,0.014136484002465761,0,0,1
20260502,202605020304,8,0.0003024543258890119,0.0017939136224191744,5.4,3,0.0016332533598006644,0.009687133561063542,0,0,1
20260502,202605020304,9,7.94215031542556e-05,0.00046322257613334134,253.5,18,0.020133351049603794,0.11742692304980203,0,0,1
20260502,202605020304,10,0.0004810795976871571,0.0033306203022371492,4.9,2,0.00235729002866707,0.016320039480962032,0,1,1
20260502,202605020305,1,0.00863976986827392,0.03742336299390763,121.8,13,1.0523239699557634,4.558165612657949,0,0,0
20260502,202605020305,2,0.0009042249895654826,0.00857869920693368,52.4,11,0.04738138945323129,0.44952383844332483,0,0,0
20260502,202605020305,3,0.008217099056890062,0.040838043996829436,28.7,8,0.23583074293274478,1.1720518627090049,0,1,0
20260502,202605020305,4,0.0011555056299553646,0.014586675530920398,33.9,9,0.039171640855486856,0.49448830049820147,0,0,0
20260502,202605020305,5,0.0057637761230741056,0.022198052273843354,17.2,7,0.09913694931687461,0.38180649911010567,0,0,0
20260502,202605020305,6,0.009107322579329306,0.053915150610911226,38.0,10,0.34607825801451364,2.0487757232146264,0,0,0
20260502,202605020305,7,0.0030164944449002353,0.02786506747477302,2.2,1,0.006636287778780519,0.061303148444500646,0,0,0
20260502,202605020305,8,0.0021693214720372505,0.012699951115685565,5.9,3,0.012798996685019779,0.07492971158254484,0,1,0
20260502,202605020305,9,0.0009550523145507419,0.007497328285631498,172.6,14,0.16484202949145804,1.2940388620999965,0,1,0
20260502,202605020305,10,0.032461124361479174,0.11116789189569183,15.1,6,0.4901629778583355,1.6786351676249467,0,0,0
20260502,202605020305,11,0.00010574556778005684,0.0026342011626499327,5.0,2,0.0005287278389002842,0.013171005813249663,0,0,0
20260502,202605020305,12,0.009461444598245827,0.09452723925338559,8.3,5,0.07852999016544038,0.7845760858031005,0,0,0
20260502,202605020305,13,0.0019504974913496628,0.006741708180953615,6.8,4,0.013263382941177708,0.04584361563048458,0,0,0
20260502,202605020305,14,0.0009572705327993943,0.007052663542998579,76.5,12,0.07323119575915367,0.5395287610393913,0,0,0
20260502,202605020305,15,0.012611370020564682,0.07197280929921859,192.7,16,2.430211002962814,13.869160351959422,0,0,0
20260502,202605020305,16,0.003722969021453764,0.01973034610191853,182.1,15,0.6779526588067304,3.592896025159364,0,0,0
20260502,202605020305,17,0.0008328440947801756,0.0074280967702441535,69.4,16,0.05779938017774419,0.5155099158549443,0,0,0
20260502,202605020305,18,0.002603843686766369,0.03991462401114458,28.5,12,0.07420954507284151,1.1375667843176205,0,0,0
20260502,202605020306,1,0.0012899170204663964,0.005395640800207616,40.9,9,0.05275760613707561,0.22068170872849147,0,0,1
20260502,202605020306,2,0.0052860018567953216,0.0612981644531279,6.8,4,0.03594481262620819,0.4168275182812697,0,0,1
20260502,202605020306,3,0.00069260598281604,0.004969229016235848,55.4,12,0.03837037144800862,0.27529528749946597,0,1,1
20260502,202605020306,4,0.0026807527488865216,0.013703825129029165,41.9,10,0.11232354017834525,0.574190272906322,0,0,1
20260502,202605020306,5,0.00047029629316539635,0.002455386111016128,8.9,6,0.004185637009172028,0.02185293638804354,0,0,1
20260502,202605020306,6,0.01142955815732768,0.03149579990156989,38.2,8,0.4366091216099174,1.20313955623997,1,1,1
20260502,202605020306,7,0.0014113788338917183,0.011426731222985606,2.5,1,0.0035284470847292957,0.028566828057464015,0,1,1
20260502,202605020307,1,0.01650671411213712,0.06051609282143455,27.4,11,0.4522839666725571,1.6581409433073067,0,0,0
20260502,202605020307,2,0.0075711335701041105,0.05722421344529432,41.0,12,0.3104164763742685,2.346192751257067,0,0,0
20260502,202605020307,3,0.03080760101579911,0.09021795929879449,15.1,7,0.4651947753385665,1.3622911854117967,0,0,0
20260502,202605020307,4,0.001606745989095465,0.010244033107587593,47.1,13,0.0756777360863964,0.48249395936737566,0,0,0
20260502,202605020307,5,0.0001908025185291025,0.004166554782168015,11.1,4,0.0021179079556730377,0.04624875808206496,0,0,0
20260502,202605020307,6,0.0015155979021695724,0.006771887555591021,3.6,2,0.00545615244781046,0.024378795200127677,0,0,0
20260502,202605020307,7,0.0009666336084756726,0.007310241383992594,6.1,3,0.005896465011701602,0.04459247244235482,0,0,0
20260502,202605020307,8,0.004113744659506069,0.02278454220602307,26.2,10,0.107780110079059,0.5969550057978045,0,0,0
20260502,202605020307,9,0.007196303418010076,0.04728561318748258,105.1,14,0.7563314892328589,4.969717946004419,0,1,0
20260502,202605020307,10,0.001865547450793717,0.008581965559295881,14.1,5,0.02630421905619141,0.12100571438607191,0,0,0
20260502,202605020307,11,0.0031212466243885667,0.016793993070505227,2.8,1,0.008739490548287987,0.04702318059741463,0,0,0
20260502,202605020307,12,0.012297992981033748,0.020943118836851154,14.6,6,0.17955069752309272,0.30576953501802684,0,1,0
20260502,202605020307,13,0.014006637053721334,0.09678926242186554,16.4,8,0.22970884768102984,1.5873439037185948,0,1,0
20260502,202605020307,14,0.00045021315741094195,0.0019481122926068586,23.2,9,0.010444945251933853,0.04519620518847912,0,0,0
20260502,202605020307,15,0.015336906128535792,0.043205689379678884,156.4,15,2.398692118502998,6.757369818981778,0,0,0
20260502,202605020307,16,0.0008167917155514143,0.008484441968933885,4.5,1,0.0036755627199813643,0.038179988860202484,0,0,0
20260502,202605020308,1,0.16981969347494258,0.3186749547971382,7.7,3,1.3076116397570579,2.453797151937964,0,0,1
20260502,202605020308,2,0.0022997385252264396,0.012155965456035011,29.0,9,0.06669241723156674,0.3525229982250153,0,0,1
20260502,202605020308,3,0.0018126143193555467,0.01043365750971201,68.5,11,0.12416408087585495,0.7147055394152726,0,1,1
20260502,202605020308,4,0.0010462203900094876,0.007328660367164171,9.2,4,0.009625227588087286,0.06742367537791037,0,0,1
20260502,202605020308,5,0.004562363141933228,0.014928751096142522,10.9,5,0.04972975824707219,0.1627233869479535,1,1,1
20260502,202605020308,6,0.009479819554493207,0.01637308049413882,2.0,1,0.018959639108986414,0.03274616098827764,0,1,1
20260502,202605020308,7,0.0006267235514613175,0.0034058885399062926,14.9,7,0.00933818091677363,0.05074773924460376,0,0,1
20260502,202605020308,8,0.0038845391812274603,0.0086184740345328,11.2,6,0.043506838829747554,0.09652690918676735,0,0,1
20260502,202605020308,9,0.0005496706183345656,0.003461839430943524,39.6,10,0.021766956486048795,0.13708884146536354,0,0,1
20260502,202605020308,10,0.0005468079685521027,0.0032718376548639522,76.9,12,0.042049532781656705,0.25160431565903796,0,0,1
20260502,202605020309,1,0.17835958114715308,0.41889957750997986,3.5,2,0.6242585340150358,1.4661485212849295,0,0,0
20260502,202605020309,2,0.0029522633174637086,0.017044719226960447,24.5,8,0.07233045127786086,0.41759562106053094,0,1,0
20260502,202605020309,3,0.0005160047479271078,0.005403212137288599,19.8,6,0.010216894008956734,0.10698360031831426,0,0,0
20260502,202605020309,4,0.0010749190921775732,0.003926290390688529,30.1,9,0.03235506467454496,0.11818134075972474,0,0,0
20260502,202605020309,5,0.0013905835490034342,0.008227986284154006,59.3,10,0.08246160445590364,0.4879195866503325,0,0,0
20260502,202605020309,6,0.0007714817266886655,0.005186905403730757,5.9,3,0.004551742187463127,0.030602741882011467,0,0,0
20260502,202605020309,7,0.0010186312665695328,0.002298867072202162,21.9,7,0.022308024737872766,0.05034518888122734,0,0,0
20260502,202605020309,8,0.0027768163866619465,0.01391317190649992,11.7,5,0.03248875172394477,0.16278411130604906,0,0,0
20260502,202605020309,9,0.001432814742339889,0.007982099826412953,2.0,1,0.002865629484679778,0.015964199652825906,0,0,0
20260502,202605020309,10,0.0017504287139425757,0.009877010378135412,8.5,4,0.014878644068511894,0.083954588214151,0,0,0
20260502,202605020309,11,0.0007041908241060894,0.005978966452600472,12.7,6,0.008943223466147334,0.07593287394802599,0,0,0
20260502,202605020309,12,0.0022801896634429414,0.011508708120867479,25.4,11,0.057916817451450706,0.29232118627003395,0,1,0
20260502,202605020309,13,0.001700458541266429,0.0068862915769257365,31.4,13,0.053394398195765864,0.2162295555154681,0,0,0
20260502,202605020309,14,0.016827492592229095,0.02871007376138291,4.3,1,0.07235821814658511,0.12345331717394652,0,1,0
20260502,202605020309,15,0.000480512843470502,0.003557404134627811,2.7,1,0.0012973846773703555,0.009604991163495091,0,0,0
20260502,202605020309,16,0.0004834383784818002,0.004204312797524408,21.7,8,0.010490612813055064,0.09123358770627964,0,0,0
20260502,202605020310,1,0.010915860989407904,0.21585108418585455,23.6,10,0.25761431935002654,5.094085586786168,0,0,1
20260502,202605020310,2,0.004651906643925346,0.02890986704161145,9.4,5,0.043727922452898256,0.27175275019114764,0,1,1
20260502,202605020310,3,0.0017373289309433918,0.012131090057349405,3.9,2,0.006775582830679228,0.04731125122366268,0,0,1
20260502,202605020310,4,0.007463140164427683,0.044416009192465064,5.8,3,0.04328621295368056,0.25761285331629735,0,0,1
20260502,202605020310,5,0.0004230526995972324,0.005463533334643201,3.1,1,0.0013114633687514206,0.016936953337393923,0,0,1
20260502,202605020310,6,0.0013143423478113618,0.020694760686106605,13.6,7,0.01787505593023452,0.2814487453310498,0,1,1
20260502,202605020310,7,0.0006546391644983959,0.008460540982909373,11.6,6,0.007593814308181392,0.09814227540174872,0,0,1
20260502,202605020310,8,0.0007966488319712731,0.008123517998411125,5.8,4,0.004620563225433384,0.04711640439078452,0,0,1
20260502,202605020310,9,0.005561346506425902,0.03290737662330068,16.4,9,0.09120608270538479,0.5396809766221311,0,0,1
20260502,202605020310,10,0.00030262592006097613,0.006601890879192736,15.1,8,0.0045696513929207394,0.0996885522758103,0,0,1
20260502,202605020310,11,0.01481818463893199,0.049129647270958886,11.3,7,0.1674454864199315,0.5551650141618354,1,1,1
20260502,202605020311,1,0.14576581221111296,0.22416081148991493,3.7,1,0.539333505181118,0.8293950025126853,0,0,0
20260502,202605020311,2,0.010336001505054142,0.04007434077164298,53.0,16,0.5478080797678695,2.1239400608970778,0,0,0
20260502,202605020311,3,0.005919515639784832,0.022376596977866297,4.3,3,0.02545391725107478,0.09621936700482507,0,0,0
20260502,202605020311,4,0.012409195828958443,0.02868742627138895,22.2,9,0.2754841474028774,0.6368608632248347,0,0,0
20260502,202605020311,5,0.011835886020966805,0.02427845950625098,33.9,13,0.4012365361107747,0.8230397772619082,0,0,0
20260502,202605020311,6,0.0022542761788930843,0.010774842946859417,192.8,18,0.4346244472905867,2.0773897201544957,0,1,0
20260502,202605020311,7,0.0009678407710125834,0.008645567651243136,13.7,6,0.013259418562872391,0.11844427682203096,0,0,0
20260502,202605020311,8,0.0007505326852814677,0.0052373430620983675,50.0,15,0.037526634264073384,0.26186715310491837,0,0,0
20260502,202605020311,9,0.0030337076295265915,0.013571186850454952,28.3,10,0.08585392591560254,0.3840645878678752,0,0,0
20260502,202605020311,10,0.008091600241526099,0.02149496476872323,21.6,8,0.17477856521696375,0.46429123900442176,0,0,0
20260502,202605020311,11,0.017463352322920518,0.027085061052189094,39.3,14,0.6863097462907763,1.0644428993510313,0,0,0
20260502,202605020311,12,0.0047897029853192505,0.014616584678191075,12.1,4,0.057955406122362926,0.176860674606112,0,0,0
20260502,202605020311,13,0.007453311810183039,0.024510367655652576,19.7,7,0.14683024266060588,0.4828542428163557,0,0,0
20260502,202605020311,14,0.022792388573447404,0.04057989894104973,28.8,11,0.6564207909152853,1.1687010895022323,0,1,0
20260502,202605020311,15,0.002584693863526223,0.018203087423796817,4.2,2,0.010855714226810137,0.07645296717994664,0,0,0
20260502,202605020311,16,0.013497620031632464,0.02828182652383144,63.0,17,0.8503500619928452,1.7817550710013808,0,1,0
20260502,202605020311,17,0.014321666173581006,0.03438755874107547,13.1,5,0.18761382687391118,0.45047701950808866,0,0,0
20260502,202605020311,18,0.006805095287367215,0.011447529024732355,31.7,12,0.2157215206095407,0.36288667008401565,0,0,0
20260502,202605020312,1,0.005308199573516805,0.019016671147650144,7.9,3,0.04193477663078276,0.15023170206643616,0,0,1
20260502,202605020312,2,0.04345016811505032,0.15292979243505303,13.5,6,0.5865772695531793,2.064552197873216,0,1,1
20260502,202605020312,3,0.005096197263751033,0.04732965937171262,12.0,4,0.0611543671650124,0.5679559124605514,0,0,1
20260502,202605020312,4,0.002224733894326204,0.01589634986180205,59.4,16,0.1321491933229765,0.9442431817910417,0,0,1
20260502,202605020312,5,0.01376371840704281,0.11324291877366369,27.8,11,0.38263137171579015,3.1481531419078506,1,1,1
20260502,202605020312,6,0.0009540490775842413,0.006821740368171141,15.6,7,0.014883165610314164,0.10641914974346979,0,0,1
20260502,202605020312,7,0.0083115702008453,0.024805110133154926,41.8,14,0.34742363439533347,1.0368536035658757,0,1,1
20260502,202605020312,8,0.026653181744333312,0.08712727313623425,3.9,2,0.10394740880289992,0.33979636523131357,0,0,1
20260502,202605020312,9,0.008240336066357176,0.05060926190538601,38.1,13,0.3139568041282084,1.928212878595207,0,0,1
20260502,202605020312,10,0.003463547497964626,0.00897883618445216,25.5,9,0.08832046119809797,0.2289603227035301,0,0,1
20260502,202605020312,11,0.0012647041708836774,0.0043783292500587925,25.5,10,0.03224995635753378,0.1116473958764992,0,0,1
20260502,202605020312,12,0.002617290997338485,0.008820854242080397,2.7,1,0.007066685692813911,0.023816306453617073,0,0,1
20260502,202605020312,13,0.0013556353782425699,0.009629587655119324,13.3,5,0.01802995053062618,0.128073515813087,0,0,1
20260502,202605020312,14,0.01738717181811499,0.049726688102408476,20.7,8,0.35991445663498023,1.0293424437198555,0,0,1
20260502,202608030301,1,0.0009626110799486534,0.0043240135187073815,29.1,8,0.028011982426505815,0.1258287933943848,0,0,1
20260502,202608030301,2,0.000645737692815151,0.0032104222538283755,11.9,6,0.007684278544500297,0.03820402482055767,0,0,1
20260502,202608030301,3,0.0011441407864653471,0.011701881101516251,3.9,2,0.004462149067214854,0.04563733629591338,0,1,1
20260502,202608030301,4,0.00020543614278663883,0.0014154396062939312,3.7,1,0.0007601137283105636,0.005237126543287546,0,0,1
20260502,202608030301,5,0.002229386282248416,0.0069009949213241365,68.1,15,0.1518212058211171,0.46995775414217367,1,1,1
20260502,202608030301,6,0.00016819581180605594,0.0005683847536271964,68.1,16,0.011454134783992409,0.038707001722012066,0,0,1
20260502,202608030301,7,0.000811488621869924,0.0042299418385409035,48.5,12,0.03935719816069132,0.2051521791692338,0,0,1
20260502,202608030301,8,0.00023461257336927828,0.0016076072477944874,29.1,9,0.006827225885045998,0.04678137091081959,0,0,1
20260502,202608030301,9,0.0004362694014994044,0.0029292118541388865,4.1,3,0.0017887045461475579,0.012009768601969433,0,0,1
20260502,202608030301,10,0.000856021264550592,0.003124429041858015,8.0,4,0.006848170116404736,0.02499543233486412,0,0,1
20260502,202608030301,11,0.002968277636555337,0.013514951908803322,52.4,13,0.15553774815549967,0.708183480021294,0,1,1
20260502,202608030301,12,6.638102720906093e-05,0.0005713612834419341,61.3,14,0.004069156967915435,0.035024446674990564,0,0,1
20260502,202608030301,13,0.00013150589615698794,0.0006900051494614022,45.8,11,0.006022970043990048,0.03160223584533222,0,0,1
20260502,202608030301,14,0.0006682824225854695,0.002032853338332702,9.3,5,0.006215026530044867,0.01890553604649413,0,0,1
20260502,202608030301,15,0.0002179367547570541,0.002498916776526381,18.1,7,0.0039446552611026794,0.045230393655127495,0,0,1
20260502,202608030301,16,0.00019013752120755623,0.0012968366276463782,31.6,10,0.0060083456701587774,0.040980037433625556,0,0,1
20260502,202608030302,1,0.0003112982630189409,0.0021350250126226087,4.1,2,0.0012763228783776576,0.008753602551752695,0,0,0
20260502,202608030302,2,0.0001455599615668751,0.0013694578385256887,29.2,9,0.004250350877752753,0.03998816888495011,0,0,0
20260502,202608030302,3,0.00014212092502460097,0.00046810424406542656,46.5,13,0.0066086230136439454,0.021766847349042336,0,0,0
20260502,202608030302,4,0.0004503750508992113,0.0033232707782587592,38.5,11,0.017339439459619636,0.12794592496296223,0,1,0
20260502,202608030302,5,0.00030301954583679234,0.0015449829456491426,7.8,4,0.0023635524575269804,0.012050866976063312,0,0,0
20260502,202608030302,6,0.0002250090356033836,0.0013597542646110446,4.9,3,0.0011025442744565796,0.006662795896594119,0,0,0
20260502,202608030302,7,0.0002592726118067237,0.0032340113363386164,84.5,16,0.021908535697668156,0.2732739579206131,0,0,0
20260502,202608030302,8,0.00016811013235228559,0.0015423122516561355,37.0,10,0.006220074897034566,0.057065553311277016,0,1,0
20260502,202608030302,9,0.0001479488575565303,0.0027669852690123255,23.6,7,0.0034915930383341153,0.06530085234869089,0,0,0
20260502,202608030302,10,0.0011013528894243067,0.012280844378231053,44.7,12,0.04923047415726651,0.5489537437069281,0,1,0
20260502,202608030302,11,0.0002992323221106903,0.003845798398707508,84.0,15,0.025135515057297986,0.3230470654914307,0,0,0
20260502,202608030302,12,0.0035694129589085456,0.013017980893655579,2.8,1,0.009994356284943927,0.036450346502235616,0,0,0
20260502,202608030302,13,0.00011283092018699715,0.0007261000901638742,28.0,8,0.0031592657652359203,0.02033080252458848,0,0,0
20260502,202608030302,14,0.00010469696838028055,0.000613131609097044,13.3,6,0.0013924696794577313,0.008154650400990686,0,0,0
20260502,202608030302,15,0.0006552104818372788,0.0018115582242780668,11.3,5,0.00740387844476125,0.020470607934342158,0,0,0
20260502,202608030303,1,0.0008968912338684153,0.0038178768530453826,11.5,5,0.010314249189486776,0.0439055838100219,0,1,0
20260502,202608030303,2,0.00175428917889565,0.006395370047780636,91.7,18,0.16086831770473112,0.5864554333814843,0,0,0
20260502,202608030303,3,0.0032387095274063766,0.026184842584470215,46.7,13,0.1512477349298778,1.222832148694759,0,0,0
20260502,202608030303,4,0.0028867676468359673,0.016884613898879217,39.6,10,0.1143159988147043,0.6686307103956171,0,0,0
20260502,202608030303,5,0.0008755431663418206,0.0029287790073423145,90.3,17,0.0790615479206664,0.264468744363011,0,0,0
20260502,202608030303,6,0.0022483664436108945,0.014466781829683714,47.4,14,0.1065725694271564,0.685725458727008,0,1,0
20260502,202608030303,7,0.0006817897247068901,0.004220568949797092,9.4,4,0.006408823412244767,0.039673348128092666,0,0,0
20260502,202608030303,8,0.0004689926194089637,0.002356654183057795,25.0,7,0.011724815485224091,0.05891635457644488,0,0,0
20260502,202608030303,9,0.00107325389716269,0.008512143628614367,57.2,15,0.06139012291770587,0.4868946155567418,0,0,0
20260502,202608030303,10,0.00032032306648546364,0.0032292477278117707,45.2,12,0.014478602605142957,0.14596199729709206,0,0,0
20260502,202608030303,11,0.00616545108417845,0.014169373069837628,3.3,2,0.020345988577788885,0.04675893113046417,0,0,0
20260502,202608030303,12,0.0003499722928810495,0.0014065179057908442,25.9,8,0.00906428238561918,0.03642881375998286,0,0,0
20260502,202608030303,13,0.0005302110435855372,0.0073632703430111645,64.9,16,0.03441069672870137,0.47787624526142464,0,0,0
20260502,202608030303,14,0.0005825643106620148,0.0022583711502345187,5.2,3,0.003029334415442477,0.011743529981219497,0,0,0
20260502,202608030303,15,0.00012885195094109676,0.0004214899852232821,14.6,6,0.0018812384837400126,0.006153753784259919,0,0,0
20260502,202608030303,16,8.703606590455538e-05,0.0003076566745361451,3.2,1,0.0002785154108945772,0.0009845013585156645,0,1,0
20260502,202608030303,17,0.0006642741986603365,0.0025070409472441935,39.3,9,0.026105976007351223,0.0985267092266968,0,0,0
20260502,202608030303,18,0.000411551930013549,0.0035234778892213954,41.5,11,0.017079405095562283,0.14622433240268792,0,0,0
20260502,202608030304,1,0.0005338282267137907,0.004818530512605669,18.0,5,0.009608908080848234,0.08673354922690205,0,0,0
20260502,202608030304,2,0.009944620034194168,0.07711047635941115,3.9,3,0.03878401813335725,0.3007308578017035,0,0,0
20260502,202608030304,3,0.0045852446342202246,0.013106331576307488,48.5,12,0.2223843647596809,0.6356570814509132,0,0,0
20260502,202608030304,4,0.0001987855942446248,0.0023291138027661546,25.5,8,0.005069032653237932,0.05939240197053694,0,0,0
20260502,202608030304,5,0.0039028298701821737,0.019871484511221525,3.2,2,0.012489055584582957,0.06358875043590888,0,1,0
20260502,202608030304,6,0.001264800671367294,0.01300875653342472,19.2,6,0.024284172890252042,0.24976812544175464,0,1,0
20260502,202608030304,7,0.001035113560555218,0.005473254914765498,39.6,10,0.04099049699798663,0.21674089462471374,0,0,0
20260502,202608030304,8,0.001001086612001778,0.009406109271650144,2.7,1,0.0027029338524048006,0.025396495033455393,0,0,0
20260502,202608030304,9,4.712049929745925e-05,0.00032855921871514704,8.4,4,0.0003958121940986577,0.002759897437207235,0,0,0
20260502,202608030304,10,0.00010794086663535346,0.0006200422424638675,35.5,9,0.003831900765555048,0.022011499607467296,0,0,0
20260502,202608030304,11,0.0006536869076384126,0.004776047996606027,23.9,7,0.015623117092558059,0.11414754711888404,0,1,0
20260502,202608030304,12,0.001233399329706861,0.005253856628382131,43.1,11,0.05315951111036571,0.22644122068326986,0,0,0
20260502,202608030304,13,0.004607280525806521,0.033052971946558596,49.5,13,0.2280603860274228,1.6361221113546505,0,0,0
20260502,202608030304,14,0.0009377430824899454,0.003819755789022814,15.1,5,0.014159920545598175,0.05767831241424449,0,0,0
20260502,202608030304,15,0.0013705641366328067,0.01311276454087151,24.7,8,0.033852934174830325,0.3238852841595263,0,0,0
20260502,202608030304,16,0.000436182538643508,0.002569181090078698,4.2,2,0.0018319666623027337,0.010790560578330532,0,0,0
20260502,202608030304,17,0.010930933674239467,0.03391055105217376,46.4,12,0.5071953224847112,1.5734495688208625,0,0,0
20260502,202608030304,18,0.0024600160134162024,0.0050567212166022675,14.8,7,0.036408236998559794,0.07483947400571356,0,0,0
20260502,202608030305,1,0.001973260822061124,0.006182885036004233,5.1,3,0.010063630192511733,0.03153271368362159,0,1,1
20260502,202608030305,2,0.0016956389960522116,0.0061129356710943605,14.5,5,0.024586765442757067,0.08863756723086823,0,0,1
20260502,202608030305,3,0.006667847794677004,0.06984237174940772,9.2,4,0.06134419971102843,0.642549820094551,0,0,1
20260502,202608030305,4,0.0002835539001634778,0.0016198270399581998,31.3,12,0.008875237075116855,0.050700586350691655,0,0,1
20260502,202608030305,5,0.0012238285345147815,0.004089388875110674,2.3,1,0.0028148056293839973,0.00940559441275455,0,0,1
20260502,202608030305,6,0.007762378151651926,0.023917164186921372,18.7,7,0.145156471435891,0.44725097029542965,1,1,1
20260502,202608030305,7,0.003378966821485657,0.010528495619807423,23.0,8,0.07771623689417011,0.24215539925557072,0,0,1
20260502,202608030305,8,0.00012887034483502388,0.0006749731152054173,27.8,11,0.0035825955864136638,0.018764252602710602,0,0,1
20260502,202608030305,9,0.00030894329810472157,0.0034865356532993406,17.6,6,0.0054374020466431,0.0613630274980684,0,0,1
20260502,202608030305,10,0.00024866797907814196,0.0022950860440719483,27.0,9,0.006714035435109833,0.06196732318994261,0,1,1
20260502,202608030305,11,0.002039480643218233,0.005479716716549978,27.5,10,0.056085717688501416,0.1506922097051244,0,0,1
20260502,202608030305,12,0.00017532342136369428,0.00048083388707613077,4.0,2,0.0007012936854547771,0.001923335548304523,0,0,1
20260502,202608030305,13,0.0006293302515372915,0.006422040496226409,41.0,11,0.025802540313028952,0.2633036603452828,0,0,1
20260502,202608030306,1,0.013872775111045088,0.09573920468545827,11.1,6,0.1539878037326005,1.0627051720085867,0,1,0
20260502,202608030306,2,0.0005600444695108089,0.012467304045885938,52.1,16,0.029178316861513145,0.6495465407906573,0,0,0
20260502,202608030306,3,0.001621799637237214,0.01332704488625283,45.7,15,0.0741162434217407,0.6090459513017543,0,0,0
20260502,202608030306,4,0.00891962391324736,0.044461622283192545,22.5,11,0.20069153804806558,1.0003865013718323,0,0,0
20260502,202608030306,5,0.001409025805879825,0.015424834710681528,8.1,5,0.011413109027626583,0.12494116115652038,0,0,0
20260502,202608030306,6,0.0030306910970486897,0.02847852939459441,5.0,2,0.01515345548524345,0.14239264697297205,0,0,0
20260502,202608030306,7,0.002686521349082513,0.035962431666179816,15.3,9,0.04110377664096245,0.5502252044925512,0,1,0
20260502,202608030306,8,0.0005261874348586348,0.004334126910301431,42.7,13,0.022468203468463708,0.18506721906987111,0,0,0
20260502,202608030306,9,0.0009245392771046282,0.005183557716458929,42.5,12,0.0392929192769467,0.22030120294950448,0,0,0
20260502,202608030306,10,0.0011208147303435013,0.011591875218434576,7.9,4,0.008854436369713661,0.09157581422563316,0,0,0
20260502,202608030306,11,0.009093725632785146,0.049506487335438366,44.8,14,0.4073989083487745,2.217890632627639,0,1,0
20260502,202608030307,1,0.030097132304278195,0.12331534556261183,21.9,10,0.6591271974636924,2.700606067821199,0,0,1
20260502,202608030307,2,0.00231642393926435,0.025296751299325074,22.1,11,0.05119296905774214,0.5590582037150842,0,0,1
20260502,202608030307,3,0.005147410634756095,0.03653090733815341,11.5,6,0.05919522229969509,0.4201054343887642,0,0,1
20260502,202608030307,4,0.001379623353098359,0.01511038074919293,14.1,7,0.019452689278686864,0.2130563685636203,0,1,1
20260502,202608030307,5,0.003725584962755414,0.025522743665383357,27.6,12,0.10282614497204944,0.7044277251645806,1,1,1
20260502,202608030307,6,0.0022121071258110717,0.011832560149095811,6.4,3,0.01415748560519086,0.07572838495421319,0,0,1
20260502,202608030307,7,0.02740526505385919,0.04263424701148012,48.8,13,1.3373769346283284,2.08055125416023,0,0,1
20260502,202608030307,8,0.004758758210489428,0.02196128200525626,18.8,8,0.08946465435720125,0.4128721016988177,0,0,1
20260502,202608030307,9,0.0006395909308117723,0.004511082143343112,20.4,9,0.013047654988560153,0.09202607572419948,0,0,1
20260502,202608030307,10,0.0032133542044854055,0.016069206960982255,4.2,2,0.013496087658838703,0.06749066923612547,0,0,1
20260502,202608030307,11,0.0002728627890049622,0.005683725429828096,3.4,1,0.0009277334826168714,0.019324666461415525,0,0,1
20260502,202608030307,12,0.00247715490243278,0.016335542919499905,7.1,4,0.017587799807272736,0.11598235472844932,0,1,1
20260502,202608030308,1,0.00837117173556715,0.04303137983805944,49.5,14,0.41437300091057394,2.1300533019839425,0,0,0
20260502,202608030308,2,0.0016803224138050555,0.013398233035523994,6.5,3,0.01092209568973286,0.08708851473090597,0,0,0
20260502,202608030308,3,0.000942171084111298,0.00943975944014006,5.0,2,0.00471085542055649,0.047198797200700304,0,0,0
20260502,202608030308,4,0.027150583986961793,0.029421286372970114,14.4,7,0.3909684094122498,0.42366652377076963,0,1,0
20260502,202608030308,5,0.004360076001340196,0.011989560136871103,10.6,6,0.04621680561420608,0.12708933745083367,0,0,0
20260502,202608030308,6,0.0014255236813602097,0.008653175353626686,19.5,8,0.027797711786524088,0.16873691939572039,0,0,0
20260502,202608030308,7,0.025648691094247656,0.03682539379122303,43.9,12,1.125977539037472,1.616634787434691,0,0,0
20260502,202608030308,8,0.018547282455383587,0.0672077968772557,3.0,1,0.05564184736615076,0.2016233906317671,0,0,0
20260502,202608030308,9,0.009427359665341025,0.03157795917487922,28.1,9,0.2649088065960828,0.8873406528141061,0,0,0
20260502,202608030308,10,0.001483309751462643,0.004628654997115931,31.7,10,0.04702091912136578,0.146728363408575,0,0,0
20260502,202608030308,11,0.003137659888412626,0.012244123131738087,37.1,11,0.11640718186010843,0.454256968187483,0,1,0
20260502,202608030308,12,0.0008365214121252344,0.006371667763738593,91.0,16,0.07612344850339633,0.579821766500212,0,1,0
20260502,202608030308,13,0.00023892203273699213,0.0015192400524152373,7.2,4,0.0017202386357063433,0.01093852837738971,0,0,0
20260502,202608030309,1,0.011137754024874724,0.13811501246624674,5.4,3,0.06014387173432351,0.7458210673177325,0,0,0
20260502,202608030309,2,0.0005686271222592236,0.0059223815076461335,30.3,10,0.017229401804454477,0.17944815968167785,0,0,0
20260502,202608030309,3,0.0018080646394308991,0.004673019419371655,5.4,4,0.009763549052926855,0.02523430486460694,0,0,0
20260502,202608030309,4,0.0005533471291220787,0.00415668840807602,5.5,5,0.003043409210171433,0.022861786244418113,0,0,0
20260502,202608030309,5,0.0019878132184853515,0.007585537639426492,8.6,6,0.01709519367897402,0.06523562369906782,0,1,0
20260502,202608030309,6,0.0006787752465074609,0.006136015749452927,3.2,1,0.002172080788823875,0.019635250398249367,0,0,0
20260502,202608030309,7,0.0023104945772723434,0.009521884928960942,26.4,9,0.06099705683998986,0.25137776212456886,0,1,0
20260502,202608030309,8,0.00026235254147764835,0.0014579001940038308,20.4,7,0.005351991846144026,0.029741163957678146,0,0,0
20260502,202608030309,9,0.0013285535579791086,0.005922790387047681,21.9,8,0.029095322919742476,0.1297091094763442,0,1,0
20260502,202608030310,1,0.08528313255767836,0.2541407261238147,66.3,13,5.654271688574075,16.849530142008916,0,0,0
20260502,202608030310,2,0.013309001873519266,0.04562937027409601,29.9,10,0.39793915601822605,1.3643181711954706,0,0,0
20260502,202608030310,3,0.007841984681173165,0.023517200255420277,26.1,9,0.2046758001786196,0.6137989266664693,0,0,0
20260502,202608030310,4,0.0028897684827633016,0.01558905705967855,3.7,2,0.010692143386224217,0.057679511120810635,0,0,0
20260502,202608030310,5,0.0042679084071630975,0.009423115874596367,36.6,11,0.15620544770216938,0.344886041010227,0,1,0
20260502,202608030310,6,0.0020089888017508577,0.007647142455338019,6.2,3,0.012455730570855318,0.04741228322309572,0,0,0
20260502,202608030310,7,0.028512878874293143,0.06871969689744899,17.0,7,0.48471894086298345,1.1682348472566328,0,0,0
20260502,202608030310,8,0.011378582358197352,0.02344862811125759,9.3,5,0.10582081593123538,0.21807224143469559,0,1,0
20260502,202608030310,9,0.0009725729293307116,0.007154217542760388,38.7,12,0.03763857236509854,0.27686821890482705,0,0,0
20260502,202608030310,10,0.0037882380335586665,0.011730651425927127,24.9,8,0.09432712703561079,0.29209322050558545,0,1,0
20260502,202608030310,11,0.004695105162084271,0.008689614307324305,13.9,6,0.06526196175297137,0.12078563887180783,0,0,0
20260502,202608030310,12,0.00179134056396524,0.008226254813950697,2.6,1,0.004657485466309624,0.021388262516271815,0,0,0
20260502,202608030311,1,0.0006584369119898104,0.005356471186893894,42.9,12,0.028246943524362862,0.22979261391774805,0,0,1
20260502,202608030311,2,0.049721901689554836,0.2693678943086978,13.7,6,0.6811900531469012,3.6903401520291594,0,1,1
20260502,202608030311,3,0.0009321654404056556,0.010077129954207275,18.4,9,0.017151844103464063,0.18541919115741384,0,0,1
20260502,202608030311,4,0.005732550703548972,0.054413540002372016,49.8,14,0.2854810250367388,2.709794292118126,1,1,1
20260502,202608030311,5,0.001299350816251995,0.011022422890846989,56.9,15,0.0739330614447385,0.6271758624891937,0,0,1
20260502,202608030311,6,0.0033396667527946914,0.016053580436811866,3.0,1,0.010019000258384075,0.0481607413104356,0,0,1
20260502,202608030311,7,0.0008201811377907177,0.008954775556353928,16.2,7,0.013286934432209626,0.14506736401293363,0,0,1
20260502,202608030311,8,0.0008221534422417067,0.013421185098014378,17.1,8,0.014058823862333187,0.22950226517604588,0,0,1
20260502,202608030311,9,0.0012020257382740175,0.01364260174714995,7.3,4,0.008774787889400327,0.09959099275419464,0,0,1
20260502,202608030311,10,0.0005260660896972757,0.0034762810116921103,7.8,5,0.00410331549963875,0.02711499189119846,0,0,1
20260502,202608030311,11,0.01659274084822828,0.06997277219205461,26.7,11,0.4430261806476951,1.8682730175278581,0,1,1
20260502,202608030311,12,0.0006747054870416704,0.003943260865278457,22.7,10,0.015315814555845917,0.08951202164182097,0,0,1
20260502,202608030312,1,0.17494735158116223,0.44030047238573033,13.7,6,2.3967787166619225,6.032116471684505,0,1,0
20260502,202608030312,2,0.001559708360742678,0.011149574516680938,23.1,10,0.03602926313315587,0.2575551713353297,0,0,0
20260502,202608030312,3,0.0006312044074895275,0.0035574098720160927,76.1,14,0.04803465540995304,0.27071889126042464,0,0,0
20260502,202608030312,4,0.006118430940779779,0.021632175736815334,4.1,2,0.02508556685719709,0.08869192052094287,0,1,0
20260502,202608030312,5,0.008760747589469845,0.022465334474515194,14.2,7,0.1244026157704718,0.3190077495381157,0,1,0
20260502,202608030312,6,0.0020492571565630625,0.012398716437855586,11.8,4,0.02418123444744414,0.14630485396669593,0,0,0
20260502,202608030312,7,0.0041774175758217584,0.01810974770036746,30.6,12,0.12782897782014582,0.5541582796312443,0,0,0
20260502,202608030312,8,0.0010512993870855504,0.0031776705688161813,13.0,5,0.013666892032112155,0.041309717394610354,0,0,0
20260502,202608030312,9,0.0056874326731522346,0.015634696379470816,64.3,13,0.3657019208836887,1.0053109771999733,0,0,0
20260502,202608030312,10,0.0003531644151770374,0.0018594652545747229,28.3,11,0.009994552949510158,0.05262286670446466,0,0,0
20260503,202604010201,1,0.09184341892477907,0.31148054507396894,29.1,10,2.672643490711071,9.064083861652497,0,1,0
20260503,202604010201,2,6.098503050048862e-05,0.0007373805591473717,33.9,11,0.002067392533966564,0.0249972009550959,0,0,0
20260503,202604010201,3,7.678517732789039e-05,0.0014491102917735226,3.6,2,0.0002764266383804054,0.005216797050384681,0,0,0
20260503,202604010201,4,0.00075578295931585,0.0042205854988672615,36.5,13,0.027586078015028527,0.15405137070865504,0,0,0
20260503,202604010201,5,9.623856883855994e-05,0.0013141193444985266,5.0,3,0.0004811928441927997,0.006570596722492633,0,0,0
20260503,202604010201,6,0.0006432974363663548,0.004527000541296718,6.5,4,0.004181433336381306,0.029425503518428667,0,0,0
20260503,202604010201,7,0.00033722964702609794,0.0026552044278369824,23.1,6,0.0077900048463028625,0.0613352222830343,0,0,0
20260503,202604010201,8,7.74594646404632e-05,0.001532098159550074,59.3,14,0.004593346253179467,0.0908534208613194,0,0,0
20260503,202604010201,9,0.00016112766009880082,0.002222094992954251,23.4,7,0.0037703872463119388,0.05199702283512947,0,0,0
20260503,202604010201,10,0.00036433663870136127,0.0035245016122643752,25.1,8,0.009144849631404169,0.08846499046783582,0,1,0
20260503,202604010201,11,0.00014934615443296388,0.0012695562806065148,26.6,9,0.003972607707916839,0.0337701970641333,0,0,0
20260503,202604010201,12,0.0002403148891600605,0.00259006128887421,3.1,1,0.0007449761563961876,0.008029189995510052,0,0,0
20260503,202604010201,13,0.0011610861658383916,0.004402862867825246,36.3,12,0.042147427819933615,0.15982392210205643,0,0,0
20260503,202604010201,14,0.0002882276476816749,0.0025756249384965182,9.1,5,0.0026228715939032414,0.023438186940318316,0,0,0
20260503,202604010201,15,0.0016730809584452357,0.002667234559600128,45.7,15,0.07645979980094728,0.12189261937372586,0,0,0
20260503,202604010201,16,0.00015054691330273896,0.0012991033365713123,44.3,12,0.0066692282593113356,0.05755027781010913,0,1,0
20260503,202604010202,1,0.0008277839707271021,0.02110848515505776,55.5,11,0.04594201037535417,1.1715209261057058,0,0,1
20260503,202604010202,2,0.00021970628060749003,0.002076428764873679,72.9,12,0.016016587856286024,0.15137165695929122,0,0,1
20260503,202604010202,3,0.0009218399324720477,0.013573591193756947,20.9,7,0.019266454588665795,0.2836880559495202,0,0,1
20260503,202604010202,4,0.00015055128717647551,0.001413989799460714,79.0,13,0.011893551686941565,0.11170519415739641,0,0,1
20260503,202604010202,5,0.006553858289258555,0.02568388393842348,28.5,9,0.1867849612438688,0.7319906922450692,0,0,1
20260503,202604010202,6,0.0031555880530453415,0.054665305386701016,2.5,1,0.007888970132613353,0.13666326346675253,0,0,1
20260503,202604010202,7,0.02534721621782793,0.1776874253688496,6.6,3,0.16729162703766434,1.1727370074344072,0,0,1
20260503,202604010202,8,0.0005144558518774117,0.008248363873939518,97.6,14,0.05021089114323538,0.8050403140964969,0,0,1
20260503,202604010202,9,0.0003310350985368063,0.00527309431336694,7.4,4,0.002449659729172367,0.03902089791891536,0,0,1
20260503,202604010202,10,0.05039461434570644,0.1861122191846674,145.3,15,7.322337464431146,27.042105447532172,0,1,1
20260503,202604010202,11,0.00035132920945205194,0.0038523042216902764,4.1,2,0.0014404497587534129,0.01579444730893013,0,0,1
20260503,202604010202,12,0.0014066401435057169,0.01003003471507388,21.8,8,0.03066475512842463,0.2186547567886106,0,1,1
20260503,202604010202,13,0.0012728134007475775,0.012344388172628925,30.5,10,0.038820808722801116,0.3765038392651822,1,1,1
20260503,202604010202,14,9.469835854910415e-05,0.0008047993461459609,7.9,5,0.0007481170325379228,0.006357914834553092,0,0,1
20260503,202604010202,15,0.00010944707274154023,0.001639124537236279,11.7,6,0.0012805307510760206,0.019177757085664462,0,0,1
20260503,202604010203,1,0.0015323542744321637,0.013850007599425755,84.8,14,0.12994364247184748,1.174480644431304,0,0,0
20260503,202604010203,2,0.007531030961241845,0.19624824644373565,7.8,4,0.05874204149768639,1.530736322261138,0,0,0
20260503,202604010203,3,0.0018667470831778509,0.024736813704433522,3.6,2,0.006720289499440263,0.08905252933596068,0,1,0
20260503,202604010203,4,0.0026506695148182766,0.01082909755281716,13.2,5,0.03498883759560125,0.1429440876971865,0,0,0
20260503,202604010203,5,0.0008256313049351312,0.013741270271655268,17.0,7,0.014035732183897231,0.23360159461813956,0,0,0
20260503,202604010203,6,0.004594785645590193,0.02028178938138861,17.5,8,0.08040874879782837,0.3549313141743007,0,1,0
20260503,202604010203,7,0.0002843452725891207,0.004066275454655894,2.8,1,0.0007961667632495379,0.011385571273036502,0,0,0
20260503,202604010203,8,0.00014040054666059572,0.0012075615302645241,6.5,3,0.0009126035532938722,0.007849149946719407,0,0,0
20260503,202604010203,9,0.0001220243856430447,0.0017370052854661995,43.5,12,0.005308060775472445,0.07555972991777968,0,0,0
20260503,202604010203,10,0.00015979831704057926,0.001758161667079125,91.3,15,0.014589586345804886,0.1605201602043241,0,0,0
20260503,202604010203,11,0.0016095543538378755,0.0395648738364561,18.8,9,0.03025962185215206,0.7438196281253747,0,0,0
20260503,202604010203,12,0.0016159596814220502,0.01767449596599229,32.9,11,0.05316507351878545,0.5814909172811463,0,0,0
20260503,202604010203,13,0.0028467397804320498,0.014912970713789879,80.8,13,0.23001657425890962,1.2049680336742221,0,0,0
20260503,202604010203,14,0.00013005545733350222,0.003297273231418479,15.9,6,0.0020678817716026855,0.05242664437955381,0,1,0
20260503,202604010205,1,0.05358669746914426,0.4015512528598722,48.9,12,2.620389506241154,19.63585626484775,0,0,0
20260503,202604010205,2,0.0006360973134032958,0.004443064503491202,92.4,13,0.05877539175846454,0.41053916012258707,0,0,0
20260503,202604010205,3,0.0009211550634577159,0.017071901635848694,8.5,4,0.007829818039390585,0.1451111639047139,0,0,0
20260503,202604010205,4,0.0003310967444571813,0.006538652565566223,19.2,8,0.006357057493577881,0.12554212925887148,0,0,0
20260503,202604010205,5,0.0011644806370952865,0.003021502338250527,6.9,3,0.008034916395957478,0.02084836613392864,0,1,0
20260503,202604010205,6,0.001173904110258432,0.008270829613338007,18.2,7,0.021365054806703462,0.15052909896275174,0,0,0
20260503,202604010205,7,0.000902837327424495,0.0024850124668326493,19.9,9,0.01796646281574745,0.049451748089969716,0,0,0
20260503,202604010205,8,0.0001291533310401533,0.0017629210698749222,27.2,10,0.00351297060429217,0.04795145310059788,0,0,0
20260503,202604010205,9,0.00047641997069859914,0.0025234635135270964,2.9,1,0.0013816179150259375,0.007318044189228579,0,1,0
20260503,202604010205,10,0.00021529160615989528,0.001983463168745399,92.4,14,0.019892944409174326,0.1832719967920749,0,0,0
20260503,202604010205,11,0.00016149066302836434,0.0017135715049791517,9.5,5,0.0015341612987694612,0.01627892929730194,0,1,0
20260503,202604010205,12,0.0015335171192099864,0.0032975941409104205,12.6,6,0.019322315702045827,0.0415496861754713,0,0,0
20260503,202604010205,13,0.00034099591333955587,0.0036418487219341306,3.5,2,0.0011934856966884454,0.012746470526769457,0,0,0
20260503,202604010205,14,0.0002339091256843353,0.0026399442594649204,140.6,16,0.032887623071217544,0.3711761628807678,0,0,0
20260503,202604010206,1,0.01978088215207086,0.09057728697505076,30.6,12,0.6052949938533683,2.7716649814365533,0,0,1
20260503,202604010206,2,0.0006384627438691911,0.008535656879117188,28.3,11,0.01806849565149811,0.24155908967901643,0,0,1
20260503,202604010206,3,0.0003455314474397342,0.005018477725984281,4.2,1,0.0014512320792468836,0.021077606449133982,0,1,1
20260503,202604010206,4,0.0058193881209733025,0.03167231858843717,42.9,14,0.24965175038975468,1.3587424674439545,0,0,1
20260503,202604010206,5,0.0010152482134612331,0.01092368928422724,12.8,7,0.012995177132303784,0.13982322283810866,0,0,1
20260503,202604010206,6,0.0008969763211784887,0.00541059065801342,36.2,13,0.03247054282666129,0.1958633818200858,0,0,1
20260503,202604010206,7,0.0003907768063523611,0.01007596224270238,46.6,15,0.018210199176020028,0.4695398405099309,0,0,1
20260503,202604010206,8,0.0010927038715157758,0.007231982231549553,47.7,16,0.05212197467130251,0.34496555244491367,0,1,1
20260503,202604010206,9,0.0006811290210893866,0.005977166423902798,8.3,5,0.005653370875041909,0.049610481318393226,0,0,1
20260503,202604010206,10,0.002147815148027407,0.01130528657852098,13.6,9,0.029210286013172736,0.15375189746788534,1,1,1
20260503,202604010206,11,0.0034466354578323814,0.028450524060743894,7.0,3,0.02412644820482667,0.19915366842520726,0,0,1
20260503,202604010206,12,0.0007286205164072926,0.006159431827608475,8.6,6,0.006266136441102716,0.05297111371743288,0,0,1
20260503,202604010206,13,0.0004052402888542895,0.0049720806802306255,17.0,10,0.006889084910522922,0.08452537156392063,0,0,1
20260503,202604010207,1,0.0724061168402804,0.37968153294451495,47.9,15,3.4682529966494307,18.186745428042265,1,1,1
20260503,202604010207,2,0.0008108079784301242,0.0070103913464349705,37.5,13,0.030405299191129657,0.26288967549131137,0,0,1
20260503,202604010207,3,0.0007311490947036427,0.005874074797424457,12.9,7,0.009431823321676991,0.0757755648867755,0,0,1
20260503,202604010207,4,0.004645757741403593,0.01595595216504643,26.8,11,0.1245063074696163,0.4276195180232443,0,0,1
20260503,202604010207,5,0.0015458273399482608,0.007301866747068088,6.5,5,0.010047877709663694,0.04746213385594257,0,0,1
20260503,202604010207,6,0.00014497328193765056,0.001236549399284999,14.5,8,0.0021021125880959332,0.017929966289632483,0,0,1
20260503,202604010207,7,0.004775126428668211,0.030624469159129385,37.2,12,0.1776347031464575,1.1392302527196132,0,0,1
20260503,202604010207,8,0.0001444930308086522,0.0035834368765305475,10.6,6,0.001531626126571713,0.0379844308912238,0,0,1
20260503,202604010207,9,0.0019585161534473577,0.016138741678469532,25.7,10,0.05033386514359709,0.41476566113666696,0,1,1
20260503,202604010207,10,0.0005155247935856882,0.009400694372370259,22.8,9,0.011753965293753691,0.21433583169004192,0,0,1
20260503,202604010207,11,0.0023100655679563846,0.013934134937226889,5.6,2,0.012936367180555753,0.07803115564847057,0,1,1
20260503,202604010207,12,0.0012525905387763207,0.009014566734514557,5.6,3,0.007014507017147395,0.05048157371328151,0,0,1
20260503,202604010207,13,0.0076753324787216725,0.0410994876184629,47.5,14,0.36457829273927944,1.952225661876988,0,0,1
20260503,202604010207,14,0.0011566064874951297,0.004370704705717679,4.5,1,0.005204729193728084,0.019668171175729558,0,0,1
20260503,202604010207,15,0.002496951172041648,0.012927059997300703,6.1,4,0.015231402149454053,0.07885506598353428,0,0,1
20260503,202604010207,16,0.0007369207114401656,0.004423954009823078,66.6,16,0.049078919381915026,0.29463533705421696,0,0,1
20260503,202604010208,1,0.01777568900828344,0.08026849880492268,62.4,13,1.1092029941168866,5.008754325427175,0,0,1
20260503,202604010208,2,0.00032844763169279453,0.0033813379949966605,8.0,3,0.0026275810535423562,0.027050703959973284,0,0,1
20260503,202604010208,3,0.0035670436903308465,0.04486039378188262,17.1,7,0.06099644710465748,0.7671127336701928,0,0,1
20260503,202604010208,4,0.0008679045918683902,0.0046079976701817816,15.3,6,0.013278940255586371,0.07050236435378127,1,1,1
20260503,202604010208,5,0.0009190110913953576,0.009731710248651918,33.4,11,0.03069497045260494,0.32503912230497406,0,1,1
20260503,202604010208,6,0.0031999281267229853,0.020472026533690096,8.2,4,0.026239410639128477,0.16787061757625876,0,1,1
20260503,202604010208,7,0.001277053351972963,0.01017179499579451,9.1,5,0.011621185502953962,0.09256333446173004,0,0,1
20260503,202604010208,8,0.000570712485250468,0.005896531413205465,42.7,12,0.024369423120194984,0.25178189134387335,0,0,1
20260503,202604010208,9,0.0008496309205559363,0.0048837603427588205,22.1,9,0.01877684334428619,0.10793110357496993,0,0,1
20260503,202604010208,10,0.0003513866009528348,0.007123308818772098,32.6,10,0.011455203191062415,0.2322198674919704,0,0,1
20260503,202604010208,11,0.00029442328723959873,0.0023021765194080903,2.4,1,0.0007066158893750369,0.005525223646579417,0,0,1
20260503,202604010208,12,0.00019043349088141153,0.0016207357574045378,3.8,2,0.0007236472653493638,0.006158795878137243,0,0,1
20260503,202604010209,1,0.016760710138625973,0.12023584359130567,13.3,6,0.22291744484372547,1.5991367197643656,0,0,1
20260503,202604010209,2,0.0005038231490440103,0.005617022343241472,2.8,1,0.0014107048173232289,0.01572766256107612,0,0,1
20260503,202604010209,3,0.0020167887066515357,0.01851843776965834,4.1,3,0.008268833697271296,0.07592559485559919,0,1,1
20260503,202604010209,4,0.0016437957761621048,0.023004178722037093,21.0,7,0.034519711299404204,0.48308775316277897,1,1,1
20260503,202604010209,5,0.0010529117071307768,0.01467911373529102,21.7,8,0.022848184044737856,0.3185367680558151,0,0,1
20260503,202604010209,6,0.0005394079408833886,0.00404352543906195,8.9,4,0.004800730673862158,0.03598737640765136,0,0,1
20260503,202604010209,7,0.0002544861102848868,0.004036034954376701,9.2,5,0.0023412722146209583,0.03713152158026565,0,0,1
20260503,202604010209,8,0.005850948868460415,0.059754662520240844,3.1,2,0.018137941492227284,0.18523945381274662,0,1,1
20260503,202604010209,9,0.0005314124526910615,0.004745091652422789,42.8,10,0.02274445297517743,0.20308992272369536,0,0,1
20260503,202604010209,10,0.00050719987413614,0.005376768426366237,38.2,9,0.019375035192000553,0.20539255388719027,0,0,1
20260503,202604010209,11,0.0010476009593767086,0.013187388761963468,3.7,1,0.003876123549693822,0.04879333841926483,0,0,1
20260503,202604010209,12,0.0039766515408600385,0.02745547299364518,18.5,9,0.07356805350591071,0.5079262503824359,0,0,1
20260503,202604010211,1,0.08411123632544316,0.24864777203515467,46.6,14,3.9195836127656514,11.586986176838208,0,0,0
20260503,202604010211,2,0.013853871860970557,0.04433557940392933,7.9,3,0.1094455877016674,0.3502510772910417,0,0,0
20260503,202604010211,3,0.020473288754466544,0.10356042248015881,5.0,2,0.10236644377233273,0.5178021124007941,0,1,0
20260503,202604010211,4,0.008809320461176415,0.04692299361147913,9.0,5,0.07928388415058774,0.42230694250331213,0,1,0
20260503,202604010211,5,0.001794291672004044,0.010285465117717319,12.4,7,0.022249216732850144,0.12753976745969475,0,0,0
20260503,202604010211,6,0.001129410545640061,0.007177638435970529,4.2,1,0.004743524291688257,0.03014608143107622,0,0,0
20260503,202604010211,7,0.010222807519962464,0.02124773446516335,8.2,4,0.0838270216636922,0.17423142261433947,0,0,0
20260503,202604010211,8,0.0026338323609890555,0.014577879261422632,11.8,6,0.031079221859670856,0.17201897528478707,0,0,0
20260503,202604010211,9,0.0045628999698487495,0.02098050368313525,22.4,12,0.10220895932461198,0.4699632825022296,0,0,0
20260503,202604010211,10,0.009088236646637517,0.058027370819812,16.0,9,0.14541178634620028,0.928437933116992,0,1,0
20260503,202604010211,11,0.004646086409555907,0.02625107204191,17.4,10,0.08084190352627278,0.45676865352923396,0,0,0
20260503,202604010211,12,0.0031526919334872523,0.014712001411295608,13.9,8,0.04382241787547281,0.20449681961700894,0,0,0
20260503,202604010211,13,0.000892638764520775,0.006468970721767446,30.7,13,0.027404010070787792,0.1985974011582606,0,0,0
20260503,202604010211,14,0.001921716797912183,0.007959509971989099,50.3,15,0.09666235493498279,0.40036335159105163,0,0,0
20260503,202604010211,15,0.04117832218591138,0.11418774516842656,18.3,11,0.7535632960021783,2.0896357365822062,0,0,0
20260503,202604010212,1,0.01152207599994138,0.07649786533079299,16.3,7,0.1878098387990445,1.2469152048919259,0,0,1
20260503,202604010212,2,0.00031059863769340235,0.0031778862752581756,6.1,3,0.0018946516899297542,0.01938510627907487,0,0,1
20260503,202604010212,3,0.09714409557055645,0.16513201818451667,22.6,10,2.1954565598945757,3.731983610970077,1,1,1
20260503,202604010212,4,0.0017542089063352835,0.02278055292912456,13.2,6,0.02315555756362574,0.3007032986644442,0,1,1
20260503,202604010212,5,0.019027165236512596,0.08602854186768483,47.4,16,0.901887632210697,4.077752884528261,0,0,1
20260503,202604010212,6,0.002837487517626877,0.020289453996180137,20.9,8,0.05930348911840173,0.42404958852016483,0,0,1
20260503,202604010212,7,0.0034343994700653416,0.03559214873273737,37.5,15,0.1287899801274503,1.3347055774776513,0,0,1
20260503,202604010212,8,0.0015243712059341767,0.007296268280048304,21.5,9,0.0327739809275848,0.15686976802103852,0,0,1
20260503,202604010212,9,0.0054529524704243605,0.02099996321128773,9.3,5,0.050712457974946556,0.1952996578649759,0,0,1
20260503,202604010212,10,0.08069952178990226,0.2112240728847291,3.6,1,0.29051827844364814,0.7604066623850249,0,1,1
20260503,202604010212,11,0.00442586752666922,0.018737431046387365,24.4,11,0.10799116765072897,0.45719331753185166,0,0,1
20260503,202604010212,12,0.0013383420496690288,0.007064995606649054,28.7,13,0.03841041682550113,0.20276537391082786,0,0,1
20260503,202604010212,13,0.001379788427087391,0.008121967170574776,6.0,2,0.008278730562524345,0.04873180302344865,0,0,1
20260503,202604010212,14,0.0003834295482546024,0.0028703628172257922,30.4,14,0.011656258266939912,0.08725902964366408,0,0,1
20260503,202604010212,15,0.0002814360016048942,0.0033159300903474282,27.0,12,0.007598772043332144,0.08953011243938057,0,0,1
20260503,202605020401,1,0.012356602932647119,0.06434343870882706,5.0,3,0.061783014663235596,0.3217171935441353,0,0,1
20260503,202605020401,2,0.006061127348681379,0.037443113647153456,145.3,15,0.8806818037634044,5.440484412931397,0,0,1
20260503,202605020401,3,0.0012834231930027049,0.01122400016624999,86.7,14,0.11127279083333451,0.9731208144138742,0,1,1
20260503,202605020401,4,0.017617230343097933,0.036970791268150074,25.0,9,0.44043075857744834,0.9242697817037518,0,1,1
20260503,202605020401,5,0.00100011789707225,0.008563159221747298,22.2,7,0.02220261731500395,0.19010213472279003,0,0,1
20260503,202605020401,6,0.000939996349420042,0.006041422136416044,71.8,13,0.06749173788835901,0.4337741093946719,0,0,1
20260503,202605020401,7,0.0014956780914744127,0.013195659439691648,38.0,11,0.056835767476027685,0.5014350587082826,0,0,1
20260503,202605020401,8,0.0003119028730884782,0.002644878664323442,12.2,4,0.003805215051679434,0.03226751970474599,0,0,1
20260503,202605020401,9,0.0018324679689509123,0.016998386533961303,2.7,1,0.0049476635161674635,0.04589564364169552,0,0,1
20260503,202605020401,10,0.0027375612741663887,0.018619099477317363,24.5,8,0.06707025121707652,0.4561679371942754,0,0,1
20260503,202605020401,11,0.0006217459703417744,0.0026549006977810772,21.9,6,0.013616236750484859,0.05814232528140559,0,0,1
20260503,202605020401,12,0.009100657041427204,0.05559693760159393,3.2,2,0.029122102532567053,0.1779102003251006,0,0,1
20260503,202605020401,13,0.03658399031753301,0.17908260877423737,165.1,16,6.0400168014246995,29.566538708626588,1,1,1
20260503,202605020401,14,0.0013015864809358903,0.004329104007233627,26.5,10,0.03449204174480109,0.11472125619169111,0,0,1
20260503,202605020401,15,0.00963407148922469,0.04221265204224833,14.3,5,0.13776722229591307,0.6036409242041512,0,0,1
20260503,202605020402,1,0.005039495325660966,0.022526659259666855,30.8,9,0.15521645603035775,0.6938211051977391,0,0,1
20260503,202605020402,2,0.0008946338528774505,0.008592025856993686,17.4,7,0.015566629040067637,0.14950124991169012,0,0,1
20260503,202605020402,3,0.0005160291057991751,0.0036550950798632667,38.9,10,0.02007353221558791,0.14218319860668108,0,0,1
20260503,202605020402,4,0.013547062526959516,0.02323253008288196,3.8,2,0.05147883760244616,0.08828361431495144,0,0,1
20260503,202605020402,5,0.08599171491606471,0.22317708806979547,93.4,14,8.031626173160443,20.8447400257189,1,1,1
20260503,202605020402,6,0.0022472301762069304,0.01161882681325275,24.2,8,0.054382970264207714,0.2811756088807166,0,0,1
20260503,202605020402,7,0.014162482900361156,0.08585433022627689,2.7,1,0.03823870383097512,0.23180669161094763,0,1,1
20260503,202605020402,8,0.006026549522513585,0.02425742744533068,105.8,15,0.6376089394819373,2.566435823715986,0,0,1
20260503,202605020402,9,0.00026177404718877794,0.0008891381235234537,11.5,5,0.003010401542670946,0.010225088420519717,0,0,1
20260503,202605020402,10,0.010659132061817013,0.051770677683774205,15.4,6,0.164150633751982,0.7972684363301228,0,0,1
20260503,202605020402,11,0.0046607159431688696,0.05280650648217792,47.9,11,0.22324829367778884,2.5294316604963223,0,0,1
20260503,202605020402,12,0.06455351498053738,0.15227820612466633,52.5,13,3.3890595364782126,7.994605821544982,0,0,1
20260503,202605020402,13,0.002652710752077698,0.012265596541798032,5.0,3,0.013263553760388489,0.06132798270899016,0,1,1
20260503,202605020402,14,0.008427218861785052,0.05897446886058262,117.0,16,0.985984606828851,6.900012856688167,0,0,1
20260503,202605020402,15,0.0053940631687152485,0.030715904379632158,50.6,12,0.2729395963369916,1.5542247616093872,0,0,1
20260503,202605020402,16,0.00014415180861799756,0.0005974380523276161,8.6,4,0.001239705554114779,0.005137967250017498,0,0,1
20260503,202605020403,1,0.002169733452627302,0.01247143108945778,27.4,8,0.059450696601988075,0.3417172118511431,0,0,1
20260503,202605020403,2,0.009976749560355715,0.02733286744407277,4.2,3,0.04190234815349401,0.11479804326510563,0,0,1
20260503,202605020403,3,0.0003876459445595436,0.002828908865247727,5.5,4,0.0021320526950774897,0.015558998758862498,0,0,1
20260503,202605020403,4,0.0011914442026676162,0.004964365833889906,13.2,5,0.015727063475212532,0.06552962900734675,0,0,1
20260503,202605020403,5,0.00038609373003097784,0.002441207112273258,34.5,10,0.013320233686068736,0.0842216453734274,0,0,1
20260503,202605020403,6,0.016669687239166567,0.19541531647338317,19.7,6,0.32839283861158136,3.849681734525648,0,1,1
20260503,202605020403,7,0.0008619176422547353,0.0061494993420970435,69.8,12,0.06016185142938052,0.42923505407837365,0,0,1
20260503,202605020403,8,0.060047734682991245,0.18227071325292876,33.7,9,2.023608658816805,6.142523036623699,0,1,1
20260503,202605020403,9,0.00498537591031598,0.022060320807281278,3.9,2,0.01944296605023232,0.08603525114839698,0,0,1
20260503,202605020403,10,0.02886285361665388,0.11507245341316741,75.7,13,2.184918018780699,8.710984723376773,0,0,1
20260503,202605020403,11,0.0009696305563565808,0.019162366776348288,66.1,11,0.06409257977516998,1.2666324439166217,0,0,1
20260503,202605020403,12,0.0481439523683781,0.2022330358621206,85.2,14,4.101864741785814,17.230254655452676,1,1,1
20260503,202605020404,1,0.0014395834491704041,0.010317838416484582,17.2,8,0.02476083532573095,0.17746682076353482,0,1,0
20260503,202605020404,2,0.0003535302856361922,0.005862601241378749,117.2,14,0.041433749476561726,0.6870968654895894,0,1,0
20260503,202605020404,3,0.0027660119488468076,0.011296330322684905,61.5,12,0.17010973485407868,0.6947243148451216,0,0,0
20260503,202605020404,4,0.000903633301379482,0.006016667000214097,7.0,4,0.0063254331096563735,0.04211666900149868,0,0,0
20260503,202605020404,5,0.0005407683492191456,0.006332748777912812,44.9,11,0.02428049887993964,0.28434042012828525,0,0,0
20260503,202605020404,6,0.0025960391841613143,0.019534968937587795,44.2,10,0.1147449319399301,0.8634456270413806,0,0,0
20260503,202605020404,7,0.0020837793380261488,0.005005131916304135,4.1,2,0.00854349528590721,0.020521040856846952,0,0,0
20260503,202605020404,8,0.0016231775728465401,0.011891133599988779,153.8,15,0.2496447107037979,1.8288563476782744,0,0,0
20260503,202605020404,9,0.003230844696435249,0.020469806657681704,12.3,6,0.039739389766153564,0.25177862188948497,0,0,0
20260503,202605020404,10,0.00010452274720540707,0.0005310019905973369,189.6,16,0.01981751287014518,0.10067797741725508,0,0,0
20260503,202605020404,11,0.0010335288390176903,0.0057969500045428985,94.1,13,0.09725506375156465,0.5454929954274867,0,0,0
20260503,202605020404,12,0.00024096483193508758,0.0019107329628325707,14.4,7,0.003469893579865261,0.02751455466478902,0,0,0
20260503,202605020404,13,0.0013872885350303891,0.008954409491280763,5.6,3,0.0077688157961701785,0.050144693151172266,0,0,0
20260503,202605020404,14,0.0001957649097387507,0.0026285745554523203,3.3,1,0.0006460242021378773,0.008674296032992657,0,0,0
20260503,202605020404,15,0.0007917078061831925,0.004357048877131629,7.0,5,0.0055419546432823475,0.030499342139921403,0,0,0
20260503,202605020404,16,0.00014528878268099611,0.0012488289727806618,19.9,9,0.0028912467753518223,0.02485169655833517,0,0,0
20260503,202605020404,17,0.0021979423750374256,0.011213407065596166,18.5,11,0.040661933938192375,0.20744803071352907,0,1,0
20260503,202605020404,18,0.000858627264759079,0.004504944391510558,16.0,8,0.013738036236145263,0.07207911026416892,0,0,0
20260503,202605020405,1,0.07649488798993632,0.06738288767300918,2.5,1,0.1912372199748408,0.16845721918252293,1,1,1
20260503,202605020405,2,0.002628816995780896,0.026904110623520987,28.9,8,0.0759728111780679,0.7775287970197565,0,0,1
20260503,202605020405,3,0.00010650678587563756,0.0018099192029564037,5.0,2,0.0005325339293781878,0.00904959601478202,0,0,1
20260503,202605020405,4,0.0009558687333147747,0.013939775841473396,6.3,5,0.00602197301988308,0.0878205878012824,0,1,1
20260503,202605020405,5,0.0011030838755639943,0.010460625120153336,5.6,4,0.0061772697031583675,0.05857950067285868,0,0,1
20260503,202605020405,6,0.00019175392184089658,0.00175941486439923,9.0,6,0.0017257852965680692,0.01583473377959307,0,1,1
20260503,202605020405,7,4.688307011655188e-05,0.0006605853309924926,41.9,9,0.0019644006378835236,0.02767852536858544,0,0,1
20260503,202605020405,8,0.00037724045689873763,0.0028537976433970387,46.4,10,0.017503957200101426,0.13241621065362258,0,0,1
20260503,202605020405,9,0.0012702282820368075,0.013263532662082553,57.4,11,0.07291110338891275,0.7613267748035385,0,0,1
20260503,202605020405,10,0.0012202519458245444,0.012373348088019324,23.5,7,0.028675920726876795,0.2907736800684541,0,0,1
20260503,202605020405,11,0.0008092867287609442,0.0060683332351468295,5.3,3,0.004289219662433004,0.0321621661462782,0,0,1
20260503,202605020405,12,5.6449323290283746e-05,0.0009720474343879269,36.8,11,0.0020773350970824415,0.035771345585475706,0,0,1
20260503,202605020405,13,0.00022105037394457103,0.0023680093467678518,133.8,17,0.029576540033783606,0.3168396505975386,0,0,1
20260503,202605020405,14,0.00019771315789216527,0.002544595932232336,112.5,15,0.022242730262868594,0.28626704237613776,0,0,1
20260503,202605020405,15,0.00021801825451830893,0.0037806573011719127,7.1,5,0.0015479296070799935,0.026842666838320577,0,0,1
20260503,202605020406,1,0.00729664911455845,0.05936810619186799,14.2,6,0.10361241742672998,0.8430271079245254,0,0,0
20260503,202605020406,2,0.0013308297638831678,0.023803843895845483,15.6,8,0.020760944316577417,0.37133996477518955,0,0,0
20260503,202605020406,3,0.002586778059332901,0.012168796018224732,8.7,5,0.022504969116196236,0.10586852535855516,0,0,0
20260503,202605020406,4,0.0007523067797417661,0.01081384039867808,7.4,4,0.005567070170089069,0.08002241895021779,0,0,0
20260503,202605020406,5,0.0003543311416743906,0.004332183061232553,66.5,13,0.023563020921346975,0.28809017357196476,0,0,0
20260503,202605020406,6,0.002100440220792874,0.01656270993395631,4.6,3,0.009662025015647219,0.07618846569619903,0,0,0
20260503,202605020406,7,0.011294390928415068,0.061933283788865055,33.7,11,0.38062097428758784,2.0871516636847525,0,1,0
20260503,202605020406,8,0.06478875218118724,0.2162191038169766,3.5,1,0.22676063263415533,0.7567668633594181,0,0,0
20260503,202605020406,9,0.0028477404483006957,0.018997022102457947,3.6,2,0.010251865613882504,0.06838927956884862,0,0,0
20260503,202605020406,10,0.003157955742195755,0.01460959742741898,29.7,10,0.09379128554321392,0.43390504359434373,0,0,0
20260503,202605020406,11,0.008918783956386747,0.023756797448408168,15.5,7,0.1382411513239946,0.3682303604503266,0,1,0
20260503,202605020406,12,0.007437594226196665,0.08900318897121354,27.2,9,0.20230256295254928,2.420886740017008,0,0,0
20260503,202605020406,13,0.0035289296559744628,0.02320662148507631,56.0,12,0.19762006073456992,1.2995708031642734,0,0,0
20260503,202605020406,14,0.03567371300049103,0.18718159937287207,6.6,4,0.23544650580324075,1.2353985558609557,0,0,0
20260503,202605020406,15,0.002909276407151149,0.009964412805297567,30.9,9,0.0898966409809705,0.3079003556836948,0,1,0
20260503,202605020406,16,0.010966056890147756,0.03995321137387774,82.9,14,0.9090861161932491,3.3121212228944645,0,0,0
20260503,202605020407,1,0.0028255663936917717,0.021810737339838352,12.8,6,0.03616724983925468,0.27917743794993094,0,0,0
20260503,202605020407,2,0.0021018745631265026,0.009382939392528048,22.5,8,0.04729217767034631,0.2111161363318811,0,0,0
20260503,202605020407,3,0.003952212613922367,0.0065831912248079305,6.6,4,0.02608460325188762,0.04344906208373234,0,0,0
20260503,202605020407,4,0.0021961059261154377,0.0037309897138127486,28.7,9,0.06302824007951306,0.10707940478642589,0,0,0
20260503,202605020407,5,0.002957874449744297,0.013261296138379373,16.1,7,0.04762177864088318,0.21350686782790793,0,0,0
20260503,202605020407,6,0.0003372610052748112,0.004155842326180059,4.4,3,0.0014839484232091692,0.018285706235192264,0,0,0
20260503,202605020407,7,0.0046500839362976455,0.04641710760072234,69.7,12,0.3241108503599459,3.235272399770347,0,1,0
20260503,202605020407,8,0.00017675620785629362,0.0011918355938130719,39.8,11,0.007034897072680486,0.047435056633760256,0,0,0
20260503,202605020407,9,0.0044349382422435545,0.05605634003800418,89.3,13,0.3960399850323494,5.005831165393773,0,0,0
20260503,202605020407,10,0.012735253335927933,0.03367016611424656,30.4,10,0.38715170141220917,1.0235730498730953,0,1,0
20260503,202605020407,11,0.009777983824658412,0.04375446874424513,3.1,1,0.030311749856441077,0.1356388531071599,0,0,0
20260503,202605020407,12,0.004227904551898403,0.016336368835183634,11.7,5,0.04946648325721131,0.19113551537164852,0,1,0
20260503,202605020407,13,0.0029247857070511638,0.019445934162488684,3.9,2,0.011406664257499538,0.07583914323370587,0,0,0
20260503,202605020407,14,0.010039302473781153,0.04365877455772934,89.3,14,0.8965097109086569,3.8987285680052297,0,0,0
20260503,202605020407,15,0.002035272051976529,0.010732084277608698,152.4,16,0.310175460721223,1.6355696439075655,0,0,0
20260503,202605020408,1,0.04629441820968751,0.2668162181666939,53.1,15,2.4582336069344066,14.167941184651445,0,1,0
20260503,202605020408,2,0.007040255390340885,0.027353549469607993,87.7,16,0.6174303977328957,2.398906288484621,0,0,0
20260503,202605020408,3,0.007010580963018783,0.02915664746227501,2.2,1,0.015423278118641325,0.06414462441700503,0,0,0
20260503,202605020408,4,0.01809929686843951,0.07333275072778417,22.1,9,0.39999446079251316,1.6206537910840302,0,1,0
20260503,202605020408,5,0.0011741783406006743,0.00792653756072475,20.4,8,0.023953238148253755,0.1617013662387849,0,0,0
20260503,202605020408,6,0.00040742598418307683,0.004498069241346651,16.0,7,0.006518815746929229,0.07196910786154642,0,0,0
20260503,202605020408,7,0.008577284368259356,0.029205364453287672,52.0,14,0.4460187871494865,1.518678951570959,0,1,0
20260503,202605020408,8,0.004010590951497996,0.021855642581578873,32.5,11,0.13034420592368487,0.7103083839013133,0,0,0
20260503,202605020408,9,0.0017150964277331442,0.008925754663671797,43.1,13,0.07392065603529852,0.38470002600425446,0,0,0
20260503,202605020409,1,0.04186180297284181,0.1437842621491618,8.0,4,0.3348944237827345,1.1502740971932943,0,0,1
20260503,202605020409,2,0.0005850347760719909,0.004338853519365946,29.2,9,0.017083015461302132,0.12669452276548562,0,0,1
20260503,202605020409,3,0.0006874426859395653,0.0062012629418020816,17.7,8,0.012167735541130304,0.10976235406989684,0,0,1
20260503,202605020409,4,0.001048877882360363,0.008081735657763033,6.1,3,0.006398155082398214,0.0492985875123545,0,0,1
20260503,202605020409,5,0.0021250858245638617,0.007747324964120583,5.8,2,0.012325497782470397,0.044934484791899376,1,1,1
20260503,202605020409,6,0.0002910246936691815,0.003667762617262138,1.9,1,0.0005529469179714447,0.006968748972798062,0,0,1
20260503,202605020409,7,0.0008466112044171423,0.0034553025016409345,8.5,5,0.0071961952375457095,0.029370071263947944,0,1,1
20260503,202605020409,8,0.005807223112582058,0.017958166825330715,16.0,7,0.09291556980131292,0.28733066920529143,0,0,1
20260503,202605020409,9,0.0016101023023898527,0.00794790684227772,10.7,6,0.01722809463557142,0.08504260321237159,0,0,1
20260503,202605020409,10,0.0009455066580970699,0.006466772478281806,3.7,1,0.003498374634959159,0.023927058169642683,0,0,1
20260503,202605020409,11,0.010283422901179692,0.01381007385448767,17.1,8,0.17584653161017275,0.23615226291173919,0,0,1
20260503,202605020409,12,0.002239796986068341,0.017344264594442257,13.4,5,0.030013279613315774,0.23241314556552625,0,0,1
20260503,202605020409,13,0.0004918994695967335,0.002947833310958387,34.0,11,0.01672458196628894,0.10022633257258516,0,0,1
20260503,202605020409,14,0.00026633959113587304,0.0030138995806316266,83.6,18,0.022265989818958984,0.25196200494080395,0,0,1
20260503,202605020409,15,0.001781757177047816,0.007214608273512873,4.9,2,0.008730610167534299,0.03535158054021308,0,0,1
20260503,202605020409,16,0.0005447501482700068,0.003557689761588165,35.1,13,0.01912073020427724,0.1248749106317446,0,0,1
20260503,202605020409,17,0.0018010087628484049,0.007200106388441864,7.8,4,0.014047868350217558,0.05616082982984654,0,1,1
20260503,202605020409,18,0.0005478109417853738,0.002070862282732004,17.6,10,0.00964147257542258,0.03644717617608328,0,0,1
20260503,202605020410,1,0.11308707969138218,0.24691117829630013,5.9,4,0.667213770179155,1.4567759519481709,0,0,0
20260503,202605020410,2,0.0009586381978677014,0.004182601650416745,20.1,10,0.0192686277771408,0.08407029317337658,0,0,0
20260503,202605020410,3,0.0005079186603251229,0.003442311940643203,17.5,8,0.008888576555689651,0.06024045896125605,0,0,0
20260503,202605020410,4,0.0018576844095173747,0.008037176177124794,5.8,3,0.010774569575200774,0.0466156218273238,0,0,0
20260503,202605020410,5,0.0034994909917909173,0.014403654502413555,5.3,2,0.01854730225649186,0.07633936886279184,0,0,0
20260503,202605020410,6,0.0005048050190830995,0.004269249572854274,16.2,7,0.00817784130914621,0.06916184308023923,0,0,0
20260503,202605020410,7,0.0008077609469667001,0.0054327762368972035,3.4,1,0.0027463872196867804,0.018471439205450493,0,1,0
20260503,202605020410,8,0.0013954515117153646,0.009351822324871445,30.1,11,0.04200309050263248,0.2814898519786305,0,0,0
20260503,202605020410,9,0.002357039330033877,0.010776991396303032,19.4,9,0.04572656300265721,0.2090736330882788,0,0,0
20260503,202605020410,10,0.001384660530325729,0.012083167588879055,7.0,6,0.009692623712280104,0.08458217312215338,0,0,0
20260503,202605020410,11,0.0011324937141982208,0.006649504991418585,6.6,5,0.007474458513708257,0.04388673294336266,0,0,0
20260503,202605020410,12,0.0008266037703780904,0.0036659526718353453,22.7,10,0.01876390558758265,0.08321712565066233,0,0,0
20260503,202605020410,13,0.001074375531783815,0.0028506276174047264,6.4,4,0.006876003403416416,0.01824401675139025,0,0,0
20260503,202605020410,14,0.0013767477653520623,0.006441068945998872,11.8,7,0.016245623631154338,0.0760046135627867,0,1,0
20260503,202605020410,15,0.0009169033600457821,0.005347908981305102,11.1,6,0.01017762729650818,0.05936178969248663,0,1,0
20260503,202605020410,16,0.0014853549257939206,0.005800554382471052,3.1,1,0.0046046002699611545,0.01798171858566026,0,0,0
20260503,202605020411,1,0.000483303812986414,0.0026335778295828436,20.9,9,0.010101049691416052,0.05504177663828143,0,0,0
20260503,202605020411,2,0.03809598915248472,0.2467374904579959,32.4,10,1.234310048540505,7.994294690839067,0,0,0
20260503,202605020411,3,0.0005359207668936519,0.008590012863074613,49.2,16,0.026367301731167678,0.42262863286327096,0,0,0
20260503,202605020411,4,0.0026333884087865033,0.011664395114556504,5.8,2,0.015273652770961718,0.06765349166442772,0,0,0
20260503,202605020411,5,0.004303462245076592,0.018715245642155286,38.7,14,0.16654398888446412,0.7242800063514097,0,0,0
20260503,202605020411,6,0.00024394932917723363,0.0030953061415697446,8.7,5,0.0021223591638419325,0.026929163431656775,0,0,0
20260503,202605020411,7,0.00044335178171358826,0.003608550491025026,3.3,1,0.0014630608796548411,0.011908216620382585,0,0,0
20260503,202605020411,8,0.0036238233413386643,0.017023253763609546,13.1,7,0.0474720857715365,0.22300462430328505,0,0,0
20260503,202605020411,9,0.0003657329703038864,0.004536563976359535,38.0,13,0.013897852871547683,0.17238943110166233,0,0,0
20260503,202605020411,10,0.0012074102399613471,0.01504788163078186,96.2,18,0.1161528650842816,1.447606212881215,0,1,0
20260503,202605020411,11,0.0022922429276400072,0.012428792355561772,47.6,15,0.10911076335566434,0.5916105161247404,0,0,0
20260503,202605020411,12,0.001173853025186713,0.00827402420601136,6.5,3,0.007630044663713635,0.05378115733907384,0,1,0
20260503,202605020411,13,0.0004293082937822532,0.003710785591233348,19.0,8,0.00815685758186281,0.07050492623343362,0,1,0
20260503,202605020411,14,0.0011023000059276877,0.003515343719651744,60.4,17,0.06657892035803234,0.21232676066696535,0,0,0
20260503,202605020411,15,0.0012375562323313303,0.005664174018476141,8.5,4,0.010519227974816307,0.0481454791570472,0,0,0
20260503,202605020412,1,0.23566487463202634,0.3978072534463547,27.0,11,6.362951615064711,10.740795843051577,0,0,1
20260503,202605020412,2,0.0027404140203178234,0.013363849923004009,75.8,15,0.207723382740091,1.0129798241637038,0,0,1
20260503,202605020412,3,0.0008802412263437464,0.005762446428552475,49.0,14,0.04313182009084358,0.2823598749990713,0,0,1
20260503,202605020412,4,0.011988717513089388,0.042861649335132965,2.5,1,0.02997179378272347,0.10715412333783242,0,0,1
20260503,202605020412,5,0.018809144174162164,0.057285359970855966,11.2,5,0.21066241475061623,0.6415960316735868,1,1,1
20260503,202605020412,6,0.002404550043318037,0.011534782447472334,27.5,12,0.06612512619124603,0.31720651730548916,0,0,1
20260503,202605020412,7,0.005812305338099847,0.01743628095295326,11.6,6,0.06742274192195823,0.2022608590542578,0,0,1
20260503,202605020412,8,0.0006785982982370237,0.008729218348548801,14.6,7,0.009907535154260546,0.1274465878888125,0,0,1
20260503,202605020412,9,0.006040734809719028,0.019471578029398372,8.6,3,0.05195031936358364,0.167455571052826,0,0,1
20260503,202605020412,10,0.004684828226480038,0.026619301667894665,18.5,8,0.0866693221898807,0.4924570808560513,0,1,1
20260503,202605020412,11,0.0013635918264344276,0.0056985802652082,19.7,9,0.02686275898075822,0.11226203122460153,0,0,1
20260503,202605020412,12,0.01576360377205441,0.04212500548800419,6.3,2,0.09931070376394278,0.26538753457442643,0,0,1
20260503,202605020412,13,0.0037939174330119184,0.016229418499067366,93.1,16,0.3532137130134096,1.5109588622631718,0,1,1
20260503,202608030401,1,0.0001646046889620338,0.0007148686052380262,91.1,16,0.014995487164441278,0.06512452993718418,0,0,0
20260503,202608030401,2,0.004394558395685906,0.01822735520719756,16.8,6,0.07382858104752323,0.306219567480919,0,0,0
20260503,202608030401,3,0.00015971899352413776,0.0018606258025460184,72.0,15,0.01149976753373792,0.13396505778331333,0,0,0
20260503,202608030401,5,0.0024127391849246282,0.026266692586222138,2.1,1,0.005066752288341719,0.055160054431066495,0,1,0
20260503,202608030401,6,0.05456558989655877,0.14482933966634276,39.4,11,2.1498842419244153,5.706275982853905,0,0,0
20260503,202608030401,7,0.0018966802540500295,0.007099997802103486,71.4,14,0.13542297013917212,0.5069398430701889,0,0,0
20260503,202608030401,8,0.0003225594851248001,0.003427927800746592,38.8,10,0.012515308022842245,0.13300359866896777,0,0,0
20260503,202608030401,9,0.041323157652201674,0.039569794120091664,42.2,12,1.7438372529229107,1.6698453118678684,0,1,0
20260503,202608030401,10,0.016541165159640502,0.05208950202525464,14.7,5,0.24315512784671536,0.7657156797712432,0,1,0
20260503,202608030401,11,0.003107148181080693,0.014241822309148144,35.0,9,0.10875018633782425,0.49846378082018505,0,0,0
20260503,202608030401,12,0.000651754349056329,0.007477830516520545,49.8,13,0.03245736658300519,0.3723959597227231,0,0,0
20260503,202608030401,13,0.014431666719035112,0.15365641761045434,5.5,2,0.07937416695469311,0.8451102968574988,0,0,0
20260503,202608030401,14,0.005279738643290422,0.01083438469713867,31.3,8,0.16525581953499022,0.3391162410204404,0,0,0
20260503,202608030401,15,0.0011922061847799612,0.012337906272590956,7.7,4,0.009179987622805702,0.09500187829895036,0,0,0
20260503,202608030401,16,0.008166924103555481,0.021226730834347483,5.5,3,0.044918082569555144,0.11674701958891115,0,0,0
20260503,202608030402,1,0.0013968651279658846,0.0032948806844299927,28.2,8,0.03939159660863795,0.0929156353009258,0,0,0
20260503,202608030402,2,0.028088041787042894,0.20742476630802043,50.6,13,1.4212549144243705,10.495693175185833,0,0,0
20260503,202608030402,3,0.0003697614148549513,0.006882660852247239,43.6,11,0.016121597687675876,0.3000840131579796,0,0,0
20260503,202608030402,4,0.009980196935557243,0.02168266708313782,5.4,4,0.053893063452009116,0.11708640224894423,0,1,0
20260503,202608030402,5,0.0006987611478234072,0.011716189820026616,30.4,9,0.021242338893831578,0.3561721705288091,0,0,0
20260503,202608030402,6,0.0010263704299635754,0.0041809323745219005,34.9,10,0.03582032800572878,0.14591453987081432,0,0,0
20260503,202608030402,7,0.0011696744726820297,0.024343715056109036,47.9,12,0.05602740724146922,1.1660639511876227,0,0,0
20260503,202608030402,8,0.00028025912667019185,0.003588385873987398,76.7,14,0.021495875015603714,0.27522919653483346,0,0,0
20260503,202608030402,9,0.0009621072001312035,0.02329512227651588,7.7,5,0.007408225441010267,0.17937244152917228,0,1,0
20260503,202608030402,10,0.0012068964316030585,0.007075457148168801,3.3,1,0.003982758224290093,0.023349008588957044,0,0,0
20260503,202608030402,11,0.0011403468402723864,0.01595457393243087,4.7,3,0.0053596301492802164,0.07498649748242509,0,0,0
20260503,202608030402,12,0.000664836074950565,0.00856352311490663,131.7,15,0.0875589110709894,1.127815994233203,0,1,0
20260503,202608030403,1,0.0019934539527916204,0.00607142584112278,19.7,9,0.03927104286999492,0.11960708907011876,0,0,0
20260503,202608030403,2,0.002805914298495796,0.009515923134452625,3.2,1,0.008978925755186547,0.030450954030248403,0,0,0
20260503,202608030403,3,0.00034499297999324846,0.008017120260071252,8.7,4,0.0030014389259412615,0.06974894626261989,0,0,0
20260503,202608030403,4,0.000130101608128476,0.0011246211715103742,16.6,8,0.0021596866949327017,0.018668711447072214,0,0,0
20260503,202608030403,5,0.06807442626198176,0.47064484347072466,35.0,13,2.3826049191693617,16.472569521475364,0,1,0
20260503,202608030403,6,0.004634289849763197,0.07874255668277426,12.0,7,0.055611478197158365,0.9449106801932912,0,0,0
20260503,202608030403,7,0.0014949681854146747,0.011653926583087096,10.8,5,0.016145656402478486,0.12586240709734065,0,0,0
20260503,202608030403,8,0.00012031474061460973,0.0007134532248160426,67.7,16,0.008145307939609079,0.04830078332004609,0,0,0
20260503,202608030403,9,0.00018820454619293894,0.002822893549465245,10.9,6,0.0020514295535030347,0.03076953968917117,0,0,0
20260503,202608030403,10,0.0002981676157239799,0.010098227606915616,27.9,10,0.008318876478699038,0.2817405502329457,0,1,0
20260503,202608030403,11,0.008867447722183187,0.07932336003242026,28.6,11,0.25360900485443916,2.2686480969272194,0,0,0
20260503,202608030403,12,0.002817695956918626,0.0245396471644813,67.4,15,0.18991270749631542,1.65397221888604,0,0,0
20260503,202608030403,13,0.0037691552404842616,0.03550704994292985,30.1,12,0.11345157273857628,1.0687622032821886,0,0,0
20260503,202608030403,14,0.0002150448991134241,0.0024272090896471084,5.1,2,0.0010967289854784629,0.012378766357200251,0,1,0
20260503,202608030403,15,0.00045311000941312957,0.005263619054897482,39.4,14,0.017852534370877304,0.2073865907629608,0,0,0
20260503,202608030404,1,0.009341059762459945,0.14989154416540165,10.9,5,0.1018175514108134,1.6338178314028782,0,0,1
20260503,202608030404,2,0.0009027323208079955,0.0018816175011767218,25.3,9,0.022839127716442285,0.04760492277977106,0,0,1
20260503,202608030404,3,0.00034121000358228084,0.002767316384584475,10.9,6,0.003719189039046861,0.03016374859197078,0,1,1
20260503,202608030404,4,0.0007870243478761293,0.009627199720654785,2.5,1,0.0019675608696903234,0.024067999301636965,0,0,1
20260503,202608030404,5,0.0008119936619776252,0.006605544055880603,65.0,11,0.05277958802854563,0.4293603636322392,0,0,1
20260503,202608030404,6,0.0012500010486692092,0.005955140708297293,19.7,7,0.02462502065878342,0.11731627195345666,0,0,1
20260503,202608030404,7,0.004085220493277711,0.015180496142035576,29.3,10,0.11969696045303693,0.4447885369616424,0,1,1
20260503,202608030404,8,0.00134102954340484,0.006756669957875675,3.0,2,0.0040230886302145205,0.020270009873627027,0,0,1
20260503,202608030404,9,0.00020496270939759556,0.00151617035280592,22.8,8,0.004673149774265179,0.03456868404397498,0,0,1
20260503,202608030404,10,0.001149818366793609,0.006833573141375795,7.8,3,0.00896858326099015,0.0533018705027312,0,0,1
20260503,202608030404,11,0.0038489456362644447,0.007850736569684614,8.5,4,0.03271603790824778,0.06673126084231921,1,1,1
20260503,202608030405,1,0.0007929148111650065,0.016362706634663566,18.1,8,0.01435175808208662,0.29616499008741054,0,0,0
20260503,202608030405,2,0.0007781139412622284,0.006895275763277229,52.4,15,0.040773170522140766,0.36131244999572676,0,0,0
20260503,202608030405,3,0.0002649976761571751,0.002061506398950961,86.4,18,0.02289579921997993,0.17811415286936305,0,0,0
20260503,202608030405,4,0.000557175097965789,0.0040925706971962445,15.9,6,0.008859084057656046,0.06507187408542028,0,0,0
20260503,202608030405,5,0.007007126922018573,0.027469170596949456,37.3,13,0.2613658341912928,1.0246000632662147,0,1,0
20260503,202608030405,6,0.0004989084802037131,0.005564971713606465,42.6,14,0.02125350125667818,0.2370677949996354,0,0,0
20260503,202608030405,7,0.0016165234638078178,0.015450150802386944,6.9,3,0.011154011900273944,0.10660604053646992,0,0,0
20260503,202608030405,8,0.0003143689871365587,0.006444667579296564,31.3,12,0.009839749297374287,0.20171809523198247,0,1,0
20260503,202608030405,9,0.00897426987134028,0.026159994808411295,19.6,10,0.1758956894782695,0.5127358982448614,0,1,0
20260503,202608030405,10,0.0015486821880346681,0.020979499125546596,74.2,17,0.11491221835217239,1.5566788351155574,0,0,0
20260503,202608030405,11,0.0014467309518173405,0.011281410420959615,18.1,9,0.026185830227893864,0.20419352861936904,0,0,0
20260503,202608030406,1,0.05820949275318563,0.1287772835398518,20.7,7,1.2049364999909424,2.665689769274932,0,0,0
20260503,202608030406,2,0.01991640490111763,0.04731592023861964,4.6,3,0.0916154625451411,0.21765323309765033,0,0,0
20260503,202608030406,3,0.008174616570400922,0.0699810023300276,34.7,12,0.28365919499291203,2.428340780851958,0,1,0
20260503,202608030406,4,0.003405804404014837,0.03604264759145015,4.3,2,0.014644958937263797,0.15498338464323563,0,0,0
20260503,202608030406,5,0.007256773123005289,0.025179012980404352,42.5,13,0.3084128577277248,1.070108051667185,0,0,0
20260503,202608030406,6,0.00023076136798535693,0.001576958039114697,10.7,4,0.002469146637443319,0.016873451018527257,0,0,0
20260503,202608030406,7,0.0015163347939194955,0.006162500708540301,2.4,1,0.003639203505406789,0.01479000170049672,0,0,0
20260503,202608030406,8,0.010325587169953396,0.017827655212579566,15.0,5,0.15488380754930092,0.2674148281886935,0,0,0
20260503,202608030406,9,0.00042891456896190897,0.0017300950655847426,26.6,10,0.01140912753438678,0.04602052874455415,0,0,0
20260503,202608030406,10,0.038716131467537,0.12332576262129576,25.3,8,0.9795181261286862,3.1201417943187826,0,0,0
20260503,202608030406,11,0.008532688462234707,0.02122097725203377,15.6,6,0.13310994001086143,0.33104724513172684,0,1,0
20260503,202608030406,12,0.008662234879344508,0.018034294261482824,28.1,11,0.2434088001095807,0.5067636687476674,0,1,0
20260503,202608030406,13,0.006388252645058605,0.03374417278196261,26.5,9,0.16928869509405303,0.8942205787220091,0,0,0
20260503,202608030406,14,0.003921099867582289,0.010782749590040957,20.1,6,0.07881410733840401,0.21673326675982324,0,0,0
20260503,202608030406,15,0.0017090225123597015,0.014328830097376873,27.9,10,0.04768172809483567,0.39977435971681474,0,0,0
20260503,202608030406,16,0.0015576725209829607,0.0069978673371500115,9.4,5,0.014642121697239831,0.06577995296921012,0,0,0
20260503,202608030407,1,0.0058334629674332995,0.08234459089219817,39.8,13,0.2321718261038453,3.277314717509487,0,0,0
20260503,202608030407,2,0.0004931963581093534,0.004776255065437763,33.1,10,0.016324799453419598,0.15809404266598995,0,0,0
20260503,202608030407,3,0.0006659101302393036,0.006433539699790385,94.4,16,0.06286191629459027,0.6073261476602123,0,0,0
20260503,202608030407,4,0.0013862366882019161,0.012628927366721252,45.9,15,0.06362826398846795,0.5796677661325055,0,1,0
20260503,202608030407,5,0.0009456021279416115,0.005003009940647725,4.1,2,0.003876968724560607,0.02051234075665567,0,1,0
20260503,202608030407,6,0.0011601366835585463,0.0034060624436148307,21.1,9,0.024478884023085328,0.07186791756027293,0,0,0
20260503,202608030407,7,0.004388253946423063,0.05517861629030831,10.7,4,0.04695431722672677,0.5904111943062988,0,1,0
20260503,202608030407,8,0.0009520817044789913,0.011536726524336393,19.8,8,0.018851217748684028,0.2284271851818606,0,0,0
20260503,202608030408,1,0.012734159411326508,0.0726441088694751,7.8,4,0.09932644340834676,0.5666240491819058,0,0,0
20260503,202608030408,2,0.01132940304392243,0.024726101943025686,46.0,9,0.5211525400204318,1.1374006893791815,0,0,0
20260503,202608030408,3,0.0011170162436246827,0.00485112553963552,4.0,2,0.004468064974498731,0.01940450215854208,0,0,0
20260503,202608030408,4,0.0014427940249804618,0.00817591297379994,1.9,1,0.002741308647462877,0.015534234650219886,0,0,0
20260503,202608030408,5,0.00103315859642315,0.006113754908613543,12.8,6,0.01322443003421632,0.07825606283025335,0,1,0
20260503,202608030408,6,0.00147607613600615,0.007288764692818602,35.2,8,0.05195787998741648,0.2565645171872148,0,0,0
20260503,202608030408,7,0.004933184452447991,0.011548804424353146,5.6,3,0.027625832933708745,0.06467330477637762,0,0,0
20260503,202608030408,8,0.0037008235024336786,0.014290665272028425,12.2,5,0.045150046729690876,0.17434611631874677,0,1,0
20260503,202608030408,9,0.007894565479414157,0.02890399993065439,15.6,7,0.12315522147886085,0.4509023989182085,0,0,0
20260503,202608030408,10,0.0011617858448376586,0.007203305451614951,11.4,3,0.01324435863114931,0.08211768214841045,0,0,0
20260503,202608030408,11,0.0014919380935944629,0.004836293380964084,12.0,5,0.017903257123133554,0.05803552057156901,0,1,0
20260503,202608030408,12,0.0038557596118373783,0.014897430091794514,2.1,1,0.008097095184858495,0.03128460319276848,0,0,0
20260503,202608030408,13,0.00046719817561456363,0.004855891600150176,35.9,10,0.016772414504562835,0.17432650844539133,0,0,0
20260503,202608030408,14,0.008730021089290585,0.02489553972047253,47.5,14,0.41467600174130276,1.1825381367224452,0,0,0
20260503,202608030408,15,0.0033950121598594184,0.015638935961927364,39.4,12,0.1337634790984611,0.6161740768999381,0,0,0
20260503,202608030409,1,0.024671048644921905,0.1749228866098799,79.7,16,1.9662825770002759,13.941354062807429,0,0,1
20260503,202608030409,2,0.001372978821880982,0.01380227724504735,5.7,3,0.007825979284721597,0.0786729802967699,0,0,1
20260503,202608030409,3,0.004137019692474842,0.038592419020720976,57.8,13,0.23911973822504584,2.2306418193976723,0,1,1
20260503,202608030409,4,0.001311902583928637,0.015946052084663095,47.1,12,0.0617906117030388,0.7510590531876318,0,0,1
20260503,202608030409,5,0.004987428540565193,0.024181532811249892,12.3,5,0.06134537104895187,0.2974328535783737,0,0,1
20260503,202608030409,6,0.012260907063106395,0.11091232975992815,62.3,15,0.7638545100315284,6.9098381440435235,1,1,1
20260503,202608030409,7,0.0009421115122651234,0.0069552339082029745,91.2,17,0.08592056991857926,0.6343173324281113,0,0,1
20260503,202608030409,8,0.033714654524441195,0.06662066745720317,14.9,7,0.5023483524141739,0.9926479451123273,0,1,1
20260503,202608030409,9,0.0009213226310417496,0.005444683624753439,3.5,1,0.0032246292086461235,0.019056392686637037,0,0,1
20260503,202608030410,1,0.20950353955034948,0.57797918243392,9.3,5,1.9483829178182503,5.375206396635456,0,0,1
20260503,202608030410,2,0.01894228755615979,0.031859652397302846,3.6,1,0.06819223520217525,0.11469474863029025,0,1,1
20260503,202608030410,3,0.00823780655149093,0.04303747005717956,6.2,3,0.051074400619243766,0.26683231435451327,1,1,1
20260503,202608030410,4,0.0018929145648455645,0.009101282268084704,16.0,8,0.030286633037529032,0.14562051628935527,0,1,1
20260503,202608030410,5,0.005922125444155181,0.019564031727607734,37.0,11,0.21911864143374168,0.7238691739214862,0,0,1
20260503,202608030410,6,0.002132119684318953,0.006028236873033675,11.4,7,0.024306164401236067,0.0687219003525839,0,0,1
20260503,202608030410,7,0.004347912667423247,0.009382853347308822,26.5,10,0.11521968568671603,0.2486456137036838,0,0,1
20260503,202608030410,8,0.0027440958165582926,0.008547931681013038,38.7,13,0.10619650810080593,0.3308049560552046,0,0,1
20260503,202608030410,9,0.01405923484558279,0.02036602829055787,47.3,14,0.6650018081960659,0.9633131381433873,0,0,1
20260503,202608030410,10,0.0013264652533512826,0.006571582162534005,49.5,15,0.0656600300408885,0.32529331704543324,0,0,1
20260503,202608030410,11,0.0035757713913730504,0.02810882591994565,5.3,2,0.018951588374277167,0.14897677737571194,0,0,1
20260503,202608030410,12,0.0012513776927795643,0.009223918678758982,11.1,6,0.013890292389853164,0.1023854973342247,0,0,1
20260503,202608030410,13,0.001839154842879005,0.006715665104379684,7.4,4,0.013609745837304638,0.04969592177240966,0,0,1
20260503,202608030410,14,0.0023052581818863473,0.005514571797963573,37.2,12,0.08575560436617212,0.20514207088424494,0,0,1
20260503,202608030410,15,0.006650771849876278,0.02660670148966746,16.9,9,0.11239804426290909,0.44965325517538,0,0,1
20260503,202608030410,16,0.0017718345376005243,0.004799426483598513,53.5,16,0.09479314776162805,0.2567693168725204,0,0,1
20260503,202608030410,17,0.005449547562127222,0.015000834922469623,4.7,2,0.025612873541997944,0.07050392413560723,0,0,1
20260503,202608030410,18,0.0016852047536447792,0.005798284642779691,18.0,7,0.030333685565606026,0.10436912357003444,0,0,1
20260503,202608030411,1,0.017055976618641895,0.14388573768912719,12.2,6,0.2080829147474311,1.7554059998073515,0,0,0
20260503,202608030411,2,0.002360366553421085,0.01115685516385061,10.9,5,0.02572799543228983,0.12160972128597165,0,0,0
20260503,202608030411,3,0.0044838183408925265,0.012909673389578472,15.3,8,0.06860242061565566,0.19751800286055063,0,1,0
20260503,202608030411,4,0.0011580384523598468,0.006863498179549382,15.1,7,0.017486380630633687,0.10363882251119567,0,0,0
20260503,202608030411,5,0.0010871938897109566,0.006131452741601733,9.3,4,0.010110903174311897,0.05702251049689612,0,0,0
20260503,202608030411,6,0.000355957208717594,0.003656340989633762,33.5,11,0.011924566492039398,0.12248742315273103,0,0,0
20260503,202608030411,7,0.005054584740077412,0.013802803721963963,5.1,2,0.025778382174394796,0.07039429898201621,0,1,0
20260503,202608030411,8,0.0021486383779158497,0.006930879111750124,5.8,3,0.012462102591911928,0.04019909884815072,0,0,0
20260503,202608030411,9,0.0010329529235672888,0.00338129738504834,60.1,14,0.06208047070639406,0.20321597284140525,0,0,0
20260503,202608030411,10,0.0005997631846250489,0.0037640624468323293,35.8,12,0.02147152200957675,0.1347534355965974,0,0,0
20260503,202608030411,11,0.000688100350147276,0.0032234946596554803,25.6,10,0.017615368963770264,0.0825214632871803,0,0,0
20260503,202608030411,12,0.00545316823967485,0.007414588621336314,20.6,9,0.11233526573730192,0.15274052559952808,0,0,0
20260503,202608030411,13,0.00032530682652311235,0.002676467542388692,41.2,13,0.01340264125275223,0.11027046274641412,0,0,0
20260503,202608030411,14,0.0011999739888154649,0.00440135462677096,2.7,1,0.0032399297698017552,0.011883657492281595,0,0,0
20260503,202608030411,15,0.00037424696915614066,0.002376036290568043,29.4,10,0.011002860893190535,0.06985546694270046,0,1,0
20260503,202608030412,1,0.030255489666537617,0.07741768013363966,43.6,12,1.3191393494610402,3.3754108538266894,0,0,0
20260503,202608030412,2,0.005425878756936377,0.03346805203616875,46.2,15,0.2506755985704606,1.5462240040709962,0,0,0
20260503,202608030412,3,0.0013985829400263267,0.011119634829748981,83.4,16,0.11664181719819566,0.927377544801065,0,0,0
20260503,202608030412,4,0.0022612701704449595,0.018547723963822857,43.7,13,0.09881750644844474,0.8105355372190589,0,0,0
20260503,202608030412,5,0.013740278874788065,0.037195178368062465,21.0,10,0.28854585637054936,0.7810987457293117,0,0,0
20260503,202608030412,6,0.02005228708958059,0.05549365907325923,11.9,5,0.23862221636600905,0.6603745429717849,0,0,0
20260503,202608030412,7,0.04602713922080113,0.13923955556728185,27.5,11,1.265746328572031,3.829087778100251,0,0,0
20260503,202608030412,8,0.0005614952560744676,0.0036820498420044273,16.9,8,0.0094892698276585,0.062226642329874814,0,0,0
20260503,202608030412,9,0.002028879130366395,0.006698629146109928,3.7,1,0.0075068527823556625,0.024784927840606735,0,0,0
20260503,202608030412,10,0.01588805798047241,0.04157651872381769,44.4,14,0.7054297743329749,1.8459974313375056,0,1,0
20260503,202608030412,11,0.0023404921260695615,0.0041611303510703315,11.9,6,0.02785185630022778,0.04951745117773695,0,0,0
20260503,202608030412,12,0.011601420190548838,0.03669930609223094,12.3,7,0.14269746834375072,0.45140146493444055,0,0,0
20260503,202608030412,13,0.013211077267787712,0.02574987785031195,20.2,9,0.2668637608093118,0.5201475325763014,0,1,0
20260503,202608030412,14,0.01839976414777914,0.05433766809825469,5.1,3,0.0938387971536736,0.2771221073010989,0,0,0
20260503,202608030412,15,0.012324497191856033,0.0171910935590446,4.6,2,0.056692687082537746,0.07907903037160516,0,0,0
20260503,202608030412,16,0.005902416079045123,0.011823568725099523,9.1,4,0.053711986319310616,0.10759447539840566,0,1,0
