race_id,num_horses,wide_min,wide_max,wide_median
202006010101,16,2.1,246.7,65.3
202006010102,16,2.2,229.0,71.7
202006010103,16,2.3,236.4,69.1
202006010104,16,3.3,242.9,57.3
202006010105,10,1.9,139.4,18.1
202006010106,15,1.9,212.5,58.6
202006010107,16,3.2,237.3,46.2
202006010108,16,3.9,259.3,45.7
202006010109,16,6.3,142.3,34.5
202006010110,16,2.7,253.1,49.4
202006010111,17,3.2,214.3,55.5
202006010112,16,4.4,165.2,41.7
202008010101,16,2.1,188.4,61.5
202008010102,16,2.7,241.1,60.2
202008010103,16,2.6,204.3,65.2
202008010104,12,2.1,138.4,26.6
202008010105,16,4.9,230.9,42.1
202008010106,16,2.4,207.2,56.4
202008010107,16,4.5,221.8,46.0
202008010108,16,2.0,176.7,62.4
202008010109,7,2.7,18.6,5.6
202008010110,16,2.7,208.5,49.9
202008010111,18,5.1,249.0,54.6
202008010112,16,2.8,211.8,55.3
202006010201,16,4.3,276.2,49.0
202006010202,16,2.9,266.6,52.9
202006010203,16,2.6,239.6,53.7
202006010204,16,1.9,194.6,59.8
202006010205,16,2.7,245.8,66.2
202006010206,16,4.2,272.0,56.3
202006010207,11,1.9,114.6,23.4
202006010208,16,2.9,251.5,68.3
202006010209,16,5.6,278.3,48.6
202006010210,15,2.5,219.5,45.6
202006010211,11,3.3,136.0,18.9
202006010212,11,2.1,135.2,22.8
202008010201,15,6.9,206.9,36.3
202008010202,16,3.6,209.7,45.3
202008010203,16,2.7,183.4,56.7
202008010204,12,2.0,126.6,29.7
202008010205,16,2.4,221.2,62.2
202008010206,9,2.7,59.8,12.2
202008010207,15,4.1,158.5,40.7
202008010208,12,2.5,143.6,27.5
202008010209,12,3.8,119.3,26.7
202008010210,11,2.8,114.8,22.0
202008010211,15,3.1,156.8,39.5
202008010212,16,2.6,163.2,55.9
202006010301,16,2.5,250.9,65.4
202006010302,16,1.9,226.2,65.8
202006010303,16,2.2,248.9,79.3
202006010304,16,2.2,244.4,77.6
202006010305,16,3.5,246.0,60.1
202006010306,16,2.5,252.4,65.3
202006010307,16,5.5,256.9,60.0
202006010308,13,3.0,188.7,34.0
202006010309,16,4.4,260.5,50.5
202006010310,16,3.2,232.7,48.5
202006010311,13,3.2,190.4,31.7
202006010312,16,3.8,274.2,48.6
202008010301,16,3.9,247.4,53.5
202008010302,16,2.8,223.3,58.3
202008010303,16,2.3,171.5,53.0
202008010304,13,2.5,157.2,30.1
202008010305,16,3.4,191.7,47.0
202008010306,16,3.4,210.8,51.5
202008010307,8,1.8,48.7,9.9
202008010308,11,2.8,125.5,19.6
202008010309,16,2.8,223.9,57.0
202008010310,12,2.8,119.2,26.6
202008010311,15,2.6,226.2,54.1
202008010312,16,2.4,182.2,50.6
202006010401,16,2.7,251.6,72.6
202006010402,16,3.2,268.3,51.8
202006010403,16,2.1,243.1,67.3
202006010404,14,2.0,191.4,47.1
202006010405,16,2.4,254.8,60.5
202006010406,16,4.7,276.9,49.5
202006010407,16,3.0,250.9,52.3
202006010408,16,5.6,192.8,34.9
202006010409,13,2.4,164.2,31.2
202006010410,12,2.9,114.9,24.5
202006010411,15,2.5,236.1,52.0
202006010412,16,2.7,253.4,58.8
202008010401,16,2.6,216.6,53.7
202008010402,14,2.3,158.4,40.5
202008010403,16,3.7,249.0,51.0
202008010404,16,2.0,166.4,55.6
202008010405,16,3.0,250.5,56.7
202008010406,15,2.7,233.4,41.7
202008010407,16,3.0,197.5,47.2
202008010408,16,3.0,179.0,48.0
202008010409,16,3.3,193.5,47.6
202008010410,16,2.9,231.3,51.4
202008010411,10,2.0,71.0,16.8
202008010412,12,2.8,96.1,27.1
202006010501,16,3.9,281.1,62.8
202006010502,16,1.6,198.3,78.1
202006010503,16,2.3,242.2,59.7
202006010504,16,1.9,188.1,65.7
202006010505,15,2.8,228.8,45.0
202006010506,16,2.8,254.9,60.1
202006010507,15,4.1,265.0,52.0
202006010508,10,2.0,141.0,22.2
202006010509,16,3.5,204.9,49.1
202006010510,16,5.0,202.7,42.7
202006010511,16,2.1,227.6,72.8
202006010512,16,4.6,267.6,61.2
202008010501,15,2.4,231.7,54.6
202008010502,16,2.8,248.8,51.2
202008010503,14,2.9,176.0,39.5
202008010504,14,2.2,160.3,44.4
202008010505,16,2.3,217.1,59.1
202008010506,13,2.2,140.6,33.5
202008010507,16,2.8,233.8,61.1
202008010508,13,3.7,159.0,30.9
202008010509,15,2.1,190.7,56.5
202008010510,13,3.3,92.1,28.4
202008010511,14,3.7,181.6,35.2
202008010512,12,2.4,76.6,26.7
202006010601,16,3.6,178.1,44.3
202006010602,15,2.3,233.5,46.7
202006010603,16,2.3,235.8,54.8
202006010604,14,2.3,187.7,41.5
202006010605,16,3.9,211.5,54.5
202006010606,7,1.4,45.4,7.8
202006010607,16,3.8,247.9,56.1
202006010608,16,1.9,213.3,68.7
202006010609,16,4.1,232.1,44.7
202006010610,16,3.8,241.1,52.0
202006010611,16,3.5,184.3,43.0
202006010612,10,4.0,57.8,11.8
202008010601,16,1.9,219.4,69.4
202008010602,10,1.6,67.6,21.4
202008010603,13,2.4,175.7,32.9
202008010604,16,2.7,235.3,63.1
202008010605,15,2.2,213.7,55.7
202008010606,6,1.8,17.4,4.7
202008010607,12,3.3,84.8,23.3
202008010608,14,3.6,98.1,30.4
202008010609,12,2.3,122.9,25.8
202008010610,10,3.8,33.4,12.9
202008010611,15,2.3,179.9,47.9
202008010612,16,2.6,199.7,56.6
202010010101,13,3.9,169.0,28.9
202010010102,15,3.1,226.0,50.3
202010010103,18,3.1,237.5,65.2
202010010104,12,1.7,137.3,29.7
202010010105,15,2.4,170.1,54.1
202010010106,13,2.9,132.5,28.2
202010010107,16,2.7,214.2,52.7
202010010108,18,4.0,253.0,58.5
202010010109,16,2.3,200.8,55.8
202010010110,16,2.4,204.9,54.4
202010010111,16,3.8,245.5,46.5
202010010112,14,2.3,137.6,37.7
202006010701,16,3.4,264.4,62.4
202006010702,16,2.5,255.6,74.8
202006010703,15,1.9,212.3,63.6
202006010704,16,3.4,252.2,56.4
202006010705,16,3.8,274.6,53.6
202006010706,16,2.7,262.7,64.5
202006010707,15,3.0,216.8,47.9
202006010708,15,3.4,255.4,47.6
202006010709,12,2.3,139.7,26.0
202006010710,16,3.0,176.6,53.1
202006010711,12,2.9,127.4,24.7
202006010712,16,6.4,272.2,43.0
202008010701,9,1.6,61.5,13.0
202008010702,13,2.7,174.3,31.8
202008010703,13,3.0,186.8,29.0
202008010704,11,2.4,125.7,25.3
202008010705,16,3.6,194.8,60.8
202008010706,12,3.1,141.3,26.7
202008010707,10,2.1,53.2,15.5
202008010708,10,1.8,113.2,18.2
202008010709,9,2.6,86.4,14.3
202008010710,8,3.1,39.4,8.4
202008010711,14,3.5,161.2,33.2
202008010712,16,3.5,225.0,47.4
202010010201,15,2.8,192.1,46.2
202010010202,14,5.7,171.5,29.6
202010010203,16,4.3,208.8,46.7
202010010204,18,2.7,216.4,63.1
202010010205,15,2.7,194.7,40.4
202010010206,18,8.2,194.5,45.3
202010010207,13,2.5,150.8,30.6
202010010208,18,4.3,207.5,55.8
202010010209,14,2.4,165.9,36.3
202010010210,7,1.6,48.4,7.4
202010010211,18,3.5,252.0,64.0
202010010212,14,3.1,165.0,34.0
202006010801,16,2.2,228.9,56.4
202006010802,14,2.7,188.1,37.8
202006010803,12,2.9,152.8,28.0
202006010804,16,3.4,250.8,51.6
202006010805,15,5.1,282.0,47.6
202006010806,16,3.5,252.4,57.4
202006010807,11,3.0,167.0,23.0
202006010808,14,3.5,201.0,34.5
202006010809,13,2.7,157.9,31.6
202006010810,11,2.6,94.9,18.1
202006010811,16,3.1,247.0,49.3
202006010812,16,5.8,246.9,35.9
202008010801,10,1.4,80.1,23.2
202008010802,14,2.0,173.9,47.3
202008010803,11,2.6,65.7,23.1
202008010804,14,2.1,127.1,40.3
202008010805,11,2.1,160.3,24.4
202008010806,16,2.8,232.6,51.6
202008010807,11,2.1,97.8,23.1
202008010808,11,2.5,93.8,19.0
202008010809,10,1.8,82.5,17.6
202008010810,9,1.7,83.8,15.7
202008010811,16,3.0,203.9,44.4
202008010812,9,1.7,112.4,15.2
202010010301,14,2.3,144.4,36.0
202010010302,11,2.5,80.9,19.3
202010010303,17,2.9,222.8,56.9
202010010304,13,2.0,126.9,39.0
202010010305,9,1.8,54.0,10.4
202010010306,12,3.4,127.4,23.0
202010010307,16,3.6,168.8,45.9
202010010308,10,2.4,86.6,14.7
202010010309,8,3.0,28.1,8.2
202010010310,10,2.4,136.2,18.2
202010010311,16,3.9,217.0,43.4
202010010312,13,3.3,147.2,27.5
202006010901,16,2.5,205.2,50.1
202006010902,12,3.5,215.0,29.1
202006010903,16,2.4,233.6,72.9
202006010904,14,2.8,195.5,36.8
202006010905,16,3.7,278.1,66.9
202006010906,16,2.8,254.4,60.3
202006010907,16,4.1,228.1,42.9
202006010908,15,2.8,260.3,41.8
202006010909,11,3.2,184.2,23.3
202006010910,12,1.8,150.6,30.2
202006010911,12,2.9,115.0,26.1
202006010912,6,1.5,15.8,4.4
202008010901,9,1.6,76.8,11.8
202008010902,11,1.8,122.8,23.5
202008010903,11,1.8,121.2,22.5
202008010904,15,3.4,206.7,41.0
202008010905,10,1.7,93.3,17.0
202008010906,16,3.6,228.9,55.2
202008010907,9,1.7,66.0,12.9
202008010908,5,1.2,12.5,3.0
202008010909,16,3.8,210.6,43.3
202008010910,6,1.7,19.4,3.7
202008010911,16,3.0,192.8,51.6
202008010912,13,3.0,180.8,28.3
202010010401,16,3.1,190.4,47.8
202010010402,14,3.6,169.4,31.1
202010010403,16,4.1,226.5,43.0
202010010404,10,1.7,60.8,14.5
202010010405,18,3.8,259.5,57.9
202010010406,11,5.5,66.5,15.6
202010010407,10,2.8,74.2,13.8
202010010408,16,2.4,175.3,54.3
202010010409,12,2.4,85.3,26.3
202010010410,16,4.0,240.1,41.8
202010010411,16,3.1,137.3,48.3
202010010412,17,2.8,228.0,61.3
202005010101,15,3.1,275.7,48.0
202005010102,16,2.0,229.3,63.9
202005010103,16,4.2,267.5,56.4
202005010104,11,1.8,129.2,24.5
202005010105,16,2.5,248.4,63.5
202005010106,12,1.9,131.1,31.2
202005010107,16,3.1,256.0,59.1
202005010108,16,2.6,208.4,60.1
202005010109,16,6.9,245.6,43.8
202005010110,10,2.0,137.3,19.8
202005010111,14,3.3,177.0,33.1
202005010112,15,2.2,218.5,48.4
202008020101,10,1.7,96.1,16.6
202008020102,16,2.6,230.8,58.6
202008020103,15,2.2,211.6,54.4
202008020104,11,1.7,119.0,24.3
202008020105,12,2.6,157.5,27.1
202008020106,13,4.5,166.1,30.3
202008020107,12,2.5,112.1,25.7
202008020108,14,2.7,154.9,42.0
202008020109,10,2.4,53.7,16.8
202008020110,12,2.2,142.4,22.0
202008020111,14,2.3,154.2,39.3
202008020112,11,3.4,84.0,16.8
202010010501,14,3.4,165.1,32.2
202010010502,16,2.4,201.9,53.8
202010010503,14,2.9,188.1,37.2
202010010504,18,3.0,236.3,67.6
202010010505,9,2.4,39.2,10.9
202010010506,14,3.5,127.5,29.6
202010010507,9,2.6,55.1,11.1
202010010508,12,2.5,113.8,27.2
202010010509,8,2.2,58.3,9.9
202010010510,8,1.9,30.4,9.3
202010010511,13,4.5,130.4,26.2
202010010512,12,3.0,69.4,24.2
202005010201,15,2.4,193.2,48.6
202005010202,16,3.2,241.4,53.3
202005010203,16,2.7,258.1,63.1
202005010204,16,3.0,250.9,59.0
202005010205,16,4.3,279.7,74.1
202005010206,16,5.6,208.6,34.6
202005010207,16,3.7,188.8,45.3
202005010208,16,7.4,288.5,40.1
202005010209,13,2.9,224.4,35.3
202005010210,13,4.3,191.8,31.4
202005010211,16,3.1,247.6,49.4
202005010212,10,2.5,146.7,14.8
202008020201,12,2.2,131.0,26.3
202008020202,13,2.1,175.0,38.5
202008020203,9,3.0,43.4,12.9
202008020204,13,2.0,133.7,33.6
202008020205,16,3.0,232.2,56.0
202008020206,14,4.1,215.7,34.8
202008020207,8,1.8,33.6,10.7
202008020208,16,3.0,227.1,58.3
202008020209,9,2.1,77.6,11.7
202008020210,13,6.4,183.7,24.6
202008020211,18,7.3,246.8,54.9
202008020212,11,2.7,68.0,20.7
202010010601,16,2.4,225.3,52.5
202010010602,14,3.2,159.7,29.7
202010010603,18,6.3,245.1,51.1
202010010604,18,3.3,251.0,67.6
202010010605,16,3.4,199.9,47.3
202010010606,10,2.7,85.9,13.1
202010010607,16,3.5,214.4,46.7
202010010608,11,2.5,94.1,20.8
202010010609,8,1.5,59.3,9.7
202010010610,13,2.7,151.6,30.6
202010010611,18,4.3,229.9,60.6
202010010612,11,2.7,113.0,18.5
202005010301,16,3.2,275.2,57.5
202005010302,16,1.9,234.8,71.5
202005010303,16,2.9,214.3,50.9
202005010304,15,3.2,208.2,41.4
202005010305,16,2.3,250.0,59.9
202005010306,15,3.0,999.9,50.3
202005010307,16,3.6,260.1,50.3
202005010308,15,3.9,237.8,42.4
202005010309,16,3.8,263.6,51.1
202005010310,11,1.9,77.9,25.8
202005010311,16,2.6,237.0,58.3
202005010312,15,5.1,181.0,38.7
202008020301,12,1.9,139.3,31.8
202008020302,12,2.1,123.3,29.3
202008020303,15,3.2,205.4,46.6
202008020304,12,2.9,114.5,27.4
202008020305,12,3.5,141.5,24.8
202008020306,16,3.4,203.1,46.8
202008020307,16,3.4,229.9,58.6
202008020308,15,2.0,204.8,53.0
202008020309,12,3.2,84.2,23.5
202008020310,12,3.4,129.0,26.2
202008020311,16,1.9,205.6,64.2
202008020312,9,2.4,63.4,11.2
202010010701,14,2.9,147.6,34.8
202010010702,16,7.1,227.6,34.6
202010010703,15,2.0,199.5,55.3
202010010704,17,3.0,222.7,55.3
202010010705,10,2.1,76.4,18.3
202010010706,10,3.8,77.2,17.2
202010010707,10,2.0,93.2,20.3
202010010708,13,2.7,139.7,29.9
202010010709,11,2.6,116.1,19.3
202010010710,15,4.5,231.4,39.2
202010010711,12,4.0,93.2,23.7
202010010712,17,4.0,228.2,46.9
202005010401,16,2.8,241.1,60.8
202005010402,15,2.6,253.0,57.8
202005010403,16,3.3,213.5,47.1
202005010404,16,2.6,252.0,66.7
202005010405,16,2.4,239.0,57.5
202005010406,16,3.0,244.7,61.5
202005010407,12,3.0,169.2,27.4
202005010408,16,5.2,285.0,64.6
202005010409,9,2.4,43.3,11.4
202005010410,16,2.7,186.0,54.1
202005010411,16,3.0,153.2,43.9
202005010412,13,2.1,212.2,39.0
202008020401,16,2.6,191.4,51.6
202008020402,15,1.8,208.8,57.3
202008020403,12,2.1,112.8,30.4
202008020404,13,1.7,135.8,40.3
202008020405,12,1.8,143.4,29.3
202008020406,16,2.9,212.2,50.4
202008020407,13,2.3,159.9,34.8
202008020408,13,2.5,158.0,30.3
202008020409,16,3.1,196.2,58.0
202008020410,16,2.9,195.3,52.5
202008020411,8,2.0,49.0,9.7
202008020412,12,1.9,120.7,32.0
202010010801,14,2.5,172.5,38.5
202010010802,14,3.3,132.9,30.6
202010010803,18,5.7,200.2,54.4
202010010804,16,3.2,213.2,48.0
202010010805,18,4.5,236.5,62.7
202010010806,11,3.1,62.1,18.3
202010010807,9,2.4,55.9,12.4
202010010808,14,3.7,134.6,30.2
202010010809,18,4.2,243.1,62.6
202010010810,16,4.1,162.8,43.6
202010010811,13,3.5,175.0,28.1
202010010812,13,2.8,151.8,30.0
202005010501,16,3.1,252.3,56.3
202005010502,16,2.0,224.1,76.0
202005010503,16,3.1,254.6,54.6
202005010504,16,2.4,247.2,55.7
202005010505,16,2.2,236.1,71.4
202005010506,14,2.0,205.8,44.8
202005010507,16,2.7,249.2,51.0
202005010508,16,3.3,258.1,57.5
202005010509,15,3.1,199.8,39.6
202005010510,16,4.0,229.7,45.6
202005010511,14,3.6,203.6,37.4
202005010512,16,4.2,264.7,55.2
202008020501,16,2.1,222.8,65.0
202008020502,11,2.0,92.7,22.8
202008020503,16,3.3,214.6,52.0
202008020504,14,2.6,167.0,36.5
202008020505,13,1.9,154.4,39.1
202008020506,16,2.8,196.9,52.9
202008020507,16,2.5,209.8,49.1
202008020508,13,2.7,147.8,28.1
202008020509,7,1.6,32.5,6.7
202008020510,12,3.7,128.6,23.9
202008020511,13,3.8,147.0,26.8
202008020512,15,2.5,204.4,45.7
202010010901,14,4.3,91.9,31.2
202010010902,11,3.6,134.5,21.2
202010010903,14,2.8,167.1,31.4
202010010904,18,5.1,214.4,52.0
202010010905,12,2.8,91.7,24.7
202010010906,11,3.3,66.4,16.5
202010010907,10,2.0,44.3,12.6
202010010908,13,3.4,183.0,29.2
202010010909,14,3.7,100.0,31.1
202010010910,12,3.4,90.4,25.2
202010010911,17,3.5,203.7,51.9
202010010912,15,3.0,203.0,41.9
202005010601,16,3.4,255.3,61.5
202005010602,16,4.0,264.6,55.7
202005010603,16,4.2,257.2,54.2
202005010604,16,3.3,235.8,53.3
202005010605,16,1.9,232.6,54.1
202005010606,14,2.5,197.7,40.9
202005010607,16,2.5,245.1,49.2
202005010608,12,3.5,84.4,24.1
202005010609,15,3.2,207.2,39.8
202005010610,16,3.6,182.4,48.3
202005010611,9,1.6,96.1,15.6
202005010612,12,2.7,186.0,27.8
202008020601,15,2.6,211.5,42.9
202008020602,16,2.3,194.5,62.2
202008020603,13,2.7,146.4,28.3
202008020604,13,2.9,150.7,29.1
202008020605,14,2.9,174.3,37.1
202008020606,16,2.3,201.2,56.9
202008020607,16,3.2,171.0,49.4
202008020608,9,1.5,71.0,14.1
202008020609,7,2.0,19.0,6.0
202008020610,14,2.0,169.4,40.8
202008020611,10,1.8,999.9,20.0
202008020612,16,4.7,215.2,45.3
202010011001,16,3.4,221.2,49.6
202010011002,12,2.5,132.6,25.6
202010011003,18,4.4,256.5,61.5
202010011004,13,3.3,170.4,29.3
202010011005,12,3.5,91.4,23.8
202010011006,12,2.9,85.9,25.3
202010011007,13,3.4,157.6,29.1
202010011008,14,4.6,147.5,30.1
202010011009,14,5.5,200.3,36.5
202010011010,16,3.9,194.2,48.0
202010011011,17,3.0,199.6,58.9
202010011012,10,2.2,63.5,13.4
202005010701,16,2.2,228.3,64.0
202005010702,16,3.8,246.3,52.2
202005010703,16,3.5,270.3,47.1
202005010704,16,3.3,260.3,66.2
202005010705,16,3.8,265.3,61.1
202005010706,12,3.2,212.8,28.8
202005010707,16,2.4,219.0,55.3
202005010708,7,1.9,41.5,7.2
202005010709,16,3.6,229.7,47.4
202005010710,16,3.2,251.5,56.1
202005010711,16,3.5,194.3,50.6
202005010712,13,2.4,131.6,28.9
202008020701,16,1.6,203.5,78.2
202008020702,15,2.1,210.5,59.7
202008020703,16,3.3,265.7,64.7
202008020704,14,2.2,139.4,37.7
202008020705,16,2.7,223.5,57.1
202008020706,10,2.5,66.7,13.4
202008020707,7,1.6,54.2,7.1
202008020708,16,4.6,217.9,42.3
202008020709,8,2.2,33.4,8.9
202008020710,16,3.9,172.4,45.6
202008020711,17,5.0,260.5,52.4
202008020712,16,4.6,237.1,41.6
202010011101,16,3.4,233.7,48.5
202010011102,15,2.4,159.3,48.8
202010011103,18,2.8,238.3,71.4
202010011104,16,3.6,191.2,45.0
202010011105,15,4.3,143.8,36.6
202010011106,7,1.4,45.9,8.0
202010011107,17,4.4,193.0,44.5
202010011108,14,2.4,138.7,38.8
202010011109,11,2.3,75.4,22.2
202010011110,16,3.0,215.7,50.9
202010011111,18,3.0,217.4,60.7
202010011112,17,4.4,199.7,52.9
202005010801,16,2.3,218.8,53.7
202005010802,16,3.0,248.6,61.6
202005010803,16,3.9,258.8,40.6
202005010804,16,2.6,253.5,59.5
202005010805,10,1.7,155.9,20.2
202005010806,11,1.9,156.4,25.2
202005010807,16,3.5,247.0,54.4
202005010808,10,1.6,117.3,19.0
202005010809,14,2.4,169.5,38.5
202005010810,10,2.4,98.8,14.6
202005010811,16,2.1,221.6,59.6
202005010812,16,3.3,259.6,53.2
202008020801,16,2.5,154.4,52.8
202008020802,16,3.1,187.5,48.8
202008020803,15,2.6,226.9,55.0
202008020804,14,3.5,199.5,40.7
202008020805,16,2.2,189.5,64.8
202008020806,11,3.0,117.3,18.0
202008020807,11,1.8,96.6,24.1
202008020808,16,2.7,230.6,56.1
202008020809,11,2.1,136.7,22.2
202008020810,13,3.1,112.0,31.5
202008020811,16,2.3,197.5,55.7
202008020812,16,3.5,255.7,52.3
202010011201,14,3.7,189.9,34.1
202010011202,14,3.8,142.6,30.9
202010011203,18,4.4,212.3,57.4
202010011204,12,1.9,131.3,28.6
202010011205,12,2.4,120.9,26.4
202010011206,16,2.6,197.5,53.3
202010011207,14,3.3,152.2,28.7
202010011208,15,3.1,148.2,40.3
202010011209,10,1.6,78.8,21.1
202010011210,18,3.1,236.4,60.8
202010011211,14,2.8,144.5,37.1
202010011212,12,2.8,122.0,26.4
202006020101,13,2.3,205.3,38.1
202006020102,16,2.9,256.1,58.2
202006020103,13,2.4,197.0,35.2
202006020104,15,3.4,250.7,41.4
202006020105,16,2.6,243.9,61.2
202006020106,11,1.7,121.2,25.6
202006020107,16,5.4,207.0,45.1
202006020108,14,2.5,173.9,44.8
202006020109,9,2.3,83.5,12.2
202006020110,12,3.0,169.8,27.2
202006020111,13,2.6,137.3,29.1
202006020112,16,3.8,244.9,45.3
202007010101,16,3.1,171.8,47.3
202007010102,12,3.8,85.7,21.3
202007010103,18,3.7,254.8,70.2
202007010104,17,3.3,227.9,49.6
202007010105,13,2.3,159.9,32.1
202007010106,15,2.3,191.5,52.0
202007010107,9,1.9,54.9,12.0
202007010108,13,4.9,177.8,30.7
202007010109,11,2.3,78.5,24.0
202007010110,11,3.7,122.6,18.8
202007010111,12,2.2,89.8,31.4
202007010112,18,5.4,196.9,51.5
202009010101,8,1.4,51.6,9.7
202009010102,15,1.9,199.5,49.6
202009010103,10,1.5,57.0,21.0
202009010104,16,4.0,170.8,45.1
202009010105,13,2.3,99.5,31.8
202009010106,13,2.9,139.7,30.9
202009010107,9,1.7,74.8,15.1
202009010108,10,2.7,51.3,17.1
202009010109,12,5.2,127.8,19.4
202009010110,11,3.1,119.7,16.0
202009010111,16,4.5,221.9,48.3
202009010112,9,1.8,59.1,13.7
202006020201,12,2.3,99.9,26.3
202006020202,16,2.6,217.1,52.4
202006020203,15,2.6,175.9,44.6
202006020204,16,2.5,202.2,54.4
202006020205,16,2.6,249.9,53.8
202006020206,9,1.4,111.4,23.1
202006020207,15,2.7,244.2,48.0
202006020208,16,3.7,274.0,50.9
202006020209,8,2.4,34.2,8.9
202006020210,16,3.4,245.6,51.0
202006020211,9,1.7,118.1,16.2
202006020212,13,2.9,130.4,29.1
202007010201,13,2.0,129.3,37.2
202007010202,13,2.2,155.1,34.1
202007010203,15,2.1,169.7,53.7
202007010204,14,5.0,145.0,30.3
202007010205,13,2.0,142.6,35.3
202007010206,10,1.9,91.3,15.6
202007010207,8,1.8,58.5,10.0
202007010208,11,2.3,116.5,23.4
202007010209,11,3.3,87.9,22.0
202007010210,10,2.7,83.7,14.5
202007010211,18,8.5,205.8,45.6
202007010212,16,3.8,196.8,42.1
202009010201,15,2.4,216.8,50.3
202009010202,10,1.7,99.2,18.6
202009010203,14,1.9,177.0,46.3
202009010204,14,2.8,167.4,38.7
202009010205,16,2.4,176.4,62.3
202009010206,10,1.8,93.6,19.4
202009010207,10,2.2,79.0,17.3
202009010208,9,1.7,85.0,13.9
202009010209,11,1.9,123.0,20.4
202009010210,6,1.5,20.5,4.7
202009010211,18,3.2,215.7,66.9
202009010212,16,3.7,203.6,44.4
202006020301,16,2.4,219.8,63.7
202006020302,13,2.5,168.3,35.3
202006020303,16,1.8,225.2,71.0
202006020304,12,2.3,165.8,38.5
202006020305,16,2.7,233.0,56.7
202006020306,16,2.2,233.1,57.3
202006020307,8,1.5,80.2,10.8
202006020308,9,2.1,97.9,14.5
202006020309,9,1.9,72.7,14.5
202006020310,12,2.7,127.1,25.8
202006020311,16,1.7,210.7,75.7
202006020312,16,3.1,252.7,74.5
202007010301,11,3.5,90.1,17.2
202007010302,16,3.9,221.0,44.2
202007010303,15,2.0,200.1,54.0
202007010304,13,2.5,122.8,32.0
202007010305,14,3.2,150.9,33.8
202007010306,14,3.9,201.6,35.8
202007010307,11,2.4,153.9,27.3
202007010308,16,3.3,198.4,48.9
202007010309,10,2.1,85.6,22.3
202007010310,13,2.6,143.4,32.3
202007010311,18,3.0,221.6,68.6
202007010312,16,3.1,191.9,51.3
202009010301,9,2.2,66.8,12.1
202009010302,13,1.8,126.2,44.8
202009010303,12,1.7,126.2,34.8
202009010304,16,4.9,248.7,52.0
202009010305,14,3.2,177.0,36.4
202009010306,10,2.6,68.2,16.6
202009010307,16,3.1,199.8,54.9
202009010308,11,3.7,92.2,16.8
202009010309,12,2.6,162.4,26.3
202009010310,11,2.5,125.6,22.6
202009010311,14,2.4,142.9,39.7
202009010312,16,3.1,181.0,45.6
202006020401,15,2.1,216.9,54.4
202006020402,16,2.7,247.9,73.0
202006020403,14,2.1,195.0,51.0
202006020404,16,2.0,231.5,80.6
202006020405,16,1.9,226.5,66.7
202006020406,9,1.6,52.5,17.3
202006020407,16,2.8,257.5,58.1
202006020408,11,2.4,174.3,26.2
202006020409,16,5.3,262.0,45.6
202006020410,16,3.4,218.7,45.2
202006020411,11,1.7,93.8,22.4
202006020412,13,3.1,185.8,32.4
202007010401,11,2.1,110.3,21.5
202007010402,18,3.7,254.9,67.1
202007010403,13,2.6,97.5,31.7
202007010404,14,2.5,179.4,39.3
202007010405,17,2.2,214.9,86.0
202007010406,14,2.2,153.8,41.8
202007010407,11,2.4,72.7,17.6
202007010408,7,1.5,51.7,6.9
202007010409,18,3.3,256.9,60.1
202007010410,10,3.2,38.3,13.7
202007010411,13,2.7,156.8,31.7
202007010412,16,3.4,218.9,55.2
202009010401,16,2.5,206.7,55.2
202009010402,13,2.6,146.0,29.3
202009010403,13,2.4,184.4,36.2
202009010404,15,2.8,240.2,53.3
202009010405,16,3.6,234.3,55.7
202009010406,8,1.9,31.0,10.9
202009010407,12,2.7,152.6,28.2
202009010408,11,2.3,127.3,21.7
202009010409,7,1.8,28.4,6.3
202009010410,16,2.5,198.5,56.2
202009010411,16,3.5,187.0,44.4
202009010412,15,3.0,231.4,43.6
202006020501,16,3.4,259.4,62.5
202006020502,16,1.7,203.4,72.2
202006020503,16,2.2,216.9,60.4
202006020504,16,2.6,256.5,52.1
202006020505,16,3.2,254.1,55.8
202006020506,16,5.0,256.0,57.6
202006020507,15,2.7,219.8,48.3
202006020508,15,2.9,206.7,45.7
202006020509,10,2.5,141.4,20.8
202006020510,16,3.0,211.7,52.9
202006020511,16,2.9,175.5,50.5
202006020512,16,3.7,233.8,48.0
202007010501,12,2.5,133.0,25.9
202007010502,16,2.2,188.9,63.5
202007010503,16,4.4,214.2,41.2
202007010504,18,3.0,232.7,74.1
202007010505,16,2.5,168.7,50.3
202007010506,16,5.9,197.3,39.2
202007010507,14,3.1,205.3,31.8
202007010508,16,2.7,179.5,47.9
202007010509,13,2.4,89.5,31.1
202007010510,10,2.3,111.4,17.5
202007010511,18,5.1,232.6,53.5
202007010512,16,5.2,220.7,39.6
202009010501,11,2.1,134.8,25.2
202009010502,13,2.2,166.4,35.8
202009010503,16,2.6,231.1,54.5
202009010504,13,2.2,117.7,32.9
202009010505,16,2.7,197.5,50.3
202009010506,11,2.4,141.2,23.5
202009010507,11,1.9,123.1,24.1
202009010508,9,1.7,75.7,12.5
202009010509,11,3.3,173.5,21.5
202009010510,11,2.5,113.5,24.1
202009010511,16,3.9,212.3,52.9
202009010512,14,4.5,164.3,31.9
202006020601,12,1.9,163.7,32.3
202006020602,16,2.4,241.0,62.9
202006020603,16,3.3,236.1,53.5
202006020604,14,1.9,190.7,48.4
202006020605,15,2.2,233.5,49.6
202006020606,16,2.1,220.0,59.5
202006020607,11,2.2,180.8,22.4
202006020608,16,3.3,223.1,62.6
202006020609,11,4.5,47.4,17.6
202006020610,16,4.8,202.0,44.4
202006020611,12,3.1,160.9,27.4
202006020612,16,2.8,259.3,52.7
202007010601,13,2.9,188.1,30.5
202007010602,16,3.0,246.8,56.5
202007010603,12,1.9,161.6,31.1
202007010604,16,2.3,224.2,68.3
202007010605,12,1.8,130.0,31.0
202007010606,15,3.0,200.5,40.0
202007010607,10,2.8,93.1,14.6
202007010608,11,2.6,117.5,20.3
202007010609,16,4.8,227.3,38.6
202007010610,12,3.2,150.2,26.3
202007010611,12,1.9,124.5,28.9
202007010612,11,2.9,81.9,18.8
202009010601,9,1.6,90.4,15.0
202009010602,16,2.7,212.6,54.1
202009010603,14,2.0,166.3,50.0
202009010604,16,2.1,210.8,71.2
202009010605,11,3.1,71.3,18.4
202009010606,16,3.2,217.6,46.9
202009010607,12,2.7,170.6,27.9
202009010608,10,2.3,72.6,16.5
202009010609,11,2.3,121.5,20.8
202009010610,13,3.5,134.2,28.0
202009010611,18,5.4,225.9,55.6
202009010612,16,3.1,223.2,52.3
202006020701,16,4.1,275.5,64.0
202006020702,16,3.0,263.0,62.2
202006020703,16,2.4,251.6,72.2
202006020704,16,3.8,209.9,45.5
202006020705,16,3.7,248.5,48.4
202006020706,15,2.4,248.5,61.7
202006020707,16,4.7,283.4,60.9
202006020708,13,2.1,171.9,36.8
202006020709,16,2.7,221.6,45.0
202006020710,14,2.8,152.7,32.0
202006020711,14,4.6,194.8,31.2
202006020712,9,1.4,90.3,12.8
202009010701,16,3.0,235.6,57.2
202009010702,13,2.6,170.8,30.0
202009010703,14,2.6,136.9,35.6
202009010704,14,2.5,181.2,37.9
202009010705,16,2.4,208.2,59.2
202009010706,16,3.4,229.6,51.8
202009010707,5,1.1,10.3,3.0
202009010708,8,2.0,47.2,10.1
202009010709,16,5.2,269.9,45.1
202009010710,16,2.5,205.1,57.4
202009010711,10,2.6,60.2,12.6
202009010712,10,2.0,91.3,18.5
202006020801,16,1.9,233.5,73.3
202006020802,16,2.8,255.1,75.9
202006020803,16,2.0,231.6,62.0
202006020804,14,3.1,197.5,40.9
202006020805,16,2.1,227.0,63.7
202006020806,16,2.1,235.8,67.3
202006020807,8,1.7,36.5,10.5
202006020808,16,5.7,259.1,40.3
202006020809,8,1.7,82.9,14.1
202006020810,11,2.4,171.9,23.7
202006020811,16,3.9,264.2,43.3
202006020812,16,3.1,255.8,50.6
202009010801,15,2.6,229.4,52.5
202009010802,16,3.5,216.3,46.7
202009010803,13,2.5,176.8,36.5
202009010804,14,2.3,147.2,38.9
202009010805,16,2.5,228.2,65.8
202009010806,13,1.8,125.9,38.1
202009010807,15,3.2,132.5,33.4
202009010808,9,2.4,71.3,12.1
202009010809,16,3.2,230.9,50.4
202009010810,12,3.4,150.9,25.1
202009010811,12,2.6,126.1,26.6
202009010812,11,2.4,126.4,21.1
202006020901,16,3.5,261.8,59.0
202006020902,16,2.5,220.3,59.9
202006020903,16,2.7,237.1,45.9
202006020904,16,3.1,233.3,53.9
202006020905,16,2.5,242.2,59.2
202006020906,16,1.7,230.1,77.7
202006020907,10,3.4,117.1,13.0
202006020908,11,2.7,56.2,19.3
202006020909,11,2.1,113.5,23.2
202006020910,16,4.8,214.6,40.1
202006020911,10,2.1,116.3,17.2
202006020912,16,2.9,223.0,55.0
202009010901,15,2.3,145.5,49.6
202009010902,11,1.7,97.0,24.9
202009010903,15,3.3,198.0,40.3
202009010904,14,2.5,175.4,37.8
202009010905,13,1.9,129.7,37.9
202009010906,9,2.2,44.3,10.5
202009010907,7,1.5,29.4,6.6
202009010908,10,1.9,74.8,20.8
202009010909,9,1.6,79.1,13.8
202009010910,16,4.9,248.6,40.9
202009010911,10,2.8,43.3,17.4
202009010912,16,3.9,154.9,40.5
202006030101,16,1.9,230.6,61.1
202006030102,16,2.3,243.9,72.7
202006030103,16,2.8,256.8,60.3
202006030104,16,2.1,252.3,55.0
202006030105,16,2.4,250.4,66.2
202006030106,10,2.4,139.8,18.3
202006030107,16,2.5,260.0,60.6
202006030108,11,2.5,178.1,24.0
202006030109,9,2.1,66.2,12.3
202006030110,13,3.8,122.8,28.0
202006030111,14,4.0,202.5,35.9
202006030112,16,6.1,215.0,45.0
202007010701,16,4.0,165.6,40.5
202007010702,16,2.5,211.8,53.8
202007010703,16,2.9,233.3,55.8
202007010704,14,2.6,134.5,35.7
202007010705,14,3.1,127.0,31.6
202007010706,13,3.8,149.2,29.1
202007010707,14,2.6,162.2,35.6
202007010708,13,2.3,115.9,30.7
202007010709,10,1.8,65.0,19.6
202007010710,12,3.1,64.9,23.5
202007010711,14,3.1,145.3,32.6
202007010712,11,2.3,89.0,20.8
202009020101,13,2.4,152.3,31.2
202009020102,16,3.2,229.4,53.1
202009020103,12,2.1,123.0,26.0
202009020104,18,2.2,233.9,73.4
202009020105,12,2.3,119.7,24.0
202009020106,13,2.4,131.1,30.6
202009020107,10,2.3,80.0,15.9
202009020108,8,1.6,45.6,10.8
202009020109,12,3.6,77.7,22.1
202009020110,12,4.2,155.4,26.4
202009020111,10,1.9,63.5,13.6
202009020112,10,2.4,75.0,17.2
202006030201,16,2.9,243.5,62.2
202006030202,16,3.6,261.1,51.9
202007010801,16,2.9,175.0,50.7
202007010802,11,2.8,98.9,20.1
202007010803,18,4.2,256.1,68.0
202007010804,17,5.6,233.9,53.9
202007010805,16,6.0,134.2,35.2
202007010806,11,2.5,81.7,18.4
202007010807,18,3.6,195.2,60.2
202007010808,14,5.8,131.3,29.4
202007010809,10,3.0,93.4,13.8
202007010810,16,3.4,179.1,43.8
202007010811,18,4.2,250.8,60.4
202007010812,16,5.2,191.5,40.0
202009020201,13,2.4,162.8,33.0
202009020202,16,2.3,198.4,57.6
202009020203,14,2.0,139.9,42.4
202009020204,12,3.6,121.2,22.6
202009020205,16,2.2,192.3,52.2
202009020206,18,2.9,247.3,60.9
202009020207,14,2.9,157.1,36.1
202009020208,10,2.3,83.2,18.0
202009020209,9,2.2,70.8,11.2
202009020210,9,2.4,66.4,12.1
202009020211,13,2.7,121.9,30.8
202009020212,14,3.2,172.2,33.7
202006030203,15,3.5,234.5,50.6
202006030204,16,3.3,242.5,53.0
202006030205,16,2.7,195.2,55.0
202006030206,11,2.2,126.9,21.8
202006030207,16,4.5,227.8,52.6
202006030208,15,3.6,219.9,45.4
202006030209,11,3.4,52.9,18.1
202006030210,16,3.4,194.1,45.1
202006030211,16,3.5,192.5,46.2
202006030212,11,3.3,119.1,19.8
202006030301,16,3.4,249.1,60.7
202006030302,16,3.9,271.0,62.8
202006030303,16,3.2,262.9,70.1
202006030304,16,2.3,223.6,61.6
202006030305,18,4.2,283.6,70.7
202006030306,12,2.4,159.5,28.1
202006030307,13,2.5,178.3,31.9
202006030308,11,2.2,157.6,26.2
202006030309,11,2.5,146.1,24.5
202006030310,17,4.3,223.2,48.0
202006030311,16,4.6,222.4,43.8
202006030312,16,4.9,256.5,46.7
202009020301,16,2.9,223.4,54.9
202009020302,16,2.6,223.9,64.3
202009020303,15,3.0,235.4,44.7
202009020304,18,2.0,224.2,84.4
202009020305,16,2.8,176.6,47.2
202009020306,8,1.5,47.7,10.0
202009020307,11,1.7,79.5,25.4
202009020308,14,5.2,185.0,33.3
202009020309,8,1.7,49.8,9.8
202009020310,14,3.3,153.5,33.4
202009020311,16,3.2,195.3,51.9
202009020312,12,2.1,129.2,29.7
202006030401,15,3.2,258.6,66.0
202006030402,16,2.7,242.1,62.1
202006030403,15,2.1,239.3,66.5
202006030404,10,1.7,96.7,18.6
202006030405,18,2.1,235.1,98.0
202006030406,16,3.5,253.7,50.4
202006030407,17,3.0,238.2,68.2
202006030408,11,3.5,112.9,19.9
202006030409,12,4.1,120.3,20.8
202006030410,12,2.2,164.6,27.2
202006030411,16,3.4,236.9,51.3
202006030412,16,6.4,213.5,37.4
202009020401,16,1.8,221.5,67.8
202009020402,16,2.3,208.8,57.8
202009020403,16,2.8,220.5,57.7
202009020404,18,1.9,220.8,93.2
202009020405,12,5.2,89.3,19.7
202009020406,9,1.8,67.8,14.1
202009020407,16,3.4,193.9,46.2
202009020408,16,4.3,168.8,42.2
202009020409,13,3.5,152.9,28.9
202009020410,16,2.5,189.3,52.4
202009020411,12,3.1,147.7,24.9
202009020412,16,2.1,193.9,58.6
202003010101,15,3.3,209.3,40.5
202003010102,16,3.1,232.0,60.6
202003010103,15,2.1,210.9,53.3
202003010104,14,2.5,188.5,42.3
202003010105,14,3.6,999.9,33.5
202003010106,15,2.6,207.7,40.6
202003010107,16,2.8,252.1,75.5
202003010108,15,4.4,244.3,45.9
202003010109,16,2.7,217.1,49.9
202003010110,15,2.5,222.3,41.3
202003010111,15,4.0,206.5,40.2
202003010112,16,2.2,217.7,62.7
202006030501,16,1.7,999.9,75.4
202006030502,13,1.7,999.9,48.4
202006030503,16,2.0,221.9,65.3
202006030504,13,1.9,999.9,44.2
202006030505,18,3.0,263.5,75.1
202006030506,13,1.7,150.9,38.6
202006030507,16,3.5,240.0,37.0
202006030508,14,2.4,174.6,44.5
202006030509,14,3.5,117.8,30.8
202006030510,16,2.8,228.6,57.6
202006030511,16,3.7,246.8,53.7
202006030512,15,2.7,239.8,47.5
202009020501,16,1.6,176.2,78.7
202009020502,16,1.7,158.2,65.1
202009020503,16,3.1,213.0,56.4
202009020504,18,3.9,251.8,66.8
202009020505,14,2.8,165.3,32.1
202009020506,9,2.0,64.7,11.8
202009020507,8,2.1,35.9,10.1
202009020508,16,2.9,203.2,46.0
202009020509,11,2.1,77.9,21.2
202009020510,10,2.0,80.3,16.1
202009020511,16,3.5,194.5,47.0
202009020512,16,2.7,180.1,50.8
202003010201,15,2.4,242.0,45.8
202003010202,16,1.9,225.4,67.9
202003010203,15,3.0,222.2,47.9
202003010204,14,2.4,169.2,38.9
202003010205,16,3.2,256.2,57.7
202003010206,16,3.0,219.7,54.2
202003010207,15,3.1,248.7,43.3
202003010208,16,3.9,235.2,49.0
202003010209,16,3.8,251.3,62.2
202003010210,16,2.0,214.5,65.8
202003010211,15,3.5,247.2,37.7
202003010212,16,3.7,237.8,44.7
202006030601,14,2.1,173.1,41.3
202006030602,16,2.7,251.9,80.1
202006030603,16,2.3,244.4,75.3
202006030604,16,2.4,224.6,61.8
202006030605,16,3.4,235.4,53.7
202006030606,8,2.5,29.4,8.8
202006030607,14,4.4,225.3,35.9
202006030608,16,2.8,197.6,54.6
202006030609,16,3.5,258.8,45.3
202006030610,9,1.9,86.6,14.3
202006030611,16,6.3,222.3,42.4
202006030612,16,3.9,210.9,50.4
202009020601,16,2.4,211.3,57.7
202009020602,16,3.3,224.5,46.3
202009020603,16,2.5,234.6,58.5
202009020604,16,2.0,202.1,59.5
202009020605,16,4.6,187.6,45.1
202009020606,9,2.7,82.0,15.2
202009020607,15,2.8,167.8,41.6
202009020608,16,3.4,234.9,50.2
202009020609,10,2.3,76.1,18.6
202009020610,16,3.4,232.8,47.1
202009020611,18,4.3,278.3,72.2
202009020612,16,3.0,220.9,54.0
202003010301,16,1.9,222.3,75.1
202003010302,16,3.6,245.0,54.9
202003010303,15,3.0,227.1,47.8
202003010304,16,2.5,242.7,68.4
202003010305,16,3.5,237.2,61.4
202003010306,16,3.3,206.7,47.8
202003010307,11,2.1,94.6,21.8
202003010308,14,2.7,191.0,38.8
202003010309,15,3.7,193.7,41.7
202003010310,16,3.0,248.0,52.8
202003010311,16,5.0,269.2,53.3
202003010312,16,2.9,226.0,54.9
202006030701,15,2.6,246.1,51.0
202006030702,16,2.4,213.6,62.0
202006030703,12,1.5,171.1,33.1
202006030704,17,1.7,213.9,81.2
202006030705,15,1.7,214.8,63.6
202006030706,15,3.0,234.7,46.4
202006030707,9,1.6,50.8,16.8
202006030708,12,3.7,146.8,24.0
202006030709,9,1.7,115.1,15.8
202006030710,9,2.0,52.5,12.6
202006030711,11,1.4,135.1,29.9
202006030712,16,3.0,241.6,50.8
202009020701,16,3.5,172.1,44.0
202009020702,16,1.8,209.7,69.3
202009020703,16,3.0,236.8,51.4
202009020704,18,1.7,218.6,88.9
202009020705,17,1.9,230.3,74.9
202009020706,14,5.2,150.5,29.7
202009020707,10,1.9,88.2,16.3
202009020708,16,3.9,241.4,57.4
202009020709,13,2.2,141.2,30.8
202009020710,16,2.7,209.9,58.2
202009020711,12,3.9,132.1,21.2
202009020712,16,3.0,188.2,50.7
202003010401,16,2.3,221.8,60.6
202003010402,16,1.8,205.3,65.5
202003010403,15,1.7,194.8,65.1
202003010404,12,2.1,162.6,29.9
202003010405,12,2.6,136.9,26.5
202003010406,15,2.5,230.6,51.5
202003010407,16,3.0,196.1,49.5
202003010408,16,3.0,221.6,54.8
202003010409,15,3.4,226.0,42.5
202003010410,16,3.5,203.9,44.1
202003010411,16,3.0,241.5,52.2
202003010412,12,4.3,155.5,22.8
202006030801,16,3.0,266.2,63.4
202006030802,13,1.6,179.4,45.3
202006030803,15,2.3,241.5,57.8
202006030804,14,2.0,195.9,35.7
202006030805,13,2.4,189.4,30.2
202006030806,11,1.8,125.2,23.2
202006030807,11,1.7,156.2,25.8
202006030808,12,2.8,122.0,26.1
202006030809,13,2.8,201.0,30.9
202006030810,16,4.6,185.3,41.4
202006030811,18,2.8,252.4,77.0
202006030812,12,2.4,125.3,26.4
202009020801,16,2.0,220.3,64.9
202009020802,16,2.7,233.2,65.6
202009020803,16,3.1,216.2,53.4
202009020804,18,3.1,191.2,66.5
202009020805,16,3.2,189.8,47.7
202009020806,8,1.7,82.0,10.2
202009020807,16,3.1,145.6,52.0
202009020808,8,1.6,57.9,10.1
202009020809,11,2.4,97.3,20.0
202009020810,8,2.0,50.4,9.4
202009020811,16,2.4,195.0,55.8
202009020812,16,4.3,220.6,47.5
202003010501,16,2.3,211.0,57.9
202003010502,16,2.5,205.0,54.4
202003010503,15,1.8,211.3,59.2
202003010504,14,3.1,138.7,32.5
202003010505,10,1.9,121.3,18.0
202003010506,15,2.8,248.2,56.8
202003010507,9,2.2,54.4,12.4
202003010508,11,2.3,122.7,20.2
202003010509,16,5.8,211.9,39.3
202003010510,15,3.5,170.4,37.0
202003010511,16,3.5,192.0,43.7
202003010512,13,2.9,136.4,29.7
202005020101,15,2.2,224.1,60.4
202005020102,16,2.3,249.4,68.6
202005020103,14,1.9,200.5,44.9
202005020104,12,3.0,181.0,26.4
202005020105,18,3.4,274.9,73.7
202005020106,12,1.8,177.1,37.5
202005020107,16,1.9,233.7,74.1
202005020108,15,2.8,234.2,49.8
202005020109,8,1.5,49.7,10.5
202005020110,17,3.9,261.4,60.9
202005020111,16,3.5,173.6,45.6
202005020112,16,3.1,226.4,54.5
202008030101,16,2.2,203.8,59.0
202008030102,15,2.3,179.7,46.8
202008030103,16,3.4,208.7,55.2
202008030104,18,2.8,228.6,80.1
202008030105,13,2.2,153.9,32.7
202008030106,16,3.3,202.3,49.3
202008030107,11,2.0,92.6,23.9
202008030108,15,3.4,208.0,41.9
202008030109,10,2.2,77.2,17.3
202008030110,11,2.4,79.0,21.2
202008030111,18,3.2,999.9,64.0
202008030112,16,2.7,151.2,47.7
202003010601,16,2.8,233.5,61.5
202003010602,16,3.1,230.2,49.8
202003010603,15,2.1,227.0,54.6
202003010604,12,2.1,128.1,29.3
202003010605,16,2.2,229.8,64.4
202003010606,16,3.9,234.9,46.8
202003010607,13,2.3,112.4,36.7
202003010608,16,5.6,170.7,38.7
202003010609,11,2.1,91.5,19.6
202003010610,10,2.1,76.6,16.9
202003010611,14,3.0,203.6,36.8
202003010612,16,5.2,217.5,35.1
202005020201,16,2.1,240.2,72.0
202005020202,16,2.6,239.5,67.1
202005020203,8,1.6,88.7,11.6
202005020204,16,1.7,220.4,67.7
202005020205,18,2.4,230.4,69.7
202005020206,16,3.0,217.6,49.7
202005020207,9,1.6,131.7,18.7
202005020208,16,3.7,158.0,45.5
202005020209,10,1.6,133.6,20.3
202005020210,16,3.3,179.4,45.0
202005020211,17,2.3,226.1,72.2
202005020212,16,4.5,229.0,40.5
202008030201,16,2.8,210.7,57.1
202008030202,16,2.2,225.5,65.0
202008030203,18,2.7,220.6,70.2
202008030204,18,3.4,265.0,74.4
202008030205,14,2.0,140.6,38.5
202008030206,16,4.0,186.0,47.3
202008030207,15,5.4,156.4,35.2
202008030208,9,1.7,47.0,15.3
202008030209,13,2.3,181.2,28.6
202008030210,16,4.1,218.4,43.1
202008030211,12,2.1,151.6,27.7
202008030212,16,2.7,198.8,52.4
202003010701,16,2.9,240.3,63.7
202003010702,16,2.9,222.6,56.9
202003010703,15,2.8,229.4,44.9
202003010704,14,2.3,180.3,41.7
202003010705,14,2.5,167.0,37.1
202003010706,15,2.9,229.6,44.9
202003010707,12,2.5,164.3,26.6
202003010708,12,2.2,125.2,28.7
202003010709,16,2.5,243.2,57.5
202003010710,16,5.1,224.8,43.2
202003010711,15,3.8,228.4,42.7
202003010712,15,4.5,215.2,40.1
202005020301,16,2.5,244.8,68.8
202005020302,16,4.3,264.9,51.9
202005020303,12,2.4,146.4,27.0
202005020304,18,4.4,287.1,64.2
202005020305,16,2.4,248.6,83.8
202005020306,12,2.4,167.0,32.1
202005020307,15,2.4,243.0,46.4
202005020308,12,2.1,193.3,30.6
202005020309,10,1.6,116.0,21.7
202005020310,10,2.8,49.0,13.5
202005020311,18,3.5,250.1,68.0
202005020312,16,2.5,182.8,48.3
202008030301,16,3.2,205.5,57.4
202008030302,16,2.6,217.0,51.4
202008030303,18,2.4,224.1,71.2
202008030304,13,2.0,146.2,40.8
202008030305,12,2.1,79.1,28.6
202008030306,16,5.3,182.4,38.7
202008030307,13,3.4,132.1,27.7
202008030308,16,3.4,227.3,50.7
202008030309,10,3.1,85.0,19.1
202008030310,13,2.3,161.9,31.9
202008030311,16,3.7,197.2,49.3
202008030312,16,3.1,226.3,47.0
202003010801,16,4.8,199.7,42.2
202003010802,16,2.4,200.7,58.5
202003010803,15,2.0,191.2,61.4
202003010804,14,2.9,171.3,35.7
202003010805,16,3.7,263.8,57.9
202003010806,16,3.0,230.4,57.5
202003010807,12,2.1,114.3,26.6
202003010808,16,3.9,206.6,44.4
202003010809,11,2.5,57.5,16.4
202003010810,9,2.3,70.4,12.1
202003010811,16,5.8,163.9,38.1
202003010812,15,3.9,129.4,36.1
202005020401,16,2.0,232.6,60.7
202005020402,16,2.4,229.5,60.3
202005020403,14,2.4,205.0,44.7
202005020404,16,3.2,268.9,73.4
202005020405,11,2.7,166.4,26.7
202005020406,13,2.9,191.4,31.3
202005020407,14,2.8,224.7,43.9
202005020408,16,3.4,211.4,53.9
202005020409,9,2.2,55.5,14.4
202005020410,11,4.0,73.5,19.0
202005020411,18,4.3,230.6,56.2
202005020412,16,3.5,235.1,43.2
202008030401,16,2.3,202.4,61.9
202008030402,16,3.3,260.9,64.1
202008030403,16,3.8,214.7,44.6
202008030404,11,1.9,134.5,26.4
202008030405,18,3.4,232.7,58.7
202008030406,13,2.3,121.0,34.3
202008030407,16,2.7,198.0,57.1
202008030408,9,1.7,113.6,14.2
202008030409,18,3.0,248.8,75.8
202008030410,16,4.4,186.4,44.0
202008030411,14,3.1,167.2,34.2
202008030412,16,3.9,204.6,44.5
202004010101,14,2.2,133.6,41.0
202004010102,15,4.3,251.3,46.6
202004010103,15,2.7,197.8,45.5
202004010104,11,2.4,97.5,24.0
202004010105,15,2.5,228.3,52.0
202004010106,13,3.0,195.4,32.3
202004010107,15,4.0,201.9,36.7
202004010108,13,2.8,170.2,28.1
202004010109,14,4.3,136.9,30.3
202004010110,14,4.6,143.5,28.7
202004010111,16,3.6,225.4,41.0
202004010112,11,4.3,136.7,17.9
202005020501,11,1.8,185.9,24.9
202005020502,15,2.5,233.8,53.1
202005020503,13,2.1,192.7,39.8
202005020504,16,2.6,242.1,60.7
202005020505,18,3.7,266.3,75.9
202005020506,14,2.3,178.4,42.1
202005020507,9,1.4,110.3,14.1
202005020508,13,2.4,227.6,32.7
202005020509,10,1.9,92.2,18.0
202005020510,11,5.1,61.0,14.6
202005020511,11,3.5,111.5,20.7
202005020512,16,2.8,233.9,49.4
202008030501,16,2.1,171.4,58.0
202008030502,16,2.6,216.5,53.6
202008030503,17,2.8,236.7,58.9
202008030504,11,1.7,99.0,25.1
202008030505,14,2.3,144.9,38.1
202008030506,10,2.4,78.8,19.9
202008030507,14,2.1,184.3,41.7
202008030508,10,3.1,71.9,13.7
202008030509,12,2.6,153.6,26.4
202008030510,13,4.0,160.1,28.1
202008030511,13,2.1,146.9,34.4
202008030512,15,3.3,178.6,43.3
202004010201,14,2.6,154.5,33.7
202004010202,15,2.4,240.0,58.6
202004010203,15,2.4,221.4,42.2
202004010204,14,2.5,185.5,36.6
202004010205,16,2.5,242.5,58.5
202004010206,16,6.1,180.4,41.1
202004010207,15,5.8,180.5,36.8
202004010208,13,2.2,162.9,35.9
202004010209,10,1.9,123.5,18.0
202004010210,16,3.0,223.8,42.0
202004010211,16,5.0,203.7,37.1
202004010212,16,4.9,158.4,40.6
202005020601,16,2.7,224.8,57.3
202005020602,14,2.4,185.7,40.8
202005020603,11,1.8,149.4,25.4
202005020604,13,1.7,150.4,43.2
202005020605,11,2.0,122.9,25.2
202005020606,16,2.8,257.8,54.9
202005020607,12,2.2,179.1,27.1
202005020608,9,1.9,113.4,14.1
202005020609,16,3.3,255.9,53.1
202005020610,16,3.2,244.3,51.9
202005020611,18,3.9,268.4,76.4
202005020612,13,2.7,143.0,28.3
202008030601,13,2.3,148.9,34.9
202008030602,16,3.4,233.7,56.8
202008030603,15,2.9,208.3,48.8
202008030604,14,3.0,135.2,41.6
202008030605,9,1.5,43.7,20.3
202008030606,16,2.8,227.1,50.3
202008030607,5,1.1,17.7,3.8
202008030608,13,2.6,161.4,30.8
202008030609,16,2.9,187.8,45.5
202008030610,9,2.3,46.3,10.9
202008030611,12,2.1,140.2,26.7
202008030612,16,4.5,204.6,45.0
202004010301,15,2.5,229.2,51.1
202004010302,15,1.9,211.4,60.1
202004010303,16,3.8,233.5,45.6
202004010304,15,2.1,233.8,59.6
202004010305,16,2.3,232.2,53.1
202004010306,16,3.1,233.2,49.3
202004010307,15,3.0,202.1,37.4
202004010308,15,3.6,185.7,34.1
202004010309,11,2.8,156.0,20.4
202004010310,15,3.0,168.3,37.7
202004010311,14,4.6,158.1,29.6
202004010312,9,2.5,48.1,10.9
202005020701,16,2.9,240.2,52.9
202005020702,16,2.3,240.7,53.8
202005020703,16,2.1,229.7,75.1
202005020704,13,2.8,222.5,40.0
202005020705,12,2.1,143.5,31.0
202005020706,16,3.5,238.4,53.7
202005020707,9,1.5,72.6,10.5
202005020708,13,3.5,214.6,34.6
202005020709,16,2.9,221.1,56.3
202005020710,10,2.6,89.0,16.0
202005020711,13,4.0,118.4,26.9
202005020712,14,2.0,186.8,43.8
202008030701,16,2.7,220.8,59.7
202008030702,12,2.0,92.0,31.6
202008030703,15,2.8,211.5,46.3
202008030704,17,1.6,186.6,83.2
202008030705,9,2.6,66.7,13.2
202008030706,16,2.8,211.8,53.7
202008030707,13,3.8,171.1,31.3
202008030708,10,2.0,82.1,14.8
202008030709,10,2.0,95.7,16.3
202008030710,11,2.4,78.4,19.0
202008030711,14,3.2,154.3,33.8
202008030712,15,4.0,170.2,34.5
202004010401,16,3.5,248.5,55.3
202004010402,14,2.0,171.3,40.7
202004010403,14,3.5,136.6,30.6
202004010404,14,2.4,171.4,40.8
202004010405,14,2.5,177.1,35.0
202004010406,14,5.5,173.7,32.1
202004010407,15,2.5,178.8,44.3
202004010408,16,2.8,226.7,42.5
202004010409,12,3.1,82.4,25.1
202004010410,12,2.6,138.0,25.8
202004010411,15,3.3,238.6,45.8
202004010412,15,5.0,225.3,32.0
202005020801,16,3.5,270.4,75.4
202005020802,16,2.7,246.6,63.9
202005020803,14,3.4,241.8,41.4
202005020804,18,2.0,231.2,86.0
202005020805,7,1.4,37.5,6.0
202005020806,14,4.2,191.3,34.1
202005020807,17,4.3,281.0,52.8
202005020808,10,2.6,148.2,15.9
202005020809,8,1.7,88.2,10.8
202005020810,15,3.3,168.6,39.8
202005020811,18,3.0,999.9,76.7
202005020812,16,2.9,207.5,54.2
202008030801,16,2.6,199.2,52.1
202008030802,11,1.9,68.4,31.8
202008030803,16,2.8,200.5,44.9
202008030804,12,2.4,93.3,27.2
202008030805,11,2.7,111.7,26.0
202008030806,12,2.0,134.1,28.4
202008030807,13,1.9,132.4,38.4
202008030808,9,1.7,34.0,12.9
202008030809,9,1.8,69.1,14.0
202008030810,15,5.9,225.8,39.6
202008030811,16,2.7,196.2,51.7
202008030812,16,4.3,227.0,52.0
202004010501,14,2.6,152.3,37.2
202004010502,15,2.3,194.9,53.9
202004010503,15,2.1,208.5,57.0
202004010504,14,3.6,174.2,35.2
202004010505,15,2.4,228.2,56.0
202004010506,16,2.3,234.1,66.4
202004010507,15,2.9,190.6,44.9
202004010508,16,4.0,247.4,52.3
202004010509,14,3.7,187.2,40.5
202004010510,14,2.2,164.7,39.4
202004010511,16,2.6,239.0,58.5
202004010512,11,2.5,116.2,19.2
202005020901,16,2.5,251.2,60.3
202005020902,16,2.7,219.5,58.4
202005020903,16,3.3,216.4,50.9
202005020904,18,2.4,264.3,76.7
202005020905,18,2.8,265.9,76.9
202005020906,16,6.1,268.5,39.3
202005020907,10,1.8,95.3,15.4
202005020908,16,2.5,260.6,72.3
202005020909,8,2.1,72.2,10.5
202005020910,14,2.4,222.5,45.5
202005020911,13,3.9,136.8,29.0
202005020912,16,3.8,245.9,47.4
202008030901,16,3.0,231.7,52.3
202008030902,16,2.9,233.6,60.9
202008030903,18,2.4,214.4,79.1
202008030904,13,2.1,161.4,35.9
202008030905,13,2.1,155.0,37.4
202008030906,12,2.3,96.8,26.3
202008030907,8,2.1,34.6,9.2
202008030908,16,2.4,179.5,62.7
202008030909,12,3.5,97.7,21.7
202008030910,16,2.4,190.2,55.3
202008030911,14,3.3,146.8,31.8
202008030912,17,3.0,217.7,61.4
202004010601,16,2.1,236.3,60.9
202004010602,15,3.4,251.9,54.9
202004010603,15,2.6,234.4,52.2
202004010604,14,2.2,164.4,38.4
202004010605,16,3.0,254.8,67.4
202004010606,16,2.8,193.5,50.6
202004010607,12,2.4,120.2,26.0
202004010608,15,2.0,215.8,52.1
202004010609,15,2.6,219.6,51.7
202004010610,13,3.2,167.1,29.5
202004010611,16,3.0,219.0,56.2
202004010612,15,2.5,225.3,40.2
202005021001,16,2.3,236.0,56.1
202005021002,16,3.1,247.0,58.2
202005021003,15,2.5,248.8,65.8
202005021004,12,2.6,172.1,27.0
202005021005,16,2.8,217.9,54.6
202005021006,10,1.8,144.8,23.9
202005021007,13,2.6,180.6,31.6
202005021008,9,1.6,54.4,15.6
202005021009,8,2.2,25.8,10.0
202005021010,14,5.7,134.4,29.2
202005021011,18,3.5,254.7,64.3
202005021012,16,4.9,222.3,44.8
202008031001,16,3.1,225.7,46.0
202008031002,16,2.1,189.4,66.2
202008031003,18,1.9,182.0,87.0
202008031004,18,3.4,263.8,67.1
202008031005,14,2.3,131.9,49.3
202008031006,16,4.3,241.3,45.1
202008031007,8,1.8,42.0,10.4
202008031008,16,4.0,225.2,49.2
202008031009,9,1.8,79.4,16.8
202008031010,16,3.4,203.4,48.5
202008031011,16,3.2,188.6,53.6
202008031012,16,3.8,189.6,44.8
202005021101,16,3.6,272.2,59.6
202005021102,18,2.7,264.0,72.1
202005021103,18,2.3,253.8,95.5
202005021104,14,2.0,189.1,50.3
202005021105,16,3.3,243.4,51.4
202005021106,9,3.1,42.8,11.9
202005021107,14,1.9,196.7,44.4
202005021108,14,2.7,174.8,36.5
202005021109,16,2.3,249.9,59.5
202005021110,11,1.7,158.1,22.2
202005021111,16,3.6,175.6,43.6
202005021112,16,4.4,272.4,42.5
202008031101,16,3.0,219.8,53.0
202008031102,16,2.5,194.2,54.2
202008031103,18,2.3,226.0,80.1
202008031104,18,3.2,999.9,72.3
202008031105,16,3.2,232.4,45.6
202008031106,7,1.4,25.0,8.1
202008031107,16,2.4,187.0,52.6
202008031108,10,1.9,50.1,22.1
202008031109,7,1.6,51.7,10.6
202008031110,16,7.8,213.6,33.4
202008031111,16,3.3,201.3,41.3
202008031112,16,3.2,225.7,54.6
202005021201,16,3.7,250.2,51.9
202005021202,16,2.1,230.9,75.1
202005021203,16,3.2,262.2,53.6
202005021204,16,2.1,221.6,64.4
202005021205,16,2.2,239.6,66.6
202005021206,16,2.5,246.6,50.2
202005021207,14,2.8,196.7,38.8
202005021208,12,2.5,181.0,24.5
202005021209,11,2.7,141.7,26.6
202005021210,14,3.1,169.1,34.1
202005021211,18,1.8,226.5,88.3
202005021212,18,4.1,251.4,57.1
202008031201,16,2.1,217.9,64.7
202008031202,16,1.6,194.8,69.9
202008031203,18,3.4,261.7,72.6
202008031204,13,2.1,164.1,36.4
202008031205,16,5.0,153.5,39.4
202008031206,16,4.6,242.2,43.0
202008031207,11,2.5,73.9,16.2
202008031208,15,3.6,220.2,38.5
202008031209,15,2.3,198.3,48.7
202008031210,17,4.6,169.1,44.8
202008031211,8,3.2,41.4,7.3
202008031212,16,3.1,190.5,49.2
202005030101,13,2.7,146.7,30.0
202005030102,16,1.8,219.3,78.4
202005030103,16,4.3,286.3,85.9
202005030104,18,1.8,224.4,90.8
202005030105,10,2.1,123.8,19.8
202005030106,16,1.9,234.4,69.1
202005030107,16,3.1,249.1,49.3
202005030108,14,2.0,169.1,46.8
202005030109,13,3.4,229.1,37.8
202005030110,17,5.0,285.2,57.8
202005030111,10,2.1,79.3,16.2
202005030112,16,3.2,218.2,49.7
202009030101,16,2.4,999.9,61.0
202009030102,16,3.4,200.8,46.3
202009030103,16,2.3,209.9,60.3
202009030104,16,3.4,232.6,56.6
202009030105,10,2.4,61.3,15.0
202009030106,14,2.2,129.8,40.4
202009030107,16,2.4,208.4,59.3
202009030108,16,2.6,184.5,52.3
202009030109,11,1.9,142.3,24.9
202009030110,16,2.5,223.0,53.6
202009030111,16,2.8,183.4,52.9
202009030112,16,2.9,208.8,52.1
202005030201,16,2.8,251.9,74.4
202005030202,16,2.8,204.2,49.6
202005030203,16,2.9,243.0,57.5
202005030204,17,2.3,237.4,82.8
202005030205,9,1.7,72.3,11.6
202005030206,14,4.3,153.2,30.3
202005030207,16,2.7,208.2,53.0
202005030208,18,2.8,261.8,91.6
202005030209,8,1.6,65.4,9.4
202005030210,16,3.3,222.2,50.1
202005030211,14,1.9,161.1,54.1
202005030212,16,3.2,234.9,53.7
202009030201,10,2.0,65.5,18.5
202009030202,18,2.9,244.2,69.9
202009030203,16,2.1,200.6,64.5
202009030204,16,4.3,213.8,48.9
202009030205,12,2.5,113.9,27.7
202009030206,16,2.2,201.6,62.3
202009030207,13,2.9,128.1,28.3
202009030208,9,1.6,60.1,15.6
202009030209,16,5.1,174.8,40.0
202009030210,13,3.4,170.9,31.5
202009030211,18,2.9,208.6,57.3
202009030212,16,3.6,221.3,48.2
202002010101,16,4.2,212.8,42.3
202002010102,14,7.6,158.0,28.8
202002010103,12,3.2,111.6,24.0
202002010104,14,3.6,145.0,34.3
202002010105,11,4.0,91.1,15.9
202002010106,11,3.9,96.6,17.1
202002010107,15,3.4,156.2,38.6
202002010108,12,3.2,93.1,21.5
202002010109,13,4.4,143.8,26.6
202002010110,9,2.7,66.3,12.9
202002010111,16,6.6,144.9,36.9
202002010112,12,3.4,76.7,23.4
202005030301,14,2.6,206.5,42.1
202005030302,16,2.7,237.1,55.1
202005030303,16,3.2,230.8,54.0
202005030304,16,3.7,269.0,64.9
202005030305,13,2.5,215.4,39.6
202005030306,16,2.5,214.0,55.2
202005030307,18,2.0,240.3,85.6
202005030308,8,2.1,130.9,16.2
202005030309,12,3.5,193.0,32.7
202005030310,16,3.8,236.6,48.2
202005030311,18,2.9,262.3,80.9
202005030312,16,3.7,220.0,49.9
202009030301,16,4.5,174.6,43.0
202009030302,16,2.2,194.9,64.6
202009030303,16,1.6,197.7,70.6
202009030304,18,2.8,256.3,75.3
202009030305,8,1.5,37.2,15.0
202009030306,18,1.8,220.2,83.1
202009030307,16,3.5,226.1,49.0
202009030308,16,3.6,253.1,52.6
202009030309,10,2.8,76.0,16.3
202009030310,12,3.1,97.6,25.4
202009030311,16,3.1,228.9,48.1
202009030312,12,2.3,141.9,27.7
202002010201,15,4.1,189.3,34.0
202002010202,14,3.3,157.6,31.4
202002010203,12,3.5,97.7,24.4
202002010204,16,4.0,221.3,45.7
202002010205,11,3.1,81.1,17.9
202002010206,14,4.1,124.1,28.6
202002010207,12,3.5,74.6,22.8
202002010208,9,2.4,56.2,11.2
202002010209,13,2.7,88.3,30.1
202002010210,11,3.9,87.4,17.9
202002010211,16,7.0,164.4,38.3
202002010212,11,2.8,51.3,19.9
202005030401,16,4.5,277.3,54.1
202005030402,18,3.1,265.1,77.7
202005030403,16,2.3,228.7,60.4
202005030404,16,3.0,267.2,64.1
202005030405,12,2.2,181.1,26.9
202005030406,16,3.5,244.7,61.1
202005030407,16,2.5,217.0,51.1
202005030408,14,2.3,183.1,40.0
202005030409,16,2.6,244.3,54.6
202005030410,11,2.4,152.1,24.2
202005030411,18,6.1,268.6,48.6
202005030412,16,3.5,204.6,46.2
202009030401,11,2.0,94.5,23.9
202009030402,16,2.5,222.4,52.4
202009030403,15,2.6,231.7,56.6
202009030404,16,2.1,213.7,58.5
202009030405,11,2.5,71.4,18.3
202009030406,17,1.6,214.4,83.4
202009030407,16,2.7,185.3,53.2
202009030408,11,1.9,122.5,24.3
202009030409,16,2.4,216.6,65.2
202009030410,16,2.5,213.2,55.1
202009030411,16,5.5,251.4,43.1
202009030412,18,3.9,223.1,59.0
202002010301,16,3.3,202.5,47.8
202002010302,12,3.7,85.8,23.7
202002010303,13,3.4,119.6,29.0
202002010304,12,3.0,96.9,23.0
202002010305,11,2.1,71.8,25.3
202002010306,14,4.6,71.7,29.2
202002010307,12,3.8,90.7,25.0
202002010308,11,3.5,80.1,16.0
202002010309,9,2.4,32.1,11.2
202002010310,9,2.1,63.4,11.6
202002010311,16,4.5,179.9,40.9
202002010312,10,2.5,58.4,15.1
202005030501,13,2.0,180.8,34.1
202005030502,16,2.4,238.8,58.1
202005030503,16,2.7,208.7,54.6
202005030504,16,2.4,246.9,68.7
202005030505,16,2.3,223.6,51.9
202005030506,16,2.7,249.2,80.9
202005030507,11,3.4,95.9,20.0
202005030508,16,2.6,258.3,75.9
202005030509,14,5.9,250.3,32.2
202005030510,16,2.6,257.2,58.7
202005030511,16,4.2,221.2,43.1
202005030512,16,3.5,223.9,46.6
202009030501,16,3.2,227.2,48.3
202009030502,16,4.5,241.8,57.0
202009030503,16,2.0,226.1,72.4
202009030504,18,4.4,253.7,67.1
202009030505,12,2.5,84.1,26.5
202009030506,18,1.7,199.1,90.8
202009030507,14,2.7,138.2,35.5
202009030508,12,2.4,121.1,26.5
202009030509,10,2.2,70.3,17.5
202009030510,16,3.4,233.3,52.1
202009030511,16,2.4,205.9,54.4
202009030512,16,3.2,231.0,47.0
202002010401,16,3.3,176.6,40.0
202002010402,12,3.5,89.0,21.8
202002010403,14,4.7,115.7,30.8
202002010404,16,3.2,213.2,44.6
202002010405,12,4.0,134.7,21.7
202002010406,15,4.4,200.0,37.1
202002010407,11,3.0,61.1,17.0
202002010408,10,3.0,39.7,13.4
202002010409,11,2.4,61.3,20.3
202002010410,9,3.9,35.2,10.6
202002010411,16,3.6,220.9,45.3
202002010412,14,4.8,147.0,29.5
202005030601,10,1.8,89.5,16.9
202005030602,16,3.6,260.3,45.0
202005030603,16,3.3,275.2,62.6
202005030604,16,2.6,254.4,74.8
202005030605,13,2.9,221.4,34.7
202005030606,16,3.2,250.7,61.0
202005030607,16,3.0,237.2,50.2
202005030608,10,1.9,119.1,19.1
202005030609,16,3.2,260.7,54.9
202005030610,15,2.8,235.5,47.5
202005030611,16,2.5,221.0,61.5
202005030612,16,2.2,206.9,55.8
202009030601,10,1.7,91.3,18.0
202009030602,18,4.3,283.5,69.5
202009030603,15,2.6,223.5,47.4
202009030604,16,1.6,208.5,70.4
202009030605,16,2.2,156.4,58.4
202009030606,16,4.5,209.9,41.9
202009030607,9,1.8,54.9,12.8
202009030608,14,3.3,178.4,32.2
202009030609,15,2.3,217.7,46.7
202009030610,16,3.6,164.0,45.1
202009030611,18,3.2,219.6,67.6
202009030612,16,2.7,215.6,50.9
202002010501,9,2.4,59.1,11.9
202002010502,12,2.9,99.3,22.7
202002010503,14,4.5,138.2,30.3
202002010504,16,3.0,156.9,47.4
202002010505,11,2.6,55.9,21.2
202002010506,8,3.1,30.8,10.1
202002010507,14,5.6,143.7,30.6
202002010508,6,1.6,17.8,4.5
202002010509,13,3.8,124.6,25.8
202002010510,10,3.5,77.8,11.1
202002010511,16,4.5,176.4,37.8
202002010512,14,4.6,89.9,30.9
202005030701,10,3.7,116.0,16.5
202005030702,16,3.0,261.4,80.0
202005030703,16,2.4,235.2,64.5
202005030704,16,3.0,244.2,56.7
202005030705,16,5.3,186.5,44.3
202005030706,16,3.7,265.7,48.1
202005030707,16,2.4,245.5,60.8
202005030708,14,2.2,159.9,46.3
202005030709,16,3.6,250.5,52.8
202005030710,15,2.5,204.6,42.1
202005030711,13,3.9,151.2,28.1
202005030712,16,3.0,235.8,54.6
202009030701,13,2.7,185.4,39.4
202009030702,15,2.8,209.2,56.1
202009030703,16,2.3,192.4,54.2
202009030704,16,2.2,218.8,69.3
202009030705,8,1.9,59.8,10.3
202009030706,16,1.9,165.2,92.4
202009030707,12,1.8,114.6,28.9
202009030708,16,2.3,200.2,54.9
202009030709,17,2.8,246.6,64.8
202009030710,10,3.4,98.7,17.0
202009030711,16,3.9,241.1,46.9
202009030712,16,3.1,246.7,56.3
202002010601,9,3.7,51.1,10.8
202002010602,14,4.1,111.3,30.7
202002010603,16,3.4,198.8,43.5
202002010604,14,3.5,132.3,32.4
202002010605,10,2.7,48.7,13.0
202002010606,15,2.9,200.6,41.6
202002010607,12,3.5,77.8,20.4
202002010608,14,6.8,92.2,25.6
202002010609,10,2.8,52.9,13.5
202002010610,9,4.5,45.5,11.7
202002010611,14,4.6,97.0,29.3
202002010612,11,2.9,48.3,18.3
202005030801,16,5.4,287.5,50.9
202005030802,16,2.4,205.6,60.5
202005030803,16,4.7,269.6,60.8
202005030804,18,3.1,247.7,69.7
202005030805,16,2.7,221.6,57.3
202005030806,16,4.4,255.7,52.5
202005030807,16,2.0,225.6,61.7
202005030808,9,2.7,52.4,10.9
202005030809,16,3.2,221.9,52.2
202005030810,16,2.7,207.2,51.9
202005030811,16,4.5,233.3,41.5
202005030812,16,2.3,237.2,54.0
202009030801,16,1.7,202.0,64.6
202009030802,16,1.9,202.7,67.6
202009030803,18,2.2,237.5,95.1
202009030804,16,2.5,213.3,62.3
202009030805,14,2.5,169.9,34.3
202009030806,16,2.8,194.1,52.2
202009030807,9,2.1,94.8,13.5
202009030808,9,2.1,115.8,22.7
202009030809,12,3.7,112.9,20.2
202009030810,16,3.3,224.1,55.5
202009030811,18,2.9,249.7,72.6
202009030812,16,2.5,222.1,66.6
202002020101,7,1.7,24.6,5.9
202002020102,11,4.0,79.1,18.2
202002020103,16,3.1,208.4,51.2
202002020104,14,7.2,79.1,26.9
202002020105,10,3.0,89.0,14.9
202002020106,13,2.1,110.4,34.6
202002020107,7,1.7,29.0,5.7
202002020108,12,3.6,73.3,22.7
202002020109,10,3.9,58.5,12.8
202002020110,8,2.0,35.3,9.1
202002020111,16,5.8,227.0,40.6
202002020112,11,3.8,67.7,16.6
202003020101,14,2.3,165.8,37.5
202003020102,14,2.3,217.5,41.1
202003020103,15,1.7,218.4,56.3
202003020104,14,2.6,181.2,40.1
202003020105,10,2.3,81.8,16.5
202003020106,16,2.1,232.3,61.6
202003020107,16,3.1,194.6,52.3
202003020108,16,3.8,258.7,44.6
202003020109,12,2.0,86.5,26.7
202003020110,13,2.7,209.8,35.6
202003020111,15,2.5,199.1,46.4
202003020112,16,2.7,214.4,50.3
202009040101,12,3.4,157.6,27.0
202009040102,16,2.5,205.2,53.8
202009040103,16,3.3,250.1,57.8
202009040104,17,3.1,252.9,60.3
202009040105,16,2.6,164.5,49.0
202009040106,9,2.3,61.9,11.6
202009040107,12,2.8,95.4,26.7
202009040108,14,2.0,146.8,50.7
202009040109,10,1.7,83.1,20.4
202009040110,10,2.2,67.7,16.5
202009040111,16,3.4,200.9,49.0
202009040112,12,2.5,166.1,27.4
202002020201,9,2.1,72.5,14.1
202002020202,14,4.6,136.1,29.4
202002020203,11,3.0,77.5,19.7
202002020204,16,5.4,247.1,35.6
202002020205,6,1.4,19.5,4.2
202002020206,14,3.4,151.7,31.3
202002020207,9,2.2,47.6,13.1
202002020208,10,2.7,55.6,15.0
202002020209,12,5.0,112.6,23.7
202002020210,12,4.0,48.4,19.8
202002020211,10,3.5,67.2,13.4
202002020212,12,3.2,57.0,23.3
202003020201,11,2.1,114.3,24.1
202003020202,16,2.5,232.7,57.1
202003020203,16,2.1,226.3,89.0
202003020204,15,3.5,207.4,48.3
202003020205,16,2.7,256.0,58.6
202003020206,12,3.8,151.8,24.5
202003020207,16,2.2,202.5,61.3
202003020208,15,2.2,212.8,50.9
202003020209,9,1.5,111.3,15.8
202003020210,14,6.0,178.3,34.5
202003020211,12,3.5,70.3,20.6
202003020212,16,5.3,237.3,38.0
202009040201,10,4.1,83.2,12.0
202009040202,17,2.4,240.7,73.6
202009040203,13,2.3,154.6,36.7
202009040204,14,3.2,172.0,31.3
202009040205,14,2.6,159.8,33.8
202009040206,14,3.0,148.3,40.5
202009040207,16,4.9,207.0,42.0
202009040208,18,4.1,263.9,53.0
202009040209,12,2.5,99.9,27.5
202009040210,11,1.9,111.5,23.9
202009040211,16,2.7,209.1,56.8
202009040212,15,2.3,232.3,51.7
202002020301,10,2.3,58.8,12.9
202002020302,14,3.5,118.1,29.4
202002020303,16,2.2,182.5,54.3
202002020304,14,4.1,189.2,33.1
202002020305,13,3.9,72.3,26.5
202002020306,12,2.7,122.4,22.4
202002020307,11,3.3,60.1,18.7
202002020308,11,3.0,67.2,17.8
202002020309,9,2.0,42.6,12.5
202002020310,8,2.1,40.3,9.3
202002020311,9,3.2,27.9,14.6
202002020312,14,4.2,96.3,29.5
202003020301,16,2.3,232.1,71.2
202003020302,16,3.4,245.4,57.7
202003020303,15,3.4,253.6,49.5
202003020304,16,3.9,189.5,43.0
202003020305,13,3.0,157.9,27.9
202003020306,15,3.7,250.0,51.7
202003020307,16,3.0,260.2,51.0
202003020308,15,3.1,260.8,53.3
202003020309,12,3.3,189.0,25.5
202003020310,13,4.0,177.0,25.1
202003020311,16,3.9,264.6,50.3
202003020312,15,3.0,247.0,44.1
202009040301,11,5.3,61.9,15.1
202009040302,18,2.8,259.8,70.9
202009040303,15,2.6,201.2,48.0
202009040304,10,1.5,82.5,22.4
202009040305,13,2.2,123.4,37.3
202009040306,8,2.2,43.9,8.9
202009040307,18,2.8,228.0,68.9
202009040308,13,2.8,144.5,28.7
202009040309,16,3.0,247.7,58.3
202009040310,16,3.7,217.0,48.4
202009040311,15,3.1,169.7,38.2
202009040312,16,4.2,230.2,45.7
202002020401,12,4.0,117.8,23.3
202002020402,14,4.9,174.3,30.4
202002020403,12,2.7,90.6,24.7
202002020404,16,5.1,197.2,41.8
202002020405,7,1.7,31.6,6.9
202002020406,16,3.3,234.3,51.8
202002020407,10,2.6,49.4,14.1
202002020408,11,3.5,83.9,17.5
202002020409,8,1.7,39.4,9.0
202002020410,13,3.9,126.7,26.7
202002020411,14,3.1,123.9,32.1
202002020412,15,6.2,134.3,32.6
202003020401,14,3.1,201.1,42.3
202003020402,15,4.1,237.9,44.1
202003020403,16,2.5,238.1,50.7
202003020404,15,2.4,239.9,56.6
202003020405,14,4.1,178.0,32.1
202003020406,12,3.9,179.2,29.3
202003020407,16,4.0,255.0,51.8
202003020408,14,5.6,157.1,29.5
202003020409,16,3.2,246.8,64.4
202003020410,15,2.4,211.0,53.1
202003020411,16,7.2,212.3,35.3
202003020412,15,2.7,252.3,49.8
202009040401,10,1.5,78.7,20.5
202009040402,16,4.1,270.7,63.0
202009040403,16,1.7,212.3,66.0
202009040404,16,2.6,234.9,52.8
202009040405,7,1.4,23.4,7.0
202009040406,13,3.1,147.2,30.5
202009040407,16,2.0,210.2,70.8
202009040408,9,1.9,51.8,16.4
202009040409,9,1.8,82.7,13.5
202009040410,16,3.0,234.0,47.0
202009040411,16,2.7,201.6,50.5
202009040412,15,2.7,190.4,40.0
202002020501,11,2.9,127.9,21.3
202002020502,12,2.4,115.9,26.1
202002020503,14,3.1,157.6,34.2
202002020504,16,4.9,148.5,40.7
202002020505,8,2.3,33.6,9.3
202002020506,14,3.0,143.6,35.0
202002020507,12,3.2,85.1,23.4
202002020508,11,4.3,54.2,18.3
202002020509,9,2.6,51.8,12.7
202002020510,11,3.4,73.7,18.1
202002020511,15,3.8,168.8,34.9
202002020512,14,5.5,119.3,28.8
202003020501,14,3.0,198.2,36.8
202003020502,15,2.4,206.9,49.1
202003020503,15,2.3,248.3,54.1
202003020504,12,2.3,143.8,25.9
202003020505,14,4.0,156.3,29.6
202003020506,16,3.4,266.2,46.8
202003020507,16,2.7,258.5,71.1
202003020508,15,3.8,246.5,45.4
202003020509,11,2.7,127.0,20.3
202003020510,16,4.7,276.4,48.2
202003020511,16,3.6,200.6,44.3
202003020512,16,4.8,191.9,43.4
202009040501,13,2.4,140.9,30.9
202009040502,16,2.5,239.1,62.9
202009040503,16,6.8,221.6,41.0
202009040504,18,2.6,223.7,80.6
202009040505,17,3.1,232.1,55.5
202009040506,13,2.5,116.0,29.5
202009040507,16,2.5,231.9,65.4
202009040508,16,2.5,238.8,62.4
202009040509,15,2.6,176.8,43.8
202009040510,14,3.4,182.8,32.4
202009040511,12,2.4,79.7,26.2
202009040512,18,2.2,239.8,70.1
202002020601,9,2.0,70.1,11.8
202002020602,14,3.5,139.7,30.2
202002020603,12,3.4,80.6,21.6
202002020604,14,3.4,181.3,30.4
202002020605,9,2.4,61.3,11.3
202002020606,16,4.2,161.9,45.4
202002020607,13,3.2,120.2,27.0
202002020608,12,3.0,115.4,25.2
202002020609,10,2.3,61.0,13.7
202002020610,12,4.1,74.0,19.7
202002020611,16,6.3,219.9,36.3
202002020612,16,3.6,214.2,42.6
202003020601,11,1.6,151.3,27.3
202003020602,16,3.0,236.3,56.7
202003020603,15,3.4,268.5,49.2
202003020604,16,3.7,254.3,46.2
202003020605,16,3.3,232.3,55.8
202003020606,12,3.2,189.3,29.5
202003020607,16,2.3,236.7,68.6
202003020608,16,5.8,248.9,42.7
202003020609,16,2.7,166.3,43.9
202003020610,15,2.9,242.8,45.1
202003020611,16,3.6,261.7,48.2
202003020612,15,2.6,245.8,45.9
202009040601,13,2.1,146.7,38.8
202009040602,16,2.4,191.1,56.8
202009040603,15,2.3,226.7,57.5
202009040604,16,2.0,204.9,76.0
202009040605,12,2.2,89.4,26.0
202009040606,18,2.6,244.9,71.4
202009040607,15,1.9,187.3,53.5
202009040608,16,2.2,213.2,63.3
202009040609,16,3.0,226.9,55.5
202009040610,15,3.2,175.6,42.7
202009040611,18,4.0,254.8,63.1
202009040612,16,2.5,211.3,55.2
202001010101,6,1.2,27.7,4.6
202001010102,14,2.6,89.4,34.5
202001010103,14,3.3,166.5,35.8
202001010104,14,4.4,140.1,29.9
202001010105,6,1.4,11.8,3.7
202001010106,15,3.1,143.4,43.2
202001010107,12,4.3,86.6,20.7
202001010108,8,2.6,23.7,8.9
202001010109,8,2.1,26.2,8.2
202001010110,11,2.7,73.3,20.1
202001010111,16,4.3,228.5,40.4
202001010112,13,5.4,72.8,24.1
202004020101,16,2.5,236.0,68.0
202004020102,13,1.9,157.2,39.7
202004020103,15,4.6,277.7,41.3
202004020104,15,3.0,246.7,41.5
202004020105,18,4.1,255.7,52.3
202004020106,15,3.5,248.2,52.6
202004020107,18,2.7,262.4,113.4
202004020108,15,2.3,208.7,50.0
202004020109,16,3.2,238.3,52.8
202004020110,17,3.5,275.3,54.1
202004020111,15,2.7,192.5,43.6
202004020112,18,2.1,203.1,75.9
202001010201,7,1.9,27.7,7.5
202001010202,12,3.9,52.8,21.0
202001010203,14,3.2,139.5,30.7
202001010204,12,2.5,87.3,27.3
202001010205,7,1.9,30.0,7.0
202001010206,6,1.5,17.7,4.1
202001010207,9,2.3,37.6,13.7
202001010208,8,2.5,37.1,9.3
202001010209,10,2.6,36.9,14.7
202001010210,13,4.5,123.3,26.7
202001010211,14,5.4,98.5,29.4
202001010212,11,2.6,48.5,17.1
202004020201,14,3.8,169.7,30.4
202004020202,18,5.0,275.0,72.8
202004020203,15,2.7,235.5,47.8
202004020204,18,2.2,234.0,79.3
202004020205,13,3.2,180.3,31.1
202004020206,15,2.6,240.7,44.7
202004020207,15,2.5,247.6,46.7
202004020208,18,4.4,279.7,54.9
202004020209,9,2.3,76.7,13.0
202004020210,14,3.2,200.0,38.9
202004020211,18,4.2,225.1,49.7
202004020212,15,2.8,169.9,47.6
202001010301,9,2.2,59.1,12.3
202001010302,14,3.7,127.8,32.2
202001010303,12,3.3,135.8,23.9
202001010304,14,4.7,154.3,30.2
202001010305,9,3.3,40.0,11.0
202001010306,16,3.0,198.9,45.7
202001010307,9,1.7,55.4,10.3
202001010308,11,3.8,69.7,17.9
202001010309,11,2.6,73.9,18.7
202001010310,10,2.5,48.2,13.6
202001010311,14,6.4,119.7,25.9
202001010312,12,5.6,87.3,21.5
202004020301,15,2.6,192.5,44.6
202004020302,17,2.5,249.3,71.9
202004020303,15,2.4,235.8,47.1
202004020304,15,2.4,216.9,52.5
202004020305,16,3.4,173.0,47.8
202004020306,18,3.1,250.7,75.9
202004020307,15,5.8,242.5,36.2
202004020308,14,2.4,168.4,38.2
202004020309,15,2.9,196.3,46.0
202004020310,18,3.9,262.3,64.4
202004020311,18,4.8,239.3,54.8
202004020312,18,4.8,250.1,56.2
202001010401,8,1.8,31.8,10.3
202001010402,14,9.3,190.0,22.6
202001010403,14,2.0,144.8,43.0
202001010404,16,3.3,155.7,45.4
202001010405,7,2.2,16.9,6.6
202001010406,11,3.1,88.1,18.1
202001010407,8,2.1,41.7,9.7
202001010408,6,1.9,8.9,4.1
202001010409,14,4.9,162.8,30.8
202001010410,14,3.3,163.3,31.9
202001010411,14,4.6,124.8,29.3
202001010412,14,3.5,115.5,29.9
202004020401,18,3.7,266.4,73.1
202004020402,18,3.2,236.4,61.7
202004020403,18,2.2,245.1,79.4
202004020404,15,3.1,222.5,48.1
202004020405,18,2.6,264.1,70.6
202004020406,18,2.2,201.9,81.2
202004020407,18,4.7,272.4,60.8
202004020408,15,3.2,256.3,39.6
202004020409,15,2.4,235.6,54.7
202004020410,15,2.7,202.1,42.5
202004020411,14,3.6,118.5,30.1
202004020412,15,3.5,250.4,42.4
202001010501,8,2.1,26.2,7.6
202001010502,8,1.8,44.1,8.4
202001010503,14,3.7,134.1,29.9
202001010504,14,3.7,120.3,30.6
202001010505,9,2.3,50.1,12.6
202001010506,16,3.3,254.0,52.5
202001010507,12,4.6,91.2,21.5
202001010508,14,3.0,160.7,32.6
202001010509,9,2.5,44.6,11.0
202001010510,14,4.9,132.8,30.4
202001010511,14,3.2,159.4,34.7
202001010512,10,3.8,45.8,12.7
202004020501,18,4.9,239.7,66.5
202004020502,15,2.7,241.9,57.4
202004020503,15,3.3,258.0,49.2
202004020504,18,5.5,287.3,62.5
202004020505,18,4.7,285.7,71.0
202004020506,15,5.1,205.1,33.2
202004020507,18,2.5,261.0,72.1
202004020508,9,2.2,74.9,19.5
202004020509,11,1.6,170.3,24.3
202004020510,15,3.1,219.2,48.1
202004020511,18,3.9,269.3,65.9
202004020512,15,3.1,220.6,49.9
202001010601,8,1.8,25.5,9.9
202001010602,12,2.6,87.7,24.2
202001010603,14,3.1,187.3,31.0
202001010604,16,4.4,229.5,42.0
202001010605,8,2.1,33.1,10.0
202001010606,14,2.8,141.5,32.1
202001010607,14,3.7,124.9,30.7
202001010608,9,4.2,45.7,10.2
202001010609,13,4.0,79.0,28.7
202001010610,12,5.2,92.6,21.2
202001010611,14,4.7,55.2,29.2
202001010612,16,4.0,199.7,40.3
202004020601,18,3.9,246.1,69.3
202004020602,15,2.2,240.0,60.6
202004020603,18,3.2,253.3,75.5
202004020604,15,2.1,211.3,53.6
202004020605,15,2.8,205.8,43.1
202004020606,18,4.6,288.9,65.1
202004020607,15,3.1,194.9,40.8
202004020608,13,3.0,193.2,30.5
202004020609,18,3.7,242.8,60.7
202004020610,14,3.1,158.7,35.2
202004020611,15,2.7,228.6,46.4
202004020612,18,3.8,246.0,52.8
202001020101,6,1.5,19.6,4.5
202001020102,10,2.5,95.5,16.9
202001020103,14,3.2,136.8,31.7
202001020104,12,2.7,69.4,26.7
202001020105,5,1.5,6.8,2.9
202001020106,16,2.9,206.3,52.7
202001020107,12,3.6,123.8,24.5
202001020108,8,2.8,26.4,8.1
202001020109,13,2.9,87.4,28.4
202001020110,8,1.7,50.3,9.8
202001020111,14,4.2,116.5,30.1
202001020112,12,2.6,98.2,25.1
202004030101,18,4.6,285.6,70.6
202004030102,15,3.3,248.2,54.2
202004030103,18,3.3,263.8,80.5
202004030104,15,2.9,262.4,54.2
202004030105,18,3.7,277.1,60.7
202004030106,18,4.3,273.7,61.1
202004030107,18,3.2,277.4,75.9
202004030108,15,3.6,219.9,37.6
202004030109,17,5.4,265.9,54.3
202004030110,18,3.6,280.4,67.5
202004030111,15,2.7,195.4,41.7
202004030112,15,3.1,246.0,41.2
202010020101,12,2.3,111.4,27.7
202010020102,18,3.4,193.6,60.8
202010020103,16,2.1,200.5,72.9
202010020104,12,2.6,112.8,21.1
202010020105,13,1.7,135.5,33.9
202010020106,18,4.2,262.4,70.5
202010020107,18,2.6,218.6,76.4
202010020108,14,2.3,144.2,39.3
202010020109,10,1.5,81.0,20.8
202010020110,10,1.8,79.8,15.0
202010020111,15,1.9,179.9,54.2
202010020112,14,1.9,181.2,44.1
202001020201,8,2.0,44.1,9.2
202001020202,14,4.5,134.9,29.8
202001020203,14,4.7,163.6,30.2
202001020204,14,2.9,135.3,39.6
202001020205,6,1.3,11.7,4.4
202001020206,12,3.1,112.8,23.9
202001020207,12,4.5,80.3,21.0
202001020208,11,3.4,80.5,18.0
202001020209,12,3.6,70.7,18.6
202001020210,13,3.2,91.5,29.3
202001020211,13,5.7,86.5,22.9
202001020212,10,1.9,66.7,17.2
202004030201,11,1.9,116.2,23.0
202004030202,14,2.6,217.2,45.8
202004030203,18,2.8,271.1,84.2
202004030204,15,3.8,263.8,43.1
202004030205,18,3.7,239.1,70.4
202004030206,18,2.7,254.1,81.3
202004030207,15,2.7,240.1,48.3
202004030208,9,1.8,136.2,16.1
202004030209,14,2.6,141.0,37.8
202004030210,12,2.6,182.1,29.9
202004030211,18,5.2,230.6,59.2
202004030212,17,4.4,280.1,63.6
202010020201,16,6.1,219.3,35.7
202010020202,14,2.9,157.8,32.3
202010020203,15,2.5,206.9,58.7
202010020204,16,3.2,227.5,51.7
202010020205,15,2.4,201.4,50.8
202010020206,18,3.0,252.9,66.7
202010020207,11,2.2,67.5,21.7
202010020208,14,2.5,153.4,38.2
202010020209,18,3.5,251.0,61.2
202010020210,9,1.6,85.2,14.1
202010020211,14,2.5,123.1,36.4
202010020212,15,3.2,203.8,45.9
202001020301,8,2.8,41.9,9.2
202001020302,8,2.1,35.7,9.4
202001020303,14,5.8,155.4,29.3
202001020304,16,4.0,213.8,44.3
202001020305,6,1.2,23.0,4.9
202001020306,14,4.6,163.1,30.4
202001020307,16,2.2,214.1,56.0
202001020308,12,2.4,70.1,27.6
202001020309,9,2.0,58.0,11.2
202001020310,10,3.0,58.2,13.2
202001020311,9,1.9,95.6,13.8
202001020312,12,4.6,83.8,20.7
202004030301,14,3.1,185.0,34.0
202004030302,15,3.4,244.3,47.6
202004030303,15,3.6,243.0,49.6
202004030304,11,3.4,138.5,20.1
202004030305,15,3.0,242.8,47.0
202004030306,18,3.5,260.8,60.1
202004030307,18,2.4,237.1,78.5
202004030308,15,1.9,229.3,54.5
202004030309,15,2.0,241.3,64.3
202004030310,8,1.6,60.2,9.5
202004030311,16,4.8,152.6,37.6
202004030312,11,2.1,149.0,23.6
202010020301,17,1.6,188.7,96.7
202010020302,16,2.6,203.2,48.8
202010020303,16,1.9,222.3,76.3
202010020304,16,1.8,209.3,70.4
202010020305,17,1.8,205.9,71.2
202010020306,16,2.3,226.2,58.9
202010020307,18,2.6,213.1,78.3
202010020308,16,4.4,158.3,41.5
202010020309,11,2.1,133.6,24.7
202010020310,11,2.7,126.6,22.6
202010020311,11,1.9,78.7,23.2
202010020312,14,2.8,149.3,38.1
202001020401,8,2.0,41.3,10.9
202001020402,12,2.8,118.5,25.4
202001020403,14,4.1,142.7,30.3
202001020404,14,2.4,152.3,40.5
202001020405,7,1.4,39.2,6.6
202001020406,10,5.1,33.2,11.4
202001020407,10,2.5,78.7,15.7
202001020408,7,1.9,29.1,7.0
202001020409,14,2.9,149.8,33.7
202001020410,14,3.2,122.0,30.2
202001020411,12,2.8,86.8,25.4
202001020412,15,4.4,147.4,34.0
202004030401,15,4.6,254.5,42.5
202004030402,18,2.8,262.2,72.0
202004030403,15,2.2,210.1,52.2
202004030404,18,4.4,285.8,76.4
202004030405,18,4.6,266.0,62.2
202004030406,18,3.4,278.0,83.1
202004030407,15,2.2,244.2,60.6
202004030408,10,2.2,88.6,18.7
202004030409,15,3.1,232.5,44.1
202004030410,12,2.3,150.6,25.4
202004030411,15,5.5,208.0,37.3
202004030412,15,2.3,198.6,46.1
202010020401,12,2.5,88.1,26.4
202010020402,13,3.3,195.2,32.3
202010020403,16,2.7,229.5,55.2
202010020404,18,2.2,243.6,68.4
202010020405,16,3.3,240.6,54.1
202010020406,14,3.1,177.9,34.8
202010020407,18,2.0,228.2,73.0
202010020408,16,4.3,239.9,45.1
202010020409,18,3.6,258.9,72.5
202010020410,16,3.5,198.0,47.0
202010020411,18,5.5,248.5,58.1
202010020412,16,3.2,235.4,61.2
202001020501,6,1.2,23.2,5.5
202001020502,12,3.6,141.0,24.7
202001020503,12,3.1,74.0,22.7
202001020504,14,3.2,88.7,31.1
202001020505,14,3.4,118.0,31.7
202001020506,14,2.5,136.2,36.1
202001020507,14,2.0,180.2,43.7
202001020508,14,2.8,167.1,33.9
202001020509,10,2.1,63.3,17.0
202001020510,16,3.9,206.3,44.3
202001020511,16,3.7,193.0,42.1
202001020512,14,4.3,162.1,31.9
202004030501,15,2.5,202.3,48.9
202004030502,13,2.5,133.7,30.4
202004030503,15,2.8,253.5,43.3
202004030504,15,3.8,150.6,36.1
202004030505,18,3.2,265.4,84.5
202004030506,18,3.6,279.9,114.2
202004030507,18,3.9,275.2,66.1
202004030508,15,3.7,266.1,40.2
202004030509,15,3.8,127.3,34.4
202004030510,12,4.2,138.8,25.7
202004030511,10,3.0,62.8,14.0
202004030512,18,5.0,291.1,77.3
202010020501,10,1.8,98.1,16.9
202010020502,14,2.7,154.9,37.5
202010020503,16,2.4,185.1,59.9
202010020504,16,2.0,201.4,60.6
202010020505,17,3.3,230.7,54.6
202010020506,13,2.5,165.9,28.5
202010020507,13,2.1,141.7,31.9
202010020508,14,3.1,157.6,32.4
202010020509,17,1.6,183.6,98.2
202010020510,16,2.9,187.5,57.0
202010020511,12,2.3,98.9,27.1
202010020512,13,2.4,165.0,31.6
202001020601,14,4.1,150.4,30.4
202001020602,12,3.9,113.7,19.7
202001020603,12,2.7,118.4,25.0
202001020604,16,5.1,227.4,42.0
202001020605,10,3.1,82.7,16.0
202001020606,14,6.2,115.9,28.3
202001020607,12,2.9,71.9,24.9
202001020608,13,2.5,126.0,27.7
202001020609,16,3.4,221.0,47.5
202001020610,13,3.1,117.0,29.3
202001020611,16,3.2,143.0,45.8
202001020612,11,5.1,72.2,18.8
202004030601,14,2.2,188.9,45.1
202004030602,15,4.5,185.7,42.8
202004030603,15,2.2,227.9,62.5
202004030604,15,2.3,248.2,49.0
202004030605,18,4.8,252.9,55.5
202004030606,17,2.2,258.3,64.0
202004030607,10,2.2,126.6,18.7
202004030608,14,2.5,169.2,36.7
202004030609,18,3.5,241.9,56.3
202004030610,18,6.9,233.5,48.4
202004030611,11,3.3,82.5,17.3
202004030612,15,2.7,238.8,50.6
202010020601,9,1.5,53.3,19.3
202010020602,17,2.4,247.5,80.1
202010020603,16,3.1,210.0,52.3
202010020604,14,3.4,146.5,32.3
202010020605,12,2.7,130.7,30.9
202010020606,18,3.0,252.6,77.3
202010020607,14,3.9,117.7,29.9
202010020608,11,1.8,129.6,24.9
202010020609,12,2.4,152.1,29.7
202010020610,16,2.1,182.8,69.4
202010020611,12,2.6,79.6,26.6
202010020612,15,2.9,196.2,44.1
202001020701,14,2.9,145.2,34.6
202001020702,16,4.4,224.8,46.2
202001020703,14,5.1,98.6,28.3
202001020704,14,3.3,97.1,31.3
202001020705,14,3.0,125.0,34.4
202001020706,12,2.8,88.0,25.8
202001020707,16,3.9,232.6,51.9
202001020708,16,3.9,223.7,42.8
202001020709,14,2.8,999.9,33.4
202001020710,16,7.9,172.5,33.0
202001020711,14,5.3,81.4,27.3
202001020712,14,4.7,130.3,26.9
202004030701,14,3.9,166.4,31.8
202004030702,15,3.6,265.3,46.2
202004030703,15,4.4,269.9,44.3
202004030704,10,2.2,98.8,16.4
202004030705,18,2.9,263.4,86.8
202004030706,18,6.9,285.6,47.3
202004030707,18,4.4,254.4,60.6
202004030708,15,4.2,248.3,50.9
202004030709,15,3.0,196.1,43.8
202004030710,13,4.2,193.9,29.9
202004030711,16,3.0,231.7,50.8
202004030712,16,3.5,250.3,50.0
202010020701,15,2.1,171.7,56.5
202010020702,11,2.1,117.1,24.1
202010020703,13,2.4,140.3,39.4
202010020704,18,4.6,248.1,56.4
202010020705,10,2.1,89.5,18.9
202010020706,16,2.5,239.4,53.2
202010020707,15,3.0,214.8,48.3
202010020708,12,2.8,114.9,24.3
202010020709,13,2.6,135.9,31.5
202010020710,14,2.3,136.1,36.1
202010020711,17,4.5,260.8,58.7
202010020712,13,4.0,195.6,30.9
202001020801,16,5.0,211.6,43.0
202001020802,16,4.7,231.5,43.3
202001020803,12,5.0,60.7,21.0
202001020804,14,3.1,149.0,31.8
202001020805,16,4.3,250.1,51.8
202001020806,16,4.6,210.2,39.4
202001020807,14,2.6,142.4,32.8
202001020808,14,3.4,98.1,30.8
202001020809,14,3.5,115.4,33.4
202001020810,16,6.5,188.8,39.1
202001020811,14,3.8,143.4,31.0
202001020812,13,3.3,141.9,27.2
202004030801,18,3.1,273.5,77.7
202004030802,12,1.9,169.6,31.2
202004030803,15,4.7,215.5,37.8
202004030804,15,3.4,248.9,47.1
202004030805,18,3.3,250.2,76.0
202004030806,18,4.9,281.9,74.4
202004030807,12,2.4,99.8,25.5
202004030808,8,2.1,59.2,11.0
202004030809,13,3.9,198.5,39.9
202004030810,15,4.7,249.0,43.8
202004030811,18,4.6,206.1,53.6
202004030812,18,4.2,277.0,54.3
202010020801,10,1.8,71.9,14.2
202010020802,17,3.0,265.9,75.6
202010020803,16,3.2,180.1,51.1
202010020804,13,2.4,110.8,31.4
202010020805,16,3.4,191.1,49.9
202010020806,15,2.0,205.5,61.0
202010020807,14,4.5,163.1,29.9
202010020808,12,1.9,95.8,28.8
202010020809,11,1.9,110.1,22.3
202010020810,8,2.3,34.4,11.0
202010020811,10,1.9,110.5,19.7
202010020812,15,2.7,205.0,47.1
202006040101,13,1.9,150.3,38.5
202006040102,16,3.0,240.0,55.3
202006040103,16,2.6,246.0,50.3
202006040104,16,3.5,243.5,57.1
202006040105,15,3.0,230.6,48.5
202006040106,15,4.5,231.1,37.6
202006040107,14,2.1,165.7,42.5
202006040108,11,2.4,159.9,25.7
202006040109,9,1.5,133.1,20.8
202006040110,16,4.0,175.1,41.0
202006040111,18,5.6,210.9,49.7
202006040112,16,4.5,214.3,42.2
202007020101,13,2.6,185.5,37.7
202007020102,15,2.9,232.3,48.0
202007020103,9,1.9,64.8,13.4
202007020104,16,3.3,186.8,50.9
202007020105,12,2.7,145.8,27.7
202007020106,15,2.1,208.6,51.5
202007020107,10,2.0,67.2,17.5
202007020108,7,1.8,39.0,7.5
202007020109,15,3.3,169.4,42.4
202007020110,16,2.4,201.2,60.4
202007020111,14,3.3,86.3,29.7
202007020112,13,2.1,139.2,35.7
202006040201,12,2.3,163.0,28.7
202006040202,11,1.6,130.8,26.5
202006040203,16,2.9,263.8,69.7
202006040204,11,2.1,166.0,22.0
202006040205,16,2.3,252.3,66.2
202006040206,10,1.8,164.9,24.8
202006040207,16,4.6,239.5,39.7
202006040208,14,2.0,171.9,41.5
202006040209,9,1.8,68.4,14.0
202006040210,15,3.5,169.1,41.3
202006040211,16,3.8,224.2,44.5
202006040212,15,4.0,227.7,45.1
202007020201,10,1.9,95.0,18.9
202007020202,10,2.2,63.2,22.1
202007020203,10,1.9,90.5,18.1
202007020204,12,2.3,126.0,25.7
202007020205,12,2.7,143.4,27.6
202007020206,13,2.1,151.0,32.8
202007020207,10,2.8,70.2,15.2
202007020208,9,1.5,71.7,17.4
202007020209,10,2.5,80.3,14.4
202007020210,18,2.0,218.7,77.7
202007020211,17,3.3,247.5,62.2
202007020212,16,2.8,194.2,50.1
202006040301,14,3.3,220.6,39.4
202006040302,14,2.0,192.3,55.7
202006040303,15,2.7,235.8,53.7
202006040304,16,4.2,261.2,62.8
202006040305,15,2.9,119.4,39.2
202006040306,11,2.9,129.2,20.5
202006040307,16,3.0,243.9,65.5
202006040308,15,2.8,242.4,47.0
202006040309,13,2.2,148.3,31.3
202006040310,16,2.8,234.7,55.5
202006040311,14,3.2,196.3,37.2
202006040312,15,2.7,238.7,52.6
202007020301,16,3.4,234.8,54.5
202007020302,11,2.3,113.9,30.4
202007020303,10,1.6,93.1,21.6
202007020304,10,1.8,80.5,16.1
202007020305,12,2.1,82.9,28.6
202007020306,15,2.6,213.2,49.9
202007020307,13,2.5,119.7,27.9
202007020308,13,1.9,136.6,36.8
202007020309,5,1.2,9.7,2.9
202007020310,16,4.4,218.5,46.0
202007020311,16,2.9,185.5,45.7
202007020312,16,3.6,207.2,50.0
202006040401,13,2.5,195.3,34.5
202006040402,15,2.0,225.8,52.8
202006040403,16,2.6,237.1,56.4
202006040404,16,3.5,267.6,55.7
202006040405,16,3.1,227.5,47.8
202006040406,16,2.6,188.7,55.8
202006040407,14,2.4,188.1,38.8
202006040408,13,4.1,200.7,28.6
202006040409,16,2.4,179.0,56.2
202006040410,13,3.2,160.0,29.3
202006040411,16,3.4,191.4,44.1
202006040412,16,4.5,238.9,48.3
202007020401,9,2.1,93.1,17.2
202007020402,13,2.9,143.3,28.7
202007020403,11,2.5,153.2,21.3
202007020404,16,3.2,171.0,49.1
202007020405,13,2.8,163.8,30.3
202007020406,15,3.2,234.1,41.5
202007020407,16,2.9,222.1,56.2
202007020408,14,5.0,126.5,30.0
202007020409,9,1.8,81.1,14.6
202007020410,14,2.5,179.7,35.0
202007020411,18,3.6,242.2,69.1
202007020412,15,3.4,156.2,40.0
202006040501,7,1.7,40.8,6.9
202006040502,15,3.0,254.7,68.8
202006040503,16,3.4,274.7,72.9
202006040504,13,1.5,174.2,45.6
202006040505,16,2.8,254.6,53.6
202006040506,11,2.4,91.9,18.6
202006040507,15,3.0,253.7,42.6
202006040508,14,4.2,186.8,30.6
202006040509,16,2.9,259.7,62.4
202006040510,11,2.3,131.2,25.9
202006040511,12,4.3,153.6,21.9
202006040512,12,3.1,136.7,29.1
202007020501,11,1.5,85.7,24.5
202007020502,11,2.5,99.6,20.1
202007020503,12,2.0,143.3,32.4
202007020504,9,1.6,76.1,11.8
202007020505,13,3.5,193.1,30.9
202007020506,16,3.0,127.1,47.3
202007020507,13,4.1,174.9,28.8
202007020508,16,5.2,222.7,47.1
202007020509,11,2.8,85.9,26.1
202007020510,14,3.4,129.2,29.8
202007020511,16,2.7,206.9,51.4
202007020512,18,2.6,228.3,66.8
202006040601,15,3.9,248.0,50.5
202006040602,14,2.3,197.1,39.5
202006040603,16,2.8,245.4,48.0
202006040604,15,3.4,200.5,38.4
202006040605,16,3.3,269.3,47.7
202006040606,12,3.9,186.4,23.2
202006040607,14,3.9,183.5,33.0
202006040608,14,3.0,176.2,35.2
202006040609,8,1.9,30.1,9.0
202006040610,12,4.0,97.8,22.6
202006040611,11,2.3,99.0,18.2
202006040612,16,5.3,274.7,44.7
202007020601,10,1.8,99.4,18.3
202007020602,11,3.1,132.7,18.5
202007020603,12,1.9,144.7,32.0
202007020604,15,2.2,226.2,53.2
202007020605,11,2.1,93.1,25.3
202007020606,15,2.6,201.9,45.1
202007020607,14,3.7,150.7,29.8
202007020608,18,4.8,256.3,60.5
202007020609,9,2.0,75.2,12.4
202007020610,9,1.9,69.6,12.7
202007020611,18,2.7,242.2,68.0
202007020612,15,2.3,210.6,49.0
202006040701,15,2.1,234.9,57.2
202006040702,15,2.2,235.9,47.4
202006040703,16,2.8,253.9,56.0
202006040704,16,2.3,247.3,80.3
202006040705,15,3.2,199.1,40.5
202006040706,14,3.0,193.6,35.8
202006040707,16,1.9,233.0,58.8
202006040708,16,4.3,242.2,44.5
202006040709,11,2.9,75.2,19.8
202006040710,16,4.6,182.4,43.9
202006040711,9,2.1,89.0,14.8
202006040712,16,2.3,197.0,64.5
202007020701,13,2.5,150.1,32.4
202007020702,12,3.0,133.1,24.3
202007020703,14,2.5,169.0,43.5
202007020704,18,4.0,253.2,66.4
202007020705,10,2.1,69.2,14.5
202007020706,12,3.7,111.2,23.3
202007020707,13,2.4,154.7,35.6
202007020708,14,2.8,163.1,35.3
202007020709,13,2.7,164.7,27.9
202007020710,16,3.1,237.6,56.2
202007020711,18,2.4,247.3,115.4
202007020712,16,2.9,195.4,50.1
202006040801,14,4.0,173.1,31.9
202006040802,16,1.9,238.0,62.1
202006040803,16,3.2,266.6,53.7
202006040804,17,3.3,267.0,60.7
202006040805,16,3.0,258.7,66.8
202006040806,16,2.9,238.2,57.7
202006040807,13,3.5,180.1,29.9
202006040808,16,4.5,263.6,43.0
202006040809,9,4.4,51.0,14.0
202006040810,16,3.8,233.9,45.1
202006040811,16,3.7,223.7,48.2
202006040812,16,3.1,188.0,47.9
202007020801,16,3.9,225.7,46.1
202007020802,10,1.7,96.8,17.9
202007020803,16,2.0,194.1,64.8
202007020804,16,3.3,226.2,48.7
202007020805,14,2.5,124.5,37.5
202007020806,15,2.7,240.3,52.2
202007020807,12,2.2,117.8,26.6
202007020808,16,2.8,221.3,52.3
202007020809,8,1.6,62.4,10.8
202007020810,11,2.4,84.6,19.5
202007020811,16,2.7,216.7,55.4
202007020812,18,4.0,263.5,69.9
202006040901,16,1.8,230.2,85.5
202006040902,16,3.8,236.4,45.4
202006040903,16,2.6,255.2,70.3
202006040904,13,2.3,122.3,34.6
202006040905,14,2.5,222.2,43.4
202006040906,16,3.2,241.9,47.0
202006040907,15,3.1,263.9,40.7
202006040908,12,1.9,121.5,32.5
202006040909,11,2.0,157.7,22.7
202006040910,10,2.8,82.8,12.9
202006040911,16,2.9,231.4,55.1
202006040912,16,2.8,218.9,57.4
202007020901,14,2.9,174.2,40.1
202007020902,16,3.4,190.9,51.9
202007020903,14,2.7,184.2,39.2
202007020904,14,2.7,144.4,38.0
202007020905,16,3.9,214.9,46.6
202007020906,14,3.4,133.6,30.4
202007020907,9,2.2,94.5,13.7
202007020908,16,2.2,228.7,60.8
202007020909,10,2.0,81.3,20.3
202007020910,16,2.8,218.6,62.9
202007020911,16,3.7,231.6,50.3
202007020912,16,3.1,224.8,48.7
202004040101,14,2.8,169.2,38.2
202004040102,13,3.7,133.5,28.6
202004040103,13,3.3,193.4,27.9
202004040104,14,3.6,183.5,30.5
202004040105,15,2.7,237.5,47.6
202004040106,15,2.7,230.4,44.0
202004040107,16,7.1,172.4,36.6
202004040108,12,3.6,185.7,26.6
202004040109,13,2.5,166.0,31.5
202004040110,11,3.6,97.4,19.2
202004040111,11,3.6,144.0,17.3
202004040112,14,3.3,185.8,29.7
202005040101,16,2.9,193.1,48.7
202005040102,14,2.6,164.0,34.7
202005040103,17,2.7,264.4,82.0
202005040104,16,2.8,214.6,59.2
202005040105,18,2.5,259.1,67.5
202005040106,13,2.8,165.6,30.0
202005040107,15,4.4,248.3,36.8
202005040108,17,7.2,276.2,39.9
202005040109,9,2.2,47.1,14.0
202005040110,16,4.2,232.9,44.4
202005040111,10,2.3,119.0,15.7
202005040112,16,2.3,249.1,57.2
202008040101,13,2.7,136.7,31.8
202008040102,13,5.3,160.6,24.6
202008040103,13,3.3,134.4,28.6
202008040104,16,3.2,223.2,51.7
202008040105,14,4.5,186.4,29.0
202008040106,16,3.8,187.9,45.0
202008040107,8,2.1,55.1,9.7
202008040108,14,2.3,153.0,40.1
202008040109,9,2.0,67.1,12.4
202008040110,11,3.8,77.3,17.8
202008040111,18,7.9,213.5,50.0
202008040112,16,2.3,194.7,65.4
202004040201,15,3.2,232.8,44.4
202004040202,15,2.0,191.1,48.7
202004040203,11,4.0,94.0,20.2
202004040204,13,2.3,150.9,35.1
202004040205,15,2.7,244.2,51.4
202004040206,18,3.4,242.4,67.7
202004040207,10,2.4,99.8,18.3
202004040208,11,3.4,118.1,17.9
202004040209,13,3.3,178.5,29.3
202004040210,10,2.5,120.1,17.4
202004040211,18,3.5,207.5,59.2
202004040212,11,2.1,80.7,22.2
202005040201,16,3.8,263.7,56.8
202005040202,16,4.0,279.7,67.2
202005040203,14,2.1,189.8,49.8
202005040204,18,3.4,280.1,84.7
202005040205,13,2.4,167.3,31.5
202005040206,16,3.4,248.6,46.8
202005040207,14,3.4,152.6,32.1
202005040208,12,2.1,163.6,30.3
202005040209,16,4.3,215.8,48.9
202005040210,16,3.2,227.9,47.8
202005040211,11,1.9,123.8,24.5
202005040212,16,2.4,239.2,55.9
202008040201,16,8.2,277.1,47.9
202008040202,10,1.8,69.5,15.5
202008040203,11,2.3,127.9,22.6
202008040204,16,2.9,234.6,48.6
202008040205,14,3.5,160.1,30.8
202008040206,11,4.3,36.2,16.0
202008040207,11,1.9,118.5,23.3
202008040208,8,1.7,55.8,9.7
202008040209,6,1.4,31.1,3.8
202008040210,16,3.7,238.7,47.1
202008040211,17,3.7,272.8,54.5
202008040212,16,3.2,256.1,61.7
202004040301,13,2.4,153.8,37.1
202004040302,12,2.3,145.0,26.2
202004040303,15,3.5,236.3,46.9
202004040304,11,2.2,85.7,19.7
202004040305,18,7.5,254.7,62.3
202004040306,11,4.0,125.7,18.8
202004040307,11,3.3,153.3,18.6
202004040308,14,4.2,160.9,30.4
202004040309,14,2.7,161.2,36.9
202004040310,13,3.8,144.6,27.7
202004040311,18,4.1,231.0,58.8
202004040312,12,4.1,125.5,22.0
202005040301,16,2.2,230.0,65.4
202005040302,14,3.1,159.0,36.6
202005040303,11,2.8,175.9,25.8
202005040304,16,3.4,267.0,61.8
202005040305,18,3.2,271.5,71.9
202005040306,16,4.3,221.5,44.0
202005040307,16,5.2,270.2,46.8
202005040308,9,2.3,49.2,11.3
202005040309,10,2.0,50.6,12.9
202005040310,18,3.1,231.5,62.5
202005040311,8,2.0,28.6,10.0
202005040312,16,2.6,216.6,55.4
202008040301,10,2.2,74.0,15.5
202008040302,12,2.8,82.9,19.0
202008040303,11,2.6,149.0,20.7
202008040304,16,3.3,217.1,52.4
202008040305,12,2.9,117.8,27.0
202008040306,9,1.9,88.7,20.8
202008040307,16,3.3,239.8,53.7
202008040308,9,2.0,45.8,12.5
202008040309,6,2.3,8.9,3.9
202008040310,14,3.1,158.9,32.9
202008040311,13,2.1,154.7,35.8
202008040312,11,2.1,94.4,20.8
202004040401,10,2.4,91.8,16.5
202004040402,10,2.7,114.8,18.1
202004040403,12,2.0,96.9,30.0
202004040404,12,3.3,150.4,23.7
202004040405,13,4.2,172.0,26.6
202004040406,12,2.3,164.5,29.0
202004040407,12,2.8,136.0,24.5
202004040408,15,3.1,211.9,41.5
202004040409,13,6.4,135.0,23.2
202004040410,12,3.3,69.8,26.8
202004040411,16,3.8,187.6,42.7
202004040412,15,4.7,227.2,41.1
202005040401,13,2.8,160.7,30.8
202005040402,8,1.6,34.5,9.8
202005040403,16,2.8,247.2,57.4
202005040404,18,5.6,293.2,83.9
202005040405,14,2.6,163.6,38.1
202005040406,10,2.0,131.5,16.8
202005040407,10,2.3,143.3,17.3
202005040408,16,3.4,214.4,54.7
202005040409,8,1.8,62.9,9.9
202005040410,16,3.4,211.0,47.0
202005040411,16,3.1,216.6,46.6
202005040412,15,2.4,210.0,47.0
202008040401,11,1.6,110.7,30.1
202008040402,8,1.6,54.7,10.5
202008040403,13,2.2,164.1,34.7
202008040404,18,3.0,221.2,70.6
202008040405,11,2.1,123.7,24.0
202008040406,10,1.7,74.8,19.7
202008040407,11,2.1,122.2,24.3
202008040408,13,3.0,122.9,28.1
202008040409,8,1.4,59.8,10.2
202008040410,13,1.8,146.2,35.1
202008040411,18,2.3,234.5,66.1
202008040412,16,2.3,164.3,52.9
202004040501,14,2.2,149.1,43.0
202004040502,14,5.1,194.8,32.0
202004040503,9,1.7,77.2,14.1
202004040504,13,2.9,142.9,29.6
202004040505,12,2.0,153.7,29.7
202004040506,12,2.3,110.3,25.5
202004040507,9,2.3,43.0,11.4
202004040508,16,3.6,221.3,49.7
202004040509,7,1.5,58.9,9.7
202004040510,16,4.9,234.3,45.3
202004040511,13,4.6,84.4,26.7
202004040512,11,3.5,113.5,18.7
202005040501,13,1.9,175.0,38.7
202005040502,15,2.1,229.6,67.8
202005040503,16,3.1,258.3,70.2
202005040504,16,3.9,261.6,58.9
202005040505,15,2.7,213.9,48.7
202005040506,15,5.2,133.0,31.8
202005040507,10,1.8,67.8,19.2
202005040508,14,5.1,232.2,36.3
202005040509,8,2.3,65.0,9.3
202005040510,16,3.8,199.3,44.9
202005040511,12,5.9,150.0,22.2
202005040512,16,4.0,246.8,57.3
202008040501,12,2.4,138.7,26.6
202008040502,12,3.6,128.2,24.9
202008040503,9,1.9,85.6,14.9
202008040504,16,2.0,182.8,60.5
202008040505,17,2.2,193.3,68.3
202008040506,11,1.9,68.8,23.9
202008040507,14,2.7,172.7,41.5
202008040508,11,1.8,117.2,23.2
202008040509,7,1.7,23.4,6.7
202008040510,14,2.9,96.0,33.2
202008040511,16,2.2,210.2,62.8
202008040512,15,2.5,154.6,47.2
202004040601,13,4.4,184.4,32.4
202004040602,9,2.0,51.0,12.1
202004040603,9,2.8,74.7,12.4
202004040604,14,3.2,181.8,35.8
202004040605,18,5.8,291.4,73.8
202004040606,11,2.9,67.9,20.0
202004040607,10,2.8,60.3,14.7
202004040608,12,2.9,131.1,26.5
202004040609,9,1.9,46.5,11.0
202004040610,9,1.6,76.4,12.7
202004040611,18,4.2,219.9,59.5
202004040612,15,2.1,180.2,54.7
202005040601,13,3.3,219.8,38.6
202005040602,8,1.6,53.0,9.1
202005040603,16,5.1,267.3,57.5
202005040604,17,3.2,269.5,70.7
202005040605,12,2.9,114.8,26.3
202005040606,13,2.9,194.8,34.9
202005040607,12,4.8,178.7,20.6
202005040608,14,2.8,173.8,35.7
202005040609,8,2.7,26.0,7.6
202005040610,12,2.3,95.2,26.1
202005040611,11,2.9,76.3,19.3
202005040612,16,3.9,271.1,50.1
202008040601,12,2.2,138.9,26.7
202008040602,18,3.0,262.4,63.4
202008040603,10,2.1,86.5,20.2
202008040604,18,3.6,239.7,67.6
202008040605,18,2.3,227.1,84.7
202008040606,15,2.2,194.2,52.8
202008040607,11,1.7,98.6,23.6
202008040608,11,2.9,88.2,20.1
202008040609,13,3.1,179.4,28.9
202008040610,18,3.5,254.3,74.6
202008040611,18,1.9,234.4,97.9
202008040612,16,2.6,229.5,52.3
202003030101,16,3.7,234.7,47.4
202003030102,9,1.8,59.1,11.3
202003030103,15,2.6,228.0,42.4
202003030104,13,3.1,136.7,28.2
202003030105,12,4.5,130.3,18.4
202003030106,12,3.2,124.9,25.2
202003030107,14,4.8,173.8,32.3
202003030108,15,2.7,235.2,44.4
202003030109,14,3.3,180.5,32.8
202003030110,13,3.0,164.2,28.9
202003030111,14,2.6,123.5,34.3
202003030112,15,4.2,254.2,48.1
202005040701,12,2.3,146.2,27.3
202005040702,12,2.1,165.8,28.3
202005040703,10,1.7,74.7,20.1
202005040704,16,2.3,241.1,70.3
202005040705,16,2.4,254.1,58.4
202005040706,16,2.2,999.9,75.5
202005040707,11,3.5,158.9,22.8
202005040708,12,4.9,79.9,22.0
202005040709,16,3.3,196.7,52.9
202005040710,18,2.8,256.5,66.1
202005040711,16,5.0,218.3,38.1
202005040712,11,3.0,135.9,19.5
202008040701,15,3.7,230.5,47.8
202008040702,15,2.9,176.1,40.9
202008040703,13,2.6,170.1,31.1
202008040704,18,2.2,218.2,74.1
202008040705,17,2.8,229.0,62.2
202008040706,12,2.3,82.8,25.3
202008040707,14,2.7,147.6,34.0
202008040708,16,5.7,207.7,38.7
202008040709,8,2.0,63.6,10.5
202008040710,12,2.5,120.7,26.4
202008040711,16,2.1,224.1,60.7
202008040712,14,3.0,191.7,31.7
202003030201,15,2.2,229.5,50.7
202003030202,16,2.3,229.6,57.6
202003030203,15,4.7,226.2,42.3
202003030204,9,1.7,79.5,17.0
202003030205,16,3.1,242.1,51.1
202003030206,12,3.3,137.8,27.2
202003030207,11,2.4,133.9,19.4
202003030208,15,8.3,226.3,31.1
202003030209,16,3.4,263.6,46.8
202003030210,11,3.1,127.9,18.4
202003030211,12,4.0,81.1,20.4
202003030212,16,6.6,256.4,54.6
202005040801,13,2.8,185.2,32.9
202005040802,15,2.4,234.0,55.8
202005040803,11,2.0,157.4,23.2
202005040804,13,3.8,152.2,29.3
202005040805,18,4.1,261.3,57.9
202005040806,15,4.4,209.5,42.8
202005040807,12,3.0,129.9,25.3
202005040808,8,1.7,44.0,10.6
202005040809,10,1.9,132.6,21.3
202005040810,16,3.0,197.6,54.5
202005040811,12,2.2,165.1,37.2
202005040812,16,3.8,192.1,44.9
202008040801,10,2.0,74.0,14.4
202008040802,15,3.2,212.9,46.9
202008040803,11,2.2,114.3,20.0
202008040804,15,2.0,141.7,58.3
202008040805,18,4.3,210.2,57.5
202008040806,11,3.4,81.5,18.3
202008040807,9,1.8,78.8,13.6
202008040808,8,1.6,45.1,10.4
202008040809,10,2.1,116.6,18.8
202008040810,14,1.8,135.9,46.5
202008040811,18,3.0,201.3,63.6
202008040812,16,2.8,189.6,56.2
202003030301,12,2.8,176.7,27.5
202003030302,16,2.9,246.8,64.8
202003030303,15,2.6,169.3,47.3
202003030304,10,2.6,67.5,14.7
202003030305,9,1.8,62.6,12.5
202003030306,15,5.7,227.1,38.4
202003030307,14,3.7,138.2,34.0
202003030308,15,3.2,199.6,41.4
202003030309,14,4.0,95.4,29.5
202003030310,13,3.7,132.6,27.8
202003030311,13,2.7,82.8,36.5
202003030312,16,2.8,220.7,56.7
202005050101,14,2.2,202.0,47.4
202005050102,16,2.7,219.1,55.1
202005050103,18,4.2,281.9,73.0
202005050104,10,1.7,130.9,20.1
202005050105,16,4.1,260.1,66.3
202005050106,14,2.7,213.3,43.5
202005050107,10,2.4,119.6,17.3
202005050108,16,3.3,251.1,53.1
202005050109,12,3.6,170.6,27.2
202005050110,15,3.6,197.7,38.6
202005050111,18,3.2,238.6,65.3
202005050112,16,3.7,203.1,52.2
202009050101,15,7.1,188.5,33.9
202009050102,9,2.3,68.5,11.4
202009050103,17,3.4,235.3,60.2
202009050104,15,2.2,174.9,52.4
202009050105,7,1.9,24.2,6.2
202009050106,10,2.9,71.7,16.9
202009050107,13,1.7,142.3,45.9
202009050108,14,2.6,148.5,42.7
202009050109,9,1.7,78.8,15.0
202009050110,16,2.6,237.8,60.1
202009050111,12,3.1,93.5,25.7
202009050112,13,2.9,202.9,29.1
202003030401,16,2.7,248.6,68.4
202003030402,16,4.2,237.0,52.3
202003030403,15,3.0,233.7,45.4
202003030404,10,2.2,83.9,15.6
202003030405,14,3.7,167.2,31.8
202003030406,10,3.4,131.5,15.2
202003030407,13,2.7,125.1,28.6
202003030408,13,5.3,118.7,27.7
202003030409,14,7.1,137.5,29.1
202003030410,14,2.0,175.6,40.5
202003030411,14,3.5,154.7,32.4
202003030412,16,3.5,227.2,41.7
202005050201,15,1.8,218.7,64.1
202005050202,18,3.6,282.9,72.7
202005050203,16,3.3,264.0,50.9
202005050204,13,2.0,213.1,51.1
202005050205,10,1.7,59.8,15.0
202005050206,15,2.2,222.4,49.5
202005050207,13,2.7,170.2,32.8
202005050208,16,6.3,278.4,36.2
202005050209,8,2.3,45.8,10.7
202005050210,16,3.2,240.1,49.0
202005050211,18,4.6,263.9,52.2
202005050212,11,3.4,195.6,25.2
202009050201,13,3.2,184.8,28.9
202009050202,12,1.8,122.7,30.6
202009050203,11,2.5,95.4,20.2
202009050204,11,2.1,93.3,23.2
202009050205,10,2.3,83.7,17.7
202009050206,13,2.7,145.6,28.6
202009050207,8,2.3,40.5,9.2
202009050208,13,2.4,126.1,32.0
202009050209,15,2.3,231.4,47.0
202009050210,16,4.2,241.4,43.2
202009050211,10,2.9,93.3,14.4
202009050212,14,2.4,187.5,38.3
202003030501,13,3.5,192.7,35.2
202003030502,15,3.0,237.7,46.0
202003030503,15,2.6,234.3,43.4
202003030504,16,3.3,218.3,47.7
202003030505,14,3.1,193.1,36.7
202003030506,16,3.1,224.0,52.3
202003030507,16,6.1,242.9,36.6
202003030508,16,7.0,242.8,48.4
202003030509,16,4.8,248.3,51.9
202003030510,16,2.5,202.6,52.1
202003030511,16,3.2,234.6,49.6
202003030512,15,3.0,194.8,41.8
202005050301,12,2.6,139.5,26.7
202005050302,18,2.3,245.9,96.9
202005050303,13,2.3,152.6,30.8
202005050304,7,1.5,54.5,6.8
202005050305,12,2.3,144.1,26.2
202005050306,11,2.0,148.2,25.0
202005050307,16,3.2,232.8,50.2
202005050308,18,4.2,246.4,55.7
202005050309,16,4.9,264.3,45.4
202005050310,18,3.4,260.2,64.2
202005050311,16,3.4,188.3,49.1
202005050312,16,5.8,223.7,49.3
202009050301,12,2.3,130.3,26.8
202009050302,14,2.5,193.4,42.6
202009050303,15,3.3,219.5,46.8
202009050304,16,4.3,229.9,47.5
202009050305,13,2.9,150.4,33.4
202009050306,12,1.9,133.9,32.7
202009050307,16,2.6,184.9,65.4
202009050308,6,1.2,26.6,5.8
202009050309,9,1.9,62.1,15.6
202009050310,16,2.3,222.9,61.8
202009050311,8,1.6,89.2,10.3
202009050312,12,3.1,183.6,30.3
202003030601,16,2.6,230.9,60.7
202003030602,15,2.2,213.5,52.7
202003030603,15,5.1,221.5,32.8
202003030604,13,2.1,156.2,36.3
202003030605,11,1.7,90.5,23.3
202003030606,16,3.8,182.5,40.5
202003030607,16,3.1,224.1,53.3
202003030608,16,3.9,168.1,44.0
202003030609,16,3.4,245.4,49.9
202003030610,16,2.7,191.6,53.0
202003030611,16,5.9,175.3,36.7
202003030612,16,4.8,210.1,42.8
202005050401,13,2.2,167.8,33.9
202005050402,18,2.4,237.4,86.4
202005050403,14,2.9,213.7,35.7
202005050404,13,2.2,195.1,36.5
202005050405,10,2.8,120.2,16.6
202005050406,13,3.5,166.2,28.1
202005050407,16,3.6,236.0,46.1
202005050408,15,3.2,229.5,39.2
202005050409,12,2.6,87.8,26.0
202005050410,16,3.9,251.1,47.4
202005050411,17,4.7,239.9,49.0
202005050412,16,3.1,240.8,53.0
202009050401,13,1.9,137.7,37.5
202009050402,16,3.2,254.5,60.7
202009050403,15,2.3,201.4,50.7
202009050404,17,2.9,245.5,69.3
202009050405,10,2.3,75.5,16.5
202009050406,9,1.5,88.9,16.0
202009050407,14,2.5,169.0,36.0
202009050408,9,3.0,66.1,12.0
202009050409,5,1.2,12.5,3.0
202009050410,16,5.2,237.7,46.6
202009050411,18,3.8,241.1,64.5
202009050412,14,3.5,152.5,33.2
202005050501,16,2.3,242.3,77.7
202005050502,16,2.7,255.0,86.8
202005050503,16,3.2,248.1,64.6
202005050504,16,3.9,242.4,46.5
202005050505,18,4.2,276.4,73.3
202005050506,13,2.8,164.1,28.7
202005050507,16,2.6,232.7,58.9
202005050508,14,3.2,167.4,34.0
202005050509,16,3.2,244.0,51.2
202005050510,16,4.5,268.5,58.5
202005050511,18,4.2,261.9,61.8
202005050512,18,3.7,263.1,73.6
202009050501,13,3.7,179.8,28.5
202009050502,15,2.9,198.6,42.1
202009050503,13,2.7,153.9,29.3
202009050504,16,2.4,173.1,61.2
202009050505,8,2.1,63.0,10.8
202009050506,16,3.2,227.6,50.2
202009050507,9,2.0,94.7,14.5
202009050508,15,2.6,221.7,45.3
202009050509,14,4.6,189.4,30.7
202009050510,15,2.6,187.9,48.6
202009050511,15,2.4,173.6,47.8
202009050512,16,3.0,196.1,51.1
202005050601,15,3.2,132.4,34.7
202005050602,18,3.3,256.5,64.9
202005050603,18,2.9,274.9,91.8
202005050604,10,1.8,91.7,16.5
202005050605,11,3.3,182.0,18.6
202005050606,16,2.6,238.0,59.3
202005050607,16,5.4,231.3,44.5
202005050608,16,3.6,249.5,57.8
202005050609,10,2.7,119.1,18.5
202005050610,11,2.2,119.2,23.9
202005050611,16,3.8,204.3,43.4
202005050612,12,2.2,188.5,30.9
202009050601,15,3.5,245.7,49.8
202009050602,16,2.4,204.5,65.0
202009050603,15,2.2,218.1,59.4
202009050604,13,4.5,171.1,28.9
202009050605,8,1.5,61.1,10.5
202009050606,12,2.7,142.0,25.7
202009050607,16,3.0,187.3,47.5
202009050608,16,3.1,187.1,48.7
202009050609,8,1.7,71.5,10.7
202009050610,16,2.3,213.1,59.0
202009050611,17,2.0,200.8,72.4
202009050612,16,3.3,229.5,54.4
202005050701,16,3.5,269.1,56.9
202005050702,18,3.5,271.0,71.0
202005050703,16,4.1,171.0,45.8
202005050704,16,2.8,258.5,62.2
202005050705,13,2.5,177.0,34.6
202005050706,18,2.7,257.5,76.7
202005050707,16,3.3,234.3,44.3
202005050708,16,3.1,240.7,57.4
202005050709,16,3.3,140.9,45.5
202005050710,16,2.7,227.4,55.6
202005050711,10,2.0,131.7,19.0
202005050712,13,2.4,188.0,34.0
202009050701,11,2.6,76.6,18.6
202009050702,15,2.1,211.5,50.6
202009050703,16,2.6,197.1,45.5
202009050704,6,1.3,22.4,4.6
202009050705,12,2.1,111.9,26.0
202009050706,14,2.0,147.6,46.8
202009050707,13,1.9,124.6,39.3
202009050708,10,2.9,74.0,16.2
202009050709,11,2.7,149.6,23.9
202009050710,10,2.7,78.3,14.2
202009050711,16,2.6,212.5,55.1
202009050712,18,6.1,226.1,53.4
202005050801,16,1.8,218.5,75.5
202005050802,16,2.8,253.0,59.0
202005050803,14,1.9,206.9,48.6
202005050804,12,2.4,131.8,25.6
202005050805,16,2.1,239.9,61.8
202005050806,16,2.8,215.6,51.1
202005050807,12,3.0,94.0,22.8
202005050808,11,3.9,169.1,17.2
202005050809,11,2.0,88.0,22.5
202005050810,16,3.5,250.1,47.2
202005050811,13,3.0,162.8,28.3
202005050812,14,3.4,225.5,38.0
202009050801,13,2.1,126.1,34.5
202009050802,16,2.9,246.9,55.1
202009050803,11,1.7,114.5,22.3
202009050804,14,3.0,165.6,34.4
202009050805,9,1.9,56.9,15.0
202009050806,17,3.8,256.4,57.9
202009050807,13,2.8,134.2,31.1
202009050808,16,2.9,236.9,50.4
202009050809,9,2.9,71.3,11.5
202009050810,16,3.1,210.8,50.4
202009050811,10,2.6,114.4,15.2
202009050812,13,3.0,191.5,32.0
202005050901,16,3.7,275.1,68.6
202005050902,18,2.6,254.7,95.0
202005050903,12,2.1,198.1,33.3
202005050904,16,2.4,243.4,51.0
202005050905,16,2.8,231.2,65.0
202005050906,13,3.5,206.1,26.3
202005050907,16,3.7,247.9,53.1
202005050908,10,2.1,162.2,23.0
202005050909,7,1.4,29.0,7.3
202005050910,16,2.5,253.2,59.1
202005050911,16,3.3,237.9,51.3
202005050912,15,2.3,204.0,50.0
202009050901,16,2.2,192.1,57.2
202009050902,16,2.3,222.3,55.4
202009050903,10,2.7,63.2,13.7
202009050904,16,3.4,235.2,47.3
202009050905,11,1.9,99.2,23.6
202009050906,12,3.8,86.9,21.8
202009050907,9,1.7,66.2,11.6
202009050908,13,3.7,178.1,30.7
202009050909,10,2.5,73.4,13.6
202009050910,11,2.2,70.3,21.2
202009050911,15,1.7,206.2,56.4
202009050912,16,4.3,218.6,44.5
202006050101,16,2.8,252.2,65.0
202006050102,16,1.9,215.0,78.2
202006050103,13,2.4,213.0,38.5
202006050104,16,1.8,219.2,69.3
202006050105,16,3.4,243.9,56.1
202006050106,14,3.7,233.9,38.1
202006050107,16,3.6,238.0,46.1
202006050108,11,2.0,80.3,25.0
202006050109,12,3.2,129.0,21.0
202006050110,16,2.6,254.3,59.0
202006050111,15,2.8,246.0,46.7
202006050112,11,1.8,88.4,24.4
202007030101,16,2.1,178.7,58.2
202007030102,16,3.7,221.6,47.7
202007030103,10,3.8,71.4,12.7
202007030104,16,2.7,221.0,55.1
202007030105,16,4.8,182.1,40.7
202007030106,18,5.0,231.8,51.5
202007030107,13,2.9,146.0,30.2
202007030108,16,3.3,229.8,50.7
202007030109,16,3.5,169.4,42.7
202007030110,16,4.5,214.5,45.8
202007030111,18,3.8,235.1,55.4
202007030112,18,3.6,236.9,62.1
202009060101,16,2.6,189.3,52.3
202009060102,12,2.3,153.7,26.9
202009060103,16,2.4,222.1,60.1
202009060104,11,2.1,98.8,24.2
202009060105,13,3.3,166.4,29.0
202009060106,10,4.8,116.0,10.7
202009060107,15,6.9,180.5,37.2
202009060108,8,1.9,45.5,10.3
202009060109,12,2.4,124.7,25.6
202009060110,16,2.7,229.7,56.9
202009060111,11,1.6,118.7,22.2
202009060112,16,1.9,209.5,63.9
202006050201,16,3.2,259.8,71.3
202006050202,16,3.1,230.7,50.0
202006050203,16,4.1,258.5,44.1
202006050204,16,2.3,245.2,58.5
202006050205,16,3.7,157.6,43.3
202006050206,12,2.7,126.8,23.7
202006050207,15,3.6,236.8,39.7
202006050208,16,3.8,205.3,43.5
202006050209,16,3.6,177.9,41.9
202006050210,12,3.5,152.6,23.7
202006050211,16,3.5,199.9,43.2
202006050212,12,2.7,166.2,26.5
202007030201,13,2.9,162.4,30.7
202007030202,16,2.8,244.9,60.5
202007030203,10,3.0,72.7,13.2
202007030204,18,2.8,253.9,71.7
202007030205,14,3.5,169.5,32.9
202007030206,10,2.9,93.3,15.6
202007030207,18,5.2,274.7,62.0
202007030208,16,2.9,231.8,57.8
202007030209,8,2.6,25.9,9.0
202007030210,18,6.4,233.5,52.9
202007030211,16,2.3,242.5,55.8
202007030212,16,3.7,243.5,49.4
202009060201,16,3.7,222.0,51.3
202009060202,12,1.7,118.7,33.1
202009060203,17,4.2,241.4,61.2
202009060204,7,1.5,45.6,8.8
202009060205,9,1.9,76.5,12.1
202009060206,10,1.7,76.5,18.0
202009060207,11,2.8,151.0,25.1
202009060208,9,1.6,65.4,14.9
202009060209,10,2.5,73.8,13.8
202009060210,11,2.4,73.2,20.0
202009060211,16,3.6,215.8,51.4
202009060212,11,1.8,96.8,23.1
202006050301,16,2.0,237.7,76.2
202006050302,16,3.4,282.8,56.9
202006050303,16,4.0,286.5,53.2
202006050304,16,2.4,251.4,84.3
202006050305,16,3.1,275.2,68.7
202006050306,16,3.3,269.9,64.0
202006050307,16,3.7,251.6,50.5
202006050308,16,3.8,264.8,51.7
202006050309,16,2.0,236.9,65.8
202006050310,16,2.4,259.0,64.5
202006050311,16,5.4,165.8,37.9
202006050312,13,2.1,209.5,41.3
202007030301,12,2.0,149.2,30.8
202007030302,12,3.0,128.2,24.4
202007030303,16,2.4,191.3,51.3
202007030304,14,3.7,151.5,30.4
202007030305,14,2.8,110.6,36.6
202007030306,16,2.7,222.3,58.3
202007030307,12,3.0,131.7,26.4
202007030308,16,3.1,232.0,51.2
202007030309,18,4.4,267.4,62.5
202007030310,16,2.5,214.5,54.7
202007030311,18,5.1,207.9,52.9
202007030312,16,3.9,237.7,42.5
202009060301,15,3.2,226.1,44.5
202009060302,12,2.2,89.8,28.0
202009060303,12,1.6,128.5,36.1
202009060304,10,1.5,76.7,21.5
202009060305,12,2.8,96.0,24.8
202009060306,15,3.3,202.1,42.2
202009060307,10,2.4,116.9,16.9
202009060308,16,6.0,241.4,47.2
202009060309,8,1.9,44.0,10.1
202009060310,8,1.4,50.4,12.5
202009060311,17,3.5,248.1,57.9
202009060312,13,2.7,128.2,29.0
202006050401,16,3.1,250.5,47.1
202006050402,16,4.1,243.2,45.7
202006050403,16,2.1,240.0,79.5
202006050404,18,2.6,225.7,77.6
202006050405,13,2.3,160.1,29.6
202006050406,15,4.0,249.7,35.6
202006050407,16,3.3,161.1,48.5
202006050408,16,3.4,253.7,47.7
202006050409,16,2.1,203.9,64.4
202006050410,11,2.4,127.1,20.3
202006050411,16,3.4,203.6,50.0
202006050412,15,3.9,192.4,41.2
202007030401,16,3.1,221.1,58.1
202007030402,16,5.2,242.1,44.4
202007030403,15,2.8,229.5,40.2
202007030404,14,2.4,145.1,38.9
202007030405,12,3.8,97.5,25.8
202007030406,16,7.1,226.6,42.1
202007030407,14,4.8,135.8,29.9
202007030408,18,2.9,250.8,79.9
202007030409,16,3.9,213.5,49.3
202007030410,8,2.1,31.5,8.9
202007030411,16,3.1,221.4,47.2
202007030412,12,2.8,141.8,25.7
202009060401,14,2.8,166.4,35.0
202009060402,14,1.9,167.0,44.0
202009060403,16,7.0,205.2,32.0
202009060404,14,2.3,168.3,39.7
202009060405,12,2.5,148.0,28.9
202009060406,11,2.7,113.9,21.2
202009060407,17,2.4,220.5,80.6
202009060408,13,2.5,132.8,32.4
202009060409,12,2.2,145.4,27.5
202009060410,16,5.3,217.7,36.1
202009060411,18,3.3,264.6,69.7
202009060412,15,3.9,226.2,43.1
202006050501,16,2.1,230.5,67.4
202006050502,16,2.7,251.1,68.4
202006050503,16,3.6,272.9,73.8
202006050504,16,2.2,217.6,68.0
202006050505,15,3.9,231.3,43.4
202006050506,16,3.6,268.7,58.9
202006050507,16,2.7,255.3,59.5
202006050508,11,2.5,84.5,23.6
202006050509,12,1.8,110.4,32.3
202006050510,16,3.8,205.0,44.4
202006050511,16,6.0,218.5,41.0
202006050512,15,3.6,180.1,38.4
202007030501,16,3.3,166.5,44.8
202007030502,11,2.8,93.9,21.4
202007030503,16,2.5,232.1,54.2
202007030504,14,5.3,129.8,29.3
202007030505,14,4.1,151.6,31.1
202007030506,16,3.1,188.5,55.6
202007030507,18,2.6,242.9,72.4
202007030508,16,3.4,240.0,52.7
202007030509,18,2.5,238.6,76.5
202007030510,14,4.6,171.0,30.8
202007030511,12,2.7,66.3,26.0
202007030512,16,2.7,252.1,48.6
202009060501,16,2.4,215.8,66.0
202009060502,16,2.3,220.3,59.7
202009060503,16,2.8,217.1,56.3
202009060504,18,2.3,254.8,86.2
202009060505,18,2.8,199.7,71.1
202009060506,14,2.9,138.8,34.4
202009060507,9,1.7,72.6,12.3
202009060508,11,2.3,115.3,18.1
202009060509,14,2.9,158.3,35.7
202009060510,11,2.7,94.5,20.9
202009060511,16,2.7,189.2,49.6
202009060512,16,3.5,238.8,46.6
202006050601,16,3.5,251.3,65.8
202006050602,16,3.5,225.9,48.1
202006050603,16,3.3,253.5,60.2
202006050604,18,5.5,266.8,62.5
202006050605,16,3.5,244.7,44.8
202006050606,15,2.3,223.1,48.2
202006050607,16,3.6,269.0,50.1
202006050608,16,2.8,221.7,51.0
202006050609,11,2.6,120.9,18.4
202006050610,16,2.7,229.0,53.1
202006050611,15,2.4,222.0,49.6
202006050612,16,2.8,259.4,49.7
202007030601,16,3.1,201.6,50.8
202007030602,16,2.4,171.2,55.3
202007030603,16,4.3,268.3,56.5
202007030604,13,2.5,152.4,32.0
202007030605,18,3.9,252.2,64.0
202007030606,13,3.2,152.0,27.9
202007030607,18,3.3,222.6,65.6
202007030608,18,4.7,260.8,54.5
202007030609,18,4.2,219.2,61.6
202007030610,16,4.0,147.7,44.1
202007030611,16,6.2,159.4,38.4
202007030612,11,2.4,110.5,21.2
202009060601,16,2.5,234.0,52.6
202009060602,16,2.5,235.6,63.9
202009060603,16,2.2,228.4,64.2
202009060604,18,2.9,231.9,62.8
202009060605,9,2.1,94.8,14.4
202009060606,18,2.7,241.8,68.8
202009060607,16,3.2,212.3,50.0
202009060608,14,2.4,166.6,37.7
202009060609,18,8.0,195.4,46.8
202009060610,16,3.9,224.4,44.6
202009060611,16,5.1,237.4,38.8
202009060612,16,3.5,221.4,45.8
202006050701,16,3.1,248.9,48.9
202006050702,16,3.2,166.7,69.3
202006050703,18,3.4,268.3,63.3
202006050704,16,2.2,237.3,70.6
202006050705,16,3.0,242.0,59.1
202006050706,15,3.3,266.1,52.0
202006050707,16,3.9,224.6,49.4
202006050708,16,4.0,247.4,45.2
202006050709,18,5.3,247.7,56.9
202006050710,16,2.1,218.9,70.4
202006050711,15,2.7,243.2,51.3
202006050712,14,3.3,200.3,34.1
202009060701,16,2.9,224.2,52.6
202009060702,15,2.6,219.4,52.6
202009060703,16,3.0,223.2,50.5
202009060704,18,3.6,254.6,64.4
202009060705,11,2.4,128.0,23.3
202009060706,9,2.0,44.6,12.0
202009060707,16,2.3,238.9,64.3
202009060708,9,1.9,82.3,12.4
202009060709,16,2.2,204.9,58.3
202009060710,11,2.6,97.7,22.3
202009060711,16,2.2,214.9,63.2
202009060712,16,3.4,236.1,51.9
202006050801,16,3.1,233.6,50.2
202006050802,16,3.7,275.9,52.5
202006050803,16,3.0,256.8,61.4
202006050804,16,3.4,264.8,53.8
202006050805,18,3.0,273.2,66.0
202006050806,16,3.4,256.1,53.8
202006050807,16,2.1,247.4,65.1
202006050808,16,2.9,193.0,47.7
202006050809,16,3.2,219.4,48.8
202006050810,16,4.7,167.9,40.2
202006050811,16,3.2,209.2,47.4
202006050812,16,4.8,260.3,45.1
202009060801,14,4.1,142.4,29.3
202009060802,16,3.5,168.5,47.0
202009060803,10,1.8,76.4,18.6
202009060804,16,2.7,222.2,45.2
202009060805,13,2.6,165.6,29.9
202009060806,18,2.9,220.6,71.7
202009060807,5,1.7,5.1,2.7
202009060808,15,2.7,225.5,50.9
202009060809,13,2.2,130.5,33.3
202009060810,16,6.1,182.9,38.3
202009060811,16,4.2,217.6,52.3
202009060812,14,3.4,130.6,31.9
202106010101,16,2.0,239.2,61.8
202106010102,16,2.8,224.4,54.0
202106010103,11,2.9,173.1,24.9
202106010104,15,3.3,241.8,43.3
202106010105,16,1.9,230.9,65.4
202106010106,11,2.7,152.9,20.6
202106010107,16,2.7,219.5,53.1
202106010108,16,5.7,251.3,40.2
202106010109,16,2.9,250.7,60.4
202106010110,12,2.2,157.6,27.4
202106010111,17,4.6,226.6,44.4
202106010112,13,3.6,149.2,29.2
202107010101,11,1.8,156.3,26.0
202107010102,16,2.4,204.7,56.9
202107010103,14,2.3,143.3,46.1
202107010104,11,1.8,87.7,25.0
202107010105,16,2.7,198.8,52.0
202107010106,8,1.9,42.4,9.0
202107010107,16,4.2,228.9,49.6
202107010108,16,4.6,269.4,61.3
202107010109,16,4.5,252.8,44.4
202107010110,14,2.8,165.3,33.1
202107010111,16,2.4,171.8,59.0
202107010112,15,3.1,186.8,43.1
202106010201,16,3.1,244.4,56.2
202106010202,16,4.5,264.9,65.0
202106010203,16,2.2,233.4,82.0
202106010204,16,3.0,253.0,62.5
202106010205,16,3.1,252.1,65.1
202106010206,16,2.6,223.6,55.4
202106010207,16,3.5,250.5,41.1
202106010208,14,3.5,187.0,35.6
202106010209,13,2.8,165.0,29.1
202106010210,16,2.8,186.8,54.9
202106010211,16,5.7,272.2,37.8
202106010212,13,4.1,172.9,31.1
202107010201,16,2.1,196.6,64.8
202107010202,16,2.5,197.2,53.3
202107010203,16,2.5,215.8,67.1
202107010204,15,2.3,196.1,49.6
202107010205,16,3.7,201.1,48.4
202107010206,16,2.3,189.9,69.5
202107010207,13,3.2,117.6,28.8
202107010208,13,2.2,156.4,34.5
202107010209,15,2.3,223.0,51.1
202107010210,16,2.9,204.7,50.1
202107010211,16,2.7,215.5,52.5
202107010212,16,2.8,226.4,52.3
202106010301,16,3.0,257.0,56.0
202106010302,16,2.7,240.3,67.0
202106010303,16,2.4,225.9,64.8
202106010304,12,1.8,149.3,31.9
202106010305,16,1.7,212.4,75.2
202106010306,16,2.3,245.5,65.4
202106010307,16,2.4,223.2,66.5
202106010308,16,3.1,238.2,48.1
202106010309,16,2.4,251.0,60.9
202106010310,16,4.9,223.4,41.7
202106010311,16,3.7,234.9,45.7
202106010312,15,5.0,167.3,33.1
202107010301,16,2.3,194.9,53.9
202107010302,16,3.5,228.2,51.2
202107010303,16,2.6,221.6,61.2
202107010304,13,2.4,153.9,32.5
202107010305,16,3.8,246.1,51.2
202107010306,16,2.9,250.8,62.6
202107010307,14,2.1,177.8,43.4
202107010308,11,3.6,73.7,16.7
202107010309,16,4.2,232.8,52.4
202107010310,16,2.7,229.1,53.4
202107010311,15,3.0,176.0,42.0
202107010312,16,2.4,183.9,58.9
202106010401,16,3.2,260.5,48.8
202106010402,16,3.4,252.9,59.4
202106010403,16,2.5,235.0,66.5
202106010404,16,2.0,240.7,75.7
202106010405,16,5.7,267.5,39.8
202106010406,10,2.1,64.1,18.9
202106010407,16,3.0,238.4,56.5
202106010408,16,2.7,250.1,54.1
202106010409,16,3.1,218.7,46.0
202106010410,16,3.1,204.3,51.0
202106010411,16,3.3,261.8,55.0
202106010412,16,7.3,256.8,40.7
202107010401,16,5.3,242.2,41.7
202107010402,16,2.8,236.2,56.4
202107010403,16,2.7,204.8,60.8
202107010404,9,1.8,41.6,13.3
202107010405,16,3.0,225.3,58.4
202107010406,11,2.8,122.2,19.6
202107010407,16,4.0,207.9,46.4
202107010408,16,1.8,192.3,68.6
202107010409,16,5.1,239.7,41.9
202107010410,16,2.3,219.3,58.6
202107010411,16,5.8,259.0,48.3
202107010412,16,3.9,260.5,53.3
202106010501,16,2.5,250.9,64.0
202106010502,16,3.3,261.9,72.0
202106010503,16,1.9,233.3,68.4
202106010504,16,4.1,265.9,62.0
202106010505,16,2.2,247.4,62.1
202106010506,16,3.5,238.5,49.1
202106010507,16,3.6,220.3,46.1
202106010508,15,2.5,245.5,50.7
202106010509,12,3.7,172.7,28.3
202106010510,16,4.5,239.7,43.6
202106010511,16,3.6,206.0,46.1
202106010512,14,4.2,150.2,30.1
202107010501,9,1.6,59.4,13.4
202107010502,16,2.5,193.3,56.7
202107010503,16,1.9,201.3,68.7
202107010504,12,3.0,93.1,25.1
202107010505,16,2.8,220.8,52.0
202107010506,16,3.0,177.0,50.4
202107010507,16,3.0,189.9,49.5
202107010508,14,2.4,175.8,41.6
202107010509,10,2.2,75.5,16.7
202107010510,11,2.3,93.1,20.2
202107010511,18,4.5,213.2,58.7
202107010512,16,3.4,212.2,51.1
202110010101,14,3.9,186.6,33.2
202110010102,18,4.2,247.9,65.7
202110010103,14,2.0,170.9,42.7
202110010104,12,3.9,145.4,27.4
202110010105,12,2.7,90.7,22.8
202110010106,16,2.6,206.5,51.8
202110010107,18,2.9,202.2,60.8
202110010108,15,3.2,234.3,39.0
202110010109,17,2.6,210.3,63.2
202110010110,18,2.6,201.1,62.2
202110010111,14,3.4,162.1,30.9
202110010112,15,2.2,204.2,47.7
202106010601,16,2.6,240.1,65.7
202106010602,16,2.4,233.9,68.5
202106010603,16,1.8,223.3,76.2
202106010604,16,3.3,247.5,47.3
202106010605,16,2.4,255.4,70.1
202106010606,16,3.9,241.2,50.1
202106010607,16,2.5,246.6,65.2
202106010608,16,2.7,238.8,54.3
202106010609,16,3.0,172.9,51.1
202106010610,16,5.5,244.5,45.3
202106010611,12,4.2,82.9,21.9
202106010612,14,3.3,185.2,30.3
202107010601,16,2.4,199.6,56.9
202107010602,10,2.7,89.6,16.8
202107010603,16,2.5,186.9,58.3
202107010604,11,2.4,91.2,16.7
202107010605,16,1.8,196.2,73.6
202107010606,12,2.7,124.9,27.2
202107010607,16,2.5,232.9,58.6
202107010608,16,1.8,162.1,60.0
202107010609,8,1.7,45.0,11.0
202107010610,16,4.5,158.6,40.3
202107010611,16,2.5,225.2,48.9
202107010612,13,2.6,149.4,29.8
202110010201,8,2.1,57.0,11.5
202110010202,18,4.7,213.0,52.0
202110010203,14,4.9,134.2,30.8
202110010204,12,1.9,127.6,26.9
202110010205,18,3.6,257.2,73.2
202110010206,14,4.7,168.7,31.1
202110010207,9,2.5,51.8,11.9
202110010208,16,2.9,253.0,49.0
202110010209,18,3.9,237.5,54.4
202110010210,16,3.0,161.7,45.3
202110010211,16,2.4,196.3,60.8
202110010212,13,3.0,111.0,28.6
202106010701,16,2.7,242.9,72.7
202106010702,13,1.9,176.0,36.6
202106010703,16,2.5,245.2,71.2
202106010704,16,2.2,236.8,68.8
202106010705,16,4.3,284.5,46.8
202106010706,10,2.8,53.5,13.6
202106010707,16,2.6,235.9,48.5
202106010708,14,2.7,147.6,38.4
202106010709,8,1.6,79.1,13.7
202106010710,14,3.3,80.3,32.9
202106010711,14,2.6,156.7,33.3
202106010712,16,4.9,260.6,52.4
202107010701,12,2.6,122.3,28.0
202107010702,11,2.4,71.2,23.3
202107010703,10,1.8,82.8,21.0
202107010704,11,2.7,92.5,19.1
202107010705,11,2.0,120.9,21.5
202107010706,12,1.9,121.4,29.2
202107010707,16,3.2,226.8,49.0
202107010708,11,2.9,78.6,18.1
202107010709,9,2.8,54.3,11.9
202107010710,7,1.8,25.7,7.6
202107010711,16,3.1,235.1,44.4
202107010712,16,2.3,207.9,60.6
202110010301,11,2.2,85.0,17.5
202110010302,10,2.7,60.5,14.8
202110010303,12,3.8,115.7,23.6
202110010304,12,2.9,127.8,28.6
202110010305,12,3.5,83.1,25.0
202110010306,12,2.7,125.4,26.9
202110010307,16,9.2,147.8,33.8
202110010308,17,4.4,209.9,50.8
202110010309,12,3.2,80.0,24.8
202110010310,17,5.1,164.5,44.4
202110010311,16,6.1,210.3,37.2
202110010312,14,2.8,126.7,33.8
202106010801,16,2.6,251.8,75.8
202106010802,14,5.7,233.3,39.1
202106010803,15,2.3,237.1,58.6
202106010804,16,3.5,210.9,42.6
202106010805,16,1.9,217.6,66.7
202106010806,16,3.6,243.2,56.2
202106010807,13,2.7,214.7,37.3
202106010808,16,2.5,246.6,48.9
202106010809,8,2.4,49.6,8.5
202106010810,11,2.1,112.3,25.4
202106010811,17,3.3,246.0,59.3
202106010812,10,2.2,67.7,14.9
202107010801,12,2.3,115.7,29.0
202107010802,16,1.8,223.1,70.3
202107010803,16,2.8,158.6,50.6
202107010804,9,2.6,44.1,11.4
202107010805,16,2.6,204.9,63.8
202107010806,15,2.2,211.1,55.3
202107010807,9,1.7,60.3,11.7
202107010808,8,1.8,69.1,11.4
202107010809,8,1.7,58.4,10.8
202107010810,14,2.8,153.9,35.9
202107010811,15,2.4,195.6,49.6
202107010812,11,1.9,117.9,24.6
202110010401,11,3.1,129.5,21.4
202110010402,13,3.2,121.8,26.8
202110010403,14,3.3,161.8,33.3
202110010404,12,2.1,83.9,28.1
202110010405,16,4.0,146.9,43.3
202110010406,18,3.3,237.8,69.3
202110010407,11,2.0,87.4,21.1
202110010408,15,2.9,210.6,39.8
202110010409,14,3.4,132.6,30.3
202110010410,17,5.2,154.7,40.3
202110010411,16,3.2,217.3,47.9
202110010412,11,2.6,129.8,20.8
202105010101,16,2.0,227.8,74.1
202105010102,16,3.5,269.7,61.6
202105010103,16,3.1,265.5,61.1
202105010104,13,2.9,186.6,29.4
202105010105,16,2.8,242.1,53.9
202105010106,16,2.6,168.5,59.0
202105010107,16,2.7,210.1,50.0
202105010108,15,3.6,221.2,41.4
202105010109,16,4.2,238.3,49.8
202105010110,10,2.5,97.8,14.6
202105010111,13,3.5,112.0,27.7
202105010112,15,2.6,241.7,44.6
202107010901,15,2.6,187.8,48.6
202107010902,13,1.9,154.1,34.9
202107010903,15,2.2,209.0,51.8
202107010904,9,2.8,27.9,10.8
202107010905,12,2.0,119.4,27.4
202107010906,12,3.6,123.8,24.0
202107010907,8,1.7,51.9,9.8
202107010908,11,2.7,112.2,19.3
202107010909,7,1.6,39.8,7.0
202107010910,9,2.0,69.8,11.8
202107010911,16,4.0,193.6,46.5
202107010912,15,2.0,210.9,58.7
202110010501,16,4.7,232.4,39.4
202110010502,10,1.8,58.8,18.0
202110010503,14,4.2,118.7,33.0
202110010504,12,2.1,133.8,29.3
202110010505,18,4.2,248.6,63.7
202110010506,9,1.7,57.5,12.5
202110010507,12,3.3,114.2,23.3
202110010508,13,2.3,127.1,30.2
202110010509,14,2.4,149.4,37.0
202110010510,16,2.5,198.3,49.9
202110010511,18,6.1,205.6,46.3
202110010512,14,6.6,161.6,27.3
202105010201,16,2.1,249.7,71.9
202105010202,16,3.3,238.8,53.3
202105010203,16,3.5,252.5,62.8
202105010204,16,2.8,253.2,64.0
202105010205,16,3.2,264.4,56.8
202105010206,16,2.0,210.8,70.3
202105010207,8,1.6,74.5,11.3
202105010208,16,4.2,233.6,46.0
202105010209,8,1.8,60.6,10.6
202105010210,12,3.0,114.4,23.6
202105010211,16,3.4,200.9,41.2
202105010212,9,1.9,93.1,13.5
202107011001,10,3.1,110.8,14.5
202107011002,14,1.8,137.6,47.3
202107011003,14,1.9,115.7,46.2
202107011004,10,2.1,69.8,15.8
202107011005,16,3.5,221.9,53.6
202107011006,14,2.9,139.5,35.7
202107011007,16,3.1,211.8,48.6
202107011008,10,2.1,64.2,19.4
202107011009,11,2.2,80.4,22.8
202107011010,15,2.6,190.9,45.1
202107011011,18,5.1,211.4,55.9
202107011012,16,2.4,179.6,56.2
202110010601,14,2.1,175.1,42.7
202110010602,18,4.0,250.8,64.9
202110010603,14,4.3,165.2,31.4
202110010604,12,2.9,128.0,27.1
202110010605,18,3.2,223.4,66.5
202110010606,16,2.8,193.4,52.5
202110010607,14,3.9,134.6,31.1
202110010608,9,2.8,61.3,11.1
202110010609,12,2.9,142.8,25.9
202110010610,10,1.7,55.6,17.3
202110010611,17,3.4,236.1,61.9
202110010612,16,4.4,201.6,39.9
202105010301,16,3.2,242.1,62.6
202105010302,16,3.7,276.1,55.6
202105010303,16,2.3,257.2,61.5
202105010304,16,3.2,261.0,42.5
202105010305,16,2.2,245.3,77.8
202105010306,13,3.5,144.9,29.9
202105010307,16,4.2,244.8,50.5
202105010308,16,2.7,250.7,56.2
202105010309,16,3.1,231.6,55.9
202105010310,16,5.1,210.9,35.6
202105010311,16,3.1,202.7,49.2
202105010312,14,2.9,122.9,32.8
202107011101,15,1.8,195.7,64.0
202107011102,16,2.4,194.1,58.7
202107011103,14,3.0,180.1,36.3
202107011104,16,2.0,195.7,62.0
202107011105,16,1.9,208.7,70.5
202107011106,9,2.2,50.2,11.9
202107011107,9,1.9,61.5,15.1
202107011108,6,1.3,30.7,4.8
202107011109,16,2.4,183.5,61.9
202107011110,12,3.1,99.4,25.3
202107011111,16,5.2,237.5,51.3
202107011112,16,2.0,186.7,56.0
202110010701,16,3.8,257.6,53.4
202110010702,18,3.0,999.9,68.4
202110010703,14,3.6,172.9,33.7
202110010704,14,2.8,147.8,35.1
202110010705,12,2.1,119.6,27.5
202110010706,16,3.1,245.9,50.4
202110010707,18,4.6,250.4,55.9
202110010708,14,3.4,124.7,30.1
202110010709,9,3.0,81.0,12.6
202110010710,13,4.4,87.2,25.9
202110010711,10,2.6,94.6,15.8
202110010712,13,2.9,150.2,29.3
202105010401,16,2.1,228.9,68.7
202105010402,16,3.1,270.4,54.5
202105010403,15,4.6,251.2,37.3
202105010404,16,2.8,210.2,52.1
202105010405,16,2.9,266.4,55.2
202105010406,16,3.2,242.1,51.9
202105010407,14,3.2,181.1,34.1
202105010408,10,2.2,96.6,19.8
202105010409,9,2.4,92.0,13.2
202105010410,16,2.7,252.4,58.4
202105010411,16,3.9,204.0,42.0
202105010412,16,4.0,238.4,45.8
202107011201,16,3.0,217.5,58.8
202107011202,14,2.7,165.0,35.5
202107011203,14,3.6,141.4,32.4
202107011204,12,3.4,130.5,27.3
202107011205,13,2.8,157.6,33.2
202107011206,16,4.0,221.6,46.4
202107011207,11,3.6,154.1,20.0
202107011208,9,2.4,58.1,11.9
202107011209,15,3.5,179.1,43.6
202107011210,9,2.0,41.6,10.0
202107011211,11,2.1,140.4,21.7
202107011212,13,3.0,161.3,28.0
202110010801,16,2.5,216.6,52.7
202110010802,16,5.7,197.5,38.7
202110010803,14,6.1,121.8,29.8
202110010804,12,1.9,120.9,28.5
202110010805,8,1.7,49.6,8.7
202110010806,18,3.1,233.1,64.5
202110010807,14,3.3,156.1,33.4
202110010808,8,1.9,34.9,9.3
202110010809,18,4.0,226.7,55.8
202110010810,14,2.6,162.4,37.7
202110010811,11,2.9,63.1,18.3
202110010812,16,3.7,202.2,45.2
202105010501,16,3.2,260.3,70.4
202105010502,16,4.5,243.2,48.3
202105010503,16,2.7,240.1,69.3
202105010504,16,4.5,231.6,46.5
202105010505,16,5.9,234.7,52.3
202105010506,16,3.2,258.1,55.6
202105010507,16,3.7,271.9,70.2
202105010508,16,2.8,238.6,48.3
202105010509,11,2.0,160.0,22.7
202105010510,16,4.0,240.2,45.1
202105010511,16,4.3,157.1,39.9
202105010512,16,3.8,226.8,44.6
202109010101,12,1.5,99.8,38.2
202109010102,16,2.9,201.5,47.3
202109010103,11,1.7,110.1,22.7
202109010104,16,3.7,211.4,54.7
202109010105,14,3.4,183.8,40.2
202109010106,14,3.4,150.0,34.1
202109010107,10,3.2,85.6,15.0
202109010108,15,3.1,173.1,41.4
202109010109,10,2.9,72.3,15.2
202109010110,9,2.8,76.7,14.0
202109010111,10,1.9,86.3,14.8
202109010112,9,1.8,91.3,13.3
202110020101,16,3.8,243.7,52.5
202110020102,16,3.6,142.9,42.8
202110020103,14,3.2,164.5,34.1
202110020104,11,2.5,98.3,20.9
202110020105,9,2.1,54.4,12.8
202110020106,18,3.0,227.5,68.6
202110020107,12,2.5,92.5,25.2
202110020108,15,2.8,237.0,42.0
202110020109,18,4.0,175.8,55.5
202110020110,10,1.9,56.7,17.8
202110020111,16,3.5,205.5,45.8
202110020112,16,3.7,190.5,47.9
202105010601,16,4.6,257.0,51.3
202105010602,16,3.8,269.3,48.9
202105010603,16,5.5,217.8,43.7
202105010604,16,2.7,208.8,49.9
202105010605,16,2.4,230.4,64.8
202105010606,14,2.2,208.1,38.6
202105010607,13,2.3,181.3,34.6
202105010608,12,2.4,149.5,27.4
202105010609,16,3.1,230.9,49.3
202105010610,16,3.7,210.7,42.7
202105010611,12,3.2,148.8,28.8
202105010612,16,3.7,252.1,46.1
202109010201,16,2.2,200.6,56.9
202109010202,13,3.3,155.7,32.1
202109010203,16,2.9,188.7,56.8
202109010204,16,3.0,187.4,49.0
202109010205,16,4.5,235.3,49.8
202109010206,12,1.9,119.9,31.8
202109010207,8,1.8,31.3,11.0
202109010208,8,2.1,34.7,9.9
202109010209,9,2.4,51.9,12.2
202109010210,15,1.9,179.7,58.1
202109010211,11,2.5,134.2,22.8
202109010212,14,2.0,131.1,34.7
202110020201,16,2.9,179.6,56.6
202110020202,18,4.1,235.1,53.5
202110020203,13,3.7,146.2,27.7
202110020204,12,2.8,96.5,23.7
202110020205,13,2.5,146.6,33.3
202110020206,17,5.1,236.5,53.3
202110020207,11,2.5,93.2,24.9
202110020208,13,4.0,158.5,29.3
202110020209,15,3.0,189.4,43.4
202110020210,12,4.3,87.1,22.4
202110020211,18,3.5,199.1,59.1
202110020212,13,2.3,124.7,30.2
202105010701,16,3.2,252.7,53.1
202105010702,16,2.2,230.2,73.0
202105010703,16,4.0,267.9,57.3
202105010704,16,3.4,205.2,43.9
202105010705,16,2.6,255.3,77.9
202105010706,16,3.5,243.4,44.7
202105010707,16,2.3,249.7,65.3
202105010708,16,3.7,236.7,48.3
202105010709,14,3.6,123.9,31.0
202105010710,16,4.6,247.5,42.0
202105010711,16,3.5,216.1,44.4
202105010712,16,4.0,231.0,40.0
202109010301,15,2.5,208.7,54.6
202109010302,16,2.1,229.1,65.1
202109010303,14,2.5,156.5,36.7
202109010304,16,4.1,251.9,46.7
202109010305,12,2.7,128.5,24.4
202109010306,10,3.0,55.0,12.7
202109010307,15,2.6,212.4,49.3
202109010308,10,1.9,126.7,19.2
202109010309,10,4.3,46.3,11.4
202109010310,16,4.0,204.1,46.4
202109010311,16,5.0,245.4,49.5
202109010312,16,4.1,209.6,41.6
202110020301,14,3.2,161.6,35.2
202110020302,18,3.6,245.4,61.0
202110020303,15,2.3,217.9,47.2
202110020304,12,4.3,125.4,23.2
202110020305,11,2.3,86.5,20.4
202110020306,16,3.9,230.9,42.1
202110020307,14,5.1,124.4,30.3
202110020308,10,2.1,62.3,17.9
202110020309,14,5.1,148.7,29.2
202110020310,14,3.1,122.1,34.3
202110020311,9,1.9,69.3,12.5
202110020312,18,4.3,255.4,59.8
202105010801,16,1.9,215.9,72.8
202105010802,16,2.8,196.9,56.7
202105010803,16,4.2,269.8,60.7
202105010804,16,2.0,223.6,68.1
202105010805,9,2.7,66.2,12.0
202105010806,16,3.5,253.2,51.5
202105010807,16,4.2,218.7,47.1
202105010808,9,2.3,70.8,11.5
202105010809,12,2.3,142.1,22.0
202105010810,13,2.4,120.3,33.5
202105010811,16,3.9,240.3,47.5
202105010812,16,4.2,208.7,48.2
202109010401,16,1.8,182.5,65.3
202109010402,16,1.9,212.7,73.0
202109010403,16,2.8,224.2,62.7
202109010404,16,2.2,196.8,63.2
202109010405,16,3.1,223.3,58.6
202109010406,11,2.1,122.2,24.8
202109010407,11,3.3,154.3,18.5
202109010408,8,1.7,52.4,10.9
202109010409,12,2.8,160.9,26.4
202109010410,12,3.4,142.1,24.3
202109010411,15,1.9,135.5,62.2
202109010412,16,3.0,216.5,52.7
202110020401,16,2.7,245.5,45.5
202110020402,18,3.7,218.8,60.4
202110020403,14,2.7,172.3,39.4
202110020404,12,2.2,94.4,25.4
202110020405,15,2.5,194.4,52.5
202110020406,18,3.0,235.8,54.6
202110020407,15,2.8,214.4,41.0
202110020408,14,2.3,166.2,42.9
202110020409,9,2.9,34.9,10.6
202110020410,15,3.3,197.2,43.9
202110020411,16,5.2,141.4,39.7
202110020412,14,2.9,152.2,32.7
202106020101,16,2.2,241.6,62.4
202106020102,16,2.1,238.7,57.0
202106020103,16,1.7,224.6,78.9
202106020104,16,2.6,252.9,57.6
202106020105,16,3.1,259.3,59.2
202106020106,16,4.2,273.3,51.0
202106020107,10,2.0,67.8,17.1
202106020108,16,3.2,259.0,60.2
202106020109,11,4.4,92.9,15.2
202106020110,9,2.3,79.7,12.2
202106020111,16,3.1,198.7,52.5
202106020112,16,5.4,144.2,37.9
202109010501,16,2.6,220.0,53.2
202109010502,9,1.5,67.9,13.8
202109010503,16,4.0,249.5,58.9
202109010504,10,2.0,91.1,19.7
202109010505,16,2.9,195.6,56.2
202109010506,10,2.2,58.3,16.9
202109010507,16,2.6,179.2,53.0
202109010508,12,2.5,154.5,27.1
202109010509,14,2.4,149.9,34.6
202109010510,11,3.1,145.9,19.9
202109010511,16,2.7,188.2,53.1
202109010512,12,2.9,140.2,28.1
202110020501,16,5.6,241.9,47.9
202110020502,18,3.1,226.7,66.9
202110020503,14,3.8,183.6,37.0
202110020504,12,2.4,122.9,27.1
202110020505,16,3.2,207.1,45.2
202110020506,18,3.0,239.5,60.7
202110020507,12,2.4,86.1,29.0
202110020508,15,2.2,198.3,46.6
202110020509,11,2.3,111.7,19.9
202110020510,13,2.8,122.7,28.5
202110020511,18,4.4,166.4,54.2
202110020512,16,4.3,227.5,46.6
202106020201,15,2.8,245.6,51.0
202106020202,16,3.1,238.4,49.1
202106020203,16,4.3,267.1,62.1
202106020204,16,2.6,251.0,80.7
202106020205,16,3.4,247.5,52.6
202106020206,7,2.0,28.9,6.9
202106020207,12,2.1,158.5,29.9
202106020208,16,5.4,278.5,47.0
202106020209,10,3.0,96.7,12.2
202106020210,16,3.1,256.5,51.2
202106020211,14,2.9,166.1,32.5
202106020212,16,3.0,231.3,49.9
202109010601,13,2.3,131.4,29.7
202109010602,16,2.1,223.1,61.5
202109010603,11,2.0,83.5,22.9
202109010604,16,4.3,239.4,51.7
202109010605,16,2.3,209.2,67.2
202109010606,16,3.2,194.7,44.5
202109010607,9,2.1,84.1,15.7
202109010608,7,1.3,33.3,7.0
202109010609,11,2.9,123.2,21.1
202109010610,8,1.5,55.5,10.5
202109010611,17,2.1,217.2,79.2
202109010612,16,3.4,214.5,52.2
202110020601,16,2.3,211.9,51.8
202110020602,17,2.1,187.4,62.7
202110020603,14,4.0,154.5,32.1
202110020604,12,2.7,128.8,26.5
202110020605,17,3.1,228.0,59.9
202110020606,18,4.1,206.6,56.5
202110020607,10,3.2,49.2,14.7
202110020608,8,2.5,50.9,8.9
202110020609,18,5.1,232.0,61.9
202110020610,15,4.9,196.4,34.7
202110020611,18,5.1,238.0,57.5
202110020612,12,2.8,126.8,25.4
202106020301,16,2.7,225.1,56.3
202106020302,16,2.1,222.0,73.5
202106020303,16,2.2,229.4,64.8
202106020304,16,3.1,238.0,49.2
202106020305,16,2.4,250.6,60.6
202106020306,16,2.8,246.4,60.2
202106020307,16,3.5,257.1,51.4
202106020308,16,2.3,217.9,56.4
202106020309,13,2.0,200.7,30.6
202106020310,16,4.6,245.0,45.4
202106020311,16,3.5,240.5,37.8
202106020312,15,3.2,198.5,39.4
202109010701,11,1.8,82.1,23.3
202109010702,16,2.0,206.4,63.2
202109010703,12,3.1,116.8,25.0
202109010704,16,2.4,209.3,52.1
202109010705,14,3.6,155.1,33.4
202109010706,8,1.6,53.3,10.9
202109010707,15,1.9,197.0,54.6
202109010708,8,1.7,46.0,10.5
202109010709,10,2.1,76.6,16.5
202109010710,16,3.2,222.8,52.4
202109010711,12,2.9,117.8,27.1
202109010712,11,2.0,60.9,21.3
202110020701,18,3.8,252.1,70.8
202110020702,16,2.5,220.1,52.4
202110020703,16,4.0,227.5,56.9
202110020704,14,2.9,114.7,33.5
202110020705,12,3.0,111.0,26.6
202110020706,10,1.8,81.1,16.0
202110020707,14,3.2,141.5,29.4
202110020708,13,3.8,147.1,29.4
202110020709,16,1.9,209.6,57.2
202110020710,17,3.5,215.6,50.5
202110020711,17,5.1,200.6,44.8
202110020712,18,3.5,217.6,60.2
202106020401,16,4.3,273.7,57.4
202106020402,16,2.7,239.2,62.7
202106020403,16,2.9,238.6,51.5
202106020404,16,2.1,236.9,71.7
202106020405,16,3.5,236.8,46.3
202106020406,11,2.0,157.8,24.2
202106020407,16,2.4,196.5,59.5
202106020408,12,3.1,121.9,24.7
202106020409,13,3.3,140.9,30.5
202106020410,16,5.7,189.4,39.8
202106020411,10,2.0,78.3,16.3
202106020412,16,4.9,230.9,42.1
202109010801,16,3.6,214.6,48.2
202109010802,8,1.8,53.5,10.2
202109010803,16,4.3,208.1,45.5
202109010804,10,2.9,75.5,15.0
202109010805,12,2.3,142.8,27.6
202109010806,11,4.9,52.6,16.2
202109010807,14,3.4,138.3,30.8
202109010808,9,2.1,92.0,13.4
202109010809,7,1.7,34.8,6.3
202109010810,13,3.1,155.2,29.8
202109010811,16,3.1,198.6,49.1
202109010812,16,3.6,208.0,49.2
202110020801,18,2.9,248.3,60.1
202110020802,16,2.9,235.0,58.4
202110020803,13,2.6,166.9,30.5
202110020804,12,2.8,115.1,27.2
202110020805,14,4.1,198.8,31.9
202110020806,15,2.8,221.2,51.9
202110020807,17,2.4,241.1,66.5
202110020808,10,2.6,39.8,15.2
202110020809,15,3.5,208.1,41.3
202110020810,9,3.0,37.4,11.1
202110020811,11,2.8,63.2,17.7
202110020812,15,3.2,199.4,43.0
202106020501,16,1.8,214.3,68.8
202106020502,16,2.7,223.7,50.1
202106020503,14,3.0,227.8,41.4
202106020504,16,2.2,239.1,71.0
202106020505,16,2.1,229.4,62.8
202106020506,16,2.9,241.9,60.5
202106020507,11,2.4,140.1,22.9
202106020508,16,3.6,200.0,44.0
202106020509,16,3.0,247.3,44.5
202106020510,15,3.7,262.1,43.3
202106020511,16,5.6,204.1,42.9
202106020512,15,2.9,212.3,41.4
202107020101,16,3.4,203.3,47.8
202107020102,13,2.5,154.4,31.5
202107020103,18,4.5,259.0,58.9
202107020104,10,2.2,58.4,15.3
202107020105,11,2.9,49.9,16.5
202107020106,16,5.3,237.8,43.7
202107020107,10,1.8,81.5,20.7
202107020108,13,3.5,116.4,28.7
202107020109,14,4.7,90.4,30.9
202107020110,13,2.9,86.8,27.8
202107020111,16,2.6,216.4,47.8
202107020112,8,1.7,61.5,10.5
202109010901,9,1.7,75.9,15.2
202109010902,16,2.8,165.3,58.4
202109010903,9,1.6,54.4,11.7
202109010904,16,2.1,198.7,61.6
202109010905,15,2.4,206.1,49.4
202109010906,10,2.5,93.0,20.1
202109010907,9,2.1,81.0,12.9
202109010908,8,1.5,64.6,12.7
202109010909,11,2.9,86.6,19.3
202109010910,10,2.2,83.7,20.0
202109010911,16,3.2,225.9,52.0
202109010912,11,2.2,125.9,25.2
202106020601,16,3.1,236.5,54.4
202106020602,15,3.7,262.0,49.0
202106020603,14,2.2,204.7,37.7
202106020604,13,2.2,184.7,35.2
202106020605,16,2.3,184.3,51.7
202106020606,16,3.0,255.3,56.1
202106020607,15,3.2,210.9,39.9
202106020608,13,4.5,200.1,26.2
202106020609,11,2.5,111.7,20.4
202106020610,14,5.0,144.0,29.2
202106020611,15,4.5,182.6,31.5
202106020612,16,5.0,239.1,49.3
202107020201,16,3.2,217.5,53.9
202107020202,9,1.9,72.3,15.7
202107020203,16,3.5,204.4,46.7
202107020204,15,2.4,217.7,53.6
202107020205,9,1.8,92.2,13.3
202107020206,11,3.4,68.7,17.3
202107020207,14,2.3,123.9,41.8
202107020208,8,1.8,53.0,9.8
202107020209,11,2.7,95.3,19.7
202107020210,12,2.4,117.9,24.3
202107020211,10,2.3,73.0,16.2
202107020212,15,3.7,189.0,41.3
202109011001,16,2.5,208.5,53.0
202109011002,9,1.8,55.4,14.3
202109011003,16,2.4,195.1,54.7
202109011004,9,1.5,76.8,15.4
202109011005,16,2.5,221.8,56.6
202109011006,7,1.8,41.0,8.1
202109011007,16,3.2,161.7,49.1
202109011008,9,1.9,57.3,13.7
202109011009,7,1.9,28.2,6.5
202109011010,13,2.8,157.8,31.6
202109011011,18,3.4,230.6,54.2
202109011012,16,4.5,212.4,47.9
202106020701,16,3.9,273.4,51.8
202106020702,13,2.0,187.6,37.1
202106020703,16,2.1,200.3,68.7
202106020704,15,2.3,230.7,47.9
202106020705,16,3.8,222.0,45.9
202106020706,16,3.4,153.2,41.9
202106020707,13,2.8,143.3,31.4
202106020708,14,2.3,197.9,41.4
202106020709,9,1.6,45.4,12.5
202106020710,16,3.3,189.9,46.4
202106020711,16,5.3,181.0,40.1
202106020712,16,3.7,181.3,42.6
202107020301,14,2.5,174.6,41.0
202107020302,16,3.3,162.1,50.9
202107020303,8,1.5,31.5,13.9
202107020304,16,2.8,225.6,59.6
202107020305,18,2.7,245.5,67.0
202107020306,18,3.5,234.2,62.9
202107020307,13,4.8,80.7,23.9
202107020308,9,1.6,62.7,12.7
202107020309,18,3.1,224.8,68.0
202107020310,10,2.2,115.2,16.1
202107020311,15,3.0,208.4,43.7
202107020312,16,3.3,181.2,51.0
202109011101,16,1.9,178.1,67.0
202109011102,8,2.3,45.3,9.1
202109011103,16,1.8,211.6,62.1
202109011104,9,1.5,82.9,15.7
202109011105,16,3.5,246.4,55.8
202109011106,15,2.6,155.0,41.4
202109011107,11,2.5,111.0,23.8
202109011108,8,1.5,59.7,10.4
202109011109,14,2.5,170.7,39.4
202109011110,14,2.7,170.2,37.6
202109011111,10,2.1,86.6,15.3
202109011112,16,3.8,240.0,48.4
202106020801,14,2.9,190.6,35.2
202106020802,16,2.2,233.2,52.9
202106020803,14,3.0,220.7,39.8
202106020804,16,4.4,223.3,45.1
202106020805,16,2.5,175.8,56.6
202106020806,16,6.1,198.7,41.1
202106020807,16,2.7,211.2,52.8
202106020808,15,3.2,261.2,38.4
202106020809,16,3.7,239.9,45.4
202106020810,16,4.3,192.6,45.4
202106020811,15,3.0,219.9,44.8
202106020812,13,2.2,173.6,31.6
202107020401,10,2.1,93.8,19.9
202107020402,16,3.3,220.8,51.9
202107020403,8,1.6,44.6,10.7
202107020404,15,2.4,227.5,53.6
202107020405,16,6.1,219.7,47.7
202107020406,11,4.0,138.8,20.6
202107020407,15,5.1,152.4,37.1
202107020408,8,1.9,36.4,10.1
202107020409,18,3.7,256.2,59.5
202107020410,9,2.9,49.1,10.9
202107020411,15,3.2,218.6,38.9
202107020412,15,3.2,188.2,40.7
202109011201,9,2.1,121.9,14.8
202109011202,16,2.3,221.3,55.0
202109011203,10,1.7,91.2,22.1
202109011204,12,2.4,132.8,29.2
202109011205,10,1.6,78.0,18.6
202109011206,8,1.5,64.4,11.0
202109011207,10,1.9,110.7,16.8
202109011208,12,2.0,126.5,29.9
202109011209,13,2.1,99.7,37.4
202109011210,16,3.1,177.4,49.4
202109011211,13,1.9,147.2,42.5
202109011212,16,3.0,217.9,46.8
202106030101,16,2.9,259.5,59.4
202106030102,16,2.7,229.9,59.2
202106030103,16,4.6,257.5,53.3
202106030104,16,2.5,244.8,57.3
202106030105,11,3.1,87.5,18.4
202106030106,8,2.1,73.0,12.7
202106030107,16,2.5,193.3,52.2
202106030108,16,3.7,204.0,47.2
202106030109,16,2.8,242.3,51.2
202106030110,14,6.6,147.0,29.3
202106030111,15,3.5,160.4,36.8
202106030112,11,2.5,77.4,21.8
202107020501,16,3.6,239.6,49.4
202107020502,15,2.8,169.4,44.1
202107020503,16,3.0,237.7,48.7
202107020504,14,3.8,126.2,29.6
202107020505,16,4.8,197.9,40.8
202107020506,16,2.9,154.3,49.3
202107020507,18,3.3,235.8,68.2
202107020508,12,2.6,126.4,24.5
202107020509,15,2.9,142.3,39.0
202107020510,10,2.0,38.1,19.3
202107020511,16,3.6,183.8,45.9
202107020512,14,3.6,144.6,31.2
202109020101,12,2.1,126.2,27.3
202109020102,17,2.4,187.8,71.1
202109020103,16,2.9,226.4,50.3
202109020104,11,3.4,66.3,17.7
202109020105,16,3.5,207.9,50.8
202109020106,14,2.8,159.1,35.8
202109020107,11,2.5,75.2,18.5
202109020108,12,2.6,134.5,25.1
202109020109,10,2.8,80.3,14.7
202109020110,11,2.4,64.8,23.0
202109020111,9,1.7,82.8,13.5
202109020112,14,2.8,188.4,38.2
202106030201,16,2.4,237.3,68.4
202106030202,16,3.8,239.6,49.4
202106030203,16,3.1,266.5,59.2
202106030204,10,1.8,84.4,19.4
202106030205,16,4.3,271.3,39.1
202106030206,16,3.0,250.0,53.0
202106030207,15,3.2,231.3,41.6
202106030208,8,2.0,50.2,10.1
202106030209,10,2.0,61.6,15.1
202106030210,10,2.0,57.6,14.3
202106030211,16,3.3,191.3,46.8
202106030212,16,3.6,186.6,45.8
202107020601,16,3.6,225.4,56.6
202107020602,16,2.5,210.1,72.7
202107020603,12,2.5,74.8,25.5
202107020604,18,2.9,208.4,66.0
202107020605,12,3.4,139.5,26.3
202107020606,16,4.2,204.5,44.7
202107020607,14,3.7,144.0,37.9
202107020608,11,1.9,78.4,22.4
202107020609,14,4.3,157.5,31.4
202107020610,16,3.7,213.5,53.7
202107020611,18,3.4,258.9,73.9
202107020612,16,2.5,187.6,53.9
202109020201,16,3.3,209.6,50.5
202109020202,16,2.8,197.4,52.0
202109020203,11,2.5,98.8,17.6
202109020204,13,1.8,132.8,36.5
202109020205,12,3.1,155.5,29.3
202109020206,16,2.6,154.2,51.0
202109020207,11,2.3,127.0,26.0
202109020208,15,2.1,179.7,50.6
202109020209,10,1.8,92.1,18.8
202109020210,14,3.0,143.4,35.4
202109020211,15,4.6,250.5,44.0
202109020212,16,3.1,192.6,48.0
202106030301,15,2.3,206.3,50.7
202106030302,16,3.0,214.7,48.4
202106030303,16,2.3,198.1,57.6
202106030304,16,2.0,188.6,68.4
202106030305,18,2.4,228.5,76.2
202106030306,16,2.9,250.9,66.0
202106030307,12,2.2,163.5,27.9
202106030308,16,3.7,251.0,63.2
202106030309,8,1.6,84.8,10.9
202106030310,16,3.7,211.4,46.5
202106030311,16,3.9,191.9,42.6
202106030312,16,2.3,223.9,54.9
202109020301,16,2.8,193.3,49.1
202109020302,16,4.2,204.5,45.6
202109020303,16,2.9,230.1,49.2
202109020304,18,4.5,231.5,57.3
202109020305,16,3.0,185.5,50.4
202109020306,10,2.5,112.7,15.1
202109020307,13,4.1,170.8,28.9
202109020308,9,1.6,82.9,14.0
202109020309,8,1.7,46.1,10.9
202109020310,9,1.6,52.9,12.0
202109020311,16,3.1,165.5,47.1
202109020312,14,6.6,94.9,28.7
202106030401,16,2.2,247.2,75.4
202106030402,14,1.6,149.5,49.2
202106030403,16,1.9,226.8,69.4
202106030404,12,2.5,145.8,27.1
202106030405,18,2.6,252.7,72.6
202106030406,16,3.2,174.4,42.3
202106030407,16,5.5,225.2,45.7
202106030408,13,2.2,172.3,34.3
202106030409,10,2.0,91.9,16.4
202106030410,15,2.7,187.9,40.0
202106030411,14,2.9,192.3,39.4
202106030412,15,2.3,219.1,52.5
202109020401,14,1.7,113.8,53.0
202109020402,16,2.0,205.4,65.1
202109020403,16,2.5,183.0,54.6
202109020404,16,1.6,169.3,77.5
202109020405,16,4.2,192.7,44.8
202109020406,12,2.5,89.2,27.4
202109020407,15,4.4,232.6,38.2
202109020408,16,4.3,215.3,47.6
202109020409,9,2.1,95.0,15.6
202109020410,16,6.7,184.9,36.0
202109020411,13,1.8,175.4,45.5
202109020412,16,3.0,199.2,47.2
202104010101,15,2.1,230.8,54.0
202104010102,15,2.9,183.7,46.0
202104010103,15,3.1,212.5,39.9
202104010104,14,2.3,177.8,39.1
202104010105,16,2.6,232.5,56.8
202104010106,14,4.7,180.2,31.5
202104010107,15,3.7,203.4,38.0
202104010108,13,3.3,163.7,30.4
202104010109,15,3.3,223.5,41.7
202104010110,7,1.9,32.3,6.6
202104010111,14,4.2,187.7,31.1
202104010112,16,2.6,208.8,56.7
202106030501,16,2.7,235.3,61.7
202106030502,13,2.0,152.4,35.8
202106030503,16,2.2,231.5,61.8
202106030504,14,3.4,188.8,35.8
202106030505,18,2.4,221.0,74.9
202106030506,16,3.3,204.7,53.4
202106030507,16,5.3,265.8,49.7
202106030508,7,1.3,57.3,7.7
202106030509,14,3.7,181.9,30.9
202106030510,16,4.7,235.6,51.3
202106030511,16,3.2,219.1,48.5
202106030512,16,2.6,180.6,48.2
202109020501,14,2.2,167.9,43.3
202109020502,15,2.1,183.2,52.9
202109020503,16,3.3,206.0,50.0
202109020504,13,1.6,154.0,45.5
202109020505,16,4.6,128.3,38.6
202109020506,11,3.7,94.1,21.4
202109020507,11,2.4,82.5,22.0
202109020508,16,3.0,209.0,53.5
202109020509,12,2.2,111.8,26.4
202109020510,12,3.4,113.1,24.4
202109020511,12,2.6,116.7,27.2
202109020512,16,2.9,216.5,51.4
202104010201,15,3.0,155.8,40.2
202104010202,13,2.3,125.9,33.9
202104010203,15,2.2,163.5,44.8
202104010204,15,2.8,187.0,47.6
202104010205,15,2.6,212.2,44.0
202104010206,16,2.8,201.6,51.3
202104010207,11,2.7,95.4,19.8
202104010208,15,4.1,193.8,38.8
202104010209,10,3.7,67.2,15.8
202104010210,15,4.7,156.6,37.0
202104010211,15,4.9,192.8,33.8
202104010212,12,2.9,124.3,27.5
202106030601,11,2.0,133.6,22.2
202106030602,18,2.3,239.8,78.6
202106030603,14,4.2,205.4,36.9
202106030604,10,2.3,77.3,17.2
202106030605,15,2.5,223.8,45.3
202106030606,9,2.2,62.2,12.3
202106030607,10,2.5,142.5,18.1
202106030608,13,2.5,201.2,30.5
202106030609,9,1.8,54.0,10.6
202106030610,10,4.4,63.8,12.2
202106030611,16,3.3,240.5,52.5
202106030612,16,3.1,255.1,59.7
202109020601,15,3.4,223.5,42.5
202109020602,15,3.1,197.9,43.0
202109020603,13,2.5,127.7,30.7
202109020604,18,3.3,251.3,72.5
202109020605,7,1.8,38.5,7.4
202109020606,16,3.5,162.2,48.0
202109020607,9,2.3,85.5,11.4
202109020608,10,2.5,55.1,15.4
202109020609,11,2.8,132.6,22.8
202109020610,14,2.3,132.0,41.4
202109020611,18,3.6,234.2,64.1
202109020612,16,2.2,166.8,59.4
202104010301,15,3.1,161.4,40.1
202104010302,15,3.3,225.0,41.8
202104010303,15,3.0,184.6,44.9
202104010304,15,2.6,223.9,42.0
202104010305,15,2.8,191.2,44.2
202104010306,16,4.6,222.0,46.1
202104010307,12,4.2,122.4,21.1
202104010308,15,3.3,182.2,39.7
202104010309,9,1.8,39.4,10.5
202104010310,15,4.4,220.9,37.5
202104010311,15,3.6,179.0,37.3
202104010312,16,4.6,238.5,51.3
202106030701,16,2.2,199.4,67.9
202106030702,16,3.6,222.7,52.3
202106030703,16,2.2,244.6,65.9
202106030704,13,2.4,185.2,38.5
202106030705,16,2.9,252.1,63.1
202106030706,16,3.7,256.9,58.3
202106030707,15,4.0,207.4,38.6
202106030708,16,3.5,196.4,45.1
202106030709,9,2.8,129.6,12.3
202106030710,16,5.2,246.9,39.9
202106030711,8,1.3,53.5,10.0
202106030712,11,2.6,67.6,19.7
202109020701,16,2.5,181.1,58.8
202109020702,16,4.0,205.5,46.6
202109020703,15,2.1,204.9,51.5
202109020704,15,2.9,205.3,43.4
202109020705,18,2.8,233.2,71.4
202109020706,16,2.9,165.0,48.7
202109020707,13,2.2,146.5,31.4
202109020708,10,2.0,41.2,12.7
202109020709,12,2.2,159.8,31.3
202109020710,16,4.9,187.1,38.5
202109020711,18,3.2,200.5,62.0
202109020712,12,2.5,114.9,24.8
202104010401,15,2.6,168.5,42.8
202104010402,15,2.3,207.8,54.0
202104010403,15,4.6,246.7,38.0
202104010404,15,3.2,235.6,42.0
202104010405,15,5.4,190.9,38.2
202104010406,16,2.6,245.7,61.7
202104010407,15,2.5,207.1,46.4
202104010408,12,5.3,91.1,23.2
202104010409,14,2.9,137.5,31.0
202104010410,10,3.3,36.4,12.6
202104010411,16,2.5,205.9,59.6
202104010412,15,5.1,185.7,32.3
202106030801,15,3.1,257.3,56.2
202106030802,16,2.2,224.3,66.2
202106030803,16,2.5,252.5,81.1
202106030804,17,2.4,247.1,82.1
202106030805,11,3.6,138.6,20.7
202106030806,16,3.9,180.4,45.5
202106030807,12,2.3,174.7,31.1
202106030808,8,1.9,35.4,9.7
202106030809,11,2.7,117.6,21.0
202106030810,15,3.5,173.5,39.4
202106030811,16,3.3,253.5,48.1
202106030812,12,2.7,203.7,27.8
202109020801,16,3.3,232.0,55.0
202109020802,16,2.8,237.4,55.9
202109020803,18,2.4,214.0,89.9
202109020804,7,1.3,48.8,7.8
202109020805,16,3.5,207.3,43.7
202109020806,7,1.5,23.5,6.4
202109020807,12,2.8,76.6,23.1
202109020808,9,2.0,44.8,12.4
202109020809,7,1.4,27.5,6.7
202109020810,15,5.4,195.0,37.8
202109020811,16,3.2,139.9,40.9
202109020812,16,3.4,165.3,43.8
202104010501,15,3.6,228.2,44.0
202104010502,14,1.9,165.2,44.6
202104010503,15,2.0,207.0,57.8
202104010504,15,3.4,259.9,46.6
202104010505,16,2.2,233.5,61.5
202104010506,15,2.6,226.0,50.8
202104010507,16,3.3,242.1,54.5
202104010508,14,4.1,152.0,30.4
202104010509,9,1.6,97.4,16.1
202104010510,16,3.6,224.7,52.3
202104010511,16,4.8,203.0,42.5
202104010512,15,6.4,111.6,31.8
202105020101,16,2.7,205.6,51.4
202105020102,16,3.4,262.6,61.5
202105020103,11,2.8,159.7,21.1
202105020104,18,3.2,248.4,74.8
202105020105,18,2.4,242.9,97.8
202105020106,14,2.1,169.7,41.6
202105020107,16,3.2,259.7,66.9
202105020108,6,1.3,52.0,7.4
202105020109,16,3.0,197.0,47.6
202105020110,17,3.9,272.4,53.6
202105020111,15,4.4,160.1,37.1
202105020112,16,3.1,225.0,52.7
202109020901,8,1.8,71.0,10.7
202109020902,18,2.1,214.9,77.6
202109020903,16,2.4,217.8,62.5
202109020904,13,2.7,178.5,35.2
202109020905,12,2.7,95.9,27.0
202109020906,14,3.7,156.9,30.7
202109020907,7,1.4,35.8,7.4
202109020908,14,3.7,150.9,31.4
202109020909,7,2.2,16.3,5.8
202109020910,11,2.0,99.4,23.1
202109020911,11,2.9,61.4,16.5
202109020912,14,4.0,151.6,31.8
202104010601,14,3.9,144.2,30.0
202104010602,15,2.3,189.3,54.0
202104010603,15,2.3,220.6,51.9
202104010604,16,2.6,154.7,55.3
202104010605,13,2.0,169.5,37.3
202104010606,15,2.1,178.2,49.9
202104010607,13,2.6,152.5,31.1
202104010608,15,3.3,214.7,39.1
202104010609,8,2.3,56.5,10.1
202104010610,16,3.7,254.5,50.8
202104010611,16,4.2,234.7,45.3
202104010612,14,2.9,146.7,36.7
202105020201,16,3.5,262.8,59.8
202105020202,18,3.4,999.9,64.2
202105020203,16,3.0,205.9,52.4
202105020204,11,2.3,148.9,25.1
202105020205,12,2.1,130.9,30.6
202105020206,14,2.4,151.8,38.8
202105020207,10,2.1,74.8,15.4
202105020208,15,3.0,254.9,45.1
202105020209,10,2.9,72.5,14.9
202105020210,16,2.9,184.3,47.9
202105020211,17,3.2,181.6,51.7
202105020212,16,4.3,231.5,43.5
202109021001,14,2.4,154.9,39.0
202109021002,16,2.6,201.0,54.6
202109021003,14,2.4,140.1,42.6
202109021004,18,2.7,236.4,71.4
202109021005,15,2.0,204.4,55.0
202109021006,12,2.4,133.0,26.7
202109021007,9,1.8,58.8,13.9
202109021008,12,2.6,85.5,23.3
202109021009,7,1.3,39.6,7.6
202109021010,16,4.0,220.9,41.6
202109021011,16,3.4,180.1,46.8
202109021012,16,3.2,170.0,48.9
202104010701,15,3.5,186.6,37.8
202104010702,15,3.3,233.6,49.5
202104010703,15,4.1,258.7,46.1
202104010704,16,2.3,224.9,61.6
202104010705,15,2.3,171.7,46.1
202104010706,16,2.4,207.1,52.2
202104010707,10,1.9,87.0,20.3
202104010708,16,3.8,190.9,40.8
202104010709,11,2.3,136.5,21.4
202104010710,8,2.0,41.4,10.5
202104010711,16,3.0,216.6,48.8
202104010712,13,2.5,133.4,31.8
202105020301,16,2.5,250.9,54.7
202105020302,16,4.9,278.9,58.9
202105020303,16,3.6,238.3,50.7
202105020304,18,2.3,222.6,75.8
202105020305,12,1.8,165.6,33.0
202105020306,16,3.9,232.4,49.0
202105020307,12,3.4,134.2,27.5
202105020308,9,1.8,112.5,14.9
202105020309,10,2.1,64.2,17.9
202105020310,16,5.7,228.5,42.9
202105020311,18,3.2,218.3,59.2
202105020312,16,5.3,239.0,44.1
202109021101,12,2.1,128.0,28.2
202109021102,16,2.9,214.2,50.4
202109021103,18,3.6,264.3,67.0
202109021104,11,1.7,90.8,24.2
202109021105,15,3.0,234.4,53.7
202109021106,11,3.0,77.6,19.1
202109021107,15,2.6,148.1,42.2
202109021108,15,2.2,210.4,53.9
202109021109,11,2.1,97.0,22.1
202109021110,18,5.1,219.9,58.6
202109021111,15,2.4,174.6,47.7
202109021112,10,2.2,63.2,18.5
202104010801,15,3.0,232.5,49.2
202104010802,15,2.0,161.2,54.4
202104010803,15,3.0,242.8,49.9
202104010804,15,2.6,218.6,44.4
202104010805,11,4.4,141.9,22.1
202104010806,15,2.4,192.9,43.9
202104010807,11,3.2,63.1,18.5
202104010808,10,2.4,113.7,16.0
202104010809,15,3.2,223.0,40.5
202104010810,16,3.0,223.6,51.8
202104010811,15,4.4,200.7,36.8
202104010812,10,3.0,63.2,13.3
202105020401,14,3.3,184.4,36.8
202105020402,16,2.7,249.5,56.1
202105020403,16,3.9,234.5,43.9
202105020404,13,4.1,187.2,28.3
202105020405,18,2.8,258.8,85.2
202105020406,18,2.7,268.6,85.5
202105020407,9,2.6,62.1,12.1
202105020408,14,3.4,231.4,37.9
202105020409,11,3.4,110.1,19.8
202105020410,12,6.7,116.4,22.0
202105020411,13,4.9,71.7,23.2
202105020412,13,4.5,170.6,26.7
202109021201,14,1.9,148.8,55.4
202109021202,16,1.9,181.7,67.5
202109021203,15,2.7,190.7,49.0
202109021204,12,1.9,123.1,30.5
202109021205,13,6.6,127.9,21.2
202109021206,12,3.1,121.8,25.4
202109021207,9,2.0,48.3,13.5
202109021208,8,2.0,67.4,10.2
202109021209,14,3.5,202.4,36.1
202109021210,16,4.3,197.6,44.9
202109021211,17,4.0,270.2,58.0
202109021212,16,5.8,191.6,39.4
202104020101,14,4.0,152.5,31.9
202104020102,15,1.8,187.9,63.3
202104020103,15,2.6,146.6,45.2
202104020104,13,2.2,164.6,37.9
202104020105,16,3.9,186.9,45.8
202104020106,16,3.0,223.1,52.5
202104020107,9,2.0,56.0,13.3
202104020108,11,2.4,95.4,21.0
202104020109,15,2.8,181.2,44.5
202104020110,16,7.1,247.2,37.0
202104020111,9,2.6,70.1,11.5
202104020112,13,2.6,152.1,33.1
202105020501,14,3.2,216.8,37.6
202105020502,16,2.0,232.9,77.7
202105020503,16,3.0,236.1,60.0
202105020504,12,2.7,149.0,27.5
202105020505,16,2.6,247.2,65.4
202105020506,15,2.5,191.6,63.6
202105020507,13,2.1,193.2,41.0
202105020508,12,4.2,98.7,21.9
202105020509,16,2.2,224.6,56.9
202105020510,11,2.2,119.9,20.3
202105020511,14,3.0,155.1,34.7
202105020512,16,6.6,229.9,41.9
202107030101,14,2.4,161.0,42.6
202107030102,16,2.4,186.7,57.1
202107030103,13,2.2,122.2,34.0
202107030104,15,2.6,175.9,45.4
202107030105,16,4.6,205.8,42.8
202107030106,9,2.8,64.2,12.7
202107030107,6,1.3,22.7,4.4
202107030108,12,2.6,113.7,26.9
202107030109,10,1.9,78.8,17.1
202107030110,8,1.7,76.7,10.5
202107030111,11,2.7,65.1,19.6
202107030112,16,3.6,207.3,45.4
202104020201,15,3.9,221.6,40.2
202104020202,16,4.1,231.1,47.0
202104020203,14,2.1,186.5,40.1
202104020204,13,2.5,190.2,31.3
202104020205,12,2.6,118.2,24.2
202104020206,15,2.2,227.9,57.9
202104020207,16,3.3,223.7,46.3
202104020208,15,2.9,211.4,42.5
202104020209,14,2.3,149.2,38.9
202104020210,15,3.7,180.9,36.3
202104020211,14,3.7,159.6,31.1
202104020212,15,2.8,192.0,43.2
202105020601,16,3.3,196.1,49.8
202105020602,16,3.0,250.8,58.0
202105020603,12,2.8,126.4,24.1
202105020604,15,2.4,176.5,45.4
202105020605,16,3.8,191.6,48.2
202105020606,16,4.2,204.5,52.8
202105020607,18,4.8,280.0,64.7
202105020608,8,2.2,33.5,9.3
202105020609,18,5.6,260.9,59.8
202105020610,16,2.9,234.6,55.1
202105020611,18,3.2,228.0,68.7
202105020612,12,2.1,83.3,28.3
202107030201,14,1.9,126.7,46.5
202107030202,16,2.7,195.5,54.2
202107030203,13,1.8,134.0,37.2
202107030204,18,3.8,238.8,59.4
202107030205,8,1.8,43.3,10.3
202107030206,16,4.2,210.2,35.6
202107030207,11,3.0,59.8,17.5
202107030208,8,2.1,27.5,8.8
202107030209,10,2.2,81.3,16.1
202107030210,13,3.5,80.9,29.1
202107030211,15,3.1,205.7,38.4
202107030212,10,2.0,59.0,17.9
202104020301,15,2.6,160.5,43.7
202104020302,14,2.3,137.3,38.8
202104020303,15,2.3,200.2,45.0
202104020304,15,2.7,228.2,57.5
202104020305,13,3.6,157.2,29.3
202104020306,16,3.7,251.6,56.8
202104020307,15,2.7,201.0,40.1
202104020308,10,2.1,85.1,15.4
202104020309,12,2.8,112.2,25.6
202104020310,15,3.1,207.2,45.8
202104020311,15,2.3,215.1,51.9
202104020312,8,2.6,35.1,10.2
202105020701,16,3.3,256.2,60.0
202105020702,16,1.7,223.2,69.9
202105020703,16,3.0,233.1,60.8
202105020704,18,2.8,271.9,69.0
202105020705,16,2.7,252.4,62.9
202105020706,16,3.0,247.6,41.7
202105020707,8,1.3,77.4,11.7
202105020708,16,3.7,229.8,48.7
202105020709,15,3.5,194.6,38.5
202105020710,11,3.0,114.7,19.2
202105020711,17,3.6,234.5,50.2
202105020712,12,2.4,133.2,28.1
202107030301,16,3.9,232.0,43.7
202107030302,16,2.3,189.7,63.0
202107030303,14,2.5,130.4,37.5
202107030304,8,1.5,56.0,10.3
202107030305,18,5.8,264.5,56.1
202107030306,7,1.3,41.3,6.1
202107030307,16,3.6,225.1,51.1
202107030308,11,1.6,95.3,27.0
202107030309,9,2.3,74.3,17.0
202107030310,16,2.8,178.0,50.5
202107030311,12,2.1,96.9,26.2
202107030312,16,1.9,200.3,66.9
202104020401,16,2.5,216.3,59.6
202104020402,15,1.9,225.8,61.3
202104020403,15,2.4,213.3,53.9
202104020404,11,1.9,84.6,23.0
202104020405,11,2.3,110.3,21.0
202104020406,11,2.9,151.5,20.8
202104020407,15,3.6,223.7,48.5
202104020408,12,2.3,65.3,27.7
202104020409,16,2.7,225.7,57.7
202104020410,9,2.2,27.2,11.7
202104020411,14,3.5,126.2,29.8
202104020412,15,3.1,226.7,44.4
202105020801,16,3.0,229.5,51.9
202105020802,16,4.0,226.6,48.9
202105020803,16,4.8,234.3,44.7
202105020804,11,2.1,129.0,22.8
202105020805,10,2.8,119.3,13.0
202105020806,15,2.5,222.6,45.1
202105020807,8,1.9,31.9,13.3
202105020808,9,2.0,70.3,11.3
202105020809,11,2.5,71.0,22.4
202105020810,13,3.2,133.0,29.9
202105020811,18,2.5,225.6,78.8
202105020812,16,5.9,269.8,39.5
202107030401,15,2.0,207.3,53.8
202107030402,10,2.2,70.9,15.2
202107030403,16,3.0,226.3,50.0
202107030404,12,2.0,86.1,29.1
202107030405,15,4.8,193.7,35.6
202107030406,8,2.0,63.2,9.6
202107030407,11,2.3,69.4,22.5
202107030408,9,2.3,37.7,12.1
202107030409,7,1.4,39.7,6.8
202107030410,18,4.1,234.5,55.0
202107030411,16,4.3,123.3,41.3
202107030412,15,2.9,198.7,46.4
202104020501,14,3.2,167.1,35.3
202104020502,15,2.8,226.5,46.3
202104020503,15,2.7,239.3,56.3
202104020504,14,2.6,160.2,36.7
202104020505,16,2.9,232.8,51.6
202104020506,15,2.9,230.5,42.1
202104020507,16,2.8,212.3,55.7
202104020508,16,5.2,198.9,37.8
202104020509,15,4.2,179.9,36.4
202104020510,9,1.9,69.7,12.5
202104020511,16,3.1,223.0,50.5
202104020512,10,2.9,78.5,15.0
202105020901,15,2.7,212.6,51.1
202105020902,16,2.2,240.4,65.3
202105020903,16,3.9,237.4,54.6
202105020904,16,2.3,221.9,56.4
202105020905,13,2.0,198.0,37.1
202105020906,16,2.6,176.4,49.4
202105020907,12,2.3,120.3,26.3
202105020908,16,7.1,207.5,39.2
202105020909,9,1.9,145.8,13.3
202105020910,7,1.8,18.6,6.1
202105020911,14,3.9,128.8,28.5
202105020912,13,2.8,191.6,30.8
202107030501,16,3.4,228.4,50.9
202107030502,16,2.8,198.7,54.2
202107030503,16,2.5,182.0,58.1
202107030504,18,4.8,251.0,61.0
202107030505,11,2.6,160.6,24.9
202107030506,16,3.7,233.4,51.0
202107030507,9,1.6,75.3,13.2
202107030508,16,3.1,170.3,49.7
202107030509,9,1.8,69.4,14.1
202107030510,12,3.3,148.0,27.2
202107030511,16,3.5,152.3,46.8
202107030512,8,2.0,25.7,8.8
202104020601,15,1.9,211.5,53.6
202104020602,15,2.2,223.1,53.2
202104020603,13,2.3,169.5,33.2
202104020604,14,3.0,155.6,40.4
202104020605,15,2.9,256.8,55.9
202104020606,16,3.1,223.5,54.3
202104020607,15,2.9,234.2,41.3
202104020608,14,2.2,158.7,38.2
202104020609,14,3.1,170.0,34.1
202104020610,15,3.5,214.8,39.0
202104020611,16,4.3,160.4,41.0
202104020612,15,2.1,193.5,60.1
202105021001,16,2.4,244.7,62.0
202105021002,16,2.4,206.3,54.9
202105021003,18,3.6,259.7,71.9
202105021004,14,2.8,203.4,36.1
202105021005,16,2.8,197.7,47.5
202105021006,13,3.4,199.6,29.5
202105021007,14,3.0,183.9,32.8
202105021008,11,2.0,140.3,22.1
202105021009,10,2.5,98.2,15.2
202105021010,18,5.6,194.0,52.8
202105021011,18,2.7,250.9,81.9
202105021012,16,7.5,224.3,40.9
202107030601,16,4.6,245.7,58.2
202107030602,16,2.7,208.7,58.5
202107030603,16,3.1,220.4,55.0
202107030604,16,3.5,174.3,47.0
202107030605,15,4.8,134.8,33.5
202107030606,8,2.3,56.2,9.0
202107030607,14,2.5,175.4,37.6
202107030608,13,2.9,117.8,28.6
202107030609,12,2.4,162.4,25.4
202107030610,12,3.5,138.6,22.0
202107030611,16,3.3,215.7,52.9
202107030612,12,3.4,133.2,25.4
202105021101,16,2.1,227.0,64.4
202105021102,16,2.4,242.1,75.5
202105021103,15,2.9,248.4,57.4
202105021104,12,2.2,157.7,29.7
202105021105,15,3.4,211.7,40.8
202105021106,12,3.1,138.3,24.7
202105021107,11,3.1,62.8,18.6
202105021108,15,3.4,215.2,43.5
202105021109,16,4.4,254.5,47.0
202105021110,11,2.7,111.2,18.8
202105021111,16,2.8,217.8,62.0
202105021112,16,6.3,182.0,40.4
202107030701,15,2.7,174.4,40.4
202107030702,16,4.2,214.7,48.2
202107030703,11,2.1,114.0,23.3
202107030704,18,3.2,236.9,67.3
202107030705,10,2.5,83.4,16.7
202107030706,16,3.2,173.6,70.9
202107030707,9,2.1,51.5,13.0
202107030708,16,3.9,188.8,43.1
202107030709,10,2.6,73.6,14.1
202107030710,13,2.8,97.8,28.5
202107030711,18,2.8,242.5,63.0
202107030712,16,3.5,166.0,41.9
202105021201,16,2.9,240.1,58.9
202105021202,16,2.6,245.1,65.5
202105021203,16,1.9,220.8,67.1
202105021204,18,3.1,273.6,73.1
202105021205,16,3.7,239.9,49.6
202105021206,16,3.1,251.3,55.3
202105021207,11,1.9,152.9,24.1
202105021208,8,1.9,45.4,10.2
202105021209,16,3.2,244.5,50.2
202105021210,18,4.5,275.3,60.6
202105021211,17,2.2,208.4,64.7
202105021212,16,3.5,167.1,42.5
202107030801,14,2.6,147.6,36.3
202107030802,9,1.8,66.8,17.1
202107030803,16,2.7,203.2,55.0
202107030804,11,1.6,110.4,28.0
202107030805,16,3.4,207.4,44.9
202107030806,11,3.3,89.7,16.9
202107030807,11,2.0,76.9,25.2
202107030808,12,2.4,110.4,27.1
202107030809,16,2.0,161.9,63.3
202107030810,18,6.2,208.0,53.0
202107030811,8,1.6,66.4,11.8
202107030812,16,4.4,185.9,41.4
202105030101,14,2.4,166.0,36.9
202105030102,15,2.6,228.9,50.2
202105030103,16,3.5,253.4,66.3
202105030104,18,2.1,254.0,87.2
202105030105,11,2.3,144.3,25.3
202105030106,14,3.3,202.7,34.7
202105030107,16,2.7,209.3,53.9
202105030108,9,1.4,93.2,16.6
202105030109,10,2.9,85.6,14.5
202105030110,14,4.0,121.0,32.8
202105030111,16,3.6,170.2,43.1
202105030112,16,3.9,232.3,45.2
202107040101,16,3.1,225.8,48.3
202107040102,16,1.9,172.8,64.2
202107040103,16,2.9,237.3,58.5
202107040104,18,4.5,211.4,53.9
202107040105,12,2.9,124.0,27.0
202107040106,13,3.2,143.0,29.6
202107040107,12,3.7,97.0,23.5
202107040108,16,2.2,170.0,58.0
202107040109,10,1.6,63.9,22.5
202107040110,16,3.1,206.8,44.6
202107040111,13,3.8,155.1,30.4
202107040112,16,3.3,168.5,47.8
202105030201,16,2.0,247.8,58.7
202105030202,16,2.0,229.2,74.0
202105030203,16,2.3,230.7,63.6
202105030204,18,2.3,248.8,83.8
202105030205,13,3.3,141.2,30.6
202105030206,15,5.2,250.4,33.5
202105030207,16,3.6,268.1,48.8
202105030208,18,3.3,275.8,97.7
202105030209,10,1.7,165.2,21.3
202105030210,15,3.6,205.8,37.7
202105030211,14,2.5,191.6,46.9
202105030212,16,2.3,227.2,60.1
202107040201,12,2.1,140.6,30.3
202107040202,16,2.1,210.9,61.3
202107040203,16,2.4,217.2,52.4
202107040204,16,3.9,167.6,40.6
202107040205,13,2.2,126.4,33.9
202107040206,16,2.0,193.9,58.9
202107040207,10,2.1,60.9,12.6
202107040208,8,1.9,40.0,9.5
202107040209,11,2.4,122.0,25.2
202107040210,12,2.0,112.9,26.8
202107040211,14,2.3,144.2,38.5
202107040212,15,3.6,159.8,40.1
202101010101,16,5.2,222.0,46.0
202101010102,14,2.6,129.4,36.2
202101010103,12,3.0,56.4,26.9
202101010104,15,2.9,188.3,46.6
202101010105,13,2.5,135.9,34.2
202101010106,14,3.0,170.0,33.6
202101010107,12,4.9,91.2,18.3
202101010108,10,5.0,46.2,12.2
202101010109,14,4.5,124.1,30.6
202101010110,8,1.9,40.1,9.9
202101010111,16,4.7,218.7,39.6
202101010112,11,4.3,69.9,16.9
202105030301,14,1.9,164.6,46.9
202105030302,16,2.5,219.5,60.3
202105030303,16,2.4,251.6,54.4
202105030304,16,4.5,255.2,56.8
202105030305,18,2.3,208.8,85.2
202105030306,16,2.4,242.9,68.9
202105030307,12,2.8,150.3,25.5
202105030308,15,3.1,241.1,52.4
202105030309,9,2.4,55.6,11.6
202105030310,16,3.4,234.8,56.5
202105030311,11,2.3,99.0,20.8
202105030312,16,3.4,263.7,44.1
202107040301,15,1.9,182.4,55.8
202107040302,16,2.3,187.6,59.8
202107040303,11,1.8,125.6,23.3
202107040304,15,2.0,202.3,56.6
202107040305,10,2.2,78.2,17.3
202107040306,18,3.1,240.5,69.9
202107040307,15,3.6,155.4,40.3
202107040308,7,1.5,38.0,7.1
202107040309,8,2.0,76.6,10.4
202107040310,16,3.0,199.8,52.9
202107040311,11,2.1,130.4,22.4
202107040312,13,3.5,72.9,29.4
202101010201,14,4.5,88.4,30.4
202101010202,12,3.2,77.0,24.8
202101010203,14,3.7,179.5,32.2
202101010204,12,3.7,85.0,21.7
202101010205,13,3.2,121.7,29.0
202101010206,13,3.9,142.1,27.3
202101010207,12,3.3,91.9,24.3
202101010208,14,3.9,95.3,31.0
202101010209,16,2.7,999.9,48.6
202101010210,13,3.7,120.3,27.6
202101010211,16,3.4,187.6,43.2
202101010212,10,2.6,53.5,14.2
202105030401,15,2.3,203.1,50.1
202105030402,16,3.4,201.0,47.9
202105030403,16,3.1,229.7,54.5
202105030404,18,3.4,240.5,64.6
202105030405,8,1.9,53.9,11.0
202105030406,18,2.5,251.6,82.0
202105030407,16,4.0,151.1,41.8
202105030408,10,1.9,125.1,17.8
202105030409,16,4.0,246.5,47.5
202105030410,16,4.4,213.5,38.9
202105030411,18,4.6,208.1,53.7
202105030412,10,1.9,123.0,16.9
202107040401,14,2.8,194.3,37.0
202107040402,16,2.2,215.8,61.4
202107040403,16,2.7,211.6,53.6
202107040404,16,2.1,187.6,77.2
202107040405,9,1.8,92.7,14.0
202107040406,14,1.8,155.5,43.6
202107040407,12,2.3,144.9,26.9
202107040408,13,3.6,180.5,30.0
202107040409,15,2.1,213.2,52.0
202107040410,11,3.2,137.1,20.4
202107040411,16,3.1,171.9,49.1
202107040412,10,1.9,84.5,15.9
202101010301,16,3.1,204.5,48.7
202101010302,13,3.2,95.3,26.4
202101010303,13,3.0,92.8,29.2
202101010304,12,3.0,124.7,23.1
202101010305,12,6.7,91.0,20.1
202101010306,8,1.7,38.9,9.7
202101010307,14,3.3,157.0,31.5
202101010308,12,3.5,91.0,20.5
202101010309,10,2.3,49.4,15.6
202101010310,8,1.9,39.4,10.1
202101010311,10,2.8,49.7,13.8
202101010312,15,2.8,202.4,42.8
202105030501,9,1.9,67.2,14.3
202105030502,13,3.0,198.6,32.1
202105030503,16,2.3,231.3,58.1
202105030504,14,3.2,229.4,39.6
202105030505,16,2.9,173.8,53.6
202105030506,16,3.4,249.4,56.8
202105030507,16,2.3,218.0,61.8
202105030508,8,1.7,59.9,9.8
202105030509,12,2.2,160.3,29.2
202105030510,13,3.6,188.1,33.1
202105030511,16,3.0,190.5,49.7
202105030512,16,3.9,225.1,54.5
202109030101,12,2.0,121.3,29.5
202109030102,9,2.1,60.6,11.7
202109030103,15,2.4,159.5,52.1
202109030104,9,2.5,60.3,11.9
202109030105,16,4.0,180.5,45.2
202109030106,15,2.7,192.3,45.5
202109030107,16,3.4,182.0,47.1
202109030108,8,1.6,62.8,10.5
202109030109,7,1.6,40.7,6.7
202109030110,16,4.0,203.1,41.7
202109030111,16,2.8,216.8,60.8
202109030112,13,1.9,143.5,36.3
202101010401,16,2.7,175.6,46.2
202101010402,12,2.3,138.8,28.0
202101010403,11,4.3,61.3,16.6
202101010404,11,3.1,88.2,20.1
202101010405,16,3.8,209.4,45.5
202101010406,11,1.9,75.0,23.4
202101010407,12,3.0,99.4,24.8
202101010408,12,3.5,90.5,24.1
202101010409,14,3.2,144.5,32.6
202101010410,11,4.2,78.2,16.1
202101010411,16,5.0,245.1,45.8
202101010412,10,2.9,71.1,14.4
202105030601,10,3.1,93.2,19.2
202105030602,14,3.1,190.8,34.2
202105030603,16,2.8,189.8,49.5
202105030604,16,3.0,211.6,50.5
202105030605,16,3.1,247.5,53.7
202105030606,16,2.4,238.7,60.2
202105030607,16,2.5,232.3,58.9
202105030608,9,2.4,81.4,11.8
202105030609,11,3.9,134.0,20.4
202105030610,16,3.5,166.7,43.7
202105030611,16,5.5,183.9,38.2
202105030612,16,3.0,185.3,46.9
202109030201,16,5.2,256.0,52.9
202109030202,16,3.8,224.6,47.1
202109030203,18,3.2,262.2,84.5
202109030204,11,2.8,142.4,25.8
202109030205,7,1.5,41.2,9.9
202109030206,17,3.4,209.6,54.4
202109030207,16,5.8,231.7,43.1
202109030208,11,2.3,120.3,23.4
202109030209,15,2.8,215.5,51.6
202109030210,18,3.8,193.5,59.0
202109030211,16,5.8,207.1,43.7
202109030212,16,3.8,205.8,44.3
202101010501,14,1.9,152.3,44.6
202101010502,12,4.1,115.7,21.6
202101010503,10,2.1,61.5,13.4
202101010504,14,2.4,149.9,38.7
202101010505,8,2.4,44.1,9.6
202101010506,13,2.7,164.9,33.0
202101010507,12,2.8,138.4,25.4
202101010508,14,5.7,86.9,27.7
202101010509,15,2.6,190.2,46.6
202101010510,14,5.1,159.2,31.4
202101010511,14,7.4,143.1,25.6
202101010512,12,5.2,74.0,19.4
202105030701,8,1.6,54.6,9.3
202105030702,16,2.5,194.1,56.2
202105030703,16,3.0,214.7,52.2
202105030704,16,3.0,246.9,55.0
202105030705,10,2.1,77.5,18.5
202105030706,16,2.0,211.4,62.8
202105030707,14,2.1,180.6,40.1
202105030708,14,3.5,142.3,31.3
202105030709,16,5.4,140.5,36.5
202105030710,16,2.5,194.1,56.9
202105030711,8,1.5,63.0,10.7
202105030712,14,2.2,212.9,41.4
202109030301,10,2.2,96.8,17.0
202109030302,16,2.6,216.3,60.4
202109030303,16,4.8,160.2,40.0
202109030304,15,2.0,205.6,64.5
202109030305,17,2.3,187.4,60.6
202109030306,16,2.5,184.8,59.4
202109030307,10,2.3,88.5,16.0
202109030308,12,2.1,98.9,28.5
202109030309,7,1.5,31.9,7.5
202109030310,10,2.9,65.0,14.1
202109030311,16,5.3,193.4,41.8
202109030312,16,3.5,177.8,47.0
202101010601,16,3.2,195.0,53.6
202101010602,11,2.3,91.9,23.0
202101010603,12,3.4,68.1,22.4
202101010604,14,3.9,146.2,30.6
202101010605,10,2.4,72.9,13.9
202101010606,13,2.4,123.2,30.5
202101010607,14,2.8,171.1,33.6
202101010608,13,3.3,115.8,28.1
202101010609,14,4.0,172.9,31.8
202101010610,10,3.9,43.3,12.9
202101010611,10,2.3,48.7,15.4
202101010612,16,5.5,185.9,38.1
202105030801,15,2.4,239.0,54.4
202105030802,13,2.4,149.6,32.2
202105030803,16,3.7,224.0,47.7
202105030804,14,2.7,204.1,38.6
202105030805,16,4.7,242.2,37.9
202105030806,15,2.4,206.3,45.7
202105030807,15,3.4,243.8,46.6
202105030808,13,2.6,176.9,30.6
202105030809,11,4.7,84.2,16.6
202105030810,15,3.8,198.6,36.1
202105030811,16,2.8,202.4,50.5
202105030812,16,6.7,187.9,41.3
202109030401,16,2.8,237.1,55.4
202109030402,18,3.3,242.4,67.4
202109030403,13,1.7,157.5,42.9
202109030404,16,2.9,208.6,51.4
202109030405,11,2.2,89.1,21.1
202109030406,13,3.6,141.7,27.2
202109030407,11,3.0,91.5,18.5
202109030408,9,1.8,68.1,14.9
202109030409,12,3.7,110.7,23.5
202109030410,16,3.9,234.7,53.5
202109030411,13,1.6,154.3,44.3
202109030412,13,2.8,139.8,28.9
202102010101,10,2.3,71.6,16.1
202102010102,12,3.6,62.0,19.6
202102010103,12,2.2,143.3,28.0
202102010104,12,3.4,132.3,23.1
202102010105,10,2.9,75.6,16.3
202102010106,16,3.6,222.0,41.5
202102010107,16,3.6,204.6,45.5
202102010108,12,2.6,78.0,26.2
202102010109,13,3.1,148.2,29.6
202102010110,13,3.5,171.6,28.8
202102010111,14,3.3,163.5,33.2
202102010112,11,3.3,73.0,18.8
202103010101,14,3.1,182.2,34.0
202103010102,14,2.9,182.3,38.7
202103010103,15,2.9,210.7,48.1
202103010104,12,2.5,125.3,26.1
202103010105,13,2.1,178.6,33.9
202103010106,15,3.0,262.4,55.5
202103010107,16,2.5,215.9,56.1
202103010108,8,2.0,54.5,10.4
202103010109,10,2.0,133.7,17.0
202103010110,13,3.1,115.0,28.3
202103010111,16,4.7,157.9,35.6
202103010112,16,2.7,185.0,52.6
202110030101,7,1.3,23.2,6.4
202110030102,16,3.6,228.9,43.2
202110030103,16,2.3,220.7,59.0
202110030104,16,2.5,212.6,60.6
202110030105,16,2.5,215.6,55.8
202110030106,9,1.9,47.3,12.3
202110030107,18,1.9,221.9,77.1
202110030108,7,1.6,43.7,7.4
202110030109,14,4.5,154.8,30.8
202110030110,11,5.5,94.6,16.3
202110030111,16,2.1,179.8,56.3
202110030112,14,3.1,155.0,35.7
202102010201,12,2.3,137.2,29.1
202102010202,10,1.7,66.8,21.8
202102010203,12,2.8,146.1,27.3
202102010204,16,3.8,223.0,50.8
202102010205,14,2.1,132.0,43.0
202102010206,13,2.8,125.0,26.9
202102010207,12,5.5,136.1,19.9
202102010208,11,5.1,63.0,16.5
202102010209,16,3.2,217.9,46.0
202102010210,11,3.0,52.0,17.7
202102010211,11,2.5,96.5,20.8
202102010212,9,2.7,96.6,15.1
202103010201,9,1.7,85.3,14.7
202103010202,16,3.0,201.4,55.4
202103010203,15,2.4,232.5,59.2
202103010204,16,3.6,244.5,53.6
202103010205,16,4.3,282.3,51.8
202103010206,14,2.9,222.8,37.4
202103010207,15,3.1,221.3,46.7
202103010208,16,3.1,237.3,52.0
202103010209,15,4.1,205.5,37.6
202103010210,12,3.6,159.3,23.9
202103010211,16,8.4,188.3,37.8
202103010212,15,3.4,244.4,46.5
202110030201,6,1.3,30.2,4.9
202110030202,18,3.1,234.1,72.6
202110030203,14,3.9,170.5,33.5
202110030204,16,2.0,212.3,64.5
202110030205,8,1.4,59.2,13.1
202110030206,12,1.9,74.0,30.7
202110030207,8,1.6,51.2,10.0
202110030208,16,3.8,222.1,46.0
202110030209,7,1.4,47.3,6.8
202110030210,7,1.4,36.7,9.3
202110030211,13,2.5,150.0,34.1
202110030212,8,2.1,29.6,9.5
202102010301,9,2.2,63.4,13.8
202102010302,12,2.9,84.1,25.1
202102010303,16,3.3,229.2,44.4
202102010304,14,2.5,163.6,41.9
202102010305,11,3.1,94.2,18.3
202102010306,16,3.6,240.8,55.6
202102010307,14,3.8,168.8,30.9
202102010308,15,6.3,156.6,32.4
202102010309,12,7.1,86.7,17.5
202102010310,13,4.4,147.1,28.9
202102010311,14,4.2,133.3,31.5
202102010312,13,2.6,149.6,29.8
202103010301,11,3.8,128.3,16.5
202103010302,12,3.2,200.2,25.8
202103010303,16,2.9,236.9,52.5
202103010304,15,3.1,243.5,51.4
202103010305,12,4.0,93.9,22.2
202103010306,14,2.4,187.8,41.1
202103010307,16,2.5,223.2,53.2
202103010308,14,5.1,181.6,31.3
202103010309,8,1.5,46.4,11.2
202103010310,15,2.2,190.1,54.2
202103010311,13,3.9,147.6,28.5
202103010312,14,3.7,209.7,33.3
202110030301,11,2.9,95.7,22.1
202110030302,16,1.8,158.5,71.6
202110030303,14,4.4,148.2,30.7
202110030304,7,1.4,44.1,6.9
202110030305,7,2.2,22.9,6.1
202110030306,16,2.9,198.3,57.6
202110030307,18,3.3,231.0,68.7
202110030308,14,3.4,174.8,32.7
202110030309,13,2.3,132.9,34.5
202110030310,14,3.1,153.9,31.3
202110030311,7,2.3,21.7,6.1
202110030312,14,2.0,158.3,40.8
202102010401,12,2.9,87.2,24.9
202102010402,16,3.6,222.9,48.9
202102010403,16,3.8,251.7,53.7
202102010404,14,3.0,166.0,36.0
202102010405,12,3.4,86.8,21.3
202102010406,12,3.9,114.2,26.4
202102010407,16,7.8,207.9,35.3
202102010408,14,4.4,155.9,31.6
202102010409,14,3.7,168.2,32.4
202102010410,9,1.7,61.5,14.8
202102010411,16,2.9,197.8,52.2
202102010412,13,6.4,139.5,24.7
202103010401,13,4.1,204.7,39.4
202103010402,15,2.8,254.1,56.6
202103010403,16,2.9,248.8,56.8
202103010404,16,2.4,226.1,69.9
202103010405,11,3.3,91.5,18.6
202103010406,11,2.0,159.7,24.2
202103010407,16,2.4,210.8,53.8
202103010408,14,2.4,142.9,39.1
202103010409,14,2.7,189.3,35.7
202103010410,15,2.4,169.9,47.2
202103010411,16,4.8,215.5,37.0
202103010412,16,3.6,255.5,42.2
202110030401,9,3.4,47.9,11.1
202110030402,16,4.0,196.8,44.6
202110030403,16,2.1,213.3,69.5
202110030404,16,4.2,239.3,49.1
202110030405,8,2.1,45.2,9.0
202110030406,8,1.6,52.4,8.8
202110030407,16,2.8,208.2,52.1
202110030408,13,3.1,148.5,29.2
202110030409,10,3.2,71.7,14.5
202110030410,8,1.7,35.3,9.6
202110030411,16,3.4,204.8,47.4
202110030412,9,2.5,73.6,11.0
202102010501,9,2.1,85.3,15.3
202102010502,14,5.0,155.7,31.3
202102010503,16,3.7,223.8,43.4
202102010504,14,2.8,123.1,35.9
202102010505,5,1.4,5.5,3.0
202102010506,16,2.3,214.8,63.6
202102010507,12,3.4,116.2,22.4
202102010508,11,2.1,111.6,21.8
202102010509,16,3.4,208.0,46.4
202102010510,14,4.0,129.4,31.4
202102010511,11,3.0,92.5,19.8
202102010512,13,3.9,134.7,26.8
202103010501,14,2.6,158.3,37.9
202103010502,15,4.1,229.5,45.7
202103010503,15,4.0,273.9,58.0
202103010504,14,3.2,172.9,35.0
202103010505,13,2.7,116.3,31.8
202103010506,16,2.8,238.7,57.7
202103010507,16,2.9,241.2,61.2
202103010508,16,2.9,207.3,49.4
202103010509,16,3.5,192.8,45.8
202103010510,16,6.2,263.1,37.3
202103010511,15,6.3,130.3,31.7
202103010512,16,3.4,250.1,46.9
202110030501,8,2.0,58.5,10.7
202110030502,16,2.0,226.0,59.8
202110030503,18,3.9,248.7,63.6
202110030504,14,3.5,156.0,31.5
202110030505,8,2.2,27.6,9.8
202110030506,11,2.2,73.2,22.3
202110030507,16,2.7,237.8,60.1
202110030508,15,3.2,233.9,44.8
202110030509,18,3.1,225.7,67.1
202110030510,14,3.3,145.7,33.0
202110030511,10,3.0,53.2,12.5
202110030512,14,4.3,126.8,29.5
202102010601,12,2.7,145.4,26.4
202102010602,14,3.1,143.7,32.2
202102010603,12,3.1,123.0,23.0
202102010604,14,4.0,154.8,30.7
202102010605,9,2.6,43.8,12.0
202102010606,16,2.9,175.6,47.0
202102010607,11,3.2,126.9,16.1
202102010608,13,5.1,162.2,25.9
202102010609,13,3.0,156.1,31.8
202102010610,9,1.9,43.0,15.4
202102010611,16,4.6,155.1,39.8
202102010612,13,2.7,162.2,30.6
202103010601,11,1.7,135.8,29.2
202103010602,16,2.4,199.9,56.9
202103010603,15,3.0,197.7,43.5
202103010604,16,2.4,224.8,57.6
202103010605,16,4.1,262.9,59.5
202103010606,13,2.5,174.4,33.0
202103010607,16,3.3,260.8,53.8
202103010608,14,4.4,182.3,29.9
202103010609,11,3.2,135.9,19.5
202103010610,14,3.1,204.5,30.3
202103010611,16,7.0,225.7,42.0
202103010612,16,4.9,208.4,42.8
202110030601,12,2.9,94.6,25.6
202110030602,11,1.8,129.8,21.3
202110030603,14,2.9,194.6,36.2
202110030604,16,2.4,140.9,60.3
202110030605,7,1.8,22.9,5.9
202110030606,18,2.1,232.4,69.7
202110030607,13,3.0,118.7,31.8
202110030608,18,3.4,237.9,64.3
202110030609,14,4.8,67.4,29.7
202110030610,14,5.4,163.9,27.8
202110030611,12,4.2,135.9,26.8
202110030612,16,2.6,201.7,54.1
202102010701,13,2.9,183.9,29.3
202102010702,16,3.2,240.5,51.6
202102010703,14,4.4,110.2,29.9
202102010704,16,4.6,193.9,45.4
202102010705,12,3.6,86.4,22.2
202102010706,16,3.1,228.4,47.8
202102010707,12,4.4,146.2,25.7
202102010708,14,2.4,160.5,34.7
202102010709,12,3.3,95.5,23.0
202102010710,12,4.1,84.3,23.2
202102010711,12,3.3,122.6,22.9
202102010712,14,7.0,146.4,31.5
202104030101,15,4.4,257.9,49.1
202104030102,10,1.5,92.3,18.7
202104030103,15,2.8,211.4,46.4
202104030104,15,3.5,262.0,48.7
202104030105,18,3.0,255.8,71.8
202104030106,15,4.2,171.3,36.1
202104030107,18,3.2,265.9,78.5
202104030108,15,2.0,199.8,49.0
202104030109,17,2.5,182.7,62.5
202104030110,17,4.7,250.6,52.2
202104030111,14,3.7,93.4,29.8
202104030112,18,4.5,206.4,51.8
202102010801,7,1.5,35.3,7.5
202102010802,14,3.1,163.3,37.1
202102010803,12,3.8,141.0,23.1
202102010804,16,2.8,186.5,51.7
202102010805,8,2.3,41.8,9.8
202102010806,11,3.3,92.6,20.0
202102010807,11,2.2,125.0,22.9
202102010808,14,2.8,139.5,33.6
202102010809,12,5.0,83.5,17.2
202102010810,13,3.6,131.0,28.1
202102010811,14,3.1,131.9,33.9
202102010812,11,3.2,82.1,18.5
202104030201,9,1.5,77.2,16.0
202104030202,15,2.2,223.2,42.8
202104030203,18,4.9,275.7,64.6
202104030204,15,3.5,225.1,48.0
202104030205,13,3.2,140.4,27.9
202104030206,18,3.8,244.3,59.5
202104030207,18,4.6,252.0,63.0
202104030208,15,2.9,210.6,43.0
202104030209,15,2.8,204.3,38.4
202104030210,12,3.5,125.6,22.8
202104030211,17,3.4,999.9,57.5
202104030212,18,6.3,273.0,58.1
202102010901,10,2.4,57.4,14.4
202102010902,13,3.7,159.4,28.2
202102010903,12,2.6,94.5,27.7
202102010904,14,2.5,154.8,38.2
202102010905,9,2.7,49.1,10.7
202102010906,14,3.0,203.8,35.6
202102010907,12,2.8,172.4,26.8
202102010908,10,2.4,74.5,15.9
202102010909,14,2.9,152.2,34.0
202102010910,15,5.0,195.8,34.0
202102010911,16,3.5,211.7,49.4
202102010912,13,3.3,77.2,29.4
202104030301,15,3.6,192.8,37.1
202104030302,18,2.7,270.3,90.3
202104030303,15,2.0,200.5,59.0
202104030304,18,3.4,253.5,78.5
202104030305,17,4.8,186.2,47.1
202104030306,18,3.6,275.8,71.4
202104030307,15,2.5,234.7,53.0
202104030308,13,2.4,170.4,31.1
202104030309,15,3.5,237.2,42.1
202104030310,15,3.0,185.6,48.1
202104030311,17,4.5,207.5,42.2
202104030312,18,3.7,268.9,78.2
202102011001,9,2.2,61.5,11.7
202102011002,14,2.9,166.0,34.9
202102011003,16,4.4,224.4,51.1
202102011004,14,2.7,172.0,37.2
202102011005,5,1.4,8.2,3.0
202102011006,16,3.5,230.0,51.1
202102011007,10,2.4,54.4,14.4
202102011008,11,3.0,149.0,19.2
202102011009,13,2.6,141.6,28.2
202102011010,10,2.8,74.7,15.0
202102011011,12,3.2,112.9,21.5
202102011012,14,3.1,145.9,33.7
202104030401,14,1.9,207.1,41.3
202104030402,18,3.4,265.4,74.4
202104030403,15,3.2,160.8,36.5
202104030404,15,1.9,192.6,55.3
202104030405,10,1.9,98.0,19.2
202104030406,18,2.9,215.5,65.7
202104030407,18,3.3,265.6,65.1
202104030408,15,4.3,255.3,38.1
202104030409,18,2.2,234.5,80.6
202104030410,15,3.3,175.1,38.6
202104030411,16,3.3,215.1,51.2
202104030412,15,3.0,219.2,41.1
202102011101,12,2.1,139.0,26.3
202102011102,14,3.0,172.4,34.1
202102011103,16,5.4,254.6,44.3
202102011104,12,3.0,94.6,27.8
202102011105,9,2.6,45.8,11.0
202102011106,16,3.8,182.9,43.6
202102011107,12,4.2,132.1,25.0
202102011108,14,5.8,136.9,29.5
202102011109,10,3.0,54.1,14.9
202102011110,14,4.7,198.5,30.8
202102011111,15,3.4,227.8,38.1
202102011112,16,4.9,223.3,41.2
202104030501,11,2.6,115.3,20.9
202104030502,13,1.6,170.9,44.5
202104030503,15,2.8,208.5,44.0
202104030504,18,5.2,279.5,65.2
202104030505,17,2.4,261.0,69.3
202104030506,15,3.3,229.1,45.2
202104030507,15,2.6,999.9,70.2
202104030508,16,5.4,229.3,42.4
202104030509,8,2.0,70.6,10.4
202104030510,15,4.5,190.5,39.1
202104030511,18,4.9,221.5,49.4
202104030512,15,2.7,190.6,40.4
202102011201,14,2.7,159.0,40.9
202102011202,16,3.9,201.8,44.8
202102011203,14,2.8,127.1,35.5
202102011204,16,3.9,226.2,53.0
202102011205,13,2.6,143.3,30.3
202102011206,16,3.0,208.8,49.6
202102011207,14,3.4,141.5,34.1
202102011208,16,2.9,220.6,50.0
202102011209,12,2.2,139.0,25.9
202102011210,16,7.2,190.4,38.9
202102011211,14,3.9,83.9,29.9
202102011212,16,3.1,205.7,50.7
202104030601,17,3.1,267.8,54.9
202104030602,15,2.2,229.7,47.0
202104030603,18,6.2,255.9,58.4
202104030604,15,2.3,193.7,47.4
202104030605,12,2.2,115.9,27.1
202104030606,15,2.0,161.7,55.1
202104030607,15,2.9,231.7,46.4
202104030608,16,2.3,169.6,54.3
202104030609,18,4.2,269.8,57.1
202104030610,14,3.5,232.0,38.1
202104030611,15,3.5,171.6,40.7
202104030612,18,4.4,261.1,61.9
202101020101,6,1.2,27.6,4.7
202101020102,14,2.2,172.3,40.1
202101020103,12,5.0,77.8,22.7
202101020104,16,3.6,216.5,54.8
202101020105,9,1.7,67.9,16.0
202101020106,14,3.6,182.5,33.4
202101020107,14,3.1,163.8,31.1
202101020108,14,2.5,184.4,36.9
202101020109,16,3.3,232.7,53.4
202101020110,6,1.7,21.4,5.0
202101020111,14,4.0,84.4,29.5
202101020112,14,3.6,159.2,33.7
202104040101,15,4.3,231.2,43.2
202104040102,11,1.8,118.9,25.3
202104040103,15,4.7,244.9,33.1
202104040104,14,2.3,192.0,43.4
202104040105,17,5.2,239.5,51.0
202104040106,17,3.5,275.9,88.7
202104040107,15,3.2,255.5,46.4
202104040108,15,3.2,235.2,45.9
202104040109,9,1.9,66.6,12.7
202104040110,17,3.1,236.8,61.1
202104040111,16,4.9,242.9,39.4
202104040112,13,5.1,221.0,31.4
202110040101,12,2.3,89.7,25.8
202110040102,15,2.3,233.6,54.9
202110040103,14,2.1,173.0,41.7
202110040104,8,2.3,28.9,8.8
202110040105,16,2.4,214.5,59.5
202110040106,16,2.1,237.5,53.5
202110040107,12,1.6,120.2,33.8
202110040108,16,2.2,179.3,68.2
202110040109,10,2.0,81.6,19.4
202110040110,10,2.4,134.0,18.2
202110040111,15,3.0,224.2,41.7
202110040112,14,2.3,150.2,36.2
202101020201,9,2.8,44.1,10.9
202101020202,12,4.0,111.5,23.0
202101020203,14,2.7,133.5,35.8
202101020204,14,2.7,169.9,42.5
202101020205,7,1.6,47.2,7.3
202101020206,12,2.4,96.5,25.1
202101020207,14,4.1,142.7,31.4
202101020208,14,7.6,152.1,25.1
202101020209,12,2.7,96.6,26.2
202101020210,10,2.1,70.3,15.9
202101020211,16,5.5,237.0,46.3
202101020212,9,1.7,84.1,12.8
202104040201,13,2.8,172.7,31.5
202104040202,14,2.4,190.1,46.6
202104040203,14,2.4,172.2,44.9
202104040204,18,4.6,272.2,55.8
202104040205,14,2.5,150.9,37.7
202104040206,15,3.3,252.2,39.3
202104040207,18,4.3,261.8,61.1
202104040208,15,3.5,254.7,41.3
202104040209,15,2.1,237.8,49.5
202104040210,12,3.3,54.6,22.5
202104040211,18,4.3,999.9,62.1
202104040212,18,2.9,254.3,75.7
202110040201,9,2.1,68.4,12.4
202110040202,16,3.8,219.0,43.3
202110040203,15,3.7,258.9,51.4
202110040204,16,3.6,207.8,50.8
202110040205,16,2.6,217.3,56.9
202110040206,18,2.9,266.8,76.9
202110040207,10,1.8,79.9,19.1
202110040208,14,4.7,130.7,29.6
202110040209,18,2.8,220.8,64.7
202110040210,9,2.2,75.9,12.8
202110040211,10,3.0,79.7,14.2
202110040212,16,4.5,231.8,45.7
202101020301,8,1.6,62.1,12.4
202101020302,11,2.9,122.8,20.7
202101020303,14,3.3,126.8,35.1
202101020304,16,4.2,255.1,51.6
202101020305,14,3.3,999.9,33.9
202101020306,14,2.7,175.0,36.0
202101020307,16,3.3,199.4,46.0
202101020308,12,2.1,70.6,31.0
202101020309,12,2.4,81.6,26.9
202101020310,15,2.6,223.2,48.1
202101020311,14,4.0,142.5,30.8
202101020312,14,3.2,130.1,30.6
202104040301,13,2.2,132.2,36.9
202104040302,15,2.6,248.0,53.2
202104040303,15,2.8,252.4,46.5
202104040304,13,2.7,148.0,36.8
202104040305,18,2.5,251.1,84.5
202104040306,16,3.1,238.1,55.1
202104040307,18,2.7,251.4,76.9
202104040308,15,2.6,145.4,39.8
202104040309,15,2.1,222.1,52.5
202104040310,15,2.7,261.1,47.4
202104040311,10,2.7,57.7,13.8
202104040312,14,2.4,190.3,38.7
202110040301,9,2.8,71.3,12.1
202110040302,16,4.9,271.4,54.6
202110040303,18,5.5,284.4,55.2
202110040304,15,2.7,186.5,51.9
202110040305,17,3.0,212.0,62.7
202110040306,16,4.8,171.6,41.2
202110040307,18,3.1,215.8,60.3
202110040308,16,2.6,194.6,52.7
202110040309,11,2.4,97.6,21.2
202110040310,7,1.3,45.3,8.5
202110040311,10,2.7,57.7,12.5
202110040312,14,3.0,149.0,33.9
202101020401,13,3.9,151.8,28.6
202101020402,12,2.7,93.1,25.5
202101020403,14,4.7,186.3,33.7
202101020404,14,2.1,151.1,37.9
202101020405,9,1.9,73.2,11.3
202101020406,12,3.0,141.9,25.3
202101020407,14,3.7,157.6,30.3
202101020408,12,3.9,145.9,24.5
202101020409,11,2.8,136.2,19.2
202101020410,14,4.2,141.8,31.5
202101020411,13,3.1,97.0,27.5
202101020412,16,3.2,191.1,47.8
202104040401,8,1.5,54.7,10.1
202104040402,17,4.9,277.1,61.3
202104040403,15,3.3,251.1,42.0
202104040404,18,4.5,290.7,62.0
202104040405,14,3.8,185.9,37.5
202104040406,13,3.0,189.4,37.9
202104040407,15,3.7,190.0,37.3
202104040408,11,1.9,94.9,22.4
202104040409,18,5.1,280.0,50.0
202104040410,12,2.0,141.4,28.7
202104040411,15,3.2,159.1,38.4
202104040412,15,3.1,238.1,45.0
202110040401,8,1.6,72.5,12.0
202110040402,16,2.3,198.5,57.4
202110040403,15,2.0,204.1,57.5
202110040404,14,3.6,204.9,33.7
202110040405,14,3.6,120.4,30.8
202110040406,14,2.3,164.0,38.6
202110040407,13,3.0,148.3,29.4
202110040408,16,2.2,227.8,60.1
202110040409,13,2.6,143.4,28.5
202110040410,16,3.7,206.0,44.1
202110040411,18,4.2,258.4,60.5
202110040412,8,1.5,59.6,10.2
202101020501,8,1.8,47.7,9.3
202101020502,10,2.7,86.8,17.1
202101020503,12,4.6,110.8,22.2
202101020504,14,2.2,168.9,40.5
202101020505,9,2.3,48.4,12.6
202101020506,14,3.8,148.2,30.0
202101020507,14,2.6,142.5,37.7
202101020508,14,3.6,146.2,30.4
202101020509,14,3.3,169.8,36.1
202101020510,14,3.5,184.5,36.1
202101020511,15,4.7,195.5,32.7
202101020512,14,3.2,155.1,31.6
202104040501,15,2.2,226.6,58.2
202104040502,15,2.6,224.3,46.1
202104040503,15,2.8,245.4,42.4
202104040504,15,3.9,253.2,48.9
202104040505,15,3.4,269.5,45.5
202104040506,18,2.0,223.9,70.3
202104040507,18,2.9,270.0,75.8
202104040508,15,3.6,223.1,40.0
202104040509,15,3.6,256.3,47.2
202104040510,18,3.4,248.0,61.9
202104040511,15,4.3,260.3,41.6
202104040512,18,3.2,266.0,71.8
202110040501,9,1.5,72.1,16.6
202110040502,9,1.6,73.0,14.8
202110040503,13,4.5,141.1,29.2
202110040504,18,4.0,187.3,70.1
202110040505,13,2.2,89.6,35.8
202110040506,16,3.3,246.6,51.9
202110040507,16,3.3,219.8,48.1
202110040508,8,1.6,47.8,11.3
202110040509,14,2.5,145.6,42.4
202110040510,10,2.7,93.0,15.3
202110040511,12,2.9,96.3,25.0
202110040512,14,3.4,114.4,31.2
202101020601,12,3.0,114.9,24.5
202101020602,12,3.6,90.6,22.6
202101020603,14,3.1,130.6,35.4
202101020604,16,3.7,211.2,39.6
202101020605,12,3.0,135.9,25.5
202101020606,14,3.1,177.2,35.4
202101020607,12,3.4,79.8,26.1
202101020608,14,3.1,193.5,31.5
202101020609,16,4.5,239.2,52.1
202101020610,14,2.3,123.4,40.7
202101020611,16,3.4,187.3,45.8
202101020612,14,3.6,171.7,31.0
202104040601,12,3.1,149.0,28.1
202104040602,15,2.8,213.3,45.7
202104040603,18,3.2,274.4,79.5
202104040604,18,2.7,256.3,77.9
202104040605,18,3.3,270.9,63.3
202104040606,15,3.7,244.4,37.7
202104040607,10,1.6,89.8,19.3
202104040608,15,3.7,164.7,37.1
202104040609,14,4.0,183.9,33.5
202104040610,18,3.4,260.8,58.8
202104040611,12,3.4,63.5,23.8
202104040612,15,2.9,236.9,50.0
202110040601,9,1.5,46.7,14.1
202110040602,16,2.0,209.5,70.2
202110040603,17,2.9,216.6,63.3
202110040604,16,2.5,221.2,67.5
202110040605,14,3.7,132.5,33.1
202110040606,8,2.3,35.7,8.7
202110040607,16,2.2,215.9,59.7
202110040608,14,3.5,143.0,30.4
202110040609,12,2.2,124.3,30.3
202110040610,16,3.4,138.3,40.7
202110040611,10,1.9,132.1,20.9
202110040612,11,1.8,92.0,27.4
202101020701,9,1.9,65.9,11.6
202101020702,12,2.9,145.6,26.6
202101020703,16,3.1,200.3,52.0
202101020704,14,3.7,165.2,34.7
202101020705,12,3.9,115.0,23.3
202101020706,14,4.0,152.8,31.1
202101020707,12,2.9,124.4,26.6
202101020708,16,4.9,252.5,50.6
202101020709,14,3.2,173.2,32.7
202101020710,16,4.2,140.4,41.0
202101020711,10,2.7,71.1,14.1
202101020712,14,2.6,82.7,35.5
202104040701,13,1.9,145.4,39.2
202104040702,15,4.0,242.2,40.2
202104040703,15,3.3,190.8,42.9
202104040704,11,2.8,121.8,20.0
202104040705,10,2.1,84.4,14.7
202104040706,18,4.8,288.2,71.7
202104040707,18,2.8,261.5,74.8
202104040708,15,3.8,226.2,38.8
202104040709,12,2.4,126.5,29.5
202104040710,13,3.0,188.4,28.1
202104040711,15,2.4,224.9,46.5
202104040712,18,4.4,274.6,67.0
202110040701,14,2.2,142.2,38.3
202110040702,16,1.8,213.8,67.3
202110040703,18,5.6,270.0,53.5
202110040704,18,2.4,212.9,67.2
202110040705,13,2.6,116.6,32.2
202110040706,14,1.9,134.6,43.4
202110040707,15,3.1,223.3,43.4
202110040708,11,1.8,111.4,26.2
202110040709,18,3.3,214.9,65.2
202110040710,16,3.2,216.9,47.9
202110040711,12,2.5,137.2,25.2
202110040712,16,3.6,211.0,44.6
202101020801,11,1.7,122.8,26.2
202101020802,13,2.6,128.6,32.4
202101020803,14,4.2,171.0,31.1
202101020804,16,3.2,251.7,58.5
202101020805,14,2.8,125.9,32.1
202101020806,16,4.0,216.4,46.6
202101020807,14,3.9,145.1,31.8
202101020808,14,5.1,156.4,31.6
202101020809,14,5.2,175.8,32.2
202101020810,9,2.1,60.7,12.3
202101020811,10,2.1,94.4,14.7
202101020812,13,2.1,129.8,34.9
202104040801,17,3.3,274.9,82.9
202104040802,10,2.2,123.0,21.1
202104040803,15,3.3,255.7,39.5
202104040804,18,5.4,293.1,68.0
202104040805,10,1.7,97.4,19.9
202104040806,18,3.9,282.4,82.1
202104040807,15,3.8,197.4,34.7
202104040808,15,2.0,207.7,52.8
202104040809,14,2.6,151.5,41.2
202104040810,15,2.2,212.5,56.2
202104040811,17,5.0,203.1,47.6
202104040812,17,3.6,269.6,63.1
202110040801,10,2.6,60.0,18.6
202110040802,13,3.6,137.5,29.0
202110040803,16,3.9,220.6,47.1
202110040804,18,4.7,228.5,58.9
202110040805,13,2.2,134.3,36.4
202110040806,16,3.9,207.6,48.4
202110040807,11,2.5,92.8,24.0
202110040808,13,2.6,98.1,29.0
202110040809,11,1.8,156.6,24.9
202110040810,16,4.3,230.3,52.9
202110040811,10,2.9,93.3,14.8
202110040812,11,2.2,110.1,21.5
202106040101,11,2.3,147.8,23.3
202106040102,16,2.9,247.3,59.3
202106040103,16,3.6,259.7,53.4
202106040104,16,3.0,258.2,64.9
202106040105,12,2.0,120.2,27.3
202106040106,16,3.2,225.0,50.6
202106040107,13,2.4,171.6,35.9
202106040108,16,3.3,228.4,56.4
202106040109,8,1.4,87.5,11.5
202106040110,10,2.5,115.0,18.7
202106040111,18,4.3,258.8,55.9
202106040112,16,3.0,247.4,46.0
202107050101,7,1.7,22.3,5.9
202107050102,12,3.0,80.3,27.8
202107050103,9,1.7,42.3,16.2
202107050104,10,1.8,81.7,23.4
202107050105,12,2.7,119.6,27.6
202107050106,12,2.5,123.4,25.7
202107050107,12,2.2,96.6,29.9
202107050108,13,3.4,148.7,26.9
202107050109,11,2.1,89.9,20.3
202107050110,13,2.3,146.5,30.1
202107050111,16,3.1,171.7,44.3
202107050112,16,2.7,206.1,55.0
202106040201,16,2.2,244.6,67.6
202106040202,10,1.7,88.1,17.7
202106040203,16,4.6,246.3,56.3
202106040204,16,3.2,245.3,60.1
202106040205,16,3.1,202.4,50.2
202106040206,13,3.5,126.8,28.7
202106040207,14,2.0,194.2,45.1
202106040208,6,1.5,20.9,4.8
202106040209,13,2.8,175.5,34.1
202106040210,15,6.6,148.5,32.2
202106040211,16,5.3,205.5,42.6
202106040212,16,2.2,237.5,60.9
202107050201,12,5.3,95.2,21.0
202107050202,15,2.8,194.5,44.7
202107050203,11,2.5,88.6,18.7
202107050204,12,2.8,122.1,24.8
202107050205,5,1.2,14.7,3.0
202107050206,16,3.0,174.1,49.1
202107050207,11,2.8,92.8,17.9
202107050208,7,1.9,17.2,6.1
202107050209,8,1.7,45.7,10.3
202107050210,16,4.8,183.6,40.1
202107050211,17,2.9,225.7,59.3
202107050212,18,2.9,237.3,68.1
202106040301,16,2.4,244.2,63.6
202106040302,10,2.3,111.8,17.6
202106040303,16,2.1,242.5,66.8
202106040304,13,1.8,138.9,44.1
202106040305,12,2.6,195.4,28.8
202106040306,14,2.4,162.0,43.5
202106040307,12,2.3,125.0,26.7
202106040308,16,5.5,241.9,45.2
202106040309,13,2.7,148.4,28.6
202106040310,14,4.1,150.8,29.4
202106040311,16,8.0,283.4,45.8
202106040312,16,2.5,238.8,54.0
202107050301,11,2.1,134.4,26.6
202107050302,10,2.7,73.8,17.6
202107050303,14,3.7,147.1,30.3
202107050304,12,2.8,113.5,26.7
202107050305,10,2.1,58.6,17.1
202107050306,14,3.7,135.1,32.6
202107050307,13,3.9,85.6,26.1
202107050308,10,2.9,120.3,15.8
202107050309,13,2.7,162.9,31.3
202107050310,13,2.2,155.6,37.5
202107050311,13,4.4,156.6,28.6
202107050312,15,2.1,168.5,55.0
202106040401,15,2.7,256.5,56.3
202106040402,13,2.4,170.1,31.5
202106040403,10,1.8,111.3,20.2
202106040404,16,5.8,273.5,62.2
202106040405,16,3.8,277.5,45.7
202106040406,15,3.3,206.9,39.2
202106040407,15,3.4,170.1,40.7
202106040408,13,2.9,193.3,34.2
202106040409,15,2.1,238.5,47.8
202106040410,15,4.4,203.7,34.4
202106040411,16,5.0,225.7,41.0
202106040412,15,3.3,234.9,42.0
202107050401,10,2.0,80.1,14.1
202107050402,8,1.7,51.2,10.7
202107050403,15,2.9,161.1,40.4
202107050404,16,2.8,215.2,50.0
202107050405,7,1.6,69.2,7.8
202107050406,12,2.7,66.3,25.7
202107050407,16,3.4,194.1,49.4
202107050408,13,3.0,127.2,29.1
202107050409,9,2.9,75.5,10.9
202107050410,12,3.1,167.5,26.8
202107050411,18,4.5,227.8,53.0
202107050412,16,4.6,172.1,42.0
202106040501,14,3.2,187.4,41.1
202106040502,15,2.9,241.2,45.0
202106040503,13,2.2,194.9,34.2
202106040504,13,1.7,183.2,43.2
202106040505,16,3.2,262.0,65.0
202106040506,10,2.3,138.4,19.9
202106040507,16,2.7,242.4,51.7
202106040508,16,3.2,253.8,51.5
202106040509,13,3.0,99.8,28.9
202106040510,7,2.0,33.1,5.6
202106040511,14,3.0,138.1,35.1
202106040512,13,2.5,182.4,31.1
202107050501,13,3.5,177.1,28.3
202107050502,10,1.6,74.4,20.7
202107050503,10,2.1,66.5,14.2
202107050504,13,2.2,136.1,32.2
202107050505,14,3.6,161.3,32.6
202107050506,13,2.5,97.2,33.9
202107050507,10,2.0,81.3,16.2
202107050508,16,4.8,197.9,41.5
202107050509,8,2.0,47.0,9.5
202107050510,12,2.9,129.2,25.0
202107050511,16,2.9,210.9,52.9
202107050512,18,3.7,196.4,58.0
202106040601,14,1.9,201.2,51.6
202106040602,16,3.0,248.3,54.8
202106040603,11,2.3,152.9,24.0
202106040604,15,2.3,260.4,57.4
202106040605,16,2.4,225.3,66.2
202106040606,15,4.0,243.4,48.6
202106040607,16,4.3,275.5,48.5
202106040608,14,2.5,173.1,35.5
202106040609,10,2.6,161.5,19.5
202106040610,12,2.1,72.1,31.5
202106040611,16,3.0,237.2,52.0
202106040612,16,3.1,256.8,57.6
202107050601,8,1.7,52.8,11.7
202107050602,10,2.9,54.5,17.3
202107050603,11,3.2,135.8,20.1
202107050604,13,2.7,160.5,30.0
202107050605,16,2.3,187.4,56.8
202107050606,14,3.2,131.3,37.2
202107050607,10,1.9,66.1,16.3
202107050608,16,2.8,215.4,46.4
202107050609,8,1.9,84.7,10.3
202107050610,9,1.9,66.0,14.6
202107050611,16,3.0,184.2,44.8
202107050612,16,3.1,211.1,49.2
202106040701,12,2.2,129.8,27.4
202106040702,13,2.8,208.3,31.7
202106040703,14,1.9,185.8,44.5
202106040704,16,2.2,243.9,73.5
202106040705,17,3.6,242.3,62.4
202106040706,16,2.5,243.3,52.6
202106040707,15,3.1,228.8,46.4
202106040708,16,2.4,189.0,54.6
202106040709,13,2.4,126.0,29.4
202106040710,16,3.5,195.5,43.7
202106040711,16,2.9,203.8,55.5
202106040712,16,2.7,235.5,49.0
202107050701,14,2.4,182.8,41.4
202107050702,10,1.8,67.5,16.4
202107050703,12,2.7,125.1,26.5
202107050704,12,2.4,138.7,26.3
202107050705,11,3.4,69.2,17.7
202107050706,14,4.2,144.4,31.1
202107050707,10,2.7,66.6,14.4
202107050708,10,2.0,85.8,16.8
202107050709,18,5.9,244.1,56.7
202107050710,16,2.0,191.6,59.7
202107050711,10,1.7,92.1,19.1
202107050712,16,3.2,185.9,49.6
202106040801,14,3.4,208.2,43.1
202106040802,16,2.4,249.2,70.1
202106040803,16,2.9,248.3,56.7
202106040804,16,2.6,250.3,69.0
202106040805,16,3.3,258.3,62.3
202106040806,16,3.4,268.1,76.8
202106040807,16,3.9,224.9,46.6
202106040808,15,2.6,240.7,56.6
202106040809,10,2.1,155.3,21.6
202106040810,16,3.3,253.7,49.5
202106040811,13,3.6,119.3,25.9
202106040812,16,3.3,199.6,47.1
202107050801,14,4.4,146.9,32.9
202107050802,9,1.6,64.8,14.6
202107050803,11,3.2,139.1,21.9
202107050804,12,3.1,111.7,23.1
202107050805,12,2.9,128.1,22.9
202107050806,13,4.0,142.4,28.4
202107050807,16,3.1,168.0,46.7
202107050808,13,2.9,163.4,29.4
202107050809,7,1.6,26.3,5.7
202107050810,13,3.6,78.9,27.4
202107050811,16,4.2,210.3,42.9
202107050812,13,2.7,151.9,33.4
202106040901,15,2.5,249.0,62.9
202106040902,16,2.1,213.3,65.2
202106040903,16,3.2,241.1,61.4
202106040904,16,3.4,215.6,47.7
202106040905,14,2.6,227.7,43.5
202106040906,16,3.0,239.0,61.3
202106040907,9,1.7,90.8,16.4
202106040908,16,4.6,271.1,54.9
202106040909,8,2.0,111.8,10.6
202106040910,12,2.1,142.5,27.1
202106040911,16,2.5,221.0,61.4
202106040912,16,3.0,197.9,44.7
202107050901,12,3.0,98.9,25.9
202107050902,15,2.4,196.4,46.1
202107050903,18,2.9,218.2,69.1
202107050904,10,2.5,54.0,15.2
202107050905,15,2.9,209.8,47.0
202107050906,12,3.3,150.6,26.6
202107050907,16,4.6,169.3,38.4
202107050908,16,3.3,240.7,55.5
202107050909,8,1.8,50.5,10.6
202107050910,16,2.8,168.5,57.0
202107050911,16,2.4,202.2,56.9
202107050912,16,4.6,223.1,39.8
202104050101,14,2.1,147.0,41.4
202104050102,15,1.9,215.3,57.1
202104050103,13,1.9,163.8,39.8
202104050104,9,3.7,45.5,11.4
202104050105,14,3.4,149.7,33.5
202104050106,13,2.7,93.1,30.6
202104050107,15,3.2,245.8,40.7
202104050108,18,5.3,224.7,54.7
202104050109,11,2.5,140.7,21.8
202104050110,13,2.7,151.0,29.1
202104050111,9,1.9,60.7,11.6
202104050112,18,4.6,245.3,62.1
202105040101,14,2.6,141.3,35.9
202105040102,12,2.3,136.8,26.8
202105040103,16,2.5,220.8,55.4
202105040104,16,4.3,263.6,51.3
202105040105,16,3.1,216.8,50.1
202105040106,16,2.3,231.4,68.6
202105040107,12,3.0,150.2,23.8
202105040108,16,3.8,258.6,47.9
202105040109,9,1.7,60.6,13.9
202105040110,16,2.8,240.2,62.6
202105040111,7,1.4,28.1,6.6
202105040112,13,3.0,132.2,29.0
202109040101,11,2.7,112.8,20.5
202109040102,9,1.8,80.7,16.3
202109040103,7,1.4,27.9,7.1
202109040104,10,2.4,56.1,15.3
202109040105,12,2.3,116.5,28.4
202109040106,10,2.1,72.6,17.0
202109040107,16,3.4,226.5,48.2
202109040108,9,2.1,55.3,13.3
202109040109,10,2.6,89.3,15.2
202109040110,16,3.2,181.1,46.7
202109040111,16,2.5,154.3,49.4
202109040112,11,2.3,99.5,17.9
202104050201,15,3.2,232.4,45.6
202104050202,18,5.1,237.7,58.4
202104050203,15,4.9,240.3,38.6
202104050204,13,2.0,133.9,39.5
202104050205,18,3.8,263.9,62.8
202104050206,15,3.7,192.8,33.5
202104050207,13,2.9,92.0,26.9
202104050208,18,3.1,234.0,69.9
202104050209,13,2.0,134.2,36.1
202104050210,10,2.4,53.3,15.4
202104050211,18,4.7,265.4,57.1
202104050212,15,2.7,201.1,47.9
202105040201,16,3.2,196.3,49.8
202105040202,15,4.4,267.4,39.0
202105040203,12,1.6,164.8,35.4
202105040204,18,2.6,248.5,76.7
202105040205,12,2.2,124.9,27.6
202105040206,16,3.6,207.1,49.0
202105040207,12,4.4,129.6,22.5
202105040208,12,2.5,124.5,26.8
202105040209,18,2.3,231.2,69.7
202105040210,16,3.0,188.5,51.8
202105040211,13,2.2,84.3,35.7
202105040212,16,3.2,168.1,45.3
202109040201,9,2.3,118.4,11.3
202109040202,13,3.7,128.8,28.6
202109040203,8,1.5,51.9,9.5
202109040204,14,2.6,155.8,34.6
202109040205,11,2.2,80.4,23.5
202109040206,11,3.0,80.2,19.2
202109040207,12,2.8,68.2,25.6
202109040208,12,2.7,131.6,26.7
202109040209,9,1.7,49.5,13.1
202109040210,15,3.7,179.4,40.4
202109040211,14,2.5,147.9,36.3
202109040212,16,3.0,216.2,47.1
202104050301,11,2.5,122.0,16.2
202104050302,11,2.2,68.7,17.9
202104050303,12,3.3,142.1,24.0
202104050304,11,1.7,110.0,23.2
202104050305,10,3.1,53.6,16.0
202104050306,15,3.6,178.7,37.6
202104050307,12,2.7,81.1,24.9
202104050308,9,2.5,39.5,13.1
202104050309,18,3.8,259.5,56.6
202104050310,13,2.1,82.4,35.6
202104050311,15,3.6,209.4,44.1
202104050312,18,3.6,231.5,55.9
202105040301,16,3.4,222.9,54.2
202105040302,13,2.6,157.0,31.4
202105040303,18,3.2,261.5,67.5
202105040304,15,4.0,262.6,36.2
202105040305,18,2.2,243.9,91.2
202105040306,16,4.1,175.4,41.8
202105040307,14,2.6,199.0,40.5
202105040308,8,2.5,51.1,10.2
202105040309,9,2.6,61.3,12.4
202105040310,18,5.9,262.0,49.6
202105040311,18,3.1,221.1,64.4
202105040312,16,5.6,190.7,41.1
202109040301,10,1.9,59.4,19.4
202109040302,12,1.8,142.0,32.0
202109040303,9,1.8,49.9,11.8
202109040304,8,1.6,31.9,12.4
202109040305,15,3.4,179.8,40.3
202109040306,11,2.3,124.1,25.6
202109040307,12,2.7,88.1,25.1
202109040308,11,1.8,86.5,24.3
202109040309,7,1.3,28.3,8.2
202109040310,11,3.8,46.1,16.2
202109040311,16,6.8,185.1,42.0
202109040312,15,3.2,224.3,43.7
202104050401,14,4.0,199.4,35.4
202104050402,13,4.6,184.0,31.0
202104050403,14,3.7,140.8,30.9
202104050404,9,1.9,75.3,13.7
202104050405,16,4.0,221.9,50.4
202104050406,14,2.7,180.9,33.2
202104050407,9,2.0,58.5,11.8
202104050408,14,4.6,126.8,29.1
202104050409,17,4.7,210.0,52.3
202104050410,17,1.9,192.9,67.9
202104050411,18,3.7,222.7,62.3
202104050412,11,2.4,67.2,23.7
202105040401,14,3.1,191.0,40.4
202105040402,11,2.0,120.2,22.3
202105040403,9,1.6,111.1,13.6
202105040404,16,2.4,257.4,58.2
202105040405,18,4.7,268.0,68.0
202105040406,16,2.5,243.5,69.9
202105040407,10,2.2,112.1,16.2
202105040408,16,2.5,239.6,62.1
202105040409,12,2.2,152.4,27.5
202105040410,16,2.7,214.0,50.2
202105040411,18,3.9,256.2,59.8
202105040412,12,2.8,117.1,28.3
202109040401,11,2.0,115.0,25.7
202109040402,11,3.3,136.8,21.5
202109040403,9,2.8,56.1,10.7
202109040404,12,2.9,128.4,26.3
202109040405,16,3.0,160.7,51.8
202109040406,8,1.7,37.0,8.9
202109040407,10,2.8,79.0,15.4
202109040408,14,4.6,202.2,30.2
202109040409,6,2.3,7.1,4.0
202109040410,15,3.3,232.9,36.1
202109040411,16,2.3,237.1,66.6
202109040412,16,4.1,209.2,47.7
202104050501,12,2.5,121.0,26.6
202104050502,15,6.2,173.4,31.9
202104050503,12,3.2,125.5,23.6
202104050504,11,2.9,117.1,24.1
202104050505,13,2.6,164.2,34.6
202104050506,15,3.2,236.3,45.9
202104050507,12,2.4,160.6,27.1
202104050508,14,3.0,99.4,31.8
202104050509,12,2.3,140.3,28.2
202104050510,12,4.2,76.6,21.3
202104050511,15,3.9,154.6,38.6
202104050512,11,4.0,111.5,19.9
202105040501,16,4.1,184.1,42.9
202105040502,15,3.0,231.6,45.3
202105040503,13,2.0,198.0,41.5
202105040504,18,3.5,257.7,70.5
202105040505,16,2.8,191.0,52.0
202105040506,15,3.0,240.0,50.5
202105040507,9,2.0,61.5,13.6
202105040508,18,3.4,275.3,82.5
202105040509,8,2.2,90.2,11.2
202105040510,16,2.6,224.2,54.5
202105040511,17,3.8,240.4,47.8
202105040512,16,2.2,212.3,66.9
202109040501,14,3.9,154.5,31.9
202109040502,12,4.2,113.1,23.7
202109040503,9,1.6,71.0,16.0
202109040504,12,2.1,112.0,26.8
202109040505,12,2.7,123.1,25.2
202109040506,11,2.5,115.5,20.4
202109040507,15,2.2,191.4,46.8
202109040508,15,2.8,238.4,43.6
202109040509,9,2.0,55.7,11.3
202109040510,16,3.9,246.0,52.4
202109040511,16,5.5,157.5,37.4
202109040512,16,4.3,217.9,49.0
202104050601,17,2.6,244.0,71.2
202104050602,15,3.0,221.8,42.8
202104050603,14,2.9,154.2,31.0
202104050604,9,1.9,62.8,13.3
202104050605,15,4.1,248.8,48.9
202104050606,12,3.6,84.8,23.6
202104050607,14,2.8,154.0,35.6
202104050608,13,3.4,134.3,28.0
202104050609,13,4.4,126.1,24.8
202104050610,16,3.4,192.2,48.0
202104050611,7,1.9,22.8,5.7
202104050612,14,4.5,166.4,32.8
202105040601,11,1.9,159.5,22.8
202105040602,14,2.2,203.5,38.6
202105040603,12,2.7,168.9,27.2
202105040604,16,2.4,202.4,60.6
202105040605,16,3.2,234.1,56.6
202105040606,8,2.0,43.7,10.1
202105040607,9,2.8,63.4,11.7
202105040608,16,3.7,247.4,46.3
202105040609,9,1.8,118.7,13.5
202105040610,11,2.0,90.2,22.8
202105040611,16,3.7,231.1,49.2
202105040612,12,3.3,90.9,24.9
202109040601,10,2.3,93.8,19.4
202109040602,10,1.7,88.2,18.7
202109040603,16,3.8,177.7,44.1
202109040604,14,4.4,167.4,30.8
202109040605,10,1.9,72.9,16.9
202109040606,12,2.6,126.1,25.7
202109040607,10,2.2,75.8,17.7
202109040608,15,3.3,219.7,43.1
202109040609,13,2.7,182.7,30.8
202109040610,14,2.5,183.5,37.0
202109040611,18,3.8,190.0,57.1
202109040612,16,5.1,216.0,45.5
202104050701,14,2.5,150.2,35.0
202104050702,12,3.2,124.4,22.7
202104050703,15,2.5,225.4,55.0
202104050704,10,2.7,96.4,14.8
202104050705,18,3.2,236.6,69.2
202104050706,12,2.9,113.6,24.1
202104050707,13,2.2,154.1,32.8
202104050708,18,3.7,214.5,61.4
202104050709,12,2.3,84.4,25.0
202104050710,13,3.6,73.3,26.5
202104050711,9,2.0,59.0,13.1
202104050712,16,4.2,244.1,44.3
202105040701,12,2.0,137.4,29.7
202105040702,16,2.5,241.9,74.2
202105040703,9,1.5,83.9,20.3
202105040704,14,3.1,142.1,36.5
202105040705,12,2.3,120.9,26.3
202105040706,16,4.4,253.5,50.0
202105040707,14,2.5,210.7,41.8
202105040708,9,1.6,81.6,15.4
202105040709,14,3.7,142.6,31.0
202105040710,16,3.1,257.5,59.5
202105040711,11,2.8,93.0,18.3
202105040712,16,4.5,223.3,42.5
202109040701,10,2.1,82.3,15.2
202109040702,10,2.0,122.1,18.1
202109040703,15,3.2,231.2,45.9
202109040704,16,3.7,197.6,46.6
202109040705,12,3.0,62.7,22.8
202109040706,13,5.2,133.0,26.3
202109040707,7,1.5,25.4,6.7
202109040708,11,3.6,81.0,18.2
202109040709,6,1.3,31.2,4.7
202109040710,16,2.6,177.8,53.3
202109040711,18,4.2,168.0,51.9
202109040712,10,3.0,112.3,14.6
202104050801,15,2.2,207.3,49.2
202104050802,11,2.7,96.1,19.6
202104050803,15,3.1,169.9,43.2
202104050804,14,2.8,140.8,35.4
202104050805,18,5.5,277.6,59.2
202104050806,15,5.2,137.7,32.7
202104050807,18,5.2,264.9,58.7
202104050808,14,3.1,156.6,34.5
202104050809,14,3.4,174.1,32.2
202104050810,18,6.3,238.7,52.6
202104050811,18,4.4,237.9,58.7
202104050812,15,2.9,224.1,43.3
202105040801,15,2.3,246.8,53.1
202105040802,11,2.8,138.3,23.5
202105040803,12,2.6,133.6,28.8
202105040804,16,3.4,248.0,50.0
202105040805,11,2.5,98.5,21.0
202105040806,17,5.6,205.7,44.3
202105040807,13,3.0,127.3,29.0
202105040808,8,1.7,52.7,10.6
202105040809,8,1.4,53.2,9.6
202105040810,16,7.3,204.1,41.4
202105040811,16,2.1,195.7,64.6
202105040812,16,4.1,256.8,53.0
202109040801,12,2.3,92.5,25.4
202109040802,10,2.4,90.3,17.8
202109040803,12,2.2,128.5,24.6
202109040804,16,2.6,166.9,54.0
202109040805,14,2.5,134.6,37.8
202109040806,16,3.3,197.1,46.7
202109040807,12,2.3,65.2,27.8
202109040808,11,2.2,76.1,23.0
202109040809,11,3.4,115.6,20.3
202109040810,16,2.9,169.4,50.1
202109040811,15,2.9,178.9,45.1
202109040812,13,4.6,124.6,28.7
202103020101,16,2.6,239.8,56.9
202103020102,16,3.3,227.8,55.3
202103020103,15,4.0,183.3,39.4
202103020104,12,2.5,129.4,27.3
202103020105,10,2.6,75.5,15.9
202103020106,13,2.4,156.2,32.8
202103020107,16,5.2,269.6,45.8
202103020108,16,6.0,186.8,37.8
202103020109,12,3.4,97.2,23.8
202103020110,16,2.8,232.9,53.3
202103020111,15,3.0,205.0,42.6
202103020112,16,2.8,203.5,48.4
202105050101,15,1.8,208.7,64.2
202105050102,13,2.8,164.9,31.3
202105050103,13,2.0,189.4,35.3
202105050104,10,1.6,130.3,22.0
202105050105,9,1.8,135.4,15.7
202105050106,13,1.9,188.2,34.6
202105050107,13,3.3,80.8,28.4
202105050108,15,2.6,186.7,41.3
202105050109,18,2.6,238.6,72.3
202105050110,9,1.8,61.3,13.0
202105050111,14,4.3,191.6,29.8
202105050112,16,3.0,242.2,51.8
202109050101,11,1.9,96.2,24.5
202109050102,11,2.9,124.9,24.8
202109050103,17,2.3,211.9,69.5
202109050104,12,2.8,137.2,25.3
202109050105,9,2.3,44.4,10.9
202109050106,12,2.2,135.0,27.3
202109050107,15,2.7,190.1,47.9
202109050108,13,2.6,117.4,30.7
202109050109,9,2.7,60.6,10.6
202109050110,16,3.7,215.5,46.2
202109050111,10,1.9,81.6,17.0
202109050112,16,4.0,198.6,43.6
202103020201,15,2.4,172.6,45.5
202103020202,16,3.4,212.6,45.8
202103020203,15,3.1,231.0,45.1
202103020204,11,3.2,73.5,18.0
202103020205,16,2.0,227.9,74.6
202103020206,16,3.7,239.2,47.0
202103020207,13,3.0,146.8,27.8
202103020208,16,3.1,237.7,54.2
202103020209,16,3.3,205.4,51.3
202103020210,16,3.0,233.9,47.7
202103020211,16,3.7,214.4,44.6
202103020212,16,4.3,178.5,41.6
202105050201,14,2.3,202.4,41.7
202105050202,18,3.1,263.3,76.0
202105050203,10,1.5,95.6,20.6
202105050204,10,2.3,83.6,16.1
202105050205,12,2.5,89.7,25.6
202105050206,13,2.8,128.9,29.7
202105050207,16,2.8,227.6,55.4
202105050208,9,2.1,82.3,13.0
202105050209,8,1.9,130.5,13.3
202105050210,15,2.7,182.4,47.6
202105050211,15,4.3,148.3,35.0
202105050212,14,4.1,169.3,30.8
202109050201,9,2.0,61.6,16.4
202109050202,12,2.4,92.7,25.9
202109050203,13,2.5,175.6,31.8
202109050204,12,2.9,94.2,24.4
202109050205,7,1.6,43.6,8.3
202109050206,11,2.6,65.8,23.6
202109050207,13,2.9,139.4,31.9
202109050208,14,9.3,119.1,24.8
202109050209,13,3.0,133.4,27.5
202109050210,14,2.4,195.2,35.8
202109050211,16,3.3,233.0,49.0
202109050212,9,1.8,43.0,11.8
202103020301,16,2.3,220.1,61.2
202103020302,15,2.8,228.3,51.4
202103020303,16,4.7,258.1,58.5
202103020304,16,2.7,205.0,51.0
202103020305,14,3.1,186.2,33.5
202103020306,16,4.0,186.9,47.1
202103020307,16,2.7,226.9,58.0
202103020308,15,4.6,143.4,33.8
202103020309,15,3.0,244.0,49.1
202103020310,14,3.5,175.0,32.0
202103020311,15,5.2,169.1,32.4
202103020312,16,4.8,207.7,42.0
202105050301,13,2.1,195.0,33.6
202105050302,18,5.0,196.1,55.4
202105050303,16,3.3,263.0,51.5
202105050304,15,2.1,213.0,54.2
202105050305,13,3.6,178.2,28.9
202105050306,10,2.4,77.6,17.2
202105050307,13,3.4,165.6,28.4
202105050308,11,3.4,98.7,20.5
202105050309,16,3.6,233.7,42.0
202105050310,18,4.3,239.0,57.5
202105050311,16,4.2,184.2,42.7
202105050312,16,2.2,242.1,52.8
202109050301,10,1.7,85.7,21.2
202109050302,15,2.1,189.8,52.0
202109050303,16,3.2,237.0,50.2
202109050304,10,2.3,72.9,15.1
202109050305,12,2.7,115.6,27.2
202109050306,10,2.3,74.2,14.9
202109050307,15,2.7,151.4,41.9
202109050308,13,2.3,156.7,31.1
202109050309,11,3.2,115.2,18.3
202109050310,16,3.8,241.5,53.9
202109050311,7,1.9,39.4,6.8
202109050312,13,2.8,132.3,29.5
202103020401,15,3.1,164.7,42.7
202103020402,15,3.8,244.7,40.4
202103020403,15,3.7,227.6,35.3
202103020404,11,2.2,115.8,21.2
202103020405,10,1.9,72.4,21.0
202103020406,13,2.9,113.4,28.8
202103020407,16,4.8,266.0,42.1
202103020408,16,5.7,190.8,35.4
202103020409,16,4.0,211.2,43.9
202103020410,16,3.2,227.5,46.9
202103020411,16,5.1,138.4,38.0
202103020412,15,3.8,215.0,38.7
202105050401,13,3.5,189.5,31.8
202105050402,14,2.5,196.7,44.6
202105050403,15,2.6,242.4,51.0
202105050404,14,4.2,213.5,33.4
202105050405,9,2.5,63.8,12.6
202105050406,11,3.1,97.7,21.2
202105050407,14,3.9,200.2,33.1
202105050408,10,1.8,119.0,16.6
202105050409,14,2.7,146.7,34.0
202105050410,8,3.7,65.3,6.0
202105050411,18,3.9,239.9,60.4
202105050412,16,2.6,210.3,54.9
202109050401,12,2.4,95.4,24.3
202109050402,11,2.0,120.3,25.9
202109050403,17,2.5,232.3,72.0
202109050404,12,3.0,159.8,27.7
202109050405,14,3.1,170.0,35.5
202109050406,9,2.4,64.3,12.1
202109050407,10,2.1,83.2,18.0
202109050408,8,2.1,27.0,9.0
202109050409,6,1.3,38.4,4.9
202109050410,16,2.9,182.0,54.9
202109050411,17,3.3,260.7,56.2
202109050412,15,2.9,222.3,41.0
202103020501,15,2.5,201.0,51.6
202103020502,15,2.8,165.7,42.0
202103020503,16,2.5,212.2,49.4
202103020504,16,3.1,230.1,52.5
202103020505,12,3.7,111.8,21.8
202103020506,15,4.6,251.4,34.7
202103020507,16,2.9,217.6,46.7
202103020508,16,3.9,231.7,49.8
202103020509,16,2.7,244.7,47.7
202103020510,16,3.1,210.5,49.2
202103020511,16,3.8,207.2,47.4
202103020512,16,4.2,140.3,44.9
202105050501,16,3.5,251.7,56.9
202105050502,14,3.8,238.0,39.2
202105050503,16,3.6,240.7,43.6
202105050504,16,3.7,257.3,60.7
202105050505,15,3.4,240.0,46.9
202105050506,9,2.7,69.8,12.6
202105050507,16,2.8,224.5,48.1
202105050508,13,3.4,193.7,30.9
202105050509,16,4.0,210.7,43.5
202105050510,17,5.2,198.0,46.7
202105050511,12,3.9,125.4,21.1
202105050512,18,4.6,290.5,67.9
202109050501,13,2.1,128.2,35.3
202109050502,15,3.7,215.1,42.1
202109050503,16,3.6,207.1,41.2
202109050504,18,2.8,230.5,64.4
202109050505,15,2.9,233.0,39.4
202109050506,13,4.3,116.5,27.0
202109050507,10,3.5,41.5,13.5
202109050508,18,3.5,242.4,62.9
202109050509,8,1.9,60.2,11.0
202109050510,11,2.3,111.7,20.0
202109050511,16,3.3,144.6,51.6
202109050512,16,3.6,213.8,42.4
202103020601,16,3.8,243.2,43.8
202103020602,15,3.1,246.9,48.7
202103020603,16,2.8,196.5,47.0
202103020604,14,2.8,181.8,36.5
202103020605,11,2.1,95.6,21.4
202103020606,15,3.0,206.0,41.5
202103020607,16,3.3,205.6,57.9
202103020608,16,5.1,152.5,38.2
202103020609,16,2.9,222.1,51.3
202103020610,16,5.3,223.3,42.6
202103020611,15,2.9,182.1,45.1
202103020612,15,1.9,186.9,59.9
202105050601,16,3.2,260.4,61.6
202105050602,18,3.4,281.5,92.9
202105050603,15,3.1,252.6,44.5
202105050604,18,3.2,267.9,87.2
202105050605,16,2.1,242.0,60.2
202105050606,8,1.9,46.9,9.7
202105050607,16,4.8,173.4,38.8
202105050608,14,2.6,194.1,38.7
202105050609,9,2.5,56.1,10.8
202105050610,12,4.9,94.3,22.9
202105050611,16,3.2,223.0,43.5
202105050612,18,2.8,256.9,62.4
202109050601,11,1.6,62.0,28.2
202109050602,15,3.2,175.3,37.1
202109050603,11,2.4,87.8,19.5
202109050604,16,2.5,185.1,51.5
202109050605,8,1.8,82.4,10.8
202109050606,13,3.2,162.7,27.4
202109050607,16,3.3,214.5,49.9
202109050608,15,3.5,160.5,36.6
202109050609,11,2.1,124.8,24.8
202109050610,11,2.7,126.9,22.2
202109050611,16,2.5,247.0,51.9
202109050612,16,2.9,189.9,51.3
202105050701,16,3.5,273.0,56.6
202105050702,18,3.9,284.6,65.3
202105050703,12,1.7,142.1,31.0
202105050704,11,2.2,144.9,24.5
202105050705,16,1.8,225.1,73.8
202105050706,16,4.6,263.1,55.1
202105050707,11,2.2,151.6,23.6
202105050708,16,3.6,238.7,52.3
202105050709,15,3.0,235.1,52.0
202105050710,16,2.0,223.9,62.0
202105050711,17,3.9,227.6,62.3
202105050712,18,3.3,241.5,76.3
202109050701,10,1.6,94.8,20.6
202109050702,16,2.4,194.3,62.2
202109050703,18,2.9,238.3,73.9
202109050704,18,2.7,197.2,61.5
202109050705,13,3.7,149.9,29.7
202109050706,8,1.5,37.7,11.0
202109050707,12,4.4,151.6,20.1
202109050708,16,3.6,211.6,45.2
202109050709,7,1.4,39.1,6.9
202109050710,16,3.4,208.8,52.2
202109050711,10,3.1,68.4,14.0
202109050712,16,3.6,223.6,44.6
202105050801,16,2.8,258.3,85.4
202105050802,18,2.1,236.2,127.6
202105050803,16,1.7,201.8,73.7
202105050804,14,2.9,200.5,39.4
202105050805,16,2.9,241.6,61.5
202105050806,9,1.5,89.2,16.9
202105050807,16,3.2,254.8,49.3
202105050808,8,2.7,57.2,10.2
202105050809,14,2.9,128.9,34.9
202105050810,16,2.6,212.0,49.3
202105050811,16,6.3,201.3,42.1
202105050812,18,2.5,224.2,69.2
202109050801,14,4.4,144.9,30.1
202109050802,16,3.3,226.7,55.5
202109050803,14,3.1,154.4,37.4
202109050804,11,2.3,93.1,21.5
202109050805,8,1.6,41.5,10.3
202109050806,8,2.3,25.7,9.8
202109050807,15,2.1,202.8,50.1
202109050808,16,5.3,261.1,49.3
202109050809,8,2.0,52.1,10.3
202109050810,11,2.5,139.9,21.4
202109050811,16,3.4,210.1,42.3
202109050812,16,3.6,142.5,41.8
202106050101,16,2.2,240.6,74.0
202106050102,16,3.0,247.6,52.1
202106050103,15,2.7,237.7,48.4
202106050104,12,1.9,92.9,27.3
202106050105,16,3.8,262.0,52.2
202106050106,15,1.9,228.9,55.9
202106050107,16,3.9,244.7,54.0
202106050108,13,3.2,136.2,28.8
202106050109,15,3.6,245.4,40.7
202106050110,16,2.2,227.9,51.8
202106050111,13,7.5,130.7,24.9
202106050112,16,2.3,217.1,49.2
202107060101,12,2.6,128.8,27.0
202107060102,12,3.0,119.5,24.8
202107060103,16,2.7,198.3,54.8
202107060104,16,2.8,207.8,50.7
202107060105,16,2.2,193.2,54.1
202107060106,14,3.2,178.1,38.4
202107060107,18,3.9,212.3,56.9
202107060108,16,3.2,180.1,43.9
202107060109,16,3.3,217.3,50.1
202107060110,16,2.8,205.7,53.4
202107060111,18,3.6,245.4,57.3
202107060112,18,3.0,246.5,60.0
202109060101,9,1.4,66.9,15.4
202109060102,11,1.7,122.9,23.1
202109060103,9,1.6,82.0,18.4
202109060104,12,2.4,116.8,26.3
202109060105,11,2.2,80.1,21.4
202109060106,10,2.3,47.0,16.3
202109060107,13,2.7,191.6,35.7
202109060108,11,3.3,141.4,24.8
202109060109,9,1.6,73.5,15.1
202109060110,16,2.4,204.7,50.6
202109060111,11,1.9,118.9,25.5
202109060112,14,3.1,136.7,32.0
202106050201,16,2.6,248.3,72.2
202106050202,16,3.1,202.4,54.9
202106050203,16,3.3,268.6,62.7
202106050204,16,2.8,243.0,55.0
202106050205,8,1.8,57.7,10.2
202106050206,11,2.1,73.3,22.7
202106050207,16,3.2,184.2,46.7
202106050208,16,2.4,225.9,63.1
202106050209,15,5.0,254.3,39.1
202106050210,16,4.8,253.7,51.5
202106050211,16,3.9,233.8,42.3
202106050212,8,2.0,40.9,9.7
202107060201,9,1.9,78.7,12.4
202107060202,16,4.0,186.8,42.3
202107060203,16,3.0,228.7,55.9
202107060204,18,4.3,285.9,69.2
202107060205,6,1.5,15.4,4.4
202107060206,16,5.9,231.7,37.5
202107060207,14,2.3,188.1,43.2
202107060208,18,4.5,254.0,56.5
202107060209,9,2.6,55.8,11.2
202107060210,13,3.0,136.2,28.2
202107060211,16,3.7,241.7,51.6
202107060212,16,2.6,242.5,58.2
202109060201,15,2.3,212.5,54.5
202109060202,12,1.7,130.2,33.3
202109060203,10,2.8,91.8,14.4
202109060204,10,2.1,99.2,17.3
202109060205,14,2.3,142.1,39.7
202109060206,10,3.2,70.6,16.0
202109060207,14,1.8,153.1,42.4
202109060208,10,2.8,70.8,15.3
202109060209,8,2.2,63.4,10.5
202109060210,8,1.8,41.4,10.4
202109060211,16,2.9,194.6,51.5
202109060212,14,4.0,159.7,30.5
202106050301,16,2.9,249.9,60.6
202106050302,14,3.0,216.9,44.3
202106050303,15,3.1,244.7,56.0
202106050304,16,4.6,261.8,48.2
202106050305,12,2.6,112.5,26.2
202106050306,7,2.2,23.1,5.8
202106050307,16,3.3,248.1,47.2
202106050308,16,2.1,183.9,58.5
202106050309,10,2.2,130.6,18.5
202106050310,16,3.9,236.1,59.2
202106050311,16,2.8,216.0,46.5
202106050312,10,2.9,116.6,13.5
202107060301,12,2.9,140.1,27.4
202107060302,16,3.5,222.7,48.4
202107060303,15,1.9,175.6,50.4
202107060304,16,4.2,239.3,43.1
202107060305,13,2.8,198.8,29.5
202107060306,13,4.4,173.9,29.4
202107060307,16,3.5,239.9,65.1
202107060308,18,3.4,258.4,68.5
202107060309,18,2.4,252.7,85.4
202107060310,16,3.7,253.6,46.2
202107060311,18,5.9,242.3,56.6
202107060312,15,3.8,192.7,39.9
202109060301,10,2.0,75.9,14.2
202109060302,16,4.0,235.3,50.9
202109060303,13,2.1,133.3,34.5
202109060304,14,4.9,177.5,32.2
202109060305,12,3.1,148.9,27.2
202109060306,13,3.9,110.5,26.9
202109060307,10,2.5,64.3,15.8
202109060308,16,2.5,175.8,56.8
202109060309,11,2.6,92.2,18.5
202109060310,9,2.2,65.2,12.9
202109060311,12,2.6,137.3,27.8
202109060312,13,2.5,132.4,30.6
202106050401,16,2.6,217.9,62.4
202106050402,15,5.0,217.0,40.2
202106050403,16,2.6,241.1,63.7
202106050404,10,1.9,88.9,16.5
202106050405,16,3.1,248.8,51.0
202106050406,17,2.6,244.9,69.2
202106050407,10,2.7,85.9,15.6
202106050408,16,2.8,200.5,49.1
202106050409,16,3.4,226.0,53.1
202106050410,13,3.2,152.4,29.4
202106050411,16,4.6,202.4,46.1
202106050412,13,3.4,165.6,29.6
202107060401,14,2.3,170.7,44.4
202107060402,16,2.5,195.0,52.2
202107060403,16,2.8,218.0,46.1
202107060404,18,3.5,244.6,59.9
202107060405,16,3.5,245.2,51.8
202107060406,13,2.6,117.0,28.6
202107060407,16,3.5,212.5,53.7
202107060408,13,2.9,181.1,32.1
202107060409,16,5.0,196.9,40.3
202107060410,12,3.3,86.4,21.4
202107060411,18,3.0,220.9,67.3
202107060412,12,3.9,78.4,20.9
202109060401,8,2.4,39.6,9.0
202109060402,12,2.4,122.4,27.8
202109060403,12,2.7,138.6,28.4
202109060404,10,3.8,72.7,13.4
202109060405,17,3.9,246.0,52.9
202109060406,14,4.3,116.4,30.0
202109060407,11,1.8,110.5,27.0
202109060408,13,3.3,142.3,30.0
202109060409,12,3.2,147.4,26.4
202109060410,14,3.7,194.9,37.2
202109060411,18,2.6,250.7,95.8
202109060412,16,2.9,215.0,50.7
202106050501,16,2.1,224.4,68.9
202106050502,16,3.0,213.6,56.1
202106050503,16,2.0,235.4,75.5
202106050504,16,4.0,255.1,52.1
202106050505,13,2.6,185.2,30.8
202106050506,14,2.7,197.6,40.3
202106050507,18,3.0,265.3,68.9
202106050508,16,4.5,263.5,51.0
202106050509,10,4.0,99.5,20.0
202106050510,16,2.3,217.4,57.4
202106050511,16,5.3,258.1,41.9
202106050512,14,2.6,191.5,38.1
202107060501,16,3.0,218.9,50.3
202107060502,14,3.3,169.8,33.9
202107060503,16,5.9,236.2,45.4
202107060504,15,4.4,181.4,35.7
202107060505,9,2.2,45.8,13.8
202107060506,16,3.0,240.5,62.6
202107060507,18,4.0,216.7,55.7
202107060508,12,2.8,130.7,26.6
202107060509,18,3.5,230.4,59.4
202107060510,9,2.1,70.3,12.9
202107060511,17,4.4,237.1,51.8
202107060512,16,2.3,199.1,60.3
202109060501,12,2.5,121.6,26.2
202109060502,14,2.5,143.5,35.9
202109060503,16,2.6,225.3,57.3
202109060504,10,2.1,112.6,15.3
202109060505,18,4.2,218.8,57.3
202109060506,11,2.1,116.7,25.0
202109060507,10,2.0,69.5,17.9
202109060508,11,2.1,160.4,25.2
202109060509,14,3.2,173.4,33.5
202109060510,9,1.7,70.0,15.1
202109060511,15,2.9,156.0,39.1
202109060512,13,3.0,85.5,29.5
202106050601,16,2.9,261.3,76.7
202106050602,16,2.7,259.2,62.9
202106050603,16,4.1,240.1,43.2
202106050604,11,1.8,113.9,24.3
202106050605,16,3.1,260.1,56.5
202106050606,16,5.1,274.6,54.0
202106050607,16,3.5,225.0,53.9
202106050608,16,2.6,244.3,61.3
202106050609,16,2.7,238.4,60.4
202106050610,14,3.5,167.8,32.3
202106050611,16,3.5,231.4,53.1
202106050612,13,2.3,207.2,38.8
202107060601,12,3.0,119.2,26.1
202107060602,16,3.3,204.5,47.9
202107060603,13,2.9,129.8,34.6
202107060604,18,5.9,243.6,54.4
202107060605,18,3.1,224.6,69.3
202107060606,16,6.8,155.7,37.2
202107060607,13,2.8,155.7,31.1
202107060608,16,2.6,204.9,48.7
202107060609,18,4.0,219.3,59.2
202107060610,16,4.6,202.0,39.9
202107060611,15,2.8,202.4,42.2
202107060612,12,2.8,157.8,26.1
202109060601,12,2.0,92.5,28.9
202109060602,16,3.3,227.0,48.7
202109060603,14,2.5,168.3,39.2
202109060604,18,3.4,223.5,60.8
202109060605,10,2.1,56.1,14.6
202109060606,7,1.5,26.2,7.7
202109060607,17,6.5,273.4,48.1
202109060608,10,2.0,70.4,17.1
202109060609,16,4.3,234.7,43.4
202109060610,15,4.7,196.9,35.5
202109060611,15,2.5,233.3,47.9
202109060612,16,2.9,196.6,52.6
202106050701,16,2.7,249.7,56.5
202106050702,16,3.1,250.4,62.3
202106050703,16,2.2,236.9,62.0
202106050704,13,1.9,177.1,42.5
202106050705,16,2.7,262.7,66.3
202106050706,15,4.2,236.3,40.6
202106050707,16,4.6,169.8,42.2
202106050708,16,2.5,249.2,70.5
202106050709,16,3.0,242.4,55.5
202106050710,14,2.1,177.1,40.4
202106050711,10,2.5,80.6,13.8
202106050712,16,3.8,251.3,52.7
202109060701,10,2.1,123.1,17.1
202109060702,16,3.8,170.2,44.2
202109060703,16,2.9,201.0,40.3
202109060704,18,4.0,260.1,61.5
202109060705,14,2.6,161.9,37.8
202109060706,16,3.0,232.1,54.2
202109060707,9,2.0,64.9,12.6
202109060708,16,2.4,149.5,56.1
202109060709,11,4.3,77.7,17.1
202109060710,11,1.7,134.4,25.1
202109060711,18,4.3,250.9,62.5
202109060712,16,2.9,175.3,46.4
202106050801,16,2.2,224.1,72.1
202106050802,14,1.7,150.0,53.8
202106050803,16,2.5,215.8,52.5
202106050804,18,2.6,253.8,69.7
202106050805,16,2.5,220.1,59.7
202106050806,16,2.9,238.5,56.4
202106050807,16,3.1,210.8,51.7
202106050808,16,2.7,248.8,55.1
202106050809,16,3.4,180.6,51.2
202106050810,16,3.5,255.4,52.1
202106050811,16,2.5,163.1,50.2
202106050812,16,3.6,216.9,46.0
202109060801,16,2.2,193.5,60.8
202109060802,16,2.5,222.9,60.5
202109060803,13,2.0,125.7,35.7
202109060804,16,2.7,203.0,53.6
202109060805,14,2.5,175.2,37.9
202109060806,18,3.6,192.5,66.6
202109060807,15,2.5,207.9,44.6
202109060808,18,4.7,248.3,54.1
202109060809,13,2.1,141.9,30.0
202109060810,10,2.8,64.5,15.2
202109060811,16,3.4,213.0,46.4
202109060812,15,2.9,200.1,40.8
202106050901,16,4.3,257.5,45.9
202106050902,16,3.8,257.3,56.2
202106050903,15,1.8,221.5,65.9
202106050904,16,2.2,221.7,59.9
202106050905,8,2.1,40.3,9.2
202106050906,14,2.6,210.1,41.1
202106050907,16,2.7,227.0,57.2
202106050908,16,3.4,236.4,52.4
202106050909,16,3.1,255.9,52.5
202106050910,16,2.7,252.7,42.0
202106050911,15,3.2,176.0,37.1
202106050912,12,3.0,160.9,24.9
202109060901,12,2.0,132.5,28.0
202109060902,16,2.5,216.3,57.8
202109060903,16,2.4,213.7,61.4
202109060904,14,2.7,145.4,37.6
202109060905,17,2.6,207.9,64.6
202109060906,16,4.0,173.4,42.4
202109060907,13,3.5,116.0,27.4
202109060908,14,2.9,96.9,35.7
202109060909,13,2.5,127.0,29.4
202109060910,10,2.4,52.8,15.0
202109060911,16,3.3,200.1,42.2
202109060912,16,3.8,180.1,40.6
202206010101,16,7.8,283.6,52.8
202206010102,16,2.6,239.1,60.1
202206010103,15,2.1,206.8,55.6
202206010104,11,2.3,70.3,19.9
202206010105,9,1.8,82.4,13.3
202206010106,16,2.7,232.5,52.0
202206010107,16,3.2,205.6,47.9
202206010108,16,4.3,227.6,41.6
202206010109,10,3.6,52.8,12.8
202206010110,9,2.0,94.4,12.8
202206010111,17,3.4,160.3,51.7
202206010112,10,1.9,67.0,16.0
202207010101,14,2.3,179.6,41.0
202207010102,15,2.0,141.9,50.8
202207010103,14,3.6,170.2,34.0
202207010104,8,1.9,42.5,11.0
202207010105,14,3.1,143.0,31.9
202207010106,10,2.3,70.1,14.6
202207010107,14,3.5,137.3,32.4
202207010108,10,1.7,67.7,19.8
202207010109,16,3.9,256.9,42.1
202207010110,13,3.0,118.7,28.5
202207010111,16,3.0,226.1,45.7
202207010112,16,2.9,181.3,52.1
202206010201,16,3.1,244.1,55.1
202206010202,16,3.7,177.8,43.2
202206010203,15,3.3,259.7,53.6
202206010204,16,3.2,209.8,51.0
202206010205,15,2.3,186.9,50.7
202206010206,16,2.7,266.1,59.8
202206010207,16,2.9,236.5,60.0
202206010208,14,2.6,158.2,36.5
202206010209,16,3.4,220.3,45.6
202206010210,16,3.8,261.7,58.7
202206010211,16,5.1,198.1,42.2
202206010212,11,2.2,86.0,20.6
202207010201,16,2.1,164.9,62.9
202207010202,15,2.9,221.0,45.4
202207010203,14,3.4,160.3,34.0
202207010204,15,3.2,180.4,48.2
202207010205,17,3.2,215.0,58.0
202207010206,16,2.2,149.8,66.9
202207010207,14,2.3,143.2,39.8
202207010208,15,2.9,139.3,45.1
202207010209,14,3.0,156.2,33.3
202207010210,10,2.1,81.4,16.1
202207010211,16,3.7,218.1,48.0
202207010212,16,3.3,172.3,42.4
202206010301,16,2.7,252.0,61.0
202206010302,16,2.7,245.5,60.0
202206010303,16,3.5,264.0,64.2
202206010304,13,2.1,183.8,34.9
202206010305,16,3.5,243.5,49.9
202206010306,14,3.9,189.6,31.7
202206010307,16,6.8,272.8,47.6
202206010308,15,3.8,208.4,40.2
202206010309,12,3.2,127.5,24.2
202206010310,13,2.9,152.8,28.8
202206010311,16,5.5,150.6,38.8
202206010312,14,3.1,203.9,36.1
202207010301,15,1.9,182.0,54.4
202207010302,16,2.8,186.4,50.6
202207010303,15,2.9,165.5,44.9
202207010304,16,4.2,239.7,44.5
202207010305,16,4.9,217.4,45.3
202207010306,11,2.4,99.2,20.9
202207010307,14,2.2,165.8,40.5
202207010308,13,2.8,133.0,28.3
202207010309,15,3.0,229.6,43.9
202207010310,16,3.5,172.5,49.0
202207010311,15,3.5,181.7,41.7
202207010312,16,3.7,163.6,43.1
202206010401,16,3.0,251.5,61.5
202206010402,16,3.4,243.0,57.6
202206010403,15,2.1,247.0,59.7
202206010404,16,3.0,255.9,62.9
202206010405,17,4.1,279.2,80.7
202206010406,11,2.1,92.3,21.3
202206010407,16,2.4,239.2,60.2
202206010408,16,2.9,250.7,58.8
202206010409,14,2.8,182.2,31.6
202206010410,15,3.3,201.7,41.9
202206010411,16,3.8,240.8,51.8
202206010412,16,3.4,999.9,52.2
202207010401,16,3.1,159.7,54.3
202207010402,10,1.6,78.1,16.7
202207010403,15,3.0,237.9,43.3
202207010404,15,2.7,215.3,50.6
202207010405,17,3.0,199.4,60.2
202207010406,10,2.7,57.7,13.6
202207010407,11,1.9,112.0,25.2
202207010408,10,2.0,60.4,14.2
202207010409,11,1.9,65.0,22.4
202207010410,10,2.7,78.6,18.1
202207010411,17,4.5,233.7,50.0
202207010412,15,2.8,236.6,45.7
202206010501,16,3.5,272.8,60.7
202206010502,16,2.3,228.1,61.3
202206010503,16,2.3,242.9,71.8
202206010504,8,1.9,50.3,10.3
202206010505,13,1.9,172.0,44.2
202206010506,10,2.5,74.8,15.8
202206010507,16,2.8,250.6,57.1
202206010508,15,2.5,218.3,50.0
202206010509,11,2.0,168.7,25.3
202206010510,12,2.6,112.1,27.3
202206010511,16,3.2,259.5,53.2
202206010512,11,2.7,126.3,21.6
202207010501,10,2.1,83.3,15.7
202207010502,13,2.6,176.6,40.1
202207010503,9,2.3,117.8,16.9
202207010504,16,4.5,235.9,46.6
202207010505,18,3.2,246.7,68.9
202207010506,12,4.1,116.8,25.8
202207010507,11,3.7,99.4,17.6
202207010508,12,2.0,152.4,28.8
202207010509,10,1.7,62.9,13.9
202207010510,9,2.0,46.7,13.4
202207010511,16,4.1,206.8,45.4
202207010512,15,3.6,191.0,39.0
202210010101,9,2.0,66.8,13.0
202210010102,18,3.5,271.0,62.3
202210010103,14,2.5,148.7,35.0
202210010104,12,2.6,110.3,26.9
202210010105,9,1.8,81.4,19.0
202210010106,14,6.0,178.3,32.1
202210010107,13,3.3,118.9,29.7
202210010108,16,3.7,233.3,54.6
202210010109,10,2.0,62.7,16.5
202210010110,10,2.4,61.2,14.4
202210010111,12,3.2,142.6,23.1
202210010112,18,4.8,247.2,55.4
202206010601,16,3.8,267.0,64.6
202206010602,15,2.5,212.5,47.4
202206010603,16,4.2,256.7,52.4
202206010604,14,2.0,145.7,39.2
202206010605,16,4.2,224.0,43.7
202206010606,16,2.7,217.7,49.2
202206010607,16,3.8,226.7,45.1
202206010608,12,2.6,122.4,25.5
202206010609,16,3.4,198.3,46.1
202206010610,16,6.6,190.5,35.6
202206010611,16,2.8,211.2,51.7
202206010612,14,2.6,183.6,33.8
202207010601,14,3.4,147.0,33.1
202207010602,9,1.5,55.7,18.3
202207010603,12,2.3,91.3,27.5
202207010604,14,3.4,197.0,33.1
202207010605,11,1.8,133.9,25.6
202207010606,10,2.2,67.4,15.4
202207010607,14,2.8,150.7,39.3
202207010608,5,1.1,18.2,3.2
202207010609,14,2.9,166.3,33.9
202207010610,16,3.0,213.0,49.6
202207010611,16,2.6,165.8,55.5
202207010612,15,3.3,198.2,39.3
202210010201,9,2.4,35.4,11.4
202210010202,18,3.7,256.0,62.6
202210010203,13,3.2,135.3,28.1
202210010204,11,2.6,121.4,21.5
202210010205,16,3.5,172.6,43.6
202210010206,15,3.2,209.1,40.4
202210010207,12,3.5,96.2,26.0
202210010208,15,3.1,184.8,39.5
202210010209,14,3.0,171.6,31.7
202210010210,13,2.7,169.9,33.5
202210010211,15,3.4,209.1,42.4
202210010212,12,2.9,91.1,25.8
202206010701,16,2.4,248.9,72.3
202206010702,13,2.5,207.2,30.9
202206010703,16,2.3,247.0,68.9
202206010704,16,3.0,250.5,53.4
202206010705,16,2.9,240.6,62.3
202206010706,14,2.3,201.1,37.0
202206010707,16,2.4,157.2,55.6
202206010708,14,2.5,204.2,36.0
202206010709,7,1.3,68.8,7.3
202206010710,13,2.4,126.4,34.9
202206010711,11,2.9,110.2,20.3
202206010712,11,4.4,122.9,16.2
202207010701,11,1.8,89.9,21.2
202207010702,16,2.1,183.4,66.2
202207010703,14,3.1,144.0,37.1
202207010704,8,2.7,70.4,10.8
202207010705,7,1.8,30.2,7.3
202207010706,15,5.3,212.7,36.9
202207010707,9,1.6,47.3,13.4
202207010708,9,2.0,63.6,12.3
202207010709,10,3.0,52.5,13.5
202207010710,7,1.6,33.5,7.7
202207010711,7,2.1,36.8,5.9
202207010712,13,2.5,133.0,29.7
202210010301,13,2.2,131.4,33.7
202210010302,16,2.6,226.2,48.3
202210010303,14,3.2,169.5,39.1
202210010304,12,3.7,77.6,20.6
202210010305,11,1.9,81.8,24.5
202210010306,14,2.6,152.7,40.4
202210010307,16,5.9,138.7,35.0
202210010308,11,2.9,74.9,16.8
202210010309,13,4.2,95.1,24.4
202210010310,15,3.8,219.7,41.6
202210010311,16,6.2,194.2,39.2
202210010312,18,3.6,186.2,54.7
202206010801,16,3.5,269.9,72.0
202206010802,13,1.8,174.8,42.3
202206010803,11,1.6,155.7,26.0
202206010804,16,2.3,194.2,56.3
202206010805,11,1.8,114.5,25.6
202206010806,13,2.9,152.7,28.7
202206010807,10,1.7,117.8,23.5
202206010808,16,3.3,261.6,51.9
202206010809,11,3.1,130.8,23.7
202206010810,12,3.1,150.2,25.2
202206010811,14,2.5,178.8,39.7
202206010812,9,2.1,72.2,12.4
202207010801,11,2.2,94.6,22.4
202207010802,14,3.4,152.7,31.2
202207010803,13,2.8,144.6,28.5
202207010804,11,2.4,63.7,20.1
202207010805,9,1.9,39.3,12.2
202207010806,16,2.3,173.0,60.7
202207010807,13,2.6,139.2,31.0
202207010808,12,2.4,86.5,26.6
202207010809,9,1.8,74.6,12.5
202207010810,12,2.5,113.4,24.3
202207010811,16,3.6,221.8,46.2
202207010812,16,3.2,184.9,48.6
202210010401,14,2.5,145.5,35.0
202210010402,16,7.3,244.6,41.0
202210010403,13,2.5,141.8,28.5
202210010404,12,2.2,96.7,29.9
202210010405,16,5.1,187.6,39.6
202210010406,18,3.2,258.3,72.0
202210010407,14,3.2,171.8,33.3
202210010408,16,4.3,246.1,48.0
202210010409,16,7.1,215.3,36.7
202210010410,12,3.9,89.8,20.4
202210010411,14,4.9,139.7,30.1
202210010412,15,2.3,156.1,48.2
202205010101,16,5.6,266.6,53.3
202205010102,16,2.2,245.4,67.2
202205010103,16,3.6,266.2,59.0
202205010104,16,3.6,170.0,40.7
202205010105,16,2.2,216.4,62.5
202205010106,16,3.6,273.0,59.2
202205010107,16,3.2,263.9,68.5
202205010108,16,2.2,178.3,66.6
202205010109,14,4.1,215.3,30.1
202205010110,10,2.3,114.4,16.8
202205010111,14,3.8,185.9,33.8
202205010112,15,2.2,227.7,54.5
202207010901,11,2.0,144.4,23.5
202207010902,16,2.3,208.4,78.1
202207010903,11,2.2,83.8,17.0
202207010904,14,2.9,194.0,38.0
202207010905,11,2.1,85.9,18.4
202207010906,12,3.2,119.5,22.5
202207010907,11,2.2,125.5,20.5
202207010908,9,2.0,72.1,12.2
202207010909,11,2.6,84.1,21.0
202207010910,10,1.8,78.6,17.9
202207010911,16,5.5,239.8,50.2
202207010912,13,1.9,118.2,37.3
202210010501,13,3.1,188.8,28.3
202210010502,12,3.9,113.9,23.9
202210010503,13,3.3,124.5,29.9
202210010504,9,1.9,71.6,17.1
202210010505,13,3.3,139.1,29.0
202210010506,16,3.2,208.6,49.9
202210010507,16,6.2,194.8,38.9
202210010508,14,3.2,123.4,33.8
202210010509,12,2.1,99.8,27.8
202210010510,14,5.7,165.3,30.4
202210010511,18,3.3,262.6,61.1
202210010512,17,3.7,231.3,54.0
202205010201,16,4.0,273.8,70.5
202205010202,13,2.8,161.2,32.9
202205010203,16,3.9,243.6,44.6
202205010204,16,1.9,213.0,70.5
202205010205,16,3.1,248.8,58.3
202205010206,16,2.3,186.1,55.7
202205010207,12,3.8,131.0,24.0
202205010208,16,2.3,224.0,59.5
202205010209,8,1.6,52.3,10.3
202205010210,8,1.8,60.9,10.5
202205010211,16,4.0,229.0,51.6
202205010212,8,1.4,38.8,11.1
202207011001,16,2.1,238.1,70.1
202207011002,11,1.8,93.7,24.3
202207011003,16,1.8,200.7,65.3
202207011004,12,2.3,99.2,25.8
202207011005,13,2.3,141.2,31.7
202207011006,18,3.1,247.6,73.8
202207011007,9,2.0,51.2,12.0
202207011008,11,2.5,94.4,20.9
202207011009,10,2.2,51.7,13.8
202207011010,11,2.3,98.9,25.2
202207011011,18,4.9,258.3,57.8
202207011012,16,3.6,213.9,46.5
202210010601,14,3.6,186.1,39.8
202210010602,16,3.3,224.8,51.8
202210010603,13,4.4,92.2,26.6
202210010604,12,2.5,90.4,25.5
202210010605,18,5.1,234.4,57.4
202210010606,14,2.1,159.8,39.4
202210010607,16,6.0,260.0,48.7
202210010608,12,4.5,95.9,21.4
202210010609,10,2.1,58.4,16.4
202210010610,13,2.7,155.8,30.0
202210010611,18,4.0,247.6,57.5
202210010612,14,3.1,127.3,31.6
202205010301,16,3.3,229.6,48.8
202205010302,16,2.6,217.4,52.8
202205010303,16,2.5,248.1,59.5
202205010304,16,2.6,217.5,53.5
202205010305,15,2.4,228.1,57.1
202205010306,16,2.2,243.4,61.8
202205010307,16,4.5,265.4,45.2
202205010308,16,5.7,262.1,43.9
202205010309,16,3.2,257.4,53.5
202205010310,16,3.2,220.3,47.9
202205010311,14,3.2,156.7,34.1
202205010312,16,4.1,237.9,45.8
202207011101,12,2.0,130.0,25.6
202207011102,16,2.3,194.4,54.1
202207011103,13,3.1,119.4,27.0
202207011104,15,2.3,187.6,47.9
202207011105,13,2.8,150.2,32.9
202207011106,16,3.0,186.0,51.4
202207011107,11,2.0,86.9,23.3
202207011108,12,2.4,117.8,27.0
202207011109,7,1.3,45.9,8.0
202207011110,10,3.0,71.1,15.1
202207011111,16,3.2,218.4,52.3
202207011112,16,5.0,154.9,42.7
202210010701,12,3.4,148.5,26.1
202210010702,18,5.2,250.4,54.6
202210010703,14,2.9,140.6,34.9
202210010704,10,2.5,52.7,17.8
202210010705,8,1.7,54.3,11.4
202210010706,14,3.2,147.5,31.2
202210010707,12,4.0,88.0,21.7
202210010708,9,1.8,77.5,14.9
202210010709,18,5.0,257.8,57.0
202210010710,8,2.1,50.5,9.2
202210010711,10,2.4,85.6,15.9
202210010712,18,4.8,224.8,48.5
202205010401,16,4.4,212.9,45.2
202205010402,14,2.7,147.0,36.2
202205010403,16,3.4,262.4,59.7
202205010404,16,3.0,160.4,53.1
202205010405,16,2.9,211.9,54.3
202205010406,16,2.7,226.4,63.2
202205010407,16,4.1,253.5,46.4
202205010408,11,2.2,137.0,27.4
202205010409,10,2.1,94.0,16.1
202205010410,16,2.6,195.8,58.8
202205010411,15,3.0,137.1,37.4
202205010412,16,3.7,221.3,49.6
202207011201,16,2.1,210.8,63.2
202207011202,12,1.6,82.6,44.6
202207011203,16,2.6,228.3,63.6
202207011204,11,3.4,61.6,15.6
202207011205,10,2.5,110.7,14.4
202207011206,16,3.2,227.4,52.5
202207011207,11,1.8,98.8,22.9
202207011208,11,2.0,111.6,23.0
202207011209,10,2.3,74.8,14.3
202207011210,14,3.0,146.6,34.3
202207011211,11,3.3,95.3,18.0
202207011212,16,2.5,235.2,63.8
202210010801,16,4.8,254.2,54.3
202210010802,16,3.1,228.8,57.8
202210010803,14,3.5,146.0,30.0
202210010804,10,3.0,47.6,12.2
202210010805,16,5.2,179.2,35.7
202210010806,18,2.4,220.5,63.8
202210010807,16,2.8,234.6,47.9
202210010808,11,4.3,88.7,17.6
202210010809,16,4.4,179.4,40.8
202210010810,16,4.5,212.2,47.2
202210010811,12,2.6,119.5,25.9
202210010812,18,5.0,256.4,64.3
202205010501,16,3.7,269.3,56.8
202205010502,16,2.2,236.5,65.4
202205010503,16,2.3,186.4,52.2
202205010504,16,2.6,234.2,59.9
202205010505,16,3.5,259.3,55.7
202205010506,16,2.7,232.9,54.6
202205010507,14,3.0,205.5,36.5
202205010508,15,3.4,177.5,39.4
202205010509,10,2.1,70.3,14.4
202205010510,13,2.0,183.5,34.4
202205010511,16,4.4,215.6,38.6
202205010512,16,2.7,193.3,56.6
202209010101,12,1.9,148.1,28.7
202209010102,10,1.7,73.6,20.6
202209010103,10,2.0,82.1,16.8
202209010104,16,2.1,190.4,61.6
202209010105,13,2.4,133.5,31.5
202209010106,16,3.9,225.1,49.7
202209010107,8,2.0,56.4,10.6
202209010108,16,2.6,216.3,57.7
202209010109,8,1.8,51.8,11.6
202209010110,8,1.7,48.2,9.5
202209010111,17,4.1,258.9,51.7
202209010112,11,1.6,71.0,31.1
202210020101,10,1.7,82.2,19.9
202210020102,18,3.4,270.8,61.4
202210020103,14,3.9,146.9,31.1
202210020104,14,3.1,154.2,31.0
202210020105,10,3.4,82.2,16.7
202210020106,15,3.2,199.0,39.3
202210020107,10,2.6,75.5,14.1
202210020108,11,4.9,68.2,14.7
202210020109,10,1.9,56.9,16.7
202210020110,18,7.8,241.7,49.4
202210020111,13,3.6,113.2,26.6
202210020112,18,3.9,215.1,65.4
202205010601,16,3.1,254.0,71.3
202205010602,16,1.8,222.4,64.8
202205010603,16,2.3,213.4,55.6
202205010604,16,4.2,263.3,49.4
202205010605,16,2.3,232.2,60.3
202205010606,10,1.9,76.3,17.1
202205010607,16,2.5,225.9,54.5
202205010608,16,3.1,234.0,57.9
202205010609,15,2.5,228.6,44.8
202205010610,16,4.5,202.8,43.2
202205010611,11,3.2,116.7,19.2
202205010612,16,5.0,260.4,43.3
202209010201,13,3.2,163.0,30.9
202209010202,12,1.8,133.9,27.7
202209010203,14,2.4,152.8,42.4
202209010204,16,2.4,228.5,64.1
202209010205,13,2.2,146.5,32.9
202209010206,10,1.9,97.4,19.5
202209010207,9,2.1,81.3,14.6
202209010208,6,1.9,8.4,4.6
202209010209,16,4.1,145.3,38.0
202209010210,13,2.4,137.7,31.2
202209010211,13,4.0,95.2,27.0
202209010212,16,4.2,220.4,41.5
202210020201,14,3.0,190.1,37.9
202210020202,18,3.9,265.9,67.5
202210020203,8,2.0,36.9,10.4
202210020204,11,3.5,113.3,20.0
202210020205,11,2.9,97.5,19.3
202210020206,18,4.6,233.6,54.8
202210020207,15,5.4,211.8,38.4
202210020208,14,3.9,95.3,30.5
202210020209,8,2.7,20.1,7.6
202210020210,13,2.7,128.7,29.1
202210020211,18,5.8,243.6,58.1
202210020212,15,3.2,223.4,41.6
202205010701,16,2.5,254.8,63.0
202205010702,16,3.6,235.8,51.1
202205010703,16,3.0,218.3,60.6
202205010704,16,4.5,272.3,49.3
202205010705,17,3.7,268.7,66.9
202205010706,16,2.0,215.2,66.7
202205010707,15,2.7,230.1,47.6
202205010708,16,3.2,182.6,56.7
202205010709,9,2.0,66.1,11.6
202205010710,16,3.0,239.9,57.9
202205010711,14,3.3,129.2,30.5
202205010712,16,3.2,261.5,57.4
202209010301,14,4.0,178.9,31.3
202209010302,15,1.9,205.9,57.3
202209010303,9,2.2,82.0,11.9
202209010304,13,2.0,136.3,34.9
202209010305,16,3.1,204.3,55.9
202209010306,16,3.1,220.1,48.3
202209010307,12,3.6,118.5,23.3
202209010308,12,2.7,126.3,26.0
202209010309,7,1.7,30.1,6.1
202209010310,16,2.5,228.2,51.6
202209010311,18,6.1,255.4,56.0
202209010312,16,2.4,222.1,59.5
202210020301,16,4.6,231.4,44.9
202210020302,18,4.5,254.1,64.1
202210020303,14,2.2,168.7,44.0
202210020304,12,4.1,123.5,21.7
202210020305,9,2.4,81.8,13.7
202210020306,13,3.4,162.9,28.4
202210020307,16,2.6,225.8,61.9
202210020308,11,3.2,135.7,20.0
202210020309,12,3.8,125.5,23.6
202210020310,16,2.7,162.7,49.6
202210020311,18,3.4,259.0,69.5
202210020312,16,2.7,215.6,53.9
202205010801,16,3.4,218.9,48.4
202205010802,16,2.1,229.4,68.5
202205010803,16,2.9,232.9,54.6
202205010804,16,2.1,242.2,55.5
202205010805,15,1.6,218.5,62.6
202205010806,16,2.3,212.0,53.7
202205010807,16,4.5,254.1,46.5
202205010808,16,4.0,204.9,45.8
202205010809,14,4.3,150.3,30.5
202205010810,11,2.5,126.5,24.9
202205010811,16,4.4,212.9,41.0
202205010812,16,2.6,187.5,52.9
202209010401,9,1.9,48.1,17.1
202209010402,15,2.2,159.9,45.2
202209010403,12,3.1,131.3,25.1
202209010404,16,2.1,204.5,60.5
202209010405,14,2.7,145.9,32.0
202209010406,13,4.9,153.7,30.7
202209010407,14,4.3,160.9,31.7
202209010408,16,2.8,185.5,48.0
202209010409,9,1.7,50.0,10.9
202209010410,9,1.9,89.6,13.1
202209010411,16,2.9,220.1,55.1
202209010412,14,3.1,158.5,32.2
202210020401,16,2.0,218.0,61.6
202210020402,15,2.4,219.7,49.0
202210020403,14,2.5,160.8,37.4
202210020404,11,2.5,95.5,21.5
202210020405,18,2.9,248.8,73.4
202210020406,16,2.4,230.6,50.9
202210020407,16,5.7,165.6,36.1
202210020408,13,3.5,148.0,29.7
202210020409,16,4.6,252.1,51.7
202210020410,14,4.2,99.2,29.9
202210020411,16,4.9,197.6,40.7
202210020412,18,3.2,999.9,84.6
202206020101,16,3.9,251.6,50.9
202206020102,16,2.7,251.0,71.6
202206020103,16,2.4,222.2,67.9
202206020104,16,2.5,253.7,69.8
202206020105,16,2.6,219.1,53.8
202206020106,18,3.6,275.5,76.4
202206020107,10,2.0,75.4,16.3
202206020108,16,5.2,226.5,44.4
202206020109,9,1.7,68.5,12.0
202206020110,12,2.9,165.9,27.2
202206020111,11,2.5,113.9,21.9
202206020112,16,3.3,229.4,50.0
202209010501,16,1.8,179.5,67.8
202209010502,15,1.9,199.7,54.6
202209010503,13,2.7,142.7,32.7
202209010504,18,4.2,271.6,77.8
202209010505,16,3.3,176.4,54.1
202209010506,11,2.2,67.0,22.5
202209010507,16,2.2,174.2,58.3
202209010508,9,2.2,90.8,12.7
202209010509,16,5.3,251.1,47.9
202209010510,8,3.1,61.8,9.5
202209010511,16,4.4,208.6,46.6
202209010512,9,1.8,74.7,14.4
202210020501,16,2.8,254.9,60.1
202210020502,18,3.1,210.0,64.9
202210020503,14,2.7,159.9,37.6
202210020504,12,2.2,124.3,31.0
202210020505,16,3.7,229.8,48.3
202210020506,12,2.1,96.0,24.9
202210020507,15,3.4,235.0,40.3
202210020508,12,2.7,76.4,25.8
202210020509,18,4.3,242.1,60.2
202210020510,16,4.6,239.2,43.3
202210020511,12,2.4,76.3,25.9
202210020512,16,5.3,246.1,50.1
202206020201,16,2.9,256.2,67.6
202206020202,16,4.1,999.9,61.2
202206020203,15,2.7,223.5,52.4
202206020204,16,2.4,241.1,60.5
202206020205,18,4.0,272.6,71.8
202206020206,16,4.1,260.8,60.7
202206020207,10,2.6,90.8,17.1
202206020208,16,3.1,248.9,56.4
202206020209,9,2.0,78.5,12.5
202206020210,16,4.7,202.7,41.4
202206020211,16,3.4,202.1,47.0
202206020212,15,2.1,218.5,45.0
202209010601,16,2.5,236.9,63.6
202209010602,15,3.3,238.4,48.7
202209010603,13,5.0,98.3,28.3
202209010604,14,1.9,175.7,48.4
202209010605,12,2.1,118.0,25.1
202209010606,16,2.5,223.8,55.3
202209010607,11,2.0,64.6,22.1
202209010608,14,3.4,134.0,30.2
202209010609,10,2.3,90.8,16.3
202209010610,13,3.5,126.5,28.7
202209010611,14,3.8,182.1,29.7
202209010612,16,3.0,225.1,55.5
202210020601,16,2.3,218.1,68.0
202210020602,16,4.0,168.6,41.8
202210020603,14,3.0,178.7,34.7
202210020604,12,3.7,120.1,23.7
202210020605,18,2.9,252.9,62.6
202210020606,13,2.7,166.9,30.2
202210020607,16,4.5,212.2,47.6
202210020608,18,4.8,214.7,53.9
202210020609,16,5.6,189.1,35.8
202210020610,12,3.3,121.5,23.4
202210020611,18,3.7,195.2,53.1
202210020612,16,3.0,206.9,53.7
202206020301,16,2.2,195.2,56.5
202206020302,16,3.5,249.5,55.6
202206020303,16,2.9,246.0,56.0
202206020304,9,1.9,119.0,16.1
202206020305,16,2.4,238.8,73.2
202206020306,16,2.6,183.9,51.0
202206020307,16,3.9,235.2,50.6
202206020308,16,2.8,245.5,57.5
202206020309,8,1.6,66.5,10.3
202206020310,16,3.7,210.4,42.7
202206020311,15,5.1,170.7,33.6
202206020312,14,2.3,133.2,38.6
202209010701,14,4.8,155.0,32.6
202209010702,16,4.0,225.4,44.6
202209010703,16,2.9,249.8,55.8
202209010704,16,4.2,187.3,43.3
202209010705,18,3.5,243.8,68.6
202209010706,12,2.1,86.8,25.1
202209010707,10,2.2,61.2,15.0
202209010708,11,2.5,134.0,24.4
202209010709,9,1.8,70.3,12.5
202209010710,16,2.9,209.3,53.9
202209010711,15,2.7,184.6,43.6
202209010712,9,2.7,72.6,12.1
202206020401,16,1.8,222.0,68.5
202206020402,16,2.7,248.2,71.7
202206020403,16,2.8,999.9,54.1
202206020404,16,2.9,249.7,64.7
202206020405,16,2.3,238.1,68.3
202206020406,10,2.7,91.1,15.3
202206020407,16,3.9,225.9,47.3
202206020408,10,1.6,117.3,18.6
202206020409,16,4.4,193.3,49.4
202206020410,14,2.9,155.7,35.4
202206020411,11,3.5,78.8,19.3
202206020412,16,3.7,243.2,49.2
202209010801,16,3.0,217.0,56.0
202209010802,14,2.5,177.7,38.9
202209010803,16,2.1,165.4,63.6
202209010804,7,1.4,44.1,6.7
202209010805,15,3.9,194.5,39.2
202209010806,8,2.7,32.5,8.6
202209010807,17,5.2,240.9,51.3
202209010808,16,3.8,156.0,42.4
202209010809,7,1.4,25.3,7.2
202209010810,11,2.7,131.5,17.5
202209010811,12,2.7,86.7,23.4
202209010812,16,2.5,200.2,52.6
202206020501,16,1.8,195.6,72.6
202206020502,16,3.5,238.8,60.0
202206020503,15,2.3,240.5,46.9
202206020504,16,6.1,230.9,42.5
202206020505,16,2.7,255.0,62.6
202206020506,14,2.4,211.5,40.5
202206020507,13,5.9,114.2,20.6
202206020508,16,3.4,232.9,49.5
202206020509,16,2.8,228.9,47.9
202206020510,16,3.8,188.7,45.2
202206020511,16,4.5,165.4,40.6
202206020512,16,3.1,199.5,47.4
202207020101,16,2.0,200.2,60.1
202207020102,13,4.0,111.6,26.5
202207020103,18,3.1,240.7,67.1
202207020104,15,5.4,155.7,32.0
202207020105,14,2.6,164.0,36.0
202207020106,16,3.5,170.8,47.3
202207020107,16,9.5,223.8,35.4
202207020108,15,3.7,180.6,38.1
202207020109,16,2.6,212.8,50.5
202207020110,16,2.8,190.1,47.4
202207020111,16,3.2,179.5,49.9
202207020112,18,4.9,237.8,59.4
202209010901,9,1.7,80.6,14.3
202209010902,16,5.7,170.8,35.7
202209010903,8,1.3,43.4,11.8
202209010904,11,1.9,90.4,22.0
202209010905,16,2.8,182.3,50.6
202209010906,9,1.7,68.2,14.6
202209010907,16,2.9,188.9,48.6
202209010908,11,1.8,97.0,27.2
202209010909,8,2.7,46.0,10.0
202209010910,16,2.7,220.1,50.4
202209010911,16,4.8,231.9,41.8
202209010912,13,2.6,83.0,32.3
202206020601,15,2.6,231.4,49.7
202206020602,16,3.2,249.8,55.0
202206020603,15,5.6,258.9,39.2
202206020604,6,1.7,17.5,4.7
202206020605,17,2.4,243.7,78.0
202206020606,16,3.4,248.5,53.6
202206020607,16,3.3,214.8,45.5
202206020608,10,3.3,120.4,16.4
202206020609,16,4.1,206.6,40.3
202206020610,14,3.5,186.2,30.4
202206020611,14,3.1,133.3,34.2
202206020612,16,3.2,219.3,51.9
202207020201,16,2.9,234.7,58.7
202207020202,12,1.8,93.8,33.9
202207020203,16,4.3,236.9,43.7
202207020204,10,2.0,131.5,19.3
202207020205,18,3.3,236.4,64.5
202207020206,11,2.5,131.9,20.9
202207020207,16,4.9,212.9,45.7
202207020208,10,2.9,80.2,14.6
202207020209,10,2.3,57.7,13.6
202207020210,10,2.5,76.9,18.3
202207020211,13,3.9,115.5,28.2
202207020212,16,4.7,227.1,42.8
202209011001,15,2.3,197.0,50.0
202209011002,11,3.5,78.1,16.9
202209011003,16,2.6,223.2,65.7
202209011004,18,3.2,244.0,71.6
202209011005,13,2.2,119.9,33.5
202209011006,12,2.6,70.6,27.4
202209011007,10,2.3,67.9,17.2
202209011008,12,2.9,90.1,24.0
202209011009,12,2.5,137.5,28.1
202209011010,16,3.3,214.3,45.6
202209011011,15,3.4,193.0,38.1
202209011012,15,2.7,165.8,41.2
202207020301,12,1.7,112.5,31.5
202207020302,16,3.3,228.1,49.8
202207020303,16,4.2,233.4,49.7
202207020304,18,4.4,228.9,56.5
202207020305,16,3.2,207.2,52.6
202207020306,16,6.7,256.4,37.5
202207020307,14,4.4,196.1,34.1
202207020308,15,2.6,192.0,46.4
202207020309,16,2.8,177.6,55.5
202207020310,16,5.1,193.8,42.7
202207020311,18,4.3,241.1,56.2
202207020312,16,2.6,202.5,51.4
202209011101,16,3.1,216.6,51.8
202209011102,16,3.2,205.9,50.2
202209011103,16,3.7,221.7,44.8
202209011104,9,2.0,68.5,13.8
202209011105,16,2.1,176.3,61.8
202209011106,16,3.8,180.6,42.7
202209011107,10,2.8,52.2,14.4
202209011108,8,1.5,48.6,9.9
202209011109,9,2.2,43.7,11.3
202209011110,13,2.6,128.2,29.9
202209011111,10,2.8,90.6,15.0
202209011112,16,3.3,168.3,46.4
202206020701,16,4.4,270.4,67.1
202206020702,16,2.1,240.8,60.2
202206020703,16,2.8,249.2,52.5
202206020704,16,2.0,243.0,59.7
202206020705,18,2.0,999.9,86.7
202206020706,16,3.5,229.6,50.0
202206020707,16,4.2,259.1,48.9
202206020708,14,2.8,167.4,34.8
202206020709,16,3.2,233.1,49.7
202206020710,16,4.9,239.6,46.6
202206020711,13,4.3,168.5,29.7
202206020712,15,3.0,208.9,42.8
202209011201,15,2.3,176.7,52.2
202209011202,16,3.6,227.9,48.3
202209011203,15,2.5,180.8,39.1
202209011204,10,2.2,77.4,15.7
202209011205,18,2.8,241.3,66.0
202209011206,9,2.4,38.0,10.5
202209011207,7,1.5,49.2,7.7
202209011208,16,5.2,244.7,47.5
202209011209,9,1.6,68.9,14.8
202209011210,16,2.3,155.0,55.4
202209011211,13,2.0,165.0,36.4
202209011212,16,4.3,179.6,43.3
202206020801,16,2.6,252.0,58.3
202206020802,16,3.6,254.0,62.0
202206020803,16,1.9,223.9,75.2
202206020804,13,2.2,174.9,35.2
202206020805,17,2.7,216.6,69.7
202206020806,13,2.6,143.0,30.9
202206020807,14,2.8,134.9,30.0
202206020808,16,3.3,249.6,52.2
202206020809,10,2.2,75.9,19.0
202206020810,16,3.3,223.0,54.2
202206020811,12,3.4,126.0,26.3
202206020812,12,2.1,114.8,27.5
202207020401,16,4.9,236.9,38.2
202207020402,14,2.8,154.8,33.7
202207020403,16,3.0,217.1,50.8
202207020404,16,3.8,229.6,50.8
202207020405,17,4.9,195.7,45.7
202207020406,11,1.9,64.8,24.0
202207020407,16,2.4,205.3,56.7
202207020408,10,2.2,87.3,15.7
202207020409,10,2.3,63.1,14.9
202207020410,12,2.6,124.8,27.3
202207020411,16,3.7,189.7,42.5
202207020412,16,3.4,241.3,50.0
202206030101,16,2.0,245.8,57.2
202206030102,16,2.2,202.0,62.4
202206030103,16,4.0,241.1,40.5
202206030104,16,3.1,220.6,56.4
202206030105,13,2.6,192.4,33.1
202206030106,12,2.7,152.0,27.8
202206030107,11,2.1,169.8,22.9
202206030108,11,3.4,140.9,18.6
202206030109,16,3.7,141.9,40.1
202206030110,8,1.7,50.2,10.3
202206030111,15,3.4,179.7,39.5
202206030112,16,3.6,199.4,46.2
202207020501,16,3.5,214.5,49.1
202207020502,15,2.6,224.0,47.6
202207020503,14,3.0,131.7,33.8
202207020504,18,2.2,219.2,79.2
202207020505,14,2.9,149.7,35.4
202207020506,15,3.2,214.1,41.6
202207020507,13,5.1,175.5,27.4
202207020508,16,3.0,201.7,52.1
202207020509,14,3.3,175.3,34.9
202207020510,9,2.1,41.4,12.1
202207020511,14,2.3,131.3,36.3
202207020512,11,2.9,82.8,20.8
202209020101,16,2.7,225.6,60.6
202209020102,13,2.5,165.3,30.1
202209020103,16,2.4,206.9,62.9
202209020104,12,2.0,124.2,27.3
202209020105,15,2.8,189.9,43.1
202209020106,9,2.1,69.2,13.0
202209020107,8,1.9,51.0,9.8
202209020108,13,4.3,141.8,29.2
202209020109,7,1.7,33.0,7.0
202209020110,10,2.0,93.0,15.9
202209020111,10,2.5,99.7,18.5
202209020112,13,2.7,132.2,28.9
202206030201,16,3.0,212.5,53.4
202206030202,16,3.0,245.5,69.9
202206030203,16,2.4,196.5,64.2
202206030204,16,3.7,248.5,53.6
202206030205,15,4.1,233.7,38.0
202206030206,11,2.6,97.0,19.4
202206030207,15,2.8,224.0,42.8
202206030208,11,2.2,99.6,23.3
202206030209,8,2.2,79.2,11.7
202206030210,16,3.2,182.0,49.5
202206030211,16,5.1,196.1,43.6
202206030212,13,3.3,138.3,29.4
202207020601,15,2.4,181.4,48.0
202207020602,16,4.0,235.4,54.2
202207020603,16,2.4,155.3,61.0
202207020604,16,3.9,210.1,45.4
202207020605,17,3.7,243.0,62.6
202207020606,14,3.2,136.0,32.7
202207020607,16,4.0,250.3,45.7
202207020608,18,2.8,233.1,73.1
202207020609,8,2.2,35.4,8.8
202207020610,16,3.5,160.7,43.9
202207020611,18,2.8,248.9,69.8
202207020612,16,7.1,233.8,46.0
202209020201,16,3.6,168.7,57.1
202209020202,16,3.0,230.6,60.6
202209020203,12,2.8,121.6,25.3
202209020204,13,2.7,134.4,30.1
202209020205,16,2.2,172.8,52.5
202209020206,17,2.4,215.9,68.0
202209020207,11,1.8,69.5,21.1
202209020208,11,2.2,117.2,19.8
202209020209,8,1.6,57.8,10.5
202209020210,11,2.2,55.0,23.6
202209020211,18,3.0,245.8,77.0
202209020212,15,2.5,236.5,45.1
202206030301,16,2.4,239.2,62.4
202206030302,16,4.1,272.1,66.1
202206030303,12,3.4,153.4,27.0
202206030304,16,1.8,229.5,73.7
202206030305,18,2.8,267.8,72.5
202206030306,15,2.9,257.8,52.8
202206030307,12,1.8,132.2,29.1
202206030308,8,1.7,65.8,10.4
202206030309,14,2.5,115.8,35.3
202206030310,8,1.9,55.8,8.6
202206030311,16,6.6,201.9,43.3
202206030312,16,4.2,226.1,43.1
202209020301,16,2.0,173.0,61.9
202209020302,12,1.7,87.0,34.1
202209020303,16,2.9,191.9,49.5
202209020304,18,2.7,216.0,78.0
202209020305,13,5.3,118.4,24.4
202209020306,17,3.3,259.4,62.1
202209020307,14,3.2,130.2,32.6
202209020308,14,4.4,118.4,28.9
202209020309,8,1.7,57.9,10.8
202209020310,14,2.3,158.6,39.6
202209020311,16,3.7,134.1,47.0
202209020312,14,3.7,126.1,30.6
202206030401,12,2.0,140.5,28.8
202206030402,16,2.4,228.6,59.7
202206030403,13,2.4,189.1,32.9
202206030404,12,1.9,151.8,29.9
202206030405,18,1.8,221.6,87.7
202206030406,16,6.5,182.5,39.6
202206030407,16,4.2,234.5,44.1
202206030408,13,2.7,202.7,36.4
202206030409,9,2.1,95.0,12.8
202206030410,10,1.6,84.0,14.4
202206030411,9,1.5,117.8,15.7
202206030412,16,3.9,221.6,47.4
202209020401,12,1.7,124.2,33.9
202209020402,16,3.0,210.0,52.1
202209020403,14,3.3,158.5,32.5
202209020404,18,2.3,180.6,67.0
202209020405,13,2.2,171.2,31.9
202209020406,12,3.5,123.3,27.2
202209020407,16,3.5,188.1,46.1
202209020408,16,3.0,164.0,54.7
202209020409,9,2.1,52.2,14.2
202209020410,15,3.4,168.1,38.6
202209020411,16,1.6,191.7,69.9
202209020412,16,2.7,208.8,51.2
202206030501,16,3.5,257.4,60.6
202206030502,15,5.6,229.8,36.8
202206030503,16,2.1,231.0,75.7
202206030504,16,2.0,222.9,68.0
202206030505,18,2.9,233.5,69.4
202206030506,16,2.2,235.0,58.6
202206030507,14,3.8,213.8,34.3
202206030508,15,2.2,212.9,50.1
202206030509,16,3.3,236.2,49.7
202206030510,16,3.2,245.0,49.9
202206030511,11,2.4,173.0,16.6
202206030512,11,2.9,90.1,18.6
202209020501,16,2.1,187.6,63.9
202209020502,16,2.4,227.1,63.0
202209020503,16,2.4,214.6,53.4
202209020504,16,2.4,190.9,57.0
202209020505,11,1.8,73.2,26.0
202209020506,16,3.2,211.4,52.7
202209020507,10,2.1,80.4,16.0
202209020508,16,2.7,174.3,50.2
202209020509,10,2.3,78.4,14.0
202209020510,11,1.8,128.5,30.1
202209020511,12,2.8,157.3,28.0
202209020512,16,4.0,227.8,42.3
202206030601,16,3.2,233.0,55.8
202206030602,16,2.5,243.5,62.2
202206030603,16,3.6,263.6,55.2
202206030604,18,2.5,263.2,84.4
202206030605,16,5.2,241.0,46.8
202206030606,9,2.0,96.7,13.4
202206030607,13,2.2,173.6,33.3
202206030608,16,3.5,210.1,52.6
202206030609,12,3.1,152.1,21.5
202206030610,16,3.2,264.8,56.5
202206030611,16,4.3,237.6,43.2
202206030612,16,3.3,234.7,55.9
202209020601,16,3.0,202.0,50.1
202209020602,16,3.8,220.6,46.3
202209020603,16,2.1,210.2,67.6
202209020604,18,5.5,239.5,57.2
202209020605,16,3.6,151.1,45.6
202209020606,9,2.6,49.2,13.0
202209020607,11,2.1,72.7,21.1
202209020608,13,4.3,154.2,28.0
202209020609,8,2.5,52.9,9.2
202209020610,10,2.7,136.7,17.4
202209020611,18,2.6,246.0,64.7
202209020612,16,5.1,237.1,44.1
202203010101,15,3.7,158.3,39.2
202203010102,16,2.5,234.0,66.7
202203010103,16,3.2,234.4,48.2
202203010104,16,4.3,192.7,50.1
202203010105,16,2.3,228.8,60.2
202203010106,16,3.2,151.7,47.7
202203010107,16,2.3,188.9,54.9
202203010108,16,5.1,244.5,40.1
202203010109,15,4.1,173.1,38.3
202203010110,12,3.0,120.2,26.9
202203010111,16,2.9,216.8,47.2
202203010112,15,2.4,153.7,47.3
202206030701,16,3.8,269.8,67.9
202206030702,13,3.1,215.6,34.3
202206030703,16,2.6,235.5,67.5
202206030704,13,1.9,171.1,41.8
202206030705,16,2.2,245.4,64.7
202206030706,16,4.2,238.7,48.2
202206030707,11,2.7,85.6,17.3
202206030708,16,5.9,235.6,47.9
202206030709,9,1.6,54.8,19.0
202206030710,12,2.8,143.0,27.1
202206030711,9,1.7,88.7,14.5
202206030712,16,4.6,159.7,42.0
202209020701,16,2.9,220.9,56.6
202209020702,16,2.2,210.0,69.5
202209020703,16,2.0,222.0,63.6
202209020704,16,2.9,227.7,60.0
202209020705,16,2.5,214.5,53.1
202209020706,16,2.4,216.0,59.5
202209020707,11,2.2,94.0,22.9
202209020708,12,2.3,134.2,27.7
202209020709,11,2.3,97.1,21.7
202209020710,16,3.1,204.4,39.5
202209020711,18,4.2,219.3,53.7
202209020712,12,2.2,148.1,31.6
202203010201,16,3.3,208.1,48.7
202203010202,16,3.4,241.2,45.0
202203010203,15,4.8,228.5,35.7
202203010204,13,2.9,173.3,29.0
202203010205,14,2.9,178.9,33.9
202203010206,15,2.6,156.4,47.3
202203010207,16,4.2,217.7,44.3
202203010208,15,2.5,226.5,52.6
202203010209,16,2.9,178.9,48.2
202203010210,16,4.7,174.4,39.1
202203010211,16,4.2,230.5,44.3
202203010212,16,4.3,192.0,44.2
202206030801,16,2.7,231.6,66.0
202206030802,16,3.6,271.7,61.7
202206030803,16,2.4,254.7,65.2
202206030804,18,3.2,223.5,68.8
202206030805,13,2.4,170.4,32.4
202206030806,16,3.8,262.4,51.1
202206030807,12,2.2,174.7,30.1
202206030808,14,2.5,197.9,35.1
202206030809,12,2.7,121.8,22.4
202206030810,16,6.7,214.1,43.0
202206030811,18,3.8,273.3,72.2
202206030812,13,3.3,148.5,28.3
202209020801,16,2.0,186.0,66.5
202209020802,16,3.5,261.5,58.5
202209020803,18,4.5,257.5,65.7
202209020804,18,4.1,238.9,58.6
202209020805,16,6.2,126.6,34.8
202209020806,8,1.7,53.7,10.7
202209020807,15,3.0,172.1,42.4
202209020808,15,2.9,231.1,50.9
202209020809,9,1.6,67.5,18.8
202209020810,13,2.7,159.8,28.8
202209020811,16,3.3,236.3,46.9
202209020812,15,3.3,169.3,36.0
202203010301,16,2.5,241.0,60.6
202203010302,16,3.4,198.9,56.7
202203010303,15,2.3,162.8,45.9
202203010304,14,2.0,161.4,42.1
202203010305,14,4.0,168.5,31.0
202203010306,15,2.7,222.8,43.4
202203010307,16,2.6,216.1,57.8
202203010308,13,3.1,125.2,31.2
202203010309,10,2.3,41.7,15.6
202203010310,15,6.3,185.3,36.5
202203010311,16,4.8,201.4,43.9
202203010312,12,3.7,132.4,24.7
202205020101,16,2.4,247.0,66.5
202205020102,16,2.1,219.5,63.1
202205020103,16,2.8,262.4,68.5
202205020104,16,1.9,222.9,64.3
202205020105,18,2.8,247.8,68.1
202205020106,16,4.0,222.6,46.3
202205020107,16,5.0,249.4,43.3
202205020108,14,2.8,185.9,44.3
202205020109,9,2.7,86.9,13.6
202205020110,18,5.0,280.4,63.4
202205020111,16,5.1,259.4,48.9
202205020112,16,5.1,209.4,41.2
202209020901,16,2.9,225.1,55.3
202209020902,12,1.5,120.2,37.8
202209020903,16,2.7,216.3,56.6
202209020904,10,1.6,73.5,22.9
202209020905,18,3.3,212.4,68.6
202209020906,15,2.7,184.6,44.7
202209020907,9,2.3,70.4,14.5
202209020908,15,3.9,199.2,41.1
202209020909,8,1.4,63.4,10.8
202209020910,8,2.0,58.4,10.5
202209020911,7,1.4,31.7,6.6
202209020912,10,2.0,84.1,17.3
202203010401,15,2.6,190.7,47.7
202203010402,16,3.0,190.4,57.0
202203010403,15,2.3,210.6,54.2
202203010404,14,2.8,178.7,36.1
202203010405,16,3.5,243.5,58.3
202203010406,16,5.3,143.9,37.9
202203010407,12,2.6,96.7,24.6
202203010408,15,2.6,185.0,44.5
202203010409,16,4.0,238.1,50.8
202203010410,16,5.5,214.6,40.1
202203010411,16,4.8,143.7,37.8
202203010412,12,3.5,99.0,21.4
202205020201,16,2.0,225.0,69.6
202205020202,16,2.1,239.5,67.5
202205020203,18,2.0,249.3,78.8
202205020204,17,1.9,236.5,78.8
202205020205,15,1.9,238.8,68.6
202205020206,16,2.8,237.4,58.6
202205020207,11,1.8,142.7,24.2
202205020208,12,2.2,164.3,30.0
202205020209,10,1.9,85.7,20.9
202205020210,16,2.6,204.1,53.8
202205020211,15,3.0,206.8,45.6
202205020212,16,3.8,221.9,49.3
202209021001,14,2.3,125.7,43.8
202209021002,16,2.1,194.2,68.5
202209021003,14,2.9,163.0,36.1
202209021004,18,2.5,239.3,68.8
202209021005,16,4.8,232.5,46.3
202209021006,15,2.1,193.6,58.3
202209021007,11,2.1,127.8,25.8
202209021008,14,3.8,177.2,38.1
202209021009,7,1.3,42.2,8.9
202209021010,15,3.0,227.8,48.6
202209021011,15,5.9,209.6,39.5
202209021012,16,3.2,180.3,48.4
202203010501,14,5.7,96.6,29.1
202203010502,15,2.2,206.9,46.9
202203010503,13,3.4,90.4,28.2
202203010504,13,2.5,155.9,31.0
202203010505,16,5.6,172.2,34.1
202203010506,16,2.6,221.8,55.5
202203010507,15,2.7,158.4,40.2
202203010508,10,2.8,63.3,14.3
202203010509,11,4.9,117.4,19.4
202203010510,12,2.9,118.1,24.0
202203010511,14,3.5,129.1,32.5
202203010512,12,2.8,133.6,26.4
202205020301,16,2.1,226.2,64.8
202205020302,16,2.9,258.0,60.1
202205020303,16,2.3,247.9,68.4
202205020304,13,1.8,120.9,38.3
202205020305,13,2.1,128.9,36.8
202205020306,11,2.2,117.3,18.7
202205020307,6,1.6,26.8,3.9
202205020308,14,2.2,158.6,39.0
202205020309,14,4.4,125.4,30.0
202205020310,18,2.5,242.7,72.1
202205020311,14,3.4,999.9,36.1
202205020312,14,4.3,201.8,34.2
202209021101,12,2.0,134.1,31.3
202209021102,16,3.6,220.8,47.6
202209021103,17,2.3,215.8,66.2
202209021104,16,3.8,208.3,44.8
202209021105,14,2.5,147.2,37.8
202209021106,7,1.4,34.5,7.0
202209021107,11,2.0,99.7,24.2
202209021108,16,4.1,144.1,39.6
202209021109,7,2.1,32.2,7.7
202209021110,16,2.5,186.4,58.8
202209021111,16,3.8,195.3,49.9
202209021112,11,3.6,131.5,21.9
202203010601,16,3.4,209.7,46.9
202203010602,13,2.2,119.5,36.0
202203010603,15,3.3,235.5,43.3
202203010604,14,4.5,164.9,31.3
202203010605,16,2.5,210.1,53.6
202203010606,13,2.4,147.3,33.3
202203010607,12,3.6,133.7,25.4
202203010608,9,1.9,42.3,12.2
202203010609,15,4.5,231.1,43.7
202203010610,15,2.6,999.9,56.6
202203010611,15,3.1,133.9,39.4
202203010612,10,2.6,59.2,13.8
202205020401,16,2.8,251.1,63.1
202205020402,16,4.4,175.6,40.1
202205020403,16,2.0,209.2,66.2
202205020404,18,5.9,289.4,52.0
202205020405,16,2.1,228.4,75.5
202205020406,10,2.5,132.6,17.4
202205020407,16,4.0,248.6,51.1
202205020408,10,2.6,113.0,15.9
202205020409,12,2.2,161.9,27.7
202205020410,16,3.9,241.8,56.6
202205020411,10,2.3,77.1,17.1
202205020412,16,2.8,232.7,49.1
202209021201,12,2.0,97.2,28.9
202209021202,16,3.2,206.6,50.7
202209021203,14,2.2,162.9,39.4
202209021204,12,1.8,123.8,32.1
202209021205,12,3.0,144.7,27.7
202209021206,8,2.2,31.3,10.3
202209021207,11,1.9,77.4,22.5
202209021208,8,1.7,70.1,10.6
202209021209,10,3.2,66.9,14.3
202209021210,11,2.3,128.5,23.7
202209021211,18,3.1,193.0,60.6
202209021212,16,3.0,206.4,48.8
202204010101,14,3.9,162.0,30.4
202204010102,13,2.9,146.8,31.0
202204010103,12,2.5,128.4,26.4
202204010104,10,2.5,93.8,14.7
202204010105,16,3.2,235.4,47.4
202204010106,16,3.9,179.9,43.7
202204010107,8,2.6,30.0,9.2
202204010108,12,3.6,130.6,23.6
202204010109,15,2.8,206.1,46.3
202204010110,13,2.8,152.4,29.7
202204010111,11,3.2,162.9,22.5
202204010112,16,4.8,188.9,35.9
202205020501,16,3.2,228.3,54.4
202205020502,16,2.0,237.8,64.8
202205020503,16,2.2,191.9,56.3
202205020504,18,2.9,273.0,97.6
202205020505,13,2.6,145.4,30.8
202205020506,13,3.0,94.7,28.9
202205020507,12,3.6,115.7,28.0
202205020508,16,1.9,207.4,65.7
202205020509,8,1.5,81.8,11.2
202205020510,16,3.7,202.9,49.3
202205020511,16,3.9,999.9,45.2
202205020512,9,1.9,83.5,14.2
202207030101,14,2.9,155.9,37.3
202207030102,10,1.7,80.2,19.3
202207030103,16,2.7,198.8,56.5
202207030104,8,1.5,76.7,11.5
202207030105,11,1.8,119.3,24.1
202207030106,9,1.6,56.2,11.0
202207030107,15,2.7,204.3,45.4
202207030108,10,2.4,86.8,17.0
202207030109,10,2.9,70.3,14.1
202207030110,8,1.7,58.6,10.5
202207030111,12,2.8,98.9,26.6
202207030112,10,2.5,72.0,15.9
202204010201,15,2.8,226.3,44.4
202204010202,16,4.2,234.1,45.1
202204010203,13,2.6,140.0,27.6
202204010204,11,2.2,111.6,19.7
202204010205,15,2.6,200.1,42.9
202204010206,12,2.5,99.3,26.1
202204010207,12,3.4,95.2,22.8
202204010208,12,3.7,89.9,25.5
202204010209,14,4.3,115.8,29.7
202204010210,16,2.8,225.9,46.3
202204010211,15,3.9,219.9,36.2
202204010212,15,2.0,185.7,50.0
202205020601,16,2.5,253.9,71.2
202205020602,16,2.1,235.3,60.4
202205020603,9,1.7,64.5,10.7
202205020604,15,2.7,194.7,45.5
202205020605,13,2.7,154.1,30.2
202205020606,16,3.3,258.4,60.6
202205020607,7,1.5,52.2,8.2
202205020608,16,3.4,224.3,47.8
202205020609,16,6.7,212.6,37.3
202205020610,10,1.8,124.7,18.4
202205020611,18,4.1,256.8,57.0
202205020612,16,3.8,213.0,47.0
202207030201,13,2.1,140.5,36.1
202207030202,16,2.8,197.5,53.3
202207030203,12,2.0,88.6,28.6
202207030204,12,2.1,122.7,25.8
202207030205,16,2.7,207.9,57.3
202207030206,12,2.7,150.8,25.8
202207030207,9,2.2,49.4,12.6
202207030208,9,2.2,89.3,14.5
202207030209,14,3.4,190.7,34.5
202207030210,10,2.0,58.8,17.1
202207030211,18,3.0,224.5,64.0
202207030212,9,1.9,60.7,15.6
202204010301,15,2.7,194.0,45.8
202204010302,13,4.9,142.5,30.5
202204010303,14,2.7,143.9,35.3
202204010304,13,4.3,164.2,29.9
202204010305,14,3.2,148.8,36.6
202204010306,11,2.9,117.1,20.4
202204010307,16,6.6,265.8,38.2
202204010308,12,2.9,131.1,26.1
202204010309,8,2.0,60.0,10.3
202204010310,13,3.3,157.2,28.1
202204010311,16,4.4,224.2,46.3
202204010312,15,4.0,175.3,36.6
202205020701,12,1.8,186.3,29.2
202205020702,14,4.7,185.4,32.1
202205020703,14,3.1,222.9,36.7
202205020704,13,2.1,191.8,44.7
202205020705,13,2.3,173.3,34.8
202205020706,16,4.4,162.7,39.3
202205020707,16,4.7,189.1,39.2
202205020708,11,2.4,78.8,20.3
202205020709,15,2.8,224.4,41.2
202205020710,12,2.8,118.4,26.4
202205020711,12,3.7,87.1,20.1
202205020712,13,2.6,196.0,28.6
202207030301,16,1.9,184.0,71.9
202207030302,16,2.4,222.7,57.1
202207030303,15,3.1,204.0,41.8
202207030304,16,3.5,214.9,48.0
202207030305,10,2.2,87.5,15.2
202207030306,14,2.7,157.9,38.4
202207030307,15,2.0,221.7,54.0
202207030308,9,1.7,68.8,13.2
202207030309,9,1.7,82.2,13.1
202207030310,16,3.4,190.8,46.6
202207030311,7,2.5,29.4,5.5
202207030312,16,3.5,192.2,44.0
202204010401,15,3.8,178.1,39.3
202204010402,16,4.1,240.7,46.7
202204010403,15,2.9,223.5,46.1
202204010404,12,2.2,95.7,26.4
202204010405,12,2.2,120.0,27.6
202204010406,13,3.1,153.7,30.2
202204010407,15,2.6,190.9,41.7
202204010408,9,2.1,87.7,12.2
202204010409,16,4.6,202.7,40.3
202204010410,15,2.7,177.0,39.9
202204010411,10,2.4,55.8,13.7
202204010412,16,4.5,182.2,42.3
202205020801,13,1.6,179.1,44.4
202205020802,14,2.8,217.1,35.5
202205020803,11,2.3,159.7,24.9
202205020804,18,3.1,254.8,81.1
202205020805,7,1.2,60.9,8.5
202205020806,11,2.7,144.4,25.4
202205020807,11,2.4,114.5,22.0
202205020808,9,2.6,52.9,10.7
202205020809,12,2.5,145.3,27.5
202205020810,13,4.5,152.8,25.6
202205020811,18,3.6,234.0,59.6
202205020812,16,2.8,193.0,52.2
202207030401,16,1.9,195.0,63.6
202207030402,13,2.5,156.7,32.8
202207030403,18,2.2,223.3,79.5
202207030404,11,2.1,113.2,24.7
202207030405,11,2.0,90.3,22.7
202207030406,16,2.4,202.6,59.2
202207030407,6,1.4,19.5,4.2
202207030408,9,1.7,65.4,14.9
202207030409,9,1.9,68.5,13.8
202207030410,9,1.8,65.6,12.6
202207030411,16,3.6,185.0,45.9
202207030412,6,1.5,24.1,4.1
202204010501,13,2.7,165.1,30.5
202204010502,15,2.2,157.2,50.8
202204010503,15,2.3,203.0,48.8
202204010504,13,2.3,96.4,32.0
202204010505,16,3.2,254.4,54.4
202204010506,16,4.9,244.2,45.4
202204010507,16,3.6,258.6,49.5
202204010508,15,2.3,198.3,47.3
202204010509,10,2.6,73.8,16.0
202204010510,13,2.5,171.0,29.2
202204010511,15,2.2,173.3,55.8
202204010512,13,3.9,167.6,27.6
202205020901,16,2.4,222.5,70.1
202205020902,16,3.6,261.6,63.0
202205020903,16,4.3,276.4,71.2
202205020904,9,1.9,84.3,13.6
202205020905,11,2.0,123.8,22.8
202205020906,10,2.3,111.9,15.5
202205020907,16,3.2,232.2,51.7
202205020908,15,2.2,220.6,59.5
202205020909,13,4.4,127.6,31.6
202205020910,10,3.1,110.7,14.8
202205020911,13,3.3,130.4,28.9
202205020912,16,7.5,218.2,38.9
202207030501,11,2.0,82.1,24.2
202207030502,16,2.2,170.1,58.0
202207030503,14,2.1,189.5,43.0
202207030504,15,3.6,247.6,47.5
202207030505,10,2.3,82.3,15.6
202207030506,12,2.1,90.8,26.1
202207030507,9,1.4,74.9,17.5
202207030508,16,4.6,215.3,44.4
202207030509,16,4.0,210.2,45.1
202207030510,10,2.3,83.1,15.8
202207030511,16,2.8,230.5,49.9
202207030512,12,3.0,149.8,25.5
202204010601,15,2.5,230.4,49.5
202204010602,16,2.6,178.2,52.6
202204010603,12,2.4,119.2,25.0
202204010604,14,1.9,171.2,44.9
202204010605,16,2.5,220.5,61.7
202204010606,15,2.8,169.7,44.0
202204010607,15,3.2,233.2,37.3
202204010608,10,2.6,61.8,13.5
202204010609,13,3.3,121.7,28.3
202204010610,15,3.3,223.1,42.5
202204010611,16,4.2,258.7,51.4
202204010612,16,5.2,211.9,40.3
202205021001,16,2.4,241.3,73.2
202205021002,15,3.3,257.7,45.4
202205021003,18,2.6,258.5,78.5
202205021004,13,2.4,152.0,32.5
202205021005,16,2.8,221.4,59.4
202205021006,16,3.5,229.1,42.7
202205021007,10,2.7,114.1,15.4
202205021008,13,5.0,214.2,32.3
202205021009,9,1.7,125.2,16.2
202205021010,17,4.6,227.9,53.9
202205021011,18,3.8,249.8,69.9
202205021012,16,3.1,181.5,39.8
202207030601,16,2.9,197.3,53.9
202207030602,16,3.4,194.6,43.1
202207030603,10,1.6,82.1,19.8
202207030604,18,3.4,224.0,60.7
202207030605,11,2.0,82.5,22.9
202207030606,13,2.8,115.2,30.4
202207030607,8,1.7,37.6,10.2
202207030608,14,2.9,164.9,35.2
202207030609,11,2.4,140.2,20.5
202207030610,10,2.0,74.4,19.6
202207030611,16,3.3,192.5,45.1
202207030612,10,2.5,64.1,14.1
202204010701,14,4.6,155.3,31.6
202204010702,15,2.1,209.3,49.3
202204010703,15,1.9,209.3,52.7
202204010704,14,4.1,90.4,30.9
202204010705,16,2.9,202.0,51.6
202204010706,14,2.1,144.2,41.5
202204010707,16,4.2,165.0,42.4
202204010708,13,3.9,163.1,29.2
202204010709,16,4.7,167.9,40.9
202204010710,14,3.6,175.0,33.5
202204010711,12,2.9,91.8,25.5
202204010712,16,3.7,243.9,51.0
202205021101,15,2.2,246.4,54.7
202205021102,16,3.6,266.5,66.6
202205021103,16,2.1,224.9,71.4
202205021104,16,1.9,237.2,70.9
202205021105,13,3.0,153.5,30.8
202205021106,11,2.7,190.7,22.1
202205021107,5,1.2,9.0,2.7
202205021108,13,2.4,180.4,38.1
202205021109,16,3.6,235.3,44.4
202205021110,9,2.2,121.1,13.9
202205021111,16,2.3,230.1,61.6
202205021112,11,2.1,143.2,26.0
202207030701,16,3.2,244.6,53.0
202207030702,16,1.8,225.2,71.8
202207030703,18,2.8,218.6,68.7
202207030704,12,2.2,151.7,27.9
202207030705,12,2.0,146.1,29.8
202207030706,9,2.6,118.5,16.3
202207030707,9,1.9,68.4,17.9
202207030708,11,2.1,86.9,22.7
202207030709,9,2.3,52.1,10.8
202207030710,16,3.5,215.5,48.2
202207030711,17,4.2,243.4,51.6
202207030712,16,2.9,229.2,49.2
202204010801,15,2.4,220.6,50.2
202204010802,16,4.5,161.1,41.2
202204010803,14,2.8,134.6,32.8
202204010804,14,2.8,176.7,34.1
202204010805,15,2.3,229.1,52.1
202204010806,12,2.9,133.4,25.0
202204010807,15,2.7,195.0,42.9
202204010808,13,3.1,167.6,29.6
202204010809,13,3.2,167.8,29.6
202204010810,16,4.4,165.5,42.9
202204010811,13,3.2,125.7,29.6
202204010812,15,3.1,195.1,43.6
202205021201,16,3.1,216.1,55.7
202205021202,16,2.4,234.4,63.5
202205021203,12,2.7,144.3,27.0
202205021204,18,3.2,278.1,72.3
202205021205,16,2.8,157.3,47.2
202205021206,16,3.7,197.2,46.3
202205021207,6,1.2,33.6,5.0
202205021208,12,2.4,156.6,27.7
202205021209,13,3.1,129.8,28.9
202205021210,17,3.4,244.5,52.1
202205021211,18,2.5,194.9,80.0
202205021212,18,4.9,168.2,52.3
202207030801,16,2.6,174.8,54.3
202207030802,15,2.2,194.3,55.3
202207030803,16,3.3,213.5,49.7
202207030804,16,2.1,215.6,57.4
202207030805,16,2.0,175.0,71.7
202207030806,15,4.3,205.0,38.7
202207030807,13,2.4,116.9,33.2
202207030808,14,3.9,93.5,33.2
202207030809,9,2.0,46.5,10.7
202207030810,18,3.1,238.6,80.8
202207030811,7,1.4,60.2,5.8
202207030812,16,3.5,190.1,42.9
202205030101,11,2.0,97.3,24.4
202205030102,15,2.0,210.3,60.8
202205030103,16,2.6,253.9,58.5
202205030104,18,5.0,274.7,71.7
202205030105,13,2.4,168.2,30.2
202205030106,16,2.7,241.6,65.7
202205030107,9,1.4,77.6,16.4
202205030108,16,2.6,195.1,55.1
202205030109,8,1.6,60.8,11.3
202205030110,13,2.2,180.2,33.7
202205030111,16,3.3,251.4,58.6
202205030112,16,3.1,230.6,53.4
202207040101,16,2.1,168.7,60.0
202207040102,12,2.7,97.9,23.0
202207040103,16,3.3,209.0,49.5
202207040104,14,4.2,186.1,31.2
202207040105,9,2.4,54.6,12.7
202207040106,14,5.6,93.8,28.2
202207040107,8,1.6,61.3,10.1
202207040108,16,6.2,207.8,37.5
202207040109,16,3.1,209.1,53.0
202207040110,10,2.1,73.3,18.9
202207040111,10,2.7,78.5,14.0
202207040112,16,2.9,175.1,55.0
202205030201,11,1.6,141.6,23.7
202205030202,15,3.0,245.6,47.0
202205030203,15,2.2,240.1,54.8
202205030204,10,2.5,118.1,16.6
202205030205,12,2.9,168.0,26.2
202205030206,16,4.5,270.5,55.5
202205030207,16,4.0,277.5,59.7
202205030208,13,3.0,241.9,35.9
202205030209,7,1.3,61.9,6.7
202205030210,16,5.0,226.6,44.6
202205030211,18,4.3,219.5,53.2
202205030212,10,2.1,84.5,16.5
202207040201,9,2.2,60.1,12.0
202207040202,14,2.0,116.8,42.1
202207040203,13,3.6,135.2,27.0
202207040204,16,4.4,193.0,42.5
202207040205,9,2.1,47.6,10.6
202207040206,16,2.9,221.8,60.7
202207040207,12,3.0,89.7,25.7
202207040208,15,3.5,206.2,40.8
202207040209,8,1.6,39.1,10.3
202207040210,15,3.3,188.0,42.2
202207040211,16,4.2,196.3,43.5
202207040212,10,2.2,76.2,18.0
202202010101,16,5.0,196.2,39.8
202202010102,11,3.5,53.0,16.9
202202010103,12,2.5,89.1,24.5
202202010104,11,3.8,52.8,17.0
202202010105,9,2.0,65.4,13.0
202202010106,14,3.1,159.6,32.2
202202010107,14,4.0,90.9,31.1
202202010108,12,2.8,85.9,24.6
202202010109,12,2.9,61.8,25.9
202202010110,16,4.6,151.8,43.2
202202010111,14,3.4,90.4,31.7
202202010112,14,3.1,143.3,30.6
202205030301,12,2.0,156.0,29.3
202205030302,15,2.3,222.0,57.2
202205030303,16,3.2,265.7,63.3
202205030304,18,5.8,289.7,43.7
202205030305,13,2.1,181.2,34.9
202205030306,11,2.2,92.0,18.8
202205030307,16,2.6,238.3,53.3
202205030308,9,1.7,86.2,16.3
202205030309,16,3.7,221.1,44.9
202205030310,9,1.4,77.7,16.2
202205030311,15,2.7,185.5,50.3
202205030312,16,2.9,255.8,57.4
202207040301,14,2.3,142.5,38.2
202207040302,16,2.5,193.9,54.4
202207040303,12,4.5,121.6,21.5
202207040304,15,2.1,196.5,51.6
202207040305,11,2.6,83.6,21.4
202207040306,18,2.6,207.5,65.6
202207040307,16,3.9,170.6,42.7
202207040308,10,1.8,61.7,17.1
202207040309,11,2.2,111.6,20.4
202207040310,16,3.7,170.9,44.6
202207040311,15,3.0,219.8,38.7
202207040312,12,2.3,73.9,31.1
202202010201,16,1.9,208.8,60.8
202202010202,14,3.6,123.2,33.8
202202010203,10,1.9,59.1,17.9
202202010204,15,2.6,160.7,46.3
202202010205,9,2.5,59.2,12.6
202202010206,13,3.0,111.9,28.6
202202010207,12,6.6,75.8,22.1
202202010208,14,3.8,81.6,30.5
202202010209,14,3.4,146.1,31.8
202202010210,10,3.0,54.0,12.7
202202010211,16,3.4,184.6,44.9
202202010212,14,4.0,150.3,29.3
202205030401,11,1.6,159.1,26.4
202205030402,11,1.6,127.6,23.5
202205030403,16,2.5,237.3,53.3
202205030404,18,3.2,246.0,70.2
202205030405,12,2.2,144.5,29.6
202205030406,14,2.1,182.0,49.1
202205030407,13,3.9,188.5,31.4
202205030408,11,3.5,138.8,20.2
202205030409,16,3.4,246.0,57.0
202205030410,15,3.6,191.1,39.5
202205030411,12,3.1,164.0,26.7
202205030412,17,4.0,259.1,58.6
202207040401,13,2.1,144.7,37.5
202207040402,10,3.1,62.5,13.4
202207040403,16,3.1,218.6,48.0
202207040404,16,2.5,226.9,67.2
202207040405,9,2.0,55.0,14.3
202207040406,12,2.2,89.7,26.1
202207040407,16,3.4,172.8,47.3
202207040408,13,3.2,142.5,29.0
202207040409,16,3.2,218.6,57.1
202207040410,10,1.9,93.2,16.7
202207040411,16,2.1,208.4,59.2
202207040412,16,4.2,139.9,44.5
202202010301,16,6.3,177.3,38.0
202202010302,12,3.2,114.1,21.6
202202010303,12,4.0,115.7,24.9
202202010304,13,2.7,122.9,29.4
202202010305,10,2.2,42.0,14.3
202202010306,8,3.1,46.8,10.3
202202010307,9,2.9,36.6,11.3
202202010308,12,5.6,70.6,22.1
202202010309,8,1.9,36.3,8.5
202202010310,9,2.3,29.8,11.8
202202010311,12,3.6,77.2,23.2
202202010312,14,4.5,94.2,29.0
202205030501,7,1.2,66.7,8.9
202205030502,14,2.4,199.6,37.3
202205030503,16,2.5,251.6,71.9
202205030504,14,1.9,162.2,47.4
202205030505,16,2.9,249.7,59.1
202205030506,16,2.7,256.1,55.0
202205030507,16,6.4,246.1,41.1
202205030508,8,2.1,82.1,8.5
202205030509,16,2.1,212.9,61.1
202205030510,11,2.6,127.8,22.9
202205030511,12,3.1,162.7,24.6
202205030512,12,2.2,181.9,28.2
202209030101,11,2.4,78.9,21.6
202209030102,13,1.9,93.1,37.8
202209030103,13,2.7,94.3,27.9
202209030104,9,1.7,63.1,13.9
202209030105,12,3.5,145.5,25.5
202209030106,16,4.2,188.2,42.5
202209030107,9,1.6,62.3,17.5
202209030108,16,3.2,164.5,48.5
202209030109,11,2.3,88.7,22.0
202209030110,12,3.1,123.0,24.0
202209030111,16,4.6,232.7,44.4
202209030112,16,2.3,198.1,51.4
202202010401,13,2.3,90.5,35.2
202202010402,16,3.6,173.4,47.8
202202010403,12,2.5,65.9,27.3
202202010404,10,3.2,58.2,14.3
202202010405,8,2.3,60.7,10.0
202202010406,11,2.4,89.6,20.3
202202010407,14,4.0,111.7,29.9
202202010408,12,3.4,93.0,23.6
202202010409,11,2.0,77.3,24.7
202202010410,14,4.9,118.8,29.1
202202010411,16,4.8,147.0,39.6
202202010412,10,2.6,48.6,14.8
202205030601,11,1.9,92.2,24.7
202205030602,16,2.1,238.6,63.5
202205030603,16,2.6,240.9,62.4
202205030604,16,2.6,253.4,71.9
202205030605,16,3.3,253.4,57.5
202205030606,16,4.6,286.9,46.5
202205030607,16,2.7,191.5,52.2
202205030608,9,1.5,121.2,15.4
202205030609,10,2.9,72.8,15.9
202205030610,10,2.3,121.6,18.1
202205030611,15,4.9,216.1,38.3
202205030612,16,5.0,266.3,53.8
202209030201,16,2.6,187.4,50.3
202209030202,18,2.4,224.9,68.2
202209030203,16,2.7,216.4,55.9
202209030204,16,3.6,204.8,47.5
202209030205,14,4.8,155.8,30.1
202209030206,16,3.0,216.0,53.8
202209030207,11,2.4,97.8,19.0
202209030208,13,2.4,135.3,32.3
202209030209,11,1.8,119.9,23.9
202209030210,16,5.5,201.4,41.1
202209030211,16,7.7,187.4,37.1
202209030212,10,2.0,83.6,15.7
202202010501,12,2.7,116.5,26.4
202202010502,8,1.8,50.0,10.1
202202010503,16,4.9,175.4,40.9
202202010504,9,2.9,34.4,10.6
202202010505,8,1.6,41.9,8.4
202202010506,12,3.4,90.3,23.0
202202010507,12,2.8,98.4,24.0
202202010508,12,4.2,57.6,19.9
202202010509,14,3.6,139.8,31.6
202202010510,10,2.8,39.8,13.9
202202010511,16,3.1,206.7,47.8
202202010512,12,3.4,71.2,22.6
202205030701,9,1.5,96.1,13.5
202205030702,16,4.5,192.6,40.4
202205030703,16,2.4,254.5,59.6
202205030704,16,3.2,245.1,54.4
202205030705,16,3.1,233.0,53.5
202205030706,16,2.0,206.7,56.1
202205030707,16,2.5,160.0,58.7
202205030708,12,2.8,81.9,24.4
202205030709,16,4.3,213.0,53.2
202205030710,16,2.6,242.9,54.7
202205030711,11,3.7,80.5,17.8
202205030712,16,2.7,232.8,47.3
202209030301,8,1.5,42.9,10.3
202209030302,16,3.2,169.8,49.5
202209030303,16,2.1,187.0,58.5
202209030304,16,2.8,220.9,55.7
202209030305,11,2.9,59.0,18.5
202209030306,18,2.0,212.9,79.3
202209030307,16,3.1,141.6,47.1
202209030308,18,3.7,220.0,64.9
202209030309,16,4.6,216.3,50.3
202209030310,15,3.6,181.8,38.6
202209030311,16,2.7,202.6,53.9
202209030312,16,3.2,190.6,54.1
202202010601,16,4.6,197.9,44.1
202202010602,12,3.2,80.4,25.5
202202010603,12,2.9,116.3,25.4
202202010604,16,3.5,180.6,54.1
202202010605,8,2.7,38.0,8.4
202202010606,9,2.5,24.0,10.8
202202010607,12,2.7,74.1,27.1
202202010608,12,4.5,65.8,19.3
202202010609,12,4.0,83.6,21.7
202202010610,15,3.3,189.6,37.4
202202010611,10,4.8,37.2,12.2
202202010612,13,2.8,91.1,28.6
202205030801,16,2.7,239.0,52.4
202205030802,16,2.3,232.6,60.2
202205030803,15,2.4,165.2,45.5
202205030804,16,2.5,250.0,59.5
202205030805,16,2.8,226.2,53.9
202205030806,12,2.7,122.6,26.4
202205030807,14,2.2,205.2,48.6
202205030808,16,3.6,238.5,55.5
202205030809,9,1.6,121.9,18.9
202205030810,16,3.0,194.3,50.4
202205030811,16,4.3,205.0,45.4
202205030812,16,3.9,180.5,43.9
202209030401,16,2.8,224.3,61.4
202209030402,16,3.4,190.8,51.7
202209030403,16,2.3,159.7,53.9
202209030404,18,5.5,233.6,53.3
202209030405,12,2.4,90.1,26.9
202209030406,16,3.0,215.9,52.8
202209030407,14,6.2,153.8,30.9
202209030408,11,2.4,97.4,21.2
202209030409,17,3.9,256.6,54.2
202209030410,16,3.4,190.6,47.6
202209030411,18,3.1,252.9,63.0
202209030412,16,2.9,203.6,48.1
202202010701,6,1.3,36.8,5.3
202202010702,14,2.5,158.9,39.5
202202010703,15,3.0,191.9,44.0
202202010704,14,2.6,154.4,37.6
202202010705,8,2.3,51.5,9.4
202202010706,7,1.8,52.0,7.9
202202010707,9,2.1,53.4,11.3
202202010708,12,4.8,78.4,20.8
202202010709,14,2.9,125.1,31.9
202202010710,10,2.1,39.4,18.2
202202010711,16,4.1,193.3,44.0
202202010712,13,4.3,123.1,24.2
202203020101,13,3.2,174.2,29.9
202203020102,15,3.1,181.5,45.0
202203020103,15,2.3,222.9,52.4
202203020104,13,3.2,123.7,28.3
202203020105,15,2.5,230.9,45.7
202203020106,12,2.0,112.0,29.3
202203020107,10,1.9,134.7,19.8
202203020108,12,2.7,93.5,26.5
202203020109,10,2.4,84.4,15.4
202203020110,11,2.9,83.1,20.4
202203020111,11,2.3,97.7,20.4
202203020112,15,2.4,198.8,43.8
202210030101,10,2.1,56.8,19.1
202210030102,12,2.1,114.4,27.9
202210030103,18,3.2,228.5,62.0
202210030104,15,2.8,194.7,43.2
202210030105,18,2.5,223.8,70.7
202210030106,11,2.8,72.7,17.7
202210030107,16,3.2,228.4,55.5
202210030108,10,2.1,66.8,16.3
202210030109,12,2.6,112.4,23.5
202210030110,10,2.3,55.0,15.0
202210030111,16,4.9,181.1,35.7
202210030112,14,3.4,145.6,30.6
202202010801,11,4.0,128.6,17.3
202202010802,12,2.4,69.2,26.6
202202010803,12,2.7,117.1,25.9
202202010804,16,4.4,155.9,39.2
202202010805,8,2.4,32.3,8.4
202202010806,13,4.4,69.8,25.6
202202010807,14,4.7,152.0,28.9
202202010808,10,2.1,74.0,16.0
202202010809,16,4.9,154.9,41.0
202202010810,10,2.9,45.9,15.2
202202010811,12,5.4,73.1,20.9
202202010812,12,3.1,88.1,23.6
202203020201,8,1.4,59.0,10.4
202203020202,16,2.7,255.1,61.6
202203020203,16,5.8,254.7,44.3
202203020204,16,2.7,227.6,55.6
202203020205,13,3.6,209.4,33.7
202203020206,16,2.6,243.7,55.9
202203020207,15,2.7,185.7,44.4
202203020208,11,2.8,97.6,19.8
202203020209,13,2.0,138.2,36.7
202203020210,14,3.0,156.4,35.7
202203020211,13,5.0,137.7,26.1
202203020212,16,3.9,209.5,46.5
202210030201,8,1.7,48.8,13.0
202210030202,16,2.4,219.3,56.6
202210030203,14,2.9,93.3,30.5
202210030204,16,6.5,169.2,37.6
202210030205,8,2.9,23.5,8.7
202210030206,9,2.5,43.2,11.0
202210030207,12,3.3,77.9,22.1
202210030208,12,3.2,113.4,22.4
202210030209,10,2.0,95.0,17.8
202210030210,12,2.2,126.0,24.7
202210030211,17,3.1,225.9,57.9
202210030212,13,2.9,113.9,29.1
202202010901,7,1.5,41.7,6.4
202202010902,12,3.2,68.1,23.6
202202010903,14,3.7,145.8,31.7
202202010904,14,3.8,122.1,30.6
202202010905,13,2.5,135.0,30.7
202202010906,14,4.1,166.9,30.2
202202010907,12,2.8,98.4,23.8
202202010908,11,2.9,75.0,16.0
202202010909,7,1.7,34.9,7.6
202202010910,13,3.1,130.2,29.3
202202010911,14,4.9,127.0,29.8
202202010912,14,4.1,137.2,30.3
202203020301,10,2.4,128.4,18.0
202203020302,8,1.3,59.5,10.4
202203020303,16,5.9,269.0,45.2
202203020304,15,2.2,239.6,49.0
202203020305,11,2.9,119.4,21.0
202203020306,11,2.0,135.7,20.7
202203020307,16,2.6,232.7,63.8
202203020308,15,2.8,196.1,46.2
202203020309,11,1.5,129.3,26.8
202203020310,13,2.3,195.5,34.2
202203020311,16,5.8,234.2,39.6
202203020312,16,2.4,246.3,62.3
202210030301,10,3.8,54.0,15.9
202210030302,6,1.2,19.0,3.7
202210030303,14,2.6,164.3,44.1
202210030304,6,1.6,16.4,4.2
202210030305,10,3.0,88.2,16.3
202210030306,18,2.8,198.8,76.6
202210030307,18,2.4,214.7,72.6
202210030308,16,3.5,169.5,45.5
202210030309,11,2.0,76.8,25.5
202210030310,12,2.5,92.6,28.1
202210030311,11,2.2,111.9,20.5
202210030312,13,3.5,165.3,29.0
202202011001,11,3.2,94.7,20.7
202202011002,14,3.8,134.3,30.5
202202011003,14,2.7,96.4,33.9
202202011004,16,4.3,166.5,38.5
202202011005,6,1.6,21.4,4.0
202202011006,12,2.3,80.4,26.0
202202011007,8,1.8,34.6,8.5
202202011008,12,3.9,99.2,22.3
202202011009,11,2.7,91.1,19.0
202202011010,13,2.8,138.6,30.5
202202011011,16,5.5,139.1,39.1
202202011012,12,3.0,89.9,24.3
202203020401,13,2.0,177.7,32.8
202203020402,15,2.7,225.4,49.8
202203020403,16,2.0,233.9,60.0
202203020404,16,2.9,218.7,50.5
202203020405,10,2.6,110.9,16.8
202203020406,9,2.4,63.7,11.4
202203020407,15,2.4,224.0,52.3
202203020408,16,3.3,221.7,54.6
202203020409,16,3.2,259.1,51.2
202203020410,13,2.2,133.1,34.9
202203020411,16,2.9,226.5,46.5
202203020412,16,2.8,240.8,58.4
202210030401,16,2.4,193.5,59.6
202210030402,16,2.0,173.6,63.7
202210030403,16,3.2,170.7,51.9
202210030404,16,1.9,188.0,65.7
202210030405,12,2.6,99.3,26.9
202210030406,14,2.3,121.9,40.6
202210030407,11,2.5,90.3,20.4
202210030408,15,2.7,210.1,44.4
202210030409,13,2.5,122.7,28.1
202210030410,10,2.1,69.9,12.8
202210030411,16,3.8,173.4,44.0
202210030412,7,1.5,37.4,6.4
202202011101,8,1.7,39.1,9.4
202202011102,14,3.7,130.1,29.9
202202011103,16,2.9,174.7,46.5
202202011104,14,2.4,127.2,39.5
202202011105,16,7.2,200.1,38.2
202202011106,14,2.7,99.2,33.7
202202011107,12,3.4,94.4,24.0
202202011108,14,4.8,93.5,29.3
202202011109,12,2.3,90.5,21.5
202202011110,14,5.0,134.1,29.5
202202011111,13,4.4,91.0,24.3
202202011112,9,2.9,29.2,10.3
202203020501,12,4.1,168.1,24.1
202203020502,15,2.7,204.5,48.0
202203020503,15,3.0,201.5,39.6
202203020504,6,1.4,16.1,4.3
202203020505,13,2.2,143.2,32.9
202203020506,13,2.8,145.5,29.1
202203020507,16,2.5,243.9,59.3
202203020508,16,4.2,189.8,41.4
202203020509,10,1.9,89.8,15.4
202203020510,15,3.1,233.4,49.1
202203020511,9,1.7,83.2,15.1
202203020512,16,3.2,209.0,61.6
202210030501,15,3.0,169.9,41.3
202210030502,16,2.7,194.3,53.5
202210030503,16,2.4,192.7,61.8
202210030504,14,3.0,128.8,34.1
202210030505,7,2.0,23.1,7.7
202210030506,8,2.0,68.3,9.8
202210030507,18,2.0,218.1,82.0
202210030508,14,2.1,143.9,42.5
202210030509,9,1.7,51.2,14.7
202210030510,14,3.3,160.3,33.3
202210030511,16,3.5,184.2,49.9
202210030512,12,4.0,78.1,21.6
202202011201,8,2.3,48.3,10.1
202202011202,14,2.9,114.6,35.3
202202011203,16,6.0,187.4,41.9
202202011204,12,3.8,96.5,20.6
202202011205,11,2.8,72.4,19.4
202202011206,16,2.7,163.1,50.0
202202011207,13,3.5,149.0,29.1
202202011208,16,2.5,136.2,48.5
202202011209,7,1.5,22.1,5.9
202202011210,13,4.3,74.4,23.7
202202011211,16,3.8,136.2,42.8
202202011212,14,3.7,74.4,30.2
202203020601,10,2.6,159.4,21.9
202203020602,11,3.0,154.2,23.5
202203020603,16,3.4,257.6,68.2
202203020604,16,3.2,236.2,54.5
202203020605,14,4.1,207.2,35.5
202203020606,11,2.4,131.1,23.4
202203020607,16,3.2,266.3,54.0
202203020608,15,3.4,245.0,41.1
202203020609,10,2.3,125.1,18.8
202203020610,8,1.9,46.0,10.8
202203020611,16,5.2,267.3,39.4
202203020612,15,3.3,199.5,37.8
202210030601,8,1.5,44.5,10.8
202210030602,18,4.3,206.7,56.1
202210030603,12,2.4,91.8,27.0
202210030604,15,2.8,154.5,42.4
202210030605,10,2.6,56.3,16.4
202210030606,16,2.1,174.5,60.0
202210030607,14,2.7,156.7,35.2
202210030608,11,2.3,138.9,19.3
202210030609,14,3.1,149.8,38.7
202210030610,8,1.7,62.3,10.4
202210030611,12,3.5,79.4,22.9
202210030612,15,4.7,207.1,35.2
202201010101,5,1.3,6.6,2.5
202201010102,10,3.0,58.2,14.0
202201010103,14,2.3,123.6,39.2
202201010104,16,4.9,149.9,38.2
202201010105,14,2.8,89.4,33.0
202201010106,14,5.6,135.4,30.1
202201010107,10,2.5,79.3,16.1
202201010108,13,2.5,74.5,31.2
202201010109,8,2.4,32.5,8.7
202201010110,11,4.1,115.3,16.6
202201010111,15,3.0,183.9,37.6
202201010112,10,2.8,51.0,13.9
202203020701,15,2.5,243.3,56.4
202203020702,13,2.3,174.1,33.2
202203020703,16,4.7,274.8,59.0
202203020704,15,2.2,210.2,52.0
202203020705,10,2.6,88.9,16.5
202203020706,12,2.9,112.6,27.1
202203020707,16,2.4,245.4,60.4
202203020708,16,2.9,233.0,50.5
202203020709,14,2.6,183.6,36.5
202203020710,15,2.9,232.8,53.4
202203020711,15,3.4,149.2,37.2
202203020712,15,3.1,248.0,46.9
202210030701,11,2.3,112.6,22.7
202210030702,9,2.3,59.1,12.0
202210030703,14,6.0,159.9,29.7
202210030704,7,1.9,25.5,5.8
202210030705,8,3.0,27.6,9.5
202210030706,16,2.8,210.6,55.5
202210030707,18,5.0,250.8,58.3
202210030708,14,5.7,92.7,29.5
202210030709,17,2.9,208.4,61.5
202210030710,9,1.8,77.4,14.5
202210030711,9,2.9,28.7,11.6
202210030712,16,4.3,250.5,47.9
202201010201,11,3.2,91.0,17.9
202201010202,14,5.6,99.5,29.2
202201010203,12,2.4,123.5,24.8
202201010204,14,3.5,134.8,32.7
202201010205,9,2.2,61.7,11.9
202201010206,15,2.6,130.9,42.9
202201010207,12,3.7,88.3,22.8
202201010208,10,3.3,68.2,16.3
202201010209,15,3.6,219.3,36.6
202201010210,9,2.7,50.7,12.0
202201010211,10,2.8,72.4,13.9
202201010212,11,3.3,93.7,17.7
202203020801,11,1.7,136.2,24.4
202203020802,15,2.6,248.9,46.8
202203020803,13,2.3,191.7,34.4
202203020804,16,2.3,244.0,74.3
202203020805,12,2.6,128.7,26.7
202203020806,14,2.2,173.2,45.5
202203020807,16,2.5,230.7,52.7
202203020808,15,2.2,232.4,55.1
202203020809,16,2.5,245.5,57.7
202203020810,10,2.0,79.8,15.8
202203020811,15,2.6,214.0,44.1
202203020812,16,3.1,237.1,57.4
202210030801,12,2.7,73.1,24.8
202210030802,16,2.9,218.2,51.4
202210030803,16,2.5,157.7,53.6
202210030804,18,2.5,240.8,64.6
202210030805,10,2.2,40.0,11.7
202210030806,16,3.7,173.5,46.3
202210030807,12,5.5,94.6,24.7
202210030808,14,3.2,186.4,35.7
202210030809,11,2.1,88.5,22.9
202210030810,16,4.0,177.4,41.9
202210030811,16,3.4,142.7,49.8
202210030812,12,4.6,162.5,29.8
202201010301,7,1.4,23.8,6.7
202201010302,14,5.3,142.3,30.3
202201010303,14,5.9,117.5,30.0
202201010304,14,2.4,128.1,38.8
202201010305,12,2.9,76.5,23.7
202201010306,12,2.3,75.0,26.8
202201010307,14,4.0,163.1,31.5
202201010308,13,2.4,67.0,32.6
202201010309,12,3.9,75.0,24.0
202201010310,14,3.0,155.7,29.7
202201010311,13,2.9,115.2,28.3
202201010312,16,4.8,173.9,40.4
202204020101,8,1.7,40.5,10.9
202204020102,15,2.7,256.0,51.7
202204020103,18,2.7,245.3,72.4
202204020104,18,2.5,254.0,79.9
202204020105,12,2.6,156.2,25.5
202204020106,15,3.9,220.0,42.4
202204020107,15,4.4,240.6,39.4
202204020108,14,3.2,161.4,34.1
202204020109,15,3.8,267.9,47.9
202204020110,18,4.2,209.3,53.0
202204020111,18,3.5,225.9,64.4
202204020112,18,3.1,223.0,61.1
202201010401,7,1.7,23.3,6.5
202201010402,12,4.5,87.6,22.5
202201010403,14,3.1,118.2,33.0
202201010404,13,4.2,90.2,25.2
202201010405,6,1.7,14.9,4.3
202201010406,12,3.5,88.2,23.2
202201010407,14,4.3,136.6,28.9
202201010408,14,4.1,168.9,31.0
202201010409,10,2.9,77.8,16.6
202201010410,10,2.2,67.6,14.5
202201010411,14,4.2,67.3,28.5
202201010412,12,3.8,81.3,21.4
202204020201,13,3.3,174.5,30.2
202204020202,6,1.2,37.0,4.9
202204020203,15,1.9,206.7,50.4
202204020204,18,2.8,255.4,69.6
202204020205,10,2.7,64.1,13.4
202204020206,16,3.5,270.2,49.8
202204020207,15,2.8,227.3,50.8
202204020208,15,2.7,232.2,44.9
202204020209,17,2.8,190.6,59.4
202204020210,11,2.1,78.3,19.9
202204020211,18,4.6,219.5,52.4
202204020212,15,2.6,194.1,48.1
202201010501,10,2.2,83.9,15.7
202201010502,14,3.3,157.4,30.2
202201010503,16,4.6,173.7,41.1
202201010504,14,2.7,146.5,33.6
202201010505,8,1.7,46.8,10.4
202201010506,16,3.5,213.6,50.4
202201010507,11,3.2,86.3,20.0
202201010508,14,4.5,160.6,30.5
202201010509,11,2.6,76.6,18.2
202201010510,14,5.7,118.0,29.5
202201010511,10,3.5,76.9,16.5
202201010512,14,2.9,165.2,34.5
202204020301,9,1.6,124.5,14.1
202204020302,15,2.8,206.5,45.3
202204020303,18,3.3,254.9,71.3
202204020304,15,3.1,215.1,44.3
202204020305,11,2.4,95.2,25.6
202204020306,18,5.0,288.7,64.8
202204020307,18,4.9,225.0,54.7
202204020308,15,3.2,241.7,42.5
202204020309,11,3.0,117.5,20.7
202204020310,15,3.2,199.1,43.5
202204020311,18,4.2,217.5,58.0
202204020312,15,2.5,198.2,42.8
202201010601,11,3.4,86.7,18.3
202201010602,12,2.0,115.2,29.7
202201010603,16,6.3,153.6,39.1
202201010604,14,2.9,130.1,33.0
202201010605,9,2.6,52.5,11.4
202201010606,14,4.1,94.8,29.9
202201010607,14,3.3,126.3,30.7
202201010608,14,6.6,140.3,26.7
202201010609,14,4.7,111.0,30.4
202201010610,16,3.5,152.7,42.2
202201010611,14,5.0,72.4,29.4
202201010612,16,6.1,132.2,36.5
202204020401,15,2.5,243.8,52.8
202204020402,9,1.5,89.9,15.8
202204020403,15,1.7,210.6,66.8
202204020404,18,3.8,254.8,76.2
202204020405,16,3.9,217.6,41.5
202204020406,15,2.7,174.3,38.2
202204020407,14,2.4,171.9,35.0
202204020408,14,2.7,211.6,39.9
202204020409,18,3.4,251.2,73.4
202204020410,9,2.4,92.5,14.5
202204020411,15,2.8,197.4,40.5
202204020412,18,5.8,261.8,52.3
202201020101,12,2.5,87.8,26.8
202201020102,14,4.6,132.8,30.9
202201020103,12,3.3,97.4,22.9
202201020104,14,3.2,145.4,32.9
202201020105,14,3.9,119.6,31.7
202201020106,16,5.7,194.5,38.6
202201020107,11,4.1,152.4,16.0
202201020108,11,4.9,53.0,14.6
202201020109,9,2.5,48.9,11.4
202201020110,14,4.5,145.1,30.8
202201020111,14,4.9,85.4,27.9
202201020112,16,3.9,196.7,46.3
202204030101,15,4.4,166.4,36.3
202204030102,16,1.8,200.8,67.0
202204030103,15,3.1,242.2,41.5
202204030104,15,2.6,203.4,51.2
202204030105,17,2.4,259.8,72.6
202204030106,18,2.4,234.5,83.7
202204030107,18,2.7,271.2,87.3
202204030108,15,1.7,198.4,60.1
202204030109,13,2.3,180.9,33.4
202204030110,13,3.3,206.0,32.0
202204030111,18,4.5,287.9,58.9
202204030112,15,3.5,263.1,47.9
202210040101,12,2.2,117.6,27.3
202210040102,12,1.9,112.6,30.9
202210040103,14,2.1,150.5,40.4
202210040104,8,2.1,54.9,10.3
202210040105,14,3.1,176.7,32.1
202210040106,16,1.9,186.0,58.5
202210040107,18,3.6,226.5,64.1
202210040108,16,3.6,248.5,47.5
202210040109,9,1.6,66.9,13.8
202210040110,7,1.9,33.8,7.4
202210040111,11,3.0,128.6,21.2
202210040112,15,2.3,210.5,51.3
202201020201,13,2.7,156.9,32.7
202201020202,12,3.0,64.4,26.3
202201020203,14,3.8,131.6,30.3
202201020204,14,4.9,166.7,30.2
202201020205,11,3.5,84.6,20.0
202201020206,14,3.4,163.8,31.0
202201020207,12,2.4,119.8,26.0
202201020208,13,2.5,130.0,29.3
202201020209,9,1.8,60.8,12.0
202201020210,13,2.7,81.0,29.6
202201020211,16,5.1,163.1,39.7
202201020212,12,3.7,63.0,22.1
202204030201,14,2.1,164.5,49.6
202204030202,15,2.7,253.2,63.1
202204030203,18,5.0,253.9,58.1
202204030204,15,2.5,233.6,44.6
202204030205,15,3.5,254.1,40.6
202204030206,18,2.5,265.2,70.0
202204030207,18,4.2,235.6,62.4
202204030208,15,3.2,243.0,46.4
202204030209,15,3.0,221.3,45.0
202204030210,11,2.7,117.1,24.1
202204030211,14,4.4,168.1,31.3
202204030212,18,4.3,245.2,56.0
202210040201,10,2.2,78.4,14.6
202210040202,7,1.4,37.5,6.5
202210040203,16,4.3,232.0,53.7
202210040204,18,2.4,194.0,71.8
202210040205,13,3.3,116.6,28.5
202210040206,16,2.4,205.7,56.2
202210040207,12,2.6,162.0,31.2
202210040208,14,3.4,115.2,31.5
202210040209,18,2.7,190.6,70.9
202210040210,13,2.2,151.3,38.9
202210040211,16,2.9,153.0,57.1
202210040212,15,2.4,159.5,47.0
202201020301,10,2.2,61.0,14.3
202201020302,12,2.7,95.8,25.6
202201020303,14,3.1,160.0,30.2
202201020304,16,4.1,178.2,42.7
202201020305,12,3.8,125.3,23.6
202201020306,14,3.7,93.5,30.5
202201020307,16,3.0,163.2,48.4
202201020308,12,2.1,121.3,29.4
202201020309,14,4.1,125.8,30.1
202201020310,11,3.0,84.5,18.4
202201020311,14,3.3,146.0,35.1
202201020312,8,2.6,48.6,9.0
202204030301,12,1.9,133.1,31.1
202204030302,15,2.2,224.0,52.1
202204030303,15,3.0,228.3,48.2
202204030304,8,2.1,60.0,10.3
202204030305,17,2.5,238.1,67.1
202204030306,18,3.4,265.2,59.6
202204030307,18,3.6,275.8,65.2
202204030308,15,6.0,257.7,32.0
202204030309,15,4.7,221.8,42.3
202204030310,15,4.2,253.1,53.3
202204030311,13,3.3,193.6,29.9
202204030312,15,2.5,222.3,47.1
202210040301,10,2.4,78.6,16.0
202210040302,16,3.6,198.1,47.3
202210040303,18,5.6,222.7,56.2
202210040304,16,3.0,213.8,53.2
202210040305,14,2.7,111.4,34.5
202210040306,16,2.4,211.7,54.5
202210040307,18,4.4,224.9,54.3
202210040308,16,4.2,230.6,47.0
202210040309,11,2.2,80.4,20.5
202210040310,8,1.8,54.8,11.6
202210040311,12,2.6,99.4,26.9
202210040312,14,3.3,115.2,30.3
202201020401,14,3.1,118.7,31.6
202201020402,12,3.1,82.3,21.8
202201020403,14,4.1,124.2,31.0
202201020404,14,2.2,137.0,39.3
202201020405,6,1.6,21.0,4.1
202201020406,12,6.1,87.4,21.2
202201020407,13,3.0,110.1,28.2
202201020408,14,5.0,176.4,29.2
202201020409,11,3.1,127.6,20.1
202201020410,14,4.0,122.8,29.4
202201020411,16,3.5,226.1,49.7
202201020412,16,3.7,178.4,41.9
202204030401,10,1.9,113.4,18.9
202204030402,9,2.1,111.4,14.1
202204030403,18,4.1,266.5,71.2
202204030404,15,2.4,200.9,49.4
202204030405,13,3.3,193.0,29.9
202204030406,18,3.0,219.2,77.2
202204030407,15,3.0,245.0,50.6
202204030408,12,2.2,144.8,28.1
202204030409,18,3.2,210.8,60.2
202204030410,9,1.6,57.9,15.2
202204030411,15,3.6,177.7,32.8
202204030412,15,3.0,238.3,49.2
202210040401,10,1.6,77.3,21.6
202210040402,5,1.1,11.5,3.1
202210040403,16,2.4,190.2,51.2
202210040404,18,2.8,229.1,67.9
202210040405,8,2.3,34.0,8.8
202210040406,13,2.7,132.8,30.3
202210040407,15,3.7,207.2,36.0
202210040408,16,3.9,210.8,52.4
202210040409,12,2.8,87.2,28.7
202210040410,16,2.4,167.8,51.8
202210040411,18,2.7,188.5,69.8
202210040412,10,2.0,89.3,20.2
202201020501,7,1.5,28.4,6.9
202201020502,8,1.6,40.3,8.1
202201020503,12,4.9,73.5,20.9
202201020504,14,2.4,142.3,36.7
202201020505,7,2.0,21.6,5.6
202201020506,14,5.0,161.1,31.2
202201020507,14,2.8,187.8,31.9
202201020508,14,2.3,177.6,39.1
202201020509,14,3.8,174.1,31.6
202201020510,14,5.9,93.4,29.9
202201020511,14,4.2,152.9,30.0
202201020512,14,3.7,178.1,34.1
202204030501,15,2.0,206.8,61.6
202204030502,15,2.4,203.4,46.4
202204030503,15,4.4,270.8,54.8
202204030504,14,3.9,177.0,29.9
202204030505,13,3.2,181.8,34.0
202204030506,18,3.6,243.3,61.0
202204030507,18,5.1,289.2,95.7
202204030508,15,2.5,180.3,52.5
202204030509,15,2.2,179.3,47.7
202204030510,15,6.3,271.6,29.6
202204030511,15,5.0,145.0,34.0
202204030512,18,3.2,273.8,53.9
202210040501,8,1.7,50.3,9.9
202210040502,14,2.3,129.6,41.2
202210040503,18,3.4,228.8,66.7
202210040504,16,3.3,198.6,43.9
202210040505,9,2.3,43.4,11.4
202210040506,17,2.2,239.8,74.0
202210040507,16,3.1,190.2,44.9
202210040508,13,2.4,143.9,31.1
202210040509,17,1.7,202.9,92.0
202210040510,9,2.7,67.7,11.1
202210040511,14,3.5,174.9,31.8
202210040512,8,1.8,46.5,12.4
202201020601,8,1.9,46.5,9.3
202201020602,14,3.7,160.7,32.7
202201020603,12,2.4,112.8,26.9
202201020604,14,5.9,91.5,28.3
202201020605,7,2.0,45.8,7.8
202201020606,16,3.8,231.3,40.4
202201020607,12,3.1,92.0,23.9
202201020608,14,3.6,185.6,34.9
202201020609,16,3.6,225.7,45.6
202201020610,14,4.5,85.1,29.7
202201020611,16,5.4,165.0,39.7
202201020612,14,7.6,131.7,30.3
202204030601,8,2.1,42.2,9.5
202204030602,14,2.8,157.4,39.1
202204030603,18,4.9,284.8,62.5
202204030604,18,2.9,248.3,72.7
202204030605,11,3.1,86.6,17.4
202204030606,15,4.0,222.1,39.4
202204030607,9,2.0,61.8,14.0
202204030608,8,1.7,78.6,10.5
202204030609,11,3.2,160.8,26.8
202204030610,18,5.6,266.0,62.6
202204030611,11,3.5,95.5,18.2
202204030612,15,3.0,114.0,48.7
202210040601,12,2.7,129.8,25.3
202210040602,16,2.8,152.9,57.8
202210040603,16,1.8,188.6,74.0
202210040604,16,2.5,203.3,57.0
202210040605,10,2.0,51.7,13.7
202210040606,9,1.7,61.9,14.2
202210040607,16,3.1,171.0,48.5
202210040608,13,2.2,140.9,33.0
202210040609,7,1.4,48.3,6.9
202210040610,16,3.2,198.2,44.9
202210040611,11,2.9,99.0,19.5
202210040612,11,3.0,61.1,17.4
202201020701,14,2.4,168.1,39.7
202201020702,11,2.5,87.1,20.8
202201020703,13,1.9,144.2,35.6
202201020704,16,5.3,252.2,40.1
202201020705,13,3.3,174.7,28.7
202201020706,12,3.5,123.7,25.7
202201020707,16,5.6,206.8,39.2
202201020708,14,3.1,127.3,32.1
202201020709,16,4.2,173.9,44.9
202201020710,14,4.8,151.6,30.1
202201020711,14,6.5,82.4,25.7
202201020712,14,3.8,151.3,30.3
202204030701,14,2.1,195.9,48.1
202204030702,15,3.4,240.8,43.3
202204030703,15,4.2,264.8,44.7
202204030704,12,3.1,138.4,21.5
202204030705,7,2.4,24.0,7.1
202204030706,18,3.3,266.1,72.0
202204030707,18,5.0,261.3,58.7
202204030708,15,2.7,171.8,39.9
202204030709,12,2.2,168.9,27.2
202204030710,13,2.7,113.9,28.3
202204030711,15,3.3,169.3,38.7
202204030712,18,2.9,202.3,67.3
202210040701,11,1.9,86.8,22.1
202210040702,16,2.9,204.6,58.6
202210040703,18,6.2,194.3,55.3
202210040704,16,4.0,209.4,48.3
202210040705,7,1.4,39.7,8.4
202210040706,14,5.1,147.6,34.1
202210040707,14,2.8,124.3,35.2
202210040708,15,3.8,221.5,38.9
202210040709,10,2.7,89.3,16.5
202210040710,16,3.2,186.1,51.2
202210040711,18,2.9,200.7,60.5
202210040712,14,2.7,158.0,36.3
202201020801,8,2.4,26.9,9.3
202201020802,14,3.4,191.5,35.4
202201020803,14,4.0,153.3,35.2
202201020804,16,2.8,214.6,50.6
202201020805,14,2.3,185.5,36.1
202201020806,16,2.9,205.5,45.4
202201020807,14,6.4,156.0,30.3
202201020808,14,3.4,168.8,34.0
202201020809,14,3.7,176.9,31.9
202201020810,15,5.2,233.5,34.6
202201020811,11,2.3,73.1,21.3
202201020812,14,3.7,186.5,37.3
202204030801,13,2.9,194.1,40.1
202204030802,18,3.5,277.6,82.5
202204030803,15,3.5,122.5,35.3
202204030804,18,4.6,287.5,59.9
202204030805,13,2.7,158.6,28.0
202204030806,18,2.7,249.2,67.6
202204030807,15,3.6,204.2,43.0
202204030808,15,2.0,225.3,63.5
202204030809,14,4.5,133.6,30.4
202204030810,15,2.6,223.6,39.9
202204030811,18,5.2,230.3,48.8
202204030812,18,4.0,269.8,60.0
202210040801,9,1.5,55.6,17.1
202210040802,13,2.4,124.9,28.7
202210040803,16,4.1,225.8,50.7
202210040804,18,2.4,231.9,68.8
202210040805,11,2.3,91.0,20.0
202210040806,15,3.2,190.9,43.5
202210040807,16,3.4,168.1,48.3
202210040808,11,1.8,62.4,27.9
202210040809,18,4.5,189.7,56.1
202210040810,14,3.5,161.6,36.8
202210040811,13,3.0,155.6,28.3
202210040812,15,3.7,158.7,39.6
202206040101,13,2.7,189.2,30.0
202206040102,14,2.7,212.3,43.2
202206040103,12,2.2,122.3,27.3
202206040104,13,2.6,214.0,34.0
202206040105,8,1.8,56.0,10.7
202206040106,13,2.5,158.2,30.2
202206040107,13,2.2,165.6,32.7
202206040108,12,2.2,117.2,26.1
202206040109,10,1.7,83.4,17.5
202206040110,16,2.6,237.9,50.8
202206040111,12,3.3,142.7,28.5
202206040112,10,2.2,122.0,18.6
202207050101,12,3.1,77.7,22.0
202207050102,8,1.7,39.4,10.3
202207050103,9,2.0,44.7,16.3
202207050104,12,4.0,75.5,21.6
202207050105,8,1.6,65.4,11.8
202207050106,10,3.1,41.8,12.0
202207050107,11,3.2,77.9,17.3
202207050108,10,2.5,84.2,14.2
202207050109,13,2.2,128.7,31.0
202207050110,12,3.2,128.1,22.7
202207050111,16,4.3,211.7,39.4
202207050112,16,2.5,184.4,56.8
202206040201,16,2.9,261.7,54.0
202206040202,9,1.6,94.3,15.9
202206040203,12,2.6,167.8,27.0
202206040204,12,3.3,119.6,22.9
202206040205,16,3.4,259.4,59.1
202206040206,12,2.8,142.0,26.5
202206040207,13,2.7,213.4,32.6
202206040208,12,2.4,125.2,25.4
202206040209,9,1.5,94.5,15.6
202206040210,14,4.4,120.2,29.7
202206040211,14,4.3,127.5,30.3
202206040212,16,3.5,184.0,47.6
202207050201,11,2.6,86.9,22.6
202207050202,11,1.9,98.8,24.6
202207050203,13,3.7,138.9,28.3
202207050204,14,3.4,123.3,31.2
202207050205,7,1.7,42.9,8.4
202207050206,12,3.5,82.3,21.1
202207050207,12,2.8,81.1,24.2
202207050208,13,2.7,122.4,28.4
202207050209,8,1.9,77.7,11.2
202207050210,16,4.8,208.6,48.9
202207050211,13,1.6,165.9,42.1
202207050212,12,2.7,93.6,26.9
202206040301,14,1.9,186.5,46.2
202206040302,11,2.7,178.9,26.3
202206040303,16,3.2,244.3,53.7
202206040304,10,1.9,110.1,17.9
202206040305,13,2.2,155.7,35.0
202206040306,15,6.2,253.1,34.7
202206040307,8,1.6,72.9,10.8
202206040308,11,3.7,52.9,15.2
202206040309,15,3.3,203.2,41.5
202206040310,10,3.3,77.3,13.8
202206040311,16,2.7,225.8,48.6
202206040312,12,4.3,212.4,28.5
202207050301,10,1.5,74.3,21.2
202207050302,8,2.2,32.9,9.2
202207050303,14,3.2,155.2,30.3
202207050304,11,2.3,82.2,22.9
202207050305,10,2.2,82.9,13.9
202207050306,12,4.0,123.9,21.5
202207050307,14,2.3,174.1,38.5
202207050308,14,3.1,140.4,38.8
202207050309,11,2.9,122.9,18.8
202207050310,15,2.3,161.9,45.2
202207050311,10,3.3,51.8,13.0
202207050312,16,3.0,202.9,54.2
202206040401,12,2.1,113.6,25.2
202206040402,14,2.8,211.0,39.9
202206040403,12,3.0,147.5,27.1
202206040404,16,3.6,271.3,68.2
202206040405,16,3.6,240.9,49.1
202206040406,12,1.9,133.7,28.6
202206040407,13,2.6,173.5,37.4
202206040408,14,3.6,211.2,32.7
202206040409,16,3.2,236.8,48.2
202206040410,15,4.6,140.8,34.5
202206040411,16,2.7,184.5,51.0
202206040412,16,4.0,234.9,53.7
202207050401,10,3.3,90.8,13.7
202207050402,7,1.3,40.9,8.2
202207050403,8,1.6,41.8,10.4
202207050404,13,2.6,137.1,32.6
202207050405,11,2.4,68.8,21.5
202207050406,11,1.8,84.2,25.7
202207050407,15,3.3,185.9,40.3
202207050408,15,3.4,179.7,35.0
202207050409,11,2.8,99.4,18.9
202207050410,13,3.2,148.0,37.3
202207050411,14,3.1,158.7,33.3
202207050412,16,3.3,162.3,46.0
202206040501,10,1.7,93.8,17.7
202206040502,13,2.1,194.2,40.4
202206040503,11,1.5,125.1,26.2
202206040504,14,2.6,197.5,38.7
202206040505,12,1.8,110.9,31.0
202206040506,10,2.1,61.5,16.2
202206040507,9,1.9,68.4,13.4
202206040508,16,4.4,273.8,48.6
202206040509,15,3.4,220.0,42.0
202206040510,10,1.8,60.0,20.0
202206040511,13,3.1,141.5,28.1
202206040512,15,3.9,215.2,43.9
202207050501,10,2.3,66.0,18.0
202207050502,10,2.9,94.9,14.7
202207050503,8,1.9,38.3,10.2
202207050504,12,3.7,116.4,22.4
202207050505,14,4.7,113.9,28.8
202207050506,11,2.6,90.8,19.5
202207050507,15,3.4,156.7,38.0
202207050508,12,2.2,87.3,30.3
202207050509,8,2.1,36.7,10.4
202207050510,11,2.5,80.4,21.6
202207050511,16,3.2,234.8,49.6
202207050512,15,4.4,232.6,42.8
202206040601,15,1.8,224.2,67.0
202206040602,16,3.5,248.2,53.9
202206040603,16,7.2,293.2,37.4
202206040604,16,2.5,999.9,54.7
202206040605,16,2.5,220.8,56.7
202206040606,11,2.5,132.9,20.2
202206040607,12,3.1,175.0,27.4
202206040608,14,5.0,219.0,29.8
202206040609,10,2.4,122.6,14.5
202206040610,12,3.3,129.7,20.9
202206040611,16,3.9,229.7,50.6
202206040612,16,3.7,217.6,41.0
202207050601,10,2.4,60.0,16.3
202207050602,13,3.2,133.5,28.0
202207050603,11,2.2,123.2,24.4
202207050604,10,2.3,53.4,14.7
202207050605,14,3.3,147.2,34.7
202207050606,9,2.8,34.0,10.5
202207050607,16,2.1,212.3,65.9
202207050608,16,2.8,230.6,61.5
202207050609,7,1.6,24.7,8.2
202207050610,11,2.2,84.4,22.9
202207050611,17,3.6,246.9,52.5
202207050612,13,2.7,167.4,30.6
202206040701,11,2.2,162.3,23.6
202206040702,16,4.6,255.0,55.1
202206040703,14,2.2,152.7,38.0
202206040704,16,2.0,228.2,67.0
202206040705,10,2.6,119.0,16.1
202206040706,16,2.3,221.1,57.8
202206040707,16,2.9,212.0,51.7
202206040708,13,3.9,185.6,31.9
202206040709,13,1.8,128.2,39.1
202206040710,16,3.0,232.4,51.5
202206040711,13,2.9,159.6,29.7
202206040712,16,2.6,222.0,50.4
202207050701,12,2.4,138.5,25.8
202207050702,13,2.1,128.0,35.1
202207050703,15,5.3,206.3,35.0
202207050704,8,1.4,77.9,10.7
202207050705,8,2.0,34.0,8.7
202207050706,16,2.6,196.6,56.3
202207050707,11,3.0,118.8,19.6
202207050708,13,2.3,141.4,29.8
202207050709,17,2.7,204.4,60.7
202207050710,16,4.1,136.6,39.6
202207050711,17,3.5,191.7,50.3
202207050712,16,4.3,247.0,44.3
202206040801,12,2.3,155.8,26.0
202206040802,16,2.4,238.2,66.3
202206040803,15,2.8,227.6,48.3
202206040804,17,3.3,260.7,62.9
202206040805,16,4.3,271.2,46.9
202206040806,16,3.1,259.1,56.8
202206040807,8,1.8,70.4,10.6
202206040808,16,2.7,248.5,59.9
202206040809,7,1.9,48.7,6.2
202206040810,14,2.8,195.8,34.8
202206040811,16,4.8,224.7,49.2
202206040812,16,3.6,234.8,51.4
202207050801,15,2.0,161.0,53.9
202207050802,10,2.6,77.6,15.2
202207050803,12,2.7,118.1,26.5
202207050804,16,3.2,221.3,55.5
202207050805,14,2.3,133.0,35.5
202207050806,16,2.5,166.7,53.9
202207050807,14,3.0,167.7,31.6
202207050808,15,2.4,182.6,50.2
202207050809,9,2.1,49.6,10.8
202207050810,17,3.9,200.5,50.7
202207050811,16,2.8,181.3,51.4
202207050812,13,2.6,127.5,33.6
202206040901,16,3.1,266.9,58.1
202206040902,14,2.8,162.8,38.8
202206040903,16,4.1,135.3,41.7
202206040904,15,3.1,231.3,38.8
202206040905,14,5.2,149.0,30.0
202206040906,16,4.6,248.6,58.0
202206040907,12,3.0,66.5,23.6
202206040908,16,4.0,209.2,42.7
202206040909,8,2.2,67.8,10.3
202206040910,14,3.1,152.7,35.4
202206040911,16,2.0,193.5,57.7
202206040912,15,4.4,270.8,42.0
202207050901,11,1.9,76.4,22.7
202207050902,11,2.3,81.5,23.6
202207050903,13,2.9,120.3,28.6
202207050904,13,2.4,161.5,33.3
202207050905,14,2.8,117.3,37.6
202207050906,15,4.9,206.6,34.0
202207050907,16,4.7,189.0,38.6
202207050908,17,3.8,241.6,54.8
202207050909,10,2.0,80.2,19.5
202207050910,15,2.0,161.0,54.9
202207050911,12,2.8,144.8,25.9
202207050912,16,2.6,196.5,49.0
202205040101,16,2.4,250.9,64.5
202205040102,15,2.2,216.6,47.9
202205040103,16,2.1,219.3,66.1
202205040104,16,2.5,246.5,71.3
202205040105,17,2.2,252.9,81.4
202205040106,18,2.7,269.8,80.8
202205040107,16,3.7,206.9,46.3
202205040108,13,3.5,180.6,30.7
202205040109,13,4.6,160.8,28.9
202205040110,16,2.9,242.2,61.1
202205040111,9,1.8,70.6,17.5
202205040112,16,4.0,265.4,57.4
202209040101,10,1.7,59.5,12.9
202209040102,10,1.7,71.8,21.9
202209040103,10,1.9,51.1,17.1
202209040104,7,1.4,44.7,7.3
202209040105,18,3.9,182.1,54.4
202209040106,11,2.1,90.8,21.9
202209040107,14,3.2,169.7,32.4
202209040108,16,5.8,196.8,40.2
202209040109,13,2.1,135.7,33.2
202209040110,18,2.8,211.8,62.1
202209040111,16,3.3,161.4,50.5
202209040112,13,2.1,139.2,35.6
202205040201,16,2.7,235.8,49.5
202205040202,12,1.9,174.4,38.2
202205040203,9,1.6,112.3,15.6
202205040204,16,4.0,242.0,50.3
202205040205,15,2.9,219.0,50.6
202205040206,16,3.2,229.2,53.2
202205040207,14,3.5,194.5,34.5
202205040208,13,3.8,210.7,34.4
202205040209,11,2.7,145.0,22.1
202205040210,16,3.0,233.0,45.8
202205040211,10,3.0,132.5,15.5
202205040212,16,2.6,183.1,51.7
202209040201,8,1.8,44.6,9.3
202209040202,10,2.0,92.6,21.1
202209040203,11,2.4,114.2,20.0
202209040204,7,1.7,42.0,8.4
202209040205,9,2.1,52.4,11.0
202209040206,16,2.6,212.5,53.7
202209040207,16,4.3,194.7,53.8
202209040208,7,1.5,41.1,6.9
202209040209,15,3.1,201.2,46.1
202209040210,15,2.8,215.8,46.1
202209040211,16,2.7,177.7,53.1
202209040212,16,2.8,191.8,52.5
202205040301,14,2.3,198.3,40.0
202205040302,14,2.9,155.9,35.0
202205040303,8,1.6,90.6,12.3
202205040304,9,1.9,88.3,16.7
202205040305,13,2.9,194.8,31.2
202205040306,16,3.2,237.4,59.7
202205040307,13,2.2,183.1,32.5
202205040308,18,3.1,258.6,72.7
202205040309,16,3.1,172.3,51.8
202205040310,10,2.3,55.6,14.5
202205040311,16,3.1,220.1,44.6
202205040312,16,2.0,239.4,68.4
202209040301,12,3.3,117.0,24.9
202209040302,11,2.1,113.1,24.9
202209040303,12,3.2,137.5,24.6
202209040304,13,2.5,184.5,29.8
202209040305,9,1.7,55.3,16.5
202209040306,11,2.6,69.2,17.8
202209040307,14,2.9,126.6,34.8
202209040308,6,1.2,30.7,4.8
202209040309,11,2.1,82.3,20.2
202209040310,12,2.6,130.8,26.8
202209040311,14,5.0,66.4,29.5
202209040312,15,2.5,212.7,48.2
202204040101,11,2.1,94.7,21.7
202204040102,15,2.6,169.8,43.9
202204040103,15,2.5,227.5,47.9
202204040104,10,2.1,91.1,14.1
202204040105,17,3.3,267.4,46.9
202204040106,11,3.8,73.7,16.6
202204040107,14,4.1,89.2,29.2
202204040108,13,2.9,167.4,28.7
202204040109,13,2.3,162.9,32.0
202204040110,18,4.8,248.1,61.6
202204040111,18,5.2,202.6,57.2
202204040112,13,3.1,164.1,28.3
202205040401,9,1.5,55.7,15.2
202205040402,7,1.8,75.2,7.6
202205040403,18,3.3,268.5,80.2
202205040404,12,3.0,136.2,23.1
202205040405,11,2.5,87.6,19.8
202205040406,12,2.5,112.4,27.4
202205040407,14,3.3,191.6,33.8
202205040408,8,1.5,42.0,9.8
202205040409,8,2.1,37.3,8.7
202205040410,18,2.9,249.5,73.1
202205040411,15,3.2,157.6,38.7
202205040412,16,3.8,175.1,42.6
202209040401,10,1.9,91.9,22.1
202209040402,9,1.5,72.1,21.0
202209040403,5,1.3,10.5,2.7
202209040404,11,4.6,76.5,18.1
202209040405,10,2.4,97.7,15.2
202209040406,11,3.1,97.2,21.6
202209040407,15,2.0,129.8,51.5
202209040408,12,3.6,119.3,25.0
202209040409,7,1.7,42.0,7.7
202209040410,7,2.2,24.7,6.3
202209040411,16,4.2,191.3,46.0
202209040412,15,2.5,214.7,48.0
202204040201,16,2.6,214.7,49.1
202204040202,9,1.9,72.5,12.5
202204040203,15,3.1,249.8,40.6
202204040204,10,2.5,84.5,17.5
202204040205,15,2.8,225.2,44.1
202204040206,12,3.0,59.9,23.9
202204040207,18,4.8,286.6,47.7
202204040208,15,2.9,210.4,37.7
202204040209,11,3.0,94.7,19.5
202204040210,15,3.7,223.1,40.5
202204040211,18,3.4,172.1,57.9
202204040212,12,2.4,124.2,26.7
202205040501,11,1.7,120.8,23.2
202205040502,9,1.7,79.5,13.3
202205040503,14,1.8,187.3,43.3
202205040504,15,3.8,256.9,36.6
202205040505,18,3.1,255.9,73.6
202205040506,9,2.1,74.4,14.8
202205040507,12,4.3,95.9,21.0
202205040508,15,3.6,241.9,36.1
202205040509,12,1.8,147.1,30.0
202205040510,14,3.5,163.1,32.4
202205040511,16,3.4,175.1,41.9
202205040512,18,4.2,269.7,59.1
202209040501,10,2.0,77.4,17.5
202209040502,8,1.5,53.4,12.4
202209040503,8,2.2,60.4,10.0
202209040504,12,3.6,138.7,25.6
202209040505,8,3.1,29.6,7.8
202209040506,13,2.1,128.5,35.3
202209040507,10,1.9,54.0,13.4
202209040508,13,2.6,162.2,28.7
202209040509,7,1.4,59.7,7.5
202209040510,9,2.2,41.6,12.4
202209040511,16,2.8,213.9,53.8
202209040512,15,4.8,245.6,36.9
202204040301,13,3.1,155.1,27.8
202204040302,15,1.9,200.5,53.8
202204040303,13,1.7,138.4,41.3
202204040304,11,2.4,118.7,20.0
202204040305,18,3.5,227.6,61.9
202204040306,10,4.2,45.7,12.8
202204040307,18,7.9,242.4,49.4
202204040308,15,2.8,209.6,46.4
202204040309,16,2.5,191.2,56.8
202204040310,13,3.2,138.3,28.5
202204040311,14,3.6,125.0,30.1
202204040312,13,2.7,169.2,32.9
202205040601,13,2.3,193.1,34.2
202205040602,14,3.5,156.1,30.7
202205040603,12,2.0,138.6,29.3
202205040604,14,3.1,199.2,38.9
202205040605,11,3.1,77.6,18.7
202205040606,16,2.5,239.6,58.0
202205040607,13,4.7,181.7,28.8
202205040608,16,2.2,227.0,57.7
202205040609,8,1.7,52.0,8.9
202205040610,11,2.5,84.8,17.0
202205040611,16,3.4,197.8,47.5
202205040612,11,3.1,142.9,20.1
202209040601,12,2.9,92.9,22.3
202209040602,10,2.3,83.1,17.9
202209040603,10,3.0,91.9,13.3
202209040604,18,3.3,225.0,61.5
202209040605,10,2.5,76.4,16.3
202209040606,11,2.4,86.9,22.0
202209040607,9,2.6,57.7,11.9
202209040608,9,2.4,71.1,11.1
202209040609,10,2.6,73.6,18.4
202209040610,11,2.4,133.6,18.6
202209040611,16,5.2,125.7,36.1
202209040612,14,2.7,130.0,35.1
202204040401,13,2.8,154.6,31.2
202204040402,15,2.8,218.7,47.2
202204040403,10,2.0,56.7,13.8
202204040404,13,2.0,139.5,36.5
202204040405,15,2.6,173.5,43.7
202204040406,13,2.3,110.8,29.3
202204040407,15,2.7,138.7,46.4
202204040408,11,3.2,70.8,17.3
202204040409,16,4.5,169.4,41.0
202204040410,15,5.4,270.9,34.7
202204040411,14,3.7,142.1,30.4
202204040412,15,4.0,187.7,38.5
202205040701,14,2.5,202.5,41.0
202205040702,15,2.4,244.2,57.0
202205040703,16,3.9,276.8,55.9
202205040704,17,3.0,267.5,68.5
202205040705,13,3.1,176.5,29.4
202205040706,7,1.9,58.2,7.1
202205040707,14,3.5,110.9,30.9
202205040708,11,3.7,119.9,17.6
202205040709,9,1.6,61.3,15.4
202205040710,10,2.1,56.4,15.6
202205040711,15,3.8,161.8,33.8
202205040712,13,2.8,97.0,29.6
202209040701,12,2.9,129.4,25.2
202209040702,11,1.7,86.8,28.4
202209040703,10,2.1,100.0,16.0
202209040704,15,1.8,187.9,61.5
202209040705,11,2.1,84.8,23.0
202209040706,15,3.4,217.8,37.8
202209040707,16,3.0,202.1,45.9
202209040708,9,2.2,81.1,12.8
202209040709,13,2.9,196.9,34.8
202209040710,10,2.5,50.1,13.9
202209040711,18,4.3,255.9,60.0
202209040712,16,2.1,210.9,62.5
202204040501,12,2.1,110.4,27.2
202204040502,12,2.2,148.5,29.3
202204040503,14,2.1,140.0,40.0
202204040504,11,2.3,111.1,21.2
202204040505,18,2.9,256.9,70.7
202204040506,11,3.5,58.8,16.3
202204040507,18,4.6,214.4,55.4
202204040508,13,3.0,154.5,29.2
202204040509,15,3.3,145.3,37.3
202204040510,18,2.9,221.6,64.1
202204040511,14,3.4,97.6,33.7
202204040512,11,2.3,119.6,20.6
202205040801,11,2.2,114.3,22.9
202205040802,16,3.5,230.4,55.3
202205040803,9,1.6,89.1,15.0
202205040804,15,3.0,265.7,51.9
202205040805,15,3.9,202.3,40.0
202205040806,12,2.9,170.9,24.9
202205040807,13,3.3,121.8,28.6
202205040808,11,3.5,111.1,19.1
202205040809,16,3.5,170.1,41.6
202205040810,12,3.4,171.8,23.8
202205040811,10,2.7,70.8,17.4
202205040812,16,2.7,163.8,52.2
202209040801,10,2.6,76.0,14.9
202209040802,11,2.3,144.0,25.3
202209040803,13,5.7,148.1,30.8
202209040804,13,2.8,132.0,28.1
202209040805,11,2.9,111.7,20.4
202209040806,13,2.8,178.4,32.4
202209040807,18,3.0,205.1,71.5
202209040808,10,2.8,79.6,14.5
202209040809,7,1.9,25.3,6.0
202209040810,14,2.9,157.7,36.7
202209040811,18,5.6,230.6,55.4
202209040812,12,2.3,119.0,27.4
202204040601,14,3.2,158.8,34.6
202204040602,13,2.3,133.5,33.9
202204040603,11,2.3,97.0,20.7
202204040604,14,3.3,185.9,29.3
202204040605,18,2.7,237.8,67.6
202204040606,12,2.3,83.2,30.3
202204040607,13,2.7,119.0,29.0
202204040608,10,2.4,114.0,16.9
202204040609,18,3.1,216.1,65.1
202204040610,15,2.1,208.4,54.6
202204040611,18,5.0,167.5,53.7
202204040612,18,4.3,247.2,64.8
202205040901,14,4.1,224.1,34.9
202205040902,10,2.1,91.7,19.1
202205040903,10,1.8,73.4,16.2
202205040904,15,2.2,223.3,51.3
202205040905,14,3.6,223.8,34.5
202205040906,16,3.0,244.3,52.6
202205040907,10,2.1,62.0,14.8
202205040908,11,3.1,87.8,18.7
202205040909,13,4.6,178.4,23.1
202205040910,16,3.1,163.4,50.5
202205040911,15,2.9,194.4,46.7
202205040912,16,2.7,199.6,51.7
202209040901,12,3.4,119.0,23.6
202209040902,8,1.6,44.7,11.8
202209040903,14,3.6,181.6,37.3
202209040904,13,2.0,130.7,40.2
202209040905,12,2.7,87.3,26.4
202209040906,11,2.3,99.7,18.4
202209040907,12,2.5,124.4,26.6
202209040908,10,2.5,110.3,14.7
202209040909,9,1.9,121.3,15.4
202209040910,14,5.3,169.1,30.4
202209040911,15,2.5,150.3,47.1
202209040912,14,2.7,164.9,33.2
202203030101,16,3.6,245.9,48.6
202203030102,16,2.4,201.8,53.1
202203030103,15,3.7,177.1,40.6
202203030104,14,3.1,153.1,31.3
202203030105,8,2.0,43.1,10.6
202203030106,11,5.1,99.2,16.7
202203030107,16,3.7,179.9,42.4
202203030108,16,3.8,254.8,52.4
202203030109,15,2.7,212.1,51.4
202203030110,16,3.7,228.8,50.7
202203030111,15,3.6,197.7,40.9
202203030112,16,3.0,201.6,51.5
202205050101,16,2.0,236.8,61.4
202205050102,14,2.5,200.4,40.8
202205050103,15,2.6,197.5,43.2
202205050104,11,2.3,142.5,22.9
202205050105,16,2.2,229.3,63.4
202205050106,10,2.6,38.9,18.6
202205050107,14,3.0,151.9,31.1
202205050108,16,7.6,177.6,35.7
202205050109,16,4.1,207.4,43.6
202205050110,10,2.2,127.7,16.9
202205050111,18,3.5,250.4,55.8
202205050112,10,1.9,91.2,19.9
202209050101,10,2.1,96.5,16.5
202209050102,14,2.3,147.4,39.9
202209050103,11,2.6,94.2,26.2
202209050104,8,1.7,56.6,10.2
202209050105,12,2.6,135.4,25.8
202209050106,9,2.0,53.1,18.4
202209050107,16,2.7,188.9,49.7
202209050108,12,2.1,119.3,30.5
202209050109,10,2.2,50.5,13.1
202209050110,16,3.1,229.2,57.4
202209050111,12,2.1,133.4,27.6
202209050112,12,2.2,122.4,28.1
202203030201,11,2.3,76.5,17.5
202203030202,16,2.0,192.6,64.0
202203030203,15,3.9,256.4,41.7
202203030204,12,2.3,125.0,28.5
202203030205,16,2.7,204.5,51.9
202203030206,16,3.0,252.8,63.1
202203030207,15,3.2,223.1,47.4
202203030208,16,3.3,170.7,45.0
202203030209,15,4.4,168.1,33.1
202203030210,15,3.8,228.5,38.8
202203030211,13,3.5,160.4,28.4
202203030212,16,5.1,198.5,43.5
202205050201,11,2.1,144.9,25.3
202205050202,15,5.2,213.9,46.9
202205050203,10,1.4,79.8,16.5
202205050204,16,2.4,247.0,57.7
202205050205,10,2.3,112.8,16.6
202205050206,17,3.5,249.0,57.1
202205050207,12,3.0,122.0,25.1
202205050208,16,2.7,240.6,57.9
202205050209,9,2.7,26.6,12.5
202205050210,16,2.2,231.2,57.2
202205050211,18,4.0,210.4,54.9
202205050212,14,5.3,137.7,29.0
202209050201,8,1.6,46.4,10.2
202209050202,12,2.0,97.8,27.9
202209050203,6,1.1,31.5,5.4
202209050204,12,3.2,120.0,24.1
202209050205,13,2.8,128.1,28.5
202209050206,17,4.0,223.1,52.5
202209050207,12,2.9,147.6,26.3
202209050208,16,3.2,159.3,44.1
202209050209,7,1.9,23.9,6.6
202209050210,10,3.3,71.2,15.7
202209050211,16,2.7,213.6,53.6
202209050212,9,1.9,74.9,15.8
202203030301,16,2.9,185.4,50.8
202203030302,14,2.5,169.0,34.2
202203030303,16,2.5,216.6,57.1
202203030304,16,3.4,232.0,49.7
202203030305,14,3.1,143.8,33.1
202203030306,16,4.9,146.2,42.0
202203030307,15,2.7,157.2,46.7
202203030308,16,6.1,225.9,37.9
202203030309,15,2.9,232.8,48.5
202203030310,16,5.8,246.1,46.0
202203030311,15,2.5,220.1,39.8
202203030312,16,3.0,219.7,46.4
202205050301,16,2.1,195.2,59.6
202205050302,12,2.1,192.3,33.8
202205050303,11,1.7,160.1,23.2
202205050304,16,2.5,247.9,60.9
202205050305,11,2.2,159.2,22.7
202205050306,15,3.0,210.6,43.1
202205050307,13,3.4,215.8,40.8
202205050308,16,2.7,225.7,51.8
202205050309,16,2.5,164.8,51.1
202205050310,16,3.2,221.2,46.9
202205050311,16,3.9,154.3,42.9
202205050312,9,2.9,26.7,11.0
202209050301,7,1.4,40.9,8.0
202209050302,15,3.5,167.8,35.9
202209050303,11,2.3,124.0,22.2
202209050304,9,1.8,52.9,12.4
202209050305,13,3.4,124.8,27.8
202209050306,15,4.3,163.2,34.5
202209050307,16,2.3,188.7,60.2
202209050308,13,2.8,177.4,33.6
202209050309,10,2.5,999.9,14.7
202209050310,14,2.9,127.4,32.9
202209050311,10,2.5,121.2,12.7
202209050312,11,2.1,99.3,24.8
202203030401,15,3.4,213.5,44.7
202203030402,16,2.3,203.8,51.1
202203030403,15,7.9,176.2,31.0
202203030404,8,1.9,68.0,9.7
202203030405,8,1.6,53.6,9.5
202203030406,15,2.0,159.1,51.1
202203030407,16,4.7,172.5,41.5
202203030408,16,3.8,171.6,41.0
202203030409,16,3.8,194.7,43.0
202203030410,15,2.5,166.2,41.8
202203030411,16,4.3,214.0,47.7
202203030412,16,4.9,247.0,45.5
202205050401,16,2.5,253.8,54.6
202205050402,12,2.5,162.1,26.2
202205050403,17,2.1,203.2,74.8
202205050404,15,4.6,215.6,36.2
202205050405,9,1.5,96.1,17.3
202205050406,9,1.8,85.5,12.6
202205050407,16,4.9,202.9,40.6
202205050408,15,2.7,184.6,43.5
202205050409,14,2.4,172.6,40.7
202205050410,15,2.3,150.8,51.7
202205050411,18,5.2,226.7,54.8
202205050412,11,1.9,91.7,24.7
202209050401,11,1.9,139.0,25.0
202209050402,14,3.5,184.8,34.7
202209050403,15,2.9,226.4,51.5
202209050404,10,4.1,76.8,14.6
202209050405,7,1.9,32.8,8.3
202209050406,12,2.5,113.2,25.7
202209050407,11,1.8,99.7,24.4
202209050408,14,4.2,183.6,30.6
202209050409,9,2.8,74.7,10.8
202209050410,16,5.6,157.1,39.4
202209050411,18,6.3,241.0,51.5
202209050412,13,3.3,195.0,28.2
202203030501,15,3.4,213.3,46.1
202203030502,15,4.2,230.2,41.3
202203030503,16,2.5,235.5,62.8
202203030504,16,3.3,190.7,50.2
202203030505,11,3.2,87.7,17.8
202203030506,16,3.0,216.9,46.7
202203030507,16,4.9,239.1,39.7
202203030508,16,3.8,227.5,52.5
202203030509,16,3.3,158.0,44.5
202203030510,16,6.9,218.0,34.8
202203030511,16,5.2,237.4,48.8
202203030512,16,2.5,197.7,55.2
202205050501,16,1.8,213.0,66.5
202205050502,14,2.4,189.1,36.2
202205050503,16,2.9,245.1,53.9
202205050504,16,1.9,228.5,77.8
202205050505,14,2.5,161.7,39.1
202205050506,9,2.1,74.3,12.0
202205050507,16,3.6,232.7,55.7
202205050508,14,3.8,179.0,30.5
202205050509,16,4.5,241.5,51.1
202205050510,16,5.0,236.6,43.8
202205050511,11,3.4,87.8,18.7
202205050512,18,3.5,228.9,65.3
202209050501,15,2.2,214.2,54.2
202209050502,11,2.4,79.5,17.6
202209050503,13,3.3,139.3,28.8
202209050504,13,3.9,139.7,28.7
202209050505,14,3.0,157.5,34.7
202209050506,16,3.2,232.3,54.4
202209050507,11,2.1,79.2,23.7
202209050508,16,2.7,206.3,56.5
202209050509,16,3.2,207.9,53.6
202209050510,12,3.0,112.5,23.0
202209050511,11,2.9,59.1,16.3
202209050512,18,3.1,214.8,59.2
202203030601,16,2.5,225.7,53.9
202203030602,15,3.2,216.8,42.1
202203030603,15,4.4,165.0,37.7
202203030604,12,3.0,146.6,24.2
202203030605,11,2.2,99.9,22.3
202203030606,15,2.3,171.7,47.5
202203030607,16,2.9,223.8,48.5
202203030608,16,2.2,210.6,56.6
202203030609,15,2.7,231.7,51.4
202203030610,16,3.0,188.2,50.1
202203030611,14,4.2,153.0,30.5
202203030612,16,5.4,166.1,38.1
202205050601,16,2.3,250.0,59.4
202205050602,15,1.9,221.0,61.4
202205050603,17,2.8,258.2,75.6
202205050604,16,4.1,259.7,50.9
202205050605,10,2.3,35.0,15.5
202205050606,18,2.9,277.4,86.9
202205050607,16,3.0,207.2,49.2
202205050608,6,1.7,18.6,4.8
202205050609,16,2.7,193.4,51.4
202205050610,10,2.3,132.0,16.9
202205050611,14,3.2,81.0,33.3
202205050612,16,3.4,262.3,54.7
202209050601,12,3.4,150.2,27.1
202209050602,14,3.5,131.0,31.3
202209050603,14,2.2,171.9,40.1
202209050604,9,2.5,47.7,12.6
202209050605,9,2.7,60.5,10.9
202209050606,12,3.2,126.8,24.7
202209050607,16,2.8,212.9,50.2
202209050608,5,1.6,5.0,3.1
202209050609,16,4.1,213.2,47.4
202209050610,11,2.4,98.6,22.6
202209050611,17,3.7,265.3,50.1
202209050612,14,3.3,196.1,35.4
202205050701,16,3.3,245.9,56.3
202205050702,18,4.6,279.2,68.4
202205050703,16,2.4,226.3,58.4
202205050704,12,1.9,140.7,28.6
202205050705,18,3.8,268.7,75.3
202205050706,16,2.6,236.6,55.3
202205050707,7,1.7,81.0,8.5
202205050708,16,4.6,249.3,50.7
202205050709,10,2.4,90.3,16.5
202205050710,14,2.5,162.1,37.9
202205050711,18,5.7,198.9,53.5
202205050712,13,2.2,113.8,36.4
202209050701,11,2.0,99.8,22.3
202209050702,13,3.1,165.1,33.6
202209050703,16,4.1,186.9,44.7
202209050704,16,3.5,229.3,49.8
202209050705,18,2.7,221.6,63.4
202209050706,9,1.6,61.5,14.8
202209050707,15,2.5,172.9,46.7
202209050708,13,3.1,142.1,27.6
202209050709,11,2.0,95.0,22.9
202209050710,16,2.6,176.6,56.8
202209050711,15,3.3,182.1,39.2
202209050712,16,3.5,196.5,49.8
202205050801,16,2.8,250.4,57.8
202205050802,17,2.6,250.7,84.8
202205050803,16,4.1,224.7,60.0
202205050804,9,1.5,124.1,18.5
202205050805,16,2.6,220.6,53.6
202205050806,16,3.4,257.6,59.2
202205050807,16,3.6,227.3,51.7
202205050808,10,2.5,70.8,15.8
202205050809,15,2.6,198.9,48.3
202205050810,16,5.8,213.9,36.0
202205050811,16,3.4,167.9,46.9
202205050812,18,3.0,260.9,66.5
202209050801,13,2.8,161.2,29.0
202209050802,16,2.3,172.1,51.7
202209050803,12,3.4,98.9,23.0
202209050804,16,2.9,209.6,51.3
202209050805,8,1.5,43.0,9.3
202209050806,14,4.0,142.9,34.8
202209050807,8,1.6,48.3,10.7
202209050808,16,2.2,217.0,55.9
202209050809,11,4.3,88.2,19.4
202209050810,13,2.5,135.1,30.1
202209050811,16,4.4,152.1,38.3
202209050812,16,3.8,240.4,43.5
202206050101,16,3.3,261.4,55.6
202206050102,16,2.9,234.5,49.2
202206050103,15,3.1,179.5,40.4
202206050104,16,3.2,198.5,49.7
202206050105,16,3.5,260.6,51.3
202206050106,16,3.7,253.1,54.6
202206050107,11,2.7,158.6,23.7
202206050108,14,4.1,169.4,32.8
202206050109,18,3.6,202.3,62.5
202206050110,16,2.3,192.2,56.0
202206050111,14,4.1,153.7,30.7
202206050112,16,6.0,272.6,49.0
202207060101,14,2.7,187.3,34.7
202207060102,16,4.1,212.0,44.6
202207060103,13,3.1,142.9,29.7
202207060104,16,4.5,211.4,43.3
202207060105,16,4.2,214.9,47.1
202207060106,10,2.2,76.9,18.5
202207060107,16,4.3,225.2,47.4
202207060108,15,4.4,222.1,42.0
202207060109,15,3.2,208.4,42.2
202207060110,10,2.6,98.8,13.8
202207060111,11,2.6,132.5,22.1
202207060112,16,2.9,204.5,50.0
202209060101,13,2.1,151.9,39.0
202209060102,14,2.6,163.8,37.7
202209060103,14,3.3,133.1,32.3
202209060104,11,2.2,99.8,22.3
202209060105,12,2.0,99.9,28.5
202209060106,16,3.3,198.1,49.8
202209060107,9,2.1,58.1,12.5
202209060108,12,2.3,99.6,25.7
202209060109,12,2.4,143.6,26.3
202209060110,13,2.4,133.1,33.3
202209060111,14,3.6,146.5,35.9
202209060112,9,1.6,78.3,14.7
202206050201,16,2.1,233.9,64.8
202206050202,16,2.4,223.9,57.5
202206050203,16,1.9,183.0,62.7
202206050204,15,4.4,262.6,43.4
202206050205,14,3.6,162.4,31.9
202206050206,12,2.5,165.9,31.1
202206050207,16,2.5,238.2,58.9
202206050208,16,4.9,184.6,38.4
202206050209,16,3.2,225.2,46.9
202206050210,16,3.1,197.0,46.3
202206050211,16,3.8,209.7,47.6
202206050212,10,2.2,110.1,17.0
202207060201,14,2.8,154.5,33.0
202207060202,10,2.0,85.9,17.7
202207060203,16,4.9,216.4,45.5
202207060204,18,5.0,244.4,61.7
202207060205,9,2.4,60.5,11.4
202207060206,16,3.3,252.0,50.0
202207060207,12,3.3,113.9,25.6
202207060208,18,3.8,270.5,86.6
202207060209,12,4.2,183.1,27.7
202207060210,16,2.5,186.7,55.5
202207060211,16,2.8,216.6,63.7
202207060212,11,2.4,125.6,22.0
202209060201,13,2.6,136.4,37.3
202209060202,11,1.6,120.4,23.8
202209060203,11,1.9,90.0,22.4
202209060204,8,1.4,39.7,12.8
202209060205,14,6.8,116.2,27.5
202209060206,12,2.6,137.3,28.8
202209060207,9,2.1,63.4,13.3
202209060208,15,3.7,174.7,35.3
202209060209,8,2.3,93.9,10.4
202209060210,12,2.6,115.3,26.0
202209060211,14,2.4,124.8,33.8
202209060212,12,2.7,77.8,25.6
202206050301,16,3.7,246.6,54.1
202206050302,15,4.9,201.0,33.1
202206050303,16,2.2,224.9,66.4
202206050304,16,2.1,189.3,61.8
202206050305,16,2.4,234.2,61.7
202206050306,16,3.0,256.4,48.3
202206050307,16,4.8,166.3,36.4
202206050308,13,4.0,155.3,29.6
202206050309,11,2.8,129.0,20.6
202206050310,16,3.6,236.6,40.6
202206050311,16,3.4,177.3,43.6
202206050312,18,5.1,260.5,61.7
202207060301,13,2.3,150.8,33.4
202207060302,12,5.1,76.9,18.9
202207060303,14,2.4,169.5,38.2
202207060304,16,3.0,214.3,51.6
202207060305,13,2.6,133.8,30.5
202207060306,15,2.3,221.3,44.9
202207060307,15,2.0,201.8,47.9
202207060308,9,2.6,111.2,16.9
202207060309,13,4.2,163.3,28.3
202207060310,16,5.0,171.3,43.7
202207060311,18,3.2,229.9,59.1
202207060312,18,7.3,282.3,50.1
202209060301,13,1.9,128.9,34.6
202209060302,13,2.0,162.3,37.6
202209060303,11,3.2,75.4,18.6
202209060304,14,3.8,180.0,30.2
202209060305,9,1.9,70.8,13.7
202209060306,14,3.7,181.8,29.6
202209060307,16,3.8,209.3,47.4
202209060308,13,2.8,164.1,33.7
202209060309,13,2.3,122.0,30.4
202209060310,16,2.7,205.7,58.9
202209060311,9,2.6,87.9,11.2
202209060312,13,2.4,134.0,37.8
202206050401,16,3.9,250.5,42.6
202206050402,16,2.2,240.2,87.8
202206050403,15,2.5,198.0,45.7
202206050404,13,2.1,173.5,37.2
202206050405,16,3.3,267.3,48.4
202206050406,15,3.5,259.1,51.3
202206050407,15,3.4,242.0,45.3
202206050408,11,2.0,113.2,24.6
202206050409,16,3.3,239.2,48.7
202206050410,16,2.8,215.0,51.4
202206050411,16,3.7,199.0,45.4
202206050412,15,2.5,222.0,44.1
202207060401,11,2.9,131.2,22.5
202207060402,13,3.1,158.8,30.4
202207060403,11,3.0,77.3,18.4
202207060404,18,2.7,238.6,76.2
202207060405,12,3.0,142.1,26.1
202207060406,15,3.1,215.8,43.3
202207060407,12,2.8,94.7,24.9
202207060408,16,2.6,224.1,61.7
202207060409,10,2.0,72.9,16.0
202207060410,11,4.3,79.0,22.3
202207060411,16,2.6,209.7,54.7
202207060412,16,3.5,191.4,46.1
202209060401,9,1.9,71.8,17.5
202209060402,11,2.3,128.3,24.4
202209060403,15,1.9,193.9,49.4
202209060404,9,2.2,44.5,10.8
202209060405,14,4.0,165.6,29.6
202209060406,8,1.7,38.5,10.4
202209060407,10,2.0,61.5,19.3
202209060408,10,2.7,86.2,13.0
202209060409,12,4.9,97.3,21.0
202209060410,12,1.9,116.2,29.2
202209060411,18,2.9,242.0,61.2
202209060412,16,2.8,232.5,64.8
202206050501,16,1.9,230.9,63.1
202206050502,16,3.4,233.0,43.5
202206050503,16,2.3,174.0,60.2
202206050504,16,2.4,220.0,66.5
202206050505,17,4.6,249.5,52.4
202206050506,15,2.9,187.4,49.6
202206050507,18,3.4,266.3,75.3
202206050508,16,3.0,238.9,53.8
202206050509,13,2.4,201.3,30.2
202206050510,16,4.2,187.2,44.6
202206050511,16,4.9,175.0,34.9
202206050512,15,5.0,233.0,36.0
202207060501,16,3.3,215.9,50.9
202207060502,16,3.8,173.8,46.7
202207060503,11,2.8,93.7,21.7
202207060504,16,3.6,235.5,54.9
202207060505,8,1.8,41.4,9.6
202207060506,15,3.3,217.6,48.6
202207060507,16,3.9,190.9,50.7
202207060508,16,2.2,226.0,61.1
202207060509,10,2.0,82.3,15.4
202207060510,16,2.5,225.0,59.4
202207060511,16,3.4,210.1,48.7
202207060512,17,5.0,259.2,46.4
202209060501,14,2.5,159.5,40.7
202209060502,15,2.2,191.2,48.9
202209060503,16,1.8,195.2,66.6
202209060504,11,2.9,117.2,18.9
202209060505,9,2.3,38.3,12.3
202209060506,9,2.2,52.7,13.2
202209060507,18,2.3,200.6,72.1
202209060508,15,2.6,196.0,44.8
202209060509,11,1.7,84.0,23.0
202209060510,12,1.9,140.5,29.1
202209060511,16,2.7,181.1,51.0
202209060512,15,3.6,190.6,40.3
202206050601,16,1.8,214.0,74.3
202206050602,16,3.1,229.7,54.7
202206050603,16,3.2,262.5,44.6
202206050604,12,1.9,118.0,27.6
202206050605,16,2.9,214.8,53.6
202206050606,16,4.3,222.9,50.0
202206050607,16,4.1,223.2,52.1
202206050608,15,2.4,224.6,49.3
202206050609,16,3.9,167.5,42.0
202206050610,13,4.2,110.9,27.0
202206050611,16,5.1,157.8,39.7
202206050612,12,3.3,139.6,24.8
202207060601,16,2.9,224.3,54.6
202207060602,11,2.7,66.7,17.7
202207060603,16,2.6,217.0,50.6
202207060604,18,2.9,243.3,78.3
202207060605,18,4.2,193.5,52.5
202207060606,13,2.5,137.0,29.2
202207060607,16,2.3,205.3,64.0
202207060608,10,2.0,78.5,18.3
202207060609,15,5.2,261.2,44.2
202207060610,16,4.6,237.3,48.2
202207060611,16,3.1,208.4,46.7
202207060612,12,2.1,88.1,27.4
202209060601,12,2.6,110.3,23.6
202209060602,16,1.9,206.5,66.5
202209060603,15,2.2,206.7,59.7
202209060604,15,2.0,199.8,53.4
202209060605,8,2.3,37.4,9.7
202209060606,13,2.4,142.5,34.1
202209060607,7,1.5,28.2,6.9
202209060608,13,3.6,126.3,28.5
202209060609,16,2.4,162.4,59.2
202209060610,15,3.4,226.7,36.0
202209060611,17,3.1,240.1,56.1
202209060612,16,3.4,250.4,50.4
202206050701,16,2.2,248.8,64.3
202206050702,16,2.9,241.9,57.2
202206050703,16,2.6,226.1,54.6
202206050704,16,2.8,241.3,62.5
202206050705,16,2.7,234.2,63.6
202206050706,16,4.1,247.5,45.7
202206050707,16,4.0,231.6,45.7
202206050708,16,4.3,236.7,39.4
202206050709,16,2.8,236.1,52.1
202206050710,11,2.8,121.6,19.8
202206050711,16,2.4,238.5,56.5
202206050712,14,3.0,237.3,37.1
202209060701,15,2.5,225.9,44.4
202209060702,16,1.8,218.9,71.2
202209060703,16,2.2,207.5,55.8
202209060704,16,2.6,220.1,54.7
202209060705,18,3.7,226.8,61.2
202209060706,16,2.8,178.9,68.1
202209060707,10,3.2,76.4,15.6
202209060708,16,2.3,192.9,50.7
202209060709,9,2.2,60.8,11.5
202209060710,16,4.3,203.5,42.0
202209060711,18,4.6,243.9,63.3
202209060712,8,1.8,34.0,10.3
202206050801,16,2.4,224.8,53.2
202206050802,16,4.7,269.9,45.4
202206050803,16,4.4,275.3,51.2
202206050804,18,2.9,245.4,67.5
202206050805,16,3.6,200.8,42.8
202206050806,16,2.1,226.6,60.3
202206050807,16,3.0,228.5,56.1
202206050808,16,2.3,222.7,59.3
202206050809,16,2.9,222.0,60.2
202206050810,16,3.7,211.6,44.6
202206050811,16,2.2,186.1,58.6
202206050812,16,4.0,198.8,47.8
202209060801,16,1.7,179.5,79.3
202209060802,16,3.4,210.7,51.9
202209060803,15,2.3,162.9,45.6
202209060804,14,4.0,142.3,30.4
202209060805,9,2.0,54.6,12.4
202209060806,18,3.2,217.7,64.5
202209060807,12,2.1,124.6,27.2
202209060808,15,2.4,141.9,49.5
202209060809,15,3.6,200.5,42.7
202209060810,13,3.3,184.5,31.0
202209060811,16,3.2,152.3,47.8
202209060812,12,3.2,113.4,24.0
202206050901,16,2.7,219.5,55.4
202206050902,16,2.7,229.7,59.6
202206050903,16,2.6,227.0,48.1
202206050904,16,2.7,229.3,51.0
202206050905,16,3.5,216.7,50.1
202206050906,16,3.1,209.6,56.2
202206050907,18,4.6,189.9,55.8
202206050908,16,2.3,235.5,48.9
202206050909,16,4.8,223.4,40.4
202206050910,16,3.0,192.9,51.3
202206050911,18,3.9,265.6,58.1
202206050912,16,3.5,257.7,50.1
202209060901,13,2.8,140.7,30.2
202209060902,16,2.9,165.1,44.3
202209060903,16,4.7,228.0,51.1
202209060904,9,1.8,57.9,17.3
202209060905,18,6.5,222.8,55.9
202209060906,11,2.0,96.4,24.2
202209060907,16,3.5,171.2,48.1
202209060908,11,2.1,88.6,22.0
202209060909,16,4.2,236.7,49.6
202209060910,14,2.1,127.5,42.1
202209060911,13,3.2,147.7,28.9
202209060912,16,3.2,199.7,45.6
202306010101,16,2.6,232.4,65.0
202306010102,16,3.1,228.0,52.1
202306010103,16,2.9,265.2,57.3
202306010104,16,2.8,241.8,62.3
202306010105,16,3.6,246.7,57.2
202306010106,10,2.3,68.0,15.1
202306010107,16,5.2,227.5,40.7
202306010108,15,2.5,200.2,47.9
202306010109,12,2.3,176.1,28.6
202306010110,13,2.6,160.6,29.3
202306010111,17,4.5,170.0,46.7
202306010112,14,1.9,153.5,45.8
202307010101,13,2.3,139.8,33.3
202307010102,15,4.6,205.6,36.3
202307010103,12,2.4,78.9,26.6
202307010104,12,3.7,92.1,21.3
202307010105,12,3.3,62.0,27.2
202307010106,9,1.9,43.4,11.9
202307010107,16,3.2,135.0,43.6
202307010108,16,3.2,143.6,46.7
202307010109,16,3.0,191.9,50.9
202307010110,16,3.3,179.3,47.5
202307010111,16,4.1,166.3,41.6
202307010112,12,3.2,113.4,25.6
202306010201,16,2.2,250.9,74.0
202306010202,16,2.2,219.8,65.3
202306010203,16,3.0,215.6,51.4
202306010204,11,2.2,91.3,21.8
202306010205,16,2.6,164.9,55.7
202306010206,17,4.0,266.4,63.0
202306010207,16,6.1,256.3,39.4
202306010208,11,2.7,86.8,19.5
202306010209,16,6.1,200.2,40.0
202306010210,15,3.4,201.0,38.9
202306010211,13,6.8,140.8,28.2
202306010212,11,2.1,96.9,23.4
202307010201,15,4.1,149.3,39.2
202307010202,16,2.2,194.5,55.4
202307010203,13,2.8,142.7,29.2
202307010204,12,3.3,93.2,28.6
202307010205,15,2.8,225.1,46.0
202307010206,9,1.7,90.2,13.9
202307010207,12,2.8,133.5,25.4
202307010208,15,3.9,195.8,35.4
202307010209,14,3.5,147.6,34.2
202307010210,13,3.6,190.6,30.5
202307010211,14,1.9,140.0,42.5
202307010212,18,3.4,178.2,54.9
202306010301,16,2.5,225.1,54.6
202306010302,16,2.3,237.8,66.1
202306010303,16,3.4,235.8,49.4
202306010304,14,2.7,192.0,38.3
202306010305,17,2.8,252.6,75.1
202306010306,17,4.2,275.7,72.3
202306010307,16,3.6,173.9,43.6
202306010308,16,2.2,232.5,58.9
202306010309,12,2.8,123.9,26.9
202306010310,12,2.7,124.1,25.2
202306010311,14,3.5,208.0,33.4
202306010312,16,2.7,236.2,56.0
202307010301,15,2.5,150.9,44.6
202307010302,16,4.3,190.4,42.4
202307010303,11,2.1,69.4,23.5
202307010304,16,3.5,205.6,47.6
202307010305,18,4.0,191.9,52.7
202307010306,15,2.7,186.6,44.5
202307010307,16,4.0,204.0,45.2
202307010308,12,2.2,80.0,27.0
202307010309,16,3.8,215.1,45.9
202307010310,11,3.4,44.2,19.7
202307010311,7,1.9,23.0,6.6
202307010312,13,2.5,130.7,28.8
202306010401,15,3.3,269.0,51.8
202306010402,16,1.7,208.4,76.9
202306010403,16,2.4,229.8,61.8
202306010404,16,3.8,251.9,51.1
202306010405,16,6.0,271.2,53.9
202306010406,11,2.7,125.5,24.0
202306010407,16,2.3,217.0,57.1
202306010408,15,3.5,208.9,44.1
202306010409,16,3.8,133.9,42.5
202306010410,12,2.4,133.9,26.2
202306010411,16,4.9,268.9,44.7
202306010412,17,3.3,242.8,60.6
202307010401,11,1.7,67.2,36.1
202307010402,16,5.1,186.1,44.3
202307010403,12,3.7,120.0,21.2
202307010404,16,2.5,205.1,48.2
202307010405,16,4.4,255.5,54.3
202307010406,16,2.4,161.8,56.1
202307010407,18,4.1,257.6,61.1
202307010408,15,3.3,183.6,39.5
202307010409,14,2.8,136.1,35.8
202307010410,16,3.5,202.9,48.3
202307010411,15,3.0,172.8,49.4
202307010412,14,3.1,135.7,35.1
202306010501,16,2.5,201.0,56.2
202306010502,16,2.7,211.8,66.1
202306010503,16,2.3,236.6,68.6
202306010504,16,2.9,250.8,52.0
202306010505,16,3.9,226.7,42.0
202306010506,17,4.5,261.4,53.9
202306010507,16,2.1,207.3,59.9
202306010508,15,3.3,191.9,43.1
202306010509,13,2.7,174.9,28.9
202306010510,12,3.3,137.4,26.8
202306010511,16,4.7,168.8,43.6
202306010512,11,2.8,92.8,18.5
202307010501,16,2.8,188.6,52.9
202307010502,15,2.1,152.9,51.7
202307010503,13,3.1,157.6,28.6
202307010504,16,5.3,173.6,41.3
202307010505,18,3.1,242.4,80.3
202307010506,6,1.8,15.4,4.1
202307010507,9,2.0,86.2,14.5
202307010508,14,3.1,149.8,32.3
202307010509,8,1.6,49.0,11.8
202307010510,16,2.5,208.9,56.2
202307010511,15,3.8,225.2,39.8
202307010512,16,2.5,199.5,49.2
202310010101,16,3.4,210.8,50.4
202310010102,18,4.8,247.3,57.8
202310010103,14,3.3,126.9,33.3
202310010104,12,2.4,84.5,26.6
202310010105,11,2.4,125.5,23.1
202310010106,13,3.3,162.7,30.8
202310010107,11,2.0,72.7,23.6
202310010108,16,4.5,114.7,35.4
202310010109,16,3.0,154.8,48.8
202310010110,16,4.6,198.2,41.3
202310010111,16,4.1,198.1,45.2
202310010112,18,4.4,263.4,50.2
202306010601,16,2.9,246.7,61.1
202306010602,16,2.4,198.7,55.0
202306010603,16,2.2,243.8,62.3
202306010604,16,4.3,240.8,48.0
202306010605,16,3.3,189.2,47.7
202306010606,13,4.4,187.2,32.5
202306010607,16,2.1,203.7,57.7
202306010608,16,3.7,235.0,47.6
202306010609,11,1.9,111.9,24.5
202306010610,11,2.6,119.2,23.1
202306010611,9,1.9,53.6,12.3
202306010612,11,3.5,99.1,20.9
202307010601,11,2.5,79.7,17.6
202307010602,16,3.7,210.0,51.1
202307010603,14,3.6,169.0,32.5
202307010604,11,3.8,96.5,17.6
202307010605,12,2.0,136.2,28.8
202307010606,12,2.9,89.7,25.9
202307010607,14,2.3,134.3,37.0
202307010608,13,4.5,110.7,26.2
202307010609,14,2.8,161.7,38.4
202307010610,10,3.0,56.8,14.3
202307010611,14,3.7,177.6,32.7
202307010612,12,2.4,146.7,27.5
202310010201,14,3.6,94.4,31.0
202310010202,18,6.4,271.4,52.0
202310010203,14,3.2,140.4,31.4
202310010204,12,4.2,121.1,21.7
202310010205,18,4.1,224.8,58.0
202310010206,14,3.3,166.7,31.0
202310010207,13,3.6,158.2,28.8
202310010208,16,3.7,240.2,42.4
202310010209,18,5.6,258.6,58.6
202310010210,15,2.9,175.0,40.8
202310010211,14,4.4,137.5,30.0
202310010212,16,4.1,222.9,44.2
202306010701,16,2.8,237.2,56.5
202306010702,16,2.2,229.0,60.5
202306010703,16,4.6,270.8,46.7
202306010704,16,3.0,209.5,50.1
202306010705,13,2.9,210.1,37.7
202306010706,16,3.1,255.6,60.0
202306010707,13,2.6,126.3,31.3
202306010708,13,3.3,144.9,29.9
202306010709,16,2.7,226.3,55.3
202306010710,10,1.8,111.7,16.9
202306010711,14,2.9,155.8,36.5
202306010712,14,3.3,160.7,32.8
202307010701,13,3.1,164.8,28.1
202307010702,12,2.3,134.9,26.9
202307010703,16,4.1,245.4,46.1
202307010704,9,2.3,38.4,10.1
202307010705,11,2.3,95.2,21.1
202307010706,11,2.0,126.3,23.4
202307010707,16,3.3,188.2,44.8
202307010708,16,4.6,184.4,43.8
202307010709,16,3.1,179.1,48.8
202307010710,7,2.0,39.9,7.7
202307010711,9,3.2,75.5,10.3
202307010712,7,1.5,37.4,6.6
202310010301,16,2.6,172.1,58.0
202310010302,13,2.7,128.5,30.7
202310010303,14,2.0,178.6,42.1
202310010304,12,3.2,133.5,23.8
202310010305,12,5.3,83.2,18.2
202310010306,15,2.7,198.0,46.1
202310010307,9,2.8,83.9,12.9
202310010308,15,3.6,200.9,42.8
202310010309,8,1.6,49.2,10.2
202310010310,15,3.1,195.2,43.8
202310010311,16,3.1,205.4,46.2
202310010312,17,2.6,228.0,55.1
202306010801,16,3.2,260.5,61.0
202306010802,15,3.9,247.4,41.6
202306010803,16,2.4,223.3,57.0
202306010804,16,4.6,259.6,52.9
202306010805,15,2.7,234.7,49.4
202306010806,17,2.6,244.4,65.0
202306010807,13,3.1,140.2,28.7
202306010808,16,2.6,226.1,49.3
202306010809,10,2.1,92.2,16.6
202306010810,16,3.8,189.2,43.6
202306010811,14,3.1,147.5,35.2
202306010812,9,1.8,74.6,13.7
202307010801,15,2.4,184.5,47.4
202307010802,15,2.0,199.2,48.7
202307010803,16,3.8,229.9,49.8
202307010804,8,2.3,18.8,9.1
202307010805,11,2.1,127.1,22.9
202307010806,16,4.2,218.1,50.2
202307010807,12,2.3,77.4,28.0
202307010808,15,4.0,164.6,34.6
202307010809,8,1.7,52.0,10.9
202307010810,10,2.3,57.9,16.0
202307010811,15,3.2,226.9,39.4
202307010812,8,1.7,47.9,9.6
202310010401,15,2.3,203.1,48.3
202310010402,18,3.8,250.6,60.8
202310010403,14,3.3,181.3,32.8
202310010404,12,2.6,99.3,26.9
202310010405,16,5.4,182.4,34.7
202310010406,18,6.7,228.3,52.1
202310010407,8,2.1,69.1,10.0
202310010408,16,3.2,211.2,50.9
202310010409,12,2.9,76.0,23.3
202310010410,13,2.8,172.1,31.5
202310010411,16,3.7,212.8,44.3
202310010412,16,3.9,157.6,44.5
202305010101,16,2.2,225.3,61.6
202305010102,16,2.3,230.8,70.1
202305010103,16,2.1,221.9,63.8
202305010104,12,2.5,141.2,26.3
202305010105,16,2.9,237.7,56.3
202305010106,16,2.3,232.7,52.4
202305010107,16,2.7,198.8,53.3
202305010108,16,2.5,237.0,55.9
202305010109,15,2.2,198.6,48.4
202305010110,10,3.3,124.6,18.0
202305010111,10,2.3,86.6,15.8
202305010112,13,2.4,191.2,32.3
202307010901,11,2.4,84.2,21.8
202307010902,12,3.0,135.4,25.5
202307010903,15,2.2,157.1,48.8
202307010904,16,3.6,220.0,47.9
202307010905,8,1.7,66.5,10.3
202307010906,13,3.6,128.1,29.9
202307010907,8,2.0,28.5,9.1
202307010908,16,2.4,188.7,54.2
202307010909,7,1.7,24.7,5.6
202307010910,9,2.1,41.1,10.9
202307010911,16,3.3,210.9,53.9
202307010912,13,2.6,153.4,29.9
202310010501,12,3.2,95.8,25.0
202310010502,16,2.9,176.2,45.8
202310010503,14,3.3,174.6,34.4
202310010504,11,2.5,121.2,19.8
202310010505,10,2.9,46.7,12.1
202310010506,10,2.0,95.1,15.8
202310010507,15,2.9,214.5,49.9
202310010508,10,2.2,85.9,16.1
202310010509,14,4.6,151.5,30.9
202310010510,15,2.5,212.8,49.0
202310010511,18,3.0,186.1,69.0
202310010512,18,4.3,239.6,61.1
202305010201,16,2.5,259.2,69.1
202305010202,16,2.1,225.9,61.9
202305010203,16,2.2,229.7,61.7
202305010204,16,2.9,251.4,53.5
202305010205,16,2.8,253.0,61.2
202305010206,16,2.6,233.9,61.0
202305010207,11,2.5,95.8,23.5
202305010208,16,2.5,226.4,60.9
202305010209,8,2.1,34.1,8.3
202305010210,12,2.1,97.2,27.7
202305010211,16,2.7,198.9,55.4
202305010212,11,2.2,136.9,22.6
202307011001,13,2.6,131.6,29.4
202307011002,12,2.7,58.0,23.6
202307011003,15,2.3,220.8,58.3
202307011004,13,3.4,142.3,27.2
202307011005,16,2.7,199.0,49.1
202307011006,12,4.4,128.2,24.2
202307011007,8,2.2,33.4,7.1
202307011008,16,2.4,183.0,57.8
202307011009,7,1.4,45.3,6.1
202307011010,16,3.1,213.1,48.6
202307011011,15,3.7,203.8,40.6
202307011012,9,3.1,63.2,13.9
202310010601,13,3.2,87.9,27.7
202310010602,18,4.0,267.7,65.5
202310010603,11,2.7,115.1,21.8
202310010604,12,3.0,90.0,28.0
202310010605,18,3.9,232.7,58.0
202310010606,11,2.5,94.3,20.0
202310010607,13,3.6,164.8,29.4
202310010608,15,3.4,134.9,36.8
202310010609,14,5.6,131.3,30.3
202310010610,7,1.6,37.1,7.1
202310010611,18,3.8,228.7,56.1
202310010612,12,4.0,143.0,24.3
202305010301,16,2.4,234.2,54.7
202305010302,16,2.8,234.9,57.4
202305010303,16,2.8,259.0,60.8
202305010304,11,2.1,85.3,23.5
202305010305,18,3.4,260.5,67.6
202305010306,16,2.7,249.9,58.6
202305010307,15,2.5,216.5,46.6
202305010308,16,2.2,235.9,56.5
202305010309,11,2.7,189.2,25.9
202305010310,11,2.2,139.7,20.9
202305010311,12,2.5,121.9,27.7
202305010312,16,3.5,239.5,51.9
202307011101,15,3.1,194.0,43.3
202307011102,16,3.2,187.4,45.8
202307011103,16,2.7,216.6,60.0
202307011104,9,1.9,43.8,12.4
202307011105,13,2.0,137.5,34.6
202307011106,16,3.4,186.3,52.6
202307011107,11,3.0,70.7,18.7
202307011108,16,2.6,222.0,56.3
202307011109,9,2.3,76.1,12.3
202307011110,11,2.8,59.7,18.7
202307011111,16,3.6,202.0,47.6
202307011112,11,2.6,113.8,19.3
202310010701,12,2.1,124.5,26.8
202310010702,13,2.7,160.9,32.4
202310010703,14,2.3,115.2,40.5
202310010704,14,2.6,152.7,33.7
202310010705,12,2.8,128.3,29.9
202310010706,9,1.6,51.6,12.2
202310010707,13,2.5,150.4,29.0
202310010708,15,4.3,260.1,47.8
202310010709,13,4.5,145.3,26.2
202310010710,14,6.1,129.2,29.7
202310010711,14,3.3,179.9,31.8
202310010712,18,7.2,242.7,44.9
202305010401,16,2.7,207.2,56.3
202305010402,16,2.8,216.9,56.9
202305010403,16,2.6,237.9,58.9
202305010404,16,3.2,269.2,45.8
202305010405,16,2.4,222.9,61.6
202305010406,16,4.0,251.6,45.8
202305010407,16,4.3,253.9,46.1
202305010408,10,2.3,91.9,16.0
202305010409,10,2.2,90.6,14.9
202305010410,16,3.1,189.1,50.4
202305010411,16,3.0,223.4,48.1
202305010412,16,2.7,203.9,60.5
202307011201,11,2.7,122.5,20.3
202307011202,15,1.9,217.6,57.0
202307011203,16,2.0,197.7,67.8
202307011204,8,2.1,25.9,8.9
202307011205,15,2.6,203.0,43.4
202307011206,15,3.7,173.9,36.7
202307011207,9,1.8,70.2,14.6
202307011208,9,1.7,74.2,17.0
202307011209,14,2.7,121.3,35.3
202307011210,11,2.6,78.2,21.4
202307011211,8,1.5,29.8,11.0
202307011212,11,2.0,92.6,23.1
202310010801,15,3.1,228.5,44.1
202310010802,14,4.1,146.6,32.9
202310010803,14,4.2,155.7,31.2
202310010804,12,2.0,999.9,28.8
202310010805,16,6.7,237.7,45.4
202310010806,18,4.3,242.7,51.0
202310010807,9,2.0,73.0,13.4
202310010808,12,6.0,84.8,20.9
202310010809,18,5.0,251.3,52.1
202310010810,16,3.7,215.4,45.9
202310010811,15,2.5,180.7,42.0
202310010812,16,3.1,241.3,56.2
202305010501,16,3.6,236.2,50.4
202305010502,16,4.0,225.9,47.2
202305010503,16,3.8,250.5,48.5
202305010504,16,4.1,192.1,44.9
202305010505,16,4.2,250.3,54.8
202305010506,16,1.8,179.2,71.7
202305010507,14,3.3,229.3,40.3
202305010508,16,5.1,244.7,54.7
202305010509,13,2.2,208.0,35.2
202305010510,15,5.5,193.5,33.0
202305010511,16,3.2,228.2,55.8
202305010512,16,4.5,234.4,47.2
202309010101,12,2.5,75.5,25.3
202309010102,16,2.5,199.0,58.4
202309010103,10,2.1,74.8,14.3
202309010104,16,3.7,155.6,49.0
202309010105,18,2.3,222.3,68.9
202309010106,10,2.3,46.0,11.2
202309010107,8,1.9,39.6,8.7
202309010108,14,2.9,168.2,33.2
202309010109,10,2.2,84.1,14.1
202309010110,13,3.3,120.6,27.2
202309010111,11,3.2,82.6,20.3
202309010112,10,2.8,67.1,14.3
202310020101,16,2.6,209.6,58.4
202310020102,13,2.4,144.9,35.7
202310020103,14,3.5,155.4,34.2
202310020104,12,2.8,136.8,25.3
202310020105,11,4.4,89.5,17.6
202310020106,18,3.1,243.8,63.1
202310020107,11,2.3,87.7,22.1
202310020108,16,3.3,226.2,48.1
202310020109,12,2.6,140.8,25.5
202310020110,18,5.9,250.4,52.2
202310020111,15,2.6,175.2,45.7
202310020112,14,3.5,215.6,35.1
202305010601,16,2.2,245.6,68.1
202305010602,16,2.6,233.8,58.2
202305010603,16,3.6,243.4,53.1
202305010604,15,2.9,232.9,46.2
202305010605,16,2.6,218.0,65.5
202305010606,10,3.1,112.2,17.8
202305010607,15,3.8,231.9,38.6
202305010608,12,1.9,128.3,28.5
202305010609,16,2.5,177.5,55.0
202305010610,16,2.9,235.9,49.5
202305010611,12,3.3,133.9,26.2
202305010612,16,3.8,238.2,39.4
202309010201,16,1.9,205.7,58.2
202309010202,11,2.6,132.9,19.7
202309010203,16,2.8,215.6,47.9
202309010204,13,1.9,150.4,37.8
202309010205,10,3.2,88.4,17.9
202309010206,12,1.9,88.2,35.4
202309010207,16,4.4,189.6,40.5
202309010208,7,1.7,38.0,7.1
202309010209,17,2.9,243.5,58.3
202309010210,13,2.4,160.2,32.3
202309010211,13,2.4,137.1,33.5
202309010212,16,3.6,192.8,46.1
202310020201,16,3.2,207.1,50.2
202310020202,18,4.7,237.9,55.8
202310020203,14,3.2,190.2,36.2
202310020204,12,2.2,85.9,28.6
202310020205,13,3.8,140.7,28.4
202310020206,18,6.9,235.6,60.2
202310020207,8,1.5,36.2,12.2
202310020208,14,3.2,100.0,31.1
202310020209,14,4.3,140.6,30.6
202310020210,16,3.3,184.2,47.0
202310020211,18,5.1,217.5,52.5
202310020212,16,3.4,175.2,46.6
202305010701,16,3.5,250.6,49.5
202305010702,16,2.8,258.8,53.9
202305010703,16,3.2,265.0,71.1
202305010704,16,3.5,248.8,48.4
202305010705,18,2.3,251.9,82.8
202305010706,16,2.4,179.7,55.5
202305010707,16,2.6,242.5,59.0
202305010708,16,1.8,215.1,67.8
202305010709,10,2.6,111.8,16.9
202305010710,16,2.6,177.0,56.1
202305010711,16,3.3,166.1,46.8
202305010712,12,2.8,176.2,27.4
202309010301,12,2.0,117.3,26.9
202309010302,16,2.0,210.5,58.5
202309010303,9,3.0,82.9,12.1
202309010304,16,3.9,228.7,53.3
202309010305,16,5.6,211.9,41.3
202309010306,15,3.1,212.7,46.4
202309010307,8,2.7,28.8,8.7
202309010308,16,3.7,179.9,40.7
202309010309,12,3.0,79.9,24.9
202309010310,16,2.8,185.3,52.5
202309010311,18,8.6,232.8,53.1
202309010312,14,3.9,121.7,29.3
202310020301,16,1.9,203.8,65.9
202310020302,17,3.3,240.4,58.3
202310020303,14,2.2,141.2,44.1
202310020304,12,2.9,117.8,27.9
202310020305,12,2.6,130.2,26.3
202310020306,18,3.6,238.7,55.6
202310020307,12,3.5,131.6,26.1
202310020308,16,3.1,230.9,44.7
202310020309,12,2.6,150.0,27.0
202310020310,11,3.1,146.6,24.6
202310020311,18,7.2,249.8,46.9
202310020312,16,3.5,207.6,45.7
202305010801,16,4.1,245.3,51.5
202305010802,16,1.9,218.9,63.2
202305010803,16,2.4,200.6,54.4
202305010804,16,2.8,258.8,54.2
202305010805,16,1.9,198.0,66.5
202305010806,12,3.1,199.1,25.5
202305010807,16,3.5,200.6,46.9
202305010808,10,2.5,131.0,18.1
202305010809,14,3.6,134.5,32.9
202305010810,14,2.6,135.8,32.7
202305010811,16,2.8,193.7,42.6
202305010812,16,2.7,168.3,55.1
202309010401,13,2.2,115.6,30.2
202309010402,16,2.6,200.5,55.8
202309010403,11,2.3,125.3,22.1
202309010404,16,3.0,211.5,48.8
202309010405,17,2.5,214.9,67.5
202309010406,11,2.6,124.3,19.5
202309010407,13,2.1,124.9,31.6
202309010408,15,3.9,235.5,36.4
202309010409,11,3.6,136.6,28.4
202309010410,14,3.9,153.9,30.8
202309010411,16,2.6,202.3,53.4
202309010412,11,2.0,89.0,23.6
202310020401,16,3.5,249.4,58.1
202310020402,18,4.5,248.0,58.5
202310020403,14,4.1,140.3,30.2
202310020404,12,2.1,94.6,28.3
202310020405,18,4.6,259.4,62.3
202310020406,16,3.2,201.6,54.0
202310020407,9,2.4,73.4,12.8
202310020408,18,2.6,232.8,67.3
202310020409,11,2.2,146.0,22.8
202310020410,14,3.2,129.1,32.8
202310020411,16,4.1,145.3,39.9
202310020412,18,3.2,240.8,58.5
202306020101,16,2.0,192.8,62.3
202306020102,16,2.3,238.9,72.0
202306020103,16,2.1,235.0,60.4
202306020104,16,2.5,251.4,67.3
202306020105,16,2.4,230.8,55.6
202306020106,17,3.7,261.6,60.5
202306020107,12,3.2,93.3,22.9
202306020108,16,4.4,261.2,48.6
202306020109,8,1.8,55.6,10.3
202306020110,10,1.8,97.0,18.0
202306020111,16,3.7,253.3,48.5
202306020112,14,2.3,171.2,49.1
202309010501,13,2.5,126.7,29.2
202309010502,14,4.0,150.4,30.5
202309010503,16,3.8,245.1,51.4
202309010504,16,3.3,180.4,45.4
202309010505,16,2.7,196.1,52.3
202309010506,10,2.7,61.3,15.7
202309010507,8,2.6,74.1,11.1
202309010508,16,4.1,214.4,47.4
202309010509,6,1.6,19.9,4.5
202309010510,16,3.8,229.1,51.6
202309010511,16,6.0,191.1,41.1
202309010512,15,2.2,203.2,49.4
202310020501,15,3.1,231.6,42.1
202310020502,18,3.1,229.3,61.2
202310020503,14,2.9,164.3,38.5
202310020504,12,3.1,136.8,26.8
202310020505,16,3.0,215.2,51.6
202310020506,13,3.0,116.1,27.7
202310020507,12,2.7,119.4,27.3
202310020508,14,3.6,140.0,30.2
202310020509,15,3.6,240.0,47.0
202310020510,12,2.7,126.8,26.2
202310020511,16,6.9,225.3,39.8
202310020512,18,3.7,218.1,68.6
202306020201,16,2.6,225.8,60.0
202306020202,16,2.5,244.0,62.6
202306020203,16,2.1,243.9,76.9
202306020204,16,3.9,259.5,52.1
202306020205,18,4.3,255.2,52.7
202306020206,15,3.3,249.2,44.9
202306020207,12,1.6,149.4,31.6
202306020208,16,3.4,247.5,57.1
202306020209,9,1.7,87.8,13.0
202306020210,16,3.4,223.9,42.0
202306020211,14,3.5,217.3,36.4
202306020212,16,2.1,230.1,61.9
202309010601,16,2.2,207.9,57.6
202309010602,13,4.4,127.6,27.4
202309010603,15,2.9,218.1,51.2
202309010604,13,2.8,173.5,35.5
202309010605,17,2.3,226.2,68.1
202309010606,12,2.8,67.0,24.0
202309010607,15,3.6,196.6,40.5
202309010608,16,4.3,143.1,36.6
202309010609,13,4.2,114.2,29.1
202309010610,10,2.4,62.8,17.6
202309010611,16,2.6,184.5,51.7
202309010612,16,2.8,182.4,51.5
202310020601,16,3.6,216.0,45.5
202310020602,18,3.7,274.0,64.2
202310020603,14,2.6,175.9,35.2
202310020604,12,2.6,97.8,25.8
202310020605,16,3.1,231.0,50.4
202310020606,18,3.9,242.0,58.0
202310020607,13,2.3,155.6,34.9
202310020608,16,6.0,193.1,38.6
202310020609,15,3.4,225.3,40.7
202310020610,18,3.5,256.3,73.5
202310020611,17,3.6,200.3,51.1
202310020612,16,2.5,198.8,56.3
202306020301,16,4.1,225.6,50.3
202306020302,16,2.5,256.2,70.0
202306020303,16,1.9,223.9,61.0
202306020304,14,2.1,171.9,45.5
202306020305,16,3.1,239.6,55.5
202306020306,16,2.4,215.3,64.5
202306020307,16,4.1,202.4,42.2
202306020308,16,2.4,254.7,57.5
202306020309,11,2.3,152.2,24.3
202306020310,16,3.0,171.8,49.4
202306020311,16,4.2,253.4,51.6
202306020312,16,4.2,265.8,44.2
202309010701,13,2.1,146.0,32.5
202309010702,13,2.7,176.5,34.3
202309010703,16,5.0,166.0,37.4
202309010704,12,3.4,138.5,26.3
202309010705,18,3.7,235.8,60.4
202309010706,10,3.1,41.3,12.2
202309010707,8,1.7,57.4,9.9
202309010708,15,3.9,223.2,45.1
202309010709,10,2.5,57.5,15.2
202309010710,16,2.3,188.1,57.3
202309010711,17,4.8,248.1,47.6
202309010712,16,4.7,230.7,39.9
202306020401,16,2.4,169.5,53.5
202306020402,16,2.4,229.8,73.3
202306020403,16,2.6,197.0,50.0
202306020404,16,3.3,210.1,48.3
202306020405,18,3.2,269.7,77.0
202306020406,9,2.4,158.4,14.4
202306020407,16,2.6,191.6,52.2
202306020408,15,3.2,203.0,45.4
202306020409,18,4.6,218.4,53.7
202306020410,16,2.6,228.9,55.8
202306020411,10,2.7,77.6,15.2
202306020412,16,2.8,231.5,47.3
202309010801,15,2.2,196.1,47.4
202309010802,16,2.2,167.9,59.5
202309010803,11,3.5,129.6,20.2
202309010804,10,2.0,66.9,17.4
202309010805,14,2.3,142.1,38.8
202309010806,9,2.2,58.1,11.8
202309010807,17,3.6,247.8,56.3
202309010808,7,1.6,27.9,7.0
202309010809,12,4.1,97.3,23.9
202309010810,10,2.7,76.7,14.4
202309010811,16,4.8,186.8,39.1
202309010812,16,3.7,196.1,47.9
202306020501,12,2.1,161.0,28.9
202306020502,16,2.1,220.7,69.1
202306020503,16,2.3,240.3,63.4
202306020504,16,2.5,243.3,70.3
202306020505,16,2.6,251.3,67.8
202306020506,16,2.5,200.7,64.9
202306020507,11,1.9,143.2,23.7
202306020508,13,2.2,182.0,28.0
202306020509,15,2.5,240.7,50.4
202306020510,16,5.1,199.9,40.8
202306020511,14,2.7,207.5,35.0
202306020512,16,3.0,220.3,58.0
202307020101,16,3.5,228.5,50.7
202307020102,14,2.5,110.9,30.7
202307020103,16,2.3,181.3,60.0
202307020104,18,6.9,259.1,59.5
202307020105,18,3.2,223.6,67.3
202307020106,13,3.8,151.5,28.7
202307020107,11,2.6,91.8,20.4
202307020108,13,2.0,157.5,32.3
202307020109,16,3.5,248.2,47.8
202307020110,9,2.1,60.8,13.0
202307020111,16,3.4,234.4,48.1
202307020112,16,4.1,246.2,43.1
202309010901,16,3.7,224.0,53.5
202309010902,13,4.6,159.7,28.7
202309010903,16,2.4,227.0,58.0
202309010904,12,2.0,123.4,26.3
202309010905,15,3.9,222.1,39.6
202309010906,10,2.6,110.7,20.4
202309010907,13,3.1,117.0,28.8
202309010908,12,2.3,91.2,27.1
202309010909,12,3.3,158.3,24.8
202309010910,12,3.1,98.0,24.9
202309010911,16,4.3,234.0,49.8
202309010912,12,2.4,126.2,26.5
202306020601,16,1.7,209.9,74.6
202306020602,16,2.4,233.2,62.2
202306020603,16,2.4,237.9,63.3
202306020604,9,1.9,80.2,13.8
202306020605,18,4.6,286.0,74.5
202306020606,16,2.3,184.2,54.1
202306020607,12,2.4,191.3,27.9
202306020608,16,3.1,254.6,55.9
202306020609,14,2.6,151.4,32.9
202306020610,11,1.9,132.0,23.3
202306020611,16,4.5,204.0,40.6
202306020612,15,2.7,241.3,45.9
202307020201,15,2.3,216.1,53.5
202307020202,16,3.1,256.7,51.7
202307020203,16,3.2,227.9,49.3
202307020204,16,3.9,213.3,44.4
202307020205,15,2.2,209.4,53.5
202307020206,15,2.2,205.0,49.4
202307020207,10,2.2,93.5,17.8
202307020208,15,3.4,179.8,41.5
202307020209,12,2.3,133.8,27.9
202307020210,16,4.3,209.7,43.2
202307020211,12,2.6,124.2,26.7
202307020212,16,2.7,204.0,55.3
202309011001,12,2.6,115.3,25.5
202309011002,16,3.5,210.2,45.0
202309011003,14,3.0,166.2,32.0
202309011004,18,2.7,225.7,66.4
202309011005,16,2.7,214.1,50.3
202309011006,9,2.2,43.8,10.5
202309011007,9,2.0,49.9,15.0
202309011008,11,2.6,64.0,19.4
202309011009,10,2.1,74.9,18.4
202309011010,15,2.6,173.0,43.8
202309011011,18,3.5,218.3,60.5
202309011012,16,3.0,188.2,47.3
202306020701,16,1.8,207.7,63.6
202306020702,16,1.8,206.9,66.6
202306020703,16,2.2,154.9,55.1
202306020704,18,2.7,258.5,84.5
202306020705,18,2.5,219.0,78.7
202306020706,12,2.7,204.9,36.7
202306020707,15,2.9,252.6,57.0
202306020708,14,5.3,166.9,30.3
202306020709,11,2.5,118.5,22.2
202306020710,16,2.7,188.0,55.9
202306020711,16,5.7,254.6,44.7
202306020712,16,2.5,181.9,52.4
202307020301,13,2.0,138.3,35.1
202307020302,16,2.0,208.2,61.5
202307020303,16,2.9,221.5,54.7
202307020304,18,4.8,262.8,60.5
202307020305,18,3.3,232.1,68.1
202307020306,12,5.5,111.6,20.0
202307020307,10,1.7,76.4,19.4
202307020308,18,6.9,259.1,53.1
202307020309,16,3.0,224.6,55.4
202307020310,12,2.6,85.4,25.6
202307020311,14,2.7,123.3,33.9
202307020312,16,2.9,235.8,49.1
202309011101,16,2.1,216.3,61.0
202309011102,11,1.8,114.8,22.4
202309011103,16,3.7,170.9,44.3
202309011104,12,2.1,125.1,27.6
202309011105,9,2.6,52.5,11.2
202309011106,15,2.8,183.8,45.7
202309011107,9,1.8,52.9,14.8
202309011108,13,2.6,76.0,29.8
202309011109,12,2.5,139.1,27.6
202309011110,16,3.7,222.9,49.8
202309011111,8,1.7,37.0,11.7
202309011112,16,3.8,197.9,44.6
202306020801,16,2.6,235.9,63.1
202306020802,16,3.2,260.4,60.6
202306020803,16,6.2,155.7,37.4
202306020804,16,3.6,188.4,46.7
202306020805,16,3.2,212.5,52.4
202306020806,16,3.5,210.8,45.8
202306020807,16,2.5,254.7,57.4
202306020808,13,3.4,172.4,29.1
202306020809,16,2.5,206.6,55.1
202306020810,16,6.0,176.6,42.3
202306020811,16,2.9,235.1,46.1
202306020812,16,5.0,216.2,46.1
202307020401,16,2.0,187.7,62.2
202307020402,13,3.0,156.3,28.6
202307020403,16,3.9,213.1,51.3
202307020404,14,2.3,153.3,40.5
202307020405,18,4.4,223.7,59.7
202307020406,16,5.8,203.4,39.8
202307020407,10,2.8,74.3,14.3
202307020408,15,3.4,210.6,49.0
202307020409,8,1.7,60.7,11.3
202307020410,10,3.2,50.8,14.2
202307020411,16,2.6,189.3,54.1
202307020412,16,3.0,203.1,51.3
202309011201,10,2.2,66.3,15.3
202309011202,16,3.0,204.3,50.7
202309011203,9,1.4,82.8,12.9
202309011204,9,2.3,56.3,12.5
202309011205,17,2.3,228.5,74.0
202309011206,9,1.8,66.4,14.6
202309011207,7,1.6,54.1,7.0
202309011208,15,3.8,185.5,37.1
202309011209,9,1.7,56.1,15.7
202309011210,16,3.3,252.7,52.7
202309011211,14,2.1,175.4,45.3
202309011212,16,2.5,176.9,67.3
202306030101,15,2.4,234.0,51.0
202306030102,16,2.9,254.4,53.8
202306030103,16,2.1,217.0,66.3
202306030104,16,2.2,235.1,62.9
202306030105,11,1.6,150.6,26.7
202306030106,11,1.7,151.5,26.3
202306030107,16,3.1,225.2,45.9
202306030108,14,4.5,161.0,29.9
202306030109,16,2.8,226.7,50.7
202306030110,14,3.7,164.7,30.2
202306030111,12,2.3,119.5,25.9
202306030112,15,3.7,167.9,39.8
202307020501,14,3.9,168.4,35.2
202307020502,16,4.0,227.6,45.2
202307020503,16,2.5,220.0,58.8
202307020504,18,5.2,231.9,58.0
202307020505,18,2.3,211.0,79.4
202307020506,16,3.0,218.3,55.8
202307020507,16,6.3,210.3,46.2
202307020508,10,1.8,79.5,17.7
202307020509,10,2.3,117.8,19.0
202307020510,13,2.3,96.9,32.4
202307020511,16,4.1,200.1,49.0
202307020512,16,2.7,204.4,53.7
202309020101,16,3.0,174.8,52.0
202309020102,12,2.2,92.8,28.1
202309020103,16,2.6,197.6,53.8
202309020104,13,2.2,134.4,34.9
202309020105,11,2.1,84.5,24.7
202309020106,18,3.0,217.4,75.0
202309020107,10,4.1,110.3,17.6
202309020108,10,3.3,44.3,12.4
202309020109,10,3.3,89.8,15.1
202309020110,10,2.1,83.0,17.2
202309020111,13,3.0,99.7,28.0
202309020112,14,2.2,141.9,40.6
202306030201,16,2.1,232.2,66.1
202306030202,16,3.6,250.2,53.9
202306030203,16,4.7,253.2,55.1
202306030204,14,2.8,173.9,34.7
202306030205,16,2.3,226.5,68.9
202306030206,16,4.9,248.7,56.0
202306030207,12,2.1,155.1,27.6
202306030208,9,1.7,81.3,16.7
202306030209,11,3.2,54.5,16.2
202306030210,16,4.0,196.6,41.4
202306030211,16,4.0,169.0,41.3
202306030212,13,2.0,127.2,34.0
202307020601,16,2.3,205.1,55.8
202307020602,13,3.0,126.5,28.3
202307020603,16,2.2,192.0,60.6
202307020604,18,3.0,253.1,66.8
202307020605,12,3.2,112.8,23.4
202307020606,16,3.8,183.4,43.4
202307020607,11,3.1,73.7,17.1
202307020608,18,3.4,234.1,62.8
202307020609,8,2.5,48.9,10.5
202307020610,13,2.9,138.7,28.5
202307020611,18,4.4,262.8,52.7
202307020612,15,3.1,162.8,41.5
202309020201,11,2.6,120.0,20.7
202309020202,16,3.0,193.1,47.4
202309020203,13,2.0,135.2,31.6
202309020204,16,2.6,219.0,53.8
202309020205,16,1.8,190.5,66.9
202309020206,15,2.3,211.4,50.9
202309020207,14,3.1,169.9,37.9
202309020208,12,2.7,95.8,25.7
202309020209,10,2.6,93.5,18.3
202309020210,18,2.7,235.4,71.0
202309020211,15,3.0,236.0,40.5
202309020212,16,2.3,158.6,58.5
202306030301,14,2.8,186.4,38.8
202306030302,16,2.2,228.7,66.5
202306030303,15,1.6,204.2,67.9
202306030304,16,2.1,232.7,71.1
202306030305,17,2.0,241.4,89.9
202306030306,14,1.7,176.9,50.9
202306030307,14,4.3,207.4,31.8
202306030308,11,3.9,116.7,22.0
202306030309,13,2.9,154.6,27.4
202306030310,11,3.6,123.5,22.6
202306030311,16,3.0,231.7,47.1
202306030312,16,2.7,226.6,53.6
202309020301,16,2.4,214.2,58.4
202309020302,16,2.3,176.6,56.2
202309020303,16,3.4,225.8,51.0
202309020304,18,3.6,236.6,63.4
202309020305,9,2.3,69.6,13.6
202309020306,12,3.4,97.1,22.8
202309020307,16,3.8,185.7,45.1
202309020308,7,2.6,40.2,7.3
202309020309,8,1.7,70.1,12.4
202309020310,10,2.0,83.6,15.2
202309020311,16,2.6,166.3,50.2
202309020312,10,2.0,85.9,17.0
202306030401,15,4.7,197.4,36.2
202306030402,16,2.6,230.6,61.2
202306030403,13,2.5,194.4,35.7
202306030404,9,1.6,79.1,14.3
202306030405,12,2.4,143.1,27.1
202306030406,16,2.2,152.9,54.4
202306030407,16,3.8,253.7,59.7
202306030408,6,1.3,16.9,4.1
202306030409,13,2.2,116.6,34.7
202306030410,9,2.0,62.1,12.9
202306030411,13,2.8,121.0,28.7
202306030412,16,2.4,144.9,48.6
202309020401,16,4.4,193.3,41.9
202309020402,16,2.2,179.3,56.7
202309020403,11,1.9,82.2,20.5
202309020404,13,2.7,178.0,30.8
202309020405,12,2.5,136.9,25.7
202309020406,9,2.0,72.4,15.8
202309020407,11,2.1,112.6,18.6
202309020408,12,2.3,93.0,25.6
202309020409,11,2.7,93.5,19.1
202309020410,15,5.2,211.2,33.2
202309020411,16,4.7,185.8,41.7
202309020412,16,2.1,226.6,68.1
202303010101,15,2.2,222.9,53.0
202303010102,16,3.1,221.6,50.9
202303010103,15,2.0,202.9,59.1
202303010104,14,3.0,171.1,32.7
202303010105,11,2.4,133.5,22.5
202303010106,15,3.2,216.6,41.1
202303010107,16,3.2,236.5,53.6
202303010108,16,1.9,216.3,71.4
202303010109,11,3.9,55.0,16.9
202303010110,16,3.1,183.4,49.6
202303010111,15,4.7,198.6,39.9
202303010112,16,4.3,124.7,46.6
202306030501,16,2.3,224.5,63.7
202306030502,16,2.3,247.1,62.1
202306030503,11,1.4,118.2,32.8
202306030504,16,3.2,239.2,59.1
202306030505,18,2.6,255.9,87.6
202306030506,15,3.9,259.2,40.7
202306030507,10,1.8,137.7,22.4
202306030508,12,3.5,187.4,29.4
202306030509,16,1.7,999.9,75.5
202306030510,13,3.5,138.7,36.3
202306030511,16,3.5,210.6,47.3
202306030512,15,2.7,192.4,47.6
202309020501,16,2.5,227.7,62.1
202309020502,16,1.9,205.3,73.6
202309020503,16,2.4,171.6,52.8
202309020504,16,2.8,190.6,49.9
202309020505,11,3.1,144.4,21.9
202309020506,11,2.2,80.4,18.7
202309020507,10,2.0,89.5,21.3
202309020508,11,2.6,120.5,20.7
202309020509,8,1.8,69.1,11.7
202309020510,13,3.4,144.2,30.7
202309020511,12,3.3,81.6,22.8
202309020512,13,2.9,116.4,28.0
202303010201,15,2.5,220.9,66.0
202303010202,16,4.3,248.7,53.6
202303010203,14,2.7,179.0,36.8
202303010204,11,1.9,123.3,23.8
202303010205,16,4.7,210.4,44.7
202303010206,16,3.9,219.4,45.6
202303010207,16,3.3,216.6,44.7
202303010208,15,2.8,186.2,46.0
202303010209,15,3.4,219.2,42.6
202303010210,13,3.1,158.3,31.9
202303010211,16,4.1,210.2,44.6
202303010212,15,2.9,199.1,42.6
202306030601,16,2.6,220.0,57.3
202306030602,15,2.5,255.2,58.1
202306030603,16,2.2,206.1,58.0
202306030604,16,4.7,272.6,52.9
202306030605,15,2.4,225.6,54.7
202306030606,9,2.2,69.2,12.1
202306030607,9,2.2,57.2,11.7
202306030608,13,3.2,169.9,30.5
202306030609,16,3.3,154.9,44.8
202306030610,10,2.1,87.5,16.8
202306030611,13,2.9,115.2,28.8
202306030612,14,2.9,169.3,32.9
202309020601,16,2.2,199.0,61.1
202309020602,16,2.1,231.6,62.1
202309020603,16,4.0,244.7,50.2
202309020604,18,3.4,223.1,64.9
202309020605,14,5.2,149.9,34.9
202309020606,13,3.4,174.3,29.5
202309020607,10,2.4,123.4,16.1
202309020608,11,2.0,112.6,24.4
202309020609,10,3.8,36.6,12.2
202309020610,16,6.0,240.9,42.3
202309020611,18,3.2,243.7,68.6
202309020612,15,2.7,229.6,54.4
202303010301,16,3.3,245.6,58.6
202303010302,16,2.4,208.1,64.9
202303010303,15,2.5,236.1,52.5
202303010304,16,2.7,208.6,50.7
202303010305,16,2.1,189.8,63.1
202303010306,16,2.0,196.0,59.4
202303010307,16,6.9,201.5,39.1
202303010308,16,3.8,200.8,48.0
202303010309,16,4.0,170.2,42.5
202303010310,15,3.2,177.7,38.0
202303010311,16,3.7,209.1,46.2
202303010312,14,2.5,145.5,37.4
202306030701,15,1.7,209.2,61.5
202306030702,14,2.4,208.4,39.9
202306030703,16,2.1,214.4,66.3
202306030704,13,2.8,171.2,36.2
202306030705,16,2.4,227.2,59.2
202306030706,13,5.4,154.2,26.3
202306030707,11,2.3,122.0,19.5
202306030708,16,2.3,221.0,56.3
202306030709,12,3.4,92.1,23.5
202306030710,15,2.1,218.5,53.8
202306030711,10,1.9,129.9,18.6
202306030712,12,2.3,85.5,27.4
202309020701,16,3.6,236.4,51.5
202309020702,16,1.7,197.7,66.0
202309020703,16,2.6,221.4,60.1
202309020704,14,2.0,153.6,50.5
202309020705,16,2.6,198.3,50.5
202309020706,16,2.9,228.1,56.5
202309020707,6,1.2,26.3,4.2
202309020708,7,1.4,39.4,6.6
202309020709,13,2.7,135.9,28.4
202309020710,16,4.0,239.8,46.1
202309020711,18,5.0,215.4,54.1
202309020712,11,2.1,116.5,23.1
202303010401,16,2.6,237.8,65.6
202303010402,16,3.5,236.8,61.2
202303010403,15,4.1,232.0,44.2
202303010404,10,2.2,57.0,15.1
202303010405,9,2.0,66.4,12.5
202303010406,15,2.5,176.7,46.2
202303010407,16,3.1,189.7,50.1
202303010408,14,2.3,154.9,42.8
202303010409,16,5.2,216.6,44.5
202303010410,13,4.2,164.4,30.0
202303010411,14,2.5,122.7,39.0
202303010412,16,2.7,161.2,50.2
202306030801,15,2.2,213.0,58.6
202306030802,16,2.4,224.9,66.0
202306030803,13,2.3,203.2,35.3
202306030804,18,2.8,209.9,70.8
202306030805,16,3.5,266.1,52.5
202306030806,10,2.0,114.0,15.4
202306030807,15,3.2,233.7,46.2
202306030808,16,2.5,177.3,50.6
202306030809,16,3.0,167.0,48.7
202306030810,16,3.9,141.3,40.9
202306030811,18,5.2,264.3,61.1
202306030812,14,3.7,171.7,31.2
202309020801,15,3.2,172.7,38.8
202309020802,16,2.7,207.4,52.4
202309020803,18,2.6,256.4,77.1
202309020804,18,4.7,207.3,53.9
202309020805,15,2.5,184.6,51.0
202309020806,12,4.5,87.3,20.0
202309020807,13,3.1,127.5,26.8
202309020808,8,1.7,33.7,8.7
202309020809,11,3.6,110.7,20.0
202309020810,10,3.7,56.7,12.6
202309020811,15,2.9,187.3,41.2
202309020812,16,2.8,194.5,55.8
202303010501,16,2.3,204.8,58.8
202303010502,16,3.0,251.2,69.9
202303010503,14,2.6,144.2,35.8
202303010504,14,2.7,176.4,33.2
202303010505,11,1.8,89.1,24.2
202303010506,10,4.0,83.8,14.5
202303010507,16,3.7,245.3,50.3
202303010508,14,3.1,125.5,31.2
202303010509,13,3.0,143.1,28.5
202303010510,15,2.6,180.2,42.3
202303010511,15,3.3,170.8,39.9
202303010512,13,3.1,164.5,29.5
202305020101,14,1.8,166.1,49.8
202305020102,16,2.3,200.6,58.9
202305020103,15,2.2,216.3,46.0
202305020104,15,2.6,225.5,49.1
202305020105,13,1.8,175.5,41.3
202305020106,16,2.3,225.5,57.9
202305020107,15,3.8,192.8,38.5
202305020108,14,3.8,154.6,32.7
202305020109,8,1.9,47.4,10.9
202305020110,18,3.9,279.7,58.3
202305020111,16,3.2,190.1,47.5
202305020112,16,5.0,202.9,39.8
202308010101,18,3.8,223.8,66.1
202308010102,12,1.9,98.8,27.7
202308010103,18,2.7,222.4,76.3
202308010104,13,2.3,131.1,32.1
202308010105,16,4.9,240.5,41.1
202308010106,12,2.0,131.9,28.0
202308010107,13,2.9,165.0,31.0
202308010108,14,3.0,180.5,32.9
202308010109,8,2.2,42.9,9.2
202308010110,16,2.7,192.1,54.9
202308010111,16,3.1,178.2,49.1
202308010112,11,1.8,117.9,24.1
202303010601,16,2.2,209.7,67.3
202303010602,16,2.4,174.7,64.6
202303010603,15,2.5,211.4,49.6
202303010604,12,2.8,127.2,25.1
202303010605,16,3.7,248.4,57.1
202303010606,14,2.5,169.1,37.3
202303010607,16,3.6,224.6,43.2
202303010608,11,3.0,131.1,21.6
202303010609,14,3.2,162.5,32.0
202303010610,14,4.7,129.8,28.7
202303010611,16,3.3,229.8,49.8
202303010612,11,2.3,117.0,19.4
202305020201,16,2.9,217.9,51.6
202305020202,16,2.5,223.3,65.3
202305020203,16,2.6,196.1,54.4
202305020204,16,2.6,240.5,58.8
202305020205,12,2.1,129.5,25.6
202305020206,16,3.1,208.4,48.1
202305020207,10,2.2,87.3,16.1
202305020208,15,3.1,187.6,44.8
202305020209,8,1.4,75.2,11.2
202305020210,15,3.8,215.5,43.8
202305020211,15,3.6,160.3,37.5
202305020212,16,3.7,251.6,44.9
202308010201,18,2.2,209.0,82.2
202308010202,16,2.2,219.3,61.7
202308010203,16,2.8,245.8,54.5
202308010204,13,1.8,163.8,40.6
202308010205,18,3.2,243.3,70.1
202308010206,9,1.7,41.9,18.5
202308010207,18,7.3,232.5,48.7
202308010208,14,3.4,192.1,32.9
202308010209,10,2.1,111.1,16.7
202308010210,14,5.7,219.4,32.9
202308010211,15,2.6,186.0,48.7
202308010212,16,2.8,177.8,59.4
202304010101,14,2.5,164.5,37.3
202304010102,14,2.5,172.5,41.7
202304010103,15,2.3,227.0,45.5
202304010104,11,3.4,67.5,21.7
202304010105,16,4.1,221.3,49.7
202304010106,16,3.8,251.4,58.3
202304010107,14,2.2,157.7,43.6
202304010108,13,2.3,80.1,34.4
202304010109,16,4.6,171.9,41.1
202304010110,12,4.1,92.9,20.5
202304010111,15,3.3,182.8,40.4
202304010112,14,2.5,168.3,37.3
202305020301,16,2.9,244.9,59.6
202305020302,16,3.4,249.7,58.1
202305020303,16,2.9,249.4,67.1
202305020304,12,2.3,168.7,26.6
202305020305,12,1.8,157.9,27.2
202305020306,13,3.7,175.8,27.7
202305020307,16,5.0,250.5,49.7
202305020308,11,2.9,183.8,27.4
202305020309,16,3.4,154.6,49.1
202305020310,11,2.0,86.7,23.2
202305020311,15,3.0,187.0,45.6
202305020312,16,3.0,233.4,53.5
202308010301,16,3.3,249.4,57.1
202308010302,16,3.4,219.4,53.1
202308010303,14,3.6,157.9,32.7
202308010304,13,2.1,159.4,35.5
202308010305,13,2.7,132.3,28.5
202308010306,9,1.5,92.3,18.1
202308010307,7,1.4,58.8,7.3
202308010308,14,2.5,141.2,37.1
202308010309,8,2.4,48.5,9.0
202308010310,16,2.4,199.9,57.7
202308010311,18,3.3,220.2,64.8
202308010312,15,2.5,169.1,44.4
202304010201,15,2.9,236.9,54.9
202304010202,16,2.0,208.6,71.0
202304010203,15,2.6,218.6,45.7
202304010204,9,2.0,82.2,15.1
202304010205,13,2.9,173.9,30.6
202304010206,9,2.2,60.0,10.7
202304010207,15,2.7,205.4,41.8
202304010208,12,2.5,118.2,26.7
202304010209,15,2.5,131.9,43.1
202304010210,16,3.9,159.2,37.8
202304010211,14,3.5,163.4,29.7
202304010212,15,2.7,174.5,43.0
202305020401,16,3.0,253.9,61.8
202305020402,16,3.0,236.3,52.7
202305020403,16,2.0,222.6,63.8
202305020404,18,4.0,255.3,66.1
202305020405,13,2.8,200.6,37.4
202305020406,12,1.9,98.3,28.1
202305020407,8,2.2,87.9,14.0
202305020408,11,3.3,155.1,20.3
202305020409,10,1.9,94.1,18.7
202305020410,16,3.9,161.6,44.3
202305020411,13,4.0,132.8,27.0
202305020412,15,3.5,182.4,40.1
202308010401,16,2.1,204.2,55.5
202308010402,16,2.2,200.0,59.3
202308010403,18,2.4,225.8,74.6
202308010404,10,1.4,81.7,18.7
202308010405,12,2.6,125.5,26.0
202308010406,12,3.0,72.8,24.9
202308010407,11,2.6,115.0,20.3
202308010408,9,4.6,35.8,11.5
202308010409,12,2.1,126.5,27.0
202308010410,11,3.8,88.8,17.6
202308010411,17,2.8,245.6,64.0
202308010412,16,3.3,224.0,48.3
202304010301,13,5.6,138.5,23.6
202304010302,15,3.2,228.0,50.0
202304010303,15,3.1,232.3,54.0
202304010304,8,2.0,52.0,10.3
202304010305,15,3.3,230.6,45.6
202304010306,16,3.2,245.8,59.0
202304010307,9,1.7,80.7,13.0
202304010308,12,2.6,95.9,26.7
202304010309,15,2.6,193.7,40.7
202304010310,10,2.5,63.1,13.9
202304010311,12,2.9,119.2,26.2
202304010312,16,5.2,191.2,38.9
202305020501,16,2.2,188.0,58.4
202305020502,16,2.4,253.1,72.7
202305020503,16,2.2,212.5,56.5
202305020504,18,4.3,275.1,78.8
202305020505,12,2.0,142.9,32.2
202305020506,15,1.9,191.2,58.8
202305020507,17,4.0,272.6,50.8
202305020508,16,2.5,238.1,56.0
202305020509,9,1.7,117.7,16.0
202305020510,16,3.3,213.9,50.4
202305020511,7,1.6,30.2,6.3
202305020512,10,2.1,94.7,16.5
202308010501,15,2.2,165.8,46.1
202308010502,14,1.8,184.9,45.0
202308010503,16,2.7,201.9,49.4
202308010504,18,2.7,217.4,77.2
202308010505,14,2.4,125.4,38.9
202308010506,16,7.4,226.4,37.1
202308010507,8,1.7,71.6,11.3
202308010508,10,2.8,68.4,13.6
202308010509,10,1.7,70.5,19.9
202308010510,15,3.7,221.4,40.0
202308010511,12,3.1,128.6,23.9
202308010512,14,4.3,165.6,29.7
202304010401,14,3.9,201.9,34.6
202304010402,10,2.2,94.7,18.9
202304010403,15,2.4,158.8,50.6
202304010404,8,2.6,40.5,9.7
202304010405,16,2.7,253.3,56.2
202304010406,15,2.5,203.1,41.4
202304010407,11,2.3,86.9,19.2
202304010408,16,4.2,172.7,42.7
202304010409,15,3.0,179.0,43.5
202304010410,16,6.5,213.6,39.3
202304010411,16,3.7,158.5,41.7
202304010412,15,3.4,160.2,39.5
202305020601,16,2.0,231.2,65.3
202305020602,16,4.6,264.3,51.0
202305020603,13,2.2,137.9,35.7
202305020604,18,3.4,273.7,82.6
202305020605,16,3.7,206.7,43.4
202305020606,10,1.6,96.6,19.3
202305020607,18,3.2,271.6,69.4
202305020608,16,2.6,235.9,54.5
202305020609,13,3.2,193.9,27.7
202305020610,17,3.2,240.0,59.2
202305020611,18,7.9,999.9,47.5
202305020612,10,2.2,73.4,18.8
202308010601,16,2.0,220.3,61.7
202308010602,16,2.1,191.7,63.2
202308010603,11,2.8,110.9,17.5
202308010604,15,1.8,178.2,55.2
202308010605,9,1.9,81.7,15.6
202308010606,12,2.4,97.5,27.1
202308010607,9,1.5,56.1,18.5
202308010608,16,2.2,168.5,54.1
202308010609,15,4.2,200.0,40.2
202308010610,9,3.8,80.0,9.4
202308010611,18,3.9,247.5,61.5
202308010612,12,2.0,97.8,29.4
202304010501,15,2.7,239.3,59.4
202304010502,15,1.7,188.4,59.7
202304010503,16,3.8,210.7,49.7
202304010504,13,1.8,143.7,38.8
202304010505,13,1.8,174.9,37.0
202304010506,15,2.6,197.7,47.0
202304010507,10,3.0,79.3,19.0
202304010508,10,2.6,74.9,17.1
202304010509,16,3.2,164.9,49.7
202304010510,14,3.3,165.2,33.2
202304010511,11,2.0,84.2,23.7
202304010512,15,2.4,164.2,46.6
202305020701,16,3.6,240.0,52.7
202305020702,16,4.2,248.2,65.5
202305020703,16,3.4,248.9,65.0
202305020704,12,1.8,150.9,31.7
202305020705,18,2.1,233.3,81.3
202305020706,16,5.3,175.1,38.0
202305020707,15,2.6,185.9,40.9
202305020708,9,1.4,91.9,13.0
202305020709,16,2.9,230.3,59.4
202305020710,17,3.9,277.0,62.7
202305020711,18,4.8,183.2,53.5
202305020712,16,3.0,230.8,53.9
202308010701,13,1.7,143.0,43.2
202308010702,10,1.6,85.7,16.7
202308010703,15,2.2,166.4,47.6
202308010704,16,2.5,209.4,60.8
202308010705,11,2.0,133.1,24.7
202308010706,16,3.1,179.0,46.4
202308010707,16,3.5,169.8,46.0
202308010708,11,2.6,97.6,20.2
202308010709,12,3.0,151.2,23.4
202308010710,16,3.5,248.9,46.5
202308010711,10,2.3,82.3,17.2
202308010712,15,3.2,186.2,41.5
202304010601,16,3.1,210.0,50.4
202304010602,15,2.0,200.1,53.1
202304010603,15,3.1,205.5,41.6
202304010604,12,2.2,132.5,27.2
202304010605,11,1.9,139.2,24.3
202304010606,10,2.8,99.7,14.9
202304010607,16,2.4,175.7,53.4
202304010608,15,3.2,115.8,40.7
202304010609,12,3.0,110.4,23.4
202304010610,15,2.2,201.6,47.4
202304010611,13,4.5,91.7,25.2
202304010612,15,3.6,250.3,48.1
202305020801,16,1.9,199.4,61.5
202305020802,16,2.5,247.1,57.4
202305020803,10,1.9,133.6,19.0
202305020804,18,4.0,248.9,59.7
202305020805,13,2.2,153.9,34.9
202305020806,13,4.2,112.0,29.7
202305020807,15,5.3,227.8,33.5
202305020808,10,1.7,132.7,18.6
202305020809,8,1.9,54.6,10.1
202305020810,9,2.0,75.5,13.9
202305020811,16,2.9,171.7,53.5
202305020812,16,3.3,218.3,44.4
202308010801,16,2.5,208.7,65.8
202308010802,12,2.0,125.8,27.9
202308010803,18,2.5,208.3,85.5
202308010804,10,1.9,71.2,17.5
202308010805,14,3.4,140.9,32.2
202308010806,8,1.7,47.3,10.5
202308010807,12,2.5,124.7,25.7
202308010808,13,2.3,127.1,36.9
202308010809,8,2.1,32.3,10.3
202308010810,13,4.2,127.8,27.1
202308010811,16,5.4,158.2,39.1
202308010812,14,2.4,160.3,40.9
202304010701,14,2.5,157.4,36.0
202304010702,13,3.6,153.3,29.6
202304010703,15,2.2,197.7,60.4
202304010704,14,5.7,174.0,32.0
202304010705,14,2.2,155.7,42.2
202304010706,15,4.9,193.4,41.9
202304010707,16,3.0,189.7,49.1
202304010708,13,2.7,153.3,33.4
202304010709,16,3.9,199.4,41.8
202304010710,16,3.3,218.8,50.5
202304010711,16,3.7,262.3,56.1
202304010712,15,3.4,214.3,39.1
202305020901,16,3.0,248.6,58.1
202305020902,16,2.9,213.4,54.3
202305020903,16,2.7,246.5,59.9
202305020904,18,2.3,234.9,76.1
202305020905,12,2.5,162.6,26.8
202305020906,16,2.5,217.0,59.2
202305020907,14,2.3,185.8,42.7
202305020908,16,3.7,248.6,51.8
202305020909,13,3.8,186.9,28.9
202305020910,9,2.1,78.3,11.1
202305020911,18,4.3,256.3,51.7
202305020912,16,3.2,222.9,50.7
202308010901,16,2.1,186.5,66.1
202308010902,16,2.3,180.2,54.1
202308010903,16,2.2,205.8,62.6
202308010904,18,4.4,232.9,64.4
202308010905,8,1.5,60.7,12.5
202308010906,16,2.1,209.2,62.0
202308010907,10,1.8,75.2,15.8
202308010908,16,4.2,210.1,48.9
202308010909,10,1.6,67.0,22.1
202308010910,11,3.2,71.2,16.9
202308010911,16,2.8,217.8,56.8
202308010912,14,3.6,174.0,35.1
202304010801,15,3.7,237.8,49.2
202304010802,16,3.6,220.4,54.7
202304010803,15,4.2,204.3,40.0
202304010804,13,2.0,147.2,37.0
202304010805,15,2.2,176.0,47.3
202304010806,16,2.0,166.1,65.9
202304010807,15,2.5,235.0,46.5
202304010808,16,2.8,184.2,49.3
202304010809,14,3.3,142.2,34.3
202304010810,15,3.1,198.6,42.6
202304010811,16,5.4,186.8,40.0
202304010812,15,3.4,221.1,47.2
202305021001,16,2.6,244.1,59.8
202305021002,16,2.0,236.1,65.6
202305021003,16,3.0,224.9,49.8
202305021004,16,3.3,259.2,62.0
202305021005,11,2.5,145.3,19.4
202305021006,8,1.4,91.2,11.8
202305021007,16,3.3,254.5,59.2
202305021008,13,2.6,154.2,28.8
202305021009,10,1.7,91.9,17.9
202305021010,18,6.6,283.1,58.1
202305021011,18,2.5,248.3,69.1
202305021012,16,2.9,138.2,45.6
202308011001,15,2.0,196.0,54.2
202308011002,18,3.3,256.7,72.7
202308011003,16,3.7,222.2,46.3
202308011004,18,3.3,222.5,63.2
202308011005,11,1.7,95.4,23.8
202308011006,13,5.9,152.0,26.7
202308011007,10,1.9,90.2,18.7
202308011008,18,4.2,192.6,53.0
202308011009,12,2.4,130.7,31.2
202308011010,11,4.1,41.7,14.9
202308011011,16,3.3,192.3,53.2
202308011012,11,3.2,97.2,20.5
202305021101,16,2.7,228.7,59.2
202305021102,16,2.2,200.7,67.0
202305021103,15,2.1,216.9,61.0
202305021104,9,1.9,71.7,13.0
202305021105,18,2.3,212.4,81.3
202305021106,8,2.0,63.6,10.9
202305021107,13,3.4,206.9,40.4
202305021108,16,4.1,239.0,48.7
202305021109,16,4.0,258.0,48.6
202305021110,14,3.7,209.3,30.3
202305021111,16,2.5,230.4,50.3
202305021112,16,2.7,247.6,49.9
202308011101,16,1.5,173.5,78.4
202308011102,16,3.7,184.4,49.1
202308011103,18,2.6,236.5,71.0
202308011104,18,2.9,232.5,66.5
202308011105,13,2.0,171.7,35.7
202308011106,16,2.8,209.6,57.6
202308011107,12,3.1,85.6,23.2
202308011108,10,2.2,119.7,19.0
202308011109,15,2.7,202.9,43.1
202308011110,16,4.3,216.9,53.5
202308011111,18,3.2,227.7,63.0
202308011112,14,3.4,174.8,30.3
202305021201,16,2.0,223.9,76.5
202305021202,16,3.9,275.1,60.4
202305021203,16,2.6,245.2,54.9
202305021204,18,3.6,276.5,84.7
202305021205,16,3.2,228.1,59.2
202305021206,16,2.6,206.6,47.9
202305021207,12,2.7,97.6,26.4
202305021208,11,1.7,123.9,24.3
202305021209,16,2.8,182.6,52.0
202305021210,17,4.3,205.3,48.8
202305021211,18,2.3,232.1,73.8
202305021212,18,4.7,238.1,58.6
202308011201,16,2.0,191.4,60.9
202308011202,16,3.0,204.9,52.0
202308011203,18,4.1,234.9,74.6
202308011204,9,1.6,81.5,13.9
202308011205,17,2.1,232.1,74.2
202308011206,8,1.5,45.7,10.0
202308011207,15,5.7,192.1,33.0
202308011208,16,2.9,194.6,52.4
202308011209,16,2.3,215.7,61.3
202308011210,18,3.2,240.5,63.9
202308011211,8,1.6,60.7,10.1
202308011212,14,4.5,177.7,31.7
202305030101,9,1.9,89.9,13.6
202305030102,16,2.1,226.2,58.6
202305030103,16,3.4,242.0,50.8
202305030104,16,3.3,268.5,76.3
202305030105,9,1.8,98.5,14.2
202305030106,16,2.3,231.6,61.1
202305030107,18,4.0,267.5,76.5
202305030108,6,1.7,21.6,4.5
202305030109,16,7.8,268.5,31.7
202305030110,10,2.3,139.4,20.9
202305030111,16,4.1,188.3,45.3
202305030112,16,3.9,268.4,53.1
202309030101,16,2.7,199.6,54.1
202309030102,16,1.9,213.7,81.6
202309030103,16,2.3,201.9,58.8
202309030104,16,3.7,203.0,47.0
202309030105,5,1.3,9.0,3.0
202309030106,14,2.9,148.9,35.3
202309030107,10,2.9,95.2,14.3
202309030108,16,2.8,222.5,54.9
202309030109,8,1.6,66.0,11.5
202309030110,15,3.9,157.2,34.1
202309030111,15,2.8,204.9,46.1
202309030112,15,2.1,159.1,48.4
202305030201,16,2.9,227.9,57.7
202305030202,16,3.0,214.4,51.4
202305030203,18,4.8,264.5,55.9
202305030204,16,3.5,215.0,48.7
202305030205,11,2.3,154.9,21.6
202305030206,9,1.8,82.9,14.2
202305030207,10,1.6,114.6,21.0
202305030208,16,2.3,238.6,69.4
202305030209,9,1.7,99.9,17.4
202305030210,16,4.0,237.6,53.5
202305030211,18,4.7,213.9,53.4
202305030212,15,2.5,237.2,46.9
202309030201,10,3.2,51.6,13.8
202309030202,18,5.2,241.0,63.0
202309030203,16,2.7,188.6,49.1
202309030204,16,3.7,242.2,55.4
202309030205,8,2.3,46.9,8.3
202309030206,16,3.7,172.3,43.8
202309030207,16,2.8,223.8,57.8
202309030208,10,2.6,52.3,13.1
202309030209,13,2.3,145.7,34.2
202309030210,11,3.9,44.6,15.6
202309030211,16,4.6,207.0,41.4
202309030212,14,2.4,149.2,40.7
202302010101,16,3.1,147.4,45.4
202302010102,14,2.5,159.7,38.8
202302010103,12,4.9,115.5,26.0
202302010104,16,2.9,203.2,49.4
202302010105,11,2.2,70.4,21.0
202302010106,14,2.8,130.5,34.3
202302010107,9,2.3,48.2,12.1
202302010108,11,3.2,79.3,18.4
202302010109,8,2.3,35.9,9.2
202302010110,13,3.0,113.2,29.0
202302010111,13,3.9,119.4,26.7
202302010112,12,2.3,139.2,21.6
202305030301,9,1.5,73.3,17.1
202305030302,16,2.4,222.2,64.1
202305030303,15,2.4,235.7,54.5
202305030304,18,2.7,224.1,73.0
202305030305,12,1.8,167.1,31.4
202305030306,16,2.8,207.3,56.8
202305030307,16,2.8,217.5,48.6
202305030308,12,2.1,160.0,27.6
202305030309,15,3.4,210.5,37.3
202305030310,10,2.6,88.1,16.3
202305030311,18,3.3,240.3,60.8
202305030312,16,3.8,274.3,65.6
202309030301,16,3.4,214.8,48.8
202309030302,16,2.5,191.6,56.5
202309030303,16,3.6,208.5,52.0
202309030304,16,2.2,182.7,56.5
202309030305,10,2.7,68.2,14.4
202309030306,18,5.5,223.9,53.9
202309030307,16,3.6,211.0,49.1
202309030308,11,2.7,85.5,18.1
202309030309,8,1.9,54.1,10.4
202309030310,12,3.1,114.7,24.7
202309030311,16,4.2,210.9,46.3
202309030312,13,2.1,140.0,36.0
202302010201,16,3.4,185.9,54.3
202302010202,14,4.2,154.1,30.6
202302010203,12,2.5,125.1,25.7
202302010204,16,2.8,147.7,49.4
202302010205,11,3.2,93.6,17.3
202302010206,16,3.1,224.4,48.3
202302010207,11,4.4,81.3,17.0
202302010208,11,3.4,118.1,19.6
202302010209,16,4.5,132.1,37.7
202302010210,14,4.4,99.4,30.4
202302010211,16,4.8,186.1,39.6
202302010212,12,2.2,146.2,26.8
202305030401,16,2.3,215.4,57.2
202305030402,15,2.4,198.9,47.5
202305030403,16,2.5,241.9,70.4
202305030404,17,2.5,251.0,67.3
202305030405,9,1.6,58.2,9.7
202305030406,18,3.3,266.7,82.4
202305030407,16,3.8,262.6,61.2
202305030408,9,1.7,119.7,14.0
202305030409,16,2.0,240.2,64.3
202305030410,16,4.5,250.6,52.2
202305030411,17,3.3,257.4,57.6
202305030412,13,4.0,183.9,30.4
202309030401,6,1.4,20.7,4.1
202309030402,18,2.4,231.6,74.1
202309030403,16,3.1,190.0,50.2
202309030404,16,2.4,209.4,55.1
202309030405,8,1.7,36.6,10.3
202309030406,18,3.4,213.7,72.1
202309030407,12,2.4,113.8,27.1
202309030408,16,3.7,231.7,40.6
202309030409,13,2.5,172.6,32.3
202309030410,16,3.1,172.7,50.9
202309030411,15,2.8,177.9,42.5
202309030412,15,2.9,197.0,41.0
202302010301,16,3.1,203.5,47.4
202302010302,14,5.3,89.2,28.2
202302010303,11,3.4,91.9,20.3
202302010304,12,3.9,72.8,19.8
202302010305,14,3.7,142.9,31.7
202302010306,12,4.4,87.9,21.9
202302010307,14,3.1,141.5,32.2
202302010308,12,5.0,97.9,22.3
202302010309,11,3.3,130.4,19.7
202302010310,9,2.3,44.7,12.0
202302010311,15,5.3,172.9,33.2
202302010312,14,4.4,154.2,31.1
202305030501,16,3.4,218.7,52.0
202305030502,16,2.5,200.7,58.7
202305030503,16,2.6,192.7,54.0
202305030504,16,2.4,240.3,61.6
202305030505,16,3.7,218.4,49.0
202305030506,16,2.3,198.0,57.9
202305030507,16,1.9,205.0,65.0
202305030508,9,1.5,82.4,16.1
202305030509,16,3.0,198.4,48.8
202305030510,13,2.5,175.9,29.1
202305030511,16,3.3,235.1,43.9
202305030512,16,2.7,206.8,53.5
202309030501,8,1.7,32.9,10.5
202309030502,16,2.2,189.3,56.0
202309030503,14,2.6,164.7,35.6
202309030504,5,1.4,8.4,2.7
202309030505,13,2.4,139.7,32.4
202309030506,16,4.2,203.8,46.9
202309030507,16,3.6,191.5,43.0
202309030508,13,2.3,88.4,33.0
202309030509,8,1.8,23.3,9.5
202309030510,10,2.1,73.3,18.2
202309030511,13,2.9,133.9,34.9
202309030512,16,2.2,191.7,54.4
202302010401,14,4.2,134.7,30.7
202302010402,16,3.9,233.8,44.2
202302010403,12,3.7,85.3,21.2
202302010404,13,3.5,160.4,29.3
202302010405,11,4.2,59.2,15.7
202302010406,13,3.2,134.4,28.3
202302010407,12,3.4,89.2,24.1
202302010408,16,7.2,220.6,51.2
202302010409,11,5.3,54.8,14.5
202302010410,13,2.2,146.1,33.3
202302010411,16,4.2,179.6,45.0
202302010412,15,6.5,196.9,32.8
202305030601,6,1.3,18.2,5.7
202305030602,16,2.5,233.4,58.2
202305030603,11,2.7,120.7,20.1
202305030604,16,2.4,233.9,66.1
202305030605,13,2.1,111.0,32.8
202305030606,16,4.0,272.1,70.8
202305030607,15,2.3,232.5,54.0
202305030608,16,2.2,223.3,65.7
202305030609,8,1.5,67.6,10.9
202305030610,16,3.1,204.8,43.4
202305030611,15,2.6,189.4,47.1
202305030612,16,3.2,255.4,55.2
202309030601,16,1.9,184.4,68.7
202309030602,18,3.6,219.4,57.8
202309030603,16,2.6,183.3,56.4
202309030604,16,3.0,211.5,53.6
202309030605,11,3.7,94.0,18.0
202309030606,16,4.8,193.0,40.2
202309030607,13,4.2,135.3,28.3
202309030608,10,2.7,81.9,15.7
202309030609,11,2.7,96.1,22.1
202309030610,16,3.9,191.2,48.2
202309030611,13,2.4,96.5,36.8
202309030612,16,4.2,218.3,46.8
202302010501,10,2.4,90.0,16.5
202302010502,10,2.2,62.7,17.5
202302010503,16,6.5,268.8,37.8
202302010504,11,4.5,77.9,18.0
202302010505,5,1.3,10.3,3.4
202302010506,11,3.3,96.1,19.2
202302010507,11,2.7,83.0,19.3
202302010508,13,2.1,166.6,37.6
202302010509,8,2.3,34.3,9.3
202302010510,13,3.6,122.6,27.5
202302010511,16,2.5,226.6,45.8
202302010512,12,2.9,113.2,23.9
202305030701,16,2.9,227.9,54.7
202305030702,15,3.4,266.1,44.6
202305030703,16,2.2,251.4,63.5
202305030704,16,2.0,212.4,68.5
202305030705,11,2.4,173.6,23.1
202305030706,16,2.6,222.4,65.2
202305030707,14,4.7,130.4,32.6
202305030708,12,2.4,132.5,26.1
202305030709,16,3.3,234.3,52.4
202305030710,16,4.4,261.7,60.1
202305030711,14,3.0,156.2,33.3
202305030712,16,5.1,221.6,52.7
202309030701,9,1.8,64.1,11.2
202309030702,16,3.3,198.6,50.4
202309030703,18,3.3,218.1,69.5
202309030704,16,3.5,230.6,57.8
202309030705,9,2.2,55.5,14.6
202309030706,18,2.4,212.7,67.5
202309030707,16,3.0,201.4,53.0
202309030708,15,3.5,193.0,47.2
202309030709,16,3.1,191.0,50.5
202309030710,16,4.5,149.4,43.0
202309030711,16,4.1,204.3,45.9
202309030712,15,2.4,170.5,46.3
202302010601,16,3.9,176.3,39.7
202302010602,9,2.1,39.9,13.8
202302010603,12,3.2,80.4,21.0
202302010604,14,3.2,166.4,35.3
202302010605,6,1.4,28.1,4.9
202302010606,10,2.3,71.1,15.0
202302010607,9,2.2,61.2,11.3
202302010608,14,3.6,89.9,30.2
202302010609,13,5.1,87.9,23.4
202302010610,13,3.6,125.5,27.9
202302010611,13,3.3,144.9,28.6
202302010612,13,3.7,149.0,27.8
202305030801,6,1.3,32.7,5.0
202305030802,16,7.1,250.6,36.5
202305030803,16,3.2,207.7,51.6
202305030804,11,1.9,130.7,23.8
202305030805,16,2.7,232.2,59.0
202305030806,16,2.6,245.8,58.3
202305030807,11,2.1,137.0,24.3
202305030808,16,2.6,203.7,56.1
202305030809,12,2.3,137.9,29.0
202305030810,16,3.1,218.8,48.8
202305030811,15,6.7,179.8,31.5
202305030812,16,2.7,178.6,51.1
202309030801,15,2.2,175.9,43.5
202309030802,18,3.0,221.1,64.8
202309030803,15,2.0,155.9,62.3
202309030804,16,2.2,212.9,64.6
202309030805,7,1.8,21.7,7.7
202309030806,11,2.2,81.8,25.1
202309030807,10,2.0,47.9,17.2
202309030808,10,2.3,118.1,15.1
202309030809,12,2.1,152.4,29.3
202309030810,16,4.2,203.0,47.8
202309030811,17,2.2,234.3,76.6
202309030812,16,3.1,222.5,51.6
202302020101,9,2.7,65.6,13.3
202302020102,12,3.1,99.8,22.7
202302020103,12,2.4,79.1,26.0
202302020104,9,2.5,87.2,13.8
202302020105,6,1.6,15.6,3.9
202302020106,6,1.6,21.4,4.1
202302020107,14,4.0,132.4,29.8
202302020108,7,1.9,14.7,8.0
202302020109,12,3.8,142.4,26.7
202302020110,9,2.3,46.5,12.7
202302020111,16,5.2,172.5,39.4
202302020112,11,3.0,115.8,18.6
202303020101,13,2.6,165.4,30.7
202303020102,15,2.5,252.4,51.2
202303020103,15,4.2,270.2,53.0
202303020104,12,3.4,139.2,24.1
202303020105,13,4.4,228.5,28.9
202303020106,13,5.3,166.7,31.1
202303020107,16,2.9,248.4,52.6
202303020108,15,5.4,237.8,38.8
202303020109,10,2.5,155.8,17.4
202303020110,16,2.8,229.3,48.5
202303020111,13,3.1,208.4,28.9
202303020112,16,2.6,215.5,49.3
202307030101,7,1.7,27.6,6.5
202307030102,16,1.9,177.7,59.4
202307030103,16,2.4,225.3,55.6
202307030104,17,3.1,185.9,58.9
202307030105,7,1.5,30.1,6.3
202307030106,10,3.4,44.4,12.2
202307030107,16,3.4,177.2,50.0
202307030108,7,1.7,23.2,7.1
202307030109,8,1.8,37.1,8.8
202307030110,11,2.2,85.0,24.0
202307030111,13,3.5,138.2,29.1
202307030112,16,4.1,196.6,46.1
202302020201,9,2.7,41.0,13.0
202302020202,12,3.2,120.5,22.0
202302020203,16,3.3,204.0,44.4
202302020204,11,3.7,76.0,17.5
202302020205,5,1.3,7.8,2.9
202302020206,14,4.1,114.7,30.4
202302020207,11,2.0,73.5,21.7
202302020208,13,2.3,135.5,36.3
202302020209,14,6.2,143.2,28.7
202302020210,9,2.7,52.6,10.8
202302020211,16,2.6,169.3,52.9
202302020212,11,3.3,128.8,16.9
202303020201,7,1.4,53.8,7.8
202303020202,16,2.7,242.9,55.1
202303020203,16,3.5,262.3,62.6
202303020204,16,2.3,243.5,62.7
202303020205,16,5.3,264.3,58.7
202303020206,10,1.6,70.9,21.8
202303020207,16,3.4,253.1,68.9
202303020208,10,1.8,115.5,20.1
202303020209,16,2.6,169.6,58.8
202303020210,12,2.6,127.7,26.2
202303020211,16,5.0,169.8,41.4
202303020212,16,4.1,272.4,65.5
202307030201,10,2.1,69.3,16.2
202307030202,16,2.6,218.6,51.3
202307030203,16,2.2,187.2,62.3
202307030204,18,4.0,237.0,60.4
202307030205,8,2.0,36.0,9.1
202307030206,15,1.9,172.7,54.9
202307030207,8,1.9,53.4,10.6
202307030208,18,2.2,197.0,69.5
202307030209,9,1.7,70.7,11.2
202307030210,16,2.4,176.4,55.0
202307030211,12,2.4,96.2,28.3
202307030212,16,3.0,185.4,48.2
202302020301,7,1.5,35.0,7.2
202302020302,12,3.4,79.3,23.0
202302020303,14,3.7,141.7,29.0
202302020304,11,2.5,67.6,20.6
202302020305,13,4.1,200.0,32.1
202302020306,13,2.8,135.8,30.2
202302020307,12,3.2,135.5,27.1
202302020308,11,3.5,94.9,17.0
202302020309,10,2.5,44.6,15.9
202302020310,9,1.9,52.5,11.8
202302020311,14,4.2,180.7,31.1
202302020312,11,2.9,78.2,18.8
202303020301,9,1.9,57.8,12.6
202303020302,7,1.7,22.3,6.7
202303020303,16,3.5,253.2,59.9
202303020304,15,2.9,223.0,54.3
202303020305,12,2.1,150.1,29.9
202303020306,12,3.9,159.9,25.0
202303020307,16,3.7,257.5,53.0
202303020308,15,2.2,215.2,48.7
202303020309,13,2.6,191.0,30.4
202303020310,13,3.7,165.7,29.3
202303020311,11,2.8,96.2,19.8
202303020312,13,3.1,186.1,29.0
202307030301,10,2.0,84.3,16.5
202307030302,16,3.5,195.8,45.0
202307030303,16,3.4,243.1,49.6
202307030304,8,2.6,21.8,8.8
202307030305,9,2.1,55.6,12.0
202307030306,16,3.3,180.6,48.8
202307030307,18,3.3,206.2,56.8
202307030308,15,2.1,160.3,55.0
202307030309,10,2.4,87.3,15.1
202307030310,16,2.4,208.6,58.3
202307030311,16,3.2,170.2,53.0
202307030312,16,4.0,180.0,38.9
202302020401,12,3.4,98.0,23.7
202302020402,12,2.0,95.9,27.1
202302020403,12,2.8,133.0,27.0
202302020404,16,3.3,203.8,50.7
202302020405,9,2.1,49.0,15.4
202302020406,12,3.1,122.2,24.9
202302020407,9,2.5,76.5,13.2
202302020408,11,2.3,91.1,23.9
202302020409,12,4.8,65.5,18.2
202302020410,10,2.6,88.8,16.6
202302020411,14,4.9,125.6,29.9
202302020412,11,3.2,56.7,16.1
202303020401,11,2.1,136.1,24.0
202303020402,15,2.5,240.4,54.9
202303020403,16,2.5,239.1,54.9
202303020404,15,2.1,223.1,61.3
202303020405,11,3.3,119.0,18.6
202303020406,10,2.1,66.0,16.1
202303020407,15,2.4,240.1,50.4
202303020408,16,2.8,223.4,51.7
202303020409,16,3.6,232.2,55.6
202303020410,15,2.1,167.8,49.5
202303020411,16,4.6,232.3,39.3
202303020412,14,2.4,146.1,43.1
202307030401,5,1.3,11.3,2.9
202307030402,16,2.5,202.4,57.1
202307030403,16,3.1,179.1,57.3
202307030404,16,5.2,240.6,47.8
202307030405,8,2.0,42.6,9.5
202307030406,10,3.9,64.9,14.3
202307030407,14,2.9,160.0,35.2
202307030408,16,3.5,207.0,48.2
202307030409,18,4.1,227.1,54.0
202307030410,13,2.8,122.0,28.5
202307030411,16,2.9,213.3,50.3
202307030412,12,2.8,160.4,28.4
202302020501,9,2.0,48.4,12.5
202302020502,13,2.0,153.5,38.0
202302020503,16,4.5,225.5,38.7
202302020504,14,2.6,170.0,38.3
202302020505,8,2.0,44.3,9.6
202302020506,11,2.4,72.5,21.5
202302020507,11,2.8,69.9,20.0
202302020508,14,5.3,154.8,29.9
202302020509,14,5.3,167.3,29.5
202302020510,14,2.9,128.5,32.2
202302020511,15,4.0,130.8,40.2
202302020512,12,3.7,69.4,19.8
202303020501,13,3.9,180.9,30.0
202303020502,15,3.6,242.9,44.3
202303020503,15,2.4,237.4,55.0
202303020504,11,2.5,94.8,20.2
202303020505,14,2.9,152.5,32.1
202303020506,14,2.2,173.3,46.6
202303020507,16,2.7,223.1,50.4
202303020508,15,3.0,219.1,43.8
202303020509,10,1.9,78.0,16.5
202303020510,16,2.4,217.5,62.3
202303020511,11,2.8,169.4,18.0
202303020512,16,3.0,195.8,51.3
202307030501,8,1.5,33.8,8.0
202307030502,16,2.0,202.5,59.4
202307030503,16,3.2,194.6,54.3
202307030504,14,2.5,142.8,41.9
202307030505,8,2.2,55.5,10.4
202307030506,9,1.8,48.4,12.4
202307030507,11,2.6,76.3,18.7
202307030508,8,1.4,47.7,10.1
202307030509,9,2.1,83.5,13.9
202307030510,16,2.8,211.5,52.8
202307030511,11,2.5,84.9,18.7
202307030512,16,2.6,212.9,49.1
202302020601,16,5.2,242.7,46.8
202302020602,14,3.7,197.5,38.7
202302020603,16,5.4,135.4,36.4
202302020604,12,2.4,122.0,26.8
202302020605,14,3.2,160.0,29.9
202302020606,12,2.3,71.3,27.4
202302020607,14,3.9,179.3,31.5
202302020608,13,3.8,151.9,29.8
202302020609,14,3.4,121.7,32.4
202302020610,14,3.4,115.4,29.7
202302020611,16,4.7,124.8,39.6
202302020612,13,4.2,98.0,27.4
202303020601,11,2.2,127.7,20.1
202303020602,13,2.9,214.6,32.5
202303020603,16,2.9,238.7,49.2
202303020604,16,2.2,237.4,68.1
202303020605,13,3.7,199.3,31.6
202303020606,10,2.3,114.3,17.0
202303020607,16,5.0,225.7,44.0
202303020608,15,3.0,229.1,44.5
202303020609,11,2.3,125.3,22.8
202303020610,16,5.0,212.2,43.4
202303020611,16,5.1,239.0,46.1
202303020612,15,4.8,233.2,42.2
202307030601,10,2.4,67.6,18.5
202307030602,16,4.1,213.5,46.8
202307030603,18,4.5,244.2,67.5
202307030604,16,2.9,198.3,54.2
202307030605,12,3.5,98.1,20.8
202307030606,15,2.8,199.7,46.1
202307030607,13,2.7,96.2,32.2
202307030608,16,3.2,208.1,44.0
202307030609,18,4.4,243.9,57.7
202307030610,14,3.6,154.2,31.3
202307030611,15,2.7,226.2,46.1
202307030612,14,3.1,134.8,34.0
202301010101,8,1.7,52.8,10.2
202301010102,12,2.5,82.3,23.3
202301010103,14,3.5,169.7,31.4
202301010104,13,5.6,173.6,30.5
202301010105,10,3.8,66.5,14.8
202301010106,14,2.6,168.1,34.7
202301010107,16,2.8,195.8,55.9
202301010108,13,4.2,142.0,28.3
202301010109,9,2.3,67.1,12.3
202301010110,9,2.4,34.8,12.7
202301010111,15,4.4,128.9,32.4
202301010112,14,4.7,148.0,30.8
202303020701,15,3.7,254.1,67.5
202303020702,7,1.3,54.2,8.0
202303020703,16,3.1,240.4,50.6
202303020704,15,3.9,248.7,42.9
202303020705,9,2.0,97.2,13.5
202303020706,12,2.2,151.0,31.7
202303020707,16,3.6,256.0,53.1
202303020708,15,2.5,222.4,52.2
202303020709,14,3.0,170.9,30.4
202303020710,15,2.1,208.5,53.7
202303020711,15,3.0,228.8,44.3
202303020712,16,3.9,259.2,46.8
202307030701,10,1.8,62.2,18.0
202307030702,16,2.7,218.7,54.9
202307030703,16,1.9,201.3,61.6
202307030704,9,3.2,58.9,10.7
202307030705,8,1.9,37.1,9.3
202307030706,16,2.3,187.7,57.8
202307030707,16,2.4,215.3,51.0
202307030708,14,2.5,122.7,32.9
202307030709,12,2.2,137.9,27.3
202307030710,16,2.0,161.4,67.1
202307030711,18,4.8,228.7,50.8
202307030712,16,3.1,203.2,56.8
202301010201,8,1.8,28.8,8.5
202301010202,14,2.8,136.9,38.2
202301010203,16,2.1,194.8,55.6
202301010204,14,4.5,94.7,29.4
202301010205,6,1.5,20.6,3.9
202301010206,16,2.5,191.9,53.3
202301010207,12,3.7,119.8,22.0
202301010208,11,1.9,134.6,20.8
202301010209,10,3.8,57.5,11.8
202301010210,14,3.3,152.8,30.1
202301010211,16,5.5,206.7,36.4
202301010212,14,8.4,173.3,30.6
202303020801,13,3.1,196.9,32.9
202303020802,15,4.2,263.0,51.3
202303020803,14,2.5,180.2,37.4
202303020804,16,2.7,251.1,56.0
202303020805,10,2.3,129.0,16.1
202303020806,11,2.5,142.7,20.6
202303020807,15,2.1,226.6,55.4
202303020808,14,2.4,211.9,40.6
202303020809,15,3.1,213.9,47.3
202303020810,15,3.2,239.1,46.0
202303020811,11,4.0,136.8,15.2
202303020812,14,3.9,159.4,34.0
202307030801,8,1.6,49.5,10.8
202307030802,13,3.9,130.9,26.8
202307030803,17,3.8,214.2,59.4
202307030804,18,3.9,211.2,63.8
202307030805,11,2.4,97.5,21.9
202307030806,14,2.9,184.7,37.2
202307030807,18,2.8,216.3,72.4
202307030808,18,5.1,222.9,56.0
202307030809,10,2.3,67.8,14.9
202307030810,16,4.1,232.8,42.1
202307030811,16,3.6,164.0,41.1
202307030812,16,2.8,174.5,49.0
202301010301,9,2.1,93.3,13.3
202301010302,14,3.9,137.9,29.1
202301010303,15,2.4,220.9,50.7
202301010304,14,4.5,173.9,30.3
202301010305,14,4.5,155.9,29.7
202301010306,12,3.0,98.7,25.2
202301010307,15,2.6,196.4,45.2
202301010308,13,3.7,165.1,29.4
202301010309,14,4.4,137.0,30.4
202301010310,8,2.1,48.2,8.6
202301010311,16,3.5,146.2,43.5
202301010312,11,5.6,55.2,17.4
202304020101,10,1.9,99.4,17.5
202304020102,18,2.7,237.3,68.9
202304020103,15,3.3,262.7,50.2
202304020104,11,2.2,138.3,23.9
202304020105,6,1.4,15.1,4.4
202304020106,12,2.2,138.3,27.7
202304020107,18,2.6,263.4,78.7
202304020108,15,2.3,220.2,53.8
202304020109,17,3.4,188.4,55.5
202304020110,15,3.2,241.7,40.7
202304020111,18,4.4,281.4,67.8
202304020112,18,4.5,207.1,51.7
202301010401,14,3.1,151.3,38.4
202301010402,12,5.2,176.5,29.8
202301010403,14,3.1,155.9,32.3
202301010404,16,3.3,206.5,42.9
202301010405,12,3.9,99.5,22.3
202301010406,13,3.5,130.9,27.8
202301010407,13,2.9,93.0,28.5
202301010408,12,4.5,115.9,19.9
202301010409,14,4.6,75.5,29.8
202301010410,14,3.9,114.1,29.7
202301010411,14,4.6,112.5,29.1
202301010412,14,4.0,126.1,30.6
202304020201,11,3.1,174.6,23.5
202304020202,10,2.5,112.9,18.9
202304020203,16,4.1,266.6,56.2
202304020204,15,2.6,237.2,53.7
202304020205,9,1.9,62.7,11.9
202304020206,12,4.1,186.2,28.8
202304020207,15,2.9,241.1,47.8
202304020208,15,3.6,270.9,55.9
202304020209,13,3.1,137.2,29.8
202304020210,18,2.6,225.1,73.3
202304020211,18,5.6,184.1,48.8
202304020212,15,4.2,238.8,36.6
202301010501,14,3.0,165.7,36.0
202301010502,12,3.0,131.4,27.3
202301010503,16,4.2,173.3,45.2
202301010504,14,3.0,152.8,35.9
202301010505,10,2.7,67.5,13.4
202301010506,16,3.3,179.5,49.2
202301010507,13,3.1,158.7,27.9
202301010508,13,3.2,169.3,29.3
202301010509,9,2.2,37.6,10.9
202301010510,14,2.8,91.0,32.5
202301010511,14,3.3,147.0,32.3
202301010512,14,5.2,151.0,31.5
202304020301,12,2.0,125.4,30.5
202304020302,15,2.1,212.7,53.5
202304020303,18,4.4,283.0,74.5
202304020304,15,1.9,173.8,59.8
202304020305,13,2.2,195.6,35.8
202304020306,13,2.9,95.9,28.1
202304020307,18,3.7,259.7,64.3
202304020308,15,2.9,235.6,48.5
202304020309,13,2.9,151.2,30.7
202304020310,15,2.8,193.9,42.2
202304020311,14,3.9,214.8,30.8
202304020312,15,3.3,243.6,38.9
202301010601,14,6.1,156.6,31.5
202301010602,14,4.2,185.4,31.2
202301010603,15,4.3,219.3,38.9
202301010604,14,3.2,167.9,42.3
202301010605,7,1.6,59.1,8.1
202301010606,14,3.6,158.4,33.8
202301010607,12,3.5,122.9,24.0
202301010608,14,3.2,145.3,34.8
202301010609,11,2.4,98.3,18.3
202301010610,11,2.8,116.3,20.6
202301010611,14,4.1,125.8,29.9
202301010612,16,3.5,191.7,46.0
202304020401,11,2.2,155.0,24.8
202304020402,11,3.2,99.3,21.9
202304020403,15,2.7,246.2,50.9
202304020404,18,2.9,236.6,73.1
202304020405,11,3.1,97.7,17.8
202304020406,14,3.3,155.9,30.8
202304020407,16,3.0,225.3,52.4
202304020408,8,1.6,67.4,11.5
202304020409,15,2.5,206.1,50.3
202304020410,17,3.2,248.1,71.6
202304020411,15,3.6,172.0,39.7
202304020412,18,4.1,252.2,60.2
202301020101,9,2.6,57.1,11.4
202301020102,14,3.0,154.9,35.0
202301020103,12,2.4,126.3,29.0
202301020104,14,2.9,115.9,36.5
202301020105,13,3.5,134.1,27.9
202301020106,16,4.8,212.5,41.2
202301020107,12,3.3,114.1,23.6
202301020108,13,2.7,122.7,28.5
202301020109,9,2.5,44.6,10.8
202301020110,11,2.5,77.9,22.9
202301020111,14,3.6,110.6,30.7
202301020112,16,3.8,185.3,43.3
202304030101,15,2.8,233.4,46.2
202304030102,10,1.9,113.3,22.9
202304030103,15,3.6,244.3,39.5
202304030104,15,3.1,258.5,52.5
202304030105,13,2.1,155.0,36.9
202304030106,14,2.6,204.8,35.2
202304030107,18,3.4,255.7,61.0
202304030108,15,4.2,227.0,46.2
202304030109,15,2.9,247.6,47.3
202304030110,18,3.0,155.2,59.9
202304030111,16,4.5,198.5,41.9
202304030112,15,3.2,180.4,43.6
202310030101,12,3.2,94.2,23.9
202310030102,8,1.3,61.6,11.4
202310030103,14,2.3,141.2,40.5
202310030104,8,2.2,43.6,11.0
202310030105,14,2.8,177.2,36.8
202310030106,15,3.6,189.0,38.6
202310030107,16,2.7,199.8,47.5
202310030108,16,2.8,223.7,51.9
202310030109,16,2.6,231.1,51.9
202310030110,11,2.3,116.2,19.5
202310030111,16,3.0,213.3,49.8
202310030112,18,4.4,208.2,55.9
202301020201,7,2.1,24.6,6.4
202301020202,12,3.3,112.8,22.8
202301020203,14,2.8,132.1,39.2
202301020204,14,7.2,197.9,31.1
202301020205,10,2.7,66.0,14.2
202301020206,14,2.8,159.7,38.9
202301020207,14,2.5,127.6,37.7
202301020208,8,1.6,48.9,8.5
202301020209,11,3.0,96.5,20.5
202301020210,9,2.3,66.1,11.9
202301020211,15,4.1,158.2,34.1
202301020212,13,2.8,137.5,28.4
202304030201,14,2.5,151.4,35.0
202304030202,15,3.1,244.6,40.6
202304030203,18,3.4,252.5,62.2
202304030204,15,2.6,232.7,53.6
202304030205,12,2.8,171.4,27.0
202304030206,18,3.1,233.9,67.6
202304030207,18,3.0,261.4,68.2
202304030208,15,1.9,216.8,54.6
202304030209,15,3.0,223.2,44.8
202304030210,9,1.8,62.2,12.0
202304030211,17,4.9,215.0,48.8
202304030212,18,2.8,255.0,74.3
202310030201,10,1.8,77.4,14.0
202310030202,18,2.8,235.5,67.4
202310030203,16,3.3,209.2,52.9
202310030204,18,2.9,196.9,75.5
202310030205,16,2.4,214.4,57.9
202310030206,12,3.4,113.8,24.8
202310030207,16,4.1,198.4,43.6
202310030208,11,1.9,116.8,25.0
202310030209,16,3.1,200.5,49.3
202310030210,13,3.0,84.9,28.4
202310030211,16,3.1,221.4,53.6
202310030212,14,5.5,176.5,31.0
202301020301,12,2.3,143.6,25.8
202301020302,14,5.6,123.7,30.2
202301020303,16,5.4,203.4,42.9
202301020304,14,3.0,153.8,33.8
202301020305,11,2.4,78.7,18.9
202301020306,14,2.6,166.1,34.3
202301020307,16,1.9,200.7,58.4
202301020308,14,4.5,137.7,29.2
202301020309,14,2.9,158.6,33.5
202301020310,16,2.5,208.6,50.6
202301020311,14,5.0,176.2,32.8
202301020312,12,2.3,95.5,25.3
202304030301,14,2.9,147.7,35.4
202304030302,15,3.3,177.4,41.7
202304030303,15,3.7,255.5,45.7
202304030304,10,1.9,77.8,17.2
202304030305,18,3.3,262.5,70.2
202304030306,18,2.1,236.4,81.7
202304030307,15,2.9,238.6,53.3
202304030308,8,1.5,50.6,10.1
202304030309,15,2.9,208.1,39.9
202304030310,15,2.4,200.6,47.8
202304030311,13,2.4,132.3,31.7
202304030312,14,2.5,180.1,35.4
202310030301,18,2.0,224.2,85.5
202310030302,16,2.5,180.3,59.7
202310030303,16,4.2,190.7,47.9
202310030304,18,2.8,217.2,70.1
202310030305,13,2.6,121.1,32.8
202310030306,16,2.7,196.7,50.4
202310030307,18,2.8,215.8,70.3
202310030308,16,2.8,189.8,52.4
202310030309,14,5.4,118.8,29.3
202310030310,10,1.9,55.2,17.1
202310030311,11,2.8,93.5,16.8
202310030312,16,3.9,193.1,43.4
202301020401,11,2.4,111.3,25.2
202301020402,12,3.5,131.2,23.4
202301020403,13,5.0,126.1,29.0
202301020404,14,3.3,165.3,33.9
202301020405,9,2.3,59.0,11.0
202301020406,12,2.5,142.8,28.8
202301020407,16,4.0,171.8,39.9
202301020408,9,2.0,82.5,14.3
202301020409,14,3.0,176.4,34.4
202301020410,14,3.5,130.1,31.1
202301020411,15,3.7,229.8,42.0
202301020412,13,2.4,147.4,29.9
202304030401,9,2.6,118.0,15.2
202304030402,9,1.6,134.6,16.6
202304030403,13,2.7,115.7,32.4
202304030404,15,2.3,242.9,50.2
202304030405,16,3.4,257.7,53.4
202304030406,18,3.4,271.7,83.2
202304030407,18,3.3,271.1,85.1
202304030408,15,5.8,141.4,32.2
202304030409,18,4.4,237.7,54.3
202304030410,18,3.0,188.5,57.9
202304030411,14,5.6,151.1,32.7
202304030412,15,3.3,243.9,39.5
202310030401,12,2.3,94.6,26.4
202310030402,5,1.2,11.8,3.1
202310030403,16,2.2,213.8,55.5
202310030404,18,3.9,243.8,60.1
202310030405,16,5.2,153.3,34.3
202310030406,14,5.6,154.2,31.2
202310030407,16,3.2,206.3,46.4
202310030408,11,2.1,117.4,21.6
202310030409,16,3.2,232.3,49.4
202310030410,16,3.1,178.9,46.0
202310030411,18,3.7,229.8,52.8
202310030412,16,2.6,204.3,53.4
202301020501,11,1.8,86.2,24.0
202301020502,5,1.1,14.2,3.4
202301020503,12,2.5,111.4,26.7
202301020504,14,2.7,159.7,35.9
202301020505,13,4.2,122.5,28.6
202301020506,14,3.6,135.3,32.0
202301020507,14,3.0,195.4,34.3
202301020508,14,2.7,136.3,36.7
202301020509,14,2.7,125.9,35.1
202301020510,14,8.3,97.7,29.0
202301020511,14,4.3,89.1,28.9
202301020512,14,4.4,151.9,31.8
202304030501,18,4.2,281.4,76.0
202304030502,15,2.9,251.8,49.2
202304030503,15,2.6,228.2,47.3
202304030504,15,2.1,212.3,56.9
202304030505,11,3.0,143.1,21.9
202304030506,18,2.7,230.9,74.9
202304030507,18,4.1,274.6,59.4
202304030508,13,2.3,148.8,32.2
202304030509,15,3.3,162.2,37.5
202304030510,17,5.8,272.3,42.1
202304030511,13,3.2,144.4,27.3
202304030512,14,2.7,182.3,35.6
202310030501,11,1.7,82.4,26.0
202310030502,16,2.3,168.0,52.5
202310030503,14,3.6,152.0,32.5
202310030504,10,2.4,88.1,17.7
202310030505,12,2.8,141.0,25.3
202310030506,16,4.1,214.8,43.7
202310030507,18,3.8,254.8,61.2
202310030508,16,4.1,246.3,50.0
202310030509,18,2.0,220.8,97.1
202310030510,10,1.8,80.5,20.9
202310030511,13,4.4,99.9,27.9
202310030512,14,3.7,130.1,29.6
202301020601,9,2.9,63.9,11.7
202301020602,14,2.2,133.7,45.0
202301020603,12,2.4,77.4,24.0
202301020604,14,2.4,170.9,36.1
202301020605,5,1.1,20.2,3.5
202301020606,16,3.0,180.0,48.6
202301020607,12,3.6,98.4,23.2
202301020608,14,3.3,124.6,32.4
202301020609,16,3.0,206.9,48.8
202301020610,14,6.5,114.9,28.5
202301020611,16,4.7,169.6,45.4
202301020612,14,4.9,124.6,29.7
202304030601,14,2.0,168.5,44.1
202304030602,14,3.4,175.8,39.5
202304030603,12,2.5,110.9,25.9
202304030604,18,2.4,252.6,82.6
202304030605,12,2.4,112.1,27.4
202304030606,14,2.8,188.0,37.6
202304030607,8,1.7,81.0,11.6
202304030608,12,3.2,152.4,28.8
202304030609,17,3.6,233.1,53.3
202304030610,17,4.3,243.8,52.5
202304030611,12,3.6,136.7,26.8
202304030612,15,2.9,254.0,47.5
202310030601,13,2.5,148.6,31.2
202310030602,12,2.2,90.5,24.9
202310030603,16,2.6,208.2,53.6
202310030604,16,2.7,206.4,51.7
202310030605,9,2.6,33.5,10.0
202310030606,18,3.4,227.2,61.0
202310030607,16,2.5,163.3,46.9
202310030608,12,3.1,90.7,25.4
202310030609,12,1.8,136.5,28.4
202310030610,16,3.1,182.7,54.4
202310030611,12,3.6,110.6,24.5
202310030612,14,3.0,122.7,35.9
202301020701,8,1.9,45.5,9.2
202301020702,14,2.5,176.8,34.1
202301020703,16,6.4,175.2,35.9
202301020704,14,6.4,140.7,30.5
202301020705,13,2.3,142.1,34.8
202301020706,12,2.7,79.5,24.7
202301020707,16,3.7,260.0,51.5
202301020708,14,2.9,164.1,32.9
202301020709,16,4.9,177.5,42.7
202301020710,14,4.4,132.6,28.1
202301020711,10,2.9,53.9,14.1
202301020712,14,4.0,135.7,28.7
202304030701,14,3.0,196.6,40.1
202304030702,15,2.1,219.5,53.1
202304030703,15,3.1,256.8,45.6
202304030704,6,1.3,40.6,5.5
202304030705,13,2.7,143.2,30.1
202304030706,18,3.4,225.9,71.3
202304030707,18,3.7,232.5,65.7
202304030708,15,2.9,221.7,40.7
202304030709,10,2.1,120.9,18.8
202304030710,9,2.0,122.6,13.3
202304030711,15,3.3,236.2,43.5
202304030712,18,2.8,248.1,79.7
202310030701,9,1.8,70.4,15.4
202310030702,16,3.5,169.3,48.4
202310030703,18,4.2,237.4,59.0
202310030704,16,5.6,172.5,38.8
202310030705,13,2.1,114.2,34.0
202310030706,14,3.2,170.8,32.7
202310030707,18,2.8,181.3,63.6
202310030708,10,2.0,61.0,17.3
202310030709,14,2.3,126.4,37.2
202310030710,10,2.3,64.6,16.4
202310030711,13,3.5,82.5,28.3
202310030712,16,4.1,195.4,43.6
202301020801,11,2.1,127.7,20.7
202301020802,9,2.4,85.6,13.1
202301020803,14,3.8,162.3,30.4
202301020804,16,4.2,199.4,44.2
202301020805,14,2.6,133.9,36.4
202301020806,16,2.6,196.0,48.2
202301020807,14,4.3,141.8,30.0
202301020808,14,3.4,147.1,32.0
202301020809,14,2.9,161.4,36.1
202301020810,12,2.7,133.9,26.0
202301020811,14,4.5,161.0,31.3
202301020812,14,5.8,86.5,28.5
202304030801,15,2.2,235.8,51.6
202304030802,13,2.1,195.7,34.5
202304030803,15,4.3,215.4,37.4
202304030804,18,4.0,276.4,61.1
202304030805,13,2.3,143.5,31.8
202304030806,18,2.3,241.7,65.3
202304030807,15,3.5,204.6,37.1
202304030808,15,1.8,207.7,57.0
202304030809,13,3.2,207.3,33.8
202304030810,15,2.6,205.8,49.1
202304030811,14,2.5,159.9,34.7
202304030812,17,2.6,241.0,63.9
202310030801,11,4.3,88.6,20.9
202310030802,14,3.8,141.7,30.7
202310030803,16,2.6,196.1,51.4
202310030804,18,2.6,251.3,68.6
202310030805,16,3.2,152.2,47.3
202310030806,16,3.1,246.4,48.3
202310030807,18,5.3,235.2,56.3
202310030808,13,2.1,78.4,33.6
202310030809,17,3.1,186.7,54.3
202310030810,15,4.2,168.5,34.2
202310030811,10,2.5,53.7,13.5
202310030812,12,3.0,118.9,27.1
202306040101,12,2.0,132.1,29.9
202306040102,12,1.9,151.7,28.4
202306040103,15,3.1,197.8,44.8
202306040104,15,2.7,230.0,45.1
202306040105,10,1.9,123.0,21.4
202306040106,16,2.0,210.3,68.2
202306040107,9,2.1,112.8,18.4
202306040108,10,1.8,90.7,20.5
202306040109,8,1.9,125.7,17.5
202306040110,10,3.1,120.4,15.0
202306040111,17,3.0,260.0,61.8
202306040112,16,3.4,245.8,50.0
202309040101,12,3.6,117.5,23.8
202309040102,9,2.0,96.4,11.5
202309040103,7,1.4,35.1,8.2
202309040104,11,2.9,131.6,19.6
202309040105,6,1.3,27.9,4.3
202309040106,13,2.8,130.3,36.3
202309040107,10,2.1,64.0,17.0
202309040108,10,1.7,83.4,18.6
202309040109,8,1.6,52.4,10.8
202309040110,13,2.9,148.4,29.7
202309040111,9,1.8,61.2,17.3
202309040112,16,1.9,199.8,70.0
202306040201,16,2.3,235.9,53.7
202306040202,10,1.5,93.7,16.9
202306040203,16,3.2,202.2,52.3
202306040204,16,2.4,242.9,53.1
202306040205,13,2.3,200.5,34.9
202306040206,9,1.8,58.9,14.1
202306040207,16,4.5,249.0,45.5
202306040208,10,3.2,154.0,16.5
202306040209,10,2.2,112.1,17.5
202306040210,12,4.2,95.1,22.6
202306040211,11,2.5,68.7,19.3
202306040212,16,2.7,201.2,56.2
202309040201,10,1.5,82.5,20.9
202309040202,8,2.1,52.3,9.5
202309040203,9,1.7,81.7,17.7
202309040204,11,3.0,88.1,21.2
202309040205,7,1.8,35.5,6.7
202309040206,12,2.9,121.1,25.4
202309040207,13,2.7,163.5,34.6
202309040208,15,4.1,238.4,40.6
202309040209,8,1.7,57.2,10.2
202309040210,12,5.3,135.3,19.1
202309040211,15,3.0,227.1,46.1
202309040212,12,2.7,136.2,27.1
202306040301,13,3.5,144.3,27.5
202306040302,11,1.7,89.7,23.2
202306040303,12,1.8,172.9,27.5
202306040304,15,3.2,255.9,45.1
202306040305,9,1.9,74.0,13.0
202306040306,16,2.5,248.3,54.7
202306040307,14,2.3,157.5,42.8
202306040308,14,2.3,189.6,40.1
202306040309,16,2.4,230.9,52.2
202306040310,9,2.4,58.3,12.6
202306040311,10,2.5,116.1,18.7
202306040312,11,3.1,114.4,18.1
202309040301,9,1.4,55.0,14.8
202309040302,16,1.8,205.5,67.1
202309040303,9,1.8,82.8,16.1
202309040304,18,3.8,189.7,55.8
202309040305,8,1.6,70.3,11.0
202309040306,15,4.9,256.2,44.8
202309040307,15,2.7,186.7,44.8
202309040308,14,3.1,158.9,35.7
202309040309,6,1.6,17.1,4.2
202309040310,16,4.5,234.4,51.5
202309040311,10,2.3,82.5,17.6
202309040312,16,2.2,201.7,74.5
202306040401,14,2.0,187.4,42.4
202306040402,10,1.7,87.8,17.3
202306040403,12,2.1,133.7,29.0
202306040404,16,2.0,222.7,82.6
202306040405,16,5.0,280.6,50.8
202306040406,12,1.7,125.2,30.1
202306040407,16,2.5,195.9,47.7
202306040408,15,2.2,187.2,43.8
202306040409,16,3.7,205.8,44.8
202306040410,15,3.9,120.1,35.2
202306040411,16,3.8,195.1,46.0
202306040412,16,4.0,251.9,43.4
202309040401,8,1.7,52.6,10.6
202309040402,12,2.2,125.1,27.6
202309040403,13,3.1,148.0,27.9
202309040404,8,1.9,48.7,9.7
202309040405,9,1.9,65.9,13.1
202309040406,16,1.9,188.5,58.6
202309040407,16,3.9,194.2,45.9
202309040408,12,3.0,96.3,24.1
202309040409,11,2.5,169.0,26.1
202309040410,15,3.8,203.9,42.1
202309040411,17,3.0,215.7,60.0
202309040412,16,2.9,184.6,56.7
202306040501,13,2.3,168.5,32.7
202306040502,16,2.6,253.9,55.0
202306040503,11,2.2,164.9,24.9
202306040504,11,3.3,139.8,25.0
202306040505,13,2.9,129.0,28.4
202306040506,8,1.6,43.9,10.6
202306040507,16,6.7,247.5,40.3
202306040508,9,1.5,110.9,16.7
202306040509,16,3.4,262.2,57.2
202306040510,14,2.5,221.3,40.7
202306040511,15,1.9,212.6,55.4
202306040512,16,3.1,204.0,55.8
202309040501,11,2.6,99.6,19.9
202309040502,10,2.1,89.1,17.3
202309040503,11,2.1,95.7,23.8
202309040504,8,1.9,25.8,10.3
202309040505,9,2.1,69.7,14.7
202309040506,16,4.7,205.8,41.6
202309040507,11,2.2,96.9,23.8
202309040508,13,2.6,141.9,28.3
202309040509,14,2.1,139.7,41.2
202309040510,10,1.7,124.2,20.6
202309040511,16,2.2,202.6,63.1
202309040512,16,2.8,195.4,47.2
202306040601,14,2.0,193.3,40.5
202306040602,16,2.8,225.6,57.9
202306040603,16,4.2,257.6,39.9
202306040604,16,2.6,226.3,53.6
202306040605,16,2.7,239.6,72.1
202306040606,13,3.4,198.8,29.4
202306040607,11,2.8,92.9,20.7
202306040608,13,2.0,147.6,34.4
202306040609,10,2.3,85.3,15.2
202306040610,12,2.6,92.8,26.0
202306040611,12,3.1,128.8,24.8
202306040612,16,2.9,186.9,48.0
202309040601,12,2.9,95.2,25.2
202309040602,10,1.9,88.4,18.6
202309040603,10,2.1,80.6,16.1
202309040604,14,3.3,153.4,31.4
202309040605,13,2.7,126.5,27.8
202309040606,11,2.1,123.1,21.4
202309040607,14,3.4,176.0,35.1
202309040608,7,2.3,15.9,5.9
202309040609,16,2.2,999.9,62.6
202309040610,16,2.3,196.9,56.0
202309040611,14,3.0,159.7,34.4
202309040612,16,2.1,157.7,58.0
202306040701,10,2.5,92.6,18.5
202306040702,10,1.7,96.8,18.6
202306040703,12,1.7,113.5,32.1
202306040704,16,2.7,252.5,67.7
202306040705,8,2.0,81.8,10.6
202306040706,11,2.1,162.4,25.1
202306040707,16,2.1,200.9,61.0
202306040708,16,2.7,250.2,55.2
202306040709,16,3.6,256.6,57.2
202306040710,13,2.6,125.8,27.8
202306040711,15,2.9,255.1,52.4
202306040712,16,2.2,233.6,60.1
202309040701,10,2.1,86.7,15.3
202309040702,10,2.5,72.3,16.5
202309040703,13,1.9,131.3,30.1
202309040704,8,1.7,66.5,10.2
202309040705,7,2.0,31.5,6.4
202309040706,16,2.5,202.3,66.8
202309040707,18,2.5,203.9,76.8
202309040708,12,3.0,153.5,28.7
202309040709,11,2.1,68.6,25.0
202309040710,16,3.9,186.3,45.0
202309040711,13,3.0,167.1,28.1
202309040712,15,3.6,202.3,42.4
202306040801,14,2.0,146.4,44.1
202306040802,16,4.8,241.8,46.3
202306040803,16,2.1,220.1,68.4
202306040804,14,3.8,191.1,33.5
202306040805,16,4.7,258.1,47.2
202306040806,16,2.3,241.5,65.5
202306040807,15,3.7,202.9,36.1
202306040808,16,2.8,237.4,54.2
202306040809,9,2.3,56.0,12.1
202306040810,16,3.6,199.9,43.0
202306040811,16,3.3,221.5,44.3
202306040812,16,3.5,227.5,47.6
202309040801,13,2.3,176.5,33.6
202309040802,8,1.5,38.3,8.5
202309040803,6,1.3,15.8,3.4
202309040804,18,3.2,250.6,66.6
202309040805,12,4.0,116.0,25.3
202309040806,11,2.0,115.4,22.4
202309040807,8,1.9,47.4,9.6
202309040808,17,3.0,165.2,58.1
202309040809,9,2.3,72.1,12.0
202309040810,16,3.9,191.7,44.7
202309040811,14,3.6,154.2,31.2
202309040812,16,2.5,182.1,57.6
202306040901,14,3.4,229.0,38.6
202306040902,13,3.0,185.9,28.0
202306040903,16,2.0,219.0,65.0
202306040904,13,2.3,135.6,31.3
202306040905,14,2.2,183.8,40.9
202306040906,16,2.4,225.3,52.0
202306040907,15,2.7,242.4,44.7
202306040908,7,1.5,38.3,6.9
202306040909,16,3.4,265.0,58.1
202306040910,17,2.8,230.8,58.1
202306040911,16,3.0,223.3,49.0
202306040912,16,2.8,238.5,54.2
202309040901,15,2.4,215.5,47.0
202309040902,11,2.0,94.2,25.1
202309040903,13,2.9,113.9,27.9
202309040904,12,3.4,139.8,25.8
202309040905,9,1.6,69.2,12.7
202309040906,16,3.5,228.0,43.8
202309040907,12,2.8,130.8,26.0
202309040908,13,3.0,136.4,32.7
202309040909,12,2.5,135.2,27.4
202309040910,12,3.6,141.6,24.9
202309040911,9,2.5,39.6,11.2
202309040912,16,4.4,201.4,44.7
202305040101,16,2.9,248.9,51.9
202305040102,16,2.0,210.0,66.5
202305040103,16,2.7,215.6,58.0
202305040104,13,4.5,239.1,34.1
202305040105,11,2.4,140.7,24.9
202305040106,18,2.8,259.1,93.6
202305040107,13,3.3,178.5,28.8
202305040108,14,2.9,186.3,35.2
202305040109,12,1.9,128.4,31.1
202305040110,12,3.5,133.8,24.7
202305040111,9,1.4,86.2,13.8
202305040112,15,3.5,230.2,46.6
202308020101,13,3.8,139.7,27.3
202308020102,16,2.9,217.1,55.3
202308020103,6,1.5,29.2,5.1
202308020104,11,3.7,128.8,18.6
202308020105,18,4.3,231.6,59.9
202308020106,16,2.3,216.7,54.3
202308020107,16,2.3,222.0,58.0
202308020108,11,2.1,94.2,24.6
202308020109,11,3.2,132.2,20.6
202308020110,15,5.6,210.1,35.8
202308020111,16,3.3,233.1,55.2
202308020112,15,2.8,176.9,41.0
202305040201,16,5.2,262.1,46.3
202305040202,14,2.1,197.1,47.1
202305040203,9,1.9,83.9,14.7
202305040204,15,2.3,201.8,44.9
202305040205,12,3.0,87.1,23.7
202305040206,15,3.5,209.6,38.8
202305040207,16,2.9,256.7,57.9
202305040208,16,2.3,242.4,66.8
202305040209,9,1.8,68.0,13.6
202305040210,16,3.3,223.9,47.4
202305040211,12,2.0,129.1,28.5
202305040212,16,3.5,231.1,51.6
202308020201,12,3.3,136.3,24.8
202308020202,12,2.6,167.3,27.2
202308020203,16,2.4,218.3,57.8
202308020204,11,2.0,93.9,24.7
202308020205,12,3.2,139.8,22.2
202308020206,16,2.6,176.2,51.2
202308020207,13,3.0,195.0,33.7
202308020208,17,3.9,238.7,52.4
202308020209,12,2.2,96.6,26.6
202308020210,15,2.6,216.0,50.1
202308020211,18,5.3,268.4,53.4
202308020212,13,2.0,92.0,36.5
202305040301,13,1.9,190.6,37.7
202305040302,13,1.7,160.7,41.8
202305040303,9,1.6,110.6,14.5
202305040304,12,2.0,130.7,28.1
202305040305,13,1.8,186.0,41.7
202305040306,15,2.7,245.2,48.9
202305040307,14,3.2,176.7,33.1
202305040308,16,2.1,219.4,64.8
202305040309,16,3.7,222.1,45.3
202305040310,14,2.4,134.3,41.8
202305040311,16,2.1,143.3,57.2
202305040312,12,2.0,168.5,28.7
202308020301,12,3.0,113.5,26.9
202308020302,10,2.5,90.7,14.2
202308020303,9,2.6,75.0,14.6
202308020304,17,3.1,205.0,55.9
202308020305,10,2.1,55.8,15.5
202308020306,11,2.2,93.4,19.3
202308020307,13,1.9,134.6,37.1
202308020308,16,3.2,200.5,46.8
202308020309,10,3.4,150.9,14.3
202308020310,13,4.7,151.3,30.2
202308020311,14,4.1,174.8,36.7
202308020312,13,2.6,120.7,33.3
202304040101,14,2.4,163.7,38.1
202304040102,12,1.8,145.3,33.1
202304040103,13,4.5,144.4,25.7
202304040104,13,2.0,159.4,36.6
202304040105,15,2.4,201.2,54.7
202304040106,11,2.0,116.5,24.6
202304040107,16,3.0,180.9,51.2
202304040108,11,2.6,71.1,16.7
202304040109,18,5.5,210.8,50.2
202304040110,15,3.4,136.7,38.8
202304040111,18,2.6,246.5,57.5
202304040112,15,3.1,177.1,39.7
202305040401,11,1.9,131.9,23.0
202305040402,7,1.5,51.9,8.4
202305040403,18,3.5,280.4,93.9
202305040404,13,2.5,153.9,30.8
202305040405,11,1.6,150.1,27.5
202305040406,16,3.6,259.5,71.8
202305040407,7,2.2,31.0,6.8
202305040408,18,2.6,255.4,85.5
202305040409,14,2.5,160.1,34.2
202305040410,12,2.9,117.6,25.4
202305040411,13,4.3,137.0,27.6
202305040412,16,3.0,225.2,56.2
202308020401,12,2.3,118.2,26.2
202308020402,8,1.9,63.7,11.0
202308020403,11,2.0,110.7,22.1
202308020404,14,4.2,140.8,30.9
202308020405,13,2.4,137.9,27.2
202308020406,10,2.2,47.4,17.1
202308020407,9,3.1,50.3,11.1
202308020408,5,1.2,9.2,3.0
202308020409,11,3.0,66.6,17.5
202308020410,8,1.4,61.2,10.6
202308020411,12,2.4,82.4,25.8
202308020412,14,2.6,150.6,34.0
202304040201,11,2.3,120.5,21.3
202304040202,11,2.2,110.8,21.0
202304040203,11,2.0,113.8,23.0
202304040204,10,2.5,61.6,17.3
202304040205,18,3.8,265.3,75.0
202304040206,10,2.7,64.4,14.8
202304040207,18,3.9,208.5,57.9
202304040208,15,3.8,161.4,37.8
202304040209,17,3.3,205.1,54.7
202304040210,13,2.8,74.9,31.8
202304040211,15,3.6,148.0,38.2
202304040212,15,3.2,174.8,40.1
202305040501,13,2.7,156.2,28.7
202305040502,7,1.3,57.4,7.4
202305040503,12,1.8,151.4,32.0
202305040504,16,2.5,248.1,56.9
202305040505,14,2.4,166.8,37.3
202305040506,16,4.4,208.8,39.4
202305040507,10,2.0,68.0,16.0
202305040508,12,2.4,170.5,27.4
202305040509,12,2.4,142.3,26.4
202305040510,14,3.3,123.4,30.0
202305040511,15,6.5,173.1,30.5
202305040512,14,3.5,199.8,34.6
202308020501,9,1.7,73.9,16.8
202308020502,9,1.8,88.4,13.6
202308020503,5,1.0,21.8,2.9
202308020504,11,2.5,83.1,18.3
202308020505,15,2.3,174.7,46.4
202308020506,8,2.6,36.1,9.4
202308020507,13,1.9,92.9,36.8
202308020508,6,1.6,12.2,3.8
202308020509,12,2.3,137.7,25.6
202308020510,7,1.8,33.6,6.0
202308020511,18,2.3,230.4,110.4
202308020512,14,3.1,162.8,35.9
202304040301,14,3.0,153.3,35.7
202304040302,15,2.5,214.2,53.9
202304040303,14,2.0,168.5,41.2
202304040304,13,3.5,145.0,31.2
202304040305,18,2.9,216.3,64.2
202304040306,14,2.6,162.5,33.1
202304040307,18,3.1,182.9,63.8
202304040308,14,1.9,191.2,39.3
202304040309,15,2.6,196.6,44.7
202304040310,10,2.5,53.8,13.3
202304040311,18,5.0,230.5,53.9
202304040312,15,2.0,208.1,51.8
202305040601,13,2.9,188.3,28.0
202305040602,13,2.5,184.4,36.8
202305040603,10,1.7,84.3,16.8
202305040604,16,3.5,251.5,54.3
202305040605,16,2.9,225.7,53.7
202305040606,12,2.2,154.9,28.6
202305040607,15,3.1,223.9,42.0
202305040608,14,2.5,96.7,40.3
202305040609,6,1.2,37.6,4.7
202305040610,16,2.3,211.0,63.3
202305040611,12,3.7,110.2,22.7
202305040612,9,2.2,51.7,11.5
202308020601,11,1.9,116.8,24.6
202308020602,9,2.2,94.7,13.9
202308020603,16,3.3,231.4,49.4
202308020604,18,4.2,232.0,67.4
202308020605,14,2.4,127.6,39.0
202308020606,14,3.9,128.6,30.5
202308020607,7,1.5,25.0,6.1
202308020608,8,1.6,48.2,8.3
202308020609,16,2.0,214.0,73.6
202308020610,12,2.3,115.5,29.7
202308020611,13,3.8,124.5,28.1
202308020612,16,3.1,216.0,46.3
202304040401,9,1.8,77.3,14.4
202304040402,11,2.5,143.8,23.0
202304040403,13,3.5,161.2,28.6
202304040404,14,1.9,153.1,58.8
202304040405,15,2.9,240.3,49.8
202304040406,14,2.9,130.3,34.5
202304040407,16,4.4,228.2,47.1
202304040408,10,2.0,86.4,15.5
202304040409,14,3.2,174.0,33.2
202304040410,15,3.2,219.3,46.8
202304040411,13,3.4,81.2,27.6
202304040412,18,3.7,230.4,55.5
202305040701,16,3.3,190.8,52.2
202305040702,11,2.2,92.2,22.7
202305040703,9,2.2,80.7,14.3
202305040704,15,2.7,160.2,44.1
202305040705,16,3.5,220.0,46.9
202305040706,9,1.5,79.1,17.9
202305040707,14,4.0,148.9,28.8
202305040708,13,2.7,196.5,33.9
202305040709,10,2.9,75.4,15.2
202305040710,16,3.4,197.8,46.0
202305040711,16,3.0,219.2,47.9
202305040712,16,3.7,200.6,46.4
202308020701,11,1.8,127.4,24.2
202308020702,16,1.8,214.4,62.9
202308020703,10,2.2,77.9,16.1
202308020704,12,2.7,93.6,23.8
202308020705,8,1.9,37.4,8.3
202308020706,16,3.6,189.2,46.0
202308020707,16,5.2,169.3,39.4
202308020708,8,2.6,48.2,8.3
202308020709,16,3.2,175.7,47.0
202308020710,13,3.0,119.4,28.1
202308020711,17,3.4,236.8,55.1
202308020712,14,2.7,167.5,37.1
202304040501,14,1.8,160.0,46.0
202304040502,14,2.8,173.3,38.6
202304040503,11,1.9,98.0,24.6
202304040504,14,2.6,999.9,37.4
202304040505,18,2.7,238.0,71.5
202304040506,15,3.4,232.2,47.0
202304040507,18,5.2,253.1,54.8
202304040508,13,2.4,175.8,31.7
202304040509,12,2.2,111.2,26.6
202304040510,18,6.1,212.2,49.3
202304040511,12,2.5,110.7,25.3
202304040512,11,3.0,83.7,21.1
202305040801,13,1.8,195.0,39.8
202305040802,16,3.0,239.7,66.2
202305040803,10,1.8,118.9,19.0
202305040804,15,1.8,222.8,55.1
202305040805,13,3.0,192.9,32.6
202305040806,13,2.1,86.8,39.7
202305040807,16,2.6,242.2,55.2
202305040808,10,2.1,71.3,14.0
202305040809,16,2.1,200.4,62.9
202305040810,10,2.4,88.0,16.1
202305040811,10,2.0,54.3,17.9
202305040812,11,2.2,135.9,25.5
202308020801,12,3.0,125.5,24.3
202308020802,12,3.0,131.0,27.3
202308020803,10,3.0,81.5,14.1
202308020804,11,2.6,98.8,19.2
202308020805,11,1.9,112.8,24.5
202308020806,11,2.1,80.2,24.4
202308020807,10,1.9,81.9,15.5
202308020808,7,1.7,26.0,7.0
202308020809,13,2.9,136.6,28.9
202308020810,16,3.1,202.9,49.1
202308020811,18,3.7,220.8,55.1
202308020812,14,2.0,141.1,45.1
202304040601,15,2.3,216.7,47.5
202304040602,15,2.7,223.2,54.5
202304040603,15,2.2,212.2,45.6
202304040604,11,2.2,81.6,20.7
202304040605,18,3.5,217.9,67.6
202304040606,12,1.8,122.5,31.4
202304040607,13,2.6,178.5,35.8
202304040608,11,4.2,111.3,15.8
202304040609,13,2.8,153.7,27.7
202304040610,15,3.5,194.7,42.1
202304040611,18,5.6,194.0,49.4
202304040612,18,5.5,261.6,57.6
202305040901,13,2.4,182.8,35.4
202305040902,12,1.7,164.2,35.2
202305040903,11,2.0,99.8,21.9
202305040904,16,3.9,221.2,44.6
202305040905,11,1.8,121.5,24.9
202305040906,14,3.4,170.2,31.3
202305040907,11,2.5,156.9,20.0
202305040908,7,1.6,37.0,8.4
202305040909,8,2.0,999.9,10.2
202305040910,13,4.1,143.2,29.6
202305040911,11,1.9,136.7,25.3
202305040912,16,5.7,217.1,40.9
202308020901,12,3.3,113.4,24.1
202308020902,12,1.9,112.4,27.8
202308020903,13,2.1,126.6,32.8
202308020904,10,2.0,69.7,16.6
202308020905,11,2.9,99.3,19.4
202308020906,10,2.6,73.3,15.9
202308020907,11,1.8,86.8,24.7
202308020908,16,2.2,176.2,56.3
202308020909,9,2.1,87.6,14.5
202308020910,17,3.6,237.1,54.0
202308020911,16,5.0,221.9,44.9
202308020912,16,3.4,196.8,49.1
202303030101,15,2.0,214.4,50.9
202303030102,13,2.3,167.1,36.6
202303030103,12,3.1,144.4,22.9
202303030104,11,2.0,119.2,23.5
202303030105,16,2.6,229.7,56.0
202303030106,14,2.3,152.4,37.3
202303030107,13,2.1,175.2,36.1
202303030108,13,2.7,110.6,28.7
202303030109,16,2.3,204.9,59.0
202303030110,16,4.4,169.5,40.6
202303030111,13,2.3,96.5,31.9
202303030112,11,2.9,94.9,18.8
202305050101,12,2.0,156.3,29.1
202305050102,15,2.8,227.0,45.6
202305050103,14,2.9,166.1,34.4
202305050104,16,2.1,226.6,64.0
202305050105,13,2.1,151.9,35.2
202305050106,16,2.7,178.5,56.2
202305050107,11,2.8,39.5,18.6
202305050108,14,2.9,158.8,34.7
202305050109,16,4.5,154.3,41.8
202305050110,10,2.1,74.6,14.2
202305050111,12,3.4,90.0,23.1
202305050112,10,2.2,96.9,19.6
202308030101,16,3.2,217.2,53.3
202308030102,11,2.0,66.3,26.2
202308030103,13,2.4,128.4,34.6
202308030104,8,1.8,42.0,10.4
202308030105,10,3.8,68.1,13.0
202308030106,14,3.6,147.9,35.9
202308030107,11,2.5,71.8,19.5
202308030108,12,3.0,82.1,27.5
202308030109,10,2.4,73.8,15.4
202308030110,16,3.1,164.6,48.0
202308030111,18,6.2,213.6,52.4
202308030112,10,1.9,79.0,18.4
202303030201,12,1.8,113.3,32.0
202303030202,16,2.3,236.1,61.1
202303030203,12,3.4,122.2,23.6
202303030204,11,3.9,162.5,25.7
202303030205,9,1.8,61.1,13.2
202303030206,15,2.4,206.0,49.3
202303030207,11,3.7,96.5,19.4
202303030208,13,2.1,142.3,31.8
202303030209,14,3.6,123.7,33.8
202303030210,15,2.3,225.1,54.4
202303030211,16,3.0,198.1,45.8
202303030212,11,1.9,84.5,23.5
202305050201,13,2.8,179.3,31.9
202305050202,13,2.5,190.8,34.0
202305050203,16,3.1,221.4,51.5
202305050204,6,1.2,28.9,5.1
202305050205,9,2.1,85.4,12.8
202305050206,18,3.5,238.6,61.5
202305050207,12,2.4,135.8,26.9
202305050208,16,3.5,215.3,47.7
202305050209,9,2.2,65.4,13.1
202305050210,14,2.6,165.1,32.3
202305050211,18,4.0,220.6,58.2
202305050212,12,2.6,121.1,25.1
202308030201,14,3.2,145.3,32.8
202308030202,10,2.2,65.6,14.6
202308030203,9,2.0,56.8,12.8
202308030204,17,3.6,189.2,55.0
202308030205,8,1.8,38.1,9.7
202308030206,15,2.6,164.4,42.0
202308030207,12,3.0,121.3,25.9
202308030208,14,2.9,132.1,39.5
202308030209,11,3.8,110.9,18.4
202308030210,18,9.3,260.0,45.2
202308030211,16,2.8,227.2,58.6
202308030212,17,3.0,201.3,55.5
202303030301,16,1.6,217.0,72.5
202303030302,15,2.1,190.6,56.8
202303030303,16,3.3,230.6,55.8
202303030304,15,3.7,172.5,37.9
202303030305,16,4.4,204.1,42.4
202303030306,16,3.8,186.7,46.9
202303030307,16,3.6,214.8,52.8
202303030308,12,2.6,121.2,25.3
202303030309,12,2.3,121.2,27.6
202303030310,16,5.1,200.1,40.4
202303030311,15,3.6,211.0,39.6
202303030312,14,2.1,156.3,42.1
202305050301,15,3.6,251.0,52.9
202305050302,8,1.7,75.6,11.6
202305050303,10,1.4,138.4,20.3
202305050304,13,2.4,201.8,33.3
202305050305,12,2.4,175.5,29.2
202305050306,14,2.5,215.8,37.6
202305050307,16,5.6,235.4,39.2
202305050308,16,2.9,201.5,47.0
202305050309,16,2.9,205.1,53.2
202305050310,15,2.2,191.0,48.2
202305050311,16,3.2,196.6,43.9
202305050312,8,1.4,55.7,11.5
202308030301,14,2.8,152.4,34.8
202308030302,13,2.0,171.9,37.2
202308030303,10,2.0,111.7,19.2
202308030304,11,1.9,120.0,23.6
202308030305,11,1.7,119.4,25.3
202308030306,10,2.5,116.4,16.6
202308030307,16,3.7,208.7,45.2
202308030308,12,3.7,71.6,21.4
202308030309,16,3.1,178.4,52.1
202308030310,16,2.7,174.6,55.2
202308030311,11,3.1,110.7,19.2
202308030312,18,3.1,219.0,64.5
202303030401,15,4.1,202.0,40.8
202303030402,16,2.7,214.2,50.1
202303030403,13,2.7,117.4,28.0
202303030404,11,2.0,136.6,25.3
202303030405,10,1.8,87.4,17.9
202303030406,10,3.4,59.3,13.2
202303030407,15,4.7,254.1,32.5
202303030408,11,3.5,111.3,17.2
202303030409,15,7.7,146.1,32.7
202303030410,15,4.0,201.0,38.3
202303030411,16,5.4,230.4,36.3
202303030412,16,2.9,182.7,47.4
202305050401,14,2.5,192.5,39.0
202305050402,12,2.1,148.5,26.0
202305050403,16,3.7,249.7,60.4
202305050404,16,3.3,209.6,53.4
202305050405,11,2.6,132.8,21.0
202305050406,12,2.5,164.5,28.5
202305050407,16,3.7,243.5,53.3
202305050408,8,1.5,58.7,9.0
202305050409,15,2.9,168.3,40.6
202305050410,14,2.6,155.9,36.6
202305050411,18,5.7,269.8,55.9
202305050412,11,2.5,157.9,21.1
202308030401,13,2.7,147.0,34.1
202308030402,17,2.8,206.0,61.1
202308030403,13,3.1,151.9,30.2
202308030404,16,2.9,214.0,59.5
202308030405,8,1.9,52.6,11.9
202308030406,9,2.6,71.5,15.7
202308030407,11,2.3,94.5,22.9
202308030408,16,2.1,225.1,54.9
202308030409,7,1.8,37.2,7.3
202308030410,16,3.7,195.5,44.9
202308030411,15,3.4,160.2,40.4
202308030412,16,2.5,205.0,57.3
202303030501,16,3.7,264.3,52.1
202303030502,15,2.3,230.5,50.0
202303030503,15,2.8,236.6,51.1
202303030504,14,2.4,178.8,39.1
202303030505,14,3.1,157.6,31.5
202303030506,15,3.0,145.8,42.2
202303030507,16,3.6,163.2,44.4
202303030508,16,4.3,211.5,42.9
202303030509,16,2.9,215.6,55.4
202303030510,16,4.4,207.2,42.5
202303030511,16,5.3,257.1,41.7
202303030512,16,4.9,218.2,42.8
202305050501,16,2.9,244.3,55.4
202305050502,18,3.1,242.4,77.0
202305050503,16,3.4,253.6,53.9
202305050504,14,3.0,219.3,38.5
202305050505,14,3.4,157.2,36.3
202305050506,9,1.7,71.8,12.1
202305050507,11,2.8,92.6,22.8
202305050508,16,3.2,202.2,50.5
202305050509,12,1.9,141.9,30.5
202305050510,16,3.0,252.2,53.5
202305050511,10,3.4,63.2,13.6
202305050512,15,2.2,195.0,46.8
202308030501,16,2.2,178.0,56.6
202308030502,16,1.8,196.1,70.5
202308030503,12,4.2,142.7,27.0
202308030504,13,3.4,150.5,29.4
202308030505,10,3.2,85.6,12.8
202308030506,10,1.7,70.0,15.1
202308030507,12,3.0,93.7,23.3
202308030508,13,2.4,144.9,30.9
202308030509,16,3.4,230.8,50.6
202308030510,14,2.5,162.8,32.5
202308030511,16,2.4,206.5,57.6
202308030512,15,3.0,231.8,44.2
202303030601,16,4.2,226.8,49.4
202303030602,15,2.1,194.9,49.0
202303030603,15,4.4,211.5,40.8
202303030604,14,2.2,174.8,38.8
202303030605,16,3.1,228.8,54.6
202303030606,16,4.2,269.9,63.8
202303030607,16,3.1,174.1,55.7
202303030608,16,3.2,235.4,52.5
202303030609,16,3.0,192.5,48.9
202303030610,16,2.8,209.9,53.3
202303030611,15,2.5,207.8,46.7
202303030612,16,3.3,216.0,52.7
202305050601,16,3.4,184.8,47.2
202305050602,16,2.0,230.1,66.4
202305050603,15,3.3,232.5,45.1
202305050604,16,4.1,255.7,50.4
202305050605,16,3.3,230.7,49.3
202305050606,16,2.6,212.4,59.6
202305050607,16,3.5,226.6,45.2
202305050608,15,4.9,201.5,37.2
202305050609,9,2.5,50.0,12.0
202305050610,9,2.2,44.7,11.5
202305050611,16,4.0,162.8,42.5
202305050612,18,3.2,236.1,63.5
202308030601,16,2.9,249.0,53.7
202308030602,16,3.1,238.1,51.5
202308030603,12,3.3,170.3,28.7
202308030604,13,2.8,120.8,29.4
202308030605,7,3.1,13.5,5.5
202308030606,15,4.4,193.2,39.4
202308030607,16,2.9,139.5,48.0
202308030608,15,3.6,204.3,42.2
202308030609,8,2.3,52.4,8.7
202308030610,17,3.9,233.7,60.2
202308030611,16,2.9,214.2,50.6
202308030612,14,3.8,157.2,31.1
202305050701,15,3.0,198.5,41.1
202305050702,18,2.3,228.3,70.3
202305050703,13,2.8,189.4,31.9
202305050704,16,7.0,272.6,35.7
202305050705,18,2.6,258.5,67.9
202305050706,16,3.2,191.7,44.6
202305050707,16,4.1,258.9,49.3
202305050708,16,3.2,203.2,43.7
202305050709,16,5.2,262.9,46.9
202305050710,16,3.5,207.4,46.5
202305050711,10,2.3,81.7,16.9
202305050712,14,3.1,219.2,39.5
202308030701,16,2.7,220.0,51.1
202308030702,13,2.0,132.3,37.8
202308030703,14,1.9,141.0,48.6
202308030704,10,1.7,89.9,16.9
202308030705,12,2.7,125.3,28.0
202308030706,12,2.3,117.0,25.5
202308030707,14,3.8,149.7,30.9
202308030708,16,5.7,231.8,47.5
202308030709,12,2.2,134.7,29.3
202308030710,16,2.9,237.9,54.3
202308030711,14,6.0,160.2,30.6
202308030712,18,3.5,209.6,56.0
202305050801,16,2.6,246.2,63.9
202305050802,18,2.9,260.5,89.2
202305050803,16,1.7,205.0,71.7
202305050804,14,1.9,197.5,45.7
202305050805,16,2.6,240.9,64.2
202305050806,16,3.1,205.3,51.9
202305050807,16,3.5,256.2,48.4
202305050808,8,1.4,90.3,13.9
202305050809,11,2.4,126.4,19.9
202305050810,16,2.5,181.5,53.4
202305050811,13,2.5,147.2,28.8
202305050812,18,1.4,203.6,123.6
202308030801,16,2.7,226.8,55.6
202308030802,18,4.0,220.4,63.2
202308030803,15,2.1,149.9,47.7
202308030804,15,2.6,183.1,45.9
202308030805,14,2.5,167.3,36.1
202308030806,15,5.6,214.5,32.7
202308030807,15,2.1,182.1,48.7
202308030808,16,4.9,231.1,51.3
202308030809,10,3.3,125.2,12.2
202308030810,13,2.7,151.2,29.8
202308030811,16,5.0,213.8,43.4
202308030812,18,5.0,200.8,50.8
202306050101,16,1.9,231.2,66.7
202306050102,16,2.8,218.7,55.9
202306050103,16,2.4,227.3,57.0
202306050104,16,3.4,221.8,53.2
202306050105,16,6.7,239.5,45.0
202306050106,16,3.3,260.3,62.4
202306050107,16,3.6,239.9,46.5
202306050108,14,2.9,169.2,33.1
202306050109,9,1.8,56.0,10.6
202306050110,16,3.0,253.3,48.8
202306050111,16,3.6,235.6,45.3
202306050112,16,5.4,180.7,41.8
202307040101,16,4.6,190.0,45.1
202307040102,10,2.0,56.6,15.7
202307040103,16,4.6,165.5,39.7
202307040104,12,3.1,94.1,24.4
202307040105,12,2.5,69.0,26.8
202307040106,16,3.5,188.8,47.1
202307040107,14,4.2,83.6,30.2
202307040108,16,3.9,196.4,44.7
202307040109,16,3.5,205.0,39.4
202307040110,13,2.9,117.4,29.0
202307040111,12,2.4,63.7,26.7
202307040112,17,4.8,192.0,48.2
202309050101,12,2.1,95.5,25.8
202309050102,9,1.7,87.8,14.0
202309050103,10,2.5,78.2,16.1
202309050104,10,2.1,91.5,17.2
202309050105,12,4.3,82.5,20.2
202309050106,11,2.2,79.3,20.7
202309050107,13,3.6,159.1,28.7
202309050108,10,2.2,67.8,14.1
202309050109,10,3.4,75.3,14.1
202309050110,16,4.5,169.7,42.3
202309050111,13,2.8,139.0,29.0
202309050112,10,2.2,85.1,18.3
202306050201,16,2.0,229.5,68.5
202306050202,16,4.7,245.0,48.2
202306050203,18,2.7,249.9,78.7
202306050204,16,2.9,248.4,57.9
202306050205,16,7.8,161.1,36.1
202306050206,13,4.8,149.3,29.3
202306050207,11,2.2,120.1,20.1
202306050208,12,2.2,163.5,26.2
202306050209,15,5.6,234.9,38.6
202306050210,16,3.4,240.9,53.6
202306050211,11,3.2,71.9,20.7
202306050212,16,3.7,230.3,47.6
202307040201,14,2.5,181.7,39.1
202307040202,16,2.3,212.6,61.1
202307040203,15,3.0,194.7,35.5
202307040204,16,2.8,254.8,55.4
202307040205,10,2.0,80.5,18.3
202307040206,12,2.5,117.6,26.6
202307040207,9,1.9,62.6,10.9
202307040208,7,1.5,47.8,6.9
202307040209,15,3.4,193.2,34.9
202307040210,16,4.1,211.3,42.7
202307040211,15,4.0,221.7,38.5
202307040212,11,2.1,118.0,24.3
202309050201,13,1.8,150.9,35.8
202309050202,11,2.0,131.6,23.6
202309050203,15,5.0,223.8,45.7
202309050204,11,2.5,76.1,21.8
202309050205,9,2.8,48.7,11.0
202309050206,12,4.2,117.9,25.4
202309050207,11,2.0,88.2,21.4
202309050208,16,2.4,164.3,51.6
202309050209,16,2.2,190.0,51.0
202309050210,17,3.3,238.5,51.5
202309050211,13,3.0,98.3,29.1
202309050212,15,3.1,180.9,40.7
202306050301,16,3.6,271.4,66.0
202306050302,12,2.5,167.1,28.7
202306050303,16,3.0,248.4,54.0
202306050304,16,2.5,235.4,68.1
202306050305,16,3.9,228.8,48.5
202306050306,16,3.7,260.0,50.2
202306050307,15,3.0,999.9,46.1
202306050308,16,5.0,200.7,41.4
202306050309,11,2.6,155.6,21.1
202306050310,16,2.6,213.8,53.7
202306050311,15,3.8,186.0,44.7
202306050312,16,3.8,235.3,48.4
202307040301,10,2.4,74.7,14.9
202307040302,16,3.0,161.5,45.9
202307040303,11,2.5,86.3,20.5
202307040304,16,3.0,188.4,48.9
202307040305,16,3.3,198.4,49.0
202307040306,16,3.1,153.8,46.3
202307040307,11,2.7,94.1,23.5
202307040308,18,5.7,194.6,50.5
202307040309,14,5.7,95.8,27.2
202307040310,16,3.6,209.4,45.7
202307040311,17,5.3,222.1,47.7
202307040312,15,3.2,201.6,37.6
202309050301,7,1.7,60.3,6.6
202309050302,9,2.0,74.3,14.1
202309050303,13,2.6,179.0,35.5
202309050304,12,2.7,83.8,24.6
202309050305,12,4.7,56.8,21.3
202309050306,9,2.0,81.7,14.4
202309050307,10,2.2,116.8,14.7
202309050308,16,2.4,218.0,46.8
202309050309,10,3.7,35.9,12.1
202309050310,15,3.8,207.1,36.9
202309050311,13,3.1,126.4,28.7
202309050312,12,2.3,117.0,26.3
202306050401,16,2.0,207.1,65.7
202306050402,16,3.2,245.3,53.2
202306050403,11,2.2,121.4,22.0
202306050404,14,4.0,142.2,31.4
202306050405,16,2.1,236.5,74.8
202306050406,18,2.3,239.6,110.0
202306050407,16,3.6,214.0,45.2
202306050408,11,3.3,115.3,19.6
202306050409,13,3.4,135.6,30.4
202306050410,14,2.5,144.7,34.3
202306050411,16,5.2,193.5,41.7
202306050412,11,4.0,82.3,16.4
202307040401,11,2.3,78.1,20.8
202307040402,13,3.2,156.7,28.6
202307040403,10,2.3,65.0,15.9
202307040404,16,7.1,234.8,40.1
202307040405,16,4.4,195.4,40.8
202307040406,15,2.7,191.3,41.7
202307040407,10,2.6,67.5,15.4
202307040408,16,5.6,206.9,39.9
202307040409,16,3.8,203.2,45.4
202307040410,12,3.7,140.4,24.4
202307040411,9,2.1,48.6,10.6
202307040412,13,2.9,163.6,29.0
202309050401,15,3.2,196.5,43.9
202309050402,10,2.7,84.3,15.5
202309050403,14,3.4,178.7,34.9
202309050404,17,3.7,227.9,48.7
202309050405,9,2.6,39.1,10.6
202309050406,7,1.5,24.1,7.9
202309050407,9,1.7,71.5,13.7
202309050408,8,1.9,74.2,11.1
202309050409,11,2.1,88.9,22.2
202309050410,16,4.1,218.6,51.8
202309050411,18,4.3,259.9,57.0
202309050412,13,3.4,187.3,32.1
202306050501,16,2.2,240.6,67.4
202306050502,16,5.4,241.4,48.9
202306050503,16,2.7,250.2,57.9
202306050504,16,3.3,239.4,55.6
202306050505,18,3.3,233.3,64.9
202306050506,16,3.1,260.1,53.8
202306050507,16,2.5,192.0,51.6
202306050508,16,2.8,239.1,60.5
202306050509,16,2.8,248.7,56.1
202306050510,16,4.1,195.0,42.7
202306050511,16,6.2,172.8,41.5
202306050512,16,4.5,210.2,39.4
202307040501,16,4.0,185.4,45.9
202307040502,15,3.3,216.1,37.8
202307040503,16,4.1,166.6,41.4
202307040504,15,2.2,179.2,45.1
202307040505,13,3.8,121.4,28.2
202307040506,15,3.3,211.4,39.3
202307040507,15,3.4,159.3,36.2
202307040508,16,4.3,225.6,47.8
202307040509,18,4.9,180.4,51.9
202307040510,9,2.2,65.9,14.2
202307040511,14,3.1,133.9,37.9
202307040512,18,6.8,176.4,51.1
202309050501,16,5.0,257.1,52.5
202309050502,13,2.2,140.5,41.9
202309050503,16,2.2,188.4,64.3
202309050504,14,3.1,158.7,33.4
202309050505,11,2.5,117.6,17.9
202309050506,9,2.0,49.6,10.7
202309050507,8,1.8,66.2,10.3
202309050508,16,3.3,219.8,51.7
202309050509,16,2.3,217.4,52.9
202309050510,14,2.9,142.9,34.6
202309050511,16,4.7,157.6,36.1
202309050512,11,2.3,95.6,19.0
202306050601,16,2.4,244.2,63.7
202306050602,16,3.5,128.5,46.8
202306050603,16,1.7,208.4,82.3
202306050604,13,2.0,168.5,39.0
202306050605,16,3.0,241.2,55.4
202306050606,16,2.9,217.1,57.3
202306050607,18,4.5,264.4,74.5
202306050608,15,3.1,216.5,50.1
202306050609,9,1.9,86.5,12.8
202306050610,10,1.8,94.2,16.0
202306050611,13,5.7,173.8,26.9
202306050612,13,3.9,150.5,29.4
202307040601,16,3.8,215.5,47.3
202307040602,15,5.5,185.5,31.7
202307040603,16,3.0,202.7,51.1
202307040604,16,3.1,233.1,42.6
202307040605,11,2.9,118.0,20.3
202307040606,16,4.1,139.2,43.4
202307040607,12,2.7,126.1,26.4
202307040608,16,3.7,172.9,46.0
202307040609,11,3.5,64.0,16.2
202307040610,16,3.9,157.0,45.8
202307040611,16,3.0,226.1,48.7
202307040612,9,2.0,49.7,11.9
202309050601,13,3.4,128.1,28.3
202309050602,16,5.9,214.0,45.0
202309050603,15,2.7,236.9,55.8
202309050604,12,2.2,112.6,27.1
202309050605,10,2.2,80.4,14.6
202309050606,12,2.0,83.9,30.1
202309050607,9,2.4,75.3,10.7
202309050608,14,4.4,125.7,30.0
202309050609,11,2.0,91.1,20.9
202309050610,18,3.0,222.7,58.1
202309050611,17,2.9,203.1,56.5
202309050612,16,2.6,222.0,58.6
202306050701,16,3.7,169.9,45.0
202306050702,15,2.3,212.3,47.9
202306050703,16,1.9,202.9,66.3
202306050704,16,2.4,232.4,69.8
202306050705,16,3.1,257.2,63.9
202306050706,16,3.4,225.1,54.2
202306050707,15,3.9,202.4,34.5
202306050708,16,5.4,240.2,43.2
202306050709,16,3.9,226.7,44.0
202306050710,12,2.5,145.2,28.2
202306050711,16,2.0,209.0,68.3
202306050712,16,6.0,226.0,43.9
202309050701,14,4.3,188.8,34.6
202309050702,15,2.8,199.1,49.2
202309050703,16,3.7,196.2,48.5
202309050704,14,2.6,145.4,36.3
202309050705,14,2.9,157.5,33.8
202309050706,18,2.6,197.4,70.7
202309050707,8,1.9,32.0,11.1
202309050708,16,3.2,169.3,46.2
202309050709,13,2.3,171.4,32.7
202309050710,16,2.5,189.8,52.0
202309050711,17,3.6,176.8,57.4
202309050712,14,2.4,176.0,37.7
202306050801,16,2.4,243.5,60.2
202306050802,16,2.4,217.5,67.6
202306050803,16,1.8,226.4,67.4
202306050804,16,1.9,225.6,80.2
202306050805,16,2.6,224.0,57.2
202306050806,15,2.5,222.0,52.0
202306050807,16,2.4,228.4,50.9
202306050808,14,1.8,195.2,48.2
202306050809,14,2.8,128.7,35.1
202306050810,16,3.6,229.2,47.8
202306050811,16,4.4,198.3,45.5
202306050812,16,2.8,239.4,52.2
202309050801,16,2.5,163.1,50.8
202309050802,16,3.3,203.4,51.6
202309050803,14,3.7,147.3,30.4
202309050804,16,2.7,213.7,54.8
202309050805,14,2.5,167.0,37.9
202309050806,18,2.4,210.2,69.8
202309050807,11,1.7,87.4,23.1
202309050808,12,2.8,97.0,27.1
202309050809,16,4.5,231.1,41.3
202309050810,13,6.0,60.9,21.1
202309050811,16,4.2,141.1,41.7
202309050812,15,3.4,191.1,35.1
202306050901,16,2.2,228.3,64.3
202306050902,16,3.0,230.9,54.8
202306050903,16,2.4,229.5,62.0
202306050904,16,2.8,222.3,54.9
202306050905,15,2.4,198.5,46.5
202306050906,16,4.2,256.9,51.5
202306050907,16,2.9,210.5,47.8
202306050908,16,3.3,228.5,49.8
202306050909,16,3.5,239.1,54.3
202306050910,16,5.1,151.6,36.3
202306050911,18,3.5,999.9,60.1
202306050912,16,5.0,193.1,40.1
202309050901,16,2.9,169.3,48.6
202309050902,14,2.5,141.3,37.1
202309050903,14,3.0,168.8,37.0
202309050904,14,2.6,149.3,36.2
202309050905,14,2.4,127.2,38.7
202309050906,9,2.2,47.0,10.9
202309050907,13,2.4,143.4,29.3
202309050908,15,3.7,212.9,40.3
202309050909,16,4.4,198.9,47.0
202309050910,11,2.9,130.1,18.5
202309050911,15,3.6,143.4,38.9
202309050912,16,4.2,245.4,41.3
202406010101,16,3.7,247.4,52.5
202406010102,16,2.3,233.6,56.1
202406010103,16,3.1,249.0,53.9
202406010104,16,2.6,207.4,50.5
202406010105,17,2.8,251.7,66.1
202406010106,16,2.0,227.9,70.0
202406010107,13,2.5,92.9,34.1
202406010108,16,3.2,194.3,47.9
202406010109,8,1.9,85.8,9.9
202406010110,10,3.8,84.4,12.1
202406010111,17,6.8,272.0,44.3
202406010112,16,3.1,240.6,50.7
202408010101,16,2.8,185.3,52.9
202408010102,16,5.0,193.4,45.8
202408010103,16,3.8,205.3,49.0
202408010104,16,2.5,206.2,52.5
202408010105,18,3.7,247.6,67.1
202408010106,10,1.9,75.3,18.3
202408010107,11,3.3,69.3,19.5
202408010108,16,3.4,213.7,55.3
202408010109,12,2.8,90.3,24.5
202408010110,13,3.8,113.0,25.2
202408010111,18,6.3,238.4,52.4
202408010112,17,2.5,211.9,60.1
202406010201,16,2.6,253.0,67.8
202406010202,16,3.0,224.5,60.6
202406010203,16,2.1,178.0,62.4
202406010204,14,2.2,171.4,42.8
202406010205,16,2.6,259.7,63.3
202406010206,17,2.3,251.3,63.5
202406010207,13,3.7,153.9,29.8
202406010208,16,4.3,241.0,49.2
202406010209,17,4.1,250.0,53.7
202406010210,16,3.7,167.3,42.3
202406010211,14,2.5,134.3,34.7
202406010212,16,2.5,243.9,58.2
202408010201,16,4.0,251.2,52.4
202408010202,15,3.1,188.6,40.5
202408010203,16,2.9,163.2,53.9
202408010204,16,2.8,223.5,50.7
202408010205,18,2.3,243.8,72.5
202408010206,9,2.9,97.9,15.2
202408010207,13,2.6,91.7,35.6
202408010208,16,2.5,206.2,55.8
202408010209,12,2.3,136.5,27.3
202408010210,13,3.5,136.6,29.1
202408010211,15,2.3,207.4,55.8
202408010212,12,6.5,149.2,18.3
202406010301,16,2.5,227.9,57.1
202406010302,16,3.5,238.3,57.6
202406010303,16,3.9,249.5,45.9
202406010304,16,3.1,239.0,50.3
202406010305,16,2.9,217.8,51.7
202406010306,11,3.3,90.9,18.7
202406010307,16,3.4,267.5,44.6
202406010308,12,1.8,124.8,29.4
202406010309,16,3.2,246.0,52.3
202406010310,16,3.6,207.0,49.1
202406010311,16,6.0,173.6,39.4
202406010312,15,3.6,198.5,42.5
202408010301,16,3.2,188.9,52.2
202408010302,16,2.6,192.5,52.2
202408010303,16,4.0,238.1,51.2
202408010304,10,3.2,61.6,13.0
202408010305,18,3.2,204.5,61.5
202408010306,18,4.9,230.3,55.7
202408010307,15,2.4,209.8,49.0
202408010308,16,2.7,222.6,46.4
202408010309,15,2.9,153.3,41.9
202408010310,12,3.7,139.3,28.1
202408010311,18,4.7,222.0,57.0
202408010312,11,2.3,133.6,20.3
202406010401,16,3.3,238.7,52.5
202406010402,16,1.9,208.9,67.9
202406010403,16,2.4,217.4,70.4
202406010404,16,3.4,240.4,56.3
202406010405,16,2.9,247.6,68.5
202406010406,17,1.7,233.8,81.3
202406010407,16,5.5,266.4,50.7
202406010408,12,2.5,166.7,27.1
202406010409,12,2.3,139.8,27.1
202406010410,16,2.6,227.5,53.2
202406010411,16,4.0,219.4,44.0
202406010412,15,2.8,237.0,49.3
202408010401,16,3.3,179.0,46.5
202408010402,14,2.6,142.6,36.5
202408010403,14,2.4,162.7,41.4
202408010404,16,2.3,196.7,54.3
202408010405,18,4.9,247.4,57.7
202408010406,13,1.9,137.0,35.6
202408010407,15,2.6,181.0,48.7
202408010408,16,2.0,173.9,61.8
202408010409,10,2.2,74.0,14.5
202408010410,9,3.5,44.3,9.8
202408010411,17,2.8,232.8,55.0
202408010412,18,5.4,246.1,50.0
202410010101,14,2.8,149.2,33.8
202410010102,12,2.0,96.3,28.9
202410010103,12,3.5,99.7,23.6
202410010104,12,2.0,84.7,27.9
202410010105,12,2.3,82.6,28.4
202410010106,16,2.7,194.1,55.6
202410010107,16,4.8,135.6,39.2
202410010108,16,2.9,188.1,47.4
202410010109,16,2.6,180.0,49.1
202410010110,11,3.1,47.9,17.1
202410010111,14,3.4,127.8,32.7
202410010112,18,5.3,235.8,51.5
202406010501,16,3.2,219.1,49.9
202406010502,16,4.2,199.7,42.6
202406010503,16,2.5,227.7,59.0
202406010504,16,3.1,185.2,51.5
202406010505,16,3.5,226.4,46.3
202406010506,16,3.8,224.7,53.8
202406010507,15,3.2,240.6,48.7
202406010508,16,2.3,226.1,59.1
202406010509,14,4.7,146.0,30.5
202406010510,14,4.9,142.6,29.8
202406010511,15,3.3,165.7,39.5
202406010512,16,3.6,242.4,42.3
202408010501,12,2.1,136.0,28.6
202408010502,13,2.3,132.4,34.0
202408010503,16,2.3,193.0,59.1
202408010504,11,2.6,130.0,20.4
202408010505,18,2.7,225.5,73.0
202408010506,18,2.8,216.9,71.5
202408010507,15,3.5,175.1,38.9
202408010508,13,1.9,127.1,38.9
202408010509,11,2.1,95.7,23.3
202408010510,13,1.8,146.3,38.7
202408010511,14,4.4,139.9,29.7
202408010512,10,2.2,62.5,14.4
202410010201,12,2.8,91.2,24.2
202410010202,18,5.3,229.3,52.9
202410010203,14,4.1,122.6,32.1
202410010204,12,2.4,92.4,26.4
202410010205,14,5.0,122.6,29.6
202410010206,18,2.9,221.0,79.1
202410010207,16,3.9,225.0,48.0
202410010208,12,2.9,97.8,26.4
202410010209,13,2.8,131.0,29.2
202410010210,14,5.0,158.4,29.4
202410010211,16,4.1,190.8,48.0
202410010212,17,2.9,169.4,55.4
202406010601,16,2.5,224.1,65.6
202406010602,16,2.2,203.7,61.0
202406010603,16,2.7,251.1,74.1
202406010604,16,3.9,202.4,42.3
202406010605,16,3.6,245.9,48.1
202406010606,17,1.9,240.5,77.8
202406010607,10,1.9,116.1,18.9
202406010608,15,2.3,193.0,51.8
202406010609,16,3.4,167.0,64.4
202406010610,10,2.0,77.0,14.8
202406010611,11,2.3,94.0,19.9
202406010612,17,4.4,255.7,53.0
202408010601,14,2.5,139.0,39.0
202408010602,12,2.5,141.4,26.2
202408010603,16,2.6,204.5,54.3
202408010604,7,2.8,13.1,5.5
202408010605,13,5.6,141.0,26.6
202408010606,10,2.5,79.0,15.5
202408010607,10,1.8,71.8,18.2
202408010608,13,2.9,130.9,28.7
202408010609,8,2.1,54.0,10.0
202408010610,11,2.7,90.6,19.8
202408010611,16,2.5,208.0,55.5
202408010612,12,2.1,124.4,25.6
202410010301,13,4.0,153.2,26.0
202410010302,16,3.6,199.6,45.3
202410010303,13,2.2,135.6,30.7
202410010304,12,2.1,84.1,30.8
202410010305,12,7.3,94.9,18.1
202410010306,11,2.6,65.5,20.5
202410010307,15,2.5,212.6,53.1
202410010308,13,3.6,76.9,28.8
202410010309,7,1.6,42.2,5.7
202410010310,17,3.4,222.9,56.4
202410010311,13,3.1,131.9,28.5
202410010312,17,4.4,237.3,55.2
202406010701,16,1.9,169.5,66.7
202406010702,15,3.2,254.2,52.4
202406010703,16,3.0,250.9,60.6
202406010704,16,3.2,247.4,48.2
202406010705,17,2.9,250.3,55.3
202406010706,17,5.2,259.3,55.7
202406010707,14,3.7,199.7,31.4
202406010708,15,3.6,222.2,40.8
202406010709,11,2.5,132.9,20.8
202406010710,16,4.9,184.2,42.4
202406010711,12,3.2,120.2,22.9
202406010712,12,2.6,154.3,27.9
202408010701,10,2.5,66.8,16.1
202408010702,16,2.9,199.4,52.3
202408010703,12,1.7,121.9,32.1
202408010704,8,2.2,62.0,11.4
202408010705,17,3.9,201.8,53.1
202408010706,6,1.5,13.1,3.8
202408010707,17,2.8,193.0,62.8
202408010708,16,3.3,219.6,50.3
202408010709,10,2.1,58.2,14.6
202408010710,16,3.5,183.8,43.7
202408010711,16,4.8,199.2,42.5
202408010712,11,2.2,110.0,20.5
202410010401,16,2.9,220.1,60.8
202410010402,14,3.2,146.4,34.9
202410010403,14,5.4,126.3,29.6
202410010404,12,3.3,120.1,22.9
202410010405,18,3.3,232.0,63.4
202410010406,11,2.9,133.4,26.1
202410010407,18,5.4,234.9,56.9
202410010408,16,4.1,212.1,41.3
202410010409,15,3.0,196.7,37.2
202410010410,12,2.8,112.7,24.0
202410010411,16,4.4,226.0,42.8
202410010412,15,4.5,150.0,34.0
202405010101,16,1.6,219.7,78.9
202405010102,15,3.0,246.9,49.8
202405010103,14,2.7,204.0,33.1
202405010104,14,2.8,117.0,33.8
202405010105,16,3.3,257.1,60.8
202405010106,12,1.9,178.6,27.8
202405010107,16,3.9,205.5,39.7
202405010108,16,3.5,266.6,54.1
202405010109,16,2.9,174.0,54.5
202405010110,10,2.1,94.9,15.8
202405010111,12,2.1,120.7,27.8
202405010112,16,2.8,224.0,52.7
202408020101,9,1.7,41.3,14.7
202408020102,9,1.9,65.9,11.7
202408020103,15,4.9,159.4,36.3
202408020104,16,2.7,216.2,55.5
202408020105,9,2.0,67.7,12.6
202408020106,7,1.6,61.3,10.5
202408020107,9,1.6,76.7,21.8
202408020108,7,3.9,13.3,7.1
202408020109,16,3.4,220.4,52.3
202408020110,9,2.9,94.8,14.8
202408020111,14,2.0,145.0,42.8
202408020112,18,5.8,248.7,52.2
202410010501,12,3.6,83.9,22.3
202410010502,14,4.6,121.5,29.2
202410010503,11,3.3,87.3,16.7
202410010504,12,2.3,84.7,27.7
202410010505,13,2.3,95.0,30.7
202410010506,14,4.3,117.5,30.9
202410010507,16,6.5,187.9,43.3
202410010508,14,2.9,140.7,32.4
202410010509,14,3.3,144.3,33.9
202410010510,16,4.1,207.2,43.1
202410010511,10,4.5,84.4,16.2
202410010512,18,5.4,205.6,48.5
202405010201,16,3.1,257.8,59.2
202405010202,16,4.0,276.0,55.5
202405010203,16,3.4,267.1,59.2
202405010204,14,2.8,205.9,34.2
202405010205,16,3.1,256.3,58.5
202405010206,16,3.4,259.6,67.3
202405010207,14,4.1,216.5,30.7
202405010208,16,2.8,234.7,56.5
202405010209,9,1.8,126.8,18.0
202405010210,14,3.3,177.5,40.5
202405010211,16,3.2,251.7,54.3
202405010212,11,3.7,85.5,17.3
202408020201,15,2.1,185.7,45.4
202408020202,11,2.2,89.4,23.3
202408020203,16,1.9,216.4,65.4
202408020204,13,3.8,111.4,23.4
202408020205,13,3.4,137.8,29.1
202408020206,10,2.7,89.5,14.7
202408020207,10,2.2,61.2,17.8
202408020208,16,2.8,195.5,50.3
202408020209,11,2.1,144.6,25.0
202408020210,12,5.3,112.5,23.6
202408020211,18,3.4,246.4,65.0
202408020212,9,2.5,77.5,12.4
202410010601,11,2.8,64.5,16.1
202410010602,16,3.8,192.5,41.9
202410010603,14,3.6,118.3,31.1
202410010604,12,2.7,132.4,27.2
202410010605,14,5.2,158.4,27.8
202410010606,15,3.2,220.8,40.5
202410010607,14,2.8,133.5,35.5
202410010608,14,3.2,127.6,32.6
202410010609,10,3.7,45.8,11.6
202410010610,16,3.7,189.8,47.0
202410010611,18,6.8,147.9,45.0
202410010612,13,2.4,132.1,31.0
202405010301,16,2.4,235.3,71.2
202405010302,16,2.3,227.1,69.3
202405010303,16,2.2,213.1,60.6
202405010304,8,1.6,66.7,10.7
202405010305,16,1.8,224.7,82.9
202405010306,13,2.8,190.7,36.9
202405010307,13,2.0,162.3,41.6
202405010308,16,3.1,251.6,50.8
202405010309,8,1.8,60.0,10.2
202405010310,15,1.9,191.8,53.4
202405010311,12,1.8,157.9,30.0
202405010312,16,2.3,223.7,58.9
202408020301,12,3.1,150.2,26.6
202408020302,9,1.9,85.5,12.6
202408020303,14,3.4,176.1,37.7
202408020304,16,4.3,196.7,43.1
202408020305,16,2.4,235.5,54.8
202408020306,9,2.3,54.8,12.1
202408020307,11,3.7,95.9,16.4
202408020308,12,3.6,81.8,25.7
202408020309,16,2.7,235.5,45.6
202408020310,11,2.8,94.7,19.6
202408020311,12,2.1,127.5,27.2
202408020312,16,3.6,182.1,44.2
202410010701,16,5.4,174.0,41.4
202410010702,14,4.7,155.1,30.4
202410010703,14,2.7,143.3,36.2
202410010704,14,4.7,155.2,32.7
202410010705,12,3.8,111.0,21.5
202410010706,12,2.3,96.7,25.4
202410010707,15,5.6,129.6,34.9
202410010708,16,3.1,186.4,50.5
202410010709,12,3.8,77.7,20.4
202410010710,14,5.2,136.0,29.1
202410010711,11,2.0,92.6,24.6
202410010712,11,3.1,71.1,18.8
202405010401,16,2.2,239.9,68.1
202405010402,16,2.5,245.4,62.5
202405010403,16,4.2,244.5,45.6
202405010404,15,3.8,194.2,35.7
202405010405,16,2.9,236.7,58.6
202405010406,15,1.7,193.7,71.4
202405010407,7,1.2,50.1,6.7
202405010408,16,3.7,214.4,45.4
202405010409,9,2.6,60.5,10.6
202405010410,16,3.1,193.1,48.2
202405010411,16,4.1,190.0,39.7
202405010412,16,3.7,216.0,43.0
202408020401,7,1.7,35.3,7.0
202408020402,11,1.8,114.0,21.9
202408020403,8,2.3,61.3,10.9
202408020404,9,1.4,64.0,11.1
202408020405,17,3.3,203.4,59.6
202408020406,11,2.0,115.6,22.8
202408020407,10,1.8,68.3,16.4
202408020408,8,1.4,47.6,11.2
202408020409,14,3.0,183.7,35.3
202408020410,16,2.4,195.7,56.6
202408020411,12,3.0,145.6,22.2
202408020412,14,2.5,171.7,36.5
202410010801,15,3.3,230.2,46.6
202410010802,12,3.3,148.3,26.5
202410010803,14,2.9,98.0,34.8
202410010804,12,2.3,92.0,25.8
202410010805,12,3.8,97.8,21.6
202410010806,18,3.5,225.6,69.1
202410010807,10,2.5,68.5,16.5
202410010808,12,6.9,92.6,20.1
202410010809,11,2.6,95.8,21.8
202410010810,16,3.1,168.4,44.8
202410010811,9,2.2,47.6,12.1
202410010812,14,3.4,181.2,33.4
202405010501,16,4.2,254.4,58.2
202405010502,16,2.0,235.5,56.5
202405010503,16,3.3,250.8,56.0
202405010504,12,2.7,149.1,24.6
202405010505,16,2.9,236.8,49.6
202405010506,16,3.1,267.6,55.6
202405010507,13,2.6,192.1,35.8
202405010508,16,3.7,261.1,53.0
202405010509,12,2.7,74.2,26.2
202405010510,16,2.2,174.0,54.3
202405010511,13,3.0,149.6,29.3
202405010512,15,3.0,193.3,48.9
202408020501,14,2.3,144.9,39.1
202408020502,11,2.2,91.0,23.4
202408020503,16,2.1,225.5,69.8
202408020504,16,3.5,238.0,50.4
202408020505,12,3.2,148.6,27.6
202408020506,13,1.7,174.2,40.3
202408020507,7,1.8,32.6,6.3
202408020508,16,3.5,155.7,46.5
202408020509,9,2.7,127.9,11.0
202408020510,12,2.0,166.5,28.7
202408020511,18,2.6,274.4,69.3
202408020512,14,3.3,218.0,34.6
202410020101,14,3.0,180.6,35.8
202410020102,14,4.1,149.6,29.3
202410020103,14,2.5,164.2,33.2
202410020104,12,2.3,139.5,25.9
202410020105,12,2.9,76.6,24.5
202410020106,12,3.4,121.3,22.6
202410020107,11,2.2,114.5,25.1
202410020108,11,2.1,80.9,23.2
202410020109,8,1.8,53.9,9.9
202410020110,14,4.3,113.1,29.5
202410020111,16,2.7,234.5,57.1
202410020112,18,4.0,206.6,60.3
202405010601,16,2.6,228.3,54.6
202405010602,16,2.6,233.8,53.0
202405010603,16,2.9,230.6,55.0
202405010604,16,2.2,241.6,61.7
202405010605,16,1.7,227.9,82.6
202405010606,10,1.7,68.1,21.1
202405010607,15,5.0,208.0,34.9
202405010608,8,1.5,56.6,9.1
202405010609,13,3.1,165.6,30.0
202405010610,16,3.7,230.3,55.6
202405010611,10,2.8,96.2,17.3
202405010612,15,2.1,232.5,49.4
202408020601,12,2.0,137.5,30.0
202408020602,16,2.8,190.9,54.0
202408020603,15,3.3,144.4,38.3
202408020604,9,2.3,50.7,10.8
202408020605,14,2.9,206.8,40.9
202408020606,10,2.4,97.5,17.3
202408020607,11,2.5,85.8,20.8
202408020608,11,3.3,120.9,24.3
202408020609,9,2.6,57.5,12.3
202408020610,15,3.3,167.1,45.5
202408020611,12,2.5,90.9,26.7
202408020612,16,3.0,218.5,56.1
202410020201,15,3.8,216.5,43.2
202410020202,18,4.0,213.2,61.8
202410020203,14,3.4,79.6,31.1
202410020204,12,3.1,117.6,26.8
202410020205,10,2.3,65.0,14.3
202410020206,18,2.6,209.6,66.9
202410020207,13,3.3,97.1,27.8
202410020208,11,3.1,55.0,20.4
202410020209,10,2.6,55.3,15.3
202410020210,13,3.1,122.8,28.5
202410020211,18,5.2,251.5,54.0
202410020212,13,2.8,138.9,31.6
202405010701,16,2.9,248.9,52.7
202405010702,16,4.8,216.8,38.9
202405010703,16,2.1,224.4,55.1
202405010704,16,6.5,244.5,44.8
202405010705,18,2.7,239.9,63.1
202405010706,16,2.0,192.6,61.8
202405010707,16,3.0,218.0,51.3
202405010708,11,1.9,158.6,29.8
202405010709,10,2.5,97.1,15.0
202405010710,13,2.3,164.4,34.3
202405010711,10,2.4,83.8,15.1
202405010712,16,4.2,183.5,45.2
202408020701,15,2.5,218.6,46.0
202408020702,15,3.2,203.3,40.0
202408020703,16,2.3,197.7,60.6
202408020704,16,3.2,232.8,49.4
202408020705,14,3.6,149.0,31.7
202408020706,11,4.0,66.4,17.4
202408020707,11,2.3,113.4,20.7
202408020708,16,2.5,196.5,52.0
202408020709,9,2.4,55.9,10.4
202408020710,16,2.4,196.6,48.8
202408020711,18,2.8,183.7,62.0
202408020712,16,3.1,174.1,48.8
202410020301,16,2.2,178.3,57.8
202410020302,18,4.6,239.6,56.2
202410020303,14,4.5,116.9,29.6
202410020304,13,4.0,141.4,30.1
202410020305,12,2.2,125.5,27.9
202410020306,17,4.1,246.1,54.0
202410020307,13,3.8,89.2,26.9
202410020308,12,3.4,93.1,21.6
202410020309,9,2.6,68.0,11.2
202410020310,16,3.8,163.3,43.4
202410020311,16,2.8,172.2,51.1
202410020312,18,3.7,209.3,59.0
202405010801,16,2.2,213.2,52.2
202405010802,16,2.9,214.2,52.5
202405010803,16,3.3,229.8,53.9
202405010804,16,2.6,241.4,66.1
202405010805,12,2.8,119.3,25.0
202405010806,16,2.4,231.2,56.9
202405010807,16,2.2,220.3,64.4
202405010808,12,2.4,161.8,27.8
202405010809,11,2.9,70.4,18.6
202405010810,9,1.8,69.3,12.4
202405010811,16,2.9,184.3,45.9
202405010812,16,3.9,186.3,42.5
202408020801,12,2.2,119.2,26.1
202408020802,15,2.1,215.0,53.5
202408020803,15,5.6,217.2,38.5
202408020804,16,2.0,205.1,59.7
202408020805,13,2.9,152.4,31.0
202408020806,11,2.2,94.8,19.6
202408020807,8,2.0,59.2,12.4
202408020808,16,2.4,188.8,57.5
202408020809,13,2.5,118.9,34.1
202408020810,12,2.2,111.5,25.8
202408020811,13,3.2,129.9,28.9
202408020812,9,1.4,70.4,20.5
202410020401,16,3.1,155.1,45.7
202410020402,18,3.4,255.6,69.7
202410020403,14,3.3,124.5,31.7
202410020404,12,3.9,67.7,20.7
202410020405,18,2.8,220.7,72.9
202410020406,13,2.9,124.7,30.5
202410020407,16,3.6,152.8,46.7
202410020408,9,3.1,57.6,11.4
202410020409,14,5.1,120.0,29.7
202410020410,18,5.1,237.2,55.1
202410020411,16,3.8,999.9,43.5
202410020412,18,8.2,244.0,47.6
202406020101,16,2.2,233.6,60.6
202406020102,16,4.5,262.8,52.0
202406020103,16,3.3,226.5,55.2
202406020104,16,3.4,260.9,49.4
202406020105,16,2.0,220.9,72.2
202406020106,16,3.0,261.2,61.2
202406020107,11,2.1,169.8,24.8
202406020108,12,2.7,149.4,26.1
202406020109,7,1.9,57.3,6.8
202406020110,12,3.3,163.7,28.9
202406020111,11,2.5,127.5,22.7
202406020112,16,4.1,145.8,41.5
202409010101,16,4.0,202.0,47.2
202409010102,11,3.4,91.5,17.9
202409010103,15,2.0,200.7,57.4
202409010104,12,2.0,96.1,24.6
202409010105,13,3.4,137.9,31.7
202409010106,11,2.8,89.4,19.8
202409010107,17,3.6,192.5,52.5
202409010108,16,2.8,205.8,55.1
202409010109,10,3.0,47.5,13.9
202409010110,13,3.3,147.9,29.8
202409010111,16,3.3,207.6,45.8
202409010112,10,2.0,73.3,18.4
202410020501,16,2.5,187.1,50.8
202410020502,18,3.2,224.9,71.5
202410020503,14,6.5,182.9,32.8
202410020504,10,2.7,50.2,14.1
202410020505,18,3.7,237.9,64.0
202410020506,13,2.7,110.2,28.2
202410020507,14,6.5,137.2,30.0
202410020508,10,2.6,91.6,14.3
202410020509,14,3.2,141.3,32.2
202410020510,16,3.8,144.8,43.3
202410020511,15,3.3,204.1,44.0
202410020512,18,3.2,198.3,58.9
202406020201,16,5.8,267.9,51.5
202406020202,16,3.4,264.7,58.2
202406020203,16,1.8,232.3,69.7
202406020204,12,2.7,124.4,27.1
202406020205,16,2.0,214.5,57.9
202406020206,16,2.5,230.2,66.9
202406020207,10,2.4,85.0,16.9
202406020208,16,2.8,218.1,54.1
202406020209,13,6.2,86.6,23.5
202406020210,16,4.9,198.8,42.1
202406020211,16,3.9,166.4,39.5
202406020212,12,2.9,79.9,27.8
202409010201,13,2.9,151.8,29.6
202409010202,14,3.3,171.8,33.0
202409010203,11,1.9,91.8,25.1
202409010204,18,4.3,237.2,59.7
202409010205,10,2.5,53.3,15.6
202409010206,10,2.2,67.6,17.6
202409010207,7,1.7,34.7,6.5
202409010208,10,2.5,50.8,16.6
202409010209,12,2.5,94.0,25.9
202409010210,11,4.5,118.4,16.8
202409010211,18,2.9,220.9,66.7
202409010212,15,2.2,160.9,51.7
202410020601,16,4.8,232.4,49.3
202410020602,16,2.9,183.5,50.7
202410020603,14,2.4,150.5,39.0
202410020604,10,2.3,75.1,15.6
202410020605,16,3.1,159.0,45.6
202410020606,18,3.9,266.1,75.5
202410020607,13,2.9,132.9,27.9
202410020608,11,3.1,90.0,18.7
202410020609,12,4.7,96.9,20.6
202410020610,9,2.2,56.2,12.2
202410020611,17,3.1,234.4,51.2
202410020612,10,2.5,84.4,15.8
202406020301,16,2.8,252.9,72.5
202406020302,16,2.3,229.2,62.3
202406020303,16,2.3,228.5,61.1
202406020304,16,3.3,218.7,54.8
202406020305,18,2.1,252.5,89.0
202406020306,12,2.4,191.1,29.7
202406020307,16,2.5,201.2,55.6
202406020308,16,2.5,198.0,57.2
202406020309,11,2.6,151.3,26.8
202406020310,14,3.0,198.2,36.9
202406020311,16,3.1,188.9,44.8
202406020312,13,2.5,99.4,32.7
202409010301,12,3.0,98.4,23.8
202409010302,15,4.2,178.2,35.4
202409010303,14,2.3,168.8,43.0
202409010304,18,2.5,223.0,84.0
202409010305,12,1.9,96.8,27.9
202409010306,6,1.5,15.4,4.6
202409010307,8,1.9,65.6,10.9
202409010308,14,5.0,157.2,31.6
202409010309,8,2.8,36.8,7.8
202409010310,16,3.5,231.5,52.4
202409010311,16,4.1,194.5,44.4
202409010312,13,1.8,131.7,37.8
202410020701,16,3.8,231.9,42.3
202410020702,18,3.5,238.6,70.4
202410020703,14,2.8,131.1,35.4
202410020704,12,2.6,95.6,25.7
202410020705,11,2.2,93.6,23.8
202410020706,15,4.0,214.3,43.1
202410020707,16,4.1,208.6,44.9
202410020708,13,3.2,91.3,29.3
202410020709,13,3.6,171.7,30.4
202410020710,13,2.6,139.8,28.8
202410020711,16,5.0,172.5,40.0
202410020712,18,2.8,208.3,64.5
202406020401,16,2.6,227.5,59.3
202406020402,16,2.2,246.2,59.7
202406020403,16,3.9,264.6,65.0
202406020404,16,3.7,229.8,49.0
202406020405,16,2.7,229.4,65.3
202406020406,18,2.1,231.7,92.2
202406020407,11,2.0,91.7,21.7
202406020408,11,1.8,127.7,22.7
202406020409,14,3.2,188.5,39.6
202406020410,15,3.1,201.0,39.7
202406020411,11,2.1,98.7,19.9
202406020412,16,3.6,211.1,49.7
202409010401,16,2.5,197.0,57.0
202409010402,15,2.6,187.0,44.8
202409010403,16,2.1,203.3,63.4
202409010404,15,1.9,155.4,51.7
202409010405,11,2.2,73.4,19.7
202409010406,8,1.9,37.9,8.8
202409010407,6,1.2,28.5,4.5
202409010408,7,1.8,52.7,6.4
202409010409,12,7.5,133.2,26.8
202409010410,14,2.7,116.9,34.3
202409010411,15,3.6,171.9,46.6
202409010412,15,3.1,222.8,37.7
202410020801,18,3.5,201.9,62.7
202410020802,14,3.0,141.9,33.2
202410020803,14,2.7,88.0,38.7
202410020804,12,2.0,111.5,27.0
202410020805,12,2.2,125.6,28.4
202410020806,14,3.0,143.7,38.3
202410020807,16,3.3,184.1,46.0
202410020808,11,2.7,120.1,22.3
202410020809,11,2.2,90.1,21.5
202410020810,18,3.3,228.3,58.1
202410020811,14,3.5,146.6,29.2
202410020812,15,2.4,188.8,49.1
202406020501,14,4.5,227.1,32.7
202406020502,16,2.9,242.8,72.2
202406020503,13,1.9,176.4,41.0
202406020504,16,2.5,240.1,68.2
202406020505,16,3.0,224.4,58.6
202406020506,12,2.6,132.1,24.7
202406020507,11,2.6,82.4,21.1
202406020508,16,4.0,212.1,49.8
202406020509,16,3.3,249.6,56.0
202406020510,16,6.3,235.0,43.9
202406020511,16,4.8,240.7,47.4
202406020512,13,3.1,132.0,28.8
202407010101,16,2.8,210.4,55.6
202407010102,18,3.6,229.1,57.8
202407010103,12,3.6,150.7,26.2
202407010104,11,2.1,82.8,22.6
202407010105,15,4.0,230.7,37.6
202407010106,14,2.8,139.5,32.5
202407010107,9,1.8,60.9,13.6
202407010108,8,1.8,47.9,10.2
202407010109,16,4.4,170.0,40.4
202407010110,10,2.5,79.1,16.7
202407010111,12,3.0,92.0,25.5
202407010112,18,6.8,251.8,47.7
202409010501,16,2.1,215.9,65.1
202409010502,12,2.5,134.1,25.5
202409010503,16,2.6,193.0,54.4
202409010504,13,2.8,131.5,31.9
202409010505,15,2.6,191.1,47.3
202409010506,10,2.9,83.5,15.2
202409010507,12,2.3,76.2,26.7
202409010508,10,2.1,73.7,20.5
202409010509,7,1.5,36.1,6.8
202409010510,10,1.7,89.7,18.9
202409010511,16,5.1,158.3,43.4
202409010512,14,2.7,161.7,33.3
202406020601,16,3.1,228.7,64.9
202406020602,16,2.6,252.7,77.1
202406020603,16,3.6,249.6,57.6
202406020604,9,2.3,70.2,11.8
202406020605,18,3.1,254.5,72.2
202406020606,16,2.9,220.3,58.7
202406020607,11,2.6,114.4,19.6
202406020608,15,6.5,261.0,47.5
202406020609,16,4.3,160.2,39.0
202406020610,14,2.8,204.4,43.2
202406020611,12,4.6,114.0,21.8
202406020612,16,2.9,197.4,48.0
202407010201,13,4.3,145.6,27.2
202407010202,16,4.3,244.2,50.1
202407010203,18,3.0,220.5,69.9
202407010204,11,2.7,131.6,21.4
202407010205,11,1.8,94.2,25.3
202407010206,10,2.3,64.5,15.9
202407010207,10,2.5,65.7,15.7
202407010208,8,1.6,38.3,11.5
202407010209,11,3.3,114.5,17.7
202407010210,9,2.3,67.0,12.0
202407010211,13,2.3,133.7,31.0
202407010212,16,2.2,199.5,64.8
202409010601,11,3.2,88.2,19.1
202409010602,16,4.3,223.2,44.4
202409010603,13,2.8,141.6,31.2
202409010604,10,1.9,88.1,17.8
202409010605,11,3.2,85.3,18.9
202409010606,14,2.8,151.7,35.3
202409010607,10,2.5,73.4,13.4
202409010608,16,2.7,165.2,59.5
202409010609,10,2.4,71.4,17.6
202409010610,16,4.2,211.2,49.4
202409010611,15,4.9,120.9,32.8
202409010612,13,4.2,151.3,29.1
202406020701,16,2.7,248.7,71.8
202406020702,16,2.2,221.0,58.5
202406020703,16,2.4,219.1,65.8
202406020704,16,2.2,212.5,66.0
202406020705,17,2.3,212.9,69.4
202406020706,9,1.9,96.1,13.9
202406020707,15,3.0,198.1,41.9
202406020708,12,3.1,138.9,26.9
202406020709,11,2.2,114.8,22.5
202406020710,14,4.4,199.0,37.1
202406020711,12,2.9,87.9,24.5
202406020712,16,2.6,209.4,55.0
202407010301,16,2.6,202.2,51.3
202407010302,13,2.8,178.7,32.3
202407010303,18,3.4,224.3,65.8
202407010304,12,4.3,126.4,22.2
202407010305,15,2.2,150.6,46.3
202407010306,8,1.8,64.1,10.7
202407010307,6,1.3,17.4,4.3
202407010308,13,2.3,129.5,32.3
202407010309,16,6.7,186.2,32.6
202407010310,16,3.3,198.1,46.2
202407010311,17,3.1,199.6,52.6
202407010312,16,3.7,240.3,49.9
202409010701,16,2.6,206.7,54.4
202409010702,14,2.3,126.1,37.0
202409010703,16,3.2,212.9,52.3
202409010704,11,1.9,128.7,24.9
202409010705,10,1.9,62.6,17.3
202409010706,10,3.4,78.3,13.9
202409010707,9,2.2,88.7,12.5
202409010708,15,2.2,176.7,53.3
202409010709,9,2.1,61.0,11.0
202409010710,16,4.6,226.9,43.8
202409010711,10,2.8,77.3,16.0
202409010712,14,3.4,135.1,32.7
202406020801,16,2.2,225.0,62.6
202406020802,16,3.0,244.2,58.5
202406020803,16,1.8,214.6,78.3
202406020804,16,2.6,226.7,62.1
202406020805,16,2.6,206.6,59.7
202406020806,13,2.8,153.9,27.6
202406020807,16,2.9,232.2,70.7
202406020808,8,1.5,60.3,10.7
202406020809,16,3.8,200.2,45.2
202406020810,16,4.1,232.8,50.8
202406020811,10,3.2,42.8,13.4
202406020812,16,2.6,207.1,59.1
202407010401,15,2.7,191.5,42.8
202407010402,16,3.3,170.9,43.2
202407010403,18,4.0,214.4,59.1
202407010404,16,2.6,191.4,50.4
202407010405,16,2.2,180.1,59.4
202407010406,11,3.4,119.0,17.8
202407010407,16,3.2,161.3,44.7
202407010408,10,2.5,75.8,15.5
202407010409,10,3.6,47.8,13.7
202407010410,12,3.0,100.0,23.9
202407010411,13,2.7,138.6,35.7
202407010412,16,2.6,187.6,51.9
202409010801,10,1.6,71.6,16.7
202409010802,16,2.5,212.2,55.0
202409010803,11,2.0,95.3,24.9
202409010804,8,1.8,33.3,10.1
202409010805,13,1.9,137.7,36.5
202409010806,15,3.7,164.7,38.7
202409010807,8,2.4,49.7,10.2
202409010808,7,1.4,40.9,8.0
202409010809,11,2.2,68.0,21.1
202409010810,11,2.5,84.3,20.7
202409010811,15,3.7,245.6,44.3
202409010812,14,2.4,163.7,36.4
202406030101,16,2.0,231.2,78.8
202406030102,16,2.8,205.8,52.8
202406030103,16,3.1,259.2,60.8
202406030104,16,2.0,219.8,70.5
202406030105,10,2.2,118.3,20.7
202406030106,11,1.7,157.4,26.7
202406030107,16,2.8,211.9,53.5
202406030108,11,2.3,132.3,24.9
202406030109,16,5.4,222.3,40.1
202406030110,11,2.5,148.4,18.8
202406030111,10,2.0,116.2,17.8
202406030112,16,3.0,186.1,53.8
202407010501,16,4.2,183.1,43.7
202407010502,18,4.2,267.2,60.3
202407010503,16,4.1,213.6,46.0
202407010504,16,3.3,198.2,45.5
202407010505,14,3.5,140.0,30.4
202407010506,16,3.5,203.7,47.7
202407010507,14,6.8,74.1,27.5
202407010508,16,4.2,197.3,48.4
202407010509,8,1.5,48.8,10.2
202407010510,10,3.3,89.3,15.0
202407010511,16,3.1,218.2,50.0
202407010512,16,2.2,186.6,54.3
202409020101,16,4.2,230.6,47.2
202409020102,13,2.5,91.7,28.4
202409020103,16,1.7,189.4,77.0
202409020104,8,1.9,44.1,11.4
202409020105,13,2.7,135.2,31.4
202409020106,12,2.0,119.6,30.0
202409020107,10,2.4,83.4,16.5
202409020108,13,2.2,132.5,32.4
202409020109,8,2.6,36.6,8.5
202409020110,8,1.8,46.8,9.3
202409020111,10,2.3,46.7,13.9
202409020112,12,3.7,93.9,23.5
202406030201,16,2.9,226.1,64.6
202406030202,16,2.5,206.9,67.4
202406030203,16,2.6,238.9,63.9
202406030204,12,2.7,137.4,27.6
202406030205,16,2.5,232.6,53.1
202406030206,15,5.2,217.7,38.0
202406030207,15,2.2,212.8,49.4
202406030208,7,1.5,21.8,5.9
202406030209,15,3.0,226.4,47.5
202406030210,13,2.3,155.7,31.6
202406030211,14,4.1,151.2,33.7
202406030212,13,2.6,133.9,32.2
202407010601,16,2.8,236.2,58.6
202407010602,18,3.5,262.2,68.3
202407010603,14,2.1,180.3,40.4
202407010604,16,2.7,227.7,55.1
202407010605,13,2.6,128.7,30.6
202407010606,11,2.6,124.4,18.8
202407010607,9,1.8,40.1,13.5
202407010608,16,4.6,182.9,43.9
202407010609,10,3.8,38.2,12.6
202407010610,16,4.2,227.9,43.1
202407010611,18,5.8,252.9,54.4
202407010612,16,2.7,182.1,49.4
202409020201,16,2.4,183.0,57.4
202409020202,16,2.3,168.6,54.3
202409020203,15,2.0,185.5,56.2
202409020204,16,3.1,162.4,57.8
202409020205,18,1.8,226.3,92.2
202409020206,12,2.9,123.6,27.7
202409020207,14,3.8,144.1,31.2
202409020208,14,3.2,99.7,31.4
202409020209,10,3.2,74.2,17.9
202409020210,8,1.8,53.1,9.9
202409020211,15,3.9,194.0,38.8
202409020212,16,2.5,205.0,58.7
202406030301,16,3.1,238.6,58.6
202406030302,16,1.9,237.4,75.8
202406030303,14,2.4,178.5,40.4
202406030304,16,3.0,260.5,74.3
202406030305,18,3.3,251.4,72.2
202406030306,13,1.5,159.9,45.2
202406030307,16,3.0,237.4,54.4
202406030308,13,2.6,144.6,30.2
202406030309,14,3.5,96.3,30.4
202406030310,15,4.0,157.6,37.1
202406030311,16,5.5,176.5,38.4
202406030312,16,2.9,223.5,57.6
202409020301,13,2.0,124.9,32.6
202409020302,16,3.0,199.3,53.3
202409020303,18,2.8,268.3,72.4
202409020304,18,2.6,233.7,86.3
202409020305,11,4.6,89.4,17.6
202409020306,11,3.1,79.1,16.5
202409020307,16,4.5,227.1,50.5
202409020308,11,3.0,89.5,19.6
202409020309,7,1.7,40.0,8.4
202409020310,15,3.5,165.7,36.3
202409020311,15,2.6,177.6,43.4
202409020312,15,2.6,151.9,44.0
202406030401,13,3.6,214.5,32.1
202406030402,16,1.9,222.8,71.8
202406030403,14,2.9,172.7,43.3
202406030404,11,2.1,163.4,23.4
202406030405,16,2.9,222.0,55.7
202406030406,11,3.0,144.7,19.8
202406030407,16,3.7,231.5,55.0
202406030408,13,2.5,170.5,36.4
202406030409,8,1.7,75.5,11.0
202406030410,16,4.0,208.5,45.4
202406030411,15,2.6,141.6,44.3
202406030412,16,2.7,210.7,59.0
202409020401,13,2.4,158.5,31.1
202409020402,16,2.4,218.8,52.9
202409020403,9,2.3,52.3,10.9
202409020404,10,1.8,88.1,19.0
202409020405,9,2.2,70.7,12.8
202409020406,11,2.4,78.9,22.9
202409020407,16,3.7,197.6,49.4
202409020408,15,3.1,212.4,47.5
202409020409,11,2.1,83.8,20.2
202409020410,17,3.4,226.8,54.1
202409020411,16,3.9,209.2,43.7
202409020412,16,3.6,202.3,43.7
202403010101,15,3.4,214.3,47.0
202403010102,16,2.2,215.7,62.2
202403010103,15,2.7,165.5,48.2
202403010104,14,2.2,170.6,38.9
202403010105,14,3.2,172.5,35.6
202403010106,15,2.5,213.9,47.7
202403010107,16,2.5,222.8,52.6
202403010108,16,4.5,182.1,45.0
202403010109,13,3.7,114.0,29.7
202403010110,16,3.8,205.4,42.5
202403010111,15,2.7,135.9,46.7
202403010112,16,2.9,200.1,58.6
202406030501,14,2.2,180.0,35.3
202406030502,16,2.6,216.2,56.7
202406030503,12,3.4,136.7,26.5
202406030504,16,2.8,223.0,53.7
202406030505,18,2.0,248.1,85.0
202406030506,15,2.0,218.7,52.6
202406030507,8,1.8,75.5,9.6
202406030508,16,3.2,172.6,41.7
202406030509,16,2.6,217.2,54.4
202406030510,15,5.4,176.3,36.9
202406030511,16,4.3,233.8,52.3
202406030512,16,3.3,204.1,44.3
202409020501,16,2.1,209.5,69.2
202409020502,16,3.0,184.2,49.2
202409020503,10,1.8,84.4,16.1
202409020504,16,3.2,212.1,55.2
202409020505,12,3.3,80.1,24.7
202409020506,10,2.3,74.7,14.0
202409020507,12,2.1,124.7,27.2
202409020508,16,2.9,171.6,51.8
202409020509,10,2.2,61.1,15.8
202409020510,14,3.5,155.7,30.5
202409020511,11,2.4,111.6,22.0
202409020512,13,2.6,128.7,33.2
202403010201,15,2.3,202.6,51.2
202403010202,16,2.0,205.6,61.0
202403010203,15,3.4,199.7,38.0
202403010204,14,2.5,156.0,36.4
202403010205,16,2.4,164.7,50.5
202403010206,16,2.4,213.1,61.6
202403010207,16,3.2,182.7,47.1
202403010208,16,4.7,154.1,39.6
202403010209,13,4.1,134.8,27.0
202403010210,16,3.1,186.0,48.7
202403010211,16,2.2,178.7,54.2
202403010212,14,3.2,166.3,34.3
202406030601,16,2.4,234.2,61.6
202406030602,14,4.5,194.7,33.9
202406030603,16,2.0,232.1,68.1
202406030604,16,2.2,231.8,63.5
202406030605,18,2.4,242.2,68.7
202406030606,16,2.9,201.2,50.1
202406030607,13,2.6,182.7,31.6
202406030608,8,2.2,51.6,8.7
202406030609,13,2.9,144.8,28.7
202406030610,15,2.2,181.1,48.9
202406030611,14,4.1,206.8,35.5
202406030612,13,3.0,155.2,28.9
202409020601,16,2.0,167.0,67.5
202409020602,16,2.6,206.5,58.5
202409020603,16,2.4,197.1,57.9
202409020604,14,3.2,196.8,35.7
202409020605,16,4.2,217.4,46.8
202409020606,10,2.6,55.7,12.9
202409020607,9,2.4,69.2,12.2
202409020608,11,3.4,71.8,20.2
202409020609,8,1.7,30.4,10.8
202409020610,16,4.0,173.0,41.7
202409020611,18,4.4,239.6,57.6
202409020612,13,3.4,124.4,28.4
202403010301,16,5.1,226.1,40.7
202403010302,16,3.0,190.6,51.6
202403010303,15,1.6,191.1,65.1
202403010304,16,2.5,199.5,59.3
202403010305,16,2.2,185.3,64.0
202403010306,16,3.9,212.9,51.1
202403010307,16,4.3,201.3,45.4
202403010308,15,3.1,212.1,41.3
202403010309,16,5.1,241.7,46.1
202403010310,15,3.8,234.3,42.7
202403010311,16,3.9,166.9,43.9
202403010312,15,3.4,224.9,44.4
202406030701,16,3.9,267.2,56.8
202406030702,13,2.2,186.6,40.8
202406030703,15,1.9,200.7,55.8
202406030704,12,2.2,99.5,27.9
202406030705,16,4.4,175.9,41.5
202406030706,9,2.3,79.1,16.3
202406030707,9,1.7,64.2,14.5
202406030708,12,2.3,82.6,25.7
202406030709,6,1.6,25.3,5.6
202406030710,14,2.3,174.8,36.6
202406030711,12,2.3,144.7,34.5
202406030712,15,4.0,238.2,46.1
202409020701,16,3.3,222.6,51.9
202409020702,16,3.2,190.4,46.3
202409020703,16,2.6,195.6,57.8
202409020704,18,2.7,247.8,72.5
202409020705,16,3.2,206.9,46.7
202409020706,15,3.9,187.6,38.9
202409020707,12,2.6,91.3,24.0
202409020708,12,2.4,121.3,25.7
202409020709,11,2.0,116.9,25.3
202409020710,15,2.4,210.7,47.5
202409020711,16,3.2,202.4,52.7
202409020712,10,3.3,50.0,12.6
202403010401,16,2.0,200.0,63.1
202403010402,16,3.4,201.9,48.2
202403010403,15,2.3,161.5,59.5
202403010404,11,2.3,110.0,21.8
202403010405,11,1.7,90.0,23.2
202403010406,15,3.4,246.4,47.2
202403010407,16,2.8,176.9,51.7
202403010408,10,2.2,79.4,16.3
202403010409,14,2.3,166.6,40.3
202403010410,16,3.0,192.2,46.4
202403010411,16,3.5,209.6,43.7
202403010412,16,2.4,207.4,59.3
202406030801,16,3.4,241.8,50.7
202406030802,16,1.8,216.0,73.4
202406030803,15,2.4,230.5,50.1
202406030804,18,3.4,268.1,63.4
202406030805,16,4.2,209.7,50.2
202406030806,15,2.2,234.1,62.4
202406030807,16,4.3,243.5,47.4
202406030808,9,1.7,74.1,13.1
202406030809,14,3.8,148.1,31.3
202406030810,14,4.1,150.5,29.1
202406030811,18,5.7,240.3,51.7
202406030812,16,3.4,163.6,47.5
202409020801,16,3.5,194.4,51.4
202409020802,15,2.2,201.8,50.6
202409020803,16,2.4,205.2,56.4
202409020804,15,2.1,181.0,58.4
202409020805,15,3.7,170.0,36.3
202409020806,7,1.8,44.6,7.6
202409020807,17,2.6,190.6,55.4
202409020808,12,2.5,114.4,24.1
202409020809,17,5.2,239.6,51.0
202409020810,11,2.2,93.0,23.5
202409020811,16,2.1,215.8,59.3
202409020812,15,2.6,206.3,48.8
202403010501,16,2.3,231.6,69.3
202403010502,16,2.4,218.4,53.1
202403010503,15,2.2,188.8,55.7
202403010504,14,3.7,174.5,32.3
202403010505,11,2.5,82.2,19.8
202403010506,9,1.8,69.6,11.9
202403010507,16,2.3,197.0,63.9
202403010508,12,3.2,140.9,24.9
202403010509,14,2.7,178.2,40.4
202403010510,15,2.4,201.5,44.3
202403010511,16,4.2,242.1,43.1
202403010512,15,2.5,213.8,54.2
202405020101,16,3.3,246.7,52.2
202405020102,16,3.3,267.0,53.8
202405020103,16,2.8,243.3,54.6
202405020104,18,3.3,246.8,74.2
202405020105,18,2.5,259.5,76.9
202405020106,16,4.5,262.2,50.6
202405020107,16,3.7,204.3,45.2
202405020108,10,2.2,88.6,16.0
202405020109,11,3.5,65.5,16.5
202405020110,18,4.3,243.2,51.0
202405020111,16,2.6,202.1,49.8
202405020112,16,3.5,236.7,44.4
202408030101,16,2.5,204.5,60.0
202408030102,16,1.8,203.7,72.1
202408030103,18,3.6,201.8,62.9
202408030104,11,2.2,86.1,19.9
202408030105,10,2.5,65.9,12.7
202408030106,13,2.4,130.7,33.1
202408030107,14,3.8,144.7,29.9
202408030108,11,2.6,74.8,20.4
202408030109,7,1.8,35.1,7.0
202408030110,12,2.6,74.5,26.8
202408030111,13,2.5,135.7,30.5
202408030112,10,2.5,81.2,14.1
202403010601,16,3.4,224.0,51.3
202403010602,16,2.7,226.2,57.3
202403010603,15,2.5,197.2,43.8
202403010604,14,2.3,154.2,39.4
202403010605,16,3.1,184.2,60.0
202403010606,15,3.6,199.9,39.9
202403010607,15,2.2,168.4,46.0
202403010608,12,3.8,88.1,22.9
202403010609,9,2.3,35.0,12.1
202403010610,10,2.5,73.3,16.4
202403010611,16,4.0,168.5,42.1
202403010612,9,2.6,57.1,12.8
202405020201,16,6.7,233.9,45.2
202405020202,16,3.4,234.0,49.7
202405020203,18,2.6,254.8,67.1
202405020204,11,2.5,150.9,21.0
202405020205,16,2.5,228.5,63.2
202405020206,16,2.8,183.4,45.2
202405020207,12,2.2,126.1,26.5
202405020208,10,2.6,87.5,13.8
202405020209,10,2.0,87.0,17.2
202405020210,15,2.5,196.3,43.7
202405020211,14,3.9,169.0,31.0
202405020212,13,2.3,133.6,33.9
202408030201,14,2.0,166.6,43.1
202408030202,16,2.1,195.0,60.5
202408030203,16,4.4,215.6,47.1
202408030204,18,4.1,228.1,63.3
202408030205,15,2.4,206.7,49.0
202408030206,12,3.0,140.8,25.9
202408030207,13,3.3,158.3,29.9
202408030208,9,2.1,65.9,12.9
202408030209,9,2.0,61.8,14.4
202408030210,9,2.1,65.6,12.3
202408030211,17,2.4,209.0,58.1
202408030212,16,2.7,212.5,52.9
202404010101,14,3.1,154.5,31.8
202404010102,14,3.2,185.3,36.7
202404010103,15,2.8,208.0,46.7
202404010104,11,2.6,117.2,26.2
202404010105,15,1.8,198.3,56.1
202404010106,16,4.4,208.5,51.9
202404010107,8,1.7,42.7,10.3
202404010108,10,3.0,70.0,15.3
202404010109,14,2.8,143.0,34.7
202404010110,10,3.7,78.3,13.3
202404010111,13,4.8,167.8,25.1
202404010112,10,3.2,95.5,14.5
202405020301,16,2.3,234.1,62.1
202405020302,15,1.9,186.2,53.7
202405020303,12,3.4,183.0,27.9
202405020304,17,1.9,214.4,80.5
202405020305,15,2.0,163.3,56.0
202405020306,9,1.5,96.9,18.6
202405020307,12,3.9,175.7,29.0
202405020308,15,3.0,220.9,45.7
202405020309,16,2.2,198.4,59.9
202405020310,13,2.8,123.9,28.7
202405020311,17,3.8,240.6,57.3
202405020312,11,2.5,96.7,22.8
202408030301,15,2.6,175.7,49.1
202408030302,16,2.4,180.7,61.1
202408030303,11,1.8,122.3,24.0
202408030304,17,2.0,180.9,70.1
202408030305,17,2.9,233.6,66.2
202408030306,10,2.1,76.8,17.5
202408030307,8,2.1,45.8,9.8
202408030308,14,2.5,149.1,37.2
202408030309,12,4.7,71.8,19.6
202408030310,13,2.9,167.4,33.2
202408030311,16,3.1,202.8,45.0
202408030312,16,3.3,205.7,50.5
202404010201,15,2.6,206.3,49.6
202404010202,16,2.4,196.0,60.3
202404010203,15,2.2,207.1,50.1
202404010204,10,2.5,81.7,15.3
202404010205,15,2.3,181.2,51.1
202404010206,10,2.1,73.5,13.2
202404010207,11,4.0,78.3,17.2
202404010208,9,2.0,45.1,11.6
202404010209,14,2.7,147.1,35.4
202404010210,16,7.7,200.7,45.3
202404010211,15,4.0,186.6,33.9
202404010212,10,1.8,85.6,18.9
202405020401,16,4.0,268.9,53.7
202405020402,16,3.0,174.0,50.3
202405020403,16,2.8,190.6,55.9
202405020404,18,4.3,266.0,61.1
202405020405,12,2.3,86.3,27.8
202405020406,14,3.7,179.6,34.7
202405020407,9,1.7,84.3,14.7
202405020408,11,1.8,89.2,23.5
202405020409,8,1.7,75.2,10.7
202405020410,16,3.7,212.2,44.9
202405020411,13,4.1,135.0,29.7
202405020412,16,4.9,267.2,49.6
202408030401,16,2.5,197.6,57.4
202408030402,12,2.7,132.0,27.4
202408030403,18,2.6,217.4,77.0
202408030404,10,1.7,85.9,18.7
202408030405,12,2.4,122.6,27.4
202408030406,11,2.7,68.8,20.6
202408030407,10,1.8,81.4,19.1
202408030408,12,2.3,140.4,27.4
202408030409,11,3.1,99.1,22.1
202408030410,18,3.9,214.1,66.3
202408030411,18,2.6,999.9,69.3
202408030412,16,2.2,162.1,60.1
202404010301,14,2.4,159.1,38.1
202404010302,15,2.8,207.7,41.7
202404010303,15,2.4,224.1,49.4
202404010304,12,2.6,134.2,27.4
202404010305,16,3.3,193.5,46.2
202404010306,16,2.6,221.9,62.2
202404010307,14,5.5,135.8,28.4
202404010308,11,2.6,80.9,22.7
202404010309,16,2.9,218.9,49.9
202404010310,13,5.4,136.4,27.6
202404010311,15,2.5,211.2,44.3
202404010312,16,5.0,195.1,40.1
202405020501,16,2.4,231.2,56.2
202405020502,12,2.7,153.7,26.8
202405020503,16,2.9,246.6,50.5
202405020504,18,2.5,247.5,85.2
202405020505,12,1.6,112.8,36.5
202405020506,11,1.8,152.1,24.9
202405020507,14,3.4,158.2,34.8
202405020508,10,2.1,69.3,16.3
202405020509,8,2.1,38.3,10.6
202405020510,8,1.6,46.4,10.8
202405020511,13,3.1,92.3,27.3
202405020512,13,2.4,151.8,33.4
202408030501,16,3.7,216.5,54.0
202408030502,10,1.9,80.1,16.6
202408030503,16,2.5,223.4,64.1
202408030504,12,2.9,147.3,28.4
202408030505,16,2.6,204.4,54.8
202408030506,14,2.3,128.2,38.1
202408030507,8,1.5,61.1,10.8
202408030508,10,1.9,90.4,17.9
202408030509,8,2.0,24.9,9.7
202408030510,16,4.1,250.5,44.5
202408030511,15,5.2,159.0,30.7
202408030512,10,2.7,54.9,13.9
202404010401,14,2.7,170.7,35.9
202404010402,15,2.3,221.2,50.2
202404010403,15,2.3,202.0,48.1
202404010404,11,3.0,112.1,19.6
202404010405,16,2.5,197.8,55.7
202404010406,15,3.4,202.4,48.6
202404010407,16,2.9,195.3,48.4
202404010408,14,2.8,153.4,34.0
202404010409,15,2.7,217.7,47.5
202404010410,16,3.8,218.6,44.2
202404010411,16,3.6,205.7,41.9
202404010412,13,3.6,119.1,28.7
202405020601,13,2.5,204.3,33.1
202405020602,16,2.0,235.5,66.2
202405020603,14,3.3,222.0,39.4
202405020604,18,3.3,267.9,74.1
202405020605,16,4.3,235.2,53.3
202405020606,13,3.3,118.9,23.6
202405020607,15,2.8,199.0,48.8
202405020608,10,2.2,97.7,16.1
202405020609,12,2.9,132.4,25.8
202405020610,16,4.1,256.1,49.3
202405020611,18,2.7,237.3,64.2
202405020612,16,3.5,253.1,42.5
202408030601,10,1.8,89.5,19.1
202408030602,16,2.3,188.5,65.9
202408030603,12,2.4,142.7,30.9
202408030604,15,2.4,201.6,52.1
202408030605,16,2.1,188.4,58.1
202408030606,16,3.3,205.1,51.6
202408030607,9,1.9,57.4,13.4
202408030608,15,2.2,189.3,46.7
202408030609,11,2.7,118.6,20.0
202408030610,11,2.7,77.4,18.0
202408030611,13,2.8,128.0,28.2
202408030612,16,5.3,229.4,43.2
202404010501,15,2.0,185.8,63.1
202404010502,15,2.4,215.6,48.3
202404010503,16,2.8,181.3,53.4
202404010504,15,3.6,237.5,54.8
202404010505,15,3.2,212.0,42.8
202404010506,15,2.0,197.2,60.1
202404010507,8,2.2,54.7,10.0
202404010508,14,2.6,121.5,39.9
202404010509,12,3.4,176.7,27.4
202404010510,12,3.1,139.2,24.9
202404010511,11,3.4,97.9,18.1
202404010512,14,2.8,160.4,34.8
202405020701,16,2.9,236.9,62.9
202405020702,15,3.1,217.9,49.4
202405020703,16,4.2,195.9,44.8
202405020704,17,2.4,240.6,75.0
202405020705,18,3.1,241.3,64.8
202405020706,16,2.4,184.2,56.4
202405020707,12,2.2,148.2,27.6
202405020708,11,1.9,85.9,23.2
202405020709,12,2.9,75.0,27.2
202405020710,10,2.6,53.9,14.4
202405020711,15,3.6,146.3,36.1
202405020712,12,3.2,117.2,21.3
202408030701,13,3.1,173.4,32.8
202408030702,16,3.0,228.9,56.3
202408030703,13,2.0,131.4,33.2
202408030704,18,2.7,228.8,70.8
202408030705,10,3.0,94.9,17.0
202408030706,15,2.2,187.2,51.2
202408030707,14,2.7,141.4,34.9
202408030708,10,3.8,98.7,17.0
202408030709,11,2.7,84.6,20.1
202408030710,16,3.5,220.8,48.2
202408030711,11,3.0,82.9,19.0
202408030712,13,3.4,161.7,27.8
202404010601,16,2.6,212.0,57.8
202404010602,15,2.2,167.0,47.6
202404010603,15,1.6,184.1,64.2
202404010604,11,2.9,113.7,22.0
202404010605,9,1.8,64.9,12.2
202404010606,11,2.3,78.9,18.8
202404010607,16,3.3,251.2,57.5
202404010608,14,2.8,125.0,32.5
202404010609,8,1.9,50.5,10.2
202404010610,14,5.7,151.8,29.3
202404010611,16,2.8,212.1,47.4
202404010612,13,2.2,181.6,31.9
202405020801,16,4.3,267.1,56.9
202405020802,16,2.2,215.4,67.5
202405020803,16,2.4,230.6,67.6
202405020804,17,1.7,219.1,75.1
202405020805,11,1.8,91.6,26.0
202405020806,11,5.4,129.3,17.4
202405020807,16,3.1,227.2,39.8
202405020808,9,1.6,90.3,14.9
202405020809,8,1.7,90.3,10.9
202405020810,12,3.3,122.8,23.0
202405020811,15,2.3,209.1,46.3
202405020812,16,4.2,214.1,45.0
202408030801,16,2.9,185.6,49.6
202408030802,15,4.1,231.8,43.3
202408030803,18,2.7,215.8,66.3
202408030804,14,2.2,142.0,38.8
202408030805,16,2.7,159.3,53.3
202408030806,7,1.6,53.8,7.6
202408030807,14,3.3,170.1,34.0
202408030808,12,2.8,91.3,23.2
202408030809,7,1.3,50.4,10.3
202408030810,14,2.3,97.5,36.5
202408030811,16,2.3,211.4,62.3
202408030812,14,4.1,172.7,33.3
202404010701,14,4.0,139.8,29.4
202404010702,15,3.3,211.4,46.4
202404010703,15,1.9,204.2,59.5
202404010704,13,2.6,135.3,32.1
202404010705,16,3.3,188.9,47.1
202404010706,15,3.1,233.8,47.1
202404010707,16,3.0,199.8,52.3
202404010708,15,3.2,250.3,46.1
202404010709,16,5.6,230.3,42.0
202404010710,10,2.7,75.7,15.5
202404010711,16,6.3,197.4,35.1
202404010712,15,2.4,164.8,43.2
202405020901,16,3.7,232.2,46.0
202405020902,16,2.7,231.7,51.2
202405020903,14,2.3,186.0,40.7
202405020904,18,2.0,226.8,92.8
202405020905,18,2.0,212.1,82.6
202405020906,10,2.1,80.8,19.6
202405020907,16,2.1,220.5,66.1
202405020908,16,3.4,193.3,48.4
202405020909,11,2.5,75.2,22.2
202405020910,12,2.6,93.6,24.8
202405020911,16,3.4,234.3,46.6
202405020912,16,4.3,170.0,42.6
202408030901,16,3.0,220.0,53.5
202408030902,16,3.2,211.2,54.2
202408030903,16,3.2,206.8,50.4
202408030904,18,3.3,221.3,71.2
202408030905,14,2.7,135.0,35.5
202408030906,15,2.7,178.3,46.0
202408030907,12,4.2,85.7,20.1
202408030908,10,2.0,84.7,16.1
202408030909,14,2.8,143.6,32.6
202408030910,9,2.7,51.8,11.5
202408030911,16,3.1,210.5,47.3
202408030912,16,2.8,227.5,52.7
202404010801,15,3.3,173.4,41.2
202404010802,16,2.6,230.1,62.8
202404010803,15,3.1,223.6,47.2
202404010804,14,3.8,152.5,33.7
202404010805,16,4.5,238.4,47.6
202404010806,16,2.6,230.2,58.8
202404010807,15,3.7,193.9,35.9
202404010808,16,3.1,168.2,55.8
202404010809,14,3.5,147.6,30.5
202404010810,15,2.9,170.7,39.2
202404010811,16,4.9,198.0,36.6
202404010812,15,2.7,190.8,44.3
202405021001,16,2.2,213.7,56.9
202405021002,16,3.0,235.2,52.6
202405021003,16,2.7,254.8,61.8
202405021004,14,1.8,172.1,53.5
202405021005,11,3.0,113.8,19.6
202405021006,16,3.2,235.9,54.2
202405021007,9,1.9,70.5,12.1
202405021008,10,1.8,83.9,16.4
202405021009,13,2.5,191.6,34.3
202405021010,16,2.6,229.3,53.0
202405021011,18,3.3,216.7,66.0
202405021012,15,4.5,130.3,32.5
202408031001,14,2.7,160.1,34.9
202408031002,15,1.9,212.0,57.0
202408031003,18,3.2,236.0,73.4
202408031004,15,2.4,170.7,46.9
202408031005,18,4.0,234.7,54.8
202408031006,14,3.3,156.2,34.1
202408031007,11,2.5,88.3,19.2
202408031008,17,2.6,213.4,60.8
202408031009,16,3.0,202.8,50.8
202408031010,12,3.8,83.8,22.2
202408031011,16,2.7,189.6,62.0
202408031012,16,3.0,213.6,56.4
202405021101,16,2.0,235.4,66.2
202405021102,9,1.5,88.3,19.7
202405021103,18,2.1,238.2,85.6
202405021104,9,1.5,88.3,17.6
202405021105,11,1.5,124.7,29.8
202405021106,13,2.2,164.0,33.1
202405021107,15,2.7,250.0,61.3
202405021108,15,3.1,213.9,43.8
202405021109,16,4.3,198.9,49.1
202405021110,14,2.7,188.9,37.2
202405021111,16,2.3,191.8,52.1
202405021112,16,3.5,235.8,56.9
202408031101,16,2.4,206.3,55.3
202408031102,16,3.7,202.5,47.6
202408031103,16,4.1,244.9,53.7
202408031104,12,2.7,133.6,25.7
202408031105,17,2.8,225.8,64.4
202408031106,16,3.1,170.0,46.5
202408031107,11,3.1,93.5,18.0
202408031108,10,3.4,59.0,14.2
202408031109,11,3.9,74.6,18.0
202408031110,16,3.4,180.0,43.9
202408031111,18,4.1,213.3,57.7
202408031112,18,4.8,234.0,49.5
202405021201,16,2.4,215.4,59.4
202405021202,16,3.2,242.0,50.0
202405021203,16,2.1,241.7,66.7
202405021204,18,3.4,263.7,85.4
202405021205,16,3.1,206.3,46.8
202405021206,9,1.9,75.3,13.6
202405021207,16,2.9,252.7,50.6
202405021208,11,2.2,122.0,22.2
202405021209,10,1.9,113.3,16.3
202405021210,16,2.5,173.0,59.0
202405021211,18,2.6,999.9,67.6
202405021212,13,2.2,129.2,32.7
202408031201,16,2.8,206.2,60.4
202408031202,16,2.2,211.5,61.7
202408031203,17,4.4,212.9,57.3
202408031204,10,1.9,79.2,17.2
202408031205,14,2.6,163.6,39.7
202408031206,12,2.6,113.5,25.6
202408031207,10,2.2,62.1,13.2
202408031208,15,3.4,203.4,42.4
202408031209,11,2.6,79.6,19.2
202408031210,18,4.0,224.0,60.7
202408031211,9,2.5,92.1,12.3
202408031212,16,3.2,197.1,50.3
202405030101,10,2.2,130.0,17.4
202405030102,16,2.8,255.2,70.8
202405030103,16,3.1,235.4,52.8
202405030104,16,3.6,240.6,56.0
202405030105,9,1.6,94.1,14.5
202405030106,16,2.4,212.1,57.6
202405030107,18,3.2,245.2,68.1
202405030108,16,2.8,234.0,52.2
202405030109,10,2.0,117.6,19.7
202405030110,10,1.7,73.3,20.9
202405030111,15,2.9,189.8,39.0
202405030112,16,3.6,237.4,51.3
202408040101,16,3.4,203.8,53.7
202408040102,16,1.8,197.0,64.8
202408040103,16,4.1,204.9,48.3
202408040104,18,3.2,213.0,66.5
202408040105,11,2.1,111.0,20.1
202408040106,13,3.3,99.4,27.2
202408040107,9,2.6,68.2,12.5
202408040108,7,1.5,27.6,5.8
202408040109,16,6.3,156.2,36.7
202408040110,10,2.4,76.3,15.2
202408040111,14,3.5,165.0,29.9
202408040112,14,3.0,124.5,33.3
202405030201,16,1.8,228.3,86.6
202405030202,16,2.4,231.0,61.8
202405030203,18,2.2,233.1,84.6
202405030204,16,2.0,226.0,74.2
202405030205,12,2.6,163.0,27.3
202405030206,9,1.5,56.7,16.8
202405030207,9,1.7,81.2,13.1
202405030208,16,4.7,224.9,49.8
202405030209,10,3.5,61.9,14.3
202405030210,16,3.4,205.4,51.8
202405030211,18,3.9,230.2,55.5
202405030212,16,5.0,220.6,37.9
202408040201,10,1.8,66.0,17.9
202408040202,16,2.9,224.4,52.1
202408040203,16,2.8,209.8,56.4
202408040204,18,3.2,252.7,74.2
202408040205,13,2.2,146.6,33.1
202408040206,16,2.5,165.8,58.4
202408040207,9,1.8,72.6,14.5
202408040208,11,1.7,91.6,23.9
202408040209,14,3.2,173.0,38.2
202408040210,13,3.0,162.3,30.3
202408040211,16,4.3,219.9,48.4
202408040212,16,3.6,160.8,47.5
202402010101,16,2.8,151.7,45.8
202402010102,14,4.1,124.6,31.5
202402010103,12,2.3,70.4,27.4
202402010104,16,4.0,218.3,41.6
202402010105,11,3.7,71.6,17.2
202402010106,14,4.7,154.2,31.9
202402010107,13,2.3,122.3,30.6
202402010108,11,2.6,77.5,18.8
202402010109,15,3.8,120.8,36.8
202402010110,16,3.6,175.6,41.9
202402010111,16,4.7,147.8,42.1
202402010112,14,6.8,118.8,27.8
202405030301,11,2.4,139.5,24.3
202405030302,16,2.3,236.9,61.7
202405030303,16,2.2,237.0,63.7
202405030304,18,2.2,231.0,78.1
202405030305,8,1.6,53.2,9.7
202405030306,16,2.7,238.4,65.4
202405030307,13,2.2,194.2,36.3
202405030308,16,3.4,213.2,51.5
202405030309,12,1.9,135.0,29.3
202405030310,15,1.9,209.4,49.0
202405030311,14,2.9,169.0,36.1
202405030312,16,2.8,254.1,66.9
202408040301,16,2.6,189.1,51.5
202408040302,16,3.8,189.9,50.0
202408040303,16,2.8,171.8,48.0
202408040304,18,3.4,230.3,61.3
202408040305,12,4.3,125.3,21.7
202408040306,18,2.6,229.7,70.6
202408040307,16,2.8,212.7,53.0
202408040308,10,2.7,51.3,15.9
202408040309,9,1.9,62.5,13.1
202408040310,11,2.5,89.9,23.3
202408040311,10,2.1,86.1,16.0
202408040312,16,3.2,204.1,49.9
202402010201,16,4.7,177.0,40.7
202402010202,14,3.5,136.9,31.5
202402010203,10,3.8,78.2,16.2
202402010204,14,3.9,128.5,30.0
202402010205,14,6.7,130.9,29.7
202402010206,14,3.2,116.0,31.9
202402010207,10,3.2,67.5,15.3
202402010208,13,4.5,94.4,24.7
202402010209,9,2.6,36.1,10.6
202402010210,14,4.0,128.7,29.6
202402010211,16,3.6,139.6,45.4
202402010212,12,3.5,123.9,24.0
202405030401,16,3.1,239.8,56.5
202405030402,16,1.7,211.8,70.0
202405030403,16,2.0,207.1,61.9
202405030404,15,2.7,145.1,51.1
202405030405,11,2.0,89.8,23.3
202405030406,18,2.1,244.3,93.1
202405030407,14,2.4,180.8,40.6
202405030408,11,1.8,94.7,24.0
202405030409,12,3.0,129.2,24.2
202405030410,16,2.6,252.3,60.7
202405030411,18,5.4,241.2,53.3
202405030412,17,3.5,267.4,64.4
202408040401,10,2.1,68.6,17.9
202408040402,16,2.5,185.8,52.4
202408040403,16,2.0,179.6,64.1
202408040404,18,2.3,219.5,71.6
202408040405,7,1.6,30.5,6.9
202408040406,18,2.4,223.4,75.2
202408040407,16,2.6,175.7,58.9
202408040408,12,3.9,79.9,22.9
202408040409,9,1.5,66.0,14.2
202408040410,16,2.7,157.6,51.8
202408040411,16,2.3,182.0,54.6
202408040412,13,2.2,116.5,32.6
202402010301,16,3.8,160.7,44.5
202402010302,14,2.7,125.0,35.9
202402010303,12,3.7,87.9,23.8
202402010304,16,4.4,169.3,38.8
202402010305,7,1.8,36.0,6.9
202402010306,8,2.2,28.9,8.5
202402010307,16,3.5,189.0,44.0
202402010308,12,3.1,84.9,21.9
202402010309,8,1.9,31.8,10.0
202402010310,12,4.4,68.9,19.5
202402010311,12,3.2,71.5,22.7
202402010312,14,4.0,166.0,30.5
202405030501,16,1.8,219.8,81.4
202405030502,16,3.7,255.0,57.8
202405030503,16,2.7,217.4,62.7
202405030504,16,3.3,243.3,47.6
202405030505,8,1.7,85.7,11.9
202405030506,16,4.4,248.7,53.1
202405030507,16,4.0,266.9,61.5
202405030508,9,1.9,99.9,12.8
202405030509,9,1.7,68.6,15.2
202405030510,16,1.9,206.7,57.7
202405030511,14,2.7,154.8,36.4
202405030512,13,2.4,211.3,32.5
202408040501,13,2.1,141.5,34.4
202408040502,16,3.2,219.3,50.2
202408040503,16,1.9,166.4,66.9
202408040504,18,2.8,236.8,76.7
202408040505,10,2.4,45.4,13.3
202408040506,16,3.3,198.8,44.1
202408040507,8,1.8,44.0,10.5
202408040508,14,2.5,160.5,40.9
202408040509,13,2.5,153.1,30.0
202408040510,15,3.0,202.6,46.2
202408040511,16,3.6,218.9,50.7
202408040512,16,3.6,152.2,42.4
202402010401,14,3.5,148.5,31.2
202402010402,16,2.6,181.6,50.1
202402010403,12,2.5,88.6,26.0
202402010404,14,4.0,154.0,30.2
202402010405,7,1.9,34.2,8.0
202402010406,16,4.0,197.6,41.7
202402010407,14,4.0,142.2,31.4
202402010408,14,3.7,87.5,31.5
202402010409,10,3.1,43.2,13.8
202402010410,11,4.1,57.0,17.0
202402010411,16,3.9,203.1,41.9
202402010412,14,5.6,125.3,30.6
202405030601,13,1.9,157.1,39.8
202405030602,16,1.6,188.7,80.6
202405030603,16,2.3,215.2,61.5
202405030604,16,4.4,261.3,60.3
202405030605,12,1.8,154.4,30.4
202405030606,16,2.3,221.6,53.5
202405030607,16,3.8,225.5,46.6
202405030608,13,1.9,168.5,38.9
202405030609,7,1.4,43.2,7.4
202405030610,12,2.3,71.3,26.7
202405030611,16,2.7,237.6,57.7
202405030612,14,2.7,170.4,35.5
202408040601,15,3.4,211.0,46.7
202408040602,16,1.7,199.9,70.4
202408040603,16,5.0,191.0,41.5
202408040604,16,3.8,179.5,47.6
202408040605,10,2.6,52.5,14.5
202408040606,16,5.6,238.7,43.5
202408040607,11,3.0,70.0,16.4
202408040608,15,2.8,201.3,42.4
202408040609,9,1.8,62.9,12.8
202408040610,16,3.4,208.3,46.8
202408040611,16,5.4,250.7,44.7
202408040612,16,2.0,183.7,60.9
202402010501,9,2.5,69.0,12.4
202402010502,12,3.0,87.4,27.0
202402010503,16,5.5,179.4,37.6
202402010504,11,4.4,88.6,17.8
202402010505,7,2.2,23.1,6.2
202402010506,16,3.7,168.1,47.9
202402010507,7,1.7,32.9,6.8
202402010508,12,2.7,94.8,26.9
202402010509,11,4.2,93.6,17.0
202402010510,9,2.0,45.4,12.5
202402010511,16,3.2,190.8,50.2
202402010512,8,2.3,40.6,8.7
202405030701,16,2.4,233.4,71.0
202405030702,16,2.9,250.1,43.4
202405030703,16,4.7,282.5,54.8
202405030704,16,2.7,250.5,62.4
202405030705,13,2.5,177.4,31.0
202405030706,10,1.6,127.7,19.6
202405030707,16,2.9,241.8,62.6
202405030708,14,2.8,172.0,36.2
202405030709,16,3.0,235.6,61.8
202405030710,16,2.1,225.2,64.3
202405030711,14,2.8,187.4,39.6
202405030712,11,2.2,167.3,26.2
202408040701,7,1.3,28.9,8.4
202408040702,16,2.8,197.9,55.8
202408040703,16,2.5,203.8,55.0
202408040704,16,4.6,205.0,44.0
202408040705,12,3.2,80.3,22.0
202408040706,18,3.4,216.2,61.8
202408040707,16,2.7,193.2,48.4
202408040708,16,2.3,200.6,64.5
202408040709,12,3.1,95.4,23.2
202408040710,17,2.9,233.1,62.9
202408040711,16,6.7,174.4,39.0
202408040712,15,2.7,173.1,47.2
202402010601,16,2.5,206.8,49.4
202402010602,11,1.7,113.5,24.8
202402010603,12,3.7,117.2,23.8
202402010604,16,3.8,214.4,45.4
202402010605,5,1.2,8.4,2.9
202402010606,11,2.6,70.5,17.0
202402010607,10,3.1,43.9,14.8
202402010608,10,2.4,67.9,15.5
202402010609,9,2.7,35.2,10.3
202402010610,13,5.0,148.4,23.8
202402010611,14,3.8,121.3,30.8
202402010612,9,1.8,45.0,10.9
202405030801,10,2.1,96.8,17.8
202405030802,16,2.3,260.7,79.1
202405030803,18,2.0,243.8,123.2
202405030804,16,3.7,277.7,55.3
202405030805,13,2.4,204.0,41.9
202405030806,16,2.5,246.0,60.1
202405030807,13,1.9,199.7,41.6
202405030808,16,1.9,224.7,82.9
202405030809,9,1.6,123.9,16.7
202405030810,16,3.4,271.4,60.2
202405030811,16,3.4,244.6,50.8
202405030812,16,3.2,233.6,45.0
202408040801,16,2.5,192.0,55.3
202408040802,16,2.7,212.1,58.3
202408040803,15,2.4,206.5,52.2
202408040804,18,3.4,240.0,69.2
202408040805,10,1.7,53.5,20.9
202408040806,18,2.4,214.3,77.9
202408040807,15,3.1,184.7,42.8
202408040808,8,1.7,63.6,11.5
202408040809,18,3.7,235.8,64.5
202408040810,15,3.4,171.1,37.7
202408040811,13,2.8,151.8,26.1
202408040812,16,3.3,195.3,46.5
202402010701,5,1.2,12.1,2.8
202402010702,12,2.9,83.7,24.7
202402010703,16,4.2,188.4,41.9
202402010704,13,2.6,98.6,28.1
202402010705,9,1.9,65.1,12.4
202402010706,11,4.9,65.4,18.5
202402010707,11,2.8,81.2,20.3
202402010708,10,3.1,39.3,12.5
202402010709,11,2.4,76.1,20.8
202402010710,12,5.1,71.5,21.2
202402010711,16,6.0,176.3,38.4
202402010712,12,3.2,69.9,21.2
202403020101,14,2.7,177.7,38.7
202403020102,15,2.8,232.8,54.7
202403020103,15,4.6,205.3,38.2
202403020104,13,2.7,172.9,29.2
202403020105,9,2.3,97.1,16.0
202403020106,9,1.8,60.1,11.6
202403020107,16,2.7,193.5,53.9
202403020108,15,3.5,251.8,45.9
202403020109,8,1.8,90.9,12.7
202403020110,14,4.9,139.5,30.4
202403020111,14,2.9,126.0,36.1
202403020112,16,3.5,257.9,57.2
202410030101,8,1.8,44.9,10.4
202410030102,14,2.5,136.4,36.3
202410030103,18,3.6,218.9,61.0
202410030104,16,3.4,999.9,45.7
202410030105,14,2.3,141.4,40.5
202410030106,8,2.4,35.7,8.8
202410030107,16,2.8,195.9,54.8
202410030108,12,1.9,91.9,29.2
202410030109,11,2.6,92.2,18.3
202410030110,16,2.2,198.6,63.5
202410030111,13,2.7,96.3,28.6
202410030112,11,2.2,74.7,20.9
202402010801,5,1.2,15.5,3.5
202402010802,14,4.6,138.5,30.7
202402010803,16,5.4,173.7,39.1
202402010804,12,2.7,116.0,22.6
202402010805,11,3.7,59.0,18.2
202402010806,16,3.1,165.7,49.6
202402010807,8,2.7,36.8,8.0
202402010808,15,3.5,170.6,35.0
202402010809,9,2.3,55.9,11.7
202402010810,16,5.5,99.5,34.5
202402010811,16,2.9,194.7,50.1
202402010812,10,2.0,41.3,20.2
202403020201,7,1.6,21.7,5.9
202403020202,16,2.9,252.7,70.4
202403020203,16,2.5,250.2,84.2
202403020204,15,2.0,231.4,65.7
202403020205,16,3.4,251.2,57.9
202403020206,11,2.0,143.1,23.7
202403020207,16,2.8,248.1,55.3
202403020208,13,3.0,228.0,34.9
202403020209,8,1.6,63.9,10.5
202403020210,13,2.3,205.2,36.7
202403020211,12,6.1,57.6,18.6
202403020212,16,2.2,253.6,68.7
202410030201,10,2.3,75.1,22.6
202410030202,18,3.0,236.6,62.9
202410030203,16,2.5,186.6,60.9
202410030204,18,2.4,171.7,80.3
202410030205,13,1.8,136.3,39.2
202410030206,6,1.4,21.8,4.6
202410030207,14,3.5,127.9,32.8
202410030208,17,4.0,182.4,52.7
202410030209,10,1.7,79.3,21.2
202410030210,16,4.0,198.7,45.9
202410030211,18,3.8,241.8,63.1
202410030212,16,3.8,182.0,43.4
202402010901,7,1.8,39.5,7.5
202402010902,12,3.5,91.0,22.7
202402010903,16,4.1,198.5,39.3
202402010904,11,2.4,113.3,18.6
202402010905,11,3.4,87.7,18.2
202402010906,12,2.8,77.8,24.5
202402010907,11,2.3,62.2,22.1
202402010908,10,2.8,46.1,16.1
202402010909,11,4.2,85.1,19.8
202402010910,10,2.8,66.0,13.3
202402010911,14,4.5,112.3,30.4
202402010912,8,2.0,35.1,9.7
202403020301,8,1.4,59.4,9.6
202403020302,9,2.3,69.0,13.0
202403020303,15,3.4,197.9,40.2
202403020304,16,3.1,231.3,52.1
202403020305,14,6.0,182.8,31.9
202403020306,12,2.1,131.1,29.2
202403020307,15,2.4,199.6,52.4
202403020308,11,2.0,144.4,23.7
202403020309,9,2.5,76.5,11.2
202403020310,8,1.7,45.8,11.3
202403020311,15,3.9,230.2,40.2
202403020312,16,3.8,247.7,52.8
202410030301,9,1.7,67.0,15.2
202410030302,9,1.8,49.5,12.2
202410030303,14,4.1,145.8,33.4
202410030304,6,1.3,20.5,4.3
202410030305,6,1.4,18.5,3.9
202410030306,17,2.6,215.0,65.6
202410030307,16,4.2,227.2,46.4
202410030308,16,4.4,187.6,43.8
202410030309,11,2.1,95.6,21.8
202410030310,9,2.3,71.8,16.5
202410030311,12,2.9,92.7,25.5
202410030312,16,3.2,192.3,48.5
202402011001,11,2.6,75.3,18.7
202402011002,12,2.9,68.4,24.9
202402011003,12,2.2,125.5,27.2
202402011004,16,2.9,202.6,52.1
202402011005,10,2.9,56.8,14.2
202402011006,12,2.7,87.0,26.0
202402011007,9,2.2,46.3,10.5
202402011008,10,2.3,72.9,15.5
202402011009,12,4.4,79.0,21.2
202402011010,11,3.2,58.3,18.6
202402011011,14,5.0,63.2,29.5
202402011012,9,2.6,45.1,10.9
202403020401,9,1.6,67.4,15.0
202403020402,15,2.7,223.9,57.7
202403020403,16,2.9,241.8,65.2
202403020404,16,2.8,231.3,59.2
202403020405,11,3.8,61.0,15.8
202403020406,11,3.2,128.7,20.6
202403020407,16,2.5,229.5,61.7
202403020408,15,3.0,191.4,43.3
202403020409,16,2.6,223.3,56.3
202403020410,10,1.7,75.3,17.5
202403020411,15,3.9,167.5,34.5
202403020412,16,3.1,245.2,59.3
202410030401,18,2.8,218.0,74.6
202410030402,18,2.5,215.1,67.7
202410030403,16,2.2,179.1,58.0
202410030404,16,2.1,205.5,65.7
202410030405,7,1.3,37.9,6.9
202410030406,7,1.7,27.1,6.7
202410030407,16,5.3,145.3,37.7
202410030408,14,3.8,127.3,30.2
202410030409,12,3.1,122.5,22.8
202410030410,15,2.5,188.5,46.4
202410030411,16,3.5,156.5,44.6
202410030412,9,2.6,69.3,14.0
202402011101,12,2.3,124.4,27.0
202402011102,14,2.2,160.3,39.1
202402011103,16,4.4,180.3,39.7
202402011104,12,3.5,96.6,24.1
202402011105,14,2.8,133.6,35.2
202402011106,14,3.2,117.8,31.5
202402011107,12,5.0,91.9,20.3
202402011108,12,3.7,117.3,23.2
202402011109,12,4.3,67.3,20.4
202402011110,14,4.1,88.2,30.0
202402011111,14,6.0,127.1,30.0
202402011112,13,5.3,115.8,26.1
202403020501,8,1.6,61.8,10.6
202403020502,15,2.5,247.0,52.4
202403020503,15,2.8,230.6,44.5
202403020504,8,2.5,48.7,9.9
202403020505,10,2.3,77.4,18.8
202403020506,8,1.9,45.5,10.1
202403020507,16,2.8,169.0,50.1
202403020508,16,2.3,189.9,57.9
202403020509,16,4.8,212.3,45.6
202403020510,12,3.3,127.6,27.2
202403020511,13,2.6,185.9,32.9
202403020512,16,2.3,162.1,60.5
202410030501,7,1.6,32.9,6.6
202410030502,16,2.2,205.2,58.3
202410030503,18,4.6,263.6,66.9
202410030504,16,3.2,204.1,48.8
202410030505,7,1.8,25.8,6.2
202410030506,18,2.0,199.4,74.2
202410030507,16,3.3,167.4,50.0
202410030508,14,2.4,113.7,41.3
202410030509,14,2.6,152.1,35.3
202410030510,15,2.8,167.9,38.7
202410030511,16,2.7,204.2,53.3
202410030512,11,3.1,56.7,18.4
202402011201,10,3.3,74.6,15.5
202402011202,14,3.1,148.5,30.9
202402011203,16,4.6,190.9,43.1
202402011204,12,3.1,80.2,23.2
202402011205,9,2.3,66.3,12.5
202402011206,16,3.2,197.5,53.2
202402011207,14,3.8,164.1,32.2
202402011208,15,3.5,164.3,34.9
202402011209,13,2.8,158.3,31.4
202402011210,14,4.2,121.8,29.1
202402011211,16,9.2,176.7,32.6
202402011212,12,3.4,83.9,23.7
202403020601,8,1.5,79.5,10.6
202403020602,8,1.6,39.6,8.9
202403020603,16,3.7,244.8,58.9
202403020604,16,2.4,242.2,69.4
202403020605,12,4.0,117.6,21.4
202403020606,8,1.7,42.3,9.5
202403020607,16,4.0,239.9,48.4
202403020608,16,4.4,252.8,46.0
202403020609,12,2.5,119.9,25.9
202403020610,14,3.4,131.6,32.1
202403020611,16,2.7,242.9,60.0
202403020612,15,2.5,217.8,51.2
202410030601,5,1.2,11.2,3.6
202410030602,9,2.3,53.4,10.6
202410030603,16,2.8,203.6,52.5
202410030604,18,2.2,218.6,80.0
202410030605,7,1.9,24.2,6.7
202410030606,8,1.6,62.3,10.5
202410030607,14,2.3,151.6,38.6
202410030608,9,1.8,42.9,10.5
202410030609,10,1.8,71.0,18.6
202410030610,15,3.4,166.5,40.3
202410030611,18,3.8,216.9,61.7
202410030612,16,3.4,179.9,45.3
202401010101,5,1.3,7.1,2.6
202401010102,12,5.2,121.4,22.5
202401010103,14,3.5,157.8,32.6
202401010104,14,3.5,147.3,31.6
202401010105,14,3.5,135.5,31.3
202401010106,14,4.6,162.6,30.2
202401010107,11,4.0,52.4,16.8
202401010108,9,2.1,45.2,11.1
202401010109,10,3.2,84.8,14.3
202401010110,13,3.7,116.3,27.9
202401010111,16,4.7,179.8,38.8
202401010112,12,4.7,111.6,20.4
202403020701,13,2.5,127.6,30.1
202403020702,16,2.7,225.8,61.7
202403020703,16,2.4,244.0,63.8
202403020704,15,3.1,262.0,48.6
202403020705,10,2.0,46.0,19.5
202403020706,13,2.6,172.6,32.7
202403020707,16,4.0,213.2,50.1
202403020708,15,2.5,195.6,48.2
202403020709,14,2.8,185.4,35.9
202403020710,16,2.4,219.1,54.1
202403020711,16,2.1,213.0,57.3
202403020712,15,2.5,234.9,54.3
202410030701,10,2.0,50.7,13.3
202410030702,16,1.8,177.4,60.0
202410030703,14,2.3,154.3,40.0
202410030704,7,1.4,26.3,7.5
202410030705,9,3.0,46.9,10.7
202410030706,16,2.4,190.1,59.1
202410030707,11,2.0,84.3,21.4
202410030708,15,2.8,159.2,40.5
202410030709,18,1.6,191.5,97.7
202410030710,16,2.5,176.5,53.0
202410030711,12,2.8,115.4,24.7
202410030712,18,3.9,236.4,62.1
202401010201,7,2.1,25.4,6.7
202401010202,14,4.9,145.6,27.8
202401010203,16,4.3,174.0,41.3
202401010204,14,4.0,151.8,30.5
202401010205,8,2.5,31.3,9.3
202401010206,16,4.0,224.1,51.7
202401010207,9,2.1,47.7,11.4
202401010208,10,3.0,82.1,15.4
202401010209,12,2.5,69.9,33.0
202401010210,8,2.1,44.2,10.1
202401010211,11,3.9,97.7,16.4
202401010212,14,4.7,110.2,29.5
202403020801,14,2.5,175.5,35.7
202403020802,15,3.9,270.7,55.9
202403020803,13,2.3,169.3,33.0
202403020804,16,2.7,253.1,66.8
202403020805,13,2.7,144.9,31.7
202403020806,12,2.3,126.0,26.5
202403020807,16,2.9,252.9,62.9
202403020808,16,3.2,241.2,57.2
202403020809,13,3.4,129.0,28.5
202403020810,16,2.6,150.6,51.0
202403020811,15,2.8,209.3,43.9
202403020812,12,2.3,140.9,27.1
202410030801,9,1.6,62.8,16.9
202410030802,18,3.7,208.4,62.3
202410030803,16,4.7,209.2,44.4
202410030804,18,2.8,229.4,67.1
202410030805,14,3.9,172.4,31.6
202410030806,16,4.6,216.8,51.8
202410030807,12,2.3,112.5,24.7
202410030808,12,2.9,66.1,23.9
202410030809,18,2.6,224.9,63.5
202410030810,18,3.0,233.8,71.7
202410030811,14,5.5,155.7,30.1
202410030812,15,3.4,160.4,33.6
202401010301,10,2.1,82.1,15.2
202401010302,14,3.0,161.7,40.4
202401010303,16,3.1,201.6,50.9
202401010304,14,3.1,122.9,31.2
202401010305,14,4.4,134.0,30.2
202401010306,12,2.8,121.7,27.2
202401010307,9,2.8,43.6,10.8
202401010308,14,3.0,160.1,29.8
202401010309,9,2.3,43.5,12.2
202401010310,14,3.8,142.7,30.9
202401010311,14,3.9,141.2,30.2
202401010312,12,4.3,78.8,20.2
202404020101,6,1.3,18.6,5.2
202404020102,15,3.3,267.7,53.1
202404020103,14,2.7,199.0,36.7
202404020104,18,2.1,229.2,86.3
202404020105,18,2.4,256.0,84.0
202404020106,18,4.8,257.7,69.3
202404020107,15,2.7,243.9,54.6
202404020108,15,2.1,211.5,49.3
202404020109,13,3.6,166.0,31.9
202404020110,15,2.4,218.4,57.9
202404020111,18,3.2,175.3,60.2
202404020112,15,3.2,238.5,44.2
202401010401,14,2.7,139.4,34.7
202401010402,12,5.4,87.0,17.8
202401010403,14,2.6,164.1,35.8
202401010404,15,4.7,161.3,35.7
202401010405,12,4.6,69.1,19.6
202401010406,14,3.5,139.6,32.5
202401010407,10,3.1,60.2,17.0
202401010408,14,3.2,123.2,31.8
202401010409,12,3.3,93.3,25.6
202401010410,10,2.7,82.9,15.4
202401010411,14,6.0,141.2,27.2
202401010412,10,2.4,48.2,15.2
202404020201,11,2.0,139.1,23.9
202404020202,9,1.7,73.3,12.8
202404020203,9,2.3,128.6,14.8
202404020204,12,3.3,164.0,29.5
202404020205,15,3.2,249.4,46.7
202404020206,18,2.9,252.7,70.6
202404020207,18,6.1,239.4,47.7
202404020208,15,3.2,219.9,44.4
202404020209,15,2.5,182.9,49.9
202404020210,17,1.6,197.2,80.0
202404020211,16,4.0,184.2,51.7
202404020212,15,3.2,223.2,39.3
202401010501,10,3.3,76.5,14.7
202401010502,14,3.1,124.8,33.4
202401010503,16,2.4,182.2,57.5
202401010504,14,5.1,173.6,31.6
202401010505,9,2.7,48.7,12.0
202401010506,16,3.5,179.6,45.3
202401010507,11,2.4,94.7,20.4
202401010508,13,3.2,137.1,27.4
202401010509,14,3.1,119.7,34.4
202401010510,14,5.0,121.2,30.2
202401010511,12,3.8,99.2,19.8
202401010512,14,3.1,88.3,31.4
202404020301,9,1.6,87.5,15.0
202404020302,7,1.3,50.7,9.4
202404020303,15,2.4,166.7,44.7
202404020304,11,2.0,135.5,23.5
202404020305,18,2.5,260.4,81.8
202404020306,15,2.2,229.6,46.8
202404020307,16,2.2,212.4,57.8
202404020308,15,2.4,201.0,45.5
202404020309,15,1.8,203.6,63.7
202404020310,18,3.0,245.0,66.1
202404020311,8,1.7,64.3,11.2
202404020312,13,3.0,167.1,29.5
202401010601,14,3.5,127.5,32.7
202401010602,12,3.0,87.2,24.8
202401010603,16,3.5,210.6,43.0
202401010604,14,2.8,118.6,32.6
202401010605,8,1.7,51.3,9.9
202401010606,14,5.1,91.4,29.2
202401010607,13,3.4,127.6,27.5
202401010608,10,2.3,73.9,14.2
202401010609,14,7.9,143.7,28.0
202401010610,16,5.0,148.8,38.5
202401010611,14,3.5,130.6,30.1
202401010612,16,5.4,123.3,37.7
202404020401,8,2.5,52.3,11.1
202404020402,14,2.7,193.5,38.2
202404020403,9,1.8,68.6,14.1
202404020404,15,2.2,186.3,67.9
202404020405,18,2.8,243.5,69.4
202404020406,18,4.3,167.1,52.7
202404020407,15,2.6,186.8,45.8
202404020408,14,2.0,180.2,46.1
202404020409,15,2.9,156.9,41.3
202404020410,18,2.8,228.6,75.0
202404020411,9,2.0,133.2,19.1
202404020412,15,2.5,208.4,44.6
202401020101,7,1.8,22.6,6.1
202401020102,14,2.8,160.4,34.7
202401020103,12,3.2,87.0,22.5
202401020104,14,4.4,152.6,30.4
202401020105,7,2.8,16.3,5.4
202401020106,16,2.5,198.3,51.1
202401020107,12,3.4,88.1,22.3
202401020108,11,3.2,110.2,21.2
202401020109,13,2.4,92.1,33.6
202401020110,12,5.8,85.9,19.7
202401020111,14,3.2,152.6,30.8
202401020112,16,4.0,189.5,41.1
202404030101,12,1.8,117.6,37.2
202404030102,15,1.7,209.7,61.2
202404030103,18,2.3,226.3,77.9
202404030104,15,2.4,205.8,48.0
202404030105,16,1.9,214.6,60.9
202404030106,18,2.9,243.2,67.6
202404030107,18,2.7,238.0,76.2
202404030108,15,1.9,170.5,57.5
202404030109,15,7.5,252.7,30.9
202404030110,14,2.1,185.8,43.5
202404030111,15,6.1,222.7,41.7
202404030112,18,5.7,280.5,69.5
202407020101,10,2.8,67.7,16.9
202407020102,16,2.6,205.6,56.2
202407020103,16,2.6,207.8,55.9
202407020104,6,1.7,15.3,3.6
202407020105,14,3.5,122.2,31.0
202407020106,16,3.1,198.3,51.6
202407020107,18,2.8,242.0,74.8
202407020108,15,3.0,169.5,38.9
202407020109,11,2.3,94.7,19.6
202407020110,16,2.6,201.1,47.9
202407020111,9,1.8,73.8,12.5
202407020112,16,2.9,181.8,47.1
202401020201,7,2.0,23.3,6.7
202401020202,12,3.0,141.5,28.9
202401020203,14,3.6,139.0,30.1
202401020204,14,4.5,159.7,31.0
202401020205,9,2.6,60.8,12.1
202401020206,13,5.2,135.3,29.3
202401020207,14,3.2,128.3,31.3
202401020208,7,1.5,38.1,7.1
202401020209,12,4.8,74.3,20.0
202401020210,12,4.2,79.9,22.5
202401020211,16,3.8,182.5,43.8
202401020212,12,2.9,137.4,23.7
202404030201,11,2.3,141.3,23.6
202404030202,15,3.0,231.6,40.4
202404030203,14,2.7,203.3,37.2
202404030204,15,2.6,232.1,52.2
202404030205,13,2.7,168.2,30.8
202404030206,18,2.0,217.4,81.6
202404030207,11,1.7,139.4,23.1
202404030208,15,2.9,219.1,44.5
202404030209,13,2.7,172.8,30.2
202404030210,17,9.9,190.7,39.5
202404030211,18,4.1,231.6,57.8
202404030212,15,2.1,170.2,50.7
202407020201,8,1.8,50.9,10.4
202407020202,16,2.6,205.1,57.8
202407020203,18,3.1,218.5,65.8
202407020204,16,2.7,206.1,50.1
202407020205,9,2.5,39.5,14.7
202407020206,16,3.3,195.9,48.8
202407020207,9,2.5,62.7,11.7
202407020208,13,2.3,151.7,34.2
202407020209,10,1.8,76.1,20.5
202407020210,10,1.8,80.6,18.0
202407020211,12,2.9,88.3,23.9
202407020212,10,3.4,79.5,12.6
202401020301,10,2.3,84.9,16.3
202401020302,14,3.9,135.1,31.4
202401020303,16,3.1,211.8,47.9
202401020304,14,2.7,146.2,34.9
202401020305,8,2.5,36.6,8.3
202401020306,14,3.9,130.1,31.6
202401020307,16,3.9,144.7,45.6
202401020308,12,3.2,76.0,24.0
202401020309,13,3.6,93.3,28.4
202401020310,12,3.5,131.2,26.6
202401020311,14,5.5,77.5,28.5
202401020312,9,2.1,61.3,11.5
202404030301,12,3.5,144.0,26.0
202404030302,14,2.5,174.6,38.0
202404030303,15,2.0,200.9,44.5
202404030304,9,2.4,51.5,11.3
202404030305,18,1.9,206.1,84.0
202404030306,15,1.9,204.3,46.8
202404030307,18,2.4,239.7,86.7
202404030308,12,1.8,143.7,31.5
202404030309,15,2.4,195.5,50.2
202404030310,15,3.2,204.6,42.8
202404030311,9,1.6,64.5,15.0
202404030312,18,3.8,238.6,65.8
202407020301,10,1.8,78.0,16.5
202407020302,16,3.3,220.7,48.2
202407020303,11,1.8,82.6,25.1
202407020304,16,3.9,172.7,38.8
202407020305,18,3.5,231.0,69.8
202407020306,16,2.2,157.3,58.2
202407020307,16,3.9,225.6,49.5
202407020308,11,1.9,68.7,23.1
202407020309,9,1.5,89.0,14.8
202407020310,16,3.1,171.9,47.9
202407020311,14,3.1,155.2,33.3
202407020312,18,4.7,235.9,55.9
202401020401,9,2.3,55.7,12.8
202401020402,12,2.7,140.5,22.7
202401020403,14,4.8,141.3,31.3
202401020404,14,6.2,99.1,29.4
202401020405,9,3.0,42.9,10.9
202401020406,12,2.7,87.5,24.6
202401020407,13,3.2,125.2,29.0
202401020408,10,1.9,86.7,17.6
202401020409,14,3.4,118.9,31.1
202401020410,16,3.4,210.6,43.9
202401020411,12,3.7,90.8,25.2
202401020412,14,3.0,142.5,35.1
202404030401,10,1.8,70.8,17.0
202404030402,10,1.6,90.6,20.3
202404030403,15,2.6,225.7,51.6
202404030404,18,3.5,248.1,67.8
202404030405,12,1.8,146.6,32.0
202404030406,15,2.3,236.7,53.2
202404030407,18,2.6,253.3,83.2
202404030408,15,2.5,247.1,52.6
202404030409,18,5.0,255.3,50.4
202404030410,14,2.4,179.1,36.4
202404030411,14,2.2,154.5,39.9
202404030412,15,2.5,208.5,47.5
202407020401,12,2.2,93.4,29.0
202407020402,13,2.4,165.8,28.8
202407020403,6,1.3,26.7,4.8
202407020404,16,3.7,196.4,43.4
202407020405,16,5.2,183.8,39.0
202407020406,18,2.5,217.0,77.4
202407020407,13,3.1,96.8,29.2
202407020408,16,3.4,215.5,49.3
202407020409,16,2.0,183.1,58.1
202407020410,16,2.6,208.4,56.2
202407020411,18,4.2,246.0,62.6
202407020412,16,3.2,194.7,48.1
202401020501,7,1.3,45.6,7.3
202401020502,9,1.9,71.8,12.9
202401020503,12,3.1,78.2,23.3
202401020504,14,3.1,165.4,34.7
202401020505,12,2.3,93.7,26.9
202401020506,14,4.0,148.6,32.5
202401020507,14,2.9,160.3,34.0
202401020508,12,2.0,110.5,27.7
202401020509,14,2.7,153.5,38.8
202401020510,14,3.6,114.9,31.7
202401020511,14,4.0,92.8,30.1
202401020512,10,2.1,87.7,16.0
202404030501,10,2.2,113.7,19.4
202404030502,15,3.8,235.7,39.8
202404030503,18,3.8,272.5,71.8
202404030504,18,5.9,254.1,57.4
202404030505,12,3.2,125.7,26.1
202404030506,15,3.4,188.8,41.1
202404030507,15,2.7,246.2,49.0
202404030508,15,4.7,194.6,35.7
202404030509,16,1.7,199.5,78.3
202404030510,16,2.8,182.5,47.9
202404030511,13,4.5,131.4,27.2
202404030512,15,4.3,142.6,34.1
202407020501,9,1.7,70.8,12.6
202407020502,16,2.2,190.6,65.7
202407020503,16,2.7,221.7,57.6
202407020504,6,1.4,20.9,4.7
202407020505,16,5.4,161.9,38.3
202407020506,16,2.3,214.8,51.5
202407020507,18,3.0,228.3,70.1
202407020508,13,2.3,145.5,31.2
202407020509,13,3.0,154.6,34.0
202407020510,16,3.4,218.8,54.9
202407020511,15,4.1,170.4,38.0
202407020512,18,3.3,197.6,58.7
202401020601,8,1.9,39.5,9.3
202401020602,14,2.8,147.5,39.0
202401020603,12,2.6,86.8,25.4
202401020604,14,2.3,180.0,35.6
202401020605,12,3.0,87.4,24.2
202401020606,16,2.6,214.1,56.7
202401020607,12,3.0,113.1,24.6
202401020608,14,5.1,121.1,30.0
202401020609,15,2.5,134.0,47.1
202401020610,14,4.3,116.5,29.2
202401020611,16,4.1,179.9,41.3
202401020612,14,7.9,110.8,27.4
202404030601,8,1.5,56.5,9.5
202404030602,15,2.8,211.5,42.0
202404030603,11,2.9,75.4,16.6
202404030604,15,2.3,220.3,48.2
202404030605,9,1.6,92.4,16.1
202404030606,17,3.2,231.8,65.6
202404030607,18,3.1,233.8,66.0
202404030608,15,3.0,223.7,44.9
202404030609,15,2.7,191.4,41.5
202404030610,14,3.5,165.9,30.6
202404030611,11,3.2,123.1,23.4
202407020601,13,2.4,119.3,31.8
202407020602,16,2.3,209.0,59.9
202407020603,18,2.5,201.5,66.8
202407020604,17,2.1,209.5,70.1
202407020605,10,2.4,62.7,14.5
202407020606,16,3.3,177.9,45.0
202407020607,14,3.6,162.7,31.4
202407020608,16,3.8,199.8,44.4
202407020609,16,2.2,173.6,62.7
202407020610,7,1.6,42.3,6.0
202407020611,13,2.2,110.6,35.4
202407020612,15,2.1,172.4,56.1
202401020701,13,2.9,142.1,29.8
202401020702,14,4.4,139.5,30.6
202401020703,16,3.8,217.7,44.1
202401020704,14,2.9,158.9,32.9
202401020705,12,4.1,123.4,22.1
202401020706,12,4.4,130.1,22.2
202401020707,14,2.7,125.8,36.5
202401020708,16,4.4,240.7,41.9
202401020709,13,4.4,124.7,27.4
202401020710,14,5.6,128.2,29.2
202401020711,12,3.5,78.7,22.5
202401020712,16,3.2,176.1,44.1
202404030701,10,2.0,79.0,21.8
202404030702,10,2.0,64.6,14.3
202404030703,15,2.3,237.8,56.3
202404030704,10,2.4,83.2,17.9
202404030705,7,1.4,57.1,8.2
202404030706,18,3.2,240.1,66.3
202404030707,18,2.0,229.5,86.6
202404030708,15,2.4,206.8,49.0
202404030709,14,2.3,150.1,43.5
202404030710,12,2.9,114.5,26.6
202404030711,11,2.2,155.7,24.4
202404030712,17,2.1,220.7,65.3
202407020701,11,2.2,95.7,22.1
202407020702,9,1.7,53.9,11.9
202407020703,16,2.4,191.9,56.0
202407020704,18,2.7,227.9,79.2
202407020705,8,2.2,33.0,7.7
202407020706,16,4.6,200.6,43.9
202407020707,16,2.7,217.6,53.3
202407020708,9,1.9,52.7,12.9
202407020709,10,2.1,79.2,17.5
202407020710,15,2.8,187.3,46.2
202407020711,18,3.4,216.6,63.5
202407020712,13,2.5,110.1,34.5
202401020801,12,2.6,115.6,24.6
202401020802,12,2.7,123.5,25.5
202401020803,14,3.5,158.6,31.1
202401020804,16,4.6,188.0,39.1
202401020805,14,3.5,74.2,29.8
202401020806,16,4.7,180.4,41.3
202401020807,14,3.2,136.2,30.0
202401020808,14,2.8,180.6,34.9
202401020809,10,2.1,78.8,17.0
202401020810,15,3.2,125.2,40.0
202401020811,14,5.0,124.9,29.8
202401020812,14,2.5,126.1,37.9
202404030801,12,2.5,176.0,27.6
202404030802,11,2.0,137.4,23.9
202404030803,15,2.5,234.4,47.6
202404030804,18,5.5,293.1,65.2
202404030805,6,1.3,27.7,4.6
202404030806,16,1.9,230.6,70.0
202404030807,15,2.4,239.0,64.3
202404030808,12,2.0,143.0,32.1
202404030809,7,1.5,31.8,6.5
202404030810,15,2.3,205.3,52.1
202404030811,12,2.8,148.5,25.9
202404030812,17,3.0,272.4,55.4
202407020801,9,2.0,48.6,13.9
202407020802,16,6.3,254.2,45.7
202407020803,8,2.3,31.2,9.0
202407020804,16,4.2,218.5,43.7
202407020805,11,2.3,74.5,19.4
202407020806,18,4.1,184.3,57.2
202407020807,11,2.0,81.2,24.1
202407020808,18,2.6,206.5,66.2
202407020809,8,1.8,36.3,8.4
202407020810,16,2.4,208.2,53.3
202407020811,13,3.1,153.0,28.2
202407020812,16,2.3,217.7,57.4
202406040101,8,1.5,47.2,10.2
202406040102,12,2.7,146.8,25.5
202406040103,12,1.7,141.7,34.2
202406040104,16,2.9,254.6,63.6
202406040105,7,2.6,33.4,6.3
202406040106,16,3.2,221.1,51.5
202406040107,10,2.9,131.0,19.3
202406040108,15,2.6,231.6,51.6
202406040109,8,1.3,66.2,14.3
202406040110,11,2.5,112.3,21.5
202406040111,13,3.8,110.3,28.6
202406040112,16,3.5,247.9,56.1
202407030101,10,2.3,65.3,14.9
202407030102,8,1.5,54.0,11.1
202407030103,5,1.0,19.9,3.4
202407030104,10,2.2,90.0,15.1
202407030105,8,1.9,52.0,10.0
202407030106,14,2.0,146.2,40.4
202407030107,11,1.8,132.2,22.2
202407030108,18,3.8,236.2,62.5
202407030109,8,1.5,54.2,10.0
202407030110,16,6.2,254.2,49.7
202407030111,10,1.9,83.5,18.5
202407030112,11,1.9,97.8,24.2
202406040201,8,1.2,62.4,9.0
202406040202,9,1.5,90.8,16.1
202406040203,16,3.1,244.9,55.1
202406040204,16,2.5,198.6,55.2
202406040205,15,4.5,224.7,38.3
202406040206,16,2.3,228.3,62.4
202406040207,16,4.9,278.6,40.8
202406040208,16,3.6,220.3,53.0
202406040209,9,2.2,83.5,13.6
202406040210,10,2.3,60.8,16.6
202406040211,16,2.4,195.4,56.2
202406040212,15,1.8,187.8,58.2
202407030201,9,1.6,72.4,13.3
202407030202,9,2.0,66.8,14.8
202407030203,7,1.5,32.1,8.3
202407030204,7,1.5,44.4,8.2
202407030205,7,2.0,27.4,6.2
202407030206,10,1.7,94.8,21.7
202407030207,9,1.8,61.8,13.5
202407030208,11,2.1,131.1,21.7
202407030209,14,2.3,138.0,38.3
202407030210,16,3.3,144.9,46.4
202407030211,18,5.9,272.4,49.8
202407030212,13,2.4,142.2,30.3
202406040301,14,2.0,191.7,42.8
202406040302,12,1.9,130.0,30.3
202406040303,14,2.8,199.5,39.2
202406040304,16,2.3,253.2,59.7
202406040305,9,2.1,64.4,11.6
202406040306,16,3.4,213.7,45.5
202406040307,10,2.1,85.8,17.7
202406040308,15,2.7,239.9,43.4
202406040309,16,2.7,225.7,56.3
202406040310,13,4.2,147.5,29.7
202406040311,16,3.2,215.1,49.6
202406040312,15,2.9,240.2,52.9
202407030301,9,1.8,49.3,12.9
202407030302,8,1.6,49.2,8.8
202407030303,15,3.0,183.8,41.0
202407030304,13,3.4,139.9,29.2
202407030305,11,3.6,121.1,16.5
202407030306,16,3.9,177.2,44.3
202407030307,15,4.2,177.7,37.5
202407030308,12,2.7,131.6,24.7
202407030309,5,1.5,5.9,3.1
202407030310,12,1.8,84.5,29.6
202407030311,11,2.7,132.9,21.9
202407030312,15,4.4,170.8,34.6
202406040401,12,2.1,133.4,26.7
202406040402,14,3.3,191.0,35.8
202406040403,13,3.4,170.8,30.7
202406040404,16,3.0,228.7,68.5
202406040405,16,2.9,220.6,54.1
202406040406,16,3.0,248.7,60.6
202406040407,14,4.1,175.8,35.0
202406040408,17,2.2,242.3,61.9
202406040409,13,2.6,158.3,28.3
202406040410,15,3.7,256.5,35.6
202406040411,14,4.3,191.2,31.0
202406040412,16,2.8,209.8,48.7
202407030401,10,1.6,119.6,18.6
202407030402,9,1.5,60.5,19.5
202407030403,8,2.4,60.9,10.2
202407030404,9,2.0,75.4,13.2
202407030405,9,2.1,54.0,12.7
202407030406,12,1.9,81.1,29.6
202407030407,13,2.6,168.2,29.9
202407030408,12,2.5,99.2,25.6
202407030409,10,1.7,118.2,21.3
202407030410,16,2.9,173.4,46.5
202407030411,15,2.2,145.1,47.9
202407030412,13,2.6,144.5,32.2
202406040501,7,1.5,61.4,8.8
202406040502,14,3.3,206.1,39.1
202406040503,13,1.9,169.4,36.9
202406040504,12,1.9,167.8,34.6
202406040505,10,2.2,153.0,23.7
202406040506,11,2.7,59.6,25.7
202406040507,11,2.1,85.2,24.4
202406040508,12,2.4,161.2,24.9
202406040509,16,2.3,205.9,54.3
202406040510,10,1.8,95.6,18.8
202406040511,14,2.9,192.2,33.6
202406040512,16,2.5,228.0,51.9
202407030501,10,2.6,53.7,12.6
202407030502,10,2.2,61.3,15.2
202407030503,12,1.8,120.7,32.9
202407030504,14,2.5,129.2,37.1
202407030505,12,3.0,91.0,22.2
202407030506,15,4.1,141.3,38.7
202407030507,11,2.3,86.0,20.5
202407030508,18,3.5,232.6,63.8
202407030509,9,1.5,85.3,14.7
202407030510,13,2.0,150.3,36.2
202407030511,16,2.3,211.0,51.0
202407030512,12,2.3,156.9,27.7
202406040601,11,1.8,122.7,27.3
202406040602,13,2.5,149.4,33.4
202406040603,16,3.3,238.8,57.7
202406040604,15,3.1,190.7,42.0
202406040605,16,2.4,233.6,59.6
202406040606,13,2.1,190.7,34.3
202406040607,14,3.2,203.5,35.3
202406040608,12,2.5,119.0,26.3
202406040609,8,1.5,119.1,10.8
202406040610,11,2.6,160.3,22.4
202406040611,15,3.2,251.1,49.0
202406040612,16,3.6,241.3,53.5
202407030601,9,2.1,73.2,12.7
202407030602,9,2.4,61.3,10.6
202407030603,16,2.3,195.5,67.1
202407030604,11,2.3,86.1,21.4
202407030605,14,4.7,123.5,30.2
202407030606,8,1.6,45.6,10.8
202407030607,16,2.4,214.7,58.2
202407030608,5,1.1,17.6,3.4
202407030609,14,4.2,144.9,31.3
202407030610,16,3.8,241.3,42.8
202407030611,15,2.3,170.9,47.2
202407030612,16,3.6,209.8,45.8
202406040701,12,3.1,175.7,21.6
202406040702,10,1.7,91.8,18.7
202406040703,13,3.5,185.9,34.0
202406040704,15,2.5,237.5,55.8
202406040705,14,2.2,155.8,43.8
202406040706,12,2.5,162.0,27.5
202406040707,16,4.8,273.1,51.9
202406040708,16,4.2,253.7,51.2
202406040709,13,2.3,165.0,33.4
202406040710,14,3.1,201.7,35.5
202406040711,15,2.3,194.7,50.4
202406040712,15,2.9,213.4,49.3
202407030701,13,1.9,121.6,36.8
202407030702,11,2.1,82.4,23.9
202407030703,18,2.9,210.3,65.3
202407030704,11,2.9,92.9,18.3
202407030705,11,2.9,68.3,17.9
202407030706,9,1.5,66.7,15.1
202407030707,12,2.1,96.9,32.3
202407030708,10,2.0,76.8,18.5
202407030709,11,2.4,87.9,21.8
202407030710,17,2.6,250.7,63.3
202407030711,15,5.0,249.1,35.3
202407030712,10,1.7,78.8,17.3
202406040801,10,2.1,92.8,17.0
202406040802,13,2.3,188.1,39.1
202406040803,16,2.8,248.9,67.2
202406040804,17,3.4,260.4,72.8
202406040805,16,2.9,190.4,52.1
202406040806,16,2.1,225.7,62.8
202406040807,16,2.8,217.3,59.3
202406040808,16,4.2,220.5,44.8
202406040809,9,1.8,114.2,15.1
202406040810,14,2.8,172.1,36.2
202406040811,16,2.2,208.1,55.5
202406040812,16,4.7,216.6,45.3
202407030801,9,3.1,77.8,14.6
202407030802,11,3.4,114.5,22.5
202407030803,10,1.8,89.7,20.1
202407030804,16,1.9,168.6,63.2
202407030805,17,3.9,219.1,55.0
202407030806,10,1.9,73.7,16.4
202407030807,14,2.0,146.5,40.8
202407030808,13,3.3,119.8,27.4
202407030809,10,3.3,72.8,14.6
202407030810,13,2.2,138.3,34.3
202407030811,15,2.4,220.6,45.7
202407030812,11,2.2,85.7,24.6
202406040901,16,2.8,250.4,64.0
202406040902,11,1.5,121.9,31.3
202406040903,16,4.8,256.4,52.8
202406040904,16,2.3,164.0,53.7
202406040905,17,4.4,281.1,68.2
202406040906,16,2.6,240.8,54.7
202406040907,17,2.5,229.4,68.2
202406040908,13,3.0,170.3,34.6
202406040909,9,1.8,60.6,14.8
202406040910,14,3.4,170.6,30.4
202406040911,16,3.5,240.8,45.1
202406040912,16,2.1,207.3,57.8
202407030901,10,2.2,68.6,15.8
202407030902,9,1.7,71.1,13.9
202407030903,15,5.5,199.3,38.4
202407030904,9,1.7,65.5,14.2
202407030905,15,4.8,189.0,34.7
202407030906,16,4.4,188.3,40.8
202407030907,16,4.4,177.7,42.0
202407030908,16,2.2,200.2,59.3
202407030909,9,2.1,95.8,14.9
202407030910,15,2.5,202.5,47.7
202407030911,14,2.7,168.0,35.2
202407030912,16,4.1,244.0,47.4
202404040101,12,2.6,96.8,27.4
202404040102,12,2.5,140.6,27.2
202404040103,15,3.1,212.2,49.7
202404040104,11,2.0,118.2,24.0
202404040105,18,4.3,236.8,49.1
202404040106,12,2.8,137.7,25.4
202404040107,12,4.2,119.8,21.2
202404040108,15,3.1,204.5,43.0
202404040109,14,2.6,159.0,34.1
202404040110,18,2.6,232.5,79.5
202404040111,13,3.3,113.8,28.0
202404040112,18,4.3,246.5,51.7
202405040101,9,1.8,75.5,14.6
202405040102,16,2.6,225.3,68.7
202405040103,9,1.7,110.6,14.7
202405040104,15,3.9,216.7,39.8
202405040105,12,2.8,174.0,26.7
202405040106,9,2.7,74.2,13.9
202405040107,16,3.8,266.6,57.2
202405040108,11,1.7,139.7,23.6
202405040109,7,1.5,69.4,9.0
202405040110,14,2.9,183.3,36.1
202405040111,7,1.5,31.1,8.0
202405040112,16,3.4,224.3,54.5
202408050101,12,3.2,125.9,25.8
202408050102,10,3.4,79.0,17.9
202408050103,8,2.1,54.8,9.8
202408050104,16,2.7,207.8,63.1
202408050105,15,2.2,213.3,55.6
202408050106,14,2.6,143.7,40.6
202408050107,10,3.1,92.5,16.7
202408050108,8,1.7,28.3,10.7
202408050109,11,3.2,93.2,18.8
202408050110,16,2.1,184.8,56.9
202408050111,18,4.9,246.1,55.7
202408050112,14,2.7,97.8,42.2
202404040201,14,2.9,128.9,36.0
202404040202,15,2.1,184.9,50.6
202404040203,12,2.3,85.7,29.2
202404040204,10,2.7,76.9,15.3
202404040205,15,3.2,225.1,45.3
202404040206,12,2.5,142.7,26.2
202404040207,18,3.1,212.1,69.6
202404040208,11,2.7,81.1,21.8
202404040209,16,2.8,191.9,54.3
202404040210,8,1.6,46.9,9.4
202404040211,13,2.7,94.4,30.0
202404040212,15,4.1,235.4,44.3
202405040201,11,2.4,87.9,24.0
202405040202,7,1.3,57.1,9.9
202405040203,16,4.0,240.9,54.5
202405040204,14,2.6,182.0,35.3
202405040205,17,2.3,243.6,81.7
202405040206,16,2.2,230.5,53.1
202405040207,16,2.6,182.3,55.0
202405040208,13,2.1,125.5,35.8
202405040209,8,2.0,52.0,10.5
202405040210,16,4.9,264.4,48.7
202405040211,14,2.7,210.2,32.8
202405040212,16,2.2,206.4,58.1
202408050201,11,1.7,73.3,26.6
202408050202,14,5.1,185.4,35.7
202408050203,16,2.2,204.9,51.8
202408050204,17,3.7,228.6,57.0
202408050205,13,2.4,131.5,30.5
202408050206,8,1.8,60.4,10.7
202408050207,16,7.9,224.2,48.8
202408050208,12,2.0,112.7,27.9
202408050209,16,3.3,211.3,47.5
202408050210,16,3.3,204.1,43.8
202408050211,11,2.0,128.5,21.7
202408050212,15,2.4,224.3,51.5
202404040301,11,2.3,139.3,24.4
202404040302,9,1.7,61.4,15.4
202404040303,13,2.5,157.0,30.8
202404040304,10,2.3,80.1,18.6
202404040305,18,3.8,173.1,60.7
202404040306,14,2.7,146.4,35.2
202404040307,11,2.2,98.1,22.1
202404040308,13,4.9,124.5,26.6
202404040309,18,3.2,193.7,62.8
202404040310,12,2.7,97.5,25.3
202404040311,18,4.9,225.0,58.8
202404040312,14,2.6,132.2,42.3
202408050301,15,2.4,210.3,48.1
202408050302,11,1.7,66.3,30.8
202408050303,16,5.6,246.0,53.7
202408050304,16,2.9,221.2,52.8
202408050305,13,2.5,122.9,31.8
202408050306,13,2.1,141.6,38.5
202408050307,16,4.2,188.1,42.0
202408050308,6,1.3,37.3,4.8
202408050309,13,1.9,151.8,38.1
202408050310,14,4.7,162.1,31.7
202408050311,16,2.4,207.6,56.3
202408050312,17,3.8,232.9,56.1
202405040301,12,2.2,168.3,29.0
202405040302,15,4.1,212.6,40.5
202405040303,9,1.7,93.0,15.4
202405040304,14,2.1,150.2,46.1
202405040305,15,5.2,197.7,33.5
202405040306,12,3.3,139.7,26.9
202405040307,8,2.7,28.3,8.7
202405040308,16,3.6,224.3,47.9
202405040309,9,2.1,92.7,11.4
202405040310,16,3.4,219.6,48.2
202405040311,16,4.1,227.2,44.0
202405040312,11,2.5,86.2,18.8
202408050401,11,2.5,93.6,19.3
202408050402,10,2.1,83.4,15.3
202408050403,9,1.5,83.6,17.1
202408050404,16,2.5,210.0,58.8
202408050405,11,2.9,95.4,20.4
202408050406,10,1.9,115.0,18.8
202408050407,8,2.7,75.3,10.5
202408050408,6,1.7,17.9,4.6
202408050409,14,3.2,143.1,32.4
202408050410,13,3.1,171.7,28.4
202408050411,15,2.3,136.8,50.5
202408050412,10,1.8,66.2,19.0
202404040401,13,4.6,135.4,28.1
202404040402,18,3.3,231.7,63.4
202404040403,15,3.2,212.7,49.0
202404040404,10,2.3,70.1,15.6
202404040405,15,4.6,120.9,33.2
202404040406,12,2.3,129.6,26.4
202404040407,10,2.7,81.5,13.4
202404040408,8,2.0,32.3,8.6
202404040409,17,5.4,247.1,46.2
202404040410,10,1.9,65.2,18.6
202404040411,18,4.0,238.0,58.2
202404040412,16,4.2,200.5,46.9
202405040401,16,1.9,230.2,72.4
202405040402,14,2.8,205.3,39.0
202405040403,12,1.9,170.4,32.2
202405040404,16,2.5,247.9,54.1
202405040405,11,3.1,52.3,24.2
202405040406,16,3.9,219.2,43.8
202405040407,7,2.1,46.3,7.5
202405040408,17,2.1,235.2,76.4
202405040409,8,1.6,37.3,10.9
202405040410,14,2.5,159.5,36.9
202405040411,15,3.1,239.0,36.8
202405040412,12,2.5,149.9,27.2
202404040501,9,2.5,39.7,13.3
202404040502,10,1.9,76.0,15.3
202404040503,12,2.5,96.6,26.9
202404040504,8,1.9,35.1,10.0
202404040505,14,2.8,163.8,33.3
202404040506,8,1.8,49.6,10.8
202404040507,10,2.3,52.0,15.6
202404040508,12,3.4,97.1,22.1
202404040509,10,2.4,48.8,17.7
202404040510,14,3.7,144.8,32.5
202404040511,18,5.7,232.5,50.9
202404040512,12,3.7,78.0,20.5
202405040501,15,3.0,230.3,46.9
202405040502,11,1.8,117.5,20.4
202405040503,7,1.4,65.3,9.4
202405040504,16,2.8,254.4,53.9
202405040505,13,2.6,155.6,35.6
202405040506,17,2.1,238.1,74.9
202405040507,13,2.6,149.2,28.8
202405040508,16,2.2,162.0,62.4
202405040509,8,1.9,54.7,10.6
202405040510,15,2.5,178.1,47.4
202405040511,17,5.0,211.5,50.5
202405040512,12,3.7,87.0,23.3
202408050501,12,2.4,160.6,26.1
202408050502,10,4.0,65.5,13.1
202408050503,10,1.9,81.9,16.2
202408050504,16,2.2,195.0,56.2
202408050505,14,3.3,141.2,31.4
202408050506,6,1.5,17.9,4.9
202408050507,11,1.9,73.7,25.1
202408050508,15,2.3,225.5,44.2
202408050509,12,2.3,138.6,27.2
202408050510,9,1.5,68.8,15.6
202408050511,14,3.2,180.7,34.5
202408050512,15,2.2,212.3,45.7
202404040601,10,2.5,53.8,15.5
202404040602,9,2.2,63.8,14.6
202404040603,10,1.9,69.6,17.5
202404040604,7,1.7,38.5,7.0
202404040605,17,2.3,192.3,66.0
202404040606,10,2.0,84.1,18.0
202404040607,15,3.5,185.0,35.0
202404040608,18,9.0,258.4,43.3
202404040609,18,2.9,214.0,67.5
202404040610,15,3.1,209.2,41.9
202404040611,13,3.1,91.7,28.4
202404040612,13,2.6,131.0,29.8
202405040601,10,2.5,111.3,16.8
202405040602,10,1.8,97.3,18.1
202405040603,10,1.6,95.8,21.3
202405040604,16,2.7,255.1,61.2
202405040605,18,4.8,192.5,55.6
202405040606,8,1.6,88.5,12.0
202405040607,14,3.8,178.7,32.9
202405040608,12,3.2,82.8,27.5
202405040609,8,2.1,34.6,9.7
202405040610,8,1.9,30.3,8.4
202405040611,13,3.2,155.6,27.5
202405040612,14,3.2,146.5,33.0
202408050601,8,1.6,60.0,12.1
202408050602,10,2.4,53.4,14.1
202408050603,16,2.7,209.9,56.2
202408050604,17,3.4,237.4,53.6
202408050605,11,2.8,119.1,20.5
202408050606,8,1.6,46.4,11.2
202408050607,16,5.7,238.9,40.3
202408050608,11,3.1,72.0,19.3
202408050609,8,2.2,37.2,9.8
202408050610,17,3.2,213.8,56.7
202408050611,18,2.7,188.0,70.5
202408050612,13,2.6,136.0,31.3
202404040701,14,3.0,157.4,33.8
202404040702,12,2.2,93.6,26.8
202404040703,11,2.5,78.9,21.5
202404040704,8,1.6,32.1,10.7
202404040705,15,3.8,238.8,47.0
202404040706,15,3.1,212.1,44.1
202404040707,13,2.6,132.1,28.6
202404040708,10,2.7,70.7,14.9
202404040709,16,2.8,192.6,55.8
202404040710,14,5.0,166.5,31.1
202404040711,10,2.4,76.3,15.4
202404040712,12,3.6,136.2,22.7
202405040701,12,2.5,99.3,24.6
202405040702,11,1.8,149.9,23.9
202405040703,16,2.0,234.3,66.3
202405040704,13,2.9,174.4,32.5
202405040705,12,2.6,128.3,27.0
202405040706,10,2.0,65.9,17.9
202405040707,15,2.1,209.6,50.8
202405040708,10,1.9,87.3,17.4
202405040709,10,2.4,84.7,21.7
202405040710,7,2.1,24.5,7.1
202405040711,11,3.7,73.5,17.8
202405040712,14,2.1,184.9,41.1
202408050701,13,1.9,126.6,37.5
202408050702,11,1.8,123.0,23.9
202408050703,12,2.2,119.7,26.9
202408050704,16,3.5,214.8,47.9
202408050705,13,2.8,143.0,30.5
202408050706,8,1.4,48.1,11.6
202408050707,11,3.6,136.2,21.9
202408050708,6,1.7,21.9,4.1
202408050709,15,3.2,211.2,43.1
202408050710,9,2.2,50.6,11.2
202408050711,17,3.4,172.3,51.3
202408050712,15,2.5,146.9,44.8
202404040801,18,3.9,220.4,65.5
202404040802,15,3.6,228.2,45.6
202404040803,11,2.6,115.4,27.2
202404040804,11,2.5,97.5,19.0
202404040805,11,2.0,90.6,21.0
202404040806,13,2.5,149.3,31.8
202404040807,18,2.8,211.0,56.8
202404040808,11,1.7,87.1,25.2
202404040809,16,3.4,174.7,49.4
202404040810,16,3.8,224.9,42.1
202404040811,17,6.5,219.0,43.7
202404040812,10,2.8,68.1,14.3
202405040801,12,2.0,125.3,29.2
202405040802,8,1.6,122.7,21.0
202405040803,11,1.9,139.7,24.6
202405040804,16,2.3,190.7,59.3
202405040805,15,3.2,226.0,45.4
202405040806,18,7.0,280.6,51.1
202405040807,13,2.4,162.5,39.0
202405040808,7,1.6,22.0,7.2
202405040809,9,2.0,81.1,17.0
202405040810,15,3.2,230.9,42.9
202405040811,15,2.5,196.1,41.6
202405040812,16,4.4,198.0,40.4
202408050801,9,2.3,92.5,15.2
202408050802,14,3.2,148.8,33.5
202408050803,12,2.1,90.3,26.5
202408050804,16,2.3,224.2,53.7
202408050805,10,3.3,88.2,17.4
202408050806,15,3.1,168.7,43.0
202408050807,11,2.0,111.7,20.4
202408050808,15,3.9,145.6,34.7
202408050809,8,1.8,64.1,10.7
202408050810,8,1.8,73.1,10.8
202408050811,18,4.1,234.0,66.1
202408050812,12,2.4,118.5,26.0
202403030101,15,2.9,231.3,48.0
202403030102,16,3.4,241.4,56.0
202403030103,16,4.2,193.9,46.0
202403030104,16,5.6,235.8,41.9
202403030105,16,2.8,192.5,61.5
202403030106,12,2.3,91.4,25.1
202403030107,15,5.9,157.7,33.3
202403030108,11,3.1,126.4,19.1
202403030109,14,3.2,132.2,31.1
202403030110,16,3.3,204.4,53.3
202403030111,16,2.7,169.2,47.7
202403030112,16,2.3,162.6,54.9
202405050101,14,3.0,205.5,33.6
202405050102,11,2.2,113.3,22.8
202405050103,12,2.3,162.2,26.4
202405050104,8,1.5,38.9,10.0
202405050105,10,2.1,48.4,14.1
202405050106,16,3.4,259.9,58.0
202405050107,14,2.9,208.6,37.0
202405050108,8,1.7,72.5,10.3
202405050109,16,4.8,212.6,41.6
202405050110,10,2.0,64.5,16.3
202405050111,14,3.4,185.1,35.4
202405050112,7,1.5,69.3,6.9
202408060101,7,1.3,46.5,8.7
202408060102,11,1.7,90.3,22.5
202408060103,13,2.7,140.6,27.9
202408060104,8,2.0,55.7,11.0
202408060105,16,3.2,193.1,51.2
202408060106,14,6.4,151.3,26.2
202408060107,8,2.7,35.0,9.7
202408060109,10,2.5,74.8,13.6
202408060110,16,2.1,165.1,52.9
202408060111,15,3.6,148.9,34.3
202408060112,8,1.6,58.0,9.7
202403030201,16,3.0,212.9,49.5
202403030202,15,2.9,235.2,49.3
202403030203,15,3.5,160.9,38.4
202403030204,8,1.6,66.7,15.5
202403030205,7,1.5,44.7,6.9
202403030206,15,2.5,181.3,48.6
202403030207,14,4.7,136.0,31.3
202403030208,16,5.1,185.2,40.0
202403030209,16,6.2,217.4,42.6
202403030210,15,2.6,192.9,46.1
202403030211,16,2.5,186.2,59.0
202403030212,11,2.7,73.1,21.1
202405050201,15,2.7,247.8,65.7
202405050202,16,3.1,232.9,50.5
202405050203,9,1.7,82.8,14.8
202405050204,16,3.1,227.6,49.1
202405050205,12,2.4,170.2,27.6
202405050206,15,3.4,220.2,43.3
202405050207,16,5.3,225.6,41.7
202405050208,12,2.3,121.5,26.2
202405050209,8,1.7,68.4,10.9
202405050210,11,2.0,129.3,22.6
202405050211,16,3.2,198.2,48.9
202405050212,13,2.6,155.8,29.9
202408060201,13,3.2,128.0,28.0
202408060202,14,3.7,180.1,35.1
202408060203,8,2.0,40.0,10.0
202408060204,14,4.3,169.7,30.7
202408060205,10,2.3,62.8,13.6
202408060206,9,1.7,71.7,19.3
202408060207,12,2.5,153.4,27.5
202408060208,9,2.3,66.0,13.8
202408060209,12,3.1,110.5,23.7
202408060210,10,2.6,47.4,13.0
202408060211,15,3.5,199.6,35.8
202408060212,16,4.2,237.3,43.3
202403030301,13,2.3,139.5,37.6
202403030302,14,2.5,178.9,36.4
202403030303,16,4.5,257.8,60.0
202403030304,11,2.5,92.3,20.2
202403030305,16,5.5,230.7,44.5
202403030306,16,5.4,164.6,38.5
202403030307,16,3.4,232.3,51.7
202403030308,15,3.9,187.7,40.5
202403030309,13,2.9,123.7,28.4
202403030310,16,4.0,201.8,40.1
202403030311,15,3.9,186.9,34.4
202403030312,16,4.1,200.6,46.1
202405050301,16,2.6,249.6,46.8
202405050302,13,2.4,185.3,39.1
202405050303,12,2.3,124.3,27.9
202405050304,16,2.9,241.8,53.5
202405050305,9,1.8,76.9,14.6
202405050306,11,2.2,150.9,23.9
202405050307,16,3.4,247.8,50.2
202405050308,13,3.1,99.7,27.8
202405050309,16,3.8,222.8,46.8
202405050310,14,4.5,177.5,29.3
202405050311,15,2.7,134.9,38.5
202405050312,12,3.4,75.0,21.7
202408060301,13,2.9,127.3,28.0
202408060302,14,2.7,134.1,33.2
202408060303,11,2.1,80.7,19.9
202408060304,15,3.0,186.5,40.1
202408060305,14,2.3,179.1,41.4
202408060306,15,3.1,182.4,38.9
202408060307,16,2.6,188.8,63.2
202408060308,7,1.4,41.5,6.1
202408060309,14,2.5,170.8,35.0
202408060310,16,3.6,231.3,50.8
202408060311,7,1.8,46.8,6.7
202408060312,6,1.5,20.0,4.5
202403030401,15,3.6,216.2,40.8
202403030402,16,2.9,218.7,57.7
202403030403,15,1.9,160.4,51.7
202403030404,9,2.0,59.1,12.3
202403030405,6,1.3,30.5,4.8
202403030406,15,3.0,212.2,44.3
202403030407,16,3.1,202.8,49.0
202403030408,16,3.3,213.6,50.4
202403030409,16,3.4,201.5,44.8
202403030410,15,4.6,124.9,34.3
202403030411,16,4.5,191.6,40.7
202403030412,16,2.6,236.0,52.7
202405050401,15,3.4,227.2,41.5
202405050402,9,1.5,111.7,15.4
202405050403,11,2.7,136.3,26.8
202405050404,16,3.9,263.7,57.4
202405050405,10,1.9,123.5,18.4
202405050406,16,2.7,192.5,50.6
202405050407,12,2.4,141.3,27.9
202405050408,10,1.7,121.4,18.9
202405050409,14,2.8,169.3,31.7
202405050410,13,3.6,123.1,28.3
202405050411,18,6.0,265.3,52.1
202405050412,16,2.7,251.1,56.2
202408060401,16,2.8,209.7,56.8
202408060402,10,1.8,66.7,21.0
202408060403,14,3.9,175.9,33.8
202408060404,14,4.1,179.4,36.8
202408060405,10,2.4,89.2,16.0
202408060406,15,2.6,182.7,52.4
202408060407,12,1.9,127.7,28.4
202408060408,13,2.4,145.8,33.7
202408060409,9,2.3,72.7,13.1
202408060410,14,3.0,163.2,34.2
202408060411,17,3.9,254.6,62.0
202408060412,14,3.2,146.2,35.5
202403030501,16,4.4,264.4,47.2
202403030502,15,3.0,211.9,44.1
202403030503,15,2.1,228.9,54.9
202403030504,14,3.5,172.6,33.5
202403030505,11,3.9,39.7,16.7
202403030506,15,5.0,208.2,33.4
202403030507,16,2.2,199.7,58.3
202403030508,16,3.7,166.5,49.9
202403030509,16,4.6,220.4,45.0
202403030510,16,2.4,126.4,51.4
202403030511,16,4.2,138.0,41.1
202403030512,16,4.1,165.0,43.4
202405050501,16,3.8,232.2,51.0
202405050502,14,2.2,202.1,42.9
202405050503,16,2.2,233.5,67.9
202405050504,11,2.2,113.9,22.4
202405050505,11,2.2,124.6,24.6
202405050506,10,1.8,141.2,22.8
202405050507,16,6.0,271.3,38.5
202405050508,16,3.8,241.1,45.8
202405050509,11,1.6,143.7,23.9
202405050510,15,2.9,206.0,42.1
202405050511,9,1.9,77.3,13.0
202405050512,18,5.0,261.0,58.0
202408060501,16,2.2,180.1,60.7
202408060502,11,2.5,94.9,20.0
202408060503,13,2.6,163.4,31.9
202408060504,14,2.4,151.4,36.1
202408060505,14,3.3,161.8,36.1
202408060506,16,2.2,215.1,46.9
202408060507,16,4.1,227.6,51.3
202408060508,16,2.5,186.5,53.2
202408060509,9,1.9,89.9,14.2
202408060510,16,2.1,201.7,60.6
202408060511,15,2.7,173.4,41.4
202408060512,14,2.8,166.7,34.5
202403030601,16,3.0,234.6,59.8
202403030602,15,3.8,211.2,42.4
202403030603,15,3.3,201.8,45.5
202403030604,14,2.9,171.0,33.3
202403030605,14,3.9,112.5,30.9
202403030606,16,3.3,212.7,48.3
202403030607,16,3.7,192.8,46.6
202403030608,16,4.0,156.1,40.8
202403030609,15,3.5,178.0,40.3
202403030610,16,4.1,237.7,40.2
202403030611,15,3.3,174.1,40.6
202403030612,16,4.2,198.3,42.5
202405050601,16,2.4,234.1,67.9
202405050602,17,3.5,271.5,52.8
202405050603,18,3.5,250.4,67.1
202405050604,16,3.0,248.2,50.3
202405050605,9,1.8,84.0,12.4
202405050606,16,4.8,211.9,41.0
202405050607,16,4.7,216.8,40.7
202405050608,7,1.7,59.9,8.8
202405050609,16,3.4,237.8,54.2
202405050610,13,3.3,183.6,29.2
202405050611,16,3.8,236.2,50.7
202405050612,18,4.5,251.6,54.8
202408060601,18,3.2,234.9,73.2
202408060602,12,1.9,96.1,25.0
202408060603,14,3.2,182.2,36.8
202408060604,12,2.2,154.3,30.1
202408060605,9,3.0,55.3,11.0
202408060606,16,4.1,190.8,43.4
202408060607,15,3.2,174.7,39.7
202408060608,16,2.7,225.0,56.0
202408060609,17,2.7,235.8,58.4
202408060610,15,3.9,209.1,43.7
202408060611,17,3.9,258.1,62.0
202408060612,12,3.1,59.5,25.4
202405050701,16,1.6,216.8,77.1
202405050702,18,3.2,266.2,81.6
202405050703,14,2.1,208.4,46.5
202405050704,16,2.6,248.2,73.9
202405050705,15,2.6,248.7,53.9
202405050706,16,2.6,229.2,50.3
202405050707,12,2.7,87.4,24.5
202405050708,16,3.5,197.6,47.9
202405050709,16,3.6,189.2,52.5
202405050710,16,4.1,240.3,44.7
202405050711,18,3.2,206.2,58.3
202405050712,14,2.8,192.9,34.8
202408060701,16,2.6,166.2,56.2
202408060702,14,1.8,149.1,43.4
202408060703,10,2.0,80.1,15.9
202408060704,11,2.7,129.5,21.2
202408060705,11,3.2,85.1,16.8
202408060706,11,2.1,78.6,20.2
202408060707,16,2.8,158.7,50.6
202408060708,9,1.6,51.9,11.0
202408060709,13,2.6,181.7,34.5
202408060710,8,1.7,44.7,10.4
202408060711,8,1.6,43.6,8.7
202408060712,16,3.7,175.4,44.1
202405050801,16,2.4,237.3,57.8
202405050802,18,2.0,251.4,96.5
202405050803,16,4.3,268.3,52.6
202405050804,12,2.0,174.6,29.1
202405050805,16,1.7,208.5,70.9
202405050806,13,4.9,202.3,29.2
202405050807,16,2.9,247.7,54.1
202405050808,10,2.0,74.5,16.3
202405050809,13,2.0,166.5,37.2
202405050810,16,4.7,262.4,44.5
202405050811,15,4.1,238.4,39.1
202405050812,14,3.2,197.1,34.3
202408060801,16,4.4,202.7,45.6
202408060802,13,2.4,132.3,35.1
202408060803,18,3.2,190.4,61.0
202408060804,14,3.0,146.8,33.8
202408060805,15,2.6,140.8,45.2
202408060806,12,3.2,92.1,24.7
202408060807,18,3.8,226.9,60.0
202408060808,16,3.8,179.7,48.5
202408060809,13,2.9,132.0,29.9
202408060810,13,3.8,94.3,27.1
202408060811,16,3.4,176.0,44.0
202408060812,18,5.4,212.2,54.7
202406050101,16,2.7,251.2,48.8
202406050102,16,3.9,256.0,52.3
202406050103,14,2.1,155.9,39.6
202406050104,15,2.8,244.3,54.0
202406050105,16,2.8,259.2,61.2
202406050106,13,2.7,194.1,28.3
202406050107,16,5.4,231.7,45.1
202406050108,13,2.9,182.7,32.4
202406050109,12,6.3,89.9,20.4
202406050110,15,3.1,253.3,52.3
202406050111,14,2.7,111.0,33.9
202406050112,15,2.6,214.5,50.7
202407040101,16,6.3,182.5,38.4
202407040102,16,4.7,172.9,45.1
202407040103,13,4.2,122.0,27.3
202407040104,17,3.3,235.3,61.9
202407040105,8,2.2,50.6,10.3
202407040106,16,1.9,209.1,61.0
202407040107,12,2.8,112.1,25.6
202407040108,16,4.6,226.7,42.2
202407040109,16,4.4,192.2,40.5
202407040110,13,3.2,159.0,29.2
202407040111,13,3.6,139.7,26.1
202407040112,17,3.6,223.1,55.4
202408070101,14,2.7,168.0,40.7
202408070102,13,3.5,149.3,27.9
202408070103,11,2.8,87.6,21.6
202408070104,11,2.1,131.1,24.6
202408070105,13,2.4,142.6,29.4
202408070106,12,2.3,147.9,29.2
202408070107,12,2.0,117.9,28.3
202408070108,15,2.0,204.3,57.0
202408070109,9,3.0,114.1,16.6
202408070110,16,3.8,247.5,54.0
202408070111,15,4.0,189.5,38.7
202408070112,7,1.4,61.1,7.2
202406050201,16,2.9,235.2,52.1
202406050202,16,3.6,227.1,57.3
202406050203,15,2.5,234.5,50.3
202406050204,15,2.5,222.3,48.1
202406050205,18,3.9,240.5,59.4
202406050206,9,2.1,91.6,13.0
202406050207,13,3.6,119.9,29.4
202406050208,11,2.7,92.2,19.7
202406050209,16,3.7,177.2,40.7
202406050210,16,3.3,248.1,54.4
202406050211,16,3.8,236.8,48.1
202406050212,16,3.2,230.7,52.7
202407040201,12,2.2,126.7,27.0
202407040202,16,5.2,220.2,38.8
202407040203,9,1.6,76.2,15.0
202407040204,15,3.6,222.1,50.8
202407040205,8,1.6,56.5,9.6
202407040206,16,2.7,205.6,53.1
202407040207,12,2.1,140.6,27.0
202407040208,18,5.7,245.5,63.2
202407040209,7,2.2,34.0,6.2
202407040210,16,4.2,220.1,45.5
202407040211,16,3.9,175.8,39.6
202407040212,16,4.1,214.4,55.6
202408070201,15,3.1,194.1,50.2
202408070202,10,2.1,70.3,16.1
202408070203,11,2.1,86.1,24.1
202408070204,13,2.2,116.4,33.7
202408070205,9,2.0,52.1,13.2
202408070206,7,1.6,32.3,6.6
202408070207,14,6.1,150.6,30.3
202408070208,16,3.1,170.8,48.6
202408070209,11,2.0,113.8,19.1
202408070210,13,2.8,143.7,30.4
202408070211,16,2.3,213.2,59.3
202408070212,12,3.0,126.2,24.0
202406050301,16,3.1,240.6,68.7
202406050302,12,2.1,142.7,26.3
202406050303,15,2.7,240.9,47.3
202406050304,12,2.6,182.8,28.4
202406050305,16,3.1,246.8,49.2
202406050306,12,2.4,121.9,26.2
202406050307,16,3.3,215.1,49.3
202406050308,16,2.6,186.9,58.2
202406050309,13,2.5,175.9,32.6
202406050310,16,7.2,241.9,37.4
202406050311,15,2.5,205.6,43.8
202406050312,16,4.4,255.3,45.0
202407040301,10,1.8,65.4,20.0
202407040302,13,2.2,139.3,41.8
202407040303,8,1.7,32.8,10.3
202407040304,10,1.8,84.8,20.2
202407040305,16,3.6,220.3,47.2
202407040306,16,2.6,189.3,52.8
202407040307,18,7.7,263.2,50.4
202407040308,15,2.7,138.1,39.7
202407040309,12,3.6,91.4,23.5
202407040310,16,2.9,200.4,53.2
202407040311,18,3.7,200.8,54.7
202407040312,18,4.8,261.9,57.6
202408070301,13,2.3,132.5,34.3
202408070302,7,1.5,44.6,8.4
202408070303,14,1.8,161.9,48.5
202408070304,11,1.8,86.6,24.0
202408070305,10,2.2,77.8,18.4
202408070306,9,1.5,64.1,15.5
202408070307,10,2.2,94.0,16.5
202408070308,13,3.7,180.0,29.9
202408070309,7,1.5,33.5,5.8
202408070310,14,2.3,165.9,44.6
202408070311,13,2.8,194.6,33.0
202408070312,10,1.8,91.7,19.7
202406050401,15,2.2,220.2,55.2
202406050402,16,2.5,231.9,65.6
202406050403,12,3.9,185.7,30.8
202406050404,11,2.0,77.8,21.4
202406050405,16,3.1,213.3,47.7
202406050406,13,5.3,125.7,27.3
202406050407,13,3.7,142.5,28.1
202406050408,14,3.9,186.8,30.6
202406050409,16,5.4,246.6,44.3
202406050410,16,2.6,216.4,48.3
202406050411,16,3.3,236.6,47.3
202406050412,16,3.8,236.6,48.2
202407040401,12,2.0,115.4,28.6
202407040402,16,3.5,212.3,54.3
202407040403,16,2.7,208.1,54.1
202407040404,15,2.1,195.5,54.5
202407040405,12,2.3,82.3,27.0
202407040406,11,1.9,92.1,23.9
202407040407,18,2.1,194.2,74.6
202407040408,16,2.8,177.8,49.7
202407040409,9,3.7,73.6,11.5
202407040410,16,2.6,149.2,46.6
202407040411,13,2.4,125.3,35.8
202407040412,16,3.2,179.7,45.1
202408070401,11,3.5,55.4,17.4
202408070402,12,3.9,61.0,20.3
202408070403,10,2.3,53.0,19.6
202408070404,16,3.2,195.5,46.8
202408070405,10,2.6,57.6,13.0
202408070406,10,2.4,36.3,15.4
202408070407,10,2.3,30.0,18.0
202408070408,15,3.7,215.9,38.5
202408070409,12,3.1,144.8,25.3
202408070410,10,2.1,52.9,15.3
202408070411,18,4.6,239.2,50.8
202408070412,11,4.1,78.6,15.9
202406050501,16,4.2,277.0,45.7
202406050502,16,3.7,239.0,53.8
202406050503,16,3.6,235.3,54.5
202406050504,16,2.5,244.3,58.8
202406050505,15,2.5,221.2,48.4
202406050506,15,2.8,252.7,55.8
202406050507,16,4.3,257.7,44.1
202406050508,16,4.8,243.7,49.7
202406050509,13,2.4,196.6,43.8
202406050510,16,3.2,214.8,49.5
202406050511,16,3.6,214.1,46.7
202406050512,16,3.3,184.0,48.6
202407040501,16,3.4,198.7,49.3
202407040502,16,2.4,209.0,53.1
202407040503,16,2.9,183.3,50.8
202407040504,18,3.4,237.2,62.2
202407040505,18,2.4,174.6,74.5
202407040506,16,4.5,199.2,39.1
202407040507,16,3.5,208.0,50.6
202407040508,16,2.3,218.4,57.8
202407040509,11,2.9,84.5,17.1
202407040510,16,3.6,182.7,45.3
202407040511,13,3.0,94.8,29.2
202407040512,18,6.9,245.6,55.3
202408070501,15,4.3,220.4,39.8
202408070502,12,2.1,156.4,28.2
202408070503,15,2.0,204.6,52.6
202408070504,10,2.1,74.1,16.4
202408070505,10,1.8,86.1,17.5
202408070506,14,2.5,173.0,40.3
202408070507,18,4.4,255.7,62.6
202408070508,16,2.2,213.7,59.0
202408070509,16,2.4,213.3,54.2
202408070510,12,2.3,123.7,26.2
202408070511,16,3.4,197.3,49.2
202408070512,14,3.7,153.0,34.5
202406050601,16,2.2,230.5,67.0
202406050602,16,3.2,239.9,60.4
202406050603,16,3.8,256.9,53.4
202406050604,14,2.4,173.6,41.1
202406050605,16,3.3,257.5,61.2
202406050606,16,2.1,228.9,54.8
202406050607,18,2.9,258.7,71.0
202406050608,16,3.2,189.5,44.7
202406050609,14,2.3,99.1,36.3
202406050610,16,2.9,224.5,54.4
202406050611,16,3.9,204.7,46.6
202406050612,16,4.1,232.8,52.4
202407040601,15,3.1,197.1,43.8
202407040602,16,3.4,162.0,45.7
202407040603,16,2.0,175.9,60.1
202407040604,16,3.5,203.4,48.6
202407040605,18,2.5,221.4,77.5
202407040606,15,2.4,192.8,48.3
202407040607,16,4.0,187.6,46.1
202407040608,16,7.3,213.5,39.9
202407040609,7,1.4,49.0,5.7
202407040610,10,2.0,86.4,15.0
202407040611,16,4.0,224.9,48.6
202407040612,18,3.0,249.3,68.9
202408070601,13,2.5,143.7,30.0
202408070602,16,2.2,186.3,64.5
202408070603,14,2.5,164.1,37.6
202408070604,14,1.8,146.1,42.5
202408070605,14,3.1,131.7,31.4
202408070606,16,3.3,211.0,49.5
202408070607,16,4.6,224.0,50.7
202408070608,18,3.9,203.9,55.2
202408070609,11,2.2,128.1,24.0
202408070610,16,2.4,199.0,72.9
202408070611,16,3.6,252.9,52.2
202408070612,18,2.8,250.4,66.7
202406050701,16,2.2,228.2,67.2
202406050702,16,3.0,240.9,54.0
202406050703,16,2.7,204.8,56.9
202406050704,16,2.1,232.3,59.0
202406050705,16,2.1,216.8,68.1
202406050706,15,2.1,179.8,49.4
202406050707,16,2.6,237.2,61.2
202406050708,16,3.3,246.8,57.9
202406050709,18,3.6,261.8,76.3
202406050710,9,2.0,79.9,15.3
202406050711,16,5.2,226.6,48.5
202406050712,16,4.7,236.7,49.9
202408070701,16,2.1,171.4,58.8
202408070702,16,2.2,212.6,63.9
202408070703,16,2.2,183.6,56.8
202408070704,16,2.5,226.5,57.1
202408070705,17,2.6,227.8,63.2
202408070706,16,2.9,159.8,47.9
202408070707,15,2.6,191.5,43.7
202408070708,16,2.4,203.9,56.4
202408070709,12,2.7,135.3,27.8
202408070710,16,2.3,222.8,51.4
202408070711,18,4.0,167.6,58.6
202408070712,13,2.0,180.0,35.1
202406050801,16,1.8,221.9,71.2
202406050802,16,3.3,254.9,57.6
202406050803,16,2.8,245.6,58.9
202406050804,18,2.2,245.5,85.4
202406050805,16,2.3,244.7,63.4
202406050806,15,2.0,222.1,56.8
202406050807,16,3.3,257.7,67.7
202406050808,16,3.7,250.4,55.6
202406050809,16,3.2,214.5,53.4
202406050810,16,4.3,232.7,49.1
202406050811,16,3.3,999.9,48.6
202406050812,16,2.3,256.8,56.4
202408070801,16,2.9,210.0,54.4
202408070802,18,2.8,217.1,65.1
202408070803,18,4.7,240.2,55.1
202408070804,13,2.7,127.0,30.7
202408070805,14,3.1,148.4,34.4
202408070806,14,4.9,208.0,34.6
202408070807,16,4.1,201.4,46.5
202408070808,16,2.7,184.2,52.5
202408070809,16,4.7,200.4,45.5
202408070810,14,2.8,133.6,33.0
202408070811,16,2.8,167.9,51.7
202408070812,17,3.7,233.7,54.0
202406050901,16,2.4,238.9,61.5
202406050902,16,2.0,237.2,62.4
202406050903,16,2.5,242.8,71.4
202406050904,16,3.2,266.0,54.5
202406050905,18,3.2,212.6,64.0
202406050906,16,2.5,219.0,54.6
202406050907,16,3.3,219.3,52.9
202406050908,16,2.6,225.8,59.5
202406050909,16,2.8,233.9,54.2
202406050910,16,3.5,198.9,45.1
202406050911,18,4.1,269.7,64.7
202406050912,16,3.8,169.6,45.4
202408070901,16,2.5,202.4,56.4
202408070902,16,2.7,216.8,55.3
202408070903,16,2.6,196.6,55.1
202408070904,14,1.8,135.8,49.9
202408070905,16,5.1,189.6,43.4
202408070906,13,2.9,118.6,28.6
202408070907,18,2.7,195.4,69.4
202408070908,16,2.7,182.9,55.3
202408070909,16,4.7,242.7,50.5
202408070910,16,2.7,206.7,55.5
202408070911,16,2.7,207.2,50.0
202408070912,16,2.6,210.8,53.9
202506010101,16,2.9,254.1,69.2
202506010102,16,3.2,242.4,61.5
202506010103,16,3.4,245.1,51.4
202506010104,16,2.5,239.4,57.2
202506010105,16,3.1,248.8,67.5
202506010106,18,3.9,256.4,64.3
202506010107,16,5.9,204.7,40.8
202506010108,16,3.7,217.5,49.1
202506010109,16,3.9,232.7,52.5
202506010110,15,2.7,208.2,46.5
202506010111,18,4.7,262.5,56.3
202506010112,16,2.7,200.4,51.5
202507010101,16,2.7,225.8,58.9
202507010102,16,4.5,198.8,44.2
202507010103,16,2.7,189.5,54.7
202507010104,16,3.7,221.9,46.4
202507010105,18,4.0,197.9,55.3
202507010106,16,2.8,198.1,53.2
202507010107,9,2.1,71.5,12.0
202507010108,16,3.9,213.5,42.2
202507010109,11,2.1,136.3,21.5
202507010110,16,3.0,172.7,53.5
202507010111,16,4.5,258.2,49.9
202507010112,16,3.3,240.3,48.1
202506010201,16,2.4,236.3,70.6
202506010202,16,2.4,243.0,71.3
202506010203,16,2.5,213.7,54.2
202506010204,16,3.4,247.6,36.9
202506010205,16,2.9,268.5,55.6
202506010206,18,2.9,239.9,71.8
202506010207,12,2.4,144.4,28.1
202506010208,14,2.6,176.7,45.9
202506010209,16,2.4,237.8,57.6
202506010210,15,2.5,219.3,51.8
202506010211,16,3.4,179.9,42.8
202506010212,16,3.0,244.6,52.2
202507010201,16,3.3,188.7,49.0
202507010202,16,3.4,184.5,53.0
202507010203,16,3.4,233.2,61.6
202507010204,12,2.3,121.7,27.5
202507010205,18,3.4,235.3,59.5
202507010206,18,2.9,227.2,62.1
202507010207,16,3.0,215.4,58.4
202507010208,16,2.5,212.4,58.9
202507010209,16,3.4,237.0,53.1
202507010210,18,3.9,235.0,60.9
202507010211,17,2.9,246.3,66.5
202507010212,16,3.0,209.1,54.9
202506010301,16,4.0,242.1,55.9
202506010302,16,2.4,239.5,72.1
202506010303,16,3.1,249.8,53.1
202506010304,16,2.9,234.7,61.4
202506010305,18,2.8,240.6,70.6
202506010306,13,2.6,171.2,38.0
202506010307,16,4.6,256.2,50.0
202506010308,16,3.1,235.3,52.3
202506010309,14,2.8,162.2,34.5
202506010310,16,3.6,239.4,47.6
202506010311,13,3.8,159.5,29.9
202506010312,10,2.3,146.7,17.9
202507010301,16,4.3,202.7,47.1
202507010302,16,4.1,199.3,41.2
202507010303,16,3.5,235.7,44.3
202507010304,16,5.0,205.8,40.1
202507010305,18,5.4,218.4,53.5
202507010306,7,1.5,53.1,7.6
202507010307,16,3.1,189.4,52.9
202507010308,11,2.1,90.4,24.7
202507010309,13,2.0,163.3,33.3
202507010310,16,3.0,191.7,54.0
202507010311,16,3.4,215.4,45.7
202507010312,16,4.0,241.3,52.4
202506010401,16,2.1,240.0,57.5
202506010402,16,2.0,222.5,63.0
202506010403,16,2.0,222.0,63.8
202506010404,16,3.1,253.3,64.1
202506010405,18,3.5,270.7,75.2
202506010406,16,5.5,222.0,42.5
202506010407,18,2.0,234.3,75.8
202506010408,16,2.5,191.8,52.8
202506010409,14,2.7,176.4,39.2
202506010410,16,3.1,237.9,50.5
202506010411,16,4.1,209.9,44.1
202506010412,16,3.6,193.5,48.8
202507010401,16,2.1,208.0,64.2
202507010402,16,3.0,188.3,48.1
202507010403,16,3.1,197.8,57.7
202507010404,12,1.8,124.2,32.0
202507010405,16,3.8,253.0,46.8
202507010406,18,3.2,222.5,67.5
202507010407,16,2.8,214.4,56.4
202507010408,16,3.8,218.3,53.1
202507010409,16,2.1,185.9,61.2
202507010410,16,2.5,217.4,48.3
202507010411,18,2.9,242.5,71.6
202507010412,18,3.5,214.6,61.4
202506010501,16,2.4,246.1,68.0
202506010502,16,2.9,245.0,43.6
202506010503,16,3.9,263.6,53.2
202506010504,9,1.9,56.0,13.0
202506010505,16,3.3,260.5,58.9
202506010506,17,3.1,236.9,63.1
202506010507,11,2.6,135.1,24.8
202506010508,14,2.7,121.4,35.4
202506010509,16,4.9,233.7,46.1
202506010510,16,4.1,167.3,42.7
202506010511,16,3.0,211.9,50.8
202506010512,16,5.0,234.7,44.2
202507010501,16,3.4,231.5,52.2
202507010502,16,2.9,178.7,47.1
202507010503,16,3.0,203.3,48.3
202507010504,15,3.3,192.4,39.0
202507010505,16,2.7,209.4,51.9
202507010506,16,4.4,176.2,42.9
202507010507,18,2.3,208.1,74.6
202507010508,16,3.6,168.3,43.1
202507010509,16,4.4,227.5,46.6
202507010510,16,3.9,243.6,45.1
202507010511,15,2.7,151.1,40.5
202507010512,14,3.6,125.4,30.2
202506010601,16,2.4,238.3,62.3
202506010602,16,2.9,259.8,53.0
202506010603,16,5.1,270.1,47.0
202506010604,11,4.0,124.9,18.2
202506010605,18,2.8,258.3,83.8
202506010606,16,3.1,236.7,56.8
202506010607,13,3.6,146.3,26.1
202506010608,16,2.8,173.9,53.1
202506010609,16,2.4,239.8,54.5
202506010610,16,3.2,207.6,51.7
202506010611,16,3.8,218.6,44.8
202506010612,16,1.8,204.4,74.8
202507010601,16,2.7,201.0,56.8
202507010602,11,1.4,116.8,30.2
202507010603,16,2.4,191.8,59.7
202507010604,16,6.1,230.3,48.3
202507010605,18,4.2,235.4,60.0
202507010606,16,2.2,196.9,59.5
202507010607,12,2.3,129.2,25.8
202507010608,16,3.5,232.4,47.8
202507010609,16,2.5,191.7,67.0
202507010610,12,3.4,86.7,23.2
202507010611,16,3.2,201.2,44.9
202507010612,13,2.5,167.3,33.0
202506010701,16,2.8,245.6,63.5
202506010702,16,2.5,211.4,58.3
202506010703,16,3.4,205.4,45.0
202506010704,11,3.0,130.9,17.3
202506010705,16,2.8,238.0,51.1
202506010706,16,2.9,261.1,70.7
202506010707,13,2.1,205.2,36.8
202506010708,14,4.2,171.0,31.2
202506010709,12,4.9,164.7,24.8
202506010710,16,2.9,210.6,52.7
202506010711,14,2.9,191.3,34.9
202506010712,16,3.1,260.4,54.1
202507010701,16,2.9,203.8,52.7
202507010702,13,2.7,151.6,28.8
202507010703,16,3.9,202.7,46.4
202507010704,10,1.6,76.9,21.8
202507010705,18,3.1,176.1,80.6
202507010706,10,2.6,47.2,14.9
202507010707,10,2.1,84.5,15.7
202507010708,16,3.1,196.2,51.8
202507010709,11,2.2,143.3,22.1
202507010710,16,3.6,240.6,47.8
202507010711,16,4.7,241.7,42.2
202507010712,16,4.2,206.9,40.7
202506010801,16,2.4,219.0,55.3
202506010802,16,2.2,215.3,70.6
202506010803,16,3.3,261.7,65.6
202506010804,16,3.3,247.1,54.8
202506010805,18,2.5,248.4,90.2
202506010806,6,1.5,12.2,5.2
202506010807,16,4.6,228.0,42.2
202506010808,16,2.7,249.3,51.7
202506010809,10,2.5,126.5,18.4
202506010810,13,2.6,131.1,29.6
202506010811,17,2.6,228.6,56.7
202506010812,16,2.2,224.7,62.2
202507010801,16,2.2,207.9,64.3
202507010802,16,2.5,223.0,64.1
202507010803,16,2.9,194.3,53.6
202507010804,16,5.2,219.9,47.6
202507010805,18,2.9,244.6,67.5
202507010806,16,2.5,205.7,54.9
202507010807,15,2.2,207.5,52.3
202507010808,16,2.6,223.7,59.6
202507010809,10,2.1,75.9,15.8
202507010810,13,2.1,133.8,33.4
202507010811,14,2.8,164.3,33.2
202507010812,12,2.4,149.6,31.8
202510010101,12,2.2,113.6,25.9
202510010102,17,2.6,221.0,60.4
202510010103,13,4.4,163.3,27.9
202510010104,10,2.4,77.7,17.2
202510010105,7,1.4,26.3,6.7
202510010106,18,3.0,226.6,69.6
202510010107,16,5.0,162.6,44.1
202510010108,16,4.7,187.9,45.5
202510010109,12,2.8,78.6,24.1
202510010110,16,3.2,224.0,44.2
202510010111,18,5.1,240.2,53.7
202510010112,16,2.8,214.6,52.1
202506010901,16,2.7,238.8,48.1
202506010902,16,2.6,236.4,57.9
202506010903,15,1.8,207.2,60.3
202506010904,16,2.9,264.1,72.0
202506010905,18,1.9,213.5,116.7
202506010906,16,4.0,241.9,41.9
202506010907,11,3.6,55.4,17.0
202506010908,14,3.4,173.0,34.1
202506010909,11,2.4,144.9,22.9
202506010910,15,2.5,179.1,45.3
202506010911,18,2.6,215.8,62.5
202506010912,14,2.0,186.4,49.3
202507010901,11,2.1,95.3,24.1
202507010902,16,4.6,178.3,43.1
202507010903,11,3.2,114.8,18.1
202507010904,8,2.0,57.6,9.5
202507010905,16,2.9,227.8,56.4
202507010906,16,2.7,219.8,51.2
202507010907,16,2.2,207.3,61.7
202507010908,13,2.3,113.9,33.8
202507010909,9,1.9,69.9,12.6
202507010910,14,4.1,190.8,29.6
202507010911,16,2.5,211.2,56.0
202507010912,13,3.6,114.6,26.4
202510010201,13,2.7,94.0,28.4
202510010202,17,2.1,215.8,64.5
202510010203,14,3.3,97.0,31.1
202510010204,12,2.1,112.8,28.9
202510010205,18,3.7,226.3,61.4
202510010206,17,4.7,220.6,49.2
202510010207,14,2.8,133.7,31.8
202510010208,13,3.8,86.2,28.0
202510010209,18,2.3,203.3,67.1
202510010210,16,2.2,218.0,62.3
202510010211,12,2.2,83.4,26.0
202510010212,11,3.1,73.0,17.2
202505010101,16,2.8,212.7,54.8
202505010102,14,4.9,152.6,30.7
202505010103,16,3.0,219.4,49.1
202505010104,13,2.3,154.0,32.7
202505010105,16,2.5,243.2,68.2
202505010106,16,3.0,253.2,57.6
202505010107,16,3.4,212.8,54.0
202505010108,11,3.3,88.2,19.8
202505010109,16,5.0,221.0,44.6
202505010110,7,1.4,63.4,6.6
202505010111,13,4.0,142.0,28.4
202505010112,16,3.0,214.3,53.3
202508010101,13,4.0,171.3,31.7
202508010102,9,2.9,82.0,15.1
202508010103,15,2.2,229.0,46.3
202508010104,9,1.6,94.7,16.8
202508010105,16,3.2,219.5,49.8
202508010106,10,1.8,70.7,18.2
202508010107,8,1.7,32.4,10.6
202508010108,16,3.1,229.5,53.2
202508010109,8,2.8,17.9,7.9
202508010110,10,3.4,61.2,13.3
202508010111,12,2.4,150.8,27.7
202508010112,8,1.5,79.5,12.2
202510010301,14,4.0,170.8,33.2
202510010302,15,3.4,189.0,39.1
202510010303,16,3.8,203.1,45.7
202510010304,12,1.8,111.8,31.0
202510010305,12,3.3,49.8,22.8
202510010306,18,3.0,204.4,61.1
202510010307,12,2.9,66.3,25.5
202510010308,16,4.1,177.0,44.2
202510010309,16,2.9,230.3,59.4
202510010310,14,3.1,141.4,36.6
202510010311,18,4.5,244.6,51.4
202510010312,18,4.1,189.9,57.0
202505010201,16,2.1,231.5,62.7
202505010202,14,4.0,154.2,30.6
202505010203,16,3.5,251.3,53.6
202505010204,16,2.5,214.9,49.1
202505010205,15,2.4,248.8,70.0
202505010206,16,2.1,215.4,61.7
202505010207,16,2.4,234.5,62.8
202505010208,16,2.7,130.5,48.4
202505010209,13,3.4,139.3,29.4
202505010210,11,2.5,77.2,21.2
202505010211,16,4.1,186.8,42.7
202505010212,10,1.9,78.5,13.9
202508010201,12,2.9,133.6,25.3
202508010202,12,2.0,136.2,26.0
202508010203,10,2.4,67.2,15.8
202508010204,7,1.9,28.6,6.7
202508010205,17,3.3,246.6,60.2
202508010206,12,3.2,94.5,22.1
202508010207,13,2.5,149.0,32.6
202508010208,12,2.9,99.2,24.4
202508010209,10,2.2,84.4,14.9
202508010210,7,1.4,50.6,6.9
202508010211,17,3.1,207.5,58.0
202508010212,18,4.1,232.3,57.6
202510010401,15,3.2,213.0,43.3
202510010402,16,4.8,207.8,42.6
202510010403,14,4.3,99.0,28.8
202510010404,12,5.4,94.7,22.2
202510010405,18,3.4,227.0,55.2
202510010406,13,3.2,132.4,30.8
202510010407,18,4.0,196.3,59.9
202510010408,8,2.1,47.2,10.5
202510010409,16,2.7,234.4,53.2
202510010410,18,5.7,231.3,54.2
202510010411,16,3.3,208.2,48.5
202510010412,18,4.3,181.5,54.2
202505010301,16,2.1,197.5,65.3
202505010302,16,2.9,241.2,60.9
202505010303,16,1.9,204.8,66.5
202505010304,16,3.6,235.2,53.7
202505010305,16,2.6,226.7,56.5
202505010306,18,2.7,223.0,76.3
202505010307,14,4.0,200.7,37.9
202505010308,15,2.0,213.2,48.0
202505010309,16,3.0,238.8,59.7
202505010310,13,2.2,140.5,34.2
202505010311,14,5.1,181.8,33.2
202505010312,16,4.4,248.2,48.9
202510010501,16,5.4,172.8,40.1
202510010502,16,3.2,178.8,46.3
202510010503,14,2.3,139.9,38.9
202510010504,10,2.2,70.9,16.1
202510010505,9,2.0,69.5,11.6
202510010506,18,3.9,229.7,57.3
202510010507,13,3.1,112.5,29.1
202510010508,15,2.6,214.1,49.9
202510010509,14,2.9,114.5,32.0
202510010510,16,3.1,160.9,54.7
202510010511,15,4.4,203.5,39.6
202510010512,18,3.2,225.1,59.5
202505010401,16,3.2,238.7,55.9
202505010402,16,3.0,236.2,55.5
202505010403,16,3.1,255.2,62.6
202505010404,16,3.5,239.5,50.0
202505010405,16,2.5,212.7,57.9
202505010406,16,2.1,218.3,66.6
202505010407,11,2.2,65.2,23.5
202505010408,16,3.5,228.3,49.1
202505010409,11,3.2,71.8,17.2
202505010410,16,2.9,206.9,49.9
202505010411,16,3.5,165.6,44.7
202505010412,16,2.2,215.6,65.0
202508010401,13,2.5,144.4,30.9
202508010402,14,3.1,142.1,32.5
202508010403,16,4.4,234.5,48.4
202508010404,10,2.3,52.4,14.3
202508010405,18,3.8,238.3,65.4
202508010406,13,2.9,153.1,29.4
202508010407,11,2.1,113.7,22.2
202508010408,13,3.7,116.1,26.8
202508010409,14,3.1,179.5,32.8
202508010410,16,3.0,221.9,52.8
202508010411,10,2.6,53.8,13.5
202508010412,16,3.0,149.1,44.3
202510010601,16,2.8,165.0,59.4
202510010602,16,3.5,227.3,47.7
202510010603,14,4.4,168.5,32.2
202510010604,12,2.8,97.6,27.3
202510010605,12,2.9,94.6,22.3
202510010606,17,4.3,231.1,49.6
202510010607,13,3.9,121.4,28.0
202510010608,16,3.2,186.0,45.5
202510010609,16,3.7,246.0,47.9
202510010610,16,3.2,202.7,51.9
202510010611,11,3.3,73.0,18.0
202510010612,18,4.9,213.6,55.0
202508010301,12,2.1,122.5,29.4
202508010302,11,2.6,114.4,26.1
202508010303,12,2.8,114.2,25.0
202508010304,16,3.0,239.8,60.3
202508010305,18,3.3,246.2,63.4
202508010306,11,1.6,132.4,25.9
202508010307,15,2.9,220.3,45.8
202508010308,8,1.9,36.3,8.9
202508010309,13,4.0,110.7,26.9
202508010310,10,2.4,73.6,15.3
202508010311,16,3.4,182.1,43.9
202508010312,16,2.9,214.4,56.2
202505010501,16,2.9,232.8,48.0
202505010502,16,2.6,244.9,76.8
202505010503,16,3.4,241.8,46.5
202505010504,16,3.4,195.9,44.0
202505010505,16,4.4,261.8,62.2
202505010506,16,3.1,219.9,53.9
202505010507,12,4.1,132.3,21.3
202505010508,16,3.0,233.9,51.6
202505010509,11,2.9,163.8,21.8
202505010510,16,2.3,222.3,50.8
202505010511,14,4.6,176.7,31.5
202505010512,16,4.1,248.6,50.2
202508010501,16,2.0,208.3,64.3
202508010502,12,2.8,127.3,26.0
202508010503,16,4.2,218.0,54.3
202508010504,13,2.5,144.2,31.3
202508010505,16,3.3,173.2,51.4
202508010506,14,3.9,162.9,29.9
202508010507,16,2.8,201.5,48.3
202508010508,12,2.3,121.7,26.2
202508010509,7,1.8,23.8,6.6
202508010510,9,2.3,65.9,15.8
202508010511,16,4.2,219.0,42.5
202508010512,13,2.6,133.4,31.6
202510010701,14,2.7,136.6,34.2
202510010702,18,4.8,194.6,56.7
202510010703,14,4.0,138.2,30.6
202510010704,9,2.0,62.7,12.7
202510010705,16,3.6,180.3,42.9
202510010706,18,2.8,199.5,73.4
202510010707,11,3.7,72.5,16.6
202510010708,14,2.6,155.2,37.6
202510010709,9,2.7,50.5,11.1
202510010710,15,2.5,217.9,41.0
202510010711,18,3.9,237.6,57.3
202510010712,12,3.0,84.5,24.3
202505010601,16,3.6,260.9,49.2
202505010602,16,2.4,240.9,63.0
202505010603,16,2.8,213.4,52.4
202505010604,11,2.2,152.5,24.7
202505010605,16,4.5,195.7,42.0
202505010606,16,3.8,252.8,49.2
202505010607,16,4.3,269.7,46.2
202505010608,13,2.5,185.4,36.4
202505010609,16,4.3,263.1,38.1
202505010610,16,2.1,208.8,58.0
202505010611,9,3.2,89.1,11.5
202505010612,15,2.4,232.5,40.6
202508010601,10,1.8,74.3,19.8
202508010602,10,2.4,76.7,14.2
202508010603,16,2.1,191.1,64.0
202508010604,11,2.4,99.4,20.9
202508010605,14,2.1,111.5,39.7
202508010606,14,3.6,198.6,29.5
202508010607,13,2.2,130.8,31.8
202508010608,18,3.3,226.6,66.2
202508010609,9,2.1,87.1,13.8
202508010610,13,2.3,129.7,31.4
202508010611,12,2.1,117.5,27.0
202508010612,16,3.0,173.7,50.0
202510010801,16,2.7,169.4,47.5
202510010802,18,4.8,216.6,56.3
202510010803,14,3.9,154.8,30.1
202510010804,11,2.0,75.1,21.9
202510010805,14,3.0,159.0,32.0
202510010806,16,4.2,242.3,48.7
202510010807,16,3.2,172.3,47.7
202510010808,14,2.7,129.7,37.2
202510010809,18,3.5,221.3,65.0
202510010810,14,5.4,96.8,27.0
202510010811,15,2.9,186.2,43.7
202510010812,15,2.7,156.8,47.4
202505010701,16,2.2,221.5,64.3
202505010702,16,3.0,223.7,44.4
202505010703,16,3.4,202.3,45.9
202505010704,16,3.0,242.2,48.8
202505010705,18,2.7,245.5,77.2
202505010706,16,2.6,241.8,65.3
202505010707,16,3.7,256.5,59.8
202505010708,11,2.1,121.6,20.3
202505010709,9,1.8,82.5,15.4
202505010710,12,2.2,133.2,27.2
202505010711,16,2.7,186.2,53.9
202505010712,16,2.3,242.2,58.6
202508010701,11,2.1,113.5,20.6
202508010702,15,2.8,224.3,47.7
202508010703,12,2.6,129.7,27.3
202508010704,15,4.6,157.0,32.7
202508010705,15,2.1,185.4,49.0
202508010706,11,2.4,134.6,21.2
202508010707,16,2.2,188.4,67.7
202508010708,9,2.0,71.8,13.8
202508010709,8,2.1,35.2,9.8
202508010710,16,4.2,186.3,54.0
202508010711,18,3.0,248.7,58.3
202508010712,14,3.8,181.3,30.4
202510010901,16,3.9,206.0,42.8
202510010902,16,2.3,174.9,53.8
202510010903,14,5.3,156.2,31.6
202510010904,14,2.7,171.1,34.4
202510010905,11,2.3,99.9,17.1
202510010906,15,2.6,151.5,43.1
202510010907,18,3.0,223.0,68.4
202510010908,16,3.3,215.8,59.6
202510010909,18,5.9,238.2,55.5
202510010910,13,2.6,84.3,29.1
202510010911,9,2.1,75.2,12.4
202510010912,16,2.3,179.8,61.0
202505010801,16,4.6,186.6,43.7
202505010802,16,2.7,246.7,63.0
202505010803,16,3.8,258.7,60.5
202505010804,16,2.7,249.7,63.1
202505010805,13,2.1,194.7,39.9
202505010806,16,3.9,229.9,56.5
202505010807,14,3.5,122.1,32.8
202505010808,12,2.5,162.3,26.0
202505010809,10,3.1,84.0,13.2
202505010810,12,2.7,118.5,24.0
202505010811,16,4.0,229.0,46.7
202505010812,14,3.7,144.7,29.2
202508010801,14,2.5,170.0,36.3
202508010802,16,1.9,220.1,69.0
202508010803,16,3.1,237.8,52.2
202508010804,10,1.9,73.2,19.1
202508010805,16,2.0,228.2,65.7
202508010806,10,3.3,55.0,13.7
202508010807,10,1.9,76.6,16.7
202508010808,12,2.2,113.0,26.6
202508010809,9,3.2,44.5,10.9
202508010810,8,2.6,35.8,9.5
202508010811,16,2.3,202.1,59.0
202508010812,12,2.2,130.1,27.0
202510011001,10,2.7,79.1,16.6
202510011002,18,3.0,197.2,61.6
202510011003,14,2.8,151.9,31.3
202510011004,12,2.4,93.1,26.0
202510011005,13,3.1,126.5,29.4
202510011006,12,2.6,118.2,26.1
202510011007,12,3.6,110.6,24.4
202510011008,14,3.6,125.3,32.5
202510011009,14,2.8,161.1,34.2
202510011010,14,3.9,150.2,31.7
202510011011,14,3.4,112.9,33.3
202510011012,18,4.1,270.3,73.6
202506020101,15,2.3,134.7,47.6
202506020102,16,2.1,216.7,70.3
202506020103,16,3.6,234.5,52.5
202506020104,13,2.0,150.8,35.4
202506020105,18,5.2,219.6,51.9
202506020106,16,2.4,232.2,58.9
202506020107,9,1.6,70.3,14.6
202506020108,16,3.4,207.1,45.7
202506020109,13,2.7,144.4,29.0
202506020110,16,2.8,240.1,49.7
202506020111,15,3.4,227.3,44.1
202506020112,14,2.5,191.7,37.3
202509010101,12,2.8,70.8,26.7
202509010102,16,2.0,177.1,62.7
202509010103,16,2.4,212.1,54.3
202509010104,16,2.4,186.4,55.6
202509010105,18,3.6,221.4,68.5
202509010106,16,2.7,209.2,56.7
202509010107,16,3.8,186.7,46.7
202509010108,10,2.3,67.3,15.9
202509010109,8,2.7,70.4,9.6
202509010110,10,1.8,80.2,18.8
202509010111,16,3.5,164.2,49.0
202509010112,15,4.4,179.9,37.8
202510011101,16,5.2,206.1,42.2
202510011102,18,2.7,225.9,85.3
202510011103,14,3.4,119.3,31.9
202510011104,12,2.4,128.8,26.3
202510011105,12,2.7,111.3,26.6
202510011106,18,4.7,239.3,60.5
202510011107,16,2.5,219.7,57.7
202510011108,15,1.9,201.0,54.2
202510011109,16,2.2,205.8,62.1
202510011110,18,3.7,244.8,63.7
202510011111,15,2.6,217.1,53.5
202510011112,18,4.1,221.0,64.2
202506020201,16,2.3,231.7,59.8
202506020202,16,2.6,228.0,53.3
202506020203,16,2.1,243.8,62.6
202506020204,16,2.9,248.4,53.3
202506020205,18,2.3,251.8,95.5
202506020206,16,3.7,261.3,46.8
202506020207,9,1.6,82.6,15.3
202506020208,16,2.5,245.2,65.8
202506020209,11,2.1,134.4,24.9
202506020210,16,3.2,198.7,47.6
202506020211,16,3.7,158.5,44.4
202506020212,16,3.0,203.9,53.9
202509010201,12,1.9,145.0,30.7
202509010202,16,2.9,210.4,53.3
202509010203,12,2.1,151.7,28.7
202509010204,16,3.2,226.6,48.6
202509010205,18,5.3,269.0,56.9
202509010206,16,4.9,193.4,43.6
202509010207,16,2.9,234.0,58.9
202509010208,14,2.4,123.7,37.2
202509010209,9,1.7,80.7,14.4
202509010210,10,1.7,57.7,20.4
202509010211,14,3.1,160.5,34.9
202509010212,16,3.9,228.5,49.5
202510011201,16,2.1,176.5,61.5
202510011202,18,4.1,205.3,59.0
202510011203,14,3.0,137.6,33.9
202510011204,11,2.4,87.9,20.3
202510011205,16,2.7,195.5,56.3
202510011206,18,4.2,227.1,58.6
202510011207,18,3.6,223.3,58.6
202510011208,14,3.6,160.6,31.9
202510011209,18,3.3,236.2,62.4
202510011210,16,3.9,231.7,50.6
202510011211,13,4.2,112.3,28.5
202510011212,16,5.3,198.6,44.0
202506020301,16,2.2,218.6,84.0
202506020302,16,2.2,219.8,67.1
202506020303,16,1.6,192.3,79.6
202506020304,9,1.5,65.0,13.9
202506020305,15,2.0,229.5,62.1
202506020306,16,2.9,211.8,54.7
202506020307,10,1.8,93.5,16.5
202506020308,16,4.2,239.3,41.8
202506020309,10,1.6,120.8,18.0
202506020310,16,2.8,150.0,52.7
202506020311,14,4.3,136.5,29.6
202506020312,16,2.3,193.3,58.9
202509010301,16,4.2,207.4,43.3
202509010302,12,2.0,119.8,28.5
202509010303,16,1.8,206.8,62.4
202509010304,12,3.8,139.2,24.4
202509010305,13,1.8,148.1,37.5
202509010306,10,1.9,93.7,16.4
202509010307,10,2.8,70.0,15.3
202509010308,16,4.8,193.2,44.1
202509010309,12,2.3,130.8,26.5
202509010310,16,2.6,214.0,55.3
202509010311,18,7.4,246.5,60.5
202509010312,11,2.8,131.3,20.9
202506020401,16,1.8,159.8,73.7
202506020402,16,3.1,237.8,63.0
202506020403,16,1.8,206.5,76.9
202506020404,11,2.0,153.7,23.8
202506020405,16,2.9,243.8,58.5
202506020406,16,3.6,257.9,59.3
202506020407,16,2.4,234.8,60.7
202506020408,16,2.9,230.2,54.8
202506020409,12,2.5,114.6,26.4
202506020410,16,2.1,208.5,52.2
202506020411,14,3.5,179.5,33.1
202506020412,15,3.9,253.5,49.9
202509010401,15,2.6,241.0,51.3
202509010402,16,2.6,190.0,55.7
202509010403,12,1.8,87.8,29.8
202509010404,16,3.1,229.2,56.5
202509010405,18,3.8,226.1,59.7
202509010406,11,1.7,117.9,28.4
202509010407,9,2.1,68.1,12.1
202509010408,12,4.6,86.1,20.7
202509010409,8,2.8,33.0,8.6
202509010410,12,2.8,115.7,26.3
202509010411,14,3.1,143.4,32.5
202509010412,14,2.9,147.2,35.2
202506020501,16,1.8,226.8,75.7
202506020502,16,2.8,215.6,51.1
202506020503,16,2.2,196.7,53.7
202506020504,16,2.3,219.2,63.0
202506020505,18,4.3,268.3,79.2
202506020506,16,2.5,220.1,61.0
202506020507,16,2.5,207.4,50.3
202506020508,16,3.1,236.8,48.4
202506020509,14,4.0,150.5,33.8
202506020510,13,3.7,141.3,27.7
202506020511,12,2.6,132.3,27.7
202506020512,16,2.6,200.8,48.6
202507020101,16,3.0,204.7,53.6
202507020102,16,4.9,214.2,44.2
202507020103,16,1.9,169.6,68.5
202507020104,15,3.3,173.8,43.2
202507020105,18,2.5,238.6,72.5
202507020106,13,3.7,99.7,26.4
202507020107,15,3.8,164.3,37.8
202507020108,18,2.2,215.5,70.7
202507020109,16,2.4,167.0,53.4
202507020110,13,3.4,165.7,29.3
202507020111,16,4.2,220.2,48.7
202507020112,18,4.5,220.6,60.7
202509010501,12,2.0,113.0,26.5
202509010502,16,5.4,211.8,37.3
202509010503,13,2.3,186.5,33.7
202509010504,18,5.0,253.9,57.5
202509010505,18,2.4,227.1,70.0
202509010506,16,2.2,175.2,54.2
202509010507,16,2.8,199.5,49.0
202509010508,8,1.7,57.2,11.5
202509010509,12,3.5,94.3,22.9
202509010510,15,3.7,181.9,38.0
202509010511,11,2.9,110.7,20.9
202509010512,10,1.9,120.4,22.0
202506020601,16,3.9,244.0,56.4
202506020602,16,2.1,186.5,58.5
202506020603,15,1.9,215.3,49.7
202506020604,16,3.6,205.6,49.9
202506020605,16,2.5,231.8,58.6
202506020606,8,1.9,81.8,10.3
202506020607,16,2.5,241.1,58.7
202506020608,16,3.6,243.1,52.1
202506020609,16,3.6,218.8,46.8
202506020610,12,2.6,98.1,24.9
202506020611,12,3.7,94.3,22.6
202506020612,16,2.4,214.0,58.0
202507020201,16,2.2,212.4,58.3
202507020202,13,1.7,123.5,44.4
202507020203,16,3.3,229.5,40.2
202507020204,17,3.3,230.0,55.7
202507020205,18,3.3,202.9,65.1
202507020206,10,2.0,85.6,18.0
202507020207,16,5.3,234.0,46.1
202507020208,14,2.6,170.3,45.1
202507020209,13,2.5,116.3,32.4
202507020210,12,3.1,90.9,22.2
202507020211,10,2.8,92.3,16.2
202507020212,16,3.9,225.2,47.4
202509010601,16,2.2,178.6,61.4
202509010602,11,1.9,131.4,24.0
202509010603,16,2.8,190.3,53.9
202509010604,9,1.5,52.2,20.5
202509010605,16,3.2,183.8,49.0
202509010606,9,2.0,88.5,12.7
202509010607,16,2.9,207.8,50.3
202509010608,13,2.7,165.2,30.2
202509010609,9,2.2,111.4,14.2
202509010610,15,3.2,214.8,39.0
202509010611,16,2.7,198.2,53.1
202509010612,12,3.8,133.5,23.0
202506020701,16,1.5,207.8,75.5
202506020702,12,2.0,135.8,28.5
202506020703,16,2.3,239.1,73.4
202506020704,18,2.0,235.2,70.2
202506020705,10,2.0,121.5,18.3
202506020706,16,3.0,217.2,44.5
202506020707,16,4.0,213.3,48.3
202506020708,14,2.4,137.1,40.3
202506020709,13,3.0,112.2,29.3
202506020710,16,2.7,228.9,63.8
202506020711,16,3.5,197.2,46.1
202506020712,16,2.1,215.8,68.7
202507020301,14,2.6,152.7,33.9
202507020302,16,2.7,197.8,52.4
202507020303,12,2.9,123.7,25.8
202507020304,16,1.9,188.2,59.9
202507020305,16,2.6,202.1,60.0
202507020306,12,2.8,82.6,27.6
202507020307,16,4.8,203.7,36.7
202507020308,15,3.5,179.1,40.7
202507020309,18,2.5,214.0,69.6
202507020310,17,2.3,210.5,66.9
202507020311,18,4.8,227.2,49.7
202507020312,16,4.9,170.7,37.6
202509010701,15,2.3,201.6,49.0
202509010702,9,1.6,64.3,15.2
202509010703,16,1.9,193.3,59.9
202509010704,11,2.5,127.2,23.0
202509010705,15,2.1,196.7,47.5
202509010706,10,1.9,70.8,17.0
202509010707,15,2.7,182.8,47.0
202509010708,9,2.4,73.1,11.0
202509010709,18,4.7,205.8,52.7
202509010710,14,2.8,175.2,39.4
202509010711,9,1.7,59.6,13.5
202509010712,16,3.9,234.7,48.7
202506020801,16,2.7,224.4,55.5
202506020802,16,3.5,258.2,51.4
202506020803,14,2.4,142.7,41.4
202506020804,14,3.6,188.8,31.5
202506020805,16,3.1,240.2,56.9
202506020806,12,2.0,127.9,27.7
202506020807,16,4.0,189.0,45.3
202506020808,15,3.1,241.8,45.5
202506020809,11,1.9,152.6,23.9
202506020810,16,4.0,229.0,52.2
202506020811,16,2.4,232.9,50.1
202506020812,16,3.4,247.5,46.6
202507020401,16,2.8,190.6,53.3
202507020402,13,1.9,120.6,33.4
202507020403,16,3.4,179.8,42.1
202507020404,18,3.5,196.8,62.3
202507020405,18,4.0,225.6,60.2
202507020406,16,3.3,172.3,47.6
202507020407,16,3.4,181.6,47.7
202507020408,16,3.9,214.1,47.1
202507020409,10,3.1,71.5,13.7
202507020410,16,5.3,206.2,44.1
202507020411,18,5.9,277.4,50.9
202507020412,18,4.8,203.2,46.7
202509010801,11,3.0,113.7,21.1
202509010802,16,4.4,243.3,56.7
202509010803,12,3.0,131.6,26.4
202509010804,17,4.9,189.2,43.0
202509010805,13,3.2,162.8,28.5
202509010806,16,6.4,187.4,41.4
202509010807,9,2.0,70.4,12.4
202509010808,14,3.1,176.0,34.4
202509010809,13,3.2,154.5,28.5
202509010810,16,2.5,208.7,56.4
202509010811,11,2.6,126.4,20.8
202509010812,16,2.9,181.1,46.5
202506030101,16,2.1,217.1,63.9
202506030102,16,2.5,253.6,69.1
202506030103,16,2.7,251.3,69.2
202506030104,16,1.8,224.5,63.1
202506030105,10,1.6,93.3,16.6
202506030106,8,1.7,69.8,10.2
202506030107,11,2.0,144.7,24.6
202506030108,12,2.9,122.9,25.9
202506030109,16,2.7,203.8,49.2
202506030110,11,2.3,93.7,22.5
202506030111,15,2.9,198.9,40.7
202506030112,13,2.6,187.5,33.7
202507020501,16,2.7,206.5,52.5
202507020502,13,3.4,118.0,27.5
202507020503,16,4.1,237.6,46.0
202507020504,13,2.8,95.5,28.8
202507020505,18,3.8,183.8,59.7
202507020506,15,3.8,223.9,42.1
202507020507,14,2.8,141.4,38.6
202507020508,16,2.7,183.9,48.4
202507020509,13,5.1,161.5,27.6
202507020510,9,2.2,62.9,12.4
202507020511,11,2.5,82.5,19.4
202507020512,16,2.8,225.3,58.8
202509020101,16,3.6,236.1,51.7
202509020102,9,1.5,79.2,14.6
202509020103,16,2.8,224.5,50.5
202509020104,12,3.1,112.2,24.6
202509020105,15,3.1,190.7,43.2
202509020106,12,4.5,114.5,26.2
202509020107,16,2.6,192.1,53.8
202509020108,10,2.0,84.9,20.3
202509020109,14,3.5,176.3,32.1
202509020110,8,2.1,43.1,12.1
202509020111,10,3.0,71.0,14.3
202509020112,9,1.6,72.0,13.9
202506030201,15,2.4,237.7,46.1
202506030202,16,3.2,256.0,51.4
202506030203,14,2.7,199.2,34.5
202506030204,16,2.2,219.8,55.9
202506030205,18,3.2,271.3,72.8
202506030206,16,3.4,250.1,48.0
202506030207,16,3.1,229.8,57.0
202506030208,16,5.1,241.7,44.4
202506030209,7,1.6,41.8,6.8
202506030210,16,4.9,183.9,39.1
202506030211,15,4.0,175.9,38.7
202506030212,13,3.1,96.3,29.4
202507020601,12,4.5,99.8,22.9
202507020602,16,2.8,211.4,56.7
202507020603,13,4.0,150.4,28.8
202507020604,13,2.2,162.7,32.5
202507020605,18,3.2,217.2,56.0
202507020606,12,3.6,127.2,26.7
202507020607,9,1.7,61.4,11.4
202507020608,7,1.5,45.5,7.6
202507020609,14,3.0,195.1,37.5
202507020610,16,3.2,219.1,52.7
202507020611,18,3.5,226.6,64.9
202507020612,16,3.7,212.0,48.9
202509020201,12,2.0,129.0,30.5
202509020202,16,7.3,268.6,43.0
202509020203,9,1.5,72.4,15.7
202509020204,14,1.9,149.8,41.2
202509020205,18,2.0,200.6,79.5
202509020206,16,2.8,180.4,56.7
202509020207,18,2.6,216.6,73.4
202509020208,9,1.9,93.1,16.5
202509020209,11,2.4,97.4,21.9
202509020210,12,2.3,133.9,26.5
202509020211,12,2.0,127.3,28.2
202509020212,14,4.7,169.4,31.1
202506030301,15,3.7,225.5,44.3
202506030302,16,1.9,199.3,72.7
202506030303,12,2.1,92.9,29.4
202506030304,14,2.5,203.1,40.1
202506030305,18,2.2,240.3,84.4
202506030306,16,2.7,238.8,56.9
202506030307,11,2.3,124.0,21.1
202506030308,13,2.8,173.3,36.3
202506030309,7,1.5,28.5,7.7
202506030310,16,2.7,203.6,51.4
202506030311,14,2.7,117.9,34.5
202506030312,16,2.2,217.7,54.6
202509020301,16,2.2,170.1,56.5
202509020302,16,2.2,181.4,58.4
202509020303,16,2.5,243.5,52.7
202509020304,18,3.7,250.6,61.3
202509020305,17,2.5,219.6,71.2
202509020306,8,2.2,37.5,9.4
202509020307,16,2.9,143.1,54.9
202509020308,8,1.7,73.9,11.0
202509020309,9,1.7,70.2,14.4
202509020310,16,3.5,227.8,47.7
202509020311,11,2.3,85.5,19.7
202509020312,16,4.6,227.1,38.4
202506030401,13,2.2,153.4,30.0
202506030402,16,2.8,253.3,56.5
202506030403,13,1.7,164.3,47.4
202506030404,12,3.1,132.5,26.5
202506030405,16,3.2,228.0,50.1
202506030406,14,3.6,116.1,29.7
202506030407,9,1.7,75.3,11.7
202506030408,13,2.0,161.2,37.4
202506030409,12,2.3,84.0,26.4
202506030410,16,3.6,244.1,46.9
202506030411,16,3.4,185.6,45.0
202506030412,15,2.4,212.4,53.7
202509020401,16,2.6,234.9,66.8
202509020402,16,1.9,197.4,66.8
202509020403,16,2.3,197.4,62.2
202509020404,14,2.8,156.5,39.4
202509020405,14,2.6,174.9,34.6
202509020406,11,2.6,92.0,19.4
202509020407,10,2.2,86.7,20.1
202509020408,10,2.6,81.3,15.4
202509020409,15,4.3,92.8,33.4
202509020410,14,4.1,128.7,30.0
202509020411,15,5.3,150.6,32.6
202509020412,11,2.9,49.4,18.1
202503010101,15,1.9,207.6,53.3
202503010102,16,2.4,195.8,56.0
202503010103,16,2.6,202.9,65.1
202503010104,15,2.2,219.9,50.3
202503010105,16,4.3,233.3,45.8
202503010106,16,2.2,219.3,55.8
202503010107,15,3.6,162.0,39.4
202503010108,16,2.6,237.8,48.3
202503010109,15,3.3,190.0,38.0
202503010110,16,2.6,176.7,49.9
202503010111,15,3.7,229.1,40.4
202503010112,16,3.0,188.4,48.7
202506030501,14,2.2,198.4,48.4
202506030502,16,2.2,204.1,55.9
202506030503,13,2.3,180.6,33.7
202506030504,14,4.1,162.9,30.9
202506030505,12,1.7,125.5,39.7
202506030506,12,1.9,126.4,34.3
202506030507,16,3.0,253.2,61.1
202506030508,14,2.4,166.1,37.2
202506030509,9,1.7,113.7,13.7
202506030510,14,3.8,167.3,35.6
202506030511,14,2.9,179.9,36.9
202506030512,16,3.2,181.0,47.7
202509020501,16,2.4,223.0,58.7
202509020502,16,2.8,210.1,56.5
202509020503,16,2.2,213.2,66.7
202509020504,18,7.0,249.0,49.9
202509020505,11,2.4,67.3,17.9
202509020506,11,2.9,93.9,19.0
202509020507,9,2.2,79.7,14.2
202509020508,16,3.6,195.8,41.2
202509020509,9,1.9,80.0,13.5
202509020510,16,4.1,203.6,43.1
202509020511,14,3.2,128.8,32.6
202509020512,16,3.6,174.9,46.8
202503010201,15,3.4,214.7,38.1
202503010202,16,2.4,208.9,58.2
202503010203,16,3.1,219.3,54.9
202503010204,15,1.9,178.8,53.8
202503010205,16,2.8,229.6,57.7
202503010206,16,2.8,195.7,54.4
202503010207,16,2.4,227.1,55.9
202503010208,16,4.7,242.6,45.2
202503010209,10,3.3,45.3,12.1
202503010210,16,2.5,197.1,55.1
202503010211,15,3.6,218.0,39.6
202503010212,15,2.7,196.2,49.6
202506030601,15,2.0,240.3,50.8
202506030602,16,3.6,197.9,46.5
202506030603,16,2.4,229.5,51.4
202506030604,13,3.1,144.9,28.2
202506030605,16,2.8,245.1,58.9
202506030606,18,3.3,260.7,72.8
202506030607,10,1.9,115.3,16.9
202506030608,16,3.9,210.6,43.7
202506030609,11,2.8,88.7,18.0
202506030610,10,3.3,70.3,15.8
202506030611,14,3.2,168.9,38.1
202506030612,16,2.2,237.4,67.0
202509020601,16,3.0,211.2,52.8
202509020602,15,2.4,197.7,44.8
202509020603,16,3.9,203.1,45.0
202509020604,15,2.1,198.9,56.0
202509020605,16,4.6,143.2,38.7
202509020606,10,2.1,116.7,19.2
202509020607,7,2.2,52.6,9.5
202509020608,12,3.1,131.9,24.4
202509020609,8,1.7,28.3,11.0
202509020610,11,2.1,127.9,22.4
202509020611,18,4.5,215.0,57.1
202509020612,16,3.2,188.4,42.2
202503010301,16,2.2,213.7,60.5
202503010302,16,2.4,194.3,56.2
202503010303,16,2.5,192.8,48.1
202503010304,15,3.8,217.0,46.3
202503010305,16,3.1,213.3,49.6
202503010306,16,3.3,223.4,52.8
202503010307,15,3.3,228.4,47.1
202503010308,16,3.3,247.4,46.6
202503010309,10,2.7,58.5,17.5
202503010310,16,4.3,206.5,40.4
202503010311,15,3.1,175.0,38.6
202503010312,16,3.9,239.6,51.1
202506030701,14,2.3,182.9,38.2
202506030702,10,1.9,99.1,17.4
202506030703,16,3.2,218.1,49.8
202506030704,13,1.8,179.0,36.9
202506030705,16,1.6,199.8,75.9
202506030706,8,1.8,47.6,10.6
202506030707,15,2.8,226.0,45.9
202506030708,14,2.6,173.2,39.5
202506030709,13,2.1,121.9,33.7
202506030710,16,3.4,257.9,58.5
202506030711,12,3.0,153.1,28.6
202506030712,16,2.9,178.3,57.1
202509020701,16,2.0,206.6,59.9
202509020702,16,4.4,230.1,46.2
202509020703,16,2.8,210.1,51.7
202509020704,16,2.7,178.5,50.1
202509020705,7,1.5,35.5,7.0
202509020706,8,2.1,60.8,9.5
202509020707,10,2.1,97.7,18.4
202509020708,14,4.5,162.2,30.0
202509020709,16,3.3,196.9,48.2
202509020710,14,3.7,180.5,36.1
202509020711,13,2.6,142.5,30.7
202509020712,16,2.9,206.9,51.2
202503010401,16,3.0,224.5,53.5
202503010402,15,2.9,220.0,54.6
202503010403,16,3.5,174.6,43.9
202503010404,16,3.3,205.4,45.9
202503010405,16,2.9,242.0,47.3
202503010406,15,5.1,216.1,33.8
202503010407,16,3.1,199.4,49.3
202503010408,15,3.1,225.2,42.4
202503010409,15,3.5,212.4,44.1
202503010410,15,3.6,224.6,45.6
202503010411,16,3.2,216.6,47.9
202503010412,15,3.0,229.2,41.1
202506030801,14,2.4,192.1,43.0
202506030802,16,2.1,238.1,72.6
202506030803,12,1.8,149.6,35.2
202506030804,16,2.3,248.9,58.8
202506030805,11,1.7,113.2,23.5
202506030806,15,2.8,184.4,40.5
202506030807,16,2.9,222.6,57.9
202506030808,16,1.9,192.4,61.4
202506030809,12,3.0,141.9,27.3
202506030810,16,2.8,209.6,54.2
202506030811,18,3.9,232.3,62.8
202506030812,13,2.5,149.2,33.5
202509020801,16,4.0,258.7,52.3
202509020802,16,2.6,211.2,59.7
202509020803,16,3.0,195.0,51.2
202509020804,14,2.2,159.4,44.7
202509020805,18,2.6,234.7,69.0
202509020806,16,3.8,162.4,43.7
202509020807,11,2.3,113.4,21.1
202509020808,13,2.8,77.6,30.6
202509020809,8,2.4,26.3,8.2
202509020810,16,3.1,186.1,45.4
202509020811,11,2.2,91.4,19.9
202509020812,16,3.8,209.9,44.8
202503010501,15,3.3,186.6,37.4
202503010502,16,2.6,237.5,64.5
202503010503,16,2.9,196.6,57.0
202503010504,12,2.1,76.0,31.2
202503010505,16,2.1,215.0,66.8
202503010506,15,2.6,182.5,44.1
202503010507,15,3.0,164.2,41.2
202503010508,16,2.2,171.8,51.5
202503010509,16,2.9,196.8,48.1
202503010510,13,3.0,135.0,29.0
202503010511,16,3.4,184.1,49.7
202503010512,13,3.2,127.5,27.7
202505020101,16,3.5,229.4,46.7
202505020102,16,3.5,217.8,50.6
202505020103,16,2.2,165.4,61.6
202505020104,18,1.8,239.3,96.9
202505020105,18,2.5,237.1,82.0
202505020106,16,2.9,165.6,56.5
202505020107,14,2.1,188.1,45.0
202505020108,12,2.8,137.1,24.2
202505020109,9,1.9,98.1,14.9
202505020110,16,2.5,244.3,51.2
202505020111,13,2.3,143.8,32.1
202505020112,16,2.6,220.8,62.7
202508020101,16,2.8,217.0,58.5
202508020102,16,3.3,239.5,50.7
202508020103,18,3.2,228.1,62.3
202508020104,11,2.2,91.3,21.2
202508020105,18,3.5,229.7,64.8
202508020106,14,2.6,147.8,35.7
202508020107,12,4.6,89.4,23.5
202508020108,7,1.9,32.9,7.0
202508020109,12,3.0,111.5,23.7
202508020110,12,2.0,134.4,30.1
202508020111,14,3.6,159.1,29.6
202508020112,9,1.8,60.6,12.6
202503010601,16,3.4,225.1,50.0
202503010602,16,3.0,201.9,51.3
202503010603,15,3.8,197.1,39.2
202503010604,16,2.8,231.1,53.8
202503010605,14,2.5,152.7,44.5
202503010606,14,4.4,195.6,32.6
202503010607,14,4.2,172.2,34.3
202503010608,16,3.4,210.4,49.4
202503010609,11,2.9,113.4,20.1
202503010610,15,2.7,204.4,42.2
202503010611,16,4.4,203.9,45.8
202503010612,12,2.5,123.2,26.1
202505020201,16,2.6,216.6,56.7
202505020202,16,2.9,240.7,52.0
202505020203,15,1.9,224.2,60.5
202505020204,11,2.0,140.9,26.3
202505020205,14,1.7,170.1,50.4
202505020206,9,1.6,73.1,15.6
202505020207,14,3.9,214.2,32.9
202505020208,14,3.0,178.8,34.5
202505020209,15,3.1,224.1,43.2
202505020210,12,3.9,130.2,22.8
202505020211,18,4.0,233.6,61.3
202505020212,16,3.7,253.9,52.1
202508020201,16,4.0,211.7,47.0
202508020202,16,2.6,206.4,58.7
202508020203,18,2.4,202.6,69.7
202508020204,12,2.2,89.3,29.0
202508020205,14,2.5,139.4,35.0
202508020206,10,2.8,65.9,13.3
202508020207,10,3.4,85.2,19.3
202508020208,12,2.8,111.1,22.9
202508020209,8,2.2,39.5,9.7
202508020210,16,3.6,199.7,43.1
202508020211,10,2.3,58.7,14.7
202508020212,12,3.0,113.5,23.7
202504010101,14,3.0,162.4,35.5
202504010102,15,2.4,186.3,49.3
202504010103,15,2.4,198.7,56.0
202504010104,14,3.7,160.4,30.7
202504010105,16,3.9,178.0,42.8
202504010106,16,3.5,212.6,47.9
202504010107,11,2.1,116.5,21.4
202504010108,13,3.1,145.4,31.6
202504010109,15,2.6,212.7,42.7
202504010110,10,3.4,52.6,14.2
202504010111,15,4.0,168.8,37.0
202504010112,16,3.3,192.1,42.4
202505020301,16,3.9,267.2,49.3
202505020302,16,2.5,238.3,69.7
202505020303,14,2.8,176.7,36.9
202505020304,12,3.2,68.4,24.5
202505020305,9,2.0,64.3,14.4
202505020306,6,1.3,30.6,4.7
202505020307,16,2.8,228.2,49.6
202505020308,7,1.6,24.8,5.6
202505020309,16,4.0,191.7,40.5
202505020310,13,2.5,167.1,32.0
202505020311,12,3.8,80.1,21.5
202505020312,14,2.6,174.1,40.5
202508020301,16,3.6,221.0,54.0
202508020302,16,2.0,190.4,62.7
202508020303,18,4.0,222.8,63.3
202508020304,16,2.1,171.4,60.0
202508020305,12,2.1,139.8,31.6
202508020306,9,2.0,65.5,12.6
202508020307,8,1.4,46.9,8.7
202508020308,14,3.5,169.6,33.3
202508020309,6,1.6,11.6,4.5
202508020310,8,1.3,53.8,8.7
202508020311,13,2.4,127.1,31.6
202508020312,16,3.5,235.0,46.2
202504010201,16,5.2,239.2,49.7
202504010202,15,3.5,224.1,49.3
202504010203,15,3.0,205.3,41.8
202504010204,14,3.3,167.8,31.8
202504010205,16,2.7,236.0,64.0
202504010206,12,3.0,146.7,25.9
202504010207,14,2.9,172.2,37.2
202504010208,9,2.0,33.5,9.6
202504010209,15,2.9,154.5,42.8
202504010210,16,3.0,207.0,46.7
202504010211,15,3.4,208.1,39.4
202504010212,13,2.3,145.8,30.2
202505020401,15,1.8,217.1,63.2
202505020402,16,2.4,236.7,63.8
202505020403,16,1.8,208.6,74.6
202505020404,15,4.2,237.7,44.2
202505020405,16,2.9,196.3,56.0
202505020406,16,2.7,235.6,47.3
202505020407,10,2.0,59.1,17.4
202505020408,9,1.4,65.3,17.2
202505020409,13,2.7,124.8,27.9
202505020410,16,3.7,192.4,51.7
202505020411,14,4.7,131.5,29.6
202505020412,16,4.1,205.7,41.2
202508020401,16,3.5,204.2,57.5
202508020402,14,1.9,167.0,44.7
202508020403,18,3.9,219.4,55.7
202508020404,13,1.6,133.8,42.4
202508020405,15,3.0,226.6,47.4
202508020406,7,1.5,31.8,9.7
202508020407,9,1.9,95.6,17.1
202508020408,7,2.2,22.4,6.6
202508020409,10,1.8,76.3,18.2
202508020410,13,2.9,140.6,30.4
202508020411,15,3.1,213.6,42.6
202508020412,16,3.0,196.1,52.5
202504010301,14,3.0,148.2,37.4
202504010302,15,2.5,185.6,50.4
202504010303,15,2.7,180.9,46.8
202504010304,12,3.0,82.5,24.6
202504010305,15,2.8,170.4,44.8
202504010306,16,2.9,209.6,58.0
202504010307,11,3.5,58.7,18.9
202504010308,13,2.6,143.1,30.7
202504010309,8,1.6,66.3,11.2
202504010310,15,5.6,184.8,34.2
202504010311,16,4.8,156.1,39.0
202504010312,14,3.8,145.9,30.3
202505020501,16,1.8,203.0,76.1
202505020502,14,2.8,150.5,35.4
202505020503,15,1.6,202.9,57.6
202505020504,8,1.4,65.4,10.3
202505020505,16,1.6,190.4,75.9
202505020506,9,1.6,61.4,15.7
202505020507,16,2.8,182.7,53.2
202505020508,12,2.6,125.2,27.4
202505020509,15,2.9,204.4,41.2
202505020510,11,2.0,111.5,24.2
202505020511,18,3.6,265.5,67.4
202505020512,16,2.8,204.4,45.8
202508020501,16,3.3,218.3,55.6
202508020502,16,3.4,205.4,49.4
202508020503,18,5.1,277.9,71.4
202508020504,12,2.1,94.5,29.2
202508020505,15,2.8,182.7,43.5
202508020506,16,2.7,237.2,60.5
202508020507,11,2.1,89.7,20.4
202508020508,8,1.6,63.3,10.9
202508020509,8,1.9,59.8,10.8
202508020510,8,1.6,55.6,11.2
202508020511,10,2.3,80.3,14.8
202508020512,10,1.9,96.2,21.3
202504010401,15,2.6,209.6,50.6
202504010402,15,3.4,238.4,50.0
202504010403,14,3.1,178.7,36.8
202504010404,14,3.7,147.2,30.5
202504010405,16,2.7,154.8,55.6
202504010406,16,2.6,204.4,52.5
202504010407,15,2.8,189.7,43.6
202504010408,13,3.0,156.3,27.8
202504010409,14,6.5,130.5,26.5
202504010410,15,3.9,156.4,35.5
202504010411,14,3.6,145.3,30.5
202504010412,16,4.2,229.9,51.1
202505020601,14,3.1,177.8,35.7
202505020602,16,2.4,227.1,51.3
202505020603,12,2.1,160.4,26.6
202505020604,16,2.6,196.2,57.5
202505020605,16,6.1,197.6,35.9
202505020606,12,1.8,146.4,29.7
202505020607,5,1.1,16.5,3.3
202505020608,12,2.2,158.4,27.2
202505020609,16,3.3,205.6,47.6
202505020610,10,2.2,77.9,14.6
202505020611,18,3.4,237.3,58.9
202505020612,16,4.8,200.2,40.4
202508020601,16,3.5,243.2,52.7
202508020602,16,2.6,177.2,55.2
202508020603,18,5.4,220.1,54.7
202508020604,16,2.6,187.9,57.7
202508020605,12,4.1,148.8,26.0
202508020606,11,2.0,99.2,23.7
202508020607,8,2.2,69.6,10.0
202508020608,14,3.0,152.5,32.2
202508020609,14,2.5,138.9,34.8
202508020610,11,2.5,115.4,21.2
202508020611,16,4.4,214.8,44.3
202508020612,16,5.3,201.1,42.4
202504010501,15,2.6,173.5,46.7
202504010502,15,2.1,202.4,50.6
202504010503,16,3.2,219.9,50.9
202504010504,12,2.0,120.6,27.5
202504010505,16,2.7,199.4,53.2
202504010506,16,3.3,215.9,48.8
202504010507,10,2.6,87.9,14.5
202504010508,16,3.8,218.1,48.4
202504010509,9,2.0,64.3,19.4
202504010510,11,2.8,56.3,18.3
202504010511,16,3.9,152.3,45.5
202504010512,15,2.4,196.5,47.7
202505020701,16,2.9,252.6,51.7
202505020702,16,2.4,225.8,65.3
202505020703,16,2.1,176.6,65.2
202505020704,15,1.7,213.9,59.1
202505020705,18,2.1,240.2,92.5
202505020706,8,1.8,38.6,10.9
202505020707,14,4.7,173.7,29.0
202505020708,13,2.3,190.7,33.0
202505020709,9,3.1,76.6,10.9
202505020710,12,3.2,131.9,23.9
202505020711,12,1.9,117.9,32.0
202505020712,14,3.3,196.0,31.7
202508020701,11,2.1,90.2,24.9
202508020702,10,1.9,77.6,16.6
202508020703,17,2.1,216.5,75.2
202508020704,16,2.7,189.3,51.1
202508020705,15,2.5,159.7,51.6
202508020706,14,2.8,157.0,37.0
202508020707,13,2.8,125.9,30.5
202508020708,10,1.7,79.1,17.7
202508020709,10,2.6,67.9,15.1
202508020710,16,3.9,195.5,43.6
202508020711,11,2.1,68.1,21.1
202508020712,10,2.3,68.8,16.2
202504010601,16,3.4,248.6,46.5
202504010602,15,3.5,225.9,46.5
202504010603,13,2.6,167.7,29.9
202504010604,13,2.4,150.9,31.6
202504010605,12,3.8,139.1,24.2
202504010606,14,2.6,181.8,35.0
202504010607,13,3.1,134.2,29.4
202504010608,14,3.3,143.2,34.9
202504010609,16,3.3,238.0,51.5
202504010610,10,4.4,37.0,12.3
202504010611,16,2.8,169.4,48.4
202504010612,15,2.6,197.1,44.5
202505020801,16,4.0,259.4,57.7
202505020802,16,3.1,249.9,57.5
202505020803,14,2.4,210.7,42.6
202505020804,14,2.1,195.5,44.8
202505020805,13,2.9,169.1,30.2
202505020806,16,2.8,243.5,55.3
202505020807,10,2.0,150.6,24.6
202505020808,9,1.6,115.8,17.3
202505020809,9,2.6,148.2,18.2
202505020810,16,2.8,221.7,49.0
202505020811,18,4.1,236.1,56.8
202505020812,16,2.6,240.0,56.4
202508020801,16,3.2,206.5,50.2
202508020802,13,2.6,139.8,31.7
202508020803,16,2.7,211.1,53.5
202508020804,12,2.2,127.1,27.2
202508020805,13,2.8,121.5,28.6
202508020806,16,4.4,222.3,49.0
202508020807,10,2.2,79.1,18.8
202508020808,10,2.3,65.1,15.1
202508020809,9,1.9,65.3,13.6
202508020810,12,3.4,139.8,24.4
202508020811,16,2.7,199.1,49.4
202508020812,16,4.4,211.0,44.7
202504010701,14,3.0,153.5,34.2
202504010702,15,2.3,195.4,47.3
202504010703,15,2.3,199.3,49.6
202504010704,13,2.1,129.2,32.3
202504010705,16,3.6,222.8,47.4
202504010706,15,3.8,225.3,38.9
202504010707,16,5.7,223.7,48.7
202504010708,15,2.3,170.7,49.5
202504010709,15,2.5,227.0,45.1
202504010710,16,2.9,188.6,52.9
202504010711,16,3.2,148.3,46.2
202504010712,15,2.8,209.8,41.7
202505020901,16,1.8,215.4,76.3
202505020902,16,2.1,220.7,64.9
202505020903,16,3.0,242.8,50.6
202505020904,18,2.5,227.9,84.3
202505020905,17,2.5,234.8,67.4
202505020906,14,3.2,194.5,32.0
202505020907,13,2.6,186.8,30.2
202505020908,16,2.7,186.9,52.3
202505020909,9,1.9,85.3,13.0
202505020910,12,2.8,93.2,25.4
202505020911,16,2.4,222.6,61.6
202505020912,14,4.6,173.7,32.3
202508020901,16,5.4,179.1,40.3
202508020902,16,3.5,178.9,46.6
202508020903,18,4.4,230.7,59.3
202508020904,18,2.9,239.7,67.2
202508020905,16,4.9,238.2,46.5
202508020906,9,2.1,64.5,11.7
202508020907,12,2.1,98.8,28.9
202508020908,16,2.6,183.9,51.8
202508020909,13,2.3,130.8,33.6
202508020910,8,1.8,43.7,10.8
202508020911,16,4.1,222.1,48.3
202508020912,13,2.8,157.6,33.6
202504010801,16,3.9,202.1,48.5
202504010802,15,2.6,230.8,47.9
202504010803,15,2.8,230.4,50.4
202504010804,14,2.1,158.7,41.3
202504010805,16,2.8,234.1,56.0
202504010806,16,4.8,197.2,44.0
202504010807,15,2.8,175.4,39.1
202504010808,16,3.1,185.2,53.2
202504010809,16,3.3,184.7,47.8
202504010810,15,2.7,195.1,41.3
202504010811,16,8.6,165.8,33.1
202504010812,15,2.4,179.1,46.6
202505021001,16,3.3,239.4,57.2
202505021002,16,2.7,191.2,50.7
202505021003,16,3.3,238.9,57.1
202505021004,18,2.4,248.5,77.3
202505021005,17,2.8,233.8,76.6
202505021006,9,2.4,52.0,12.8
202505021007,8,1.8,66.7,10.0
202505021008,16,5.2,227.6,40.4
202505021009,9,1.8,69.4,13.9
202505021010,9,2.4,45.7,11.2
202505021011,18,2.7,194.6,80.2
202505021012,16,5.7,196.3,36.9
202508021001,16,2.5,213.9,50.1
202508021002,16,2.6,190.7,63.0
202508021003,14,2.7,124.5,34.4
202508021004,18,2.9,235.9,82.2
202508021005,14,2.0,142.0,40.7
202508021006,13,2.3,153.9,31.2
202508021007,16,2.7,185.7,52.2
202508021008,7,1.3,45.9,7.4
202508021009,18,4.4,217.7,58.3
202508021010,16,3.1,198.2,47.1
202508021011,17,3.2,247.3,70.3
202508021012,9,2.0,53.2,13.4
202505021101,16,2.3,219.0,70.5
202505021102,16,2.4,242.8,69.6
202505021103,18,2.3,238.5,79.0
202505021104,14,2.1,173.5,42.1
202505021105,16,1.9,197.2,73.4
202505021106,10,2.5,48.8,14.7
202505021107,11,2.4,114.5,19.5
202505021108,16,2.6,156.8,54.2
202505021110,16,4.7,213.4,44.1
202505021111,16,2.9,238.5,60.8
202505021112,15,2.4,198.0,54.0
202508021101,16,2.9,203.7,51.9
202508021102,16,3.0,225.8,54.5
202508021103,15,2.6,209.0,47.6
202508021104,18,3.5,217.2,64.0
202508021105,18,2.6,232.0,69.6
202508021106,16,3.0,191.7,49.1
202508021107,6,1.4,32.3,5.6
202508021108,18,4.2,235.8,63.0
202508021109,9,2.2,96.0,13.6
202508021110,16,2.1,167.0,56.4
202508021111,16,5.3,163.5,38.0
202508021112,13,2.3,127.6,30.6
202505021201,16,2.0,198.8,66.6
202505021202,16,2.3,234.6,63.4
202505021203,16,1.7,223.1,78.7
202505021204,15,2.1,233.7,62.5
202505021205,11,2.3,161.2,21.1
202505021206,16,3.4,268.2,76.0
202505021207,16,2.6,246.3,60.0
202505021208,16,2.6,212.4,62.1
202505021209,16,3.0,184.3,52.6
202505021210,18,3.9,219.4,60.6
202505021211,18,2.4,222.6,75.3
202505021212,18,2.9,221.4,58.5
202508021201,16,2.4,228.8,64.7
202508021202,14,2.2,149.0,39.4
202508021203,18,5.4,278.3,65.9
202508021204,12,1.8,124.2,32.4
202508021205,13,2.5,119.2,33.0
202508021206,14,2.9,139.1,33.1
202508021207,12,3.2,114.4,24.9
202508021208,16,3.6,215.3,41.8
202508021209,14,3.6,89.0,31.4
202508021210,16,3.4,221.5,44.2
202508021211,11,3.1,89.7,19.5
202508021212,14,3.6,156.9,29.6
202505030101,14,2.3,187.6,46.5
202505030102,16,2.4,235.4,73.2
202505030103,16,2.9,257.2,66.4
202505030104,14,2.4,187.7,46.2
202505030105,10,1.8,88.8,18.9
202505030106,16,2.6,236.8,57.7
202505030107,18,2.0,244.2,85.7
202505030108,16,2.0,176.6,62.2
202505030109,12,2.1,169.2,31.1
202505030110,15,2.4,222.8,50.0
202505030111,16,3.7,228.4,46.9
202505030112,15,1.9,215.6,56.5
202509030101,15,2.4,197.5,44.8
202509030102,16,3.0,178.7,57.5
202509030103,16,3.1,167.8,51.3
202509030104,16,2.3,198.9,58.2
202509030105,8,2.1,42.2,9.0
202509030106,13,2.8,182.9,37.5
202509030107,10,1.8,76.9,18.8
202509030108,9,1.9,70.2,13.7
202509030109,10,2.0,95.6,19.1
202509030110,9,1.5,75.1,17.2
202509030111,15,3.6,217.1,39.2
202509030112,16,2.9,183.5,47.4
202505030201,16,2.8,250.1,67.7
202505030202,16,3.5,241.9,51.0
202505030203,18,1.8,208.5,86.5
202505030204,16,2.8,251.0,61.2
202505030205,11,2.0,121.1,23.4
202505030206,17,2.1,234.8,74.9
202505030207,16,2.6,207.7,47.7
202505030208,18,2.6,252.6,90.9
202505030209,12,2.3,148.4,27.6
202505030210,16,2.7,238.2,51.8
202505030211,18,3.5,230.7,61.5
202505030212,14,2.0,140.7,41.7
202509030201,11,1.7,120.5,25.2
202509030202,14,2.8,145.9,33.4
202509030203,16,3.0,165.6,50.3
202509030204,15,2.7,223.5,51.3
202509030205,11,2.2,62.4,22.5
202509030206,18,4.9,246.0,57.1
202509030207,18,3.1,211.2,67.5
202509030208,13,2.8,133.6,31.0
202509030209,8,1.8,57.3,10.3
202509030210,16,2.8,166.8,50.8
202509030211,16,4.6,208.7,48.9
202509030212,16,3.4,238.0,55.8
202502010101,16,4.1,229.2,50.2
202502010102,14,2.7,127.3,33.4
202502010103,12,4.8,83.8,20.0
202502010104,15,3.7,216.1,42.6
202502010105,12,2.6,124.6,20.4
202502010106,14,3.2,171.5,33.0
202502010107,14,5.8,133.3,27.1
202502010108,12,2.8,87.0,22.2
202502010109,12,3.8,119.2,22.2
202502010110,16,5.7,224.3,39.8
202502010111,16,3.7,124.1,41.5
202502010112,14,3.1,138.7,34.0
202505030301,16,2.7,226.7,54.3
202505030302,11,1.7,117.7,22.8
202505030303,16,4.5,275.4,60.0
202505030304,12,2.1,128.5,27.6
202505030305,11,1.8,111.5,23.3
202505030306,10,2.9,66.2,15.2
202505030307,16,1.9,196.8,77.2
202505030308,18,3.6,258.4,62.2
202505030309,16,2.9,199.7,47.8
202505030310,16,3.3,236.8,48.8
202505030311,15,3.2,206.3,43.0
202505030312,16,2.9,229.5,65.5
202509030301,16,2.5,216.4,50.1
202509030302,16,2.2,227.4,55.7
202509030303,16,2.1,201.2,55.9
202509030304,18,4.9,218.5,55.0
202509030305,8,2.3,35.6,9.1
202509030306,18,2.4,172.8,78.4
202509030307,16,3.6,227.2,52.7
202509030308,6,1.2,22.6,4.5
202509030309,13,2.5,153.7,30.0
202509030310,16,2.6,182.7,50.8
202509030311,13,3.0,154.6,32.2
202509030312,16,2.5,196.8,55.0
202502010201,16,5.1,143.6,39.6
202502010202,14,3.7,147.6,33.5
202502010203,12,3.2,70.4,21.9
202502010204,10,3.7,64.6,13.0
202502010205,9,2.2,54.9,12.3
202502010206,13,2.7,138.0,29.4
202502010207,9,3.2,53.6,10.2
202502010208,13,3.3,125.7,27.9
202502010209,13,4.2,96.5,27.4
202502010210,14,5.3,113.2,29.3
202502010211,14,3.6,124.4,30.2
202502010212,11,3.6,76.6,18.4
202505030401,16,3.0,250.0,58.5
202505030402,16,2.4,220.6,62.5
202505030403,16,2.3,227.3,57.8
202505030404,18,3.0,262.7,76.3
202505030405,10,2.2,83.1,17.3
202505030406,16,3.3,200.9,47.3
202505030407,14,2.2,197.2,42.5
202505030408,16,2.5,212.3,51.5
202505030409,10,2.9,110.5,12.6
202505030410,15,3.0,173.6,40.9
202505030411,14,3.0,176.8,33.4
202505030412,16,3.7,268.7,45.9
202509030401,16,2.2,213.4,58.0
202509030402,14,2.6,166.8,35.7
202509030403,18,3.2,196.5,64.0
202509030404,15,2.9,175.0,44.2
202509030405,8,2.3,39.7,9.7
202509030406,16,2.5,189.0,53.6
202509030407,10,2.3,72.1,17.6
202509030408,16,3.6,206.1,45.8
202509030409,15,3.1,192.1,48.1
202509030410,18,3.4,207.4,62.0
202509030411,17,4.7,220.9,53.5
202509030412,16,5.1,212.7,45.9
202502010301,16,5.0,223.3,47.6
202502010302,12,3.0,54.8,24.3
202502010303,13,4.0,143.7,28.3
202502010304,16,2.6,197.1,58.6
202502010305,15,4.0,207.2,44.0
202502010306,9,3.4,64.2,13.0
202502010307,16,2.7,185.2,51.5
202502010308,12,4.0,81.7,21.2
202502010309,10,2.8,74.7,15.6
202502010310,8,3.0,27.2,8.7
202502010311,15,3.7,209.3,37.1
202502010312,8,1.6,50.2,10.7
202505030501,16,4.0,263.0,55.8
202505030502,16,4.8,260.9,53.0
202505030503,16,2.3,224.4,55.8
202505030504,16,2.9,244.6,56.7
202505030505,12,2.8,168.2,28.3
202505030506,16,2.3,228.6,66.8
202505030507,16,2.8,257.7,63.1
202505030508,16,3.0,243.0,62.0
202505030509,9,1.9,97.2,17.1
202505030510,14,2.3,192.1,38.9
202505030511,11,3.3,141.3,17.8
202505030512,16,2.5,225.9,65.7
202509030501,12,2.3,116.4,27.5
202509030502,16,3.5,226.7,54.5
202509030503,16,2.8,204.8,50.3
202509030504,13,2.2,113.7,32.8
202509030505,12,2.8,130.4,26.0
202509030506,15,2.7,192.5,47.4
202509030507,10,2.2,55.0,16.5
202509030508,16,2.5,180.8,50.9
202509030509,13,3.1,140.3,30.3
202509030510,12,2.8,88.7,24.7
202509030511,16,2.5,209.3,48.0
202509030512,14,3.4,139.3,30.7
202502010401,16,2.8,199.7,52.5
202502010402,14,3.8,114.6,30.7
202502010403,12,2.2,94.3,27.3
202502010404,16,4.7,211.2,40.9
202502010405,12,3.9,88.7,20.3
202502010406,11,3.8,87.3,19.3
202502010407,13,2.8,112.5,28.7
202502010408,11,2.4,95.9,20.8
202502010409,10,3.8,59.2,13.7
202502010410,14,3.0,135.1,33.5
202502010411,15,3.8,165.9,37.5
202502010412,12,4.3,42.5,20.1
202505030601,12,2.5,116.6,27.0
202505030602,16,2.5,229.5,57.7
202505030603,16,3.4,266.7,76.5
202505030604,16,1.7,190.5,75.2
202505030605,16,3.0,233.7,53.2
202505030606,16,4.5,270.4,46.1
202505030607,16,3.0,230.6,52.9
202505030608,15,3.1,210.4,42.8
202505030609,16,4.6,240.9,51.5
202505030610,16,2.6,175.9,49.8
202505030611,14,4.0,134.4,30.0
202505030612,16,3.7,239.5,52.9
202509030601,16,2.1,179.2,62.0
202509030602,14,2.4,155.7,39.1
202509030603,18,3.3,225.6,60.8
202509030604,15,2.1,195.8,50.2
202509030605,10,2.7,64.6,15.7
202509030606,16,4.7,215.9,42.8
202509030607,9,1.6,78.3,16.4
202509030608,16,3.1,208.9,56.5
202509030609,9,1.6,64.6,13.8
202509030610,16,2.3,191.7,59.1
202509030611,14,3.8,165.2,32.3
202509030612,15,2.3,194.8,48.5
202502010501,15,4.3,208.8,36.0
202502010502,12,3.0,99.3,24.5
202502010503,14,2.2,126.2,42.6
202502010504,13,2.7,90.1,28.5
202502010505,16,3.4,204.2,47.7
202502010506,12,2.2,78.0,31.1
202502010507,16,4.9,239.5,41.1
202502010508,12,3.5,61.3,22.4
202502010509,8,1.8,47.0,10.1
202502010510,16,3.9,219.8,45.3
202502010511,16,6.6,214.9,35.0
202502010512,14,5.3,158.0,28.0
202503020101,10,2.4,84.0,21.4
202503020102,16,1.7,213.3,92.5
202503020103,15,2.2,211.1,54.8
202503020104,16,3.3,209.7,50.9
202503020105,8,1.7,77.6,11.5
202503020106,11,2.3,111.6,20.3
202503020107,7,1.2,56.1,7.2
202503020108,16,3.6,227.1,47.5
202503020109,8,1.5,50.1,11.6
202503020110,14,1.8,174.9,46.9
202503020111,16,4.2,201.6,42.1
202503020112,15,3.6,196.7,44.5
202510020101,12,2.1,83.3,26.9
202510020102,6,1.4,19.3,4.8
202510020103,16,2.3,207.4,60.5
202510020104,16,2.5,176.9,60.3
202510020105,14,2.3,141.1,36.3
202510020106,14,2.3,156.3,37.5
202510020107,15,2.3,176.4,43.2
202510020108,16,3.8,247.4,44.2
202510020109,8,1.4,51.7,10.1
202510020110,6,1.3,28.3,4.8
202510020111,16,3.2,207.5,53.6
202510020112,14,2.8,169.5,38.5
202502010601,12,2.7,81.6,26.0
202502010602,12,3.5,80.7,21.6
202502010603,12,2.6,78.7,26.0
202502010604,9,1.6,67.1,12.8
202502010605,12,3.5,63.0,21.9
202502010606,16,3.8,205.3,49.8
202502010607,11,2.3,58.1,20.1
202502010608,11,4.0,61.9,16.5
202502010609,10,2.5,48.8,13.3
202502010610,11,2.7,58.5,21.6
202502010611,14,8.0,75.5,26.8
202502010612,14,4.3,124.0,29.1
202503020201,15,2.1,226.1,58.8
202503020202,16,3.0,232.4,57.3
202503020203,15,2.8,237.7,47.5
202503020204,15,2.1,203.7,53.9
202503020205,13,3.0,185.7,34.5
202503020206,7,1.3,33.4,7.3
202503020207,16,3.3,236.5,53.1
202503020208,9,2.1,99.2,15.2
202503020209,11,2.0,112.2,23.2
202503020210,15,3.4,222.4,42.8
202503020211,14,4.8,165.9,30.6
202503020212,14,4.2,199.3,34.3
202510020201,12,1.9,118.7,28.8
202510020202,17,2.3,215.2,66.2
202510020203,16,2.7,187.0,53.9
202510020204,16,3.8,201.6,50.1
202510020205,17,4.3,216.6,47.5
202510020206,10,2.2,63.6,18.0
202510020207,18,3.4,204.6,68.9
202510020208,14,3.4,150.9,30.0
202510020209,8,2.1,50.4,10.2
202510020210,15,2.7,182.4,44.2
202510020211,13,3.0,132.3,27.8
202510020212,16,2.7,181.4,60.6
202502010701,8,2.1,37.5,9.5
202502010702,12,2.7,93.3,23.4
202502010703,13,3.2,133.6,28.2
202502010704,9,1.5,51.9,17.2
202502010705,7,1.8,23.0,5.6
202502010706,12,2.7,92.4,21.9
202502010707,12,3.2,75.1,21.6
202502010708,9,2.4,60.4,11.2
202502010709,8,3.0,37.7,7.9
202502010710,14,5.3,140.9,29.3
202502010711,14,4.2,129.6,29.3
202502010712,13,3.5,154.3,29.2
202503020301,10,2.3,63.7,15.8
202503020302,15,3.0,220.5,43.3
202503020303,9,1.8,62.6,11.9
202503020304,9,2.3,81.6,12.0
202503020305,7,1.5,37.1,7.7
202503020306,14,3.1,160.8,31.1
202503020307,16,2.1,230.3,57.9
202503020308,16,2.5,227.1,59.8
202503020309,10,3.0,69.2,14.4
202503020310,15,2.0,218.8,56.3
202503020311,16,3.6,260.9,47.4
202503020312,15,2.6,210.1,49.7
202510020301,5,1.1,14.1,3.6
202510020302,16,3.4,187.3,47.5
202510020303,18,2.4,198.2,67.1
202510020304,14,4.1,132.6,31.0
202510020305,8,1.9,53.9,9.4
202510020306,16,3.5,177.9,47.0
202510020307,16,3.0,203.1,53.1
202510020308,9,2.3,48.7,10.6
202510020309,8,2.4,57.9,11.3
202510020310,11,1.9,82.9,25.1
202510020311,11,1.9,83.9,25.3
202510020312,10,2.6,79.9,15.6
202502010801,10,2.1,78.3,14.8
202502010802,12,2.7,64.0,27.4
202502010803,13,2.6,127.8,30.1
202502010804,15,4.4,182.8,38.0
202502010805,6,1.7,22.6,4.6
202502010806,12,3.1,65.6,24.0
202502010807,12,2.9,69.6,22.4
202502010808,13,3.8,85.9,26.6
202502010809,11,3.2,74.9,19.8
202502010810,10,2.2,56.3,15.7
202502010811,10,3.1,63.1,12.8
202502010812,10,2.5,60.5,15.5
202503020401,14,3.0,138.3,34.1
202503020402,15,2.1,198.2,52.3
202503020403,16,2.5,196.1,59.7
202503020404,11,3.6,134.6,23.2
202503020405,8,1.4,52.1,12.3
202503020406,16,2.5,242.9,67.9
202503020407,16,2.1,196.9,59.2
202503020408,14,2.3,186.9,42.3
202503020409,16,3.2,221.0,49.8
202503020410,16,2.4,245.7,62.1
202503020411,15,4.6,231.7,44.9
202503020412,15,2.8,242.9,49.2
202510020401,16,2.8,206.4,58.7
202510020402,16,3.7,182.0,47.9
202510020403,18,2.4,223.8,79.4
202510020404,18,3.7,220.6,71.5
202510020405,9,3.2,46.6,10.7
202510020406,5,1.3,7.8,3.2
202510020407,9,1.8,56.5,13.1
202510020408,14,2.8,148.3,32.2
202510020409,8,1.8,62.4,11.5
202510020410,7,1.3,39.1,6.7
202510020411,18,4.7,217.3,60.7
202510020412,16,2.2,197.7,58.3
202502010901,14,2.5,142.4,35.6
202502010902,12,3.1,83.1,26.5
202502010903,13,4.2,164.7,31.1
202502010904,14,4.6,115.7,29.8
202502010905,7,1.4,33.2,7.7
202502010906,16,5.0,182.3,41.4
202502010907,10,2.4,56.3,15.9
202502010908,11,2.8,72.8,17.8
202502010909,11,3.3,124.5,18.6
202502010910,11,3.6,115.2,20.5
202502010911,14,5.0,136.2,30.8
202502010912,12,3.2,78.0,23.9
202503020501,10,1.6,92.1,22.4
202503020502,15,2.7,256.6,53.6
202503020503,16,2.4,231.4,60.7
202503020504,16,3.1,237.0,53.4
202503020505,11,1.9,113.3,24.6
202503020506,14,2.9,152.4,31.2
202503020507,15,2.3,221.8,56.8
202503020508,15,2.8,218.8,46.8
202503020509,12,3.2,137.0,27.4
202503020510,9,1.7,59.4,14.4
202503020511,14,2.7,221.9,35.4
202503020512,15,2.9,210.0,44.8
202510020501,10,1.9,92.2,16.2
202510020502,16,2.5,206.1,56.3
202510020503,14,2.6,151.2,36.1
202510020504,7,1.5,31.0,6.3
202510020505,12,3.0,113.3,24.8
202510020506,18,2.5,215.3,74.2
202510020507,18,2.3,215.3,72.4
202510020508,16,5.7,209.6,44.2
202510020509,11,2.4,87.7,20.9
202510020510,13,2.6,98.3,29.7
202510020511,10,2.9,68.0,13.8
202510020512,17,2.4,197.7,63.0
202502011001,12,2.8,94.8,24.5
202502011002,14,3.5,127.8,34.4
202502011003,16,5.9,217.1,36.4
202502011004,13,2.7,97.2,30.8
202502011005,7,2.2,28.7,5.8
202502011006,15,2.2,174.4,45.9
202502011007,14,3.5,119.5,30.9
202502011008,12,2.7,85.1,25.0
202502011009,12,4.1,135.9,22.7
202502011010,12,3.5,65.5,21.4
202502011011,12,3.0,67.2,24.6
202502011012,8,2.5,50.9,10.3
202503020601,9,1.7,65.1,15.8
202503020602,15,2.5,207.9,48.1
202503020603,16,3.2,230.1,55.6
202503020604,16,4.5,246.4,47.1
202503020605,15,3.1,220.0,46.1
202503020606,15,2.1,204.1,56.4
202503020607,15,3.0,235.9,52.3
202503020608,15,4.2,242.1,40.4
202503020609,13,3.1,139.1,31.9
202503020610,15,2.8,234.2,49.5
202503020611,15,3.2,187.5,42.3
202503020612,9,2.0,124.6,14.5
202510020601,12,2.7,91.8,25.5
202510020602,18,3.1,202.8,61.1
202510020603,16,2.5,218.3,60.2
202510020604,16,2.2,187.8,65.6
202510020605,8,1.8,31.5,10.6
202510020606,8,3.0,37.4,7.9
202510020607,16,2.6,174.2,51.2
202510020608,16,4.0,165.3,43.5
202510020609,14,4.6,136.2,29.8
202510020610,9,4.2,45.7,10.6
202510020611,16,3.8,177.4,44.6
202510020612,16,2.2,170.7,51.7
202502011101,11,2.0,67.2,23.6
202502011102,12,2.8,88.1,24.7
202502011103,12,2.3,122.4,27.4
202502011104,15,5.8,176.8,33.9
202502011105,16,3.4,143.9,50.0
202502011106,14,3.5,122.7,30.5
202502011107,16,4.1,217.4,45.9
202502011108,10,2.9,96.8,13.2
202502011109,14,3.2,140.3,30.5
202502011110,14,4.0,135.3,28.7
202502011111,14,3.5,136.7,32.2
202502011112,16,4.3,200.0,46.5
202503020701,8,2.2,26.2,9.8
202503020702,15,2.1,197.7,49.1
202503020703,10,2.4,96.4,16.3
202503020704,16,2.6,196.0,51.5
202503020705,16,2.0,222.2,60.9
202503020706,14,3.3,210.1,38.3
202503020707,16,3.3,207.0,45.9
202503020708,16,3.0,175.1,48.8
202503020709,8,1.7,56.0,10.3
202503020710,16,2.3,225.3,60.7
202503020711,11,2.4,99.1,19.6
202503020712,11,1.7,138.0,23.8
202510020701,10,2.0,81.0,15.1
202510020702,14,2.4,159.3,42.4
202510020703,18,2.5,181.1,86.4
202510020704,16,2.4,198.9,61.1
202510020705,9,1.9,41.3,10.0
202510020706,16,3.4,234.4,50.5
202510020707,9,2.2,60.0,14.4
202510020708,10,2.7,90.8,16.6
202510020709,18,1.9,211.9,94.4
202510020710,16,3.3,208.3,51.2
202510020711,17,3.5,195.4,55.4
202510020712,16,2.5,210.4,58.9
202502011201,16,8.2,224.3,45.5
202502011202,13,3.3,112.8,28.6
202502011203,14,6.6,140.3,29.9
202502011204,14,2.2,160.8,40.1
202502011205,9,4.0,40.5,11.6
202502011206,16,4.4,168.0,40.7
202502011207,12,3.2,97.3,22.4
202502011208,9,2.6,51.8,11.2
202502011209,13,2.5,125.4,27.6
202502011210,12,5.9,98.1,19.0
202502011211,12,2.8,122.7,22.8
202502011212,13,7.2,161.3,28.0
202503020801,14,3.1,170.3,33.2
202503020802,15,4.3,266.2,50.8
202503020803,6,1.4,19.9,4.3
202503020804,8,2.1,46.0,9.3
202503020805,13,2.8,140.3,28.4
202503020806,14,2.5,166.7,36.5
202503020807,15,2.2,230.4,56.4
202503020808,14,1.9,175.9,46.8
202503020809,11,3.0,90.7,19.0
202503020810,10,1.8,139.9,16.8
202503020811,13,3.1,92.8,27.7
202503020812,15,3.0,225.3,45.2
202510020801,11,2.2,95.4,21.2
202510020802,18,3.0,213.0,63.1
202510020803,16,4.0,209.8,48.5
202510020804,18,3.2,241.9,64.6
202510020805,13,3.2,131.4,32.9
202510020806,9,2.5,44.7,10.8
202510020807,10,1.9,80.2,16.6
202510020808,12,2.8,114.3,24.7
202510020809,8,2.2,55.1,10.4
202510020810,13,2.7,171.0,31.0
202510020811,16,4.9,171.7,38.0
202510020812,18,2.4,196.1,72.3
202501010101,12,2.7,116.9,25.7
202501010102,12,2.1,92.9,28.1
202501010103,14,2.7,141.6,36.4
202501010104,14,4.3,145.1,29.9
202501010105,13,5.2,155.6,25.2
202501010106,14,4.0,141.1,30.4
202501010107,8,2.0,40.0,9.6
202501010108,5,1.2,10.8,3.4
202501010109,13,3.0,111.7,28.4
202501010110,13,3.9,166.9,29.0
202501010111,12,2.6,60.4,23.5
202501010112,14,4.1,122.3,33.8
202504020101,8,1.6,29.0,10.0
202504020102,12,2.9,128.8,28.8
202504020103,18,4.5,229.4,56.3
202504020104,15,2.2,172.0,48.0
202504020105,18,2.4,225.8,82.8
202504020106,15,2.7,221.4,51.9
202504020107,10,2.1,56.6,15.5
202504020108,14,4.0,154.9,31.0
202504020109,14,2.8,190.8,33.4
202504020110,14,2.5,160.1,34.4
202504020111,14,2.5,187.7,35.1
202504020112,17,2.3,234.1,72.6
202507030101,14,2.3,146.9,39.5
202507030102,16,2.8,189.3,48.5
202507030103,6,1.3,20.2,4.2
202507030104,11,2.1,99.5,22.3
202507030105,16,4.8,232.9,47.6
202507030106,16,2.4,174.2,54.3
202507030107,10,2.4,74.0,16.3
202507030108,7,1.8,41.5,6.1
202507030109,8,2.1,59.4,9.8
202507030110,11,2.1,71.8,26.0
202507030111,14,3.0,150.1,35.7
202507030112,10,1.9,53.5,11.3
202501010201,14,3.7,133.0,30.7
202501010202,14,3.0,136.3,35.6
202501010203,14,3.3,160.0,34.5
202501010204,9,1.7,61.3,14.3
202501010205,6,1.6,33.7,6.3
202501010206,9,2.1,56.6,13.6
202501010207,13,3.3,127.2,28.9
202501010208,8,2.0,24.5,8.3
202501010209,9,2.9,54.7,11.3
202501010210,8,2.2,38.3,8.4
202501010211,10,3.5,42.2,14.7
202501010212,8,2.4,34.2,10.2
202504020201,7,1.3,35.5,10.3
202504020202,6,1.1,27.9,4.9
202504020203,9,1.5,70.7,15.6
202504020204,15,2.7,209.2,46.2
202504020205,15,2.3,184.1,45.6
202504020206,11,2.0,142.4,23.4
202504020207,18,4.0,269.0,63.7
202504020208,15,2.1,209.9,51.0
202504020209,13,4.0,185.9,29.3
202504020210,14,2.4,198.4,35.3
202504020211,16,4.2,224.4,43.8
202504020212,16,3.6,249.6,49.5
202507030201,14,1.8,140.9,52.2
202507030202,16,3.2,225.9,55.4
202507030203,6,1.9,11.9,4.0
202507030204,16,4.5,200.6,41.8
202507030205,18,3.6,242.6,71.8
202507030206,10,1.7,81.8,20.4
202507030207,16,3.7,163.6,45.3
202507030208,7,1.7,48.8,7.2
202507030209,9,1.7,75.5,13.9
202507030210,12,3.1,121.7,24.0
202507030211,11,1.9,136.0,24.2
202507030212,9,2.0,49.6,12.8
202501010301,8,1.7,28.1,9.4
202501010302,12,3.1,112.2,23.4
202501010303,14,3.4,132.9,31.7
202501010304,16,3.2,197.4,46.9
202501010305,11,4.6,74.3,16.2
202501010306,7,1.4,35.9,6.3
202501010307,10,3.1,55.7,18.6
202501010308,11,2.4,69.3,18.4
202501010309,10,3.5,42.2,12.4
202501010310,14,4.6,121.9,29.9
202501010311,16,5.3,212.5,37.6
202501010312,14,3.8,166.5,33.2
202504020301,14,2.4,179.1,40.7
202504020302,15,2.8,196.6,44.0
202504020303,12,2.9,146.3,27.4
202504020304,13,3.9,178.8,29.3
202504020305,15,2.5,214.5,46.5
202504020306,15,4.0,174.4,37.6
202504020307,15,3.5,193.4,41.2
202504020308,12,3.1,94.1,24.7
202504020309,9,2.0,79.9,13.8
202504020310,13,2.6,145.4,30.4
202504020311,17,3.0,252.3,62.6
202504020312,12,2.0,152.1,30.0
202507030301,5,1.3,10.5,3.0
202507030302,7,1.5,35.9,7.6
202507030303,16,1.9,201.1,62.3
202507030304,14,2.5,136.2,35.8
202507030305,16,2.4,190.2,56.1
202507030306,12,3.4,89.9,27.0
202507030307,13,3.6,118.5,28.8
202507030308,14,1.9,155.9,41.1
202507030309,10,2.8,66.6,14.1
202507030310,13,2.9,122.3,28.4
202507030311,13,4.3,122.9,27.1
202507030312,16,3.0,196.1,53.2
202501010401,12,3.8,110.8,21.9
202501010402,14,2.9,132.8,35.9
202501010403,16,2.6,210.8,56.6
202501010404,14,3.3,129.8,30.1
202501010405,8,2.2,46.9,10.4
202501010406,14,3.1,156.8,33.3
202501010407,12,2.9,113.5,26.5
202501010408,11,3.3,61.2,16.7
202501010409,10,2.6,58.7,14.3
202501010410,13,3.0,117.5,27.3
202501010411,14,4.5,136.2,31.0
202501010412,8,2.2,50.7,10.3
202504020401,14,3.4,163.6,33.3
202504020402,15,3.8,218.1,43.1
202504020403,6,1.2,33.2,4.4
202504020404,13,2.2,137.1,32.3
202504020405,15,5.5,256.8,39.3
202504020406,5,1.1,15.0,3.3
202504020407,18,4.1,241.6,59.8
202504020408,11,2.0,121.0,19.9
202504020409,15,1.9,181.6,52.2
202504020410,15,3.0,217.2,44.5
202504020411,14,2.5,197.3,40.6
202504020412,12,2.2,113.1,27.4
202507030401,5,1.1,10.9,2.9
202507030402,15,2.4,133.3,43.5
202507030403,7,2.3,20.1,5.9
202507030404,16,3.6,222.5,45.2
202507030405,16,2.7,166.2,54.4
202507030406,16,2.6,180.5,47.5
202507030407,12,2.8,118.4,25.1
202507030408,8,1.8,65.0,10.0
202507030409,18,3.1,236.6,78.3
202507030410,16,2.7,183.8,48.4
202507030411,8,2.4,26.9,8.9
202507030412,18,6.7,197.9,47.0
202501010501,12,2.3,86.1,26.7
202501010502,14,2.7,125.7,34.5
202501010503,16,3.4,224.2,49.1
202501010504,14,5.0,136.4,29.9
202501010505,12,4.0,88.7,21.0
202501010506,15,2.2,157.3,45.7
202501010507,12,2.5,92.5,26.6
202501010508,11,3.3,98.9,17.6
202501010509,10,1.8,65.0,17.1
202501010510,11,2.5,79.2,20.8
202501010511,14,5.6,92.5,31.3
202501010512,11,2.8,56.4,18.6
202504020501,15,2.1,236.3,51.0
202504020502,10,1.6,72.1,16.2
202504020503,17,3.3,260.0,63.6
202504020504,15,2.0,209.9,54.8
202504020505,15,3.7,190.5,45.9
202504020506,16,2.9,238.9,50.8
202504020507,13,3.2,116.8,27.2
202504020508,9,2.9,32.2,10.5
202504020509,14,3.8,210.6,31.6
202504020510,15,3.4,225.4,38.4
202504020511,18,2.5,240.9,64.8
202504020512,18,4.3,245.0,55.0
202507030501,9,2.9,51.5,11.1
202507030502,15,2.4,189.6,52.2
202507030503,12,2.5,140.1,27.3
202507030504,11,2.6,85.9,19.0
202507030505,16,3.0,204.0,57.4
202507030506,11,3.1,118.3,20.7
202507030507,16,3.3,193.6,49.4
202507030508,7,2.2,18.6,6.2
202507030509,9,1.6,62.6,12.6
202507030510,15,3.2,201.3,43.8
202507030511,18,5.9,215.7,50.1
202507030512,12,2.7,69.9,23.5
202501010601,14,3.2,120.8,31.0
202501010602,12,3.1,93.2,25.0
202501010603,16,3.1,155.4,47.1
202501010604,14,3.2,135.6,29.6
202501010605,12,2.6,99.2,26.7
202501010606,14,3.8,128.6,30.8
202501010607,15,4.5,157.5,34.9
202501010608,9,3.5,42.1,10.7
202501010609,9,2.4,78.6,12.1
202501010610,14,4.6,148.6,29.8
202501010611,16,5.6,117.6,36.3
202501010612,14,5.0,131.8,29.1
202504020601,18,3.0,245.2,67.3
202504020602,12,2.0,134.6,27.4
202504020603,15,2.6,242.3,55.0
202504020604,14,2.6,205.5,35.6
202504020605,18,3.3,265.4,71.6
202504020606,14,2.5,189.5,40.0
202504020607,15,4.7,194.7,37.7
202504020608,18,2.8,236.3,69.3
202504020609,14,2.5,179.7,38.5
202504020610,15,2.1,192.9,45.4
202504020611,14,2.8,158.9,37.3
202504020612,18,5.9,276.9,53.5
202507030601,11,1.8,92.8,21.2
202507030602,15,4.2,169.6,40.4
202507030603,12,2.3,112.6,28.2
202507030604,13,3.8,136.2,27.2
202507030605,16,2.9,211.8,50.9
202507030606,9,2.1,96.7,11.8
202507030607,18,2.5,206.1,60.3
202507030608,12,3.3,94.6,23.3
202507030609,14,3.6,121.6,32.0
202507030610,13,3.1,96.7,28.4
202507030611,16,3.9,189.6,45.8
202507030612,15,3.1,222.5,50.8
202501010701,7,1.4,44.2,7.4
202501010702,14,3.3,123.2,29.8
202501010703,12,2.5,94.5,27.0
202501010704,14,4.3,150.1,30.4
202501010705,11,2.5,95.3,18.0
202501010706,14,3.0,94.9,35.3
202501010707,9,2.4,50.9,11.3
202501010708,14,3.1,129.5,32.9
202501010709,8,1.8,34.6,10.2
202501010710,13,3.5,134.7,30.2
202501010711,14,4.2,153.0,29.5
202501010712,12,3.3,145.3,25.5
202504020701,13,2.2,142.0,31.6
202504020702,18,2.7,268.3,75.2
202504020703,14,3.5,202.5,33.9
202504020704,11,2.4,148.8,22.9
202504020705,17,5.0,283.0,70.8
202504020706,12,2.7,97.1,26.8
202504020707,15,3.0,222.9,46.6
202504020708,13,2.3,168.7,30.7
202504020709,14,2.2,138.3,44.5
202504020710,15,2.3,235.5,49.2
202504020711,18,3.7,249.5,62.4
202504020712,17,3.0,260.6,74.8
202507030701,9,2.3,86.5,13.6
202507030702,10,2.1,66.6,14.6
202507030703,18,1.8,167.2,77.6
202507030704,16,1.8,173.2,70.4
202507030705,16,3.6,212.1,47.8
202507030706,13,2.1,138.7,32.8
202507030707,9,1.8,61.7,13.4
202507030708,8,2.0,46.0,11.2
202507030709,16,2.9,170.1,51.2
202507030710,8,2.2,45.7,9.1
202507030711,17,2.6,222.9,59.8
202507030712,10,2.2,64.3,14.2
202501010801,10,2.0,59.3,11.9
202501010802,12,2.8,141.5,27.9
202501010803,16,4.6,165.3,40.4
202501010804,14,4.2,162.6,29.9
202501010805,5,1.3,8.4,2.8
202501010806,12,2.7,113.3,26.8
202501010807,14,4.6,90.6,29.9
202501010808,13,3.0,150.9,29.5
202501010809,16,3.8,210.7,41.2
202501010810,11,3.5,58.7,15.4
202501010811,16,5.4,236.7,38.7
202501010812,14,3.9,142.4,30.8
202504020801,13,2.5,177.6,32.3
202504020802,15,3.0,241.5,55.2
202504020803,11,2.1,123.0,24.1
202504020804,11,2.9,148.6,20.3
202504020805,15,1.9,190.5,56.8
202504020806,11,2.3,50.8,21.5
202504020807,15,2.9,205.7,37.3
202504020808,9,1.9,57.9,12.7
202504020809,15,2.5,233.1,51.4
202504020810,10,2.0,65.4,15.9
202504020811,11,3.6,128.2,17.9
202504020812,18,2.2,223.2,72.6
202507030801,7,1.2,35.3,7.2
202507030802,16,3.6,215.5,47.4
202507030803,9,2.2,56.5,11.0
202507030804,13,2.1,95.7,35.2
202507030805,16,3.7,205.8,45.5
202507030806,16,2.6,221.7,58.3
202507030807,12,2.9,113.2,26.7
202507030808,6,1.4,19.9,5.1
202507030809,16,3.3,228.8,53.1
202507030810,16,4.8,197.8,44.0
202507030811,15,2.1,187.1,51.7
202507030812,18,4.5,220.3,55.4
202501020101,8,1.8,60.8,11.3
202501020102,12,2.5,80.2,27.3
202501020103,16,6.0,206.0,45.1
202501020104,14,3.1,141.8,29.5
202501020105,9,2.0,63.3,14.8
202501020106,14,3.4,130.8,31.5
202501020107,14,2.2,125.4,39.2
202501020108,9,3.2,62.9,11.5
202501020109,9,2.0,50.1,10.4
202501020110,14,3.0,157.6,33.3
202501020111,14,7.4,67.4,25.0
202501020112,7,1.7,39.7,7.8
202504030101,6,1.2,24.8,4.8
202504030102,14,3.6,190.5,30.4
202504030103,18,2.8,184.3,68.6
202504030104,16,1.9,218.2,57.0
202504030105,13,5.9,200.1,28.7
202504030106,15,4.4,251.9,52.0
202504030107,11,2.2,112.4,21.9
202504030108,11,2.9,136.9,22.3
202504030109,15,2.8,214.6,42.7
202504030110,17,6.3,258.3,48.4
202504030111,12,3.0,84.7,20.3
202504030112,12,2.5,135.3,27.3
202507040101,6,1.4,19.0,4.9
202507040102,16,1.9,194.8,62.6
202507040103,9,2.2,77.9,13.9
202507040104,18,2.4,223.3,72.0
202507040105,10,2.0,67.2,13.5
202507040106,12,3.6,82.8,22.9
202507040107,16,2.7,191.0,55.9
202507040108,8,1.8,44.8,10.4
202507040109,6,1.7,14.6,4.1
202507040110,13,2.2,159.5,35.3
202507040111,16,4.1,202.1,46.0
202507040112,7,1.4,21.4,5.5
202501020201,14,5.1,123.1,30.4
202501020202,12,2.6,140.4,26.3
202501020203,14,2.8,126.9,35.2
202501020204,14,2.9,156.8,39.1
202501020205,11,2.8,97.8,23.0
202501020206,16,3.4,173.4,52.8
202501020207,11,2.4,64.0,21.2
202501020208,11,2.8,90.3,19.3
202501020209,13,3.4,158.5,27.6
202501020210,14,6.2,140.4,31.2
202501020211,16,5.9,201.7,37.4
202501020212,14,7.0,126.0,24.8
202504030201,7,1.4,35.6,8.9
202504030202,15,2.0,188.9,61.8
202504030203,17,3.6,231.9,63.8
202504030204,15,2.6,253.8,54.0
202504030205,14,4.9,125.4,30.1
202504030206,14,3.6,200.0,35.5
202504030207,18,3.8,236.3,57.4
202504030208,10,2.7,77.6,14.1
202504030209,18,4.6,257.3,61.7
202504030210,13,3.7,120.7,27.8
202504030211,10,2.4,96.5,16.2
202504030212,15,3.1,203.1,40.3
202507040201,11,2.4,85.2,21.4
202507040202,16,2.4,195.1,54.2
202507040203,8,2.1,45.0,8.9
202507040204,16,3.0,196.3,52.9
202507040205,5,1.5,5.1,3.0
202507040206,17,2.6,221.8,64.2
202507040207,7,1.6,23.5,8.1
202507040208,15,1.8,196.1,56.9
202507040209,14,2.7,146.9,33.8
202507040210,16,2.8,216.2,48.5
202507040211,9,1.8,64.2,11.7
202507040212,14,2.8,159.1,38.9
202501020301,8,2.3,48.5,9.2
202501020302,7,1.5,24.9,6.6
202501020303,14,2.7,146.7,34.6
202501020304,14,3.0,156.8,35.6
202501020305,13,2.6,84.8,30.0
202501020306,16,3.3,203.8,47.2
202501020307,12,2.6,80.9,23.4
202501020308,11,2.2,90.2,22.0
202501020309,13,3.4,135.0,27.5
202501020310,14,3.7,152.5,30.3
202501020311,14,2.9,155.4,41.7
202501020312,16,4.9,162.6,41.1
202504030301,13,2.7,156.4,29.0
202504030302,15,2.0,211.2,56.6
202504030303,11,2.8,98.3,21.8
202504030304,15,2.6,206.2,45.1
202504030305,18,2.6,262.5,93.7
202504030306,18,4.0,254.8,62.5
202504030307,18,2.5,246.6,77.7
202504030308,10,1.7,129.0,19.1
202504030309,18,3.1,249.2,67.5
202504030310,13,2.0,170.4,37.8
202504030311,16,2.4,211.6,50.2
202504030312,15,2.3,197.9,51.3
202507040301,12,2.7,125.3,26.7
202507040302,14,3.1,123.0,33.1
202507040303,15,2.3,175.5,42.5
202507040304,16,2.0,172.7,58.8
202507040305,10,2.6,69.3,14.8
202507040306,16,2.5,201.7,49.4
202507040307,10,1.9,57.3,18.6
202507040308,8,2.1,36.7,10.0
202507040309,16,3.8,216.2,48.7
202507040310,11,2.8,121.0,21.7
202507040311,16,2.9,211.4,47.6
202507040312,12,3.2,119.4,26.4
202501020401,10,2.5,70.6,17.6
202501020402,14,3.8,153.6,32.8
202501020403,12,2.7,84.9,25.9
202501020404,16,3.9,193.1,42.4
202501020405,8,2.1,35.6,8.4
202501020406,14,2.3,163.5,36.5
202501020407,13,2.2,134.6,32.5
202501020408,13,3.4,154.8,29.8
202501020409,14,5.4,131.1,28.5
202501020410,16,4.1,204.0,46.5
202501020411,13,3.3,93.6,29.2
202501020412,12,3.9,115.9,23.8
202504030401,14,2.8,190.2,40.1
202504030402,15,3.4,220.8,44.7
202504030403,18,2.5,237.4,70.5
202504030404,18,3.9,235.8,69.8
202504030405,12,1.7,149.7,31.2
202504030406,15,2.8,170.2,47.3
202504030407,15,3.7,206.1,38.0
202504030408,9,1.7,120.4,16.1
202504030409,12,2.2,130.9,24.4
202504030410,11,1.6,121.6,27.5
202504030411,17,3.4,238.4,58.8
202504030412,12,2.6,151.6,26.7
202507040401,13,2.3,152.7,31.4
202507040402,16,3.3,179.9,47.5
202507040403,18,3.1,255.4,57.9
202507040404,16,2.9,199.2,52.8
202507040405,7,1.5,35.0,7.5
202507040406,14,3.9,99.5,30.4
202507040407,13,2.7,131.9,34.0
202507040408,16,2.6,197.4,53.8
202507040409,8,1.6,67.1,10.8
202507040410,16,3.0,221.2,55.8
202507040411,13,2.8,136.9,32.0
202507040412,14,2.2,162.0,41.4
202501020501,10,2.7,67.4,15.4
202501020502,11,2.7,111.2,18.4
202501020503,12,3.2,129.6,24.1
202501020504,16,3.8,206.8,41.0
202501020505,11,3.1,93.7,18.3
202501020506,14,2.9,158.8,31.9
202501020507,14,5.7,140.7,26.6
202501020508,14,5.2,156.7,33.3
202501020509,15,3.9,214.6,40.7
202501020510,16,5.3,200.7,41.2
202501020511,12,4.7,117.4,20.9
202501020512,14,3.8,187.3,33.6
202506040101,10,2.6,85.4,15.9
202506040102,12,1.8,133.2,31.3
202506040103,9,1.8,59.6,11.3
202506040104,16,2.5,244.6,61.3
202506040105,16,2.2,199.2,59.4
202506040106,16,2.5,244.7,63.2
202506040107,18,4.3,249.9,57.8
202506040108,7,1.3,49.4,7.9
202506040109,11,2.2,74.3,20.0
202506040110,8,1.7,50.4,8.9
202506040111,16,2.9,213.5,43.0
202506040112,16,3.5,219.9,47.6
202509040101,9,1.7,53.0,14.9
202509040102,5,1.1,12.5,3.2
202509040103,16,3.4,203.3,48.1
202509040104,18,2.8,233.1,68.1
202509040105,11,4.5,114.3,22.5
202509040106,13,2.2,129.7,38.4
202509040107,13,3.4,129.5,29.5
202509040108,9,2.0,53.1,13.4
202509040109,9,2.1,55.4,14.9
202509040110,12,4.1,125.9,24.2
202509040111,14,2.8,138.6,35.4
202509040112,13,2.3,151.7,32.8
202501020601,8,1.7,32.3,7.8
202501020602,10,1.7,63.6,21.1
202501020603,14,4.4,167.4,32.3
202501020604,16,4.4,172.2,41.3
202501020605,14,3.4,135.7,32.8
202501020606,12,2.9,72.5,24.4
202501020607,13,5.1,123.4,28.6
202501020608,16,4.0,161.3,44.3
202501020609,14,4.9,91.3,29.0
202501020610,14,5.1,132.1,30.4
202501020611,12,3.6,57.0,21.4
202501020612,14,5.4,147.3,29.8
202506040201,13,2.9,178.2,29.5
202506040202,16,2.7,217.9,70.1
202506040203,15,2.2,218.9,61.9
202506040204,10,1.7,77.8,15.6
202506040205,12,2.3,94.9,28.5
202506040206,16,7.3,290.9,37.7
202506040207,16,5.1,278.9,65.7
202506040208,15,1.9,193.3,55.8
202506040209,16,3.2,245.0,53.0
202506040210,13,2.4,165.8,32.0
202506040211,13,2.8,155.2,28.8
202506040212,16,3.4,247.2,56.6
202509040201,7,2.0,27.5,5.2
202509040202,7,1.3,39.0,7.7
202509040203,16,2.9,196.3,51.0
202509040204,16,2.8,224.2,54.4
202509040205,6,1.3,16.4,4.1
202509040206,15,3.8,193.2,47.4
202509040207,9,1.8,59.4,14.0
202509040208,5,1.1,16.0,3.0
202509040209,13,2.8,140.7,30.8
202509040210,12,1.9,116.0,30.9
202509040211,16,2.7,202.7,52.6
202509040212,12,2.6,111.4,26.8
202506040301,11,2.8,120.4,20.2
202506040302,11,3.2,143.6,23.4
202506040303,16,4.2,210.9,47.0
202506040304,13,2.4,169.2,31.3
202506040305,16,2.6,247.0,64.0
202506040306,9,1.6,56.5,14.3
202506040307,16,3.9,173.5,44.6
202506040308,16,2.2,219.5,58.2
202506040309,11,2.6,75.3,16.4
202506040310,11,2.8,143.5,21.2
202506040311,10,2.3,86.2,15.5
202506040312,16,2.2,238.0,66.2
202509040301,8,1.9,52.3,9.4
202509040302,8,1.7,49.6,9.3
202509040303,5,1.1,16.9,3.0
202509040304,16,3.2,248.8,62.6
202509040305,11,2.3,75.1,18.4
202509040306,13,2.9,151.5,28.9
202509040307,18,5.3,263.2,62.7
202509040308,6,1.3,27.9,4.1
202509040309,18,2.8,210.2,75.5
202509040310,9,3.0,65.9,13.3
202509040311,15,2.8,163.7,40.5
202509040312,14,2.2,158.0,39.1
202506040401,9,1.8,87.6,13.4
202506040402,16,1.9,218.4,67.3
202506040403,15,3.8,213.6,38.6
202506040404,11,2.1,143.0,24.1
202506040405,10,2.0,113.8,17.2
202506040406,16,3.2,198.5,49.3
202506040407,18,3.7,252.0,52.9
202506040408,16,6.1,267.2,50.1
202506040409,8,2.3,31.4,8.4
202506040410,14,2.7,123.9,32.3
202506040411,16,2.4,130.3,52.1
202506040412,16,2.9,240.4,57.1
202509040401,13,2.1,111.8,36.0
202509040402,10,2.5,68.2,16.5
202509040403,16,2.5,232.9,57.9
202509040404,16,4.7,238.1,44.2
202509040405,7,1.5,30.7,7.9
202509040406,12,2.1,115.5,30.2
202509040407,14,2.4,157.8,38.8
202509040408,13,1.9,155.7,35.3
202509040409,9,1.5,88.6,16.5
202509040410,11,2.6,95.5,22.5
202509040411,18,3.7,211.1,58.9
202509040412,16,1.9,167.4,58.8
202506040501,16,2.9,201.8,56.0
202506040502,10,1.9,94.8,17.5
202506040503,16,1.8,201.6,73.2
202506040504,16,3.5,260.0,50.7
202506040505,13,2.6,171.2,29.1
202506040506,11,2.3,146.5,23.2
202506040507,16,3.7,244.4,61.1
202506040508,14,2.1,169.8,49.6
202506040509,11,1.5,132.7,28.7
202506040510,9,1.6,43.6,13.2
202506040511,12,3.5,145.5,25.2
202506040512,16,2.0,233.2,68.9
202509040501,7,1.5,27.1,6.9
202509040502,8,2.1,37.9,9.8
202509040503,5,1.3,10.7,3.2
202509040504,16,2.6,215.9,55.0
202509040505,10,2.3,60.6,14.5
202509040506,18,3.9,246.6,60.9
202509040507,13,2.1,150.2,38.2
202509040508,8,1.7,50.9,9.7
202509040509,13,2.2,159.4,34.1
202509040510,9,1.5,71.6,15.4
202509040511,14,2.2,158.3,37.8
202509040512,15,7.5,243.6,38.6
202506040601,13,1.9,184.5,38.7
202506040602,14,3.5,171.0,34.2
202506040603,16,3.2,205.3,46.8
202506040604,11,2.0,136.6,23.5
202506040605,16,2.3,234.1,62.2
202506040606,11,2.5,149.0,21.1
202506040607,18,2.4,235.6,70.0
202506040608,16,3.3,239.8,54.7
202506040609,13,3.5,123.9,27.9
202506040610,9,1.5,94.4,15.5
202506040611,15,2.6,210.0,48.7
202506040612,16,2.0,218.5,56.1
202509040601,10,2.0,80.0,14.7
202509040602,7,1.4,42.1,8.4
202509040603,10,2.6,55.3,14.6
202509040604,9,1.5,81.1,16.6
202509040605,14,2.6,139.1,35.6
202509040606,16,1.9,213.1,60.5
202509040607,16,2.1,163.4,70.5
202509040608,6,1.6,10.0,3.3
202509040609,16,2.3,212.3,55.1
202509040610,7,1.5,33.7,8.9
202509040611,13,3.3,152.7,28.8
202509040612,16,3.1,205.2,50.9
202506040701,16,1.7,199.2,73.0
202506040702,16,3.4,257.7,61.7
202506040703,10,1.4,81.6,23.5
202506040704,16,2.8,253.8,57.0
202506040705,10,1.8,115.6,19.5
202506040706,16,2.4,236.8,62.3
202506040707,16,2.5,227.5,68.5
202506040708,16,2.9,244.0,56.9
202506040709,9,1.6,84.1,15.1
202506040710,16,2.5,215.5,56.5
202506040711,11,2.7,148.0,20.6
202506040712,16,3.0,229.4,50.0
202509040701,8,2.1,43.6,10.1
202509040702,13,2.2,151.5,35.8
202509040703,11,1.8,115.9,23.9
202509040704,13,2.1,129.1,38.7
202509040705,9,2.8,62.2,12.4
202509040706,9,2.3,84.7,11.8
202509040707,13,3.5,129.3,27.9
202509040708,13,1.7,142.8,42.4
202509040709,10,1.7,88.5,17.3
202509040710,9,2.2,54.4,12.9
202509040711,10,2.3,48.4,12.2
202509040712,16,5.7,239.7,50.9
202506040801,11,2.0,88.4,22.7
202506040802,16,3.1,239.8,59.5
202506040803,16,2.0,243.3,70.4
202506040804,16,4.0,225.0,46.3
202506040805,16,2.5,246.1,66.2
202506040806,16,3.2,242.1,45.4
202506040807,16,2.7,186.1,57.3
202506040808,16,3.9,263.9,52.3
202506040809,9,2.1,142.6,16.4
202506040810,16,3.3,218.4,50.6
202506040811,16,3.3,170.2,44.5
202506040812,16,2.2,212.1,65.7
202509040801,15,3.6,139.2,40.9
202509040802,9,1.6,65.4,16.6
202509040803,15,2.8,210.2,46.0
202509040804,16,3.0,194.0,54.1
202509040805,11,2.6,91.7,20.2
202509040806,13,2.5,170.6,34.1
202509040807,16,2.7,215.0,59.0
202509040808,13,2.0,166.3,37.0
202509040809,8,1.9,48.1,10.8
202509040810,16,4.2,248.2,47.6
202509040811,14,2.6,136.5,36.2
202509040812,16,2.6,162.9,57.3
202506040901,12,3.4,152.5,26.1
202506040902,16,2.5,208.8,58.2
202506040903,16,2.0,220.8,68.8
202506040904,16,2.0,224.4,69.2
202506040905,17,2.3,226.0,68.9
202506040906,16,3.8,223.6,46.7
202506040907,16,2.2,234.8,71.0
202506040908,16,3.2,227.0,50.1
202506040909,8,1.8,74.2,10.4
202506040910,13,2.8,170.7,28.9
202506040911,16,3.8,203.1,52.6
202506040912,16,3.9,220.7,43.8
202509040901,13,1.9,164.3,42.5
202509040902,14,3.0,173.5,38.4
202509040903,10,2.0,78.4,17.5
202509040904,9,2.6,83.7,13.0
202509040905,18,6.1,237.4,50.9
202509040906,16,3.1,219.1,51.1
202509040907,16,2.9,205.9,55.3
202509040908,18,2.9,207.8,82.4
202509040909,12,2.8,187.0,31.0
202509040910,16,3.6,259.3,62.2
202509040911,12,2.6,96.0,25.9
202509040912,14,2.2,179.9,43.4
202505040101,16,2.5,232.9,68.5
202505040102,9,2.1,132.1,14.7
202505040103,18,3.1,276.2,67.9
202505040104,11,1.9,123.9,24.8
202505040105,17,3.4,256.6,64.7
202505040106,16,3.3,219.8,44.8
202505040107,10,2.7,91.7,16.8
202505040108,16,3.1,211.4,53.6
202505040109,12,2.3,131.4,26.4
202505040110,15,2.6,185.7,41.9
202505040111,16,3.0,201.1,49.0
202505040112,16,5.8,257.2,48.2
202508030101,14,2.3,186.4,41.0
202508030102,8,1.4,46.6,10.6
202508030103,16,2.1,169.9,62.1
202508030104,14,2.3,168.2,44.0
202508030105,14,3.4,142.9,32.1
202508030106,16,5.0,225.9,48.6
202508030107,18,2.2,212.8,69.8
202508030108,12,2.4,96.2,27.1
202508030109,8,2.3,34.2,9.5
202508030110,16,2.8,172.3,48.3
202508030111,18,3.5,199.9,62.3
202508030112,13,2.6,130.9,34.1
202505040201,16,3.2,222.1,52.5
202505040202,11,2.0,146.0,25.7
202505040203,17,3.6,276.4,77.9
202505040204,14,1.9,153.8,45.2
202505040205,15,2.7,222.8,49.3
202505040206,16,2.8,242.7,64.3
202505040207,18,3.1,241.2,71.1
202505040208,14,2.1,189.7,48.3
202505040209,18,5.5,283.0,56.8
202505040210,16,3.8,206.4,49.0
202505040211,11,2.3,99.2,19.3
202505040212,16,2.5,196.1,55.7
202508030201,16,2.4,208.4,59.2
202508030202,7,1.8,57.2,6.6
202508030203,16,3.1,218.9,42.9
202508030204,12,2.3,84.4,27.3
202508030205,13,2.9,99.1,28.3
202508030206,14,3.2,145.3,32.5
202508030207,12,2.6,92.7,26.8
202508030208,16,2.6,192.6,51.7
202508030209,9,1.8,78.7,12.9
202508030210,16,2.5,180.8,52.6
202508030211,18,3.1,229.1,65.7
202508030212,16,2.6,153.6,57.4
202505040301,10,1.9,117.9,19.4
202505040302,16,2.8,238.9,67.2
202505040303,10,1.7,119.7,22.5
202505040304,16,2.2,234.9,58.7
202505040305,14,2.7,175.9,45.2
202505040306,16,3.8,231.2,45.5
202505040307,10,2.0,125.0,17.7
202505040308,16,2.5,204.4,52.9
202505040309,10,2.3,52.7,17.4
202505040310,16,2.9,165.1,48.4
202505040311,8,1.7,79.8,10.3
202505040312,16,3.8,260.9,57.6
202508030301,16,4.3,221.6,45.8
202508030302,8,1.4,49.7,11.9
202508030303,6,1.5,32.8,5.4
202508030304,11,1.7,97.8,24.8
202508030305,18,2.3,233.9,63.9
202508030306,11,2.9,112.2,18.9
202508030307,11,2.1,85.7,23.5
202508030308,7,1.3,54.1,8.3
202508030309,12,2.4,118.9,26.8
202508030310,13,2.1,119.9,32.6
202508030311,16,2.4,223.1,64.4
202508030312,16,3.0,188.3,50.9
202505040401,16,4.4,238.8,56.3
202505040402,10,1.7,124.9,21.7
202505040403,10,2.1,122.0,18.3
202505040404,16,3.2,262.2,74.8
202505040405,12,1.8,156.7,31.5
202505040406,15,3.6,217.1,45.9
202505040407,16,3.8,252.1,53.8
202505040408,11,3.4,52.4,16.4
202505040409,16,3.8,226.1,42.6
202505040410,16,3.4,235.2,52.6
202505040411,16,3.3,231.6,50.3
202505040412,16,3.0,211.4,45.1
202508030401,12,2.6,112.6,26.5
202508030402,7,2.0,27.3,6.1
202508030403,9,1.4,65.1,17.4
202508030404,12,2.5,77.0,26.3
202508030405,13,2.9,136.8,28.8
202508030406,16,2.9,175.4,55.0
202508030407,13,2.7,131.3,29.0
202508030408,14,3.0,143.9,34.2
202508030409,14,2.1,164.0,43.6
202508030410,13,2.6,120.3,28.6
202508030411,9,2.0,83.8,14.9
202508030412,18,4.8,246.4,58.2
202505040501,15,2.2,222.0,65.6
202505040502,13,3.0,158.6,32.6
202505040503,12,1.9,159.7,30.8
202505040504,14,2.4,151.2,41.0
202505040505,13,2.5,133.6,30.6
202505040506,17,3.3,263.9,68.0
202505040507,16,6.6,166.5,34.9
202505040508,7,1.6,28.9,7.3
202505040509,18,3.6,256.1,76.9
202505040510,8,1.8,61.5,10.7
202505040511,18,4.6,242.4,59.4
202505040512,16,4.2,258.7,51.2
202508030501,8,1.7,62.6,10.8
202508030502,10,1.9,74.2,15.8
202508030503,16,2.5,210.0,68.0
202508030504,13,2.5,124.1,32.4
202508030505,11,5.9,67.0,15.0
202508030506,15,2.8,175.8,40.2
202508030507,15,3.6,208.0,42.1
202508030508,13,3.4,99.7,27.3
202508030509,12,2.0,121.2,26.2
202508030510,10,2.0,110.6,20.4
202508030511,18,5.2,226.7,55.8
202508030512,16,3.5,207.1,47.7
202504040101,13,3.2,175.0,30.5
202504040102,14,3.0,144.8,36.3
202504040103,18,5.2,278.2,65.2
202504040104,14,3.5,186.0,33.3
202504040105,15,3.9,243.1,43.6
202504040106,15,2.8,180.2,45.9
202504040107,18,3.0,243.0,68.5
202504040108,15,2.9,217.8,44.1
202504040109,15,4.0,209.8,42.7
202504040110,15,2.3,181.0,52.4
202504040111,18,4.3,245.5,60.1
202504040112,18,3.7,233.4,60.8
202505040601,11,1.7,147.6,23.0
202505040602,9,1.6,76.0,14.3
202505040603,8,1.5,36.0,10.9
202505040604,18,4.0,284.7,82.7
202505040605,16,3.8,260.1,50.2
202505040606,15,2.0,215.6,59.3
202505040607,17,4.3,218.0,48.5
202505040608,8,1.6,79.2,10.5
202505040609,7,1.9,57.0,7.8
202505040610,16,3.8,183.2,46.2
202505040611,14,3.1,189.6,37.7
202505040612,14,5.2,148.7,30.6
202508030601,9,1.7,40.0,11.8
202508030602,10,2.7,80.5,15.5
202508030603,7,1.4,38.0,7.0
202508030604,11,2.8,95.2,22.2
202508030605,13,2.9,88.5,30.1
202508030606,16,3.0,177.2,50.0
202508030607,8,1.7,58.9,9.9
202508030608,7,2.3,35.5,7.8
202508030609,13,1.9,999.9,34.1
202508030610,10,2.1,85.7,17.5
202508030611,16,3.3,225.0,51.8
202508030612,15,3.3,207.8,41.3
202504040201,12,3.5,124.7,24.7
202504040202,15,2.6,197.8,49.7
202504040203,18,4.9,257.6,58.3
202504040204,13,2.4,136.6,32.0
202504040205,18,4.2,225.9,57.8
202504040206,15,6.5,134.3,32.0
202504040207,18,4.1,233.6,60.0
202504040208,15,2.8,166.0,43.9
202504040209,15,3.8,205.7,37.0
202504040210,18,6.6,261.6,55.9
202504040211,14,4.4,171.6,33.5
202504040212,14,2.5,145.4,37.1
202505040701,14,2.1,155.9,42.9
202505040702,8,1.6,83.2,10.6
202505040703,13,2.4,180.7,31.4
202505040704,16,3.1,223.5,49.9
202505040705,18,3.1,270.1,85.4
202505040706,8,1.9,26.1,10.2
202505040707,13,2.1,168.7,39.0
202505040708,15,2.1,231.8,56.8
202505040709,10,1.6,81.6,16.2
202505040710,13,3.1,160.6,28.6
202505040711,12,3.6,126.1,23.9
202505040712,18,4.1,261.1,68.4
202508030701,12,1.7,95.9,35.2
202508030702,6,1.4,13.2,4.1
202508030703,12,2.9,89.5,26.6
202508030704,17,2.3,212.4,63.3
202508030705,11,3.0,93.3,16.3
202508030706,12,1.5,123.1,39.6
202508030707,12,2.2,114.3,30.7
202508030708,10,2.5,98.2,15.9
202508030709,7,1.5,35.3,5.6
202508030710,16,2.5,207.6,55.5
202508030711,18,2.6,224.7,68.5
202508030712,14,3.9,139.7,30.1
202504040301,15,2.3,201.9,48.8
202504040302,15,3.2,216.5,43.6
202504040303,13,2.4,157.2,37.7
202504040304,15,2.6,171.8,47.0
202504040305,14,2.9,162.0,38.0
202504040306,15,3.9,162.6,35.1
202504040307,14,3.8,173.5,34.0
202504040308,14,2.5,162.7,38.0
202504040309,18,3.6,253.7,65.9
202504040310,15,3.2,180.0,40.6
202504040311,18,4.1,200.8,55.4
202504040312,17,4.5,216.9,54.5
202505040801,15,2.0,221.5,53.1
202505040802,10,1.8,140.1,22.6
202505040803,9,1.4,95.5,16.0
202505040804,16,3.0,239.9,52.8
202505040805,9,2.5,81.8,14.5
202505040806,16,2.4,205.9,57.9
202505040807,16,4.0,210.1,56.6
202505040808,8,1.6,113.6,12.9
202505040809,12,3.7,142.6,24.0
202505040810,16,2.9,212.2,52.1
202505040811,10,2.0,67.6,17.1
202505040812,13,2.5,158.3,30.3
202508030801,14,3.1,130.2,32.8
202508030802,11,2.1,96.8,24.1
202508030803,12,2.0,97.0,28.9
202508030804,8,1.7,36.2,10.3
202508030805,14,2.6,166.3,34.1
202508030806,16,2.6,188.7,61.1
202508030807,11,4.0,119.9,18.7
202508030808,12,2.5,88.2,26.4
202508030809,16,2.0,160.1,55.5
202508030810,13,3.5,165.8,30.0
202508030811,10,2.2,72.7,16.9
202508030812,10,3.4,86.7,12.1
202504040401,13,2.7,137.4,29.0
202504040402,13,2.4,129.8,32.9
202504040403,10,2.8,113.8,15.1
202504040404,16,3.4,225.0,44.1
202504040405,18,4.7,229.0,60.1
202504040406,13,2.8,138.4,28.7
202504040407,15,4.1,122.3,32.2
202504040408,12,2.4,132.3,26.7
202504040409,14,4.1,135.5,32.5
202504040410,16,5.4,181.9,41.1
202504040411,17,3.5,238.3,51.8
202504040412,12,3.3,117.2,23.6
202505040901,14,2.1,147.7,42.3
202505040902,10,2.0,94.8,20.0
202505040903,11,1.7,144.5,23.3
202505040904,14,3.1,197.9,37.9
202505040905,16,2.6,199.7,55.2
202505040906,18,4.9,289.8,58.5
202505040907,13,3.3,156.1,28.2
202505040908,15,3.1,197.7,47.3
202505040909,13,3.8,76.8,25.7
202505040910,11,3.1,99.1,19.4
202505040911,16,2.5,178.6,51.1
202505040912,16,4.8,197.1,41.3
202508030901,9,2.2,86.7,17.0
202508030902,10,2.2,75.1,16.4
202508030903,10,2.1,80.2,16.8
202508030904,16,2.9,209.3,56.2
202508030905,10,1.7,85.7,19.0
202508030906,11,1.9,68.7,25.8
202508030907,12,2.5,124.6,25.2
202508030908,14,2.9,161.9,34.1
202508030909,8,1.8,74.3,10.7
202508030910,14,2.9,167.8,36.2
202508030911,18,3.3,226.3,58.4
202508030912,16,2.7,205.5,54.0
202505041001,16,2.2,219.4,63.9
202505041002,12,2.0,152.8,29.5
202505041003,11,1.6,146.6,26.3
202505041004,16,3.1,224.3,51.5
202505041005,13,2.9,188.7,33.1
202505041006,15,3.3,194.5,41.0
202505041007,16,3.5,167.4,44.8
202505041008,14,3.5,124.6,29.8
202505041009,8,1.7,75.8,10.7
202505041010,12,2.3,149.1,27.0
202505041011,16,6.2,173.4,41.8
202505041012,15,1.6,196.4,68.4
202508031001,13,1.8,136.4,35.6
202508031002,12,4.3,117.8,24.4
202508031003,8,1.8,52.9,9.2
202508031004,11,2.4,92.4,17.3
202508031005,9,1.8,48.0,11.6
202508031006,16,4.6,148.9,36.4
202508031007,16,2.8,241.2,57.9
202508031008,15,4.0,188.4,39.1
202508031009,12,2.5,120.9,25.1
202508031010,14,3.6,171.7,35.8
202508031011,12,2.8,122.3,26.4
202508031012,15,1.9,201.7,51.0
202505041101,12,3.0,181.9,33.7
202505041102,14,1.9,180.5,46.0
202505041103,10,1.6,99.1,20.8
202505041104,16,2.9,264.2,58.6
202505041105,9,2.0,96.9,15.6
202505041106,16,2.9,236.4,54.4
202505041107,16,3.4,247.3,58.1
202505041108,5,1.2,11.4,3.9
202505041109,10,2.4,99.9,15.3
202505041110,12,2.9,112.5,24.5
202505041111,14,3.8,143.6,30.3
202505041112,13,1.9,182.7,34.9
202508031101,15,3.1,213.0,44.5
202508031102,7,1.4,31.5,6.2
202508031103,16,2.3,193.3,63.3
202508031104,10,2.2,90.9,15.4
202508031105,15,2.4,161.9,45.1
202508031106,15,2.8,188.5,42.9
202508031107,16,3.8,222.8,46.6
202508031108,16,2.6,182.1,58.6
202508031109,16,2.9,178.0,51.9
202508031110,13,4.6,171.3,29.3
202508031111,15,3.7,154.3,34.8
202508031112,12,3.8,152.5,23.6
202503030101,14,3.3,179.2,33.4
202503030102,16,4.5,196.0,37.9
202503030103,15,2.6,234.9,45.2
202503030104,16,2.8,233.9,53.0
202503030105,16,2.9,220.9,57.2
202503030106,16,2.9,231.7,50.7
202503030107,16,4.0,214.0,44.9
202503030108,16,2.3,223.9,54.0
202503030109,16,3.0,185.7,52.0
202503030110,16,5.4,224.5,46.6
202503030111,16,2.8,216.4,53.1
202503030112,15,3.9,210.1,41.5
202505050101,16,2.6,218.0,64.3
202505050102,15,1.5,202.7,58.1
202505050103,12,2.4,152.6,27.0
202505050104,16,2.9,236.1,45.5
202505050105,13,1.8,132.0,39.1
202505050106,13,2.9,174.4,33.0
202505050107,16,4.9,227.3,53.9
202505050108,8,1.4,72.9,12.1
202505050109,13,2.3,120.3,28.9
202505050110,11,2.2,68.4,21.1
202505050111,16,3.1,202.7,47.4
202505050112,14,3.4,182.7,30.3
202508040101,12,2.9,136.5,26.5
202508040102,15,5.8,207.7,45.2
202508040103,10,2.9,98.5,18.1
202508040104,12,1.6,97.5,38.8
202508040105,9,2.2,51.0,12.5
202508040106,11,2.3,88.9,24.3
202508040107,16,2.0,174.1,66.4
202508040108,10,1.9,63.7,16.5
202508040109,16,3.2,219.6,57.7
202508040110,12,2.9,98.9,25.9
202508040111,16,4.0,203.9,46.5
202508040112,14,2.2,158.0,41.7
202503030201,16,2.2,202.7,59.4
202503030202,16,2.6,218.6,56.0
202503030203,15,2.9,208.2,51.6
202503030204,10,2.6,42.5,15.3
202503030205,9,2.1,51.0,11.2
202503030206,15,2.9,157.6,41.0
202503030207,16,3.7,203.5,47.4
202503030208,16,3.3,198.3,48.4
202503030209,16,2.8,222.4,57.2
202503030210,15,2.6,198.8,44.2
202503030211,16,7.1,134.3,33.8
202503030212,16,2.5,190.7,50.0
202505050201,16,4.0,279.0,49.3
202505050202,16,2.3,222.3,63.2
202505050203,18,2.8,235.0,72.6
202505050204,14,2.5,215.0,42.8
202505050205,6,1.3,29.2,4.3
202505050206,15,2.9,207.0,41.3
202505050207,16,3.0,229.0,58.8
202505050208,16,2.7,220.1,51.3
202505050209,16,4.3,192.8,43.1
202505050210,12,2.6,156.5,28.1
202505050211,18,3.7,217.0,57.3
202505050212,18,3.3,216.0,70.9
202508040201,16,2.7,223.0,56.2
202508040202,8,1.8,48.1,10.1
202508040203,8,1.8,48.9,9.9
202508040204,16,3.6,198.4,45.5
202508040205,8,1.6,35.2,11.2
202508040206,16,3.2,149.4,47.3
202508040207,7,1.5,44.6,6.1
202508040208,16,3.0,201.0,45.6
202508040209,8,1.6,72.1,10.3
202508040210,12,1.8,135.7,32.9
202508040211,15,4.1,184.2,35.0
202508040212,17,5.7,247.4,60.6
202503030301,15,2.3,152.3,54.6
202503030302,16,3.3,218.3,52.5
202503030303,16,3.0,168.9,51.0
202503030304,16,4.2,184.5,45.4
202503030305,16,5.6,226.1,36.5
202503030306,16,3.5,198.1,48.5
202503030307,16,4.7,190.1,39.2
202503030308,16,2.3,196.2,53.4
202503030309,16,3.2,211.0,54.2
202503030310,15,3.8,228.5,42.9
202503030311,16,3.3,233.0,50.0
202503030312,16,3.8,209.6,42.4
202505050301,13,2.3,193.4,39.3
202505050302,17,2.9,231.7,61.5
202505050303,15,3.3,244.3,51.5
202505050304,13,2.6,176.3,32.7
202505050305,10,2.1,118.5,18.1
202505050306,14,2.8,196.7,39.2
202505050307,16,3.3,258.2,58.9
202505050308,12,3.0,121.7,24.2
202505050309,16,2.6,219.2,50.1
202505050310,18,3.1,246.7,74.0
202505050311,16,2.8,238.2,50.3
202505050312,13,2.7,170.5,31.7
202508040301,11,2.3,116.4,19.4
202508040302,11,1.9,77.2,24.6
202508040303,10,2.6,70.2,14.2
202508040304,12,2.1,131.0,30.3
202508040305,18,5.0,246.6,62.7
202508040306,16,3.0,205.8,61.6
202508040307,16,2.5,204.5,59.0
202508040308,7,1.6,23.9,5.9
202508040309,15,2.1,195.8,52.3
202508040310,16,3.4,231.7,42.5
202508040311,8,2.0,37.8,7.7
202508040312,18,2.9,218.0,66.2
202503030401,16,2.5,228.8,51.5
202503030402,15,3.3,162.2,36.9
202503030403,15,3.1,164.1,39.1
202503030404,10,2.5,44.5,17.3
202503030405,11,2.8,117.0,19.1
202503030406,15,2.4,203.9,53.1
202503030407,16,4.0,208.6,45.4
202503030408,16,2.6,149.3,53.1
202503030409,16,4.6,197.6,45.4
202503030410,16,4.2,245.7,51.5
202503030411,15,3.6,169.4,36.5
202503030412,16,3.3,221.3,46.3
202505050401,16,3.4,239.0,55.9
202505050402,18,3.0,258.9,81.8
202505050403,18,2.4,250.4,94.2
202505050404,16,2.4,215.1,56.6
202505050405,12,2.4,161.4,28.1
202505050406,16,2.3,209.7,60.8
202505050407,16,4.3,233.4,51.4
202505050408,13,2.2,156.4,33.6
202505050409,14,2.3,167.9,41.4
202505050410,11,4.5,94.3,17.2
202505050411,18,7.2,228.2,46.9
202505050412,13,2.1,152.9,32.9
202508040401,14,3.0,161.3,33.0
202508040402,15,2.6,185.4,43.4
202508040403,15,2.2,200.3,48.0
202508040404,11,3.2,114.6,19.9
202508040405,9,2.0,76.5,12.6
202508040406,16,2.2,192.2,59.2
202508040407,16,2.5,174.3,53.0
202508040408,15,3.1,209.2,44.6
202508040409,8,1.9,40.1,10.5
202508040410,14,5.0,189.8,31.6
202508040411,16,3.8,158.6,42.9
202508040412,12,3.1,143.1,27.0
202503030501,14,3.0,160.9,35.5
202503030502,16,2.8,218.9,48.0
202503030503,15,2.5,196.5,46.2
202503030504,14,2.3,152.5,41.0
202503030505,14,3.1,134.7,32.6
202503030506,15,2.6,209.9,52.1
202503030507,16,4.3,210.2,46.9
202503030508,16,4.0,235.0,48.4
202503030509,16,2.7,209.6,50.5
202503030510,16,2.9,252.8,53.2
202503030511,16,5.5,244.3,42.5
202503030512,16,6.5,160.0,39.8
202508040501,14,2.4,144.2,44.7
202508040502,15,1.9,190.1,57.2
202508040503,18,2.8,210.0,77.4
202508040504,11,1.9,139.1,22.6
202508040505,17,2.8,226.4,57.8
202508040506,16,3.5,239.0,48.7
202508040507,16,2.5,197.0,56.5
202508040508,16,2.5,200.1,57.0
202508040509,9,1.8,91.1,11.5
202508040510,16,3.3,221.8,48.0
202508040511,16,3.1,235.4,55.8
202508040512,15,2.5,206.3,47.7
202505050501,16,3.1,236.3,44.6
202505050502,18,3.0,265.4,110.8
202505050503,18,3.1,263.1,71.4
202505050504,15,2.6,224.3,52.5
202505050505,11,2.6,97.6,19.1
202505050506,16,3.6,233.5,53.2
202505050507,16,4.1,204.4,52.8
202505050508,16,3.8,215.3,44.9
202505050509,8,1.9,79.7,10.0
202505050510,17,4.1,251.3,55.0
202505050511,16,2.9,190.0,47.6
202505050512,18,3.9,244.5,58.5
202508040601,14,2.6,191.1,38.7
202508040602,13,3.6,116.2,28.3
202508040603,16,2.2,216.7,65.0
202508040604,7,2.9,32.1,9.1
202508040605,9,2.8,43.9,11.0
202508040606,16,5.6,182.0,40.0
202508040607,18,3.0,223.9,59.7
202508040608,14,2.2,169.6,39.8
202508040609,13,2.1,164.5,37.5
202508040610,16,6.4,241.2,39.6
202508040611,18,2.4,223.5,72.3
202508040612,16,3.3,206.0,47.0
202503030601,16,2.5,200.5,52.5
202503030602,15,3.1,207.0,42.2
202503030603,15,2.9,202.9,42.2
202503030604,14,2.3,126.5,38.1
202503030605,16,2.8,216.3,52.1
202503030606,16,4.0,219.2,47.5
202503030607,16,3.4,204.2,47.5
202503030608,16,3.5,201.1,47.5
202503030609,16,3.0,179.6,48.3
202503030610,16,3.6,187.7,43.5
202503030611,15,3.3,143.7,37.2
202503030612,16,4.0,222.3,49.9
202505050601,15,1.8,223.7,67.3
202505050602,18,2.6,262.2,82.4
202505050603,16,2.2,228.5,73.0
202505050604,14,1.5,164.7,54.6
202505050605,16,2.3,215.5,58.4
202505050606,13,2.7,205.1,39.5
202505050607,14,2.4,201.9,47.5
202505050608,16,4.0,176.2,43.6
202505050609,12,1.9,184.7,29.1
202505050610,16,3.2,222.8,46.8
202505050611,12,4.0,153.8,21.5
202505050612,18,3.7,263.6,73.2
202505050701,13,3.5,150.2,28.2
202505050702,18,4.0,264.1,69.8
202505050703,12,2.0,146.7,30.7
202505050704,16,2.5,242.0,59.9
202505050705,13,3.3,183.1,31.0
202505050706,16,2.4,237.4,70.0
202505050707,16,3.0,235.8,67.3
202505050708,16,3.3,192.3,43.4
202505050709,12,2.3,119.0,26.6
202505050710,16,2.1,172.2,62.8
202505050711,18,6.1,285.5,67.7
202505050712,9,1.4,89.0,16.8
202508040701,14,3.0,152.9,36.2
202508040702,11,2.8,93.8,19.6
202508040703,14,2.5,159.7,37.6
202508040704,9,2.2,69.9,13.8
202508040705,12,2.6,135.5,23.9
202508040706,13,2.0,124.6,33.3
202508040707,18,4.2,198.9,51.1
202508040708,16,2.8,222.5,59.7
202508040709,13,2.1,161.8,36.3
202508040710,12,3.9,155.5,23.4
202508040711,11,3.5,47.7,16.4
202508040712,16,3.0,191.3,51.2
202505050801,16,3.4,256.4,51.5
202505050802,13,2.1,196.4,39.2
202505050803,16,2.2,224.4,62.7
202505050804,13,2.4,195.3,43.2
202505050805,16,3.7,244.5,54.7
202505050806,12,2.6,157.5,26.9
202505050807,16,2.1,231.0,64.2
202505050808,8,2.0,26.1,8.5
202505050809,9,1.7,89.8,14.5
202505050810,16,3.4,198.1,44.0
202505050811,16,3.6,206.3,45.9
202505050812,18,4.5,253.1,67.0
202508040801,16,2.3,219.0,55.8
202508040802,13,1.7,129.8,42.2
202508040803,13,3.1,135.3,28.4
202508040804,16,2.7,186.9,55.3
202508040805,9,1.6,65.5,14.2
202508040806,9,2.7,64.9,12.5
202508040807,16,2.8,203.6,54.0
202508040808,8,1.8,44.4,8.9
202508040809,11,1.9,149.3,22.1
202508040810,16,4.1,229.8,50.0
202508040811,16,2.4,206.5,57.0
202508040812,18,5.0,235.6,51.6
202506050101,15,2.1,207.4,51.4
202506050102,13,3.0,178.1,29.6
202506050103,15,2.2,226.8,57.0
202506050104,16,2.5,242.4,81.0
202506050105,18,2.4,251.0,68.2
202506050106,16,3.0,253.1,55.1
202506050107,16,2.7,218.3,58.7
202506050108,12,2.5,96.2,26.5
202506050109,11,2.6,116.7,18.6
202506050110,12,3.2,141.8,28.7
202506050111,14,4.4,197.6,31.8
202506050112,16,3.2,231.9,48.8
202507050101,16,4.3,202.2,40.9
202507050102,13,3.0,154.3,28.6
202507050103,15,2.9,174.0,42.4
202507050104,18,3.3,232.9,64.6
202507050105,14,2.1,147.0,42.0
202507050106,16,2.4,198.1,58.4
202507050107,16,3.1,202.9,51.5
202507050108,18,7.6,232.0,52.3
202507050109,8,1.9,39.9,9.9
202507050110,13,2.2,137.7,35.6
202507050111,12,2.2,136.3,26.7
202507050112,16,2.9,137.3,55.2
202509050101,16,1.9,187.7,63.2
202509050102,16,3.2,219.4,48.0
202509050103,17,2.8,233.6,57.4
202509050104,9,1.9,71.2,16.0
202509050105,10,1.8,98.1,21.4
202509050106,10,2.2,84.8,13.9
202509050107,14,3.0,162.0,34.1
202509050108,16,4.5,224.0,48.8
202509050109,8,1.6,65.0,10.9
202509050110,16,2.8,241.0,59.3
202509050111,14,3.3,181.9,32.0
202509050112,15,2.6,215.8,44.7
202506050201,16,2.5,245.1,62.1
202506050202,16,2.7,234.5,62.8
202506050203,13,4.1,137.3,26.5
202506050204,11,2.1,146.8,25.1
202506050205,16,3.2,246.9,45.9
202506050206,6,1.3,54.0,7.0
202506050207,11,2.8,98.7,19.4
202506050208,16,3.1,231.3,55.5
202506050209,12,2.7,121.7,27.6
202506050210,16,3.3,148.2,46.0
202506050211,16,2.8,186.3,49.9
202506050212,16,2.9,209.3,52.2
202507050201,13,2.4,150.3,29.7
202507050202,16,2.2,211.9,62.4
202507050203,14,3.7,159.3,31.8
202507050204,14,2.5,185.0,34.7
202507050205,17,5.4,266.9,68.8
202507050206,16,3.0,186.5,47.4
202507050207,14,3.0,155.6,32.3
202507050208,18,2.5,240.5,70.2
202507050209,16,4.3,234.4,40.5
202507050210,13,3.1,160.1,27.4
202507050211,16,4.8,252.4,50.5
202507050212,10,3.8,67.7,13.7
202509050201,10,1.8,68.8,19.2
202509050202,16,3.4,221.2,49.4
202509050203,18,2.7,239.7,70.4
202509050204,8,2.0,53.7,10.1
202509050205,17,3.7,200.6,51.7
202509050206,10,3.4,63.4,14.4
202509050207,11,2.7,83.8,17.9
202509050208,8,1.7,58.9,10.5
202509050209,13,2.9,139.6,28.8
202509050210,18,4.6,272.5,51.5
202509050211,16,2.8,176.9,49.2
202509050212,17,3.3,212.3,51.2
202506050301,14,2.8,212.8,43.7
202506050302,16,2.4,221.3,60.4
202506050303,16,2.5,255.1,58.6
202506050304,16,2.2,227.2,63.8
202506050305,13,1.9,167.7,35.5
202506050306,15,3.2,233.0,51.4
202506050307,16,3.9,236.3,48.7
202506050308,15,2.7,184.4,42.3
202506050309,13,5.6,110.6,23.6
202506050310,15,2.3,209.9,44.7
202506050311,16,3.5,221.1,50.1
202506050312,13,2.3,161.4,34.9
202507050301,14,2.7,136.8,37.3
202507050302,16,4.6,235.1,42.1
202507050303,12,2.0,88.1,27.6
202507050304,13,2.4,146.3,34.9
202507050305,12,2.6,118.8,27.1
202507050306,16,3.8,214.7,48.9
202507050307,18,4.3,175.0,53.7
202507050308,16,2.8,215.0,48.6
202507050309,11,2.3,90.2,21.6
202507050310,16,3.1,188.0,43.6
202507050311,18,5.4,253.6,51.4
202507050312,18,5.2,222.0,51.7
202509050301,15,2.8,194.2,44.0
202509050302,10,1.8,81.2,15.9
202509050303,14,3.3,148.1,31.5
202509050304,12,2.1,112.5,30.9
202509050305,7,1.5,41.8,7.6
202509050306,13,2.4,144.2,31.5
202509050307,8,1.7,68.1,11.8
202509050308,16,2.6,192.4,60.7
202509050309,9,2.0,71.2,12.1
202509050310,14,2.3,162.3,44.1
202509050311,13,2.3,117.9,29.8
202509050312,10,1.9,68.4,19.9
202506050401,16,1.9,221.6,60.9
202506050402,16,2.3,238.2,63.0
202506050403,18,3.3,256.8,70.8
202506050404,14,2.7,179.3,35.9
202506050405,16,2.7,211.5,62.4
202506050406,16,3.1,256.7,58.1
202506050407,16,3.9,219.9,45.4
202506050408,14,3.2,144.5,34.2
202506050409,12,2.5,90.1,25.9
202506050410,16,4.3,250.8,47.0
202506050411,16,5.0,261.5,46.3
202506050412,16,3.8,245.5,43.9
202507050401,14,2.8,128.0,32.4
202507050402,13,4.2,153.7,28.5
202507050403,16,2.7,159.0,50.9
202507050404,13,2.7,122.8,30.8
202507050405,13,3.4,95.3,27.0
202507050406,18,3.9,222.3,59.0
202507050407,15,3.5,164.4,36.6
202507050408,16,3.5,202.7,44.1
202507050409,12,2.4,83.7,27.2
202507050410,10,2.3,75.3,21.5
202507050411,10,2.2,70.0,16.9
202507050412,16,3.0,187.1,49.1
202509050401,11,2.5,121.2,23.4
202509050402,16,3.1,203.6,49.8
202509050403,11,2.0,86.7,24.8
202509050404,11,2.9,110.7,19.4
202509050405,6,1.5,14.5,4.7
202509050406,7,1.7,33.2,5.6
202509050407,12,2.0,92.4,28.2
202509050408,11,2.2,68.1,21.4
202509050409,15,3.1,222.2,48.2
202509050410,16,2.6,213.9,56.5
202509050411,18,5.0,259.4,57.6
202509050412,10,2.3,93.2,15.6
202506050501,16,2.3,228.3,61.3
202506050502,16,4.4,220.7,40.7
202506050503,16,2.6,240.6,50.6
202506050504,13,2.3,175.6,40.0
202506050505,17,3.2,258.7,70.7
202506050506,16,2.3,223.9,70.5
202506050507,16,2.9,258.4,54.3
202506050508,16,2.6,191.8,49.5
202506050509,12,2.7,195.0,23.4
202506050510,16,3.6,243.1,49.8
202506050511,16,3.3,225.7,42.4
202506050512,16,2.9,226.2,64.8
202507050501,16,2.6,177.7,51.6
202507050502,16,4.1,166.4,41.5
202507050503,16,3.1,209.4,50.6
202507050504,16,2.7,174.1,57.8
202507050505,18,3.0,254.5,75.3
202507050506,16,4.4,191.6,43.2
202507050507,16,3.8,201.6,49.2
202507050508,16,4.4,212.8,46.4
202507050509,9,2.5,68.2,13.7
202507050510,16,2.3,185.7,68.7
202507050511,11,1.9,80.4,26.1
202507050512,18,3.6,219.6,56.6
202509050501,16,3.4,230.3,58.1
202509050502,16,1.9,196.1,69.7
202509050503,18,4.4,273.6,71.2
202509050504,14,3.3,157.2,33.7
202509050505,18,3.8,211.9,60.9
202509050506,16,2.4,193.6,62.3
202509050507,16,3.2,199.7,51.6
202509050508,13,2.3,126.1,33.2
202509050509,10,2.3,54.7,15.2
202509050510,8,1.4,81.7,11.0
202509050511,16,3.1,174.6,54.8
202509050512,16,2.5,207.7,56.7
202506050601,16,2.3,199.2,61.0
202506050602,16,2.2,216.8,64.8
202506050603,15,2.5,226.6,53.8
202506050604,14,4.0,184.3,34.4
202506050605,16,3.2,227.7,57.1
202506050606,16,4.2,261.7,57.1
202506050607,16,2.6,222.8,60.5
202506050608,16,5.1,246.7,38.8
202506050609,11,2.9,91.2,19.3
202506050610,15,3.6,238.6,46.1
202506050611,16,3.3,239.5,60.8
202506050612,16,4.4,263.8,54.3
202507050601,16,2.6,212.0,60.6
202507050602,16,2.7,210.4,52.5
202507050603,16,2.8,191.3,55.3
202507050604,18,2.7,206.4,67.2
202507050605,15,5.0,218.9,40.0
202507050606,16,3.1,198.7,47.8
202507050607,16,4.3,208.6,46.4
202507050608,16,2.4,172.7,55.9
202507050609,16,3.6,184.4,42.9
202507050610,10,2.4,75.5,17.6
202507050611,16,3.4,218.8,46.1
202507050612,18,7.1,239.6,54.0
202509050601,12,1.8,94.0,32.9
202509050602,16,3.5,253.4,66.4
202509050603,18,4.0,255.4,65.8
202509050604,12,2.1,159.6,28.9
202509050605,12,4.2,87.9,22.1
202509050606,11,2.4,99.9,21.1
202509050607,18,5.4,243.4,55.0
202509050608,15,2.7,218.3,57.1
202509050609,16,2.8,162.4,55.0
202509050610,16,2.4,178.7,52.1
202509050611,14,3.1,145.0,32.5
202509050612,14,3.2,183.6,34.8
202506050701,15,4.0,241.9,51.2
202506050702,16,3.1,246.9,61.3
202506050703,16,2.4,239.7,56.2
202506050704,18,3.0,259.5,83.7
202506050705,16,4.3,227.8,46.2
202506050706,14,3.9,212.6,38.1
202506050707,18,3.5,258.1,59.2
202506050708,16,2.1,219.6,59.3
202506050709,16,2.1,217.9,58.7
202506050710,10,1.7,99.8,19.2
202506050711,16,4.3,209.8,43.9
202506050712,14,3.0,192.7,35.7
202509050701,15,1.9,200.2,56.1
202509050702,11,2.6,69.5,19.6
202509050703,16,2.3,182.5,57.4
202509050704,15,2.9,185.9,42.5
202509050705,14,3.3,130.2,29.4
202509050706,11,4.0,118.5,19.8
202509050707,15,2.5,216.7,48.4
202509050708,16,3.7,242.6,51.5
202509050709,10,4.0,47.7,13.1
202509050710,16,3.9,223.3,45.6
202509050711,16,3.4,229.7,58.6
202509050712,9,1.5,88.2,16.4
202506050801,16,3.3,214.9,50.2
202506050802,16,1.7,221.3,73.7
202506050803,16,2.5,253.5,65.0
202506050804,11,2.2,114.3,22.1
202506050805,16,2.0,190.4,61.7
202506050806,18,2.9,227.3,68.1
202506050807,16,2.9,241.4,61.7
202506050808,13,2.3,170.6,32.2
202506050809,14,2.4,180.6,43.3
202506050810,16,3.8,190.2,44.7
202506050811,16,2.9,213.7,49.5
202506050812,16,3.4,262.2,44.3
202509050801,13,2.3,124.7,32.4
202509050802,17,2.5,188.0,59.4
202509050803,18,3.6,251.8,69.0
202509050804,16,2.2,190.6,58.5
202509050805,14,2.9,153.1,34.7
202509050806,16,3.1,181.6,51.1
202509050807,16,2.2,187.3,59.5
202509050808,13,3.2,149.3,30.4
202509050809,12,2.0,86.8,27.5
202509050810,11,1.6,88.7,31.8
202509050811,16,2.6,213.3,59.2
202509050812,10,3.1,68.1,14.2
202606010101,16,2.8,233.1,53.6
202606010102,13,1.8,145.2,46.7
202606010103,16,2.9,233.1,62.9
202606010104,12,2.3,122.9,29.6
202606010105,16,2.4,255.7,59.8
202606010106,17,6.9,286.1,39.4
202606010107,16,3.8,242.8,52.4
202606010108,16,3.1,245.9,58.8
202606010109,11,2.4,157.0,20.4
202606010110,8,1.7,64.3,10.4
202606010111,14,3.4,185.9,32.7
202606010112,16,2.5,232.7,52.6
202608010101,16,2.4,182.0,54.8
202608010102,16,2.6,186.6,55.4
202608010103,16,3.9,236.9,48.5
202608010104,12,4.7,165.6,28.4
202608010105,18,2.9,243.4,74.4
202608010106,7,1.9,27.3,7.3
202608010107,10,2.2,78.4,15.3
202608010108,16,2.7,219.8,55.9
202608010109,13,2.3,161.9,38.9
202608010110,9,1.7,62.2,11.0
202608010111,18,2.8,235.6,66.5
202608010112,12,3.2,93.7,21.5
202606010201,16,2.8,225.3,57.6
202606010202,16,2.9,228.4,63.0
202606010203,12,2.2,143.6,26.7
202606010204,13,2.9,141.4,33.9
202606010205,16,1.9,216.7,67.9
202606010206,18,2.9,253.8,77.7
202606010207,10,2.6,85.1,15.7
202606010208,9,1.6,61.7,12.1
202606010209,12,2.1,142.2,27.5
202606010210,12,2.8,160.8,26.8
202606010211,14,3.2,181.7,34.0
202606010212,16,3.2,249.2,62.0
202608010201,14,2.4,165.9,44.6
202608010202,16,2.6,218.5,56.7
202608010203,14,2.2,155.0,42.2
202608010204,11,2.1,124.7,23.0
202608010205,17,2.3,217.9,67.6
202608010206,15,2.7,184.5,58.4
202608010207,15,3.7,143.3,37.9
202608010208,15,4.2,235.8,43.3
202608010209,11,2.6,118.6,19.7
202608010210,16,2.8,215.1,54.8
202608010211,9,1.5,72.4,15.3
202608010212,15,2.7,190.2,48.9
202606010301,16,1.7,207.7,63.2
202606010302,16,1.9,221.8,72.6
202606010303,16,2.6,237.1,58.3
202606010304,12,2.2,95.9,26.0
202606010305,15,2.3,229.8,56.5
202606010306,16,3.9,247.1,48.9
202606010307,16,2.7,249.5,66.6
202606010308,13,2.0,182.1,34.1
202606010309,10,2.2,95.9,17.7
202606010310,16,3.7,219.1,52.1
202606010311,17,2.7,243.0,62.8
202606010312,16,2.7,202.1,49.6
202608010301,16,2.0,194.9,61.6
202608010302,14,3.0,168.0,34.7
202608010303,16,2.1,190.3,58.6
202608010304,11,2.7,143.8,20.0
202608010305,18,3.6,226.9,63.9
202608010306,18,4.8,252.8,62.4
202608010307,15,2.5,167.6,46.1
202608010308,11,1.7,125.5,23.5
202608010309,8,1.5,55.7,12.2
202608010310,18,2.7,185.5,66.6
202608010311,16,2.1,212.3,57.1
202608010312,18,3.8,227.6,61.9
202606010401,16,2.3,230.3,67.0
202606010402,16,2.6,224.5,60.1
202606010403,16,1.9,195.8,64.5
202606010404,16,2.6,194.8,55.7
202606010405,16,2.8,257.2,65.0
202606010406,18,2.0,225.8,87.4
202606010407,16,1.7,214.1,74.9
202606010408,16,2.4,203.8,62.3
202606010409,13,3.0,153.6,29.5
202606010410,16,4.2,222.0,44.5
202606010411,16,3.4,222.4,52.5
202606010412,16,3.0,197.3,51.6
202608010401,16,2.6,224.3,57.1
202608010402,16,2.9,188.4,54.6
202608010403,16,2.8,191.2,51.9
202608010404,14,3.6,189.1,34.1
202608010405,10,3.8,48.7,13.2
202608010406,14,3.2,165.6,32.8
202608010407,14,2.7,150.7,34.5
202608010408,16,3.5,193.0,47.6
202608010409,10,2.1,124.3,17.7
202608010410,15,2.5,138.3,41.4
202608010411,16,3.0,217.6,47.2
202608010412,18,4.5,255.1,61.5
202606010501,16,1.9,214.4,71.6
202606010502,16,2.8,203.7,49.0
202606010503,16,4.7,281.4,63.1
202606010504,14,2.9,178.3,34.3
202606010505,16,3.7,269.9,64.0
202606010506,18,2.5,230.2,69.1
202606010507,15,3.0,260.0,55.1
202606010508,11,2.6,131.2,18.0
202606010509,16,3.1,218.6,45.1
202606010510,16,3.9,239.3,42.0
202606010511,14,3.7,205.2,37.6
202606010512,18,2.2,229.9,80.3
202608010501,16,2.5,215.1,51.1
202608010502,16,2.3,209.2,64.0
202608010503,16,2.7,235.9,55.0
202608010504,16,3.3,183.8,46.0
202608010505,18,2.5,176.5,71.9
202608010506,9,2.6,94.3,15.3
202608010507,16,2.4,196.1,64.9
202608010508,15,3.2,216.3,44.4
202608010509,12,3.3,92.5,25.3
202608010510,16,2.9,210.9,52.1
202608010511,16,5.3,203.5,41.1
202608010512,18,4.1,251.6,57.9
202606010601,16,3.6,259.7,65.0
202606010602,16,1.9,187.4,66.5
202606010603,16,2.6,197.0,53.3
202606010604,12,1.8,137.9,28.6
202606010605,18,5.9,287.2,57.0
202606010606,16,4.7,265.4,48.9
202606010607,12,2.3,93.2,25.5
202606010608,16,2.2,203.9,67.9
202606010609,8,2.4,77.5,10.1
202606010610,16,4.4,207.9,43.0
202606010611,16,3.2,205.0,49.3
202606010612,16,3.3,210.9,43.0
202608010601,10,2.1,96.5,27.2
202608010602,16,2.4,212.0,60.9
202608010603,13,2.5,154.2,32.9
202608010604,16,3.7,211.5,50.8
202608010605,18,3.1,254.1,84.7
202608010606,8,2.5,34.7,8.5
202608010607,16,2.0,199.6,57.7
202608010608,8,1.7,40.7,8.6
202608010609,10,2.1,63.8,15.6
202608010610,9,2.4,47.4,12.3
202608010611,16,2.2,219.9,64.4
202608010612,18,4.4,243.7,60.4
202606010701,16,3.4,205.6,52.8
202606010702,16,2.4,239.9,55.9
202606010703,13,2.1,185.4,34.7
202606010704,14,2.9,198.2,40.0
202606010705,16,4.1,272.2,59.3
202606010706,14,1.8,188.7,55.1
202606010707,16,2.3,207.8,60.9
202606010708,16,2.7,218.5,50.3
202606010709,15,2.5,209.8,47.6
202606010710,16,3.0,159.5,45.9
202606010711,15,3.3,206.4,40.7
202606010712,16,2.7,223.3,51.9
202608010701,16,2.4,199.0,63.6
202608010702,12,3.3,126.1,27.2
202608010703,16,2.3,192.2,55.8
202608010704,10,2.2,49.4,18.2
202608010705,17,2.6,221.6,65.3
202608010706,18,2.1,227.6,81.4
202608010707,11,2.4,114.2,20.9
202608010708,12,2.2,119.8,27.3
202608010709,16,3.4,232.3,62.6
202608010710,16,2.6,242.4,62.6
202608010711,13,3.2,136.2,29.4
202608010712,11,2.2,94.1,24.8
202606010801,16,3.0,233.6,55.3
202606010802,16,2.4,226.4,62.8
202606010803,16,2.6,187.1,56.6
202606010804,15,2.9,252.0,46.7
202606010805,18,2.6,242.5,65.5
202606010806,13,3.2,160.8,29.8
202606010807,16,2.4,227.4,53.9
202606010808,12,2.8,128.4,25.4
202606010809,9,2.2,52.2,10.9
202606010810,10,1.5,60.3,17.0
202606010811,18,2.6,236.0,62.5
202606010812,12,1.9,99.2,29.7
202608010801,12,2.4,135.1,27.3
202608010802,14,2.3,138.0,39.7
202608010803,16,4.1,209.2,49.5
202608010804,16,2.1,200.6,57.7
202608010805,18,2.9,218.1,80.1
202608010806,17,3.7,260.3,58.6
202608010807,11,2.1,141.4,22.9
202608010808,15,4.4,205.1,38.9
202608010809,13,2.9,186.7,28.7
202608010810,15,2.8,197.9,43.3
202608010811,14,3.0,115.8,34.7
202608010812,11,2.2,135.1,25.0
202610010101,10,1.8,56.1,19.5
202610010102,16,2.0,210.4,62.6
202610010103,14,2.3,127.5,34.0
202610010104,12,2.9,112.9,26.0
202610010105,11,2.7,66.7,20.2
202610010106,18,2.9,176.1,64.8
202610010107,15,3.5,216.3,38.7
202610010108,7,1.5,23.5,8.0
202610010109,12,2.5,121.7,25.8
202610010110,9,2.3,51.9,10.8
202610010111,18,3.0,209.2,73.2
202610010112,15,2.9,193.3,42.2
202606010901,16,2.6,239.0,66.5
202606010902,14,3.1,137.3,37.8
202606010903,16,2.7,227.2,55.4
202606010904,16,3.2,222.7,58.7
202606010905,18,1.9,224.3,90.8
202606010906,15,2.2,233.4,63.1
202606010907,10,1.8,69.3,19.8
202606010908,15,2.5,233.7,55.2
202606010909,12,2.4,153.9,25.1
202606010910,16,2.3,219.0,64.2
202606010911,16,3.1,229.5,55.6
202606010912,16,1.6,211.8,80.7
202608010901,11,2.1,117.1,20.9
202608010902,16,2.8,243.6,57.0
202608010903,12,2.5,75.3,28.7
202608010904,10,1.5,84.0,19.0
202608010905,18,7.0,253.5,53.3
202608010906,16,2.3,210.9,59.6
202608010907,10,2.3,67.2,14.6
202608010908,10,2.4,70.1,13.9
202608010909,9,2.0,69.6,13.3
202608010910,18,4.0,275.1,61.8
202608010911,16,3.5,219.6,44.5
202608010912,9,2.2,93.1,12.6
202610010201,16,3.0,224.0,52.6
202610010202,18,3.4,204.0,60.9
202610010203,14,3.6,153.1,32.9
202610010204,12,3.1,116.4,24.8
202610010205,18,2.9,221.3,62.5
202610010206,11,2.2,112.8,24.4
202610010207,18,2.6,196.2,67.2
202610010208,16,3.2,168.7,47.7
202610010209,16,3.1,190.3,45.5
202610010210,16,3.8,222.5,49.2
202610010211,12,3.3,131.7,27.8
202610010212,14,3.5,133.5,28.9
202605010101,16,4.0,260.5,58.6
202605010102,16,4.6,216.8,37.5
202605010103,15,2.6,227.0,52.7
202605010104,16,1.6,205.8,73.4
202605010105,16,2.5,215.9,56.6
202605010106,16,2.7,253.5,64.0
202605010107,16,3.8,233.3,45.4
202605010108,16,4.8,249.2,54.5
202605010109,16,3.5,245.3,46.8
202605010110,15,3.7,155.9,37.3
202605010111,10,2.9,60.7,15.2
202605010112,12,2.3,74.1,26.5
202608020101,16,2.0,229.0,68.8
202608020102,9,1.7,82.6,15.8
202608020103,13,2.1,148.5,32.0
202608020104,11,1.9,100.0,27.5
202608020105,15,3.6,245.8,38.8
202608020106,16,2.4,201.1,61.7
202608020107,11,2.4,68.0,21.3
202608020108,10,1.8,71.7,16.8
202608020109,13,3.5,192.2,32.5
202608020110,8,2.4,52.9,10.2
202608020111,13,2.2,136.3,32.9
202608020112,17,3.7,252.7,60.7
202610010301,14,2.7,156.8,33.7
202610010302,18,2.8,234.3,72.9
202610010303,16,3.8,136.7,41.3
202610010304,12,3.2,114.0,24.4
202610010305,11,2.0,74.6,19.9
202610010306,18,3.9,200.9,59.8
202610010307,16,2.6,224.8,56.3
202610010308,18,3.8,220.5,65.8
202610010309,14,4.3,115.7,29.7
202610010310,16,3.3,181.9,54.3
202610010311,18,5.5,195.6,50.0
202610010312,16,4.1,193.3,45.5
202605010201,16,2.8,252.1,58.2
202605010202,13,2.0,141.3,35.3
202605010203,16,3.0,212.9,50.5
202605010204,16,2.0,215.6,68.7
202605010205,16,3.9,259.2,49.8
202605010206,15,2.8,193.1,40.7
202605010207,9,1.8,134.2,16.2
202605010208,11,1.7,85.2,25.6
202605010209,12,2.9,121.0,24.8
202605010210,15,4.1,147.2,35.0
202605010211,16,4.1,262.0,55.6
202605010212,16,2.7,241.2,70.1
202608020201,13,1.9,157.8,37.8
202608020202,15,1.7,180.5,64.0
202608020203,10,1.8,86.5,19.7
202608020204,16,3.7,231.1,52.4
202608020205,13,2.0,138.9,34.3
202608020206,16,3.7,213.2,46.9
202608020207,9,1.5,64.1,19.7
202608020208,11,3.7,130.7,20.1
202608020209,11,2.4,139.9,22.6
202608020210,8,1.7,45.1,9.2
202608020211,18,4.1,230.1,59.0
202608020212,7,1.4,33.0,6.6
202610010401,16,2.7,187.9,53.3
202610010402,18,2.9,217.6,67.9
202610010403,14,3.0,151.3,33.2
202610010404,12,2.3,74.0,27.0
202610010405,18,3.3,227.1,61.9
202610010406,18,4.1,234.8,65.8
202610010407,15,3.7,134.3,33.3
202610010408,13,3.2,113.5,28.7
202610010409,11,2.1,90.7,21.4
202610010410,15,2.8,143.7,42.5
202610010411,15,4.2,151.4,33.9
202610010412,18,4.8,250.4,54.9
202605010301,16,2.0,239.4,67.6
202605010302,16,6.0,263.3,41.4
202605010303,16,2.1,197.5,64.0
202605010304,13,2.9,187.8,34.0
202605010305,16,2.4,238.0,60.0
202605010306,16,5.5,247.0,57.1
202605010307,14,3.1,174.6,32.6
202608020301,10,1.7,77.6,20.1
202608020302,9,1.6,60.5,14.1
202608020303,14,2.8,146.9,35.4
202608020304,16,4.3,217.8,40.7
202608020305,14,5.5,164.5,29.2
202608020306,12,2.6,116.8,23.7
202608020307,9,1.7,75.2,12.8
202608020308,8,1.6,44.9,10.8
202608020309,16,2.7,186.6,55.4
202608020310,9,1.7,59.0,13.9
202608020311,16,3.3,247.9,51.3
202608020312,15,2.1,202.0,48.6
202610010501,16,2.9,183.9,49.2
202610010502,18,4.2,215.6,60.5
202610010503,14,2.1,143.7,41.1
202610010504,12,2.9,123.7,26.9
202610010505,12,1.8,92.2,32.6
202610010506,18,2.9,213.2,67.0
202610010507,18,4.3,212.7,56.8
202610010508,12,2.5,93.3,26.2
202610010509,13,3.0,147.7,27.8
202610010510,16,4.1,167.2,40.8
202610010511,16,5.0,218.3,44.8
202610010512,18,5.3,195.9,50.3
202610010601,16,4.5,214.9,43.9
202610010602,17,3.0,190.1,56.4
202610010603,14,5.5,138.2,29.3
202610010605,10,2.1,75.0,15.8
202610010606,16,2.9,196.0,50.7
202610010607,15,2.2,211.1,51.6
202610010608,16,3.4,194.7,48.1
202610010609,15,2.9,195.5,43.0
202610010610,16,4.6,204.1,43.7
202610010611,12,3.6,79.0,23.7
202610010612,18,3.9,250.2,60.3
202605010401,16,2.8,245.6,58.7
202605010402,13,2.0,164.0,35.0
202605010403,16,2.0,239.1,72.4
202605010404,16,2.1,210.0,67.6
202605010405,16,2.1,181.3,61.0
202605010406,18,2.9,260.7,95.6
202605010407,9,1.8,63.2,13.9
202605010408,16,2.9,221.7,51.4
202605010409,7,1.8,22.7,6.8
202605010410,11,2.5,123.2,22.7
202605010411,16,5.0,212.6,41.4
202605010412,16,2.5,232.9,58.5
202608020401,16,3.4,219.2,51.0
202608020402,9,1.8,61.6,16.2
202608020403,15,3.3,240.4,52.2
202608020404,9,2.3,94.3,15.3
202608020405,16,3.6,213.5,48.9
202608020406,15,2.3,198.9,47.1
202608020407,8,2.2,68.6,12.7
202608020408,13,3.1,120.5,27.4
202608020409,13,2.8,167.6,28.9
202608020410,16,3.9,176.5,45.0
202608020411,9,2.2,54.3,11.6
202608020412,16,3.3,227.8,54.5
202605010501,16,2.8,235.3,55.4
202605010502,16,3.2,236.0,49.0
202605010503,16,2.3,237.0,63.0
202605010504,16,4.3,237.3,45.9
202605010505,16,2.3,223.8,57.8
202605010506,16,2.1,200.8,63.6
202605010507,16,2.8,231.1,47.6
202605010508,16,3.4,222.1,51.0
202605010509,8,1.4,51.7,11.0
202605010510,16,4.9,235.4,45.9
202605010511,16,2.6,222.2,49.8
202605010512,16,3.9,230.3,50.8
202608020501,13,2.4,163.7,34.7
202608020502,16,1.5,194.3,71.8
202608020503,11,2.0,111.3,23.4
202608020504,16,2.7,228.5,51.5
202608020505,16,3.8,232.0,46.8
202608020506,17,1.8,184.4,76.5
202608020507,15,2.1,210.6,51.3
202608020508,13,2.2,122.7,35.6
202608020509,11,3.4,65.9,16.0
202608020510,16,2.9,204.1,50.7
202608020511,14,3.0,146.2,32.2
202608020512,15,4.1,252.3,45.5
202610010701,16,1.9,158.2,60.0
202610010702,18,3.7,250.2,61.9
202610010703,14,4.9,157.2,31.2
202610010704,12,3.1,95.1,22.5
202610010705,18,3.4,237.6,65.2
202610010706,18,3.7,205.5,63.5
202610010707,16,5.0,210.9,42.4
202610010708,13,2.4,128.7,32.0
202610010709,10,2.5,60.8,16.5
202610010710,14,3.0,97.4,35.9
202610010711,18,6.0,244.0,48.6
202610010712,15,2.6,193.1,40.8
202605010601,16,3.3,256.7,76.1
202605010602,13,2.2,82.8,31.6
202605010603,16,2.2,209.5,56.1
202605010604,13,4.8,195.5,31.7
202605010605,16,2.4,184.3,54.1
202605010606,14,2.8,169.9,37.4
202605010607,16,3.3,228.1,53.2
202605010608,14,2.6,190.5,33.0
202605010609,16,3.0,212.2,45.8
202605010610,16,4.2,205.6,48.5
202605010611,9,2.4,90.8,14.5
202605010612,16,3.8,241.8,55.0
202608020601,10,1.9,98.8,15.8
202608020602,12,2.0,112.9,30.3
202608020603,16,2.2,217.6,75.8
202608020604,9,1.7,44.0,10.3
202608020605,15,2.2,186.2,53.8
202608020606,18,2.7,236.8,75.0
202608020607,13,2.4,154.9,30.7
202608020608,12,2.1,119.6,26.4
202608020609,11,1.7,124.4,27.1
202608020610,10,1.6,121.4,21.3
202608020611,12,1.9,137.8,29.5
202608020612,16,4.0,184.6,41.6
202610010801,16,2.2,222.8,63.3
202610010802,18,5.7,243.2,54.0
202610010803,14,4.4,147.6,29.7
202610010804,12,2.7,84.1,26.1
202610010805,16,3.1,178.5,53.4
202610010806,16,2.6,183.6,57.4
202610010807,14,3.3,124.3,31.1
202610010808,15,4.9,166.7,34.4
202610010809,7,1.6,26.7,6.5
202610010810,18,3.7,234.5,61.4
202610010811,18,3.2,178.3,58.9
202610010812,13,3.6,115.8,29.1
202605010701,16,3.2,245.5,47.9
202605010702,16,4.8,164.3,42.8
202605010703,16,4.7,248.9,59.6
202605010704,16,2.0,215.9,71.3
202605010705,14,2.6,170.0,38.0
202605010706,16,4.1,253.4,51.2
202605010707,16,3.4,260.0,55.0
202605010708,12,1.8,134.8,34.7
202605010709,7,1.4,45.2,7.1
202605010710,16,4.3,199.5,46.5
202605010711,15,4.0,203.1,34.3
202605010712,16,3.5,176.6,46.4
202609010101,16,5.3,256.2,51.7
202609010102,14,1.9,136.9,45.7
202609010103,16,2.1,228.7,69.8
202609010104,14,2.9,159.6,36.5
202609010105,18,3.0,232.2,65.2
202609010106,11,1.8,116.5,25.1
202609010107,16,2.0,176.8,68.1
202609010108,7,1.8,20.9,6.0
202609010109,18,2.7,239.0,65.6
202609010110,16,4.9,257.1,46.4
202609010111,18,5.4,204.7,51.7
202609010112,15,3.0,215.8,41.4
202610010901,14,3.2,136.7,31.9
202610010902,18,3.1,203.3,66.0
202610010903,14,3.0,144.1,33.2
202610010904,12,2.0,88.8,28.7
202610010905,12,3.3,83.2,25.0
202610010906,16,4.6,162.5,38.5
202610010907,16,3.3,164.7,47.8
202610010908,16,3.2,207.0,48.6
202610010909,10,2.5,83.5,15.2
202610010910,16,2.8,217.2,54.3
202610010911,13,2.6,154.6,29.5
202610010912,18,4.6,216.9,54.5
202605010801,16,2.4,192.2,58.8
202605010802,13,1.7,154.9,47.2
202605010803,16,2.0,228.5,54.4
202605010804,16,2.5,221.0,55.2
202605010805,12,2.1,151.3,29.5
202605010806,16,3.8,233.8,52.0
202605010807,16,3.3,253.5,49.7
202605010808,16,3.4,256.4,53.1
202605010809,10,2.9,56.2,14.8
202605010810,14,2.7,185.6,33.7
202605010811,16,3.2,224.3,47.3
202605010812,16,4.6,267.2,54.2
202609010201,10,1.6,92.3,16.6
202609010202,16,2.1,203.9,66.9
202609010203,11,2.5,98.0,22.9
202609010204,14,2.1,148.4,41.8
202609010205,13,2.3,125.8,31.4
202609010206,11,2.9,81.5,17.2
202609010207,9,1.8,76.9,13.0
202609010208,15,3.1,208.6,47.2
202609010209,10,2.4,96.9,17.2
202609010210,8,2.4,76.3,8.9
202609010211,12,2.4,121.0,26.4
202609010212,16,2.7,193.2,55.5
202610011001,12,2.0,97.6,29.9
202610011002,18,3.5,247.0,58.8
202610011003,14,4.8,138.4,31.3
202610011004,12,2.5,96.9,23.5
202610011005,13,4.6,124.5,27.3
202610011006,16,3.5,194.0,49.8
202610011007,14,2.6,125.7,36.1
202610011008,14,3.3,139.0,30.5
202610011009,12,2.3,82.5,25.9
202610011010,16,4.0,201.7,48.6
202610011011,16,4.7,170.4,40.5
202610011012,18,3.0,207.3,70.0
202606020101,16,2.8,256.7,52.5
202606020102,15,1.8,188.8,59.2
202606020103,16,2.3,249.1,68.7
202606020104,12,1.6,144.9,37.9
202606020105,18,3.6,221.8,60.6
202606020106,9,2.0,70.0,12.4
202606020107,16,2.3,218.6,56.1
202606020108,13,2.8,196.9,36.3
202606020109,8,2.0,81.0,10.7
202606020110,16,3.0,244.7,51.1
202606020111,16,4.5,204.5,41.2
202606020112,16,2.4,222.7,67.0
202609010301,16,2.3,204.9,58.3
202609010302,14,2.3,166.1,45.2
202609010303,16,2.9,198.2,45.1
202609010304,14,2.5,187.6,40.6
202609010305,14,3.1,175.2,36.0
202609010306,13,2.1,145.6,33.7
202609010307,16,3.0,177.8,49.8
202609010308,15,3.1,207.9,44.0
202609010309,9,1.9,80.0,12.1
202609010310,9,2.0,42.6,10.6
202609010311,16,3.0,236.4,49.1
202609010312,18,2.5,224.1,70.3
202610011101,16,3.7,193.5,48.9
202610011102,18,4.3,191.5,64.4
202610011103,14,2.5,172.9,38.4
202610011104,12,2.8,120.1,26.9
202610011105,12,5.3,92.8,18.4
202610011106,16,2.3,186.4,52.3
202610011107,13,3.4,131.8,27.1
202610011108,13,3.2,159.6,27.7
202610011109,16,3.4,187.5,47.1
202610011110,16,3.0,173.5,48.5
202610011111,15,3.7,195.7,38.7
202610011112,18,4.4,227.9,57.6
202606020201,16,2.9,237.1,69.3
202606020202,16,2.3,182.2,55.7
202606020203,16,1.8,199.6,64.0
202606020204,8,2.0,51.0,10.1
202606020205,16,2.0,213.5,68.0
202606020206,15,2.1,199.5,50.2
202606020207,12,2.1,155.4,25.5
202606020208,16,3.0,223.7,53.3
202606020209,10,2.1,40.7,12.6
202606020210,15,3.4,244.7,48.0
202606020211,14,3.7,162.7,34.6
202606020212,16,3.5,249.7,45.1
202609010401,13,2.2,164.6,38.3
202609010402,16,2.3,195.4,60.9
202609010403,12,2.1,118.2,26.7
202609010404,8,1.6,43.4,10.7
202609010405,13,1.8,151.3,38.7
202609010406,8,1.3,56.3,9.0
202609010407,16,2.7,191.1,49.6
202609010408,15,2.1,213.8,60.4
202609010409,9,1.9,75.7,13.2
202609010410,14,3.8,189.7,30.5
202609010411,15,2.3,213.5,49.8
202609010412,16,4.2,219.9,46.3
202610011201,16,2.3,206.4,54.4
202610011202,16,2.1,174.7,64.7
202610011203,14,3.4,145.0,32.7
202610011204,12,3.1,130.3,26.7
202610011205,18,2.4,226.0,76.6
202610011206,16,2.4,146.8,55.6
202610011207,18,4.9,234.7,56.9
202610011208,15,2.7,204.6,44.5
202610011209,18,3.6,200.1,61.6
202610011210,18,4.9,196.4,47.8
202610011211,17,2.8,156.0,62.5
202610011212,16,2.4,190.8,57.2
202606020301,16,2.0,234.4,66.7
202606020302,15,2.4,223.4,49.1
202606020303,16,2.1,225.5,67.0
202606020304,14,2.8,185.6,42.5
202606020305,18,2.0,231.4,85.9
202606020306,18,2.0,245.1,92.2
202606020307,16,2.3,202.6,60.2
202606020308,14,2.1,200.5,47.1
202606020309,13,2.0,152.2,37.3
202606020310,14,7.1,147.0,31.1
202606020311,16,3.2,222.0,48.3
202606020312,16,4.1,226.2,42.4
202609010501,14,3.1,207.6,39.4
202609010502,16,1.9,205.3,68.8
202609010503,13,2.3,143.7,38.3
202609010504,13,1.8,142.2,39.6
202609010505,18,2.5,243.2,73.1
202609010506,12,3.5,119.1,31.2
202609010507,8,1.9,67.4,11.9
202609010508,10,2.4,74.6,18.3
202609010509,9,1.8,61.9,12.0
202609010510,15,3.0,203.3,42.0
202609010511,18,4.1,183.1,57.8
202609010512,16,2.7,217.3,54.4
202606020401,16,4.3,280.2,46.3
202606020402,16,2.8,248.4,64.6
202606020403,14,2.2,149.0,38.5
202606020404,14,2.0,173.1,40.6
202606020405,16,2.6,256.8,59.6
202606020406,16,2.1,229.0,57.1
202606020407,11,2.4,134.4,18.2
202606020408,13,2.0,155.2,31.4
202606020409,16,2.2,226.0,60.4
202606020410,15,4.5,214.5,35.5
202606020411,10,2.0,119.4,16.5
202606020412,16,2.9,218.6,57.0
202609010601,12,2.0,132.7,29.6
202609010602,16,1.9,202.5,73.3
202609010603,14,2.0,160.9,43.7
202609010604,16,1.9,205.5,66.7
202609010605,16,5.0,179.3,40.1
202609010606,9,2.0,68.4,12.8
202609010607,9,1.8,75.4,15.2
202609010608,9,1.7,55.2,15.0
202609010609,6,1.4,16.4,3.9
202609010610,14,2.5,150.0,36.6
202609010611,13,2.8,143.8,31.4
202609010612,14,4.1,196.8,32.8
202606020501,15,3.9,236.7,43.8
202606020502,16,2.3,234.1,62.6
202606020503,16,2.0,211.4,63.8
202606020504,16,2.1,190.9,71.3
202606020505,16,1.7,218.3,73.3
202606020506,16,4.7,207.0,42.2
202606020507,10,1.9,114.5,19.6
202606020508,16,4.6,240.9,43.1
202606020509,11,2.3,98.4,20.3
202606020510,16,2.2,226.5,52.2
202606020511,16,6.1,225.0,41.4
202606020512,16,3.3,232.4,58.0
202607010101,10,2.2,55.6,16.1
202607010102,16,3.3,189.6,40.8
202607010103,13,2.8,120.3,29.8
202607010104,16,3.4,201.9,48.5
202607010105,18,3.6,255.6,64.0
202607010106,16,3.1,196.7,56.1
202607010107,16,2.4,210.4,53.5
202607010108,16,3.9,206.6,47.2
202607010109,10,2.8,87.0,13.1
202607010110,10,2.6,63.2,14.0
202607010111,14,1.9,134.9,43.8
202607010112,18,5.3,213.9,54.1
202609010701,13,2.4,85.9,30.1
202609010702,16,2.6,210.4,56.4
202609010703,13,1.7,139.9,36.6
202609010704,18,3.4,229.6,62.1
202609010705,18,3.3,251.1,71.0
202609010706,13,2.2,154.7,35.5
202609010707,16,2.9,215.9,62.3
202609010708,10,1.6,88.8,15.2
202609010709,15,4.7,207.7,38.6
202609010710,11,2.0,135.6,24.7
202609010711,13,2.6,111.9,29.3
202609010712,8,1.6,49.1,10.4
202606020601,16,1.8,223.6,70.9
202606020602,16,2.4,238.9,69.7
202606020603,16,2.4,241.5,54.2
202606020604,16,3.2,256.7,63.0
202606020605,18,2.2,223.7,92.6
202606020606,16,2.9,203.2,50.3
202606020607,15,2.4,226.7,59.2
202606020608,10,1.7,78.3,15.4
202606020609,11,2.1,136.0,21.5
202606020610,16,2.7,222.8,58.3
202606020611,16,2.8,245.2,50.9
202606020612,16,3.9,218.1,52.7
202607010201,16,3.1,191.7,50.6
202607010202,13,2.0,128.7,33.2
202607010203,16,2.9,199.3,50.9
202607010204,18,4.2,216.5,60.5
202607010205,15,1.9,185.6,58.6
202607010206,16,3.6,211.2,45.5
202607010207,15,4.4,253.1,39.1
202607010208,12,3.3,126.1,22.8
202607010209,16,3.7,172.4,47.2
202607010210,12,4.6,115.3,23.0
202607010211,14,3.7,180.5,31.1
202607010212,18,6.4,261.0,53.5
202609010801,16,2.7,214.9,53.5
202609010802,14,2.5,170.9,35.3
202609010803,16,2.3,219.1,66.3
202609010804,14,2.4,183.9,40.9
202609010805,16,2.9,203.6,48.4
202609010806,11,2.6,130.9,26.3
202609010807,13,2.6,132.9,31.9
202609010808,11,2.4,98.7,18.8
202609010809,7,2.2,48.1,7.9
202609010810,14,2.9,133.5,35.8
202609010811,16,6.0,232.2,40.7
202609010812,13,2.8,119.2,30.2
202606020701,16,2.6,240.0,68.6
202606020702,12,2.0,170.3,25.4
202606020703,16,2.0,199.6,66.4
202606020704,13,1.7,161.3,46.2
202606020705,13,1.5,153.9,42.5
202606020706,13,2.0,202.0,39.4
202606020707,16,2.7,209.0,48.9
202606020708,10,1.9,82.9,17.2
202606020709,16,2.3,999.9,57.5
202606020710,13,3.9,168.0,27.2
202606020711,16,3.2,146.6,45.3
202606020712,16,2.0,196.0,69.0
202607010301,13,2.2,150.0,39.1
202607010302,16,2.8,176.0,50.3
202607010303,13,1.9,131.0,37.6
202607010304,18,2.7,201.3,66.2
202607010305,18,2.5,189.4,73.6
202607010306,18,2.6,223.9,68.1
202607010307,16,3.3,188.1,45.6
202607010308,13,3.9,139.7,28.2
202607010309,10,2.6,72.1,16.3
202607010310,16,3.1,216.7,54.3
202607010311,17,3.2,217.2,59.0
202607010312,14,2.0,116.6,47.5
202609010901,10,1.8,84.1,18.8
202609010902,13,2.0,142.5,39.2
202609010903,10,2.4,95.1,16.2
202609010904,15,2.5,211.2,52.3
202609010905,18,2.6,236.5,84.3
202609010906,16,3.0,223.2,53.2
202609010907,11,1.9,71.8,23.2
202609010908,12,3.1,132.2,27.8
202609010909,8,2.3,55.7,10.0
202609010910,16,7.4,235.3,37.0
202609010911,12,2.9,91.0,23.6
202609010912,15,1.9,203.0,62.3
202606020801,16,2.4,235.5,66.8
202606020802,15,2.1,213.8,55.0
202606020803,14,3.4,190.8,37.6
202606020804,14,2.6,182.6,42.5
202606020805,16,2.2,200.0,57.9
202606020806,18,2.5,254.6,81.8
202606020807,8,1.3,69.4,12.1
202606020808,16,2.4,222.8,61.1
202606020809,16,2.4,237.4,66.1
202606020810,9,2.3,69.6,11.2
202606020811,16,2.4,218.2,52.9
202606020812,16,3.8,239.9,48.4
202607010401,14,3.0,124.6,34.8
202607010402,16,2.9,201.2,49.6
202607010403,15,4.6,229.5,36.6
202607010404,15,3.1,204.8,43.9
202607010405,16,3.7,159.1,43.1
202607010406,17,3.5,200.6,54.2
202607010407,15,2.0,203.6,56.7
202607010408,18,2.5,216.6,72.3
202607010409,10,3.0,80.6,14.5
202607010410,16,6.8,191.7,41.7
202607010411,18,5.8,180.3,48.4
202607010412,16,2.6,202.5,53.7
202609011001,14,1.8,155.3,44.4
202609011002,13,2.2,147.4,37.4
202609011003,13,3.0,185.9,29.0
202609011004,17,2.0,212.4,71.0
202609011005,11,3.5,91.3,19.1
202609011006,13,4.3,137.8,26.9
202609011007,11,2.1,81.7,20.9
202609011008,10,1.8,77.4,20.4
202609011009,8,1.5,75.7,10.5
202609011010,16,3.8,225.3,53.4
202609011011,10,2.1,99.1,18.3
202609011012,13,3.9,185.0,31.7
202606030101,16,1.9,224.4,74.5
202606030102,16,2.2,225.7,73.2
202606030103,16,2.0,232.0,68.3
202606030104,16,2.2,228.4,71.0
202606030105,16,2.2,225.3,62.6
202606030106,11,1.6,131.8,25.2
202606030107,13,1.8,136.1,39.9
202606030108,12,2.3,64.4,27.6
202606030109,16,2.1,190.5,66.7
202606030110,10,1.9,112.4,16.8
202606030111,15,3.1,234.7,42.2
202606030112,16,2.5,219.8,54.0
202607010501,16,2.5,184.1,55.3
202607010502,13,5.5,139.8,32.2
202607010503,16,3.3,190.3,50.2
202607010504,14,2.2,140.6,39.0
202607010505,15,2.2,226.1,42.0
202607010506,16,2.8,204.2,52.7
202607010507,16,3.7,201.2,46.2
202607010508,15,4.3,187.7,39.4
202607010509,9,2.3,48.3,11.6
202607010510,12,2.9,122.1,26.4
202607010511,16,4.6,174.3,41.7
202607010512,16,3.5,166.7,43.2
202609020101,16,2.2,185.3,58.2
202609020102,11,1.8,90.4,22.6
202609020103,16,2.0,203.5,65.3
202609020104,13,2.2,146.3,34.6
202609020105,18,2.7,231.5,65.3
202609020106,11,3.0,74.3,22.0
202609020107,12,2.1,84.5,26.9
202609020108,11,2.2,131.9,20.4
202609020109,7,1.5,66.0,8.2
202609020110,11,2.1,120.9,22.0
202609020111,7,1.5,43.1,8.4
202609020112,14,4.2,177.9,35.5
202606030201,16,3.1,252.6,65.3
202606030202,16,2.7,237.1,60.4
202606030203,15,1.9,205.3,61.1
202606030204,16,3.5,231.5,50.5
202606030205,13,4.7,217.9,38.9
202606030206,13,1.9,97.5,39.3
202606030207,15,3.3,202.5,42.5
202606030208,16,2.2,198.3,62.9
202606030209,7,1.8,24.0,6.1
202606030210,15,4.0,195.6,40.3
202606030211,16,4.1,999.9,47.6
202606030212,11,3.0,72.3,18.6
202607010601,16,2.2,213.4,65.1
202607010602,14,1.9,131.7,42.7
202607010603,15,2.0,179.4,51.1
202607010604,18,2.8,219.4,69.6
202607010605,16,3.0,229.1,52.2
202607010606,13,2.6,166.6,31.3
202607010607,13,3.3,153.5,31.8
202607010608,7,2.4,25.9,5.7
202607010609,16,4.0,225.1,51.4
202607010610,15,3.2,204.8,50.0
202607010611,18,3.4,205.1,67.0
202607010612,16,2.4,200.1,53.2
202609020201,14,3.3,187.4,35.9
202609020202,9,1.7,54.5,15.9
202609020203,16,2.6,191.3,50.5
202609020204,14,2.5,158.5,39.0
202609020205,12,1.9,121.0,29.3
202609020206,10,2.2,82.8,15.5
202609020207,14,2.9,145.7,33.5
202609020208,7,1.4,36.3,7.4
202609020209,15,2.9,196.0,43.0
202609020210,11,2.8,124.4,19.6
202609020211,13,2.2,90.0,33.1
202609020212,16,3.1,219.9,53.1
