jockey_code,register_del_flag,register_del_date,jockey_name,jockey_kana,jockey_name_short,area_code,area_name,birthday,first_ride_year,apprentice_class,stable_code,jockey_comment,comment_date,year_leading,year_turf_wr,year_special_w,last_leading,last_turf_wr,last_special_w,data_date,year_turf_1st,year_turf_2nd,year_turf_3rd,year_turf_out,year_dirt_1st,year_dirt_2nd,year_dirt_3rd,year_dirt_out,last_turf_1st,last_turf_2nd,last_turf_3rd,last_turf_out,last_dirt_1st,last_dirt_2nd,last_dirt_3rd,last_dirt_out,total_turf_1st,total_turf_2nd,total_turf_3rd,total_turf_out,total_dirt_1st,total_dirt_2nd,total_dirt_3rd,total_dirt_out
10007,1,19920229,増沢末夫,マスザワ　スエオ,増沢末,1,,19371020,1957,0,,,,,,,,,,20260328,,,,,,,,,,,,,,,,,,,,,,,,
10011,1,19930228,徳吉一己,トクヨシ　カズミ,徳吉一,1,,19410201,1958,0,,,,,,,,,,20260328,,,,,,,,,,,,,,,,,,,,,,,,
10031,1,19930228,郷原洋行,ゴウハラ　ヒロユキ,郷原洋,1,,19440121,1962,0,,,,,,,,,,20260328,,,,,,,,,,,,,,,,,,,,,,,,
10040,1,19990114,大崎昭一,オオサキ　シヨウイチ,大　崎,1,,19450115,1963,0,,,,,,,,,,20260328,,,,,,,,,,,,,,,,,,,,,,,,
10043,1,19940228,久保敏文,クボ　トシフミ,久保敏,2,,19431121,1963,0,,,,,,,,,,20260328,,,,,,,,,,,,,,,,,,,,,,,,
10054,1,19920229,菅原泰夫,スガワラ　ヤスオ,菅原泰,1,,19460401,1964,0,,,,,,,,,,20260328,,,,,,,,,,,,,,,,,,,,,,,,
10066,1,19950228,樋口弘,ヒグチ　ヒロシ,樋口弘,2,,19470120,1965,0,,,,,,,,,,20260328,,,,,,,,,,,,,,,,,,,,,,,,
10068,1,19960229,小島太,コジマ　フトシ,小島太,1,,19470411,1966,0,,,,,,,,,,20260328,,,,,,,,,,,,,,,,,,,,,,,,
10072,1,19920229,田島良保,タジマ　ヨシヤス,田島良,2,,19471017,1966,0,,,,,,,,,,20260328,,,,,,,,,,,,,,,,,,,,,,,,
10076,1,20050310,岡部幸雄,オカベ　ユキオ,岡　部,1,,19481031,1967,0,,まだまだ衰え見られず。長距離戦は一級品。,20020815,,,,,,,20260328,,,,,,,,,,,,,,,,,,,,,,,,
10077,1,19950228,柴田政人,シバタ　マサト,柴田政,1,,19480819,1967,0,,,,,,,,,,20260328,,,,,,,,,,,,,,,,,,,,,,,,
10082,1,19960613,清水英次,シミズ　エイジ,清水英,2,,19471214,1967,0,,,,,,,,,,20260328,,,,,,,,,,,,,,,,,,,,,,,,
10086,1,20010902,安田富男,ヤスダ　トミオ,安田富,1,,19471007,1968,0,,,,,,,,,,20260328,,,,,,,,,,,,,,,,,,,,,,,,
10090,1,19930228,作田誠二,サクタ　セイジ,作田誠,2,,19490307,1968,0,,,,,,,,,,20260328,,,,,,,,,,,,,,,,,,,,,,,,
10091,1,19930228,武永祥,タケ　ナガヨシ,武永祥,2,,19480922,1968,0,,,,,,,,,,20260328,,,,,,,,,,,,,,,,,,,,,,,,
10097,1,19920430,菅野昭夫,カンノ　アキオ,菅野昭,1,,19500101,1969,0,,,,,,,,,,20260328,,,,,,,,,,,,,,,,,,,,,,,,
10098,1,19991231,田村正光,タムラ　マサミツ,田村正,1,,19490823,1969,0,,,,,,,,,,20260328,,,,,,,,,,,,,,,,,,,,,,,,
10102,1,20000229,蓑田早人,ミノダ　ハヤト,蓑　田,1,,19500925,1969,0,,,,,,,,,,20260328,,,,,,,,,,,,,,,,,,,,,,,,
10103,1,19940629,横田吉光,ヨコタ　ヨシミツ,横田吉,1,,19490615,1969,0,,,,,,,,,,20260328,,,,,,,,,,,,,,,,,,,,,,,,
10106,1,19980120,上野清章,ウエノ　キヨアキ,上　野,2,,19500207,1969,0,,,,,,,,,,20260328,,,,,,,,,,,,,,,,,,,,,,,,
10107,1,19950930,内田国夫,ウチダ　クニオ,内田国,2,,19510101,1969,0,,,,,,,,,,20260328,,,,,,,,,,,,,,,,,,,,,,,,
10108,1,19930228,楠孝志,クスノキ　タカシ,楠孝志,2,,19470225,1969,0,,,,,,,,,,20260328,,,,,,,,,,,,,,,,,,,,,,,,
10110,1,19930228,佐藤正雄,サトウ　マサオ,佐藤正,2,,19480101,1969,0,,,,,,,,,,20260328,,,,,,,,,,,,,,,,,,,,,,,,
10112,1,19960229,西浦勝一,ニシウラ　カツイチ,西浦勝,2,,19510207,1969,0,,,,,,,,,,20260328,,,,,,,,,,,,,,,,,,,,,,,,
10114,1,19920229,松田幸春,マツダ　ユキハル,松田幸,2,,19500215,1969,0,,,,,,,,,,20260328,,,,,,,,,,,,,,,,,,,,,,,,
10116,1,19980531,東信二,アズマ　シンジ,東,1,,19511124,1970,0,,,,,,,,,,20260328,,,,,,,,,,,,,,,,,,,,,,,,
10117,1,20000331,蛯沢誠治,エビサワ　セイジ,蛯　沢,1,,19510605,1970,0,,,,,,,,,,20260328,,,,,,,,,,,,,,,,,,,,,,,,
10119,1,20040930,坂井千明,サカイ　チアキ,坂　井,1,,19510214,1970,0,,ローカルでは卒のない騎乗目立ち安定株。,20020815,,,,,,,20260328,,,,,,,,,,,,,,,,,,,,,,,,
10120,1,19940228,柴崎勇,シバサキ　イサム,柴崎勇,1,,19490502,1970,0,,,,,,,,,,20260328,,,,,,,,,,,,,,,,,,,,,,,,
10127,1,19931031,出口明見,デグチ　アケミ,出口明,1,,19490820,1970,0,,,,,,,,,,20260328,,,,,,,,,,,,,,,,,,,,,,,,
10128,1,19950228,富田正信,トミタ　マサノブ,富田正,1,,19510925,1970,0,,,,,,,,,,20260328,,,,,,,,,,,,,,,,,,,,,,,,
10132,1,19950228,宮田仁,ミヤタ　ヒトシ,宮田仁,1,,19510122,1970,0,,,,,,,,,,20260328,,,,,,,,,,,,,,,,,,,,,,,,
10135,1,19980228,押田年郎,オシダ　トシロウ,押田年,2,,19500929,1970,0,,,,,,,,,,20260328,,,,,,,,,,,,,,,,,,,,,,,,
10145,1,19960229,大江原哲,オオエハラ　サトシ,大江原,1,,19530213,1971,0,,,,,,,,,,20260328,,,,,,,,,,,,,,,,,,,,,,,,
10146,1,19950430,小迫次男,コサコ　ツギオ,小迫次,1,,19511114,1971,0,,,,,,,,,,20260328,,,,,,,,,,,,,,,,,,,,,,,,
10147,1,19950228,中野栄治,ナカノ　エイジ,中野栄,1,,19530331,1971,0,,,,,,,,,,20260328,,,,,,,,,,,,,,,,,,,,,,,,
10148,1,19970228,成島正規,ナリシマ　マサノリ,成島正,1,,19511228,1971,0,,,,,,,,,,20260328,,,,,,,,,,,,,,,,,,,,,,,,
10149,1,19970228,星野忍,ホシノ　シノブ,星野忍,1,,19501229,1971,0,,,,,,,,,,20260328,,,,,,,,,,,,,,,,,,,,,,,,
10151,1,20010228,小島貞博,コジマ　サダヒロ,小　島,2,,19511110,1971,0,,,,,,,,,,20260328,,,,,,,,,,,,,,,,,,,,,,,,
10153,1,19950228,田所秀孝,タドコロ　ヒデタカ,田所秀,2,,19501031,1971,0,,,,,,,,,,20260328,,,,,,,,,,,,,,,,,,,,,,,,
10154,1,19990228,南井克巳,ミナイ　カツミ,南　井,2,,19530117,1971,0,,,,,,,,,,20260328,,,,,,,,,,,,,,,,,,,,,,,,
10159,1,19950731,吉沢宗一,ヨシザワ　ソウイチ,吉沢宗,1,,19510208,1972,0,,,,,,,,,,20260328,,,,,,,,,,,,,,,,,,,,,,,,
10164,1,19940228,安田隆行,ヤスダ　タカユキ,安田隆,2,,19530305,1972,0,,,,,,,,,,20260328,,,,,,,,,,,,,,,,,,,,,,,,
10165,1,19960229,岡山定夫,オカヤマ　サダオ,岡山定,1,,19521122,1973,0,,,,,,,,,,20260328,,,,,,,,,,,,,,,,,,,,,,,,
10170,1,19960408,竹原啓二,タケハラ　ケイジ,竹原啓,1,,19530829,1973,0,,,,,,,,,,20260328,,,,,,,,,,,,,,,,,,,,,,,,
10171,1,19940228,橋口満朗,ハシグチ　ミツロウ,橋口満,1,,19521003,1973,0,,,,,,,,,,20260328,,,,,,,,,,,,,,,,,,,,,,,,
10173,1,19940228,堀井雅広,ホリイ　マサヒロ,堀井雅,1,,19511204,1973,0,,,,,,,,,,20260328,,,,,,,,,,,,,,,,,,,,,,,,
10174,1,19970731,渡部秀一,ワタナベ　シユウイチ,渡部秀,1,,19550214,1973,0,,,,,,,,,,20260328,,,,,,,,,,,,,,,,,,,,,,,,
10175,1,19930228,五十嵐忠男,イガラシ　タダオ,五十嵐,2,,19521109,1973,0,,,,,,,,,,20260328,,,,,,,,,,,,,,,,,,,,,,,,
10178,1,20020228,田島信行,タジマ　ノブユキ,田島信,2,,19550201,1973,0,,,,,,,,,,20260328,,,,,,,,,,,,,,,,,,,,,,,,
10182,1,19930228,藤原哲朗,フジワラ　テツロウ,藤原哲,2,,19530322,1973,0,,,,,,,,,,20260328,,,,,,,,,,,,,,,,,,,,,,,,
10184,1,19920531,石神富士雄,イシガミ　フジオ,石神富,1,,19530814,1974,0,,,,,,,,,,20260328,,,,,,,,,,,,,,,,,,,,,,,,
10185,1,19930228,蛯名信広,エビナ　ノブヒロ,蛯名信,1,,19521030,1974,0,,,,,,,,,,20260328,,,,,,,,,,,,,,,,,,,,,,,,
10187,1,20010131,栗原洋一,クリハラ　ヨウイチ,栗　原,1,,19550120,1974,0,,障害専門ジョッキー,20020815,,,,,,,20260328,,,,,,,,,,,,,,,,,,,,,,,,
10190,1,19941120,柴田弘之,シバタ　ヒロシ,柴田弘,1,,19540707,1974,0,,,,,,,,,,20260328,,,,,,,,,,,,,,,,,,,,,,,,
10191,1,19970703,鈴木勇,スズキ　イサム,鈴木勇,1,,19510414,1974,0,,,,,,,,,,20260328,,,,,,,,,,,,,,,,,,,,,,,,
10198,1,20030228,河内洋,カワチ　ヒロシ,河　内,2,,19550222,1974,0,,年だけに何が何でもていう姿勢は見られず。,20020815,,,,,,,20260328,,,,,,,,,,,,,,,,,,,,,,,,
10202,1,19930228,田所清広,タドコロ　キヨヒロ,田所清,2,,19560208,1974,0,,,,,,,,,,20260328,,,,,,,,,,,,,,,,,,,,,,,,
10206,1,19970228,西園正都,ニシゾノ　マサト,西園正,2,,19551229,1974,0,,,,,,,,,,20260328,,,,,,,,,,,,,,,,,,,,,,,,
10209,1,20050228,加藤和宏,カトウ　カズヒロ,加藤和,1,,19560304,1975,0,,極端な騎乗多いが馬場読み的確で穴で注意,20020815,,,,,,,20260328,,,,,,,,,,,,,,,,,,,,,,,,
10210,1,19950630,木藤隆行,キフジ　タカユキ,木藤隆,1,,19570207,1975,0,,,,,,,,,,20260328,,,,,,,,,,,,,,,,,,,,,,,,
10212,1,19950930,佐藤照雄,サトウ　テルオ,佐藤照,1,,19561025,1975,0,,,,,,,,,,20260328,,,,,,,,,,,,,,,,,,,,,,,,
10214,1,19980228,津留千彰,ツル　チアキ,津　留,1,,19560423,1975,0,,,,,,,,,,20260328,,,,,,,,,,,,,,,,,,,,,,,,
10216,1,20010228,的場均,マトバ　ヒトシ,的　場,1,,19570325,1975,0,,調教師目指し、色んな厩舎の馬乗るようなっ,20020815,,,,,,,20260328,,,,,,,,,,,,,,,,,,,,,,,,
10217,1,19980320,小谷内秀夫,コヤウチ　ヒデオ,小谷内,2,,19480608,1975,0,,,,,,,,,,20260328,,,,,,,,,,,,,,,,,,,,,,,,
10218,1,19980220,斉藤博美,サイトウ　ヒロミ,斎藤博,2,,19520330,1975,0,,,,,,,,,,20260328,,,,,,,,,,,,,,,,,,,,,,,,
10220,1,19920331,須崎昇,スザキ　ノボル,須崎昇,2,,19520102,1975,0,,,,,,,,,,20260328,,,,,,,,,,,,,,,,,,,,,,,,
10221,1,20031220,村本善之,ムラモト　ヨシユキ,村　本,2,,19550607,1975,0,,中尾正厩舎、ビッグ馬主の馬は要注意!!,20020815,,,,,,,20260328,,,,,,,,,,,,,,,,,,,,,,,,
10223,1,19950228,池田賀一,イケダ　ヨシカズ,池田賀,1,,19570409,1976,0,,,,,,,,,,20260328,,,,,,,,,,,,,,,,,,,,,,,,
10224,1,20030228,今井規和,イマイ　ノリカズ,今　井,1,,19571108,1976,0,,障害専門ジョッキー,20020815,,,,,,,20260328,,,,,,,,,,,,,,,,,,,,,,,,
10227,1,19920430,関野弘行,セキノ　ヒロユキ,関野弘,1,,19570110,1976,0,,,,,,,,,,20260328,,,,,,,,,,,,,,,,,,,,,,,,
10228,1,19970331,津曲幸夫,ツマガリ　サチオ,津曲幸,1,,19530301,1976,0,,,,,,,,,,20260328,,,,,,,,,,,,,,,,,,,,,,,,
10230,1,20010228,成田均,ナリタ　ヒトシ,成　田,1,,19570426,1976,0,,障害専門ジョッキー,20020815,,,,,,,20260328,,,,,,,,,,,,,,,,,,,,,,,,
10231,1,19970228,本間忍,ホンマ　シノブ,本間忍,1,,19570728,1976,0,,,,,,,,,,20260328,,,,,,,,,,,,,,,,,,,,,,,,
10232,1,19960229,牧之瀬幸夫,マキノセ　サチオ,牧之瀬,1,,19561116,1976,0,,,,,,,,,,20260328,,,,,,,,,,,,,,,,,,,,,,,,
10234,1,19930228,加用正,カヨウ　タダシ,加用正,2,,19530517,1976,0,,,,,,,,,,20260328,,,,,,,,,,,,,,,,,,,,,,,,
10237,1,19930228,平田秀也,ヒラタ　ヒデヤ,平田秀,2,,19510703,1976,0,,,,,,,,,,20260328,,,,,,,,,,,,,,,,,,,,,,,,
10239,1,19970630,臼井武,ウスイ　タケシ,臼井武,1,,19530914,1977,0,,,,,,,,,,20260328,,,,,,,,,,,,,,,,,,,,,,,,
10241,1,20060228,大塚栄三郎,オオツカ　エイザブロウ,大　塚,1,,19531112,1977,0,,ハナに行くと決めたら譲らない,20020815,,,,,,,20260328,,,,,,,,,,,,,,,,,,,,,,,,
10243,1,19970228,塚越一弘,ツカゴシ　カズヒロ,塚越一,1,,19580314,1977,0,,,,,,,,,,20260328,,,,,,,,,,,,,,,,,,,,,,,,
10244,1,19970228,根本康広,ネモト　ヤスヒロ,根本康,1,,19560131,1977,0,,,,,,,,,,20260328,,,,,,,,,,,,,,,,,,,,,,,,
10245,1,19960229,黛幸弘,マユズミ　ユキヒロ,黛幸弘,1,,19571114,1977,0,,,,,,,,,,20260328,,,,,,,,,,,,,,,,,,,,,,,,
10250,1,19970228,猿橋重利,サルハシ　シゲトシ,猿橋重,2,,19561024,1977,0,,,,,,,,,,20260328,,,,,,,,,,,,,,,,,,,,,,,,
10251,1,20020228,松永昌博,マツナガ　マサヒロ,松永昌,2,,19531217,1977,0,,終いの甘さが目立つ,20020815,,,,,,,20260328,,,,,,,,,,,,,,,,,,,,,,,,
10252,1,20051231,大江原隆,オオエハラ　タカシ,大江原,1,,19571126,1978,0,,一時期の活躍が影を潜め,20020815,,,,,,,20260328,,,,,,,,,,,,,,,,,,,,,,,,
10254,1,19970731,酒井健二,サカイ　ケンジ,酒井健,1,,19580127,1978,0,,,,,,,,,,20260328,,,,,,,,,,,,,,,,,,,,,,,,
10255,1,19980930,菅原隆明,スガハラ　タカアキ,菅　原,1,,19591116,1978,0,,,,,,,,,,20260328,,,,,,,,,,,,,,,,,,,,,,,,
10259,1,19960630,安藤賢一,アンドウ　ケンイチ,安藤賢,2,,19580929,1978,0,,,,,,,,,,20260328,,,,,,,,,,,,,,,,,,,,,,,,
10261,1,20080731,嘉堂信雄,カドウ　ノブオ,嘉　堂,2,,19530728,1978,0,,飛越時に手綱放すのは特徴、見せ鞭も光る,20020815,,,,,,,20260328,,,,,,,,,,,,,,,,,,,,,,,,
10263,1,19990228,古小路重男,コショウジ　シゲオ,古小路,2,,19571113,1978,0,,,,,,,,,,20260328,,,,,,,,,,,,,,,,,,,,,,,,
10265,1,19980228,田原成貴,タバラ　セイキ,田　原,2,,19590115,1978,0,,,,,,,,,,20260328,,,,,,,,,,,,,,,,,,,,,,,,
10266,1,19940228,栩原一男,トチハラ　カズオ,栩原一,2,,19570702,1978,0,,,,,,,,,,20260328,,,,,,,,,,,,,,,,,,,,,,,,
10267,1,19940429,柏崎正次,カシワザキ　マサツグ,柏崎正,1,,19591028,1979,0,,,,,,,,,,20260328,,,,,,,,,,,,,,,,,,,,,,,,
10269,1,19980228,佐藤吉勝,サトウ　ヨシカツ,佐藤吉,1,,19571104,1979,0,,,,,,,,,,20260328,,,,,,,,,,,,,,,,,,,,,,,,
10270,1,20091031,田中剛,タナカ　ツヨシ,田中剛,1,,19610213,1979,0,,人気薄での思い切った逃げが魅力,20020815,,,,,,,20260328,,,,,,,,,,,,,,,,,,,,,,,,
10271,1,20020430,森安輝正,モリヤス　テルマサ,森　安,1,,19590315,1979,0,,,,,,,,,,20260328,,,,,,,,,,,,,,,,,,,,,,,,
10273,1,19940530,安達昭夫,アダチ　アキオ,安達昭,2,,19591027,1979,0,,,,,,,,,,20260328,,,,,,,,,,,,,,,,,,,,,,,,
10274,1,19970331,梅野信一,ウメノ　シンイチ,梅野信,2,,19590303,1979,0,,,,,,,,,,20260328,,,,,,,,,,,,,,,,,,,,,,,,
10275,1,19930228,音無秀孝,オトナシ　ヒデタカ,音無秀,2,,19540610,1979,0,,,,,,,,,,20260328,,,,,,,,,,,,,,,,,,,,,,,,
10276,1,20011220,栗田伸一,クリタ　シンイチ,栗　田,2,,19590410,1979,0,,,,,,,,,,20260328,,,,,,,,,,,,,,,,,,,,,,,,
10277,1,19940530,出口敏幸,デグチ　トシユキ,出口敏,2,,19550512,1979,0,,,,,,,,,,20260328,,,,,,,,,,,,,,,,,,,,,,,,
10280,1,19960320,溝橋秀吉,ミゾハシ　ヒデヨシ,溝橋秀,2,,19570528,1979,0,,,,,,,,,,20260328,,,,,,,,,,,,,,,,,,,,,,,,
10281,1,20061217,大西直宏,オオニシ　ナオヒロ,大　西,1,,19610914,1980,0,,ローカルでの馬場選択は一級品,20020815,,,,,,,20260328,,,,,,,,,,,,,,,,,,,,,,,,
10284,1,20000420,酒井浩,サカイ　ヒロシ,酒井浩,2,,19551025,1980,0,,,,,,,,,,20260328,,,,,,,,,,,,,,,,,,,,,,,,
10286,1,20070228,本田優,ホンダ　マサル,本　田,2,,19590104,1980,0,,横綱競馬ばかりで馬を信じすぎ。先行すれば,20020815,,,,,,,20260328,,,,,,,,,,,,,,,,,,,,,,,,
10287,1,19920703,丸山勝秀,マルヤマ　カツヒデ,丸山勝,2,,19590930,1980,0,,,,,,,,,,20260328,,,,,,,,,,,,,,,,,,,,,,,,
10289,1,19930331,伊藤栄,イトウ　サカエ,伊藤正,1,,19470123,1981,0,,,,,,,,,,20260328,,,,,,,,,,,,,,,,,,,,,,,,
10290,1,19980331,蛯名利弘,エビナ　トシヒロ,蛯名利,1,,19610310,1981,0,,,,,,,,,,20260328,,,,,,,,,,,,,,,,,,,,,,,,
10291,1,19980531,篠原茂,シノハラ　シゲル,篠　原,1,,19610929,1981,0,,,,,,,,,,20260328,,,,,,,,,,,,,,,,,,,,,,,,
10292,1,19971130,平目孝志,ヒラメ　タカユキ,平　目,1,,19600105,1981,0,,,,,,,,,,20260328,,,,,,,,,,,,,,,,,,,,,,,,
10294,1,20000229,小屋敷昭,コヤシキ　アキラ,小屋敷,2,,19610304,1981,0,,,,,,,,,,20260328,,,,,,,,,,,,,,,,,,,,,,,,
10295,1,19950920,東田幸男,ヒガシダ　ユキオ,東田幸,2,,19581106,1981,0,,,,,,,,,,20260328,,,,,,,,,,,,,,,,,,,,,,,,
10296,1,19960229,宮徹,ミヤ　トオル,宮　徹,2,,19600711,1981,0,,,,,,,,,,20260328,,,,,,,,,,,,,,,,,,,,,,,,
10297,1,19980430,菊川正達,キクカワ　マサタツ,菊　川,1,,19621117,1982,0,,,,,,,,,,20260328,,,,,,,,,,,,,,,,,,,,,,,,
10298,1,19950228,杉浦宏昭,スギウラ　ヒロアキ,杉浦宏,1,,19600803,1982,0,,,,,,,,,,20260328,,,,,,,,,,,,,,,,,,,,,,,,
10299,1,19941122,関口睦介,セキグチ　ムツユキ,関口睦,1,,19630320,1982,0,,,,,,,,,,20260328,,,,,,,,,,,,,,,,,,,,,,,,
10301,1,20060331,三浦堅治,ミウラ　ケンジ,三　浦,1,,19621227,1982,0,,障害専門。,20020815,,,,,,,20260328,,,,,,,,,,,,,,,,,,,,,,,,
10302,1,20030420,岡冨俊一,オカトミ　シュンイチ,岡　冨,2,,19610805,1982,0,,ほとんど障害だけ,20020815,,,,,,,20260328,,,,,,,,,,,,,,,,,,,,,,,,
10303,1,20000831,北村卓士,キタムラ　タカシ,北村卓,2,,19560927,1982,0,,,,,,,,,,20260328,,,,,,,,,,,,,,,,,,,,,,,,
10304,1,20040430,土肥幸広,ドヒ　ユキヒロ,土　肥,2,,19611125,1982,0,,以前のローカル大将のイメージなくなり,20020815,,,,,,,20260328,,,,,,,,,,,,,,,,,,,,,,,,
10306,1,20121130,田面木博公,タモギ　ヒロマサ,田面木,1,,19620530,1983,0,,コーナーの捌きは上手い。乗り替わりで注意,20020815,,,,,,,20260328,,,,,,,,,,,,,,,,,,,,,,,,
10307,1,19980131,原昌久,ハラ　マサヒサ,原,1,,19611201,1983,0,,,,,,,,,,20260328,,,,,,,,,,,,,,,,,,,,,,,,
10308,1,19961130,細川英二,ホソカワ　エイジ,細川英,1,,19620224,1983,0,,,,,,,,,,20260328,,,,,,,,,,,,,,,,,,,,,,,,
10309,1,20030630,菅谷正巳,スガヤ　マサミ,菅　谷,2,,19610722,1983,0,,人気薄でも行き切れる展開になれば。,20020815,,,,,,,20260328,,,,,,,,,,,,,,,,,,,,,,,,
10310,1,20030228,原田聖二,ハラダ　セイジ,原　田,2,,19600430,1983,0,,先行してなんぼ,20020815,,,,,,,20260328,,,,,,,,,,,,,,,,,,,,,,,,
10311,1,19990228,増井裕,マスイ　ヒロシ,増　井,2,,19640301,1983,0,,,,,,,,,,20260328,,,,,,,,,,,,,,,,,,,,,,,,
10312,1,20021031,松本達也,マツモト　タツヤ,松　本,2,,19641203,1983,0,,不良馬場ではせこ手に要注意,20020815,,,,,,,20260328,,,,,,,,,,,,,,,,,,,,,,,,
10313,1,20180331,木幡初広,コワタ　ハツヒロ,木幡広,1,,19650614,1984,0,,小回りで内突く競馬は得意。,20020815,,,,,,,20260328,,,,,,,,,,,,,,,,,,,,,,,,
10314,1,19980228,坂本勝美,サカモト　カツミ,坂本勝,1,,19641214,1984,0,,,,,,,,,,20260328,,,,,,,,,,,,,,,,,,,,,,,,
10315,1,20070228,鹿戸雄一,シカト　ユウイチ,鹿　戸,1,,19620523,1984,0,,内枠からの捌きはかなり年季を感じる上手さ,20020815,,,,,,,20260328,,,,,,,,,,,,,,,,,,,,,,,,
10316,1,20040229,鈴木寿,スズキ　ヒトシ,鈴　木,1,,19620728,1984,0,,中山ダ1200は注意！,20020815,,,,,,,20260328,,,,,,,,,,,,,,,,,,,,,,,,
10317,1,20060228,天間昭一,テンマ　ショウイチ,天　間,1,,19650226,1984,0,,ダート短距離なら。,20020815,,,,,,,20260328,,,,,,,,,,,,,,,,,,,,,,,,
10318,1,20150228,中舘英二,ナカダテ　エイジ,中　舘,1,,19650722,1984,0,,売り切れるまで押し続ける。いい方に転べば,20020815,,,,,,,20260328,,,,,,,,,,,,,,,,,,,,,,,,
10320,1,20101031,出津孝一,イデツ　コウイチ,出　津,2,,19640603,1984,0,,嘉堂Jとの競り合いは見物,20020815,,,,,,,20260328,,,,,,,,,,,,,,,,,,,,,,,,
10321,1,20030420,内山正博,ウチヤマ　マサヒロ,内　山,2,,19630319,1984,0,,腰の具合が芳しくないのか、腰が落ちている,20020815,,,,,,,20260328,,,,,,,,,,,,,,,,,,,,,,,,
10322,1,19980228,中竹和也,ナカタケ　カズヤ,中　竹,2,,19641126,1984,0,,,,,,,,,,20260328,,,,,,,,,,,,,,,,,,,,,,,,
10323,1,20000229,岩戸孝樹,イワト　タカキ,岩　戸,1,,19660723,1985,0,,,,,,,,,,20260328,,,,,,,,,,,,,,,,,,,,,,,,
10324,0,00000000,柴田善臣,シバタ　ヨシトミ,柴田善,1,,19660730,1985,0,,平場では頼れるが、大一番では疑問,20020815,23.0,1.0,0.0,52.0,1.0,0.0,20260328,,,,,,,,,,,,,,,,,,,,,,,,
10325,1,20010131,玉井智光,タマイ　トモミツ,玉　井,1,,19661112,1985,0,,,,,,,,,,20260328,,,,,,,,,,,,,,,,,,,,,,,,
10326,1,20040731,谷中公一,ヤナカ　コウイチ,谷　中,1,,19651103,1985,0,,ローカルでまくり決める,20020815,,,,,,,20260328,,,,,,,,,,,,,,,,,,,,,,,,
10327,1,20130228,石橋守,イシバシ　マモル,石橋守,2,,19661023,1985,0,,枠に関係なく道中は外々の競馬多い,20020815,,,,,,,20260328,,,,,,,,,,,,,,,,,,,,,,,,
10328,1,20020228,上籠勝仁,ウエゴモリ　カツヒト,上　籠,2,,19670306,1985,0,,血縁の関係で山内厩舎の馬に騎乗,20020815,,,,,,,20260328,,,,,,,,,,,,,,,,,,,,,,,,
10329,1,20040205,柿元嘉和,カキモト　ヨシカズ,柿　元,2,,19660123,1985,0,,騎乗機会恵まれず。,20020815,,,,,,,20260328,,,,,,,,,,,,,,,,,,,,,,,,
10330,1,20080229,須貝尚介,スガイ　ナオスケ,須　貝,2,,19660603,1985,0,,ペース配分できない。行ってどこまで,20020815,,,,,,,20260328,,,,,,,,,,,,,,,,,,,,,,,,
10331,1,20101220,田島裕和,タジマ　ヒロカズ,田島裕,2,,19660628,1985,0,,先行馬では結果出るが…,20020815,,,,,,,20260328,,,,,,,,,,,,,,,,,,,,,,,,
10334,1,20040229,山田和広,ヤマダ　カズヒロ,山田和,2,,19661016,1985,0,,所属坪正厩舎の騎乗が多い,20020815,,,,,,,20260328,,,,,,,,,,,,,,,,,,,,,,,,
10335,1,20000531,瀬古正明,セコ　マサアキ,瀬　古,1,,19670408,1986,0,,,,,,,,,,20260328,,,,,,,,,,,,,,,,,,,,,,,,
10336,1,20040229,古川寛和,フルカワ　ヒロカズ,古川寛,1,,19651106,1986,0,,騎乗機会恵まれず。,20020815,,,,,,,20260328,,,,,,,,,,,,,,,,,,,,,,,,
10337,1,20010228,武藤善則,ムトウ　ヨシノリ,武　藤,1,,19670321,1986,0,,,,,,,,,,20260328,,,,,,,,,,,,,,,,,,,,,,,,
10339,0,00000000,横山典弘,ヨコヤマ　ノリヒロ,横山典,1,,19680223,1986,0,,重賞で関西ば騎乗なら常に警戒必要,20080626,19.0,2.0,0.0,9.0,13.0,1.0,20260328,,,,,,,,,,,,,,,,,,,,,,,,
10340,1,19961031,大森勇一,オオモリ　ユウイチ,大森勇,2,,19611216,1986,0,,,,,,,,,,20260328,,,,,,,,,,,,,,,,,,,,,,,,
10341,1,19980228,北川和典,キタガワ　カズノリ,北　川,2,,19680324,1986,0,,,,,,,,,,20260328,,,,,,,,,,,,,,,,,,,,,,,,
10342,1,20020610,清山宏明,キヨヤマ　ヒロアキ,清　山,2,,19680313,1986,0,,騎乗馬めっきり減るがたまに領家厩舎の馬で,20020815,,,,,,,20260328,,,,,,,,,,,,,,,,,,,,,,,,
10343,1,20231111,熊沢重文,クマザワ　シゲフミ,熊沢重,2,,19680125,1986,0,,障害での騎乗振りは安定しているが。,20020815,,,,,,,20260328,,,,,,,,,,,,,,,,,,,,,,,,
10344,1,19940228,小谷祐司,コタニ　ユウジ,小谷祐,2,,19680203,1986,0,,,,,,,,,,20260328,,,,,,,,,,,,,,,,,,,,,,,,
10345,1,20181231,林満明,ハヤシ　ミツアキ,林満明,2,,19661031,1986,0,,たまに平場で穴演出,20020815,,,,,,,20260328,,,,,,,,,,,,,,,,,,,,,,,,
10346,1,20060228,松永幹夫,マツナガ　ミキオ,松永幹,2,,19670410,1986,0,,馬込み嫌うので差し馬では割引。,20020815,,,,,,,20260328,,,,,,,,,,,,,,,,,,,,,,,,
10347,1,19990228,横山雄一,ヨコヤマ　ユウイチ,横山雄,2,,19651122,1986,0,,,,,,,,,,20260328,,,,,,,,,,,,,,,,,,,,,,,,
10348,1,20050430,伊藤暢康,イトウ　ノブヤス,伊藤暢,1,,19681117,1987,0,,イロハができてない。下手だと思っていい,20020815,,,,,,,20260328,,,,,,,,,,,,,,,,,,,,,,,,
10349,1,20210228,蛯名正義,エビナ　マサヨシ,蛯名正,1,,19690319,1987,0,,１番人気での勝率は関東一,20020815,,,,,,,20260328,,,,,,,,,,,,,,,,,,,,,,,,
10350,1,20000229,寺島祐治,テラシマ　ユウジ,寺　島,1,,19680312,1987,0,,,,,,,,,,20260328,,,,,,,,,,,,,,,,,,,,,,,,
10351,1,19950930,長峰一弘,ナガミネ　カズヒロ,長峰一,1,,19670714,1987,0,,,,,,,,,,20260328,,,,,,,,,,,,,,,,,,,,,,,,
10352,1,19971031,町田俊夫,マチダ　トシオ,町田俊,1,,19690318,1987,0,,,,,,,,,,20260328,,,,,,,,,,,,,,,,,,,,,,,,
10353,1,20020320,合谷喜壮,ゴウヤ　キソウ,合　谷,2,,19680409,1987,0,,ほとんど障害だけ,20020815,,,,,,,20260328,,,,,,,,,,,,,,,,,,,,,,,,
10354,1,20020228,塩村克己,シオムラ　カツミ,塩　村,2,,19690105,1987,0,,怪我復帰からは目立ったところなく,20020815,,,,,,,20260328,,,,,,,,,,,,,,,,,,,,,,,,
10355,0,00000000,武豊,タケ　ユタカ,武　豊,2,,19690315,1987,0,,スタートは抜群、ペース判断も絶妙,20020815,8.0,10.0,1.0,8.0,18.0,3.0,20260328,,,,,,,,,,,,,,,,,,,,,,,,
10356,1,20100228,菊沢隆徳,キクザワ　タカノリ,菊沢徳,1,,19700210,1988,0,,敢えて流れを外す騎乗が多く掲示板の下多し,20020815,,,,,,,20260328,,,,,,,,,,,,,,,,,,,,,,,,
10357,1,20041231,藤原英幸,フジワラ　ヒデユキ,藤　原,1,,19700327,1988,0,,スタートの勘非常に悪い,20020815,,,,,,,20260328,,,,,,,,,,,,,,,,,,,,,,,,
10358,1,20000308,横田雅博,ヨコタ　マサヒロ,横　田,1,,19680301,1988,0,,,,,,,,,,20260328,,,,,,,,,,,,,,,,,,,,,,,,
10359,1,20080320,内田浩一,ウチダ　コウイチ,内田浩,2,,19680928,1988,0,,ローカル競馬場でロス少ない騎乗が好感,20020815,,,,,,,20260328,,,,,,,,,,,,,,,,,,,,,,,,
10360,1,19930215,岡潤一郎,オカ　ジュンイチロウ,岡潤一,2,,19681207,1988,0,,,,,,,,,,20260328,,,,,,,,,,,,,,,,,,,,,,,,
10361,1,20030228,岸滋彦,キシ　シゲヒコ,岸,2,,19691204,1988,0,,過去の栄光だけでは馬券の対象にならず。,20020815,,,,,,,20260328,,,,,,,,,,,,,,,,,,,,,,,,
10362,1,20121220,芹沢純一,セリザワ　ジュンイチ,芹　沢,2,,19680904,1988,0,,荒れ馬場でのコース取りの判断は評価,20080626,,,,,,,20260328,,,,,,,,,,,,,,,,,,,,,,,,
10363,1,20081120,千田輝彦,チダ　テルヒコ,千　田,2,,19690823,1988,0,,ローカルでオッズ入れば穴空ける可能性大,20020815,,,,,,,20260328,,,,,,,,,,,,,,,,,,,,,,,,
10364,1,19940429,山本康二,ヤマモト　コウジ,山本康,2,,19670919,1988,0,,障害での騎乗多くなり、平場では△,20020815,,,,,,,20260328,,,,,,,,,,,,,,,,,,,,,,,,
10365,1,19950411,五十嵐久,イガラシ　ヒサシ,五十嵐,1,,19710307,1989,0,,,,,,,,,,20260328,,,,,,,,,,,,,,,,,,,,,,,,
10366,1,20110228,小野次郎,オノ　ジロウ,小　野,1,,19700801,1989,0,,ローカルの差し馬なら十分信頼に足る,20020815,,,,,,,20260328,,,,,,,,,,,,,,,,,,,,,,,,
10367,1,20040630,高橋明,タカハシ　アキラ,高橋明,1,,19700712,1989,0,,人気薄なら妙味もあるが。,20020815,,,,,,,20260328,,,,,,,,,,,,,,,,,,,,,,,,
10368,1,20231231,田中勝春,タナカ　カツハル,田中勝,1,,19710225,1989,0,,前付けすれば一流だが溜めると脚余すこと多,20080710,,,,,,,20260328,,,,,,,,,,,,,,,,,,,,,,,,
10369,1,19981031,町田義一,マチダ　ヨシカズ,町　田,1,,19700302,1989,0,,,,,,,,,,20260328,,,,,,,,,,,,,,,,,,,,,,,,
10370,1,20070630,小池隆生,コイケ　タカオ,小　池,2,,19700311,1989,0,,ダートの先行馬ならそれなりに粘れる。,20020815,,,,,,,20260328,,,,,,,,,,,,,,,,,,,,,,,,
10371,1,20050228,佐伯清久,サエキ　キヨヒサ,佐　伯,2,,19710312,1989,0,,中央競馬場では辛い面もある,20020815,,,,,,,20260328,,,,,,,,,,,,,,,,,,,,,,,,
10372,1,20141012,佐藤哲三,サトウ　テツゾウ,佐藤哲,2,,19700917,1989,0,,小柄な馬では良績も太馬を押す技術が不足,20020815,,,,,,,20260328,,,,,,,,,,,,,,,,,,,,,,,,
10373,1,20100228,角田晃一,ツノダ　コウイチ,角　田,2,,19701118,1989,0,,３着争いでは早めに腰を上げるので危険,20020815,,,,,,,20260328,,,,,,,,,,,,,,,,,,,,,,,,
10374,1,20031031,山田泰誠,ヤマダ　タイセイ,山田泰,2,,19710101,1989,0,,函館、札幌での思い切った騎乗魅力,20020815,,,,,,,20260328,,,,,,,,,,,,,,,,,,,,,,,,
10375,0,00000000,江田照男,エダ　テルオ,江田照,1,,19720208,1990,0,,人気がなければ先行逃切を狙い、良績を残す,20020815,37.0,0.0,0.0,50.0,0.0,0.0,20260328,,,,,,,,,,,,,,,,,,,,,,,,
10376,1,20071231,沢昭典,サワ　アキノリ,沢,1,,19710619,1990,0,,ダ短距離で良績。特に中山1200,20020815,,,,,,,20260328,,,,,,,,,,,,,,,,,,,,,,,,
10377,1,19920923,玉ノ井健志,タマノイ　タケシ,玉ノ井,1,,19720221,1990,1,,,,,,,,,,20260328,,,,,,,,,,,,,,,,,,,,,,,,
10378,1,20200131,浜野谷憲尚,ハマノヤ　ノリヒサ,浜野谷,1,,19720125,1990,0,,めっきり騎乗数減る,20020815,,,,,,,20260328,,,,,,,,,,,,,,,,,,,,,,,,
10379,1,20091220,小原義之,オバラ　ヨシユキ,小　原,2,,19710827,1990,0,,追い方が相当下手。逃げないと,20020815,,,,,,,20260328,,,,,,,,,,,,,,,,,,,,,,,,
10380,1,20240305,北沢伸也,キタザワ　シンヤ,北沢伸,2,,19710609,1990,0,,今の障害界では乗れるクチ,20020815,,,,,,,20260328,,,,,,,,,,,,,,,,,,,,,,,,
10381,1,20040720,久保田英敬,クボタ　ヒデノリ,久保田,2,,19710711,1990,0,,最近めっきり騎乗が減り,20020815,,,,,,,20260328,,,,,,,,,,,,,,,,,,,,,,,,
10382,1,20050320,牧田和弥,マキタ　カズヤ,牧　田,2,,19720304,1990,0,,人気薄の逃先ならそこそこに,20020815,,,,,,,20260328,,,,,,,,,,,,,,,,,,,,,,,,
10383,1,20070220,村山明,ムラヤマ　アキラ,村　山,2,,19710818,1990,0,,松田国厩舎で勉強中,20020815,,,,,,,20260328,,,,,,,,,,,,,,,,,,,,,,,,
10384,1,20101231,郷原洋司,ゴウハラ　ヒロシ,郷　原,1,,19721106,1991,0,,差追を得意とするだけにHペースで出番,20020815,,,,,,,20260328,,,,,,,,,,,,,,,,,,,,,,,,
10385,1,20100930,土谷智紀,ツチヤ　トモノリ,土　谷,1,,19730216,1991,0,,ダート短距離でこそ。ローカル限定。,20020815,,,,,,,20260328,,,,,,,,,,,,,,,,,,,,,,,,
10386,1,20051231,徳吉孝士,トクヨシ　コウジ,徳　吉,1,,19711122,1991,0,,思い切った逃打てるがペース配分に難,20020815,,,,,,,20260328,,,,,,,,,,,,,,,,,,,,,,,,
10387,1,20031031,橋本広喜,ハシモト　ヒロキ,橋本広,1,,19720804,1991,0,,逃げるか追い込むか極端な競馬だけ。,20020815,,,,,,,20260328,,,,,,,,,,,,,,,,,,,,,,,,
10388,1,20050531,水野貴広,ミズノ　タカヒロ,水　野,1,,19721102,1991,0,,ダート短距離の印象。,20020815,,,,,,,20260328,,,,,,,,,,,,,,,,,,,,,,,,
10389,1,20091220,河北通,カワキタ　トオル,河　北,2,,19721010,1991,0,,前走と同じ騎乗しかしない。想像力皆無,20020815,,,,,,,20260328,,,,,,,,,,,,,,,,,,,,,,,,
10390,1,20200229,四位洋文,シイ　ヒロフミ,四位洋,2,,19721130,1991,0,,ペース判断センス抜群、追わせて味薄い,20020815,,,,,,,20260328,,,,,,,,,,,,,,,,,,,,,,,,
10391,1,20030720,日吉正和,ヒヨシ　マサカズ,日　吉,2,,19720101,1991,0,,騎乗機会恵まれず。,20020815,,,,,,,20260328,,,,,,,,,,,,,,,,,,,,,,,,
10392,1,20150906,藤田伸二,フジタ　シンジ,藤　田,2,,19720227,1991,0,,シッカリ追える数少ない騎手。山内厩舎は秀,20020815,,,,,,,20260328,,,,,,,,,,,,,,,,,,,,,,,,
10393,1,20040229,宝来城多郎,ホウライ　ジョウタロウ,宝　来,2,,19720516,1991,0,,内を突くこと少なく、外目追走が多い,20020815,,,,,,,20260328,,,,,,,,,,,,,,,,,,,,,,,,
10394,1,20060430,安田康彦,ヤスダ　ヤスヒコ,安田康,2,,19721019,1991,0,,追い込み志向強い。嵌れば人気薄でも。,20020815,,,,,,,20260328,,,,,,,,,,,,,,,,,,,,,,,,
10395,1,20150227,後藤浩輝,ゴトウ　ヒロキ,後　藤,1,,19740319,1992,0,,関西馬での好成績は特筆。差し馬先行させて,20080710,,,,,,,20260328,,,,,,,,,,,,,,,,,,,,,,,,
10396,1,20120331,小林淳一,コバヤシ　ジュンイチ,小林淳,1,,19730312,1992,0,,牝馬限定戦で思わぬ大穴空けることしばしば,20020815,,,,,,,20260328,,,,,,,,,,,,,,,,,,,,,,,,
10397,1,20171231,横山義行,ヨコヤマ　ヨシユキ,横山義,1,,19740319,1992,0,,次世代障害スター、平場もダ短距離なら,20020815,,,,,,,20260328,,,,,,,,,,,,,,,,,,,,,,,,
10398,1,20051130,横山賀一,ヨコヤマ　ヨシカズ,横山賀,1,,19661228,1992,0,,前に置いてくる騎乗は○も追わせるとどうか,20020815,,,,,,,20260328,,,,,,,,,,,,,,,,,,,,,,,,
10399,1,20081231,吉永護,ヨシナガ　マモル,吉　永,1,,19731116,1992,0,,ハナ行くと決めたら譲らない,20020815,,,,,,,20260328,,,,,,,,,,,,,,,,,,,,,,,,
10400,1,20140228,上村洋行,ウエムラ　ヒロユキ,上　村,2,,19731023,1992,0,,姿勢高い騎乗で見ればすぐわかる,20020815,,,,,,,20260328,,,,,,,,,,,,,,,,,,,,,,,,
10401,1,20050731,菊沢隆仁,キクザワ　タカヒト,菊沢仁,2,,19730803,1992,0,,先手争い技術はかなり長けている。先行馬で,20020815,,,,,,,20260328,,,,,,,,,,,,,,,,,,,,,,,,
10402,1,20070630,高橋康之,タカハシ　ヤスユキ,高橋康,2,,19721210,1992,0,,平場も騎乗するが？,20020815,,,,,,,20260328,,,,,,,,,,,,,,,,,,,,,,,,
10403,1,20100228,橋本美純,ハシモト　ヨシズミ,橋本美,2,,19730815,1992,0,,今やローカルでは一線級。卒ない競馬目立つ,20020815,,,,,,,20260328,,,,,,,,,,,,,,,,,,,,,,,,
10404,1,20120229,伊藤直人,イトウ　ナオト,伊藤直,1,,19740826,1993,0,,長所はハナに行くと決めて行く点,20020815,,,,,,,20260328,,,,,,,,,,,,,,,,,,,,,,,,
10405,1,20041231,亀山泰延,カメヤマ　ヤスノブ,亀　山,1,,19750305,1993,0,,追込馬のみの印象,20020815,,,,,,,20260328,,,,,,,,,,,,,,,,,,,,,,,,
10406,1,20050531,嶋田高宏,シマダ　タカヒロ,嶋　田,1,,19741225,1993,0,,ローカルのダート短距離が活躍の場,20020815,,,,,,,20260328,,,,,,,,,,,,,,,,,,,,,,,,
10407,1,20111031,宗像徹,ムナカタ　トオル,宗　像,1,,19740327,1993,0,,ローカルで勝星上げているが、信頼までは,20020815,,,,,,,20260328,,,,,,,,,,,,,,,,,,,,,,,,
10408,1,20130228,飯田祐史,イイダ　ユウジ,飯　田,2,,19741118,1993,0,,芝ダ問わず、追込馬での活躍目立つ,20020815,,,,,,,20260328,,,,,,,,,,,,,,,,,,,,,,,,
10409,1,20050420,川合達彦,カワイ　タツヒコ,川　合,2,,19740603,1993,0,,障害でも目立つところなく,20020815,,,,,,,20260328,,,,,,,,,,,,,,,,,,,,,,,,
10410,1,20190520,小林徹弥,コバヤシ　テツヤ,小林徹,2,,19740505,1993,0,,流れ関係なくその馬の競馬に徹して結果出す,20020815,,,,,,,20260328,,,,,,,,,,,,,,,,,,,,,,,,
10411,1,20041220,藤井正輝,フジイ　マサテル,藤　井,2,,19750311,1993,0,,ティコティコタックは過去のお手馬,20020815,,,,,,,20260328,,,,,,,,,,,,,,,,,,,,,,,,
10412,0,00000000,岩部純二,イワベ　ジュンジ,岩部純,2,,19760325,1994,0,,逃げ馬でも結果出せず馬が集まらない,20020815,66.0,0.0,0.0,60.0,0.0,0.0,20260328,,,,,,,,,,,,,,,,,,,,,,,,
10413,1,20101231,小林久晃,コバヤシ　ヒサアキ,小林久,1,,19751011,1994,0,,ローカル競馬場でハナ行けばシブトイ,20020815,,,,,,,20260328,,,,,,,,,,,,,,,,,,,,,,,,
10414,1,20100131,高山太郎,タカヤマ　タロウ,高　山,1,,19750317,1994,0,,短距離戦の先行馬ならそれなりに乗れる。,20020815,,,,,,,20260328,,,,,,,,,,,,,,,,,,,,,,,,
10415,1,20020405,田口大二郎,タグチ　ダイジロウ,田　口,1,,19751002,1994,0,,ほぼ障害のみ。,20020815,,,,,,,20260328,,,,,,,,,,,,,,,,,,,,,,,,
10416,0,00000000,吉田豊,ヨシダ　ユタカ,吉田豊,1,,19750419,1994,0,,逃げの成績安定も差し追込は溜めすぎ脚余す,20080710,28.0,0.0,0.0,24.0,5.0,0.0,20260328,,,,,,,,,,,,,,,,,,,,,,,,
10417,1,20221231,植野貴也,ウエノ　タカヤ,植野貴,2,,19750701,1994,0,,障害での騎乗技術が上達,20020815,,,,,,,20260328,,,,,,,,,,,,,,,,,,,,,,,,
10418,1,20101220,菊地昇吾,キクチ　ショウゴ,菊地昇,2,,19751129,1994,0,,騎乗少なく、障害乗るように,20020815,,,,,,,20260328,,,,,,,,,,,,,,,,,,,,,,,,
10419,0,00000000,幸英明,ミユキ　ヒデアキ,幸英明,2,,19760112,1994,0,,１番人気でのポカが目立つので注意が必要,20080626,16.0,4.0,1.0,16.0,8.0,2.0,20260328,,,,,,,,,,,,,,,,,,,,,,,,
10420,1,20121220,渡辺薫彦,ワタナベ　クニヒコ,渡　辺,2,,19750405,1994,0,,最近騎乗馬に恵まれ徐々に力つける,20020815,,,,,,,20260328,,,,,,,,,,,,,,,,,,,,,,,,
10421,1,20121221,青木芳之,アオキ　ヨシユキ,青　木,1,,19770207,1995,0,,アメリカ修行もなかなか結果に結びつかず。,20020815,,,,,,,20260328,,,,,,,,,,,,,,,,,,,,,,,,
10422,1,20201231,西田雄一郎,ニシダ　ユウイチロウ,西田雄,1,,19741014,2005,0,,,,,,,,,,20260328,,,,,,,,,,,,,,,,,,,,,,,,
10423,1,20091231,矢原洋一,ヤハラ　ヨウイチ,矢　原,1,,19760927,1995,0,,騎乗馬なかなか集まらず。,20020815,,,,,,,20260328,,,,,,,,,,,,,,,,,,,,,,,,
10424,1,20200930,山本康志,ヤマモト　コウシ,山本康,1,,19770228,1995,0,,障害レースの騎乗がほとんどで,20020815,,,,,,,20260328,,,,,,,,,,,,,,,,,,,,,,,,
10425,1,20090228,石山繁,イシヤマ　シゲル,石　山,2,,19770302,1995,0,,阪神1600では未だ連対もなし,20020815,,,,,,,20260328,,,,,,,,,,,,,,,,,,,,,,,,
10426,1,20101220,金折知則,カナオリ　トモノリ,金　折,2,,19770211,1995,0,,人気薄の先行馬は思い切った騎乗できる,20020815,,,,,,,20260328,,,,,,,,,,,,,,,,,,,,,,,,
10427,0,00000000,西谷誠,ニシタニ　マコト,西谷誠,2,,19761015,1995,0,10446,以前は障害で華あったが…,20020815,60.0,0.0,0.0,69.0,0.0,0.0,20260328,,,,,,,,,,,,,,,,,,,,,,,,
10428,1,20121220,野元昭嘉,ノモト　アキヨシ,野　元,2,,19760720,1995,0,,日によって安定味が違う,20020815,,,,,,,20260328,,,,,,,,,,,,,,,,,,,,,,,,
10429,0,00000000,柴田大知,シバタ　ダイチ,柴田大,1,,19770618,1996,0,,新馬戦でオッズが入れば買い,20020815,30.0,0.0,0.0,36.0,2.0,1.0,20260328,,,,,,,,,,,,,,,,,,,,,,,,
10430,1,20220630,柴田未崎,シバタ　ミサキ,柴田未,2,,19770618,2014,0,,最内に積極的に突っ込む騎乗好感,20020815,,,,,,,20260328,,,,,,,,,,,,,,,,,,,,,,,,
10431,1,20010831,田村真来,タムラ　マキ,田村真,1,,19770905,1996,0,,,,,,,,,,20260328,,,,,,,,,,,,,,,,,,,,,,,,
10432,1,20130930,増沢由貴子,マスザワ　ユキコ,増　沢,1,,19780203,1996,0,,常に人気先行。明らかに腕力不足。,20080710,,,,,,,20260328,,,,,,,,,,,,,,,,,,,,,,,,
10433,1,20120229,高橋亮,タカハシ　リョウ,高橋亮,2,,19780106,1996,0,,騎乗のほとんどが父の高橋隆厩舎。,20080626,,,,,,,20260328,,,,,,,,,,,,,,,,,,,,,,,,
10434,1,20070228,常石勝義,ツネイシ　カツヨシ,常　石,2,,19770802,1996,0,,平地・障害共になかなか結果出ず。,20020815,,,,,,,20260328,,,,,,,,,,,,,,,,,,,,,,,,
10435,1,20230228,福永祐一,フクナガ　ユウイチ,福永祐,2,,19761209,1996,0,,差には疑問も人気薄の逃では良績残す,20020815,,,,,,,20260328,,,,,,,,,,,,,,,,,,,,,,,,
10436,0,00000000,古川吉洋,フルカワ　ヨシヒロ,古川吉,2,,19770926,1996,0,,北海道開催では騎乗数も増え要注意,20080626,26.0,4.0,2.0,22.0,14.0,2.0,20260328,,,,,,,,,,,,,,,,,,,,,,,,
10437,1,20010615,細江純子,ホソエ　ジュンコ,細　江,2,,19750312,1996,0,,海外研修の成果か、ローカルでは頑張る,20020815,,,,,,,20260328,,,,,,,,,,,,,,,,,,,,,,,,
10438,1,20260228,和田竜二,ワダ　リュウジ,和田竜,2,,19770623,1996,0,,好位付けで穴明けることしばしば。,20020815,69.0,0.0,0.0,29.0,3.0,0.0,20260328,,,,,,,,,,,,,,,,,,,,,,,,
10439,1,20090331,池田鉄平,イケダ　テッペイ,池　田,1,,19790201,1997,0,,チャンスのある馬に乗っても結果残せない,20020815,,,,,,,20260328,,,,,,,,,,,,,,,,,,,,,,,,
10440,1,20011130,板倉真由子,イタクラ　マユコ,板　倉,1,,19771219,1997,0,,,,,,,,,,20260328,,,,,,,,,,,,,,,,,,,,,,,,
10441,0,00000000,江田勇亮,エダ　ユウスケ,江田勇,1,,19780904,1997,0,10333,現状騎乗は障害戦,20080626,56.0,0.0,0.0,62.0,0.0,0.0,20260328,,,,,,,,,,,,,,,,,,,,,,,,
10442,1,20240414,勝浦正樹,カツウラ　マサキ,勝浦正,1,,19780810,1997,0,,札幌開催の古川厩舎は要注意。,20020815,,,,,,,20260328,,,,,,,,,,,,,,,,,,,,,,,,
10443,1,20040229,田村宏之,タムラ　ヒロユキ,田村宏,1,,19780424,1997,0,,,,,,,,,,20260328,,,,,,,,,,,,,,,,,,,,,,,,
10444,1,20240310,武士沢友治,ブシザワ　トモハル,武士沢,1,,19780209,1997,0,,この頃割と好判断目立つようになってきた。,20020815,,,,,,,20260328,,,,,,,,,,,,,,,,,,,,,,,,
10445,1,20201231,村田一誠,ムラタ　イッセイ,村田一,1,,19781220,1997,0,,近年地元新潟での活躍目立つ。,20080710,,,,,,,20260328,,,,,,,,,,,,,,,,,,,,,,,,
10446,1,20240229,秋山真一郎,アキヤマ　シンイチロウ,秋山真,2,,19790209,1997,0,,ロス少ない騎乗◎も不利と受けることもしば,20020815,,,,,,,20260328,,,,,,,,,,,,,,,,,,,,,,,,
10447,1,20121220,今村康成,イマムラ　ヤスナリ,今　村,2,,19781019,1997,0,,障害がメイン。ローカルなら活躍も！？,20020815,,,,,,,20260328,,,,,,,,,,,,,,,,,,,,,,,,
10448,1,20000229,押田純子,オシダ　ジュンコ,押　田,2,,19770227,1997,3,,,,,,,,,,20260328,,,,,,,,,,,,,,,,,,,,,,,,
10449,1,20170228,武幸四郎,タケ　コウシロウ,武　幸,2,,19781103,1997,0,,必ず直線勝負できる所まで間に合わす騎乗○,20020815,,,,,,,20260328,,,,,,,,,,,,,,,,,,,,,,,,
10450,1,20101220,仲田雅興,ナカタ　マサオキ,仲　田,2,,19780212,1997,0,,特徴がないため、減量なくなり厳しい状態続,20020815,,,,,,,20260328,,,,,,,,,,,,,,,,,,,,,,,,
10451,1,20231217,松田大作,マツダ　ダイサク,松田大,2,,19780913,1997,0,,コーナーリング下手で小回りは辛い,20020815,,,,,,,20260328,,,,,,,,,,,,,,,,,,,,,,,,
10452,1,20200524,中谷雄太,ナカタニ　ユウタ,中谷雄,2,,19790916,1998,0,,カリスタグローリ産駒が得意？,20020815,,,,,,,20260328,,,,,,,,,,,,,,,,,,,,,,,,
10453,1,20010731,野崎孝仁,ノザキ　タカヒロ,野　崎,1,,19800108,1998,0,,,,,,,,,,20260328,,,,,,,,,,,,,,,,,,,,,,,,
10454,1,20121130,穂苅寿彦,ホカリ　トシヒコ,穂　苅,1,,19791022,1998,0,,騎乗馬は和田厩舎で固定。障害ならソコソコ,20020815,,,,,,,20260328,,,,,,,,,,,,,,,,,,,,,,,,
10455,0,00000000,池添謙一,イケゾエ　ケンイチ,池添謙,2,,19790723,1998,0,,リーディング上位で安定。次世代担う。,20080710,21.0,2.0,0.0,18.0,16.0,3.0,20260328,,,,,,,,,,,,,,,,,,,,,,,,
10456,1,20130920,荻野要,オギノ　カナメ,荻野要,2,,19790828,1998,0,,馬と呼吸を合わせようとしない。慌てすぎ,20020815,,,,,,,20260328,,,,,,,,,,,,,,,,,,,,,,,,
10457,0,00000000,酒井学,サカイ　マナブ,酒井学,2,,19800204,1998,0,,ニホンポロの主戦に。穴馬での好走目立つ,20080626,22.0,2.0,0.0,37.0,5.0,1.0,20260328,,,,,,,,,,,,,,,,,,,,,,,,
10458,1,20250228,白浜雄造,シラハマ　ユウゾウ,白浜雄,2,,19790925,1998,0,,最近は障害がメーンに。,20020815,,,,,,,20260328,,,,,,,,,,,,,,,,,,,,,,,,
10459,1,20230520,竹之下智昭,タケノシタ　トモアキ,竹之下,2,,19791013,1998,0,,最近小回りの内を意識するようになった,20020815,,,,,,,20260328,,,,,,,,,,,,,,,,,,,,,,,,
10460,0,00000000,太宰啓介,ダザイ　ケイスケ,太宰啓,2,,19790422,1998,0,,結果が出るのは先行馬が大半,20080626,42.0,1.0,1.0,53.0,1.0,0.0,20260328,,,,,,,,,,,,,,,,,,,,,,,,
10461,1,20090531,菊池憲太,キクチ　ケンタ,菊池憲,1,,19810225,1999,0,,減量の恩恵がなくなり、厳しい状態,20020815,,,,,,,20260328,,,,,,,,,,,,,,,,,,,,,,,,
10462,0,00000000,北村宏司,キタムラ　ヒロシ,北村宏,1,,19800724,1999,0,,人気の差追馬は危険、先行技術は○,20020815,49.0,0.0,0.0,30.0,6.0,1.0,20260328,,,,,,,,,,,,,,,,,,,,,,,,
10463,1,20051231,佐藤年毅,サトウ　トシキ,佐藤年,1,,19810204,1999,0,,減量無くなり苦戦。騎乗馬も恵まれず,20020815,,,,,,,20260328,,,,,,,,,,,,,,,,,,,,,,,,
10464,1,20111031,高橋智大,タカハシ　トモヒロ,高橋智,1,,19800827,1999,0,,大久保洋厩舎離れて騎乗数減少,20080626,,,,,,,20260328,,,,,,,,,,,,,,,,,,,,,,,,
10465,1,20180331,二本柳壮,ニホンヤナギ　ソウ,二本柳,1,,19810302,1999,0,,新潟は良かったが福島は器用な競馬できない,20020815,,,,,,,20260328,,,,,,,,,,,,,,,,,,,,,,,,
10466,1,20091220,宇田登志夫,ウダ　トシオ,宇　田,2,,19800729,1999,0,,減量無くなり苦戦。さしたる特徴もなし。,20020815,,,,,,,20260328,,,,,,,,,,,,,,,,,,,,,,,,
10467,1,20090430,白坂聡,シラサカ　サトシ,白　坂,2,,19800912,1999,0,,減量無くなり苦戦。スンナリ先行が条件,20020815,,,,,,,20260328,,,,,,,,,,,,,,,,,,,,,,,,
10468,0,00000000,高田潤,タカダ　ジュン,高田潤,2,,19801103,1999,0,,調教・レース共騎乗技術は高いが・・・,20080710,34.0,2.0,1.0,28.0,5.0,4.0,20260328,,,,,,,,,,,,,,,,,,,,,,,,
10469,1,20120930,武英智,タケ　ヒデノリ,武　英,2,,19801231,1999,0,,騎乗数も減り苦戦続き,20020815,,,,,,,20260328,,,,,,,,,,,,,,,,,,,,,,,,
10470,1,20150228,梶晃啓,カジ　テルヒロ,梶,1,,19820113,2000,0,,ハンデ戦では要注意,20021225,,,,,,,20260328,,,,,,,,,,,,,,,,,,,,,,,,
10471,1,20211231,嘉藤貴行,カトウ　タカユキ,嘉藤貴,1,,19811105,2000,0,,卒なく乗りこなすが気性難の馬は不向き,20020815,,,,,,,20260328,,,,,,,,,,,,,,,,,,,,,,,,
10472,0,00000000,金子光希,カネコ　ミツキ,金子光,1,,19820310,2000,0,10474,減量なくなると同時に騎乗も激減,20080626,54.0,0.0,0.0,54.0,0.0,0.0,20260328,,,,,,,,,,,,,,,,,,,,,,,,
10473,1,20121220,小林慎一郎,コバヤシ　シンイチロウ,小林慎,2,,19810708,2000,0,,ローカルでなら。矢作厩舎がほとんど,20080626,,,,,,,20260328,,,,,,,,,,,,,,,,,,,,,,,,
10474,1,20121220,鈴来直人,スズキ　ナオト,鈴　来,1,,19820212,2000,0,,ロスない競馬を心掛け脚使い切る。今後注目,20020815,,,,,,,20260328,,,,,,,,,,,,,,,,,,,,,,,,
10475,1,20120420,田嶋翔,タジマ　ショウ,田嶋翔,2,,19811219,2000,0,,小島貞厩舎専属。ダートなら,20070723,,,,,,,20260328,,,,,,,,,,,,,,,,,,,,,,,,
10476,1,20100228,西原玲奈,ニシハラ　レナ,西　原,2,,19811120,2000,0,,現状では出遅大外は定番,20020815,,,,,,,20260328,,,,,,,,,,,,,,,,,,,,,,,,
10477,1,20201231,畑端省吾,ハタバタ　ショウゴ,畑端省,2,,19820330,2000,0,,ダートなら先行馬で結果出せるようになる,20020815,,,,,,,20260328,,,,,,,,,,,,,,,,,,,,,,,,
10478,1,20070720,服部剛史,ハットリ　タケフミ,服　部,2,,19801023,2000,0,,夏の小倉で大きく成長。,20020910,,,,,,,20260328,,,,,,,,,,,,,,,,,,,,,,,,
10479,0,00000000,石神深一,イシガミ　シンイチ,石神一,1,,19820603,2001,0,,先行志向強い。展開向けば面白い。,20020815,32.0,0.0,0.0,37.0,0.0,0.0,20260328,,,,,,,,,,,,,,,,,,,,,,,,
10480,1,20020917,大沢辰也,オオサワ　タツヤ,大　沢,1,,19830308,2001,3,,まだまだ騎乗機会恵まれず。,20020815,,,,,,,20260328,,,,,,,,,,,,,,,,,,,,,,,,
10481,1,20240331,大庭和弥,オオバ　カズヤ,大庭和,1,,19820913,2001,0,,思わぬ所で穴馬で突っ込んでくること多し。,20080626,,,,,,,20260328,,,,,,,,,,,,,,,,,,,,,,,,
10482,1,20240229,川島信二,カワシマ　シンジ,川島信,2,,19821124,2001,0,,せこ手の名手になりつつある,20021225,,,,,,,20260328,,,,,,,,,,,,,,,,,,,,,,,,
10483,0,00000000,小坂忠士,コサカ　タダシ,小坂忠,2,,19830207,2001,0,,障害ではある程度信頼出来る,20070723,64.0,0.0,0.0,62.0,0.0,0.0,20260328,,,,,,,,,,,,,,,,,,,,,,,,
10484,1,20070331,田中亮,タナカ　リョウ,田中亮,2,,19811122,2001,0,,特に目立った騎乗スタイルなし,20020815,,,,,,,20260328,,,,,,,,,,,,,,,,,,,,,,,,
10485,1,20101220,柄崎将寿,ツカザキ　マサトシ,柄　崎,1,,19821227,2001,0,,騎乗馬にそれほど恵まれず。,20020815,,,,,,,20260328,,,,,,,,,,,,,,,,,,,,,,,,
10486,0,00000000,難波剛健,ナンバ　ヨシヤス,難波剛,2,,19821101,2001,0,,減量効果も手伝って、少し騎乗機会増える,20021225,35.0,0.0,0.0,52.0,0.0,0.0,20260328,,,,,,,,,,,,,,,,,,,,,,,,
10487,1,20231231,平沢健治,ヒラサワ　ケンジ,平沢健,2,,19810504,2001,0,,４角で大きく膨れる競馬が目立つ。酷い。,20020815,,,,,,,20260328,,,,,,,,,,,,,,,,,,,,,,,,
10488,0,00000000,蓑島靖典,ミノシマ　ヤスノリ,蓑島靖,1,,19821114,2001,0,10399,持っていかれる競馬が目立つ。,20020815,,,,,,,20260328,,,,,,,,,,,,,,,,,,,,,,,,
10489,0,00000000,五十嵐雄祐,イガラシ　ユウスケ,五十嵐,1,,19840216,2002,0,10333,関東障害未勝利では上位の馬が集まる傾向。,20080710,45.0,0.0,0.0,38.0,1.0,1.0,20260328,,,,,,,,,,,,,,,,,,,,,,,,
10490,1,20021021,井西泰政,イニシ　ヤスマサ,井　西,1,,19820930,2002,3,,,,,,,,,,20260328,,,,,,,,,,,,,,,,,,,,,,,,
10491,0,00000000,田辺裕信,タナベ　ヒロノブ,田辺裕,1,,19840212,2002,0,,ダートの短距離ならそれなりに。,20080626,13.0,2.0,0.0,17.0,6.0,1.0,20260328,,,,,,,,,,,,,,,,,,,,,,,,
10492,1,20120229,岩崎祐己,イワサキ　ユウキ,岩　崎,2,,19830108,2002,0,,減量なくなり伸び悩み,20070723,,,,,,,20260328,,,,,,,,,,,,,,,,,,,,,,,,
10493,0,00000000,黒岩悠,クロイワ　ユウ,黒岩悠,2,,19831026,2002,0,,Ｈペース時の突っ込みくらい,20021028,59.0,0.0,0.0,71.0,0.0,0.0,20260328,,,,,,,,,,,,,,,,,,,,,,,,
10494,1,20101231,高野容輔,コウノ　ヨウスケ,高野容,2,,19831029,2002,0,,08年マーメイド軽量で穴あける,20080626,,,,,,,20260328,,,,,,,,,,,,,,,,,,,,,,,,
10495,1,20120229,柴原央明,シバハラ　フミアキ,柴　原,2,,19830718,2002,0,,３連複の穴騎手,20020910,,,,,,,20260328,,,,,,,,,,,,,,,,,,,,,,,,
10496,1,20120331,南井大志,ミナイ　ヒロシ,南　井,2,,19830212,2002,0,,現在は騎乗の大半は障害戦,20080626,,,,,,,20260328,,,,,,,,,,,,,,,,,,,,,,,,
10497,0,00000000,石橋脩,イシバシ　シュウ,石橋脩,1,,19840403,2003,0,,ローカルで先行すれば渋太い,20030425,39.0,0.0,0.0,21.0,10.0,1.0,20260328,,,,,,,,,,,,,,,,,,,,,,,,
10498,1,20111231,加藤士津八,カトウ　シヅヤ,加藤士,1,,19850202,2003,0,,ゴール前でキョロキョロ。単勝買い辛い,20030425,,,,,,,20260328,,,,,,,,,,,,,,,,,,,,,,,,
10499,1,20250228,鈴木慶太,スズキ　ケイタ,鈴木慶,1,,19830318,2003,0,,結局乗り鞍増えないまま。,20080626,,,,,,,20260328,,,,,,,,,,,,,,,,,,,,,,,,
10500,0,00000000,松岡正海,マツオカ　マサミ,松岡正,1,,19840718,2003,0,,関東の若手では安定が出てきた。高額条件で,20080626,22.0,1.0,0.0,32.0,3.0,0.0,20260328,,,,,,,,,,,,,,,,,,,,,,,,
10501,1,20110331,南田雅昭,ミナミダ　マサアキ,南　田,1,,19841208,2003,0,,最近は乗り鞍減少,20080626,,,,,,,20260328,,,,,,,,,,,,,,,,,,,,,,,,
10502,1,20101220,北村浩平,キタムラ　コウヘイ,北村浩,2,,19831224,2003,0,,ここ２年で乗り鞍激減。結果も出ていない。,20080131,,,,,,,20260328,,,,,,,,,,,,,,,,,,,,,,,,
10503,1,20210228,佐久間寛志,サクマ　ヒロシ,佐久間,2,,19840526,2003,0,,最近は障害にシフトしつつある。,20080626,,,,,,,20260328,,,,,,,,,,,,,,,,,,,,,,,,
10504,1,20101220,生野賢一,ショウノ　ケンイチ,生　野,2,,19840810,2003,0,,徐々に慣れてきた。そろそろ買い,20030425,,,,,,,20260328,,,,,,,,,,,,,,,,,,,,,,,,
10505,1,20101020,高井彰大,タカイ　ショウタ,高　井,2,,19841203,2003,0,,不気味な一発はあるが、安定味欠く,20030425,,,,,,,20260328,,,,,,,,,,,,,,,,,,,,,,,,
10506,1,20120920,長谷川浩大,ハセガワ　コウダイ,長谷川,2,,19831119,2003,0,,人気馬での安定感に欠ける。,20080710,,,,,,,20260328,,,,,,,,,,,,,,,,,,,,,,,,
10507,0,00000000,津村明秀,ツムラ　アキヒデ,津村明,1,,19860105,2004,0,,小回りコースなら積極策が活きる,20080626,4.0,8.0,4.0,8.0,11.0,4.0,20260328,,,,,,,,,,,,,,,,,,,,,,,,
10508,1,20260228,藤岡佑介,フジオカ　ユウスケ,藤岡佑,2,,19860317,2004,0,,関東騎手からの乗り替わりは割引必要,,24.0,3.0,1.0,14.0,17.0,1.0,20260328,,,,,,,,,,,,,,,,,,,,,,,,
10509,1,20120229,水出大介,ミズイデ　ダイスケ,水　出,1,,19840806,2004,0,,障害の乗り始めて怪我が目立つ,20080626,,,,,,,20260328,,,,,,,,,,,,,,,,,,,,,,,,
10510,0,00000000,吉田隼人,ヨシダ　ハヤト,吉田隼,1,,19831220,2004,0,,中山、新潟での活躍目立つ。東京はイマイチ,20080131,12.0,3.0,0.0,28.0,8.0,0.0,20260328,,,,,,,,,,,,,,,,,,,,,,,,
10511,0,00000000,上野翔,ウエノ　ショウ,上野翔,1,,19851223,2004,0,,,,24.0,1.0,1.0,31.0,2.0,0.0,20260328,,,,,,,,,,,,,,,,,,,,,,,,
10512,0,00000000,川田将雅,カワダ　ユウガ,川田将,2,,19851015,2004,0,,アドマイヤの主戦として飛躍を期待,20080626,4.0,12.0,5.0,4.0,35.0,10.0,20260328,,,,,,,,,105.0,103.0,65.0,234.0,,,,,,,,,,,,
10513,1,20240229,高野和馬,タカノ　カズマ,高野和,1,,19840920,2004,0,,最近の騎乗は障害戦が大半,20080626,,,,,,,20260328,,,,,,,,,,,,,,,,,,,,,,,,
10514,1,20040402,竹本貴志,タケモト　タカシ,竹　本,1,,19831104,2004,3,,,,,,,,,,20260328,,,,,,,,,,,,,,,,,,,,,,,,
10515,0,00000000,丹内祐次,タンナイ　ユウジ,丹内祐,1,,19851105,2004,0,,栗東の崎山厩舎騎乗時が面白い,20080626,3.0,3.0,0.0,3.0,21.0,3.0,20260328,,,,,,,,,,,,,,,,,,,,,,,,
10516,0,00000000,大野拓弥,オオノ　タクヤ,大野拓,1,,19860908,2005,0,,村田一誠騎手からの乗り替わりで好成績,,27.0,0.0,0.0,11.0,8.0,0.0,20260328,,,,,,,,,,,,,,,,,,,,,,,,
10517,1,20191031,小島太一,コジマ　タイチ,小島太,1,,19851230,2005,0,,自厩舎の馬でしか結果でず。かなり追えない,20080710,,,,,,,20260328,,,,,,,,,,,,,,,,,,,,,,,,
10518,1,20100201,佐藤聖也,サトウ　セイヤ,佐藤聖,1,,19850407,2005,0,,,,,,,,,,20260328,,,,,,,,,,,,,,,,,,,,,,,,
10519,0,00000000,鮫島良太,サメシマ　リョウタ,鮫島良,2,,19870204,2005,0,,夏の小倉で１人気なら、勝率４割オーバー。,20080131,50.0,0.0,0.0,67.0,0.0,0.0,20260328,,,,,,,,,,,,,,,,,,,,,,,,
10520,1,20100228,塚田祥雄,ツカダ　ヨシオ,塚　田,1,,19860629,2005,0,,,,,,,,,,20260328,,,,,,,,,,,,,,,,,,,,,,,,
10521,0,00000000,中村将之,ナカムラ　マサユキ,中村将,2,,19861009,2005,0,10447,,,44.0,0.0,0.0,64.0,0.0,0.0,20260328,,,,,,,,,,,,,,,,,,,,,,,,
10522,0,00000000,北村友一,キタムラ　ユウイチ,北村友,2,,19861003,2006,0,,,,13.0,2.0,0.0,7.0,18.0,4.0,20260328,,,,,,,,,,,,,,,,,,,,,,,,
10523,1,20120229,田中克典,タナカ　カツノリ,田中克,2,,19870812,2006,0,,,,,,,,,,20260328,,,,,,,,,,,,,,,,,,,,,,,,
10524,1,20170228,田中博康,タナカ　ヒロヤス,田中博,1,,19851205,2006,0,,,,,,,,,,20260328,,,,,,,,,,,,,,,,,,,,,,,,
10525,0,00000000,田村太雅,タムラ　タイガ,田村太,2,,19860116,2006,0,,,,71.0,0.0,0.0,73.0,0.0,0.0,20260328,,,,,,,,,,,,,,,,,,,,,,,,
10526,1,20121130,千葉直人,チバ　ナオト,千　葉,1,,19860730,2006,0,,,,,,,,,,20260328,,,,,,,,,,,,,,,,,,,,,,,,
10527,1,20101220,船曳文士,フナビキ　ブンシ,船　曳,2,,19860926,2006,0,,過剰人気の時は要注意。積極策目立つ,20080619,,,,,,,20260328,,,,,,,,,,,,,,,,,,,,,,,,
10528,0,00000000,的場勇人,マトバ　ハヤト,的場勇,1,,19871128,2006,0,10373,ローカルの平場ならそれなりに乗れるように,20080626,60.0,0.0,0.0,57.0,0.0,0.0,20260328,,,,,,,,,,,,,,,,,,,,,,,,
10529,0,00000000,黛弘人,マユズミ　ヒロト,黛弘人,1,,19851112,2006,0,,,,47.0,1.0,0.0,41.0,2.0,0.0,20260328,,,,,,,,,,,,,,,,,,,,,,,,
10530,1,20121231,池崎祐介,イケザキ　ユウスケ,池　崎,1,,19881107,2007,0,,,,,,,,,,20260328,,,,,,,,,,,,,,,,,,,,,,,,
10531,1,20180620,大下智,オオシタ　サトシ,大下智,2,,19860512,2007,0,,,,,,,,,,20260328,,,,,,,,,,,,,,,,,,,,,,,,
10532,0,00000000,荻野琢真,オギノ　タクマ,荻野琢,2,,19880728,2007,0,,08年春に調子の上がった時の怪我が痛かっ,20080626,63.0,0.0,0.0,57.0,0.0,0.0,20260328,,,,,,,,,,,,,,,,,,,,,,,,
10533,0,00000000,草野太郎,クサノ　タロウ,草野太,1,,19890120,2007,0,,,,42.0,0.0,0.0,34.0,2.0,2.0,20260328,,,,,,,,,,,,,,,,,,,,,,,,
10534,1,20251231,田中健,タナカ　ケン,田中健,2,,19880316,2007,0,,,,,,,60.0,2.0,0.0,20260328,,,,,,,,,,,,,,,,,,,,,,,,
10535,0,00000000,浜中俊,ハマナカ　スグル,浜中俊,2,,19881225,2007,0,,外枠での活躍が目立つ。同期では一番乗れる,20080201,25.0,3.0,0.0,20.0,15.0,3.0,20260328,,,,,,,,,,,,,,,,,,,,,,,,
10536,1,20240410,藤岡康太,フジオカ　コウタ,藤岡康,2,,19881219,2007,0,,競馬サークル出身だけに騎乗馬には恵まれる,20080626,,,,,,,20260328,,,,,,,,,,,,,,,,,,,,,,,,
10537,0,00000000,丸田恭介,マルタ　キョウスケ,丸田恭,1,,19860520,2007,0,,馬群の後方を追走することが多い,20080626,35.0,0.0,0.0,29.0,3.0,0.0,20260328,,,,,,,,,,,,,,,,,,,,,,,,
10538,1,20250929,宮崎北斗,ミヤザキ　ホクト,宮崎北,1,,19890312,2007,0,,先行馬の騎乗なら嫌う必要はない。,20080626,,,,63.0,0.0,0.0,20260328,,,,,,,,,,,,,,,,,,,,,,,,
10539,0,00000000,伊藤工真,イトウ　タクマ,伊藤工,1,,19900226,2008,0,10441,なかなか乗り鞍恵まれず,20080626,59.0,0.0,0.0,53.0,0.0,0.0,20260328,,,,,,,,,,,,,,,,,,,,,,,,
10540,0,00000000,大江原圭,オオエハラ　ケイ,大江圭,1,,19900226,2008,0,,父は元騎手。,,25.0,1.0,0.0,40.0,0.0,0.0,20260328,,,,,,,,,,,,,,,,,,,,,,,,
10541,1,20111220,鷹野宏史,タカノ　ヒロフミ,鷹野宏,2,,19641004,2008,0,,高知から移籍も現状は厳しい,20080619,,,,,,,20260328,,,,,,,,,,,,,,,,,,,,,,,,
10542,0,00000000,三浦皇成,ミウラ　コウセイ,三浦皇,1,,19891219,2008,0,10408,08年春終了時点で武豊の１年目を超える,20080619,6.0,6.0,0.0,7.0,13.0,1.0,20260328,,,,,,,,,,,,,,,,,,,,,,,,
10543,0,00000000,小野寺祐太,オノデラ　ユウタ,小野寺,2,,19900312,2009,0,,,,57.0,0.0,0.0,55.0,0.0,0.0,20260328,,,,,,,,,,,,,,,,,,,,,,,,
10544,0,00000000,国分恭介,コクブン　キョウスケ,国分恭,2,,19901227,2009,0,,,,39.0,0.0,0.0,33.0,6.0,0.0,20260328,,,,,,,,,,,,,,,,,,,,,,,,
10545,0,00000000,国分優作,コクブン　ユウサク,国分優,2,,19901227,2009,0,10479,,,38.0,1.0,0.0,50.0,2.0,0.0,20260328,,,,,,,,,,,,,,,,,,,,,,,,
10546,0,00000000,松山弘平,マツヤマ　コウヘイ,松山弘,2,,19900301,2009,0,,,,3.0,7.0,0.0,2.0,41.0,7.0,20260328,,,,,,,,,128.0,99.0,70.0,539.0,,,,,,,,,,,,
10547,0,00000000,丸山元気,マルヤマ　ゲンキ,丸山元,1,,19901003,2009,0,,,,17.0,1.0,0.0,12.0,9.0,0.0,20260328,,,,,,,,,,,,,,,,,,,,,,,,
10548,0,00000000,川須栄彦,カワス　ハルヒコ,川須栄,2,,19911109,2010,0,,,,,,,58.0,0.0,0.0,20260328,,,,,,,,,,,,,,,,,,,,,,,,
10549,0,00000000,菅原隆一,スガハラ　リュウイチ,菅原隆,1,,19920311,2010,0,10480,,,50.0,0.0,0.0,56.0,0.0,0.0,20260328,,,,,,,,,,,,,,,,,,,,,,,,
10550,0,00000000,高倉稜,タカクラ　リョウ,高倉稜,2,,19910904,2010,0,,,,51.0,0.0,0.0,46.0,3.0,0.0,20260328,,,,,,,,,,,,,,,,,,,,,,,,
10551,0,00000000,西村太一,ニシムラ　タイチ,西村太,1,,19900321,2010,0,,,,58.0,0.0,0.0,55.0,0.0,0.0,20260328,,,,,,,,,,,,,,,,,,,,,,,,
10552,1,20171231,平野優,ヒラノ　ユウ,平野優,1,,19900116,2010,0,,,,,,,,,,20260328,,,,,,,,,,,,,,,,,,,,,,,,
10553,1,20250701,水口優也,ミズグチ　ユウヤ,水口優,2,,19910322,2010,0,,,,,,,66.0,0.0,0.0,20260328,,,,,,,,,,,,,,,,,,,,,,,,
10554,0,00000000,嶋田純次,シマダ　ジュンジ,嶋田純,1,,19930308,2011,0,10344,,,46.0,0.0,0.0,39.0,1.0,0.0,20260328,,,,,,,,,,,,,,,,,,,,,,,,
10555,0,00000000,杉原誠人,スギハラ　マコト,杉原誠,1,,19921031,2011,0,,,,20.0,1.0,0.0,23.0,5.0,2.0,20260328,,,,,,,,,,,,,,,,,,,,,,,,
10556,1,20150930,高嶋活士,タカシマ　カツジ,高　嶋,1,,19921202,2011,0,,,,,,,,,,20260328,,,,,,,,,,,,,,,,,,,,,,,,
10557,1,20160131,花田大昂,ハナダ　ヒロタカ,花　田,2,,19900101,2011,0,,,,,,,,,,20260328,,,,,,,,,,,,,,,,,,,,,,,,
10558,0,00000000,藤懸貴志,フジカケ　タカシ,藤懸貴,2,,19930225,2011,0,,,,29.0,1.0,0.0,48.0,2.0,0.0,20260328,,,,,,,,,,,,,,,,,,,,,,,,
10559,0,00000000,森一馬,モリ　カズマ,森一馬,2,,19930313,2011,0,,,,58.0,0.0,0.0,47.0,0.0,0.0,20260328,,,,,,,,,,,,,,,,,,,,,,,,
10560,0,00000000,横山和生,ヨコヤマ　カズオ,横山和,1,,19930323,2011,0,,,,5.0,8.0,2.0,5.0,19.0,1.0,20260328,,,,,,,,,,,,,,,,,,,,,,,,
10561,0,00000000,中井裕二,ナカイ　ユウジ,中井裕,2,,19930625,2012,0,,,,43.0,1.0,0.0,49.0,1.0,0.0,20260328,,,,,,,,,,,,,,,,,,,,,,,,
10562,0,00000000,長岡禎仁,ナガオカ　ヨシヒト,長岡禎,2,,19930925,2012,0,10445,,,52.0,0.0,0.0,45.0,6.0,0.0,20260328,,,,,,,,,,,,,,,,,,,,,,,,
10563,0,00000000,原田和真,ハラダ　カズマ,原田和,1,,19940115,2012,0,,,,36.0,1.0,0.0,44.0,1.0,0.0,20260328,,,,,,,,,,,,,,,,,,,,,,,,
10564,0,00000000,菱田裕二,ヒシダ　ユウジ,菱田裕,2,,19920926,2012,0,10376,,,20.0,1.0,0.0,26.0,9.0,0.0,20260328,,,,,,,,,,,,,,,,,,,,,,,,
10565,1,20140319,山崎亮誠,ヤマサキ　リョウセイ,山崎亮,1,,19940325,2012,3,,,,,,,,,,20260328,,,,,,,,,,,,,,,,,,,,,,,,
10566,1,20140424,原田敬伍,ハラダ　ケイゴ,原田敬,2,,19950309,2013,3,,,,,,,,,,20260328,,,,,,,,,,,,,,,,,,,,,,,,
10567,0,00000000,伴啓太,バン　ケイタ,伴啓太,1,,19930604,2013,0,,,,41.0,0.0,0.0,35.0,2.0,1.0,20260328,,,,,,,,,,,,,,,,,,,,,,,,
10568,1,20250903,和田翼,ワダ　ツバサ,和田翼,2,,19940530,2013,0,,,,,,,75.0,0.0,0.0,20260328,,,,,,,,,,,,,,,,,,,,,,,,
10569,0,00000000,城戸義政,キド　ヨシマサ,城戸義,2,,19940129,2013,0,10455,,,70.0,0.0,0.0,68.0,0.0,0.0,20260328,,,,,,,,,,,,,,,,,,,,,,,,
10570,0,00000000,石川裕紀人,イシカワ　ユキト,石川裕,1,,19950922,2014,0,10329,,,14.0,1.0,0.0,14.0,11.0,1.0,20260328,,,,,,,,,,,,,,,,,,,,,,,,
10571,0,00000000,井上敏樹,イノウエ　トシキ,井上敏,2,,19941205,2014,0,,,,56.0,1.0,0.0,70.0,0.0,0.0,20260328,,,,,,,,,,,,,,,,,,,,,,,,
10572,0,00000000,小崎綾也,コザキ　リョウヤ,小崎綾,2,,19950513,2014,0,,,,32.0,2.0,0.0,34.0,6.0,0.0,20260328,,,,,,,,,,,,,,,,,,,,,,,,
10573,0,00000000,木幡初也,コワタ　ハツヤ,木幡初,1,,19950407,2014,0,10461,,,31.0,0.0,0.0,51.0,0.0,0.0,20260328,,,,,,,,,,,,,,,,,,,,,,,,
10574,0,00000000,松若風馬,マツワカ　フウマ,松若風,2,,19950904,2014,0,,,,15.0,2.0,0.0,23.0,4.0,2.0,20260328,,,,,,,,,,,,,,,,,,,,,,,,
10575,1,20191010,義英真,ヨシ　エイシン,義英真,2,,19951013,2014,0,,,,,,,,,,20260328,,,,,,,,,,,,,,,,,,,,,,,,
10576,1,20210520,三津谷隼人,ミツヤ　ハヤト,三津谷,2,,19961225,2015,0,,,,,,,,,,20260328,,,,,,,,,,,,,,,,,,,,,,,,
10577,0,00000000,野中悠太郎,ノナカ　ユウタロウ,野中悠,1,,19961229,2015,0,,,,44.0,0.0,0.0,42.0,1.0,0.0,20260328,,,,,,,,,,,,,,,,,,,,,,,,
10578,0,00000000,鮫島克駿,サメシマ　カツマ,鮫島駿,2,,19961018,2015,0,,,,7.0,7.0,0.0,10.0,21.0,3.0,20260328,,,,,,,,,,,,,,,,,,,,,,,,
10579,0,00000000,加藤祥太,カトウ　ショウタ,加藤祥,2,,19970308,2015,0,10397,,,62.0,0.0,0.0,63.0,0.0,0.0,20260328,,,,,,,,,,,,,,,,,,,,,,,,
10580,0,00000000,荻野極,オギノ　キワム,荻野極,2,,19970923,2016,0,,,,9.0,2.0,0.0,12.0,20.0,1.0,20260328,,,,,,,,,,,,,,,,,,,,,,,,
10581,0,00000000,菊沢一樹,キクザワ　カズキ,菊沢一,1,,19970827,2016,0,,,,11.0,2.0,0.0,13.0,11.0,0.0,20260328,,,,,,,,,,,,,,,,,,,,,,,,
10582,0,00000000,木幡巧也,コワタ　タクヤ,木幡巧,1,,19960509,2016,0,10415,,,15.0,0.0,0.0,16.0,5.0,1.0,20260328,,,,,,,,,,,,,,,,,,,,,,,,
10583,0,00000000,坂井瑠星,サカイ　リュウセイ,坂井瑠,2,,19970531,2016,0,10385,,,6.0,5.0,1.0,3.0,41.0,7.0,20260328,,,,,,,,,110.0,79.0,75.0,426.0,,,,,,,,,,,,
10584,1,20241011,藤田菜七子,フジタ　ナナコ,藤田菜,1,,19970809,2016,9,,,,,,,,,,20260328,,,,,,,,,,,,,,,,,,,,,,,,
10585,1,20250331,森裕太朗,モリ　ユウタロウ,森裕太,2,,19970302,2016,0,,,,,,,74.0,0.0,0.0,20260328,,,,,,,,,,,,,,,,,,,,,,,,
10586,0,00000000,川又賢治,カワマタ　ケンジ,川又賢,2,,19971119,2017,0,10439,,,55.0,0.0,0.0,51.0,2.0,1.0,20260328,,,,,,,,,,,,,,,,,,,,,,,,
10587,0,00000000,木幡育也,コワタ　イクヤ,木幡育,1,,19980921,2017,0,10403,木幡三兄弟三男,20170302,57.0,0.0,0.0,58.0,0.0,0.0,20260328,,,,,,,,,,,,,,,,,,,,,,,,
10588,0,00000000,富田暁,トミタ　アカツキ,富田暁,2,,19961211,2017,0,,,,27.0,2.0,0.0,39.0,4.0,1.0,20260328,,,,,,,,,,,,,,,,,,,,,,,,
10589,0,00000000,武藤雅,ムトウ　ミヤビ,武藤雅,1,,19980110,2017,0,10404,父は武藤善則師,20170302,34.0,1.0,1.0,26.0,6.0,0.0,20260328,,,,,,,,,,,,,,,,,,,,,,,,
10590,0,00000000,横山武史,ヨコヤマ　タケシ,横山武,1,,19981222,2017,0,10332,父・兄は騎手,20170302,1.0,6.0,0.0,2.0,31.0,4.0,20260328,,,,,,,,,110.0,94.0,81.0,489.0,,,,,,,,,,,,
10591,0,00000000,西村淳也,ニシムラ　アツヤ,西村淳,2,,19990730,2018,0,,,,5.0,4.0,1.0,13.0,15.0,2.0,20260328,,,,,,,,,,,,,,,,,,,,,,,,
10592,1,20240519,服部寿希,ハットリ　トシキ,服部寿,2,,19990309,2018,0,,,,,,,,,,20260328,,,,,,,,,,,,,,,,,,,,,,,,
10593,1,20231026,山田敬士,ヤマダ　ケイシ,山田敬,1,,19970918,2018,0,,,,,,,,,,20260328,,,,,,,,,,,,,,,,,,,,,,,,
10594,0,00000000,岩田望来,イワタ　ミライ,岩田望,2,,20000531,2019,0,,,,2.0,9.0,0.0,5.0,33.0,6.0,20260328,,,,,,,,,,,,,,,,,,,,,,,,
10595,1,20250228,大塚海渡,オオツカ　カイト,大塚海,1,,20001025,2019,0,,,,,,,,,,20260328,,,,,,,,,,,,,,,,,,,,,,,,
10596,0,00000000,亀田温心,カメダ　ハート,亀田温,2,,20010204,2019,0,,,,53.0,0.0,0.0,32.0,7.0,0.0,20260328,,,,,,,,,,,,,,,,,,,,,,,,
10597,0,00000000,小林凌大,コバヤシ　リョウタ,小林凌,1,,20010220,2019,0,10510,,,53.0,0.0,0.0,49.0,1.0,0.0,20260328,,,,,,,,,,,,,,,,,,,,,,,,
10598,0,00000000,斎藤新,サイトウ　アラタ,斎藤新,2,,20010209,2019,0,,,,10.0,7.0,0.0,17.0,11.0,0.0,20260328,,,,,,,,,,,,,,,,,,,,,,,,
10599,0,00000000,菅原明良,スガワラ　アキラ,菅原明,1,,20010312,2019,0,,,,9.0,1.0,0.0,6.0,17.0,2.0,20260328,,,,,,,,,,,,,,,,,,,,,,,,
10600,0,00000000,団野大成,ダンノ　タイセイ,団野大,2,,20000622,2019,0,10460,,,19.0,2.0,0.0,9.0,23.0,1.0,20260328,,,,,,,,,,,,,,,,,,,,,,,,
10601,0,00000000,秋山稔樹,アキヤマ　トシキ,秋山稔,2,,20010912,2020,0,,,,40.0,0.0,0.0,42.0,1.0,0.0,20260328,,,,,,,,,,,,,,,,,,,,,,,,
10602,0,00000000,泉谷楓真,イズミヤ　フウマ,泉谷楓,2,,20011218,2020,0,10466,,,65.0,0.0,0.0,56.0,2.0,0.0,20260328,,,,,,,,,,,,,,,,,,,,,,,,
10603,0,00000000,小林脩斗,コバヤシ　シュウト,小林脩,1,,20011108,2020,0,10384,,,55.0,0.0,0.0,43.0,0.0,0.0,20260328,,,,,,,,,,,,,,,,,,,,,,,,
10604,0,00000000,原優介,ハラ　ユウスケ,原優介,1,,20000610,2020,0,10465,,,16.0,2.0,1.0,20.0,2.0,0.0,20260328,,,,,,,,,,,,,,,,,,,,,,,,
10605,0,00000000,小沢大仁,オザワ　ダイト,小沢大,2,,20030104,2021,0,,,,30.0,0.0,0.0,21.0,9.0,0.0,20260328,,,,,,,,,,,,,,,,,,,,,,,,
10606,0,00000000,角田大和,ツノダ　ヤマト,角田和,2,,20010903,2021,0,10430,,,28.0,0.0,0.0,31.0,2.0,0.0,20260328,,,,,,,,,,,,,,,,,,,,,,,,
10607,0,00000000,永島まなみ,ナガシマ　マナミ,永島ま,2,,20021027,2021,9,10444,,,46.0,0.0,0.0,30.0,1.0,0.0,20260328,,,,,,,,,,,,,,,,,,,,,,,,
10608,1,20241113,永野猛蔵,ナガノ　タケゾウ,永野猛,1,,20020908,2021,0,,,,,,,,,,20260328,,,,,,,,,,,,,,,,,,,,,,,,
10609,1,20221031,西谷凜,ニシタニ　リン,西谷凜,2,,20020708,2021,3,,,,,,,,,,20260328,,,,,,,,,,,,,,,,,,,,,,,,
10610,0,00000000,古川奈穂,フルカワ　ナホ,古川奈,2,,20000913,2021,9,10385,,,41.0,1.0,0.0,36.0,2.0,0.0,20260328,,,,,,,,,,,,,,,,,,,,,,,,
10611,0,00000000,松本大輝,マツモト　ヒロキ,松本大,2,,20021011,2021,0,10298,,,49.0,0.0,0.0,24.0,9.0,1.0,20260328,,,,,,,,,,,,,,,,,,,,,,,,
10612,0,00000000,横山琉人,ヨコヤマ　リュウト,横山琉,1,,20030108,2021,0,10329,,,8.0,3.0,0.0,15.0,3.0,0.0,20260328,,,,,,,,,,,,,,,,,,,,,,,,
10613,0,00000000,今村聖奈,イマムラ　セイナ,今村聖,2,,20031128,2022,9,10467,,,31.0,0.0,0.0,27.0,1.0,0.0,20260328,,,,,,,,,,,,,,,,,,,,,,,,
10614,0,00000000,大久保友雅,オオクボ　ユウガ,大久保,2,,20030601,2022,3,,,,67.0,0.0,0.0,72.0,0.0,0.0,20260328,,,,,,,,,,,,,,,,,,,,,,,,
10615,0,00000000,川端海翼,カワバタ　カイト,川端海,2,,20030918,2022,3,,,,61.0,0.0,0.0,61.0,0.0,0.0,20260328,,,,,,,,,,,,,,,,,,,,,,,,
10616,0,00000000,小牧加矢太,コマキ　カヤタ,小牧加,2,,19961224,2022,0,,,,33.0,0.0,0.0,40.0,6.0,2.0,20260328,,,,,,,,,,,,,,,,,,,,,,,,
10617,0,00000000,佐々木大輔,ササキ　ダイスケ,佐々木,1,,20031124,2022,0,10361,,,7.0,2.0,0.0,4.0,25.0,3.0,20260328,,,,,,,,,,,,,,,,,,,,,,,,
10618,0,00000000,土田真翔,ツチダ　マナト,土田真,1,,20040217,2022,3,,,,48.0,0.0,0.0,61.0,0.0,0.0,20260328,,,,,,,,,,,,,,,,,,,,,,,,
10619,1,20240809,角田大河,ツノダ　タイガ,角田河,2,,20030521,2022,1,,,,,,,,,,20260328,,,,,,,,,,,,,,,,,,,,,,,,
10620,0,00000000,西塚洸二,ニシヅカ　コウジ,西塚洸,2,,20040309,2022,0,,,,12.0,5.0,1.0,25.0,5.0,1.0,20260328,,,,,,,,,,,,,,,,,,,,,,,,
10621,0,00000000,水沼元輝,ミズヌマ　ゲンキ,水沼元,1,,20020902,2022,3,10387,,,52.0,0.0,0.0,48.0,0.0,0.0,20260328,,,,,,,,,,,,,,,,,,,,,,,,
10622,0,00000000,鷲頭虎太,ワシズ　コタ,鷲頭虎,2,,20031206,2022,2,10523,,,48.0,0.0,0.0,41.0,0.0,0.0,20260328,,,,,,,,,,,,,,,,,,,,,,,,
10623,0,00000000,石田拓郎,イシダ　タクロウ,石田拓,1,,20050120,2023,3,10425,,,29.0,0.0,0.0,27.0,0.0,0.0,20260328,,,,,,,,,,,,,,,,,,,,,,,,
10624,0,00000000,河原田菜々,カワハラダ　ナナ,河原田,2,,20041113,2023,4,10464,,,54.0,0.0,0.0,59.0,0.0,0.0,20260328,,,,,,,,,,,,,,,,,,,,,,,,
10625,1,20250228,小林勝太,コバヤシ　ショウタ,小林勝,1,,20021126,2023,2,,,,,,,,,,20260328,,,,,,,,,,,,,,,,,,,,,,,,
10626,0,00000000,小林美駒,コバヤシ　ミク,小林美,1,,20050319,2023,3,10332,,,18.0,1.0,0.0,10.0,1.0,0.0,20260328,,,,,,,,,,,,,,,,,,,,,,,,
10627,0,00000000,佐藤翔馬,サトウ　ショウマ,佐藤翔,1,,20041108,2023,3,,,,33.0,0.0,0.0,47.0,1.0,0.0,20260328,,,,,,,,,,,,,,,,,,,,,,,,
10628,0,00000000,田口貫太,タグチ　カンタ,田口貫,2,,20031210,2023,0,10375,,,18.0,1.0,0.0,19.0,7.0,0.0,20260328,,,,,,,,,,,,,,,,,,,,,,,,
10629,0,00000000,石神深道,イシガミ　フカミチ,石神道,1,,20051022,2024,3,10423,,,21.0,0.0,0.0,25.0,0.0,0.0,20260328,,,,,,,,,,,,,,,,,,,,,,,,
10630,1,20250201,大江原比呂,オオエハラ　ヒロ,大江比,1,,20040817,2024,4,,,,,,,,,,20260328,,,,,,,,,,,,,,,,,,,,,,,,
10631,0,00000000,坂口智康,サカグチ　トモヤス,坂口智,1,,19901216,2024,3,10450,,,43.0,0.0,0.0,46.0,0.0,0.0,20260328,,,,,,,,,,,,,,,,,,,,,,,,
10632,0,00000000,柴田裕一郎,シバタ　ユウイチロウ,柴田裕,2,,20050520,2024,2,10348,,,45.0,0.0,0.0,44.0,0.0,0.0,20260328,,,,,,,,,,,,,,,,,,,,,,,,
10633,0,00000000,高杉吏麒,タカスギ　リキ,高杉吏,2,,20050928,2024,0,10372,,,11.0,2.0,0.0,6.0,14.0,0.0,20260328,,,,,,,,,,,,,,,,,,,,,,,,
10634,0,00000000,長浜鴻緒,ナガハマ　コオ,長浜鴻,1,,20051112,2024,2,,,,26.0,0.0,0.0,18.0,0.0,0.0,20260328,,,,,,,,,,,,,,,,,,,,,,,,
10635,0,00000000,橋木太希,ハシキ　タイキ,橋木太,2,,20060327,2024,3,,,,47.0,0.0,0.0,65.0,0.0,0.0,20260328,,,,,,,,,,,,,,,,,,,,,,,,
10636,0,00000000,吉村誠之助,ヨシムラ　セイノスケ,吉村誠,2,,20060104,2024,0,10419,,,14.0,3.0,0.0,11.0,10.0,2.0,20260328,,,,,,,,,,,,,,,,,,,,,,,,
10637,0,00000000,上里直汰,ウエザト　ナオタ,上里直,1,,20070301,2025,3,10478,,,38.0,0.0,0.0,33.0,0.0,0.0,20260328,,,,,,,,,,,,,,,,,,,,,,,,
10638,0,00000000,遠藤汰月,エンドウ　タツキ,遠藤汰,1,,20060214,2025,3,10340,,,40.0,0.0,0.0,45.0,0.0,0.0,20260328,,,,,,,,,,,,,,,,,,,,,,,,
10639,0,00000000,谷原柚希,タニハラ　ユズキ,谷原柚,1,,20070220,2025,4,10330,,,61.0,0.0,0.0,59.0,0.0,0.0,20260328,,,,,,,,,,,,,,,,,,,,,,,,
10640,0,00000000,田山旺佑,タヤマ　オウスケ,田山旺,2,,20060720,2025,3,10481,,,17.0,0.0,0.0,35.0,1.0,0.0,20260328,,,,,,,,,,,,,,,,,,,,,,,,
10641,0,00000000,舟山瑠泉,フナヤマ　ルイ,舟山瑠,1,,20060728,2025,3,10471,,,10.0,1.0,0.0,22.0,0.0,0.0,20260328,,,,,,,,,,,,,,,,,,,,,,,,
10642,0,00000000,森田誠也,モリタ　セイヤ,森田誠,2,,20070105,2025,3,10460,,,36.0,0.0,0.0,54.0,0.0,0.0,20260328,,,,,,,,,,,,,,,,,,,,,,,,
10643,0,00000000,和田陽希,ワダ　ハルキ,和田陽,2,,20070315,2025,3,10466,,,37.0,1.0,0.0,43.0,0.0,0.0,20260328,,,,,,,,,,,,,,,,,,,,,,,,
30001,1,20120229,安藤光彰,アンドウ　ミツアキ,安藤光,2,笠松,19590105,2007,0,,ローカルでのみ。展開待ちすぎて後手踏むこ,20080710,,,,,,,20260328,,,,,,,,,,,,,,,,,,,,,,,,
30002,1,20130131,安藤勝己,アンドウ　カツミ,安藤勝,2,,19600328,2003,0,,騎乗数を絞ってその分結果に結びつけている,20080626,,,,,,,20260328,,,,,,,,,,,,,,,,,,,,,,,,
30003,1,20020324,榎伸彦,エノキ　ノブヒコ,榎　伸,3,笠松,19681202,2002,0,,,,,,,,,,20260328,,,,,,,,,,,,,,,,,,,,,,,,
30004,1,20120902,吉田稔,ヨシダ　ミノル,吉田稔,3,愛知,19690212,2012,0,,地元の中京競馬場での好走が目立つ,20080626,,,,,,,20260328,,,,,,,,,,,,,,,,,,,,,,,,
30005,1,20030608,金子正彦,カネコ　マサヒコ,金子正,3,川崎,19621112,2003,0,,,,,,,,,,20260328,,,,,,,,,,,,,,,,,,,,,,,,
30006,1,20020608,見附正徳,ミツケ　マサノリ,見附正,3,高崎,19710922,2002,0,,,,,,,,,,20260328,,,,,,,,,,,,,,,,,,,,,,,,
30007,0,20100227,戸部尚実,トベ　ナオミ,戸部尚,3,愛知,19630827,2010,0,,,,,,,,,,20260328,,,,,,,,,,,,,,,,,,,,,,,,
30008,0,20100529,向山牧,ムコウヤマ　マキ,向山牧,3,笠松,19650705,2010,0,,ダート戦ではいい騎乗見せるが…。,20020815,,,,,,,20260328,,,,,,,,,,,,,,,,,,,,,,,,
30009,1,20010527,工藤勉,クドウ　ツトム,工藤勉,3,高崎,19590829,2001,0,,,,,,,,,,20260328,,,,,,,,,,,,,,,,,,,,,,,,
30010,1,20010211,高橋文雄,タカハシ　フミオ,高橋文,3,高崎,19591220,2001,0,,,,,,,,,,20260328,,,,,,,,,,,,,,,,,,,,,,,,
30011,1,20000930,佐々木泉,ササキ　イズミ,佐々泉,3,栃木,19630811,2000,0,,,,,,,,,,20260328,,,,,,,,,,,,,,,,,,,,,,,,
30012,1,20010218,佐々木竹見,ササキ　タケミ,佐々竹,3,川崎,19411103,2001,0,,,,,,,,,,20260328,,,,,,,,,,,,,,,,,,,,,,,,
30013,1,20020202,坂井薫人,サカイ　シゲト,坂井薫,3,笠松,19770302,2002,0,,,,,,,,,,20260328,,,,,,,,,,,,,,,,,,,,,,,,
30014,1,20040313,山中尊徳,ヤマナカ　タカノリ,山中尊,3,船橋,19680803,2004,0,,,,,,,,,,20260328,,,,,,,,,,,,,,,,,,,,,,,,
30015,0,20050521,児島真二,コジマ　シンジ,児島真,3,愛知,19620822,2005,0,,,,,,,,,,20260328,,,,,,,,,,,,,,,,,,,,,,,,
30016,1,20111002,小嶋久輝,コジマ　ヒサキ,小嶋久,3,北海,19690302,2011,0,,,,,,,,,,20260328,,,,,,,,,,,,,,,,,,,,,,,,
30017,1,20010818,小嶋耕輝,コジマ　コウキ,小嶋耕,3,浦和,19751015,2001,0,,,,,,,,,,20260328,,,,,,,,,,,,,,,,,,,,,,,,
30018,1,20240731,小牧太,コマキ　フトシ,小牧太,2,,19670907,2004,0,,念願のＧ１勝ち。追える力あるだけにダート,20080626,,,,,,,20260328,,,,,,,,,,,,,,,,,,,,,,,,
30019,1,20000213,松井達也,マツイ　タツヤ,松井達,3,浦和,19650601,2000,0,,,,,,,,,,20260328,,,,,,,,,,,,,,,,,,,,,,,,
30020,0,20170827,真島正徳,マシマ　マサノリ,真島正,3,佐賀,19700105,2017,0,,,,,,,,,,20260328,,,,,,,,,,,,,,,,,,,,,,,,
30021,1,20110305,水野貴史,ミズノ　タカシ,水野史,3,浦和,19721102,2011,0,,中央の水野貴広とは双子の兄弟,20020815,,,,,,,20260328,,,,,,,,,,,,,,,,,,,,,,,,
30022,1,20110220,菅原勲,スガワラ　イサオ,菅原勲,3,岩手,19630725,2011,0,,常にロスない騎乗心がけ４角では必ず最内,20020815,,,,,,,20260328,,,,,,,,,,,,,,,,,,,,,,,,
30023,0,20131116,石崎隆之,イシザキ　タカユキ,石崎隆,3,船橋,19560129,2013,0,,小回りコースはおまかせ、内枠ならなお良し,20020815,,,,,,,20260328,,,,,,,,,,,,,,,,,,,,,,,,
30024,0,20251130,川原正一,カワハラ　ショウイチ,川原正,3,兵庫,19590314,2025,0,,連続しての中央参戦は割引。久々で狙い。,20080626,,,,,0.0,0.0,20260328,,,,,,,,,,,,,,,,,,,,,,,,
30025,1,20000909,川本裕達,カワモト　ヒロミチ,川本裕,3,大井,19750531,2000,0,,,,,,,,,,20260328,,,,,,,,,,,,,,,,,,,,,,,,
30026,1,20100314,倉地学,クラチ　マナブ,倉地学,3,愛知,19691127,2010,0,,,,,,,,,,20260328,,,,,,,,,,,,,,,,,,,,,,,,
30027,0,20231126,田中学,タナカ　マナブ,田中学,3,兵庫,19730925,2023,0,,まだわからず,20020815,,,,,,,20260328,,,,,,,,,,,,,,,,,,,,,,,,
30028,1,20000123,畠山信一,ハタケヤマ　シンイチ,畠山信,3,岩手,19640311,2000,0,,,,,,,,,,20260328,,,,,,,,,,,,,,,,,,,,,,,,
30029,1,20040307,尾林幸二,オバヤシ　コウジ,尾林幸,3,兵庫,19650423,2004,0,,,,,,,,,,20260328,,,,,,,,,,,,,,,,,,,,,,,,
30030,1,20100704,浜口楠彦,ハマグチ　クスヒコ,浜口楠,3,笠松,19600328,2010,0,,,,,,,,,,20260328,,,,,,,,,,,,,,,,,,,,,,,,
30031,1,20001015,米山哲郎,ヨネヤマ　テツロウ,米山哲,3,愛知,19731008,2000,0,,,,,,,,,,20260328,,,,,,,,,,,,,,,,,,,,,,,,
30032,1,20000219,本間光雄,ホンマ　ミツオ,本間光,3,浦和,19511205,2000,0,,,,,,,,,,20260328,,,,,,,,,,,,,,,,,,,,,,,,
30033,1,20040112,木村芳晃,キムラ　ヨシアキ,木村芳,3,高崎,19570825,2004,0,,,,,,,,,,20260328,,,,,,,,,,,,,,,,,,,,,,,,
30034,1,20090117,有馬澄男,アリマ　スミオ,有馬澄,3,兵庫,19570509,2009,0,,,,,,,,,,20260328,,,,,,,,,,,,,,,,,,,,,,,,
30038,1,20001203,田部和広,タベ　カズヒロ,田部和,3,船橋,19530212,2000,0,,,,,,,,,,20260328,,,,,,,,,,,,,,,,,,,,,,,,
30065,0,20041204,野崎武司,ノザキ　タケシ,野崎武,3,川崎,19621101,2004,0,,,,,,,,,,20260328,,,,,,,,,,,,,,,,,,,,,,,,
30069,1,19920920,井手上慎一,イデウエ　シンイチ,井手上,3,愛知,19570721,1992,0,,,,,,,,,,20260328,,,,,,,,,,,,,,,,,,,,,,,,
30070,1,19920614,久保千秋,クボ　チアキ,久保千,3,,19651015,1992,0,,,,,,,,,,20260328,,,,,,,,,,,,,,,,,,,,,,,,
30071,1,20100411,桑島孝春,クワジマ　タカハル,桑島孝,3,船橋,19550131,2010,0,,,,,,,,,,20260328,,,,,,,,,,,,,,,,,,,,,,,,
30072,1,19920614,広森久雄,ヒロモリ　ヒサオ,広森久,3,,19560113,1992,0,,,,,,,,,,20260328,,,,,,,,,,,,,,,,,,,,,,,,
30073,1,19920627,長嶋和彦,ナガシマ　カズヒコ,長嶋和,3,金沢,19671217,1992,0,,,,,,,,,,20260328,,,,,,,,,,,,,,,,,,,,,,,,
30074,1,19920920,頼本盛行,ヨリモト　モリユキ,頼本盛,3,荒尾,19611027,1992,0,,,,,,,,,,20260328,,,,,,,,,,,,,,,,,,,,,,,,
30075,1,19930920,井上孝彦,イノウエ　タカヒコ,井上孝,3,,19610109,1993,0,,,,,,,,,,20260328,,,,,,,,,,,,,,,,,,,,,,,,
30076,1,20000812,吉井浩和,ヨシイ　ヒロカズ,吉井浩,3,荒尾,19660118,2000,0,,,,,,,,,,20260328,,,,,,,,,,,,,,,,,,,,,,,,
30078,1,19930718,古川哲也,フルカワ　テツヤ,古川哲,3,佐賀,19550114,1993,0,,,,,,,,,,20260328,,,,,,,,,,,,,,,,,,,,,,,,
30079,1,19930920,荒山勝徳,アラヤマ　カツノリ,荒山勝,3,大井,19681228,1993,0,,,,,,,,,,20260328,,,,,,,,,,,,,,,,,,,,,,,,
30080,1,19930613,佐々木一夫,ササキ　カズオ,佐々木,3,,19500928,1993,0,,,,,,,,,,20260328,,,,,,,,,,,,,,,,,,,,,,,,
30084,1,19930626,松原義夫,マツバラ　ヨシオ,松原義,3,,19590331,1993,0,,,,,,,,,,20260328,,,,,,,,,,,,,,,,,,,,,,,,
30086,1,19930613,鷹見浩,タカミ　ヒロシ,鷹見浩,3,大井,19651103,1993,0,,,,,,,,,,20260328,,,,,,,,,,,,,,,,,,,,,,,,
30087,1,19930725,鈴木春雄,スズキ　ハルオ,鈴木春,3,高崎,19490302,1993,0,,,,,,,,,,20260328,,,,,,,,,,,,,,,,,,,,,,,,
30090,1,20040411,佐藤隆,サトウ　タカシ,佐藤隆,3,船橋,19570609,2004,0,,,,,,,,,,20260328,,,,,,,,,,,,,,,,,,,,,,,,
30091,1,19940116,桜井今朝利,サクライ　ケサトシ,桜井今,3,,19640422,1994,0,,,,,,,,,,20260328,,,,,,,,,,,,,,,,,,,,,,,,
30092,1,19940627,山口健治,ヤマグチ　ケンジ,山口健,3,,19610312,1994,0,,,,,,,,,,20260328,,,,,,,,,,,,,,,,,,,,,,,,
30094,1,19940809,成松修一,ナリマツ　シュウイチ,成松修,3,佐賀,19730117,1994,0,,,,,,,,,,20260328,,,,,,,,,,,,,,,,,,,,,,,,
30095,1,19940613,村上正和,ムラカミ　マサカズ,村上正,3,,19620224,1994,0,,,,,,,,,,20260328,,,,,,,,,,,,,,,,,,,,,,,,
30096,1,19940116,大久保真二,オオクボ　シンジ,大久保,3,,19560609,1994,0,,,,,,,,,,20260328,,,,,,,,,,,,,,,,,,,,,,,,
30098,1,19940116,津野総夫,ツノ　フサオ,津野総,3,,19530817,1994,0,,,,,,,,,,20260328,,,,,,,,,,,,,,,,,,,,,,,,
30099,0,20190825,的場文男,マトバ　フミオ,的場文,3,大井,19560907,2019,0,,ダートなら差し馬でも持ってくる,20021225,,,,,,,20260328,,,,,,,,,,,,,,,,,,,,,,,,
30100,1,19950422,キム　チャン,キム　チャンオク,キム,3,,19610805,1995,0,,,,,,,,,,20260328,,,,,,,,,,,,,,,,,,,,,,,,
30101,1,19950218,久保田信之,クボタ　ノブユキ,久保田,3,大井,19660124,1995,0,,,,,,,,,,20260328,,,,,,,,,,,,,,,,,,,,,,,,
30102,1,19950827,高砂哲二,タカスナ　テツジ,高砂哲,3,,19520501,1995,0,,,,,,,,,,20260328,,,,,,,,,,,,,,,,,,,,,,,,
30103,0,20050130,早川順一,ハヤカワ　ジュンイチ,早川順,3,栃木,19600302,2005,0,,,,,,,,,,20260328,,,,,,,,,,,,,,,,,,,,,,,,
30104,1,19960325,パク　テージ,パク　テージョン,パク,3,韓国,19651220,1996,0,,,,,,,,,,20260328,,,,,,,,,,,,,,,,,,,,,,,,
30105,1,19960325,リー　ソンイ,リー　ソンイル,リー,3,韓国,19630915,1996,0,,,,,,,,,,20260328,,,,,,,,,,,,,,,,,,,,,,,,
30106,1,19960817,河津徳幸,カワヅ　ノリユキ,河津徳,3,佐賀,19591228,1996,0,,,,,,,,,,20260328,,,,,,,,,,,,,,,,,,,,,,,,
30107,1,19960928,宮浦正行,ミヤウラ　マサユキ,宮浦正,3,大井,19521120,1996,0,,,,,,,,,,20260328,,,,,,,,,,,,,,,,,,,,,,,,
30109,1,19960115,古性秀之,コショウ　ヒデユキ,古性秀,3,金沢,19610914,1996,0,,,,,,,,,,20260328,,,,,,,,,,,,,,,,,,,,,,,,
30110,1,20010513,高橋和宏,タカハシ　カズヒロ,高橋和,3,栃木,19660101,2001,0,,,,,,,,,,20260328,,,,,,,,,,,,,,,,,,,,,,,,
30111,1,19960825,川口道助,カワグチ　ミチスケ,川口道,3,荒尾,19680817,1996,0,,,,,,,,,,20260328,,,,,,,,,,,,,,,,,,,,,,,,
30112,1,20001125,早田秀治,ハヤタ　シュウジ,早田秀,3,大井,19600105,2000,0,,,,,,,,,,20260328,,,,,,,,,,,,,,,,,,,,,,,,
30113,0,00000000,内田博幸,ウチダ　ヒロユキ,内田博,1,,19700726,2008,0,,脚質に囚われず逃げ差し自在。さらに追える,20080710,51.0,0.0,0.0,19.0,6.0,0.0,20260328,,,,,,,,,,,,,,,,,,,,,,,,
30114,1,19960115,和田正美,ワダ　マサミ,和田正,3,荒尾,19601209,1996,0,,,,,,,,,,20260328,,,,,,,,,,,,,,,,,,,,,,,,
30115,1,19970331,チョン　チャ,チョン　チャンギ,チョン,3,韓国,19661204,1997,0,,,,,,,,,,20260328,,,,,,,,,,,,,,,,,,,,,,,,
30116,1,19970803,井上尊紀,イノウエ　タカノリ,井上尊,3,新潟,19681023,1997,0,,,,,,,,,,20260328,,,,,,,,,,,,,,,,,,,,,,,,
30117,1,19971018,榎本貴行,エノモト　ヨシユキ,榎本貴,3,愛知,19600330,1997,0,,,,,,,,,,20260328,,,,,,,,,,,,,,,,,,,,,,,,
30118,0,20190303,吉田順治,ヨシダ　ジユンジ,吉田順,3,佐賀,19680112,2019,0,,現状ではわからず,20020815,,,,,,,20260328,,,,,,,,,,,,,,,,,,,,,,,,
30119,1,20011021,熊木良介,クマキ　リヨウスケ,熊木良,3,金沢,19780321,2001,0,,,,,,,,,,20260328,,,,,,,,,,,,,,,,,,,,,,,,
30120,1,19971109,桑田豊,クワタ　ユタカ,桑田豊,3,浦和,19680711,1997,0,,,,,,,,,,20260328,,,,,,,,,,,,,,,,,,,,,,,,
30121,1,19970830,五十嵐剛紹,イガラシ　タケアキ,五十剛,3,上山,19600928,1997,0,,,,,,,,,,20260328,,,,,,,,,,,,,,,,,,,,,,,,
30122,1,20110917,山口竜一,ヤマグチ　リュウイチ,山口竜,3,北海,19640126,2011,0,,,,,,,,,,20260328,,,,,,,,,,,,,,,,,,,,,,,,
30123,1,20120616,小国博行,オグニ　ヒロユキ,小国博,3,北海,19661227,2012,0,,,,,,,,,,20260328,,,,,,,,,,,,,,,,,,,,,,,,
30124,1,19971019,水戸賢二,ミト　ケンジ,水戸賢,3,上山,19600101,1997,0,,,,,,,,,,20260328,,,,,,,,,,,,,,,,,,,,,,,,
30125,1,19971019,石井久治,イシイ　ヒサジ,石井久,3,新潟,19590524,1997,0,,,,,,,,,,20260328,,,,,,,,,,,,,,,,,,,,,,,,
30126,0,20141130,赤岡修次,アカオカ　シュウジ,赤岡修,3,高知,19770315,2014,0,,,,,,,,,,20260328,,,,,,,,,,,,,,,,,,,,,,,,
30127,1,20010721,千場俊彦,チバ　トシヒコ,千場俊,3,上山,19641109,2001,0,,,,,,,,,,20260328,,,,,,,,,,,,,,,,,,,,,,,,
30128,1,19971116,千田知幸,チダ　トモユキ,千田知,3,岩手,19560828,1997,0,,,,,,,,,,20260328,,,,,,,,,,,,,,,,,,,,,,,,
30129,1,19970727,大沢健司,オオサワ　ケンジ,大沢健,3,新潟,19670808,1997,0,,,,,,,,,,20260328,,,,,,,,,,,,,,,,,,,,,,,,
30130,1,19970216,藤江昭徳,フジエ　アキノリ,藤江昭,3,大井,19600525,1997,0,,,,,,,,,,20260328,,,,,,,,,,,,,,,,,,,,,,,,
30131,0,20120805,馬渕繁治,マブチ　シゲハル,馬渕繁,3,上山,19661015,2012,0,,,,,,,,,,20260328,,,,,,,,,,,,,,,,,,,,,,,,
30132,1,20060625,板垣吉則,イタガキ　ヨシノリ,板垣吉,3,岩手,19720903,2006,0,,,,,,,,,,20260328,,,,,,,,,,,,,,,,,,,,,,,,
30133,1,20060924,福重正吾,フクシゲ　ショウゴ,福重正,3,愛知,19710105,2006,0,,,,,,,,,,20260328,,,,,,,,,,,,,,,,,,,,,,,,
30134,1,19970622,堀千亜樹,ホリ　チアキ,堀千亜,3,大井,19610108,1997,0,,,,,,,,,,20260328,,,,,,,,,,,,,,,,,,,,,,,,
30135,1,20000326,河端秀俊,カワバタ　ヒデトシ,河端秀,3,愛知,19780228,2000,0,,,,,,,,,,20260328,,,,,,,,,,,,,,,,,,,,,,,,
30136,1,19980913,角川秀樹,カクガワ　ヒデキ,角川秀,3,北海,19591212,1998,0,,,,,,,,,,20260328,,,,,,,,,,,,,,,,,,,,,,,,
30137,1,20011118,関本淳,セキモト　アツシ,関本淳,3,上山,19650210,2001,0,,,,,,,,,,20260328,,,,,,,,,,,,,,,,,,,,,,,,
30138,1,20021020,宮下康一,ミヤシタ　コウイチ,宮下康,3,愛知,19740110,2002,0,,,,,,,,,,20260328,,,,,,,,,,,,,,,,,,,,,,,,
30139,1,20010630,栗林宏,クリバヤシ　ヒロシ,栗林宏,3,高崎,19621124,2001,0,,,,,,,,,,20260328,,,,,,,,,,,,,,,,,,,,,,,,
30140,1,19980613,荒井三千紀,クラチ　ミチノリ,荒井三,3,愛知,19640111,1998,0,,,,,,,,,,20260328,,,,,,,,,,,,,,,,,,,,,,,,
30141,1,19981128,荒巻透,アラマキ　トオル,荒巻透,3,愛知,19580127,1998,0,,,,,,,,,,20260328,,,,,,,,,,,,,,,,,,,,,,,,
30142,1,19981018,佐藤雅彦,サトウ　マサヒコ,佐藤雅,3,岩手,19610109,1998,0,,,,,,,,,,20260328,,,,,,,,,,,,,,,,,,,,,,,,
30143,1,19981226,三野宮通,サンノミヤ　トオル,三野宮,3,岩手,19600105,1998,0,,,,,,,,,,20260328,,,,,,,,,,,,,,,,,,,,,,,,
30144,1,19980905,山口高,ヤマグチ　タカシ,山口高,3,新潟,19710521,1998,0,,,,,,,,,,20260328,,,,,,,,,,,,,,,,,,,,,,,,
30145,1,20041204,柴田直樹,シバタ　ナオキ,柴田直,3,愛知,19770326,2004,0,,,,,,,,,,20260328,,,,,,,,,,,,,,,,,,,,,,,,
30146,0,20080719,秋田大助,アキタ　ダイスケ,秋田大,3,北海,19760323,2008,0,,,,,,,,,,20260328,,,,,,,,,,,,,,,,,,,,,,,,
30147,1,19980117,小山信行,オヤマ　ノブユキ,小山信,3,愛知,19681128,1998,0,,,,,,,,,,20260328,,,,,,,,,,,,,,,,,,,,,,,,
30149,1,20060827,小野望,オノ　ノゾミ,小野望,3,北海,19720309,2006,0,,,,,,,,,,20260328,,,,,,,,,,,,,,,,,,,,,,,,
30150,1,20010901,松本隆宏,マツモト　タカヒロ,松本隆,3,北海,19600918,2001,0,,,,,,,,,,20260328,,,,,,,,,,,,,,,,,,,,,,,,
30151,1,19981101,上村尚寛,カミムラ　タカヒロ,上村尚,3,川崎,19800303,1998,0,,,,,,,,,,20260328,,,,,,,,,,,,,,,,,,,,,,,,
30152,0,20060723,森下博,モリシタ　ヒロシ,森下博,3,川崎,19550504,2006,0,,,,,,,,,,20260328,,,,,,,,,,,,,,,,,,,,,,,,
30153,1,20020629,森川一二三,モリカワ　ヒフミ,森川一,3,北海,19540113,2002,0,,未知な部分多い。,20020815,,,,,,,20260328,,,,,,,,,,,,,,,,,,,,,,,,
30154,1,20001126,青木達彦,アオキ　タツヒコ,青木達,3,笠松,19640521,2000,0,,,,,,,,,,20260328,,,,,,,,,,,,,,,,,,,,,,,,
30155,1,20030607,石井勝男,イシイ　カツオ,石井勝,3,船橋,19720120,2003,0,,,,,,,,,,20260328,,,,,,,,,,,,,,,,,,,,,,,,
30156,1,19981227,石川夏子,イシカワ　ナツコ,石　川,3,岩手,19750712,1998,0,,,,,,,,,,20260328,,,,,,,,,,,,,,,,,,,,,,,,
30157,1,20061001,千葉津代士,チバ　ツヨシ,千葉津,3,北海,19641224,2006,0,,,,,,,,,,20260328,,,,,,,,,,,,,,,,,,,,,,,,
30158,0,20140816,長田進仁,ナガタ　ユキヒト,長田進,3,佐賀,19670201,2014,0,,,,,,,,,,20260328,,,,,,,,,,,,,,,,,,,,,,,,
30159,1,20011103,渡辺正治,ワタナベ　ショウジ,渡辺正,3,新潟,19561213,2001,0,,,,,,,,,,20260328,,,,,,,,,,,,,,,,,,,,,,,,
30160,1,19981121,白谷正美,シラタニ　マサミ,白谷正,3,上山,19591215,1998,0,,,,,,,,,,20260328,,,,,,,,,,,,,,,,,,,,,,,,
30161,1,19980524,半杭議,ハングイ　ハカル,半杭議,3,愛知,19590223,1998,0,,,,,,,,,,20260328,,,,,,,,,,,,,,,,,,,,,,,,
30162,1,19980222,飯泉之男,イイズミ　ユキオ,飯泉之,3,新潟,19570218,1998,0,,,,,,,,,,20260328,,,,,,,,,,,,,,,,,,,,,,,,
30163,1,20000514,富樫英利,トガシ　ヒデトシ,富樫英,3,上山,19591228,2000,0,,,,,,,,,,20260328,,,,,,,,,,,,,,,,,,,,,,,,
30164,1,19980919,柳沢好美,ヤナギサワ　ヨシミ,柳沢好,3,北海,19590110,1998,0,,,,,,,,,,20260328,,,,,,,,,,,,,,,,,,,,,,,,
30165,1,20060513,鈴木啓之,スズキ　ケイユキ,鈴木啓,3,大井,19650907,2006,0,,,,,,,,,,20260328,,,,,,,,,,,,,,,,,,,,,,,,
30166,0,20081124,阿部英俊,アベ　ヒデトシ,阿部英,3,岩手,19730305,2008,0,,,,,,,,,,20260328,,,,,,,,,,,,,,,,,,,,,,,,
30167,1,20120128,安部幸夫,アベ　ユキオ,安部幸,3,愛知,19680620,2012,0,,現状実態が分からず,20020815,,,,,,,20260328,,,,,,,,,,,,,,,,,,,,,,,,
30168,0,20190818,井上俊彦,イノウエ　トシヒコ,井上俊,3,北海,19650414,2019,0,,芝ではどんな馬でも外を回して差す,20020815,,,,,,,20260328,,,,,,,,,,,,,,,,,,,,,,,,
30169,0,20060930,宇都英樹,ウト　ヒデキ,宇都英,3,愛知,19680814,2006,0,,中央経験少なく,20080314,,,,,,,20260328,,,,,,,,,,,,,,,,,,,,,,,,
30170,1,20040112,横山克彦,ヨコヤマ　カツヒコ,横山克,3,高崎,19670123,2004,0,,,,,,,,,,20260328,,,,,,,,,,,,,,,,,,,,,,,,
30171,1,20011013,横山誠,ヨコヤマ　マコト,横山誠,3,笠松,19640210,2001,0,,,,,,,,,,20260328,,,,,,,,,,,,,,,,,,,,,,,,
30172,1,19990829,岡元隆太,オカモト　リユウタ,岡元隆,3,佐賀,19790828,1999,0,,,,,,,,,,20260328,,,,,,,,,,,,,,,,,,,,,,,,
30173,1,20050911,岡島玉一,オカジマ　タマカズ,岡島玉,3,北海,19551201,2005,0,,,,,,,,,,20260328,,,,,,,,,,,,,,,,,,,,,,,,
30174,0,20240504,岡部誠,オカベ　マコト,岡部誠,3,愛知,19770303,2024,0,,思い切って逃げれば穴馬でも。,20080626,,,,,,,20260328,,,,,,,,,,,,,,,,,,,,,,,,
30175,1,20070811,下條知之,シモジヨウ　トモユキ,下條知,3,佐賀,19790928,2007,0,,,,,,,,,,20260328,,,,,,,,,,,,,,,,,,,,,,,,
30176,1,19990522,加藤和宏地方,カトウ　カズヒロ,加藤地,3,高崎,19531113,1999,0,,,,,,,,,,20260328,,,,,,,,,,,,,,,,,,,,,,,,
30177,1,19991211,河津裕昭,カワツ　ヒロアキ,河津裕,3,川崎,19660806,1999,0,,,,,,,,,,20260328,,,,,,,,,,,,,,,,,,,,,,,,
30178,1,19991204,関本浩司,セキモト　コウジ,関本浩,3,岩手,19670610,1999,0,,,,,,,,,,20260328,,,,,,,,,,,,,,,,,,,,,,,,
30179,0,20040612,関本秀幸,セキモト　ヒデユキ,関本秀,3,上山,19710502,2004,0,,,,,,,,,,20260328,,,,,,,,,,,,,,,,,,,,,,,,
30180,1,20050129,丸山侯彦,マルヤマ　ヨシヒコ,丸山侯,3,高崎,19641112,2005,0,,お手馬はタマルファイター,20020815,,,,,,,20260328,,,,,,,,,,,,,,,,,,,,,,,,
30181,0,20260322,丸野勝虎,マルノ　カツト,丸野勝,3,愛知,19740813,2026,0,,,,,0.0,0.0,,0.0,0.0,20260328,,,,,,,,,,,,,,,,,,,,,,,,
30182,0,00000000,岩田康誠,イワタ　ヤスナリ,岩田康,2,,19740312,2006,0,,差し馬への乗り替わりは届かない競馬が目立,20080626,23.0,2.0,1.0,15.0,11.0,2.0,20260328,,,,,,,,,,,,,,,,,,,,,,,,
30183,1,19991211,岩本清隆,イワモト　キヨタカ,岩本清,3,荒尾,19660328,1999,0,,,,,,,,,,20260328,,,,,,,,,,,,,,,,,,,,,,,,
30184,1,20040529,久保田政弘,クボタ　マサヒロ,久保政,3,高崎,19681018,2004,0,,,,,,,,,,20260328,,,,,,,,,,,,,,,,,,,,,,,,
30185,0,20030719,宮下瞳,ミヤシタ　ヒトミ,宮下瞳,3,愛知,19770531,2003,0,,,,,,,,,,20260328,,,,,,,,,,,,,,,,,,,,,,,,
30186,0,20190818,宮崎光行,ミヤザキ　ミツユキ,宮崎光,3,北海,19661124,2019,0,,やや騎乗が無難過ぎる印象で勝負勘に疎い,20020815,,,,,,,20260328,,,,,,,,,,,,,,,,,,,,,,,,
30187,1,19990523,橋尚也,ハシ　ナオヤ,橋尚也,3,浦和,19690912,1999,0,,,,,,,,,,20260328,,,,,,,,,,,,,,,,,,,,,,,,
30188,1,19990821,橋本幸次郎,ハシモト　コウジロウ,橋本幸,3,荒尾,19620927,1999,0,,,,,,,,,,20260328,,,,,,,,,,,,,,,,,,,,,,,,
30189,1,20050129,金井正幸,カナイ　マサユキ,金井正,3,高崎,19601024,2005,0,,,,,,,,,,20260328,,,,,,,,,,,,,,,,,,,,,,,,
30190,0,20060521,見沢譲治,ミサワ　ジョウジ,見沢譲,3,浦和,19620313,2006,0,,,,,,,,,,20260328,,,,,,,,,,,,,,,,,,,,,,,,
30191,0,20040807,古泉悟,コイズミ　サトル,古泉悟,3,荒尾,19661014,2004,0,,,,,,,,,,20260328,,,,,,,,,,,,,,,,,,,,,,,,
30192,0,20190818,五十嵐冬樹,イガラシ　フユキ,五十冬,3,北海,19750930,2019,0,,騎乗にロスがないしかなりきっちり追える,20020815,,,,,,,20260328,,,,,,,,,,,,,,,,,,,,,,,,
30193,1,20021124,国信満,クニノブ　ミツル,国信満,3,北海,19550726,2002,0,,,,,,,,,,20260328,,,,,,,,,,,,,,,,,,,,,,,,
30194,0,20170820,佐々木国明,ササキ　クニアキ,佐々国,3,北海,19780322,2017,0,,,,,,,,,,20260328,,,,,,,,,,,,,,,,,,,,,,,,
30195,1,20040918,佐々木明美,ササキ　アケミ,佐々明,3,北海,19750612,2004,0,,,,,,,,,,20260328,,,,,,,,,,,,,,,,,,,,,,,,
30196,1,20000618,佐宗応和,サソウ　タカカズ,佐宗応,3,大井,19690124,2000,0,,,,,,,,,,20260328,,,,,,,,,,,,,,,,,,,,,,,,
30197,1,19991218,佐川久芳,サガワ　ヒサヨシ,佐川久,3,高崎,19610214,1999,0,,,,,,,,,,20260328,,,,,,,,,,,,,,,,,,,,,,,,
30198,1,19991009,佐藤庄一郎,サトウ　シヨウイチロウ,佐藤庄,3,上山,19560212,1999,0,,,,,,,,,,20260328,,,,,,,,,,,,,,,,,,,,,,,,
30199,1,20060528,佐藤祐樹,サトウ　ユウキ,佐藤祐,3,船橋,19680201,2006,0,,,,,,,,,,20260328,,,,,,,,,,,,,,,,,,,,,,,,
30200,0,20181104,左海誠二,サカイ　セイジ,左海誠,3,船橋,19750504,2018,0,,,,,,,,,,20260328,,,,,,,,,,,,,,,,,,,,,,,,
30201,0,20110917,坂下秀樹,サカシタ　ヒデキ,坂下秀,3,北海,19690131,2011,0,,,,,,,,,,20260328,,,,,,,,,,,,,,,,,,,,,,,,
30202,1,19991204,坂口義幸,サカグチ　ヨシユキ,坂口義,3,愛知,19621001,1999,0,,,,,,,,,,20260328,,,,,,,,,,,,,,,,,,,,,,,,
30203,1,20010325,坂口重政,サカグチ　シゲマサ,坂口重,3,笠松,19600920,2001,0,,,,,,,,,,20260328,,,,,,,,,,,,,,,,,,,,,,,,
30204,0,20070805,桜井拓章,サクライ　ヒロアキ,桜井拓,3,北海,19730217,2007,0,,道中のロスが大きそうで馬の消耗度大きい,20020815,,,,,,,20260328,,,,,,,,,,,,,,,,,,,,,,,,
30205,0,20200815,鮫島克也,サメシマ　カツヤ,鮫島也,3,佐賀,19630130,2020,0,,,,,,,,,,20260328,,,,,,,,,,,,,,,,,,,,,,,,
30206,1,20030622,山崎真輝,ヤマサキ　マサテル,山崎真,3,笠松,19740807,2003,0,,,,,,,,,,20260328,,,,,,,,,,,,,,,,,,,,,,,,
30207,1,20010715,山田延由,ヤマダ　ノブヨシ,山田延,3,上山,19630224,2001,0,,,,,,,,,,20260328,,,,,,,,,,,,,,,,,,,,,,,,
30208,1,20101023,山田信大,ヤマダ　ノブヒロ,山田信,3,船橋,19740308,2010,0,,,,,,,,,,20260328,,,,,,,,,,,,,,,,,,,,,,,,
30209,1,20010825,山田和久,ヤマダ　カズヒサ,山田久,3,北海,19680523,2001,0,,,,,,,,,,20260328,,,,,,,,,,,,,,,,,,,,,,,,
30210,1,19990905,山本泉,ヤマモト　イズミ,山本泉,3,新潟,19750324,1999,0,,,,,,,,,,20260328,,,,,,,,,,,,,,,,,,,,,,,,
30211,1,19990814,酒井作男,サカイ　サクオ,酒井作,3,北海,19600717,1999,0,,,,,,,,,,20260328,,,,,,,,,,,,,,,,,,,,,,,,
30212,1,19990619,酒井章,サカイ　アキラ,酒井章,3,北海,19560508,1999,0,,,,,,,,,,20260328,,,,,,,,,,,,,,,,,,,,,,,,
30213,0,20100807,酒井忍,サカイ　シノブ,酒井忍,3,川崎,19730108,2010,0,,中央での騎乗、若干増える,20021225,,,,,,,20260328,,,,,,,,,,,,,,,,,,,,,,,,
30214,1,20050917,渋谷裕喜,シブヤ　ヒロキ,渋谷裕,3,北海,19710707,2005,0,,,,,,,,,,20260328,,,,,,,,,,,,,,,,,,,,,,,,
30215,1,19991128,小田部雪,コタベ　ユキ,小田部,3,中津,19760604,1999,0,,,,,,,,,,20260328,,,,,,,,,,,,,,,,,,,,,,,,
30216,1,20011020,小野輝彦,オノ　テルヒコ,小野輝,3,新潟,19750220,2001,0,,,,,,,,,,20260328,,,,,,,,,,,,,,,,,,,,,,,,
30217,1,20081207,小林俊彦,コバヤシ　トシヒコ,小林俊,3,岩手,19650326,2008,0,,,,,,,,,,20260328,,,,,,,,,,,,,,,,,,,,,,,,
30218,1,20020915,沼沢英知,ヌマザワ　ヒデトモ,沼沢英,3,北海,19670705,2002,0,,,,,,,,,,20260328,,,,,,,,,,,,,,,,,,,,,,,,
30219,1,20030524,上松瀬竜一,カミマツセ　リユウイチ,上松瀬,3,愛知,19790513,2003,0,,,,,,,,,,20260328,,,,,,,,,,,,,,,,,,,,,,,,
30220,1,20011201,深見明宏,フカミ　アキヒロ,深見明,3,愛知,19671124,2001,0,,,,,,,,,,20260328,,,,,,,,,,,,,,,,,,,,,,,,
30221,1,19991120,菅原雅文,スガワラ　マサフミ,菅原雅,3,岩手,19731218,1999,0,,,,,,,,,,20260328,,,,,,,,,,,,,,,,,,,,,,,,
30222,1,20010922,星野純一,ホシノ　ジュンイチ,星野純,3,北海,19731006,2001,0,,,,,,,,,,20260328,,,,,,,,,,,,,,,,,,,,,,,,
30223,1,20040626,西康志,ニシ　ヤスシ,西康志,3,岩手,19631009,2004,0,,,,,,,,,,20260328,,,,,,,,,,,,,,,,,,,,,,,,
30224,1,20101003,斉藤正弘,サイトウ　マサヒロ,斉藤正,3,北海,19720203,2010,0,,最初から無理に行かない。流れを見るタイプ,20020815,,,,,,,20260328,,,,,,,,,,,,,,,,,,,,,,,,
30225,1,20020316,斉藤誠,サイトウ　マコト,斉藤誠,3,高崎,19620307,2002,0,,,,,,,,,,20260328,,,,,,,,,,,,,,,,,,,,,,,,
30226,1,20040920,仙道光男,センドウ　ミツオ,仙道光,3,笠松,19591103,2004,0,,,,,,,,,,20260328,,,,,,,,,,,,,,,,,,,,,,,,
30227,1,20120729,川島雅人,カワシマ　マサト,川島雅,3,北海,19730225,2012,0,,,,,,,,,,20260328,,,,,,,,,,,,,,,,,,,,,,,,
30228,1,20110821,川島洋人,カワシマ　ヒロト,川島洋,3,北海,19701209,2011,0,,確り馬群捌けるし、かなり強めに追える,20020815,,,,,,,20260328,,,,,,,,,,,,,,,,,,,,,,,,
30229,1,20060805,川野幸治,カワノ　コウジ,川野幸,3,佐賀,19720308,2006,0,,,,,,,,,,20260328,,,,,,,,,,,,,,,,,,,,,,,,
30230,0,20031109,前野幸一,マエノ　コウイチ,前野幸,3,上山,19640706,2003,0,,,,,,,,,,20260328,,,,,,,,,,,,,,,,,,,,,,,,
30231,1,20091101,村松学,ムラマツ　マナブ,村松学,3,岩手,19770120,2009,0,,,,,,,,,,20260328,,,,,,,,,,,,,,,,,,,,,,,,
30232,1,20020824,大枝幹也,オオエダ　ミキヤ,大枝幹,3,上山,19601108,2002,0,,,,,,,,,,20260328,,,,,,,,,,,,,,,,,,,,,,,,
30233,1,19990822,大沢信夫,オオサワ　ノブオ,大沢信,3,新潟,19690323,1999,0,,,,,,,,,,20260328,,,,,,,,,,,,,,,,,,,,,,,,
30234,0,20070602,大塚研司,オオツカ　ケンジ,大塚研,3,笠松,19760317,2007,0,,,,,,,,,,20260328,,,,,,,,,,,,,,,,,,,,,,,,
30235,1,20031012,沢田盛夫利,サワダ　サオリ,沢田盛,3,岩手,19710116,2003,0,,,,,,,,,,20260328,,,,,,,,,,,,,,,,,,,,,,,,
30236,1,20050911,竹内仁志,タケウチ　ヒトシ,竹内仁,3,北海,19691011,2005,0,,,,,,,,,,20260328,,,,,,,,,,,,,,,,,,,,,,,,
30237,0,20080119,中越豊光,ナカゴシ　トヨミツ,中越豊,3,兵庫,19741108,2008,0,,,,,,,,,,20260328,,,,,,,,,,,,,,,,,,,,,,,,
30238,1,20060909,中村裕司,ナカムラ　ユウジ,中村裕,3,北海,19820119,2006,0,,,,,,,,,,20260328,,,,,,,,,,,,,,,,,,,,,,,,
30239,1,19990829,中島裕明,ナカシマ　ヒロアキ,中島裕,3,荒尾,19761223,1999,0,,,,,,,,,,20260328,,,,,,,,,,,,,,,,,,,,,,,,
30240,1,20130324,張田京,ハリタ　タカシ,張田京,3,船橋,19640327,2013,0,,,,,,,,,,20260328,,,,,,,,,,,,,,,,,,,,,,,,
30241,0,20031109,長橋秀樹,ナガハシ　ヒデキ,長橋秀,3,上山,19711222,2003,0,,,,,,,,,,20260328,,,,,,,,,,,,,,,,,,,,,,,,
30242,1,19990918,長山光則,ナガヤマ　ミツノリ,長山光,3,北海,19740207,1999,0,,,,,,,,,,20260328,,,,,,,,,,,,,,,,,,,,,,,,
30243,1,20020324,長谷川太行,ハセガワ　モトユキ,長谷川,3,笠松,19730224,2002,0,,,,,,,,,,20260328,,,,,,,,,,,,,,,,,,,,,,,,
30244,1,20020331,渡辺正彦,ワタナベ　マサヒコ,渡辺正,3,岩手,19670101,2002,0,,,,,,,,,,20260328,,,,,,,,,,,,,,,,,,,,,,,,
30245,1,20050904,渡辺壮,ワタナベ　タケシ,渡辺壮,3,金沢,19680107,2005,0,,,,,,,,,,20260328,,,,,,,,,,,,,,,,,,,,,,,,
30246,1,19991127,東真市,ヒガシ　シンイチ,東真市,3,佐賀,19720116,1999,0,,,,,,,,,,20260328,,,,,,,,,,,,,,,,,,,,,,,,
30247,0,20170128,東川公則,ヒガシカワ　マサノリ,東川公,3,笠松,19690906,2017,0,,,,,,,,,,20260328,,,,,,,,,,,,,,,,,,,,,,,,
30248,1,19990221,藤原良一,フジハラ　リョウイチ,藤原良,3,愛知,19711104,1999,0,,,,,,,,,,20260328,,,,,,,,,,,,,,,,,,,,,,,,
30249,1,20050903,藤倉寛幸,フジクラ　ヒロユキ,藤倉寛,3,北海,19711222,2005,0,,,,,,,,,,20260328,,,,,,,,,,,,,,,,,,,,,,,,
30250,1,20010826,堂山直樹,ドウヤマ　ナオキ,堂山直,3,北海,19721004,2001,0,,気性悪い馬ながらもスムーズに持ってきた,20020815,,,,,,,20260328,,,,,,,,,,,,,,,,,,,,,,,,
30251,1,20000930,徳江涼,トクエ　リョウ,徳江涼,3,高崎,19770227,2000,0,,,,,,,,,,20260328,,,,,,,,,,,,,,,,,,,,,,,,
30252,1,20010120,内沢信昭,ウチザワ　ノブアキ,内沢信,3,愛知,19560819,2001,0,,,,,,,,,,20260328,,,,,,,,,,,,,,,,,,,,,,,,
30253,0,20070630,内田利雄,ウチダ　トシオ,内田利,3,兵庫,19611005,2007,0,,このところ中央で有力馬への騎乗目立つ,20021028,,,,,,,20260328,,,,,,,,,,,,,,,,,,,,,,,,
30254,0,20070211,南郷家全,ナンゴウ　カゼン,南郷家,3,岩手,19770322,2007,0,,,,,,,,,,20260328,,,,,,,,,,,,,,,,,,,,,,,,
30255,1,20030921,平松徳彦,ヒラマツ　ノリヒコ,平松徳,3,兵庫,19621217,2003,0,,未知な部分多い。,20020815,,,,,,,20260328,,,,,,,,,,,,,,,,,,,,,,,,
30256,1,20010923,米川昇,ヨネカワ　ノボル,米川昇,3,北海,19600327,2001,0,,,,,,,,,,20260328,,,,,,,,,,,,,,,,,,,,,,,,
30257,1,20010513,米田弘一,ヨネダ　コウイチ,米田弘,3,高崎,19730402,2001,0,,,,,,,,,,20260328,,,,,,,,,,,,,,,,,,,,,,,,
30258,1,19990725,米田真由美,ヨネダ　マユミ,米田真,3,高崎,19740227,1999,0,,,,,,,,,,20260328,,,,,,,,,,,,,,,,,,,,,,,,
30259,1,20050827,北村欣也,キタムラ　キンヤ,北村欣,3,佐賀,19640905,2005,0,,,,,,,,,,20260328,,,,,,,,,,,,,,,,,,,,,,,,
30260,0,20090228,牧野孝光,マキノ　タカミツ,牧野孝,3,荒尾,19640114,2009,0,,,,,,,,,,20260328,,,,,,,,,,,,,,,,,,,,,,,,
30261,1,20041211,茂呂菊次郎,モロ　キクジロウ,茂呂菊,3,高崎,19620227,2004,0,,,,,,,,,,20260328,,,,,,,,,,,,,,,,,,,,,,,,
30262,1,19991204,矢菅清志,ヤスゲ　キヨシ,矢菅清,3,高崎,19650517,1999,0,,,,,,,,,,20260328,,,,,,,,,,,,,,,,,,,,,,,,
30263,1,20080510,矢内博,ヤウチ　ヒロシ,矢内博,3,船橋,19560110,2008,0,,,,,,,,,,20260328,,,,,,,,,,,,,,,,,,,,,,,,
30264,0,20040515,鈴木正,スズキ　タダシ,鈴木正,3,栃木,19610912,2004,0,,,,,,,,,,20260328,,,,,,,,,,,,,,,,,,,,,,,,
30265,1,19990530,圓田修,マルタ　オサム,圓田修,3,愛知,19570825,1999,0,,,,,,,,,,20260328,,,,,,,,,,,,,,,,,,,,,,,,
30266,1,20000220,唐津洋介,カラツ　ヨウスケ,唐津洋,3,笠松,19781101,2000,0,,,,,,,,,,20260328,,,,,,,,,,,,,,,,,,,,,,,,
30267,1,20010203,石川浩文,イシカワ　ヒロフミ,石川浩,3,佐賀,19630118,2001,0,,,,,,,,,,20260328,,,,,,,,,,,,,,,,,,,,,,,,
30268,1,20111120,赤木高太郎,アカギ　コウタロウ,赤木高,2,,19700121,2004,0,,常に内を突くので不利受ける危険あり,20070723,,,,,,,20260328,,,,,,,,,,,,,,,,,,,,,,,,
30269,1,20000917,高木健,タカギ　ケン,高木健,3,笠松,19641116,2000,0,,,,,,,,,,20260328,,,,,,,,,,,,,,,,,,,,,,,,
30270,1,20010506,小林真治,コバヤシ　シンジ,小林真,3,浦和,19600306,2001,0,,,,,,,,,,20260328,,,,,,,,,,,,,,,,,,,,,,,,
30271,1,20110702,北野真弘,キタノ　マサヒロ,北野真,3,兵庫,19690829,2011,0,,,,,,,,,,20260328,,,,,,,,,,,,,,,,,,,,,,,,
30272,0,20220827,山口勲,ヤマグチ　イサオ,山口勲,3,佐賀,19700328,2022,0,,,,,,,,,,20260328,,,,,,,,,,,,,,,,,,,,,,,,
30373,0,20170212,今野忠成,コンノ　タダナリ,今野忠,3,川崎,19770304,2017,0,,,,,,,,,,20260328,,,,,,,,,,,,,,,,,,,,,,,,
30374,1,20000423,赤見千尋,アカミ　チヒロ,赤見千,3,高崎,19780202,2000,0,,,,,,,,,,20260328,,,,,,,,,,,,,,,,,,,,,,,,
30375,1,20000423,満田英樹,ミツダ　ヒデキ,満田英,3,愛知,19811214,2000,0,,,,,,,,,,20260328,,,,,,,,,,,,,,,,,,,,,,,,
30376,1,20000423,小野敦,オノ　アツシ,小野敦,3,愛知,19720109,2000,0,,,,,,,,,,20260328,,,,,,,,,,,,,,,,,,,,,,,,
30377,1,20060917,中川雅之,ナカガワ　マサユキ,中川雅,3,金沢,19630131,2006,0,,,,,,,,,,20260328,,,,,,,,,,,,,,,,,,,,,,,,
30378,1,20231231,柴山雄一,シバヤマ　ユウイチ,柴山雄,1,,19780219,2005,0,,,,,,,,,,20260328,,,,,,,,,,,,,,,,,,,,,,,,
30379,1,20050521,竹下太,タケシタ　フトシ,竹下太,3,愛知,19630329,2005,0,,１鞍しか見ていないがコーナーリング上手で,20020815,,,,,,,20260328,,,,,,,,,,,,,,,,,,,,,,,,
30380,0,20240511,加藤和博,カトウ　カズヒロ,加藤博,3,浦和,19760925,2024,0,,中央馬の騎乗なく、まだわからない,20020815,,,,,,,20260328,,,,,,,,,,,,,,,,,,,,,,,,
30381,1,20040328,秋田実,アキタ　ミノル,秋田実,3,船橋,19580614,2004,0,,,,,,,,,,20260328,,,,,,,,,,,,,,,,,,,,,,,,
30382,0,20050918,吉田隆二,ヨシダ　リユウジ,吉田隆,3,荒尾,19651031,2005,0,,,,,,,,,,20260328,,,,,,,,,,,,,,,,,,,,,,,,
30383,1,20060812,権藤学,ゴンドウ　マナブ,権藤学,3,佐賀,19731011,2006,0,,,,,,,,,,20260328,,,,,,,,,,,,,,,,,,,,,,,,
30384,1,20100814,山下貴光,ヤマシタ　タカミツ,山下貴,3,佐賀,19710915,2010,0,,,,,,,,,,20260328,,,,,,,,,,,,,,,,,,,,,,,,
30385,1,20000819,細原邦央,ホソハラ　クニオ,細原邦,3,荒尾,19820216,2000,0,,,,,,,,,,20260328,,,,,,,,,,,,,,,,,,,,,,,,
30386,1,20001104,山本裕次郎,ヤマモト　ユウジロウ,山本裕,3,岩手,19741215,2000,0,,,,,,,,,,20260328,,,,,,,,,,,,,,,,,,,,,,,,
30387,0,20141109,木村健,キムラ　タケシ,木村健,3,兵庫,19750816,2014,0,,現状ではわからず,20020815,,,,,,,20260328,,,,,,,,,,,,,,,,,,,,,,,,
30388,0,20080517,桑野等,クワノ　ヒトシ,桑野等,3,金沢,19640209,2008,0,,,,,,,,,,20260328,,,,,,,,,,,,,,,,,,,,,,,,
30389,1,20001104,鈴木勝,スズキ　マサル,鈴木勝,3,上山,19800313,2000,0,,,,,,,,,,20260328,,,,,,,,,,,,,,,,,,,,,,,,
30390,1,20001104,菅原幸弘,スガワラ　ユキヒロ,菅原幸,3,岩手,19760929,2000,0,,,,,,,,,,20260328,,,,,,,,,,,,,,,,,,,,,,,,
30391,1,20001111,保利良平,ホリ　リヨウヘイ,保利良,3,兵庫,19780627,2000,0,,まだわからず,20020815,,,,,,,20260328,,,,,,,,,,,,,,,,,,,,,,,,
30392,1,20041003,蔵重浩一郎,クラシゲ　コウイチロウ,蔵重浩,3,金沢,19711210,2004,0,,地方馬の騎乗しかなく判断つかず,20020815,,,,,,,20260328,,,,,,,,,,,,,,,,,,,,,,,,
30393,0,20200320,佐藤友則,サトウ　トモノリ,佐藤友,3,笠松,19820323,2020,0,,,,,,,,,,20260328,,,,,,,,,,,,,,,,,,,,,,,,
30394,0,20200223,繁田健一,シゲタ　ケンイチ,繁田健,3,浦和,19810111,2020,0,,,,,,,,,,20260328,,,,,,,,,,,,,,,,,,,,,,,,
30395,1,20080705,松平幸秀,マツヒラ　ユキヒデ,松平幸,3,兵庫,19690331,2008,0,,,,,,,,,,20260328,,,,,,,,,,,,,,,,,,,,,,,,
30396,1,20010204,岡村裕基,オカムラ　ヒロキ,岡村裕,3,川崎,19710316,2001,0,,,,,,,,,,20260328,,,,,,,,,,,,,,,,,,,,,,,,
30397,1,20030809,安東章,アンドウ　アキラ,安東章,3,佐賀,19720604,2003,0,,,,,,,,,,20260328,,,,,,,,,,,,,,,,,,,,,,,,
30398,1,20010303,田中浩晃,タナカ　ヒロアキ,田中浩,3,愛知,19770106,2001,0,,,,,,,,,,20260328,,,,,,,,,,,,,,,,,,,,,,,,
30399,0,20040201,高山伸一,タカヤマ　シンイチ,高山伸,3,荒尾,19641013,2004,0,,,,,,,,,,20260328,,,,,,,,,,,,,,,,,,,,,,,,
30400,1,20031116,藤川洋一郎,フジカワ　ヨウイチロウ,藤川洋,3,金沢,19740128,2003,0,,,,,,,,,,20260328,,,,,,,,,,,,,,,,,,,,,,,,
30401,1,20010617,森田直哉,モリタ　ナオヤ,森田直,3,佐賀,19791024,2001,0,,,,,,,,,,20260328,,,,,,,,,,,,,,,,,,,,,,,,
30402,1,20011104,須田英之,スダ　ヒデユキ,須田英,3,上山,19690127,2001,0,,,,,,,,,,20260328,,,,,,,,,,,,,,,,,,,,,,,,
30403,0,20050710,佐藤博紀,サトウ　ヒロノリ,佐藤博,3,川崎,19790618,2005,0,,,,,,,,,,20260328,,,,,,,,,,,,,,,,,,,,,,,,
30404,0,20110213,松浦政宏,マツウラ　マサヒロ,松浦政,3,兵庫,19731201,2011,0,,,,,,,,,,20260328,,,,,,,,,,,,,,,,,,,,,,,,
30405,1,20010603,久保秀男,クボ　ヒデオ,久保秀,3,川崎,19630313,2001,0,,,,,,,,,,20260328,,,,,,,,,,,,,,,,,,,,,,,,
30406,0,20250830,服部茂史,ハットリ　タカフミ,服部茂,3,北海,19760314,2025,0,,芝と相性が悪いのか芝に慣れてないのか,20020815,,,,,0.0,0.0,20260328,,,,,,,,,,,,,,,,,,,,,,,,
30407,0,20040229,鈴木義久,スズキ　ヨシヒサ,鈴木義,3,上山,19751010,2004,0,,,,,,,,,,20260328,,,,,,,,,,,,,,,,,,,,,,,,
30408,1,20020804,井上悦児,イノウエ　エツジ,井上悦,3,佐賀,19760117,2002,0,,,,,,,,,,20260328,,,,,,,,,,,,,,,,,,,,,,,,
30409,1,20010721,小野寺功,オノデラ　イサオ,小野功,3,岩手,19710427,2001,0,,,,,,,,,,20260328,,,,,,,,,,,,,,,,,,,,,,,,
30410,1,20010805,根岸良昌,ネギシ　ヨシマサ,根岸良,3,高崎,19681121,2001,0,,,,,,,,,,20260328,,,,,,,,,,,,,,,,,,,,,,,,
30411,1,20040808,新原健伸,ニイハラ　ケンシン,新原健,3,佐賀,19780111,2004,0,,,,,,,,,,20260328,,,,,,,,,,,,,,,,,,,,,,,,
30412,1,20010819,山本登志彦,ヤマモト　トシヒコ,山本登,3,金沢,19680429,2001,0,,,,,,,,,,20260328,,,,,,,,,,,,,,,,,,,,,,,,
30413,0,20030809,新町充寿,シンマチ　ミツヒサ,新町充,3,荒尾,19780329,2003,0,,,,,,,,,,20260328,,,,,,,,,,,,,,,,,,,,,,,,
30414,0,20130428,村上忍,ムラカミ　シノブ,村上忍,3,岩手,19770204,2013,0,,騎乗が雑でワンメソッド気味,20020815,,,,,,,20260328,,,,,,,,,,,,,,,,,,,,,,,,
30415,1,20020914,板倉範明,イタクラ　ノリアキ,板倉範,3,北海,19810702,2002,0,,,,,,,,,,20260328,,,,,,,,,,,,,,,,,,,,,,,,
30416,0,20100529,米倉知,ヨネクラ　サトシ,米倉知,3,金沢,19751126,2010,0,,,,,,,,,,20260328,,,,,,,,,,,,,,,,,,,,,,,,
30417,0,20040306,大木義一,オオキ　ヨシカズ,大木義,3,足利,19700508,2004,0,,,,,,,,,,20260328,,,,,,,,,,,,,,,,,,,,,,,,
30418,0,20240810,吉原寛人,ヨシハラ　ヒロト,吉原寛,3,金沢,19831026,2024,0,,,,,,,,,,20260328,,,,,,,,,,,,,,,,,,,,,,,,
30419,1,20011111,葛山晃平,カツラヤマ　コウヘイ,葛山晃,3,岩手,19791207,2001,0,,,,,,,,,,20260328,,,,,,,,,,,,,,,,,,,,,,,,
30420,0,20130707,吉田晃浩,ヨシダ　アキヒロ,吉田晃,3,金沢,19811027,2013,0,,,,,,,,,,20260328,,,,,,,,,,,,,,,,,,,,,,,,
30421,1,20020503,青山裕一,アオヤマ　ユウイチ,青山裕,3,兵庫,19800929,2002,0,,,,,,,,,,20260328,,,,,,,,,,,,,,,,,,,,,,,,
30422,0,20190526,永島太郎,ナガシマ　タロウ,永島太,3,兵庫,19740128,2019,0,,,,,,,,,,20260328,,,,,,,,,,,,,,,,,,,,,,,,
30423,1,20011209,田辺弘,タナベ　ヒロシ,田辺弘,3,笠松,19750209,2001,0,,,,,,,,,,20260328,,,,,,,,,,,,,,,,,,,,,,,,
30424,1,20011216,上川将幸,カミカワ　カツユキ,上川将,3,兵庫,19741112,2001,0,,,,,,,,,,20260328,,,,,,,,,,,,,,,,,,,,,,,,
30425,0,20041031,平沢則雄,ヒラサワ　ノリオ,平沢則,3,栃木,19571121,2004,0,,,,,,,,,,20260328,,,,,,,,,,,,,,,,,,,,,,,,
30426,1,20020106,丸山弘之,マルヤマ　ヒロユキ,丸山弘,3,高崎,19580201,2002,0,,,,,,,,,,20260328,,,,,,,,,,,,,,,,,,,,,,,,
30427,1,20021020,三上智也,ミカミ　トモヤ,三上智,3,足利,19740710,2002,0,,,,,,,,,,20260328,,,,,,,,,,,,,,,,,,,,,,,,
30428,1,20070210,小牧毅,コマキ　ツヨシ,小牧毅,3,兵庫,19710413,2007,0,,まだまだ太との差は縮まらず,20021225,,,,,,,20260328,,,,,,,,,,,,,,,,,,,,,,,,
30429,1,20020602,丹羽克輝,ニワ　カツキ,丹羽克,3,愛知,19590316,2002,0,,,,,,,,,,20260328,,,,,,,,,,,,,,,,,,,,,,,,
30430,1,20020622,米田幸治,ヨネダ　コウジ,米田幸,3,,19670926,2002,0,,,,,,,,,,20260328,,,,,,,,,,,,,,,,,,,,,,,,
30431,1,20020713,五十嵐恭平,イガラシ　キョウヘイ,五十恭,3,上山,19831206,2002,0,,,,,,,,,,20260328,,,,,,,,,,,,,,,,,,,,,,,,
30432,0,20260124,下原理,シモハラ　オサム,下原理,3,兵庫,19770903,2026,0,,,,,0.0,0.0,,,,20260328,,,,,,,,,,,,,,,,,,,,,,,,
30433,0,20230813,倉富隆一郎,クラトミ　リユウイチロウ,倉富隆,3,佐賀,19790425,2023,0,,,,,,,,,,20260328,,,,,,,,,,,,,,,,,,,,,,,,
30434,1,20020803,尾林幸彦,オバヤシ　ユキヒコ,尾林幸,3,中津,19630317,2002,0,,,,,,,,,,20260328,,,,,,,,,,,,,,,,,,,,,,,,
30435,1,20020811,福元弘二,フクモト　コウジ,福元弘,3,高崎,19751201,2002,0,,,,,,,,,,20260328,,,,,,,,,,,,,,,,,,,,,,,,
30436,0,20051009,平瀬城久,ヒラセ　クニヒサ,平瀬城,3,金沢,19790221,2005,0,,,,,,,,,,20260328,,,,,,,,,,,,,,,,,,,,,,,,
30437,1,20021013,堀場裕充,ホリバ　ヒロミツ,堀場裕,3,金沢,19761011,2002,0,,,,,,,,,,20260328,,,,,,,,,,,,,,,,,,,,,,,,
30438,1,20021130,渡瀬和幸,ワタセ　カズユキ,渡瀬和,3,兵庫,19791106,2002,0,,,,,,,,,,20260328,,,,,,,,,,,,,,,,,,,,,,,,
30439,1,00000000,原口義史,ハラグチ　ヨシフミ,原口義,3,佐賀,19800217,2002,0,,,,,,,,,,20260328,,,,,,,,,,,,,,,,,,,,,,,,
30440,1,20030202,沖野耕二,オキノ　コウジ,沖野耕,3,川崎,19680402,2003,0,,,,,,,,,,20260328,,,,,,,,,,,,,,,,,,,,,,,,
30441,1,20030302,湯浅淳一,ユアサ　ジユンイチ,湯浅淳,3,船橋,19670428,2003,0,,,,,,,,,,20260328,,,,,,,,,,,,,,,,,,,,,,,,
30442,0,20240907,森泰斗,モリ　タイト,森泰斗,3,船橋,19810111,2024,0,,,,,,,,,,20260328,,,,,,,,,,,,,,,,,,,,,,,,
30443,1,20030524,宇佐美亨,ウサミ　トオル,宇佐美,3,愛知,19820419,2003,0,,,,,,,,,,20260328,,,,,,,,,,,,,,,,,,,,,,,,
30444,1,20030427,古川彰,フルカワ　アキラ,古川彰,3,笠松,19710321,2003,0,,,,,,,,,,20260328,,,,,,,,,,,,,,,,,,,,,,,,
30445,0,20041011,秋元耕成,アキモト　コウセイ,秋元耕,3,浦和,19800818,2004,0,,,,,,,,,,20260328,,,,,,,,,,,,,,,,,,,,,,,,
30446,0,20080607,岡田大,オカダ　ダイ,岡田大,3,浦和,19780704,2008,0,,,,,,,,,,20260328,,,,,,,,,,,,,,,,,,,,,,,,
30447,1,20101219,加藤和義,カトウ　カズヨシ,加藤義,3,金沢,19771028,2010,0,,,,,,,,,,20260328,,,,,,,,,,,,,,,,,,,,,,,,
30448,0,20120204,杉村一樹,スギムラ　カズキ,杉村一,3,荒尾,19780319,2012,0,,,,,,,,,,20260328,,,,,,,,,,,,,,,,,,,,,,,,
30449,0,20050911,小林靖幸,コバヤシ　ヤスユキ,小林靖,3,北海,19790607,2005,0,,,,,,,,,,20260328,,,,,,,,,,,,,,,,,,,,,,,,
30450,0,20150105,石崎駿,イシザキ　シユン,石崎駿,3,船橋,19830928,2015,0,,,,,,,,,,20260328,,,,,,,,,,,,,,,,,,,,,,,,
30451,1,20080510,三野孝徳,ミノ　タカノリ,三野孝,3,兵庫,19611105,2008,0,,,,,,,,,,20260328,,,,,,,,,,,,,,,,,,,,,,,,
30452,0,20060625,野澤憲彦,ノザワ　ノリヒコ,野澤憲,3,船橋,19740712,2006,0,,,,,,,,,,20260328,,,,,,,,,,,,,,,,,,,,,,,,
30453,1,20031129,細川勉,ホソカワ　ツトム,細川勉,3,浦和,19670927,2003,0,,,,,,,,,,20260328,,,,,,,,,,,,,,,,,,,,,,,,
30454,0,20060716,後藤孝鎮,ゴトウ　ユキヤス,後藤孝,3,荒尾,19811028,2006,0,,,,,,,,,,20260328,,,,,,,,,,,,,,,,,,,,,,,,
30455,0,20180311,大山真吾,オオヤマ　シンゴ,大山真,3,兵庫,19840214,2018,0,,,,,,,,,,20260328,,,,,,,,,,,,,,,,,,,,,,,,
30456,0,20110703,山崎誠士,ヤマザキ　セイジ,山崎誠,3,川崎,19840729,2011,0,,,,,,,,,,20260328,,,,,,,,,,,,,,,,,,,,,,,,
30457,1,00000000,草地保隆,クサチ　ヤスタカ,草地保,3,岩手,19730122,2004,0,,,,,,,,,,20260328,,,,,,,,,,,,,,,,,,,,,,,,
30458,0,20040606,大原浩司,オオハラ　ヒロシ,大原浩,3,笠松,19800304,2004,0,,,,,,,,,,20260328,,,,,,,,,,,,,,,,,,,,,,,,
30459,0,20060128,中留伸治,ナカドメ　シンジ,中留伸,3,荒尾,19830604,2006,0,,,,,,,,,,20260328,,,,,,,,,,,,,,,,,,,,,,,,
30460,0,20221211,大畑雅章,オオハタ　マサアキ,大畑雅,3,愛知,19831212,2022,0,,,,,,,,,,20260328,,,,,,,,,,,,,,,,,,,,,,,,
30461,0,20060722,亀井洋司,カメイ　ヨウジ,亀井洋,3,北海,19810103,2006,0,,,,,,,,,,20260328,,,,,,,,,,,,,,,,,,,,,,,,
30462,1,20051203,谷川真生,タニガワ　マオ,谷川真,3,兵庫,19770321,2005,0,,,,,,,,,,20260328,,,,,,,,,,,,,,,,,,,,,,,,
30463,0,20260308,矢野貴之,ヤノ　タカユキ,矢野貴,3,大井,19840803,2026,0,,,,,0.0,0.0,,0.0,0.0,20260328,,,,,,,,,,,,,,,,,,,,,,,,
30464,0,20090301,高馬元紘,コウマ　モトヒロ,高馬元,3,兵庫,19770301,2009,0,,,,,,,,,,20260328,,,,,,,,,,,,,,,,,,,,,,,,
30465,0,20080713,陶文峰,トウ　ブンホウ,陶文峰,3,岩手,19801016,2008,0,,,,,,,,,,20260328,,,,,,,,,,,,,,,,,,,,,,,,
30466,0,20141228,尾島徹,オジマ　トオル,尾島徹,3,愛知,19840323,2014,0,,,,,,,,,,20260328,,,,,,,,,,,,,,,,,,,,,,,,
30467,1,20050529,清家義徳,セイケ　ヨシノリ,清家義,3,愛知,19820713,2005,0,,,,,,,,,,20260328,,,,,,,,,,,,,,,,,,,,,,,,
30468,0,00000000,戸崎圭太,トサキ　ケイタ,戸崎圭,1,,19800708,2013,0,10421,かつてのアンカツのように追える騎手,20070723,2.0,8.0,2.0,1.0,37.0,9.0,20260328,,,,,,,,,132.0,127.0,82.0,464.0,,,,,,,,,,,,
30469,1,20051119,徳留康豊,トクドメ　ヤストヨ,徳留康,3,金沢,19591105,2005,0,,,,,,,,,,20260328,,,,,,,,,,,,,,,,,,,,,,,,
30470,1,20051001,笹木美典,ササキ　ミノリ,笹木美,3,北海,19820505,2005,0,,,,,,,,,,20260328,,,,,,,,,,,,,,,,,,,,,,,,
30471,0,20241103,岩橋勇二,イワハシ　ユウジ,岩橋勇,3,北海,19830420,2024,0,,,,,,,,,,20260328,,,,,,,,,,,,,,,,,,,,,,,,
30472,0,20250511,吉村智洋,ヨシムラ　トモヒロ,吉村智,3,兵庫,19841226,2025,0,,,,,,,,0.0,0.0,20260328,,,,,,,,,,,,,,,,,,,,,,,,
30473,0,20140202,坂井英光,サカイ　ヒデミツ,坂井英,3,大井,19750411,2014,0,,,,,,,,,,20260328,,,,,,,,,,,,,,,,,,,,,,,,
30474,0,20080803,吉留孝司,ヨシドメ　コウシ,吉留孝,3,荒尾,19690206,2008,0,,,,,,,,,,20260328,,,,,,,,,,,,,,,,,,,,,,,,
30475,1,20060225,湯前良人,ユノマエ　ヨシト,湯前良,3,笠松,19770407,2006,0,,,,,,,,,,20260328,,,,,,,,,,,,,,,,,,,,,,,,
30476,0,20241208,和田譲治,ワダ　ジョウジ,和田譲,3,大井,19840211,2024,0,,,,,,,,,,20260328,,,,,,,,,,,,,,,,,,,,,,,,
30477,0,20060326,江川伸幸,エガワ　ノブユキ,江川伸,3,船橋,19830512,2006,0,,,,,,,,,,20260328,,,,,,,,,,,,,,,,,,,,,,,,
30478,1,20060506,納谷和玖,ナヤ　カズヒサ,納谷和,3,大井,19731122,2006,0,,,,,,,,,,20260328,,,,,,,,,,,,,,,,,,,,,,,,
30479,0,20130511,板野央,イタノ　ヒサシ,板野央,3,兵庫,19820323,2013,0,,,,,,,,,,20260328,,,,,,,,,,,,,,,,,,,,,,,,
30480,0,20250727,御神本訓史,ミカモト　ノリフミ,御神本,3,大井,19810825,2025,0,,,,,,,,0.0,0.0,20260328,,,,,,,,,,,,,,,,,,,,,,,,
30481,1,20060520,山本茜,ヤマモト　アカネ,山本茜,3,愛知,19830826,2006,0,,,,,,,,,,20260328,,,,,,,,,,,,,,,,,,,,,,,,
30482,0,20201212,筒井勇介,ツツイ　ユウスケ,筒井勇,3,笠松,19830314,2020,0,,,,,,,,,,20260328,,,,,,,,,,,,,,,,,,,,,,,,
30483,0,20100530,柏木健宏,カシワギ　タケヒロ,柏木健,3,大井,19810508,2010,0,,,,,,,,,,20260328,,,,,,,,,,,,,,,,,,,,,,,,
30484,0,20060709,中西達也,ナカニシ　タツヤ,中西達,3,高知,19691213,2006,0,,,,,,,,,,20260328,,,,,,,,,,,,,,,,,,,,,,,,
30485,0,20250831,桑村真明,クワムラ　マサアキ,桑村真,3,北海,19870326,2025,0,,,,,,,,0.0,0.0,20260328,,,,,,,,,,,,,,,,,,,,,,,,
30486,1,20060909,三井健一,ミツイ　ケンイチ,三井健,3,北海,19740426,2006,0,,,,,,,,,,20260328,,,,,,,,,,,,,,,,,,,,,,,,
30487,0,20170903,伊藤千尋,イトウ　チヒロ,伊藤千,3,北海,19850910,2017,0,,,,,,,,,,20260328,,,,,,,,,,,,,,,,,,,,,,,,
30488,0,20070107,林陽介,ハヤシ　ヨウスケ,林陽介,3,荒尾,19820315,2007,0,,,,,,,,,,20260328,,,,,,,,,,,,,,,,,,,,,,,,
30489,1,20070318,山田順一,ヤマダ　ジユンイチ,山田順,3,笠松,19860925,2007,0,,,,,,,,,,20260328,,,,,,,,,,,,,,,,,,,,,,,,
30490,1,00000000,削除１,削除１,未　定,3,,00000000,0,0,,,,,,,,,,20260328,,,,,,,,,,,,,,,,,,,,,,,,
30491,1,00000000,削除２,削除２,未　定,3,,00000000,0,0,,,,,,,,,,20260328,,,,,,,,,,,,,,,,,,,,,,,,
30492,1,00000000,削除３,削除３,未　定,3,,00000000,0,0,,,,,,,,,,20260328,,,,,,,,,,,,,,,,,,,,,,,,
30493,1,00000000,削除４,削除４,未　定,3,,00000000,0,0,,,,,,,,,,20260328,,,,,,,,,,,,,,,,,,,,,,,,
30494,1,00000000,削除５,削除５,未　定,3,,00000000,0,0,,,,,,,,,,20260328,,,,,,,,,,,,,,,,,,,,,,,,
30495,1,00000000,削除６,削除６,未　定,3,,00000000,0,0,,,,,,,,,,20260328,,,,,,,,,,,,,,,,,,,,,,,,
30496,1,00000000,削除７,削除７,未　定,3,,00000000,0,0,,,,,,,,,,20260328,,,,,,,,,,,,,,,,,,,,,,,,
30497,1,00000000,削除８,削除８,未　定,3,,00000000,0,0,,,,,,,,,,20260328,,,,,,,,,,,,,,,,,,,,,,,,
30498,1,00000000,削除９,削除９,未　定,3,,00000000,0,0,,,,,,,,,,20260328,,,,,,,,,,,,,,,,,,,,,,,,
30499,0,20111010,倉兼育康,クラカネ　イクヤス,倉兼育,3,高知,19751110,2011,0,,,,,,,,,,20260328,,,,,,,,,,,,,,,,,,,,,,,,
30500,1,20070527,松浦聡志,マツウラ　サトシ,松浦聡,3,兵庫,19780220,2007,0,,,,,,,,,,20260328,,,,,,,,,,,,,,,,,,,,,,,,
30501,0,20220130,真島大輔,マシマ　ダイスケ,真島大,3,大井,19830708,2022,0,,,,,,,,,,20260328,,,,,,,,,,,,,,,,,,,,,,,,
30502,1,20090207,阪上忠匡,サカウエ　タダマサ,阪上忠,3,笠松,19831215,2009,0,,,,,,,,,,20260328,,,,,,,,,,,,,,,,,,,,,,,,
30503,1,20070610,的場直之,マトバ　ナオユキ,的場直,3,大井,19770627,2007,0,,,,,,,,,,20260328,,,,,,,,,,,,,,,,,,,,,,,,
30504,0,20080224,田中力,タナカ　ツトム,田中力,3,船橋,19820818,2008,0,,,,,,,,,,20260328,,,,,,,,,,,,,,,,,,,,,,,,
30505,0,00000000,岡田祥嗣,オカダ　ヨシツグ,岡田祥,2,,19711016,2013,0,,,,68.0,0.0,0.0,76.0,0.0,0.0,20260328,,,,,,,,,,,,,,,,,,,,,,,,
30506,1,20090125,花本正三,ハナモト　ショウゾウ,花本正,3,笠松,19630103,2009,0,,,,,,,,,,20260328,,,,,,,,,,,,,,,,,,,,,,,,
30507,0,20091122,村島俊策,ムラシマ　シュンサク,村島俊,3,荒尾,19820112,2009,0,,,,,,,,,,20260328,,,,,,,,,,,,,,,,,,,,,,,,
30508,0,20180303,柿原翔,カキハラ　ショウ,柿原翔,3,愛知,19850401,2018,0,,,,,,,,,,20260328,,,,,,,,,,,,,,,,,,,,,,,,
30509,0,20180826,菅原俊吏,スガワラ　シユンリ,菅原俊,3,岩手,19810428,2018,0,,,,,,,,,,20260328,,,,,,,,,,,,,,,,,,,,,,,,
30510,0,20250824,本田正重,ホンダ　マサシゲ,本田正,3,船橋,19880305,2025,0,,,,,,,,0.0,0.0,20260328,,,,,,,,,,,,,,,,,,,,,,,,
30511,0,20201212,川島正太郎,カワシマ　ショウタロウ,川島正,3,船橋,19901026,2020,0,,,,,,,,,,20260328,,,,,,,,,,,,,,,,,,,,,,,,
30512,0,20251018,山本聡哉,ヤマモト　トシヤ,山本聡,3,岩手,19880130,2025,0,,,,,,,,0.0,0.0,20260328,,,,,,,,,,,,,,,,,,,,,,,,
30513,0,20170520,吉井友彦,ヨシイ　トモヒコ,吉井友,3,笠松,19831116,2017,0,,,,,,,,,,20260328,,,,,,,,,,,,,,,,,,,,,,,,
30514,0,20100731,沢田龍哉,サワダ　リョウヤ,沢田龍,3,船橋,19910309,2010,0,,,,,,,,,,20260328,,,,,,,,,,,,,,,,,,,,,,,,
30515,0,20160313,町田直希,マチダ　ナオキ,町田直,3,川崎,19880316,2016,0,,,,,,,,,,20260328,,,,,,,,,,,,,,,,,,,,,,,,
30516,0,20200829,田中純,タナカ　ジユン,田中純,3,荒尾,19860305,2020,0,,,,,,,,,,20260328,,,,,,,,,,,,,,,,,,,,,,,,
30517,0,20110731,西村栄喜,ニシムラ　エイキ,西村栄,3,荒尾,19750929,2011,0,,,,,,,,,,20260328,,,,,,,,,,,,,,,,,,,,,,,,
30518,1,20100807,竹田吉秀,タケダ　ヨシヒデ,竹田吉,3,愛知,19860516,2010,0,,,,,,,,,,20260328,,,,,,,,,,,,,,,,,,,,,,,,
30519,0,20100814,林幻,ハヤシ　ゲン,林　幻,3,船橋,19831124,2010,0,,,,,,,,,,20260328,,,,,,,,,,,,,,,,,,,,,,,,
30520,0,20101211,大坪慎,オオツボ　マコト,大坪慎,3,岩手,19780612,2010,0,,,,,,,,,,20260328,,,,,,,,,,,,,,,,,,,,,,,,
30521,0,20101121,高橋悠里,タカハシ　ユウリ,高橋悠,3,岩手,19870414,2010,0,,,,,,,,,,20260328,,,,,,,,,,,,,,,,,,,,,,,,
30522,0,20120226,竹村達也,タケムラ　タツヤ,竹村達,3,兵庫,19830301,2012,0,,,,,,,,,,20260328,,,,,,,,,,,,,,,,,,,,,,,,
30523,0,20110528,畑中信司,ハタナカ　シンジ,畑中信,3,金沢,19800918,2011,0,,,,,,,,,,20260328,,,,,,,,,,,,,,,,,,,,,,,,
30524,0,20120826,黒澤愛斗,クロサワ　マナト,黒澤愛,3,北海,19870325,2012,0,,,,,,,,,,20260328,,,,,,,,,,,,,,,,,,,,,,,,
30525,0,20240720,石川慎将,イシカワ　シンスケ,石川慎,3,佐賀,19841213,2024,0,,,,,,,,,,20260328,,,,,,,,,,,,,,,,,,,,,,,,
30526,0,20111010,斎藤雄一,サイトウ　ユウイチ,斎藤雄,3,岩手,19840915,2011,0,,,,,,,,,,20260328,,,,,,,,,,,,,,,,,,,,,,,,
30527,1,20120520,坂本和也,サカモト　カズヤ,坂本和,3,兵庫,19731018,2012,0,,,,,,,,,,20260328,,,,,,,,,,,,,,,,,,,,,,,,
30528,0,20230211,本橋孝太,モトハシ　コウタ,本橋孝,3,船橋,19881129,2023,0,,,,,,,,,,20260328,,,,,,,,,,,,,,,,,,,,,,,,
30529,0,20160612,今井貴大,イマイ　タカヒロ,今井貴,3,愛知,19890208,2016,0,,,,,,,,,,20260328,,,,,,,,,,,,,,,,,,,,,,,,
30530,0,20120805,山本政聡,ヤマモト　マサトシ,山本政,3,岩手,19850628,2012,0,,,,,,,,,,20260328,,,,,,,,,,,,,,,,,,,,,,,,
30531,0,20220827,田中直人,タナカ　ナオヒト,田中直,3,佐賀,19890702,2022,0,,,,,,,,,,20260328,,,,,,,,,,,,,,,,,,,,,,,,
30532,0,20250830,阿部龍,アベ　リュウ,阿部龍,3,北海,19950320,2025,0,,,,,,,,0.0,0.0,20260328,,,,,,,,,,,,,,,,,,,,,,,,
30533,0,20121216,郷間勇太,ゴウマ　ユウタ,郷間勇,3,川崎,19880902,2012,0,,,,,,,,,,20260328,,,,,,,,,,,,,,,,,,,,,,,,
30534,1,20130518,佐藤裕太,サトウ　ユウタ,佐藤裕,3,船橋,19750706,2013,0,,,,,,,,,,20260328,,,,,,,,,,,,,,,,,,,,,,,,
30535,0,20230813,山下裕貴,ヤマシタ　ヒロキ,山下裕,3,佐賀,19840924,2023,0,,,,,,,,,,20260328,,,,,,,,,,,,,,,,,,,,,,,,
30536,0,20230903,松井伸也,マツイ　シンヤ,松井伸,3,北海,19850115,2023,0,,,,,,,,,,20260328,,,,,,,,,,,,,,,,,,,,,,,,
30537,0,20160319,藤田弘治,フジタ　コウジ,藤田弘,3,金沢,19800601,2016,0,,,,,,,,,,20260328,,,,,,,,,,,,,,,,,,,,,,,,
30538,0,20140308,別府真衣,ベツプ　マイ,別府真,3,高知,19871208,2014,0,,,,,,,,,,20260328,,,,,,,,,,,,,,,,,,,,,,,,
30539,0,20140309,有年淳,アリトシ　ジユン,有年淳,3,大井,19841119,2014,0,,,,,,,,,,20260328,,,,,,,,,,,,,,,,,,,,,,,,
30540,0,20140316,島崎和也,シマザキ　カズナリ,島崎和,3,笠松,19850913,2014,0,,,,,,,,,,20260328,,,,,,,,,,,,,,,,,,,,,,,,
30541,0,20190901,阪野学,バンノ　ガク,阪野学,3,北海,19880521,2019,0,,,,,,,,,,20260328,,,,,,,,,,,,,,,,,,,,,,,,
30542,0,20200223,藤原幹生,フジワラ　ミキオ,藤原幹,3,笠松,19810420,2020,0,,,,,,,,,,20260328,,,,,,,,,,,,,,,,,,,,,,,,
30543,0,20150712,池田敏樹,イケダ　トシキ,池田敏,3,笠松,19840729,2015,0,,,,,,,,,,20260328,,,,,,,,,,,,,,,,,,,,,,,,
30544,0,20260315,笹川翼,ササガワ　ツバサ,笹川翼,3,大井,19940717,2026,0,,,,,0.0,0.0,,0.0,0.0,20260328,,,,,,,,,,,,,,,,,,,,,,,,
30545,0,20170902,井上幹太,イノウエ　カンタ,井上幹,3,北海,19931202,2017,0,,,,,,,,,,20260328,,,,,,,,,,,,,,,,,,,,,,,,
30546,1,20240229,藤井勘一郎,フジイ　カンイチロウ,藤井勘,2,北海,19831231,2019,0,,,,,,,,,,20260328,,,,,,,,,,,,,,,,,,,,,,,,
30547,0,20220612,杉浦健太,スギウラ　ケンタ,杉浦健,3,兵庫,19921104,2022,0,,,,,,,,,,20260328,,,,,,,,,,,,,,,,,,,,,,,,
30548,0,20250830,石川倭,イシカワ　ヤマト,石川倭,3,北海,19950410,2025,0,,,,,,,,1.0,0.0,20260328,,,,,,,,,,,,,,,,,,,,,,,,
30549,0,20160828,永森大智,ナガモリ　タイチ,永森大,3,高知,19861108,2016,0,,,,,,,,,,20260328,,,,,,,,,,,,,,,,,,,,,,,,
30550,0,20161211,早田功駿,ハヤタ　コウシュン,早田功,3,大井,19900109,2016,0,,,,,,,,,,20260328,,,,,,,,,,,,,,,,,,,,,,,,
30551,0,20170506,達城龍次,タツシロ　リュウジ,達城龍,3,大井,19781219,2017,0,,,,,,,,,,20260328,,,,,,,,,,,,,,,,,,,,,,,,
30552,0,20170827,中野省吾,ナカノ　ショウゴ,中野省,3,船橋,19911101,2017,0,,,,,,,,,,20260328,,,,,,,,,,,,,,,,,,,,,,,,
30553,0,20190309,高松亮,タカマツ　リョウ,高松亮,3,岩手,19860630,2019,0,,,,,,,,,,20260328,,,,,,,,,,,,,,,,,,,,,,,,
30554,0,20190323,山田祥雄,ヤマダ　サチオ,山田祥,3,愛知,19850118,2019,0,,,,,,,,,,20260328,,,,,,,,,,,,,,,,,,,,,,,,
30555,0,20170819,田野豊三,タノ　トヨカズ,田野豊,3,北海,19921108,2017,0,,,,,,,,,,20260328,,,,,,,,,,,,,,,,,,,,,,,,
30556,0,20250629,山本咲希到,ヤマモト　サキト,山本咲,3,北海,19961116,2025,0,,,,,,,,0.0,0.0,20260328,,,,,,,,,,,,,,,,,,,,,,,,
30557,0,20200823,竹吉徹,タケヨシ　トオル,竹吉徹,3,佐賀,19880718,2020,0,,,,,,,,,,20260328,,,,,,,,,,,,,,,,,,,,,,,,
30558,0,20171216,張田昂,ハリタ　アキラ,張田昂,3,船橋,19871101,2017,0,,,,,,,,,,20260328,,,,,,,,,,,,,,,,,,,,,,,,
30559,0,20240413,鈴木祐,スズキ　ユウ,鈴木祐,3,岩手,19950607,2024,0,,,,,,,,,,20260328,,,,,,,,,,,,,,,,,,,,,,,,
30560,0,20171228,保園翔也,ホゾノ　ショウヤ,保園翔,3,浦和,19951211,2017,0,,,,,,,,,,20260328,,,,,,,,,,,,,,,,,,,,,,,,
30561,0,20191228,臼井健太郎,ウスイ　ケンタロウ,臼井健,3,船橋,19970114,2019,0,,,,,,,,,,20260328,,,,,,,,,,,,,,,,,,,,,,,,
30562,0,20191228,中越琉世,ナカゴシ　リュウセイ,中越琉,3,川崎,19980510,2019,0,,,,,,,,,,20260328,,,,,,,,,,,,,,,,,,,,,,,,
30563,0,20171228,栗原大河,クリハラ　タイガ,栗原大,3,金沢,19980320,2017,0,,,,,,,,,,20260328,,,,,,,,,,,,,,,,,,,,,,,,
30564,0,20250810,加藤聡一,カトウ　ソウイチ,加藤聡,3,愛知,19951111,2025,0,,,,,,,,0.0,0.0,20260328,,,,,,,,,,,,,,,,,,,,,,,,
30565,0,20251214,渡辺竜也,ワタナベ　タツヤ,渡辺竜,3,笠松,20000308,2025,0,,,,,,,,0.0,0.0,20260328,,,,,,,,,,,,,,,,,,,,,,,,
30566,0,20181228,藤田凌,フジタ　リョウ,藤田凌,3,大井,19991008,2018,0,,,,,,,,,,20260328,,,,,,,,,,,,,,,,,,,,,,,,
30567,0,20171228,小林凌,コバヤシ　リョウ,小林凌,3,岩手,19961002,2017,0,,,,,,,,,,20260328,,,,,,,,,,,,,,,,,,,,,,,,
30568,0,20191228,赤津和希,アカツ　カズキ,赤津和,3,浦和,20000322,2019,0,,,,,,,,,,20260328,,,,,,,,,,,,,,,,,,,,,,,,
30569,0,20260131,岡村健司,オカムラ　ケンジ,岡村健,3,佐賀,19960302,2026,0,,,,,0.0,0.0,,,,20260328,,,,,,,,,,,,,,,,,,,,,,,,
30570,0,20260315,桜井光輔,サクライ　コウスケ,桜井光,3,川崎,19990426,2026,0,,,,,0.0,0.0,,,,20260328,,,,,,,,,,,,,,,,,,,,,,,,
30571,0,20181228,木村直輝,キムラ　ナオキ,木村直,3,岩手,19970315,2018,0,,,,,,,,,,20260328,,,,,,,,,,,,,,,,,,,,,,,,
30572,0,20171228,山口以和,ヤマグチ　モチカズ,山口以,3,佐賀,19970921,2017,0,,,,,,,,,,20260328,,,,,,,,,,,,,,,,,,,,,,,,
30573,0,20250302,大柿一真,オオカキ　カズマ,大柿一,3,兵庫,19900106,2025,0,,,,,,,,0.0,0.0,20260328,,,,,,,,,,,,,,,,,,,,,,,,
30574,0,20250927,菅原辰徳,スガワラ　タツノリ,菅原辰,3,岩手,19930128,2025,0,,,,,,,,0.0,0.0,20260328,,,,,,,,,,,,,,,,,,,,,,,,
30575,0,20181104,佐原秀泰,サハラ　ヒデヤ,佐原秀,3,高知,19790715,2018,0,,,,,,,,,,20260328,,,,,,,,,,,,,,,,,,,,,,,,
30576,1,20190211,瀧川寿希也,タキガワ　ジュキヤ,瀧川寿,3,川崎,19950802,2019,0,,,,,,,,,,20260328,,,,,,,,,,,,,,,,,,,,,,,,
30577,0,20251214,落合玄太,オチアイ　ゲンタ,落合玄,3,北海,19980404,2025,0,,,,,,,,0.0,0.0,20260328,,,,,,,,,,,,,,,,,,,,,,,,
30578,0,20231223,長谷部駿弥,ハセベ　シュンヤ,長谷部,3,兵庫,19990421,2023,0,,,,,,,,,,20260328,,,,,,,,,,,,,,,,,,,,,,,,
30579,0,20220717,松木大地,マツキ　ダイチ,松木大,3,兵庫,19950311,2022,0,,,,,,,,,,20260328,,,,,,,,,,,,,,,,,,,,,,,,
30580,0,20201226,吉井章,ヨシイ　ショウ,吉井章,3,大井,20010326,2020,0,,,,,,,,,,20260328,,,,,,,,,,,,,,,,,,,,,,,,
30581,0,20201226,石堂響,イシドウ　ヒビキ,石堂響,3,兵庫,19990629,2020,0,,,,,,,,,,20260328,,,,,,,,,,,,,,,,,,,,,,,,
30582,0,20191228,岩本怜,イワモト　レイ,岩本怜,3,岩手,20010328,2019,0,,,,,,,,,,20260328,,,,,,,,,,,,,,,,,,,,,,,,
30583,0,20240720,出水拓人,デミズ　タクト,出水拓,3,佐賀,20001206,2024,0,,,,,,,,,,20260328,,,,,,,,,,,,,,,,,,,,,,,,
30584,0,20181228,水野翔,ミズノ　カケル,水野翔,3,笠松,19970329,2018,0,,,,,,,,,,20260328,,,,,,,,,,,,,,,,,,,,,,,,
30585,0,20190316,山田雄大,ヤマダ　ユウタ,山田雄,3,兵庫,19901217,2019,0,,,,,,,,,,20260328,,,,,,,,,,,,,,,,,,,,,,,,
30586,0,20200830,小松丈二,コマツ　ジョウジ,小松丈,3,佐賀,19841124,2020,0,,,,,,,,,,20260328,,,,,,,,,,,,,,,,,,,,,,,,
30587,0,20191222,山下雅之,ヤマシタ　マサユキ,山下雅,3,笠松,19831028,2019,0,,,,,,,,,,20260328,,,,,,,,,,,,,,,,,,,,,,,,
30588,0,20211228,木本直,キモト　ナオ,木本直,3,兵庫,20000108,2021,0,,,,,,,,,,20260328,,,,,,,,,,,,,,,,,,,,,,,,
30589,0,20191228,藤本現暉,フジモト　ゲンキ,藤本現,3,大井,19971106,2019,0,,,,,,,,,,20260328,,,,,,,,,,,,,,,,,,,,,,,,
30590,0,20191228,塚本涼人,ツカモト　リョウト,塚本涼,3,岩手,20010928,2019,0,,,,,,,,,,20260328,,,,,,,,,,,,,,,,,,,,,,,,
30591,0,20250830,小野楓馬,オノ　フウマ,小野楓,3,北海,20000223,2025,0,,,,,,,,0.0,0.0,20260328,,,,,,,,,,,,,,,,,,,,,,,,
30592,0,20231216,大木天翔,オオキ　カケル,大木天,3,大井,20000203,2023,0,,,,,,,,,,20260328,,,,,,,,,,,,,,,,,,,,,,,,
30593,0,20231216,仲原大生,ナカハラ　タイセイ,仲原大,3,大井,20000204,2023,0,,,,,,,,,,20260328,,,,,,,,,,,,,,,,,,,,,,,,
30594,0,20251220,福原杏,フクハラ　マイ,福原杏,3,浦和,20010125,2025,0,,,,,,,,0.0,0.0,20260328,,,,,,,,,,,,,,,,,,,,,,,,
30595,0,20250720,鴨宮祥行,カモミヤ　ヨシキ,鴨宮祥,3,兵庫,19931102,2025,0,,,,,,,,0.0,0.0,20260328,,,,,,,,,,,,,,,,,,,,,,,,
30596,0,20251115,山中悠希,ヤマナカ　ユウキ,山中悠,3,船橋,19940824,2025,0,,,,,,,,0.0,0.0,20260328,,,,,,,,,,,,,,,,,,,,,,,,
30597,0,20211228,池谷匠翔,イケタニ　タクト,池谷匠,3,川崎,20020310,2021,0,,,,,,,,,,20260328,,,,,,,,,,,,,,,,,,,,,,,,
30598,0,20201226,塚本雄大,ツカモト　ユウダイ,塚本雄,3,高知,19981018,2020,0,,,,,,,,,,20260328,,,,,,,,,,,,,,,,,,,,,,,,
30599,0,20250719,金山昇馬,カナヤマ　ショウマ,金山昇,3,佐賀,20020331,2025,0,,,,,,,,0.0,0.0,20260328,,,,,,,,,,,,,,,,,,,,,,,,
30600,0,20221217,細川智史,ホソカワ　サトシ,細川智,3,愛知,19990626,2022,0,,,,,,,,,,20260328,,,,,,,,,,,,,,,,,,,,,,,,
30601,0,20231216,兼子千央,カネコ　チヒロ,兼子千,3,金沢,20000729,2023,0,,,,,,,,,,20260328,,,,,,,,,,,,,,,,,,,,,,,,
30602,0,20211228,魚住謙心,ウオズミ　ケンシン,魚住謙,3,金沢,20030228,2021,0,,,,,,,,,,20260328,,,,,,,,,,,,,,,,,,,,,,,,
30603,0,20231216,岡遼太郎,オカ　リョウタロウ,岡遼太,3,高知,20030627,2023,0,,,,,,,,,,20260328,,,,,,,,,,,,,,,,,,,,,,,,
30604,0,20221217,木間塚龍馬,キマツカ　リョウマ,木間塚,3,船橋,20031108,2022,0,,,,,,,,,,20260328,,,,,,,,,,,,,,,,,,,,,,,,
30605,0,20211228,篠谷葵,シノヤ　アオイ,篠谷葵,3,船橋,20020529,2021,0,,,,,,,,,,20260328,,,,,,,,,,,,,,,,,,,,,,,,
30606,0,20260301,飛田愛斗,ヒダ　マナト,飛田愛,3,佐賀,20020801,2026,0,,,,,0.0,0.0,,,,20260328,,,,,,,,,,,,,,,,,,,,,,,,
30607,0,20211228,古岡勇樹,フルオカ　ユウキ,古岡勇,3,川崎,20001024,2021,0,,,,,,,,,,20260328,,,,,,,,,,,,,,,,,,,,,,,,
30608,0,20251220,若杉朝飛,ワカスギ　アサト,若杉朝,3,北海,20020725,2025,0,,,,,,,,,,20260328,,,,,,,,,,,,,,,,,,,,,,,,
30609,0,20231216,七夕裕次郎,タナバタ　ユウジロウ,七夕裕,3,浦和,20001004,2023,0,,,,,,,,,,20260328,,,,,,,,,,,,,,,,,,,,,,,,
30610,0,20241214,菅原涼太,スガワラ　リョウタ,菅原涼,3,大井,20020518,2024,0,,,,,,,,,,20260328,,,,,,,,,,,,,,,,,,,,,,,,
30611,0,20251220,神尾香澄,カミオ　カスミ,神尾香,3,川崎,20011120,2025,9,,,,,,,,0.0,0.0,20260328,,,,,,,,,,,,,,,,,,,,,,,,
30612,0,20211228,妹尾将充,セノオ　マサチカ,妹尾将,3,高知,20001210,2021,0,,,,,,,,,,20260328,,,,,,,,,,,,,,,,,,,,,,,,
30613,0,20211228,井上瑛太,イノウエ　エイタ,井上瑛,3,高知,20030228,2021,0,,,,,,,,,,20260328,,,,,,,,,,,,,,,,,,,,,,,,
30614,0,20221217,佐々木世麗,ササキ　セレイ,佐々世,3,兵庫,20030207,2022,9,,,,,,,,,,20260328,,,,,,,,,,,,,,,,,,,,,,,,
30615,0,20231216,浜尚美,ハマ　ナオミ,浜尚美,3,高知,20010529,2023,9,,,,,,,,,,20260328,,,,,,,,,,,,,,,,,,,,,,,,
30616,0,20220123,仲野光馬,ナカノ　カヅマ,仲野光,3,船橋,19900304,2022,0,,,,,,,,,,20260328,,,,,,,,,,,,,,,,,,,,,,,,
30617,0,20220827,吉本隆記,ヨシモト　タカノリ,吉本隆,3,佐賀,19761206,2022,0,,,,,,,,,,20260328,,,,,,,,,,,,,,,,,,,,,,,,
30618,0,20221204,小谷周平,コタニ　シュウヘイ,小谷周,3,兵庫,19860208,2022,0,,,,,,,,,,20260328,,,,,,,,,,,,,,,,,,,,,,,,
30619,0,20251220,及川烈,オイカワ　レツ,及川烈,3,笠松,20040302,2025,0,,,,,,,,,,20260328,,,,,,,,,,,,,,,,,,,,,,,,
30620,0,20231216,野畑凌,ノバタ　リョウ,野畑凌,3,川崎,20041012,2023,0,,,,,,,,,,20260328,,,,,,,,,,,,,,,,,,,,,,,,
30621,0,20221217,大山龍太郎,オオヤマ　リュウタロウ,大山龍,3,兵庫,20031128,2022,0,,,,,,,,,,20260328,,,,,,,,,,,,,,,,,,,,,,,,
30622,0,20221217,浅野皓大,アサノ　コウダイ,浅野皓,3,愛知,20001107,2022,0,,,,,,,,,,20260328,,,,,,,,,,,,,,,,,,,,,,,,
30623,0,20231216,加茂飛翔,カモ　ツバサ,加茂飛,3,佐賀,20020721,2023,0,,,,,,,,,,20260328,,,,,,,,,,,,,,,,,,,,,,,,
30624,0,20221217,東川慎,ヒガシカワ　シン,東川慎,3,笠松,20010124,2022,0,,,,,,,,,,20260328,,,,,,,,,,,,,,,,,,,,,,,,
30625,0,20241214,長江慶悟,ナガエ　ケイゴ,長江慶,3,笠松,19991112,2024,0,,,,,,,,,,20260328,,,,,,,,,,,,,,,,,,,,,,,,
30626,0,20241214,長尾翼玖,ナガオ　タスク,長尾翼,3,兵庫,20020307,2024,0,,,,,,,,,,20260328,,,,,,,,,,,,,,,,,,,,,,,,
30627,0,20221217,深沢杏花,フカザワ　キョウカ,深沢杏,3,笠松,20011217,2022,9,,,,,,,,,,20260328,,,,,,,,,,,,,,,,,,,,,,,,
30628,0,20221217,塚本征吾,ツカモト　セイゴ,塚本征,3,愛知,20040220,2022,0,,,,,,,,,,20260328,,,,,,,,,,,,,,,,,,,,,,,,
30629,0,20250810,広瀬航,ヒロセ　ワタル,広瀬航,3,兵庫,19840322,2025,0,,,,,,,,0.0,0.0,20260328,,,,,,,,,,,,,,,,,,,,,,,,
30630,0,20230827,宮川実,ミヤガワ　ミノル,宮川実,3,高知,19820210,2023,0,,,,,,,,,,20260328,,,,,,,,,,,,,,,,,,,,,,,,
30631,0,20230826,川島拓,カワシマ　タク,川島拓,3,佐賀,19910118,2023,0,,,,,,,,,,20260328,,,,,,,,,,,,,,,,,,,,,,,,
30632,0,20231126,笹田知宏,ササダ　トモヒロ,笹田知,3,兵庫,19860404,2023,0,,,,,,,,,,20260328,,,,,,,,,,,,,,,,,,,,,,,,
30633,0,20231216,新原周馬,ニイハラ　シュウマ,新原周,3,川崎,20040116,2023,0,,,,,,,,,,20260328,,,,,,,,,,,,,,,,,,,,,,,,
30634,0,20241214,大畑慧悟,オオハタ　ケイゴ,大畑慧,3,愛知,20050625,2024,0,,,,,,,,,,20260328,,,,,,,,,,,,,,,,,,,,,,,,
30635,0,20231216,中島良美,ナカシマ　ヨシミ,中島良,3,浦和,19990102,2023,0,,,,,,,,,,20260328,,,,,,,,,,,,,,,,,,,,,,,,
30636,0,20251220,谷内貫太,タニウチ　カンタ,谷内貫,3,大井,20040615,2025,0,,,,,,,,0.0,0.0,20260328,,,,,,,,,,,,,,,,,,,,,,,,
30637,0,20241214,室陽一朗,ムロ　ヒイロウ,室陽一,3,浦和,20020409,2024,0,,,,,,,,,,20260328,,,,,,,,,,,,,,,,,,,,,,,,
30638,0,20231216,木沢奨,キザワ　ショウ,木沢奨,3,大井,20051201,2023,0,,,,,,,,,,20260328,,,,,,,,,,,,,,,,,,,,,,,,
30639,0,20251220,阿岸潤一朗,アギシ　ジュンイチロウ,阿岸潤,3,北海,20030421,2025,0,,,,,,,,,,20260328,,,,,,,,,,,,,,,,,,,,,,,,
30640,0,20250719,山田義貴,ヤマダ　ヨシキ,山田義,3,佐賀,20040217,2025,0,,,,,,,,0.0,0.0,20260328,,,,,,,,,,,,,,,,,,,,,,,,
30641,0,20241214,加藤翔馬,カトウ　ショウマ,加藤翔,3,金沢,20050424,2024,0,,,,,,,,,,20260328,,,,,,,,,,,,,,,,,,,,,,,,
30642,0,20241214,中山蓮王,ナカヤマ　レオ,中山蓮,3,佐賀,20040917,2024,0,,,,,,,,,,20260328,,,,,,,,,,,,,,,,,,,,,,,,
30643,0,20241214,合林海斗,ゴウバヤシ　カイト,合林海,3,佐賀,20040614,2024,0,,,,,,,,,,20260328,,,,,,,,,,,,,,,,,,,,,,,,
30644,0,20251220,青海大樹,オオミ　ダイキ,青海大,3,佐賀,19990522,2025,0,,,,,,,,0.0,0.0,20260328,,,,,,,,,,,,,,,,,,,,,,,,
30645,0,20241214,鷹見陸,タカミ　リク,鷹見陸,3,大井,20030412,2024,0,,,,,,,,,,20260328,,,,,,,,,,,,,,,,,,,,,,,,
30646,0,20241214,望月洵輝,モチヅキ　ジュンキ,望月洵,3,愛知,20060827,2024,0,,,,,,,,,,20260328,,,,,,,,,,,,,,,,,,,,,,,,
30647,0,20251220,土方颯太,ヒジカタ　ソウタ,土方颯,3,兵庫,20070209,2025,0,,,,,,,,0.0,0.0,20260328,,,,,,,,,,,,,,,,,,,,,,,,
30648,0,20241214,千野稜真,チノ　リョウマ,千野稜,3,浦和,20040702,2024,0,,,,,,,,,,20260328,,,,,,,,,,,,,,,,,,,,,,,,
30649,0,20251220,塩津璃菜,シオツ　リナ,塩津璃,3,兵庫,20050217,2025,0,,,,,,,,1.0,0.0,20260328,,,,,,,,,,,,,,,,,,,,,,,,
30650,0,20251220,新庄海誠,シンジョウ　カイセイ,新庄海,3,兵庫,20010605,2025,0,,,,,,,,,,20260328,,,,,,,,,,,,,,,,,,,,,,,,
30651,0,20251220,高橋愛叶,タカハシ　マナト,高橋愛,3,兵庫,20060617,2025,0,,,,,,,,,,20260328,,,,,,,,,,,,,,,,,,,,,,,,
30652,0,20251220,山本屋太三,ヤマモトヤ　タイゾウ,山本屋,3,兵庫,20051206,2025,0,,,,,,,,,,20260328,,,,,,,,,,,,,,,,,,,,,,,,
30653,0,20250208,山林堂信彦,サンリンドウ　ノブヒコ,山林堂,3,川崎,19780810,2025,0,,,,,,,,0.0,0.0,20260328,,,,,,,,,,,,,,,,,,,,,,,,
30654,0,20251130,松戸政也,マツド　マサヤ,松戸政,3,金沢,19870122,2025,0,,,,,,,,0.0,0.0,20260328,,,,,,,,,,,,,,,,,,,,,,,,
30655,0,20251206,永井孝典,ナガイ　タカノリ,永井孝,3,兵庫,19980726,2025,0,,,,,,,,0.0,0.0,20260328,,,,,,,,,,,,,,,,,,,,,,,,
30656,0,20251220,山本大翔,ヤマモト　ツバサ,山本大,3,船橋,20031129,2025,0,,,,,,,,0.0,0.0,20260328,,,,,,,,,,,,,,,,,,,,,,,,
30657,0,20251220,佐野遥久,サノ　ハルク,佐野遥,3,川崎,20061207,2025,0,,,,,,,,0.0,0.0,20260328,,,,,,,,,,,,,,,,,,,,,,,,
30658,0,20251220,松本一心,マツモト　イチト,松本一,3,笠松,20050613,2025,0,,,,,,,,0.0,0.0,20260328,,,,,,,,,,,,,,,,,,,,,,,,
30659,0,20251220,宮内勇樹,ミヤウチ　ユウキ,宮内勇,3,北海,20020427,2025,0,,,,,,,,,,20260328,,,,,,,,,,,,,,,,,,,,,,,,
30660,0,20251220,藤田凌駕,フジタ　リョウガ,藤田凌,3,北海,20060528,2025,0,,,,,,,,,,20260328,,,,,,,,,,,,,,,,,,,,,,,,
30661,0,20251220,坂井瑛音,サカイ　エイト,坂井瑛,3,岩手,20060915,2025,0,,,,,,,,,,20260328,,,,,,,,,,,,,,,,,,,,,,,,
30662,0,20251220,阿部基嗣,アベ　モトツグ,阿部基,3,高知,20050430,2025,0,,,,,,,,,,20260328,,,,,,,,,,,,,,,,,,,,,,,,
30663,0,20251220,城野慈尚,シロノ　チカナオ,城野慈,3,高知,20060117,2025,0,,,,,,,,,,20260328,,,,,,,,,,,,,,,,,,,,,,,,
30664,0,20260201,安藤洋一,アンドウ　ヨウイチ,安藤洋,3,大井,19890614,2026,0,,,,,0.0,0.0,,,,20260328,,,,,,,,,,,,,,,,,,,,,,,,
70001,0,20121126,Ｏ．ペリエ,Ｏ．ペリエ,ペリエ,3,仏国,19730112,2012,0,,ロスなし、追えるとくれば超一流,20020815,,,,,,,20260328,,,,,,,,,,,,,,,,,,,,,,,,
70002,0,20071203,Ｓ．サンダー,Ｓ．サンダース,サンダ,3,英国,19710925,2007,0,,,,,,,,,,20260328,,,,,,,,,,,,,,,,,,,,,,,,
70003,0,20040419,Ｔ．マジョル,Ｔ．マジョルクリック,マジョ,3,仏国,19721027,2004,0,,,,,,,,,,20260328,,,,,,,,,,,,,,,,,,,,,,,,
70007,0,20071126,Ｒ．ミグリオ,Ｒ．ミグリオーレ,ミグリ,3,米国,19640314,2007,0,,,,,,,,,,20260328,,,,,,,,,,,,,,,,,,,,,,,,
70034,1,20000807,Ａ．カデール,Ａ．カデール,カデー,3,印国,19621209,2000,0,,,,,,,,,,20260328,,,,,,,,,,,,,,,,,,,,,,,,
70050,1,20001127,Ｊ．サミン,Ｊ．サミン,サミン,3,米国,19561106,2000,0,,,,,,,,,,20260328,,,,,,,,,,,,,,,,,,,,,,,,
70062,1,20150831,Ｒ．ベイズ,Ｒ．ベイズ,ベイズ,3,外国,19580807,2015,0,,,,,,,,,,20260328,,,,,,,,,,,,,,,,,,,,,,,,
70071,0,20110502,Ｄ．ブフ,Ｄ．ブフ,ブ　フ,3,仏国,19680606,2011,0,,,,,,,,,,20260328,,,,,,,,,,,,,,,,,,,,,,,,
70072,1,19921129,Ｌ．ディット,Ｌ．ディットマン,ディッ,3,外国,19520702,1992,0,,,,,,,,,,20260328,,,,,,,,,,,,,,,,,,,,,,,,
70073,1,19921206,Ｍ．Ａ．クラ,Ｍ．Ａ．クラーク,クラー,3,外国,19621030,1992,0,,,,,,,,,,20260328,,,,,,,,,,,,,,,,,,,,,,,,
70074,1,19930307,Ｃ．Ｎ．カー,Ｃ．Ｎ．カーモディ,カーモ,3,外国,19670927,1993,0,,,,,,,,,,20260328,,,,,,,,,,,,,,,,,,,,,,,,
70075,1,19930307,Ｆ．アーゲリ,Ｆ．アーゲリョＪｒ．,アーゲ,3,外国,19720802,1993,0,,,,,,,,,,20260328,,,,,,,,,,,,,,,,,,,,,,,,
70076,1,19931206,Ｋ．Ｊ．モー,Ｋ．Ｊ．モーゼス,モーゼ,3,外国,19520831,1993,0,,,,,,,,,,20260328,,,,,,,,,,,,,,,,,,,,,,,,
70077,1,19931129,Ｍ．Ｅ．リマ,Ｍ．Ｅ．リマー,リマー,3,外国,19610201,1993,0,,,,,,,,,,20260328,,,,,,,,,,,,,,,,,,,,,,,,
70078,1,19931129,Ｒ．Ｄ．バン,Ｒ．Ｄ．バンス,バンス,3,外国,19590910,1993,0,,,,,,,,,,20260328,,,,,,,,,,,,,,,,,,,,,,,,
70079,0,20141201,Ｒ．ヒューズ,Ｒ．ヒューズ,Ｒヒュ,3,英国,19730111,2014,0,,,,,,,,,,20260328,,,,,,,,,,,,,,,,,,,,,,,,
70080,1,19930516,Ｒ．ロメロ,Ｒ．ロメロ,ロメロ,3,外国,19571222,1993,0,,,,,,,,,,20260328,,,,,,,,,,,,,,,,,,,,,,,,
70081,0,20031201,Ａ．ソリス,Ａ．ソリス,ソリス,3,米国,19640325,2003,0,,,,,,,,,,20260328,,,,,,,,,,,,,,,,,,,,,,,,
70082,1,19940528,Ａ．ホーソン,Ａ．ホーソン,ホーソ,3,外国,19710120,1994,0,,,,,,,,,,20260328,,,,,,,,,,,,,,,,,,,,,,,,
70083,1,19941223,Ｃ．ブラック,Ｃ．ブラック,ブラッ,3,外国,19690111,1994,0,,,,,,,,,,20260328,,,,,,,,,,,,,,,,,,,,,,,,
70084,1,19941223,Ｄ．Ｊ．ブレ,Ｄ．Ｊ．ブレレトン,ブレレ,3,外国,19640207,1994,0,,,,,,,,,,20260328,,,,,,,,,,,,,,,,,,,,,,,,
70085,0,20040704,Ｄ．オリヴァ,Ｄ．オリヴァー,オリヴ,3,豪州,19720622,2004,0,,これといってみどころなかったような？,20020815,,,,,,,20260328,,,,,,,,,,,,,,,,,,,,,,,,
70086,1,19940402,Ｅ．Ａ．ウィ,Ｅ．Ａ．ウィルキンソン,ウィル,3,外国,19710205,1994,0,,,,,,,,,,20260328,,,,,,,,,,,,,,,,,,,,,,,,
70088,1,19941223,Ｊ．キャシデ,Ｊ．キャシディ,キャシ,3,外国,19630121,1994,0,,,,,,,,,,20260328,,,,,,,,,,,,,,,,,,,,,,,,
70089,1,20021202,Ｌ．オサリバ,Ｌ．オサリバン,オサリ,3,新国,19630828,2002,0,,騎乗馬に恵まれなかったこともあって目立た,20020815,,,,,,,20260328,,,,,,,,,,,,,,,,,,,,,,,,
70090,1,19940402,Ｍ．Ｋ．ウォ,Ｍ．Ｋ．ウォルス,ウォル,3,外国,19740601,1994,0,,,,,,,,,,20260328,,,,,,,,,,,,,,,,,,,,,,,,
70091,1,20001127,Ｐ．エデリー,Ｐ．エデリー,エデリ,3,英国,19520318,2000,0,,,,,,,,,,20260328,,,,,,,,,,,,,,,,,,,,,,,,
70092,1,19940528,Ｐ．ワーシン,Ｐ．ワーシントン,ワーシ,3,外国,19641206,1994,0,,,,,,,,,,20260328,,,,,,,,,,,,,,,,,,,,,,,,
70093,1,19940521,Ｗ．スウィン,Ｗ．スウィンバーン,スウィ,3,外国,19610807,1994,0,,,,,,,,,,20260328,,,,,,,,,,,,,,,,,,,,,,,,
70094,1,19941223,Ｗ．ハリス,Ｗ．ハリス,ハリス,3,外国,19601217,1994,0,,,,,,,,,,20260328,,,,,,,,,,,,,,,,,,,,,,,,
70095,1,19951229,Ａ．Ｓ．クル,Ａ．Ｓ．クルーズ,クルー,3,外国,19561224,1995,0,,,,,,,,,,20260328,,,,,,,,,,,,,,,,,,,,,,,,
70096,1,19951222,Ｅ．メイプル,Ｅ．メイプル,メイプ,3,外国,19481108,1995,0,,,,,,,,,,20260328,,,,,,,,,,,,,,,,,,,,,,,,
70097,1,19950401,Ｇ．フォルテ,Ｇ．フォルテ,フォル,3,外国,19710228,1995,0,,,,,,,,,,20260328,,,,,,,,,,,,,,,,,,,,,,,,
70098,1,19950520,Ｊ．Ｋ．エバ,Ｊ．Ｋ．エバンス,エバン,3,外国,19681215,1995,0,,,,,,,,,,20260328,,,,,,,,,,,,,,,,,,,,,,,,
70099,1,19951229,Ｋ．ダーレイ,Ｋ．ダーレイ,ダーレ,3,外国,19600508,1995,0,,,,,,,,,,20260328,,,,,,,,,,,,,,,,,,,,,,,,
70100,1,19950928,Ｌ．クロップ,Ｌ．クロップ,クロッ,3,外国,19701031,1995,0,,,,,,,,,,20260328,,,,,,,,,,,,,,,,,,,,,,,,
70101,0,20101129,Ｍ．スミス,Ｍ．スミス,スミス,3,米国,19660810,2010,0,,,,,,,,,,20260328,,,,,,,,,,,,,,,,,,,,,,,,
70102,1,19950520,Ｍ．クリンゲ,Ｍ．クリンゲンバーグ,クリン,3,外国,19580720,1995,0,,,,,,,,,,20260328,,,,,,,,,,,,,,,,,,,,,,,,
70103,1,19950401,Ｐ．ペイン,Ｐ．ペイン,ペイン,3,外国,19750516,1995,0,,,,,,,,,,20260328,,,,,,,,,,,,,,,,,,,,,,,,
70104,1,19950520,Ｒ．ヒルズ,Ｒ．ヒルズ,ヒルズ,3,外国,19630122,1995,0,,,,,,,,,,20260328,,,,,,,,,,,,,,,,,,,,,,,,
70105,1,19950816,Ｓ．ソト,Ｓ．ソト,ソ　ト,3,外国,19520725,1995,0,,,,,,,,,,20260328,,,,,,,,,,,,,,,,,,,,,,,,
70106,1,19960114,Ｔ．カベル,Ｔ．カベル,カベル,3,外国,19651207,1995,0,,,,,,,,,,20260328,,,,,,,,,,,,,,,,,,,,,,,,
70107,1,19961204,Ａ．マシュー,Ａ．マシューズ,マシュ,3,豪州,19560211,1996,0,,,,,,,,,,20260328,,,,,,,,,,,,,,,,,,,,,,,,
70108,0,20051128,Ｃ．ナカタニ,Ｃ．ナカタニ,ナカタ,3,米国,19701021,2005,0,,,,,,,,,,20260328,,,,,,,,,,,,,,,,,,,,,,,,
70109,0,20090420,Ｃ．ダーデン,Ｃ．ダーデン,ダーデ,3,豪州,19720421,2009,0,,,,,,,,,,20260328,,,,,,,,,,,,,,,,,,,,,,,,
70110,1,19961125,Ｃ．マッキャ,Ｃ．マッキャロン,マッキ,3,米国,19550327,1996,0,,,,,,,,,,20260328,,,,,,,,,,,,,,,,,,,,,,,,
70111,0,20061204,Ｄ．ビードマ,Ｄ．ビードマン,ビード,3,豪州,19651117,2006,0,,,,,,,,,,20260328,,,,,,,,,,,,,,,,,,,,,,,,
70112,0,20071126,Ｄ．ホランド,Ｄ．ホランド,ホラン,3,英国,19720614,2007,0,,,,,,,,,,20260328,,,,,,,,,,,,,,,,,,,,,,,,
70113,1,19960304,Ｊ．ウィーバ,Ｊ．ウィーバー,ウィー,3,英国,19720209,1996,0,,,,,,,,,,20260328,,,,,,,,,,,,,,,,,,,,,,,,
70114,0,20111205,Ｊ．ヴェラス,Ｊ．ヴェラスケス,ヴェラ,3,米国,19711124,2011,0,,,,,,,,,,20260328,,,,,,,,,,,,,,,,,,,,,,,,
70115,1,19960527,Ｊ．ツェ,Ｊ．ツェ,ツェ,3,豪州,19700930,1996,0,,,,,,,,,,20260328,,,,,,,,,,,,,,,,,,,,,,,,
70116,1,19960304,Ｊ．ブラボ,Ｊ．ブラボ,ブラボ,3,外国,19710910,1996,0,,,,,,,,,,20260328,,,,,,,,,,,,,,,,,,,,,,,,
70117,1,20011126,Ｊ．ベイリー,Ｊ．ベイリー,ベイリ,3,米国,19570829,2001,0,,伊藤雄厩舎の騎乗多かったが、特には…,20020815,,,,,,,20260328,,,,,,,,,,,,,,,,,,,,,,,,
70118,1,19960527,Ｌ．グーチェ,Ｌ．グーチェ,グーチ,3,外国,19651110,1996,0,,,,,,,,,,20260328,,,,,,,,,,,,,,,,,,,,,,,,
70119,1,19960527,Ｍ．ナレドゥ,Ｍ．ナレドゥ,ナレド,3,外国,19681008,1996,0,,,,,,,,,,20260328,,,,,,,,,,,,,,,,,,,,,,,,
70120,1,20021125,Ｍ．ヒルズ,Ｍ．ヒルズ,ヒルズ,3,英国,19630122,2002,0,,,,,,,,,,20260328,,,,,,,,,,,,,,,,,,,,,,,,
70121,1,19970304,Ｍ．ブータン,Ｍ．ブータン,ブータ,3,外国,19711109,1996,0,,,,,,,,,,20260328,,,,,,,,,,,,,,,,,,,,,,,,
70122,0,20141201,Ｐ．スマレン,Ｐ．スマレン,スマレ,3,愛国,19770522,2014,0,,,,,,,,,,20260328,,,,,,,,,,,,,,,,,,,,,,,,
70123,1,20000807,Ｐ．ラオ,Ｐ．ラオ,ラ　オ,3,澳門,19740910,2000,0,,,,,,,,,,20260328,,,,,,,,,,,,,,,,,,,,,,,,
70124,1,19960527,Ｒ．ウッドワ,Ｒ．ウッドワース,ウッド,3,外国,19730919,1996,0,,,,,,,,,,20260328,,,,,,,,,,,,,,,,,,,,,,,,
70125,1,19961125,Ｒ．クィン,Ｒ．クィン,クィン,3,英国,19611202,1996,0,,,,,,,,,,20260328,,,,,,,,,,,,,,,,,,,,,,,,
70126,1,19960304,Ｓ．キャンベ,Ｓ．キャンベル,キャン,3,外国,19761208,1996,0,,,,,,,,,,20260328,,,,,,,,,,,,,,,,,,,,,,,,
70127,1,19961202,Ｔ．アラン,Ｔ．アラン,アラン,3,新国,19661128,1996,0,,,,,,,,,,20260328,,,,,,,,,,,,,,,,,,,,,,,,
70128,1,20021125,Ｔ．テュリエ,Ｔ．テュリエ,テュリ,3,外国,19730804,2002,0,,,,,,,,,,20260328,,,,,,,,,,,,,,,,,,,,,,,,
70129,0,20250608,Ａ．シュタル,Ａ．シュタルケ,シュタ,3,独国,19740104,2025,0,,,,,,,,4.0,2.0,20260328,,,,,,,,,,,,,,,,,,,,,,,,
70130,1,19971124,Ｊ．Ａ．リー,Ｊ．Ａ．リード,リード,3,外国,19550806,1997,0,,,,,,,,,,20260328,,,,,,,,,,,,,,,,,,,,,,,,
70131,1,19971201,Ｊ．コレット,Ｊ．コレット,コレッ,3,新国,19600524,1997,0,,,,,,,,,,20260328,,,,,,,,,,,,,,,,,,,,,,,,
70132,1,19970526,Ｊ．ニヤマパ,Ｊ．ニヤマパ,ニヤマ,3,外国,19630204,1997,0,,,,,,,,,,20260328,,,,,,,,,,,,,,,,,,,,,,,,
70133,1,19971215,Ｊ．マトス,Ｊ．マトス,マトス,3,米国,19770915,1997,0,,,,,,,,,,20260328,,,,,,,,,,,,,,,,,,,,,,,,
70134,1,19970526,Ｋ．アプ,Ｋ．アプ,ア　プ,3,外国,19741222,1997,0,,,,,,,,,,20260328,,,,,,,,,,,,,,,,,,,,,,,,
70135,1,19970526,Ｋ．タム,Ｋ．タム,タ　ム,3,外国,19690411,1997,0,,,,,,,,,,20260328,,,,,,,,,,,,,,,,,,,,,,,,
70136,1,19971201,Ｐ．デイ,Ｐ．デイ,デ　イ,3,米国,19531013,1997,0,,,,,,,,,,20260328,,,,,,,,,,,,,,,,,,,,,,,,
70137,1,19970526,Ｐ．ディレマ,Ｐ．ディレマ,ディレ,3,外国,19781006,1997,0,,,,,,,,,,20260328,,,,,,,,,,,,,,,,,,,,,,,,
70138,1,19971201,Ｓ．ダイ,Ｓ．ダイ,ダ　イ,3,豪州,19660926,1997,0,,,,,,,,,,20260328,,,,,,,,,,,,,,,,,,,,,,,,
70139,0,20150831,Ｔ．ジャルネ,Ｔ．ジャルネ,ジャル,3,仏国,19670324,2015,0,,,,,,,,,,20260328,,,,,,,,,,,,,,,,,,,,,,,,
70140,1,19971215,Ｗ．マルチネ,Ｗ．マルチネス,マルチ,3,米国,19710303,1997,0,,,,,,,,,,20260328,,,,,,,,,,,,,,,,,,,,,,,,
70141,1,19980427,Ａ．ギャラウ,Ａ．ギャラウェイ,ギャラ,3,豪州,19691203,1998,0,,,,,,,,,,20260328,,,,,,,,,,,,,,,,,,,,,,,,
70142,1,19980427,Ｂ．パウエル,Ｂ．パウエル,パウエ,3,外国,19601014,1998,0,,,,,,,,,,20260328,,,,,,,,,,,,,,,,,,,,,,,,
70143,1,19981130,Ｃ．アスムッ,Ｃ．アスムッセン,アスム,3,仏国,19620315,1998,0,,,,,,,,,,20260328,,,,,,,,,,,,,,,,,,,,,,,,
70144,1,19980427,Ｇ．コッター,Ｇ．コッター,コッタ,3,愛国,19761122,1998,0,,,,,,,,,,20260328,,,,,,,,,,,,,,,,,,,,,,,,
70145,0,20131202,Ｇ．スティー,Ｇ．スティーヴンス,スティ,3,米国,19630306,2013,0,,,,,,,,,,20260328,,,,,,,,,,,,,,,,,,,,,,,,
70146,0,20031208,Ｊ．サントス,Ｊ．サントス,サント,3,米国,19610426,2003,0,,,,,,,,,,20260328,,,,,,,,,,,,,,,,,,,,,,,,
70147,1,20000807,Ｋ．ウー,Ｋ．ウー,ウー,3,馬国,19600307,2000,0,,,,,,,,,,20260328,,,,,,,,,,,,,,,,,,,,,,,,
70148,1,19980601,Ｋ．スリブー,Ｋ．スリブーン,スリブ,3,泰国,19810702,1998,0,,,,,,,,,,20260328,,,,,,,,,,,,,,,,,,,,,,,,
70149,1,19980601,Ｋ．チン,Ｋ．チン,チ　ン,3,香港,19740720,1998,0,,,,,,,,,,20260328,,,,,,,,,,,,,,,,,,,,,,,,
70150,0,20141208,Ｋ．デザーモ,Ｋ．デザーモ,デザー,3,米国,19700227,2014,0,,馬込でじっと我慢、追い出し抜群,20020815,,,,,,,20260328,,,,,,,,,,,,,,,,,,,,,,,,
70151,1,19980601,Ｋ．レイ,Ｋ．レイ,レ　イ,3,澳門,19750111,1998,0,,,,,,,,,,20260328,,,,,,,,,,,,,,,,,,,,,,,,
70152,1,19980601,Ｍ．レコサー,Ｍ．レコサーナ,レコサ,3,比国,19780105,1998,0,,,,,,,,,,20260328,,,,,,,,,,,,,,,,,,,,,,,,
70153,1,20071203,Ｏ．ボッソン,Ｏ．ボッソン,ボッソ,3,新国,19800724,2007,0,,,,,,,,,,20260328,,,,,,,,,,,,,,,,,,,,,,,,
70154,1,19980601,Ｒ．チョクセ,Ｒ．チョクセイ,チョク,3,印国,19750104,1998,0,,,,,,,,,,20260328,,,,,,,,,,,,,,,,,,,,,,,,
70155,1,19980427,Ｒ．マウンド,Ｒ．マウンド,マウン,3,外国,19720530,1998,0,,,,,,,,,,20260328,,,,,,,,,,,,,,,,,,,,,,,,
70156,0,20091123,Ａ．ムンロ,Ａ．ムンロ,ムンロ,3,英国,19670114,2009,0,,,,,,,,,,20260328,,,,,,,,,,,,,,,,,,,,,,,,
70157,1,19990405,Ａ．マドレー,Ａ．マドレーヌ,マドレ,3,仏国,19720415,1999,0,,,,,,,,,,20260328,,,,,,,,,,,,,,,,,,,,,,,,
70158,1,19991206,Ｂ．マーカス,Ｂ．マーカス,マーカ,3,香港,19570105,1999,0,,,,,,,,,,20260328,,,,,,,,,,,,,,,,,,,,,,,,
70159,1,19990524,Ｃ．モンチョ,Ｃ．モンチョイ,モンチ,3,泰国,19630914,1999,0,,,,,,,,,,20260328,,,,,,,,,,,,,,,,,,,,,,,,
70160,0,20061002,Ｄ．オドノヒ,Ｄ．オドノヒュー,Ｄオド,3,英国,19720924,2006,0,,,,,,,,,,20260328,,,,,,,,,,,,,,,,,,,,,,,,
70161,1,19990405,Ｄ．ケイシー,Ｄ．ケイシー,ケイシ,3,愛国,19760329,1999,0,,,,,,,,,,20260328,,,,,,,,,,,,,,,,,,,,,,,,
70162,1,19991206,Ｄ．ブラッド,Ｄ．ブラッドレー,ブラッ,3,新国,19660815,1999,0,,,,,,,,,,20260328,,,,,,,,,,,,,,,,,,,,,,,,
70163,0,20170827,Ｄ．ホワイト,Ｄ．ホワイト,ホワイ,3,香港,19711115,2017,0,,,,,,,,,,20260328,,,,,,,,,,,,,,,,,,,,,,,,
70164,1,20070604,Ｅ．サンマル,Ｅ．サンマルタン,サンマ,3,香港,19650831,2007,0,,,,,,,,,,20260328,,,,,,,,,,,,,,,,,,,,,,,,
70165,1,19991129,Ｇ．ダフィー,Ｇ．ダフィールド,ダフィ,3,英国,19461130,1999,0,,,,,,,,,,20260328,,,,,,,,,,,,,,,,,,,,,,,,
70166,1,19990628,Ｇ．フーバー,Ｇ．フーバー,フーバ,3,外国,19561130,1999,0,,,,,,,,,,20260328,,,,,,,,,,,,,,,,,,,,,,,,
70167,0,20171002,Ｇ．モッセ,Ｇ．モッセ,モッセ,3,香港,19670103,2017,0,,,,,,,,,,20260328,,,,,,,,,,,,,,,,,,,,,,,,
70168,1,19990524,Ｈ．キム,Ｈ．キム,キ　ム,3,韓国,19651104,1999,0,,,,,,,,,,20260328,,,,,,,,,,,,,,,,,,,,,,,,
70169,0,20031201,Ｊ．シャヴェ,Ｊ．シャヴェス,シャヴ,3,米国,19611125,2003,0,,,,,,,,,,20260328,,,,,,,,,,,,,,,,,,,,,,,,
70170,0,20131125,Ｊ．ムルタ,Ｊ．ムルタ,ムルタ,3,愛国,19700514,2013,0,,追い姿は派手,20020815,,,,,,,20260328,,,,,,,,,,,,,,,,,,,,,,,,
70171,1,19990405,Ｋ．ゴール,Ｋ．ゴール,ゴール,3,愛国,19730822,1999,0,,,,,,,,,,20260328,,,,,,,,,,,,,,,,,,,,,,,,
70172,1,19990614,Ｋ．ユー,Ｋ．ユー,ユー,3,香港,19771128,1999,0,,,,,,,,,,20260328,,,,,,,,,,,,,,,,,,,,,,,,
70173,1,19991206,Ｌ．Ｖ．キャ,Ｌ．Ｖ．キャシディ,キャシ,3,豪州,19700705,1999,0,,,,,,,,,,20260328,,,,,,,,,,,,,,,,,,,,,,,,
70174,0,20241210,Ｌ．デットー,Ｌ．デットーリ,デット,3,英国,19701215,2024,0,,超一流の技術は見られず,20020815,,,,,,,20260328,,,,,,,,,,,,,,,,,,,,,,,,
70175,0,20091207,Ｍ．キネーン,Ｍ．キネーン,キネー,3,愛国,19590622,2009,0,,,,,,,,,,20260328,,,,,,,,,,,,,,,,,,,,,,,,
70176,0,00000000,Ｍ．デムーロ,Ｍ．デムーロ,Ｍデム,2,,19790111,2015,0,,日本の競馬にすっかり順応。,20020815,,,,38.0,5.0,1.0,20260328,,,,,,,,,,,,,,,,,,,,,,,,
70177,1,20001211,Ｍ．ロバーツ,Ｍ．ロバーツ,ロバー,3,英国,19540517,2000,0,,騎乗初週はおとなしめ,20020815,,,,,,,20260328,,,,,,,,,,,,,,,,,,,,,,,,
70178,1,19990524,Ｓ．ジュマト,Ｓ．ジュマト,ジュマ,3,馬国,19720120,1999,0,,,,,,,,,,20260328,,,,,,,,,,,,,,,,,,,,,,,,
70179,1,19991206,Ｓ．セラーズ,Ｓ．セラーズ,セラー,3,米国,19660924,1999,0,,,,,,,,,,20260328,,,,,,,,,,,,,,,,,,,,,,,,
70180,1,19990524,Ｔ．ニップ,Ｔ．ニップ,ニップ,3,澳門,19710210,1999,0,,,,,,,,,,20260328,,,,,,,,,,,,,,,,,,,,,,,,
70181,1,19991129,Ｔ．ヘリヤー,Ｔ．ヘリヤー,ヘリヤ,3,独国,19651205,1999,0,,,,,,,,,,20260328,,,,,,,,,,,,,,,,,,,,,,,,
70182,1,19990524,Ｖ．ディレマ,Ｖ．ディレマ,ディレ,3,比国,19711024,1999,0,,,,,,,,,,20260328,,,,,,,,,,,,,,,,,,,,,,,,
70183,1,19990614,Ｗ．サプル,Ｗ．サプル,サプル,3,英国,19680608,1999,0,,,,,,,,,,20260328,,,,,,,,,,,,,,,,,,,,,,,,
70184,1,19990405,Ｗ．スミス,Ｗ．スミス,スミス,3,豪州,19660405,1999,0,,,,,,,,,,20260328,,,,,,,,,,,,,,,,,,,,,,,,
70185,1,19990405,Ｗ．ハーネッ,Ｗ．ハーネット,ハーネ,3,豪州,19680810,1999,0,,,,,,,,,,20260328,,,,,,,,,,,,,,,,,,,,,,,,
70186,1,20040607,Ｗ．ライ,Ｗ．ライ,ラ　イ,3,香港,19731212,2004,0,,,,,,,,,,20260328,,,,,,,,,,,,,,,,,,,,,,,,
70189,1,20000417,Ａ．キングズ,Ａ．キングズリーＪｒ．,キング,3,米国,19720815,2000,0,,,,,,,,,,20260328,,,,,,,,,,,,,,,,,,,,,,,,
70190,1,20000417,Ｃ．ルウェル,Ｃ．ルウェルン,ルウェ,3,英国,19650729,2000,0,,,,,,,,,,20260328,,,,,,,,,,,,,,,,,,,,,,,,
70191,1,20020415,Ｎ．ウィリア,Ｎ．ウィリアムソン,ウィリ,3,英国,19690116,2002,0,,,,,,,,,,20260328,,,,,,,,,,,,,,,,,,,,,,,,
70192,1,20000417,Ｔ．ドゥーメ,Ｔ．ドゥーメン,ドゥー,3,仏国,19790426,2000,0,,,,,,,,,,20260328,,,,,,,,,,,,,,,,,,,,,,,,
70193,1,20000417,Ｃ．ゴンボー,Ｃ．ゴンボー,ゴンボ,3,仏国,19681218,2000,0,,,,,,,,,,20260328,,,,,,,,,,,,,,,,,,,,,,,,
70194,1,20000417,Ｐ．カーベリ,Ｐ．カーベリー,カーベ,3,愛国,19740209,2000,0,,,,,,,,,,20260328,,,,,,,,,,,,,,,,,,,,,,,,
70195,0,20070416,Ｂ．スコット,Ｂ．スコット,スコッ,3,豪州,19710113,2007,0,,,,,,,,,,20260328,,,,,,,,,,,,,,,,,,,,,,,,
70196,1,20000724,Ｆ．サンチェ,Ｆ．サンチェス,サンチ,3,仏国,19740901,2000,0,,豪腕でズブい馬もなんのその,20020815,,,,,,,20260328,,,,,,,,,,,,,,,,,,,,,,,,
70197,1,20070604,Ｒ．フラッド,Ｒ．フラッド,フラッ,3,香港,19641204,2007,0,,日本の競馬に順応、短期免許で来ればいいの,20020815,,,,,,,20260328,,,,,,,,,,,,,,,,,,,,,,,,
70198,1,20000724,Ａ．クルホー,Ａ．クルホーン,クルホ,3,独国,19691226,2000,0,,,,,,,,,,20260328,,,,,,,,,,,,,,,,,,,,,,,,
70199,1,20000724,Ｋ．ウッドバ,Ｋ．ウッドバーン,ウッド,3,独国,19570717,2000,0,,,,,,,,,,20260328,,,,,,,,,,,,,,,,,,,,,,,,
70200,1,20000807,Ｂ．アン,Ｂ．アン,ア　ン,3,外国,19660120,2000,0,,,,,,,,,,20260328,,,,,,,,,,,,,,,,,,,,,,,,
70201,1,20000807,Ｐ．ナームジ,Ｐ．ナームジュム,ナーム,3,泰国,19840626,2000,0,,,,,,,,,,20260328,,,,,,,,,,,,,,,,,,,,,,,,
70202,1,20000807,Ａ．アルカシ,Ａ．アルカシッドＪｒ．,アルカ,3,比国,19640424,2000,0,,,,,,,,,,20260328,,,,,,,,,,,,,,,,,,,,,,,,
70203,1,20000807,Ｃ．チェン,Ｃ．チェン,チェン,3,外国,19800328,2000,0,,,,,,,,,,20260328,,,,,,,,,,,,,,,,,,,,,,,,
70204,1,20010214,Ｄ．ハリソン,Ｄ．ハリソン,ハリソ,3,英国,19720708,2000,0,,,,,,,,,,20260328,,,,,,,,,,,,,,,,,,,,,,,,
70205,1,20021125,Ｄ．フローレ,Ｄ．フローレス,フロー,3,米国,19680205,2002,0,,,,,,,,,,20260328,,,,,,,,,,,,,,,,,,,,,,,,
70206,1,20030331,Ｊ．ヴァルデ,Ｊ．ヴァルディヴィアＪｒ．,ヴァル,3,米国,19741208,2003,0,,,,,,,,,,20260328,,,,,,,,,,,,,,,,,,,,,,,,
70207,0,20241124,Ｃ．スミヨン,Ｃ．スミヨン,スミヨ,3,仏国,19810604,2024,0,,位置取り文句なく、豪腕売り,20021028,,,,,,,20260328,,,,,,,,,,,,,,,,,,,,,,,,
70208,1,20020808,Ｅ．ラム,Ｅ．ラム,ラ　ム,3,新国,19681128,2002,0,,日本の障害騎手に混じれば技術は断然上,20021028,,,,,,,20260328,,,,,,,,,,,,,,,,,,,,,,,,
70209,1,20020415,Ｓ．ミラー,Ｓ．ミラー,ミラー,3,外国,19680807,2002,0,,,,,,,,,,20260328,,,,,,,,,,,,,,,,,,,,,,,,
70210,1,20110606,Ｗ．マーウィ,Ｗ．マーウィング,マーウ,3,香港,19700414,2011,0,,,,,,,,,,20260328,,,,,,,,,,,,,,,,,,,,,,,,
70211,1,20010912,Ｃ．マンス,Ｃ．マンス,マンス,3,豪州,19690517,2001,0,,,,,,,,,,20260328,,,,,,,,,,,,,,,,,,,,,,,,
70212,1,20011029,Ｄ．ソレンソ,Ｄ．ソレンソン,ソレン,3,米国,19580306,2001,0,,,,,,,,,,20260328,,,,,,,,,,,,,,,,,,,,,,,,
70213,0,20091206,Ａ．スボリッ,Ａ．スボリッチ,スボリ,3,独国,19710811,2009,0,,,,,,,,,,20260328,,,,,,,,,,,,,,,,,,,,,,,,
70214,0,20031201,Ｖ．エスピノ,Ｖ．エスピノーザ,Ｖエス,3,米国,19720523,2003,0,,騎乗停止食らって即帰国,20021028,,,,,,,20260328,,,,,,,,,,,,,,,,,,,,,,,,
70215,0,20081208,Ｅ．プラード,Ｅ．プラード,プラー,3,米国,19670612,2008,0,,,,,,,,,,20260328,,,,,,,,,,,,,,,,,,,,,,,,
70216,0,20051205,Ｋ．ファロン,Ｋ．ファロン,ファロ,3,愛国,19650222,2005,0,,,,,,,,,,20260328,,,,,,,,,,,,,,,,,,,,,,,,
70217,0,20181001,Ｂ．プレブル,Ｂ．プレブル,プレブ,3,香港,19770923,2018,0,,,,,,,,,,20260328,,,,,,,,,,,,,,,,,,,,,,,,
70218,1,20011203,Ｍ．ウォーカ,Ｍ．ウォーカー,ウォー,3,新国,19840427,2001,0,,,,,,,,,,20260328,,,,,,,,,,,,,,,,,,,,,,,,
70219,1,20020415,Ｗ．ヒルス,Ｗ．ヒルス,ヒルス,3,新国,19620622,2002,0,,日本の障害騎手に混じれば技術は断然上,20020815,,,,,,,20260328,,,,,,,,,,,,,,,,,,,,,,,,
70220,1,20020224,Ｇ．ビエトリ,Ｇ．ビエトリーニ,ビエト,3,伊国,19730601,2002,0,,,,,,,,,,20260328,,,,,,,,,,,,,,,,,,,,,,,,
70221,1,20020526,Ｂ．ドイル,Ｂ．ドイル,Ｂドイ,3,英国,19720830,2002,0,,慣れるまで時間掛かったが、今後は期待,20021225,,,,,,,20260328,,,,,,,,,,,,,,,,,,,,,,,,
70222,1,20050418,Ｃ．ソーント,Ｃ．ソーントン,ソーン,3,新国,19660818,2005,0,,,,,,,,,,20260328,,,,,,,,,,,,,,,,,,,,,,,,
70223,0,20050418,Ｆ．バラオ,Ｆ．バラオ,バラオ,3,仏国,19720311,2005,0,,,,,,,,,,20260328,,,,,,,,,,,,,,,,,,,,,,,,
70224,1,20020415,Ｄ．ベラ,Ｄ．ベラ,ベラ,3,,19770513,2002,0,,,,,,,,,,20260328,,,,,,,,,,,,,,,,,,,,,,,,
70225,0,20190827,Ｌ．オールプ,Ｌ．オールプレス,オール,3,新国,19750520,2019,0,,,,,,,,,,20260328,,,,,,,,,,,,,,,,,,,,,,,,
70226,1,20020415,Ｔ．マーフィ,Ｔ．マーフィー,マーフ,3,英国,19740820,2002,0,,,,,,,,,,20260328,,,,,,,,,,,,,,,,,,,,,,,,
70228,1,20030421,Ｒ．グリーン,Ｒ．グリーン,グリー,3,英国,19700206,2003,0,,,,,,,,,,20260328,,,,,,,,,,,,,,,,,,,,,,,,
70229,1,20020603,Ｓ．イム,Ｓ．イム,イ　ム,3,香港,19730527,2002,0,,,,,,,,,,20260328,,,,,,,,,,,,,,,,,,,,,,,,
70230,1,20040419,Ｒ．ロケット,Ｒ．ロケット,ロケッ,3,新国,19720126,2004,0,,病気で乗り替りあり。虚弱体質？,20021028,,,,,,,20260328,,,,,,,,,,,,,,,,,,,,,,,,
70231,0,20101129,Ｄ．ボニヤ,Ｄ．ボニヤ,ボニヤ,3,仏国,19730929,2010,0,,武豊いわく、長距離の名手,20021028,,,,,,,20260328,,,,,,,,,,,,,,,,,,,,,,,,
70232,0,20180325,Ｄ．バルジュ,Ｄ．バルジュー,バルジ,3,伊国,19760824,2018,0,,内枠での捌きに技感じる,20021209,,,,,,,20260328,,,,,,,,,,,,,,,,,,,,,,,,
70233,0,20111003,Ｆ．コーツィ,Ｆ．コーツィー,コーツ,3,香港,19590307,2011,0,,,,,,,,,,20260328,,,,,,,,,,,,,,,,,,,,,,,,
70234,0,00000000,Ｃ．ルメール,Ｃ．ルメール,ルメー,2,,19790520,2015,0,,日本に順応すれば、もっと勝てる,20021209,1.0,15.0,5.0,1.0,43.0,11.0,20260328,,,,,,,,,140.0,111.0,67.0,203.0,,,,,,,,,,,,
70235,1,20030421,Ｆ．リヒ,Ｆ．リヒ,リ　ヒ,3,愛国,19720919,2003,0,,,,,,,,,,20260328,,,,,,,,,,,,,,,,,,,,,,,,
70236,1,20030421,Ｊ．ティザー,Ｊ．ティザード,ティザ,3,英国,19791213,2003,0,,,,,,,,,,20260328,,,,,,,,,,,,,,,,,,,,,,,,
70237,0,20061127,Ｔ．ジレ,Ｔ．ジレ,ジ　レ,3,仏国,19691220,2006,0,,,,,,,,,,20260328,,,,,,,,,,,,,,,,,,,,,,,,
70238,0,20031201,Ｓ．キング,Ｓ．キング,キング,3,豪州,19691105,2003,0,,,,,,,,,,20260328,,,,,,,,,,,,,,,,,,,,,,,,
70239,0,20031201,Ｊ．コート,Ｊ．コート,コート,3,米国,19601123,2003,0,,,,,,,,,,20260328,,,,,,,,,,,,,,,,,,,,,,,,
70240,1,20040225,Ｌ．デマリア,Ｌ．デマリア,デマリ,3,伊国,19700519,2003,0,,,,,,,,,,20260328,,,,,,,,,,,,,,,,,,,,,,,,
70241,0,20040427,Ｔ．フォリー,Ｔ．フォリー,フォリ,3,米国,19800629,2004,0,,,,,,,,,,20260328,,,,,,,,,,,,,,,,,,,,,,,,
70242,1,20040329,Ｊ．ラスボン,Ｊ．ラスボン,ラスボ,3,新国,19800827,2004,0,,,,,,,,,,20260328,,,,,,,,,,,,,,,,,,,,,,,,
70243,0,20040419,Ａ．トリンダ,Ａ．トリンダー,トリン,3,豪州,19790910,2004,0,,,,,,,,,,20260328,,,,,,,,,,,,,,,,,,,,,,,,
70244,0,20241223,Ｒ．ムーア,Ｒ．ムーア,ムーア,3,英国,19830918,2024,0,,,,,,,,,,20260328,,,,,,,,,,,,,,,,,,,,,,,,
70245,0,20040607,Ｉ．プーグリ,Ｉ．プーグリシ,プーグ,3,米国,19740415,2004,0,,,,,,,,,,20260328,,,,,,,,,,,,,,,,,,,,,,,,
70246,1,20070416,Ｊ．リデル,Ｊ．リデル,リデル,3,新国,19780917,2007,0,,,,,,,,,,20260328,,,,,,,,,,,,,,,,,,,,,,,,
70247,0,20041122,Ｐ．ロビンソ,Ｐ．ロビンソン,ロビン,3,英国,19610110,2004,0,,,,,,,,,,20260328,,,,,,,,,,,,,,,,,,,,,,,,
70248,0,20151130,Ｓ．パスキエ,Ｓ．パスキエ,パスキ,3,仏国,19780117,2015,0,,,,,,,,,,20260328,,,,,,,,,,,,,,,,,,,,,,,,
70249,0,20041129,Ｍ．ドワイヤ,Ｍ．ドワイヤー,ドワイ,3,英国,19750628,2004,0,,,,,,,,,,20260328,,,,,,,,,,,,,,,,,,,,,,,,
70250,0,20160829,Ｊ．スペンサ,Ｊ．スペンサー,スペン,3,英国,19800608,2016,0,,,,,,,,,,20260328,,,,,,,,,,,,,,,,,,,,,,,,
70251,0,20180827,Ｉ．メンディ,Ｉ．メンディザバル,メンデ,3,仏国,19740502,2018,0,,,,,,,,,,20260328,,,,,,,,,,,,,,,,,,,,,,,,
70252,0,20060702,Ｇ．ボス,Ｇ．ボス,ボ　ス,3,豪州,19690821,2006,0,,,,,,,,,,20260328,,,,,,,,,,,,,,,,,,,,,,,,
70253,1,20050606,Ａ．デルペッ,Ａ．デルペッチ,デルペ,3,香港,19690210,2005,0,,,,,,,,,,20260328,,,,,,,,,,,,,,,,,,,,,,,,
70254,0,20111205,Ｒ．ドミンゲ,Ｒ．ドミンゲス,ドミン,3,米国,19761124,2011,0,,,,,,,,,,20260328,,,,,,,,,,,,,,,,,,,,,,,,
70255,0,20051128,Ｅ．コア,Ｅ．コア,コ　ア,3,米国,19710215,2005,0,,,,,,,,,,20260328,,,,,,,,,,,,,,,,,,,,,,,,
70256,0,20180827,Ｒ．ベハラー,Ｒ．ベハラーノ,ベハラ,3,米国,19820623,2018,0,,,,,,,,,,20260328,,,,,,,,,,,,,,,,,,,,,,,,
70257,1,20061119,Ｌ．イネス,Ｌ．イネス,イネス,3,新国,19780403,2006,0,,,,,,,,,,20260328,,,,,,,,,,,,,,,,,,,,,,,,
70258,0,20070108,Ｍ．モンテリ,Ｍ．モンテリーゾ,モンテ,3,伊国,19790701,2007,0,,,,,,,,,,20260328,,,,,,,,,,,,,,,,,,,,,,,,
70259,0,20060327,Ｈ．テリアン,Ｈ．テリアン,テリア,3,仏国,19750730,2006,0,,,,,,,,,,20260328,,,,,,,,,,,,,,,,,,,,,,,,
70260,1,20070416,Ｉ．ラプトン,Ｉ．ラプトン,ラプト,3,新国,19781130,2007,0,,,,,,,,,,20260328,,,,,,,,,,,,,,,,,,,,,,,,
70261,1,20060605,Ｄ．ダン,Ｄ．ダン,ダ　ン,3,香港,19730608,2006,0,,,,,,,,,,20260328,,,,,,,,,,,,,,,,,,,,,,,,
70262,0,20061002,Ｊ．フォード,Ｊ．フォード,フォー,3,豪州,19831124,2006,0,,,,,,,,,,20260328,,,,,,,,,,,,,,,,,,,,,,,,
70263,0,20250826,Ｃ．ウィリア,Ｃ．ウィリアムズ,ウィリ,3,豪州,19770523,2025,0,,,,,,,,1.0,0.0,20260328,,,,,,,,,,,,,,,,,,,,,,,,
70264,0,20101115,Ｊ．カステリ,Ｊ．カステリャーノ,カステ,3,米国,19771023,2010,0,,,,,,,,,,20260328,,,,,,,,,,,,,,,,,,,,,,,,
70265,0,20070604,Ｎ．キャロウ,Ｎ．キャロウ,キャロ,3,豪州,19750226,2007,0,,,,,,,,,,20260328,,,,,,,,,,,,,,,,,,,,,,,,
70266,0,20071126,Ｊ．タラモ,Ｊ．タラモ,タラモ,3,米国,19900112,2007,0,,,,,,,,,,20260328,,,,,,,,,,,,,,,,,,,,,,,,
70267,0,20071126,Ｔ．ムンドリ,Ｔ．ムンドリー,ムンド,3,独国,19710312,2007,0,,,,,,,,,,20260328,,,,,,,,,,,,,,,,,,,,,,,,
70268,0,20071126,Ｅ．アハーン,Ｅ．アハーン,アハー,3,愛国,19771206,2007,0,,,,,,,,,,20260328,,,,,,,,,,,,,,,,,,,,,,,,
70269,0,20190827,Ｊ．ルパルー,Ｊ．ルパルー,ルパル,3,米国,19830715,2019,0,,,,,,,,,,20260328,,,,,,,,,,,,,,,,,,,,,,,,
70270,0,20080421,Ｐ．ヤング,Ｐ．ヤング,ヤング,3,米国,19760212,2008,0,,,,,,,,,,20260328,,,,,,,,,,,,,,,,,,,,,,,,
70271,0,20080421,Ｃ．ピユー,Ｃ．ピユー,ピユー,3,仏国,19670415,2008,0,,,,,,,,,,20260328,,,,,,,,,,,,,,,,,,,,,,,,
70272,1,20080609,Ｏ．ドゥルー,Ｏ．ドゥルーズ,ドゥル,3,香港,19720419,2008,0,,,,,,,,,,20260328,,,,,,,,,,,,,,,,,,,,,,,,
70273,0,20081117,Ａ．ヘルフェ,Ａ．ヘルフェンバイン,ヘルフ,3,仏国,19670723,2008,0,,,,,,,,,,20260328,,,,,,,,,,,,,,,,,,,,,,,,
70274,0,20081124,Ｓ．キャラハ,Ｓ．キャラハン,キャラ,3,加国,19700821,2008,0,,,,,,,,,,20260328,,,,,,,,,,,,,,,,,,,,,,,,
70276,0,20081208,Ｃ．ヴェラス,Ｃ．ヴェラスケス,ヴェラ,3,米国,19680928,2008,0,,,,,,,,,,20260328,,,,,,,,,,,,,,,,,,,,,,,,
70277,0,20091207,Ｇ．ゴメス,Ｇ．ゴメス,ゴメス,3,米国,19720101,2009,0,,,,,,,,,,20260328,,,,,,,,,,,,,,,,,,,,,,,,
70278,0,20081208,Ａ．ガルシア,Ａ．ガルシア,ガルシ,3,米国,19851002,2008,0,,,,,,,,,,20260328,,,,,,,,,,,,,,,,,,,,,,,,
70279,0,20081208,Ｂ．シン,Ｂ．シン,シ　ン,3,豪州,19870926,2008,0,,,,,,,,,,20260328,,,,,,,,,,,,,,,,,,,,,,,,
70280,0,20251123,Ｍ．ザーラ,Ｍ．ザーラ,ザーラ,3,豪州,19820627,2025,0,,,,,,,,0.0,0.0,20260328,,,,,,,,,,,,,,,,,,,,,,,,
70281,0,20170828,Ａ．クラスト,Ａ．クラストゥス,クラス,3,仏国,19850407,2017,0,,,,,,,,,,20260328,,,,,,,,,,,,,,,,,,,,,,,,
70282,0,20091130,Ｄ．コーエン,Ｄ．コーエン,コーエ,3,米国,19841029,2009,0,,,,,,,,,,20260328,,,,,,,,,,,,,,,,,,,,,,,,
70283,0,20091207,Ｃ．ボレル,Ｃ．ボレル,ボレル,3,米国,19661107,2009,0,,,,,,,,,,20260328,,,,,,,,,,,,,,,,,,,,,,,,
70284,0,20091206,Ｒ．マラージ,Ｒ．マラージ,マラー,3,米国,19850709,2009,0,,,,,,,,,,20260328,,,,,,,,,,,,,,,,,,,,,,,,
70285,0,20100329,Ｔ．ウェルズ,Ｔ．ウェルズ,ウェル,3,豪州,19860210,2010,0,,,,,,,,,,20260328,,,,,,,,,,,,,,,,,,,,,,,,
70286,0,20240604,Ｚ．パートン,Ｚ．パートン,パート,3,香港,19830103,2024,0,,,,,,,,,,20260328,,,,,,,,,,,,,,,,,,,,,,,,
70287,0,20160726,Ｍ．デュプレ,Ｍ．デュプレシス,デュプ,3,新国,19751003,2016,0,,,,,,,,,,20260328,,,,,,,,,,,,,,,,,,,,,,,,
70288,1,20101004,Ｈ．ライ,Ｈ．ライ,ラ　イ,3,香港,19831029,2010,0,,,,,,,,,,20260328,,,,,,,,,,,,,,,,,,,,,,,,
70289,0,20221129,Ｍ．ギュイヨ,Ｍ．ギュイヨン,ギュイ,3,仏国,19890507,2022,0,,,,,,,,,,20260328,,,,,,,,,,,,,,,,,,,,,,,,
70290,0,20101129,Ｍ．チャドウ,Ｍ．チャドウィック,チャド,3,香港,19900712,2010,0,,,,,,,,,,20260328,,,,,,,,,,,,,,,,,,,,,,,,
70291,0,20101129,Ｐ．マルレナ,Ｐ．マルレナン,マルレ,3,愛国,19820422,2010,0,,,,,,,,,,20260328,,,,,,,,,,,,,,,,,,,,,,,,
70292,0,20101129,Ｓ．マイヨ,Ｓ．マイヨ,マイヨ,3,仏国,19740607,2010,0,,,,,,,,,,20260328,,,,,,,,,,,,,,,,,,,,,,,,
70293,0,20101129,Ｊ．スタイン,Ｊ．スタイン,スタイ,3,加国,19800208,2010,0,,,,,,,,,,20260328,,,,,,,,,,,,,,,,,,,,,,,,
70294,0,20190225,Ｆ．ブロンデ,Ｆ．ブロンデル,ブロン,3,仏国,19740410,2019,0,,,,,,,,,,20260328,,,,,,,,,,,,,,,,,,,,,,,,
70295,0,20190827,Ｃ．オドノヒ,Ｃ．オドノヒュー,Ｃオド,3,愛国,19801113,2019,0,,,,,,,,,,20260328,,,,,,,,,,,,,,,,,,,,,,,,
70296,0,20181126,Ｆ．ベリー,Ｆ．ベリー,Ｆベリ,3,愛国,19810102,2018,0,,,,,,,,,,20260328,,,,,,,,,,,,,,,,,,,,,,,,
70297,0,20230829,Ｕ．リスポリ,Ｕ．リスポリ,リスポ,3,伊国,19880831,2023,0,,,,,,,,,,20260328,,,,,,,,,,,,,,,,,,,,,,,,
70298,0,20251228,Ｃ．デムーロ,Ｃ．デムーロ,Ｃデム,3,伊国,19920708,2025,0,,,,,,,,10.0,3.0,20260328,,,,,,,,,,,,,,,,,,,,,,,,
70299,0,20121014,Ｎ．ピンナ,Ｎ．ピンナ,ピンナ,3,伊国,19881015,2012,0,,,,,,,,,,20260328,,,,,,,,,,,,,,,,,,,,,,,,
70300,1,20111002,Ｔ．アングラ,Ｔ．アングランド,アング,3,香港,19890716,2011,0,,,,,,,,,,20260328,,,,,,,,,,,,,,,,,,,,,,,,
70301,0,20111128,Ｊ．エスピノ,Ｊ．エスピノーザ,Ｊエス,3,米国,19691217,2011,0,,,,,,,,,,20260328,,,,,,,,,,,,,,,,,,,,,,,,
70302,0,20111205,Ｐ．ハナガン,Ｐ．ハナガン,ハナガ,3,英国,19800908,2011,0,,,,,,,,,,20260328,,,,,,,,,,,,,,,,,,,,,,,,
70303,0,20140427,Ｅ．ペドロサ,Ｅ．ペドロサ,ペドロ,3,独国,19740730,2014,0,,,,,,,,,,20260328,,,,,,,,,,,,,,,,,,,,,,,,
70304,0,20111205,Ｌ．ノレン,Ｌ．ノレン,ノレン,3,豪州,19800312,2011,0,,,,,,,,,,20260328,,,,,,,,,,,,,,,,,,,,,,,,
70305,0,20170828,Ｔ．クウィリ,Ｔ．クウィリー,クウィ,3,愛国,19841008,2017,0,,,,,,,,,,20260328,,,,,,,,,,,,,,,,,,,,,,,,
70306,0,20121001,Ｏ．チャベス,Ｏ．チャベス,チャベ,3,星国,19740821,2012,0,,,,,,,,,,20260328,,,,,,,,,,,,,,,,,,,,,,,,
70307,0,20121126,Ｎ．カラン,Ｎ．カラン,カラン,3,英国,19780706,2012,0,,,,,,,,,,20260328,,,,,,,,,,,,,,,,,,,,,,,,
70308,0,20241201,Ｗ．ビュイッ,Ｗ．ビュイック,ビュイ,3,英国,19880722,2024,0,,,,,,,,,,20260328,,,,,,,,,,,,,,,,,,,,,,,,
70309,0,20160129,Ｄ．マクドノ,Ｄ．マクドノー,マクド,3,愛国,19800121,2016,0,,,,,,,,,,20260328,,,,,,,,,,,,,,,,,,,,,,,,
70310,0,20221129,Ｇ．ブノワ,Ｇ．ブノワ,ブノワ,3,仏国,19830207,2022,0,,,,,,,,,,20260328,,,,,,,,,,,,,,,,,,,,,,,,
70311,0,20130415,Ｒ．ウォルシ,Ｒ．ウォルシュ,ウォル,3,愛国,19790514,2013,0,,,,,,,,,,20260328,,,,,,,,,,,,,,,,,,,,,,,,
70312,0,20251202,Ｍ．バルザロ,Ｍ．バルザローナ,バルザ,3,仏国,19910803,2025,0,,,,,,,,1.0,1.0,20260328,,,,,,,,,,,,,,,,,,,,,,,,
70313,0,20140531,Ｒ．エノン,Ｒ．エノン,エノン,3,新国,19800218,2014,0,,,,,,,,,,20260328,,,,,,,,,,,,,,,,,,,,,,,,
70314,0,20250928,Ｊ．モレイラ,Ｊ．モレイラ,モレイ,3,伯国,19830926,2025,0,,,,,,,,17.0,5.0,20260328,,,,,,,,,,,,,,,,,,,,,,,,
70315,0,20140914,Ｎ．ローウィ,Ｎ．ローウィラー,ローウ,3,豪州,19741208,2014,0,,,,,,,,,,20260328,,,,,,,,,,,,,,,,,,,,,,,,
70316,0,20140928,Ｍ．エスポジ,Ｍ．エスポジート,エスポ,3,伊国,19740918,2014,0,,,,,,,,,,20260328,,,,,,,,,,,,,,,,,,,,,,,,
70317,0,20141031,Ｄ．ペロヴィ,Ｄ．ペロヴィッチ,ペロヴ,3,塞国,19810717,2014,0,,,,,,,,,,20260328,,,,,,,,,,,,,,,,,,,,,,,,
70318,0,20161128,Ｐ．ブドー,Ｐ．ブドー,ブドー,3,仏国,19921221,2016,0,,,,,,,,,,20260328,,,,,,,,,,,,,,,,,,,,,,,,
70319,0,20141201,Ｋ．マニング,Ｋ．マニング,マニン,3,愛国,19670307,2014,0,,,,,,,,,,20260328,,,,,,,,,,,,,,,,,,,,,,,,
70320,0,20170828,Ｅ．ダシルヴ,Ｅ．ダシルヴァ,ダシル,3,加国,19750629,2017,0,,,,,,,,,,20260328,,,,,,,,,,,,,,,,,,,,,,,,
70321,0,20200403,Ｆ．ミナリク,Ｆ．ミナリク,ミナリ,3,独国,19750310,2020,0,,,,,,,,,,20260328,,,,,,,,,,,,,,,,,,,,,,,,
70322,0,20141201,Ａ．デフリー,Ａ．デフリース,デフリ,3,独国,19690727,2014,0,,,,,,,,,,20260328,,,,,,,,,,,,,,,,,,,,,,,,
70323,0,20160229,Ｌ．コントレ,Ｌ．コントレラス,コント,3,加国,19860314,2016,0,,,,,,,,,,20260328,,,,,,,,,,,,,,,,,,,,,,,,
70324,0,20240602,Ｊ．マクドナ,Ｊ．マクドナルド,マクド,3,豪国,19920106,2024,0,,,,,,,,,,20260328,,,,,,,,,,,,,,,,,,,,,,,,
70325,0,20150831,Ｈ．ターナー,Ｈ．ターナー,ターナ,3,英国,19830103,2015,0,,,,,,,,,,20260328,,,,,,,,,,,,,,,,,,,,,,,,
70326,0,20171204,Ａ．アッゼニ,Ａ．アッゼニ,アッゼ,3,英国,19910326,2017,0,,,,,,,,,,20260328,,,,,,,,,,,,,,,,,,,,,,,,
70327,0,20160627,Ｔ．ベリー,Ｔ．ベリー,Ｔベリ,3,豪州,19910121,2016,0,,,,,,,,,,20260328,,,,,,,,,,,,,,,,,,,,,,,,
70328,0,20181224,Ｈ．ボウマン,Ｈ．ボウマン,ボウマ,3,豪州,19800714,2018,0,,,,,,,,,,20260328,,,,,,,,,,,,,,,,,,,,,,,,
70329,0,20221115,Ｓ．フォーリ,Ｓ．フォーリー,フォー,3,愛国,19880311,2022,0,,,,,,,,,,20260328,,,,,,,,,,,,,,,,,,,,,,,,
70330,0,20161023,Ｆ．ヴェロン,Ｆ．ヴェロン,ヴェロ,3,仏国,19830922,2016,0,,,,,,,,,,20260328,,,,,,,,,,,,,,,,,,,,,,,,
70331,0,20250825,Ｋ．ティータ,Ｋ．ティータン,ティー,3,香港,19900603,2025,0,,,,,,,,0.0,0.0,20260328,,,,,,,,,,,,,,,,,,,,,,,,
70332,0,20160829,Ｅ．ウィルソ,Ｅ．ウィルソン,ウィル,3,加国,19810901,2016,0,,,,,,,,,,20260328,,,,,,,,,,,,,,,,,,,,,,,,
70333,0,20161128,Ｉ．ファーガ,Ｉ．ファーガソン,ファー,3,独国,19710629,2016,0,,,,,,,,,,20260328,,,,,,,,,,,,,,,,,,,,,,,,
70334,0,20171224,Ｖ．シュミノ,Ｖ．シュミノー,シュミ,3,仏国,19931118,2017,0,,,,,,,,,,20260328,,,,,,,,,,,,,,,,,,,,,,,,
70335,0,20170828,Ｋ．マリヨン,Ｋ．マリヨン,マリヨ,3,豪州,19940410,2017,0,,,,,,,,,,20260328,,,,,,,,,,,,,,,,,,,,,,,,
70336,0,20170828,Ｋ．マカヴォ,Ｋ．マカヴォイ,マカヴ,3,豪州,19801024,2017,0,,,,,,,,,,20260328,,,,,,,,,,,,,,,,,,,,,,,,
70337,0,20171127,Ｄ．ポルク,Ｄ．ポルク,ポルク,3,独国,19830303,2017,0,,,,,,,,,,20260328,,,,,,,,,,,,,,,,,,,,,,,,
70338,0,20171127,Ｃ．パリッシ,Ｃ．パリッシュ,パリッ,3,豪州,19890622,2017,0,,,,,,,,,,20260328,,,,,,,,,,,,,,,,,,,,,,,,
70339,0,20180604,Ｓ．クリッパ,Ｓ．クリッパートン,クリッ,3,香港,19940122,2018,0,,,,,,,,,,20260328,,,,,,,,,,,,,,,,,,,,,,,,
70340,0,20190526,Ｂ．アヴドゥ,Ｂ．アヴドゥラ,アヴド,3,豪州,19910118,2019,0,,,,,,,,,,20260328,,,,,,,,,,,,,,,,,,,,,,,,
70341,0,20180827,Ｓ．コレット,Ｓ．コレット,コレッ,3,新国,19891121,2018,0,,,,,,,,,,20260328,,,,,,,,,,,,,,,,,,,,,,,,
70342,0,20180827,Ｃ．スコフィ,Ｃ．スコフィールド,スコフ,3,香港,19940216,2018,0,,,,,,,,,,20260328,,,,,,,,,,,,,,,,,,,,,,,,
70343,0,20181203,Ｍ．グティエ,Ｍ．グティエレス,グティ,3,米国,19860919,2018,0,,,,,,,,,,20260328,,,,,,,,,,,,,,,,,,,,,,,,
70344,0,20200203,Ｏ．マーフィ,Ｏ．マーフィー,マーフ,3,英国,19950906,2020,0,,,,,,,,,,20260328,,,,,,,,,,,,,,,,,,,,,,,,
70345,0,20251130,Ｄ．レーン,Ｄ．レーン,レーン,3,豪州,19940206,2025,0,,,,,,,,13.0,2.0,20260328,,,,,,,,,,,,,,,,,,,,,,,,
70346,0,20241207,Ｍ．ミシェル,Ｍ．ミシェル,ミシェ,3,仏国,19950715,2024,0,,,,,,,,,,20260328,,,,,,,,,,,,,,,,,,,,,,,,
70347,0,20200504,Ｌ．ヒューイ,Ｌ．ヒューイットソン,Ｌヒュ,3,南ア,19971030,2020,0,,,,,,,,,,20260328,,,,,,,,,,,,,,,,,,,,,,,,
70348,0,20240827,Ｃ．ホー,Ｃ．ホー,Ｃホー,3,香港,19900525,2024,0,,,,,,,,,,20260328,,,,,,,,,,,,,,,,,,,,,,,,
70349,0,20230129,Ｄ．イーガン,Ｄ．イーガン,イーガ,3,英国,19990619,2023,0,,,,,,,,,,20260328,,,,,,,,,,,,,,,,,,,,,,,,
70350,0,20230228,Ｔ．バシュロ,Ｔ．バシュロ,バシュ,3,仏国,19920922,2023,0,,,,,,,,,,20260328,,,,,,,,,,,,,,,,,,,,,,,,
70351,0,20220830,Ｊ．グラハム,Ｊ．グラハム,グラハ,3,米国,19790517,2022,0,,,,,,,,,,20260328,,,,,,,,,,,,,,,,,,,,,,,,
70352,0,20220830,Ｃ．パコー,Ｃ．パコー,パコー,3,仏国,19980922,2022,0,,,,,,,,,,20260328,,,,,,,,,,,,,,,,,,,,,,,,
70353,0,20250114,Ｈ．ドイル,Ｈ．ドイル,Ｈドイ,3,英国,19961011,2025,0,,,,,,,,0.0,0.0,20260328,,,,,,,,,,,,,,,,,,,,,,,,
70354,0,20251228,Ｔ．マーカン,Ｔ．マーカンド,マーカ,3,英国,19980330,2025,0,,,,,,,,5.0,0.0,20260328,,,,,,,,,,,,,,,,,,,,,,,,
70355,0,20240414,Ｂ．ムルザバ,Ｂ．ムルザバエフ,ムルザ,3,独国,19920917,2024,0,,,,,,,,,,20260328,,,,,,,,,,,,,,,,,,,,,,,,
70356,0,20240124,Ｌ．モリス,Ｌ．モリス,モリス,3,英国,19881020,2024,0,,,,,,,,,,20260328,,,,,,,,,,,,,,,,,,,,,,,,
70357,0,20231128,Ｍ．ヴェロン,Ｍ．ヴェロン,ヴェロ,3,仏国,19990208,2023,0,,,,,,,,,,20260328,,,,,,,,,,,,,,,,,,,,,,,,
70358,0,20260223,Ｒ．キング,Ｒ．キング,キング,3,英国,19900731,2026,0,,,,,2.0,0.0,,13.0,4.0,20260328,,,,,,,,,,,,,,,,,,,,,,,,
70359,0,20250825,Ａ．バデル,Ａ．バデル,バデル,3,仏国,19891205,2025,0,,,,,,,,5.0,0.0,20260328,,,,,,,,,,,,,,,,,,,,,,,,
70360,0,20250224,Ａ．ルメート,Ａ．ルメートル,Ａルメ,3,仏国,19890703,2025,0,,,,,,,,2.0,0.0,20260328,,,,,,,,,,,,,,,,,,,,,,,,
70361,0,20240229,Ｒ．キングス,Ｒ．キングスコート,Ｒキン,3,英国,19860719,2024,0,,,,,,,,,,20260328,,,,,,,,,,,,,,,,,,,,,,,,
70362,0,20241126,Ｒ．ピーヒュ,Ｒ．ピーヒュレク,ピーヒ,3,独国,19870424,2024,0,,,,,,,,,,20260328,,,,,,,,,,,,,,,,,,,,,,,,
70363,0,20250930,Ｋ．リョン,Ｋ．リョン,リョン,3,香港,19880730,2025,0,,,,,,,,0.0,0.0,20260328,,,,,,,,,,,,,,,,,,,,,,,,
70364,0,20240827,Ｔ．オシェア,Ｔ．オシェア,オシェ,3,UA,19820201,2024,0,,,,,,,,,,20260328,,,,,,,,,,,,,,,,,,,,,,,,
70365,0,20240827,Ｄ．サンチア,Ｄ．サンチアゴ,サンチ,3,仏国,19790228,2024,0,,,,,,,,,,20260328,,,,,,,,,,,,,,,,,,,,,,,,
70366,0,20260412,Ｍ．ディー,Ｍ．ディー,ディー,3,豪州,19960413,2026,0,,,,,0.0,0.0,,1.0,0.0,20260328,,,,,,,,,,,,,,,,,,,,,,,,
70367,0,20250826,Ｆ．ゴンサル,Ｆ．ゴンサルベス,ゴンサ,3,亜国,19900408,2025,0,,,,,,,,0.0,0.0,20260328,,,,,,,,,,,,,,,,,,,,,,,,
70368,0,20260227,Ｔ．ハマーハ,Ｔ．ハマーハンセン,ハマー,3,独国,19991017,2026,0,,,,,2.0,2.0,,2.0,0.0,20260328,,,,,,,,,,,,,,,,,,,,,,,,
70369,0,20250826,Ｃ．トーレス,Ｃ．トーレス,トーレ,3,米国,19970706,2025,0,,,,,,,,0.0,0.0,20260328,,,,,,,,,,,,,,,,,,,,,,,,
70370,0,20251229,Ａ．プーシャ,Ａ．プーシャン,プーシ,3,仏国,20000911,2025,0,,,,,,,,0.0,0.0,20260328,,,,,,,,,,,,,,,,,,,,,,,,
70371,0,20251231,Ｆ．ジェルー,Ｆ．ジェルー,ジェル,3,米国,19860716,2025,0,,,,,,,,0.0,0.0,20260328,,,,,,,,,,,,,,,,,,,,,,,,
