kaisai_key,yyyymmdd,kaisai_ku,youbi,course_name,weather_code,turf_baba_code,turf_baba_inner,turf_baba_mid,turf_baba_outer,turf_baba_sa,straight_sa_most,straight_sa_inner,straight_sa_mid,straight_sa_outer,straight_sa_far,dirt_baba_code,dirt_baba_inner,dirt_baba_mid,dirt_baba_outer,dirt_baba_sa,data_ku,renzoku_day,turf_type,grass_height,tennatsu,touketsu,rain_mid
2020060101,20200105,1,日,中山,1,1,2.0,2.0,2.0,-6.0,0.0,0.0,0.0,0.0,0.0,1,2.0,2.0,2.0,-6.0,4,,,,,,
2020080101,20200105,2,日,京都,1,1,1.0,1.0,1.0,-15.0,-1.0,-1.0,0.0,0.0,0.0,1,2.0,2.0,2.0,-1.0,4,,,,,,
2020060102,20200106,1,月,中山,1,1,2.0,2.0,2.0,-6.0,0.0,0.0,0.0,0.0,0.0,1,2.0,2.0,2.0,-6.0,4,,,,,,
2020080102,20200106,2,月,京都,1,1,1.0,1.0,1.0,-15.0,-1.0,-1.0,0.0,0.0,0.0,1,2.0,2.0,2.0,-1.0,4,,,,,,
2020060103,20200111,1,土,中山,2,1,2.0,2.0,2.0,-10.0,0.0,0.0,0.0,0.0,0.0,1,2.0,2.0,2.0,-8.0,4,,,,,,
2020080103,20200111,2,土,京都,1,1,3.0,2.0,2.0,6.0,1.0,1.0,0.0,0.0,0.0,2,1.0,1.0,1.0,-3.0,4,,,,,,
2020060104,20200112,1,日,中山,2,1,2.0,2.0,2.0,-10.0,0.0,0.0,0.0,0.0,0.0,1,2.0,2.0,2.0,-8.0,4,,,,,,
2020080104,20200112,2,日,京都,1,1,3.0,2.0,2.0,6.0,1.0,1.0,0.0,0.0,0.0,1,2.0,2.0,2.0,-1.0,4,,,,,,
2020060105,20200113,1,月,中山,2,1,2.0,2.0,2.0,-10.0,0.0,0.0,0.0,0.0,0.0,1,2.0,2.0,2.0,-8.0,4,,,,,,
2020080105,20200113,2,月,京都,1,1,3.0,2.0,2.0,6.0,1.0,1.0,0.0,0.0,0.0,1,2.0,2.0,2.0,-1.0,4,,,,,,
2020060106,20200118,1,土,中山,2,2,3.0,2.0,2.0,-7.0,1.0,1.0,0.0,0.0,0.0,2,1.0,1.0,1.0,-11.0,4,,,,,,
2020080106,20200118,2,土,京都,2,1,3.0,2.0,2.0,8.0,1.0,1.0,0.0,0.0,0.0,1,2.0,2.0,2.0,0.0,4,,,,,,
2020100101,20200118,3,土,小倉,4,1,1.0,1.0,1.0,-20.0,-1.0,-1.0,0.0,0.0,0.0,2,1.0,1.0,1.0,-8.0,4,,,,,,
2020060107,20200119,1,日,中山,1,2,3.0,2.0,2.0,-7.0,1.0,1.0,0.0,0.0,0.0,3,1.0,1.0,1.0,-18.0,4,,,,,,
2020080107,20200119,2,日,京都,2,1,3.0,2.0,2.0,8.0,1.0,1.0,0.0,0.0,0.0,1,2.0,2.0,2.0,0.0,4,,,,,,
2020100102,20200119,3,日,小倉,2,1,1.0,1.0,1.0,-20.0,-1.0,-1.0,0.0,0.0,0.0,2,1.0,1.0,1.0,-8.0,4,,,,,,
2020060108,20200125,1,土,中山,2,1,3.0,2.0,2.0,2.0,1.0,1.0,0.0,0.0,0.0,2,1.0,1.0,1.0,-11.0,4,,,,,,
2020080108,20200125,2,土,京都,2,2,3.0,3.0,3.0,10.0,1.0,1.0,0.0,0.0,0.0,2,2.0,2.0,2.0,-2.0,4,,,,,,
2020100103,20200125,3,土,小倉,2,2,3.0,2.0,2.0,4.0,1.0,1.0,0.0,0.0,0.0,3,1.0,1.0,1.0,-17.0,4,,,,,,
2020060109,20200126,1,日,中山,2,1,3.0,2.0,2.0,2.0,1.0,1.0,0.0,0.0,0.0,1,1.0,2.0,2.0,-8.0,4,,,,,,
2020080109,20200126,2,日,京都,2,2,3.0,3.0,3.0,10.0,1.0,1.0,0.0,0.0,0.0,3,2.0,2.0,2.0,-8.0,4,,,,,,
2020100104,20200126,3,日,小倉,4,2,3.0,2.0,2.0,4.0,1.0,1.0,0.0,0.0,0.0,3,1.0,1.0,1.0,-17.0,4,,,,,,
2020050101,20200201,1,土,東京,1,1,1.0,1.0,1.0,-20.0,-1.0,-1.0,0.0,0.0,0.0,1,3.0,3.0,3.0,-4.0,4,,,,,,
2020080201,20200201,2,土,京都,1,1,3.0,2.0,2.0,6.0,1.0,1.0,0.0,0.0,0.0,2,2.0,2.0,2.0,-3.0,4,,,,,,
2020100105,20200201,3,土,小倉,1,2,3.0,3.0,3.0,18.0,1.0,1.0,1.0,1.0,1.0,2,2.0,2.0,2.0,-8.0,4,,,,,,
2020050102,20200202,1,日,東京,1,1,1.0,1.0,1.0,-20.0,-1.0,-1.0,0.0,0.0,0.0,1,3.0,3.0,3.0,-4.0,4,,,,,,
2020080202,20200202,2,日,京都,1,1,3.0,2.0,2.0,6.0,1.0,1.0,0.0,0.0,0.0,1,3.0,3.0,3.0,-1.0,4,,,,,,
2020100106,20200202,3,日,小倉,1,1,3.0,3.0,3.0,18.0,1.0,1.0,1.0,1.0,1.0,3,1.0,1.0,1.0,-17.0,4,,,,,,
2020050103,20200208,1,土,東京,1,1,1.0,1.0,1.0,-20.0,-1.0,-1.0,0.0,0.0,0.0,1,3.0,3.0,3.0,-4.0,4,,,,,,
2020080203,20200208,2,土,京都,2,1,3.0,3.0,3.0,14.0,2.0,2.0,1.0,1.0,1.0,1,3.0,3.0,3.0,-1.0,4,,,,,,
2020100107,20200208,3,土,小倉,1,1,3.0,2.0,2.0,12.0,1.0,1.0,0.0,0.0,0.0,1,2.0,2.0,2.0,-7.0,4,,,,,,
2020050104,20200209,1,日,東京,1,1,1.0,1.0,1.0,-20.0,-1.0,-1.0,0.0,0.0,0.0,1,3.0,3.0,3.0,-4.0,4,,,,,,
2020080204,20200209,2,日,京都,1,1,3.0,3.0,3.0,14.0,2.0,2.0,1.0,1.0,1.0,1,3.0,3.0,3.0,-1.0,4,,,,,,
2020100108,20200209,3,日,小倉,2,1,3.0,2.0,2.0,12.0,1.0,1.0,0.0,0.0,0.0,1,2.0,2.0,2.0,-7.0,4,,,,,,
2020050105,20200215,1,土,東京,1,1,2.0,1.0,1.0,-12.0,0.0,0.0,0.0,0.0,0.0,1,3.0,3.0,3.0,-4.0,4,,,,,,
2020080205,20200215,2,土,京都,2,1,3.0,3.0,3.0,10.0,2.0,2.0,1.0,1.0,1.0,2,2.0,2.0,2.0,-3.0,4,,,,,,
2020100109,20200215,3,土,小倉,4,2,3.0,2.0,2.0,10.0,1.0,1.0,0.0,0.0,0.0,3,1.0,1.0,1.0,-16.0,4,,,,,,
2020050106,20200216,1,日,東京,4,2,2.0,1.0,1.0,-6.0,0.0,0.0,0.0,0.0,0.0,3,1.0,1.0,1.0,-17.0,4,,,,,,
2020080206,20200216,2,日,京都,4,3,3.0,3.0,3.0,20.0,2.0,2.0,1.0,1.0,1.0,4,1.0,1.0,1.0,-17.0,4,,,,,,
2020100110,20200216,3,日,小倉,4,3,3.0,2.0,2.0,25.0,1.0,1.0,0.0,0.0,0.0,4,1.0,1.0,1.0,-20.0,4,,,,,,
2020050107,20200222,1,土,東京,2,1,3.0,2.0,2.0,-4.0,1.0,1.0,0.0,0.0,0.0,2,2.0,2.0,2.0,-8.0,4,,,,,,
2020080207,20200222,2,土,京都,2,1,3.0,3.0,3.0,10.0,2.0,2.0,2.0,2.0,2.0,1,3.0,3.0,3.0,-1.0,4,,,,,,
2020100111,20200222,3,土,小倉,4,2,3.0,3.0,3.0,20.0,2.0,2.0,1.0,1.0,1.0,2,2.0,2.0,2.0,-8.0,4,,,,,,
2020050108,20200223,1,日,東京,1,1,3.0,2.0,2.0,-4.0,1.0,1.0,0.0,0.0,0.0,1,3.0,3.0,3.0,-4.0,4,,,,,,
2020080208,20200223,2,日,京都,1,3,3.0,3.0,3.0,30.0,2.0,2.0,2.0,2.0,2.0,4,1.0,1.0,1.0,-17.0,4,,,,,,
2020100112,20200223,3,日,小倉,1,2,4.0,3.0,3.0,20.0,3.0,3.0,2.0,2.0,2.0,4,1.0,1.0,1.0,-20.0,4,,,,,,
2020060201,20200229,1,土,中山,1,1,1.0,1.0,1.0,-13.0,-1.0,-1.0,0.0,0.0,0.0,1,3.0,3.0,3.0,-8.0,4,,,,,,
2020070101,20200229,3,土,中京,2,1,1.0,1.0,1.0,-12.0,-1.0,-1.0,0.0,0.0,0.0,2,2.0,2.0,2.0,-3.0,4,,,,,,
2020090101,20200229,2,土,阪神,2,1,1.0,1.0,1.0,-15.0,-1.0,-1.0,0.0,0.0,0.0,1,3.0,3.0,3.0,-6.0,4,,,,,,
2020060202,20200301,1,日,中山,1,1,1.0,1.0,1.0,-13.0,-1.0,-1.0,0.0,0.0,0.0,1,3.0,3.0,3.0,-8.0,4,,,,,,
2020070102,20200301,3,日,中京,1,1,1.0,1.0,1.0,-12.0,-1.0,-1.0,0.0,0.0,0.0,2,2.0,2.0,2.0,-3.0,4,,,,,,
2020090102,20200301,2,日,阪神,2,1,1.0,1.0,1.0,-15.0,-1.0,-1.0,0.0,0.0,0.0,2,2.0,2.0,2.0,-9.0,4,,,,,,
2020060203,20200307,1,土,中山,2,1,1.0,1.0,1.0,-13.0,-1.0,-1.0,0.0,0.0,0.0,1,3.0,3.0,3.0,-8.0,4,,,,,,
2020070103,20200307,3,土,中京,1,1,1.0,1.0,1.0,-18.0,-1.0,-1.0,0.0,0.0,0.0,1,3.0,3.0,3.0,-3.0,4,,,,,,
2020090103,20200307,2,土,阪神,1,1,1.0,1.0,1.0,-15.0,-1.0,-1.0,0.0,0.0,0.0,2,2.0,2.0,2.0,-9.0,4,,,,,,
2020060204,20200308,1,日,中山,4,1,1.0,1.0,1.0,-13.0,-1.0,-1.0,0.0,0.0,0.0,1,3.0,3.0,3.0,-8.0,4,,,,,,
2020070104,20200308,3,日,中京,4,2,1.0,1.0,1.0,-10.0,-1.0,-1.0,0.0,0.0,0.0,3,1.0,1.0,1.0,-15.0,4,,,,,,
2020090104,20200308,2,日,阪神,4,2,1.0,1.0,1.0,-3.0,-1.0,-1.0,0.0,0.0,0.0,3,1.0,1.0,1.0,-14.0,4,,,,,,
2020060205,20200314,1,土,中山,4,2,2.0,2.0,2.0,6.0,0.0,0.0,0.0,0.0,0.0,3,1.0,1.0,1.0,-18.0,4,,,,,,
2020070105,20200314,3,土,中京,4,2,3.0,2.0,2.0,5.0,1.0,1.0,0.0,0.0,0.0,3,1.0,1.0,1.0,-15.0,4,,,,,,
2020090105,20200314,2,土,阪神,4,2,2.0,2.0,2.0,0.0,0.0,0.0,0.0,0.0,0.0,3,1.0,1.0,1.0,-14.0,4,,,,,,
2020060206,20200315,1,日,中山,1,2,2.0,2.0,2.0,6.0,0.0,0.0,0.0,0.0,0.0,3,1.0,1.0,1.0,-18.0,4,,,,,,
2020070106,20200315,3,日,中京,1,2,3.0,2.0,2.0,5.0,1.0,1.0,0.0,0.0,0.0,2,2.0,2.0,2.0,-3.0,4,,,,,,
2020090106,20200315,2,日,阪神,1,2,2.0,2.0,2.0,0.0,0.0,0.0,0.0,0.0,0.0,3,1.0,1.0,1.0,-14.0,4,,,,,,
2020090107,20200320,2,金,阪神,1,1,2.0,2.0,2.0,-11.0,0.0,0.0,0.0,0.0,0.0,1,3.0,3.0,3.0,-6.0,4,,,,,,
2020060207,20200320,1,金,中山,1,1,3.0,2.0,2.0,-5.0,1.0,1.0,0.0,0.0,0.0,2,2.0,2.0,2.0,-11.0,4,,,,,,
2020060208,20200321,1,土,中山,1,1,3.0,2.0,2.0,-5.0,1.0,1.0,0.0,0.0,0.0,1,3.0,3.0,3.0,-8.0,4,,,,,,
2020090108,20200321,2,土,阪神,1,1,2.0,2.0,2.0,-11.0,0.0,0.0,0.0,0.0,0.0,1,3.0,3.0,3.0,-6.0,4,,,,,,
2020090109,20200322,2,日,阪神,2,1,2.0,2.0,2.0,-11.0,0.0,0.0,0.0,0.0,0.0,1,3.0,3.0,3.0,-6.0,4,,,,,,
2020060209,20200322,1,日,中山,1,1,3.0,2.0,2.0,-5.0,1.0,1.0,0.0,0.0,0.0,1,3.0,3.0,3.0,-8.0,4,,,,,,
2020060301,20200328,1,土,中山,4,2,3.0,2.0,2.0,-6.0,1.0,1.0,0.0,0.0,0.0,3,1.0,1.0,1.0,-18.0,4,,,,,,
2020070107,20200328,3,土,中京,4,3,3.0,2.0,2.0,5.0,1.0,1.0,0.0,0.0,0.0,4,1.0,1.0,1.0,-17.0,4,,,,,,
2020090201,20200328,2,土,阪神,4,4,3.0,2.0,2.0,15.0,1.0,1.0,0.0,0.0,0.0,4,1.0,1.0,1.0,-21.0,4,,,,,,
2020060302,20200329,1,日,中山,6,3,3.0,2.0,2.0,-3.0,1.0,1.0,0.0,0.0,0.0,4,1.0,1.0,1.0,-23.0,4,,,,,,
2020070108,20200329,3,日,中京,4,3,3.0,2.0,2.0,5.0,1.0,1.0,0.0,0.0,0.0,4,1.0,1.0,1.0,-17.0,4,,,,,,
2020090202,20200329,2,日,阪神,4,3,3.0,2.0,2.0,2.0,1.0,1.0,0.0,0.0,0.0,4,1.0,1.0,1.0,-21.0,4,,,,,,
2020060302,20200331,1,火,中山,2,2,3.0,2.0,2.0,-7.0,1.0,1.0,0.0,0.0,0.0,3,1.0,1.0,1.0,-18.0,4,,,,,,
2020060303,20200404,1,土,中山,1,1,2.0,2.0,2.0,-3.0,0.0,0.0,0.0,0.0,0.0,1,3.0,3.0,3.0,-8.0,4,,,,,,
2020090203,20200404,2,土,阪神,1,1,2.0,2.0,2.0,-8.0,0.0,0.0,0.0,0.0,0.0,2,2.0,2.0,2.0,-9.0,4,,,,,,
2020060304,20200405,1,日,中山,2,1,2.0,2.0,2.0,-3.0,0.0,0.0,0.0,0.0,0.0,1,3.0,3.0,3.0,-8.0,4,,,,,,
2020090204,20200405,2,日,阪神,1,1,2.0,2.0,2.0,-8.0,0.0,0.0,0.0,0.0,0.0,1,3.0,3.0,3.0,-6.0,4,,,,,,
2020030101,20200411,3,土,福島,1,1,1.0,1.0,1.0,-16.0,-1.0,-1.0,0.0,0.0,0.0,1,3.0,3.0,3.0,-3.0,4,,,,,,
2020060305,20200411,1,土,中山,1,1,3.0,2.0,2.0,-6.0,1.0,1.0,0.0,0.0,0.0,1,3.0,3.0,3.0,-8.0,4,,,,,,
2020090205,20200411,2,土,阪神,1,1,2.0,2.0,2.0,-8.0,0.0,0.0,0.0,0.0,0.0,1,3.0,3.0,3.0,-6.0,4,,,,,,
2020030102,20200412,3,日,福島,2,1,1.0,1.0,1.0,-16.0,-1.0,-1.0,0.0,0.0,0.0,1,3.0,3.0,3.0,-3.0,4,,,,,,
2020060306,20200412,1,日,中山,2,2,3.0,2.0,2.0,0.0,1.0,1.0,0.0,0.0,0.0,2,2.0,2.0,2.0,-11.0,4,,,,,,
2020090206,20200412,2,日,阪神,4,2,2.0,2.0,2.0,4.0,0.0,0.0,0.0,0.0,0.0,3,1.0,1.0,1.0,-14.0,4,,,,,,
2020030103,20200418,3,土,福島,4,2,2.0,2.0,2.0,2.0,0.0,0.0,0.0,0.0,0.0,3,1.0,1.0,1.0,-12.0,4,,,,,,
2020060307,20200418,1,土,中山,4,2,3.0,2.0,2.0,3.0,1.0,1.0,0.0,0.0,0.0,3,1.0,1.0,1.0,-18.0,4,,,,,,
2020090207,20200418,2,土,阪神,4,3,3.0,2.0,2.0,15.0,1.0,1.0,0.0,0.0,0.0,3,1.0,1.0,1.0,-14.0,4,,,,,,
2020090208,20200419,2,日,阪神,2,2,3.0,2.0,2.0,10.0,1.0,1.0,0.0,0.0,0.0,3,1.0,1.0,1.0,-14.0,4,,,,,,
2020060308,20200419,1,日,中山,1,3,3.0,2.0,2.0,6.0,1.0,1.0,0.0,0.0,0.0,4,1.0,1.0,1.0,-23.0,4,,,,,,
2020030104,20200419,3,日,福島,2,3,2.0,2.0,2.0,13.0,0.0,0.0,0.0,0.0,0.0,3,1.0,1.0,1.0,-12.0,4,,,,,,
2020030105,20200425,3,土,福島,1,1,2.0,2.0,2.0,4.0,0.0,0.0,0.0,0.0,0.0,1,3.0,3.0,3.0,-3.0,4,,,,,,
2020050201,20200425,1,土,東京,1,1,1.0,1.0,1.0,-18.0,1.0,1.0,0.0,0.0,0.0,1,3.0,3.0,3.0,-4.0,4,,,,,,
2020080301,20200425,2,土,京都,1,1,2.0,1.0,1.0,-8.0,0.0,0.0,0.0,0.0,0.0,1,3.0,3.0,3.0,-1.0,4,,,,,,
2020030106,20200426,3,日,福島,1,1,2.0,2.0,2.0,4.0,0.0,0.0,0.0,0.0,0.0,1,3.0,3.0,3.0,-3.0,4,,,,,,
2020050202,20200426,1,日,東京,1,1,1.0,1.0,1.0,-18.0,1.0,1.0,0.0,0.0,0.0,1,3.0,3.0,3.0,-4.0,4,,,,,,
2020080302,20200426,2,日,京都,2,1,2.0,1.0,1.0,-8.0,0.0,0.0,0.0,0.0,0.0,1,3.0,3.0,3.0,-1.0,4,,,,,,
2020030107,20200502,3,土,福島,1,1,3.0,2.0,2.0,-14.0,1.0,1.0,0.0,0.0,0.0,1,3.0,3.0,3.0,-3.0,4,,,,,,
2020050203,20200502,1,土,東京,1,1,1.0,1.0,1.0,-18.0,0.0,0.0,0.0,0.0,0.0,1,3.0,3.0,3.0,-4.0,4,,,,,,
2020080303,20200502,2,土,京都,1,1,2.0,2.0,2.0,-16.0,0.0,0.0,0.0,0.0,0.0,1,3.0,3.0,3.0,-1.0,4,,,,,,
2020030108,20200503,3,日,福島,1,1,3.0,2.0,2.0,-14.0,1.0,1.0,0.0,0.0,0.0,1,3.0,3.0,3.0,-3.0,4,,,,,,
2020050204,20200503,1,日,東京,1,1,1.0,1.0,1.0,-18.0,0.0,0.0,0.0,0.0,0.0,1,3.0,3.0,3.0,-4.0,4,,,,,,
2020080304,20200503,2,日,京都,2,1,2.0,2.0,2.0,-16.0,0.0,0.0,0.0,0.0,0.0,1,4.0,4.0,4.0,-1.0,4,,,,,,
2020040101,20200509,3,土,新潟,2,1,2.0,2.0,2.0,-11.0,0.0,0.0,0.0,0.0,0.0,1,3.0,3.0,3.0,-8.0,4,,,,,,
2020050205,20200509,1,土,東京,1,1,2.0,2.0,2.0,-17.0,0.0,0.0,0.0,0.0,0.0,1,3.0,3.0,3.0,-4.0,4,,,,,,
2020080305,20200509,2,土,京都,2,1,3.0,2.0,2.0,-13.0,1.0,1.0,0.0,0.0,0.0,1,4.0,4.0,4.0,-1.0,4,,,,,,
2020040102,20200510,3,日,新潟,4,2,2.0,2.0,2.0,-2.0,0.0,0.0,0.0,0.0,0.0,3,1.0,1.0,1.0,-15.0,4,,,,,,
2020050206,20200510,1,日,東京,2,1,2.0,2.0,2.0,-17.0,0.0,0.0,0.0,0.0,0.0,1,3.0,3.0,3.0,-4.0,4,,,,,,
2020080306,20200510,2,日,京都,4,2,3.0,2.0,2.0,-3.0,1.0,1.0,0.0,0.0,0.0,3,1.0,1.0,1.0,-12.0,4,,,,,,
2020040103,20200516,3,土,新潟,2,1,3.0,2.0,2.0,0.0,1.0,1.0,0.0,0.0,0.0,1,3.0,3.0,3.0,-8.0,4,,,,,,
2020050207,20200516,1,土,東京,4,2,2.0,2.0,2.0,-14.0,0.0,0.0,0.0,0.0,0.0,2,2.0,2.0,2.0,-8.0,4,,,,,,
2020080307,20200516,2,土,京都,4,3,3.0,2.0,2.0,-1.0,1.0,1.0,0.0,0.0,0.0,3,1.0,1.0,1.0,-12.0,4,,,,,,
2020040104,20200517,3,日,新潟,4,2,3.0,2.0,2.0,9.0,1.0,1.0,0.0,0.0,0.0,2,2.0,2.0,2.0,-9.0,4,,,,,,
2020050208,20200517,1,日,東京,1,2,2.0,2.0,2.0,-14.0,0.0,0.0,0.0,0.0,0.0,2,2.0,2.0,2.0,-8.0,4,,,,,,
2020080308,20200517,2,日,京都,2,3,3.0,2.0,2.0,-1.0,1.0,1.0,0.0,0.0,0.0,3,1.0,1.0,1.0,-12.0,4,,,,,,
2020040105,20200523,3,土,新潟,1,1,3.0,2.0,2.0,3.0,1.0,1.0,0.0,0.0,0.0,2,2.0,2.0,2.0,-9.0,4,,,,,,
2020050209,20200523,1,土,東京,2,2,2.0,2.0,2.0,-20.0,0.0,0.0,0.0,0.0,0.0,2,2.0,2.0,2.0,-8.0,4,,,,,,
2020080309,20200523,2,土,京都,1,1,3.0,2.0,2.0,-8.0,1.0,1.0,0.0,0.0,0.0,1,3.0,3.0,3.0,-1.0,4,,,,,,
2020040106,20200524,3,日,新潟,1,1,3.0,2.0,2.0,3.0,1.0,1.0,0.0,0.0,0.0,1,3.0,3.0,3.0,-8.0,4,,,,,,
2020050210,20200524,1,日,東京,1,1,2.0,2.0,2.0,-26.0,0.0,0.0,0.0,0.0,0.0,1,3.0,3.0,3.0,-4.0,4,,,,,,
2020080310,20200524,2,日,京都,1,1,3.0,2.0,2.0,-8.0,1.0,1.0,0.0,0.0,0.0,1,3.0,3.0,3.0,-1.0,4,,,,,,
2020050211,20200530,1,土,東京,1,1,2.0,2.0,2.0,-28.0,0.0,0.0,0.0,0.0,0.0,1,3.0,3.0,3.0,-4.0,4,,,,,,
2020080311,20200530,2,土,京都,1,1,3.0,2.0,2.0,-10.0,1.0,1.0,0.0,0.0,0.0,1,3.0,3.0,3.0,-1.0,4,,,,,,
2020050212,20200531,1,日,東京,2,1,2.0,2.0,2.0,-28.0,0.0,0.0,0.0,0.0,0.0,1,3.0,3.0,3.0,-4.0,4,,,,,,
2020080312,20200531,2,日,京都,2,1,3.0,2.0,2.0,-10.0,1.0,1.0,0.0,0.0,0.0,1,3.0,3.0,3.0,-1.0,4,,,,,,
2020050301,20200606,1,土,東京,2,1,2.0,2.0,2.0,-18.0,0.0,0.0,0.0,0.0,0.0,1,3.0,3.0,3.0,-4.0,4,,,,,,
2020090301,20200606,2,土,阪神,2,1,1.0,1.0,1.0,-15.0,-1.0,-1.0,0.0,0.0,0.0,1,4.0,4.0,4.0,-6.0,4,,,,,,
2020050302,20200607,1,日,東京,1,1,2.0,2.0,2.0,-18.0,0.0,0.0,0.0,0.0,0.0,2,2.0,2.0,2.0,-8.0,4,,,,,,
2020090302,20200607,2,日,阪神,1,1,1.0,1.0,1.0,-15.0,-1.0,-1.0,0.0,0.0,0.0,1,4.0,4.0,4.0,-6.0,4,,,,,,
2020020101,20200613,3,土,函館,1,1,1.0,1.0,1.0,-22.0,-1.0,-1.0,0.0,0.0,0.0,1,3.0,3.0,3.0,-8.0,4,,,,,,
2020050303,20200613,1,土,東京,2,2,2.0,2.0,2.0,-10.0,0.0,0.0,0.0,0.0,0.0,3,1.0,1.0,1.0,-17.0,4,,,,,,
2020090303,20200613,2,土,阪神,4,3,2.0,2.0,2.0,-1.0,0.0,0.0,0.0,0.0,0.0,4,1.0,1.0,1.0,-21.0,4,,,,,,
2020020102,20200614,3,日,函館,2,1,1.0,1.0,1.0,-22.0,-1.0,-1.0,0.0,0.0,0.0,1,3.0,3.0,3.0,-8.0,4,,,,,,
2020050304,20200614,1,日,東京,4,3,2.0,2.0,2.0,1.0,0.0,0.0,0.0,0.0,0.0,4,1.0,1.0,1.0,-18.0,4,,,,,,
2020090304,20200614,2,日,阪神,4,3,2.0,2.0,2.0,-1.0,0.0,0.0,0.0,0.0,0.0,4,1.0,1.0,1.0,-21.0,4,,,,,,
2020020103,20200620,3,土,函館,1,1,1.0,1.0,1.0,-39.0,-1.0,-1.0,0.0,0.0,0.0,1,3.0,3.0,3.0,-8.0,4,,,,,,
2020050305,20200620,1,土,東京,1,3,3.0,2.0,2.0,-3.0,1.0,1.0,0.0,0.0,0.0,4,1.0,1.0,1.0,-18.0,4,,,,,,
2020090305,20200620,2,土,阪神,1,2,3.0,2.0,2.0,-6.0,1.0,1.0,0.0,0.0,0.0,3,1.0,1.0,1.0,-14.0,4,,,,,,
2020020104,20200621,3,日,函館,1,1,1.0,1.0,1.0,-39.0,-1.0,-1.0,0.0,0.0,0.0,1,3.0,3.0,3.0,-8.0,4,,,,,,
2020050306,20200621,1,日,東京,2,1,3.0,2.0,2.0,-15.0,1.0,1.0,0.0,0.0,0.0,2,2.0,2.0,2.0,-8.0,4,,,,,,
2020090306,20200621,2,日,阪神,1,1,3.0,2.0,2.0,-10.0,1.0,1.0,0.0,0.0,0.0,2,2.0,2.0,2.0,-9.0,4,,,,,,
2020020105,20200627,3,土,函館,4,3,2.0,1.0,1.0,-5.0,0.0,0.0,0.0,0.0,0.0,4,1.0,1.0,1.0,-22.0,4,,,,,,
2020050307,20200627,1,土,東京,2,1,3.0,2.0,2.0,-18.0,1.0,1.0,0.0,0.0,0.0,2,2.0,2.0,2.0,-8.0,4,,,,,,
2020090307,20200627,2,土,阪神,2,1,3.0,2.0,2.0,-22.0,1.0,1.0,0.0,0.0,0.0,1,3.0,3.0,3.0,-6.0,4,,,,,,
2020020106,20200628,3,日,函館,4,3,2.0,1.0,1.0,-5.0,0.0,0.0,0.0,0.0,0.0,4,1.0,1.0,1.0,-22.0,4,,,,,,
2020050308,20200628,1,日,東京,4,3,3.0,2.0,2.0,-1.0,1.0,1.0,0.0,0.0,0.0,4,1.0,1.0,1.0,-18.0,4,,,,,,
2020090308,20200628,2,日,阪神,4,2,3.0,2.0,2.0,-10.0,1.0,1.0,0.0,0.0,0.0,3,1.0,1.0,1.0,-14.0,4,,,,,,
2020020201,20200704,3,土,函館,2,1,2.0,1.0,1.0,-20.0,0.0,0.0,0.0,0.0,0.0,2,2.0,2.0,2.0,-9.0,4,,,,,,
2020030201,20200704,1,土,福島,4,3,1.0,1.0,1.0,-4.0,-1.0,-1.0,0.0,0.0,0.0,4,1.0,1.0,1.0,-19.0,4,,,,,,
2020090401,20200704,2,土,阪神,2,3,4.0,3.0,3.0,7.0,2.0,2.0,1.0,1.0,1.0,4,1.0,1.0,1.0,-21.0,4,,,,,,
2020020202,20200705,3,日,函館,2,2,2.0,1.0,1.0,-12.0,0.0,0.0,0.0,0.0,0.0,3,1.0,1.0,1.0,-14.0,4,,,,,,
2020030202,20200705,1,日,福島,1,3,1.0,1.0,1.0,-4.0,-1.0,-1.0,0.0,0.0,0.0,4,1.0,1.0,1.0,-19.0,4,,,,,,
2020090402,20200705,2,日,阪神,2,3,4.0,3.0,3.0,7.0,2.0,2.0,1.0,1.0,1.0,4,1.0,1.0,1.0,-21.0,4,,,,,,
2020020203,20200711,3,土,函館,4,2,1.0,1.0,1.0,-2.0,1.0,1.0,0.0,0.0,0.0,3,1.0,1.0,1.0,-14.0,4,,,,,,
2020030203,20200711,1,土,福島,2,3,2.0,1.0,1.0,-4.0,0.0,0.0,0.0,0.0,0.0,4,1.0,1.0,1.0,-19.0,4,,,,,,
2020090403,20200711,2,土,阪神,4,3,4.0,4.0,3.0,10.0,2.0,2.0,2.0,1.0,1.0,4,1.0,1.0,1.0,-21.0,4,,,,,,
2020020204,20200712,3,日,函館,4,2,1.0,1.0,1.0,-2.0,1.0,1.0,0.0,0.0,0.0,3,1.0,1.0,1.0,-14.0,4,,,,,,
2020030204,20200712,1,日,福島,2,1,2.0,1.0,1.0,-10.0,0.0,0.0,0.0,0.0,0.0,2,2.0,2.0,2.0,-7.0,4,,,,,,
2020090404,20200712,2,日,阪神,2,3,4.0,4.0,3.0,10.0,2.0,2.0,2.0,1.0,1.0,4,1.0,1.0,1.0,-21.0,4,,,,,,
2020020205,20200718,3,土,函館,2,1,2.0,1.0,1.0,-15.0,0.0,0.0,0.0,0.0,0.0,1,3.0,3.0,3.0,-8.0,4,,,,,,
2020030205,20200718,1,土,福島,2,1,3.0,2.0,2.0,5.0,1.0,1.0,0.0,0.0,0.0,2,2.0,2.0,2.0,-7.0,4,,,,,,
2020090405,20200718,2,土,阪神,2,1,4.0,4.0,4.0,3.0,2.0,2.0,2.0,2.0,2.0,1,3.0,3.0,3.0,-6.0,4,,,,,,
2020020206,20200719,3,日,函館,4,1,2.0,1.0,1.0,-15.0,0.0,0.0,0.0,0.0,0.0,2,2.0,2.0,2.0,-9.0,4,,,,,,
2020030206,20200719,1,日,福島,2,1,3.0,2.0,2.0,5.0,1.0,1.0,0.0,0.0,0.0,2,2.0,2.0,2.0,-7.0,4,,,,,,
2020090406,20200719,2,日,阪神,2,1,4.0,4.0,4.0,3.0,2.0,2.0,2.0,2.0,2.0,1,3.0,3.0,3.0,-6.0,4,,,,,,
2020010101,20200725,3,土,札幌,2,1,1.0,1.0,1.0,-11.0,-1.0,-1.0,0.0,0.0,0.0,1,3.0,3.0,3.0,-9.0,4,,,,,,
2020040201,20200725,1,土,新潟,2,2,1.0,1.0,1.0,-2.0,-1.0,-1.0,0.0,0.0,0.0,3,1.0,1.0,1.0,-15.0,4,,,,,,
2020010102,20200726,3,日,札幌,2,1,1.0,1.0,1.0,-11.0,-1.0,-1.0,0.0,0.0,0.0,1,3.0,3.0,3.0,-9.0,4,,,,,,
2020040202,20200726,1,日,新潟,2,2,1.0,1.0,1.0,-2.0,-1.0,-1.0,0.0,0.0,0.0,3,1.0,1.0,1.0,-15.0,4,,,,,,
2020010103,20200801,3,土,札幌,1,1,1.0,1.0,1.0,-22.0,-1.0,-1.0,0.0,0.0,0.0,1,4.0,4.0,4.0,-4.0,4,,,,,,
2020040203,20200801,1,土,新潟,4,3,1.0,1.0,1.0,6.0,-1.0,-1.0,0.0,0.0,0.0,4,1.0,1.0,1.0,-21.0,4,,,,,,
2020010104,20200802,3,日,札幌,2,1,1.0,1.0,1.0,-22.0,-1.0,-1.0,0.0,0.0,0.0,1,4.0,4.0,4.0,-4.0,4,,,,,,
2020040204,20200802,1,日,新潟,1,1,1.0,1.0,1.0,-9.0,-1.0,-1.0,0.0,0.0,0.0,1,3.0,3.0,3.0,-8.0,4,,,,,,
2020010105,20200808,3,土,札幌,2,1,1.0,1.0,1.0,-26.0,-1.0,-1.0,0.0,0.0,0.0,1,4.0,4.0,4.0,-10.0,4,,,,,,
2020040205,20200808,1,土,新潟,2,1,2.0,1.0,1.0,-12.0,0.0,0.0,0.0,0.0,0.0,1,3.0,3.0,3.0,-14.0,4,,,,,,
2020010106,20200809,3,日,札幌,2,1,1.0,1.0,1.0,-24.0,-1.0,-1.0,0.0,0.0,0.0,1,4.0,4.0,4.0,-10.0,4,,,,,,
2020040206,20200809,1,日,新潟,4,3,2.0,1.0,1.0,-8.0,0.0,0.0,0.0,0.0,0.0,3,1.0,1.0,1.0,-18.0,4,,,,,,
2020010201,20200815,3,土,札幌,2,1,2.0,1.0,1.0,-20.0,0.0,0.0,0.0,0.0,0.0,1,4.0,4.0,4.0,-8.0,4,,,,,,
2020040301,20200815,1,土,新潟,4,2,3.0,2.0,1.0,0.0,2.0,1.0,1.0,0.0,0.0,3,3.0,3.0,3.0,-18.0,4,,,,,,
2020100201,20200815,2,土,小倉,1,1,1.0,1.0,1.0,-20.0,-1.0,-1.0,0.0,0.0,0.0,1,2.0,2.0,2.0,-6.0,4,,,,,,
2020010202,20200816,3,日,札幌,1,1,2.0,1.0,1.0,-20.0,0.0,0.0,0.0,0.0,0.0,1,4.0,4.0,4.0,-8.0,4,,,,,,
2020040302,20200816,1,日,新潟,2,2,3.0,2.0,1.0,0.0,2.0,1.0,1.0,0.0,0.0,2,3.0,3.0,3.0,-16.0,4,,,,,,
2020100202,20200816,2,日,小倉,1,1,1.0,1.0,1.0,-20.0,-1.0,-1.0,0.0,0.0,0.0,1,2.0,2.0,2.0,-6.0,4,,,,,,
2020010203,20200822,3,土,札幌,1,1,2.0,1.0,1.0,-10.0,0.0,0.0,0.0,0.0,0.0,1,4.0,4.0,4.0,-8.0,4,,,,,,
2020040303,20200822,1,土,新潟,1,1,3.0,2.0,1.0,-12.0,3.0,2.0,1.0,0.0,0.0,1,3.0,3.0,3.0,-8.0,4,,,,,,
2020100203,20200822,2,土,小倉,1,1,1.0,1.0,1.0,-26.0,-1.0,-1.0,0.0,0.0,0.0,1,2.0,2.0,2.0,-8.0,4,,,,,,
2020010204,20200823,3,日,札幌,1,1,2.0,1.0,1.0,-10.0,0.0,0.0,0.0,0.0,0.0,1,4.0,4.0,4.0,-8.0,4,,,,,,
2020040304,20200823,1,日,新潟,1,1,3.0,2.0,1.0,-12.0,3.0,2.0,1.0,0.0,0.0,1,3.0,3.0,3.0,-8.0,4,,,,,,
2020100204,20200823,2,日,小倉,1,1,1.0,1.0,1.0,-26.0,-1.0,-1.0,0.0,0.0,0.0,1,2.0,2.0,2.0,-8.0,4,,,,,,
2020010205,20200829,3,土,札幌,2,1,2.0,1.0,1.0,-12.0,0.0,0.0,0.0,0.0,0.0,1,4.0,4.0,4.0,-8.0,4,,,,,,
2020040305,20200829,1,土,新潟,1,1,3.0,2.0,1.0,-9.0,3.0,2.0,1.0,0.0,0.0,1,3.0,3.0,3.0,-8.0,4,,,,,,
2020100205,20200829,2,土,小倉,1,1,1.0,1.0,1.0,-26.0,-1.0,-1.0,0.0,0.0,0.0,1,2.0,2.0,2.0,-8.0,4,,,,,,
2020010206,20200830,3,日,札幌,4,3,2.0,1.0,1.0,-7.0,0.0,0.0,0.0,0.0,0.0,3,4.0,4.0,4.0,-15.0,4,,,,,,
2020040306,20200830,1,日,新潟,4,2,3.0,2.0,1.0,-5.0,3.0,2.0,1.0,0.0,0.0,2,3.0,3.0,3.0,-13.0,4,,,,,,
2020100206,20200830,2,日,小倉,1,1,1.0,1.0,1.0,-26.0,-1.0,-1.0,0.0,0.0,0.0,1,2.0,2.0,2.0,-8.0,4,,,,,,
2020010207,20200905,3,土,札幌,4,2,2.0,1.0,1.0,-10.0,0.0,0.0,0.0,0.0,0.0,2,4.0,4.0,4.0,-20.0,4,,,,,,
2020040307,20200905,1,土,新潟,2,1,3.0,2.0,1.0,-5.0,3.0,2.0,1.0,0.0,0.0,1,3.0,3.0,3.0,-10.0,4,,,,,,
2020100207,20200905,2,土,小倉,4,3,2.0,2.0,1.0,0.0,-1.0,-1.0,0.0,0.0,0.0,3,2.0,2.0,2.0,-18.0,4,,,,,,
2020010208,20200906,3,日,札幌,2,1,2.0,1.0,1.0,-16.0,0.0,0.0,0.0,0.0,0.0,1,4.0,4.0,4.0,-4.0,4,,,,,,
2020040308,20200906,1,日,新潟,1,1,3.0,2.0,1.0,-5.0,3.0,2.0,1.0,0.0,0.0,1,3.0,3.0,3.0,-10.0,4,,,,,,
2020100208,20200906,2,日,小倉,4,4,2.0,2.0,1.0,0.0,-1.0,-1.0,0.0,0.0,0.0,4,2.0,2.0,2.0,-22.0,4,,,,,,
2020060401,20200912,1,土,中山,4,2,1.0,1.0,1.0,-8.0,-1.0,-1.0,0.0,0.0,0.0,2,2.0,2.0,2.0,-22.0,4,,,,,,
2020070201,20200912,2,土,中京,2,1,1.0,1.0,1.0,-12.0,-1.0,-1.0,0.0,0.0,0.0,3,2.0,2.0,2.0,-10.0,4,,,,,,
2020060402,20200913,1,日,中山,4,3,1.0,1.0,1.0,-2.0,-1.0,-1.0,0.0,0.0,0.0,3,2.0,2.0,2.0,-25.0,4,,,,,,
2020070202,20200913,2,日,中京,4,2,1.0,1.0,1.0,-5.0,-1.0,-1.0,0.0,0.0,0.0,3,2.0,2.0,2.0,-12.0,4,,,,,,
2020060403,20200919,1,土,中山,2,1,1.0,1.0,1.0,-8.0,-1.0,-1.0,0.0,0.0,0.0,1,2.0,2.0,2.0,-7.0,4,,,,,,
2020070203,20200919,2,土,中京,1,1,1.0,1.0,1.0,-10.0,-1.0,-1.0,0.0,0.0,0.0,1,2.0,2.0,2.0,-5.0,4,,,,,,
2020060404,20200920,1,日,中山,4,2,1.0,1.0,1.0,-2.0,-1.0,-1.0,0.0,0.0,0.0,2,2.0,2.0,2.0,-15.0,4,,,,,,
2020070204,20200920,2,日,中京,1,1,1.0,1.0,1.0,-9.0,-1.0,-1.0,0.0,0.0,0.0,1,2.0,2.0,2.0,-5.0,4,,,,,,
2020060405,20200921,1,月,中山,2,1,1.0,1.0,1.0,-8.0,-1.0,-1.0,0.0,0.0,0.0,1,2.0,2.0,2.0,-7.0,4,,,,,,
2020070205,20200921,2,月,中京,1,1,1.0,1.0,1.0,-8.0,-1.0,-1.0,0.0,0.0,0.0,1,2.0,2.0,2.0,-5.0,4,,,,,,
2020060406,20200926,1,土,中山,2,1,1.0,1.0,1.0,-4.0,-1.0,-1.0,0.0,0.0,0.0,1,2.0,2.0,2.0,-8.0,4,,,,,,
2020070206,20200926,2,土,中京,2,1,1.0,1.0,1.0,-15.0,-1.0,-1.0,0.0,0.0,0.0,1,2.0,2.0,2.0,-8.0,4,,,,,,
2020060407,20200927,1,日,中山,2,1,1.0,1.0,1.0,-4.0,-1.0,-1.0,0.0,0.0,0.0,2,2.0,2.0,2.0,-8.0,4,,,,,,
2020070207,20200927,2,日,中京,1,1,1.0,1.0,1.0,-15.0,-1.0,-1.0,0.0,0.0,0.0,1,2.0,2.0,2.0,-8.0,4,,,,,,
2020060408,20201003,1,土,中山,1,1,1.0,1.0,1.0,-4.0,-1.0,-1.0,0.0,0.0,0.0,1,2.0,2.0,2.0,-8.0,4,,,,,,
2020070208,20201003,2,土,中京,1,1,2.0,1.0,1.0,-15.0,-1.0,-1.0,0.0,0.0,0.0,1,2.0,2.0,2.0,-8.0,4,,,,,,
2020060409,20201004,1,日,中山,1,1,1.0,1.0,1.0,-4.0,-1.0,-1.0,0.0,0.0,0.0,2,2.0,2.0,2.0,-8.0,4,,,,,,
2020070209,20201004,2,日,中京,2,1,2.0,1.0,1.0,-15.0,-1.0,-1.0,0.0,0.0,0.0,1,2.0,2.0,2.0,-8.0,4,,,,,,
2020040401,20201010,3,土,新潟,4,1,2.0,1.0,1.0,-12.0,0.0,0.0,0.0,0.0,0.0,1,2.0,2.0,2.0,-16.0,4,,,,,,
2020050401,20201010,1,土,東京,4,3,1.0,1.0,1.0,-4.0,-1.0,-1.0,0.0,0.0,0.0,3,2.0,2.0,2.0,-8.0,4,,,,,,
2020080401,20201010,2,土,京都,4,2,1.0,1.0,1.0,-10.0,-1.0,-1.0,0.0,0.0,0.0,1,2.0,2.0,2.0,-8.0,4,,,,,,
2020040402,20201011,3,日,新潟,1,1,2.0,1.0,1.0,-15.0,0.0,0.0,0.0,0.0,0.0,1,2.0,2.0,2.0,-8.0,4,,,,,,
2020050402,20201011,1,日,東京,2,3,1.0,1.0,1.0,-4.0,-1.0,-1.0,0.0,0.0,0.0,3,2.0,2.0,2.0,-8.0,4,,,,,,
2020080402,20201011,2,日,京都,2,1,1.0,1.0,1.0,-15.0,-1.0,-1.0,0.0,0.0,0.0,1,2.0,2.0,2.0,-4.0,4,,,,,,
2020040403,20201017,3,土,新潟,2,1,2.0,1.0,1.0,-5.0,0.0,0.0,0.0,0.0,0.0,1,2.0,2.0,2.0,-15.0,4,,,,,,
2020050403,20201017,1,土,東京,4,3,2.0,1.0,1.0,-4.0,0.0,0.0,0.0,0.0,0.0,3,2.0,2.0,2.0,-18.0,4,,,,,,
2020080403,20201017,2,土,京都,4,3,2.0,1.0,1.0,4.0,0.0,0.0,0.0,0.0,0.0,3,2.0,2.0,2.0,-18.0,4,,,,,,
2020040404,20201018,3,日,新潟,1,1,2.0,1.0,1.0,-15.0,0.0,0.0,0.0,0.0,0.0,1,2.0,2.0,2.0,-15.0,4,,,,,,
2020050404,20201018,1,日,東京,2,2,2.0,1.0,1.0,-4.0,0.0,0.0,0.0,0.0,0.0,2,2.0,2.0,2.0,-10.0,4,,,,,,
2020080404,20201018,2,日,京都,2,1,2.0,1.0,1.0,-10.0,0.0,0.0,0.0,0.0,0.0,1,2.0,2.0,2.0,-12.0,4,,,,,,
2020040405,20201024,3,土,新潟,2,1,3.0,2.0,2.0,-4.0,3.0,2.0,1.0,0.0,0.0,1,2.0,2.0,2.0,-6.0,4,,,,,,
2020050405,20201024,1,土,東京,1,1,3.0,2.0,1.0,-6.0,2.0,1.0,0.0,0.0,0.0,1,2.0,2.0,2.0,-4.0,4,,,,,,
2020080405,20201024,2,土,京都,1,2,3.0,2.0,1.0,-2.0,2.0,1.0,0.0,0.0,0.0,2,2.0,2.0,2.0,-10.0,4,,,,,,
2020040406,20201025,3,日,新潟,4,2,3.0,2.0,2.0,0.0,3.0,2.0,1.0,0.0,0.0,1,2.0,2.0,2.0,-10.0,4,,,,,,
2020050406,20201025,1,日,東京,1,1,3.0,2.0,1.0,-6.0,2.0,1.0,0.0,0.0,0.0,1,2.0,2.0,2.0,-4.0,4,,,,,,
2020080406,20201025,2,日,京都,1,1,3.0,2.0,1.0,-6.0,2.0,1.0,0.0,0.0,0.0,1,2.0,2.0,2.0,-6.0,4,,,,,,
2020030301,20201031,3,土,福島,1,1,1.0,1.0,1.0,-14.0,0.0,0.0,0.0,0.0,0.0,1,2.0,2.0,2.0,0.0,4,,,,,,
2020050407,20201031,1,土,東京,1,1,2.0,2.0,1.0,-6.0,1.0,0.0,0.0,0.0,0.0,1,2.0,2.0,2.0,-4.0,4,,,,,,
2020080407,20201031,2,土,京都,1,1,3.0,2.0,1.0,-2.0,2.0,1.0,0.0,0.0,0.0,1,2.0,2.0,2.0,-6.0,4,,,,,,
2020030302,20201101,3,日,福島,1,1,1.0,1.0,1.0,-14.0,0.0,0.0,0.0,0.0,0.0,1,2.0,2.0,2.0,0.0,4,,,,,,
2020050408,20201101,1,日,東京,1,1,2.0,2.0,1.0,-6.0,1.0,0.0,0.0,0.0,0.0,1,2.0,2.0,2.0,-4.0,4,,,,,,
2020080408,20201101,2,日,京都,1,1,3.0,2.0,1.0,-2.0,2.0,1.0,0.0,0.0,0.0,1,2.0,2.0,2.0,-6.0,4,,,,,,
2020030303,20201107,3,土,福島,1,1,1.0,1.0,1.0,-8.0,0.0,0.0,0.0,0.0,0.0,1,2.0,2.0,2.0,-2.0,4,,,,,,
2020050501,20201107,1,土,東京,2,1,2.0,2.0,1.0,-15.0,1.0,1.0,0.0,0.0,0.0,1,2.0,2.0,2.0,-5.0,4,,,,,,
2020090501,20201107,2,土,阪神,2,1,1.0,1.0,1.0,-16.0,0.0,0.0,0.0,0.0,0.0,1,2.0,2.0,2.0,2.0,4,,,,,,
2020030304,20201108,3,日,福島,1,1,1.0,1.0,1.0,-8.0,0.0,0.0,0.0,0.0,0.0,1,2.0,2.0,2.0,-2.0,4,,,,,,
2020050502,20201108,1,日,東京,2,1,2.0,2.0,1.0,-15.0,1.0,1.0,0.0,0.0,0.0,1,2.0,2.0,2.0,-5.0,4,,,,,,
2020090502,20201108,2,日,阪神,2,1,1.0,1.0,1.0,-16.0,0.0,0.0,0.0,0.0,0.0,1,2.0,2.0,2.0,2.0,4,,,,,,
2020030305,20201114,3,土,福島,1,1,1.0,1.0,1.0,-4.0,0.0,0.0,0.0,0.0,0.0,1,2.0,2.0,2.0,-4.0,4,,,,,,
2020050503,20201114,1,土,東京,1,1,3.0,2.0,1.0,-13.0,3.0,3.0,2.0,1.0,0.0,1,2.0,2.0,2.0,-9.0,4,,,,,,
2020090503,20201114,2,土,阪神,1,1,1.0,1.0,1.0,-18.0,0.0,0.0,0.0,0.0,0.0,1,2.0,2.0,2.0,-4.0,4,,,,,,
2020030306,20201115,3,日,福島,1,1,1.0,1.0,1.0,-4.0,0.0,0.0,0.0,0.0,0.0,1,2.0,2.0,2.0,-4.0,4,,,,,,
2020050504,20201115,1,日,東京,1,1,3.0,2.0,1.0,-13.0,3.0,3.0,2.0,1.0,0.0,1,2.0,2.0,2.0,-9.0,4,,,,,,
2020090504,20201115,2,日,阪神,1,1,1.0,1.0,1.0,-18.0,0.0,0.0,0.0,0.0,0.0,1,2.0,2.0,2.0,-4.0,4,,,,,,
2020050505,20201121,1,土,東京,1,1,3.0,2.0,1.0,-16.0,2.0,2.0,1.0,0.0,0.0,1,2.0,2.0,2.0,-9.0,4,,,,,,
2020090505,20201121,2,土,阪神,1,1,2.0,1.0,1.0,-18.0,1.0,0.0,0.0,0.0,0.0,1,2.0,2.0,2.0,-6.0,4,,,,,,
2020050506,20201122,1,日,東京,1,1,3.0,2.0,1.0,-16.0,2.0,2.0,1.0,0.0,0.0,1,2.0,2.0,2.0,-9.0,4,,,,,,
2020090506,20201122,2,日,阪神,2,1,2.0,1.0,1.0,-18.0,1.0,0.0,0.0,0.0,0.0,1,2.0,2.0,2.0,-6.0,4,,,,,,
2020050507,20201123,1,月,東京,1,1,3.0,2.0,1.0,-16.0,2.0,2.0,1.0,0.0,0.0,1,2.0,2.0,2.0,-9.0,4,,,,,,
2020090507,20201123,2,月,阪神,1,1,2.0,1.0,1.0,-18.0,1.0,0.0,0.0,0.0,0.0,1,2.0,2.0,2.0,-6.0,4,,,,,,
2020050508,20201128,1,土,東京,1,1,3.0,2.0,1.0,-15.0,2.0,2.0,1.0,0.0,0.0,1,2.0,2.0,2.0,-3.0,4,,,,,,
2020090508,20201128,2,土,阪神,1,1,2.0,1.0,1.0,-13.0,1.0,0.0,0.0,0.0,0.0,1,2.0,2.0,2.0,2.0,4,,,,,,
2020050509,20201129,1,日,東京,1,1,3.0,2.0,1.0,-15.0,2.0,2.0,1.0,0.0,0.0,1,2.0,2.0,2.0,-3.0,4,,,,,,
2020090509,20201129,2,日,阪神,1,1,2.0,1.0,1.0,-13.0,1.0,0.0,0.0,0.0,0.0,1,2.0,2.0,2.0,2.0,4,,,,,,
2020060501,20201205,1,土,中山,4,2,1.0,1.0,1.0,-6.0,-1.0,0.0,0.0,0.0,0.0,2,2.0,2.0,2.0,-10.0,4,,,,,,
2020070301,20201205,3,土,中京,1,1,1.0,1.0,1.0,-15.0,-1.0,-1.0,0.0,0.0,0.0,1,2.0,2.0,2.0,-12.0,4,,,,,,
2020090601,20201205,2,土,阪神,1,1,2.0,1.0,1.0,-8.0,1.0,0.0,0.0,0.0,0.0,1,2.0,2.0,2.0,-2.0,4,,,,,,
2020060502,20201206,1,日,中山,2,1,1.0,1.0,1.0,-8.0,-1.0,0.0,0.0,0.0,0.0,1,2.0,2.0,2.0,-8.0,4,,,,,,
2020070302,20201206,3,日,中京,1,1,1.0,1.0,1.0,-15.0,-1.0,-1.0,0.0,0.0,0.0,1,2.0,2.0,2.0,-12.0,4,,,,,,
2020090602,20201206,2,日,阪神,1,1,2.0,1.0,1.0,-8.0,1.0,0.0,0.0,0.0,0.0,1,2.0,2.0,2.0,-2.0,4,,,,,,
2020060503,20201212,1,土,中山,1,1,1.0,1.0,1.0,-5.0,-1.0,0.0,0.0,0.0,0.0,1,2.0,2.0,2.0,-7.0,4,,,,,,
2020070303,20201212,3,土,中京,1,1,1.0,1.0,1.0,-20.0,-1.0,-1.0,0.0,0.0,0.0,1,2.0,2.0,2.0,-8.0,4,,,,,,
2020090603,20201212,2,土,阪神,1,1,2.0,1.0,1.0,-13.0,1.0,0.0,0.0,0.0,0.0,1,2.0,2.0,2.0,-2.0,4,,,,,,
2020060504,20201213,1,日,中山,1,1,1.0,1.0,1.0,-5.0,-1.0,0.0,0.0,0.0,0.0,1,2.0,2.0,2.0,-7.0,4,,,,,,
2020070304,20201213,3,日,中京,2,1,1.0,1.0,1.0,-20.0,-1.0,-1.0,0.0,0.0,0.0,1,2.0,2.0,2.0,-8.0,4,,,,,,
2020090604,20201213,2,日,阪神,1,1,2.0,1.0,1.0,-13.0,1.0,0.0,0.0,0.0,0.0,1,2.0,2.0,2.0,-2.0,4,,,,,,
2020060505,20201219,1,土,中山,1,1,2.0,1.0,1.0,-5.0,0.0,0.0,0.0,0.0,0.0,1,2.0,2.0,2.0,-5.0,4,,,,,,
2020070305,20201219,3,土,中京,1,1,2.0,1.0,1.0,-8.0,0.0,0.0,0.0,0.0,0.0,1,2.0,2.0,2.0,-8.0,4,,,,,,
2020090605,20201219,2,土,阪神,1,1,2.0,1.0,1.0,-18.0,1.0,0.0,0.0,0.0,0.0,1,2.0,2.0,2.0,-4.0,4,,,,,,
2020060506,20201220,1,日,中山,1,1,2.0,1.0,1.0,-5.0,0.0,0.0,0.0,0.0,0.0,1,2.0,2.0,2.0,-5.0,4,,,,,,
2020070306,20201220,3,日,中京,1,1,2.0,1.0,1.0,-8.0,0.0,0.0,0.0,0.0,0.0,1,2.0,2.0,2.0,-8.0,4,,,,,,
2020090606,20201220,2,日,阪神,2,1,2.0,1.0,1.0,-18.0,1.0,0.0,0.0,0.0,0.0,1,2.0,2.0,2.0,-4.0,4,,,,,,
2020060507,20201226,1,土,中山,1,1,2.0,1.0,1.0,1.0,0.0,0.0,0.0,0.0,0.0,1,2.0,2.0,2.0,-2.0,4,,,,,,
2020090607,20201226,2,土,阪神,1,1,2.0,1.0,1.0,-2.0,1.0,0.0,0.0,0.0,0.0,1,2.0,2.0,2.0,-2.0,4,,,,,,
2020060508,20201227,1,日,中山,1,1,2.0,1.0,1.0,1.0,0.0,0.0,0.0,0.0,0.0,1,2.0,2.0,2.0,-2.0,4,,,,,,
2020090608,20201227,2,日,阪神,1,1,2.0,1.0,1.0,-2.0,1.0,0.0,0.0,0.0,0.0,1,2.0,2.0,2.0,-2.0,4,,,,,,
2021060101,20210105,1,火,中山,1,1,2.0,1.0,1.0,-4.0,0.0,0.0,0.0,0.0,0.0,1,2.0,2.0,2.0,-2.0,4,,,,,,
2021070101,20210105,2,火,中京,1,1,2.0,1.0,1.0,-8.0,0.0,0.0,0.0,0.0,0.0,1,2.0,2.0,2.0,0.0,4,,,,,,
2021060102,20210109,1,土,中山,1,1,2.0,1.0,1.0,-9.0,0.0,0.0,0.0,0.0,0.0,1,2.0,2.0,2.0,-5.0,4,,,,,,
2021070102,20210109,2,土,中京,1,1,2.0,1.0,1.0,-12.0,0.0,0.0,0.0,0.0,0.0,1,2.0,2.0,2.0,-6.0,4,,,,,,
2021060103,20210110,1,日,中山,1,1,2.0,1.0,1.0,-9.0,0.0,0.0,0.0,0.0,0.0,1,2.0,2.0,2.0,-5.0,4,,,,,,
2021070103,20210110,2,日,中京,1,1,2.0,1.0,1.0,-12.0,0.0,0.0,0.0,0.0,0.0,1,2.0,2.0,2.0,-6.0,4,,,,,,
2021060104,20210111,1,月,中山,2,1,2.0,1.0,1.0,-9.0,0.0,0.0,0.0,0.0,0.0,1,2.0,2.0,2.0,-5.0,4,,,,,,
2021070104,20210111,2,月,中京,2,1,2.0,1.0,1.0,-12.0,0.0,0.0,0.0,0.0,0.0,1,2.0,2.0,2.0,-6.0,4,,,,,,
2021060105,20210116,1,土,中山,1,1,2.0,1.0,1.0,-7.0,1.0,0.0,0.0,0.0,0.0,1,2.0,2.0,2.0,-2.0,4,,,,,,
2021070105,20210116,2,土,中京,2,1,2.0,1.0,1.0,-14.0,1.0,0.0,0.0,0.0,0.0,1,2.0,2.0,2.0,0.0,4,,,,,,
2021100101,20210116,3,土,小倉,1,1,1.0,1.0,1.0,-11.0,-1.0,-1.0,0.0,0.0,0.0,1,2.0,2.0,2.0,-8.0,4,,,,,,
2021060106,20210117,1,日,中山,2,1,2.0,1.0,1.0,-7.0,1.0,0.0,0.0,0.0,0.0,1,2.0,2.0,2.0,-2.0,4,,,,,,
2021070106,20210117,2,日,中京,2,1,2.0,1.0,1.0,-14.0,1.0,0.0,0.0,0.0,0.0,1,2.0,2.0,2.0,0.0,4,,,,,,
2021100102,20210117,3,日,小倉,2,1,1.0,1.0,1.0,-11.0,-1.0,-1.0,0.0,0.0,0.0,1,2.0,2.0,2.0,-8.0,4,,,,,,
2021060107,20210123,1,土,中山,4,2,3.0,2.0,1.0,-2.0,1.0,0.0,0.0,0.0,0.0,1,2.0,2.0,2.0,-8.0,4,,,,,,
2021070107,20210123,2,土,中京,4,2,3.0,2.0,2.0,-5.0,2.0,1.0,1.0,0.0,0.0,1,2.0,2.0,2.0,-9.0,4,,,,,,
2021100103,20210123,3,土,小倉,4,2,1.0,1.0,1.0,2.0,0.0,0.0,0.0,0.0,0.0,1,2.0,2.0,2.0,-14.0,4,,,,,,
2021060108,20210124,1,日,中山,4,3,3.0,2.0,1.0,3.0,1.0,0.0,0.0,0.0,0.0,1,2.0,2.0,2.0,-15.0,4,,,,,,
2021070108,20210124,2,日,中京,4,3,3.0,2.0,2.0,0.0,2.0,1.0,1.0,0.0,0.0,1,2.0,2.0,2.0,-12.0,4,,,,,,
2021100104,20210124,3,日,小倉,4,3,1.0,1.0,1.0,4.0,0.0,0.0,0.0,0.0,0.0,1,2.0,2.0,2.0,-18.0,4,,,,,,
2021050101,20210130,1,土,東京,1,2,1.0,1.0,1.0,-12.0,0.0,0.0,0.0,0.0,0.0,2,2.0,2.0,2.0,-12.0,4,,,,,,
2021070109,20210130,2,土,中京,1,1,2.0,2.0,2.0,-12.0,1.0,0.0,0.0,0.0,0.0,1,2.0,2.0,2.0,-6.0,4,,,,,,
2021100105,20210130,3,土,小倉,1,1,2.0,2.0,1.0,-20.0,1.0,0.0,0.0,0.0,0.0,1,2.0,2.0,2.0,-8.0,4,,,,,,
2021050102,20210131,1,日,東京,1,1,1.0,1.0,1.0,-15.0,0.0,0.0,0.0,0.0,0.0,1,2.0,2.0,2.0,-8.0,4,,,,,,
2021070110,20210131,2,日,中京,2,1,2.0,2.0,2.0,-12.0,1.0,0.0,0.0,0.0,0.0,1,2.0,2.0,2.0,-6.0,4,,,,,,
2021100106,20210131,3,日,小倉,1,1,2.0,2.0,1.0,-20.0,1.0,0.0,0.0,0.0,0.0,1,2.0,2.0,2.0,-8.0,4,,,,,,
2021050103,20210206,1,土,東京,1,1,1.0,1.0,1.0,-20.0,0.0,0.0,0.0,0.0,0.0,1,2.0,2.0,2.0,-5.0,4,,,,,,
2021070111,20210206,2,土,中京,1,1,3.0,2.0,2.0,-6.0,2.0,1.0,0.0,0.0,0.0,1,2.0,2.0,2.0,-6.0,4,,,,,,
2021100107,20210206,3,土,小倉,1,1,3.0,2.0,2.0,-7.0,2.0,1.0,0.0,0.0,0.0,1,2.0,2.0,2.0,-8.0,4,,,,,,
2021050104,20210207,1,日,東京,1,1,1.0,1.0,1.0,-20.0,0.0,0.0,0.0,0.0,0.0,1,2.0,2.0,2.0,-5.0,4,,,,,,
2021070112,20210207,2,日,中京,1,1,3.0,2.0,2.0,-12.0,2.0,1.0,0.0,0.0,0.0,1,2.0,2.0,2.0,-6.0,4,,,,,,
2021100108,20210207,3,日,小倉,1,1,3.0,2.0,2.0,-7.0,2.0,1.0,0.0,0.0,0.0,1,2.0,2.0,2.0,-8.0,4,,,,,,
2021050105,20210213,1,土,東京,1,1,1.0,1.0,1.0,-20.0,0.0,0.0,0.0,0.0,0.0,1,2.0,2.0,2.0,-8.0,4,,,,,,
2021090101,20210213,2,土,阪神,2,1,1.0,1.0,1.0,-20.0,0.0,0.0,0.0,0.0,0.0,1,2.0,2.0,2.0,-4.0,4,,,,,,
2021100201,20210213,3,土,小倉,2,1,3.0,2.0,2.0,-6.0,1.0,0.0,0.0,0.0,0.0,1,2.0,2.0,2.0,-8.0,4,,,,,,
2021050106,20210214,1,日,東京,1,1,1.0,1.0,1.0,-20.0,0.0,0.0,0.0,0.0,0.0,1,2.0,2.0,2.0,-8.0,4,,,,,,
2021090102,20210214,2,日,阪神,1,1,1.0,1.0,1.0,-20.0,0.0,0.0,0.0,0.0,0.0,1,2.0,2.0,2.0,-4.0,4,,,,,,
2021100202,20210214,3,日,小倉,4,1,3.0,2.0,2.0,-6.0,1.0,0.0,0.0,0.0,0.0,1,2.0,2.0,2.0,-8.0,4,,,,,,
2021050107,20210220,1,土,東京,1,1,1.0,1.0,1.0,-23.0,0.0,0.0,0.0,0.0,0.0,1,2.0,2.0,2.0,-7.0,4,,,,,,
2021090103,20210220,2,土,阪神,1,1,1.0,1.0,1.0,-20.0,0.0,0.0,0.0,0.0,0.0,1,2.0,2.0,2.0,-2.0,4,,,,,,
2021100203,20210220,3,土,小倉,1,1,3.0,2.0,2.0,-20.0,1.0,0.0,0.0,0.0,0.0,1,2.0,2.0,2.0,-4.0,4,,,,,,
2021050108,20210221,1,日,東京,1,1,1.0,1.0,1.0,-23.0,0.0,0.0,0.0,0.0,0.0,1,2.0,2.0,2.0,-7.0,4,,,,,,
2021090104,20210221,2,日,阪神,1,1,1.0,1.0,1.0,-20.0,0.0,0.0,0.0,0.0,0.0,1,2.0,2.0,2.0,-2.0,4,,,,,,
2021100204,20210221,3,日,小倉,1,1,3.0,2.0,2.0,-20.0,1.0,0.0,0.0,0.0,0.0,1,2.0,2.0,2.0,-4.0,4,,,,,,
2021060201,20210227,1,土,中山,1,1,1.0,1.0,1.0,-10.0,0.0,0.0,0.0,0.0,0.0,1,2.0,2.0,2.0,-2.0,4,,,,,,
2021090105,20210227,2,土,阪神,1,1,1.0,1.0,1.0,-20.0,0.0,0.0,0.0,0.0,0.0,1,2.0,2.0,2.0,-2.0,4,,,,,,
2021100205,20210227,3,土,小倉,1,3,3.0,2.0,2.0,-5.0,0.0,0.0,0.0,0.0,0.0,3,2.0,2.0,2.0,-15.0,4,,,,,,
2021060202,20210228,1,日,中山,1,1,1.0,1.0,1.0,-10.0,0.0,0.0,0.0,0.0,0.0,1,2.0,2.0,2.0,-2.0,4,,,,,,
2021090106,20210228,2,日,阪神,2,1,1.0,1.0,1.0,-20.0,0.0,0.0,0.0,0.0,0.0,1,2.0,2.0,2.0,-2.0,4,,,,,,
2021100206,20210228,3,日,小倉,2,2,3.0,2.0,2.0,-8.0,0.0,0.0,0.0,0.0,0.0,3,2.0,2.0,2.0,-15.0,4,,,,,,
2021060203,20210306,1,土,中山,2,1,1.0,1.0,1.0,-10.0,0.0,0.0,0.0,0.0,0.0,2,2.0,2.0,2.0,-6.0,4,,,,,,
2021090107,20210306,2,土,阪神,2,2,2.0,1.0,1.0,-8.0,0.0,0.0,0.0,0.0,0.0,2,2.0,2.0,2.0,-10.0,4,,,,,,
2021100207,20210306,3,土,小倉,2,3,3.0,3.0,2.0,-5.0,2.0,2.0,1.0,0.0,0.0,4,2.0,2.0,2.0,-15.0,4,,,,,,
2021060204,20210307,1,日,中山,1,1,1.0,1.0,1.0,-10.0,0.0,0.0,0.0,0.0,0.0,2,2.0,2.0,2.0,-6.0,4,,,,,,
2021090108,20210307,2,日,阪神,1,1,2.0,1.0,1.0,-15.0,0.0,0.0,0.0,0.0,0.0,2,2.0,2.0,2.0,-10.0,4,,,,,,
2021100208,20210307,3,日,小倉,2,3,3.0,3.0,2.0,-5.0,2.0,2.0,1.0,0.0,0.0,4,2.0,2.0,2.0,-15.0,4,,,,,,
2021060205,20210313,1,土,中山,4,3,1.0,1.0,1.0,14.0,0.0,0.0,0.0,0.0,0.0,4,2.0,2.0,2.0,-14.0,4,,,,,,
2021070201,20210313,3,土,中京,4,3,1.0,1.0,2.0,10.0,0.0,0.0,0.0,0.0,0.0,4,2.0,2.0,2.0,-15.0,4,,,,,,
2021090109,20210313,2,土,阪神,4,3,2.0,2.0,1.0,10.0,1.0,1.0,0.0,0.0,0.0,4,2.0,2.0,2.0,-8.0,4,,,,,,
2021060206,20210314,1,日,中山,1,3,1.0,1.0,1.0,14.0,0.0,0.0,0.0,0.0,0.0,3,2.0,2.0,2.0,-12.0,4,,,,,,
2021070202,20210314,3,日,中京,1,3,1.0,1.0,2.0,10.0,0.0,0.0,0.0,0.0,0.0,3,2.0,2.0,2.0,-15.0,4,,,,,,
2021090110,20210314,2,日,阪神,1,1,2.0,2.0,1.0,10.0,1.0,1.0,0.0,0.0,0.0,2,2.0,2.0,2.0,-8.0,4,,,,,,
2021060207,20210320,1,土,中山,2,1,1.0,1.0,1.0,-10.0,0.0,0.0,0.0,0.0,0.0,1,2.0,2.0,2.0,-2.0,4,,,,,,
2021070203,20210320,3,土,中京,2,1,2.0,1.0,1.0,-6.0,0.0,0.0,0.0,0.0,0.0,1,2.0,2.0,2.0,-2.0,4,,,,,,
2021090111,20210320,2,土,阪神,2,1,2.0,2.0,1.0,-16.0,1.0,1.0,0.0,0.0,0.0,1,2.0,2.0,2.0,-2.0,4,,,,,,
2021060208,20210321,1,日,中山,4,2,1.0,1.0,1.0,-3.0,0.0,0.0,0.0,0.0,0.0,2,2.0,2.0,2.0,-5.0,4,,,,,,
2021070204,20210321,3,日,中京,4,2,2.0,1.0,1.0,-2.0,0.0,0.0,0.0,0.0,0.0,2,2.0,2.0,2.0,-6.0,4,,,,,,
2021090112,20210321,2,日,阪神,4,2,2.0,2.0,1.0,-12.0,1.0,1.0,0.0,0.0,0.0,2,2.0,2.0,2.0,-6.0,4,,,,,,
2021060301,20210327,1,土,中山,1,1,2.0,1.0,1.0,-10.0,1.0,0.0,0.0,0.0,0.0,1,2.0,2.0,2.0,-2.0,4,,,,,,
2021070205,20210327,3,土,中京,1,1,2.0,1.0,1.0,-6.0,1.0,0.0,0.0,0.0,0.0,1,2.0,2.0,2.0,-8.0,4,,,,,,
2021090201,20210327,2,土,阪神,1,1,2.0,2.0,1.0,-20.0,1.0,1.0,0.0,0.0,0.0,1,2.0,2.0,2.0,-2.0,4,,,,,,
2021060302,20210328,1,日,中山,2,1,2.0,1.0,1.0,-7.0,1.0,0.0,0.0,0.0,0.0,1,2.0,2.0,2.0,-4.0,4,,,,,,
2021070206,20210328,3,日,中京,4,2,2.0,1.0,1.0,-2.0,1.0,0.0,0.0,0.0,0.0,3,2.0,2.0,2.0,-14.0,4,,,,,,
2021090202,20210328,2,日,阪神,4,2,2.0,2.0,1.0,-12.0,1.0,1.0,0.0,0.0,0.0,2,2.0,2.0,2.0,-6.0,4,,,,,,
2021060303,20210403,1,土,中山,1,1,1.0,1.0,1.0,-10.0,0.0,0.0,0.0,0.0,0.0,1,2.0,2.0,2.0,-2.0,4,,,,,,
2021090203,20210403,2,土,阪神,1,1,2.0,2.0,1.0,-20.0,1.0,1.0,0.0,0.0,0.0,1,2.0,2.0,2.0,-2.0,4,,,,,,
2021060304,20210404,1,日,中山,2,1,1.0,1.0,1.0,-10.0,0.0,0.0,0.0,0.0,0.0,1,2.0,2.0,2.0,-2.0,4,,,,,,
2021090204,20210404,2,日,阪神,4,2,2.0,2.0,1.0,-12.0,1.0,1.0,0.0,0.0,0.0,2,2.0,2.0,2.0,-6.0,4,,,,,,
2021040101,20210410,3,土,新潟,1,1,1.0,1.0,1.0,-8.0,0.0,0.0,0.0,0.0,0.0,1,2.0,2.0,2.0,-6.0,4,,,,,,
2021060305,20210410,1,土,中山,1,1,1.0,1.0,1.0,-14.0,0.0,0.0,0.0,0.0,0.0,1,2.0,2.0,2.0,-2.0,4,,,,,,
2021090205,20210410,2,土,阪神,1,1,2.0,2.0,1.0,-16.0,1.0,1.0,0.0,0.0,0.0,1,2.0,2.0,2.0,-4.0,4,,,,,,
2021040102,20210411,3,日,新潟,1,1,1.0,1.0,1.0,-8.0,0.0,0.0,0.0,0.0,0.0,1,2.0,2.0,2.0,-6.0,4,,,,,,
2021060306,20210411,1,日,中山,1,1,1.0,1.0,1.0,-14.0,0.0,0.0,0.0,0.0,0.0,1,2.0,2.0,2.0,-2.0,4,,,,,,
2021090206,20210411,2,日,阪神,1,1,2.0,2.0,1.0,-16.0,1.0,1.0,0.0,0.0,0.0,2,2.0,2.0,2.0,-4.0,4,,,,,,
2021040103,20210417,3,土,新潟,4,2,1.0,1.0,1.0,6.0,0.0,0.0,0.0,0.0,0.0,2,2.0,2.0,2.0,-16.0,4,,,,,,
2021060307,20210417,1,土,中山,1,1,1.0,1.0,1.0,-8.0,0.0,0.0,0.0,0.0,0.0,1,2.0,2.0,2.0,-13.0,4,,,,,,
2021090207,20210417,2,土,阪神,4,3,2.0,2.0,1.0,20.0,1.0,1.0,0.0,0.0,0.0,1,2.0,2.0,2.0,-8.0,4,,,,,,
2021040104,20210418,3,日,新潟,4,3,1.0,1.0,1.0,10.0,0.0,0.0,0.0,0.0,0.0,3,2.0,2.0,2.0,-16.0,4,,,,,,
2021060308,20210418,1,日,中山,2,1,1.0,1.0,1.0,-8.0,0.0,0.0,0.0,0.0,0.0,1,2.0,2.0,2.0,-13.0,4,,,,,,
2021090208,20210418,2,日,阪神,1,2,2.0,2.0,1.0,10.0,1.0,1.0,0.0,0.0,0.0,2,2.0,2.0,2.0,-4.0,4,,,,,,
2021040105,20210424,3,土,新潟,1,1,2.0,1.0,1.0,-4.0,1.0,0.0,0.0,0.0,0.0,1,2.0,2.0,2.0,-6.0,4,,,,,,
2021050201,20210424,1,土,東京,1,1,1.0,1.0,1.0,-25.0,0.0,0.0,0.0,0.0,0.0,1,2.0,2.0,2.0,-8.0,4,,,,,,
2021090209,20210424,2,土,阪神,1,1,2.0,2.0,1.0,-24.0,1.0,1.0,0.0,0.0,0.0,1,2.0,2.0,2.0,-6.0,4,,,,,,
2021040106,20210425,3,日,新潟,2,1,2.0,1.0,1.0,-4.0,1.0,0.0,0.0,0.0,0.0,1,2.0,2.0,2.0,-16.0,4,,,,,,
2021050202,20210425,1,日,東京,2,1,1.0,1.0,1.0,-25.0,0.0,0.0,0.0,0.0,0.0,1,2.0,2.0,2.0,-8.0,4,,,,,,
2021090210,20210425,2,日,阪神,2,1,2.0,2.0,1.0,-24.0,1.0,1.0,0.0,0.0,0.0,1,2.0,2.0,2.0,-6.0,4,,,,,,
2021040107,20210501,3,土,新潟,2,1,2.0,2.0,1.0,-4.0,1.0,1.0,0.0,0.0,0.0,1,2.0,2.0,2.0,-6.0,4,,,,,,
2021050203,20210501,1,土,東京,2,1,1.0,1.0,1.0,-25.0,0.0,0.0,0.0,0.0,0.0,1,2.0,2.0,2.0,-8.0,4,,,,,,
2021090211,20210501,2,土,阪神,4,2,2.0,2.0,1.0,-10.0,1.0,1.0,0.0,0.0,0.0,3,2.0,2.0,2.0,-14.0,4,,,,,,
2021040108,20210502,3,日,新潟,4,3,2.0,2.0,1.0,18.0,1.0,1.0,0.0,0.0,0.0,3,2.0,2.0,2.0,-14.0,4,,,,,,
2021050204,20210502,1,日,東京,1,1,1.0,1.0,1.0,-25.0,0.0,0.0,0.0,0.0,0.0,1,2.0,2.0,2.0,-8.0,4,,,,,,
2021090212,20210502,2,日,阪神,2,1,2.0,2.0,1.0,-20.0,1.0,1.0,0.0,0.0,0.0,1,2.0,2.0,2.0,-10.0,4,,,,,,
2021040201,20210508,3,土,新潟,1,1,2.0,2.0,1.0,-4.0,1.0,1.0,0.0,0.0,0.0,1,2.0,2.0,2.0,-6.0,4,,,,,,
2021050205,20210508,1,土,東京,1,1,1.0,1.0,1.0,-25.0,0.0,0.0,0.0,0.0,0.0,1,2.0,2.0,2.0,-8.0,4,,,,,,
2021070301,20210508,2,土,中京,2,1,2.0,2.0,1.0,-16.0,1.0,1.0,0.0,0.0,0.0,1,2.0,2.0,2.0,-6.0,4,,,,,,
2021040202,20210509,3,日,新潟,1,1,2.0,2.0,1.0,-4.0,1.0,1.0,0.0,0.0,0.0,1,2.0,2.0,2.0,-6.0,4,,,,,,
2021050206,20210509,1,日,東京,1,1,1.0,1.0,1.0,-25.0,0.0,0.0,0.0,0.0,0.0,1,2.0,2.0,2.0,-8.0,4,,,,,,
2021070302,20210509,2,日,中京,1,1,2.0,2.0,1.0,-16.0,1.0,1.0,0.0,0.0,0.0,1,2.0,2.0,2.0,-6.0,4,,,,,,
2021040203,20210515,3,土,新潟,1,1,2.0,2.0,1.0,-4.0,2.0,2.0,1.0,0.0,0.0,1,2.0,2.0,2.0,-6.0,4,,,,,,
2021050207,20210515,1,土,東京,1,1,1.0,1.0,1.0,-25.0,0.0,0.0,0.0,0.0,0.0,1,2.0,2.0,2.0,-8.0,4,,,,,,
2021070303,20210515,2,土,中京,2,1,2.0,2.0,1.0,-20.0,1.0,1.0,0.0,0.0,0.0,1,2.0,2.0,2.0,-6.0,4,,,,,,
2021040204,20210516,3,日,新潟,2,1,2.0,2.0,1.0,-4.0,2.0,2.0,1.0,0.0,0.0,1,2.0,2.0,2.0,-6.0,4,,,,,,
2021050208,20210516,1,日,東京,1,1,1.0,1.0,1.0,-25.0,0.0,0.0,0.0,0.0,0.0,1,2.0,2.0,2.0,-8.0,4,,,,,,
2021070304,20210516,2,日,中京,4,2,2.0,2.0,1.0,-8.0,1.0,1.0,0.0,0.0,0.0,1,2.0,2.0,2.0,-10.0,4,,,,,,
2021040205,20210522,3,土,新潟,2,3,3.0,3.0,2.0,20.0,3.0,3.0,2.0,1.0,0.0,4,2.0,2.0,2.0,-14.0,4,,,,,,
2021050209,20210522,1,土,東京,2,1,2.0,1.0,1.0,-25.0,1.0,0.0,0.0,0.0,0.0,1,2.0,2.0,2.0,-8.0,4,,,,,,
2021070305,20210522,2,土,中京,1,3,2.0,2.0,1.0,10.0,1.0,1.0,0.0,0.0,0.0,3,2.0,2.0,2.0,-14.0,4,,,,,,
2021040206,20210523,3,日,新潟,4,3,3.0,3.0,2.0,25.0,3.0,3.0,2.0,1.0,0.0,4,2.0,2.0,2.0,-20.0,4,,,,,,
2021050210,20210523,1,日,東京,1,1,2.0,1.0,1.0,-25.0,1.0,0.0,0.0,0.0,0.0,1,2.0,2.0,2.0,-8.0,4,,,,,,
2021070306,20210523,2,日,中京,1,1,2.0,2.0,1.0,-16.0,1.0,1.0,0.0,0.0,0.0,2,2.0,2.0,2.0,-10.0,4,,,,,,
2021050211,20210529,1,土,東京,1,1,2.0,1.0,1.0,-25.0,1.0,0.0,0.0,0.0,0.0,1,2.0,2.0,2.0,-8.0,4,,,,,,
2021070307,20210529,2,土,中京,1,1,2.0,1.0,1.0,-16.0,1.0,1.0,0.0,0.0,0.0,2,2.0,2.0,2.0,-10.0,4,,,,,,
2021050212,20210530,1,日,東京,1,1,2.0,1.0,1.0,-25.0,1.0,0.0,0.0,0.0,0.0,1,2.0,2.0,2.0,-8.0,4,,,,,,
2021070308,20210530,2,日,中京,1,1,2.0,1.0,1.0,-16.0,1.0,1.0,0.0,0.0,0.0,1,2.0,2.0,2.0,-6.0,4,,,,,,
2021050301,20210605,1,土,東京,2,2,2.0,1.0,1.0,-8.0,1.0,0.0,0.0,0.0,0.0,3,2.0,2.0,2.0,-16.0,4,,,,,,
2021070401,20210605,2,土,中京,2,2,2.0,1.0,1.0,-12.0,1.0,1.0,0.0,0.0,0.0,3,2.0,2.0,2.0,-14.0,4,,,,,,
2021050302,20210606,1,日,東京,2,1,2.0,1.0,1.0,-20.0,1.0,0.0,0.0,0.0,0.0,2,2.0,2.0,2.0,-12.0,4,,,,,,
2021070402,20210606,2,日,中京,1,1,2.0,1.0,1.0,-18.0,1.0,1.0,0.0,0.0,0.0,2,2.0,2.0,2.0,-10.0,4,,,,,,
2021010101,20210612,3,土,札幌,2,1,1.0,1.0,1.0,-16.0,-1.0,0.0,0.0,0.0,0.0,1,2.0,2.0,2.0,-10.0,4,,,,,,
2021050303,20210612,1,土,東京,2,1,2.0,1.0,1.0,-23.0,1.0,0.0,0.0,0.0,0.0,1,2.0,2.0,2.0,-6.0,4,,,,,,
2021070403,20210612,2,土,中京,2,1,2.0,2.0,1.0,-16.0,2.0,1.0,0.0,0.0,0.0,1,2.0,2.0,2.0,-6.0,4,,,,,,
2021010102,20210613,3,日,札幌,1,1,1.0,1.0,1.0,-16.0,-1.0,0.0,0.0,0.0,0.0,1,2.0,2.0,2.0,-10.0,4,,,,,,
2021050304,20210613,1,日,東京,2,1,2.0,1.0,1.0,-23.0,1.0,0.0,0.0,0.0,0.0,1,2.0,2.0,2.0,-6.0,4,,,,,,
2021070404,20210613,2,日,中京,2,1,2.0,2.0,1.0,-16.0,2.0,1.0,0.0,0.0,0.0,1,2.0,2.0,2.0,-6.0,4,,,,,,
2021010103,20210619,3,土,札幌,2,1,1.0,1.0,1.0,-18.0,0.0,0.0,0.0,0.0,0.0,1,2.0,2.0,2.0,-2.0,4,,,,,,
2021050305,20210619,1,土,東京,4,2,2.0,1.0,1.0,-18.0,1.0,1.0,0.0,0.0,0.0,3,2.0,2.0,2.0,-20.0,4,,,,,,
2021090301,20210619,2,土,阪神,4,2,1.0,1.0,1.0,-14.0,-1.0,0.0,0.0,0.0,0.0,3,2.0,2.0,2.0,-8.0,4,,,,,,
2021010104,20210620,3,日,札幌,4,2,1.0,1.0,1.0,-14.0,0.0,0.0,0.0,0.0,0.0,2,2.0,2.0,2.0,-2.0,4,,,,,,
2021050306,20210620,1,日,東京,4,2,2.0,1.0,1.0,-18.0,1.0,1.0,0.0,0.0,0.0,3,2.0,2.0,2.0,-20.0,4,,,,,,
2021090302,20210620,2,日,阪神,2,1,1.0,1.0,1.0,-22.0,-1.0,0.0,0.0,0.0,0.0,2,2.0,2.0,2.0,-4.0,4,,,,,,
2021010105,20210626,3,土,札幌,1,1,1.0,1.0,1.0,-22.0,0.0,0.0,0.0,0.0,0.0,1,2.0,2.0,2.0,-2.0,4,,,,,,
2021050307,20210626,1,土,東京,2,2,2.0,1.0,1.0,-21.0,1.0,1.0,0.0,0.0,0.0,3,2.0,2.0,2.0,-10.0,4,,,,,,
2021090303,20210626,2,土,阪神,2,1,1.0,1.0,1.0,-15.0,0.0,0.0,0.0,0.0,0.0,1,2.0,2.0,2.0,-4.0,4,,,,,,
2021010106,20210627,3,日,札幌,1,1,1.0,1.0,1.0,-22.0,0.0,0.0,0.0,0.0,0.0,1,2.0,2.0,2.0,-2.0,4,,,,,,
2021050308,20210627,1,日,東京,4,2,2.0,1.0,1.0,-14.0,1.0,1.0,0.0,0.0,0.0,3,2.0,2.0,2.0,-16.0,4,,,,,,
2021090304,20210627,2,日,阪神,2,1,1.0,1.0,1.0,-15.0,0.0,0.0,0.0,0.0,0.0,1,2.0,2.0,2.0,-4.0,4,,,,,,
2021020101,20210703,3,土,函館,2,1,1.0,1.0,1.0,-30.0,-1.0,-1.0,0.0,0.0,0.0,1,2.0,2.0,2.0,-4.0,4,,,,,,
2021030101,20210703,1,土,福島,4,2,1.0,1.0,1.0,-6.0,-1.0,0.0,0.0,0.0,0.0,2,2.0,2.0,2.0,-10.0,4,,,,,,
2021100301,20210703,2,土,小倉,2,1,1.0,1.0,1.0,-20.0,0.0,0.0,0.0,0.0,0.0,2,2.0,2.0,2.0,-18.0,4,,,,,,
2021020102,20210704,3,日,函館,2,1,1.0,1.0,1.0,-30.0,-1.0,-1.0,0.0,0.0,0.0,1,2.0,2.0,2.0,-4.0,4,,,,,,
2021030102,20210704,1,日,福島,4,3,1.0,1.0,1.0,2.0,-1.0,0.0,0.0,0.0,0.0,3,2.0,2.0,2.0,-13.0,4,,,,,,
2021100302,20210704,2,日,小倉,2,1,1.0,1.0,1.0,-20.0,0.0,0.0,0.0,0.0,0.0,2,2.0,2.0,2.0,-18.0,4,,,,,,
2021020103,20210710,3,土,函館,4,2,1.0,1.0,1.0,-15.0,-1.0,-1.0,0.0,0.0,0.0,2,2.0,2.0,2.0,-10.0,4,,,,,,
2021030103,20210710,1,土,福島,4,3,1.0,1.0,1.0,-2.0,0.0,0.0,0.0,0.0,0.0,4,2.0,2.0,2.0,-15.0,4,,,,,,
2021100303,20210710,2,土,小倉,4,3,1.0,1.0,1.0,0.0,0.0,0.0,0.0,0.0,0.0,4,2.0,2.0,2.0,-20.0,4,,,,,,
2021020104,20210711,3,日,函館,4,2,1.0,1.0,1.0,-10.0,-1.0,-1.0,0.0,0.0,0.0,3,2.0,2.0,2.0,-15.0,4,,,,,,
2021030104,20210711,1,日,福島,4,2,1.0,1.0,1.0,-6.0,0.0,0.0,0.0,0.0,0.0,3,2.0,2.0,2.0,-13.0,4,,,,,,
2021100304,20210711,2,日,小倉,4,2,1.0,1.0,1.0,-6.0,0.0,0.0,0.0,0.0,0.0,3,2.0,2.0,2.0,-18.0,4,,,,,,
2021020105,20210717,3,土,函館,1,1,1.0,1.0,1.0,-20.0,-1.0,-1.0,0.0,0.0,0.0,1,2.0,2.0,2.0,-4.0,4,,,,,,
2021030105,20210717,1,土,福島,1,1,1.0,1.0,1.0,-19.0,0.0,0.0,0.0,0.0,0.0,1,2.0,2.0,2.0,-4.0,4,,,,,,
2021100305,20210717,2,土,小倉,2,1,1.0,1.0,1.0,-18.0,0.0,0.0,0.0,0.0,0.0,1,2.0,2.0,2.0,-8.0,4,,,,,,
2021020106,20210718,3,日,函館,2,1,1.0,1.0,1.0,-20.0,-1.0,-1.0,0.0,0.0,0.0,1,2.0,2.0,2.0,-4.0,4,,,,,,
2021030106,20210718,1,日,福島,1,1,1.0,1.0,1.0,-19.0,0.0,0.0,0.0,0.0,0.0,1,2.0,2.0,2.0,-4.0,4,,,,,,
2021100306,20210718,2,日,小倉,2,1,1.0,1.0,1.0,-18.0,0.0,0.0,0.0,0.0,0.0,1,2.0,2.0,2.0,-8.0,4,,,,,,
2021020107,20210724,3,土,函館,2,1,1.0,1.0,1.0,-20.0,0.0,0.0,0.0,0.0,0.0,1,2.0,2.0,2.0,-4.0,4,,,,,,
2021040301,20210724,1,土,新潟,1,1,1.0,1.0,1.0,-12.0,-1.0,-1.0,0.0,0.0,0.0,1,2.0,2.0,2.0,-4.0,4,,,,,,
2021020108,20210725,3,日,函館,2,1,1.0,1.0,1.0,-20.0,0.0,0.0,0.0,0.0,0.0,1,2.0,2.0,2.0,-4.0,4,,,,,,
2021040302,20210725,1,日,新潟,1,1,1.0,1.0,1.0,-12.0,-1.0,-1.0,0.0,0.0,0.0,1,2.0,2.0,2.0,-4.0,4,,,,,,
2021020109,20210731,3,土,函館,2,1,1.0,1.0,1.0,-22.0,0.0,0.0,0.0,0.0,0.0,1,2.0,2.0,2.0,-6.0,4,,,,,,
2021040303,20210731,1,土,新潟,1,1,1.0,1.0,1.0,-25.0,-1.0,-1.0,0.0,0.0,0.0,1,2.0,2.0,2.0,-12.0,4,,,,,,
2021020110,20210801,3,日,函館,2,1,1.0,1.0,1.0,-22.0,0.0,0.0,0.0,0.0,0.0,1,2.0,2.0,2.0,-6.0,4,,,,,,
2021040304,20210801,1,日,新潟,2,1,1.0,1.0,1.0,-25.0,-1.0,-1.0,0.0,0.0,0.0,1,2.0,2.0,2.0,-12.0,4,,,,,,
2021020111,20210807,3,土,函館,1,1,1.0,1.0,1.0,-16.0,0.0,0.0,0.0,0.0,0.0,1,2.0,2.0,2.0,-4.0,4,,,,,,
2021040305,20210807,1,土,新潟,1,1,1.0,1.0,1.0,-25.0,-1.0,-1.0,0.0,0.0,0.0,1,2.0,2.0,2.0,-12.0,4,,,,,,
2021020112,20210808,3,日,函館,2,1,1.0,1.0,1.0,-16.0,0.0,0.0,0.0,0.0,0.0,1,2.0,2.0,2.0,-4.0,4,,,,,,
2021040306,20210808,1,日,新潟,2,1,1.0,1.0,1.0,-25.0,-1.0,-1.0,0.0,0.0,0.0,1,2.0,2.0,2.0,-12.0,4,,,,,,
2021010201,20210814,3,土,札幌,2,1,1.0,1.0,1.0,-26.0,-1.0,-1.0,0.0,0.0,0.0,1,2.0,2.0,2.0,0.0,4,,,,,,
2021040401,20210814,1,土,新潟,4,3,1.0,1.0,1.0,14.0,0.0,0.0,0.0,0.0,0.0,3,2.0,2.0,2.0,-14.0,4,,,,,,
2021100401,20210814,2,土,小倉,4,4,1.0,1.0,1.0,18.0,0.0,0.0,0.0,0.0,0.0,1,2.0,2.0,2.0,-29.0,4,,,,,,
2021010202,20210815,3,日,札幌,1,1,1.0,1.0,1.0,-26.0,-1.0,-1.0,0.0,0.0,0.0,1,2.0,2.0,2.0,0.0,4,,,,,,
2021040402,20210815,1,日,新潟,4,3,1.0,1.0,1.0,14.0,0.0,0.0,0.0,0.0,0.0,3,2.0,2.0,2.0,-20.0,4,,,,,,
2021100402,20210815,2,日,小倉,4,4,1.0,1.0,1.0,18.0,0.0,0.0,0.0,0.0,0.0,4,2.0,2.0,2.0,-29.0,4,,,,,,
2021010203,20210821,3,土,札幌,1,1,1.0,1.0,1.0,-16.0,-1.0,-1.0,0.0,0.0,0.0,1,2.0,2.0,2.0,-4.0,4,,,,,,
2021040403,20210821,1,土,新潟,2,1,1.0,1.0,1.0,-22.0,1.0,0.0,0.0,0.0,0.0,1,2.0,2.0,2.0,-11.0,4,,,,,,
2021100403,20210821,2,土,小倉,2,1,1.0,1.0,1.0,-16.0,1.0,0.0,0.0,0.0,0.0,2,2.0,2.0,2.0,-16.0,4,,,,,,
2021010204,20210822,3,日,札幌,1,1,1.0,1.0,1.0,-16.0,-1.0,-1.0,0.0,0.0,0.0,1,2.0,2.0,2.0,-4.0,4,,,,,,
2021040404,20210822,1,日,新潟,2,1,1.0,1.0,1.0,-22.0,1.0,0.0,0.0,0.0,0.0,1,2.0,2.0,2.0,-11.0,4,,,,,,
2021100404,20210822,2,日,小倉,2,1,1.0,1.0,1.0,-16.0,1.0,0.0,0.0,0.0,0.0,2,2.0,2.0,2.0,-8.0,4,,,,,,
2021010205,20210828,3,土,札幌,1,1,1.0,1.0,1.0,-10.0,-1.0,-1.0,0.0,0.0,0.0,1,2.0,2.0,2.0,0.0,4,,,,,,
2021040405,20210828,1,土,新潟,1,1,1.0,1.0,1.0,-15.0,1.0,1.0,0.0,0.0,0.0,1,2.0,2.0,2.0,-9.0,4,,,,,,
2021100405,20210828,2,土,小倉,1,1,1.0,1.0,1.0,-27.0,0.0,0.0,0.0,0.0,0.0,1,2.0,2.0,2.0,-8.0,4,,,,,,
2021010206,20210829,3,日,札幌,1,1,1.0,1.0,1.0,-10.0,-1.0,-1.0,0.0,0.0,0.0,1,2.0,2.0,2.0,0.0,4,,,,,,
2021040406,20210829,1,日,新潟,1,1,1.0,1.0,1.0,-15.0,1.0,1.0,0.0,0.0,0.0,1,2.0,2.0,2.0,-9.0,4,,,,,,
2021100406,20210829,2,日,小倉,1,1,1.0,1.0,1.0,-27.0,0.0,0.0,0.0,0.0,0.0,1,2.0,2.0,2.0,-8.0,4,,,,,,
2021010207,20210904,3,土,札幌,1,1,1.0,1.0,1.0,-10.0,-1.0,0.0,0.0,0.0,0.0,1,2.0,2.0,2.0,-4.0,4,,,,,,
2021040407,20210904,1,土,新潟,2,1,3.0,3.0,2.0,-12.0,2.0,2.0,1.0,0.0,0.0,2,2.0,2.0,2.0,-14.0,4,,,,,,
2021100407,20210904,2,土,小倉,2,2,2.0,2.0,1.0,-6.0,1.0,0.0,0.0,0.0,0.0,3,2.0,2.0,2.0,-18.0,4,,,,,,
2021010208,20210905,3,日,札幌,1,1,1.0,1.0,1.0,-10.0,-1.0,0.0,0.0,0.0,0.0,1,2.0,2.0,2.0,-4.0,4,,,,,,
2021040408,20210905,1,日,新潟,1,1,3.0,3.0,2.0,-12.0,2.0,2.0,1.0,0.0,0.0,1,2.0,2.0,2.0,-9.0,4,,,,,,
2021100408,20210905,2,日,小倉,2,1,2.0,2.0,1.0,-15.0,1.0,0.0,0.0,0.0,0.0,2,2.0,2.0,2.0,-21.0,4,,,,,,
2021060401,20210911,1,土,中山,2,1,1.0,1.0,1.0,-12.0,-1.0,-1.0,0.0,0.0,0.0,1,2.0,2.0,2.0,-12.0,4,,,,,,
2021070501,20210911,2,土,中京,2,1,1.0,1.0,1.0,-16.0,-1.0,-1.0,0.0,0.0,0.0,2,2.0,2.0,2.0,-10.0,4,,,,,,
2021060402,20210912,1,日,中山,2,1,1.0,1.0,1.0,-12.0,-1.0,-1.0,0.0,0.0,0.0,1,2.0,2.0,2.0,-12.0,4,,,,,,
2021070502,20210912,2,日,中京,1,1,1.0,1.0,1.0,-16.0,-1.0,-1.0,0.0,0.0,0.0,1,2.0,2.0,2.0,-6.0,4,,,,,,
2021060403,20210918,1,土,中山,4,2,1.0,1.0,1.0,-7.0,-1.0,-1.0,0.0,0.0,0.0,2,2.0,2.0,2.0,-14.0,4,,,,,,
2021070503,20210918,2,土,中京,4,2,1.0,1.0,1.0,-10.0,0.0,0.0,0.0,0.0,0.0,3,2.0,2.0,2.0,-14.0,4,,,,,,
2021060404,20210919,1,日,中山,1,2,1.0,1.0,1.0,-7.0,-1.0,-1.0,0.0,0.0,0.0,3,2.0,2.0,2.0,-18.0,4,,,,,,
2021070504,20210919,2,日,中京,1,2,1.0,1.0,1.0,-10.0,0.0,0.0,0.0,0.0,0.0,3,2.0,2.0,2.0,-14.0,4,,,,,,
2021060405,20210920,1,月,中山,1,1,1.0,1.0,1.0,-14.0,-1.0,-1.0,0.0,0.0,0.0,2,2.0,2.0,2.0,-14.0,4,,,,,,
2021070505,20210920,2,月,中京,1,1,1.0,1.0,1.0,-16.0,0.0,0.0,0.0,0.0,0.0,2,2.0,2.0,2.0,-10.0,4,,,,,,
2021060406,20210925,1,土,中山,2,1,1.0,1.0,1.0,-18.0,-1.0,0.0,0.0,0.0,0.0,1,2.0,2.0,2.0,-12.0,4,,,,,,
2021070506,20210925,2,土,中京,1,1,1.0,1.0,1.0,-17.0,0.0,0.0,0.0,0.0,0.0,1,2.0,2.0,2.0,-10.0,4,,,,,,
2021060407,20210926,1,日,中山,2,1,1.0,1.0,1.0,-18.0,-1.0,0.0,0.0,0.0,0.0,1,2.0,2.0,2.0,-12.0,4,,,,,,
2021070507,20210926,2,日,中京,2,1,1.0,1.0,1.0,-17.0,0.0,0.0,0.0,0.0,0.0,1,2.0,2.0,2.0,-10.0,4,,,,,,
2021060408,20211002,1,土,中山,1,3,1.0,1.0,1.0,4.0,0.0,0.0,0.0,0.0,0.0,4,2.0,2.0,2.0,-25.0,4,,,,,,
2021070508,20211002,2,土,中京,1,1,1.0,1.0,1.0,-22.0,0.0,0.0,0.0,0.0,0.0,1,2.0,2.0,2.0,-10.0,4,,,,,,
2021060409,20211003,1,日,中山,1,1,1.0,1.0,1.0,-10.0,0.0,0.0,0.0,0.0,0.0,2,2.0,2.0,2.0,-14.0,4,,,,,,
2021070509,20211003,2,日,中京,1,1,1.0,1.0,1.0,-22.0,0.0,0.0,0.0,0.0,0.0,1,2.0,2.0,2.0,-10.0,4,,,,,,
2021040501,20211009,3,土,新潟,2,1,1.0,1.0,1.0,-25.0,0.0,0.0,0.0,0.0,0.0,1,2.0,2.0,2.0,-12.0,4,,,,,,
2021050401,20211009,1,土,東京,2,1,1.0,1.0,1.0,-24.0,-1.0,-1.0,0.0,0.0,0.0,1,2.0,2.0,2.0,-7.0,4,,,,,,
2021090401,20211009,2,土,阪神,1,1,1.0,1.0,1.0,-20.0,-1.0,-1.0,0.0,0.0,0.0,1,2.0,2.0,2.0,-6.0,4,,,,,,
2021040502,20211010,3,日,新潟,1,1,1.0,1.0,1.0,-25.0,0.0,0.0,0.0,0.0,0.0,1,2.0,2.0,2.0,-12.0,4,,,,,,
2021050402,20211010,1,日,東京,2,1,1.0,1.0,1.0,-24.0,-1.0,-1.0,0.0,0.0,0.0,1,2.0,2.0,2.0,-7.0,4,,,,,,
2021090402,20211010,2,日,阪神,1,1,1.0,1.0,1.0,-20.0,-1.0,-1.0,0.0,0.0,0.0,1,2.0,2.0,2.0,-6.0,4,,,,,,
2021040503,20211016,3,土,新潟,4,2,1.0,1.0,1.0,-8.0,1.0,0.0,0.0,0.0,0.0,2,2.0,2.0,2.0,-15.0,4,,,,,,
2021050403,20211016,1,土,東京,2,1,1.0,1.0,1.0,-24.0,-1.0,-1.0,0.0,0.0,0.0,1,2.0,2.0,2.0,-10.0,4,,,,,,
2021090403,20211016,2,土,阪神,2,1,1.0,1.0,1.0,-20.0,-1.0,-1.0,0.0,0.0,0.0,1,2.0,2.0,2.0,-6.0,4,,,,,,
2021040504,20211017,3,日,新潟,4,2,1.0,1.0,1.0,-4.0,1.0,0.0,0.0,0.0,0.0,3,2.0,2.0,2.0,-20.0,4,,,,,,
2021050404,20211017,1,日,東京,4,2,1.0,1.0,1.0,-21.0,-1.0,-1.0,0.0,0.0,0.0,2,2.0,2.0,2.0,-12.0,4,,,,,,
2021090404,20211017,2,日,阪神,2,1,1.0,1.0,1.0,-20.0,-1.0,-1.0,0.0,0.0,0.0,1,2.0,2.0,2.0,-6.0,4,,,,,,
2021040505,20211023,3,土,新潟,4,3,1.0,1.0,1.0,7.0,1.0,1.0,0.0,0.0,0.0,3,2.0,2.0,2.0,-24.0,4,,,,,,
2021050405,20211023,1,土,東京,1,1,1.0,1.0,1.0,-21.0,-1.0,-1.0,0.0,0.0,0.0,2,2.0,2.0,2.0,-15.0,4,,,,,,
2021090405,20211023,2,土,阪神,1,1,1.0,1.0,1.0,-14.0,-1.0,-1.0,0.0,0.0,0.0,1,2.0,2.0,2.0,-6.0,4,,,,,,
2021040506,20211024,3,日,新潟,1,2,1.0,1.0,1.0,-4.0,1.0,1.0,0.0,0.0,0.0,3,2.0,2.0,2.0,-24.0,4,,,,,,
2021050406,20211024,1,日,東京,1,1,1.0,1.0,1.0,-21.0,-1.0,-1.0,0.0,0.0,0.0,1,2.0,2.0,2.0,-10.0,4,,,,,,
2021090406,20211024,2,日,阪神,1,1,1.0,1.0,1.0,-14.0,-1.0,-1.0,0.0,0.0,0.0,1,2.0,2.0,2.0,-6.0,4,,,,,,
2021040507,20211030,3,土,新潟,1,1,3.0,3.0,1.0,-10.0,2.0,2.0,1.0,0.0,0.0,1,2.0,2.0,2.0,-16.0,4,,,,,,
2021050407,20211030,1,土,東京,1,1,1.0,1.0,1.0,-18.0,-1.0,-1.0,0.0,0.0,0.0,1,2.0,2.0,2.0,-8.0,4,,,,,,
2021090407,20211030,2,土,阪神,1,1,1.0,1.0,1.0,-14.0,0.0,0.0,0.0,0.0,0.0,1,2.0,2.0,2.0,-6.0,4,,,,,,
2021040508,20211031,3,日,新潟,2,1,3.0,3.0,1.0,-10.0,2.0,2.0,1.0,0.0,0.0,1,2.0,2.0,2.0,-16.0,4,,,,,,
2021050408,20211031,1,日,東京,2,1,1.0,1.0,1.0,-18.0,-1.0,-1.0,0.0,0.0,0.0,1,2.0,2.0,2.0,-8.0,4,,,,,,
2021090408,20211031,2,日,阪神,2,1,1.0,1.0,1.0,-14.0,0.0,0.0,0.0,0.0,0.0,1,2.0,2.0,2.0,-6.0,4,,,,,,
2021030201,20211106,3,土,福島,1,1,1.0,1.0,1.0,-16.0,-1.0,0.0,0.0,0.0,0.0,1,2.0,2.0,2.0,-5.0,4,,,,,,
2021050501,20211106,1,土,東京,1,1,1.0,1.0,1.0,-18.0,0.0,0.0,0.0,0.0,0.0,1,2.0,2.0,2.0,-8.0,4,,,,,,
2021090501,20211106,2,土,阪神,1,1,1.0,1.0,1.0,-14.0,1.0,0.0,0.0,0.0,0.0,1,2.0,2.0,2.0,-6.0,4,,,,,,
2021030202,20211107,3,日,福島,1,1,1.0,1.0,1.0,-16.0,-1.0,0.0,0.0,0.0,0.0,1,2.0,2.0,2.0,-5.0,4,,,,,,
2021050502,20211107,1,日,東京,1,1,1.0,1.0,1.0,-18.0,0.0,0.0,0.0,0.0,0.0,1,2.0,2.0,2.0,-8.0,4,,,,,,
2021090502,20211107,2,日,阪神,1,1,1.0,1.0,1.0,-14.0,1.0,0.0,0.0,0.0,0.0,1,2.0,2.0,2.0,-6.0,4,,,,,,
2021030203,20211113,3,土,福島,1,1,1.0,1.0,1.0,-20.0,-1.0,0.0,0.0,0.0,0.0,1,2.0,2.0,2.0,-8.0,4,,,,,,
2021050503,20211113,1,土,東京,1,1,1.0,1.0,1.0,-18.0,0.0,0.0,0.0,0.0,0.0,1,2.0,2.0,2.0,-10.0,4,,,,,,
2021090503,20211113,2,土,阪神,1,1,1.0,1.0,1.0,-16.0,1.0,0.0,0.0,0.0,0.0,1,2.0,2.0,2.0,-6.0,4,,,,,,
2021030204,20211114,3,日,福島,1,1,1.0,1.0,1.0,-20.0,-1.0,0.0,0.0,0.0,0.0,1,2.0,2.0,2.0,-8.0,4,,,,,,
2021050504,20211114,1,日,東京,1,1,1.0,1.0,1.0,-18.0,0.0,0.0,0.0,0.0,0.0,1,2.0,2.0,2.0,-10.0,4,,,,,,
2021090504,20211114,2,日,阪神,1,1,1.0,1.0,1.0,-16.0,1.0,0.0,0.0,0.0,0.0,1,2.0,2.0,2.0,-6.0,4,,,,,,
2021030205,20211120,3,土,福島,1,1,1.0,1.0,1.0,-10.0,0.0,0.0,0.0,0.0,0.0,1,2.0,2.0,2.0,-6.0,4,,,,,,
2021050505,20211120,1,土,東京,1,1,1.0,1.0,1.0,-18.0,0.0,0.0,0.0,0.0,0.0,1,2.0,2.0,2.0,-10.0,4,,,,,,
2021090505,20211120,2,土,阪神,1,1,3.0,2.0,1.0,-14.0,2.0,1.0,0.0,0.0,0.0,1,2.0,2.0,2.0,-4.0,4,,,,,,
2021030206,20211121,3,日,福島,1,1,1.0,1.0,1.0,-10.0,0.0,0.0,0.0,0.0,0.0,1,2.0,2.0,2.0,-6.0,4,,,,,,
2021050506,20211121,1,日,東京,1,1,1.0,1.0,1.0,-18.0,0.0,0.0,0.0,0.0,0.0,1,2.0,2.0,2.0,-10.0,4,,,,,,
2021090506,20211121,2,日,阪神,1,1,3.0,2.0,1.0,-14.0,2.0,1.0,0.0,0.0,0.0,1,2.0,2.0,2.0,-4.0,4,,,,,,
2021050507,20211127,1,土,東京,1,1,1.0,1.0,1.0,-24.0,0.0,0.0,0.0,0.0,0.0,1,2.0,2.0,2.0,-8.0,4,,,,,,
2021090507,20211127,2,土,阪神,1,1,3.0,2.0,1.0,-16.0,2.0,1.0,0.0,0.0,0.0,1,2.0,2.0,2.0,-4.0,4,,,,,,
2021050508,20211128,1,日,東京,1,1,1.0,1.0,1.0,-18.0,0.0,0.0,0.0,0.0,0.0,1,2.0,2.0,2.0,-8.0,4,,,,,,
2021090508,20211128,2,日,阪神,1,1,3.0,2.0,1.0,-16.0,2.0,1.0,0.0,0.0,0.0,1,2.0,2.0,2.0,-4.0,4,,,,,,
2021060501,20211204,1,土,中山,1,1,1.0,1.0,1.0,-18.0,-1.0,-1.0,0.0,0.0,0.0,1,2.0,2.0,2.0,-8.0,4,,,,,,
2021070601,20211204,3,土,中京,1,1,1.0,1.0,1.0,-17.0,-1.0,-1.0,1.0,1.0,1.0,1,2.0,2.0,2.0,-10.0,4,,,,,,
2021090601,20211204,2,土,阪神,1,1,3.0,2.0,1.0,-16.0,1.0,1.0,0.0,0.0,0.0,1,2.0,2.0,2.0,-4.0,4,,,,,,
2021060502,20211205,1,日,中山,1,1,1.0,1.0,1.0,-18.0,-1.0,-1.0,0.0,0.0,0.0,1,2.0,2.0,2.0,-8.0,4,,,,,,
2021070602,20211205,3,日,中京,1,1,1.0,1.0,1.0,-17.0,-1.0,-1.0,0.0,0.0,0.0,1,2.0,2.0,2.0,-10.0,4,,,,,,
2021090602,20211205,2,日,阪神,1,1,3.0,2.0,1.0,-16.0,1.0,1.0,0.0,0.0,0.0,1,2.0,2.0,2.0,-4.0,4,,,,,,
2021060503,20211211,1,土,中山,1,1,1.0,1.0,1.0,-18.0,-1.0,-1.0,0.0,0.0,0.0,1,2.0,2.0,2.0,-13.0,4,,,,,,
2021070603,20211211,3,土,中京,1,1,1.0,1.0,1.0,-16.0,-1.0,-1.0,1.0,1.0,1.0,1,2.0,2.0,2.0,-5.0,4,,,,,,
2021090603,20211211,2,土,阪神,1,1,3.0,2.0,1.0,-12.0,2.0,2.0,1.0,0.0,0.0,1,2.0,2.0,2.0,-4.0,4,,,,,,
2021060504,20211212,1,日,中山,1,1,1.0,1.0,1.0,-18.0,-1.0,-1.0,0.0,0.0,0.0,1,2.0,2.0,2.0,-13.0,4,,,,,,
2021070604,20211212,3,日,中京,1,1,1.0,1.0,1.0,-16.0,-1.0,-1.0,0.0,0.0,0.0,1,2.0,2.0,2.0,-5.0,4,,,,,,
2021090604,20211212,2,日,阪神,2,1,3.0,2.0,1.0,-12.0,2.0,2.0,1.0,0.0,0.0,1,2.0,2.0,2.0,-4.0,4,,,,,,
2021060505,20211218,1,土,中山,1,2,1.0,1.0,1.0,-14.0,-1.0,-1.0,0.0,0.0,0.0,2,2.0,2.0,2.0,-15.0,4,,,,,,
2021070605,20211218,3,土,中京,1,2,1.0,1.0,1.0,-10.0,0.0,0.0,0.0,0.0,0.0,3,2.0,2.0,2.0,-4.0,4,,,,,,
2021090605,20211218,2,土,阪神,2,1,3.0,3.0,2.0,-12.0,3.0,3.0,2.0,1.0,0.0,3,2.0,2.0,2.0,-10.0,4,,,,,,
2021060506,20211219,1,日,中山,1,1,1.0,1.0,1.0,-16.0,-1.0,-1.0,0.0,0.0,0.0,1,2.0,2.0,2.0,-13.0,4,,,,,,
2021070606,20211219,3,日,中京,1,1,1.0,1.0,1.0,-12.0,0.0,0.0,0.0,0.0,0.0,2,2.0,2.0,2.0,-4.0,4,,,,,,
2021090606,20211219,2,日,阪神,1,1,3.0,3.0,2.0,-12.0,3.0,3.0,2.0,1.0,0.0,2,2.0,2.0,2.0,-8.0,4,,,,,,
2021060507,20211225,1,土,中山,2,1,1.0,1.0,1.0,-16.0,0.0,0.0,0.0,0.0,0.0,1,2.0,2.0,2.0,-7.0,4,,,,,,
2021090607,20211225,2,土,阪神,2,1,3.0,3.0,2.0,-12.0,3.0,3.0,2.0,1.0,0.0,1,2.0,2.0,2.0,-5.0,4,,,,,,
2021060508,20211226,1,日,中山,2,1,1.0,1.0,1.0,-16.0,0.0,0.0,0.0,0.0,0.0,1,2.0,2.0,2.0,-7.0,4,,,,,,
2021090608,20211226,2,日,阪神,6,2,3.0,3.0,2.0,-8.0,3.0,3.0,2.0,1.0,0.0,3,2.0,2.0,2.0,-12.0,4,,,,,,
2021060509,20211228,1,火,中山,1,1,1.0,1.0,1.0,-16.0,0.0,0.0,0.0,0.0,0.0,1,2.0,2.0,2.0,-7.0,4,,,,,,
2021090609,20211228,2,火,阪神,2,1,3.0,3.0,2.0,-12.0,3.0,3.0,2.0,1.0,0.0,1,2.0,2.0,2.0,-5.0,4,,,,,,
2022060101,20220105,1,水,中山,1,1,1.0,1.0,1.0,-15.0,0.0,0.0,0.0,0.0,0.0,1,2.0,2.0,2.0,-10.0,4,,,,,,
2022070101,20220105,2,水,中京,1,1,1.0,1.0,1.0,-10.0,0.0,0.0,0.0,0.0,0.0,1,2.0,2.0,2.0,-5.0,4,,,,,,
2022060102,20220108,1,土,中山,1,1,1.0,1.0,1.0,-15.0,0.0,0.0,0.0,0.0,0.0,1,2.0,2.0,2.0,-10.0,4,,,,,,
2022070102,20220108,2,土,中京,1,1,1.0,1.0,1.0,-10.0,0.0,0.0,0.0,0.0,0.0,1,2.0,2.0,2.0,-5.0,4,,,,,,
2022060103,20220109,1,日,中山,1,1,1.0,1.0,1.0,-15.0,0.0,0.0,0.0,0.0,0.0,1,2.0,2.0,2.0,-10.0,4,,,,,,
2022070103,20220109,2,日,中京,1,1,1.0,1.0,1.0,-10.0,0.0,0.0,0.0,0.0,0.0,1,2.0,2.0,2.0,-5.0,4,,,,,,
2022060104,20220110,1,月,中山,2,1,1.0,1.0,1.0,-15.0,0.0,0.0,0.0,0.0,0.0,1,2.0,2.0,2.0,-10.0,4,,,,,,
2022070104,20220110,2,月,中京,1,1,1.0,1.0,1.0,-10.0,0.0,0.0,0.0,0.0,0.0,1,2.0,2.0,2.0,-5.0,4,,,,,,
2022060105,20220115,1,土,中山,1,1,2.0,1.0,1.0,-7.0,0.0,0.0,0.0,0.0,0.0,1,2.0,2.0,2.0,-10.0,4,,,,,,
2022070105,20220115,2,土,中京,1,1,1.0,1.0,1.0,-16.0,0.0,0.0,0.0,0.0,0.0,1,2.0,2.0,2.0,-6.0,4,,,,,,
2022100101,20220115,3,土,小倉,1,1,1.0,1.0,1.0,-24.0,-1.0,-1.0,0.0,0.0,0.0,1,2.0,2.0,2.0,-10.0,4,,,,,,
2022060106,20220116,1,日,中山,1,1,2.0,1.0,1.0,-7.0,0.0,0.0,0.0,0.0,0.0,1,2.0,2.0,2.0,-10.0,4,,,,,,
2022070106,20220116,2,日,中京,1,1,1.0,1.0,1.0,-16.0,0.0,0.0,0.0,0.0,0.0,1,2.0,2.0,2.0,-6.0,4,,,,,,
2022100102,20220116,3,日,小倉,2,1,1.0,1.0,1.0,-24.0,-1.0,-1.0,0.0,0.0,0.0,1,2.0,2.0,2.0,-10.0,4,,,,,,
2022060107,20220122,1,土,中山,1,1,3.0,2.0,1.0,-7.0,1.0,1.0,0.0,0.0,0.0,1,2.0,2.0,2.0,-8.0,4,,,,,,
2022070107,20220122,2,土,中京,1,1,1.0,1.0,1.0,-12.0,0.0,0.0,0.0,0.0,0.0,1,2.0,2.0,2.0,-4.0,4,,,,,,
2022100103,20220122,3,土,小倉,1,1,1.0,1.0,1.0,-20.0,-1.0,-1.0,0.0,0.0,0.0,1,2.0,2.0,2.0,0.0,4,,,,,,
2022060108,20220123,1,日,中山,2,1,3.0,2.0,1.0,-7.0,1.0,1.0,0.0,0.0,0.0,1,2.0,2.0,2.0,-8.0,4,,,,,,
2022070108,20220123,2,日,中京,2,1,1.0,1.0,1.0,-12.0,0.0,0.0,0.0,0.0,0.0,1,2.0,2.0,2.0,-4.0,4,,,,,,
2022100104,20220123,3,日,小倉,4,2,1.0,1.0,1.0,-15.0,-1.0,-1.0,0.0,0.0,0.0,3,2.0,2.0,2.0,-20.0,4,,,,,,
2022050101,20220129,1,土,東京,1,1,1.0,1.0,1.0,-25.0,-1.0,-1.0,0.0,0.0,0.0,1,2.0,2.0,2.0,-8.0,4,,,,,,
2022070109,20220129,2,土,中京,1,1,1.0,1.0,1.0,-14.0,0.0,0.0,0.0,0.0,0.0,1,2.0,2.0,2.0,-4.0,4,,,,,,
2022100105,20220129,3,土,小倉,1,1,2.0,1.0,1.0,-16.0,0.0,0.0,0.0,0.0,0.0,1,2.0,2.0,2.0,0.0,4,,,,,,
2022050102,20220130,1,日,東京,1,1,1.0,1.0,1.0,-25.0,-1.0,-1.0,0.0,0.0,0.0,1,2.0,2.0,2.0,-8.0,4,,,,,,
2022070110,20220130,2,日,中京,2,1,1.0,1.0,1.0,-14.0,0.0,0.0,0.0,0.0,0.0,1,2.0,2.0,2.0,-4.0,4,,,,,,
2022100106,20220130,3,日,小倉,1,1,2.0,1.0,1.0,-16.0,0.0,0.0,0.0,0.0,0.0,1,2.0,2.0,2.0,0.0,4,,,,,,
2022050103,20220205,1,土,東京,1,1,1.0,1.0,1.0,-21.0,-1.0,-1.0,0.0,0.0,0.0,1,2.0,2.0,2.0,-8.0,4,,,,,,
2022070111,20220205,2,土,中京,1,1,2.0,1.0,1.0,-14.0,1.0,0.0,0.0,0.0,0.0,1,2.0,2.0,2.0,-2.0,4,,,,,,
2022100107,20220205,3,土,小倉,2,1,3.0,3.0,2.0,-10.0,3.0,2.0,1.0,1.0,0.0,1,2.0,2.0,2.0,-4.0,4,,,,,,
2022050104,20220206,1,日,東京,1,1,1.0,1.0,1.0,-21.0,-1.0,-1.0,0.0,0.0,0.0,1,2.0,2.0,2.0,-8.0,4,,,,,,
2022070112,20220206,2,日,中京,2,1,2.0,1.0,1.0,-14.0,1.0,0.0,0.0,0.0,0.0,1,2.0,2.0,2.0,-2.0,4,,,,,,
2022100108,20220206,3,日,小倉,1,1,3.0,3.0,2.0,-10.0,3.0,2.0,1.0,1.0,0.0,1,2.0,2.0,2.0,-4.0,4,,,,,,
2022050105,20220212,1,土,東京,1,1,1.0,1.0,1.0,-20.0,-1.0,-1.0,0.0,0.0,0.0,3,2.0,2.0,2.0,-14.0,4,,,,,,
2022090101,20220212,2,土,阪神,1,1,1.0,1.0,1.0,-18.0,-1.0,-1.0,0.0,0.0,0.0,1,2.0,2.0,2.0,-6.0,4,,,,,,
2022100201,20220212,3,土,小倉,1,1,3.0,3.0,2.0,-12.0,2.0,1.0,1.0,0.0,0.0,1,2.0,2.0,2.0,-1.0,4,,,,,,
2022050106,20220213,1,日,東京,1,1,1.0,1.0,1.0,-20.0,-1.0,-1.0,0.0,0.0,0.0,2,2.0,2.0,2.0,-10.0,4,,,,,,
2022090102,20220213,2,日,阪神,2,1,1.0,1.0,1.0,-18.0,-1.0,-1.0,0.0,0.0,0.0,1,2.0,2.0,2.0,-6.0,4,,,,,,
2022100202,20220213,3,日,小倉,4,2,3.0,3.0,2.0,-6.0,2.0,1.0,1.0,0.0,0.0,3,2.0,2.0,2.0,-13.0,4,,,,,,
2022050107,20220219,1,土,東京,2,1,1.0,1.0,1.0,-18.0,0.0,0.0,0.0,0.0,0.0,1,2.0,2.0,2.0,-4.0,4,,,,,,
2022090103,20220219,2,土,阪神,2,1,1.0,1.0,1.0,-18.0,0.0,0.0,0.0,0.0,0.0,1,2.0,2.0,2.0,-4.0,4,,,,,,
2022100203,20220219,3,土,小倉,4,2,3.0,3.0,2.0,-6.0,3.0,3.0,2.0,1.0,0.0,3,2.0,2.0,2.0,-10.0,4,,,,,,
2022050108,20220220,1,日,東京,2,2,1.0,1.0,1.0,-10.0,0.0,0.0,0.0,0.0,0.0,2,2.0,2.0,2.0,-10.0,4,,,,,,
2022090104,20220220,2,日,阪神,1,1,1.0,1.0,1.0,-18.0,0.0,0.0,0.0,0.0,0.0,1,2.0,2.0,2.0,-4.0,4,,,,,,
2022100204,20220220,3,日,小倉,1,1,3.0,3.0,2.0,-12.0,3.0,3.0,2.0,1.0,0.0,2,2.0,2.0,2.0,-5.0,4,,,,,,
2022060201,20220226,1,土,中山,1,1,1.0,1.0,1.0,-18.0,0.0,0.0,0.0,0.0,0.0,1,2.0,2.0,2.0,-8.0,4,,,,,,
2022090105,20220226,2,土,阪神,1,1,1.0,1.0,1.0,-18.0,0.0,0.0,0.0,0.0,0.0,1,2.0,2.0,2.0,-2.0,4,,,,,,
2022100205,20220226,3,土,小倉,1,1,3.0,3.0,2.0,-16.0,3.0,3.0,2.0,1.0,0.0,1,2.0,2.0,2.0,-2.0,4,,,,,,
2022060202,20220227,1,日,中山,1,1,1.0,1.0,1.0,-18.0,0.0,0.0,0.0,0.0,0.0,1,2.0,2.0,2.0,-8.0,4,,,,,,
2022090106,20220227,2,日,阪神,1,1,1.0,1.0,1.0,-18.0,0.0,0.0,0.0,0.0,0.0,1,2.0,2.0,2.0,-2.0,4,,,,,,
2022100206,20220227,3,日,小倉,1,1,3.0,3.0,2.0,-16.0,3.0,3.0,2.0,1.0,0.0,1,2.0,2.0,2.0,-2.0,4,,,,,,
2022060203,20220305,1,土,中山,1,1,1.0,1.0,1.0,-18.0,0.0,0.0,0.0,0.0,0.0,1,2.0,2.0,2.0,-8.0,4,,,,,,
2022090107,20220305,2,土,阪神,1,1,1.0,1.0,1.0,-18.0,0.0,0.0,0.0,0.0,0.0,1,2.0,2.0,2.0,-2.0,4,,,,,,
2022060204,20220306,1,日,中山,1,1,1.0,1.0,1.0,-18.0,0.0,0.0,0.0,0.0,0.0,1,2.0,2.0,2.0,-8.0,4,,,,,,
2022090108,20220306,2,日,阪神,1,1,1.0,1.0,1.0,-18.0,0.0,0.0,0.0,0.0,0.0,1,2.0,2.0,2.0,-2.0,4,,,,,,
2022060205,20220312,1,土,中山,1,1,1.0,1.0,1.0,-18.0,0.0,0.0,0.0,0.0,0.0,1,2.0,2.0,2.0,-2.0,4,,,,,,
2022070201,20220312,3,土,中京,1,1,1.0,1.0,1.0,-14.0,0.0,0.0,0.0,0.0,0.0,1,2.0,2.0,2.0,-2.0,4,,,,,,
2022090109,20220312,2,土,阪神,1,1,1.0,1.0,1.0,-18.0,0.0,0.0,0.0,0.0,0.0,1,2.0,2.0,2.0,-2.0,4,,,,,,
2022060206,20220313,1,日,中山,2,1,1.0,1.0,1.0,-18.0,0.0,0.0,0.0,0.0,0.0,1,2.0,2.0,2.0,-2.0,4,,,,,,
2022070202,20220313,3,日,中京,1,1,1.0,1.0,1.0,-14.0,0.0,0.0,0.0,0.0,0.0,1,2.0,2.0,2.0,-2.0,4,,,,,,
2022090110,20220313,2,日,阪神,1,1,1.0,1.0,1.0,-18.0,0.0,0.0,0.0,0.0,0.0,1,2.0,2.0,2.0,-2.0,4,,,,,,
2022070203,20220319,3,土,中京,2,1,1.0,1.0,1.0,-14.0,0.0,0.0,0.0,0.0,0.0,2,2.0,2.0,2.0,-5.0,4,,,,,,
2022090111,20220319,2,土,阪神,2,2,1.0,1.0,1.0,-10.0,0.0,0.0,0.0,0.0,0.0,2,2.0,2.0,2.0,-10.0,4,,,,,,
2022060207,20220320,1,日,中山,1,2,1.0,1.0,1.0,-10.0,0.0,0.0,0.0,0.0,0.0,3,2.0,2.0,2.0,-15.0,4,,,,,,
2022090112,20220320,2,日,阪神,1,2,1.0,1.0,1.0,-4.0,0.0,0.0,0.0,0.0,0.0,3,2.0,2.0,2.0,-12.0,4,,,,,,
2022060208,20220321,1,月,中山,2,2,1.0,1.0,1.0,-10.0,0.0,0.0,0.0,0.0,0.0,2,2.0,2.0,2.0,-8.0,4,,,,,,
2022070204,20220321,3,月,中京,1,1,1.0,1.0,1.0,-16.0,0.0,0.0,0.0,0.0,0.0,2,2.0,2.0,2.0,-5.0,4,,,,,,
2022060301,20220326,1,土,中山,2,1,1.0,1.0,1.0,-12.0,0.0,0.0,0.0,0.0,0.0,1,2.0,2.0,2.0,-10.0,4,,,,,,
2022070205,20220326,3,土,中京,2,1,1.0,1.0,1.0,-12.0,0.0,0.0,0.0,0.0,0.0,2,2.0,2.0,2.0,-8.0,4,,,,,,
2022090201,20220326,2,土,阪神,4,2,1.0,1.0,1.0,-10.0,0.0,0.0,0.0,0.0,0.0,2,2.0,2.0,2.0,-10.0,4,,,,,,
2022060302,20220327,1,日,中山,2,1,1.0,1.0,1.0,-12.0,0.0,0.0,0.0,0.0,0.0,1,2.0,2.0,2.0,-10.0,4,,,,,,
2022070206,20220327,3,日,中京,1,1,1.0,1.0,1.0,-12.0,0.0,0.0,0.0,0.0,0.0,2,2.0,2.0,2.0,-8.0,4,,,,,,
2022090202,20220327,2,日,阪神,1,1,1.0,1.0,1.0,-12.0,0.0,0.0,0.0,0.0,0.0,2,2.0,2.0,2.0,-10.0,4,,,,,,
2022060303,20220402,1,土,中山,1,2,1.0,1.0,1.0,-5.0,0.0,0.0,0.0,0.0,0.0,3,2.0,2.0,2.0,-15.0,4,,,,,,
2022090203,20220402,2,土,阪神,1,1,1.0,1.0,1.0,-12.0,1.0,0.0,0.0,0.0,0.0,1,2.0,2.0,2.0,-2.0,4,,,,,,
2022060304,20220403,1,日,中山,1,1,1.0,1.0,1.0,-12.0,0.0,0.0,0.0,0.0,0.0,2,2.0,2.0,2.0,-12.0,4,,,,,,
2022090204,20220403,2,日,阪神,2,1,1.0,1.0,1.0,-12.0,1.0,0.0,0.0,0.0,0.0,1,2.0,2.0,2.0,-2.0,4,,,,,,
2022060305,20220409,1,土,中山,1,1,1.0,1.0,1.0,-12.0,0.0,0.0,0.0,0.0,0.0,1,2.0,2.0,2.0,-8.0,4,,,,,,
2022090205,20220409,2,土,阪神,1,1,1.0,1.0,1.0,-12.0,0.0,0.0,0.0,0.0,0.0,1,2.0,2.0,2.0,-2.0,4,,,,,,
2022060306,20220410,1,日,中山,1,1,1.0,1.0,1.0,-12.0,0.0,0.0,0.0,0.0,0.0,1,2.0,2.0,2.0,-8.0,4,,,,,,
2022090206,20220410,2,日,阪神,1,1,1.0,1.0,1.0,-12.0,0.0,0.0,0.0,0.0,0.0,1,2.0,2.0,2.0,-2.0,4,,,,,,
2022030101,20220416,3,土,福島,2,3,1.0,1.0,1.0,8.0,-1.0,-1.0,0.0,0.0,0.0,3,2.0,2.0,2.0,-10.0,4,,,,,,
2022060307,20220416,1,土,中山,2,2,1.0,1.0,1.0,-10.0,1.0,0.0,0.0,0.0,0.0,2,2.0,2.0,2.0,-8.0,4,,,,,,
2022090207,20220416,2,土,阪神,1,1,1.0,1.0,1.0,-14.0,0.0,0.0,0.0,0.0,0.0,2,2.0,2.0,2.0,-10.0,4,,,,,,
2022030102,20220417,3,日,福島,1,1,1.0,1.0,1.0,-14.0,0.0,0.0,0.0,0.0,0.0,2,2.0,2.0,2.0,-10.0,4,,,,,,
2022060308,20220417,1,日,中山,1,2,1.0,1.0,1.0,-10.0,1.0,0.0,0.0,0.0,0.0,2,2.0,2.0,2.0,-8.0,4,,,,,,
2022090208,20220417,2,日,阪神,1,1,1.0,1.0,1.0,-14.0,0.0,0.0,0.0,0.0,0.0,1,2.0,2.0,2.0,-6.0,4,,,,,,
2022030103,20220423,3,土,福島,1,1,1.0,1.0,1.0,-8.0,0.0,0.0,0.0,0.0,0.0,1,2.0,2.0,2.0,-8.0,4,,,,,,
2022050201,20220423,1,土,東京,1,1,1.0,1.0,1.0,-24.0,-1.0,-1.0,0.0,0.0,0.0,3,2.0,2.0,2.0,-20.0,4,,,,,,
2022090209,20220423,2,土,阪神,1,1,1.0,1.0,1.0,-16.0,0.0,0.0,0.0,0.0,0.0,1,2.0,2.0,2.0,-6.0,4,,,,,,
2022030104,20220424,3,日,福島,1,1,1.0,1.0,1.0,-8.0,0.0,0.0,0.0,0.0,0.0,1,2.0,2.0,2.0,-8.0,4,,,,,,
2022050202,20220424,1,日,東京,2,1,1.0,1.0,1.0,-24.0,-1.0,-1.0,0.0,0.0,0.0,1,2.0,2.0,2.0,-8.0,4,,,,,,
2022090210,20220424,2,日,阪神,2,1,1.0,1.0,1.0,-16.0,0.0,0.0,0.0,0.0,0.0,1,2.0,2.0,2.0,-6.0,4,,,,,,
2022030105,20220430,3,土,福島,1,1,1.0,1.0,1.0,-16.0,0.0,0.0,0.0,0.0,0.0,2,2.0,2.0,2.0,-10.0,4,,,,,,
2022050203,20220430,1,土,東京,1,1,1.0,1.0,1.0,-24.0,-1.0,-1.0,0.0,0.0,0.0,3,2.0,2.0,2.0,-8.0,4,,,,,,
2022090211,20220430,2,土,阪神,1,2,2.0,1.0,1.0,-12.0,1.0,0.0,0.0,0.0,0.0,3,2.0,2.0,2.0,-10.0,4,,,,,,
2022030106,20220501,3,日,福島,4,2,1.0,1.0,1.0,-8.0,0.0,0.0,0.0,0.0,0.0,3,2.0,2.0,2.0,-14.0,4,,,,,,
2022050204,20220501,1,日,東京,2,1,1.0,1.0,1.0,-20.0,-1.0,-1.0,0.0,0.0,0.0,2,2.0,2.0,2.0,-12.0,4,,,,,,
2022090212,20220501,2,日,阪神,4,2,2.0,1.0,1.0,-12.0,1.0,0.0,0.0,0.0,0.0,3,2.0,2.0,2.0,-12.0,4,,,,,,
2022040101,20220507,3,土,新潟,1,1,1.0,1.0,1.0,-8.0,0.0,0.0,0.0,0.0,0.0,1,2.0,2.0,2.0,-6.0,4,,,,,,
2022050205,20220507,1,土,東京,2,1,1.0,1.0,1.0,-20.0,-1.0,-1.0,0.0,0.0,0.0,1,2.0,2.0,2.0,-8.0,4,,,,,,
2022070301,20220507,2,土,中京,1,1,1.0,1.0,1.0,-18.0,-1.0,-1.0,0.0,0.0,0.0,1,2.0,2.0,2.0,-6.0,4,,,,,,
2022040102,20220508,3,日,新潟,1,1,1.0,1.0,1.0,-8.0,0.0,0.0,0.0,0.0,0.0,1,2.0,2.0,2.0,-6.0,4,,,,,,
2022050206,20220508,1,日,東京,1,1,1.0,1.0,1.0,-20.0,-1.0,-1.0,0.0,0.0,0.0,1,2.0,2.0,2.0,-8.0,4,,,,,,
2022070302,20220508,2,日,中京,1,1,1.0,1.0,1.0,-18.0,-1.0,-1.0,0.0,0.0,0.0,1,2.0,2.0,2.0,-6.0,4,,,,,,
2022040103,20220514,3,土,新潟,2,1,1.0,1.0,1.0,-8.0,0.0,0.0,0.0,0.0,0.0,1,2.0,2.0,2.0,-8.0,4,,,,,,
2022050207,20220514,1,土,東京,4,1,1.0,1.0,1.0,-20.0,0.0,0.0,0.0,0.0,0.0,2,2.0,2.0,2.0,-14.0,4,,,,,,
2022070303,20220514,2,土,中京,1,2,1.0,1.0,1.0,-10.0,-1.0,-1.0,0.0,0.0,0.0,2,2.0,2.0,2.0,-6.0,4,,,,,,
2022040104,20220515,3,日,新潟,1,1,1.0,1.0,1.0,-8.0,0.0,0.0,0.0,0.0,0.0,2,2.0,2.0,2.0,-12.0,4,,,,,,
2022050208,20220515,1,日,東京,1,1,1.0,1.0,1.0,-20.0,0.0,0.0,0.0,0.0,0.0,3,2.0,2.0,2.0,-20.0,4,,,,,,
2022070304,20220515,2,日,中京,1,2,1.0,1.0,1.0,-10.0,-1.0,-1.0,0.0,0.0,0.0,3,2.0,2.0,2.0,-10.0,4,,,,,,
2022040105,20220521,3,土,新潟,1,1,3.0,2.0,1.0,-8.0,2.0,2.0,1.0,0.0,0.0,1,2.0,2.0,2.0,-8.0,4,,,,,,
2022050209,20220521,1,土,東京,4,2,1.0,1.0,1.0,-20.0,1.0,0.0,0.0,0.0,0.0,2,2.0,2.0,2.0,-14.0,4,,,,,,
2022070305,20220521,2,土,中京,2,1,2.0,1.0,1.0,-16.0,1.0,1.0,0.0,0.0,0.0,1,2.0,2.0,2.0,-6.0,4,,,,,,
2022040106,20220522,3,日,新潟,1,1,3.0,2.0,1.0,-8.0,2.0,2.0,1.0,0.0,0.0,1,2.0,2.0,2.0,-8.0,4,,,,,,
2022050210,20220522,1,日,東京,4,1,1.0,1.0,1.0,-20.0,1.0,0.0,0.0,0.0,0.0,2,2.0,2.0,2.0,-14.0,4,,,,,,
2022070306,20220522,2,日,中京,1,1,2.0,1.0,1.0,-16.0,1.0,1.0,0.0,0.0,0.0,1,2.0,2.0,2.0,-6.0,4,,,,,,
2022040107,20220528,3,土,新潟,1,2,4.0,3.0,1.0,5.0,4.0,3.0,2.0,0.0,0.0,3,2.0,2.0,2.0,-20.0,4,,,,,,
2022050211,20220528,1,土,東京,1,1,2.0,1.0,1.0,-12.0,1.0,0.0,0.0,0.0,0.0,3,2.0,2.0,2.0,-16.0,4,,,,,,
2022070307,20220528,2,土,中京,1,1,3.0,2.0,1.0,-12.0,2.0,2.0,1.0,0.0,0.0,3,2.0,2.0,2.0,-14.0,4,,,,,,
2022040108,20220529,3,日,新潟,1,1,4.0,3.0,1.0,-5.0,4.0,3.0,2.0,0.0,0.0,2,2.0,2.0,2.0,-2.0,4,,,,,,
2022050212,20220529,1,日,東京,1,1,2.0,1.0,1.0,-14.0,1.0,0.0,0.0,0.0,0.0,2,2.0,2.0,2.0,-12.0,4,,,,,,
2022070308,20220529,2,日,中京,1,1,3.0,2.0,1.0,-12.0,2.0,2.0,1.0,0.0,0.0,1,2.0,2.0,2.0,-3.0,4,,,,,,
2022050301,20220604,1,土,東京,1,1,2.0,1.0,1.0,-22.0,1.0,0.0,0.0,0.0,0.0,1,2.0,2.0,2.0,-8.0,4,,,,,,
2022070401,20220604,2,土,中京,1,1,3.0,2.0,1.0,-16.0,2.0,1.0,0.0,0.0,0.0,1,2.0,2.0,2.0,-6.0,4,,,,,,
2022050302,20220605,1,日,東京,2,1,2.0,1.0,1.0,-22.0,1.0,0.0,0.0,0.0,0.0,1,2.0,2.0,2.0,-8.0,4,,,,,,
2022070402,20220605,2,日,中京,2,1,3.0,2.0,1.0,-16.0,2.0,1.0,0.0,0.0,0.0,1,2.0,2.0,2.0,-6.0,4,,,,,,
2022020101,20220611,3,土,函館,2,1,1.0,1.0,1.0,-22.0,-1.0,-1.0,0.0,0.0,0.0,1,2.0,2.0,2.0,-4.0,4,,,,,,
2022050303,20220611,1,土,東京,2,1,2.0,1.0,1.0,-22.0,1.0,1.0,0.0,0.0,0.0,1,2.0,2.0,2.0,-8.0,4,,,,,,
2022070403,20220611,2,土,中京,2,1,3.0,2.0,1.0,-20.0,2.0,1.0,0.0,0.0,0.0,1,2.0,2.0,2.0,-6.0,4,,,,,,
2022020102,20220612,3,日,函館,1,1,1.0,1.0,1.0,-22.0,-1.0,-1.0,0.0,0.0,0.0,1,2.0,2.0,2.0,-4.0,4,,,,,,
2022050304,20220612,1,日,東京,1,1,2.0,1.0,1.0,-22.0,1.0,1.0,0.0,0.0,0.0,1,2.0,2.0,2.0,-8.0,4,,,,,,
2022070404,20220612,2,日,中京,1,1,3.0,2.0,1.0,-20.0,2.0,1.0,0.0,0.0,0.0,1,2.0,2.0,2.0,-6.0,4,,,,,,
2022020103,20220618,3,土,函館,1,1,1.0,1.0,1.0,-22.0,-1.0,-1.0,0.0,0.0,0.0,1,2.0,2.0,2.0,-6.0,4,,,,,,
2022050305,20220618,1,土,東京,1,1,2.0,1.0,1.0,-20.0,1.0,0.0,0.0,0.0,0.0,1,2.0,2.0,2.0,-8.0,4,,,,,,
2022090301,20220618,2,土,阪神,2,1,1.0,1.0,1.0,-18.0,-1.0,-1.0,0.0,0.0,0.0,1,2.0,2.0,2.0,-4.0,4,,,,,,
2022020104,20220619,3,日,函館,2,1,1.0,1.0,1.0,-22.0,-1.0,-1.0,0.0,0.0,0.0,1,2.0,2.0,2.0,-6.0,4,,,,,,
2022050306,20220619,1,日,東京,2,1,2.0,1.0,1.0,-20.0,1.0,0.0,0.0,0.0,0.0,1,2.0,2.0,2.0,-8.0,4,,,,,,
2022090302,20220619,2,日,阪神,2,1,1.0,1.0,1.0,-18.0,-1.0,-1.0,0.0,0.0,0.0,1,2.0,2.0,2.0,-4.0,4,,,,,,
2022020105,20220625,3,土,函館,1,2,1.0,1.0,1.0,-14.0,-1.0,-1.0,0.0,0.0,0.0,3,2.0,2.0,2.0,-20.0,4,,,,,,
2022050307,20220625,1,土,東京,1,1,3.0,2.0,2.0,-20.0,2.0,1.0,1.0,0.0,0.0,1,2.0,2.0,2.0,-10.0,4,,,,,,
2022090303,20220625,2,土,阪神,1,1,1.0,1.0,1.0,-14.0,0.0,0.0,0.0,0.0,0.0,1,2.0,2.0,2.0,-8.0,4,,,,,,
2022020106,20220626,3,日,函館,1,1,1.0,1.0,1.0,-22.0,-1.0,-1.0,0.0,0.0,0.0,2,2.0,2.0,2.0,-10.0,4,,,,,,
2022050308,20220626,1,日,東京,1,1,3.0,2.0,2.0,-20.0,2.0,1.0,1.0,0.0,0.0,1,2.0,2.0,2.0,-10.0,4,,,,,,
2022090304,20220626,2,日,阪神,1,1,1.0,1.0,1.0,-14.0,0.0,0.0,0.0,0.0,0.0,1,2.0,2.0,2.0,-8.0,4,,,,,,
2022020107,20220702,3,土,函館,2,2,1.0,1.0,1.0,-19.0,-1.0,-1.0,0.0,0.0,0.0,2,2.0,2.0,2.0,-12.0,4,,,,,,
2022030201,20220702,1,土,福島,1,1,1.0,1.0,1.0,-19.0,-1.0,-1.0,1.0,0.0,0.0,1,2.0,2.0,2.0,-6.0,4,,,,,,
2022100301,20220702,2,土,小倉,1,1,1.0,1.0,1.0,-25.0,-1.0,-1.0,0.0,0.0,0.0,1,2.0,2.0,2.0,-10.0,4,,,,,,
2022020108,20220703,3,日,函館,1,1,1.0,1.0,1.0,-19.0,-1.0,-1.0,0.0,0.0,0.0,1,2.0,2.0,2.0,-10.0,4,,,,,,
2022030202,20220703,1,日,福島,1,1,1.0,1.0,1.0,-19.0,-1.0,-1.0,1.0,0.0,0.0,1,2.0,2.0,2.0,-6.0,4,,,,,,
2022100302,20220703,2,日,小倉,4,2,1.0,1.0,1.0,-8.0,-1.0,-1.0,0.0,0.0,0.0,2,2.0,2.0,2.0,-12.0,4,,,,,,
2022020109,20220709,3,土,函館,2,1,1.0,1.0,1.0,-15.0,-1.0,-1.0,0.0,0.0,0.0,1,2.0,2.0,2.0,-10.0,4,,,,,,
2022030203,20220709,1,土,福島,4,2,1.0,1.0,1.0,-5.0,0.0,0.0,0.0,0.0,0.0,2,2.0,2.0,2.0,-12.0,4,,,,,,
2022100303,20220709,2,土,小倉,1,1,1.0,1.0,1.0,-30.0,-1.0,-1.0,0.0,0.0,0.0,1,2.0,2.0,2.0,-12.0,4,,,,,,
2022020110,20220710,3,日,函館,2,1,1.0,1.0,1.0,-25.0,-1.0,-1.0,0.0,0.0,0.0,1,2.0,2.0,2.0,-10.0,4,,,,,,
2022030204,20220710,1,日,福島,2,1,1.0,1.0,1.0,-15.0,0.0,0.0,0.0,0.0,0.0,1,2.0,2.0,2.0,-10.0,4,,,,,,
2022100304,20220710,2,日,小倉,1,1,1.0,1.0,1.0,-30.0,-1.0,-1.0,0.0,0.0,0.0,1,2.0,2.0,2.0,-12.0,4,,,,,,
2022020111,20220716,3,土,函館,4,2,1.0,1.0,1.0,-15.0,0.0,0.0,0.0,0.0,0.0,2,2.0,2.0,2.0,-12.0,4,,,,,,
2022030205,20220716,1,土,福島,2,3,2.0,1.0,1.0,4.0,1.0,1.0,0.0,0.0,0.0,3,2.0,2.0,2.0,-12.0,4,,,,,,
2022100305,20220716,2,土,小倉,1,1,1.0,1.0,1.0,-28.0,0.0,0.0,0.0,0.0,0.0,1,2.0,2.0,2.0,-12.0,4,,,,,,
2022020112,20220717,3,日,函館,2,1,1.0,1.0,1.0,-18.0,0.0,0.0,0.0,0.0,0.0,2,2.0,2.0,2.0,-12.0,4,,,,,,
2022030206,20220717,1,日,福島,4,2,2.0,1.0,1.0,-5.0,1.0,1.0,0.0,0.0,0.0,3,2.0,2.0,2.0,-12.0,4,,,,,,
2022100306,20220717,2,日,小倉,2,1,1.0,1.0,1.0,-28.0,0.0,0.0,0.0,0.0,0.0,1,2.0,2.0,2.0,-12.0,4,,,,,,
2022010101,20220723,3,土,札幌,4,3,1.0,1.0,1.0,0.0,-1.0,-1.0,0.0,0.0,0.0,3,2.0,2.0,2.0,-17.0,4,,,,,,
2022030207,20220723,1,土,福島,4,3,3.0,3.0,2.0,0.0,3.0,2.0,1.0,0.0,0.0,4,2.0,2.0,2.0,-20.0,4,,,,,,
2022100307,20220723,2,土,小倉,2,1,2.0,1.0,1.0,-24.0,1.0,0.0,0.0,0.0,0.0,1,2.0,2.0,2.0,-10.0,4,,,,,,
2022010102,20220724,3,日,札幌,2,1,1.0,1.0,1.0,-16.0,-1.0,-1.0,0.0,0.0,0.0,1,2.0,2.0,2.0,-4.0,4,,,,,,
2022030208,20220724,1,日,福島,2,1,3.0,3.0,2.0,-8.0,3.0,2.0,1.0,0.0,0.0,1,2.0,2.0,2.0,-10.0,4,,,,,,
2022100308,20220724,2,日,小倉,2,1,2.0,1.0,1.0,-24.0,1.0,0.0,0.0,0.0,0.0,1,2.0,2.0,2.0,-10.0,4,,,,,,
2022010103,20220730,3,土,札幌,1,1,1.0,1.0,1.0,-15.0,-1.0,-1.0,0.0,0.0,0.0,1,2.0,2.0,2.0,0.0,4,,,,,,
2022040201,20220730,1,土,新潟,1,1,1.0,1.0,1.0,-25.0,-1.0,-1.0,0.0,0.0,0.0,1,2.0,2.0,2.0,-12.0,4,,,,,,
2022010104,20220731,3,日,札幌,2,1,1.0,1.0,1.0,-15.0,-1.0,-1.0,0.0,0.0,0.0,1,2.0,2.0,2.0,0.0,4,,,,,,
2022040202,20220731,1,日,新潟,1,1,1.0,1.0,1.0,-25.0,-1.0,-1.0,0.0,0.0,0.0,1,2.0,2.0,2.0,-12.0,4,,,,,,
2022010105,20220806,3,土,札幌,2,1,1.0,1.0,1.0,-15.0,-1.0,-1.0,0.0,0.0,0.0,1,2.0,2.0,2.0,-2.0,4,,,,,,
2022040203,20220806,1,土,新潟,1,1,1.0,1.0,1.0,-18.0,-1.0,-1.0,0.0,0.0,0.0,1,2.0,2.0,2.0,-15.0,4,,,,,,
2022010106,20220807,3,日,札幌,1,1,1.0,1.0,1.0,-15.0,-1.0,-1.0,0.0,0.0,0.0,1,2.0,2.0,2.0,-2.0,4,,,,,,
2022040204,20220807,1,日,新潟,1,1,1.0,1.0,1.0,-18.0,-1.0,-1.0,0.0,0.0,0.0,1,2.0,2.0,2.0,-15.0,4,,,,,,
2022010201,20220813,3,土,札幌,1,1,1.0,1.0,1.0,-15.0,0.0,0.0,0.0,0.0,0.0,2,2.0,2.0,2.0,-4.0,4,,,,,,
2022040301,20220813,1,土,新潟,2,1,1.0,1.0,1.0,-16.0,0.0,0.0,0.0,0.0,0.0,1,2.0,2.0,2.0,-15.0,4,,,,,,
2022100401,20220813,2,土,小倉,2,1,2.0,2.0,2.0,-25.0,0.0,0.0,0.0,0.0,0.0,1,2.0,2.0,2.0,-10.0,4,,,,,,
2022010202,20220814,3,日,札幌,2,1,1.0,1.0,1.0,-15.0,0.0,0.0,0.0,0.0,0.0,1,2.0,2.0,2.0,-2.0,4,,,,,,
2022040302,20220814,1,日,新潟,4,2,1.0,1.0,1.0,2.0,0.0,0.0,0.0,0.0,0.0,2,2.0,2.0,2.0,-15.0,4,,,,,,
2022100402,20220814,2,日,小倉,2,1,2.0,2.0,2.0,-25.0,0.0,0.0,0.0,0.0,0.0,1,2.0,2.0,2.0,-10.0,4,,,,,,
2022010203,20220820,3,土,札幌,2,1,1.0,1.0,1.0,-12.0,0.0,0.0,0.0,0.0,0.0,1,2.0,2.0,2.0,-6.0,4,,,,,,
2022040303,20220820,1,土,新潟,4,2,1.0,1.0,1.0,-6.0,0.0,0.0,0.0,0.0,0.0,3,2.0,2.0,2.0,-20.0,4,,,,,,
2022100403,20220820,2,土,小倉,4,2,2.0,2.0,2.0,-6.0,1.0,1.0,0.0,0.0,0.0,3,2.0,2.0,2.0,-13.0,4,,,,,,
2022010204,20220821,3,日,札幌,1,1,1.0,1.0,1.0,-12.0,0.0,0.0,0.0,0.0,0.0,1,2.0,2.0,2.0,-6.0,4,,,,,,
2022040304,20220821,1,日,新潟,1,1,1.0,1.0,1.0,-12.0,0.0,0.0,0.0,0.0,0.0,1,2.0,2.0,2.0,-15.0,4,,,,,,
2022100404,20220821,2,日,小倉,2,1,2.0,2.0,2.0,-20.0,1.0,1.0,0.0,0.0,0.0,1,2.0,2.0,2.0,-12.0,4,,,,,,
2022010205,20220827,3,土,札幌,2,1,1.0,1.0,1.0,-10.0,0.0,0.0,0.0,0.0,0.0,1,2.0,2.0,2.0,-6.0,4,,,,,,
2022040305,20220827,1,土,新潟,4,3,2.0,2.0,1.0,16.0,2.0,1.0,1.0,0.0,0.0,4,2.0,2.0,2.0,-20.0,4,,,,,,
2022100405,20220827,2,土,小倉,2,1,2.0,2.0,2.0,-20.0,1.0,1.0,0.0,0.0,0.0,1,2.0,2.0,2.0,-10.0,4,,,,,,
2022010206,20220828,3,日,札幌,1,1,1.0,1.0,1.0,-10.0,0.0,0.0,0.0,0.0,0.0,1,2.0,2.0,2.0,-6.0,4,,,,,,
2022040306,20220828,1,日,新潟,2,2,2.0,2.0,1.0,10.0,2.0,1.0,1.0,0.0,0.0,3,2.0,2.0,2.0,-15.0,4,,,,,,
2022100406,20220828,2,日,小倉,2,1,2.0,2.0,2.0,-20.0,1.0,1.0,0.0,0.0,0.0,1,2.0,2.0,2.0,-10.0,4,,,,,,
2022010207,20220903,3,土,札幌,1,1,2.0,1.0,1.0,-7.0,1.0,1.0,0.0,0.0,0.0,1,2.0,2.0,2.0,-8.0,4,,,,,,
2022040307,20220903,1,土,新潟,4,2,3.0,3.0,1.0,-3.0,3.0,3.0,2.0,0.0,0.0,3,2.0,2.0,2.0,-15.0,4,,,,,,
2022100407,20220903,2,土,小倉,4,2,3.0,3.0,2.0,-10.0,3.0,3.0,2.0,1.0,0.0,3,2.0,2.0,2.0,-25.0,4,,,,,,
2022010208,20220904,3,日,札幌,1,1,2.0,1.0,1.0,-7.0,1.0,1.0,0.0,0.0,0.0,1,2.0,2.0,2.0,-8.0,4,,,,,,
2022040308,20220904,1,日,新潟,2,2,3.0,3.0,1.0,-3.0,3.0,3.0,2.0,0.0,0.0,3,2.0,2.0,2.0,-15.0,4,,,,,,
2022100408,20220904,2,日,小倉,2,2,3.0,3.0,2.0,-10.0,3.0,3.0,2.0,1.0,0.0,3,2.0,2.0,2.0,-25.0,4,,,,,,
2022060401,20220910,1,土,中山,1,1,1.0,1.0,1.0,-18.0,-1.0,-1.0,0.0,0.0,0.0,1,2.0,2.0,2.0,-12.0,4,,,,,,
2022070501,20220910,2,土,中京,2,1,1.0,1.0,1.0,-17.0,-1.0,-1.0,0.0,0.0,0.0,1,2.0,2.0,2.0,-10.0,4,,,,,,
2022060402,20220911,1,日,中山,2,1,1.0,1.0,1.0,-18.0,-1.0,-1.0,0.0,0.0,0.0,1,2.0,2.0,2.0,-12.0,4,,,,,,
2022070502,20220911,2,日,中京,2,1,1.0,1.0,1.0,-17.0,-1.0,-1.0,0.0,0.0,0.0,2,2.0,2.0,2.0,-12.0,4,,,,,,
2022060403,20220917,1,土,中山,2,1,1.0,1.0,1.0,-14.0,0.0,0.0,0.0,0.0,0.0,1,2.0,2.0,2.0,-15.0,4,,,,,,
2022070503,20220917,2,土,中京,4,2,1.0,1.0,1.0,-10.0,0.0,0.0,0.0,0.0,0.0,2,2.0,2.0,2.0,-15.0,4,,,,,,
2022060404,20220918,1,日,中山,4,2,1.0,1.0,1.0,-12.0,0.0,0.0,0.0,0.0,0.0,2,2.0,2.0,2.0,-20.0,4,,,,,,
2022070504,20220918,2,日,中京,4,3,1.0,1.0,1.0,-2.0,0.0,0.0,0.0,0.0,0.0,3,2.0,2.0,2.0,-20.0,4,,,,,,
2022060405,20220919,1,月,中山,4,2,1.0,1.0,1.0,-12.0,0.0,0.0,0.0,0.0,0.0,2,2.0,2.0,2.0,-20.0,4,,,,,,
2022070505,20220919,2,月,中京,4,2,1.0,1.0,1.0,-10.0,0.0,0.0,0.0,0.0,0.0,3,2.0,2.0,2.0,-20.0,4,,,,,,
2022060406,20220924,1,土,中山,2,2,1.0,1.0,1.0,-15.0,0.0,0.0,0.0,0.0,0.0,3,2.0,2.0,2.0,-25.0,4,,,,,,
2022070506,20220924,2,土,中京,1,2,1.0,1.0,1.0,-10.0,1.0,0.0,0.0,0.0,0.0,3,2.0,2.0,2.0,-20.0,4,,,,,,
2022060407,20220925,1,日,中山,1,2,1.0,1.0,1.0,-15.0,0.0,0.0,0.0,0.0,0.0,3,2.0,2.0,2.0,-20.0,4,,,,,,
2022070507,20220925,2,日,中京,1,1,1.0,1.0,1.0,-22.0,1.0,0.0,0.0,0.0,0.0,1,2.0,2.0,2.0,-10.0,4,,,,,,
2022060408,20221001,1,土,中山,1,1,1.0,1.0,1.0,-10.0,0.0,0.0,0.0,0.0,0.0,1,2.0,2.0,2.0,-10.0,4,,,,,,
2022070508,20221001,2,土,中京,1,1,1.0,1.0,1.0,-16.0,1.0,0.0,0.0,0.0,0.0,1,2.0,2.0,2.0,-2.0,4,,,,,,
2022060409,20221002,1,日,中山,1,1,1.0,1.0,1.0,-10.0,0.0,0.0,0.0,0.0,0.0,1,2.0,2.0,2.0,-10.0,4,,,,,,
2022070509,20221002,2,日,中京,1,1,1.0,1.0,1.0,-16.0,1.0,0.0,0.0,0.0,0.0,1,2.0,2.0,2.0,-2.0,4,,,,,,
2022050401,20221008,1,土,東京,1,1,1.0,1.0,1.0,-22.0,-1.0,-1.0,0.0,0.0,0.0,1,2.0,2.0,2.0,-15.0,4,,,,,,
2022090401,20221008,2,土,阪神,1,1,1.0,1.0,1.0,-14.0,-1.0,-1.0,0.0,0.0,0.0,2,2.0,2.0,2.0,-12.0,4,,,,,,
2022050402,20221009,1,日,東京,4,2,1.0,1.0,1.0,-18.0,-1.0,-1.0,0.0,0.0,0.0,2,2.0,2.0,2.0,-19.0,4,,,,,,
2022090402,20221009,2,日,阪神,4,2,1.0,1.0,1.0,-8.0,-1.0,-1.0,0.0,0.0,0.0,3,2.0,2.0,2.0,-15.0,4,,,,,,
2022050403,20221010,1,月,東京,2,2,1.0,1.0,1.0,-14.0,-1.0,-1.0,0.0,0.0,0.0,3,2.0,2.0,2.0,-19.0,4,,,,,,
2022090403,20221010,2,月,阪神,2,2,1.0,1.0,1.0,-8.0,-1.0,-1.0,0.0,0.0,0.0,3,2.0,2.0,2.0,-15.0,4,,,,,,
2022040401,20221015,3,土,新潟,2,1,1.0,1.0,1.0,-12.0,0.0,0.0,0.0,0.0,0.0,1,2.0,2.0,2.0,-8.0,4,,,,,,
2022050404,20221015,1,土,東京,2,1,1.0,1.0,1.0,-10.0,0.0,0.0,0.0,0.0,0.0,2,2.0,2.0,2.0,-18.0,4,,,,,,
2022090404,20221015,2,土,阪神,1,1,1.0,1.0,1.0,-14.0,0.0,0.0,0.0,0.0,0.0,1,2.0,2.0,2.0,-8.0,4,,,,,,
2022040402,20221016,3,日,新潟,1,1,1.0,1.0,1.0,-12.0,0.0,0.0,0.0,0.0,0.0,1,2.0,2.0,2.0,-8.0,4,,,,,,
2022050405,20221016,1,日,東京,2,1,1.0,1.0,1.0,-10.0,0.0,0.0,0.0,0.0,0.0,1,2.0,2.0,2.0,-15.0,4,,,,,,
2022090405,20221016,2,日,阪神,1,1,1.0,1.0,1.0,-14.0,0.0,0.0,0.0,0.0,0.0,1,2.0,2.0,2.0,-8.0,4,,,,,,
2022040403,20221022,3,土,新潟,2,1,1.0,1.0,1.0,-10.0,0.0,0.0,0.0,0.0,0.0,1,2.0,2.0,2.0,-6.0,4,,,,,,
2022050406,20221022,1,土,東京,1,1,2.0,1.0,1.0,-16.0,1.0,0.0,0.0,0.0,0.0,1,2.0,2.0,2.0,-10.0,4,,,,,,
2022090406,20221022,2,土,阪神,1,1,1.0,1.0,1.0,-18.0,0.0,0.0,0.0,0.0,0.0,1,2.0,2.0,2.0,-4.0,4,,,,,,
2022040404,20221023,3,日,新潟,2,1,1.0,1.0,1.0,-10.0,0.0,0.0,0.0,0.0,0.0,1,2.0,2.0,2.0,-6.0,4,,,,,,
2022050407,20221023,1,日,東京,1,1,2.0,1.0,1.0,-16.0,1.0,0.0,0.0,0.0,0.0,1,2.0,2.0,2.0,-10.0,4,,,,,,
2022090407,20221023,2,日,阪神,1,1,1.0,1.0,1.0,-18.0,0.0,0.0,0.0,0.0,0.0,1,2.0,2.0,2.0,-4.0,4,,,,,,
2022040405,20221029,3,土,新潟,2,1,3.0,2.0,1.0,-10.0,2.0,1.0,0.0,0.0,0.0,1,2.0,2.0,2.0,-6.0,4,,,,,,
2022050408,20221029,1,土,東京,1,1,1.0,1.0,1.0,-22.0,0.0,0.0,0.0,0.0,0.0,1,2.0,2.0,2.0,-4.0,4,,,,,,
2022090408,20221029,2,土,阪神,1,1,2.0,1.0,1.0,-18.0,1.0,0.0,0.0,0.0,0.0,1,2.0,2.0,2.0,-4.0,4,,,,,,
2022040406,20221030,3,日,新潟,2,1,3.0,2.0,1.0,-10.0,2.0,1.0,0.0,0.0,0.0,1,2.0,2.0,2.0,-6.0,4,,,,,,
2022050409,20221030,1,日,東京,1,1,1.0,1.0,1.0,-22.0,0.0,0.0,0.0,0.0,0.0,1,2.0,2.0,2.0,-4.0,4,,,,,,
2022090409,20221030,2,日,阪神,1,1,2.0,1.0,1.0,-18.0,1.0,0.0,0.0,0.0,0.0,1,2.0,2.0,2.0,-4.0,4,,,,,,
2022030301,20221105,3,土,福島,1,1,1.0,1.0,1.0,-20.0,0.0,0.0,0.0,0.0,0.0,1,2.0,2.0,2.0,-6.0,4,,,,,,
2022050501,20221105,1,土,東京,1,1,1.0,1.0,1.0,-22.0,1.0,0.0,0.0,0.0,0.0,1,2.0,2.0,2.0,-4.0,4,,,,,,
2022090501,20221105,2,土,阪神,1,1,2.0,1.0,1.0,-18.0,1.0,0.0,0.0,0.0,0.0,1,2.0,2.0,2.0,-4.0,4,,,,,,
2022030302,20221106,3,日,福島,1,1,1.0,1.0,1.0,-20.0,0.0,0.0,0.0,0.0,0.0,1,2.0,2.0,2.0,-6.0,4,,,,,,
2022050502,20221106,1,日,東京,1,1,1.0,1.0,1.0,-22.0,1.0,0.0,0.0,0.0,0.0,1,2.0,2.0,2.0,-4.0,4,,,,,,
2022090502,20221106,2,日,阪神,1,1,2.0,1.0,1.0,-18.0,1.0,0.0,0.0,0.0,0.0,1,2.0,2.0,2.0,-4.0,4,,,,,,
2022030303,20221112,3,土,福島,1,1,1.0,1.0,1.0,-12.0,0.0,0.0,0.0,0.0,0.0,1,2.0,2.0,2.0,-10.0,4,,,,,,
2022050503,20221112,1,土,東京,1,1,2.0,1.0,1.0,-22.0,1.0,0.0,0.0,0.0,0.0,1,2.0,2.0,2.0,-2.0,4,,,,,,
2022090503,20221112,2,土,阪神,1,1,2.0,1.0,1.0,-15.0,1.0,1.0,0.0,0.0,0.0,1,2.0,2.0,2.0,-4.0,4,,,,,,
2022030304,20221113,3,日,福島,2,1,1.0,1.0,1.0,-12.0,0.0,0.0,0.0,0.0,0.0,1,2.0,2.0,2.0,-10.0,4,,,,,,
2022050504,20221113,1,日,東京,2,1,2.0,1.0,1.0,-22.0,1.0,0.0,0.0,0.0,0.0,1,2.0,2.0,2.0,-2.0,4,,,,,,
2022090504,20221113,2,日,阪神,4,1,2.0,1.0,1.0,-15.0,1.0,1.0,0.0,0.0,0.0,1,2.0,2.0,2.0,-4.0,4,,,,,,
2022030305,20221119,3,土,福島,1,1,1.0,1.0,1.0,-10.0,0.0,0.0,0.0,0.0,0.0,1,2.0,2.0,2.0,-10.0,4,,,,,,
2022050505,20221119,1,土,東京,1,1,2.0,1.0,1.0,-22.0,1.0,0.0,0.0,0.0,0.0,1,2.0,2.0,2.0,-2.0,4,,,,,,
2022090505,20221119,2,土,阪神,1,1,3.0,2.0,1.0,-13.0,3.0,2.0,1.0,0.0,0.0,1,2.0,2.0,2.0,-4.0,4,,,,,,
2022030306,20221120,3,日,福島,2,1,1.0,1.0,1.0,-10.0,0.0,0.0,0.0,0.0,0.0,1,2.0,2.0,2.0,-10.0,4,,,,,,
2022050506,20221120,1,日,東京,1,1,2.0,1.0,1.0,-22.0,1.0,0.0,0.0,0.0,0.0,1,2.0,2.0,2.0,-2.0,4,,,,,,
2022090506,20221120,2,日,阪神,4,2,3.0,2.0,1.0,-10.0,3.0,2.0,1.0,0.0,0.0,2,2.0,2.0,2.0,-14.0,4,,,,,,
2022050507,20221126,1,土,東京,4,2,2.0,1.0,1.0,-20.0,1.0,0.0,0.0,0.0,0.0,2,2.0,2.0,2.0,-10.0,4,,,,,,
2022090507,20221126,2,土,阪神,1,1,2.0,2.0,1.0,-13.0,1.0,1.0,0.0,0.0,0.0,1,2.0,2.0,2.0,-4.0,4,,,,,,
2022050508,20221127,1,日,東京,1,1,2.0,1.0,1.0,-22.0,1.0,0.0,0.0,0.0,0.0,1,2.0,2.0,2.0,-4.0,4,,,,,,
2022090508,20221127,2,日,阪神,1,1,2.0,2.0,1.0,-13.0,1.0,1.0,0.0,0.0,0.0,1,2.0,2.0,2.0,-4.0,4,,,,,,
2022060501,20221203,1,土,中山,1,1,1.0,1.0,1.0,-18.0,-1.0,-1.0,0.0,0.0,0.0,1,2.0,2.0,2.0,-10.0,4,,,,,,
2022070601,20221203,3,土,中京,1,1,1.0,1.0,1.0,-18.0,-1.0,-1.0,0.0,0.0,0.0,1,2.0,2.0,2.0,-5.0,4,,,,,,
2022090601,20221203,2,土,阪神,1,1,3.0,2.0,1.0,-13.0,2.0,1.0,0.0,0.0,0.0,1,2.0,2.0,2.0,-4.0,4,,,,,,
2022060502,20221204,1,日,中山,1,1,1.0,1.0,1.0,-18.0,-1.0,-1.0,0.0,0.0,0.0,1,2.0,2.0,2.0,-10.0,4,,,,,,
2022070602,20221204,3,日,中京,2,1,1.0,1.0,1.0,-18.0,-1.0,-1.0,0.0,0.0,0.0,1,2.0,2.0,2.0,-5.0,4,,,,,,
2022090602,20221204,2,日,阪神,2,1,3.0,2.0,1.0,-13.0,2.0,1.0,0.0,0.0,0.0,1,2.0,2.0,2.0,-4.0,4,,,,,,
2022060503,20221210,1,土,中山,1,1,1.0,1.0,1.0,-15.0,-1.0,-1.0,0.0,0.0,0.0,1,2.0,2.0,2.0,-10.0,4,,,,,,
2022070603,20221210,3,土,中京,1,1,1.0,1.0,1.0,-15.0,-1.0,-1.0,0.0,0.0,0.0,1,2.0,2.0,2.0,4.0,4,,,,,,
2022090603,20221210,2,土,阪神,1,1,3.0,2.0,1.0,-14.0,2.0,1.0,0.0,0.0,0.0,1,2.0,2.0,2.0,-4.0,4,,,,,,
2022060504,20221211,1,日,中山,2,1,1.0,1.0,1.0,-15.0,-1.0,-1.0,0.0,0.0,0.0,1,2.0,2.0,2.0,-10.0,4,,,,,,
2022070604,20221211,3,日,中京,1,1,1.0,1.0,1.0,-15.0,-1.0,-1.0,0.0,0.0,0.0,1,2.0,2.0,2.0,4.0,4,,,,,,
2022090604,20221211,2,日,阪神,1,1,3.0,2.0,1.0,-14.0,2.0,1.0,0.0,0.0,0.0,1,2.0,2.0,2.0,-4.0,4,,,,,,
2022060505,20221217,1,土,中山,4,2,1.0,1.0,1.0,-10.0,0.0,0.0,0.0,0.0,0.0,2,2.0,2.0,2.0,-12.0,4,,,,,,
2022070605,20221217,3,土,中京,4,2,3.0,1.0,1.0,-10.0,1.0,0.0,0.0,0.0,0.0,2,2.0,2.0,2.0,-6.0,4,,,,,,
2022090605,20221217,2,土,阪神,4,2,3.0,2.0,1.0,-12.0,2.0,1.0,0.0,0.0,0.0,3,2.0,2.0,2.0,-12.0,4,,,,,,
2022060506,20221218,1,日,中山,1,1,1.0,1.0,1.0,-15.0,0.0,0.0,0.0,0.0,0.0,2,2.0,2.0,2.0,-12.0,4,,,,,,
2022070606,20221218,3,日,中京,1,1,3.0,1.0,1.0,-15.0,1.0,0.0,0.0,0.0,0.0,1,2.0,2.0,2.0,4.0,4,,,,,,
2022090606,20221218,2,日,阪神,1,1,3.0,2.0,1.0,-14.0,2.0,1.0,0.0,0.0,0.0,1,2.0,2.0,2.0,-4.0,4,,,,,,
2022060507,20221224,1,土,中山,1,1,1.0,1.0,1.0,-15.0,0.0,0.0,0.0,0.0,0.0,1,2.0,2.0,2.0,-8.0,4,,,,,,
2022090607,20221224,2,土,阪神,1,1,3.0,3.0,2.0,-6.0,3.0,2.0,1.0,0.0,0.0,1,2.0,2.0,2.0,-4.0,4,,,,,,
2022060508,20221225,1,日,中山,1,1,1.0,1.0,1.0,-15.0,0.0,0.0,0.0,0.0,0.0,1,2.0,2.0,2.0,-8.0,4,,,,,,
2022090608,20221225,2,日,阪神,1,1,3.0,3.0,2.0,-6.0,3.0,2.0,1.0,0.0,0.0,1,2.0,2.0,2.0,-4.0,4,,,,,,
2022060509,20221228,1,水,中山,1,1,1.0,1.0,1.0,-15.0,0.0,0.0,0.0,0.0,0.0,1,2.0,2.0,2.0,-8.0,4,,,,,,
2022090609,20221228,2,水,阪神,1,1,3.0,3.0,2.0,-6.0,3.0,2.0,1.0,0.0,0.0,1,2.0,2.0,2.0,-4.0,4,,,,,,
2023060101,20230105,1,木,中山,1,1,2.0,1.0,1.0,-8.0,0.0,0.0,0.0,0.0,0.0,1,2.0,2.0,2.0,-8.0,4,,,,,,
2023070101,20230105,2,木,中京,1,1,3.0,2.0,2.0,-10.0,1.0,0.0,0.0,0.0,0.0,1,2.0,2.0,2.0,-2.0,4,,,,,,
2023060102,20230107,1,土,中山,1,1,2.0,1.0,1.0,-8.0,0.0,0.0,0.0,0.0,0.0,1,2.0,2.0,2.0,-8.0,4,,,,,,
2023070102,20230107,2,土,中京,1,1,3.0,2.0,2.0,-10.0,1.0,0.0,0.0,0.0,0.0,1,2.0,2.0,2.0,-2.0,4,,,,,,
2023060103,20230108,1,日,中山,1,1,2.0,1.0,1.0,-8.0,0.0,0.0,0.0,0.0,0.0,1,2.0,2.0,2.0,-8.0,4,,,,,,
2023070103,20230108,2,日,中京,1,1,3.0,2.0,2.0,-10.0,1.0,0.0,0.0,0.0,0.0,1,2.0,2.0,2.0,-2.0,4,,,,,,
2023060104,20230109,1,月,中山,1,1,2.0,1.0,1.0,-8.0,0.0,0.0,0.0,0.0,0.0,1,2.0,2.0,2.0,-8.0,4,,,,,,
2023070104,20230109,2,月,中京,1,1,3.0,2.0,2.0,-10.0,1.0,0.0,0.0,0.0,0.0,1,2.0,2.0,2.0,-2.0,4,,,,,,
2023060105,20230114,1,土,中山,2,1,2.0,1.0,1.0,-16.0,1.0,0.0,0.0,0.0,0.0,1,2.0,2.0,2.0,-8.0,4,,,,,,
2023070105,20230114,2,土,中京,2,1,3.0,3.0,2.0,-18.0,2.0,2.0,1.0,0.0,0.0,1,2.0,2.0,2.0,0.0,4,,,,,,
2023100101,20230114,3,土,小倉,2,1,1.0,1.0,1.0,-20.0,-1.0,-1.0,0.0,0.0,0.0,1,2.0,2.0,2.0,-8.0,4,,,,,,
2023060106,20230115,1,日,中山,2,1,2.0,1.0,1.0,-16.0,1.0,0.0,0.0,0.0,0.0,1,2.0,2.0,2.0,-10.0,4,,,,,,
2023070106,20230115,2,日,中京,2,1,3.0,3.0,2.0,-18.0,2.0,2.0,1.0,0.0,0.0,2,2.0,2.0,2.0,-5.0,4,,,,,,
2023100102,20230115,3,日,小倉,2,2,1.0,1.0,1.0,-10.0,-1.0,-1.0,0.0,0.0,0.0,3,2.0,2.0,2.0,-15.0,4,,,,,,
2023060107,20230121,1,土,中山,1,1,2.0,1.0,1.0,-8.0,1.0,1.0,0.0,0.0,0.0,1,2.0,2.0,2.0,-10.0,4,,,,,,
2023070107,20230121,2,土,中京,1,1,4.0,3.0,2.0,-15.0,3.0,3.0,2.0,1.0,0.0,1,2.0,2.0,2.0,0.0,4,,,,,,
2023100103,20230121,3,土,小倉,1,1,2.0,1.0,1.0,-20.0,1.0,0.0,0.0,0.0,0.0,1,2.0,2.0,2.0,0.0,4,,,,,,
2023060108,20230122,1,日,中山,2,1,2.0,1.0,1.0,-8.0,1.0,1.0,0.0,0.0,0.0,1,2.0,2.0,2.0,-10.0,4,,,,,,
2023070108,20230122,2,日,中京,2,1,4.0,3.0,2.0,-15.0,3.0,3.0,2.0,1.0,0.0,1,2.0,2.0,2.0,0.0,4,,,,,,
2023100104,20230122,3,日,小倉,4,2,2.0,1.0,1.0,-10.0,1.0,0.0,0.0,0.0,0.0,3,2.0,2.0,2.0,-15.0,4,,,,,,
2023050101,20230128,1,土,東京,1,1,1.0,1.0,1.0,-25.0,-1.0,-1.0,0.0,0.0,0.0,1,2.0,2.0,2.0,-6.0,4,,,,,,
2023070109,20230128,2,土,中京,1,2,4.0,3.0,2.0,-5.0,3.0,2.0,2.0,1.0,0.0,3,2.0,2.0,2.0,-6.0,4,,,,,,
2023100105,20230128,3,土,小倉,2,2,2.0,1.0,1.0,-6.0,1.0,1.0,0.0,0.0,0.0,3,2.0,2.0,2.0,-15.0,4,,,,,,
2023050102,20230129,1,日,東京,2,1,1.0,1.0,1.0,-25.0,-1.0,-1.0,0.0,0.0,0.0,1,2.0,2.0,2.0,-6.0,4,,,,,,
2023070110,20230129,2,日,中京,1,1,4.0,3.0,2.0,-15.0,3.0,2.0,2.0,1.0,0.0,2,2.0,2.0,2.0,0.0,4,,,,,,
2023100106,20230129,3,日,小倉,2,2,2.0,1.0,1.0,-6.0,1.0,1.0,0.0,0.0,0.0,3,2.0,2.0,2.0,-15.0,4,,,,,,
2023050103,20230204,1,土,東京,1,1,1.0,1.0,1.0,-28.0,-1.0,-1.0,0.0,0.0,0.0,1,2.0,2.0,2.0,-6.0,4,,,,,,
2023070111,20230204,2,土,中京,1,1,4.0,3.0,2.0,-16.0,4.0,3.0,2.0,1.0,0.0,1,2.0,2.0,2.0,0.0,4,,,,,,
2023100107,20230204,3,土,小倉,1,1,3.0,3.0,2.0,-15.0,2.0,2.0,1.0,0.0,0.0,1,2.0,2.0,2.0,0.0,4,,,,,,
2023050104,20230205,1,日,東京,1,1,1.0,1.0,1.0,-28.0,-1.0,-1.0,0.0,0.0,0.0,1,2.0,2.0,2.0,-6.0,4,,,,,,
2023070112,20230205,2,日,中京,1,1,4.0,3.0,2.0,-16.0,4.0,3.0,2.0,1.0,0.0,1,2.0,2.0,2.0,0.0,4,,,,,,
2023100108,20230205,3,日,小倉,1,1,3.0,3.0,2.0,-15.0,2.0,2.0,1.0,0.0,0.0,2,2.0,2.0,2.0,0.0,4,,,,,,
2023050105,20230211,1,土,東京,1,3,2.0,1.0,1.0,-6.0,1.0,0.0,0.0,0.0,0.0,3,2.0,2.0,2.0,-20.0,4,,,,,,
2023090101,20230211,2,土,阪神,1,2,1.0,1.0,1.0,-3.0,-1.0,-1.0,0.0,0.0,0.0,3,2.0,2.0,2.0,-12.0,4,,,,,,
2023100201,20230211,3,土,小倉,1,2,3.0,2.0,2.0,-6.0,2.0,1.0,1.0,0.0,0.0,3,2.0,2.0,2.0,-20.0,4,,,,,,
2023050106,20230212,1,日,東京,2,1,2.0,1.0,1.0,-20.0,1.0,0.0,0.0,0.0,0.0,3,2.0,2.0,2.0,-20.0,4,,,,,,
2023090102,20230212,2,日,阪神,1,1,1.0,1.0,1.0,-14.0,-1.0,-1.0,0.0,0.0,0.0,1,2.0,2.0,2.0,-5.0,4,,,,,,
2023100202,20230212,3,日,小倉,1,2,3.0,2.0,2.0,-6.0,2.0,1.0,1.0,0.0,0.0,3,2.0,2.0,2.0,-20.0,4,,,,,,
2023050107,20230218,1,土,東京,1,1,3.0,2.0,1.0,-20.0,2.0,1.0,0.0,0.0,0.0,2,2.0,2.0,2.0,-10.0,4,,,,,,
2023090103,20230218,2,土,阪神,4,2,1.0,1.0,1.0,-3.0,0.0,0.0,0.0,0.0,0.0,2,2.0,2.0,2.0,-8.0,4,,,,,,
2023100203,20230218,3,土,小倉,4,3,4.0,3.0,2.0,3.0,3.0,3.0,2.0,1.0,0.0,3,2.0,2.0,2.0,-25.0,4,,,,,,
2023050108,20230219,1,日,東京,2,1,3.0,2.0,1.0,-20.0,2.0,1.0,0.0,0.0,0.0,2,2.0,2.0,2.0,-10.0,4,,,,,,
2023090104,20230219,2,日,阪神,4,3,1.0,1.0,1.0,7.0,0.0,0.0,0.0,0.0,0.0,3,2.0,2.0,2.0,-14.0,4,,,,,,
2023100204,20230219,3,日,小倉,4,3,4.0,3.0,2.0,3.0,3.0,3.0,2.0,1.0,0.0,4,2.0,2.0,2.0,-28.0,4,,,,,,
2023060201,20230225,1,土,中山,1,1,1.0,1.0,1.0,-12.0,-1.0,-1.0,0.0,0.0,0.0,1,2.0,2.0,2.0,-8.0,4,,,,,,
2023090105,20230225,2,土,阪神,1,1,1.0,1.0,1.0,-20.0,0.0,0.0,0.0,0.0,0.0,1,2.0,2.0,2.0,-2.0,4,,,,,,
2023100205,20230225,3,土,小倉,2,1,4.0,4.0,3.0,-12.0,4.0,4.0,3.0,2.0,1.0,2,2.0,2.0,2.0,-18.0,4,,,,,,
2023060202,20230226,1,日,中山,1,1,1.0,1.0,1.0,-12.0,-1.0,-1.0,0.0,0.0,0.0,1,2.0,2.0,2.0,-8.0,4,,,,,,
2023090106,20230226,2,日,阪神,1,1,1.0,1.0,1.0,-20.0,0.0,0.0,0.0,0.0,0.0,1,2.0,2.0,2.0,-2.0,4,,,,,,
2023100206,20230226,3,日,小倉,2,1,4.0,4.0,3.0,-12.0,4.0,4.0,3.0,2.0,1.0,2,2.0,2.0,2.0,-18.0,4,,,,,,
2023060203,20230304,1,土,中山,1,1,1.0,1.0,1.0,-16.0,0.0,0.0,0.0,0.0,0.0,1,2.0,2.0,2.0,-6.0,4,,,,,,
2023090107,20230304,2,土,阪神,1,1,1.0,1.0,1.0,-15.0,0.0,0.0,0.0,0.0,0.0,1,2.0,2.0,2.0,-2.0,4,,,,,,
2023060204,20230305,1,日,中山,2,1,1.0,1.0,1.0,-16.0,0.0,0.0,0.0,0.0,0.0,1,2.0,2.0,2.0,-6.0,4,,,,,,
2023090108,20230305,2,日,阪神,1,1,1.0,1.0,1.0,-15.0,0.0,0.0,0.0,0.0,0.0,1,2.0,2.0,2.0,-2.0,4,,,,,,
2023060205,20230311,1,土,中山,1,1,1.0,1.0,1.0,-15.0,0.0,0.0,0.0,0.0,0.0,1,2.0,2.0,2.0,-6.0,4,,,,,,
2023070201,20230311,3,土,中京,1,1,1.0,1.0,1.0,-20.0,-1.0,-1.0,0.0,0.0,0.0,1,2.0,2.0,2.0,5.0,4,,,,,,
2023090109,20230311,2,土,阪神,1,1,1.0,1.0,1.0,-18.0,0.0,0.0,0.0,0.0,0.0,1,2.0,2.0,2.0,-2.0,4,,,,,,
2023060206,20230312,1,日,中山,2,1,1.0,1.0,1.0,-15.0,0.0,0.0,0.0,0.0,0.0,1,2.0,2.0,2.0,-6.0,4,,,,,,
2023070202,20230312,3,日,中京,1,1,1.0,1.0,1.0,-20.0,-1.0,-1.0,0.0,0.0,0.0,1,2.0,2.0,2.0,5.0,4,,,,,,
2023090110,20230312,2,日,阪神,1,1,1.0,1.0,1.0,-18.0,0.0,0.0,0.0,0.0,0.0,1,2.0,2.0,2.0,-2.0,4,,,,,,
2023060207,20230318,1,土,中山,4,2,1.0,1.0,1.0,-10.0,0.0,0.0,0.0,0.0,0.0,3,2.0,2.0,2.0,-18.0,4,,,,,,
2023070203,20230318,3,土,中京,2,2,1.0,1.0,1.0,-15.0,0.0,0.0,0.0,0.0,0.0,2,2.0,2.0,2.0,-8.0,4,,,,,,
2023090111,20230318,2,土,阪神,2,1,1.0,1.0,1.0,-15.0,0.0,0.0,0.0,0.0,0.0,2,2.0,2.0,2.0,-6.0,4,,,,,,
2023060208,20230319,1,日,中山,1,2,1.0,1.0,1.0,-3.0,0.0,0.0,0.0,0.0,0.0,3,2.0,2.0,2.0,-18.0,4,,,,,,
2023070204,20230319,3,日,中京,1,2,1.0,1.0,1.0,-8.0,0.0,0.0,0.0,0.0,0.0,3,2.0,2.0,2.0,-12.0,4,,,,,,
2023090112,20230319,2,日,阪神,1,2,1.0,1.0,1.0,-10.0,0.0,0.0,0.0,0.0,0.0,3,2.0,2.0,2.0,-14.0,4,,,,,,
2023060301,20230325,1,土,中山,2,3,3.0,2.0,2.0,-3.0,2.0,1.0,1.0,0.0,0.0,3,2.0,2.0,2.0,-18.0,4,,,,,,
2023070205,20230325,3,土,中京,2,2,2.0,1.0,1.0,-10.0,1.0,0.0,0.0,0.0,0.0,3,2.0,2.0,2.0,-15.0,4,,,,,,
2023090201,20230325,2,土,阪神,2,2,1.0,1.0,1.0,-8.0,0.0,0.0,0.0,0.0,0.0,3,2.0,2.0,2.0,-10.0,4,,,,,,
2023060302,20230326,1,日,中山,4,4,3.0,2.0,2.0,10.0,2.0,1.0,1.0,0.0,0.0,4,2.0,2.0,2.0,-22.0,4,,,,,,
2023070206,20230326,3,日,中京,4,4,2.0,1.0,1.0,5.0,1.0,0.0,0.0,0.0,0.0,4,2.0,2.0,2.0,-19.0,4,,,,,,
2023090202,20230326,2,日,阪神,4,4,1.0,1.0,1.0,8.0,0.0,0.0,0.0,0.0,0.0,4,2.0,2.0,2.0,-12.0,4,,,,,,
2023060303,20230401,1,土,中山,1,1,3.0,2.0,2.0,-12.0,1.0,0.0,0.0,0.0,0.0,1,2.0,2.0,2.0,-8.0,4,,,,,,
2023090203,20230401,2,土,阪神,1,1,1.0,1.0,1.0,-16.0,0.0,0.0,0.0,0.0,0.0,1,2.0,2.0,2.0,0.0,4,,,,,,
2023060304,20230402,1,日,中山,2,1,3.0,2.0,2.0,-12.0,1.0,0.0,0.0,0.0,0.0,1,2.0,2.0,2.0,-8.0,4,,,,,,
2023090204,20230402,2,日,阪神,2,1,1.0,1.0,1.0,-16.0,0.0,0.0,0.0,0.0,0.0,1,2.0,2.0,2.0,0.0,4,,,,,,
2023030101,20230408,3,土,福島,4,2,1.0,1.0,1.0,0.0,-1.0,-1.0,0.0,0.0,0.0,2,2.0,2.0,2.0,-12.0,4,,,,,,
2023060305,20230408,1,土,中山,4,2,3.0,2.0,2.0,-2.0,2.0,1.0,0.0,0.0,0.0,3,2.0,2.0,2.0,-19.0,4,,,,,,
2023090205,20230408,2,土,阪神,1,2,1.0,1.0,1.0,-12.0,0.0,0.0,0.0,0.0,0.0,3,2.0,2.0,2.0,-12.0,4,,,,,,
2023030102,20230409,3,日,福島,1,1,1.0,1.0,1.0,-8.0,-1.0,-1.0,0.0,0.0,0.0,1,2.0,2.0,2.0,-10.0,4,,,,,,
2023060306,20230409,1,日,中山,1,1,3.0,2.0,2.0,-8.0,2.0,1.0,0.0,0.0,0.0,1,2.0,2.0,2.0,-10.0,4,,,,,,
2023090206,20230409,2,日,阪神,1,1,1.0,1.0,1.0,-16.0,0.0,0.0,0.0,0.0,0.0,2,2.0,2.0,2.0,-10.0,4,,,,,,
2023030103,20230415,3,土,福島,4,1,1.0,1.0,1.0,-12.0,-1.0,-1.0,0.0,0.0,0.0,2,2.0,2.0,2.0,-12.0,4,,,,,,
2023060307,20230415,1,土,中山,4,2,3.0,2.0,2.0,-4.0,2.0,1.0,0.0,0.0,0.0,3,2.0,2.0,2.0,-19.0,4,,,,,,
2023090207,20230415,2,土,阪神,4,2,1.0,1.0,1.0,-12.0,0.0,0.0,0.0,0.0,0.0,2,2.0,2.0,2.0,-10.0,4,,,,,,
2023030104,20230416,3,日,福島,1,1,1.0,1.0,1.0,-12.0,-1.0,-1.0,0.0,0.0,0.0,2,2.0,2.0,2.0,-12.0,4,,,,,,
2023060308,20230416,1,日,中山,1,2,3.0,2.0,2.0,-8.0,2.0,1.0,0.0,0.0,0.0,3,2.0,2.0,2.0,-15.0,4,,,,,,
2023090208,20230416,2,日,阪神,1,2,1.0,1.0,1.0,-13.0,0.0,0.0,0.0,0.0,0.0,3,2.0,2.0,2.0,-12.0,4,,,,,,
2023030105,20230422,3,土,福島,1,1,1.0,1.0,1.0,-12.0,0.0,0.0,0.0,0.0,0.0,1,2.0,2.0,2.0,-8.0,4,,,,,,
2023050201,20230422,1,土,東京,1,1,1.0,1.0,2.0,-28.0,-1.0,-1.0,0.0,0.0,0.0,1,2.0,2.0,2.0,-4.0,4,,,,,,
2023080101,20230422,2,土,京都,1,1,1.0,1.0,1.0,-24.0,-1.0,-1.0,0.0,0.0,0.0,1,2.0,2.0,2.0,-4.0,4,,,,,,
2023030106,20230423,3,日,福島,1,1,1.0,1.0,1.0,-12.0,0.0,0.0,0.0,0.0,0.0,1,2.0,2.0,2.0,-8.0,4,,,,,,
2023050202,20230423,1,日,東京,2,1,1.0,1.0,2.0,-28.0,-1.0,-1.0,0.0,0.0,0.0,1,2.0,2.0,2.0,-4.0,4,,,,,,
2023080102,20230423,2,日,京都,2,1,1.0,1.0,1.0,-24.0,-1.0,-1.0,0.0,0.0,0.0,1,2.0,2.0,2.0,-4.0,4,,,,,,
2023040101,20230429,3,土,新潟,2,1,1.0,1.0,1.0,-13.0,0.0,0.0,0.0,0.0,0.0,1,2.0,2.0,2.0,-6.0,4,,,,,,
2023050203,20230429,1,土,東京,1,1,1.0,1.0,1.0,-28.0,-1.0,-1.0,0.0,0.0,0.0,1,2.0,2.0,2.0,-4.0,4,,,,,,
2023080103,20230429,2,土,京都,2,1,1.0,1.0,1.0,-24.0,-1.0,-1.0,0.0,0.0,0.0,1,2.0,2.0,2.0,-4.0,4,,,,,,
2023040102,20230430,3,日,新潟,2,2,1.0,1.0,1.0,2.0,0.0,0.0,0.0,0.0,0.0,3,2.0,2.0,2.0,-12.0,4,,,,,,
2023050204,20230430,1,日,東京,2,2,1.0,1.0,1.0,-20.0,-1.0,-1.0,0.0,0.0,0.0,3,2.0,2.0,2.0,-20.0,4,,,,,,
2023080104,20230430,2,日,京都,2,2,1.0,1.0,1.0,-10.0,-1.0,-1.0,0.0,0.0,0.0,3,2.0,2.0,2.0,-12.0,4,,,,,,
2023040103,20230506,3,土,新潟,4,2,1.0,1.0,1.0,3.0,0.0,0.0,0.0,0.0,0.0,2,2.0,2.0,2.0,-10.0,4,,,,,,
2023050205,20230506,1,土,東京,1,1,1.0,1.0,1.0,-28.0,-1.0,-1.0,0.0,0.0,0.0,1,2.0,2.0,2.0,-4.0,4,,,,,,
2023080105,20230506,2,土,京都,2,1,1.0,1.0,1.0,-22.0,-1.0,-1.0,0.0,0.0,0.0,1,2.0,2.0,2.0,6.0,4,,,,,,
2023040104,20230507,3,日,新潟,2,3,1.0,1.0,1.0,8.0,0.0,0.0,0.0,0.0,0.0,4,2.0,2.0,2.0,-17.0,4,,,,,,
2023050206,20230507,1,日,東京,4,3,1.0,1.0,1.0,-6.0,-1.0,-1.0,0.0,0.0,0.0,4,2.0,2.0,2.0,-20.0,4,,,,,,
2023080106,20230507,2,日,京都,2,3,1.0,1.0,1.0,-6.0,-1.0,-1.0,0.0,0.0,0.0,4,2.0,2.0,2.0,0.0,4,,,,,,
2023040105,20230513,3,土,新潟,2,1,4.0,3.0,2.0,-9.0,4.0,4.0,3.0,2.0,0.0,1,2.0,2.0,2.0,-4.0,4,,,,,,
2023050207,20230513,1,土,東京,4,2,1.0,1.0,1.0,-10.0,0.0,0.0,0.0,0.0,0.0,3,2.0,2.0,2.0,-9.0,4,,,,,,
2023080107,20230513,2,土,京都,2,1,1.0,1.0,1.0,-20.0,0.0,0.0,0.0,0.0,0.0,1,2.0,2.0,2.0,0.0,4,,,,,,
2023040106,20230514,3,日,新潟,2,1,4.0,3.0,2.0,-9.0,4.0,4.0,3.0,2.0,0.0,1,2.0,2.0,2.0,-4.0,4,,,,,,
2023050208,20230514,1,日,東京,2,1,1.0,1.0,1.0,-15.0,0.0,0.0,0.0,0.0,0.0,1,2.0,2.0,2.0,-6.0,4,,,,,,
2023080108,20230514,2,日,京都,4,3,1.0,1.0,1.0,-6.0,0.0,0.0,0.0,0.0,0.0,4,2.0,2.0,2.0,-8.0,4,,,,,,
2023040107,20230520,3,土,新潟,1,1,4.0,3.0,2.0,-9.0,4.0,4.0,3.0,2.0,0.0,1,2.0,2.0,2.0,-6.0,4,,,,,,
2023050209,20230520,1,土,東京,2,2,1.0,1.0,1.0,-10.0,0.0,0.0,0.0,0.0,0.0,2,2.0,2.0,2.0,-18.0,4,,,,,,
2023080109,20230520,2,土,京都,1,1,1.0,1.0,1.0,-20.0,0.0,0.0,0.0,0.0,0.0,1,2.0,2.0,2.0,0.0,4,,,,,,
2023040108,20230521,3,日,新潟,2,1,4.0,3.0,2.0,-9.0,4.0,4.0,3.0,2.0,0.0,1,2.0,2.0,2.0,-6.0,4,,,,,,
2023050210,20230521,1,日,東京,2,1,1.0,1.0,1.0,-15.0,0.0,0.0,0.0,0.0,0.0,1,2.0,2.0,2.0,-6.0,4,,,,,,
2023080110,20230521,2,日,京都,2,1,1.0,1.0,1.0,-20.0,0.0,0.0,0.0,0.0,0.0,1,2.0,2.0,2.0,0.0,4,,,,,,
2023050211,20230527,1,土,東京,2,1,1.0,1.0,1.0,-24.0,0.0,0.0,0.0,0.0,0.0,1,2.0,2.0,2.0,-6.0,4,,,,,,
2023080111,20230527,2,土,京都,2,1,1.0,1.0,1.0,-18.0,0.0,0.0,0.0,0.0,0.0,1,2.0,2.0,2.0,0.0,4,,,,,,
2023050212,20230528,1,日,東京,2,1,1.0,1.0,1.0,-24.0,0.0,0.0,0.0,0.0,0.0,1,2.0,2.0,2.0,-6.0,4,,,,,,
2023080112,20230528,2,日,京都,2,1,1.0,1.0,1.0,-18.0,0.0,0.0,0.0,0.0,0.0,1,2.0,2.0,2.0,0.0,4,,,,,,
2023050301,20230603,1,土,東京,4,4,2.0,1.0,1.0,-6.0,1.0,0.0,0.0,0.0,0.0,4,2.0,2.0,2.0,-20.0,4,,,,,,
2023090301,20230603,2,土,阪神,1,3,1.0,1.0,1.0,-10.0,0.0,0.0,0.0,0.0,0.0,3,2.0,2.0,2.0,-15.0,4,,,,,,
2023050302,20230604,1,日,東京,1,2,2.0,1.0,1.0,-19.0,1.0,0.0,0.0,0.0,0.0,3,2.0,2.0,2.0,-22.0,4,,,,,,
2023090302,20230604,2,日,阪神,1,1,1.0,1.0,1.0,-16.0,0.0,0.0,0.0,0.0,0.0,2,2.0,2.0,2.0,-12.0,4,,,,,,
2023020101,20230610,3,土,函館,2,2,1.0,1.0,1.0,-6.0,-1.0,-1.0,0.0,0.0,0.0,3,2.0,2.0,2.0,-18.0,4,,,,,,
2023050303,20230610,1,土,東京,2,1,2.0,1.0,1.0,-24.0,2.0,1.0,0.0,0.0,0.0,2,2.0,2.0,2.0,-14.0,4,,,,,,
2023090303,20230610,2,土,阪神,2,1,1.0,1.0,1.0,-22.0,0.0,0.0,0.0,0.0,0.0,1,2.0,2.0,2.0,-10.0,4,,,,,,
2023020102,20230611,3,日,函館,2,1,1.0,1.0,1.0,-16.0,-1.0,-1.0,0.0,0.0,0.0,1,2.0,2.0,2.0,-10.0,4,,,,,,
2023050304,20230611,1,日,東京,2,2,2.0,1.0,1.0,-19.0,2.0,1.0,0.0,0.0,0.0,3,2.0,2.0,2.0,-22.0,4,,,,,,
2023090304,20230611,2,日,阪神,4,3,1.0,1.0,1.0,-10.0,0.0,0.0,0.0,0.0,0.0,3,2.0,2.0,2.0,-15.0,4,,,,,,
2023020103,20230617,3,土,函館,2,1,1.0,1.0,1.0,-22.0,-1.0,-1.0,0.0,0.0,0.0,1,2.0,2.0,2.0,-8.0,4,,,,,,
2023050305,20230617,1,土,東京,1,1,2.0,1.0,1.0,-24.0,1.0,0.0,0.0,0.0,0.0,1,2.0,2.0,2.0,-6.0,4,,,,,,
2023090305,20230617,2,土,阪神,1,1,2.0,1.0,1.0,-22.0,1.0,0.0,0.0,0.0,0.0,1,2.0,2.0,2.0,-10.0,4,,,,,,
2023020104,20230618,3,日,函館,1,1,1.0,1.0,1.0,-22.0,-1.0,-1.0,0.0,0.0,0.0,1,2.0,2.0,2.0,-10.0,4,,,,,,
2023050306,20230618,1,日,東京,1,1,2.0,1.0,1.0,-24.0,1.0,0.0,0.0,0.0,0.0,1,2.0,2.0,2.0,-6.0,4,,,,,,
2023090306,20230618,2,日,阪神,1,1,2.0,1.0,1.0,-22.0,1.0,0.0,0.0,0.0,0.0,1,2.0,2.0,2.0,-10.0,4,,,,,,
2023020105,20230624,3,土,函館,2,2,1.0,1.0,1.0,-16.0,0.0,0.0,0.0,0.0,0.0,3,2.0,2.0,2.0,-24.0,4,,,,,,
2023050307,20230624,1,土,東京,2,1,2.0,1.0,1.0,-28.0,1.0,0.0,0.0,0.0,0.0,1,2.0,2.0,2.0,-10.0,4,,,,,,
2023090307,20230624,2,土,阪神,2,1,2.0,1.0,1.0,-22.0,1.0,0.0,0.0,0.0,0.0,1,2.0,2.0,2.0,-10.0,4,,,,,,
2023020106,20230625,3,日,函館,2,1,1.0,1.0,1.0,-24.0,0.0,0.0,0.0,0.0,0.0,1,2.0,2.0,2.0,-14.0,4,,,,,,
2023050308,20230625,1,日,東京,1,1,2.0,1.0,1.0,-28.0,1.0,0.0,0.0,0.0,0.0,1,2.0,2.0,2.0,-10.0,4,,,,,,
2023090308,20230625,2,日,阪神,2,1,2.0,1.0,1.0,-22.0,1.0,0.0,0.0,0.0,0.0,1,2.0,2.0,2.0,-10.0,4,,,,,,
2023020201,20230701,3,土,函館,1,1,1.0,1.0,1.0,-14.0,0.0,0.0,0.0,0.0,0.0,2,2.0,2.0,2.0,-16.0,4,,,,,,
2023030201,20230701,1,土,福島,2,2,1.0,1.0,1.0,-9.0,0.0,0.0,0.0,0.0,0.0,3,2.0,2.0,2.0,-18.0,4,,,,,,
2023070301,20230701,2,土,中京,4,4,1.0,1.0,1.0,20.0,0.0,0.0,0.0,0.0,0.0,4,2.0,2.0,2.0,-23.0,4,,,,,,
2023020202,20230702,3,日,函館,2,1,1.0,1.0,1.0,-14.0,0.0,0.0,0.0,0.0,0.0,2,2.0,2.0,2.0,-16.0,4,,,,,,
2023030202,20230702,1,日,福島,1,1,1.0,1.0,1.0,-20.0,0.0,0.0,0.0,0.0,0.0,2,2.0,2.0,2.0,-12.0,4,,,,,,
2023070302,20230702,2,日,中京,1,2,1.0,1.0,1.0,-5.0,0.0,0.0,0.0,0.0,0.0,3,2.0,2.0,2.0,-15.0,4,,,,,,
2023020203,20230708,3,土,函館,1,1,1.0,1.0,1.0,-10.0,0.0,0.0,0.0,0.0,0.0,1,2.0,2.0,2.0,-7.0,4,,,,,,
2023030203,20230708,1,土,福島,4,2,2.0,1.0,1.0,-15.0,1.0,0.0,0.0,0.0,0.0,2,2.0,2.0,2.0,-12.0,4,,,,,,
2023070303,20230708,2,土,中京,2,1,2.0,1.0,1.0,-18.0,1.0,0.0,0.0,0.0,0.0,2,2.0,2.0,2.0,-10.0,4,,,,,,
2023020204,20230709,3,日,函館,2,1,1.0,1.0,1.0,-10.0,0.0,0.0,0.0,0.0,0.0,1,2.0,2.0,2.0,-7.0,4,,,,,,
2023030204,20230709,1,日,福島,2,1,2.0,1.0,1.0,-20.0,1.0,0.0,0.0,0.0,0.0,1,2.0,2.0,2.0,-10.0,4,,,,,,
2023070304,20230709,2,日,中京,4,2,2.0,1.0,1.0,-14.0,1.0,0.0,0.0,0.0,0.0,2,2.0,2.0,2.0,-10.0,4,,,,,,
2023020205,20230715,3,土,函館,4,3,1.0,1.0,1.0,14.0,0.0,0.0,0.0,0.0,0.0,4,2.0,2.0,2.0,-31.0,4,,,,,,
2023030205,20230715,1,土,福島,4,2,3.0,2.0,1.0,-4.0,2.0,1.0,0.0,0.0,0.0,2,2.0,2.0,2.0,-12.0,4,,,,,,
2023070305,20230715,2,土,中京,2,1,3.0,2.0,1.0,-18.0,2.0,1.0,0.0,0.0,0.0,3,2.0,2.0,2.0,-14.0,4,,,,,,
2023020206,20230716,3,日,函館,2,2,1.0,1.0,1.0,-10.0,0.0,0.0,0.0,0.0,0.0,3,2.0,2.0,2.0,-24.0,4,,,,,,
2023030206,20230716,1,日,福島,1,1,3.0,2.0,1.0,-8.0,2.0,1.0,0.0,0.0,0.0,1,2.0,2.0,2.0,-10.0,4,,,,,,
2023070306,20230716,2,日,中京,1,1,3.0,2.0,1.0,-14.0,2.0,1.0,0.0,0.0,0.0,1,2.0,2.0,2.0,-7.0,4,,,,,,
2023010101,20230722,3,土,札幌,1,1,1.0,1.0,1.0,-20.0,-1.0,-1.0,0.0,0.0,0.0,1,2.0,2.0,2.0,0.0,4,,,,,,
2023030207,20230722,1,土,福島,1,1,4.0,3.0,2.0,-6.0,4.0,3.0,2.0,1.0,0.0,1,2.0,2.0,2.0,-6.0,4,,,,,,
2023070307,20230722,2,土,中京,1,1,3.0,2.0,1.0,-20.0,2.0,1.0,0.0,0.0,0.0,1,2.0,2.0,2.0,-2.0,4,,,,,,
2023010102,20230723,3,日,札幌,1,1,1.0,1.0,1.0,-20.0,-1.0,-1.0,0.0,0.0,0.0,1,2.0,2.0,2.0,0.0,4,,,,,,
2023030208,20230723,1,日,福島,1,1,4.0,3.0,2.0,-6.0,4.0,3.0,2.0,1.0,0.0,1,2.0,2.0,2.0,-6.0,4,,,,,,
2023070308,20230723,2,日,中京,1,1,3.0,2.0,1.0,-20.0,2.0,1.0,0.0,0.0,0.0,1,2.0,2.0,2.0,-2.0,4,,,,,,
2023010103,20230729,3,土,札幌,1,1,1.0,1.0,1.0,-24.0,-1.0,-1.0,0.0,0.0,0.0,1,2.0,2.0,2.0,-4.0,4,,,,,,
2023040201,20230729,1,土,新潟,1,1,1.0,1.0,1.0,-20.0,-1.0,-1.0,0.0,0.0,0.0,1,2.0,2.0,2.0,-8.0,4,,,,,,
2023010104,20230730,3,日,札幌,2,1,1.0,1.0,1.0,-24.0,-1.0,-1.0,0.0,0.0,0.0,1,2.0,2.0,2.0,-4.0,4,,,,,,
2023040202,20230730,1,日,新潟,1,1,1.0,1.0,1.0,-20.0,-1.0,-1.0,0.0,0.0,0.0,1,2.0,2.0,2.0,-8.0,4,,,,,,
2023010105,20230805,3,土,札幌,4,1,1.0,1.0,1.0,-24.0,-1.0,-1.0,0.0,0.0,0.0,1,2.0,2.0,2.0,-4.0,4,,,,,,
2023040203,20230805,1,土,新潟,1,1,1.0,1.0,1.0,-16.0,-1.0,-1.0,0.0,0.0,0.0,1,2.0,2.0,2.0,-8.0,4,,,,,,
2023010106,20230806,3,日,札幌,4,3,1.0,1.0,1.0,-6.0,-1.0,-1.0,0.0,0.0,0.0,4,2.0,2.0,2.0,-12.0,4,,,,,,
2023040204,20230806,1,日,新潟,1,1,1.0,1.0,1.0,-16.0,-1.0,-1.0,0.0,0.0,0.0,1,2.0,2.0,2.0,-8.0,4,,,,,,
2023010201,20230812,3,土,札幌,1,1,2.0,1.0,1.0,-24.0,0.0,0.0,0.0,0.0,0.0,1,2.0,2.0,2.0,-4.0,4,,,,,,
2023040301,20230812,1,土,新潟,2,1,1.0,1.0,1.0,-16.0,0.0,0.0,0.0,0.0,0.0,1,2.0,2.0,2.0,-8.0,4,,,,,,
2023100301,20230812,2,土,小倉,1,1,1.0,1.0,1.0,-24.0,-1.0,-1.0,0.0,0.0,0.0,1,2.0,2.0,2.0,-5.0,4,,,,,,
2023010202,20230813,3,日,札幌,1,1,2.0,1.0,1.0,-24.0,0.0,0.0,0.0,0.0,0.0,1,2.0,2.0,2.0,-4.0,4,,,,,,
2023040302,20230813,1,日,新潟,1,1,1.0,1.0,1.0,-16.0,0.0,0.0,0.0,0.0,0.0,1,2.0,2.0,2.0,-8.0,4,,,,,,
2023100302,20230813,2,日,小倉,1,1,1.0,1.0,1.0,-24.0,-1.0,-1.0,0.0,0.0,0.0,1,2.0,2.0,2.0,-5.0,4,,,,,,
2023010203,20230819,3,土,札幌,4,1,2.0,1.0,1.0,-21.0,0.0,0.0,0.0,0.0,0.0,1,2.0,2.0,2.0,-6.0,4,,,,,,
2023040303,20230819,1,土,新潟,1,1,2.0,1.0,1.0,-16.0,1.0,0.0,0.0,0.0,0.0,1,2.0,2.0,2.0,-8.0,4,,,,,,
2023100303,20230819,2,土,小倉,1,1,1.0,1.0,1.0,-16.0,0.0,0.0,0.0,0.0,0.0,1,2.0,2.0,2.0,-5.0,4,,,,,,
2023010204,20230820,3,日,札幌,2,1,2.0,1.0,1.0,-21.0,0.0,0.0,0.0,0.0,0.0,1,2.0,2.0,2.0,-6.0,4,,,,,,
2023040304,20230820,1,日,新潟,1,1,2.0,1.0,1.0,-16.0,1.0,0.0,0.0,0.0,0.0,1,2.0,2.0,2.0,-8.0,4,,,,,,
2023100304,20230820,2,日,小倉,1,1,1.0,1.0,1.0,-16.0,0.0,0.0,0.0,0.0,0.0,1,2.0,2.0,2.0,-5.0,4,,,,,,
2023010205,20230826,3,土,札幌,1,1,2.0,1.0,1.0,-18.0,0.0,0.0,0.0,0.0,0.0,1,2.0,2.0,2.0,-4.0,4,,,,,,
2023040305,20230826,1,土,新潟,1,1,2.0,1.0,1.0,-14.0,1.0,0.0,0.0,0.0,0.0,1,2.0,2.0,2.0,-4.0,4,,,,,,
2023100305,20230826,2,土,小倉,2,1,1.0,1.0,1.0,-16.0,0.0,0.0,0.0,0.0,0.0,1,2.0,2.0,2.0,-12.0,4,,,,,,
2023010206,20230827,3,日,札幌,4,2,2.0,1.0,1.0,-4.0,0.0,0.0,0.0,0.0,0.0,3,2.0,2.0,2.0,-14.0,4,,,,,,
2023040306,20230827,1,日,新潟,1,1,2.0,1.0,1.0,-16.0,1.0,0.0,0.0,0.0,0.0,1,2.0,2.0,2.0,-4.0,4,,,,,,
2023100306,20230827,2,日,小倉,1,1,1.0,1.0,1.0,-14.0,0.0,0.0,0.0,0.0,0.0,1,2.0,2.0,2.0,-12.0,4,,,,,,
2023010207,20230902,3,土,札幌,1,1,3.0,2.0,1.0,-10.0,2.0,1.0,0.0,0.0,0.0,1,2.0,2.0,2.0,-4.0,4,,,,,,
2023040307,20230902,1,土,新潟,2,1,3.0,2.0,1.0,-14.0,2.0,1.0,0.0,0.0,0.0,1,2.0,2.0,2.0,-9.0,4,,,,,,
2023100307,20230902,2,土,小倉,2,1,3.0,2.0,1.0,-16.0,2.0,1.0,0.0,0.0,0.0,1,2.0,2.0,2.0,-12.0,4,,,,,,
2023010208,20230903,3,日,札幌,1,1,3.0,2.0,1.0,-10.0,2.0,1.0,0.0,0.0,0.0,1,2.0,2.0,2.0,-4.0,4,,,,,,
2023040308,20230903,1,日,新潟,1,1,3.0,2.0,1.0,-14.0,2.0,1.0,0.0,0.0,0.0,1,2.0,2.0,2.0,-9.0,4,,,,,,
2023100308,20230903,2,日,小倉,1,1,3.0,2.0,1.0,-14.0,2.0,1.0,0.0,0.0,0.0,1,2.0,2.0,2.0,-12.0,4,,,,,,
2023060401,20230909,1,土,中山,1,3,1.0,1.0,1.0,4.0,-1.0,0.0,0.0,0.0,0.0,4,2.0,2.0,2.0,-20.0,4,,,,,,
2023090401,20230909,2,土,阪神,1,1,1.0,1.0,1.0,-18.0,-1.0,0.0,0.0,0.0,0.0,1,2.0,2.0,2.0,-3.0,4,,,,,,
2023060402,20230910,1,日,中山,1,1,1.0,1.0,1.0,-14.0,-1.0,0.0,0.0,0.0,0.0,2,2.0,2.0,2.0,-12.0,4,,,,,,
2023090402,20230910,2,日,阪神,2,1,1.0,1.0,1.0,-18.0,-1.0,0.0,0.0,0.0,0.0,1,2.0,2.0,2.0,-3.0,4,,,,,,
2023060403,20230916,1,土,中山,1,1,1.0,1.0,1.0,-25.0,0.0,0.0,0.0,0.0,0.0,1,2.0,2.0,2.0,-8.0,4,,,,,,
2023090403,20230916,2,土,阪神,1,1,1.0,1.0,1.0,-30.0,0.0,0.0,0.0,0.0,0.0,1,2.0,2.0,2.0,2.0,4,,,,,,
2023060404,20230917,1,日,中山,1,1,1.0,1.0,1.0,-25.0,0.0,0.0,0.0,0.0,0.0,1,2.0,2.0,2.0,-8.0,4,,,,,,
2023090404,20230917,2,日,阪神,1,1,1.0,1.0,1.0,-30.0,0.0,0.0,0.0,0.0,0.0,1,2.0,2.0,2.0,2.0,4,,,,,,
2023060405,20230918,1,月,中山,1,1,1.0,1.0,1.0,-25.0,0.0,0.0,0.0,0.0,0.0,1,2.0,2.0,2.0,-8.0,4,,,,,,
2023090405,20230918,2,月,阪神,1,1,1.0,1.0,1.0,-30.0,0.0,0.0,0.0,0.0,0.0,1,2.0,2.0,2.0,2.0,4,,,,,,
2023060406,20230923,1,土,中山,2,1,1.0,1.0,1.0,-20.0,0.0,0.0,0.0,0.0,0.0,2,2.0,2.0,2.0,-14.0,4,,,,,,
2023090406,20230923,2,土,阪神,1,1,1.0,1.0,1.0,-30.0,0.0,0.0,0.0,0.0,0.0,1,2.0,2.0,2.0,-4.0,4,,,,,,
2023060407,20230924,1,日,中山,1,2,1.0,1.0,1.0,-16.0,0.0,0.0,0.0,0.0,0.0,3,2.0,2.0,2.0,-23.0,4,,,,,,
2023090407,20230924,2,日,阪神,1,1,1.0,1.0,1.0,-30.0,0.0,0.0,0.0,0.0,0.0,1,2.0,2.0,2.0,-4.0,4,,,,,,
2023060408,20230930,1,土,中山,1,1,1.0,1.0,1.0,-14.0,0.0,0.0,0.0,0.0,0.0,1,2.0,2.0,2.0,-5.0,4,,,,,,
2023090408,20230930,2,土,阪神,2,1,1.0,1.0,1.0,-20.0,0.0,0.0,0.0,0.0,0.0,1,2.0,2.0,2.0,-6.0,4,,,,,,
2023060409,20231001,1,日,中山,2,1,1.0,1.0,1.0,-14.0,0.0,0.0,0.0,0.0,0.0,1,2.0,2.0,2.0,-5.0,4,,,,,,
2023090409,20231001,2,日,阪神,1,1,1.0,1.0,1.0,-20.0,0.0,0.0,0.0,0.0,0.0,1,2.0,2.0,2.0,-6.0,4,,,,,,
2023050401,20231007,1,土,東京,1,1,1.0,1.0,1.0,-28.0,-1.0,-1.0,0.0,0.0,0.0,1,2.0,2.0,2.0,-10.0,4,,,,,,
2023080201,20231007,2,土,京都,1,1,1.0,1.0,1.0,-24.0,-1.0,-1.0,0.0,0.0,0.0,1,2.0,2.0,2.0,0.0,4,,,,,,
2023050402,20231008,1,日,東京,2,1,1.0,1.0,1.0,-28.0,-1.0,-1.0,0.0,0.0,0.0,1,2.0,2.0,2.0,-10.0,4,,,,,,
2023080202,20231008,2,日,京都,4,2,1.0,1.0,1.0,-16.0,-1.0,-1.0,0.0,0.0,0.0,2,2.0,2.0,2.0,-2.0,4,,,,,,
2023050403,20231009,1,月,東京,4,3,1.0,1.0,1.0,-5.0,-1.0,-1.0,0.0,0.0,0.0,3,2.0,2.0,2.0,-24.0,4,,,,,,
2023080203,20231009,2,月,京都,2,1,1.0,1.0,1.0,-24.0,-1.0,-1.0,0.0,0.0,0.0,2,2.0,2.0,2.0,-2.0,4,,,,,,
2023040401,20231014,3,土,新潟,1,1,1.0,1.0,1.0,-14.0,0.0,0.0,0.0,0.0,0.0,1,2.0,2.0,2.0,-7.0,4,,,,,,
2023050404,20231014,1,土,東京,1,1,1.0,1.0,1.0,-24.0,0.0,0.0,0.0,0.0,0.0,1,2.0,2.0,2.0,-8.0,4,,,,,,
2023080204,20231014,2,土,京都,2,1,1.0,1.0,1.0,-20.0,-1.0,-1.0,0.0,0.0,0.0,1,2.0,2.0,2.0,-6.0,4,,,,,,
2023040402,20231015,3,日,新潟,2,1,1.0,1.0,1.0,-14.0,0.0,0.0,0.0,0.0,0.0,1,2.0,2.0,2.0,-7.0,4,,,,,,
2023050405,20231015,1,日,東京,2,2,1.0,1.0,1.0,-18.0,0.0,0.0,0.0,0.0,0.0,3,2.0,2.0,2.0,-16.0,4,,,,,,
2023080205,20231015,2,日,京都,1,1,1.0,1.0,1.0,-20.0,-1.0,-1.0,0.0,0.0,0.0,2,2.0,2.0,2.0,2.0,4,,,,,,
2023040403,20231021,3,土,新潟,4,4,1.0,1.0,1.0,24.0,1.0,0.0,0.0,0.0,0.0,4,2.0,2.0,2.0,-12.0,4,,,,,,
2023050406,20231021,1,土,東京,1,1,1.0,1.0,1.0,-30.0,0.0,0.0,0.0,0.0,0.0,1,2.0,2.0,2.0,-8.0,4,,,,,,
2023080206,20231021,2,土,京都,1,1,1.0,1.0,1.0,-20.0,-1.0,-1.0,0.0,0.0,0.0,1,2.0,2.0,2.0,-6.0,4,,,,,,
2023040404,20231022,3,日,新潟,2,1,1.0,1.0,1.0,2.0,1.0,0.0,0.0,0.0,0.0,3,2.0,2.0,2.0,-7.0,4,,,,,,
2023050407,20231022,1,日,東京,1,1,1.0,1.0,1.0,-30.0,0.0,0.0,0.0,0.0,0.0,1,2.0,2.0,2.0,-8.0,4,,,,,,
2023080207,20231022,2,日,京都,2,1,1.0,1.0,1.0,-20.0,-1.0,-1.0,0.0,0.0,0.0,1,2.0,2.0,2.0,-6.0,4,,,,,,
2023040405,20231028,3,土,新潟,4,2,2.0,2.0,2.0,2.0,2.0,1.0,0.0,0.0,0.0,3,2.0,2.0,2.0,-7.0,4,,,,,,
2023050408,20231028,1,土,東京,1,1,1.0,1.0,1.0,-22.0,0.0,0.0,0.0,0.0,0.0,1,2.0,2.0,2.0,-10.0,4,,,,,,
2023080208,20231028,2,土,京都,1,1,2.0,2.0,1.0,-22.0,1.0,0.0,0.0,0.0,0.0,1,2.0,2.0,2.0,-4.0,4,,,,,,
2023040406,20231029,3,日,新潟,4,4,2.0,2.0,2.0,20.0,2.0,1.0,0.0,0.0,0.0,4,2.0,2.0,2.0,-12.0,4,,,,,,
2023050409,20231029,1,日,東京,1,1,1.0,1.0,1.0,-22.0,0.0,0.0,0.0,0.0,0.0,1,2.0,2.0,2.0,-10.0,4,,,,,,
2023080209,20231029,2,日,京都,1,1,2.0,2.0,1.0,-22.0,1.0,0.0,0.0,0.0,0.0,1,2.0,2.0,2.0,-4.0,4,,,,,,
2023030301,20231104,3,土,福島,2,1,1.0,1.0,1.0,-12.0,-1.0,0.0,0.0,0.0,0.0,1,2.0,2.0,2.0,-6.0,4,,,,,,
2023050501,20231104,1,土,東京,1,1,2.0,1.0,1.0,-22.0,0.0,0.0,0.0,0.0,0.0,1,2.0,2.0,2.0,-10.0,4,,,,,,
2023080301,20231104,2,土,京都,2,1,2.0,1.0,1.0,-20.0,0.0,0.0,0.0,0.0,0.0,1,2.0,2.0,2.0,-4.0,4,,,,,,
2023030302,20231105,3,日,福島,2,1,1.0,1.0,1.0,-12.0,-1.0,0.0,0.0,0.0,0.0,1,2.0,2.0,2.0,-6.0,4,,,,,,
2023050502,20231105,1,日,東京,1,1,2.0,1.0,1.0,-22.0,0.0,0.0,0.0,0.0,0.0,1,2.0,2.0,2.0,-10.0,4,,,,,,
2023080302,20231105,2,日,京都,1,1,2.0,1.0,1.0,-20.0,0.0,0.0,0.0,0.0,0.0,1,2.0,2.0,2.0,-4.0,4,,,,,,
2023030303,20231111,3,土,福島,1,1,1.0,1.0,1.0,-12.0,0.0,0.0,0.0,0.0,0.0,1,2.0,2.0,2.0,-6.0,4,,,,,,
2023050503,20231111,1,土,東京,2,1,2.0,1.0,1.0,-22.0,1.0,0.0,0.0,0.0,0.0,1,2.0,2.0,2.0,-10.0,4,,,,,,
2023080303,20231111,2,土,京都,2,1,2.0,1.0,1.0,-20.0,1.0,0.0,0.0,0.0,0.0,2,2.0,2.0,2.0,-6.0,4,,,,,,
2023030304,20231112,3,日,福島,2,1,1.0,1.0,1.0,-12.0,0.0,0.0,0.0,0.0,0.0,1,2.0,2.0,2.0,-6.0,4,,,,,,
2023050504,20231112,1,日,東京,2,1,2.0,1.0,1.0,-22.0,1.0,0.0,0.0,0.0,0.0,1,2.0,2.0,2.0,-10.0,4,,,,,,
2023080304,20231112,2,日,京都,2,1,2.0,1.0,1.0,-20.0,1.0,0.0,0.0,0.0,0.0,1,2.0,2.0,2.0,-2.0,4,,,,,,
2023030305,20231118,3,土,福島,1,1,2.0,1.0,1.0,-12.0,1.0,0.0,0.0,0.0,0.0,2,2.0,2.0,2.0,-10.0,4,,,,,,
2023050505,20231118,1,土,東京,1,1,2.0,1.0,1.0,-22.0,0.0,0.0,0.0,0.0,0.0,2,2.0,2.0,2.0,-16.0,4,,,,,,
2023080305,20231118,2,土,京都,1,1,3.0,2.0,2.0,-14.0,2.0,1.0,0.0,0.0,0.0,2,2.0,2.0,2.0,-6.0,4,,,,,,
2023030306,20231119,3,日,福島,2,1,2.0,1.0,1.0,-12.0,1.0,0.0,0.0,0.0,0.0,2,2.0,2.0,2.0,-10.0,4,,,,,,
2023050506,20231119,1,日,東京,1,1,2.0,1.0,1.0,-22.0,0.0,0.0,0.0,0.0,0.0,2,2.0,2.0,2.0,-16.0,4,,,,,,
2023080306,20231119,2,日,京都,1,1,3.0,2.0,2.0,-20.0,2.0,1.0,0.0,0.0,0.0,2,2.0,2.0,2.0,-6.0,4,,,,,,
2023050507,20231125,1,土,東京,1,1,2.0,1.0,1.0,-25.0,0.0,0.0,0.0,0.0,0.0,1,2.0,2.0,2.0,-6.0,4,,,,,,
2023080307,20231125,2,土,京都,2,1,3.0,2.0,2.0,-18.0,2.0,1.0,0.0,0.0,0.0,1,2.0,2.0,2.0,0.0,4,,,,,,
2023050508,20231126,1,日,東京,2,1,2.0,1.0,1.0,-25.0,0.0,0.0,0.0,0.0,0.0,1,2.0,2.0,2.0,-6.0,4,,,,,,
2023080308,20231126,2,日,京都,1,1,3.0,2.0,2.0,-18.0,2.0,1.0,0.0,0.0,0.0,1,2.0,2.0,2.0,0.0,4,,,,,,
2023060501,20231202,1,土,中山,1,1,1.0,1.0,1.0,-25.0,-1.0,-1.0,0.0,0.0,0.0,1,2.0,2.0,2.0,-6.0,4,,,,,,
2023070401,20231202,3,土,中京,1,1,1.0,1.0,1.0,-15.0,-1.0,-1.0,0.0,0.0,0.0,1,2.0,2.0,2.0,-5.0,4,,,,,,
2023090501,20231202,2,土,阪神,1,1,1.0,1.0,1.0,-30.0,-1.0,-1.0,0.0,0.0,0.0,1,2.0,2.0,2.0,-4.0,4,,,,,,
2023060502,20231203,1,日,中山,1,1,1.0,1.0,1.0,-25.0,-1.0,-1.0,0.0,0.0,0.0,1,2.0,2.0,2.0,-6.0,4,,,,,,
2023070402,20231203,3,日,中京,1,1,1.0,1.0,1.0,-15.0,-1.0,-1.0,0.0,0.0,0.0,1,2.0,2.0,2.0,-5.0,4,,,,,,
2023090502,20231203,2,日,阪神,1,1,1.0,1.0,1.0,-30.0,-1.0,-1.0,0.0,0.0,0.0,1,2.0,2.0,2.0,-4.0,4,,,,,,
2023060503,20231209,1,土,中山,1,1,1.0,1.0,1.0,-16.0,-1.0,0.0,0.0,0.0,0.0,1,2.0,2.0,2.0,-10.0,4,,,,,,
2023070403,20231209,3,土,中京,1,1,1.0,1.0,1.0,-20.0,-1.0,0.0,0.0,0.0,0.0,1,2.0,2.0,2.0,-5.0,4,,,,,,
2023090503,20231209,2,土,阪神,1,1,1.0,1.0,1.0,-20.0,-1.0,0.0,0.0,0.0,0.0,1,2.0,2.0,2.0,-2.0,4,,,,,,
2023060504,20231210,1,日,中山,1,1,1.0,1.0,1.0,-16.0,-1.0,0.0,0.0,0.0,0.0,1,2.0,2.0,2.0,-10.0,4,,,,,,
2023070404,20231210,3,日,中京,1,1,1.0,1.0,1.0,-20.0,-1.0,0.0,0.0,0.0,0.0,1,2.0,2.0,2.0,-5.0,4,,,,,,
2023090504,20231210,2,日,阪神,1,1,1.0,1.0,1.0,-20.0,-1.0,0.0,0.0,0.0,0.0,1,2.0,2.0,2.0,-2.0,4,,,,,,
2023060505,20231216,1,土,中山,2,1,1.0,1.0,1.0,-16.0,-1.0,0.0,0.0,0.0,0.0,1,2.0,2.0,2.0,-10.0,4,,,,,,
2023070405,20231216,3,土,中京,2,1,1.0,1.0,1.0,-20.0,1.0,0.0,0.0,0.0,0.0,2,2.0,2.0,2.0,-10.0,4,,,,,,
2023090505,20231216,2,土,阪神,2,1,1.0,1.0,1.0,-20.0,-1.0,0.0,0.0,0.0,0.0,2,2.0,2.0,2.0,-8.0,4,,,,,,
2023060506,20231217,1,日,中山,1,1,1.0,1.0,1.0,-16.0,-1.0,0.0,0.0,0.0,0.0,1,2.0,2.0,2.0,-10.0,4,,,,,,
2023070406,20231217,3,日,中京,1,1,1.0,1.0,1.0,-20.0,1.0,0.0,0.0,0.0,0.0,2,2.0,2.0,2.0,-10.0,4,,,,,,
2023090506,20231217,2,日,阪神,1,1,1.0,1.0,1.0,-20.0,-1.0,0.0,0.0,0.0,0.0,1,2.0,2.0,2.0,-2.0,4,,,,,,
2023060507,20231223,1,土,中山,1,1,1.0,1.0,1.0,-14.0,-1.0,0.0,0.0,0.0,0.0,1,2.0,2.0,2.0,-10.0,4,,,,,,
2023090507,20231223,2,土,阪神,1,1,1.0,1.0,1.0,-14.0,0.0,0.0,0.0,0.0,0.0,1,2.0,2.0,2.0,-4.0,4,,,,,,
2023060508,20231224,1,日,中山,1,1,1.0,1.0,1.0,-14.0,-1.0,0.0,0.0,0.0,0.0,1,2.0,2.0,2.0,-10.0,4,,,,,,
2023090508,20231224,2,日,阪神,1,1,1.0,1.0,1.0,-14.0,0.0,0.0,0.0,0.0,0.0,1,2.0,2.0,2.0,-4.0,4,,,,,,
2023060509,20231228,1,木,中山,1,1,1.0,1.0,1.0,-14.0,-1.0,0.0,0.0,0.0,0.0,1,2.0,2.0,2.0,-10.0,4,,,,,,
2023090509,20231228,2,木,阪神,1,1,2.0,1.0,1.0,-18.0,0.0,0.0,0.0,0.0,0.0,1,2.0,2.0,2.0,2.0,4,,,,,,
2024060101,20240106,1,土,中山,2,1,1.0,1.0,1.0,-16.0,0.0,0.0,0.0,0.0,0.0,1,2.0,2.0,2.0,-10.0,4,,,,,,
2024080101,20240106,2,土,京都,1,1,1.0,1.0,1.0,-22.0,-1.0,-1.0,0.0,0.0,0.0,1,2.0,2.0,2.0,-6.0,4,,,,,,
2024060102,20240107,1,日,中山,1,1,1.0,1.0,1.0,-16.0,0.0,0.0,0.0,0.0,0.0,1,2.0,2.0,2.0,-10.0,4,,,,,,
2024080102,20240107,2,日,京都,1,1,1.0,1.0,1.0,-22.0,-1.0,-1.0,0.0,0.0,0.0,1,2.0,2.0,2.0,-6.0,4,,,,,,
2024060103,20240108,1,月,中山,1,1,1.0,1.0,1.0,-16.0,0.0,0.0,0.0,0.0,0.0,1,2.0,2.0,2.0,-10.0,4,,,,,,
2024080103,20240108,2,月,京都,1,1,1.0,1.0,1.0,-22.0,-1.0,-1.0,0.0,0.0,0.0,1,2.0,2.0,2.0,-6.0,4,,,,,,
2024060104,20240113,1,土,中山,1,1,1.0,1.0,1.0,-22.0,0.0,0.0,0.0,0.0,0.0,1,2.0,2.0,2.0,-4.0,4,,,,,,
2024080104,20240113,2,土,京都,2,1,1.0,1.0,1.0,-6.0,0.0,0.0,0.0,0.0,0.0,1,2.0,2.0,2.0,0.0,4,,,,,,
2024100101,20240113,3,土,小倉,1,1,1.0,1.0,1.0,-20.0,-1.0,-1.0,0.0,0.0,0.0,1,2.0,2.0,2.0,-5.0,4,,,,,,
2024060105,20240114,1,日,中山,1,1,1.0,1.0,1.0,-22.0,0.0,0.0,0.0,0.0,0.0,1,2.0,2.0,2.0,-4.0,4,,,,,,
2024080105,20240114,2,日,京都,1,1,1.0,1.0,1.0,-6.0,0.0,0.0,0.0,0.0,0.0,1,2.0,2.0,2.0,0.0,4,,,,,,
2024100102,20240114,3,日,小倉,1,1,1.0,1.0,1.0,-20.0,-1.0,-1.0,0.0,0.0,0.0,1,2.0,2.0,2.0,-5.0,4,,,,,,
2024060106,20240120,1,土,中山,2,1,1.0,1.0,1.0,-20.0,0.0,0.0,0.0,0.0,0.0,1,2.0,2.0,2.0,-4.0,4,,,,,,
2024080106,20240120,2,土,京都,2,1,1.0,1.0,1.0,-6.0,-2.0,-1.0,0.0,0.0,0.0,2,2.0,2.0,2.0,-4.0,4,,,,,,
2024100103,20240120,3,土,小倉,4,2,1.0,1.0,1.0,-10.0,0.0,0.0,0.0,0.0,0.0,3,2.0,2.0,2.0,-20.0,4,,,,,,
2024060107,20240121,1,日,中山,4,3,1.0,1.0,1.0,6.0,0.0,0.0,0.0,0.0,0.0,4,2.0,2.0,2.0,-24.0,4,,,,,,
2024080107,20240121,2,日,京都,2,3,1.0,1.0,1.0,2.0,-2.0,-1.0,0.0,0.0,0.0,3,2.0,2.0,2.0,-10.0,4,,,,,,
2024100104,20240121,3,日,小倉,2,2,1.0,1.0,1.0,-10.0,0.0,0.0,0.0,0.0,0.0,3,2.0,2.0,2.0,-20.0,4,,,,,,
2024050101,20240127,1,土,東京,1,1,1.0,1.0,1.0,-24.0,-1.0,-1.0,0.0,0.0,0.0,1,2.0,2.0,2.0,-6.0,4,,,,,,
2024080201,20240127,2,土,京都,1,1,1.0,1.0,1.0,-10.0,2.0,1.0,0.0,0.0,0.0,1,2.0,2.0,2.0,-4.0,4,,,,,,
2024100105,20240127,3,土,小倉,1,1,1.0,1.0,1.0,-20.0,1.0,0.0,0.0,0.0,0.0,1,2.0,2.0,2.0,-5.0,4,,,,,,
2024050102,20240128,1,日,東京,2,1,1.0,1.0,1.0,-24.0,-1.0,-1.0,0.0,0.0,0.0,1,2.0,2.0,2.0,-6.0,4,,,,,,
2024080202,20240128,2,日,京都,2,1,1.0,1.0,1.0,-10.0,2.0,1.0,0.0,0.0,0.0,1,2.0,2.0,2.0,-4.0,4,,,,,,
2024100106,20240128,3,日,小倉,2,1,1.0,1.0,1.0,-20.0,1.0,0.0,0.0,0.0,0.0,1,2.0,2.0,2.0,-5.0,4,,,,,,
2024050103,20240203,1,土,東京,1,1,1.0,1.0,1.0,-30.0,-1.0,0.0,0.0,0.0,0.0,1,2.0,2.0,2.0,0.0,4,,,,,,
2024080203,20240203,2,土,京都,1,1,3.0,2.0,1.0,-14.0,2.0,1.0,0.0,0.0,0.0,1,2.0,2.0,2.0,-4.0,4,,,,,,
2024100107,20240203,3,土,小倉,2,1,4.0,3.0,2.0,-8.0,4.0,3.0,2.0,1.0,0.0,1,2.0,2.0,2.0,-8.0,4,,,,,,
2024050104,20240204,1,日,東京,2,1,1.0,1.0,1.0,-30.0,-1.0,0.0,0.0,0.0,0.0,1,2.0,2.0,2.0,0.0,4,,,,,,
2024080204,20240204,2,日,京都,1,1,3.0,2.0,1.0,-14.0,2.0,1.0,0.0,0.0,0.0,1,2.0,2.0,2.0,-4.0,4,,,,,,
2024100108,20240204,3,日,小倉,2,2,4.0,3.0,2.0,-6.0,4.0,3.0,2.0,1.0,0.0,2,2.0,2.0,2.0,-16.0,4,,,,,,
2024050105,20240210,1,土,東京,1,1,2.0,1.0,1.0,-28.0,1.0,0.0,0.0,0.0,0.0,1,2.0,2.0,2.0,0.0,4,,,,,,
2024080205,20240210,2,土,京都,1,1,3.0,2.0,1.0,-7.0,2.0,1.0,0.0,0.0,0.0,1,2.0,2.0,2.0,-4.0,4,,,,,,
2024100201,20240210,3,土,小倉,1,1,4.0,3.0,2.0,-8.0,4.0,3.0,2.0,1.0,0.0,1,2.0,2.0,2.0,-10.0,4,,,,,,
2024050106,20240211,1,日,東京,2,1,2.0,1.0,1.0,-28.0,1.0,0.0,0.0,0.0,0.0,1,2.0,2.0,2.0,0.0,4,,,,,,
2024080206,20240211,2,日,京都,2,1,3.0,2.0,1.0,-7.0,2.0,1.0,0.0,0.0,0.0,1,2.0,2.0,2.0,-4.0,4,,,,,,
2024100202,20240211,3,日,小倉,1,1,4.0,3.0,2.0,-8.0,4.0,3.0,2.0,1.0,0.0,1,2.0,2.0,2.0,-10.0,4,,,,,,
2024050107,20240217,1,土,東京,1,1,3.0,2.0,1.0,-28.0,2.0,1.0,0.0,0.0,0.0,1,2.0,2.0,2.0,0.0,4,,,,,,
2024080207,20240217,2,土,京都,2,1,3.0,2.0,1.0,-14.0,2.0,1.0,0.0,0.0,0.0,1,2.0,2.0,2.0,-4.0,4,,,,,,
2024100203,20240217,3,土,小倉,1,1,4.0,3.0,2.0,-15.0,4.0,4.0,3.0,2.0,0.0,1,2.0,2.0,2.0,-8.0,4,,,,,,
2024050108,20240218,1,日,東京,1,1,3.0,2.0,1.0,-28.0,2.0,1.0,0.0,0.0,0.0,1,2.0,2.0,2.0,0.0,4,,,,,,
2024080208,20240218,2,日,京都,2,1,3.0,2.0,1.0,-14.0,2.0,1.0,0.0,0.0,0.0,1,2.0,2.0,2.0,-4.0,4,,,,,,
2024100204,20240218,3,日,小倉,1,1,4.0,3.0,2.0,-15.0,4.0,4.0,3.0,2.0,0.0,1,2.0,2.0,2.0,-8.0,4,,,,,,
2024060201,20240224,1,土,中山,1,1,1.0,1.0,1.0,-20.0,0.0,0.0,0.0,0.0,0.0,1,2.0,2.0,2.0,-9.0,4,,,,,,
2024090101,20240224,2,土,阪神,1,1,1.0,1.0,1.0,-14.0,-1.0,-1.0,0.0,0.0,0.0,2,2.0,2.0,2.0,-8.0,4,,,,,,
2024100205,20240224,3,土,小倉,1,2,4.0,4.0,3.0,-5.0,5.0,5.0,4.0,3.0,1.0,3,2.0,2.0,2.0,-16.0,4,,,,,,
2024060202,20240225,1,日,中山,2,1,1.0,1.0,1.0,-20.0,0.0,0.0,0.0,0.0,0.0,2,2.0,2.0,2.0,-11.0,4,,,,,,
2024090102,20240225,2,日,阪神,4,3,1.0,1.0,1.0,-6.0,-1.0,-1.0,0.0,0.0,0.0,3,2.0,2.0,2.0,-14.0,4,,,,,,
2024100206,20240225,3,日,小倉,1,1,4.0,4.0,3.0,-15.0,5.0,5.0,4.0,3.0,1.0,2,2.0,2.0,2.0,-12.0,4,,,,,,
2024060203,20240302,1,土,中山,1,2,1.0,1.0,1.0,-15.0,0.0,0.0,0.0,0.0,0.0,3,2.0,2.0,2.0,-15.0,4,,,,,,
2024090103,20240302,2,土,阪神,2,2,1.0,1.0,1.0,-14.0,0.0,0.0,0.0,0.0,0.0,2,2.0,2.0,2.0,-8.0,4,,,,,,
2024100207,20240302,3,土,小倉,1,2,4.0,4.0,3.0,-10.0,5.0,5.0,4.0,3.0,1.0,3,2.0,2.0,2.0,-16.0,4,,,,,,
2024060204,20240303,1,日,中山,1,1,1.0,1.0,1.0,-20.0,0.0,0.0,0.0,0.0,0.0,2,2.0,2.0,2.0,-11.0,4,,,,,,
2024090104,20240303,2,日,阪神,2,1,1.0,1.0,1.0,-24.0,0.0,0.0,0.0,0.0,0.0,1,2.0,2.0,2.0,-2.0,4,,,,,,
2024100208,20240303,3,日,小倉,4,1,4.0,4.0,3.0,-15.0,5.0,5.0,4.0,3.0,1.0,2,2.0,2.0,2.0,-12.0,4,,,,,,
2024060205,20240309,1,土,中山,1,2,1.0,1.0,1.0,-15.0,0.0,0.0,0.0,0.0,0.0,3,2.0,2.0,2.0,-15.0,4,,,,,,
2024070101,20240309,3,土,中京,1,1,1.0,1.0,1.0,-22.0,-1.0,0.0,0.0,0.0,0.0,1,2.0,2.0,2.0,-8.0,4,,,,,,
2024090105,20240309,2,土,阪神,1,1,1.0,1.0,1.0,-18.0,0.0,0.0,0.0,0.0,0.0,1,2.0,2.0,2.0,-4.0,4,,,,,,
2024060206,20240310,1,日,中山,1,1,1.0,1.0,1.0,-20.0,0.0,0.0,0.0,0.0,0.0,2,2.0,2.0,2.0,-11.0,4,,,,,,
2024070102,20240310,3,日,中京,1,1,1.0,1.0,1.0,-22.0,-1.0,0.0,0.0,0.0,0.0,1,2.0,2.0,2.0,-8.0,4,,,,,,
2024090106,20240310,2,日,阪神,1,1,1.0,1.0,1.0,-24.0,0.0,0.0,0.0,0.0,0.0,1,2.0,2.0,2.0,-4.0,4,,,,,,
2024060207,20240316,1,土,中山,1,1,1.0,1.0,1.0,-15.0,0.0,0.0,0.0,0.0,0.0,1,2.0,2.0,2.0,-12.0,4,,,,,,
2024070103,20240316,3,土,中京,1,1,1.0,1.0,1.0,-20.0,0.0,0.0,0.0,0.0,0.0,1,2.0,2.0,2.0,-4.0,4,,,,,,
2024090107,20240316,2,土,阪神,1,1,1.0,1.0,1.0,-20.0,0.0,0.0,0.0,0.0,0.0,1,2.0,2.0,2.0,-4.0,4,,,,,,
2024060208,20240317,1,日,中山,1,1,1.0,1.0,1.0,-15.0,0.0,0.0,0.0,0.0,0.0,1,2.0,2.0,2.0,-12.0,4,,,,,,
2024070104,20240317,3,日,中京,4,1,1.0,1.0,1.0,-20.0,0.0,0.0,0.0,0.0,0.0,1,2.0,2.0,2.0,-4.0,4,,,,,,
2024090108,20240317,2,日,阪神,4,1,1.0,1.0,1.0,-20.0,0.0,0.0,0.0,0.0,0.0,1,2.0,2.0,2.0,-4.0,4,,,,,,
2024060301,20240323,1,土,中山,4,2,2.0,2.0,1.0,-8.0,1.0,1.0,0.0,0.0,0.0,2,2.0,2.0,2.0,-10.0,4,,,,,,
2024070105,20240323,3,土,中京,4,3,1.0,1.0,1.0,-5.0,0.0,0.0,0.0,0.0,0.0,3,2.0,2.0,2.0,0.0,4,,,,,,
2024090201,20240323,2,土,阪神,4,3,3.0,2.0,1.0,-2.0,2.0,1.0,0.0,0.0,0.0,4,2.0,2.0,2.0,-20.0,4,,,,,,
2024060302,20240324,1,日,中山,2,1,2.0,2.0,1.0,-15.0,1.0,1.0,0.0,0.0,0.0,1,2.0,2.0,2.0,-12.0,4,,,,,,
2024070106,20240324,3,日,中京,2,2,1.0,1.0,1.0,-15.0,0.0,0.0,0.0,0.0,0.0,2,2.0,2.0,2.0,-2.0,4,,,,,,
2024090202,20240324,2,日,阪神,4,2,3.0,2.0,1.0,-10.0,2.0,1.0,0.0,0.0,0.0,4,2.0,2.0,2.0,-20.0,4,,,,,,
2024060303,20240330,1,土,中山,1,3,2.0,1.0,1.0,2.0,0.0,0.0,0.0,0.0,0.0,3,2.0,2.0,2.0,-20.0,4,,,,,,
2024090203,20240330,2,土,阪神,1,2,2.0,2.0,1.0,-10.0,1.0,0.0,0.0,0.0,0.0,3,2.0,2.0,2.0,-25.0,4,,,,,,
2024060304,20240331,1,日,中山,1,1,2.0,1.0,1.0,-16.0,0.0,0.0,0.0,0.0,0.0,2,2.0,2.0,2.0,-15.0,4,,,,,,
2024090204,20240331,2,日,阪神,2,1,2.0,2.0,1.0,-20.0,1.0,0.0,0.0,0.0,0.0,1,2.0,2.0,2.0,-4.0,4,,,,,,
2024030101,20240406,3,土,福島,1,1,1.0,1.0,1.0,-20.0,-1.0,-1.0,0.0,0.0,0.0,1,2.0,2.0,2.0,-6.0,4,,,,,,
2024060305,20240406,1,土,中山,2,2,2.0,1.0,1.0,-16.0,0.0,0.0,0.0,0.0,0.0,3,2.0,2.0,2.0,-20.0,4,,,,,,
2024090205,20240406,2,土,阪神,2,1,2.0,2.0,1.0,-23.0,1.0,0.0,0.0,0.0,0.0,1,2.0,2.0,2.0,-6.0,4,,,,,,
2024030102,20240407,3,日,福島,1,1,1.0,1.0,1.0,-20.0,-1.0,-1.0,0.0,0.0,0.0,1,2.0,2.0,2.0,-6.0,4,,,,,,
2024060306,20240407,1,日,中山,2,2,2.0,1.0,1.0,-16.0,0.0,0.0,0.0,0.0,0.0,2,2.0,2.0,2.0,-15.0,4,,,,,,
2024090206,20240407,2,日,阪神,1,1,2.0,2.0,1.0,-23.0,1.0,0.0,0.0,0.0,0.0,1,2.0,2.0,2.0,-6.0,4,,,,,,
2024030103,20240413,3,土,福島,1,1,1.0,1.0,1.0,-25.0,0.0,0.0,0.0,0.0,0.0,1,2.0,2.0,2.0,-10.0,4,,,,,,
2024060307,20240413,1,土,中山,1,1,1.0,1.0,1.0,-22.0,0.0,0.0,0.0,0.0,0.0,1,2.0,2.0,2.0,-10.0,4,,,,,,
2024090207,20240413,2,土,阪神,2,1,2.0,2.0,1.0,-23.0,1.0,0.0,0.0,0.0,0.0,1,2.0,2.0,2.0,-6.0,4,,,,,,
2024030104,20240414,3,日,福島,1,1,1.0,1.0,1.0,-25.0,0.0,0.0,0.0,0.0,0.0,1,2.0,2.0,2.0,-10.0,4,,,,,,
2024060308,20240414,1,日,中山,1,1,1.0,1.0,1.0,-22.0,0.0,0.0,0.0,0.0,0.0,1,2.0,2.0,2.0,-10.0,4,,,,,,
2024090208,20240414,2,日,阪神,1,1,2.0,2.0,1.0,-23.0,1.0,0.0,0.0,0.0,0.0,1,2.0,2.0,2.0,-6.0,4,,,,,,
2024030105,20240420,3,土,福島,2,1,2.0,1.0,1.0,-20.0,1.0,0.0,0.0,0.0,0.0,1,2.0,2.0,2.0,-10.0,4,,,,,,
2024050201,20240420,1,土,東京,1,1,1.0,1.0,1.0,-30.0,-1.0,0.0,0.0,0.0,0.0,1,2.0,2.0,2.0,-6.0,4,,,,,,
2024080301,20240420,2,土,京都,2,1,1.0,2.0,1.0,-24.0,-1.0,0.0,0.0,0.0,0.0,1,2.0,2.0,2.0,-6.0,4,,,,,,
2024030106,20240421,3,日,福島,2,1,2.0,1.0,1.0,-20.0,1.0,0.0,0.0,0.0,0.0,1,2.0,2.0,2.0,-10.0,4,,,,,,
2024050202,20240421,1,日,東京,2,1,1.0,1.0,1.0,-30.0,-1.0,0.0,0.0,0.0,0.0,1,2.0,2.0,2.0,-6.0,4,,,,,,
2024080302,20240421,2,日,京都,4,1,1.0,2.0,1.0,-24.0,-1.0,0.0,0.0,0.0,0.0,1,2.0,2.0,2.0,-6.0,4,,,,,,
2024040101,20240427,3,土,新潟,2,1,1.0,1.0,1.0,-12.0,0.0,0.0,0.0,0.0,0.0,1,2.0,2.0,2.0,-6.0,4,,,,,,
2024050203,20240427,1,土,東京,2,1,1.0,1.0,1.0,-30.0,0.0,0.0,0.0,0.0,0.0,1,2.0,2.0,2.0,-6.0,4,,,,,,
2024080303,20240427,2,土,京都,2,1,1.0,1.0,1.0,-20.0,0.0,0.0,0.0,0.0,0.0,1,2.0,2.0,2.0,-4.0,4,,,,,,
2024040102,20240428,3,日,新潟,1,1,1.0,1.0,1.0,-12.0,0.0,0.0,0.0,0.0,0.0,1,2.0,2.0,2.0,-6.0,4,,,,,,
2024050204,20240428,1,日,東京,1,1,1.0,1.0,1.0,-30.0,0.0,0.0,0.0,0.0,0.0,1,2.0,2.0,2.0,-6.0,4,,,,,,
2024080304,20240428,2,日,京都,1,1,1.0,1.0,1.0,-20.0,0.0,0.0,0.0,0.0,0.0,1,2.0,2.0,2.0,-4.0,4,,,,,,
2024040103,20240504,3,土,新潟,1,1,1.0,1.0,1.0,-5.0,1.0,0.0,0.0,0.0,0.0,1,2.0,2.0,2.0,-9.0,4,,,,,,
2024050205,20240504,1,土,東京,2,1,1.0,1.0,1.0,-27.0,0.0,0.0,0.0,0.0,0.0,1,2.0,2.0,2.0,-6.0,4,,,,,,
2024080305,20240504,2,土,京都,1,1,1.0,1.0,1.0,-28.0,0.0,0.0,0.0,0.0,0.0,1,2.0,2.0,2.0,-4.0,4,,,,,,
2024040104,20240505,3,日,新潟,1,1,1.0,1.0,1.0,-5.0,1.0,0.0,0.0,0.0,0.0,1,2.0,2.0,2.0,-9.0,4,,,,,,
2024050206,20240505,1,日,東京,1,1,1.0,1.0,1.0,-27.0,0.0,0.0,0.0,0.0,0.0,1,2.0,2.0,2.0,-6.0,4,,,,,,
2024080306,20240505,2,日,京都,1,1,1.0,1.0,1.0,-28.0,0.0,0.0,0.0,0.0,0.0,1,2.0,2.0,2.0,-4.0,4,,,,,,
2024040105,20240511,3,土,新潟,1,1,3.0,2.0,1.0,-5.0,2.0,1.0,0.0,0.0,0.0,1,2.0,2.0,2.0,-8.0,4,,,,,,
2024050207,20240511,1,土,東京,1,1,1.0,1.0,1.0,-27.0,0.0,0.0,0.0,0.0,0.0,1,2.0,2.0,2.0,-6.0,4,,,,,,
2024080307,20240511,2,土,京都,1,1,1.0,1.0,1.0,-28.0,0.0,0.0,0.0,0.0,0.0,1,2.0,2.0,2.0,-4.0,4,,,,,,
2024040106,20240512,3,日,新潟,2,1,3.0,2.0,1.0,-5.0,2.0,1.0,0.0,0.0,0.0,1,2.0,2.0,2.0,-8.0,4,,,,,,
2024050208,20240512,1,日,東京,2,1,1.0,1.0,1.0,-27.0,0.0,0.0,0.0,0.0,0.0,1,2.0,2.0,2.0,-6.0,4,,,,,,
2024080308,20240512,2,日,京都,2,1,1.0,1.0,1.0,-28.0,0.0,0.0,0.0,0.0,0.0,1,2.0,2.0,2.0,-4.0,4,,,,,,
2024040107,20240518,3,土,新潟,1,1,4.0,3.0,3.0,-5.0,3.0,2.0,2.0,1.0,0.0,1,2.0,2.0,2.0,-11.0,4,,,,,,
2024050209,20240518,1,土,東京,1,1,1.0,1.0,1.0,-28.0,0.0,0.0,0.0,0.0,0.0,1,2.0,2.0,2.0,-10.0,4,,,,,,
2024080309,20240518,2,土,京都,1,1,1.0,1.0,1.0,-28.0,0.0,0.0,0.0,0.0,0.0,1,2.0,2.0,2.0,-4.0,4,,,,,,
2024040108,20240519,3,日,新潟,2,1,4.0,3.0,3.0,-5.0,3.0,2.0,2.0,1.0,0.0,1,2.0,2.0,2.0,-11.0,4,,,,,,
2024050210,20240519,1,日,東京,2,1,1.0,1.0,1.0,-28.0,0.0,0.0,0.0,0.0,0.0,1,2.0,2.0,2.0,-10.0,4,,,,,,
2024080310,20240519,2,日,京都,4,1,1.0,1.0,1.0,-28.0,0.0,0.0,0.0,0.0,0.0,1,2.0,2.0,2.0,-4.0,4,,,,,,
2024050211,20240525,1,土,東京,1,1,1.0,1.0,1.0,-28.0,0.0,0.0,0.0,0.0,0.0,1,2.0,2.0,2.0,-10.0,4,,,,,,
2024080311,20240525,2,土,京都,1,1,2.0,1.0,1.0,-28.0,1.0,0.0,0.0,0.0,0.0,1,2.0,2.0,2.0,-4.0,4,,,,,,
2024050212,20240526,1,日,東京,1,1,1.0,1.0,1.0,-28.0,0.0,0.0,0.0,0.0,0.0,1,2.0,2.0,2.0,-10.0,4,,,,,,
2024080312,20240526,2,日,京都,1,1,2.0,1.0,1.0,-28.0,1.0,0.0,0.0,0.0,0.0,1,2.0,2.0,2.0,-4.0,4,,,,,,
2024050301,20240601,1,土,東京,1,2,2.0,1.0,1.0,-20.0,1.0,0.0,0.0,0.0,0.0,3,2.0,2.0,2.0,-18.0,4,,,,,,
2024080401,20240601,2,土,京都,1,1,1.0,1.0,1.0,-28.0,0.0,0.0,0.0,0.0,0.0,1,2.0,2.0,2.0,-4.0,4,,,,,,
2024050302,20240602,1,日,東京,4,2,2.0,1.0,1.0,-20.0,1.0,0.0,0.0,0.0,0.0,3,2.0,2.0,2.0,-18.0,4,,,,,,
2024080402,20240602,2,日,京都,2,1,1.0,1.0,1.0,-28.0,0.0,0.0,0.0,0.0,0.0,1,2.0,2.0,2.0,-4.0,4,,,,,,
2024020101,20240608,3,土,函館,2,1,1.0,1.0,1.0,-20.0,-1.0,-1.0,0.0,0.0,0.0,1,2.0,2.0,2.0,-10.0,4,,,,,,
2024050303,20240608,1,土,東京,1,1,3.0,2.0,1.0,-26.0,2.0,1.0,0.0,0.0,0.0,1,2.0,2.0,2.0,-8.0,4,,,,,,
2024080403,20240608,2,土,京都,2,1,2.0,2.0,1.0,-28.0,1.0,1.0,0.0,0.0,0.0,1,2.0,2.0,2.0,-4.0,4,,,,,,
2024020102,20240609,3,日,函館,2,1,1.0,1.0,1.0,-20.0,-1.0,-1.0,0.0,0.0,0.0,1,2.0,2.0,2.0,-10.0,4,,,,,,
2024050304,20240609,1,日,東京,2,1,3.0,2.0,1.0,-26.0,2.0,1.0,0.0,0.0,0.0,1,2.0,2.0,2.0,-8.0,4,,,,,,
2024080404,20240609,2,日,京都,2,1,2.0,2.0,1.0,-28.0,1.0,1.0,0.0,0.0,0.0,1,2.0,2.0,2.0,-4.0,4,,,,,,
2024020103,20240615,3,土,函館,1,1,1.0,1.0,1.0,-25.0,-1.0,-1.0,0.0,0.0,0.0,1,2.0,2.0,2.0,-10.0,4,,,,,,
2024050305,20240615,1,土,東京,1,1,3.0,2.0,1.0,-26.0,2.0,1.0,0.0,0.0,0.0,1,2.0,2.0,2.0,-8.0,4,,,,,,
2024080405,20240615,2,土,京都,2,1,2.0,2.0,1.0,-28.0,0.0,0.0,0.0,0.0,0.0,1,2.0,2.0,2.0,-4.0,4,,,,,,
2024020104,20240616,3,日,函館,2,1,1.0,1.0,1.0,-25.0,-1.0,-1.0,0.0,0.0,0.0,1,2.0,2.0,2.0,-10.0,4,,,,,,
2024050306,20240616,1,日,東京,1,1,3.0,2.0,1.0,-26.0,2.0,1.0,0.0,0.0,0.0,1,2.0,2.0,2.0,-8.0,4,,,,,,
2024080406,20240616,2,日,京都,1,1,2.0,2.0,1.0,-28.0,0.0,0.0,0.0,0.0,0.0,1,2.0,2.0,2.0,-4.0,4,,,,,,
2024020105,20240622,3,土,函館,2,1,1.0,1.0,1.0,-22.0,-1.0,-1.0,0.0,0.0,0.0,1,2.0,2.0,2.0,-10.0,4,,,,,,
2024050307,20240622,1,土,東京,1,1,3.0,2.0,1.0,-26.0,2.0,1.0,0.0,0.0,0.0,2,2.0,2.0,2.0,-18.0,4,,,,,,
2024080407,20240622,2,土,京都,2,1,3.0,2.0,1.0,-28.0,2.0,1.0,0.0,0.0,0.0,3,2.0,2.0,2.0,-14.0,4,,,,,,
2024020106,20240623,3,日,函館,2,1,1.0,1.0,1.0,-22.0,-1.0,-1.0,0.0,0.0,0.0,1,2.0,2.0,2.0,-10.0,4,,,,,,
2024050308,20240623,1,日,東京,2,2,3.0,2.0,1.0,-18.0,2.0,1.0,0.0,0.0,0.0,3,2.0,2.0,2.0,-25.0,4,,,,,,
2024080408,20240623,2,日,京都,4,3,3.0,2.0,1.0,0.0,2.0,1.0,0.0,0.0,0.0,4,2.0,2.0,2.0,-21.0,4,,,,,,
2024020107,20240629,3,土,函館,1,1,3.0,2.0,1.0,-22.0,2.0,1.0,0.0,0.0,0.0,1,2.0,2.0,2.0,-10.0,4,,,,,,
2024030201,20240629,1,土,福島,1,1,1.0,1.0,1.0,-26.0,-1.0,-1.0,0.0,0.0,0.0,1,2.0,2.0,2.0,-10.0,4,,,,,,
2024100301,20240629,2,土,小倉,4,2,1.0,1.0,1.0,-14.0,-1.0,-1.0,0.0,0.0,0.0,3,2.0,2.0,2.0,-20.0,4,,,,,,
2024020108,20240630,3,日,函館,2,1,3.0,2.0,1.0,-22.0,2.0,1.0,0.0,0.0,0.0,1,2.0,2.0,2.0,-10.0,4,,,,,,
2024030202,20240630,1,日,福島,2,1,1.0,1.0,1.0,-26.0,-1.0,-1.0,0.0,0.0,0.0,1,2.0,2.0,2.0,-10.0,4,,,,,,
2024100302,20240630,2,日,小倉,2,3,1.0,1.0,1.0,-7.0,-1.0,-1.0,0.0,0.0,0.0,4,2.0,2.0,2.0,-21.0,4,,,,,,
2024020109,20240706,3,土,函館,2,1,2.0,2.0,1.0,-22.0,0.0,0.0,0.0,0.0,0.0,2,2.0,2.0,2.0,-20.0,4,,,,,,
2024030203,20240706,1,土,福島,2,1,1.0,1.0,1.0,-23.0,0.0,0.0,0.0,0.0,0.0,1,2.0,2.0,2.0,-10.0,4,,,,,,
2024100303,20240706,2,土,小倉,1,1,2.0,1.0,1.0,-22.0,0.0,0.0,0.0,0.0,0.0,1,2.0,2.0,2.0,-10.0,4,,,,,,
2024020110,20240707,3,日,函館,4,3,2.0,2.0,1.0,5.0,0.0,0.0,0.0,0.0,0.0,4,2.0,2.0,2.0,-21.0,4,,,,,,
2024030204,20240707,1,日,福島,1,1,1.0,1.0,1.0,-23.0,0.0,0.0,0.0,0.0,0.0,1,2.0,2.0,2.0,-10.0,4,,,,,,
2024100304,20240707,2,日,小倉,1,1,2.0,1.0,1.0,-22.0,0.0,0.0,0.0,0.0,0.0,1,2.0,2.0,2.0,-10.0,4,,,,,,
2024020111,20240713,3,土,函館,1,1,3.0,2.0,2.0,-20.0,2.0,1.0,0.0,0.0,0.0,1,2.0,2.0,2.0,-14.0,4,,,,,,
2024030205,20240713,1,土,福島,2,1,3.0,2.0,2.0,-22.0,2.0,1.0,0.0,0.0,0.0,1,2.0,2.0,2.0,-10.0,4,,,,,,
2024100305,20240713,2,土,小倉,2,1,2.0,1.0,1.0,-22.0,0.0,0.0,0.0,0.0,0.0,2,2.0,2.0,2.0,-10.0,4,,,,,,
2024020112,20240714,3,日,函館,1,1,3.0,2.0,2.0,-20.0,2.0,1.0,0.0,0.0,0.0,1,2.0,2.0,2.0,-14.0,4,,,,,,
2024030206,20240714,1,日,福島,2,1,3.0,2.0,2.0,-22.0,2.0,1.0,0.0,0.0,0.0,1,2.0,2.0,2.0,-10.0,4,,,,,,
2024100306,20240714,2,日,小倉,4,4,2.0,1.0,1.0,4.0,0.0,0.0,0.0,0.0,0.0,4,2.0,2.0,2.0,-25.0,4,,,,,,
2024010101,20240720,3,土,札幌,1,1,1.0,1.0,1.0,-28.0,-1.0,-1.0,0.0,0.0,0.0,1,2.0,2.0,2.0,-4.0,4,,,,,,
2024030207,20240720,1,土,福島,1,1,4.0,3.0,2.0,-8.0,3.0,2.0,1.0,0.0,0.0,1,2.0,2.0,2.0,-10.0,4,,,,,,
2024100307,20240720,2,土,小倉,2,1,2.0,1.0,1.0,-20.0,0.0,0.0,0.0,0.0,0.0,1,2.0,2.0,2.0,-10.0,4,,,,,,
2024010102,20240721,3,日,札幌,2,1,1.0,1.0,1.0,-28.0,-1.0,-1.0,0.0,0.0,0.0,1,2.0,2.0,2.0,-4.0,4,,,,,,
2024030208,20240721,1,日,福島,1,1,4.0,3.0,2.0,-8.0,4.0,3.0,2.0,1.0,0.0,1,2.0,2.0,2.0,-10.0,4,,,,,,
2024100308,20240721,2,日,小倉,1,1,2.0,1.0,1.0,-20.0,0.0,0.0,0.0,0.0,0.0,2,2.0,2.0,2.0,-22.0,4,,,,,,
2024010103,20240727,3,土,札幌,2,1,1.0,1.0,1.0,-30.0,-1.0,0.0,0.0,0.0,0.0,1,2.0,2.0,2.0,-4.0,4,,,,,,
2024040201,20240727,1,土,新潟,4,2,1.0,1.0,1.0,-4.0,-1.0,-1.0,0.0,0.0,0.0,2,2.0,2.0,2.0,-8.0,4,,,,,,
2024010104,20240728,3,日,札幌,2,1,1.0,1.0,1.0,-30.0,-1.0,0.0,0.0,0.0,0.0,1,2.0,2.0,2.0,-4.0,4,,,,,,
2024040202,20240728,1,日,新潟,2,1,1.0,1.0,1.0,-6.0,-1.0,-1.0,0.0,0.0,0.0,1,2.0,2.0,2.0,-10.0,4,,,,,,
2024010105,20240803,3,土,札幌,1,1,1.0,1.0,1.0,-26.0,0.0,0.0,0.0,0.0,0.0,1,2.0,2.0,2.0,-4.0,4,,,,,,
2024040203,20240803,1,土,新潟,1,1,1.0,1.0,1.0,-22.0,0.0,0.0,0.0,0.0,0.0,1,2.0,2.0,2.0,-10.0,4,,,,,,
2024010106,20240804,3,日,札幌,2,1,1.0,1.0,1.0,-26.0,0.0,0.0,0.0,0.0,0.0,1,2.0,2.0,2.0,-4.0,4,,,,,,
2024040204,20240804,1,日,新潟,2,1,1.0,1.0,1.0,-22.0,0.0,0.0,0.0,0.0,0.0,1,2.0,2.0,2.0,-10.0,4,,,,,,
2024010201,20240810,3,土,札幌,1,1,1.0,1.0,1.0,-24.0,0.0,0.0,0.0,0.0,0.0,1,2.0,2.0,2.0,-4.0,4,,,,,,
2024040301,20240810,1,土,新潟,1,1,2.0,1.0,1.0,-22.0,1.0,0.0,0.0,0.0,0.0,1,2.0,2.0,2.0,-10.0,4,,,,,,
2024070201,20240810,2,土,中京,1,1,1.0,1.0,1.0,-20.0,-1.0,0.0,0.0,0.0,0.0,1,2.0,2.0,2.0,-4.0,4,,,,,,
2024010202,20240811,3,日,札幌,1,1,1.0,1.0,1.0,-24.0,0.0,0.0,0.0,0.0,0.0,1,2.0,2.0,2.0,-4.0,4,,,,,,
2024040302,20240811,1,日,新潟,1,1,2.0,1.0,1.0,-22.0,1.0,0.0,0.0,0.0,0.0,1,2.0,2.0,2.0,-10.0,4,,,,,,
2024070202,20240811,2,日,中京,1,1,1.0,1.0,1.0,-20.0,-1.0,0.0,0.0,0.0,0.0,1,2.0,2.0,2.0,-4.0,4,,,,,,
2024010203,20240817,3,土,札幌,2,1,1.0,1.0,1.0,-24.0,0.0,0.0,0.0,0.0,0.0,1,2.0,2.0,2.0,-4.0,4,,,,,,
2024040303,20240817,1,土,新潟,1,1,2.0,1.0,1.0,-20.0,1.0,0.0,0.0,0.0,0.0,1,2.0,2.0,2.0,-12.0,4,,,,,,
2024070203,20240817,2,土,中京,1,1,1.0,1.0,1.0,-24.0,0.0,0.0,0.0,0.0,0.0,1,2.0,2.0,2.0,-6.0,4,,,,,,
2024010204,20240818,3,日,札幌,1,1,1.0,1.0,1.0,-24.0,0.0,0.0,0.0,0.0,0.0,1,2.0,2.0,2.0,-4.0,4,,,,,,
2024040304,20240818,1,日,新潟,1,1,2.0,1.0,1.0,-20.0,1.0,0.0,0.0,0.0,0.0,1,2.0,2.0,2.0,-12.0,4,,,,,,
2024070204,20240818,2,日,中京,1,1,1.0,1.0,1.0,-24.0,0.0,0.0,0.0,0.0,0.0,1,2.0,2.0,2.0,-6.0,4,,,,,,
2024010205,20240824,3,土,札幌,1,1,1.0,1.0,1.0,-24.0,0.0,0.0,0.0,0.0,0.0,1,2.0,2.0,2.0,-4.0,4,,,,,,
2024040305,20240824,1,土,新潟,1,1,2.0,1.0,1.0,-20.0,1.0,0.0,0.0,0.0,0.0,1,2.0,2.0,2.0,-12.0,4,,,,,,
2024070205,20240824,2,土,中京,2,1,1.0,1.0,1.0,-24.0,0.0,0.0,0.0,0.0,0.0,1,2.0,2.0,2.0,-6.0,4,,,,,,
2024010206,20240825,3,日,札幌,1,1,1.0,1.0,1.0,-24.0,0.0,0.0,0.0,0.0,0.0,1,2.0,2.0,2.0,-4.0,4,,,,,,
2024040306,20240825,1,日,新潟,4,1,2.0,1.0,1.0,-20.0,1.0,0.0,0.0,0.0,0.0,2,2.0,2.0,2.0,-14.0,4,,,,,,
2024070206,20240825,2,日,中京,1,1,1.0,1.0,1.0,-24.0,0.0,0.0,0.0,0.0,0.0,1,2.0,2.0,2.0,-6.0,4,,,,,,
2024010207,20240831,3,土,札幌,2,1,2.0,1.0,1.0,-24.0,1.0,0.0,0.0,0.0,0.0,1,2.0,2.0,2.0,-4.0,4,,,,,,
2024040307,20240831,1,土,新潟,2,1,2.0,1.0,1.0,-20.0,1.0,0.0,0.0,0.0,0.0,1,2.0,2.0,2.0,-12.0,4,,,,,,
2024070207,20240831,2,土,中京,4,4,2.0,1.0,1.0,25.0,1.0,0.0,0.0,0.0,0.0,4,2.0,2.0,2.0,-22.0,4,,,,,,
2024010208,20240901,3,日,札幌,1,1,2.0,1.0,1.0,-24.0,1.0,0.0,0.0,0.0,0.0,2,2.0,2.0,2.0,-10.0,4,,,,,,
2024040308,20240901,1,日,新潟,1,1,2.0,1.0,1.0,-20.0,1.0,0.0,0.0,0.0,0.0,1,2.0,2.0,2.0,-12.0,4,,,,,,
2024070208,20240901,2,日,中京,4,3,2.0,1.0,1.0,10.0,1.0,0.0,0.0,0.0,0.0,3,2.0,2.0,2.0,-20.0,4,,,,,,
2024060401,20240907,1,土,中山,1,1,1.0,1.0,1.0,-25.0,-1.0,0.0,0.0,0.0,0.0,1,2.0,2.0,2.0,-12.0,4,,,,,,
2024070301,20240907,2,土,中京,1,1,3.0,2.0,1.0,-20.0,2.0,1.0,0.0,0.0,0.0,1,2.0,2.0,2.0,-10.0,4,,,,,,
2024060402,20240908,1,日,中山,1,1,1.0,1.0,1.0,-25.0,-1.0,0.0,0.0,0.0,0.0,1,2.0,2.0,2.0,-12.0,4,,,,,,
2024070302,20240908,2,日,中京,1,1,3.0,2.0,1.0,-20.0,2.0,1.0,0.0,0.0,0.0,1,2.0,2.0,2.0,-10.0,4,,,,,,
2024060403,20240914,1,土,中山,1,1,1.0,1.0,1.0,-25.0,0.0,0.0,0.0,0.0,0.0,1,2.0,2.0,2.0,-10.0,4,,,,,,
2024070303,20240914,2,土,中京,1,1,3.0,2.0,1.0,-20.0,2.0,1.0,0.0,0.0,0.0,1,2.0,2.0,2.0,-10.0,4,,,,,,
2024060404,20240915,1,日,中山,1,1,1.0,1.0,1.0,-25.0,0.0,0.0,0.0,0.0,0.0,1,2.0,2.0,2.0,-10.0,4,,,,,,
2024070304,20240915,2,日,中京,2,1,3.0,2.0,1.0,-20.0,2.0,1.0,0.0,0.0,0.0,1,2.0,2.0,2.0,-10.0,4,,,,,,
2024060405,20240916,1,月,中山,2,1,1.0,1.0,1.0,-25.0,0.0,0.0,0.0,0.0,0.0,1,2.0,2.0,2.0,-10.0,4,,,,,,
2024070305,20240916,2,月,中京,2,1,3.0,2.0,1.0,-20.0,2.0,1.0,0.0,0.0,0.0,1,2.0,2.0,2.0,-10.0,4,,,,,,
2024060406,20240921,1,土,中山,2,1,1.0,1.0,1.0,-22.0,0.0,0.0,0.0,0.0,0.0,1,2.0,2.0,2.0,-10.0,4,,,,,,
2024070306,20240921,2,土,中京,2,1,3.0,2.0,1.0,-18.0,2.0,1.0,0.0,0.0,0.0,1,2.0,2.0,2.0,-10.0,4,,,,,,
2024060407,20240922,1,日,中山,2,1,1.0,1.0,1.0,-22.0,0.0,0.0,0.0,0.0,0.0,1,2.0,2.0,2.0,-10.0,4,,,,,,
2024070307,20240922,2,日,中京,4,2,3.0,2.0,1.0,-14.0,2.0,1.0,0.0,0.0,0.0,3,2.0,2.0,2.0,-23.0,4,,,,,,
2024060408,20240928,1,土,中山,2,2,1.0,1.0,1.0,-16.0,0.0,0.0,0.0,0.0,0.0,2,2.0,2.0,2.0,-18.0,4,,,,,,
2024070308,20240928,2,土,中京,2,1,3.0,2.0,1.0,-16.0,2.0,1.0,0.0,0.0,0.0,1,2.0,2.0,2.0,-12.0,4,,,,,,
2024060409,20240929,1,日,中山,2,1,1.0,1.0,1.0,-22.0,0.0,0.0,0.0,0.0,0.0,1,2.0,2.0,2.0,-10.0,4,,,,,,
2024070309,20240929,2,日,中京,2,1,3.0,2.0,1.0,-16.0,2.0,1.0,0.0,0.0,0.0,1,2.0,2.0,2.0,-12.0,4,,,,,,
2024040401,20241005,3,土,新潟,1,1,1.0,1.0,1.0,-18.0,0.0,0.0,0.0,0.0,0.0,2,2.0,2.0,2.0,-12.0,4,,,,,,
2024050401,20241005,1,土,東京,4,4,1.0,1.0,1.0,-8.0,-1.0,-1.0,0.0,0.0,0.0,4,2.0,2.0,2.0,-25.0,4,,,,,,
2024080501,20241005,2,土,京都,1,1,1.0,1.0,1.0,-26.0,-1.0,-1.0,0.0,0.0,0.0,2,2.0,2.0,2.0,-12.0,4,,,,,,
2024040402,20241006,3,日,新潟,1,1,1.0,1.0,1.0,-18.0,0.0,0.0,0.0,0.0,0.0,1,2.0,2.0,2.0,-10.0,4,,,,,,
2024050402,20241006,1,日,東京,2,2,1.0,1.0,1.0,-18.0,-1.0,-1.0,0.0,0.0,0.0,3,2.0,2.0,2.0,-18.0,4,,,,,,
2024080502,20241006,2,日,京都,1,1,1.0,1.0,1.0,-26.0,-1.0,-1.0,0.0,0.0,0.0,1,2.0,2.0,2.0,-6.0,4,,,,,,
2024040403,20241012,3,土,新潟,1,1,1.0,1.0,1.0,-16.0,0.0,0.0,0.0,0.0,0.0,1,2.0,2.0,2.0,-10.0,4,,,,,,
2024080503,20241012,2,土,京都,1,1,1.0,1.0,1.0,-24.0,0.0,0.0,0.0,0.0,0.0,1,2.0,2.0,2.0,-5.0,4,,,,,,
2024050403,20241013,1,日,東京,1,1,1.0,1.0,1.0,-26.0,-1.0,-1.0,0.0,0.0,0.0,1,2.0,2.0,2.0,-10.0,4,,,,,,
2024080504,20241013,2,日,京都,1,1,1.0,1.0,1.0,-24.0,0.0,0.0,0.0,0.0,0.0,1,2.0,2.0,2.0,-5.0,4,,,,,,
2024040404,20241014,3,月,新潟,1,1,1.0,1.0,1.0,-16.0,0.0,0.0,0.0,0.0,0.0,1,2.0,2.0,2.0,-10.0,4,,,,,,
2024050404,20241014,1,月,東京,1,1,1.0,1.0,1.0,-26.0,-1.0,-1.0,0.0,0.0,0.0,1,2.0,2.0,2.0,-10.0,4,,,,,,
2024040405,20241019,3,土,新潟,4,2,2.0,1.0,1.0,-8.0,-1.0,0.0,0.0,0.0,0.0,3,2.0,2.0,2.0,-14.0,4,,,,,,
2024050405,20241019,1,土,東京,2,1,1.0,1.0,1.0,-26.0,0.0,0.0,0.0,0.0,0.0,1,2.0,2.0,2.0,-12.0,4,,,,,,
2024080505,20241019,2,土,京都,4,1,2.0,1.0,1.0,-20.0,-1.0,0.0,0.0,0.0,0.0,1,2.0,2.0,2.0,-5.0,4,,,,,,
2024040406,20241020,3,日,新潟,2,1,2.0,1.0,1.0,-12.0,-1.0,0.0,0.0,0.0,0.0,2,2.0,2.0,2.0,-12.0,4,,,,,,
2024050406,20241020,1,日,東京,1,1,1.0,1.0,1.0,-26.0,0.0,0.0,0.0,0.0,0.0,1,2.0,2.0,2.0,-12.0,4,,,,,,
2024080506,20241020,2,日,京都,1,1,2.0,1.0,1.0,-20.0,-1.0,0.0,0.0,0.0,0.0,1,2.0,2.0,2.0,-5.0,4,,,,,,
2024040407,20241026,3,土,新潟,2,1,3.0,3.0,2.0,-8.0,2.0,2.0,1.0,0.0,0.0,1,2.0,2.0,2.0,-10.0,4,,,,,,
2024050407,20241026,1,土,東京,2,1,1.0,1.0,1.0,-26.0,0.0,0.0,0.0,0.0,0.0,1,2.0,2.0,2.0,-12.0,4,,,,,,
2024080507,20241026,2,土,京都,2,1,3.0,2.0,1.0,-15.0,2.0,1.0,0.0,0.0,0.0,1,2.0,2.0,2.0,-5.0,4,,,,,,
2024040408,20241027,3,日,新潟,2,1,3.0,3.0,2.0,-8.0,2.0,2.0,1.0,0.0,0.0,1,2.0,2.0,2.0,-10.0,4,,,,,,
2024050408,20241027,1,日,東京,2,1,1.0,1.0,1.0,-26.0,0.0,0.0,0.0,0.0,0.0,1,2.0,2.0,2.0,-12.0,4,,,,,,
2024080508,20241027,2,日,京都,2,1,3.0,2.0,1.0,-15.0,2.0,1.0,0.0,0.0,0.0,1,2.0,2.0,2.0,-5.0,4,,,,,,
2024030301,20241102,3,土,福島,4,2,1.0,1.0,1.0,-4.0,-1.0,0.0,0.0,0.0,0.0,3,2.0,2.0,2.0,-14.0,4,,,,,,
2024050501,20241102,1,土,東京,4,2,2.0,1.0,1.0,-22.0,1.0,0.0,0.0,0.0,0.0,3,2.0,2.0,2.0,-12.0,4,,,,,,
2024080601,20241102,2,土,京都,4,3,3.0,2.0,1.0,5.0,2.0,1.0,0.0,0.0,0.0,4,2.0,2.0,2.0,-21.0,4,,,,,,
2024030302,20241103,3,日,福島,1,1,1.0,1.0,1.0,-12.0,-1.0,0.0,0.0,0.0,0.0,2,2.0,2.0,2.0,-14.0,4,,,,,,
2024050502,20241103,1,日,東京,1,2,2.0,1.0,1.0,-22.0,1.0,0.0,0.0,0.0,0.0,3,2.0,2.0,2.0,-12.0,4,,,,,,
2024080602,20241103,2,日,京都,1,2,3.0,2.0,1.0,-13.0,2.0,1.0,0.0,0.0,0.0,3,2.0,2.0,2.0,-14.0,4,,,,,,
2024030303,20241109,3,土,福島,1,1,2.0,2.0,1.0,-12.0,1.0,1.0,0.0,0.0,0.0,1,2.0,2.0,2.0,-8.0,4,,,,,,
2024050503,20241109,1,土,東京,1,1,3.0,2.0,1.0,-24.0,2.0,1.0,0.0,0.0,0.0,1,2.0,2.0,2.0,-7.0,4,,,,,,
2024080603,20241109,2,土,京都,1,1,3.0,3.0,2.0,-15.0,3.0,2.0,1.0,0.0,0.0,1,2.0,2.0,2.0,-5.0,4,,,,,,
2024030304,20241110,3,日,福島,1,1,2.0,2.0,1.0,-12.0,1.0,1.0,0.0,0.0,0.0,1,2.0,2.0,2.0,-8.0,4,,,,,,
2024050504,20241110,1,日,東京,2,1,3.0,2.0,1.0,-24.0,2.0,1.0,0.0,0.0,0.0,1,2.0,2.0,2.0,-7.0,4,,,,,,
2024080604,20241110,2,日,京都,2,1,3.0,3.0,2.0,-15.0,3.0,2.0,1.0,0.0,0.0,1,2.0,2.0,2.0,-5.0,4,,,,,,
2024030305,20241116,3,土,福島,2,1,3.0,3.0,2.0,-8.0,2.0,2.0,1.0,0.0,0.0,1,2.0,2.0,2.0,-13.0,4,,,,,,
2024050505,20241116,1,土,東京,2,1,3.0,2.0,1.0,-24.0,2.0,1.0,0.0,0.0,0.0,1,2.0,2.0,2.0,-7.0,4,,,,,,
2024080605,20241116,2,土,京都,2,1,3.0,3.0,2.0,-16.0,3.0,2.0,1.0,0.0,0.0,1,2.0,2.0,2.0,-5.0,4,,,,,,
2024030306,20241117,3,日,福島,1,1,3.0,3.0,2.0,-8.0,2.0,2.0,1.0,0.0,0.0,1,2.0,2.0,2.0,-13.0,4,,,,,,
2024050506,20241117,1,日,東京,1,1,3.0,2.0,1.0,-24.0,2.0,1.0,0.0,0.0,0.0,1,2.0,2.0,2.0,-7.0,4,,,,,,
2024080606,20241117,2,日,京都,2,1,3.0,3.0,2.0,-16.0,3.0,2.0,1.0,0.0,0.0,1,2.0,2.0,2.0,-5.0,4,,,,,,
2024050507,20241123,1,土,東京,1,1,3.0,2.0,1.0,-24.0,2.0,1.0,0.0,0.0,0.0,1,2.0,2.0,2.0,-12.0,4,,,,,,
2024080607,20241123,2,土,京都,2,1,3.0,3.0,2.0,-16.0,3.0,2.0,1.0,0.0,0.0,1,2.0,2.0,2.0,-5.0,4,,,,,,
2024050508,20241124,1,日,東京,1,1,3.0,2.0,1.0,-24.0,2.0,1.0,0.0,0.0,0.0,1,2.0,2.0,2.0,-12.0,4,,,,,,
2024080608,20241124,2,日,京都,2,1,3.0,3.0,2.0,-16.0,3.0,2.0,1.0,0.0,0.0,1,2.0,2.0,2.0,-5.0,4,,,,,,
2024060501,20241130,1,土,中山,1,1,3.0,2.0,1.0,-22.0,-1.0,-1.0,0.0,0.0,0.0,1,2.0,2.0,2.0,-12.0,4,,,,,,
2024070401,20241130,3,土,中京,1,1,1.0,1.0,1.0,-25.0,-1.0,-1.0,0.0,0.0,0.0,1,2.0,2.0,2.0,-10.0,4,,,,,,
2024080701,20241130,2,土,京都,1,1,4.0,3.0,2.0,-16.0,4.0,3.0,2.0,1.0,0.0,1,2.0,2.0,2.0,-5.0,4,,,,,,
2024060502,20241201,1,日,中山,1,1,1.0,1.0,1.0,-22.0,-1.0,-1.0,0.0,0.0,0.0,1,2.0,2.0,2.0,-12.0,4,,,,,,
2024070402,20241201,3,日,中京,1,1,1.0,1.0,1.0,-25.0,-1.0,-1.0,0.0,0.0,0.0,1,2.0,2.0,2.0,-10.0,4,,,,,,
2024080702,20241201,2,日,京都,1,1,4.0,3.0,2.0,-16.0,4.0,3.0,2.0,1.0,0.0,1,2.0,2.0,2.0,-5.0,4,,,,,,
2024060503,20241207,1,土,中山,1,1,3.0,2.0,1.0,-21.0,-1.0,0.0,0.0,0.0,0.0,1,2.0,2.0,2.0,-12.0,4,,,,,,
2024070403,20241207,3,土,中京,1,1,1.0,1.0,1.0,-20.0,0.0,0.0,0.0,0.0,0.0,1,2.0,2.0,2.0,-10.0,4,,,,,,
2024080703,20241207,2,土,京都,2,1,4.0,3.0,2.0,-16.0,4.0,3.0,2.0,1.0,0.0,1,2.0,2.0,2.0,0.0,4,,,,,,
2024060504,20241208,1,日,中山,1,1,1.0,1.0,1.0,-21.0,-1.0,0.0,0.0,0.0,0.0,1,2.0,2.0,2.0,-12.0,4,,,,,,
2024070404,20241208,3,日,中京,1,1,1.0,1.0,1.0,-20.0,0.0,0.0,0.0,0.0,0.0,1,2.0,2.0,2.0,-10.0,4,,,,,,
2024080704,20241208,2,日,京都,2,1,4.0,3.0,2.0,-16.0,4.0,3.0,2.0,1.0,0.0,1,2.0,2.0,2.0,0.0,4,,,,,,
2024060505,20241214,1,土,中山,1,1,1.0,1.0,1.0,-21.0,0.0,0.0,0.0,0.0,0.0,1,2.0,2.0,2.0,-12.0,4,,,,,,
2024070405,20241214,3,土,中京,1,1,3.0,2.0,1.0,-20.0,2.0,1.0,0.0,0.0,0.0,1,2.0,2.0,2.0,-10.0,4,,,,,,
2024080705,20241214,2,土,京都,1,1,4.0,3.0,2.0,-16.0,4.0,3.0,2.0,1.0,0.0,1,2.0,2.0,2.0,0.0,4,,,,,,
2024060506,20241215,1,日,中山,1,1,1.0,1.0,1.0,-21.0,0.0,0.0,0.0,0.0,0.0,1,2.0,2.0,2.0,-12.0,4,,,,,,
2024070406,20241215,3,日,中京,1,1,3.0,2.0,1.0,-20.0,2.0,1.0,0.0,0.0,0.0,1,2.0,2.0,2.0,-10.0,4,,,,,,
2024080706,20241215,2,日,京都,1,1,4.0,3.0,2.0,-16.0,4.0,3.0,2.0,1.0,0.0,1,2.0,2.0,2.0,0.0,4,,,,,,
2024060507,20241221,1,土,中山,1,1,1.0,1.0,1.0,-20.0,0.0,0.0,0.0,0.0,0.0,1,2.0,2.0,2.0,-11.0,4,,,,,,
2024080707,20241221,2,土,京都,2,1,4.0,3.0,2.0,-10.0,4.0,3.0,2.0,1.0,0.0,1,2.0,2.0,2.0,0.0,4,,,,,,
2024060508,20241222,1,日,中山,1,1,1.0,1.0,1.0,-20.0,0.0,0.0,0.0,0.0,0.0,1,2.0,2.0,2.0,-11.0,4,,,,,,
2024080708,20241222,2,日,京都,1,1,4.0,3.0,2.0,-10.0,4.0,3.0,2.0,1.0,0.0,1,2.0,2.0,2.0,0.0,4,,,,,,
2024060509,20241228,1,土,中山,1,1,1.0,1.0,1.0,-16.0,0.0,0.0,0.0,0.0,0.0,1,2.0,2.0,2.0,-6.0,4,,,,,,
2024080709,20241228,2,土,京都,1,1,4.0,3.0,2.0,-8.0,4.0,3.0,2.0,1.0,0.0,1,2.0,2.0,2.0,0.0,4,,,,,,
2025060101,20250105,1,日,中山,1,1,1.0,1.0,1.0,-18.0,0.0,0.0,0.0,0.0,0.0,1,2.0,2.0,2.0,-8.0,4,,,,,,
2025070101,20250105,2,日,中京,1,1,3.0,2.0,1.0,-20.0,2.0,1.0,0.0,0.0,0.0,1,2.0,2.0,2.0,-10.0,4,,,,,,
2025060102,20250106,1,月,中山,2,1,1.0,1.0,1.0,-18.0,0.0,0.0,0.0,0.0,0.0,1,2.0,2.0,2.0,-8.0,4,,,,,,
2025070102,20250106,2,月,中京,2,1,3.0,2.0,1.0,-20.0,2.0,1.0,0.0,0.0,0.0,1,2.0,2.0,2.0,-10.0,4,,,,,,
2025060103,20250111,1,土,中山,1,1,1.0,1.0,1.0,-24.0,0.0,0.0,0.0,0.0,0.0,1,2.0,2.0,2.0,-12.0,4,,,,,,
2025070103,20250111,2,土,中京,1,1,3.0,2.0,2.0,-15.0,0.0,0.0,0.0,0.0,0.0,1,2.0,2.0,2.0,-8.0,4,,,,,,
2025060104,20250112,1,日,中山,2,1,1.0,1.0,1.0,-24.0,0.0,0.0,0.0,0.0,0.0,2,2.0,2.0,2.0,-10.0,4,,,,,,
2025070104,20250112,2,日,中京,2,1,3.0,2.0,2.0,-15.0,2.0,1.0,0.0,0.0,0.0,1,2.0,2.0,2.0,-8.0,4,,,,,,
2025060105,20250113,1,月,中山,1,1,1.0,1.0,1.0,-24.0,0.0,0.0,0.0,0.0,0.0,2,2.0,2.0,2.0,-10.0,4,,,,,,
2025070105,20250113,2,月,中京,1,1,3.0,2.0,2.0,-15.0,2.0,1.0,0.0,0.0,0.0,1,2.0,2.0,2.0,-8.0,4,,,,,,
2025060106,20250118,1,土,中山,1,1,3.0,2.0,1.0,-22.0,2.0,1.0,0.0,0.0,0.0,1,2.0,2.0,2.0,-10.0,4,,,,,,
2025070106,20250118,2,土,中京,1,1,3.0,2.0,2.0,-8.0,2.0,1.0,0.0,0.0,0.0,1,2.0,2.0,2.0,-5.0,4,,,,,,
2025060107,20250119,1,日,中山,2,1,3.0,2.0,1.0,-22.0,2.0,1.0,0.0,0.0,0.0,1,2.0,2.0,2.0,-10.0,4,,,,,,
2025070107,20250119,2,日,中京,1,1,3.0,2.0,2.0,-8.0,2.0,1.0,0.0,0.0,0.0,1,2.0,2.0,2.0,-5.0,4,,,,,,
2025060108,20250125,1,土,中山,1,1,3.0,2.0,1.0,-22.0,2.0,1.0,0.0,0.0,0.0,1,2.0,2.0,2.0,-8.0,4,,,,,,
2025070108,20250125,2,土,中京,1,1,3.0,2.0,2.0,-18.0,2.0,1.0,0.0,0.0,0.0,1,2.0,2.0,2.0,-10.0,4,,,,,,
2025100101,20250125,3,土,小倉,1,1,1.0,1.0,1.0,-24.0,-1.0,-1.0,0.0,0.0,0.0,1,2.0,2.0,2.0,-5.0,4,,,,,,
2025060109,20250126,1,日,中山,1,1,3.0,2.0,1.0,-22.0,2.0,1.0,0.0,0.0,0.0,1,2.0,2.0,2.0,-8.0,4,,,,,,
2025070109,20250126,2,日,中京,1,1,3.0,2.0,2.0,-18.0,2.0,1.0,0.0,0.0,0.0,1,2.0,2.0,2.0,-10.0,4,,,,,,
2025100102,20250126,3,日,小倉,1,1,1.0,1.0,1.0,-24.0,-1.0,-1.0,0.0,0.0,0.0,1,2.0,2.0,2.0,-5.0,4,,,,,,
2025050101,20250201,1,土,東京,1,1,1.0,1.0,1.0,-30.0,-1.0,-1.0,0.0,0.0,0.0,1,2.0,2.0,2.0,0.0,4,,,,,,
2025080101,20250201,2,土,京都,2,1,1.0,1.0,1.0,-24.0,-1.0,-1.0,0.0,0.0,0.0,1,2.0,2.0,2.0,-2.0,4,,,,,,
2025100103,20250201,3,土,小倉,4,2,2.0,1.0,1.0,-16.0,1.0,0.0,0.0,0.0,0.0,2,2.0,2.0,2.0,-20.0,4,,,,,,
2025050102,20250202,1,日,東京,2,1,1.0,1.0,1.0,-30.0,-1.0,-1.0,0.0,0.0,0.0,1,2.0,2.0,2.0,0.0,4,,,,,,
2025080102,20250202,2,日,京都,2,1,1.0,1.0,1.0,-24.0,-1.0,-1.0,0.0,0.0,0.0,1,2.0,2.0,2.0,-2.0,4,,,,,,
2025100104,20250202,3,日,小倉,2,1,2.0,1.0,1.0,-23.0,1.0,0.0,0.0,0.0,0.0,2,2.0,2.0,2.0,-20.0,4,,,,,,
2025050103,20250208,1,土,東京,1,1,1.0,1.0,1.0,-23.0,-1.0,-1.0,0.0,0.0,0.0,1,2.0,2.0,2.0,-10.0,4,,,,,,
2025100105,20250208,3,土,小倉,2,1,3.0,2.0,1.0,-20.0,2.0,1.0,0.0,0.0,0.0,1,2.0,2.0,2.0,-8.0,4,,,,,,
2025050104,20250209,1,日,東京,1,1,1.0,1.0,1.0,-23.0,-1.0,-1.0,0.0,0.0,0.0,1,2.0,2.0,2.0,-10.0,4,,,,,,
2025080104,20250209,2,日,京都,1,1,1.0,1.0,1.0,-20.0,0.0,0.0,0.0,0.0,0.0,1,2.0,2.0,2.0,-6.0,4,,,,,,
2025100106,20250209,3,日,小倉,2,1,3.0,2.0,1.0,-20.0,2.0,1.0,0.0,0.0,0.0,1,2.0,2.0,2.0,-8.0,4,,,,,,
2025080103,20250210,2,月,京都,2,1,1.0,1.0,1.0,-20.0,0.0,0.0,0.0,0.0,0.0,1,2.0,2.0,2.0,-6.0,4,,,,,,
2025050105,20250215,1,土,東京,1,1,1.0,1.0,1.0,-22.0,0.0,0.0,0.0,0.0,0.0,1,2.0,2.0,2.0,-8.0,4,,,,,,
2025080105,20250215,2,土,京都,1,1,3.0,2.0,1.0,-8.0,2.0,1.0,0.0,0.0,0.0,1,2.0,2.0,2.0,-3.0,4,,,,,,
2025100107,20250215,3,土,小倉,2,1,3.0,2.0,1.0,-20.0,2.0,1.0,0.0,0.0,0.0,1,2.0,2.0,2.0,-13.0,4,,,,,,
2025050106,20250216,1,日,東京,1,1,1.0,1.0,1.0,-22.0,0.0,0.0,0.0,0.0,0.0,1,2.0,2.0,2.0,-8.0,4,,,,,,
2025080106,20250216,2,日,京都,2,1,3.0,2.0,1.0,-8.0,2.0,1.0,0.0,0.0,0.0,1,2.0,2.0,2.0,-3.0,4,,,,,,
2025100108,20250216,3,日,小倉,2,1,3.0,2.0,1.0,-20.0,2.0,1.0,0.0,0.0,0.0,1,2.0,2.0,2.0,-13.0,4,,,,,,
2025050107,20250222,1,土,東京,2,1,2.0,1.0,1.0,-22.0,1.0,0.0,0.0,0.0,0.0,1,2.0,2.0,2.0,-8.0,4,,,,,,
2025080107,20250222,2,土,京都,2,1,3.0,2.0,1.0,-10.0,2.0,1.0,0.0,0.0,0.0,1,2.0,2.0,2.0,-3.0,4,,,,,,
2025100109,20250222,3,土,小倉,1,1,3.0,2.0,1.0,-16.0,2.0,1.0,0.0,0.0,0.0,1,2.0,2.0,2.0,-10.0,4,,,,,,
2025050108,20250223,1,日,東京,1,1,2.0,1.0,1.0,-22.0,1.0,0.0,0.0,0.0,0.0,1,2.0,2.0,2.0,-8.0,4,,,,,,
2025080108,20250223,2,日,京都,2,1,3.0,2.0,1.0,-10.0,2.0,1.0,0.0,0.0,0.0,1,2.0,2.0,2.0,-3.0,4,,,,,,
2025100110,20250223,3,日,小倉,2,1,3.0,2.0,1.0,-16.0,2.0,1.0,0.0,0.0,0.0,1,2.0,2.0,2.0,-10.0,4,,,,,,
2025060201,20250301,1,土,中山,1,1,1.0,1.0,1.0,-22.0,-1.0,0.0,0.0,0.0,0.0,1,2.0,2.0,2.0,-8.0,4,,,,,,
2025090101,20250301,2,土,阪神,1,1,1.0,1.0,1.0,-25.0,-1.0,-1.0,0.0,0.0,0.0,1,2.0,2.0,2.0,-6.0,4,,,,,,
2025100111,20250301,3,土,小倉,2,1,3.0,2.0,1.0,-16.0,2.0,1.0,0.0,0.0,0.0,1,2.0,2.0,2.0,-10.0,4,,,,,,
2025060202,20250302,1,日,中山,1,1,1.0,1.0,1.0,-22.0,-1.0,0.0,0.0,0.0,0.0,1,2.0,2.0,2.0,-8.0,4,,,,,,
2025090102,20250302,2,日,阪神,4,2,1.0,1.0,1.0,-10.0,-1.0,-1.0,0.0,0.0,0.0,2,2.0,2.0,2.0,-8.0,4,,,,,,
2025100112,20250302,3,日,小倉,4,2,3.0,2.0,1.0,-10.0,2.0,1.0,0.0,0.0,0.0,2,2.0,2.0,2.0,-13.0,4,,,,,,
2025060203,20250308,1,土,中山,2,1,1.0,1.0,1.0,-24.0,0.0,0.0,0.0,0.0,0.0,1,2.0,2.0,2.0,-13.0,4,,,,,,
2025090103,20250308,2,土,阪神,2,1,1.0,1.0,1.0,-28.0,0.0,0.0,0.0,0.0,0.0,1,2.0,2.0,2.0,-1.0,4,,,,,,
2025060204,20250309,1,日,中山,1,1,1.0,1.0,1.0,-24.0,0.0,0.0,0.0,0.0,0.0,1,2.0,2.0,2.0,-13.0,4,,,,,,
2025090104,20250309,2,日,阪神,1,1,1.0,1.0,1.0,-28.0,0.0,0.0,0.0,0.0,0.0,1,2.0,2.0,2.0,-1.0,4,,,,,,
2025060205,20250315,1,土,中山,2,1,1.0,1.0,1.0,-20.0,0.0,0.0,0.0,0.0,0.0,1,2.0,2.0,2.0,-13.0,4,,,,,,
2025070201,20250315,3,土,中京,2,1,1.0,1.0,1.0,-22.0,-1.0,0.0,0.0,0.0,0.0,1,2.0,2.0,2.0,-8.0,4,,,,,,
2025090105,20250315,2,土,阪神,2,1,1.0,1.0,1.0,-28.0,0.0,0.0,0.0,0.0,0.0,1,2.0,2.0,2.0,-1.0,4,,,,,,
2025060206,20250316,1,日,中山,4,2,1.0,1.0,1.0,-10.0,0.0,0.0,0.0,0.0,0.0,3,2.0,2.0,2.0,-22.0,4,,,,,,
2025070202,20250316,3,日,中京,4,2,1.0,1.0,1.0,8.0,-1.0,0.0,0.0,0.0,0.0,3,2.0,2.0,2.0,-20.0,4,,,,,,
2025090106,20250316,2,日,阪神,4,3,1.0,1.0,1.0,-5.0,0.0,0.0,0.0,0.0,0.0,3,2.0,2.0,2.0,-25.0,4,,,,,,
2025060207,20250322,1,土,中山,1,1,2.0,1.0,1.0,-20.0,1.0,0.0,0.0,0.0,0.0,2,2.0,2.0,2.0,-14.0,4,,,,,,
2025070203,20250322,3,土,中京,1,1,1.0,1.0,1.0,-20.0,0.0,0.0,0.0,0.0,0.0,1,2.0,2.0,2.0,-8.0,4,,,,,,
2025090107,20250322,2,土,阪神,1,1,1.0,1.0,1.0,-25.0,0.0,0.0,0.0,0.0,0.0,1,2.0,2.0,2.0,-1.0,4,,,,,,
2025060208,20250323,1,日,中山,1,1,2.0,1.0,1.0,-20.0,1.0,0.0,0.0,0.0,0.0,1,2.0,2.0,2.0,-10.0,4,,,,,,
2025070204,20250323,3,日,中京,1,1,1.0,1.0,1.0,-20.0,0.0,0.0,0.0,0.0,0.0,1,2.0,2.0,2.0,-8.0,4,,,,,,
2025090108,20250323,2,日,阪神,1,1,1.0,1.0,1.0,-25.0,0.0,0.0,0.0,0.0,0.0,1,2.0,2.0,2.0,-1.0,4,,,,,,
2025060301,20250329,1,土,中山,4,1,2.0,1.0,1.0,-20.0,1.0,0.0,0.0,0.0,0.0,1,2.0,2.0,2.0,-10.0,4,,,,,,
2025070205,20250329,3,土,中京,1,2,2.0,1.0,1.0,-6.0,1.0,0.0,0.0,0.0,0.0,3,2.0,2.0,2.0,-18.0,4,,,,,,
2025090201,20250329,2,土,阪神,2,2,1.0,1.0,1.0,-18.0,0.0,0.0,0.0,0.0,0.0,3,2.0,2.0,2.0,-10.0,4,,,,,,
2025060302,20250330,1,日,中山,1,1,2.0,1.0,1.0,-20.0,1.0,0.0,0.0,0.0,0.0,1,2.0,2.0,2.0,-10.0,4,,,,,,
2025070206,20250330,3,日,中京,1,1,1.0,1.0,1.0,-20.0,1.0,0.0,0.0,0.0,0.0,2,2.0,2.0,2.0,-13.0,4,,,,,,
2025090202,20250330,2,日,阪神,2,1,1.0,1.0,1.0,-25.0,0.0,0.0,0.0,0.0,0.0,1,2.0,2.0,2.0,-5.0,4,,,,,,
2025060303,20250405,1,土,中山,1,2,3.0,2.0,1.0,-17.0,2.0,1.0,0.0,0.0,0.0,3,2.0,2.0,2.0,-21.0,4,,,,,,
2025090203,20250405,2,土,阪神,2,1,1.0,1.0,1.0,-22.0,0.0,0.0,0.0,0.0,0.0,1,2.0,2.0,2.0,-2.0,4,,,,,,
2025060304,20250406,1,日,中山,2,1,3.0,2.0,1.0,-20.0,2.0,1.0,0.0,0.0,0.0,2,2.0,2.0,2.0,-15.0,4,,,,,,
2025090204,20250406,2,日,阪神,1,1,1.0,1.0,1.0,-22.0,0.0,0.0,0.0,0.0,0.0,1,2.0,2.0,2.0,-2.0,4,,,,,,
2025030101,20250412,3,土,福島,2,1,1.0,1.0,1.0,-26.0,-1.0,-1.0,0.0,0.0,0.0,1,2.0,2.0,2.0,-8.0,4,,,,,,
2025060305,20250412,1,土,中山,1,1,3.0,2.0,1.0,-25.0,2.0,1.0,0.0,0.0,0.0,2,2.0,2.0,2.0,-15.0,4,,,,,,
2025090205,20250412,2,土,阪神,2,1,1.0,1.0,1.0,-22.0,0.0,0.0,0.0,0.0,0.0,1,2.0,2.0,2.0,-2.0,4,,,,,,
2025030102,20250413,3,日,福島,4,1,1.0,1.0,1.0,-26.0,-1.0,-1.0,0.0,0.0,0.0,1,2.0,2.0,2.0,-8.0,4,,,,,,
2025060306,20250413,1,日,中山,4,1,3.0,2.0,1.0,-25.0,2.0,1.0,0.0,0.0,0.0,2,2.0,2.0,2.0,-15.0,4,,,,,,
2025090206,20250413,2,日,阪神,4,2,1.0,1.0,1.0,-18.0,0.0,0.0,0.0,0.0,0.0,2,2.0,2.0,2.0,-8.0,4,,,,,,
2025030103,20250419,3,土,福島,2,1,1.0,1.0,1.0,-26.0,0.0,0.0,0.0,0.0,0.0,1,2.0,2.0,2.0,-8.0,4,,,,,,
2025060307,20250419,1,土,中山,1,1,2.0,2.0,1.0,-25.0,0.0,0.0,0.0,0.0,0.0,1,2.0,2.0,2.0,-9.0,4,,,,,,
2025090207,20250419,2,土,阪神,1,1,2.0,1.0,1.0,-22.0,1.0,1.0,0.0,0.0,0.0,1,2.0,2.0,2.0,-5.0,4,,,,,,
2025030104,20250420,3,日,福島,2,1,1.0,1.0,1.0,-26.0,0.0,0.0,0.0,0.0,0.0,1,2.0,2.0,2.0,-8.0,4,,,,,,
2025060308,20250420,1,日,中山,2,1,2.0,2.0,1.0,-25.0,0.0,0.0,0.0,0.0,0.0,1,2.0,2.0,2.0,-9.0,4,,,,,,
2025090208,20250420,2,日,阪神,1,1,2.0,1.0,1.0,-22.0,1.0,1.0,0.0,0.0,0.0,1,2.0,2.0,2.0,-5.0,4,,,,,,
2025030105,20250426,3,土,福島,1,1,2.0,1.0,1.0,-26.0,1.0,0.0,0.0,0.0,0.0,1,2.0,2.0,2.0,-8.0,4,,,,,,
2025050201,20250426,1,土,東京,2,1,1.0,1.0,1.0,-30.0,-1.0,0.0,0.0,0.0,0.0,1,2.0,2.0,2.0,-8.0,4,,,,,,
2025080201,20250426,2,土,京都,1,1,1.0,1.0,1.0,-28.0,0.0,0.0,0.0,0.0,0.0,1,2.0,2.0,2.0,-3.0,4,,,,,,
2025030106,20250427,3,日,福島,1,1,2.0,1.0,1.0,-26.0,1.0,0.0,0.0,0.0,0.0,1,2.0,2.0,2.0,-8.0,4,,,,,,
2025050202,20250427,1,日,東京,2,1,1.0,1.0,1.0,-30.0,-1.0,0.0,0.0,0.0,0.0,1,2.0,2.0,2.0,-8.0,4,,,,,,
2025080202,20250427,2,日,京都,2,1,1.0,1.0,1.0,-28.0,0.0,0.0,0.0,0.0,0.0,1,2.0,2.0,2.0,-3.0,4,,,,,,
2025040101,20250503,3,土,新潟,2,1,1.0,1.0,1.0,-12.0,0.0,0.0,0.0,0.0,0.0,2,2.0,2.0,2.0,-14.0,4,,,,,,
2025050203,20250503,1,土,東京,1,2,1.0,1.0,1.0,-24.0,0.0,0.0,0.0,0.0,0.0,2,2.0,2.0,2.0,-17.0,4,,,,,,
2025080203,20250503,2,土,京都,1,2,1.0,1.0,1.0,-12.0,0.0,0.0,0.0,0.0,0.0,3,2.0,2.0,2.0,-12.0,4,,,,,,
2025040102,20250504,3,日,新潟,1,1,1.0,1.0,1.0,-12.0,0.0,0.0,0.0,0.0,0.0,1,2.0,2.0,2.0,-10.0,4,,,,,,
2025050204,20250504,1,日,東京,1,1,1.0,1.0,1.0,-30.0,0.0,0.0,0.0,0.0,0.0,1,2.0,2.0,2.0,-8.0,4,,,,,,
2025080204,20250504,2,日,京都,1,1,1.0,1.0,1.0,-24.0,0.0,0.0,0.0,0.0,0.0,2,2.0,2.0,2.0,-9.0,4,,,,,,
2025040103,20250510,3,土,新潟,2,2,1.0,1.0,1.0,-8.0,0.0,0.0,0.0,0.0,0.0,2,2.0,2.0,2.0,-14.0,4,,,,,,
2025050205,20250510,1,土,東京,2,2,1.0,1.0,1.0,-24.0,0.0,0.0,0.0,0.0,0.0,3,2.0,2.0,2.0,-24.0,4,,,,,,
2025080205,20250510,2,土,京都,1,3,1.0,1.0,1.0,-10.0,0.0,0.0,0.0,0.0,0.0,3,2.0,2.0,2.0,-12.0,4,,,,,,
2025040104,20250511,3,日,新潟,1,1,1.0,1.0,1.0,-12.0,0.0,0.0,0.0,0.0,0.0,1,2.0,2.0,2.0,-10.0,4,,,,,,
2025050206,20250511,1,日,東京,2,1,1.0,1.0,1.0,-30.0,0.0,0.0,0.0,0.0,0.0,2,2.0,2.0,2.0,-19.0,4,,,,,,
2025080206,20250511,2,日,京都,2,1,1.0,1.0,1.0,-20.0,0.0,0.0,0.0,0.0,0.0,2,2.0,2.0,2.0,-9.0,4,,,,,,
2025040105,20250517,3,土,新潟,4,2,3.0,2.0,1.0,-5.0,2.0,1.0,0.0,0.0,0.0,2,2.0,2.0,2.0,-14.0,4,,,,,,
2025050207,20250517,1,土,東京,4,2,1.0,1.0,1.0,-20.0,0.0,0.0,0.0,0.0,0.0,2,2.0,2.0,2.0,-24.0,4,,,,,,
2025080207,20250517,2,土,京都,4,3,2.0,2.0,1.0,-10.0,1.0,0.0,0.0,0.0,0.0,3,2.0,2.0,2.0,-12.0,4,,,,,,
2025040106,20250518,3,日,新潟,2,1,3.0,2.0,1.0,-12.0,2.0,1.0,0.0,0.0,0.0,1,2.0,2.0,2.0,-10.0,4,,,,,,
2025050208,20250518,1,日,東京,2,1,1.0,1.0,1.0,-30.0,0.0,0.0,0.0,0.0,0.0,1,2.0,2.0,2.0,-24.0,4,,,,,,
2025080208,20250518,2,日,京都,2,1,2.0,2.0,1.0,-20.0,1.0,0.0,0.0,0.0,0.0,2,2.0,2.0,2.0,-9.0,4,,,,,,
2025040107,20250524,3,土,新潟,2,1,4.0,3.0,2.0,-8.0,3.0,3.0,2.0,1.0,0.0,1,2.0,2.0,2.0,-8.0,4,,,,,,
2025050209,20250524,1,土,東京,2,1,3.0,2.0,1.0,-27.0,2.0,1.0,0.0,0.0,0.0,1,2.0,2.0,2.0,-8.0,4,,,,,,
2025080209,20250524,2,土,京都,4,2,3.0,3.0,2.0,-16.0,2.0,2.0,1.0,0.0,0.0,2,2.0,2.0,2.0,-12.0,4,,,,,,
2025040108,20250525,3,日,新潟,4,3,4.0,3.0,2.0,-2.0,3.0,3.0,2.0,1.0,0.0,3,2.0,2.0,2.0,-14.0,4,,,,,,
2025050210,20250525,1,日,東京,2,2,3.0,2.0,1.0,-20.0,2.0,1.0,0.0,0.0,0.0,3,2.0,2.0,2.0,-24.0,4,,,,,,
2025080210,20250525,2,日,京都,2,2,3.0,3.0,2.0,-14.0,2.0,2.0,1.0,0.0,0.0,3,2.0,2.0,2.0,-18.0,4,,,,,,
2025050211,20250531,1,土,東京,4,3,2.0,2.0,1.0,-18.0,0.0,0.0,0.0,0.0,0.0,4,2.0,2.0,2.0,-21.0,4,,,,,,
2025080211,20250531,2,土,京都,2,1,3.0,3.0,2.0,-18.0,2.0,2.0,1.0,0.0,0.0,1,2.0,2.0,2.0,-6.0,4,,,,,,
2025050212,20250601,1,日,東京,2,2,2.0,2.0,1.0,-24.0,0.0,0.0,0.0,0.0,0.0,3,2.0,2.0,2.0,-24.0,4,,,,,,
2025080212,20250601,2,日,京都,2,1,3.0,3.0,2.0,-18.0,2.0,2.0,1.0,0.0,0.0,1,2.0,2.0,2.0,-6.0,4,,,,,,
2025050301,20250607,1,土,東京,1,1,2.0,2.0,1.0,-28.0,1.0,0.0,0.0,0.0,0.0,1,2.0,2.0,2.0,-10.0,4,,,,,,
2025090301,20250607,2,土,阪神,1,1,1.0,1.0,1.0,-29.0,-1.0,0.0,0.0,0.0,0.0,1,2.0,2.0,2.0,-2.0,4,,,,,,
2025050302,20250608,1,日,東京,2,1,2.0,2.0,1.0,-28.0,1.0,0.0,0.0,0.0,0.0,1,2.0,2.0,2.0,-10.0,4,,,,,,
2025090302,20250608,2,日,阪神,2,1,1.0,1.0,1.0,-29.0,-1.0,0.0,0.0,0.0,0.0,1,2.0,2.0,2.0,-2.0,4,,,,,,
2025020101,20250614,3,土,函館,2,1,1.0,1.0,1.0,-30.0,-1.0,-1.0,0.0,0.0,0.0,1,2.0,2.0,2.0,-18.0,4,,,,,,
2025050303,20250614,1,土,東京,2,1,2.0,2.0,1.0,-28.0,1.0,1.0,0.0,0.0,0.0,1,2.0,2.0,2.0,-10.0,4,,,,,,
2025090303,20250614,2,土,阪神,4,1,1.0,1.0,1.0,-27.0,0.0,0.0,0.0,0.0,0.0,2,2.0,2.0,2.0,-8.0,4,,,,,,
2025020102,20250615,3,日,函館,2,1,1.0,1.0,1.0,-30.0,-1.0,-1.0,0.0,0.0,0.0,1,2.0,2.0,2.0,-18.0,4,,,,,,
2025050304,20250615,1,日,東京,1,2,2.0,2.0,1.0,-22.0,1.0,1.0,0.0,0.0,0.0,3,2.0,2.0,2.0,-24.0,4,,,,,,
2025090304,20250615,2,日,阪神,2,2,1.0,1.0,1.0,-18.0,0.0,0.0,0.0,0.0,0.0,3,2.0,2.0,2.0,-20.0,4,,,,,,
2025020103,20250621,3,土,函館,2,1,1.0,1.0,1.0,-38.0,0.0,0.0,0.0,0.0,0.0,1,2.0,2.0,2.0,-14.0,4,,,,,,
2025050305,20250621,1,土,東京,2,1,2.0,2.0,1.0,-23.0,1.0,0.0,0.0,0.0,0.0,1,2.0,2.0,2.0,-14.0,4,,,,,,
2025090305,20250621,2,土,阪神,1,1,2.0,1.0,1.0,-27.0,1.0,0.0,0.0,0.0,0.0,1,2.0,2.0,2.0,-2.0,4,,,,,,
2025020104,20250622,3,日,函館,4,2,1.0,1.0,1.0,-10.0,0.0,0.0,0.0,0.0,0.0,3,2.0,2.0,2.0,-20.0,4,,,,,,
2025050306,20250622,1,日,東京,1,1,2.0,2.0,1.0,-23.0,1.0,0.0,0.0,0.0,0.0,1,2.0,2.0,2.0,-14.0,4,,,,,,
2025090306,20250622,2,日,阪神,2,1,2.0,1.0,1.0,-27.0,1.0,0.0,0.0,0.0,0.0,1,2.0,2.0,2.0,-2.0,4,,,,,,
2025020105,20250628,3,土,函館,1,1,1.0,1.0,1.0,-38.0,0.0,0.0,0.0,0.0,0.0,2,2.0,2.0,2.0,-18.0,4,,,,,,
2025030201,20250628,1,土,福島,1,1,1.0,1.0,1.0,-23.0,-1.0,-1.0,0.0,0.0,0.0,1,2.0,2.0,2.0,-8.0,4,,,,,,
2025100201,20250628,2,土,小倉,1,1,1.0,1.0,1.0,-28.0,-1.0,-1.0,0.0,0.0,0.0,1,2.0,2.0,2.0,-10.0,4,,,,,,
2025020106,20250629,3,日,函館,2,1,1.0,1.0,1.0,-38.0,0.0,0.0,0.0,0.0,0.0,1,2.0,2.0,2.0,-14.0,4,,,,,,
2025030202,20250629,1,日,福島,1,1,1.0,1.0,1.0,-23.0,-1.0,-1.0,0.0,0.0,0.0,1,2.0,2.0,2.0,-8.0,4,,,,,,
2025100202,20250629,2,日,小倉,1,1,1.0,1.0,1.0,-28.0,-1.0,-1.0,0.0,0.0,0.0,1,2.0,2.0,2.0,-10.0,4,,,,,,
2025020107,20250705,3,土,函館,2,1,2.0,1.0,1.0,-28.0,1.0,1.0,0.0,0.0,0.0,1,2.0,2.0,2.0,-16.0,4,,,,,,
2025030203,20250705,1,土,福島,2,1,1.0,1.0,1.0,-23.0,0.0,0.0,0.0,0.0,0.0,1,2.0,2.0,2.0,-4.0,4,,,,,,
2025100203,20250705,2,土,小倉,1,1,1.0,1.0,1.0,-24.0,0.0,0.0,0.0,0.0,0.0,1,2.0,2.0,2.0,-10.0,4,,,,,,
2025020108,20250706,3,日,函館,2,1,2.0,1.0,1.0,-28.0,1.0,1.0,0.0,0.0,0.0,1,2.0,2.0,2.0,-16.0,4,,,,,,
2025030204,20250706,1,日,福島,1,1,1.0,1.0,1.0,-23.0,0.0,0.0,0.0,0.0,0.0,1,2.0,2.0,2.0,-4.0,4,,,,,,
2025100204,20250706,2,日,小倉,1,1,1.0,1.0,1.0,-24.0,0.0,0.0,0.0,0.0,0.0,1,2.0,2.0,2.0,-10.0,4,,,,,,
2025020109,20250712,3,土,函館,1,1,1.0,1.0,1.0,-28.0,0.0,0.0,0.0,0.0,0.0,1,2.0,2.0,2.0,-16.0,4,,,,,,
2025030205,20250712,1,土,福島,2,1,2.0,1.0,1.0,-18.0,1.0,0.0,0.0,0.0,0.0,1,2.0,2.0,2.0,-8.0,4,,,,,,
2025100205,20250712,2,土,小倉,1,1,1.0,1.0,1.0,-19.0,0.0,0.0,0.0,0.0,0.0,1,2.0,2.0,2.0,-9.0,4,,,,,,
2025020110,20250713,3,日,函館,1,1,1.0,1.0,1.0,-28.0,0.0,0.0,0.0,0.0,0.0,1,2.0,2.0,2.0,-16.0,4,,,,,,
2025030206,20250713,1,日,福島,1,1,2.0,1.0,1.0,-18.0,1.0,0.0,0.0,0.0,0.0,1,2.0,2.0,2.0,-8.0,4,,,,,,
2025100206,20250713,2,日,小倉,2,1,1.0,1.0,1.0,-19.0,0.0,0.0,0.0,0.0,0.0,1,2.0,2.0,2.0,-9.0,4,,,,,,
2025020111,20250719,3,土,函館,2,1,2.0,1.0,1.0,-28.0,1.0,0.0,0.0,0.0,0.0,1,2.0,2.0,2.0,-10.0,4,,,,,,
2025030207,20250719,1,土,福島,1,1,3.0,2.0,1.0,-10.0,2.0,1.0,0.0,0.0,0.0,1,2.0,2.0,2.0,-8.0,4,,,,,,
2025100207,20250719,2,土,小倉,1,1,1.0,1.0,1.0,-17.0,0.0,0.0,0.0,0.0,0.0,1,2.0,2.0,2.0,-9.0,4,,,,,,
2025020112,20250720,3,日,函館,2,1,2.0,1.0,1.0,-28.0,1.0,0.0,0.0,0.0,0.0,1,2.0,2.0,2.0,-10.0,4,,,,,,
2025030208,20250720,1,日,福島,1,1,3.0,2.0,1.0,-10.0,2.0,1.0,0.0,0.0,0.0,1,2.0,2.0,2.0,-8.0,4,,,,,,
2025100208,20250720,2,日,小倉,1,1,1.0,1.0,1.0,-17.0,0.0,0.0,0.0,0.0,0.0,1,2.0,2.0,2.0,-9.0,4,,,,,,
2025010101,20250726,3,土,札幌,2,1,1.0,1.0,1.0,-30.0,-1.0,-1.0,0.0,0.0,0.0,1,2.0,2.0,2.0,-10.0,4,,,,,,
2025040201,20250726,1,土,新潟,1,1,1.0,1.0,1.0,-28.0,-1.0,-1.0,0.0,0.0,0.0,1,2.0,2.0,2.0,-10.0,4,,,,,,
2025070301,20250726,2,土,中京,1,1,1.0,1.0,1.0,-25.0,-1.0,-1.0,0.0,0.0,0.0,1,2.0,2.0,2.0,-15.0,4,,,,,,
2025010102,20250727,3,日,札幌,2,1,1.0,1.0,1.0,-30.0,-1.0,-1.0,0.0,0.0,0.0,1,2.0,2.0,2.0,-10.0,4,,,,,,
2025040202,20250727,1,日,新潟,1,1,1.0,1.0,1.0,-28.0,-1.0,-1.0,0.0,0.0,0.0,1,2.0,2.0,2.0,-10.0,4,,,,,,
2025070302,20250727,2,日,中京,1,1,1.0,1.0,1.0,-25.0,-1.0,-1.0,0.0,0.0,0.0,1,2.0,2.0,2.0,-15.0,4,,,,,,
2025010103,20250802,3,土,札幌,1,1,1.0,1.0,1.0,-28.0,0.0,0.0,0.0,0.0,0.0,1,2.0,2.0,2.0,-8.0,4,,,,,,
2025040203,20250802,1,土,新潟,1,1,1.0,1.0,1.0,-25.0,0.0,0.0,0.0,0.0,0.0,1,2.0,2.0,2.0,-10.0,4,,,,,,
2025070303,20250802,2,土,中京,1,1,1.0,1.0,1.0,-30.0,0.0,0.0,0.0,0.0,0.0,1,2.0,2.0,2.0,-10.0,4,,,,,,
2025010104,20250803,3,日,札幌,1,1,1.0,1.0,1.0,-28.0,0.0,0.0,0.0,0.0,0.0,1,2.0,2.0,2.0,-8.0,4,,,,,,
2025040204,20250803,1,日,新潟,1,1,1.0,1.0,1.0,-25.0,0.0,0.0,0.0,0.0,0.0,1,2.0,2.0,2.0,-10.0,4,,,,,,
2025070304,20250803,2,日,中京,1,1,1.0,1.0,1.0,-30.0,0.0,0.0,0.0,0.0,0.0,1,2.0,2.0,2.0,-10.0,4,,,,,,
2025010105,20250809,3,土,札幌,2,3,1.0,1.0,1.0,-16.0,0.0,0.0,0.0,0.0,0.0,4,2.0,2.0,2.0,-24.0,4,,,,,,
2025040205,20250809,1,土,新潟,1,1,1.0,1.0,1.0,-20.0,0.0,0.0,0.0,0.0,0.0,1,2.0,2.0,2.0,-10.0,4,,,,,,
2025070305,20250809,2,土,中京,1,1,1.0,1.0,1.0,-30.0,0.0,0.0,0.0,0.0,0.0,1,2.0,2.0,2.0,-10.0,4,,,,,,
2025010106,20250810,3,日,札幌,1,1,1.0,1.0,1.0,-26.0,0.0,0.0,0.0,0.0,0.0,2,2.0,2.0,2.0,-15.0,4,,,,,,
2025040206,20250810,1,日,新潟,4,2,1.0,1.0,1.0,-2.0,0.0,0.0,0.0,0.0,0.0,3,2.0,2.0,2.0,-14.0,4,,,,,,
2025070306,20250810,2,日,中京,4,2,1.0,1.0,1.0,-22.0,0.0,0.0,0.0,0.0,0.0,3,2.0,2.0,2.0,-18.0,4,,,,,,
2025010107,20250816,3,土,札幌,2,1,1.0,1.0,1.0,-22.0,0.0,0.0,0.0,0.0,0.0,1,2.0,2.0,2.0,-10.0,4,,,,,,
2025040207,20250816,1,土,新潟,1,1,1.0,1.0,1.0,-20.0,0.0,0.0,0.0,0.0,0.0,2,2.0,2.0,2.0,-15.0,4,,,,,,
2025070307,20250816,2,土,中京,1,1,1.0,1.0,1.0,-30.0,0.0,0.0,0.0,0.0,0.0,1,2.0,2.0,2.0,-6.0,4,,,,,,
2025010108,20250817,3,日,札幌,2,1,1.0,1.0,1.0,-22.0,0.0,0.0,0.0,0.0,0.0,1,2.0,2.0,2.0,-10.0,4,,,,,,
2025040208,20250817,1,日,新潟,1,1,1.0,1.0,1.0,-20.0,0.0,0.0,0.0,0.0,0.0,1,2.0,2.0,2.0,-10.0,4,,,,,,
2025070308,20250817,2,日,中京,1,1,1.0,1.0,1.0,-30.0,0.0,0.0,0.0,0.0,0.0,1,2.0,2.0,2.0,-6.0,4,,,,,,
2025010201,20250823,3,土,札幌,1,1,3.0,2.0,1.0,-22.0,2.0,1.0,0.0,0.0,0.0,1,2.0,2.0,2.0,-10.0,4,,,,,,
2025040301,20250823,1,土,新潟,1,1,3.0,1.0,1.0,-18.0,1.0,1.0,0.0,0.0,0.0,1,2.0,2.0,2.0,-11.0,4,,,,,,
2025070401,20250823,2,土,中京,1,1,1.0,1.0,1.0,-30.0,0.0,0.0,0.0,0.0,0.0,1,2.0,2.0,2.0,-6.0,4,,,,,,
2025010202,20250824,3,日,札幌,1,1,3.0,2.0,1.0,-22.0,2.0,1.0,0.0,0.0,0.0,1,2.0,2.0,2.0,-10.0,4,,,,,,
2025040302,20250824,1,日,新潟,1,1,3.0,2.0,1.0,-18.0,1.0,1.0,0.0,0.0,0.0,1,2.0,2.0,2.0,-11.0,4,,,,,,
2025070402,20250824,2,日,中京,1,1,1.0,1.0,1.0,-30.0,0.0,0.0,0.0,0.0,0.0,1,2.0,2.0,2.0,-6.0,4,,,,,,
2025010203,20250830,3,土,札幌,2,1,3.0,2.0,1.0,-18.0,2.0,1.0,0.0,0.0,0.0,1,2.0,2.0,2.0,-10.0,4,,,,,,
2025040303,20250830,1,土,新潟,1,1,3.0,1.0,1.0,-15.0,1.0,1.0,0.0,0.0,0.0,1,2.0,2.0,2.0,-11.0,4,,,,,,
2025070403,20250830,2,土,中京,1,1,1.0,1.0,1.0,-30.0,0.0,0.0,0.0,0.0,0.0,1,2.0,2.0,2.0,-10.0,4,,,,,,
2025010204,20250831,3,日,札幌,2,1,3.0,2.0,1.0,-18.0,2.0,1.0,0.0,0.0,0.0,1,2.0,2.0,2.0,-10.0,4,,,,,,
2025040304,20250831,1,日,新潟,1,1,3.0,2.0,1.0,-15.0,1.0,1.0,0.0,0.0,0.0,1,2.0,2.0,2.0,-11.0,4,,,,,,
2025070404,20250831,2,日,中京,1,1,1.0,1.0,1.0,-30.0,0.0,0.0,0.0,0.0,0.0,1,2.0,2.0,2.0,-10.0,4,,,,,,
2025010205,20250906,3,土,札幌,2,1,3.0,2.0,1.0,-18.0,2.0,1.0,0.0,0.0,0.0,1,2.0,2.0,2.0,-10.0,4,,,,,,
2025060401,20250906,1,土,中山,2,2,1.0,1.0,1.0,-17.0,-1.0,-1.0,0.0,0.0,0.0,3,2.0,2.0,2.0,-24.0,4,,,,,,
2025090401,20250906,2,土,阪神,1,2,1.0,1.0,1.0,-25.0,-1.0,-1.0,0.0,0.0,0.0,3,2.0,2.0,2.0,-12.0,4,,,,,,
2025010206,20250907,3,日,札幌,2,1,3.0,2.0,1.0,-15.0,2.0,1.0,0.0,0.0,0.0,1,2.0,2.0,2.0,-10.0,4,,,,,,
2025060402,20250907,1,日,中山,1,1,1.0,1.0,1.0,-28.0,-1.0,-1.0,0.0,0.0,0.0,1,2.0,2.0,2.0,-13.0,4,,,,,,
2025090402,20250907,2,日,阪神,1,1,1.0,1.0,1.0,-30.0,-1.0,-1.0,0.0,0.0,0.0,1,2.0,2.0,2.0,-10.0,4,,,,,,
2025060403,20250913,1,土,中山,2,1,1.0,1.0,1.0,-30.0,0.0,0.0,0.0,0.0,0.0,2,2.0,2.0,2.0,-18.0,4,,,,,,
2025090403,20250913,2,土,阪神,2,1,1.0,1.0,1.0,-35.0,0.0,0.0,0.0,0.0,0.0,1,2.0,2.0,2.0,-8.0,4,,,,,,
2025060404,20250914,1,日,中山,2,1,1.0,1.0,1.0,-30.0,0.0,0.0,0.0,0.0,0.0,1,2.0,2.0,2.0,-13.0,4,,,,,,
2025090404,20250914,2,日,阪神,2,1,1.0,1.0,1.0,-35.0,0.0,0.0,0.0,0.0,0.0,1,2.0,2.0,2.0,-8.0,4,,,,,,
2025060405,20250915,1,月,中山,2,1,1.0,1.0,1.0,-30.0,0.0,0.0,0.0,0.0,0.0,1,2.0,2.0,2.0,-13.0,4,,,,,,
2025090405,20250915,2,月,阪神,2,1,1.0,1.0,1.0,-35.0,0.0,0.0,0.0,0.0,0.0,1,2.0,2.0,2.0,-8.0,4,,,,,,
2025060406,20250920,1,土,中山,2,1,1.0,1.0,1.0,-30.0,0.0,0.0,0.0,0.0,0.0,2,2.0,2.0,2.0,-19.0,4,,,,,,
2025090406,20250920,2,土,阪神,2,1,1.0,1.0,1.0,-28.0,0.0,0.0,0.0,0.0,0.0,1,2.0,2.0,2.0,-10.0,4,,,,,,
2025060407,20250921,1,日,中山,1,1,1.0,1.0,1.0,-30.0,0.0,0.0,0.0,0.0,0.0,1,2.0,2.0,2.0,-15.0,4,,,,,,
2025090407,20250921,2,日,阪神,2,1,1.0,1.0,1.0,-28.0,0.0,0.0,0.0,0.0,0.0,1,2.0,2.0,2.0,-12.0,4,,,,,,
2025060408,20250927,1,土,中山,1,1,1.0,1.0,1.0,-25.0,0.0,0.0,0.0,0.0,0.0,1,2.0,2.0,2.0,-13.0,4,,,,,,
2025090408,20250927,2,土,阪神,1,1,2.0,1.0,1.0,-28.0,1.0,0.0,0.0,0.0,0.0,1,2.0,2.0,2.0,-10.0,4,,,,,,
2025060409,20250928,1,日,中山,2,1,1.0,1.0,1.0,-25.0,0.0,0.0,0.0,0.0,0.0,1,2.0,2.0,2.0,-13.0,4,,,,,,
2025090409,20250928,2,日,阪神,1,1,2.0,1.0,1.0,-28.0,1.0,0.0,0.0,0.0,0.0,1,2.0,2.0,2.0,-10.0,4,,,,,,
2025050401,20251004,1,土,東京,2,1,1.0,1.0,1.0,-28.0,-1.0,-1.0,0.0,0.0,0.0,1,2.0,2.0,2.0,-14.0,4,,,,,,
2025080301,20251004,2,土,京都,4,2,1.0,1.0,1.0,-19.0,-1.0,-1.0,0.0,0.0,0.0,2,2.0,2.0,2.0,-16.0,4,,,,,,
2025050402,20251005,1,日,東京,1,1,1.0,1.0,1.0,-28.0,-1.0,-1.0,0.0,0.0,0.0,1,2.0,2.0,2.0,-14.0,4,,,,,,
2025080302,20251005,2,日,京都,2,1,1.0,1.0,1.0,-25.0,-1.0,-1.0,0.0,0.0,0.0,2,2.0,2.0,2.0,-16.0,4,,,,,,
2025050403,20251011,1,土,東京,2,1,1.0,1.0,1.0,-30.0,0.0,0.0,0.0,0.0,0.0,1,2.0,2.0,2.0,-10.0,4,,,,,,
2025080303,20251011,2,土,京都,2,1,2.0,1.0,1.0,-25.0,1.0,0.0,0.0,0.0,0.0,1,2.0,2.0,2.0,-10.0,4,,,,,,
2025050404,20251012,1,日,東京,1,1,1.0,1.0,1.0,-30.0,0.0,0.0,0.0,0.0,0.0,1,2.0,2.0,2.0,-10.0,4,,,,,,
2025080304,20251012,2,日,京都,2,1,2.0,1.0,1.0,-25.0,1.0,0.0,0.0,0.0,0.0,1,2.0,2.0,2.0,-10.0,4,,,,,,
2025050405,20251013,1,月,東京,2,1,1.0,1.0,1.0,-30.0,0.0,0.0,0.0,0.0,0.0,1,2.0,2.0,2.0,-10.0,4,,,,,,
2025080305,20251013,2,月,京都,1,1,2.0,1.0,1.0,-25.0,1.0,0.0,0.0,0.0,0.0,1,2.0,2.0,2.0,-10.0,4,,,,,,
2025040401,20251018,3,土,新潟,2,1,2.0,1.0,1.0,-15.0,0.0,0.0,0.0,0.0,0.0,1,2.0,2.0,2.0,-13.0,4,,,,,,
2025050406,20251018,1,土,東京,1,1,1.0,1.0,1.0,-30.0,0.0,0.0,0.0,0.0,0.0,1,2.0,2.0,2.0,-10.0,4,,,,,,
2025080306,20251018,2,土,京都,2,1,2.0,1.0,1.0,-25.0,1.0,0.0,0.0,0.0,0.0,1,2.0,2.0,2.0,-10.0,4,,,,,,
2025040402,20251019,3,日,新潟,2,1,2.0,1.0,1.0,-15.0,0.0,0.0,0.0,0.0,0.0,1,2.0,2.0,2.0,-13.0,4,,,,,,
2025050407,20251019,1,日,東京,2,1,1.0,1.0,1.0,-30.0,0.0,0.0,0.0,0.0,0.0,1,2.0,2.0,2.0,-10.0,4,,,,,,
2025080307,20251019,2,日,京都,1,1,2.0,1.0,1.0,-25.0,1.0,0.0,0.0,0.0,0.0,1,2.0,2.0,2.0,-10.0,4,,,,,,
2025040403,20251025,3,土,新潟,2,1,2.0,1.0,1.0,-10.0,0.0,0.0,0.0,0.0,0.0,1,2.0,2.0,2.0,-13.0,4,,,,,,
2025050408,20251025,1,土,東京,2,1,2.0,1.0,1.0,-30.0,1.0,0.0,0.0,0.0,0.0,1,2.0,2.0,2.0,-10.0,4,,,,,,
2025080308,20251025,2,土,京都,2,1,2.0,1.0,1.0,-25.0,1.0,0.0,0.0,0.0,0.0,1,2.0,2.0,2.0,-10.0,4,,,,,,
2025040404,20251026,3,日,新潟,4,1,2.0,1.0,1.0,-10.0,0.0,0.0,0.0,0.0,0.0,2,2.0,2.0,2.0,-16.0,4,,,,,,
2025050409,20251026,1,日,東京,4,3,2.0,1.0,1.0,-10.0,1.0,0.0,0.0,0.0,0.0,4,2.0,2.0,2.0,-21.0,4,,,,,,
2025080309,20251026,2,日,京都,4,2,2.0,1.0,1.0,-14.0,1.0,0.0,0.0,0.0,0.0,2,2.0,2.0,2.0,-10.0,4,,,,,,
2025050410,20251101,1,土,東京,1,1,1.0,1.0,1.0,-25.0,0.0,0.0,0.0,0.0,0.0,2,2.0,2.0,2.0,-15.0,4,,,,,,
2025080310,20251101,2,土,京都,1,1,2.0,1.0,1.0,-20.0,1.0,0.0,0.0,0.0,0.0,2,2.0,2.0,2.0,-10.0,4,,,,,,
2025050411,20251102,1,日,東京,1,1,1.0,1.0,1.0,-25.0,0.0,0.0,0.0,0.0,0.0,1,2.0,2.0,2.0,-8.0,4,,,,,,
2025080311,20251102,2,日,京都,1,1,2.0,1.0,1.0,-20.0,1.0,0.0,0.0,0.0,0.0,1,2.0,2.0,2.0,-10.0,4,,,,,,
2025030301,20251108,3,土,福島,1,1,1.0,1.0,1.0,-24.0,-1.0,-1.0,0.0,0.0,0.0,1,2.0,2.0,2.0,-10.0,4,,,,,,
2025050501,20251108,1,土,東京,1,1,2.0,1.0,1.0,-27.0,1.0,0.0,0.0,0.0,0.0,1,2.0,2.0,2.0,-8.0,4,,,,,,
2025080401,20251108,2,土,京都,1,1,2.0,2.0,1.0,-20.0,2.0,1.0,1.0,0.0,0.0,1,2.0,2.0,2.0,-10.0,4,,,,,,
2025030302,20251109,3,日,福島,2,1,1.0,1.0,1.0,-24.0,-1.0,-1.0,0.0,0.0,0.0,1,2.0,2.0,2.0,-10.0,4,,,,,,
2025050502,20251109,1,日,東京,2,1,2.0,1.0,1.0,-27.0,1.0,0.0,0.0,0.0,0.0,1,2.0,2.0,2.0,-8.0,4,,,,,,
2025080402,20251109,2,日,京都,4,3,2.0,2.0,1.0,-10.0,2.0,1.0,1.0,0.0,0.0,3,2.0,2.0,2.0,-17.0,4,,,,,,
2025030303,20251115,3,土,福島,1,1,1.0,1.0,1.0,-24.0,-1.0,-1.0,0.0,0.0,0.0,1,2.0,2.0,2.0,-10.0,4,,,,,,
2025050503,20251115,1,土,東京,1,1,2.0,1.0,1.0,-27.0,1.0,0.0,0.0,0.0,0.0,1,2.0,2.0,2.0,-8.0,4,,,,,,
2025080403,20251115,2,土,京都,1,1,2.0,2.0,1.0,-26.0,2.0,1.0,1.0,0.0,0.0,1,2.0,2.0,2.0,-10.0,4,,,,,,
2025030304,20251116,3,日,福島,1,1,1.0,1.0,1.0,-24.0,-1.0,-1.0,0.0,0.0,0.0,1,2.0,2.0,2.0,-10.0,4,,,,,,
2025050504,20251116,1,日,東京,1,1,2.0,1.0,1.0,-27.0,1.0,0.0,0.0,0.0,0.0,1,2.0,2.0,2.0,-8.0,4,,,,,,
2025080404,20251116,2,日,京都,1,1,2.0,2.0,1.0,-26.0,2.0,1.0,1.0,0.0,0.0,1,2.0,2.0,2.0,-10.0,4,,,,,,
2025030305,20251122,3,土,福島,1,1,3.0,2.0,1.0,-18.0,2.0,1.0,0.0,0.0,0.0,1,2.0,2.0,2.0,-10.0,4,,,,,,
2025080405,20251122,2,土,京都,1,1,3.0,2.0,1.0,-21.0,2.0,1.0,0.0,0.0,0.0,1,2.0,2.0,2.0,-10.0,4,,,,,,
2025050505,20251123,1,日,東京,1,1,1.0,1.0,1.0,-28.0,0.0,0.0,0.0,0.0,0.0,1,2.0,2.0,2.0,-10.0,4,,,,,,
2025080406,20251123,2,日,京都,1,1,3.0,2.0,1.0,-21.0,2.0,1.0,0.0,0.0,0.0,1,2.0,2.0,2.0,-10.0,4,,,,,,
2025030306,20251124,3,月,福島,1,1,3.0,2.0,1.0,-18.0,2.0,1.0,0.0,0.0,0.0,1,2.0,2.0,2.0,-10.0,4,,,,,,
2025050506,20251124,1,月,東京,1,1,1.0,1.0,1.0,-28.0,0.0,0.0,0.0,0.0,0.0,1,2.0,2.0,2.0,-10.0,4,,,,,,
2025050507,20251129,1,土,東京,1,1,3.0,2.0,1.0,-30.0,2.0,1.0,0.0,0.0,0.0,1,2.0,2.0,2.0,-10.0,4,,,,,,
2025080407,20251129,2,土,京都,1,1,3.0,2.0,1.0,-21.0,2.0,1.0,0.0,0.0,0.0,1,2.0,2.0,2.0,-8.0,4,,,,,,
2025050508,20251130,1,日,東京,1,1,3.0,2.0,1.0,-30.0,2.0,1.0,0.0,0.0,0.0,1,2.0,2.0,2.0,-10.0,4,,,,,,
2025080408,20251130,2,日,京都,1,1,3.0,2.0,1.0,-21.0,2.0,1.0,0.0,0.0,0.0,1,2.0,2.0,2.0,-8.0,4,,,,,,
2025060501,20251206,1,土,中山,1,1,1.0,1.0,1.0,-31.0,-1.0,-1.0,0.0,0.0,0.0,1,2.0,2.0,2.0,-14.0,4,,,,,,
2025070501,20251206,3,土,中京,1,1,1.0,1.0,1.0,-35.0,-1.0,-1.0,0.0,0.0,0.0,1,2.0,2.0,2.0,-10.0,4,,,,,,
2025090501,20251206,2,土,阪神,1,1,1.0,1.0,1.0,-35.0,-1.0,-1.0,0.0,0.0,0.0,1,2.0,2.0,2.0,-10.0,4,,,,,,
2025060502,20251207,1,日,中山,2,1,1.0,1.0,1.0,-31.0,-1.0,-1.0,0.0,0.0,0.0,1,2.0,2.0,2.0,-14.0,4,,,,,,
2025070502,20251207,3,日,中京,1,1,1.0,1.0,1.0,-35.0,-1.0,-1.0,0.0,0.0,0.0,1,2.0,2.0,2.0,-10.0,4,,,,,,
2025090502,20251207,2,日,阪神,1,1,1.0,1.0,1.0,-35.0,-1.0,-1.0,0.0,0.0,0.0,1,2.0,2.0,2.0,-10.0,4,,,,,,
2025060503,20251213,1,土,中山,1,1,1.0,1.0,1.0,-24.0,0.0,0.0,0.0,0.0,0.0,1,2.0,2.0,2.0,-14.0,4,,,,,,
2025070503,20251213,3,土,中京,2,1,1.0,1.0,1.0,-24.0,0.0,0.0,0.0,0.0,0.0,1,2.0,2.0,2.0,-8.0,4,,,,,,
2025090503,20251213,2,土,阪神,1,1,1.0,1.0,1.0,-30.0,0.0,0.0,0.0,0.0,0.0,1,2.0,2.0,2.0,-8.0,4,,,,,,
2025060504,20251214,1,日,中山,2,1,1.0,1.0,1.0,-24.0,0.0,0.0,0.0,0.0,0.0,1,2.0,2.0,2.0,-14.0,4,,,,,,
2025070504,20251214,3,日,中京,1,1,1.0,1.0,1.0,-24.0,0.0,0.0,0.0,0.0,0.0,1,2.0,2.0,2.0,-8.0,4,,,,,,
2025090504,20251214,2,日,阪神,1,1,1.0,1.0,1.0,-30.0,0.0,0.0,0.0,0.0,0.0,1,2.0,2.0,2.0,-8.0,4,,,,,,
2025060505,20251220,1,土,中山,4,1,1.0,1.0,1.0,-20.0,0.0,0.0,0.0,0.0,0.0,1,2.0,2.0,2.0,-12.0,4,,,,,,
2025070505,20251220,3,土,中京,4,2,1.0,1.0,1.0,-20.0,0.0,0.0,0.0,0.0,0.0,2,2.0,2.0,2.0,-10.0,4,,,,,,
2025090505,20251220,2,土,阪神,1,1,2.0,1.0,1.0,-25.0,1.0,0.0,0.0,0.0,0.0,1,2.0,2.0,2.0,-10.0,4,,,,,,
2025060506,20251221,1,日,中山,4,2,1.0,1.0,1.0,-10.0,0.0,0.0,0.0,0.0,0.0,3,2.0,2.0,2.0,-17.0,4,,,,,,
2025070506,20251221,3,日,中京,2,2,1.0,1.0,1.0,-20.0,0.0,0.0,0.0,0.0,0.0,2,2.0,2.0,2.0,-10.0,4,,,,,,
2025090506,20251221,2,日,阪神,4,3,2.0,1.0,1.0,-15.0,1.0,0.0,0.0,0.0,0.0,3,2.0,2.0,2.0,-14.0,4,,,,,,
2025060507,20251227,1,土,中山,1,1,3.0,2.0,1.0,-22.0,2.0,1.0,0.0,0.0,0.0,1,2.0,2.0,2.0,-12.0,4,,,,,,
2025090507,20251227,2,土,阪神,1,1,2.0,1.0,1.0,-25.0,1.0,0.0,0.0,0.0,0.0,1,2.0,2.0,2.0,-10.0,4,,,,,,
2025060508,20251228,1,日,中山,1,1,3.0,2.0,1.0,-22.0,2.0,1.0,0.0,0.0,0.0,1,2.0,2.0,2.0,-12.0,4,,,,,,
2025090508,20251228,2,日,阪神,1,1,2.0,1.0,1.0,-25.0,1.0,0.0,0.0,0.0,0.0,1,2.0,2.0,2.0,-10.0,4,,,,,,
2026060101,20260104,1,日,中山,1,1,3.0,2.0,1.0,-18.0,2.0,1.0,0.0,0.0,0.0,1,2.0,2.0,2.0,-8.0,4,,,,,,
2026080101,20260104,2,日,京都,1,1,1.0,1.0,1.0,-25.0,-1.0,-1.0,0.0,0.0,0.0,1,2.0,2.0,2.0,-8.0,4,,,,,,
2026060102,20260105,1,月,中山,1,1,3.0,2.0,1.0,-18.0,2.0,1.0,0.0,0.0,0.0,1,2.0,2.0,2.0,-8.0,4,,,,,,
2026080102,20260105,2,月,京都,2,1,1.0,1.0,1.0,-25.0,-1.0,-1.0,0.0,0.0,0.0,1,2.0,2.0,2.0,-8.0,4,,,,,,
2026060103,20260110,1,土,中山,1,1,3.0,2.0,1.0,-18.0,1.0,0.0,0.0,0.0,0.0,1,2.0,2.0,2.0,-10.0,4,,,,,,
2026080103,20260110,2,土,京都,1,1,3.0,2.0,2.0,-15.0,2.0,1.0,0.0,0.0,0.0,1,2.0,2.0,2.0,-8.0,4,,,,,,
2026060104,20260111,1,日,中山,1,1,3.0,2.0,1.0,-18.0,2.0,1.0,0.0,0.0,0.0,1,2.0,2.0,2.0,-10.0,4,,,,,,
2026080104,20260111,2,日,京都,1,1,1.0,1.0,1.0,-15.0,2.0,1.0,0.0,0.0,0.0,1,2.0,2.0,2.0,-8.0,4,,,,,,
2026060105,20260112,1,月,中山,1,1,3.0,2.0,1.0,-18.0,1.0,0.0,0.0,0.0,0.0,1,2.0,2.0,2.0,-10.0,4,,,,,,
2026080105,20260112,2,月,京都,1,1,3.0,2.0,1.0,-15.0,2.0,1.0,0.0,0.0,0.0,1,2.0,2.0,2.0,-8.0,4,,,,,,
2026060106,20260117,1,土,中山,1,1,3.0,2.0,1.0,-24.0,2.0,1.0,0.0,0.0,0.0,1,2.0,2.0,2.0,-10.0,4,,,,,,
2026080106,20260117,2,土,京都,1,1,3.0,2.0,2.0,-14.0,2.0,1.0,0.0,0.0,0.0,1,2.0,2.0,2.0,-3.0,4,,,,,,
2026060107,20260118,1,日,中山,1,1,3.0,2.0,1.0,-24.0,2.0,1.0,0.0,0.0,0.0,1,2.0,2.0,2.0,-10.0,4,,,,,,
2026080107,20260118,2,日,京都,1,1,3.0,2.0,2.0,-14.0,2.0,1.0,0.0,0.0,0.0,1,2.0,2.0,2.0,-3.0,4,,,,,,
2026060108,20260124,1,土,中山,1,1,4.0,2.0,1.0,-24.0,3.0,1.0,0.0,0.0,0.0,1,2.0,2.0,2.0,-10.0,4,,,,,,
2026080108,20260124,2,土,京都,2,1,4.0,3.0,2.0,-16.0,3.0,2.0,1.0,0.0,0.0,1,2.0,2.0,2.0,-4.0,4,,,,,,
2026100101,20260124,3,土,小倉,2,1,1.0,1.0,1.0,-23.0,-1.0,-1.0,0.0,0.0,0.0,1,2.0,2.0,2.0,-10.0,4,,,,,,
2026060109,20260125,1,日,中山,1,1,4.0,2.0,1.0,-24.0,3.0,1.0,0.0,0.0,0.0,1,2.0,2.0,2.0,-10.0,4,,,,,,
2026080109,20260125,2,日,京都,2,1,4.0,3.0,2.0,-16.0,3.0,2.0,1.0,0.0,0.0,1,2.0,2.0,2.0,-4.0,4,,,,,,
2026100102,20260125,3,日,小倉,1,1,1.0,1.0,1.0,-23.0,-1.0,-1.0,0.0,0.0,0.0,1,2.0,2.0,2.0,-10.0,4,,,,,,
2026050101,20260131,1,土,東京,1,1,1.0,1.0,1.0,-28.0,-1.0,1.0,0.0,0.0,0.0,1,2.0,2.0,2.0,-8.0,4,,,,,,
2026080201,20260131,2,土,京都,2,1,3.0,2.0,2.0,-16.0,2.0,1.0,0.0,0.0,0.0,1,2.0,2.0,2.0,-4.0,4,,,,,,
2026100103,20260131,3,土,小倉,1,1,1.0,1.0,1.0,-28.0,0.0,0.0,0.0,0.0,0.0,1,2.0,2.0,2.0,-12.0,4,,,,,,
2026050102,20260201,1,日,東京,1,1,1.0,1.0,1.0,-28.0,-1.0,-1.0,0.0,0.0,0.0,1,2.0,2.0,2.0,-8.0,4,,,,,,
2026080202,20260201,2,日,京都,2,1,3.0,2.0,2.0,-16.0,2.0,1.0,0.0,0.0,0.0,1,2.0,2.0,2.0,-4.0,4,,,,,,
2026100104,20260201,3,日,小倉,2,1,1.0,1.0,1.0,-23.0,0.0,0.0,0.0,0.0,0.0,1,2.0,2.0,2.0,-10.0,4,,,,,,
2026050103,20260207,1,土,東京,6,2,2.0,1.0,1.0,-24.0,1.0,0.0,0.0,0.0,0.0,2,2.0,2.0,2.0,-15.0,4,,,,,,
2026080203,20260207,2,土,京都,2,1,3.0,2.0,2.0,-16.0,2.0,1.0,0.0,0.0,0.0,1,2.0,2.0,2.0,-6.0,4,,,,,,
2026100105,20260207,3,土,小倉,1,1,2.0,1.0,1.0,-28.0,1.0,1.0,0.0,0.0,0.0,1,2.0,2.0,2.0,-10.0,4,,,,,,
2026100106,20260208,3,日,小倉,6,2,2.0,1.0,1.0,-11.0,1.0,1.0,0.0,0.0,0.0,3,2.0,2.0,2.0,-24.0,4,,,,,,
2026050104,20260210,1,火,東京,1,1,2.0,1.0,1.0,-30.0,1.0,0.0,0.0,0.0,0.0,2,2.0,2.0,2.0,-20.0,4,,,,,,
2026080204,20260210,2,火,京都,2,2,3.0,2.0,2.0,-8.0,2.0,1.0,0.0,0.0,0.0,3,2.0,2.0,2.0,-16.0,4,,,,,,
2026050105,20260214,1,土,東京,1,1,2.0,1.0,1.0,-25.0,1.0,1.0,0.0,0.0,0.0,1,2.0,2.0,2.0,-10.0,4,,,,,,
2026080205,20260214,2,土,京都,1,1,3.0,2.0,2.0,-20.0,2.0,1.0,0.0,0.0,0.0,1,2.0,2.0,2.0,-6.0,4,,,,,,
2026100107,20260214,3,土,小倉,2,1,2.0,1.0,1.0,-18.0,1.0,0.0,0.0,0.0,0.0,1,2.0,2.0,2.0,-7.0,4,,,,,,
2026050106,20260215,1,日,東京,1,1,2.0,1.0,1.0,-25.0,1.0,1.0,0.0,0.0,0.0,1,2.0,2.0,2.0,-10.0,4,,,,,,
2026080206,20260215,2,日,京都,1,1,3.0,2.0,2.0,-20.0,2.0,1.0,0.0,0.0,0.0,1,2.0,2.0,2.0,-6.0,4,,,,,,
2026100108,20260215,3,日,小倉,2,1,2.0,1.0,1.0,-18.0,1.0,0.0,0.0,0.0,0.0,2,2.0,2.0,2.0,-12.0,4,,,,,,
2026050107,20260221,1,土,東京,1,1,3.0,2.0,1.0,-25.0,2.0,1.0,0.0,0.0,0.0,1,2.0,2.0,2.0,-10.0,4,,,,,,
2026090101,20260221,2,土,阪神,1,1,1.0,1.0,1.0,-30.0,-1.0,-1.0,0.0,0.0,0.0,1,2.0,2.0,2.0,-8.0,4,,,,,,
2026100109,20260221,3,土,小倉,1,1,3.0,2.0,1.0,-18.0,2.0,1.0,0.0,0.0,0.0,1,2.0,2.0,2.0,-7.0,4,,,,,,
2026050108,20260222,1,日,東京,1,1,3.0,2.0,1.0,-25.0,2.0,1.0,0.0,0.0,0.0,1,2.0,2.0,2.0,-10.0,4,,,,,,
2026090102,20260222,2,日,阪神,1,1,1.0,1.0,1.0,-30.0,-1.0,-1.0,0.0,0.0,0.0,1,2.0,2.0,2.0,-8.0,4,,,,,,
2026100110,20260222,3,日,小倉,1,1,3.0,2.0,1.0,-18.0,2.0,1.0,0.0,0.0,0.0,2,2.0,2.0,2.0,-12.0,4,,,,,,
2026060201,20260228,1,土,中山,1,1,1.0,1.0,1.0,-25.0,0.0,0.0,0.0,0.0,0.0,2,2.0,2.0,2.0,-12.0,4,,,,,,
2026090103,20260228,2,土,阪神,2,1,1.0,1.0,1.0,-26.0,0.0,0.0,0.0,0.0,0.0,1,2.0,2.0,2.0,-8.0,4,,,,,,
2026100111,20260228,3,土,小倉,1,1,4.0,3.0,2.0,-18.0,3.0,2.0,1.0,0.0,0.0,2,2.0,2.0,2.0,-18.0,4,,,,,,
2026060202,20260301,1,日,中山,1,1,1.0,1.0,1.0,-25.0,0.0,0.0,0.0,0.0,0.0,1,2.0,2.0,2.0,-10.0,4,,,,,,
2026090104,20260301,2,日,阪神,1,1,1.0,1.0,1.0,-26.0,0.0,0.0,0.0,0.0,0.0,1,2.0,2.0,2.0,-8.0,4,,,,,,
2026100112,20260301,3,日,小倉,1,1,4.0,3.0,2.0,-18.0,3.0,2.0,1.0,0.0,0.0,1,2.0,2.0,2.0,-8.0,4,,,,,,
2026060203,20260307,1,土,中山,1,1,1.0,1.0,1.0,-25.0,0.0,0.0,0.0,0.0,0.0,2,2.0,2.0,2.0,-12.0,4,,,,,,
2026090105,20260307,2,土,阪神,2,1,1.0,1.0,1.0,-24.0,0.0,0.0,0.0,0.0,0.0,1,2.0,2.0,2.0,-8.0,4,,,,,,
2026060204,20260308,1,日,中山,1,1,1.0,1.0,1.0,-25.0,0.0,0.0,0.0,0.0,0.0,1,2.0,2.0,2.0,-10.0,4,,,,,,
2026090106,20260308,2,日,阪神,1,1,1.0,1.0,1.0,-24.0,0.0,0.0,0.0,0.0,0.0,1,2.0,2.0,2.0,-8.0,4,,,,,,
2026060205,20260314,1,土,中山,1,1,2.0,1.0,1.0,-20.0,1.0,0.0,0.0,0.0,0.0,1,2.0,2.0,2.0,-10.0,4,,,,,,
2026070101,20260314,3,土,中京,1,1,1.0,1.0,1.0,-30.0,-1.0,0.0,0.0,0.0,0.0,1,2.0,2.0,2.0,-10.0,4,,,,,,
2026090107,20260314,2,土,阪神,1,1,1.0,1.0,1.0,-24.0,0.0,0.0,0.0,0.0,0.0,1,2.0,2.0,2.0,-8.0,4,,,,,,
2026060206,20260315,1,日,中山,1,1,2.0,1.0,1.0,-20.0,1.0,0.0,0.0,0.0,0.0,1,2.0,2.0,2.0,-10.0,4,,,,,,
2026070102,20260315,3,日,中京,1,1,1.0,1.0,1.0,-30.0,-1.0,0.0,0.0,0.0,0.0,1,2.0,2.0,2.0,-10.0,4,,,,,,
2026090108,20260315,2,日,阪神,1,1,1.0,1.0,1.0,-24.0,0.0,0.0,0.0,0.0,0.0,1,2.0,2.0,2.0,-8.0,4,,,,,,
2026060207,20260321,1,土,中山,1,1,3.0,2.0,1.0,-20.0,2.0,1.0,0.0,0.0,0.0,1,2.0,2.0,2.0,-10.0,4,,,,,,
2026070103,20260321,3,土,中京,1,1,1.0,1.0,1.0,-26.0,0.0,0.0,0.0,0.0,0.0,1,2.0,2.0,2.0,-10.0,4,,,,,,
2026090109,20260321,2,土,阪神,1,1,1.0,1.0,1.0,-24.0,0.0,0.0,0.0,0.0,0.0,1,2.0,2.0,2.0,-8.0,4,,,,,,
2026060208,20260322,1,日,中山,2,1,3.0,2.0,1.0,-20.0,2.0,1.0,0.0,0.0,0.0,1,2.0,2.0,2.0,-10.0,4,,,,,,
2026070104,20260322,3,日,中京,2,1,1.0,1.0,1.0,-26.0,0.0,0.0,0.0,0.0,0.0,1,2.0,2.0,2.0,-10.0,4,,,,,,
2026090110,20260322,2,日,阪神,2,1,1.0,1.0,1.0,-24.0,0.0,0.0,0.0,0.0,0.0,1,2.0,2.0,2.0,-8.0,4,,,,,,
2026060301,20260328,1,土,中山,1,1,3.0,2.0,1.0,-20.0,2.0,1.0,0.0,0.0,0.0,2,2.0,2.0,2.0,-12.0,4,,,,,,
2026070105,20260328,3,土,中京,1,1,3.0,1.0,1.0,-25.0,2.0,0.0,0.0,0.0,0.0,1,2.0,2.0,2.0,-6.0,4,,,,,,
2026090201,20260328,2,土,阪神,1,1,1.0,1.0,1.0,-22.0,0.0,0.0,0.0,0.0,0.0,1,2.0,2.0,2.0,-7.0,4,,,,,,
2026060302,20260329,1,日,中山,1,1,3.0,2.0,1.0,-20.0,2.0,1.0,0.0,0.0,0.0,1,2.0,2.0,2.0,-10.0,4,,,,,,
2026070106,20260329,3,日,中京,1,1,3.0,1.0,1.0,-25.0,2.0,0.0,0.0,0.0,0.0,1,2.0,2.0,2.0,-6.0,4,,,,,,
2026090202,20260329,2,日,阪神,1,1,1.0,1.0,1.0,-22.0,0.0,0.0,0.0,0.0,0.0,1,2.0,2.0,2.0,-7.0,4,,,,,,
2026060303,20260404,1,土,中山,,,,,,0.0,0.0,0.0,0.0,0.0,0.0,,,,,0.0,1,,,,,,
2026090203,20260404,2,土,阪神,,,,,,0.0,0.0,0.0,0.0,0.0,0.0,,,,,0.0,1,,,,,,
2026060304,20260405,1,日,中山,,,,,,0.0,0.0,0.0,0.0,0.0,0.0,,,,,0.0,1,,,,,,
2026090204,20260405,2,日,阪神,,,,,,0.0,0.0,0.0,0.0,0.0,0.0,,,,,0.0,1,,,,,,
