race_id,category,horses
202501010101,能力,2ハルヒ3ショウ4ファニタイム指数へ
202501010101,上昇度,3ショウ6ナムラ7カンレ調子偏差値へ
202501010102,能力,2タイセ7コッコ9エンジタイム指数へ
202501010102,上昇度,1ユウグ8サツキ9エンジ調子偏差値へ
202501010103,能力,3ベイビ5オオタ12ディアタイム指数へ
202501010103,上昇度,1ニッシ11ファジ12ディア調子偏差値へ
202501010104,能力,8シンヒ9リリー14ワタシタイム指数へ
202501010104,上昇度,4エピフ5ブリス12レフレ調子偏差値へ
202501010106,能力,2ラウニ3コスモ5ドゥラタイム指数へ
202501010106,上昇度,1タイキ11デルマ12フィエ調子偏差値へ
202501010107,能力,1ラセー3カルミ7ジャグタイム指数へ
202501010107,上昇度,1ラセー6シャイ7ジャグ調子偏差値へ
202501010108,能力,1マイバ2ショウ5キングタイム指数へ
202501010108,上昇度,2ショウ4マイネ5キング調子偏差値へ
202501010109,能力,7ロスト11ショウ13ウォータイム指数へ
202501010109,上昇度,3オメガ9コスモ13ウォー調子偏差値へ
202501010110,能力,3デルマ7ハイラ8ヴァイタイム指数へ
202501010110,上昇度,6スピー10コルデ12ウイン調子偏差値へ
202501010111,能力,7トウカ8シュヴ10エマヌタイム指数へ
202501010111,上昇度,1ルーフ4マキア11ソノマ調子偏差値へ
202501010112,能力,6アセレ8バニシ10ワイドタイム指数へ
202501010112,上昇度,3コスモ4ウイン11ラオラ調子偏差値へ
202501010201,能力,2ミサビ4ユージ11スマータイム指数へ
202501010201,上昇度,8サンダ9オルミ11スマー調子偏差値へ
202501010202,能力,8ハーフ12ダーク13スピリタイム指数へ
202501010202,上昇度,4エクラ6ベルシ10ユキノ調子偏差値へ
202501010203,能力,3カフェ10タイキ11オンクタイム指数へ
202501010203,上昇度,11オンク12ルグラ14ミユン調子偏差値へ
202501010204,能力,2ディア4サイモ5ヨヒータイム指数へ
202501010204,上昇度,1ピティ3トルス5ヨヒー調子偏差値へ
202501010206,能力,1ジャス4ペレグ6エコロタイム指数へ
202501010206,上昇度,1ジャス7セイゲ8アスク調子偏差値へ
202501010207,能力,2セージ8サンキ12カポレタイム指数へ
202501010207,上昇度,2セージ3ルージ9ガール調子偏差値へ
202501010208,能力,3ダーク7イリス8ドーギタイム指数へ
202501010208,上昇度,1スモー2コンド3ダーク調子偏差値へ
202501010209,能力,2エフォ3ルクス9ヴァイタイム指数へ
202501010209,上昇度,2エフォ5ルナル6セイウ調子偏差値へ
202501010210,能力,2ラタフ5タンゴ7グラウタイム指数へ
202501010210,上昇度,1アスク2ラタフ5タンゴ調子偏差値へ
202501010211,能力,2マイネ6フルー10ミステタイム指数へ
202501010211,上昇度,1アドマ2マイネ6フルー調子偏差値へ
202501010212,能力,3マイネ5ビーナ6ヨウシタイム指数へ
202501010212,上昇度,1ステラ5ビーナ6ヨウシ調子偏差値へ
202501010301,能力,4ジャス5ヴィラ8チェンタイム指数へ
202501010301,上昇度,1ソルプ3アイム4ジャス調子偏差値へ
202501010302,能力,7オンサ10ステラ12アンノタイム指数へ
202501010302,上昇度,8カービ9デルタ10ステラ調子偏差値へ
202501010303,能力,2ラルフ3マイネ11トリプタイム指数へ
202501010303,上昇度,2ラルフ5ジーテ10マンボ調子偏差値へ
202501010304,能力,3ストレ14ロパシ16バトラタイム指数へ
202501010304,上昇度,5ヴァン11トリフ15シカレ調子偏差値へ
202501010306,能力,2ミニョ3サウン6ミルフタイム指数へ
202501010306,上昇度,1アース2ミニョ3サウン調子偏差値へ
202501010307,能力,4スピン6ハニー10シンゼタイム指数へ
202501010307,上昇度,2コンフ5モアリ10シンゼ調子偏差値へ
202501010308,能力,1グレイ6シーリ8リアラタイム指数へ
202501010308,上昇度,4スノー5スパー7ニシノ調子偏差値へ
202501010309,能力,1テリオ3マジカ6パッシタイム指数へ
202501010309,上昇度,2クイン4テイク6パッシ調子偏差値へ
202501010310,能力,2サクソ8ピンク14ロードタイム指数へ
202501010310,上昇度,9ジェッ10シャイ13リラボ調子偏差値へ
202501010311,能力,5ソリダ12テーオ13エープタイム指数へ
202501010311,上昇度,8ナムラ14フェス16フェミ調子偏差値へ
202501010312,能力,5メイシ7カプラ10サツキタイム指数へ
202501010312,上昇度,3アンブ5メイシ14クォー調子偏差値へ
202501010401,能力,1ドナソ6ワイド9ヴィヒタイム指数へ
202501010401,上昇度,1ドナソ4スノー10プレザ調子偏差値へ
202501010402,能力,2ハッピ3カスバ8ハイゼタイム指数へ
202501010402,上昇度,3カスバ12アニラ13レディ調子偏差値へ
202501010403,能力,1ヒルノ4シャイ16パーフタイム指数へ
202501010403,上昇度,7オラリ8ミルキ12マルテ調子偏差値へ
202501010404,能力,8ザハン12ドバイ14エポカタイム指数へ
202501010404,上昇度,6ダイハ8ザハン14エポカ調子偏差値へ
202501010406,能力,1マンゲ5キュイ13ウインタイム指数へ
202501010406,上昇度,1マンゲ4シャン13ウイン調子偏差値へ
202501010407,能力,2ゴルデ4マクミ5リーゼタイム指数へ
202501010407,上昇度,1マーベ5リーゼ12アイオ調子偏差値へ
202501010408,能力,4イゾレ7ソニッ10フラッタイム指数へ
202501010408,上昇度,4イゾレ5メイシ8ルール調子偏差値へ
202501010409,能力,4モンシ8ボルセ10カンザタイム指数へ
202501010409,上昇度,1メイシ5クーデ6ニルア調子偏差値へ
202501010410,能力,4コーテ8ゴール9ヴァンタイム指数へ
202501010410,上昇度,7ラホー8ゴール10メイケ調子偏差値へ
202501010411,能力,10アルジ11ライラ13クリスタイム指数へ
202501010411,上昇度,2フェア9ビヨン14フィー調子偏差値へ
202501010412,能力,3ペリプ6アルマ7マイフタイム指数へ
202501010412,上昇度,6アルマ7マイフ8ボンド調子偏差値へ
202501010501,能力,3モズプ5マルモ12アニマタイム指数へ
202501010501,上昇度,5マルモ8サザン11ルーセ調子偏差値へ
202501010502,能力,2キタノ13コスモ14ハロータイム指数へ
202501010502,上昇度,3アルマ7ネトル13コスモ調子偏差値へ
202501010503,能力,1アセン12マゴイ16セガンタイム指数へ
202501010503,上昇度,7タイキ15ハーフ16セガン調子偏差値へ
202501010504,能力,1エマー4ドゥマ9ホウオタイム指数へ
202501010504,上昇度,4ドゥマ8ヒシカ9ホウオ調子偏差値へ
202501010506,能力,1メイシ3ドゥラ4ビジュタイム指数へ
202501010506,上昇度,9ブルー10アリス15エオア調子偏差値へ
202501010507,能力,3ビーマ6エコロ9サードタイム指数へ
202501010507,上昇度,6エコロ8アイフ11スパー調子偏差値へ
202501010508,能力,1エンプ4ナリタ5リュミタイム指数へ
202501010508,上昇度,1エンプ4ナリタ11カンカ調子偏差値へ
202501010509,能力,3キング4マイネ8ウインタイム指数へ
202501010509,上昇度,1チャイ6ワオン7ロスト調子偏差値へ
202501010510,能力,3リッチ9サクラ11スピータイム指数へ
202501010510,上昇度,1ルーチ3リッチ9サクラ調子偏差値へ
202501010511,能力,2ミッキ3ドゥラ5マテンタイム指数へ
202501010511,上昇度,7テーオ8ペイシ11ブライ調子偏差値へ
202501010512,能力,2サトノ9エフォ10レッドタイム指数へ
202501010512,上昇度,3アッシ4マリブ10レッド調子偏差値へ
202501010601,能力,2ワンモ6ロード13ニャンタイム指数へ
202501010601,上昇度,1ヴンダ2ワンモ9リフレ調子偏差値へ
202501010602,能力,1タイセ7ダーカ11タッカタイム指数へ
202501010602,上昇度,2ジーク5メイシ9エイシ調子偏差値へ
202501010603,能力,3ストレ5スイー13アルデタイム指数へ
202501010603,上昇度,6ルーメ10サイモ13アルデ調子偏差値へ
202501010604,能力,1メイシ12ジョー13マーウタイム指数へ
202501010604,上昇度,3レッド5ワンダ8ゴール調子偏差値へ
202501010606,能力,3クラシ7キング14ヤマニタイム指数へ
202501010606,上昇度,1ベレー5ブリリ6デンジ調子偏差値へ
202501010607,能力,5ムチャ6スプリ14サンポタイム指数へ
202501010607,上昇度,5ムチャ8エファ15ストレ調子偏差値へ
202501010608,能力,3マシュ7タイヨ9レッドタイム指数へ
202501010608,上昇度,2デルマ6ドーギ9レッド調子偏差値へ
202501010609,能力,1バルナ4トゥル8マイバタイム指数へ
202501010609,上昇度,3リアラ5アオイ9コーラ調子偏差値へ
202501010610,能力,2アルゲ3アニト4ヨウシタイム指数へ
202501010610,上昇度,10アンド12テラス13レッド調子偏差値へ
202501010611,能力,9ゾンニ11フィオ12ジョータイム指数へ
202501010611,上昇度,2ダノン3スリー12ジョー調子偏差値へ
202501010612,能力,5オコタ10タイセ12パフタイム指数へ
202501010612,上昇度,4イムホ10タイセ14コパノ調子偏差値へ
202501010701,能力,2ラシッ3エバー5グロリタイム指数へ
202501010701,上昇度,1ハイラ2ラシッ7クリス調子偏差値へ
202501010702,能力,2ユージ12スマー13カスバタイム指数へ
202501010702,上昇度,6グラン7シャイ11メルヘ調子偏差値へ
202501010703,能力,1ステラ5レイア10ディニタイム指数へ
202501010703,上昇度,2キョウ5レイア11ラピル調子偏差値へ
202501010704,能力,2エピフ11リリー14ラウニタイム指数へ
202501010704,上昇度,10ワタシ12デザー13ペタル調子偏差値へ
202501010706,能力,1メイシ5メイユ14トリプタイム指数へ
202501010706,上昇度,4ブラン6ピンク10ミステ調子偏差値へ
202501010707,能力,1デルマ5ペリプ9テイキタイム指数へ
202501010707,上昇度,1デルマ5ペリプ9テイキ調子偏差値へ
202501010708,能力,2ウォー7ゼロス13レイワタイム指数へ
202501010708,上昇度,3ブレイ12ジュン14ファイ調子偏差値へ
202501010709,能力,2ロイヤ4ブラッ8アスクタイム指数へ
202501010709,上昇度,2ロイヤ4ブラッ8アスク調子偏差値へ
202501010710,能力,5カリー7エルサ12ルージタイム指数へ
202501010710,上昇度,4スムー7エルサ9エスペ調子偏差値へ
202501010711,能力,2ラフエ11レッド12ホウオタイム指数へ
202501010711,上昇度,2ラフエ9クロー12ホウオ調子偏差値へ
202501010712,能力,1ルージ2ツーエ4クモヒタイム指数へ
202501010712,上昇度,1ルージ8マーゴ9ジーテ調子偏差値へ
202501010801,能力,3マーゴ6マスキ10ハルヒタイム指数へ
202501010801,上昇度,1トーセ2ニシノ6マスキ調子偏差値へ
202501010802,能力,2ステイ3マブア11オオタタイム指数へ
202501010802,上昇度,2ステイ3マブア10ケイア調子偏差値へ
202501010803,能力,2アクデ7メイシ12ヤマノタイム指数へ
202501010803,上昇度,1クラン10ブライ15ドルチ調子偏差値へ
202501010804,能力,1マナエ3ビービ12エポカタイム指数へ
202501010804,上昇度,1マナエ3ビービ10ボール調子偏差値へ
202501010806,能力,2ペレグ9セイゲ12ミニョタイム指数へ
202501010806,上昇度,3ミルフ5サイモ8イノキ調子偏差値へ
202501010807,能力,1ルナル5ピコロ14ラヴスタイム指数へ
202501010807,上昇度,2クリー3ヒット14ラヴス調子偏差値へ
202501010808,能力,2ホウオ3サンダ13ローズタイム指数へ
202501010808,上昇度,2ホウオ4ディア5オドラ調子偏差値へ
202501010809,能力,6マジカ9マキシ13ミクスタイム指数へ
202501010809,上昇度,11マイネ13ミクス15カップ調子偏差値へ
202501010810,能力,3カンザ8カウス11ルーラタイム指数へ
202501010810,上昇度,2パール8カウス11ルーラ調子偏差値へ
202501010811,能力,5ホウオ8ステレ12アルナタイム指数へ
202501010811,上昇度,5ホウオ8ステレ14アラタ調子偏差値へ
202501010812,能力,2シュバ8ヴァイ13ダンツタイム指数へ
202501010812,上昇度,2シュバ10シテフ12レイピ調子偏差値へ
202501020101,能力,3カデナ5モズプ8ストロタイム指数へ
202501020101,上昇度,5モズプ6トーセ7ユイノ調子偏差値へ
202501020102,能力,6ハイエ7サツキ11ジョイタイム指数へ
202501020102,上昇度,5タマゴ6ハイエ12グラン調子偏差値へ
202501020103,能力,1グラン3リック5ウインタイム指数へ
202501020103,上昇度,5ウイン7エイシ16ピティ調子偏差値へ
202501020104,能力,9ハッピ11ドバイ12キタノタイム指数へ
202501020104,上昇度,3ニコ5タイキ8ハイク調子偏差値へ
202501020106,能力,3パルテ9トレミ10イリスタイム指数へ
202501020106,上昇度,1サウン10イリス14モルビ調子偏差値へ
202501020107,能力,1バスタ4エフォ9サンウタイム指数へ
202501020107,上昇度,4エフォ11サンピ13シャー調子偏差値へ
202501020108,能力,4ベイラ8ビッグ9リアンタイム指数へ
202501020108,上昇度,2リエー3ピスト8ビッグ調子偏差値へ
202501020109,能力,4エスカ5スター6ストータイム指数へ
202501020109,上昇度,1ベラジ3ディア4エスカ調子偏差値へ
202501020110,能力,4ルシー5ゴール13トーセタイム指数へ
202501020110,上昇度,5ゴール6ジャガ14ハート調子偏差値へ
202501020111,能力,2サムハ8スミ10アイスタイム指数へ
202501020111,上昇度,4パトリ7アスク14フクノ調子偏差値へ
202501020112,能力,1ハミル2リーゼ4レイワタイム指数へ
202501020112,上昇度,4レイワ5ロード7アーロ調子偏差値へ
202501020201,能力,3ハグレ5リフレ13ミヤエタイム指数へ
202501020201,上昇度,7マーゴ9ティブ11ユニゾ調子偏差値へ
202501020202,能力,10マルモ11スミッ12アニマタイム指数へ
202501020202,上昇度,4ロイヤ5オンマ7レッド調子偏差値へ
202501020203,能力,1デルマ3デルマ10ジョータイム指数へ
202501020203,上昇度,3デルマ5テンフ8ロイヤ調子偏差値へ
202501020204,能力,9ドラギ10レイデ14ヤマニタイム指数へ
202501020204,上昇度,7ガスパ9ドラギ13ジャス調子偏差値へ
202501020206,能力,1アレク2セガン15キュイタイム指数へ
202501020206,上昇度,2セガン8アイス12エイシ調子偏差値へ
202501020207,能力,2ラブミ3ディニ4カップタイム指数へ
202501020207,上昇度,6スイッ8ミスタ10モダン調子偏差値へ
202501020208,能力,5シンボ9セージ10エンプタイム指数へ
202501020208,上昇度,2アルマ6ミサビ11ウィン調子偏差値へ
202501020209,能力,5ドーギ7マイバ8シンゼタイム指数へ
202501020209,上昇度,1マイネ6コスモ9サング調子偏差値へ
202501020210,能力,3オコタ6チュウ12カプラタイム指数へ
202501020210,上昇度,4マフィ6チュウ14エイブ調子偏差値へ
202501020211,能力,4エーテ10ウイン14カルロタイム指数へ
202501020211,上昇度,6ペアポ10ウイン16カルプ調子偏差値へ
202501020212,能力,1ピンク2ロード9サクソタイム指数へ
202501020212,上昇度,2ロード9サクソ11トーア調子偏差値へ
202501020301,能力,1リバテ3ノアー4コマチタイム指数へ
202501020301,上昇度,3ノアー4コマチ6アスコ調子偏差値へ
202501020302,能力,2ロイヤ3ノチェ6アッカタイム指数へ
202501020302,上昇度,4ブライ6アッカ7チェイ調子偏差値へ
202501020303,能力,2トリプ4ドルチ11ホウオタイム指数へ
202501020303,上昇度,4ドルチ10シヴァ14セレー調子偏差値へ
202501020304,能力,4エピフ7ペール10ワンダタイム指数へ
202501020304,上昇度,4エピフ5マイネ7ペール調子偏差値へ
202501020306,能力,9ストレ13シカレ16ヤマノタイム指数へ
202501020306,上昇度,1バトラ6ラファ15ラース調子偏差値へ
202501020307,能力,4ショウ7ミニョ8キャリタイム指数へ
202501020307,上昇度,4ショウ7ミニョ10ペレグ調子偏差値へ
202501020308,能力,5コスモ6プチブ9ヴェラタイム指数へ
202501020308,上昇度,5コスモ6プチブ11スズノ調子偏差値へ
202501020309,能力,1ユウフ7スター13ショウタイム指数へ
202501020309,上昇度,8ウチュ12シーグ13ショウ調子偏差値へ
202501020310,能力,5ソムリ8サンド10タイセタイム指数へ
202501020310,上昇度,4オルゴ5ソムリ13ポルポ調子偏差値へ
202501020311,能力,7ショウ9デルマ10ミラータイム指数へ
202501020311,上昇度,7ショウ9デルマ13バニシ調子偏差値へ
202501020312,能力,4サンポ7ザング13ウィンタイム指数へ
202501020312,上昇度,3タマカ7ザング13ウィン調子偏差値へ
202501020401,能力,3ヒッグ8ハネマ10ファニタイム指数へ
202501020401,上昇度,2ディオ3ヒッグ6ジュデ調子偏差値へ
202501020402,能力,2ハロー6ユージ14カスバタイム指数へ
202501020402,上昇度,2ハロー10ラヴァ12ゴール調子偏差値へ
202501020403,能力,1タイセ3ステラ8リュウタイム指数へ
202501020403,上昇度,1タイセ11エレレ12ブラッ調子偏差値へ
202501020404,能力,1アロマ3テンミ4コンスタイム指数へ
202501020404,上昇度,1アロマ5デルマ6コスモ調子偏差値へ
202501020406,能力,7メイシ8サトミ13エルフタイム指数へ
202501020406,上昇度,5カワキ6ヴィー8サトミ調子偏差値へ
202501020407,能力,2ダノン5マイネ7マイネタイム指数へ
202501020407,上昇度,1デリシ2ダノン8セイウ調子偏差値へ
202501020408,能力,8サウン11タイヨ12カポレタイム指数へ
202501020408,上昇度,11タイヨ12カポレ13タマモ調子偏差値へ
202501020409,能力,2ウイン8アルデ11ロットタイム指数へ
202501020409,上昇度,3シャイ11ロット13オロス調子偏差値へ
202501020410,能力,2ゴール11コーテ15ロードタイム指数へ
202501020410,上昇度,1レッド6ニシノ15ロード調子偏差値へ
202501020411,能力,1モンド3ウイン7ラファタイム指数へ
202501020411,上昇度,3ウイン8ブラン10フォル調子偏差値へ
202501020412,能力,2ローズ6ジュン7ザハンタイム指数へ
202501020412,上昇度,4ミッシ7ザハン10エポカ調子偏差値へ
202501020501,能力,3ユニゾ5リピー9ティブタイム指数へ
202501020501,上昇度,4ユウト7ホーリ8テンバ調子偏差値へ
202501020502,能力,7マスキ8ヒッグ10ワイズタイム指数へ
202501020502,上昇度,5シンギ8ヒッグ10ワイズ調子偏差値へ
202501020503,能力,1リュウ2サツキ7シンフタイム指数へ
202501020503,上昇度,3プレイ8ハナヒ12ロアヴ調子偏差値へ
202501020504,能力,2ウイン10アロマ16ドラギタイム指数へ
202501020504,上昇度,2ウイン9ディプ13シャイ調子偏差値へ
202501020506,能力,6ドルチ8シヴァ14ビービタイム指数へ
202501020506,上昇度,3グラン11オキョ13タイセ調子偏差値へ
202501020507,能力,6ユーテ7ミッキ9バレルタイム指数へ
202501020507,上昇度,1クリー3カフェ13ハイタ調子偏差値へ
202501020508,能力,1ルージ10レーヴ13セージタイム指数へ
202501020508,上昇度,2ネトル3ケープ14ユウェ調子偏差値へ
202501020509,能力,1マイネ3ヤコブ6ウインタイム指数へ
202501020509,上昇度,4エンジ12ミステ14グロー調子偏差値へ
202501020510,能力,1スイミ8モジャ14トウカタイム指数へ
202501020510,上昇度,2ハリウ14トウカ16ブライ調子偏差値へ
202501020511,能力,10アーレ11スマー12オブラタイム指数へ
202501020511,上昇度,3ポペッ4ショウ9トーア調子偏差値へ
202501020512,能力,2ベイラ8ローズ12マシュタイム指数へ
202501020512,上昇度,3メイシ11ドバイ12マシュ調子偏差値へ
202501020601,能力,3コルテ4マルモ7グロリタイム指数へ
202501020601,上昇度,2ショウ3コルテ5チェイ調子偏差値へ
202501020602,能力,1ハイラ4アッカ5サントタイム指数へ
202501020602,上昇度,3マリノ4アッカ6コスモ調子偏差値へ
202501020603,能力,1キタノ9ハロー10カスバタイム指数へ
202501020603,上昇度,1キタノ2アンタ7カワキ調子偏差値へ
202501020604,能力,3セガン8タイヨ11シャオタイム指数へ
202501020604,上昇度,6スカイ7ピース14リーサ調子偏差値へ
202501020605,能力,5エンジ6ブレス13ホウオタイム指数へ
202501020605,上昇度,2ジーテ6ブレス10アシャ調子偏差値へ
202501020606,能力,4ハヤテ6キボウ12ナンヨタイム指数へ
202501020606,上昇度,6キボウ7ミッキ12ナンヨ調子偏差値へ
202501020607,能力,2ルージ6ダイヤ9イリスタイム指数へ
202501020607,上昇度,6ダイヤ7コンバ8イズジ調子偏差値へ
202501020608,能力,3カウン9ヒラボ15ブルータイム指数へ
202501020608,上昇度,1ルブリ6ウイン14スネー調子偏差値へ
202501020609,能力,2エイブ4トーセ13チュウタイム指数へ
202501020609,上昇度,5オンザ6メイシ12クリノ調子偏差値へ
202501020610,能力,4ルクス6カテリ12タイキタイム指数へ
202501020610,上昇度,5ショウ6カテリ10エイム調子偏差値へ
202501020611,能力,5キミノ6ゴール7ミステタイム指数へ
202501020611,上昇度,4ニシノ6ゴール10エンド調子偏差値へ
202501020612,能力,2ジュン7ロスト12ピストタイム指数へ
202501020612,上昇度,5スマー8ハイケ13ジョー調子偏差値へ
202502010101,能力,9セゾン12アンビ14ロッキタイム指数へ
202502010101,上昇度,7ラブカ13プレイ16ジョー調子偏差値へ
202502010102,能力,9キタノ11アレー12デルマタイム指数へ
202502010102,上昇度,7テイケ12デルマ14メイシ調子偏差値へ
202502010103,能力,3ニッシ5ゴッド12コッコタイム指数へ
202502010103,上昇度,4クロス5ゴッド11イチト調子偏差値へ
202502010104,能力,2サクラ12アイル13セリオタイム指数へ
202502010104,上昇度,7コンド8レヴァ9ベール調子偏差値へ
202502010106,能力,4コスモ9テーオ13マンオタイム指数へ
202502010106,上昇度,3シュヴ9テーオ12オドラ調子偏差値へ
202502010107,能力,1スウィ12ヒラボ13ナムラタイム指数へ
202502010107,上昇度,7ラセー10ラブデ11オイラ調子偏差値へ
202502010108,能力,1ナンヨ5タッカ8ミッキタイム指数へ
202502010108,上昇度,3カップ7ゲクウ12キャン調子偏差値へ
202502010109,能力,3ロード8マリブ10エイシタイム指数へ
202502010109,上昇度,4サング9ルシタ12スモー調子偏差値へ
202502010110,能力,9ジルバ15アラタ16オルノタイム指数へ
202502010110,上昇度,7リリー10ピンク16オルノ調子偏差値へ
202502010111,能力,1ジュー4カピリ7ナムラタイム指数へ
202502010111,上昇度,1ジュー8ミリア10ジョー調子偏差値へ
202502010112,能力,3ヒヒー6ゴルデ13プラムタイム指数へ
202502010112,上昇度,1シンボ7ブルー14シホノ調子偏差値へ
202502010201,能力,8エムテ10エルサ15ウォータイム指数へ
202502010201,上昇度,2カネト5セイウ11アーク調子偏差値へ
202502010202,能力,5アスク12キタノ14ライフタイム指数へ
202502010202,上昇度,4ブルー11ニホン13ピスト調子偏差値へ
202502010203,能力,4アスゴ5ベルト6バースタイム指数へ
202502010203,上昇度,1セイウ5ベルト8ヒロス調子偏差値へ
202502010204,能力,5オール6ドラギ9リギータイム指数へ
202502010204,上昇度,7ヨヒー8ホウオ10アレグ調子偏差値へ
202502010206,能力,9フィエ11レクス13ペールタイム指数へ
202502010206,上昇度,3フラン8ピティ10ラマヌ調子偏差値へ
202502010207,能力,1サベー2オンマ4オカメタイム指数へ
202502010207,上昇度,3ゲッテ7キャリ9レモン調子偏差値へ
202502010208,能力,3シアタ9ペルフ11パッシタイム指数へ
202502010208,上昇度,4クイン7ザング13アジュ調子偏差値へ
202502010209,能力,1マルカ2イリス11プレミタイム指数へ
202502010209,上昇度,3クモヒ9ヴィー10ゲンジ調子偏差値へ
202502010210,能力,11リアド12クロド14クォータイム指数へ
202502010210,上昇度,3スピー7ヒルノ12クロド調子偏差値へ
202502010211,能力,4スイミ9アイノ13トウカタイム指数へ
202502010211,上昇度,3ハート5ドゥア14タイキ調子偏差値へ
202502010212,能力,1モーメ5コッレ8ドゥラタイム指数へ
202502010212,上昇度,1モーメ7トモジ11ブルー調子偏差値へ
202502010301,能力,2ブラッ5ゴール15ニシノタイム指数へ
202502010301,上昇度,3クレド9ロネッ12グリフ調子偏差値へ
202502010302,能力,1メイシ5デンリ10ハイエタイム指数へ
202502010302,上昇度,5デンリ9フォレ10ハイエ調子偏差値へ
202502010303,能力,3トモジ9メイシ10サンラタイム指数へ
202502010303,上昇度,1キンセ2ヴィー5インタ調子偏差値へ
202502010304,能力,2メイシ12アオイ13ヤマニタイム指数へ
202502010304,上昇度,2メイシ3カリー7スリー調子偏差値へ
202502010307,能力,4ハート5デルマ12パーフタイム指数へ
202502010307,上昇度,4ハート10ディア13ホウオ調子偏差値へ
202502010308,能力,3オンマ7モンシ12テイエタイム指数へ
202502010308,上昇度,1ヒメカ4スイッ6ナリノ調子偏差値へ
202502010309,能力,7ミクス9マキシ10ヒラボタイム指数へ
202502010309,上昇度,2アルマ6ジーテ8スプリ調子偏差値へ
202502010310,能力,1ペリプ3ビッグ8オールタイム指数へ
202502010310,上昇度,4ローレ5マイフ7オロス調子偏差値へ
202502010311,能力,3マルプ5ゴール9ゴキゲタイム指数へ
202502010311,上昇度,1シック5ゴール12アップ調子偏差値へ
202502010312,能力,1リーゼ2サムシ4トモジタイム指数へ
202502010312,上昇度,1リーゼ2サムシ7ロング調子偏差値へ
202502010401,能力,1ベビー8ポッド13ジョータイム指数へ
202502010401,上昇度,1ベビー3アドマ8ポッド調子偏差値へ
202502010402,能力,1ハイゼ3シェリ4ハッピタイム指数へ
202502010402,上昇度,4ハッピ6カシマ11ビスケ調子偏差値へ
202502010403,能力,4アスゴ10ショウ11エンジタイム指数へ
202502010403,上昇度,1ヒロス4アスゴ5カービ調子偏差値へ
202502010404,能力,2アルハ8ハクサ13スペシタイム指数へ
202502010404,上昇度,5ヤマニ10シンヒ13スペシ調子偏差値へ
202502010406,能力,1ハイク6ザハン8マンオタイム指数へ
202502010406,上昇度,5ロード7リュウ9エイシ調子偏差値へ
202502010407,能力,4スピン11シホリ12スティタイム指数へ
202502010407,上昇度,4スピン6レッド7ザラタ調子偏差値へ
202502010408,能力,2カルプ3クイン8アッシタイム指数へ
202502010408,上昇度,1スマッ3クイン5ビッグ調子偏差値へ
202502010409,能力,6テリオ8レイピ10ウインタイム指数へ
202502010409,上昇度,4エイト8レイピ9キュー調子偏差値へ
202502010410,能力,1グラン8パフ12プルナタイム指数へ
202502010410,上昇度,4コスモ8パフ10バギー調子偏差値へ
202502010411,能力,4トーセ7エマヌ13レオテタイム指数へ
202502010411,上昇度,1ビルカ4トーセ5ドーバ調子偏差値へ
202502010412,能力,2ケープ7ローマ10ランスタイム指数へ
202502010412,上昇度,2ケープ6コルヴ8プレゼ調子偏差値へ
202502010501,能力,1シンヒ7ブラッ11リリータイム指数へ
202502010501,上昇度,4レオン6オーケ8ズット調子偏差値へ
202502010502,能力,2ケイア3ピスト10ハイクタイム指数へ
202502010502,上昇度,1ステイ2ケイア8ウィス調子偏差値へ
202502010503,能力,5ヒサエ9デルマ13キタノタイム指数へ
202502010503,上昇度,3ハッピ5ヒサエ8デアル調子偏差値へ
202502010504,能力,2アルハ6ペール11アイルタイム指数へ
202502010504,上昇度,2アルハ4アルマ7カリー調子偏差値へ
202502010506,能力,6オキョ8テーオ10アスクタイム指数へ
202502010506,上昇度,1ブラッ5ララエ10アスク調子偏差値へ
202502010507,能力,4トレミ13マイス14イリスタイム指数へ
202502010507,上昇度,4トレミ6マイネ13マイス調子偏差値へ
202502010508,能力,1ルシー2サベー10ミッキタイム指数へ
202502010508,上昇度,9キング11ナンヨ12ミスタ調子偏差値へ
202502010509,能力,1ハリウ3エルサ5ラセータイム指数へ
202502010509,上昇度,2スプリ4アルマ7ブルー調子偏差値へ
202502010510,能力,2タイキ11ジルバ16マイネタイム指数へ
202502010510,上昇度,1コスモ8ウイン9バード調子偏差値へ
202502010511,能力,4モリノ7ゾンニ15マイネタイム指数へ
202502010511,上昇度,2ウイン10エーテ14マスク調子偏差値へ
202502010512,能力,3ゴルデ6アーク7レッドタイム指数へ
202502010512,上昇度,1ハミル4グレイ6アーク調子偏差値へ
202502010601,能力,3ムーン4アニマ6マルモタイム指数へ
202502010601,上昇度,2ダイヤ4アニマ5シーグ調子偏差値へ
202502010602,能力,1メイシ2サッポ12ショウタイム指数へ
202502010602,上昇度,5オンサ8ママア10ドラマ調子偏差値へ
202502010603,能力,2ペイシ6アンビ7ヒロノタイム指数へ
202502010603,上昇度,5タッカ7ヒロノ9ブラヴ調子偏差値へ
202502010604,能力,5オオタ6ミッキ9サトミタイム指数へ
202502010604,上昇度,6ミッキ7ジーテ9サトミ調子偏差値へ
202502010606,能力,3ベール8サクラ15レディタイム指数へ
202502010606,上昇度,1ココモ4ファン9ヤマノ調子偏差値へ
202502010607,能力,3デアデ4ナムラ9スウィタイム指数へ
202502010607,上昇度,5グラン7ソアラ9スウィ調子偏差値へ
202502010608,能力,1ルルシ2ドゥラ11チュウタイム指数へ
202502010608,上昇度,1ルルシ4タイヨ10アレー調子偏差値へ
202502010609,能力,4トゥル5サング9シュバタイム指数へ
202502010609,上昇度,2ウィン4トゥル6ボルケ調子偏差値へ
202502010610,能力,4ミッキ9オール11ウェイタイム指数へ
202502010610,上昇度,9オール10セイウ11ウェイ調子偏差値へ
202502010611,能力,1マイネ5ボーン9アルナタイム指数へ
202502010611,上昇度,6サンス7ディマ11ランス調子偏差値へ
202502010612,能力,4タイキ5パレフ6トウカタイム指数へ
202502010612,上昇度,1シック2アスク11スイミ調子偏差値へ
202502010701,能力,1トウカ3ショウ6ワイズタイム指数へ
202502010701,上昇度,2タヤス5コンフ6ワイズ調子偏差値へ
202502010702,能力,3バース4エンジ12ミッキタイム指数へ
202502010702,上昇度,4エンジ7ダブル12ミッキ調子偏差値へ
202502010703,能力,6スイー9マカナ11ラウニタイム指数へ
202502010703,上昇度,8デルマ11ラウニ12ビップ調子偏差値へ
202502010704,能力,1スティ2マイネ5スペシタイム指数へ
202502010704,上昇度,1スティ7スイッ9シュエ調子偏差値へ
202502010706,能力,5ダイヤ8メイシ10ザハンタイム指数へ
202502010706,上昇度,1ジーテ8メイシ9ナリノ調子偏差値へ
202502010707,能力,4シェア6ペリプ8ビッグタイム指数へ
202502010707,上昇度,1カーミ3コーラ5ヤコブ調子偏差値へ
202502010708,能力,5テリオ7ルクス8ジャグタイム指数へ
202502010708,上昇度,5テリオ6エイシ7ルクス調子偏差値へ
202502010709,能力,3ウォー4ネイサ6シホリタイム指数へ
202502010709,上昇度,3ウォー4ネイサ5シンゼ調子偏差値へ
202502010710,能力,1マンダ4サムシ13パフタイム指数へ
202502010710,上昇度,3グレイ9スピー14ドバイ調子偏差値へ
202502010711,能力,4エマヌ7ハピネ12レオテタイム指数へ
202502010711,上昇度,6スピー9ソルト11ゴール調子偏差値へ
202502010712,能力,4ケープ8ローマ11ランスタイム指数へ
202502010712,上昇度,2マジカ5オカメ10ペイシ調子偏差値へ
202502010801,能力,2クワイ4スノー5タガノタイム指数へ
202502010801,上昇度,7スミッ9ヒッグ10エター調子偏差値へ
202502010802,能力,4サツキ7パール10ハイエタイム指数へ
202502010802,上昇度,2マニー3モウフ4サツキ調子偏差値へ
202502010803,能力,6ナリタ9ブレイ11ベイビタイム指数へ
202502010803,上昇度,1ビービ3ニホン9ブレイ調子偏差値へ
202502010804,能力,1ヒット10ガジュ12ララバタイム指数へ
202502010804,上昇度,6ユナホ12ララバ13ダディ調子偏差値へ
202502010806,能力,2ラマヌ4ミクニ6ハクサタイム指数へ
202502010806,上昇度,5アスク6ハクサ8ターミ調子偏差値へ
202502010807,能力,1モンシ3グラン9スイッタイム指数へ
202502010807,上昇度,6スノー8エコロ10テイオ調子偏差値へ
202502010808,能力,3ブリス7トモジ9レッドタイム指数へ
202502010808,上昇度,1フリッ4ニシノ9レッド調子偏差値へ
202502010809,能力,1ラパン3ゴキゲ5シアタタイム指数へ
202502010809,上昇度,7ルージ8オルフ9リリー調子偏差値へ
202502010810,能力,2ハイラ7キャリ9シテフタイム指数へ
202502010810,上昇度,2ハイラ6チュウ10バレン調子偏差値へ
202502010811,能力,2ダンテ4テーオ5ジャスタイム指数へ
202502010811,上昇度,2ダンテ4テーオ5ジャス調子偏差値へ
202502010812,能力,4ムチャ7ペルフ9アジュタイム指数へ
202502010812,上昇度,4ムチャ5ヒメカ9アジュ調子偏差値へ
202502010901,能力,3セゾン12テーオ13リリータイム指数へ
202502010901,上昇度,3セゾン7ハーフ11ワンダ調子偏差値へ
202502010902,能力,6レイア11コッコ12ショウタイム指数へ
202502010902,上昇度,6レイア8サヨノ11コッコ調子偏差値へ
202502010903,能力,3パーフ4コンド9セリオタイム指数へ
202502010903,上昇度,2ウイン5ウィッ12レディ調子偏差値へ
202502010904,能力,1ララエ4エポカ7ヒサエタイム指数へ
202502010904,上昇度,8サーフ9トーセ10アイビ調子偏差値へ
202502010906,能力,6ドラギ11ヤマニ14ブライタイム指数へ
202502010906,上昇度,2レッド10ジャッ14ブライ調子偏差値へ
202502010907,能力,2レーヴ7タイヨ8アステタイム指数へ
202502010907,上昇度,1シンボ7タイヨ10コムル調子偏差値へ
202502010908,能力,3アーク9リアン10ファイタイム指数へ
202502010908,上昇度,6シーリ8コンテ9リアン調子偏差値へ
202502010909,能力,2サンウ4ウイン11ネイサタイム指数へ
202502010909,上昇度,6マイバ7タルタ9ストラ調子偏差値へ
202502010910,能力,4ルージ6タイキ10イグニタイム指数へ
202502010910,上昇度,1アスク3エヴァ4ルージ調子偏差値へ
202502010911,能力,5エープ9ラファ11チルカタイム指数へ
202502010911,上昇度,6エラト10パレハ12テーオ調子偏差値へ
202502010912,能力,5キャン9ボルセ11ナンヨタイム指数へ
202502010912,上昇度,3サンピ4アスゴ9ボルセ調子偏差値へ
202503010101,能力,9ノボリ11スズノ12ビービタイム指数へ
202503010101,上昇度,4キャバ7カンプ10コパノ調子偏差値へ
202503010102,能力,2ハリウ13メイリ14カーテタイム指数へ
202503010102,上昇度,4タイニ10ソニッ14カーテ調子偏差値へ
202503010103,能力,1サトノ7シンヒ10ウインタイム指数へ
202503010103,上昇度,1サトノ9チャッ14ルージ調子偏差値へ
202503010104,能力,4ローレ9サラサ14アイフタイム指数へ
202503010104,上昇度,2トーア6ライヴ13マダム調子偏差値へ
202503010105,能力,13サトノ15ヘヴン16サンカタイム指数へ
202503010105,上昇度,3ヴォル5エリセ9ディク調子偏差値へ
202503010106,能力,2アイル14タマカ16スマータイム指数へ
202503010106,上昇度,4カラン7ニシノ8サマー調子偏差値へ
202503010107,能力,4オーケ6ロフテ7アステタイム指数へ
202503010107,上昇度,1イエロ10ジャン14ゴヴェ調子偏差値へ
202503010108,能力,3ヴァイ7カエル16レジェタイム指数へ
202503010108,上昇度,4オール9ヤマニ14ウイン調子偏差値へ
202503010109,能力,1バレル5ソルト9クラシタイム指数へ
202503010109,上昇度,2ダノン7フォー12ゼアズ調子偏差値へ
202503010110,能力,8ジョヴ11ストリ12ワークタイム指数へ
202503010110,上昇度,10ホーク15ズバッ16アマル調子偏差値へ
202503010111,能力,3ダンテ12ショウ13ドゥラタイム指数へ
202503010111,上昇度,9マリア12ショウ15ロコポ調子偏差値へ
202503010112,能力,1ビッグ3テンプ14デアデタイム指数へ
202503010112,上昇度,5テキー11ハッピ13ハウフ調子偏差値へ
202503010201,能力,4メイシ6ミサビ13アップタイム指数へ
202503010201,上昇度,4メイシ6ミサビ9ナムラ調子偏差値へ
202503010202,能力,4ノーブ7パリコ14ユーテタイム指数へ
202503010202,上昇度,1ルブリ5アタリ9アッケ調子偏差値へ
202503010203,能力,7キタノ8オール12シャイタイム指数へ
202503010203,上昇度,1デアル11カサビ15トゥル調子偏差値へ
202503010204,能力,2モズシ3ブルー13ココデタイム指数へ
202503010204,上昇度,3ブルー6オドラ14レジリ調子偏差値へ
202503010205,能力,10メイシ13マイネ15スイータイム指数へ
202503010205,上昇度,1レイヤ8リドル10メイシ調子偏差値へ
202503010206,能力,2ピース6ソルレ13ソングタイム指数へ
202503010206,上昇度,5スプリ7ミニマ8イリス調子偏差値へ
202503010207,能力,1パスト4ミント5バガンタイム指数へ
202503010207,上昇度,5バガン7シルバ14ルージ調子偏差値へ
202503010208,能力,7ミッキ12プレア16ヨドノタイム指数へ
202503010208,上昇度,3グッド12プレア15エコロ調子偏差値へ
202503010209,能力,1エイム3ヴァン6ラッジタイム指数へ
202503010209,上昇度,1エイム2タガノ6ラッジ調子偏差値へ
202503010210,能力,4シャカ9シーク15ミユキタイム指数へ
202503010210,上昇度,2オーロ5クリダ16スマー調子偏差値へ
202503010211,能力,11ケイア14バラジ15グランタイム指数へ
202503010211,上昇度,2ダンテ5シリウ8ケイア調子偏差値へ
202503010212,能力,2ワンダ7オリエ14ゴンドタイム指数へ
202503010212,上昇度,6タカサ9テイエ14ゴンド調子偏差値へ
202503010301,能力,10ミトノ12スマー15パッシタイム指数へ
202503010301,上昇度,1ハクサ9マサハ12スマー調子偏差値へ
202503010302,能力,4メイシ6ルアス7デボラタイム指数へ
202503010302,上昇度,2ウォー8ヨシノ9ハイヌ調子偏差値へ
202503010303,能力,2コスモ10ドラギ12マイネタイム指数へ
202503010303,上昇度,1ベルラ5マシェ12マイネ調子偏差値へ
202503010304,能力,4ハナウ7ピラニ10ルージタイム指数へ
202503010304,上昇度,4ハナウ8ナムラ14ザハン調子偏差値へ
202503010305,能力,10サミダ14マイネ16チェンタイム指数へ
202503010305,上昇度,4メルヘ5オビド6ウイン調子偏差値へ
202503010306,能力,1キタノ4ヒロノ15マイネタイム指数へ
202503010306,上昇度,8ダニエ11コリエ13モーリ調子偏差値へ
202503010307,能力,8コンテ11エスジ15ノーブタイム指数へ
202503010307,上昇度,4ケープ6チャコ8コンテ調子偏差値へ
202503010308,能力,1イナフ3アオカ5ミュータイム指数へ
202503010308,上昇度,1イナフ8ホウオ12コウユ調子偏差値へ
202503010309,能力,3デルア6ジェッ7ノラリタイム指数へ
202503010309,上昇度,2ピリカ7ノラリ8サトノ調子偏差値へ
202503010310,能力,4オリー5トリオ11スズカタイム指数へ
202503010310,上昇度,5トリオ13スナー16ウイン調子偏差値へ
202503010311,能力,1メイシ10クーア15プレイタイム指数へ
202503010311,上昇度,5サヴァ8コパノ14フォー調子偏差値へ
202503010312,能力,2ルージ4エクセ15カフェタイム指数へ
202503010312,上昇度,2ルージ5ペルフ14コスモ調子偏差値へ
202503010401,能力,1レイア4デルタ16ベルトタイム指数へ
202503010401,上昇度,4デルタ5アイド16ベルト調子偏差値へ
202503010402,能力,1タマモ4カルデ5ミセスタイム指数へ
202503010402,上昇度,1タマモ7オーケ15サンル調子偏差値へ
202503010403,能力,1ラース9アンダ10ブラッタイム指数へ
202503010403,上昇度,8ロール9アンダ12バース調子偏差値へ
202503010404,能力,6イサゴ15ヨヒー16ヴァイタイム指数へ
202503010404,上昇度,2コンサ4タヤス14ミッド調子偏差値へ
202503010405,能力,7コスモ13バーケ15コンスタイム指数へ
202503010405,上昇度,3テンダ4ピジョ14レイデ調子偏差値へ
202503010406,能力,1ナルサ7チュラ15ブルータイム指数へ
202503010406,上昇度,7チュラ8オブシ14レアル調子偏差値へ
202503010407,能力,2アウロ3レイク8アラタタイム指数へ
202503010407,上昇度,9ジャス13ナムラ14マイモ調子偏差値へ
202503010408,能力,2ヤマニ4ザロッ15コスモタイム指数へ
202503010408,上昇度,3ブルー8ワンダ13クアト調子偏差値へ
202503010409,能力,1ソング2ライク4ロードタイム指数へ
202503010409,上昇度,1ソング4ロード9クリノ調子偏差値へ
202503010410,能力,3エコロ7ハイラ11ローザタイム指数へ
202503010410,上昇度,6パープ11ローザ14ヤマニ調子偏差値へ
202503010411,能力,3ジュー6アリス11シンリタイム指数へ
202503010411,上昇度,4フィー15アスコ16ペイシ調子偏差値へ
202503010412,能力,2レイワ5リーゼ14アメリタイム指数へ
202503010412,上昇度,6ダオラ13ブラッ14アメリ調子偏差値へ
202503010501,能力,1ラヴス4マンノ8リックタイム指数へ
202503010501,上昇度,4マンノ12キミオ14ディザ調子偏差値へ
202503010502,能力,2サヨノ7アイフ12アスコタイム指数へ
202503010502,上昇度,11ニシノ12アスコ14シンフ調子偏差値へ
202503010503,能力,1マカナ7フィエ16オールタイム指数へ
202503010503,上昇度,12ジュラ13メテオ15ストレ調子偏差値へ
202503010504,能力,5サンラ9ピース12カウンタイム指数へ
202503010504,上昇度,3メイシ5サンラ10パッシ調子偏差値へ
202503010505,能力,1シンヒ3リケア15サクラタイム指数へ
202503010505,上昇度,1シンヒ10ドルチ11コスモ調子偏差値へ
202503010506,能力,2オキョ10ソラノ13ブラザタイム指数へ
202503010506,上昇度,8メイシ12ヘイケ13ブラザ調子偏差値へ
202503010507,能力,5マイネ12ビアフ13アンタタイム指数へ
202503010507,上昇度,2ドラン3サンラ5マイネ調子偏差値へ
202503010508,能力,1ローズ7ニホン12ゴッドタイム指数へ
202503010508,上昇度,7ニホン11アルヘ15サザン調子偏差値へ
202503010509,能力,3セディ15ウイン16カルプタイム指数へ
202503010509,上昇度,4アーサ14ライン16カルプ調子偏差値へ
202503010510,能力,5サング8ミラキ11カリータイム指数へ
202503010510,上昇度,8ミラキ10フリュ12コスモ調子偏差値へ
202503010511,能力,1グラン4ワンダ7トールタイム指数へ
202503010511,上昇度,3アステ4ワンダ7トール調子偏差値へ
202503010512,能力,4オーケ7ウイン10マッスタイム指数へ
202503010512,上昇度,2ブリッ7ウイン9ジーテ調子偏差値へ
202503010601,能力,1フレー9ジョイ15フェデタイム指数へ
202503010601,上昇度,4カツノ14キャラ15フェデ調子偏差値へ
202503010602,能力,6ユーテ11リケア13ブラッタイム指数へ
202503010602,上昇度,2レイリ8クリノ10キャン調子偏差値へ
202503010603,能力,6ヒサエ10タイセ13バーンタイム指数へ
202503010603,上昇度,9ポジテ13バーン15ジーテ調子偏差値へ
202503010604,能力,8ロネッ11タマカ14ペイシタイム指数へ
202503010604,上昇度,8ロネッ11タマカ12フェス調子偏差値へ
202503010605,能力,4ミッド5ドウジ6ディベタイム指数へ
202503010605,上昇度,10リギー11クラン12ムーン調子偏差値へ
202503010606,能力,1ザロッ7エイブ10ゼンダタイム指数へ
202503010606,上昇度,4エーデ13ナチュ14トモジ調子偏差値へ
202503010607,能力,2ライク8ジョウ9コーリタイム指数へ
202503010607,上昇度,8ジョウ11ガーデ14マキバ調子偏差値へ
202503010608,能力,5ドゥム6グレイ16フラッタイム指数へ
202503010608,上昇度,1ツイン9グラン16フラッ調子偏差値へ
202503010609,能力,2マイフ4ピース11ヴァイタイム指数へ
202503010609,上昇度,2マイフ4ピース7ビッグ調子偏差値へ
202503010610,能力,4パフ7アセレ9ブレイタイム指数へ
202503010610,上昇度,1タガノ6アレナ7アセレ調子偏差値へ
202503010611,能力,9スリー10ウイン13ジャスタイム指数へ
202503010611,上昇度,1スマー2アスク7エエヤ調子偏差値へ
202503010612,能力,1エフエ4ナゲッ9シャータイム指数へ
202503010612,上昇度,3ドンア8アップ9シャー調子偏差値へ
202503020101,能力,2エンヴ4フクチ9カレンタイム指数へ
202503020101,上昇度,1アレス5フォト10ベルバ調子偏差値へ
202503020102,能力,1フラッ3アドリ9ジルクタイム指数へ
202503020102,上昇度,1フラッ3アドリ9ジルク調子偏差値へ
202503020103,能力,3マルタ9メイシ12ベルチタイム指数へ
202503020103,上昇度,2テルケ13オロパ14パワー調子偏差値へ
202503020104,能力,2サトノ11ハット14ミライタイム指数へ
202503020104,上昇度,12プリテ13レイー16ジェノ調子偏差値へ
202503020107,能力,1ルーク5クラッ6オストタイム指数へ
202503020107,上昇度,1ルーク2エデル6オスト調子偏差値へ
202503020108,能力,8ペタル13ハイダ15リケアタイム指数へ
202503020108,上昇度,8ペタル9キーベ13ハイダ調子偏差値へ
202503020109,能力,2ロムネ5ミステ8ユキワタイム指数へ
202503020109,上昇度,1レミー5ミステ8ユキワ調子偏差値へ
202503020110,能力,6クラウ12タナサ13ナルカタイム指数へ
202503020110,上昇度,2フラッ4イデア11セキテ調子偏差値へ
202503020111,能力,2バロネ4キュク15アスクタイム指数へ
202503020111,上昇度,4キュク7モズマ14ウイン調子偏差値へ
202503020112,能力,2ノーブ5ヘリオ6ブルータイム指数へ
202503020112,上昇度,4トモジ5ヘリオ10タニセ調子偏差値へ
202503020201,能力,4イザベ5カサビ12リックタイム指数へ
202503020201,上昇度,3プレイ12リック15タニセ調子偏差値へ
202503020202,能力,1ナヴァ4タナハ5ロンギタイム指数へ
202503020202,上昇度,3マイネ5ロンギ8ボスポ調子偏差値へ
202503020203,能力,2ボンズ6ベネス11ラストタイム指数へ
202503020203,上昇度,6ベネス10サーフ11ラスト調子偏差値へ
202503020204,能力,3マイネ7ムーン12ガーンタイム指数へ
202503020204,上昇度,3マイネ6ヴィジ12ガーン調子偏差値へ
202503020207,能力,4ゴール8アシャ11スタータイム指数へ
202503020207,上昇度,3エベリ15ポップ16イズル調子偏差値へ
202503020208,能力,1トライ3ソルト5ディバタイム指数へ
202503020208,上昇度,2ミラー8エナジ9チェイ調子偏差値へ
202503020209,能力,2ディア3ヴァン5ニシノタイム指数へ
202503020209,上昇度,2ディア3ヴァン10ナファ調子偏差値へ
202503020210,能力,4ハギノ7オンザ13ジャスタイム指数へ
202503020210,上昇度,1エステ4ハギノ5スズノ調子偏差値へ
202503020211,能力,1エキサ5センツ13チョンタイム指数へ
202503020211,上昇度,1エキサ5センツ11トレサ調子偏差値へ
202503020212,能力,7ウエス8ニシノ11ザカータイム指数へ
202503020212,上昇度,2オコジ3グッド11ザカー調子偏差値へ
202503020301,上昇度,1リレー4テンメ10エター調子偏差値へ
202503020302,能力,2レッド10クロウ11ノブレタイム指数へ
202503020302,上昇度,2レッド6ハンク14ニコ調子偏差値へ
202503020303,能力,1マイネ5コーデ6サトノタイム指数へ
202503020303,上昇度,5コーデ7ケナゲ9コパノ調子偏差値へ
202503020306,能力,4プレシ9ゲンパ14チェルタイム指数へ
202503020306,上昇度,1マクミ2ゴット9ゲンパ調子偏差値へ
202503020307,能力,4リーフ7レイン15リケアタイム指数へ
202503020307,上昇度,7レイン9タイヨ11フジサ調子偏差値へ
202503020308,能力,4ウイン8エバー10ショウタイム指数へ
202503020308,上昇度,5ペプロ10ショウ11マイホ調子偏差値へ
202503020309,能力,3アンド5タッチ6ディアタイム指数へ
202503020309,上昇度,1イヴニ3アンド4ヤマニ調子偏差値へ
202503020310,能力,1プロミ6イゾラ14フォルタイム指数へ
202503020310,上昇度,4ピクシ6イゾラ15サクラ調子偏差値へ
202503020311,能力,2ミユキ5ドンレ11エコロタイム指数へ
202503020311,上昇度,3アロッ4ハッピ13ブレー調子偏差値へ
202503020312,能力,1アサク5エルフ15ボンヌタイム指数へ
202503020312,上昇度,4ユーテ10パレス11セイウ調子偏差値へ
202503020401,上昇度,9ウィズ10ユイノ12ゴーツ調子偏差値へ
202503020402,能力,2トラス11ルシャ15コンパタイム指数へ
202503020402,上昇度,4ウーナ9レイズ14トーア調子偏差値へ
202503020403,能力,3フライ6ニシノ8アユツタイム指数へ
202503020403,上昇度,4テンペ5キャナ11ジェン調子偏差値へ
202503020406,能力,1キタノ8キチロ13アイドタイム指数へ
202503020406,上昇度,3エウク8キチロ12ナギサ調子偏差値へ
202503020407,能力,7バッキ9ロード14ウアータイム指数へ
202503020407,上昇度,1スノー10フルー14ウアー調子偏差値へ
202503020408,能力,5トゥル7コレク12ジーゲタイム指数へ
202503020408,上昇度,8スノー11ハイタ13オルソ調子偏差値へ
202503020409,能力,2ビバッ6アスク7マイレタイム指数へ
202503020409,上昇度,4ヤマメ6アスク10コパノ調子偏差値へ
202503020410,能力,2ニシノ6アイキ14フォルタイム指数へ
202503020410,上昇度,4ロゼル8フィデ9ワザモ調子偏差値へ
202503020411,能力,9アピー13シゲル14ザイツタイム指数へ
202503020411,上昇度,6リュー12ソニッ13シゲル調子偏差値へ
202503020412,能力,1ピコテ5シュヴ11タイセタイム指数へ
202503020412,上昇度,5シュヴ7ハジメ9アイラ調子偏差値へ
202503020501,能力,4ロンド9シーズ10ブラッタイム指数へ
202503020501,上昇度,1スター6ウール8ノブス調子偏差値へ
202503020502,能力,1ミュー2マキャ6センジタイム指数へ
202503020502,上昇度,2マキャ5ティア10ミセス調子偏差値へ
202503020503,能力,6ジュリ11ルック12サンタタイム指数へ
202503020503,上昇度,4ジュン6ジュリ12サンタ調子偏差値へ
202503020504,能力,3イフル9ヴィラ11オリオタイム指数へ
202503020504,上昇度,8レイー9ヴィラ11オリオ調子偏差値へ
202503020507,能力,5コスモ8アンド9ツーネタイム指数へ
202503020507,上昇度,1ブルバ2パナラ11ベラト調子偏差値へ
202503020508,能力,5ノルド12アラレ15スペイタイム指数へ
202503020508,上昇度,2ティル7アイフ14スプレ調子偏差値へ
202503020509,能力,1トロピ2エコロ5サトノタイム指数へ
202503020509,上昇度,1トロピ11ソワド12ウイン調子偏差値へ
202503020510,能力,3ショウ4ジュノ6トーセタイム指数へ
202503020510,上昇度,2アレン5ダルエ8レイピ調子偏差値へ
202503020511,能力,1ショウ4バース12ステータイム指数へ
202503020511,上昇度,6アスク10ディヴ13ビリー調子偏差値へ
202503020512,能力,4ブレッ6レッド12ネオシタイム指数へ
202503020512,上昇度,2ディズ3ヘイン7シルバ調子偏差値へ
202503020601,能力,4リュウ7フォト8イイクタイム指数へ
202503020601,上昇度,3コパノ7フォト8イイク調子偏差値へ
202503020602,能力,2ジュン6チェイ11ブラザタイム指数へ
202503020602,上昇度,10ファリ14ウイン15スカイ調子偏差値へ
202503020603,能力,2ディア10ヴィヴ12テンミタイム指数へ
202503020603,上昇度,2ディア8ミサト13ムーン調子偏差値へ
202503020604,能力,2ベルリ6ブルン12アンダタイム指数へ
202503020604,上昇度,6ブルン13サンブ16タッチ調子偏差値へ
202503020606,能力,6エヌマ13トレイ15ソナタタイム指数へ
202503020606,上昇度,2グラン8グラス14ヒタム調子偏差値へ
202503020607,能力,7アトリ8ニシノ10ビービタイム指数へ
202503020607,上昇度,2キープ3レオプ4テンプ調子偏差値へ
202503020608,能力,4シャー12レジー15ラヴァタイム指数へ
202503020608,上昇度,4シャー5エンド11テイエ調子偏差値へ
202503020609,能力,1コスモ8マリア10キヨラタイム指数へ
202503020609,上昇度,1コスモ2ガラク10キヨラ調子偏差値へ
202503020610,能力,4テリフ11レシプ13エレクタイム指数へ
202503020610,上昇度,1ゴール5ベンテ11レシプ調子偏差値へ
202503020611,能力,2コスモ5リフレ15ドゥラタイム指数へ
202503020611,上昇度,4マテン14バラジ15ドゥラ調子偏差値へ
202503020612,能力,3ジャガ7ニシノ8ファビタイム指数へ
202503020612,上昇度,6ベイビ8ファビ9エコロ調子偏差値へ
202503020701,上昇度,2スピア5フリー7スズカ調子偏差値へ
202503020702,能力,5ヴァイ7ブラッ9キタノタイム指数へ
202503020702,上昇度,3スター7ブラッ8ジュテ調子偏差値へ
202503020703,能力,5アメテ8ウィン10マイネタイム指数へ
202503020703,上昇度,2ミスタ3ラディ8ウィン調子偏差値へ
202503020706,能力,2レディ8セギレ10ホシニタイム指数へ
202503020706,上昇度,1フィザ8セギレ11パース調子偏差値へ
202503020707,能力,1ノーブ13マハー15ライラタイム指数へ
202503020707,上昇度,1ノーブ2シャン11バーン調子偏差値へ
202503020708,能力,7ジーテ12オプレ14マイネタイム指数へ
202503020708,上昇度,5シャイ7ジーテ12オプレ調子偏差値へ
202503020709,能力,4ルーク5フィー7モアナタイム指数へ
202503020709,上昇度,1ロード5フィー6タイセ調子偏差値へ
202503020710,能力,3ワーク4ミロワ5アスクタイム指数へ
202503020710,上昇度,1イナフ5アスク9ランウ調子偏差値へ
202503020711,能力,2アンリ5グラニ7ユキノタイム指数へ
202503020711,上昇度,3ココク5グラニ10ディー調子偏差値へ
202503020712,能力,3ピコテ4エコロ6キボウタイム指数へ
202503020712,上昇度,1オコジ4エコロ9ニシノ調子偏差値へ
202503020801,上昇度,3サウン4ファベ14モズク調子偏差値へ
202503020802,能力,3スター12カーフ15コンヴタイム指数へ
202503020802,上昇度,6コーシ11タヤス12カーフ調子偏差値へ
202503020803,能力,1クリエ2フェイ4タイセタイム指数へ
202503020803,上昇度,1クリエ4タイセ6トラス調子偏差値へ
202503020804,能力,1ヴィビ2チュラ4ボールタイム指数へ
202503020804,上昇度,1ヴィビ7ライヴ8ライフ調子偏差値へ
202503020806,能力,5キアラ6テンド12エンゲタイム指数へ
202503020806,上昇度,2クライ5キアラ12エンゲ調子偏差値へ
202503020807,能力,8マミー9アイド15ダイメタイム指数へ
202503020807,上昇度,1キタノ2アミラ8マミー調子偏差値へ
202503020808,能力,1マイネ7ウイン14ポタリタイム指数へ
202503020808,上昇度,1マイネ2スペー11ウイン調子偏差値へ
202503020809,能力,2ウイン5セイウ10ハッピタイム指数へ
202503020809,上昇度,2ウイン3ブラヴ9ツィス調子偏差値へ
202503020810,能力,7ユキワ9プリズ10ミステタイム指数へ
202503020810,上昇度,2イサチ8マイネ10ミステ調子偏差値へ
202503020811,能力,2ルクス3イスラ10シアータイム指数へ
202503020811,上昇度,4タイセ9メズメ10シアー調子偏差値へ
202503020812,能力,5マリン6ブレッ9マテンタイム指数へ
202503020812,上昇度,4キレナ14ブリッ15ウッド調子偏差値へ
202503030101,能力,1ジェネ2アーテ8オトシタイム指数へ
202503030101,上昇度,3サクラ4ルージ13ツァレ調子偏差値へ
202503030102,能力,7シトリ8ブライ14ベリンタイム指数へ
202503030102,上昇度,2アクテ7シトリ12チェン調子偏差値へ
202503030103,能力,9イサギ10ダンジ11ハグレタイム指数へ
202503030103,上昇度,11ハグレ12マツリ13クレイ調子偏差値へ
202503030104,能力,5ペイシ10ペレグ12ハニータイム指数へ
202503030104,上昇度,1クイン11グッド14アイド調子偏差値へ
202503030106,能力,1スピン4クイン12ゲンジタイム指数へ
202503030106,上昇度,5フラッ8レッド14ニシノ調子偏差値へ
202503030107,能力,2レジー7セゾン13サクタイム指数へ
202503030107,上昇度,8ガット10ニシノ12レオプ調子偏差値へ
202503030108,能力,5キャン7ブリン10ジャスタイム指数へ
202503030108,上昇度,3メイシ14ロード15スパー調子偏差値へ
202503030109,能力,3クラッ5ジェッ12エテルタイム指数へ
202503030109,上昇度,1コスモ5ジェッ7ムーン調子偏差値へ
202503030110,能力,3シュラ6ヴァン11スペルタイム指数へ
202503030110,上昇度,6ヴァン7アイノ9タイキ調子偏差値へ
202503030111,能力,4イサチ6トーラ13ソルトタイム指数へ
202503030111,上昇度,1アシャ12ハート16ゴール調子偏差値へ
202503030112,能力,2タイセ5ブルー14ゼンエタイム指数へ
202503030112,上昇度,6バヤシ8ガラス15ウィテ調子偏差値へ
202503030201,能力,3グラテ10コブラ12アルサタイム指数へ
202503030201,上昇度,2ハルヒ3グラテ16ドナソ調子偏差値へ
202503030202,能力,1ハッピ3ヴァル10アンジタイム指数へ
202503030202,上昇度,1ハッピ7ココソ11エルド調子偏差値へ
202503030203,能力,5ノーブ8ストー9レイフタイム指数へ
202503030203,上昇度,1ソルト13エコロ14リリー調子偏差値へ
202503030204,上昇度,3グラヴ6マグナ8ノーダ調子偏差値へ
202503030205,上昇度,1サラフ2ボルタ9デステ調子偏差値へ
202503030207,能力,4カウン6レッド9イコノタイム指数へ
202503030207,上昇度,1スマッ2ハッピ11ピアス調子偏差値へ
202503030208,能力,8ペプチ13ロード15オーサタイム指数へ
202503030208,上昇度,1ドラギ6キング7ブリヤ調子偏差値へ
202503030209,能力,4ウイン7エリム10ラコルタイム指数へ
202503030209,上昇度,6ハーエ11ルージ16ホウオ調子偏差値へ
202503030210,能力,5グラン12ミライ13パフタイム指数へ
202503030210,上昇度,7ウイン8カペル13パフ調子偏差値へ
202503030211,能力,10バース11ショウ14ジョータイム指数へ
202503030211,上昇度,4レッド7クファ10バース調子偏差値へ
202503030212,能力,2サンウ3グラン7ジーテタイム指数へ
202503030212,上昇度,3グラン4トーア7ジーテ調子偏差値へ
202503030301,能力,4ハード6トワイ13ユニゾタイム指数へ
202503030301,上昇度,2キタノ12ココラ14コレデ調子偏差値へ
202503030302,能力,1メイシ7キーガ15ゴッドタイム指数へ
202503030302,上昇度,4プレゼ7キーガ16スピニ調子偏差値へ
202503030303,能力,5アメテ14ウイン15ベルラタイム指数へ
202503030303,上昇度,2ブラッ3ダーリ9ユーゲ調子偏差値へ
202503030304,能力,2ロンド5カレン9レッドタイム指数へ
202503030304,上昇度,4ビター7ロジス8バラン調子偏差値へ
202503030306,能力,2キャス8リアン13ベイラタイム指数へ
202503030306,上昇度,3ハルフ9イエロ15ジャス調子偏差値へ
202503030307,能力,1セイウ13ペガサ14アーサタイム指数へ
202503030307,上昇度,2イリス7ブルー9ジェニ調子偏差値へ
202503030308,能力,2マイフ7リポサ12ウインタイム指数へ
202503030308,上昇度,6エバー9ファー12ウイン調子偏差値へ
202503030309,能力,2インパ5ケイツ9クインタイム指数へ
202503030309,上昇度,8フィン11クモヒ13ブルー調子偏差値へ
202503030310,能力,9タイセ10ライフ11ナチュタイム指数へ
202503030310,上昇度,4フラッ9タイセ10ライフ調子偏差値へ
202503030311,能力,1ファム7シャカ8ブレータイム指数へ
202503030311,上昇度,4アメリ5ハンベ8ブレー調子偏差値へ
202503030312,能力,1ビアフ2ヤマニ9エコロタイム指数へ
202503030312,上昇度,4プリュ10グラン16ポップ調子偏差値へ
202503030401,能力,2ファン4ウーマ5ドナシタイム指数へ
202503030401,上昇度,2ファン3チャー14ルクス調子偏差値へ
202503030402,能力,1ジュル3タマモ4サウンタイム指数へ
202503030402,上昇度,3タマモ7グラン9セージ調子偏差値へ
202503030403,能力,3サンラ5コトブ6ウインタイム指数へ
202503030403,上昇度,8ニシノ12モレポ15レーヴ調子偏差値へ
202503030404,上昇度,2メイシ3プリン4コレク調子偏差値へ
202503030405,上昇度,3アスク8ホーク9チンプ調子偏差値へ
202503030407,能力,2ビッグ15セクシ16ブライタイム指数へ
202503030407,上昇度,4ビスケ12アート13モーデ調子偏差値へ
202503030408,能力,9ビーコ12トモジ15クリノタイム指数へ
202503030408,上昇度,3サヨノ7ジュエ10メイシ調子偏差値へ
202503030409,能力,1ハイヤ10ルージ12プリテタイム指数へ
202503030409,上昇度,1ハイヤ6クラデ11ランド調子偏差値へ
202503030410,能力,6カエル11ローザ13ヴァイタイム指数へ
202503030410,上昇度,8ナムア13ヴァイ16レーヴ調子偏差値へ
202503030411,能力,5モズミ8ダンテ12ホールタイム指数へ
202503030411,上昇度,8ダンテ11サンラ13マリア調子偏差値へ
202503030412,能力,4コスモ5エイシ9ファイタイム指数へ
202503030412,上昇度,5エイシ9ファイ13マジカ調子偏差値へ
202503030501,能力,4グロリ6クレマ8ウィンタイム指数へ
202503030501,上昇度,3クリソ4グロリ8ウィン調子偏差値へ
202503030502,能力,6ハッピ7アイド14シャータイム指数へ
202503030502,上昇度,2タルト10アース13エベリ調子偏差値へ
202503030503,能力,3ショウ6メイシ10ブリッタイム指数へ
202503030503,上昇度,3ショウ14ヘルメ15ホッカ調子偏差値へ
202503030504,上昇度,3ビリオ6トラス9ストー調子偏差値へ
202503030505,上昇度,2マイネ4エンデ6ネロコ調子偏差値へ
202503030506,能力,3ルシャ7マテン8モリノタイム指数へ
202503030506,上昇度,3ルシャ9ベネス12カルフ調子偏差値へ
202503030507,能力,1グレー3アロン5マイネタイム指数へ
202503030507,上昇度,1グレー2シンデ7ノリマ調子偏差値へ
202503030508,能力,4エコテ10コスモ11ルナルタイム指数へ
202503030508,上昇度,8トーセ10コスモ13エレガ調子偏差値へ
202503030509,能力,3スナー4ポタリ10キュータイム指数へ
202503030509,上昇度,2ゼット6バルナ11ルール調子偏差値へ
202503030510,能力,2ロッカ11アネモ13シュヴタイム指数へ
202503030510,上昇度,5パルプ11アネモ12ビーマ調子偏差値へ
202503030511,能力,1クリス2タイム8エコロタイム指数へ
202503030511,上昇度,2タイム3クリノ7パレハ調子偏差値へ
202503030512,能力,2ハーフ4ダガー5スネータイム指数へ
202503030512,上昇度,1ヴィヴ3タイキ4ダガー調子偏差値へ
202503030601,能力,2ファン13アルサ16ルクスタイム指数へ
202503030601,上昇度,5リケア8ジェム15シェイ調子偏差値へ
202503030602,能力,2ノーブ8シュニ14サザンタイム指数へ
202503030602,上昇度,8シュニ12ベルメ15ユージ調子偏差値へ
202503030603,能力,1タケル3ブレイ7タニセタイム指数へ
202503030603,上昇度,11マンオ13ブルー14スマー調子偏差値へ
202503030604,上昇度,5フジフ11インタ13オステ調子偏差値へ
202503030606,能力,2ジャス8リラベ13メロータイム指数へ
202503030606,上昇度,4ウイン12キトゥ15ミスタ調子偏差値へ
202503030607,能力,3エコロ12ハヤテ13ヒラボタイム指数へ
202503030607,上昇度,3エコロ4ダオラ15サニー調子偏差値へ
202503030608,能力,6バンブ12カウン15ジーテタイム指数へ
202503030608,上昇度,3ワイン6バンブ8イコノ調子偏差値へ
202503030609,能力,2テイキ6ラブカ7オメガタイム指数へ
202503030609,上昇度,1クラッ3メリザ14ローレ調子偏差値へ
202503030610,能力,8マルカ11ロート15ミーンタイム指数へ
202503030610,上昇度,3パルテ11ロート12エリム調子偏差値へ
202503030611,能力,4ドバイ14ホウオ15ゴールタイム指数へ
202503030611,上昇度,1レシプ6ベルギ8スペイ調子偏差値へ
202503030612,能力,1ヴィヴ5サクラ10スワロタイム指数へ
202503030612,上昇度,9ピリカ12ロジウ13ベラト調子偏差値へ
202504010101,上昇度,3プリン11ホウオ12フリー調子偏差値へ
202504010102,能力,4アンド6ラファ7フロウタイム指数へ
202504010102,上昇度,8ミステ9ヨドギ14クリッ調子偏差値へ
202504010103,能力,10ナック11ワイド13ペンテタイム指数へ
202504010103,上昇度,3イスラ6クラウ13ペンテ調子偏差値へ
202504010104,上昇度,4ティー8リレー10サンマ調子偏差値へ
202504010105,能力,7スペシ11オカゲ15ショウタイム指数へ
202504010105,上昇度,6キント11オカゲ13スパデ調子偏差値へ
202504010106,能力,2エンゲ6ポッポ10ダンスタイム指数へ
202504010106,上昇度,2エンゲ4エコロ16ヒルノ調子偏差値へ
202504010107,能力,5フジフ8アルゴ11メイシタイム指数へ
202504010107,上昇度,5フジフ8アルゴ10ショー調子偏差値へ
202504010108,能力,2オリー6インペ8ドーンタイム指数へ
202504010108,上昇度,3アルヴ8ドーン9ビーグ調子偏差値へ
202504010109,能力,2ミライ7チュウ9タガノタイム指数へ
202504010109,上昇度,1ヒフミ14キョウ15キャス調子偏差値へ
202504010110,能力,2ツルマ4ドラゴ9サダムタイム指数へ
202504010110,上昇度,3オオナ5ティン7マイネ調子偏差値へ
202504010111,能力,1メイシ8アグラ10アピータイム指数へ
202504010111,上昇度,5ゴール8アグラ14サイモ調子偏差値へ
202504010112,能力,3フリン8ティー9ブルボタイム指数へ
202504010112,上昇度,8ティー9ブルボ12ニシノ調子偏差値へ
202504010201,能力,4グラツ6カウン14ハツコタイム指数へ
202504010201,上昇度,7ブラッ10ナウウ11エニグ調子偏差値へ
202504010202,能力,3ミニョ8チケッ11ゼットタイム指数へ
202504010202,上昇度,1グリー6リーサ7チカク調子偏差値へ
202504010203,能力,2フラン7ラスト9ショウタイム指数へ
202504010203,上昇度,9ショウ10メイシ11ネオク調子偏差値へ
202504010204,上昇度,6ジーテ11ビオグ12ミルト調子偏差値へ
202504010205,能力,2バーケ5ドゥラ16ナインタイム指数へ
202504010205,上昇度,2バーケ9ヴィア12ミシャ調子偏差値へ
202504010206,能力,8ゴヴェ10ベイビ12カレンタイム指数へ
202504010206,上昇度,7ウイン8ゴヴェ10ベイビ調子偏差値へ
202504010207,能力,1ヨドノ9ゲキザ13ライトタイム指数へ
202504010207,上昇度,4ルミナ8スプラ10グレア調子偏差値へ
202504010208,能力,1トレミ3メイシ7メイシタイム指数へ
202504010208,上昇度,2パーセ4クラウ9エイシ調子偏差値へ
202504010209,能力,3エンセ6オール12クリニタイム指数へ
202504010209,上昇度,2マフィ6オール13ネイリ調子偏差値へ
202504010210,能力,8ニシノ13イコサ14クールタイム指数へ
202504010210,上昇度,4オリア7クオレ13イコサ調子偏差値へ
202504010211,能力,7ブシン10ジュン11シアータイム指数へ
202504010211,上昇度,4レッド6ロード8レディ調子偏差値へ
202504010212,能力,4タイキ5ベスト11サンラタイム指数へ
202504010212,上昇度,7テクノ9メイシ11サンラ調子偏差値へ
202504010301,上昇度,3コスモ6マホロ7アクア調子偏差値へ
202504010302,能力,1セブン6ビービ12メイシタイム指数へ
202504010302,上昇度,5ウイン7ノイエ9キンセ調子偏差値へ
202504010303,能力,2オース3リード6コオリタイム指数へ
202504010303,上昇度,6コオリ11パッシ14エファ調子偏差値へ
202504010304,上昇度,2ローデ4ザスリ6メイシ調子偏差値へ
202504010305,能力,2ノーブ3ベール4エマリタイム指数へ
202504010305,上昇度,3ベール9プレミ13ライト調子偏差値へ
202504010306,能力,5サミダ8マイネ10ミッドタイム指数へ
202504010306,上昇度,6メイシ7グラン11ロード調子偏差値へ
202504010307,能力,3ヴァズ4サンセ5キョウタイム指数へ
202504010307,上昇度,2パルメ9キセキ10ロマン調子偏差値へ
202504010308,能力,1ベンダ3メレカ10マーゴタイム指数へ
202504010308,上昇度,1ベンダ11グリン12ランス調子偏差値へ
202504010309,能力,1レッド7グレイ8レオンタイム指数へ
202504010309,上昇度,1レッド4クイー5ビヨン調子偏差値へ
202504010311,能力,2スコー12ランド15カフジタイム指数へ
202504010311,上昇度,3エコロ15カフジ16レベレ調子偏差値へ
202504010401,能力,1シェー5フクキ8ピコピタイム指数へ
202504010401,上昇度,5フクキ11レイバ12フルセ調子偏差値へ
202504010402,能力,2タッカ7ロッキ11アスコタイム指数へ
202504010402,上昇度,2タッカ12ジュエ15テイエ調子偏差値へ
202504010403,能力,2エオア6キタノ9グレイタイム指数へ
202504010403,上昇度,2エオア6キタノ14ロワゾ調子偏差値へ
202504010404,上昇度,10トーセ12イヴニ14タガノ調子偏差値へ
202504010405,能力,7グラフ10ミサト15キタノタイム指数へ
202504010405,上昇度,5ライネ11ウィン12イルジ調子偏差値へ
202504010406,能力,6ラース7ブラッ16マグネタイム指数へ
202504010406,上昇度,1モズア3タガノ13ヴィア調子偏差値へ
202504010407,能力,5ザロッ7レッド8ヤマニタイム指数へ
202504010407,上昇度,9ガレス12ジュン13ディー調子偏差値へ
202504010408,能力,4ナムラ5マイネ12ケイツタイム指数へ
202504010408,上昇度,1ファイ5マイネ6イモー調子偏差値へ
202504010409,能力,1クレオ4デボラ9オンザタイム指数へ
202504010409,上昇度,1クレオ2ハヤテ8ハイフ調子偏差値へ
202504010410,能力,8メイシ9テーオ15プレイタイム指数へ
202504010410,上昇度,1アレク5テーオ6ユメハ調子偏差値へ
202504010411,能力,7ヤマニ8ブトン14マルデタイム指数へ
202504010411,上昇度,3キタウ5グラン10スカイ調子偏差値へ
202504010412,能力,8ミエノ9ソング12トモジタイム指数へ
202504010412,上昇度,1グラン3メラヴ12トモジ調子偏差値へ
202504010501,能力,2ミセス3カスバ5セラドタイム指数へ
202504010501,上昇度,5セラド12スルー15カワキ調子偏差値へ
202504010502,能力,3セイル11インデ15アイアタイム指数へ
202504010502,上昇度,1テイエ3セイル9ウイン調子偏差値へ
202504010503,能力,3ミクニ8フェイ10オビドタイム指数へ
202504010503,上昇度,1ライヴ3ミクニ4ハツヒ調子偏差値へ
202504010505,能力,10キーチ11スティ12サンカタイム指数へ
202504010505,上昇度,1アレグ9ヴォル13サトノ調子偏差値へ
202504010508,能力,5フェリ7フェゲ13キタサタイム指数へ
202504010508,上昇度,10アッシ12シトラ15ハルオ調子偏差値へ
202504010509,能力,4ネイサ7ファイ8スピンタイム指数へ
202504010509,上昇度,4ネイサ6アドマ7ファイ調子偏差値へ
202504010510,能力,6ダディ7カゼノ11ジェネタイム指数へ
202504010510,上昇度,2ネビュ3イモー8ラオラ調子偏差値へ
202504010511,能力,9エピフ11サイル15ボーンタイム指数へ
202504010511,上昇度,1カネフ9エピフ10マテン調子偏差値へ
202504010512,能力,4シャー5スノー10ゴッドタイム指数へ
202504010512,上昇度,1ネイル2ショウ14マイネ調子偏差値へ
202504010601,能力,2コナベ4エイシ12ミズイタイム指数へ
202504010601,上昇度,2コナベ6ムーン9ルナプ調子偏差値へ
202504010602,能力,5メイシ6ミニョ13メイシタイム指数へ
202504010602,上昇度,3サトノ12ヴィオ13メイシ調子偏差値へ
202504010603,能力,5レヴァ6タイセ9キープタイム指数へ
202504010603,上昇度,3メイシ5レヴァ11ハーフ調子偏差値へ
202504010604,上昇度,3デザー5アナザ7ウイン調子偏差値へ
202504010605,上昇度,2カシノ7カズラ12コスモ調子偏差値へ
202504010608,能力,4プラム5マグマ10エイブタイム指数へ
202504010608,上昇度,1カビー2タナバ12シルバ調子偏差値へ
202504010609,能力,3ジョウ5オコジ9レジータイム指数へ
202504010609,上昇度,8アウク9レジー15ラクサ調子偏差値へ
202504010610,能力,1ドラゴ6ピクシ8ファミタイム指数へ
202504010610,上昇度,2ストッ4エコロ7コスモ調子偏差値へ
202504010611,能力,2ロジシ4プッシ10ファータイム指数へ
202504010611,上昇度,1マイネ3ウィス4プッシ調子偏差値へ
202504010612,能力,7ゲキザ8メレカ13ララマタイム指数へ
202504010612,上昇度,5アーバ6グレイ14ブリス調子偏差値へ
202504010701,上昇度,1ヒート5エター7ワール調子偏差値へ
202505010801,能力,6グレイ11プライ14バーンタイム指数へ
202505010801,上昇度,2ポッド4カイト6グレイ調子偏差値へ
202505010802,能力,7フィー8ディペ14ノイシタイム指数へ
202505010802,上昇度,1ベイビ14ノイシ15パワー調子偏差値へ
202505010804,能力,6オプレ11ハニー14コインタイム指数へ
202505010804,上昇度,5モティ13ルール14コイン調子偏差値へ
202505010805,能力,1ダノン11ソード13イミグタイム指数へ
202505010805,上昇度,1ダノン4グーテ13イミグ調子偏差値へ
202505010806,能力,5トゥル10ソルト11ウインタイム指数へ
202505010806,上昇度,2ベスト7シアブ16マルコ調子偏差値へ
202505010807,能力,1アムー5タイセ7グラヴタイム指数へ
202505010807,上昇度,2バナマ7グラヴ12サムハ調子偏差値へ
202505010808,能力,2ニコラ6スティ10スカイタイム指数へ
202505010808,上昇度,4エール11サクセ12ノーブ調子偏差値へ
202505010809,能力,5ドラゴ8アドマ10タイセタイム指数へ
202505010809,上昇度,3プロミ4ダノン9ルクソ調子偏差値へ
202505010810,能力,5ルドヴ7フェミ10ナイトタイム指数へ
202505010810,上昇度,7フェミ10ナイト11アスク調子偏差値へ
202505010811,能力,1エンペ8ドゥラ12サンラタイム指数へ
202505010811,上昇度,2タガノ7サンデ11ペプチ調子偏差値へ
202505010812,能力,3トクシ11メイシ13レッドタイム指数へ
202505010812,上昇度,6チュウ9ヴァン11メイシ調子偏差値へ
202505020101,能力,11ミスブ13アオイ14リュクタイム指数へ
202505020101,上昇度,1オスカ2ヴェネ7ジェン調子偏差値へ
202505020102,能力,9アラス11ミステ16リネンタイム指数へ
202505020102,上昇度,3ワカギ9アラス12アリア調子偏差値へ
202505020103,能力,1セイス8ユース12ダカラタイム指数へ
202505020103,上昇度,4フーイ7ダブル14マオノ調子偏差値へ
202505020104,能力,6エリー8サラニ12ウインタイム指数へ
202505020104,上昇度,6エリー16ココレ17ママア調子偏差値へ
202505020105,能力,7ベラジ8フロウ17アーラタイム指数へ
202505020105,上昇度,5ダノン10ジーテ17アーラ調子偏差値へ
202505020106,能力,1ゴール3タガノ4クラリタイム指数へ
202505020106,上昇度,1ゴール9リアラ15ローズ調子偏差値へ
202505020107,能力,1アトリ2マーゴ7イリュタイム指数へ
202505020107,上昇度,1アトリ2マーゴ3チェイ調子偏差値へ
202505020108,能力,1ドリー2ヴァン6ゴールタイム指数へ
202505020108,上昇度,6ゴール7パルテ11ユニヴ調子偏差値へ
202505020109,能力,5パンジ8ブエナ9ロードタイム指数へ
202505020109,上昇度,2ラーテ6レッド9ロード調子偏差値へ
202505020110,能力,6ムーヴ13エスト15ビダータイム指数へ
202505020110,上昇度,2アンシ14ジャス16ペプチ調子偏差値へ
202505020111,能力,4ゲルチ6ヤマニ9ファイタイム指数へ
202505020111,上昇度,8ガルダ9ファイ13パッシ調子偏差値へ
202505020112,能力,3ショウ13カプラ14ターコタイム指数へ
202505020112,上昇度,2ヒスト6フミサ16サイモ調子偏差値へ
202505020201,能力,4ポート7アイス13エイミタイム指数へ
202505020201,上昇度,8ルージ10ミッシ13エイミ調子偏差値へ
202505020202,能力,2アルテ7トキノ14マーゴタイム指数へ
202505020202,上昇度,7トキノ10ダノン12ワウワ調子偏差値へ
202505020203,能力,8エムテ10ガンハ11アルマタイム指数へ
202505020203,上昇度,4ブルー5ピース6ディラ調子偏差値へ
202505020204,能力,2ムーン9イフル11レヴータイム指数へ
202505020204,上昇度,1エバー2ムーン10メイシ調子偏差値へ
202505020205,能力,3ジーテ8アール13キアラタイム指数へ
202505020205,上昇度,3ジーテ10テルケ14エメラ調子偏差値へ
202505020206,能力,1エンペ5カザン8ルパヴタイム指数へ
202505020206,上昇度,3ニシノ5カザン8ルパヴ調子偏差値へ
202505020207,能力,2ホワイ3ニシノ12ネオシタイム指数へ
202505020207,上昇度,4アスク11メンド14バラン調子偏差値へ
202505020208,能力,7サクラ9ヨウシ14メイシタイム指数へ
202505020208,上昇度,1ウェイ7サクラ10シンバ調子偏差値へ
202505020209,能力,4メイシ5ハピネ8イサチタイム指数へ
202505020209,上昇度,1サトミ5ハピネ10レッド調子偏差値へ
202505020210,能力,1バトゥ6バトル8タマモタイム指数へ
202505020210,上昇度,6バトル8タマモ11モズミ調子偏差値へ
202505020211,能力,4エンジ6ティラ14マイスタイム指数へ
202505020211,上昇度,1タガノ8マーゴ16ロジャ調子偏差値へ
202505020212,能力,1ウィン7アンジ10トーセタイム指数へ
202505020212,上昇度,1ウィン9ルージ13トウカ調子偏差値へ
202505020301,能力,2モーニ6キカオ16エレパタイム指数へ
202505020301,上昇度,7マグノ8マオノ11チッピ調子偏差値へ
202505020302,能力,5グラス11テルケ16ヴィジタイム指数へ
202505020302,上昇度,5グラス13ホロヨ15エンド調子偏差値へ
202505020303,能力,2ユイノ5ロミヒ7ロックタイム指数へ
202505020303,上昇度,6ヤマニ11フラワ14シュガ調子偏差値へ
202505020304,能力,2ウィン5マイネ7メイシタイム指数へ
202505020304,上昇度,2ウィン9ディプ12ユイノ調子偏差値へ
202505020305,能力,2ショウ4ダノン9レッドタイム指数へ
202505020305,上昇度,1ヴァリ6ウイン7サザン調子偏差値へ
202505020306,能力,1デュア5トラス6ベストタイム指数へ
202505020306,上昇度,3パスト4シルヴ5トラス調子偏差値へ
202505020307,能力,12ノルド15モナコ16フリッタイム指数へ
202505020307,上昇度,3ファー5アドア6トルズ調子偏差値へ
202505020308,能力,5バレン6ジュン7スピータイム指数へ
202505020308,上昇度,3ノーブ5バレン6ジュン調子偏差値へ
202505020309,能力,2フルオ11レッド14オメガタイム指数へ
202505020309,上昇度,3ブレス5アーム6イーサ調子偏差値へ
202505020310,能力,3ジュー8グロー9ケリフタイム指数へ
202505020310,上昇度,2メラン5ルージ10パート調子偏差値へ
202505020311,能力,3ママコ4ロジリ9トウシタイム指数へ
202505020311,上昇度,2カルロ6バルサ9トウシ調子偏差値へ
202505020312,能力,4ラタフ5レッド6カムラタイム指数へ
202505020312,上昇度,3ファイ8ニフェ13スズカ調子偏差値へ
202505020401,能力,1トーケ5ランメ6ガラクタイム指数へ
202505020401,上昇度,2ドヒョ6ガラク13ロベル調子偏差値へ
202505020402,能力,1ウフド5ポッド9レッドタイム指数へ
202505020402,上昇度,4ハンク5ポッド10サイモ調子偏差値へ
202505020403,能力,1ナイト4ノアヴ10サトミタイム指数へ
202505020403,上昇度,5オルロ12キタノ15ロンデ調子偏差値へ
202505020404,能力,4コア10ポッド12チェンタイム指数へ
202505020404,上昇度,1シャド2タイヨ8アオイ調子偏差値へ
202505020405,能力,1アロー3タイキ16テルケタイム指数へ
202505020405,上昇度,4ラファ7キュー9ジェノ調子偏差値へ
202505020406,能力,4ハリー13サディ16ガビータイム指数へ
202505020406,上昇度,3ジーテ13サディ15プライ調子偏差値へ
202505020407,能力,1メイシ7ペネト10シーリタイム指数へ
202505020407,上昇度,1メイシ6トゥル7ペネト調子偏差値へ
202505020408,能力,1カニキ5サトノ7タイキタイム指数へ
202505020408,上昇度,1カニキ7タイキ8エイム調子偏差値へ
202505020409,能力,1アスク10メリオ11ソリダタイム指数へ
202505020409,上昇度,1アスク8スパー12ショウ調子偏差値へ
202505020410,能力,3マンマ13ルクス15バハルタイム指数へ
202505020410,上昇度,7ウェル12ピュア14ダイシ調子偏差値へ
202505020411,能力,8アスク9インパ10レッドタイム指数へ
202505020411,上昇度,2ジョイ9インパ11レイニ調子偏差値へ
202505020412,能力,5スピリ7スペシ13ケンキタイム指数へ
202505020412,上昇度,7スペシ11サフラ14ピック調子偏差値へ
202505020501,能力,2シルフ5ハーモ6ショウタイム指数へ
202505020501,上昇度,5ハーモ8グルー13ペイシ調子偏差値へ
202505020502,能力,4マーゴ12ハナウ14ホウオタイム指数へ
202505020502,上昇度,4マーゴ6マブア14ホウオ調子偏差値へ
202505020503,能力,2アース11ヘリオ13エイシタイム指数へ
202505020503,上昇度,2アース3ユウオ8ダイタ調子偏差値へ
202505020504,能力,1ナヴァ7イリュ8ルディタイム指数へ
202505020504,上昇度,2モンツ4ホウオ7イリュ調子偏差値へ
202505020505,能力,11ダング12ポッド15アーラタイム指数へ
202505020505,上昇度,2ポッド9トレヴ10ユキノ調子偏差値へ
202505020506,能力,3トレサ5ジュン7ノラリタイム指数へ
202505020506,上昇度,3トレサ4ドルビ6ヴォラ調子偏差値へ
202505020507,能力,1カサブ8トルー11グラスタイム指数へ
202505020507,上昇度,8トルー11グラス13エコロ調子偏差値へ
202505020508,能力,4ニシノ5カリー7スカイタイム指数へ
202505020508,上昇度,3ナファ4ニシノ10システ調子偏差値へ
202505020509,能力,3ムーン12ニシノ13アルセタイム指数へ
202505020509,上昇度,1ココク11トーセ12ニシノ調子偏差値へ
202505020510,能力,1サノノ7ポール10ベルジタイム指数へ
202505020510,上昇度,1サノノ8イサナ10ベルジ調子偏差値へ
202505020511,能力,7コント12ディー15カラテタイム指数へ
202505020511,上昇度,2シュト3エヒト7コント調子偏差値へ
202505020512,能力,3ニシノ7イノセ8アルジタイム指数へ
202505020512,上昇度,4エリカ10イルザ14メジャ調子偏差値へ
202505020601,能力,5ラルガ8ピンキ11ヒサエタイム指数へ
202505020601,上昇度,4キタノ9パレデ10アヤチ調子偏差値へ
202505020602,能力,3キョウ11アラス12マックタイム指数へ
202505020602,上昇度,6ペイシ10シアト14ジーテ調子偏差値へ
202505020603,能力,5ディフ7ヴァー8ピエナタイム指数へ
202505020603,上昇度,3ヘヴン5ディフ7ヴァー調子偏差値へ
202505020604,能力,1キタサ2レイン15アルデタイム指数へ
202505020604,上昇度,7マンゲ11ズイシ12ワイド調子偏差値へ
202505020605,能力,11ハルノ12シャイ16オタマタイム指数へ
202505020605,上昇度,1オーレ5シドニ14タイセ調子偏差値へ
202505020606,能力,4ラヴス5エール9エフォタイム指数へ
202505020606,上昇度,5エール6ウイン8アンタ調子偏差値へ
202505020607,能力,1シンハ3アヴニ4ピンキタイム指数へ
202505020607,上昇度,1シンハ3アヴニ4ピンキ調子偏差値へ
202505020608,能力,1トラジ7ブレイ11プチブタイム指数へ
202505020608,上昇度,6ヒロピ10ライン11プチブ調子偏差値へ
202505020609,能力,1カズタ5シゲル11ソウルタイム指数へ
202505020609,上昇度,7グラヴ8ホウオ9キャネ調子偏差値へ
202505020610,能力,2シルト5マイネ9バラジタイム指数へ
202505020610,上昇度,1エンド8ケイア10ブレイ調子偏差値へ
202505020611,能力,5ランス9マイネ18コートタイム指数へ
202505020611,上昇度,5ランス7トータ18コート調子偏差値へ
202505020612,能力,5グロッ9ナイト11ジョデタイム指数へ
202505020612,上昇度,6サンラ10ダノン11ジョデ調子偏差値へ
202505020701,能力,1ミュー4エイミ10ジェンタイム指数へ
202505020701,上昇度,7フレー9コット14マジョ調子偏差値へ
202505020702,能力,5ヴェル15アバレ16フェアタイム指数へ
202505020702,上昇度,1ナイト13ナック14ララパ調子偏差値へ
202505020703,能力,4ヒルビ11エムテ12シンガタイム指数へ
202505020703,上昇度,5マサユ10アイビ13カイト調子偏差値へ
202505020704,能力,6エポナ12デルマ14リポサタイム指数へ
202505020704,上昇度,5アデー7ヴィヴ9サクラ調子偏差値へ
202505020705,能力,1ベラジ10ショウ16ウインタイム指数へ
202505020705,上昇度,1ベラジ13ファラ14マロン調子偏差値へ
202505020706,能力,3オスト5ダノン6ホウオタイム指数へ
202505020706,上昇度,2サイモ7ウイン8エデル調子偏差値へ
202505020707,能力,5ピッツ7トリリ8ダイシタイム指数へ
202505020707,上昇度,2ベンヌ4ミルト7トリリ調子偏差値へ
202505020708,能力,3メイシ6ユニヴ9ソニッタイム指数へ
202505020708,上昇度,5レイズ9ソニッ10スパー調子偏差値へ
202505020709,能力,2エルフ6ルージ8エバータイム指数へ
202505020709,上昇度,3フォー6ルージ9ハニー調子偏差値へ
202505020710,能力,1アンジ8トーセ11スピリタイム指数へ
202505020710,上昇度,1アンジ2タイセ7タリエ調子偏差値へ
202505020711,能力,6ミスタ10ナイト11ルドヴタイム指数へ
202505020711,上昇度,6ミスタ7ラスカ11ルドヴ調子偏差値へ
202505020712,能力,3バラン4ロフテ5ベルフタイム指数へ
202505020712,上昇度,1カルネ10ドレミ13レグザ調子偏差値へ
202505020801,能力,7ブリッ10ミステ14ロアリタイム指数へ
202505020801,上昇度,1エレレ2ジェイ16マーレ調子偏差値へ
202505020802,能力,11ルージ15リカー16シウダタイム指数へ
202505020802,上昇度,3スフレ5ジュー9フェリ調子偏差値へ
202505020803,能力,7ユイノ9リアル14ルクスタイム指数へ
202505020803,上昇度,2タケル3インサ11マリア調子偏差値へ
202505020804,能力,7ボウウ10ロード11ハーバタイム指数へ
202505020804,上昇度,5アクロ7ボウウ10ロード調子偏差値へ
202505020805,能力,1ビリン4ワーキ9イフルタイム指数へ
202505020805,上昇度,5ジャッ7ポッド11バトラ調子偏差値へ
202505020806,能力,8アンズ9メモリ16ユーデタイム指数へ
202505020806,上昇度,2パイシ10ヒミノ13マタミ調子偏差値へ
202505020807,能力,1サザン6ラブリ9ロードタイム指数へ
202505020807,上昇度,3エメラ4モティ7マーズ調子偏差値へ
202505020808,能力,4アドミ5クラウ8フォルタイム指数へ
202505020808,上昇度,4アドミ7フロス8フォル調子偏差値へ
202505020809,能力,2エイム6オーシ9マテンタイム指数へ
202505020809,上昇度,5コンテ6オーシ8ボーモ調子偏差値へ
202505020810,能力,3プルナ5マンダ12ショウタイム指数へ
202505020810,上昇度,7オウギ8ロミオ10ビヨン調子偏差値へ
202505020811,能力,2ステレ5ラヴェ17アスコタイム指数へ
202505020811,上昇度,1クリス10ボンド18アリス調子偏差値へ
202505020812,能力,3ドンレ8アッチ9ストレタイム指数へ
202505020812,上昇度,2カフェ8アッチ16ライジ調子偏差値へ
202505020901,能力,1ガラク8フォン12ハッピタイム指数へ
202505020901,上昇度,6ヴェネ9クール13サマー調子偏差値へ
202505020902,能力,2キチロ7ブルー11ウフドタイム指数へ
202505020902,上昇度,1ガンバ5イスラ11ウフド調子偏差値へ
202505020903,能力,7エマー8トレイ12ラントタイム指数へ
202505020903,上昇度,1ディベ7エマー13オンザ調子偏差値へ
202505020904,能力,6エンゲ8アビッ16ミカエタイム指数へ
202505020904,上昇度,2テンド6エンゲ16ミカエ調子偏差値へ
202505020905,能力,5ブラン9アリス15マイネタイム指数へ
202505020905,上昇度,1ミンス5ブラン14ヒンメ調子偏差値へ
202505020906,能力,3エドワ10ノアヴ14ピコレタイム指数へ
202505020906,上昇度,5ブレイ7ネクス14ピコレ調子偏差値へ
202505020907,能力,1タイキ5レイク6ドリータイム指数へ
202505020907,上昇度,1タイキ12エコロ13アスク調子偏差値へ
202505020908,能力,1サトノ5フリッ10アルニタイム指数へ
202505020908,上昇度,10アルニ13ペイシ16ウィウ調子偏差値へ
202505020909,能力,6マイエ8ルナル9エストタイム指数へ
202505020909,上昇度,1コスモ2ニシノ8ルナル調子偏差値へ
202505020910,能力,2ペリフ4カリー11トラペタイム指数へ
202505020910,上昇度,1アイフ3ホーク11トラペ調子偏差値へ
202505020911,能力,12インユ13コンク15ビダータイム指数へ
202505020911,上昇度,7ジャス11コパノ13コンク調子偏差値へ
202505020912,能力,2マスグ9カプラ11アオイタイム指数へ
202505020912,上昇度,10スペイ11アオイ14グラヴ調子偏差値へ
202505021001,能力,5ナムラ9ポート16トーケタイム指数へ
202505021001,上昇度,8アルマ12パッヘ16トーケ調子偏差値へ
202505021002,能力,2ハクシ11ラスト13ホウオタイム指数へ
202505021002,上昇度,1ミクニ2ハクシ13ホウオ調子偏差値へ
202505021003,能力,6ショウ14エンジ16シルフタイム指数へ
202505021003,上昇度,8ゲンキ15ブルー16シルフ調子偏差値へ
202505021004,能力,5ハニー6ララバ9ジャサタイム指数へ
202505021004,上昇度,3ケルテ12ディプ14ブレゲ調子偏差値へ
202505021005,能力,3コア6コスモ11オルグタイム指数へ
202505021005,上昇度,6コスモ10デルマ11オルグ調子偏差値へ
202505021006,能力,2セギレ3グラン5トニケタイム指数へ
202505021006,上昇度,1クイン3グラン8ナイン調子偏差値へ
202505021007,能力,2ティム3ズイウ6コンテタイム指数へ
202505021007,上昇度,5オウケ7リアル8サンセ調子偏差値へ
202505021008,能力,2サツキ5フォル6ウェイタイム指数へ
202505021008,上昇度,6ウェイ13サイモ16ルージ調子偏差値へ
202505021009,能力,5ビジュ6コルレ8ティンタイム指数へ
202505021009,上昇度,1コスモ6コルレ8ティン調子偏差値へ
202505021010,能力,1レッド5グロリ8サトミタイム指数へ
202505021010,上昇度,1レッド2シュヴ3オメガ調子偏差値へ
202505021011,能力,1アルマ17ケリフ18エリカタイム指数へ
202505021011,上昇度,3パラデ7レーゼ11ウィル調子偏差値へ
202505021012,能力,3オメガ12コスモ15マテンタイム指数へ
202505021012,上昇度,7ペンテ12コスモ16セブン調子偏差値へ
202505021101,能力,3シュガ5ロアリ13ペイシタイム指数へ
202505021101,上昇度,3シュガ6フルグ9アルマ調子偏差値へ
202505021102,能力,4メイシ9デルマ16オビドタイム指数へ
202505021102,上昇度,1ジャヴ3エター12ブライ調子偏差値へ
202505021103,能力,1ガジュ9ダンケ11ミライタイム指数へ
202505021103,上昇度,1ガジュ9ダンケ14ファス調子偏差値へ
202505021104,上昇度,1ゲイン8スズカ13アルカ調子偏差値へ
202505021105,能力,4コスモ8ネポテ16マイネタイム指数へ
202505021105,上昇度,3タイシ4コスモ9メイシ調子偏差値へ
202505021106,能力,5ブラッ6マテン9タガノタイム指数へ
202505021106,上昇度,5ブラッ6マテン7ホウオ調子偏差値へ
202502011001,能力,1リオマ10ドナソ11ワイドタイム指数へ
202502011001,上昇度,6ウレシ11ワイド12トーセ調子偏差値へ
202502011002,能力,1ハッピ5ハイゼ10バッドタイム指数へ
202502011002,上昇度,1ハッピ2ケング8スフレ調子偏差値へ
202502011003,能力,1チェン2ファリ8ブラヴタイム指数へ
202502011003,上昇度,5ロード11ブロン13ビリオ調子偏差値へ
202502011004,能力,2セイス5ロード13トモジタイム指数へ
202502011004,上昇度,1レクエ3ハクサ4ウェカ調子偏差値へ
202502011006,能力,3ペール4デルマ5シカレタイム指数へ
202502011006,上昇度,3ペール11マイネ15ロパシ調子偏差値へ
202502011007,能力,4イリス7エイシ13フラッタイム指数へ
202502011007,上昇度,1ロート6ソニッ14ネクス調子偏差値へ
202502011008,能力,1ショウ6トモジ11アイウタイム指数へ
202502011008,上昇度,3サトノ9ホウオ11アイウ調子偏差値へ
202502011009,能力,4リッチ5ジルバ6アルゲタイム指数へ
202502011009,上昇度,2ヒロノ6アルゲ10ブラッ調子偏差値へ
202502011010,能力,5ニルア9テイエ12ルーラタイム指数へ
202502011010,上昇度,1ヴェラ3サザン7クラリ調子偏差値へ
202502011011,能力,4ケイア6ソリダ10コントタイム指数へ
202502011011,上昇度,3ドナベ9カヨウ12ウイン調子偏差値へ
202502011012,能力,1パッシ2マキシ5ハリウタイム指数へ
202502011012,上昇度,1パッシ5ハリウ8ブライ調子偏差値へ
202502011101,能力,2ジャス7セレー9スマータイム指数へ
202502011101,上昇度,4ブルー8ラシッ11シャイ調子偏差値へ
202502011102,能力,1ハイエ5プレイ10レストタイム指数へ
202502011102,上昇度,4エーデ5プレイ12フルグ調子偏差値へ
202502011103,能力,1ケイア3アルデ5ドルチタイム指数へ
202502011103,上昇度,8マブア11スティ12ハイア調子偏差値へ
202502011104,能力,3マゴイ4アンビ9ベールタイム指数へ
202502011104,上昇度,2ウェー5キント6ブラッ調子偏差値へ
202502011105,能力,9ハクサ13クック15スイータイム指数へ
202502011105,上昇度,1コンス6リュウ15スイー調子偏差値へ
202502011106,能力,3ヒシカ7エマー13ザハンタイム指数へ
202502011106,上昇度,1ゴール3ヒシカ11サンラ調子偏差値へ
202502011107,能力,5サンポ6ルージ14エリカタイム指数へ
202502011107,上昇度,4シンデ5サンポ7グッバ調子偏差値へ
202502011108,能力,7ランス8ライフ10ルルシタイム指数へ
202502011108,上昇度,1ハミル2メイシ8ライフ調子偏差値へ
202502011109,能力,2サクラ6サトノ8ソルトタイム指数へ
202502011109,上昇度,5ツーエ7ウイン10ラウダ調子偏差値へ
202502011110,能力,5オルノ7リラボ8ピンクタイム指数へ
202502011110,上昇度,2ムガ3ジョイ10ウイン調子偏差値へ
202502011111,能力,6ハビレ8レディ13ダンテタイム指数へ
202502011111,上昇度,4ワール6ハビレ9ボルザ調子偏差値へ
202502011112,能力,2ラセー6マジカ9ミクスタイム指数へ
202502011112,上昇度,3クレセ6マジカ12ビッグ調子偏差値へ
202502011201,能力,2クワイ4コルテ16ワイズタイム指数へ
202502011201,上昇度,1ストー3ライト12ヨッシ調子偏差値へ
202502011202,能力,1クイン6ナリタ12コスモタイム指数へ
202502011202,上昇度,1クイン10ビスケ13エイシ調子偏差値へ
202502011203,能力,3ヤマノ5ビジュ7ハニータイム指数へ
202502011203,上昇度,7ハニー9サトノ12オニム調子偏差値へ
202502011204,能力,2レズル5サトミ12アーロタイム指数へ
202502011204,上昇度,1リバテ4スマー10ビップ調子偏差値へ
202502011206,能力,2ヒロノ6スピリ9ブラヴタイム指数へ
202502011206,上昇度,5ラース10アルデ16アイズ調子偏差値へ
202502011207,能力,2ルシー7ミッキ12ビーマタイム指数へ
202502011207,上昇度,2ルシー4フェリ7ミッキ調子偏差値へ
202502011208,能力,2レクス6オール7ペリプタイム指数へ
202502011208,上昇度,2レクス3バルナ7ペリプ調子偏差値へ
202502011209,能力,1トウカ6アニト13ヴァンタイム指数へ
202502011209,上昇度,1トウカ2モズナ3キョウ調子偏差値へ
202502011210,能力,1アレク6タイセ11グランタイム指数へ
202502011210,上昇度,7デフィ10メイシ12ブレイ調子偏差値へ
202502011211,能力,2カイシ8ブラッ11トウカタイム指数へ
202502011211,上昇度,8ブラッ10スター11トウカ調子偏差値へ
202502011212,能力,1マシュ5ブルー11ホウオタイム指数へ
202502011212,上昇度,6ダオラ7アーロ12キング調子偏差値へ
202503020301,上昇度,1リレー4テンメ10エター調子偏差値へ
202503020401,上昇度,9ウィズ10ユイノ12ゴーツ調子偏差値へ
202503020701,上昇度,2スピア5フリー7スズカ調子偏差値へ
202503020801,上昇度,3サウン4ファベ14モズク調子偏差値へ
202503030204,上昇度,3グラヴ6マグナ8ノーダ調子偏差値へ
202503030205,上昇度,1サラフ2ボルタ9デステ調子偏差値へ
202503030404,上昇度,2メイシ3プリン4コレク調子偏差値へ
202503030405,上昇度,3アスク8ホーク9チンプ調子偏差値へ
202503030504,上昇度,3ビリオ6トラス9ストー調子偏差値へ
202503030505,上昇度,2マイネ4エンデ6ネロコ調子偏差値へ
202503030604,上昇度,5フジフ11インタ13オステ調子偏差値へ
202504010101,上昇度,3プリン11ホウオ12フリー調子偏差値へ
202504010104,上昇度,4ティー8リレー10サンマ調子偏差値へ
202504010204,上昇度,6ジーテ11ビオグ12ミルト調子偏差値へ
202504010301,上昇度,3コスモ6マホロ7アクア調子偏差値へ
202504010304,上昇度,2ローデ4ザスリ6メイシ調子偏差値へ
202504010310,能力,6ボクラ8ゼンノ11マイフタイム指数へ
202504010310,上昇度,2キーチ3ダノン8ゼンノ調子偏差値へ
202504010312,能力,1ミルミ11オンマ12ルミナタイム指数へ
202504010312,上昇度,4サラマ11オンマ14ゴール調子偏差値へ
202504010404,上昇度,10トーセ12イヴニ14タガノ調子偏差値へ
202504010504,能力,5ベネス8サント11ハミルタイム指数へ
202504010504,上昇度,2アンフ9サファ12ライヴ調子偏差値へ
202504010506,能力,6ラピッ10ケイマ16ルナテタイム指数へ
202504010506,上昇度,6ラピッ8アーバ11レイワ調子偏差値へ
202504010507,能力,2ベルイ4ロステ9ミツカタイム指数へ
202504010507,上昇度,3ヒロイ4ロステ5グラン調子偏差値へ
202504010604,上昇度,3デザー5アナザ7ウイン調子偏差値へ
202504010605,上昇度,2カシノ7カズラ12コスモ調子偏差値へ
202504010606,能力,5キタノ6コスモ11メイシタイム指数へ
202504010606,上昇度,1インタ11メイシ13サルフ調子偏差値へ
202504010607,能力,4クスク11コスモ13パヴァタイム指数へ
202504010607,上昇度,8シンド9ディー12ロジウ調子偏差値へ
202504010701,上昇度,1ヒート5エター7ワール調子偏差値へ
202504010702,能力,1ルージ11アウス13コスモタイム指数へ
202504010702,上昇度,1ルージ12アップ13コスモ調子偏差値へ
202504010703,能力,3ミッキ12ゼット15ジョイタイム指数へ
202504010703,上昇度,11ベスト13イタリ14イチザ調子偏差値へ
202504010704,上昇度,1ジーテ4サトノ5セファ調子偏差値へ
202504010705,能力,3ベール4ヴォワ11ジョリタイム指数へ
202504010705,上昇度,1マイネ2リュウ6ウィズ調子偏差値へ
202504010706,能力,1メイシ3アイル13ノイシタイム指数へ
202504010706,上昇度,3アイル7デルマ9ホウオ調子偏差値へ
202504010707,能力,1ハーフ2セゾン15オカゲタイム指数へ
202504010707,上昇度,5ヒオウ9メイシ13ジュン調子偏差値へ
202504010708,能力,4カレン8キョウ10ヴァズタイム指数へ
202504010708,上昇度,1イエロ7ブレー13メイシ調子偏差値へ
202504010709,能力,5フウセ6ゼンダ14カウンタイム指数へ
202504010709,上昇度,2ミライ6ゼンダ11ヴェナ調子偏差値へ
202504010710,能力,1ウイン3オリー16スズカタイム指数へ
202504010710,上昇度,2イゾレ3オリー4ニホン調子偏差値へ
202504010711,能力,6ホーク7ゴール12セシリタイム指数へ
202504010711,上昇度,1エコロ2ジオパ12セシリ調子偏差値へ
202504010712,能力,5カフェ9ライト15ヨドノタイム指数へ
202504010712,上昇度,5カフェ7メイシ13ジーベ調子偏差値へ
202504010801,能力,1ラース5ノーブ8デュエタイム指数へ
202504010801,上昇度,1ラース10フェス11ベスト調子偏差値へ
202504010802,能力,6アテナ8ジュエ11タブロタイム指数へ
202504010802,上昇度,3エリュ11タブロ14タマゴ調子偏差値へ
202504010803,能力,3キタノ10ゴット12メイシタイム指数へ
202504010803,上昇度,5ノメン11イージ12メイシ調子偏差値へ
202504010804,上昇度,4ビーン9トゥラ11バレン調子偏差値へ
202504010805,能力,6パープ10ムーン14グラツタイム指数へ
202504010805,上昇度,6パープ8フラン10ムーン調子偏差値へ
202504010806,能力,3リギー5マイネ8ミッドタイム指数へ
202504010806,上昇度,2レイヤ6ホウオ15リーテ調子偏差値へ
202504010807,能力,7エブラ8オンマ13カネコタイム指数へ
202504010807,上昇度,5クイー12ローズ14ベニシ調子偏差値へ
202504010808,能力,1ミエノ10ヒーロ13レディタイム指数へ
202504010808,上昇度,8イリス15マロン16シルバ調子偏差値へ
202504010809,能力,6マイネ9ルトゥ13シェアタイム指数へ
202504010809,上昇度,10ケイツ14メイシ15ゴール調子偏差値へ
202504010810,能力,4サフラ6モンド14モリノタイム指数へ
202504010810,上昇度,7クリニ12ニコラ13サイモ調子偏差値へ
202504010811,能力,2レッド7スリー11ドロッタイム指数へ
202504010811,上昇度,2レッド6ビリー12オーキ調子偏差値へ
202504010812,能力,1ウイン5メイシ10ストータイム指数へ
202504010812,上昇度,5メイシ8ドラミ10ストー調子偏差値へ
202504020101,能力,2サンク3ライヴ8ベアゴタイム指数へ
202504020101,上昇度,1ライン4セイウ6カゼノ調子偏差値へ
202504020104,能力,1フォン8ホウオ11サラニタイム指数へ
202504020104,上昇度,1フォン3ドリー6アルマ調子偏差値へ
202504020105,能力,3ロード6マイネ10ミエノタイム指数へ
202504020105,上昇度,5ワカム9ボウウ10ミエノ調子偏差値へ
202504020106,能力,1オール4チザル15クラウタイム指数へ
202504020106,上昇度,6パーサ11タマモ14サイモ調子偏差値へ
202504020107,能力,2ランド3イサチ6ワールタイム指数へ
202504020107,上昇度,3イサチ7アーム8ユキマ調子偏差値へ
202504020108,能力,3スーパ5インフ12レジータイム指数へ
202504020108,上昇度,7アルデ8マジカ11ニシノ調子偏差値へ
202504020109,能力,4コンパ7テーオ13レイオタイム指数へ
202504020109,上昇度,5ジェイ8ニシノ11セイウ調子偏差値へ
202504020110,能力,3ゲキザ5シャー14チャロタイム指数へ
202504020110,上昇度,5シャー10タイセ12フェス調子偏差値へ
202504020111,能力,3ドリー7セイロ14ピースタイム指数へ
202504020111,上昇度,5トゥル11ベスト13クラウ調子偏差値へ
202504020112,能力,10タイヨ13ダンケ16オカゲタイム指数へ
202504020112,上昇度,4ポッド6マリノ8ロンデ調子偏差値へ
202504020201,能力,2ディア5ジュリ7セルリタイム指数へ
202504020201,上昇度,1アビエ2ディア6ナター調子偏差値へ
202504020202,能力,4シシリ5ゾロア6ジーネタイム指数へ
202504020202,上昇度,2ソルト3クリス6ジーネ調子偏差値へ
202504020204,能力,3ディー5メイシ14セブンタイム指数へ
202504020204,上昇度,3ディー13グラン14セブン調子偏差値へ
202504020205,能力,6ロッカ12ゲンキ14トラスタイム指数へ
202504020205,上昇度,1スムー11ノック12ゲンキ調子偏差値へ
202504020206,能力,5コート10メイシ11チェルタイム指数へ
202504020206,上昇度,3アンビ4デンク6メタル調子偏差値へ
202504020207,能力,6ニシノ10トラン11ボンドタイム指数へ
202504020207,上昇度,4レガー6ニシノ18ダイシ調子偏差値へ
202504020208,能力,2モリノ7アルジ9ノットタイム指数へ
202504020208,上昇度,1メモリ2モリノ10シリウ調子偏差値へ
202504020209,能力,1ヴァン3マーゴ12コーカタイム指数へ
202504020209,上昇度,3マーゴ9プロフ13ブレー調子偏差値へ
202504020210,能力,2ギャラ7イフル14ディアタイム指数へ
202504020210,上昇度,8イサム10サバイ11ダノン調子偏差値へ
202504020211,能力,10ベルリ11ロジス14スウェタイム指数へ
202504020211,上昇度,2エスポ3イスラ7ニシノ調子偏差値へ
202504020212,能力,8レモン11ルパヴ13アストタイム指数へ
202504020212,上昇度,7ドゥム9ラブリ11ルパヴ調子偏差値へ
202504020301,上昇度,9アメリ12オーバ13ザロッ調子偏差値へ
202504020302,能力,5アバレ11レッド13センジタイム指数へ
202504020302,上昇度,8ミッキ9ガルガ15オンザ調子偏差値へ
202504020303,能力,3フレン5シンデ6イイクタイム指数へ
202504020303,上昇度,1シーキ5シンデ12エレク調子偏差値へ
202504020305,能力,9ジュリ12コオリ14マオノタイム指数へ
202504020305,上昇度,6エファ11フクチ15トレジ調子偏差値へ
202504020306,能力,2レッド5アンパ14ドリータイム指数へ
202504020306,上昇度,3カーラ5アンパ6ダイユ調子偏差値へ
202504020307,能力,8フルオ11ゴール12デコラタイム指数へ
202504020307,上昇度,1オレデ8フルオ13タクシ調子偏差値へ
202504020308,能力,2ヴァナ4ピクシ8ヴァルタイム指数へ
202504020308,上昇度,1ウィン9キャネ11プライ調子偏差値へ
202504020309,上昇度,1エンデ3サルサ9トゥラ調子偏差値へ
202504020310,能力,5メルシ6ファリ8アンクタイム指数へ
202504020310,上昇度,5メルシ7ブルー12トウタ調子偏差値へ
202504020311,能力,1アーラ2エンゲ16アンダタイム指数へ
202504020311,上昇度,1アーラ3ルック11デビュ調子偏差値へ
202504020312,能力,2ピコラ5ハーバ8オプレタイム指数へ
202504020312,上昇度,5ハーバ9パリモ10サラス調子偏差値へ
202504020401,上昇度,3ラパン4アナザ7サニー調子偏差値へ
202504020403,能力,1マイネ4ニシノ5ステラタイム指数へ
202504020403,上昇度,1マイネ3マイト4ニシノ調子偏差値へ
202504020405,能力,6タブロ8アイア11マロンタイム指数へ
202504020405,上昇度,7ウイン11マロン15ハイエ調子偏差値へ
202504020406,能力,1サダム3ナイト4フナデタイム指数へ
202504020406,上昇度,1サダム2マーシ5カフェ調子偏差値へ
202504020407,能力,6ピュー7ショウ10ウインタイム指数へ
202504020407,上昇度,5クムシ6ピュー8コラソ調子偏差値へ
202504020408,能力,2キヨラ3パッシ7ルトンタイム指数へ
202504020408,上昇度,3パッシ6ウイン9レヴー調子偏差値へ
202504020409,能力,3ノブレ9ホーク13ブランタイム指数へ
202504020409,上昇度,2ヒロノ9ホーク15ワウワ調子偏差値へ
202504020410,能力,5マーゴ8リアン11ハーモタイム指数へ
202504020410,上昇度,3アンビ4ブルー8リアン調子偏差値へ
202504020411,能力,2マカナ8パヴェ13ディベタイム指数へ
202504020411,上昇度,2マカナ11マイネ14ディー調子偏差値へ
202504020412,能力,4ビービ5ナムラ12ハッピタイム指数へ
202504020412,上昇度,5ナムラ7ラブア12ハッピ調子偏差値へ
202504020501,能力,4フレン9ラフレ12ムービタイム指数へ
202504020501,上昇度,2ニケフ4フレン13アイフ調子偏差値へ
202504020502,能力,3テルケ6セルジ8ストロタイム指数へ
202504020502,上昇度,2マイネ5コスモ9ヘラク調子偏差値へ
202504020504,能力,5ソナタ11リュト12エヌマタイム指数へ
202504020504,上昇度,4インサ11リュト15コーリ調子偏差値へ
202504020505,能力,5ミスエ9ルチア10ペッパタイム指数へ
202504020505,上昇度,5ミスエ9ルチア14アツキ調子偏差値へ
202504020506,能力,7グレイ12エバー14クロシタイム指数へ
202504020506,上昇度,7グレイ12エバー16クリニ調子偏差値へ
202504020507,能力,2ヤマニ9クルゼ13サンスタイム指数へ
202504020507,上昇度,4ホウオ5バラジ6トゥデ調子偏差値へ
202504020508,能力,3ハイヤ4ユウフ7ヤマメタイム指数へ
202504020508,上昇度,3ハイヤ4ユウフ8コック調子偏差値へ
202504020509,能力,1ビップ3ミツカ6コンアタイム指数へ
202504020509,上昇度,6コンア11ココボ14ヴィン調子偏差値へ
202504020510,能力,5フォル9アルジ13ワイノタイム指数へ
202504020510,上昇度,1イルザ6フェデ12ドラゴ調子偏差値へ
202504020511,能力,5チュッ9グリー12コウソタイム指数へ
202504020511,上昇度,2ショウ6ロッピ13ソープ調子偏差値へ
202504020512,能力,6プリン14クイー18ラウレタイム指数へ
202504020512,上昇度,7アユツ11アルデ14クイー調子偏差値へ
202504020601,能力,2セイウ7マイネ13カレンタイム指数へ
202504020601,上昇度,5タイセ13カレン18ライヴ調子偏差値へ
202504020604,能力,8アイス10インテ13マキャタイム指数へ
202504020604,上昇度,1ミズイ5ジュー12ミッシ調子偏差値へ
202504020605,能力,11マイネ15テンド16ウインタイム指数へ
202504020605,上昇度,3バイオ8グリス17ゴール調子偏差値へ
202504020606,能力,5ロジシ9ニシノ14マルチタイム指数へ
202504020606,上昇度,3マイネ4ミナデ9ニシノ調子偏差値へ
202504020607,能力,1ドンイ8サノノ12トリポタイム指数へ
202504020607,上昇度,3タガノ4ポール10ヴィン調子偏差値へ
202504020608,能力,5イコサ13ソルレ18エコロタイム指数へ
202504020608,上昇度,8ホーク14ペイシ15ゼンダ調子偏差値へ
202504020609,能力,4シルバ6ジョイ7ロッカタイム指数へ
202504020609,上昇度,3ボンジ5ホープ14リュウ調子偏差値へ
202504020610,能力,4セブン9ブレト15フォロタイム指数へ
202504020610,上昇度,1スマー3アデラ6ニシノ調子偏差値へ
202504020611,能力,5ピース8ズイウ11ファイタイム指数へ
202504020611,上昇度,2コイヌ5ピース9ディヴ調子偏差値へ
202504020612,能力,9ロンド10ダノン16ゴールタイム指数へ
202504020612,上昇度,3グラン7ハルオ18アルレ調子偏差値へ
202504020701,能力,4トルネ7ジェイ11グランタイム指数へ
202504020701,上昇度,5ジャス6レイラ8ジーネ調子偏差値へ
202504020702,能力,8ブライ12ブラン18キロノタイム指数へ
202504020702,上昇度,2タナハ3イルジ18キロノ調子偏差値へ
202504020703,能力,8プロメ10サラニ14ホウオタイム指数へ
202504020703,上昇度,6メイシ8プロメ12カサビ調子偏差値へ
202504020706,能力,4フォー7エスト9イージタイム指数へ
202504020706,上昇度,1ラルン3キュー7エスト調子偏差値へ
202504020707,能力,7ドンレ8パルデ15タガノタイム指数へ
202504020707,上昇度,1ワーク2ユステ7ドンレ調子偏差値へ
202504020708,能力,3エクス4ニフェ6ベルベタイム指数へ
202504020708,上昇度,1エンフ2ビター4ニフェ調子偏差値へ
202504020709,上昇度,1ヒート3フレッ12インプ調子偏差値へ
202504020710,能力,1クリプ9ワウワ12カーフタイム指数へ
202504020710,上昇度,7サカイ11ベニハ15アドマ調子偏差値へ
202504020711,能力,2アップ5アルデ17ハッピタイム指数へ
202504020711,上昇度,2アップ10シュラ11マオノ調子偏差値へ
202504020712,能力,1アスク4メジャ7ラインタイム指数へ
202504020712,上昇度,8コイン11ノブダ17マイネ調子偏差値へ
202504020801,上昇度,1ローン3ポッド11ロード調子偏差値へ
202504020802,能力,2テルケ10アバレ13クラウタイム指数へ
202504020802,上昇度,3ミヤビ5リアラ7ミヤフ調子偏差値へ
202504020803,能力,1ヒメヒ5ハート7ニシノタイム指数へ
202504020803,上昇度,3シルバ10ジュリ11リオン調子偏差値へ
202504020805,能力,1ヨタロ12ダイタ13ガンバタイム指数へ
202504020805,上昇度,4コオリ6サマー15フラワ調子偏差値へ
202504020806,能力,1ニシノ4カフジ9エコロタイム指数へ
202504020806,上昇度,2テイエ10タツダ11コナブ調子偏差値へ
202504020807,能力,7アルフ11クロジ12エミサタイム指数へ
202504020807,上昇度,5ゼット6ナステ13アスク調子偏差値へ
202504020808,能力,2イクリ7エコロ9プレイタイム指数へ
202504020808,上昇度,3エイシ5アマキ7エコロ調子偏差値へ
202504020809,能力,8キミハ12マーズ15バルサタイム指数へ
202504020809,上昇度,7ルーフ10オウケ11ピコテ調子偏差値へ
202504020810,能力,1カーマ6ワスカ7ブルータイム指数へ
202504020810,上昇度,1カーマ2ドラミ5ゴット調子偏差値へ
202504020811,能力,2チビノ8ビップ9ルークタイム指数へ
202504020811,上昇度,1マンオ6ネイチ8ビップ調子偏差値へ
202504020812,能力,2ラウレ3ベルリ8タイヨタイム指数へ
202504020812,上昇度,3ベルリ14イオリ15メイデ調子偏差値へ
202504030101,能力,2ウール4ストロ5ブルータイム指数へ
202504030101,上昇度,1メープ4ストロ5ブルー調子偏差値へ
202504030102,能力,1センジ8ライヴ9メリザタイム指数へ
202504030102,上昇度,5アイス7ヴィー9メリザ調子偏差値へ
202504030103,能力,4プレミ9ハーバ14スタンタイム指数へ
202504030103,上昇度,8ウィア13ミッキ16タッチ調子偏差値へ
202504030104,能力,7オルグ8ミエノ9テンドタイム指数へ
202504030104,上昇度,5ロワゾ7オルグ12ゴダル調子偏差値へ
202504030106,能力,9ロッカ12マロン14シスタタイム指数へ
202504030106,上昇度,1サンマ8ベネデ9ロッカ調子偏差値へ
202504030107,能力,1エリー5アウロ9シャンタイム指数へ
202504030107,上昇度,2パーセ7レッド11クラッ調子偏差値へ
202504030108,能力,5カレン10ノアヴ11ミライタイム指数へ
202504030108,上昇度,2ブレー3サンカ8ウォー調子偏差値へ
202504030109,能力,5モンド7セント12エチャタイム指数へ
202504030109,上昇度,9パラサ11サトノ13バロン調子偏差値へ
202504030110,能力,1ミスヨ8エリカ15サクセタイム指数へ
202504030110,上昇度,1ミスヨ6ハクサ11ラテラ調子偏差値へ
202504030111,能力,3モズミ5ホウオ10ブレイタイム指数へ
202504030111,上昇度,3モズミ4レヴォ9ヒュー調子偏差値へ
202504030112,能力,6ヴァン8デイジ11ギフテタイム指数へ
202504030112,上昇度,2ミサト8デイジ10ブルー調子偏差値へ
202504030201,能力,1ガリレ2ラプラ4クラウタイム指数へ
202504030201,上昇度,2ラプラ3イント7スター調子偏差値へ
202504030202,能力,2メイシ8ジュン9ブラザタイム指数へ
202504030202,上昇度,1ナック2メイシ13メモリ調子偏差値へ
202504030203,能力,5イフル6アスク13ヴェネタイム指数へ
202504030203,上昇度,5イフル8キョウ17パルピ調子偏差値へ
202504030204,能力,2ジュリ8シンフ9マオノタイム指数へ
202504030204,上昇度,5エテオ8シンフ12セイウ調子偏差値へ
202504030207,能力,4カレン5シュラ9レッドタイム指数へ
202504030207,上昇度,9レッド12ライン13ビスケ調子偏差値へ
202504030208,能力,1ミラク7ノーブ10ミツカタイム指数へ
202504030208,上昇度,4レイバ5スノー7ノーブ調子偏差値へ
202504030209,能力,14ウイン16レッド18ファータイム指数へ
202504030209,上昇度,3アーム9スイー15グライ調子偏差値へ
202504030210,能力,3グロリ8シャド13レイベタイム指数へ
202504030210,上昇度,5ムーン12グレイ13レイベ調子偏差値へ
202504030211,能力,7サノノ8サンア9リアラタイム指数へ
202504030211,上昇度,1メーゼ4フェス8サンア調子偏差値へ
202504030212,能力,5ブリン7ペッパ9アシャタイム指数へ
202504030212,上昇度,7ペッパ9アシャ12シルバ調子偏差値へ
202504030301,上昇度,1ニシノ3ザスリ12プラチ調子偏差値へ
202504030302,能力,9マッド10ラフレ12リアラタイム指数へ
202504030302,上昇度,2バーヴ3ミスマ12リアラ調子偏差値へ
202504030303,能力,6グラン9キリミ10ショウタイム指数へ
202504030303,上昇度,5トレニ7ガミー9キリミ調子偏差値へ
202504030304,能力,1サクラ6チェイ14エヌマタイム指数へ
202504030304,上昇度,1サクラ5リカー9ヴェル調子偏差値へ
202504030306,能力,6ディベ7バレエ16フィータイム指数へ
202504030306,上昇度,3チェン16フィー18ユキノ調子偏差値へ
202504030307,能力,5アーラ9タイヨ11クイータイム指数へ
202504030307,上昇度,3ルージ4マハー15ライネ調子偏差値へ
202504030308,能力,4ミダー9サンカ10ダイオタイム指数へ
202504030308,上昇度,7ゴット9サンカ10ダイオ調子偏差値へ
202504030309,能力,3レッド14ベラジ16フロウタイム指数へ
202504030309,上昇度,1セナマ8エコロ12ミエノ調子偏差値へ
202504030310,能力,4ツルマ6クリニ7フォルタイム指数へ
202504030310,上昇度,2デファ5ジーテ12ヤマニ調子偏差値へ
202504030311,能力,4ゲルチ8タイセ11ナイトタイム指数へ
202504030311,上昇度,9ファン11ナイト13ドラゴ調子偏差値へ
202504030312,能力,1ハヌル4トモジ8ミスエタイム指数へ
202504030312,上昇度,4トモジ5ボエー10レゼー調子偏差値へ
202504030401,上昇度,1シェア2グロー13セイフ調子偏差値へ
202504030402,能力,3ヴィジ11セイス13サトノタイム指数へ
202504030402,上昇度,9ブレゲ11セイス12ランメ調子偏差値へ
202504030403,能力,2バラン3カレン7ノベンタイム指数へ
202504030403,上昇度,4トップ5ドルマ6エイシ調子偏差値へ
202504030404,能力,4オリオ14ライン15キロノタイム指数へ
202504030404,上昇度,6ムーン12セブン14ライン調子偏差値へ
202504030407,能力,8デルマ10ヨタロ13ガンバタイム指数へ
202504030407,上昇度,4ケイツ5デコピ13ガンバ調子偏差値へ
202504030408,能力,1ジェル5ベスト6ロンドタイム指数へ
202504030408,上昇度,1ジェル5ベスト6ロンド調子偏差値へ
202504030409,能力,2トリプ6ビップ10セザンタイム指数へ
202504030409,上昇度,1ボナー5サトノ11ユイノ調子偏差値へ
202504030410,能力,3ユイノ4エクス5ヴァナタイム指数へ
202504030410,上昇度,5ヴァナ6マーシ7ヒデノ調子偏差値へ
202504030411,能力,1ブレイ9ディー10シンリタイム指数へ
202504030411,上昇度,1ブレイ7ダノン10シンリ調子偏差値へ
202504030412,能力,2ソルレ7イコサ8ベイビタイム指数へ
202504030412,上昇度,4ホーク5オリア10ヴェナ調子偏差値へ
202504040101,能力,5ロジケ8スマッ12リアラタイム指数へ
202504040101,上昇度,3ヒャク6ハート7エター調子偏差値へ
202504040102,能力,2アドフ5タガノ9ウルトタイム指数へ
202504040102,上昇度,3フリッ11アスパ14テンバ調子偏差値へ
202504040103,能力,10ヨドノ12ハッピ14ガラベタイム指数へ
202504040103,上昇度,4ニシノ7ハヤテ12ハッピ調子偏差値へ
202504040104,能力,1オウケ7シンボ13ヴァズタイム指数へ
202504040104,上昇度,1オウケ5ステラ7シンボ調子偏差値へ
202504040106,能力,4チェイ5コスモ6ゴールタイム指数へ
202504040106,上昇度,11ブレイ12ルクス15イーブ調子偏差値へ
202504040107,能力,13ハニー14ソルト15アンドタイム指数へ
202504040107,上昇度,1スピア11ツイン14ソルト調子偏差値へ
202504040108,能力,1ミッキ11ペイシ13サンラタイム指数へ
202504040108,上昇度,2ゲーベ4メイシ14トモジ調子偏差値へ
202504040109,能力,1グラン4ラブカ9コスモタイム指数へ
202504040109,上昇度,1グラン10ペリプ12スイー調子偏差値へ
202504040110,能力,2モリノ6ダズリ10ファムタイム指数へ
202504040110,上昇度,5ザウリ7バンブ13スペキ調子偏差値へ
202504040111,能力,1イサチ12フリッ14ハピネタイム指数へ
202504040111,上昇度,12フリッ16エマヌ17トール調子偏差値へ
202504040112,能力,6フラッ7カウン14シュラタイム指数へ
202504040112,上昇度,5ラブカ10ハッピ12ノーブ調子偏差値へ
202504040201,能力,5コーデ7ステラ11トルネタイム指数へ
202504040201,上昇度,1ノリマ2フルフ6ウール調子偏差値へ
202504040202,能力,5ムテキ7モンサ13ドナシタイム指数へ
202504040202,上昇度,2ラムー4ファン10ボール調子偏差値へ
202504040203,能力,1ジェニ4クリー5バンデタイム指数へ
202504040203,上昇度,5バンデ13インフ14フォル調子偏差値へ
202504040204,能力,3メイシ4アスコ10デルマタイム指数へ
202504040204,上昇度,9ハニー10デルマ13シエラ調子偏差値へ
202504040206,能力,6ヤマニ7ロミヒ11エイシタイム指数へ
202504040206,上昇度,3テーオ4カフェ14エポカ調子偏差値へ
202504040207,能力,1ヴィン12タイキ15ラコルタイム指数へ
202504040207,上昇度,6ユナホ11デビュ16ネーブ調子偏差値へ
202504040208,能力,1ルシタ9ディア13エンマタイム指数へ
202504040208,上昇度,6ピスタ9ディア14シーリ調子偏差値へ
202504040209,能力,11ゼンノ14ホワイ15ケイツタイム指数へ
202504040209,上昇度,6オーバ9デリシ14ホワイ調子偏差値へ
202504040210,能力,3ヴェナ7ベイビ16ニジュタイム指数へ
202504040210,上昇度,2インテ4ゼット13ソレン調子偏差値へ
202504040211,能力,1エリカ6ロジシ10ミアネタイム指数へ
202504040211,上昇度,4ピンク11キミノ12フレミ調子偏差値へ
202504040212,能力,2ブリン6ベンダ14クリノタイム指数へ
202504040212,上昇度,6ベンダ8ヒデノ10スノー調子偏差値へ
202504040301,能力,3ケイベ8マーゴ13カレンタイム指数へ
202504040301,上昇度,5ラテラ6ゴール8マーゴ調子偏差値へ
202504040302,能力,4レディ9エイシ14ベアゴタイム指数へ
202504040302,上昇度,7ミュー10ゴーゴ15オアシ調子偏差値へ
202504040303,能力,2キーサ5マンサ12ショウタイム指数へ
202504040303,上昇度,1アイド3アルカ13パンジ調子偏差値へ
202504040304,能力,5ロッカ8フォン13トゥイタイム指数へ
202504040304,上昇度,3デアデ10チェル13トゥイ調子偏差値へ
202504040305,能力,1コズミ9クラリ14マテンタイム指数へ
202504040305,上昇度,5バレン7レヴァ8ユイノ調子偏差値へ
202504040306,能力,5ベラン14マーシ15アンドタイム指数へ
202504040306,上昇度,2トリオ6ウィズ9スプリ調子偏差値へ
202504040307,能力,3サンラ10ハッピ12サンラタイム指数へ
202504040307,上昇度,1アルバ7タツア8ヒラボ調子偏差値へ
202504040308,能力,3ブリス7マハナ9サンカタイム指数へ
202504040308,上昇度,3ブリス4モヴレ13イエス調子偏差値へ
202504040309,能力,5パレス7ブライ9スペルタイム指数へ
202504040309,上昇度,9スペル10ブライ12レジー調子偏差値へ
202504040310,能力,3キング4エンフ8ミライタイム指数へ
202504040310,上昇度,1アール2アスク7コルサ調子偏差値へ
202504040311,能力,1モズロ2ヴィレ13タガノタイム指数へ
202504040311,上昇度,1モズロ7サダム16ダノン調子偏差値へ
202504040312,能力,3バンブ10ワタシ15レオンタイム指数へ
202504040312,上昇度,4ディオ6ビッグ11クレセ調子偏差値へ
202504040401,能力,2マーゴ6ガーネ11ドナソタイム指数へ
202504040401,上昇度,8アルテ10カワキ13ブリス調子偏差値へ
202504040402,能力,2カラー3アンジ8アスミタイム指数へ
202504040402,上昇度,3アンジ4スカイ6ドナベ調子偏差値へ
202504040403,能力,4マッド5ユニゾ7バトゥタイム指数へ
202504040403,上昇度,4マッド5ユニゾ9サンラ調子偏差値へ
202504040404,能力,2エアビ3トロピ7マーゴタイム指数へ
202504040404,上昇度,5ヴァー8サンタ12スペシ調子偏差値へ
202504040406,能力,2タイセ9ビーコ10セレジタイム指数へ
202504040406,上昇度,7エコロ9ビーコ12ワンウ調子偏差値へ
202504040407,能力,1ヤエギ2ダノン7ホウオタイム指数へ
202504040407,上昇度,4コスモ6スワロ7ホウオ調子偏差値へ
202504040408,能力,4ロミヒ6パッカ8テーオタイム指数へ
202504040408,上昇度,6パッカ7ピスト10ラマン調子偏差値へ
202504040409,能力,5クイー9ジャズ14ヤコブタイム指数へ
202504040409,上昇度,1パルメ8ウイン10ベスト調子偏差値へ
202504040410,能力,2パッシ4フルレ12カリータイム指数へ
202504040410,上昇度,4フルレ6シルバ11ディー調子偏差値へ
202504040411,能力,4フィオ14プルパ15カルロタイム指数へ
202504040411,上昇度,9シロン15カルロ17イコサ調子偏差値へ
202504040412,能力,1シルフ3ポンピ10ペッパタイム指数へ
202504040412,上昇度,7ダノン9テイエ12クラウ調子偏差値へ
202505010101,能力,4クラウ8エンジ16キャスタイム指数へ
202505010101,上昇度,4クラウ7サトノ15フェン調子偏差値へ
202505010102,能力,4スペー5フィー8ファミタイム指数へ
202505010102,上昇度,2オンク8ファミ14グロワ調子偏差値へ
202505010103,能力,6フィー8ネクス10シャンタイム指数へ
202505010103,上昇度,1ユーデ10シャン11ラッフ調子偏差値へ
202505010104,能力,4タガノ6ベリタ8ヘニータイム指数へ
202505010104,上昇度,8ヘニー9バター13クラリ調子偏差値へ
202505010106,能力,1キュー9ピュル12オプレタイム指数へ
202505010106,上昇度,1キュー2ストラ12オプレ調子偏差値へ
202505010107,能力,2アルー4ダイオ13サンリタイム指数へ
202505010107,上昇度,1リュク3オーロ5アフト調子偏差値へ
202505010108,能力,1マウン3シグム5キャネタイム指数へ
202505010108,上昇度,6マサハ7サンラ9ハワイ調子偏差値へ
202505010109,能力,3タマモ4ジョデ8タガノタイム指数へ
202505010109,上昇度,1ゴール14メロウ15コンテ調子偏差値へ
202505010110,能力,2ティラ3クラス4ストレタイム指数へ
202505010110,上昇度,1プリテ2ティラ6エイシ調子偏差値へ
202505010111,能力,3ルージ7ウンブ11シンリタイム指数へ
202505010111,上昇度,2ホウオ3ルージ9トゥデ調子偏差値へ
202505010112,能力,7レイク8フォル13マイネタイム指数へ
202505010112,上昇度,2ショウ8フォル15ラパン調子偏差値へ
202505010201,能力,6ミトノ10アイア16アサクタイム指数へ
202505010201,上昇度,1マジョ6ミトノ14ハニー調子偏差値へ
202505010202,能力,2ブリス9バナマ10ロフテタイム指数へ
202505010202,上昇度,5ラファ6トゥル9バナマ調子偏差値へ
202505010203,能力,5ナムラ10ルヴァ13イスキタイム指数へ
202505010203,上昇度,2アセン10ルヴァ15アスト調子偏差値へ
202505010206,能力,2ルトン3サルー7タベザタイム指数へ
202505010206,上昇度,2ルトン8ディフ13テンド調子偏差値へ
202505010207,能力,9チザル11クレイ14ホワイタイム指数へ
202505010207,上昇度,3デステ5ラッキ12マスグ調子偏差値へ
202505010208,能力,1ホウオ13アッチ14スペキタイム指数へ
202505010208,上昇度,5クイン12ポリー13アッチ調子偏差値へ
202505010209,能力,5キング9ベスト11エネルタイム指数へ
202505010209,上昇度,3ハイタ11エネル13カレン調子偏差値へ
202505010210,能力,1オード3ハクサ9エコロタイム指数へ
202505010210,上昇度,4オメガ8ヴェサ11ヤマニ調子偏差値へ
202505010211,能力,5サンラ8フリー9コスタタイム指数へ
202505010211,上昇度,4アーム8フリー13ロード調子偏差値へ
202505010212,能力,1オウケ3スパー5ラーテタイム指数へ
202505010212,上昇度,4アヴニ6ボクラ10モデル調子偏差値へ
202505010301,能力,9セギレ12シュレ14ピコグタイム指数へ
202505010301,上昇度,2ラナイ6オブシ7ロゴモ調子偏差値へ
202505010302,能力,4ナイン6ドリー11フラッタイム指数へ
202505010302,上昇度,2カプア4ナイン16ペタル調子偏差値へ
202505010303,能力,1スティ13アドマ16サトミタイム指数へ
202505010303,上昇度,7ルナテ8ミュー15グラス調子偏差値へ
202505010304,能力,3キョウ11プチブ12ラズラタイム指数へ
202505010304,上昇度,5スペシ6アルド14サンマ調子偏差値へ
202505010306,能力,2ポッド3ヴィー15インパタイム指数へ
202505010306,上昇度,1オリオ3ヴィー7アルカ調子偏差値へ
202505010307,能力,1フリッ3サヨノ8アパッタイム指数へ
202505010307,上昇度,3サヨノ10サウン13フォー調子偏差値へ
202505010308,能力,6マーシ9ラタフ14レオカタイム指数へ
202505010308,上昇度,4ウェッ5ショウ11トウカ調子偏差値へ
202505010309,能力,1ニシノ5ルージ10チュータイム指数へ
202505010309,上昇度,8チギリ15ニシノ16フェル調子偏差値へ
202505010310,能力,6ベルウ12ニコラ13エリータイム指数へ
202505010310,上昇度,1カリー2エール9ネバレ調子偏差値へ
202505010311,能力,2タイセ6ハーツ12サンラタイム指数へ
202505010311,上昇度,1メリオ2タイセ9メイン調子偏差値へ
202505010312,能力,1グラニ8アルニ14マケズタイム指数へ
202505010312,上昇度,2ガーデ6ホワイ12イルデ調子偏差値へ
202505010401,能力,3ショウ5コオリ6サトノタイム指数へ
202505010401,上昇度,7コパカ9タイセ14ワカギ調子偏差値へ
202505010402,能力,3ラスト4ダカラ12ヌンボタイム指数へ
202505010402,上昇度,3ラスト7ナンヨ8キタノ調子偏差値へ
202505010403,能力,3コンテ4アルマ6アイスタイム指数へ
202505010403,上昇度,3コンテ8ブルー16ビート調子偏差値へ
202505010406,能力,4ルパヴ7スター15サクラタイム指数へ
202505010406,上昇度,4ルパヴ10ラファ11ダブル調子偏差値へ
202505010407,能力,1フォー4ヨウシ7オルノタイム指数へ
202505010407,上昇度,4ヨウシ9ユキワ11ヴィル調子偏差値へ
202505010408,能力,4テセラ10ドンデ13アンシタイム指数へ
202505010408,上昇度,3サミア10ドンデ15ノット調子偏差値へ
202505010409,能力,1マテン3ファイ11レーゼタイム指数へ
202505010409,上昇度,1マテン6サトノ8マーズ調子偏差値へ
202505010410,能力,7スミ10ライト13カナテタイム指数へ
202505010410,上昇度,1アドマ4ラファ9ロジシ調子偏差値へ
202505010411,能力,7ブレイ11ジオグ14マテンタイム指数へ
202505010411,上昇度,4ボンド10ゾンニ12ウォー調子偏差値へ
202505010412,能力,3オオタ8ドラミ12ゲキザタイム指数へ
202505010412,上昇度,6ノルド8ドラミ16マシュ調子偏差値へ
202505010501,能力,1キャス2クラウ11ユウオタイム指数へ
202505010501,上昇度,8ロジデ10ウイン13マイネ調子偏差値へ
202505010503,能力,2ライズ3オオタ16プリテタイム指数へ
202505010503,上昇度,8クリプ14セラト15フロム調子偏差値へ
202505010504,能力,1サトノ4クロッ12トゥルタイム指数へ
202505010504,上昇度,2タケル3アレス6ライク調子偏差値へ
202505010505,能力,1エンゲ5ショウ9ダノンタイム指数へ
202505010505,上昇度,7シャン8ベルア14ファリ調子偏差値へ
202505010506,能力,4ラッキ14アーラ15ラルガタイム指数へ
202505010506,上昇度,2エキゾ12ヨカゼ13サトノ調子偏差値へ
202505010507,能力,6ガンマ10マキシ11エンドタイム指数へ
202505010507,上昇度,2イノキ7マイネ10マキシ調子偏差値へ
202505010508,能力,1ベネロ7アオイ15ターコタイム指数へ
202505010508,上昇度,3エンセ4レイズ9ピコニ調子偏差値へ
202505010509,能力,3ノーブ5シテフ11スピータイム指数へ
202505010509,上昇度,1ダノン3ノーブ11スピー調子偏差値へ
202505010510,能力,1エスト15アッチ16コンクタイム指数へ
202505010510,上昇度,6グラス10ビート12ストレ調子偏差値へ
202505010511,能力,4ショウ8ティラ12コートタイム指数へ
202505010511,上昇度,6マピュ7エンブ11マディ調子偏差値へ
202505010512,能力,1エフォ2ゴール4ヴァンタイム指数へ
202505010512,上昇度,8ミヤジ10エール12ジュン調子偏差値へ
202505010601,能力,4ジョイ14マサノ15キチロタイム指数へ
202505010601,上昇度,5ロベル6サブア11ウイン調子偏差値へ
202505010602,能力,12ドラゴ14タイセ16グロワタイム指数へ
202505010602,上昇度,1フロウ4キタノ13ムチャ調子偏差値へ
202505010604,能力,4マテン6サノノ7ミライタイム指数へ
202505010604,上昇度,4マテン5トルシ6サノノ調子偏差値へ
202505010605,能力,2トレサ5カツコ8ナヴァタイム指数へ
202505010605,上昇度,3モンツ7ルナル16フクチ調子偏差値へ
202505010606,能力,10サンセ14ヴァイ16ティムタイム指数へ
202505010606,上昇度,3イクリ4ヴァン10サンセ調子偏差値へ
202505010607,能力,12ヘレン14エイシ16ラッキタイム指数へ
202505010607,上昇度,1リプレ3クイー13アイス調子偏差値へ
202505010608,能力,7エイム9シンハ12ヴルカタイム指数へ
202505010608,上昇度,2メタル4ナファ5イゾラ調子偏差値へ
202505010609,能力,5ニシノ6バトル10ラズベタイム指数へ
202505010609,上昇度,3オメガ6バトル13メルト調子偏差値へ
202505010610,能力,3テイエ5ウェイ7サルヴタイム指数へ
202505010610,上昇度,4タイセ8エミサ12デュガ調子偏差値へ
202505010611,能力,1サトノ2マスカ9リトルタイム指数へ
202505010611,上昇度,5ネブラ8レッド9リトル調子偏差値へ
202505010612,能力,3メモリ5トーセ7カフェタイム指数へ
202505010612,上昇度,3メモリ6ヴィブ9ルージ調子偏差値へ
202505010701,能力,1カーテ7フィザ13アサクタイム指数へ
202505010701,上昇度,9アズー14キャラ15チハヤ調子偏差値へ
202505010702,能力,5ゲイル10ベルジ13イズルタイム指数へ
202505010702,上昇度,1トニケ8リアル14ルーク調子偏差値へ
202505010703,能力,7ロング9プルシ16トーセタイム指数へ
202505010703,上昇度,3アール7ロング11トリプ調子偏差値へ
202505010705,能力,8スタン13レヴー18リギータイム指数へ
202505010705,上昇度,5ニシノ10ダノン17ピュル調子偏差値へ
202505010706,能力,9フォル12キアラ13セゾンタイム指数へ
202505010706,上昇度,2バム7ユイノ13セゾン調子偏差値へ
202505010707,能力,2イノセ9ゲキザ13アトリタイム指数へ
202505010707,上昇度,7シーズ8シュヴ15サイモ調子偏差値へ
202505010708,能力,2エメリ5ヴィレ11ラーンタイム指数へ
202505010708,上昇度,1ヤマニ5ヴィレ8ヴァイ調子偏差値へ
202505010709,能力,3トリプ6カレン9エルムタイム指数へ
202505010709,上昇度,2ドーバ4ヴァル8ウォー調子偏差値へ
202505010710,能力,3ハギノ9サクラ10ビップタイム指数へ
202505010710,上昇度,1ヴェー10ビップ11マオノ調子偏差値へ
202505010711,能力,1ワープ11シュト16ショウタイム指数へ
202505010711,上昇度,8ヘデン9ヴェル13シルブ調子偏差値へ
202505010712,能力,6ノルド11ホワイ14ホウオタイム指数へ
202505010712,上昇度,1ワイド11ホワイ12カーリ調子偏差値へ
202505021104,上昇度,1ゲイン8スズカ13アルカ調子偏差値へ
202505021107,能力,1カザン3ダイシ11チムグタイム指数へ
202505021107,上昇度,4スピリ5パワー6アサク調子偏差値へ
202505021108,能力,10チザル11ネオシ16ブレイタイム指数へ
202505021108,上昇度,4ソウキ5マリン13イモー調子偏差値へ
202505021110,能力,3ドーン8ガルサ9エバータイム指数へ
202505021110,上昇度,3ドーン5ペッレ13サトノ調子偏差値へ
202505021111,能力,2ウェイ6バトゥ11ハビレタイム指数へ
202505021111,上昇度,10ナチュ14コンバ15タガノ調子偏差値へ
202505021112,能力,3レッド9タナサ13タイセタイム指数へ
202505021112,上昇度,4ユアフ10ソムリ14インペ調子偏差値へ
202505021201,能力,3イザベ6スカイ16アイスタイム指数へ
202505021201,上昇度,1センジ2アーク7ベリー調子偏差値へ
202505021202,能力,9セラト12キョウ15カフェタイム指数へ
202505021202,上昇度,1アルフ5ヨチヨ15カフェ調子偏差値へ
202505021203,能力,2セブン13マルタ15サトミタイム指数へ
202505021203,上昇度,5ネオデ13マルタ16ロイヤ調子偏差値へ
202505021204,能力,4ダノン7アルガ8ポタリタイム指数へ
202505021204,上昇度,1テンフ10ソナタ12カゼニ調子偏差値へ
202505021205,能力,4マーズ8トリリ9ドラゴタイム指数へ
202505021205,上昇度,1パシー5セレジ9ドラゴ調子偏差値へ
202505021206,能力,2アンド8アドミ14ニシノタイム指数へ
202505021206,上昇度,4ネイサ5フリュ11ユキノ調子偏差値へ
202505021207,能力,5ヘレン8ノルド13キミハタイム指数へ
202505021207,上昇度,10サイモ11リヤン14ボエー調子偏差値へ
202505021208,能力,1プリズ2ヴァイ8クルミタイム指数へ
202505021208,上昇度,4ニシノ7タイラ16デュア調子偏差値へ
202505021209,能力,9ターコ11テリフ12グランタイム指数へ
202505021209,上昇度,2ホウオ9ターコ16コブラ調子偏差値へ
202505021210,能力,7メリオ14アンリ18ブラッタイム指数へ
202505021210,上昇度,1ロジマ4ディー15バロネ調子偏差値へ
202505021211,能力,1リラエ6ファン13クロワタイム指数へ
202505021211,上昇度,2ショウ11ニシノ17マスカ調子偏差値へ
202505021212,能力,2マテン11ディー15マイネタイム指数へ
202505021212,上昇度,10アドマ14シルブ16ハヤヤ調子偏差値へ
202505030101,上昇度,1スペク9アルマ11スカパ調子偏差値へ
202505030102,能力,2アドリ8デルマ9コオリタイム指数へ
202505030102,上昇度,8デルマ13ウイン16ブルー調子偏差値へ
202505030103,能力,5ファリ14ナイト16ベネスタイム指数へ
202505030103,上昇度,5ファリ14ナイト15アオイ調子偏差値へ
202505030104,能力,7バッキ10ストレ13エポナタイム指数へ
202505030104,上昇度,6イサゴ8アンビ13エポナ調子偏差値へ
202505030106,能力,5シルフ13ジョイ15ナムラタイム指数へ
202505030106,上昇度,11グルナ12リッス14シルバ調子偏差値へ
202505030107,能力,1キュー4チェン15パヴェタイム指数へ
202505030107,上昇度,7アクア16カシン18フレン調子偏差値へ
202505030108,能力,3ビップ11ロフテ15バランタイム指数へ
202505030108,上昇度,6ルルシ9シルヴ14ベルフ調子偏差値へ
202505030109,能力,7レッド11コーチ12ズイウタイム指数へ
202505030109,上昇度,6ニヴル8サンセ10アース調子偏差値へ
202505030110,能力,3ハクサ5ニコラ7マンウタイム指数へ
202505030110,上昇度,4シュヴ6サダメ9ベルダ調子偏差値へ
202505030111,能力,4ドンレ10プロミ12ヘルモタイム指数へ
202505030111,上昇度,2キュム5メイシ9ヒルノ調子偏差値へ
202505030112,能力,2スパー13フォロ15ロッシタイム指数へ
202505030112,上昇度,6サトノ12ガレス14ユニヴ調子偏差値へ
202505030201,能力,5シウダ9グラン10リカータイム指数へ
202505030201,上昇度,5シウダ9グラン12ワナカ調子偏差値へ
202505030202,能力,1セラド2セイス13オンクタイム指数へ
202505030202,上昇度,4ノース8サクラ16ドラゴ調子偏差値へ
202505030203,能力,8マイネ17ブラン18アリスタイム指数へ
202505030203,上昇度,7ココロ8マイネ15バイオ調子偏差値へ
202505030204,能力,5キチロ10ガンバ11マックタイム指数へ
202505030204,上昇度,3サザン6ブルー8フルー調子偏差値へ
202505030207,能力,4ルーク6スプラ13セギレタイム指数へ
202505030207,上昇度,2ノアス4ルーク5ショウ調子偏差値へ
202505030208,能力,1マイネ3シャン4ルパヴタイム指数へ
202505030208,上昇度,3シャン13ジーテ15ボナー調子偏差値へ
202505030209,能力,3テイデ4マイネ9オウケタイム指数へ
202505030209,上昇度,4マイネ5ウィク8ダイシ調子偏差値へ
202505030210,能力,6スティ8ウィン13フィリタイム指数へ
202505030210,上昇度,5エリン12ダミエ16ジャス調子偏差値へ
202505030211,能力,3マッド4ウイン13ソウルタイム指数へ
202505030211,上昇度,1シック9シャン10ジャン調子偏差値へ
202505030212,能力,2マンダ12サノノ13ベルブタイム指数へ
202505030212,上昇度,12サノノ13ベルブ14ファイ調子偏差値へ
202505030301,能力,1クイン3ロフテ8アルマタイム指数へ
202505030301,上昇度,1クイン3ロフテ5ドリー調子偏差値へ
202505030302,能力,1イフル8デルマ10オビドタイム指数へ
202505030302,上昇度,1イフル4レイデ10オビド調子偏差値へ
202505030303,能力,5セラト10キタノ12タッカタイム指数へ
202505030303,上昇度,2サイモ6トラス11アルテ調子偏差値へ
202505030304,上昇度,4サイー5ロスコ12サクセ調子偏差値へ
202505030307,能力,9フェア10ヴェル16ヴィジタイム指数へ
202505030307,上昇度,4ユウオ8ダウン10ヴェル調子偏差値へ
202505030308,能力,1ハッピ5ラヴス12アサクタイム指数へ
202505030308,上昇度,4キング9イコノ17ボンヌ調子偏差値へ
202505030309,能力,1タイセ14レッド15クールタイム指数へ
202505030309,上昇度,4シャパ6タッチ7セイウ調子偏差値へ
202505030310,能力,3マイネ4ジョデ6ナイトタイム指数へ
202505030310,上昇度,5ヴィヴ10レッド12シャン調子偏差値へ
202505030311,能力,1グラン4バレエ6クルゼタイム指数へ
202505030311,上昇度,4バレエ6クルゼ12アドマ調子偏差値へ
202505030312,能力,8シュレ12パラサ14ルージタイム指数へ
202505030312,上昇度,3エポカ10ブルス11ミスヨ調子偏差値へ
202505030401,能力,5キカオ8ミュー15マオノタイム指数へ
202505030401,上昇度,2ラヴィ4ミート13タマモ調子偏差値へ
202505030402,能力,3ラント10フライ15ブルータイム指数へ
202505030402,上昇度,3ラント12ルージ16カサビ調子偏差値へ
202505030403,能力,2ハクシ8ミッキ16グラスタイム指数へ
202505030403,上昇度,11アリア14リラキ15デルマ調子偏差値へ
202505030404,能力,3オカゲ11ウイン17ララバタイム指数へ
202505030404,上昇度,1ザカー15メイプ16デコピ調子偏差値へ
202505030406,能力,1ファイ3エドワ15コトブタイム指数へ
202505030406,上昇度,1ファイ6トゥー12タイセ調子偏差値へ
202505030407,能力,5ウイン6トリプ13シーズタイム指数へ
202505030407,上昇度,1リアン2フォー6トリプ調子偏差値へ
202505030408,能力,1ブリス3フリッ7ボルトタイム指数へ
202505030408,上昇度,5エース6ディア15スナイ調子偏差値へ
202505030409,能力,3ファビ5タイキ10オーシタイム指数へ
202505030409,上昇度,1デファ2ストレ6アスク調子偏差値へ
202505030410,能力,3ミスタ5タイセ6ギャンタイム指数へ
202505030410,上昇度,2ヴォラ8リミッ13ウィー調子偏差値へ
202505030411,能力,2バルサ6アサヒ10シャドタイム指数へ
202505030411,上昇度,8ゴール13リュミ14ベガリ調子偏差値へ
202505030412,能力,6ジュー8サイモ15スペイタイム指数へ
202505030412,上昇度,1フィフ5アパイ16ルグラ調子偏差値へ
202505030501,能力,7デルマ15モリノ16センジタイム指数へ
202505030501,上昇度,10メリー12サクラ16センジ調子偏差値へ
202505030502,能力,1ウイン2ガンバ5メイユタイム指数へ
202505030502,上昇度,2ガンバ10シャイ15プロピ調子偏差値へ
202505030503,能力,8コーシ10カフェ12オオタタイム指数へ
202505030503,上昇度,10カフェ12オオタ16ミンナ調子偏差値へ
202505030504,能力,4ガジュ13ジャサ14ノーブタイム指数へ
202505030504,上昇度,3ラムコ5エンゲ9ポタリ調子偏差値へ
202505030507,能力,3シルフ13アイド15タブロタイム指数へ
202505030507,上昇度,3シルフ5ハクシ14サラサ調子偏差値へ
202505030508,能力,5ネイサ7イージ9アドミタイム指数へ
202505030508,上昇度,6トロピ11ノラリ14コスモ調子偏差値へ
202505030509,能力,4サトノ5アメジ6クロシタイム指数へ
202505030509,上昇度,1スズノ5アメジ9ピック調子偏差値へ
202505030510,能力,3エリカ10トラペ13コンテタイム指数へ
202505030510,上昇度,3エリカ6スピリ9クイッ調子偏差値へ
202505030511,能力,6ゼット7クール11アイフタイム指数へ
202505030511,上昇度,1カズタ6ゼット7クール調子偏差値へ
202505030512,能力,2チザル5キョウ12ブレッタイム指数へ
202505030512,上昇度,8マイネ15ショウ16サムワ調子偏差値へ
202505030601,上昇度,3マオノ4アルカ7アスプ調子偏差値へ
202505030602,能力,2マイネ9カーフ16ミクニタイム指数へ
202505030602,上昇度,6バレア7サトノ8ワスカ調子偏差値へ
202505030603,能力,3ブラザ6ブルー15エマータイム指数へ
202505030603,上昇度,1アルデ2ユース14レイネ調子偏差値へ
202505030604,能力,1オルグ3サクラ16サマータイム指数へ
202505030604,上昇度,7メイシ8サンタ10アクデ調子偏差値へ
202505030607,能力,3クラリ7ヴァズ8キョウタイム指数へ
202505030607,上昇度,1リュウ8キョウ10イラー調子偏差値へ
202505030608,能力,3エンペ4レイク12ゴールタイム指数へ
202505030608,上昇度,1マイネ3エンペ9ディバ調子偏差値へ
202505030609,能力,8セント10マイネ16トクシタイム指数へ
202505030609,上昇度,1トロピ14バロン16トクシ調子偏差値へ
202505030610,能力,12ヴェサ14サクセ15ジュノタイム指数へ
202505030610,上昇度,4オメガ5フライ13セフィ調子偏差値へ
202505030611,能力,7カナテ8ラヴェ9ミアネタイム指数へ
202505030611,上昇度,8ラヴェ12セキト13カニキ調子偏差値へ
202505030612,能力,13トニケ15メッエ16スプラタイム指数へ
202505030612,上昇度,5ノーブ7エコロ8リプレ調子偏差値へ
202505040101,能力,2スピネ8パワポ14イナズタイム指数へ
202505040101,上昇度,2スピネ10ラスト15サンク調子偏差値へ
202505040102,能力,3アルデ4セイウ8スカイタイム指数へ
202505040102,上昇度,3アルデ4セイウ5ガード調子偏差値へ
202505040104,上昇度,3テクネ9モント10シゲル調子偏差値へ
202505040106,能力,2ラッキ9スプラ13ピコテタイム指数へ
202505040106,上昇度,3ブリッ9スプラ16シュガ調子偏差値へ
202505040107,能力,2キュー3トロピ4デルマタイム指数へ
202505040107,上昇度,4デルマ8エポナ9オプレ調子偏差値へ
202505040108,能力,2ジェイ4マリン13エドワタイム指数へ
202505040108,上昇度,1アーチ4マリン16ロジリ調子偏差値へ
202505040109,能力,1ラブリ2アルゲ7マテンタイム指数へ
202505040109,上昇度,5ドリー9ジッピ12イサチ調子偏差値へ
202505040110,能力,2レッド7スカイ15レディタイム指数へ
202505040110,上昇度,3サトミ12コト15レディ調子偏差値へ
202505040111,能力,4ロード7オメガ15レディタイム指数へ
202505040111,上昇度,2テイエ10バトゥ12ユティ調子偏差値へ
202505040112,能力,1フウセ2ピック8ベルブタイム指数へ
202505040112,上昇度,1フウセ4トモジ15セイウ調子偏差値へ
202505040201,能力,5ドナシ10ヘリテ12アンプタイム指数へ
202505040201,上昇度,4ビース9トコシ14モーゲ調子偏差値へ
202505040202,能力,7レッド9ラフタ10ダノンタイム指数へ
202505040202,上昇度,1セキテ2コスモ10ダノン調子偏差値へ
202505040203,能力,1ヨドノ9カラー15レディタイム指数へ
202505040203,上昇度,5ニシノ12レヴェ17エルリ調子偏差値へ
202505040204,上昇度,4シェア10サウン13ワンダ調子偏差値へ
202505040207,能力,1レイク7サザン8アサクタイム指数へ
202505040207,上昇度,2フリン7サザン12チギリ調子偏差値へ
202505040208,能力,2ベスト4ガラク9ジャサタイム指数へ
202505040208,上昇度,5パーセ6プリン11ハット調子偏差値へ
202505040209,能力,5チュー7サクセ9コーテタイム指数へ
202505040209,上昇度,3クレオ6メイケ17オンザ調子偏差値へ
202505040210,能力,2テリフ5ヴァン7フルオタイム指数へ
202505040210,上昇度,1ゴール10ジョデ16グラヴ調子偏差値へ
202505040211,能力,2エルト8ホウオ9レーベタイム指数へ
202505040211,上昇度,2エルト6チェル7シルト調子偏差値へ
202505040212,能力,6ノルド14ファリ15トーホタイム指数へ
202505040212,上昇度,6ノルド7ショウ15トーホ調子偏差値へ
202505040301,能力,3モルニ7ダイユ8ブルータイム指数へ
202505040301,上昇度,2レース8ブルー9セルリ調子偏差値へ
202505040302,能力,8ツァレ10イーア11ビップタイム指数へ
202505040302,上昇度,2ラブデ4ルーナ16マジッ調子偏差値へ
202505040303,能力,1ラスト4ゴール9エミフタイム指数へ
202505040303,上昇度,1ラスト2リスレ3ファイ調子偏差値へ
202505040307,能力,2シンド5スワロ9タイセタイム指数へ
202505040307,上昇度,3メアヴ5スワロ8オルソ調子偏差値へ
202505040308,能力,2グラン4ラヴア15パイシタイム指数へ
202505040308,上昇度,4ラヴア9メリー14コルヴ調子偏差値へ
202505040309,能力,1ホウオ5ゴージ7セイウタイム指数へ
202505040309,上昇度,1ホウオ4ズイウ5ゴージ調子偏差値へ
202505040310,能力,3カムラ8トクシ9タイセタイム指数へ
202505040310,上昇度,1ジョウ6キョウ14ピュア調子偏差値へ
202505040311,能力,4ユウフ5ゾロア6エコロタイム指数へ
202505040311,上昇度,1ガリレ5ゾロア6エコロ調子偏差値へ
202505040312,能力,2アンク9シルフ15ピコレタイム指数へ
202505040312,上昇度,2アンク8トニケ13サヨノ調子偏差値へ
202505040401,能力,1ニシノ5ヴンダ11パワポタイム指数へ
202505040401,上昇度,2セイウ3フォー6ドゥー調子偏差値へ
202505040402,能力,3コズミ6フィー10マカナタイム指数へ
202505040402,上昇度,4キング6フィー7イヌボ調子偏差値へ
202505040403,能力,6イブキ7フロス9アルデタイム指数へ
202505040403,上昇度,2ハロン9アルデ10ブリサ調子偏差値へ
202505040406,能力,2サンタ10ルージ14セギレタイム指数へ
202505040406,上昇度,3アサク10ルージ12モリノ調子偏差値へ
202505040407,能力,2カフェ6サムワ10ボルトタイム指数へ
202505040407,上昇度,8プルシ10ボルト12ジェシ調子偏差値へ
202505040408,能力,1ダノン6ノラリ8ティムタイム指数へ
202505040408,上昇度,3サンラ4アロン5レッド調子偏差値へ
202505040409,能力,5ベスト6ドーン9メタルタイム指数へ
202505040409,上昇度,9メタル10エンペ15ミーン調子偏差値へ
202505040410,能力,4トクシ5アンシ7ペプチタイム指数へ
202505040410,上昇度,4トクシ8タイセ13スマイ調子偏差値へ
202505040411,能力,1アドマ8ボンド10ライラタイム指数へ
202505040411,上昇度,1アドマ7カナテ16アンリ調子偏差値へ
202505040412,能力,8マーズ12エイプ15ケンキタイム指数へ
202505040412,上昇度,3トルー6ニシノ14ユウト調子偏差値へ
202505040501,能力,5ウィン7フライ15ジャスタイム指数へ
202505040501,上昇度,10ロココ11ニシノ12ロンド調子偏差値へ
202505040502,能力,6エコロ8グラテ11ベアアタイム指数へ
202505040502,上昇度,2ロゼイ5フレン12ニシノ調子偏差値へ
202505040503,能力,3ミスタ8ウレシ11ワディタイム指数へ
202505040503,上昇度,4カズノ7ダイヤ9シャオ調子偏差値へ
202505040504,上昇度,1リプレ5カール14サンラ調子偏差値へ
202505040507,能力,5ハルノ7カージ10ダカラタイム指数へ
202505040507,上昇度,2アルデ3ネイサ8マイン調子偏差値へ
202505040508,能力,1テイエ2ショー3マテンタイム指数へ
202505040508,上昇度,2ショー3マテン7トップ調子偏差値へ
202505040509,能力,2ゴール11ルパヴ18ドリータイム指数へ
202505040509,上昇度,4プチプ10エルマ15ダノン調子偏差値へ
202505040510,能力,1シャイ5エンド7ヴォラタイム指数へ
202505040510,上昇度,1シャイ2ロード6スピー調子偏差値へ
202505040511,能力,1ボーン6セレシ12マイネタイム指数へ
202505040511,上昇度,3ギャラ4シルブ10ウイン調子偏差値へ
202505040512,能力,4バルサ6キミハ14スリータイム指数へ
202505040512,上昇度,4バルサ9アフト10ヒルビ調子偏差値へ
202505040601,能力,1サイモ8サンデ9ラインタイム指数へ
202505040601,上昇度,2フクス4マテン5キタイ調子偏差値へ
202505040602,能力,3カセノ5イヌボ9ミヤエタイム指数へ
202505040602,上昇度,2セント4ラヴィ5イヌボ調子偏差値へ
202505040603,能力,1ラグア4パーシ5ダノンタイム指数へ
202505040603,上昇度,3スチー7マイネ8エルア調子偏差値へ
202505040606,能力,2ヘリオ5ソナタ8キョウタイム指数へ
202505040606,上昇度,5ソナタ7グレイ8キョウ調子偏差値へ
202505040607,能力,1アサク3エンジ7カイトタイム指数へ
202505040607,上昇度,2クイン10ラミア12ミクス調子偏差値へ
202505040608,能力,2ヴァリ5ウイン8ワイズタイム指数へ
202505040608,上昇度,2ヴァリ6ピンキ8ワイズ調子偏差値へ
202505040609,能力,1スマー3モノポ5アンドタイム指数へ
202505040609,上昇度,1スマー3モノポ5アンド調子偏差値へ
202505040610,能力,7ホウオ10コスモ12ヤマニタイム指数へ
202505040610,上昇度,6ノット13グロバ14ピカピ調子偏差値へ
202505040611,能力,2ウォー6ソウル11ガイアタイム指数へ
202505040611,上昇度,1マジッ11ガイア13ファー調子偏差値へ
202505040612,能力,9エチャ12ハクサ13スズカタイム指数へ
202505040612,上昇度,1ロサン2グラン13スズカ調子偏差値へ
202505040701,能力,7リフレ8タイセ12スタータイム指数へ
202505040701,上昇度,3ランニ4オテモ13マジッ調子偏差値へ
202505040702,能力,3リラ4ルージ7フジガタイム指数へ
202505040702,上昇度,2テルケ5シスタ8ニシノ調子偏差値へ
202505040703,能力,3リーデ6フェイ13トンガタイム指数へ
202505040703,上昇度,1ピルス3リーデ9ヴェン調子偏差値へ
202505040706,能力,1ハイヤ4タガノ6サンアタイム指数へ
202505040706,上昇度,2トラス4タガノ8コック調子偏差値へ
202505040707,能力,1プリム7パスト9クライタイム指数へ
202505040707,上昇度,1プリム2フェア10フェン調子偏差値へ
202505040708,能力,1ゴール11ハーモ12ピコテタイム指数へ
202505040708,上昇度,5マーゴ6キチロ11ハーモ調子偏差値へ
202505040709,上昇度,5サイー6ジュー7エコロ調子偏差値へ
202505040710,能力,2ショウ4レッド8サノノタイム指数へ
202505040710,上昇度,1ハリウ2ショウ4レッド調子偏差値へ
202505040711,能力,3クール9ブレイ12ゼットタイム指数へ
202505040711,上昇度,7アムー8リチュ11カゼノ調子偏差値へ
202505040712,能力,1バトル8ワンダ10グロータイム指数へ
202505040712,上昇度,7スパー10グロー12ショウ調子偏差値へ
202505040801,能力,4ゴット10ニシノ12イナズタイム指数へ
202505040801,上昇度,6マーガ8キタノ14ケイア調子偏差値へ
202505040802,能力,2ジュラ8ヒズマ9サンセタイム指数へ
202505040802,上昇度,1セルリ3ボーン9サンセ調子偏差値へ
202505040803,能力,1スカイ6ナック7アッシタイム指数へ
202505040803,上昇度,1スカイ2チャン4シルバ調子偏差値へ
202505040807,能力,10トモジ11スプラ16マクミタイム指数へ
202505040807,上昇度,6ジーテ8ゼンカ9マルセ調子偏差値へ
202505040808,能力,3アドミ4ドーバ6ネイサタイム指数へ
202505040808,上昇度,1プルミ3アドミ7リポサ調子偏差値へ
202505040809,能力,2ゴール9エクス12メイケタイム指数へ
202505040809,上昇度,3ジュン10マテン11イブニ調子偏差値へ
202505040810,能力,4フルオ7ラフエ9ヴァンタイム指数へ
202505040810,上昇度,6トウカ11ベルウ16ロジア調子偏差値へ
202505040811,能力,1タイセ7マルガ8ハッピタイム指数へ
202505040811,上昇度,1タイセ4レディ7マルガ調子偏差値へ
202505040812,能力,1フウセ6アルジ9ワーズタイム指数へ
202505040812,上昇度,5アオカ6アルジ7メモリ調子偏差値へ
202505040901,能力,1エスシ2キタノ12スリータイム指数へ
202505040901,上昇度,1エスシ2キタノ11アイオ調子偏差値へ
202505040902,能力,1コスモ8ゼータ9セヴェタイム指数へ
202505040902,上昇度,3レイヒ6グリー7パッセ調子偏差値へ
202505040903,能力,1リゾー10ダイヤ11リラタイム指数へ
202505040903,上昇度,3ロット5シーク8ダイシ調子偏差値へ
202505040904,上昇度,3キング4ダスク10カレン調子偏差値へ
202505040907,能力,2ハッピ4アンジ7コルヴタイム指数へ
202505040907,上昇度,1プロピ2ハッピ4アンジ調子偏差値へ
202505040908,能力,5ドリー7テンミ14インパタイム指数へ
202505040908,上昇度,5ドリー13テンダ14インパ調子偏差値へ
202505040909,能力,3トーホ5ベルダ12アイフタイム指数へ
202505040909,上昇度,6ホレー7ゼロス12アイフ調子偏差値へ
202505040910,能力,1イトカ3ミーン4ミステタイム指数へ
202505040910,上昇度,2フォー4ミステ6クリニ調子偏差値へ
202505040911,能力,3ジャス4モズミ13インユタイム指数へ
202505040911,上昇度,4モズミ11ハチメ13インユ調子偏差値へ
202505040912,能力,7キョウ8セブン14コーリタイム指数へ
202505040912,上昇度,2オリー7キョウ13グアラ調子偏差値へ
202505041001,能力,2アルカ5ウリズ6リアラタイム指数へ
202505041001,上昇度,3ドナシ9スフェ11ナフセ調子偏差値へ
202505041002,能力,5ベアコ6ドルマ10モルニタイム指数へ
202505041002,上昇度,7シンハ10モルニ12クイー調子偏差値へ
202505041003,能力,3イブキ6ポッド9ロイヤタイム指数へ
202505041003,上昇度,3イブキ6ポッド11ファム調子偏差値へ
202505041006,能力,4セギレ5ヴィン11サンタタイム指数へ
202505041006,上昇度,4セギレ7レシェ8ラピダ調子偏差値へ
202505041007,能力,3ダカラ4オウケ10ハルノタイム指数へ
202505041007,上昇度,4オウケ6ファミ12ロング調子偏差値へ
202505041008,能力,1フミサ9ダイシ12ルークタイム指数へ
202505041008,上昇度,1フミサ7デビッ12ルーク調子偏差値へ
202505041009,能力,4ジュン6ホウオ8ローザタイム指数へ
202505041009,上昇度,4ジュン5トリプ8ローザ調子偏差値へ
202505041010,能力,6カニキ9キュク10チェルタイム指数へ
202505041010,上昇度,3テウメ5ヒシア8リッケ調子偏差値へ
202505041011,能力,3サルヴ13バトル16アッシタイム指数へ
202505041011,上昇度,3サルヴ9ショウ16アッシ調子偏差値へ
202505041012,能力,2ツーネ7ベスト8マリアタイム指数へ
202505041012,上昇度,9ラブリ10タルタ15エーテ調子偏差値へ
202505041101,能力,1オーシ7サザン10グランタイム指数へ
202505041101,上昇度,5ストロ7サザン9グラン調子偏差値へ
202505041102,能力,9マイネ13ウィン14ヘリテタイム指数へ
202505041102,上昇度,9マイネ12ホテル14ヘリテ調子偏差値へ
202505041103,能力,1ファー3マイネ9トーアタイム指数へ
202505041103,上昇度,4モリイ6タッセ9トーア調子偏差値へ
202505041106,能力,4クニノ7アンク13シャドタイム指数へ
202505041106,上昇度,3サイモ7アンク14メレカ調子偏差値へ
202505041107,能力,6ジェイ7ファン9ドゥマタイム指数へ
202505041107,上昇度,11ルヴァ13ヘイン14コーカ調子偏差値へ
202505041108,能力,1ガロー2フォル5エリプタイム指数へ
202505041108,上昇度,1ガロー4コスモ5エリプ調子偏差値へ
202505041109,能力,1ジルバ7ストレ8エンペタイム指数へ
202505041109,上昇度,8エンペ9アルゲ10ツルマ調子偏差値へ
202505041110,能力,2ガンウ5トクシ7マーズタイム指数へ
202505041110,上昇度,1キュム8ハード11エコロ調子偏差値へ
202505041111,能力,5タステ8ホウオ10エコロタイム指数へ
202505041111,上昇度,4ソール8ホウオ9ミュー調子偏差値へ
202505041112,能力,4アリエ12テーオ13ロッシタイム指数へ
202505041112,上昇度,8オコタ11マーシ12テーオ調子偏差値へ
202505050101,能力,4ライン8プルメ11シュピタイム指数へ
202505050101,上昇度,11シュピ15ビップ16ブール調子偏差値へ
202505050102,能力,4ヴンダ6アンデ13タートタイム指数へ
202505050102,上昇度,6アンデ8ルミテ12セニン調子偏差値へ
202505050103,能力,8グリー9グラン10フォンタイム指数へ
202505050103,上昇度,4ウイン9グラン12プレイ調子偏差値へ
202505050107,能力,2キミハ6トニケ8ハーモタイム指数へ
202505050107,上昇度,10リドル12ドント15ケイツ調子偏差値へ
202505050108,能力,1クロシ6エスト7ビーオタイム指数へ
202505050108,上昇度,5クラッ6エスト7ビーオ調子偏差値へ
202505050109,能力,4キョウ5テーオ7サンカタイム指数へ
202505050109,上昇度,6ヒルノ8マーゴ12クロッ調子偏差値へ
202505050110,能力,2ナイト7ヴァン8メイシタイム指数へ
202505050110,上昇度,2ナイト4ルグラ8メイシ調子偏差値へ
202505050111,能力,7ユウフ10ダイヤ12フクチタイム指数へ
202505050111,上昇度,6シュペ8ホット16レッド調子偏差値へ
202505050112,能力,5タイキ8カイト11フェイタイム指数へ
202505050112,上昇度,4ゴール6シャン7ルクス調子偏差値へ
202505050201,能力,2マカレ15ミセス16フロンタイム指数へ
202505050201,上昇度,7トラン13ニシノ16フロン調子偏差値へ
202505050202,能力,2フィン8ジャッ16サンラタイム指数へ
202505050202,上昇度,5ブッチ14ビッキ15ダイコ調子偏差値へ
202505050203,能力,10シャル16ロジケ18ジュニタイム指数へ
202505050203,上昇度,2レゲン4ラブソ16ロジケ調子偏差値へ
202505050204,能力,6ネッカ10ラグア11バンオタイム指数へ
202505050204,上昇度,5アイム6ネッカ9キーサ調子偏差値へ
202505050207,能力,6ソナタ9ディー10サトノタイム指数へ
202505050207,上昇度,1カルネ2ミルキ16リーゼ調子偏差値へ
202505050208,能力,5アンズ10セント15エイプタイム指数へ
202505050208,上昇度,5アンズ11ダミエ16ニシノ調子偏差値へ
202505050209,能力,8エコロ9ドンエ14サトノタイム指数へ
202505050209,上昇度,9ドンエ11サノノ14サトノ調子偏差値へ
202505050210,能力,4ミスタ8マイネ11モズロタイム指数へ
202505050210,上昇度,5エイカ7クレバ9コスモ調子偏差値へ
202505050211,能力,5セレシ6ディマ14ボルドタイム指数へ
202505050211,上昇度,6ディマ9ショウ17ハギノ調子偏差値へ
202505050212,能力,7コンテ11レザン14タイセタイム指数へ
202505050212,上昇度,8ダーク11レザン14タイセ調子偏差値へ
202505050301,能力,4ラヴィ7カセノ8リワータイム指数へ
202505050301,上昇度,3フクシ10トーセ11フェス調子偏差値へ
202505050302,能力,5スペル10マンサ17ゴーフタイム指数へ
202505050302,上昇度,4プレイ11ベスト17ゴーフ調子偏差値へ
202505050303,能力,5テンレ14タケル15マイネタイム指数へ
202505050303,上昇度,6ブラッ10カテド12メイシ調子偏差値へ
202505050304,能力,2クール7オーケ12トルネタイム指数へ
202505050304,上昇度,9ガード11ティラ12トルネ調子偏差値へ
202505050307,能力,3マクミ6エリカ13シャルタイム指数へ
202505050307,上昇度,3マクミ15ラッキ16メリー調子偏差値へ
202505050308,上昇度,1トゥラ5プラチ7アルデ調子偏差値へ
202505050309,能力,1アラナ9トーホ12サノノタイム指数へ
202505050309,上昇度,1アラナ9トーホ11アイフ調子偏差値へ
202505050310,能力,3ユハン8マイネ9トラペタイム指数へ
202505050310,上昇度,3ユハン9トラペ12エリー調子偏差値へ
202505050311,能力,1ビダー4コスタ14ペプチタイム指数へ
202505050311,上昇度,3ロード4コスタ7アドマ調子偏差値へ
202505050312,能力,11ドーン12アルゲ13ジルバタイム指数へ
202505050312,上昇度,4ダイシ5ブラッ8フォル調子偏差値へ
202505050401,能力,3キタノ4ブルー14マカイタイム指数へ
202505050401,上昇度,4ブルー10エムア16パータ調子偏差値へ
202505050402,能力,2ミナヅ9ビッグ15エルアタイム指数へ
202505050402,上昇度,9ビッグ16コスモ17メープ調子偏差値へ
202505050403,能力,8ハート15マトリ16スイータイム指数へ
202505050403,上昇度,4カッサ8ハート10テリオ調子偏差値へ
202505050406,能力,4サムワ10キョウ15エドワタイム指数へ
202505050406,上昇度,6ベイビ8マイネ16エーデ調子偏差値へ
202505050407,能力,1エチャ7メイシ15フィリタイム指数へ
202505050407,上昇度,5オセア6メモリ8ジュー調子偏差値へ
202505050408,能力,1マカナ4ソルト5キングタイム指数へ
202505050408,上昇度,2エルデ9ネイビ11ミッキ調子偏差値へ
202505050409,能力,1カンパ2ダノン3トクシタイム指数へ
202505050409,上昇度,5ベンヌ12グレノ14レーウ調子偏差値へ
202505050410,能力,3エバー5ルシフ7ミカッタイム指数へ
202505050410,上昇度,4カヨウ5ルシフ9ユキワ調子偏差値へ
202505050411,能力,7シュタ13レッド15レッドタイム指数へ
202505050411,上昇度,5セント7シュタ16フォー調子偏差値へ
202505050412,能力,7ウイン8ミエノ9カレンタイム指数へ
202505050412,上昇度,1ユーデ6トリフ11キャピ調子偏差値へ
202505050501,能力,3ヘイス9ユイノ14コブラタイム指数へ
202505050501,上昇度,11トーア15エンチ16シュタ調子偏差値へ
202505050502,能力,1インテ6ベルサ17ブライタイム指数へ
202505050502,上昇度,6ベルサ15タイセ18シルバ調子偏差値へ
202505050503,能力,2ピエド4ロジク10ワイズタイム指数へ
202505050503,上昇度,3フジテ4ロジク12ダイユ調子偏差値へ
202505050506,能力,9ガラク10キョウ11カーラタイム指数へ
202505050506,上昇度,4グラン6サイモ13キャト調子偏差値へ
202505050507,能力,1タケル8ムーラ14オウケタイム指数へ
202505050507,上昇度,6ロスト7ディー15ティア調子偏差値へ
202505050508,能力,5ホウオ10アラレ16マンノタイム指数へ
202505050508,上昇度,4シーニ8バラン13チュウ調子偏差値へ
202505050509,能力,2ポペッ7ラヴノ8ヒルデタイム指数へ
202505050509,上昇度,3ヒズマ6ルージ7ラヴノ調子偏差値へ
202505050510,能力,1コート5アスク11ポルカタイム指数へ
202505050510,上昇度,7ナヴォ11ポルカ16ウイン調子偏差値へ
202505050511,能力,4ウェイ5ユキマ8コンクタイム指数へ
202505050511,上昇度,1レディ2グッジ5ユキマ調子偏差値へ
202505050512,能力,7レイク11ゴール17サクセタイム指数へ
202505050512,上昇度,7レイク13テラス16ガーネ調子偏差値へ
202505050601,能力,2イナズ11カレイ12セイウタイム指数へ
202505050601,上昇度,2イナズ12セイウ15ユイノ調子偏差値へ
202505050602,能力,9ミスタ10シェー15ワディタイム指数へ
202505050602,上昇度,1アリア4ミアエ8ヘイマ調子偏差値へ
202505050603,能力,1セキテ6フュー9ヴレクタイム指数へ
202505050603,上昇度,2タイガ9ヴレク10モデレ調子偏差値へ
202505050604,能力,2マクリ6フィン7ノボリタイム指数へ
202505050604,上昇度,8アミナ10アドマ14シデレ調子偏差値へ
202505050605,能力,7サンタ10キミハ11クニノタイム指数へ
202505050605,上昇度,2マック4レゼー6アルニ調子偏差値へ
202505050608,能力,1マンウ7パラサ12イゾラタイム指数へ
202505050608,上昇度,2セレジ3クォー13クイン調子偏差値へ
202505050609,能力,4ジュン10イクリ11パッシタイム指数へ
202505050609,上昇度,2アヴニ9エーオ12ワイズ調子偏差値へ
202505050610,能力,7エレク8ホウオ15エリカタイム指数へ
202505050610,上昇度,4シャン12メイテ16ソレル調子偏差値へ
202505050611,能力,5ローベ8ゾロア9ダノンタイム指数へ
202505050611,上昇度,2テルヒ6サレジ9ダノン調子偏差値へ
202505050612,能力,1ドリー8タイキ13オルグタイム指数へ
202505050612,上昇度,7レッド10ウーバ14ホリー調子偏差値へ
202505050701,能力,6セント8ロイヤ10ライカタイム指数へ
202505050701,上昇度,1ロイヤ5アヴァ6セント調子偏差値へ
202505050702,能力,4シャイ5ジュニ13アグネタイム指数へ
202505050702,上昇度,1リュウ2チェイ13アグネ調子偏差値へ
202505050703,能力,3チャチ5ゴコウ12ネッカタイム指数へ
202505050703,上昇度,1ブリガ3チャチ5ゴコウ調子偏差値へ
202505050706,能力,1キョウ8エドワ9サムワタイム指数へ
202505050706,上昇度,5キチロ9サムワ11コア調子偏差値へ
202505050707,能力,1ムーン7ティム13ノラリタイム指数へ
202505050707,上昇度,10エンジ13ノラリ16サンセ調子偏差値へ
202505050708,能力,7ジェイ9ヴァナ12トクシタイム指数へ
202505050708,上昇度,6ロンパ11デフィ14アール調子偏差値へ
202505050709,能力,4サトノ5アルカ7マグナタイム指数へ
202505050709,上昇度,4サトノ8エブリ12サンデ調子偏差値へ
202505050710,能力,4エスト11ドゥー16ストレタイム指数へ
202505050710,上昇度,1アジア2プロミ16ストレ調子偏差値へ
202505050711,能力,1シヴァ9ジュン10シャドタイム指数へ
202505050711,上昇度,3スズハ7コンク14ホウオ調子偏差値へ
202505050712,能力,3リバー4アンパ5ジャサタイム指数へ
202505050712,上昇度,3リバー4アンパ7ダノン調子偏差値へ
202505050801,能力,3ライン5マイネ11タイセタイム指数へ
202505050801,上昇度,2ラスエ11タイセ13ニンジ調子偏差値へ
202505050802,能力,3ホワイ8アウダ13ゴバドタイム指数へ
202505050802,上昇度,4ウイン6ロジキ13ゴバド調子偏差値へ
202505050803,能力,2エコロ12ヴンダ16ホールタイム指数へ
202505050803,上昇度,5アイフ6キタイ9アオハ調子偏差値へ
202505050804,能力,2シャド6アイム13ファムタイム指数へ
202505050804,上昇度,2シャド3ソルト4タイド調子偏差値へ
202505050807,能力,2シュレ12マクミ14メッエタイム指数へ
202505050807,上昇度,2シュレ7エルオ11ジェイ調子偏差値へ
202505050808,能力,1グラン2ベネサ5ドリータイム指数へ
202505050808,上昇度,1グラン6コズミ8グロリ調子偏差値へ
202505050809,能力,2ログラ3クロシ4ビーオタイム指数へ
202505050809,上昇度,2ログラ6ウイン8ボウウ調子偏差値へ
202505050810,能力,6ケンキ9フミサ10ダイシタイム指数へ
202505050810,上昇度,8シホノ13サトノ14オンザ調子偏差値へ
202505050811,能力,1ウイン10コスモ15ヴィレタイム指数へ
202505050811,上昇度,8モズロ13ソリダ15ヴィレ調子偏差値へ
202505050812,能力,1ジャス6ホウオ14ダノンタイム指数へ
202505050812,上昇度,1ジャス16シンエ18タステ調子偏差値へ
202506010101,能力,7コナベ11ピッツ12ダイチタイム指数へ
202506010101,上昇度,5チャン10ルック14ノアフ調子偏差値へ
202506010102,能力,2ブレト6フィー13アイオタイム指数へ
202506010102,上昇度,1レイラ9シリウ16バレア調子偏差値へ
202506010104,能力,1ロード2ブレイ9マコタタイム指数へ
202506010104,上昇度,1ロード12オブシ13パッカ調子偏差値へ
202506010105,能力,1ニシノ11ルトン16カーヌタイム指数へ
202506010105,上昇度,4ニシノ8キャピ16カーヌ調子偏差値へ
202506010107,能力,5ビップ7アルヴ11ヒラリタイム指数へ
202506010107,上昇度,1ドリー5ビップ7アルヴ調子偏差値へ
202506010108,能力,3スティ11レオテ12マキアタイム指数へ
202506010108,上昇度,6ヒラボ12マキア16トーラ調子偏差値へ
202506010109,能力,2サンラ7オンザ14マンマタイム指数へ
202506010109,上昇度,3メイシ7オンザ8トップ調子偏差値へ
202506010110,能力,8シンフ9ファン10モンドタイム指数へ
202506010110,上昇度,5スマッ6ワース10モンド調子偏差値へ
202506010111,能力,2アルナ17シンリ18ホウオタイム指数へ
202506010111,上昇度,10セイウ14リカン16ボーン調子偏差値へ
202506010112,能力,5ムーム9ニルア14ウィンタイム指数へ
202506010112,上昇度,4フォル9ニルア11マイア調子偏差値へ
202506010201,能力,4パシー13ショウ14カーテタイム指数へ
202506010201,上昇度,3ハピハ5ハナナ11クリア調子偏差値へ
202506010202,能力,3シナツ7フォン16ラーナタイム指数へ
202506010202,上昇度,5アイヨ6ラブミ7フォン調子偏差値へ
202506010203,能力,1グラス3ハクシ15ブルータイム指数へ
202506010203,上昇度,5シーフ11ヴェナ15ブルー調子偏差値へ
202506010204,能力,6アオカ9ミスエ15オセアタイム指数へ
202506010204,上昇度,1ロサン11ペッパ15オセア調子偏差値へ
202506010206,能力,1サトノ6アルテ8コスモタイム指数へ
202506010206,上昇度,10ディベ14カズノ16マイネ調子偏差値へ
202506010207,能力,3スタイ4テリオ11アロヒタイム指数へ
202506010207,上昇度,2ディヴ4テリオ8エーオ調子偏差値へ
202506010208,上昇度,6フェー11インデ14ルレー調子偏差値へ
202506010209,能力,10サパテ14アムー15ライラタイム指数へ
202506010209,上昇度,8オソル9アイフ14アムー調子偏差値へ
202506010210,能力,5タイキ7ピンキ9アスクタイム指数へ
202506010210,上昇度,4ビター13ロゼル15リリー調子偏差値へ
202506010211,能力,4エコロ6オード10マイネタイム指数へ
202506010211,上昇度,4エコロ9スーサ16ブルー調子偏差値へ
202506010212,能力,7マッス11ディズ12レッドタイム指数へ
202506010212,上昇度,5サンカ9モッド10ジャミ調子偏差値へ
202506010301,能力,2マミー6ナイン9シュレタイム指数へ
202506010301,上昇度,5テント9シュレ11フクノ調子偏差値へ
202506010302,能力,2エルバ14リバー16ダカラタイム指数へ
202506010302,上昇度,3カルタ7ヴォン10ステレ調子偏差値へ
202506010303,能力,9フィー12ナムラ15カゼノタイム指数へ
202506010303,上昇度,1エレレ5ジーテ11ノーブ調子偏差値へ
202506010306,能力,3エーリ4ロフテ8カフェタイム指数へ
202506010306,上昇度,3エーリ8カフェ11ベルイ調子偏差値へ
202506010307,能力,3アグネ6スパイ14チェンタイム指数へ
202506010307,上昇度,2パトリ3アグネ6スパイ調子偏差値へ
202506010308,能力,4キボウ13ハッピ15スーパタイム指数へ
202506010308,上昇度,1エコロ8カラフ15スーパ調子偏差値へ
202506010309,能力,4エンプ5スナッ10ベリタタイム指数へ
202506010309,上昇度,5スナッ7アタラ13オタマ調子偏差値へ
202506010310,能力,4オセア8アイア15レッドタイム指数へ
202506010310,上昇度,4オセア6オセア10ブレイ調子偏差値へ
202506010311,能力,1ナムラ2アドマ3ホーエタイム指数へ
202506010311,上昇度,4ホウオ8キント13ナイト調子偏差値へ
202506010312,能力,2ウイン4ツルマ7ノーダタイム指数へ
202506010312,上昇度,4ツルマ5マンウ6エリー調子偏差値へ
202506010401,能力,7ハクサ8エルオ9アイアタイム指数へ
202506010401,上昇度,1エコロ5グルナ15オルテ調子偏差値へ
202506010402,能力,11モンサ13サムシ15オオタタイム指数へ
202506010402,上昇度,1ゴット11モンサ16サクラ調子偏差値へ
202506010403,能力,6カルデ7トレヴ15スリータイム指数へ
202506010403,上昇度,4トウカ11ベルト14ツクバ調子偏差値へ
202506010405,能力,5ライヴ14アレグ16ニシノタイム指数へ
202506010405,上昇度,2オビド5ライヴ9バイオ調子偏差値へ
202506010406,能力,1マイレ5バロン10ベリータイム指数へ
202506010406,上昇度,3オコジ12マケズ14バルサ調子偏差値へ
202506010407,能力,3ヴァイ4レッド7スパータイム指数へ
202506010407,上昇度,5ネイサ14マイネ17アンド調子偏差値へ
202506010408,能力,2ブレス3アース5ペネトタイム指数へ
202506010408,上昇度,7ライク13フェル16シャド調子偏差値へ
202506010409,能力,9アバン13ハイラ14ショウタイム指数へ
202506010409,上昇度,2フロム10ディマ14ショウ調子偏差値へ
202506010410,能力,2リチュ5メイク6プリンタイム指数へ
202506010410,上昇度,4オーロ6プリン14アクシ調子偏差値へ
202506010411,能力,12エリカ13ティラ14ニシノタイム指数へ
202506010411,上昇度,2キタノ3ジャル12エリカ調子偏差値へ
202506010412,能力,3キョウ5テセラ9ニットタイム指数へ
202506010412,上昇度,3キョウ10コラリ12ホウオ調子偏差値へ
202506010501,能力,8アサク9チュッ15カウスタイム指数へ
202506010501,上昇度,1ロジス4ニュー12ハニー調子偏差値へ
202506010502,能力,1ファミ2タイセ6ジェシタイム指数へ
202506010502,上昇度,7ケルピ11ブラザ14ナルサ調子偏差値へ
202506010503,能力,3グラン5ミュー16キョウタイム指数へ
202506010503,上昇度,1カスカ9ヒサエ10モーニ調子偏差値へ
202506010504,上昇度,4ラエー5フジフ9アンノ調子偏差値へ
202506010506,能力,4レイク9カーミ13バーケタイム指数へ
202506010506,上昇度,1フィエ9カーミ11ヴィク調子偏差値へ
202506010507,能力,5ラパン6モジャ7チムグタイム指数へ
202506010507,上昇度,5ラパン7チムグ9ホウオ調子偏差値へ
202506010508,能力,2ライジ11フリッ14タイセタイム指数へ
202506010508,上昇度,1プラム8エコロ10ウイン調子偏差値へ
202506010509,能力,3トクシ9マウン15アコータイム指数へ
202506010509,上昇度,4コルデ11ハイラ12ユアフ調子偏差値へ
202506010510,能力,5パルデ6グラン12ウナギタイム指数へ
202506010510,上昇度,8プレシ9ブシン11アロッ調子偏差値へ
202506010511,能力,5マルデ6サンラ11ジュータイム指数へ
202506010511,上昇度,3レイベ11ジュー14ビーア調子偏差値へ
202506010512,能力,8アサク9ラヴス16クリータイム指数へ
202506010512,上昇度,1ジャグ7アッシ14ロンド調子偏差値へ
202506010601,能力,2レイオ12ペイシ16ダイチタイム指数へ
202506010601,上昇度,2レイオ4ユイノ15エネル調子偏差値へ
202506010602,能力,1イトウ8カージ14フジレタイム指数へ
202506010602,上昇度,9ビリー13イスキ16ハイン調子偏差値へ
202506010604,上昇度,2プリン3ノアフ6トラモ調子偏差値へ
202506010605,能力,2コスモ6マイネ17ウアータイム指数へ
202506010605,上昇度,14ウイン15ダイユ17ウアー調子偏差値へ
202506010606,能力,3クイン5タイセ10オセアタイム指数へ
202506010606,上昇度,6ケイト12ヴェル14グラン調子偏差値へ
202506010607,能力,2サツキ4メテオ11グレノタイム指数へ
202506010607,上昇度,9セイウ11グレノ13アヴィ調子偏差値へ
202506010608,能力,5ショウ10モリノ11キタノタイム指数へ
202506010608,上昇度,2ネイト12アポロ15ベルウ調子偏差値へ
202506010609,能力,2シホリ12ニシノ16ピコロタイム指数へ
202506010609,上昇度,4キスア7フタイ15ショウ調子偏差値へ
202506010610,能力,2ビップ4マーブ12オレデタイム指数へ
202506010610,上昇度,4マーブ14ロード16イーサ調子偏差値へ
202506010611,能力,3モリノ14ナナオ15サウザタイム指数へ
202506010611,上昇度,2メイク6バース11ロード調子偏差値へ
202506010612,能力,4テリオ8タルタ12ビジュタイム指数へ
202506010612,上昇度,3トライ6バロッ9タッチ調子偏差値へ
202506010701,能力,5パラサ13サツキ16スタータイム指数へ
202506010701,上昇度,4ダノン5パラサ13サツキ調子偏差値へ
202506010702,能力,8ライズ14ロンパ16オキョタイム指数へ
202506010702,上昇度,5チャー14ロンパ16オキョ調子偏差値へ
202506010703,能力,10チンプ12キタノ14ノメンタイム指数へ
202506010703,上昇度,3シバノ14ノメン15トーセ調子偏差値へ
202506010704,上昇度,2アルカ7フォル11ソルド調子偏差値へ
202506010706,能力,10イマー14ブリッ15フリッタイム指数へ
202506010706,上昇度,2フィリ3ヤマメ15フリッ調子偏差値へ
202506010707,能力,2プレジ7コレク12ソレルタイム指数へ
202506010707,上昇度,2プレジ4モーメ8ザロッ調子偏差値へ
202506010708,能力,4ガール6タイキ9テイデタイム指数へ
202506010708,上昇度,1タイセ7スパー13キョウ調子偏差値へ
202506010709,能力,1タシッ3ラズベ4ウエスタイム指数へ
202506010709,上昇度,9ニシノ10センタ11ブラン調子偏差値へ
202506010710,能力,1フルム10タガノ16スタータイム指数へ
202506010710,上昇度,3ゼット7ロード8ハコダ調子偏差値へ
202506010711,能力,7コスモ8ゲルチ14パーテタイム指数へ
202506010711,上昇度,1タイセ6センツ8ゲルチ調子偏差値へ
202506010712,能力,1ウイン3ショウ6ウインタイム指数へ
202506010712,上昇度,10ステラ14セイム16バレド調子偏差値へ
202506010801,能力,2テルユ7リクエ9ハイエタイム指数へ
202506010801,上昇度,2テルユ5コウバ11ワイド調子偏差値へ
202506010802,能力,5オオタ14ハルノ16チュウタイム指数へ
202506010802,上昇度,1コガク4アドラ14ハルノ調子偏差値へ
202506010803,能力,4レイオ5コンパ11ナインタイム指数へ
202506010803,上昇度,5コンパ6サマー8カービ調子偏差値へ
202506010806,能力,3シャイ4クレー6リュキタイム指数へ
202506010806,上昇度,1ダンツ5タマモ6リュキ調子偏差値へ
202506010807,能力,4キボウ12マイレ13クインタイム指数へ
202506010807,上昇度,5ホーリ7ダイチ8イリュ調子偏差値へ
202506010808,能力,4アース8ライク14タイセタイム指数へ
202506010808,上昇度,1ラムゼ10プルメ16ホウオ調子偏差値へ
202506010809,能力,2ステラ6ユキノ10ツルマタイム指数へ
202506010809,上昇度,4ワザモ5ラテラ10ツルマ調子偏差値へ
202506010810,能力,3ホウキ5サパテ9アピータイム指数へ
202506010810,上昇度,1デルマ2カイコ5サパテ調子偏差値へ
202506010811,能力,4エリダ9フレー10ソリダタイム指数へ
202506010811,上昇度,8インス16ハギノ17ルクス調子偏差値へ
202506010812,能力,6ウーバ8フォル16カウンタイム指数へ
202506010812,上昇度,4トレヴ6ウーバ16カウン調子偏差値へ
202506010901,能力,7ヒルビ11イズル12フラッタイム指数へ
202506010901,上昇度,5リワー9キタノ11イズル調子偏差値へ
202506010902,能力,1シナツ10ヒサエ15ラウレタイム指数へ
202506010902,上昇度,1シナツ2コスモ6アンテ調子偏差値へ
202506010903,能力,2ブルー13ブレト14ロッシタイム指数へ
202506010903,上昇度,8ドラゴ12アルデ15コウセ調子偏差値へ
202506010905,能力,1ラッキ13オビド14ピックタイム指数へ
202506010905,上昇度,1ラッキ14ピック16スター調子偏差値へ
202506010906,能力,6ランス9マッス13フリッタイム指数へ
202506010906,上昇度,3モヴレ9マッス11ライジ調子偏差値へ
202506010907,能力,4パレハ6フラミ10アンリタイム指数へ
202506010907,上昇度,3ウイン4パレハ7ロムネ調子偏差値へ
202506010908,能力,1ウィン9ジョヴ13シークタイム指数へ
202506010908,上昇度,3エレガ6ベルシ8バンブ調子偏差値へ
202506010909,能力,1ダノン5リトル9エデルタイム指数へ
202506010909,上昇度,5リトル9エデル11ニシノ調子偏差値へ
202506010910,能力,2ムーヴ3アイア6パルデタイム指数へ
202506010910,上昇度,9アシャ14エメラ15ホワイ調子偏差値へ
202506010911,能力,4ボルド9ディー18ボーンタイム指数へ
202506010911,上昇度,2レーベ9ディー13コスモ調子偏差値へ
202506010912,能力,2ソルト4メイシ11エールタイム指数へ
202506010912,上昇度,4メイシ5キセキ6ガルサ調子偏差値へ
202506020101,能力,5モーニ9シウダ13キタノタイム指数へ
202506020101,上昇度,5モーニ9シウダ10トウテ調子偏差値へ
202506020102,能力,8ガンハ9ルシー15ミニョタイム指数へ
202506020102,上昇度,9ルシー10ライブ15ミニョ調子偏差値へ
202506020103,能力,4ヴィジ12メイシ16フィータイム指数へ
202506020103,上昇度,3ホファ8タキノ11ワカム調子偏差値へ
202506020104,能力,1エーリ7キタノ12プチブタイム指数へ
202506020104,上昇度,1エーリ7キタノ9キセキ調子偏差値へ
202506020105,能力,6サルー8ハッピ14メリザタイム指数へ
202506020105,上昇度,6サルー16パヴェ18ベスト調子偏差値へ
202506020106,能力,1ルトン2マイネ6スタータイム指数へ
202506020106,上昇度,5ヤマニ11ベール15サンカ調子偏差値へ
202506020107,能力,2ネーブ6ノビリ7ラーナタイム指数へ
202506020107,上昇度,1ホリー7ラーナ8ブラッ調子偏差値へ
202506020108,能力,4ゴール7コスモ9ライトタイム指数へ
202506020108,上昇度,1キング8ショウ9ライト調子偏差値へ
202506020109,能力,1ディヴ12カーミ13エデルタイム指数へ
202506020109,上昇度,5サンラ7コスモ9ヤコブ調子偏差値へ
202506020110,能力,2パルデ5シーク9ニットタイム指数へ
202506020110,上昇度,1ムーム2パルデ6キャン調子偏差値へ
202506020111,能力,1レッド8オフト11ママコタイム指数へ
202506020111,上昇度,2ウイン10ウイン14クムシ調子偏差値へ
202506020112,能力,1バニシ3ソレル13ショウタイム指数へ
202506020112,上昇度,2サトノ3ソレル10ソーニ調子偏差値へ
202506020201,能力,7サトノ14アイア15サブアタイム指数へ
202506020201,上昇度,1リアラ2ニッシ6タブロ調子偏差値へ
202506020202,能力,5ゴット7アイオ16ジロラタイム指数へ
202506020202,上昇度,7アイオ10カシマ16ジロラ調子偏差値へ
202506020203,能力,8シュレ12フレー14ウフドタイム指数へ
202506020203,上昇度,3ポッド13ドリー14ウフド調子偏差値へ
202506020204,能力,1アイス6シャン12デルマタイム指数へ
202506020204,上昇度,7カール10ルージ12デルマ調子偏差値へ
202506020205,能力,5ダノン8ベリー14チェンタイム指数へ
202506020205,上昇度,12アンテ15ビリン17ウィッ調子偏差値へ
202506020206,能力,5エンマ15サムシ16スマータイム指数へ
202506020206,上昇度,2ジェシ5エンマ10ルグラ調子偏差値へ
202506020207,能力,1ストレ6カザン7オンザタイム指数へ
202506020207,上昇度,3ソルエ5チョン8セルズ調子偏差値へ
202506020208,能力,1ウイン10フリッ15コトブタイム指数へ
202506020208,上昇度,1ウイン4スペイ13マンダ調子偏差値へ
202506020209,能力,4オルノ8パンジ11レッセタイム指数へ
202506020209,上昇度,3ヤマニ5デファ9ヴルカ調子偏差値へ
202506020210,能力,1ジュー14スピー15ツインタイム指数へ
202506020210,上昇度,6レオテ10ヴェサ11ソノマ調子偏差値へ
202506020211,能力,2リフレ8ソウル12ボッケタイム指数へ
202506020211,上昇度,1シック3ボーン5タイム調子偏差値へ
202506020212,能力,4メモリ5ノット7ケンキタイム指数へ
202506020212,上昇度,5ノット9エリカ11グラン調子偏差値へ
202506020301,能力,5サード6ジョイ9コウソタイム指数へ
202506020301,上昇度,3ウイキ8グリュ14デンリ調子偏差値へ
202506020302,能力,3ラスト5ベネス13ロングタイム指数へ
202506020302,上昇度,6ノーブ7ニシノ16ヘルオ調子偏差値へ
202506020303,能力,2チャロ3ゴール14ジェイタイム指数へ
202506020303,上昇度,4ベンメ5アジア12タルト調子偏差値へ
202506020304,上昇度,3メイシ4サラフ6ゴール調子偏差値へ
202506020305,能力,3インパ5アウル11ウィンタイム指数へ
202506020305,上昇度,2エリジ6マリノ7ミサト調子偏差値へ
202506020306,能力,10プロス11グレイ13ムチャタイム指数へ
202506020306,上昇度,9ルディ10プロス12ミスタ調子偏差値へ
202506020307,能力,4レーヴ6シュー10アタラタイム指数へ
202506020307,上昇度,1スター3ママア7リケア調子偏差値へ
202506020308,能力,6メイシ12ブレイ13ジャクタイム指数へ
202506020308,上昇度,2キャス10サンマ14エスジ調子偏差値へ
202506020309,能力,5ノーブ7サンラ9レッドタイム指数へ
202506020309,上昇度,2ナムア7サンラ9レッド調子偏差値へ
202506020310,能力,4オンザ11オレデ14エリカタイム指数へ
202506020310,上昇度,3アスク9シェッ10マイネ調子偏差値へ
202506020311,能力,2ビヨン5ジュー6クリスタイム指数へ
202506020311,上昇度,1ミアネ6クリス11シラン調子偏差値へ
202506020312,能力,7レッド8ラヴス9アンドタイム指数へ
202506020312,上昇度,4ハニー5マーゴ16デイジ調子偏差値へ
202506020401,能力,4ミヤフ6コンテ8リックタイム指数へ
202506020401,上昇度,3ウイン4ミヤフ9アック調子偏差値へ
202506020402,能力,6ユウオ13エイシ14ナインタイム指数へ
202506020402,上昇度,8タイキ10リケア12クリー調子偏差値へ
202506020403,能力,3サトミ14エドワ16ドラゴタイム指数へ
202506020403,上昇度,5マイン6キタノ10ギンガ調子偏差値へ
202506020404,上昇度,1グラン7カルマ8アンク調子偏差値へ
202506020405,能力,1ルナル5ミズイ10ロンデタイム指数へ
202506020405,上昇度,3ニット6タイア7キョウ調子偏差値へ
202506020406,能力,7ピッツ11マサノ15ペイシタイム指数へ
202506020406,上昇度,1エルオ4クラウ16アレス調子偏差値へ
202506020407,能力,4ゲキザ7アグラ12タイセタイム指数へ
202506020407,上昇度,1レモン5キミハ15グラン調子偏差値へ
202506020408,能力,1アニト3レッド10ヨウシタイム指数へ
202506020408,上昇度,4プレジ8ノーダ11レッド調子偏差値へ
202506020409,能力,3インザ8レッド10エンドタイム指数へ
202506020409,上昇度,1アドマ4スティ6アーム調子偏差値へ
202506020410,能力,2ムルソ12タガノ14カンピタイム指数へ
202506020410,上昇度,2ムルソ10ミファ13コンテ調子偏差値へ
202506020411,能力,2ナグル6ジュタ11ミュータイム指数へ
202506020411,上昇度,3ヴィン10ロード14マイネ調子偏差値へ
202506020412,能力,1クーア2スプレ8アオイタイム指数へ
202506020412,上昇度,3ドバイ4ライジ10ロード調子偏差値へ
202506020501,能力,1フクチ13ミニョ14ミサビタイム指数へ
202506020501,上昇度,4グロー9プレミ10アナベ調子偏差値へ
202506020502,能力,9ナムラ13ヴィー15マルタタイム指数へ
202506020502,上昇度,1ヴィラ3マイウ10グレイ調子偏差値へ
202506020503,能力,2ラスト5ボンジ11ショウタイム指数へ
202506020503,上昇度,5ボンジ14プリヤ15セイカ調子偏差値へ
202506020504,能力,1ポリア3フォン7ライズタイム指数へ
202506020504,上昇度,2サバイ8ミラク12トーア調子偏差値へ
202506020505,能力,3ピエナ12バーケ17ディベタイム指数へ
202506020505,上昇度,2レッド12バーケ14マカナ調子偏差値へ
202506020506,能力,2セレニ4ハニー10ベールタイム指数へ
202506020506,上昇度,2セレニ8グロス11コスモ調子偏差値へ
202506020507,能力,9シャイ12イムホ15ホウオタイム指数へ
202506020507,上昇度,1リアン4スワッ9シャイ調子偏差値へ
202506020508,能力,1ヴェル5クイン10ロサンタイム指数へ
202506020508,上昇度,7リワー9レッツ11ブルー調子偏差値へ
202506020509,能力,4レッド13ソウル14ロードタイム指数へ
202506020509,上昇度,1ワンパ2ブロン12フルン調子偏差値へ
202506020510,能力,4アルセ11エンデ12スズカタイム指数へ
202506020510,上昇度,2ショウ4アルセ9キョウ調子偏差値へ
202506020511,能力,4キタノ7ヴィヴ12ピコロタイム指数へ
202506020511,上昇度,1トワイ7ヴィヴ8アルメ調子偏差値へ
202506020512,能力,2エリカ10スミレ15フミサタイム指数へ
202506020512,上昇度,1ピコア10スミレ12インプ調子偏差値へ
202506020601,能力,11バラダ14モーニ15ネクスタイム指数へ
202506020601,上昇度,5リリカ9フライ16ミライ調子偏差値へ
202506020602,能力,2ガンバ11シンガ15ピコテタイム指数へ
202506020602,上昇度,1サスペ8グリー15ピコテ調子偏差値へ
202506020603,能力,4クルー5オキョ14アールタイム指数へ
202506020603,上昇度,1ホウオ4クルー7サンピ調子偏差値へ
202506020604,能力,1オンザ10ドラゴ12フィータイム指数へ
202506020604,上昇度,4ブラー7セイウ9ハルノ調子偏差値へ
202506020605,能力,11ダング12ヤマニ15キャトタイム指数へ
202506020605,上昇度,10ブドワ14クリー15キャト調子偏差値へ
202506020606,能力,2マイネ3ソーダ5カンシタイム指数へ
202506020606,上昇度,1マック3ソーダ5カンシ調子偏差値へ
202506020607,能力,3チェル4バロン5ルージタイム指数へ
202506020607,上昇度,5ルージ14キイロ15シエラ調子偏差値へ
202506020608,能力,5アスク11オウケ12シーリタイム指数へ
202506020608,上昇度,1マルチ6サトノ12シーリ調子偏差値へ
202506020609,能力,4ラーン8リラボ10テリオタイム指数へ
202506020609,上昇度,2アマイ10テリオ14フラミ調子偏差値へ
202506020610,能力,1サイル4マルデ5オニャタイム指数へ
202506020610,上昇度,2アナゴ6タシッ10グレイ調子偏差値へ
202506020611,能力,7キング8マテン9ピコチタイム指数へ
202506020611,上昇度,2ローレ4ニホン7キング調子偏差値へ
202506020612,能力,13ショウ14プレイ16イノセタイム指数へ
202506020612,上昇度,6グラン8ウォル9メイシ調子偏差値へ
202506020701,能力,6パラサ13アサク16ミートタイム指数へ
202506020701,上昇度,1チッピ9コット15レトロ調子偏差値へ
202506020702,能力,1ニシノ4メイシ12ピコシタイム指数へ
202506020702,上昇度,3バイオ7トレイ10ミステ調子偏差値へ
202506020703,能力,2キープ4ポッド6マテンタイム指数へ
202506020703,上昇度,3アイア7ガトリ13ベルツ調子偏差値へ
202506020704,能力,1クラシ3ヤマニ14アオイタイム指数へ
202506020704,上昇度,2マジッ8エイシ14アオイ調子偏差値へ
202506020705,能力,1ニシノ4アタラ9アルレタイム指数へ
202506020705,上昇度,1ニシノ9アルレ10ゲンジ調子偏差値へ
202506020706,能力,4カフェ6マーゴ11オセアタイム指数へ
202506020706,上昇度,2クイー14トモジ15マーゴ調子偏差値へ
202506020707,能力,5ネオシ12ファル13マッスタイム指数へ
202506020707,上昇度,7ロジウ8ロジプ11ゴンザ調子偏差値へ
202506020708,上昇度,1スズカ6ビート11インプ調子偏差値へ
202506020709,能力,5マイネ6イルチ7ブラッタイム指数へ
202506020709,上昇度,3バック4モンタ12オウケ調子偏差値へ
202506020710,能力,2スノー4ペンテ6バンドタイム指数へ
202506020710,上昇度,6バンド12クロニ16サンラ調子偏差値へ
202506020711,能力,4パラデ5ハギノ9ジャルタイム指数へ
202506020711,上昇度,1ミッキ2キョウ14コンテ調子偏差値へ
202506020712,能力,4ジョヴ10ルーラ14グレタタイム指数へ
202506020712,上昇度,4ジョヴ6マイレ8ブライ調子偏差値へ
202506020801,能力,4フジレ5エポカ15ブラザタイム指数へ
202506020801,上昇度,1リザン2アイガ12カフェ調子偏差値へ
202506020802,能力,4ジルク5タッカ9ナックタイム指数へ
202506020802,上昇度,3キーベ5タッカ14ニシノ調子偏差値へ
202506020803,能力,4ノイシ9サンマ14メモリタイム指数へ
202506020803,上昇度,1ヒロノ3カズナ12トラス調子偏差値へ
202506020804,上昇度,7ワタシ10タイセ12ドライ調子偏差値へ
202506020805,能力,8ルトン12スペシ14オプレタイム指数へ
202506020805,上昇度,11ブルス13テルケ14オプレ調子偏差値へ
202506020806,能力,6ラーナ9スモー12アマキタイム指数へ
202506020806,上昇度,1オスト8ジェッ10ドーバ調子偏差値へ
202506020807,能力,5ディア9ヴァイ16ズイウタイム指数へ
202506020807,上昇度,3スカパ12メジャ14ペリプ調子偏差値へ
202506020808,能力,8アスタ11ハクサ14スタータイム指数へ
202506020808,上昇度,3エコロ9セギレ11ハクサ調子偏差値へ
202506020809,能力,1ダイシ6ペリフ10ホウオタイム指数へ
202506020809,上昇度,1ダイシ8メタル11ラテラ調子偏差値へ
202506020810,能力,1アンリ11デコラ12コスモタイム指数へ
202506020810,上昇度,6ロジマ7キュク9エレク調子偏差値へ
202506020811,能力,1ジュン3インユ5サンラタイム指数へ
202506020811,上昇度,3インユ5サンラ8メズメ調子偏差値へ
202506020812,能力,6エンセ7グレノ10サツキタイム指数へ
202506020812,上昇度,3ルージ10サツキ13ブルー調子偏差値へ
202506030101,能力,5デンリ8ゴール14ポートタイム指数へ
202506030101,上昇度,8ゴール12フジル15モモイ調子偏差値へ
202506030102,能力,1ロング9カレラ15セブンタイム指数へ
202506030102,上昇度,2アッサ10ミスタ11タケル調子偏差値へ
202506030103,能力,2ガンハ5リクエ10サラサタイム指数へ
202506030103,上昇度,1フレイ13アイア15ルジュ調子偏差値へ
202506030104,能力,1サクラ13マイネ14ヤマニタイム指数へ
202506030104,上昇度,1サクラ9クラウ15リケア調子偏差値へ
202506030105,能力,1ミクス3カラヴ9ワースタイム指数へ
202506030105,上昇度,2シュラ8クラウ9ワース調子偏差値へ
202506030106,能力,5ベラジ6ダノン8ゴーゴタイム指数へ
202506030106,上昇度,1タイキ2ルージ5ベラジ調子偏差値へ
202506030107,能力,1オーロ5ベルフ9エーリタイム指数へ
202506030107,上昇度,3ヴィー6ムーラ11ソウキ調子偏差値へ
202506030108,能力,4テリオ6ヴァイ7パンジタイム指数へ
202506030108,上昇度,2エイム7パンジ8コスモ調子偏差値へ
202506030109,能力,2ムーヴ9カンパ10ブシンタイム指数へ
202506030109,上昇度,12ドンレ15ベンダ16スクー調子偏差値へ
202506030110,能力,6イムホ9ベルベ11ルクソタイム指数へ
202506030110,上昇度,7シュラ9ベルベ11ルクソ調子偏差値へ
202506030111,能力,1アラタ2マテン7アーバタイム指数へ
202506030111,上昇度,6チャッ8マイネ15リビア調子偏差値へ
202506030112,能力,9アオイ10クラウ13ヴァナタイム指数へ
202506030112,上昇度,1ブレイ9アオイ11コルサ調子偏差値へ
202506030201,能力,3コンテ10ヴォー13フィルタイム指数へ
202506030201,上昇度,5ミルキ6ブルー8マジカ調子偏差値へ
202506030202,能力,1エコロ6アラス11フクノタイム指数へ
202506030202,上昇度,1エコロ2ホワイ9グラン調子偏差値へ
202506030203,能力,9ロード10ライフ11モンサタイム指数へ
202506030203,上昇度,3ダブル7スムー10ライフ調子偏差値へ
202506030204,能力,7ナルサ11トキノ16ブレトタイム指数へ
202506030204,上昇度,5ユーウ6ジェイ13ダブル調子偏差値へ
202506030205,能力,6ニヴル12スティ15ムーンタイム指数へ
202506030205,上昇度,3プルミ8ドゥマ10テンミ調子偏差値へ
202506030206,能力,4ペイシ6アルデ14タッカタイム指数へ
202506030206,上昇度,9エベリ12サノノ16スリー調子偏差値へ
202506030207,能力,2オウケ13ソニッ15サクセタイム指数へ
202506030207,上昇度,2オウケ15サクセ16タナサ調子偏差値へ
202506030208,能力,5クイン6タイセ10キボウタイム指数へ
202506030208,上昇度,5クイン7モズマ15セキテ調子偏差値へ
202506030209,能力,2ショウ3ニシノ6カリータイム指数へ
202506030209,上昇度,1カポレ4オデッ7クライ調子偏差値へ
202506030210,能力,10マキア12スピー16ハピネタイム指数へ
202506030210,上昇度,2イサチ9トーア10マキア調子偏差値へ
202506030211,能力,4ブレイ5ホウオ7ミッキタイム指数へ
202506030211,上昇度,4ブレイ5ホウオ14マテン調子偏差値へ
202506030212,能力,3カリー8トーセ12ロゼクタイム指数へ
202506030212,上昇度,7パクス8トーセ10ピンク調子偏差値へ
202506030301,能力,2ネクス7ミライ11リックタイム指数へ
202506030301,上昇度,4アイス9ウィズ11リック調子偏差値へ
202506030302,能力,1ビレッ13エリカ15レイアタイム指数へ
202506030302,上昇度,6ヒタム8アルバ10ヘビー調子偏差値へ
202506030303,能力,2ブラザ5オキョ11ロードタイム指数へ
202506030303,上昇度,3ネイチ8レジェ11ロード調子偏差値へ
202506030304,上昇度,6ボルタ7メイシ10ロード調子偏差値へ
202506030305,能力,5ジェイ13ホウオ14ヤマニタイム指数へ
202506030305,上昇度,2アロー8ボーマ13ホウオ調子偏差値へ
202506030306,能力,4リネン12アシャ13チケッタイム指数へ
202506030306,上昇度,1イサチ5イグニ9ウィノ調子偏差値へ
202506030307,能力,4スペイ6ゲキザ11デステタイム指数へ
202506030307,上昇度,6ゲキザ7カーマ8ウッド調子偏差値へ
202506030308,能力,2アニト4メイシ7ドンデタイム指数へ
202506030308,上昇度,4メイシ5アイキ12サムハ調子偏差値へ
202506030309,能力,1ダノン5ガンバ6ピックタイム指数へ
202506030309,上昇度,2ジュン4フィー5ガンバ調子偏差値へ
202506030310,能力,5アラレ8ショウ12バニシタイム指数へ
202506030310,上昇度,3モーニ4イモー12バニシ調子偏差値へ
202506030311,能力,2トロヴ7コント14ロジリタイム指数へ
202506030311,上昇度,10タシッ13ゾンニ14ロジリ調子偏差値へ
202506030312,能力,3オンマ9ライト16ロサンタイム指数へ
202506030312,上昇度,4イリュ14ニシノ16ロサン調子偏差値へ
202506030401,能力,1キタノ6ホーク9レッドタイム指数へ
202506030401,上昇度,1キタノ3フォア13プレシ調子偏差値へ
202506030402,能力,2ユウオ14ステラ16クインタイム指数へ
202506030402,上昇度,8スリー9ベール10パラモ調子偏差値へ
202506030403,能力,6ソラノ11グレイ13キープタイム指数へ
202506030403,上昇度,3カフェ7グラン11グレイ調子偏差値へ
202506030404,上昇度,3アルカ7モーソ11アルデ調子偏差値へ
202506030405,能力,1ルトン3オカゲ16ダングタイム指数へ
202506030405,上昇度,8オーセ10ヤマノ12ソラン調子偏差値へ
202506030406,能力,4チュウ7ミライ10ゴッドタイム指数へ
202506030406,上昇度,3ビッキ4チュウ10ゴッド調子偏差値へ
202506030407,能力,2チョン5ジョイ6クレオタイム指数へ
202506030407,上昇度,3テリオ5ジョイ7パワー調子偏差値へ
202506030408,能力,2コスモ6ビジュ11レイクタイム指数へ
202506030408,上昇度,7プレカ10スラー13ジーテ調子偏差値へ
202506030409,能力,8サトノ9レッド10スピータイム指数へ
202506030409,上昇度,4ハイラ7キープ9レッド調子偏差値へ
202506030410,能力,1マンマ8アピー9フラッタイム指数へ
202506030410,上昇度,4グレノ12リバー13フレン調子偏差値へ
202506030411,能力,2ミスタ6レガー9ルドヴタイム指数へ
202506030411,上昇度,6レガー7アスク8セブン調子偏差値へ
202506030412,能力,2メモリ8メジャ10ネイトタイム指数へ
202506030412,上昇度,1キボウ10ネイト12ビヨン調子偏差値へ
202506030501,能力,2デルマ12ロミヒ14レディタイム指数へ
202506030501,上昇度,6アルデ8ワンシ12ロミヒ調子偏差値へ
202506030502,能力,3ヘッズ9ナック12タブロタイム指数へ
202506030502,上昇度,8ショー11ゲンキ14レクエ調子偏差値へ
202506030503,能力,2ヴィー6テルケ7エマータイム指数へ
202506030503,上昇度,1ブラー5ガイ10キタノ調子偏差値へ
202506030504,上昇度,1タイセ3タンジ13ヤマタ調子偏差値へ
