mother,total_offspring,total_races,win_rate,top3_rate,avg_finish,best_class,shinba_win_rate
リーベストラウム,9,240,0.0625,0.2375,7.0333,7,0.0
プレシャスエルフ,9,225,0.1156,0.3422,6.5111,7,0.25
ポポチャン,10,224,0.0625,0.2009,7.5045,7,0.0
クロウキャニオン,15,223,0.1211,0.3901,6.2242,7,0.5455
ナナヨーティアラ,11,222,0.0811,0.2207,7.4775,7,0.0
ベルグチケット,7,218,0.0092,0.078,9.0596,7,0.0
シルヴァーカップ,11,215,0.093,0.3023,6.1349,7,0.2222
アガルタ,10,215,0.1209,0.3907,6.2605,7,0.2857
スズカローラン,9,215,0.0837,0.2698,6.9163,7,0.0
タマヒカル,11,211,0.0664,0.2701,7.3697,7,0.2
スペシャルディナー,12,202,0.1188,0.3317,6.5149,7,0.4444
キョウエイトルース,8,201,0.1244,0.3582,6.2687,7,0.2
タガノレヴェントン,9,197,0.1218,0.3046,5.9543,7,0.1429
ヴンダーゾンネ,11,196,0.0612,0.1633,8.4082,7,0.0909
テンイムホウ,9,195,0.0359,0.2154,7.641,7,0.0
セレブラール,10,192,0.1458,0.4583,5.6302,7,0.2222
イクスキューズ,9,191,0.1152,0.3979,5.5707,7,0.0
ユキノマーメイド,11,191,0.1309,0.3089,6.6492,7,0.1111
アイシースズカ,10,190,0.0474,0.2211,7.5053,7,0.0
マイネテレジア,8,186,0.1022,0.2903,6.8925,7,0.375
スズカフローラ,6,184,0.0489,0.1848,7.7772,7,0.0
レツィーナ,11,184,0.125,0.3043,6.6033,7,0.0
ヴァイスハイト,10,182,0.0989,0.2692,6.6484,7,0.3333
レディトゥプリーズ,8,180,0.1167,0.3778,5.7389,7,0.1667
アンジェラスキッス,11,180,0.0556,0.2111,7.5222,7,0.2222
ラヴズオンリーミー,11,180,0.15,0.4,5.9167,7,0.5
ヴァップ,8,179,0.0503,0.1788,7.5084,7,0.0
ディアデラノビア,11,178,0.1966,0.4157,5.7697,7,0.5714
マイネヌーヴェル,8,176,0.1193,0.3182,5.6534,7,0.0
コスモクラッベ,7,176,0.0568,0.25,6.6648,7,0.0
フレアキャスケード,7,176,0.0852,0.2386,6.3693,7,0.1667
マイネアルデュール,10,174,0.0517,0.2299,6.8908,7,0.1111
モンローブロンド,9,174,0.1322,0.2931,6.5115,7,0.375
スタイルリスティック,7,174,0.0862,0.2586,7.1667,7,0.4
タニノカリス,8,173,0.0809,0.2139,7.474,7,0.0
プチノワール,11,172,0.0872,0.3198,6.1163,7,0.1429
クラックコード,10,172,0.0581,0.186,7.936,7,0.2
メイショウスズラン,7,169,0.0888,0.3077,6.4201,7,0.1429
スマートオーシャン,7,169,0.1479,0.3787,5.9527,7,0.0
ヤマニンカルフール,10,169,0.0828,0.2663,6.8225,7,0.2
メジロマリアン,8,167,0.1198,0.3353,6.0659,7,0.25
ダイワジェラート,9,166,0.0964,0.3012,6.4759,7,0.0
クイーンオブハルカ,9,165,0.0545,0.2606,6.8848,7,0.1667
サイモンドルチェ,8,165,0.0424,0.1091,8.5152,7,0.0
ファニーストーリー,6,165,0.0727,0.1879,7.2182,7,0.0
ナムラシゲコ,10,164,0.1098,0.2378,7.1524,7,0.1429
シーイズトウショウ,8,162,0.0926,0.2901,7.179,7,0.2
ディープインアスク,8,162,0.1296,0.2531,7.821,7,0.25
エアトゥーレ,8,161,0.0994,0.3416,6.0807,7,0.0
ザナ,10,161,0.0932,0.2484,6.9565,7,0.3
サンデースマイル2,10,161,0.087,0.2422,7.0994,7,0.3333
サンタローズ,10,160,0.0375,0.1625,7.625,7,0.1429
マイネレーツェル,9,160,0.0812,0.275,6.9062,7,0.0
シーズオールエルティッシュ,13,160,0.0938,0.2875,6.6438,7,0.1111
ユキノシンデレラ,7,160,0.0375,0.1375,8.2,7,0.0
モルガナイト,11,159,0.1509,0.3648,6.1258,7,0.3636
ラブリネスオブパリ,9,159,0.0943,0.2453,7.522,7,0.0
ヒラボクビジン,7,157,0.1401,0.3758,5.6943,7,0.0
リッチダンサー,11,157,0.1529,0.3439,6.6497,7,0.1667
ルンバロッカ,11,157,0.121,0.3885,6.1783,7,0.1429
アンダルシア,9,156,0.0769,0.1731,7.2821,7,0.0
フィールザビュウ,9,156,0.0577,0.2885,6.9359,7,0.0
ルシルク,11,156,0.1346,0.3654,5.7179,7,0.0
ウィンターコスモス,12,155,0.129,0.3548,5.5806,7,0.1111
ダイメイダーク,10,155,0.1032,0.271,7.8516,7,0.0
デイドリーマー,7,155,0.0774,0.2387,7.529,7,0.1429
キョウエイハツラツ,8,155,0.0516,0.2452,6.7806,7,0.0
シュガーハート,8,155,0.1677,0.3677,6.2,7,0.1429
ラリーズン,9,155,0.0516,0.2258,6.6645,7,0.0
クリノビリオネア,4,154,0.0519,0.2143,7.6558,7,0.3333
エンブレイス,8,154,0.1104,0.2727,6.4935,7,0.0
ヤマカツマリリン,10,153,0.0915,0.2484,7.451,7,0.125
ヤマニンエマイユ,5,153,0.085,0.2941,6.0327,7,0.0
オーミチェリッシュ,10,152,0.0526,0.1974,7.5855,7,0.0
エアラホーヤ,9,151,0.0927,0.2517,8.1325,7,0.2
ヤマカツオーキッド,9,151,0.053,0.2053,7.596,7,0.0
ココシュニック,10,151,0.0795,0.2781,6.9669,7,0.1429
デヴェロッペ,7,150,0.0733,0.2,7.2267,7,0.0
ブルーボックスボウ,6,150,0.08,0.3467,5.7333,7,0.0
シーカーマ,9,150,0.0533,0.22,7.6333,7,0.1429
エリドゥバビロン,10,150,0.06,0.2067,7.9267,7,0.0
ウィストラム,10,150,0.06,0.2067,7.8533,7,0.0
ピサノグラフ,10,149,0.094,0.302,6.1678,7,0.0
マチカネハヤテ,10,149,0.1275,0.2148,7.4497,7,0.25
パールシャドウ,11,149,0.1007,0.3289,5.7383,7,0.0
プリティカリーナ,10,149,0.1275,0.4094,5.9597,7,0.3333
レッドルンバ,12,149,0.094,0.3893,6.0134,7,0.0909
プレシャスドロップ,8,149,0.1007,0.2483,7.7919,7,0.0
バシマー,12,148,0.0473,0.1892,6.9189,7,0.2
トゥーピー,9,148,0.1014,0.3581,6.2838,7,0.125
キングスミール,10,148,0.1081,0.3041,6.8851,7,0.0
ミスティックリップス,9,147,0.1293,0.3265,5.8163,7,0.3333
ホーマンピクシー,11,147,0.068,0.2177,7.2789,7,0.1
シーズインクルーデッド,10,147,0.1361,0.2925,6.8367,7,0.25
マウンテンミステリー,9,147,0.0544,0.2109,8.1429,7,0.0
ココモオレンジ,9,147,0.102,0.3129,6.4354,7,0.125
ペディクラリス,7,146,0.1027,0.3082,5.7671,7,0.0
レイズアンドコール,8,146,0.089,0.2671,7.7603,7,0.1667
ジャドール,9,146,0.0685,0.226,7.5137,7,0.2857
ビューティーコンテスト,7,146,0.0753,0.274,6.8082,7,0.0
ソフィアルージュ,11,145,0.0759,0.1931,7.8207,7,0.0
スナークヒロイン,8,145,0.0621,0.1931,7.8,7,0.0
アイアムカミノマゴ,11,145,0.1034,0.3379,5.9724,7,0.0
アーマイン,12,145,0.069,0.2759,6.3448,7,0.0
シャドウシルエット,8,144,0.1875,0.3403,5.9236,7,0.0
リアリサトリス,8,144,0.1389,0.3125,6.375,7,0.125
ジョリーダンス,9,144,0.0625,0.2014,7.1181,7,0.0
ウインアンジェラス,10,143,0.0909,0.2727,6.7063,7,0.125
コパノマルコリーニ,8,143,0.049,0.2098,7.8112,7,0.5
ジョーアラマート,7,143,0.1189,0.3357,6.3846,7,0.3333
シェリール,11,143,0.1329,0.3357,6.4965,7,0.25
アートスタジオ,8,142,0.0423,0.2042,7.3169,7,0.1429
スズカシャンティー,7,142,0.0986,0.2324,7.2676,7,0.1429
マザーウェル,8,142,0.0845,0.3239,6.4577,7,0.0
パイクーニャン,10,142,0.1479,0.3803,5.7958,7,0.2857
スターズインハーアイズ,7,142,0.0704,0.2887,6.6408,7,0.1667
モットヒカリヲ,5,141,0.0638,0.227,7.2908,7,0.25
ヘヴンリークルーズ,9,141,0.0567,0.1986,7.8723,7,0.0
セルキス,10,141,0.0922,0.305,7.1702,7,0.1111
フライングメリッサ,8,141,0.1064,0.2553,7.1135,7,0.5
ヴィヤダーナ,8,141,0.1489,0.383,5.7447,7,0.5
スノースタイル,10,140,0.0643,0.2,7.6786,7,0.25
ダークサファイア,8,140,0.0929,0.2857,7.15,7,0.2
ブラックエンブレム,10,140,0.1214,0.35,6.1643,7,0.2857
マイティーカラー,5,140,0.0714,0.2571,6.7786,7,0.0
ディアジーローズ,6,140,0.0357,0.2643,6.6643,7,0.0
マミモナ,7,139,0.0647,0.1942,6.8417,7,0.0
ファルネーゼ,8,139,0.0647,0.2518,7.5468,7,0.0
ザッツザウェイ,9,139,0.0576,0.1727,8.3597,7,0.25
アイリスモレア,8,138,0.0652,0.2464,7.8333,7,0.0
マイグッドネス,7,138,0.1449,0.3333,6.3551,7,0.3333
クイックメール,10,138,0.0725,0.2029,7.8986,7,0.1111
トウカイミステリー,10,138,0.1087,0.2681,7.5072,7,0.125
ベガスナイト,8,137,0.1314,0.2993,6.9927,7,0.1429
タイムフェアレディ,8,137,0.0657,0.2628,6.6423,7,0.0
ジンジャーパンチ,7,137,0.1898,0.4234,5.6204,7,0.1667
ストームイメージ,8,136,0.0588,0.2279,7.375,7,0.1429
キストゥヘヴン,9,136,0.0441,0.2353,6.8676,7,0.0
サッカーマム,11,136,0.0809,0.1838,7.5956,7,0.3333
マネーペニー,11,136,0.0588,0.1544,7.8971,7,0.0
ラブハート,6,136,0.0662,0.2059,9.2794,7,0.0
マイネアクティース,7,136,0.0809,0.2574,6.75,7,0.0
ミスパスカリ,9,136,0.1397,0.2941,6.4926,7,0.2857
カンビーナ,10,136,0.1691,0.4044,5.6912,7,0.1111
ルミエールヴェリテ,9,135,0.1111,0.3333,7.4815,7,0.125
リッスン,10,135,0.1185,0.3333,6.3926,7,0.2857
タイムトラベリング,9,135,0.1111,0.2667,6.163,7,0.1429
オッティマルーチェ,7,135,0.0963,0.3037,6.8074,7,0.0
ブルーメンブラット,11,134,0.1343,0.3582,6.4851,7,0.7143
フローレンスガール,11,134,0.0746,0.3284,6.0299,7,0.0
ヴィアンローズ,10,134,0.1194,0.3209,5.9403,7,0.25
ターキー,9,134,0.0522,0.2388,6.709,7,0.1667
グラスブロード,8,133,0.0827,0.2481,8.0376,7,0.0
ミラクルレジェンド,9,133,0.1429,0.391,5.6767,7,0.1111
ドバイマジェスティ,8,133,0.1805,0.3684,5.8045,7,0.4286
ソーマジック,9,133,0.1729,0.4135,6.1278,7,0.25
リトルディッパー,8,133,0.0526,0.2105,7.2782,7,0.2
スコルピオンキッス,12,133,0.0827,0.2782,6.4887,7,0.0
ダイヤモンドギフト,11,133,0.0677,0.2782,7.5714,7,0.0
クインネージュ,8,133,0.0752,0.2331,7.5263,7,0.0
ヴィヴァシャスヴィヴィアン,13,132,0.0909,0.2348,7.2727,7,0.1429
フェレット,7,132,0.0909,0.2803,7.2652,7,0.0
スウィートハース,10,132,0.0833,0.2879,6.3182,7,0.1
ポールポジション2,8,132,0.0833,0.2955,6.4773,7,0.125
ピラミマ,10,132,0.1818,0.3939,5.4848,7,0.3333
ラブアクチュアリー,8,131,0.0611,0.2824,6.2672,7,0.0
カレイメモワール,8,131,0.0534,0.2519,6.7328,7,0.0
ケイアイベローナ,7,131,0.1221,0.3206,5.8855,7,0.1667
エピックラヴ,6,131,0.1298,0.4046,6.2137,7,0.4
フェアリーバニヤン,9,131,0.0687,0.2443,7.7939,7,0.2
スターアイル,9,131,0.1221,0.3435,6.5344,7,0.2857
ミスアンコール,7,131,0.1298,0.4046,6.0458,7,0.3333
コスモクリスタル,7,131,0.1221,0.313,6.313,7,0.1429
シリアスアティテュード,7,131,0.1374,0.3282,5.6183,7,0.3333
ムードインディゴ,9,131,0.1374,0.3359,5.7634,7,0.125
ダービーゾーン,6,130,0.0385,0.1846,7.6462,7,0.0
アイアムラヴィング,7,130,0.0692,0.2462,7.4154,7,0.0
ビーウインド,11,130,0.0923,0.3308,6.4615,7,0.0
カウアイレーン,10,130,0.1308,0.3231,6.4923,7,0.5714
レディカーニバル,9,130,0.0923,0.3154,5.9846,7,0.0
ローザブランカ,8,130,0.2,0.4692,4.7846,7,0.1429
タニノハイクレア,9,130,0.0846,0.2385,7.2308,7,0.1429
オータムメロディー,11,130,0.1,0.2462,7.2385,7,0.1667
トーワフォーチュン,4,130,0.0462,0.1769,7.0077,7,0.0
レイナワルツ,6,130,0.0385,0.2308,7.3846,7,0.0
シアージュ,8,130,0.0923,0.3077,7.1846,7,0.0
シーリーコート,9,129,0.0698,0.1938,7.2326,7,0.1667
アドマイヤテレサ,9,129,0.1085,0.2868,7.0543,7,0.1111
メジロスプレンダー,9,129,0.1628,0.3721,6.3488,7,0.3333
メイショウベルーガ,6,129,0.0775,0.2713,7.3643,7,0.0
キャッチザゴールド,8,129,0.0388,0.155,7.4884,7,0.0
フィロンルージュ,8,129,0.0698,0.2016,7.4961,7,0.0
アゼリ,7,129,0.1318,0.3333,5.6434,7,0.2
テーオーヴィーナス,7,129,0.1395,0.3178,6.1318,7,0.0
ラブフール,7,128,0.0938,0.2734,7.0391,7,0.0
パンカティリオ,8,128,0.0625,0.2656,6.25,7,0.0
ルシュクル,8,128,0.1641,0.3359,6.9297,7,0.4444
メイショウコブシ,9,128,0.0938,0.2969,7.1875,7,0.2222
ルックアミリオン,10,128,0.1094,0.2969,6.8906,7,0.0
ビューティコマンダ,6,128,0.0312,0.1484,7.5625,7,0.0
エイグレット,11,128,0.1641,0.4141,5.9375,7,0.125
エトピリカ,7,127,0.0472,0.2283,6.8425,7,0.1429
レジネッタ,8,127,0.1102,0.2835,6.3386,7,0.0
オーデコロン,7,127,0.0551,0.252,7.4724,7,0.0
ミルルーテウス,7,127,0.126,0.3701,6.4567,7,0.0
ベイトゥベイ,8,127,0.1496,0.3622,6.1575,7,0.0
ベストオブミー,9,127,0.0709,0.189,7.5906,7,0.25
サセッティ,9,127,0.0945,0.2441,6.8189,7,0.3333
ラブレター,8,126,0.119,0.2222,7.373,7,0.0
スズカフォイル,4,126,0.0635,0.2063,7.6905,7,0.6667
スルーレート,10,126,0.0635,0.2222,6.9286,7,0.0
クインズプレイヤー,9,126,0.0714,0.1984,6.5397,7,0.0
スピニングワイルドキャット,8,126,0.1825,0.4127,5.6984,7,0.0
マチカネタマカズラ,10,126,0.1111,0.2619,7.0476,7,0.2222
ユキノチャンプ,10,126,0.0794,0.2619,7.6587,7,0.1667
ショウナンマライア,10,126,0.0397,0.1825,7.8095,7,0.0
フサイチジェット,8,126,0.0873,0.254,7.1508,7,0.0
フサイチリニモ,8,126,0.0556,0.2143,7.5397,7,0.0
ファーレサルティ,9,126,0.0714,0.3571,6.2778,7,0.0
タニノエクセレント,6,126,0.0556,0.2857,7.1349,7,0.0
ワイキューブ,11,125,0.08,0.304,6.784,7,0.125
コーンドリー,8,125,0.064,0.224,7.424,7,0.0
ミコノス,6,125,0.112,0.288,6.256,7,0.1667
ステラーホープ,7,125,0.072,0.208,8.008,7,0.1667
ビーコンターン,6,125,0.08,0.312,6.152,7,0.0
リリサイド,10,125,0.136,0.4,6.208,7,0.25
カリズマティックゴールド,10,125,0.08,0.336,6.792,7,0.0
ロフティーエイム,10,125,0.112,0.352,6.24,7,0.1429
フィーユ,6,124,0.0887,0.2581,6.1532,7,0.0
マイラッキー,8,124,0.0968,0.2661,7.25,7,0.0
ツーデイズノーチス,8,124,0.1452,0.379,5.7419,7,0.1667
インプレスゴールド,7,124,0.1048,0.3065,6.6855,7,0.25
オンワードミシェル,9,123,0.0732,0.2195,6.7561,7,0.0
フミノオリヒメ,11,123,0.0894,0.3008,7.5447,7,0.0
サンクイーン2,9,123,0.1382,0.3496,6.187,7,0.125
コスモエンドレス,9,123,0.0976,0.3008,6.8293,7,0.2857
トリプレックス,8,123,0.1138,0.2927,6.5854,7,0.4
アソルータ,8,123,0.0569,0.2195,6.626,7,0.125
ナリタブルースター,10,123,0.0732,0.2602,6.813,7,0.0
オリエントチャーム,7,123,0.1138,0.3415,5.6179,7,0.3333
ニシノビギン,7,123,0.0407,0.1463,8.8943,7,0.1667
ウェンブリー,5,122,0.0984,0.3689,5.2787,7,0.0
シーザリオ,8,122,0.2049,0.418,5.3115,7,0.5
エメラルドタワー,8,122,0.0984,0.3197,6.5082,7,0.125
ブルーミングアレー,8,122,0.1066,0.377,5.5246,7,0.1667
フォーミー,8,122,0.082,0.2049,7.9508,7,0.0
マイネトゥインクル,10,122,0.0738,0.2295,6.8689,7,0.0
クリスタルコースト,3,122,0.1066,0.3279,6.1557,7,0.5
ルミナスハッピー,9,122,0.0492,0.3361,6.0738,7,0.0
カフェララルー,7,122,0.082,0.2213,7.6967,7,0.0
エオリアンハープ,8,121,0.0661,0.2727,6.2727,7,0.25
ヤマトマリオン,6,121,0.124,0.2397,6.8017,7,0.2
チョウカイクリス,8,121,0.1157,0.2149,7.4215,7,0.0
ニホンピロヴィータ,10,121,0.0744,0.2562,6.7603,7,0.1111
ピサノルビー,8,121,0.0744,0.2314,7.0331,7,0.3333
レインボーシーカー,8,121,0.0579,0.1901,7.3223,7,0.2
ハピネスフォーユー,7,121,0.1157,0.2727,6.4711,7,0.1667
グーテデロワ,8,121,0.0579,0.3471,6.4132,7,0.0
フェミニンガール,8,121,0.0413,0.1653,7.8347,7,0.1667
ヴィヴィッドカラー,7,121,0.0909,0.281,6.2645,7,0.5
スイートフラッグ,7,121,0.124,0.3967,5.2231,7,0.0
ツクバオトメ,6,121,0.0579,0.1983,7.6942,7,0.0
ユニバーサル,8,120,0.05,0.225,6.8917,7,0.1429
アイファーペガサス,6,120,0.075,0.225,8.0417,7,0.0
スズカエルマンボ,8,120,0.1333,0.375,5.9583,7,0.1667
ショウナンアオバ,9,120,0.0667,0.2667,7.0417,7,0.2857
エヴィータアルゼンティーナ,9,120,0.0667,0.275,6.3,7,0.0
シャルマンスタイル,9,120,0.075,0.2167,7.75,7,0.1429
ピサノグレース,10,120,0.075,0.1917,7.775,7,0.125
リープオブフェイス,9,120,0.1083,0.2833,6.6417,7,0.125
コスモヴァレンチ,8,120,0.1167,0.3,6.25,7,0.25
マザイ,12,120,0.0667,0.175,8.3,7,0.0909
フィリス,9,119,0.0756,0.1681,8.4202,7,0.2
サルスエラ,8,119,0.1008,0.3613,6.1597,7,0.0
ラブカーナ,10,119,0.0504,0.1765,7.5882,7,0.0
セトウチソーラー,6,119,0.1008,0.1849,7.2017,7,0.1667
ノンキ,5,119,0.0756,0.2101,6.9832,7,0.4
アンティフォナ,7,119,0.1429,0.4118,6.0672,7,0.2
ラドラーダ,6,119,0.1849,0.4454,5.5294,7,0.3333
ペプチドルビー,9,119,0.1092,0.3277,6.5462,7,0.1429
グロリエッテ,6,118,0.0932,0.3051,6.5339,7,0.0
マルケサ,7,118,0.1356,0.4746,5.0339,7,0.2
クロスウォーター2,9,118,0.0932,0.2458,7.3136,7,0.0
シックファイター,7,118,0.0508,0.2119,7.2203,7,0.0
バロネスサッチャー,7,118,0.0678,0.3136,6.3814,7,0.2857
ルージュクール,10,118,0.1017,0.2203,8.1525,7,0.2
シルキーウィズ,7,118,0.0678,0.2542,7.6186,7,0.0
タンザナイト,7,118,0.1017,0.3051,6.4831,7,0.3333
タニノジュレップ,10,118,0.0678,0.1864,8.0169,7,0.0
シェルエメール,8,118,0.0763,0.2881,6.7712,7,0.125
ボーンザスカイ,5,118,0.0593,0.2288,7.6017,7,0.0
ペルヴィアンリリー,7,118,0.0932,0.3475,5.6186,7,0.2857
ルスナイクリスティ,8,118,0.0339,0.1949,7.4915,7,0.2
アパパネ,7,118,0.1949,0.3729,5.4915,7,0.5714
テクニカルラン,10,117,0.0513,0.2222,7.5299,7,0.1111
フォルテピアノ,10,117,0.1026,0.3333,6.3932,7,0.1429
モルフェキイ,6,117,0.0769,0.2393,6.5812,7,0.0
アルーリングボイス,7,117,0.0855,0.2735,6.7692,7,0.0
アントワープ,7,117,0.0513,0.188,7.4359,7,0.0
ファイトソング,9,117,0.0684,0.2906,7.0513,7,0.0
ハギノアーク,8,117,0.1197,0.3675,6.453,7,0.0
ネイチャーガイド,12,117,0.0684,0.1795,7.6154,7,0.0
フェアエレン,6,117,0.1111,0.3333,6.4274,7,0.0
アビラ,11,116,0.1034,0.25,7.2931,7,0.375
メイショウスコール,8,116,0.0948,0.2931,6.6379,7,0.125
ファーストチェア,11,116,0.1379,0.3707,5.7759,7,0.1111
カストリア,7,116,0.0776,0.2241,7.7845,7,0.2857
マイネランデブー,11,116,0.069,0.2586,6.6121,7,0.125
ラブディラン,7,116,0.0948,0.3621,6.2414,7,0.3333
ムーンフェイズ,6,116,0.1034,0.3362,6.6897,7,0.2
バックアタック,7,116,0.1121,0.2931,6.7155,7,0.1667
ダンシングハピネス,9,116,0.0431,0.1724,7.8534,7,0.0
ニシノメルモ,9,116,0.0517,0.2069,7.0603,7,0.0
レッドアゲート,9,116,0.1034,0.2414,7.431,7,0.0
リンガスローレル,8,116,0.0776,0.3448,6.3362,7,0.3333
キルシュワッサー,12,116,0.0776,0.2845,7.5862,7,0.0
ラルケット,10,116,0.1466,0.3707,5.9397,7,0.5556
アポロジャスミン,7,116,0.0948,0.2759,7.181,7,0.0
マイユクール,4,116,0.0862,0.2672,6.569,7,0.0
ワイドサファイア,10,116,0.1207,0.2759,7.4569,7,0.25
レディインディ,6,115,0.0783,0.2261,7.713,7,0.0
レディイン,7,115,0.1043,0.3565,6.7652,7,0.0
スマーティコジーン,7,115,0.0348,0.1304,8.6696,7,0.0
エガオヨシ,6,115,0.0174,0.1565,8.4783,7,0.0
クロノロジスト,11,115,0.2,0.3826,6.113,7,0.5
レインダンス,6,115,0.0696,0.3565,5.2696,7,0.0
マルセリーナ,5,115,0.1304,0.3565,5.8783,7,0.2
ベアフットレディ,10,115,0.1043,0.4435,5.8609,7,0.1111
ベガグレシヤス,6,115,0.0696,0.2,6.9478,7,0.0
ブランシェール,8,115,0.0957,0.2522,6.6261,7,0.0
サマーハ,11,115,0.2348,0.5652,4.7826,7,0.2222
ホワイトペッパー,8,115,0.0522,0.1739,7.4957,7,0.1667
デライトポイント,9,115,0.0435,0.313,6.5739,7,0.0
テンザンコノハナ,8,115,0.0609,0.1478,8.9913,7,0.1429
スパークオンアイス,6,114,0.0614,0.1754,7.114,7,0.0
ザデイ,7,114,0.0789,0.2368,6.4123,7,0.1667
リーグルメアリー,7,114,0.1053,0.4035,5.9474,7,0.1429
ユメノラッキー,4,114,0.0789,0.1842,8.0088,7,0.0
ニホンピロエミリー,6,114,0.0702,0.1491,8.5,7,0.0
プレゼンスウーマン,7,114,0.0351,0.0702,8.5263,7,0.0
エリモピクシー,6,114,0.1667,0.3947,6.4298,7,0.0
ザッハトルテ,7,114,0.0526,0.1491,8.0088,7,0.2857
マイネプリンセス,6,114,0.0439,0.2982,5.6404,7,0.0
サザンレイスター,4,114,0.0877,0.2281,6.6754,7,0.25
ヴァレッタ,7,114,0.0877,0.2456,7.5526,7,0.1667
ヤマカツセイレーン,9,114,0.0965,0.2456,8.0965,7,0.1667
ラビングトスカーナ,4,114,0.0439,0.1579,7.614,7,0.0
ナスケンアイリス,10,114,0.114,0.2719,7.0351,7,0.5
トレノトマト,11,114,0.0702,0.1842,7.7456,7,0.1667
プリンセスネージュ,8,114,0.0351,0.2544,6.8596,7,0.0
アスターヒューモア,9,113,0.0973,0.292,7.3717,7,0.1111
グロッタアズーラ,10,113,0.115,0.2301,6.6814,7,0.1
レジェンドトレイル,7,113,0.1681,0.3628,6.2301,7,0.25
マイジェン,8,113,0.0442,0.0973,8.9735,7,0.125
エルテアトロ,9,113,0.0885,0.292,6.3717,7,0.0
ピンクカメオ,8,113,0.0442,0.3009,6.1593,7,0.0
ラストグルーヴ,7,113,0.1239,0.3717,6.4248,7,0.1429
レディオブヴェニス,8,113,0.1239,0.3186,7.3009,7,0.4
トーコーユズキ,9,113,0.1239,0.3894,5.7257,7,0.25
ワスレナグサ,6,113,0.0796,0.2743,6.0708,7,0.0
ロレットチャペル,5,113,0.1062,0.3274,6.4425,7,0.0
イコールパートナー,8,113,0.0619,0.2832,6.4602,7,0.0
ムーンライトダンス,10,113,0.0885,0.292,7.1947,7,0.1429
クィーンスプマンテ,7,112,0.0357,0.2054,7.2232,7,0.0
ララア,9,112,0.1518,0.3036,6.8929,7,0.2
フリーヴァケイション,7,112,0.0625,0.1339,7.4554,7,0.0
フリーティングスピリット,7,112,0.0893,0.2946,7.0357,7,0.1667
スペシャルグルーヴ,7,112,0.1964,0.4196,5.4196,7,0.3333
ケアレスウィスパー,11,112,0.0714,0.3214,5.7589,7,0.0
イサミサクラ,4,112,0.0268,0.1161,8.0268,7,0.0
ペルサントクリール,9,112,0.0982,0.2143,7.1518,7,0.1667
ツルマルサンチャン,7,112,0.0893,0.2679,6.6696,7,0.0
チャリティークエスト,11,112,0.1339,0.3214,6.8482,7,0.4286
サオヒメ,8,112,0.0982,0.2768,7.1161,7,0.0
ブリッツフィナーレ,6,112,0.1071,0.3214,5.8571,7,0.5
オリヴェット,8,112,0.0268,0.1339,8.3482,7,0.0
タガノティアーズ,4,111,0.0721,0.3514,5.8829,7,0.0
コージーロージー,7,111,0.1081,0.4144,5.6667,7,0.0
コスモスプラッシュ,7,111,0.036,0.2072,7.5586,7,0.0
クライウィズジョイ,6,111,0.1081,0.3153,6.2523,7,0.3333
ユキノクイーン,8,111,0.1081,0.2793,6.5856,7,0.125
メイキアシー,6,111,0.1171,0.2973,6.5766,7,0.0
ドリームキセキ,12,111,0.036,0.0991,8.5405,7,0.0
マイネエレーナ,6,111,0.0901,0.2793,7.2613,7,0.1667
トップオブドーラ,7,111,0.1081,0.3153,6.6937,7,0.0
エルダンジュ,8,111,0.1712,0.3604,5.5676,7,0.4
ギーニョ,12,111,0.1171,0.2793,6.3694,7,0.3333
アンナヴァン,9,111,0.0631,0.1982,7.3694,7,0.0
ペイドリン,7,111,0.0631,0.3243,6.7387,7,0.1429
チャームピクチャー,7,111,0.0631,0.2793,6.5676,7,0.0
ミラクルフラッグ,8,111,0.0721,0.2523,7.036,7,0.125
パーソナルレジェンド,12,111,0.1261,0.2613,7.4685,7,0.25
エミーズスマイル,9,110,0.1091,0.2545,7.0545,7,0.25
ホットチャチャ,8,110,0.0727,0.3091,6.6455,7,0.0
ヴェルザンディ,11,110,0.1,0.3273,5.9091,7,0.25
カロンセギュール,9,110,0.0727,0.2091,7.3182,7,0.1429
バリーバーン,5,110,0.0545,0.2364,6.9636,7,0.0
ティアランドール,8,110,0.0455,0.1636,7.8818,7,0.0
シュヴァリエ,5,110,0.1364,0.4364,5.2727,7,0.0
ユキアカリノマチ,6,110,0.0545,0.3455,6.0182,7,0.0
ターフローズ,5,110,0.1273,0.3636,5.3545,7,0.3333
エフティマイア,9,110,0.0727,0.2182,6.6455,7,0.0
セクシーザムライ,7,109,0.1376,0.3853,5.7064,7,0.1667
リボンストライプ,5,109,0.0459,0.1468,9.0826,7,0.0
モスカートローザ,8,109,0.1009,0.2294,7.367,7,0.125
エンプレスティアラ,7,109,0.156,0.3486,6.0917,7,0.25
オースミアザレア,9,109,0.1009,0.2477,7.5321,7,0.0
リキサンピュアティ,9,109,0.055,0.2294,7.3486,7,0.0
メイショウマンテン,6,109,0.0642,0.2569,7.5872,7,0.25
メイショウフクヒメ,6,109,0.055,0.2661,6.789,7,0.0
マリーシャンタル,9,109,0.1376,0.3486,6.7798,7,0.1667
キャンディネバダ,8,109,0.1651,0.3761,5.6697,7,0.0
マルヴァーンスプリング,8,109,0.0917,0.2844,7.367,7,0.0
ピサノレインボー,9,109,0.0642,0.2294,7.7615,7,0.0
ザレマ,9,109,0.1651,0.422,5.945,7,0.5
ビシャーラ,6,109,0.0734,0.3394,6.3486,7,0.0
アーデルハイト,10,109,0.1284,0.3761,6.2477,7,0.25
アゲヒバリ,6,109,0.1927,0.3945,5.8624,7,0.2
アドマイヤカンナ,7,109,0.0734,0.2477,6.5963,7,0.0
コーディーライン,7,108,0.0833,0.2778,6.713,7,0.0
スクービドゥー,12,108,0.1019,0.25,7.1389,7,0.0
パドブレ,10,108,0.0556,0.1389,9.3056,7,0.125
フェルミオン,10,108,0.1759,0.3981,6.0278,7,0.25
ダリシア,7,108,0.1481,0.4537,5.1852,7,0.1667
シャンパンフルート,9,108,0.0833,0.287,7.0185,7,0.2
イソシギ,9,108,0.0556,0.25,7.3611,7,0.0
オーシャンルミナス,8,108,0.037,0.1759,6.9167,7,0.0
ショウナンタレント,10,108,0.0463,0.2222,7.5926,7,0.0
エイシンサーメット,6,108,0.1019,0.2407,7.8148,7,1.0
エイシンパンジー,6,108,0.0741,0.287,6.3796,7,0.25
リトルゲルダ,4,108,0.1019,0.3241,6.6944,7,0.25
クルソラ,12,108,0.1019,0.3889,6.0093,7,0.2857
スキッフル,7,108,0.1111,0.3796,6.0926,7,0.25
エルメスティアラ,6,108,0.0648,0.25,6.7685,7,0.0
ルアシェイア,8,108,0.1111,0.2963,6.3241,7,0.0
タイキクラリティ,8,108,0.037,0.1389,8.6944,7,0.0
プラセンティア,7,108,0.1019,0.2222,7.6759,7,0.1667
フラワーガイア,8,108,0.0648,0.2593,8.0556,7,0.25
ライフフォーセール,10,107,0.215,0.4393,5.0561,7,0.3
ライラプス,10,107,0.0841,0.271,6.1121,7,0.1111
コスモチェーロ,9,107,0.1402,0.3271,6.2523,7,0.1429
ヴィトンクイーン,9,107,0.0654,0.2336,7.8411,7,0.125
ニシノナースコール,11,107,0.0374,0.1589,8.2804,7,0.0
ショウナンアクト,7,107,0.1495,0.4019,6.4953,7,0.0
マチカネハツシマダ,11,107,0.0467,0.1589,7.486,7,0.0
シシャモチャン,9,107,0.0374,0.2243,7.4486,7,0.0
モンクール,10,107,0.1121,0.271,7.0467,7,0.25
レッドメデューサ,6,107,0.1402,0.3645,5.785,7,0.5
ラリズ,9,107,0.1495,0.3271,6.972,7,0.125
サダムグランジュテ,8,107,0.1121,0.3551,5.8037,7,0.125
ステキプレゼント,4,107,0.0467,0.1589,8.5888,7,0.0
ゴーカロライナ,7,107,0.0841,0.271,7.0467,7,0.0
デヒアバーズ,11,107,0.0561,0.1589,8.3271,7,0.0
グレースグランド,7,107,0.0374,0.2804,6.2991,7,0.0
チアズメッセージ,9,107,0.1682,0.3271,6.785,7,0.25
ベストフューチャー,8,107,0.1121,0.271,7.5607,7,0.0
ディマクコンダ,8,107,0.0654,0.2336,8.243,7,0.0
ソーゴル,5,107,0.1028,0.2991,6.5607,7,0.0
バラシング,5,107,0.0374,0.2336,7.5888,7,0.0
トウカイベルタ,7,107,0.0654,0.2617,6.8692,7,0.0
モエレサンタマリア,11,107,0.0841,0.3271,6.1495,7,0.1
ジプシーハイウェイ,8,107,0.1308,0.4206,5.7477,7,0.125
ダイワジャンヌ,7,107,0.0561,0.1869,7.4953,7,0.0
ナスノフィオナ,9,107,0.0841,0.1869,7.3364,7,0.2
マルモセーラ,9,107,0.0841,0.2991,6.9439,7,0.1111
スズノメガミ,4,107,0.1028,0.2804,6.3832,7,0.0
チャームポット,6,107,0.0841,0.2804,6.3271,7,0.3333
プレシャスライフ,8,106,0.1321,0.3396,6.066,7,0.375
グレナディーン,8,106,0.0943,0.2736,7.2358,7,0.0
マンイーター,7,106,0.0849,0.2547,7.5189,7,0.2
ウィンドハック,7,106,0.1226,0.3491,6.3585,7,0.1667
チャーリーズ,6,106,0.0943,0.2736,6.5377,7,0.0
アドマイヤパンチ,6,106,0.0849,0.2453,7.0,7,0.0
ストロベリーフェア,8,106,0.1509,0.3302,5.8962,7,0.0
ケープタウンシチー,7,106,0.0472,0.1604,7.3585,7,0.0
イースタリーブリーズ,7,106,0.0472,0.2075,7.4245,7,0.0
アドアード,11,106,0.0566,0.2736,6.4057,7,0.0
テイクザケイク,8,106,0.1415,0.2925,7.3585,7,0.2
エミナ,11,106,0.066,0.2453,7.0189,7,0.1667
ステラリード,9,106,0.1038,0.283,6.5566,7,0.3333
ネネグース,9,106,0.0849,0.2453,7.2453,7,0.0
ピュアマインド,8,106,0.0849,0.283,6.2642,7,0.0
ミュージー,7,106,0.066,0.2264,8.1981,7,0.0
クリノスペシャル,7,106,0.0755,0.2642,6.9623,7,0.0
カールファターレ,9,106,0.1509,0.3113,7.4717,7,0.125
ミキノモナコ,7,105,0.0667,0.1714,8.2381,7,0.25
ルヴェソンヴェール,7,105,0.0571,0.3429,6.2381,7,0.0
コフィーチャン,8,105,0.0476,0.1143,8.2762,7,0.0
パッションローズ,9,105,0.0952,0.181,8.4476,7,0.3333
ピントゥハティ,7,105,0.0667,0.2381,6.7905,7,0.0
フローラルホーム,5,105,0.0571,0.1905,8.219,7,0.0
ハリウッドローズ,7,105,0.0952,0.219,7.8381,7,0.0
ジョウショーコトミ,9,105,0.0476,0.0952,7.7905,7,0.0
ノーブルステラ,9,105,0.0381,0.1619,7.6571,7,0.1667
ムゲン,6,105,0.0571,0.219,7.1048,7,0.0
プラウドスペル,9,105,0.1619,0.381,5.9619,7,0.1429
グローリサンディ,7,105,0.1333,0.2476,7.219,7,0.1667
アルペンローズ,5,105,0.0667,0.3524,6.5429,7,0.0
ハイドバウンド,8,105,0.1333,0.3714,5.9429,7,0.125
クイーンマルサ,6,105,0.0571,0.3333,7.0476,7,0.1667
ジュモー,9,105,0.0857,0.2762,7.1238,7,0.2857
ギュイエンヌ,7,105,0.1619,0.2762,6.4095,7,0.0
セレブデート,5,105,0.0857,0.2,8.3429,7,0.2
トップアクトレス,4,105,0.0952,0.4381,6.2857,7,0.0
コウエイテンプウ,7,105,0.0857,0.2571,7.3905,7,0.1429
ベストブート,5,104,0.0481,0.2788,7.0096,7,0.0
ラフィントレイル,6,104,0.0577,0.1442,7.6058,7,0.5
クルージンミジー,7,104,0.0769,0.2981,6.125,7,0.0
コスモダンスナイト,9,104,0.0673,0.1154,9.0865,7,0.0
ウェイクアップマギー,10,104,0.0673,0.2692,7.0192,7,0.0
ゴッドダンシング,8,104,0.0577,0.2212,7.5673,7,0.0
ブルーレイ,7,104,0.0481,0.1827,6.9615,7,0.0
タイムトゥラン,8,104,0.0962,0.2115,7.625,7,0.25
レディスキッパー,9,104,0.125,0.2981,6.7404,7,0.0
マルターズヒート,7,104,0.125,0.2308,7.9423,7,0.1667
マルハチメイフェア,8,104,0.0481,0.1827,7.6827,7,0.0
エミネントシチー,6,104,0.1346,0.3077,6.5096,7,0.4
アーヴェイ,9,104,0.0673,0.1731,7.4519,7,0.1429
ピンクトルマリン,9,104,0.0288,0.2308,6.9519,7,0.0
ラスティングソング,9,104,0.1154,0.4038,5.2981,7,0.5
リトルジュン,8,104,0.0673,0.2788,6.6346,7,0.0
ハッピーパス,6,104,0.1731,0.4615,5.25,7,0.0
ダンスインザムード,10,104,0.0962,0.3365,6.3077,7,0.2
ピースオブラヴ,10,104,0.0481,0.2212,7.1635,7,0.125
ハーリカ,7,104,0.0096,0.1154,8.4423,7,0.0
ラストアロー,7,104,0.0962,0.2404,7.2788,7,0.1667
デザートチル,9,104,0.0769,0.2404,6.4904,7,0.0
ナスノシベリウス,7,103,0.1359,0.3689,5.8252,7,0.2857
ナイトマジック,6,103,0.1845,0.4757,4.835,7,0.1667
ニホンピロタルト,9,103,0.0485,0.1359,8.3981,7,0.0
マリブウィン,7,103,0.068,0.2427,6.8641,7,0.0
ベルモントピノコ,7,103,0.0485,0.1942,8.3107,7,0.0
トゥザハピネス,6,103,0.068,0.1942,7.0291,7,0.1667
ウインルナ,7,103,0.0291,0.1456,8.301,7,0.0
ヘイローフジ,9,103,0.1262,0.3204,6.9223,7,0.0
デイトユアドリーム,7,103,0.1068,0.2427,6.3981,7,0.0
チリビリビン,7,103,0.0777,0.2524,7.4078,7,0.0
アグネスナチュラル,8,103,0.1165,0.3301,7.2524,7,0.0
トーホウドルチェ,7,103,0.068,0.2039,7.1262,7,0.3333
マリンフェスタ,6,103,0.068,0.2621,7.3786,7,0.25
トップセラー,7,103,0.1359,0.4175,4.9709,7,0.0
ステッバイステップ,10,103,0.0388,0.1553,8.1456,7,0.0
オーサムフェザー,9,103,0.1165,0.301,6.4951,7,0.1429
ハイフィールド,6,103,0.0194,0.165,6.8252,7,0.0
ベネラ,6,103,0.1165,0.2913,7.1068,7,0.6667
アドマイヤカグラ,8,103,0.0971,0.2816,7.3592,7,0.0
デアリングハート,7,103,0.0583,0.2524,7.2136,7,0.0
ケイアイアテナ,7,102,0.0784,0.2451,5.8627,7,0.3333
エフシア,8,102,0.0196,0.0588,10.8824,7,0.0
シックスポケット,4,102,0.0784,0.2647,7.3039,7,0.0
ルナレガーロ,7,102,0.0784,0.2157,7.3529,7,0.2
コンテスティッド,7,102,0.1667,0.3725,5.7353,7,0.4286
ナムラミステリー,5,102,0.049,0.2255,7.4706,7,0.25
サロミナ,9,102,0.2157,0.4804,4.8235,7,0.4444
キャプテンガール,8,102,0.1275,0.2745,7.2059,7,0.375
クラウンミストラル,5,102,0.1176,0.3333,6.0588,7,0.0
メイマドンナ,8,102,0.0392,0.3039,6.9216,7,0.0
ニホンピロアニカ,9,102,0.1078,0.2157,8.2549,7,0.0
オーシュペール,5,102,0.2059,0.3824,6.1275,7,0.25
ゼフィランサス,7,102,0.0784,0.2843,6.0882,7,0.0
フェアリーダンス,8,102,0.098,0.2941,6.7745,7,0.1429
シンハリーズ,10,102,0.2451,0.4314,5.2451,7,0.6667
インシスト,7,102,0.049,0.2255,6.4608,7,0.0
シラユキヒメ,4,102,0.1275,0.3529,5.6863,7,0.0
メテオーリカ,7,102,0.098,0.2745,5.7353,7,0.1429
スズノメヒョー,7,102,0.0784,0.2157,7.3922,7,0.0
アリー,8,102,0.0686,0.2157,7.5784,7,0.1429
シージョー,6,102,0.0392,0.2157,7.3627,7,0.0
ヴィートマルシェ,8,102,0.2157,0.3922,5.6863,7,0.0
マイネジャンヌ,3,101,0.0198,0.099,7.6832,7,0.0
ラプザントゥール,6,101,0.0396,0.2178,6.9703,7,0.0
マイネシャローナ,8,101,0.0693,0.297,6.1188,7,0.0
スタリア,8,101,0.1089,0.4257,5.3564,7,0.0
コスモプラチナ,8,101,0.0693,0.2574,6.8713,7,0.0
コスモキララ,11,101,0.0495,0.2475,6.3168,7,0.0
サウンドオブハート,8,101,0.0396,0.2277,7.0297,7,0.0
ブリュメール,9,101,0.0297,0.1485,8.5545,7,0.0
タイセイエトワール,7,101,0.0792,0.2871,6.7525,7,0.0
Nokaze,6,101,0.2376,0.4554,5.3465,7,0.3333
ツルマルハロー,6,101,0.0495,0.1881,7.6436,7,0.0
アドマイヤキラメキ,7,101,0.1188,0.2871,6.6832,7,0.25
クリスタルストーン,9,101,0.0495,0.1881,8.0198,7,0.0
スターオブジュニパー,7,101,0.0594,0.198,7.9208,7,0.2
リスティアアスリー,7,101,0.0594,0.2475,7.3168,7,0.4
ラベ,8,101,0.099,0.3762,6.2871,7,0.25
セイカカロブ,7,101,0.0693,0.1881,8.6535,7,0.0
アドマイヤチャーム,7,101,0.0693,0.2079,6.5842,7,0.0
パーフェクトトリビュート,8,101,0.1188,0.2871,7.4851,7,0.1429
プリオバーン,8,101,0.0891,0.3168,5.8713,7,0.0
サニーロック,5,101,0.0693,0.297,6.7426,7,0.0
パープル,7,101,0.099,0.2871,6.6535,7,0.0
ダイヤモンドディーバ,8,101,0.0891,0.3465,6.2673,7,0.0
ジェットスパークル,6,100,0.07,0.28,6.61,7,0.0
シンディ,6,100,0.05,0.18,7.25,7,0.25
シーヴ,5,100,0.11,0.42,5.17,7,0.25
ヨウヨウ,5,100,0.03,0.16,7.87,7,0.0
イソノスワロー,7,100,0.08,0.2,7.45,7,0.25
イリデ,10,100,0.13,0.29,7.84,7,0.0
スズカエンジェル,9,100,0.08,0.25,7.3,7,0.1667
ショウナンアヤカ,7,100,0.06,0.15,8.01,7,0.0
バレンソール,4,100,0.07,0.2,7.49,7,0.0
ウッドシップ,6,100,0.08,0.2,6.83,7,0.0
フォルクローレ,4,100,0.12,0.32,5.78,7,0.5
モエレエターナル,7,100,0.05,0.21,7.28,7,0.2
カルトマリーヌ,7,100,0.03,0.22,6.72,7,0.0
ラヴェリータ,6,100,0.07,0.2,6.69,7,0.0
コンドルウイング,4,100,0.04,0.16,7.33,7,0.0
スキア,8,100,0.17,0.35,5.93,7,0.4286
タピルージュ,7,100,0.12,0.27,7.11,7,0.1667
スウィングダンス,6,100,0.09,0.32,6.42,7,0.25
アプリコットフィズ,5,100,0.08,0.28,6.51,7,0.25
サンドスラッシュ,9,100,0.09,0.31,6.97,7,0.0
エイジアンウインズ,10,100,0.09,0.2,7.98,7,0.0
エバーシャイニング,8,100,0.07,0.14,8.74,7,0.0
メリオール,6,100,0.06,0.22,7.78,7,0.2
アンソロジー,9,100,0.11,0.31,6.64,7,0.1667
エーシンパナギア,8,100,0.16,0.34,6.64,7,0.1429
アペラシオン,8,100,0.04,0.2,7.83,7,0.0
サンヴァンサン,8,100,0.07,0.2,7.32,7,0.0
パスオブドリームズ,6,100,0.07,0.35,6.66,7,0.1667
ナイキフェイバー,7,100,0.09,0.22,6.94,7,0.0
ヒカリブラッシア,11,100,0.05,0.2,8.24,7,0.0
シルクヴィーナス,8,99,0.1212,0.303,6.8788,7,0.0
ヴイプラド,7,99,0.0505,0.1414,9.2323,7,0.0
グランドホイッスル,7,99,0.1515,0.3535,6.3535,7,0.0
ピエナアマゾン,9,99,0.0404,0.1818,8.5253,7,0.0
ウディバードソング,6,99,0.0606,0.1717,8.0909,7,0.0
サマーエタニティ,9,99,0.1111,0.2121,7.0808,7,0.125
ドナブリーニ,9,99,0.1414,0.4141,5.8687,7,0.2857
アークティックシルク,9,99,0.0808,0.2828,6.596,7,0.0
キシュウウインド,4,99,0.0303,0.202,7.6869,7,0.0
ファビュラスセンス,10,99,0.0808,0.1616,8.6364,7,0.2222
カラフルブラッサム,6,99,0.1414,0.3232,5.5657,7,0.1667
コードネーム,8,99,0.101,0.3232,7.0303,7,0.2
ニシノマドカ,6,99,0.0404,0.1818,7.8283,7,0.2
セデュイール2,5,99,0.0606,0.1616,7.6667,7,0.4
ビエンナーレ,11,99,0.0505,0.1919,8.0707,7,0.0
メリッサ,7,99,0.1616,0.3636,6.7677,7,0.25
フェリシタス,7,99,0.1212,0.3838,5.8889,7,0.0
カルテブランシェ,6,99,0.0606,0.2222,7.1414,7,0.0
スマッシュハート,7,99,0.1111,0.2626,6.8081,7,0.1667
キューティゴールド,12,98,0.1837,0.4694,5.2245,7,0.1111
ダイワエタニティー,10,98,0.0306,0.2143,7.4694,7,0.1111
マルティンスターク,9,98,0.1327,0.3265,6.7143,7,0.25
ホウヨウターゲット,5,98,0.1122,0.3061,7.3469,7,0.0
アグネスパサー,7,98,0.051,0.1837,7.3878,7,0.0
クリアソウル,7,98,0.102,0.2653,6.9796,7,0.1429
ジャジャマーチャン,7,98,0.0714,0.2653,6.4388,7,0.5
ハウオリ,7,98,0.2245,0.4694,5.0714,7,0.6
ライツェント,9,98,0.1939,0.3776,6.0816,7,0.4286
グリューネワルト,9,98,0.1327,0.3469,6.4388,7,0.0
タックスシェルター,6,98,0.0918,0.2653,6.1939,7,0.0
スペシャルクイン,6,98,0.1531,0.4388,5.7551,7,0.2
ロイヤルライン,7,98,0.051,0.2143,7.0102,7,0.0
マイネカンナ,9,98,0.1122,0.2551,6.949,7,0.1429
サンバホイッスル,10,98,0.0816,0.2347,7.898,7,0.0
ヤマノローラ,8,98,0.0612,0.2041,6.9286,7,0.1667
アイアムルビー,9,98,0.1122,0.3469,5.8878,7,0.0
レースウィング,6,98,0.0612,0.3265,5.7449,7,0.0
サンコロネット,10,98,0.0714,0.3571,5.8571,7,0.0
ザズー,9,98,0.1327,0.3673,6.4898,7,0.0
ダイシンキャンディ,6,98,0.0408,0.2041,7.7959,7,0.0
マイネデセール,8,98,0.102,0.2347,6.9694,7,0.1667
パレスルーマー,6,98,0.1735,0.3367,5.8776,7,0.6
ブライダルベール,9,98,0.0408,0.1531,7.5306,7,0.125
コンプリカーター,8,98,0.1224,0.3878,5.5204,7,0.0
ワイメアビーチ,8,98,0.1122,0.398,6.0408,7,0.125
ビーラヴリー,8,97,0.0619,0.1753,8.2062,7,0.1667
プライムウィッシュ,8,97,0.0515,0.268,6.8247,7,0.0
ソングバード,11,97,0.0619,0.2371,7.4227,7,0.125
アリデッド,6,97,0.0515,0.1443,7.2474,7,0.0
エンジェリックレイ,8,97,0.0722,0.1546,7.1237,7,0.0
フリティラリア,6,97,0.0722,0.2268,6.4227,7,0.1667
ノートルアンジュ,4,97,0.0103,0.0619,8.0412,7,0.0
マンボスルー,7,97,0.0515,0.2165,8.0928,7,0.0
ソニックグルーヴ,8,97,0.0619,0.2887,6.5773,7,0.0
マドモアゼルドパリ,7,97,0.0928,0.3505,6.1649,7,0.0
リヴァプール,10,97,0.0309,0.1443,7.9691,7,0.0
ポップコーンジャズ,9,97,0.1959,0.4742,5.1443,7,0.0
ヒラボクミラクル,6,97,0.0412,0.0825,8.6701,7,0.0
エナジーハート,8,97,0.0928,0.299,7.0825,7,0.0
パラダイスバード,5,97,0.0722,0.1546,7.2474,7,0.0
クールユリア,7,97,0.1237,0.299,7.2165,7,0.1429
ケイティーズギフト,7,97,0.1237,0.3402,6.5979,7,0.25
クィーンズバーン,6,97,0.0928,0.2371,7.3711,7,0.1667
ハートアンドハート,7,97,0.0206,0.1237,8.0,7,0.0
ジェルヴェーズ,6,97,0.0825,0.1753,7.5052,7,0.0
フューチャサンデー,7,97,0.1237,0.299,6.5052,7,0.0
ラッキーレディ,8,97,0.0515,0.2474,6.3711,7,0.2
ピーチブローフィズ,7,97,0.0722,0.2062,7.701,7,0.1429
スネガエクスプレス,6,97,0.0928,0.2474,7.2474,7,0.25
ウィキッドリーパーフェクト,10,97,0.0515,0.268,6.7835,7,0.1111
ジェダイト,6,97,0.1753,0.4227,5.8763,7,0.0
ティンクルチャーミ,7,97,0.0412,0.2371,5.9897,7,0.0
カクテルローズ,7,97,0.0722,0.2268,7.3402,7,0.1667
デュアルストーリー,6,97,0.134,0.3093,6.5258,7,0.25
シュペリユール,8,97,0.0619,0.3402,5.8247,7,0.0
ナムラメロディー,6,96,0.0208,0.1562,8.5625,7,0.0
フリスコベイ,7,96,0.0833,0.3542,6.0521,7,0.0
フクシア,8,96,0.0521,0.1875,7.5417,7,0.125
タイキシャイン,10,96,0.0938,0.1771,8.1562,7,0.1429
マイディアソング,8,96,0.0417,0.1562,7.9167,7,0.0
スズカローズマリー,9,96,0.0729,0.1667,8.0208,7,0.1667
ティフィン,7,96,0.0521,0.2812,6.4167,7,0.0
マンハッタンセレブ,10,96,0.0729,0.1771,8.3229,7,0.1429
オールアイキャンセイイズワウ,9,96,0.0521,0.1979,7.0,7,0.0
ルドラ,8,96,0.0833,0.1979,7.5104,7,0.0
ハッシュバンバン,6,96,0.0938,0.3646,5.3542,7,0.2
ラブーム,9,96,0.0625,0.25,6.2083,7,0.1429
ナックオフィス,7,96,0.0208,0.1771,7.6562,7,0.0
ブレンダ,6,96,0.1354,0.2917,6.3646,7,0.0
ダイワスカーレット,10,96,0.1458,0.3229,6.6354,7,0.4286
コスモミール,10,96,0.0625,0.1667,8.4271,7,0.25
メイグレイス,8,96,0.0938,0.25,6.5938,7,0.1429
ダイシンパーティー,7,96,0.0521,0.1979,7.625,7,0.0
マイネリベルタス,4,96,0.0521,0.1771,6.0938,7,0.0
レディークライスト,3,96,0.0417,0.1562,7.3646,7,0.0
ベルベットローブ,9,96,0.0729,0.1875,7.1042,7,0.1667
グランプリエンゼル,7,96,0.0833,0.2812,6.9479,7,0.0
シルクヴァルキリー,5,96,0.0833,0.1875,7.7083,7,0.0
オメガフレグランス,6,96,0.1354,0.2396,6.8542,7,0.6667
アイアムノココロ,7,96,0.0417,0.2604,6.8438,7,0.0
シャインプレジャー,8,96,0.0833,0.3021,6.1562,7,0.0
バプティスタ,5,96,0.1042,0.3125,6.7812,7,0.3333
ホーリーブラウン,6,96,0.0625,0.1875,6.9583,7,0.3333
ミラクルベリー,7,96,0.0417,0.2812,6.7812,7,0.0
ラーチャプルック,8,95,0.0316,0.0947,7.9579,7,0.1429
アルスノヴァ,10,95,0.0526,0.2632,6.6737,7,0.0
スカイノダン,8,95,0.0842,0.3368,6.1684,7,0.0
ソーメニーウェイズ,8,95,0.1474,0.4,5.6526,7,0.1429
ファニーモーク,5,95,0.0842,0.3263,6.8737,7,0.3333
ジョーフュージョン,7,95,0.0632,0.1789,6.7895,7,0.0
パシオンルージュ,7,95,0.0947,0.2842,6.4526,7,0.0
ダイヤモンドムーン,5,95,0.0842,0.2947,6.8947,7,0.0
タッソーニー,10,95,0.0737,0.2211,7.0737,7,0.4
トロピカルブラッサム,8,95,0.0632,0.2526,6.7895,7,0.0
エカルラート,8,95,0.0737,0.2632,7.1789,7,0.1429
パラフレーズ,8,95,0.1474,0.2842,6.9895,7,0.1429
ニシノマナムスメ,9,95,0.0737,0.2842,6.6105,7,0.1429
クニコチャン,7,95,0.0632,0.2316,7.4105,7,0.2
ミルフィアタッチ,10,95,0.0947,0.2421,6.6,7,0.0
マンティスハント,6,95,0.1474,0.3789,5.5789,7,0.0
ヌチバナ,8,95,0.1474,0.4526,4.9895,7,0.0
ウイングレット,9,95,0.0632,0.1789,7.7684,7,0.0
マンバラ,9,95,0.0947,0.2842,6.1263,7,0.0
ピーチフィズ,5,95,0.0316,0.0842,9.6105,7,0.0
プレザントケイプ,7,95,0.0842,0.2,7.8737,7,0.0
スピードリッパー,7,95,0.1158,0.2947,6.5263,7,0.1429
クリムゾンブーケ,6,95,0.0947,0.3158,7.2737,7,0.0
クラリネット,5,95,0.1263,0.2947,5.9368,7,0.0
タッチ2,8,94,0.0745,0.2872,6.4043,7,0.0
カフェローレル,8,94,0.0851,0.266,6.7234,7,0.0
カニョット,10,94,0.0532,0.1383,7.5106,7,0.1111
カネスベネフィット,8,94,0.1064,0.2766,6.9574,7,0.1667
カトマンブルー,7,94,0.0851,0.3936,5.5851,7,0.2
レディルージュ,8,94,0.0957,0.3404,6.5213,7,0.125
マンビア,8,94,0.1915,0.3191,6.5319,7,0.3333
ラッドルチェンド,8,94,0.1489,0.2979,6.5213,7,0.4286
ニコールバローズ,7,94,0.0532,0.266,6.734,7,0.0
ワイルドココ,7,94,0.0957,0.2553,6.5745,7,0.5
アールヌーヴォー,9,94,0.0532,0.2128,7.4787,7,0.0
ステラスターライト,4,94,0.0638,0.2553,5.734,7,0.0
シークレットジプシー,7,94,0.0957,0.2553,7.0532,7,0.3333
ミスサイベリア,10,94,0.0319,0.2128,8.0638,7,0.0
クリームオンリー,6,94,0.0745,0.2872,6.8085,7,0.0
ベルワトリング,8,94,0.0319,0.1383,8.617,7,0.0
クサナギノツルギ,8,94,0.0319,0.1596,8.0745,7,0.0
クイーンナイサー,6,94,0.0957,0.2553,7.1596,7,0.2
ミキノセレナーデ,9,94,0.0426,0.1915,7.6702,7,0.0
ジュピターズジャズ,6,94,0.0745,0.1915,7.4468,7,0.0
アドニータ,9,94,0.0851,0.2872,5.9787,7,0.0
ホットフレイバー,7,94,0.0319,0.1489,8.7979,7,0.0
シスタリーラヴ,7,94,0.117,0.3617,5.8298,7,0.2857
ドバウィハイツ,8,94,0.117,0.4787,5.3298,7,0.25
ビジュアルショック,8,94,0.0745,0.1809,7.7021,7,0.0
デンコウデア,5,94,0.0851,0.2872,6.7128,7,0.0
ウォータームージカ,7,94,0.1064,0.3298,6.7234,7,0.0
ワンダービーナス,9,94,0.0532,0.2447,6.0851,7,0.0
タイタンクイーン,6,94,0.1702,0.4468,5.0638,7,0.6
アイスドール,10,94,0.1277,0.266,7.1915,7,0.375
エーピーモモ,7,94,0.0319,0.0957,9.2766,7,0.2
オオシマパンジー,9,94,0.1277,0.2128,6.9043,7,0.3333
メロウメロディ,6,94,0.0532,0.2021,7.0213,7,0.0
ツルマルオジョウ,7,94,0.0745,0.2553,6.9362,7,0.0
オートキュイジーヌ,8,93,0.1183,0.2903,6.129,7,0.125
レディワシントン,6,93,0.043,0.2581,8.1505,7,0.0
オンマイマインド,5,93,0.0323,0.1398,8.9785,7,0.0
グランジョイ,8,93,0.1075,0.3333,6.5699,7,0.1429
マリアヴェロニカ,6,93,0.0645,0.3118,6.8602,7,0.0
エレガントマナー,9,93,0.086,0.2473,7.0645,7,0.2222
パリサンジェルマン,5,93,0.0215,0.086,9.4301,7,0.0
モンターニュドール,6,93,0.0968,0.2581,7.6559,7,0.0
ハートノイヤリング,5,93,0.0538,0.2366,7.2796,7,0.25
ラカ,5,93,0.1183,0.2903,6.5161,7,0.0
ウインアキレア,6,93,0.0753,0.2903,6.4839,7,0.0
フィーリングトーン,10,93,0.1075,0.2581,7.6129,7,0.0
アースファイヤー,7,93,0.0753,0.2366,7.4624,7,0.2
ギガンティア,9,93,0.086,0.2473,7.957,7,0.0
ヴードゥーレディ,4,93,0.043,0.2366,6.0,7,0.0
フェバリットガール,8,93,0.1075,0.2366,6.5484,7,0.1667
ヒミノプリンセス,6,93,0.0645,0.2581,5.5269,7,0.0
イズミコマンダー,6,93,0.0323,0.1398,7.2688,7,0.0
グッドルッキング,4,93,0.0645,0.172,7.2796,7,0.0
サイレントベッド,4,93,0.0753,0.3333,6.086,7,0.5
カスクドール,8,93,0.0538,0.172,7.5699,7,0.25
メイショウユウダチ,4,93,0.086,0.2473,6.5914,7,0.25
チェアユーアップ,7,93,0.0753,0.172,8.5161,7,0.0
バラベルサイユ,8,93,0.1183,0.3011,7.2043,7,0.2857
スーパーウーマン,6,93,0.0645,0.2366,7.0538,7,0.1429
タガノラヴキセキ,6,93,0.0645,0.1828,7.4839,7,0.0
ケイエスホノカ,5,93,0.0323,0.1828,7.9032,7,0.25
ヴェルナッツァ,8,93,0.0538,0.1505,8.6452,7,0.0
ニアメ,7,92,0.0652,0.1848,7.7717,7,0.2
メイショウラグーナ,6,92,0.0543,0.3152,6.8804,7,0.0
ファインビンテージ,10,92,0.0652,0.0978,9.3587,7,0.125
セトウチダイヤ,4,92,0.0543,0.1739,8.2391,7,0.0
セカンドノホシ,7,92,0.0435,0.2391,6.4457,7,0.0
メイショウヒミコ,6,92,0.0978,0.3152,7.3696,7,0.0
カノヤトップレディ,8,92,0.0543,0.2391,7.6957,7,0.0
クリニエルドゥオル,7,92,0.0435,0.1957,6.8804,7,0.0
チャームペンダント,9,92,0.0326,0.2174,7.7174,7,0.0
アルーリングライフ,6,92,0.1087,0.3261,6.75,7,0.3333
アルティメイトラブ,5,92,0.1522,0.3587,5.5652,7,0.0
アンブロワーズ,8,92,0.1413,0.2717,6.4565,7,0.0
クリノトップレディ,6,92,0.0543,0.2174,7.0978,7,0.0
チェリーコレクト,8,92,0.2283,0.3804,5.9565,7,0.5
ハイタッチクイーン,7,92,0.0978,0.2609,7.2826,7,0.1429
クロネコ,6,92,0.0326,0.0978,8.1196,7,0.0
シロガネーゼカフェ,8,92,0.087,0.2826,6.6304,7,0.3333
イチリュウ,5,92,0.0978,0.413,5.7609,7,0.0
ラフェクレール,7,92,0.0761,0.2174,7.1739,7,0.3333
チュウワプリンセス,6,92,0.0326,0.1957,6.9783,7,0.0
インティワタナ,8,92,0.0435,0.1522,7.5326,7,0.0
アレキパ,9,92,0.0435,0.1304,7.3152,7,0.0
デルマアマノジャク,5,92,0.0543,0.163,7.2283,7,0.0
トウカイファイン,10,92,0.1087,0.3261,6.4891,7,0.0
ライカート,6,92,0.0435,0.2391,7.2065,7,0.0
アイズオンリー,6,92,0.0761,0.25,6.25,7,0.0
ショウナンカラット,7,92,0.1087,0.2935,6.8913,7,0.1429
ブリリン,8,92,0.0652,0.25,7.0109,7,0.1429
テルアケリー,8,92,0.1413,0.3913,6.4022,7,0.2857
プリンセスペスカ,6,92,0.1087,0.337,6.7065,7,0.0
ファイブスター,7,92,0.1087,0.2609,7.5435,7,0.1667
メロークーミス,7,92,0.0652,0.2283,7.1196,7,0.0
マイネポリーヌ,6,92,0.0978,0.2935,6.7826,7,0.6667
サザンジュエリー,7,92,0.1087,0.2609,7.8043,7,0.4
エヴァディングタンペット,9,92,0.1196,0.3587,6.1739,7,0.0
マイネフェリックス,8,92,0.0543,0.2283,6.9891,7,0.0
パリージョ,10,92,0.087,0.2391,7.2717,7,0.0
マコトキンラン,8,92,0.0326,0.1739,8.4783,7,0.0
ゴールドグレース,10,92,0.0978,0.1848,8.5109,7,0.1429
デラモーレ,5,92,0.0543,0.2391,6.7935,7,0.0
テンセイフジ,8,92,0.0435,0.1848,8.5109,7,0.0
ダンスアミーガ,6,92,0.1304,0.3478,5.7283,7,0.1667
ライブリーチューン,8,92,0.0217,0.2935,7.0109,7,0.0
ライラックスアンドレース,9,92,0.163,0.413,5.663,7,0.3333
フロレンティナ,7,92,0.0435,0.1848,6.8804,7,0.0
エアマグダラ,9,92,0.087,0.2609,7.25,7,0.0
マーゼリン,9,91,0.1099,0.3077,6.4835,7,0.1667
アドマイヤキュート,7,91,0.0879,0.2418,7.1648,7,0.1429
ピエナサクラ,7,91,0.0549,0.2857,6.1758,7,0.0
センシュアルドレス,9,91,0.0879,0.2198,6.6044,7,0.0
チャームドリーム,8,91,0.0879,0.3077,6.6374,7,0.0
マラコスタムブラダ,7,91,0.1209,0.3736,5.7582,7,0.5714
ピクシーダスト,6,91,0.0659,0.2527,7.0549,7,0.0
ルミナスレッド,6,91,0.044,0.1319,8.1758,7,0.0
マイワイルドローズ,4,91,0.0769,0.1978,7.6484,7,0.5
チアフルスマイル,8,91,0.0989,0.1978,8.1209,7,0.3333
マイネヴォヤージ,9,91,0.044,0.2418,7.0879,7,0.0
レチャーダ,7,91,0.0659,0.1868,8.1429,7,0.2
バクシンスクリーン,6,91,0.0879,0.1868,7.8022,7,0.0
ホワイトアルバム,6,91,0.0989,0.3187,6.3077,7,0.0
レッドファンタジア,7,91,0.1538,0.3846,5.978,7,0.5
ヤマニンパピオネ,6,91,0.2198,0.4066,5.6593,7,0.25
ウエスタンダンサー,9,91,0.1319,0.2967,8.033,7,0.1667
マザーレイク,7,91,0.0879,0.3407,5.5934,7,0.2
モリトオウカ,5,91,0.0769,0.1648,8.6813,7,0.0
エルフィン,4,91,0.0879,0.2747,6.3956,7,0.3333
ツルマルオトメ,8,91,0.0879,0.2198,7.4945,7,0.2
スーヴェニアギフト,10,91,0.1868,0.3297,6.3077,7,0.6
ケイアイガーベラ,6,91,0.1429,0.3187,6.3956,7,0.1667
ダッシングハニー,8,91,0.0989,0.3626,5.989,7,0.0
リトルアマポーラ,10,90,0.0889,0.2333,7.7111,7,0.0
ブラボーデイジー,6,90,0.0556,0.2556,6.1,7,0.0
サウスエンピリカル,10,90,0.0444,0.1111,9.0,7,0.25
メイショウフェーヴ,5,90,0.1,0.3444,6.5667,7,0.2
ファシネイション,6,90,0.1222,0.3333,6.2111,7,0.0
カウントオンミー,9,90,0.1222,0.2556,8.2333,7,0.4286
スターオブサファイア,9,90,0.0333,0.1889,7.6444,7,0.0
ダームドゥラック,8,90,0.0889,0.3111,7.1,7,0.25
レーゲンボーゲン,10,90,0.1222,0.2556,6.7111,7,0.0
メリーウェザー,5,90,0.1667,0.4222,5.7556,7,0.4
ビートリックスキッド,8,90,0.1,0.2889,6.6889,7,0.0
ココナッツパルム,11,90,0.0556,0.2,8.1444,7,0.0
ティックルピンク,7,90,0.1667,0.3556,6.2333,7,0.0
メイショウガンツ,6,90,0.0444,0.3,6.7111,7,0.1667
サパス,6,90,0.0556,0.2111,7.5778,7,0.2
ナムララピス,7,90,0.0444,0.1444,7.7889,7,0.0
エレクトラレーン,6,90,0.0778,0.3778,5.8556,7,0.2
ウォーターエナン,8,90,0.0889,0.3,6.6778,7,0.1667
ニシノステディー,7,90,0.0778,0.2333,8.0,7,0.0
モーニングフェイス,5,90,0.1,0.2667,7.2,7,0.0
スマッシュ,8,90,0.1,0.2556,8.0889,7,0.0
ガヴィオラ,7,90,0.1111,0.2889,6.8444,7,0.0
シルクスパイシー,4,90,0.0333,0.1778,7.4667,7,0.0
シンメイフジ,10,90,0.0889,0.1889,7.9333,7,0.0
シュガーショック,7,90,0.1667,0.3111,6.5667,7,0.1429
ネオシルヴィア,8,90,0.0667,0.3889,5.3,7,0.1429
ウアジェト,6,90,0.1333,0.3667,5.3778,7,0.0
スパイオブラヴ,9,90,0.0556,0.1667,7.4333,7,0.0
ウィキウィキ,8,90,0.1333,0.2889,7.1333,7,0.6667
ネヴァーピリオド,8,90,0.1111,0.2556,7.1111,7,0.3333
ロードクロサイト,5,90,0.1667,0.3889,5.8,7,0.2
チャームウィーク,7,90,0.0667,0.2667,7.6222,7,0.0
チャームダンス,9,90,0.1333,0.3333,6.8778,7,0.1429
プリモウェイ,8,89,0.0674,0.236,7.3258,7,0.0
ヒカルカリーナ,7,89,0.1348,0.3034,6.3708,7,0.3333
ビューティアイ,4,89,0.0787,0.2247,7.9775,7,0.0
スプリングシティ,7,89,0.1011,0.3483,6.3258,7,0.0
ブルーリッジリバー,5,89,0.0337,0.2247,7.1011,7,0.0
タイキキララ,7,89,0.1011,0.236,7.3371,7,0.1429
シャドウムーン,7,89,0.0787,0.2247,7.2247,7,0.0
キングベイビー,6,89,0.1011,0.3483,6.1011,7,0.4
テツムーン,5,89,0.0337,0.1124,9.573,7,0.0
サーキットレディ,10,89,0.0337,0.1011,8.7191,7,0.1429
ジョリージョコンド,8,89,0.1124,0.3708,6.3483,7,0.1667
プリティウイッチ,6,89,0.0337,0.191,7.2921,7,0.0
サトノラミア,8,89,0.0787,0.2247,7.7303,7,0.0
ハイノリッジ,7,89,0.1348,0.3258,6.3258,7,0.1429
ラヴァリーノ,9,89,0.191,0.3371,6.5955,7,0.1667
アモーレヴォレ,9,89,0.1236,0.2584,7.0337,7,0.2857
バラダセール,8,89,0.1685,0.382,5.9775,7,0.2857
ミヤビグレイス,9,89,0.0674,0.2135,7.6854,7,0.0
キャニオンドリーム,5,89,0.0225,0.1236,8.0112,7,0.0
タッチザピーク,5,89,0.1573,0.3371,6.3146,7,0.0
クロスザレイチェル,7,89,0.0674,0.191,8.1236,7,0.0
クロエチャン,8,89,0.0899,0.2022,7.4494,7,0.0
カフジビーナス,5,89,0.1461,0.3483,5.5506,7,0.6
ピサノプリヴェ,5,89,0.0225,0.191,7.4157,7,0.0
ナイアード,6,89,0.0899,0.2584,7.1011,7,0.2
コイクレナイ,8,89,0.0337,0.1348,8.1798,7,0.125
ナイキトライアンフ,6,89,0.0899,0.2472,7.5843,7,0.0
ジェイケイクリス,6,89,0.0449,0.2135,6.3596,7,0.0
ジョコンダ2,6,89,0.1798,0.3258,6.1685,7,0.25
パッショナルダンス,7,89,0.0899,0.1798,7.1461,7,0.1667
キマグレ,9,89,0.0562,0.1573,7.618,7,0.0
ベラルーナ,9,89,0.0787,0.1348,8.5506,7,0.25
バアゼルローズ,8,89,0.0674,0.2921,6.764,7,0.0
ウィンディガーデン,7,89,0.0225,0.1573,7.1685,7,0.0
ネオイリュージョン,9,89,0.1124,0.4045,5.7865,7,0.0
スズカブルーム,6,89,0.2022,0.5169,5.191,7,0.5
アドマイヤサブリナ,4,89,0.191,0.4045,5.7416,7,0.25
チューベローズ,6,89,0.0787,0.1798,8.2247,7,0.25
マンハッタンフィズ,7,88,0.0568,0.1705,7.5114,7,0.0
セイカシミズダニ,4,88,0.0341,0.1477,7.9773,7,0.0
ダノンボンジュール,8,88,0.125,0.2159,7.4432,7,0.3333
ディアルーモ,7,88,0.0227,0.0682,8.6591,7,0.0
アグネスワルツ,6,88,0.0682,0.2614,7.4318,7,0.0
フランチェスカ,8,88,0.0568,0.1932,7.2386,7,0.0
アイスメアー,6,88,0.0795,0.25,6.5,7,0.0
ミスベルツリー,8,88,0.0909,0.2273,7.5114,7,0.0
キュー,8,88,0.0227,0.1364,8.4318,7,0.0
ハロードリーム,5,88,0.0568,0.25,7.1136,7,0.0
ハイジトウショウ,8,88,0.0682,0.1932,7.7955,7,0.0
クールグレース,8,88,0.0227,0.1705,8.0114,7,0.125
ミュージカルロマンス,5,88,0.1705,0.3977,5.7841,7,0.5
マイグリーン,4,88,0.0568,0.2727,6.6477,7,0.0
シチリアーナ,6,88,0.0227,0.0795,8.6364,7,0.0
ポロンナルワ,8,88,0.1705,0.2955,7.3068,7,0.375
アシュレイリバー,10,88,0.0795,0.2614,7.6705,7,0.1667
ダンツクインビー,4,88,0.0568,0.2614,7.2955,7,0.0
アドマイヤヒラリー,7,88,0.0795,0.1818,7.8977,7,0.0
プントバンコ,7,88,0.0682,0.2273,7.1705,7,0.0
カルナアヴァンセ,8,88,0.0682,0.3295,7.9773,7,0.0
マルカサワヤカ,6,88,0.0909,0.3636,6.2386,7,0.0
ラプターセイハート,5,88,0.0909,0.25,7.3182,7,0.2
ジュリアビコー,7,88,0.0682,0.2273,6.9318,7,0.3333
ケンアマツカゼ,12,88,0.0568,0.125,9.5909,7,0.0
コパノニキータ,6,88,0.1023,0.3068,6.9773,7,0.0
スコアズビー,8,88,0.0795,0.2045,7.6705,7,0.125
マダムチェロキー,9,88,0.0568,0.1932,7.1364,7,0.0
スイープトウショウ,8,88,0.1705,0.4318,6.0455,7,0.0
ホッコーマスタング,7,88,0.0682,0.2045,8.1477,7,0.0
ゴッドビラブドミー,7,88,0.1136,0.3523,5.8182,7,0.2
メジロジョーンズ,5,88,0.0909,0.2841,6.9659,7,0.0
ガラディナー,6,88,0.1136,0.2273,7.125,7,0.6
タマユラ,4,88,0.0795,0.3182,6.1477,7,0.0
サザンフェアリー,9,88,0.0795,0.2841,7.1136,7,0.0
リアルナンバー,6,88,0.0909,0.3523,6.5227,7,0.0
ムーンハウリング,6,88,0.0909,0.3295,6.6364,7,0.0
シングライクバード,5,88,0.1364,0.4091,6.0,7,0.0
オンワードスワン,3,88,0.0,0.0341,11.1591,7,0.0
ジャズキャット,5,88,0.1023,0.3295,6.625,7,0.0
ステラマリス,5,88,0.125,0.2386,6.7841,7,0.0
ホウライサンデー,9,88,0.0341,0.125,8.2273,7,0.0
シナノネージュ,11,87,0.069,0.1724,8.046,7,0.0
ニイガッタメール,7,87,0.1034,0.2184,7.6207,7,0.0
スターフォーユー,7,87,0.069,0.2184,7.5172,7,0.1429
モルトフェリーチェ,8,87,0.1379,0.3333,6.7356,7,0.1429
エルベレス,9,87,0.092,0.2414,7.5402,7,0.0
ミュージカルウェイ,9,87,0.1609,0.4598,4.931,7,0.3333
ランニングボブキャッツ,6,87,0.1149,0.2989,6.2414,7,0.0
アグネスショコラ,7,87,0.1264,0.4368,5.7011,7,0.0
ロマンシエール,9,87,0.092,0.1724,8.3103,7,0.0
ジョンコ,7,87,0.0345,0.1609,8.2644,7,0.0
ラヴソレイユ,7,87,0.1149,0.2069,7.6897,7,0.0
ショウナンサリーレ,7,87,0.069,0.2414,8.069,7,0.0
サイモンガーランド,5,87,0.0575,0.1724,7.8046,7,0.0
ミルトス,6,87,0.046,0.3333,7.5057,7,0.0
ウォンビーロング,7,87,0.1034,0.3103,6.9885,7,0.0
モカサンデー,5,87,0.023,0.2414,7.5632,7,0.0
プリンセスブルー,6,87,0.0805,0.2299,8.092,7,0.4
ミントシャイン,7,87,0.0575,0.1724,8.046,7,0.0
マグノリア,6,87,0.0115,0.0805,9.046,7,0.0
クールリーヴ,4,87,0.0115,0.1149,8.1609,7,0.0
タッチアス,7,87,0.1034,0.2759,6.9885,7,0.1667
フミノシンデレラ,6,87,0.0805,0.1724,8.2414,7,0.25
ケイアイミサイル,5,87,0.0805,0.1724,8.0,7,0.6
ガリカローズ,6,87,0.069,0.2989,6.7126,7,0.0
インコグニート,9,87,0.0805,0.2414,6.9425,7,0.1667
ローズカットダイヤ,5,87,0.092,0.3103,7.8966,7,0.5
ヒラボクキャロル,9,87,0.0575,0.2069,7.2414,7,0.3333
ケイアイエリザベス,7,87,0.0575,0.2184,7.092,7,0.0
タガノキャンドル,6,87,0.092,0.2759,6.3563,7,0.1667
ファインセイコー,8,87,0.0575,0.1954,7.4368,7,0.0
ジェラスガール,9,87,0.1379,0.2874,6.7701,7,0.1667
ワイオラ,7,87,0.1034,0.2299,7.6552,7,0.0
ケイティーズベスト,8,87,0.0805,0.2299,8.0575,7,0.125
ストームツイスター,8,87,0.1034,0.2529,7.3103,7,0.1429
ザフラッツ,7,87,0.092,0.1609,7.8391,7,0.1667
ヤマニンプチフール,7,87,0.0575,0.1724,7.977,7,0.3333
スズカグレイス,9,87,0.069,0.2874,6.6897,7,0.1429
アナバシュドチャーム,4,87,0.0575,0.2069,6.4828,7,0.0
スズカミネルバ,4,86,0.0465,0.1977,8.0581,7,0.0
チェリーフォレスト,8,86,0.0465,0.1395,8.4884,7,0.0
ラドランファーマ,4,86,0.093,0.407,5.9535,7,0.0
カワキタラブポップ,9,86,0.0581,0.2326,8.4302,7,0.1111
ローザミスティカ,8,86,0.093,0.2442,6.9186,7,0.0
ペイルローズ,8,86,0.0581,0.1628,9.0814,7,0.0
ラクスクライン,9,86,0.0233,0.093,9.1628,7,0.1429
ベルモントエルメス,7,86,0.0581,0.2907,7.7674,7,0.0
オールブランニュー,7,86,0.093,0.3372,7.3721,7,0.0
ハルーワスウィート,6,86,0.186,0.4419,5.0814,7,0.25
メイショウワカツキ,5,86,0.1395,0.2791,7.2442,7,0.6
ブーケドレーヌ,8,86,0.0581,0.1628,8.2907,7,0.0
ホッコーメモリー,4,86,0.1047,0.3256,6.5698,7,0.0
オービーレディー,5,86,0.0581,0.2442,6.8837,7,0.0
マツリダワルツ,8,86,0.0814,0.1977,7.9302,7,0.5
ブライダルブーケ,8,86,0.0581,0.2093,8.3837,7,0.25
サマーロコガール,8,86,0.0698,0.1628,8.2674,7,0.0
ウエストローズ,5,86,0.0465,0.1977,6.907,7,0.0
ポポラス,5,86,0.0349,0.2093,6.8256,7,0.0
シベリアンクラシカ,8,86,0.0814,0.2674,7.3721,7,0.1429
ダイワバーガンディ,7,86,0.093,0.2442,6.8488,7,0.0
クリノビャクダン,10,86,0.0465,0.1395,9.0698,7,0.0
クーデグレイス,7,86,0.1977,0.3721,5.6628,7,0.7143
クローバーリーフ,9,86,0.093,0.3023,7.0,7,0.1111
ビラゴーティアラ,7,86,0.0349,0.1512,7.5116,7,0.0
ユースティティア,8,86,0.0698,0.2326,6.8372,7,0.125
ダイシンモード,4,86,0.0581,0.1279,7.6395,7,0.5
アイカギ,8,86,0.1047,0.2558,7.9302,7,0.2857
ユメノオーラ,5,86,0.1279,0.3372,6.0698,7,0.0
スプリングボード,7,86,0.093,0.2674,7.2907,7,0.0
ハナヨメノレン,4,86,0.0233,0.1047,7.9302,7,0.0
ショコット,4,86,0.0814,0.2674,7.3837,7,0.0
メジロツボネ,7,86,0.1395,0.3256,5.8023,7,0.2857
マジックポーション2,10,86,0.0698,0.1977,8.1163,7,0.125
オフジオールドブロック,7,86,0.1279,0.3023,7.0465,7,0.1429
レイサッシュ,3,85,0.0824,0.2941,6.2235,7,0.5
ブルーミンバー,5,85,0.1294,0.3882,5.1882,7,0.2
シアードラマ,5,85,0.1529,0.3765,5.8824,7,0.4
ルナースフィア,6,85,0.0353,0.0824,8.6,7,0.0
マキシムカフェ,7,85,0.1647,0.3882,5.9176,7,0.0
オンシジューム,7,85,0.0235,0.1176,8.9882,7,0.0
メジロバーミューズ,6,85,0.0588,0.2353,6.6824,7,0.0
チリエージェ,9,85,0.1412,0.2706,6.9647,7,0.2
マイプラーナ,6,85,0.1176,0.2706,7.6941,7,0.0
ティボリサンライズ,5,85,0.0588,0.2471,6.7294,7,0.0
ラルティスタ,6,85,0.1294,0.3294,7.0118,7,0.1667
マイネルーチェ,8,85,0.0353,0.2471,6.3529,7,0.0
ルサビ,7,85,0.0588,0.2,7.7059,7,0.2
レディーメグネイト,6,85,0.0353,0.0824,8.0353,7,0.0
タヤスブルーム,6,85,0.0353,0.2471,7.5882,7,0.0
ダンスオンザルーフ,7,85,0.1059,0.2353,7.1059,7,0.0
フミノアマゾン,7,85,0.1059,0.3412,6.3647,7,0.2
ラバヤデール,6,85,0.1059,0.3412,6.4471,7,0.0
アルメーリヒ,7,85,0.0941,0.2824,6.5765,7,0.0
ジェラテリアバール,6,85,0.0706,0.1882,7.0941,7,0.0
クルザダアメリカーナ,5,85,0.0353,0.2,7.2588,7,0.0
ポエティックターン,6,85,0.0353,0.2118,7.1412,7,0.0
ミスエーニョ,8,85,0.2,0.4,5.8824,7,0.5
アップルトウショウ,6,85,0.0353,0.1176,9.4706,7,0.2
ボーンスター,6,85,0.1176,0.2471,7.8471,7,0.0
サイレントラヴ,6,85,0.0471,0.2824,7.4588,7,0.0
クロンヌドール,7,85,0.1176,0.3059,6.7294,7,0.5
デンコウラッキー,6,85,0.0471,0.1765,7.0235,7,0.0
スターペスミツコ,9,85,0.1412,0.2471,8.1529,7,0.5
マイネエスポワール,10,85,0.0353,0.1647,7.9647,7,0.0
モスコーバーニング,4,85,0.0471,0.1765,7.6588,7,0.0
フラワーロック,8,85,0.0588,0.2706,7.5765,7,0.125
レクレドール,7,85,0.1059,0.2706,6.7765,7,0.5
サンデーストーリー,3,85,0.0353,0.1647,7.4941,7,0.0
ブエナビスタ,7,85,0.1412,0.3059,5.8824,7,0.2857
トーアティアレ,7,85,0.0235,0.1647,7.7529,7,0.1667
グローリールピナス,5,85,0.0353,0.1647,7.6118,7,0.0
メイショウアルペン,6,85,0.0235,0.1059,7.2118,7,0.0
リラックススマイル,7,85,0.0824,0.2706,5.8588,7,0.0
ウィローパドック,8,85,0.0471,0.2235,7.2235,7,0.0
イチノヤジョウ,7,85,0.1059,0.2235,8.3059,7,0.1429
アドマイヤビアン,5,85,0.0824,0.1412,7.1176,7,0.0
スキャニングジョイ,3,85,0.0824,0.2353,7.3176,7,0.5
ムーングロウ,6,84,0.119,0.3452,7.1548,7,0.1667
マスターマイン,6,84,0.0595,0.2857,6.6429,7,0.0
ローズヘイロー,7,84,0.0476,0.2143,7.6429,7,0.0
メイビーフォーエヴァー,8,84,0.0476,0.2976,6.9524,7,0.1667
ケリーズビューティ,7,84,0.0952,0.2738,7.4048,7,0.25
コスモルーシー,4,84,0.1071,0.4405,5.3929,7,0.0
コスモベル,7,84,0.0357,0.1429,8.0357,7,0.0
ショウナンタイリン,6,84,0.0833,0.3095,6.2619,7,0.0
マスイデア,9,84,0.0,0.0714,9.1786,7,0.0
フェールクークー,10,84,0.0833,0.3095,6.869,7,0.1111
オードリーローズ,6,84,0.0595,0.2024,6.9048,7,0.0
ブリッサ,7,84,0.0119,0.1786,7.6548,7,0.0
ブロンコーネ,7,84,0.0476,0.2143,8.1429,7,0.0
オンヴェラ,9,84,0.0357,0.1071,9.0952,7,0.0
ルミナスポイント,6,84,0.0714,0.2619,7.0119,7,0.3333
ベルスリーブ,8,84,0.131,0.2738,7.4167,7,0.1429
マジックストーム,5,84,0.1786,0.5,4.7976,7,0.0
アイアムネオ,7,84,0.0595,0.1667,8.3095,7,0.0
ツインエンジェルズ,8,84,0.0595,0.131,7.9048,7,0.0
ダンスパートナー,4,84,0.0476,0.1667,7.1071,7,0.0
ゴールドチェイス,8,84,0.1548,0.3214,7.5952,7,0.2
メイショウルイーズ,4,84,0.1071,0.2619,7.2381,7,0.0
カーナヴァル,8,84,0.0714,0.2262,6.6786,7,0.1429
スズカダーリン,8,84,0.0238,0.1786,7.7619,7,0.0
ピンクアリエス,9,84,0.0952,0.2738,7.2143,7,0.0
シティウェルズ,6,84,0.0238,0.1786,7.6786,7,0.0
プリンセスカメリア,7,84,0.0833,0.25,6.631,7,0.0
レジェトウショウ,6,84,0.1071,0.3333,6.1429,7,0.3333
ナムラミーティア,10,84,0.0476,0.1429,8.7381,7,0.1111
アップルティー,8,84,0.0833,0.1786,7.7262,7,0.1667
シナル,8,84,0.131,0.3333,6.381,7,0.0
アスクレピアス,9,84,0.0595,0.1905,8.3571,7,0.0
エリモフィナーレ,7,84,0.0952,0.2143,8.1071,7,0.1667
ボルドグザグ,6,84,0.0476,0.2976,7.4405,7,0.0
シャルルヴォア,6,84,0.0714,0.2143,7.25,7,0.1667
ギフトオブザラック,9,84,0.0357,0.1667,7.7381,7,0.0
サラトガヴィーナス,7,84,0.0952,0.3214,6.7262,7,0.3333
シリウストウショウ,7,84,0.0476,0.2024,8.2619,7,0.1429
オルトリンデ,10,84,0.0714,0.2262,7.4881,7,0.0
オメガリトルスター,7,84,0.0714,0.2738,7.0476,7,0.0
ムカラファ,8,84,0.0714,0.2381,7.5238,7,0.0
サトノユリア,8,84,0.0714,0.2976,6.0833,7,0.1429
ハンナリト,7,84,0.0833,0.2381,7.6548,7,0.0
マコトエンエン,4,84,0.0714,0.2262,7.119,7,0.0
マイネホコモモラ,4,84,0.0476,0.2619,7.0357,7,0.0
クインリーグレイス,6,84,0.0595,0.2262,7.619,7,0.2
スカーレル,6,84,0.0476,0.2262,7.6667,7,0.0
エヴァ,6,84,0.0952,0.2381,7.5,7,0.0
ファミリズム,6,84,0.0357,0.2024,7.381,7,0.0
ダノンフローラ,9,84,0.1071,0.2976,6.9762,7,0.0
トップモーション,8,84,0.1071,0.2738,7.0238,7,0.0
オメガエンブレム,6,84,0.0357,0.2024,6.6548,7,0.3333
グッドチョイス,7,83,0.0361,0.1566,7.2169,7,0.0
ヴェイルドクリス,8,83,0.0482,0.1807,7.5783,7,0.0
タイキラナキラ,4,83,0.0241,0.0843,7.012,7,0.25
ダイメイザバリヤル,6,83,0.0602,0.253,6.6867,7,0.0
ロイヤルネックレス,8,83,0.0843,0.1446,7.8193,7,0.0
ワンダーマッスル,5,83,0.0482,0.1566,7.9759,7,0.0
ヤマサラグランジュ,11,83,0.0361,0.0843,9.6145,7,0.0
スターシップトラッフルズ,5,83,0.0964,0.253,7.1084,7,0.0
グローバルソング,8,83,0.0843,0.3133,6.4458,7,0.0
ティアドロップス,7,83,0.1084,0.3133,7.1084,7,0.0
カネトシガーネット,5,83,0.0361,0.1928,6.9518,7,0.2
ジューシージーン,5,83,0.0964,0.1928,7.9518,7,0.0
リリウム,9,83,0.1205,0.2169,6.9759,7,0.4
パールイアリング,7,83,0.0241,0.1446,9.0241,7,0.0
ラストパートナー,5,83,0.0241,0.1928,7.4096,7,0.0
ラシャルマンテ,5,83,0.0843,0.3012,6.3253,7,0.25
トウカイライフ,6,83,0.1205,0.2048,7.6265,7,0.1667
スズノネイロ,5,83,0.0602,0.241,7.1325,7,0.0
チューニー,8,83,0.0241,0.2169,7.3012,7,0.0
スターフェスタ,7,83,0.0482,0.1928,7.0361,7,0.0
ベルアリュール2,7,83,0.1566,0.3253,6.5422,7,0.2857
フレンチバレリーナ,8,83,0.1084,0.3133,6.4337,7,0.0
ミスアモン,5,83,0.0241,0.2169,7.2771,7,0.0
ダンシングクイーン,8,83,0.1084,0.2892,7.253,7,0.0
ゴールドジャパン,10,83,0.0602,0.241,8.494,7,0.0
ノーブルジュエリー,6,83,0.1084,0.3133,6.1205,7,0.5
モーニングタイド,3,83,0.0482,0.2169,7.4819,7,0.0
イナズマアマリリス,9,83,0.0723,0.2651,7.3855,7,0.125
アンローランサン,6,83,0.0361,0.0964,9.0241,7,0.0
ウィステリアアーチ,7,83,0.0964,0.241,7.6506,7,0.3333
ブリクセン,7,83,0.0964,0.1928,8.0723,7,0.2
トリアンドルス,4,83,0.0964,0.253,7.2892,7,0.0
シルヴァースカヤ,9,83,0.1566,0.3494,5.4578,7,0.1667
ジーエスレインボー,6,83,0.0843,0.253,6.9277,7,0.3333
セントフロンティア,8,83,0.0602,0.2048,6.6386,7,0.0
ホクトペンダント,5,83,0.0482,0.1566,8.1084,7,0.0
ヴィーヴァブーケ,6,83,0.0843,0.253,6.8916,7,0.3333
アスドゥクール,3,83,0.1084,0.3494,5.5181,7,0.3333
ポップコーンプリンセス,4,83,0.0723,0.241,7.2651,7,0.0
リスキーディール,6,83,0.0241,0.1084,7.9036,7,0.0
ニシノマザーアース,8,83,0.0602,0.253,7.2651,7,0.0
プリンセスメイク,7,83,0.0361,0.253,7.012,7,0.2
ミスホーユー,8,83,0.012,0.0964,8.6265,7,0.0
クライミングローズ,5,83,0.1807,0.4819,5.1928,7,0.0
スプリングアマイン,6,83,0.0482,0.1928,7.9759,7,0.0
ギフトオブソング,7,83,0.1205,0.3373,7.012,7,0.0
スプリングフェスタ,6,83,0.0843,0.3133,7.0723,7,0.1667
ラヴアズギフト,6,83,0.1084,0.2892,7.0482,7,0.4
アマルフィターナ,8,83,0.0602,0.253,6.5422,7,0.0
スペシャルフロート,8,83,0.0602,0.3012,6.9157,7,0.0
モズフリムカナイデ,5,83,0.0843,0.253,6.506,7,0.0
ウエスタンクィーン,6,83,0.0843,0.253,8.5301,7,0.0
サマーナイトシティ,5,83,0.1446,0.3494,6.5542,7,0.0
キラーグレイシス,6,83,0.1807,0.3614,5.5783,7,0.4
マンデラ,8,83,0.1687,0.4819,5.241,7,0.75
ミセススノー,7,83,0.0602,0.2892,6.3253,7,0.0
リビアーモ,9,82,0.1463,0.3537,6.5244,7,0.25
プリティホワイト,4,82,0.0244,0.1707,6.9512,7,0.0
ポレモス,7,82,0.0732,0.2317,6.9268,7,0.1429
スターダムバウンド,6,82,0.0976,0.3293,5.3659,7,0.0
アートプリンセス,6,82,0.122,0.3293,6.1585,7,0.25
ストリートパレード,6,82,0.0488,0.1707,7.4146,7,0.0
フレジェール,8,82,0.1098,0.2195,6.9634,7,0.25
ケイティーズミスト,7,82,0.0732,0.1951,7.7683,7,0.2
ドリームスケイプ,7,82,0.0732,0.2805,7.439,7,0.25
ネガノ,7,82,0.061,0.3049,7.1341,7,0.0
ジェニサ,7,82,0.1341,0.2927,6.8171,7,0.3333
フェアナタリー,7,82,0.061,0.1829,8.7927,7,0.0
フレームオブトゥルース,3,82,0.0244,0.122,8.5244,7,0.0
ホッコーエクレール,5,82,0.0732,0.1829,7.6463,7,0.0
シングフォアジョイ,7,82,0.0854,0.1951,8.5854,7,0.0
ソラコマチ,7,82,0.1098,0.2927,6.6829,7,0.1429
ノッテビアンカ,6,82,0.1707,0.3537,5.6951,7,0.1667
グローリーブラッド,9,82,0.0732,0.3049,6.6098,7,0.1667
インダクティ,7,82,0.1341,0.3171,7.0122,7,0.0
カタズオノンデ,7,82,0.0488,0.1829,6.6707,7,0.0
コズミックフレイム,7,82,0.0854,0.2561,6.5976,7,0.0
ゲッコウ,3,82,0.061,0.2561,7.5,7,0.3333
コスモアクセス,7,82,0.122,0.3537,6.5244,7,0.1667
トミノラブラドール,5,82,0.0366,0.0976,10.4878,7,0.0
キリエ,8,82,0.0976,0.2439,7.7683,7,0.0
ツルマルミホ,6,82,0.061,0.3049,6.7805,7,0.0
チョコレートリリー,6,82,0.0854,0.2317,7.0976,7,0.0
ランウェイスナップ,4,82,0.1098,0.3902,5.7439,7,0.25
マイネソーサリス,8,82,0.0122,0.0488,8.6463,7,0.0
ライジングクロス,11,82,0.1098,0.2561,7.2927,7,0.1429
レディラック,5,82,0.0488,0.2683,7.122,7,0.0
ルアーズストリート,7,82,0.1098,0.4146,5.5366,7,0.0
ターフマジョリック,5,82,0.0732,0.2439,7.4268,7,0.2
ユッカマウンテン,5,82,0.0366,0.2439,6.7195,7,0.0
アマランス,5,82,0.0732,0.2927,6.7927,7,0.25
クリソプレーズ,8,82,0.1951,0.4512,4.9878,7,0.75
フローラルウインド,3,82,0.061,0.2561,6.2317,7,0.0
ビッグマリーン,5,82,0.061,0.2195,7.7683,7,0.0
クリームパフ,4,82,0.0244,0.1463,8.2195,7,0.0
ミッションヒルズ,8,82,0.061,0.1463,8.7439,7,0.2
タイキエイワン,8,82,0.0854,0.2805,7.0,7,0.125
ハイカックウ,5,82,0.0488,0.1829,7.4878,7,0.0
アディクティド,7,82,0.1585,0.3902,6.1463,7,0.1667
バーニントウショウ,6,82,0.0732,0.3293,7.878,7,0.0
フラワーチャンプ,5,81,0.0741,0.1852,8.2099,7,0.0
メイショウデイム,5,81,0.1605,0.2963,6.6914,7,0.0
ミュージックアワー,9,81,0.0617,0.1358,7.9877,7,0.2
アラピンタ,6,81,0.0864,0.3086,6.5679,7,0.0
ボーイントンキャニオン,3,81,0.0247,0.1235,8.7284,7,0.0
トウカイメガミ,9,81,0.1481,0.3457,6.9506,7,0.0
キングスローズ,6,81,0.1605,0.4321,5.7901,7,0.6667
ザッハーマイン,7,81,0.1111,0.3086,5.9506,7,0.0
アイアムネフライト,7,81,0.1235,0.3333,6.7778,7,0.1429
フサイチエアデール,8,81,0.0864,0.3827,5.3704,7,0.25
スプリングサンダー,6,81,0.1358,0.2593,6.5556,7,0.4
ブリリアントレイ,8,81,0.0494,0.2099,8.037,7,0.0
トウカイポプリ,9,81,0.1111,0.2099,8.7901,7,0.375
シャインセレブ,8,81,0.1111,0.2716,7.8519,7,0.0
エリモハルカ,8,81,0.0741,0.1852,7.4568,7,0.1667
サワノプリマベーラ,5,81,0.0247,0.1111,7.4321,7,0.0
ボシンシェ,9,81,0.1481,0.3086,6.5679,7,0.25
ガイヤール,5,81,0.0864,0.1975,8.358,7,0.25
ショウサンウルル,7,81,0.0864,0.3704,6.0617,7,0.0
スリーローマン,4,81,0.037,0.1358,7.9506,7,0.0
サンシャイン,8,81,0.0988,0.1852,7.4815,7,0.0
ウエスタンデンコー,4,81,0.037,0.1358,8.2963,7,0.0
シャムローグ,6,81,0.0988,0.3333,7.1605,7,0.0
スーリア,5,81,0.1111,0.2346,7.4321,7,0.5
ゴジップガール,5,81,0.1728,0.4198,5.4938,7,0.0
イチオクノホシ,7,81,0.0864,0.2963,6.9383,7,0.1429
メイショウチルチェ,5,81,0.0494,0.2222,7.1358,7,0.0
リュシオル,7,81,0.0741,0.2593,6.642,7,0.1429
ウィーミスフランキー,9,81,0.1235,0.3086,6.3086,7,0.1111
トラウム,6,81,0.0864,0.2222,6.9259,7,0.0
ショアー,6,81,0.0494,0.1481,7.4321,7,0.25
ジュエルオブナイル,8,81,0.0494,0.1728,8.642,7,0.0
アクアブルーハート,5,81,0.1358,0.4568,5.358,7,0.0
セシリア,6,81,0.0494,0.2346,8.0864,7,0.0
コスモマイルール,6,81,0.0741,0.2469,6.4691,7,0.0
トラディション,6,81,0.1358,0.358,5.7037,7,0.1667
ドリーミーアイ,6,81,0.0741,0.1481,8.0,7,0.0
トレラピッド,7,81,0.1235,0.321,5.8519,7,0.4
サウンドバリアー,6,81,0.1358,0.3827,5.716,7,0.1667
レディドーヴィル,7,81,0.0988,0.321,5.7654,7,0.3333
バイオレントムーヴ,4,81,0.037,0.1605,8.4691,7,0.0
イナズマローレル,6,81,0.0123,0.1111,9.8148,7,0.0
シェルズレイ,9,81,0.1852,0.4074,6.037,7,0.1667
アドマイヤダンサー,7,81,0.0741,0.1728,8.2099,7,0.2
シアトルサンセット,6,81,0.1235,0.2963,6.2099,7,0.0
カイゼリン,9,81,0.0988,0.2716,7.2222,7,0.0
クラシックチュチュ,6,81,0.0617,0.3086,6.7037,7,0.0
シーズインポッシブル,6,81,0.1605,0.3827,6.5432,7,0.25
ディアコメット,5,80,0.1125,0.225,6.9,7,0.0
メイショウアキシノ,5,80,0.0875,0.175,8.85,7,0.4
Midsummer Fair,6,80,0.125,0.5,4.4375,7,0.0
モシーン,9,80,0.175,0.3875,6.15,7,0.2222
ウェディングフジコ,8,80,0.0375,0.125,8.25,7,0.0
ウォータープレミア,4,80,0.0625,0.275,6.85,7,0.0
アンスタンフィール,4,80,0.025,0.05,9.125,7,0.25
マルターズクリス,10,80,0.0375,0.125,9.525,7,0.1111
ベストロケーション,7,80,0.1125,0.2625,6.8375,7,0.0
キャニオンリリー,5,80,0.1,0.2375,7.9,7,0.3333
ヤサシイキモチ,8,80,0.0625,0.2375,6.3375,7,0.1429
シャイニングエナジー,7,80,0.0375,0.175,6.7125,7,0.0
ラヴァーズレーン,6,80,0.1375,0.2125,8.075,7,0.2
ヒカルアマランサス,7,80,0.15,0.375,6.25,7,0.0
ヒシアニマ,7,80,0.075,0.175,7.425,7,0.0
ミヤジガンバレ,6,80,0.0375,0.2375,6.2875,7,0.1667
スズカルビー,7,80,0.025,0.1625,7.425,7,0.0
ロイヤルタバスコ,6,80,0.0625,0.25,6.9375,7,0.0
ミスジョーカー,4,80,0.1,0.2375,6.425,7,0.25
オールオールオール,8,80,0.0375,0.25,6.8125,7,0.0
ペンテシレイア,7,80,0.1,0.2375,7.15,7,0.0
アウトオブザウィム,5,80,0.0625,0.3125,6.825,7,0.0
ラシンティランテ,5,80,0.075,0.3375,6.025,7,0.0
ティファイファイ,8,80,0.025,0.1875,8.175,7,0.0
トレノエンジェル,8,80,0.1,0.2375,6.5875,7,0.0
マイネピュール,5,80,0.025,0.0875,8.875,7,0.0
ダンスファンタジア,6,80,0.125,0.275,6.775,7,0.25
マイネフォクシー,6,80,0.0625,0.175,8.1625,7,0.0
オメガアイランド,5,80,0.0875,0.325,5.7875,7,0.0
キスショット,4,80,0.05,0.1875,7.4125,7,0.0
アンフィルージュ,6,80,0.125,0.3,6.475,7,0.2
シルクユニバーサル,7,80,0.175,0.2875,6.85,7,0.3333
ジョウネツノアラシ,3,80,0.0125,0.125,7.7375,7,0.0
キャトルフィーユ,6,80,0.225,0.4625,4.8625,7,0.5
メルヴェイユドール,6,80,0.0375,0.2,7.025,7,0.0
マチャプチャレ,5,80,0.1125,0.2875,6.7375,7,0.4
ソムニア,4,80,0.075,0.425,5.6625,7,0.25
アルテミスハート,5,80,0.075,0.2125,6.3625,7,0.0
アラマサスナイパー,11,79,0.0506,0.2025,7.9241,7,0.0
ヒシタイトル,7,79,0.0759,0.2025,7.6709,7,0.1667
ピュアシンフォニー,7,79,0.0886,0.2532,7.0886,7,0.0
エポキシ,8,79,0.0886,0.2532,7.6076,7,0.125
グラスルビー,9,79,0.0253,0.1646,8.3797,7,0.0
フローラルジュノー,7,79,0.0506,0.1646,8.3671,7,0.0
アリアプーラ,7,79,0.0253,0.1139,8.038,7,0.0
ミルフィオリ,6,79,0.0506,0.2658,6.6962,7,0.3333
プリンセスルーシー,8,79,0.0506,0.1772,7.4557,7,0.1429
レースドール,7,79,0.0253,0.2405,6.2785,7,0.0
ピースヴィクトリア,6,79,0.038,0.1266,7.1646,7,0.0
エンドレスノット,5,79,0.1392,0.3924,5.7215,7,0.0
ホワットアスポット,6,79,0.1139,0.3924,6.6456,7,0.0
アンチュラス,6,79,0.1519,0.3291,6.0253,7,0.1667
ガンダーラプソディ,8,79,0.0633,0.1392,8.0633,7,0.0
ガルデルスリール,6,79,0.0886,0.1899,7.2405,7,0.4
グレイトフィーヴァー,7,79,0.0886,0.3797,6.0,7,0.0
ベネディーレ,9,79,0.038,0.2152,7.8734,7,0.0
スイートピグレット,6,79,0.038,0.2911,6.8228,7,0.2
アイシークレット,6,79,0.1013,0.2278,6.7342,7,0.25
エアセイレン,4,79,0.0633,0.2025,7.481,7,0.0
マンハッタンミート,5,79,0.1519,0.3291,6.8481,7,0.25
ローズアライヴァル,5,79,0.0886,0.3291,6.9241,7,0.0
フィンランディア,9,79,0.0886,0.3165,6.7595,7,0.125
ロックマイハート,5,79,0.0633,0.2152,7.0886,7,0.0
ブラジリアンビューティ,9,79,0.0759,0.1772,7.7595,7,0.0
ラブアンドピース,9,79,0.0,0.0886,8.8608,7,0.0
ラテアート,9,79,0.0506,0.1013,8.2405,7,0.1111
ペイデュソレイユ,7,79,0.0633,0.2911,8.3544,7,0.0
ワンダープリンセス,7,79,0.0633,0.4051,6.1772,7,0.0
オークルーム,4,79,0.0886,0.2278,8.3797,7,0.0
ケージーヒトメボレ,5,79,0.038,0.1392,8.0253,7,0.0
コスモマーベラス,7,79,0.1392,0.3038,6.9747,7,0.1429
フェリス,7,79,0.1772,0.4304,6.038,7,0.0
インディアナギャル,7,79,0.1392,0.4051,5.1139,7,0.1429
アイルビーバウンド,6,79,0.1519,0.3165,6.2785,7,0.25
マザーズウィッシュ,8,79,0.0506,0.1772,9.1266,7,0.0
カイロローズ,6,79,0.0633,0.1519,8.962,7,0.0
ミゼリコルデ,6,79,0.1139,0.3291,6.8861,7,0.3333
ティーアイディップ,7,79,0.0506,0.2025,7.519,7,0.0
サーストンララア,4,79,0.0759,0.3038,5.8861,7,0.0
アドマイヤアモーレ,6,79,0.0633,0.2785,6.8608,7,0.25
アドマイヤイチ,6,79,0.038,0.1013,8.7468,7,0.0
アジアンプリンセス,5,78,0.0641,0.2051,7.9615,7,0.0
ローレルオードリー,4,78,0.0897,0.2051,6.7692,7,0.0
オーヴァーアンダー,6,78,0.1282,0.3077,5.9231,7,0.25
ブルーポラリス,6,78,0.0128,0.141,7.7692,7,0.0
クリスティビーム,6,78,0.0256,0.2564,6.7436,7,0.0
ファインチョイス,6,78,0.0769,0.2308,8.4103,7,0.0
チャームキャップ,5,78,0.0513,0.1667,7.2436,7,0.0
マイネヒメル,5,78,0.1154,0.3333,6.0256,7,0.0
ダンスオブザマンボ,5,78,0.0513,0.4231,6.1026,7,0.0
ステラプラド,9,78,0.0385,0.1667,7.8077,7,0.0
ストライクルート,5,78,0.1538,0.359,5.641,7,0.2
ロゼシャンパーニュ,6,78,0.0256,0.2564,6.6154,7,0.1667
チラリ,6,78,0.0897,0.3718,5.4231,7,0.0
メンブランツァ,7,78,0.0385,0.2179,7.7051,7,0.0
マジックミラージュ,4,78,0.0513,0.141,7.4872,7,0.0
コスモネモシン,7,78,0.0769,0.2949,7.5,7,0.0
メジロフランシス,4,78,0.1282,0.3077,6.0256,7,0.5
ブロードスマイル,7,78,0.0385,0.1667,7.7179,7,0.0
オースミマコ,8,78,0.0385,0.2308,7.1026,7,0.0
テンザンジョイ,5,78,0.0513,0.141,8.5256,7,0.0
リュートフルシティ,8,78,0.0897,0.1667,8.1282,7,0.0
シーソング,4,78,0.0513,0.2308,7.8205,7,0.3333
シープシャンクス,5,78,0.0641,0.1795,7.7692,7,0.0
スペルバインド,9,78,0.0385,0.2051,6.7564,7,0.0
マイティースルー,8,78,0.2436,0.4487,5.5256,7,0.5714
ブリリアントクラン,6,78,0.0897,0.2564,7.3077,7,0.2
アサケゴマ,6,78,0.0641,0.2179,7.5,7,0.3333
アドマイヤテンバ,5,78,0.0769,0.2949,5.6923,7,0.4
マーメイドティアラ,5,78,0.141,0.4615,5.0897,7,0.25
ギミーシェルター,9,78,0.0256,0.141,8.0,7,0.3333
タムロウイング,8,78,0.0513,0.1026,9.2179,7,0.1429
マロノヴィーナス,8,78,0.0641,0.2051,8.5641,7,0.0
モンプティクール,8,78,0.1282,0.3974,5.9872,7,0.0
ヒシシャトル,5,78,0.0641,0.2308,6.4231,7,0.0
ヴィクトリーマーチ,9,78,0.1282,0.2179,7.5256,7,0.25
シャイニングピアス,8,78,0.0769,0.3333,6.4359,7,0.0
サワヤカスズカ,7,78,0.0128,0.1795,8.4103,7,0.0
ノッティングギャル,2,78,0.0641,0.1795,7.9231,23,0.0
ディフィカルト,3,78,0.0256,0.2564,6.1795,7,0.0
アースマリン,8,78,0.0513,0.1795,7.5128,7,0.2
アガサ,6,78,0.1154,0.2436,6.3333,7,0.1667
アンティフリーズ,8,78,0.1154,0.2821,7.0513,7,0.0
ジョウノファミリー,4,78,0.1154,0.2949,6.9103,7,0.3333
ドリームオブジェニー,10,78,0.1923,0.4359,5.141,7,0.1667
メイケイソフィア,7,78,0.0641,0.1026,9.1538,7,0.0
ハナイチリン,5,78,0.0897,0.2821,6.9103,7,0.0
パピュラ,8,78,0.1282,0.3462,6.5,7,0.0
サザンベル,5,78,0.0513,0.0897,10.1282,7,0.0
バーグドール,5,78,0.0769,0.2436,7.2564,7,0.0
レイナカスターニャ,8,78,0.0897,0.2564,6.6795,7,0.0
ソベラニア,8,78,0.1154,0.2564,6.9487,7,0.3333
リクエストアワー,6,77,0.039,0.1429,8.2078,7,0.0
クォリティシーズン,7,77,0.1039,0.3377,6.3896,7,0.0
シェイクズセレナーデ,5,77,0.1299,0.3377,6.9091,7,0.0
クラリスピンク,6,77,0.1039,0.2078,7.6104,7,0.1667
プロテクトジアース,5,77,0.026,0.2208,7.1299,7,0.0
スティンガー,7,77,0.0519,0.1429,7.9091,7,0.0
レットイットスノー,7,77,0.0519,0.1948,8.8961,7,0.0
スターコレクション,8,77,0.1039,0.2857,7.4026,7,0.1667
ディオニージア,6,77,0.0519,0.2468,7.5714,7,0.0
エアイゾルテ,7,77,0.026,0.1688,8.6364,7,0.0
ボンジュールカレン,5,77,0.026,0.0909,8.2857,7,0.0
アンソニカ,10,77,0.0519,0.1818,7.6623,7,0.1111
ニシノヒナギク,5,77,0.0909,0.3506,6.3247,7,0.2
スモークンフローリック,4,77,0.1039,0.2987,6.4805,7,0.0
クライシスオブスピリット,5,77,0.0519,0.2468,8.0,7,0.0
バーレーヘッズ,7,77,0.0779,0.3377,6.9091,7,0.0
アルーリングアクト,7,77,0.0519,0.2208,7.1688,7,0.0
ローズノーブル,6,77,0.1169,0.4286,5.6104,7,0.1667
フローラルグリーン,5,77,0.1299,0.2857,7.2338,7,0.3333
ベストオブチャンス,6,77,0.026,0.1688,7.9481,7,0.0
インコンパス,6,77,0.0909,0.2208,7.8182,7,0.0
デンコウレジーナ,6,77,0.0519,0.2468,7.4156,7,0.0
トシザコジーン,6,77,0.1299,0.2468,8.8701,7,0.1667
マイネサンサン,6,77,0.026,0.1169,7.7662,7,0.0
ジュエルボックス2,7,77,0.026,0.0909,8.5714,7,0.0
アーリーアメリカン,5,77,0.1169,0.2987,6.4935,7,0.25
ソラリア,6,77,0.1039,0.3766,6.0,7,0.4
トークショウ,7,77,0.1299,0.4156,5.2468,7,0.6667
シフォンベール,7,77,0.0519,0.1688,8.5065,7,0.0
アマノチェリーラン,8,77,0.0649,0.1299,8.3766,7,0.1667
ウインフロレゾン,7,77,0.1169,0.3117,5.7792,7,0.1429
ニースセブンティン,6,77,0.0519,0.1429,8.1429,7,0.0
タガノディーバ,7,77,0.0909,0.2597,6.2597,7,0.1429
マチルド,8,77,0.0779,0.2857,6.4935,7,0.0
コリンズグラス,6,77,0.0649,0.1688,8.3377,7,0.2
タツキセキ,2,77,0.026,0.1429,7.7662,7,0.0
クラウンプリンセス,6,76,0.0658,0.2105,8.3026,7,0.25
トーホウアマポーラ,5,76,0.0658,0.3158,6.4605,7,0.0
クインズメンテ,5,76,0.0263,0.1842,6.8684,7,0.0
ピュアブリーゼ,7,76,0.0789,0.2368,7.4079,7,0.0
ミスティックリバー,5,76,0.1053,0.2632,6.4474,7,0.25
レッドクローシュ,5,76,0.0263,0.1447,8.0789,7,0.0
クラウンアスリート,5,76,0.1711,0.4605,5.3553,7,0.25
アドマイヤフッキー,8,76,0.0921,0.2763,7.3947,7,0.1667
アドリアーネ,10,76,0.0395,0.1711,8.2763,7,0.0
ヴェントス,6,76,0.1053,0.3289,6.0,7,0.2
ヴァリディオル,8,76,0.1842,0.4737,4.8684,7,0.2857
ダークエンディング,6,76,0.1184,0.3684,6.6184,7,0.0
アースプレイ,5,76,0.1316,0.3553,5.9474,7,0.0
ゴールドリーフ,3,76,0.0263,0.2237,7.2763,7,0.0
マイビビアーヌ,7,76,0.0526,0.3289,6.7368,7,0.0
ショウリュウムーン,7,76,0.1579,0.4079,5.8553,7,0.2857
ケイアイエーデル,7,76,0.1184,0.2895,7.3684,7,0.0
ニンナナンナ,8,76,0.0263,0.1447,8.8289,7,0.0
オースミリンド,8,76,0.0658,0.1579,8.8816,7,0.0
マチカネモユルコイ,2,76,0.0526,0.1184,9.5263,7,1.0
ロリポップガール,5,76,0.0921,0.3684,6.1053,7,0.0
ペンカナプリンセス,10,76,0.1447,0.4211,5.7895,7,0.2
ヴァイオレットラブ,4,76,0.0658,0.1842,7.6842,7,0.0
ティエッチマンボ,6,76,0.0921,0.2895,7.25,7,0.0
サイレントクロップ,6,76,0.0526,0.1053,8.4079,7,0.0
ルビーレジェンド,6,76,0.1316,0.3158,6.5132,7,0.2
ジャックカガヤキ,8,76,0.0395,0.2632,6.7368,7,0.5
フィールグリュック,7,76,0.0658,0.1711,7.3947,7,0.0
ウイッチ,4,76,0.1053,0.2632,6.7632,7,0.0
Star Mullein,5,76,0.0526,0.3289,6.5395,7,0.0
カレドニアレディ,7,76,0.1184,0.4342,5.4474,7,0.1429
ケイティマイヒメ,6,76,0.0789,0.1974,8.3684,7,0.3333
バイコースタル,6,76,0.0789,0.1974,7.3684,7,0.2
テスティコ,3,76,0.0526,0.2895,6.4737,7,0.0
ベルミュール,6,76,0.0789,0.2763,6.8684,7,0.1667
ジョウノオーロラ,5,76,0.1053,0.2237,8.0,7,0.25
マイスイートベス,7,76,0.0526,0.1842,7.8684,7,0.0
ムーンライトソナタ,7,76,0.0132,0.0658,9.9342,7,0.25
アイアンドユー,4,76,0.0921,0.3684,5.9737,7,0.0
プリンセスオブザスターズ,4,76,0.0526,0.2895,6.4605,7,0.25
シャルマンレーヌ,6,76,0.0658,0.1711,7.75,7,0.1667
ウミラージ,8,76,0.0921,0.25,6.75,7,0.1429
ファンジカ,5,76,0.1053,0.3158,7.4868,7,0.0
ディアマンティナ,9,76,0.0789,0.2237,8.0,7,0.0
シャドウストリーム,7,76,0.0526,0.1711,8.0263,7,0.0
キミーズキッド,6,76,0.0,0.1447,8.3026,7,0.0
レッドソンブレロ,5,76,0.1316,0.3421,7.0132,7,0.2
ヴァイセフラウ,6,76,0.1316,0.4079,5.7763,7,0.0
エイシンサンバレー,7,76,0.0789,0.2895,6.5395,7,0.2
ビタースウィート,7,76,0.0789,0.2632,6.8421,7,0.1429
シゲルエスペレ,6,76,0.0132,0.1316,7.9605,7,0.0
ナンヨーサフラウア,7,76,0.0526,0.2237,7.6842,7,0.0
フェスタデルドンナ,6,76,0.0658,0.2237,6.8684,7,0.0
フェザーレイ,9,76,0.0526,0.2237,7.5395,7,0.0
レインデート,7,76,0.1053,0.2237,7.5921,7,0.5
グランデアモーレ,5,76,0.1579,0.2895,8.3289,7,0.6
サンタエヴィータ,5,76,0.0789,0.3289,6.2763,7,0.0
レインボウスズラン,4,76,0.0921,0.3158,7.3553,7,1.0
エマソング,6,76,0.0658,0.2632,6.5658,7,0.0
モーディッシュ,6,76,0.0526,0.1711,8.6974,7,0.0
ノースプリンセス,5,76,0.1184,0.1974,8.8816,7,0.5
アポロノカンザシ,5,76,0.0658,0.2632,7.1447,7,0.0
プロフェシーライツ,10,76,0.0526,0.1184,8.7368,7,0.2
チャームダイヤ,7,76,0.0789,0.1974,8.2105,7,0.0
コイウタ,8,75,0.1867,0.36,5.8267,7,0.0
ヴェラブランカ,8,75,0.0933,0.3733,6.1733,7,0.1667
ポリリズム,7,75,0.0267,0.1333,8.1867,7,0.0
ラズベリータイム,6,75,0.08,0.2533,7.6667,7,0.0
スーパーマルトク,3,75,0.0267,0.1733,6.7467,7,0.0
ムーンライトベイ,9,75,0.08,0.28,7.6133,7,0.1667
ダイワエンジェル,6,75,0.1067,0.32,7.0267,7,0.6667
キタノリツメイ,5,75,0.0533,0.1067,9.5867,7,0.2
ハッピーヴァリュー,5,75,0.08,0.4133,7.1733,7,0.2
カルディア,6,75,0.0667,0.2267,7.3467,7,0.1667
アドマイヤダッシュ,7,75,0.0533,0.1867,6.68,7,0.0
プルーフオブラヴ,9,75,0.0533,0.1067,8.4533,7,0.0
シャッセロール,6,75,0.1467,0.4133,5.7867,7,0.0
エアベルヘザー,6,75,0.0533,0.2267,6.6267,7,0.0
リリーアメリカ,7,75,0.0267,0.1067,8.5733,7,0.0
スノーキトゥン,7,75,0.08,0.28,6.6133,7,0.0
スペシャルポケット,6,75,0.08,0.1467,8.2667,7,0.2
プリモタイム,4,75,0.1067,0.24,7.5333,7,0.0
サンブルエミューズ,5,75,0.2,0.44,5.92,7,0.6
ファシネイト,7,75,0.0,0.0933,8.8933,7,0.0
アンドモアアゲイン,8,75,0.0533,0.1333,8.3067,7,0.0
オヴァンボクイーン,7,75,0.1333,0.3867,5.8,7,0.0
ピンクサプライズ,4,75,0.0267,0.1467,8.08,7,0.0
ペガサスゴールド,7,75,0.0533,0.2267,6.36,7,0.0
コウヨウルビー,7,75,0.0933,0.2,7.4667,7,0.0
トゥファーアウェイ,5,75,0.0667,0.2133,6.96,7,0.0
マリアンヌカフェ,7,75,0.0533,0.24,7.7867,7,0.0
ゼマティス,8,75,0.04,0.2267,7.0,7,0.125
ルンルンスズカ,3,75,0.0133,0.16,7.4533,15,0.0
マイネチャーム,4,75,0.0267,0.2133,6.5467,7,0.25
エーソングフォー,10,75,0.1067,0.2533,7.68,7,0.0
サウスティーダ,5,75,0.0533,0.2133,8.0133,7,0.0
ステラマドレード,8,75,0.1467,0.2933,7.6267,7,0.0
メイショウベーネ,4,75,0.12,0.28,6.5867,7,0.3333
デビルズコーナー,7,75,0.0667,0.24,7.5333,7,0.1429
ラグジャリークラス,4,75,0.0933,0.2267,7.0933,7,0.0
バクシンヒロイン,7,75,0.0667,0.1733,8.0533,7,0.0
アルコセニョーラ,8,75,0.04,0.0667,9.0267,7,0.0
ファーストバイオリン,6,74,0.0676,0.2838,6.6622,7,0.0
ラサンバ,7,74,0.0,0.1757,7.6081,7,0.0
イストワール,5,74,0.0811,0.1892,7.8919,7,0.0
フギン,5,74,0.0541,0.2162,7.4054,7,0.0
ドナウブルー,9,74,0.2432,0.4324,5.3378,7,0.1429
ファーマペニー,8,74,0.0405,0.2297,7.5541,7,0.0
ヴィクトワール,5,74,0.027,0.1081,8.4459,7,0.0
ピシーズクイーン,7,74,0.1216,0.3378,7.0541,7,0.0
ブロードストリート,6,74,0.0946,0.2973,6.9459,7,0.3333
リップスポイズン,8,74,0.1081,0.2973,5.8514,7,0.375
コマノスクアーロ,8,74,0.0946,0.2973,6.2027,7,0.1429
キャメロンガール,5,74,0.0676,0.1892,7.5541,7,0.3333
ロイヤルアタック,4,74,0.1216,0.2568,6.9189,7,0.0
エイトディズアパート,9,74,0.0405,0.2297,7.527,7,0.0
グランシェール,4,74,0.027,0.1622,8.1622,7,0.0
ショウダウン,4,74,0.1351,0.2838,6.4324,7,0.0
ヘイローマジック,7,74,0.0541,0.0946,9.6486,7,0.0
ビバエルフ,6,74,0.0676,0.2432,6.3514,7,0.0
デルマトモエゴゼン,7,74,0.0676,0.1486,8.1892,7,0.0
フィックルベリー,5,74,0.0811,0.2703,6.7027,7,0.0
ホワイトエレガンス,4,74,0.0946,0.2703,6.6216,7,0.0
レスタンノール,5,74,0.0405,0.1351,8.8919,7,0.0
レジェンドキャット,4,74,0.0811,0.4054,5.5,7,0.5
アンコールピース,4,74,0.1081,0.2838,6.2432,7,0.25
パーシステントリー,8,74,0.1892,0.3784,6.0405,7,0.2
モエレヒストリー,12,74,0.027,0.1757,8.473,7,0.0
メルセンヌナンバー,7,74,0.0946,0.2432,7.8784,7,0.0
ローズアダージョ,7,74,0.027,0.3514,6.1081,7,0.0
ミクロコスモス,5,74,0.1622,0.3649,6.0405,7,0.0
フレンチリヴィエラ,7,74,0.0811,0.2027,8.2297,7,0.0
アイーンベル,2,74,0.0811,0.3514,5.8243,7,0.0
ユキノマイ,6,74,0.0541,0.0946,8.7973,7,0.0
シュピッツェ,6,74,0.0676,0.1757,7.1081,7,0.0
ストラテジー,4,74,0.0541,0.2568,7.4595,7,0.0
エキナシア,6,74,0.1216,0.3378,7.1892,7,0.0
ヤマカツマヤリス,10,74,0.0405,0.1216,8.5541,7,0.0
スターズアラインド,5,74,0.1351,0.4189,7.1892,7,0.0
ティップトップ,5,74,0.0946,0.4459,5.5676,7,0.25
ドリーミングバード,6,74,0.0405,0.1757,7.7027,7,0.0
フロールデセレッソ,7,74,0.1351,0.3378,5.6757,7,0.2
ピノブラン,6,74,0.0676,0.2027,7.1622,7,0.0
グラナダ,7,74,0.0405,0.2162,7.027,7,0.0
フォトジェニー,4,74,0.0676,0.2027,7.1757,7,0.0
コンカラン,6,74,0.0946,0.3378,6.027,7,0.2
タイキグラミー,6,74,0.0676,0.2568,7.5135,7,0.0
トウカイデンヒル,5,74,0.0541,0.1757,7.8378,7,0.0
ブリスクウェザー,6,74,0.027,0.1351,7.9459,7,0.0
カホマックス,6,74,0.1351,0.2973,6.5541,7,0.0
ロメラ,5,74,0.0676,0.1757,7.6622,7,0.4
アルフィルク,6,74,0.0676,0.1622,7.3514,7,0.0
マイネカトレア,7,74,0.0405,0.2703,6.7162,7,0.0
ピアノボレロ,7,74,0.0405,0.1892,7.973,7,0.0
ジーニアル,5,74,0.0811,0.2703,6.8649,7,0.0
クレヨンルージュ,7,74,0.0541,0.3243,6.9189,7,0.0
タムロイーネー,5,74,0.0676,0.2838,6.8919,7,0.0
サンフラワーガール,7,73,0.0822,0.137,8.4247,7,0.2
イズミバード,4,73,0.0685,0.2603,6.411,7,0.3333
ソリッドプラチナム,5,73,0.0548,0.2192,6.4384,7,0.0
マッキーロイヤル,5,73,0.0548,0.2192,6.6986,7,0.0
シゲルウエンセン,5,73,0.0274,0.2466,7.137,7,0.0
ヒトリムスメ,6,73,0.1233,0.2603,7.1507,7,0.25
ランブルジャンヌ,5,73,0.0548,0.2603,6.3151,7,0.0
イオス,8,73,0.0822,0.3151,6.4247,7,0.0
スマートパルス,8,73,0.0959,0.2877,7.3151,7,0.1667
リュヌドール,6,73,0.2329,0.4658,5.0548,7,1.0
レッドラヴィータ,6,73,0.1233,0.4521,5.5753,7,0.3333
アオバ,4,73,0.0411,0.137,8.1918,7,0.0
セキサンキセキ,9,73,0.0411,0.1644,8.5342,7,0.1111
レディシャツィ,7,73,0.0685,0.2466,7.8493,7,0.0
グレイスファミリー,8,73,0.0411,0.2329,7.0959,7,0.0
アラマサダンサー,4,73,0.0685,0.1507,8.6301,7,0.0
シャインリザルト,8,73,0.0959,0.1507,8.0274,7,0.0
ピサノバーキン,10,73,0.0548,0.1096,9.6849,7,0.125
アマノブラウニイー,7,73,0.0548,0.137,7.6301,7,0.25
キーポケット,8,73,0.0685,0.2055,7.726,7,0.0
ツィンクルヴェール,6,73,0.1096,0.2603,7.137,7,0.0
マジカルシェイプ,5,73,0.0959,0.2055,7.7123,7,0.5
リリーオブザヴァレー,6,73,0.1781,0.4521,4.6575,7,0.1667
ハーランズルビー,9,73,0.137,0.3014,7.2329,7,0.25
ギンザフローラル,3,73,0.0685,0.2329,7.5616,7,0.0
レアシルウィア,7,73,0.0548,0.2466,8.2877,7,0.0
カワカミプリンセス,10,73,0.0274,0.0959,9.726,7,0.0
ゴーンクレージー,8,73,0.0685,0.274,7.589,7,0.0
アイアンクリッパー,9,73,0.0137,0.0411,10.137,7,0.0
ブリイジースズカ,4,73,0.0,0.1096,9.2329,7,0.0
ステファニーチャン,6,73,0.0822,0.2192,8.2877,7,0.0
スウェアトウショウ,7,73,0.0822,0.3014,6.863,7,0.3333
ルーシーショー,7,73,0.0548,0.2192,8.4521,7,0.2
ミオリチャン,9,73,0.0548,0.137,7.9589,7,0.1111
エメラルドスター,6,73,0.0685,0.2466,7.1781,7,0.1667
シーエスシルク,6,73,0.0685,0.2192,7.5753,7,0.0
メジェルダ,4,73,0.1781,0.411,5.9589,7,0.25
リオニアンレディー,8,73,0.0548,0.2603,6.0822,7,0.0
サトノフラリッシュ,4,73,0.0959,0.3562,6.1096,7,0.0
エーシンベタラネリ,8,73,0.0959,0.1781,8.3288,7,0.4
ブラックティー,5,73,0.0959,0.3151,6.6438,7,0.3333
アドバンスクラーレ,8,73,0.0274,0.1918,8.0,7,0.0
サクセスアイニー,4,73,0.1644,0.3425,6.5068,7,0.0
アロマティコ,7,73,0.2055,0.3836,5.1781,7,0.4286
ナムラカメーリア,9,73,0.0274,0.137,8.6027,7,0.0
アクアリスト,9,73,0.1781,0.4658,5.9041,7,0.5
オリジナルスピン2,6,73,0.0822,0.2466,7.3836,7,0.2
キャッスルブラウン,7,73,0.0822,0.2466,7.7123,7,0.4
イニシャルダブル,5,73,0.1096,0.3562,6.7808,7,0.2
ブルーレインボウ,4,73,0.0548,0.1644,7.4247,7,0.0
ソフトライム,6,73,0.1233,0.3014,6.6164,7,0.2
セコンドピアット,6,73,0.1233,0.3151,5.8219,7,0.25
プライムオブユース,2,73,0.0274,0.2329,6.8082,7,0.0
リリアーレ,8,73,0.0411,0.1918,7.863,7,0.0
チャームナデシコ,6,73,0.0822,0.1781,7.863,7,0.2
ラドルチェ,10,72,0.0833,0.25,7.5417,7,0.1429
オペラアイ,5,72,0.0556,0.2222,7.3611,7,0.0
ブロンドヒロイン,5,72,0.0694,0.25,6.6944,7,0.0
ラッシュライフ,8,72,0.1389,0.375,6.4306,7,0.0
トロピカルナイト,3,72,0.0139,0.0833,8.9583,7,0.0
ビジョナリー,5,72,0.0556,0.1667,8.5972,7,0.2
ヒシディーバ,4,72,0.1111,0.3194,6.4583,7,0.0
トゥザヴィクトリー,4,72,0.2222,0.375,6.1806,7,0.5
ダイヤモンドクイン,3,72,0.0833,0.2361,6.0,7,0.0
ヴァルホーリング,9,72,0.0556,0.0833,9.3194,7,0.125
オツウ,5,72,0.1389,0.3472,5.3056,7,0.0
レッドジゼル,5,72,0.0833,0.2778,7.2778,7,0.0
コスモパルムドール,7,72,0.0972,0.2083,7.4583,7,0.25
ペルレストラーダ,6,72,0.0833,0.25,7.1944,7,0.0
アルーア,6,72,0.0694,0.3333,6.1806,7,0.0
モエレカトリーナ,8,72,0.0833,0.2639,7.3194,7,0.1667
シーディドアラバイ,6,72,0.0694,0.2222,7.5972,7,0.0
サクラレーヌ,6,72,0.1806,0.4583,6.0417,7,0.5
ディープセーマ,5,72,0.0556,0.1806,7.6944,7,0.0
クリミナルコード,3,72,0.0833,0.25,7.1111,7,0.5
サマーティアラ,5,72,0.125,0.3472,6.1944,7,0.0
ディアテイスティー,4,72,0.0417,0.3194,6.1806,7,0.0
クラシカルテースト,4,72,0.0278,0.2083,7.8889,7,0.0
クロフォード,9,72,0.0417,0.1944,7.875,7,0.0
エリモトゥデイ,5,72,0.1389,0.3611,5.7778,7,0.2
ミッキーパール,9,72,0.0556,0.1667,8.2222,7,0.0
アルデュール,6,72,0.0417,0.1528,7.9444,7,0.0
ピュアーフレーム,10,72,0.0694,0.1389,9.125,7,0.1111
グランオマージュ,6,72,0.0278,0.2222,7.1944,7,0.0
オールザウェイベイビー,8,72,0.0833,0.2639,7.3889,7,0.25
アドマイヤセプター,8,72,0.2222,0.4861,5.7917,7,0.3333
シーギリヤガール,4,72,0.0556,0.125,7.5972,7,0.0
タママリア,6,72,0.0278,0.1528,7.8611,7,0.0
オーパスクイーン,8,72,0.1528,0.25,7.1944,7,0.1667
エールスタンス,3,72,0.0833,0.25,7.4722,7,0.5
ジョリーン,5,72,0.0139,0.1111,7.5,7,0.0
ジョーイロンデル,7,72,0.0417,0.25,6.6528,7,0.0
ワイドロータス,9,72,0.0694,0.2917,7.5833,7,0.0
ハヤブサエミネンス,7,72,0.1111,0.25,6.8889,7,0.2857
ヘレナモルフォ,6,72,0.0139,0.1111,8.1528,7,0.0
ゴールドレリック,7,72,0.0556,0.2361,7.5972,7,0.25
スプリングマンボ,5,72,0.0556,0.1806,7.6111,7,0.0
レディハピネス,9,72,0.0972,0.2083,7.8056,7,0.1667
ウララカ,5,72,0.0556,0.2639,7.125,7,0.0
アイティアビー,5,72,0.0556,0.2778,6.8194,7,0.0
セクシーディナー,6,72,0.0694,0.3194,6.9583,7,0.0
ウインディーヒル,5,72,0.0694,0.2083,7.7083,7,0.0
ブローザキャンドル,4,72,0.0556,0.2222,6.7778,7,0.0
ボーントゥブーギー,7,72,0.0972,0.2222,7.7778,7,0.0
チャオプラヤ,5,72,0.0417,0.2222,6.5833,7,0.0
チャイナドール,6,72,0.0139,0.1111,7.3056,7,0.0
プリモレディ,3,72,0.0694,0.25,7.1944,7,0.3333
チャチャリーノ,7,72,0.0972,0.2639,8.0139,7,0.0
カレンバレリーナ,5,72,0.0833,0.3333,6.8889,7,0.0
サンクスアロット,6,72,0.125,0.2917,7.0,7,0.1667
フィヨルドクルーズ,7,72,0.0417,0.0972,9.7917,7,0.0
メイショウアンデス,9,72,0.0417,0.1528,9.3472,7,0.0
ファダラン,7,72,0.0694,0.1806,6.8333,7,0.0
ニシノミラクル,7,72,0.0556,0.1667,7.8056,7,0.0
メイショウオウヒ,6,72,0.2361,0.4583,5.3611,7,0.0
コスモルビー,6,71,0.0,0.1408,8.8732,7,0.0
リリウオカラニ,6,71,0.0704,0.1549,8.3944,7,0.0
ブルーボンボヤージ,5,71,0.1127,0.3521,6.0141,7,0.0
セットプレイ,8,71,0.0563,0.1831,7.8451,7,0.0
ベットーレ,6,71,0.1831,0.4225,5.507,7,0.25
オンワードマルタ,4,71,0.0282,0.0282,9.3239,7,0.0
スイートマカロン,7,71,0.0704,0.2817,6.7465,7,0.0
アルヴェナ,7,71,0.1972,0.4225,5.2958,7,0.0
オーシャンウェイ,8,71,0.0704,0.2817,6.5775,7,0.2
ドリームライター,5,71,0.1127,0.1972,7.1408,7,0.3333
ピュアドリーム,4,71,0.0282,0.1831,8.9577,7,0.0
メイショウデンコー,4,71,0.0282,0.2254,7.5915,7,0.0
レストレスハート,8,71,0.0563,0.2535,7.9718,7,0.0
ホッコーユニバース,6,71,0.0704,0.2113,7.2817,7,0.2
エリモフェザー,4,71,0.1549,0.4225,5.7042,7,0.0
ディアエスペランサ,9,71,0.0141,0.0704,8.9859,7,0.0
スギノセンヒメ,6,71,0.0563,0.1268,7.9859,7,0.0
レックスレイノス,12,71,0.0141,0.0704,8.8169,7,0.0
エーシンラクーリエ,5,71,0.1549,0.3239,6.0282,7,0.0
フィールザロマンス,4,71,0.0423,0.2394,6.4225,7,0.0
ピエリーナ,3,71,0.1127,0.5211,4.9437,7,0.3333
ダンシングハート,5,71,0.0282,0.1268,7.3803,7,0.0
デスティニーラブ,6,71,0.0141,0.1549,8.1972,7,0.0
リコリス,7,71,0.0986,0.2254,7.4366,7,0.1429
アインライツ,8,71,0.0141,0.1268,8.0282,7,0.0
メジロルバート,4,71,0.0986,0.2535,6.0423,7,0.0
メモリーパフィア,6,71,0.1408,0.3662,5.7324,7,0.3333
トーセンフリージア,6,71,0.0563,0.4225,5.9155,7,0.0
ラグジャリー,6,71,0.0563,0.2817,6.4507,7,0.0
ヴェルヴェットクイーン,5,71,0.1268,0.5211,5.1549,7,0.0
キトゥンブルー,9,71,0.0986,0.2817,7.0141,7,0.0
ヒーラ,5,71,0.1127,0.2676,6.7042,7,0.0
フェアリーブレス,9,71,0.0563,0.169,8.9155,7,0.0
メジロトンキニーズ,7,71,0.2113,0.3803,5.169,7,0.6
ジェミーブロッサム,5,71,0.0704,0.169,8.0282,7,0.0
バンビーナココ,6,71,0.0704,0.1831,7.7465,7,0.0
エフロレス,3,71,0.0141,0.2394,6.7183,7,0.0
アヴェクトワ,6,71,0.0704,0.1408,7.9718,7,0.0
ハルダル,6,71,0.0563,0.1268,8.831,7,0.0
トピアリー,8,71,0.0704,0.169,7.9577,7,0.0
メイショウジェイ,5,71,0.0704,0.2535,6.2958,7,0.0
スピリテッドエアー,7,71,0.0,0.0563,9.5352,7,0.0
ブルーグラスチャッター,6,71,0.0704,0.1408,8.4507,7,0.3333
ラーナック,8,71,0.0282,0.1127,7.9155,7,0.2
プリンセスルシータ,6,71,0.0423,0.169,8.3099,7,0.25
ミラクルガール,6,71,0.0141,0.1972,7.8169,7,0.0
ニシノシュクラン,5,71,0.0845,0.2535,6.493,7,0.2
グラッドリー,5,71,0.1268,0.2817,7.169,7,0.0
エナチャン,5,71,0.1127,0.1831,7.2958,7,0.3333
ヤマニンメルベイユ,6,71,0.0845,0.2394,7.7324,7,0.0
プンタステラ,7,71,0.0563,0.4789,4.9577,7,0.0
ゴールドコイン,7,71,0.1268,0.2676,7.8451,7,0.0
サララ,6,71,0.0563,0.1549,8.4225,7,0.1667
タガノチャーリーズ,3,71,0.0986,0.3099,6.2958,7,0.5
ハミングライフ,6,71,0.0845,0.2817,6.2394,7,0.1667
ロスグラシアレス,6,71,0.0845,0.2254,7.4366,7,0.2
サンデーサンライズ,8,71,0.0704,0.3099,6.8592,7,0.0
ファシネートダイア,7,71,0.2394,0.5211,5.0563,7,0.5
ビクトリーレディー,7,71,0.0423,0.2394,7.8451,7,0.0
プリティタヤス,7,71,0.0423,0.1831,8.662,7,0.2
レーヴルシード,4,71,0.1268,0.4225,5.1549,7,0.0
ドゥオナー,4,71,0.0704,0.2254,7.1831,7,0.0
パーフェクトチャンス,9,71,0.1268,0.3239,6.8873,7,0.1429
アグネスフィーバー,7,71,0.0423,0.169,8.2676,7,0.0
コンポステラ,9,71,0.0563,0.1549,8.1831,7,0.125
マルカアイチャン,9,71,0.0986,0.2958,7.7746,7,0.0
ウインガイア,5,71,0.1268,0.4085,5.8592,7,0.0
アイラブリリ,4,71,0.0704,0.2817,6.6761,7,0.25
テイラーバートン,5,71,0.0423,0.2113,7.3944,7,0.0
キタノオペラ,5,71,0.0563,0.2394,7.1127,7,0.0
サンドヴィーナス,5,71,0.0845,0.2113,6.5915,7,0.0
ボールルーム,7,71,0.0704,0.3239,5.9437,7,0.0
Believe,3,71,0.2394,0.4225,6.1549,7,0.5
トレンドハンター,6,70,0.1143,0.2571,6.4429,7,0.0
アッシュベリー,7,70,0.1714,0.4143,6.1143,7,0.2
イエスオアノー,8,70,0.0286,0.1,8.2,7,0.0
サーリセルカ,7,70,0.0857,0.3571,6.3,7,0.1667
ミルクトーレル,7,70,0.0857,0.2857,7.6857,7,0.0
ダイワズーム,4,70,0.1571,0.3714,5.1857,7,0.0
リトルラブソング,5,70,0.0286,0.1571,8.7286,7,0.0
ダイワエルシエーロ,6,70,0.1,0.2857,7.4714,7,0.0
キョウワハピネス,6,70,0.0714,0.1714,9.0286,7,0.0
テイクマイアイズ,4,70,0.0143,0.1571,8.6571,7,0.0
ムーランルージュ,8,70,0.0857,0.2,8.8286,7,0.0
ダイワオンディーヌ,7,70,0.1,0.2571,7.2857,7,0.0
レッドフェザー,5,70,0.1857,0.3857,6.3571,7,0.4
ニホンピロシェリー,8,70,0.0286,0.2714,7.8429,7,0.0
プリンセスキナウ,7,70,0.1,0.1857,8.1,7,0.0
テツナゴオ,6,70,0.1143,0.2571,7.2286,7,0.1667
プリムローズレーン,6,70,0.1143,0.3429,6.2143,7,0.0
スリーサンハーツ,7,70,0.0286,0.1143,8.7286,7,0.0
ヴィクトリアズワイルドキャット,7,70,0.0857,0.2571,6.3,7,0.1667
シャンスイ,8,70,0.0857,0.2857,6.4714,7,0.1667
キシャリ,3,70,0.0143,0.1571,8.6286,7,0.0
ギエム,4,70,0.1286,0.2429,6.9571,7,0.25
ハワイアンローズ,6,70,0.0857,0.3,5.6857,7,0.0
カリブストーリー,7,70,0.0286,0.1143,7.6857,7,0.1667
マウントコブラ,6,70,0.1,0.2571,7.5,7,0.0
パリスセイリュウ,5,70,0.0429,0.2429,7.4571,7,0.0
グラッブユアハート,4,70,0.1,0.3857,6.4,7,0.0
ゴッドフェニックス,9,70,0.0714,0.2429,7.4857,7,0.1429
ストゥデンテッサ,8,70,0.0286,0.1286,7.9571,7,0.0
アースグリーン,9,70,0.0286,0.1857,8.5714,7,0.1111
ローレルデフィー,6,70,0.0714,0.2429,7.0286,7,0.0
タイムウィルテル,6,70,0.1714,0.4,5.2429,7,0.0
カンデラ,4,70,0.0714,0.2143,7.2857,7,0.0
リビングプルーフ,5,70,0.2143,0.3714,6.6571,7,0.0
マイネソルシエール,6,70,0.0714,0.1571,7.7857,7,0.0
マイネグレヴィル,5,70,0.0143,0.1714,6.9714,7,0.0
ナイキトリック,6,70,0.1143,0.2,7.4,7,0.0
スウィフトテンパー,4,70,0.1714,0.3286,6.9429,7,0.0
アクティブアクト,6,70,0.0714,0.3,8.0429,7,0.0
アンシャンタン,6,70,0.0429,0.3286,5.9714,7,0.0
アンジェリック,5,70,0.0714,0.1714,8.5286,7,0.0
アナアメリカーナ,8,70,0.1,0.2286,7.5143,7,0.2857
フレンチノワール,4,70,0.1714,0.4143,6.0,7,0.25
インザスポットライト,5,70,0.0857,0.3143,6.3714,7,0.4
リトミックダンス,8,70,0.0571,0.2286,7.7,7,0.0
ヴェスタ,4,70,0.1143,0.3143,6.3429,7,0.0
コアレスサンデー,5,70,0.0286,0.0714,8.5,7,0.0
シークレットコサージュ,6,70,0.1,0.2857,6.4,7,0.0
ローザロッサ,4,70,0.0286,0.0714,8.2857,7,0.0
リボンアート,9,70,0.0,0.0429,9.4857,7,0.0
サクラサク2,6,70,0.1,0.2143,7.2143,7,0.25
キンショーオトヒメ,5,69,0.1014,0.2319,7.2899,7,0.0
チェリーシェル,5,69,0.0725,0.1884,7.2899,7,0.0
トロピカルスイーツ,6,69,0.0435,0.2319,7.2609,7,0.0
ワキノバクシン,7,69,0.029,0.1159,8.971,7,0.3333
スプリングレイン,10,69,0.058,0.1739,7.9855,7,0.1667
ガラアフェアー,7,69,0.1159,0.3188,6.7536,7,0.2857
パーフェクトマッチ,7,69,0.1304,0.4058,5.6087,7,0.25
テイエムヨカオゴ,6,69,0.0435,0.2464,6.971,7,0.0
ズリ,3,69,0.058,0.2029,7.5217,7,0.0
ダイワパッション,10,69,0.087,0.2754,6.8261,7,0.2857
タイキクララ,3,69,0.1304,0.2754,6.8551,7,0.0
キュートネス2,5,69,0.0435,0.1304,8.9565,7,0.0
フロイラインローゼ,5,69,0.029,0.1739,7.1159,7,0.0
レディアルバローザ,4,69,0.1739,0.3623,5.8696,7,0.3333
ポップアイコン,7,69,0.1739,0.3478,6.4493,7,0.0
ラッシュカッター,7,69,0.087,0.2754,6.5652,7,0.0
コウユーヒカリママ,3,69,0.029,0.1449,7.8841,7,0.0
コイセヨオトメ,4,69,0.029,0.0725,9.5942,7,0.6667
マハーバーラタ,7,69,0.1594,0.4058,5.4058,7,0.5
トリプルアクト,5,69,0.0725,0.2464,7.8986,7,0.25
ノータブルアート,6,69,0.0435,0.3188,6.1014,7,0.0
マヤノマヤ,6,69,0.0725,0.1884,8.6667,7,0.1667
パンデリング,6,69,0.1014,0.3768,5.8986,7,0.1667
ディープラヴ,7,69,0.1449,0.3623,5.9565,7,0.0
ルナフェリーナ,5,69,0.029,0.2029,6.9275,7,0.0
コウユーキズナ,6,69,0.087,0.3188,6.6087,7,0.0
オメガグレイス,5,69,0.087,0.3333,6.5072,7,0.25
ルルパンブルー,7,69,0.1304,0.4493,5.3768,7,0.1667
ナムラアミューズ,2,69,0.0725,0.1594,7.4348,7,0.0
トーセンブリリアン,8,69,0.029,0.3768,6.058,7,0.0
スウィートデジャヴ,4,69,0.0725,0.2754,6.8841,7,0.0
エーピーサルート,6,69,0.087,0.3043,6.6377,7,0.0
ベネンシアドール,8,69,0.1014,0.4348,6.1594,7,0.1667
エンプレスロッチ,3,69,0.029,0.1739,6.7826,7,0.0
ジョディーズロマン,5,69,0.0725,0.2899,6.6957,7,0.0
ホットマンボ,8,69,0.058,0.1594,8.7971,7,0.0
ナリタカサブランカ,6,69,0.058,0.2464,7.029,7,0.0
アフロディシアス,5,69,0.0725,0.2609,7.087,7,0.0
ロックフォーティ,5,69,0.0725,0.1739,7.8116,7,0.3333
マコトコーラン,3,69,0.087,0.2609,6.8261,7,0.0
アフレタータ,3,69,0.0725,0.3333,6.4058,7,0.0
フィラストリート,3,69,0.1739,0.3478,5.5072,7,1.0
レインボーローズ,7,69,0.087,0.2174,7.2319,7,0.2
ゴットザビート,4,69,0.058,0.2029,7.2899,7,0.0
ブリッジクライム,7,69,0.0725,0.1739,7.8116,7,0.0
ゴールデンドックエー,9,69,0.1739,0.4493,5.2754,7,0.0
Eden's Causeway,3,69,0.1449,0.4928,5.1014,7,0.0
サイレントイヴ,4,69,0.0435,0.2029,8.2754,7,0.0
エリモインプレス,9,69,0.029,0.1739,7.6667,7,0.0
ハッピーラン,5,69,0.058,0.1594,7.3043,7,0.0
マウンテンエンジェル,4,69,0.058,0.2754,6.2609,7,0.0
パンデイア,5,69,0.087,0.2609,7.5797,7,0.2
モンローライン,6,69,0.0435,0.1159,7.8841,7,0.0
リードストーリー,5,69,0.058,0.3188,6.1304,7,0.0
レゾリューション,7,69,0.1014,0.3043,7.029,7,0.0
アドマイヤハッピー,6,69,0.1449,0.2029,7.3188,7,0.25
タマモメロディ,6,69,0.0725,0.2464,7.1159,7,0.0
ディルガ,5,69,0.1304,0.2464,5.7536,7,0.0
バンドゥッチ,9,69,0.0725,0.2464,7.5507,7,0.0
カイテキセレブ,7,69,0.0435,0.0725,8.2609,7,0.0
シンデレラロマンス,8,69,0.0725,0.1739,8.5652,7,0.4
レリッシュザソート,7,69,0.087,0.2464,7.0725,7,0.0
マレーナ,4,69,0.1159,0.4058,6.5942,7,0.25
ティファニーケイス,8,69,0.0435,0.1449,8.2899,7,0.0
メイショウゴウヒメ,7,69,0.1304,0.4493,5.5507,7,0.0
リネンパズル,7,69,0.0725,0.2899,6.9275,7,0.2857
エミリア,6,69,0.1014,0.2029,8.1884,7,0.25
マルヨモザー,8,69,0.1159,0.3333,6.4783,7,0.0
ゴールドエンジェル,5,69,0.058,0.2029,7.8841,7,0.0
マシュマロ,3,69,0.1304,0.3478,6.1159,7,0.0
ニシノプルメリア,10,69,0.087,0.1739,9.2754,7,0.1429
レッドスレッド,6,69,0.1159,0.3043,6.1449,7,0.0
エノラ,6,69,0.1304,0.3043,6.9275,7,0.1667
カラフルデイズ,6,69,0.1304,0.4493,5.2029,7,0.0
ビアンカシェボン,7,68,0.0882,0.2794,6.7059,7,0.0
ケトルワンアップ,4,68,0.0735,0.3088,5.7941,7,0.0
フラッテローザ,3,68,0.0588,0.4412,5.1471,7,0.0
ウィケットキーパー,4,68,0.0735,0.25,7.0294,7,0.0
マリアロワイヤル,7,68,0.1029,0.2353,7.0735,7,0.0
アーダーチャリス,4,68,0.1176,0.2794,6.6324,7,0.0
サンマルセイコー,7,68,0.0147,0.0882,10.7941,7,0.1667
ウォッチハー,4,68,0.0588,0.1471,7.4118,7,0.0
テルミドール,6,68,0.0147,0.1618,8.4559,7,0.0
ワナダンス,7,68,0.0294,0.1912,8.5882,7,0.1429
リュクスメジャー,4,68,0.0441,0.2647,7.9706,7,0.25
ワレンダラッド,5,68,0.1324,0.2353,7.3824,7,0.0
ヨーカンドパリ,2,68,0.0294,0.1324,8.0588,7,0.0
ドリームカムカム,8,68,0.1029,0.2059,9.0,7,0.3333
スワンキーポーチ,7,68,0.0294,0.2353,7.0735,7,0.0
トランプクイーン,9,68,0.0588,0.1324,7.5441,7,0.1429
ダブルアクセル,7,68,0.0588,0.2206,7.4118,7,0.0
ツインクルスター,5,68,0.0735,0.2059,7.7794,7,0.0
リトルビスケット,5,68,0.0588,0.25,7.5294,7,0.0
フラーテイシャスミス,7,68,0.0735,0.2206,6.5588,7,0.0
ケイアイデイジー,3,68,0.1324,0.3088,6.5294,15,1.0
ダイワミストレス,6,68,0.0735,0.2206,8.0441,7,0.0
シェルシーカー,9,68,0.0588,0.1471,8.2647,7,0.0
キャレモンショコラ,5,68,0.1618,0.3971,5.4412,7,0.2
セレブレイトコール,3,68,0.0294,0.1618,7.7206,7,0.0
コテキタイ,6,68,0.1471,0.3824,6.6471,7,0.0
ヴェストリーレディ,6,68,0.0588,0.3235,7.2647,7,0.3333
ニシノシルエット,9,68,0.0441,0.1618,9.8088,7,0.0
スノークラフト,5,68,0.0588,0.2206,7.1176,7,0.0
ホーマンキュート,4,68,0.0882,0.1912,8.2059,7,0.0
トーセンイレイシャ,3,68,0.0294,0.1618,8.75,7,0.0
ハシッテホシーノ,5,68,0.0882,0.2647,7.5441,7,0.0
ビバリーヒルズ,6,68,0.1029,0.3235,6.1765,7,0.3333
プロヴィナージュ,7,68,0.0882,0.2353,8.4265,7,0.1667
エスピナアスール,6,68,0.0441,0.2647,7.1324,7,0.0
ユアメモリー,6,68,0.0735,0.1618,7.5294,7,0.0
ランズエッジ,8,68,0.1471,0.3971,5.1765,7,0.0
グッドイヴニング,6,68,0.0588,0.2353,7.5441,7,0.2
クールアンフルール,9,68,0.0441,0.2353,8.0882,7,0.1667
サイレントソニック,6,68,0.1029,0.2647,7.6765,7,0.25
ファンタジックアイ,6,68,0.1029,0.2353,7.0,7,0.0
カノヤザミラクル,4,68,0.0588,0.2059,6.9118,7,0.25
ホワイトデイズ,5,68,0.0588,0.2206,8.1029,7,0.0
シルクアンフィニ,3,68,0.0588,0.1029,8.3971,7,0.0
ドリームピーチ,7,68,0.0588,0.1912,8.0294,7,0.0
ショーコ,8,68,0.1324,0.3382,6.6324,7,0.3333
サマーコード,4,68,0.1029,0.2353,8.2353,7,0.0
エポカブラヴァ,7,68,0.1029,0.2941,7.4265,7,0.0
サウスサプライズ,7,68,0.0294,0.1176,8.9706,7,0.0
スターカットジェム,6,68,0.0294,0.3235,6.0882,7,0.0
カリフォルニアネクター,6,68,0.1176,0.3971,6.1029,7,0.2
ドリームローズ,9,68,0.0294,0.1029,9.0,7,0.0
リバティープリント,4,68,0.0588,0.2206,8.0147,7,0.0
オメガスピリット,9,68,0.1176,0.2794,6.3824,7,0.4
ブライティアナイル,6,68,0.0441,0.1471,9.2647,7,0.2
ダンゼロゴールド,3,68,0.0588,0.1324,8.9706,7,0.0
ディナーブレイク,2,68,0.1912,0.4265,6.0882,7,1.0
スイートマルセル,4,68,0.1324,0.3676,6.3235,7,0.3333
エーシンラージシー,6,68,0.1912,0.3824,6.0588,7,0.25
ラブリーアリュール,6,68,0.0735,0.25,7.5588,7,0.0
ジャッキーテースト,7,68,0.1029,0.3235,6.4853,7,0.0
ラベンダーカラー,8,68,0.0147,0.1618,7.5147,7,0.0
バイオレントハート,8,68,0.1176,0.25,8.4265,7,0.0
サチノスイーティー,9,68,0.0882,0.25,7.1912,7,0.1667
ピューリティー,7,68,0.0588,0.2647,7.2059,7,0.0
レディーソルジャー,6,68,0.1765,0.5,5.3235,7,0.2
センティナリー,6,68,0.1029,0.3382,6.8676,7,0.3333
アニメイトバイオ,6,68,0.1324,0.3529,5.7941,7,0.0
レディクローリス,5,68,0.0588,0.1765,6.7353,7,0.0
コナブリュワーズ,6,67,0.1194,0.3284,7.4328,7,0.5
キャッツ,7,67,0.0746,0.209,8.5821,7,0.0
トーアビバリーヒル,3,67,0.0299,0.1642,7.3582,7,0.0
ウイッチトウショウ,4,67,0.0746,0.1343,8.6119,7,0.3333
アオゾラ,3,67,0.0597,0.2836,6.9254,7,0.0
サトノエカテリーナ,5,67,0.1194,0.2836,7.3881,7,0.0
ダンスオールナイト,5,67,0.0896,0.2388,6.791,7,0.0
ダンシングブルーム,4,67,0.0597,0.2537,6.7761,7,0.0
メジロコウミョウ,7,67,0.1194,0.2687,7.0597,7,0.1667
オールドパサデナ,5,67,0.1045,0.3881,6.5821,7,0.2
メイプルウィリング,3,67,0.0746,0.2687,6.0746,7,0.0
コーラルグリッタ,5,67,0.0299,0.1194,8.3731,7,0.0
グレートキャティ,5,67,0.0746,0.3284,6.6418,7,0.0
マイネアロマ,4,67,0.0746,0.3284,5.3284,7,0.0
メモリアルサマー,7,67,0.0597,0.209,7.5224,7,0.0
ニシノブルームーン,7,67,0.0149,0.1642,7.4328,7,0.0
スプリングシーズン2,5,67,0.0746,0.3433,6.1343,7,0.3333
オメガロンド,6,67,0.0299,0.0896,8.4478,7,0.0
ウーマンインレッド,5,67,0.1493,0.2537,8.1194,7,0.0
リターンキャスト,5,67,0.0896,0.2239,7.597,7,0.0
グレインライン,9,67,0.0896,0.1791,8.5373,7,0.0
プリンセスオブシルマー,5,67,0.1493,0.3731,5.7313,7,0.25
テルヌーヴ,5,67,0.0448,0.1343,8.8209,7,0.0
ポワティエ,5,67,0.0299,0.194,7.4328,7,0.0
ペプチドヒノトリ,5,67,0.1343,0.3284,5.9851,7,0.3333
パチャママ,6,67,0.0448,0.1791,8.0,7,0.0
ディクシージャズ,4,67,0.0597,0.2239,6.9552,7,0.0
クイックリトルミス,8,67,0.1045,0.3433,6.6269,7,0.1667
アドマイヤジュエル,7,67,0.0448,0.2537,7.1045,7,0.0
エリモパンサー,3,67,0.0597,0.209,7.8955,7,0.0
シルクプリマドンナ,5,67,0.0597,0.1791,7.8507,7,0.5
ミナレット,4,67,0.0448,0.1194,9.1642,7,0.0
クイーンアイリス,5,67,0.0746,0.2388,7.3284,7,0.0
レイナクーバ,3,67,0.0448,0.2537,6.5075,7,0.0
ポイントフラッグ,5,67,0.1194,0.2537,7.403,7,0.0
ポップチャート,6,67,0.1045,0.3433,6.8358,7,0.0
シエルルージュ,8,67,0.0896,0.2239,7.9254,7,0.0
エルサフィール,6,67,0.0746,0.1493,8.6866,7,0.1667
メイショウユウゼン,6,67,0.1791,0.403,5.9254,7,0.0
ショウナンアルス,6,67,0.0746,0.2537,7.7164,7,0.0
シルバーフォックス,5,67,0.0896,0.3134,6.9851,7,0.0
ワールドリープレジャー,4,67,0.0597,0.1642,7.5821,7,0.0
ビーナストリック,6,67,0.0299,0.0896,8.8806,7,0.2
ジューンブライド,10,67,0.0149,0.0448,9.7015,7,0.0
エスカレートバイオ,4,67,0.1194,0.2836,6.4328,7,0.25
スティーリンキッシーズ,6,67,0.0597,0.2687,6.2537,7,0.0
アルアマーナ,7,67,0.0746,0.403,6.1194,7,0.0
ダイコーマリーン,3,67,0.0299,0.194,7.7164,7,0.0
ルージュマジック,6,67,0.0448,0.209,7.4328,7,0.0
ルリニガナ,5,67,0.1045,0.194,7.1493,7,0.0
シルバートレイン,9,67,0.0746,0.2687,7.4179,7,0.1667
ブリトマルティス,6,67,0.0597,0.2687,7.0746,7,0.0
ラブジュリエット,7,67,0.0597,0.1343,8.6269,7,0.0
サラファン,6,67,0.1045,0.2239,7.2537,7,0.1667
サワヤカラスカル,4,67,0.0448,0.1493,7.0,7,0.0
ブチコ,5,67,0.2537,0.5821,3.9403,7,0.4
シンバル2,10,67,0.0746,0.2537,7.4179,7,0.0
アッチッチ,5,67,0.0448,0.1194,8.791,7,0.5
Vodka,4,67,0.1343,0.3731,6.1642,7,0.3333
エアマスカット,6,66,0.1061,0.2273,6.9242,7,0.25
マーヴェリックス,5,66,0.0758,0.2576,7.6364,7,0.0
クリノメダリスト,5,66,0.0152,0.0606,8.6667,7,0.0
ミスティーク2,7,66,0.1515,0.3182,6.9091,7,0.6
オメガカリビアン,6,66,0.0455,0.2273,6.7424,7,0.0
ハギノプリンセス,4,66,0.0303,0.2424,7.1667,7,0.0
ヨドノグレイス,5,66,0.0455,0.2121,7.8636,7,0.0
ワイルドリリー,6,66,0.0152,0.1667,7.6364,7,0.0
クレバーダンス,4,66,0.0152,0.0909,8.697,7,0.0
ウメノファイバー,7,66,0.0303,0.1667,8.1667,7,0.0
グレイスティアラ,6,66,0.0758,0.197,7.6515,7,0.0
レディチャーム,6,66,0.0,0.2424,7.0606,7,0.0
クラウンイヴ,6,66,0.0606,0.2879,6.197,7,0.0
シャラポワ,7,66,0.1364,0.3636,6.1364,7,0.0
メイシャイン,7,66,0.0909,0.2121,6.3939,7,0.0
サトノサクラ,8,66,0.0455,0.1061,8.7273,7,0.0
アスペンアベニュー,7,66,0.1061,0.2576,7.6515,7,0.5
キャサリンオブアラゴン,8,66,0.0758,0.4091,6.0152,7,0.0
ウィルパワー,4,66,0.2273,0.4394,5.1515,7,0.75
アストレアピース,5,66,0.1212,0.2879,6.2879,7,0.25
タフネススター,3,66,0.0606,0.3333,5.8788,7,0.0
Heavenly Romance,9,66,0.1364,0.2727,6.0152,7,0.0
サトノジョリー,4,66,0.0758,0.2424,6.7727,7,0.0
キャンティユッキ,5,66,0.0303,0.2273,7.7576,7,0.0
ディープサウス,5,66,0.0909,0.2576,6.8485,7,0.0
キボウ,2,66,0.0455,0.2121,7.2879,7,0.0
レッドリップス,9,66,0.0455,0.0606,10.0909,7,0.0
ピエナマーメイド,6,66,0.0455,0.1667,8.0303,7,0.0
オールザットジャズ,6,66,0.0758,0.2121,7.303,7,0.2
トシキャンディ,4,66,0.1061,0.3636,6.4848,7,0.0
ジュピターズビコー,7,66,0.1212,0.3788,6.5,7,0.1667
サクセスウイッチ,8,66,0.0606,0.197,7.697,7,0.0
ティコティコタック,6,66,0.0152,0.1667,7.5606,7,0.0
ストライキングヴェイル,6,66,0.0606,0.2424,7.5455,7,0.5
ビップピュアレディ,8,66,0.0303,0.2273,7.5,7,0.0
アクロスザライト,6,66,0.0303,0.197,7.5606,7,0.0
カグラグレイス,2,66,0.0909,0.3333,5.5758,7,0.5
タマモボレロ,5,66,0.1364,0.303,5.2121,7,0.2
マイネアルナイル,5,66,0.0606,0.2576,7.197,7,0.0
オドゥールゲラン,5,66,0.0455,0.1061,9.3182,7,0.0
ロゼッタ,5,66,0.0758,0.2424,7.3333,7,0.25
プレトリアン,5,66,0.1364,0.4242,5.8485,7,0.0
ステルス,6,66,0.0455,0.1212,7.0455,7,0.0
ニシノタカラヅカ,3,66,0.1212,0.3485,5.7273,7,0.0
エポレット,4,66,0.0606,0.3636,6.0758,7,0.0
ブライティアパルス,8,66,0.0758,0.2121,8.1212,7,0.0
ホワイトカーニバル,6,66,0.0606,0.303,5.7727,7,0.0
マカロンドナンシー,8,66,0.0606,0.2879,6.3485,7,0.0
ローマンクィーン,7,66,0.0152,0.0909,9.7121,7,0.0
リーチフォーザムーン,4,66,0.0303,0.1818,7.7424,7,0.3333
ホットレッグス,9,66,0.0606,0.1515,8.5,7,0.1667
メイショウボナール,6,66,0.0455,0.2121,7.1515,7,0.0
スイリンカ,5,66,0.0152,0.1515,8.3939,7,0.0
クールベット,8,66,0.0606,0.2121,7.8485,7,0.0
ケージーレインボー,4,66,0.0606,0.1364,7.8333,7,0.3333
セブンシークィーン,5,66,0.0455,0.197,7.803,7,0.0
ママキジャ,4,66,0.1212,0.4697,4.9242,7,0.0
サトノローズヒップ,7,66,0.0606,0.2121,7.5303,7,0.0
マドモアゼルシッシ,5,66,0.0303,0.2273,7.2727,7,0.0
レイナソフィア,8,66,0.1061,0.2727,7.197,7,0.0
ゲイリークィンビー,4,66,0.0303,0.1364,7.8182,7,0.0
ラストワルツ,9,66,0.1364,0.3636,6.8939,7,0.1429
ゼリービーン,6,65,0.1077,0.3538,6.9231,7,0.25
マヤノスターライト,5,65,0.0769,0.2615,7.0615,7,0.0
ゲイリーピクシー,6,65,0.1077,0.2462,7.1077,7,0.1667
ブーケドロゼブルー,6,65,0.0462,0.2615,6.9846,7,0.0
インナーアージ,5,65,0.1692,0.3846,5.1385,7,0.0
ケンチャメワン,4,65,0.0615,0.3231,6.4462,7,0.0
レッドターキー,5,65,0.0615,0.2923,8.0154,7,0.2
パープルストック,6,65,0.0462,0.1538,8.9231,7,0.0
デュークタイフーン,6,65,0.0923,0.3077,6.7231,7,0.0
アルテシア,7,65,0.0615,0.2154,7.9231,7,0.0
グッデーコパ,8,65,0.0769,0.2923,7.0,7,0.1667
ベターナウ,4,65,0.1077,0.3231,6.1846,7,0.0
トリニティプレイス,5,65,0.1077,0.3077,6.4769,7,0.25
ママアルパ,6,65,0.0615,0.1538,7.6769,7,0.1667
セメイユドゥヴォン,7,65,0.0462,0.1538,8.7077,7,0.0
セフティパラダイス,3,65,0.0615,0.1846,8.5538,7,0.0
リーサルヒート,7,65,0.0769,0.2462,7.3846,7,0.0
マイネクイーン,6,65,0.0154,0.1231,8.0769,7,0.2
クレバークリス,7,65,0.0462,0.1231,9.2308,7,0.1429
クレバースプリント,6,65,0.1538,0.3231,7.6,7,0.0
ナムラチアーズ,9,65,0.1077,0.1846,8.2615,7,0.125
エーシンシャイナー,4,65,0.0769,0.2,8.2308,7,0.0
ビービーバーレル,3,65,0.1231,0.4462,4.7846,7,0.0
ジョイアサーティン,2,65,0.1231,0.3692,6.3231,7,0.0
エバーローズ,8,65,0.0769,0.2462,7.0462,7,0.0
ヴァリアントレディ,9,65,0.0615,0.2154,7.9385,7,0.0
カムアラウンド,4,65,0.0308,0.1846,7.8615,7,0.0
シルキードルチェ,5,65,0.0154,0.2,8.4,7,0.0
マンドゥラ,8,65,0.1077,0.2462,7.9846,7,0.1429
モンテチェリー,5,65,0.0308,0.1231,9.2308,7,0.0
ナリタフローラ,5,65,0.0462,0.2154,7.6154,7,0.0
サウンドリアーナ,5,65,0.1231,0.3385,6.6615,7,0.0
ヒカルカグヤヒメ,7,65,0.0308,0.2308,7.9692,7,0.0
Swinging,2,65,0.0769,0.3231,6.7846,7,1.0
クリスコンフリクト,5,65,0.0462,0.2769,6.9231,7,0.0
クラッシーシャーロット,6,65,0.0308,0.1538,8.0615,7,0.0
レイカーラ,6,65,0.1538,0.3385,6.1385,7,0.6
サンキュースマイル,9,65,0.0923,0.2769,7.2615,7,0.0
ルスナイオブカラー,7,65,0.0154,0.0923,8.8,7,0.3333
マルカデスティニー,3,65,0.0923,0.2462,6.8923,7,0.0
ウインドヴェイン,3,65,0.0923,0.3385,6.4462,7,0.0
キララチュール,8,65,0.0154,0.1385,8.0154,7,0.0
ハルマッタン,4,65,0.0615,0.2462,7.3538,7,0.0
マリンブラスト,6,65,0.0769,0.1692,9.1538,7,0.0
グローバルピース,6,65,0.1692,0.4462,5.5231,7,0.0
ウインクリアビュー,5,65,0.0923,0.2769,6.7692,7,0.0
ヴォークリンデ,6,65,0.0615,0.1846,8.4462,7,0.25
ウインディアナ,2,65,0.0615,0.1846,7.2,7,0.0
スプレンダークラン,5,65,0.1077,0.3231,5.9077,7,0.2
ブルーダイアモンド,7,65,0.1538,0.3692,6.3385,7,0.0
ブラックアテナ,4,65,0.0308,0.1077,8.0462,7,0.0
スリーオーシャン,8,65,0.0615,0.1846,9.2769,7,0.0
ウインリバティ,5,65,0.0615,0.2923,7.0154,7,0.0
サクラジュレップ,2,65,0.0769,0.1692,8.7692,7,0.0
キアラ,7,65,0.0,0.0769,9.7538,7,0.0
ブライドウッド,5,65,0.0462,0.1385,7.9692,7,0.0
シャイニングアレキ,5,65,0.1077,0.1846,7.1538,7,0.0
ダンシングロイヤル,7,65,0.0769,0.1692,8.8462,7,0.0
マイネショコラーデ,5,65,0.0615,0.2308,7.5231,7,0.25
アユサン,5,65,0.1077,0.3077,7.6308,7,0.2
キャンディス,5,65,0.0769,0.2,6.9846,7,0.0
レインボークイーン,2,65,0.0615,0.2615,5.8923,7,0.0
キャトルセゾン,6,65,0.1077,0.3077,7.0,7,0.2
バートラムガーデン,8,65,0.0462,0.2462,7.7846,7,0.0
ムーンライトゼファー,4,65,0.0923,0.3231,6.4,7,0.0
グリーンヒルレッド,5,65,0.0923,0.2,7.9692,7,0.3333
サンデーミッチー,5,65,0.0615,0.2308,7.7538,7,0.0
コンフォータブル,6,65,0.0462,0.2,7.5692,7,0.0
メジャービクトリー,7,65,0.0769,0.2615,8.0308,7,0.25
フレンチドール,8,65,0.0923,0.3077,7.4615,7,0.0
アグネスリース,6,65,0.0923,0.3077,6.8,7,0.0
アーキオロジー,8,65,0.1077,0.2923,6.9538,7,0.3333
シンプリーディヴァイン,5,65,0.0769,0.2308,7.3231,7,0.25
ツーオブハート,4,65,0.1231,0.3846,6.3077,7,0.0
ディパッション,3,65,0.0462,0.1692,7.9231,7,0.0
グリーンアイズ2,6,65,0.0615,0.2308,7.5385,7,0.0
プレシャスフラワー,8,65,0.0923,0.1692,7.7538,7,0.0
カーディナルコーヴ,5,65,0.1077,0.2154,7.7846,7,0.2
メイショウオリビア,6,65,0.0462,0.1692,7.9538,7,0.0
ラブリイステラ,6,64,0.125,0.3906,6.7812,7,0.0
ネオヴェリーベリー,4,64,0.0156,0.0938,7.6406,7,0.0
ニホンピロアンバー,4,64,0.1094,0.3281,6.5781,7,0.0
Amelia,2,64,0.1719,0.4531,4.9844,7,0.5
フォワードカール,6,64,0.0469,0.0938,8.0781,7,0.0
オープンユアアイズ,4,64,0.0625,0.25,6.8281,7,0.25
シプカクラッチュ,4,64,0.0156,0.125,7.6562,7,0.0
マリアヴァレリア,3,64,0.1094,0.2969,6.2969,7,0.0
フロアクラフト,7,64,0.125,0.2812,6.3125,7,0.5
タイトルパート,4,64,0.1094,0.2969,7.2969,7,0.0
オリジナルスピン,4,64,0.1094,0.3125,6.7031,7,0.0
ラヴィアンフルール,7,64,0.125,0.3594,6.1875,7,0.0
ワイルドラズベリー,7,64,0.1406,0.4062,6.7656,7,0.1429
ザミリア,6,64,0.1719,0.3281,5.8125,7,0.4
フィオドラ,6,64,0.125,0.2969,6.2344,7,0.0
ブライトサファイヤ,5,64,0.1719,0.3594,6.0781,7,0.2
ユーワパンドラ,4,64,0.0781,0.2656,7.5938,7,0.0
アサカプティット,8,64,0.1094,0.2969,6.9062,7,0.0
ファルファラ,7,64,0.0781,0.1719,7.8125,7,0.1429
クイックセイコー,5,64,0.0469,0.2812,7.0781,7,0.3333
ヒストリックスター,7,64,0.1406,0.4219,5.5938,7,0.0
オネストリーダーリン,5,64,0.0469,0.25,8.0312,7,0.0
シルバーベル,3,64,0.0781,0.2031,8.1406,7,0.0
ルーヴインペリアル,4,64,0.0781,0.2188,6.9062,7,0.25
ノバラ,4,64,0.0312,0.1719,7.7031,7,0.0
ユメノトキメキ,5,64,0.0469,0.2656,6.5938,7,0.0
シユーマ,9,64,0.2031,0.4375,5.6406,7,0.0
アドマイヤスペース,6,64,0.0469,0.1875,7.4531,7,0.0
カメリアローズ,6,64,0.0938,0.3125,7.25,7,0.0
リバティーベル,5,64,0.125,0.2656,7.6719,7,0.0
メイショウヒメユリ,6,64,0.0469,0.25,7.5938,7,0.0
ビリーヴミー,6,64,0.125,0.3906,6.0781,7,0.0
クイーンキセキ,6,64,0.125,0.2344,7.6094,7,0.0
エバーブロッサム,6,64,0.0781,0.1719,7.0781,7,0.2
グラントリノ,6,64,0.0938,0.3438,5.7812,7,0.2
ホワイトヴェール,6,64,0.0938,0.3281,6.4688,7,0.0
ギンザクイーンビー,5,64,0.0312,0.1406,7.8125,7,0.0
リメインフォレスト,5,64,0.0469,0.1562,8.8594,7,0.0
ジルニーナ,7,64,0.0,0.0156,8.7969,7,0.0
ロジカルクィーン,4,64,0.0625,0.1562,7.3281,7,0.0
ケージーメグミ,4,64,0.0312,0.0469,9.8281,7,0.0
メイショウオスカル,7,64,0.0938,0.2344,7.7656,7,0.0
レモンリーフ,3,64,0.0312,0.125,8.2344,7,0.0
キクノセンヒメ,3,64,0.0156,0.25,6.7812,7,0.0
マイネプレセア,6,64,0.0312,0.1719,7.4844,7,0.0
ミスペンバリー,7,64,0.1562,0.4062,5.6875,7,0.0
プレザントブリーズ,9,64,0.0938,0.1875,7.125,7,0.0
グローリアスデイズ,8,64,0.125,0.3125,7.1875,7,0.0
グルヴェイグ,7,64,0.1875,0.4219,6.8125,7,0.4
グリーンダンディ,7,64,0.0312,0.1094,8.3594,7,0.0
ジュアンレパン,8,64,0.0312,0.125,8.7656,7,0.2
アドマイヤオウカ,7,64,0.0625,0.2031,6.6719,7,0.0
ストーミーウェザー,5,64,0.0312,0.25,7.0938,7,0.0
カートゥーン,2,64,0.0625,0.2031,6.2344,7,0.0
バルドウィナ,8,64,0.0625,0.2344,6.9844,7,0.2
ネバーエンディング,7,64,0.0156,0.0625,9.4688,7,0.0
プレシャスキール,2,64,0.0625,0.2656,6.0,7,0.0
ピーチドラフト,6,64,0.1094,0.3281,6.375,7,0.25
セレスタ,5,63,0.1429,0.4762,5.254,7,0.0
コスモマクスウェル,7,63,0.0476,0.127,8.2698,7,0.1667
マヤフィオーレ,6,63,0.0317,0.0635,9.2698,7,0.0
フォーモサマンボ,4,63,0.0635,0.1746,8.0794,7,0.25
ドゥーワップ,2,63,0.0476,0.2222,7.5079,7,0.0
ケリーケイズプレジャー,3,63,0.0,0.1429,8.0159,7,0.0
ケイティーズハート,7,63,0.2222,0.4921,4.7302,7,0.5
アンダンテ,4,63,0.0794,0.2381,7.2063,7,0.0
ブラックシュガー,5,63,0.0476,0.3175,6.7143,7,0.0
ミサトペニー,8,63,0.0476,0.1905,8.4444,7,0.0
ナンヨーナイト,7,63,0.0794,0.2063,8.3492,7,0.1667
グランプリオーロラ,3,63,0.0952,0.3492,6.5397,7,0.0
ギンザボナンザ,8,63,0.0794,0.2063,7.381,7,0.125
ヤマイチシキブ,6,63,0.0635,0.1746,6.9365,7,0.0
ホームスイートホーム,7,63,0.0476,0.127,7.9206,7,0.0
カナエチャン,5,63,0.0476,0.1746,8.6667,7,0.0
サウンドアメニティ,5,63,0.127,0.2381,7.4444,7,0.0
スイートリヴァー,4,63,0.0317,0.2222,8.2698,7,0.0
モンヴェール,7,63,0.1746,0.3651,6.3175,7,0.5
クラウディーハート,6,63,0.0317,0.2222,7.6667,7,0.0
クラックシード,4,63,0.0794,0.1905,7.873,7,0.5
ゴールドマッシモ,4,63,0.0794,0.254,6.7778,7,0.25
ヒカルウェイブ,5,63,0.0317,0.1429,8.0317,7,0.0
ラルナデミエル,8,63,0.0635,0.2857,6.5079,7,0.1429
ブロンシェダーム,3,63,0.0952,0.3016,6.0159,7,0.6667
チアフルドーラ,8,63,0.0317,0.0635,9.4762,7,0.0
ニシノオマージュ,5,63,0.0952,0.3016,6.3333,7,0.0
サルガソシー,6,63,0.0159,0.1111,8.4286,7,0.0
エセンテペ,6,63,0.1429,0.3175,7.5238,7,0.5714
ストレンジラブ,8,63,0.0159,0.1111,8.1746,7,0.0
ユニバーサルビーチ,4,63,0.0317,0.254,6.3175,7,0.0
マジックビクトリア,8,63,0.0159,0.1429,8.5079,7,0.125
ブルザンインディゴ,4,63,0.0635,0.1746,7.8095,7,0.25
ハイフリート,4,63,0.0635,0.2381,7.5714,7,0.0
トーアライトニング,3,63,0.0317,0.0952,8.7143,7,0.0
マルトク,5,63,0.0317,0.2222,6.6984,7,0.0
メモリアルイヤー,4,63,0.0635,0.2063,7.6508,7,0.0
リミックスアルバム,7,63,0.0,0.1111,9.2857,7,0.0
トーセンフォーユー,5,63,0.0317,0.1587,8.5397,7,0.0
ガッビア,6,63,0.0476,0.127,8.9048,7,0.0
オメガセニョリーナ,4,63,0.1111,0.3333,6.6825,7,0.0
オータムブリーズ,5,63,0.127,0.254,6.4286,7,0.3333
ファレノプシス,4,63,0.0635,0.2381,7.2063,7,0.0
ヴィクトリアアイ,6,63,0.0952,0.2698,7.7143,7,0.0
メイショウイザヨイ,4,63,0.0476,0.2381,6.8095,7,0.0
フェルガーナ,5,63,0.0794,0.2222,6.3492,7,0.0
ルナジェーナ,6,63,0.0476,0.1111,8.9841,7,0.0
ラメント,5,63,0.0635,0.2381,7.7302,7,0.0
スマートアストリア,5,63,0.1111,0.2857,6.619,7,0.0
ハギノクィーン,4,63,0.0635,0.2857,7.127,7,0.0
ワナ,5,63,0.0317,0.0952,7.9524,7,0.0
ラフィカ,7,63,0.0476,0.1746,8.2222,7,0.0
プリマビスティー,5,63,0.0635,0.2381,7.3016,7,0.0
ザガールインザットソング,5,63,0.0952,0.2698,6.4286,7,0.25
ザフェイツ,3,63,0.0794,0.3333,6.746,7,0.0
サングレアズール,7,63,0.0794,0.2222,8.4444,7,0.0
ミュージカルパレス,5,63,0.0159,0.0952,9.3016,7,0.0
ナショナルホリデー,7,63,0.0476,0.3492,7.3333,7,0.0
デザートオブムーン,3,63,0.0635,0.3016,6.1429,7,0.0
レト2,6,63,0.0317,0.1587,7.8254,7,0.0
ガールオンファイア,7,63,0.0794,0.2381,7.0317,7,0.0
メジロフォーナ,9,63,0.0159,0.2381,7.6508,7,0.0
キャロルロゼ,7,63,0.0,0.0635,8.1587,7,0.0
ディープストーリー,5,63,0.0794,0.3016,6.2381,7,0.0
ペルレンケッテ,6,63,0.0317,0.3016,6.4444,7,0.25
シーヴァージア,6,63,0.0635,0.1905,8.0635,7,0.0
コペノイコロ,5,63,0.0635,0.2381,7.4127,7,0.3333
リュウメイ,8,63,0.0794,0.2698,7.1111,7,0.125
ニューチャプター2,7,63,0.0635,0.2063,6.619,7,0.0
チャームアンサー,7,63,0.0794,0.1746,8.0952,7,0.0
センターステージ,2,63,0.0476,0.1746,7.254,7,0.0
バーンダンス,4,62,0.0645,0.2903,7.7903,7,0.0
フラニーフロイド,9,62,0.0323,0.1935,6.9194,7,0.0
コスモハート,3,62,0.0484,0.1129,7.8065,7,0.0
ユキノレイコ,4,62,0.0323,0.1613,7.8387,7,0.0
エクセレンス2,6,62,0.1452,0.3871,5.7581,7,0.2
フォーハピネス,3,62,0.0323,0.0968,7.9194,7,0.0
グリーンサンライズ,7,62,0.0484,0.1935,8.2742,7,0.0
グレイスフルアート,4,62,0.0484,0.2258,6.6129,7,0.0
トラストフェアリー,5,62,0.0323,0.2742,6.7903,7,0.0
グレイトタイミング,7,62,0.1452,0.5161,5.2419,7,0.0
タイキアプローズ,7,62,0.0806,0.2258,8.4194,7,0.1667
ワイルドアフリカ,3,62,0.0323,0.2097,7.7581,7,0.0
エターナルロマンス,5,62,0.0968,0.2258,7.3548,7,0.0
ティッカーコード,4,62,0.0645,0.2581,7.0968,7,0.25
プリティキャサリン,7,62,0.0161,0.2742,6.8226,7,0.0
バディーラ,7,62,0.0968,0.4839,5.0161,7,0.0
ローブティサージュ,4,62,0.129,0.3226,5.9355,7,0.5
ローマンエンプレス,7,62,0.129,0.2903,7.0484,7,0.1667
バリュアットリスク,5,62,0.0484,0.1935,7.5,7,0.0
エリンズハープ,7,62,0.0806,0.1935,8.0484,7,0.0
パノラマビューティ,6,62,0.0806,0.3226,6.0323,7,0.3333
ローズカリーナ,5,62,0.0806,0.2581,6.9355,7,0.0
ベリーフ,5,62,0.0484,0.1774,8.5968,7,0.0
アイヴォリーカラー,5,62,0.1613,0.371,6.8387,7,0.5
ピンクリップス,10,62,0.0968,0.2419,8.129,7,0.0
チアズスワロー,8,62,0.0968,0.2258,7.6774,7,0.1667
ジョウテンセレブ,3,62,0.0323,0.2419,6.9032,7,0.0
オグリピンキー,3,62,0.0161,0.3226,6.6129,7,0.0
オプトライアン,2,62,0.0323,0.0806,8.8065,7,0.0
メダリアダムール,6,62,0.0484,0.3065,6.5,7,0.2
タイキオードリー,7,62,0.129,0.4355,5.4032,7,0.0
フェアノータム,9,62,0.0806,0.2258,7.0323,7,0.0
タペストリー,3,62,0.0968,0.2742,7.4032,7,0.0
タバスコムスメ,7,62,0.0968,0.1613,8.1935,7,0.0
シークレットコード,7,62,0.0806,0.2419,6.4839,7,0.0
ナイツエンド,6,62,0.0806,0.129,8.4032,7,0.0
シンハディーパ,7,62,0.1452,0.2903,6.4194,7,0.0
パーシャンブルー,5,62,0.0645,0.2903,7.3065,7,0.0
アドマイヤマリン,8,62,0.129,0.371,5.7097,7,0.0
アナスタシアブルー,7,62,0.0968,0.2258,7.7903,7,0.1429
ハピネスダンサー,5,62,0.0968,0.4032,5.2903,7,0.25
カイカヨソウ,5,62,0.129,0.3387,6.0484,7,0.2
ヒミノダンス,5,62,0.0645,0.2258,7.2742,7,0.0
ホワイトピクシイ,8,62,0.0323,0.0968,10.1774,7,0.0
メイショウナゴン,6,62,0.0484,0.0968,8.9355,7,0.0
カリビアンセレブ,6,62,0.0645,0.1774,7.6935,7,0.4
アルギュロス,5,62,0.0806,0.2258,7.4032,7,0.2
アルカネット,5,62,0.0484,0.1452,7.6452,7,0.0
ショウナンアネーロ,5,62,0.0484,0.1613,8.129,7,0.0
カーリービッド,4,62,0.0323,0.1935,7.9032,7,0.0
インマイラヴ,5,62,0.0484,0.1452,8.6129,7,0.0
ブーケトウショウ,8,62,0.0484,0.1613,8.4677,7,0.125
サプレザ,5,62,0.129,0.2258,7.1129,7,0.2
アピール2,6,62,0.0484,0.1774,8.871,7,0.4
マイネジャーダ,4,62,0.0645,0.2097,7.7097,7,0.0
サトノサンシャイン,5,62,0.0484,0.2097,7.6774,7,0.0
ブロームフォンテン,7,62,0.0806,0.2419,8.4194,7,0.2
チーズマヨ,5,62,0.0323,0.1129,8.6935,7,0.0
データ,8,62,0.1452,0.2742,7.4194,7,0.3333
メアリーズガーデン,6,62,0.0323,0.1452,8.4516,7,0.0
フォーティエース,6,62,0.0645,0.2581,7.2258,7,0.0
シダクティヴリー,3,62,0.129,0.5323,5.3548,7,0.3333
アメリ,7,62,0.1613,0.3548,6.0484,7,0.5
アメジストリング,4,62,0.129,0.3548,5.3548,7,0.5
ダイワチャーム,6,62,0.0484,0.2258,8.3065,7,0.2
キャンドルアイス,5,62,0.0806,0.1774,8.2742,7,0.3333
フォーマルアプローバル,7,62,0.0484,0.1613,8.3387,7,0.0
トーホウプリンセス,5,62,0.0484,0.3065,6.3871,7,0.0
トーヨーサンバ,5,62,0.0968,0.1935,6.7419,7,0.0
サリエル,7,62,0.1613,0.371,5.1452,7,0.2
トウシンハンター,6,62,0.129,0.4032,6.0,7,0.2
プリンセスチャーム,8,62,0.0645,0.129,10.0,7,0.0
スマートアイリス,6,62,0.0806,0.2903,6.4355,7,0.0
ティファニータッチ,6,62,0.0484,0.2419,7.4677,7,0.0
イグジビットワン,6,62,0.1935,0.5161,5.1452,7,0.0
ウルトラブレンド,6,62,0.129,0.2097,7.871,7,0.3333
ユーワクイーン,3,62,0.0161,0.0806,8.9032,7,0.0
ラフォルトゥナ,4,62,0.1129,0.2742,6.8871,7,0.0
ケージーワンモア,3,62,0.0161,0.0968,7.8387,7,0.0
トロピカルタイム,4,61,0.0328,0.1967,7.459,7,0.0
レディセラヴィ,5,61,0.082,0.2951,6.5246,7,0.0
レッドマーキュリー,5,61,0.082,0.2131,7.9836,7,0.3333
ハレクラニ,4,61,0.0164,0.0984,7.918,7,0.0
マチカネエンジイロ,6,61,0.0656,0.2623,7.2787,7,0.0
ユメノハコブネ,2,61,0.0656,0.2295,7.1967,7,0.0
プリティメイズ,5,61,0.0656,0.1311,7.7049,7,0.0
トウヨウテースト,1,61,0.0328,0.1803,6.7869,7,0.0
クァンタムミス,8,61,0.0984,0.3115,7.0164,7,0.1429
クイーンオブナプレス,5,61,0.0656,0.2295,6.4262,7,0.3333
パッシフローラ,7,61,0.0492,0.2295,8.6393,7,0.0
ラピーダシャリナ,8,61,0.0984,0.2295,8.4754,7,0.0
ロベルタ,8,61,0.082,0.2459,7.1803,7,0.1111
ハービンジャーラス,5,61,0.0492,0.2131,7.5574,7,0.0
サブラタ,7,61,0.0492,0.1475,7.6393,7,0.0
サムワントゥラブ,4,61,0.1148,0.2951,6.918,7,0.3333
マイネイディール,5,61,0.0164,0.1967,8.0328,7,0.0
ミネルバサウンド,9,61,0.0656,0.1967,8.0984,7,0.0
ノーブルウーマン,4,61,0.0164,0.0656,9.3934,7,0.0
クリスビーナス,3,61,0.1311,0.3443,6.918,7,0.5
アランフェスロマン,6,61,0.0492,0.1967,7.9016,7,0.0
サニーデイサンデー,6,61,0.0164,0.0984,7.3115,7,0.0
ボンビバン,5,61,0.0656,0.1967,7.4918,7,0.25
フローラルカーヴ,7,61,0.0328,0.1803,6.8197,7,0.0
ツクバエルドラド,5,61,0.0492,0.2131,6.6066,7,0.0
アイランドファッション,6,61,0.1311,0.3607,6.1475,7,0.1667
ピッツネイル,4,61,0.0656,0.2459,6.7049,7,0.5
シアリアスバイオ,5,61,0.0656,0.2459,7.1639,7,0.0
イチゴイチエ,4,61,0.1148,0.3279,6.7869,7,0.0
ギャラリートーク,6,61,0.0984,0.2951,6.5574,7,0.0
ラナンキュラス,8,61,0.082,0.1803,8.0492,7,0.1429
カフェヒミコ,4,61,0.1148,0.3115,6.1148,7,0.25
フローリオット,6,61,0.0656,0.2623,6.2787,7,0.0
イースターアイランド,5,61,0.082,0.2623,7.1475,7,0.0
カフェピノコ,2,61,0.0984,0.2623,7.7705,7,0.0
タンタスエルテ,6,61,0.0984,0.3115,5.623,7,0.0
エビスオール,7,61,0.0984,0.1803,8.6393,7,0.2
リントス,6,61,0.1311,0.2623,6.4918,7,0.2
ブルーミングスノー,7,61,0.0492,0.1639,9.7213,7,0.1667
アンティックドール,8,61,0.082,0.1967,8.5246,7,0.1667
サクセスストレイン,6,61,0.0328,0.1148,8.6557,7,0.0
アドマイヤマダム,5,61,0.082,0.1803,8.623,7,0.0
ナムラネネ,5,61,0.0492,0.2131,6.6066,7,0.0
ゴールドグローリー,4,61,0.2131,0.459,5.4098,7,0.0
ナムラカエデジョウ,6,61,0.0328,0.1475,7.8525,7,0.0
ジョイフルスマイル,7,61,0.0328,0.0984,9.1803,7,0.1667
ペニーホイッスル,5,61,0.1148,0.2787,6.6557,7,0.0
オナーリーブ,5,61,0.0656,0.1967,7.3934,7,0.0
ラブリーバローズ,6,61,0.0,0.0492,9.6066,7,0.0
ナミダガキラリ,4,61,0.0656,0.1967,6.8689,7,0.0
アンジュエ,7,61,0.1311,0.3607,5.4426,7,0.3333
ハッピーダイアリー,7,61,0.0328,0.1803,7.5738,7,0.0
シーガルサリー,8,61,0.0328,0.1639,8.0,7,0.2
チャールストンハーバー,5,61,0.1148,0.2295,7.1967,7,1.0
マルカジュリエット,6,61,0.0328,0.1967,7.3115,7,0.0
マルカパール,4,61,0.0492,0.1639,7.9344,7,0.0
ヤマニングロワール,8,61,0.0492,0.1803,8.2459,7,0.0
バレエブラン,7,61,0.0656,0.2623,6.8852,7,0.0
スリールドランジュ,7,61,0.0492,0.1803,8.5574,7,0.0
スナークスズラン,3,61,0.0492,0.1967,7.1475,7,0.0
ヒルダズパッション,8,61,0.1803,0.3115,6.623,7,0.5714
マルバイユ,4,61,0.1475,0.4098,5.5574,7,0.0
エリモアテナ,3,61,0.0492,0.1148,7.9672,7,0.0
スカーレットダイヤ,6,61,0.0164,0.2295,7.1475,7,0.0
ローマンブリッジ,7,61,0.082,0.2459,7.4754,7,0.0
エラドゥーラ,3,61,0.082,0.3115,6.6066,7,0.3333
フェリアード,5,61,0.0492,0.2459,6.8361,7,0.0
ローリエ,5,61,0.0656,0.1475,8.6066,7,0.0
ミスアイーカメ,7,61,0.0164,0.1311,7.8852,7,0.0
ロリーフォードリー,7,61,0.082,0.2787,6.2131,7,0.0
フレイムミーティア,3,61,0.0656,0.4098,6.1475,7,0.0
トップコマチ,6,61,0.082,0.2623,7.1967,7,0.0
シーエンプレス,6,61,0.0656,0.1967,7.623,7,0.0
オンケンバヤソワカ,3,61,0.0164,0.0656,9.0984,7,0.0
バイカターキン,5,61,0.1967,0.3934,5.9508,7,0.2
カシノエスケイプ,10,61,0.0492,0.1148,9.9672,7,0.0
カトマンドゥ,6,61,0.1311,0.3934,5.9344,7,0.1667
セトノウインド,4,60,0.05,0.2667,7.65,7,0.0
ケープジャスミン,7,60,0.05,0.1833,8.4,7,0.1667
ケイエスアカリ,8,60,0.1333,0.1667,8.4667,7,0.2857
ホワイトクルーザー,5,60,0.1667,0.3833,6.6333,7,0.5
ドルチェリモーネ,6,60,0.05,0.2167,7.4333,7,0.0
ホーマンフリップ,3,60,0.1167,0.25,6.8333,7,0.3333
カラヴィンカ,7,60,0.0833,0.3,6.7667,7,0.2
マイネカプリース,6,60,0.05,0.1333,8.7833,7,0.0
ラハイナ2,5,60,0.0833,0.3333,6.7667,7,0.0
ネオクラシック,3,60,0.1167,0.3333,6.4,7,0.0
レティセントガール,9,60,0.05,0.1833,7.8833,7,0.1429
ハイエストホワイト,5,60,0.0667,0.2667,6.95,7,0.3333
フォトジェニック,8,60,0.1333,0.2333,7.6833,7,0.0
スペクトロライト,7,60,0.1167,0.2667,7.75,7,0.0
スパニッシュクイーン,6,60,0.1,0.25,7.1667,7,0.0
フサイチパンドラ,7,60,0.2333,0.4667,5.2,7,0.0
トシザサンサン,6,60,0.0167,0.1,8.0333,7,0.0
アスピリンスノー,3,60,0.0667,0.15,7.5333,7,0.0
ウエストコースト,7,60,0.1,0.2333,7.25,7,0.0
ユキチャン,8,60,0.1667,0.3833,6.3167,7,0.4286
ワイキキブリーズ,7,60,0.05,0.1167,9.8167,7,0.1667
ブリーボーンズ,8,60,0.0667,0.15,8.5833,7,0.2
ヤマニンラレーヌ,8,60,0.1,0.25,7.7167,7,0.0
マストバイアイテム,4,60,0.3,0.5333,4.3333,7,0.5
リングネブラ,6,60,0.1833,0.35,5.65,7,0.1667
リズムオブザレイン,7,60,0.0333,0.1667,7.8,7,0.0
ブリュネット,7,60,0.0667,0.2667,6.1333,7,0.0
スカーレットレディ,6,60,0.0167,0.2833,6.8167,7,0.0
エポカローザ,6,60,0.0667,0.2833,7.6,7,0.0
エルメスグリーン,6,60,0.1333,0.25,7.9667,7,0.1667
モンルージュ,7,60,0.0333,0.1167,9.9667,7,0.0
アンナモンダ,7,60,0.1667,0.3333,6.7167,7,0.0
スイートリトリート,6,60,0.05,0.1833,8.7333,7,0.0
クードヴァン,5,60,0.0,0.1167,7.4167,7,0.0
ワイメア,7,60,0.0333,0.1167,8.7833,7,0.0
スターデュエット,6,60,0.05,0.1667,8.85,7,0.0
ローレルアイ,4,60,0.05,0.1167,8.6333,7,0.0
スルーザシーズン,6,60,0.05,0.1667,9.4167,7,0.0
エイシンスイーツ,4,60,0.1,0.3,6.15,7,0.0
ユウサンポリッシュ,8,60,0.0,0.0333,10.0333,7,0.0
アコースティクス,7,60,0.1,0.2167,6.8667,7,0.5
ハンドスター,5,60,0.15,0.35,6.7,7,0.4
トップライナー2,7,60,0.0667,0.1667,8.4667,7,0.3333
シャリオドール,5,60,0.0833,0.2,7.0667,7,0.2
カルブンクルス,6,60,0.05,0.1833,8.0833,7,0.0
ミルフォードスバル,5,60,0.0833,0.1667,8.3167,7,0.3333
キングスベリー,7,60,0.1833,0.4333,5.45,7,1.0
アミリス,7,60,0.0833,0.25,6.85,7,0.0
トゥハーモニー,4,60,0.2333,0.4333,5.85,7,0.3333
ギブミーアチャンス,4,60,0.0333,0.2667,6.9167,7,0.0
サンセットロード,4,60,0.0,0.0333,9.1,7,0.0
レオソレイユ,5,60,0.05,0.2333,8.1667,7,0.0
ミンティエアー,8,60,0.1167,0.2,7.5333,7,0.4
ドライアッド,5,60,0.0667,0.2,6.9,7,0.0
サフランカーネギー,5,60,0.1,0.2833,8.0333,7,0.25
ミスラゴ,7,60,0.05,0.15,8.9167,7,0.0
ラスリングカプス,5,60,0.0333,0.1167,8.7,7,0.0
シャンボールフィズ,7,60,0.1333,0.2667,7.7167,7,0.1429
アサクサロータス,9,60,0.0167,0.05,9.3167,7,0.0
レディマールボロ,7,60,0.05,0.2,8.25,7,0.0
ミスセレンディピティ,5,60,0.0667,0.3,6.8333,7,0.0
リエートフィーネ,4,60,0.05,0.2,6.7167,7,0.0
レディパッション,4,60,0.0333,0.1833,8.15,7,0.0
ウインクルグラス,7,60,0.0667,0.2,8.0667,7,0.0
カシュカシュ,7,60,0.1333,0.3833,6.7,7,0.0
マオリオ,5,60,0.1,0.25,7.5,7,0.0
エーゲリア,4,60,0.1667,0.3667,5.9167,7,0.5
アドマイヤリッチ,4,60,0.1333,0.2667,7.3,7,0.5
マキノチーフ,2,60,0.0167,0.1667,8.4167,7,0.0
アドマイヤシルク,5,60,0.0333,0.25,7.05,7,0.0
メジロドーベル,3,60,0.15,0.4167,5.5667,7,0.0
シーアクトレス,4,60,0.0667,0.2,8.3333,7,0.0
カツラドライバー,9,60,0.05,0.1667,9.0,7,0.0
ヴァルネリーナ,3,60,0.05,0.1667,8.4167,7,0.0
シルククインビー,6,60,0.0667,0.1167,7.2833,7,0.0
マイネボヌール,4,60,0.1167,0.45,5.0,7,0.25
ミスエンピリカル,5,60,0.05,0.2667,7.6,7,0.0
ヴィアメディチ,5,60,0.1667,0.4,5.85,7,0.25
ハロウィンパレード,4,59,0.0169,0.0508,9.1695,7,0.0
マリーンウィナー,5,59,0.1525,0.3898,6.5254,7,0.5
サルヴァドール,4,59,0.0508,0.2542,7.2373,7,0.0
カネトシキフジン,5,59,0.0847,0.2373,7.339,7,0.0
ピクシーホロウ,6,59,0.1864,0.4915,5.678,7,0.25
カリオンレディ,4,59,0.0678,0.2542,8.4407,7,0.0
ホーネットピアス,3,59,0.0847,0.2373,7.6949,7,0.0
ボムシェル,8,59,0.0339,0.2203,7.8475,7,0.0
カレンオプシス,4,59,0.1017,0.2881,6.3559,7,0.6667
シュプリームギフト,7,59,0.1525,0.2881,6.7119,7,0.4286
レイテッド,5,59,0.0678,0.2034,7.4746,7,0.3333
ヴィルジニア,5,59,0.1186,0.2712,8.3729,7,0.5
インシステント,3,59,0.0678,0.1356,9.2542,7,0.0
レギンレイヴ,7,59,0.0169,0.1525,9.678,7,0.0
マイスクエアワン,5,59,0.0847,0.2373,7.1864,7,0.0
キクノハヤブサ,10,59,0.0,0.0678,8.8983,7,0.0
メイクデュース,5,59,0.0508,0.1525,7.5932,7,0.0
シナスタジア,6,59,0.1864,0.322,7.7288,7,0.0
セラフィーヌ,7,59,0.0339,0.2034,6.7966,7,0.0
シニスタークイーン,5,59,0.1525,0.4068,6.5254,7,0.0
ラヴフルーヴ,3,59,0.0847,0.1864,8.8475,7,0.0
レディバラード,8,59,0.1356,0.3559,5.7288,7,0.1667
ファイネストシティ,5,59,0.0508,0.2203,6.5085,7,0.0
ハリケーンタマ,6,59,0.0678,0.1695,8.2542,7,0.4
ユキノレッシャ,4,59,0.0169,0.0169,10.5085,7,0.0
フレンチビキニ,5,59,0.1695,0.2881,6.8644,7,0.6667
マルヨパトリオット,6,59,0.0678,0.1017,9.8644,7,0.0
オジャグワ,5,59,0.1017,0.2542,7.1017,7,0.0
ネーラペルレ,6,59,0.0678,0.3729,6.4915,7,0.0
ディーズハイビガー,5,59,0.0339,0.2034,7.678,7,0.0
ナイストップクイン,3,59,0.1525,0.322,6.5254,7,0.0
ツルマルアイ,5,59,0.0847,0.2373,8.2881,7,0.0
メイショウフロリナ,6,59,0.0,0.0678,8.7627,7,0.0
メイショウマリア,5,59,0.0678,0.1356,9.0678,7,0.0
タマモマナムスメ,7,59,0.1356,0.2881,7.7288,7,0.2
ベネフィット,5,59,0.1017,0.3051,8.1525,7,0.2
ベルグラーノ,4,59,0.0508,0.2203,8.1525,7,0.0
アウロラハート,3,59,0.0847,0.2712,7.2203,7,0.0
モアザンベスト,5,59,0.1017,0.3051,7.0339,7,0.0
ゴールドフォレスト,4,59,0.1525,0.339,6.3729,7,0.75
クーデンビーチ,8,59,0.1186,0.2542,6.8475,7,0.0
ビーナスライン,7,59,0.0169,0.1017,9.0169,7,0.0
ヤマガール,3,59,0.0847,0.3051,7.1186,7,0.0
ローブドヴルール,3,59,0.0678,0.2034,7.6949,7,0.0
タガノバトラ,6,59,0.0847,0.2881,6.8814,7,0.0
ルイーズ,5,59,0.0678,0.1864,7.0169,7,0.0
バタラバ,6,59,0.0169,0.0847,10.1695,7,0.0
ローランシノワーズ,2,59,0.0339,0.1864,7.6271,7,0.0
ワイ,8,59,0.0678,0.2712,6.5763,7,0.125
ヘヴンリーヴォイス,5,59,0.0847,0.339,6.7119,7,0.25
スズカカラーズ,6,59,0.0,0.1695,8.4237,7,0.0
エフエロッチ,3,59,0.0508,0.1186,8.4407,7,0.0
エディン,6,59,0.1186,0.2712,6.7966,7,0.1667
ティッカーテープ,7,59,0.1525,0.3559,6.0678,7,0.2
ゴールデンオーラ,5,59,0.0508,0.1864,8.0678,7,0.0
レディプリンセス,5,59,0.0678,0.2203,7.1356,7,0.0
グルーヴァー,3,59,0.0339,0.2034,6.2203,7,0.0
ゼットフウリン,5,59,0.1017,0.322,7.9492,7,0.0
マルシアーノ,5,59,0.1017,0.1864,7.2203,7,0.3333
ワイルドゲッツ,5,59,0.0847,0.1695,8.0339,7,0.0
アースサウンド,7,59,0.1186,0.2373,8.0508,7,0.0
プリティプリンセス,7,59,0.0508,0.2881,7.7627,7,0.0
ハイマーク,9,59,0.0339,0.1695,9.2542,7,0.0
ニホンピロアブミ,8,59,0.0678,0.0847,9.7288,7,0.1667
ライクザウインド,5,59,0.0678,0.2203,8.0678,7,0.0
アッシュケーク,6,59,0.0678,0.2373,6.4915,7,0.3333
スリリングヴィクトリー,9,59,0.0169,0.1356,7.1525,7,0.0
アサンブラージュ,2,58,0.0517,0.1552,8.0862,7,0.0
チアフル,4,58,0.0862,0.1897,7.0862,7,0.5
マストゥドウ,8,58,0.0172,0.1897,7.6034,7,0.0
ウインドクラスト,3,58,0.1552,0.3276,5.1724,7,0.5
ホワイトローズ2,4,58,0.069,0.3966,6.1207,7,0.0
シルキーラグーン,4,58,0.2241,0.5,4.931,7,0.3333
シャムロッカー,4,58,0.1379,0.5,4.3103,7,0.3333
ブセナ,4,58,0.0345,0.2759,6.8103,7,0.0
ハローレイチェル,3,58,0.0862,0.2241,6.6207,7,0.5
レッドシャンデル,7,58,0.0862,0.2931,6.9138,7,0.0
エスジーボナンザ,5,58,0.0345,0.1724,7.6552,7,0.0
クールネージュ,6,58,0.1034,0.3621,7.3793,7,0.0
ウインプリメーラ,5,58,0.0172,0.1207,7.4828,7,0.0
アイノココロ,3,58,0.0862,0.2586,7.3621,7,0.0
ワンサイドゲーム,7,58,0.069,0.1207,8.7931,7,0.0
アウグスタ,3,58,0.0517,0.1724,7.069,7,0.0
フェステロマーネ,5,58,0.0517,0.1379,7.6724,7,0.0
エアリーチューン,4,58,0.0345,0.0862,7.9655,7,0.0
グレートハーベスト,4,58,0.1207,0.2414,7.3276,7,0.0
ヘリテージゴールド,6,58,0.069,0.1724,8.1379,7,0.25
シャイニングビュー,7,58,0.0,0.0517,9.431,7,0.0
シルクシンフォニー,4,58,0.1034,0.3448,5.7241,7,0.0
セリメーヌ,5,58,0.1034,0.1897,8.0,7,0.0
ブーケティアラ,5,58,0.069,0.1897,8.0345,7,0.0
メイショウアゲハ,7,58,0.069,0.1552,7.6897,7,0.0
テンザンオトヒメ,8,58,0.1034,0.1724,9.8276,7,0.0
プリンセスゴーラン,3,58,0.0172,0.3276,6.3966,7,0.0
デルマユリア,8,58,0.0,0.1379,9.069,7,0.0
レディーノパンチ,3,58,0.1379,0.2241,8.0345,7,0.0
ナリタシークレット,7,58,0.0517,0.2241,8.6207,7,0.2
ソウタツ,3,58,0.0517,0.069,9.5172,7,0.0
パリュール,5,58,0.0862,0.2241,6.5517,7,0.25
パリーナチャン,5,58,0.069,0.2759,6.0,7,0.0
ウエスティンタイム,3,58,0.0,0.1034,7.6034,7,0.0
ヒシエリート,3,58,0.1034,0.3103,6.7586,7,0.0
ケンホープ,6,58,0.1034,0.3276,6.5862,7,0.0
ラヴィーズラヴィン,8,58,0.0345,0.1034,8.5862,7,0.2
パールブロッサム,6,58,0.069,0.1379,7.5862,7,0.4
ヴァドヴィーツェ,6,58,0.0345,0.0862,10.4655,7,0.0
エレガントトーク,4,58,0.069,0.2069,7.7069,7,0.0
ティアーモ,6,58,0.1034,0.2414,7.1897,7,0.1667
グワダラハラ,6,58,0.0862,0.3276,6.2586,7,0.0
スイートアスペン,5,58,0.0172,0.1034,9.1379,7,0.0
スイートウィリアム,6,58,0.0345,0.0862,9.7241,7,0.0
エンゼルジョーカー,5,58,0.0862,0.2586,7.1034,7,0.0
タケイチゼット,3,58,0.0517,0.1552,8.8276,7,0.0
ルスナイサンバ,8,58,0.0172,0.069,9.7759,7,0.0
ユールフェスト,6,58,0.1034,0.2586,7.6379,7,0.3333
ミトス,6,58,0.1379,0.3966,6.0862,7,0.1667
ピュアプレジャー,6,58,0.0862,0.2069,7.7586,7,0.2
シシリアンブリーズ,6,58,0.0345,0.1897,6.6897,7,0.0
トーホウガイア,8,58,0.0517,0.2586,6.1207,7,0.0
アフレイタス,6,58,0.069,0.2069,8.1552,7,0.0
リアライズナラック,6,58,0.0517,0.1552,8.4483,7,0.25
エーシンリターンズ,7,58,0.0517,0.3621,5.7414,7,0.0
ビービーシグナス,2,58,0.0517,0.2759,6.8276,7,0.0
タケショウレジーナ,4,58,0.1552,0.3793,6.5172,15,1.0
クインポルカ,6,58,0.0517,0.2241,7.7241,7,0.0
マイネアラベスク,4,58,0.0345,0.2241,6.9483,7,0.0
ノヴァホーク,5,58,0.1207,0.2931,7.431,7,0.0
リミッターブレイク,3,58,0.1552,0.2931,7.8448,7,0.0
イエスアイキャン,4,58,0.0172,0.0862,8.069,7,0.0
サンエルピス,5,58,0.0862,0.2241,6.8966,7,0.2
ラティール,5,58,0.069,0.2241,7.8621,7,0.0
キングダンサー,5,58,0.1207,0.2586,6.3103,7,0.2
パシティア,4,58,0.0862,0.2759,7.069,7,0.25
ダノンジャンヌ,6,58,0.1207,0.4138,5.2414,7,0.0
キョウエイデビュー,3,58,0.069,0.1897,7.2414,7,0.0
ビジャリカ,7,58,0.0517,0.1034,8.8793,7,0.2
ザリーン,5,58,0.0345,0.3276,6.431,7,0.0
ヴォルドニュイ,7,58,0.0862,0.4655,5.7241,7,0.1429
マルモリバニー,6,58,0.1379,0.3276,7.6724,7,0.0
ハーランズロマン,5,58,0.069,0.1897,8.4483,7,0.0
ショウナンパンドラ,6,58,0.1034,0.2069,6.9138,7,0.2
カレンママ,6,58,0.1034,0.2759,6.7931,7,0.0
アルカンジュ,6,58,0.0345,0.1379,8.0517,7,0.0
プティプランセス,4,57,0.1404,0.2982,6.7544,7,0.25
ニホンピロコナユキ,6,57,0.0351,0.1579,8.5439,7,0.0
シュフルール,8,57,0.0526,0.1404,8.6491,7,0.0
ラシーク,4,57,0.1053,0.1579,6.807,7,0.3333
ヴィルシーナ,4,57,0.1754,0.386,6.0877,7,0.0
ミメティコ,4,57,0.0,0.0526,9.5439,7,0.0
レイオブライト,6,57,0.0175,0.1053,8.9123,7,0.0
ロジディオン,2,57,0.0702,0.2105,8.0526,7,0.0
マルカフローリアン,6,57,0.0351,0.1754,7.0877,7,0.0
アースウイザード,5,57,0.0,0.2456,7.3333,7,0.0
アースシンボル,6,57,0.0351,0.0877,8.3158,7,0.0
ストロングレダ,6,57,0.0702,0.2807,7.2105,7,0.0
マジェスティッククオリティ,5,57,0.0877,0.2105,6.7018,7,0.25
ウォークロニクル,4,57,0.0526,0.2807,6.3333,7,0.0
チチンプイプイ,4,57,0.0175,0.0351,10.0175,7,0.0
オーガストウェイ,7,57,0.0351,0.1754,7.9649,7,0.0
アルレシャ,5,57,0.0702,0.2105,7.4035,7,0.0
ポンテディリアルト,8,57,0.0351,0.0877,9.1404,7,0.0
ココロノアイ,5,57,0.0351,0.0877,8.5789,7,0.25
コスモフォーチュン,5,57,0.0351,0.1228,8.7544,7,0.0
クイーンオブトロイ,6,57,0.0526,0.2982,7.193,7,0.0
マイネエストレヤ,6,57,0.0351,0.1754,8.4211,7,0.0
オスカルフランソワ,5,57,0.0702,0.1754,8.7895,7,0.0
インドリヤ,4,57,0.1053,0.3158,7.5088,7,0.0
アクティビスト,3,57,0.0175,0.2105,7.5614,7,0.0
エールドクラージュ,5,57,0.1404,0.2281,8.386,7,0.5
アクアリング,7,57,0.1579,0.3333,7.3509,7,0.5
タケカワルキューレ,7,57,0.0175,0.1053,9.0,7,0.0
ウイニングティアラ,9,57,0.0175,0.193,8.4386,7,0.0
マイダイナマイト,6,57,0.0351,0.1579,8.5789,7,0.0
サンテミリオン,8,57,0.0175,0.1053,8.0351,7,0.0
バイタルスタイル,7,57,0.0351,0.193,7.7368,7,0.0
ハニーパイ,4,57,0.0877,0.3333,6.3684,7,0.0
トロピカルフラワー,6,57,0.0351,0.1579,8.0877,7,0.0
オルレアンノオトメ,9,57,0.0175,0.1053,9.4035,7,0.0
ダノンスズラン,7,57,0.0877,0.2632,7.7193,7,0.0
エーシンベロシティ,6,57,0.1228,0.2105,8.4561,7,0.2
スプレンダー,6,57,0.0351,0.1053,8.6316,7,0.0
アルバローズ,7,57,0.0351,0.1579,8.2456,7,0.0
ピリカ,6,57,0.0877,0.386,6.1404,7,0.25
レッドフィオーレ,6,57,0.0175,0.1404,7.4737,7,0.0
ノードラメール,4,57,0.0877,0.3158,6.9825,7,0.0
パストフォリア,5,57,0.1053,0.2807,6.807,7,0.3333
クリスティロマンス,8,57,0.0526,0.1053,9.7544,7,0.0
フェスティブシャン,3,57,0.0702,0.1754,8.0526,7,0.0
ルヴァーガール,7,57,0.0526,0.1579,7.7544,7,0.0
プラチナベール,5,57,0.0351,0.1053,8.9825,7,0.0
ボージェスト,6,57,0.1579,0.3333,5.807,7,0.3333
スウィートクレメンタイン,4,57,0.0351,0.1404,8.8596,7,0.0
フェスティヴマロン,6,57,0.0351,0.1754,8.1053,7,0.0
イングリッド,4,57,0.1228,0.4035,5.807,7,0.0
ビワハイジ,4,57,0.1053,0.2632,7.2105,7,0.0
ミルククラウン,7,57,0.0526,0.193,8.0175,7,0.0
ピュアティー,5,57,0.0175,0.0351,9.6316,7,0.0
ブランカ,5,57,0.0877,0.2632,7.7368,7,0.25
エーシンアマゾーン,5,57,0.1404,0.3684,5.4912,7,0.0
サトノジュピター,6,57,0.0877,0.2807,6.4211,7,0.4
リーフィーウッド,5,57,0.1228,0.2632,7.7895,7,0.0
エンジェヌー,5,57,0.1228,0.3333,6.6491,7,0.0
サバナパディーダ,6,57,0.0702,0.2632,7.614,7,0.2
メイユーブルーム,6,57,0.0702,0.2456,7.5263,7,0.0
キミホウセキ,4,57,0.0351,0.0877,9.7018,7,0.0
ダストアンドダイヤモンズ,5,57,0.2632,0.4561,4.614,7,0.25
ファーストレディ,3,57,0.1754,0.4211,5.8421,7,0.6667
シェアザストーリー,8,57,0.0877,0.2456,6.6667,7,0.1429
ホウライビクトリア,3,57,0.0702,0.1579,7.9298,7,0.0
イシス,6,57,0.1228,0.3158,6.0526,7,0.0
ウィズペイシェンス,6,57,0.0351,0.1053,9.7018,7,0.0
ウインディーギフト,2,57,0.0702,0.2807,6.5789,7,0.0
ヤマシロギク,5,57,0.0351,0.1404,7.9649,7,0.0
レッドダイヤモンド,5,57,0.0526,0.1579,8.4912,7,0.0
ルージュバンブー,5,57,0.0526,0.2456,7.1404,7,0.0
マヤノメメント,4,57,0.1053,0.2105,7.2281,7,0.0
メイショウナナイロ,6,57,0.0526,0.193,7.193,7,0.2
ブルーモーメント,7,57,0.0877,0.1754,7.193,7,0.3333
ワンダーフウラン,8,57,0.0526,0.1404,8.0175,7,0.0
アドマイヤアロング,6,57,0.0526,0.1579,7.4912,7,0.0
プロクリス,5,57,0.1053,0.2807,6.8246,7,0.25
エスジーアンクル,6,57,0.0526,0.2807,6.5088,7,0.0
アジアンミーティア,8,57,0.0702,0.2807,7.614,7,0.0
ウイングドキャット,4,57,0.0877,0.2632,6.9298,7,0.5
チアフルアイズ,3,57,0.0351,0.193,7.5614,7,0.0
ワンダーノンブーレ,7,57,0.0351,0.2281,8.2105,7,0.0
ウイントゥルーラヴ,9,57,0.0351,0.1053,9.4211,7,0.0
アグネスバラード,10,57,0.0526,0.0702,11.5088,7,0.0
ロジャーズスー,6,57,0.1053,0.3158,7.2456,7,0.2
スパンゴールド,5,57,0.0526,0.2281,7.1053,7,0.0
エアワンピース,6,57,0.1228,0.3684,5.5088,7,0.0
ハナガスミ,7,57,0.0,0.1404,7.7895,7,0.0
クレーンズラヴァー,4,57,0.0526,0.1579,8.614,7,0.0
シルクアイリス,7,57,0.1053,0.2807,6.4211,7,0.1429
シルクプリズム,6,57,0.0,0.2105,6.4912,7,0.0
レッドクラウディア,5,57,0.0877,0.193,8.0351,7,0.0
タガノミューチャン,5,57,0.1053,0.3158,6.5263,7,0.2
サザンスピード,7,57,0.0877,0.3333,6.5263,7,0.0
スウェプトレジーナ,6,57,0.0877,0.1053,9.0877,7,0.25
イゾラトウショウ,4,57,0.0526,0.1228,9.614,7,0.0
ピンウィール,7,57,0.0877,0.2982,6.8772,7,0.0
ユウキャラット,5,57,0.0175,0.1579,6.8596,7,0.0
ブライティアガール,5,57,0.0175,0.1228,9.8246,7,0.0
ホシノキンカ,2,57,0.0702,0.2456,8.3333,7,0.0
レスレクシオン,4,56,0.0536,0.2143,8.9107,7,0.0
ケイティローレル,6,56,0.1071,0.3393,6.4821,7,0.0
デイトナイト,4,56,0.0714,0.2679,7.8571,7,0.0
サンビスタ,6,56,0.1786,0.4107,5.5714,7,0.0
キーラッキー,1,56,0.0357,0.2679,7.6964,7,0.0
ビーポジティブ,4,56,0.1071,0.3036,6.2857,7,0.0
ミリオンウィッシーズ,5,56,0.1786,0.4464,5.25,7,0.4
ハナマル,6,56,0.0714,0.3036,6.4286,7,0.2
キラリダイヤモンド,7,56,0.0536,0.3214,6.625,7,0.0
ファーストサイト,5,56,0.0357,0.0893,8.6429,7,0.3333
サンウィルシャイン,6,56,0.0714,0.1786,7.5179,7,0.0
ニシノムーンライト,5,56,0.0357,0.1429,8.1786,7,0.0
マラムデール,5,56,0.0536,0.1964,6.9643,7,0.0
オペラガール,6,56,0.0714,0.2321,7.6429,7,0.0
メジロアリス,5,56,0.1071,0.2857,7.3393,7,0.5
スナップショット,4,56,0.1071,0.2143,8.3571,7,0.0
ゴールウェイ,5,56,0.0714,0.2143,8.4643,7,0.0
マルターズスパーブ,2,56,0.0357,0.125,7.9643,23,0.0
ショウサンミーベル,8,56,0.1071,0.2321,8.375,7,0.0
カンシャノキモチ,4,56,0.0893,0.1429,7.4107,7,0.0
ニンフェッタ,7,56,0.0714,0.1071,8.8393,7,0.2
ショウナンガーデン,7,56,0.0536,0.1964,7.625,7,0.2
ストロベリーパフェ,7,56,0.0536,0.1964,8.5357,7,0.0
ポンテペルレ,8,56,0.0179,0.1964,8.9286,7,0.0
マニックサンデー,4,56,0.1071,0.4643,5.9643,7,0.0
ヴェアリアスローズ,3,56,0.0536,0.1786,8.8929,7,0.3333
チャンネルワン,3,56,0.1429,0.1786,8.875,7,0.0
シュペトレーゼ,6,56,0.0357,0.1429,7.9107,7,0.0
ダイイチボタン,4,56,0.0536,0.1964,6.4643,7,0.0
キュールエアリス,6,56,0.0357,0.1607,8.5714,7,0.0
タマモエルドラド,4,56,0.1071,0.3571,5.875,7,0.25
タマモピアス,8,56,0.0536,0.1786,8.0179,7,0.0
プラチナチャリス,4,56,0.1964,0.3929,6.3929,7,0.6667
ルヴァンクレール,5,56,0.1071,0.3393,6.3393,7,0.0
アメーリア,2,56,0.125,0.3929,6.1429,7,0.5
ハイウェイトゥグローリー,5,56,0.0536,0.1964,8.4643,7,0.0
シマノラピス,6,56,0.0357,0.0893,10.0536,7,0.0
シンコームーン,5,56,0.1071,0.25,7.1607,7,0.0
ナオミノユメ,5,56,0.0536,0.1786,6.8036,7,0.2
パーソナルブレーン,5,56,0.0714,0.25,6.5357,7,0.0
アンテヴォルテ,4,56,0.0714,0.125,7.4464,7,0.0
ダンスオブサロメ,6,56,0.0,0.0357,9.8214,7,0.0
クリスチャンパール,5,56,0.1607,0.2857,7.0893,7,0.5
パルテノン,4,56,0.1071,0.2143,8.2143,7,0.3333
ハルーワソング,7,56,0.1429,0.2679,6.6429,7,0.5
バトルラヴ,7,56,0.0179,0.1429,8.9107,7,0.0
ニシノマメフク,3,56,0.0714,0.2143,6.4821,7,0.3333
マダニナ,4,56,0.0536,0.25,8.1607,7,0.5
クリスタルキャノン,4,56,0.0536,0.1964,7.4821,7,0.0
サトノコンドル,6,56,0.0179,0.125,7.6607,7,0.0
クリアンサス,7,56,0.0536,0.2679,7.3571,7,0.0
ローズウッド,4,56,0.0179,0.0357,8.9643,7,0.0
リリーポンド,5,56,0.0,0.125,7.8571,7,0.0
パラダイスリッジ,4,56,0.125,0.2857,6.8036,7,0.0
メイルストローム,6,56,0.0536,0.2857,7.4286,7,0.0
ルアス,7,56,0.0893,0.2321,7.7679,7,0.0
ビーチフラッグ,6,56,0.0893,0.3036,7.1786,7,0.3333
スフィンクス,3,56,0.1071,0.2857,5.8214,7,0.0
シーノットラブユー,4,56,0.1071,0.3036,6.5536,7,0.0
ディアースパークル,6,56,0.0714,0.125,8.3929,7,0.0
レゼトワール,6,56,0.1964,0.4464,5.6607,7,0.4
タキオンメーカー,5,56,0.1429,0.3571,6.5714,7,0.0
モエレメルシー,5,56,0.1071,0.2143,7.1964,7,0.0
ディナシー,7,56,0.1429,0.3571,5.9821,7,0.0
ピエナヴィブレ,8,56,0.0536,0.25,7.0893,7,0.0
オールウェイズウィリング,9,56,0.0536,0.1964,7.3929,7,0.0
イマーキュレイトキャット,5,56,0.1429,0.2857,7.0,7,0.6667
トップサンキスト,4,56,0.0357,0.1786,7.2857,7,0.0
センターアンジェロ,6,56,0.0357,0.2143,7.4643,7,0.0
ハネダテンシ,5,56,0.0179,0.1429,7.7143,7,0.0
ウインキナウ,3,56,0.0536,0.2679,8.125,7,0.0
シルクロザリオ,6,56,0.0357,0.1071,10.0357,7,0.0
イタリアンオリーブ,5,56,0.0357,0.1429,8.1607,7,0.0
クロスマイハート,3,56,0.125,0.3393,7.2857,7,0.0
セルリアンブルー,5,56,0.0893,0.1429,7.6429,7,0.0
スカーレットベル,4,56,0.1607,0.5,4.9464,7,0.0
メイショウホノボノ,4,56,0.0536,0.25,6.75,7,0.0
ディアコトミ,4,56,0.1071,0.25,7.7857,7,0.0
エリザベスムーン,7,56,0.0179,0.0893,9.5536,7,0.2
メイショウハナビ,2,56,0.0,0.2321,7.6071,23,0.0
カラズマッチポイント,5,56,0.25,0.4821,5.4286,7,0.4
ワルツオブキャット,7,56,0.0714,0.2679,6.9821,7,0.0
プリンセスカナ,6,56,0.0893,0.2321,6.6964,7,0.0
ランペイア,1,56,0.1429,0.3929,6.2143,7,0.0
バンブーユキヒメ,6,56,0.0357,0.0893,8.7143,7,0.0
マンボカーニバル,4,56,0.0714,0.1607,8.7321,7,0.0
レッドシャトル,3,56,0.0536,0.4643,6.0714,7,0.3333
アドマイヤベリー,5,56,0.0536,0.2321,8.7857,7,0.0
アイアムトゥルー,3,56,0.1071,0.2321,6.9286,7,0.0
アルティマトゥーレ,5,56,0.2143,0.5179,4.5536,7,0.0
カノン,6,56,0.0357,0.1071,8.2143,7,0.1667
ファスキナーレ,4,56,0.0536,0.2679,8.3571,7,0.0
プリティカポレイ,5,56,0.0714,0.3214,6.2321,7,0.2
マロンコート,3,56,0.0179,0.1786,7.2679,7,0.0
ストック,4,56,0.125,0.1607,7.75,7,0.5
アルウェット,5,55,0.0364,0.2182,7.6727,7,0.0
プライムアクトレス,8,55,0.0545,0.2182,8.2,7,0.1429
カルマート,4,55,0.0727,0.3091,6.2,7,0.0
ショウナンラヴオン,5,55,0.0,0.2,6.2182,7,0.0
メイショウセイカ,4,55,0.0545,0.1818,6.3273,7,0.0
ピクトリアル,4,55,0.0545,0.2727,6.5818,7,0.0
ヘルスウォール,5,55,0.0545,0.1818,8.6182,7,0.0
マイネレーヌ,9,55,0.0727,0.1273,8.9091,7,0.2857
キュートエンブレム,6,55,0.0364,0.1273,9.8909,7,0.0
ハギノオマージュ,4,55,0.0727,0.2,8.1091,7,0.0
アルーリングハート,6,55,0.0727,0.3091,6.6909,7,0.2
アカンサス,8,55,0.1091,0.3818,6.2727,7,0.0
We'll be There,5,55,0.0727,0.1273,7.9273,7,0.0
ケイティラブ,8,55,0.0182,0.1273,9.0,7,0.0
クイーンマザー,4,55,0.0727,0.3455,5.8545,7,0.0
アグネスマジカル,7,55,0.0727,0.1455,8.1273,7,1.0
ライステラス,5,55,0.0364,0.1636,8.4182,7,0.0
オブザーヴァント,4,55,0.1455,0.3455,6.6727,7,0.0
レディシビル,4,55,0.0545,0.1636,7.1273,7,0.0
プリンセスドルチェ,5,55,0.0545,0.2545,7.2909,7,0.0
シェナンドアリバー,6,55,0.0182,0.1273,8.0727,7,0.0
オルダニー,3,55,0.1273,0.2727,6.2909,7,0.5
コンドコマンド,5,55,0.0909,0.2727,7.6,7,0.4
アイルドフランス,4,55,0.0909,0.2,7.3455,7,1.0
アウトオブタイム,6,55,0.1273,0.3273,7.0727,7,0.0
ブライアンズレター,4,55,0.0545,0.1273,9.2545,7,0.0
マチカネチコウヨレ,5,55,0.2182,0.4,6.2545,7,0.5
ピクシープリンセス,5,55,0.1273,0.4727,5.0909,7,0.0
シルキージュエル,4,55,0.0545,0.1818,6.8909,7,0.0
マッキーマドンナ,6,55,0.0182,0.0545,9.8727,7,0.0
タイキロザリオ,7,55,0.0727,0.2,7.4909,7,0.25
プリンセスイブ,6,55,0.0727,0.1818,7.9455,7,0.0
リバティスプライト,5,55,0.0545,0.2,7.4727,7,0.0
トップデサイル,4,55,0.1455,0.3636,5.7818,7,0.0
ミサノグリーン,3,55,0.0364,0.1091,8.4909,7,0.0
ペルセクション,6,55,0.0364,0.0909,10.0,7,0.0
ミラクルワウ,8,55,0.0364,0.2182,6.8545,7,0.0
スパイラルリング,4,55,0.1818,0.4545,5.1455,7,0.3333
キャッチザカクテル,5,55,0.0909,0.2182,6.9636,7,0.0
フィエラメンテ,8,55,0.0545,0.1818,7.1818,7,0.0
アブラシオ,5,55,0.1091,0.2727,8.1091,7,0.5
ファイナルスコア,5,55,0.0909,0.4182,5.5455,7,0.2
イルミナティ,7,55,0.0182,0.1636,8.3818,7,0.0
イルーシヴウェーヴ,7,55,0.1636,0.3455,6.1818,7,0.6667
ベッラレイア,7,55,0.0364,0.2182,7.4909,7,0.0
フジインザスカイ,3,55,0.1091,0.2727,5.8182,7,0.0
イヴニングミスト,6,55,0.0545,0.1091,9.6364,7,0.0
ブリズデロートンヌ,5,55,0.0364,0.0909,8.9273,7,0.0
ファーストナイナー,4,55,0.1091,0.2727,7.4909,7,0.0
ラビアンローズ,3,55,0.0364,0.1091,9.1091,7,0.3333
タイキプレリュード,3,55,0.0545,0.1818,9.0,7,0.0
オールタイムベスト,4,55,0.1273,0.3636,6.5636,7,0.0
アンリミテッドバジェット,5,55,0.0545,0.2909,6.4545,7,0.0
エトレーヌ,5,55,0.0727,0.1818,8.4909,7,0.0
エアティアーモ,7,55,0.0909,0.3273,6.0909,7,0.0
ジャルダンスクレ,7,55,0.0909,0.2909,6.2182,7,0.0
チヨノビンコ,1,55,0.0545,0.1818,6.4909,23,0.0
レッドプライム,6,55,0.0909,0.1818,8.4182,7,0.0
ローズバド,6,55,0.0909,0.1636,7.7818,7,0.0
モケット,8,55,0.2182,0.4,6.0545,7,0.2
マロトウショウ,9,55,0.0364,0.1636,8.6182,7,0.0
シナジーウィスパー,7,55,0.0545,0.1091,7.9273,7,0.1429
ウィズザフロウ,7,55,0.0545,0.2,6.8909,7,0.0
フォーチュンワード,8,55,0.1636,0.2545,7.7818,7,0.1429
ミッキーオリーブ,7,55,0.0545,0.3273,7.3273,7,0.0
フレンチムスメ,7,55,0.0545,0.1636,8.3455,7,0.0
ヤマニンアドーレ,4,55,0.1273,0.3091,6.9636,7,0.0
ヤマニンシュクル,6,55,0.0,0.0182,10.7636,7,0.0
ラフレッシュブルー,3,55,0.0545,0.2545,7.5455,7,0.0
アンジュシュエット,5,55,0.1818,0.4,5.9091,7,0.0
エヴァモア,8,55,0.0909,0.3273,6.9818,7,0.0
ディヴァインクレア,7,55,0.0545,0.1273,8.3455,7,0.0
オルティスローザ,4,55,0.0545,0.2182,7.1273,7,0.0
スプラッシュビート,2,55,0.0182,0.1455,7.8,23,0.0
メジロミシェル,4,55,0.0182,0.1636,7.1273,7,0.0
テスタオクローチェ,6,55,0.0909,0.2727,6.7818,7,0.0
クエルクス,8,55,0.0364,0.1455,8.4909,7,0.1429
マサノミネルバ,4,55,0.0545,0.1455,8.1091,7,0.0
マサノメジャー,5,55,0.0182,0.0364,9.2182,7,0.0
テイクミーハイヤー,5,55,0.0727,0.2727,6.5273,7,0.0
サラフィナ,7,55,0.1636,0.3273,6.0182,7,0.1667
アスタラビクトリア,8,55,0.0364,0.1091,9.0182,7,0.0
メイショウスイヅキ,3,55,0.1273,0.2727,6.9818,7,0.0
ノボキッス,6,55,0.1091,0.2182,8.4909,7,0.0
タイトーク,5,55,0.0909,0.2364,7.4,7,0.0
グレイシアブルー,4,55,0.2,0.4364,5.1636,7,0.0
ボムガール,4,55,0.0727,0.2,7.2364,7,0.0
シャルロットノアル,6,55,0.0909,0.2364,7.4727,7,0.2
ハッピーパレード,4,55,0.0727,0.2182,6.9636,7,0.0
ハッピーアビラ,4,55,0.0364,0.2,6.0909,7,0.0
エイシンベリンダ,6,55,0.0182,0.1273,7.6182,7,0.0
エイブルアロー,4,55,0.0727,0.2364,7.2909,7,0.0
アドマイヤエバート,6,54,0.0741,0.1481,8.5926,7,0.1667
トリリウム,3,54,0.0185,0.1667,7.537,7,0.0
プレザンサプライズ,7,54,0.0556,0.2037,8.2037,7,0.0
オイスターチケット,5,54,0.1111,0.2037,7.8333,7,0.5
ヴィーヴル,6,54,0.1296,0.2593,6.9444,7,0.0
ダブルタイトル,3,54,0.0185,0.0741,7.7037,7,0.0
ヘヴンリーソング,3,54,0.0926,0.2963,7.2778,7,0.0
レッドカチューシャ,4,54,0.037,0.2037,6.963,7,0.0
シャペロンルージュ,8,54,0.0926,0.2222,8.6296,7,0.0
レイジーリヴァー,5,54,0.0926,0.3704,6.7222,7,0.0
バーミスキャット,7,54,0.0741,0.2963,7.3704,7,0.0
リヴィアローズ,5,54,0.1481,0.4074,6.0185,7,0.0
サンデーローザ,7,54,0.037,0.2037,7.6667,7,0.0
スプリングドリュー,6,54,0.0,0.037,8.6852,7,0.0
コックニー,4,54,0.1481,0.3333,7.1296,7,0.3333
バレーダンシング,5,54,0.037,0.0556,7.8148,7,0.0
ミヤコレッドローズ,4,54,0.0556,0.0741,9.0926,7,0.0
ファンファーレ,5,54,0.0185,0.1481,8.8148,7,0.0
リシャールサーバー,3,54,0.0926,0.2778,7.5,7,0.0
エンジェルローブ,4,54,0.0556,0.1667,8.2593,7,0.0
キトゥンズクイーン,4,54,0.1481,0.463,5.0556,7,0.3333
マスクオフ,6,54,0.2778,0.6481,4.1111,7,0.5
ホーリーミスト,4,54,0.0741,0.2778,7.2222,7,0.0
キズナ2,7,54,0.0556,0.2222,7.2037,7,0.0
ジヴェルニーアート,6,54,0.0185,0.0926,8.7037,7,0.0
ビジューブリアン,4,54,0.0741,0.1667,7.9444,7,0.0
アポロティアラ,5,54,0.037,0.2037,7.7222,7,0.0
ミッキーレモン,4,54,0.0741,0.2593,6.7407,7,0.25
リュヌドサーブル,4,54,0.0556,0.2407,6.8889,7,0.0
トーセンリリー,4,54,0.0556,0.1296,9.1481,7,0.0
アドマイヤセラヴィ,4,54,0.1296,0.2593,7.0185,7,0.0
ヤマニンアリエル,6,54,0.037,0.1111,9.2778,7,0.0
ベリーフィールズ,3,54,0.037,0.1667,7.3333,7,0.0
メジロベツァーリ,3,54,0.0741,0.3148,7.0926,7,0.0
スマートアルテミス,4,54,0.0926,0.2778,7.3519,7,0.0
カプリースレディー,7,54,0.1296,0.2407,7.9815,7,0.0
ホエールキャプチャ,6,54,0.0556,0.2593,6.8148,7,0.25
ジニオマッジョーレ,5,54,0.0741,0.2778,7.3889,7,0.0
サンデーローズ,7,54,0.0556,0.1852,7.3148,7,0.0
エアメサイア,2,54,0.2037,0.537,5.1296,7,0.5
テイエムヒスイ,5,54,0.037,0.3148,6.3333,7,0.0
プラチナローズ,7,54,0.037,0.1852,7.4259,7,0.0
ジョリブロンド,5,54,0.0741,0.2407,6.9074,7,0.0
エターナルブーケ,4,54,0.2407,0.6481,3.7593,7,0.25
ジョリファム,4,54,0.1296,0.2778,7.3333,7,0.25
キタサンヒメ,3,54,0.1111,0.3704,6.8519,7,0.0
メイショウランタナ,5,54,0.0185,0.1111,8.5,7,0.0
クリノスレンダー,3,54,0.0185,0.0185,9.6852,7,0.0
エリモジェンヌ,7,54,0.037,0.2037,8.5,7,0.0
シェムリアップ,7,54,0.0185,0.1667,7.9444,7,0.0
ウルトラシートゥ,4,54,0.0556,0.2037,7.6296,7,0.0
ヌーベルバーグ,4,54,0.0926,0.3519,6.7037,7,0.0
スポークスウーマン,8,54,0.0556,0.2593,8.2037,7,0.1429
Patti O'Rahy,2,54,0.0556,0.2407,7.8889,7,0.0
ヘヴントウショウ,1,54,0.0556,0.2963,6.4074,7,0.0
アドマイヤオンリー,6,54,0.0556,0.2407,7.6111,7,0.0
スカイクレイバー,6,54,0.0741,0.1852,8.3333,7,0.0
グローブ,6,54,0.0556,0.1852,7.963,7,0.2
ハマナス,3,54,0.1667,0.3889,5.9259,7,0.0
コヴェンティナ,4,54,0.0556,0.2222,8.2037,7,0.0
スズカクエーサー,5,54,0.0926,0.2407,6.8519,7,0.0
セレスティアルキャット,5,54,0.0556,0.3519,5.3148,7,0.0
ゴールデンイエラ,5,54,0.037,0.2407,6.8889,7,0.0
ミルシャイナー,5,54,0.037,0.2037,7.0926,7,0.0
オージーカンパニー,4,54,0.0556,0.1852,7.9074,7,0.25
ロキロキ,6,54,0.0741,0.2037,7.7963,7,0.0
ヤマニンプロローグ,4,54,0.037,0.1852,7.5,7,0.0
エイムアットビップ,9,54,0.0,0.0926,9.9259,7,0.0
カチバ,5,54,0.0926,0.2593,7.5741,7,0.0
パワフルリーフ,2,54,0.0556,0.1481,7.2593,7,0.0
ダイアゴナルクロス,5,54,0.0926,0.2963,7.5741,7,0.5
シーサイドブリーズ,2,54,0.0741,0.3889,6.2037,7,0.0
ニホンピロルピナス,7,54,0.0926,0.3519,6.8889,7,0.0
カーリーエンジェル,4,54,0.1111,0.2593,7.6852,7,0.0
パンドラズホープ,5,54,0.0185,0.0926,7.2963,7,0.0
トップオブザヒル,6,54,0.037,0.2593,7.1481,7,0.0
バラファミー,3,54,0.0741,0.1667,7.8519,7,0.0
レーヴドスカー,5,54,0.1667,0.3333,6.1296,7,0.6667
アナザーワールド,5,54,0.0741,0.2407,6.8889,7,0.0
シーブリーズライフ,6,54,0.0741,0.2593,6.7407,7,0.0
ヒアトゥウィン,6,54,0.1481,0.3519,6.1296,7,0.1667
ストリートスタイル,6,54,0.0556,0.1296,9.3889,7,0.0
トロピカルガーデン,2,54,0.0741,0.2037,7.5741,7,0.0
アンナータ,3,54,0.1111,0.3333,5.8333,7,0.0
ニシノミナミカゼ,4,54,0.0556,0.0926,9.2407,7,0.25
アブソリューション,7,54,0.0185,0.1852,8.2963,7,0.0
チーキーガールズ,5,54,0.0741,0.2407,7.5926,7,0.0
マネーキャントバイミーラヴ,6,54,0.1296,0.3148,6.1111,7,0.0
カリスペル,4,54,0.1296,0.4074,5.8148,7,0.0
ダイワミランダ,4,54,0.0926,0.3333,6.8148,7,0.0
パーフェクトジョイ,7,54,0.0741,0.3519,6.5185,7,0.0
エバーシャルマン,5,54,0.1481,0.4074,5.2407,7,0.25
ナンヨークイーン,7,54,0.0185,0.1111,8.0741,7,0.0
クリスマスキャロル,6,54,0.0185,0.1111,7.5556,7,0.0
ナナコフレスコ,2,54,0.037,0.1852,6.537,7,0.0
ジェネロシティー,7,54,0.0741,0.2037,8.1852,7,0.0
メジロヒラリー,5,54,0.1111,0.2963,6.5741,7,0.6667
ジョウノナンシー,4,54,0.0185,0.0556,8.6296,7,0.0
シルクチャプター,5,54,0.037,0.0741,9.9444,7,0.25
メジャーフォルム,5,54,0.0556,0.2963,6.9259,7,0.0
メーヴェ,2,54,0.2037,0.3704,6.2593,7,0.5
カネトシレジアス,8,54,0.0556,0.1481,9.8889,7,0.2
モスキャンピオン,3,53,0.0189,0.2453,7.5094,7,0.0
キーツヨイ,8,53,0.0755,0.2075,7.9245,7,0.0
ヴァインドレッサー,6,53,0.1132,0.3774,6.3585,7,0.0
シャピーラ,5,53,0.1132,0.3962,5.7547,7,0.0
パーティードレス,2,53,0.1132,0.4528,4.8302,7,0.5
シャドウエルフ,4,53,0.0566,0.1887,7.8679,7,0.0
テイエムオーシャン,6,53,0.1321,0.3208,6.3585,7,0.0
プロミネント,5,53,0.1321,0.3774,6.6226,7,0.4
ローズエンジェル,5,53,0.0755,0.3208,7.566,7,0.0
シンコウローズ,5,53,0.1132,0.3396,6.5472,7,0.0
ミッキーハナコ,5,53,0.0943,0.2453,7.0,7,0.2
ヴィンテージローズ,3,53,0.1887,0.2642,6.4151,7,0.0
デフィニット,4,53,0.0943,0.1698,8.5472,7,0.5
ビクトリアメーク,6,53,0.0,0.0566,8.4906,7,0.0
ケージーナデシコ,3,53,0.0566,0.3019,6.9434,7,0.0
クーヴェルチュール,7,53,0.0755,0.2264,9.2642,7,0.5
エニシノイト,3,53,0.1132,0.3962,5.6038,7,0.0
ユーキャンドゥイット,2,53,0.0943,0.3962,5.5094,23,0.0
マンボビーン,3,53,0.0755,0.2642,7.0566,7,0.3333
ダンツクレバー,4,53,0.0377,0.2264,7.0377,7,0.0
ダンツスウィフト,6,53,0.0189,0.1698,8.1509,7,0.0
Rahy Connection,2,53,0.0566,0.2264,7.6415,7,0.0
アイライクユー,3,53,0.0755,0.2642,7.3019,7,0.0
コンコルディア,6,53,0.0755,0.1698,7.8302,7,0.0
マチカネセキガハラ,6,53,0.0943,0.2075,8.2453,7,0.4
エンジェルフォール,5,53,0.1321,0.3774,7.6792,7,0.2
ニードルクラフト,6,53,0.2264,0.5094,4.8868,7,0.0
ジョーヌダンブル,3,53,0.0755,0.1887,7.5283,7,0.3333
チェリーノコイビト,5,53,0.0755,0.2264,7.3208,7,0.0
ビーチアイドル,5,53,0.0566,0.1509,9.0,7,0.0
ジュントップヒトミ,5,53,0.0755,0.3962,6.8868,7,0.4
コアレスパティオ,3,53,0.0377,0.1132,7.6604,7,0.0
サクラフルーレ,6,53,0.0189,0.1321,8.2642,7,0.0
ギャビーズゴールデンギャル,6,53,0.0566,0.1509,8.1509,7,0.3333
ピコット,3,53,0.0943,0.3208,5.4717,7,0.0
プレシャスライン,5,53,0.0566,0.2264,7.566,7,0.0
マリアフィオーレ,4,53,0.0566,0.1132,7.8113,7,0.3333
ホッテストチケット,9,53,0.0,0.0566,10.1132,7,0.0
クエストフォーワンダー,4,53,0.0566,0.2264,5.8868,7,0.0
レキシールー,5,53,0.1887,0.434,6.0,7,0.4
サンシャワーキッス,4,53,0.0189,0.0755,9.3585,7,0.0
チュウオーサーヤ,6,53,0.0755,0.3396,6.434,7,0.0
アムールレジェンド,6,53,0.0,0.2264,8.1132,7,0.0
プレインエンジェル,2,53,0.0566,0.1887,7.0,7,0.0
メイショウグラナダ,4,53,0.1132,0.3585,6.2264,7,0.0
ラブレインボー,4,53,0.0943,0.2264,7.9623,7,0.25
レンドフェリーチェ,6,53,0.0943,0.3585,6.0,7,0.0
スイートカルタゴ,6,53,0.0189,0.1887,8.9623,7,0.0
エンドレスビジネス,4,53,0.1132,0.2642,6.4906,7,0.5
ディオベルタ,5,53,0.0755,0.1887,7.9245,7,0.0
ラダームブランシェ,4,53,0.1509,0.434,5.0755,7,0.25
フレンチアウル,8,53,0.0566,0.2642,6.9057,7,0.25
アプト,3,53,0.1698,0.434,5.283,7,0.0
エリンコート,7,53,0.0377,0.1887,7.7925,7,0.0
マルカキャンディ,6,53,0.0,0.1698,7.8113,7,0.0
ベッキー,5,53,0.0377,0.2075,7.0189,7,0.0
スマイルシャワー,4,53,0.1321,0.3962,5.8679,7,0.0
イロジカケ,5,53,0.1132,0.2453,6.8491,7,0.0
アイエスシャイン,1,53,0.0566,0.0755,7.6038,7,0.0
ビキニブロンド,7,53,0.0943,0.2642,7.0377,7,0.0
ネオカラー,3,53,0.0943,0.3019,6.7547,7,0.0
オーガンディー,3,53,0.0377,0.0755,8.8679,7,0.3333
ヒガシリンクス,4,53,0.0377,0.1698,8.8868,7,0.0
ディアマイベイビー,4,53,0.0943,0.3208,6.3208,7,0.0
エルフィンパーク,6,53,0.0566,0.1509,6.4528,7,0.0
ダーリングバード,5,53,0.1321,0.283,7.566,7,0.0
ヒミノオトヒメ,4,53,0.0943,0.1887,7.2075,7,0.3333
キイレ,5,53,0.0189,0.2264,7.2264,7,0.0
メイクヒストリー,6,53,0.0755,0.2453,8.434,7,0.25
マスターギラティナ,6,53,0.1698,0.3208,7.6981,7,0.0
タイムヒロイン,4,53,0.0566,0.3774,5.9623,7,0.0
ブライアンオークス,3,53,0.0566,0.2075,8.2453,7,0.0
トーセンミネルバ,8,53,0.1321,0.2075,7.3962,7,0.5714
デルモニコキャット,5,53,0.1132,0.2453,7.8679,7,0.0
ヒカリヴィグラス,4,53,0.0755,0.3019,7.1132,7,0.3333
ロンギングシャネル,4,53,0.0755,0.2453,7.9434,7,0.0
ヘアキティー,5,53,0.0943,0.3585,6.7547,7,0.0
アルフレンテ,4,53,0.0566,0.2453,7.1132,7,0.0
ナスカ,7,53,0.0566,0.2264,7.7358,7,0.0
アグネスカルミア,6,53,0.0377,0.0755,10.0943,7,0.0
シギル,3,53,0.0189,0.1321,8.1698,7,0.0
ムニラー,4,53,0.0943,0.3019,6.3208,7,0.0
シェーナビアンカ,5,53,0.0189,0.0755,8.4717,7,0.0
アムネリス,6,53,0.0377,0.0755,10.6792,7,0.0
デグラーティア,9,53,0.1509,0.3774,6.8868,7,0.125
サマーラグーン,7,53,0.0755,0.1887,8.5472,7,0.0
リリーオブザナイル,4,53,0.0755,0.2075,8.0189,7,0.25
アラフネ,7,53,0.0566,0.1132,8.0189,7,0.2
ニシノシンデレラ,2,53,0.1321,0.4151,5.7925,7,1.0
ラバンディエーラ,5,53,0.0189,0.1698,7.8113,7,0.0
シーソルティキッス,4,53,0.1132,0.4906,4.717,7,0.0
ジェイケイドリーム,7,53,0.0377,0.0943,9.3019,7,0.0
ポルカマズルカ,7,53,0.0189,0.2264,7.3208,7,0.0
ヴェイパー,4,53,0.0377,0.1887,8.3585,7,0.0
モーニングコール,5,53,0.0566,0.2453,6.5849,7,0.0
モントレゾール,5,53,0.0755,0.2264,7.3962,7,0.0
ナリタジューン,8,53,0.0377,0.0943,9.4717,7,0.0
スウィートウィン,5,53,0.0377,0.2642,6.9245,7,0.0
スウィーティーガール,6,53,0.1321,0.3019,6.5849,7,0.2
Dance With Kitten,3,53,0.0566,0.2453,6.8113,7,0.0
ワンスインナムーン,4,53,0.1321,0.4528,4.9434,7,0.0
プレシャスジェムズ,5,53,0.0755,0.2642,7.0943,7,0.0
ケイアイブーケ,2,53,0.0377,0.3019,7.9245,7,0.0
カネトシディザイア,7,53,0.0189,0.1509,9.6415,7,0.2
カネトシパリッシュ,6,53,0.0189,0.0566,8.4906,7,0.0
キョウエイアン,5,53,0.0566,0.2075,8.3585,7,0.0
キョウエイトリガー,5,53,0.0755,0.1321,8.6038,7,0.0
ラファダリ,7,53,0.0566,0.2453,7.6604,7,0.0
ジュディソング,4,53,0.0755,0.2075,8.1321,7,0.0
ラスティックフレイム,6,53,0.1509,0.283,6.9245,7,0.25
タスクミストレス,6,53,0.0566,0.3396,6.1698,7,0.2
オーシャンフリート,4,53,0.0566,0.1887,8.3585,7,0.0
フィールドメジャー,6,53,0.0566,0.1132,9.3774,7,0.0
オートクリス,8,53,0.0566,0.1321,9.0943,7,0.1667
サクラナスカ,6,53,0.0943,0.3396,5.7358,7,0.0
アンノウンウォーターズ,6,53,0.0377,0.1509,8.5472,7,0.0
アナタゴノミ,8,53,0.0189,0.1132,9.6038,7,0.0
サクラメガマックス,8,53,0.0,0.1509,8.8302,7,0.0
ラストメッセージ,3,53,0.0566,0.1698,6.6981,7,0.0
メイショウシオギリ,7,53,0.0377,0.1321,7.7547,7,0.0
ハートシェイプト,5,53,0.0566,0.1321,9.3396,7,0.0
マノアラニ,5,53,0.0755,0.3396,6.717,7,0.0
ニホンピロキャット,7,53,0.0755,0.1887,7.8491,7,0.0
プラジェラート,5,52,0.0385,0.1154,7.4231,7,0.0
ナムラクロシェット,2,52,0.0769,0.3462,5.8077,7,0.0
ボディーダンシング,5,52,0.0577,0.2308,7.1154,7,0.3333
ロイヤルクリッパー,5,52,0.1346,0.25,7.1154,7,0.0
リードザウェイ,7,52,0.0192,0.0577,9.1346,7,0.0
オンワードイイデス,3,52,0.0,0.1731,7.4615,7,0.0
ストームティグレス,5,52,0.1346,0.2692,8.4423,7,0.0
スマートウェーブ,4,52,0.0577,0.0962,9.9615,7,0.0
マイホープ,4,52,0.0577,0.2885,6.9231,7,0.0
リズムオブライト,2,52,0.1923,0.3654,4.9808,7,0.0
アドマイヤトパーズ,6,52,0.0769,0.2308,7.8654,7,0.0
リーチコンセンサス,6,52,0.1154,0.25,5.7885,7,0.2
モーガンズマンボ,3,52,0.0385,0.1346,6.8846,7,0.0
スズオリヅル,7,52,0.0385,0.1538,8.7115,7,0.0
ヒアーズトウショウ,7,52,0.1538,0.2885,7.1154,7,0.1429
センターグランタス,8,52,0.1154,0.2115,8.2885,7,0.0
フィールドボニータ,9,52,0.0577,0.0962,9.4615,7,0.0
ホウショウルビー,2,52,0.1346,0.3846,6.4423,7,0.5
オーディエンス,6,52,0.0769,0.2308,8.2885,7,0.0
タニノローゼ,6,52,0.0,0.1538,9.0,7,0.0
スペルオンミー,6,52,0.1731,0.4808,4.1346,7,0.0
ラブリースター,3,52,0.0769,0.3269,7.1154,7,0.0
アイルゴーバック,4,52,0.0192,0.1346,8.8654,7,0.0
カハラビスティー,4,52,0.0385,0.0962,8.8846,7,0.0
ドラゴンフラワー,4,52,0.0385,0.1731,7.0577,7,0.0
ハタノファベルジェ,6,52,0.0385,0.1154,8.2692,7,0.0
スマートレモラ,4,52,0.0385,0.0577,9.0769,7,0.3333
ストーミングヘヴン,3,52,0.0385,0.2115,6.8654,7,0.0
サンヴィクトワール,5,52,0.2115,0.4231,5.1731,7,0.0
メーデイア,5,52,0.0962,0.2885,7.6154,7,0.25
エマノン,4,52,0.1346,0.3462,5.0577,7,0.25
ティボリペガサス,2,52,0.0769,0.1538,6.2885,7,0.0
シーキングマイラブ,4,52,0.1346,0.4423,4.9615,7,0.0
ランドオーバーシー,6,52,0.1923,0.3269,7.0769,7,0.3333
チャームライト,10,52,0.0,0.0769,9.1923,7,0.0
ローザデルドバイ,2,52,0.0385,0.1538,6.7885,7,0.0
サーガノヴェル,4,52,0.0577,0.2308,8.1923,7,0.0
コリンナ,9,52,0.0,0.1538,8.0577,7,0.0
ブギーダモーレ,3,52,0.1154,0.25,6.8269,7,0.0
ヤマノラヴ,6,52,0.0962,0.25,8.3846,7,0.4
ワンモアミイチュー,4,52,0.0769,0.2115,7.5962,7,0.0
カラフルトーク,4,52,0.0385,0.1154,8.4038,7,0.0
カムロギダイリン,1,52,0.0192,0.0577,9.7115,43,0.0
ジョリーノエル,7,52,0.0,0.1346,8.6346,7,0.0
レインボーマグナム,4,52,0.0385,0.1923,8.2885,7,0.0
ファンアットコート,4,52,0.0,0.0192,9.8077,7,0.0
チェリーペトルズ,5,52,0.1538,0.2885,7.5962,7,0.2
ホーカーハリケーン,5,52,0.0385,0.0962,7.8462,7,0.0
ショウナンカッサイ,2,52,0.0385,0.1731,7.8462,7,0.0
ショウナンガッド,7,52,0.0385,0.1346,7.5385,7,0.0
ウエスタンルージュ,2,52,0.0577,0.1731,8.5962,7,0.0
マイネウインク,5,52,0.0385,0.2692,7.7115,7,0.0
ストーミーレニー,6,52,0.0769,0.2308,8.5769,7,0.1667
スパークルキャット,5,52,0.0192,0.25,7.6154,7,0.0
ゾイゾイ,4,52,0.1154,0.3269,6.0192,7,0.5
ホワイトウォーター,6,52,0.0385,0.2115,8.4808,7,0.3333
イズミナイナー,3,52,0.0192,0.0962,8.6923,7,0.0
アワーグラス,5,52,0.0385,0.1731,7.1923,7,0.0
ナムラケイオス,6,52,0.0385,0.1923,8.6923,7,0.1667
マイネクォーツ,2,52,0.0192,0.1154,7.0,7,0.0
テキスタイル,2,52,0.0385,0.2308,6.0,7,0.0
タオルミーナ,4,52,0.0385,0.1154,9.0192,7,0.0
レリックレーヌ,5,52,0.0385,0.0962,8.5192,7,0.0
マクシマール,4,52,0.0769,0.1731,7.5962,7,0.0
チューブラーベルズ,5,52,0.1154,0.3654,6.5192,7,0.0
サトノアーチ,6,52,0.0385,0.0769,8.3462,7,0.2
ローズカーニバル,3,52,0.0577,0.1538,8.5,7,0.0
ケルンフラワー,1,52,0.0385,0.2115,6.7115,7,0.0
ティエッチグレース,5,52,0.0385,0.3077,6.6154,7,0.0
アドマイヤレッド,6,52,0.0385,0.0962,8.2885,7,0.0
アデュラリア,7,52,0.0385,0.2115,7.2885,7,0.0
マコトマンリョウ,3,52,0.0769,0.25,6.1731,7,0.0
マイネオレンジ,6,52,0.0769,0.3077,6.6731,7,0.0
ヴィラ,6,52,0.1538,0.2692,6.8462,7,0.1667
キャッチータイトル,9,52,0.1923,0.3077,6.7115,7,0.6667
パラダイスコーブ,6,52,0.0769,0.2692,8.6346,7,0.0
スタミナスピード,4,52,0.0577,0.2692,7.1346,7,0.0
オーマイベイビー,6,52,0.1346,0.3846,5.2115,7,0.4
メジロシャレード,7,52,0.1346,0.3462,5.6731,7,0.0
ピンクチャリス,6,52,0.0192,0.0769,9.7692,7,0.0
レッドエルザ,7,52,0.25,0.4231,6.1154,7,0.6
サウンドウェーブ,7,52,0.0577,0.1538,7.2115,7,0.0
テキサスルビー,1,52,0.0577,0.3077,5.7115,15,1.0
サンダークラップ,4,52,0.0385,0.0962,8.7115,7,0.25
グッバイマイラブ,4,52,0.0385,0.1538,7.4038,7,0.0
キトゥンズグレイス,5,52,0.0577,0.2692,6.5962,7,0.2
ルスナイプリンセス,3,52,0.0577,0.25,6.4423,7,0.0
アイムオールレディセクシー,5,52,0.1346,0.2308,7.4615,7,0.0
シャフィガ,4,52,0.0962,0.1923,8.2692,7,0.0
フォーカルスター,3,52,0.0577,0.2115,7.4808,7,0.0
ローレルポラリス,1,52,0.0577,0.1538,9.3462,7,0.0
タガノシャルマン,7,52,0.0577,0.25,8.1538,7,0.0
タフネスデジタル,6,52,0.0769,0.4231,5.2885,7,0.0
ジルコニア,3,52,0.25,0.5577,4.9808,7,0.0
マドリガルスコア,6,52,0.0577,0.1154,8.0192,7,0.0
マルターズオリジン,8,51,0.0196,0.1569,8.4902,7,0.0
ドリームエンブレム,3,51,0.0196,0.2353,6.7059,7,0.0
シルバービート,2,51,0.0588,0.3137,6.9412,7,0.0
ストレイトフロムテキサス,7,51,0.0784,0.2745,7.549,7,0.0
スープリムシチー,6,51,0.0196,0.1373,7.8431,7,0.0
ファビラスタイム,5,51,0.0,0.1961,7.7059,7,0.0
トレジャーステイト,5,51,0.1176,0.2353,7.451,7,0.2
ワンカラット,2,51,0.1176,0.3333,5.1373,7,0.5
イルドロール,3,51,0.0588,0.098,8.2353,7,0.3333
カレンシェリーメイ,5,51,0.0196,0.0784,8.4902,7,0.0
ストロベリーズ,7,51,0.0588,0.1569,8.8039,7,0.1429
ビリーヴザミラクル,3,51,0.0784,0.3529,6.7451,7,0.0
ブルーオアシス,7,51,0.0392,0.1176,9.6078,7,0.0
スパニッシュソウル,4,51,0.0784,0.2549,5.9804,7,0.0
マヤノプリヤ,7,51,0.0196,0.098,9.4902,7,0.0
タイキルビー,2,51,0.0392,0.2157,7.4314,7,0.0
ヒシシルバーメイド,6,51,0.0784,0.2157,7.0784,7,0.0
ブライアンズイブ,6,51,0.0392,0.1373,8.1569,7,0.0
シルクファビュラス,5,51,0.0196,0.1765,8.3137,7,0.0
シルクアワード,4,51,0.0392,0.1569,7.2941,7,0.0
ニューフェアリー,3,51,0.0784,0.3333,7.0196,7,0.0
Espial,1,51,0.0392,0.1961,7.5294,7,0.0
オヒア,4,51,0.0588,0.2745,7.3333,7,0.0
リンターバル,6,51,0.0,0.2157,7.3922,7,0.0
キョウモヨロシク,4,51,0.0784,0.2745,6.4902,7,0.5
ハッシュ,5,51,0.1176,0.4118,5.7647,7,0.25
トーホウフローラ,4,51,0.0588,0.1961,7.6078,7,0.0
ハッスルメール,1,51,0.0392,0.1569,7.3529,7,0.0
プリンセスゴールド,8,51,0.0392,0.1569,8.3333,7,0.0
アップワードスパイラル,6,51,0.0784,0.2353,8.0588,7,0.0
ラブミラー,3,51,0.0588,0.1569,8.6863,7,0.0
タガノガルーダ,5,51,0.0588,0.2941,6.8431,7,0.25
アリスマイン,7,51,0.0392,0.098,8.4902,7,0.0
ティノ,4,51,0.0588,0.1373,7.9804,7,0.0
ブイアスカ,4,51,0.0588,0.2353,7.0784,7,0.0
メリオーラ,5,51,0.1373,0.2745,7.8824,7,0.2
トランシーフレーズ,4,51,0.098,0.2353,7.0196,7,0.0
ロココスタイル,4,51,0.0196,0.0196,11.2353,7,0.0
コニャックレディ,2,51,0.0392,0.1569,6.9412,7,0.0
ドクターベローナ,5,51,0.0392,0.1373,8.1961,7,0.0
ユメノキズナ,5,51,0.0392,0.1569,8.4902,7,0.0
ビューティソルジャ,4,51,0.0392,0.1373,8.9412,7,0.0
エリモプリンセス,3,51,0.0196,0.1176,7.9412,7,0.0
ミスハレクラニ,5,51,0.098,0.2941,6.1961,7,0.0
ウォーターパイパー,6,51,0.0784,0.2745,8.1373,7,0.0
ファイヤーオパール,3,51,0.0588,0.1961,7.3529,7,0.0
アレキサンドリア,8,51,0.0392,0.2549,6.8627,7,0.0
アレグリアス,5,51,0.0196,0.1765,6.7647,7,0.0
フィールザファン,2,51,0.0392,0.1373,7.7843,7,0.5
ムニン,6,51,0.0784,0.2157,6.8627,7,0.0
シゲルアンドロメダ,6,51,0.098,0.2745,7.3725,7,0.0
トウカイポピー,4,51,0.0784,0.1765,7.7451,7,0.0
デトロイトカフェ,5,51,0.0588,0.2549,5.902,7,0.0
フォーチュネイター,3,51,0.0392,0.1765,7.4902,7,0.0
ピンクプルメリア,3,51,0.0588,0.1961,7.2549,7,0.0
マコトスズラン,5,51,0.0196,0.2549,7.1569,7,0.0
サイタ,5,51,0.0392,0.1961,7.549,7,0.0
ミスマープル,4,51,0.0392,0.1373,8.7843,7,0.0
レッドメアラス,4,51,0.0588,0.1373,9.2353,7,0.0
アスクデピュティ,9,51,0.098,0.1961,7.7843,7,0.0
イオ,5,51,0.0588,0.1765,7.7255,7,0.0
キーステージ,9,51,0.0588,0.1569,8.2353,7,0.0
トゥモローズライト,2,51,0.0392,0.2745,6.2549,7,0.0
フィルハーマジック,3,51,0.0784,0.1961,7.4118,7,0.0
サティーヌアロム,5,51,0.098,0.2353,6.7451,7,0.0
ファーゴ,5,51,0.1176,0.1569,7.4118,7,0.25
カヒリ,5,51,0.0784,0.1176,8.0196,7,0.0
アドマイヤラック,5,51,0.0588,0.1569,7.902,7,0.0
ゴールドアシュレイ,3,51,0.0392,0.2353,7.0588,7,0.0
アモールミーオ,5,51,0.0392,0.1176,8.8235,7,0.2
シンコールビー,8,51,0.0392,0.1373,9.098,7,0.0
ステージヴァージン,6,51,0.0588,0.2353,7.9412,7,0.0
プレミアステップス,4,51,0.1373,0.3137,6.5294,7,0.25
セントクリスマス,4,51,0.1373,0.3333,6.1176,7,0.0
ソングライティング,5,51,0.1569,0.3725,5.2745,7,0.2
フェリシア,5,51,0.0588,0.1176,8.2941,7,0.25
マーチャンテイマー,6,51,0.0784,0.1961,8.2549,7,0.0
ロングビクトリア,5,51,0.0196,0.098,9.451,7,0.0
スイートライラ,6,51,0.0784,0.1176,7.8235,7,0.0
ナンヨールージュ,4,51,0.0196,0.098,8.6471,7,0.0
ハーモニー,5,51,0.0588,0.2353,6.2941,7,0.0
ウィンワーシップ,4,51,0.098,0.2549,7.3529,7,0.0
オメガインベガス,3,51,0.0784,0.2745,7.0196,7,0.0
ジュエリークイーン,5,51,0.0196,0.2549,7.098,7,0.0
ダノニー,6,51,0.1176,0.2745,7.1961,7,0.0
キャットコイン,5,51,0.1373,0.2157,7.2941,7,0.0
ツクバビューティ,5,51,0.0784,0.2353,8.4902,7,0.0
ヤマトサクラコ,5,51,0.0196,0.098,8.3529,7,0.0
ニチドウルチル,4,51,0.0784,0.3137,6.6078,7,0.0
フォローハート,3,51,0.098,0.2745,5.9412,7,0.0
ディクシーゴールド,6,51,0.0588,0.1569,8.6078,7,0.0
ヤマニンスフィアー,4,51,0.0392,0.1569,8.3529,7,0.3333
シャイニンググラス,5,51,0.0588,0.0784,8.8431,7,0.25
メイショウハイパス,6,51,0.0784,0.1569,8.2157,7,0.0
スーリール,6,51,0.0784,0.1569,7.8235,7,0.0
プレイガール,5,51,0.0392,0.1569,8.5098,7,0.0
トーホウディアーナ,2,51,0.0588,0.1961,7.8431,7,0.0
サトノベリーニ,5,51,0.0588,0.1961,7.4706,7,0.0
ノーモアクライ,8,51,0.0784,0.1373,10.1176,7,0.3333
エーシンスペリアー,4,51,0.0588,0.3137,5.6471,7,0.0
ユキノマーガレット,7,51,0.0392,0.1373,9.6667,7,0.0
セレブリティモデル,7,51,0.1176,0.2549,7.1765,7,0.1429
リスティアエーデル,2,51,0.0392,0.2549,7.0588,7,0.0
ビールジャント,2,51,0.0784,0.2549,7.2941,43,0.0
シンギングセンセーション,5,51,0.0392,0.2353,7.3137,7,0.0
ショウナンラノビア,5,51,0.0196,0.1569,8.0196,7,0.0
コロンバスサークル,4,51,0.1373,0.3922,5.4314,7,0.0
ゴルフガール,3,51,0.0392,0.2353,8.0196,7,0.0
ビスクドール,7,51,0.098,0.3333,5.8824,7,0.0
チェインブラッド,5,51,0.0784,0.2745,6.9804,7,0.2
クレオール,5,51,0.0784,0.2157,7.8824,7,0.0
アイラシンガー,5,51,0.0588,0.1176,9.0588,7,0.0
ノベンバースルー,5,51,0.0196,0.2353,8.6471,7,0.0
スマートブローラ,3,51,0.098,0.2549,7.0588,7,0.3333
スマートノエル,5,51,0.1765,0.3922,6.4902,7,0.0
Above Heaven,5,51,0.098,0.3333,6.3725,7,0.25
スマートバベル,5,50,0.1,0.26,6.76,7,0.0
ワンモアベイビー,2,50,0.02,0.04,9.1,7,0.0
ヒシシンエイ,7,50,0.02,0.02,9.16,7,0.0
ヤヤラーラ,4,50,0.04,0.18,8.48,7,0.25
エイシンルンナ,3,50,0.04,0.1,9.64,7,0.0
マジッククレスト,5,50,0.08,0.18,7.22,7,0.0
ラタンバスケット,5,50,0.04,0.18,8.56,7,0.0
セルフプリザヴェーション,5,50,0.18,0.44,5.68,7,0.0
アルセナーレ,4,50,0.04,0.22,7.04,7,0.0
ショウナンワヒネ,6,50,0.08,0.2,8.2,7,0.1667
ショウリノウタゲ,4,50,0.12,0.26,6.92,7,0.3333
アフェランドラ,3,50,0.08,0.2,7.92,7,0.0
ペブルガーデン,5,50,0.1,0.3,6.08,7,0.5
チェルカ,6,50,0.08,0.2,7.24,7,0.0
ルーシーブライド,4,50,0.04,0.22,7.5,7,0.25
キタノフラワー,3,50,0.02,0.18,8.12,7,0.0
ビジュートウショウ,6,50,0.1,0.26,7.76,7,0.4
スーパーバレリーナ,4,50,0.04,0.14,7.94,7,0.0
フレンチバージン,5,50,0.06,0.14,9.32,7,0.0
グローリアスローズ,5,50,0.04,0.18,6.32,7,0.2
アーベントロート,8,50,0.02,0.18,7.8,7,0.0
クッカーニャ,7,50,0.04,0.24,8.2,7,0.1667
ヒシカルメン,5,50,0.04,0.24,7.32,7,0.0
サンキンレター,5,50,0.0,0.04,10.16,7,0.0
ペニーウエイト,3,50,0.06,0.2,7.8,7,0.0
ディソサード,3,50,0.04,0.32,6.56,7,0.0
クインオブオールディー,4,50,0.06,0.14,8.26,7,0.5
トゥルーゴールド,6,50,0.04,0.22,7.8,7,0.0
ムービースクリーン,2,50,0.0,0.1,8.7,7,0.0
アドマイヤジュノー,7,50,0.0,0.02,9.8,7,0.0
アオゾラペダル,8,50,0.04,0.24,8.0,7,0.0
デジタルゴールド,3,50,0.02,0.14,7.44,7,0.0
ミスリンディ,4,50,0.06,0.22,8.54,7,0.0
グッドファッション,7,50,0.04,0.14,9.78,7,0.0
アンファミーユ,5,50,0.06,0.18,8.9,7,0.0
アンルーリー,5,50,0.02,0.16,7.44,7,0.0
メイショウアリア,5,50,0.08,0.34,6.24,7,0.0
ハートビートワルツ,5,50,0.04,0.18,8.0,7,0.0
アメージングムーン,6,50,0.2,0.3,7.7,7,0.3333
ラヴィングサンデー,6,50,0.08,0.2,8.08,7,0.0
ラクアミ,4,50,0.1,0.36,5.62,7,0.25
ウィッシュ,7,50,0.06,0.22,7.9,7,0.0
タマビッグエックス,2,50,0.08,0.14,10.22,7,0.0
ロザリンド,6,50,0.2,0.44,6.84,7,0.2
モトヒメ,5,50,0.04,0.18,7.78,7,0.0
ダッチアイリス,1,50,0.08,0.28,6.22,7,0.0
ナゾ,7,50,0.06,0.16,8.9,7,0.0
オリジンファースト,4,50,0.12,0.38,5.54,7,0.0
パシフィックギャル,5,50,0.06,0.32,6.7,7,0.0
クリッピングエリア,7,50,0.04,0.14,8.32,7,0.1429
ミスフェリチタ,4,50,0.14,0.34,5.96,7,0.3333
シゲルラブスカイ,2,50,0.06,0.3,5.86,7,0.0
エピセアローム,3,50,0.18,0.38,6.0,7,0.3333
ライブリーダンス,7,50,0.04,0.04,10.28,7,0.0
ウエスタンベッラ,5,50,0.02,0.12,8.9,7,0.3333
ハルサンサン,6,50,0.06,0.2,7.1,7,0.2
カスタリア,7,50,0.02,0.06,10.0,7,0.0
フィアレス,6,50,0.0,0.1,8.0,7,0.0
イプスウィッチ,6,50,0.22,0.4,5.74,7,0.25
メイショウブーケ,3,50,0.04,0.24,7.04,7,0.0
チアズガディス,3,50,0.08,0.24,7.46,23,0.0
コマーサント,3,50,0.06,0.24,6.42,7,0.0
アルデグロリア,2,50,0.04,0.3,6.36,7,0.0
ランリーナ,4,50,0.02,0.18,6.5,7,0.0
タカミツグリーン,5,50,0.04,0.12,7.04,7,0.0
エリザベススイート,4,50,0.04,0.1,9.88,7,0.0
ドクトルコスモ,4,50,0.06,0.24,7.24,7,0.0
ディアマイダーリン,3,50,0.08,0.2,6.74,7,0.0
カネスブリエ,4,50,0.0,0.08,8.98,7,0.0
ホリデイオンアイス,6,50,0.02,0.16,8.02,7,0.0
ニシノケイト,4,50,0.16,0.26,7.92,7,0.25
スポーティングラダー,2,50,0.04,0.28,6.72,7,0.0
バイラオーラ,5,50,0.06,0.28,6.82,7,0.0
サラシー,4,50,0.1,0.24,7.64,7,0.25
アルテーロ,3,50,0.1,0.22,6.88,7,0.0
シーザシー,4,50,0.18,0.36,6.38,7,0.25
ウインアルテミス,4,50,0.14,0.4,6.96,7,0.25
ビオジオズベイビー,3,50,0.04,0.16,7.82,7,0.0
チャプレット,6,50,0.08,0.16,8.58,7,0.1667
アドマイヤドレス,7,50,0.06,0.1,9.04,7,0.4
ソウルフルヴォイス,5,50,0.08,0.22,6.94,7,0.0
スウィートレイラニ,4,50,0.04,0.16,7.2,7,0.0
セイントブルック,3,50,0.08,0.26,5.74,7,0.0
フィールフリーリー,7,50,0.04,0.16,9.32,7,0.0
ポリアフ,3,50,0.02,0.1,8.62,7,0.0
シウダニーニャ,6,50,0.06,0.14,7.74,7,0.2
キョウエイタキオン,5,50,0.1,0.24,8.08,7,0.25
ルミアージュ,5,50,0.02,0.04,9.48,7,0.5
テンシンランマン,3,50,0.16,0.52,4.98,7,0.0
ハギノエアロ,3,50,0.04,0.14,6.78,7,0.0
リングレット,5,50,0.0,0.18,7.38,7,0.0
ゴーファイトウィン,5,50,0.04,0.08,8.16,7,0.0
メデタイメデタイ,3,50,0.12,0.28,6.8,7,0.0
ナムラエラン,7,50,0.08,0.1,8.86,7,0.1667
タツグレース,4,50,0.06,0.24,7.42,7,0.0
クイックコマンド,7,50,0.04,0.16,9.08,7,0.0
ヴォルカン,3,50,0.08,0.26,6.86,7,0.0
アイリッシュペコ,5,50,0.06,0.24,7.2,7,0.0
コスモカラーズ,7,50,0.04,0.1,9.16,7,0.1429
コスモスカイライン,9,50,0.02,0.12,8.94,7,0.0
ニホンピロチャンス,5,49,0.0204,0.0816,8.2653,7,0.0
ゴッドフローラ,3,49,0.102,0.3061,6.449,7,0.0
コスモカラット,3,49,0.0612,0.2449,6.898,7,0.0
トーアセンヒメ,5,49,0.0204,0.102,9.2449,7,0.0
トレサンセール,4,49,0.1429,0.2449,7.2245,7,0.0
ヤマノサッシュ,6,49,0.0408,0.0816,8.9184,7,0.0
アルシッペ,5,49,0.102,0.2245,8.8367,7,0.0
イシュトリルトン,7,49,0.0408,0.0816,9.7551,7,0.0
ゴレラ,6,49,0.102,0.2857,6.6122,7,0.0
バイユーストーム,5,49,0.0408,0.1224,8.6327,7,0.3333
オウケンハート,6,49,0.0204,0.1429,9.6531,7,0.3333
サルトリーガール,5,49,0.1633,0.2653,8.6735,7,0.0
ツルマルワンピース,7,49,0.2653,0.4694,5.102,7,0.5714
ヒストリアドリーム,6,49,0.0,0.102,7.5102,7,0.0
オクリモノ,6,49,0.0,0.0408,10.8571,7,0.0
キセキスティール,2,49,0.0612,0.1429,9.1429,7,0.0
キシュウリベンジ,5,49,0.0,0.0204,10.1429,7,0.0
アーリースプリング,5,49,0.102,0.1837,8.4694,7,0.0
フォクシーレッグス,6,49,0.0204,0.2041,8.2857,7,0.0
ゴシップクイーン,7,49,0.1224,0.1633,8.6939,7,0.0
マチュアード,5,49,0.0408,0.2041,7.7347,7,0.0
ケイアイギャラリー,5,49,0.0816,0.1429,9.0612,7,0.5
カーヴィシャス,8,49,0.102,0.2041,8.102,7,0.2857
ブロードアピール,6,49,0.1429,0.2857,8.0816,7,0.0
メジロルルド,7,49,0.0816,0.1429,9.0,7,0.1667
マイネシャリマー,4,49,0.0408,0.1224,8.6939,7,0.0
キタサンプリンセス,4,49,0.102,0.3061,6.2857,7,0.0
ハイアーラヴ,7,49,0.1633,0.3061,7.6327,7,0.0
フラーティングアウェイ,4,49,0.1837,0.3265,7.5918,7,0.0
グランシャルム,6,49,0.0408,0.2653,7.1837,7,0.0
プリームス,6,49,0.1837,0.551,4.6939,7,0.2
アズサユミ,5,49,0.0408,0.2449,7.7347,7,0.0
チェリーミルズ,7,49,0.0204,0.2245,6.9184,7,0.0
エーシンクールディ,5,49,0.1633,0.2653,7.2653,7,0.25
ヒシアルコル,5,49,0.1224,0.3673,5.6122,7,0.2
エスコルピオン,4,49,0.0408,0.2245,7.5306,7,0.0
カスタラナ,6,49,0.0612,0.2245,8.0612,7,0.0
ヴァニラシャンティ,6,49,0.0,0.1429,8.8571,7,0.0
ユーロシャーリーン,4,49,0.1224,0.2245,6.8163,7,0.0
シャイナムスメ,8,49,0.0,0.0816,8.102,7,0.0
ダイワサンルージュ,8,49,0.0612,0.2041,8.1224,7,0.0
ルージュノアール,5,49,0.1429,0.4286,5.7347,7,0.4
スモーダリング,5,49,0.1429,0.3673,6.102,7,0.2
プレインズウーマン,4,49,0.0816,0.3061,5.898,7,0.0
ワンモアアリュール,4,49,0.0408,0.1429,7.6531,7,0.0
コスモバルバラ,5,49,0.0612,0.2041,7.3265,7,0.0
アディシオン,5,49,0.0408,0.102,8.2449,7,0.0
タガノスティード,4,49,0.0816,0.2653,5.8367,7,0.0
ナンヨーカノン,3,49,0.0816,0.2041,7.4694,7,0.0
エルシェロアスール,3,49,0.0408,0.2041,6.6939,7,0.0
アートオブビーン,5,49,0.0204,0.1837,7.9388,7,0.0
ロイヤルファンタジー,5,49,0.0204,0.1429,8.8571,7,0.0
シェリレーヌ,5,49,0.0204,0.1224,8.2449,7,0.0
フォルクスオーパー,7,49,0.1429,0.2245,7.5306,7,0.1667
ミステリアスオーラ,6,49,0.102,0.2449,8.1633,7,0.0
ピューマカフェ,4,49,0.102,0.2245,6.9796,7,0.0
ヒカルアモーレ,9,49,0.1837,0.5102,4.8776,7,0.1429
ニシノフジムスメ,7,49,0.0408,0.1837,8.5306,7,0.0
サッカータイカン,3,49,0.0408,0.2041,7.2449,7,0.0
フジノプログレス,6,49,0.0,0.2041,8.2449,7,0.0
トウケイスペシャル,5,49,0.0816,0.102,9.3469,7,0.6
アグネスラズベリ,4,49,0.0408,0.3469,6.551,7,0.0
トーホウアスカ,5,49,0.0816,0.2245,7.898,7,0.0
ポウリナズラヴ,4,49,0.1633,0.5714,4.6939,7,0.0
パンズラビリンス,7,49,0.0,0.1224,7.7347,7,0.0
エレンウィルモット,6,49,0.1224,0.2653,6.6122,7,0.4
クールダウン,3,49,0.0408,0.0816,7.2857,7,0.0
モスフロックス,4,49,0.0816,0.2041,7.9388,7,0.0
ティンクルハート,6,49,0.0408,0.0816,8.8571,7,0.2
ノースパストラル,6,49,0.0816,0.1633,8.2653,7,0.0
アニマトゥール,4,49,0.0408,0.1429,7.2041,7,0.0
ピュアウィンク,3,49,0.1224,0.3878,5.9592,7,0.0
モズソフィ,6,49,0.102,0.3061,6.551,7,0.0
レディーダービー,6,49,0.0816,0.2653,7.5102,7,0.0
ハッピーノリチャン,4,49,0.0612,0.1429,8.3469,7,0.0
アンプリペアード,4,49,0.0612,0.3265,6.0,7,0.0
Unrivaled Belle,2,49,0.0408,0.2449,6.1837,7,0.5
ゴールドヴァレー,5,49,0.0408,0.1837,9.0204,7,0.0
セイントリーフ,5,49,0.0204,0.1429,7.6327,7,0.0
ルタンデスリーズ,7,49,0.102,0.2857,7.5102,7,0.2857
ユウアールシー,8,49,0.0204,0.0612,10.7959,7,0.0
マンノアクトレス,4,49,0.0612,0.2245,6.1224,7,0.0
ムーンザドリーム,4,49,0.0612,0.2449,7.0204,7,0.0
レイライン,2,49,0.0408,0.2857,5.8776,7,0.0
Regency Romance,6,49,0.102,0.1837,7.551,7,0.5
ジャストトゥートゥー,7,49,0.1224,0.3878,6.9184,7,0.25
ヒシアイドル,3,49,0.0204,0.0816,8.2245,7,0.0
リアライズノユメ,4,49,0.0612,0.3265,5.449,7,0.0
マイネグロリアーナ,4,49,0.0612,0.2449,6.2449,7,0.0
コスモエルデスト,4,49,0.0408,0.1224,7.7347,7,0.0
リップル,6,49,0.102,0.2653,7.3061,7,0.3333
メイショウキラリ,4,49,0.0612,0.2245,6.4898,7,0.0
ペイシャフローレス,3,49,0.1224,0.3265,8.0816,7,0.0
トウホクビジン,5,49,0.0816,0.1837,7.7755,7,0.0
キャンディーストア,6,49,0.102,0.1633,8.5102,7,0.2
ラルーチェ,3,49,0.102,0.5102,4.3469,7,0.0
センノメグミ,4,49,0.0612,0.1224,7.9592,7,0.0
スルージエアー,4,49,0.102,0.2449,7.7959,7,0.3333
ムガール,4,49,0.0816,0.2245,6.4898,7,0.5
ウインプラチナム,6,49,0.0816,0.2857,7.0816,7,0.0
パープルセイル,4,49,0.1224,0.3265,7.449,7,0.6667
メイショウアシタバ,4,49,0.0612,0.1837,7.5102,7,0.0
カーラパワー,5,49,0.0204,0.1429,8.0816,7,0.0
ロックオブサリサ,7,49,0.0408,0.1633,9.1837,7,0.2
ヴィーナスコロニー,5,49,0.1429,0.3673,6.2041,7,0.0
ヒロコファンタジー,7,49,0.0408,0.0816,9.551,7,0.1667
マトリョーシカ,6,49,0.1837,0.4286,5.8163,7,0.125
カラベルラティーナ,6,49,0.0816,0.3673,6.5306,7,0.0
エルラディユー,5,49,0.0,0.2449,8.6531,7,0.0
ブイルージュ,8,49,0.0204,0.0612,9.3265,7,0.0
シークレットアセット,5,49,0.1224,0.5306,5.0204,7,0.0
ウインデンファーレ,4,49,0.102,0.2245,7.0408,7,0.5
ツリー,3,48,0.0417,0.1458,8.4792,7,0.0
フェイドレス,4,48,0.0417,0.1458,7.6458,7,0.0
エーシンチェロキー,5,48,0.0208,0.125,7.2917,7,0.0
ミヤビハンター,5,48,0.0417,0.0625,8.7708,7,0.0
クィーンオブキネマ,8,48,0.0833,0.2083,8.75,7,0.0
ショウナンカガリビ,4,48,0.0625,0.2292,7.0208,7,0.0
レイクマーメイド,2,48,0.0417,0.1875,8.8125,7,0.0
バイカオウレン,8,48,0.0,0.0417,8.8542,7,0.0
エーシンマンターナ,4,48,0.0417,0.1042,7.7083,7,0.0
ブローオブサンダー,4,48,0.0417,0.1667,6.9375,7,0.0
ローザディアマント,7,48,0.0625,0.2083,7.4167,7,0.0
メメエナン,1,48,0.0,0.25,6.25,7,0.0
ジュエルシャネル,6,48,0.0417,0.125,9.625,7,0.0
フェータルローズ,4,48,0.125,0.3542,4.9375,7,0.25
ミュゲプリンセス,3,48,0.1458,0.4167,5.6875,7,0.0
レディアーティスト,4,48,0.0625,0.2708,6.9167,7,0.0
アスコットビコー,1,48,0.0833,0.1667,7.125,7,0.0
グリーンオリーヴ,4,48,0.125,0.3125,6.3542,7,1.0
レディアモーレ,5,48,0.0208,0.0625,9.3542,7,0.0
チェリーエンジェル,4,48,0.0625,0.25,7.3542,7,0.3333
ウェーブクイーン,5,48,0.1042,0.3958,5.6667,7,0.0
ランスタン,4,48,0.0417,0.125,9.5208,7,0.0
オピニオン,3,48,0.0833,0.3125,6.3958,7,0.3333
オグリロマンス,2,48,0.0417,0.1458,7.1458,7,0.0
カシシ,4,48,0.1042,0.25,6.5833,7,0.0
アンコンソールド,6,48,0.1042,0.3333,6.25,7,0.1667
フォエヴァーダーリング,6,48,0.1458,0.4375,5.7917,7,0.5
ヤマノボンディール,5,48,0.0833,0.2708,6.5833,7,0.0
トーセンアルニカ,6,48,0.0417,0.25,7.1875,7,0.0
マルハチラブーム,4,48,0.0417,0.1875,7.2083,7,0.0
アルデュイナ,3,48,0.0417,0.2292,6.6667,7,0.0
メメキューティー,7,48,0.0417,0.1875,9.1667,7,0.0
オフェーリアシチー,5,48,0.0208,0.2292,7.25,7,0.0
ネフェルメモリー,3,48,0.0417,0.1458,8.4583,7,0.0
ヤマノアイリー,6,48,0.0208,0.1875,8.1875,7,0.2
Nuovo Record,4,48,0.1875,0.3542,6.3333,7,0.3333
デピュティプリミエ,5,48,0.125,0.3333,6.7708,7,0.0
ボンセジュール,3,48,0.0208,0.1875,7.4375,7,0.0
シヤボナ,6,48,0.2083,0.4167,6.2083,7,0.0
ニシノツインクル,4,48,0.0417,0.125,8.625,7,0.25
ゴールデンプライズ,6,48,0.0625,0.1042,8.25,7,0.0
アンカジャポニカ,4,48,0.0208,0.0417,9.7917,7,0.3333
フレンチミステリー,5,48,0.0833,0.1875,9.6667,7,0.3333
スプリットザナイト,5,48,0.1042,0.2708,7.3958,7,0.6667
リトルブレッシング,7,48,0.1667,0.4167,6.4792,7,0.0
コーブライミー,3,48,0.0833,0.3125,6.2917,7,0.0
ホシノメガミ,4,48,0.1042,0.25,7.4792,7,0.3333
ハーレムスウィング,4,48,0.0208,0.2917,6.4375,7,0.0
スイートハビタット,5,48,0.0625,0.2708,8.0417,7,0.0
マーキーアトラクション,5,48,0.1042,0.2083,9.9375,7,0.0
ポーレン,6,48,0.1875,0.3125,6.1875,7,0.5
ラパージュ,5,48,0.0208,0.0625,9.2292,7,0.2
サトノアスカ,5,48,0.0417,0.125,8.0208,7,0.0
メイデイローズ,4,48,0.0833,0.2292,8.2708,7,0.0
スーパーオアシス,4,48,0.0625,0.1875,8.5417,7,0.0
アポセカリー,7,48,0.0833,0.2292,7.3542,7,0.0
オリオンザブラック,6,48,0.0625,0.1667,8.8125,7,0.0
レッドセシリア,6,48,0.0417,0.1875,7.4792,7,0.0
ウィステリアカフナ,5,48,0.0,0.125,7.75,7,0.0
セキサンジョオウ,5,48,0.0417,0.1875,8.1667,7,0.0
マンデーデライト,7,48,0.0833,0.25,7.5625,7,0.0
レヴリ,7,48,0.0208,0.1667,8.0833,7,0.0
ジンジャーミスト,5,48,0.0833,0.3958,5.875,7,0.0
シャブリ,3,48,0.0625,0.25,6.5,7,0.5
フレンズ,5,48,0.0417,0.1458,7.0625,7,0.0
リザーブシート,4,48,0.1042,0.1667,9.1458,7,0.5
ナムラヒラリー,5,48,0.125,0.3542,6.0208,7,0.3333
ホッコーアムール,2,48,0.0417,0.2292,7.2708,7,0.0
アイアムアドーター,4,48,0.125,0.2708,7.2917,7,0.0
タイキミューズ,1,48,0.0417,0.0833,8.5208,7,0.0
プロポーズギフト,4,48,0.1042,0.3125,7.7917,7,0.0
プロミストスパーク,4,48,0.2292,0.375,5.875,7,0.5
ラフィエスタ,6,48,0.1667,0.4375,5.3333,7,0.0
ターキッシュブルー,3,48,0.0625,0.2708,6.9583,7,0.0
カルティカ,6,48,0.1042,0.3333,5.9375,7,0.0
バアゼルザウバー,3,48,0.0625,0.2708,7.4792,7,0.0
シゲルホープ,2,48,0.0417,0.1458,8.3958,7,0.0
ジェンティルドンナ,5,48,0.1875,0.3542,5.4792,7,0.0
アンティークカラー,1,48,0.0417,0.3125,5.8125,7,0.0
ガーネットスター,6,48,0.0625,0.125,9.4375,7,0.25
ハイデフィニション,3,48,0.0417,0.0625,9.9167,7,0.0
ファイヤーフレンチ,5,48,0.0,0.0625,9.7917,7,0.0
ニシノモンクス,3,48,0.125,0.2917,6.625,7,0.0
ワタシマッテルワ,3,48,0.1042,0.2708,6.1667,7,0.0
スマイルコンテスト,6,48,0.0417,0.2292,7.2083,7,0.0
トロンボーン,5,48,0.0417,0.1667,8.2083,7,0.0
ニーマルオトメ,6,48,0.0417,0.1667,7.6458,7,0.0
プラントオジジアン,5,48,0.0208,0.125,8.2917,7,0.0
エアリカコ,5,48,0.0417,0.1875,7.0833,7,0.0
アディアフォーン,3,48,0.0625,0.4167,5.6042,7,0.0
Ancient Art,7,48,0.1042,0.2083,7.7083,7,0.0
レディーエンブレム,1,48,0.0625,0.25,6.1458,7,0.0
エルミラドール,6,48,0.1667,0.3542,5.875,7,0.1667
ロイヤルカード,5,48,0.0833,0.25,6.8542,7,0.0
ドゥービリーヴイン,4,48,0.0208,0.125,8.2083,7,0.0
リッカビクトリー,4,48,0.0,0.0417,9.8542,7,0.0
クリノニケ,3,48,0.0417,0.1875,7.4583,7,0.0
エリモマドンナ,7,48,0.0625,0.1875,9.2917,7,0.0
ミスエリカ,4,48,0.125,0.375,6.1667,7,0.25
ライフストーリー,3,48,0.1042,0.2917,7.8333,7,0.0
ニホンピロオーロラ,3,48,0.0208,0.0833,7.7292,7,0.5
イツノヒカ,7,48,0.0,0.125,8.0,7,0.0
テンダリーヴォイス,4,48,0.1458,0.4375,5.0,7,0.0
サルサクイーン,3,48,0.125,0.4375,5.9375,7,0.3333
プリモスター,3,48,0.0625,0.2292,7.9583,7,0.5
フラワーウィンド,6,47,0.0638,0.2766,6.9362,7,0.1667
プリュネル,3,47,0.0426,0.1489,6.9362,7,0.0
アイハヴアジョイ,5,47,0.0,0.0213,10.5957,7,0.0
アペイロン,3,47,0.0426,0.1277,8.5957,7,0.0
フラムドール,5,47,0.0426,0.2128,7.1702,7,0.2
クイーンカトリーン,5,47,0.0638,0.2553,7.1277,7,0.0
リアルエクスペクテイションズ,6,47,0.0213,0.2128,7.3617,7,0.0
トリンカファイブ,5,47,0.0851,0.1915,7.4043,7,0.0
コウギョウマシェリ,4,47,0.0,0.1064,8.4043,7,0.0
エリモエトワール,4,47,0.1702,0.1915,8.8085,7,0.0
クリムゾンルージュ,5,47,0.0851,0.2979,7.7234,7,0.0
サクラシンフォニー,4,47,0.0213,0.0851,10.4043,7,0.25
サクラカンパネラ,7,47,0.0213,0.0851,9.4894,7,0.0
クリンゲルベルガー,6,47,0.0213,0.0851,10.2979,7,0.2
ウェルカムフラワー,5,47,0.0426,0.1277,8.5319,7,0.0
スキャンパー,5,47,0.0426,0.1277,9.7447,7,0.25
ヘンメイレン,3,47,0.0213,0.0851,8.8298,7,0.0
クロカンブッシュ,7,47,0.0,0.234,7.4255,7,0.0
ヴィヴァーチェ,2,47,0.0426,0.2553,7.0,7,0.0
ハンドレッドスコア,6,47,0.1702,0.3617,6.9787,7,0.3333
ミスドバウィ,4,47,0.1277,0.4043,6.0851,7,0.0
ミラクルロンド,6,47,0.0213,0.0213,9.9149,7,0.0
イタリアンレッド,7,47,0.0851,0.1489,8.2553,7,0.0
モンテドーター,3,47,0.0213,0.1064,9.7021,7,0.3333
マイラヴユアラヴ,3,47,0.0638,0.1915,8.0638,7,0.0
クレアドール,5,47,0.0851,0.3404,5.8936,7,0.6667
ヘッドミストレス,4,47,0.1277,0.234,9.2128,7,0.0
フィールマイハート,7,47,0.0,0.1915,7.6383,7,0.0
シェリーバレンシア,2,47,0.0851,0.2766,6.5106,7,0.0
ロワージ,2,47,0.1064,0.3191,6.1915,7,0.0
シーズガレット,6,47,0.0213,0.0213,8.7447,7,0.0
ミルキーブロード,5,47,0.0638,0.2128,7.8085,7,0.0
ローレルアンジュ,4,47,0.1277,0.383,6.383,7,0.3333
シゲルコイヒメ,4,47,0.0213,0.0851,10.5532,7,0.0
ピンクパピヨン,5,47,0.0426,0.0851,7.8085,7,0.0
ダイヤモンドビコー,3,47,0.1489,0.3617,6.0,7,0.0
シャトーブランシュ,5,47,0.3617,0.5319,4.8936,7,0.8
スターペスキサコ,4,47,0.0213,0.1915,7.3404,7,0.0
サクセスシルエット,4,47,0.0638,0.1277,9.5106,7,0.0
ネオヴィクトリア,6,47,0.0426,0.2128,6.8298,7,0.2
アンプレヴー,6,47,0.0213,0.1702,7.5745,7,0.0
サウンタ,6,47,0.1277,0.2979,7.4468,7,0.2
アドマイヤプルート,7,47,0.0851,0.1064,9.1489,7,0.4
マイネハッピー,3,47,0.0426,0.2128,6.3191,7,0.0
マリアージュ,8,47,0.0426,0.1702,9.1702,7,0.0
サトノアマゾネス,4,47,0.1277,0.383,5.766,7,0.0
サトノアイリ,4,47,0.1277,0.3617,6.0426,7,0.0
ホクトグレイン,6,47,0.0426,0.0851,8.3404,7,0.0
ピエモンテ,5,47,0.0,0.2553,7.0,7,0.0
ハローアゲイン,4,47,0.0426,0.1489,8.9574,7,0.3333
イルネージュ,4,47,0.0851,0.2128,6.766,7,0.3333
エンシェントヒル,5,47,0.1915,0.4681,5.7447,7,0.25
エイシンオーガスタ,2,47,0.0,0.1489,8.1277,7,0.0
ナチュラルスタンス,5,47,0.0426,0.1277,7.766,7,0.25
アンドレルノートル,7,47,0.0426,0.2766,6.3191,7,0.0
カルストンツバサ,5,47,0.0638,0.2553,8.2553,7,0.0
ヒカルドウキセイ,4,47,0.0851,0.234,8.0,7,0.0
フジキラメキ,5,47,0.0,0.0426,9.5532,7,0.0
コスモポリタン,4,47,0.0638,0.2553,6.8085,7,0.0
スペシャルピース,3,47,0.0638,0.2128,8.5319,7,0.3333
デルマオサキ,5,47,0.0851,0.234,8.0,7,0.0
ゴーイントゥザウィンドウ,5,47,0.0851,0.3617,5.2979,7,0.2
ラタフィア,3,47,0.0851,0.4681,5.0213,7,0.0
シャイニングスルー,5,47,0.0213,0.0851,11.2979,7,0.0
メイカ,6,47,0.0426,0.1064,8.7234,7,0.0
ブリリアントライフ,6,47,0.0213,0.1064,7.4043,7,0.0
ヤマニンファビュル,9,47,0.0,0.0426,10.2766,7,0.0
チェストケリリー,4,47,0.1277,0.1915,9.7234,7,0.3333
ボルボレッタ,7,47,0.0213,0.234,7.2128,7,0.0
タミーン,7,47,0.1064,0.3404,6.1064,7,0.25
ゴールドカルラ,6,47,0.0638,0.2128,7.7234,7,0.0
メイクマイバンドル,4,47,0.0213,0.1489,8.5532,7,0.0
エーシンメンフィス,5,47,0.0426,0.0851,9.2553,7,0.25
メルティーキス,6,47,0.1064,0.2766,8.1702,7,0.0
マリントウショウ,6,47,0.1064,0.2128,9.234,7,0.0
マッキーパシオン,3,47,0.0426,0.1702,7.2766,7,0.0
スペシャライズ,6,47,0.0638,0.2128,7.9362,7,0.0
レッドマシェリ,8,47,0.0,0.0426,10.4468,7,0.0
イシノスティール,3,47,0.0638,0.1064,8.4255,7,0.0
トランクイリティー,1,47,0.0,0.1702,7.2979,7,0.0
サマーソング,5,47,0.0638,0.2553,6.6809,7,0.0
ジョウノボレロ,5,47,0.0426,0.1702,9.0213,7,0.0
ノーザンスター,4,47,0.1064,0.383,6.234,7,0.0
ガーネットチャーム,6,47,0.0426,0.0851,9.383,7,0.0
マルペンサ,4,47,0.3617,0.5745,3.6809,7,0.5
プラセール,7,47,0.0,0.0426,10.3404,7,0.0
インフレッタ,3,47,0.0426,0.1915,7.0,7,0.0
レガシーパーパス,5,47,0.0213,0.2553,6.9574,7,0.0
バウンシーチューン,8,47,0.1277,0.2766,7.617,7,0.0
クイーンパイレーツ,4,47,0.2766,0.5532,4.1915,7,0.3333
リングジアラーム,6,47,0.1064,0.2128,7.6383,7,0.0
エイシンバンバ,4,47,0.1064,0.2766,7.4255,7,0.0
グラールホーリー,4,47,0.0851,0.234,7.2766,7,0.0
ラヴアンドフェイス,4,47,0.0638,0.2553,7.5532,7,0.0
ハッピーパーティー,4,47,0.0213,0.1064,8.8511,7,0.25
コスモコルデス,6,47,0.0638,0.2128,8.3404,7,0.0
スプリングチケット,5,47,0.0851,0.383,5.5745,7,0.0
ギンザヴィクトリア,5,47,0.0638,0.1702,7.9787,7,0.0
サンキューアスク,5,47,0.1064,0.3617,6.4894,7,0.0
ミヤビグローリー,6,47,0.0638,0.234,7.7447,7,0.0
クィーンオブシバ,4,47,0.1064,0.2979,6.6596,7,0.0
マイネサヴァラン,6,47,0.0426,0.2766,6.7447,7,0.3333
ルミノハレブタイ,5,47,0.1277,0.2979,6.5745,7,0.2
カゼルタ,5,47,0.1064,0.2979,7.7447,7,0.0
グラニースミス,8,47,0.1489,0.3191,6.8723,7,0.125
ビクトワールイゾレ,4,47,0.0213,0.0638,11.2128,7,0.0
ラヴィングプライド,3,47,0.1702,0.3191,6.4043,7,0.5
カタマチボタン,7,47,0.0638,0.2766,7.617,7,0.2
グランドウイズダム,3,47,0.0426,0.234,7.4681,7,0.0
クアルティエーレ,4,47,0.0426,0.1702,7.766,7,0.0
サフランパートナー,6,47,0.0426,0.0426,9.9787,7,0.1667
ローズボー,4,47,0.0426,0.1489,8.1277,7,1.0
テイエムノキセキ,4,47,0.0426,0.234,7.7021,7,0.0
ムーニーポンズ,8,47,0.0638,0.1489,9.2128,7,0.0
マンノヴィクトリア,4,47,0.0638,0.2128,7.6809,7,0.0
ライラッククイーン,5,47,0.0426,0.234,7.1277,7,0.0
グラスルノン,4,47,0.1277,0.2766,7.0851,7,0.5
ラトーナ,4,47,0.0638,0.1489,7.3191,7,0.25
ディヴォーション,5,47,0.0638,0.1277,9.3191,7,0.0
ベルクラシック,4,47,0.0851,0.3404,6.1489,7,0.0
モエレゴールド,7,47,0.0426,0.1915,6.9574,7,0.0
フレンチトースト,5,47,0.1277,0.2553,7.9574,7,0.25
アドマイヤシーマ,5,47,0.0851,0.3404,6.234,7,0.0
エテ,5,47,0.0213,0.1064,8.0851,7,0.0
ステイアライヴ,8,47,0.0426,0.2128,9.2766,7,0.0
ラスリーズ,6,47,0.0851,0.2766,7.4043,7,0.0
ソロリサイタル,5,47,0.0213,0.1702,7.6383,7,0.0
オクシペタルム,6,47,0.1064,0.2128,7.1277,7,0.25
デュプレ,5,46,0.0217,0.1522,8.1739,7,0.0
マコトサンパギータ,8,46,0.0435,0.1304,8.6304,7,0.0
デック,2,46,0.087,0.3478,7.5652,7,0.0
アドマイヤモンロー,3,46,0.1304,0.3043,6.6304,7,0.0
スリースノーグラス,4,46,0.0217,0.1957,7.6957,7,0.0
イイナヅケ,4,46,0.0435,0.3913,5.6957,7,0.25
ゴールドフォイル,2,46,0.087,0.3261,5.9348,7,0.0
オールウェイズラブ,7,46,0.1087,0.3261,6.1522,7,0.1667
ニシノプレシャス,4,46,0.0435,0.1087,8.6957,7,0.25
バクシンオージョ,6,46,0.0217,0.0652,10.3913,7,1.0
アンリミテッドピサ,5,46,0.1522,0.413,6.0,7,0.0
コンゴウビジン,3,46,0.0217,0.1304,8.087,7,0.0
メイプルロード,1,46,0.0435,0.3043,5.3478,7,0.0
エアコゼット,7,46,0.0,0.2391,7.8478,7,0.0
ハナランマン,3,46,0.0435,0.1522,7.1739,7,0.0
ロサモスカータ,5,46,0.1087,0.3478,6.1522,7,0.0
サイレントセンティネル,2,46,0.0435,0.2826,7.1087,7,0.0
ファイナルリリー,6,46,0.0652,0.1522,9.087,7,0.0
ヌレエフクイン,2,46,0.0217,0.1739,7.587,7,0.0
ローザボニータ,4,46,0.0652,0.2174,7.8478,7,0.0
ガンバリッコ,7,46,0.0217,0.1304,9.0435,7,0.0
ファーナリー,5,46,0.0652,0.1957,8.0,7,0.0
テンシノキセキ,5,46,0.0652,0.2391,8.4783,7,0.0
アイコチャン,6,46,0.0652,0.1739,8.1304,7,0.0
クーニャン,4,46,0.0435,0.2609,6.8043,7,0.3333
パワースポット,4,46,0.1087,0.2826,5.8261,7,0.0
ハッピーティア,6,46,0.0435,0.1957,7.8696,7,0.0
ジャジャウマガール,4,46,0.087,0.2609,7.3696,7,0.0
アンテプリッツ,6,46,0.0435,0.2609,7.8043,7,0.0
スイートメドゥーサ,6,46,0.0435,0.1739,7.6087,7,0.0
ベッライリス,4,46,0.0652,0.1957,6.913,7,0.0
チャームラブ,6,46,0.0652,0.2174,6.9565,7,0.25
ハッピーユーゲント,7,46,0.0217,0.1087,8.8478,7,0.0
ターシャズスター,7,46,0.2174,0.3261,8.1304,7,0.2857
バイザキャット,5,46,0.0652,0.3043,7.1087,7,0.5
タガノジョイナー,5,46,0.1304,0.3696,6.4565,7,0.25
アサカラヴァーズ,3,46,0.1522,0.3261,6.2174,7,0.5
ハイフレンドモア,2,46,0.087,0.1739,7.5435,7,0.0
レッドカーラ,4,46,0.1304,0.3261,6.7609,7,0.25
ニフティハート,5,46,0.0435,0.1522,9.8913,7,0.0
ロッキーバッハ,3,46,0.0652,0.1957,7.3261,7,0.3333
レイズユアグラス,5,46,0.0652,0.1522,7.9348,7,0.0
コケレール,7,46,0.1522,0.4565,5.6957,7,0.3333
コウエイオトメ,5,46,0.0217,0.087,8.2391,7,0.0
ダイイチサザン,1,46,0.0435,0.2391,5.8478,7,0.0
バーデンフォンテン,5,46,0.0652,0.2391,7.8478,7,0.0
アジタート,3,46,0.087,0.3478,6.0652,7,0.0
オーシャンビーナス,7,46,0.0,0.087,9.6522,7,0.0
ルミナスパレード,4,46,0.1957,0.5435,4.6522,7,0.0
ソロデビュー,6,46,0.0435,0.1522,7.3478,7,0.0
クリールダイナー,6,46,0.0,0.0217,9.4348,7,0.0
クリーミーボイス,6,46,0.1522,0.2609,7.1957,7,0.0
ラブミーリル,3,46,0.1522,0.5,4.8043,7,0.0
シーズアン,7,46,0.0435,0.1087,8.6522,7,0.5
ザラストドロップ,3,46,0.0652,0.1304,8.7609,7,0.5
ヴィエナトウショウ,3,46,0.087,0.2609,6.8261,7,0.0
バトルアンコール,4,46,0.087,0.2391,7.9783,7,0.0
ポルトフィーノ,7,46,0.1087,0.413,6.1957,7,0.2
ロイヤルマリー,6,46,0.0217,0.0652,9.3261,7,0.2
パーソナルダイアリー,5,46,0.0435,0.1957,8.7826,7,0.0
ネイティヴコード,5,46,0.1739,0.4348,5.7826,7,0.0
トップオブザヘヴン,3,46,0.087,0.2391,7.587,7,0.3333
バランセラ,7,46,0.1739,0.2826,6.4348,7,0.5
ヤサカオディール,5,46,0.087,0.2174,8.4565,7,0.25
クロストウショウ,7,46,0.0217,0.1522,8.7391,7,0.0
ブランピュール,3,46,0.0652,0.3043,6.1087,7,0.0
マキノルーチェ,4,46,0.0217,0.087,9.3261,7,0.0
ロゼットネビュラ,6,46,0.1304,0.413,5.1304,7,0.0
プリンセスメモリー,4,46,0.0217,0.087,10.0652,7,0.0
ピュクシス,5,46,0.1087,0.3043,7.0,7,0.2
カシマフラワー,6,46,0.0217,0.1522,8.1087,7,0.0
エーシンピュリティ,3,46,0.1087,0.2609,7.0217,7,0.3333
マンダリンママ,2,46,0.0652,0.1522,10.5,7,0.0
オリエンタルアート,4,46,0.0652,0.1087,9.1087,7,1.0
ギンマクノヨウセイ,7,46,0.0,0.087,9.087,7,0.0
レリカリオ,4,46,0.1087,0.3261,6.087,7,0.0
カレンタントミール,7,46,0.1304,0.2391,8.8478,7,0.2
レッドハイヒール,5,46,0.0217,0.1739,8.3913,7,0.0
フランシール,6,46,0.0,0.0652,8.6739,7,0.0
トシキセキ,3,46,0.0435,0.1522,8.8913,7,0.0
フレンチポップス,2,46,0.0652,0.1739,7.9565,7,0.0
リリカルホワイト,4,46,0.1087,0.2826,6.0652,7,0.25
アムールポエジー,6,46,0.1087,0.2609,6.5435,7,0.0
ダンサーデスティネイション,5,46,0.1304,0.3043,6.6087,7,0.25
ホッカイショコラ,5,46,0.0,0.2391,8.1304,7,0.0
ラセレシオン,4,46,0.1522,0.2826,7.8913,7,0.0
テーオールネサンス,5,46,0.0652,0.1957,8.0435,7,0.0
アグネスラブ,2,46,0.0435,0.3261,5.5,7,0.0
レイヨンヴェール,2,46,0.087,0.1739,8.0217,7,0.0
タカヒロガートップ,4,46,0.0652,0.1739,7.1957,7,0.0
キーレター,7,46,0.0435,0.2391,8.1522,7,0.0
オリオンムーン,7,46,0.0435,0.2391,6.5435,7,0.0
ジプシーマイラブ,4,46,0.1304,0.1957,8.3478,7,0.0
インクレセント,6,46,0.0652,0.2174,6.8478,7,0.2
ミッドナイトダンス,6,46,0.0435,0.1304,11.0652,7,0.0
イサミステルス,7,46,0.0435,0.2391,8.8043,7,0.0
シュテルンターラー,3,46,0.0435,0.1522,8.7174,7,0.0
ブロッケン,3,46,0.1304,0.413,6.5652,7,0.5
エグゼリーナ,6,46,0.0435,0.1522,9.0435,7,0.0
アラドヴァル,6,46,0.087,0.1957,5.8043,7,0.0
ケイエスシンアカリ,4,46,0.0652,0.1739,8.2174,7,0.0
コリーナデルナ,2,46,0.0,0.1957,6.2174,7,0.0
マッキーアリエス,7,46,0.0217,0.1522,8.2174,7,0.0
タムロブライト,5,46,0.1087,0.2174,8.1522,7,0.0
マスターコーク,7,46,0.0652,0.1739,8.6304,7,0.0
メイクアミラクル,5,46,0.1304,0.3261,5.3696,7,0.0
コチョウサン,4,46,0.0652,0.1739,9.6957,7,0.25
ヒラボクウィン,5,46,0.087,0.1522,7.5652,7,0.3333
マルクプレンヌ,4,46,0.087,0.2826,6.6739,7,0.0
メイショウメイゲツ,4,46,0.0652,0.1304,8.0217,7,0.0
ロジフェローズ,5,46,0.1087,0.3043,7.1957,7,0.0
フェンスイ,4,46,0.0217,0.1739,8.1739,7,0.0
ギャラクシーセレブ,4,46,0.0217,0.1957,7.7609,7,0.0
ペイトンドーロ,6,46,0.0652,0.2609,8.1087,7,0.0
メリーランドガール,3,46,0.0435,0.2174,7.7391,7,0.0
ストームトウショウ,5,46,0.0652,0.1739,8.7391,7,0.2
シルキーグルーヴ,6,46,0.0217,0.0652,9.1739,7,0.0
ロイヤルヴォルト,6,46,0.0652,0.1739,7.2174,7,0.0
グランマモーゼス,5,46,0.0217,0.087,8.3913,7,0.0
スペシャルリボン,5,46,0.087,0.1304,8.5217,7,0.3333
ストームクオリティ,8,46,0.0435,0.087,9.0,7,0.0
クィーンロマンス,5,46,0.087,0.3261,8.1739,7,0.0
ルナーコロナ,5,46,0.0435,0.1739,8.6304,7,0.0
カネトシビバーチェ,4,46,0.087,0.3478,5.587,7,0.0
セデュウシング,4,46,0.0,0.2826,5.7174,7,0.0
ゴーオンマイウェイ,3,46,0.087,0.3478,5.6304,7,0.0
カワカミショコラ,6,46,0.0217,0.1522,7.913,7,0.0
ヴェイルオブクララ,4,45,0.0,0.0222,9.8444,7,0.0
ブルーブルチャンネ,2,45,0.0444,0.2444,6.8222,7,0.0
チャンピオンダイヤ,5,45,0.0667,0.2889,7.6,7,0.0
ニホンピロディール,4,45,0.0667,0.2444,7.0444,7,0.0
アルカイックレディ,7,45,0.0444,0.1778,9.6444,7,0.2
ウェディングベリー,2,45,0.0,0.0889,8.6889,7,0.0
ニライカナイ,6,45,0.0222,0.0889,8.2444,7,0.0
カフェドマーニ,5,45,0.0444,0.2222,7.1778,7,0.0
ボンキュッボン,4,45,0.0,0.1556,8.0889,7,0.0
ラロキューン,4,45,0.0,0.0889,9.6222,7,0.0
カゼニモマケズ,4,45,0.0667,0.2667,7.0222,7,0.0
コスモレティクルム,4,45,0.0667,0.2889,6.4667,7,0.0
カウガールズドントクライ,5,45,0.0889,0.2444,8.9778,7,0.0
ビクトリーチャンス,5,45,0.0667,0.2667,7.7556,7,0.0
シスターエレキング,6,45,0.0889,0.1778,9.1778,7,0.0
ポジションリミット,4,45,0.1556,0.3111,6.6222,7,0.0
Sindy With an S,1,45,0.0444,0.1556,7.4222,7,0.0
ツヨイキモチ,5,45,0.0667,0.1333,8.1333,7,0.25
ラヴコマンダー,4,45,0.0667,0.1556,7.1111,7,0.0
メイショウアイリス,5,45,0.0,0.1111,7.7778,7,0.0
ブライアンズビコー,2,45,0.0222,0.1333,8.4222,7,0.0
ラヴリージョウ,9,45,0.0222,0.1778,8.3333,7,0.25
キャロルブラボー,2,45,0.0222,0.2667,7.0889,7,0.0
オートクレール,3,45,0.1556,0.3556,6.4667,7,0.0
ロイヤルティアラ,4,45,0.0667,0.2444,7.1333,7,0.0
ザカラーオブラヴ,4,45,0.0,0.0889,7.7111,7,0.0
チャイニーズフレア,6,45,0.0444,0.2667,7.6444,7,0.0
オレンジジェラート,3,45,0.0667,0.1778,7.0889,7,0.0
アスカトップレディ,5,45,0.0667,0.2444,7.5556,7,0.0
パレガルニエ,4,45,0.0889,0.2,8.2667,7,0.3333
ニシノユメヲミセテ,1,45,0.0444,0.2444,6.9111,7,0.0
チーフオフィサー2,4,45,0.1111,0.2,8.1556,7,0.0
ナナリー,5,45,0.0222,0.2,7.8444,7,0.0
デイドリーム,4,45,0.0,0.1778,8.6889,7,0.0
メジロビクトリア,3,45,0.0667,0.2889,6.5111,7,0.0
ジターナ,5,45,0.1556,0.4444,6.2,7,0.0
シャスターデイジー,4,45,0.1111,0.4444,4.7556,7,0.0
ルピナスレイク,7,45,0.0889,0.2,8.8889,7,0.0
レーヴディマン,5,45,0.0889,0.2889,6.7556,7,0.25
ラッフォルツァート,3,45,0.0444,0.2,6.6667,7,0.0
サンデーミューズ,5,45,0.0889,0.1778,7.0222,7,0.0
ラトナプラ,4,45,0.0889,0.3778,6.4444,7,0.0
ハートスプリンクル,3,45,0.0444,0.2,7.1778,7,0.0
クィーンオブライフ,2,45,0.0444,0.2444,8.1778,7,0.0
エアジュリアード,5,45,0.0444,0.2889,7.2667,7,0.0
ブルーストーン,3,45,0.0667,0.2889,5.8444,7,0.3333
ラピッドオレンジ,4,45,0.0889,0.2444,7.4222,7,0.0
ラフアップ,5,45,0.0889,0.2,7.6444,7,0.5
バイモユリ,1,45,0.0889,0.4222,6.2222,7,0.0
アンシェルブルー,7,45,0.0444,0.0889,9.2,7,0.1429
メモリーキャップ,3,45,0.1111,0.4222,6.0667,7,0.0
ダブルプライム,3,45,0.0889,0.4,5.6222,7,0.0
マイネアンティーク,6,45,0.0889,0.2889,6.9111,7,0.0
メモリーズオブロニー,3,45,0.0444,0.0667,9.4667,7,0.0
サルサファンタジア,3,45,0.0444,0.1556,7.7556,7,0.3333
クイーンビー2,3,45,0.1778,0.4444,5.5556,7,0.0
ミミオブパラダイス,2,45,0.1333,0.3111,7.3111,7,0.0
ウルド,5,45,0.0222,0.2667,7.0222,7,0.2
サマリーズ,3,45,0.2,0.4444,5.4889,7,0.0
モアマイガール,5,45,0.0,0.0222,9.3778,7,0.0
ナムラココロ,5,45,0.0667,0.2444,7.0667,7,0.0
ヴァナディース,5,45,0.0222,0.2667,8.5778,7,0.0
モエレフルール,6,45,0.0667,0.1778,7.4444,7,0.1667
アーバンレジェンド,5,45,0.0889,0.2889,7.8444,7,0.3333
タイセイハニー,6,45,0.0444,0.0889,10.2667,7,0.0
ファイナルディシジョン,5,45,0.0889,0.2667,6.9556,7,0.0
マダムメガミ,6,45,0.0222,0.0889,8.4889,7,0.0
マヤノロシュニ,6,45,0.0,0.0444,9.6667,7,0.0
チャペルコンサート,5,45,0.0222,0.0222,8.8667,7,0.0
エルクイーン,7,45,0.0889,0.2889,7.2,7,0.3333
スウィートリーズン,6,45,0.2444,0.4667,5.2667,7,0.25
スカイアライアンス,5,45,0.0444,0.0667,8.5111,7,0.25
クリスマドンナ,5,45,0.0222,0.2222,6.9778,7,0.0
クリノクレオパトラ,3,45,0.0889,0.2667,7.1778,7,0.0
リバーサウンド,2,45,0.1111,0.2,8.9111,7,0.0
クリムゾンフレア,7,45,0.0222,0.1778,8.1556,7,0.0
スキャンダルシート,4,45,0.0222,0.2,7.1111,7,0.0
レディーロックフォード,6,45,0.0222,0.1333,8.2667,7,0.1667
ミスイースター,4,45,0.0667,0.2,7.2667,7,0.0
マルカシャルダン,6,45,0.0,0.0667,9.0222,7,0.0
センスオブラヴ,4,45,0.0,0.0222,9.5111,7,0.0
アイレンベルク,5,45,0.0,0.2889,6.4222,7,0.0
ハニーメロンチャン,6,45,0.0444,0.0667,9.1556,7,0.0
プラントパラダイス,7,45,0.0667,0.3111,7.5778,7,0.0
カーリンホーク,4,45,0.0667,0.3111,7.1556,7,0.0
ハギノルチェーレ,4,45,0.0444,0.2667,6.8222,7,0.0
テーブルロンド,6,45,0.1333,0.4,5.3333,7,0.25
デアリングワールド,7,45,0.1111,0.2889,8.3556,7,0.2
クーリドフレイズ,3,45,0.0667,0.2444,7.0889,7,0.3333
プロモーション,3,45,0.0889,0.2889,6.8444,7,0.0
サイレンスアモール,5,45,0.0444,0.1333,8.5111,7,0.0
スパイシークラウン,4,45,0.0444,0.1333,9.5556,7,0.0
アトムスパンカー,5,45,0.0222,0.0444,11.4,7,0.3333
チアズヒカリ,3,45,0.0444,0.1556,8.8222,7,0.3333
フリーバード,2,45,0.0222,0.1111,8.1333,7,0.0
グラントアウィッシュ,3,45,0.0667,0.2,8.1778,7,0.0
ヒルノケアンズ,5,45,0.1111,0.2222,6.8444,7,0.2
ステファニーズキトゥン,6,45,0.0667,0.3778,5.2667,7,0.4
ハロースピード,5,45,0.0444,0.1556,9.0889,7,0.0
ホームウォード,4,45,0.0889,0.3778,5.8,7,0.0
エスケイミネルバ,2,45,0.0444,0.2889,6.5333,7,0.0
ストラスペイ,4,45,0.0889,0.2222,8.1778,7,0.0
レディナデシコ,8,45,0.0222,0.2444,7.9778,7,0.1667
アカカホール,4,45,0.0889,0.2222,7.2222,7,0.0
プレシャスラバー,4,45,0.0889,0.1556,6.9556,7,0.0
ヤマニンプードレ,3,45,0.1333,0.2667,5.4222,7,0.3333
テンザンローズ,4,45,0.0889,0.1778,9.2444,7,0.5
ワイルドシンガー,5,45,0.0889,0.2222,7.4889,7,0.0
ピースオブワールド,6,45,0.0444,0.2444,7.8667,7,0.3333
スナッチド,6,45,0.1556,0.3778,6.0,7,0.25
グリーリーレイ,5,45,0.1111,0.3333,7.1556,7,0.0
ノーブルストーン,6,45,0.0444,0.1111,9.0667,7,0.0
エイシンミュー,4,45,0.1778,0.2889,7.7111,7,0.5
Painted Woman,1,45,0.0222,0.2,7.2889,15,0.0
タイフウジョオー,4,45,0.0444,0.0667,9.1333,7,0.0
セミニョン,3,45,0.1778,0.3333,6.7778,7,0.0
トリプルピルエット,5,45,0.0889,0.1778,7.5778,7,0.0
ヴェルディアーナ,4,45,0.0222,0.0667,8.0667,7,0.0
スイートグラーツ,9,44,0.0,0.0909,10.4773,7,0.0
モズアリュール,4,44,0.0682,0.25,7.25,7,0.0
キングシスター,6,44,0.0455,0.0909,8.6136,7,0.0
クリスプウインド,5,44,0.0909,0.2045,7.3409,7,0.0
アルウェン,5,44,0.0227,0.1591,8.4091,7,0.0
ヨナグッチ,7,44,0.0909,0.1818,8.5909,7,0.0
ヒシクリッパー,6,44,0.0455,0.0682,9.7727,7,0.1667
フレンドリーステラ,2,44,0.0682,0.1136,8.0682,7,0.0
マイスイートホーム,7,44,0.0227,0.1364,8.3864,7,0.0
フレンチトウショウ,6,44,0.0682,0.2273,7.5227,7,0.0
クリアリーコンフューズド,4,44,0.1136,0.1818,6.7955,7,0.3333
トータルヒート,5,44,0.2045,0.3864,6.2273,7,0.4
カワイコチャン,6,44,0.0909,0.1818,7.4773,7,0.0
ダイアナバローズ,6,44,0.2727,0.5,5.1591,7,0.3333
アスコルティ,6,44,0.2955,0.4318,6.3182,7,0.5
ディアアレトゥーサ,9,44,0.0,0.1136,9.0,7,0.0
アドマイヤミヤビ,4,44,0.2273,0.5227,4.3409,7,0.6667
リキセレナード,3,44,0.0909,0.25,7.1591,7,0.0
ダブルオベリスク,6,44,0.0682,0.2045,7.5,7,0.25
フミノサチヒメ,5,44,0.0,0.1364,9.4091,7,0.0
ポーシア,3,44,0.1591,0.4091,5.9091,7,0.0
カリビアンロマンス,5,44,0.0682,0.3636,6.5455,7,0.0
ダイシンタイムズ,3,44,0.0682,0.2273,6.9773,7,0.0
メイショウバトラー,4,44,0.0682,0.2045,7.5909,7,0.0
ウォータープリプリ,4,44,0.0227,0.1818,7.2955,7,0.25
ラベンダーメモリー,4,44,0.0455,0.2727,6.3864,7,0.0
サンシャインバレイ,3,44,0.1364,0.1591,7.6136,7,0.0
マイネアモーレ,3,44,0.0,0.2727,7.1818,7,0.0
ゴールドフェスタ,4,44,0.0682,0.1818,7.9773,7,0.0
シールビーバック,2,44,0.1591,0.3409,6.4773,7,0.0
スティールパス,5,44,0.1818,0.5,5.2273,7,0.25
アイアイサクラ,8,44,0.0227,0.1364,9.1818,7,0.0
ディーバ,4,44,0.0455,0.1591,8.1364,7,0.0
ナターレ,4,44,0.1136,0.3864,5.2273,7,0.0
レーヴドフィユ,7,44,0.0909,0.1818,8.6818,7,0.1667
ジェシカ,5,44,0.1136,0.3182,8.75,7,0.25
シャドウライフ,4,44,0.0682,0.1364,7.2045,7,0.0
デルフィーノ,4,44,0.1591,0.3182,6.6136,7,0.3333
レネットグルーヴ,6,44,0.1591,0.3182,6.6364,7,0.0
トキノナスティア,3,44,0.1136,0.1818,6.4091,7,0.0
ウォートルベリー,3,44,0.1818,0.3636,5.8409,7,0.5
インディストラーダ,2,44,0.0682,0.3182,5.9318,7,0.0
ラトーヌインパクト,5,44,0.0682,0.2727,7.2045,7,0.0
ジュエリスト,4,44,0.0227,0.1364,7.1591,7,0.0
ウインクルキラリ,3,44,0.2045,0.4318,5.0227,7,0.0
パンテール,1,44,0.0227,0.2045,7.0,7,0.0
レディパレード,5,44,0.0,0.1364,8.7045,7,0.0
ヤマニンギモーヴ,8,44,0.0227,0.1364,9.9091,7,0.0
アモーレペガサス,5,44,0.0682,0.1818,8.0455,7,0.0
ジェイケイスキャン,4,44,0.0455,0.2045,8.0682,7,0.0
ロンド,4,44,0.0455,0.1136,10.5682,7,0.0
ディープデザイア,5,44,0.0455,0.1136,9.2727,7,0.0
ホウオウサブリナ,2,44,0.1364,0.3864,6.2955,7,0.5
ジャストフォーチャンス,4,44,0.0,0.2727,6.4773,7,0.0
メモリージュエル,2,44,0.0227,0.1591,8.1364,23,0.0
パドパピヨン,5,44,0.0909,0.2045,7.3864,7,0.0
ダンスーズデトワール,4,44,0.1136,0.1591,8.5455,7,0.3333
ガリレオズソング,4,44,0.25,0.4091,5.6591,7,0.6667
アルピナブルー,7,44,0.0682,0.2273,8.6136,7,0.0
マチカネホレルナヨ,5,44,0.0,0.0909,8.6591,7,0.0
シャンパンドーロ,4,44,0.2273,0.3636,6.1364,7,0.5
シャンパントパーズ,4,44,0.0227,0.1591,7.9091,7,0.0
リネンエンプティ,3,44,0.0227,0.0682,10.4318,7,0.5
ポプラ,4,44,0.1591,0.3182,5.3636,7,0.0
マロンベル,3,44,0.0227,0.2273,7.3409,7,0.0
マルーンドロップ,5,44,0.0909,0.2045,7.4545,7,0.0
ステージスクール,7,44,0.0455,0.0682,9.2955,7,0.0
シェープアップ,3,44,0.0682,0.1591,7.3409,7,0.0
シードオブハピネス,7,44,0.0909,0.1364,8.2955,7,0.0
シーディザーブス,4,44,0.0682,0.2273,6.6364,7,0.0
Cape Elizabeth,1,44,0.0682,0.3864,7.6818,7,0.0
ミステリアスガール,7,44,0.0,0.2955,7.5,7,0.0
バグワイザー,5,44,0.0455,0.1818,8.0455,7,0.0
ハーエミネンシー,6,44,0.0909,0.3182,7.2727,7,0.4
フルマークス,5,44,0.0455,0.1136,7.7727,7,0.0
フルボイス,3,44,0.0227,0.2045,6.5227,7,0.0
ジャストザハピネス,6,44,0.0909,0.1818,9.0227,7,0.1667
ジャパニーズウィスパー,6,44,0.0909,0.2955,6.2727,7,0.2
ラヴクレージー,3,44,0.0227,0.2045,7.3636,7,0.0
ハミングトップ,5,44,0.0682,0.2045,8.7727,7,0.0
エクラミレネール,3,44,0.1136,0.3636,5.8409,7,0.0
セーフアズロック,1,44,0.0227,0.0909,9.25,7,1.0
ハードデイズナイト,3,44,0.0682,0.1591,8.7727,7,0.0
ベルモントベロニカ,1,44,0.1364,0.3409,4.9773,7,0.0
アプレレクール,4,44,0.0682,0.25,6.6591,7,0.0
ストロングアゲン,1,44,0.0227,0.2045,7.3636,15,0.0
コンゴウプリンセス,3,44,0.0455,0.1364,7.0,7,0.0
フォンタネリーチェ,6,44,0.0227,0.0909,8.3636,7,0.0
ウィンドサイレンス,4,44,0.0,0.1818,6.6818,7,0.0
アルフォンシーヌ,6,44,0.0682,0.1364,8.0,7,0.0
トウカイアンジュ,3,44,0.0,0.2273,6.9091,7,0.0
トーコーヴィオラ,4,44,0.0,0.0455,9.7273,7,0.0
ミヤジレイナ,5,44,0.0227,0.0909,8.3636,7,0.2
スケッチーヴュー,4,44,0.0455,0.0909,9.3864,7,0.0
ビジュティエ,3,44,0.0455,0.3409,6.2727,7,0.0
パラディナ,5,44,0.0682,0.1364,8.5909,7,0.25
パープルパンチ,6,44,0.0227,0.0909,9.2273,7,0.0
アイアンプラスワン,7,44,0.0227,0.1818,10.5455,7,0.0
キネオソレイユ,3,44,0.0,0.0909,10.3864,7,0.0
タマモリド,4,44,0.0909,0.3182,7.6364,7,0.25
シルショコラティエ,4,44,0.0227,0.2045,7.7955,7,0.25
ガールズトーク,6,44,0.0455,0.1818,8.0455,7,0.0
スノーパイン,3,44,0.25,0.4091,6.3409,7,0.3333
ヤンキーローズ,5,44,0.2045,0.4318,4.6364,7,1.0
サミター,6,44,0.0909,0.2273,8.7955,7,0.1667
モアザンセイクリッド,5,44,0.1136,0.2045,7.6591,7,0.0
アイランズギフト,3,44,0.0455,0.2273,7.4773,7,0.0
オーヴィレール,3,44,0.1591,0.4091,6.0,7,0.3333
シーキングドーラ,5,44,0.0455,0.0909,9.0682,7,0.0
キタサンジュエリー,5,44,0.0682,0.2955,7.9318,7,0.0
エイシンフェアリー,8,44,0.0909,0.1591,9.2955,7,0.1429
レディブライアン,4,44,0.0455,0.2955,5.3182,7,0.0
マルカフレンドリー,3,44,0.0682,0.1818,7.8182,7,0.0
サクラフォルトゥナ,6,44,0.0909,0.2045,9.4091,7,0.2
プラヤデシエルタ,3,44,0.1591,0.4318,5.0455,7,0.0
ロージーローズ,4,44,0.1364,0.2955,7.8864,7,0.0
サザンカ,2,44,0.0682,0.25,6.7273,7,0.0
スプリングタイム,5,44,0.0227,0.1136,7.7273,7,0.0
スパークルジュエル,7,44,0.0455,0.0909,9.0455,7,0.0
ダンスザクラシックス,9,44,0.0,0.0909,9.7955,7,0.0
スキャットレディビーダンシング,5,44,0.1818,0.5455,4.8636,7,0.0
スガノグラスワン,7,44,0.0,0.0227,9.9318,7,0.0
ブラボージャングル,7,44,0.0227,0.1364,8.0455,7,0.0
タケノローマン,2,44,0.0909,0.3636,5.5,7,0.0
ミニョンレーヌ,4,44,0.0455,0.1364,8.4545,7,0.0
ワーキングプライド,4,44,0.0227,0.3182,5.9545,7,0.0
ベルプラージュ,5,44,0.2273,0.5227,5.4545,7,0.3333
ソーマサイト,4,44,0.0,0.1136,8.25,7,0.0
ロトクルーザー,2,44,0.0227,0.2273,6.4091,7,0.0
ユキノヴィーナス,6,44,0.0455,0.1136,8.9545,7,0.0
ハギノナトゥーラ,3,44,0.0682,0.1136,8.6591,7,0.0
ダイヤモンドローズ,3,44,0.0455,0.25,7.6818,7,0.0
メイショウカガリビ,6,44,0.0455,0.1591,8.3636,7,0.0
カーニバルソング,4,44,0.0682,0.2955,6.9545,7,0.0
フラライン,4,44,0.0455,0.2273,7.8864,7,0.0
マトゥラー,6,44,0.0455,0.2273,7.8409,7,0.0
ヒントオブスプリング,5,44,0.0909,0.25,7.75,7,0.3333
エバーグレーズ,7,44,0.0455,0.1136,9.5455,7,0.1667
サウスオブスカイ,6,44,0.0909,0.2045,8.2045,7,0.0
スターライト,4,44,0.1136,0.3182,5.7727,7,0.0
レンヌルシャトー,4,44,0.0682,0.1818,9.0909,7,0.0
リアライズカレボ,5,44,0.0682,0.2273,7.9091,7,0.0
フォーシンズ,7,44,0.0455,0.2045,6.9318,7,0.0
オメガハートロック,2,44,0.0909,0.3409,6.8864,7,0.0
スイートマトルーフ,6,43,0.0465,0.2093,7.2093,7,0.0
キングズラヴ,2,43,0.1163,0.1628,7.0465,7,0.5
セブンスハーモニー,8,43,0.0,0.0698,9.2093,7,0.0
キーパップ,5,43,0.0465,0.186,7.8837,7,0.0
ハニーハント,7,43,0.0,0.0465,10.3256,7,0.0
サンマルバンベール,5,43,0.0233,0.0698,9.6279,7,0.0
ゴールドプライシズライジング,5,43,0.0233,0.2558,9.0698,7,0.0
アンレール,3,43,0.1628,0.3721,6.3023,7,1.0
ロバーブ,7,43,0.0233,0.0465,9.6744,7,0.2
ルリオン,5,43,0.0698,0.2326,7.5349,7,0.0
ヴェイルオブアヴァロン,6,43,0.1628,0.3256,6.2791,7,0.3333
カナディアンアプルーバル,2,43,0.1163,0.3953,5.3256,7,0.0
ツクシヒメ,5,43,0.093,0.3488,6.2558,7,0.0
シルバーチャリス,6,43,0.093,0.2558,7.2558,7,0.0
ファインセラ,4,43,0.0465,0.1628,7.6279,7,0.0
トラックマグナ,2,43,0.0698,0.2326,6.8837,7,0.0
ファインレディー,1,43,0.0465,0.2791,6.5814,7,0.0
ハタノボニート,4,43,0.093,0.2791,6.814,7,0.0
ラッキービクトリー,7,43,0.093,0.2093,10.1163,7,0.25
ミラクルクロス,7,43,0.093,0.3721,5.8372,7,0.0
フェアリーバラード,7,43,0.0233,0.2093,7.6279,7,0.0
オリミツキネン,1,43,0.093,0.3023,5.9535,7,0.0
レッドマニッシュ,3,43,0.0465,0.1628,8.6977,7,0.0
フェートデュヴァン,8,43,0.0,0.093,9.0698,7,0.0
レッドマロン,5,43,0.0698,0.1628,8.0233,7,0.0
ジョイチャイルド,4,43,0.0465,0.2093,7.2791,7,0.0
マイノチカラ,4,43,0.1163,0.2791,6.093,7,0.25
ミスティックライト,7,43,0.0233,0.093,9.0233,7,0.0
マイネマニフィーク,5,43,0.0233,0.1163,9.3256,7,0.0
ミスコンチェルト,3,43,0.0465,0.2093,7.1163,7,0.5
アグネスサクラ,6,43,0.0465,0.186,8.4186,7,0.2
トウカイパートナー,5,43,0.0465,0.093,8.2791,7,0.0
ピュアゴシップ,8,43,0.0233,0.1395,9.8372,7,0.0
ピエナアプローズ,5,43,0.0698,0.186,7.3488,7,0.0
サングレアル,5,43,0.1395,0.3256,6.907,7,0.0
サンクボヌール,4,43,0.093,0.2093,6.1163,7,0.3333
オボロヅキ,4,43,0.0465,0.093,9.093,7,0.0
サウンドバイト,3,43,0.093,0.2326,7.1628,7,0.0
オーゴンサンデー,3,43,0.0698,0.2093,7.1395,7,0.0
アイアイプリンセス,4,43,0.0465,0.0698,8.7907,7,0.0
シュガーキャンディ,1,43,0.1163,0.3256,5.2093,7,0.0
ジュリエットソング,5,43,0.1163,0.2093,7.3256,7,0.0
マイネインティマ,4,43,0.0233,0.093,8.5349,7,0.0
Gracious Lady,1,43,0.1163,0.2558,7.2326,7,0.0
テンシノホホエミ,3,43,0.0698,0.186,7.6977,7,0.0
セイクリッドフレイム,5,43,0.0465,0.093,10.0,7,0.25
キティ,3,43,0.3023,0.4651,5.5349,7,0.0
ムーンレディ,5,43,0.0465,0.2558,7.1395,7,0.5
ニシノヘレンド,5,43,0.0698,0.4419,6.0,7,0.0
ベルシエロ,6,43,0.0465,0.1163,7.093,7,0.0
トクラットリバー,4,43,0.0698,0.3023,7.0,7,0.0
マイネシャンゼリゼ,2,43,0.1395,0.2326,8.7674,7,0.0
エスジーナミ,1,43,0.0465,0.2558,6.2326,7,0.0
フラッシュウェーブ,2,43,0.1163,0.3721,5.7209,23,0.0
ブルーボサノヴァ,4,43,0.0233,0.2558,6.9767,7,0.0
イスタンブール,4,43,0.1163,0.3488,5.7674,7,0.3333
シルクロマンス,2,43,0.0465,0.186,6.7907,7,0.0
コントローリング,5,43,0.0465,0.1163,8.0465,7,0.0
カフェドフレール,2,43,0.0,0.1395,7.4651,7,0.0
アラブランカ,2,43,0.0233,0.1628,7.5116,7,0.0
エアブリエ,5,43,0.0,0.0465,9.4884,7,0.0
キモンクイーン,5,43,0.1163,0.2326,8.0698,7,0.2
スノーサミット,6,43,0.0465,0.1395,9.3488,7,0.0
イセノメガミ,5,43,0.0233,0.1395,8.3953,7,0.0
パサパ,7,43,0.0233,0.0465,9.6977,7,0.0
メメビーナス,6,43,0.0698,0.2791,7.7442,7,0.0
セイカフォルトゥナ,3,43,0.1395,0.3488,6.6047,7,0.3333
ブライティアピア,3,43,0.0233,0.3256,6.4884,7,0.0
ブリュンヒルト,3,43,0.1163,0.3256,6.5116,7,0.3333
プリスティン,5,43,0.0465,0.1628,8.0465,7,0.0
ラヴフェアリー,3,43,0.0465,0.2093,6.8605,7,0.0
スサーナトウショウ,7,43,0.093,0.2326,8.1628,7,0.1667
ミスチフ,6,43,0.0233,0.093,10.0233,7,0.0
ハーレクイーン,5,43,0.0698,0.1163,7.8372,7,0.0
ストールンハート,6,43,0.0233,0.186,8.7674,7,0.0
マジックシアター,4,43,0.0465,0.3256,6.0465,7,0.0
ブリーズヴェール,2,43,0.0698,0.2558,7.6977,7,0.0
ペレブラッサム,5,43,0.0698,0.2093,7.5349,7,0.0
シーズアタイガー,5,43,0.186,0.4884,5.2326,7,0.25
ペニーブラック,4,43,0.1628,0.2558,7.2558,7,0.0
ペニーズフォーチュン,2,43,0.0698,0.3721,5.9535,7,1.0
サンタフェソレイユ,6,43,0.0698,0.1628,7.8837,7,0.0
サンタテレサ,3,43,0.1163,0.3721,5.5116,7,0.0
エミネントピークス,5,43,0.0465,0.2093,8.3256,7,0.0
バリアーモ,5,43,0.0465,0.186,8.3953,7,0.25
モアスマイル,4,43,0.0698,0.1395,9.0233,7,0.0
シャラントレディ,7,43,0.0698,0.186,8.5349,7,0.1429
アグリフェスタ,3,43,0.093,0.2558,6.3023,7,0.0
マチカネハナサソウ,6,43,0.1395,0.2326,7.2791,7,0.2
ラウンドダンス,5,43,0.1395,0.3721,6.7209,7,0.0
クリックヒア,5,43,0.0698,0.2326,8.3256,7,0.0
トゥースペシャル,4,43,0.0698,0.2093,8.0465,7,0.0
ビットオブファット,4,43,0.0698,0.1395,9.3256,7,0.0
グランドメージャー,5,43,0.0465,0.2093,7.8837,7,0.0
マチカネベニツバキ,4,43,0.0465,0.2326,7.6047,7,0.0
ラフアウェイ,3,43,0.0465,0.2326,7.1395,7,0.0
ニシノリコルディ,4,43,0.0698,0.2791,6.0698,7,0.0
シャンパンマリー,6,43,0.093,0.3023,6.4651,7,0.5
サイトディーラー,7,43,0.093,0.2558,7.3721,7,0.0
ステラムーン,6,43,0.0233,0.1163,8.6512,7,0.0
ヒルノマテーラ,3,43,0.0698,0.186,7.6279,7,0.0
イイコトバカリ,3,43,0.0698,0.186,8.186,7,0.3333
グランパドドゥ,4,43,0.0698,0.2791,6.9535,7,0.25
ピエナビーナス,5,43,0.0698,0.3256,7.2558,7,0.0
トーホウビーナス,3,43,0.0233,0.093,8.0465,7,0.0
ミュゲドボヌール,6,43,0.0465,0.1628,8.5581,7,0.0
チヨノドラゴン,4,43,0.093,0.3488,6.3953,7,0.0
ジュリエットシアトル,5,43,0.1395,0.4186,5.0698,7,0.0
ミヤビキラメキ,6,43,0.093,0.1163,7.3721,7,0.0
ラフレーズカフェ,7,43,0.1163,0.3721,6.186,7,0.0
フラヴィニー,6,43,0.0465,0.1163,9.1628,7,0.0
タワーライトブルー,6,43,0.0233,0.2558,6.3023,7,0.0
モモトンボ,2,43,0.0465,0.1163,7.9302,7,0.5
モモイロアゲハ,7,43,0.0698,0.1395,8.8837,7,0.1429
フリートサクシード,2,43,0.0233,0.1395,7.6977,7,0.0
ヒシアリエル,3,43,0.0465,0.0698,9.2093,7,0.0
メジロミドウ,5,43,0.093,0.3488,6.4884,7,0.0
ジュデッカ,3,43,0.0698,0.2326,6.3953,7,0.0
ナスカザン,4,43,0.0698,0.2558,6.6047,7,0.25
ダウンタウンガール,6,43,0.0698,0.2326,8.0465,7,0.0
シースプレイ,5,43,0.0465,0.1395,8.907,7,0.0
ゴールデンリーヴス,7,43,0.0698,0.186,8.814,7,0.0
ニシノテキーラ,4,43,0.0698,0.2326,7.6977,7,0.0
マルティプライ,7,43,0.0465,0.093,9.2326,7,0.0
シンメイミヤビ,5,43,0.0698,0.2558,7.4419,7,0.0
ハッピーディレンマ,7,43,0.0698,0.3256,6.9535,7,0.1667
クリスタルヴィオレ,3,43,0.0465,0.093,8.6512,7,0.0
ウェルシュステラ,6,43,0.093,0.1628,8.9302,7,0.0
プリンシプルレディ,7,43,0.1163,0.2791,7.5116,7,0.1667
プジュリ,10,43,0.0,0.0233,11.4884,7,0.0
アニー,6,43,0.0233,0.0465,8.6047,7,0.0
エレンシア,4,43,0.0233,0.1628,8.5349,7,0.0
エレガントフラッグ,4,43,0.093,0.2558,6.907,7,0.0
シュウザンアイ,5,43,0.0233,0.0698,8.6977,7,0.0
アズマクィーン,3,43,0.0233,0.1395,7.5116,7,0.0
クラウンロゼ,5,43,0.0,0.0698,9.6279,7,0.0
コウエイソフィア,5,43,0.0233,0.1628,8.2791,7,0.0
リトルダーリン,6,43,0.1395,0.2558,6.5581,7,0.0
イッツオンリーアクティングダッド,3,43,0.0,0.3023,6.3953,7,0.0
ビフォーダーク,6,43,0.0,0.0233,10.5814,7,0.0
オメガクリスマス,5,43,0.0233,0.186,8.186,7,0.2
ソーラーヴィジョン,5,42,0.0238,0.0476,9.7381,7,0.0
レーヴデトワール,5,42,0.0714,0.2857,6.7857,7,0.0
スターズインヘヴン,4,42,0.1429,0.3333,5.2619,7,0.3333
スターリーロマンス,6,42,0.0714,0.2381,8.3333,7,0.0
リラヴァティ,6,42,0.1905,0.4524,4.5952,7,0.3333
ナムラハル,1,42,0.0476,0.1429,7.6429,23,0.0
タイキトゥインクル,4,42,0.0238,0.2143,7.1429,7,0.0
タイキバラード,3,42,0.0714,0.2143,7.9524,7,0.0
Kitten's Peak,1,42,0.0714,0.2857,5.8333,7,0.0
ノットユアビジネス,6,42,0.0952,0.2857,5.9048,7,0.0
セイラ,6,42,0.0,0.0476,8.4762,7,0.0
フレンチボウ,6,42,0.0952,0.1429,7.9524,7,0.0
レッドセイリング,6,42,0.0476,0.0952,11.1667,7,0.0
サイズミックレディ,6,42,0.0476,0.1667,8.4524,7,0.0
リルティングソング,6,42,0.0476,0.1429,8.8095,7,0.0
ミスフーバフーバ,5,42,0.0238,0.119,8.4762,7,0.0
ソヨカゼ2,7,42,0.0238,0.0238,9.8571,7,0.0
ブライトアバンダンス,3,42,0.0952,0.381,5.7143,7,0.0
ピエナブラウニー,5,42,0.0238,0.0714,10.0,7,0.0
ゴールドエッセンス,4,42,0.119,0.381,6.5952,7,0.0
ハラペーニョペパー,4,42,0.1429,0.381,6.0238,7,0.0
メジャーエンブレム,6,42,0.0714,0.3571,6.5952,7,0.0
バイブレイションズ,7,42,0.0476,0.2381,8.5238,7,0.0
パナマックス,5,42,0.0714,0.1905,8.6429,7,0.0
タガノガンチーニ,4,42,0.0714,0.4286,6.1667,7,0.0
ミサトサウス,1,42,0.0476,0.3571,5.7619,7,0.0
セイカイリス,6,42,0.0,0.0,10.881,7,0.0
バルビーナ,4,42,0.1429,0.1667,7.881,7,0.3333
サザンスターズ,4,42,0.0714,0.5476,4.7857,7,0.0
ウメノダンサー,2,42,0.0952,0.2381,6.0952,7,0.0
ウリウリ,4,42,0.1429,0.2619,6.7143,7,0.3333
ユーワジョイナー,1,42,0.0476,0.2619,6.5238,7,0.0
フリアアステカ,4,42,0.0714,0.2143,7.0476,7,0.25
エアウイングス,3,42,0.0952,0.3333,6.0476,7,0.0
コンドルショット,5,42,0.0952,0.1667,8.2143,7,0.25
フェリスタス,3,42,0.0476,0.381,4.5238,7,0.0
ナパ,6,42,0.0714,0.1667,8.5714,7,0.0
ナムラアピア,7,42,0.0476,0.119,8.0476,7,0.0
テアトロレアル,4,42,0.1429,0.381,5.381,7,0.0
サワノパルファン,3,42,0.0952,0.3333,5.7143,7,0.0
ストレイキャット,4,42,0.2143,0.381,7.0714,15,1.0
バブリームード,5,42,0.0952,0.1667,7.0714,7,0.25
カブリオレ,6,42,0.0714,0.2143,8.5,7,0.0
タマモイヤリング,4,42,0.0952,0.1905,8.2619,7,0.3333
ステレオタイプ,6,42,0.0476,0.2143,7.6429,7,0.0
ハロースカーレット,3,42,0.0952,0.1667,8.381,7,0.0
スーア,3,42,0.0952,0.2381,7.1429,7,0.0
ポルケテスエーニョ,5,42,0.0714,0.2143,8.4524,7,0.0
スポークンファー,5,42,0.0714,0.1905,8.5476,7,0.3333
トキオリアリティー,5,42,0.2381,0.3571,6.9048,7,0.0
タイホウパーリオ,4,42,0.0714,0.1905,9.1429,7,0.0
ロザリウム,6,42,0.0476,0.2143,7.4286,7,0.2
ビキニスタイル,4,42,0.1667,0.3333,7.0714,7,0.0
ビクトリアスバイオ,3,42,0.0238,0.1905,8.8333,7,0.3333
バラッドローズ,7,42,0.0714,0.0952,9.7857,7,0.0
ミッドキャップ,2,42,0.0476,0.1667,9.0714,7,0.0
ミッドタウンレディ,4,42,0.0238,0.0952,10.0952,7,0.3333
フォローミー,4,42,0.1429,0.381,6.2619,7,0.0
メイショウアサツユ,5,42,0.0952,0.2143,6.6429,7,0.2
アルビアーノ,4,42,0.1667,0.4048,5.381,7,0.25
スペリオルダンサー,4,42,0.0,0.0238,9.1429,7,0.0
ダーティダンシング,9,42,0.0238,0.0714,10.5714,7,0.0
オーシャンレディー,7,42,0.0476,0.1429,8.7143,7,0.0
India,2,42,0.2143,0.3571,6.119,7,1.0
インランジェリー,7,42,0.0714,0.3095,6.2857,7,0.0
シックスイス,5,42,0.0238,0.1429,8.619,7,0.25
レイナデアブリル,4,42,0.0238,0.0952,8.2381,7,0.0
スノーピアサー,5,42,0.0714,0.1905,8.8333,7,0.0
ムサ,5,42,0.0476,0.2143,8.3571,7,0.0
ハイリリー,5,42,0.119,0.3095,6.2619,7,0.25
サクラエボル,4,42,0.0238,0.0476,9.9048,7,0.0
ローマンスズカ2,3,42,0.0714,0.1905,8.4762,7,0.0
ミスキ,6,42,0.0,0.0952,10.3095,7,0.0
ミココロ,4,42,0.0238,0.0476,10.7857,7,0.0
ノルブリンカ,3,42,0.0476,0.119,9.2857,7,0.0
Bellini Sunrise,2,42,0.0952,0.1429,7.7619,7,1.0
グランディフローラ,3,42,0.0714,0.2857,6.381,7,0.0
オレンジティアラ,7,42,0.0476,0.1429,8.9286,7,0.3333
ミリアム,5,42,0.0714,0.1667,8.4524,7,0.0
セイウンクレナイ,5,42,0.0238,0.0476,9.4762,7,0.0
クィーンアマポーラ,4,42,0.0238,0.1429,9.0238,7,0.0
Restiadargent,1,42,0.0714,0.2857,6.8571,7,0.0
シセイヒミコ,3,42,0.0476,0.2619,7.2619,7,0.0
シャインレジーナ,7,42,0.0714,0.119,7.9286,7,0.0
カクテルラウンジ,3,42,0.0476,0.3333,6.5,7,0.0
メイショウルナ,5,42,0.0476,0.1429,7.4286,7,0.0
イシノショウジ,3,42,0.0952,0.2143,8.2143,7,0.0
ティーエスベリー,4,42,0.1429,0.2381,7.3333,7,0.0
インユアアームス,6,42,0.0714,0.1429,8.7143,7,0.0
エスメラルディーナ,4,42,0.1905,0.4524,5.0952,7,0.0
ステイトリーデイズ,8,42,0.0,0.0476,9.8333,7,0.0
アルマフローラ,6,42,0.0476,0.119,9.2619,7,0.1667
ジェイケイオジョウ,3,42,0.1429,0.2857,6.4524,7,0.0
モクレン,7,42,0.0238,0.0238,9.9286,7,0.0
レンデフルール,5,42,0.0952,0.2143,9.0952,7,0.25
クナウ,4,42,0.0238,0.0714,7.9048,7,0.0
エーシンエムディー,6,42,0.1905,0.4286,5.5238,7,0.0
ショウナンマオ,5,42,0.1429,0.3571,6.5476,7,0.4
ショウナンマハ,4,42,0.0952,0.2857,7.1905,7,0.0
カラフルマーメイド,4,42,0.0238,0.1667,6.9286,7,0.25
タイニープラネット,1,42,0.0714,0.1905,6.5952,7,0.0
コーラルビュー,5,42,0.0476,0.1429,8.3333,7,0.2
ホクセーメジャー,4,42,0.0238,0.1429,7.6905,7,0.0
アイキボウユウキ,3,42,0.0238,0.1429,10.0,7,0.0
イントゥザライト,3,42,0.119,0.2381,6.4762,7,0.5
ヌーナ,4,42,0.0476,0.0714,9.1667,7,0.0
エーシンブランディ,4,42,0.0,0.0952,9.381,7,0.0
クイーンロイド,5,42,0.0238,0.2143,8.0476,7,0.0
オンブルリジェール,4,42,0.0714,0.1667,8.0238,7,0.0
オークヒルズ,7,42,0.0952,0.2381,6.6667,7,0.0
Reagle Mary,1,42,0.1429,0.3333,5.9762,7,0.0
アクアシャンデリア,5,42,0.0476,0.1667,8.9762,7,0.25
ナドー,6,42,0.0,0.0952,9.4524,7,0.0
キープザフェイス,7,42,0.0238,0.2143,9.0952,7,0.0
エアルシアン,4,42,0.0476,0.3095,7.0,7,0.0
プルーフオブライフ,2,42,0.0238,0.1905,8.1429,7,0.0
キセキノハナ,6,42,0.0,0.1429,9.1429,7,0.0
ダンシングナウ,4,42,0.0238,0.0714,9.6429,7,1.0
クルミナル,5,42,0.1667,0.5952,4.0238,7,0.4
マジュスキュール,4,42,0.0476,0.2857,7.4524,7,0.0
ニシノフェイム,5,42,0.0,0.1667,7.619,7,0.0
オリヒメチャーム,5,42,0.0952,0.1429,9.6905,7,0.3333
ミラクルキャンデー,3,42,0.0238,0.0952,8.1429,7,0.0
キョウワフェアリー,7,42,0.0714,0.2143,8.0,7,0.2
ヒーリング,4,42,0.1429,0.4286,6.1429,7,0.0
ハニーダンサー,6,42,0.1429,0.3095,7.3571,7,0.2
スイートローレライ,3,42,0.0476,0.2143,6.5238,7,0.0
ウキフネ,2,42,0.0476,0.2381,5.9286,7,0.0
ウォータームーン,3,42,0.119,0.3095,6.7381,7,0.0
マリエット,2,42,0.0952,0.3333,6.2381,7,0.0
カジノブギ,3,42,0.2143,0.5714,4.3571,7,0.3333
シルヴァンソング,4,42,0.0476,0.1905,6.5952,7,0.3333
シルヴァーグレイル,6,42,0.0952,0.3095,7.2381,7,0.0
ホリデイトウショウ,5,42,0.0,0.0,10.8571,7,0.0
コーステッド,5,42,0.1429,0.4286,5.9524,7,0.75
カザリムスビ,7,42,0.0714,0.1429,8.1905,7,0.0
サファリミス,6,42,0.0476,0.3333,6.5476,7,0.1667
レッドガナドーラ,4,42,0.0238,0.0714,8.7857,7,0.0
ブレイジング,6,42,0.0476,0.1905,7.619,7,0.1667
マリスカ,4,42,0.0,0.0714,9.4762,7,0.0
メイショウジェーン,2,42,0.0238,0.1429,8.3333,7,0.0
キラモサ,5,42,0.1667,0.5952,4.2857,7,0.8
マクリス,4,42,0.0952,0.2381,7.9762,7,0.0
アドマイヤライト,4,42,0.119,0.3571,6.2619,7,0.25
ディアアドマイヤ,2,42,0.0714,0.2381,7.1905,7,0.0
イサベル,6,42,0.2381,0.5,4.2619,7,0.2
チェストケハーツ,3,42,0.0238,0.119,7.9286,7,0.0
キープクワイエット,3,42,0.0714,0.2143,7.0476,7,0.0
ヨドノスマイル,6,42,0.0238,0.0476,8.8571,7,0.0
ドリームモーメント,4,42,0.1429,0.3095,8.0952,7,0.5
レディオブパーシャ,2,42,0.1905,0.4762,5.4762,7,0.5
スイートブレナム,5,42,0.0476,0.3333,6.2857,7,0.0
テイコフトウショウ,5,42,0.119,0.2143,8.119,7,0.0
アイリッシュシー,4,41,0.2195,0.5366,4.6341,7,0.5
ウェイクミーアップ,6,41,0.0976,0.3659,6.122,7,0.1667
ウェイヴェルアベニュー,4,41,0.2195,0.5122,4.9024,7,0.3333
ラブリリック,3,41,0.122,0.439,6.0,7,0.0
ハギノウィッシュ,4,41,0.2195,0.4634,5.4146,7,0.25
ハギノエスカーダ,3,41,0.1707,0.561,5.5366,7,0.0
レディオブキャメロット,6,41,0.0732,0.2927,5.9024,7,0.0
ドリームレディ,2,41,0.0488,0.2683,6.8537,7,0.0
ボストンサクラ,4,41,0.122,0.1707,9.0732,7,0.25
ピサノキャニオン,6,41,0.0732,0.2195,7.3171,7,0.2
スイングサンデー,3,41,0.0732,0.2195,8.1951,7,0.0
ラプンツェル,5,41,0.0488,0.1707,8.8293,7,0.0
ダフィーナ,5,41,0.0244,0.122,8.5122,7,0.0
リキオリンピア,4,41,0.0488,0.1951,8.0244,7,0.0
サンマディソン,4,41,0.0732,0.3415,6.2683,7,0.0
マイティティー,3,41,0.0732,0.1463,7.3902,7,0.0
リュズキナ,5,41,0.122,0.2683,7.7317,7,0.0
リミニ,4,41,0.0732,0.2683,6.3902,7,0.0
Loure,2,41,0.1463,0.3659,6.878,7,0.0
ペプチドモアー,6,41,0.0488,0.1951,7.1463,7,0.2
ダノンエレガント,5,41,0.0488,0.2927,7.8049,7,0.0
アイアムアクトレス,3,41,0.0976,0.2195,6.4878,7,0.0
ニシノアカツキ,5,41,0.0244,0.122,8.2927,7,0.0
ステラアクトレス,5,41,0.1463,0.2439,8.0,7,0.0
ディヴィナプレシオーサ,6,41,0.122,0.4146,5.5854,7,0.0
リメレンス,3,41,0.0732,0.4146,6.2683,7,0.0
ネビュラ,6,41,0.0732,0.2195,7.6585,7,0.0
サンマルリジイ,3,41,0.0,0.0732,9.6585,7,0.0
アンケセナーメン,6,41,0.0976,0.3171,7.3902,7,0.1667
エレーデ,5,41,0.0976,0.3415,6.2683,7,0.0
クラシックリディア,4,41,0.122,0.3902,5.6829,7,0.25
サニーアンジェリカ,7,41,0.0,0.122,9.8537,7,0.0
アフェクショネット,4,41,0.1707,0.3902,4.9268,7,0.0
エルビッシュ,4,41,0.122,0.3659,6.3415,7,0.0
ディキシーランドジェム,6,41,0.0732,0.2195,8.1951,7,0.0
モエレオープンヒメ,4,41,0.0976,0.2439,7.2195,7,0.0
モエレカバーガール,6,41,0.122,0.2927,7.4878,7,0.0
ワイルドウインド,5,41,0.1463,0.3659,5.2195,7,0.2
ローレンシア,4,41,0.0488,0.1951,8.9512,7,0.0
ヤマニンエリプス,5,41,0.1463,0.2683,6.7073,7,0.0
ウインシンシア,6,41,0.0488,0.122,9.439,7,0.0
タニノホロホロ,2,41,0.0732,0.3171,6.1707,7,0.0
オークヒルパーク,5,41,0.0488,0.2195,7.7073,7,0.0
バンデリータ,3,41,0.0488,0.2683,7.9512,7,0.0
アンキャニー,6,41,0.0244,0.0976,8.2439,7,0.0
イスラコジーン,4,41,0.0732,0.3415,7.439,7,0.0
エターナルムーン,4,41,0.0488,0.1951,7.5122,7,0.0
ベラルーサ,3,41,0.122,0.2927,6.9024,7,0.0
ファンアンドゲイムス,4,41,0.0976,0.4146,5.8049,7,0.3333
ローズプラネット,2,41,0.0244,0.1463,7.7073,7,0.0
エンディアメント,4,41,0.0,0.0732,7.9024,7,0.0
ショウリノホホエミ,5,41,0.122,0.1951,8.0732,7,0.3333
メイショウアモーレ,5,41,0.0244,0.0732,8.8537,7,0.25
キクノジェニー,5,41,0.0244,0.2439,7.439,7,0.0
クロースシークレット,3,41,0.0732,0.2439,7.3659,7,0.0
トーセンパピヨン,5,41,0.0732,0.2927,7.6829,7,0.0
パワーオブフェイス,4,41,0.0244,0.0488,8.8049,7,0.0
ダブルファンタジー,5,41,0.122,0.3171,6.439,7,0.0
スタセリタ,3,41,0.2439,0.3902,5.5854,7,0.3333
フローリッドコート,4,41,0.0244,0.1951,8.0488,7,0.0
フサイチディコルサ,1,41,0.0732,0.1707,6.4878,7,0.0
スプンキーウーマン,3,41,0.0488,0.1951,7.9756,7,0.0
ロックフェアレディ,5,41,0.0732,0.1707,10.3659,7,0.0
ドリームアドリーム,5,41,0.0488,0.1951,7.0244,7,0.2
ジョリーザスターズ,5,41,0.0488,0.2439,7.4878,7,0.0
ハニーカラー,5,41,0.0488,0.122,9.2927,7,0.0
ベルフィオーレ,5,41,0.0976,0.2439,7.2927,7,0.0
スウィートエルフ,6,41,0.0,0.0732,9.2195,7,0.0
シークレットソング,6,41,0.0244,0.1463,8.3902,7,0.0
ダイワデッセー,6,41,0.0488,0.0976,9.9268,7,0.0
ヒダカビジン,5,41,0.0244,0.122,9.0488,7,0.0
アバンドーネ,2,41,0.1463,0.3415,6.9024,7,0.0
レディーガリレオ,5,41,0.0732,0.1707,8.9512,7,0.0
オリエンタルポピー,4,41,0.122,0.2683,6.7317,7,0.0
ジャミーラ,4,41,0.0244,0.1707,10.2195,7,0.0
アシュワー,3,41,0.0244,0.2683,6.7561,7,0.0
アドマイヤシズカ,2,41,0.0488,0.122,8.8293,43,0.0
トパーズトウショウ,3,41,0.0732,0.1951,7.4634,7,0.0
タカラインディ,4,41,0.0,0.0244,9.0244,7,0.0
エクディス,5,41,0.0732,0.2195,7.0732,7,0.0
デュリュクス,2,41,0.0488,0.0976,9.122,7,0.0
タイキルナ,6,41,0.0244,0.0976,9.2439,7,0.0
プラチナレイン,5,41,0.0976,0.2683,6.4634,7,0.0
バレドクール,4,41,0.0732,0.1951,7.5366,7,0.0
ラガーエレガンス,6,41,0.0244,0.1463,8.3659,7,0.0
エアパスカル,6,41,0.0732,0.2683,7.1463,7,0.0
ラブエーヤン,6,41,0.0244,0.1463,8.439,7,0.0
エイダイヒロイン,3,41,0.0244,0.122,7.7073,7,0.0
ヒシラストレディ,6,41,0.0488,0.2439,7.3171,7,0.0
ドゥジエムシャンス,2,41,0.0244,0.2927,6.561,7,0.0
プレシャスキャット,4,41,0.0,0.0732,9.2927,7,0.0
マシュケナーダ,4,41,0.0,0.0976,7.878,7,0.0
ステージトリック,5,41,0.0732,0.2195,6.3659,7,0.0
コンサーンナッカ,5,41,0.122,0.2927,7.2195,7,0.0
カディーシャ,3,41,0.0976,0.122,8.5122,7,0.3333
ジョウノカーラ,6,41,0.0244,0.2195,8.4146,7,0.0
ブランシュネージュ,5,41,0.1463,0.2439,8.2927,7,0.0
サマーアクトレス,6,41,0.0244,0.122,8.9756,7,0.0
パッションレッド,6,41,0.0,0.0732,8.2683,7,0.0
トロワボヌール,2,41,0.0732,0.2195,7.7317,7,0.0
オールドフレイム,2,41,0.1463,0.2439,6.2683,7,0.5
ナイトフライト,3,41,0.1463,0.3902,5.7073,7,0.0
ノーブルコロネット,4,41,0.0732,0.2195,7.1707,7,0.0
ベア,4,41,0.0244,0.122,10.1707,7,0.0
ベアトリス2,5,41,0.2195,0.3415,6.878,7,0.0
クイーンカアフマヌ,8,41,0.0488,0.0732,8.2927,7,0.0
アースビーガ,3,41,0.0244,0.1707,7.7561,7,0.0
ボンバルリーナ,5,41,0.1463,0.4146,5.3902,7,0.0
ジョウショークイン,3,41,0.0488,0.122,7.8049,7,0.5
シティイメージ,4,41,0.0976,0.2927,6.6341,7,0.0
アグネスキフジン,5,41,0.0,0.2683,7.3902,7,0.0
フローラルパレス,2,41,0.0976,0.2195,7.2927,7,0.0
フローラルホール,3,41,0.0244,0.122,7.3659,7,0.0
ワンダーストーリリ,6,41,0.0732,0.2927,6.6585,7,0.0
オオシマジョリー,4,41,0.0976,0.1951,9.2439,7,1.0
マイネエカテリーナ,7,41,0.0244,0.1463,8.6585,7,0.0
クイーンオリーブ,4,41,0.2927,0.3659,5.8537,7,0.0
バブルファンタジー,8,41,0.0,0.122,9.7805,7,0.0
ドナビジュー,7,41,0.0244,0.1463,8.878,7,0.0
シセイカグヤ,3,41,0.0976,0.3902,6.9268,7,0.0
ハイランドダンス,4,41,0.1463,0.439,5.8293,7,0.0
コスモメリー,5,41,0.1463,0.3659,6.4146,7,0.2
ダイシンシルビア,4,41,0.0244,0.0976,8.2927,7,0.0
コスマグレース,3,41,0.0732,0.1707,8.1463,7,0.5
ライトアップ,7,41,0.0,0.0488,10.1463,7,0.0
ノードブライティア,3,41,0.0244,0.1951,7.7561,7,0.5
リュクス,4,41,0.0488,0.2195,8.5122,7,0.0
ウインルキア,5,41,0.0976,0.2927,7.2683,7,0.25
ブルーフェアプレー,6,41,0.0976,0.1707,7.439,7,0.0
モテック,5,41,0.0488,0.1951,7.9756,7,0.0
スイートストームクリーク,7,41,0.0,0.0244,10.0,7,0.0
コパノチカチャン,7,40,0.025,0.025,10.0,7,0.0
チャームレディ,4,40,0.075,0.225,7.0,7,1.0
スイートフルーレ,4,40,0.05,0.075,10.25,7,0.0
マイネフューチャー,1,40,0.0,0.15,8.65,7,0.0
アイファースイーツ,3,40,0.05,0.175,7.15,7,0.0
ヴェルダ,5,40,0.275,0.475,5.475,7,0.0
イットオールアッズアップ,3,40,0.075,0.125,8.225,7,0.0
タイキマドレーヌ,4,40,0.05,0.325,6.225,7,0.0
スマートアルティラ,5,40,0.125,0.25,7.625,7,0.0
ライアメロディー,2,40,0.05,0.125,9.9,23,0.0
マラチバンド,6,40,0.0,0.05,9.25,7,0.0
レディサファイア,5,40,0.05,0.075,8.925,7,0.0
アテナブルー,6,40,0.025,0.15,9.05,7,0.1667
ケージーハッピー,6,40,0.075,0.2,8.625,7,0.0
ローズゴールド,2,40,0.0,0.2,6.9,7,0.0
サビアーレ,7,40,0.075,0.25,8.875,7,0.1667
アンドリエッテ,4,40,0.075,0.125,9.275,7,0.0
チャームカーニバル,3,40,0.025,0.075,9.675,7,0.0
ダイイチビビット,4,40,0.025,0.175,6.775,7,0.0
ピサノアラバスター,3,40,0.05,0.2,6.325,7,0.0
ホーリーグレイル,2,40,0.075,0.25,7.4,7,0.0
ヴォーグジャック,2,40,0.05,0.125,6.75,7,0.0
ドナフュージョン,2,40,0.1,0.425,6.25,7,0.5
エイシンバーサス,4,40,0.05,0.2,7.425,7,0.0
クレヴァリー,2,40,0.1,0.2,6.475,7,0.0
レオフォーレンス,4,40,0.05,0.15,8.075,7,0.3333
テンシノダンス,4,40,0.05,0.1,10.9,7,0.0
ナイスゴールド,3,40,0.05,0.175,7.525,7,0.0
ラクテウスオルビス,6,40,0.075,0.25,6.475,7,0.0
イーデンズコーズウェイ,3,40,0.05,0.175,6.85,7,0.3333
プリンセスロック,3,40,0.1,0.3,6.4,7,0.3333
ムーンライトソング,6,40,0.025,0.15,9.975,7,0.0
フローズンムーン,5,40,0.05,0.15,7.45,7,0.25
ジョウノエリザベス,2,40,0.025,0.075,9.3,7,0.0
ハチノヨウニサス,6,40,0.0,0.025,10.625,7,0.0
アンバーミニー,3,40,0.075,0.2,6.975,7,0.0
スカラムーシュ,4,40,0.075,0.3,6.425,7,0.0
ネオイグザンプル,5,40,0.075,0.125,9.25,7,0.0
カツナデシコ,5,40,0.025,0.225,7.25,7,0.0
カチューシャ,4,40,0.15,0.275,6.55,7,0.0
アースリヴィング,4,40,0.1,0.3,6.9,7,0.0
サワヤカブラン,5,40,0.025,0.15,6.75,7,0.25
サクラコールミー,2,40,0.15,0.3,8.225,7,0.0
ビューティソング,3,40,0.1,0.275,6.475,7,0.0
リーチマイハーバー,3,40,0.125,0.275,7.325,7,0.0
ラソ,3,40,0.075,0.225,7.175,7,0.3333
プレシャスベガ,5,40,0.175,0.275,6.3,7,0.0
ゴンチャローワ,4,40,0.1,0.225,7.05,7,0.5
ハイリマイリ,5,40,0.0,0.075,8.125,7,0.0
ウインミューズ,3,40,0.05,0.15,8.15,7,0.0
マスターチアフル,5,40,0.125,0.175,9.425,7,0.0
プルージャ,5,40,0.15,0.4,6.0,7,0.2
マイネエポナ,5,40,0.025,0.15,8.25,7,0.0
アブソルートリー,3,40,0.1,0.35,6.775,7,0.3333
デプロマトウショウ,6,40,0.05,0.275,6.875,7,0.0
プリンセスワルツ,1,40,0.05,0.175,7.075,7,0.0
コンテッサトゥーレ,4,40,0.075,0.25,6.725,7,0.0
パープルカフェ,5,40,0.0,0.175,8.075,7,0.0
ピースエンブレム,6,40,0.15,0.275,7.525,7,0.0
ビッグテンビー,7,40,0.075,0.15,8.175,7,0.2
オールドタイムワルツ,2,40,0.15,0.4,5.35,7,0.0
エイユーモモチャン,6,40,0.1,0.175,8.275,7,0.0
ストリートキャット,3,40,0.1,0.2,8.0,7,0.0
ジュベルアリ,3,40,0.225,0.35,5.5,7,0.6667
オオトリヘプバーン,3,40,0.05,0.275,6.525,7,0.0
タミーザトルピード,5,40,0.125,0.2,7.225,7,0.2
ダイワスピリット,6,40,0.05,0.225,6.95,7,0.0
ボランス,4,40,0.1,0.35,7.8,7,0.0
ホワイトブレット,2,40,0.05,0.15,7.75,7,0.0
エアジャメヴー,5,40,0.05,0.2,7.8,7,0.0
ラキシス,6,40,0.225,0.5,5.6,7,0.0
クラウンアルテミス,6,40,0.05,0.1,8.95,7,0.1667
ピンキーカフェ,4,40,0.025,0.05,9.1,7,0.0
プリンセスビジュー,4,40,0.0,0.025,10.075,7,0.0
リトルマーメード,4,40,0.075,0.225,8.325,7,0.0
コルチカ,2,40,0.05,0.1,9.9,7,0.0
スペリオルパール,5,40,0.025,0.15,7.75,7,0.0
レインボーデザイア,4,40,0.0,0.225,8.1,7,0.0
ブリアンダ,3,40,0.0,0.2,6.95,7,0.0
エフテーストライク,3,40,0.15,0.25,9.075,7,0.3333
ピエナキューティー,4,40,0.0,0.15,8.35,7,0.0
スウィフトレディー,4,40,0.1,0.15,7.25,7,0.0
フェイトカラー,5,40,0.15,0.25,6.425,7,0.25
フェスティヴキティ,3,40,0.025,0.05,9.875,7,0.0
バズマイハート,3,40,0.025,0.15,7.4,7,0.0
シャルール,2,40,0.175,0.375,5.075,7,0.0
アリゲーターアリー,5,40,0.05,0.15,8.85,7,0.0
ピサノドヌーヴ,7,40,0.125,0.275,8.2,7,0.3333
ラヴリードリーム,5,40,0.0,0.05,8.7,7,0.0
フロリール,3,40,0.1,0.325,7.0,7,0.0
ローエキスキーズ,4,40,0.025,0.175,7.625,7,0.0
ドキュン,4,40,0.1,0.275,8.575,7,0.0
ダリオール,7,40,0.05,0.175,7.575,7,0.0
レッドステラーノ,5,40,0.1,0.4,5.55,7,0.0
シェンク,3,40,0.15,0.275,7.0,7,0.0
ミーシャレヴュー,4,40,0.075,0.225,6.175,7,0.0
ウイングドウィール,3,40,0.05,0.2,6.5,7,0.0
ハローオンザヒル,5,40,0.025,0.05,10.25,7,0.0
プレミアノアール,6,40,0.05,0.125,9.45,7,0.0
アルザナー,3,40,0.05,0.2,7.75,7,0.0
レニーズゴットジップ,4,40,0.125,0.45,4.95,7,0.3333
クラウンデュナミス,4,40,0.125,0.3,6.625,7,0.3333
エンゼルカロ,6,40,0.025,0.2,7.6,7,0.0
クラウンピース,4,40,0.025,0.25,7.15,7,0.0
メイショウキスゲ,4,40,0.025,0.2,7.75,7,0.0
メイショウカレン,4,40,0.05,0.15,8.725,7,0.0
トレンドエッセンス,3,40,0.05,0.125,8.375,7,0.0
ワイルドポポ,4,40,0.075,0.2,8.45,7,0.0
ロングホットサマー,4,40,0.175,0.35,6.175,7,0.3333
フェブノヘア,3,40,0.05,0.2,7.25,7,0.0
インファクト,4,40,0.05,0.15,9.45,7,0.0
セイカパンジー,4,40,0.05,0.125,8.825,7,0.0
キョウエイフルハム,3,40,0.075,0.15,8.825,7,0.0
レディビーナス,2,40,0.1,0.225,7.25,7,0.0
エルパンドール,3,40,0.05,0.225,6.95,7,0.0
Under Wraps,1,40,0.1,0.475,5.075,7,0.0
エルフィンフェザー,4,40,0.125,0.3,6.4,7,0.0
ラッキーダイス,5,40,0.125,0.25,8.1,7,0.0
ディエンティ,4,40,0.05,0.275,5.775,7,0.0
リアルアーネスト,2,40,0.05,0.175,6.65,7,0.0
ローズマンブリッジ,5,40,0.125,0.375,6.4,7,0.5
ベリーリズミック,1,40,0.075,0.2,6.125,7,0.0
ナンヨーユナ,5,40,0.075,0.125,8.725,7,0.0
アンプレショニスト,6,40,0.025,0.225,7.2,7,0.25
シーダーアラジ,4,40,0.1,0.325,7.125,7,0.0
アイアイボタン,5,40,0.025,0.05,9.0,7,0.0
アルーシュ,3,40,0.15,0.5,5.375,7,0.5
ルミナスハーバー,4,40,0.125,0.225,8.375,7,0.25
キョウワグレイス,2,40,0.025,0.375,6.075,7,0.0
サクセスセレーネ,7,40,0.0,0.15,8.85,7,0.0
マーブルカテドラル,4,40,0.15,0.275,7.025,7,0.0
マートンパーク,4,40,0.075,0.15,6.925,7,0.25
トーセンソニア,3,40,0.05,0.175,8.1,7,0.0
サンディフォルス,2,40,0.0,0.3,6.55,23,0.0
サンドハーブ,3,40,0.05,0.15,7.825,7,0.0
アドマイヤマリリン,4,40,0.075,0.1,8.5,7,0.0
ジーントウショウ,5,40,0.075,0.2,8.7,7,0.2
ナムラバイオレット,3,40,0.1,0.3,5.775,7,0.0
ショウナンカサロ,4,40,0.075,0.475,5.05,7,0.0
バルフューレント,3,40,0.05,0.3,7.175,7,0.0
ダイナマイトハニー,3,40,0.05,0.25,7.775,7,0.0
マッチオブジュエル,3,40,0.1,0.175,8.225,7,0.0
アンティール,4,40,0.075,0.175,7.2,7,0.0
アズマガール,5,40,0.05,0.125,9.725,7,0.2
ヴェリタスマリコ,5,40,0.15,0.275,6.675,7,0.0
ヴォラドーレス,1,40,0.15,0.525,5.65,7,0.0
ウインルミエール,7,39,0.0,0.1282,8.7692,7,0.0
バーンアウル,5,39,0.0513,0.1282,7.7692,7,0.0
ニュースターガール,1,39,0.0513,0.2051,7.4103,15,0.0
スマートムービー,3,39,0.1282,0.4359,4.6923,7,0.0
イットーエンプレス,3,39,0.0769,0.1538,6.9231,7,0.0
オーゾラヲマウトキ,3,39,0.1026,0.1795,8.0513,7,0.0
パシャドーラ,6,39,0.0,0.0769,9.2051,7,0.0
マルヨシロワイン,4,39,0.0,0.0769,7.8205,7,0.0
キュームレイト,3,39,0.1026,0.2051,7.0,7,0.3333
レーヴドベティ,4,39,0.0513,0.2564,7.8718,7,0.0
オンリーザロンリー,5,39,0.0,0.0513,9.7179,7,0.0
イルバチオ,6,39,0.0513,0.2051,8.8974,7,0.0
イルーシヴハピネス,4,39,0.1282,0.4615,5.1795,7,0.0
サトノジュエル,5,39,0.0256,0.0769,9.7179,7,0.25
ダルシャ,2,39,0.0513,0.1538,7.7949,7,0.0
エンパイアブレイク,4,39,0.1282,0.641,3.7692,7,0.0
ロッタ,6,39,0.0256,0.1538,7.7436,7,0.0
ランペルティーザ,3,39,0.0513,0.2051,8.3846,7,0.0
カーニバルダクス,4,39,0.1282,0.2821,7.7436,7,0.0
リボルトレイダー,7,39,0.1026,0.2308,7.9231,7,0.2
ゴールドティアラ,8,39,0.0,0.0513,8.359,7,0.0
ゴールデンロッド,5,39,0.0513,0.1795,8.4359,7,0.0
ヤマニンパソドブル,5,39,0.0256,0.2821,7.4103,7,0.0
キャッスルトン,3,39,0.0513,0.2821,7.7179,7,0.0
ミリオンセラー2,7,39,0.0769,0.2821,7.9231,7,0.1667
ジェラシー,4,39,0.1282,0.359,5.5897,7,0.0
グラスプリマ,2,39,0.0769,0.3077,6.3333,7,0.0
マンデームスメ,4,39,0.1026,0.2051,7.0769,7,0.0
エタニティ,5,39,0.1026,0.2051,7.7436,7,0.0
ファータグリーン,5,39,0.0513,0.359,5.6667,7,0.25
フローレスダンサー,4,39,0.1282,0.4359,5.5897,7,0.0
ブライアンハニー,1,39,0.1282,0.3077,7.2051,15,1.0
コパノプレゼント,3,39,0.0256,0.1795,7.1538,7,0.0
ウォーターポラリス,5,39,0.0769,0.2051,8.6667,7,0.0
スマイリングムーン,5,39,0.0513,0.0769,9.9487,7,0.0
ジョセフィーヌ,4,39,0.0256,0.0769,10.5385,7,0.0
シャンロッサ,4,39,0.3077,0.4872,4.5897,7,0.0
ガゼルロワイヤル,2,39,0.0769,0.2051,5.8974,7,0.0
ハルジオン,2,39,0.0256,0.1282,8.2821,7,0.0
デンタルハイジーン,5,39,0.0513,0.2051,8.8462,7,0.2
デンジャーマネー,4,39,0.0513,0.2821,8.2051,7,0.0
ケイアイステルス,3,39,0.0513,0.3333,5.4872,7,0.0
ドレスコード,3,39,0.0256,0.2564,6.9231,7,0.0
サマーローズ,4,39,0.0513,0.2308,7.3077,7,0.0
ジョーゲルダ,8,39,0.1026,0.3077,7.3077,7,0.1667
クリーペル,5,39,0.0256,0.359,7.3846,7,0.0
トーセンベニザクラ,6,39,0.0256,0.1026,8.2564,7,0.0
ヴィオレットステラ,4,39,0.1026,0.3846,6.1026,7,0.0
ソアーヴェ,3,39,0.0256,0.2308,7.2564,7,0.0
ブロッサムレーン,8,39,0.0513,0.3333,7.9487,7,0.0
マコトサンゴ,3,39,0.0256,0.1282,8.9231,7,0.5
スターリットスカイ,3,39,0.0256,0.1795,7.0513,7,0.3333
エスプリドパリ,5,39,0.0513,0.1795,8.7179,7,0.0
レッドシェリール,3,39,0.1538,0.3846,5.9231,7,0.5
ミラクルファンタジ,5,39,0.0256,0.1026,9.1538,7,0.0
スカイグラフィティ,3,39,0.0513,0.1538,8.0256,7,0.0
アナステーシア,4,39,0.0256,0.0513,11.3333,7,0.0
レッドアシェット,4,39,0.0769,0.2564,8.0769,7,0.0
ティアップレーヴ,5,39,0.0769,0.0769,8.4615,7,0.25
サラトガ,6,39,0.1795,0.3846,7.2051,7,0.0
アスクコマンダー,2,39,0.0769,0.2821,7.3077,7,0.0
インラヴ,5,39,0.0,0.0513,9.9744,7,0.0
セットスクエア,4,39,0.0256,0.2051,7.2308,7,0.3333
ティールグリーン,4,39,0.1026,0.359,5.9744,7,0.0
ジェントルヴァウ,4,39,0.2051,0.4615,4.8974,7,0.0
ブラッキーピサ,6,39,0.0,0.1026,8.9487,7,0.0
ポーズ,6,39,0.0256,0.1538,8.7436,7,0.0
トウケイサクラ,5,39,0.0256,0.1538,7.8974,7,0.0
アメリデラックス,3,39,0.0769,0.2308,7.6154,7,0.0
ラヴゴッデス,5,39,0.0513,0.0769,7.2564,7,0.25
アースソング,5,39,0.0513,0.2308,8.3077,7,0.0
ユメノマイホーム,3,39,0.0256,0.3846,5.7179,7,0.0
パルティール,5,39,0.0256,0.1538,8.6667,7,0.25
バノヴィナ,1,39,0.1538,0.3846,6.2564,7,0.0
パセンジャーシップ,5,39,0.0769,0.2051,7.5641,7,0.0
カネツプリンセス,8,39,0.0513,0.0769,10.9231,7,0.0
ナンヨーウエスト,2,39,0.0513,0.1795,8.2821,7,0.0
ロスヴァイセ,4,39,0.2051,0.4872,5.7949,7,0.5
レッドベルフィーユ,5,39,0.1026,0.2051,7.5897,7,0.0
キャッシュインクルーデッド,7,39,0.0256,0.0513,10.0256,7,0.0
レールマラン,3,39,0.0769,0.2051,7.5641,7,0.0
アマダブラム,6,39,0.0256,0.1538,8.7179,7,0.0
リュウジョ,3,39,0.0513,0.2308,7.7179,7,0.0
ディアウィンク,4,39,0.1795,0.3846,6.2051,7,0.0
ピアニスト,4,39,0.0256,0.1282,8.2308,7,0.0
キープセイク,6,39,0.1282,0.2821,7.1795,7,0.0
ジャストジョーイ,3,39,0.1026,0.4615,5.7949,7,0.0
ネオザミスティック,5,39,0.0513,0.2564,7.5641,7,0.0
ラテラス,4,39,0.0256,0.1538,8.4872,7,0.0
アートオブダンサー,8,39,0.0256,0.1538,9.4359,7,0.0
ビューティサン,4,39,0.0769,0.2308,6.7179,7,0.0
マイベストスター,3,39,0.0769,0.2051,8.3333,7,0.0
サクセスベルーナ,6,39,0.0256,0.1538,8.5128,7,0.0
ジペッサ,4,39,0.2051,0.4872,5.0513,7,0.0
ルネッサンスファウンド,3,39,0.0769,0.2564,7.5385,7,0.0
バウンスシャッセ,6,39,0.0769,0.3077,6.641,7,0.0
エキゾチックエレガンス,3,39,0.1538,0.3333,7.1282,7,0.0
マウントフジ,4,39,0.0513,0.2051,7.7179,7,0.3333
ピンクシャンパン,4,39,0.0769,0.1282,8.4615,7,0.0
クードロア,3,39,0.0256,0.1282,8.7949,7,0.0
ホクザンパール,2,39,0.0769,0.3333,7.2051,7,0.0
ワイルドソース,5,39,0.0256,0.1795,8.9487,7,0.0
ヴェイグストーリー,4,39,0.0769,0.1026,8.5128,7,0.25
グルーヴィクイーン,5,39,0.0769,0.2821,6.7436,7,0.0
デジタルハッピー,1,39,0.0,0.1282,8.0,7,0.0
トウジュ,1,39,0.1282,0.5385,4.7692,7,0.0
フェアリーワルツ,4,39,0.0513,0.2821,6.3846,7,0.0
ビービーラッハーン,6,39,0.0769,0.1795,7.9487,7,0.3333
ミヤジレリゴー,5,39,0.1282,0.3846,6.6154,7,0.0
スコーピオンリジイ,4,39,0.0513,0.2308,7.5385,7,0.0
ムーンライトパワー,3,39,0.0769,0.1282,7.6154,7,0.5
キッズスター,6,39,0.1282,0.2564,8.1026,7,0.0
ホッコーヴァール,3,39,0.0513,0.4615,4.8462,7,0.0
スピニングレディ,3,39,0.1026,0.3077,6.7436,7,0.0
エイコオウイング,3,39,0.1026,0.1795,7.4615,7,0.0
オメガフォーチュン,2,39,0.0256,0.1795,6.9487,7,0.0
メジロルーシュバー,1,39,0.1026,0.4872,5.359,43,0.0
ラッキーペニー,4,39,0.0769,0.2308,6.2051,7,0.0
ディアデラマドレ,5,39,0.2051,0.4872,4.9231,7,0.25
プードルデコール,5,39,0.0256,0.1282,7.9231,7,0.0
メイプルダンス,1,39,0.1026,0.2051,7.1795,7,0.0
レッドボナンザ,7,39,0.0256,0.2308,8.2308,7,0.2
マルケッサ,4,39,0.1795,0.5385,5.2051,7,0.0
アトラスマーカー,2,39,0.0256,0.1795,6.3077,7,0.0
エイシンサンサン,2,39,0.1538,0.4872,4.6667,7,0.0
キタノシラユリ,7,39,0.0,0.1026,10.0513,7,0.0
バンビーナピノ,2,39,0.0256,0.1026,10.4615,23,0.0
ウインラシェーナ,6,39,0.0,0.1538,8.5641,7,0.0
グレートテン,2,39,0.1026,0.3077,7.8205,7,0.0
スイートレッドキャット,7,39,0.0,0.1538,8.4615,7,0.0
エレガンテココ,4,39,0.0256,0.2308,8.2564,7,0.0
ワンモアグリッター,4,39,0.0,0.0513,9.6154,7,0.0
ショウナンアイ,5,39,0.0513,0.2564,6.3077,7,0.0
ライトリーチューン,5,39,0.2308,0.4872,6.3846,7,0.0
テメリアイランド,5,39,0.0513,0.3077,7.8205,7,0.0
テディーズプロミス,4,39,0.1538,0.3077,6.1026,7,0.3333
ヴィジョンサクラ,1,39,0.1026,0.2564,6.3077,7,0.0
シーフロント,2,39,0.2051,0.5128,4.7179,7,0.5
オータムリーフ,4,39,0.0513,0.1795,7.5385,7,0.0
タイキフェアレディ,5,39,0.0,0.1795,8.2308,7,0.0
ローズシティ,5,39,0.0256,0.1026,8.8205,7,0.0
アンナペレンナ,3,39,0.2308,0.6667,4.0,7,0.3333
パールブライダル,1,39,0.0256,0.0256,9.6923,7,0.0
イルーシヴキャット,5,39,0.2564,0.4103,5.4872,7,0.25
Leaning Tower,1,39,0.2051,0.5128,5.1026,7,1.0
イイデサンドラ,6,39,0.0513,0.1538,8.5385,7,0.2
ホーマンヴォイス,1,38,0.0,0.1579,7.1316,7,0.0
ショウナンカグラ,5,38,0.0263,0.0789,9.6579,7,0.0
ロッシェノワール,4,38,0.1316,0.3158,5.6053,7,0.25
レアファインド,3,38,0.0789,0.1579,8.6316,7,0.3333
タイキジャスパー,5,38,0.0263,0.1053,8.7895,7,0.0
フェイブルネージュ,4,38,0.0789,0.1842,6.6842,7,0.0
スイートカトマンズ,3,38,0.0263,0.2105,7.4474,7,0.0
モズハツコイ,3,38,0.0526,0.2105,6.0263,7,0.0
ミズナ,5,38,0.1053,0.2632,7.1579,7,0.0
リリアンタイム,6,38,0.0263,0.1579,9.0,7,0.0
リュポメルー,4,38,0.0526,0.3684,7.3684,7,0.0
シュンドルボン,5,38,0.1316,0.3421,7.5,7,0.0
ドリームデュネット,5,38,0.0263,0.1316,8.5526,7,0.0
ヴァゼム,3,38,0.1053,0.2105,8.2368,7,0.0
スイートパッセ,5,38,0.0789,0.2105,7.5526,7,0.0
プリティジョディー,2,38,0.0263,0.1842,7.0526,7,0.0
ハギノスプレンダー,4,38,0.0263,0.2368,7.3684,7,0.0
ルリビタキ,5,38,0.0526,0.2105,8.1842,7,0.0
トップスカーレット,6,38,0.0526,0.1053,8.8158,7,0.0
ナインミューズ,3,38,0.0789,0.2105,6.5263,7,0.0
レッドティムール,4,38,0.0789,0.2632,7.9737,7,0.0
ツルハチクィーン,3,38,0.0263,0.2105,7.0789,7,0.0
シティトゥシティ,3,38,0.0789,0.2368,6.9211,7,0.0
アイラブユーモア,1,38,0.0526,0.1579,8.5789,23,0.0
プラチナム,5,38,0.0,0.0789,8.1579,7,0.0
セクシーココナッツ,5,38,0.0263,0.1316,9.1842,7,0.0
ウィラビーオーサム,5,38,0.1316,0.3158,5.5526,7,0.0
シンメイゲイルス,7,38,0.0263,0.1316,8.8421,7,0.0
シンメイスバル,5,38,0.1316,0.3947,6.2632,7,0.0
フォーチュネイトダムゼル,4,38,0.0526,0.1316,8.7368,7,0.0
テイエムビックイ,7,38,0.0263,0.1842,7.1053,7,0.0
プラージュ,4,38,0.0789,0.2368,7.2105,7,0.0
クィーンズトレイル,7,38,0.0,0.0789,9.4474,7,0.0
スパークルレディー,5,38,0.0526,0.2105,7.6316,7,0.0
シャイニングムーン,4,38,0.0526,0.2105,8.4474,7,0.0
ミサトサンデー,7,38,0.0,0.0526,10.6053,7,0.0
ノーザンシャトル,6,38,0.0,0.0789,8.1579,7,0.0
ラブルビー,5,38,0.0526,0.1053,9.2895,7,0.0
オオシマセリーヌ,5,38,0.0,0.1579,9.2105,7,0.0
シップスログ,6,38,0.1053,0.2105,8.4211,7,0.0
エイシンメッチェン,3,38,0.0526,0.2105,7.6579,7,0.0
エイプリルヒロイン,3,38,0.0,0.0789,9.2105,7,0.0
シタール,4,38,0.1053,0.1842,8.6842,7,0.0
マウンテンウーマン,6,38,0.0263,0.0526,9.6053,7,0.0
アキノロマンス,3,38,0.0789,0.1842,7.8684,7,0.25
マイディアガビー,6,38,0.0,0.0263,10.3684,7,0.0
ジャズプリンセス,7,38,0.0263,0.1316,9.1579,7,0.0
アルボランシー,3,38,0.0,0.2632,7.1579,7,0.0
スナッチマインド,3,38,0.1316,0.4211,5.7105,7,0.3333
スナークメイファ,4,38,0.0263,0.0789,9.7368,7,0.0
グリーンヒルマック,5,38,0.0526,0.1316,9.7105,7,0.0
グランプリソフィ,7,38,0.0,0.1579,8.3684,7,0.0
バオバブ,3,38,0.0526,0.1842,7.9737,7,0.0
シーオブラブ,6,38,0.0789,0.2105,7.8421,7,0.0
ピサノベネチアン,3,38,0.1053,0.3684,6.5526,7,0.5
ムツミマーベラス,4,38,0.1579,0.3158,6.8158,7,0.25
マーモリー,5,38,0.0263,0.1316,7.8158,7,0.0
ワイエムサチ,4,38,0.0263,0.1316,9.5526,7,0.0
ルパン2,4,38,0.3158,0.4474,5.4737,7,0.5
ユーアンミー,3,38,0.1579,0.4474,5.0,7,0.0
カグラ,4,38,0.1053,0.2632,7.9211,7,0.0
メイショウミソラ,4,38,0.0526,0.1579,8.3421,7,0.3333
Broadway Lullaby,1,38,0.1053,0.3421,5.3158,7,0.0
ミヤジプロスパー,5,38,0.0526,0.2105,6.8684,7,0.0
ディアザリアー,5,38,0.0263,0.2632,6.6053,7,0.0
クロスバラード,6,38,0.0526,0.0789,9.3158,7,0.25
マイマスタートップ,2,38,0.0526,0.2368,6.5263,7,0.0
Forbidden Paradise,1,38,0.1053,0.2368,6.5263,7,0.0
ブレイヴフィート,3,38,0.0263,0.1579,7.1842,7,0.0
ノアスカーレット,6,38,0.0263,0.0789,9.2895,7,0.0
ラティエラ,4,38,0.0526,0.1316,8.7632,7,0.0
サウンドアリュール,2,38,0.0789,0.3158,6.8684,7,0.0
サイレンスブランド,3,38,0.0,0.1316,7.8421,7,0.0
パイタ,7,38,0.0526,0.3684,5.2368,7,0.0
フォンティーン,4,38,0.1053,0.2368,7.0,7,0.0
リアアントニア,5,38,0.1579,0.2632,7.1579,7,0.2
ジェラスキャット,4,38,0.1842,0.2895,7.2105,7,0.25
トロピカルラヴ,5,38,0.0263,0.0789,8.6842,7,0.0
ユークロニア,7,38,0.0526,0.1053,10.8947,7,0.0
ミスエアクラフト,3,38,0.1316,0.3684,6.8158,7,0.0
サクラクローバー,5,38,0.0526,0.1842,7.4737,7,0.0
オウシュウフリート,4,38,0.0526,0.1316,8.1316,7,0.0
ワンダーグラス,4,38,0.1053,0.2368,8.0789,7,0.0
クイーンソネット,4,38,0.0526,0.1053,10.2105,7,0.0
ケイアイポップス,2,38,0.1053,0.2895,6.5,7,0.0
ビッグクィーン,5,38,0.0789,0.3684,7.0,7,0.0
グリサージュ,4,38,0.0789,0.2105,6.6579,7,0.3333
トウカイウェーブ,4,38,0.0526,0.1842,7.2632,7,0.0
ヤマニンパンテール,5,38,0.0263,0.1579,8.6842,7,0.0
エクセラントカーヴ,5,38,0.0789,0.2368,6.2895,7,0.25
トーセンガラシャ,3,38,0.1316,0.4211,5.1053,7,0.0
ポーリッシュピンク,1,38,0.1579,0.4737,4.7368,7,0.0
オリヒメ,4,38,0.1053,0.3421,5.7895,7,0.25
ペリドット,3,38,0.0263,0.1579,7.1579,7,0.0
ケイウンブルーム,2,38,0.0789,0.1842,6.9211,7,1.0
ボンジュールココロ,3,38,0.0789,0.3158,6.4737,7,0.3333
アイスフォーリス,4,38,0.0526,0.2368,7.1842,7,0.25
ナムラオツウ,6,38,0.0263,0.3158,6.4737,7,0.0
アサカフジ,3,38,0.1316,0.3158,5.8684,7,0.0
アサクサティアラ,4,38,0.0263,0.2368,7.0526,7,0.0
ブリガドーン,3,38,0.1053,0.1842,7.8684,7,0.5
テーブルスピーチ,6,38,0.0263,0.1842,6.6316,7,0.0
ミラグロッサ,4,38,0.0526,0.2632,6.8421,7,0.0
チーティンハート,5,38,0.0263,0.1053,9.4211,7,0.0
チュウワベイビー,4,38,0.1316,0.3947,6.8158,7,0.0
フォーティカラーズ,7,38,0.0789,0.1316,9.4474,7,0.0
ワンダーバーサトル,6,38,0.0526,0.1316,8.7895,7,0.0
Cornelia,3,38,0.0526,0.2368,7.3421,7,0.0
レインボーダリア,8,38,0.0,0.0526,9.2105,7,0.0
ミンナノアイドル,3,38,0.0526,0.2368,6.8158,7,0.0
デラセーラ,1,38,0.0789,0.2105,8.8421,15,1.0
ジョウノナイヤガラ,3,38,0.0263,0.2368,7.0789,7,0.0
ピュアブラウン,4,38,0.0263,0.1842,8.0263,7,0.0
ケイアイエレガント,4,38,0.0789,0.2368,7.6053,7,0.0
シャトーサウザンド,2,38,0.0789,0.1579,7.5263,7,0.0
ハッピーロングラン,4,38,0.1842,0.4737,5.5526,7,0.0
ガーデニア,4,38,0.0263,0.1053,9.0526,7,0.0
ケイティーズジェム,5,38,0.0789,0.2895,6.5263,7,0.0
スウィートアンドセイヴォリー,6,38,0.0263,0.0789,8.2632,7,0.0
ピロット,3,38,0.0789,0.2632,7.0789,7,0.0
エヴァンタイユ,3,38,0.0789,0.1579,9.0789,23,0.0
ワインレッド,6,38,0.1053,0.1842,9.0789,7,0.0
エアジュプロンサ,5,38,0.0526,0.1842,8.1579,7,0.0
カムホームラッシー,2,38,0.0263,0.0789,9.0263,7,0.0
ヤマニングルノイユ,3,38,0.0263,0.3421,6.5,7,0.0
ハイセンスガール,3,38,0.0526,0.1842,7.0526,7,0.0
レーヴドゲラン,4,38,0.0263,0.0789,9.2895,7,0.0
ミリオンハッピー,4,38,0.0263,0.1053,8.7895,7,0.0
シータトウショウ,5,38,0.0263,0.1316,9.1316,7,0.0
タイキアンジェリカ,2,38,0.0263,0.3421,5.0526,7,0.0
レディストレイツ,7,38,0.0,0.0789,9.1579,7,0.0
モンサンアルビレオ,4,38,0.0263,0.2105,6.4474,7,0.0
レッツサッチャー,3,38,0.0789,0.2895,7.6842,7,0.0
アンジュデトワール,3,38,0.1842,0.3421,6.8158,7,0.3333
アファーブル,4,38,0.0,0.1316,8.5526,7,0.0
ニシノミーチャン,5,38,0.0526,0.2632,7.1053,7,0.0
マッシヴエレガンス,3,38,0.0789,0.1579,8.2632,7,0.0
デコレイト,3,38,0.0263,0.1579,7.4474,7,0.0
オーバービュー,4,38,0.0526,0.1316,8.0,7,0.0
ポピーリース,2,38,0.0789,0.1579,8.3421,7,0.0
パーリーアヴェニュー,5,38,0.1316,0.2895,6.3684,7,0.2
スヴレッタ,5,38,0.0263,0.1842,9.4474,7,0.0
ラインアンジュ,4,38,0.0,0.1053,7.7895,7,0.0
ルミネンス,3,38,0.0789,0.4737,5.5263,7,0.0
トップレディスター,6,38,0.0526,0.1053,8.5,7,0.0
パスザトーチ,5,38,0.0526,0.1842,7.9474,7,0.0
オースミハルカ,5,38,0.1053,0.3158,6.6579,7,0.0
ダイオプサイド,3,38,0.1842,0.3421,5.6579,7,0.5
メイショウサワヤカ,5,38,0.1053,0.2895,7.5263,7,0.0
ヴォワルドール,4,38,0.0263,0.4211,5.0526,7,0.0
Amour Briller,4,37,0.1622,0.4324,4.6757,7,0.5
スイートサルサ,3,37,0.0811,0.1622,8.7027,7,0.0
ジーニマジック,3,37,0.1081,0.2703,7.027,7,0.0
ミセスリンゼイ,4,37,0.0541,0.1622,8.7027,7,0.0
ビクトリーステップ,2,37,0.1081,0.2432,7.8108,7,0.5
チェンジユアセルフ,5,37,0.027,0.1081,8.027,7,0.0
アリママリア,5,37,0.0,0.1351,8.2973,7,0.0
カルチャートップ,4,37,0.1081,0.2432,7.2432,7,0.0
メイショウタラチネ,4,37,0.0541,0.2432,6.8108,7,0.0
ハンドオブフェイト,4,37,0.0811,0.2973,7.3243,7,0.0
ロイヤルスピリッツ,3,37,0.1622,0.4324,5.3243,7,0.0
アルヴァーダ,6,37,0.0541,0.2973,7.7838,7,0.5
アルヴィス,3,37,0.1622,0.2973,6.9459,7,0.5
ハッピーテレサ,7,37,0.0811,0.4054,7.2162,7,0.0
パシフィックベル,3,37,0.0541,0.1351,8.5676,7,0.0
パパラチア,5,37,0.0811,0.1351,9.0541,7,0.3333
ブランジェリーナ,6,37,0.027,0.1081,9.2973,7,0.0
クリアーパッション,5,37,0.0541,0.1081,9.0811,7,0.25
ノーブルエターナル,2,37,0.1622,0.2703,6.9189,23,0.0
ヒカルトキメキ,7,37,0.0811,0.1892,8.0541,7,0.0
ハルシュタット,7,37,0.027,0.1081,9.4865,7,0.0
マリアベール,5,37,0.0,0.1351,7.8108,7,0.0
ドリームドリーマー,4,37,0.027,0.0811,9.0811,7,0.0
カヴァートラブ,4,37,0.0811,0.3243,5.6216,7,0.0
Sisheba,1,37,0.0541,0.2973,5.2973,7,0.0
ポップス,3,37,0.0541,0.2703,6.027,7,0.0
ファーマクリーム,4,37,0.1081,0.2973,8.5676,7,0.0
エスワンスペクター,3,37,0.0541,0.2162,7.5946,7,0.0
マンデルーシュ,6,37,0.0811,0.1351,9.027,7,0.25
オルレアン,3,37,0.0541,0.3514,6.6486,7,0.0
キャッツプライド,6,37,0.027,0.1622,8.4054,7,0.0
プレシャスメイト,4,37,0.027,0.2973,5.6216,7,0.0
アルマディヴァン,3,37,0.0,0.2432,6.5135,7,0.0
キャンディキー,5,37,0.0541,0.2432,7.2973,7,0.25
ラプリマステラ,5,37,0.0541,0.1892,8.0,7,0.0
キルシュブリューテ,3,37,0.0,0.1351,8.6486,7,0.0
シーダーローズ,6,37,0.027,0.1622,9.0,7,0.0
エターナルハピネス,5,37,0.0541,0.1622,8.3784,7,0.0
ステイハッピー,2,37,0.0,0.0811,8.0541,7,0.0
サンレガーロ,4,37,0.0,0.2432,7.7568,7,0.0
イトハユリ,4,37,0.0541,0.1892,8.1351,7,0.0
ブライトエルフ,3,37,0.1351,0.4324,5.5135,7,0.0
ブライトガーランド,3,37,0.0811,0.3243,6.4054,7,0.0
クリノビスケット,2,37,0.027,0.1351,7.5946,15,1.0
ベルダム,4,37,0.0541,0.3514,6.1081,7,0.25
ドリーボヌール,5,37,0.0811,0.1622,7.4865,7,0.25
シャドウリング,4,37,0.1081,0.2432,8.1081,7,0.0
スウィフトオブフライト,2,37,0.1351,0.2703,7.5405,7,0.0
ローズアイネス,2,37,0.027,0.0811,7.8919,7,0.0
ブラマンジェ,4,37,0.1351,0.3243,6.2162,7,0.3333
アイシーサイレンス,3,37,0.1081,0.3514,5.7838,7,0.0
ケイアイスパイダー,4,37,0.027,0.0541,9.5135,7,0.0
スターシンフォニー,7,37,0.1351,0.2703,7.2973,7,0.0
アイムユアーズ,7,37,0.1622,0.4324,5.1892,7,0.2
ファンディータ,3,37,0.027,0.1622,6.9459,7,0.0
クールレディ,3,37,0.0,0.0811,10.2162,7,0.0
キモンオレンジ,4,37,0.0811,0.3514,6.9459,7,0.0
ゴットサーガ,6,37,0.0,0.1081,7.9189,7,0.0
マシロンガール,4,37,0.0541,0.1622,9.1351,7,0.0
ビットアリエス,3,37,0.1351,0.3784,6.1892,7,0.0
キャニオンバレー,4,37,0.0541,0.3514,6.7568,7,0.0
マコトジョワイユー,7,37,0.027,0.1081,7.5676,7,0.0
トーセンウーノ,3,37,0.0541,0.1351,8.1892,7,0.0
タニノジャドール,5,37,0.027,0.0541,9.3514,7,0.0
プリンセスビコー,1,37,0.0811,0.1622,7.9459,7,0.0
マチカネベニザクラ,2,37,0.1081,0.2703,6.7838,7,0.0
コマノリリー,5,37,0.1351,0.2973,6.6757,7,0.0
フラワーキャット,5,37,0.0541,0.1892,8.8919,7,0.0
ブルーミングガール,4,37,0.0,0.0811,10.2973,7,0.0
シルキークラフト,4,37,0.1081,0.1622,9.0811,7,0.3333
プリンセスプライド,5,37,0.1351,0.2973,7.7838,7,0.25
ペイフォワード,3,37,0.1081,0.2973,6.4865,7,0.3333
ギャルソンヌ,6,37,0.1081,0.3784,6.7568,7,0.25
アルブスメロディー,5,37,0.1351,0.3514,6.5676,7,0.25
ストーリーテリング,4,37,0.0541,0.1892,8.2973,7,0.0
バクシンカーリー,3,37,0.1081,0.3243,6.0811,7,0.0
デアリングプライド,4,37,0.027,0.2703,7.8649,7,0.0
ノアウイニング,6,37,0.1081,0.2703,7.4324,7,0.0
インクルーシブ,3,37,0.0,0.1351,8.2432,7,0.0
インクルードベティ,4,37,0.1622,0.3784,5.8919,7,0.0
キーブギー,3,37,0.0541,0.1892,8.4865,7,0.0
ダンスティルドーン,3,37,0.1081,0.3514,6.7838,7,0.0
スカーゲン,4,37,0.0,0.0541,10.0,7,0.0
マダムアグライア,4,37,0.0811,0.3243,6.7838,7,0.0
ヴァーチュ,2,37,0.0,0.1081,8.0811,43,0.0
アリーペデ,5,37,0.0541,0.1351,8.4595,7,0.0
アラームコール,3,37,0.0811,0.1622,9.027,7,0.5
ツウカイヤスナム,4,37,0.1081,0.2162,7.8919,7,0.0
カネツスペシャル,2,37,0.1081,0.3243,8.0,7,0.0
ホットプレイ,3,37,0.0811,0.2162,7.1892,7,0.0
ニューグランジ,3,37,0.1351,0.4054,6.3243,7,0.0
ジャーメイン,2,37,0.0541,0.1892,6.9189,7,0.0
アドマイヤエレノア,5,37,0.027,0.2162,7.973,7,0.0
キャサリンアイドル,8,37,0.0,0.027,10.1892,7,0.0
キャストロメファ,4,37,0.0541,0.2973,5.8378,7,0.25
マキアージュシチー,2,37,0.0541,0.2703,7.1892,7,0.0
リボンフラワー,5,37,0.0541,0.4595,5.2432,7,0.0
アンブルサイド,2,37,0.1081,0.3243,5.3243,7,0.0
ユウキビバ,5,37,0.0541,0.2703,6.2162,7,0.0
テンザンストーム,3,37,0.0541,0.4324,7.2973,7,0.0
ブルックデイル,4,37,0.1351,0.3243,5.5946,7,0.3333
ヒカルラブリーアイ,3,37,0.0541,0.2432,6.7838,7,0.0
ヒガシドリーム,4,37,0.1081,0.2973,7.0541,7,0.0
ウィルダネスストーム,5,37,0.0,0.1622,8.1351,7,0.0
カカリア,4,37,0.0541,0.1351,7.7027,7,0.3333
ヘイブンズギフト,3,37,0.027,0.1351,8.027,7,0.0
ラソーミュロワーズ,4,37,0.0541,0.2432,7.6757,7,0.5
Our Miss Jones,1,37,0.1081,0.2973,6.0541,7,0.0
ノウ,4,37,0.0541,0.0541,8.0,7,0.3333
ディアジーナ,5,37,0.0541,0.2973,7.1351,7,0.25
ミスアナレオ,3,37,0.027,0.2162,7.0811,7,0.0
クレバーピルエット,1,37,0.027,0.1622,7.6486,7,0.0
ミスアルダント,3,37,0.1081,0.1622,8.2162,7,0.0
サクラパピルス,3,37,0.1081,0.1622,6.2973,7,0.0
モンテミウ,6,37,0.0541,0.0541,9.4054,7,0.0
ネオグラティア,5,37,0.0541,0.3514,7.2703,7,0.0
ユメザンマイ,2,37,0.027,0.1081,8.7297,7,0.0
シャイアーズエンデ,3,37,0.027,0.3514,6.7838,7,0.0
Missamerica Bertie,1,37,0.0811,0.2973,7.0,7,0.0
トーホウリッチ,4,37,0.0811,0.2432,7.5676,7,0.0
セイカシリアス,6,37,0.0,0.1351,8.0541,7,0.0
サクセスゴーランド,6,37,0.027,0.0811,9.4324,7,0.0
ファミリーソング,3,37,0.0541,0.1351,7.8108,7,0.5
ダンスミュージカル,6,37,0.027,0.1351,9.4865,7,0.0
フサイチミニヨン,5,37,0.027,0.0811,10.1081,7,0.0
フサイチミライ,4,37,0.0,0.0811,8.8919,7,0.0
パピオンライン,2,37,0.0541,0.4054,5.9459,7,0.0
オサマジョール,3,37,0.1081,0.2162,8.8649,7,0.0
ヒカルダイヤモンド,5,37,0.0811,0.2432,7.6216,7,0.0
アドヴァーシティ,2,37,0.1351,0.3784,6.5405,7,0.0
エイシンサンタフェ,1,37,0.0811,0.2162,7.0,7,0.0
トモジャオール,3,37,0.0811,0.3514,6.7568,7,0.0
ジュンレンカ,5,37,0.0541,0.2432,7.1622,7,0.0
ペイシャオブワキア,4,37,0.0541,0.1892,7.7297,7,0.0
トウケイルーブル,4,37,0.0811,0.1622,7.9459,7,0.0
ドライブマイカー,4,37,0.027,0.1351,9.4054,7,0.0
コンフィデント,3,37,0.0811,0.1622,7.4595,7,0.0
コージーベイ,6,37,0.0541,0.2703,7.2162,7,0.2
ヒカルマイハート,7,37,0.0541,0.1622,8.7027,7,0.0
ウインファンタジア,7,37,0.0541,0.2973,8.1892,7,0.0
ロマンスリップ,4,37,0.0,0.0,10.4595,7,0.0
ボーナスチャンス,3,37,0.0811,0.1622,8.0541,7,0.0
キタサンラブソング,4,37,0.1081,0.2703,7.8108,7,0.0
スマートレディー,4,37,0.0541,0.1351,9.6757,7,0.3333
ケージーサクランボ,3,37,0.0811,0.2432,6.1892,7,0.0
スマートシンパシー,2,37,0.1351,0.4054,5.2703,7,0.0
ショウナンカルメン,3,37,0.027,0.2432,7.027,7,0.0
シュウギン,4,37,0.027,0.0541,8.6757,7,0.0
シュガーレディアン,5,37,0.0,0.1351,8.2432,7,0.0
フェイムドグレイス,5,37,0.027,0.1081,8.2432,7,0.0
リラコサージュ,5,37,0.1622,0.3784,7.027,7,0.0
カワカミサクラ,4,37,0.0811,0.3514,5.6216,7,0.0
カレンケカリーナ,4,37,0.1351,0.3514,5.7568,7,0.0
カレンコティヤール,4,37,0.1081,0.2432,7.2973,7,0.0
ドリームスピカ,4,37,0.0811,0.1351,7.8649,7,0.0
ベストレート,4,37,0.0541,0.1622,8.0,7,0.0
エレアノラデュース,5,37,0.0,0.0811,8.8378,7,0.0
アステュート,5,37,0.027,0.1351,8.4054,7,0.0
ソリーソアンジェロ,4,37,0.027,0.1892,8.6216,7,0.0
イッツマイン,5,37,0.0,0.0811,9.2162,7,0.0
ウインドストリーム,4,37,0.027,0.1622,8.4595,7,0.0
ナムラライラ,2,36,0.0833,0.2222,6.2222,7,0.0
ナムラドロシー,3,36,0.0278,0.1667,7.8889,7,0.0
ワントゥワン,3,36,0.1389,0.5278,4.4722,7,0.3333
メイショウスザンナ,5,36,0.0556,0.2222,6.8889,7,0.0
ステルスエミオ,3,36,0.0556,0.1389,10.4167,7,0.0
サトノニーケ,5,36,0.0556,0.25,7.6389,7,0.0
エルノヴァ,4,36,0.0833,0.2778,8.1111,7,0.0
ビアンコ,6,36,0.1111,0.25,7.8333,7,0.25
ボイルトウショウ,3,36,0.1389,0.3333,6.7778,7,0.0
カレンステイシー,4,36,0.1667,0.2778,6.8611,7,0.0
ブルーダヌーブ,3,36,0.1389,0.25,7.2222,7,0.0
スマートカペラ,4,36,0.0833,0.2778,7.3611,7,0.0
コスモランゲル,5,36,0.0833,0.1667,7.5556,7,0.2
コスモライセンス,2,36,0.0556,0.1944,5.5833,7,0.5
セイカアルテナ,8,36,0.0,0.0,11.2778,7,0.0
カクテル,7,36,0.0833,0.1389,9.8056,7,0.3333
シングアップロック,1,36,0.1667,0.3889,6.0833,7,0.0
シンギングメリリー,3,36,0.1389,0.5,5.1111,7,0.0
ディメンティカタ,4,36,0.0556,0.25,7.0556,7,0.0
レッドディクシー,3,36,0.0556,0.25,7.25,7,0.0
スズランコマンダー,3,36,0.0556,0.1111,8.6389,7,0.3333
エムオーフィーバー,3,36,0.0556,0.1111,9.4167,7,0.0
トーセンバスケット,5,36,0.0556,0.0833,9.3611,7,0.0
ツールドコルス,4,36,0.0278,0.1667,8.1389,7,0.0
シルバーバレーガール,4,36,0.0556,0.1944,8.6389,7,0.0
カシノヴィガ,3,36,0.0556,0.25,8.9722,7,0.0
Follow a Dream,2,36,0.1944,0.4167,4.8889,7,1.0
ミスアシング,2,36,0.1111,0.25,6.75,7,0.0
トゥアーニー,5,36,0.1389,0.3611,6.7778,7,0.25
ニシノミライ,2,36,0.0556,0.0833,8.6944,23,0.0
ニシノミチシルベ,5,36,0.0,0.0,10.4444,7,0.0
グローバルリーダー,5,36,0.0278,0.2222,7.5,7,0.0
ミヤコサンライズ,5,36,0.0,0.0278,10.2222,7,0.0
ピュアチョコレート,6,36,0.0278,0.1111,9.6111,7,0.0
サミットヴィル,3,36,0.1389,0.6111,4.0833,7,0.0
ナムラテンニョ,2,36,0.1111,0.2778,8.25,7,0.0
インソムニア,2,36,0.0278,0.1111,9.8056,7,0.0
オアシスクイーン,4,36,0.0833,0.3611,7.5556,7,0.25
オウケンサクラブ,1,36,0.0556,0.3611,6.0278,7,0.0
メリーウィドウ,4,36,0.25,0.4444,5.5,7,0.5
ハチマンダイボサツ,6,36,0.0278,0.0833,9.1389,7,0.0
セイウンメイリー,5,36,0.0556,0.1111,8.6111,7,0.0
ズブロッカ,5,36,0.0556,0.1667,9.8333,7,0.25
ディアナムラ,6,36,0.0,0.1111,8.9167,7,0.0
スタイルオブメロン,2,36,0.0278,0.2222,6.8333,7,0.0
ホシノユメ,2,36,0.0,0.0833,8.5278,7,0.0
レディトリス,5,36,0.0556,0.1111,9.3056,7,0.0
テンザンデザート,1,36,0.0556,0.3889,5.4444,7,0.0
スパイシーソース,4,36,0.0278,0.0556,9.9167,7,0.0
マオノココロ,4,36,0.0833,0.1667,7.2222,7,0.0
トーセンスクリュー,3,36,0.0556,0.1389,8.25,7,0.0
ロングカイソウ,2,36,0.0833,0.3056,7.3056,7,0.0
ワイルドフラッパー,3,36,0.1389,0.25,7.1389,7,0.0
スパイクラベンダー,3,36,0.0,0.0556,10.4444,7,0.0
ゴッドエンジェル,3,36,0.1111,0.3611,7.4167,7,0.0
レミニセンス,5,36,0.0833,0.3333,6.8333,7,0.0
メジロレント,1,36,0.0278,0.3611,5.8333,7,0.0
ルーラ,4,36,0.2222,0.4444,5.9722,7,0.0
ロカ,4,36,0.2778,0.5278,4.2778,7,0.5
ヴァーチュスター,4,36,0.0556,0.2222,6.0556,7,0.0
エアデジャヴー,4,36,0.1111,0.1944,7.6944,7,0.5
ラフォルジュルネ,7,36,0.0,0.1111,7.8333,7,0.0
タガノトリオンフ,5,36,0.0556,0.2778,6.9167,7,0.0
ベガフライト,1,36,0.0833,0.2778,6.7222,7,0.0
グッドゲーム,3,36,0.1111,0.1944,8.1667,7,0.5
タカラサイレンス,4,36,0.0278,0.1389,9.7778,7,0.0
ポジショントーク,5,36,0.0833,0.1944,8.2778,7,0.2
ゴルトキルシェ,4,36,0.1111,0.1944,7.4167,7,0.0
ジャックヒマワリ,2,36,0.1389,0.4444,5.4722,7,0.0
ギャラクティコ,5,36,0.0278,0.3611,6.5833,7,0.0
ヘヴンリービーナス,3,36,0.1389,0.2222,6.6944,7,0.0
ティアーオブジョイ,1,36,0.1667,0.3611,6.8056,7,0.0
タケショウナデシコ,5,36,0.0556,0.1389,10.2778,7,0.0
ブロードピーク,4,36,0.0556,0.3889,5.8889,7,0.0
メイショウブルック,5,36,0.0278,0.0278,8.6667,7,0.0
リトルブック,6,36,0.1111,0.25,7.9444,7,0.25
ユーワジュリエット,4,36,0.0278,0.1389,8.5556,7,0.0
タムロマンサーナ,3,36,0.0278,0.1111,8.5,7,0.0
メイショウピレネー,5,36,0.0,0.0278,9.3333,7,0.0
トウカイルックス,5,36,0.0278,0.0278,8.9167,7,0.25
ダニエラズフラワー,6,36,0.0,0.1944,8.1389,7,0.0
キャットアリ,3,36,0.0833,0.25,6.0556,7,0.0
レーヌヴェルト,2,36,0.1111,0.3889,6.3611,7,0.0
ケイアイダンサー,3,36,0.0278,0.1667,7.75,7,0.0
ドレスデングリーン,5,36,0.0278,0.3056,7.1111,7,0.0
マイネグラティア,6,36,0.0556,0.1667,8.1667,7,0.0
バージニアキャット,5,36,0.0833,0.1667,8.3611,7,0.2
プラッキーエリーナ,5,36,0.0,0.1667,8.2778,7,0.0
リープリッヒ,2,36,0.0278,0.1667,7.3611,7,0.0
モルジアナ,5,36,0.1111,0.2778,6.6944,7,0.0
サクラメガ,3,36,0.1111,0.3333,6.3056,7,0.0
フレノカトリーヌ,5,36,0.0278,0.1667,10.0,7,0.0
カフジティアラ,4,36,0.0833,0.25,8.2778,7,0.0
ショコラーチ,2,36,0.0556,0.1111,7.6111,7,0.0
カミヒコーキ,5,36,0.0833,0.3333,7.6111,7,0.2
ワディラム,6,36,0.1667,0.2222,8.4722,7,0.0
パルストリーナ,4,36,0.0556,0.1944,7.4167,7,0.3333
ミストラルグリーン,5,36,0.0278,0.1389,8.5,7,0.0
ミステリューズ,3,36,0.1389,0.3889,6.75,7,0.0
クッキーキティ,4,36,0.1667,0.4167,6.5278,7,0.0
ミッシェルラブ,3,36,0.1389,0.3056,7.25,7,0.0
Truant,1,36,0.1667,0.4167,5.9444,7,0.0
クリノバンダイサン,6,36,0.0278,0.0833,8.9444,7,0.2
スウィートアンドフローレス,5,36,0.0556,0.1944,7.8333,7,0.0
モエトレゾール,1,36,0.0556,0.1667,7.0556,7,0.0
フェイズシフト,3,36,0.1667,0.3056,5.6944,7,0.0
オープニングベル,4,36,0.0556,0.1944,7.6944,7,0.0
ゼラスキャット,5,36,0.0833,0.1667,8.3611,7,0.0
ニシノクローバー,3,36,0.0556,0.3056,6.6111,7,0.0
アルマネーレーイス,4,36,0.0278,0.2222,8.25,7,0.0
リンネ,5,36,0.0278,0.1111,8.9167,7,0.0
フラゴリーネ,5,36,0.0278,0.1944,8.2778,7,0.0
オリジナルデザート,1,36,0.1389,0.3611,5.9722,7,0.0
メジャータイフーン,2,36,0.1667,0.4444,5.7222,7,0.5
ハヤブサペコチャン,4,36,0.0556,0.3056,6.8611,7,0.0
ゴールデンページ,3,36,0.0833,0.25,7.1111,7,0.0
ハイジ,5,36,0.0833,0.25,7.1111,7,0.0
レディピアレス,5,36,0.1111,0.2778,8.1389,7,0.0
ブリトン,2,36,0.0,0.0278,10.6667,7,0.0
カーメリタ,5,36,0.0556,0.0556,9.6944,7,0.0
シャンハイギャル,2,36,0.1111,0.5,5.0556,7,0.0
レディオブチャド,4,36,0.0833,0.1667,7.6389,7,0.0
チャップアップ,5,36,0.0,0.1111,10.3333,7,0.0
ヒカルトクタイセイ,4,36,0.0833,0.0833,10.2222,7,0.0
クリスエスマーチ,3,36,0.0278,0.1111,7.8333,7,0.0
クラウンフォルテ,6,36,0.0278,0.0833,8.6111,7,0.0
リファールナカヤマ,2,36,0.0556,0.3056,6.4444,7,0.0
ロイヤルペルラ,5,36,0.0278,0.3333,6.1944,7,0.0
シーズンズベスト,6,36,0.0556,0.1667,8.4167,7,0.1667
グランカナリア,5,36,0.0,0.1389,9.1944,7,0.0
ヤマニンアタシャン,5,36,0.1667,0.3611,6.5278,7,0.2
アルマーズビコー,5,36,0.0,0.0833,8.6111,7,0.0
アルマミーア,3,36,0.1944,0.4167,5.0,7,0.0
Little Miss Muffet,2,36,0.1667,0.3611,6.1389,7,0.5
ロンドンブリッジ,5,36,0.25,0.3611,5.6944,7,0.25
ロイヤルストリート,3,36,0.0556,0.1389,9.0556,7,0.3333
シアトルブリッジ,3,36,0.0833,0.25,7.3611,7,0.0
ランミネルバ,5,36,0.0833,0.3333,7.1389,7,0.0
ロゼ,1,36,0.0833,0.2222,7.8056,7,0.0
レディオブオペラ,5,36,0.1389,0.3333,6.3611,7,0.4
スリーベラミ,6,36,0.0,0.1944,7.2778,7,0.0
イケイケサンドリン,2,36,0.0556,0.3611,6.1389,7,0.0
マイネノンノ,6,36,0.1389,0.3611,7.3611,7,0.0
エロージュ,5,36,0.0,0.1944,7.8333,7,0.0
チャーチクワイア,5,36,0.1389,0.3889,6.1389,7,0.0
アスパラガス,3,36,0.0,0.1944,6.7222,7,0.0
スリーアロー,4,36,0.1389,0.4167,6.0833,7,0.25
ママズディッシュ,9,35,0.0286,0.2,8.4286,7,0.0
イエロージャケット,1,35,0.0286,0.0286,7.2286,23,0.0
タクトフリー,3,35,0.1143,0.2,7.5429,7,0.3333
アステオン,5,35,0.0857,0.2857,8.9714,7,0.0
ヴェルサイユパーク,5,35,0.0571,0.1143,9.4857,7,0.2
ヴィヴァチッシモ,4,35,0.0286,0.1429,7.7429,7,0.0
アーバンライナー,4,35,0.0286,0.0857,9.1143,7,0.0
リュラ,4,35,0.1143,0.2,7.6857,7,0.5
ショコラディスコ,4,35,0.0286,0.3143,7.4857,7,0.0
Lemonlime,1,35,0.1143,0.4286,7.2,7,0.0
シアワセナンダッケ,2,35,0.0286,0.2,7.0571,7,0.0
エッグドロップ,4,35,0.1143,0.2571,5.8857,7,0.0
シャンハイレディ,3,35,0.1143,0.3429,5.7714,7,0.0
カントリースタイル,1,35,0.0571,0.0857,6.9714,7,0.0
カントリーギャル,3,35,0.0,0.1143,7.9714,7,0.0
オーバーレイ,1,35,0.0857,0.2,7.9714,15,1.0
オレゴンレディ,4,35,0.0857,0.1429,7.8571,7,0.0
ペプチドヴィーナス,4,35,0.2,0.3143,6.7714,7,0.75
ハーロンベイ,5,35,0.1714,0.2857,6.0857,7,0.25
アイムヒアー,2,35,0.0,0.1143,7.3714,7,0.0
ノブレスオブリッジ,4,35,0.0571,0.2,8.5429,7,0.0
ノブクィーン,5,35,0.0286,0.0857,8.3714,7,0.0
エイシンピカデリー,5,35,0.1714,0.4,6.7714,7,0.2
アイアムジュエル,6,35,0.0857,0.1429,7.9714,7,0.0
ライデンガール,2,35,0.0,0.0571,9.7714,7,0.0
ロックトニック,3,35,0.0571,0.2,7.2,7,0.0
アンヌ,4,35,0.0571,0.1714,9.1143,7,0.25
テールバインダー,2,35,0.0286,0.1429,9.0,7,0.0
ドレスアップ,2,35,0.0571,0.2286,6.2857,7,0.0
ロジプリンセス,3,35,0.1143,0.3143,7.5429,7,0.0
ダンスノワール,3,35,0.0857,0.2,8.2857,7,0.0
ガデスオブマーシー,2,35,0.0857,0.2,8.5714,15,1.0
ガジュマル,3,35,0.0857,0.4,5.2,7,0.0
ベストクルーズ,6,35,0.0857,0.4286,5.7714,7,0.2
ラゴディラゴライ,3,35,0.0,0.0,10.7143,7,0.0
セドゥクティーバ,6,35,0.0286,0.0571,11.6286,7,0.0
チャランダ,1,35,0.0286,0.1429,8.7143,7,0.0
シーズアウーマン,3,35,0.1143,0.2571,7.9429,7,0.0
メガミゲラン,2,35,0.0571,0.2286,6.9429,7,0.0
マリアローザ,7,35,0.0,0.2286,8.2286,7,0.0
セクシーシューズ,5,35,0.0,0.1143,8.7429,7,0.0
ラブヴィサージュ,3,35,0.0571,0.1714,7.7714,7,0.0
アラマサフェアリー,2,35,0.0571,0.1714,8.4857,23,0.0
サムシングナイス,1,35,0.0571,0.2286,7.7429,23,0.0
サマーリガード,4,35,0.1714,0.3714,6.3143,7,0.0
クェスタボルタ,3,35,0.2,0.3143,6.4286,7,0.0
ヤマニンリップル,6,35,0.0857,0.2,8.2,7,0.0
レースミストレス,1,35,0.0286,0.0857,9.2,7,0.0
Cabaret Starlet,2,35,0.1429,0.3143,6.4571,7,0.0
ワンダーフィリー,6,35,0.0286,0.1429,8.6286,7,0.0
ウェイヴランナー,5,35,0.0,0.0286,10.5714,7,0.0
カネトシバニラ,6,35,0.0,0.1429,9.0286,7,0.0
ルレシャンテ,4,35,0.0,0.2571,6.8,7,0.0
ジュリエットベール,4,35,0.0857,0.2857,7.0,7,0.25
ルールブリタニア,4,35,0.2286,0.5429,4.4571,7,0.5
グリューヴァイン,5,35,0.1429,0.4,5.9714,7,0.0
メモリーフェミナ,2,35,0.0571,0.2571,5.8,7,0.0
ニシノワン,6,35,0.0571,0.1143,10.2,7,0.0
ライヴ,4,35,0.0571,0.1429,8.3143,7,0.0
フラワーフェアリー,2,35,0.1429,0.3143,6.8857,7,0.0
ハニードント,3,35,0.0857,0.2,7.1429,7,0.0
フミノアザレア,3,35,0.0571,0.1429,7.8857,7,0.0
ビービーバーニング,2,35,0.1143,0.3429,7.0286,7,0.0
リモーネフレイバー,2,35,0.0857,0.2,6.8571,7,0.0
ヴィーナスベルト,4,35,0.0857,0.2857,8.0857,7,1.0
タイムピース,5,35,0.1143,0.1714,8.3143,7,0.0
アースザスリー,4,35,0.0571,0.2857,7.2286,7,0.0
モトカノテソーロ,3,35,0.0286,0.0857,7.8286,7,0.0
エンキャンタドゥ,3,35,0.2,0.3143,6.6571,7,1.0
プリティラパス,1,35,0.0286,0.2,7.3714,23,0.0
アイラインローザー,4,35,0.0571,0.1714,9.0286,7,0.0
エニーデイ,3,35,0.1143,0.2286,7.5429,7,0.0
スクールミストレス,3,35,0.1429,0.3429,4.9143,7,0.3333
サイレントプレアー,2,35,0.0857,0.1143,8.4857,7,0.0
ナリタシルエット,4,35,0.0571,0.2286,8.1143,7,0.3333
スギノキューティー,6,35,0.1143,0.1143,10.1429,7,0.0
サンデーメモリー,4,35,0.1143,0.2571,7.1714,7,0.0
アグネスルビー,7,35,0.0,0.0571,9.8,7,0.0
マイネカレッシュ,2,35,0.1143,0.2571,7.6,7,0.0
エイシンカラット,2,35,0.0571,0.2286,7.4,7,0.0
スイートシャイン,4,35,0.0286,0.2286,6.9714,7,0.0
シャトルシャロン,3,35,0.0857,0.2286,7.6,7,0.0
バルドネキア,3,35,0.0571,0.2857,7.6571,7,0.0
ソルトレイクスター,4,35,0.0286,0.4,6.4286,7,0.0
サクラセレーネ,4,35,0.1143,0.2286,7.7143,7,0.0
Glorious Success,1,35,0.0286,0.1429,7.0,7,0.0
モーガンルフェイ,3,35,0.0,0.0571,8.0286,7,0.0
ザペキンハート,4,35,0.1143,0.2571,7.8286,7,0.0
スワン,6,35,0.1143,0.1429,8.8857,7,0.25
ヒシラガーディア,5,35,0.0286,0.2857,6.3429,7,0.0
キャッスルローズ,1,35,0.0,0.0857,8.8857,7,0.0
ワンダフルドーラ,4,35,0.0,0.1714,8.4571,7,0.0
ウィッシュハピネス,4,35,0.1429,0.4286,4.7143,7,0.3333
ナイトオブドバイ,6,35,0.0,0.1143,8.7714,7,0.0
ナイスヴァレー,3,35,0.0571,0.2571,8.9143,7,0.0
ウインガーネット,3,35,0.0,0.1143,7.3143,7,0.0
ケイアイカミーリア,5,35,0.1143,0.2286,8.1429,7,0.0
サンマルアリュール,3,35,0.1143,0.4286,5.7143,7,0.0
クリッパールート,3,35,0.0571,0.1714,6.8286,7,0.3333
La Cloche,1,35,0.0571,0.4286,5.6286,7,0.0
ドメーヌ,5,35,0.0571,0.2,9.0857,7,0.0
Appealing Stella,2,35,0.1143,0.2286,8.0857,7,0.0
ブロンズテーラー,3,35,0.0286,0.3429,5.8571,7,0.0
メディアウォーズ,5,35,0.0857,0.1714,7.9143,7,0.0
メモリーオブハース,5,35,0.0857,0.2,7.8857,7,0.0
メモリアルライフ,4,35,0.1429,0.2286,8.1714,7,0.6667
プランタンシャルム,2,35,0.1429,0.4857,5.1429,7,0.0
ジャムトウショウ,6,35,0.0857,0.2,7.6571,7,0.2
バライロー,3,35,0.1429,0.3429,7.2286,7,0.0
カレンチャン,5,35,0.1714,0.4286,5.5429,7,0.25
カルディーン,6,35,0.0286,0.1429,8.6571,7,0.1667
ホームフロムオズ,5,35,0.1429,0.3143,7.9429,7,0.3333
ソルダテッサ,5,35,0.0571,0.1714,7.9143,7,0.0
カンタベリーセーラ,4,35,0.0,0.1143,9.6,7,0.0
トップチョイス,5,35,0.0,0.0,9.5143,7,0.0
シュガーハートコン,4,35,0.0,0.1429,8.4286,7,0.0
ジュンユーミン,4,35,0.0857,0.2286,7.5429,7,0.3333
ポントマイコ,5,35,0.1143,0.2857,6.8286,7,0.25
トウカイセレッソ,4,35,0.0286,0.0286,9.8286,7,0.0
ダイタクアズミット,5,35,0.0,0.1143,8.7143,7,0.0
アオバコリン,3,35,0.1143,0.2286,8.2,7,0.0
ファンシーカフェ,2,35,0.0,0.0857,8.6,7,0.0
ヴィリエルバクル,4,35,0.0286,0.1714,8.4857,7,0.3333
Bible Belt,2,35,0.1143,0.1714,7.1429,7,0.5
ライムライト2,6,35,0.0,0.1143,8.8,7,0.0
ビートゴーズオン,4,35,0.0286,0.2,7.8286,7,0.0
ダノンプリマドンナ,2,35,0.1429,0.4286,5.0857,7,0.0
ヒストリックレディ,5,35,0.2,0.4286,5.5714,7,0.0
フェリスホイール,4,35,0.0286,0.1143,9.4286,7,0.0
キンセイマル,4,35,0.1143,0.3143,7.2286,7,0.0
デストリアー,5,35,0.0286,0.0571,8.3714,7,0.0
シンコウベルデ,5,35,0.0286,0.2,8.6571,7,0.0
メイショウレクセラ,3,35,0.0857,0.2,8.0286,7,0.3333
ナッシュビル,4,35,0.0,0.0571,9.1429,7,0.0
ネヴァカグラ,2,35,0.1143,0.2286,6.4571,7,0.0
ウイングザムーン,4,35,0.0286,0.2571,7.4857,7,0.0
パシェンテ,4,35,0.0571,0.0571,9.3714,7,0.0
ヨゾラニネガイヲ,3,35,0.0286,0.2286,8.9714,7,0.0
ラヴアンドバブルズ,5,35,0.1429,0.4857,5.5429,7,0.0
ジュエルオブザナイト,4,35,0.1143,0.2571,6.5714,7,0.25
ハイレイヤー,3,35,0.0857,0.2571,7.2286,7,0.0
オグリダイアン,3,35,0.0286,0.2286,5.6571,7,0.0
ローズオットー,6,35,0.0571,0.2857,8.3143,7,0.0
ロンギングエリー,4,35,0.0571,0.1714,7.7429,7,0.0
Ambitious Journey,1,35,0.1429,0.3143,8.6,7,0.0
インラグジュアリー,3,35,0.1429,0.2571,8.8571,7,0.3333
ローザレーヌ,5,35,0.0286,0.0571,8.3143,7,0.0
メジロカンナ,2,35,0.0,0.0571,8.8,7,0.0
トウカイフィーバー,3,35,0.0571,0.2857,6.7714,7,0.0
トウカイセレブ,4,35,0.0571,0.2,8.0571,7,0.0
サンレイククイン,6,35,0.0857,0.1429,9.2286,7,0.5
アブマーシュ,2,35,0.0286,0.1714,8.1714,7,0.0
トレアンサンブル,5,35,0.1143,0.1714,7.4857,7,0.0
ラスエモーショネス,4,35,0.0857,0.2857,7.4286,7,0.0
ホウライアキコ,4,35,0.0857,0.3143,7.4,7,0.0
マリアビスティー,4,35,0.1429,0.2857,6.8857,7,0.0
ニシノアモーレ,3,35,0.2857,0.4571,5.2286,7,0.0
エステフ,6,35,0.0571,0.2286,7.0286,7,0.0
ニシノマオ,5,35,0.0286,0.1143,9.6286,7,0.0
クリールソレイユ,5,35,0.0286,0.1429,8.5714,7,0.0
シャンパンセラー,4,35,0.0286,0.0286,9.6857,7,0.3333
パダナ,4,34,0.0294,0.2059,7.7353,7,0.0
スプライトダンス,3,34,0.0588,0.2353,7.4118,7,0.0
キャメロンロード,4,34,0.1765,0.3824,5.8529,7,0.0
レディサマンサ,3,34,0.0294,0.1765,6.3235,7,0.0
シースナイプ,6,34,0.0294,0.0588,9.1471,7,0.2
マッドアバウトユー,4,34,0.0294,0.1176,7.7941,7,0.0
トリプライト,4,34,0.2647,0.4412,5.4118,7,0.25
ラヴリーハントレス,2,34,0.0882,0.3235,5.7941,7,0.0
インプレッシヴ,5,34,0.0,0.0588,10.0,7,0.0
オーサムチャーム,3,34,0.0294,0.2059,8.7059,7,0.3333
ヒシイパネマ,1,34,0.0294,0.2941,6.1471,7,0.0
コスモリリー,7,34,0.0294,0.2353,7.6471,7,0.0
エインセル,5,34,0.0,0.2353,6.4706,7,0.0
チャリティーライン,5,34,0.0294,0.1176,8.0,7,0.0
ディアチャンス,5,34,0.0882,0.2647,6.8529,7,0.2
ティアラトウショウ,6,34,0.0,0.0294,9.7647,7,0.0
ブロンクスシルバー,3,34,0.2059,0.5,4.7059,7,0.6667
ウインブリーザ,3,34,0.0588,0.1471,8.2059,7,0.0
スールキートス,2,34,0.0882,0.3235,6.2059,7,0.0
アロットオブラブ,4,34,0.0294,0.0294,11.4412,7,0.0
ハートオブクィーン,3,34,0.1176,0.2941,7.2647,7,0.0
ビコーガイア,3,34,0.0294,0.0882,9.7647,7,0.0
ビコーソフィア,4,34,0.0,0.2059,6.4706,7,0.0
エーシンアクセント,3,34,0.0,0.1176,8.8529,7,0.0
カイアナイト,6,34,0.0294,0.1176,9.9706,7,0.0
スイートレジーナ,2,34,0.0,0.0882,9.0294,7,0.0
ブリリアントベリー,3,34,0.1471,0.4706,5.6471,7,0.0
プレミアステイタス,4,34,0.0588,0.2059,8.1176,7,0.0
フェスティヴレディ,4,34,0.0588,0.1765,7.7353,7,0.0
ジョディーズライン,5,34,0.0294,0.1176,8.8235,7,0.0
タガノエトワール,1,34,0.0588,0.1471,7.2353,7,0.0
カトゥーンバ,6,34,0.0882,0.3235,7.4118,7,0.0
サトノフローラ,7,34,0.0294,0.1176,8.0882,7,0.0
サンレイスズカ,3,34,0.0294,0.1176,9.8824,7,0.0
ナムラクニヒメ,7,34,0.0,0.0,9.2941,7,0.0
ソルティレージュ,5,34,0.0294,0.0588,10.6765,7,0.0
ブライアンズビット,6,34,0.0,0.1471,7.1471,7,0.0
ナムラエメラルド,5,34,0.0,0.0882,8.5588,7,0.0
ハルワカ,5,34,0.0,0.0882,9.6176,7,0.0
マルカサファイヤ,2,34,0.0882,0.2941,7.3529,7,0.0
プラリネ,6,34,0.0294,0.1176,10.5,7,0.0
メイショウヤワラ,3,34,0.1471,0.1765,7.8824,7,0.0
ロマンスプレゼント,3,34,0.1176,0.2647,7.2353,7,0.0
Joyous Appeal,2,34,0.0882,0.2353,7.4706,7,0.0
チェリースマイル,2,34,0.0294,0.1765,8.4412,7,0.0
リスペクトライン,2,34,0.1176,0.1765,7.6176,7,0.0
ファミリーズオナー,2,34,0.0588,0.1176,8.1471,7,0.0
パンペロウ,1,34,0.0,0.0294,11.2059,43,0.0
サダムルーティン,4,34,0.0294,0.0588,9.8235,7,0.0
ニシノコハク,4,34,0.0588,0.1765,8.4118,7,0.0
サークリング2,4,34,0.0294,0.0882,8.9706,7,0.0
ウインエルドール,2,34,0.0294,0.1471,7.7647,7,0.0
セイユウヴィーナス,4,34,0.0294,0.1471,8.8235,7,0.3333
ケルアモーレ,2,34,0.0882,0.3824,5.9412,15,1.0
ワンダフルラッシュ,2,34,0.0588,0.3529,5.7353,7,0.0
ダイワダッチェス,3,34,0.1471,0.3235,7.0,7,0.3333
ファービヨンド,5,34,0.0588,0.1471,8.5,7,0.0
メイショウアリス,4,34,0.1765,0.2941,7.1176,7,0.0
ランウェイ,3,34,0.0882,0.4412,5.2353,7,0.0
キョウコマチ,3,34,0.0588,0.1471,10.5294,7,0.0
スクラッタ,3,34,0.1471,0.3529,5.5882,7,0.0
オスティエンセ,4,34,0.0294,0.1471,9.3235,7,0.0
ディマー,1,34,0.0588,0.3235,5.9412,7,0.0
ディラローシェ,5,34,0.0294,0.1471,7.6176,7,0.0
パクスアジアーナ,3,34,0.0882,0.2353,8.4706,7,0.0
ワキノドライバー,5,34,0.0882,0.2353,7.2941,7,0.0
ウォーターラボ,4,34,0.0882,0.2941,6.2353,7,0.0
ウルトラペガサス,3,34,0.1471,0.2647,6.1765,7,0.0
アルコシエロ,5,34,0.0588,0.0882,9.5,7,0.0
ガラシア,7,34,0.0,0.1176,9.4412,7,0.0
マチカネキミガタメ,2,34,0.0294,0.1471,7.8235,7,0.0
アロープラネット,4,34,0.0294,0.0882,9.9118,7,0.0
サリール,4,34,0.1176,0.2059,7.4118,7,0.0
エリモファイナル,5,34,0.0882,0.3235,6.4706,7,0.0
パールプリンセス,5,34,0.0588,0.1765,8.3529,7,0.0
ストロングメモリー,5,34,0.0294,0.1176,9.3529,7,0.0
スクエアアウェイ,5,34,0.0294,0.0882,8.7647,7,0.0
エメライン,3,34,0.0588,0.2059,8.2647,7,0.0
ララエクレリゼ,5,34,0.0588,0.2059,8.0,7,0.2
カネショウメロン,3,34,0.0,0.0882,9.2353,7,0.0
アドマイヤサクラ,3,34,0.0294,0.1176,8.9118,7,0.0
マルチスクリーン,4,34,0.0882,0.2059,7.3824,7,0.0
プリティーキャロル,2,34,0.0882,0.2353,7.9118,7,0.0
パールバーリー,1,34,0.0882,0.2059,7.4412,131,0.0
アンブラッセモワ,4,34,0.1765,0.2941,6.4706,7,0.0
キエレ,4,34,0.0588,0.4412,5.1765,7,0.0
キシュウグラシア,3,34,0.0294,0.0882,9.0294,7,0.0
エルーセラ,7,34,0.0588,0.3235,5.7647,7,0.0
エレガンテヴィータ,3,34,0.0882,0.1765,8.4412,7,0.0
マイネノエル,6,34,0.0,0.0294,9.6176,7,0.0
ティープラズマ,3,34,0.0294,0.2059,6.5294,7,0.0
パイクスピーク,3,34,0.1765,0.3824,7.2059,7,0.0
サイレンスラヴ,2,34,0.2059,0.5588,4.6176,7,0.0
キモンレッド,6,34,0.0294,0.1471,8.2353,7,0.0
オモテナシ2,4,34,0.0294,0.2059,8.8235,7,0.0
チカリータ,3,34,0.0588,0.1176,7.7353,7,0.5
ファインロマンス,6,34,0.0,0.0882,9.2941,7,0.0
ケイケヤキ,3,34,0.0,0.1765,8.7353,7,0.0
マリカ,4,34,0.0588,0.2353,6.4706,7,0.5
セシルブルース,7,34,0.0588,0.0882,9.0588,7,0.0
ビオンドパンテーラ,4,34,0.0294,0.1471,9.7647,7,0.0
コリエドペルル,3,34,0.0882,0.2059,8.2059,7,0.0
エアグルーヴ,2,34,0.0882,0.3529,5.4118,7,0.0
クルンプホルツ,7,34,0.1176,0.1471,8.3529,7,0.0
キャンプロック,3,34,0.1765,0.3235,5.9412,7,1.0
ゴールドターフ,3,34,0.0588,0.1765,6.6471,7,0.0
サイマー,5,34,0.2059,0.5294,5.4412,7,0.0
オウケンハナミズキ,5,34,0.0,0.1765,8.6471,7,0.0
デビルインマインド,6,34,0.0588,0.1471,8.3529,7,0.0
マシュール,3,34,0.0588,0.2941,7.0588,7,0.0
プリモンディアル,4,34,0.0882,0.2059,7.5294,7,0.0
スマートレイアー,4,34,0.2353,0.5294,4.3529,7,0.25
トーホウシンバル,7,34,0.0,0.2059,7.6471,7,0.0
Couture Cat,1,34,0.0294,0.1471,7.7353,7,0.0
ティックルゴールド,5,34,0.0588,0.2059,8.1471,7,0.0
エーシンコンファー,5,34,0.0,0.3824,5.6765,7,0.0
アドマイヤバレー,3,34,0.0588,0.2059,9.8529,7,0.0
ディーズビバーチェ,5,34,0.0294,0.1765,9.3235,7,0.0
レーヌユニヴェール,2,34,0.0588,0.2353,6.3235,7,0.0
ポットアカデミー,5,34,0.0294,0.0588,10.9706,7,0.0
ヴァンフレーシュ,5,34,0.1176,0.2059,7.7941,7,0.0
ラーゴブルー,3,34,0.0588,0.5,5.1471,7,0.0
アズマサンダース,5,34,0.0294,0.2059,7.1176,7,0.0
シンワウォッカ,2,34,0.0882,0.1765,7.9118,7,0.0
エリモフローラ,5,34,0.0,0.0882,9.0882,7,0.0
パワフルラリマー,5,34,0.0882,0.2941,8.4118,7,0.0
レッドサン,6,34,0.0,0.2353,8.2647,7,0.0
スターズアンドクラウズ,5,34,0.1765,0.4412,5.5588,7,0.6667
アルボナンザ,3,34,0.1176,0.2647,5.9118,7,0.0
プリンセスカット,4,34,0.0,0.1471,8.4118,7,0.0
イサチルルンナ,5,34,0.0294,0.1176,8.3235,7,0.2
アンチャン,5,34,0.0,0.1471,8.4706,7,0.0
ペプチドスピカ,4,34,0.0882,0.4706,5.9118,7,0.0
アクティビューティ,5,34,0.0294,0.2059,8.3529,7,0.0
ワンダーグローリー,1,34,0.0,0.0882,8.7941,7,0.0
ヤマニンアルシオン,5,34,0.0882,0.2059,9.5,7,0.0
シャレーポピー,6,34,0.0294,0.0588,8.9412,7,0.25
サクラヴィッキー,5,34,0.0882,0.2647,7.0,7,0.0
クレタパラドックス,7,34,0.0294,0.0882,9.7941,7,0.0
トゥーアイテムリミット,4,34,0.0294,0.0882,9.3235,7,0.5
レジュイール,2,34,0.0882,0.4118,6.5294,7,0.0
キュイキュイ,3,34,0.0882,0.3529,6.5882,7,0.3333
エーシンマイスター,5,34,0.0294,0.0882,10.6176,7,0.0
チェス,4,34,0.0882,0.3529,6.9412,7,0.0
ソニンク,3,34,0.1176,0.2353,6.6176,7,0.0
エーシンラクーン,3,34,0.0882,0.2059,8.3235,7,0.3333
ステイウィズユー,2,34,0.0882,0.1471,7.8824,7,0.0
ポッドシルビア,4,34,0.0588,0.5,5.4706,7,0.0
メジロオードリー,4,34,0.1176,0.3235,6.9706,7,0.0
リトルスポーツカー,3,34,0.0588,0.1765,7.6176,7,0.0
メジロアリエル,6,34,0.0882,0.3529,7.6471,7,0.0
エプソムメサイア,2,34,0.0882,0.2059,8.2941,7,0.0
バーニングレッド,2,34,0.1176,0.3235,6.3529,7,0.0
ヤサカシャイニー,4,33,0.0303,0.1515,8.3939,7,0.0
ヴェリーバンブー,2,33,0.0606,0.1818,7.1515,7,0.0
セレスティアル,5,33,0.0606,0.1818,8.2121,7,0.0
トシザダンサー,3,33,0.0606,0.1515,8.0606,7,0.0
ミニョネット,6,33,0.0,0.0909,9.0606,7,0.0
クラウンドジャック,4,33,0.0303,0.1818,7.5758,7,0.25
オンリーユー,4,33,0.0,0.0909,9.5152,7,0.0
テイエムハナフブキ,4,33,0.0303,0.2424,7.9091,7,0.0
オメガラヴィータ,4,33,0.0303,0.0909,6.8788,7,0.0
フロントタック,3,33,0.0303,0.0909,7.8788,7,0.0
ポートキャンベル,4,33,0.0303,0.2121,7.1515,7,0.0
ルミナーラ,2,33,0.0606,0.2121,7.5455,7,0.0
テーオーフェアリー,4,33,0.0909,0.1515,7.7576,7,0.0
リュンヌ,3,33,0.0303,0.2424,6.3636,7,0.0
フェアーシャトル,5,33,0.0303,0.0909,9.6667,7,0.0
シェアザジョイフル,3,33,0.0606,0.1818,7.6364,7,0.3333
ヒドゥンダンス,4,33,0.0909,0.2424,7.3333,7,0.0
アルティマチャーム,4,33,0.0303,0.0909,9.5152,7,0.0
アイアムマリリン,3,33,0.0303,0.1212,6.8182,7,0.3333
スノーリンクス,4,33,0.0606,0.1515,7.0303,7,0.0
スターペスユウコ,2,33,0.1212,0.2727,6.0303,7,0.0
キャンベルイモン,3,33,0.0303,0.1212,8.0,7,0.0
タマモペンライト,2,33,0.0303,0.2727,6.4545,7,0.0
サンゴノウミヲ,4,33,0.0,0.0303,8.4242,7,0.0
ロマンシングジェム,5,33,0.0606,0.1515,7.3333,7,0.2
アドマイヤリード,4,33,0.0606,0.303,7.697,7,0.0
ホワイトウインド,4,33,0.0606,0.2121,7.5758,7,0.0
オウバイ,4,33,0.0303,0.1212,10.1818,7,0.0
ローズウィスパー,2,33,0.0909,0.5455,5.3333,7,0.5
ドリームプレイ,2,33,0.1818,0.4848,6.6061,7,0.0
マギストラ,3,33,0.0606,0.1515,7.9697,7,0.0
サイレンスマンボウ,5,33,0.0,0.1212,10.5455,7,0.0
ハワイアンウインド,2,33,0.2424,0.4242,7.0303,7,0.5
マレンカヤ,5,33,0.0303,0.1818,8.7879,7,0.0
ショウナンハトバ,4,33,0.0606,0.3333,7.697,7,0.3333
ヒメスズラン,3,33,0.0606,0.2121,7.1818,7,0.0
ヴァリュー,2,33,0.0606,0.2121,8.1818,7,0.0
ヴィアラクテア,5,33,0.0,0.0909,10.5455,7,0.0
ソーアラート,3,33,0.1212,0.4545,4.9394,7,0.0
メイウインド,3,33,0.0303,0.1818,8.6667,7,0.0
シャイニングピサ,4,33,0.0,0.0909,8.9091,7,0.0
トニーズメモリイ,3,33,0.0303,0.0606,10.8182,7,0.0
ニューコローラ,3,33,0.1515,0.2727,7.6364,7,0.0
リベルタンゴ,4,33,0.1212,0.303,6.7273,7,0.25
ラックビーアレディトゥナイト,5,33,0.0606,0.0909,9.1212,7,0.0
フルオブグレース,4,33,0.0909,0.3939,5.9091,7,0.0
マイディスカバリー,4,33,0.2727,0.5758,5.303,7,0.0
サンタドレス,3,33,0.0303,0.2727,6.9697,7,0.0
サニークラッシック,6,33,0.0,0.0,12.6061,7,0.0
スマイルプライズ,6,33,0.0606,0.2121,9.4242,7,0.0
ブレイクマイハート,3,33,0.0606,0.4242,5.5455,7,0.0
マキシマムドパリ,4,33,0.1515,0.3939,6.5152,7,0.0
ニシノモレッタ,3,33,0.0909,0.2424,7.8485,7,0.0
スマイルビジン,5,33,0.0,0.0303,10.3333,7,0.0
ノボサンシャイン,5,33,0.0909,0.3636,7.4545,7,0.0
ジュエルメッセージ,3,33,0.0303,0.0606,8.0303,7,0.0
バイタルクィーン,5,33,0.0606,0.2121,9.0303,7,0.0
ウインミーティア,3,33,0.1515,0.3333,5.0909,7,0.0
ウインミュートス,4,33,0.0303,0.2424,7.6061,7,0.0
For Passion,1,33,0.2121,0.4545,5.9091,7,0.0
キョウエイレガシー,3,33,0.1212,0.2424,7.6667,7,0.0
エメラルドコースト,3,33,0.0606,0.303,7.5455,7,0.0
ヴァルパライソ,7,33,0.0909,0.2121,7.8182,7,0.2
プレギエーラ,5,33,0.0303,0.1212,9.4242,7,0.25
フェルメールブルー,4,33,0.0303,0.1515,7.8788,7,0.0
ロイヤルミント,1,33,0.0606,0.2121,6.3939,7,0.0
South Humor,4,33,0.0909,0.1515,8.7576,7,0.0
シャルロッカ,6,33,0.0,0.0,10.303,7,0.0
ファミッリア,4,33,0.1212,0.2727,8.2424,7,0.5
メイショウモーレン,4,33,0.0606,0.2121,8.2121,7,0.0
ジュエラー,4,33,0.1212,0.2727,6.8485,7,0.3333
リボンティアラ,5,33,0.0606,0.2424,7.7576,7,0.0
ジュエルメーカー,4,33,0.0606,0.1818,7.4545,7,0.0
ナンシー,5,33,0.0303,0.0606,8.1818,7,0.0
アーティストチョイス,5,33,0.0606,0.1818,8.5455,7,0.0
ミッドナイトフラッシュ,3,33,0.0606,0.3636,4.9697,7,0.0
Salt Water Reign,1,33,0.0606,0.1818,6.9697,7,0.0
ウインマリアベール,6,33,0.0,0.0909,9.5455,7,0.0
ティティカカ,4,33,0.0303,0.1212,8.5758,7,0.0
リワードクリエン,4,33,0.0303,0.0909,8.0606,7,0.0
アイスダンス,2,33,0.1212,0.4242,5.9697,7,0.0
ツインキャンドル,3,33,0.1212,0.303,7.5152,7,0.0
サンスプリング,5,33,0.0303,0.0909,9.1818,7,0.0
シェリルピンク,4,33,0.0909,0.2727,7.4848,7,0.0
ショウナンアルマー,4,33,0.0,0.1212,7.6364,7,0.0
コーテサン,2,33,0.1212,0.2727,7.9091,7,1.0
ウインドインハーヘア,3,33,0.0303,0.2424,6.7576,7,0.0
Jemayel,1,33,0.0909,0.2424,6.4242,7,0.0
ティアラプリンセス,4,33,0.0303,0.0606,10.5455,7,0.0
スワンソング,6,33,0.0,0.0909,9.1212,7,0.0
ニシノキミヨ,4,33,0.0606,0.2121,7.5758,7,0.0
ダンシングエディ,4,33,0.0303,0.303,7.3939,7,0.0
シゲルコレデモカ,4,33,0.0303,0.2121,8.2424,7,0.0
アウェイク,5,33,0.1515,0.2121,7.7576,7,0.5
ヤマノラヴリー,1,33,0.1212,0.303,6.4545,7,0.0
Elisheva,4,33,0.1515,0.2424,7.2727,7,0.5
モルフェスペシャル,4,33,0.0303,0.1515,8.4848,7,0.0
ポーラーシェーン,5,33,0.0,0.1212,8.6667,7,0.0
ノンコ,5,33,0.1818,0.2727,7.9091,7,0.0
カサパサー,6,33,0.0,0.0303,10.8485,7,0.0
ピサノガレー,3,33,0.0909,0.303,6.1515,7,0.0
ハーズシャドウ,3,33,0.1212,0.3333,6.0303,7,0.0
キャリコ,5,33,0.0909,0.2727,6.8182,7,0.2
アマートベン,4,33,0.0303,0.1515,9.0909,7,0.0
ウィッチフルシンキング,5,33,0.0606,0.1818,7.8182,7,0.0
オールフラッグズフライング,3,33,0.0909,0.2727,6.3636,7,0.0
ケルティックハープ,3,33,0.0606,0.0909,8.3939,7,0.0
コンケイヴ,6,33,0.0,0.1818,8.7879,7,0.0
ラインレジーナ,5,33,0.0606,0.2424,8.0,7,0.3333
マリーズケイ,3,33,0.0,0.0303,9.1212,7,0.0
リープリング,4,33,0.0,0.1515,8.1212,7,0.0
Etro,1,33,0.0909,0.1515,8.9091,67,0.0
ドナメジャー,3,33,0.0303,0.0606,8.9091,7,0.0
シゲルチャグチャグ,2,33,0.1212,0.2121,7.0,7,0.0
クインズプライド,3,33,0.0606,0.2121,7.5758,7,0.0
ガラッシアファータ,5,33,0.0606,0.2424,6.9091,7,0.0
ダンサーズブロンド,4,33,0.0606,0.1818,7.7879,7,0.0
ディアレイラ,4,33,0.0606,0.1818,7.9394,7,0.0
マイファーストラヴ,5,33,0.0303,0.1515,9.303,7,0.2
プリンセスメーカー,5,33,0.0,0.1515,9.0606,7,0.0
トランクイルデイズ,3,33,0.0,0.1212,9.2424,7,0.0
チクタクボンボン,3,33,0.0,0.0303,8.3939,7,0.0
ノワゼット,4,33,0.0,0.0909,9.7576,7,0.0
ピュアウィッシーズ,4,33,0.0,0.1212,9.0,7,0.0
サンマルフェアー,5,33,0.0,0.0606,8.7273,7,0.0
マイネカメリア,2,33,0.0303,0.0606,8.2121,7,0.0
スズノエミー,4,33,0.0303,0.1515,9.0606,7,0.0
ドナウィンディ,4,33,0.0303,0.1818,6.8788,7,0.0
ワンダープリマ,7,33,0.0303,0.0606,9.0,7,0.0
ユーアーマイン,3,33,0.0303,0.1515,8.3333,7,0.0
ニシノフェミニン,3,33,0.0606,0.1818,8.0303,7,0.0
リバラン,5,33,0.0606,0.2121,8.4848,7,0.0
スカイノリン,4,33,0.0,0.0909,10.1212,7,0.0
スカイディーバ,5,33,0.0303,0.3636,6.6667,7,0.0
プラウドビューティー,4,33,0.0909,0.1818,8.5152,7,0.3333
デオ,4,33,0.0303,0.0909,10.1818,7,0.0
フィールザレース,5,33,0.2121,0.4242,5.4848,7,0.3333
オールザヴォーグ,3,33,0.0303,0.0909,8.697,7,0.0
コッパ,4,33,0.1818,0.3636,6.303,7,0.0
ヴァイスゴルト,4,33,0.0303,0.1818,8.3636,7,0.0
ベアフルート,2,33,0.1515,0.303,6.303,7,0.5
スカーレットドレス,4,33,0.0303,0.1818,7.8182,7,0.0
アークティックミスト,4,33,0.0,0.1818,7.4242,7,0.0
レディルナ,3,33,0.0606,0.1818,8.0,7,0.0
レディマーメイド,6,33,0.1515,0.2121,8.2121,7,0.0
シャーペンエッジ,3,33,0.1515,0.6061,4.5152,7,0.0
シャンクシー,4,33,0.0303,0.3333,6.9697,7,0.0
タカラグリーン,3,33,0.0909,0.2121,8.5758,7,0.0
ルナツー,4,33,0.0,0.1818,8.303,7,0.0
メジロジェニファー,5,33,0.0606,0.1515,8.2727,7,0.0
マヤノヴァイオラ,3,33,0.0,0.0303,9.1212,7,0.0
ゲッカビジン,4,33,0.0303,0.1818,7.9697,7,0.25
アンタークティカ,4,33,0.0,0.0606,8.697,7,0.0
オールピュール,5,33,0.0303,0.1818,9.5758,7,0.0
ケイト,4,33,0.0606,0.1212,8.8182,7,0.25
マツリバヤシ,4,33,0.1515,0.2727,7.3636,7,0.5
タッチフォーゴールド,4,33,0.0606,0.1212,7.5455,7,0.0
タチアナ,6,33,0.0303,0.1515,7.5758,7,0.0
オーティニャック,2,33,0.0909,0.2424,6.3333,7,0.0
シーセモア,3,33,0.0,0.1818,7.303,7,0.0
コスモフライハイ,9,33,0.0,0.0,10.9394,7,0.0
シーザバッドガール,3,33,0.0606,0.3939,6.9091,7,0.0
ヌングロース,3,33,0.0909,0.3939,6.0,7,0.0
カーリア,4,33,0.0909,0.1818,8.303,7,0.3333
ヒルノリスボン,4,33,0.0303,0.303,5.7576,7,0.0
ミリアグラシア,5,33,0.0303,0.1515,9.2121,7,0.0
レディクラシック,4,33,0.0606,0.2121,7.2424,7,0.0
ジアトレーゼ,4,33,0.0303,0.0909,9.4545,7,0.0
ローレルシャイン,2,33,0.1212,0.2727,7.3636,23,0.0
ダキューパン,2,32,0.0625,0.125,8.6875,23,0.0
ナタリー,3,32,0.0625,0.125,8.5,7,0.0
レディオブフィフティ,3,32,0.0,0.0938,8.1562,7,0.0
ヴィーヴァレジーナ,1,32,0.0938,0.3125,7.0938,7,0.0
マドレボニータ,4,32,0.1562,0.4062,5.7188,7,0.0
キョウワキララ,5,32,0.0312,0.0625,9.3438,7,0.0
オーキッドレイ,3,32,0.125,0.3125,6.75,7,0.0
レッドレイチェル,5,32,0.1875,0.2812,8.2188,7,0.0
トリプルミッション,2,32,0.125,0.4062,4.7188,7,0.0
ヒラルダ,3,32,0.0625,0.25,6.7188,7,0.0
シャンパンルージュ,3,32,0.0938,0.2188,6.9688,7,0.0
クリヴィア,5,32,0.0,0.0,8.8438,7,0.0
エステーラブ,3,32,0.0312,0.1562,6.9688,7,0.0
アミカブルナンバー,5,32,0.1562,0.3438,6.75,7,0.25
シャルマント,3,32,0.3438,0.5312,5.5938,7,1.0
サクラダモン,4,32,0.0625,0.125,7.7812,7,0.0
レッドキャット,2,32,0.125,0.4375,5.8438,7,0.0
エンジェルフェザー,5,32,0.0,0.0,11.2188,7,0.0
ラブハミング,4,32,0.0625,0.25,8.0,7,0.0
エーシンカルメン,4,32,0.0938,0.2188,6.3438,7,0.0
ジョーアカリン,6,32,0.0312,0.125,9.75,7,0.0
ロジヒット,2,32,0.0938,0.25,7.375,7,0.0
フィフスアベニュー,4,32,0.0625,0.1875,7.5,7,0.0
シャンブルドット,4,32,0.1562,0.375,6.9062,7,0.25
トップライセンス,4,32,0.0625,0.25,7.3438,7,0.3333
ピリカクル,3,32,0.0312,0.125,6.6562,7,0.0
アルダントヌイ,5,32,0.0625,0.2188,8.7812,7,0.0
ローズロック,4,32,0.0,0.0,9.8125,7,0.0
マイネマリアンヌ,5,32,0.0938,0.2188,7.875,7,0.0
ネイヴルトウショウ,2,32,0.0,0.1562,6.9688,7,0.0
ガンセ,6,32,0.0312,0.125,9.7188,7,0.0
ハイパーラッシュ,3,32,0.0,0.125,9.9375,7,0.0
エスユーエフシー,3,32,0.1875,0.5312,4.4062,7,0.0
キャットガール,5,32,0.1562,0.4375,6.1562,7,0.3333
レディホークフィールド,2,32,0.0625,0.1562,7.4375,7,0.5
クロワラモー,4,32,0.0625,0.1562,8.2812,7,0.0
サクラエンドレス,1,32,0.0625,0.2188,6.6875,7,0.0
メイショウガザニア,4,32,0.0312,0.1562,9.0938,7,0.25
シュヴァルツィーナ,2,32,0.0312,0.0312,9.25,7,0.0
メイショウグレア,3,32,0.0312,0.125,8.75,7,0.0
クィーンズベスト,2,32,0.2188,0.4062,4.6562,7,0.0
フォセット,1,32,0.0938,0.4062,6.0625,7,0.0
ウーマンシークレット,5,32,0.0938,0.2188,8.7188,7,0.0
ショウナンライム,5,32,0.0312,0.2812,7.3438,7,0.0
アヴェンチュラ,5,32,0.0625,0.25,6.9375,7,0.0
ボストンタイム,3,32,0.0938,0.2188,7.375,7,0.0
メイケイキララ,6,32,0.0625,0.0938,8.1562,7,0.0
シャッツ,2,32,0.0625,0.1562,8.9062,7,0.0
リアルメンテ,4,32,0.0312,0.125,8.9688,7,0.0
ヒムノティック,6,32,0.0625,0.1875,6.9375,7,0.1667
スマイルゲート,3,32,0.0312,0.0625,10.4375,7,0.0
マエストラーレ,3,32,0.25,0.4688,4.375,7,0.5
パンツァネッラ,3,32,0.1562,0.3438,6.1562,7,0.0
サイコーキララ,3,32,0.0312,0.0938,8.3438,7,0.0
Shonan Adela,1,32,0.125,0.2188,6.4375,7,0.0
プリンセスティアラ,4,32,0.0625,0.0938,8.7812,7,0.0
アイドルバイオ,5,32,0.0,0.0625,8.2188,7,0.0
アナザーガール,5,32,0.0312,0.1875,8.625,7,0.0
ヴァルキリー,4,32,0.0,0.125,8.4062,7,0.0
ニシノハナムスメ,3,32,0.0625,0.125,7.6875,7,0.3333
フェリーチェレガロ,4,32,0.1562,0.3125,6.6875,7,0.0
メイショウアガサ,5,32,0.0,0.0,10.5938,7,0.0
Song'n Dance,1,32,0.0625,0.3125,5.9375,7,0.0
アラデヤ,3,32,0.0312,0.25,7.7188,7,0.0
プレリュードフィズ,4,32,0.0938,0.1562,7.4375,7,0.3333
キョウエイカルラ,5,32,0.0938,0.375,5.4688,7,0.5
カメリアビジュ,1,32,0.1875,0.4062,6.1562,15,1.0
ウェルノーテッド,2,32,0.0938,0.4062,5.1562,7,0.0
カフジウインド,4,32,0.125,0.3125,6.1875,7,0.0
ミヤビキャッスル,4,32,0.0625,0.1875,8.75,7,0.0
サルサドゥーラ,4,32,0.0625,0.2812,7.0312,7,0.0
エリモエクセル,4,32,0.0,0.25,7.9688,7,0.0
エリモエポナ,5,32,0.125,0.375,7.0625,7,0.2
タイニーダンサー,4,32,0.25,0.5312,5.0625,7,0.5
フレンチカクタス,7,32,0.0,0.0625,11.0625,7,0.0
アブソリュートレディ,4,32,0.1875,0.4062,6.0,7,0.0
アビシーナ,4,32,0.0625,0.3125,8.0,7,0.0
ジューンヴィエナ,4,32,0.0938,0.1562,7.9688,7,0.0
ロマネクイーン,5,32,0.0312,0.125,8.2188,7,0.0
スモーキークォーツ,5,32,0.0625,0.25,6.8125,7,0.0
アドマイヤシャイ,3,32,0.0938,0.1875,8.875,7,0.0
ブライティアバジー,4,32,0.0,0.0312,10.0938,7,0.0
サンシェル,2,32,0.0938,0.3125,6.5312,7,0.0
エトワールドパリ,2,32,0.0938,0.4688,4.5312,7,0.0
デアリングエッジ,4,32,0.0312,0.0938,7.625,7,0.0
カフヴァール,1,32,0.1875,0.375,6.3438,7,0.0
グランバザール,3,32,0.0938,0.1875,7.5312,7,0.0
ハルトリーゲル,3,32,0.0312,0.125,8.5312,7,0.0
ベルモントリボン,3,32,0.0312,0.125,7.7188,7,0.0
ベルモントアイリス,1,32,0.0938,0.2812,6.125,15,1.0
カデンツァ,4,32,0.0,0.0625,9.7188,7,0.0
ファディラー,3,32,0.125,0.2188,6.1562,7,0.0
ラブカテリーナ,7,32,0.0,0.0625,12.5625,7,0.0
ムーンライトガーデンズ,6,32,0.0312,0.0312,11.0625,7,0.0
リヴァリーガーデン,1,32,0.0312,0.1562,7.75,23,0.0
ワンフォーローズ,5,32,0.125,0.25,7.5312,7,0.0
ワーキングウーマン,4,32,0.125,0.3125,6.8438,7,0.0
ラブミーニキータ,3,32,0.125,0.3125,6.6562,7,0.0
アサヒライジング,6,32,0.0312,0.1562,7.8438,7,0.0
テイエムクレナイ,6,32,0.0938,0.2812,9.0,7,0.1667
マルフクブリジャン,2,32,0.0,0.0312,10.7188,7,0.0
プリティーメアー,1,32,0.0312,0.1562,8.5,7,0.0
フルーリー,4,32,0.0625,0.1562,7.875,7,0.0
アグネスシルキー,2,32,0.0625,0.3438,6.0938,7,0.0
ペイパーチェイン,6,32,0.0938,0.3125,8.0938,7,0.0
ゴコウ,4,32,0.125,0.25,7.6875,7,0.0
デフィニール,4,32,0.0938,0.1875,7.5,7,0.25
シルクリバー,4,32,0.125,0.4375,5.4062,7,0.0
マイネディアマンテ,4,32,0.0625,0.1562,7.7188,7,0.0
ムーンライトペスカ,4,32,0.0,0.25,8.0938,7,0.0
サトノマイヒメ,5,32,0.0938,0.1875,8.875,7,0.0
サトノレジーナ,5,32,0.0,0.0312,9.0625,7,0.0
ファンシーミューズ,3,32,0.0625,0.2812,7.8438,7,0.0
シゲルハチマンタイ,3,32,0.0,0.1562,7.625,7,0.0
バスラットアマル,3,32,0.1562,0.3125,7.0625,7,0.3333
フェニーチェ,3,32,0.0625,0.125,9.1562,7,0.3333
コーラルチャイムズ,4,32,0.0625,0.0625,8.8438,7,0.0
リゼリ,3,32,0.0625,0.2188,8.0938,7,0.0
マストビーラヴド,4,32,0.0312,0.2188,7.3438,7,0.0
ラプーマ,3,32,0.0938,0.2812,6.6562,7,0.0
アルル,3,32,0.0625,0.3438,6.7188,7,0.0
アルレガーロ,2,32,0.0625,0.2188,8.5938,7,0.0
アルーリングアイズ,5,32,0.0312,0.0312,9.4375,7,0.0
ヴィエールソンリ,4,32,0.0312,0.0625,10.4688,7,0.0
ベストセラーアスク,5,32,0.0312,0.1875,7.625,7,0.0
ワイルドピンク,3,32,0.0312,0.125,10.1562,7,0.0
ディアマイフレンズ,2,32,0.0312,0.1562,9.0625,7,0.0
ジャニュアリージョーンズ,4,32,0.125,0.2812,8.0625,7,0.3333
ハロウィーン,3,32,0.0,0.2188,8.6875,7,0.0
マスターセイレーン,3,32,0.0938,0.125,8.6562,7,0.5
グレースランド,6,32,0.0625,0.1875,8.2188,7,0.3333
ピアノコンクール,3,32,0.0938,0.3125,7.0938,7,0.0
ライラックノカオリ,5,32,0.125,0.25,6.5625,7,0.0
セイウンエブリー,2,32,0.0938,0.2812,6.75,7,0.0
タニノシスター,2,32,0.0625,0.25,6.6562,7,0.0
ホッコーザムーン,3,32,0.0938,0.1562,9.2188,7,0.0
シンコウエトワール,4,32,0.0625,0.2188,7.2812,7,0.0
コンクエストハーラネイト,5,32,0.0625,0.25,8.5312,7,0.25
Da River Hoss,1,32,0.0625,0.1562,7.0312,7,0.0
コンサヴァトワー,1,32,0.25,0.5938,4.0625,7,0.0
アワーオアシス,4,32,0.125,0.3125,6.75,7,0.5
ヤマニンパラダイス,3,32,0.0312,0.25,6.7188,7,0.0
マイネキャスリーン,2,32,0.0,0.0,10.5625,7,0.0
サボールアトリウンフォ,3,32,0.2188,0.5,5.0625,7,0.0
ラヴァーズナット,3,32,0.0312,0.25,7.375,7,0.0
ヤサカシーズン,7,32,0.0312,0.1562,9.5,7,0.0
サンフィールド,1,32,0.1875,0.375,6.1562,15,1.0
オメガハートランド,3,32,0.0312,0.25,7.5,7,0.0
ホクセツダンス,4,32,0.0312,0.1875,7.3438,7,0.0
フラワーバレイ,3,32,0.1562,0.3438,6.5,7,0.0
チャイマックス,3,32,0.125,0.3438,6.0,7,0.0
コマンドゥールキイ,3,32,0.125,0.2188,6.7812,7,0.6667
レーヌベルキス,4,32,0.0,0.125,7.375,7,0.0
ロジウエスト,4,32,0.0938,0.2812,6.7812,7,0.0
ヴァレリカ,6,32,0.0625,0.1875,7.0938,7,0.0
ヴァンゴーゴー,5,32,0.125,0.2188,8.4688,7,0.3333
ダイヤモンドピサ,3,32,0.1562,0.2812,6.0,7,0.0
アリオーン,4,32,0.0312,0.0312,10.7188,7,0.0
ツインダイヤ,3,32,0.0625,0.25,6.625,7,0.0
ペプチドセマム,4,32,0.0312,0.2188,6.875,7,0.0
ラカリフォルニー,4,32,0.0938,0.3125,7.375,7,0.0
ウィープノーモア,3,32,0.1562,0.25,6.75,7,0.0
アンズチャン,5,32,0.0938,0.25,7.5,7,0.0
メイプルスプリング,1,32,0.0938,0.25,6.4375,23,0.0
ナギット,4,32,0.0938,0.1875,7.5312,7,0.0
ツルマルローズ,4,32,0.0938,0.2188,7.7188,7,0.0
シーキングフェイム,5,32,0.0312,0.0938,9.8125,7,0.0
ケンコウランハート,4,32,0.0625,0.2812,8.0312,7,0.0
ジェヴォーナ,3,32,0.1875,0.5,5.5625,7,0.0
イーサンラヴ,5,32,0.0312,0.125,8.9062,7,0.0
コスモバタフライ,6,32,0.125,0.3125,6.6875,7,0.0
マトゥリアルカ,3,32,0.1562,0.375,6.4062,7,0.0
コスモリープリング,3,32,0.0312,0.1875,8.4688,7,0.3333
ラビットフット,3,32,0.125,0.2188,8.0938,7,0.0
クラスター,4,32,0.125,0.2188,7.7188,7,0.0
ストロングソレイユ,2,32,0.0312,0.25,6.1562,7,0.0
テイエムピンキー,4,32,0.0625,0.2188,8.6875,7,0.0
レディキルシェ,4,32,0.0312,0.125,7.5312,7,0.0
Always Auditioning,1,32,0.0938,0.2812,7.0312,7,0.0
モーニングテラス,4,32,0.0,0.0938,9.25,7,0.0
オーバーザムーン,2,32,0.125,0.4062,5.3438,7,0.0
バーニングラブ,4,32,0.125,0.375,6.8438,7,0.0
コウヨウアイリーン,6,31,0.0,0.0323,10.5161,7,0.0
ナカミファンタジア,2,31,0.0323,0.0645,9.1613,7,0.0
キョウワジャンヌ,5,31,0.0645,0.1613,7.7419,7,0.25
チャーム,2,31,0.129,0.3548,6.7419,7,0.0
ステージワンスモア,3,31,0.0645,0.2581,7.2903,7,0.0
アグネスファスト,4,31,0.0323,0.0645,9.7097,7,0.0
ムスタパルタ,6,31,0.0323,0.0968,7.6129,7,0.0
ドナリサ,3,31,0.129,0.4516,5.7419,7,0.0
アグネスラック,6,31,0.129,0.2258,7.6129,7,0.0
ハートフル,4,31,0.0645,0.0968,6.9677,7,0.25
システィンチャペル,2,31,0.0323,0.1935,9.9355,7,0.0
キティーパラダイス,1,31,0.0,0.129,8.8387,43,0.0
ヒアルロンサン,4,31,0.0,0.0323,9.2258,7,0.0
スカイワード,5,31,0.0,0.0323,9.0968,7,0.0
ベストファッション,5,31,0.0,0.0968,8.3548,7,0.0
クラウンセシリア,4,31,0.0,0.0968,9.5161,7,0.0
サマールナ,6,31,0.0,0.0323,9.6452,7,0.0
クインズラッシュ,4,31,0.0645,0.1613,8.2581,7,0.3333
クイーンズアドヴァイス,3,31,0.2903,0.5161,5.2903,7,0.3333
エゴイスト,3,31,0.0323,0.0968,7.5806,7,0.0
エグジジェ,5,31,0.129,0.3548,6.6129,7,0.0
ヒカルユメアカリ,3,31,0.0645,0.129,6.8387,7,0.0
ヒシヴェリタス,4,31,0.0323,0.0645,9.129,7,0.0
ビッグトワイニング,5,31,0.0,0.0,10.5806,7,0.0
ディアボレッサ,2,31,0.0645,0.3226,6.9677,7,0.0
エレイン,5,31,0.0323,0.1613,8.5484,7,0.0
クラシカルレディ,3,31,0.0645,0.3871,5.5484,7,0.0
マイネジェシカ,6,31,0.0,0.129,8.5484,7,0.0
サニーラブカフェ,6,31,0.0,0.0,10.8065,7,0.0
キタサンハルカゼ,3,31,0.0,0.2258,7.2258,7,0.0
クラシックローズ,6,31,0.0323,0.0645,9.3871,7,0.0
テンノベニバラ,3,31,0.0,0.1935,7.9355,7,0.0
トーホウアイランド,4,31,0.0,0.0968,9.0968,7,0.0
タイヨウパフューム,4,31,0.0645,0.129,8.2581,7,0.25
アースエンジェル,4,31,0.0645,0.129,8.5484,7,0.0
Wadi,2,31,0.129,0.2581,5.8387,7,0.0
クラーベセクレタ,3,31,0.129,0.3226,7.3548,7,0.0
アブソルートライン,3,31,0.0968,0.3226,7.7419,7,0.0
スカイフ,4,31,0.129,0.1935,9.1613,7,0.5
マイネイサベル,5,31,0.0,0.0968,10.2581,7,0.0
ボラボラ,3,31,0.0323,0.0645,9.3226,7,0.0
アルアリングスター,4,31,0.0645,0.2581,6.6774,7,0.0
フォーリアクイーン,4,31,0.0323,0.0645,8.4839,7,0.0
デンコウミシオン,2,31,0.0645,0.2581,6.2258,7,0.0
ビーグレイシャス,5,31,0.0645,0.3226,7.4839,7,0.3333
メイショウアズミノ,5,31,0.0968,0.129,8.9355,7,0.25
キシュウティアラ,2,31,0.0323,0.0968,8.5161,7,0.0
シャドウマリア,4,31,0.1613,0.3871,6.871,7,0.6667
ミストラスト,4,31,0.0323,0.2581,7.3226,7,0.0
ヒロアンジェロ,4,31,0.129,0.2581,8.1935,7,0.3333
ハギノサフィラ,2,31,0.0645,0.3548,6.6129,7,0.0
ボニーアクション,5,31,0.0,0.129,8.5161,7,0.0
スカーレットダンス,6,31,0.0,0.0323,9.1613,7,0.0
ポラリス,4,31,0.0323,0.1935,6.8387,7,0.25
サラーシス,5,31,0.0323,0.129,7.5484,7,0.0
ピサノサンデー,4,31,0.0645,0.3226,6.871,7,0.5
アニムス,4,31,0.0968,0.2581,6.871,7,0.25
トーセンプリンセス,5,31,0.0,0.2903,7.9032,7,0.0
メイショウカエデ,5,31,0.0323,0.0968,9.9032,7,0.0
ヒラボクロマンス,6,31,0.0968,0.2581,7.5806,7,0.25
エンプレスマティルダ,1,31,0.0323,0.4516,5.2903,7,0.0
ピサノパスティーユ,3,31,0.0645,0.2258,8.2581,7,0.0
エアガガ,4,31,0.0,0.0645,8.4839,7,0.0
プリンセスミラクル,3,31,0.0,0.0323,10.4516,7,0.0
フィメールモナーク,2,31,0.1613,0.3871,5.7097,7,0.0
ロゼカラー,4,31,0.0645,0.2581,7.3548,7,0.0
サクラシャンティ,2,31,0.0645,0.1935,6.4839,7,0.0
Muravka,1,31,0.1935,0.3226,8.2258,15,1.0
ランデブー,5,31,0.0,0.0323,10.3548,7,0.0
エターナルシャイン,3,31,0.129,0.3226,7.1935,7,0.0
ミヤビハルカ,6,31,0.0323,0.2258,9.4839,7,0.0
ブライアンズソノ,1,31,0.1935,0.5161,5.9355,7,0.0
ホームカミングクイーン,4,31,0.1613,0.2258,7.129,7,0.25
アビ,5,31,0.0323,0.0645,10.3871,7,0.0
スペシャルワールド,6,31,0.0,0.0,10.6774,7,0.0
ハーモニックソウル,5,31,0.0323,0.3226,8.0968,7,0.0
タガノクィーン,3,31,0.0323,0.0968,7.0,7,0.0
スベトラーナ,2,31,0.0968,0.4194,6.9355,7,0.0
マーブルケーキ,4,31,0.129,0.3871,6.8387,7,0.0
トーセンスマッシュ,7,31,0.0645,0.2258,7.2258,7,0.0
Distinguishable,1,31,0.0968,0.4516,5.0645,7,0.0
マキノワルツ,1,31,0.0645,0.1613,8.4839,23,0.0
ウッドウインド,2,31,0.0,0.0645,7.3871,7,0.0
スギノブロッサム,3,31,0.0968,0.1935,8.2581,7,0.0
レインボーマリーン,6,31,0.0,0.0,11.4839,7,0.0
Fashionable,2,31,0.1935,0.2903,7.871,7,0.0
イェーガーオレンジ,5,31,0.0645,0.1613,7.3226,7,0.0
ポリネイター,4,31,0.129,0.2581,8.3548,7,0.25
ハープスター,3,31,0.0968,0.2581,6.0968,7,0.0
グラスオードリー,4,31,0.0,0.129,8.4839,7,0.0
マーティンスリープ,5,31,0.0,0.0968,9.5806,7,0.0
ハワイアンスマイル,5,31,0.0323,0.0323,10.2258,7,0.2
ハロータマ,4,31,0.129,0.3871,6.0,7,0.0
ホワイトポピー,2,31,0.1613,0.3548,7.0323,7,0.0
マーゴーン,4,31,0.0968,0.3548,6.7742,7,0.0
チアズイーガー,6,31,0.0,0.0645,10.0,7,0.0
チェッキーノ,4,31,0.2581,0.5484,4.7097,7,0.25
メルヴェイユーズ,4,31,0.0968,0.3871,6.3871,7,0.0
ロイヤルガラ,6,31,0.0645,0.0968,9.3548,7,0.0
ハートマイハート,3,31,0.0,0.1613,8.9355,7,0.0
ハートフルデイズ,5,31,0.0645,0.1613,8.0645,7,0.0
ヒカリマーガレット,2,31,0.0645,0.2581,7.129,7,1.0
ヤマカツジャスミン,4,31,0.0,0.1613,10.1935,7,0.0
テレフォニカ,4,31,0.0,0.0968,8.6774,7,0.0
スマートサクソン,4,31,0.0968,0.1935,7.4194,7,0.0
グランドエッセンス,2,31,0.0323,0.2258,7.9032,7,0.0
ジューンアナガリス,3,31,0.0968,0.3226,6.5161,7,0.0
ハルダヨリ,3,31,0.0,0.3871,6.5806,7,0.0
ウェルカムキャット,3,31,0.0323,0.1613,6.2258,7,0.0
デューン,2,31,0.0645,0.1613,8.0323,7,0.0
タガノシムナ,4,31,0.0,0.0968,8.9032,7,0.0
カパルアベイ,4,31,0.0968,0.2581,8.9032,7,0.0
ジュリーハーツ,2,31,0.129,0.3226,5.6129,7,0.0
カネスヴィバーチェ,6,31,0.0,0.0323,10.5484,7,0.0
テイエムシーズン,2,31,0.0645,0.2581,6.5161,7,0.0
アンビホールドゥン,4,31,0.0323,0.0968,8.9355,7,0.0
サンタフェチーフ,4,31,0.129,0.3871,4.8387,7,0.25
テイルオブロマンス,5,31,0.0323,0.1613,8.2581,7,0.5
テイエムオーカン,5,31,0.0,0.0,11.5484,7,0.0
アサヒカレンダー,4,31,0.0,0.0968,8.5806,7,0.0
ピースオブラック,3,31,0.0,0.0645,10.1613,7,0.0
マジカルウーマン,2,31,0.0,0.129,6.8065,7,0.0
オトメローズ,4,31,0.0323,0.0968,8.7742,7,0.0
レディブラッサム,5,31,0.0,0.0323,9.8387,7,0.0
ヒシピナクル,1,31,0.0645,0.1935,7.3548,23,0.0
レッドマジュール,2,31,0.0645,0.2258,7.2258,7,0.0
グレイスフラワー,6,31,0.0645,0.1613,8.0968,7,0.0
シンクスマイル,3,31,0.0645,0.3548,6.7742,7,0.0
ナイスレイズ,2,31,0.0645,0.1935,8.129,7,0.0
スヴァラッシー,4,31,0.0323,0.1613,8.6452,7,0.0
グローバルフィート,5,31,0.0,0.0968,9.2258,7,0.0
ジュエルトウショウ,5,31,0.0645,0.2581,6.8387,7,0.0
エムアイルシェル,6,31,0.0645,0.1613,10.0645,7,0.0
モーニングリズ,3,31,0.0645,0.129,7.9677,7,0.0
ポートドラルーン,4,31,0.0645,0.3548,7.0645,7,0.0
サンドリオン,2,31,0.0645,0.2581,6.4194,7,0.0
ミラクルアスク,5,31,0.0968,0.5161,6.1613,7,0.0
ウインソワレ,3,31,0.0323,0.1613,7.3871,7,0.0
プランシングレディ,4,31,0.0645,0.129,9.8387,7,0.0
アトランティード,1,31,0.0968,0.2581,5.9677,7,0.0
トワイスアップ,2,31,0.0645,0.1935,8.5161,7,0.0
アッラサルーテ,4,31,0.129,0.3871,5.5484,7,0.3333
ハルノアシオト,3,31,0.0,0.0,10.5806,7,0.0
オメガトゥルカラー,4,31,0.0,0.0645,7.9032,7,0.0
ジャカランダテラス,6,31,0.0,0.129,8.3871,7,0.0
マダムコマンズ,3,31,0.0323,0.2581,7.129,7,0.0
レッドベリル,1,31,0.0323,0.0968,7.871,23,0.0
イリュミナンス,2,31,0.1935,0.4194,5.2258,7,0.5
アクアブルーマーチ,4,31,0.0,0.0645,9.5484,7,0.0
スターアルファ,4,31,0.0,0.129,9.0323,7,0.0
アームズトウショウ,5,31,0.1935,0.3548,5.5484,7,0.0
ラヴソースウィート,2,31,0.1935,0.4194,4.5806,7,0.0
ライヴマジック,5,31,0.0323,0.129,8.3226,7,0.25
フォースデラネイチャー,3,31,0.0,0.0645,8.3548,7,0.0
トラヴェシーア,1,31,0.0645,0.1613,7.4194,7,0.0
セウアズール,4,31,0.0323,0.0645,8.3871,7,0.25
メジロベイシンガー,3,31,0.0323,0.2258,7.6452,7,0.0
メジロプレスト,2,31,0.0968,0.3226,6.3226,7,0.0
オーバーザウォール,7,31,0.0645,0.129,10.1935,7,0.0
アイリッシュカーリ,3,31,0.0323,0.1613,8.4194,7,0.0
マヤノダンシャラ,4,31,0.0323,0.2903,7.1613,7,0.0
メジロカトリーヌ,5,31,0.129,0.2903,6.0323,7,0.0
コスモジャイロ,2,31,0.129,0.1935,9.6129,7,0.0
プッシュ,3,31,0.0323,0.1935,8.0968,7,0.0
ブーティー,3,31,0.0,0.0968,8.9355,7,0.0
オンザスローン,3,31,0.0,0.0645,9.3226,7,0.0
アメリカンドミンゴ,4,31,0.0323,0.2258,7.8387,7,0.0
リンデンシラユリ,3,31,0.0323,0.0968,11.1935,7,0.0
スズカモンスーン,5,31,0.0645,0.2903,8.0645,7,0.0
チュウワブロッサム,4,31,0.1935,0.3548,7.4194,7,0.25
ヴェルテュ,4,31,0.0645,0.1935,7.2903,7,0.0
ヴェルーテ,4,31,0.0,0.0323,8.9032,7,0.0
ママノヨリミチ,2,30,0.0333,0.1,7.6,7,0.0
ルプス,3,30,0.1,0.3,7.1333,7,0.0
メジロアルドラ,1,30,0.1,0.2667,7.3333,67,0.0
スズカノオジョー,1,30,0.0667,0.1667,7.3333,7,0.0
キンシャチゴールド,3,30,0.0667,0.3,7.0667,7,0.0
サンレーン,4,30,0.1,0.3,6.1333,7,0.0
タイセイクインス,2,30,0.0667,0.2333,6.9333,7,0.0
レディオーカモア,4,30,0.0667,0.5,6.6667,7,0.3333
オープンアップ,5,30,0.0667,0.1333,9.1,7,0.0
ジェルミナル,6,30,0.0333,0.2,7.2,7,0.0
タシロスプリング,4,30,0.0333,0.1,11.3333,7,0.0
ブラッシュウィズデスティニー,4,30,0.0,0.0667,8.1333,7,0.0
オーチャードグラス,1,30,0.0333,0.0333,11.1667,7,0.0
アスカノヒミコ,1,30,0.1,0.2333,7.5333,115,0.0
ラタンペットロゼ,6,30,0.0,0.0667,9.1667,7,0.0
フェアラフィネ,3,30,0.0333,0.0333,8.1667,7,0.0
リリカルホイッスル,3,30,0.0,0.1,8.7667,7,0.0
チャメ,5,30,0.0667,0.1333,11.0,7,0.0
オーバルカット,7,30,0.0,0.0,10.9333,7,0.0
メガクライト,4,30,0.0667,0.2,7.1,7,0.3333
レディアップステージ,3,30,0.1667,0.2,7.9667,7,1.0
ヴィブロス,4,30,0.2333,0.5,4.5333,7,0.25
キングアンドクイン,4,30,0.1,0.3667,6.5,7,0.0
プラチナキャスト,4,30,0.0,0.1333,8.9667,7,0.0
セイシンアスリート,3,30,0.0333,0.0667,8.8,7,0.0
マヤノプレム,5,30,0.0,0.0667,10.9667,7,0.0
パレストウショウ,2,30,0.0333,0.1,7.5333,7,0.0
アンドロメダ,2,30,0.0667,0.2333,6.1333,7,0.0
メジロボンベイ,3,30,0.0667,0.1667,8.3667,7,0.0
ジプシー,3,30,0.1333,0.2333,7.5333,7,0.0
アンシェリゼ,3,30,0.1,0.3,6.8,7,0.0
ツーオブアス,3,30,0.0333,0.2333,6.9333,7,0.0
ブラックカシミール,4,30,0.1,0.3667,6.9333,7,0.0
シンセツ,6,30,0.0,0.1,9.0333,7,0.0
オーレリアズベル,2,30,0.1,0.3667,6.0333,7,0.0
メイプルプラウド,4,30,0.0667,0.2667,7.3,7,0.0
シンフォニーライツ,4,30,0.0333,0.1667,8.6667,7,0.0
エメラルハヤブサ,4,30,0.0667,0.1333,10.0,7,0.2
フクウマ,1,30,0.0667,0.1667,6.4667,7,0.0
サンデージョウ,5,30,0.1,0.1667,8.4,7,0.0
コマケン,1,30,0.0333,0.2667,6.4333,7,0.0
チカアレグレ,3,30,0.1,0.2333,8.0667,7,0.3333
Crescent Moon,1,30,0.1333,0.2667,8.5333,15,1.0
リトルハーモニー,2,30,0.0333,0.3,5.7,7,0.0
メイドインリオ,4,30,0.0667,0.1667,8.3,7,0.0
ウインシップ,2,30,0.0333,0.2333,6.5667,7,0.5
シロキタガデス,3,30,0.0333,0.3,7.8667,7,0.0
シロキタカーニバル,5,30,0.0333,0.1,9.0333,7,0.0
タヒチアンメモリ,3,30,0.1,0.1667,7.1333,7,0.0
ギンザフェアレディ,4,30,0.0,0.0667,7.1667,7,0.0
ノボプレシャス,4,30,0.1,0.2,9.1667,7,0.0
ピュアアモーレ,2,30,0.1,0.3333,5.6,7,0.0
ワンメイク,5,30,0.0333,0.0667,11.0333,7,0.0
ワンダーレディアンエル,3,30,0.1,0.2333,7.5333,7,1.0
サンタテレジータ,2,30,0.1333,0.3333,6.3333,7,0.5
マイスウィートベイビー,7,30,0.0,0.1333,8.6,7,0.0
リヴィエール,3,30,0.1333,0.3,6.3333,7,0.5
モーニングムーン,6,30,0.0,0.0333,9.9667,7,0.0
イミラカチャ,2,30,0.0,0.1,6.7667,7,0.0
アエノアビリティー,2,30,0.0333,0.1333,8.2333,7,0.0
ウインクルディール,4,30,0.0333,0.0667,10.8,7,0.0
アガペー,4,30,0.0,0.0333,8.7333,7,0.0
シルクマイホーム,4,30,0.0333,0.1,10.5667,7,0.3333
レディベローナ,4,30,0.1,0.2,6.4667,7,0.0
メチャコルタ,5,30,0.1667,0.5,4.6,7,0.4
スタートアップ,3,30,0.2333,0.5,5.2,7,0.5
エピファレーヌ,2,30,0.0667,0.3333,6.1667,7,0.0
タイキミステリー,1,30,0.0,0.2667,6.4,7,0.0
デアリングバード,4,30,0.2,0.3667,5.3667,7,0.3333
オジャッタモンセ,5,30,0.0,0.1,9.9667,7,0.0
メイショウボーテ,3,30,0.0333,0.1667,8.5,7,0.0
グランプリチェリー,5,30,0.0333,0.1333,8.8333,7,0.0
アイノブリーズ,2,30,0.1,0.1667,6.6667,7,0.0
アジェンダ,5,30,0.0333,0.0333,10.9,7,0.0
ラブミーナンシー,3,30,0.1,0.2333,7.8667,7,0.3333
アンブライドルドブリーズ,3,30,0.0667,0.1,8.9,7,0.5
ファッションプレート,4,30,0.1,0.3333,5.4667,7,0.0
ゴールドオアシス,3,30,0.1,0.1667,8.1667,7,0.0
グランドサッチャー,5,30,0.0,0.0333,8.9,7,0.0
テラノイロハ,4,30,0.0667,0.1333,10.1667,7,0.0
ワニタレスタリ,5,30,0.0,0.0667,9.3667,7,0.0
Divalarious,1,30,0.1333,0.4,5.6333,7,0.0
ウインヴァネッサ,4,30,0.0333,0.1333,7.7333,7,0.0
シルクシャンゼリゼ,6,30,0.0,0.0333,10.1333,7,0.0
ルナレディ,7,30,0.0,0.0333,11.3333,7,0.0
サンキュウガール,5,30,0.0333,0.1333,8.6333,7,0.0
ハートアイリス,3,30,0.0667,0.4,5.7,7,0.0
エラクレーア,3,30,0.0667,0.2333,7.2667,7,0.5
キュリオスティー,4,30,0.0667,0.2333,7.9667,7,0.0
ヤマカツサファイヤ,4,30,0.0333,0.1333,8.1,7,0.25
マコトブリジャール,4,30,0.1333,0.3333,7.7,7,0.0
ライサ,3,30,0.0,0.2,6.8,7,0.0
ウェスタリーズ,3,30,0.0667,0.2333,7.5333,7,0.0
テイケイラピッド,4,30,0.1,0.2667,7.3333,7,0.0
リサプシュケ,4,30,0.1333,0.2333,6.8667,7,0.25
リキマドレード,2,30,0.0333,0.2333,7.1,7,0.0
スマートアリシア,3,30,0.0667,0.1667,8.5667,7,0.0
テルメディカラカラ,2,30,0.1,0.3333,5.5667,7,0.0
ジョルジーナ,4,30,0.0,0.0667,8.8667,7,0.0
ミヤジマッドレー,3,30,0.1,0.2667,7.1667,7,0.0
キャリーウェーブ,6,30,0.0,0.1,9.8667,7,0.0
フローネ,4,30,0.0333,0.2,7.0333,7,0.0
ゼロカラノキセキ,4,30,0.0667,0.1667,7.2667,7,0.0
ラリマー,2,30,0.0667,0.2,6.6667,7,0.0
ロージーミスト,5,30,0.0333,0.1333,8.8333,7,0.0
トーセンオマージュ,5,30,0.0333,0.1333,8.6667,7,0.0
メイショウツバクロ,5,30,0.1667,0.3,7.2333,7,0.0
ショウナンハピネス,3,30,0.0333,0.1667,9.4,7,0.0
パワーオブラブ,4,30,0.0333,0.0667,10.4333,7,0.0
サウンドザビーチ,4,30,0.1667,0.2667,8.1,7,0.0
ディスカバリングビューティー,3,30,0.0333,0.1667,9.9667,7,0.0
フェイドレスシーン,2,30,0.0333,0.1,8.8667,7,0.0
ピンクキャンドル,3,30,0.0,0.1,9.7667,7,0.0
アイスパステル,4,30,0.1333,0.3333,6.2667,7,0.0
ミヤギバスター,5,30,0.1,0.2,10.0333,7,0.0
キャットニップ,4,30,0.0667,0.1333,10.8333,7,0.0
Waveband,1,30,0.0667,0.2667,6.2333,7,0.0
トーホウメドゥーサ,3,30,0.0667,0.3,6.7,7,0.0
スターリットラヴ,5,30,0.0333,0.0667,9.5667,7,0.0
ハニーローズ,5,30,0.0333,0.2,8.4,7,0.0
ドリームスキーム,6,30,0.0333,0.2,7.7333,7,0.0
クーファゲルニカ,5,30,0.0333,0.1667,8.9333,7,0.0
レディヴァルール,5,30,0.0667,0.2,7.6667,7,0.0
マイヴィヴィアン,5,30,0.0,0.0333,10.9333,7,0.0
サクセスマリ,4,30,0.0333,0.0667,8.2333,7,0.0
クロチェーラ,5,30,0.0333,0.1333,9.0333,7,0.0
ミコノキセキ,2,30,0.0,0.1667,7.4667,7,0.0
トップモデル,4,30,0.0333,0.2333,7.3,7,0.0
My Anguilla,1,30,0.0667,0.3,7.0667,7,0.0
ディアン,4,30,0.0,0.0667,10.1333,7,0.0
ディアレストトリックスキ,6,30,0.1,0.4333,6.3667,7,0.0
ビーチフェスタ,3,30,0.1333,0.2667,7.4333,7,0.0
トーホークイーン,4,30,0.0,0.1,8.4333,7,0.0
シゲルデリシャス,6,30,0.0,0.0667,10.2,7,0.0
クィーンマーメイド,1,30,0.1,0.3333,6.3333,7,0.0
シャークブロード,4,30,0.1,0.2,6.4,7,0.0
ユーワオトメ,1,30,0.0333,0.1667,7.1333,7,0.0
スプリングネヴァー,4,30,0.0667,0.2,9.5,7,0.0
ルアンジュ,4,30,0.1667,0.3667,6.9,7,0.5
Miss Fear Factor,3,30,0.1,0.1333,8.2667,7,0.0
ミスティックソウル,2,30,0.0667,0.1667,7.2667,7,0.5
ランドローリエ,2,30,0.0,0.3333,7.3333,7,0.0
ブッシュファイヤー,3,30,0.0333,0.1667,7.6667,7,0.0
ダンツサクラ,1,30,0.0333,0.1,7.7,23,0.0
ブライスキャニオン,3,30,0.0333,0.2333,7.0,7,0.0
シャプレドサクレ,2,30,0.2,0.5333,5.3667,7,0.0
ダンシングラグズ,3,30,0.1,0.3,6.3667,7,0.0
ブルーピアス,5,30,0.0667,0.2,8.6333,7,0.2
キャスケードブーケ,6,30,0.0,0.0667,9.7667,7,0.0
キャタラクト,4,30,0.0,0.0333,9.1333,7,0.0
アリエルビコー,2,30,0.0333,0.3,7.0333,7,0.0
Ghostly Darkness,1,30,0.1,0.1667,9.2333,7,1.0
イソノヴィーナス,4,30,0.0333,0.0333,9.8333,7,0.0
ソングオブサイレンス,3,30,0.1333,0.5,5.8667,7,0.0
エンドレスウェルズ,3,30,0.0333,0.2,9.4667,7,0.0
スイートフィズ,4,30,0.0667,0.2,8.3667,7,0.5
ボルティモア,3,30,0.0667,0.2333,8.1667,7,0.0
フーラブライド,5,30,0.0,0.1333,8.7,7,0.0
ノボキャビア,4,30,0.0333,0.0667,8.7333,7,0.25
スノーボードロマン,4,30,0.0667,0.2,9.5667,7,0.25
ヒシマンハッタン,1,30,0.0333,0.1,7.3,7,0.0
レッドイオ,3,30,0.0333,0.1667,9.5333,7,0.0
スイートミルド,2,30,0.0667,0.1,7.8,7,0.0
トーホウハヤカゼ,2,30,0.0333,0.3,7.4667,7,0.0
クラールハイト,5,30,0.0,0.0667,8.0,7,0.0
クラヴェジーナ,3,30,0.1,0.3,7.8333,7,0.3333
リアリーラヴユー,6,30,0.0,0.0333,10.3,7,0.0
リンガフランカ,3,30,0.0667,0.2,7.2667,7,0.0
リンガスマドンナ,1,30,0.0333,0.2,5.9,7,0.0
ラッシュラッシーズ,2,30,0.0667,0.4333,5.2333,7,0.0
ミスミーチャン,4,30,0.1333,0.3667,5.2667,7,0.0
トーセンレディ,3,30,0.0333,0.2667,6.3333,7,0.0
ファーマベリー,1,30,0.0333,0.1333,8.3333,7,0.0
キセキノメガミ,3,30,0.0333,0.1333,9.4667,7,0.0
Sarie Marais,1,30,0.0667,0.3,5.6667,7,0.0
サブトゥエンティ,5,30,0.0667,0.3,7.9333,7,0.0
スウィープイン,1,30,0.1,0.4,6.1333,15,1.0
モリトヴィーナス,2,30,0.0,0.0667,8.8333,7,0.0
モンスーンウェディング,2,30,0.1,0.3,6.2667,7,0.0
クライインシンパシ,4,30,0.0333,0.1333,8.5667,7,0.0
エクシードワン,2,30,0.0333,0.1333,8.9667,7,0.0
ヤマニンプチガトー,4,30,0.1,0.3333,6.0,7,0.0
アステリックス,3,30,0.1667,0.5,5.9667,7,1.0
オースミコスモ,6,30,0.0333,0.1333,9.2,7,0.0
オースノムスメ,1,30,0.0667,0.2,7.7333,7,0.0
フラッパーウィング,5,30,0.0,0.0667,10.3,7,0.0
セレスフェアリー,4,30,0.0333,0.0333,8.2667,7,0.0
ラステラ,4,30,0.0,0.0,10.6667,7,0.0
インフレキシビリティ,2,30,0.1,0.1333,6.9333,7,0.5
インフィニータ,2,30,0.1667,0.4333,5.6,7,0.0
テイエムプリンセス,5,30,0.0333,0.2,7.1,7,0.0
ヒカルエガオ,5,29,0.0345,0.069,9.5517,7,0.0
アメリオラシオン,3,29,0.1724,0.5172,3.8621,7,0.0
アールデコ,3,29,0.0,0.069,9.8966,7,0.0
オーベルゲイド,2,29,0.0,0.4483,5.5517,7,0.0
シティオブライト,3,29,0.069,0.3103,7.1034,7,0.0
バーリンスワン,6,29,0.1379,0.2414,8.2759,7,0.0
ヴルタヴァ,2,29,0.1034,0.3793,5.3103,7,0.0
Patineuse,1,29,0.069,0.3103,7.3448,15,1.0
ブラッシングプリンセス,2,29,0.1379,0.3793,5.9655,23,0.0
オープンシャッセ,3,29,0.069,0.2069,8.0,7,0.0
デイジーギャル,3,29,0.069,0.2069,7.4828,7,0.0
フィールドサンデー,2,29,0.1724,0.3793,6.3448,7,0.0
ゲイルプリムラ,2,29,0.069,0.3103,7.8966,7,0.5
コパノタイマネ,2,29,0.1034,0.3103,7.069,7,0.0
トレグラツィエ,2,29,0.1034,0.2414,7.1724,7,0.0
タニノミラージュ,4,29,0.0,0.2069,9.1379,7,0.0
マックスイマージュ,5,29,0.0,0.0345,9.2759,7,0.0
ワンダーテルヌーラ,4,29,0.1034,0.2414,7.3448,7,0.0
オレンジキュラソー,1,29,0.069,0.2759,5.5517,7,0.0
レディジョアン,5,29,0.069,0.2069,7.5172,7,0.0
ケンジントン2,3,29,0.1034,0.2069,7.0,7,0.0
クツワホームラン,5,29,0.0,0.0345,8.5517,7,0.0
ワイルドフェイス,5,29,0.1034,0.2414,7.0,7,0.0
レインオアシャイン,4,29,0.069,0.1724,8.5517,7,0.0
リトルイライザ,4,29,0.0,0.069,8.8276,7,0.0
チャツミムスメ,4,29,0.0,0.0345,9.8276,7,0.0
シーギリアレディー,5,29,0.0345,0.2069,7.1034,7,0.0
シーオーク,3,29,0.069,0.1724,7.2069,7,0.0
アズマタイガー,5,29,0.0345,0.1379,8.8966,7,0.0
ヴィスビー,3,29,0.0345,0.1034,7.2069,7,0.0
ハナムケ,1,29,0.069,0.2414,6.6207,23,0.0
ファーストナイト,4,29,0.1034,0.2069,7.0,7,0.0
レオコマチ,4,29,0.0,0.0345,11.1379,7,0.0
キョウワプラチナ,3,29,0.069,0.3448,7.7241,7,0.0
レーヌドブリエ,4,29,0.069,0.2759,5.7931,7,0.0
ダッシャーレーヌ,3,29,0.0345,0.3103,6.8966,7,0.0
アメリカーナ,6,29,0.0345,0.1034,9.3103,7,0.0
アンジェロ,3,29,0.0345,0.1379,9.5172,7,0.0
ヒビキウィン,3,29,0.1034,0.2759,7.3448,7,0.0
シバノコトエ,2,29,0.069,0.1379,9.6552,7,0.0
ツーソックス,5,29,0.0,0.069,10.4138,7,0.0
マチカネヒザクラ,3,29,0.0345,0.0345,10.7586,7,0.0
コリンシアン,2,29,0.069,0.4828,5.7586,7,0.0
タツルビー,1,29,0.1379,0.5172,5.4828,7,0.0
シンハライト,3,29,0.2069,0.4828,5.2759,7,0.6667
ロイヤルインパクト,5,29,0.0,0.0345,8.6552,7,0.0
ケイティバローズ,3,29,0.0345,0.1724,7.069,7,0.0
コルコバード,2,29,0.2759,0.4138,4.6207,7,0.0
オリエンタルリリー,4,29,0.0345,0.2069,7.1724,7,0.0
ペパーミントラヴ,6,29,0.0,0.069,9.1379,7,0.0
ナッシングバットドリームズ,4,29,0.2069,0.3793,5.5172,7,0.5
サマーファインデイ,4,29,0.0,0.1379,6.7586,7,0.0
エクソセット,2,29,0.0345,0.1034,6.931,23,0.0
エクセレントピーク,5,29,0.0,0.0,8.2414,7,0.0
ヤマニンマドレーヌ,4,29,0.069,0.1034,10.1379,7,0.0
プレシャスクルー,4,29,0.0345,0.3103,6.7586,7,0.0
トーホウアスティ,4,29,0.069,0.2759,7.7586,7,0.25
キセキノショウリ,5,29,0.069,0.2069,7.8276,7,0.0
アップルマティーニ,5,29,0.069,0.2069,6.8966,7,0.0
フラワーハット,1,29,0.1034,0.3448,5.8276,7,0.0
セイウンチャーム,4,29,0.069,0.1034,9.3448,7,0.0
ワンダーアロマ,3,29,0.069,0.1724,8.3448,7,0.0
セイングレンド,4,29,0.1379,0.3448,6.8966,7,0.5
ケイアイリブラ,3,29,0.1379,0.2414,6.5172,7,0.3333
プランタンビジュー,4,29,0.0345,0.1724,7.2414,7,0.0
ジャルダン2,3,29,0.0345,0.1724,6.3793,7,0.0
エレアシチー,3,29,0.0,0.0345,10.4138,7,0.0
スウィートダンス,3,29,0.1379,0.3103,8.0,7,0.0
ポケットチャーリー,4,29,0.0345,0.069,9.3103,7,0.5
ドナパフューム,7,29,0.0,0.069,9.6552,7,0.0
ムードン,3,29,0.069,0.1379,8.4138,7,0.5
スーパーブランド2,5,29,0.0,0.069,10.5172,7,0.0
シンカンメグミ,2,29,0.069,0.2759,7.4138,7,0.0
ロランラムール,3,29,0.0,0.0345,9.2414,7,0.0
ティアレスクイーン,4,29,0.0345,0.2414,9.2759,7,0.0
サンクスノート,3,29,0.069,0.1724,8.5517,7,0.0
エバーアンドエバー,3,29,0.0345,0.069,9.4483,7,0.0
レーヴディソール,7,29,0.069,0.2759,7.5517,7,0.2
イムディーナ,5,29,0.0345,0.069,8.7586,7,0.0
アウトシャイン,4,29,0.1034,0.3448,6.5862,7,0.0
レッドディオーサ,2,29,0.1724,0.4138,4.6552,7,0.0
ティファニージェム,4,29,0.1034,0.1379,9.069,7,0.0
ラブミークリーム,2,29,0.0345,0.2069,7.8276,7,0.0
ホットサマーデイ,3,29,0.0345,0.1034,9.6552,7,0.0
レディネス,2,29,0.069,0.1379,7.5172,7,0.0
エレクトラム,5,29,0.069,0.1034,7.3793,7,0.0
フーラクサ,3,29,0.1379,0.4138,5.7241,7,0.0
ユウジンカザン,3,29,0.0,0.0,9.5517,7,0.0
Antique Auction,1,29,0.1379,0.4138,4.6897,23,0.0
オギノシュタイン,2,29,0.069,0.3103,5.931,7,0.0
プリティスター,2,29,0.1724,0.4483,5.8276,7,0.0
バレットテソーロ,3,29,0.069,0.1724,7.8621,7,0.0
タイセイフレイヤ,3,29,0.1034,0.2759,7.6552,7,0.0
タイキアヴェニュー,3,29,0.069,0.1379,7.1034,7,0.5
キャントセイワーズ,4,29,0.1034,0.2759,7.3793,7,0.0
シェイラトス,5,29,0.0,0.069,9.1379,7,0.0
トーヨートーヤコ,5,29,0.0,0.0,9.7931,7,0.0
ニシノアリオス,2,29,0.069,0.4483,5.9655,7,0.0
マジェスティックブライト,5,29,0.0,0.0345,10.5172,7,0.0
Profitability,1,29,0.1034,0.3103,5.1379,7,0.0
ルシェルドール,3,29,0.1379,0.4483,6.5862,7,0.0
ルシアンネイル,2,29,0.0,0.0345,11.1724,7,0.0
Untraveled,1,29,0.1724,0.3448,7.4483,7,0.0
ベラドンナジュリア,5,29,0.0345,0.0345,10.4138,7,0.25
クリスタルフローラ,3,29,0.069,0.3103,6.6552,7,0.0
サテラノサト,4,29,0.1034,0.3793,6.4483,7,0.0
クリスプ,3,29,0.1034,0.1724,8.7931,7,0.0
ソングフォーミー,6,29,0.0345,0.1724,7.8621,7,0.0
メイショウミハル,4,29,0.2414,0.4828,5.4828,7,0.4
メイショウマンボ,6,29,0.0345,0.069,10.0,7,0.2
ゴールドアクション,2,29,0.1034,0.4828,4.8966,7,0.0
アシェラフ,4,29,0.0345,0.1724,8.931,7,0.0
ニホンピロビオラ,6,29,0.0345,0.1034,9.4138,7,0.0
イノチノアカリ,5,29,0.0345,0.1379,8.3448,7,0.0
ベルモントフェリス,3,29,0.1379,0.3448,6.1034,7,0.0
サンソヴール,4,29,0.1724,0.4483,5.1034,7,0.0
ミヤビエメライン,2,29,0.1034,0.3448,6.4483,7,0.0
パリコレクション,1,29,0.0345,0.1379,7.1724,7,0.0
アオモミジ,4,29,0.0,0.0,10.8621,7,0.0
レオパステル,4,29,0.069,0.2414,7.1724,7,0.0
レジュールダムール,6,29,0.069,0.069,9.2414,7,0.0
エアルーティーン,6,29,0.2414,0.4828,5.7586,7,0.3333
サクラレイリ,2,29,0.0345,0.3103,7.1724,7,0.0
Flirtatious Miss,3,29,0.1034,0.4138,6.3448,7,0.0
キヤツチングクイン,1,29,0.0345,0.069,11.3448,23,0.0
グランドアメリフローラ,5,29,0.0345,0.0345,11.7241,7,0.0
ノッツダルジェント,4,29,0.1034,0.2069,8.1034,7,0.0
ブライティアダンス,6,29,0.0345,0.2414,8.4828,7,0.0
Refugio,1,29,0.1034,0.3793,6.8966,7,0.0
ジョウノベネチア,2,29,0.069,0.2069,7.8621,7,0.0
メロディペリオット,3,29,0.0345,0.2069,8.8276,7,0.0
カメリアローズ2,4,29,0.069,0.2414,6.5172,7,0.5
フェリサティー,4,29,0.0,0.1034,7.8621,7,0.0
サクラプレジール,2,29,0.069,0.2414,7.3103,7,0.0
ニシノフレイア,5,29,0.0345,0.1379,8.7931,7,0.0
ノーズトウショウ,3,29,0.0,0.069,9.3103,7,0.0
ガリレオオールウェイズ,3,29,0.069,0.2069,7.3448,7,0.0
クリノラホール,3,29,0.069,0.3793,5.5172,7,0.0
ストークアンドレイ,6,29,0.0,0.069,8.6207,7,0.0
フレンチミシル,1,29,0.069,0.4828,4.8276,7,0.0
フロイデタンツェン,3,29,0.069,0.2069,7.6897,7,0.0
ダノンスペシャル,1,29,0.0,0.4138,5.5172,23,0.0
ミルテ,5,29,0.0,0.0,8.7931,7,0.0
ノンストップ,3,29,0.1379,0.3793,5.1724,7,0.0
ダイワフェズブルー,2,29,0.0,0.069,8.5862,7,0.0
ダイワドレッサー,4,29,0.0345,0.2414,6.6897,7,0.0
エスフライト,4,29,0.069,0.1724,8.4828,7,0.25
イブニングサンダー,4,29,0.0,0.1379,8.1724,7,0.0
ウエスタンドルチェ,5,29,0.0,0.0345,10.1724,7,0.0
チュロ,5,29,0.069,0.3103,8.6207,7,0.0
シャーペンセンス,5,29,0.0,0.0,10.069,7,0.0
シャルマンダー,5,29,0.0,0.0345,8.3448,7,0.0
レッドオリヴィア,4,29,0.0345,0.2414,7.6897,7,0.0
メイショウネイロ,4,29,0.0,0.1034,8.5517,7,0.0
ロッソペーガゾ,6,29,0.0345,0.069,9.3103,7,0.0
ルーズブルーマーズ,1,29,0.1034,0.2759,7.4828,7,0.0
マーガレットメドウ,5,29,0.2759,0.3448,6.7241,7,0.5
ピンクベリーニ,4,29,0.0,0.2069,7.8966,7,0.0
ウンベラータ,4,29,0.0345,0.1724,7.7931,7,0.0
プレラット,4,29,0.0345,0.2759,7.931,7,0.0
ワイドロスメルタ,5,29,0.1034,0.2069,8.1379,7,0.0
ディコーラム,2,29,0.0345,0.1034,10.6552,7,0.0
シャンハイロック,4,29,0.1379,0.2414,9.2069,7,0.0
Miss Emma,3,29,0.069,0.2759,7.3793,23,0.0
Mine Inning,1,29,0.0345,0.069,9.0,43,0.0
レディーファースト,5,29,0.0,0.1034,9.1724,7,0.0
キャトルキャール,2,29,0.0345,0.069,10.0,7,0.0
スカイトラベラー,4,29,0.0,0.1379,8.6897,7,0.0
ドゥザボサノバ,6,29,0.0345,0.0345,9.9655,7,0.0
タルゴナイト,2,29,0.0345,0.1034,7.8276,7,0.0
イットーフレンチ,1,29,0.0345,0.3103,5.7586,23,0.0
イットウリョウダン,3,29,0.069,0.1379,8.2414,7,0.0
イチザラブ,4,29,0.0345,0.069,11.1724,7,0.0
ベルクリア,3,29,0.1034,0.1724,7.069,7,0.3333
アヴェニューズレディ,6,29,0.0345,0.1379,9.3793,7,0.0
ダンスフェイム,4,29,0.0,0.0345,8.2759,7,0.0
サクラインスパイア,2,29,0.2069,0.3793,6.7241,7,0.0
シュネーバル,2,29,0.069,0.1724,7.6552,7,0.0
ティンバレス,4,29,0.1379,0.3103,6.931,7,0.0
ティンタジェル,3,29,0.0,0.3448,6.4828,7,0.0
ネバーグレイス,3,29,0.0,0.0345,9.069,7,0.0
ディアンサス,5,29,0.0345,0.069,10.1724,7,0.0
ピサノベッテル,4,29,0.069,0.1034,7.8276,7,0.0
クイーンギムレット,5,29,0.0,0.1724,8.931,7,0.0
エアデヴォン,3,29,0.0,0.069,8.6897,7,0.0
ボクノナオミ,2,29,0.069,0.3448,5.7241,7,0.0
ボウレジュ,1,29,0.0,0.1034,7.4483,23,0.0
コウユーノミチ,4,29,0.1379,0.2759,8.2759,7,0.3333
トリプルハート,7,29,0.0,0.069,8.6207,7,0.0
ハクサンフウロ,3,29,0.0345,0.1379,7.7931,7,0.0
ペリーヌ,3,29,0.0345,0.2069,7.0345,7,0.0
オースミエルフ,5,29,0.0,0.069,8.7241,7,0.0
ヴェルメンティーノ,3,29,0.1724,0.2759,6.931,7,0.0
フラミンゴ,3,29,0.0345,0.3448,5.931,7,0.0
ラスヴェンチュラス,5,29,0.1379,0.3103,7.7241,7,0.0
チャームドヴェール,4,29,0.0345,0.2759,7.931,7,0.0
シーズライクリオ,4,28,0.0,0.2143,9.1786,7,0.0
Air France,1,28,0.0714,0.1429,7.7143,7,0.0
テイエムプリキュア,9,28,0.0,0.0,11.0714,7,0.0
ヴィーヴィーグッドナイト,4,28,0.1429,0.25,7.3214,7,0.0
バーミーブリーズ,2,28,0.0357,0.1786,7.2857,7,0.0
ナナイロボタン,3,28,0.1786,0.3929,7.4286,7,0.5
トレノローザ,2,28,0.1429,0.25,7.8929,15,1.0
タバスコキャロル,2,28,0.1429,0.5,5.5357,7,0.5
セレブレイションキャット,7,28,0.1429,0.2143,8.1429,7,0.0
リラコルレオーネ,5,28,0.0,0.0,10.5,7,0.0
リアライズクレア,4,28,0.0357,0.25,7.1071,7,0.0
エリザベスサクラ,4,28,0.0,0.1786,7.5714,7,0.0
トゥールエッフェル,2,28,0.0714,0.1786,7.6786,7,0.5
クイックモーション,3,28,0.0714,0.2143,8.3214,7,0.0
サクラタキオン,2,28,0.0,0.1429,8.25,7,0.0
エアカリナン,6,28,0.0,0.0,11.3214,7,0.0
ジオパーククイーン,3,28,0.0714,0.1071,8.2857,7,0.3333
レディスウィフト,4,28,0.0714,0.1786,9.3571,7,0.0
ニンフェアアルバ,8,28,0.0,0.0714,9.3929,7,0.0
Blazing Bliss,1,28,0.2143,0.2857,6.0714,23,0.0
アマビリータ,2,28,0.0357,0.2143,9.2857,7,0.0
ヤマノフェアリー,4,28,0.1071,0.4286,5.3571,7,0.0
フェリーク,3,28,0.0714,0.1071,8.75,7,0.0
ストールンブライド,5,28,0.0357,0.2143,9.1071,7,0.0
バクシンポイント,4,28,0.0714,0.1786,8.2857,7,0.0
バクシンクリチャン,2,28,0.0,0.1786,9.1429,7,0.0
ソルシエトウショウ,4,28,0.0357,0.1071,10.4643,7,0.0
ウルトラエナジー,3,28,0.0357,0.0714,9.5357,7,0.0
ジョロキアキャット,2,28,0.0,0.0714,7.8571,7,0.0
ラブドリーム,1,28,0.0357,0.1071,9.2857,7,0.0
メイショウガーベラ,1,28,0.0357,0.2143,5.8214,7,0.0
ビーチパーティー,4,28,0.0,0.0714,10.25,7,0.0
ビーチパラソル,2,28,0.0357,0.1786,7.3571,7,0.0
セトノフラッパー,4,28,0.0357,0.3214,6.4286,7,0.0
ホウライマツリ,5,28,0.1071,0.3571,7.3214,7,0.0
メガン,4,28,0.0714,0.2143,8.1071,7,0.2
バアゼルクローバー,1,28,0.1786,0.2143,7.1786,23,0.0
バトルキクヒメ,5,28,0.0357,0.1071,8.4643,7,0.0
ヘイハニー,4,28,0.0357,0.1786,7.8929,7,0.0
キョウワモンロー,2,28,0.1071,0.1429,8.1071,7,0.0
アッフィラート,2,28,0.2143,0.3571,5.75,7,1.0
ゲームコンパイラ,3,28,0.0714,0.1786,8.3929,7,0.0
アンジュドボヌール,3,28,0.0714,0.3571,7.3929,7,0.0
シャンデリアハウス,4,28,0.1429,0.3571,6.3214,7,0.25
レジェンドブルー,5,28,0.0357,0.0714,10.1071,7,0.0
キャニオンビュー,1,28,0.0714,0.5,5.0,7,0.0
ベストコレクション,3,28,0.0357,0.1071,8.0,7,0.0
スターライラック,3,28,0.0357,0.1429,8.3214,7,0.0
マーズプリンセス,4,28,0.1071,0.25,6.5357,7,0.0
ドリームダンシーズ,2,28,0.0714,0.1786,6.6786,7,0.0
ホームタイム,5,28,0.0,0.1071,8.6429,7,0.0
エーシンマリポーサ,4,28,0.1071,0.2143,8.5357,7,0.0
アンニュイブルース,1,28,0.1071,0.25,8.4643,7,0.0
ジプシーダンサー,2,28,0.0714,0.1071,9.0,7,0.0
ビワパシフィカス,4,28,0.1071,0.25,8.1071,7,0.0
クラウンリバー,2,28,0.0,0.0357,8.8571,7,0.0
ダイストウショウ,4,28,0.0357,0.0357,9.9643,7,0.0
キタサンエデン,5,28,0.0,0.0357,9.7143,7,0.0
トゥルーアイズ,2,28,0.0357,0.25,7.8214,7,0.0
キタノオーロラ,3,28,0.0357,0.2143,6.3929,7,0.0
ボーテビューティ,5,28,0.0357,0.0714,9.5,7,0.0
ハーベストシーズン,4,28,0.0714,0.3214,8.6071,7,0.0
タガノアルデバラン,4,28,0.0357,0.1786,7.6786,7,0.0
レイクサイドカップ,3,28,0.0714,0.25,7.4643,7,0.0
ウートゥルメール,2,28,0.1429,0.3571,5.7143,7,0.0
エアレモネード,3,28,0.1071,0.3571,6.7143,7,0.0
ヤマニンアストレア,5,28,0.0,0.0,11.4286,7,0.0
デルマコイウタ,4,28,0.0714,0.2857,6.4643,7,0.0
モエレプロミネンス,3,28,0.1786,0.2857,6.4643,7,0.0
レディミドルトン,5,28,0.1071,0.3214,6.7143,7,1.0
Miss Luna,1,28,0.1071,0.3571,6.4643,7,0.0
リヒター,4,28,0.0357,0.25,6.5714,7,0.0
サクセスフィリア,3,28,0.0357,0.1786,7.5357,7,0.0
タガノグラマラス,5,28,0.0,0.0357,10.25,7,0.0
グラスケリー,2,28,0.1429,0.25,7.6429,7,0.0
グランソルシエール,2,28,0.1071,0.3214,7.5,7,0.0
カリズマ,4,28,0.0,0.1429,8.75,7,0.0
ハーモニーフェア,3,28,0.0357,0.1429,8.3571,7,0.3333
グローバルビューティ,3,28,0.2143,0.6429,3.5357,7,0.6667
アイファーラブラブ,5,28,0.0714,0.1786,10.0,7,0.0
シンボルスカ,4,28,0.1071,0.25,8.1786,7,0.3333
モントボーゲン,4,28,0.0357,0.0714,8.9286,7,0.0
Llanarmon,1,28,0.1786,0.4286,5.7143,7,0.0
ミラクルモーメント,4,28,0.0357,0.2143,7.75,7,0.0
ミルグレイン,3,28,0.0357,0.2857,6.25,7,0.0
フクノドリーム,3,28,0.0,0.2857,5.1786,7,0.0
レースパイロット,6,28,0.0,0.0714,8.75,7,0.0
チアズグレイス,5,28,0.0714,0.1786,8.25,7,0.0
チュラカーギー,4,28,0.0714,0.1071,8.6786,7,0.0
プルメリアミコ,4,28,0.0714,0.4286,5.0714,7,0.0
スピリットレイク,6,28,0.0357,0.0714,8.9286,7,0.1667
ユメノキラメキ,4,28,0.0357,0.25,7.2143,7,0.0
アーキタイプ,3,28,0.0357,0.3571,6.1786,7,0.0
バルバラ,2,28,0.0714,0.1071,10.1786,7,0.0
ナムラフェアリ,4,28,0.0357,0.1071,8.9286,7,0.0
ダディーズシューズ,2,28,0.0714,0.2143,7.9286,7,0.0
コマノレジェンド,2,28,0.1786,0.4643,5.2857,7,0.0
フラワーハート,6,28,0.0,0.1786,7.1429,7,0.0
フェアリーベル,6,28,0.0,0.0357,10.3214,7,0.0
ヴィクトリアルイゼ,2,28,0.1429,0.3214,6.7857,7,0.0
ヴィヴァヴォーチェ,3,28,0.2143,0.3571,7.2857,7,0.3333
ティーケイキャット,6,28,0.0,0.0,10.9286,7,0.0
イシノウォーニング,4,28,0.0,0.1071,8.75,7,0.0
ラトーヌタキオン,5,28,0.0,0.1429,8.2143,7,0.0
Champagne Royale,2,28,0.1071,0.4286,6.5,7,0.0
アルファグリン,4,28,0.0,0.1071,8.0,7,0.0
アルテリテ,4,28,0.0714,0.25,6.75,7,0.25
ガスパリライン,2,28,0.1429,0.3214,5.9643,7,0.0
キクノアルバ,4,28,0.0,0.1071,7.1786,7,0.0
ポトリザリス,2,28,0.0357,0.2143,5.6786,7,0.0
ヒトリシズカ,4,28,0.0,0.1071,8.8929,7,0.0
ソトーグラシオ,5,28,0.0357,0.0714,8.2857,7,0.0
ケイアイウィルゴー,1,28,0.1429,0.3571,6.8929,7,0.0
カイドウ,4,28,0.0714,0.2143,8.5714,7,0.0
メイショウレッド,3,28,0.0,0.0,9.5,7,0.0
ラメール,4,28,0.0,0.0,10.7857,7,0.0
コンヴィクション2,4,28,0.1429,0.2857,4.9643,7,0.0
オマイタ,2,28,0.0,0.1071,7.7857,7,0.0
ジュエリーストーム,5,28,0.0714,0.1429,8.5714,7,0.2
ティエッチグリーン,5,28,0.0714,0.1786,8.4643,7,0.0
コーディリア,4,28,0.0,0.2143,8.6429,7,0.0
モノトーン,6,28,0.0,0.0357,10.5714,7,0.0
モナリザ,4,28,0.1071,0.25,6.6786,7,0.0
キッズトゥデイ,3,28,0.0714,0.25,8.9286,7,0.0
デンファレ,5,28,0.0714,0.2143,9.1786,7,0.0
レイナシンフォニー,2,28,0.0357,0.25,8.6786,7,0.0
フィロパトール,2,28,0.1071,0.1786,8.1429,7,0.0
ウツセミ,4,28,0.0357,0.0714,10.0714,7,0.0
グラマトフィラム,5,28,0.0357,0.0357,9.4643,7,0.0
カフジジュエル,1,28,0.1071,0.5714,5.75,7,0.0
シズパンチ,2,28,0.0357,0.1429,7.8929,7,0.0
プリティアンブレラ,4,28,0.0714,0.2857,7.4643,7,0.0
メイショウワカクサ,2,28,0.0714,0.2857,7.0,7,0.0
シロインジャー,3,28,0.2857,0.2857,6.3929,7,0.3333
タニノバーバラ,5,28,0.0,0.0714,9.6786,7,0.0
ブロワ,3,28,0.0357,0.0357,9.8571,7,0.0
セーヌパリジャンヌ,3,28,0.0714,0.1429,7.0357,7,0.0
ラッキーマンボ,4,28,0.0,0.0357,10.2143,7,0.0
ラパヌイ,4,28,0.0357,0.1071,8.4286,7,0.0
キープサニーハート,3,28,0.0714,0.25,8.4286,7,0.0
ミヤコノユメ,3,28,0.0714,0.2857,6.2857,7,0.0
ソングオブアイスアンドファイア,2,28,0.0714,0.1071,9.1429,7,0.0
エイシンドナウ,4,28,0.0,0.1429,8.3929,7,0.0
サダムフジコ,2,28,0.0357,0.2857,7.0714,7,0.0
ローズジプシー,4,28,0.0714,0.2143,8.4286,7,0.0
ウイングオブピース,1,28,0.0357,0.3929,6.0357,15,1.0
オッドアイビーナス,1,28,0.0357,0.2143,7.6071,7,0.0
ミスティフォレスト,2,28,0.0357,0.0357,8.7143,7,1.0
デンコウブルー,5,28,0.0,0.0357,8.8214,7,0.0
ビーキュート,2,28,0.0,0.2143,7.5,7,0.0
スイートテイスト,3,28,0.0357,0.1429,6.4286,7,0.0
ロイヤルヴィラ,2,28,0.0357,0.1429,8.5714,7,0.0
カネスラッゾ,5,28,0.0357,0.2857,7.1786,7,0.0
ララサンタフェーズ,4,28,0.1071,0.25,7.4643,7,0.3333
タガノディナー,2,28,0.0,0.1786,6.6429,7,0.0
オウケンガール,3,28,0.2143,0.4286,6.7857,7,0.0
カネトシフィオーレ,3,28,0.0714,0.3929,6.2143,7,0.0
アフリカンピアノ,2,28,0.1429,0.2143,7.7143,15,1.0
ヒシパール,4,28,0.0357,0.0714,9.8571,7,0.25
レディフューチャー,3,28,0.0357,0.25,7.2857,7,0.0
テイエムマイサクラ,5,28,0.0,0.0,10.3214,7,0.0
マルターズホビー,4,28,0.0714,0.1071,10.3571,7,0.25
トモノメジェール,5,28,0.0357,0.0714,8.2143,7,0.0
レディハニー,4,28,0.0,0.0357,8.8929,7,0.0
キャンディームーン,5,28,0.0357,0.1429,9.5357,7,0.0
シアン,2,28,0.0714,0.25,5.8571,7,0.0
ピュアエクセル,5,28,0.0,0.0357,9.5357,7,0.0
サンクチュアリ,6,28,0.0357,0.1429,9.75,7,0.0
ピースアンドウォー,3,28,0.1786,0.3571,5.75,7,0.6667
サティアナ,5,28,0.0357,0.1429,8.2857,7,0.0
スパイチャクラ,4,28,0.0357,0.1786,8.8214,7,0.0
ビックセイラー,2,28,0.0714,0.3214,6.8571,7,0.0
ファインスカイ,3,28,0.1429,0.3214,6.5357,7,0.0
プライマリーコード,5,28,0.0,0.1071,7.7857,7,0.0
レディオブフレイム,2,28,0.0714,0.2143,7.7857,7,0.0
コスモアンダルシア,6,28,0.0,0.0357,9.8571,7,0.0
レイリオン,3,28,0.1071,0.3571,5.8214,7,0.3333
トウカイシェーン,3,28,0.1429,0.3571,5.6071,7,0.0
ストレイトガール,4,28,0.1071,0.3571,6.6071,7,0.0
エクストラペトル,4,28,0.0714,0.3929,6.1429,7,0.0
タケデンプラザ,2,28,0.0357,0.2143,7.4643,7,0.0
ラブユー,2,28,0.0357,0.0357,8.0714,7,0.0
コウユーナナエヤエ,4,28,0.0357,0.1786,9.1429,7,0.0
コウザンティアラ,1,28,0.0,0.0714,8.5714,7,0.0
ココロチラリ,5,28,0.0,0.0357,8.1786,7,0.0
オレゴンガール,5,28,0.0714,0.4643,5.3214,7,0.0
オーサムボス,3,28,0.0714,0.2143,7.4286,7,0.0
シーニーンガール,5,28,0.1429,0.2143,7.5714,7,0.3333
エミレーツガール,2,28,0.1071,0.2143,5.6071,7,0.0
ミラグロレディ,5,28,0.0,0.0357,11.5,7,0.0
Indian Bay,1,27,0.2222,0.5926,3.7778,15,1.0
ルミナスグルーヴ,6,27,0.0,0.037,7.963,7,0.0
オークヴィル,6,27,0.037,0.1852,8.3333,7,0.0
アンチークショップ,5,27,0.0,0.0741,8.2222,7,0.0
ハクサンサマー,3,27,0.1111,0.2963,7.8148,7,0.0
サンライトムーン,4,27,0.037,0.1852,8.4815,7,0.0
コスモオヌール,3,27,0.0,0.2963,7.037,7,0.0
レッドルシアン,3,27,0.037,0.1111,9.5556,7,0.0
アタラマ,3,27,0.0,0.0,11.037,7,0.0
エクストラニュース,3,27,0.0741,0.3704,6.1481,7,0.0
シトラスブリーズ,3,27,0.0,0.1111,8.2222,7,0.0
キトゥンカブードル,2,27,0.1481,0.2963,5.5556,7,0.5
トウカイオスカー,3,27,0.0741,0.1481,8.1481,7,0.0
インヴィンシブルタッチ,4,27,0.0741,0.1111,9.7407,7,0.0
メイショウマイカゼ,2,27,0.1481,0.2593,8.3333,7,0.0
フジドリーム,2,27,0.0741,0.2963,7.8889,7,0.0
マジックタイム,2,27,0.2222,0.4074,4.7407,7,0.0
トップキララ,4,27,0.037,0.0741,11.8148,7,0.3333
フィジークルーズ,5,27,0.037,0.037,11.3333,7,0.2
シャドウダンス,2,27,0.0741,0.1481,8.2222,7,0.0
エンダレ,4,27,0.0,0.1852,8.3333,7,0.0
ローズホーラー,1,27,0.1111,0.2222,7.2222,7,0.0
スリーサンナイナー,3,27,0.0,0.0,10.5926,7,0.0
ワンアンドオール,2,27,0.0,0.037,9.4074,23,0.0
アサティスジョオー,5,27,0.0741,0.3704,6.2222,7,0.0
シアトリカルポーズ,1,27,0.0,0.2963,6.1852,7,0.0
ファイアマーシャル,5,27,0.0,0.037,11.4815,7,0.0
ファイトガリバー,2,27,0.0741,0.2963,6.4444,7,0.0
プリティダンス,5,27,0.0,0.037,11.0,7,0.0
アイファークィーン,3,27,0.0,0.0,12.5556,7,0.0
トヨサンハッピー,2,27,0.0,0.1111,7.6667,7,0.0
ルンバブギー,4,27,0.037,0.1111,7.9259,7,0.0
シルクシルエット,1,27,0.1111,0.3333,7.037,7,0.0
カトルズリップス,5,27,0.0,0.0741,10.8519,7,0.0
カフェショコラ,4,27,0.0,0.1852,8.6296,7,0.0
イノセントデイズ,4,27,0.0741,0.1481,8.1852,7,0.0
ドルドラムズ,3,27,0.1481,0.3333,6.6667,7,0.0
アイノビジン,2,27,0.037,0.2222,7.9259,7,0.0
グリッターカーラ,3,27,0.0741,0.1481,6.5926,7,0.0
ゴールディーエスポニー,3,27,0.037,0.2593,6.7778,7,0.0
シルクハリウッド,4,27,0.0,0.0,9.8889,7,0.0
デリケートアーチ,5,27,0.0,0.0,7.4444,7,0.0
スパーブクィーン,5,27,0.0,0.1111,10.0741,7,0.0
ビスカヤ,4,27,0.0,0.0741,9.8519,7,0.0
ビストロドゥパリ,3,27,0.0,0.2222,6.4815,7,0.0
ダイシンステルラ,2,27,0.037,0.4074,6.2963,7,0.0
フーガフューグ,3,27,0.0,0.0,12.5556,7,0.0
スイートチャーム,5,27,0.0,0.1852,9.2593,7,0.0
デロングスター,2,27,0.037,0.3333,6.037,7,0.0
ラブポエット,2,27,0.037,0.1852,9.2593,7,0.0
グローバルフェイム,3,27,0.037,0.1111,8.6296,7,0.0
ドキドキガール,5,27,0.0741,0.1481,8.963,7,0.0
エリモシック,3,27,0.0,0.1111,10.2963,7,0.0
ユニヴァースパール,4,27,0.0,0.037,10.1852,7,0.0
エイシンノーティス,4,27,0.037,0.1111,8.2222,7,0.0
ツインテール,4,27,0.037,0.1481,7.1852,7,0.0
キャタリナ,2,27,0.2963,0.5556,4.5185,7,0.0
ミティーク,5,27,0.037,0.037,9.3704,7,0.0
タイキタムレット,1,27,0.037,0.037,9.6296,7,0.0
エリモシャイニー,2,27,0.0741,0.2593,7.8519,7,0.0
エリモジェニー,2,27,0.1111,0.2222,7.1111,7,1.0
アラハ,3,27,0.0,0.1481,7.8148,7,0.0
ザンスカール,4,27,0.1481,0.2593,8.0,7,0.3333
ネオベローナ,6,27,0.037,0.1111,9.5926,7,0.0
ブライトネスバイオ,4,27,0.037,0.1852,7.8519,7,0.0
ニューアイデア,6,27,0.0741,0.3333,7.1852,7,0.1667
ウイングオブラック,3,27,0.0741,0.2593,6.8889,7,0.5
シセイカナタ,2,27,0.0741,0.3333,6.5185,7,0.0
エーシンフラクタル,4,27,0.0741,0.1111,9.9259,7,0.0
ベルモンタージュ,4,27,0.0741,0.2222,7.4815,7,0.3333
グラッブユアコート,2,27,0.0741,0.4074,5.5926,7,0.0
ロマンスアンダルザ,3,27,0.0,0.0741,9.4074,7,0.0
ドルフィンルージュ,3,27,0.0741,0.1852,9.1111,7,0.0
Brave Cause,1,27,0.0,0.0741,9.0741,7,0.0
Jasmine Blue,1,27,0.1111,0.2963,6.5185,7,1.0
シリカ,2,27,0.0741,0.2593,6.0741,7,0.5
ゴールデンムーン,5,27,0.0,0.0,11.037,7,0.0
リネンフィールド,6,27,0.0,0.037,9.4815,7,0.0
レッドピオニー,2,27,0.037,0.1481,8.5185,7,0.0
Screen Goddess,1,27,0.1481,0.2963,6.2963,7,0.0
アサクラ,2,27,0.037,0.1852,7.2963,7,0.5
エイプリルスカイズ,1,27,0.037,0.3333,6.1852,7,0.0
アビイロード,4,27,0.0741,0.2963,7.5926,7,0.0
ベッラベリッシモ,2,27,0.037,0.2222,8.2593,7,0.0
ヴァインバッハ,3,27,0.2222,0.3704,6.2963,7,0.0
ジュエルオブジュエルズ,2,27,0.037,0.1852,7.6296,7,0.0
ジャルディナージュ,3,27,0.1111,0.2963,7.0,7,0.0
マリーズスマイル,3,27,0.037,0.2963,7.037,7,0.0
トーアヒミコ,2,27,0.0741,0.3333,5.8889,7,0.0
フリップフロップ,2,27,0.1111,0.2593,8.0741,7,0.0
メイハンコック,2,27,0.1481,0.4074,5.6667,7,0.0
カクシアジ,2,27,0.0741,0.2222,8.1852,7,0.0
マダムブランシェ,6,27,0.0,0.0,11.0,7,0.0
ケイアイメルヘン,2,27,0.1481,0.2963,7.0741,7,0.0
インカンデセンス,4,27,0.0,0.1481,9.2963,7,0.0
イフリータ,4,27,0.1481,0.2593,8.4815,7,0.0
ヒーラブズミー,2,27,0.037,0.1481,7.3333,7,0.0
ネームヴァリュー,2,27,0.0741,0.1852,8.3333,7,0.0
ダノンエンジェル,4,27,0.1111,0.2963,8.7037,7,0.0
ダイワスプレンダー,3,27,0.0,0.0,10.5556,7,0.0
ガーデンスタイル,4,27,0.0,0.0,9.5926,7,0.0
Combat's Love,1,27,0.037,0.0741,10.2593,15,1.0
クリノテレジア,3,27,0.1111,0.2593,5.7778,7,0.0
ポムフィリア,3,27,0.037,0.2593,7.7037,7,0.0
ワイズドリーム,4,27,0.0741,0.2593,8.2222,7,0.0
プロラタ,2,27,0.037,0.1481,9.0741,7,0.0
シルキーブライド,2,27,0.0741,0.2963,6.0741,7,0.0
ヒラボクスペシャル,5,27,0.0741,0.1852,6.4074,7,0.0
マイネノーブレス,6,27,0.037,0.1111,9.4074,7,0.0
リュウロッキー,1,27,0.037,0.0741,9.7778,23,0.0
トーホウアモーレ,3,27,0.0741,0.2593,7.963,7,0.0
コロナガール,5,27,0.0,0.1111,7.5185,7,0.0
ツィンクルブライド,1,27,0.1111,0.1481,8.2593,23,0.0
ヒルダ,3,27,0.1111,0.2963,7.4815,7,0.3333
レッドアヴァンセ,3,27,0.1111,0.4815,6.0,7,0.0
ワシントンレガシー,4,27,0.1481,0.5185,5.2222,7,0.25
ミスティコンクエスト,5,27,0.037,0.1111,8.7778,7,0.0
アニマートホウヨウ,5,27,0.037,0.0741,9.8889,7,0.0
ドリーボンズレガシー,5,27,0.1111,0.1852,8.2593,7,0.3333
シャーラレイ,3,27,0.037,0.0741,8.4074,7,0.0
ソアリングピアス,5,27,0.037,0.1852,8.5926,7,0.0
ポンデローザ,2,27,0.0741,0.2222,6.9259,7,0.0
ナレラ,2,27,0.1481,0.3333,6.5926,7,0.0
キョウエイポズナン,3,27,0.1481,0.2963,7.3704,7,0.3333
Font,1,27,0.1481,0.3704,6.0741,7,1.0
シーキングオアシス,4,27,0.0,0.1111,8.9259,7,0.0
ホオポノポノ,3,27,0.1111,0.2963,6.4815,7,0.5
ボーテセレスト,6,27,0.0,0.037,12.3704,7,0.0
バーガンディレッド,3,27,0.0741,0.1481,8.4815,7,0.0
ウォーターピオニー,2,27,0.1852,0.5556,5.3704,7,0.0
トーセンジョウオー,5,27,0.0,0.037,6.7778,7,0.0
ウォーブル,3,27,0.0,0.1111,7.2593,7,0.0
パイメイメイ,3,27,0.0741,0.2593,6.1111,7,0.0
メイショウセンヒメ,1,27,0.1481,0.4444,6.5185,7,0.0
カリーノカフェ,5,27,0.0,0.037,9.1111,7,0.0
ホワットケイティーディド,2,27,0.1111,0.2222,7.4815,23,0.0
ドリームバラード,6,27,0.0,0.1481,9.3333,7,0.0
グジョウハチマン,1,27,0.037,0.2593,7.2222,7,0.0
マーキークラブ,3,27,0.0741,0.4444,5.4815,7,0.0
クロイゼリンチャン,4,27,0.037,0.1111,8.7778,7,0.0
ジーアイジェーン,1,27,0.037,0.0741,10.2222,7,0.0
トーセンマドンナ,1,27,0.0741,0.1111,7.5185,7,0.0
エーシンサーフィン,3,27,0.1481,0.2963,7.7407,7,0.0
シャイニーカフェ,5,27,0.0,0.0,11.0,7,0.0
ボンナターレ,4,27,0.037,0.1111,9.8889,7,0.0
マイネサマンサ,4,27,0.0,0.1481,8.1852,7,0.0
レッダンゴールド,4,27,0.037,0.3333,7.3333,7,0.0
エルフィンコーブ,3,27,0.0741,0.3333,6.3704,7,0.0
タイヨウノコ,4,27,0.0,0.2963,6.2222,7,0.0
アンシャンテルール,4,27,0.0741,0.1481,8.8889,7,0.0
Christies Treasure,1,27,0.2593,0.4444,4.9259,15,1.0
イッツアバウトシルヴァー,1,27,0.037,0.1852,6.5926,7,0.0
メイショウシスタス,2,27,0.1852,0.3333,8.3333,7,0.0
マークリマニッシュ,1,27,0.0,0.037,8.963,7,0.0
ステラエージェント,2,27,0.1111,0.3333,6.1481,7,0.0
パラダイスイズヒア,4,27,0.0,0.037,9.4444,7,0.0
クレーデリンテ,4,27,0.1852,0.3333,5.963,7,0.3333
ウィズエモーション,3,27,0.0741,0.2222,8.8148,7,0.0
フロムスクラッチ,4,27,0.0741,0.1852,8.8148,7,0.0
エバープリンセス,3,27,0.0741,0.1481,8.5556,7,0.0
ハナフブキ,4,27,0.1111,0.3333,6.7407,7,0.0
フィールザライト,2,27,0.1111,0.3333,6.8519,7,0.0
レイドフラワー,4,27,0.0,0.0741,11.0,7,0.0
ステキナポケット,4,27,0.037,0.1852,8.5185,7,0.0
ミネルバローズ,4,27,0.0741,0.1852,9.3333,7,0.25
タカラジェニファ,3,27,0.1111,0.2593,8.0,7,0.0
アナンジュパス,5,27,0.1111,0.3333,6.5556,7,0.0
レアドロップ,4,27,0.1111,0.2963,6.7778,7,0.0
カンタベリービート,3,27,0.037,0.1481,7.963,7,0.0
メイショウキズナ,5,27,0.0741,0.1481,7.963,7,0.0
ジーニアスドール,4,27,0.0741,0.1852,8.2963,7,0.0
クードラパン,3,27,0.037,0.2593,7.8148,7,0.3333
モズジャカランダ,3,27,0.1111,0.3333,7.037,7,0.0
スウィッチインタイム,3,27,0.1852,0.3704,4.7037,7,0.3333
ワイルドエキサイト,2,27,0.037,0.1852,6.7778,7,0.0
エキゾチックバニラ,5,27,0.0,0.037,10.6296,7,0.0
Blanc Bonheur,3,27,0.0741,0.1852,6.4444,7,0.0
オーラ,4,27,0.037,0.1111,9.7037,7,0.0
ココ,3,27,0.037,0.1852,7.6667,7,0.0
マヤノアブソルート,5,27,0.0,0.037,10.4815,7,0.0
ボカイウヴァ,3,27,0.0,0.1111,8.3704,7,0.0
ユードントラヴミー,4,27,0.037,0.3333,6.2222,7,0.0
ユーロペ,2,27,0.0,0.1481,6.0741,7,0.0
マイネアレグリア,4,27,0.1481,0.3333,8.8519,7,0.0
アートリョウコ,2,27,0.1481,0.2593,8.7407,7,0.0
タイセイプロバブル,4,27,0.0,0.1111,10.037,7,0.0
タイニーシャイナー,5,27,0.1111,0.2222,7.6667,7,0.0
イエローパピヨン,4,27,0.0,0.037,9.1481,7,0.0
Titan Queen,1,27,0.2593,0.4074,6.7037,15,1.0
ファインショット,2,27,0.0,0.0,8.7778,7,0.0
インディアナカーヴ,4,27,0.0,0.037,9.0741,7,0.0
ブロークンソード,4,27,0.037,0.1852,7.9259,7,0.0
ケージーフジムスメ,6,27,0.0,0.0,10.4815,7,0.0
タスク,1,27,0.037,0.1852,8.4815,7,0.0
タッキーナ,4,27,0.037,0.1852,7.037,7,0.0
アクイレジア,4,27,0.1481,0.2222,8.8148,7,0.0
コスモチョコレイ,5,27,0.0,0.1111,8.5926,7,0.0
ゲッカコウ,2,27,0.1481,0.4815,5.4815,7,0.0
デイジーフローラ,2,27,0.0741,0.1852,7.1111,7,0.0
シーズゲイル,3,27,0.0,0.037,8.1481,7,0.0
テイエムナデシコ,4,27,0.037,0.1481,8.0,7,0.0
マイアトラクション,3,27,0.037,0.1852,8.3704,7,0.0
モージョ,1,27,0.1111,0.2593,7.2963,7,0.0
ラフィネシチー,2,27,0.037,0.0741,7.9259,7,0.0
タイセイゴディス,1,27,0.1481,0.2593,7.2593,15,1.0
サンヴィヴァン,5,27,0.037,0.037,8.6296,7,0.0
コウヨウマリア,1,27,0.037,0.2963,6.8519,7,0.0
ゲストアスリート,5,26,0.0385,0.0385,9.6923,7,0.0
アスール,4,26,0.0385,0.1538,9.1538,7,0.0
ヴェルデライト,6,26,0.0385,0.1154,9.4231,7,0.0
セブンスセンス,4,26,0.0,0.2308,6.5385,7,0.0
プットリー,2,26,0.0769,0.1538,9.3846,7,0.0
セラフィックロンプ,5,26,0.0769,0.0769,8.7692,7,0.2
マツリカ,4,26,0.0385,0.1538,7.8846,7,0.0
コスモカゼツカイ,3,26,0.0385,0.3462,6.5,7,0.0
インゴット,1,26,0.0385,0.0769,8.5,7,0.0
ラストアウィン,2,26,0.1538,0.2692,8.5,7,0.0
セラミックアート,3,26,0.2308,0.4231,5.6154,7,0.3333
ブロードチョイス,4,26,0.0,0.1538,7.3077,7,0.0
タキオンコウショウ,3,26,0.0,0.1923,8.2692,7,0.0
タッチオブパラダイス,4,26,0.0769,0.3462,7.4231,7,0.0
ブラックショコラ,1,26,0.0769,0.2308,6.6538,7,0.0
マハービスタ,3,26,0.0769,0.3462,6.5769,7,0.0
フラマブル,4,26,0.1923,0.3462,6.6923,7,0.0
オースミサツキ,2,26,0.0385,0.0769,7.7308,7,0.0
ラヴビーム,3,26,0.0385,0.1538,6.8077,7,0.0
ハナライ,3,26,0.1154,0.2692,7.6154,7,0.0
マイアタックレディ,4,26,0.0,0.0385,10.2692,7,0.0
ラグタイム,5,26,0.0769,0.1154,8.8462,7,0.25
マリアージュシチー,3,26,0.0385,0.2692,6.9615,7,0.0
ジャスティシア,6,26,0.0,0.0,9.4231,7,0.0
ルナフォース,2,26,0.1154,0.4231,6.2308,7,0.5
ダウンタウンブギ,3,26,0.1538,0.5,6.0769,7,0.0
ベイビーイッツユー,4,26,0.0385,0.0769,10.0385,7,0.0
スカイダイヤモンズ,4,26,0.1154,0.3846,5.5,7,0.25
キーウエスト,4,26,0.0385,0.3462,7.5,7,0.0
ノーススポット,1,26,0.0,0.1538,9.1538,23,0.0
コムフレイ,4,26,0.0769,0.1923,7.6154,7,0.0
コメンデーション,1,26,0.0769,0.3846,5.0385,7,0.0
ナムラアン,3,26,0.1538,0.4231,5.9615,7,0.0
ブランダムール,3,26,0.0769,0.1538,7.8846,7,0.0
フィールザミリオン,1,26,0.1154,0.2692,7.6923,7,0.0
プラトリーナ,3,26,0.0769,0.2692,5.5385,7,0.0
レディオスソープ,5,26,0.0,0.0385,10.2692,7,0.0
コハルタイム,6,26,0.0,0.0,10.8462,7,0.0
Maltese Googol,2,26,0.0769,0.2692,8.6538,7,0.0
エフティベス,3,26,0.0,0.0385,10.5769,7,0.0
エプソムアイリス,5,26,0.0,0.1154,10.1923,7,0.0
サークリング,1,26,0.0,0.2692,7.4615,7,0.0
ムレイニー,3,26,0.0769,0.1538,7.7692,7,0.0
ミラクルアイドル,4,26,0.0769,0.1538,9.2692,7,0.0
Fiducia,4,26,0.1538,0.5385,5.5769,7,0.6667
スターエンジェル,3,26,0.1923,0.2692,7.9231,7,0.0
ケイアイリヒト,4,26,0.0,0.0769,9.7308,7,0.0
ラインステッチ,3,26,0.0385,0.1538,8.3462,7,0.0
Travelator,2,26,0.0,0.2692,6.5385,23,0.0
ディレットリーチェ,3,26,0.1154,0.3077,7.7308,7,0.0
シンシンマーキー,2,26,0.0385,0.1154,7.8077,7,0.0
シンジュボシ,4,26,0.0385,0.0769,8.9231,7,0.0
セイウンメテオ,2,26,0.1154,0.2692,7.4231,7,0.5
セイウンユウカ,3,26,0.0769,0.1154,9.6538,7,0.0
テイクザスカイ,5,26,0.0,0.0385,11.0769,7,0.0
アイファーヴァース,4,26,0.0,0.0,12.6923,7,0.0
トールディクイント,3,26,0.0385,0.2308,8.1154,7,0.0
サンデア,5,26,0.0385,0.3077,7.8077,7,0.0
ベストタッセルド,3,26,0.0769,0.1923,8.6154,7,0.0
エリモセントラル,3,26,0.0385,0.0385,8.6538,7,0.0
ムーンダスト,2,26,0.0385,0.2308,7.3077,7,0.0
シゲルバツグン,2,26,0.0385,0.1923,7.0769,7,0.0
サンジュリアン,4,26,0.0769,0.2308,6.1154,7,0.0
ダブルゴールド,5,26,0.1154,0.1538,8.2308,7,0.25
ハイデルベーレ,5,26,0.0385,0.0385,8.3462,7,0.0
コーズウェイベイ,3,26,0.0769,0.2692,6.0,7,0.3333
オペラレディ,3,26,0.0385,0.1538,8.2308,7,0.0
メジロラルゴ,5,26,0.0,0.0,11.0769,7,0.0
ナイトドライヴ,2,26,0.1154,0.4231,4.1154,7,0.0
バンゴール,4,26,0.0769,0.2692,6.7692,7,0.0
レッドリヴェール,5,26,0.0769,0.3077,6.2308,7,0.0
エナジャイズ,3,26,0.1154,0.2308,7.0769,7,0.0
イグザンプルスター,1,26,0.0769,0.3462,5.5,23,0.0
Coyote,2,26,0.2308,0.5385,4.3846,7,0.0
プロフュージョン,3,26,0.0385,0.1154,9.6923,7,0.0
リンフォルツァンド,2,26,0.0769,0.2308,7.6923,7,0.0
ローモンドガール,3,26,0.0385,0.2308,8.3077,7,0.0
ローレライ,2,26,0.1538,0.5385,4.0769,7,0.0
ミューズマジック,2,26,0.0769,0.2308,8.0,7,0.0
エスキモーキセス,4,26,0.1538,0.3077,7.1923,7,0.25
ファストアズライト,5,26,0.0385,0.0385,10.4615,7,0.0
Queen's Turf,3,26,0.2692,0.5769,3.7692,7,0.0
ブラーノ,4,26,0.0385,0.2308,7.7692,7,0.0
Switcheroo,1,26,0.0385,0.1154,6.4615,7,0.0
グロースバンダム,3,26,0.0,0.0769,7.2308,7,0.0
サルヴェジェルマニア,2,26,0.1154,0.3462,5.8846,7,0.0
ヴィクタシア,3,26,0.0,0.0385,9.0769,7,0.0
ディアマンボウ,1,26,0.1538,0.2692,8.1923,7,0.0
エレガントソング,2,26,0.0769,0.1154,8.3846,7,0.0
シモーヌ,3,26,0.0,0.0385,9.4615,7,0.0
エスジーブルーム,2,26,0.1154,0.3462,6.8846,7,0.0
エスティタート,2,26,0.1154,0.3846,6.8846,7,0.0
ハートオンウェーブ,7,26,0.0,0.0769,11.5,7,0.0
フレンドスイート,3,26,0.0,0.0,8.5385,7,0.0
グリーンレディ,1,26,0.0769,0.2692,7.0385,7,0.0
デュエット,4,26,0.0,0.0,11.3846,7,0.0
オグリクェスチョン,2,26,0.0385,0.0769,8.9231,7,0.0
オルティア,3,26,0.0385,0.1154,7.5385,7,0.0
ウインブロッサム,1,26,0.1154,0.1923,7.4231,7,0.0
リアライズキボンヌ,4,26,0.1923,0.2308,8.7692,7,0.0
ラビルキン,4,26,0.0769,0.3077,7.1154,7,0.0
エスワイジュピター,4,26,0.0385,0.1154,8.1538,7,0.0
エスケイティアラ,2,26,0.1154,0.3462,7.8462,7,0.0
ピュアダイヤモンド,4,26,0.0385,0.1538,8.0385,7,0.0
レイニータ,5,26,0.0,0.0769,9.3846,7,0.0
スイートトーク,4,26,0.0769,0.1923,9.0,7,0.0
サマーソワレ,4,26,0.1923,0.3077,7.0769,7,0.0
スリータキオン,3,26,0.0,0.1538,9.7692,7,0.0
マザーズデイ,4,26,0.1923,0.3077,6.9231,7,0.0
フジアニバーサリー,1,26,0.0385,0.0769,8.1923,23,0.0
ジュラーレ,1,26,0.0769,0.3077,6.4615,7,0.0
メメクザリアーナ,5,26,0.0769,0.1923,7.9231,7,0.1667
アイビー,5,26,0.0769,0.1154,10.5,7,0.0
アロハ,2,26,0.0,0.1154,7.3462,7,0.0
オペラデイム,3,26,0.0769,0.3462,6.2308,7,0.0
コーリンラヴィアン,5,26,0.0769,0.2692,8.5385,7,0.0
エクスラヴィータ,4,26,0.0385,0.2308,7.5769,7,0.0
レスペランス,4,26,0.1538,0.2692,5.8846,7,0.0
エンシャントアーツ,3,26,0.0385,0.1538,8.8077,7,0.0
ガールズストーリー,2,26,0.0,0.0385,8.4231,7,0.0
シャディーナ,3,26,0.1154,0.1538,9.1923,7,0.0
スイートアマリリス,3,26,0.0385,0.2308,8.4615,7,0.0
サトノハニー,4,26,0.0769,0.1923,8.5769,7,0.0
クラウンモンロー,2,26,0.0385,0.0385,9.1538,7,0.0
グリエルマ,3,26,0.0385,0.0769,8.1538,7,0.0
ニホンピロシュラブ,4,26,0.0,0.0769,8.5769,7,0.0
プリモローズ,6,26,0.0,0.1154,8.3462,7,0.0
テネシーワルツ,4,26,0.0769,0.0769,8.6154,7,0.0
ファニーゴールド,2,26,0.0769,0.2692,6.0385,7,0.0
タガノシビル,6,26,0.0385,0.1538,9.4615,7,0.0
チアリーダー,4,26,0.0,0.0769,9.0385,7,0.0
トーセンロビン,4,26,0.0385,0.2692,6.3846,7,0.3333
ミッキークイーン,4,26,0.2692,0.5385,6.1154,7,0.3333
ダラス,2,26,0.0769,0.1923,8.4231,7,0.0
スイートクラフティ,3,26,0.0,0.1154,9.3846,7,0.0
フュージョン,6,26,0.0,0.0385,9.7692,7,0.0
バブルガムパレス,2,26,0.0385,0.2692,6.5385,7,0.0
ヤマホトトギス,5,26,0.0,0.0,13.1538,7,0.0
ハッピーラベンダー,4,26,0.0385,0.2692,6.6154,7,0.0
ゴールデンハープ,3,26,0.1154,0.2692,6.2692,7,0.0
ライトインパリス,4,26,0.0,0.1538,9.0769,7,0.0
ウェディングバレー,5,26,0.0385,0.1154,8.4231,7,0.0
ウエスタンバリア,3,26,0.0385,0.1154,11.4231,7,0.0
スマートカスタム,5,26,0.0385,0.1923,9.0385,7,0.0
マサコチャン,3,26,0.0769,0.2692,7.0385,7,0.0
ゴールドトパーズ,2,26,0.0,0.1923,8.4231,7,0.0
シラバリー,4,26,0.0769,0.2308,8.2308,7,0.3333
エイシンヴァニラ,3,26,0.0769,0.3077,6.9615,7,0.0
タオヤメ,3,26,0.1154,0.3077,6.7308,7,0.0
ドリーミートーツ,4,26,0.0769,0.1154,9.5769,7,0.0
ヴィンテージドール,2,26,0.1923,0.3846,5.8462,7,0.0
Bal de La Rose,1,26,0.1154,0.3462,6.2308,7,0.0
ニシノプレジール,3,26,0.0385,0.2308,7.3846,7,0.0
ネオザフラッシュ,5,26,0.0,0.0385,10.7308,7,0.0
ダンシングミッシー,6,26,0.0,0.1154,8.3462,7,0.0
パーシーズベスト,3,26,0.0385,0.1538,8.0,7,0.0
サザンギフト,3,26,0.2308,0.3077,8.0,15,1.0
シャンドランジュ,3,26,0.3846,0.5769,5.0385,7,0.6667
ベリーベリータイム,3,26,0.0385,0.2308,6.8462,7,0.0
フィナリザール,3,26,0.1154,0.3077,5.9615,7,0.3333
ニシノマメユリ,4,26,0.0,0.0385,9.1154,7,0.0
パッションロード,3,26,0.0769,0.1154,9.7308,7,0.0
ウォーターアリエル,3,26,0.0,0.1154,8.5,7,0.0
Grandma Martha,1,26,0.0769,0.2692,7.0,7,0.0
ロゼラニ,4,26,0.0385,0.1923,7.8846,7,0.0
シルカズギフト,4,26,0.0385,0.3077,8.1538,7,0.0
デビュタント,5,26,0.0769,0.2692,7.5769,7,0.0
デビュートウショウ,4,26,0.0769,0.1538,10.3077,7,0.0
プルメリアスター,4,26,0.1923,0.4231,5.5,7,0.3333
アバヤ,2,26,0.1538,0.3077,7.4231,7,0.0
ダンスウィズミー,3,26,0.0769,0.1923,8.4615,7,0.0
フィバリッシュ,3,26,0.0385,0.1154,7.1923,7,0.0
Squeeze,2,26,0.1154,0.3077,6.4615,7,0.0
Country Cafe,1,26,0.1538,0.3462,6.6154,7,0.0
ブルームトウショウ,2,26,0.0769,0.1538,9.4615,7,0.5
トシザユカ,5,26,0.0385,0.1538,8.9615,7,0.0
マンダララ,2,26,0.1154,0.4231,5.8077,7,0.0
グラスコマチ,2,26,0.1154,0.4231,6.5,7,0.0
ビートローズ,5,26,0.0,0.0,12.3077,7,0.0
ジョイフルビクトリー,3,26,0.0769,0.2308,6.4615,7,0.0
プリンセスハルカ,1,26,0.0,0.0769,8.8846,7,0.0
スマイリンアスク,6,26,0.0,0.0385,9.6923,7,0.0
フェアレディ,4,26,0.0385,0.3077,5.2308,7,0.0
ダンツライラック,4,26,0.0769,0.2692,8.1154,7,0.3333
Autumnal,2,26,0.0385,0.3462,7.4231,7,0.0
エアシンフォニー,3,26,0.1538,0.2308,7.8462,7,0.5
マイリリー,2,26,0.0,0.0769,7.5,7,0.0
サクラスリール,4,26,0.1538,0.4231,7.3077,7,0.0
Rose Law,1,26,0.1538,0.2692,6.5,7,0.0
ルージュ,5,26,0.0,0.0,10.1923,7,0.0
サウンドガガ,5,26,0.0385,0.0385,11.0385,7,0.0
ミエノサンデー,3,26,0.0769,0.1923,8.5,7,0.0
アイスブレイク,4,26,0.1538,0.3077,7.0385,7,0.25
リリーズキャンドル,4,26,0.1538,0.5769,4.8462,7,0.0
トーセンビート,4,26,0.0769,0.1923,8.2308,7,0.0
ピンクショットガン,3,26,0.0,0.0769,8.7308,7,0.0
ベルネージュ,5,26,0.0769,0.1538,11.0769,7,0.0
ショウナンバーキン,3,26,0.1923,0.3462,6.0385,7,0.3333
アナコンダ,4,26,0.1538,0.1923,8.6538,7,0.0
ハーストーリー,3,26,0.0385,0.1923,7.1154,7,0.0
ワンダースキー,7,26,0.0,0.0769,10.1923,7,0.0
アスカビレン,3,26,0.0769,0.3462,7.8077,7,0.0
ロンドリーナ,2,26,0.1154,0.2692,7.1154,7,0.0
シードパール,4,26,0.0385,0.1538,7.5385,7,0.0
ディープキッス,3,26,0.0769,0.1923,8.4615,7,0.0
ポルボローネ,3,26,0.0385,0.0769,9.3077,7,0.3333
スズカアゼリア,3,26,0.0385,0.1538,7.8077,7,0.0
ザミル,2,26,0.0385,0.1154,8.0385,7,0.0
ミリョク,1,26,0.0769,0.1923,7.0385,23,0.0
スギノフォルモーザ,4,26,0.0385,0.3077,6.9231,7,0.0
モンタナ,3,26,0.0,0.1538,7.0769,7,0.0
シガトカ,3,26,0.0385,0.1154,8.2692,7,0.0
スクリーマー,5,26,0.0,0.0769,9.6538,7,0.0
オンワードファニー,3,26,0.0385,0.2308,8.0385,7,0.0
オルビタル,3,25,0.0,0.12,10.0,7,0.0
ルミエールカフェ,4,25,0.24,0.4,5.0,7,0.25
ドキドキマドンナ,1,25,0.08,0.32,6.76,7,0.0
リーサムガガ,4,25,0.16,0.48,6.44,7,0.0
ダイワノブレス,5,25,0.04,0.2,9.32,7,0.0
シェーネフラウ,2,25,0.0,0.04,10.44,7,0.0
スズカグリーン,4,25,0.04,0.36,6.68,7,0.0
ビューティーモズ,6,25,0.12,0.24,8.2,7,0.0
キュルミナン,3,25,0.0,0.16,7.0,7,0.0
キョウエイカプリス,5,25,0.2,0.44,5.48,7,0.0
ビウイッチアス,5,25,0.0,0.16,9.72,7,0.0
ビアンコカンドーレ,4,25,0.0,0.12,9.48,7,0.0
セトノレンブランサ,5,25,0.0,0.04,9.76,7,0.0
オーサンコンドル,4,25,0.04,0.08,9.76,7,0.0
Howaya Lily,1,25,0.12,0.2,7.68,7,0.0
Honoria,1,25,0.08,0.24,7.68,7,0.0
ラブリーベルナデット,4,25,0.16,0.2,6.96,7,0.0
コスモボヤージュ,2,25,0.04,0.2,8.72,7,0.0
ソソノ,3,25,0.0,0.0,10.04,7,0.0
イブニングジュエル,4,25,0.12,0.2,8.24,7,0.6667
イブキピンクレディ,2,25,0.04,0.2,8.44,7,0.0
カラライナ,4,25,0.08,0.24,6.88,7,0.0
ディナータイム,3,25,0.04,0.2,7.16,7,0.0
スペランツァーレ,3,25,0.08,0.16,7.8,7,0.0
ピンクドッグウッド,2,25,0.12,0.16,7.2,7,0.0
レディージーニアス,2,25,0.04,0.28,7.88,7,0.0
トーセンハピネス,7,25,0.04,0.12,9.48,7,0.0
ホーマンソレイユ,3,25,0.04,0.2,7.36,7,0.0
ピサノアリュメール,7,25,0.0,0.0,11.56,7,0.0
ブライアンマリア,4,25,0.04,0.04,9.76,7,0.0
ショウナンアピア,4,25,0.08,0.24,7.64,7,0.0
River Serenade,1,25,0.12,0.52,5.08,7,0.0
ダンスレッスン,2,25,0.0,0.08,10.52,7,0.0
ハッピーグラス,4,25,0.12,0.24,7.0,7,0.3333
オアシスムーン,3,25,0.0,0.12,7.32,7,0.0
フラウアントゥーム,2,25,0.04,0.12,10.88,7,0.0
ゴールドポイント,5,25,0.08,0.12,9.52,7,0.0
メイショウナナボシ,3,25,0.12,0.24,7.56,7,0.0
アルポルト,3,25,0.0,0.04,8.2,7,0.0
アクアブルーバレー,4,25,0.08,0.12,9.56,7,0.25
トーセンシャイニー,3,25,0.08,0.2,7.72,7,0.0
ブレイクダンサー,5,25,0.0,0.28,7.52,7,0.0
ミスソヴリン,4,25,0.08,0.32,8.32,7,0.0
マイミスリリー,2,25,0.16,0.28,6.36,7,0.0
サクラサクラサクラ,2,25,0.08,0.12,7.36,7,0.0
エアマチュール,5,25,0.0,0.04,11.8,7,0.0
ブリッジトウショウ,2,25,0.08,0.28,6.96,7,0.0
デルマプロティナ,3,25,0.08,0.28,8.08,7,0.0
エイシンアイノウタ,2,25,0.04,0.08,9.56,7,0.0
エイコーンウィル,3,25,0.08,0.2,6.56,7,0.0
タガノデムジュール,1,25,0.08,0.28,6.84,23,0.0
ハッピーペインター,3,25,0.04,0.24,7.76,7,0.0
ハッピーベリンダ,4,25,0.2,0.52,5.08,7,0.3333
ジョイオブフライト,4,25,0.04,0.08,7.6,7,0.0
スマートダイス,4,25,0.08,0.24,9.88,7,0.5
スマートストーム,4,25,0.04,0.2,9.16,7,0.0
ニッセイグリーン,4,25,0.04,0.12,8.96,7,0.0
ウエディングメリー,1,25,0.08,0.4,4.92,23,0.0
シルクフレアー,3,25,0.0,0.08,8.72,7,0.0
ハッピーリクエスト,4,25,0.04,0.12,10.32,7,0.0
ニシノマズルカ,1,25,0.0,0.04,10.84,7,0.0
ロジナン,3,25,0.0,0.12,6.96,7,0.0
ルックオブラヴ,3,25,0.12,0.32,8.36,7,0.0
ベリーキュート,4,25,0.16,0.48,6.04,7,0.0
サザナミ,4,25,0.0,0.04,7.76,7,0.0
ハンナ,5,25,0.04,0.12,7.44,7,0.0
プレイサイレンス,4,25,0.0,0.08,10.56,7,0.0
エイシンテンダー,5,25,0.0,0.16,9.48,7,0.0
トシメロディー,3,25,0.04,0.04,10.64,7,0.0
クラシックルージュ,5,25,0.0,0.04,9.76,7,0.0
ラノララク,2,25,0.0,0.0,9.76,7,0.0
エイシンラトゥナ,4,25,0.0,0.24,7.44,7,0.0
サトノオニキス,3,25,0.0,0.2,7.84,7,0.0
ドリーフォンテイン,4,25,0.12,0.24,6.32,7,0.0
シャルフミニョンヌ,5,25,0.0,0.0,9.16,7,0.0
サザンビューティー,2,25,0.04,0.2,7.64,7,0.0
エイシンルーデンス,5,25,0.04,0.12,7.84,7,0.0
ハリウッドドリーム,4,25,0.08,0.2,8.6,7,0.0
ゼットフーリ,3,25,0.08,0.32,7.16,7,0.0
テイエムサイレン,2,25,0.0,0.16,7.6,7,0.0
ジョイオブライフ,1,25,0.04,0.32,6.88,7,0.0
ライズキッス,3,25,0.04,0.08,8.96,7,0.0
ライトファンタジア,3,25,0.04,0.12,8.28,7,0.0
ウェストレー,3,25,0.04,0.28,6.52,7,0.0
スパイスフェアリー,3,25,0.04,0.2,8.48,7,0.0
イスパニダ,3,25,0.08,0.36,5.44,7,0.0
ジーガーウイング,4,25,0.08,0.08,11.2,7,0.0
ミネット,1,25,0.0,0.24,6.64,7,0.0
サフランブーケ,3,25,0.16,0.32,7.32,7,0.0
エイシンヴァルハラ,2,25,0.04,0.2,7.44,7,0.0
ミッシェルズナイト,3,25,0.04,0.04,10.48,7,0.0
ミッションガール,2,25,0.12,0.16,6.12,7,0.0
レユシット,2,25,0.04,0.2,6.84,7,0.0
ライムスカッシュ,4,25,0.12,0.12,8.56,7,0.0
スローアキッス,3,25,0.0,0.04,10.76,7,0.0
タガノサファイヤ,2,25,0.08,0.16,7.28,7,0.0
ブリオーサ,2,25,0.04,0.16,8.04,7,0.0
トーコーディオーネ,3,25,0.12,0.32,5.96,7,0.5
グランドクララ,3,25,0.12,0.2,7.48,7,0.0
スミレ,4,25,0.2,0.32,5.8,7,0.5
スマートレグルス,3,25,0.12,0.36,5.36,7,0.5
ゴーマギーゴー,4,25,0.12,0.24,7.2,7,0.5
レッツグルーヴ,5,25,0.04,0.12,8.08,7,0.0
トシザミカ,3,25,0.0,0.08,9.24,7,0.0
タイキソレイユ,5,25,0.0,0.2,6.8,7,0.0
シャトーベル,1,25,0.12,0.16,8.32,23,0.0
エンジェルステージ,1,25,0.04,0.24,6.24,7,0.0
レスティヴコマンダ,4,25,0.0,0.04,8.8,7,0.0
Meliora,1,25,0.08,0.28,6.88,7,1.0
Santa Vindi,1,25,0.12,0.4,6.16,7,0.0
テイエムクリスタル,6,25,0.0,0.0,10.44,7,0.0
ローガンサファイア,3,25,0.04,0.2,5.56,7,0.0
フェアリーロンド,4,25,0.0,0.0,10.44,7,0.0
フジチャン,3,25,0.04,0.16,9.28,7,0.0
スラリーアイス,2,25,0.16,0.24,8.12,7,0.0
Debit Or Credit,1,25,0.12,0.44,6.8,7,0.0
Princes Melissa,2,25,0.12,0.28,7.48,7,0.0
サマーセレナーデ,2,25,0.04,0.24,7.44,7,0.0
サプルマインド,3,25,0.12,0.28,6.64,7,0.3333
Entertainment,1,25,0.08,0.48,4.24,7,0.0
Encore,1,25,0.24,0.44,6.08,15,1.0
キシュウマドンナ,4,25,0.04,0.04,9.92,7,0.0
シャトーノワール,3,25,0.04,0.12,7.08,7,0.0
ノベンバーペガサス,5,25,0.0,0.24,7.24,7,0.0
ピュアチャプレット,7,25,0.16,0.48,5.08,7,0.6
フォレストビーナス,5,25,0.0,0.0,10.36,7,0.0
シルクヴェルサイユ,6,25,0.12,0.28,8.24,7,0.0
シルクプレアデス,5,25,0.0,0.12,9.92,7,0.0
シルバーキセキ,5,25,0.0,0.12,8.32,7,0.0
シルバーインゴット,2,25,0.04,0.08,10.12,15,1.0
ホットスウェル,6,25,0.0,0.04,12.16,7,0.0
ペケジェイ,6,25,0.04,0.12,9.92,7,0.25
ナニアヒアヒ,5,25,0.04,0.16,7.48,7,0.0
トモロネヴァノウズ,6,25,0.0,0.04,10.2,7,0.0
トーアシシイ,5,25,0.04,0.32,7.68,7,0.0
Noyelles,2,25,0.2,0.32,6.44,7,1.0
アモーレエテルノ,3,25,0.04,0.4,6.08,7,0.0
トウシンヴィーナス,5,25,0.0,0.08,9.56,7,0.0
トウヨウロイヤル,4,25,0.0,0.0,11.96,7,0.0
スイートプラド,7,25,0.04,0.24,10.76,7,0.0
ダイタクピア,1,25,0.04,0.2,8.36,115,0.0
クィーンヘイロー,4,25,0.0,0.04,9.36,7,0.0
Maria's Dance,1,25,0.24,0.4,5.76,15,1.0
チェルビム,6,25,0.04,0.04,10.8,7,0.0
セイウンヒメラギ,5,25,0.0,0.0,9.4,7,0.0
ナイスカット,3,25,0.04,0.2,7.2,7,0.0
ナイキステイブル,1,25,0.04,0.08,8.2,7,0.0
Sweeter Still,1,25,0.16,0.32,6.72,15,1.0
Surround Sound,1,25,0.12,0.4,6.16,7,0.0
Into Reality,1,25,0.08,0.32,7.24,7,0.0
タバスコリエ,3,25,0.04,0.04,10.8,7,0.0
ファストフレンド,1,25,0.12,0.32,7.16,7,0.0
コートアウト,2,25,0.04,0.2,8.08,23,0.0
アデレードヒル,3,25,0.2,0.68,3.92,7,0.0
テーオーレイチェル,4,25,0.16,0.16,7.8,7,0.25
エジル,3,25,0.12,0.2,7.24,7,0.0
キタサンユキ,5,25,0.0,0.08,8.2,7,0.0
スイートメロディー,1,25,0.04,0.16,6.8,7,0.0
スターズバース,3,25,0.16,0.32,7.0,7,0.6667
エスペラーダ,3,25,0.0,0.0,9.6,7,0.0
ヒシアリアケ,2,25,0.0,0.08,8.36,7,0.0
ワンダフルタイム,1,25,0.08,0.08,7.56,7,0.0
ワンズガーホッド,4,25,0.04,0.12,8.16,7,0.0
バロネッセ,3,25,0.08,0.36,5.68,7,0.0
メイショウワゴコロ,4,25,0.04,0.16,8.4,7,0.3333
シンデレラ,3,25,0.08,0.32,7.6,7,0.0
シンプルザベスト,1,25,0.04,0.04,8.28,7,0.0
デックドアウト,5,25,0.12,0.16,8.28,7,0.25
メジロレーマー,2,25,0.04,0.12,8.72,7,0.0
フリージアコート,4,25,0.0,0.08,9.92,7,0.0
アトラクティヴレディ,3,25,0.04,0.08,8.04,7,0.0
トゥルーロマンス,1,25,0.16,0.56,3.92,7,0.0
ナリタモード,3,25,0.12,0.36,6.12,7,0.0
ハイヨーシルバー,4,25,0.04,0.04,9.84,7,0.25
アグネスフェアリー,2,25,0.0,0.16,6.84,7,0.0
サンタママ,1,25,0.08,0.48,4.28,131,0.0
サンデーエイコーン,3,25,0.04,0.08,9.04,7,0.0
キープシークレット,3,25,0.16,0.32,7.44,7,0.3333
アイペイバック,1,25,0.04,0.2,8.4,7,0.0
セイウンデライラ,3,25,0.08,0.16,9.36,7,0.0
ラインハート,3,25,0.0,0.08,8.84,7,0.0
タップゴールド,1,25,0.16,0.52,4.64,7,0.0
ホシニイノリヲ,4,25,0.32,0.36,5.16,7,0.0
レッドプラネット,1,25,0.08,0.2,7.4,7,0.0
エディンバラ,5,25,0.08,0.24,7.56,7,0.0
レオティアラ,6,25,0.0,0.04,10.68,7,0.0
フジヤマサクラ,3,25,0.08,0.2,8.28,7,0.0
キネオスイトピー,3,25,0.0,0.0,11.56,7,0.0
レイナアラ,4,25,0.04,0.08,9.08,7,0.0
キモンプライド,3,25,0.0,0.04,8.84,7,0.0
サンマルベラータ,1,25,0.04,0.2,7.04,7,0.0
Malibu Pier,2,25,0.08,0.4,6.56,7,0.5
ケンブリッジデイズ,3,25,0.0,0.08,8.72,7,0.0
プラティーヌ,1,25,0.08,0.28,8.2,7,0.0
ケイティクロス,1,25,0.08,0.28,6.28,7,0.0
オーミポルカ,3,25,0.08,0.08,9.2,7,0.0
コンゴウアンゲルス,4,25,0.04,0.12,8.12,7,0.0
ニュアージュドール,4,25,0.12,0.32,6.0,7,0.0
ニホンピロヘーゼル,4,25,0.04,0.08,8.32,7,0.0
ビキニクィーン,5,25,0.04,0.2,9.0,7,0.0
トウカイレジーナ,5,25,0.0,0.08,8.64,7,0.0
ベコニングキャット,3,25,0.08,0.16,8.28,7,0.0
スカーレットリング,4,25,0.0,0.04,7.96,7,0.0
スカーレット,4,25,0.48,0.84,3.28,7,0.0
ミレニアムポップ,1,25,0.12,0.48,5.24,7,0.0
キャンディバローズ,3,25,0.12,0.32,7.4,7,0.3333
ポーカーアリス,4,25,0.08,0.24,9.12,7,0.25
ミリオンセラー,4,25,0.0,0.0,10.8,7,0.0
タイクローサ,3,25,0.0,0.08,9.44,7,0.0
ブルーインザスカイ,4,25,0.08,0.4,5.96,7,0.0
エムオーミラクル,2,25,0.08,0.2,8.92,7,0.0
サンレイジャスパー,1,25,0.04,0.12,6.48,15,1.0
ポッドルージュ,2,25,0.0,0.16,7.2,7,0.0
アラタマデジタル,4,25,0.0,0.08,8.6,7,0.0
オータムカラー,6,25,0.04,0.04,8.24,7,0.0
オースミフブキ,3,25,0.04,0.08,7.88,7,0.0
シーサイドホーム,3,25,0.04,0.48,5.72,7,0.0
ルビーマイディア,2,25,0.0,0.28,6.72,7,0.0
ジターナフォンテン,1,25,0.04,0.36,5.96,7,0.0
レディアドバンス,3,25,0.0,0.04,9.24,7,0.0
ハルカ,4,25,0.0,0.08,10.36,7,0.0
ウィアーワン,5,25,0.0,0.12,7.68,7,0.0
アイムユアドリーム,2,25,0.16,0.28,6.88,7,0.0
チャーミングオーラ,5,25,0.0,0.12,8.2,7,0.0
アステリオン,4,25,0.08,0.2,9.32,7,0.0
ラブリランテ,2,25,0.04,0.2,7.72,7,0.0
ラストエンジェル,3,25,0.04,0.16,8.52,7,0.0
コスモディアレスト,3,25,0.0,0.36,5.64,7,0.0
セラフ,2,25,0.04,0.2,8.96,7,0.0
オレンジピール,2,25,0.0,0.24,5.76,7,0.0
イントゥザストーム,4,24,0.0417,0.0833,9.375,7,0.0
ラストマイア,3,24,0.0,0.0833,9.0833,7,0.0
ラジョワ,3,24,0.0,0.0417,10.375,7,0.0
ヴェネーノ,3,24,0.0417,0.125,7.2083,7,0.0
レッドレネット,3,24,0.0,0.0833,7.75,7,0.0
ドゥルセデレーチェ,5,24,0.0,0.125,9.375,7,0.0
エメラルストーン,2,24,0.0,0.0833,8.5833,7,0.0
スカルプトレス,3,24,0.0417,0.1667,7.7917,7,0.0
Siren Cove,1,24,0.1667,0.25,7.9167,15,1.0
ロングモニュメント,3,24,0.0417,0.1667,8.4167,7,0.0
チャームエンジェル,5,24,0.125,0.25,6.7917,7,0.0
スマートシャワー,6,24,0.0,0.2083,8.4583,7,0.0
スマートパンドラ,3,24,0.0417,0.25,8.1667,7,0.0
ウエルシュクイーン,3,24,0.0833,0.1667,9.0417,7,0.5
カラフル,1,24,0.0417,0.2083,6.4583,7,0.0
ローズストリート,2,24,0.25,0.4167,5.875,7,0.0
ベルモントデーンズ,1,24,0.0417,0.25,7.9167,7,0.0
アルマシャウラ,2,24,0.0,0.125,7.0833,7,0.0
ヒップホップスワン,2,24,0.125,0.5,4.5,7,0.0
Spark Sept,1,24,0.0833,0.2917,8.125,7,0.0
フロムアップランド,4,24,0.0,0.125,9.3333,7,0.0
サーレムフォレスト,2,24,0.0417,0.0833,9.4167,7,0.0
ミルフィーユ,3,24,0.0417,0.2083,9.375,7,0.0
ラブリーアイ,1,24,0.0,0.0417,8.0417,7,0.0
ザマンダ,4,24,0.0833,0.1667,8.2083,7,0.0
スマイルユー,2,24,0.0,0.1667,7.4167,7,0.0
ゴールドピアース,1,24,0.0833,0.25,8.25,7,0.0
カドバン,4,24,0.0,0.125,9.125,7,0.0
アグネスダリム,3,24,0.125,0.2917,6.0833,7,0.0
カスタディーヴァ,3,24,0.0,0.2083,7.25,7,0.0
パキータ,2,24,0.0833,0.2083,7.7083,7,0.0
バンボッシュ,4,24,0.0,0.0833,8.9583,7,0.0
フレイミングクリフス,5,24,0.0,0.0,10.625,7,0.0
トーセンキャッスル,4,24,0.0417,0.0833,8.8333,7,0.0
レインボーハート,5,24,0.0417,0.0417,11.8333,7,0.25
ラブインザミスト,5,24,0.0,0.0417,11.25,7,0.0
ブリリアントノバ,4,24,0.0833,0.25,7.25,7,0.0
アカリ,5,24,0.0,0.0833,10.25,7,0.0
スズカマドンナ,5,24,0.0833,0.125,9.1667,7,0.0
ヘニーズソング,4,24,0.0,0.125,7.7083,7,0.0
キョウワオーシャン,2,24,0.0417,0.0833,7.875,7,0.0
ノンストップラブ,3,24,0.0417,0.125,8.4167,7,0.0
Stopchargingmaria,1,24,0.0833,0.25,6.375,7,0.0
ウシュアイア,4,24,0.0,0.0833,8.0833,7,0.0
マキバノオトメ,1,24,0.0417,0.0833,8.625,7,0.0
マルルー,3,24,0.1667,0.25,7.1667,7,0.0
ハリウッドナニー,6,24,0.0,0.125,9.875,7,0.0
ワイングラス,2,24,0.0417,0.125,8.75,7,0.0
スペシャルビビー,4,24,0.0833,0.0833,10.1667,7,0.3333
ウルトラスキー,2,24,0.0417,0.3333,7.0417,7,0.0
ラウブレック,3,24,0.0417,0.125,8.6667,7,0.0
ウインアルエット,4,24,0.0417,0.375,6.5,7,0.0
ケージーダンサー,1,24,0.0417,0.1667,8.4167,7,0.0
ラブリープリンセス,3,24,0.0833,0.3333,7.0417,7,0.0
Her Smile,1,24,0.125,0.4167,6.7917,15,1.0
フサイチケリー,3,24,0.0,0.0,10.2917,7,0.0
ブルーアイ,3,24,0.1667,0.3333,7.3333,7,0.0
パテントジョイ,2,24,0.0833,0.3333,5.6667,7,0.0
ミエノプリンプリン,5,24,0.0,0.0,10.8333,7,0.0
マージナルグラマー,5,24,0.0417,0.0833,10.3333,7,0.0
マルモレイナ,3,24,0.0833,0.3333,7.5,7,0.0
アイライン,2,24,0.2083,0.375,7.3333,7,0.5
オスカル,2,24,0.0417,0.125,8.2083,7,0.0
メモリービジュアル,3,24,0.0833,0.125,9.1667,7,0.0
エアディケム,4,24,0.0,0.0833,7.7083,7,0.0
サクラジュノー,5,24,0.0417,0.2083,7.2917,7,0.0
レッドジュピター,4,24,0.0833,0.1667,7.5833,7,0.0
ファリシーク,4,24,0.0,0.0833,9.8333,7,0.0
カンカンガール,4,24,0.0417,0.3333,7.875,7,0.0
ナリタスカイ,4,24,0.0417,0.1667,7.8333,7,0.0
Song of Africa,1,24,0.1667,0.4583,6.4583,15,1.0
キネオダンサー,4,24,0.0833,0.2083,8.6667,7,0.0
ダイヤモンドパール,2,24,0.0833,0.1667,8.2917,7,0.0
ネオフェリーク,6,24,0.0,0.0417,9.875,7,0.0
Beauty and Light,1,24,0.2083,0.375,7.4583,7,0.0
Beautyandthebeast,1,24,0.0,0.1667,7.5833,7,0.0
トウカイメリー,2,24,0.0833,0.125,8.2917,7,0.0
ベルフィーチャー,3,24,0.0417,0.0833,7.9583,7,0.0
ディーズプラネット,3,24,0.125,0.3333,6.4583,7,0.0
ビーフェアー,5,24,0.0,0.0833,9.6667,7,0.0
ウインミレーユ,3,24,0.0417,0.0417,7.8333,7,0.0
フルールシチー,4,24,0.2083,0.2917,7.7083,7,0.0
リスクオン,5,24,0.0,0.0417,11.0,7,0.0
クレスコティアラ,5,24,0.0,0.0,10.3333,7,0.0
ソルティビッド,4,24,0.0417,0.2083,7.1667,7,0.0
ラクレソニエール,4,24,0.0833,0.2083,8.5,7,0.5
セクレタ,3,24,0.125,0.2917,7.2917,7,0.0
ケリーメイ,3,24,0.0833,0.2917,7.9167,7,0.0
ハリケーンフラッグ,6,24,0.0833,0.3333,7.7083,7,0.0
コズミックショア,4,24,0.0,0.2917,6.7083,7,0.0
ミラクルケープ,3,24,0.0,0.0833,8.9167,7,0.0
エフティアクトレス,4,24,0.0,0.0833,7.9167,7,0.0
レインリバー,6,24,0.0,0.0833,8.0833,7,0.0
デアリングヴァース,4,24,0.0,0.0,12.0,7,0.0
ソルトオブジアース,3,24,0.0833,0.1667,8.0417,7,0.0
クロノグラフ,3,24,0.0,0.0833,9.25,7,0.0
Aspenglow,1,24,0.0833,0.1667,8.0,15,1.0
スプリングミント,2,24,0.0833,0.1667,9.7917,7,0.0
カンタトリーチェ,3,24,0.0417,0.125,8.4167,7,0.0
カーディナルローズ,2,24,0.0,0.0,11.125,7,0.0
トーセンベルファム,3,24,0.0833,0.0833,8.4583,7,0.0
ブライダルソング,6,24,0.0,0.125,10.6667,7,0.0
ブライティアスター,1,24,0.0833,0.2917,7.375,7,0.0
スリーアフロディテ,4,24,0.125,0.5,5.5,7,0.4
キタサンメッセージ,4,24,0.0,0.25,6.6667,7,0.0
キハク,3,24,0.0,0.125,7.2917,7,0.0
Ever So,1,24,0.0417,0.2083,7.625,15,1.0
エバーキュート,1,24,0.0833,0.3333,6.2083,7,0.0
ノットローズハート,2,24,0.0417,0.1667,7.6667,7,0.0
スタートラッカー,4,24,0.0833,0.25,9.4167,7,0.0
Fair Huntress,1,24,0.1667,0.25,7.625,7,0.0
アクセレラン,3,24,0.125,0.2917,8.2917,7,0.0
フォーエバーモア,3,24,0.125,0.375,6.0833,7,0.3333
ナチュラルブリッジ,5,24,0.0417,0.2083,8.3333,7,0.0
レディアマポーラ,3,24,0.0417,0.0833,8.0417,7,0.0
マッキーアイドル,5,24,0.0,0.0417,9.9583,7,0.0
オーラレガーレ,4,24,0.0,0.25,7.7083,7,0.0
オースミミズホ,5,24,0.0417,0.0417,9.4167,7,0.0
ヤマカツナタリー,6,24,0.0,0.0,10.2917,7,0.0
エピックマジック,3,24,0.0,0.0833,8.25,7,0.0
アマルティア,2,24,0.0417,0.2083,6.0,7,0.0
タイキポーラ,4,24,0.0417,0.0833,8.875,7,0.0
タイキマロン,4,24,0.125,0.4167,6.6667,7,0.25
バズローリング,5,24,0.0,0.1667,9.125,7,0.0
グリーンモネ,3,24,0.0833,0.1667,9.3333,7,0.0
ジュウモンジ,2,24,0.0833,0.2083,8.25,7,0.0
マイネリスペクト,3,24,0.0417,0.25,7.0,7,0.3333
アイノサウスポー,3,24,0.0417,0.0833,10.5417,7,0.0
プレアデス,4,24,0.0,0.0833,11.4583,7,0.0
ニシノミストレス,2,24,0.0417,0.2917,6.5,7,0.0
バトルムーングロウ,3,24,0.0,0.1667,7.9583,7,0.0
ダンシングドミニア,1,24,0.1667,0.25,7.5,7,0.0
デルニエオール,2,24,0.0417,0.0833,8.5833,7,0.0
エンパイアブルー,2,24,0.125,0.5833,4.2917,7,0.0
ヤマニンスプラウト,5,24,0.0,0.0,14.2083,7,0.0
ハートヴァイン,8,24,0.0,0.0833,10.7083,7,0.0
トゥルーストーリー,3,24,0.0833,0.0833,8.5,7,0.0
ボンヌマール,4,24,0.0417,0.0417,11.125,23,0.0
フェミニンタッチ,3,24,0.0833,0.3333,6.7083,7,0.0
プロヴァンス,4,24,0.0,0.0,11.25,7,0.0
サンシャインキッス,1,24,0.125,0.2083,8.0,7,0.0
ホウライマリーン,2,24,0.0833,0.125,10.0417,7,0.0
ティズウインディ,5,24,0.125,0.125,8.5833,7,0.25
アンペア,1,24,0.0833,0.1667,6.9167,7,0.0
アースライズ,3,24,0.2083,0.75,3.7917,7,0.3333
Double Date,1,24,0.125,0.2917,6.2917,7,0.0
トスカーナ,6,24,0.0,0.0417,11.125,7,0.0
アヴニールセルタン,2,24,0.3333,0.5417,4.625,7,1.0
アルクトゥルス,3,24,0.0,0.0417,11.8333,7,0.0
アンジェロファニー,5,24,0.0417,0.125,8.4167,7,0.0
チャーミングギャル,3,24,0.0,0.0833,9.0417,7,0.0
ペプチドガーネット,3,24,0.0,0.1667,9.4583,7,0.0
ハッピーセーラー,3,24,0.0417,0.25,7.5,7,0.0
メカマハロ,4,24,0.0417,0.1667,10.75,7,0.0
エストレーラ,4,24,0.0417,0.0833,8.8333,7,0.0
プレイザフィールド,3,24,0.0,0.2083,7.9583,7,0.0
クリノクロフネ,3,24,0.0417,0.0833,9.4583,7,0.0
モエレカントリー,1,24,0.125,0.4583,5.75,7,0.0
ベラミロード,3,24,0.0417,0.1667,8.8333,7,0.0
モエレマリーア,1,24,0.0417,0.0833,9.125,7,0.0
ラブミーダン,3,24,0.0417,0.0833,9.375,7,0.0
テイエムオペレッタ,6,24,0.0417,0.25,7.4167,7,0.0
テイエムクラウン,3,24,0.0,0.0417,8.75,7,0.0
フォレノワール,3,24,0.0,0.1667,7.5417,7,0.0
レッドミュール,4,24,0.0417,0.25,6.625,7,0.25
ニーレンベルギア,4,24,0.0417,0.2917,7.1667,7,0.0
ドラゴンハピネス,2,24,0.0,0.375,6.75,7,0.0
ミヤビアルカディア,1,24,0.0417,0.0833,10.2917,7,0.0
モトカ,3,24,0.0417,0.0833,9.875,7,0.0
コートシャルマン,3,24,0.0833,0.25,7.3333,7,0.5
ティアレ,3,24,0.0417,0.0833,8.0833,7,0.0
ブライトキャップ,4,24,0.0,0.0417,8.7917,7,0.0
Indylyn,1,24,0.0417,0.0833,9.2083,7,0.0
ロトクレドール,3,24,0.0,0.0,10.5417,7,0.0
ロビングショット,3,24,0.0,0.125,8.9167,7,0.0
マイネナデシコ,5,24,0.0417,0.1667,10.0833,7,0.0
マイネチリペッパー,3,24,0.0,0.0,9.5417,7,0.0
クリスマスツリー,3,24,0.0,0.0417,7.5833,7,0.0
サッサイア,4,24,0.0,0.125,8.4583,7,0.0
ミスベルベール,5,24,0.0,0.0417,12.0417,7,0.0
プレシャスマンデー,1,24,0.0833,0.1667,7.625,23,0.0
タイキジャンヌ,2,24,0.0417,0.2083,7.875,7,0.0
ダノンベルベール,5,24,0.0,0.0417,10.2917,7,0.0
イカガデスカ,4,24,0.0417,0.0833,10.25,7,0.0
アトムチェリー,3,24,0.125,0.125,10.5833,7,0.0
ナムラナデシコ,2,24,0.0417,0.1667,8.0417,7,0.0
ヤマノグラス,6,24,0.0,0.125,9.3333,7,0.0
クォーク,4,24,0.125,0.1667,8.5,7,0.25
エイシンパンサー,3,24,0.2083,0.2917,7.375,7,0.0
ニシノフィオーリ,3,24,0.0,0.2083,7.25,7,0.0
マルタカウィーラ,2,24,0.0,0.2083,8.0,7,0.0
プラリーヌ,4,24,0.0417,0.125,8.2083,7,0.0
ラインクリスタル,4,24,0.0,0.125,9.7083,7,0.0
ライラムーン,2,24,0.0417,0.1667,6.8333,7,0.0
デザートレジーナ,3,24,0.125,0.3333,6.1667,7,0.0
ダイアンスマイル,7,24,0.0417,0.125,9.1667,7,0.0
ダイイチアピール,2,24,0.0417,0.1667,7.4583,7,0.0
イシノエストック,4,24,0.0417,0.1667,7.4167,7,0.0
クライフォージョイ,4,24,0.0,0.1667,8.3333,7,0.0
Mayomast,1,24,0.2083,0.4167,4.3333,7,0.0
トーホウクラウン,1,24,0.0417,0.1667,7.0417,7,0.0
トーホウシャイン,5,24,0.0417,0.25,7.875,7,0.0
クノッソス,2,24,0.0,0.0417,8.125,7,0.0
ベユーズラッシー,4,24,0.0,0.125,7.4583,7,0.0
Satsuma,1,24,0.125,0.2083,8.0,15,1.0
Ruthian,1,24,0.125,0.3333,6.5,7,0.0
ファンキートット,3,24,0.0833,0.25,7.5,7,0.0
レモンチャン,2,24,0.0833,0.1667,9.375,7,0.0
スイートカフェ,3,24,0.0833,0.2083,7.375,7,0.0
シャドーウィップ,4,24,0.0,0.0,9.75,7,0.0
スーパーマダム,4,24,0.25,0.4583,6.4583,7,0.5
ヒカルヤマト,1,24,0.0,0.0417,9.0,23,0.0
グロリアスバラッド,4,24,0.0,0.0,10.4167,7,0.0
コンペリングリーズン,4,24,0.1667,0.2083,8.0833,7,0.5
ガールズバンド,3,24,0.0417,0.25,6.375,7,0.0
ヴィリア,2,24,0.0833,0.2083,8.6667,7,0.0
ビッグスマイル,2,24,0.0417,0.25,5.9583,7,0.0
Gold Glimmer,2,24,0.0417,0.1667,9.25,7,0.0
リーサ,2,24,0.0,0.2917,5.875,7,0.0
カフラピコ,2,24,0.0833,0.2083,7.4167,7,0.0
マーシフルレイン,3,24,0.0,0.0,9.4583,7,0.0
ベレスプリ,3,24,0.0417,0.1667,7.5833,7,0.0
ベンテンヒカル,3,24,0.0,0.2083,6.75,7,0.0
シルクサファイア,3,24,0.0417,0.1667,9.2917,7,0.0
レッドヴィラーゴ,2,24,0.125,0.5,5.9167,7,0.0
ハイキートーン,5,24,0.0417,0.0833,7.4167,7,0.0
コスモメルベーユ,4,24,0.0,0.0,12.0,7,0.0
ディープスマート,2,24,0.0417,0.0417,9.0,7,0.0
Ilikecandy,1,24,0.1667,0.5,6.4167,7,0.0
オーサムウインド,3,24,0.2083,0.5,4.5,7,0.6667
ホウオウパフューム,2,24,0.0833,0.2917,6.8333,7,0.0
ペルファヴォーレ,4,24,0.0833,0.0833,7.7083,7,0.0
オレンジパラダイス,3,24,0.0833,0.1667,8.25,7,0.0
ヴェルジョワーズ,4,23,0.0,0.1739,8.8261,7,0.0
ケーズノーツ,3,23,0.0,0.1739,7.7391,7,0.0
プティトシャンティ,4,23,0.087,0.3478,6.9565,7,0.0
Temple Street,1,23,0.2174,0.4348,5.6957,23,0.0
オルフィーク,3,23,0.0,0.3478,7.5217,7,0.0
ローザフェリーチェ,4,23,0.1304,0.6087,4.4348,7,0.25
レッドヴァージン,3,23,0.1304,0.3913,6.1739,7,0.0
Honorable Peace,1,23,0.0435,0.087,9.913,7,0.0
ナチュラルスタイル,3,23,0.1304,0.3478,5.0435,7,0.3333
レッドロザリオ,6,23,0.0,0.0,11.7826,7,0.0
チャームスター,2,23,0.2174,0.5217,4.913,7,0.0
アタブ,3,23,0.2174,0.5217,5.1304,7,0.0
アルマク,5,23,0.0435,0.087,10.5652,7,0.0
カフジサファイア,4,23,0.0435,0.1739,8.0435,7,0.0
アドマイヤヒナタ,5,23,0.0,0.1739,8.2609,7,0.0
アドマイヤファイン,4,23,0.0435,0.0435,10.5652,7,0.0
スマートアルファ,4,23,0.087,0.2174,6.3478,7,0.0
スマートアンカー,5,23,0.087,0.1304,8.7826,7,0.25
Gold N Shaft,1,23,0.0,0.087,7.8696,7,0.0
アルマクロア,3,23,0.0435,0.087,10.0435,7,0.0
ブライティアトップ,4,23,0.0,0.0,9.7826,7,0.0
フロリアード,4,23,0.087,0.2174,7.9565,7,0.3333
キンショーダリヤ,5,23,0.0435,0.087,9.0,7,0.2
ビナセブン,3,23,0.087,0.2609,6.8261,7,0.0
エレディア,2,23,0.0435,0.4348,5.5217,7,0.0
モズラコルタ,5,23,0.087,0.1739,8.913,7,0.0
エンジェルインザモーニング,1,23,0.0435,0.2174,8.0435,7,0.0
サトノフォワード,3,23,0.0,0.1304,9.2609,7,0.0
ビットレート,4,23,0.087,0.3478,7.2609,7,0.25
エクボ,3,23,0.0435,0.2609,7.2174,7,0.0
ヒシワンスモア,1,23,0.1304,0.4348,5.087,7,0.0
エンドレストライ,3,23,0.0435,0.087,8.4783,7,0.0
メイショウアレーナ,6,23,0.0435,0.1739,8.0,7,0.25
ガバーナ,2,23,0.087,0.3478,5.2174,7,0.0
レイクミード,5,23,0.0435,0.1739,9.3043,7,0.0
ダイアゴネル,5,23,0.0,0.2174,7.5217,7,0.0
ウインティアラ,2,23,0.0,0.1739,8.1739,7,0.0
リマンドインパクト,8,23,0.0,0.0,11.7391,7,0.0
セインツプレイ,4,23,0.0435,0.087,9.8261,7,0.0
ニュウモダン,1,23,0.0435,0.0435,10.3478,23,0.0
ラインクラージュ,1,23,0.087,0.2609,7.4783,7,0.0
ウイングステルス,4,23,0.0435,0.3478,4.8696,7,0.0
ウインゼフィール,3,23,0.0,0.0435,8.8261,7,0.0
スルターナ,2,23,0.1304,0.3043,7.5652,7,0.0
アンクレット,4,23,0.0,0.0435,10.4348,7,0.0
カサブランカスマイル,7,23,0.0435,0.1739,9.5652,7,0.0
エイシンヘーベ,3,23,0.0435,0.1304,8.5652,7,0.0
ユアスイスイ,2,23,0.1304,0.3913,4.9565,7,0.5
クラシックス,2,23,0.3043,0.6087,4.3043,7,0.0
ピュアライン,4,23,0.0435,0.1304,8.4783,7,0.0
ステディプロスペクト,3,23,0.087,0.3478,7.0,7,0.0
プレノタート,6,23,0.0,0.087,8.2609,7,0.0
エコパン,2,23,0.0435,0.3043,6.4348,7,0.0
ヤマニンバステト,5,23,0.1739,0.2609,7.0435,7,0.25
ビップフライト,3,23,0.0,0.0435,8.913,7,0.0
プレゼンスブルー,2,23,0.0,0.0435,9.7826,7,0.0
タイキシャレード,1,23,0.0,0.1739,7.7391,131,0.0
ブルーブラッド,3,23,0.0,0.2174,8.4348,7,0.0
ブルーチャーム,1,23,0.0435,0.1739,7.4348,7,0.0
フレンドリーマナー,2,23,0.0435,0.087,9.0,7,0.0
アポロフィオリーナ,4,23,0.087,0.3478,7.5217,7,0.3333
グレースバニヤン,3,23,0.087,0.2174,6.9565,7,0.0
ナムラボルテージ,4,23,0.0435,0.1739,8.0435,7,0.25
バルスピュール,5,23,0.0435,0.087,8.6522,7,0.0
エイブルインレース,3,23,0.0,0.3043,5.3913,7,0.0
Melito,1,23,0.2174,0.4783,5.9565,7,0.0
シャープキック,2,23,0.1304,0.2609,7.2174,7,0.0
ハーランズワンダー,4,23,0.0,0.2174,6.5652,7,0.0
シャンテクレール,4,23,0.087,0.3043,7.5217,7,0.0
サトノアリシア,3,23,0.1304,0.3043,5.6522,7,0.5
センボンザクラ,3,23,0.0,0.1739,8.8696,7,0.0
メジロホリデイ,1,23,0.1304,0.2174,7.2174,15,1.0
アースツリー,2,23,0.087,0.1739,8.4348,7,0.0
ドラゴンアリー,2,23,0.087,0.087,8.913,7,0.5
トーホウロサード,3,23,0.0435,0.2609,7.913,7,0.0
レジデンス,5,23,0.0,0.2609,6.7826,7,0.0
ベストマテリアル,4,23,0.0,0.1739,8.913,7,0.0
Wicked Temper,1,23,0.087,0.3478,6.8696,7,0.0
カクテルサンディ,2,23,0.0,0.1304,7.087,7,0.0
ミセスワタナベ,3,23,0.087,0.1739,6.7826,7,0.0
エイシンフレア,1,23,0.0435,0.3913,5.0,7,0.0
プレイプリティー,3,23,0.087,0.1304,8.9565,7,0.0
サトノジェイド,4,23,0.087,0.3043,6.6087,7,0.0
シャドウキャスター,6,23,0.0,0.1304,8.6087,7,0.0
ロイヤルメジャー,2,23,0.0,0.1304,9.0435,7,0.0
スイートスズラン,3,23,0.1304,0.2174,7.1739,7,0.0
ストライキングアイ,4,23,0.087,0.3478,6.7826,7,0.0
フラワーファースト,3,23,0.0,0.0435,8.087,7,0.0
ハッピートーク,4,23,0.0435,0.2174,8.0,7,0.0
ダノンジュエル,5,23,0.0,0.087,8.6957,7,0.0
ヒサクィーン,3,23,0.0435,0.1304,9.913,7,0.0
Entreat,1,23,0.1739,0.3913,6.2174,7,0.0
ハンプトンコート,2,23,0.0,0.2174,7.8261,7,0.0
ハヴユーゴーンアウェイ,4,23,0.1304,0.4348,5.5217,7,0.0
シャンハイファスト,2,23,0.0435,0.087,9.3043,7,0.0
シャンパンサーベル,4,23,0.0435,0.087,9.1304,7,0.0
ネットオークション,2,23,0.0435,0.087,8.7826,7,0.0
シルヴァーコード,4,23,0.0435,0.2174,6.8261,7,0.0
ライブリハート,2,23,0.0435,0.2609,7.0,7,0.0
チェリーヒロイン,3,23,0.1304,0.3043,6.1739,7,0.0
レッドラフィーネ,3,23,0.0435,0.2174,6.5652,7,0.0
マリスレーン,3,23,0.1304,0.3913,5.0435,7,0.0
ジャスミンリーフ,3,23,0.0435,0.0435,11.6087,7,0.0
デコルテ,4,23,0.0435,0.2174,8.7826,7,0.0
オーバーザスカイ,1,23,0.0435,0.2609,6.9565,23,0.0
レアクラシック,3,23,0.0,0.2174,7.3478,7,0.0
Two Bad Girls,1,23,0.0,0.1739,7.1739,7,0.0
L'Arc,2,23,0.0435,0.3043,5.8261,7,0.0
ニシノマイヒメ,4,23,0.0435,0.087,9.8696,7,0.0
エアラグドール,3,23,0.1304,0.1304,9.1739,7,0.0
Cocoa Cowgirl,1,23,0.1304,0.3043,8.1304,7,0.0
マイネプルメリア,6,23,0.0,0.0,10.3478,7,0.0
クリノハイスバル,6,23,0.0435,0.0435,11.0435,7,0.0
ネックレス,4,23,0.0435,0.1304,8.7391,7,0.0
カーリング,2,23,0.0435,0.2609,7.0,67,0.0
アルケミスト,4,23,0.0,0.0435,9.2609,7,0.0
ダイイチコパン,2,23,0.087,0.1739,8.0,7,0.0
ティアップダイヤ,5,23,0.0435,0.1739,9.2609,7,0.0
アンジェルブ,4,23,0.0,0.0435,9.2174,7,0.0
シーサイドエンゼル,1,23,0.087,0.2609,7.0,23,0.0
タイキマフィン,1,23,0.0435,0.0435,11.3043,7,0.0
エピーメロン,2,23,0.1304,0.2174,6.8696,7,0.0
シニョリーナ,3,23,0.1739,0.4783,5.1739,7,0.0
グレイトフルレガロ,5,23,0.087,0.1304,8.913,7,0.0
トモトモリバー,2,23,0.1739,0.4783,4.1304,7,0.0
カシマトレジャー,6,23,0.0435,0.1739,10.4783,7,0.0
カジノスマイル,2,23,0.1739,0.2609,7.4348,7,0.0
サクラロマンス,1,23,0.1304,0.2609,7.2609,43,0.0
フレンチアイドル,3,23,0.0435,0.1304,8.913,7,0.0
ミヤビキララ,5,23,0.0435,0.1304,9.3043,7,0.3333
ヴァインストリート,1,23,0.1304,0.3478,6.6957,7,0.0
ミヤジアイ,3,23,0.087,0.1739,8.0,7,0.0
ニシノキュベレー,2,23,0.0435,0.1739,8.5652,7,0.0
クイックリプライ,3,23,0.0,0.0,10.913,7,0.0
クインズフラッグ,1,23,0.0,0.087,7.6957,23,0.0
ローンリリー,2,23,0.087,0.2609,6.6522,7,0.0
アグネスメープル,4,23,0.0435,0.0435,9.9565,7,0.3333
River Belle,2,23,0.2609,0.4348,6.1304,7,1.0
カレイジャスミン,5,23,0.0,0.0435,8.9565,7,0.0
スリーソウツ,2,23,0.1304,0.2609,9.2609,7,0.0
スレバルナ,4,23,0.0435,0.1304,9.3043,7,0.0
プリマーベル,3,23,0.0435,0.0435,8.6957,7,0.0
Arrested Dreams,1,23,0.0435,0.2174,6.913,7,0.0
ハタノメドゥーサ,4,23,0.0,0.0435,10.2174,7,0.0
エルゴレア,3,23,0.0435,0.0435,9.3913,7,0.0
プンターレ,2,23,0.087,0.3478,6.1739,7,0.0
レインボーリップル,4,23,0.0435,0.1304,8.6957,7,0.0
ギンマクノヒロイン,5,23,0.0435,0.0435,10.913,7,0.0
セシルカット,4,23,0.0,0.1304,9.087,7,0.0
フォンタネットポー,4,23,0.087,0.2609,6.5217,7,0.25
フォーエバーマーク,6,23,0.0435,0.2609,9.0,7,0.0
ピッパレジーナ,3,23,0.0,0.0435,8.7826,7,0.0
ファヴォーラ,3,23,0.1304,0.1739,7.6522,7,0.0
プラチナループ,6,23,0.0,0.0,11.8696,7,0.0
メーシャンス,2,23,0.0435,0.3478,6.0,7,0.0
Steel Courage,1,23,0.0435,0.087,7.6522,7,0.0
パブロワ,3,23,0.0,0.0435,10.6957,7,0.0
バイナリーコード,2,23,0.087,0.1739,7.8261,7,0.0
グレイスフルワード,4,23,0.0,0.0435,10.7391,7,0.0
アイファーシンシア,4,23,0.0,0.087,10.3043,7,0.0
スリーサンローズ,3,23,0.0,0.087,9.6087,7,0.0
ミスイヴァノヴィック,2,23,0.1739,0.3043,8.3043,7,0.0
ニンフ2,5,23,0.0,0.0435,8.6957,7,0.0
サンデーワールド,1,23,0.0,0.0435,9.1739,7,0.0
サンデーズシス,2,23,0.0,0.1739,7.4783,7,0.0
スターオブジェンヌ,4,23,0.087,0.1739,7.5217,7,0.0
ミライポケット,4,23,0.0,0.0,11.0435,7,0.0
ラッキーハナチャン,4,23,0.1304,0.3043,5.6087,7,0.0
コマノマコ,4,23,0.087,0.1739,7.4783,7,0.0
チャップ,3,23,0.0435,0.3043,8.087,7,0.0
アールブリュット,2,23,0.3478,0.5652,5.6087,7,0.0
スタイルアンドクラス,4,23,0.1739,0.4783,5.1304,7,0.0
パッソ,2,23,0.0435,0.1739,7.7826,7,0.0
パステラリア,4,23,0.1304,0.2609,6.3478,7,0.0
ファストムーン,5,23,0.0,0.0435,10.6087,7,0.0
アジアンリゾート,1,23,0.1304,0.2609,9.4348,7,0.0
フジティアス,3,23,0.087,0.3913,7.4348,7,0.0
ユーモレスク,1,23,0.0,0.0,11.6522,131,0.0
パールレディ,4,23,0.0,0.0,10.8261,7,0.0
ハートフルシフォン,1,23,0.0435,0.3043,6.5652,43,0.0
ヤマカツカトリーヌ,2,23,0.087,0.1304,6.4348,7,0.0
ネオファンシー,4,23,0.0,0.1739,7.7391,7,0.0
ワンモアフリート,4,23,0.0,0.0,11.6522,7,0.0
プリンセスノンコ,3,23,0.087,0.3043,6.3043,7,0.0
ウマクイクトオモウ,1,23,0.1304,0.3043,5.6087,15,1.0
ウエスタンメルシー,1,23,0.0435,0.1739,7.8261,7,0.0
グラニーズチップス,4,23,0.0,0.1304,8.087,7,0.0
ゼットガガ,2,23,0.1304,0.3043,5.5217,7,0.0
ゴールドデイ,2,23,0.0435,0.087,7.8261,7,1.0
ハヤブサユウサン,3,23,0.0,0.0,9.8696,7,0.0
ゴールデンジャック,2,23,0.0435,0.1304,10.2609,7,0.0
デルフィーネ,3,23,0.0,0.0435,10.2609,7,0.0
ドリームジョブ,5,23,0.0,0.0435,7.7826,7,0.0
メイショウセレーノ,3,23,0.087,0.3043,6.2609,7,0.0
フラグラントオアシス,2,23,0.1304,0.3043,5.7826,43,0.0
ワイルドローズ,3,23,0.0,0.087,6.913,7,0.0
スマイルサポート,3,23,0.1739,0.5217,4.913,7,0.0
ウィズアミッション,4,23,0.0,0.1739,7.0,7,0.0
ラッキートゥビーミー,2,23,0.2174,0.3043,7.1304,15,1.0
エムヴォワール,3,23,0.0,0.0435,9.6957,7,0.0
ザウェイアイアム,2,23,0.1739,0.5217,5.2609,7,0.0
スターオブロゼッタ,1,23,0.1304,0.3478,5.7391,15,1.0
スズカローラー,4,23,0.0435,0.2174,6.087,7,0.0
ポーテンタイル,3,23,0.0,0.0435,9.1304,7,0.0
トウカイマイルド,2,23,0.0435,0.0435,8.8696,7,0.0
クールメアリー,3,23,0.0435,0.087,9.6087,7,0.0
クールモダン,5,23,0.0,0.087,9.4348,7,0.0
アキノバレリーナ,4,23,0.0,0.087,9.9565,7,0.0
Granny Franny,1,23,0.0435,0.3913,6.3043,7,0.0
ヨイミヤ,4,23,0.0,0.087,10.0435,7,0.0
リリークラウン,4,23,0.0,0.1304,10.0,7,0.0
スプレッドウィング,4,23,0.0,0.0435,10.6522,7,0.0
マコトクラダリング,3,23,0.087,0.2609,6.8261,7,0.0
ブレスマイソウル,4,23,0.0,0.1304,9.6957,7,0.0
ブルーロータス,6,23,0.0,0.0,12.9565,7,0.0
ベイルリ,3,23,0.0,0.0,8.7826,7,0.0
キャニオンジュノー,3,23,0.087,0.087,9.2609,7,0.0
ポッドクヒオ,2,23,0.087,0.1304,6.6957,7,0.0
シゲラ,3,23,0.0435,0.087,8.5652,7,0.3333
シゲルアサヒダケ,4,23,0.0,0.087,8.5217,7,0.0
マヤノラトゥール,2,23,0.0435,0.1304,8.4348,7,0.0
イントロダクション,2,23,0.0,0.2174,7.3043,7,0.0
アンブリカル,3,23,0.0,0.0435,9.3913,7,0.0
ホットファッション,4,23,0.0,0.1304,8.913,7,0.0
マザーロシア,4,23,0.1739,0.2609,7.3478,7,0.0
ライジングフラッグ,2,23,0.0435,0.1304,6.8261,7,0.0
サクセスビスケット,3,23,0.0,0.0,11.4348,7,0.0
トーセンナチュラル,4,23,0.1304,0.2174,7.1739,7,0.0
グッドレインボー,4,23,0.1304,0.3478,5.8696,7,0.25
マイウィル,4,23,0.0,0.087,9.087,7,0.0
アートブライアン,1,23,0.1739,0.2609,6.5217,7,0.0
コウエイブルーム,1,23,0.0435,0.2609,6.8261,7,0.0
バーバラ,5,23,0.1304,0.3043,7.4348,7,0.0
イースタンロマン,4,23,0.0,0.0435,9.1304,7,0.0
レディオーキッド,4,23,0.1304,0.3478,5.6957,7,0.0
ブランドシャトル,3,23,0.0,0.1739,7.1304,7,0.0
インブルーム,1,23,0.0,0.1304,8.913,7,0.0
レディカリーナ,2,23,0.0435,0.3043,6.6522,7,0.0
チャードリー,4,23,0.0,0.0,9.9565,7,0.0
レディインラヴ,2,23,0.0,0.087,10.8261,7,0.0
アズールムーン,3,23,0.2174,0.6087,3.3913,7,0.3333
レッドレターデイ,2,23,0.0,0.087,8.7826,7,0.0
ピサノロマン,3,23,0.0,0.0435,8.913,7,0.0
キョウエイマリー,4,23,0.0,0.1304,9.4783,7,0.0
レーヴドリーブ,2,23,0.087,0.3478,5.1739,7,0.0
リーチング,3,23,0.087,0.2174,8.3913,7,0.0
スギノピクシー,6,23,0.0,0.0435,9.5217,7,0.0
セイウンクノイチ,5,23,0.0,0.1739,9.5217,7,0.0
パルティシオン,4,23,0.1304,0.3478,6.9565,7,0.0
グレースエポナ,4,23,0.0435,0.4783,5.2174,7,0.0
グレースドゥモナコ,2,23,0.087,0.2609,6.5217,7,0.5
シャトルタテヤマ,4,23,0.0,0.0435,11.9565,7,0.0
プレシャスペスカ,2,23,0.0,0.0,10.7391,7,0.0
ストームサンデー,3,23,0.0,0.0435,9.5652,7,0.0
コスモキャンディス,2,23,0.0435,0.2174,8.913,7,0.0
キューバンリズム2,3,23,0.0435,0.087,9.7391,7,0.0
ラヴザットマスタング,4,23,0.0435,0.0435,9.8696,7,0.0
シェイクラブハート,4,23,0.0,0.1304,9.5217,7,0.0
ロマンスオーラ,2,23,0.0435,0.2609,8.8261,7,0.0
プリンセスケイ,4,23,0.0,0.0435,9.6522,7,0.0
メイショウトモシビ,3,23,0.2174,0.5652,3.7826,7,0.3333
デューントウショウ,4,23,0.0,0.0,11.2609,7,0.0
メランコリア,1,23,0.087,0.3043,7.087,7,0.0
レディイヴァンカ,4,22,0.0909,0.5,4.6364,7,0.0
ジェイズジュエリー,3,22,0.0455,0.2273,6.5,7,0.0
プティパ,2,22,0.0,0.0,8.6818,23,0.0
ミンナノユメノセテ,3,22,0.0455,0.3182,6.7727,7,0.0
Foolish Cause,1,22,0.0909,0.2273,9.0909,15,1.0
シアトルビューティ,3,22,0.1364,0.4091,7.1818,7,0.0
シアトルムーン,2,22,0.0455,0.2273,6.8636,7,0.0
ロイヤルバラード,7,22,0.0,0.1364,9.0,7,0.0
キャントンガール,4,22,0.0,0.0,11.8636,7,0.0
Parisian Affair,1,22,0.1364,0.5,7.0,7,0.0
メイショウノウヒメ,3,22,0.0,0.0909,10.9091,7,0.0
ジョウノアドバンス,5,22,0.0,0.0,10.8636,7,0.0
パールズベスト,2,22,0.0455,0.0909,8.3182,7,0.0
ホワイトミーティア,3,22,0.0,0.1818,7.6364,7,0.0
デライトシーン,4,22,0.0455,0.0909,9.6818,7,0.0
ドーニングストーム,2,22,0.2273,0.3182,6.9091,7,0.5
ニットウディオンヌ,5,22,0.0455,0.0455,9.5455,7,0.0
レディパステル,5,22,0.0455,0.1818,8.0909,7,0.0
グリッターズ,3,22,0.0909,0.2273,8.6364,7,0.0
メイショウヒサカタ,3,22,0.1818,0.3636,6.7273,7,0.0
タガノプレジール,1,22,0.0909,0.1364,8.3182,15,1.0
シルクテンダー,2,22,0.0909,0.2273,9.5455,7,0.0
メイショウルミナス,3,22,0.1364,0.4091,5.5,7,0.3333
グラスティファニー,3,22,0.0455,0.1364,7.8636,7,0.0
クールマギー,2,22,0.0909,0.2727,7.0455,7,0.0
タカミツサクラ,3,22,0.1364,0.3636,6.5909,7,0.0
ビートマッチ,3,22,0.0909,0.3182,6.5909,7,0.3333
Hard Hat,1,22,0.2273,0.5,4.9091,7,0.0
ウキヨエ,3,22,0.0455,0.2727,7.3636,7,0.0
エーシンレベルハイ,5,22,0.0,0.0,11.3636,7,0.0
ゴールドリボン,1,22,0.0455,0.3182,6.2727,7,0.0
ハイワイヤー,4,22,0.0909,0.1818,8.2273,7,0.0
サインボード,3,22,0.0455,0.1818,10.3636,7,0.0
スマートオランプ,6,22,0.0,0.0909,9.9091,7,0.0
アイファーイービス,3,22,0.0,0.0,10.8182,7,0.0
テイエムジャンヌ,1,22,0.0455,0.1364,8.8182,43,0.0
ゼクト,1,22,0.0909,0.4091,5.5455,7,0.0
イノセントガール,3,22,0.0,0.0,10.0909,7,0.0
ゴールドテーラー,4,22,0.0455,0.2727,6.8182,7,0.0
ハヤブサショコラ,3,22,0.0909,0.2727,7.7727,7,0.0
マルハチリプリー,3,22,0.0909,0.2273,7.4091,7,0.0
Summer Flair,2,22,0.1364,0.4545,5.0,7,0.0
プリンセスフローラ,4,22,0.0,0.1364,9.0455,7,0.0
スマーティーダンス,3,22,0.1818,0.2727,7.9545,7,0.0
トーセンデイジー,3,22,0.1364,0.2727,7.5,7,0.0
ニシノラヴコール,3,22,0.0909,0.2727,5.8182,7,0.3333
ゴールドルージュ,6,22,0.0,0.0,11.7727,7,0.0
マジェスティックラニア,4,22,0.0455,0.2273,7.7273,7,0.0
ピーエムルッカ,2,22,0.0,0.0909,8.3182,7,0.0
ピースオブスマイル,3,22,0.0,0.1364,8.7273,7,0.0
チアズフィアレス,4,22,0.0,0.0,10.3182,7,0.0
リボントリコロール,1,22,0.0909,0.3636,5.7273,7,0.0
リボンノキシ,2,22,0.0909,0.3182,8.1818,7,0.0
ペイザージュ,2,22,0.0455,0.3182,7.3182,7,0.0
エアヘイリー,3,22,0.0909,0.1818,9.0455,7,0.0
トップジョリー,3,22,0.0455,0.1818,7.8636,7,0.0
Mostaqeleh,1,22,0.2727,0.4545,5.4545,7,0.0
ボインビューティー,3,22,0.1364,0.2273,6.4091,7,0.3333
メンディド,3,22,0.1364,0.2273,6.8636,7,0.0
ハーマジェスティ,2,22,0.1364,0.5909,6.1818,7,0.0
ショウナンパントル,1,22,0.0,0.0,8.8636,131,0.0
ライフブリーズ,2,22,0.0,0.0909,8.6818,7,0.0
チェリッシュレディ,4,22,0.0455,0.2727,7.4545,7,0.0
トーアツキアカリ,2,22,0.0455,0.2273,7.8636,7,0.0
グリンテソーロ,2,22,0.1818,0.5,6.5909,7,0.0
グリーリーランド,4,22,0.0,0.0455,10.0909,7,0.0
ウインラフィナート,1,22,0.0909,0.2727,7.1818,7,0.0
カントリーメロディー,5,22,0.0455,0.0455,11.6818,7,0.25
カワカミキラリン,4,22,0.0,0.0,11.3636,7,0.0
ソフトワルツ,4,22,0.1364,0.3636,8.7273,7,0.0
イッツスパーブ,3,22,0.0,0.0909,8.6364,7,0.0
イットービコー,1,22,0.0455,0.2727,5.3636,7,0.0
Muscovado,1,22,0.2273,0.2727,8.5455,7,0.0
マイヴィクトリア,5,22,0.0455,0.1818,8.6818,7,0.0
アナモリ,4,22,0.0,0.2273,8.4545,7,0.0
ダートムーア,4,22,0.0455,0.3636,7.5455,7,0.0
カンタオーラ,4,22,0.0,0.0455,8.3182,7,0.0
カンタベリーラヴ,4,22,0.1364,0.2727,7.1364,7,0.3333
ミスティックラヴ,2,22,0.0,0.2273,8.1364,7,0.0
ナムラジュエル,5,22,0.0455,0.0455,9.8182,7,0.0
ジョリーアップ,3,22,0.0909,0.1818,7.6364,7,0.0
ベルグチェリー,1,22,0.0,0.0909,9.4091,23,0.0
カレーニナ,5,22,0.0,0.0909,9.0455,7,0.0
ノエラロワイヤル,3,22,0.0455,0.0909,9.9091,7,0.0
ランダムトーク,4,22,0.0,0.0,11.6818,7,0.0
アディクション,3,22,0.0455,0.0909,8.1818,7,0.0
トーセンアート,4,22,0.0,0.0455,8.4091,7,0.0
グレイトペイジ,3,22,0.1818,0.3182,7.2727,7,0.3333
メディテーション,1,22,0.0455,0.2727,6.4091,7,0.0
シルバージェニー,5,22,0.0909,0.1364,7.6364,7,0.0
プリーズドスマイル,3,22,0.0,0.1364,9.0909,7,0.0
リキアイノキセキ,5,22,0.0,0.0455,11.1818,7,0.0
ディエルベ,3,22,0.0,0.0,11.0909,7,0.0
アルテミスシチー,1,22,0.0455,0.1364,7.6364,7,0.0
フォーモサアピール,3,22,0.0,0.1364,7.1364,7,0.0
ソルトドリーム,3,22,0.1818,0.5455,6.3182,7,0.0
イタリアンフェッテ,3,22,0.0,0.1364,8.0,7,0.0
マイネヴァリエンテ,3,22,0.0,0.0909,9.7273,7,0.0
マイネモントル,4,22,0.0,0.0909,9.1364,7,0.0
ボニーゴールド,2,22,0.1364,0.3636,6.5455,7,0.0
ディアバビアナ,2,22,0.0,0.0,8.3636,7,0.0
エンゼルアーチ,3,22,0.0,0.0,10.0909,7,0.0
テスラー,4,22,0.0,0.1364,8.1818,7,0.0
コーディエライト,3,22,0.0455,0.4091,5.5,7,0.3333
レッドバラード,2,22,0.0,0.0909,8.5,7,0.0
ヤヨイコマチ,2,22,0.0,0.0455,8.3182,7,0.0
サダムアカイカゼ,4,22,0.0455,0.1818,9.0455,7,0.0
スノーエンジェル,2,22,0.1818,0.4545,4.2273,7,0.0
ナムラビーム,6,22,0.0909,0.2727,8.2273,7,0.0
カンタービレ,2,22,0.2273,0.5455,4.0,7,0.0
テンダーエモーション,2,22,0.0,0.0,8.5455,7,0.0
テンツクテン,3,22,0.0,0.0455,8.6364,7,0.0
サトノネネ,5,22,0.0,0.0909,9.1364,7,0.0
トーセンレジェンド,4,22,0.0,0.1364,7.1818,7,0.0
ミスマーマレード,2,22,0.0909,0.2273,8.5,7,0.0
セヴンゴシック,4,22,0.0,0.0,10.0,7,0.0
チェリークォーツ,2,22,0.0455,0.2273,7.7273,7,0.0
カシノインカローズ,6,22,0.0455,0.0455,8.9091,7,0.1667
ランフォザドリーム,3,22,0.0909,0.1818,7.5455,7,0.0
アルゼンチンスター,4,22,0.1818,0.2273,8.3636,7,0.0
エイシンリョンサン,3,22,0.0,0.1818,7.0,7,0.0
リュバンドール,3,22,0.0,0.0909,9.3182,7,0.0
エイダイクイン,4,22,0.0,0.1364,7.2727,7,0.0
ビッグワールド,4,22,0.0909,0.2727,9.0,7,0.0
ヤマニンナジャーハ,4,22,0.0,0.3182,8.1818,7,0.0
ヒシレーシー,4,22,0.0,0.0,10.8182,7,0.0
エヴリホープ,3,22,0.0909,0.2273,6.7727,7,0.0
シャドークイーン,4,22,0.0,0.0909,8.4091,7,0.0
ボストンビクトリア,1,22,0.0909,0.1818,8.3636,7,0.0
メイトウショウ,1,22,0.0455,0.0909,7.7273,7,0.0
ディーエスメイドン,2,22,0.1364,0.3182,7.6818,7,0.0
ファイトユアソング,2,22,0.0909,0.3182,6.0455,7,0.0
Polish Silk,1,22,0.0455,0.2727,7.2727,7,0.0
グレンダロッホ,3,22,0.0455,0.1364,9.4091,7,0.0
メイショウエレノア,1,22,0.0909,0.1818,7.5909,7,0.0
キアロディルーナ,3,22,0.0,0.0909,10.4545,7,0.0
フヨウ,3,22,0.0,0.1364,8.5455,7,0.0
チョコレートバイン,3,22,0.1818,0.3182,5.1818,7,0.6667
アイアンゴールド,2,22,0.0,0.0909,8.5,7,0.0
ビッグエリザベス,3,22,0.0,0.1364,9.9091,7,0.0
Mary's Follies,3,22,0.5455,0.6818,4.2273,7,0.3333
ビハインドザマスク,2,22,0.0909,0.2727,5.7727,7,0.0
ベッラヴォーチェ,4,22,0.0,0.2273,5.9545,7,0.0
アリュージョン,5,22,0.0,0.0909,8.9091,7,0.0
デルマポッペア,3,22,0.0,0.0455,8.5455,7,0.0
イザベルドスメーン,4,22,0.0909,0.2273,7.8636,7,0.0
アドマイヤアイリス,2,22,0.0,0.0455,10.3636,23,0.0
メジャーシャルマン,3,22,0.0,0.5,5.1818,7,0.0
マダムウルル,3,22,0.0909,0.3182,7.0455,7,0.0
マダムジルウェット,5,22,0.0455,0.1364,8.1818,7,0.0
ウインクセレネ,3,22,0.0455,0.2273,7.6818,7,0.5
Touch of Splendor,1,22,0.0909,0.1364,8.7727,7,0.0
Town Belle,1,22,0.1364,0.3182,6.5909,7,0.0
ドライヴンスノー,4,22,0.1818,0.2273,8.3636,7,0.5
エシュクアルバー,2,22,0.0,0.1818,9.2273,7,0.0
エストレチャダ,4,22,0.1364,0.4545,5.5455,7,0.0
ナリタアルテミス,5,22,0.0,0.1364,8.0455,7,0.0
ホクラニミサ,4,22,0.0909,0.2727,8.2273,7,0.0
アイムソーラッキー,3,22,0.0,0.0455,10.4545,7,0.0
ケイアイリュージン,3,22,0.0455,0.0909,9.2727,7,0.5
マチカネフウリン,1,22,0.0455,0.0909,8.9091,7,0.0
フィールザタレント,5,22,0.0,0.1364,7.5,7,0.0
パールサイド,5,22,0.0,0.0455,7.9545,7,0.0
シンラバンショウ,2,22,0.0455,0.0909,9.9545,7,0.0
マイティーボタン,4,22,0.0909,0.2727,8.2273,7,0.0
ツィンクルブーケ,2,22,0.0909,0.2727,7.0455,7,0.0
ステイトリースター,3,22,0.0455,0.0909,8.3636,7,0.0
サルヴェレジーナ,5,22,0.0,0.1364,8.7273,7,0.0
サロニカ,3,22,0.1364,0.4091,5.2273,7,0.0
ダイナズクラブ,5,22,0.0455,0.1364,9.0909,7,0.0
ネフェルティティ,4,22,0.2273,0.5455,4.6818,7,0.25
ラブシービル,3,22,0.0,0.1818,7.7727,7,0.0
アースウィンド,5,22,0.0909,0.2273,8.2273,7,0.25
キッスパシオン,3,22,0.1364,0.1818,7.7273,7,0.0
シャイニンバイパー,4,22,0.0455,0.1818,9.3636,7,0.0
キアーロ,5,22,0.0,0.0,9.3182,7,0.0
スターリーヘヴン,1,22,0.0909,0.1818,7.0,7,0.0
クイックレスポンス,2,22,0.0909,0.1818,8.9091,7,0.0
クインズキンバリー,1,22,0.0,0.2727,7.0455,7,0.0
オートロンシャン,4,22,0.0,0.0909,7.7727,7,0.0
ファイノメナ,1,22,0.2727,0.4091,5.6818,7,0.0
ルルドノヒトミ,2,22,0.0455,0.1364,6.9545,7,0.0
オーピーキャット,2,22,0.0,0.0455,10.1364,7,0.0
オーファメイ,2,22,0.0909,0.1364,9.5,7,0.0
オージーアイドル,2,22,0.2727,0.6364,3.0455,7,0.0
ニシノアラモード,3,22,0.0455,0.0455,10.0909,7,0.0
スターオブアフリカ,4,22,0.0,0.0909,9.9545,7,0.0
エレガンスクイーン,3,22,0.0455,0.0455,10.1818,7,0.5
シャイニングサヤカ,5,22,0.1364,0.3182,7.6364,7,0.3333
ボーシュヴァル,3,22,0.0,0.0909,10.8636,7,0.0
キタサンオリュウ,2,22,0.0,0.3636,6.8636,7,0.0
ヒバリエクスプレス,4,22,0.0455,0.0909,8.3182,7,0.0
スターバイオレット,2,22,0.0455,0.1818,6.9545,7,0.0
サンティール,3,22,0.1818,0.5909,4.1818,7,0.3333
Season Maker,2,22,0.3182,0.5455,5.0909,7,0.5
マイドリームラン,3,22,0.0455,0.0455,9.3182,7,0.0
タバサトウショウ,3,22,0.0455,0.1364,8.3182,7,0.5
インオンザゴシップ,2,22,0.0455,0.2273,7.8182,7,0.0
インカルネ,1,22,0.0,0.0455,9.8636,23,0.0
ラジョコンダ,4,22,0.0,0.0455,9.6818,7,0.0
ケストレルクエスト,4,22,0.0,0.0909,11.2727,7,0.0
セイユウスマイル,3,22,0.0455,0.0909,10.8182,7,0.0
ギネビアケイ,2,22,0.0,0.0909,10.8182,7,0.0
ビヨンドマイリーチ,4,22,0.0,0.1364,9.6818,7,0.0
ドナジュディス,3,22,0.0,0.1364,7.7273,7,0.0
パラノーマル,2,22,0.0,0.0455,8.8182,7,0.0
キークッキー,4,22,0.0,0.0,10.8182,7,0.0
ピュアアイズ,3,22,0.1818,0.5,5.8182,7,0.5
サンマルアンサー,4,22,0.0,0.0909,8.8182,7,0.0
マッシュレイヤー,4,22,0.0,0.0455,9.0455,7,0.0
マリア,6,22,0.0,0.0455,9.9545,7,0.0
リッジローズ,4,22,0.0,0.1364,8.4545,7,0.0
アクロスザシャイン,3,22,0.0,0.1818,7.1818,7,0.0
ローザロバータ,3,22,0.0,0.1364,8.4545,7,0.0
エミネンスグリーズ,1,22,0.0455,0.0909,7.7727,7,0.0
プーカ,2,22,0.0909,0.2273,7.1818,7,0.0
タイヨウガデテキタ,3,22,0.0909,0.1818,7.7727,7,0.0
シゲルオワリ,3,22,0.0455,0.2727,7.7273,7,0.0
ドナルチア,3,22,0.1364,0.2273,8.7727,7,0.3333
エミーズレシピ,3,22,0.0455,0.3636,5.8182,7,0.0
ハナズゴール,5,22,0.0909,0.1364,10.5909,7,0.0
バトルサクヤビメ,5,22,0.0,0.1818,9.0455,7,0.0
スズカゲラン,3,22,0.0,0.0909,10.0909,7,0.0
バブルドリーム,3,22,0.0455,0.2273,7.5909,7,0.0
エポックサクラ,2,22,0.0,0.3182,7.7273,7,0.0
ダイワソフィー,2,22,0.0455,0.1364,8.4545,7,0.0
ダイワレジェンド,2,22,0.1364,0.2273,7.0,7,0.5
シゲルイブキヤマ,5,22,0.0,0.0,10.5,7,0.0
セレブレーション,2,22,0.0909,0.1364,8.4091,15,1.0
ピスタチオ,1,22,0.0,0.0455,8.8636,7,0.0
スクエアゴールド,3,22,0.0,0.0909,7.9545,7,0.0
ロングパイル,2,22,0.0,0.0455,7.9545,7,0.0
A Bit of Pressure,1,22,0.0909,0.1818,7.1364,15,1.0
インディパレード,1,22,0.0455,0.2273,7.3636,67,0.0
タケノビワ,2,22,0.0455,0.3636,5.7727,7,0.0
マハーバリプラム,1,22,0.2273,0.7273,4.0,7,0.0
アスペンリーフ,3,22,0.0455,0.0909,7.6818,7,0.0
A Z Warrior,2,22,0.1818,0.4545,5.8182,7,0.0
ノーブルペニー,4,21,0.0,0.1905,8.381,7,0.0
ヴェスティージ,1,21,0.1429,0.381,6.2381,7,0.0
チョウキセキ,3,21,0.0,0.0952,9.9048,7,0.0
チャタラティ,2,21,0.0952,0.1429,6.381,7,0.0
ヴォルピア,2,21,0.0476,0.4762,6.6667,7,0.0
チャームオペラ,3,21,0.0,0.1429,8.9524,7,0.0
アスカ,3,21,0.0,0.0,12.6667,7,0.0
セドゥラマジー,1,21,0.0476,0.2381,7.0952,7,0.0
リュミエールゲラン,3,21,0.0,0.1905,7.6667,7,0.0
イントゥザグルーヴ,2,21,0.0476,0.381,6.619,23,0.0
ヴィーヴァヴォドカ,3,21,0.0,0.0476,8.7143,7,0.0
メイショウアルパ,4,21,0.0,0.1905,8.7143,7,0.0
デンジャラスゲーム,3,21,0.0476,0.0476,8.5714,7,0.0
ケイティクラシー,2,21,0.1429,0.1429,9.3333,7,0.0
ケルシャンス,3,21,0.0476,0.1429,9.0476,7,0.0
レッドラミア,3,21,0.0952,0.1429,10.381,7,0.0
ライプオレンジ,3,21,0.0,0.0952,9.3333,7,0.0
ヒカルマイゴール,4,21,0.0,0.0952,9.619,7,0.0
セイギハカツ,3,21,0.0476,0.0476,7.7143,7,0.3333
ラインキュート,4,21,0.0,0.0952,9.0952,7,0.0
Brampton,1,21,0.0,0.1905,7.3333,7,0.0
レインオンザデューン,3,21,0.1905,0.381,4.9524,7,1.0
シナノザクラ,3,21,0.0,0.1905,7.8095,7,0.0
キタサンオウシャン,3,21,0.0476,0.1429,8.381,7,0.0
キタサンエージャン,2,21,0.0476,0.2381,7.7143,7,0.0
キタノスザク,4,21,0.0476,0.0476,11.8571,7,0.0
シャイニンオーラ,4,21,0.0476,0.0952,8.9048,7,0.0
キストゥリメンバー,4,21,0.0476,0.0476,10.3333,7,0.0
アサクサヴェール,4,21,0.0,0.0476,10.0476,7,0.0
アヤナルベルス,2,21,0.0476,0.1429,8.5714,7,0.0
フックライン,2,21,0.0,0.1429,6.7619,7,0.0
アラマササンデー,4,21,0.0476,0.1905,7.8571,7,0.0
イナズマチーター,3,21,0.0,0.0,8.5714,7,0.0
ラッシュウインド,3,21,0.0476,0.0952,10.1429,7,0.0
フォーフリーダムス,1,21,0.1905,0.4286,5.0,7,0.0
ワタシダイナマイト,3,21,0.0476,0.1429,7.8571,7,0.0
Dreamy Blues,1,21,0.1429,0.3333,6.4762,7,0.0
スリーキュート,4,21,0.0,0.0476,8.2381,7,0.0
ライトレール,3,21,0.0,0.0952,8.5238,7,0.0
グロリアスドータ,2,21,0.0952,0.1429,11.0952,7,0.0
グロリアスアーチ,4,21,0.0,0.0476,9.9524,7,0.0
チキリランバダ,2,21,0.0476,0.3333,7.7619,7,0.0
チカノワール,2,21,0.2381,0.4286,5.0476,7,0.0
レッドデセーオ,3,21,0.0476,0.2381,6.9048,7,0.0
レッドチリペッパー,3,21,0.1429,0.2857,8.5714,7,0.0
ビジネスロマン,5,21,0.0476,0.0476,9.4762,7,0.0
ウォーターリボーン,3,21,0.0,0.0952,9.7619,7,0.0
ライトニングパール,2,21,0.2381,0.4286,4.619,15,1.0
テイクワンズアイ,4,21,0.0,0.0952,8.9524,7,0.0
ニューウェーブ,3,21,0.0476,0.1429,7.7143,7,0.3333
ラヴィングウェイ,2,21,0.0476,0.1905,5.7619,7,0.0
ランフォーイット,5,21,0.0,0.0952,8.9048,7,0.0
ドナプリモ,3,21,0.2381,0.4762,5.3333,7,0.0
シゲルキートス,3,21,0.0,0.0476,10.0,7,0.0
シゲルカカオ,3,21,0.0,0.0,11.2857,7,0.0
メイケイペガムーン,3,21,0.0,0.1429,8.0952,7,0.0
パーフェクトブルー,5,21,0.0,0.0952,8.619,7,0.0
シェーンブリッツ,3,21,0.0,0.0476,8.5238,7,0.0
Society Selection,1,21,0.0476,0.1429,7.5714,7,0.0
シクレノンソシエテ,1,21,0.0476,0.1429,7.3333,23,0.0
ソブラドラインク,4,21,0.2381,0.381,5.2857,7,0.25
ワッツダチャンセズ,5,21,0.0476,0.0952,9.3333,7,0.3333
ワイルドベリー,3,21,0.0,0.0476,8.6667,7,0.0
ウタヒメ,4,21,0.0,0.0476,10.0952,7,0.0
ハギノアウグラーレ,3,21,0.0952,0.1905,9.5238,7,0.0
スマイルフラワー,3,21,0.0,0.0952,10.381,7,0.0
ヴィータアレグリア,4,21,0.1429,0.3333,6.4286,7,0.25
ヴィーガズヘイロー,2,21,0.0476,0.2857,6.7143,7,0.0
アップロック,2,21,0.0476,0.1905,6.3333,7,0.0
アルズギャル,5,21,0.0,0.0,7.9524,7,0.0
カービングパス,2,21,0.0952,0.2857,7.619,7,0.5
Stacelita,4,21,0.2381,0.5238,4.8095,7,0.0
トゥービーハッピー,3,21,0.0952,0.2857,7.4762,7,0.3333
アラタマヘイロー,2,21,0.0952,0.1429,8.619,7,0.0
ラントゥザリード,4,21,0.0476,0.2381,8.0476,7,0.3333
コーリンピュア,4,21,0.0,0.0952,9.1429,7,0.0
ピースバーグ,3,21,0.0952,0.2381,8.3333,7,0.0
ゴルトクローネ,2,21,0.0,0.0,7.4762,7,0.0
イチゴアミーラ,3,21,0.0476,0.1905,9.0,7,0.0
イデアオブクィーン,2,21,0.0952,0.1905,9.0,7,0.0
プリンプリンカフェ,4,21,0.0476,0.0952,9.8095,7,0.0
スプリングアウェク,4,21,0.0476,0.0952,10.4762,7,0.0
プリンセスムーン,4,21,0.1429,0.2857,7.2381,7,0.3333
ワルキューレ,2,21,0.0476,0.1905,7.6667,7,0.5
プリリンモンロー,2,21,0.0476,0.2857,6.0952,7,0.0
ソムニアシチー,3,21,0.0952,0.2381,7.0,7,0.0
ランディスティニー,4,21,0.1429,0.381,6.9048,7,0.0
ブライダルドレス,7,21,0.0,0.0952,10.0,7,0.0
タリサ,4,21,0.0476,0.2381,6.7619,7,0.25
カロスキューマ,2,21,0.0476,0.1905,5.8571,7,0.0
レインボークォーツ,4,21,0.0952,0.2857,6.6667,7,0.25
キャッチアシーフ,1,21,0.0476,0.1429,7.4762,7,0.0
アルファルド,5,21,0.0,0.1429,10.7619,7,0.0
スパイシーキティ,3,21,0.0,0.0476,9.1429,23,0.0
ネオイユドゥレーヌ,4,21,0.0,0.0,10.619,7,0.0
ユメイッポ,3,21,0.0,0.0952,10.381,7,0.0
ゴッドフロアー,4,21,0.0476,0.2381,7.3333,7,0.0
グリーンヒルコマチ,2,21,0.1905,0.4286,5.7619,7,0.0
コールミースーン,4,21,0.0476,0.0952,9.7619,7,0.0
ナイアガラロール,4,21,0.0476,0.1429,8.6667,7,0.0
キラリン,4,21,0.0,0.0,11.4762,7,0.0
フロイラインシチー,3,21,0.0952,0.1429,9.4762,7,1.0
ポンデュガール,3,21,0.0,0.1429,9.8095,7,0.0
ピッコレット,6,21,0.0,0.0952,9.9048,7,0.0
ポルタトーリ,3,21,0.0,0.0476,11.4762,7,0.0
ザキア,2,21,0.0476,0.1429,7.5238,15,0.5
トミケンソリッド,2,21,0.0952,0.2381,7.1905,7,0.0
グランドグリーン,3,21,0.0476,0.1905,8.7619,15,0.0
フェリーチェ,3,21,0.0,0.3333,5.0,7,0.0
プレサンティール,5,21,0.0,0.0952,9.619,7,0.0
スプリングハーレー,1,21,0.0476,0.2381,6.7143,23,0.0
ショートハンド,3,21,0.0476,0.2857,7.7619,7,0.0
アルマエルモ,4,21,0.0,0.0,11.381,7,0.0
J. Quirk,1,21,0.1429,0.4286,6.1429,7,0.0
カノヤアカデミー,1,21,0.0,0.0476,7.0,23,0.0
デリキットピース,5,21,0.0,0.1905,8.3333,7,0.0
ルーレットクイーン,4,21,0.0476,0.0952,7.8571,7,0.25
ララベスラーナ,2,21,0.0,0.0952,8.8095,7,0.0
リファールカンヌ,2,21,0.2381,0.5238,5.3333,7,0.0
カシマヴィーナス,3,21,0.0,0.0476,8.9048,7,0.0
ヴィフォルテ,4,21,0.0,0.0476,10.619,7,0.0
レーヴドゥラメール,2,21,0.1429,0.381,7.3333,7,0.5
ヒラボクドリーム,4,21,0.0,0.0952,9.619,7,0.0
カガヤケラビット,3,21,0.0,0.1429,8.1429,7,0.0
イエロータキオン,6,21,0.0,0.0952,12.2381,7,0.0
タイキノワール,3,21,0.0,0.0952,8.1429,7,0.0
リンダトリアーノ,3,21,0.0,0.0,11.1905,7,0.0
Epica,1,21,0.0476,0.2857,6.9048,7,0.0
ストーリーライン,3,21,0.0,0.0,9.9524,7,0.0
エキスカベイター,3,21,0.1429,0.2857,7.381,7,0.0
ハンターズマーク,4,21,0.0952,0.2381,7.619,7,0.0
マーゴットディド,3,21,0.1429,0.1905,5.9524,7,0.3333
フリードリームズ,4,21,0.0,0.0952,10.1905,7,0.0
ピエネヴェーレ,4,21,0.0476,0.1429,8.3333,7,0.0
シンプリシティー,4,21,0.0,0.1429,10.0,7,0.0
ホッコーパフューム,5,21,0.0,0.0476,9.2857,7,0.0
カクタスペア,3,21,0.1905,0.381,6.0,7,0.0
Isobel Baillie,1,21,0.1905,0.381,7.0,7,0.0
ギルティーコンシェンス,3,21,0.0,0.0,10.7619,7,0.0
イケタイトル,4,21,0.0,0.0,12.2857,7,0.0
エステル,3,21,0.0,0.0476,9.3333,7,0.0
プロディジー,3,21,0.1429,0.381,6.4762,7,0.0
ヤマニングロッシー,2,21,0.0,0.2381,8.5714,43,0.0
ステレオグラム,4,21,0.0476,0.0476,9.7619,7,0.25
クールシナリオ,5,21,0.0,0.0952,8.9048,7,0.0
クールグラン,5,21,0.0,0.0,12.0,7,0.0
ビバグリーン,4,21,0.0,0.0476,9.3333,7,0.0
プロスペラスマム,5,21,0.0,0.0,12.1429,7,0.0
ギフトアワード,4,21,0.0,0.0,9.6667,7,0.0
Shop Again,1,21,0.1429,0.4762,4.3333,15,1.0
レインボーロマンス,1,21,0.1905,0.381,5.619,7,0.0
Love and Pride,1,21,0.1429,0.5714,4.6667,7,0.0
マイスフォルテ,4,21,0.0476,0.1429,8.381,7,0.0
シングルカスク,1,21,0.0476,0.2857,6.6667,7,0.0
ルミナスソード,3,21,0.2381,0.5238,4.5714,7,0.3333
Icy Tea,1,21,0.0952,0.3333,5.619,7,0.0
スズノヒロイン,4,21,0.0,0.0,9.5238,7,0.0
ネイビートウショウ,3,21,0.0,0.0,10.7143,7,0.0
ビビットオレンジ,3,21,0.1429,0.2857,6.4762,7,0.3333
ビバロングライフ,3,21,0.0,0.0476,9.7619,7,0.0
アイアムザウィナー,1,21,0.0476,0.1429,7.8095,23,0.0
エトワールブリエ,3,21,0.0952,0.381,6.9524,7,0.0
ダンツペンダント,2,21,0.0476,0.2381,7.5714,7,0.0
ネロディアマンテ,1,21,0.0476,0.1429,7.381,7,0.0
ホクセツクィーン,2,21,0.0476,0.4286,6.2381,7,0.0
シーウィルレイン,3,21,0.0952,0.4286,5.4286,7,0.3333
ナイトクルーズ,1,21,0.0,0.1905,7.5714,67,0.0
ピエナフローラ,4,21,0.0,0.2381,8.7143,7,0.0
ナスノカツラ,3,21,0.0,0.0476,8.5238,7,0.0
メグリ,5,21,0.0,0.0952,10.9524,7,0.0
ナガラフラワー,4,21,0.1429,0.3333,5.5238,7,0.0
アミスターミノル,2,21,0.0,0.1429,7.0,7,0.0
ミヤジマミー,2,21,0.0476,0.2857,5.6667,7,0.0
サンアイブライト,2,21,0.0476,0.0476,7.8571,7,0.0
ファンシーリシェス,3,21,0.0952,0.1429,7.9524,7,0.0
レッドアンコール,2,21,0.0476,0.1905,7.6667,15,1.0
ブルーエクセル,2,21,0.0476,0.2381,8.4762,7,0.0
ティヤム,1,21,0.0476,0.2857,5.7143,7,0.0
クーファディーヴァ,2,21,0.0952,0.2381,6.7619,7,0.0
クイーンリザーブ,1,21,0.0476,0.381,6.3333,23,0.0
Maria's Storm,1,21,0.1429,0.3333,5.8095,7,0.0
ミュゼミランダ,4,21,0.0,0.0952,9.4286,7,0.0
アクトウエル,2,21,0.0476,0.1905,7.9524,7,0.0
オンワードサマンサ,1,21,0.0,0.0476,8.7143,23,0.0
シーデイライト,2,21,0.0476,0.0476,8.7619,7,0.0
ペンネドゥピー,2,21,0.0476,0.0952,8.5714,7,0.0
オーサムクイーン,2,21,0.0476,0.2857,7.1429,7,0.5
Teddy's Promise,1,21,0.0952,0.1429,7.619,7,0.0
ジャングルムーン,3,21,0.0952,0.0952,9.2381,7,0.0
タガノレベッカ,3,21,0.0,0.0,10.6667,7,0.0
ミスコマチ,5,21,0.0,0.0476,10.0,7,0.0
ピュリティゴールド,5,21,0.0,0.0952,9.381,7,0.0
ササファイヤー,2,21,0.0476,0.1429,9.2381,7,0.0
ハニートリップ,3,21,0.1429,0.3333,5.6667,7,0.0
Million Gift,3,21,0.0,0.0952,8.0,7,0.0
ヒカルリクエスト,4,21,0.0476,0.0476,11.4762,7,0.0
ラブイズミラクル,4,21,0.0,0.0,10.8571,7,0.0
エリモアメジスト,1,21,0.0,0.0476,8.1905,7,0.0
スガコ,4,21,0.0,0.0,9.1905,7,0.0
フレッチャロッサ,6,21,0.0,0.0476,10.381,7,0.0
サクラゼンセン,2,21,0.0952,0.381,5.4762,7,0.0
エレガントキャット,3,21,0.0,0.0952,11.1429,7,0.0
エルノルテ,5,21,0.0952,0.2857,6.7143,7,0.0
ビーウィッチド,4,21,0.0,0.0476,9.9524,7,0.0
ナリタレインボウ,2,21,0.0476,0.0476,10.381,7,0.0
クリノオードリー,2,21,0.0,0.0,11.7143,7,0.0
ナカヤマジェンヌ,2,21,0.0952,0.1429,7.7143,7,0.0
ジェシカピンク,4,21,0.0476,0.0952,7.8095,7,0.0
オンリートゥモロー,3,21,0.0,0.2857,8.8095,7,0.0
アマゾナイト,1,21,0.0952,0.2381,7.9048,43,0.0
クインズミリセント,2,21,0.1905,0.2857,8.2381,7,0.0
ナムラキッス,4,21,0.0952,0.2381,7.619,7,0.0
オカノハーモニー,2,21,0.0476,0.1429,9.2857,7,1.0
ルビア,2,21,0.1429,0.381,6.2381,7,0.0
アンナトルテ,3,21,0.2381,0.5238,5.1429,7,0.0
Cat's Fair,1,21,0.0952,0.381,6.2857,7,0.0
アンブレラ,1,21,0.0476,0.3333,7.1429,7,0.0
ラーナアズーラ,3,21,0.1429,0.3333,5.3333,7,0.0
タカノヒカル,1,21,0.0476,0.2857,6.3333,7,0.0
タカネナデシコ,3,21,0.0,0.0952,9.1905,7,0.0
ナムラマミー,5,21,0.0,0.0,10.9524,7,0.0
Giggly,2,21,0.3333,0.381,5.9048,7,0.0
ローゼズガーランド,4,21,0.0,0.0,10.1905,7,0.0
Valiant Emilia,1,21,0.0952,0.1905,8.2381,15,1.0
ディアエナ,3,21,0.0476,0.1905,8.1905,7,0.0
パシフィーク,4,21,0.0,0.0,10.619,7,0.0
レフィナーダ,4,21,0.0952,0.4286,6.1905,7,0.0
レガシーウィンド,4,21,0.0,0.0476,10.7619,7,0.0
クライリング,2,21,0.0952,0.2857,6.1429,7,0.5
ジャポニウム,3,21,0.0952,0.1429,9.4286,7,0.0
アンデスクイーン,3,21,0.2857,0.4762,5.6667,7,0.0
アンファテュエ,3,21,0.0476,0.1429,8.4762,7,0.0
Heart Ashley,1,21,0.3333,0.4762,5.8095,15,1.0
Triple Pirouette,1,21,0.1429,0.2857,7.0476,15,1.0
スイートマンボ,3,21,0.0476,0.1429,7.3333,7,0.0
ベルエアシズル,4,21,0.1905,0.2857,7.2381,7,0.5
ベルソング,3,21,0.0476,0.0476,10.5238,7,0.0
エーシングリフォン,3,21,0.0476,0.4762,6.4286,7,0.0
タカラカンナ,3,21,0.0476,0.2381,7.9048,7,0.0
ディオジェーヌ,4,21,0.0952,0.1905,6.9048,7,0.3333
ジルダ,1,21,0.0952,0.2381,6.6667,7,0.0
ベラフォレスタ,2,21,0.0,0.1905,8.4762,7,0.0
ダリーニア,4,21,0.0,0.1429,8.5238,7,0.0
リアンドジュエリー,3,21,0.0,0.3333,6.9524,7,0.0
アフターダーク,5,21,0.0,0.0,8.7143,7,0.0
アンビータブル,5,21,0.0476,0.1905,6.7619,7,0.25
オウケンクイーン,3,21,0.0476,0.2381,7.381,7,0.0
ハッピーウィーク,3,21,0.0476,0.0476,10.9524,7,0.0
ジューンワルツ,2,21,0.0,0.1429,8.5714,7,0.0
エーティーロゼッタ,4,21,0.1429,0.1429,7.1429,7,0.3333
チルシーカー,1,21,0.0476,0.1429,7.9524,23,0.0
クラレットパンチ,1,21,0.0476,0.3333,5.7619,7,0.0
サファーガ,3,21,0.0476,0.1429,9.381,7,0.0
ロージーチークス,3,21,0.0952,0.1905,6.4286,7,0.0
ローズデュルワ,4,21,0.0,0.0952,10.0476,7,0.0
リメインサイレント,3,21,0.0476,0.2381,7.7143,7,0.0
アキノフライ,3,21,0.1429,0.3333,6.4762,7,0.0
Viz,1,21,0.2381,0.381,6.4762,7,0.0
Alderney,1,21,0.0952,0.2857,6.3333,7,0.0
ゲイリーアミューズ,5,21,0.0,0.0,11.0,7,0.0
マリエッタ,5,21,0.0,0.0476,11.7143,7,0.0
バラードソング,2,21,0.0,0.1429,8.0476,7,0.0
バレリアン,2,21,0.0476,0.0476,9.1429,15,1.0
コパノビジン,2,21,0.0952,0.3333,6.7143,7,0.0
マッキーマイハート,5,21,0.0,0.0476,11.7619,7,0.0
ゲーリックダンス,4,21,0.0,0.0,10.4762,7,0.0
ファインステラ,2,21,0.0476,0.5238,4.4762,7,0.0
マヤノポルカ,3,21,0.0476,0.1429,8.6667,7,0.0
Some Pretender,1,21,0.1429,0.2381,7.3333,7,0.0
キヘイタウン,1,21,0.1429,0.1905,6.9524,7,0.0
アタランテ,1,21,0.0952,0.2381,7.619,23,0.0
コシミノダンサー,1,21,0.0952,0.0952,7.619,7,0.0
トリート,3,21,0.0476,0.1429,8.7143,7,0.0
トロピカルフロール,4,21,0.0476,0.0476,9.7619,7,0.3333
ケープコーラル,5,21,0.0,0.0,11.7143,7,0.0
A Star Is Born,1,21,0.0,0.2381,8.381,23,0.0
バーニングハート,3,20,0.05,0.25,8.45,7,0.0
Allegrezza,1,20,0.2,0.4,5.8,7,0.0
アスールダリア,3,20,0.1,0.45,6.05,7,0.0
マナエヴァ,3,20,0.0,0.05,8.5,7,0.0
マハーブ,1,20,0.0,0.1,5.95,23,0.0
キタサンメジャー,2,20,0.0,0.2,7.65,7,0.0
セントリフュージ,3,20,0.15,0.55,4.6,7,0.3333
プリッシーブリッチーズ,3,20,0.0,0.0,9.45,7,0.0
ライラックラブ,4,20,0.0,0.0,9.85,7,0.0
レイロー,3,20,0.05,0.35,6.35,7,0.0
ボーダレス,4,20,0.05,0.2,8.0,7,0.0
Bijoux Miss,2,20,0.0,0.0,10.05,7,0.0
ヴィオレッタ,3,20,0.1,0.15,9.7,7,0.0
シャインエフォート,5,20,0.0,0.05,9.65,7,0.0
トゥインクルレイン,2,20,0.0,0.0,10.45,7,0.0
ラヴァリーフリッグ,3,20,0.05,0.1,8.3,7,0.0
ラインダール,2,20,0.15,0.5,6.05,7,0.0
ブレッシング,4,20,0.1,0.2,7.35,7,0.0
スレンダーガール,5,20,0.0,0.0,12.95,7,0.0
プリティベティ,2,20,0.05,0.05,9.9,7,0.0
リッカエスケープ,4,20,0.0,0.25,8.5,7,0.0
リナミクドリーム,4,20,0.05,0.15,9.55,7,0.0
ナムラストロベリー,2,20,0.2,0.5,4.95,7,0.0
アンプルカット,5,20,0.05,0.25,9.9,7,0.0
エレメンツ,4,20,0.1,0.2,6.65,7,0.0
エンジェルフェイス,3,20,0.35,0.55,5.4,7,0.0
フレンチティー,1,20,0.05,0.2,6.55,7,0.0
タガノバラード,1,20,0.05,0.25,7.1,7,0.0
ベルロワイヤル,4,20,0.0,0.05,8.6,7,0.0
Golden Globe,5,20,0.0,0.05,8.75,7,0.0
ジョウノマドンナ,5,20,0.05,0.05,10.95,7,0.0
ジョウノビクトリア,3,20,0.1,0.25,7.25,7,0.0
ベルモット,1,20,0.35,0.55,4.35,67,0.0
メロディーオブラブ,4,20,0.0,0.0,9.7,7,0.0
Batalha,1,20,0.15,0.5,5.55,7,0.0
マイネトップレディ,4,20,0.05,0.15,9.35,7,0.0
クリアーパス,3,20,0.0,0.15,9.65,7,0.0
クランベリー,5,20,0.1,0.35,7.3,7,0.0
アフェクショネイト,2,20,0.0,0.05,8.95,7,0.0
アピールポイント,6,20,0.1,0.1,8.6,7,0.0
Runway Doll,1,20,0.1,0.35,5.05,7,0.0
サダムノンノ,3,20,0.0,0.05,9.2,7,0.0
エンピリカル,3,20,0.05,0.05,11.15,7,0.0
モズマッテタワ,3,20,0.05,0.25,7.6,7,0.0
War Tigress,2,20,0.1,0.2,8.8,7,0.5
ブリュット,2,20,0.1,0.25,5.65,7,0.0
ノンストップレディ,2,20,0.0,0.1,8.0,7,0.0
レトロクラシック,2,20,0.05,0.25,7.85,7,0.0
サマニベッピン,1,20,0.05,0.2,8.45,7,0.0
クライム,2,20,0.0,0.0,10.7,7,0.0
ブランフィル,2,20,0.1,0.1,9.2,7,0.0
ジャンニーナ,3,20,0.0,0.0,9.75,7,0.0
エーシンジョイフル,2,20,0.1,0.45,5.75,7,0.0
エーシンシルビア,2,20,0.05,0.4,6.55,7,0.5
アメイジング,1,20,0.1,0.4,6.0,7,0.0
アポロプリンセス,1,20,0.1,0.3,5.85,7,0.0
フレンドリータッチ,3,20,0.0,0.0,11.8,7,0.0
クイーンハーツ,2,20,0.1,0.35,5.55,7,0.0
オナーザミント,2,20,0.05,0.05,8.85,7,0.0
オトリコミチュウ,3,20,0.05,0.25,8.2,7,0.0
オトメチャン,4,20,0.1,0.25,6.65,7,0.0
ジュメイラジョアン,5,20,0.0,0.2,9.2,7,0.0
ジニアスミノル,4,20,0.05,0.15,8.4,7,0.0
ワードパワー,5,20,0.0,0.1,11.05,7,0.0
アンナミルト,3,20,0.1,0.25,9.05,7,1.0
オリエントワークス,1,20,0.1,0.4,6.2,7,0.0
ピアローズ,1,20,0.05,0.4,5.15,23,0.0
オヘソノタカラモノ,2,20,0.05,0.3,5.7,7,0.0
チリースタート,2,20,0.1,0.35,6.8,7,0.0
ノースアルテミス,4,20,0.05,0.1,9.55,7,0.0
ミスシューケット,3,20,0.15,0.3,7.65,7,0.3333
エルディアマンテ,3,20,0.0,0.15,7.05,7,0.0
モンサンミシェル,3,20,0.1,0.2,7.65,7,0.0
Gallileo Figaro,1,20,0.0,0.25,6.95,7,0.0
パールヴァティー,4,20,0.05,0.05,8.6,7,0.0
エリーナ,1,20,0.1,0.45,6.3,7,0.0
クリノマックス,2,20,0.0,0.2,8.85,7,0.0
リオズスターレット,3,20,0.2,0.35,6.8,7,0.0
ダンスインザマミー,4,20,0.0,0.2,7.1,7,0.0
フレンチアイディア,4,20,0.0,0.0,10.5,7,0.0
マイネペンタグラム,4,20,0.0,0.05,9.3,7,0.0
マイネレプリーク,2,20,0.0,0.0,10.2,7,0.0
ペルフィカ,2,20,0.1,0.25,7.9,7,0.5
オーキャロル,3,20,0.15,0.25,8.9,7,0.0
オリーブクラウン,2,20,0.0,0.0,9.15,7,0.0
ルビーフォンテン,2,20,0.0,0.1,10.45,7,0.0
ヒカルアンクレット,2,20,0.0,0.1,6.65,7,0.0
Ghaliah,1,20,0.35,0.45,5.7,7,0.0
バトルエンプレス,4,20,0.1,0.25,7.25,7,0.0
バディ,1,20,0.15,0.4,6.8,7,0.0
フレッシュバニラ,3,20,0.0,0.25,9.8,7,0.0
マウロア,4,20,0.1,0.1,10.0,7,0.5
Nantyglo,1,20,0.05,0.15,7.05,7,0.0
パララサルー,3,20,0.0,0.2,7.9,7,0.0
シーズババズディライト,5,20,0.0,0.05,10.2,7,0.0
ロワール,4,20,0.0,0.15,8.5,7,0.0
Hug It Out,1,20,0.1,0.3,8.45,7,0.0
ブラボーサンライズ,3,20,0.05,0.2,8.1,7,0.0
ピンクガーター,4,20,0.1,0.25,8.05,7,0.0
サザンシーラ,5,20,0.0,0.05,11.0,7,0.0
スカイランダーガール,4,20,0.0,0.0,9.3,7,0.0
ローデッド,4,20,0.0,0.0,10.35,7,0.0
スターアクトレス,4,20,0.1,0.1,7.05,7,0.25
ワンダーマドンナ,4,20,0.05,0.2,9.05,7,0.0
エミネントプリティ,2,20,0.0,0.15,7.8,7,0.0
Zapara,1,20,0.25,0.45,6.6,7,0.0
ピンロックリー,3,20,0.0,0.0,9.8,7,0.0
イケノナイン,1,20,0.0,0.05,7.95,7,0.0
アンジェリカス,3,20,0.2,0.25,8.9,7,0.0
メイプレンピーチ,2,20,0.0,0.2,6.95,7,0.0
パールオブアフリカ,4,20,0.0,0.1,9.2,7,0.0
ハーツデザイヤー,5,20,0.0,0.05,8.25,7,0.0
ドゥケシーナ,2,20,0.05,0.2,7.35,7,0.0
クレインテオドーラ,2,20,0.05,0.15,9.45,7,0.0
クレスコラブリー,1,20,0.15,0.25,8.65,7,0.0
アーチスト,2,20,0.0,0.1,8.05,7,0.0
エムケイミラクル,3,20,0.0,0.0,11.3,7,0.0
スズカシャーマン,3,20,0.05,0.25,7.2,7,0.0
ニコール,2,20,0.15,0.2,7.8,7,0.0
プレーミオ,1,20,0.0,0.0,9.0,23,0.0
パイレートクイーン,4,20,0.0,0.0,10.95,7,0.0
パイシーズ,5,20,0.05,0.15,9.85,7,0.0
サウンドアドバイス,3,20,0.05,0.2,7.45,7,0.0
ビニャデルマール,2,20,0.05,0.15,8.0,7,0.0
She's Gonna Float,1,20,0.05,0.4,5.95,7,0.0
レゲウーマン,1,20,0.1,0.4,5.85,7,0.0
キープレイヤー,4,20,0.05,0.1,10.2,7,0.0
デスピュートロマン,4,20,0.0,0.1,8.55,7,0.0
シンコウノビー,2,20,0.1,0.4,5.45,7,0.0
ラホーヤビーチ,3,20,0.0,0.1,7.9,7,0.0
ブラックウィッチ,2,20,0.1,0.15,8.6,7,0.5
ジェイズミラクル,4,20,0.0,0.1,9.4,7,0.0
Reunite,5,20,0.0,0.1,8.4,7,0.0
ミサ,1,20,0.0,0.35,5.05,7,0.0
Ealaan,1,20,0.0,0.05,8.25,7,0.0
ゴールドマリキヤ,2,20,0.1,0.2,7.25,7,0.0
マキノスペシャル,4,20,0.0,0.15,7.8,7,0.0
ゴールデンハピネス,3,20,0.0,0.05,10.4,7,0.0
トーセンアルバータ,2,20,0.15,0.7,4.1,7,0.0
シンボリバーグ,3,20,0.1,0.2,7.05,7,0.0
ピエノフィオレ,3,20,0.1,0.3,7.45,7,0.0
Jet Setting,1,20,0.1,0.5,5.2,7,0.0
ブラウンテヌート,2,20,0.0,0.05,9.05,7,0.0
タニノピカンテ,3,20,0.0,0.1,10.6,7,0.0
アルマバテーム,2,20,0.0,0.2,7.45,7,0.0
カアチャンコワイ,4,20,0.0,0.1,8.05,7,0.0
ナイルクイーン,2,20,0.05,0.15,7.8,7,0.5
ヒシアメジスト,6,20,0.0,0.0,10.75,7,0.0
ダノングラシアス,5,20,0.0,0.1,10.85,7,0.0
プロレタリアト,3,20,0.05,0.05,9.55,7,0.3333
メイショウバーズ,3,20,0.05,0.05,9.3,7,0.0
カナスヌーマ,3,20,0.05,0.1,8.65,7,0.0
メイショウブリエ,5,20,0.0,0.05,10.3,7,0.0
ブライトメッセージ,5,20,0.0,0.1,8.7,7,0.0
シルヴァースプーン,3,20,0.0,0.0,10.75,7,0.0
シルバーメール,4,20,0.05,0.1,8.45,7,0.0
Sweet Dreams Baby,1,20,0.2,0.4,4.85,15,1.0
ルーシーイズマイン,3,20,0.05,0.1,8.5,7,0.0
ヴィアレッタ,3,20,0.05,0.1,8.4,7,0.0
ノボリディアーナ,3,20,0.0,0.0,9.05,7,0.0
キーオブライフ,2,20,0.05,0.1,9.9,7,0.5
ファンタジー,2,20,0.05,0.1,10.6,23,0.0
サンドラバローズ,3,20,0.05,0.2,6.1,7,0.0
シンシアズブレス,3,20,0.0,0.15,7.45,7,0.0
ビップベリンダ,2,20,0.05,0.1,8.15,7,0.5
ヤマニンドルチェ,4,20,0.0,0.05,11.0,7,0.0
ファド,2,20,0.05,0.25,8.75,7,0.0
リュウヨウ,2,20,0.05,0.15,9.35,7,0.0
テイア,2,20,0.1,0.35,6.85,7,0.0
イシュタルキャスト,3,20,0.15,0.55,3.75,7,0.3333
ラトラヴィアータ,2,20,0.1,0.2,8.7,7,0.0
スナークスマイル,2,20,0.0,0.05,9.85,7,0.0
スナークエレガント,3,20,0.05,0.05,10.5,7,0.0
リングフィンガー,2,20,0.1,0.15,9.25,7,0.0
ニシノテンカラット,2,20,0.1,0.2,9.15,7,0.0
プリンセスムスメ,3,20,0.05,0.1,8.75,7,0.0
スプリングルーシー,2,20,0.05,0.1,8.65,7,0.0
トウカイパステル,3,20,0.0,0.05,9.45,7,0.0
ショコラミント,3,20,0.0,0.05,10.1,7,0.0
アルフェッカ,4,20,0.05,0.1,9.85,7,0.0
Briecat,1,20,0.1,0.4,8.05,15,1.0
ロゾヴァドリナ,2,20,0.05,0.4,5.55,7,0.0
ソワー,4,20,0.0,0.2,6.25,7,0.0
ソロダンサー,3,20,0.15,0.5,6.3,7,0.0
ソルヴェイグ,3,20,0.1,0.25,7.5,7,0.0
スパークアロー,2,20,0.1,0.25,7.8,7,0.0
スパイラルステップ,3,20,0.25,0.6,3.75,7,0.3333
ノーブルジュピタ,4,20,0.0,0.1,8.9,7,0.0
レディフォグホーン,2,20,0.1,0.15,7.4,7,1.0
ヴァリッドアンセム,2,20,0.1,0.2,7.25,7,0.0
ルーチェデルソーレ,3,20,0.0,0.05,10.65,7,0.0
Stormy Blues,1,20,0.05,0.2,6.65,23,0.0
カフェブリリアント,4,20,0.0,0.1,9.4,7,0.0
ミラクルレイザー,2,20,0.05,0.15,6.4,23,0.0
キューティロンプ,2,20,0.0,0.1,9.2,7,0.0
サンドミエシュ,3,20,0.0,0.1,6.85,7,0.0
ハナノメガミ,4,20,0.1,0.25,7.55,7,0.0
ハナズルナピエナ,4,20,0.0,0.1,9.75,7,0.0
ゴッドカリビアン,2,20,0.2,0.5,4.15,7,0.0
ブルーライトクロス,3,20,0.05,0.05,11.0,7,0.0
エイコーンリング,2,20,0.1,0.25,8.6,7,0.0
ユメノトビラ,4,20,0.1,0.2,8.95,7,0.0
ブライティアカーム,4,20,0.0,0.05,11.9,7,0.0
メイショウグレイス,4,20,0.0,0.0,10.5,7,0.0
カレンリスベット,2,20,0.1,0.45,5.45,7,0.0
ピコピコハンマー,4,20,0.0,0.15,9.75,7,0.0
ラヴインザダーク,4,20,0.0,0.1,10.6,7,0.0
ラヴィーゲラン,1,20,0.05,0.15,9.55,7,0.0
ポニーガール,3,20,0.1,0.2,7.3,7,0.3333
ヒマラヤタカコ,4,20,0.1,0.35,7.2,7,0.0
アルフィーネ,4,20,0.05,0.05,11.25,7,0.25
ユキノハボタン,4,20,0.0,0.2,8.6,7,0.0
ビジューミニョン,2,20,0.05,0.15,8.85,7,0.5
ヤマン,4,20,0.0,0.15,5.85,7,0.0
スマイルジュノ,4,20,0.0,0.15,9.95,7,0.0
Diva Von Tessa,1,20,0.1,0.5,5.7,7,0.0
コーディング,3,20,0.05,0.2,10.15,7,0.0
トワエモア,2,20,0.1,0.25,7.2,7,0.0
アズサトップレディ,2,20,0.0,0.2,7.35,7,0.0
ターフドンナ,3,20,0.15,0.35,5.5,7,0.5
ターフデザイナー,3,20,0.2,0.35,5.4,7,0.0
Kerry's Dream,1,20,0.2,0.5,6.8,7,0.0
Le Relais,1,20,0.05,0.15,9.0,7,0.0
レアプラチナ,3,20,0.0,0.0,11.6,7,0.0
Spoken,1,20,0.15,0.2,8.45,15,1.0
Speightsy Heart,1,20,0.15,0.35,5.4,15,1.0
シキノイロドリ,6,20,0.0,0.05,10.1,7,0.0
ホールオブフェーム,2,20,0.15,0.3,8.05,7,0.0
シュガーミント,3,20,0.0,0.1,9.85,7,0.0
グリューネヴォッヘ,4,20,0.15,0.5,4.8,7,0.25
コージネット,1,20,0.0,0.05,6.7,7,0.0
レッドハート,2,20,0.05,0.1,7.25,7,0.0
プリンセスバリュー,3,20,0.2,0.5,4.55,7,0.0
プリンセスケイト,3,20,0.0,0.2,7.2,7,0.0
スマートブライト,3,20,0.1,0.25,7.45,7,0.0
ライトファンタスティック,3,20,0.1,0.2,7.4,7,0.3333
Date to Remember,1,20,0.05,0.3,7.0,7,0.0
セイリングデイ,3,20,0.05,0.1,10.05,7,0.5
シゲルリクゼン,3,20,0.05,0.05,9.1,7,0.0
パラダイスフラワー,3,20,0.05,0.25,6.0,7,0.0
ラヴァズアゲイン,3,20,0.0,0.1,7.25,7,0.0
ボロブドゥール,3,20,0.0,0.0,10.2,7,0.0
ロイヤルリネージ,3,20,0.05,0.15,8.65,7,0.0
ロスヴィータ,4,20,0.0,0.0,10.45,7,0.0
ウグイスジョウ,2,20,0.05,0.05,10.45,7,0.0
ヨシサプライズ,4,20,0.0,0.05,11.5,7,0.0
ムーンダンサー,2,20,0.0,0.1,8.95,7,0.0
Acquant,1,20,0.2,0.6,4.2,15,1.0
フラットウェアー,3,20,0.0,0.0,10.5,7,0.0
リュミエールドール,3,20,0.15,0.25,7.55,7,0.3333
アイリスフィール,3,20,0.1,0.35,6.0,7,0.0
インプレショニスト,4,20,0.05,0.2,7.5,7,0.0
ブーケフレグランス,5,20,0.0,0.0,12.55,7,0.0
セリエンホルデ,3,20,0.25,0.35,5.85,7,1.0
ニュートロンスター,3,20,0.0,0.0,10.1,7,0.0
テイエムチュラサン,5,20,0.1,0.15,10.55,7,0.25
フォースライト,3,20,0.15,0.3,7.05,7,0.0
トレジャリング,3,20,0.05,0.05,7.2,7,0.3333
シャトゥーシュ,2,20,0.05,0.05,11.25,7,0.0
マリノアンチーク,2,20,0.05,0.05,10.2,7,0.0
Nick's Nikita,1,20,0.2,0.7,2.8,7,0.0
マチカネエンムスビ,4,20,0.05,0.15,9.05,7,0.0
クラリン,3,20,0.15,0.35,7.6,7,0.0
サトノレーヌ,3,20,0.0,0.15,8.7,7,0.0
ミッキーコマンド,3,20,0.0,0.1,9.7,7,0.0
エーシンブランシュ,2,20,0.05,0.25,6.9,7,0.5
タガノグラッツェ,2,20,0.1,0.25,7.2,7,0.0
タガノイノセンス,4,20,0.1,0.35,6.95,7,0.0
ベストリーダー,5,20,0.05,0.1,10.0,7,0.0
ベストマリッジ,2,20,0.05,0.15,9.65,7,0.0
コズミックウィッシュ,2,20,0.1,0.1,9.8,7,0.0
アイヴィベル,3,20,0.15,0.4,6.45,7,0.0
センスオブアート,3,20,0.15,0.25,9.45,7,0.0
バラッドレディ,1,20,0.05,0.25,6.6,7,0.0
ウィザウトアトレイス,5,20,0.0,0.0,10.45,7,0.0
ラグナグ,3,20,0.0,0.05,11.3,7,0.0
レイヌドネージュ,5,20,0.0,0.0,9.65,7,0.0
ムーンエクスプレス,3,20,0.0,0.0,8.75,7,0.0
バードオンアスク,3,19,0.1053,0.3684,5.6316,7,0.0
プラチナガール,2,19,0.0526,0.1053,9.5789,7,0.0
セキショウ,1,19,0.1579,0.2632,8.5263,15,1.0
ラシアンレヴォリューション,4,19,0.0526,0.1053,8.5789,7,0.0
ハルカナルタビジ,2,19,0.0526,0.2105,8.8421,7,0.0
アズライト,3,19,0.0,0.0526,9.9474,7,0.0
コミラス,1,19,0.0526,0.2632,9.2632,7,0.0
コロナ,2,19,0.0,0.0,10.0526,7,0.0
グロンシャール,2,19,0.1579,0.3158,4.9474,7,0.0
テイルオブゴールド,1,19,0.1053,0.3158,7.0526,7,0.0
スロットル,2,19,0.0,0.0526,9.1053,7,0.0
スーパーラヴァー,2,19,0.2105,0.3158,8.4211,7,0.0
セイウンクロエ,5,19,0.0526,0.1053,10.5789,7,0.2
セイントヘレナ,3,19,0.1579,0.5263,6.0526,7,0.3333
ニホンピロアミーカ,5,19,0.0,0.0,11.5263,7,0.0
ウェルカムミレニアム,1,19,0.0526,0.2105,6.7368,7,0.0
Dupe,1,19,0.1579,0.5789,3.8421,7,0.0
ドリームアンドホープ,3,19,0.0526,0.1579,7.8947,7,0.0
シャンラン,2,19,0.0526,0.1053,9.9474,7,0.0
シュガーアート,3,19,0.0526,0.0526,10.7895,7,0.3333
Lady Tak,2,19,0.2105,0.3684,6.3684,15,1.0
ラヴァーズロック,3,19,0.0,0.1579,8.0,7,0.0
ドナプレミア,1,19,0.1053,0.3158,5.6842,7,0.0
シシーダルザス,3,19,0.1053,0.2105,7.8947,7,0.0
シャインダイアン,3,19,0.0,0.1053,9.2632,7,0.0
ドメニカ,2,19,0.1579,0.5789,5.1579,7,0.0
シャドウファイル,2,19,0.0526,0.2105,8.6842,7,0.0
シャドウカラーズ,4,19,0.0,0.0,9.6842,7,0.0
ハツガツオ,3,19,0.0,0.0,10.0526,7,0.0
シャルムダンサー,4,19,0.0526,0.1053,8.9474,7,0.0
シャドウフェアリー,3,19,0.0526,0.1579,10.6842,7,0.0
ボーアンドベッグ,2,19,0.1053,0.2632,8.0,7,0.0
Bodacious Babe,1,19,0.1579,0.2632,7.3684,15,1.0
Lethal Heat,1,19,0.2105,0.4211,5.6842,23,0.0
ヒメベニサクラ,2,19,0.1053,0.3158,5.7368,7,0.5
ショウナンアマーレ,3,19,0.0,0.1053,8.6842,7,0.0
カレンダーガール,4,19,0.0,0.2632,8.5789,7,0.0
カルナヴァレ,4,19,0.0,0.0526,9.0,7,0.0
メイショウサマンサ,1,19,0.2105,0.4737,6.1053,7,0.0
Lee Ann W,1,19,0.1579,0.3684,7.0,15,1.0
Ski Holiday,1,19,0.1579,0.3158,7.1053,7,0.0
キャラット,5,19,0.0,0.1579,8.3158,7,0.0
キュートガール,2,19,0.0526,0.2105,7.6316,7,0.0
キュートアゲン,4,19,0.0526,0.2105,9.2632,7,0.0
シエルクレール,2,19,0.0,0.2632,5.5789,7,0.0
シェーンフレール,4,19,0.0,0.1579,7.1053,7,0.0
ミントフレッシュ,3,19,0.0,0.0526,9.1053,7,0.0
ターフデライト,2,19,0.1053,0.1053,8.1053,7,0.0
ガウラミディ,3,19,0.0526,0.1053,9.4737,7,0.3333
ハッピーマキシマム,4,19,0.0,0.0526,10.9474,7,0.0
ヒメキヨヒダカ,3,19,0.0,0.1579,8.9474,7,0.0
Centerpiece,1,19,0.0,0.1579,8.0526,7,0.0
Cathy's Love,2,19,0.1053,0.2632,8.5263,7,0.0
アクロバットラン,2,19,0.0,0.3158,5.4211,7,0.0
カルカリーナ,1,19,0.0,0.2105,6.6316,7,0.0
カリンバ,4,19,0.1579,0.3158,8.2632,7,0.25
Joyful Victory,1,19,0.1053,0.3158,7.9474,15,1.0
ホープフルドリーム,2,19,0.0526,0.1053,9.0,7,0.0
キラービューティ,3,19,0.2632,0.5263,5.4737,7,0.6667
アメイジングライト,3,19,0.0,0.0526,8.4211,7,0.0
キョウワセイラン,3,19,0.0,0.0,10.4211,7,0.0
ポレンティーナ,1,19,0.0,0.1579,8.4737,7,0.0
キョウエイダルク,3,19,0.0,0.1579,8.0,7,0.0
ハートフルビコー,5,19,0.1053,0.1579,9.5263,7,0.3333
ピッチシフター,2,19,0.0526,0.1053,7.4737,15,1.0
フィーリンググー,2,19,0.1053,0.4737,5.0526,7,0.0
デリキット,2,19,0.0,0.0,9.0,7,0.0
ホリデイスクリーン,3,19,0.0,0.0,9.6842,7,0.0
ツボミ,3,19,0.0526,0.2632,7.0526,7,0.0
カチョウフウゲツ,5,19,0.0,0.0526,10.2105,7,0.0
ホッコータピタン,3,19,0.1053,0.3158,5.8421,7,0.0
シルバーバレットムーン,4,19,0.1579,0.3684,5.7368,7,0.0
Sweet Talker,1,19,0.2105,0.4211,7.6842,15,1.0
チーフザムーン,2,19,0.0526,0.1579,6.1579,7,0.0
ヴィミーリッジ,3,19,0.0,0.1053,7.5789,7,0.0
ミラクルセイリング,3,19,0.1053,0.3684,8.5789,7,0.0
キロロプラム,2,19,0.1053,0.2632,6.6316,7,0.0
サンメンフィス,3,19,0.0526,0.2632,6.9474,7,0.0
シラタマ,2,19,0.1053,0.1053,8.5789,7,0.0
ラリエット,3,19,0.0526,0.1579,8.4211,7,0.0
シルクアグライア,4,19,0.0,0.0,11.2105,7,0.0
ロングスターダム,2,19,0.2105,0.6316,4.7895,7,0.0
フィールザプリティ,3,19,0.0526,0.3684,6.3684,7,0.0
シーサイドロマンス,2,19,0.1053,0.3158,8.8947,7,1.0
ホウショウワールド,2,19,0.1579,0.3684,7.0,7,0.0
Sheraton Park,1,19,0.1579,0.5263,4.8947,15,1.0
マイソールラブ,1,19,0.0526,0.2632,8.3684,7,0.0
カザグルマ,2,19,0.0,0.1053,7.6842,7,0.0
ノアフェアリー,3,19,0.0,0.0,9.6842,7,0.0
ノアビジン,4,19,0.0526,0.1053,9.3158,7,0.3333
カウニスクッカ,4,19,0.1053,0.1579,8.8947,7,0.25
シレーナ,2,19,0.1053,0.3684,6.0526,7,0.0
シンコペーション,3,19,0.0,0.1053,9.6842,7,0.0
ホッコーティアラ,4,19,0.0,0.0526,11.6316,7,0.0
アルマニンファ,3,19,0.0,0.1053,8.3684,7,0.0
アロマキャンドル,6,19,0.0526,0.0526,10.6842,7,0.0
メイショウレンマ,3,19,0.0,0.2632,5.6842,7,0.0
タケデンサファイヤ,1,19,0.0526,0.1053,9.5789,15,1.0
タキオンピュール,3,19,0.0526,0.1053,8.1579,7,0.0
オーガスタムーン,2,19,0.0,0.0,13.3158,7,0.0
ディープスマイル,2,19,0.0526,0.1579,7.6842,7,0.0
ディープジュエリー,4,19,0.0526,0.1579,6.7368,7,0.0
ジェルミナーレ,3,19,0.0,0.2632,7.3684,7,0.0
Tiz Miz Sue,2,19,0.1579,0.5263,5.2632,7,0.5
トキオタヒーチ,2,19,0.0526,0.2105,8.1053,7,0.0
クイーンガバナンス,3,19,0.0526,0.1579,7.7368,7,0.0
ミヤビリーティー,2,19,0.0,0.1053,6.3158,7,0.0
シーティス,4,19,0.1579,0.3684,5.6842,7,0.3333
ディープビヨンド,5,19,0.0526,0.1579,8.0,7,0.0
フェアチャイルド,3,19,0.0,0.0,9.6842,7,0.0
オーゴンカガヤキ,3,19,0.0,0.1053,10.3158,7,0.0
シンワクイーン,2,19,0.1053,0.2632,7.6316,7,0.0
パールウェディング,3,19,0.1053,0.2105,8.8421,7,0.0
オウケンビリーヴ,2,19,0.0,0.0,8.1579,7,0.0
ジョセット,3,19,0.0526,0.0526,9.7895,43,0.0
クラウンビション,6,19,0.0,0.0526,10.5263,7,0.0
サフラントウショウ,5,19,0.0,0.0,12.3158,7,0.0
クラウンシトラス,4,19,0.0526,0.0526,10.3158,7,0.0
クイーンマンボ,2,19,0.2105,0.4737,5.2105,7,0.0
レガリニ,3,19,0.1579,0.3684,6.3158,7,0.0
ジャポニカーラ,3,19,0.1053,0.2105,6.6316,7,0.3333
オトヒメ,2,19,0.0,0.1579,8.0526,7,0.0
フェアレストケープ,3,19,0.0,0.0526,9.0526,7,0.0
ディミータ,7,19,0.0,0.0526,10.5789,7,0.0
ヴァニティールールズ,2,19,0.0526,0.2105,6.1579,7,0.5
ヴァケア,1,19,0.0526,0.1579,8.5789,7,0.0
ジネブラルスキー,3,19,0.0,0.0,10.6842,7,0.0
オリエンタルダンス,2,19,0.0526,0.2105,7.7895,7,0.0
ジャズカーニバル,3,19,0.0526,0.1579,7.4737,23,0.0
エンドレスドリーム2,4,19,0.0,0.1053,9.4737,7,0.0
ルイゼリアクィーン,4,19,0.0,0.0,10.4737,7,0.0
フレンチサマー,4,19,0.0,0.1579,8.5263,7,0.0
Backseat Rhythm,1,19,0.2105,0.4737,4.6842,15,1.0
トーホウアイレス,2,19,0.1053,0.2105,7.8947,7,0.0
クラウンザショパン,6,19,0.0,0.0,11.2632,7,0.0
クラウンアゲン,3,19,0.0,0.1053,8.5263,7,0.0
ファンシーオレンジ,3,19,0.0,0.3158,7.5263,7,0.0
ジョジョニー,3,19,0.0526,0.3158,5.3684,7,0.0
エーシンヘラ,4,19,0.0,0.0,10.5789,7,0.0
アンフレシェ,3,19,0.0,0.2632,7.1579,7,0.0
タカミツスズラン,3,19,0.0,0.0526,8.0526,7,0.0
ディテール,2,19,0.0526,0.2105,7.7368,7,0.0
ディスポーザブルプレジャー,2,19,0.1579,0.3684,6.8421,7,0.5
ハッピーオーキッド,2,19,0.1579,0.3684,5.1579,15,0.5
ベルモントラハイナ,5,19,0.0526,0.0526,12.3684,7,0.0
エンクリプション,4,19,0.0526,0.3158,6.7895,7,0.25
Chausie,1,19,0.0,0.0526,8.2632,7,0.0
Chatham,2,19,0.1579,0.5789,3.8421,7,0.0
ヒアデス,1,19,0.0526,0.2632,7.1579,7,0.0
ナリタルナパーク,2,19,0.1579,0.3158,6.4737,7,0.0
ミスティーミス,3,19,0.0,0.1579,7.7368,15,0.0
リアンローズ,1,19,0.0526,0.1053,9.9474,43,0.0
アフィニティ,4,19,0.0,0.1053,10.1053,7,0.0
Royalesque,2,19,0.0,0.1053,8.3158,7,0.0
クリスマスローズ,3,19,0.0526,0.0526,9.3158,7,0.0
パシャ,3,19,0.0526,0.0526,9.7895,7,0.5
ジーベロニカ,4,19,0.1579,0.3158,6.3684,7,0.0
ベッラレジーナ,1,19,0.1053,0.2632,6.6842,15,1.0
ベルエアメイダン,2,19,0.1579,0.6842,3.2105,7,0.0
エーシンエポナ,2,19,0.1579,0.3158,7.0526,15,1.0
アンリーチャブルスター,3,19,0.0,0.2632,7.7368,7,0.0
エバープレゼント,2,19,0.0,0.0,11.3684,7,0.0
ヤナビ,2,19,0.0,0.1053,8.1579,7,0.0
サクラブルース,3,19,0.1579,0.2632,8.6842,7,0.0
フレンチ,3,19,0.0,0.2632,6.4737,7,0.0
ノースファンタジー,2,19,0.0,0.0526,8.3684,7,0.0
レッドオーヴァル,3,19,0.0,0.3684,5.6842,7,0.0
ファルトレク,2,19,0.0,0.0526,10.0526,7,0.0
スウィートマフィン,2,19,0.0,0.0,11.1579,7,0.0
ブルジュオン,4,19,0.0526,0.1579,9.5263,7,0.25
エリティエール,3,19,0.0526,0.1579,6.5263,7,0.3333
リーフ,3,19,0.0,0.0526,8.0,7,0.0
スカーレピーコック,3,19,0.0526,0.0526,11.1053,7,0.0
Follow My Tail,1,19,0.0526,0.3158,6.1053,7,0.0
リーサルウェポン,3,19,0.0526,0.2105,8.6316,7,0.0
エメラルドミスト,4,19,0.0,0.0,11.6842,7,0.0
ディアデム,4,19,0.0,0.0526,9.8421,7,0.0
プロプライエタリ,2,19,0.0,0.1579,8.6842,7,0.0
スターパレード,4,19,0.0526,0.1053,9.5789,7,0.0
クロスアンジュ,2,19,0.0526,0.2105,6.7368,7,0.0
Ms Louisett,1,19,0.0,0.0526,8.6316,7,0.0
Attraction,1,19,0.1053,0.1579,8.3158,15,1.0
ダンスフォーママ,1,19,0.1053,0.3684,4.8421,43,0.0
アサクサコンソメ,3,19,0.0526,0.0526,10.4211,7,0.0
マウレア,3,19,0.0,0.0526,9.7895,7,0.0
サクラアカツキ,3,19,0.0526,0.1053,8.7895,7,0.0
クレマチスクィーン,5,19,0.0526,0.2632,7.5789,7,0.0
サクラトップクイン,3,19,0.0526,0.0526,11.5789,7,0.0
ビューティサフラン,3,19,0.0526,0.0526,9.6316,7,0.0
ニキーヤ,3,19,0.0526,0.2105,7.1579,7,0.0
ラビングリーシャ,2,19,0.0,0.0526,8.4211,7,0.0
スズカビンテージ,6,19,0.0,0.0,12.2105,7,0.0
エピストロフィー,3,19,0.1053,0.1579,7.4737,7,0.0
Cowgirl Lucky,1,19,0.2105,0.5263,5.7895,15,1.0
イクスペクトトゥシャイン,1,19,0.1053,0.3684,5.9474,7,0.0
エスティマリリン,3,19,0.0526,0.1053,7.5263,7,0.0
エターナルスター,3,19,0.0526,0.0526,9.3684,7,0.0
ローレルディライト,1,19,0.0526,0.2105,6.0,7,0.0
エクレールアンジュ,4,19,0.0,0.1579,7.4737,7,0.0
リキサンキャロル,5,19,0.0,0.0,12.6316,7,0.0
フラウラ,4,19,0.0,0.0,10.5263,7,0.0
チークトゥチーク,2,19,0.0526,0.0526,9.7368,7,0.0
サインヒア,2,19,0.0,0.1579,9.1053,7,0.0
クローバーナイト,3,19,0.0,0.1579,8.1579,7,0.0
Namaste's Wish,1,19,0.0,0.2632,6.2105,7,0.0
ヘイロンシン,2,19,0.3158,0.4211,6.1579,7,0.0
ネイルドイット,3,19,0.0,0.0,10.4737,7,0.0
ネイルセンプー,1,19,0.0526,0.1579,8.1579,7,0.0
ローランウィスパー,3,19,0.0,0.1053,9.4211,7,0.0
ハギノフェリス,3,19,0.0,0.0526,9.7895,7,0.0
タイキクリスティー,2,19,0.0,0.1579,8.6842,7,0.0
プレジャーカフェ,2,19,0.0,0.0,9.2632,7,0.0
エカポールパンダ,4,19,0.0526,0.0526,9.6842,7,0.0
ストームホイッスル,3,19,0.1053,0.1579,7.8421,7,0.0
マコトナワラタナ,3,19,0.0,0.1053,9.8421,7,0.0
リニアミューズ,1,19,0.3158,0.8947,2.0526,131,0.0
ダーリング,3,19,0.0,0.1053,8.4737,7,0.0
アドマイヤラブ,4,19,0.0,0.1053,10.1053,7,0.0
Nimue,1,19,0.1053,0.2632,6.7368,7,0.0
マンテラライ,3,19,0.1053,0.3684,6.0,7,0.5
マコトカンパネッロ,1,19,0.1053,0.2105,8.1579,7,0.0
マンリーポッケ,2,19,0.0,0.0,8.5789,15,0.0
クールドフランス,1,19,0.1053,0.1579,7.3158,7,0.0
サウスキャロライナ,3,19,0.0,0.1579,7.5789,7,0.0
レッドストリング,3,19,0.0,0.0526,9.0526,7,0.0
イセエビ,4,19,0.0,0.1053,9.9474,7,0.0
ソルファ,3,19,0.1579,0.1579,8.7895,7,0.0
ニシノプロミネンス,4,19,0.0,0.0,10.3684,7,0.0
グリーンプラネット,2,19,0.0,0.1579,8.2105,7,0.0
グレイトグレイス,6,19,0.0,0.0,13.8421,7,0.0
グリントオブライト,3,19,0.1579,0.2105,7.7895,7,0.5
アドマイヤディア,4,19,0.0,0.0,11.4211,7,0.0
マザーラドクリフ,2,19,0.0,0.0526,11.2632,7,0.0
グランドパトラ,1,19,0.0,0.1579,7.7895,7,0.0
マサノジュエリー,3,19,0.2105,0.2632,7.3158,7,0.0
マサイマラ,4,19,0.0526,0.1579,10.2632,7,0.25
ヤマノビーナス,1,19,0.1053,0.1579,8.7368,7,0.0
ラトーヌサンライズ,3,19,0.0526,0.1579,9.3158,7,0.3333
エイシンリンデン,3,19,0.0526,0.3158,7.4211,7,0.0
テンモース,3,19,0.0526,0.3684,4.7895,7,0.0
ハクサンエルモ,3,19,0.0,0.0,8.5789,7,0.0
ウンビジョン,3,19,0.0,0.2105,9.7368,7,0.0
アイスコールド,2,19,0.1053,0.1053,8.4737,7,0.0
ワイルドフラワー,5,19,0.0,0.1579,7.9474,7,0.0
スマイルミーティア,4,19,0.0,0.0526,9.0526,7,0.0
マリーファー,2,19,0.0526,0.3158,8.0,7,0.0
リナーテ,3,19,0.1579,0.6316,3.7368,7,0.3333
ノーブルガイア,2,19,0.0,0.2632,6.3684,7,0.0
グレイスフルソング,5,19,0.0,0.0,11.1579,7,0.0
マジカルフラッシュ,4,19,0.0,0.0,9.5789,7,0.0
Coco as in Chanel,1,19,0.0526,0.1579,9.4211,7,1.0
ワンダービリーヴ,2,19,0.0,0.0,9.0526,7,0.0
ラックスフィールドロード,2,19,0.1053,0.2632,8.1053,7,0.0
エアブライス,4,19,0.0526,0.2632,9.2632,7,0.0
エアリバティー,1,19,0.0526,0.3684,4.9474,23,0.0
ハギノハーセルフ,5,19,0.0526,0.1579,9.8421,7,0.0
ハギノハニー,4,19,0.1053,0.2632,8.2632,7,0.0
ワレンダークイン,1,19,0.1579,0.2105,6.3684,7,0.0
ワルツダンサー,1,19,0.2632,0.3158,6.0526,23,0.0
プリティーキャット,1,19,0.1579,0.2632,8.1579,7,0.0
マダムルコント,3,19,0.0,0.1579,8.9474,7,0.0
パルティトゥーラ,3,19,0.1579,0.3158,6.3158,7,0.5
チェリーブロッサム,4,19,0.0,0.0,11.8947,7,0.0
グレーパール,4,19,0.0526,0.1053,9.9474,7,0.0
グレースハート,3,19,0.0526,0.1579,9.1053,7,0.0
グローリアスレイ,4,19,0.1053,0.2105,7.8947,7,0.0
ブルーロバリー,1,19,0.2632,0.3158,6.1579,7,0.0
イマジネーション,3,19,0.0526,0.1053,8.1579,7,0.0
ウエスタンビアンコ,2,19,0.0,0.0,9.4211,7,0.0
ライジングリーズン,2,19,0.0,0.1053,7.4737,7,0.0
ライトハートリー,1,19,0.2632,0.5789,4.5789,7,0.0
テラノヴァ,1,19,0.1053,0.3684,4.9474,15,1.0
Chick Flick,1,19,0.2105,0.5263,6.0,7,0.0
セレブリティ,4,19,0.0,0.1053,9.3684,7,0.0
Passion Du Coeur,1,19,0.3158,0.4737,5.9474,15,1.0
コスモユウコリン,1,19,0.0526,0.0526,9.9474,7,0.0
ヒシエンジェル,4,19,0.0,0.0526,10.8947,7,0.0
リトルシャンブルズ,4,19,0.1579,0.2105,9.5263,7,0.25
マラジニア,2,19,0.0526,0.4211,4.5789,7,0.0
コマノラミア,3,19,0.1053,0.1053,8.7368,7,0.6667
パレード,3,19,0.2105,0.4211,5.9474,7,0.3333
マッチザピース,3,19,0.0,0.3158,5.4211,7,0.0
レディジェーン,6,19,0.0526,0.1053,9.4737,7,0.0
Crosswinds,1,19,0.0526,0.1053,7.3684,7,0.0
Crescenda,1,19,0.0526,0.1579,8.0526,7,0.0
イリリア,4,19,0.0526,0.4737,5.5789,7,0.0
ニホンピロマイヒメ,2,19,0.0526,0.2105,7.4211,7,0.0
ライヴリーデイズ,4,19,0.0526,0.2105,6.7368,7,0.0
テイクウォーニング,3,19,0.1579,0.3684,5.3158,7,0.0
ダイヤモンドアスク,5,19,0.0526,0.1053,9.1579,7,0.0
ダイタクドルチェ,2,19,0.0526,0.1053,12.0,7,0.0
ボロナイビューティ,2,19,0.0,0.0526,9.8421,7,0.0
ラヴァーズチェイス,1,19,0.1053,0.3158,6.4211,7,0.0
キヌガサローズ,1,19,0.0,0.3684,6.0,7,0.0
シトロプシス,2,19,0.0,0.2105,6.4211,7,0.0
シベリアンセオリー,2,19,0.0,0.3158,4.3684,7,0.0
トゥルーファンタジー,2,19,0.1053,0.1579,8.6316,7,0.0
チュウワビーナス,5,19,0.0,0.0,11.5789,7,0.0
チュウワグルーヴ,2,19,0.1053,0.1053,9.7368,7,0.0
コシズエッグ,1,19,0.0526,0.4211,6.5789,7,0.0
Pashmina,1,19,0.1579,0.5789,6.1053,7,0.0
マニクール,3,19,0.2632,0.3158,5.6316,7,0.3333
コウギョウデジタル,2,19,0.1053,0.3158,7.3684,7,0.0
プラスヴァンドーム,4,19,0.0526,0.0526,10.2105,7,0.3333
セレーサ,4,19,0.0,0.0526,10.1579,7,0.0
ヴィクトリアローズ,3,18,0.0,0.0556,9.4444,7,0.0
バードオブワンダー,5,18,0.0,0.0,9.1111,7,0.0
Back in the Shade,1,18,0.2222,0.4444,5.5556,7,0.0
キントラ,3,18,0.1111,0.3333,7.8889,7,0.0
ミラクルムーン,1,18,0.1111,0.2778,6.6111,7,0.0
クバター,1,18,0.1111,0.1667,7.9444,23,0.0
ミホユニヴァース,3,18,0.0,0.1111,8.8889,7,0.0
ワカサイティング,2,18,0.0,0.1111,8.9444,7,0.0
ワットドゥアイワントザットフォー,2,18,0.0,0.1111,8.2222,7,0.0
ワタリレディー,2,18,0.0,0.0,11.1667,7,0.0
ワスレナイデ,2,18,0.0,0.0556,10.2222,23,0.0
ダノンチェリー,4,18,0.3333,0.5,6.0,7,0.5
キュンティア,3,18,0.0556,0.1111,6.2222,7,0.0
キャヴァルドレ,2,18,0.2222,0.5556,4.8889,7,0.5
クラサヴィカ,2,18,0.0,0.0556,10.2778,7,0.0
クルールヴィオラ,1,18,0.1667,0.3889,6.0556,7,0.0
クリノミユキチャン,4,18,0.0,0.0,11.3889,7,0.0
クリスティーナサンチェス,4,18,0.0,0.0,9.1111,7,0.0
ミスバレイ,3,18,0.0,0.0,11.2222,7,0.0
ピンクガーベラ,3,18,0.1667,0.3889,7.5,7,0.3333
For Evva Silca,1,18,0.0556,0.2222,8.9444,67,0.0
ローランデイラミ,3,18,0.0,0.1111,8.8889,7,0.0
Fanfire,1,18,0.0556,0.1111,9.1111,15,1.0
Fancy Kitten,1,18,0.3333,0.5556,6.2222,15,1.0
ダイワレーヌ,3,18,0.0,0.1111,8.2778,7,0.0
バトルマドカ,3,18,0.0556,0.1111,9.2222,7,0.5
ドラゴンホマレ,2,18,0.1111,0.1667,6.2778,7,0.0
キクノディアナ,2,18,0.0556,0.1667,8.8333,7,0.0
ガティーク,1,18,0.0,0.1667,7.4444,7,0.0
メイショウキトリ,6,18,0.0,0.1667,10.2778,7,0.0
マーベラスローズ,3,18,0.0556,0.0556,11.1111,7,0.0
カレンマーガレット,3,18,0.0,0.0,8.7778,7,0.0
メイショウサリー,3,18,0.1111,0.2778,7.8889,7,0.0
カリブレディ,1,18,0.0,0.1111,7.7778,7,0.0
カラダダイヤモンド,4,18,0.0,0.0,10.8333,7,0.0
トーセンインディ,4,18,0.0,0.0556,8.0,7,0.0
ピクシーチャーム,3,18,0.0,0.1667,10.0,7,0.0
Good Vibes,1,18,0.0556,0.2222,6.0,7,0.0
ダイヤモンドピアス,1,18,0.0,0.3889,6.6111,131,0.0
ターントゥタイド,3,18,0.0,0.0556,8.6111,7,0.0
ローズバレッタ,2,18,0.0,0.1667,7.1667,7,0.0
バトルジェジェジェ,3,18,0.0556,0.5,6.0556,7,0.0
Funny Bay,1,18,0.1667,0.2778,7.6667,7,0.0
カズサヒロイン,2,18,0.0556,0.3333,6.1667,7,0.0
ピエールドリュヌ,4,18,0.1111,0.3333,6.5,7,0.0
メイビーズエイム,2,18,0.0556,0.2222,7.5,7,0.0
ピースオブアイ,1,18,0.1111,0.1667,7.7778,7,0.0
グレイスフルムーヴ,4,18,0.0,0.0,11.1667,7,0.0
マルダイメグ,2,18,0.0,0.1111,7.5556,7,0.0
グリームバイオ,5,18,0.0,0.0556,10.3333,7,0.0
カイザーバル,2,18,0.1667,0.2222,6.3889,7,0.0
オーロラエンブレム,4,18,0.1111,0.2222,6.8333,7,0.25
オールモストフォーエヴァー,4,18,0.0,0.1667,8.5556,7,0.0
メイプルキャンディ,3,18,0.0,0.0556,10.2222,7,0.0
ブライトホープ,2,18,0.1667,0.4444,6.8333,7,0.0
バイザスポーツ,4,18,0.1111,0.1111,9.3889,7,0.0
パフォーム,2,18,0.0556,0.1667,7.2222,7,0.0
トーアアテナ,4,18,0.1667,0.3333,9.1111,7,0.5
マリーゴールド,2,18,0.0,0.1667,9.0556,7,0.0
オートクチュール,2,18,0.0,0.0556,10.2222,7,0.0
オータムフラワー,2,18,0.1111,0.1667,7.7222,7,0.0
オークションルーム,2,18,0.0,0.1111,8.1111,7,0.0
トレヴィサンライズ,1,18,0.0,0.0,9.9444,7,0.0
ケイアイリード,2,18,0.1111,0.2222,7.8889,7,0.0
ケイアイカミノアシ,1,18,0.2222,0.5,5.6111,15,1.0
マリナーズコンパス,4,18,0.0556,0.1667,8.6667,7,0.0
メジロサンドラ,3,18,0.0,0.0556,9.3889,7,0.0
メジロクロユリ,4,18,0.0556,0.1667,9.3333,7,0.0
Izzy Kate,1,18,0.2222,0.2778,5.5,7,0.0
Ishitaki,3,18,0.0,0.2222,7.1667,7,0.0
Indigo Gin,1,18,0.1111,0.4444,4.7222,7,0.0
ナデシコニッポン,5,18,0.0556,0.0556,8.5,7,0.3333
オノユウ,4,18,0.0,0.1667,8.6667,7,0.0
メディアプランナー,1,18,0.0556,0.1667,7.2222,23,0.0
トレノブレーヴィ,4,18,0.0556,0.0556,8.5556,7,0.0
マヤノソーナ,3,18,0.0556,0.1667,10.7222,7,0.0
ビーフィットウォー,3,18,0.0,0.0556,9.6667,7,0.0
メルシーミヨ,4,18,0.0556,0.1111,10.1667,7,0.0
ナムラオーキッド,2,18,0.1111,0.2222,7.7222,7,0.0
エーシンスピカ,3,18,0.0556,0.0556,11.2778,7,0.3333
モアムーンライト,1,18,0.0556,0.2222,7.6667,7,0.0
モアニケアラ,2,18,0.1667,0.3333,6.5,7,0.0
マッキーエクセル,3,18,0.0,0.0,11.3333,7,0.0
ナムラセレナーデ,3,18,0.0,0.1667,8.2222,7,0.0
ゴッドパイレーツ,2,18,0.1667,0.6111,5.6111,7,0.0
マジックペイントブラッシュ,3,18,0.0556,0.2222,8.0,7,0.0
エントリーチケット,2,18,0.1667,0.7222,2.8889,7,0.0
ハートランドスノー,3,18,0.0556,0.2222,8.2778,7,0.3333
Kushnarenkovo,1,18,0.0556,0.1667,6.1667,23,0.0
パラダイスコースト,3,18,0.1111,0.1111,11.4444,7,0.0
モズキンメダリスト,5,18,0.0556,0.0556,11.1667,7,0.0
ビンジンスキー,2,18,0.0,0.2222,7.9444,23,0.0
エルミラージュ,1,18,0.0556,0.2222,8.1111,23,0.0
エリーティアラ,2,18,0.1111,0.2222,6.1667,7,0.0
ナリタシリカ,3,18,0.0,0.0,11.3333,7,0.0
エメラルドインディ,4,18,0.0,0.0,11.1667,7,0.0
マキハタスリリング,5,18,0.0,0.0,14.4444,7,0.0
サイレンスイズゴールド,1,18,0.1667,0.2222,6.6667,7,0.0
ナンシーフロムナイロビ,3,18,0.1111,0.2222,6.8333,7,0.0
エムオークィーン,2,18,0.0,0.0556,10.1111,7,0.0
モーニングラン,4,18,0.0,0.0556,9.7222,7,0.0
マイネディーバ,4,18,0.0556,0.0556,10.6667,7,0.3333
マイネベクルックス,4,18,0.0556,0.1111,9.5556,7,0.0
マイネマキアージュ,5,18,0.0,0.0,11.2222,7,0.0
ハートサムデイ,3,18,0.0556,0.2222,8.6667,7,0.0
Mare and Cher,1,18,0.1111,0.1667,7.4444,7,0.0
タカラハーバー,2,18,0.2778,0.5556,4.7222,7,0.0
トキメキハニー,3,18,0.0,0.0556,9.7222,7,0.0
サドーダンサー,2,18,0.0556,0.1667,7.1111,7,0.0
サンターナズソング,2,18,0.1111,0.1111,7.7778,7,0.0
サンウィノナ,2,18,0.0,0.1111,6.9444,7,0.0
サムタイムレーター,3,18,0.0,0.0,9.9444,7,0.0
サマーナイトジャズ,2,18,0.0,0.0556,10.7778,7,0.0
エグジビッツ,1,18,0.0556,0.1667,5.9444,7,0.0
エクロジオン,2,18,0.0,0.0556,7.8333,7,0.0
エスケイプクローズ,1,18,0.1111,0.3889,5.8333,7,0.0
エクラドール,5,18,0.0,0.0,10.6667,7,0.0
エクスエトワール,2,18,0.0556,0.0556,10.1667,7,0.0
エクシードリミッツ,4,18,0.1667,0.2778,8.3333,7,0.3333
Miss Besilu,1,18,0.1667,0.7778,2.6667,7,0.0
ブルークリクィン,1,18,0.0,0.0,9.8333,7,0.0
ブルックリンハイツ,2,18,0.0556,0.1667,9.4444,7,0.0
ブルージャーニー,4,18,0.0,0.0,13.5,7,0.0
Middle Club,1,18,0.2222,0.3333,4.9444,7,0.0
レベッカ,4,18,0.0,0.0,10.1667,7,0.0
トウカイロータス,2,18,0.0556,0.0556,9.5,7,0.0
ファンフェア,2,18,0.0556,0.1111,6.8889,7,0.0
マイオール,3,18,0.0,0.0,8.1667,7,0.0
エイプリルバード,4,18,0.0,0.0,11.2222,7,0.0
エイドローン,2,18,0.1111,0.1667,6.5556,7,0.0
エキサイトアゲン,2,18,0.0,0.1111,9.9444,7,0.0
エイシンルンルン,2,18,0.0,0.0556,10.5,7,0.0
ブルームーンピサ,3,18,0.0556,0.1111,9.3889,7,0.0
ソプラノムーン,3,18,0.0,0.0,10.5,7,0.0
レディマカパ,2,18,0.1111,0.5,4.7778,7,0.0
Moth,1,18,0.1111,0.4444,6.5556,7,0.0
レディロックバンド,1,18,0.1667,0.4444,4.5556,7,0.0
ニシノヒナマツリ,2,18,0.0556,0.1111,9.0556,7,0.0
ニシノナデシコ,3,18,0.0,0.1111,9.0,7,0.0
ポロロッカ,2,18,0.0,0.0,10.8889,7,0.0
サンマルフラワー,4,18,0.0,0.0556,11.2778,7,0.0
サンバダンサー,1,18,0.0556,0.4444,6.3889,7,0.0
エイシンジョアンナ,4,18,0.0556,0.2222,9.2222,7,0.0
エイシンキルデア,2,18,0.1111,0.1667,8.0,7,0.5
シゲルトマト,4,18,0.0,0.0556,10.0556,7,0.0
トゥリフォー,3,18,0.1667,0.4444,6.0556,7,0.0
ポエティクシーズン,2,18,0.0556,0.2222,6.8889,7,0.5
シゲルコラバ,1,18,0.0556,0.3333,5.0,7,0.0
ユリオプスデイジー,2,18,0.1667,0.3889,6.0,7,0.0
ウソツキ,3,18,0.0556,0.2222,7.1111,7,0.0
パルフェダムール,5,18,0.0556,0.1667,10.1111,7,0.3333
ハワイアンアイ,4,18,0.0,0.0556,10.7778,7,0.0
ハローサンライズ,4,18,0.0,0.0,11.4444,7,0.0
ブレッザフレスカ,1,18,0.0556,0.2778,5.5556,7,0.0
セントローレンス,2,18,0.0556,0.2778,7.6667,7,0.0
センコウノマイヒメ,1,18,0.0556,0.0556,9.1111,7,0.0
ニシノラピート,2,18,0.0556,0.0556,8.6111,7,0.5
ビクトリークエスト,1,18,0.0556,0.1667,9.1111,7,0.0
シャクンタラー,3,18,0.0,0.2222,8.0,7,0.0
ニチドウジョリーズ,3,18,0.0,0.0,11.1111,7,0.0
ウエスタンモーダ,3,18,0.0,0.1111,10.0,7,0.0
シャルムダムール,4,18,0.0,0.1111,7.5,7,0.0
シャトヤンシー,3,18,0.0,0.0556,9.3333,7,0.0
ウインドローズ,1,18,0.0556,0.1111,7.0556,23,0.0
Raging Atlantic,1,18,0.1667,0.4444,5.5,7,0.0
Pretty Girl,1,18,0.2222,0.5,4.6111,7,0.0
レッドランタン,3,18,0.0,0.0,12.1111,7,0.0
レッドメイヴ,4,18,0.0,0.0556,10.0556,7,0.0
プラチナムーン,4,18,0.0,0.1667,9.0,7,0.0
レディアリエッタ,3,18,0.1111,0.2222,7.1667,7,0.0
ライラックレーン,1,18,0.0556,0.3333,6.1667,7,0.0
ウインクルビーナス,1,18,0.0,0.1111,8.0556,23,0.0
ウインク,3,18,0.0,0.0556,9.1667,7,0.0
ウィルビーゼア,1,18,0.0,0.0,9.7222,7,0.0
ウィッチズハット,3,18,0.0556,0.1111,8.0556,7,0.0
デルマサリーチャン,4,18,0.0,0.2778,8.0,7,0.0
シャワーブーケ,3,18,0.1111,0.1667,7.3889,7,0.0
ニューメロディ,1,18,0.0,0.0556,9.2778,23,0.0
ニュープロローグ,4,18,0.0,0.0556,11.4444,7,0.0
インバウンド,2,18,0.0556,0.1667,8.3333,7,0.0
デルマアラレチャン,3,18,0.0556,0.1111,8.8333,7,0.0
シュルードレディ,1,18,0.1111,0.6111,3.0556,23,0.0
Red Hot Tweet,1,18,0.1667,0.3333,7.7222,15,1.0
プラチナジュエリー,3,18,0.0,0.0556,10.1667,7,0.0
セイウンリリシイ,2,18,0.1111,0.2778,7.3333,7,0.0
パローマ,2,18,0.1111,0.2222,7.1111,7,0.0
ハリウッドセレブ,4,18,0.0556,0.0556,9.6667,7,0.25
フィルバート,3,18,0.0,0.2222,7.2222,7,0.0
シラー,1,18,0.1111,0.1667,6.8333,131,0.0
ショワサージュ,1,18,0.0,0.0,10.3333,7,0.0
シルキーステラ,4,18,0.1111,0.1111,9.8889,7,0.0
ショコラン,3,18,0.0,0.0,12.9444,7,0.0
フィリグリーレース,4,18,0.0,0.0,9.6667,7,0.0
イイデショウ,4,18,0.0,0.0,12.1111,7,0.0
アーバンクイーン,2,18,0.0556,0.1667,9.7222,7,0.0
シルクアウローラ,4,18,0.0,0.0556,11.1111,7,0.0
ラフォンテロッソ,1,18,0.0556,0.0556,8.2222,7,0.0
スリーアモーラ,2,18,0.0,0.0,10.0556,7,0.0
プリペアーフォーレイン,1,18,0.1111,0.1111,9.8889,23,0.0
Royal Card,1,18,0.0556,0.1667,8.0,7,0.0
レッドアトゥ,2,18,0.1111,0.3333,5.6667,7,0.0
Salty Response,1,18,0.2778,0.6111,4.6111,7,0.0
レッドグラス,3,18,0.0,0.2778,5.9444,7,0.0
フィーユドノワール,4,18,0.0,0.0556,8.8889,7,0.0
シルバーフォー,4,18,0.0,0.1111,7.7222,7,0.0
シルバージョイ,3,18,0.0,0.0,10.8889,7,0.0
ノスタルジア,3,18,0.0556,0.0556,10.2778,7,0.0
アルストロメリア,4,18,0.0,0.0556,8.4444,7,0.0
アリヴェ,1,18,0.0556,0.2222,7.1667,43,0.0
ランプフィーバー,3,18,0.0,0.0556,8.5,7,0.0
ラヴィオリ,3,18,0.0556,0.1667,8.7222,7,0.3333
デザートチャーム,3,18,0.0,0.0,10.4444,7,0.0
シーナリー,2,18,0.1111,0.2222,8.4444,7,0.0
ホウショウアマネ,3,18,0.1111,0.3889,6.0,7,0.0
ヒッピー,3,18,0.0556,0.2778,7.3333,7,0.0
ラークキャロル,1,18,0.0556,0.3889,5.6667,7,0.0
スマートダズル,1,18,0.1111,0.3889,7.3333,7,0.0
スマートエッグ,4,18,0.0,0.0556,9.2778,7,0.0
テセラレフィナード,3,18,0.1111,0.2778,7.8889,7,0.0
ノースキャット,1,18,0.1667,0.3889,6.1111,7,0.0
リアリゾンルレーヴ,3,18,0.0556,0.2222,6.7778,7,0.0
リアルヴィーナス,4,18,0.0556,0.3333,8.0,7,0.0
ヒシラスティ,4,18,0.0556,0.1111,9.8333,7,0.25
ディープアイ,3,18,0.0,0.0556,11.2222,7,0.0
ペロチャン,3,18,0.1111,0.2222,9.1111,7,0.3333
ペパーミントグラス,2,18,0.0,0.0,10.1111,7,0.0
ディヴィナライン,1,18,0.1667,0.4444,5.5556,7,0.0
ジェネラスオプション,3,18,0.2222,0.3889,7.0,7,0.0
ジェンハオサイマ,4,18,0.0,0.0556,10.7778,7,0.0
ペリウィンクル,3,18,0.1111,0.3333,7.2222,7,0.5
ノーストバード,1,18,0.1667,0.3333,5.1667,7,0.0
アドマイヤラップ,3,18,0.0556,0.1111,9.8889,7,1.0
フォトコール,3,18,0.1111,0.2778,7.2778,7,0.0
プリンセスミユキ,3,18,0.0,0.0,9.4444,7,0.0
レイジングロマンス,3,18,0.0556,0.1667,10.3333,7,0.0
Starlight Dreams,2,18,0.0,0.0556,8.8889,23,0.0
パーフェクトダンス,3,18,0.0,0.0556,10.3333,7,0.0
ベルルミエール,2,18,0.0,0.1111,10.2222,7,0.0
フェアリーレイ,2,18,0.0,0.0,10.7222,7,0.0
ジュリア,1,18,0.0556,0.2222,8.4444,7,0.0
ジュバリー,3,18,0.0,0.0556,8.8333,7,0.0
ジュエルビスティー,5,18,0.0,0.0,9.9444,7,0.0
ペイシャマリヤ,3,18,0.0556,0.2778,7.9444,7,0.0
リップルスメイド,2,18,0.3889,0.6667,3.2778,7,0.5
リビングデイライツ,3,18,0.0556,0.1667,7.7222,7,0.0
ルモスティ,3,18,0.0556,0.5,5.3333,7,0.0
レイクキャリー,5,18,0.0,0.1111,7.7222,7,0.0
スナークサクセス,3,18,0.0,0.0,12.8333,7,0.0
スマーティーシスター,2,18,0.0,0.0,9.7222,7,0.0
フォレスタレガーロ,2,18,0.0,0.2222,7.8333,7,0.0
ジョンブドール,5,18,0.0556,0.3333,6.7222,7,0.0
ベルナール,4,18,0.0,0.0,12.5556,7,0.0
アガーテ,3,18,0.0556,0.0556,10.0,7,0.5
リュナティク,2,18,0.0,0.0,9.3333,7,0.0
アウレオーラ,2,18,0.0,0.1111,7.7222,7,0.0
アイリーグレイ,3,18,0.0556,0.2222,9.0,7,0.0
スカラシップ,1,18,0.0,0.2778,6.3333,67,0.0
スイレン,2,18,0.0556,0.3333,6.8889,7,0.0
アイチェックユー,2,18,0.0,0.0,9.6667,7,0.0
アイズビューティー,1,18,0.1111,0.3333,6.5,7,0.0
アイスクリームサイレンス,1,18,0.0,0.0556,10.0,7,0.0
スノーフレーク2,4,18,0.0,0.0556,7.8889,7,0.0
テンテマリ,4,18,0.0,0.0,9.5,7,0.0
アイアンブリッジ,5,18,0.0,0.0,11.7778,7,0.0
アイアムキャツアイ,2,18,0.1111,0.5,4.6111,7,0.0
You've Got It,5,18,0.0556,0.0556,12.1111,7,0.0
ヘヴンリーウインド,1,18,0.1667,0.5,5.7778,7,0.0
ベアトリッツ,4,18,0.0,0.1111,8.5,7,0.0
スカーレットミカ,4,18,0.0,0.0556,9.5,7,0.0
スカイシーアキラ,2,18,0.1111,0.2778,6.7222,7,0.0
ベイビーローズ,4,18,0.0,0.0556,10.7778,7,0.0
デアレガーロ,3,18,0.2222,0.4444,5.1111,7,0.0
スターウインド,2,18,0.1111,0.1667,8.2778,7,0.0
ヘバラー,3,18,0.0,0.2222,8.3889,7,0.0
スズカパサー,1,18,0.0556,0.0556,10.2778,7,0.0
リープフラウミルヒ,2,18,0.1111,0.4444,5.3333,7,0.0
ステイトネラ,2,18,0.0,0.0556,10.1111,7,0.0
スターリーベイ,2,18,0.0,0.0556,10.0,7,0.0
スターリーウインド,4,18,0.1111,0.1667,7.8889,7,0.3333
パールピアス,2,18,0.0,0.0556,10.8333,23,0.0
Trini Brewnette,1,18,0.2778,0.6667,3.9444,7,0.0
Toroca,2,18,0.0556,0.1667,9.3889,7,0.0
バンブーエリザベス,2,18,0.0,0.0,8.9444,7,0.0
ヴィーゲンリート,3,18,0.1111,0.2778,7.7778,7,0.0
Antepova,1,18,0.1111,0.2778,7.2222,7,0.0
クインズアダマン,4,18,0.0556,0.3333,5.7222,7,0.0
ミユキ,3,18,0.0,0.0,10.3889,7,0.0
ミラキュラス,5,18,0.0,0.0,9.1667,7,0.0
ミライエ,2,18,0.0556,0.0556,7.6667,7,0.0
Charge of Angels,1,18,0.1667,0.4444,5.7778,7,0.0
ダークマレイン,4,18,0.0,0.0556,8.9444,7,0.0
ダンシングメリー,2,18,0.1111,0.2778,8.7222,7,0.0
ヴァルール,3,18,0.0,0.0,11.1111,7,0.0
Bella Traviata,1,18,0.2222,0.6111,4.1667,7,0.0
Devious Intent,1,17,0.1176,0.4118,7.9412,7,0.0
ダラステソーロ,2,17,0.0588,0.4118,5.7059,7,0.0
ダブルヨウコ,5,17,0.0,0.0588,10.5294,7,0.0
ワンダーセーハ,3,17,0.0,0.0588,10.9412,7,0.0
ワンダーヘリテージ,5,17,0.0,0.0,11.9412,7,0.0
Chelsea Ballad,1,17,0.2353,0.4118,5.6471,15,1.0
キャラメレ,2,17,0.0,0.0,9.5294,7,0.0
クリスティナリッチ,4,17,0.0588,0.1176,8.4706,7,0.0
ルカダンス,2,17,0.0,0.0588,8.7059,7,0.0
ステラグレイス,4,17,0.1176,0.5294,5.7647,7,0.3333
スターライトダンス,5,17,0.0,0.0,11.4118,7,0.0
スターマーチ,4,17,0.0,0.1765,8.4706,7,0.0
クインクインクイン,3,17,0.0,0.2353,6.7059,7,0.0
ミッキーポーチ,2,17,0.1765,0.2941,7.2941,7,0.5
ミークレイチェル,4,17,0.0,0.1765,6.9412,7,0.0
キタサンポケット,2,17,0.0,0.0588,7.5294,7,0.0
ムーンライトバレエ,2,17,0.0,0.1176,8.5294,7,0.0
ミスエルテ,3,17,0.2941,0.4706,4.5882,7,1.0
クリーンプリンセス,4,17,0.0,0.0,11.6471,7,0.0
スズカローゼ,5,17,0.0,0.0,11.4706,7,0.0
ヘヴンアンドアース,5,17,0.0,0.1765,9.8824,7,0.0
ヒカリベルサイユ,2,17,0.0,0.0588,10.0,7,0.0
Wine Train,1,17,0.1176,0.2941,6.4706,7,0.0
リーガルデイム,3,17,0.0,0.0588,9.4706,7,0.0
リーインフォースト,2,17,0.0,0.0588,11.8235,7,0.0
Yanquee Reign,1,17,0.0,0.0,8.5882,43,0.0
Yankee Bright,1,17,0.0,0.1765,7.5882,7,0.0
Yachats,1,17,0.0588,0.3529,8.0588,7,0.0
ハタノプリエ,3,17,0.1176,0.1765,10.6471,7,0.0
ミスポーラ,3,17,0.0,0.2353,7.5294,7,0.0
Flawless,1,17,0.2941,0.5294,5.6471,7,0.0
Extra Mile,1,17,0.1176,0.3529,5.5882,7,0.0
Easy Victory,1,17,0.1176,0.2941,6.0588,7,0.0
クロニカ,3,17,0.0588,0.2353,7.9412,7,0.0
Tizmeanttobe,1,17,0.0,0.1176,9.0,7,0.0
テンプルステイ,1,17,0.0588,0.2353,8.9412,7,0.0
ストロングヒロイン,2,17,0.0,0.0588,10.1176,7,0.0
ストライクショット,2,17,0.1176,0.1765,7.6471,7,0.0
ステラビスティー,4,17,0.0,0.0,11.5882,7,0.0
プロキシマ,2,17,0.0588,0.2941,7.8824,7,0.0
パールコード,3,17,0.3529,0.5294,4.2941,7,0.5
Tap Diva,1,17,0.0,0.2941,7.2353,7,0.0
Tamarack Bay,1,17,0.0588,0.1765,7.0,7,0.0
クロコスミア,3,17,0.0,0.2353,8.3529,7,0.0
クロカミ,3,17,0.2353,0.3529,6.9412,7,0.0
クレバーパルマ,3,17,0.0,0.0,11.5294,7,0.0
キスオンザグリーン,3,17,0.0588,0.1765,6.8824,7,0.0
メイクミーシャイン,3,17,0.0,0.1176,8.8235,7,0.0
ガートルード,2,17,0.1176,0.1176,8.1765,7,0.0
メイショウクサブエ,3,17,0.0,0.0588,9.0588,7,0.0
ベルカプリ,2,17,0.0588,0.2353,6.4706,7,0.0
ジョーカルーア,2,17,0.2353,0.3529,7.9412,7,0.5
ハイランドカクテル,3,17,0.0,0.0588,9.0588,7,0.0
ハイヤーアプシス,3,17,0.0588,0.2353,6.8824,7,0.5
ヒカルラフィーネ,3,17,0.0,0.1765,8.0,7,0.0
アウトゥリーチェ,1,17,0.0,0.0,8.8824,7,0.0
アイリッシュピース,1,17,0.2941,0.5882,4.3529,7,0.0
ベストベット,3,17,0.0,0.0,10.0,7,0.0
リリオ,1,17,0.1176,0.1765,6.7647,7,0.0
アイナマーリエ,2,17,0.0588,0.2941,7.7059,7,0.0
クロースフレンド,3,17,0.0,0.0588,9.2353,7,0.0
ドリームスター,3,17,0.0,0.0588,9.7647,7,0.0
カレンナサクラ,3,17,0.0,0.0,9.0,7,0.0
カリストーガ,2,17,0.0588,0.1176,8.4118,7,0.0
カラレイア,4,17,0.1176,0.2353,6.8824,7,0.3333
ドーバーブリーズ,4,17,0.1176,0.2941,5.5294,7,0.0
アグネスパンドラ,4,17,0.0,0.0,9.6471,7,0.0
Supreme,1,17,0.1176,0.4118,7.2353,15,0.0
ルージュバック,3,17,0.1765,0.2941,4.8824,7,0.0
レイクウッド,4,17,0.0,0.0,12.8235,7,0.0
スピーディユウマ,2,17,0.1176,0.1765,9.8235,7,0.0
プレアデスマリーン,2,17,0.0,0.1176,9.0588,7,0.0
ストーミーマターズ,1,17,0.0588,0.2941,8.7059,7,0.0
アグネスタラリア,2,17,0.0588,0.2941,6.7647,7,0.0
カネトシブレス,2,17,0.0,0.1176,8.5882,7,0.0
Hatta Flower,1,17,0.0,0.0588,8.4706,7,0.0
Guest House,1,17,0.1765,0.3529,7.0588,7,0.0
ローゼクヴァルツ,3,17,0.1176,0.2941,5.8824,7,0.3333
ツクバノーブル,2,17,0.0,0.0,11.0,7,0.0
ダイタクヴォーグ,2,17,0.0,0.0,9.5882,7,0.0
カネトシジュテーム,1,17,0.1176,0.4118,6.3529,7,0.0
カグラヤルージュ,1,17,0.1176,0.4706,4.7647,7,0.0
アティーナラビット,2,17,0.0588,0.2353,10.1176,7,0.0
アップファーレン,3,17,0.0,0.0,10.5294,7,0.0
ヒシサブリナ,3,17,0.2353,0.4118,7.4706,7,0.3333
ノーブルリーズン,5,17,0.0588,0.2353,8.7647,7,0.0
リトルジュリエット,3,17,0.0,0.0588,7.8235,7,0.0
リトゥルスター,4,17,0.0,0.1176,8.8235,7,0.0
ジョウノノーブル,5,17,0.0,0.0588,11.4118,7,0.0
ジョウノイザベラ,2,17,0.2941,0.4118,5.8824,7,0.0
アグネスマクシム,2,17,0.0,0.0,7.8824,7,0.0
グリマープリンセス,1,17,0.0,0.0588,9.1176,7,0.0
グラスジュリ,4,17,0.0,0.0,10.4118,7,0.0
グレイスサンセット,3,17,0.0,0.2353,8.1176,7,0.0
マルタカキララ,3,17,0.1176,0.2353,9.8235,7,0.0
グリーンインディ,4,17,0.0,0.0,12.7647,7,0.0
グリーティングス,3,17,0.0,0.1176,11.7647,7,0.0
グリントインハーアイ,3,17,0.0,0.1176,9.4118,7,0.0
カインドオブブルー,6,17,0.0,0.0,13.5294,7,0.0
オールエリザベス,3,17,0.0,0.0588,6.8824,7,0.0
ハツネラモーヌ,4,17,0.0,0.0,13.2353,7,0.0
レイラニ,3,17,0.0588,0.0588,10.5882,7,0.0
Sovereign Halo,1,17,0.0,0.0,8.5294,7,0.0
ノーブルサンズ,2,17,0.0588,0.3529,6.2353,7,0.0
アドマイヤインディ,4,17,0.0588,0.1765,8.8824,7,0.25
アドマイヤアロマ,4,17,0.0,0.1176,9.8235,7,0.0
リターンケープ,2,17,0.0588,0.2353,8.2941,7,0.0
I Luv U Nani,1,17,0.1176,0.2353,6.4706,7,0.0
ローカス,3,17,0.0588,0.2941,7.2353,7,0.0
タンギモウジア,4,17,0.0,0.1176,8.8235,7,0.0
ブライテストリング,2,17,0.0,0.0,7.8824,7,0.0
タプローム,3,17,0.0,0.0,10.4118,7,0.0
バイザディンプル,2,17,0.1765,0.4118,6.2941,7,0.0
トロピカルレディー,2,17,0.1176,0.2353,8.5294,7,0.0
ジェイケイシャトル,2,17,0.0,0.1765,6.9412,7,0.0
ジェイケイカルミア,3,17,0.1176,0.4118,5.5294,7,0.0
ペルフォルマーダ,3,17,0.2941,0.7059,3.7059,7,0.0
ジャウンティング,1,17,0.0,0.0588,9.8824,7,0.0
ペプチドネオパレス,3,17,0.0,0.0,10.9412,7,0.0
アバンダンティア,2,17,0.0,0.0,10.1176,7,0.0
アドマイヤメガミ,1,17,0.0588,0.1176,10.5882,15,1.0
スマイリーパワポケ,2,17,0.0,0.5882,4.9412,7,0.0
マルカコマチ,3,17,0.0,0.1765,7.2353,7,0.0
ケンブリッジスワン,3,17,0.0,0.0,12.2353,7,0.0
ケルンアリュール,1,17,0.0588,0.2941,6.3529,23,0.0
ケイアイバラード,3,17,0.0,0.0,11.8824,7,0.0
マリブビーチ,3,17,0.0,0.1176,6.0,7,0.0
オレンジブロッサム,4,17,0.0588,0.0588,11.4706,7,0.25
ロックドクトリン,4,17,0.0,0.0,10.6471,7,0.0
タッチングスピーチ,3,17,0.2353,0.5882,4.4706,7,0.0
ブラックジョーク,4,17,0.0,0.1765,10.0,7,0.0
ブラックシップ,4,17,0.0,0.0588,10.2941,7,0.0
Jewel in the Crown,1,17,0.0,0.1176,8.4118,23,0.0
Ignite,1,17,0.0588,0.2353,5.0588,7,0.0
スマートモニカ,5,17,0.0,0.1765,8.4706,7,0.0
スモモチャン,2,17,0.0,0.1176,8.4706,7,0.0
スマートスピカ,1,17,0.2353,0.4118,5.0,15,1.0
プリティハーワ,1,17,0.0588,0.1176,7.7059,7,0.0
ジェニュラビーン,2,17,0.0588,0.2353,8.6471,7,0.0
ペルセンプレ,5,17,0.0,0.0,10.7647,7,0.0
ナトゥーラ,2,17,0.0,0.0,8.2941,7,0.0
オリエンタルサンシャイン,4,17,0.0,0.0,11.5294,7,0.0
オリエンタルアデル,3,17,0.0,0.0,11.2353,7,0.0
オグリエンゼル,2,17,0.0,0.0588,10.4118,7,0.0
オグラテスコ,1,17,0.0588,0.2353,6.6471,23,0.0
ピアチェヴォーレ,4,17,0.0,0.2941,6.7059,7,0.0
オオブタイ,2,17,0.0,0.0588,10.9412,7,0.0
メヤディーニ,2,17,0.0588,0.1176,7.7059,7,0.0
コスモピーコック,3,17,0.0,0.1765,7.9412,7,0.0
コスモダリア,3,17,0.1765,0.3529,6.0,7,0.3333
アリエナイ,3,17,0.0,0.0588,10.8235,7,0.0
ディープハニー,1,17,0.0,0.0,9.7059,7,0.0
アミロティン,1,17,0.0,0.0588,9.3529,67,0.0
レインボーフェロー,3,17,0.0,0.0,11.4706,7,0.0
マドモアゼル,2,17,0.1176,0.4706,5.8235,7,0.0
コスモアオイ,4,17,0.0,0.0,9.7647,7,0.0
エーシンヴァーゴウ,3,17,0.0,0.0,7.4706,7,0.0
ナムラカグヤヒメ,2,17,0.1176,0.5294,5.3529,7,0.0
ナムラエンジェル,4,17,0.1176,0.2353,8.9412,7,0.0
メープルパール,3,17,0.0,0.0,9.2941,7,0.0
メローブリーズ,3,17,0.1176,0.2353,7.8824,7,0.0
コパノレヴィーン,2,17,0.1176,0.1176,8.2353,7,0.0
ファインドロップ,4,17,0.0,0.0,9.8235,7,0.0
ラユロット,3,17,0.4118,0.4706,5.1176,7,0.0
シングルゲイズ,4,17,0.0588,0.1765,7.8235,7,0.0
シルヴァーグレイス,3,17,0.0,0.1765,8.0,7,0.0
アルプサロン,4,17,0.0,0.0,11.8235,7,0.0
アルジャンテ,3,17,0.0,0.0588,8.5294,7,0.0
アルジェント,1,17,0.1176,0.3529,4.9412,7,0.0
デコラス,3,17,0.0588,0.1765,6.9412,7,0.0
シンメイミネルバ,2,17,0.1176,0.3529,6.4118,7,0.0
ホザンナ,4,17,0.0,0.0,9.0588,7,0.0
ホクトブルーバード,3,17,0.0,0.0,8.7647,7,0.0
ヒノクニノオンナ,2,17,0.1176,0.2941,6.1765,7,0.0
コスモラパン,3,17,0.0588,0.1765,9.5294,7,0.0
エーシンオマーン,3,17,0.0,0.1765,8.5882,7,0.0
エーシンアマテラス,2,17,0.1176,0.2353,6.2941,7,0.0
ナムラケイト,2,17,0.0588,0.1765,8.5294,7,0.0
エンジェルドンキ,4,17,0.0,0.0588,7.4118,7,0.0
コリーヌ,2,17,0.0588,0.2941,5.5294,7,0.0
エンジェルスイート,3,17,0.0,0.0,8.8824,7,0.0
ナリタオリーブ,3,17,0.0,0.2941,9.1176,7,0.0
モズカッチャン,2,17,0.0,0.1176,7.2941,7,0.0
エンゲージリング,2,17,0.0,0.3529,7.4118,7,0.0
プリメラアスール,3,17,0.0,0.1765,7.6471,7,0.0
レッドエレンシア,3,17,0.0,0.0588,8.1765,7,0.0
Sant Elena,1,17,0.1765,0.3529,5.7059,15,1.0
レッドコルディス,2,17,0.1176,0.2941,6.3529,7,0.0
アンティクイーン,1,17,0.1176,0.2941,6.8235,23,0.0
アロマドゥルセ,2,17,0.0,0.4706,5.1765,7,0.0
La Collina,2,17,0.1765,0.4706,7.5294,7,1.0
タケノチャンス,3,17,0.0,0.0,9.5882,7,0.0
ブランネージュ,4,17,0.1176,0.3529,6.1765,7,0.0
タガノタンドゥール,2,17,0.0,0.2941,6.4706,7,0.0
タガノチャンス,4,17,0.0,0.0,8.7647,7,0.0
Key Is to Win,1,17,0.1176,0.2941,7.7647,15,1.0
Lady of Akita,1,17,0.0588,0.1176,9.2353,7,0.0
La Ina,2,17,0.1176,0.2941,6.8235,23,0.0
イットーイチバン,2,17,0.0588,0.1765,8.1765,7,0.0
アールヴィストーゾ,1,17,0.0588,0.1765,8.0588,7,0.0
アーネストデザイア,2,17,0.1176,0.1176,10.4118,7,0.0
ホワイトフーガ,2,17,0.0588,0.2353,6.3529,7,1.0
ラブグランデー,3,17,0.0,0.0588,9.6471,7,0.0
エルプリメロ,4,17,0.0,0.1176,8.3529,7,0.0
ゴールデンアリー,2,17,0.0,0.1765,8.0,7,0.0
エリーフェアリー,3,17,0.1176,0.1765,8.1176,7,0.0
ナリタジュエリー,3,17,0.0,0.0,9.6471,7,0.0
ナリタシャルマン,1,17,0.0,0.0,10.3529,7,0.0
エライヤ,2,17,0.1765,0.3529,6.0588,7,0.0
サクラコ,1,17,0.0588,0.2941,6.1176,7,0.0
サクラインザダーク,2,17,0.0588,0.1765,9.2941,7,0.0
レッドオランジュ,2,17,0.0,0.0,9.8824,7,0.0
Reset In Blue,1,17,0.1176,0.1765,9.1176,7,0.0
レッドシルフィア,1,17,0.1176,0.2941,7.3529,23,0.0
レッドサーガ,1,17,0.0588,0.1176,9.9412,7,0.0
レッドサクヤ,2,17,0.0,0.2941,8.0588,7,0.0
セイントセーラ,3,17,0.0588,0.0588,10.0588,7,0.0
セイカハルカゼ,3,17,0.0,0.0,11.8824,7,0.0
レッドジュラーレ,3,17,0.0,0.2353,6.4706,7,0.0
イナズマディオーネ,4,17,0.0,0.0,9.6471,7,0.0
イトワズマジック,2,17,0.2941,0.7647,3.3529,7,0.0
ホワイトメロディー,1,17,0.0588,0.0588,8.9412,7,0.0
ゴールドスカイ,3,17,0.0,0.1176,9.0,7,0.0
ビューティテソーロ,4,17,0.0,0.0588,9.8235,7,0.0
エミーズプライド,3,17,0.1765,0.4706,4.4706,7,0.3333
サクラプリファー,3,17,0.0,0.0,9.4706,7,0.0
ニシオマジョリック,2,17,0.0588,0.0588,10.3529,7,0.0
レナリッチ,4,17,0.0588,0.1765,8.1765,7,0.0
Media Madness,1,17,0.1176,0.4118,6.5882,7,0.0
シャークサッカー,4,17,0.0,0.2941,5.7647,7,0.0
インフィジャール,4,17,0.0,0.0,11.1765,7,0.0
ラズールリッキー,2,17,0.0588,0.0588,8.5294,7,0.5
シュシュブリーズ,1,17,0.0,0.7647,2.9412,7,0.0
ヌーヴァレジェンダ,2,17,0.0588,0.2353,8.3529,7,0.0
ビアンカリボン,2,17,0.0,0.0,8.7647,7,0.0
イルミナント,2,17,0.1765,0.3529,6.2941,7,0.5
ラッキーボックス,3,17,0.1176,0.4118,7.0588,7,0.0
ティズトレメンダス,3,17,0.0588,0.2353,6.6471,7,0.3333
タカトモアップ,3,17,0.0,0.0,12.1765,15,0.0
ブリリアントピース,4,17,0.0588,0.0588,11.0,7,0.5
ブリリアントクロス,1,17,0.0588,0.1765,6.4118,23,0.0
タイセイボニータ,3,17,0.0,0.0588,9.1176,7,0.0
Lindy,1,17,0.1765,0.5294,4.8824,15,1.0
Lighthouse Bay,2,17,0.1765,0.2353,7.4118,7,0.0
エジプシャン,4,17,0.0588,0.0588,12.0,7,0.0
ライブザドリーム,3,17,0.0,0.0,9.9412,7,0.0
Pyrography,1,17,0.1765,0.4706,5.8824,7,0.0
レッドミラベル,3,17,0.2353,0.3529,6.0,7,0.3333
ラクリモーサ,4,17,0.0,0.1176,11.8824,7,0.0
ファンクザゴールド,2,17,0.0588,0.1765,8.1176,7,0.0
サトルスマイル,4,17,0.0,0.1176,9.5882,7,0.0
ヤマニンティアモ,4,17,0.0,0.0,11.5882,7,0.0
エクスプレスレーン,3,17,0.0588,0.0588,11.1176,7,0.5
Minorette,5,17,0.0588,0.1765,7.1765,7,0.25
ブルーデライト,1,17,0.0,0.0,8.4118,7,0.0
ブルーベルベット,4,17,0.0,0.1765,9.7647,7,0.0
ハヴアグッドデイ,5,17,0.0,0.0588,10.7059,7,0.0
ヤマニンファセット,4,17,0.0,0.0,10.1765,7,0.0
サンドグロース,6,17,0.0588,0.1765,7.7059,7,0.0
トウカイロゼット,2,17,0.0,0.0,9.8235,7,0.0
トウカイミーロ,4,17,0.0,0.0588,11.7059,7,0.0
マイティーダンサー,2,17,0.0,0.0588,8.4118,7,0.0
エイダイハート,3,17,0.0,0.0,11.5882,7,0.0
ボンニデー,3,17,0.0,0.1765,8.8235,7,0.0
ライジングサンデー,3,17,0.1176,0.2353,9.0,7,0.0
ウェディングベール,2,17,0.0,0.1176,6.2941,7,0.0
ボリード,2,17,0.1176,0.4118,5.4118,7,0.0
ニホンピロブリュレ,3,17,0.1176,0.1765,8.7647,7,0.0
フォーモーション,1,17,0.1176,0.3529,5.8824,43,0.0
ソリッドリーズン,4,17,0.0588,0.1765,9.1176,7,0.0
ソラーラ,2,17,0.0,0.2353,8.6471,7,0.0
レディマハロ,5,17,0.0588,0.1176,9.4706,7,0.0
Mother Russia,1,17,0.2353,0.2941,5.2353,23,0.0
Moon Giant,2,17,0.0588,0.2353,7.6471,7,0.0
Miss With Attitude,1,17,0.0588,0.2353,6.0588,7,0.0
Miss Kenton,2,17,0.1176,0.4118,7.0588,7,1.0
ビジータイム,1,17,0.0588,0.2941,9.1765,7,0.0
エイシンパンドラ,3,17,0.0588,0.0588,10.1176,7,0.5
レディジュエル,1,17,0.0588,0.1765,10.4118,7,0.0
ハロックライン,3,17,0.0,0.0,10.0588,7,0.0
Ocicat,1,17,0.0588,0.2353,6.4706,7,0.0
タイキガイア,2,17,0.0,0.0588,8.7059,7,0.0
ソートアフター,4,17,0.1765,0.2941,7.8824,7,0.3333
ウスイ,5,17,0.0,0.1176,8.8235,7,0.0
ヨシカワクン,5,17,0.0,0.0588,11.1176,7,0.0
ウッドランドドリーム,5,17,0.1176,0.1765,6.4118,7,0.0
ユウフジ,1,17,0.0,0.0588,11.8235,7,0.0
トウカイティアラ,4,17,0.0588,0.1765,10.1176,7,0.0
エイシンシグマ,1,17,0.0,0.1176,7.5882,23,0.0
ポポラーレ,5,17,0.0,0.0,11.2941,7,0.0
ポレイア,4,17,0.0,0.1765,8.1765,7,0.0
サーソーラ,5,17,0.0,0.1765,9.4706,7,0.0
シティーポップ,2,17,0.0588,0.3529,7.8824,7,0.0
シズノサンデー,1,17,0.0588,0.0588,10.1176,7,0.0
ポイントアシュリー,1,17,0.1176,0.2941,6.3529,43,0.0
シゲルスペラーレ,5,17,0.0,0.0,12.0588,7,0.0
エアロバティックス,3,17,0.0,0.0588,9.1765,7,0.0
エアザイオン,1,17,0.0,0.1176,6.7647,43,0.0
エアコムロー,1,17,0.0588,0.1176,8.1765,7,0.0
ユーワゼフィルス,2,17,0.0588,0.1176,8.1176,7,0.0
フラワーブリーズ,2,17,0.0588,0.2353,8.7647,7,0.0
キンナリー,2,17,0.0588,0.1176,8.4118,7,0.0
ミナミ,3,17,0.1176,0.2353,7.5882,7,0.0
ミネラルスプリング,2,17,0.0588,0.2353,8.3529,23,0.0
クイーンブルー,2,17,0.0,0.0,10.7647,7,0.0
クイーングラス,3,17,0.1176,0.3529,7.4706,7,0.0
ピッチニーニ,2,17,0.0588,0.1765,7.8235,7,0.5
トーワクリステル,3,17,0.0588,0.1176,9.5882,7,0.0
フレイムコード,5,17,0.0,0.0,11.7647,7,0.0
ヴァタルサイビーチ,2,17,0.0,0.0588,8.8824,7,0.0
バンドゥーラ,2,17,0.0,0.0588,9.7647,7,0.0
クインズヌーサ,2,17,0.0588,0.0588,7.2941,7,0.0
キャルスカイ,2,17,0.0588,0.1176,8.0,7,0.0
Brave Anna,1,16,0.125,0.3125,6.25,7,0.0
バースデイパーティ,4,16,0.0,0.0,12.5,7,0.0
ヴィクトリアピーク,3,16,0.125,0.1875,7.4375,7,0.0
ダンシングワンダー,3,16,0.125,0.375,6.8125,7,0.0
Carson City Red,1,16,0.0625,0.1875,9.5625,23,0.0
Caterwaul,3,16,0.125,0.25,8.6875,7,0.0
Checkered Flag,1,16,0.0,0.0625,8.625,43,0.0
キーアマリリス,1,16,0.0,0.125,9.6875,23,0.0
ミュンシー,5,16,0.0,0.125,9.5,7,0.0
トーホウレビン,3,16,0.0625,0.1875,8.125,7,0.0
スティールシャーク,4,16,0.0,0.0625,8.75,7,0.0
ハッピーエム,2,16,0.125,0.3125,6.0625,7,0.0
ルフォール,3,16,0.1875,0.375,5.875,7,0.0
パイアン,4,16,0.0,0.125,9.1875,7,0.0
バンダ,2,16,0.0,0.125,6.375,7,0.0
ヴェラオン,3,16,0.0,0.0,8.625,7,0.0
クラレンスハウス,3,16,0.0625,0.0625,9.1875,7,0.0
クラシカルバリュー,4,16,0.0,0.0,12.0625,7,0.0
ミッキーアップル,4,16,0.0625,0.125,7.8125,7,0.0
ミッドナイトソプラノ,1,16,0.0625,0.125,7.375,7,0.0
キャラメリゼ,2,16,0.0,0.0,11.0,7,0.0
ドバイソプラノ,3,16,0.0,0.0,13.375,7,0.0
ムービングアウト,2,16,0.3125,0.4375,6.75,7,0.0
ムーンフライト,3,16,0.125,0.25,8.3125,7,0.3333
クリストフォリ,2,16,0.125,0.125,8.5,7,0.5
ミスパッション,4,16,0.125,0.25,7.875,7,0.0
セレブレイト,3,16,0.0,0.1875,7.625,7,0.0
ティーケーキセキ,3,16,0.0,0.0,11.75,7,0.0
ユーヴェットシー,1,16,0.25,0.5,4.4375,7,0.0
ニシノラフィーネ,3,16,0.0,0.0625,9.25,7,0.0
ライオネスドリーム,1,16,0.0,0.0625,10.4375,7,0.0
ビジューミス,2,16,0.0625,0.5,5.75,7,0.0
ザグレース,4,16,0.1875,0.4375,7.625,7,0.3333
サヴァーレ,3,16,0.0,0.125,7.5625,7,0.0
ポンポン,2,16,0.0,0.125,7.875,7,0.0
エイシンシンシアナ,3,16,0.1875,0.3125,8.0625,7,0.0
エイシンシルダリア,2,16,0.0,0.0,10.0625,7,0.0
エイシンハッピー,3,16,0.0,0.125,8.625,7,0.0
トウエンクィーン,1,16,0.0625,0.25,6.9375,7,0.0
シェリーズスマイル,1,16,0.0625,0.3125,6.75,131,0.0
トゥルヴァーユ,3,16,0.0,0.25,7.25,7,0.0
トウカイクルーク,1,16,0.0625,0.25,6.6875,7,0.0
ウエスタンボイス,2,16,0.0625,0.1875,6.8125,7,0.0
ウエスタンベガ,2,16,0.0,0.0625,8.8125,7,0.0
ウォータートスカ,6,16,0.0,0.0,8.8125,7,0.0
ウェーブピアサー,4,16,0.0,0.0,10.9375,7,0.0
フィジオクラート,4,16,0.0625,0.1875,5.6875,7,0.0
ボレロビート,3,16,0.0,0.0,11.375,7,0.0
ライゼリート,3,16,0.0625,0.1875,8.0,7,0.0
エイシンミント,1,16,0.0,0.25,6.8125,7,0.0
ヤングエブロス,3,16,0.0,0.125,10.0,7,0.0
フォーマルハウト,3,16,0.0625,0.1875,6.9375,7,0.0
ソングオブプライズ,5,16,0.0,0.0,11.9375,7,0.0
Mystical Star,1,16,0.125,0.125,6.875,7,1.0
エイシンソルティー,4,16,0.125,0.25,6.625,7,0.0
Oonagh Maccool,1,16,0.0,0.25,6.625,67,0.0
レディストロベリー,2,16,0.0,0.0625,9.6875,43,0.0
Niagara Falls,1,16,0.25,0.375,6.25,7,0.0
サムソンフェアリー,1,16,0.0,0.0625,8.125,7,0.0
エグジラレーション,3,16,0.0625,0.0625,9.5,7,0.0
ヤマニンヌヌース,3,16,0.0,0.1875,8.0,7,0.0
ヤマニントゥドロワ,3,16,0.0,0.0,13.6875,7,0.0
エクセレントビュー,4,16,0.0,0.0625,9.8125,7,0.0
タイコ,2,16,0.0625,0.1875,7.875,7,0.0
フサイチオラクル,1,16,0.0,0.1875,6.9375,43,0.0
ブルーパラダイス,3,16,0.0,0.0,12.875,7,0.0
ブルーハワイアン,2,16,0.0,0.1875,5.625,7,0.0
ブループレリュード,4,16,0.0625,0.25,8.0,7,0.0
Mer de Corail,1,16,0.25,0.4375,4.3125,7,0.0
サンドクイーン,3,16,0.1875,0.3125,7.5,7,0.0
ライアンシャーク,4,16,0.0,0.0,11.8125,7,0.0
ニジノムコウ,4,16,0.0625,0.1875,5.9375,7,0.0
ウエストエスケープ,4,16,0.0,0.0,10.375,7,0.0
ウエスタンユーノー,3,16,0.0,0.1875,7.8125,7,0.0
セレサス,2,16,0.0,0.0,10.125,7,0.0
セトノミッシー,3,16,0.125,0.3125,6.875,7,0.0
プラウドディクシー,3,16,0.0,0.0,10.5625,7,0.0
レッドミモザ,4,16,0.0,0.0,11.1875,7,0.0
ハリケンアスリート,2,16,0.0,0.0,11.9375,7,0.0
パレスメダーリア,2,16,0.0,0.0,9.9375,7,0.0
Pennegale,1,16,0.125,0.3125,6.625,7,0.0
ラインハーディー,3,16,0.0,0.0625,9.375,7,0.0
ウイニフレッド,3,16,0.0,0.0625,9.75,7,0.0
ラグプリンセス,3,16,0.0,0.0,7.625,7,0.0
ファンシービビッド,5,16,0.0,0.0625,10.625,7,0.0
ファンシーアモン,1,16,0.0,0.125,6.8125,7,0.0
サピアウォーフ,2,16,0.0625,0.3125,4.6875,7,0.0
サトノシュテルン,2,16,0.0,0.1875,7.9375,7,0.0
マイドリーマー,4,16,0.0,0.0625,11.125,7,0.0
トシザマキ,4,16,0.0,0.0625,9.6875,7,0.0
ラスティーク,3,16,0.0,0.0,10.375,7,0.0
ラスイエットロス,3,16,0.125,0.3125,5.9375,7,0.0
ラスパジャサーダス,1,16,0.1875,0.4375,6.3125,7,0.0
デルマオシマ,3,16,0.0,0.0625,10.1875,7,0.0
デルマオギン,2,16,0.1875,0.4375,5.0,7,0.0
ホールドミータイト,2,16,0.1875,0.375,6.1875,7,0.0
Many Colours,1,16,0.0625,0.25,6.1875,7,0.0
レーヌミノル,3,16,0.0625,0.1875,7.625,7,0.0
Livin Lovin,1,16,0.1875,0.375,5.5625,7,0.0
ブリッジオーヴァー,2,16,0.1875,0.5625,3.875,7,0.0
エターナルビート,3,16,0.0625,0.1875,8.6875,7,0.0
ヤマニンシェリル,4,16,0.0,0.125,10.8125,7,0.0
ヤマニンザナドゥ,3,16,0.0,0.0625,12.0625,7,0.0
トキノミスタキオン,2,16,0.0625,0.25,9.5,7,0.0
ライムキャンディ,4,16,0.0625,0.125,8.25,7,0.0
センティフォリア,2,16,0.0,0.1875,7.3125,7,0.0
Rose Trail,1,16,0.25,0.625,4.4375,7,0.0
River's Prayer,2,16,0.0625,0.1875,9.3125,7,0.0
セイウンヒマワリ,3,16,0.0625,0.0625,10.0625,7,0.3333
デューティ,3,16,0.0,0.0625,8.5,7,0.0
ショーカノン,2,16,0.125,0.1875,6.4375,7,0.5
ナントカナルサ,2,16,0.0625,0.25,9.375,7,0.0
エブアド,2,16,0.0625,0.0625,9.3125,7,1.0
ナーゴナーゴハツエ,1,16,0.1875,0.5625,4.0,7,0.0
エトワールステージ,4,16,0.0,0.125,9.3125,7,0.0
ビバパーチェ,3,16,0.0,0.125,8.1875,7,0.0
ビバサムシング,1,16,0.1875,0.5,5.125,23,0.0
サツマガイア,3,16,0.0625,0.0625,8.9375,7,0.0
トップコメット,3,16,0.0625,0.1875,8.125,7,0.0
ニシノキララコ,2,16,0.0,0.0625,8.3125,7,0.0
ウィズアットレース,3,16,0.0,0.0,9.1875,7,0.0
デルマシズカチャン,3,16,0.0,0.3125,6.375,7,0.0
ラビングハート,4,16,0.0,0.0,11.1875,7,0.0
ラバーズケープ,3,16,0.0,0.0625,8.375,7,0.0
ネオジェイズレーヌ,2,16,0.0,0.0,9.8125,7,0.0
ラフィーク,4,16,0.0,0.0,11.375,7,0.0
イエスマイダーリン,3,16,0.0,0.0625,10.5625,7,0.0
ホットランナー,5,16,0.0625,0.125,8.3125,7,0.0
アークロイヤル,2,16,0.0625,0.1875,6.875,7,0.0
アーキテクチャー,4,16,0.0625,0.125,9.3125,7,0.0
エリモロマンス,4,16,0.0,0.0625,11.875,7,0.0
マサカーネ,4,16,0.0,0.0625,8.75,7,0.0
ゴールドエルフ,3,16,0.3125,0.625,4.1875,7,0.0
マザーリーフ,1,16,0.1875,0.5,5.1875,67,0.0
エリモプリティー,1,16,0.1875,0.5625,4.5625,67,0.0
エルカラファテ,1,16,0.125,0.1875,6.1875,7,0.0
サイレント,2,16,0.125,0.5,5.0625,23,0.0
ゴールドタイリン,3,16,0.0625,0.0625,10.8125,7,0.0
ハニーウィル,2,16,0.0,0.25,6.875,7,0.0
Salvar,1,16,0.125,0.25,6.625,15,1.0
ラブリーマリア,3,16,0.125,0.3125,6.0625,7,0.0
ノアスピリタス,1,16,0.0,0.0,11.9375,7,0.0
アワフレイム,3,16,0.0,0.0,12.4375,7,0.0
ティアドーロ,2,16,0.25,0.5,4.25,7,0.0
ティファニーズオナー,2,16,0.1875,0.5,4.4375,7,0.5
タガノハツコイ,2,16,0.0,0.1875,5.9375,7,0.0
ブリシンガメン,1,16,0.0,0.125,8.5625,7,0.0
エレクティオン,4,16,0.0,0.0,12.25,7,0.0
エルヴィエント,3,16,0.0,0.125,10.25,7,0.0
モトメチャン,2,16,0.0625,0.1875,8.5,7,0.0
ビルアンドクー,1,16,0.125,0.3125,8.0625,23,0.0
フィリポナ,3,16,0.0625,0.3125,6.9375,7,0.0
ラッポルティ,2,16,0.0,0.25,6.875,7,0.0
イソノキセキ,3,16,0.0,0.125,8.3125,7,0.0
アレグレッツァ,1,16,0.125,0.125,11.5,67,0.0
シンシアー,2,16,0.0625,0.1875,7.25,7,0.0
シンプリーラヴリー,4,16,0.0,0.0625,9.0625,7,0.0
アルファエスパー,1,16,0.0625,0.0625,7.8125,23,0.0
デコトウショウ,3,16,0.0625,0.0625,8.375,7,0.3333
ビーチマリカ,3,16,0.0,0.0,10.8125,7,0.0
エヴァソーマッチ,3,16,0.0,0.0,11.8125,7,0.0
エンタイスド,3,16,0.25,0.3125,5.8125,7,0.6667
モカモカ,4,16,0.0,0.0,11.1875,7,0.0
ゴッドオブロマンス,3,16,0.0,0.1875,8.5625,7,0.0
ハートフルシーン,2,16,0.0,0.0625,8.125,7,0.0
アンピエッツア,3,16,0.0,0.0625,10.375,7,0.0
スリーネーション,2,16,0.0,0.125,9.5625,7,0.0
プリマレジェンド,2,16,0.125,0.25,7.0,7,0.0
Ryan's Inheritance,1,16,0.125,0.5625,6.9375,7,0.0
ハニージェイド,1,16,0.125,0.1875,6.25,7,0.0
ラヴアンドドラゴン,2,16,0.0,0.25,6.375,7,0.0
シーブリーズラブ,3,16,0.0,0.0,8.5625,7,0.0
ホイップクリーム,5,16,0.0,0.0,9.8125,7,0.0
ホウザングラマー,2,16,0.0,0.0,10.9375,7,0.0
ホウオウマリリン,3,16,0.0625,0.375,6.0625,7,0.0
ホウヨウバルキリー,3,16,0.0625,0.125,9.6875,7,0.0
ホウヨウターニング,3,16,0.0,0.0,11.3125,7,0.0
リアユニヴァース,4,16,0.0,0.0,12.0625,7,0.0
レオアルテミス,3,16,0.125,0.25,7.75,7,0.0
マドモアゼルノン,2,16,0.0,0.1875,8.75,7,0.0
マドモアゼルアン,3,16,0.0,0.0625,9.75,7,0.0
ココロノスポーツ,3,16,0.0625,0.3125,6.125,7,0.0
マプチートカーユ,1,16,0.0625,0.125,8.375,7,1.0
エーシンブイムード,4,16,0.0625,0.0625,9.0,15,1.0
エーシンアガペー,3,16,0.0625,0.0625,10.0,7,0.0
コパノオーシャンズ,2,16,0.0625,0.125,7.4375,7,0.0
テラノクリスティー,1,16,0.0,0.0625,8.0625,23,0.0
プリンシパルハニー,2,16,0.0625,0.3125,5.5625,7,0.0
プリティゴールド,2,16,0.0,0.1875,7.3125,7,0.0
フォレストメリー,4,16,0.0625,0.1875,8.0625,7,0.3333
ヒダカナデシコ,3,16,0.0625,0.125,9.0625,7,0.0
アペレース,3,16,0.0,0.0625,9.25,7,0.0
アビス,2,16,0.1875,0.5625,5.6875,7,0.0
ゲハイムローゼ,3,16,0.0625,0.1875,7.0,7,0.0
ゲットクローサー,1,16,0.125,0.4375,4.875,7,0.0
マヤラブハート,3,16,0.0,0.125,10.1875,7,0.0
ケンブリッジハーツ,3,16,0.0,0.0,9.5,7,0.0
メモリーレーン,3,16,0.0,0.125,7.9375,7,0.0
メリートーン,1,16,0.25,0.3125,4.9375,7,0.0
アリュマージュ,2,16,0.0625,0.3125,5.9375,7,0.0
ランブリングローズ,3,16,0.0625,0.3125,7.4375,7,0.0
アモーレマテルノ,2,16,0.0,0.0,9.5,7,0.0
ケイディーズネイル,1,16,0.0625,0.25,7.9375,7,0.0
メジャーフラガール,4,16,0.0,0.0,12.0,7,0.0
ナスヲアイシテ,2,16,0.0,0.125,9.0,7,0.0
ナスノロビン,1,16,0.0625,0.1875,8.6875,7,0.0
オレンジスペシャル,2,16,0.0,0.125,5.9375,7,0.0
January Jones,2,16,0.0625,0.3125,7.125,7,0.0
ロマンダムール,3,16,0.0,0.125,8.125,7,0.0
ブラストスイフト,3,16,0.0625,0.0625,10.8125,7,0.0
ティアップブロンド,3,16,0.0625,0.125,8.1875,7,0.0
タッチミーベイブ,2,16,0.0625,0.1875,7.9375,7,0.0
ブラックビスケット,4,16,0.0625,0.1875,8.9375,7,0.0
ロングアイラッシュ,2,16,0.0,0.0,9.75,7,0.0
オルカインパルス,3,16,0.0,0.0,9.5,7,0.0
Sea Chanter,1,16,0.1875,0.3125,6.5625,7,0.0
レジリアンス,2,16,0.0625,0.0625,11.1875,7,0.5
レザニティエ,3,16,0.0,0.0625,9.0,7,0.0
トーアプルメリア,2,16,0.0,0.0,8.625,7,0.0
フェアブルーム,2,16,0.375,0.75,4.0,7,0.0
ジャストアスミッジ,2,16,0.0,0.125,6.3125,7,0.0
ジェラテリア,3,16,0.0,0.125,9.25,7,0.0
ジェムディーラー,1,16,0.0,0.0625,9.5625,7,0.0
ディープスノー,4,16,0.0,0.0,9.75,7,0.0
アネモティス,3,16,0.0625,0.25,8.3125,7,0.0
アドマイヤサンデー,2,16,0.1875,0.4375,5.125,7,0.0
テンシノユメ,3,16,0.0,0.0,12.4375,7,0.0
グレートダンサー,1,16,0.0,0.0,8.0625,7,0.0
ピエナフラッシュ,3,16,0.0,0.5,5.6875,7,0.0
ナショナルフラワー,2,16,0.0,0.0,10.875,7,0.0
ナカヤママニッシュ,4,16,0.0625,0.0625,11.5625,7,0.0
オーブリエチア,4,16,0.0,0.0625,8.875,7,0.0
オートサンデー,1,16,0.0625,0.125,8.5,7,0.0
オージャイト,2,16,0.1875,0.3125,8.5625,7,0.0
プルームリジェール,5,16,0.0,0.0625,12.6875,7,0.0
パーフェクトノート,3,16,0.125,0.375,7.5,7,0.0
Soul of Houdini,1,16,0.0625,0.3125,7.375,7,0.0
Speedy Boarding,1,16,0.0625,0.125,8.375,7,0.0
Speak Softly,2,16,0.0,0.1875,6.4375,7,0.0
ジャンナスキッキ,2,16,0.25,0.3125,6.3125,7,0.0
ペチカ,6,16,0.0,0.3125,8.3125,7,0.0
リストレーション,1,16,0.0625,0.125,9.875,23,0.0
ロングフラワー,3,16,0.0,0.25,7.875,7,0.0
Her Majesty's Flag,1,16,0.0,0.0,9.75,7,0.0
タマモルミエール,4,16,0.0,0.0,9.75,7,0.0
フジタカローズ,3,16,0.0625,0.125,7.5625,7,0.0
ブラウンシャイン,2,16,0.0,0.0,9.0625,7,0.0
ブラウブリッツ,3,16,0.0,0.0625,10.375,7,0.0
タピッツフライ,2,16,0.625,0.875,1.8125,15,1.0
オールインファン,2,16,0.0625,0.25,5.75,7,0.0
メイビータイム,3,16,0.0,0.0,10.3125,7,0.0
リスペクトスコール,2,16,0.0625,0.4375,4.9375,7,0.0
リップグロス,1,16,0.0625,0.1875,7.1875,7,0.0
リッチアフェアー,1,16,0.25,0.375,7.6875,7,0.0
アストレア,3,16,0.0,0.125,9.0625,7,0.0
ディステイン,4,16,0.125,0.5,6.25,7,0.0
アサヒブライト,3,16,0.0,0.1875,9.0,7,0.0
リネンステージ,2,16,0.0,0.0,12.0,7,0.0
マローブルー,3,16,0.125,0.625,4.125,7,0.3333
グラッツェリーサ,2,16,0.0,0.125,7.375,7,0.0
グランス,5,16,0.0625,0.0625,9.125,7,0.0
グレイスフルハート,1,16,0.0625,0.3125,7.25,23,0.0
グレイスミノル,3,16,0.0,0.0625,9.9375,7,0.0
グリッターアイス,2,16,0.0625,0.25,9.625,7,0.0
ナイトアットオペラ,4,16,0.0,0.1875,7.5,7,0.0
プリンセスパトラ,2,16,0.0,0.0,11.1875,7,0.0
カネトシルメルシェ,2,16,0.0,0.0,8.5,7,0.0
ルリエーヴル,1,16,0.0625,0.0625,7.8125,7,0.0
Sweet Seventeen,1,16,0.125,0.5625,4.875,15,1.0
レイズアトウショウ,1,16,0.125,0.25,8.3125,7,0.0
スノーアード,4,16,0.0,0.0,10.3125,7,0.0
スマラ,2,16,0.0,0.0625,8.875,7,0.0
ジーピークロス,3,16,0.0,0.1875,6.9375,7,0.0
スイートケンメア,1,16,0.125,0.3125,6.1875,7,0.0
ジョーベアトリチェ,3,16,0.0,0.0,12.3125,7,0.0
パフェ,4,16,0.0,0.0,12.25,7,0.0
フローレスティアラ,2,16,0.0,0.0,10.3125,7,0.0
ターフフラッパー,2,16,0.0,0.0,9.625,7,0.0
ダイシンベール,2,16,0.0,0.0625,10.75,7,0.0
Glinting Desert,1,16,0.0625,0.1875,7.25,67,0.0
メイショウベルシア,3,16,0.125,0.375,7.375,7,0.0
ピカピカ,3,16,0.0,0.0625,9.375,7,0.0
クールトップレディ,4,16,0.0,0.0,13.5,7,0.0
ジングルベルロック,4,16,0.0625,0.25,7.4375,7,0.5
リャクダツアイ,4,16,0.125,0.125,9.875,7,0.25
ベッロカリーノ,2,16,0.0,0.375,5.6875,7,0.0
スイングバイ,3,16,0.0,0.3125,6.125,7,0.0
リリックドラマ,2,16,0.0625,0.25,6.8125,7,0.0
アイファーヒロイン,2,16,0.0,0.0,9.8125,7,0.0
クロユリジョウ,1,16,0.0625,0.25,8.4375,7,0.0
ドリームチルチル,4,16,0.0,0.0,9.8125,7,0.0
ドリームチャッター,2,16,0.0625,0.125,9.3125,7,0.0
カルストンサイダー,1,16,0.0,0.125,10.375,43,0.0
メイショウツレヅレ,2,16,0.125,0.125,8.5,7,0.0
カラフルパレット,1,16,0.0625,0.3125,8.3125,7,0.0
グッドファイト,3,16,0.0,0.0,9.1875,7,0.0
マンハッタン,3,16,0.0625,0.0625,10.6875,7,0.0
グラスエトワール,3,16,0.0,0.0625,8.6875,7,0.0
クロッサンドラ,3,16,0.0,0.0625,9.3125,7,0.0
リワードエンプレス,1,16,0.25,0.625,3.9375,7,0.0
スナップドラゴン,3,16,0.0625,0.375,5.375,7,0.0
フェルクレール,2,16,0.0625,0.1875,9.4375,7,0.0
ストロボフラッシュ,2,16,0.125,0.1875,7.3125,7,0.5
Tashzara,1,16,0.125,0.125,8.625,7,0.0
Tashawak,1,16,0.125,0.375,6.6875,15,1.0
ハギノフォルテ,4,16,0.0,0.0625,11.625,7,0.0
キスオブザビーナス,2,16,0.0625,0.125,9.6875,7,0.0
キサスキサスキサス,3,16,0.0,0.0625,9.875,7,0.0
キクノフェアリー,4,16,0.0,0.0,11.6875,7,0.0
ガラスマスカレイド,4,16,0.0,0.125,7.75,7,0.0
メイショウエーデル,3,16,0.0,0.0,10.4375,7,0.0
メイショウオヒサマ,3,16,0.0,0.0625,9.25,7,0.0
カヴェルナ,3,16,0.0,0.25,7.1875,7,0.0
トーセンジュエル,3,16,0.0,0.0,8.5625,7,0.0
リンダムーン,1,16,0.0,0.0625,9.75,7,0.0
スギノエスペランザ,3,16,0.0,0.25,6.6875,7,0.0
リヴィングビーイング,3,16,0.0,0.0625,9.375,7,0.0
スティルウォーター,1,16,0.0625,0.25,6.0625,7,0.0
スターコンドル,4,16,0.0,0.0625,11.3125,7,0.0
スズカジュエリー,3,16,0.0,0.0,11.75,7,0.0
ミアフィリア,2,16,0.125,0.375,6.0625,7,0.0
Endless Chatter,1,16,0.0625,0.125,8.1875,7,0.0
Empire City,2,16,0.0625,0.1875,8.6875,7,0.0
フミノアンタレス,2,16,0.0,0.125,8.75,7,0.0
フロントアクセス,3,16,0.0,0.0625,10.4375,7,0.0
ダイワベルタ,2,16,0.0625,0.0625,9.25,7,0.0
ダヌスカズマイガール,2,16,0.3125,0.75,3.4375,7,0.5
Elizabits,1,16,0.0,0.1875,8.4375,7,0.0
トーセンフルライフ,2,16,0.0,0.125,8.875,7,0.0
トーセンビレッタ,4,16,0.0625,0.125,7.625,7,0.0
クインオブザシーズ,3,16,0.0,0.3125,7.0,7,0.0
チャームマロン,5,16,0.0,0.0,12.3125,7,0.0
チョウチョウキャット,2,16,0.125,0.3125,7.4375,7,0.0
Dixiana Delight,1,16,0.375,0.5625,4.625,23,0.0
Curluck,1,16,0.1875,0.6875,4.125,7,0.0
フューチャハッピー,2,16,0.0625,0.25,6.9375,7,0.0
フレンチフレイバー,3,16,0.0625,0.0625,10.0,7,0.0
ミワノロマンス,2,16,0.0,0.125,7.375,7,0.0
ミレフォリウム,1,16,0.0,0.375,4.625,7,0.0
キョウエイルフィー,1,16,0.125,0.125,6.125,7,0.0
ミスユニバース,2,16,0.0625,0.125,9.125,7,0.0
ハタノガイア,3,16,0.0625,0.0625,8.4375,7,0.0
ハセハインドマーチ,3,16,0.0,0.0625,9.75,7,0.0
Wild Hoots,1,16,0.125,0.25,7.6875,7,0.0
Why Katherine,1,16,0.1875,0.375,6.5625,7,0.0
テーオーメーテル,5,16,0.0,0.0,8.8125,7,0.0
シセイハルカ,1,16,0.0,0.0625,10.625,23,0.0
シジェームサン,1,16,0.0625,0.4375,5.1875,7,0.0
シゲルキリガミネ,2,16,0.0,0.0625,11.125,7,0.0
ユッコ,2,16,0.0,0.0625,8.9375,7,0.0
エアルーヴル,1,16,0.0625,0.125,8.3125,7,0.0
ウルフコール,3,16,0.0,0.0,9.5,7,0.0
ウルティマミューズ,2,16,0.1875,0.4375,5.4375,7,0.0
チェリービスティー,2,16,0.0,0.0,9.1875,7,0.0
バーモントガール,4,16,0.0,0.0625,8.5625,7,0.0
キルシュバウム,4,16,0.0625,0.125,11.3125,7,0.0
クラウンアイリス,3,16,0.0,0.125,6.25,7,0.0
ピュアマリーン,3,16,0.0,0.125,10.3125,7,0.0
ピュアフレグランス,4,16,0.0625,0.0625,11.4375,7,0.0
チャームザワールド,4,16,0.0,0.0625,8.9375,7,0.0
ヴェニット,3,16,0.0625,0.1875,10.6875,7,0.0
Dixie Crisp,1,16,0.125,0.6875,3.3125,7,0.0
ヴェレーナ,3,15,0.0,0.0,9.8667,7,0.0
フラワーアーチ,3,15,0.0,0.1333,10.8,7,0.0
ダンスウィズキトゥン,3,15,0.2667,0.7333,3.1333,7,0.0
ダークエンジェル,2,15,0.0667,0.1333,8.1333,7,0.0
フレイミングスカイ2,7,15,0.0,0.0667,11.1333,7,0.0
ダーレームーン,4,15,0.0,0.0,11.6,7,0.0
Cat On a Tin Roof,1,15,0.0,0.1333,6.2667,7,0.0
ピュアオパール,2,15,0.0,0.0,9.8,7,0.0
キープザサミット,2,15,0.0,0.1333,8.8,7,0.0
ギモーヴ,5,15,0.0,0.2,8.3333,7,0.0
ギンマク,3,15,0.0,0.0,11.3333,7,0.0
クィーンズロード,3,15,0.0,0.2,7.1333,7,0.0
トーホウローマン,2,15,0.0,0.0667,8.6667,7,0.0
Christine Daae,1,15,0.2667,0.4,6.2667,7,0.0
ダノンパンサー,2,15,0.0,0.2667,6.2667,7,0.0
ダラニ,4,15,0.0,0.2667,6.5333,7,0.0
ダルタヤ,4,15,0.0667,0.2,9.1333,7,0.3333
Crimson Maple,1,15,0.0667,0.1333,8.5333,7,0.0
Cynthiana,1,15,0.0667,0.2,6.2,7,0.0
Dattts Cool,1,15,0.2667,0.6,4.7333,7,0.0
バランバ,2,15,0.0,0.1333,8.4,7,0.0
Debonnaire,1,15,0.0667,0.1333,6.1333,7,0.0
ワタシノデバン,1,15,0.0,0.0667,9.1333,7,0.0
キュートシルフ,3,15,0.0,0.0,10.7333,7,0.0
キョウエイエルメス,2,15,0.0,0.1333,7.5333,7,0.0
クイーンエタニティ,2,15,0.0667,0.1333,9.7333,7,0.0
クイーンズシアター,5,15,0.0,0.0,11.1333,7,0.0
ミラクルプリンセス,4,15,0.0,0.0667,10.6,7,0.0
ワサビ,3,15,0.0,0.0667,10.3333,7,0.0
ワシントンシティ,4,15,0.0,0.0,9.6667,7,0.0
Draw It,1,15,0.0667,0.2,7.6,7,0.0
ワイズアンサー,2,15,0.2,0.4,6.0,7,0.0
ダッチェスドライヴ,3,15,0.1333,0.1333,9.5333,7,0.3333
フミノバラード,2,15,0.0,0.0,8.5333,7,0.0
Folklore,2,15,0.2667,0.6667,4.2,7,0.0
Funny Feeling,1,15,0.0667,0.2,9.0667,7,0.0
ミーナー,3,15,0.0,0.0,11.0,7,0.0
キャラメルフレンチ,3,15,0.0,0.1333,7.8667,7,0.0
ミスライト,3,15,0.0,0.0667,9.9333,7,0.0
Garden Party,1,15,0.2,0.6,6.0,7,0.0
Gem Gem,1,15,0.1333,0.4,5.9333,7,0.0
ツルマルダンサー,1,15,0.0,0.0667,8.0667,67,0.0
Glimmering,1,15,0.1333,0.4,6.3333,7,0.0
Goodbye Stranger,1,15,0.2667,0.4667,5.7333,7,0.0
パフュームスター,1,15,0.0667,0.2667,7.6667,7,0.0
ブライトリビング,2,15,0.3333,0.5333,5.3333,7,0.0
タマモクララ,1,15,0.0667,0.1333,6.8,7,0.0
タヤスロマンス,4,15,0.0,0.0,10.5333,7,0.0
ターフジェニック,3,15,0.0,0.2,9.4,7,0.0
ブラックモリオン,2,15,0.3333,0.8,2.4,7,0.0
タツサファイヤ,4,15,0.0,0.2,7.0,7,0.0
タドウィガ,1,15,0.0667,0.1333,8.8667,23,0.0
ロッカフラベイビー,3,15,0.0667,0.2,7.5333,7,0.0
クレメンティア,1,15,0.0667,0.2667,5.6,7,0.0
クロスオーバー,1,15,0.1333,0.4,7.6667,7,0.0
クロタカ,2,15,0.0667,0.2,8.0667,7,0.0
クレーターズロード,1,15,0.0667,0.1333,8.2,7,0.0
クリノエリザベス,3,15,0.2667,0.2667,8.2667,7,1.0
クリノカグヤマ,3,15,0.0,0.0667,10.4,7,0.0
Lady Canna,1,15,0.1333,0.4,5.3333,7,0.0
ティイ,3,15,0.0,0.0,9.5333,7,0.0
タキオンレディー,2,15,0.1333,0.4,6.5333,7,0.0
Lavender Sky,1,15,0.0,0.2,7.8667,23,0.0
ロスマリヌス,3,15,0.0,0.2667,5.0667,7,0.0
ロシャーニ,3,15,0.0,0.0,10.2,7,0.0
Limonar,1,15,0.1333,0.3333,7.5333,7,0.0
ブリュードロア,1,15,0.0,0.1333,8.6667,23,0.0
タガノアイリス,1,15,0.1333,0.2667,5.6,43,0.0
カーミングエフェクト,3,15,0.2,0.4,5.6667,7,0.0
ピサノケリー,2,15,0.0,0.0667,10.3333,7,0.0
メイショウアヤメ,3,15,0.0,0.0667,9.0,7,0.0
ガトーショコラ,3,15,0.0,0.0667,10.4667,7,0.0
キシュウアゲイン,2,15,0.0,0.0,12.2,7,0.0
ミスアドーラブル,3,15,0.1333,0.2667,8.4667,7,0.5
レーヌルネサンス,2,15,0.0,0.0667,7.7333,7,0.0
Mad About You,1,15,0.4,0.7333,3.7333,7,0.0
Madeira Mist,1,15,0.0,0.0,9.5333,23,0.0
Mane Princess,1,15,0.0667,0.4667,6.4667,7,0.0
ハーツブラッド,3,15,0.0,0.0,11.2,7,0.0
Midnight Visit,1,15,0.0667,0.4,7.0,7,0.0
パリモニー,2,15,0.0,0.0667,11.7333,7,0.0
ブルークランズ,3,15,0.2,0.4667,5.9333,7,0.5
ブルーモントレー,3,15,0.0,0.0667,10.4,7,0.0
ブルーペール,3,15,0.0,0.0,8.8,7,0.0
セレンディップ,3,15,0.0,0.1333,6.3333,7,0.0
セルリアンジャンヌ,4,15,0.0,0.0,12.6667,7,0.0
センターベンセール,1,15,0.0,0.3333,4.6,7,0.0
セータコローナ,2,15,0.1333,0.2,7.5333,7,0.5
ゼヤラー,2,15,0.0667,0.0667,10.5333,7,0.0
クローソー,2,15,0.0667,0.2667,7.2667,7,0.0
マーベラスビジン,2,15,0.0,0.0667,10.0667,7,0.0
メイショウクノイチ,4,15,0.0,0.0667,11.0667,7,0.0
ソウルスターリング,2,15,0.2,0.4,4.7333,7,0.0
ハーツキー,2,15,0.0,0.2667,6.0,7,0.0
レディバード,2,15,0.2667,0.5333,4.9333,15,1.0
レディフェザー,1,15,0.0667,0.1333,8.4,7,0.0
Nothing But Tom,1,15,0.1333,0.2,8.4,7,0.0
Noble Ready,1,15,0.2,0.4,5.2667,15,1.0
レディアレグレット,1,15,0.0667,0.2,7.7333,7,0.0
トーセンサファイア,4,15,0.0,0.0,10.1333,7,0.0
カノーロ,2,15,0.1333,0.2667,7.3333,7,0.5
ドリームライフ,2,15,0.0667,0.1333,9.2,7,0.0
メイショウタイム,4,15,0.0,0.0,12.2667,7,0.0
カレン,2,15,0.0,0.0667,9.2667,7,0.0
プラスドピラミッド,2,15,0.0,0.1333,8.7333,7,0.0
Poinsettia,1,15,0.0,0.3333,6.2,7,0.0
スーパールミナル,3,15,0.0,0.0667,11.0667,7,0.0
セイウンミツコ,2,15,0.0667,0.2,7.0667,7,0.0
セイリングホーム,2,15,0.2,0.2667,5.9333,7,0.0
フォークレジェンド,3,15,0.0667,0.2,8.0667,7,0.0
セイントリープレア,4,15,0.0,0.0,8.8,7,0.0
Ranter,1,15,0.1333,0.4,5.6,7,0.0
Rap and Dance,1,15,0.0667,0.1333,7.6,15,1.0
Regal Riband,1,15,0.0667,0.1333,7.9333,7,0.0
Rhys,1,15,0.0667,0.1333,7.5333,7,0.0
ハブルバブル,4,15,0.1333,0.4667,6.6667,7,0.0
レッドアメリア,2,15,0.1333,0.2667,7.8667,7,0.0
レッドエレノア,3,15,0.0667,0.2,6.8,7,0.0
ハマヒルガオ,3,15,0.0,0.1333,9.4,7,0.0
パンデモニウム,2,15,0.0,0.0,10.2,7,0.0
スローライフ,4,15,0.0,0.0,10.0667,7,0.0
プリティブルーム,4,15,0.0,0.0,12.4,7,0.0
ピカンチラヴ,4,15,0.0,0.0,11.0667,7,0.0
マーメイドゴールド,2,15,0.0,0.0,10.0667,7,0.0
クーファナイン,2,15,0.1333,0.3333,7.5333,7,0.0
クールラディカル,3,15,0.0,0.0,9.0,7,0.0
グァカモーレ,2,15,0.1333,0.4,6.0,7,0.0
トーセンエトワール,3,15,0.0,0.0667,8.7333,7,0.0
スーサンヘイロー,4,15,0.0,0.0,9.9333,7,0.0
スーパーアフリート,3,15,0.0,0.0,9.9333,7,0.0
プリンセス,1,15,0.0667,0.1333,7.6,7,0.0
プリモカラーズ,2,15,0.0,0.0,9.4667,7,0.0
プリモレガーロ,2,15,0.0,0.0667,8.5333,7,0.0
メイチャリティ,1,15,0.0667,0.2667,7.0667,7,0.0
ナイスクオリア,4,15,0.0667,0.0667,8.9333,7,0.0
メイショウモモカ,2,15,0.0,0.0,13.6,7,0.0
カドルーパ,3,15,0.0,0.0667,11.8,7,0.0
カネトシコンサイス,3,15,0.0667,0.2,7.6667,7,0.0
カネトシスラーヴァ,2,15,0.0667,0.2,9.0,7,0.0
Serienholde,1,15,0.3333,0.7333,3.0,15,1.0
ハナズクリーム,1,15,0.1333,0.4,6.4,7,0.0
Smoke Signals,1,15,0.0667,0.4,7.0,7,0.0
レイトブルーマー,2,15,0.3333,0.5333,4.2,7,0.5
ハトシェプスト,2,15,0.0,0.4,5.8,7,0.0
ハナサカセマショウ,1,15,0.0,0.4,4.8667,7,0.0
プリンセスヒムカ,1,15,0.0,0.2,6.2667,7,0.0
フォルト,3,15,0.0667,0.6667,4.4,7,0.0
フォレストキティ,3,15,0.0667,0.3333,6.0,7,0.0
スノードロップ,4,15,0.0,0.0,12.1333,7,0.0
プレイフォミラクル,3,15,0.0,0.0,11.2,7,0.0
スピナッチ,2,15,0.1333,0.4667,4.6,7,0.5
グレイスノート,2,15,0.0667,0.0667,9.7333,7,0.0
グランシェリー,2,15,0.0667,0.0667,9.5333,7,1.0
マルトクビクトリー,3,15,0.0667,0.2,8.2,7,0.0
レイズアベール,1,15,0.0,0.1333,7.2,7,0.0
Stop Traffic,1,15,0.1333,0.2667,6.6667,7,1.0
ルールザユニバース,3,15,0.1333,0.1333,8.6,7,0.0
ハッピープレゼント,3,15,0.0667,0.2,9.2667,7,0.0
ハッピーメール,2,15,0.1333,0.3333,7.2,7,0.0
Terry M.,1,15,0.2,0.2,8.8667,7,0.0
ルビウス,4,15,0.0,0.2,8.3333,7,0.0
スノーペトレル,3,15,0.0,0.1333,8.0667,7,0.0
スターミー,1,15,0.0,0.2,8.5333,179,0.0
テーオーブロンド,2,15,0.0,0.2,6.2,7,0.0
プレンティフェスタ,3,15,0.0,0.2,7.6,7,0.0
Trusty Lady,1,15,0.2667,0.5333,3.7333,15,1.0
ルクールダンジェ,3,15,0.0667,0.2667,8.2667,7,0.0
グレンチェック,3,15,0.0,0.0,10.2,7,0.0
トワインブルーム,2,15,0.0667,0.2667,5.6667,7,0.0
オーロラナイト,1,15,0.2,0.4667,6.1333,7,0.0
スズカノジェリコ,2,15,0.0,0.2667,6.8667,7,0.0
テーオーグレース,2,15,0.0667,0.3333,7.0667,7,0.0
スターシーキング,2,15,0.0,0.2667,6.6667,7,0.0
スターレット,3,15,0.0667,0.2667,8.8667,7,0.0
リヴァリーン,3,15,0.0,0.0667,10.6667,7,0.0
フェニックスワン,1,15,0.0,0.1333,8.4,115,0.0
フェバリットソング,2,15,0.0,0.0667,8.2667,7,0.0
アイアムエンジェル,2,15,0.0667,0.3333,7.2667,7,0.0
アイアンヒロイン,2,15,0.2667,0.6667,4.8,7,0.5
ハケイマ,1,15,0.2,0.3333,7.7333,7,0.0
ハセノマジョラム,4,15,0.0,0.0667,11.6,7,0.0
ハギノセゾン,2,15,0.0667,0.4,6.2667,7,0.0
ハギノフェリーチェ,2,15,0.0,0.0667,8.2,7,0.0
アイチャンルック,2,15,0.2,0.3333,5.1333,15,0.0
マリアライト,4,15,0.2,0.4667,6.7333,7,0.3333
ケンブリッジジャズ,1,15,0.0667,0.2,9.3333,7,0.0
オーブシュプレーム,5,15,0.0,0.0667,9.8667,7,0.0
スイートアマポーラ,2,15,0.0,0.1333,9.5333,7,0.0
ベライシム,1,15,0.1333,0.4,6.6667,15,1.0
スイートリリック,4,15,0.0,0.1333,8.9333,7,0.0
フェスティバル,2,15,0.1333,0.2,10.2667,7,0.0
ベストピクチャー,2,15,0.1333,0.2,7.4,7,0.0
スウィートマナ,1,15,0.0,0.0,8.1333,7,0.0
アイルビーファイン,4,15,0.0,0.0,11.8,7,0.0
ジョージアンベイ,1,15,0.0667,0.0667,9.1333,7,0.0
アグネスエンジェル,2,15,0.0,0.0,8.7333,7,0.0
オレンジジャスミン,2,15,0.0667,0.1333,8.7333,7,0.0
ベルモントパティ,4,15,0.0,0.0667,9.5333,7,0.0
ジョウノローズ,4,15,0.0,0.0667,9.6,7,0.0
ジョウノヴィーナス,2,15,0.0,0.0667,9.2,7,0.0
アストランティア,2,15,0.0667,0.1333,7.9333,7,0.0
アットザシーサイド,3,15,0.2,0.3333,7.0667,7,0.0
アズレージョ,2,15,0.0667,0.2,6.0,7,0.0
リスティアエナー,4,15,0.0,0.0,10.8667,7,0.0
ノーブルクラウン,3,15,0.0,0.2,7.0667,7,0.0
アドマイヤキセキ,1,15,0.0,0.2,7.8,131,0.0
ジュヴァンクル,2,15,0.0,0.2667,6.1333,7,0.0
ベルモントヤマユリ,3,15,0.0667,0.2,7.1333,7,0.3333
ジュンプリンセス,2,15,0.0,0.0667,9.0667,43,0.0
アドヴェントス,3,15,0.0667,0.0667,9.8,7,0.3333
ジェンメオ,1,15,0.0667,0.1333,8.7333,7,0.0
ジブリール,3,15,0.0667,0.0667,8.9333,7,0.0
ジェイドロダンサー,1,15,0.0667,0.1333,10.7333,7,0.0
ジェニーソング,3,15,0.0,0.0667,9.8667,7,0.0
ジェニーリンド,4,15,0.0667,0.0667,11.2,7,0.0
ヒシマーベラス,3,15,0.0,0.0,11.0,7,0.0
オウケンサクラ,4,15,0.0,0.0,9.6667,7,0.0
ビーマイステディ,2,15,0.0,0.5333,4.2,7,0.0
マヤブリリアント,2,15,0.0,0.0,8.3333,7,0.0
ゲルニカ,2,15,0.1333,0.1333,9.4667,7,1.0
トレッビアーノ,4,15,0.0,0.0667,7.9333,7,0.0
アフォリズム,4,15,0.0,0.0,11.8667,7,0.0
アプローズ,4,15,0.0,0.0667,9.5333,7,0.0
ラードロチェキラ,3,15,0.0,0.0,10.3333,7,0.0
アミーキティア,1,15,0.0667,0.1333,7.5333,7,0.0
アムルタート,1,15,0.0667,0.0667,8.8667,7,0.0
ノルウェーノモリ,5,15,0.0667,0.1333,10.0,7,0.0
アラタマクリスエス,2,15,0.1333,0.2,7.8667,7,0.0
ジアナズドリーム,2,15,0.0667,0.2,9.1333,7,0.0
アランセラ,3,15,0.0,0.0667,9.4667,7,0.0
エーシンマダムジー,3,15,0.0,0.0,11.2667,7,0.0
エーシンリジル,5,15,0.0,0.0,9.8,7,0.0
トリプルスレット,3,15,0.0667,0.1333,8.6667,7,0.0
メモリーフローラ,2,15,0.0667,0.1333,8.8667,7,0.0
シントーアサヒ,2,15,0.1333,0.4,4.6667,7,0.0
シーキングトパーズ,3,15,0.0,0.1333,8.8667,7,0.0
シンワロバリー,2,15,0.0,0.0,8.8667,7,0.0
シーイズチャンプ,3,15,0.1333,0.2667,8.0,7,0.3333
ホエールシャーク,6,15,0.0,0.0,12.8667,7,0.0
シークレットベース,3,15,0.0667,0.1333,10.2667,7,0.0
ホウホウ,2,15,0.0,0.2,7.4,7,0.0
アルセイド,2,15,0.0,0.0667,9.0,7,0.0
アルフェラッツ,1,15,0.0,0.1333,6.6,23,0.0
ララプリムヴェール,2,15,0.1333,0.1333,8.2667,7,0.0
アルマレイモミ,3,15,0.0,0.2667,7.5333,7,0.0
デットオアアライブ,3,15,0.0,0.0,9.5333,7,0.0
シンゼンクイーン,4,15,0.0667,0.0667,9.2667,7,0.0
エンパイアガール,2,15,0.2,0.2667,7.4,7,0.0
エヴォリューション,1,15,0.1333,0.2,7.8,7,0.0
ナムラシャルマン,3,15,0.0,0.0667,8.2,7,0.0
トランドネージュ,1,15,0.0667,0.1333,7.0667,7,0.0
トリアノンパレス,3,15,0.0,0.0667,11.0,7,0.0
ヒラボクハッピー,4,15,0.0667,0.0667,10.3333,7,0.0
アンジュシャルマン,4,15,0.0667,0.0667,9.6667,7,0.0
ラブリーコンサート,1,15,0.0,0.2,5.7333,7,0.0
アンジュトウショウ,4,15,0.0,0.2667,6.9333,7,0.0
アンセミス,2,15,0.0667,0.1333,7.9333,7,0.0
ラブリーアモン,2,15,0.0,0.2,6.9333,7,0.0
アンフィトリテ,3,15,0.2,0.2667,7.1333,7,0.0
アンフィトリテ2,3,15,0.1333,0.5333,5.0667,7,0.3333
エンジェルシェア,2,15,0.0,0.0,10.8,7,0.0
コンスヴァール,1,15,0.0667,0.0667,8.0667,7,0.0
コンフィデンツァ,2,15,0.0,0.0,11.7333,7,0.0
マターラミツル,2,15,0.0667,0.3333,6.9333,7,0.0
トラストトゲピー,4,15,0.0667,0.0667,11.8667,7,1.0
マスターエクレール,4,15,0.0,0.0,11.7333,7,0.0
ホワイトソックス,5,15,0.0,0.0667,11.2,7,0.0
ホットレディ,3,15,0.0,0.4,7.2,7,0.0
デュナミス,2,15,0.0667,0.2,6.9333,7,0.0
シルバーコースト,2,15,0.0667,0.2667,8.6667,7,0.0
ラフレシアダンサー,1,15,0.0,0.1333,9.4667,7,0.0
ラファエラ,3,15,0.0,0.0667,8.4667,7,0.0
ネオメープルリーフ,1,15,0.0,0.0667,8.4,7,0.0
イタリアンホワイト,3,15,0.0,0.0667,8.3333,7,0.0
ヒロコカサブランカ,2,15,0.0,0.1333,8.3333,7,0.0
フィラデルフィア,3,15,0.0,0.1333,8.7333,7,0.0
ショコラミーティア,3,15,0.0,0.1333,8.4,7,0.0
デュランティ,2,15,0.0667,0.1333,10.7333,7,0.0
デューフォール,2,15,0.0,0.2,6.4667,7,0.0
ラッキーマーメイド,1,15,0.0667,0.4667,6.2667,7,0.0
エリモメロディー,2,15,0.0,0.0,9.2667,7,0.0
エリーゼパレス,4,15,0.0,0.0,9.2,7,0.0
エレガンスワールド,1,15,0.0,0.2,8.6667,7,0.0
ホーリーシュラウド,3,15,0.1333,0.4,7.0667,7,0.5
ホーザンアテナ,2,15,0.0,0.0667,8.4,7,0.0
デルフィニア2,3,15,0.3333,0.8667,2.7333,7,0.3333
デルマオコマ,1,15,0.0667,0.1333,8.6,7,0.0
インヘリットデール,3,15,0.1333,0.5333,5.8667,7,0.0
イーグルマドンナ,3,15,0.0667,0.2,9.3333,7,0.0
イージーウィン,5,15,0.0,0.0,12.2,7,0.0
シャレードスマイル,5,15,0.0,0.0,11.4667,7,0.0
シャープナー,4,15,0.0,0.0,11.2,7,0.0
モンピュア,6,15,0.0,0.0667,11.2,7,0.0
エリカオンヒル,3,15,0.0667,0.1333,9.3333,7,0.0
エリモエクレール,2,15,0.0667,0.2,6.4,7,0.0
ゴールデンチェリー,3,15,0.0,0.0667,9.6,7,0.0
ファニーヒロイン,1,15,0.0667,0.1333,7.1333,7,0.0
フィナンシェ,4,15,0.0,0.0,11.1333,7,0.0
ウィキッドアイズ,3,15,0.0,0.1333,7.1333,7,0.0
ラグレスロマニー,2,15,0.0,0.2,8.0,7,0.0
ラガマフィン,2,15,0.0,0.0667,13.4,7,0.0
ウイッチクイーン,2,15,0.1333,0.2,7.6667,7,0.0
ニホンピロガレット,4,15,0.0667,0.2,9.7333,7,0.0
ウェザーヘルム,4,15,0.0,0.0667,11.2,7,0.0
ウェディングハニー,2,15,0.0667,0.1333,8.7333,7,0.0
シャインスペシャル,2,15,0.0,0.1333,7.5333,7,0.0
シャインベル,3,15,0.0,0.0667,7.9333,7,0.0
シャコージュノー,1,15,0.0,0.0667,10.2667,23,0.0
シャムロッククリーク,2,15,0.0,0.2,7.8,7,0.0
ビューティブロンド,4,15,0.0667,0.0667,10.7333,7,0.25
エメラルコヨーテ,3,15,0.0,0.2667,6.5333,7,0.0
サイキョウロマン,2,15,0.0,0.0,10.9333,7,0.0
サクラウォーニング,1,15,0.0,0.0,11.4,7,0.0
サクラエンプレス,3,15,0.2,0.2667,8.8667,7,0.0
マイネヴィーナス,2,15,0.0,0.0,11.8,7,0.0
エメラルドアイル,3,15,0.0,0.0667,8.7333,7,0.0
エメラルドチャーム,4,15,0.0,0.0667,11.6667,7,0.0
ウエスタンハピネス,1,15,0.0,0.2667,7.4667,7,0.0
ウエスタンマンデラ,3,15,0.0,0.2667,6.3333,7,0.0
ウエスタンレジーナ,2,15,0.0,0.0667,10.2,7,0.0
シビサーバ,5,15,0.0,0.0667,10.8,7,0.0
ボンボンキャスト,3,15,0.0667,0.1333,9.6667,7,0.0
シャイニンルビー,3,15,0.0,0.2667,7.7333,7,0.0
ファーマレッド,2,15,0.0,0.0667,10.0,7,0.0
ヤサラム,4,15,0.0,0.0,13.2667,7,0.0
エブリナイスガール,2,15,0.0,0.1333,10.2667,7,0.0
エムズガール,2,15,0.0667,0.1333,9.3333,7,0.0
ニットウサラン,4,15,0.0,0.0,10.6,7,0.0
ライクアミリオン,3,15,0.0667,0.2667,7.4,7,0.0
ウッドマンズシック,1,15,0.0,0.0,7.5333,23,0.0
エアジェルブロワ,3,15,0.0,0.3333,7.4667,7,0.0
ボーンレジェンド,2,15,0.0,0.2667,8.3333,7,0.0
ザフィーナ,1,15,0.0,0.2667,5.5333,7,0.0
ザーキー,1,15,0.0667,0.2667,7.4,7,0.0
シェリトリンド,2,15,0.0667,0.0667,8.6667,7,1.0
ポットブリリアンス,5,15,0.0,0.0,11.3333,7,0.0
ユニキャラ,2,15,0.2667,0.5333,4.0667,7,0.0
エイシンウィキ,1,15,0.1333,0.2,7.6,7,0.0
ユノブラウニー,4,15,0.0,0.0,12.7333,7,0.0
エイシンサイレンス,2,15,0.0,0.0,12.7333,7,0.0
エイシンジルコン,2,15,0.1333,0.3333,5.2,7,0.0
サンドティアラ,1,15,0.0667,0.0667,11.4667,7,0.0
サンライトフォリア,3,15,0.0,0.1333,8.2,7,0.0
サンレイキセキ,2,15,0.0,0.0,10.1333,7,0.0
ザクイーン,3,15,0.1333,0.4667,5.5333,7,0.0
エターナルトルース,4,15,0.0,0.0,11.6667,7,0.0
マイハッピーフェイス,3,15,0.0667,0.4,5.7333,7,0.0
マイネヴィータ,2,15,0.0667,0.0667,8.4667,15,0.5
エイシンダイヤ,5,15,0.0,0.0,9.0667,7,0.0
ユウターマライア,2,15,0.0,0.0,8.0667,23,0.0
エイシンモルト,3,15,0.0667,0.2667,7.4667,7,0.0
ヤンゲストリーター,4,15,0.0,0.0667,9.4667,7,0.0
エイシンワンシャン,3,15,0.0,0.2,10.2,7,0.0
エイプリルミスト,1,15,0.2,0.6,3.7333,7,0.0
マイティーワークス,1,15,0.0,0.0667,6.7333,7,0.0
マイガール,4,15,0.0,0.0667,11.4667,7,0.0
サンデープレゼント,2,15,0.1333,0.1333,9.6,7,0.0
サンマルクイーン,4,15,0.0,0.0,11.9333,7,0.0
ニシノオウレイ,3,15,0.0667,0.1333,8.4,7,0.3333
サプライズフォース,2,15,0.0,0.0,11.5333,7,0.0
サマークイーン,2,15,0.0,0.0,10.4667,7,0.0
サマータイムヴァル,1,15,0.0,0.0667,8.5333,7,0.0
サワキック,2,15,0.0,0.0667,6.6667,7,0.0
サトノルーリー,3,15,0.0,0.1333,7.6667,7,0.0
サバクノバラ,3,15,0.0667,0.2,8.8,7,0.0
エスペランサナナ,4,15,0.1333,0.2,8.9333,7,0.0
ヴゼットジョリー,2,15,0.0,0.1333,7.6667,7,0.0
Arctic Freedom,1,15,0.1333,0.3333,6.0,7,0.0
Ardbrae Lady,1,15,0.0667,0.0667,8.6667,43,0.0
Careless Jewel,1,15,0.4,0.5333,5.1333,15,1.0
ヴァバーウエン,4,15,0.0,0.2667,6.1333,7,0.0
Buy for Less,1,15,0.0667,0.2,8.6667,7,0.0
ヴィヴィアン,3,15,0.0,0.0667,10.7333,7,0.0
ヴィーナスブルー,1,15,0.0,0.1333,6.4,7,0.0
チャノカオリ,2,15,0.0667,0.3333,5.2667,7,0.0
Catspaw,1,14,0.2143,0.5714,3.7857,23,0.0
ヴェンティミリア,2,14,0.0,0.0,10.9286,7,0.0
ヴァレンティン,3,14,0.0,0.0,11.2857,7,0.0
Blue Bahia,1,14,0.0714,0.2857,7.5,7,0.0
チェルシーガール,3,14,0.0,0.3571,5.5,7,0.0
ヴィニー,3,14,0.0714,0.3571,5.7857,7,0.0
Alverta,1,14,0.1429,0.2857,8.5714,23,0.0
フライバイペガサス,1,14,0.0,0.2143,6.2143,7,0.0
ダークアイボリー,3,14,0.0,0.0,11.6429,7,0.0
ダンツプリンセス,1,14,0.0,0.0714,7.8571,7,0.0
ダンツカナリー,4,14,0.0,0.0,11.4286,7,0.0
ダンシングナゲット,2,14,0.0714,0.1429,9.7857,7,0.0
ダンスエターナル,1,14,0.0,0.0,7.5714,7,0.0
Annie's Apple,1,14,0.0714,0.2143,7.0714,7,0.0
キューバンマンボ,4,14,0.0,0.0,11.5,7,0.0
キャントミス,2,14,0.0,0.0,11.2857,7,0.0
Discursus,1,14,0.0,0.4286,4.7143,7,0.0
マイウィン,4,14,0.0,0.0,11.0714,7,0.0
フューチャーセイル,2,14,0.0714,0.2143,8.2857,7,0.0
ダンシングチコ,2,14,0.0714,0.2857,7.5714,7,0.0
ダンシングスタイル,3,14,0.0,0.0,7.7857,7,0.0
ワンダースマイル,2,14,0.0714,0.1429,9.2143,7,0.0
Darling Monique,1,14,0.1429,0.3571,8.9286,23,0.0
ワンダフルメモリー,3,14,0.0,0.0714,10.0,7,0.0
Desired Trait,1,14,0.0,0.0714,10.9286,7,0.0
Dahlia's Krissy,1,14,0.0714,0.2143,7.1429,7,0.0
ダンシングマオ,5,14,0.0714,0.2857,7.4286,7,0.0
ダスティーミラー,4,14,0.0,0.0714,11.4286,7,0.0
フロリアリア,4,14,0.0,0.0,11.0714,7,0.0
フローラルダンサー,1,14,0.0714,0.1429,9.3571,7,0.0
サツマキリコ,2,14,0.0714,0.1429,7.2857,7,0.0
サクラヴァニータ,1,14,0.0714,0.1429,9.3571,7,0.0
マイネコンテッサ,3,14,0.0,0.0714,8.0,7,0.0
サトノバーキン,3,14,0.0,0.0,9.6429,7,0.0
サンダーカップ,4,14,0.1429,0.2143,7.4286,7,0.5
サムロマンス,4,14,0.0,0.0,11.3571,7,0.0
ダイリュウビーナス,2,14,0.2143,0.4286,6.6429,7,0.0
クインズエンジェル,3,14,0.0,0.1429,7.7857,7,0.0
ローゼンハイン,2,14,0.0714,0.2143,8.2857,7,0.0
パドゥヴァルス,2,14,0.1429,0.7143,3.6429,7,0.0
パテオドバテール,2,14,0.1429,0.5,3.8571,7,0.0
Flagstaff,1,14,0.0714,0.2857,6.9286,7,0.0
First Passage,1,14,0.1429,0.2857,6.2143,7,0.0
Fahan Mura,2,14,0.0714,0.2143,7.8571,7,0.0
ダイアモンドコア,2,14,0.0,0.2857,7.4286,7,0.0
バズビナ,2,14,0.0,0.0,12.0,7,0.0
キャリアコレクション,2,14,0.2143,0.2143,8.6429,15,1.0
サンライズシェル,4,14,0.0714,0.2143,7.0,7,0.0
サンピング,4,14,0.0,0.0,10.6429,7,0.0
ニシノボナリー,2,14,0.0,0.0,8.2857,7,0.0
ニシノブラッサム,2,14,0.0,0.0,9.8571,7,0.0
エイシンクローバー,3,14,0.0,0.0,8.2857,7,0.0
ユアインマイハート,4,14,0.0,0.0714,11.6429,7,0.0
エイシンフォーティ,2,14,0.0714,0.1429,8.1429,7,0.0
ユウキフジサン,4,14,0.0,0.0,12.7857,7,0.0
トーハルミツル,4,14,0.0,0.0,12.4286,7,0.0
クラリティーエス,3,14,0.0,0.0,9.2857,7,0.0
クラクエンキャット,1,14,0.0,0.2143,6.9286,7,0.0
クラウンロマン,3,14,0.0,0.0,11.7857,7,0.0
ミーヤチャスカ,2,14,0.0,0.0714,10.9286,7,0.0
キニナルーイ,1,14,0.2143,0.2857,5.2143,23,0.0
タークオイズローズ,1,14,0.0,0.2143,8.0714,7,0.0
Harlan's Panther,1,14,0.0,0.0714,9.7857,7,0.0
シゲルヨリツキ,2,14,0.0714,0.1429,9.5714,7,0.0
ユズチャン,1,14,0.0714,0.0714,8.2143,23,0.0
エイコンドライト,2,14,0.0714,0.3571,5.0,7,0.0
エアミジェーン,3,14,0.0,0.1429,10.5,7,0.0
エアショウ,3,14,0.0714,0.3571,7.2857,7,0.0
ニシオノーブル,2,14,0.0,0.1429,10.2857,23,0.0
エッジースタイル,2,14,0.2857,0.4286,6.1429,7,1.0
エイシンブイブイ,2,14,0.0,0.1429,6.4286,7,0.0
Glinda the Good,1,14,0.0714,0.5,6.0714,7,0.0
ダイリュウキセキ,2,14,0.0714,0.3571,7.0,7,0.0
ツキノロマン,1,14,0.0,0.2857,6.8571,7,0.0
フジミ,2,14,0.0714,0.0714,7.2143,7,0.0
フローレス,3,14,0.0,0.1429,11.0714,7,0.0
トーセンラフィット,2,14,0.0714,0.3571,6.8571,7,0.0
ロック,1,14,0.0714,0.4286,5.2857,7,0.0
ロマンチックキス,2,14,0.0714,0.1429,8.0714,7,0.0
ブラックオニキス,3,14,0.0,0.0,10.4286,7,0.0
エビストップクイン,2,14,0.0714,0.0714,9.8571,7,0.0
ヤマカツサユリ,3,14,0.0,0.0,12.0714,7,0.0
ニシノアスカ,4,14,0.0,0.0,11.7857,7,0.0
ポトリマンボ,2,14,0.0,0.0,11.0714,7,0.0
Invitation,1,14,0.0,0.1429,9.7857,7,0.0
タガノサムアップ,2,14,0.0,0.2857,6.3571,7,0.0
ブリオレット,2,14,0.0714,0.1429,8.7857,7,0.0
タガノグレイグース,1,14,0.0714,0.2857,7.0714,7,0.0
パミーナコラッジョ,1,14,0.0,0.0,12.0,7,0.0
ハーバーオジョー,2,14,0.0,0.0714,10.2143,7,0.0
シフォンカール,2,14,0.0714,0.1429,7.5714,7,0.0
サクセスイザベラ,4,14,0.0,0.0714,10.0714,7,0.0
ゴールドバニヤン,2,14,0.1429,0.1429,9.6429,7,0.0
エムオーアンジェラ,3,14,0.0,0.0714,11.4286,7,0.0
ウエバフラッシュ,1,14,0.0714,0.2143,6.9286,7,0.0
フィオレロ,2,14,0.2143,0.3571,5.4286,7,0.5
エブリシング,3,14,0.0,0.0714,11.7857,7,0.0
エピソードレディー,1,14,0.0,0.2857,5.7143,7,0.0
キトゥンズダンプリングス,3,14,0.0714,0.2143,8.6429,7,0.0
クルークハイト,2,14,0.2143,0.5,4.1429,7,0.0
ミスダイナクリス,2,14,0.0714,0.1429,9.8571,7,0.0
ピワ,2,14,0.0,0.0714,9.7857,7,0.0
ミスティローズ,3,14,0.0,0.0,11.7857,7,0.0
トーセンハーディ,4,14,0.0714,0.0714,10.7857,7,0.0
Livorno,2,14,0.0714,0.2857,5.6429,7,0.0
ティザチック,2,14,0.0,0.0714,7.2857,7,0.0
ブリスフルデイズ,2,14,0.0714,0.3571,4.9286,7,0.0
タガタメ,2,14,0.0,0.2143,7.0,7,0.0
タカラブネ,2,14,0.0714,0.2143,6.4286,7,0.0
タイムハンドラー,2,14,0.0714,0.2143,6.3571,7,0.0
ボヤージ,1,14,0.0714,0.0714,10.8571,7,0.0
シャトルライン,1,14,0.0,0.1429,9.5714,23,0.0
ライボー,3,14,0.0,0.0,11.4286,7,0.0
フィアマロッサ,3,14,0.0,0.0714,9.0714,7,0.0
シャインオブハート,4,14,0.0,0.0,11.4286,7,0.0
シャイスター,2,14,0.0714,0.1429,7.3571,7,0.0
ボンベイダック,3,14,0.0,0.0,11.9286,7,0.0
Lemon Kiss,1,14,0.1429,0.4286,5.2857,15,1.0
ロザージュ,2,14,0.0,0.1429,8.8571,7,0.0
ロゼットブルー,3,14,0.0714,0.1429,9.2143,7,0.0
ブラーゼン,1,14,0.0,0.0,8.8571,7,0.0
タガノブルードレス,1,14,0.0,0.0714,8.9286,7,0.0
Masaya,1,14,0.0714,0.2143,8.5,15,1.0
Magic Potion,1,14,0.2857,0.3571,6.2143,7,0.0
ゴールドアピール,3,14,0.0,0.0714,9.9286,7,0.0
マジェストゥーズ,2,14,0.0,0.0,9.9286,7,0.0
ゴートゥザノース,3,14,0.0,0.0714,10.0714,7,0.0
ゴーゴーサンデー,2,14,0.0714,0.0714,10.2857,7,0.5
エリモセレブ,1,14,0.0714,0.1429,8.2143,23,0.0
ボストンビリーヴ,1,14,0.0,0.1429,5.9286,7,0.0
シャドウスプリング,3,14,0.0,0.0,12.0,7,0.0
キソティックラヴ,2,14,0.0,0.0,10.7143,7,0.0
ドバウィディエティ,3,14,0.1429,0.3571,9.0714,7,0.3333
More Than Real,1,14,0.1429,0.4286,6.7143,7,0.0
Minny's Niece,1,14,0.3571,0.4286,5.9286,7,0.0
タイキプリンセス,4,14,0.0,0.1429,7.1429,7,0.0
タイキシフォン,2,14,0.0,0.1429,8.1429,7,0.0
ハンナフレグランス,1,14,0.0714,0.2857,6.0714,23,0.0
Midnight Angel,1,14,0.0714,0.1429,8.6429,7,0.0
Meets Expectations,1,14,0.2143,0.7143,3.7857,7,0.0
ミキノクラリネット,2,14,0.0,0.0,10.7857,7,0.0
カロリーナローズ,1,14,0.0,0.2857,5.1429,7,0.0
カントリーバッハ,1,14,0.0,0.0,9.0714,7,0.0
ブレッシングテレサ,3,14,0.1429,0.2143,8.7143,7,0.0
シャンディガフ,2,14,0.0714,0.0714,8.7143,7,1.0
インナーレルム,3,14,0.0,0.0714,7.8571,7,0.0
デルマキセキ,2,14,0.1429,0.2857,6.5714,7,0.0
ホームアゲイン,2,14,0.0714,0.2143,6.4286,7,0.0
ラインジェシカ,4,14,0.0,0.0,9.6429,7,0.0
ラインキャメロン,4,14,0.0,0.0714,9.7857,7,0.0
デルマチャチャ,2,14,0.0714,0.0714,8.1429,7,0.0
フォーノーワン,2,14,0.0,0.1429,6.0,7,0.0
センターバージニー,3,14,0.0,0.0714,10.9286,7,0.0
ティンバーランド,2,14,0.0,0.0,9.8571,7,0.0
ソシアルチャーム,2,14,0.0714,0.1429,7.2857,7,0.0
Pata Fresca,1,14,0.1429,0.2857,6.3571,7,0.0
レディギャング,2,14,0.0714,0.2143,5.5714,7,0.0
レディタキオン,1,14,0.0714,0.2143,7.7143,7,0.0
エロイナ,2,14,0.0,0.0,11.5,7,0.0
エレガントフライ,1,14,0.0714,0.2143,9.3571,23,0.0
モデルウォーク,3,14,0.0,0.2143,6.2857,7,0.0
ナムラモヨ,1,14,0.0714,0.1429,6.7143,7,0.0
ビワビーナス,1,14,0.0714,0.2857,7.1429,7,0.0
モヒニ,2,14,0.2143,0.2857,7.0,7,0.0
ボウルズ,2,14,0.0,0.0,9.1429,7,0.0
シャンハイソロン,2,14,0.0,0.0714,11.7143,7,0.0
ハーコントゥーズ,3,14,0.0,0.0,9.2857,7,0.0
メイショウクジャク,2,14,0.0,0.0,10.3571,7,0.0
トーセントップラン,1,14,0.0714,0.2143,9.7143,7,0.0
トーセンセレニティ,4,14,0.0,0.0,10.5,7,0.0
マールデルプラタ,2,14,0.0,0.0,10.9286,7,0.0
ハルエサン,3,14,0.0,0.0,10.2143,7,0.0
ショウナンランジュ,2,14,0.0714,0.0714,8.9286,7,0.5
ラックマイサイド,1,14,0.0714,0.1429,8.4286,7,0.0
シュネッラー,1,14,0.1429,0.4286,4.9286,43,0.0
デルマドゥルガー,3,14,0.0,0.0,10.1429,7,0.0
イングランドローズ,3,14,0.2143,0.2143,9.5,7,0.5
メイショウテッケル,3,14,0.0,0.0,13.2143,7,0.0
メイショウハバネラ,1,14,0.0714,0.2857,7.7857,15,1.0
レッドヴィーナス,3,14,0.0,0.0714,9.9286,7,0.0
スーブレット,3,14,0.0714,0.1429,7.6429,7,0.0
R Lady Joy,1,14,0.1429,0.2857,5.8571,15,1.0
Purely Hot,1,14,0.1429,0.1429,8.1429,7,0.0
Private Jet,2,14,0.2143,0.5,4.1429,7,0.5
セレスシャイン,2,14,0.0,0.0714,6.6429,7,0.0
ピクチャープリンセス,4,14,0.0,0.0,9.8571,7,0.0
ピカロ,2,14,0.0714,0.1429,9.1429,7,0.0
カネトシリベルテ,4,14,0.0,0.0,13.3571,7,0.0
イイデエース,4,14,0.0,0.0714,11.2143,7,0.0
ラピッドチェンジ,3,14,0.0,0.0,10.5714,7,0.0
ホットバタードラム,4,14,0.0,0.0,10.0714,7,0.0
シルクメガヒット,2,14,0.0,0.2857,8.2143,7,0.0
エルファンタジヤ,1,14,0.0,0.0,11.7857,7,0.0
エルトベーレ,5,14,0.0714,0.1429,10.0714,7,0.3333
マサノマリリン,2,14,0.0,0.0714,8.8571,7,0.0
Rubindy,1,14,0.1429,0.3571,4.8571,7,0.0
Ribbon Taffy,1,14,0.2143,0.3571,7.1429,7,0.0
セイントリースカウト,3,14,0.0,0.0714,10.0714,7,0.0
メイブリーズ,5,14,0.0,0.0714,9.0714,7,0.0
プリモエナジー,1,14,0.1429,0.2143,6.5,7,0.0
エンジェルダンス,4,14,0.0,0.0,10.0,7,0.0
マジックガーデン,2,14,0.0,0.0,12.2857,7,0.0
ファストパス,4,14,0.0714,0.1429,11.7143,7,0.0
コンシェルジュリー,1,14,0.1429,0.3571,7.3571,7,0.0
コンコースクイーン,1,14,0.0,0.0,8.7143,7,0.0
コレクターアイテム,3,14,0.0,0.1429,7.9286,7,0.0
スマートメニル,3,14,0.0714,0.0714,10.5,7,0.0
スマートフェアリー,4,14,0.0,0.1429,10.7143,7,0.0
スマートグレイス,2,14,0.1429,0.3571,5.1429,7,0.0
トーセンエール,3,14,0.0714,0.0714,10.5,7,0.0
トーセンウィンドウ,1,14,0.0714,0.1429,7.3571,7,0.0
クールドボーテ,1,14,0.0,0.0,7.6429,7,0.0
Sound of Freedom,3,14,0.0,0.2143,8.5714,7,0.0
レインボーアーチ,2,14,0.2143,0.2857,7.1429,7,0.0
Screen Star,1,14,0.2143,0.6429,4.2857,7,0.0
カナザワノハナ,4,14,0.0,0.1429,9.9286,7,0.0
カゼノサファイア,2,14,0.0,0.2857,7.0,7,0.0
ピカケレイ,3,14,0.2143,0.4286,7.4286,7,0.0
カガヤクアイロ,2,14,0.0,0.0,11.4286,7,0.0
カカアデンカ,2,14,0.0,0.0714,9.1429,7,0.0
メイズオブオナー,3,14,0.0714,0.1429,7.8571,7,0.0
スピークソフトリー,2,14,0.0714,0.3571,4.9286,7,0.0
スプリングタイムロマンス,2,14,0.0,0.2143,7.7857,7,0.0
スパートル,2,14,0.0,0.0,11.5714,7,0.0
コパノジャーノー,3,14,0.0,0.0714,10.2143,7,0.0
マッキーヴォーグ,1,14,0.0714,0.0714,8.3571,7,0.0
コスモミザール,2,14,0.0,0.0,10.4286,7,0.0
マツリダシルヴィ,3,14,0.0,0.0714,9.9286,7,0.0
ホノカ,2,14,0.0,0.0,9.7143,7,0.0
シルキーコースト,2,14,0.0,0.0714,12.2143,7,0.0
プレイフォーマザー,3,14,0.0,0.0714,9.4286,7,0.0
プレイズネイチャ,1,14,0.0,0.0714,7.9286,7,0.0
スペランツァデーア,4,14,0.0,0.0,9.2857,7,0.0
スプリングゲイル,2,14,0.0,0.2143,6.3571,7,0.0
プリンセスローマン,1,14,0.0,0.0,10.1429,7,0.0
パーフェクトワン,3,14,0.0,0.2143,7.8571,7,0.0
ハッピーユニバンス,2,14,0.0,0.2143,8.0714,7,0.0
Spot of Beauty,2,14,0.0714,0.3571,6.5714,7,0.0
ホシノテンビー,1,14,0.0,0.0714,11.2143,7,0.0
シルヴィーボーテ,2,14,0.0,0.0,13.5,7,0.0
ラルシュドール,5,14,0.2143,0.5,5.5,7,0.4
アヴァール,3,14,0.1429,0.2857,6.9286,7,0.0
アンジュデュバン,3,14,0.0,0.0,9.5,7,0.0
グランドゲルニカ,4,14,0.0,0.0714,9.9286,7,0.0
マンハイム,3,14,0.2143,0.5,6.5714,7,0.0
トーアハナノマイ,3,14,0.0,0.0714,10.4286,7,0.0
ルナリア,3,14,0.0,0.0714,9.6429,7,0.0
ルナドリーム,3,14,0.0,0.0,12.5714,7,0.0
メリュジーヌ,2,14,0.1429,0.3571,8.3571,7,0.0
トリプルタイム,2,14,0.1429,0.5714,6.5,7,0.0
コスモキャンドル,3,14,0.0,0.0,10.7143,7,0.0
マニヤラ,2,14,0.0714,0.2857,6.8571,7,0.5
エールデュレーヴ,3,14,0.0,0.2857,7.4286,7,0.0
ビートフォーセール,2,14,0.0,0.0,7.9286,7,0.0
エヴェリーナ,2,14,0.0,0.1429,7.6429,7,0.0
モガミヒメ,4,14,0.0714,0.1429,9.7143,7,0.3333
アルマンド,3,14,0.0714,0.3571,6.8571,7,0.0
シンティー,2,14,0.0,0.0,10.9286,7,0.0
プレシャスヴィガー,1,14,0.0714,0.0714,8.7143,7,0.0
ストップザネバー,2,14,0.2143,0.5,5.1429,7,0.0
Sweet Tooth Sweety,1,14,0.1429,0.3571,4.8571,7,0.0
グレースアドマイヤ,1,14,0.0714,0.2143,5.9286,23,0.0
ルナクィーン,5,14,0.0,0.0,11.0,7,0.0
プレンティオブラヴ,2,14,0.0,0.0,10.2143,7,0.0
テーオーパートナー,2,14,0.0,0.0714,6.2143,7,0.0
Trisha,1,14,0.1429,0.2143,8.0714,15,1.0
パールズシャイン,1,14,0.1429,0.4286,5.0714,7,0.0
Treat,3,14,0.0714,0.1429,8.2143,7,0.0
Toupie,1,14,0.1429,0.2857,5.4286,7,0.0
スズカリーガル,3,14,0.0,0.0,9.9286,7,0.0
スズカベラミー,3,14,0.0714,0.1429,7.2857,7,0.0
スズカプラチナ,3,14,0.0,0.0,9.2143,7,0.0
ペンタルビー,3,14,0.0,0.2143,9.7857,23,0.0
シーズアトムボイ,3,14,0.0,0.0,11.1429,7,0.0
アラサナコンカロ,1,14,0.0,0.1429,7.1429,43,0.0
ヒデノメガミ,3,14,0.0,0.0714,8.9286,7,0.0
アルトゥーナ,2,14,0.1429,0.2143,5.6429,7,0.5
フィールソーナイス,2,14,0.0,0.0714,11.0714,7,0.0
シーエーユウカ,3,14,0.0714,0.0714,9.5714,7,0.0
アルケミー,2,14,0.0714,0.1429,8.2857,7,0.0
アピアリング,3,14,0.0,0.0714,9.7143,7,0.0
オトヒメ2,5,14,0.0,0.0,10.5,7,0.0
トレダンス,2,14,0.0,0.0,10.2857,7,0.0
ケージービューティ,2,14,0.2857,0.4286,6.7143,7,0.0
ノブアニバーサリー,4,14,0.0,0.0,11.5,7,0.0
ノットナウキャロライン,1,14,0.2143,0.5714,5.2143,7,0.0
トロントテソーロ,3,14,0.0714,0.2857,8.8571,7,0.0
トーアミステリー,2,14,0.0,0.0714,10.2143,7,0.0
グローリタイアン,1,14,0.0,0.0,11.9286,43,0.0
グロリアフライト,2,14,0.0,0.0,11.3571,7,0.0
スズカオリヒメ,2,14,0.0,0.0714,8.6429,7,0.0
ハクシュウベリー,1,14,0.0,0.0714,8.4286,7,0.0
ヒカリアイ,2,14,0.0,0.0,9.7857,7,0.0
Word o' Wisdom,2,14,0.1429,0.2857,7.2143,15,1.0
Wonder Again,1,14,0.0714,0.1429,8.1429,131,0.0
Wilshewed,1,14,0.2143,0.3571,7.5,7,0.0
リーチトゥピース,3,14,0.0,0.0,10.0,7,0.0
リーズントウショウ,3,14,0.0,0.0,10.9286,7,0.0
ケイズパステル,3,14,0.0,0.1429,10.4286,7,0.0
オーシャンブルグ,4,14,0.0,0.0,9.8571,7,0.0
アイファーマリアン,2,14,0.0,0.0,13.6429,7,0.0
ジェイウォーク,2,14,0.1429,0.5,3.5,7,0.5
ペルヴィア,1,14,0.0714,0.1429,7.0714,7,0.0
ペルルフィーヌ,4,14,0.0,0.0,11.5,7,0.0
アバンダント,3,14,0.0,0.1429,7.7143,7,0.0
リオグランデ,4,14,0.0,0.0,10.1429,7,0.0
アポロヘルム,2,14,0.0,0.0,10.5,7,0.0
リアルファッション,4,14,0.0714,0.0714,10.3571,7,0.3333
ハウメア,3,14,0.0714,0.2857,5.5714,7,0.0
リルティングインク,2,14,0.0,0.0714,10.3571,7,0.0
アイサレジョウズ,2,14,0.0,0.2857,4.9286,7,0.0
ハギノポンパドール,2,14,0.0,0.2143,7.2143,7,0.0
Zaaqya,1,14,0.0,0.2857,6.2143,7,0.0
Yuzuru,3,14,0.1429,0.2857,7.2143,7,0.0
アオイエンジェル,1,14,0.2143,0.3571,5.0,7,0.0
スウィープデビル,2,14,0.0714,0.1429,9.7143,7,0.0
ペイシャフェリス,5,14,0.2857,0.5714,7.5714,7,0.2
アトミカオロ,4,14,0.0,0.5,5.7857,7,0.0
リチュアルローズ,1,14,0.1429,0.5714,3.5,7,0.0
オテンバコマチ,3,14,0.0,0.0714,11.0714,7,0.0
ジェネスジェット,4,14,0.0,0.0,11.5714,7,0.0
ジェットセッティング,3,14,0.1429,0.5714,4.3571,7,1.0
オーベルジュ,2,14,0.2143,0.2857,5.2857,7,0.0
ナスティア,1,14,0.0,0.0,7.4286,7,0.0
オースオブゴールド,3,14,0.0,0.2857,7.4286,7,0.0
トレースイスラ,1,14,0.0714,0.2857,5.5714,7,0.0
アグリデジタル,1,14,0.0,0.0,12.3571,7,0.0
アグネスヴァーチ,1,14,0.1429,0.2857,6.2857,7,0.0
リベラノ,2,14,0.0,0.2143,8.0,7,0.0
リプリート2,3,14,0.0,0.2857,6.3571,7,0.0
フェイストウショウ,2,14,0.0,0.0714,9.2857,7,0.0
ジョシュズマデリン,4,14,0.0,0.0,12.0714,7,0.0
ベルベティーン,2,14,0.0,0.0,9.5,7,0.0
ジョウショーエガオ,4,14,0.0,0.0,8.6429,7,0.0
リオ,1,14,0.0714,0.3571,7.3571,15,1.0
リキサンエルピーダ,2,14,0.0714,0.1429,7.7857,7,0.0
リコリアーノ,1,14,0.0,0.0,8.4286,7,0.0
ディリジェンテ,3,14,0.0,0.1429,9.4286,7,0.0
ジンデンキセキ,1,14,0.0,0.5,5.4286,7,0.0
ディアンムー,4,14,0.0,0.0714,9.9286,7,0.0
ジレーネ,2,14,0.2143,0.5,5.2143,7,0.0
ジョディーディア,1,14,0.0714,0.1429,9.1429,23,0.0
アオイサンシャイン,2,14,0.1429,0.2143,5.3571,7,0.0
アグレアーブル,4,14,0.0714,0.2143,7.6429,7,0.3333
オレゴントレイル,4,14,0.0,0.0,10.0,7,0.0
オランジェット,3,14,0.0714,0.0714,10.4286,7,0.3333
オモイデサクラ,4,14,0.0,0.0,13.7143,7,0.0
メモラブルワーズ,3,14,0.0,0.3571,7.8571,7,0.0
アジュディケーター,2,14,0.0,0.0714,7.9286,7,0.0
ベルディーヴァ,3,14,0.0714,0.5,4.7143,7,0.0
ディスメイ,5,14,0.0,0.0,11.9286,7,0.0
Alpha Centauri,2,14,0.0,0.0714,7.7857,7,0.0
Aguilera,1,14,0.1429,0.2857,7.5714,15,1.0
All in Fun,1,14,0.2857,0.4286,5.1429,7,0.0
ヤマニンジャルダン,4,14,0.0714,0.1429,10.7857,7,0.0
エシャペ,3,14,0.0,0.0,10.4286,7,0.0
サフランキセキ,1,14,0.0,0.0714,7.2857,7,0.0
サノノティアラ,2,14,0.0,0.0,10.2143,7,0.0
サニーヘイロー,4,14,0.0714,0.1429,8.2143,7,0.3333
キーラ,3,14,0.0,0.1429,9.6429,7,0.0
Catchofthecentury,1,14,0.2143,0.2857,8.3571,43,0.0
Come Sunday,1,14,0.2143,0.6429,4.0,15,1.0
パスティエーラ,4,14,0.1429,0.1429,8.8571,7,0.5
Acqua Fresh,1,14,0.0,0.6429,3.9286,7,0.0
クインスウィーティ,4,14,0.0,0.0,11.5,7,0.0
クイックステップ,1,14,0.0,0.2857,6.7857,7,0.0
バースデイローズ,2,14,0.0714,0.0714,11.9286,7,0.0
ヴィヴァント,2,14,0.0,0.0,9.6429,7,0.0
ヴァシリカ,1,13,0.0769,0.2308,5.8462,7,0.0
チェロキーテイル,2,13,0.0,0.0,10.7692,7,0.0
フリートゥビー,2,13,0.0,0.1538,7.1538,7,0.0
Aspen Falls,1,13,0.0769,0.2308,6.5385,23,0.0
ヴィーナスゴスペル,3,13,0.0,0.0,12.5385,7,0.0
ミュージアムヒル,2,13,0.5385,0.8462,2.0769,7,0.5
クアンナム,3,13,0.0,0.0769,9.1538,7,0.0
トーホウビスカヤ,2,13,0.0769,0.2308,5.6923,7,0.0
Annalina,1,13,0.0,0.0,9.7692,67,0.0
パシュート,1,13,0.0,0.2308,7.5385,7,0.0
Cloud of Smoke,1,13,0.1538,0.3846,7.2308,7,0.0
Champagne Room,1,13,0.2308,0.5385,6.4615,7,0.0
ドア,4,13,0.0,0.0769,10.3846,7,0.0
マイクロス,3,13,0.0,0.0,12.1538,7,0.0
サンセットムーン,3,13,0.0,0.0769,11.8462,7,0.0
ヤマニンミュゼット,2,13,0.0769,0.0769,9.3077,7,0.0
ビックリバコ,2,13,0.0,0.0,10.8462,7,0.0
エイダイマリア,1,13,0.1538,0.1538,8.5385,7,0.0
ダラバンカ,3,13,0.0769,0.0769,9.0769,7,0.0
ダブルミステリー,3,13,0.0769,0.0769,10.2308,7,0.0
Divine Praises,2,13,0.2308,0.3077,6.4615,7,0.0
Dame Ursula,1,13,0.0769,0.0769,7.5385,7,0.0
ワンダーオブリップス,3,13,0.2308,0.6154,3.4615,7,0.0
ダルトヴィラ,1,13,0.0,0.0769,9.2308,7,0.0
チリーシルバー,4,13,0.0769,0.3846,5.5385,7,1.0
ダズリングスマイル,2,13,0.0,0.0,9.6923,7,0.0
フロンテアクイーン,2,13,0.0,0.0,9.2308,7,0.0
ダイワプロパー,3,13,0.0,0.1538,8.2308,7,0.0
ユキノセリーヌ,3,13,0.0,0.0,10.3846,7,0.0
ケリーズアリュール,1,13,0.1538,0.5385,5.3077,7,0.0
リボンシチー,2,13,0.0,0.1538,10.7692,23,0.0
アカリアイドル,1,13,0.0,0.0769,7.3077,7,0.0
ディスティンダリア,3,13,0.0769,0.0769,11.0769,7,0.3333
ディスイズザライフ,4,13,0.0,0.0,11.6923,7,0.0
ジョイフルティアラ,3,13,0.0,0.0,12.1538,7,0.0
ベルモントノーヴァ,2,13,0.0769,0.2308,7.7692,7,0.0
アゴベイ,2,13,0.2308,0.3846,4.9231,7,0.5
アグレス,1,13,0.0,0.2308,5.2308,7,0.0
アドマイヤナイト,3,13,0.3846,0.6923,3.6154,7,0.0
アドマイヤグルーヴ,2,13,0.3846,0.5385,4.7692,23,0.0
スイチョウカ,3,13,0.3077,0.3846,5.0769,7,0.5
スイートザザ,3,13,0.0769,0.0769,7.6923,7,0.0
ベルテンポ,4,13,0.0,0.0769,11.6154,7,0.0
アクセラレイション,4,13,0.0,0.0,11.5385,7,0.0
リメンバーメジロ,3,13,0.0,0.0,11.5385,7,0.0
ベニチドリ,3,13,0.0,0.0,10.0769,7,0.0
ジュウニンノナカマ,3,13,0.1538,0.3077,6.6923,7,0.0
ペナンクライ,2,13,0.0,0.0,9.0,7,0.0
ペッシュドール,3,13,0.0,0.0769,10.6923,7,0.0
ノーブルビューティ,3,13,0.0,0.0,11.3846,7,0.0
ヒシイサベル,2,13,0.0,0.0,8.6923,7,0.0
リトルチュチュ,2,13,0.0,0.0,9.3846,7,0.0
アスティル,4,13,0.0,0.0,11.0769,7,0.0
マラドーナスピン,1,13,0.0,0.0,8.5385,7,0.0
メモリーソフィア,2,13,0.0769,0.0769,9.5385,7,0.0
オカノスズラン,3,13,0.0,0.0769,8.3846,7,0.0
ベツァオバーン,2,13,0.0,0.0,8.5385,7,0.0
マルセイユキャット,1,13,0.0,0.0769,7.9231,131,0.0
オーミバンビーナ,4,13,0.0,0.0769,9.9231,7,0.0
オースミハナチャン,2,13,0.0769,0.1538,8.0769,7,0.0
オークションマニア,1,13,0.0,0.0,11.1538,7,0.0
ペン,2,13,0.0,0.2308,6.6923,7,0.0
ペプチドサクラ,2,13,0.0,0.2308,6.5385,7,0.0
ジッパーレーン,2,13,0.0,0.0769,9.6923,7,0.0
ノーブルプライド,1,13,0.0,0.0769,9.2308,23,0.0
アニエーゼ,2,13,0.0,0.1538,6.3846,7,0.0
アマレーン,2,13,0.1538,0.5385,5.6154,7,0.0
ノーザンセレナード,1,13,0.0,0.0,10.6923,43,0.0
ヒシヴァリアント,4,13,0.0769,0.2308,9.6154,7,0.0
リアルターキン,3,13,0.0,0.0,11.6923,7,0.0
アイノサンライト,1,13,0.1538,0.2308,6.2308,7,0.0
リリースペイン,1,13,0.0,0.0,7.0,7,0.0
リンガスアクトレス,2,13,0.0,0.0,10.3846,7,0.0
リヴァイバル,2,13,0.1538,0.2308,7.1538,7,0.0
リライアブル,2,13,0.0769,0.3846,5.8462,7,0.0
ディアマンブルー,1,13,0.1538,0.3077,6.2308,23,0.0
スイートライラック,3,13,0.0769,0.3077,8.0,7,0.0
オールマイラヴィング,1,13,0.1538,0.3846,6.4615,7,0.0
オールポッシブル,3,13,0.0769,0.3846,5.0769,7,0.3333
オールプリュネル,4,13,0.0,0.0769,11.5385,7,0.0
オールザチャット,3,13,0.0,0.0,11.9231,7,0.0
メイルリヒト,1,13,0.1538,0.3077,4.4615,7,0.0
スズカワキア,4,13,0.0,0.0,12.6923,7,0.0
スズカグラーテ,2,13,0.0769,0.1538,7.1538,7,0.0
スキーホリデー,2,13,0.0769,0.3077,6.0,7,0.0
スキースクール,2,13,0.0,0.1538,7.9231,7,0.0
スカイウェー,2,13,0.0,0.1538,7.2308,7,0.0
Well,1,13,0.1538,0.3077,6.6923,7,0.0
Weekend Beauty,1,13,0.0769,0.1538,6.6154,23,0.0
プンティラ,3,13,0.0,0.1538,9.3846,7,0.0
マリノサクセス,3,13,0.0,0.2308,6.6923,7,0.0
グローバルハート,3,13,0.0769,0.0769,11.3077,7,0.0
アイファーアプリル,1,13,0.0,0.0,14.3077,7,0.0
ホウショウリヴ,4,13,0.0,0.0769,11.8462,7,0.0
ノボリレジェンド,3,13,0.0769,0.2308,9.0,7,0.0
ラヴファンシフル,3,13,0.0,0.0769,9.3846,7,0.0
シークレットスパイス,3,13,0.1538,0.5385,5.3846,7,0.5
ホクレレ,3,13,0.0,0.2308,8.8462,7,0.0
リアリティー,4,13,0.0,0.0769,9.2308,7,0.0
リアンシチー,2,13,0.0,0.2308,7.5385,7,0.0
トレイケイトカフェ,4,13,0.0,0.0769,10.0,7,0.0
ゲーリックチューン,2,13,0.0,0.4615,6.3077,7,0.0
ケンブリッジマイア,2,13,0.0,0.0769,9.3077,7,0.0
ケンブリッジヒカリ,1,13,0.2308,0.4615,4.1538,7,0.0
モアナブリーズ,3,13,0.0,0.0769,9.0,7,0.0
コパノリンデン,3,13,0.0,0.0,9.6923,7,0.0
ラヴァーズタイム,2,13,0.0,0.0,10.1538,7,0.0
ラヴィール,3,13,0.0,0.0,10.9231,7,0.0
ピエナプリンセス,2,13,0.0,0.0769,8.6154,7,0.0
Sweet Charity,1,13,0.2308,0.3077,7.3846,15,1.0
パープルスター,2,13,0.0,0.3077,7.2308,7,0.0
グロリアスメモリー,2,13,0.0,0.0,9.0,7,0.0
グロリアスフラワー,2,13,0.0,0.0769,11.8462,7,0.0
Welsh Diva,1,13,0.1538,0.4615,5.6154,23,0.0
Unreachable,1,13,0.7692,1.0,1.2308,15,1.0
プレンデトワール,2,13,0.0,0.0,9.9231,7,0.0
テーオーピコタン,2,13,0.0769,0.3077,6.9231,7,0.0
スターリーオレンジ,2,13,0.0,0.0769,6.6923,7,0.0
Trophy Bride,1,13,0.0,0.0769,8.3846,7,0.0
ヘリンヌリング,3,13,0.0,0.0769,10.1538,7,0.0
ヒアズホーピング,2,13,0.0,0.0,10.0,7,0.0
リーベグランツ,2,13,0.0769,0.1538,9.6154,7,0.0
アラッザ,2,13,0.0,0.0,10.3846,7,0.0
フィールドエミュー,1,13,0.0,0.0,13.5385,67,0.0
ホウショウループ,2,13,0.0,0.2308,7.8462,7,0.0
マルターズガール,3,13,0.1538,0.2308,8.7692,7,0.0
Tipsy At Midnight,1,13,0.0769,0.2308,9.0769,7,0.0
ルビーズアンドダイアモンズ,5,13,0.0,0.1538,8.6923,7,0.0
ルビー,2,13,0.0769,0.5385,3.9231,23,0.0
ストロベリーハーツ,3,13,0.0,0.2308,9.4615,7,0.0
トリルビー,4,13,0.0,0.0,10.1538,7,0.0
コウヨウオラリア,2,13,0.0,0.3077,5.8462,7,0.0
コウユーユメダンス,3,13,0.0,0.0,11.6923,7,0.0
コイヲダキシメヨウ,2,13,0.0,0.0769,7.6154,7,0.0
エンブレマータ,3,13,0.1538,0.3077,8.2308,7,0.5
シングムーン,2,13,0.0,0.1538,6.8462,7,0.0
ストリートキャッシュ,3,13,0.0,0.0,11.5385,7,0.0
プレッピー,3,13,0.0,0.0,12.9231,7,0.0
パームアイランド,2,13,0.0,0.3077,7.0,7,0.0
Taparelli,1,13,0.2308,0.6923,4.0,7,0.0
Sweet Shirley Mae,1,13,0.0769,0.3846,7.1538,7,0.0
シルフィード,3,13,0.0,0.0769,12.3846,7,0.0
シルバーストリーク,2,13,0.0769,0.3846,5.3077,7,0.0
ノウゼンハレン,2,13,0.0,0.0769,8.9231,7,0.0
ヒメゴリョウ,3,13,0.0,0.0,12.0769,7,0.0
ラレンヌ,2,13,0.0,0.1538,9.5385,7,0.0
アルティマブラッド,2,13,0.1538,0.1538,8.6923,7,0.0
アンムート,1,13,0.0,0.2308,7.0,7,0.0
ラベルリュンヌ,1,13,0.0769,0.1538,7.6923,7,0.0
ラプチュア,2,13,0.0,0.0769,8.6154,7,0.0
アルモニカ,2,13,0.0769,0.3077,5.6154,7,0.5
マルニ,2,13,0.0,0.3846,5.0769,7,0.0
マルフィーザ,1,13,0.1538,0.3077,5.6154,7,0.0
グランフェッテ,2,13,0.0,0.1538,9.2308,7,0.0
トーコーニーケ,4,13,0.0,0.0769,11.4615,7,0.0
グランデセーヌ,2,13,0.0769,0.1538,6.2308,7,0.5
マンチャ,5,13,0.0,0.0769,10.6154,7,0.0
マックスキャンドゥ,1,13,0.0769,0.0769,7.1538,23,0.0
コマノサラサ,4,13,0.0769,0.0769,7.5385,7,0.0
コパノハート,2,13,0.0769,0.1538,8.8462,7,0.0
シルキーリリー,3,13,0.0,0.0769,9.7692,7,0.0
ラフォリア,2,13,0.0,0.0769,8.7692,7,0.0
ラブイズカヌマ,1,13,0.0769,0.0769,9.9231,23,0.0
アヴィド,1,13,0.0,0.2308,6.6154,7,0.0
プレイリースター,4,13,0.0,0.0,11.6923,7,0.0
スノーレパード,3,13,0.0,0.0769,6.7692,7,0.0
プレイリースモーク,3,13,0.0,0.0,11.8462,7,0.0
スペシャルアラート,2,13,0.0,0.0,8.9231,7,0.0
ハッピーリズム,1,13,0.0769,0.1538,6.7692,67,0.0
ハッピービーチ,3,13,0.0,0.0,10.4615,7,0.0
Suisun,2,13,0.0769,0.1538,9.0,7,0.0
Spring,1,13,0.0769,0.0769,8.8462,7,0.0
ホッコーサラスター,3,13,0.0,0.1538,8.9231,7,0.0
フォローガーネット,3,13,0.0769,0.3077,7.8462,7,0.0
フォレストゾーン,2,13,0.0769,0.0769,11.0769,7,1.0
グッドカルマ,2,13,0.0,0.6154,4.8462,7,0.0
レイナレイナ,2,13,0.0,0.4615,5.7692,7,0.0
Sixta,1,13,0.1538,0.3077,8.1538,7,0.0
Singing Sensation,1,13,0.0769,0.1538,10.1538,43,0.0
Sealedwithapproval,1,13,0.0,0.3077,7.4615,7,0.0
カシノリボン,2,13,0.0,0.0,12.6154,7,0.0
メイショウルンバ,2,13,0.0,0.1538,9.3846,7,0.0
カシノアンバー,2,13,0.0769,0.3077,8.0769,7,0.5
ピースデピュティ,2,13,0.0,0.0,12.6923,7,0.0
マルダイロマン,1,13,0.0769,0.0769,7.0,23,0.0
ナイトオブスターズ,2,13,0.0769,0.1538,7.4615,7,0.5
アレクサンドレッタ,3,13,0.0,0.0,10.6923,7,0.0
アレアレア,4,13,0.0,0.0,12.5385,7,0.0
ファインディンプル,1,13,0.1538,0.4615,6.8462,7,0.0
セイランクイーン,3,13,0.0,0.1538,9.4615,7,0.0
レオフラッパー,4,13,0.0769,0.0769,11.1538,7,0.25
レオパルディナ,4,13,0.0769,0.4615,7.2308,7,0.0
レジーナミノル,2,13,0.0,0.0,10.3846,7,0.0
プリニア,2,13,0.0769,0.1538,6.3077,7,0.0
コンゴウエンジェル,2,13,0.0,0.0,11.3846,7,0.0
コモレビ,2,13,0.0,0.0769,8.3846,7,0.0
エンドレスガール,1,13,0.0,0.1538,7.3077,23,0.0
エントロピア,2,13,0.0769,0.3077,8.3846,7,0.0
ラバニーユ,3,13,0.0,0.0769,8.3077,7,0.0
イケトップクイーン,2,13,0.0769,0.2308,10.3846,7,0.0
イストワールファム,2,13,0.1538,0.3846,7.0769,7,0.5
ネオヴェリーフェズ,6,13,0.0,0.0,12.6923,7,0.0
ネオランジュ,2,13,0.0,0.3077,7.3846,7,0.0
ネリヤカナヤ,3,13,0.0769,0.3846,5.9231,7,0.0
スマートマーチ,4,13,0.0,0.0769,10.2308,7,0.0
カネトシヴィゴーレ,2,13,0.0,0.0769,9.3846,7,0.0
アールパシオン,3,13,0.0,0.2308,7.5385,7,0.0
アーミールージュ,2,13,0.0,0.0769,11.2308,7,0.0
シルクラズベリー,1,13,0.0,0.0,9.3846,7,0.0
デュアルウィールド,1,13,0.1538,0.3077,5.6154,7,0.0
シルクドレスアップ,1,13,0.0,0.0,12.2308,7,0.0
シルクドレス,3,13,0.0,0.2308,7.2308,7,0.0
トノノオナリー,3,13,0.0,0.0,11.9231,7,0.0
イリーサ,1,13,0.0769,0.4615,5.8462,7,0.0
ラックアサイン,3,13,0.0769,0.3077,5.8462,15,0.5
スリーエチュード,1,13,0.0,0.0,8.3846,23,0.0
Rythmic,1,13,0.2308,0.6154,5.4615,7,0.0
Remembermefondly,1,13,0.0769,0.1538,10.6923,7,0.0
プラチナハート,3,13,0.0,0.0769,9.5385,7,0.0
セカンドハピネス,1,13,0.0,0.1538,7.4615,7,0.0
セシャルマン,3,13,0.0,0.0769,7.0769,7,0.0
カラエ,2,13,0.0,0.3077,7.5385,7,0.0
カメリアテソーロ,2,13,0.2308,0.3846,5.3077,15,0.5
カミングトゥルー,4,13,0.0,0.3077,9.0,7,0.0
ハリウッドレビュー,2,13,0.0769,0.1538,6.6923,7,0.0
Racetothealtar,1,13,0.1538,0.2308,7.6154,43,0.0
R Heat Lightning,2,13,0.1538,0.3077,7.0,7,0.5
Princess Cammie,1,13,0.0769,0.3846,5.3077,7,0.0
セレブキャンペーン,2,13,0.0,0.1538,7.4615,7,0.0
セレニティスター,1,13,0.0,0.3077,5.6923,7,0.0
テイエムブルーアイ,3,13,0.0,0.0,10.4615,7,0.0
テイエムヌーボー,4,13,0.0,0.0769,9.3077,7,0.0
セレスティーヌ,4,13,0.0,0.0,11.7692,7,0.0
プエルトプリンセサ,3,13,0.0,0.1538,8.4615,7,0.0
セルフィーバイブス,2,13,0.0,0.0769,9.3077,7,0.0
マーティンオート,2,13,0.0769,0.3846,6.0769,7,0.0
マーマレードガール,2,13,0.0769,0.1538,7.3077,7,0.0
メイショウサンアイ,2,13,0.0,0.2308,8.3846,7,0.0
ラッキーピンキー,2,13,0.0,0.0,8.8462,7,0.0
イリジスタブル,1,13,0.0769,0.0769,8.0769,7,0.0
イナーシャ,1,13,0.0769,0.3077,6.3077,7,0.0
ショウナンラヴィ,2,13,0.0,0.0,10.6923,7,0.0
ヒンギス,3,13,0.0769,0.1538,11.0769,7,0.0
ヒワラニ,2,13,0.0,0.0769,8.6154,7,0.0
イゾルデ,2,13,0.0,0.0,10.2308,7,0.0
イシノドリーム,1,13,0.0,0.0769,7.2308,7,0.0
デルマハゴロモ,1,13,0.1538,0.3077,6.2308,7,0.0
イルーシヴゴールド,2,13,0.1538,0.4615,4.0769,7,0.0
ビアンキ,2,13,0.0769,0.0769,13.2308,7,0.0
メイショウサバト,5,13,0.0,0.0,14.5385,7,0.0
カリスマブラック,2,13,0.0,0.0,10.6923,7,0.0
ドルチェメンテ,1,13,0.1538,0.1538,9.0769,15,1.0
ナイアガラモンロー,3,13,0.0,0.0769,10.7692,7,0.0
モストリマーカブル,3,13,0.0769,0.2308,5.8462,7,0.0
ナムラルンタ,3,13,0.0,0.0,10.3846,7,0.0
ビルズトレジャー,4,13,0.0,0.0,12.2308,7,0.0
フィッシュザビート,2,13,0.0,0.0,10.9231,7,0.0
シャンパンエニワン,2,13,0.3077,0.5385,5.2308,7,0.5
シャンハイハピネス,3,13,0.0,0.0769,10.5385,7,0.0
シャンデリアスピン,3,13,0.0769,0.2308,7.5385,7,0.0
Nikki's Choice,1,13,0.1538,0.3077,5.7692,7,0.0
トーセントルマリン,2,13,0.0,0.0769,9.0769,7,0.0
トーセンソレイユ,4,13,0.0769,0.1538,7.5385,7,0.25
クヴァルダ,2,13,0.0,0.2308,8.6154,7,0.0
ミキノファンシー,3,13,0.0769,0.0769,12.2308,7,0.0
セダンフォーグッド,2,13,0.0,0.0,10.6923,7,0.0
セクレゴールド,3,13,0.0,0.0,11.0,7,0.0
パレスハングリー,1,13,0.0,0.2308,6.6154,7,0.0
ドリームスタート,2,13,0.0769,0.1538,8.6154,7,1.0
インディゴワルツ,2,13,0.0,0.5385,7.2308,7,0.0
インディゴブルー,2,13,0.0769,0.5385,5.7692,7,0.0
ショウナンマシェリ,2,13,0.0,0.0,6.6923,7,0.0
ニホンピロルーラー,3,13,0.0769,0.1538,9.6923,7,0.0
ウインクルスーパー,1,13,0.0769,0.1538,8.5385,7,0.0
ファタルベーレ,2,13,0.1538,0.3077,6.6154,7,0.0
フォービート,3,13,0.0,0.0769,9.4615,7,0.0
テイエムカルメン,4,13,0.0,0.1538,10.2308,7,0.0
センターシャイネン,4,13,0.0,0.1538,9.5385,7,0.0
ブルーロゼット,2,13,0.0,0.0,9.1538,7,0.0
ブレスマイスターズ,2,13,0.0769,0.2308,9.5385,7,0.0
More Than Sotka,1,13,0.0769,0.3846,6.0,7,0.0
Patricias Prospect,1,13,0.1538,0.4615,7.2308,7,0.0
ハルノヒダマリ,2,13,0.0,0.0,9.5385,7,0.0
My Fast One,2,13,0.1538,0.2308,7.2308,7,0.5
イルジオーネ,3,13,0.0,0.3077,6.8462,7,0.0
カーディアンゴット,2,13,0.0,0.0769,8.6923,7,0.0
カーテンコール2,1,13,0.0769,0.1538,8.4615,7,0.0
Nahoodh,1,13,0.2308,0.3846,6.1538,7,0.0
Miss Singhsix,1,13,0.1538,0.6923,3.4615,7,0.0
ティリアンパープル,3,13,0.0,0.0,11.7692,7,0.0
タイキメビウス,1,13,0.0769,0.1538,7.3846,7,0.0
タイセイビビッド,2,13,0.0,0.0,10.0,7,0.0
パリスビキニ,2,13,0.2308,0.7692,3.0769,7,0.0
Mila's Fame,1,13,0.0769,0.0769,10.6154,67,0.0
レビューナカヤマ,3,13,0.0,0.0769,8.6923,7,0.0
Meadowlanding,1,13,0.0,0.0769,9.8462,23,0.0
ミキティスター,3,13,0.0,0.0,10.6154,7,0.0
カワカミタキオン,2,13,0.0,0.0,9.4615,7,0.0
ボストンメリー,2,13,0.0,0.0769,8.4615,7,0.0
ニュープロヴィデンス,3,13,0.0,0.0,10.2308,7,0.0
ラストヒット,1,13,0.0769,0.3077,5.2308,131,0.0
Lovetorn,1,13,0.2308,0.2308,6.3077,15,1.0
マザックヤース,1,13,0.0769,0.1538,6.0,7,0.0
ゴールデンポケット,2,13,0.0,0.0,10.6154,7,0.0
ゴージャスガール,3,13,0.0,0.0769,9.6154,7,0.0
モンタージュ,3,13,0.0769,0.2308,7.5385,7,0.0
エメンタールベルン,2,13,0.2308,0.3846,7.5385,7,0.0
エムエヌメロディー,4,13,0.0,0.0,10.9231,7,0.0
ウエスタンイヴ,2,13,0.0,0.0769,9.1538,7,0.0
ウエスタンアモーレ,2,13,0.0,0.0,10.0769,7,0.0
ボストンテソーロ,1,13,0.0,0.3846,4.9231,7,0.0
メイアリス,2,13,0.0,0.1538,6.4615,7,0.0
ドリームエンプレス,3,13,0.0,0.0769,8.8462,7,0.0
キクノロマニー,2,13,0.0,0.0769,8.6154,7,0.0
ガッダムブランシュ,4,13,0.0,0.0,10.9231,7,0.0
ドリーミングレイナ,1,13,0.0769,0.2308,7.6923,7,0.0
ピサノダイアナ,3,13,0.0,0.0,13.3846,7,0.0
デヴォニアンガーデン,3,13,0.0,0.2308,7.8462,7,0.0
ライトフェアリー,3,13,0.0,0.0769,9.4615,7,0.0
ウェアレイ,3,13,0.0,0.1538,8.3846,7,0.0
ウインジュビリー,3,13,0.0769,0.2308,8.0,7,0.0
ウインシャトレーヌ,3,13,0.1538,0.3077,6.4615,7,0.0
ウイングフリオーソ,3,13,0.0,0.1538,8.8462,7,0.0
ファーマプリンセス,2,13,0.0,0.0,9.3077,7,0.0
シャイニングアイズ,4,13,0.0,0.0,10.7692,7,0.0
ブリリアントスター,4,13,0.0,0.0,9.2308,7,0.0
タイニーモデル,4,13,0.0,0.0769,10.3077,7,0.0
ロアジス,3,13,0.0,0.0,8.5385,7,0.0
Laudation,1,13,0.0769,0.2308,8.4615,7,0.0
ロゼヤ,2,13,0.1538,0.3846,5.7692,7,0.0
Matsue,2,13,0.1538,0.3077,6.0,23,0.0
ハートオブキナコ,3,13,0.0,0.0769,10.1538,7,0.0
レースオブスターズ,4,13,0.0,0.0769,10.9231,7,0.0
ロンス,2,13,0.0,0.3077,8.1538,7,0.0
Hitch Village,1,13,0.0769,0.1538,6.3077,7,0.0
タガノハピネス,1,13,0.0769,0.5385,4.8462,7,0.0
シネマスコープ,3,13,0.0769,0.1538,8.0,7,0.0
ボートルサンテ,2,13,0.0,0.0769,8.1538,7,0.0
マイルストーン,4,13,0.0,0.0,10.9231,7,0.0
ファランドール,3,13,0.0,0.0,9.6154,7,0.0
ゴールドユウ,1,13,0.0,0.1538,8.4615,7,0.0
ビューティーレディ,3,13,0.0769,0.1538,10.1538,7,0.0
ビクトリアスマイル,3,13,0.1538,0.3077,7.4615,7,0.0
エミネンツァベルタ,2,13,0.0,0.0769,10.3077,7,0.0
Jolene,1,13,0.0,0.0,9.4615,7,0.0
メアリーポート,2,13,0.0,0.0769,12.8462,7,0.0
キタサンテンビー,3,13,0.2308,0.2308,8.7692,7,0.0
クリノフラゴナール,2,13,0.0,0.0,10.8462,7,0.0
シャイントレイル,2,13,0.0769,0.0769,7.8462,7,0.0
ヤマカツサクラ,3,13,0.0,0.0,11.6154,7,0.0
エトルアンフルール,3,13,0.0,0.0,9.6154,7,0.0
ヤマカツリリー,4,13,0.0,0.0,12.5385,7,0.0
ビバナポリ,1,13,0.0,0.0769,6.5385,7,0.0
ポジティブマインド,4,13,0.0769,0.3077,6.6923,7,0.0
シゲルチョウカン,1,13,0.0,0.0769,9.0769,7,0.0
トウカイエンゼル,2,13,0.0,0.0,10.4615,7,0.0
ファーマジェンヌ,4,13,0.0769,0.3077,7.0,7,0.0
ポルタマリーナ,3,13,0.0,0.0,9.9231,7,0.0
ティアップアケヒメ,2,13,0.0,0.3077,5.7692,7,0.0
タップダンス,2,13,0.0,0.0,10.6154,7,0.0
タッカースタート,1,13,0.0769,0.0769,9.6154,15,1.0
ブラックナイル,3,13,0.0,0.2308,9.2308,7,0.0
ハーレムライン,2,13,0.0,0.0769,8.3846,7,0.0
Indian Town,1,13,0.0769,0.3846,5.3846,131,0.0
Hopeoverexperience,1,13,0.1538,0.4615,6.3846,7,0.0
ユメノクラリティー,3,13,0.0,0.0769,9.3846,7,0.0
ウーマンズハート,2,13,0.0,0.0769,5.9231,7,0.0
ヨドノドリーマ,1,13,0.0,0.2308,7.0769,23,0.0
ニシノキュアノス,2,13,0.0,0.0,8.3846,7,0.0
エナジーブルー,3,13,0.0,0.0769,8.6923,7,0.0
エナジーピエトラ,4,13,0.0769,0.1538,8.7692,7,0.25
Goldminer's Dream,1,13,0.2308,0.3846,5.8462,7,0.0
ローズベビークリス,2,13,0.3077,0.3846,6.5385,7,0.0
フジノバイオレット,2,13,0.0,0.0,11.4615,7,0.0
ダイイチシガー,2,13,0.0769,0.1538,8.9231,7,0.0
ダイナミズム,3,13,0.0,0.0,8.2308,7,0.0
ロマンチックドラマ,4,13,0.0,0.0,12.0,7,0.0
タニノティアラ,2,13,0.0,0.0,12.0769,7,0.0
ナーゲルリング,2,13,0.0769,0.0769,6.8462,7,0.5
ナヴィガトリア,3,13,0.0,0.0,11.6923,7,0.0
ビビッドハート,1,13,0.0,0.0,9.3846,7,0.0
ポールウィン,2,13,0.0,0.2308,9.6923,7,0.0
ニシノフローラル,3,13,0.0,0.2308,7.2308,7,0.0
ユニティ,4,13,0.0,0.0,10.6154,7,0.0
エイスノート,3,13,0.0769,0.1538,8.6923,7,0.3333
ニシノバニーガール,3,13,0.0769,0.1538,7.8462,7,0.0
ユイフィーユ,3,13,0.0,0.0,9.3077,7,0.0
トーセンルクリア,1,13,0.0769,0.1538,7.7692,15,1.0
クラウンポインター,3,13,0.0,0.0,11.2308,7,0.0
ムーディーサンダー,1,13,0.0769,0.3077,7.5385,7,0.0
キャシーズソング,2,13,0.0769,0.2308,9.3077,7,0.0
Hen Escape,1,13,0.1538,0.5385,4.0769,7,0.0
ブライティアターフ,4,13,0.0,0.0769,12.5385,7,0.0
タマサイ,2,13,0.0,0.0,10.2308,7,0.0
ロージーサンセット,3,13,0.1538,0.2308,6.8462,7,0.3333
トゥルヴァ,3,13,0.0,0.0,10.2308,7,0.0
トゥルビネ,2,13,0.0,0.0,9.9231,7,0.0
キョウエイフォルテ,1,13,0.0769,0.3077,6.6154,23,0.0
G Note,1,13,0.0769,0.0769,9.3846,7,0.0
ローブデコルテ,1,13,0.0769,0.3077,6.6923,7,0.0
ローゼンタール,2,13,0.2308,0.3846,4.6923,7,0.0
Fraulein,2,13,0.0,0.2308,7.0,7,0.0
Gender Agenda,2,13,0.0,0.2308,6.5385,7,0.0
Figure,1,13,0.1538,0.6154,4.0769,7,0.0
ローランデイン,2,13,0.1538,0.2308,8.9231,7,0.0
Fame Game,1,13,0.0,0.0,10.7692,7,0.0
ダノンクィーン,2,13,0.0769,0.0769,8.9231,23,0.0
フミノタカラ,2,13,0.0769,0.2308,7.4615,7,0.0
パパパノチョイナ,2,13,0.0,0.0769,7.8462,7,0.0
キャンディウォー,3,13,0.0,0.0,12.3846,7,0.0
ミスユーフラン,2,13,0.0769,0.1538,8.4615,7,0.0
ポロメリア,3,13,0.0,0.0769,9.3846,7,0.0
マイイブキ,2,13,0.0,0.0769,10.2308,7,0.0
ユキノスイトピー,3,13,0.0,0.1538,7.4615,7,0.0
サダムサロペット,2,13,0.0,0.0769,9.6923,7,0.0
マイネベリンダ,5,13,0.0,0.0,10.6923,7,0.0
サザンクロスブルー,1,13,0.0769,0.0769,11.4615,7,0.0
サクラユスラウメ,1,13,0.0,0.2308,6.9231,67,0.0
サクラベル,2,13,0.0,0.0,10.0769,7,0.0
サクラローズマリー,4,13,0.1538,0.1538,8.3077,7,0.0
サミーカラー,3,13,0.0,0.0,9.1538,7,0.0
サマナケイ,3,13,0.0769,0.1538,7.3077,7,0.0
バブルウィズジョイ,2,13,0.0,0.1538,7.3077,7,0.0
ミラクルピッチ,2,13,0.0769,0.1538,8.4615,7,0.0
キョウワゼノビア,2,13,0.1538,0.5385,6.4615,7,0.0
キョウエイワンダー,3,13,0.0,0.1538,10.7692,7,0.0
クラウンハンター,2,13,0.0,0.0,11.3077,7,0.0
クインズミラーグロ,1,13,0.0,0.2308,6.0,7,0.0
ミヤコマンハッタン,3,13,0.0,0.3077,8.8462,7,0.0
クィーンチャーム,4,13,0.0,0.0769,10.6154,7,0.0
Celadon,1,13,0.6154,0.8462,1.6154,7,0.0
フラワーウイナー,1,13,0.0,0.2308,8.0,23,0.0
チャチャタイム,2,13,0.0,0.2308,6.6154,7,0.0
チェリーラブ,3,13,0.0769,0.2308,10.0769,7,0.0
フランダース,3,13,0.0769,0.0769,11.2308,7,1.0
フライングニンバス,3,13,0.0769,0.3077,7.0,7,0.3333
ダンスプリンセス,3,13,0.0,0.0,12.9231,7,0.0
フラワリーウーフ,2,13,0.0,0.1538,8.5385,23,0.0
キョウエイカナ,2,13,0.0,0.0,12.6923,7,0.0
Delicate Lady,1,13,0.0769,0.1538,6.5385,7,0.0
ワンオブクインズ,3,13,0.0769,0.2308,9.8462,7,0.0
サブリナ,2,13,0.0769,0.2308,7.9231,7,0.0
エグランティーナ,2,13,0.0,0.0,8.9231,7,0.0
ビツキーロイヤル,1,13,0.1538,0.4615,6.0,7,0.0
サンデーヒロイン,1,13,0.0769,0.1538,7.2308,7,0.0
メジロアダーラ,2,13,0.0,0.0,13.4615,7,0.0
メジロシーゴー,2,13,0.0,0.2308,5.7692,7,0.0
オルレアンローズ,1,13,0.0769,0.0769,8.3077,15,1.0
オルターネイティヴ,3,13,0.0,0.3846,7.8462,7,0.0
オリーブジュエル,4,13,0.0769,0.2308,10.3077,7,0.0
ピエナアイリス,2,13,0.0,0.1538,8.6923,7,0.0
ナムラエフォート,2,13,0.0769,0.0769,9.3846,7,0.0
オペラクローク,4,13,0.0769,0.0769,9.6154,7,0.3333
オメガブルーハワイ,3,13,0.0,0.1538,10.2308,7,0.0
メヌエットシチー,1,13,0.0,0.0769,8.6154,7,0.0
オトメノイノリ,1,13,0.1538,0.3077,7.0,7,0.0
アスターフォーマリア,2,13,0.0,0.0,8.9231,7,0.0
アスクザリーズン,2,13,0.0,0.3846,5.2308,7,0.0
アジアンビューティ,4,13,0.0,0.0,13.2308,7,0.0
チェリッシュユー,3,13,0.0,0.0769,9.4615,7,0.0
ヤマニンアリーナ,2,13,0.0,0.0,8.0769,7,0.0
グランスオークス,1,12,0.0833,0.1667,10.0,7,0.0
ルナールフェノメナ,2,12,0.0,0.1667,7.5,7,0.0
Triple Cee,1,12,0.1667,0.1667,6.6667,7,0.0
Trethias,1,12,0.1667,0.25,6.5,7,0.0
グランドデザイン,3,12,0.1667,0.1667,9.5,7,0.0
Tobruk,1,12,0.0,0.0833,8.6667,7,0.0
グッドトーク,3,12,0.0,0.0833,11.0,7,0.0
グラシャスギフト,4,12,0.0,0.25,8.1667,7,0.0
マリーキャサート,2,12,0.0,0.3333,6.1667,23,0.0
マルターズブリーズ,3,12,0.0,0.0833,9.5,7,0.0
グレイトサンライズ,1,12,0.0833,0.25,5.6667,43,0.0
ルッキングアップ,2,12,0.0,0.0833,10.5,7,0.0
Twinkleberry,1,12,0.1667,0.5833,3.4167,7,0.0
ルークラティブ,3,12,0.0,0.0,11.8333,7,0.0
クールホタルビ,3,12,0.0,0.0,9.4167,7,0.0
マーティンゴールド,2,12,0.0,0.0833,7.25,7,0.0
ケージーホマレ,4,12,0.0,0.0,12.0833,7,0.0
イシノレインボー,2,12,0.0,0.0833,9.9167,7,0.0
イイジャン,4,12,0.0,0.0833,9.75,7,0.0
イグナイトカフェ,3,12,0.0,0.1667,8.5833,7,0.0
ケイエイローズ,1,12,0.0833,0.1667,6.0833,7,0.0
ケイウーマン,1,12,0.0,0.1667,8.0,23,0.0
ケイツーノース,3,12,0.0,0.0833,11.25,7,0.0
クロンドローリエ,3,12,0.0,0.0,11.75,7,0.0
クロフネマリア,1,12,0.0833,0.5,5.4167,7,0.0
Sweet and Flawless,1,12,0.0833,0.1667,6.6667,7,0.0
ケンブリッジアロー,3,12,0.0,0.1667,9.5833,7,0.0
ゲラウトマイウエイ,2,12,0.0,0.0833,9.25,7,0.0
マヤノフウカ,1,12,0.0,0.4167,6.8333,7,0.0
Superior Storm,1,12,0.0,0.0,9.0833,7,0.0
Two Trail Sioux,1,12,0.25,0.3333,8.4167,15,1.0
マハロマナ,1,12,0.0,0.0,11.4167,7,0.0
マニーズオンシャーロット,4,12,0.0833,0.25,7.0,7,0.25
バトルエニシ,3,12,0.0,0.0,11.25,7,0.0
ハーフムーン2,5,12,0.0,0.0,9.3333,7,0.0
ハービンマオ,2,12,0.1667,0.3333,6.1667,7,0.0
パトリシアローズ,1,12,0.0833,0.0833,9.5,23,0.0
パツィエンザ,2,12,0.0,0.0,12.0,7,0.0
マックスロゼ,3,12,0.0833,0.0833,10.9167,7,0.0
マックスユーキャン,3,12,0.0833,0.25,7.25,7,0.0
ミスチヴァスミスティ,2,12,0.1667,0.25,9.0833,15,0.5
Spirited Away,1,12,0.1667,0.5,4.6667,7,0.0
コハルカントリー,1,12,0.0,0.3333,6.6667,7,0.0
コロナシオン,2,12,0.0833,0.5833,5.9167,7,0.0
コーリンスピカ,3,12,0.0,0.0,10.1667,7,0.0
クルミ,4,12,0.0,0.0,12.1667,7,0.0
クリスタルスピカ,2,12,0.0833,0.25,8.5833,7,0.0
ミスフースイ,2,12,0.0,0.0,12.6667,7,0.0
ゴールデンファレノ,4,12,0.0,0.0,9.8333,7,0.0
Sister Quick,1,12,0.0,0.1667,8.9167,7,0.0
ゴールドインザグラス,2,12,0.0,0.0,8.25,7,0.0
ヴィヴィッドエンジェル,2,12,0.0,0.0,11.9167,7,0.0
ヴィヴァルダ,3,12,0.0,0.0833,7.5,7,0.0
バトルサンサシオン,2,12,0.0,0.1667,8.25,7,0.0
ゴールデンレコード,2,12,0.0,0.0,9.1667,15,0.0
Yellow Heat,1,12,0.1667,0.3333,7.25,7,0.0
マザーロード,3,12,0.0,0.0,9.0,7,0.0
マザーシップ,3,12,0.0,0.0,11.0833,7,0.0
レインボーファスト,2,12,0.0833,0.3333,7.4167,7,0.0
ゴールドケープ,2,12,0.0,0.0,10.0833,7,0.0
マサノミストレス,2,12,0.0,0.0,9.5,7,0.0
ミズホユウセイ,3,12,0.0,0.0,11.4167,7,0.0
ミッキーディナシー,2,12,0.0833,0.3333,6.3333,7,0.0
マキシマムジョイ,2,12,0.0833,0.3333,7.0833,7,0.0
サオトメ,2,12,0.0,0.0,10.6667,7,0.0
サクラコンドル,1,12,0.0,0.0,9.5,23,0.0
パラディフルール,2,12,0.0,0.0,14.0833,7,0.0
イチコロ,1,12,0.0833,0.1667,8.75,7,0.0
バイオダイナミック,3,12,0.0,0.0833,9.5,7,0.0
レグルドール,3,12,0.0833,0.1667,9.0,7,0.0
サウンドモニカ,2,12,0.0,0.1667,8.6667,7,0.0
サクラアリア,2,12,0.0833,0.0833,8.5833,7,0.0
サクセスビューティ,1,12,0.1667,0.3333,7.0833,23,0.0
レジーナフォルテ,2,12,0.0833,0.1667,6.9167,7,0.0
レジーナシップ,1,12,0.0,0.0,7.4167,7,0.0
サクラカスケード,2,12,0.0,0.0,11.25,7,0.0
サザリー,3,12,0.0,0.0,10.75,7,0.0
ミナミノエレガンス,1,12,0.0833,0.0833,8.8333,7,0.0
ミツワオーロラ,2,12,0.0,0.0,11.0,7,0.0
ミッドナイトラヴ,2,12,0.1667,0.3333,7.25,7,0.5
サニツ,1,12,0.0,0.6667,5.8333,7,0.0
サバイバルポケット,3,12,0.0,0.0,13.8333,7,0.0
ハローハピネス,2,12,0.0,0.0,12.1667,7,0.0
パロネラ,1,12,0.3333,0.5833,3.5,15,1.0
ハヤブサラヴハート,2,12,0.0,0.0,10.1667,7,0.0
ハートオブマイン,2,12,0.0,0.0833,6.5,7,0.0
ハートエンジェル,1,12,0.0,0.1667,6.25,7,0.0
ハートフルメロディ,3,12,0.0,0.1667,9.3333,7,0.0
サファイヤコースト,3,12,0.0,0.0,11.0833,7,0.0
サムソンレッド,1,12,0.25,0.4167,3.9167,7,0.0
アイファインバンド,2,12,0.0,0.0,9.4167,7,0.0
リリカルヴァース,2,12,0.0,0.1667,8.25,7,0.0
クイーンオブタイム,3,12,0.0,0.0,9.0,7,0.0
マイダイアリー,1,12,0.0833,0.3333,6.0,7,0.0
レッドオーラム,4,12,0.0833,0.25,7.1667,7,0.0
サンディシフター,1,12,0.0,0.0,8.75,7,0.0
クイーンマグノリア,3,12,0.0833,0.0833,10.1667,7,0.3333
クインズストリーク,2,12,0.0,0.0,9.8333,7,0.0
クインズジュエリー,2,12,0.0,0.0,10.1667,7,0.0
ラッシュストーム,3,12,0.0,0.0,8.9167,7,0.0
ラブカンプー,1,12,0.0833,0.0833,9.5833,15,1.0
アードゥイン,4,12,0.0,0.1667,7.8333,7,0.0
ハルノサキガケ,2,12,0.0,0.0,11.0,7,0.0
ザライズドラゴン,1,12,0.0,0.1667,6.0833,7,0.0
シアトルハッピー,3,12,0.0,0.0,12.9167,7,0.0
Romantic Romance,1,12,0.0833,0.4167,8.4167,7,0.0
レッドキャンティー,4,12,0.0833,0.0833,9.0,7,0.0
ミューズダンス,2,12,0.0,0.0,11.5833,7,0.0
ミュゼリトルガール,2,12,0.0833,0.0833,9.3333,7,0.5
ミラクルステイ,2,12,0.0,0.0,8.75,7,0.0
ギエナー,3,12,0.0,0.0833,8.1667,7,0.0
シトリカ,2,12,0.0833,0.25,7.3333,7,0.0
シャイニインパクト,1,12,0.0,0.0833,9.6667,7,0.0
Bernina Star,1,12,0.0833,0.5,4.5,7,0.0
パーティークィーン,3,12,0.0,0.0,11.0,7,0.0
キリシマオジョウ,2,12,0.0,0.0833,9.25,7,0.0
シャイニングスカイ,2,12,0.0,0.0833,7.25,7,0.0
レッドピアノ,3,12,0.0,0.0,12.5,7,0.0
レッドビアンカ,2,12,0.0,0.1667,6.9167,7,0.0
Ramatuelle,1,12,0.0833,0.25,6.4167,23,0.0
Rainswept,1,12,0.0833,0.3333,4.75,15,1.0
アオイスカーレット,3,12,0.0,0.25,7.0,7,0.0
シャトーサファイア,1,12,0.0,0.1667,8.4167,43,0.0
レッドペルル,2,12,0.0,0.0,10.1667,7,0.0
ショウナンアンジュ,3,12,0.0833,0.1667,11.3333,7,0.0
ショウナンマラーク,3,12,0.0,0.0833,9.0,7,0.0
キョウワヒラリー,1,12,0.1667,0.25,8.1667,7,0.0
ショコラトリー,1,12,0.0833,0.3333,5.5833,7,0.0
シラユキ,2,12,0.0,0.25,7.3333,7,0.0
ハナカゲ,3,12,0.0,0.0,12.5833,7,0.0
イブニングアフェア,3,12,0.0,0.1667,8.75,7,0.0
ラディーヤ,2,12,0.0,0.4167,6.0833,7,0.0
ショーウェイ,2,12,0.0,0.0833,10.0833,7,0.0
ショウナンアゼリア,3,12,0.0,0.0,10.1667,7,0.0
キョウエイペルレ,3,12,0.0,0.0,8.8333,7,0.0
キャリコローズ,3,12,0.0,0.0,11.75,7,0.0
Pioneer Queen,2,12,0.0,0.1667,5.5833,7,0.0
Puggy,1,12,0.0833,0.4167,6.6667,7,0.0
ホワイトショーコ,2,12,0.0,0.0833,8.4167,7,0.0
シンコウイマージン,3,12,0.0,0.0,11.1667,7,0.0
リムーザン,2,12,0.0,0.0,11.75,7,0.0
ホシノキラメキ,1,12,0.0,0.1667,5.8333,7,0.0
シンシンパッション,2,12,0.0,0.0,12.1667,7,0.0
シンシアナ,1,12,0.0,0.0833,8.5833,7,0.0
シンボリティアラ,3,12,0.1667,0.1667,7.4167,7,1.0
シンハルカジョウ,2,12,0.0833,0.0833,10.5,7,0.0
ハナレイムーン,1,12,0.25,0.5,3.6667,15,1.0
キャノピーウォーク,2,12,0.0833,0.1667,9.1667,7,0.0
ムーンスガタ,4,12,0.0,0.0,12.25,7,0.0
Perivale,1,12,0.1667,0.25,6.6667,15,1.0
Penny Arcade,1,12,0.0833,0.1667,6.75,7,0.0
ホウライホーセキ,3,12,0.0833,0.0833,10.3333,7,0.0
キッズフェイヴァー,3,12,0.0,0.0,10.5,7,0.0
Panmolle,1,12,0.0833,0.1667,8.9167,7,0.0
シールヴィクトリー,2,12,0.1667,0.5,4.8333,7,0.0
ペニーウェディング,3,12,0.0,0.25,8.3333,7,0.0
キナウ,4,12,0.0,0.0833,9.75,7,0.0
ペイシャフェリシタ,3,12,0.0833,0.25,7.6667,7,0.0
レディシアトル,2,12,0.25,0.3333,6.0833,7,0.0
Orphea,1,12,0.4167,0.5,4.8333,7,0.0
ジューヌエコール,3,12,0.0833,0.4167,7.0833,7,0.0
ジュトゥヴ,1,12,0.0,0.3333,8.0833,7,0.0
インディスユニゾン,2,12,0.0,0.3333,7.5,7,0.0
アンラッシュ,3,12,0.1667,0.25,6.6667,7,0.0
ジョーディシラオキ,2,12,0.0,0.0833,8.4167,7,0.0
メイショウエクレール,2,12,0.0833,0.1667,6.5833,7,0.5
ガルネリ,2,12,0.0833,0.0833,11.3333,7,0.0
ジョーマンデリン,1,12,0.0,0.1667,5.75,7,0.0
ジープルメリア,2,12,0.0,0.25,6.5,7,0.0
スイートガーデン,2,12,0.1667,0.3333,8.5833,7,0.0
スイートエルドール,4,12,0.0833,0.1667,9.1667,7,0.0
リバレンスハーバー,1,12,0.0,0.1667,9.4167,43,0.0
My Kitty,1,12,0.0,0.0,13.5,7,0.0
ベストマティーニ,2,12,0.0,0.0833,9.0833,7,0.0
スイートハート,2,12,0.0,0.25,7.3333,7,0.0
スウィートラヴァー,2,12,0.25,0.25,7.3333,7,1.0
カーサエスペランサ,4,12,0.0,0.0,13.0,7,0.0
カーリーパッション,1,12,0.0,0.0,7.8333,23,0.0
ハッピーオーシャン,1,12,0.0,0.1667,7.4167,7,0.0
ハッピーウェーブ,2,12,0.0,0.1667,8.0833,7,0.0
ハットシテグー,2,12,0.1667,0.25,8.5833,7,0.0
Moraine,1,12,0.0,0.0833,6.6667,7,0.0
ベストヒット,2,12,0.25,0.5,3.8333,7,0.0
スカーレットポピー,2,12,0.0833,0.0833,10.4167,7,0.5
Molly Peaches,1,12,0.3333,0.5833,6.0,7,0.0
ヘヴンリーブライド,2,12,0.0,0.0833,10.0,7,0.0
スタコラサッサ,1,12,0.0833,0.25,7.75,7,0.0
スターキャスト,2,12,0.0,0.0833,7.25,7,0.0
スターゲイジング,2,12,0.0,0.0,12.25,7,0.0
Minks Aprise,1,12,0.25,0.3333,7.75,7,0.0
Million Seller,1,12,0.0833,0.25,8.4167,7,0.0
ストレートラブ,2,12,0.0,0.0,10.6667,7,0.0
プレミアムショール,2,12,0.0,0.25,7.6667,7,0.0
ハシルジョウオー,2,12,0.0833,0.25,8.1667,7,0.0
ハタノリュウール,2,12,0.0,0.0,12.75,7,0.0
Menifeeque,1,12,0.0,0.1667,5.8333,7,0.0
スパーキングガール,2,12,0.0,0.1667,9.6667,7,0.0
スパツィアーレ,2,12,0.0,0.1667,9.5,7,0.0
スピネッタ,3,12,0.0,0.0,12.5833,7,0.0
スマイルホリデー,1,12,0.0,0.0,12.0,7,0.0
スプリングレディー,2,12,0.0833,0.0833,8.1667,7,0.0
アップトゥユー,2,12,0.1667,0.4167,4.8333,7,0.0
アツコ,3,12,0.0,0.0,8.9167,7,0.0
Logjam,1,12,0.0833,0.0833,9.25,7,0.0
スラスラスイスイ,2,12,0.0,0.0833,8.4167,7,0.0
カネスベネフィシオ,3,12,0.0,0.0,11.75,7,0.0
カッチャウカモネ,1,12,0.0833,0.4167,3.5833,7,0.0
メイショウマキバコ,3,12,0.0,0.0,11.0833,7,0.0
プリメラビスタ,3,12,0.0,0.0833,9.6667,7,0.0
スマートプラネット,3,12,0.0,0.0,10.8333,7,0.0
ラストサマー,2,12,0.0,0.0833,8.6667,7,0.0
インディアマントゥアナ,2,12,0.5,0.8333,2.25,7,0.5
Lookalike,1,12,0.0833,0.1667,8.5,7,0.0
カトルラポール,2,12,0.0833,0.0833,7.0833,7,0.0
カスターニャ,4,12,0.0,0.0,12.8333,7,0.0
プリエンプト,2,12,0.1667,0.1667,7.5833,7,0.0
ロイヤルキャリー,2,12,0.0,0.0,10.6667,7,0.0
メイショウユリヒメ,2,12,0.0,0.25,7.5,7,0.0
カデナダムール,3,12,0.0833,0.1667,6.25,7,0.0
カズノマリリン,2,12,0.0,0.0,8.75,7,0.0
セキサンダンスイン,1,12,0.0,0.0833,8.6667,7,0.0
セイヴィングス,1,12,0.0,0.0833,8.8333,7,0.0
セニョラージェ,1,12,0.0833,0.1667,6.5833,43,0.0
セリーナトロフィー,3,12,0.0,0.0833,12.3333,7,0.0
セクシイスイート,3,12,0.0,0.0,11.6667,7,0.0
プラチナブロンド,2,12,0.0,0.0833,8.5,7,0.0
ノヴィア,3,12,0.0833,0.3333,7.1667,7,0.5
ヒシルーマー,3,12,0.0,0.0833,9.4167,7,0.0
アドマイス,1,12,0.0,0.5,4.4167,43,0.0
アドマイヤセレッソ,4,12,0.0,0.0,13.5833,7,0.0
ブルーメンクローネ,2,12,0.0833,0.3333,5.75,7,0.0
Lap of Luxury,1,12,0.3333,0.5833,4.25,15,1.0
ロゴマーク,4,12,0.0833,0.1667,9.3333,7,0.0
ロココキャンドル,2,12,0.0,0.3333,5.6667,7,0.0
メサイア,3,12,0.0,0.0833,11.4167,7,0.0
ブルーハピネス,3,12,0.0,0.1667,8.9167,7,0.0
ロスカティオス,3,12,0.0,0.1667,7.3333,7,0.0
ソルエユニーク,2,12,0.0833,0.0833,9.5833,7,0.0
タイセイアヴァンセ,2,12,0.0833,0.0833,7.3333,7,0.0
ブルーミスト,2,12,0.0833,0.3333,5.25,7,0.0
タイムクーナカヤマ,3,12,0.0,0.0,10.75,7,0.0
ノンザ,2,12,0.0,0.25,7.5833,7,0.0
イータカリーナ,2,12,0.1667,0.25,10.5833,7,0.0
ブルーチッパー,3,12,0.0833,0.1667,7.5,7,0.0
オールザダイアナ,1,12,0.0833,0.0833,9.5,15,1.0
メジャーメアリー,2,12,0.0,0.0,12.75,7,0.0
オーネットサクセス,3,12,0.0833,0.1667,6.6667,7,0.3333
ブリリアントレター,2,12,0.0833,0.4167,5.9167,7,0.0
タイセイララバイ,3,12,0.0,0.0833,8.4167,7,0.0
アナンダ,2,12,0.0,0.0,10.3333,7,0.0
アドルナメンテ,4,12,0.0,0.0833,9.4167,7,0.0
リカビトス,2,12,0.0833,0.4167,4.1667,7,0.0
オリーブティアラ,2,12,0.1667,0.4167,4.75,7,0.5
メジロヴィーナス,1,12,0.0833,0.25,8.0,23,0.0
タッシーエルモ,2,12,0.0,0.0,10.25,7,0.0
Jelly Cable,1,12,0.0833,0.25,7.5,15,0.5
Jacey's Reward,1,12,0.25,0.5,6.4167,15,1.0
オハナチャン,1,12,0.0,0.0,6.9167,23,0.0
Jeu de Cartes,1,12,0.0833,0.1667,7.9167,7,0.0
タマノパルフェット,3,12,0.0,0.0,10.1667,7,0.0
タマモワルツ,3,12,0.0,0.0,10.5,7,0.0
タマモホットポット,2,12,0.0,0.1667,9.25,7,0.0
タンザニアブラック,1,12,0.25,0.4167,4.25,7,0.0
オメガグッドラック,2,12,0.0,0.0833,8.4167,7,0.0
ダイヤモンドハイ,4,12,0.1667,0.3333,6.8333,7,0.0
ブライダルスイート,2,12,0.0,0.0,12.4167,7,0.0
ロングモニー,2,12,0.0,0.1667,8.5,7,0.0
Ice Mint,1,12,0.0833,0.6667,4.3333,23,0.0
ロミウ,1,12,0.0,0.1667,7.0833,7,0.0
メモリーロワジール,2,12,0.0,0.0,8.8333,7,0.0
ダノンコスモス,1,12,0.3333,0.5833,4.6667,7,0.0
フロレットアレー,3,12,0.0833,0.3333,6.9167,7,0.0
オスカークイーン,2,12,0.0833,0.3333,7.25,7,0.0
メルセダリオ,5,12,0.0,0.0833,10.5833,7,0.0
メリート,4,12,0.0833,0.1667,9.6667,7,0.0
エービーヌードル,2,12,0.0833,0.3333,8.1667,7,0.0
ヒメチャン,3,12,0.0,0.0833,10.3333,7,0.0
ヒメタチバナ,3,12,0.0,0.0,9.0833,7,0.0
ヒラボクプリンセス,1,12,0.0,0.0,10.5,7,0.0
ヴァレディクトーリアン,1,12,0.0,0.3333,6.8333,7,0.0
フレッチャブランカ,2,12,0.0,0.0,11.3333,7,0.0
ダムドコンパニー,3,12,0.0,0.0,11.4167,7,0.0
チェストケローズ,1,12,0.3333,0.5833,4.0833,7,0.0
オウケンチョコ,3,12,0.0833,0.0833,9.5,7,0.0
リアクションレート,1,12,0.0833,0.25,8.0833,7,0.0
フルフリングス,2,12,0.0,0.0,11.8333,7,0.0
フレイヤ,3,12,0.0,0.0,11.1667,7,0.0
ダークアイリス,1,12,0.1667,0.25,7.8333,23,0.0
エーシンロレーン,4,12,0.0,0.0,10.8333,7,0.0
メロディアス,3,12,0.0,0.0,12.8333,7,0.0
ネオアレクサンドラ,3,12,0.0,0.0833,9.0,7,0.0
ラガーシュリンクス,3,12,0.0,0.0,13.0833,7,0.0
ラガッツァカリーナ,3,12,0.0,0.0,14.6667,7,0.0
ウィスキーカラー,3,12,0.0,0.0,11.3333,7,0.0
ウィクトーリア,3,12,0.3333,0.5,5.0,7,0.0
エーシンハーバー,3,12,0.0,0.0,11.9167,7,0.0
チェレスタ,1,12,0.0,0.0833,9.3333,23,0.0
チェルシークロイスターズ,2,12,0.0833,0.3333,5.5,7,0.0
チェロキーメイドン,2,12,0.1667,0.3333,6.0833,7,0.5
Green Lassy,1,12,0.0,0.1667,9.1667,7,0.0
Heavenhasmynikki,1,12,0.0833,0.3333,5.1667,7,0.0
チャームクォーク,3,12,0.0833,0.4167,6.25,7,0.5
チョウハッスル,4,12,0.0,0.0,11.0,7,0.0
フラワーサークル,1,12,0.0,0.0,11.25,7,0.0
ローズサッシュ,1,12,0.0833,0.0833,8.25,23,0.0
Can't Buy Me Love,1,12,0.25,0.6667,4.5,7,0.0
C C's Pal,1,12,0.0833,0.0833,9.3333,7,0.0
Greer Lynn,1,12,0.0,0.0,13.5833,23,0.0
エレンボーゲン,2,12,0.1667,0.1667,8.75,7,0.5
エンジェルファタル,2,12,0.0833,0.1667,9.0833,7,1.0
モズレディーモー,1,12,0.0833,0.75,3.75,7,0.0
チューリップスガロア,2,12,0.0,0.0833,9.6667,7,0.0
モリトシラユリ,1,12,0.0833,0.3333,6.8333,7,0.0
ローズベリル,2,12,0.1667,0.4167,5.25,7,0.5
チーター,1,12,0.0,0.1667,9.9167,23,0.0
ティークリッパー,2,12,0.0,0.0833,10.5833,7,0.0
ティロレスカ,2,12,0.0,0.1667,6.75,7,0.0
テイエムコラール,3,12,0.0,0.0,10.75,7,0.0
テイエムコウノトリ,2,12,0.0833,0.1667,8.3333,7,0.5
フォースタークルック,3,12,0.1667,0.3333,7.3333,7,0.3333
フォーシーム,2,12,0.0833,0.1667,7.1667,7,0.0
ウインクルアーリー,3,12,0.0,0.0,10.3333,7,0.0
ネコヤナギ,3,12,0.0,0.0,12.4167,7,0.0
テンザンアモーレ,4,12,0.0,0.1667,8.6667,7,0.0
テンサイドカップ,1,12,0.0,0.0833,7.9167,7,0.0
テンキセキ,1,12,0.1667,0.6667,4.3333,7,0.0
エリンズロマーネ,2,12,0.25,0.5833,4.1667,7,0.0
アヤノミドリ,1,12,0.0833,0.25,6.5833,23,0.0
ローレルマロン,3,12,0.0,0.4167,6.1667,7,0.0
モープラ,3,12,0.0,0.0,12.0833,7,0.0
エメラルドクイーン,1,12,0.0,0.0833,8.5833,7,0.0
ヤマイチマロン,2,12,0.0833,0.1667,8.1667,7,0.0
フェルトベルク,2,12,0.0833,0.3333,5.4167,7,0.0
テーオーエンジェル,2,12,0.0,0.0,11.5,7,0.0
テンニョ,1,12,0.0,0.0,11.25,7,0.0
ディスグラース,1,12,0.0,0.3333,7.1667,7,0.0
ディランディラン,3,12,0.0833,0.1667,7.3333,7,0.0
エヌティミラクル,1,12,0.0,0.0833,10.1667,23,0.0
ヴァイオリンソナタ,2,12,0.0833,0.6667,3.6667,7,0.0
アンティグラビティ,1,12,0.1667,0.3333,6.1667,7,0.0
アンナ,4,12,0.0,0.0,12.8333,7,0.0
ウインアイスバーグ,3,12,0.0,0.0,12.9167,7,0.0
ビオレイメル,2,12,0.0833,0.25,8.0833,7,0.0
フウコウメイビ,2,12,0.0833,0.1667,8.0,7,0.5
フェアリーステップ,4,12,0.0,0.0833,11.5833,7,0.0
アランロド,3,12,0.0,0.1667,7.3333,7,0.0
アランダ,3,12,0.0,0.25,7.0,7,0.0
アリーテ,2,12,0.0,0.0,10.6667,7,0.0
エスカナール,3,12,0.0,0.0,10.6667,7,0.0
フィルムフランセ,2,12,0.25,0.3333,5.9167,7,0.5
フィリーズベスト,2,12,0.0,0.1667,10.5,7,0.0
トゥザスターダム,3,12,0.0,0.0833,9.5833,7,0.0
ファーマフローラ,2,12,0.0,0.0,9.1667,7,0.0
トゥニーポート,4,12,0.0,0.0,11.9167,7,0.0
トウカイラブ,2,12,0.0833,0.0833,8.0833,7,0.0
ビッグハッピー,4,12,0.0833,0.25,7.6667,7,0.0
ファージンゲール,2,12,0.0833,0.4167,5.1667,7,0.0
アリシア,2,12,0.0,0.25,7.0833,7,0.0
アルティマウェポン,3,12,0.1667,0.25,5.8333,7,0.5
ファンダングル,2,12,0.0,0.0833,7.4167,7,0.0
トガミサクラ,2,12,0.0,0.0833,9.0,7,0.0
ファーザ,3,12,0.0833,0.1667,9.9167,7,0.0
エイシンリオ,1,12,0.0,0.0,11.1667,7,0.0
ファンシャン,2,12,0.0833,0.5,7.5,7,0.0
トップペンダント,1,12,0.0833,0.5,4.0833,43,0.0
トミーラヴ,2,12,0.0833,0.3333,8.25,7,0.0
トミケンブライト,3,12,0.0,0.0,13.0,7,0.0
ファミリーバイブル,3,12,0.0,0.0,12.0,7,0.0
ファストライフ,2,12,0.0,0.0,10.5833,7,0.0
エイスワンダー,2,12,0.0,0.0,10.8333,7,0.0
ウインセラヴィ,3,12,0.0,0.0,11.25,7,0.0
ニシノルージュ,3,12,0.0,0.0833,11.9167,7,0.0
ファストカラー,4,12,0.0,0.0833,9.0833,7,0.0
アルファローザンヌ,2,12,0.0,0.0,11.3333,7,0.0
ラレッサングル,3,12,0.0,0.0833,10.4167,7,0.0
トーアポリネシア,2,12,0.0833,0.1667,9.0,7,0.0
ファインドザウェイ,2,12,0.0,0.1667,8.75,7,0.0
トロピカルベリーズ,3,12,0.0,0.0833,9.8333,7,0.0
ユキノサンブライト,3,12,0.0,0.0833,10.6667,7,0.0
エイシンビーナス,3,12,0.0833,0.3333,8.0,7,0.0
ピースワンオーレ,2,12,0.3333,0.4167,5.8333,7,0.0
エイシンゴージャス,4,12,0.0,0.0833,10.0,7,0.0
エイシンネメシス,1,12,0.0,0.25,7.0833,7,0.0
ユメノツリー,2,12,0.0,0.0,10.0833,7,0.0
エイシンガンマ,2,12,0.0,0.0,11.75,7,0.0
ピンククラウド,1,12,0.1667,0.5,6.75,23,0.0
ニシノウララ,3,12,0.0833,0.25,7.75,7,0.0
ニシノピクチャー,1,12,0.0,0.0,12.0833,7,0.0
ニシノビアンカ,3,12,0.0,0.0833,9.5,7,0.0
トーセンエキコ,2,12,0.0833,0.0833,8.3333,7,1.0
ワンダーエレメント,3,12,0.0833,0.0833,11.0,7,0.0
トーワトレジャー,2,12,0.0,0.0,10.9167,7,0.0
ドゥーアール,2,12,0.0833,0.1667,8.6667,7,0.0
ドゥラセア,2,12,0.0,0.1667,8.1667,7,0.0
ピュアパッション,2,12,0.25,0.4167,5.6667,7,0.0
トーホウルス,3,12,0.0833,0.25,9.1667,7,0.0
Danish Delight,1,12,0.1667,0.1667,6.5833,7,0.0
エイシンイザナミ,3,12,0.0,0.0,9.8333,7,0.0
ナイススピードワン,1,12,0.0833,0.3333,8.4167,7,0.0
エアラグーン,2,12,0.0,0.1667,7.0,7,0.0
ピアレジーナ,3,12,0.0,0.0,10.9167,7,0.0
ニシノアズール,2,12,0.0833,0.4167,6.5833,7,0.0
ニシノアストライア,2,12,0.0,0.0,10.5,7,0.0
ビューティフルアイ,3,12,0.0,0.0,11.75,7,0.0
ビューティテイスト,3,12,0.0833,0.0833,10.0,7,0.0
ナデシコチョウサン,3,12,0.0,0.0,11.3333,7,0.0
アロマジュエリー,3,12,0.0,0.1667,12.0,7,0.0
ヨドノローズ,2,12,0.0,0.0,11.0833,7,0.0
ナミビア,2,12,0.0,0.0833,12.5,7,0.0
ウォーターレディー,3,12,0.0,0.0833,8.5,7,0.0
ウエスタンバーキン,2,12,0.0833,0.3333,7.0833,7,0.0
ウォーターゾラ,3,12,0.0,0.0,13.5,7,0.0
ビーナス,1,12,0.0,0.0833,8.25,131,0.0
ナリタピクシー,3,12,0.0,0.3333,8.25,7,0.0
ナリタトップスター,2,12,0.0,0.0833,9.5833,7,0.0
ナンセイサクラ,3,12,0.0,0.0,9.25,7,0.0
ナン,3,12,0.0,0.0833,9.6667,7,0.0
ウエストミンスター,1,12,0.0,0.3333,7.3333,7,0.0
ウェルアウェイ,3,12,0.0833,0.1667,9.1667,7,0.5
ウインペイザージュ,3,12,0.0,0.0,8.0833,7,0.0
Akilina,1,12,0.1667,0.25,8.0,15,1.0
A Bit of Humor,1,12,0.25,0.4167,8.0,7,0.0
ヴォルトファース,1,12,0.1667,0.5,4.4167,7,0.0
A Footstep Away,1,11,0.0909,0.3636,8.7273,7,0.0
イアハート,2,11,0.0,0.1818,8.8182,7,0.0
グッドプリン,3,11,0.0,0.0,8.9091,7,0.0
グッドバニラ,3,11,0.0,0.0,12.9091,7,0.0
グリシーヌシチー,2,11,0.0909,0.1818,8.5455,7,0.0
グランクリューピサ,2,11,0.0909,0.0909,8.7273,7,0.0
アンフィデルマール,4,11,0.0,0.0909,7.2727,7,0.0
アンナパブロワ,3,11,0.0,0.0,8.1818,7,0.0
メジロアニマート,2,11,0.0,0.0,11.6364,7,0.0
メジロシャープ,2,11,0.0,0.0,10.4545,7,0.0
タガノプルミエール,4,11,0.0,0.0,10.8182,7,0.0
ロッテンマイヤー,3,11,0.6364,0.7273,3.0,7,0.6667
Jenny Lind,1,11,0.1818,0.1818,9.0,7,0.0
Intelyhente,1,11,0.0909,0.2727,8.0909,7,0.0
ナリタメロディ,2,11,0.0,0.0909,10.0,7,0.0
ビリオネア,3,11,0.0,0.1818,7.0909,7,0.0
ルーシエン,1,11,0.0,0.1818,9.4545,7,0.0
グッドポジション,2,11,0.0,0.0,10.9091,7,0.0
グロリアスブレイク,1,11,0.0,0.5455,4.6364,7,0.0
グレイシア,2,11,0.0909,0.5455,4.0909,7,0.0
グリーズアージェント,3,11,0.0,0.0,10.3636,7,0.0
マルデデルマ,3,11,0.0,0.0,11.5455,7,0.0
ナムラムラサキ,2,11,0.0,0.0,8.4545,7,0.0
ワンミリオンス,2,11,0.1818,0.5455,4.5455,7,0.0
ピアグラス,3,11,0.0,0.0,9.7273,7,0.0
ピアッジーネ,1,11,0.0,0.0909,6.1818,7,0.0
マース,1,11,0.2727,0.4545,5.4545,15,1.0
マーブルダンサー,1,11,0.0,0.3636,7.2727,7,0.0
マルガリータ,3,11,0.0,0.0,12.8182,7,0.0
ナンゴクプラネット,2,11,0.0,0.0,11.0909,7,0.0
タマモスズラン,2,11,0.0,0.0,6.8182,7,0.0
タカラジャンヌ,3,11,0.0,0.1818,8.8182,7,0.0
タカラミア,1,11,0.0909,0.3636,6.1818,23,0.0
ロゼリーナ,3,11,0.0909,0.2727,6.2727,7,0.0
ブルドッグギャル,2,11,0.0,0.0909,9.0909,7,0.0
タカイチチアーズ,1,11,0.0,0.0909,5.4545,7,0.0
タカノドレスアップ,1,11,0.0909,0.1818,8.6364,7,0.0
オープンウォーター,4,11,0.0909,0.2727,5.5455,7,0.25
タンタグローリア,2,11,0.0,0.0909,5.4545,7,0.0
ブライティアアップ,3,11,0.0,0.1818,10.3636,7,0.0
ダイシンマジック,3,11,0.0,0.0,11.0909,7,0.0
ダイアナヘイロー,2,11,0.2727,0.4545,6.6364,7,0.0
ナムラスプレンダー,4,11,0.0,0.0,11.4545,7,0.0
Crecy,1,11,0.0909,0.0909,6.7273,7,0.0
クローズホールド,2,11,0.0,0.1818,8.3636,7,0.0
クードゥシャンス,2,11,0.0,0.0,11.5455,7,0.0
ケーキカット,2,11,0.0,0.0909,11.6364,7,0.0
ウエスタンアイル,2,11,0.0909,0.0909,8.2727,7,0.0
ヨドノホープ,3,11,0.0,0.0,11.3636,7,0.0
ダイアモンドタヤス,3,11,0.0,0.0,11.8182,7,0.0
ターコイズ,1,11,0.0,0.0,9.4545,7,0.0
オープンエンド,1,11,0.0,0.2727,6.3636,7,0.0
ノルゲ,1,11,0.0,0.0,7.9091,7,0.0
Kitten's Roar,3,11,0.0,0.2727,7.2727,7,0.0
タイセイガイア,2,11,0.0,0.0909,10.7273,7,0.0
D' Chili Pepper,1,11,0.0909,0.1818,8.1818,7,0.0
ワンダーブランニュ,2,11,0.0,0.0,11.8182,7,0.0
ココクイーン,2,11,0.0,0.1818,7.1818,7,0.0
ココフィーユ,1,11,0.0,0.2727,5.0,7,0.0
マドンナブラボー,3,11,0.0,0.0909,10.4545,7,0.0
Unfinished Dream,1,11,0.0909,0.1818,8.7273,23,0.0
Villa d'Amore,1,11,0.0,0.1818,5.8182,7,0.0
ゲットミー,2,11,0.0,0.0,8.0909,7,0.0
ゲッケイジュ,3,11,0.0,0.0909,9.2727,7,0.0
ナムラジュノー,2,11,0.0,0.0909,7.9091,7,0.0
タイキフローラ,2,11,0.0,0.1818,5.9091,7,0.0
ソルスティス,3,11,0.0909,0.0909,11.1818,7,0.3333
メイプルラブチャン,3,11,0.0,0.0,14.6364,7,0.0
オフクヒメ,3,11,0.0,0.0,9.5455,7,0.0
I O Ireland,1,11,0.2727,0.2727,5.0,15,1.0
ブブールチャチャ,3,11,0.0,0.0,9.8182,7,0.0
ソットヴォーチェ,2,11,0.0,0.0909,10.5455,7,0.0
ソニャトーレ,1,11,0.0,0.1818,8.9091,7,0.0
ナックビーナス,1,11,0.0,0.2727,8.4545,7,0.0
エアスパイシー,1,11,0.0,0.7273,3.6364,7,0.0
パラダイスガーデン,2,11,0.1818,0.5455,5.5455,7,0.0
ビューティバランス,3,11,0.0,0.0,10.5455,7,0.0
ナリッシュ,3,11,0.0,0.0909,9.3636,7,0.0
ウインドスイープ,3,11,0.0,0.0,10.2727,7,0.0
ブレイズガール,2,11,0.0,0.0,9.4545,7,0.0
ソーディヴァイン,2,11,0.0,0.3636,7.1818,7,0.0
ソーユーフォリア,1,11,0.0,0.3636,4.4545,7,0.0
Lake Como,1,11,0.1818,0.3636,7.1818,7,0.0
ダイワウィズミー,3,11,0.0,0.0,11.8182,7,0.0
ダイワキャンディ,4,11,0.0,0.0909,10.3636,7,0.0
オカノプレイヤー,2,11,0.0,0.0,13.1818,7,0.0
ソフィーズローズ,2,11,0.0,0.0909,10.0,7,0.0
ナスノファイン,2,11,0.0909,0.3636,9.3636,7,0.0
ドリームモア,3,11,0.0,0.0909,10.9091,7,0.0
コルボノワール,2,11,0.0,0.2727,8.0909,7,0.0
コンパクトモデル,4,11,0.0909,0.1818,8.6364,7,0.3333
レイナウッド,4,11,0.0,0.0,12.7273,7,0.0
Waldjagd,2,11,0.1818,0.3636,4.8182,7,0.0
コスモメソッド,1,11,0.0,0.4545,4.1818,7,0.0
ピアノリサイタル,1,11,0.0,0.3636,6.8182,7,0.0
ピアノレッスン,1,11,0.0909,0.2727,6.2727,43,0.0
メイモアナ,3,11,0.0,0.0,9.8182,7,0.0
メイラヴィーン,3,11,0.0,0.1818,7.5455,7,0.0
カオール,4,11,0.0,0.0,10.5455,7,0.0
カガフレグランス,3,11,0.0,0.0,11.8182,7,0.0
カウントオンイット,2,11,0.0909,0.1818,8.2727,7,0.0
センショウレイナ,2,11,0.1818,0.2727,7.7273,7,0.0
セレナビアンカ,3,11,0.0,0.3636,5.6364,7,0.0
Liberated,1,11,0.2727,0.2727,7.9091,7,0.0
オオシマルチア,1,11,0.0,0.0,10.7273,43,0.0
ナイキアムール,2,11,0.0,0.0,8.9091,7,0.0
クリヤマキアート,3,11,0.0,0.0,12.5455,7,0.0
Woodcock Moon,1,11,0.0909,0.2727,8.0,7,0.0
リーズン,3,11,0.0909,0.0909,7.8182,7,0.0
Warrior Kat,1,11,0.5455,1.0,1.6364,7,0.0
クレイジーフォユー,3,11,0.0,0.0,10.6364,7,0.0
ウルス,2,11,0.0,0.0909,9.3636,7,0.0
エアデデュー,2,11,0.0909,0.2727,7.9091,7,0.0
ナイストレビアン,5,11,0.0909,0.0909,11.0,7,0.3333
ナナヨーハッピー,1,11,0.0909,0.3636,6.0,23,0.0
ダイワネーブル,1,11,0.0,0.1818,6.0909,7,0.0
アドマイヤジェンヌ,2,11,0.0,0.0,10.6364,7,0.0
プティフォリー,2,11,0.2727,0.4545,4.4545,7,0.0
ヴァンドノワール,3,11,0.0,0.0909,8.4545,7,0.0
ネヴァゾンターク,2,11,0.0,0.0,12.0909,7,0.0
ヒノデモンテローザ,1,11,0.1818,0.3636,6.2727,23,0.0
ノットフォーマル,3,11,0.0,0.0,11.1818,7,0.0
ピュアウインド,2,11,0.0,0.0,8.3636,7,0.0
ゴージャスランチ,1,11,0.2727,0.3636,6.3636,15,1.0
クリノクルミチャン,1,11,0.0,0.0,8.8182,7,0.0
クリノリーソクツモ,2,11,0.0,0.0,9.4545,7,0.0
クリムゾンクローバ,3,11,0.0,0.0909,10.6364,7,0.0
ナオミマリア,2,11,0.1818,0.1818,8.0909,7,0.0
オウハ,2,11,0.0,0.0909,11.5455,7,0.0
ノーブルルージュ,2,11,0.0,0.4545,5.6364,7,0.0
ラストミリオン,2,11,0.0,0.0,12.3636,7,0.0
プテリュクス,3,11,0.0,0.0,12.1818,7,0.0
プトラナ,2,11,0.0,0.0909,9.5455,7,0.0
プモ,2,11,0.0,0.1818,7.7273,7,0.0
ダノンチャコ,2,11,0.0,0.0,8.5455,7,0.0
Shurakaa,1,11,0.2727,0.6364,3.3636,7,0.0
ゴールデンフェザー,2,11,0.0,0.3636,7.0909,7,0.0
クリスマス,2,11,0.0,0.2727,5.8182,7,0.0
クリノツネチャン,1,11,0.0,0.0909,8.0909,7,0.0
クリノエカテリーナ,3,11,0.0,0.1818,12.4545,7,0.0
ドナマッハ,3,11,0.0,0.0909,11.6364,7,0.0
ドントテルソフィア,2,11,0.0,0.1818,6.2727,7,0.0
ドリームパール,3,11,0.0,0.1818,9.9091,7,0.0
プラチナムキャット,2,11,0.0,0.0909,13.0,7,0.0
Leopard Hunt,1,11,0.0,0.1818,6.5455,43,0.0
プラウドウイングス,3,11,0.0,0.1818,8.6364,7,0.0
カズノスイセイ,2,11,0.0,0.0909,9.0909,7,0.0
カシノティーダ,2,11,0.1818,0.1818,9.3636,7,0.5
メイショウラピート,2,11,0.0,0.0,9.1818,7,0.0
ダンスクィーン,2,11,0.0909,0.2727,5.7273,7,0.0
アデンピアモ,2,11,0.0,0.1818,8.8182,7,0.0
アトアニ,3,11,0.0,0.0909,10.9091,7,0.0
スリースキム,1,11,0.0909,0.1818,7.0,7,0.0
スリーダイメンションズ,3,11,0.0,0.0,12.0909,7,0.0
プリディカメント,2,11,0.2727,0.5455,2.9091,15,1.0
アルヘンティーノ,2,11,0.0,0.0,11.7273,7,0.0
Baruta,1,11,0.0909,0.2727,5.6364,7,0.0
Beautiful Moment,1,11,0.0,0.0,9.8182,131,0.0
ヴィヴァマリアンヌ,3,11,0.0909,0.0909,9.8182,7,0.5
ゴールドジェーン,4,11,0.0,0.0909,10.1818,7,0.0
ピュアコンチェルト,2,11,0.1818,0.7273,4.5455,7,0.0
Dana Point,1,11,0.0909,0.3636,5.6364,7,0.0
ワンダーサークル,3,11,0.0,0.0,11.0909,7,0.0
ピュアノアール,2,11,0.0,0.0909,8.4545,7,0.0
トーホウアルテミス,1,11,0.0909,0.3636,3.6364,7,0.0
ピジョンレッド,2,11,0.0,0.0,11.7273,7,0.0
フルゴラ,2,11,0.0,0.0,9.3636,7,0.0
インターラプション,1,11,0.0,0.0909,9.9091,23,0.0
ノームコア,2,11,0.3636,0.6364,3.5455,7,0.5
Love Walked In,3,11,0.0,0.1818,10.3636,7,0.0
スマートディルハム,2,11,0.0,0.1818,8.0,7,0.0
プリンシアルーチェ,1,11,0.0,0.0909,5.4545,7,0.0
スリジエ,2,11,0.0,0.0909,7.7273,7,0.0
スリーエナジー,1,11,0.0,0.0,7.7273,7,0.0
カフェソサエティ,1,11,0.0909,0.4545,6.7273,7,0.0
ウィンクルム,1,11,0.0,0.1818,6.4545,7,0.0
Desert Song,1,11,0.1818,0.8182,2.4545,7,0.0
Desoto First Lady,1,11,0.0909,0.0909,11.0909,7,0.0
ゴールドグレイス,2,11,0.0,0.0909,9.0909,7,0.0
サイキョウレディー,2,11,0.0,0.1818,8.7273,7,0.0
Zappeuse,1,11,0.0,0.0909,9.0909,131,0.0
ゴールデンターキン,2,11,0.0,0.0909,9.3636,7,0.0
アルマリンピア,2,11,0.0909,0.0909,9.4545,7,0.0
ビップシンドウ,1,11,0.0909,0.5455,4.5455,7,0.0
ビップセーラ,3,11,0.0,0.0909,10.3636,7,0.0
イゾラド,2,11,0.1818,0.4545,6.9091,7,0.0
サイレントアスク,1,11,0.0909,0.0909,8.4545,67,0.0
ミッキークルソラ,3,11,0.0,0.0909,7.8182,7,0.0
ミッキーチャーム,2,11,0.5455,0.7273,3.6364,7,0.0
ミスワキジャパン,2,11,0.0,0.0,9.3636,7,0.0
ミズホ,1,11,0.0,0.1818,7.7273,7,0.0
ピンクパレット,2,11,0.0,0.0,8.0909,7,0.0
メンデンホール,3,11,0.0,0.0,10.1818,7,0.0
スマートアエロ,2,11,0.0,0.0909,8.6364,7,0.0
スマートアクシス,2,11,0.0,0.0,10.0909,7,0.0
スモーキーヴォイス,2,11,0.0,0.0,11.1818,7,0.0
Maralika,1,11,0.2727,0.3636,5.1818,7,0.0
Marania,1,11,0.1818,0.2727,6.7273,7,0.0
レーヌドオリエント,2,11,0.0,0.0,11.0,7,0.0
アッフェルバンダム,2,11,0.0,0.0909,8.0,7,0.0
アップライジング,1,11,0.0,0.0909,6.4545,7,0.0
Henderson Band,1,11,0.0,0.0,8.1818,7,0.0
エイシンキスミー,4,11,0.0,0.0,14.0,7,0.0
エイシンコアー,3,11,0.0909,0.0909,7.3636,7,0.0
サクラキューティ,2,11,0.0,0.0,9.2727,7,0.0
レスリーズラブ,1,11,0.0,0.0909,9.1818,23,0.0
Saphiria,1,11,0.0,0.0909,9.7273,7,0.0
サクラドルチェ,2,11,0.0,0.0,10.0909,7,0.0
イサドラ,3,11,0.0,0.0,14.1818,7,0.0
ピンクペルレ,1,11,0.0909,0.1818,7.7273,7,0.0
スマッシングレヴュー,2,11,0.0,0.0,10.6364,7,0.0
スマイルビクトリー,1,11,0.0,0.0909,11.4545,7,0.0
スペチアーレ,1,11,0.0,0.3636,5.5455,7,0.0
スペードクイーン,2,11,0.0,0.0,9.0,7,0.0
スピリットディティ,2,11,0.0,0.0909,10.9091,7,0.0
スペシャルイヤー,1,11,0.0,0.4545,6.1818,7,0.0
スペシャルウーマン,4,11,0.0909,0.1818,9.2727,7,0.0
チャーミングクリス,4,11,0.0,0.0,11.2727,7,0.0
トーセンディオール,4,11,0.0909,0.0909,7.4545,7,0.0
トーセンニケ,3,11,0.0,0.0,9.3636,7,0.0
エイシンシラユキ,3,11,0.0,0.0909,10.3636,7,0.0
エイシンバーリン,2,11,0.0,0.0,10.1818,7,0.0
ユウワンチョイス,1,11,0.0,0.1818,5.5455,7,0.0
マイネミモーゼ,2,11,0.0909,0.0909,12.8182,7,0.0
マイネソシオ,1,11,0.0,0.1818,6.1818,7,0.0
サトノアクシス,2,11,0.0909,0.0909,8.7273,7,0.5
サツキユニヴァース,1,11,0.0,0.0,11.5455,7,0.0
アイコニック,2,11,0.1818,0.5455,4.1818,7,0.0
アイアムエメラルド,3,11,0.0909,0.2727,7.7273,7,0.0
ニシノオドリコ,2,11,0.0,0.0,9.3636,7,0.0
エーシンサルサ,2,11,0.0,0.0,8.6364,7,0.0
カメキチ,1,11,0.0909,0.1818,6.3636,15,1.0
Mayoress,2,11,0.0,0.0909,8.3636,7,0.0
レーシングホステス,3,11,0.0,0.0,11.2727,7,0.0
プルミエールマルク,2,11,0.0909,0.0909,10.5455,7,0.5
ストーミーエンブレイス,2,11,0.1818,0.4545,4.2727,7,0.0
アマファソン,2,11,0.2727,0.4545,6.6364,7,0.5
アマレット,4,11,0.0,0.0,11.9091,7,0.0
ファインアイリス,1,11,0.0,0.2727,4.8182,7,0.0
トリノレージョ,4,11,0.0,0.0909,11.8182,7,0.0
サトノアイビス,1,11,0.0,0.1818,8.4545,7,0.0
サトノボヌール,2,11,0.0909,0.1818,7.1818,7,0.0
ミッキーマンドリン,2,11,0.0,0.0,9.9091,7,0.0
チュウワフェザー,4,11,0.0,0.0,11.5455,7,0.0
フラッシュメモリー,1,11,0.0,0.0,11.2727,43,0.0
スパイクナード,1,11,0.0,0.1818,6.8182,7,0.0
Mighty Renee,1,11,0.1818,0.4545,5.5455,7,0.0
リワードプディング,3,11,0.0,0.0,11.5455,7,0.0
Scarlet Color,2,11,0.1818,0.3636,5.7273,7,0.0
パンジェンシー,3,11,0.0,0.0909,9.9091,7,0.0
ハネダキセキ,2,11,0.0909,0.1818,9.0909,7,0.5
レッドアクトレス,2,11,0.0,0.0,9.8182,7,0.0
Saldentigerin,1,11,0.2727,0.5455,4.5455,7,0.0
アミューズ,1,11,0.0,0.0,9.6364,7,0.0
ハイライトリール,2,11,0.0,0.0909,8.3636,7,0.0
ハイタップ,1,11,0.0909,0.1818,8.0909,7,0.0
ヒガンバナ,1,11,0.0,0.0909,8.0909,7,0.0
レモンイエロー,2,11,0.0,0.0,10.0,7,0.0
ステラレガーロ,2,11,0.0,0.0,11.0,7,0.0
エンジェルスマイル,2,11,0.0,0.0,10.1818,7,0.0
ネオザスティング,3,11,0.0,0.2727,8.4545,7,0.0
カラフルロマンス,3,11,0.0,0.0,12.3636,7,0.0
メイショウチャンプ,2,11,0.0,0.0909,10.3636,7,0.0
メイショウデリラ,2,11,0.0,0.1818,8.9091,7,0.0
アジヤタイリン,3,11,0.0,0.0909,8.4545,7,0.0
アスカクイン,2,11,0.0,0.0,10.2727,7,0.0
プロミストリープ,3,11,0.2727,0.4545,5.6364,7,0.3333
Miss Mambo,1,11,0.0909,0.5455,4.3636,7,0.0
Miss Panthere,2,11,0.1818,0.3636,4.5455,7,0.5
プレミアムギフト,3,11,0.0909,0.2727,7.7273,7,0.0
ステイインハート,3,11,0.0,0.0,13.0,7,0.0
サワヤカムスメ,2,11,0.0,0.0909,9.4545,7,0.0
アルビジン,1,11,0.0,0.2727,5.7273,7,0.0
ヤヨイビジン,1,11,0.0,0.0,9.4545,7,0.0
Dream The Blues,1,11,0.0,0.2727,5.4545,7,0.0
ニシノリンド,2,11,0.0,0.0909,7.9091,7,0.0
ニシノルーファス,2,11,0.0,0.1818,7.6364,7,0.0
エレガントレガーロ,1,11,0.0909,0.0909,9.7273,7,0.0
チルノ,3,11,0.0909,0.0909,10.0,7,0.0
ヘルヴェティア,1,11,0.1818,0.4545,7.6364,7,0.0
リトルモンスター,1,11,0.0909,0.4545,5.0909,7,0.0
フジノビューティ,3,11,0.0,0.0,11.7273,7,0.0
フセノブルース,2,11,0.0,0.0,10.5455,7,0.0
ロードライト,3,11,0.0,0.0,10.2727,7,0.0
Frolic's Revenge,1,11,0.1818,0.3636,5.1818,7,0.0
ローズドサハラ,2,11,0.0,0.0,10.8182,7,0.0
サンクタリリアス,2,11,0.0,0.0,10.4545,7,0.0
エイシンムー,1,11,0.0,0.3636,6.4545,7,0.0
ファニーママ,3,11,0.0,0.3636,8.7273,7,0.0
サンデースクール,3,11,0.0,0.0,10.1818,7,0.0
クイーンズリング,2,11,0.1818,0.3636,7.5455,7,0.0
アイビスティアラ,2,11,0.0909,0.2727,8.8182,7,0.0
ウインジェルベーラ,1,11,0.0,0.0909,6.8182,7,0.0
ウインクルラッキー,5,11,0.0,0.0,11.0,7,0.0
ウインシトリン,2,11,0.0,0.4545,5.1818,7,0.0
ライブインベガス,3,11,0.0,0.0909,10.7273,7,0.0
ライブリウイナー,1,11,0.0,0.1818,8.7273,23,0.0
ファストソング,4,11,0.0,0.0,12.7273,7,0.0
トップエクセレント,2,11,0.0,0.0909,10.9091,23,0.0
トップエルコン,3,11,0.0,0.0909,8.8182,7,0.0
ミヤビペルラ,2,11,0.0909,0.1818,9.9091,7,0.0
マイカ,3,11,0.0,0.0,11.0,7,0.0
ポンポンルージュ,2,11,0.0,0.0,8.9091,7,0.0
サンライトリーダ,3,11,0.0,0.0909,11.9091,7,0.0
サンデーアゲイン,1,11,0.0,0.0,11.7273,7,0.0
サンヘレナ,3,11,0.0,0.1818,7.0909,7,0.0
レディートゥーゴー,4,11,0.0,0.0909,10.9091,7,0.0
ベイコート,1,11,0.3636,0.5455,4.1818,7,0.0
スズカノフジアロー,1,11,0.0,0.0,8.7273,7,0.0
Naughty Mambo,2,11,0.3636,0.6364,4.3636,7,0.0
Mumbai Rock,1,11,0.3636,0.4545,5.8182,15,1.0
ハッピージュエル,3,11,0.0,0.1818,10.8182,7,0.0
フジクイーン,2,11,0.0,0.1818,7.9091,7,0.0
ポルウナカベサ,4,11,0.0,0.0,11.0,7,0.0
サーティーンスクエアド,2,11,0.2727,0.5455,5.4545,7,0.0
ハンティングシーズン,2,11,0.0909,0.1818,6.2727,7,0.0
ラブインブルーム,1,11,0.0,0.0909,7.4545,7,0.0
ハピネス,3,11,0.0909,0.2727,7.4545,7,0.0
ツルマイクィーン,2,11,0.0,0.0,10.7273,7,0.0
ハッピーチケット,3,11,0.0,0.0,9.3636,7,0.0
ハクサンインパクト,4,11,0.0,0.0,11.7273,7,0.0
ハウナニ,1,11,0.0909,0.3636,8.5455,7,0.0
スイートポーラ,3,11,0.0,0.3636,6.3636,7,0.0
スカイブルーダイヤ,2,11,0.0,0.0909,8.7273,7,0.0
フォンターナリーリ,1,11,0.0909,0.2727,7.5455,7,0.0
フクノグローリア,2,11,0.0,0.0,9.5455,7,0.0
テイエムアゲシオ,4,11,0.0,0.0,9.6364,7,0.0
アモリスト,2,11,0.0,0.0909,10.7273,7,0.0
ラヴリーベイリー,2,11,0.0,0.0,9.2727,23,0.0
ニーマルダイヤ,3,11,0.0,0.0,10.0,7,0.0
French Passport,1,11,0.0,0.0909,9.4545,7,0.0
スエツムハナ,2,11,0.0,0.0909,7.8182,7,0.0
スエヒロサプライズ,2,11,0.0909,0.2727,9.1818,7,0.0
スカイキューティー,1,11,0.0,0.1818,7.0,7,0.0
ヤマノオーロラ,3,11,0.0,0.0,12.6364,7,0.0
シガレット,2,11,0.0,0.0,10.8182,7,0.0
シェリュスドパリ,3,11,0.0,0.0909,9.1818,7,0.0
クインズゴールド,3,11,0.0,0.0,10.1818,7,0.0
スイートテレーゼ,1,11,0.0,0.0909,10.3636,131,0.0
アシュリン,2,11,0.2727,0.7273,2.8182,7,0.0
リノワールド,1,11,0.0909,0.6364,3.5455,7,0.0
エルドールカフェ,3,11,0.0,0.0,11.6364,7,0.0
モルフェクラウン,1,11,0.0,0.0909,9.2727,7,0.0
ネバーネバー,1,11,0.0,0.0,13.7273,23,0.0
アルデンテ,2,11,0.0909,0.1818,6.7273,7,0.0
ギブユースマイル,1,11,0.0,0.2727,8.0909,7,0.0
ワインアンドローズ,1,11,0.0,0.1818,6.6364,163,0.0
ワクワクキリシマ,3,11,0.0,0.0,11.1818,7,0.0
トップソリスト,1,11,0.0909,0.1818,8.0,15,1.0
ベルガール,2,11,0.0,0.0,9.7273,7,0.0
スイートジュエリー,4,11,0.0,0.0,10.4545,7,0.0
ベラポーサ,4,11,0.0,0.0909,9.6364,7,0.0
ベルシルエット,3,11,0.0,0.0,11.0909,7,0.0
ラヴィーネ,2,11,0.0,0.0,10.5455,7,0.0
テイエムユメノコ,4,11,0.0,0.0,10.5455,7,0.0
エリモアクアポリス,3,11,0.0,0.0909,11.1818,7,0.0
ガラシャ,2,11,0.0,0.0,9.2727,7,0.0
ガッツマンテン,2,11,0.0909,0.1818,7.8182,7,0.0
レディノーラ,2,11,0.0909,0.2727,5.9091,7,0.0
ジョーパルカ,3,11,0.0,0.1818,8.3636,7,0.0
ジョウノカトリーヌ,2,11,0.0909,0.0909,9.0,23,0.0
ベルベットスマイル,1,11,0.0909,0.1818,7.0909,7,0.0
ガルフパール,2,11,0.0,0.0,11.3636,7,0.0
テメノス,2,11,0.0909,0.2727,6.8182,7,0.0
ニシノコマチ,2,11,0.0,0.1818,7.2727,7,0.0
シノニム,1,11,0.0,0.0,8.8182,7,0.0
シャインベスト,1,11,0.0909,0.2727,5.9091,7,0.0
シャイニンレーサー,2,11,0.0,0.1818,9.0,7,0.0
ボンジュールメロン,4,11,0.0,0.0,12.2727,7,0.0
ボンセグレート,1,11,0.0,0.1818,7.2727,7,0.0
キンゲショウ,1,11,0.4545,0.6364,3.0909,15,1.0
アイルキャッチユー,4,11,0.0,0.0909,12.0,7,0.0
シセイキセキ,2,11,0.0,0.0,8.6364,7,0.0
ハナワキリシマ,3,11,0.0,0.0,9.1818,7,0.0
フォルナリーナ,3,11,0.0,0.0,9.5455,7,0.0
フォレガ,2,11,0.0,0.4545,6.3636,7,0.0
エミーズパラダイス,3,11,0.0,0.0,9.5455,7,0.0
アサクサフルート,1,11,0.1818,0.7273,5.0,7,0.0
アグネスモリガン,1,11,0.1818,0.2727,7.4545,23,0.0
フェルナンディーナ,2,11,0.0,0.3636,5.1818,7,0.0
フェーデ,1,11,0.0,0.1818,4.9091,7,0.0
テーマソング,4,11,0.0,0.0,12.8182,7,0.0
エメラルドヴァレー,2,11,0.0909,0.1818,5.4545,7,0.0
トゥーラムール,2,11,0.0,0.0909,8.0909,7,0.0
エコーズインザウインド,2,11,0.0,0.0909,8.2727,7,0.0
Queen Beautyrest,1,11,0.0,0.0,10.5455,7,0.0
Quelle Vitesse,2,11,0.0,0.0909,7.2727,7,0.0
レッドフォーリア,2,11,0.0,0.0,7.8182,7,0.0
Pretty Lady,2,11,0.0909,0.0909,8.4545,7,0.0
シャマアウェイ,2,11,0.0,0.0,9.2727,7,0.0
シュエットヌーベル,1,11,0.0,0.0,9.4545,7,0.0
リュウツバメ,1,11,0.0,0.0,8.7273,7,0.0
Earlybird Road,1,11,0.1818,0.3636,8.6364,23,0.0
シルキーブリス,1,11,0.0,0.0,9.0,7,0.0
シルキーメイン,2,11,0.0,0.0,10.5455,7,0.0
Baghdaria,1,11,0.0,0.2727,6.1818,43,0.0
ラテンファンク,2,11,0.0,0.0909,8.4545,7,0.0
ラッキーナンバー,2,11,0.0909,0.4545,5.3636,7,0.0
シラヤマヒメ,2,11,0.0909,0.1818,7.9091,7,0.0
キューティガビー,2,11,0.0,0.2727,7.0909,7,0.0
キョウワセロトーレ,2,11,0.0,0.0909,9.2727,7,0.0
シュシュファレル,2,11,0.0909,0.1818,8.4545,7,0.0
ショウナンバーチ,3,11,0.0909,0.1818,9.3636,7,0.3333
ショウナンダズル,3,11,0.0909,0.2727,9.3636,7,0.5
イマスグキスミー,2,11,0.0,0.0,11.9091,7,0.0
アンプレシオネ,1,11,0.0909,0.1818,8.4545,7,0.0
ジュエルクイーン,3,11,0.0,0.0,10.5455,7,0.0
ジュエルド,3,11,0.1818,0.4545,5.5455,7,0.0
ペイヴド,2,11,0.0,0.0909,6.8182,7,0.0
ジュモートリステ,3,11,0.0,0.1818,8.1818,7,0.0
メイクハピネス,2,11,0.0,0.0,11.0909,7,0.0
キタノツムジカゼ,1,11,0.0909,0.0909,10.4545,15,1.0
キタサンスズラン,2,11,0.0,0.0,12.0909,7,0.0
Estilhaam,1,11,0.0,0.1818,8.0909,23,0.0
デューイガール,2,11,0.0,0.0,13.2727,7,0.0
シルクラジアンス,4,11,0.0909,0.0909,10.7273,7,0.0
ホリディオンワード,1,11,0.1818,0.2727,9.6364,23,0.0
ホリデイインミラノ,4,11,0.0,0.0,14.6364,7,0.0
シルバーポジー,3,11,0.1818,0.6364,3.9091,7,0.0
シルクアピール,3,11,0.0,0.1818,9.1818,7,0.0
Prize Informant,1,11,0.4545,0.9091,1.8182,7,0.0
エスピヨン,3,11,0.0909,0.1818,8.9091,7,0.0
エターナルサーガ,2,11,0.0,0.0,9.3636,7,0.0
Evening Call,1,11,0.0909,0.1818,8.0,7,0.0
Blading Gold Ring,1,11,0.0,0.0,10.7273,7,0.0
ヴィナカ,1,11,0.0,0.0,12.9091,23,0.0
シンダーズ,2,11,0.0909,0.1818,5.9091,7,0.0
アクティブサンサン,1,11,0.0,0.0,8.3636,23,0.0
アクトナチュラリー,3,11,0.0,0.0909,10.0,7,0.0
デルマセンヒメ,3,11,0.0,0.2727,8.1818,7,0.0
デルマフクムスメ,1,11,0.0,0.0,8.5455,7,0.0
デリスモア,2,11,0.0,0.0909,9.1818,7,0.0
デアリングシスター,3,11,0.0,0.0909,11.7273,7,0.0
テーオーティアラ,3,11,0.0,0.0,11.1818,7,0.0
ディディプリス,2,11,0.0,0.1818,7.8182,7,0.0
キタサンバースデー,3,11,0.0,0.1818,9.0909,7,0.0
ムーンレイク,2,11,0.0,0.0,11.8182,7,0.0
キッズエンジェル,2,11,0.0,0.0,11.2727,7,0.0
ジャンレーヴ,1,11,0.0909,0.0909,9.5455,7,0.0
ワイドチキチータ,4,11,0.0,0.0,10.8182,7,0.0
Elysea's World,1,11,0.0909,0.1818,7.2727,7,0.0
ディヴァインハイツ,2,11,0.0,0.0,9.4545,7,0.0
アンジュパッセ,3,11,0.0,0.0,10.8182,7,0.0
エテルナミノル,2,11,0.0909,0.0909,7.6364,7,0.0
ヤマトプリティ,3,11,0.0,0.0909,9.9091,7,0.0
キャプテンヴォーグ,2,11,0.0,0.0,11.6364,7,0.0
Politeness,1,11,0.0909,0.1818,7.3636,7,0.0
ハニームーナー,3,11,0.0,0.0,12.8182,7,0.0
アラリーン,6,11,0.0,0.0,11.9091,7,0.0
ラヴァーズテーラー,3,11,0.0,0.0,13.3636,7,0.0
フェアリーテールタイム,2,11,0.0909,0.2727,8.0,7,0.0
エターナルドリーム,1,11,0.0,0.1818,6.0,7,0.0
ヤマサカントリー,3,11,0.0,0.0,11.6364,7,0.0
ペルソナリテ,2,11,0.0,0.2727,8.1818,7,0.0
ジェイドストリーク,2,11,0.0,0.0,8.0909,15,0.0
シーロンパー,2,11,0.0,0.0,12.0,7,0.0
エヌティボタン,2,11,0.0,0.0,11.6364,7,0.0
ディナーパーティ,3,11,0.0,0.0909,11.0,7,0.0
ディーブラッド,2,11,0.0,0.0909,8.4545,7,0.0
ローレンシーバード,1,11,0.0,0.0,11.3636,23,0.0
アグネスターフ,5,11,0.0,0.1818,10.6364,7,0.0
アグネスチーアフル,2,11,0.0,0.2727,5.6364,7,0.0
アグネスアーニャ,1,11,0.0909,0.3636,4.3636,7,0.0
ホクセンノマイ,1,11,0.0,0.1818,7.2727,7,0.0
キモングリーン,2,11,0.0,0.0,8.4545,7,0.0
ウインアズライト,3,11,0.0909,0.0909,10.1818,7,0.0
マルラニビスティー,4,11,0.0,0.0,12.0,7,0.0
ヴィーヴァタキオン,3,11,0.0,0.0,13.4545,7,0.0
ラブミーピンク,1,11,0.0909,0.0909,8.3636,7,0.0
タマモカトルズ,1,11,0.1818,0.5455,4.4545,7,0.0
タピットトゥギャザー,3,11,0.0,0.2727,7.0,7,0.0
アプリシエーション,2,11,0.0,0.1818,8.7273,7,0.0
イーグルバクシンオ,1,11,0.0909,0.0909,9.8182,7,0.0
Chocolate Pop,1,11,0.0909,0.0909,9.1818,7,0.0
アンスーリール,1,11,0.0,0.0,9.0909,7,0.0
The Opera House,1,11,0.0909,0.2727,6.7273,7,0.0
グラスファッション,3,11,0.0,0.0,11.5455,7,0.0
マルヨカレッジ,5,11,0.0,0.0,12.5455,7,0.0
ルピナスベル,2,11,0.0,0.0,9.4545,7,0.0
パイナマナ,1,11,0.0,0.0,11.2727,7,0.0
Antics,1,11,0.3636,0.5455,4.4545,15,1.0
Amen Hallelujah,1,11,0.3636,0.7273,3.9091,7,0.0
Ada Clare,1,11,0.1818,0.6364,5.2727,7,0.0
パチュリー,1,10,0.0,0.0,10.1,7,0.0
ウインプルミエ,3,10,0.0,0.0,13.4,7,0.0
Alsace Lorraine,1,10,0.0,0.2,7.0,7,0.0
Alberton Park,1,10,0.2,0.4,5.3,15,1.0
バーベードス,2,10,0.0,0.0,8.9,7,0.0
グッドウッドマーチ,2,10,0.0,0.1,7.9,7,0.0
アンジュプリエール,1,10,0.0,0.0,10.4,7,0.0
ウェイクアンドテイク,3,10,0.0,0.1,10.0,7,0.0
Coral Coast,2,10,0.0,0.1,9.6,7,0.0
ビービーリアン,1,10,0.0,0.1,8.8,7,0.0
ビートフォルテ,3,10,0.0,0.0,12.2,7,0.0
ラピッドガール,3,10,0.1,0.3,7.8,7,0.0
イイデメモリー,2,10,0.0,0.0,9.4,7,0.0
ケンエンデバー,2,10,0.0,0.2,8.1,7,0.0
ミオビキニブロンド,2,10,0.0,0.0,9.4,7,0.0
ルリエール,2,10,0.0,0.0,9.1,7,0.0
ラペーシュ,2,10,0.0,0.1,9.1,7,0.0
アロンザモナ,3,10,0.1,0.2,8.5,7,0.0
ウォーターウィンク,3,10,0.0,0.0,11.5,7,0.0
タガノアニード,1,10,0.2,0.4,6.4,7,0.0
ブランニューカップ,1,10,0.2,0.5,4.6,7,0.0
Joke,1,10,0.1,0.3,7.6,7,0.0
タガノシャルフ,1,10,0.1,0.1,8.0,7,0.0
キャメロンバローズ,2,10,0.0,0.2,8.0,7,0.0
キャラメライズ,3,10,0.0,0.0,11.9,7,0.0
ヤマニンエルフィン,3,10,0.0,0.2,8.3,7,0.0
フェアリーズ,2,10,0.0,0.3,7.8,7,0.0
デザートオブライフ,2,10,0.0,0.1,8.9,7,0.0
ハタノアデール,1,10,0.0,0.2,8.4,7,0.0
ペルルノワール,2,10,0.0,0.3,5.7,7,0.0
ジャストアキッス,2,10,0.0,0.0,10.1,7,0.0
ジオパークルビー,1,10,0.0,0.3,5.0,7,0.0
ジギースンナー,1,10,0.0,0.1,7.9,7,0.0
シーブルー,1,10,0.0,0.0,9.3,7,0.0
ヤマニンアリュール,2,10,0.0,0.0,12.0,7,0.0
ディメンシオン,2,10,0.0,0.2,6.8,7,0.0
フェイスマーク,4,10,0.0,0.3,9.9,7,0.0
ディーチェ,3,10,0.0,0.0,11.7,7,0.0
レディクライマー,1,10,0.3,0.4,3.6,131,0.0
シルクナデシコ,3,10,0.1,0.1,11.1,7,0.0
ホットキャスケード,2,10,0.0,0.0,11.1,7,0.0
ヴィクトリークライ,1,10,0.1,0.3,6.0,7,0.0
ヴィクトリーバンク,3,10,0.0,0.2,7.1,7,0.0
Praising,1,10,0.1,0.3,6.4,15,1.0
レッドロザリー,3,10,0.0,0.0,11.0,7,0.0
ムザヤダ,3,10,0.0,0.1,11.1,7,0.0
デルマスピリタス,3,10,0.0,0.0,10.2,7,0.0
デルマノママナノダ,3,10,0.0,0.3,7.3,7,0.0
デルフィニウム,2,10,0.0,0.0,10.8,7,0.0
テーオーアモーレ,3,10,0.0,0.0,11.9,7,0.0
ジツリキオーシャン,3,10,0.0,0.0,14.5,7,0.0
ジェリクル,1,10,0.1,0.4,6.2,23,0.0
ジュウゴヤムーン,1,10,0.1,0.3,7.4,7,0.0
ジャミン,3,10,0.0,0.2,6.9,7,0.0
ジャストザマリン,2,10,0.0,0.1,8.5,7,0.0
Ready To Lift,1,10,0.2,0.9,2.4,7,0.0
Changing Plans,1,10,0.3,0.7,3.6,7,0.0
Elite Mom,1,10,0.2,0.7,2.8,7,0.0
ミンナシアワセ,2,10,0.0,0.0,12.9,7,0.0
パープルベンテン,3,10,0.0,0.1,13.8,7,0.0
ボヌールバトー,2,10,0.0,0.0,11.2,7,0.0
イメージング,2,10,0.0,0.0,11.2,7,0.0
ラブフォーエバー,3,10,0.0,0.1,10.3,7,0.0
ベルライン,2,10,0.1,0.4,4.9,7,0.0
ペイドメルヴェイユ,2,10,0.0,0.3,6.8,7,0.0
ジュメイラビーチ,1,10,0.0,0.1,10.2,131,0.0
キタサンアカデミー,1,10,0.0,0.1,9.4,23,0.0
キタサンアマゾン,1,10,0.1,0.1,8.5,7,0.0
フィンレイズラッキーチャーム,2,10,0.6,0.6,4.5,7,1.0
デュポンサークル,3,10,0.1,0.1,11.4,7,0.5
ミルリュユッテ,3,10,0.0,0.0,12.6,7,0.0
ボールドアテンプト,2,10,0.1,0.2,6.5,7,1.0
シネマソングス,2,10,0.3,0.5,4.3,7,0.0
シャイニングパス,2,10,0.0,0.1,9.2,7,0.0
アイランドカフェ,1,10,0.0,0.1,7.9,7,0.0
フォルテシモ,2,10,0.0,0.3,6.6,7,0.0
リバーラスベル,1,10,0.0,0.2,5.8,7,0.0
リファインド,2,10,0.0,0.0,12.5,7,0.0
フェストネ,1,10,0.2,0.5,3.7,43,0.0
ヤエノグラフ,2,10,0.0,0.1,9.9,7,0.0
ヤクモアサシオ,2,10,0.0,0.0,8.8,7,0.0
Fauvelia,4,10,0.0,0.0,15.3,7,0.0
エクレアオール,3,10,0.0,0.0,10.4,7,0.0
エクセレントデザイン,2,10,0.0,0.4,5.6,7,0.0
ボロンベルラルーン,4,10,0.0,0.0,13.0,7,0.0
シャンパンルーム,2,10,0.3,0.6,3.8,7,0.0
アウロラプラネット,2,10,0.0,0.0,9.8,7,0.0
ジーガーマヤ,1,10,0.1,0.1,5.8,7,0.0
ジョースマイル,1,10,0.0,0.1,9.5,7,0.0
ジョーダンエース,2,10,0.0,0.0,9.6,7,0.0
テイエムヤマサクラ,3,10,0.0,0.1,9.4,7,0.0
フォーエヴァーユアーズ,2,10,0.0,0.2,8.0,7,0.0
ジーニアス,1,10,0.0,0.1,7.3,7,0.0
ガッダムアスカ,2,10,0.1,0.2,7.7,7,0.0
レディデラウェア,2,10,0.0,0.1,7.5,7,0.0
レディバウンティフル,2,10,0.1,0.2,6.7,7,0.5
ベルナデッタ,1,10,0.0,0.1,12.0,67,0.0
ジョウノパンジー,2,10,0.0,0.1,9.1,7,0.0
ジョウノグレース,1,10,0.0,0.0,11.5,7,0.0
ベルベットイーグル,3,10,0.0,0.1,10.1,7,0.0
Federation,1,10,0.1,0.2,10.1,15,1.0
トウカイマーチ,3,10,0.0,0.0,10.8,7,0.0
トウカイユニバース,2,10,0.0,0.0,11.7,7,0.0
モルトアレグロ,3,10,0.0,0.0,7.4,7,0.0
フォールメドウ,2,10,0.0,0.1,7.0,7,0.0
デヴィルインフライト,2,10,0.0,0.0,10.0,23,0.0
ファーストウインク,1,10,0.0,0.0,9.3,7,0.0
Champagne Eyes,1,10,0.1,0.1,9.6,15,1.0
Bagatelle Park,1,10,0.1,0.1,8.6,7,0.0
ボーディーススズカ,3,10,0.0,0.0,12.5,7,0.0
ボーナラテルツァ,2,10,0.0,0.1,8.9,7,0.0
ポッドレイ,2,10,0.0,0.0,11.1,7,0.0
ミライ,2,10,0.0,0.0,13.4,7,0.0
トップノート,2,10,0.0,0.0,11.6,7,0.0
ファートゥア,1,10,0.1,0.1,7.5,15,1.0
ファンディーナ,2,10,0.2,0.2,8.3,15,1.0
ウィンナワルツ,2,10,0.0,0.0,8.5,7,0.0
ラクカラチャ,2,10,0.0,0.2,7.5,7,0.0
ベラドーラ2,4,10,0.0,0.0,10.7,7,0.0
シェイキットオフ,2,10,0.0,0.1,9.1,7,0.0
シェーンリート,2,10,0.2,0.3,7.1,7,0.0
クインズアイザ,1,10,0.1,0.2,10.2,7,0.0
ファンキーブロンド,3,10,0.0,0.0,13.1,7,0.0
トップヴィーナス,3,10,0.0,0.0,12.1,7,0.0
エイシンルジーナ,1,10,0.0,0.3,5.1,7,0.0
エイシンロビン,2,10,0.1,0.3,6.7,7,0.0
エクスシア,1,10,0.0,0.0,9.9,7,0.0
ベストティアラ,2,10,0.0,0.0,10.9,7,0.0
スイートデュプレ,2,10,0.0,0.1,9.0,7,0.0
ベツレヘムスター,1,10,0.0,0.1,8.2,7,0.0
ベネチアンテンズ,1,10,0.0,0.1,9.7,7,0.0
スイートウィスパー,3,10,0.0,0.1,8.3,7,0.0
Mykukubird,1,10,0.0,0.3,6.2,7,0.0
アシュフォードクロス,2,10,0.0,0.0,10.2,7,0.0
ベルカント,3,10,0.3,0.4,5.0,7,0.0
カンポデフィオーリ,2,10,0.0,0.1,9.8,7,0.0
スイートミーティア,1,10,0.3,0.7,3.9,7,0.0
スカイノーヴァ,4,10,0.0,0.0,12.5,7,0.0
フサイチシルヴィ,2,10,0.0,0.0,10.6,7,0.0
ラーイズプライド,1,10,0.0,0.3,6.5,7,0.0
エレガンス,2,10,0.0,0.0,9.8,7,0.0
ラグジュリア,2,10,0.0,0.0,10.9,7,0.0
ニューウインド,1,10,0.0,0.2,8.3,23,0.0
ニホンピロカミーユ,3,10,0.0,0.0,9.6,7,0.0
ヌーヴォーロジェ,2,10,0.0,0.1,8.9,7,0.0
Georgie's Angel,1,10,0.4,0.5,4.8,15,1.0
Forestier,1,10,0.0,0.1,9.1,7,0.0
ポップシンガー,2,10,0.0,0.2,11.3,7,0.0
ポップソング,1,10,0.0,0.4,4.5,7,0.0
シゲルカゼノボン,3,10,0.0,0.0,10.7,7,0.0
シアーリーズン,3,10,0.0,0.0,11.9,7,0.0
ツルヒメ,2,10,0.0,0.0,11.5,7,0.0
ヤマニンロードン,3,10,0.0,0.0,10.1,7,0.0
ワイルドサヴァンナ,1,10,0.0,0.0,8.6,7,0.0
ワイルドダンス,2,10,0.0,0.1,9.3,7,0.0
Rocket Reload,1,10,0.2,0.4,5.5,15,1.0
レッドクレオパトラ,3,10,0.0,0.0,11.2,7,0.0
シェクロエ,1,10,0.1,0.5,4.1,7,0.0
サンフローラン,2,10,0.0,0.0,8.1,7,0.0
サーブルクーリール,3,10,0.0,0.0,8.8,7,0.0
ラドゥガ,2,10,0.1,0.1,9.5,7,1.0
アースヴィグラス,2,10,0.1,0.1,7.2,15,0.5
クインズサリナ,2,10,0.0,0.0,11.4,7,0.0
ツルマルグラマー,2,10,0.0,0.0,10.1,7,0.0
ハッピーパレット,1,10,0.0,0.0,12.9,7,0.0
メイショウクローバ,3,10,0.0,0.0,12.5,7,0.0
メイショウグロッケ,1,10,0.1,0.1,5.8,7,0.0
クライフォザトップ,2,10,0.0,0.2,8.8,7,0.0
トピカ,2,10,0.1,0.1,7.5,7,0.0
トミノドリーム,2,10,0.0,0.3,7.6,7,0.0
ミヤビソーダライト,3,10,0.0,0.0,12.6,7,0.0
クイーンレガシー,2,10,0.0,0.0,11.8,7,0.0
クイーンズトゥルー,1,10,0.1,0.3,6.2,7,0.0
サンバビーン,3,10,0.0,0.1,8.1,7,0.0
レッドオルガ,2,10,0.2,0.5,4.4,7,1.0
Mo Chuisle,1,10,0.3,0.5,6.8,15,1.0
Moonlight Danceuse,1,10,0.0,0.0,10.7,7,0.0
Moonshine Memories,1,10,0.1,0.5,5.0,7,0.0
レディーエリオット,3,10,0.0,0.1,10.4,7,0.0
Morena,1,10,0.0,0.1,5.7,7,0.0
ハコダテローズ,1,10,0.0,0.0,8.3,7,0.0
ティアップアーリー,2,10,0.2,0.2,8.6,7,0.0
ティーパートナー,2,10,0.0,0.0,8.6,23,0.0
サマーアフタヌーン,2,10,0.0,0.1,10.6,7,0.0
サラトガデュー,1,10,0.1,0.1,7.6,7,0.0
エイシンスペイン,3,10,0.0,0.0,9.0,7,0.0
ランウェイデビュー,3,10,0.0,0.3,7.7,7,0.0
Diamante,1,10,0.0,0.1,8.3,7,0.0
フライアゲイン,2,10,0.0,0.1,7.8,7,0.0
チークハート,2,10,0.0,0.0,13.1,7,0.0
メイショウカルメン,1,10,0.0,0.0,7.7,7,0.0
フジファレノプシス,3,10,0.0,0.0,7.4,7,0.0
ロードナイト,2,10,0.0,0.0,9.2,7,0.0
エルメスショコラ,3,10,0.1,0.3,8.4,7,0.3333
カワカミマゴコロ,2,10,0.0,0.0,11.2,7,0.0
サンマルガイア,1,10,0.0,0.1,9.8,7,0.0
ファッションストリート,3,10,0.0,0.2,9.4,7,0.0
サンダーソニア,2,10,0.0,0.0,9.4,7,0.0
アイマイミー,2,10,0.0,0.1,11.7,7,0.0
ハイポセシス,2,10,0.0,0.0,12.4,7,0.0
レモンバーム,1,10,0.0,0.1,8.1,7,0.0
モダンハート,2,10,0.2,0.3,6.8,7,0.0
チャリオット,2,10,0.1,0.1,10.3,7,0.0
Haqeeaq,1,10,0.0,0.2,7.7,7,0.0
メイショウナゴミ,2,10,0.0,0.3,8.4,7,0.0
Miss Malibu,1,10,0.3,0.6,4.7,7,0.0
スタートウショウ,1,10,0.1,0.2,11.9,7,0.0
スターファセット,2,10,0.0,0.0,12.2,7,0.0
ステファニーラン,2,10,0.1,0.2,8.3,7,0.0
スティルヘブン,3,10,0.0,0.1,10.9,7,0.0
ビップキャッツアイ,2,10,0.0,0.0,8.3,7,0.0
Diplomat Lady,1,10,0.2,0.4,5.0,23,0.0
エイシンホリデイ,2,10,0.0,0.0,10.9,7,0.0
Salvation,2,10,0.1,0.1,10.2,7,0.0
Sand Puce,1,10,0.1,0.5,5.4,15,1.0
ビガップ,3,10,0.0,0.0,11.0,7,0.0
ビキューナー,3,10,0.0,0.0,12.3,7,0.0
Cavalry Rose,1,10,0.1,0.3,8.8,7,0.0
クラウディア,3,10,0.0,0.0,11.2,7,0.0
ミホダイリン,2,10,0.0,0.1,9.6,7,0.0
アイスウィッチ,3,10,0.0,0.0,10.5,7,0.0
リワードルシアン,3,10,0.0,0.0,10.9,7,0.0
レセディラローナ,1,10,0.1,0.4,5.0,7,0.0
ハートランドコマチ,3,10,0.0,0.0,12.2,7,0.0
ハヤランダ,3,10,0.1,0.4,7.0,7,0.0
パワフルノンコ,3,10,0.0,0.2,8.9,7,0.0
S. S. Miracle,1,10,0.0,0.3,8.7,7,0.0
サマーフェアリー,2,10,0.0,0.4,7.6,7,0.0
ヴァルドブラムヘン,1,10,0.2,0.5,5.4,7,0.0
エンゲージスマイル,4,10,0.0,0.0,7.0,7,0.0
ヒカルアルテミス,3,10,0.0,0.0,11.1,7,0.0
クラウンドヘッド,1,10,0.1,0.2,5.9,7,0.0
クラウンハッピー,4,10,0.2,0.2,8.2,7,0.3333
ミツカネラブ,2,10,0.0,0.1,7.4,7,0.0
クラクエンレディー,2,10,0.1,0.2,8.9,7,0.0
トーコーヘイロー,1,10,0.0,0.0,9.4,23,0.0
トーセンアモーレ,1,10,0.0,0.1,6.2,7,0.0
トーアクレセント,2,10,0.0,0.0,10.3,7,0.0
チョウノヨウニマイ,3,10,0.0,0.0,11.6,7,0.0
チュウワアピール,4,10,0.0,0.0,12.2,7,0.0
スノーヴァーダント,2,10,0.1,0.2,8.6,7,0.0
プレジャーホーク,1,10,0.0,0.0,12.8,7,0.0
レプラコンレーン,1,10,0.1,0.1,9.3,7,0.0
レミニセントリー,2,10,0.0,0.0,11.4,15,0.0
ハタノサンドリヨン,2,10,0.0,0.2,6.8,7,0.0
ハタノディアマンテ,1,10,0.1,0.3,6.7,15,1.0
ハタノフォルトゥナ,1,10,0.0,0.2,6.5,7,0.0
サットー,2,10,0.0,0.2,8.5,7,0.0
サクラピュアハート,2,10,0.0,0.0,12.0,7,0.0
サクレディーヴァ,1,10,0.1,0.4,5.2,7,0.0
アイキャン,1,10,0.0,0.1,12.3,7,0.0
エーシントゥーゴー,3,10,0.0,0.2,10.4,7,0.0
カムホームウィズミー,3,10,0.0,0.1,8.7,7,0.0
カリスマテーラー,4,10,0.0,0.0,12.5,7,0.0
スパイスシャワー,2,10,0.1,0.7,3.0,7,0.5
プレイリーウインド,1,10,0.0,0.7,4.0,7,0.0
レン2,2,10,0.1,0.1,10.3,7,0.5
レヴェトン,3,10,0.0,0.0,10.1,7,0.0
ストロベリームーン,2,10,0.1,0.2,8.6,7,0.5
ファイヤードラゴン,3,10,0.0,0.1,10.0,7,0.0
トリプルチェリー,1,10,0.0,0.0,11.4,7,0.0
サトノルミナス,3,10,0.0,0.1,8.0,7,0.0
サニーサイド,2,10,0.0,0.0,11.4,7,0.0
ビバムールフィユ,3,10,0.0,0.0,13.1,7,0.0
ビビアンアロー,1,10,0.0,0.0,11.4,7,0.0
Clay's Rocket,1,10,0.1,0.3,8.4,67,0.0
リンデンルレーブ,3,10,0.0,0.0,8.9,7,0.0
レストレス,1,10,0.0,0.1,10.2,7,0.0
Saravati,1,10,0.5,0.7,3.0,43,0.0
サウンドラブリー,3,10,0.0,0.0,10.0,7,0.0
イケジュンペガサス,2,10,0.1,0.3,10.7,7,0.0
フリーソウル,2,10,0.0,0.0,11.9,7,0.0
フリーダムガール,2,10,0.0,0.1,8.4,7,0.0
エーシンウェンディ,2,10,0.0,0.1,9.7,7,0.0
エーシンケツァール,1,10,0.0,0.0,11.8,7,0.0
チャレアーダ,3,10,0.0,0.0,8.4,7,0.0
チャンドラプラバー,2,10,0.0,0.0,9.7,7,0.0
モエレアイドル,2,10,0.0,0.0,10.9,7,0.0
エンプレスラブ,3,10,0.0,0.1,10.4,7,0.0
ユメヲカナエテ,2,10,0.0,0.0,13.5,7,0.0
ラモレイエ,2,10,0.0,0.1,10.9,7,0.0
アルミレーナ,2,10,0.2,0.7,3.2,7,0.0
トーセンモアムード,3,10,0.0,0.0,10.6,7,0.0
トーセンバンビーナ,3,10,0.0,0.1,8.2,7,0.0
トーセンフィーネ,1,10,0.1,0.2,5.4,7,0.0
ラビットラン,3,10,0.0,0.1,6.3,7,0.0
ハロウィンデイズ,2,10,0.0,0.0,9.7,7,0.0
トーホウハニー,2,10,0.2,0.6,4.8,7,0.0
トーホウリリー,2,10,0.0,0.0,10.2,7,0.0
スムーズセイリング,1,10,0.0,0.1,8.1,7,0.0
レーヴァンドール,2,10,0.1,0.3,7.3,7,0.0
カネツフラップ,1,10,0.0,0.1,11.1,7,0.0
カマクラ,2,10,0.2,0.5,6.1,7,0.5
スプリングパレット,3,10,0.0,0.0,10.9,7,0.0
フルーツパンチ,3,10,0.0,0.0,12.8,7,0.0
ゴールドサンライズ,1,10,0.2,0.3,8.6,7,0.0
ゴールドウィング,2,10,0.0,0.0,13.0,7,0.0
トーホウキララ,2,10,0.0,0.0,10.0,7,0.0
マジックコード,1,10,0.2,0.5,3.8,15,1.0
イントゥゾーン,1,10,0.0,0.2,6.1,7,0.0
ラッキーシルキー,1,10,0.0,0.0,12.9,7,0.0
インネートグレイス,2,10,0.0,0.0,9.4,7,0.0
スリーキセキ,3,10,0.0,0.0,11.3,7,0.0
ネオフレグランス,2,10,0.4,0.5,6.2,15,0.5
ネオヴェルザンディ,2,10,0.1,0.3,6.5,7,0.0
マコトホーシュン,3,10,0.0,0.0,11.9,7,0.0
マコーミック,2,10,0.0,0.3,8.8,7,0.0
ミダレガミ,2,10,0.0,0.1,9.8,7,0.0
Zaffinah,1,10,0.1,0.3,7.5,7,0.0
ゴールデンチャンス,3,10,0.0,0.1,9.0,7,0.0
ドッピアヴェンデッタ,2,10,0.0,0.2,6.2,7,0.0
セイントローズバド,4,10,0.0,0.1,10.6,7,0.0
プライムチョイス,2,10,0.2,0.3,5.1,7,0.0
カディッシュ,2,10,0.0,0.0,10.6,7,0.0
メイショウラメール,2,10,0.0,0.0,12.9,7,0.0
Little Dipper,1,10,0.3,0.4,6.1,15,1.0
ロイヤルテーラー,2,10,0.0,0.2,8.6,7,0.0
セイウンアカマイ,2,10,0.0,0.0,10.0,7,0.0
セイウンアグライア,2,10,0.0,0.4,6.2,7,0.0
ダンシングママ,2,10,0.0,0.0,7.9,7,0.0
メイショウルクール,3,10,0.0,0.0,11.1,7,0.0
アトラクトバイオ,1,10,0.0,0.1,7.4,7,0.0
リッピアピンク,1,10,0.4,0.4,4.5,15,1.0
プリムローズヒル,1,10,0.0,0.2,7.8,23,0.0
スープリムゴディス,1,10,0.2,0.3,6.5,7,0.0
スーサンゴー,3,10,0.0,0.0,9.9,7,0.0
ララミニョンヌ,3,10,0.0,0.0,9.6,7,0.0
フレンチマリー,2,10,0.1,0.2,10.7,7,0.0
ダノンディーヴァ,2,10,0.1,0.6,3.3,7,0.0
Household,1,10,0.0,0.0,10.6,23,0.0
Shwaimsa,1,10,0.6,0.8,2.2,7,0.0
Silar Rules,1,10,0.4,0.5,5.0,15,1.0
Skymynx,1,10,0.0,0.0,10.9,7,0.0
クリップフェアリー,1,10,0.0,0.0,10.1,7,0.0
ユメハオオキク,2,10,0.0,0.0,11.8,43,0.0
ドリームアンドドゥ,2,10,0.0,0.3,4.4,7,0.0
ドラマチックローズ,1,10,0.0,0.1,11.0,7,0.0
ドリームニキハート,2,10,0.0,0.1,7.9,7,0.0
Household Name,1,10,0.1,0.1,11.6,7,0.0
ロンドンシーズン,1,10,0.1,0.1,8.7,7,0.0
プライマリーカラー,2,10,0.0,0.1,7.4,7,0.0
セラミックガール,2,10,0.3,0.4,6.0,7,1.0
セリーンハイネス,1,10,0.0,0.0,9.4,7,0.0
マスターウィンド,1,10,0.0,0.0,10.5,7,0.0
マジカルミステリー,2,10,0.0,0.0,9.8,7,0.0
マジックキス,2,10,0.0,0.1,8.5,7,0.0
ゴーバンズ,2,10,0.0,0.0,12.4,7,0.0
ミステリアスバイオ,1,10,0.0,0.3,6.1,7,0.0
クルナコーヴァ,2,10,0.0,0.0,9.7,7,0.0
コンサートレディ,3,10,0.0,0.1,10.4,7,0.0
Soleil Lady,1,10,0.0,0.2,5.5,7,0.0
コンゴウマドンナ,2,10,0.0,0.1,9.3,7,0.0
ドリームシップ,1,10,0.0,0.1,8.3,7,0.0
ヒムカ,1,10,0.0,0.0,8.4,7,0.0
ノーティスボード,2,10,0.0,0.2,9.3,7,0.0
ノーバザー,2,10,0.0,0.2,10.7,7,0.0
ヒシインパラ,1,10,0.0,0.0,10.1,23,0.0
インフィニティラヴ,3,10,0.0,0.0,14.5,7,0.0
プライストトゥパーフェクション,1,10,0.0,0.6,3.5,7,0.0
ダイワベスパー,3,10,0.3,0.3,7.9,7,0.3333
エイコオシャトル,2,10,0.0,0.2,9.3,7,0.0
マダムジェニファー,2,10,0.0,0.1,10.1,7,0.0
ミスティーキス,1,10,0.0,0.1,9.6,7,0.0
クルーズライナー,2,10,0.0,0.1,8.5,7,0.0
ユーオーミー,3,10,0.0,0.3,7.0,7,0.0
ドロウアカード,1,10,0.0,0.2,5.8,7,0.0
フロルセレジェイラ,2,10,0.0,0.1,7.0,7,0.0
ダノンクラフト,1,10,0.0,0.0,9.3,7,0.0
ダイワデリカシー,3,10,0.0,0.1,10.1,7,0.0
アドマイヤジョイ,2,10,0.0,0.2,7.1,7,0.0
アドマイヤアロー,2,10,0.2,0.2,8.1,7,0.0
プライマルスノー,1,10,0.0,0.2,4.2,7,0.0
プアプー,2,10,0.0,0.0,12.4,7,0.0
ヴィオトポス,3,10,0.0,0.1,10.2,7,0.0
ヴァンドゥーズ,4,10,0.0,0.0,11.8,7,0.0
フロムマイハート,2,10,0.0,0.0,7.5,7,0.0
ダガーズアラベスク,1,10,0.1,0.4,6.6,7,0.0
メモリーフェスタ,1,10,0.0,0.0,11.2,23,0.0
コム,2,10,0.2,0.3,5.8,7,0.0
コンパス,1,10,0.0,0.1,8.6,7,0.0
コンパスローズ,2,10,0.0,0.1,10.8,7,0.0
Spanish Post,1,10,0.5,0.7,5.0,15,1.0
コルサトウショウ,4,10,0.0,0.1,9.6,7,0.0
Wadyhatta,1,10,0.0,0.3,5.7,7,0.0
ピアーノ,1,10,0.0,0.1,7.9,7,0.0
カクテルフォンテン,2,10,0.0,0.2,7.1,7,0.0
セレナズヴォイス,2,10,0.0,0.4,7.1,7,0.0
ブレステイキングルック,2,10,0.0,0.4,5.2,7,0.0
セラファン,2,10,0.2,0.4,7.0,15,0.5
Life Well Lived,1,10,0.1,0.6,3.3,7,0.0
Lights of Medina,1,10,0.2,0.4,6.7,7,0.0
ソシアルクラブ,2,10,0.2,0.9,2.6,7,0.0
ウマヤノニウシ,2,10,0.0,0.0,9.5,7,0.0
ウメノローマン,1,10,0.3,0.4,4.6,7,0.0
コスモフットライト,3,10,0.0,0.1,9.4,7,0.0
マックスロンシャン,2,10,0.0,0.2,8.5,7,0.0
Status Pending,2,10,0.0,0.0,8.4,7,0.0
コパノディール,3,10,0.0,0.1,6.6,7,0.0
パトリオット,2,10,0.0,0.0,9.5,7,0.0
クルミネイト,2,10,0.3,0.5,6.1,7,0.5
ビューティフルストリート,1,10,0.1,0.2,7.8,7,0.0
ニシノカザブエ,3,10,0.0,0.0,11.9,7,0.0
ソーシャライツ,3,10,0.0,0.0,8.7,7,0.0
セントルイスガール,3,10,0.0,0.2,6.5,7,0.0
Last Pearl,1,10,0.2,0.2,7.5,7,0.0
Latin Love,1,10,0.3,0.7,2.6,7,0.0
ダイワエターナル,3,10,0.0,0.0,10.2,7,0.0
Kylers Song,1,10,0.1,0.4,7.3,7,0.0
タイキダイヤ,2,10,0.0,0.0,8.6,7,0.0
タイキローズマリー,1,10,0.0,0.0,12.1,23,0.0
コウセイエリザベス,2,10,0.0,0.1,9.2,7,0.0
クロシェットノエル,1,10,0.0,0.0,10.3,23,0.0
ミカリーニョ,3,10,0.4,0.7,4.5,7,1.0
マミーブルー2,2,10,0.0,0.0,9.8,7,0.0
マヤノカピオラニ,1,10,0.0,0.0,10.9,7,0.0
マヤノビジュー,1,10,0.0,0.0,11.9,23,0.0
フーリン,1,10,0.0,0.0,10.6,7,0.0
ブイレインボー,2,10,0.0,0.0,9.6,7,0.0
オテンバランナー,1,10,0.1,0.3,5.2,7,0.0
メドゥシアナ,2,10,0.0,0.0,9.2,7,0.0
ロストインラヴ,1,10,0.1,0.2,7.8,7,0.0
メガフェリーチェ,2,10,0.0,0.1,8.6,7,0.0
メグミロマンス,2,10,0.0,0.1,12.2,7,0.0
アローシルバー,2,10,0.0,0.0,9.6,7,0.0
エアシビュラ,2,10,0.0,0.1,10.2,7,0.0
クロンヌ,1,10,0.1,0.4,5.7,7,0.0
ミク,2,10,0.0,0.1,8.6,7,0.0
クールゼファー,1,10,0.2,0.5,7.2,7,0.0
ケイシンミツル,1,10,0.1,0.1,8.3,43,0.0
バレイブランシュ,2,10,0.0,0.0,10.2,7,0.0
イエローポピー,1,10,0.0,0.0,7.2,7,0.0
ナムラユメ,3,10,0.0,0.0,10.4,7,0.0
タマモブリリアン,2,10,0.2,0.6,4.3,7,0.0
ブライトチェリー,4,10,0.0,0.0,14.7,7,0.0
オーソードレッシイ,1,10,0.0,0.2,7.9,43,0.0
オンワードラトゥル,2,10,0.0,0.0,9.9,7,0.0
イースト,3,10,0.1,0.2,9.0,7,0.0
ノボレインボー,3,10,0.0,0.0,12.4,7,0.0
Kitten's Dumplings,1,10,0.1,0.2,9.6,7,0.0
ブラックスビーチ,2,10,0.0,0.0,10.2,7,0.0
Alike,1,10,0.1,0.2,7.9,7,0.0
Afdhaad,1,10,0.5,0.9,2.3,15,1.0
グレイスアン,2,10,0.0,0.1,7.5,7,0.0
ブラインドラック,2,10,0.1,0.1,7.8,7,0.0
タケノハーモニー,3,10,0.0,0.0,13.0,7,0.0
ブランダルジャン,2,10,0.0,0.0,13.6,7,0.0
オレンジブリーズ,2,10,0.0,0.2,6.5,7,0.0
オンファロス,2,10,0.0,0.0,10.5,7,0.0
オレンジシュプール,3,10,0.0,0.0,10.1,7,0.0
ブリガアルタ,3,10,0.1,0.1,7.0,7,0.0
タガノチャッター,1,10,0.1,0.3,5.5,7,0.0
Triune,1,10,0.1,0.3,5.3,7,0.0
ルナステラ,2,10,0.1,0.2,7.4,7,0.5
マルスフラウ,1,10,0.0,0.1,11.2,7,0.0
Taste Of Heaven,1,10,0.1,0.1,10.5,7,0.0
ムーンスピーク,2,10,0.0,0.0,13.1,7,0.0
アグネスミヌエット,2,10,0.0,0.2,8.6,7,0.0
アグネスシスター,1,10,0.0,0.0,11.7,43,0.0
シークレットアート,3,10,0.1,0.1,11.7,7,0.5
ホシノアテナ,2,10,0.0,0.0,11.9,7,0.0
ホウショウマツエ,2,10,0.0,0.2,9.5,7,0.0
ウイナーズロード,2,10,0.0,0.0,11.0,7,0.0
アンドトゥモロー,2,10,0.0,0.0,9.0,7,0.0
ラフェットデメール,2,10,0.0,0.3,8.9,7,0.0
バージンサファイヤ,2,10,0.0,0.0,11.6,7,0.0
ラブミーテンダー,3,10,0.0,0.0,11.4,7,0.0
Carenage,2,10,0.0,0.2,7.1,7,0.0
Carolina Bertie,1,10,0.3,0.4,6.9,15,1.0
タマノベレッツァ,2,10,0.0,0.1,9.9,7,0.0
タマモクラリティー,5,10,0.0,0.0,13.4,7,0.0
アポロクイック,1,10,0.0,0.4,6.2,7,0.0
グランドエナジー,2,9,0.0,0.0,9.2222,23,0.0
Ammalu,1,9,0.0,0.1111,6.0,23,0.0
パシアン,1,9,0.0,0.0,8.5556,67,0.0
バーラプレッタ,3,9,0.0,0.1111,9.3333,7,0.0
Theworldweknow,1,9,0.0,0.1111,7.4444,7,0.0
グラスレビン,1,9,0.0,0.1111,11.6667,23,0.0
グラスミルキー,1,9,0.0,0.0,9.2222,7,0.0
タマモエスカルゴ,3,9,0.0,0.0,13.3333,7,0.0
Cara Bella,1,9,0.2222,0.2222,7.7778,15,1.0
ラブミーレディー,2,9,0.0,0.2222,8.7778,7,0.0
ラブミーブルー,3,9,0.1111,0.4444,6.7778,7,0.0
ルナーアピール,1,9,0.0,0.0,11.1111,7,0.0
Avila Road,1,9,0.0,0.5556,5.4444,7,0.0
グラスベローナ,3,9,0.0,0.3333,5.6667,7,0.0
グッディー,1,9,0.0,0.0,9.1111,7,0.0
グァンタナメラ,2,9,0.2222,0.5556,4.5556,7,0.5
グラウソフィア,2,9,0.0,0.0,10.3333,7,0.0
ワンモアドリーム,3,9,0.0,0.0,11.0,7,0.0
ワンブレスアウェイ,3,9,0.0,0.0,7.6667,7,0.0
タニセンヴォイス,2,9,0.0,0.0,9.8889,7,0.0
ブラックフェアリー,1,9,0.1111,0.3333,6.8889,7,0.0
ブラックパイン,3,9,0.0,0.0,12.8889,7,0.0
オルノス,2,9,0.2222,0.2222,8.3333,7,0.0
The Calypso Myth,1,9,0.2222,0.4444,8.1111,7,0.0
グッバイガール,1,9,0.0,0.0,9.3333,7,0.0
Two Harbors,1,9,0.1111,0.1111,9.4444,7,0.0
Trulips,1,9,0.1111,0.2222,8.1111,15,1.0
Tanzania,1,9,0.0,0.1111,9.6667,131,0.0
ビーチブリーズ,2,9,0.0,0.0,9.2222,7,0.0
ビーチパレード,2,9,0.1111,0.2222,5.6667,7,0.0
ウエストバイノースウエスト,2,9,0.0,0.0,10.5556,7,0.0
グレートビーム,2,9,0.0,0.1111,10.7778,7,0.0
マーベラスロマン,4,9,0.0,0.0,11.8889,7,0.0
タガノタイリン,2,9,0.2222,0.7778,2.5556,7,0.0
ロマンザ,2,9,0.0,0.1111,7.2222,7,0.0
ロベリアスズカ,1,9,0.0,0.0,11.0,7,0.0
タガノユニヴァース,2,9,0.0,0.0,9.8889,7,0.0
オリエントサンデー,2,9,0.0,0.0,12.2222,7,0.0
オリーブ,1,9,0.0,0.0,9.6667,7,0.0
オリーズキャンディ,1,9,0.5556,0.7778,3.1111,7,0.0
イシノミューズ,2,9,0.0,0.0,11.0,7,0.0
ラファーガ,2,9,0.0,0.0,11.1111,7,0.0
イグレット,1,9,0.0,0.4444,7.2222,7,0.0
ナムカーン,2,9,0.0,0.0,13.6667,7,0.0
ナムラレガシー,2,9,0.0,0.0,12.7778,7,0.0
ケイココサージュ,2,9,0.0,0.1111,10.1111,7,0.0
ミキノクレシェンド,2,9,0.0,0.0,13.1111,7,0.0
ワンダートロワ,3,9,0.0,0.0,11.5556,7,0.0
アンカーテソーロ,3,9,0.2222,0.2222,8.8889,7,0.0
タガノヴィアトゥル,1,9,0.2222,0.6667,3.7778,7,0.0
ブリッジヘッド,1,9,0.0,0.1111,7.6667,43,0.0
オヒアレフア,2,9,0.0,0.0,11.0,7,0.0
It'schemistrybaby,1,9,0.2222,0.3333,8.1111,15,1.0
Indian Valley,2,9,0.0,0.0,9.1111,7,0.0
Jeweliana,1,9,0.1111,0.1111,11.1111,15,1.0
ケイパブルバイオ,2,9,0.0,0.0,8.8889,7,0.0
コウエイベスト,2,9,0.1111,0.2222,9.8889,7,0.0
コウエイダリア,2,9,0.0,0.1111,7.3333,7,0.0
マミーフィンガー,1,9,0.0,0.1111,10.3333,7,0.0
マヤノマーガレット,1,9,0.0,0.0,8.7778,23,0.0
ゲイエティ,1,9,0.0,0.3333,6.7778,7,0.0
Streaming,1,9,0.0,0.2222,7.1111,7,0.0
マヤノトリンケット,2,9,0.0,0.1111,12.0,7,0.0
ミカルベウス,2,9,0.0,0.2222,8.1111,7,0.0
Undercover Justice,1,9,0.0,0.3333,5.6667,7,0.0
Unbridled Empire,1,9,0.0,0.0,10.2222,7,0.0
タオヤカ,1,9,0.0,0.2222,7.2222,7,0.0
ブリッジポート,1,9,0.1111,0.1111,11.4444,7,0.0
アノネノネ,1,9,0.0,0.2222,8.5556,7,0.0
メジロダーリング,2,9,0.0,0.1111,9.6667,7,0.0
タガノヴィアーレ,1,9,0.1111,0.2222,5.3333,15,1.0
コスモサンチャン,2,9,0.0,0.0,11.1111,7,0.0
ココファンタジア,2,9,0.0,0.1111,6.3333,7,0.0
ワンダードレッシー,1,9,0.0,0.1111,9.1111,7,0.0
Curlin's Fox,1,9,0.0,0.3333,7.2222,7,0.0
パラディドル,2,9,0.0,0.0,11.4444,7,0.0
パッセ,1,9,0.0,0.0,8.3333,7,0.0
バヒラー,2,9,0.0,0.0,10.3333,7,0.0
クレバージーン,2,9,0.0,0.0,13.4444,7,0.0
レイズアセイル,1,9,0.1111,0.1111,11.1111,7,0.0
レイズアスマイル,1,9,0.4444,0.4444,4.5556,7,0.0
ウマヒトスジ,3,9,0.0,0.0,12.2222,7,0.0
ナムラキャサリン,4,9,0.0,0.0,12.5556,7,0.0
メジャーマジック,2,9,0.1111,0.2222,8.1111,7,0.0
オーデュボンパーク,3,9,0.0,0.3333,6.2222,7,0.0
タマノエスペランサ,2,9,0.0,0.0,11.7778,7,0.0
ブライトメジャー,2,9,0.0,0.0,10.2222,7,0.0
ダイナグロリア,2,9,0.0,0.2222,8.6667,7,0.0
Vivalita,1,9,0.0,0.2222,9.3333,7,0.0
コルデトゥリーニ,2,9,0.0,0.3333,7.0,7,0.0
レイナフェリス,1,9,0.0,0.0,9.7778,43,0.0
Starlet's Sister,1,9,0.2222,0.6667,4.2222,15,1.0
コンクラーベ,1,9,0.0,0.1111,8.7778,7,0.0
ドリームヒット,1,9,0.0,0.3333,5.5556,23,0.0
ナカヤマアンジュ,2,9,0.0,0.0,11.4444,7,0.0
ナチュラルダイヤ,1,9,0.0,0.0,8.5556,7,0.0
ナドレ,2,9,0.0,0.0,13.7778,7,0.0
ナイスミイチャン,1,9,0.0,0.0,8.3333,7,0.0
リードフルート,4,9,0.0,0.0,12.5556,7,0.0
リーツリー,2,9,0.0,0.0,11.6667,7,0.0
Knight Prospector,1,9,0.0,0.0,10.5556,131,0.0
Lady of Fifty,1,9,0.1111,0.4444,4.8889,7,0.0
ノーブルソニック,2,9,0.1111,0.2222,7.6667,7,0.0
ノーザンヴィーナス,2,9,0.1111,0.2222,6.1111,23,0.0
ラスブライティア,1,9,0.2222,0.4444,5.1111,7,0.0
ブルーセレブ,2,9,0.0,0.0,10.1111,7,0.0
マダムチヨ,1,9,0.0,0.2222,8.0,131,0.0
エアヴェイユ,3,9,0.0,0.3333,7.2222,7,0.0
ユーチャリス,2,9,0.1111,0.1111,11.4444,7,0.0
エアフュージョン,2,9,0.0,0.1111,8.7778,7,0.0
ナイキクレイバー,1,9,0.0,0.0,10.5556,7,0.0
ナウシカトウショウ,2,9,0.0,0.0,10.6667,7,0.0
ナイトレイン,2,9,0.1111,0.3333,6.0,7,0.0
オトメザ,1,9,0.2222,0.2222,7.8889,7,0.0
オデッタ,1,9,0.0,0.0,9.0,7,0.0
ソレイユ,3,9,0.0,0.0,12.6667,7,0.0
タイキランデヴー,2,9,0.0,0.0,13.1111,7,0.0
タイキフレンチキス,2,9,0.1111,0.3333,9.2222,7,0.0
タイキティアラ,3,9,0.0,0.0,11.8889,7,0.0
コーラルプリンセス,2,9,0.1111,0.3333,8.4444,7,0.0
コンサートクィーン,2,9,0.0,0.0,14.4444,7,0.0
マスカラーダ,1,9,0.1111,0.2222,8.6667,7,0.0
Solar Girl,1,9,0.0,0.3333,6.0,43,0.0
Sly Warrior,1,9,0.1111,0.6667,3.4444,7,0.0
Speedinthruthecity,1,9,0.1111,0.2222,4.7778,7,0.0
クリノレイステル,3,9,0.0,0.1111,10.8889,7,0.0
コーリンブリリアン,1,9,0.0,0.3333,6.6667,7,0.0
ユメヒマワリ,1,9,0.1111,0.1111,10.6667,7,0.0
クリノチョモラーリ,2,9,0.0,0.0,13.8889,7,0.0
クリスタルボイス,1,9,0.0,0.2222,4.7778,7,0.0
クリスタルブランカ,2,9,0.0,0.2222,10.3333,7,0.0
ソフトパイン,1,9,0.0,0.1111,6.8889,43,0.0
オーロトラジェ,2,9,0.2222,0.7778,3.6667,7,0.0
オールマイティ,2,9,0.0,0.1111,9.5556,7,0.0
Layla,1,9,0.2222,0.4444,7.3333,7,0.0
メドゥーサ,2,9,0.0,0.1111,7.5556,7,0.0
オペラフォンテン,2,9,0.0,0.0,12.6667,7,0.0
ピサノノゾミ,1,9,0.0,0.0,11.1111,7,0.0
ワンダーショコラ,2,9,0.1111,0.2222,8.5556,7,0.0
Dattts Lady Di,1,9,0.1111,0.3333,6.6667,7,0.0
ヴィヴァルディ,3,9,0.0,0.0,10.2222,7,0.0
アルマユディト,2,9,0.1111,0.5556,5.3333,7,0.0
アルマシェダル,2,9,0.0,0.2222,7.6667,7,0.0
ピノシェット,1,9,0.2222,0.4444,4.0,23,0.0
With Her Affection,2,9,0.0,0.2222,6.1111,7,0.0
リンリングリーン,2,9,0.0,0.0,12.6667,7,0.0
サウザンリーブス,2,9,0.0,0.0,12.3333,7,0.0
ソニックバード,2,9,0.0,0.1111,11.2222,7,0.0
ソニア,1,9,0.0,0.0,7.5556,7,0.0
ダイヤフォンテン,1,9,0.0,0.3333,6.5556,7,0.0
フーイズフー,2,9,0.2222,0.4444,4.8889,7,0.0
フローイングヘア,2,9,0.0,0.0,11.1111,7,0.0
ロンギングエレン,2,9,0.0,0.0,10.8889,7,0.0
オチャノコサイサイ,2,9,0.0,0.3333,8.3333,7,0.0
オタカラハッケン,2,9,0.0,0.3333,6.5556,7,0.0
She Is Bedazzling,1,9,0.1111,0.3333,6.6667,7,0.0
ゴールドサリー,1,9,0.0,0.0,14.5556,7,0.0
ワンダフルキッス,1,9,0.0,0.2222,4.2222,7,0.0
Deceptive Vision,1,9,0.0,0.5556,4.0,7,0.0
トーホウヘレン,1,9,0.0,0.0,10.6667,7,0.0
トーセンロザリオ,3,9,0.0,0.0,9.2222,7,0.0
オクテットバレー,3,9,0.0,0.0,10.3333,7,0.0
フローリストライフ,3,9,0.0,0.0,13.6667,7,0.0
ブルームインハート,3,9,0.0,0.1111,8.8889,7,0.0
ロジシエロ,2,9,0.0,0.1111,9.3333,7,0.0
クラークスデール,2,9,0.4444,0.4444,6.2222,7,0.5
クランチーカ,1,9,0.1111,0.1111,8.2222,15,1.0
マキノジョリエ,1,9,0.0,0.6667,2.7778,7,0.0
サイレンスギフト,1,9,0.1111,0.2222,9.4444,7,0.0
サクラキララ,1,9,0.0,0.0,9.2222,7,0.0
イソノフォーティ,1,9,0.0,0.0,8.5556,7,0.0
イスルギ,2,9,0.0,0.0,9.0,7,0.0
イチゴミルフィーユ,1,9,0.0,0.3333,5.6667,7,0.0
ピントゥリッキオ,1,9,0.0,0.0,12.3333,7,0.0
ワンダフルムーン,3,9,0.0,0.0,14.3333,7,0.0
Separationofpowers,1,9,0.3333,0.5556,5.0,15,1.0
サクラステラーノ,1,9,0.0,0.1111,9.0,7,0.0
サクソンブライド,2,9,0.0,0.0,11.1111,7,0.0
オシャレナカオリ,1,9,0.0,0.0,10.2222,7,0.0
リサイトアチャーム,2,9,0.0,0.0,9.7778,7,0.0
Lightstream,1,9,0.1111,0.8889,2.4444,7,0.0
ブレーヴスキー,3,9,0.0,0.1111,9.2222,7,0.0
ブレーヴアンナ,2,9,0.2222,0.8889,2.2222,7,0.0
セルプランタン,2,9,0.0,0.0,13.3333,7,0.0
Saracina,1,9,0.0,0.0,10.8889,7,0.0
サクラキャンドル,1,9,0.0,0.2222,6.7778,7,0.0
クリスタルオーブ,1,9,0.0,0.0,11.4444,7,0.0
クリスタ,1,9,0.0,0.1111,7.5556,7,0.0
アイアムビューティ,3,9,0.0,0.0,11.3333,7,0.0
アイアムエレガント,3,9,0.0,0.0,10.2222,7,0.0
エイシンキンチェム,2,9,0.0,0.0,9.3333,7,0.0
ビバドリーム,2,9,0.0,0.0,9.8889,7,0.0
ニシノニチリン,1,9,0.0,0.1111,5.6667,7,0.0
プチットマドレーヌ,1,9,0.0,0.2222,4.7778,7,0.0
セプドール,1,9,0.0,0.0,12.0,7,0.0
アドマイヤウイング,3,9,0.0,0.0,12.4444,7,0.0
ダノンキャンディ,1,9,0.0,0.1111,6.1111,7,0.0
フロレンザール,2,9,0.2222,0.3333,6.7778,7,0.5
ダイワリプルス,1,9,0.1111,0.2222,5.4444,23,0.0
ミッドサマーコモン,3,9,0.0,0.0,10.6667,7,0.0
サクラフーガ,2,9,0.0,0.0,11.5556,7,0.0
サトノコメット,2,9,0.0,0.3333,5.6667,7,0.0
サクラメジャー,1,9,0.1111,0.6667,3.8889,7,0.0
サザンウェルズ,3,9,0.0,0.0,11.8889,7,0.0
クラシックヴィオラ,1,9,0.0,0.1111,7.3333,7,0.0
クラシックセーラ,2,9,0.0,0.0,10.4444,7,0.0
ミニレイスター,1,9,0.0,0.0,9.3333,7,0.0
ミナスジェライス,1,9,0.0,0.0,7.6667,7,0.0
サトノフェアリー,2,9,0.0,0.0,11.2222,7,0.0
トーアミッシェル,3,9,0.0,0.0,13.0,7,0.0
トーアタマテバコ,2,9,0.0,0.0,11.2222,7,0.0
ファインミスト,1,9,0.0,0.0,10.1111,7,0.0
Divine Power,1,9,0.0,0.0,8.2222,7,0.0
ノーブルプルート,2,9,0.1111,0.2222,8.1111,7,0.0
ヒシアスカ,1,9,0.1111,0.1111,9.1111,67,0.0
ウィッシングタイム,2,9,0.0,0.0,8.4444,7,0.0
ヒラボクフレンチ,2,9,0.0,0.0,10.3333,7,0.0
ダンシングサンデー,2,9,0.0,0.0,10.2222,7,0.0
パワーフレーズ,2,9,0.0,0.2222,8.1111,7,0.0
ハートオブスワロー,1,9,0.0,0.2222,5.7778,7,0.0
ハートリーフ,2,9,0.0,0.0,9.5556,7,0.0
レットハーゴー,2,9,0.0,0.1111,8.0,7,0.0
アイチャン,2,9,0.0,0.1111,9.3333,7,0.0
ミフユ,1,9,0.0,0.0,9.5556,7,0.0
Dressed In Fur,1,9,0.0,0.4444,4.4444,7,0.0
サルール,2,9,0.0,0.2222,5.5556,7,0.0
セトアンゼラ,2,9,0.0,0.1111,10.6667,7,0.0
セラドン,2,9,0.2222,0.2222,9.1111,15,1.0
ローザビアンカ,4,9,0.1111,0.2222,9.3333,7,0.0
サマーセント,1,9,0.2222,0.7778,3.0,7,0.0
Royal Crystal,1,9,0.1111,0.2222,9.6667,7,0.0
レッドアンジェリカ,2,9,0.0,0.0,11.5556,7,0.0
Sambuca Classica,1,9,0.0,0.1111,6.5556,7,0.0
ウインミネルヴァ,1,9,0.1111,0.1111,9.6667,7,0.0
ライムライト,1,9,0.0,0.2222,6.2222,7,0.0
マイネウェリナ,2,9,0.0,0.0,7.7778,7,0.0
サラキア,2,9,0.1111,0.2222,7.1111,7,0.5
クノイチ,2,9,0.0,0.3333,7.2222,7,0.0
アイムユアーズ2,2,9,0.2222,0.5556,5.3333,7,0.0
トップルビー,1,9,0.0,0.0,10.6667,7,0.0
エキセントリック,1,9,0.0,0.1111,8.3333,7,0.0
エオスモン,2,9,0.0,0.0,9.2222,7,0.0
ヤンチャヒメ,2,9,0.0,0.3333,7.0,7,0.0
サンセットバレー,2,9,0.0,0.0,13.6667,7,0.0
Running Bobcats,2,9,0.0,0.1111,8.6667,7,0.0
Roz,1,9,0.0,0.0,10.6667,7,0.0
サンチャゴボラーレ,2,9,0.0,0.1111,11.0,7,0.0
Line Ahead,1,9,0.1111,0.2222,7.5556,7,0.0
スープミント,3,9,0.0,0.0,13.3333,7,0.0
プリティコンシエロ,2,9,0.0,0.0,10.6667,7,0.0
セットインモーション,1,9,0.0,0.0,12.3333,7,0.0
セイクリッドサイト,1,9,0.2222,0.6667,4.1111,7,0.0
セブンバイセブン,1,9,0.0,0.0,8.6667,7,0.0
サンマルリトリート,1,9,0.0,0.7778,2.6667,7,0.0
クイーンステッラ,1,9,0.0,0.1111,6.7778,7,0.0
クイーンフラワー,2,9,0.0,0.0,10.7778,7,0.0
ファミリアーリング,1,9,0.0,0.0,10.3333,23,0.0
ファビラスターン,2,9,0.0,0.1111,9.8889,7,0.0
ダンサール,1,9,0.2222,0.5556,6.0,7,0.0
ダンスグルーヴィ,2,9,0.1111,0.4444,4.6667,7,0.0
ダンスカーニバル,2,9,0.0,0.2222,8.8889,7,0.0
ダンスインザムーン,1,9,0.0,0.0,12.7778,7,0.0
ズッチーナ,2,9,0.0,0.1111,11.3333,7,0.0
プランサー,2,9,0.0,0.0,6.3333,7,0.0
ロイヤルソード,1,9,0.0,0.0,11.0,7,0.0
ファウンテンジョイ,3,9,0.1111,0.3333,7.4444,7,0.0
アースラブーム,1,9,0.0,0.0,8.8889,7,0.0
アーバンベルノ,1,9,0.0,0.3333,4.4444,7,0.0
ラフメイカー,2,9,0.2222,0.4444,5.6667,7,0.5
シアトルギャル,1,9,0.0,0.0,8.3333,7,0.0
ヤマニンボンプアン,2,9,0.0,0.1111,9.6667,7,0.0
エクスキタテヤマ,2,9,0.0,0.0,13.2222,7,0.0
ヤマニンフェリーヌ,1,9,0.0,0.0,10.4444,43,0.0
プリティーピュティ,1,9,0.0,0.0,8.7778,7,0.0
アデレードシチー,1,9,0.0,0.1111,11.4444,23,0.0
リセエンヌ,2,9,0.0,0.2222,7.3333,7,0.0
ダンツマジック,1,9,0.0,0.2222,10.1111,23,0.0
チアズディライト,1,9,0.0,0.0,9.7778,7,0.0
ミヤビアゼリア,2,9,0.0,0.0,10.8889,7,0.0
ミヤジヴィジェ,2,9,0.1111,0.1111,7.7778,7,0.0
シゲルオセンノカタ,1,9,0.0,0.1111,9.7778,7,0.0
シゲルアタゴヤマ,3,9,0.0,0.0,12.6667,7,0.0
トウホープログレス,2,9,0.1111,0.3333,6.0,23,0.0
トシザキミ,2,9,0.0,0.0,14.4444,7,0.0
ファーマソフト,2,9,0.0,0.1111,7.5556,7,0.0
ギオンゴールド,1,9,0.1111,0.2222,9.1111,7,0.0
ギフト,1,9,0.0,0.0,7.2222,7,0.0
シグルーン,1,9,0.1111,0.1111,7.0,7,0.0
ポッドローザ,1,9,0.0,0.0,9.0,7,0.0
シムシマー,2,9,0.0,0.2222,9.2222,7,0.0
フリートバーティー,2,9,0.2222,0.5556,5.5556,7,0.0
イントリーグ,1,9,0.0,0.0,9.4444,7,0.0
ハシルモーガン,2,9,0.0,0.2222,10.0,7,0.0
スールマカロン,2,9,0.0,0.0,7.1111,7,0.0
プリムローズイヴ,1,9,0.0,0.0,8.4444,131,0.0
ヴィルヌーヴ,2,9,0.0,0.4444,7.1111,7,0.0
Bedecked,2,9,0.0,0.1111,9.0,7,0.0
パレスレディー,2,9,0.1111,0.2222,9.5556,7,0.0
ラヴァリーズーム,1,9,0.2222,0.4444,3.3333,7,0.0
アルコイリス,3,9,0.0,0.0,10.7778,7,0.0
アルアメント,2,9,0.0,0.2222,7.8889,7,0.0
アイロニック,2,9,0.0,0.0,12.2222,7,0.0
ミラクルラブ,2,9,0.0,0.0,10.7778,7,0.0
シャインパーミット,3,9,0.1111,0.2222,9.0,7,0.0
シャリマ,3,9,0.0,0.2222,9.0,7,0.0
トウカイレーヌ,3,9,0.0,0.1111,9.1111,7,0.0
ニシノリリアンヌ,1,9,0.1111,0.2222,7.1111,7,0.0
ヒシガーネット,3,9,0.0,0.0,11.4444,7,0.0
ラッキーガール,2,9,0.0,0.1111,10.1111,23,0.0
アマゾーヌ,1,9,0.0,0.0,8.4444,7,0.0
アポロサミット,1,9,0.0,0.0,11.0,7,0.0
Charlie Em,1,9,0.0,0.0,9.2222,7,0.0
キーチェスターバーン,3,9,0.1111,0.1111,11.8889,7,0.0
アウトスマート,3,9,0.0,0.0,10.3333,7,0.0
ミリッサ,2,9,0.0,0.3333,6.8889,7,0.0
ボストンパール,2,9,0.0,0.0,11.4444,7,0.0
エスシーハンコック,2,9,0.0,0.0,10.7778,7,0.0
ファーマフレア,2,9,0.0,0.0,14.2222,7,0.0
トゥトシールールズ,1,9,0.0,0.2222,7.8889,7,0.0
フィニフティ,1,9,0.2222,0.5556,4.5556,15,1.0
キョウワジュテーム,1,9,0.0,0.1111,9.5556,7,0.0
キョウワエンプレス,4,9,0.0,0.0,15.3333,7,0.0
キョウワアマテラス,2,9,0.0,0.0,9.7778,7,0.0
カドリーユ,3,9,0.0,0.4444,4.1111,7,0.0
プリンセスオーロラ,2,9,0.0,0.0,13.0,7,0.0
スマートメビウス,2,9,0.0,0.0,13.1111,7,0.0
プリティローズ,3,9,0.0,0.1111,9.2222,7,0.0
ロイヤルウェーブ,3,9,0.1111,0.3333,9.0,7,0.0
Luna Rosa,1,9,0.0,0.0,12.1111,7,0.0
キュアロージズ,2,9,0.0,0.0,6.5556,7,0.0
キューンハイト,2,9,0.1111,0.1111,8.7778,7,0.0
キューバンダンス,3,9,0.0,0.0,12.4444,7,0.0
パーリオミノル,1,9,0.0,0.3333,6.2222,7,0.0
イブキフリッカー,2,9,0.0,0.0,12.3333,7,0.0
ラッタッタ,1,9,0.0,0.4444,6.2222,7,0.0
ハピシン,1,9,0.0,0.2222,6.3333,7,0.0
ショーハイウェイ,3,9,0.0,0.0,11.1111,7,0.0
ホーマンシュテルン,4,9,0.0,0.0,14.3333,7,0.0
ショウナンアズサ,2,9,0.0,0.0,13.0,7,0.0
カノヤグッドラック,2,9,0.1111,0.3333,7.3333,7,0.5
ラコロネル,3,9,0.2222,0.6667,3.3333,7,0.0
ミンナノプリンセス,2,9,0.0,0.0,8.3333,7,0.0
Eltimaas,2,9,0.2222,0.2222,8.6667,7,0.0
Elle Gala,1,9,0.0,0.5556,4.0,7,0.0
Elizabeth Browning,1,9,0.4444,0.5556,5.7778,7,0.0
ヤマニンアンプリメ,1,9,0.1111,0.2222,5.0,7,0.0
キャリサガ,2,9,0.1111,0.4444,5.5556,7,0.0
キャーントストップ,1,9,0.0,0.1111,10.0,7,0.0
ホワイトホーネット,3,9,0.0,0.1111,8.3333,7,0.0
シルバーネックレス,2,9,0.0,0.0,9.6667,7,0.0
シルクグラフィック,2,9,0.0,0.1111,11.3333,7,0.0
シルクスウィフト,3,9,0.0,0.0,10.0,7,0.0
シンカンキヨフジ,1,9,0.0,0.1111,9.7778,7,0.0
シルクプロミス,2,9,0.0,0.1111,10.7778,7,0.0
デルマタビダチ,2,9,0.0,0.2222,8.0,7,0.0
リメンバーユー,2,9,0.0,0.0,8.4444,7,0.0
アキノグラン,2,9,0.0,0.1111,8.5556,7,0.0
Height of Elegance,1,9,0.0,0.1111,7.7778,7,0.0
アッサムヒル,2,9,0.0,0.1111,9.4444,7,0.0
アテーナーズブレス,1,9,0.0,0.0,10.7778,7,0.0
メイショウフント,1,9,0.0,0.3333,4.5556,7,0.0
カネトシエターナル,3,9,0.0,0.0,10.7778,7,0.0
アガラデイ,1,9,0.0,0.5556,5.8889,7,0.0
リミウッド,1,9,0.0,0.0,9.1111,43,0.0
シンジルキボウアイ,3,9,0.0,0.0,11.1111,7,0.0
ホウライマドンナ,2,9,0.0,0.0,12.6667,7,0.0
Practice,1,9,0.0,0.2222,7.4444,7,0.0
ヴィスペッツァ,1,9,0.0,0.2222,8.6667,7,0.0
Bluegrass Sara,1,9,0.3333,0.4444,4.2222,7,0.0
フィールドスピカ,4,9,0.1111,0.2222,9.6667,7,0.0
アリアローズ,2,9,0.0,0.0,12.0,7,0.0
エジード,2,9,0.0,0.0,9.4444,7,0.0
ハナショウブ,3,9,0.0,0.1111,11.1111,7,0.0
スプリングガーベラ,2,9,0.0,0.2222,7.7778,7,0.0
スマイルトゥゲザー,2,9,0.0,0.2222,7.2222,7,0.0
チェリーグレイス,3,9,0.0,0.0,11.1111,7,0.0
ホッコーソレイユ,2,9,0.0,0.0,10.7778,7,0.0
キャスパリーグ,1,9,0.0,0.0,8.1111,7,0.0
ビジーリジー,2,9,0.0,0.0,10.2222,7,0.0
アンジュデジール,2,9,0.1111,0.3333,6.0,7,0.0
アントハッティー,2,9,0.0,0.3333,7.4444,7,0.0
ラウンドガール,2,9,0.0,0.0,11.3333,7,0.0
ラウドヴォイス,1,9,0.0,0.0,6.6667,23,0.0
シーズガットゲイム,1,9,0.0,0.0,10.8889,23,0.0
アグネスクイーン,1,9,0.0,0.0,8.4444,7,0.0
カリ,3,9,0.0,0.2222,7.7778,7,0.0
カフェアリアドネ,1,9,0.2222,0.4444,6.4444,7,0.0
カヤドーミーティア,3,9,0.0,0.0,13.0,7,0.0
カモンビューティー,2,9,0.0,0.1111,10.0,7,0.0
エーシンセノーテ,3,9,0.0,0.1111,9.8889,7,0.0
モカチョウサン,2,9,0.0,0.0,9.7778,7,0.0
エヴァソーライトリー,1,9,0.1111,0.2222,7.2222,7,0.0
チェリーメドゥーサ,3,9,0.0,0.0,12.0,7,0.0
Only First Class,1,9,0.0,0.2222,7.6667,7,0.0
シードラゴン,2,9,0.1111,0.2222,7.3333,7,0.0
Every Nice Girl,2,9,0.0,0.0,11.1111,7,0.0
デイトライン,2,9,0.2222,0.3333,7.6667,7,0.5
フェアリーライン,2,9,0.0,0.0,8.8889,7,0.0
エパティック,2,9,0.0,0.0,10.1111,7,0.0
エスパージョー,1,9,0.0,0.3333,6.2222,7,0.0
シーユーサンデー,3,9,0.0,0.0,11.0,7,0.0
ストロベリーフィル,1,9,0.0,0.6667,4.0,7,0.0
スノードリーム,3,9,0.0,0.0,9.3333,7,0.0
レーサ,2,9,0.0,0.0,11.1111,7,0.0
ペルルクロシュ,2,9,0.0,0.0,9.4444,7,0.0
ペラフィネ,1,9,0.1111,0.6667,4.4444,7,0.0
エネルバ,3,9,0.0,0.0,11.8889,7,0.0
Falling Rain,1,9,0.0,0.0,8.4444,7,0.0
ペプチドプレシャス,2,9,0.0,0.0,9.5556,7,0.0
ジェノア,4,9,0.0,0.0,12.3333,7,0.0
キッズチェイサー,2,9,0.0,0.0,8.8889,7,0.0
キネオマドンナ,2,9,0.0,0.0,9.7778,7,0.0
ディアベビードール,1,9,0.0,0.1111,12.3333,7,0.0
ディオーサシチー,3,9,0.1111,0.1111,10.6667,7,0.3333
フェリシダーデス,1,9,0.0,0.0,10.7778,7,0.0
テールトゥノーズ,2,9,0.0,0.2222,10.1111,7,0.0
キタサンテンニョ,2,9,0.0,0.0,10.2222,7,0.0
ペイシャリサ,2,9,0.0,0.0,11.6667,7,0.0
Out of Goodbyes,1,9,0.2222,0.4444,5.7778,7,0.0
ネヴァセイネヴァー,3,9,0.0,0.0,13.0,7,0.0
レムミラス,3,9,0.0,0.0,12.0,7,0.0
Midnight Crossing,1,9,0.2222,0.5556,4.8889,15,1.0
Memories for Us,1,9,0.1111,0.2222,7.8889,7,0.0
プレステッツァ,1,9,0.0,0.1111,5.5556,7,0.0
フラワーホーラー,1,9,0.0,0.1111,11.4444,23,0.0
チャッターリップス,1,9,0.3333,0.4444,6.5556,23,0.0
モアナブルー,1,9,0.0,0.0,11.4444,7,0.0
キタサンベッキー,2,9,0.0,0.0,6.3333,7,0.0
ベルリンガー,2,9,0.1111,0.3333,7.8889,7,0.0
ラブターボ,2,9,0.0,0.0,12.5556,7,0.0
ラブステイシー,2,9,0.0,0.0,9.7778,7,0.0
ラッキーミシェロ,3,9,0.0,0.1111,11.5556,7,0.0
テレサザティーチャ,4,9,0.0,0.0,10.3333,7,0.0
テレキネシス,4,9,0.0,0.1111,11.3333,7,0.0
モーニングニュース,1,9,0.1111,0.2222,8.3333,7,0.0
エリザベートアスク,2,9,0.0,0.0,9.5556,7,0.0
フェーヴ,2,9,0.0,0.1111,9.6667,7,0.0
フェールデュビアン,1,9,0.0,0.1111,8.2222,7,0.0
スノーイルナ,3,9,0.0,0.0,9.8889,7,0.0
ハイヌーン,3,9,0.0,0.0,12.4444,7,0.0
ハイドラン,2,9,0.3333,0.7778,2.7778,7,0.5
アムールエテルネル,3,9,0.0,0.1111,10.5556,7,0.0
フューチャシャトル,1,9,0.1111,0.3333,7.4444,7,0.0
ベルモントナウシカ,1,9,0.1111,0.5556,4.0,7,0.0
ベルモントキーラ,2,9,0.0,0.1111,9.0,7,0.0
メイショウアツヒメ,3,9,0.0,0.1111,11.8889,7,0.0
メイショウアサガオ,2,9,0.0,0.1111,9.3333,7,0.0
テディベア,2,9,0.0,0.1111,8.5556,7,0.0
ベルベットカフェ,2,9,0.0,0.2222,9.2222,7,0.0
ジョウノエンジェル,1,9,0.1111,0.5556,4.8889,7,0.0
Never Grow Old,1,9,0.0,0.2222,7.1111,7,0.0
Neuquen,1,9,0.1111,0.4444,5.6667,7,0.0
Oleanda Avenue,1,9,0.0,0.4444,7.5556,7,0.0
Ocean Drive,1,9,0.1111,0.1111,7.8889,23,0.0
ガーリッシュハート,3,9,0.0,0.0,11.4444,7,0.0
ガーネットビコー,3,9,0.0,0.0,13.2222,7,0.0
ストレプトカーパス,2,9,0.0,0.1111,8.6667,7,0.0
ネローリ,3,9,0.0,0.0,12.6667,7,0.0
ノチェブランカ,2,9,0.4444,0.6667,3.5556,7,0.5
ノクターン,1,9,0.0,0.2222,6.6667,131,0.0
ローズキャサリン,3,9,0.0,0.0,12.4444,7,0.0
ローズオブダイヤ,1,9,0.0,0.2222,7.5556,7,0.0
ガイアアーティスト,1,9,0.0,0.1111,8.6667,7,0.0
テツユックン,2,9,0.0,0.0,8.7778,7,0.0
テイクオンミー,1,9,0.1111,0.4444,7.4444,7,0.0
フォーエバーダンス,2,9,0.0,0.0,10.5556,7,0.0
アヤナベル,3,9,0.0,0.1111,10.3333,7,0.0
ジーク,3,9,0.0,0.0,10.4444,7,0.0
レトロトウショウ,4,9,0.0,0.0,14.2222,7,0.0
カラマンシー,3,9,0.0,0.0,12.7778,7,0.0
ストラティフィケーション,2,9,0.1111,0.3333,8.8889,7,0.0
ジョーマリコ,2,9,0.0,0.5556,6.8889,7,0.0
スイートガガ,1,9,0.0,0.1111,10.5556,7,0.0
ベルグポルカ,2,9,0.0,0.0,11.1111,7,0.0
フォーティマジック,2,9,0.0,0.1111,9.5556,7,0.0
リバルドソナタ,2,9,0.0,0.3333,6.8889,7,0.0
アシャカダイキ,2,9,0.0,0.2222,5.4444,7,0.0
スイートニコラシカ,1,9,0.0,0.0,12.7778,7,0.0
スウォードデジタル,3,9,0.0,0.0,10.0,7,0.0
ウインクルサルーテ,2,9,0.0,0.1111,8.4444,7,0.0
テイエスサクランボ,2,9,0.0,0.2222,11.2222,7,0.0
テイエムブリランテ,1,9,0.0,0.0,6.1111,7,0.0
エレガントテソーロ,2,9,0.0,0.1111,7.8889,7,0.0
モズツドイ,2,9,0.0,0.0,10.8889,7,0.0
エルヴァス2,1,9,0.2222,0.5556,4.7778,7,0.0
ヘラルド,1,9,0.0,0.0,9.2222,7,0.0
スタッドドフランス,2,9,0.0,0.2222,8.5556,7,0.0
スターキャンドル,2,9,0.0,0.1111,8.8889,7,0.0
ヘイセイエルザ,1,9,0.0,0.0,8.8889,23,0.0
ティープリーズ,1,9,0.0,0.0,8.2222,7,0.0
スカイトウショウ,2,9,0.0,0.0,8.8889,7,0.0
カーティバル,1,9,0.0,0.1111,7.6667,7,0.0
カーラ,1,9,0.0,0.1111,8.8889,23,0.0
メイショウオッチモ,2,9,0.0,0.0,11.5556,7,0.0
メイショウコズエ,2,9,0.0,0.0,10.3333,7,0.0
ハエヌキ,1,9,0.1111,0.1111,9.3333,7,0.0
ティーゲット,2,9,0.0,0.1111,9.1111,7,0.0
フサイチモナコ,1,9,0.0,0.0,8.0,7,0.0
ティランジア,2,9,0.0,0.1111,8.0,7,0.0
ツキノテンシ,3,9,0.0,0.1111,9.4444,7,0.0
フライングティパット,2,9,0.1111,0.1111,8.4444,7,0.5
フューチャーベース,2,9,0.0,0.5556,5.2222,7,0.0
エレガントマリー,2,9,0.0,0.0,11.5556,7,0.0
ベアインマインド,2,9,0.2222,0.6667,3.3333,7,0.0
ヘーザ,2,9,0.0,0.2222,8.1111,7,0.0
レディルー,2,9,0.0,0.0,11.0,7,0.0
Moravia,1,9,0.0,0.1111,9.0,131,0.0
スズカアンゼラ,2,9,0.1111,0.1111,10.3333,7,0.0
スズカセレナード,1,9,0.0,0.0,10.2222,7,0.0
スズカミンクス,3,9,0.0,0.0,12.0,7,0.0
スケアヘッドライン,1,9,0.1111,0.3333,7.0,7,0.0
レディー,2,9,0.0,0.0,11.3333,7,0.0
ヘヴンズカーニバル,1,9,0.0,0.4444,3.4444,7,0.0
ツバキエンジェル,1,9,0.1111,0.5556,4.5556,7,0.0
ローズトレイル,1,9,0.1111,0.3333,5.6667,7,0.0
カワカミパイン,2,9,0.0,0.0,14.8889,7,0.0
カルチェラタン,3,9,0.0,0.0,14.1111,7,0.0
グラッドハンド,3,9,0.0,0.1111,12.7778,7,0.0
ルナルナ,3,9,0.0,0.0,12.5556,7,0.0
Astral Favor,1,9,0.0,0.0,11.4444,7,0.0
バンパークロップ,2,9,0.0,0.2222,8.3333,7,0.0
バラダガール,1,9,0.3333,0.6667,5.1111,7,0.0
アームズレングス,2,9,0.0,0.5556,4.8889,7,0.0
バレエシューズ2,2,8,0.125,0.5,6.75,7,0.0
アールマティーニ,2,8,0.0,0.0,11.0,7,0.0
ノイエクローネ,2,8,0.0,0.0,8.875,7,0.0
タマモジャイブ,3,8,0.0,0.125,9.375,7,0.0
ヴュルデバンダム,2,8,0.0,0.125,8.75,7,0.0
ウェディングタイム,1,8,0.0,0.25,6.125,7,0.0
グレイスカノン,1,8,0.0,0.125,11.125,7,0.0
マンダラキッス,2,8,0.0,0.0,11.0,7,0.0
メイショウシュウカ,2,8,0.0,0.0,12.375,7,0.0
メイショウジビュス,3,8,0.0,0.0,13.375,7,0.0
カワカミパウダー,2,8,0.0,0.0,12.125,7,0.0
ローズシュクレ,2,8,0.0,0.25,8.5,7,0.0
Golden Dawn,1,8,0.125,0.25,5.5,7,0.0
Missunited,1,8,0.5,0.875,3.25,7,0.0
Moon Pie,1,8,0.0,0.0,8.25,7,0.0
ブランシェリー,1,8,0.125,0.25,7.375,67,0.0
マルディグラ,2,8,0.0,0.0,13.25,7,0.0
Tee Off,1,8,0.0,0.0,7.25,7,0.0
Tejida,1,8,0.25,0.25,7.125,23,0.0
アポロサティー,1,8,0.0,0.0,12.625,7,0.0
オルニス,2,8,0.0,0.0,13.25,7,0.0
アンナドンナ,1,8,0.0,0.0,9.625,7,0.0
アンネリース,2,8,0.0,0.0,11.375,7,0.0
J'Aime,1,8,0.0,0.0,10.0,7,0.0
アロングザシー,3,8,0.0,0.125,6.75,7,0.0
ビーチデバカンス,2,8,0.0,0.0,13.5,7,0.0
ナンナ,2,8,0.0,0.0,13.0,7,0.0
スコールイ,1,8,0.0,0.0,13.125,23,0.0
ススメヨンマル,2,8,0.0,0.0,13.375,7,0.0
ヘーラー,2,8,0.0,0.0,11.875,7,0.0
フライングレディ,2,8,0.0,0.0,10.625,7,0.0
フラガリア,2,8,0.0,0.0,9.375,7,0.0
エレナバレー,2,8,0.0,0.0,11.375,7,0.0
ヘルディン,1,8,0.125,0.25,8.875,15,1.0
スターリーステージ,2,8,0.0,0.25,5.625,7,0.0
スターローズ,1,8,0.0,0.0,8.875,7,0.0
スターヴェガ,2,8,0.0,0.0,11.0,7,0.0
グラミスキャッスル,2,8,0.0,0.0,8.375,7,0.0
マンジュデンレッド,1,8,0.0,0.125,7.75,43,0.0
フジダイヤ,1,8,0.0,0.125,9.875,67,0.0
ティーエスクライ,3,8,0.0,0.0,12.375,7,0.0
ハウリング,2,8,0.0,0.375,6.375,7,0.0
ヒカルデートライン,2,8,0.0,0.125,11.125,7,0.0
Moonlight Lover,1,8,0.125,0.125,5.75,7,0.0
スカーリイベイビー,2,8,0.0,0.125,7.625,7,0.0
ビワプリムラ,1,8,0.0,0.0,11.125,7,0.0
ビーナスオンシェル,2,8,0.0,0.0,12.75,7,0.0
Taboo,1,8,0.25,0.5,6.0,7,0.0
マリノトップレディ,2,8,0.0,0.0,11.625,7,0.0
Turtle Creek Babe,1,8,0.125,0.25,5.75,23,0.0
Twice the Lady,1,8,0.0,0.125,8.25,7,0.0
グレイトフルデッド,2,8,0.0,0.0,9.625,7,0.0
マルターズクラシカ,1,8,0.0,0.0,13.625,7,0.0
ターフウォー,1,8,0.125,0.125,7.75,7,0.0
ケースバイケース,2,8,0.0,0.0,10.5,7,0.0
ケルヴィテッセ,3,8,0.0,0.125,10.125,7,0.0
カールブライトリー,2,8,0.0,0.125,10.25,7,0.0
ベスヴィアス,2,8,0.0,0.0,7.75,7,0.0
スウィートラブミー,4,8,0.0,0.0,11.125,7,0.0
プーシー,1,8,0.0,0.125,8.75,7,0.0
ステイホット,2,8,0.125,0.625,4.875,7,0.0
スタンドオンエンド,2,8,0.125,0.125,8.625,7,0.0
スタンリープール,3,8,0.0,0.0,13.0,7,0.0
メイショウコバコ,1,8,0.0,0.25,6.5,7,0.0
ケイアイシャープ,2,8,0.0,0.0,13.0,7,0.0
ケツァール,1,8,0.0,0.25,5.5,7,0.0
クードメイトル,1,8,0.25,0.5,4.0,7,0.0
マーヤナ,1,8,0.0,0.0,13.75,7,0.0
マーティンルナ,2,8,0.0,0.0,12.5,7,0.0
グレースシルエット,1,8,0.0,0.0,11.75,23,0.0
ラプソディーア,2,8,0.125,0.125,10.375,7,0.5
ウォーニングムスメ,2,8,0.0,0.0,9.5,7,0.0
ピアチェモルト,1,8,0.0,0.0,10.25,7,0.0
ラヴマリッジ,1,8,0.0,0.0,10.625,7,0.0
ニットウビュー,2,8,0.0,0.0,14.625,7,0.0
ビアンカネーヴェ,2,8,0.0,0.125,10.25,7,0.0
ヌーヴォモンド,3,8,0.0,0.125,11.0,7,0.0
スウィートショット,2,8,0.125,0.125,7.75,7,0.0
カワキタロック,2,8,0.0,0.0,7.875,7,0.0
ラピカラ,1,8,0.0,0.0,10.875,7,0.0
ラファイエ,2,8,0.0,0.0,11.375,7,0.0
イシノビリーヴミー,2,8,0.0,0.0,9.75,7,0.0
オレンジアベニュー,2,8,0.0,0.0,13.125,7,0.0
K. D.'s Shady Lady,1,8,0.0,0.25,7.125,7,0.0
Kadiania,1,8,0.0,0.0,8.375,7,0.0
ロドリコティアラ,1,8,0.0,0.125,6.625,7,0.0
ターフィー,1,8,0.0,0.0,13.375,7,0.0
タカラフローリック,2,8,0.0,0.375,7.875,7,0.0
アングルティール,2,8,0.0,0.125,8.5,7,0.0
アレイヴィングビューティ,4,8,0.0,0.0,10.375,7,0.0
レディフェアリー,2,8,0.0,0.0,11.375,7,0.0
リバイバルガール,1,8,0.0,0.0,10.75,115,0.0
リバティハイツ,1,8,0.125,0.375,5.625,7,0.0
リバークルーズ,2,8,0.0,0.0,12.0,7,0.0
モルフェフラウア,1,8,0.0,0.0,8.25,7,0.0
モルフェホープ,1,8,0.0,0.125,10.125,7,0.0
ヘリオポーズ,1,8,0.0,0.125,8.125,7,0.0
フサイチエレガンス,2,8,0.0,0.0,12.5,7,0.0
ラマンサニステル,2,8,0.0,0.0,10.0,7,0.0
ワールドオンライン,1,8,0.0,0.0,9.25,7,0.0
クロランサス,2,8,0.125,0.125,6.5,7,0.0
マヤノロゼッタ,3,8,0.0,0.0,13.875,7,0.0
ウォーターボヌール,2,8,0.0,0.0,10.625,7,0.0
ウィンヒストリー,1,8,0.0,0.125,12.5,7,0.0
ベルキューティ,2,8,0.0,0.25,6.25,7,0.0
アズサローレル,2,8,0.0,0.0,13.0,7,0.0
アジャーニ,1,8,0.0,0.125,7.875,7,0.0
アスカリアン,2,8,0.0,0.0,9.25,7,0.0
アスキットユミ,2,8,0.0,0.0,11.5,7,0.0
スターリングブルス,1,8,0.125,0.375,7.125,7,0.0
Miss Emilia,1,8,0.0,0.375,5.375,7,0.0
レナプリンセス,2,8,0.0,0.0,12.5,7,0.0
スウィートピカンテ,1,8,0.0,0.5,4.625,7,0.0
ルーチェソラーレ,1,8,0.125,0.5,5.25,7,0.0
ナムラコウラン,1,8,0.0,0.0,6.875,43,0.0
ナムラダンサー,1,8,0.0,0.0,11.5,7,0.0
ターフェルムジーク,2,8,0.125,0.375,7.5,7,0.0
Island Escape,1,8,0.125,0.375,7.0,7,0.0
タガノアイル,1,8,0.0,0.125,8.5,7,0.0
ジーシスター,2,8,0.0,0.0,12.625,7,0.0
テイエムリヴィエラ,3,8,0.0,0.0,10.625,7,0.0
フォーエバーワン,2,8,0.0,0.0,12.875,7,0.0
エリモドリーム,1,8,0.0,0.0,9.375,43,0.0
エリモエクセレント,2,8,0.0,0.125,8.75,7,0.0
メイショウウケヅキ,1,8,0.0,0.0,7.875,7,0.0
Game Zone,1,8,0.125,0.25,9.25,7,0.0
Verbose,1,8,0.0,0.125,6.75,7,0.0
マヤチャン,2,8,0.0,0.0,9.75,7,0.0
Stylish Society,1,8,0.0,0.125,7.375,67,0.0
Summer On the Lawn,1,8,0.125,0.25,6.375,7,0.0
ゲットザピクチャー,2,8,0.0,0.25,8.375,7,0.0
ゲイルマイラブ,3,8,0.0,0.0,13.25,7,0.0
コウエイラブリー,2,8,0.125,0.125,6.25,7,0.0
コウエイレディー,2,8,0.0,0.125,8.75,7,0.0
ワンダープレッセル,3,8,0.0,0.0,13.25,7,0.0
ストリートバンド,1,8,0.25,0.375,4.75,7,0.0
ストレイシープ,2,8,0.0,0.125,6.875,7,0.0
Officer Leah,1,8,0.125,0.5,5.625,7,0.0
レディバゴ,2,8,0.0,0.125,9.875,7,0.0
ジョープシケ,1,8,0.0,0.25,9.875,7,0.0
ジョプリンガール,1,8,0.0,0.0,13.375,7,0.0
ジョインザフロウ,1,8,0.0,0.0,5.75,7,0.0
レフア,3,8,0.0,0.0,12.375,7,0.0
スターポケット,2,8,0.0,0.0,12.75,7,0.0
レアパール,1,8,0.125,0.25,6.75,7,0.0
ブリージーウッズ,2,8,0.0,0.375,7.5,7,0.0
ブリーズトウショウ,3,8,0.0,0.0,12.375,7,0.0
ロックディスタウン,1,8,0.125,0.5,4.125,7,0.0
Jillnextdoor,1,8,0.125,0.125,7.375,7,0.0
アニエラ,1,8,0.125,0.25,8.125,7,0.0
アドラータ,1,8,0.0,0.25,7.0,7,0.0
バトルレジナ,2,8,0.0,0.125,9.5,7,0.0
フォロミーバゴ,2,8,0.125,0.375,6.75,7,0.0
テンシノウタ,2,8,0.0,0.25,9.25,7,0.0
ガーデンパラダイス,1,8,0.125,0.125,8.125,7,0.0
アサカワアゲン,2,8,0.0,0.0,11.625,7,0.0
ジュリアー,4,8,0.0,0.0,10.0,7,0.0
Catwalk,1,8,0.25,0.5,4.25,7,0.0
Buzkashi,1,8,0.0,0.125,7.625,7,0.0
エンジェルラブ,1,8,0.0,0.0,12.5,7,0.0
パドプロブレム,2,8,0.125,0.125,10.875,7,0.0
パラダイスモデル,1,8,0.0,0.0,8.625,7,0.0
ミスアリバイ,4,8,0.0,0.0,13.375,7,0.0
クロスペンデュラム,1,8,0.0,0.0,8.625,7,0.0
ワールドムーン,2,8,0.0,0.0,10.75,7,0.0
ニシノサチヒメ,1,8,0.0,0.25,5.875,7,0.0
ビューティグロー,2,8,0.0,0.0,14.5,7,0.0
ブルースガール,2,8,0.125,0.25,6.375,7,0.5
ジューンアイリス,2,8,0.0,0.25,8.625,7,0.0
イブニングスカイ,1,8,0.0,0.0,10.75,7,0.0
モードマニア,1,8,0.0,0.25,5.5,43,0.0
フェリーチェシチー,1,8,0.0,0.0,11.25,7,0.0
ピエナメダリスト,3,8,0.0,0.0,10.125,7,0.0
ピアンピアーノ,2,8,0.125,0.25,7.25,7,0.0
ピエナエポナ,2,8,0.0,0.0,9.125,7,0.0
コスモビートアウト,1,8,0.125,0.375,5.375,7,0.0
マックススカラ,1,8,0.0,0.125,11.25,7,0.0
Stella Blue,2,8,0.0,0.0,10.0,7,0.0
Stopshoppingdebbie,1,8,0.625,1.0,1.75,7,0.0
クリーンファンキー,2,8,0.125,0.25,8.625,7,0.0
キタノオドリコ,2,8,0.0,0.0,8.625,7,0.0
フラップアウェイ,1,8,0.0,0.125,9.5,23,0.0
チナンデガ,4,8,0.0,0.0,12.125,7,0.0
モスコーオペラ,1,8,0.0,0.125,6.875,7,0.0
ハクシンライラック,2,8,0.0,0.0,11.875,7,0.0
ミシシッピコースト,2,8,0.0,0.0,9.625,7,0.0
コスモポリタンクイーン,2,8,0.375,0.375,4.375,15,1.0
コスモリバー,2,8,0.0,0.125,8.0,7,0.0
ワンダーポピュレル,2,8,0.0,0.0,9.125,7,0.0
ダイビングガール,2,8,0.0,0.0,11.0,7,0.0
ブライトエンプレス,1,8,0.0,0.0,8.625,7,0.0
ブライトムーン,2,8,0.0,0.0,10.0,7,0.0
タンタビクトリア,2,8,0.0,0.0,10.5,7,0.0
ヒシバラード,3,8,0.0,0.0,8.625,7,0.0
Katina K,1,8,0.0,0.0,6.25,7,0.0
Opulence,1,8,0.125,0.125,10.125,7,0.0
レディシャングリラ,3,8,0.0,0.0,12.0,7,0.0
Nomee,1,8,0.5,0.875,2.125,15,1.0
Nonchalance,1,8,0.25,0.625,3.875,7,0.0
Nothing to Wear,1,8,0.0,0.125,9.125,7,0.0
Nutcracker Suite,2,8,0.125,0.375,6.375,7,0.0
キタノシャンシャン,1,8,0.0,0.25,4.25,7,0.0
キタサンハナミチ,2,8,0.0,0.375,5.75,7,0.0
エペルネ,2,8,0.0,0.0,12.375,7,0.0
エボニーアイボリー,1,8,0.0,0.0,7.5,7,0.0
モーヴサファイア,1,8,0.0,0.0,9.125,7,0.0
L' Age d'Or,1,8,0.25,0.75,4.5,7,0.0
ヨクバリージョ,1,8,0.0,0.0,9.375,7,0.0
ヨシノファルコン,1,8,0.125,0.25,7.625,7,0.0
マッキーハピネス,1,8,0.0,0.0,11.5,7,0.0
コンダクトレス,2,8,0.25,0.375,5.75,7,0.0
コンキスタドレス,2,8,0.0,0.0,11.125,7,0.0
Star Billing,1,8,0.125,0.375,8.875,7,0.0
レイナグラシア,2,8,0.0,0.0,11.0,7,0.0
ミスケリー,1,8,0.0,0.0,9.5,7,0.0
ディアパヴォーネ,2,8,0.0,0.0,7.75,7,0.0
ペプチドプラム,2,8,0.25,0.25,6.5,7,0.0
ペプチドリリー,1,8,0.125,0.125,11.125,15,1.0
Exogenetic,1,8,0.125,0.375,5.5,7,0.0
ワイオリ,2,8,0.0,0.0,10.125,7,0.0
Embur's Song,1,8,0.0,0.25,6.0,7,0.0
エムオービクトリー,2,8,0.0,0.125,12.0,7,0.0
スパイシーレディー,1,8,0.0,0.0,9.25,23,0.0
エアヴァレナ,2,8,0.0,0.25,8.25,7,0.0
コンフェッシオン,3,8,0.0,0.0,10.625,7,0.0
コンペティションオブアイデアズ,2,8,0.0,0.0,10.5,7,0.0
ミスティック,2,8,0.25,0.25,7.25,15,1.0
インヴァリダ,2,8,0.0,0.0,12.75,7,0.0
インヴィジブルワン,2,8,0.0,0.0,11.875,7,0.0
ノースソング,2,8,0.0,0.0,10.5,7,0.0
マダムヴェステル,2,8,0.125,0.75,3.25,7,0.0
Speedy Sunrise,1,8,0.0,0.125,7.5,7,0.0
ジェイエルノブレス,2,8,0.0,0.0,6.125,7,0.0
カヤドーモトヒメ,1,8,0.0,0.0,8.25,7,0.0
Meadow Mystique,1,8,0.125,0.375,6.375,7,0.0
レンブランサ,2,8,0.0,0.125,8.75,7,0.0
レーシングスパイス,1,8,0.0,0.0,12.5,23,0.0
ストームエンジェル,3,8,0.0,0.125,9.75,7,0.0
アマーレ,1,8,0.0,0.0,8.5,7,0.0
テーオールチア,2,8,0.0,0.375,5.75,7,0.0
ディスカバージャパン,1,8,0.0,0.25,7.5,7,0.0
ドリームライクエマ,2,8,0.0,0.0,8.125,7,0.0
タイキティファニー,3,8,0.0,0.0,13.0,7,0.0
ソヴールトウショウ,2,8,0.0,0.0,12.125,7,0.0
メモリーコロネット,2,8,0.0,0.125,6.375,7,0.0
メモリーサクセス,1,8,0.25,0.375,6.375,7,0.0
オーラオブザムーン,2,8,0.0,0.0,11.875,7,0.0
メガミチャン,1,8,0.0,0.0,9.25,7,0.0
メイプルスピカ,1,8,0.0,0.0,9.875,23,0.0
エナブル,1,8,0.125,0.125,10.75,23,0.0
ディーズプリンセス,2,8,0.0,0.0,10.625,7,0.0
リブレメンテ,3,8,0.0,0.0,13.5,7,0.0
アグネスソレイユ,2,8,0.0,0.0,9.125,7,0.0
エヴァイエ,1,8,0.125,0.5,3.625,7,0.0
エーシンマーメイド,2,8,0.0,0.0,8.75,7,0.0
エーシンスパイシー,2,8,0.0,0.0,12.25,7,0.0
メイショウハルゴマ,1,8,0.0,0.0,7.875,7,0.0
エフティアテナ,2,8,0.0,0.0,9.125,7,0.0
ジェイム,3,8,0.0,0.0,8.25,7,0.0
シークレットデスティニー,1,8,0.0,0.0,10.375,7,0.0
Pianist,2,8,0.0,0.25,9.25,7,0.0
シーイズドーター,2,8,0.0,0.125,11.625,7,0.0
ホクトガーランド,2,8,0.0,0.0,11.625,7,0.0
キャッチアップ,2,8,0.0,0.0,13.875,7,0.0
キャッツアイ,1,8,0.25,0.25,3.5,7,0.0
ジオパークミューズ,2,8,0.0,0.0,9.125,7,0.0
ユメミツキ,3,8,0.0,0.0,14.0,7,0.0
ピサノルミナス,2,8,0.0,0.0,13.5,7,0.0
コーリンハッピー,2,8,0.0,0.0,12.375,7,0.0
コールバック,2,8,0.125,0.375,5.75,7,0.5
マスターワーク,2,8,0.375,0.5,5.5,7,0.5
ミステールヴェール,2,8,0.0,0.125,9.875,7,0.0
クリノヴェルサイユ,2,8,0.0,0.0,11.75,7,0.0
ワンダーキラット,2,8,0.0,0.0,13.5,7,0.0
ワンダーグラシア,1,8,0.125,0.125,7.375,7,0.0
ドラールフローラン,1,8,0.0,0.125,9.25,7,0.0
クリスタルティアズ,2,8,0.0,0.0,9.625,23,0.0
オムニプレゼンス,2,8,0.375,0.625,4.5,7,0.5
メトロポール,2,8,0.0,0.0,9.125,7,0.0
タムニア,2,8,0.375,0.625,3.875,15,0.5
Leafhopper,1,8,0.375,0.625,2.5,7,0.0
オーマイクリス,2,8,0.0,0.0,12.625,7,0.0
ドクターマリ,2,8,0.0,0.125,11.0,7,0.0
ホッコーシャープ,1,8,0.25,0.75,3.5,7,0.0
Poetic Riches,1,8,0.125,0.375,6.75,7,0.0
High Moment,1,8,0.125,0.375,5.0,7,0.0
チェルケッティ,2,8,0.125,0.125,9.875,7,0.0
チェリーウォーター,2,8,0.0,0.0,10.875,7,0.0
メイショウチャチャ,1,8,0.0,0.0,11.375,43,0.0
アグアジベベール,1,8,0.0,0.5,4.375,7,0.0
リボンチャン,2,8,0.0,0.0,11.0,7,0.0
スピードビウ,2,8,0.0,0.0,13.75,7,0.0
デネブ,3,8,0.0,0.0,11.375,7,0.0
フィールグルービー,1,8,0.0,0.0,9.25,7,0.0
アリスパイレーツ,2,8,0.0,0.125,9.875,7,0.0
エディスワートン,2,8,0.125,0.375,4.75,7,0.0
フェアリースマイル,3,8,0.0,0.25,10.25,7,0.0
Big Raven,1,8,0.0,0.125,8.75,7,0.0
Bohemian Lady,1,8,0.0,0.0,10.25,7,0.0
ラモーダバンブー,1,8,0.0,0.0,7.375,7,0.0
ラヤーリドバイ,2,8,0.0,0.25,8.375,7,0.0
バトルパンタナール,2,8,0.0,0.0,12.5,7,0.0
パラーティウム,1,8,0.125,0.25,7.5,7,0.0
パリテソーロ,2,8,0.125,0.25,7.875,7,0.0
Baylor's Babe,1,8,0.25,0.625,4.375,15,1.0
サイモンパルフェ,1,8,0.0,0.0,10.5,7,0.0
ゴールドオーク,2,8,0.125,0.125,8.375,7,0.0
サイマルタシュ,1,8,0.0,0.125,8.5,7,0.0
マサノスパーク,1,8,0.0,0.0,8.375,7,0.0
マサノヒロイン,2,8,0.125,0.375,6.125,7,0.0
リーガルアミューズ,2,8,0.0,0.0,12.125,7,0.0
ゴールドアイ,2,8,0.0,0.25,9.625,7,0.0
ゴールデングリン,1,8,0.0,0.0,13.5,7,0.0
セレナータ,1,8,0.0,0.125,9.25,7,0.0
ピユカンタービレ,3,8,0.0,0.125,11.5,7,0.0
シルヴァーキャップ,2,8,0.0,0.125,9.625,7,0.0
シンフォニア,2,8,0.0,0.0,10.5,7,0.0
キャラメリーナ,2,8,0.375,0.75,4.75,7,0.0
キャットタング,2,8,0.0,0.125,8.5,7,0.0
プリンセストロイ,1,8,0.0,0.0,9.875,23,0.0
スマートダフネ,1,8,0.0,0.25,4.75,7,0.0
Magic Humor,1,8,0.125,0.375,6.375,7,0.0
レーヌビクトリア,1,8,0.0,0.0,9.625,7,0.0
スマートキャンディ,1,8,0.0,0.125,7.125,7,0.0
プリンセスマリー,1,8,0.0,0.125,7.0,7,0.0
スピーチ,2,8,0.25,0.5,5.375,7,0.0
デルマハヤブサ,1,8,0.125,0.375,7.125,7,0.0
フィリラ,2,8,0.0,0.0,11.375,7,0.0
シルクラビッシュ,2,8,0.0,0.125,10.75,7,0.0
トーセンミューズ,2,8,0.0,0.125,9.0,7,0.0
レインボールビー,1,8,0.0,0.375,5.5,23,0.0
Sh Sh Shakin',1,8,0.0,0.0,9.375,7,0.0
ソラリス,2,8,0.0,0.0,7.625,7,0.0
ブゼンキャンドル,1,8,0.375,0.375,5.25,23,0.0
I'm Not Afraid,1,8,0.0,0.25,7.875,7,0.0
Impede,1,8,0.125,0.375,6.625,7,0.0
ミチャチスインテンタ,2,8,0.25,0.375,5.625,7,0.0
トーセンリッジ,2,8,0.0,0.25,7.625,7,0.0
セーヌフロウ,1,8,0.125,0.5,6.875,43,0.0
ブロンドサンライズ,2,8,0.0,0.0,10.25,7,0.0
ダイワビリーブ,2,8,0.0,0.0,10.625,7,0.0
ダイワエトワール,1,8,0.125,0.125,8.625,7,0.0
ダッキ,2,8,0.0,0.0,10.375,7,0.0
オイチ,2,8,0.0,0.0,13.0,7,0.0
オピュレンス,3,8,0.125,0.375,8.0,7,0.3333
ピンポイントクロス,1,8,0.0,0.125,9.375,7,0.0
トーセンビーナス,1,8,0.0,0.0,9.625,7,0.0
Proof Positive,1,8,0.0,0.25,7.75,23,0.0
Pursuing The Dream,1,8,0.0,0.25,6.625,7,0.0
キャンパスライフ,3,8,0.0,0.0,10.75,7,0.0
エスティメーション,3,8,0.0,0.0,12.75,7,0.0
Eightyfivebroadst,1,8,0.125,0.25,7.75,23,0.0
El Fasto,1,8,0.125,0.375,7.25,7,0.0
Elarose,2,8,0.0,0.0,9.875,7,0.0
メイショウフェスタ,2,8,0.0,0.0,9.625,7,0.0
アテナチャン,1,8,0.125,0.125,10.625,15,1.0
ショウナンナナイロ,1,8,0.0,0.125,8.75,7,0.0
ウィルシャー,2,8,0.0,0.0,10.375,7,0.0
ウィキッドロジー,1,8,0.0,0.0,12.25,7,0.0
ウィギング,1,8,0.125,0.25,7.0,7,0.0
ラゴマジョーレ,2,8,0.0,0.0,10.125,7,0.0
ウィンドファクター,1,8,0.0,0.125,7.875,7,0.0
エーシンロンシャン,2,8,0.125,0.125,9.125,7,0.0
メープルフレイバー,1,8,0.0,0.0,9.0,7,0.0
カネショウフェアー,1,8,0.0,0.0,9.75,7,0.0
トーセンファースト,2,8,0.0,0.125,9.25,7,0.0
イサミサクラサクラ,3,8,0.0,0.0,12.0,7,0.0
ラビットポーズ,2,8,0.0,0.0,7.875,7,0.0
イセノトウショウ,1,8,0.0,0.375,6.875,7,0.0
サクラシオン,2,8,0.0,0.125,9.125,7,0.0
サイレンスマリア,1,8,0.0,0.0,10.625,23,0.0
マキノクィーン,2,8,0.0,0.0,11.125,7,0.0
Sea Bloom,1,8,0.125,0.625,5.75,7,0.0
イトククリ,2,8,0.0,0.0,12.125,7,0.0
ハナコスマイル,2,8,0.0,0.0,11.25,7,0.0
プリンセスアスタ,3,8,0.0,0.125,10.125,7,0.0
カナンダクイーン,4,8,0.0,0.0,11.25,7,0.0
サクラスイートキス,1,8,0.125,0.25,9.375,23,0.0
サクラバーベナ,1,8,0.0,0.0,9.75,7,0.0
マイルズトウショウ,2,8,0.0,0.0,11.875,7,0.0
マイルドスマイル,1,8,0.0,0.125,11.625,7,0.0
Seal of Approval,1,8,0.0,0.0,11.875,7,0.0
Secret Gaze,1,8,0.125,0.75,3.125,7,0.0
Secret History,1,8,0.125,0.5,6.25,7,0.0
Seoul Gold,1,8,0.375,1.0,2.125,15,1.0
ワンダーカピターナ,1,8,0.0,0.0,7.875,7,0.0
トーセンクレスト,3,8,0.125,0.375,8.0,7,0.0
ビビ,2,8,0.0,0.125,11.0,7,0.0
Cicada's Song,1,8,0.5,0.625,3.5,15,1.0
ミリオンドリームズ,2,8,0.0,0.0,10.75,7,0.0
シュペール,1,8,0.0,0.25,7.25,7,0.0
ボナデア,2,8,0.0,0.0,9.125,7,0.0
フィオーレカフェ,2,8,0.125,0.25,6.875,7,0.0
スマートアテナ,2,8,0.125,0.125,8.25,7,0.0
スマートエンデバー,2,8,0.0,0.0,8.5,7,0.0
エイシンコクーン,2,8,0.0,0.375,9.125,7,0.0
レジーナドーロ,2,8,0.0,0.25,6.0,7,0.0
サクラワイズ,1,8,0.0,0.0,13.375,7,0.0
セレクトレディ,3,8,0.0,0.0,13.75,7,0.0
セレジェイラ,1,8,0.0,0.125,7.625,7,0.0
セレッソブランコ,3,8,0.0,0.125,10.125,7,0.0
ゼットイーリス,1,8,0.125,0.125,7.5,7,0.0
ゼネラルメデューム,2,8,0.0,0.0,11.625,7,0.0
ゼラニウム,2,8,0.0,0.125,9.875,7,0.0
ミッシングリンク,2,8,0.125,0.125,9.875,7,0.5
リンクスオブタイム,2,8,0.0,0.0,11.875,7,0.0
エクセレントブルー,3,8,0.0,0.0,13.25,7,0.0
Race to Urga,1,8,0.0,0.25,9.625,7,0.0
Rafine,1,8,0.0,0.0,8.75,7,0.0
シャルマンヒロイン,2,8,0.0,0.125,10.75,7,0.0
ボルジアクイーン,1,8,0.0,0.125,9.125,7,0.0
カフェドラペ,3,8,0.0,0.0,9.625,7,0.0
ビナスイート,2,8,0.0,0.25,6.25,7,0.0
ダノンエトランゼル,2,8,0.0,0.375,5.5,7,0.0
ダノンスウィート,2,8,0.0,0.0,10.375,7,0.0
リサオブザナイル,1,8,0.25,0.75,2.875,7,0.0
アドマイヤキャロル,4,8,0.0,0.0,11.0,7,0.0
エイシンヒマワリ,2,8,0.0,0.0,11.25,7,0.0
エイシンピカソ,2,8,0.125,0.5,4.625,7,0.0
マイネメリアン,1,8,0.0,0.25,7.0,7,0.0
サテンドール,3,8,0.0,0.0,7.875,7,0.0
サクラフェリース,2,8,0.125,0.125,9.75,7,0.0
サクラフォーエバー,1,8,0.0,0.125,7.75,7,0.0
サスペンスクイーン,1,8,0.0,0.125,10.875,7,0.0
サチノストリート,2,8,0.0,0.0,11.5,7,0.0
オイシイナア,1,8,0.125,0.375,5.375,7,0.0
ヴィカバンブー,1,8,0.0,0.125,7.5,7,0.0
フルオブラヴ,1,8,0.0,0.0,8.125,7,0.0
メープルリキュール,2,8,0.125,0.125,5.25,7,0.0
アポロレレ,2,8,0.0,0.0,10.125,7,0.0
リアリーハッピー,2,8,0.25,0.375,5.375,7,0.0
インターリム,2,8,0.0,0.0,12.125,7,0.0
エコロシンフォニー,1,8,0.125,0.25,6.625,7,0.0
エクセランフィーユ,2,8,0.0,0.125,6.375,7,0.0
インフィニート,1,8,0.0,0.25,4.5,7,0.0
ワラッチャオ,3,8,0.0,0.0,11.0,7,0.0
サニーハシレ,2,8,0.0,0.0,12.75,7,0.0
サニーレイ,2,8,0.0,0.0,6.25,7,0.0
サトルアリー,2,8,0.0,0.0,11.125,7,0.0
Dayrose,1,8,0.0,0.0,10.25,7,0.0
ピンクプリンセス,3,8,0.0,0.0,13.0,7,0.0
クラウンティアラ,4,8,0.0,0.0,15.0,7,0.0
ヴァッサーマン,1,8,0.0,0.125,8.5,7,0.0
Cassava,1,8,0.0,0.75,3.375,7,0.0
ビクトリアクロス,2,8,0.0,0.0,11.25,7,0.0
ビッシュ,1,8,0.375,0.75,3.25,7,0.0
ニシノゴウヒメ,1,8,0.0,0.0,7.625,7,0.0
ニシノラメール,3,8,0.0,0.0,12.125,7,0.0
トウカイネオ,2,8,0.125,0.25,7.25,7,0.0
レッドディザイア,2,8,0.125,0.75,3.75,7,0.0
レッドパラス,2,8,0.125,0.75,3.5,7,0.5
ボーンスキルフル,1,8,0.0,0.125,7.75,7,0.0
シャイントウショウ,2,8,0.0,0.25,8.875,7,0.0
パンドラ,1,8,0.0,0.0,10.875,23,0.0
パーカーズミル,1,8,0.0,0.0,7.625,7,0.0
ランドマカロン,1,8,0.0,0.5,5.75,7,0.0
エスコフィオン,2,8,0.0,0.0,10.125,7,0.0
フィオレドーロ,1,8,0.0,0.875,4.125,7,0.0
デヴォア,1,8,0.0,0.125,8.625,23,0.0
インテリアトリム,1,8,0.0,0.0,12.25,23,0.0
インピッシュハート,3,8,0.0,0.0,12.25,7,0.0
ハヤブサレディゴー,2,8,0.0,0.0,11.125,7,0.0
ハワイアンリズ,1,8,0.0,0.0,9.125,7,0.0
ファイナライズ,2,8,0.0,0.125,8.125,7,0.0
ファイナルドリーム,1,8,0.0,0.125,8.25,7,0.0
ファイナルヘヴン,2,8,0.0,0.0,10.5,7,0.0
ヴィオローネ,1,8,0.0,0.0,8.125,7,0.0
ヴァローア,2,8,0.125,0.25,6.625,7,0.0
ネヴァーフェイド,3,8,0.0,0.0,12.375,7,0.0
セリーヌローズ,2,8,0.125,0.25,9.125,7,0.0
サフランハーモニー,1,8,0.0,0.0,11.25,7,0.0
ハニーゴーオン,2,8,0.0,0.0,11.375,7,0.0
Berry Blessed,1,8,0.125,0.25,8.75,43,0.0
Bewitched,1,8,0.0,0.0,7.5,7,0.0
プリモピアット,3,8,0.25,0.25,7.125,7,0.5
スマートレイチェル,2,8,0.125,0.625,4.75,7,0.0
Loramateal,1,8,0.0,0.0,12.875,7,0.0
キレイキレイ,2,8,0.0,0.0,13.125,7,0.0
アルファメガハート,2,8,0.0,0.125,10.25,7,0.0
ヤワラブライト,2,8,0.0,0.0,10.0,7,0.0
Dream of The Hill,1,8,0.0,0.25,7.25,7,0.0
ワディアルヒタン,2,8,0.0,0.0,10.875,7,0.0
ライブリースプライト,2,8,0.0,0.0,12.875,7,0.0
クラウンエリザベス,2,8,0.0,0.0,12.0,7,0.0
エイシンポラリス,3,8,0.125,0.125,8.125,7,0.0
ポストパレード,2,8,0.125,0.375,7.0,7,0.0
ボーテ,1,8,0.0,0.0,11.0,7,0.0
ポップオーヴァー,2,8,0.0,0.0,9.375,7,0.0
シバノモスキー,2,8,0.0,0.0,14.25,7,0.0
ギブス,4,8,0.0,0.0,13.625,7,0.0
ミラクルコンサート,1,8,0.0,0.0,10.875,7,0.0
ワシリーサ,1,8,0.0,0.375,6.375,7,0.0
Champagne Sue,1,8,0.0,0.0,13.125,7,0.0
サマーベイブ,1,8,0.0,0.0,10.625,7,0.0
ロンデル,2,8,0.0,0.0,12.375,7,0.0
Holy Wow,1,8,0.25,0.25,5.75,7,0.0
Homecoming Dance,1,8,0.0,0.0,10.0,7,0.0
Hummalong,1,8,0.0,0.125,6.25,7,0.0
セトウチフラワー,1,8,0.0,0.0,11.5,23,0.0
ファインルナラック,1,8,0.0,0.125,7.625,23,0.0
トキオシンフォニー,1,8,0.0,0.0,12.75,7,0.0
クイックジャイヴ,2,8,0.125,0.375,6.375,7,0.0
レッドシルヴィ,2,8,0.0,0.0,10.625,7,0.0
Reggae Rose,1,8,0.125,0.125,9.375,7,0.0
レッドジェノヴァ,2,8,0.0,0.125,7.125,7,0.0
トランスルーセント,2,8,0.0,0.125,9.0,7,0.0
トラヴィアータ,2,8,0.0,0.125,9.75,7,0.0
トラヴェルチーム,2,8,0.0,0.125,6.75,7,0.0
リリレフア,2,8,0.25,0.25,5.5,15,0.5
サラス,2,8,0.125,0.625,4.0,7,0.0
ライラヌール,1,8,0.0,0.25,6.625,7,0.0
カゼノジュエリー,1,8,0.0,0.0,8.875,7,0.0
カツンダモン,3,8,0.125,0.375,6.25,7,0.3333
メイショウユーコン,1,8,0.0,0.0,9.625,7,0.0
サンティエ,3,8,0.0,0.0,12.75,7,0.0
サンデュランゴ,1,8,0.0,0.0,8.875,7,0.0
Royal Majestic,1,8,0.125,0.125,8.125,7,0.0
サンエムラヴ,1,8,0.0,0.25,8.625,23,0.0
ギリア,2,8,0.0,0.0,11.25,7,0.0
チェキ,2,8,0.0,0.0,14.125,7,0.0
ワシントンザクラ,1,8,0.0,0.0,15.0,7,0.0
ファミリアーストーリー,2,8,0.0,0.0,13.5,7,0.0
トップバナナ,1,8,0.125,0.25,8.5,7,0.0
トップビクトリア,3,8,0.0,0.0,10.125,7,0.0
セフティードリーム,2,8,0.0,0.0,9.625,7,0.0
アーバンテースト,2,8,0.0,0.125,11.25,7,0.0
アーマンディ,2,8,0.0,0.0,8.875,7,0.0
ハピネスミユキ,1,8,0.0,0.0,10.25,7,0.0
ザザ,1,8,0.0,0.0,9.5,7,0.0
クインズチャパラ,2,8,0.0,0.125,10.25,7,0.0
ミヤビオウカ,1,8,0.0,0.0,6.875,7,0.0
ファウヴェリア,2,8,0.0,0.0,10.75,7,0.0
ロイヤルクロス,1,8,0.0,0.125,7.0,7,0.0
スーセントマリー,2,8,0.0,0.0,11.375,7,0.0
スリーレインボー,1,8,0.0,0.0,9.625,7,0.0
スロージンフィズ,1,8,0.125,0.125,8.625,15,1.0
セイカドミノ,2,8,0.0,0.0,12.375,7,0.0
Richmond Avenue,1,8,0.0,0.125,7.125,7,0.0
ヤマノビクトリア,1,8,0.0,0.0,8.25,7,0.0
エキドナ,3,8,0.0,0.0,8.875,7,0.0
エクストラファイン,1,8,0.0,0.0,10.375,7,0.0
Royal Affection,1,8,0.0,0.75,3.625,7,0.0
シアヌークビル,1,8,0.0,0.125,6.5,7,0.0
ハングインゼア,3,8,0.125,0.125,9.75,7,0.0
クィリー,1,8,0.125,0.375,6.625,7,0.0
バージニアストック,2,8,0.0,0.125,10.0,7,0.0
バージントウショウ,2,8,0.0,0.0,9.25,7,0.0
ルネッタアスール,2,8,0.0,0.0,11.375,7,0.0
グラディエント,1,8,0.0,0.5,3.75,7,0.0
タッチオブゴールド,2,8,0.0,0.0,13.75,7,0.0
Trillion Wing,1,8,0.125,0.25,8.5,7,0.0
ウインレコード,1,8,0.0,0.125,5.625,7,0.0
ウェイトゥヴェルサイユ,1,8,0.0,0.125,6.375,7,0.0
ワンファインデイ,2,8,0.125,0.125,8.5,7,0.5
アンジュポケット,2,8,0.0,0.0,12.875,7,0.0
グラスフロンティア,1,8,0.0,0.25,6.375,7,0.0
Almandine,1,8,0.0,0.0,10.0,7,0.0
ヴィーナスワン,1,7,0.0,0.0,11.7143,7,0.0
ヴォカツィオーネ,2,7,0.1429,0.2857,6.8571,7,0.0
イエスウイウィル,2,7,0.0,0.0,14.2857,7,0.0
And Again,1,7,0.0,0.1429,8.5714,7,0.0
ヴィーナスフローラ,1,7,0.1429,0.1429,8.1429,7,0.0
Azeema,1,7,0.0,0.1429,8.4286,7,0.0
グッドスカイ,2,7,0.0,0.0,9.2857,7,0.0
There Are Rainbows,1,7,0.0,0.0,11.5714,7,0.0
ローヌグレイシア,1,7,0.0,0.2857,6.2857,7,0.0
チーサキー,2,7,0.0,0.1429,11.7143,7,0.0
チーフバレリーナ,1,7,0.0,0.2857,7.0,23,0.0
アーモンドアイ,2,7,0.4286,0.8571,2.0,7,0.5
タッチザモーメント,1,7,0.0,0.0,11.1429,7,0.0
That's Ok,1,7,0.0,0.1429,4.2857,7,0.0
アポロカリビアン,1,7,0.0,0.0,10.7143,23,0.0
オルトルート,2,7,0.0,0.1429,8.7143,7,0.0
ラブミーチャン,2,7,0.1429,0.1429,9.1429,7,0.0
タフラヴ,1,7,0.0,0.1429,5.8571,7,0.0
スズカクイーン,2,7,0.0,0.0,10.0,7,0.0
ツキミチャン,3,7,0.0,0.0,13.1429,7,0.0
スティッチ,1,7,0.0,0.0,11.0,7,0.0
マンガーノ,2,7,0.0,0.0,11.8571,7,0.0
ティルトウイング,3,7,0.0,0.0,11.0,7,0.0
ティアラン,1,7,0.0,0.0,8.1429,7,0.0
サヴァント,1,7,0.0,0.1429,8.7143,23,0.0
サンメイコン,1,7,0.1429,0.1429,9.1429,7,0.0
サンライトプリティ,3,7,0.0,0.0,13.1429,7,0.0
セシャト,2,7,0.0,0.0,9.8571,7,0.0
セイントムーン,2,7,0.0,0.0,13.1429,7,0.0
トリックアート,2,7,0.0,0.0,11.2857,7,0.0
トピカ2,1,7,0.0,0.1429,7.5714,7,0.0
Ling,1,7,0.0,0.0,13.0,7,0.0
アプロディスモン,3,7,0.0,0.0,10.8571,7,0.0
スリーランディア,1,7,0.0,0.0,10.0,7,0.0
トキノミスフレンチ,1,7,0.0,0.0,10.4286,7,0.0
トップレイスター,3,7,0.0,0.0,10.1429,7,0.0
Roly Poly,1,7,0.1429,0.2857,7.1429,7,0.0
レッドクリフ,3,7,0.0,0.0,13.8571,7,0.0
ポートレイト,2,7,0.0,0.0,11.4286,7,0.0
サンブリリアント,2,7,0.0,0.0,11.1429,7,0.0
クインズコノセ,2,7,0.0,0.0,11.1429,7,0.0
ダーリンキスミー,1,7,0.0,0.0,10.1429,7,0.0
ダブルネーム,4,7,0.0,0.0,13.7143,7,0.0
ダブルフラワー,3,7,0.0,0.0,11.7143,7,0.0
ダマスクローズ,1,7,0.0,0.1429,7.0,7,0.0
アトモスフィアー,1,7,0.0,0.1429,7.0,7,0.0
アトラクティヴ,2,7,0.4286,0.5714,5.4286,7,1.0
リチュアリスト,2,7,0.0,0.0,15.0,7,0.0
メイショウベルボン,2,7,0.0,0.0,10.5714,7,0.0
スリーシスターズ,2,7,0.0,0.4286,6.2857,7,0.0
Donnie's Secret,1,7,0.0,0.1429,8.4286,7,0.0
Down The Hatch,1,7,0.0,0.1429,10.7143,7,0.0
トップアサーティン,2,7,0.0,0.0,10.7143,7,0.0
ミヤビリリー,2,7,0.0,0.1429,10.2857,7,0.0
マイグランクロア,1,7,0.0,0.0,9.8571,7,0.0
マイケイティーズ,2,7,0.0,0.0,11.1429,7,0.0
ニシノシャスール,1,7,0.0,0.0,8.4286,7,0.0
ニシノシュロ,1,7,0.0,0.1429,6.4286,7,0.0
Difficult,1,7,0.1429,0.1429,8.5714,43,0.0
メイディーン,1,7,0.2857,0.8571,2.0,7,0.0
Lilacs and Lilies,1,7,0.1429,0.1429,7.1429,7,0.0
Lily's Spark,1,7,0.0,0.2857,4.5714,7,0.0
Limari,1,7,0.1429,0.4286,4.5714,7,0.0
Rubina,1,7,0.0,0.1429,8.7143,7,0.0
Runway Model,1,7,0.1429,0.1429,7.1429,7,0.0
ヤングスター,1,7,0.5714,0.7143,3.1429,15,1.0
ユアザイオン,2,7,0.0,0.1429,9.7143,7,0.0
エイダイタカラブネ,2,7,0.0,0.0,13.1429,7,0.0
ダンスドゥフォコン,2,7,0.0,0.0,14.7143,7,0.0
フレンチナデシコ,3,7,0.0,0.0,11.1429,7,0.0
ファビラスラフイン,2,7,0.0,0.0,12.5714,7,0.0
クインズカトレア,1,7,0.0,0.2857,5.1429,7,0.0
ファインメロディ,1,7,0.1429,0.2857,8.8571,7,0.0
トコワカ,2,7,0.0,0.0,11.5714,7,0.0
シオサイ,2,7,0.0,0.0,11.2857,7,0.0
レッドジョコンダ,1,7,0.0,0.1429,7.7143,7,0.0
レッドスピリッツ,3,7,0.0,0.0,13.7143,7,0.0
シェアエレガンス,3,7,0.0,0.0,12.2857,7,0.0
ポリーマグー,1,7,0.0,0.0,10.1429,7,0.0
シゲルアケビ,2,7,0.0,0.1429,10.4286,7,0.0
シゲルアサツキ,1,7,0.0,0.0,13.0,7,0.0
フレグラントブレス,1,7,0.0,0.1429,8.2857,7,0.0
フレジエ,1,7,0.0,0.4286,4.2857,7,0.0
ヴィレンスクラフト,2,7,0.0,0.1429,5.0,7,0.0
サンダースキム,1,7,0.1429,0.4286,4.8571,7,0.0
リリク,1,7,0.0,0.0,8.1429,7,0.0
サムシングジャスト,2,7,0.1429,0.4286,6.1429,7,0.0
サヤカ,2,7,0.1429,0.1429,8.1429,7,0.0
シマノパライバ,2,7,0.0,0.1429,7.7143,7,0.0
シゲルゴホウサイ,2,7,0.0,0.2857,5.7143,7,0.0
ポッドコンジュ,2,7,0.0,0.0,12.1429,7,0.0
ポッドジゼル,1,7,0.1429,0.1429,6.1429,7,0.0
ポッドソレイユ,1,7,0.0,0.0,8.5714,7,0.0
クィーンパレット,2,7,0.0,0.0,10.0,7,0.0
Century Park,2,7,0.0,0.0,11.8571,7,0.0
ハニーエンパイア,1,7,0.0,0.4286,5.5714,7,0.0
レッドアランダ,1,7,0.0,0.0,8.8571,7,0.0
フレンドパリ,1,7,0.1429,0.1429,6.7143,7,0.0
フレッシュドール,2,7,0.0,0.0,11.1429,7,0.0
Hyperlink,1,7,0.0,0.0,12.7143,7,0.0
ロンドインディ,1,7,0.0,0.1429,8.5714,7,0.0
ダンシング,1,7,0.0,0.0,8.5714,7,0.0
プラチナテーラー,2,7,0.0,0.0,11.8571,7,0.0
トラストニーケー,2,7,0.0,0.0,12.1429,7,0.0
スワンプリンセス,1,7,0.0,0.0,9.8571,43,0.0
プリュムローズ,1,7,0.0,0.1429,5.5714,7,0.0
スマートルビー,2,7,0.0,0.0,10.7143,7,0.0
ダーヌビウス,1,7,0.1429,0.4286,5.5714,7,0.0
ダービーズポケット,1,7,0.1429,0.1429,9.7143,15,1.0
キートウショウ,2,7,0.0,0.0,12.4286,7,0.0
キンショーユキヒメ,2,7,0.0,0.0,10.4286,7,0.0
マイネシャーナ,1,7,0.0,0.0,9.4286,7,0.0
マイネアペリオ,2,7,0.0,0.2857,10.5714,7,0.0
アルファラフィーネ,2,7,0.0,0.0,9.4286,7,0.0
エイシンベティー,1,7,0.0,0.0,7.2857,7,0.0
クッキーチャン,3,7,0.0,0.0,11.7143,7,0.0
アイディンビュー,2,7,0.1429,0.2857,9.1429,7,0.0
リワードリメーン,1,7,0.0,0.1429,8.4286,7,0.0
エイシンミレレ,3,7,0.0,0.0,9.2857,7,0.0
レッドアネラ,1,7,0.5714,0.7143,3.4286,15,1.0
ミラクルフェイマス,2,7,0.0,0.1429,11.5714,7,0.0
ミラグレ,2,7,0.0,0.0,13.7143,7,0.0
シシャモムスメ,1,7,0.0,0.0,10.4286,7,0.0
パーカッショニスト,2,7,0.0,0.0,13.8571,7,0.0
ヤマノトウショウ,3,7,0.0,0.0,9.4286,7,0.0
アルゴロオジエ,2,7,0.1429,0.4286,6.1429,7,0.0
フィオレンツァ,2,7,0.0,0.0,10.1429,7,0.0
ヴァージンスノー,1,7,0.0,0.2857,9.8571,23,0.0
マイネオーチャード,3,7,0.0,0.0,12.8571,7,0.0
ユキエチャン,3,7,0.0,0.1429,9.2857,7,0.0
ヴァンデミエール,1,7,0.0,0.0,11.8571,7,0.0
ウィッティシズム,1,7,0.0,0.0,12.8571,7,0.0
オアシスミラージュ,2,7,0.4286,0.7143,4.0,15,0.5
セルフィッシュ,2,7,0.0,0.1429,10.1429,7,0.0
Beechal,1,7,0.1429,0.8571,3.0,7,0.0
プリマチュチュ,1,7,0.0,0.1429,7.4286,7,0.0
アポロレイア,1,7,0.0,0.0,8.8571,7,0.0
アマゾネスバイオ,3,7,0.0,0.0,14.0,7,0.0
エクセレンス,1,7,0.1429,0.1429,9.4286,23,0.0
プライベートビーチ,2,7,0.0,0.0,10.1429,7,0.0
ワンオリーブ,2,7,0.0,0.0,12.0,7,0.0
トリプルリーチ,1,7,0.0,0.0,11.0,7,0.0
トーアトワイライト,2,7,0.0,0.0,12.7143,7,0.0
サトノティアラ,1,7,0.0,0.1429,7.2857,7,0.0
ピースフルデイズ,2,7,0.0,0.1429,9.1429,7,0.0
マイネシンデレラ,2,7,0.0,0.1429,6.2857,7,0.0
レッツファイト,1,7,0.2857,0.4286,5.8571,23,0.0
レッドティー,3,7,0.0,0.0,12.4286,7,0.0
シャカラカベイビー,2,7,0.0,0.0,10.1429,7,0.0
アエテウレシイ,2,7,0.0,0.0,12.0,7,0.0
アエロリット,1,7,0.0,0.4286,5.1429,7,0.0
Red Duchess,1,7,0.0,0.2857,8.5714,7,0.0
プライムステージ,2,7,0.0,0.0,13.7143,7,0.0
ユキハナ,1,7,0.1429,0.1429,10.2857,15,1.0
ユタカヒメ,2,7,0.0,0.0,11.5714,7,0.0
ユナニマス,2,7,0.0,0.0,8.4286,7,0.0
クラッシュオンユー,2,7,0.0,0.0,12.0,7,0.0
クラウンマリリン,1,7,0.0,0.1429,5.2857,7,0.0
サッチン,1,7,0.0,0.0,9.4286,7,0.0
サクラプリメーラ,1,7,0.0,0.2857,5.4286,7,0.0
サチノラパシオン,2,7,0.0,0.0,12.2857,7,0.0
ヒシフェアレディ,2,7,0.0,0.0,9.1429,7,0.0
Redwood Dancer,1,7,0.0,0.0,11.2857,7,0.0
Refigure,1,7,0.0,0.0,8.4286,7,0.0
Chatterati,1,7,0.0,0.0,7.8571,7,0.0
ヴァイブランス,1,7,0.1429,0.5714,5.4286,7,0.0
フルーツタルト,2,7,0.0,0.0,11.4286,7,0.0
リアハッピー,1,7,0.0,0.4286,5.7143,7,0.0
Queen of The Night,1,7,0.0,0.0,9.4286,7,0.0
シャコーアデル,1,7,0.0,0.0,11.1429,7,0.0
ホールロッタラヴ,1,7,0.1429,0.5714,4.0,7,0.0
ボストングリーン,1,7,0.0,0.0,11.0,7,0.0
ミルキークォーツ,2,7,0.0,0.0,11.1429,7,0.0
アオイプリンセス,3,7,0.0,0.0,12.4286,7,0.0
アカネゾラ,1,7,0.1429,0.1429,6.7143,7,0.0
メイショウマルコマ,1,7,0.0,0.0,6.7143,7,0.0
ウィットウォーター,2,7,0.0,0.1429,6.2857,7,0.0
アイギス,1,7,0.0,0.0,9.5714,7,0.0
ニシノカイシンゲキ,1,7,0.0,0.2857,8.2857,7,0.0
ビスカリア,2,7,0.0,0.1429,12.0,7,0.0
ダイワラスター,2,7,0.0,0.0,12.5714,7,0.0
ダカーポ,1,7,0.1429,0.2857,5.4286,7,0.0
フレンドリービューティ,2,7,0.0,0.1429,8.7143,7,0.0
リズミカルステップ,2,7,0.0,0.0,12.7143,7,0.0
シュンカジョウ,3,7,0.0,0.0,12.7143,7,0.0
ホーリーシー,3,7,0.0,0.0,12.1429,7,0.0
ショウナンハウメア,1,7,0.0,0.1429,8.5714,7,0.0
ボナマティーナ,4,7,0.0,0.0,11.8571,7,0.0
ボヘミアンシュバル,2,7,0.0,0.0,11.4286,7,0.0
シャララ,2,7,0.0,0.0,13.0,7,0.0
デルマベリーニ,2,7,0.0,0.0,13.7143,7,0.0
デンサクラム,2,7,0.0,0.0,11.1429,7,0.0
エスシープリンセス,1,7,0.0,0.0,10.5714,7,0.0
スマートソフィア,1,7,0.0,0.0,7.5714,7,0.0
ユノエポック,2,7,0.0,0.0,10.1429,7,0.0
リンディーホップ,1,7,0.0,0.0,11.0,7,0.0
Leopoldine,1,7,0.0,0.0,12.2857,7,0.0
Let's Go Donki,1,7,0.1429,0.4286,4.4286,7,0.0
ミッキーミッキー,2,7,0.0,0.1429,12.0,7,0.0
Qualia,1,7,0.0,0.2857,8.1429,7,0.0
シルキーフレンド,2,7,0.0,0.0,10.5714,7,0.0
イナズママンボ,1,7,0.0,0.0,10.2857,7,0.0
ラテュロス,2,7,0.1429,0.1429,10.1429,15,0.5
パープルメリット,1,7,0.0,0.0,10.5714,7,0.0
Bonita Mia,1,7,0.4286,1.0,1.7143,7,0.0
Lyrique,1,7,0.2857,0.4286,6.4286,15,1.0
スリーカーニバル,2,7,0.0,0.0,11.8571,7,0.0
スリーケープ,3,7,0.0,0.0,12.7143,7,0.0
カナリ,3,7,0.0,0.0,13.4286,7,0.0
ミレナ,2,7,0.0,0.1429,7.7143,7,0.0
キョウエイラハイナ,2,7,0.0,0.0,8.8571,7,0.0
キョウモバライロ,1,7,0.0,0.0,11.1429,7,0.0
Second Fiddle,1,7,0.1429,0.5714,5.7143,7,0.0
トーホウドレス,3,7,0.0,0.0,13.8571,7,0.0
トーセンオーキッド,2,7,0.0,0.1429,6.4286,7,0.0
Broken Dreams,1,7,0.1429,0.4286,5.5714,7,0.0
メイショウフルール,2,7,0.0,0.0,9.8571,7,0.0
ショウナンハイル,2,7,0.1429,0.2857,8.0,7,0.0
ネオカーニバル,3,7,0.0,0.1429,9.5714,7,0.0
メンフィスガール,2,7,0.0,0.1429,8.5714,7,0.0
メープル,3,7,0.0,0.1429,9.4286,7,0.0
シルクダンシング,1,7,0.0,0.0,10.5714,67,0.0
シルキーリゾート,1,7,0.0,0.0,10.5714,7,0.0
シルキーガイア,1,7,0.0,0.1429,7.2857,7,0.0
イチザプラチナ,2,7,0.0,0.0,12.7143,7,0.0
イセベル,3,7,0.0,0.0,10.8571,7,0.0
レジーナカフェ,2,7,0.0,0.0,10.1429,7,0.0
サウンドマジック,2,7,0.1429,0.1429,6.1429,7,0.0
クラッシードレス,1,7,0.0,0.1429,8.4286,7,0.0
ブロートトゥハー,1,7,0.0,0.0,10.4286,7,0.0
メルジェリーナ,3,7,0.0,0.0,13.0,7,0.0
マインツ,2,7,0.0,0.1429,10.4286,7,0.0
レオリズム,1,7,0.0,0.0,11.0,23,0.0
オファニエル,2,7,0.0,0.0,12.5714,7,0.0
ミッキーグッドネス,3,7,0.1429,0.5714,5.1429,7,0.0
ミスランタナ,3,7,0.0,0.0,11.7143,7,0.0
ミスワカウエイ,2,7,0.0,0.0,12.0,7,0.0
メモリーフェイス,2,7,0.0,0.5714,5.0,7,0.0
オウカランブ,1,7,0.0,0.0,11.7143,23,0.0
メイボール,1,7,0.0,0.0,7.2857,7,0.0
カエデ,2,7,0.0,0.2857,6.2857,7,0.0
トーセンミルキー,3,7,0.0,0.0,8.7143,7,0.0
ホットスマイル,1,7,0.0,0.0,9.7143,7,0.0
Prudente,1,7,0.0,0.1429,6.8571,7,0.0
キャンディケイン,1,7,0.0,0.1429,6.4286,7,0.0
Euthenia,1,7,0.4286,0.7143,3.5714,15,1.0
Ecology,1,7,0.0,0.0,12.4286,131,0.0
Ellie's Moment,1,7,0.0,0.0,8.5714,23,0.0
Heartless,1,7,0.1429,0.2857,5.5714,7,0.0
デルフィニア,1,7,0.0,0.0,10.5714,7,0.0
デルマキャッツアイ,2,7,0.1429,0.4286,6.8571,7,0.0
デザートライド,2,7,0.1429,0.4286,8.4286,7,0.0
リモンチェッロ,2,7,0.0,0.0,11.5714,7,0.0
ホットマイハート,1,7,0.0,0.0,8.0,7,0.0
シングンガガ,1,7,0.0,0.1429,10.2857,7,0.0
シンコウエンジェル,2,7,0.1429,0.2857,8.7143,67,0.0
シンカンキセキ,2,7,0.0,0.0,12.7143,7,0.0
ヴィクトリアマンボ,1,7,0.1429,0.4286,4.8571,7,0.0
Beautify,1,7,0.1429,0.2857,7.4286,7,0.0
Pressurizing,2,7,0.1429,0.2857,9.7143,7,0.0
ドゥスマイル,3,7,0.0,0.0,14.1429,7,0.0
ピンクスター,2,7,0.0,0.0,8.4286,7,0.0
ピンクファンタジー,2,7,0.0,0.0,12.0,7,0.0
Ship's Cat,1,7,0.1429,0.2857,5.4286,7,0.0
ゴールドエンプレス,2,7,0.0,0.0,12.4286,7,0.0
Inca Wood,1,7,0.0,0.0,10.2857,7,0.0
ダイワストリーム,3,7,0.0,0.0,7.8571,7,0.0
ダイヤモンドアイズ,2,7,0.1429,0.1429,6.7143,7,0.0
クリアーウェイ,2,7,0.0,0.0,9.1429,7,0.0
Willow View,1,7,0.0,0.5714,3.8571,7,0.0
ゴールデンベティー,3,7,0.0,0.0,9.1429,7,0.0
ゴールデンメロディ,3,7,0.0,0.1429,11.1429,7,0.0
マジカルファンタジー,1,7,0.0,0.4286,5.2857,23,0.0
ピンクアゲート,1,7,0.0,0.1429,8.0,7,0.0
Pavini,1,7,0.1429,0.4286,4.8571,7,0.0
ホッジポッジ,1,7,0.0,0.0,12.2857,7,0.0
ホッカイセレス,1,7,0.0,0.1429,8.5714,23,0.0
Magic America,1,7,0.0,0.0,7.5714,7,0.0
プリンセスノーア,2,7,0.2857,0.5714,2.8571,7,0.5
アズチェーナ,2,7,0.0,0.0,11.7143,7,0.0
ローザフィオーレ,2,7,0.0,0.0,11.2857,7,0.0
プリーズユアラヴ,1,7,0.0,0.0,9.2857,7,0.0
スピードエアロ,3,7,0.0,0.0,13.0,7,0.0
Pola Golden R N,1,7,0.0,0.1429,11.2857,7,0.0
ハニーサックル,1,7,0.0,0.0,12.0,7,0.0
パーティブロッサム,2,7,0.0,0.1429,8.0,7,0.0
アリンナ,1,7,0.0,0.1429,11.7143,7,0.0
エターナルレイズ,2,7,0.0,0.0,9.2857,7,0.0
エッチアキャット,2,7,0.1429,0.1429,8.7143,7,0.0
ヤマトナデシコ2,1,7,0.0,0.0,12.0,23,0.0
ユメミルテーラー,2,7,0.0,0.0,10.2857,7,0.0
アルベルティーヌ,1,7,0.0,0.2857,4.8571,7,0.0
バトルヒミコ,2,7,0.0,0.0,14.7143,7,0.0
バケットリスト,1,7,0.0,0.0,8.2857,7,0.0
Banksia,1,7,0.1429,0.1429,6.1429,15,1.0
ヴィヴィアナ,2,7,0.0,0.0,11.7143,7,0.0
コーレイ,2,7,0.0,0.1429,6.5714,15,0.0
Dance For Fun,1,7,0.1429,0.2857,7.5714,7,0.0
Danedream,2,7,0.1429,0.2857,8.5714,7,1.0
トーホウグレース,2,7,0.0,0.0,10.7143,7,0.0
Silver Bean,1,7,0.1429,0.7143,3.2857,7,0.0
Sivoliere,1,7,0.1429,0.1429,7.8571,7,0.0
メヌエット,2,7,0.0,0.0,11.0,7,0.0
タンスチョキン,1,7,0.0,0.0,9.5714,7,0.0
バトルスマイル,2,7,0.0,0.0,11.0,7,0.0
ピスカデーラ,2,7,0.0,0.0,12.4286,7,0.0
ムーンシンフォニー,3,7,0.0,0.0,12.7143,7,0.0
ホッカイチンフォア,2,7,0.0,0.0,13.0,23,0.0
Place of Honor,1,7,0.0,0.2857,8.2857,7,0.0
Heywards Park,1,7,0.0,0.0,9.1429,7,0.0
Himalayan Queen,1,7,0.0,0.0,10.2857,7,0.0
フラワーパーク,2,7,0.1429,0.4286,8.8571,15,0.0
エーシンミモザ,2,7,0.1429,0.1429,10.0,7,0.5
ペルシャンジュエル,1,7,0.0,0.0,8.5714,7,0.0
シークレットルーム,2,7,0.1429,0.1429,8.0,7,1.0
レディアンジェラ,2,7,0.1429,0.4286,6.0,7,0.5
Overheard,2,7,0.0,0.1429,10.1429,7,0.0
ホウショウバレン,1,7,0.0,0.1429,9.2857,7,0.0
シーサイドスワン,2,7,0.0,0.0,10.2857,7,0.0
ニュードラゴン,2,7,0.0,0.0,9.5714,7,0.0
ラブローレル,2,7,0.1429,0.4286,5.2857,7,0.5
リアオリヴィア,2,7,0.0,0.0,8.7143,7,0.0
シーダーブレイクス,1,7,0.0,0.1429,8.4286,7,0.0
エイコオレクレール,2,7,0.0,0.0,11.2857,7,0.0
ユメミライ,2,7,0.0,0.2857,8.1429,7,0.0
ドリームインザサン,1,7,0.0,0.0,11.8571,7,0.0
ドラゴンウィン,1,7,0.1429,0.4286,7.1429,7,0.0
ピサノボニータ,1,7,0.0,0.0,11.0,23,0.0
Mary Delaney,1,7,0.0,0.4286,4.7143,23,0.0
スノードーナツ,2,7,0.0,0.0,11.0,7,0.0
スノーホワイト,1,7,0.0,0.1429,8.1429,7,0.0
テールドラヴェリテ,2,7,0.0,0.0,10.5714,7,0.0
Sogno Verde,1,7,0.0,0.0,10.5714,7,0.0
マチカネテマリウタ,2,7,0.0,0.1429,10.8571,7,0.0
ドリームシフト,2,7,0.0,0.0,11.1429,7,0.0
タイプムーン,2,7,0.0,0.0,11.7143,7,0.0
タイキエリーゼ,3,7,0.0,0.0,10.8571,7,0.0
ブルーファイブ,2,7,0.0,0.0,13.2857,7,0.0
タイキプロバンス,2,7,0.0,0.1429,10.2857,7,0.0
タイキミルフィーユ,1,7,0.0,0.2857,5.2857,7,0.0
ディーパワンサ,1,7,0.4286,0.4286,3.1429,7,0.0
Palanca,1,7,0.1429,0.1429,7.7143,15,1.0
スペシャルウィッチ,2,7,0.0,0.0,12.4286,7,0.0
フリクション,1,7,0.0,0.0,12.2857,7,0.0
Exquisite Beauty,1,7,0.0,0.0,9.5714,23,0.0
Elusive Horizon,1,7,0.1429,0.5714,3.8571,7,0.0
エムオーファミリー,1,7,0.0,0.2857,5.1429,7,0.0
エミーアウォード,1,7,0.0,0.1429,11.2857,7,0.0
スバルマドンナ,2,7,0.0,0.1429,12.5714,7,0.0
ハタノディアナ,3,7,0.0,0.0,13.4286,7,0.0
エイカイビクトリア,2,7,0.0,0.0,9.2857,7,0.0
マダムクレアシオン,2,7,0.0,0.1429,5.7143,7,0.0
マダムダンスアロット,2,7,0.2857,0.4286,7.1429,7,0.0
インディアリング,2,7,0.0,0.1429,9.8571,7,0.0
イーサンコヒバリ,1,7,0.0,0.1429,6.4286,7,0.0
ノボミリオンヌ,1,7,0.0,0.1429,10.1429,7,0.0
Speightstastic,1,7,0.0,0.0,9.1429,7,0.0
カラオケスナック,2,7,0.1429,0.2857,8.2857,7,0.0
プレイフォーノビー,2,7,0.0,0.0,8.8571,7,0.0
Marquesa Jen,1,7,0.0,0.0,12.5714,7,0.0
オールスマイル,1,7,0.1429,0.2857,10.0,7,0.0
ノンストップガール,1,7,0.0,0.1429,6.1429,7,0.0
Observation,1,7,0.0,0.1429,8.4286,7,0.0
エフティメガミ,2,7,0.0,0.0,12.2857,7,0.0
ジョイ,1,7,0.0,0.4286,4.4286,7,0.0
ベルモントレーヌ,1,7,0.0,0.1429,10.7143,7,0.0
ジュシラ,2,7,0.0,0.0,7.5714,7,0.0
ナチュラルナイン,1,7,0.0,0.0,9.5714,7,0.0
マチカネホホエミ,1,7,0.0,0.0,11.8571,7,0.0
Spread,1,7,0.2857,0.5714,5.5714,23,0.0
Sonoma Song,1,7,0.0,0.1429,8.0,23,0.0
オメガハートビート,1,7,0.1429,0.5714,4.8571,7,0.0
ユーロナイトメア,2,7,0.0,0.0,7.5714,7,0.0
ユーワアクトレス,2,7,0.0,0.0,10.8571,7,0.0
ジェネスタキオン,1,7,0.2857,0.2857,7.1429,7,0.0
Expensive Date,1,7,0.0,0.2857,9.0,7,0.0
ミスターキン,2,7,0.0,0.0,10.5714,7,0.0
ペスカネラ,2,7,0.0,0.0,10.5714,7,0.0
ジュンテオドーラ,1,7,0.0,0.2857,6.7143,7,0.0
リブエターナル,2,7,0.0,0.0,9.1429,7,0.0
キストゥクラウン,3,7,0.0,0.0,12.5714,7,0.0
キスミーワンス,2,7,0.0,0.1429,6.8571,7,0.0
キクノレジーナ,3,7,0.0,0.1429,10.7143,7,0.0
ペニーレーン,2,7,0.0,0.1429,9.1429,7,0.0
フラワーパス,2,7,0.0,0.0,12.2857,7,0.0
チャームアップ,2,7,0.0,0.0,10.7143,7,0.0
チケットトゥダンス,2,7,0.0,0.0,11.7143,7,0.0
アムリタ,1,7,0.0,0.0,9.1429,7,0.0
Waitingonacloud,1,7,0.0,0.0,10.2857,7,0.0
ターミナルフラワー,2,7,0.0,0.1429,6.5714,7,0.0
オードトワレ,3,7,0.0,0.0,10.8571,7,0.0
オーシャンケリー,2,7,0.1429,0.5714,4.4286,7,0.0
ハツネドオゴ,1,7,0.0,0.0,12.5714,7,0.0
ハナオウギ,1,7,0.0,0.0,10.8571,7,0.0
ヤマイチジャスミン,2,7,0.0,0.0,10.7143,43,0.0
ラブギャラクシー,1,7,0.0,0.0,10.0,7,0.0
アージオン,2,7,0.0,0.1429,7.2857,7,0.0
アンミ,2,7,0.0,0.1429,8.1429,7,0.0
ハコダテダリア,2,7,0.0,0.1429,9.2857,7,0.0
ローレルドリーム,1,7,0.0,0.0,9.5714,7,0.0
フォレストレイン,2,7,0.0,0.0,12.1429,7,0.0
ピアレスピンク,3,7,0.0,0.0,12.8571,7,0.0
エアシャキーラ,1,7,0.0,0.4286,5.8571,131,0.0
エアステビア,1,7,0.0,0.0,8.4286,23,0.0
コスモピクシス,4,7,0.1429,0.1429,11.1429,7,0.0
マッテンタルト,2,7,0.0,0.1429,11.5714,7,0.0
レイテストバード,3,7,0.0,0.0,10.8571,7,0.0
ミスザイール,1,7,0.0,0.0,9.7143,7,0.0
Celebrity,2,7,0.0,0.0,11.5714,7,0.0
ヴァルールーズ,1,7,0.0,0.0,9.4286,7,0.0
Callback,1,7,0.0,0.1429,11.0,7,0.0
エレン,2,7,0.0,0.0,12.0,7,0.0
フラワーイレブン,1,7,0.0,0.0,12.0,7,0.0
パラダイスキャリー,2,7,0.0,0.0,10.0,7,0.0
パラダイスチェリー,2,7,0.0,0.0,11.1429,7,0.0
クレバーユーミン,3,7,0.0,0.1429,11.7143,7,0.0
ミスイザベラ,1,7,0.0,0.0,9.8571,7,0.0
クロヅルストーリー,2,7,0.0,0.1429,8.2857,7,0.0
ニシノカテリーナ,2,7,0.0,0.0,10.1429,7,0.0
オールフォーラヴ,2,7,0.5714,0.5714,3.5714,7,1.0
ブルースカイソング,1,7,0.0,0.0,9.7143,23,0.0
ハイファンタジー,1,7,0.0,0.0,11.8571,7,0.0
ハイスタージェット,1,7,0.0,0.0,9.0,7,0.0
レムリア,2,7,0.0,0.0,13.8571,7,0.0
ストリートダイナー,1,7,0.0,0.0,9.1429,7,0.0
ガーデンショット,1,7,0.0,0.0,11.2857,7,0.0
Flashy Lady,1,7,0.0,0.0,12.1429,43,0.0
Flatter Me Owen,1,7,0.0,0.1429,8.8571,7,0.0
スターペスマリア,2,7,0.0,0.0,9.2857,7,0.0
ココペリ,2,7,0.0,0.0,11.5714,7,0.0
コグノセンティ,2,7,0.0,0.0,11.2857,7,0.0
ココアスエイト,1,7,0.0,0.0,10.7143,7,0.0
ロッタラブ,1,7,0.0,0.0,9.8571,7,0.0
アドヴェンチャレス,3,7,0.0,0.0,12.2857,7,0.0
タイセイヴィグラス,1,7,0.0,0.2857,6.2857,7,0.0
クレバードリーム,2,7,0.0,0.0,9.1429,7,0.0
パドックシアトル,2,7,0.2857,0.8571,2.7143,7,0.0
ラヴィアージュ,2,7,0.0,0.0,11.2857,7,0.0
アラマサローズ,2,7,0.0,0.0,12.7143,7,0.0
ジュリアヴィーナス,1,7,0.1429,0.1429,7.4286,15,1.0
ラヴィーズバード,1,7,0.0,0.0,9.1429,7,0.0
エリーナハーラー,2,7,0.0,0.1429,7.8571,7,0.0
メイショウイザナミ,2,7,0.0,0.0,10.5714,7,0.0
ストリーク,1,7,0.1429,0.5714,4.4286,15,1.0
エンジェルライト,1,7,0.1429,0.1429,5.1429,7,0.0
テイエムサンビカ,2,7,0.0,0.1429,11.1429,7,0.0
フォーティース,2,7,0.0,0.1429,11.2857,23,0.0
ミサトバレー,2,7,0.0,0.0,9.4286,7,0.0
ルアーズ,2,7,0.0,0.0,10.1429,7,0.0
Sun Bear,1,7,0.0,0.0,7.4286,7,0.0
コウエイテンペスタ,1,7,0.0,0.0,10.5714,7,0.0
ケンタッキーミント,2,7,0.0,0.0,10.4286,7,0.0
ニコマル,2,7,0.0,0.1429,11.8571,7,0.0
Dacita,1,7,0.0,0.0,7.4286,7,0.0
Hallnor,1,7,0.0,0.0,11.5714,7,0.0
Halo Dolly,1,7,0.4286,0.8571,2.5714,15,1.0
ステレッタ,1,7,0.0,0.0,6.2857,7,0.0
アストラサンタン,1,7,0.1429,0.1429,6.1429,7,0.0
スイートレディ,1,7,0.0,0.0,10.8571,23,0.0
スイートレーヌ,2,7,0.0,0.4286,7.5714,7,0.0
ライアンズチャーム,2,7,0.0,0.0,9.2857,7,0.0
ターフオーシャン,1,7,0.0,0.4286,5.4286,7,0.0
Itsabeautifulthing,1,7,0.0,0.0,10.2857,7,0.0
ブライティアグラス,4,7,0.0,0.0,12.7143,7,0.0
タマモビューティー,1,7,0.0,0.0,8.8571,7,0.0
アプローズユウ,2,7,0.0,0.0,9.7143,7,0.0
タガノカトレア,3,7,0.0,0.0,9.5714,7,0.0
ブリーズドゥース,2,7,0.0,0.0,10.7143,7,0.0
タカノベンチャー,1,7,0.0,0.0,8.4286,7,0.0
コスモアンドロメダ,2,7,0.0,0.2857,8.7143,7,0.0
スターダーラ,2,7,0.0,0.0,10.4286,7,0.0
アライア,1,7,0.0,0.0,10.4286,7,0.0
モントレーストリート,2,7,0.0,0.0,10.7143,7,0.0
モリヤッコ,2,7,0.0,0.0,11.7143,7,0.0
エレガントタイム,2,7,0.0,0.0,12.5714,7,0.0
アルムデナ,2,7,0.1429,0.4286,5.1429,7,0.0
ワールドパンダ,1,7,0.0,0.0,11.4286,7,0.0
クロフネジョウ,3,7,0.0,0.0,10.7143,7,0.0
クローデル,2,7,0.0,0.0,11.2857,7,0.0
バルタ,2,7,0.0,0.1429,9.4286,7,0.0
ビービーゲラン,1,7,0.0,0.2857,5.8571,7,0.0
ナムラローマン,3,7,0.0,0.0,9.5714,7,0.0
ウスベニノキミ,2,7,0.1429,0.1429,7.5714,15,0.5
Surf Siren,1,7,0.1429,0.4286,7.5714,7,0.0
Sweet Saturday,1,7,0.0,0.0,10.1429,7,0.0
ルージュロワイヤル,2,7,0.0,0.0,12.4286,7,0.0
ジーガートップラン,3,7,0.0,0.0,12.8571,7,0.0
ジョーシナリー,2,7,0.0,0.0,11.2857,7,0.0
Flowerette,1,7,0.1429,0.4286,4.5714,23,0.0
Foxy Friend,1,7,0.1429,0.4286,6.5714,15,1.0
ローランバルゴ,2,7,0.0,0.1429,7.7143,7,0.0
スウィートテイルズ,1,7,0.0,0.0,8.0,7,0.0
カレンナホホエミ,3,7,0.0,0.0,11.5714,7,0.0
メイショウオワラ,1,7,0.1429,0.4286,7.8571,7,0.0
バチスタ,1,7,0.0,0.0,9.8571,7,0.0
パフュームボム,1,7,0.0,0.4286,5.7143,7,0.0
オモイデヲノセテ,3,7,0.0,0.1429,9.5714,7,0.0
タガノバレリーナ,1,7,0.0,0.0,9.8571,7,0.0
Judith Basin,1,7,0.0,0.5714,4.4286,7,0.0
Night and Day,1,7,0.0,0.0,6.0,7,0.0
No Sweat,1,7,0.0,0.1429,9.0,7,0.0
レディピーチ,3,7,0.0,0.0,12.2857,7,0.0
Mylady Curlin,1,7,0.2857,0.5714,4.1429,7,0.0
カーネリアン,2,7,0.0,0.1429,10.0,7,0.0
プンタレオナ,1,7,0.0,0.0,8.7143,7,0.0
スティルシャイン,1,7,0.0,0.1429,10.2857,7,0.0
ヘラルドスクエア,2,7,0.0,0.0,11.2857,7,0.0
カルメンジョオー,1,7,0.0,0.1429,8.5714,23,0.0
カレドニアロード,2,7,0.0,0.4286,5.0,7,0.0
グローリーゲイト,1,7,0.0,0.2857,6.8571,131,0.0
グローリアスヴォレ,2,7,0.0,0.0,8.5714,7,0.0
グローリファイ,1,7,0.0,0.0,9.1429,7,0.0
ケイリュウフレンド,1,7,0.0,0.0,13.0,7,0.0
ミカエリビジン,2,7,0.0,0.0,11.0,7,0.0
グレースポーラ,1,7,0.0,0.0,12.8571,7,0.0
ウォータールナ,2,7,0.0,0.0,10.7143,7,0.0
テイエムスカット,1,7,0.0,0.2857,6.7143,7,0.0
ラヴイズブルー,1,7,0.0,0.1429,8.4286,7,0.0
アモローサ,2,7,0.0,0.0,11.1429,7,0.0
ニホンピロステージ,4,7,0.0,0.0,13.2857,7,0.0
ツルマルブラボー,1,7,0.0,0.2857,7.4286,7,0.0
ツーツーエイプリル,2,7,0.0,0.0,11.7143,7,0.0
フジエンジェル,2,7,0.0,0.0,10.0,7,0.0
ハッピーパウダー,2,7,0.0,0.0,9.7143,7,0.0
ハッシュドトーン,3,7,0.0,0.0,13.7143,7,0.0
パールデュー,2,7,0.1429,0.2857,8.0,7,0.0
ハタノオヌール,1,7,0.0,0.1429,6.7143,7,0.0
スズカミニオン,2,7,0.0,0.0,10.1429,7,0.0
ビービーアングラー,2,7,0.0,0.0,9.5714,7,0.0
Swifty Victress,1,7,0.0,0.0,12.2857,23,0.0
ルルマントウショウ,1,7,0.1429,0.2857,7.0,7,0.0
Twirling Owen,1,7,0.5714,0.8571,2.8571,7,0.0
マルターズビアンカ,1,7,0.0,0.0,11.4286,23,0.0
メイショウカイカ,2,7,0.0,0.1429,8.0,7,0.0
カンファーピュア,1,7,0.0,0.0,12.0,7,0.0
スイートミーシャ,1,7,0.0,0.0,10.7143,7,0.0
ナンヨーノアナタ,2,7,0.0,0.0,11.7143,7,0.0
ラフィンムード,2,7,0.0,0.0,9.7143,7,0.0
マローラ,1,7,0.0,0.0,8.4286,7,0.0
アンバーウェー,1,7,0.0,0.0,9.2857,7,0.0
アンビナウン,1,7,0.0,0.4286,4.5714,7,0.0
Tiger Moth,1,7,0.0,0.1429,9.5714,7,0.0
ヴォーグショコラ,2,7,0.0,0.2857,9.4286,7,0.0
パイオニアプライド,2,7,0.0,0.1429,10.2857,7,0.0
ウェディングラヴ,2,7,0.0,0.0,10.7143,7,0.0
マロンパンナ,1,7,0.0,0.0,9.5714,7,0.0
イエローサンライズ,1,7,0.0,0.2857,6.1429,7,0.0
グロリアスシーン,2,7,0.0,0.0,10.8571,7,0.0
グレイスニコ,2,7,0.0,0.0,8.2857,7,0.0
グリーンケープ,3,7,0.0,0.0,10.7143,7,0.0
ヴェルスパー,1,7,0.0,0.0,10.2857,7,0.0
フジノトップガン,2,7,0.0,0.0,12.0,7,0.0
ポルベニル,2,7,0.0,0.0,11.2857,7,0.0
シアトルトウショウ,1,7,0.0,0.0,9.0,7,0.0
シエルト,2,7,0.0,0.0,12.2857,7,0.0
クインアマランサス,2,7,0.4286,0.8571,2.0,7,0.5
Art of Dance,1,7,0.0,0.1429,9.1429,7,0.0
Assurance,1,7,0.2857,0.4286,5.1429,15,1.0
グラヴィオーラ,1,7,0.1429,0.2857,7.0,7,0.0
グリッツェルン,2,7,0.0,0.0,9.5714,7,0.0
マーキスカット,2,7,0.0,0.0,9.1429,7,0.0
パッシオーネ,3,7,0.0,0.0,10.5714,7,0.0
バーグマン,1,7,0.0,0.4286,5.4286,7,0.0
ルネイション,2,7,0.0,0.2857,8.4286,7,0.0
グラニュエル,1,7,0.0,0.0,9.8571,7,0.0
Top Hat Tango,1,7,0.1429,0.4286,6.7143,7,0.0
Copelan's Angel,1,7,0.0,0.4286,5.7143,7,0.0
Chill,1,7,0.0,0.4286,5.5714,7,0.0
Age of Silver,1,6,0.0,0.1667,7.5,7,0.0
イキナオンナ,1,6,0.0,0.1667,5.6667,7,0.0
パノラマウェイ,2,6,0.0,0.1667,9.5,7,0.0
パヒューメリー,1,6,0.0,0.1667,8.8333,7,0.0
パピチャン,2,6,0.0,0.0,13.1667,7,0.0
バトルバーズアイ,2,6,0.0,0.0,10.0,7,0.0
Banree,1,6,0.0,0.0,9.0,7,0.0
パペリーナ,1,6,0.0,0.3333,7.6667,7,0.0
マローネメタリコ,1,6,0.0,0.0,8.1667,7,0.0
グリズリダンス,2,6,0.0,0.3333,6.8333,7,0.0
グランドホール,2,6,0.0,0.0,12.8333,7,0.0
マンハッタンガール,2,6,0.0,0.3333,5.8333,7,0.0
Tonahutu,1,6,0.3333,0.3333,7.3333,15,1.0
Touch Me Babe,1,6,0.3333,0.3333,5.1667,23,0.0
グランシュクレ,2,6,0.0,0.0,12.6667,7,0.0
グラッブユアダイヤ,1,6,0.0,0.5,4.6667,7,0.0
グランドアピア,1,6,0.0,0.1667,6.6667,7,0.0
イタリアンドレス,1,6,0.0,0.1667,7.0,7,0.0
ハートフルソルティ,2,6,0.0,0.0,13.5,7,0.0
ハーツコンセンサス,1,6,0.0,0.0,9.8333,7,0.0
パラベンス,2,6,0.0,0.0,11.5,7,0.0
パワーアン,2,6,0.0,0.0,13.3333,7,0.0
ハンナローズ,3,6,0.0,0.0,14.6667,7,0.0
ルリイロノチキュウ,1,6,0.0,0.0,15.0,7,0.0
グラシエトウショウ,1,6,0.1667,0.1667,13.0,15,1.0
グッドティアラ,2,6,0.0,0.0,12.1667,7,0.0
グラスレンヌ,1,6,0.1667,0.5,4.6667,23,0.0
グランプラス,1,6,0.0,0.1667,10.0,7,0.0
グランプリシリウス,3,6,0.0,0.0,11.3333,7,0.0
Tiz Champ,1,6,0.0,0.5,5.3333,7,0.0
Tiz Midnight,1,6,0.0,0.0,7.8333,7,0.0
マルーンエンブレム,1,6,0.0,0.3333,4.3333,7,0.0
ラナイダンス,1,6,0.0,0.0,9.0,7,0.0
アートシュアリー,2,6,0.0,0.0,10.8333,7,0.0
ハマノローズマリー,1,6,0.0,0.0,13.0,7,0.0
ハルカッコ,1,6,0.0,0.1667,7.5,7,0.0
ハミングデイズ,2,6,0.0,0.0,12.1667,7,0.0
ハビトゥス,2,6,0.0,0.0,9.1667,7,0.0
クーファチック,2,6,0.0,0.0,12.0,7,0.0
ルタンメルヴェイユ,2,6,0.0,0.0,10.3333,7,0.0
ルトルヴェール,3,6,0.0,0.0,12.3333,7,0.0
マルターズコッパー,1,6,0.0,0.0,11.0,7,0.0
グロリアーナ,2,6,0.3333,0.6667,2.5,7,0.0
イフポッシブル,1,6,0.0,0.0,9.0,7,0.0
ラッパッパ,1,6,0.0,0.0,7.3333,7,0.0
インカインリー,1,6,0.0,0.0,8.8333,7,0.0
イリデッサ,2,6,0.0,0.1667,8.6667,7,0.0
ハッピーコラソン,2,6,0.0,0.0,11.8333,7,0.0
ハニーバニー,1,6,0.0,0.0,10.6667,7,0.0
ハナブショウ,1,6,0.1667,0.6667,3.8333,7,0.0
パーティミニスター,2,6,0.0,0.0,11.6667,7,0.0
グローリーブリッジ,2,6,0.0,0.0,9.1667,7,0.0
ケアレディー,1,6,0.1667,0.3333,4.8333,7,0.0
マリンパンサー,1,6,0.0,0.0,9.5,7,0.0
ミエノサクシード,2,6,0.0,0.0,12.0,7,0.0
グレースローラ,1,6,0.0,0.1667,8.3333,7,0.0
Sweetgrass,1,6,0.0,0.1667,6.1667,7,0.0
アンリミット,1,6,0.0,0.1667,8.0,7,0.0
ハクモクレン,2,6,0.0,0.0,9.3333,7,0.0
ハッピーチャート,1,6,0.0,0.5,3.8333,7,0.0
ハットラブ,1,6,0.0,0.0,8.6667,7,0.0
ヒカルバイオレット,2,6,0.0,0.0,10.3333,7,0.0
ハタノエンジェル,2,6,0.0,0.0,12.8333,7,0.0
ラタンドレス,1,6,0.0,0.0,8.6667,7,0.0
ラチェーヴェ,1,6,0.0,0.0,7.3333,7,0.0
ノーブルヴィーナス,2,6,0.0,0.0,9.3333,7,0.0
ヒシセーブル,1,6,0.0,0.0,10.3333,7,0.0
Brazilian Spirit,1,6,0.0,0.0,9.8333,7,0.0
ノースランサー,1,6,0.0,0.0,14.1667,7,0.0
ノーチェリンダ,1,6,0.0,0.0,9.1667,23,0.0
ルートファイブ,1,6,0.0,0.1667,8.1667,7,0.0
Stormy Sunday,1,6,0.0,0.0,10.1667,43,0.0
ミキ,1,6,0.0,0.0,11.8333,7,0.0
クロムハート,1,6,0.0,0.0,10.8333,7,0.0
ミキノモンテカルロ,1,6,0.0,0.1667,7.1667,7,0.0
マラガ,2,6,0.0,0.1667,10.6667,7,0.0
マリノボンジュール,1,6,0.0,0.0,11.5,7,0.0
ケイアイカーニバル,1,6,0.0,0.3333,5.6667,7,0.0
ヒストリック,2,6,0.0,0.0,12.0,7,0.0
ノーブルライラック,2,6,0.3333,0.5,3.5,7,0.5
ラストプリマドンナ,1,6,0.0,0.0,12.6667,7,0.0
ラストローレン,1,6,0.0,0.0,11.6667,23,0.0
インディゴラヴ,1,6,0.0,0.0,12.0,7,0.0
ウアラネージュ,2,6,0.0,0.0,10.6667,7,0.0
ノーザンプリンセス,1,6,0.0,0.3333,6.8333,131,0.0
ヒットザトレイル,2,6,0.0,0.0,12.5,7,0.0
ミシカルミッション,1,6,0.0,0.1667,6.0,7,0.0
Street Chimes,1,6,0.0,0.1667,11.3333,7,0.0
Sumthingtotalkabt,1,6,0.1667,0.6667,5.3333,7,0.0
ルーナクオーレ,1,6,0.0,0.0,8.3333,7,0.0
ゲルズ,2,6,0.0,0.0,10.6667,7,0.0
ゲシートショウリ,1,6,0.0,0.0,9.5,7,0.0
Sweet Stream,1,6,0.0,0.1667,8.6667,7,0.0
ノーブルファニー,1,6,0.0,0.0,8.3333,7,0.0
アンフォイルド,2,6,0.0,0.1667,11.0,7,0.0
ラブメーカー,1,6,0.0,0.0,11.0,7,0.0
Caramel Snap,2,6,0.1667,0.3333,4.8333,7,1.0
ヴァレリー,1,6,0.0,0.1667,11.3333,67,0.0
ネヴァーハーツ,2,6,0.0,0.1667,10.3333,7,0.0
Stormy Larissa,1,6,0.0,0.0,5.3333,7,0.0
コトノハ,2,6,0.1667,0.1667,11.3333,7,0.5
ミシシッピーミス,2,6,0.0,0.0,11.6667,7,0.0
ミスキララ,1,6,0.1667,0.3333,7.3333,15,1.0
ミサキジュエル,3,6,0.0,0.0,12.6667,7,0.0
ミサコ,1,6,0.0,0.0,7.5,7,0.0
マニエラ,1,6,0.0,0.0,11.5,23,0.0
マニエリスム,2,6,0.0,0.1667,9.1667,7,0.0
ノブジョプリン,2,6,0.0,0.0,11.6667,7,0.0
ノベンバーサンライズ,1,6,0.0,0.0,10.6667,43,0.0
ネオシアリーズ,2,6,0.0,0.0,15.1667,7,0.0
ネオサカエール,1,6,0.1667,0.5,4.3333,23,0.0
ヒロシゲカナユリ,2,6,0.0,0.0,8.6667,7,0.0
ノイーヴァ,2,6,0.0,0.1667,8.0,7,0.0
ネロフェニーチェ,1,6,0.0,0.0,8.8333,7,0.0
Candiland,1,6,0.0,0.0,10.3333,23,0.0
クレスクント,1,6,0.0,0.0,13.0,7,0.0
ミスセイラン,2,6,0.0,0.0,13.3333,7,0.0
Whistle Call,1,6,0.1667,0.1667,6.1667,131,0.0
Wile Cat,1,6,0.0,0.1667,5.6667,7,0.0
コスモハイクラス,2,6,0.0,0.0,12.1667,15,0.0
マッジョーレ,2,6,0.0,0.1667,9.5,7,0.0
Step Lightly,1,6,0.0,0.5,7.1667,7,0.0
Stopshoppingmaria,1,6,0.0,0.0,10.5,7,0.0
ラガーリンリン,2,6,0.0,0.1667,12.1667,7,0.0
ラクシャリーラス,2,6,0.0,0.0,14.3333,7,0.0
ウインオリアート,3,6,0.0,0.0,12.5,7,0.0
ウィーンコンサート,1,6,0.0,0.0,8.6667,67,0.0
ウイズアフェクション,2,6,0.0,0.0,12.3333,7,0.0
ニホンピロルージュ,1,6,0.0,0.0,10.6667,7,0.0
ニュースター,1,6,0.0,0.0,8.8333,7,0.0
ヌーヴォレコルト,2,6,0.5,0.6667,2.5,15,1.0
Woodland Chant,1,6,0.0,0.5,7.0,7,0.0
クレイジーラブ,2,6,0.0,0.0,11.5,7,0.0
マチカネホシシロキ,2,6,0.0,0.0,13.5,7,0.0
コンテッサクィーン,1,6,0.0,0.0,11.8333,7,0.0
コパカティ,2,6,0.1667,0.3333,6.8333,7,0.0
Starinthemeadow,1,6,0.0,0.0,11.0,7,0.0
Sound Paradise,1,6,0.0,0.0,9.3333,7,0.0
コルカロリ,1,6,0.0,0.0,9.3333,7,0.0
ラブリッサ,1,6,0.0,0.0,14.0,7,0.0
アンジュドゥロール,1,6,0.0,0.0,14.5,7,0.0
ヴァイスヴァーサ,2,6,0.0,0.0,12.0,7,0.0
ビクトリアスズラン,2,6,0.0,0.0,10.8333,7,0.0
ニシノファイナル,1,6,0.0,0.5,5.0,7,0.0
ビッグティアラ,2,6,0.0,0.1667,10.1667,7,0.0
ウインディーパレード,1,6,0.0,0.0,12.0,7,0.0
クルスブランカ,1,6,0.0,0.0,11.8333,7,0.0
クリノリトミシュル,2,6,0.0,0.0,9.8333,7,0.0
Smart Change,1,6,0.0,0.0,8.8333,7,0.0
Smart Surprise,1,6,0.0,0.3333,4.6667,7,0.0
Snapdragon,1,6,0.0,0.1667,6.3333,7,0.0
マチカネナナエヤエ,1,6,0.1667,0.1667,13.0,15,1.0
ウイングパラダイス,1,6,0.0,0.0,9.0,7,0.0
ニシノストーリー,3,6,0.0,0.1667,9.3333,7,0.0
ビップエンジェル,1,6,0.0,0.0,12.5,7,0.0
ニシノカオリード,1,6,0.1667,0.1667,9.6667,7,0.0
ニシノカグラ,1,6,0.0,0.0,8.1667,7,0.0
ビバジャンティ,2,6,0.0,0.0,13.5,7,0.0
ワールドレデー,2,6,0.0,0.0,12.8333,7,0.0
ナル,1,6,0.5,0.6667,2.8333,15,1.0
ニシノカーリー,2,6,0.0,0.0,7.5,7,0.0
ウインファビラス,2,6,0.1667,0.1667,7.1667,7,0.5
ウインプレセア,1,6,0.0,0.0,9.0,67,0.0
ライトウェイレフト,3,6,0.0,0.0,12.8333,7,0.0
ウェルカミング,1,6,0.0,0.0,7.3333,7,0.0
ウインレジーナ,2,6,0.0,0.0,12.1667,15,0.0
ライトゼア,1,6,0.0,0.0,9.0,7,0.0
Chez La Femme,2,6,0.1667,0.1667,10.0,7,0.0
ビビッドフレイム,1,6,0.0,0.0,11.8333,23,0.0
ナーサリーライム,1,6,0.0,0.0,12.6667,7,0.0
ミスヒテン,2,6,0.0,0.0,13.5,7,0.0
ミスティーダンス,1,6,0.0,0.0,11.5,7,0.0
マスタープラチナム,1,6,0.0,0.0,11.0,7,0.0
ライトニングホーク,1,6,0.0,0.0,8.5,7,0.0
アンスポークン,1,6,0.0,0.1667,9.5,7,0.0
ナムラマッチェリ,1,6,0.0,0.0,7.8333,7,0.0
ウエスタンビジュー,3,6,0.0,0.0,12.5,7,0.0
ウッドフェアリー,1,6,0.0,0.0,12.0,23,0.0
ナムラグルーヴ,2,6,0.0,0.0,11.6667,7,0.0
ビービープレジャー,1,6,0.0,0.0,8.3333,23,0.0
ナポレオンオオミネ,2,6,0.0,0.0,11.8333,7,0.0
ナムラチヨガミ,2,6,0.0,0.1667,6.3333,7,0.0
サイキカンパツ,2,6,0.0,0.0,13.0,7,0.0
ミタイナ,2,6,0.0,0.1667,10.3333,7,0.0
クリアーチャンス,2,6,0.0,0.0,11.8333,7,0.0
アイアイダイアナ,1,6,0.0,0.6667,3.8333,7,0.0
ゴールドシスター,2,6,0.0,0.1667,8.1667,7,0.0
ゴッドインチーフ,1,6,0.0,0.0,9.1667,7,0.0
マジックファウンテン,2,6,0.0,0.3333,7.5,7,0.0
アングレカム,2,6,0.0,0.0,13.1667,7,0.0
アレトゥーザ,1,6,0.0,0.0,10.8333,7,0.0
アルーシャ,1,6,0.0,0.1667,6.0,7,0.0
Crazy Volume,1,6,0.1667,0.5,4.6667,131,0.0
Daksha,1,6,0.3333,0.5,4.6667,7,0.0
ワンダーベレーザ,2,6,0.0,0.1667,7.8333,7,0.0
ナムラクーガー,2,6,0.0,0.0,10.5,7,0.0
ピエナガイア,2,6,0.0,0.0,14.5,7,0.0
ナムラアトラクト,3,6,0.0,0.0,11.6667,7,0.0
ナムラウタヒメ,1,6,0.0,0.1667,7.0,23,0.0
ピアノフィニッシュ,2,6,0.0,0.0,10.1667,7,0.0
ピエスドール,2,6,0.0,0.0,12.0,7,0.0
マグナカルタ,2,6,0.1667,0.1667,9.5,7,0.5
マゲバ,2,6,0.1667,0.5,4.1667,7,0.0
サウスビューティー,1,6,0.0,0.0,13.0,67,0.0
マキハタスペシャル,1,6,0.0,0.1667,9.0,23,0.0
ゴールドゲッコー,1,6,0.0,0.0,9.0,7,0.0
She Be Wild,1,6,0.3333,0.5,5.3333,15,1.0
She Hung the Moon,1,6,0.0,0.0,11.0,7,0.0
サインゴールド,3,6,0.0,0.0,12.3333,7,0.0
ナツバ,2,6,0.0,0.0,11.6667,7,0.0
エアリング,1,6,0.0,0.0,12.5,7,0.0
ピクチャーポーズ,1,6,0.0,0.0,10.3333,7,0.0
ナスノローズ,1,6,0.0,0.1667,9.1667,7,0.0
ナチュラルメイク,1,6,0.0,0.0,7.1667,7,0.0
ドリームワークス,2,6,0.0,0.0,11.5,7,0.0
ドリームティアラ,1,6,0.0,0.0,10.0,7,0.0
クリスエスヒル,2,6,0.0,0.0,12.5,7,0.0
Santa Rosalia,1,6,0.1667,0.3333,5.1667,15,1.0
マイベッピン,1,6,0.0,0.1667,8.0,7,0.0
サクラオードシエル,1,6,0.0,0.0,11.3333,7,0.0
Sea The Bloom,1,6,0.0,0.0,10.0,7,0.0
Seahawk Girl,1,6,0.0,0.0,12.3333,7,0.0
エイシンアポロニア,2,6,0.0,0.0,13.0,7,0.0
ドラマチックメリア,1,6,0.0,0.0,12.1667,7,0.0
ドナファウスタ,1,6,0.0,0.1667,8.1667,7,0.0
ピサノポペット,1,6,0.0,0.0,12.0,43,0.0
ピサノマイセン,1,6,0.0,0.1667,7.8333,7,0.0
ドロミティ,2,6,0.0,0.0,12.5,7,0.0
Dancing On Air,1,6,0.0,0.0,9.0,7,0.0
トーホウレジーナ,1,6,0.0,0.0,9.1667,7,0.0
ユラヒメ,2,6,0.0,0.0,9.5,7,0.0
クラウンプリズム,3,6,0.0,0.0,13.5,7,0.0
サザンクロスビコー,1,6,0.0,0.1667,8.0,23,0.0
サザンヒルズ,1,6,0.0,0.0,11.1667,23,0.0
サクラメガプリティ,1,6,0.0,0.5,4.1667,7,0.0
サトノサファイア,1,6,0.0,0.0,11.3333,7,0.0
サクラフィーユ,1,6,0.0,0.1667,7.3333,7,0.0
サクラプレステージ,2,6,0.0,0.0,12.8333,23,0.0
サクラベッシー,1,6,0.0,0.0,8.5,7,0.0
マイネレジーナ,1,6,0.0,0.1667,7.8333,7,0.0
サダムフォルトゥナ,1,6,0.0,0.0,9.6667,7,0.0
サクラヴィーナス,2,6,0.0,0.0,11.0,7,0.0
サプライズライン,2,6,0.1667,0.5,5.0,7,0.0
サニーサイドアップ,1,6,0.0,0.0,9.5,7,0.0
アイトマコト,2,6,0.0,0.1667,6.0,7,0.0
リンガスアリュール,2,6,0.0,0.0,13.6667,7,0.0
Savviest,1,6,0.0,0.1667,5.6667,7,0.0
Scarlet Belle,1,6,0.0,0.1667,6.0,7,0.0
Scarlet Pimpernel,1,6,0.0,0.3333,8.3333,7,0.0
レセヴィブレ,1,6,0.0,0.1667,8.3333,7,0.0
レッツゴードンキ,1,6,0.1667,0.5,5.0,7,0.0
エイシンオルドス,2,6,0.0,0.0,12.3333,7,0.0
ピンキージョーンズ,2,6,0.0,0.1667,8.6667,7,0.0
トーワフォーエバー,2,6,0.0,0.0,13.0,7,0.0
トーワマドンナ,3,6,0.1667,0.1667,8.5,15,0.0
ドゥシャンパーニュ,1,6,0.0,0.0,9.3333,7,0.0
Deirdre,1,6,0.0,0.0,11.1667,7,0.0
トーホウスプライト,3,6,0.1667,0.1667,12.0,7,0.5
トーセンピナクル,3,6,0.0,0.0,11.5,7,0.0
サンデースクリーン,2,6,0.0,0.0,10.8333,7,0.0
サンデータッチ,3,6,0.0,0.0,10.6667,7,0.0
リリーノーブル,2,6,0.3333,0.8333,2.3333,7,0.5
リリーローズ,1,6,0.1667,0.3333,8.0,7,0.0
サムカインドオブブルー,1,6,0.1667,0.3333,7.5,15,1.0
サマーエモーション,1,6,0.0,0.5,4.6667,7,0.0
ピンクシューズ,3,6,0.0,0.0,12.5,7,0.0
ユメノタイト,2,6,0.1667,0.5,5.5,7,0.0
エイシントパーズ,2,6,0.1667,0.1667,7.0,7,0.0
トーコーメロディ,1,6,0.0,0.0,11.5,7,0.0
トーコーヴィーナス,2,6,0.1667,0.3333,8.6667,7,0.0
ピースソサエティ,1,6,0.0,0.0,9.3333,7,0.0
トーアイザヨイ,1,6,0.0,0.1667,7.3333,7,0.0
トーセンスタッフ,2,6,0.0,0.0,10.8333,7,0.0
エイシンサンデリー,2,6,0.0,0.0,13.3333,7,0.0
サーレップティシャス,1,6,0.3333,0.5,5.8333,7,0.0
クイーンズムーヴ,2,6,0.0,0.0,9.3333,7,0.0
マイキャンディー,1,6,0.0,0.0,8.3333,7,0.0
サンタマリアガール,1,6,0.0,0.1667,6.8333,7,0.0
サンカルパ2,2,6,0.0,0.1667,7.3333,7,0.0
エイシンヘケト,1,6,0.0,0.1667,5.8333,7,0.0
トワイリングワイルドキャット,1,6,0.1667,0.1667,8.5,7,0.0
トワノハーモニー,1,6,0.0,0.1667,10.8333,7,0.0
トーアアナスタシア,1,6,0.0,0.0,9.3333,7,0.0
Diyakalanie,1,6,0.0,0.1667,7.5,7,0.0
ワンアイドバンブー,1,6,0.0,0.1667,5.3333,43,0.0
Daydawn,1,6,0.0,0.1667,10.6667,7,0.0
トロピカルジュエル,1,6,0.0,0.0,9.3333,7,0.0
トルネードフラッグ,1,6,0.0,0.0,9.0,7,0.0
アルファアリア,1,6,0.0,0.0,9.0,7,0.0
ランデックギブリ,2,6,0.0,0.1667,11.1667,7,0.0
ファシル,2,6,0.0,0.0,13.3333,7,0.0
Dragon's Tail,1,6,0.0,0.0,7.8333,7,0.0
Dream Supreme,1,6,0.1667,0.3333,7.3333,7,0.0
ワタリラッシュ,1,6,0.0,0.1667,8.3333,7,0.0
クィーンズアフェア,1,6,0.0,0.0,10.6667,7,0.0
ギャラリスト,2,6,0.0,0.0,13.8333,7,0.0
ミヤジニキータ,2,6,0.0,0.0,9.6667,7,0.0
River Cruise,1,6,0.0,0.1667,7.8333,7,0.0
Rocksie Lucie,1,6,0.0,0.5,6.0,7,0.0
レッドシェダル,2,6,0.0,0.0,13.6667,7,0.0
レッドシャーロット,2,6,0.0,0.3333,4.6667,7,0.0
マイアドレス,1,6,0.0,0.0,9.6667,43,0.0
エキゾチック,2,6,0.0,0.0,13.6667,7,0.0
ファウンドアダイヤモンド,1,6,0.3333,0.8333,3.0,7,0.0
トピアリスト,1,6,0.0,0.0,9.1667,7,0.0
トモノヘイヘイ,1,6,0.0,0.0,11.1667,7,0.0
トシハイジ,1,6,0.1667,0.1667,7.8333,23,0.0
トスアップ,1,6,0.0,0.0,10.0,7,0.0
ミユキアストラーレ,1,6,0.0,0.0,9.8333,7,0.0
ギフトオブアート,2,6,0.1667,0.3333,8.3333,15,0.5
ギタートウショウ,2,6,0.0,0.0,12.3333,7,0.0
ミヤリサンラビリー,1,6,0.0,0.0,10.8333,7,0.0
シカゴテソーロ,2,6,0.0,0.0,9.0,7,0.0
シゲルキボウ,1,6,0.0,0.0,10.0,7,0.0
シェリーカスク,1,6,0.1667,0.1667,6.0,15,1.0
シェイリーン2,1,6,0.0,0.1667,6.8333,7,0.0
トバーン,2,6,0.0,0.0,9.1667,7,0.0
エクォ,1,6,0.0,0.1667,5.8333,7,0.0
ヤマニンロータス,1,6,0.0,0.0,11.0,7,0.0
ファヴォリ,1,6,0.0,0.0,10.1667,7,0.0
ワイレアワヒネ,1,6,0.0,0.0,10.3333,7,0.0
Dos Vinos,1,6,0.5,0.8333,1.8333,7,0.0
Downside Scenario,1,6,0.3333,0.6667,3.6667,7,0.0
トウカイファミリー,2,6,0.0,0.0,12.3333,7,0.0
アイワナシーユー,1,6,0.0,0.0,11.3333,7,0.0
アイランドリトリート,2,6,0.0,0.0,13.3333,7,0.0
ボーントゥービーオネスト,2,6,0.0,0.0,11.6667,7,0.0
ボーダレスガール,1,6,0.0,0.0,12.6667,7,0.0
シゲルダンヤバード,1,6,0.0,0.1667,7.6667,7,0.0
ポッドクライ,1,6,0.0,0.0,10.8333,7,0.0
トキオクレバー,1,6,0.0,0.0,7.0,23,0.0
トキノナイスナイス,1,6,0.0,0.0,13.1667,7,0.0
アルスフェルト,2,6,0.1667,0.1667,8.6667,7,0.5
アルカンシエル,3,6,0.0,0.0,11.8333,7,0.0
ランドネ,1,6,0.1667,0.5,5.3333,7,0.0
エスケーロイヤル,1,6,0.0,0.0,9.1667,7,0.0
フィオリトゥーラ,2,6,0.0,0.1667,8.6667,7,0.0
トウカイセンス,1,6,0.0,0.0,9.5,7,0.0
トウカイパフィー,1,6,0.0,0.0,9.5,7,0.0
トゥッティフラテリ,1,6,0.0,0.0,7.0,7,0.0
シャルロワ,1,6,0.0,0.1667,4.8333,7,0.0
リュウオーレディ,1,6,0.3333,0.3333,3.8333,43,0.0
キースカーフ,2,6,0.0,0.0,13.8333,7,0.0
Red Berry,1,6,0.0,0.0,11.5,7,0.0
シャルマンウーマン,1,6,0.0,0.0,9.0,7,0.0
トゥルービューティ,3,6,0.0,0.0,10.6667,7,0.0
エクリチュール,1,6,0.0,0.0,9.1667,7,0.0
エスタブリッシュ,1,6,0.0,0.0,12.3333,7,0.0
エスターテ,2,6,0.0,0.0,12.0,7,0.0
Easy Feeling,1,6,0.1667,0.1667,7.1667,7,0.0
デーエスソロン,1,6,0.0,0.1667,10.5,23,0.0
デルマヒスイ,2,6,0.0,0.1667,7.8333,7,0.0
Empress of Dubai,1,6,0.0,0.0,9.0,7,0.0
フウレイカ,1,6,0.0,0.1667,7.5,7,0.0
ミリオンベル,2,6,0.0,0.3333,6.3333,7,0.0
Princess Desire,1,6,0.0,0.3333,5.6667,7,0.0
ショウナンマドンナ,1,6,0.0,0.1667,8.0,7,0.0
ディープブルース,1,6,0.0,0.0,8.8333,7,0.0
ディープブルーム,1,6,0.0,0.0,7.0,7,0.0
デュアルネイチャー,2,6,0.0,0.3333,8.6667,7,0.0
デニムアンドルビー,1,6,0.0,0.0,10.5,7,0.0
エジンバラシチー,1,6,0.0,0.0,10.5,7,0.0
エスクルシーヴァ,3,6,0.0,0.0,12.6667,7,0.0
アラートディザイア,1,6,0.0,0.0,13.5,7,0.0
エトワールドロゼ,1,6,0.0,0.3333,4.5,7,0.0
フェアリージェム,1,6,0.1667,0.1667,9.6667,67,0.0
フェアリーナカヤマ,1,6,0.0,0.0,8.8333,7,0.0
デサイデローザ,1,6,0.0,0.0,10.5,7,0.0
フィールドソング,1,6,0.0,0.3333,6.5,7,0.0
ヤマサクイーン,2,6,0.0,0.0,12.3333,7,0.0
ヤマカツアンナ,1,6,0.0,0.0,12.6667,7,0.0
エナジーラピス,2,6,0.0,0.0,12.0,7,0.0
エナジーワイルド,2,6,0.0,0.0,12.0,7,0.0
ディノーラ,1,6,0.0,0.0,9.5,7,0.0
フェアリーライド,2,6,0.0,0.1667,10.1667,23,0.0
デイジーメーカー,2,6,0.0,0.0,11.3333,7,0.0
ディアユリアザミ,1,6,0.0,0.0,10.5,7,0.0
Promise Me Silver,1,6,0.0,0.3333,4.0,7,0.0
Pisa No Tiffany,2,6,0.0,0.0,11.1667,7,0.0
キョウエイピュア,2,6,0.0,0.0,13.1667,7,0.0
キョウエイボヌール,2,6,0.0,0.0,9.0,7,0.0
ショウナンアクシア,1,6,0.0,0.0,11.3333,7,0.0
シルキーティアラ,1,6,0.0,0.0,10.6667,7,0.0
ショーエクセレント,1,6,0.0,0.0,9.0,7,0.0
ミルキーハート,2,6,0.0,0.0,10.5,7,0.0
エバースマイル,1,6,0.0,0.0,11.3333,23,0.0
ディスコルディア,1,6,0.0,0.1667,7.8333,7,0.0
ディスタントゴッデス,2,6,0.0,0.0,9.3333,7,0.0
ディアハート,1,6,0.0,0.1667,6.6667,7,0.0
テンダリー,1,6,0.0,0.0,12.0,7,0.0
テンプティングフェイト,2,6,0.0,0.1667,10.1667,7,0.0
テンプルツリー,2,6,0.0,0.0,12.6667,7,0.0
フェレッティ,1,6,0.0,0.0,8.1667,7,0.0
フェスティブラヴ,1,6,0.0,0.5,5.5,7,0.0
キャナルストリート,1,6,0.1667,0.3333,5.8333,7,0.0
ムガメール,2,6,0.0,0.1667,8.8333,7,0.0
ホマレエイカン,2,6,0.0,0.0,11.1667,7,0.0
シルキーアゲイン,1,6,0.0,0.1667,5.1667,7,0.0
シルバーコンパス,1,6,0.0,0.0,11.1667,7,0.0
ディアハニー,1,6,0.0,0.0,7.5,7,0.0
ヤギリヴィーナス,2,6,0.0,0.1667,8.3333,7,0.0
エリカスマイル,1,6,0.0,0.0,9.5,7,0.0
エリカポンシャン,1,6,0.3333,0.5,3.5,7,0.0
エリザベスウェイ,1,6,0.0,0.0,9.8333,7,0.0
エリザベートクロス,1,6,0.0,1.0,1.8333,7,0.0
テルライド,1,6,0.0,0.0,10.0,7,0.0
Flatbow,1,6,0.0,0.0,10.1667,7,0.0
テラコッタ,1,6,0.0,0.1667,7.6667,7,0.0
シーケーエスブエナ,1,6,0.0,0.0,7.8333,7,0.0
キャタロニアン,2,6,0.0,0.0,13.3333,7,0.0
キミニアエタキセキ,2,6,0.0,0.0,14.5,7,0.0
ムーンオブザシティー,2,6,0.0,0.0,8.1667,7,0.0
レッドレグナント,1,6,0.1667,0.3333,4.3333,15,1.0
ホッコーマイクイン,1,6,0.0,0.0,14.6667,7,0.0
シンデレラメイク,2,6,0.0,0.0,12.5,7,0.0
テイクユアチョイス,1,6,0.3333,0.6667,3.3333,7,0.0
テンザンオペラ,1,6,0.0,0.1667,7.3333,7,0.0
テンザンヒカリ,1,6,0.0,0.1667,8.8333,7,0.0
テンジンミコオウヒ,1,6,0.0,0.0,9.0,7,0.0
フォルラーヌ,1,6,0.0,0.0,13.3333,7,0.0
アラビアータ,1,6,0.0,0.0,9.0,7,0.0
アラマササイダー,1,6,0.0,0.0,12.5,67,0.0
アラマサブレーヴ,1,6,0.0,0.0,9.3333,7,0.0
アラマサマンボウ,2,6,0.0,0.0,13.8333,7,0.0
エリーシエズワールド,1,6,0.1667,0.3333,7.8333,7,0.0
テイエムロウラン,3,6,0.0,0.3333,9.1667,7,0.0
アグネスピュア,1,6,0.3333,0.3333,4.3333,15,1.0
Petaluma,1,6,0.0,0.0,12.3333,7,0.0
Phiz,1,6,0.0,0.0,10.5,7,0.0
レディエマ,2,6,0.0,0.0,11.3333,7,0.0
ジェイケイウィン,2,6,0.0,0.0,9.6667,7,0.0
シーキングハーフォーチュン,1,6,0.0,0.0,9.0,7,0.0
シーズアメジャー,1,6,0.0,0.0,9.8333,7,0.0
フォーエバーローズ,1,6,0.0,0.0,10.8333,7,0.0
テレフォトグラフ,1,6,0.0,0.1667,7.0,7,0.0
エリスライト,2,6,0.5,0.5,4.6667,7,0.5
エルゼフィ,1,6,0.0,0.1667,7.5,7,0.0
G City Gal,1,6,0.1667,0.5,4.1667,23,0.0
Game for More,1,6,0.3333,0.3333,4.1667,15,1.0
Garden District,1,6,0.0,0.5,5.5,7,0.0
フォークアート,1,6,0.0,0.1667,6.3333,7,0.0
テイエムアツヒメ,3,6,0.0,0.1667,8.6667,7,0.0
キッスオブドラゴン,1,6,0.0,0.1667,7.6667,7,0.0
ジャネットハウス,1,6,0.0,0.0,10.5,7,0.0
ジャスパーマリン,1,6,0.0,0.0,9.6667,7,0.0
シーリア,1,6,0.3333,0.5,4.8333,15,1.0
シーブライド,2,6,0.0,0.0,12.8333,7,0.0
モンシュシュ,2,6,0.0,0.0,13.6667,7,0.0
ラヴキャラ,2,6,0.0,0.0,13.1667,7,0.0
アメリカンレジェンド,2,6,0.0,0.0,12.0,7,0.0
ラヴドシャンクシー,1,6,0.0,0.0,11.3333,7,0.0
ツル,2,6,0.0,0.0,11.6667,7,0.0
Gloat,1,6,0.5,0.6667,3.3333,15,1.0
フミノナイナー,1,6,0.0,0.0,10.1667,7,0.0
ペトラ,1,6,0.1667,0.5,5.8333,15,1.0
リブレドバンク,2,6,0.0,0.0,12.5,7,0.0
メイクイットベター,1,6,0.0,0.0,12.1667,7,0.0
キスザスカイ,2,6,0.0,0.0,12.8333,7,0.0
キスミーローズ,1,6,0.0,0.0,8.6667,23,0.0
ムーンライトナイト,1,6,0.0,0.0,9.1667,7,0.0
Ocean Cat,1,6,0.0,0.0,14.3333,7,0.0
Golden Made,1,6,0.0,0.0,11.3333,7,0.0
エレガントクルーズ,1,6,0.0,0.1667,8.6667,7,0.0
エレガントゴールド,2,6,0.0,0.0,13.3333,7,0.0
エレガントシチー,1,6,0.0,0.0,8.3333,7,0.0
エルビーローズ,1,6,0.0,0.1667,8.1667,7,0.0
ジョウノモンブラン,1,6,0.0,0.0,12.6667,7,0.0
ガーデンローズ,1,6,0.0,0.0,12.6667,43,0.0
メイショウアテン,2,6,0.0,0.3333,7.6667,7,0.0
アコレード,1,6,0.0,0.0,10.5,43,0.0
アグネスミネルバ,1,6,0.0,0.0,11.5,67,0.0
ジュリエット,2,6,0.0,0.0,11.3333,7,0.0
ペイシャバラード,2,6,0.1667,0.5,7.3333,7,0.0
ジョイカネラ,1,6,0.6667,1.0,1.3333,7,0.0
ジョイニキータ,1,6,0.6667,1.0,1.3333,7,0.0
ジュエルヨコハマ,2,6,0.0,0.0,12.6667,7,0.0
ペッパーベリー,1,6,0.0,0.0,12.0,7,0.0
ツカサリボン,2,6,0.1667,0.3333,6.8333,7,0.0
ツクバアラモード,1,6,0.0,0.0,11.6667,7,0.0
ツクバエトワール,1,6,0.0,0.3333,6.8333,7,0.0
Harbinger Lass,1,6,0.0,0.0,9.5,7,0.0
ローズカスケイド,2,6,0.0,0.0,12.8333,7,0.0
ジーナフォンテン,2,6,0.0,0.0,12.5,7,0.0
ガッテンハピネス,3,6,0.0,0.0,12.1667,7,0.0
ガールインスタイル,2,6,0.0,0.0,13.6667,7,0.0
Officer Allie,1,6,0.0,0.3333,7.5,7,0.0
レディテルライド,2,6,0.0,0.0,12.8333,7,0.0
ジュリエトウショウ,1,6,0.0,0.1667,9.5,23,0.0
ジュローズ,2,6,0.0,0.0,8.3333,7,0.0
ベルファム,2,6,0.0,0.0,12.1667,7,0.0
ベルフロレゾン,3,6,0.0,0.0,13.0,7,0.0
アミザクラ,1,6,0.0,0.0,8.8333,7,0.0
ラークホイッスル,2,6,0.0,0.0,14.5,7,0.0
ラーケン,2,6,0.1667,0.1667,7.0,7,0.0
ラーダー,3,6,0.0,0.0,10.0,7,0.0
フラワーダンサー,1,6,0.0,0.0,13.6667,23,0.0
チョウシューホマレ,1,6,0.1667,0.1667,5.6667,7,0.0
フランボアーズ,1,6,0.0,0.0,10.3333,7,0.0
スイートスリリング,2,6,0.0,0.0,13.0,7,0.0
リトルリスキー,1,6,0.0,0.0,12.8333,7,0.0
アシドベリー,1,6,0.0,0.0,9.3333,7,0.0
アジアンジェット,2,6,0.0,0.0,11.3333,7,0.0
リバースシンキング,1,6,0.1667,0.5,4.3333,7,0.0
リバービックワン,1,6,0.0,0.0,9.6667,7,0.0
スイスイスーウィ,1,6,0.0,0.0,8.1667,7,0.0
ベリンダジーク,1,6,0.0,0.5,4.3333,7,0.0
ジョワユーズ,2,6,0.0,0.0,11.5,7,0.0
ジーナスイート,2,6,0.0,0.1667,6.3333,7,0.0
フリソデ,1,6,0.0,0.0,12.8333,7,0.0
チャチャチャ,2,6,0.0,0.1667,6.5,7,0.0
エンパイアソウル,1,6,0.0,0.1667,6.8333,7,0.0
エンパイアライン,2,6,0.0,0.0,10.8333,7,0.0
エンプレスクー,1,6,0.0,0.0,10.0,7,0.0
ロージーズシスター,2,6,0.0,0.0,14.0,7,0.0
ロージーチャーム,1,6,0.0,0.1667,7.6667,7,0.0
チェイスザチャンス,1,6,0.0,0.0,8.6667,7,0.0
Miss Tahiti,1,6,0.0,0.1667,6.0,7,0.0
スカイホークアイ,2,6,0.0,0.0,12.5,7,0.0
ベストエビデンス,1,6,0.0,0.0,6.1667,7,0.0
スイートベイジル,2,6,0.0,0.0,10.6667,7,0.0
My Golden Quest,1,6,0.0,0.0,12.1667,23,0.0
チェロキーステージ,1,6,0.0,0.0,13.6667,23,0.0
モアナ,2,6,0.0,0.1667,6.5,7,0.0
メルロースウィート,3,6,0.0,0.0,14.8333,7,0.0
エーシンラッキー,2,6,0.0,0.0,10.6667,7,0.0
エースハーバー,1,6,0.0,0.0,11.3333,7,0.0
フレッシビレ,1,6,0.3333,0.8333,2.8333,7,0.0
フリートカレン,1,6,0.0,0.0,9.8333,7,0.0
フルオブスターズ,1,6,0.0,0.0,7.5,7,0.0
アマゾンリリー,1,6,0.0,0.0,11.6667,7,0.0
アプローズパワー,1,6,0.0,0.0,13.8333,7,0.0
アプローズビコー,2,6,0.0,0.0,11.3333,7,0.0
フレンチジェンヌ,1,6,0.1667,0.5,5.0,7,0.0
チェイルリー,2,6,0.0,0.0,9.6667,7,0.0
チアズエンジェル,1,6,0.0,0.5,4.3333,7,0.0
フレンチムード,1,6,0.1667,0.5,4.5,7,0.0
フレンドパーク,3,6,0.0,0.0,16.1667,7,0.0
フレンドプラチナ,1,6,0.0,0.0,9.5,7,0.0
フレッシュスマイル,1,6,0.3333,0.3333,7.6667,15,1.0
ダンツサンデー,1,6,0.0,0.0,10.5,7,0.0
フロイデシューネル,2,6,0.0,0.0,12.3333,7,0.0
カルミナブラーナ,1,6,0.0,0.0,9.5,7,0.0
ヘヴンズムーン,1,6,0.0,0.0,8.8333,7,0.0
Montana River,2,6,0.0,0.1667,9.5,7,0.0
レディーオトゥール,1,6,0.0,0.1667,7.0,7,0.0
スクリプティド,2,6,0.0,0.0,12.5,7,0.0
Natchez Trace,1,6,0.0,0.1667,10.6667,7,0.0
レディミューズ,1,6,0.0,0.0,9.8333,7,0.0
プロディジャス,2,6,0.0,0.3333,7.0,7,0.0
プレシャライジング,2,6,0.0,0.1667,10.5,7,0.0
メイショウチュラ,1,6,0.0,0.3333,6.8333,23,0.0
アスカルディ,1,6,0.0,0.0,11.8333,7,0.0
ステラ,1,6,0.0,0.0,9.5,7,0.0
スターリースカイ,2,6,0.0,0.3333,7.6667,7,0.0
オウリエット,1,6,0.0,0.0,12.5,23,0.0
オアハカ,2,6,0.0,0.0,11.0,7,0.0
オスカーステージ,2,6,0.0,0.1667,10.8333,7,0.0
ダノンポピー,2,6,0.0,0.1667,7.3333,7,0.0
ダノングレース,1,6,0.3333,0.5,3.8333,7,0.0
ダイヤーズブルーム,1,6,0.0,0.0,9.3333,7,0.0
オヒナサマ,1,6,0.1667,0.5,5.0,7,0.0
オフリール,1,6,0.0,0.0,11.1667,7,0.0
Indah,1,6,0.0,0.1667,9.6667,7,0.0
ブライアローズ,1,6,0.0,0.0,10.6667,7,0.0
ブライズメイト,1,6,0.0,0.0,10.3333,7,0.0
ダイヤインザラフ,1,6,0.0,0.0,8.0,7,0.0
ダイヤモンドリング,2,6,0.0,0.1667,11.0,7,0.0
ダイヤモンドレラ,2,6,0.0,0.1667,8.3333,7,0.0
スプリングダイヤ,1,6,0.0,0.0,8.3333,7,0.0
メイショウバッコス,1,6,0.0,0.0,10.0,7,0.0
メイショウヒダカ,1,6,0.0,0.0,9.5,43,0.0
Melanippe,1,6,0.1667,0.3333,7.1667,7,0.0
スナークサークル,2,6,0.0,0.1667,10.0,7,0.0
スナークルピナス,1,6,0.0,0.3333,7.5,7,0.0
Merino,1,6,0.1667,0.3333,7.8333,15,1.0
レモンキャンディー,2,6,0.0,0.1667,7.5,7,0.0
ステラマリーン,2,6,0.0,0.1667,11.5,7,0.0
プレミールサダコ,2,6,0.0,0.0,12.1667,7,0.0
Lonrach,1,6,0.0,0.0,8.5,7,0.0
プリンセスレール,1,6,0.0,0.0,12.1667,23,0.0
スマイルダンサー,2,6,0.0,0.0,12.3333,7,0.0
レースプログラム,1,6,0.0,0.0,13.5,7,0.0
スピーナ,2,6,0.0,0.0,9.8333,7,0.0
スピニングメモリーズ,2,6,0.3333,0.3333,6.8333,7,0.5
スピードフェザー,2,6,0.0,0.0,13.5,7,0.0
プルメリアグレース,1,6,0.0,0.1667,7.0,23,0.0
プルメリアチャーム,2,6,0.0,0.0,13.0,7,0.0
フーハイナ,1,6,0.0,0.1667,8.6667,7,0.0
オメガファスター,1,6,0.0,0.5,4.0,131,0.0
メダーリア,1,6,0.1667,0.1667,13.6667,15,1.0
ダイイチサクラ,2,6,0.0,0.0,10.1667,7,0.0
Jill's Gem,1,6,0.1667,0.1667,7.3333,15,1.0
Inglorious,1,6,0.1667,0.3333,7.1667,7,0.0
アペルドールン,1,6,0.0,0.5,3.6667,7,0.0
メイショウメイホウ,1,6,0.0,0.3333,5.0,7,0.0
カネトシフェアリー,2,6,0.0,0.0,9.6667,7,0.0
カネコメヨイコ,1,6,0.0,0.0,10.8333,7,0.0
スマートアムール,1,6,0.0,0.0,10.6667,7,0.0
Magic Fountain,1,6,0.0,0.1667,6.6667,7,0.0
レーヌジャルダン,2,6,0.0,0.0,12.1667,7,0.0
リオファンク,1,6,0.0,0.1667,11.5,7,0.0
タニノアーバンシー,2,6,0.0,0.1667,7.8333,7,0.0
タマモキャペリン,1,6,0.0,0.0,9.1667,7,0.0
Jeannie S,1,6,0.0,0.0,11.6667,7,0.0
タケデンエイブル,1,6,0.0,0.3333,6.8333,7,0.0
オルビア,1,6,0.0,0.1667,6.8333,7,0.0
メジロランバダ,1,6,0.0,0.0,10.5,23,0.0
タガノマイフレンド,1,6,0.0,0.0,7.5,7,0.0
ブランメジェール,2,6,0.0,0.0,11.8333,7,0.0
ブリスアンドラック,2,6,0.0,0.0,11.1667,7,0.0
タガノグラシアス,2,6,0.0,0.0,11.1667,7,0.0
タガノレジェンダ,2,6,0.0,0.0,10.5,7,0.0
タキノエンジェル,1,6,0.0,0.1667,12.5,7,0.0
ブリングイットオン,1,6,0.0,0.0,9.8333,7,0.0
プリカジュール,1,6,0.0,0.1667,5.6667,7,0.0
リッカレイクブルー,1,6,0.0,0.0,13.5,7,0.0
スリースポット,1,6,0.0,0.0,10.5,23,0.0
スワンリヴァー,1,6,0.0,0.1667,7.0,7,0.0
Love Ava Love,1,6,0.5,0.5,2.6667,7,0.0
Luster,1,6,0.0,0.1667,11.0,7,0.0
プリンセスエイブル,2,6,0.0,0.0,14.5,7,0.0
スマートカーリー,2,6,0.0,0.0,11.1667,7,0.0
Joi's Flame,1,6,0.0,0.1667,7.8333,23,0.0
Journey's End,1,6,0.0,0.0,13.3333,7,0.0
メジロテディベア,1,6,0.0,0.0,11.3333,7,0.0
オリーブフレイバー,1,6,0.0,0.0,12.0,7,0.0
オルゲイユ,1,6,0.0,0.0,9.3333,7,0.0
アドマイヤローザ,2,6,0.0,0.1667,6.0,7,0.0
リゲイン,2,6,0.0,0.0,14.1667,7,0.0
プラニスフィア,3,6,0.0,0.0,12.1667,7,0.0
セッカチクイーン,1,6,0.1667,0.1667,10.3333,15,1.0
カタウォール,1,6,0.1667,0.1667,9.5,15,1.0
カシノリファール,2,6,0.0,0.0,13.5,7,0.0
カシマサミダレ,2,6,0.5,0.6667,2.1667,7,0.0
Lisa T.,1,6,0.1667,0.1667,6.6667,7,0.0
スーパーシンガー,2,6,0.0,0.0,11.0,7,0.0
スレドボ,1,6,0.1667,0.6667,5.0,7,0.0
プリティマックス,1,6,0.0,0.0,11.3333,7,0.0
セイカホール,2,6,0.0,0.0,13.0,7,0.0
ブルーイリュージョン,2,6,0.0,0.1667,12.3333,7,0.0
タオルチャン,1,6,0.0,0.0,10.0,7,0.0
メジャードリーム,1,6,0.0,0.0,9.8333,7,0.0
ブルーグラスローズ,1,6,0.0,0.3333,7.0,7,0.0
Layla Noor,1,6,0.1667,0.3333,6.3333,7,0.0
メイフラワー,2,6,0.0,0.0,13.0,7,0.0
アドマイヤゴールド,1,6,0.0,0.1667,10.3333,131,0.0
リスグラシュー,1,6,0.0,0.5,3.6667,7,0.0
カズサクション,2,6,0.0,0.0,10.5,7,0.0
オーミドルチェ,1,6,0.0,0.1667,7.1667,7,0.0
オールウェイズグッドサンクス,2,6,0.0,0.0,10.0,7,0.0
メイプルチャンス,2,6,0.0,0.0,10.1667,7,0.0
オーロラトウショウ,1,6,0.0,0.1667,10.0,7,0.0
ゾフィー,1,6,0.0,0.0,13.3333,7,0.0
ロシアンサモワール,1,6,0.1667,0.6667,3.1667,7,0.0
メイラヴェル,2,6,0.0,0.0,11.5,7,0.0
メイレディ,2,6,0.0,0.0,11.6667,7,0.0
メイロビン,2,6,0.0,0.0,10.5,7,0.0
メイトリアーキー,2,6,0.0,0.0,10.8333,7,0.0
カガミアスカ,1,6,0.0,0.1667,11.5,7,0.0
カクテルハート,1,6,0.0,0.0,12.8333,7,0.0
メイフィールド,3,6,0.0,0.0,13.6667,7,0.0
Light the Sky,1,6,0.0,0.1667,10.0,7,0.0
ラフォルス,2,6,0.1667,0.1667,9.1667,7,0.0
ラフォーレ,1,6,0.0,0.0,8.1667,7,0.0
パスーイングザドリーム,1,6,0.0,0.0,11.6667,7,0.0
パネットーネ,1,6,0.3333,0.5,4.0,7,0.0
Ataraxy,1,6,0.1667,0.3333,4.8333,7,0.0
グランドアルシュ,1,6,0.0,0.0,12.1667,7,0.0
Aldebaran Light,1,6,0.1667,0.5,7.5,23,0.0
Alexander Goldrun,1,6,0.0,0.0,6.8333,7,0.0
Arania,1,6,0.0,0.3333,7.8333,7,0.0
Amazing Buy,1,6,0.1667,0.5,5.5,7,0.0
American Song,1,6,0.1667,0.1667,4.3333,7,0.0
ヴェルジネ,1,5,0.0,0.0,9.8,7,0.0
Anchorage,1,5,0.0,0.0,8.0,7,0.0
グラマラススカイ,1,5,0.0,0.2,9.2,7,0.0
マルヨバナーヌ,1,5,0.0,0.0,12.4,7,0.0
バイラリーナ,1,5,0.4,0.4,7.4,23,0.0
イシブミ,1,5,0.0,0.0,14.2,7,0.0
イサミマニッシュ,1,5,0.0,0.4,5.2,7,0.0
ハレイワクィーン,3,5,0.0,0.2,6.4,7,0.0
パルムドール2,1,5,0.0,0.0,10.0,7,0.0
パレスダイヤモンド,2,5,0.0,0.0,10.8,7,0.0
ハーツフェルト,2,5,0.2,0.2,7.0,7,0.0
ハートアンドアロー,1,5,0.0,0.0,15.6,7,0.0
パルカエ,1,5,0.0,0.0,8.6,7,0.0
ラトゥールレディー,1,5,0.0,0.2,5.8,7,0.0
グアン,2,5,0.6,0.6,2.6,7,0.5
マルヨカルボマキ,2,5,0.0,0.0,10.6,7,0.0
Theyskens' Theory,1,5,0.4,0.6,4.6,7,0.0
Toast of Mayfair,1,5,0.0,0.0,12.2,7,0.0
ソラノチャーマー,3,5,0.0,0.0,11.4,7,0.0
ゾファピー,1,5,0.0,0.4,6.2,7,0.0
ゾンザ,1,5,0.0,0.0,7.6,7,0.0
ゼーリムニル,2,5,0.0,0.0,9.6,7,0.0
センブラフェ,2,5,0.2,0.4,5.2,15,0.5
メイユール,2,5,0.0,0.0,15.0,7,0.0
セレッソフロリード,1,5,0.0,0.0,11.8,7,0.0
ゼンノシチョウ,1,5,0.0,0.0,10.0,131,0.0
Lesson Plan,1,5,0.2,0.4,8.4,7,0.0
Life At Best,1,5,0.2,0.2,6.8,7,0.0
ロイヤルフェアリー,2,5,0.0,0.0,11.2,7,0.0
ロイヤルフレア,1,5,0.0,0.0,12.6,7,0.0
ロイヤルムーン,2,5,0.0,0.0,13.0,7,0.0
イエスプリーズ,2,5,0.0,0.2,8.6,7,0.0
アーモンドパサー,2,5,0.0,0.0,11.4,7,0.0
バレリーナチュチュ,1,5,0.0,0.6,4.2,43,0.0
ブロークインベガス,1,5,0.0,0.0,7.6,7,0.0
アドマイヤカラット,1,5,0.0,0.0,10.8,7,0.0
アドベンチャーオン,1,5,0.0,0.0,10.4,7,0.0
プライムシスター,2,5,0.0,0.2,5.6,7,0.0
ブーケルージュ,1,5,0.0,0.2,7.4,7,0.0
プペフラッシュ,1,5,0.0,0.2,7.4,7,0.0
プラチナアリュール,2,5,0.0,0.0,11.0,7,0.0
セブンシースケイプ,2,5,0.0,0.0,11.6,7,0.0
セクシーウィン,1,5,0.0,0.0,9.8,7,0.0
セクシーモーション,1,5,0.0,0.2,10.0,7,0.0
セカンダリーマーケット,1,5,0.2,0.8,4.0,7,0.0
La Sombre,1,5,0.0,0.0,10.0,7,0.0
Lady Danz,1,5,0.0,0.2,4.8,131,0.0
メガクラム,2,5,0.0,0.2,7.6,7,0.0
オーヴォドーロ,2,5,0.0,0.2,8.4,7,0.0
ソヨカゼ,1,5,0.0,0.2,10.4,67,0.0
プリティカウガール,1,5,0.0,0.2,6.0,7,0.0
Lily Pod,1,5,0.6,0.6,7.0,15,1.0
ロイヤルキャニオン,1,5,0.0,0.0,11.4,23,0.0
スワヒメ,2,5,0.0,0.0,11.4,7,0.0
ブリッツアウェイ,1,5,0.0,0.2,5.6,7,0.0
オンワードパトラ,1,5,0.0,0.0,7.0,7,0.0
オールオブユー,2,5,0.0,0.0,11.4,7,0.0
Lady's Laughter,1,5,0.0,0.4,8.0,7,0.0
Kitra,1,5,0.2,0.2,8.6,7,0.0
ブルーミングデイズ,2,5,0.0,0.0,13.2,7,0.0
タイセイブーケ,1,5,0.0,0.0,13.0,7,0.0
ソンヨン,2,5,0.0,0.0,12.8,7,0.0
ソリティアズヴィジョン,2,5,0.0,0.0,13.0,7,0.0
ソリフロール,2,5,0.0,0.0,9.6,7,0.0
ロジシルキー,1,5,0.2,0.2,8.6,15,1.0
ロクイチスマイル,2,5,0.0,0.0,10.2,7,0.0
スールドゥカノウ,3,5,0.0,0.0,15.0,7,0.0
レーヴレヴューズ,1,5,0.0,0.0,12.8,7,0.0
ロイヤルオーキッド,2,5,0.0,0.0,12.8,7,0.0
プリティーアセット,2,5,0.0,0.0,14.6,7,0.0
スマートチョイス,2,5,0.0,0.0,10.0,7,0.0
ロッチイブ,1,5,0.0,0.2,7.6,7,0.0
Joshua's Princess,1,5,0.0,0.2,10.0,23,0.0
タガノシャーロット,1,5,0.0,0.0,10.8,7,0.0
タガノスケルド,1,5,0.0,0.0,7.0,7,0.0
オルトグラフ,3,5,0.0,0.2,9.8,7,0.0
アドリア,1,5,0.0,0.0,13.6,7,0.0
タイムレスジェム,1,5,0.0,0.0,14.0,7,0.0
タイトルタイム,1,5,0.0,0.0,9.4,7,0.0
タイノーブルレディ,1,5,0.0,0.0,12.4,7,0.0
セトアフロディーテ,2,5,0.0,0.0,11.0,7,0.0
カツジャックポット,1,5,0.0,0.0,11.6,7,0.0
ブラッシングブライド,1,5,0.0,0.4,5.8,23,0.0
タマモアマリリス,3,5,0.0,0.0,10.8,7,0.0
タッチオブクラス,1,5,0.0,0.2,4.6,7,0.0
タケショウメーカー,1,5,0.0,0.0,10.2,7,0.0
ブラストエルサ,2,5,0.0,0.0,12.2,7,0.0
ブラックインパクト,1,5,0.0,0.0,10.0,7,0.0
メジロベネット,1,5,0.0,0.0,8.4,7,0.0
オロフィナアスール,1,5,0.0,0.0,12.8,7,0.0
オンディナドバイ,2,5,0.0,0.0,9.2,7,0.0
Karousel Karen,1,5,0.0,0.4,4.8,7,0.0
ロッツオブラブ,1,5,0.0,0.0,11.6,7,0.0
タガノエリザベート,1,5,0.0,0.6,4.2,7,0.0
ロゼブルー,1,5,0.0,0.0,10.4,7,0.0
セイカユニヴァース,1,5,0.0,0.0,10.4,7,0.0
カステヘルミ,2,5,0.0,0.0,9.8,7,0.0
リッカメルド,2,5,0.0,0.0,15.0,7,0.0
Iotapa,1,5,0.0,0.2,4.6,7,0.0
スラボン,1,5,0.0,0.0,12.6,7,0.0
メイショウマイマイ,1,5,0.0,0.0,12.2,7,0.0
カフェガーネット,2,5,0.0,0.0,9.8,7,0.0
スマートスリロス,1,5,0.0,0.0,7.8,7,0.0
スマートアレンジ,1,5,0.0,0.0,12.2,7,0.0
プリンセススズカ,1,5,0.0,0.0,10.2,7,0.0
プリンセステソーロ,2,5,0.0,0.0,9.2,7,0.0
スマートローズ,2,5,0.0,0.0,9.0,7,0.0
Magistra Delecta,1,5,0.0,0.0,8.4,7,0.0
Majestic Dancer,1,5,0.0,0.0,7.2,7,0.0
アポロオスカー,1,5,0.0,0.0,11.6,7,0.0
アフリートダンサー,1,5,0.0,0.0,11.6,23,0.0
アブソルートダンス,1,5,0.0,0.0,8.8,7,0.0
リエノテソーロ,1,5,0.0,0.0,11.6,7,0.0
ブラックシンデレラ,1,5,0.0,0.2,7.6,7,0.0
Melody Maiden,1,5,0.2,0.2,6.4,7,0.0
レーブドグランパ,1,5,0.0,0.0,11.6,7,0.0
スマートシモーヌ,3,5,0.0,0.0,11.0,7,0.0
アテスウェイ,1,5,0.0,0.0,7.8,7,0.0
アゼナーマ,2,5,0.0,0.2,9.8,7,0.0
プルクワパ,1,5,0.0,0.0,12.6,7,0.0
スマイルトゥモロー,3,5,0.2,0.4,9.2,7,1.0
スプレッドスマイル,1,5,0.0,0.0,9.8,7,0.0
オデュッセイア,1,5,0.0,0.0,9.2,7,0.0
タヤスオドリコ,2,5,0.0,0.2,9.0,7,0.0
ダイメイジュエリー,2,5,0.0,0.2,10.6,7,0.0
ダイメイスズ,1,5,0.0,0.0,13.8,7,0.0
ダイシンキャラミ,1,5,0.0,0.0,6.6,7,0.0
ブライトエピローグ,1,5,0.0,0.0,7.2,7,0.0
Jennierees,1,5,0.2,0.4,9.0,7,0.0
Interim,1,5,0.0,0.0,13.0,7,0.0
フロールシータ,2,5,0.0,0.0,12.6,7,0.0
フローレスマジック,1,5,0.4,0.8,2.4,7,0.0
ダイワフェニックス,1,5,0.0,0.0,12.0,7,0.0
オキザリス,2,5,0.0,0.0,12.6,7,0.0
メモリーマニフィカ,1,5,0.0,0.2,8.0,7,0.0
Indian Skies,1,5,0.0,0.0,9.2,7,0.0
ロングディライト,1,5,0.0,0.0,10.0,23,0.0
ロングレジナ,1,5,0.0,0.6,4.0,7,0.0
フロンサック,2,5,0.0,0.0,12.2,7,0.0
ブライスガウ,2,5,0.0,0.0,13.0,7,0.0
ダイヤターン,1,5,0.0,0.0,9.4,7,0.0
カフェフレグランス,1,5,0.0,0.0,13.0,7,0.0
メイショウハナグシ,1,5,0.0,0.0,11.4,7,0.0
メイショウタチマチ,2,5,0.2,0.2,8.6,7,1.0
スパイスドパーフェクション,1,5,0.6,0.8,2.2,15,1.0
スパイラルポイント,1,5,0.0,0.0,12.0,7,0.0
ステップシー,2,5,0.0,0.0,12.0,7,0.0
メイショウナンバー,1,5,0.0,0.0,7.6,7,0.0
アスタウンドメント,1,5,0.0,0.2,9.8,7,0.0
レディービスティー,2,5,0.0,0.2,11.6,7,0.0
Miss Finland,1,5,0.0,0.4,6.6,7,0.0
レナンセラ,1,5,0.0,0.0,8.8,7,0.0
レヒーク,1,5,0.0,0.0,13.8,7,0.0
ヘアケイリー,1,5,0.0,0.0,6.6,7,0.0
カルネージュ,1,5,0.0,0.0,12.0,7,0.0
Home From Oz,1,5,0.2,0.4,7.2,15,1.0
ダンシングスナーク,3,5,0.0,0.0,14.0,7,0.0
オウルインザダスク,1,5,0.0,0.2,7.8,7,0.0
エーデルメイシュ,1,5,0.0,0.0,10.8,7,0.0
オカゲサマデ,1,5,0.0,0.0,10.2,7,0.0
フロルアンディーナ,1,5,0.0,0.0,10.4,7,0.0
ダイワカリエンテ,1,5,0.0,0.0,10.8,7,0.0
フリーパス,1,5,0.0,0.0,9.4,7,0.0
フルオブビューティー,1,5,0.4,0.6,3.6,7,0.0
アポロパステル,1,5,0.0,0.4,3.2,7,0.0
リアルダイヤ,1,5,0.0,0.0,8.2,7,0.0
ダンツバーゴ,1,5,0.0,0.0,14.8,7,0.0
フレンドリーレイズ,2,5,0.0,0.0,13.8,7,0.0
カルメン,2,5,0.0,0.0,14.8,7,0.0
カリン,1,5,0.0,0.0,13.8,7,0.0
カンザスガール,2,5,0.0,0.0,13.6,7,0.0
Moored,1,5,0.0,0.2,8.0,7,0.0
スカートフワリ,1,5,0.0,0.2,6.8,7,0.0
スカーレットジェム,1,5,0.0,0.2,5.6,7,0.0
スズカジェム,1,5,0.0,0.0,14.2,7,0.0
More Than Pretty,1,5,0.2,0.6,5.6,7,0.0
Mountain Mambo,1,5,0.0,0.0,11.6,7,0.0
プレリアル,3,5,0.0,0.0,13.8,7,0.0
カワキタリーズン,1,5,0.0,0.0,10.0,7,0.0
スイートヒカル,1,5,0.0,0.0,8.8,7,0.0
スイートプルミエル,1,5,0.0,0.0,13.8,7,0.0
New Style,1,5,0.0,0.2,7.6,7,0.0
Night Lagoon,2,5,0.0,0.2,9.6,7,0.0
Night Visit,1,5,0.0,0.0,11.0,7,0.0
Mythical Mission,1,5,0.0,0.2,6.2,7,0.0
Nannina,1,5,0.0,0.0,6.4,7,0.0
ベッラミーア,1,5,0.0,0.2,7.8,7,0.0
ベッラヴォルタ,1,5,0.0,0.0,11.8,7,0.0
チェルカービレ,2,5,0.0,0.0,11.0,7,0.0
チェリースピリッツ,2,5,0.0,0.0,11.6,7,0.0
フリックフラック,2,5,0.0,0.0,10.4,7,0.0
フリーダムトレイル,1,5,0.0,0.0,10.6,43,0.0
エーシンラージェス,1,5,0.0,0.0,8.8,7,0.0
エーシンルミナス,1,5,0.0,0.0,8.0,7,0.0
チトニア,1,5,0.0,0.0,8.0,7,0.0
リネンティアラ,1,5,0.0,0.0,12.8,7,0.0
ベルキス,1,5,0.0,0.0,15.0,7,0.0
ジョーセクレタリー,2,5,0.0,0.0,12.2,7,0.0
ベルゲン,1,5,0.0,0.0,10.6,7,0.0
ジーガールージュ,2,5,0.2,0.2,9.0,15,0.5
ジーナアイリス,2,5,0.0,0.0,11.4,7,0.0
チャルダッシュ,1,5,0.0,0.0,12.2,7,0.0
エンドレスドリーム,2,5,0.0,0.0,14.2,7,0.0
エンパイアシティ,1,5,0.0,0.0,10.0,7,0.0
Heat of The Day,3,5,0.0,0.0,10.6,7,0.0
Henny Jenney,1,5,0.0,0.0,8.8,7,0.0
Highway Mary,1,5,0.0,0.2,7.0,7,0.0
ローズアンサー,1,5,0.0,0.0,14.4,7,0.0
チアフルデイズ,1,5,0.0,0.0,14.4,7,0.0
レディレイナ,1,5,0.0,0.2,8.0,7,0.0
フューチャローザ,2,5,0.0,0.0,9.4,7,0.0
ガラム,2,5,0.0,0.0,12.4,7,0.0
ガランティサーダ,2,5,0.0,0.0,13.4,7,0.0
ガイアトウショウ,2,5,0.0,0.2,12.8,7,0.0
キウィダンス,1,5,0.0,0.2,9.2,7,0.0
Nefferkitty,1,5,0.0,0.8,2.8,7,0.0
New Providence,1,5,0.0,0.0,9.4,7,0.0
ベレッツァ,3,5,0.0,0.0,14.4,7,0.0
アマルフィコースト,1,5,0.0,0.2,6.0,7,0.0
モエルア,2,5,0.2,0.4,7.8,7,0.5
フラワーシップ,2,5,0.0,0.0,13.6,7,0.0
フラワータッチ,2,5,0.0,0.0,14.0,7,0.0
チョコクランチ,1,5,0.0,0.2,9.6,7,0.0
チキウミサキ,1,5,0.0,0.0,9.0,7,0.0
チシャーキャット,1,5,0.0,0.0,12.6,7,0.0
チックニステル,1,5,0.0,0.0,8.2,7,0.0
フブキジョウ,1,5,0.0,0.0,7.6,7,0.0
メイショウアステカ,2,5,0.0,0.0,9.6,7,0.0
アグネスロージイ,2,5,0.2,0.2,8.0,7,1.0
ベーシックフジ,1,5,0.0,0.2,9.4,7,0.0
ペイシャネガノ,1,5,0.4,0.4,6.2,15,1.0
ジューンシルフィア,1,5,0.0,0.0,10.0,7,0.0
エレナレジーナ,1,5,0.0,0.0,8.2,7,0.0
モハンマディ,2,5,0.0,0.0,13.2,7,0.0
エンチャンティングキトゥン,1,5,0.2,0.2,10.0,15,1.0
エンジェルインメイ,1,5,0.0,0.0,14.6,7,0.0
エンジェルステップ,2,5,0.0,0.0,15.0,7,0.0
エレベル,2,5,0.0,0.2,10.6,7,0.0
エレメンタリー,1,5,0.0,0.0,11.0,7,0.0
Harmony Lodge,1,5,0.0,0.2,9.2,7,0.0
Hassenah,1,5,0.0,0.2,6.6,7,0.0
ローズギフト,2,5,0.0,0.0,15.0,7,0.0
キクノトップレディ,2,5,0.0,0.0,9.6,7,0.0
メイグランデ,2,5,0.0,0.0,9.6,7,0.0
キタサンレター,1,5,0.0,0.2,6.2,7,0.0
Oral Argument,1,5,0.0,0.0,14.6,7,0.0
Our Golden Dream,1,5,0.0,0.0,12.0,7,0.0
キヌガサアジュディ,1,5,0.0,0.2,7.8,7,0.0
Golden Flair,1,5,0.2,0.4,4.4,7,0.0
Glint in Her Eye,1,5,0.0,0.0,8.4,7,0.0
フジノグランデ,2,5,0.0,0.0,14.4,7,0.0
ツヅミモン,2,5,0.0,0.0,9.8,7,0.0
モフモフ,1,5,0.0,0.0,9.8,7,0.0
モモチャン,1,5,0.0,0.2,12.0,7,0.0
モリスプチエール,1,5,0.0,0.0,11.8,7,0.0
エレクトロワールド,1,5,0.2,0.6,3.2,7,0.0
チリペッパー,1,5,0.0,0.2,8.8,7,0.0
フライングヴィジョン,2,5,0.0,0.0,11.4,7,0.0
Owaseyf,1,5,0.0,0.0,11.2,7,0.0
Patricia Dawn,1,5,0.0,0.0,10.0,7,0.0
One West,1,5,0.0,0.0,10.2,23,0.0
Oneminutetomidnite,1,5,0.0,0.2,7.2,7,0.0
モンオール,1,5,0.2,0.8,2.2,7,0.0
モンステラ,2,5,0.0,0.0,12.4,7,0.0
ラヴリゼット,1,5,0.0,0.0,13.2,7,0.0
ラヴリーサンダー,1,5,0.0,0.0,10.2,7,0.0
フォーント,1,5,0.2,0.6,3.8,23,0.0
フジワンキララ,1,5,0.0,0.6,3.2,7,0.0
Going Day,1,5,0.2,0.4,5.8,15,1.0
ローブディアンジェ,2,5,0.0,0.2,10.8,7,0.0
チーマ,1,5,0.0,0.0,13.2,7,0.0
ジュラン,2,5,0.0,0.0,14.2,7,0.0
ジュリアクイーン,1,5,0.0,0.0,11.4,7,0.0
リブユアドリームス,2,5,0.0,0.0,10.0,7,0.0
ホクザンパラダイス,1,5,0.2,0.4,8.4,7,0.0
シーズオールザット,2,5,0.0,0.0,14.0,7,0.0
モンペルデュ,1,5,0.0,0.0,11.6,7,0.0
エランドール,1,5,0.0,0.0,9.0,7,0.0
モルフェナンバー,1,5,0.0,0.0,9.2,7,0.0
ローランダー,1,5,0.0,0.0,8.6,7,0.0
テイエムテンモン,2,5,0.0,0.0,13.6,7,0.0
テイエムフラッシュ,2,5,0.0,0.0,12.4,7,0.0
モルフェメイト,1,5,0.0,0.2,5.2,7,0.0
キタノファンタジー,1,5,0.0,0.0,13.6,7,0.0
ジャーマンアイリス,1,5,0.0,0.0,11.0,23,0.0
ジュエルアラモード,1,5,0.0,0.0,13.4,7,0.0
ジェイドアイランド,2,5,0.0,0.0,9.6,7,0.0
ペルラー,2,5,0.0,0.0,13.0,7,0.0
ジェイエルマリーン,2,5,0.0,0.0,10.4,7,0.0
ペネトレイト,1,5,0.0,0.0,12.8,7,0.0
Porza,1,5,0.0,0.0,10.0,7,0.0
レッドヴァール,1,5,0.0,0.0,12.6,7,0.0
シルバームーン,1,5,0.0,0.0,11.8,7,0.0
シレリアナ,2,5,0.0,0.0,13.0,7,0.0
フォルゴラーレ,1,5,0.0,0.0,11.0,7,0.0
アラビアンパール,2,5,0.0,0.0,11.8,7,0.0
エリンピチカート,1,5,0.0,0.0,9.2,7,0.0
テイエムミゴテカ,1,5,0.0,0.0,12.6,7,0.0
テイエムララバイ,1,5,0.0,0.0,11.8,7,0.0
ムーンビスコッティ,1,5,0.0,0.0,14.0,7,0.0
アクロアイト,1,5,0.0,0.0,6.6,7,0.0
アグネスクレバー,1,5,0.0,0.0,10.8,7,0.0
Perfect Moment,1,5,0.0,0.0,10.0,7,0.0
Pink Sands,1,5,0.0,0.0,7.2,7,0.0
ジェイケイカフェ,1,5,0.0,0.0,11.2,7,0.0
シーキングザスター,2,5,0.0,0.0,10.4,7,0.0
シルクオリンピア,1,5,0.0,0.0,11.4,7,0.0
シルクサルート,1,5,0.0,0.0,13.8,7,0.0
ショップインミラノ,2,5,0.0,0.0,9.6,7,0.0
ショレアドルチェ,1,5,0.2,0.8,3.2,7,0.0
エムティティアラ,1,5,0.0,0.0,10.0,7,0.0
テルヌーラ,1,5,0.2,0.2,8.6,7,0.0
テレビ,1,5,0.0,0.2,5.0,7,0.0
Fiery Pulpit,1,5,0.0,0.2,5.2,7,0.0
Fifty Foot Woman,1,5,0.0,0.4,6.4,7,0.0
Flatter Up,1,5,0.2,0.4,6.8,15,1.0
テュケー,2,5,0.0,0.0,11.4,7,0.0
シーズグレイス,1,5,0.0,0.0,7.4,7,0.0
シーサイドチャペル,2,5,0.0,0.2,8.8,7,0.0
キャッチアグリムス,2,5,0.0,0.0,9.4,7,0.0
ムードフォーラブ,1,5,0.0,0.0,10.8,7,0.0
ミー2,1,5,0.0,0.4,7.4,7,0.0
キャンディスマイル,1,5,0.2,0.2,11.8,15,1.0
キョウエイボサツ,2,5,0.0,0.0,9.4,7,0.0
ディーエニー,1,5,0.0,0.0,10.2,7,0.0
ヤマカツセレーヌ,2,5,0.0,0.0,13.4,7,0.0
ヤマケイコー,1,5,0.0,0.0,10.2,7,0.0
エムエスクイーン,2,5,0.2,0.2,7.0,7,1.0
エムオービューティ,1,5,0.0,0.0,10.6,7,0.0
エプソムアルテミス,2,5,0.0,0.0,13.6,7,0.0
ディナスティーア,2,5,0.0,0.0,11.4,7,0.0
ホシノカミコウチ,1,5,0.0,0.4,5.0,131,0.0
ミルファンティ,1,5,0.0,0.0,10.0,7,0.0
キャンディーベル,2,5,0.0,0.0,10.2,7,0.0
ホホエミ,1,5,0.0,0.0,11.6,7,0.0
シンクオブミー,2,5,0.0,0.0,10.8,7,0.0
シングシングシング,1,5,0.0,0.0,6.8,7,0.0
シルクピュアハート,1,5,0.0,0.0,10.6,7,0.0
ディープスタイル,1,5,0.2,0.8,3.0,7,0.0
フェアリークイーン,1,5,0.0,0.0,9.4,7,0.0
デイム,1,5,0.0,0.0,11.8,7,0.0
デサフィアンテ,2,5,0.4,0.4,9.2,7,1.0
フィールドロマン,1,5,0.0,0.0,8.0,7,0.0
ディーズプレスト,1,5,0.0,0.0,12.6,23,0.0
ディライトプロミス,1,5,0.4,0.4,8.0,7,0.0
ディレット,2,5,0.0,0.0,13.0,7,0.0
ワイオミングガール,1,5,0.0,0.0,9.0,7,0.0
ディヴァインプレゼンス,1,5,0.0,0.0,8.6,7,0.0
ホーカマー,1,5,0.0,0.2,6.0,7,0.0
ホーザンレイラ,2,5,0.0,0.0,13.6,7,0.0
Princess Two,1,5,0.2,0.4,8.4,15,1.0
レッドマーベル,2,5,0.0,0.0,13.0,7,0.0
レッドラフェスタ,1,5,0.0,0.2,5.8,7,0.0
キャンドルサービス,1,5,0.0,0.0,13.6,7,0.0
フェアディール,1,5,0.0,0.2,4.4,7,0.0
ミルサジェス,1,5,0.0,0.0,12.8,7,0.0
ミルダイヤ,1,5,0.0,0.0,10.8,7,0.0
キョウワゴールド,1,5,0.0,0.2,11.4,23,0.0
キョウワスピカ,1,5,0.0,0.0,13.6,7,0.0
ホーマンビジュー,1,5,0.0,0.0,12.4,7,0.0
シューペルブ,1,5,0.0,0.0,8.6,43,0.0
ホーリーフルーツ,2,5,0.0,0.4,7.4,7,0.0
ホープダイナスティ,1,5,0.0,0.0,11.4,7,0.0
ショウナンダウナー,1,5,0.2,0.6,4.0,7,0.0
Quite Honestly,1,5,0.0,0.0,11.0,7,0.0
レッドフォーチュン,2,5,0.0,0.0,13.0,7,0.0
シャルムーズ,2,5,0.0,0.0,11.0,7,0.0
シャドウマスク,3,5,0.0,0.0,13.2,7,0.0
デッセシャテーヌ,2,5,0.0,0.0,11.6,7,0.0
デルマザシキワラシ,2,5,0.0,0.0,12.6,7,0.0
シャコーフェアリー,1,5,0.0,0.0,15.2,67,0.0
ミリオーレ,1,5,0.0,0.0,12.8,7,0.0
リュウキンカ,2,5,0.0,0.0,9.4,7,0.0
アカネバローロ,1,5,0.0,0.0,8.6,7,0.0
Read Federica,1,5,0.0,0.0,5.8,7,0.0
レッドパルテール,2,5,0.0,0.0,8.4,7,0.0
シャイニールミナス,1,5,0.0,0.0,10.0,7,0.0
シャインエタニティ,2,5,0.0,0.0,11.0,7,0.0
ボンジュールヘニー,2,5,0.0,0.0,9.6,7,0.0
キープオンゴーイン,2,5,0.0,0.0,7.4,7,0.0
フィジーガール,1,5,0.0,0.2,10.4,163,0.0
フィックルフレンズ,1,5,0.4,0.6,3.4,23,0.0
トゥルーライズ,1,5,0.0,0.0,8.2,7,0.0
トゥインクルタイム,1,5,0.0,0.0,8.2,7,0.0
フィリアレギス,1,5,0.0,0.0,10.2,7,0.0
Empty Portrait,1,5,0.0,0.0,10.0,23,0.0
リリアンフェルス,1,5,0.0,0.0,12.6,7,0.0
シゲルパンダ,1,5,0.0,0.0,11.6,7,0.0
ポエティックレガシー,2,5,0.0,0.0,9.0,7,0.0
シャイニンオスカー,1,5,0.0,0.2,7.8,7,0.0
シャイニングアロー,1,5,0.0,0.2,10.0,7,0.0
ボーラキアーラ,1,5,0.0,0.0,9.2,7,0.0
ポッドジーニー,1,5,0.0,0.4,3.8,7,0.0
シビックハート,2,5,0.0,0.0,10.8,7,0.0
シビルスイート,1,5,0.0,0.0,12.6,7,0.0
トウホーキセキ,1,5,0.0,0.0,11.0,7,0.0
アルティマヒート,2,5,0.0,0.0,12.2,7,0.0
フィエスタ,1,5,0.0,0.0,14.8,7,0.0
トウカイピュア,1,5,0.0,0.0,13.8,7,0.0
トゥザユニヴァース,1,5,0.0,0.0,11.0,7,0.0
デントロビウム,1,5,0.0,0.0,12.2,131,0.0
シャコービクトリア,1,5,0.0,0.0,13.0,131,0.0
ミラクルウーマン,1,5,0.0,0.0,10.8,7,0.0
クィーンユニバンス,2,5,0.0,0.0,10.0,7,0.0
Regency,1,5,0.2,0.2,5.8,15,1.0
Reve Enchante,1,5,0.0,0.0,9.6,7,0.0
レッドジュディス,2,5,0.0,0.4,8.2,7,0.0
ポッドギル,1,5,0.0,0.4,6.4,7,0.0
シェアースマイル,1,5,0.0,0.0,7.2,7,0.0
トネスボウス,1,5,0.0,0.0,10.2,7,0.0
エイシンラブソング,1,5,0.0,0.0,6.2,7,0.0
エイシンロード,1,5,0.0,0.0,9.2,7,0.0
エクスチェンジ,1,5,0.0,0.2,5.6,7,0.0
Downtown Manhattan,2,5,0.0,0.4,6.6,7,0.0
ファーストタッチ,1,5,0.0,0.0,11.0,7,0.0
トキノメイゲツ,1,5,0.0,0.0,10.6,7,0.0
トコロロ,2,5,0.0,0.0,12.8,7,0.0
キリーンガール,2,5,0.0,0.0,16.2,7,0.0
ミューラルクラウン,1,5,0.0,0.0,9.2,7,0.0
Right There,1,5,0.0,0.2,9.0,7,0.0
Romantic Dreams,1,5,0.0,0.0,10.0,7,0.0
Rose of Summer,1,5,0.0,0.2,8.4,7,0.0
サーブルクイーン,1,5,0.0,0.0,8.8,7,0.0
エイシンマカロン,2,5,0.0,0.2,8.8,7,0.0
エイシンミノアカ,1,5,0.0,0.0,11.6,7,0.0
ユアライフスタイル,3,5,0.0,0.0,9.2,7,0.0
エイワジョリー,1,5,0.0,0.0,7.8,7,0.0
トラストマヴィア,1,5,0.0,0.0,11.0,7,0.0
トラストワージー,1,5,0.0,0.2,8.4,7,0.0
ファミーユボヌール,3,5,0.0,0.2,6.8,7,0.0
ファモーザ,2,5,0.0,0.2,8.2,7,0.0
トラストダーコ,1,5,0.2,0.6,3.8,7,0.0
トドロキエンジェル,2,5,0.2,0.2,8.6,7,1.0
シスネ,1,5,0.0,0.0,13.2,43,0.0
ファイブフォース,1,5,0.0,0.0,10.8,7,0.0
Diza,1,5,0.0,0.4,6.8,7,0.0
ワルトシュタイン,1,5,0.0,0.0,13.6,7,0.0
トロピカルスパート,2,5,0.0,0.0,11.2,7,0.0
トロワゼトワル,2,5,0.2,0.6,4.8,7,0.0
エイシンゾーン,1,5,0.0,0.0,10.6,7,0.0
ラルムドランジュ,2,5,0.0,0.6,3.8,7,0.0
アルファアップル,2,5,0.0,0.0,12.6,7,0.0
ラローデ,1,5,0.0,0.2,7.4,7,0.0
ファキューラ,1,5,0.2,0.2,7.0,7,0.0
Duff One,1,5,0.0,0.0,11.8,7,0.0
Dinghy,1,5,0.0,0.2,11.4,7,0.0
Divine Escapade,1,5,0.0,0.0,10.4,7,0.0
ポリアンサ,1,5,0.0,0.0,8.2,7,0.0
ポリカ,1,5,0.0,0.0,9.8,7,0.0
ミュゼフローレンス,1,5,0.0,0.0,10.6,7,0.0
トーセンアイリス,2,5,0.0,0.0,13.2,7,0.0
クイーンモモコ,1,5,0.0,0.0,10.4,7,0.0
クイーンカピオラニ,1,5,0.0,0.2,6.2,7,0.0
サンマルサクラコ,2,5,0.0,0.0,9.6,7,0.0
サンマルタイトル,2,5,0.0,0.0,13.4,7,0.0
サンドピクチャー,2,5,0.0,0.0,10.6,7,0.0
マイギフト,1,5,0.0,0.0,13.4,7,0.0
サーストンフラッグ,2,5,0.0,0.0,13.8,7,0.0
サンダーバトル,2,5,0.0,0.0,11.0,7,0.0
サンデーウィッシュ,2,5,0.0,0.0,12.0,7,0.0
マイティーハニー,2,5,0.0,0.0,8.0,7,0.0
サンセットボニー,1,5,0.2,0.6,4.2,23,0.0
エイシンシャロン,1,5,0.0,0.2,6.2,7,0.0
エイシンイジゲン,1,5,0.0,0.2,10.6,7,0.0
ユキノカトレア,2,5,0.0,0.0,11.4,7,0.0
ファイナルキス,1,5,0.0,0.0,9.6,7,0.0
マイディアダーリン,1,5,0.0,0.0,10.0,7,0.0
マイナーズドリーム,2,5,0.0,0.0,9.8,7,0.0
サンデーブレーヴ,1,5,0.0,0.0,11.8,7,0.0
アイファーコラソン,2,5,0.0,0.0,13.0,7,0.0
リリーオブザバリー,2,5,0.0,0.4,8.6,7,0.0
アイズオブナタリー,3,5,0.0,0.0,13.4,7,0.0
サラーバ,2,5,0.4,0.6,3.0,7,0.5
マイネオルビット,1,5,0.0,0.0,11.6,7,0.0
サマーヴィーナス,1,5,0.0,0.0,10.2,7,0.0
サフランルーデンス,1,5,0.0,0.0,10.2,7,0.0
エイシンキララ,1,5,0.0,0.0,11.4,7,0.0
ユメカスミ,2,5,0.0,0.0,13.8,7,0.0
ユメサカス,1,5,0.0,0.0,11.4,7,0.0
ユメチョウサン,2,5,0.0,0.0,12.8,7,0.0
エアワルツ,2,5,0.0,0.2,10.4,7,0.0
トーアルシオール,2,5,0.0,0.0,13.8,7,0.0
リンコリュウオー,1,5,0.0,0.0,10.2,7,0.0
サラドリーム,1,5,0.0,0.0,11.2,7,0.0
クライフターン,1,5,0.0,0.0,10.0,7,0.0
クラウンアモーレ,1,5,0.0,0.0,10.4,7,0.0
Save Our Oceans,1,5,0.0,0.2,6.2,7,0.0
マイネパトリシア,1,5,0.0,0.0,15.0,7,0.0
マイネフェニーチェ,2,5,0.0,0.2,8.8,7,0.0
サニートウショウ,2,5,0.0,0.0,12.0,7,0.0
ラララウィンパル,1,5,0.0,0.0,10.2,7,0.0
エイシンオズ,1,5,0.0,0.0,7.6,7,0.0
トーセンママレード,2,5,0.0,0.0,9.8,7,0.0
トーホウフレーテ,1,5,0.0,0.0,8.4,7,0.0
ワンダフルバディ,1,5,0.0,0.0,10.6,7,0.0
Dalamar,1,5,0.0,0.0,6.4,7,0.0
トーホウスキャット,1,5,0.0,0.0,13.0,7,0.0
トーセンノーブル,1,5,0.0,0.0,9.2,7,0.0
Seattle Slang,1,5,0.2,0.4,8.0,7,0.0
レジェ,1,5,0.0,0.0,11.8,7,0.0
レジェンディスト,2,5,0.4,0.8,4.0,7,0.0
サイレントスター,2,5,0.0,0.0,14.6,7,0.0
マクロホーネット,1,5,0.0,0.0,9.2,43,0.0
ナイキアクトレス,1,5,0.0,0.2,9.0,7,0.0
ユーピロンユー,1,5,0.0,0.0,11.4,7,0.0
ドラゴンシップ,1,5,0.0,0.0,9.2,7,0.0
トーヨーハヤテ,2,5,0.0,0.0,8.2,7,0.0
ワンダーキャット,1,5,0.0,0.0,10.6,7,0.0
ドゥマイモンシェリ,1,5,0.0,0.0,9.6,23,0.0
ピッパ,1,5,0.0,0.0,9.4,7,0.0
サトノジャスミン,1,5,0.2,0.2,7.0,15,1.0
サトノフタバ,1,5,0.0,0.0,13.4,7,0.0
ミテミテ,1,5,0.0,0.4,6.4,7,0.0
サクラフォンテーヌ,1,5,0.2,0.2,8.8,7,0.0
マザーシプトン,2,5,0.2,0.2,10.0,7,0.5
マザートウショウ,2,5,0.0,0.0,11.2,7,0.0
ウルビーノ,1,5,0.0,0.0,9.0,7,0.0
エアマディーナ,2,5,0.0,0.0,9.0,7,0.0
エアバドゥ,1,5,0.0,0.0,10.6,7,0.0
ピクニックソング,2,5,0.0,0.0,11.2,7,0.0
ピクニックムード,1,5,0.0,0.0,12.8,131,0.0
ナシートアミーラ,1,5,0.0,0.0,13.2,7,0.0
ナスノシンフォニー,2,5,0.0,0.4,7.4,7,0.0
ドリームサンサン,1,5,0.0,0.0,9.6,7,0.0
ピサノジュバン,1,5,0.0,0.0,9.6,7,0.0
レジーナガール,1,5,0.0,0.2,11.6,7,0.0
Sapporo,1,5,0.0,0.0,6.6,7,0.0
サクラヒーロー,1,5,0.0,0.0,10.0,7,0.0
サクラシルフィード,1,5,0.0,0.0,11.6,7,0.0
サクライリューム,1,5,0.0,0.0,10.0,7,0.0
クリキャノン,1,5,0.0,0.0,11.4,23,0.0
Zegna,1,5,0.0,0.2,10.2,7,0.0
Wilson's Creek,1,5,0.0,0.0,9.2,7,0.0
ゴールデンフレアー,2,5,0.2,0.2,11.0,7,0.0
ゴールデンニックス,2,5,0.0,0.0,11.8,7,0.0
ゴブレット,1,5,0.0,0.0,11.0,7,0.0
アローフィールド,2,5,0.0,0.0,13.6,23,0.0
ラム,2,5,0.0,0.0,10.4,7,0.0
Cumin,1,5,0.0,0.0,9.0,7,0.0
ナムラインプレス,2,5,0.0,0.0,10.4,7,0.0
マキノコーラルシー,1,5,0.0,0.0,12.2,7,0.0
ミチル,1,5,0.0,0.2,5.8,7,0.0
ミスミズ,1,5,0.0,0.0,8.2,7,0.0
ミスルピナス,1,5,0.0,0.0,10.0,7,0.0
Sheikh and Awe,1,5,0.0,0.2,9.8,7,0.0
ゴールドキャヴィア,1,5,0.0,0.2,12.4,67,0.0
ビービーハナビ,1,5,0.0,0.0,8.8,7,0.0
ナムラキヌ,1,5,0.0,0.0,10.8,7,0.0
ナムラヒヨリ,1,5,0.0,0.0,7.0,7,0.0
ナムラマリオン,1,5,0.0,0.0,13.2,7,0.0
ビーカーリー,2,5,0.0,0.0,13.0,7,0.0
ビージョイフルアンドリジョイス,1,5,0.0,0.0,10.0,7,0.0
ウォーターハミング,2,5,0.0,0.0,9.4,7,0.0
ウエスタンシャープ,2,5,0.0,0.0,11.0,7,0.0
ウエスタンスクープ,2,5,0.0,0.0,9.8,7,0.0
ライジングネクスト,1,5,0.0,0.0,12.6,7,0.0
ウォーターラーテル,1,5,0.0,0.2,6.4,7,0.0
ビーミングアイ,1,5,0.0,0.0,10.2,7,0.0
ヨンハ,2,5,0.0,0.0,10.6,7,0.0
マシェリガール,2,5,0.0,0.0,10.8,7,0.0
サイキョウツバキ,1,5,0.0,0.0,13.6,7,0.0
ミセストウショウ,1,5,0.0,0.0,11.8,7,0.0
コーリンベリー,1,5,0.0,0.4,8.8,7,0.0
コールミーシュガー,1,5,0.0,0.0,10.2,7,0.0
マスコットレディ,1,5,0.0,0.0,11.8,43,0.0
マストシーストップ,1,5,0.0,0.0,9.0,7,0.0
ゴンフレナ,2,5,0.0,0.0,13.8,7,0.0
クリノカッシミー,2,5,0.0,0.0,13.6,7,0.0
アンジュールラブ,1,5,0.0,0.0,14.0,7,0.0
アンシェンヌヴィル,2,5,0.0,0.0,12.4,7,0.0
ラベンダーミント,2,5,0.0,0.2,7.0,7,0.0
ラペルトワ,2,5,0.0,0.0,12.6,7,0.0
ナルハヤ,1,5,0.0,0.2,10.2,7,0.0
ナルミチャン,2,5,0.0,0.0,12.0,7,0.0
ビューヤマザクラ,1,5,0.0,0.0,10.8,7,0.0
ビヴァレッジクイーン,1,5,0.2,0.4,3.6,7,0.0
ビービーオドラント,1,5,0.0,0.0,7.8,7,0.0
ビービーシャイン,1,5,0.0,0.0,15.2,7,0.0
City Chic,1,5,0.0,0.0,8.2,7,0.0
ワールドマジック,1,5,0.0,0.2,9.4,7,0.0
ニシノキラキラ,3,5,0.0,0.0,13.8,7,0.0
ニコーズステージ,1,5,0.2,0.4,7.2,7,0.0
ニシノアメイズ,1,5,0.0,0.0,9.0,7,0.0
ウインブリアン,1,5,0.0,0.0,10.6,7,0.0
Coolibah,1,5,0.0,0.0,9.4,7,0.0
Coronado Rose,1,5,0.0,0.2,10.0,7,0.0
ワンダーレイズ,1,5,0.0,0.0,9.8,7,0.0
レイホーロマンス,2,5,0.0,0.0,7.8,7,0.0
レインスウェプト,2,5,0.0,0.0,10.0,7,0.0
Skagen,1,5,0.0,0.2,7.8,7,0.0
クリスマスアウィン,1,5,0.0,0.0,13.8,7,0.0
クリスタルシャワー,1,5,0.0,0.0,10.8,7,0.0
ミスマリア,1,5,0.2,0.2,8.8,7,0.0
クリノオンディーヌ,1,5,0.2,0.6,5.4,7,0.0
ニシノフォルテ,2,5,0.0,0.0,10.8,7,0.0
クリノスイートピー,1,5,0.0,0.0,13.8,7,0.0
クリノステップ,2,5,0.0,0.0,14.6,7,0.0
クルタナ,1,5,0.0,0.0,12.4,7,0.0
クリムパルフェ,1,5,0.0,0.0,6.0,7,0.0
Spank,1,5,0.0,1.0,2.2,7,0.0
Somethinaboutlaura,1,5,0.0,0.0,10.4,7,0.0
マチカネササメユキ,2,5,0.2,0.2,7.6,23,0.0
マストビーレイト,1,5,0.0,0.0,11.2,7,0.0
コートダルジャン,1,5,0.0,0.2,7.2,7,0.0
コンプリートベスト,1,5,0.0,0.2,5.6,7,0.0
ウインクルチャチャ,2,5,0.0,0.0,10.4,7,0.0
ライワルツ,1,5,0.0,0.0,11.0,7,0.0
ウインポプリ,2,5,0.0,0.2,9.4,7,0.0
ウインマハロ,3,5,0.0,0.0,11.4,7,0.0
Church by the Sea,1,5,0.2,0.4,5.6,7,0.0
マダムストーリー,1,5,0.0,0.0,7.2,7,0.0
Word of Mouth,1,5,0.2,0.8,3.0,15,1.0
リーティラ,1,5,0.0,0.0,13.2,7,0.0
リードザウインド,1,5,0.0,0.0,10.8,7,0.0
リーピングキャット,2,5,0.2,0.2,10.2,7,1.0
コミカル,2,5,0.2,0.2,9.6,7,0.0
マチカネレダ,1,5,0.0,0.0,10.8,7,0.0
コンクェストハードキャンディ,1,5,0.0,0.2,5.0,7,0.0
ラブラブラブ,1,5,0.0,0.4,5.0,7,0.0
ラブリーインチーフ,1,5,0.0,0.0,8.4,7,0.0
Cha Cha Time,1,5,0.0,0.0,12.2,7,0.0
Catigo,1,5,0.0,0.0,11.0,7,0.0
ニシノココロ,1,5,0.0,0.0,10.8,23,0.0
ビサイド,1,5,0.0,0.4,5.6,43,0.0
ビジュ,1,5,0.0,0.0,10.8,7,0.0
ニシノマンゲキョウ,1,5,0.0,0.0,10.6,7,0.0
Wild Gams,1,5,0.0,0.2,6.6,43,0.0
Vivalda,2,5,0.0,0.0,11.0,7,0.0
コスモパープル,1,5,0.0,0.0,11.4,7,0.0
コマノアクラ,1,5,0.4,0.6,4.8,15,1.0
マックスアリエル,1,5,0.0,0.0,14.6,7,0.0
マニエルトウショウ,1,5,0.0,0.0,11.2,7,0.0
Storidawn,1,5,0.4,0.6,4.8,7,0.0
Storm Showers,1,5,0.0,0.0,9.2,7,0.0
ラガーデリゲート,2,5,0.0,0.0,8.8,7,0.0
ラガーファンタジー,2,5,0.0,0.0,15.0,7,0.0
ウインクアットデエンジャー,1,5,0.2,0.6,4.0,43,0.0
ウインクパール,2,5,0.0,0.2,12.0,7,0.0
ウィーヴァー,1,5,0.0,0.4,6.0,7,0.0
ニットウコメット,2,5,0.0,0.2,10.0,7,0.0
ニットウジャンヌ,2,5,0.0,0.0,12.4,7,0.0
ヌーヴェルレーヌ,2,5,0.0,0.0,11.0,7,0.0
レイクメリット,1,5,0.0,0.0,8.6,7,0.0
コパノバウンシ,1,5,0.0,0.0,9.0,23,0.0
クレヴァネスバイオ,1,5,0.0,0.0,13.4,7,0.0
ミスクリアモン,2,5,0.0,0.2,12.0,7,0.0
クロヅル,1,5,0.0,0.0,11.2,7,0.0
クロカミノマイ,2,5,0.0,0.0,12.0,7,0.0
コスモザガリア,2,5,0.0,0.0,14.2,7,0.0
ミザイ,3,5,0.0,0.0,12.6,7,0.0
ヒメ,1,5,0.2,0.2,10.4,67,0.0
ノアブリジット,1,5,0.0,0.0,12.6,7,0.0
ラグナセカ,1,5,0.0,0.2,9.6,7,0.0
ラシルフィード,3,5,0.0,0.0,9.4,7,0.0
ネモフィラハピネス,1,5,0.0,0.0,6.6,7,0.0
ノック,2,5,0.0,0.0,10.0,7,0.0
Caledonia Road,1,5,0.0,0.2,10.2,7,0.0
ネジェム,1,5,0.0,0.2,6.8,23,0.0
マミーフェスト,1,5,0.0,0.0,9.8,7,0.0
マヤノアンズ,1,5,0.0,0.0,13.4,7,0.0
Sugar Babe,1,5,0.0,0.0,8.6,7,0.0
Sunshine for Life,1,5,0.0,0.0,10.4,7,0.0
マラブフリート,1,5,0.0,0.0,9.8,7,0.0
Supreme Goddess,1,5,0.0,0.0,11.2,7,0.0
ノーブルスコア,1,5,0.2,0.2,8.8,7,0.0
イヴニングブルーム,1,5,0.0,0.0,7.4,7,0.0
ラブミーダイヤ,2,5,0.0,0.2,5.8,7,0.0
Carpe Solis,1,5,0.2,0.2,10.0,15,1.0
ヴァレッタスカイ,1,5,0.0,0.0,11.6,7,0.0
ヴァレンティーネ,2,5,0.0,0.0,14.2,7,0.0
ノーアフェアー,1,5,0.0,0.0,12.8,7,0.0
ノーザンジュン,1,5,0.0,0.0,14.6,7,0.0
ヒルド,1,5,0.0,0.0,7.6,7,0.0
ノディアック,1,5,0.0,0.0,11.0,7,0.0
クーチュア,1,5,0.0,0.0,11.4,7,0.0
ケイシュウアップ,1,5,0.0,0.2,10.0,7,0.0
マリナデルレイ,1,5,0.0,0.2,10.4,7,0.0
マリノアマゾネス,2,5,0.0,0.0,9.2,7,0.0
マヤリッシュ,1,5,0.0,0.2,8.6,7,0.0
ノーブルカリナン,2,5,0.6,0.8,3.2,7,1.0
ヒシエトワール,1,5,0.0,0.0,13.0,7,0.0
ノーブルライト,2,5,0.0,0.0,12.4,7,0.0
ラストベガ,1,5,0.0,0.2,9.6,7,0.0
イーヴンソー,2,5,0.0,0.2,11.8,7,0.0
ノースサファイア,1,5,0.0,0.2,11.0,7,0.0
ヒダロマン,2,5,0.0,0.0,12.0,7,0.0
ノーブルサンライズ,2,5,0.0,0.0,11.8,7,0.0
リーヴザマーク,1,5,0.0,0.0,11.6,23,0.0
Universal Peace,1,5,0.0,0.0,13.4,23,0.0
ルクールドラメール,1,5,0.0,0.0,12.0,7,0.0
ハイヒール,2,5,0.0,0.0,9.2,7,0.0
ハイスピードカム,1,5,0.0,0.2,6.8,7,0.0
ハイデンガールズ,2,5,0.0,0.0,15.0,7,0.0
ハシルヨアカルク,1,5,0.0,0.0,11.8,7,0.0
ハセノヒロイン,1,5,0.0,0.2,6.8,7,0.0
インテリジェンス,2,5,0.0,0.0,14.8,7,0.0
インパクトゲーム,1,5,0.0,0.0,10.0,7,0.0
インピード,1,5,0.2,0.4,6.8,15,1.0
ノーマルシー,1,5,0.0,0.2,6.8,7,0.0
ヒシバイタル,2,5,0.0,0.0,10.4,7,0.0
Brassy Lassie,1,5,0.2,0.6,4.6,7,0.0
Bratislava,1,5,0.2,0.4,5.0,7,0.0
Big Meesh,1,5,0.0,0.0,12.8,7,0.0
ルージュハート,1,5,0.0,0.0,12.2,7,0.0
ルージュバローズ,2,5,0.0,0.0,11.6,7,0.0
ミコレジーナ,1,5,0.2,1.0,2.2,7,0.0
ケイアイセイラ,2,5,0.0,0.0,11.6,7,0.0
ケアフルタイミング,1,5,0.0,0.0,8.2,7,0.0
ケイアイカグラ,1,5,0.0,0.0,15.2,23,0.0
ケイビイスパイダー,2,5,0.0,0.0,11.0,7,0.0
ケムマキ,1,5,0.0,0.0,13.8,7,0.0
ミオソチス,1,5,0.0,0.0,11.6,7,0.0
クールマジョリック,2,5,0.0,0.0,11.2,7,0.0
クーレクー,1,5,0.0,0.4,5.4,7,0.0
マーブルフレンテ,2,5,0.0,0.0,12.8,7,0.0
マーベラスウーマン,1,5,0.2,0.4,3.2,7,0.0
アヴィエッタ,1,5,0.0,0.0,11.0,7,0.0
アヴィオール,1,5,0.0,0.2,8.0,7,0.0
ハッピーデキシー,1,5,0.0,0.4,6.8,67,0.0
パールチケット,2,5,0.0,0.0,11.4,7,0.0
ハギノオーブ,1,5,0.0,0.0,9.2,7,0.0
ヒカルマナムスメ,1,5,0.0,0.0,10.4,7,0.0
Turfdonna,1,5,0.4,0.4,6.0,15,1.0
グレインザダンス,2,5,0.0,0.4,6.8,7,0.0
グレースアンバー,1,5,0.0,0.0,13.0,7,0.0
マルゼンブリッジ,2,5,0.0,0.0,11.6,7,0.0
マルカアイリス,1,5,0.0,0.0,11.6,7,0.0
グロウリボン,1,5,0.2,0.2,9.6,131,0.0
グリーンバナナズ,2,5,0.4,0.6,3.0,7,0.5
Tempting Delight,1,5,0.0,0.0,9.2,43,0.0
ラティーンセイル,1,5,0.2,0.2,4.6,7,0.0
ラッキーダイム,2,5,0.4,0.4,5.8,7,0.0
イルーシヴグレイス,1,5,0.0,0.0,10.2,7,0.0
ハニーフォンテン,1,5,0.0,0.2,8.2,7,0.0
ハナザカリ,1,5,0.0,0.0,13.2,7,0.0
パールデルタ,1,5,0.0,0.6,5.6,7,0.0
Birdie Gold,1,5,0.0,0.0,10.2,7,0.0
Blossomed,1,5,1.0,1.0,1.0,15,1.0
ルフィーナ,2,5,0.0,0.0,13.6,7,0.0
ルプレジール,1,5,0.2,0.6,3.2,7,0.0
グランドバリュー,1,5,0.0,0.0,11.4,7,0.0
アーチョコレート,1,5,0.2,0.4,5.8,7,0.0
イデアル,1,5,0.0,0.0,11.4,7,0.0
ハマオリ,1,5,0.4,0.6,4.2,7,0.0
パンドラロード,1,5,0.0,0.0,12.8,23,0.0
パーシネット,1,5,0.0,0.0,8.2,7,0.0
ハルシオンバード,1,5,0.0,0.0,11.8,7,0.0
パーフェクトワールド,3,5,0.0,0.0,15.0,7,0.0
Bedford Hope,1,5,0.0,0.0,12.8,7,0.0
ヴィブラビ,2,5,0.0,0.0,10.6,7,0.0
ヴィルデローゼ,2,5,0.0,0.2,7.6,7,0.0
Tamada,1,5,0.0,0.0,9.4,7,0.0
ルヴォワール,1,5,0.0,0.2,7.6,7,0.0
ルタンブル,1,5,0.0,0.2,8.4,7,0.0
Aloof,1,5,0.0,0.2,8.8,7,0.0
Allegrina,1,5,0.0,0.4,5.0,7,0.0
イエローダンサー,1,5,0.0,0.0,11.0,7,0.0
イエローマリンバ,1,5,0.0,0.0,11.4,7,0.0
イシノスター,1,5,0.0,0.0,9.0,7,0.0
バゴラグーン,2,5,0.0,0.0,13.4,7,0.0
パティシエール,2,5,0.0,0.0,11.6,7,0.0
パナシュドール,1,5,0.0,0.2,9.2,7,0.0
ハーモニクス,1,5,0.0,0.2,9.8,7,0.0
バグダッドカフェ,1,5,0.4,0.8,3.2,7,0.0
Be Fair,1,5,0.0,0.4,3.6,7,0.0
マレキアーレ,2,5,0.0,0.2,10.4,7,0.0
マロンブーケ,1,5,0.0,0.0,11.4,7,0.0
グランパルトネール,1,5,0.0,0.0,10.2,7,0.0
Toula,1,5,0.0,0.0,13.8,7,0.0
グラッドストック,1,5,0.0,0.0,9.2,7,0.0
パステルモーブ,1,5,0.0,0.0,10.0,7,0.0
バンビーナミノル,1,5,0.0,0.0,7.6,7,0.0
バーシャ,1,5,0.0,0.2,6.2,7,0.0
バンジョーピジョン,1,5,0.0,0.0,10.8,7,0.0
パゲラ,2,5,0.0,0.0,10.0,7,0.0
バックシートリズム,1,5,0.0,0.2,5.2,7,0.0
Ava Pie,1,5,0.0,0.0,6.6,7,0.0
バルベーラ,2,5,0.0,0.0,6.4,7,0.0
ヴェルヴェットレディ,1,5,0.0,0.0,7.8,7,0.0
パインアキナ,2,5,0.0,0.2,6.6,7,0.0
パインブライト,1,5,0.0,0.0,7.8,7,0.0
ヴェニーズワルツ,2,5,0.0,0.2,7.8,7,0.0
Alice Rose,1,5,0.0,0.0,10.8,7,0.0
Appleton Drove,1,5,0.0,0.0,8.2,7,0.0
Aquapazza,1,5,0.0,0.0,11.2,7,0.0
Almudena,1,5,0.2,0.4,4.8,7,0.0
ハービーナ,2,4,0.0,0.0,13.0,7,0.0
イシノレプリート,2,4,0.0,0.0,11.75,7,0.0
パッサリン,1,4,0.0,0.0,9.75,23,0.0
Alanza,1,4,0.0,0.0,8.25,7,0.0
Algarade,1,4,0.0,0.0,11.25,7,0.0
イエロースター,1,4,0.0,0.25,7.75,7,0.0
ラフタ,1,4,0.25,0.5,3.0,15,1.0
イクノハレスガタ,1,4,0.0,0.0,11.0,23,0.0
ラピッドライズ,1,4,0.0,0.0,14.5,7,0.0
イイデステップ,2,4,0.0,0.0,14.0,7,0.0
ラナモン,1,4,0.25,1.0,2.0,7,0.0
Agathonia,2,4,0.0,0.0,9.75,7,0.0
パルステージ,1,4,0.0,0.0,13.0,7,0.0
ラビットファレル,1,4,0.0,0.0,12.75,7,0.0
イダ,1,4,0.0,0.0,10.0,7,0.0
イチザティアラ,1,4,0.0,0.0,13.0,7,0.0
アートロマン,1,4,0.0,0.0,8.25,23,0.0
ラッシュハート,1,4,0.0,0.0,9.25,7,0.0
イッツマイタイム,2,4,0.0,0.0,13.75,7,0.0
パッションチカ,1,4,0.0,0.0,11.25,7,0.0
イリデッセンス,1,4,0.0,0.0,12.25,7,0.0
イルミナル,2,4,0.0,0.5,7.0,7,0.0
イルミナーレ,1,4,0.0,0.0,11.25,7,0.0
アースフライト,1,4,0.0,0.0,12.0,7,0.0
アヴァンセヴェリテ,2,4,0.0,0.0,12.75,7,0.0
ラブスプラッシュ,1,4,0.0,0.25,7.0,7,0.0
ラブバレンタイン,1,4,0.0,0.0,9.0,7,0.0
インタールナ,2,4,0.0,0.0,11.5,7,0.0
ラチカベッラ,2,4,0.0,0.0,12.5,7,0.0
ハンマークラビア,1,4,0.0,0.0,12.0,7,0.0
ハレアカラミスト,1,4,0.0,0.25,4.25,43,0.0
パレスマドンナ,1,4,0.0,0.0,12.25,7,0.0
ハートフォーカス,2,4,0.0,0.0,11.0,7,0.0
パリスブルー,2,4,0.0,0.0,13.5,7,0.0
Baldovina,1,4,0.25,0.25,11.0,15,1.0
Ballet Romance,1,4,0.0,0.25,10.0,7,0.0
Arravale,1,4,0.25,0.25,8.75,15,1.0
パミーナ,2,4,0.0,0.25,11.0,7,0.0
バイオレットクイル,1,4,0.0,0.0,13.5,43,0.0
ハッピーブライド,1,4,0.0,0.5,4.0,7,0.0
イーグルフォンテン,1,4,0.5,0.5,4.75,15,1.0
アンフォゲッタブル,1,4,0.0,0.0,9.5,7,0.0
ウィクトール,1,4,0.0,0.0,8.75,7,0.0
ラゴンダカフェ,1,4,0.0,0.0,13.0,7,0.0
ラサルダン,1,4,0.0,0.0,10.75,7,0.0
ラディーア,1,4,0.0,0.0,8.25,7,0.0
ハッピーランラン,2,4,0.0,0.0,9.25,7,0.0
パレスルビー,1,4,0.0,0.25,4.0,7,0.0
ハギノアップラウゾ,1,4,0.25,0.25,5.75,7,0.0
Bless,1,4,0.0,0.0,6.25,23,0.0
Blue Bird Lady,1,4,0.5,0.5,7.25,15,1.0
Blushing Issue,1,4,0.0,0.0,12.0,7,0.0
ヴィクトリアピース,1,4,0.0,0.25,6.5,7,0.0
ハツネ,1,4,0.0,0.0,9.25,7,0.0
ハトゥンルナ,1,4,0.0,0.0,9.5,7,0.0
ノーブルドノール,1,4,0.0,0.0,12.75,7,0.0
ノーブルワークス,1,4,0.0,0.0,9.5,7,0.0
ウインエトワール,1,4,0.0,0.0,10.5,7,0.0
アンドラステ,1,4,0.5,0.75,2.75,7,0.0
アンセラン,2,4,0.0,0.25,4.25,7,0.0
ライムライトローズ,1,4,0.0,0.0,14.0,7,0.0
ウインゼノビア,1,4,0.0,0.0,12.75,7,0.0
ライフアンドソウル,1,4,0.0,0.0,13.5,7,0.0
イージーラフター,1,4,0.0,0.0,10.25,7,0.0
ヒシストーミイ,2,4,0.0,0.0,10.5,7,0.0
ヒシトパーズ,1,4,0.0,0.0,13.25,7,0.0
Bon Jovi Girl,1,4,0.0,0.0,9.25,7,0.0
ヒカルヨザクラ,1,4,0.0,0.0,11.5,7,0.0
ハイビスカス,1,4,0.25,0.25,6.75,15,1.0
ハセノアリエス,1,4,0.0,0.0,12.0,7,0.0
ネオヴァシュラン,1,4,0.0,0.0,8.5,7,0.0
ウインルチル,1,4,0.0,0.0,12.25,7,0.0
ライズスクリュー,1,4,0.0,0.0,10.5,7,0.0
ウェットサンプ,1,4,0.0,0.0,9.75,7,0.0
アンジュマリッシュ,1,4,0.0,0.0,9.75,7,0.0
アンジュラミエル,2,4,0.0,0.0,13.0,7,0.0
ウエスタンレベッカ,2,4,0.0,0.25,10.0,7,0.0
ノットオーソリティ,1,4,0.75,0.75,2.0,15,1.0
ヒミノキセキ,1,4,0.0,0.0,12.75,7,0.0
Canny,1,4,0.25,0.25,5.75,15,1.0
ヴァレンス,1,4,0.0,0.0,11.5,7,0.0
ヴァンデグローブ,1,4,0.0,0.0,12.5,7,0.0
ノーザンソング,1,4,0.0,0.0,11.75,7,0.0
ヒットザフロアー,1,4,0.0,0.0,9.5,7,0.0
ニットウヴァレリー,2,4,0.0,0.0,9.25,7,0.0
ヨッテウタッテ,2,4,0.0,0.0,10.25,7,0.0
ウキヨノカゼ,1,4,0.0,0.0,9.0,7,0.0
ヨドノプルメリア,1,4,0.0,0.25,4.5,7,0.0
エアツイッター,1,4,0.0,0.0,9.75,7,0.0
ヨカヨカ,1,4,0.25,0.5,4.0,7,0.0
ヨシノパナギア,1,4,0.0,0.0,13.25,7,0.0
ヒロブラッサム,1,4,0.0,0.0,12.25,7,0.0
ヒーリングヴォイス,1,4,0.0,0.0,9.25,7,0.0
ニューヨークバレエ,1,4,0.0,0.0,14.25,7,0.0
Celtic Chant,1,4,0.0,0.25,4.25,7,0.0
ヴァラークラウン,1,4,0.25,0.75,4.25,7,0.0
ヴァルドワーズ,1,4,0.25,0.5,5.5,15,1.0
ネクストタイム,1,4,0.0,0.0,11.5,15,0.0
ネオヴァイン,1,4,0.0,0.0,12.5,7,0.0
ニシノミウ,1,4,0.0,0.0,9.5,7,0.0
ニシノフェリーチェ,2,4,0.0,0.0,12.0,7,0.0
ニューエディション,1,4,0.0,0.0,13.0,7,0.0
ユーセイクインサー,1,4,0.0,0.0,10.5,7,0.0
ユーセイシャイニー,2,4,0.0,0.0,13.5,7,0.0
ユメモノガタリ,1,4,0.0,0.0,13.5,7,0.0
アルフレックス,1,4,0.0,0.0,11.0,7,0.0
ララベル,1,4,0.0,0.25,9.5,7,0.0
ラララルジェス,1,4,0.0,0.0,12.75,7,0.0
エイシンオリヒメ,1,4,0.0,0.0,10.75,23,0.0
エイシントット,1,4,0.0,0.0,9.25,7,0.0
エイシンバヤール,1,4,0.0,0.25,7.0,7,0.0
ウエスタンバスター,1,4,0.0,0.0,12.25,7,0.0
ライスフラワー,1,4,0.0,0.0,14.25,7,0.0
Cholena,1,4,0.25,0.25,9.75,7,0.0
Clare Skies Ahead,1,4,0.0,0.0,10.75,7,0.0
ワールドツアラー,1,4,0.0,0.0,12.0,7,0.0
ワールドフォース,1,4,0.0,0.0,7.0,7,0.0
ワールドフォーラブ,1,4,0.0,0.0,11.25,7,0.0
ビッププリマステラ,2,4,0.0,0.0,13.5,7,0.0
ニシノエルハーブ,2,4,0.0,0.0,13.5,7,0.0
ビターオレンジ,1,4,0.0,0.0,12.25,23,0.0
ビターココア,2,4,0.0,0.0,10.25,7,0.0
ナムラテンゲル,1,4,0.0,0.25,8.75,7,0.0
エイシンウィチタ,2,4,0.0,0.0,14.5,7,0.0
エイシンチタニア,1,4,0.0,0.0,12.75,23,0.0
エイシンチャーター,1,4,0.0,0.0,10.5,7,0.0
エイシンチーター,3,4,0.0,0.0,11.25,7,0.0
アルファライズ,1,4,0.0,0.0,8.75,7,0.0
ランドスケープ,2,4,0.0,0.0,11.25,7,0.0
エイシンボルト,1,4,0.0,0.0,11.5,7,0.0
ユリカチャン,2,4,0.0,0.0,13.5,7,0.0
ナムラリコリス,1,4,0.25,0.75,2.75,7,0.0
ナムラビバ,1,4,0.0,0.0,12.0,7,0.0
ナリタランバード,2,4,0.0,0.25,5.75,23,0.0
Contredanse,1,4,0.0,0.0,10.0,7,0.0
Cousin Newyork Fay,1,4,0.5,0.5,6.0,7,0.0
ビャクヤザクラ,1,4,0.0,0.0,10.0,7,0.0
ドリームシーン,1,4,0.0,0.0,12.25,23,0.0
エイシンレマーズ,1,4,0.0,0.0,11.75,7,0.0
エクスミッション,1,4,0.0,0.0,14.5,7,0.0
アルテミシア,1,4,0.0,0.0,11.5,7,0.0
アルダナ,1,4,0.0,0.0,10.25,7,0.0
ヤマニンフィオーレ,1,4,0.0,0.0,14.0,7,0.0
ユシマミヅキ,1,4,0.0,0.5,4.25,131,0.0
ユナリオンス,2,4,0.0,0.25,9.25,7,0.0
ナナツボシ,1,4,0.0,0.0,8.25,67,0.0
ナナバケ,1,4,0.0,0.0,11.0,7,0.0
ナムラウイング,1,4,0.0,0.0,14.25,7,0.0
ワンダービジュー,2,4,0.0,0.0,15.5,7,0.0
ナムラクンリン,2,4,0.0,0.0,11.25,7,0.0
トーセンマッハ,1,4,0.0,0.0,9.0,7,0.0
エストリル,1,4,0.0,0.0,7.75,7,0.0
アリストライン,1,4,0.0,0.0,6.25,7,0.0
アリスブルー,1,4,0.0,0.0,9.75,7,0.0
アリア,1,4,0.25,0.75,2.25,7,0.0
アリエッタ,2,4,0.0,0.0,16.5,7,0.0
ラヴァーズポイント,1,4,0.0,0.0,14.25,7,0.0
エナサン,1,4,0.0,0.25,5.25,7,0.0
エイシンリーズン,1,4,0.0,0.0,11.5,7,0.0
ピジョンオネスト,2,4,0.0,0.0,14.25,7,0.0
ワンダーガドット,1,4,0.0,0.25,6.5,7,0.0
ワンダーシエンプロ,1,4,0.25,0.75,2.25,7,0.0
ドラマティーク,1,4,0.0,0.0,10.5,7,0.0
ドントフォゲットギル,1,4,0.0,0.0,10.75,7,0.0
ドンドンキードン,1,4,0.0,0.0,8.5,7,0.0
ヤマカツグレース,2,4,0.0,0.0,12.5,7,0.0
エメラルドビーム,1,4,0.0,0.0,10.0,7,0.0
アラホウジョウ,1,4,0.0,0.0,9.5,7,0.0
エスポワール,1,4,0.25,0.75,3.5,15,1.0
トーセンオーラ,2,4,0.0,0.0,9.25,7,0.0
トーセンメッツ,1,4,0.0,0.0,6.5,7,0.0
Desert Tigress,1,4,0.0,0.0,9.75,7,0.0
ワンセイコー,1,4,0.0,0.5,5.5,7,0.0
ワンダーアマービレ,1,4,0.0,0.0,12.75,7,0.0
Dalakania,1,4,0.0,0.0,9.75,7,0.0
Damsah,1,4,0.0,0.0,10.0,7,0.0
トンボイ,1,4,0.0,0.25,5.25,7,0.0
ワルツ,1,4,0.0,0.0,10.5,7,0.0
ワンオブアクライン,1,4,0.0,0.0,10.25,43,0.0
Deana Street,1,4,0.0,0.0,7.5,7,0.0
ピースフルメモリー,1,4,0.0,0.0,11.0,7,0.0
ピーチ,1,4,0.0,0.0,12.0,7,0.0
ファイアフライ,1,4,0.0,0.0,9.0,7,0.0
トーアエカテリーナ,1,4,0.0,0.25,7.25,7,0.0
ピンクブリザード,2,4,0.0,0.0,13.75,7,0.0
ファッチョイオ,1,4,0.5,0.5,8.0,15,1.0
エリモミヤビ,1,4,0.0,0.25,9.0,7,0.0
ラヴリンクス,1,4,0.0,0.0,15.75,23,0.0
アミダラ,2,4,0.0,0.0,11.25,23,0.0
アミュレット,1,4,0.0,0.0,10.25,7,0.0
エレガントステージ,2,4,0.0,0.0,12.25,7,0.0
モモカ,1,4,0.0,0.0,11.5,7,0.0
モリトシラギク,1,4,0.0,0.75,3.0,7,0.0
ヤマカツエレナ,2,4,0.0,0.0,14.25,7,0.0
ファナティック,1,4,0.75,0.75,4.25,15,1.0
トリニティハート,1,4,0.0,0.0,12.25,7,0.0
ワディハッタ,1,4,0.0,0.5,4.0,7,0.0
トロイメント,1,4,0.0,0.0,9.0,7,0.0
トレトレジョリ,1,4,0.0,0.0,7.75,7,0.0
ファインドミー,1,4,0.0,0.0,12.0,7,0.0
トロピカルマドンナ,1,4,0.0,0.0,13.0,7,0.0
モノポリーアイズ,1,4,0.0,0.0,10.5,7,0.0
エンジェルカナ,1,4,0.0,0.0,12.75,7,0.0
エンシェントアート,1,4,0.0,0.0,13.25,7,0.0
アムールプロフォン,1,4,0.0,0.0,9.5,67,0.0
ラーストチカ,1,4,0.0,0.5,4.75,7,0.0
エヴリウィスパー,1,4,0.0,0.25,5.25,7,0.0
エンドーツダ,1,4,0.0,0.0,8.5,7,0.0
モエレフレッシュ,1,4,0.0,0.0,11.25,67,0.0
トウカイシュテルン,1,4,0.0,0.0,9.25,7,0.0
トウカイステラ,1,4,0.0,0.0,9.75,7,0.0
ファンドリオボッコ,2,4,0.0,0.25,9.75,7,0.0
ワグテイル,1,4,0.0,0.0,10.75,7,0.0
トップジョーンズ,1,4,0.0,0.0,9.25,7,0.0
ファルコンレイナ,1,4,0.0,0.0,8.25,7,0.0
トニービンスター,1,4,0.0,0.0,12.25,7,0.0
デイトンテソーロ,1,4,0.0,0.0,7.5,7,0.0
エーシンシークルー,2,4,0.0,0.0,9.75,15,0.0
エーシンブルバード,2,4,0.0,0.0,11.75,7,0.0
オオウサンミャク,1,4,0.0,0.0,14.5,7,0.0
エーレンガート,1,4,0.0,0.0,6.5,7,0.0
オスカーティアラ,1,4,0.0,0.0,14.0,7,0.0
モズデコレーション,2,4,0.25,0.5,9.0,15,0.5
フィールドトラップ,1,4,0.25,0.25,7.0,7,0.0
フィビュラ,1,4,0.0,0.25,4.75,7,0.0
デルニエリアリテ,3,4,0.0,0.0,8.5,7,0.0
トゥギャザー,1,4,0.0,0.0,13.0,23,0.0
デンコウキララ,1,4,0.0,0.0,14.0,7,0.0
フィクシャス,1,4,0.0,0.0,10.75,7,0.0
テーオーディオネ,1,4,0.0,0.0,8.5,7,0.0
テーオーバーキン,1,4,0.0,0.0,8.0,7,0.0
メモリーキセキ,1,4,0.0,0.0,9.75,7,0.0
メモリーズオブユー,1,4,0.0,0.0,11.75,7,0.0
オメガスターライト,1,4,0.0,0.0,6.5,7,0.0
オメガブルーライン,2,4,0.0,0.0,11.75,7,0.0
メダリオンスター,2,4,0.0,0.0,13.0,7,0.0
アプローズライト,1,4,0.0,0.25,8.25,7,0.0
アプリコットデュー,1,4,0.0,0.0,12.25,67,0.0
アビリティック,1,4,0.0,0.0,9.25,7,0.0
オリオンオンサイト,2,4,0.0,0.0,13.5,7,0.0
エーシンプリーマ,1,4,0.0,0.0,9.0,7,0.0
エーシンメインダム,1,4,0.0,0.0,13.0,23,0.0
テーオービクトリー,1,4,0.0,0.25,7.5,7,0.0
フェイズベロシティ,1,4,0.0,0.25,5.25,7,0.0
ディアボレット,1,4,0.0,0.0,8.75,7,0.0
Every Cloud,1,4,0.0,0.0,13.0,7,0.0
ディヴィニティ,1,4,0.5,0.5,5.25,15,1.0
ディーズフェイク,2,4,0.0,0.0,13.5,7,0.0
オレンドン,1,4,0.0,0.0,14.5,7,0.0
オルレアンシェリ,1,4,0.0,0.25,7.0,7,0.0
アヌエヌエ,1,4,0.0,0.0,12.25,7,0.0
アバランチリリー,1,4,0.0,0.0,11.0,7,0.0
アドマイヤパンドラ,1,4,0.0,0.0,9.75,7,0.0
リキサンフロール,2,4,0.0,0.0,11.0,7,0.0
オンワードセイント,2,4,0.0,0.0,12.0,7,0.0
オールオブナイト,3,4,0.0,0.25,11.25,7,0.0
テンザンミラー,1,4,0.0,0.0,13.0,7,0.0
ロールラフィネ,1,4,0.0,0.0,12.75,7,0.0
Fenwick Hall,1,4,0.25,0.5,7.25,15,1.0
ローレルウィッチ,2,4,0.0,0.25,9.5,7,0.0
テンフォー,3,4,0.0,0.25,10.25,7,0.0
テーオーキャンディ,2,4,0.0,0.0,11.5,7,0.0
ディアスカーレット,1,4,0.0,0.0,13.0,7,0.0
メイビリーヴ,1,4,0.0,0.0,9.25,7,0.0
アドマイヤチャチャ,1,4,0.0,0.25,8.25,7,0.0
オリエントカラー,1,4,0.0,0.0,12.75,23,0.0
フクシマブリリオ,1,4,0.0,0.0,13.0,7,0.0
ティフォン,1,4,0.0,0.0,12.75,7,0.0
Fresh Feline,1,4,0.25,0.25,9.0,7,0.0
ローラズウィシュ,1,4,0.0,0.0,7.25,7,0.0
テイエムヨカドー,2,4,0.0,0.0,11.25,7,0.0
テイエムライオネス,2,4,0.0,0.0,10.75,7,0.0
テイクザレインズ,1,4,0.25,0.5,6.75,43,0.0
テイクマイハート,1,4,0.0,0.0,11.25,7,0.0
テネイシャス,1,4,0.25,0.25,4.75,15,1.0
Glories,1,4,0.0,0.0,9.5,7,0.0
カツコノユメ,1,4,0.0,0.25,4.5,7,0.0
メイショウユスラ,1,4,0.0,0.0,8.75,7,0.0
リッチクレマチス,1,4,0.5,0.5,4.25,7,0.0
メイショウブリーズ,1,4,0.0,0.0,12.25,7,0.0
メイショウヤマブキ,1,4,0.0,0.0,15.5,7,0.0
Glorificamus,1,4,0.25,0.25,10.5,15,1.0
Glorious Chant,1,4,0.0,0.0,11.0,7,0.0
ローゼンクリーガー,1,4,0.0,0.25,9.5,7,0.0
ロータスクイーン,2,4,0.0,0.0,14.75,7,0.0
ロータステソーロ,1,4,0.0,0.0,11.75,7,0.0
ロータスドリーム,1,4,0.0,0.0,14.0,7,0.0
ローブレガリア,1,4,0.0,0.0,11.75,7,0.0
Full of Beauty,1,4,0.0,0.0,7.5,7,0.0
ティリオブストラッフォード,1,4,0.0,0.0,14.25,7,0.0
ティレニア,1,4,0.0,0.25,10.0,7,0.0
ティティテア,1,4,0.0,0.0,11.75,7,0.0
ティグラーシャ,1,4,0.0,1.0,2.0,7,0.0
フジコウゴールド,1,4,0.0,0.0,12.75,23,0.0
ツウローゼズ,2,4,0.0,0.0,9.75,7,0.0
カフェオペラ,1,4,0.0,0.5,3.25,7,0.0
アップルトンドローヴ,1,4,0.0,0.0,12.5,7,0.0
カミモリローマン,1,4,0.0,0.0,13.0,7,0.0
カベルネフラン,2,4,0.0,0.0,11.0,7,0.0
メイショウバレーヌ,3,4,0.0,0.0,14.25,7,0.0
カシノタロン,1,4,0.0,0.0,12.25,7,0.0
ツァーリーナ,1,4,0.0,0.0,11.25,7,0.0
Gold Vault,1,4,0.25,0.5,7.5,7,0.0
Gone Callin,1,4,0.0,0.0,11.25,7,0.0
Gipsy Countess,1,4,0.0,0.0,6.5,7,0.0
フジノハゴロモ,1,4,0.25,0.25,5.75,7,0.0
フジハイドランジア,1,4,0.0,0.0,9.25,7,0.0
フジビヨリ,1,4,0.0,0.0,11.25,7,0.0
チャーミングホープ,1,4,0.0,0.0,13.5,7,0.0
カラフルワード,1,4,0.0,0.5,6.75,7,0.0
アックアアルタ,1,4,0.0,0.0,13.75,7,0.0
リトルディーヴァ,1,4,0.0,0.0,11.5,7,0.0
アスタービーナス,2,4,0.0,0.0,13.75,7,0.0
アスターロマーネ,1,4,0.0,0.0,11.0,7,0.0
カルストンフレンド,1,4,0.0,0.0,12.25,7,0.0
メイショウガーデン,1,4,0.0,0.0,9.5,7,0.0
カタールパワー,1,4,0.0,0.0,9.25,7,0.0
カツイチヴィーナス,2,4,0.0,0.5,9.25,7,0.0
フラワーパフューム,1,4,0.0,0.25,7.0,7,0.0
チャーミングメイト,1,4,0.0,0.25,9.5,7,0.0
Hairdo,1,4,0.0,0.0,13.0,7,0.0
Heart Stopping,1,4,0.0,0.25,10.5,7,0.0
ローズギャラリー,3,4,0.0,0.0,13.25,7,0.0
フライトゥヘヴン,1,4,0.0,0.0,10.5,7,0.0
チェネレントラ,1,4,0.0,0.0,9.5,7,0.0
カレンモエ,1,4,0.0,0.0,9.25,7,0.0
カーリンズビーエフエフ,1,4,0.0,0.25,7.25,7,0.0
ガムシロップ,1,4,0.0,0.0,14.25,7,0.0
ガスター,2,4,0.0,0.0,14.75,7,0.0
メイショウエデン,1,4,0.0,0.0,12.25,7,0.0
メイショウアオバ,1,4,0.0,0.0,10.75,7,0.0
ガルフパール2,1,4,0.0,0.25,10.0,7,0.0
カラーガード,1,4,0.0,0.0,13.75,7,0.0
ダークグレイン,1,4,0.0,0.0,12.0,7,0.0
フリーフォーギブン,1,4,0.0,0.0,9.75,7,0.0
フルオブドリームズ,1,4,0.0,0.0,8.75,7,0.0
チェイスザウインド,1,4,0.0,0.0,13.0,7,0.0
チェリーワールド,1,4,0.0,0.0,13.25,7,0.0
チェリーヴァレー,1,4,0.0,0.0,14.25,7,0.0
チェリーコウマン,1,4,0.25,0.5,5.75,131,0.0
フリーエンジェル,1,4,0.0,0.0,14.5,43,0.0
Hollow Bullet,1,4,0.0,0.0,7.5,131,0.0
チェリーボンボン,2,4,0.0,0.25,11.5,7,0.0
チャンスウィルカム,1,4,0.0,0.0,11.5,7,0.0
ダイワフレーズ,1,4,0.25,0.25,9.75,23,0.0
ダイワリープ,1,4,0.0,0.0,12.0,7,0.0
アグレッシブバイオ,1,4,0.0,0.0,11.5,7,0.0
リビングマイライフ,3,4,0.0,0.0,11.25,7,0.0
メアリーステラ,1,4,0.0,0.0,5.5,67,0.0
キシュウソウシュウ,1,4,0.0,0.25,10.25,7,0.0
キシュウファンタジ,1,4,0.0,0.0,12.5,7,0.0
メイクユアデイ,2,4,0.0,0.0,15.0,7,0.0
ムーンライトガルチ,1,4,0.0,0.0,14.0,7,0.0
メイショウクシナダ,1,4,0.0,0.5,4.5,7,0.0
カンパニュラ,1,4,0.0,0.5,7.25,7,0.0
ダノンビーナス,2,4,0.0,0.0,11.75,7,0.0
ダノンボンコ,2,4,0.0,0.0,10.0,7,0.0
ダノンオスカル,2,4,0.25,0.5,4.5,7,0.0
フロディーバラード,1,4,0.0,0.0,8.75,7,0.0
Hot Storm,1,4,0.25,0.25,7.75,131,0.0
ロンドンフラワー,1,4,0.0,0.0,12.5,7,0.0
ダンシングサーカス,1,4,0.0,0.0,14.0,7,0.0
キトゥンスミトゥン,1,4,0.0,0.0,11.0,7,0.0
ムーンビード,1,4,0.0,0.0,8.0,7,0.0
キャッチフレーズ,1,4,0.0,0.0,13.5,7,0.0
ムーンザムーン,1,4,0.0,0.0,10.0,7,0.0
ガーデンシティー,1,4,0.0,0.0,11.5,7,0.0
フーダムール,1,4,0.0,0.0,12.0,7,0.0
ブザムカレッサー,1,4,0.0,0.0,11.75,7,0.0
ブジーア,1,4,0.0,0.75,5.0,7,0.0
I Saw It,1,4,0.25,0.25,4.75,15,1.0
I'm Yours,1,4,0.0,0.0,9.0,7,0.0
タッチオブピンク,2,4,0.0,0.0,13.25,7,0.0
タナノフローラ,1,4,0.0,0.25,4.75,7,0.0
ムチャチャララ,1,4,0.0,0.25,6.25,7,0.0
ムミービーチ,1,4,0.0,0.5,4.0,7,0.0
アクアリブラ,1,4,0.0,0.0,7.0,7,0.0
アクトアウト,1,4,0.0,0.0,8.75,7,0.0
キュアエンジェル,1,4,0.0,0.0,12.0,7,0.0
ブラックスワン,1,4,0.0,0.0,7.0,7,0.0
タックスヘイブン,1,4,0.0,0.0,11.75,67,0.0
タマモカトレア,1,4,0.0,0.25,7.5,7,0.0
タヒチアンブリーズ,1,4,0.0,0.0,12.5,23,0.0
タピヴェール,1,4,0.0,0.0,9.25,131,0.0
タフイルマ,1,4,0.25,0.25,5.25,7,0.0
ブラウンローズ,1,4,0.0,0.0,11.75,7,0.0
Intizara,1,4,0.0,0.0,7.25,7,0.0
ロマンスマジック,1,4,0.0,0.0,11.5,7,0.0
ブライティアエルフ,1,4,0.0,0.0,11.0,7,0.0
ブライティアバード,2,4,0.0,0.0,13.25,7,0.0
タガノヴェローナ,2,4,0.0,0.5,4.25,7,0.0
アエローザ,2,4,0.0,0.25,13.25,7,0.0
アウィルアウェイ,1,4,0.25,0.25,8.25,15,1.0
アウラヴィータ,1,4,0.0,0.0,12.25,7,0.0
キョウワレイ,1,4,0.0,0.0,12.75,7,0.0
ミラノトウショウ,2,4,0.0,0.25,9.5,7,0.0
キャナルハート,1,4,0.0,0.0,9.75,7,0.0
タガノニューソング,1,4,0.0,0.5,3.75,7,0.0
Joy Valley,1,4,0.0,0.0,12.75,43,0.0
Juhayna,1,4,0.0,0.5,7.0,7,0.0
Karen's Caper,1,4,0.0,0.0,11.5,7,0.0
タケノペガサス,2,4,0.0,0.0,16.0,7,0.0
タニノミッション,1,4,0.0,0.0,8.5,7,0.0
タイトルロウル,1,4,0.0,0.25,7.0,7,0.0
アインクラング,1,4,0.0,0.0,12.75,7,0.0
アイランドルビー,1,4,0.0,0.0,14.0,7,0.0
アイリッシュクレア,1,4,0.0,0.0,13.5,7,0.0
アイリッシュビート,2,4,0.0,0.0,9.75,7,0.0
リリカルドーン,1,4,0.0,0.0,6.5,7,0.0
ギャラクシーハニー,2,4,0.0,0.0,11.75,7,0.0
ミライヘノノゾミ,1,4,0.0,0.0,10.75,7,0.0
ギンガノユメ,1,4,0.0,0.0,8.75,131,0.0
タカイチホワイト,2,4,0.0,0.0,11.0,7,0.0
タカノバレリーナ,1,4,0.0,0.0,11.0,7,0.0
タカヒロチャーム,2,4,0.0,0.0,11.75,7,0.0
ブリンダーレ,1,4,0.0,0.0,14.75,7,0.0
ブリーズドゥメール,2,4,0.0,0.0,14.5,7,0.0
ロゼトウショウ,2,4,0.0,0.0,15.0,7,0.0
ロックンハードプレイス,1,4,0.0,0.0,11.25,7,0.0
ロッソトウショウ,2,4,0.0,0.0,12.75,7,0.0
タカンナ,1,4,0.0,0.0,11.25,7,0.0
タイキエルドール,1,4,0.0,0.0,12.25,7,0.0
タイキクラリス,1,4,0.0,0.0,14.75,7,0.0
クイーンバイオ,1,4,0.0,0.0,7.75,7,0.0
クイーンズフェーバー,1,4,0.0,0.0,16.75,7,0.0
ミヤジサクラコ,2,4,0.0,0.0,10.5,7,0.0
リリーバレロ,1,4,0.5,0.75,2.75,7,0.0
クライオブザソウル,1,4,0.0,0.0,9.75,7,0.0
クオウト,1,4,0.0,0.0,13.25,7,0.0
クスノステファニー,1,4,0.0,0.0,9.5,7,0.0
Lady of Persia,1,4,0.0,0.5,5.25,7,0.0
Keyoura,1,4,0.0,0.0,12.5,7,0.0
La Bouche,1,4,0.0,0.0,7.75,7,0.0
ロゼット,1,4,0.0,0.0,8.5,7,0.0
タイムデヴィアス,1,4,0.0,0.0,14.0,7,0.0
タイムトゥダンス,1,4,0.0,0.0,8.5,67,0.0
タイムリメンバード,1,4,0.0,0.0,10.25,7,0.0
ソーニディソーニ,1,4,0.0,0.0,10.75,7,0.0
ソロフライト,1,4,0.0,0.25,6.75,7,0.0
ミネルヴァアイ,1,4,0.0,0.0,10.25,23,0.0
ミノレット,1,4,0.0,0.5,4.25,7,0.0
アイシャ,1,4,0.0,0.0,12.75,7,0.0
アイスグレー,1,4,0.0,0.0,10.5,7,0.0
リンガスウーノ,2,4,0.5,0.5,6.75,7,1.0
クラウンバール,2,4,0.0,0.0,12.75,7,0.0
ミナミノバレッツ,1,4,0.0,0.0,14.0,7,0.0
ミュゼット,1,4,0.0,0.0,7.5,7,0.0
ミヤビフィオーラ,3,4,0.0,0.0,9.5,7,0.0
ソルトレイクブルー,1,4,0.25,0.75,1.75,23,0.0
ロジヒューズ,1,4,0.0,0.25,9.5,7,0.0
La Comete,1,4,0.0,0.0,13.0,7,0.0
La Cressonniere,1,4,0.0,0.0,6.75,7,0.0
La Tulipe,1,4,0.0,0.5,5.75,7,0.0
ブルーバード,1,4,0.0,0.0,7.25,7,0.0
タイキチャペル,1,4,0.0,0.0,12.5,23,0.0
タイキトライアンフ,1,4,0.0,0.0,14.0,7,0.0
ミッキーローズ,2,4,0.0,0.0,10.75,7,0.0
リンガスビンゴ,1,4,0.0,0.0,13.0,7,0.0
アイアンアタック,1,4,0.0,0.0,11.0,7,0.0
アイアンレディ,1,4,0.0,0.0,9.75,67,0.0
アイアムオパール,2,4,0.0,0.0,10.0,7,0.0
クラリティーアイズ,2,4,0.0,0.0,13.75,7,0.0
クッカ,2,4,0.0,0.0,13.75,7,0.0
セントアンズ,1,4,0.0,0.0,11.25,23,0.0
セントセシリア,1,4,0.0,0.0,13.5,7,0.0
ロジサクラ,2,4,0.0,0.0,10.5,7,0.0
Lake Hamana,1,4,0.0,0.5,6.75,7,0.0
Lakefront,1,4,0.0,0.0,8.25,7,0.0
Latharna Skies,1,4,0.75,1.0,1.25,7,0.0
ブルーラスター,1,4,0.0,0.5,4.75,7,0.0
ソナチネ,1,4,0.0,0.0,13.25,7,0.0
ブレシッドサイレンス,2,4,0.0,0.0,12.5,7,0.0
セダンフオーエバー,1,4,0.25,0.25,7.0,7,0.0
クリサンテーム,1,4,0.0,0.0,11.5,7,0.0
リーサムフリーク,2,4,0.0,0.0,12.0,7,0.0
ミスパイロ,1,4,0.0,0.0,12.25,7,0.0
クリスティザー,1,4,0.0,0.0,11.75,7,0.0
クリノタカラチャン,1,4,0.0,0.0,13.25,7,0.0
プラチナメモリー,1,4,0.0,0.0,11.75,7,0.0
セラディーチェ,1,4,0.0,0.0,12.0,7,0.0
プティシュシュ,1,4,0.25,0.5,4.5,15,1.0
Lightning Pace,1,4,0.25,0.25,10.25,15,1.0
ロクセラーナ,1,4,0.5,1.0,1.75,7,0.0
センターアリーナ,1,4,0.0,0.75,2.5,7,0.0
センチュリーパーク,1,4,0.0,0.0,11.75,7,0.0
センティーレ,1,4,0.0,0.0,11.75,7,0.0
スーンシャイン,1,4,0.0,0.0,13.75,7,0.0
ミストオブマジック,1,4,0.0,0.0,8.5,23,0.0
ミスバイアモン,1,4,0.0,0.0,12.75,7,0.0
クリントンガール,1,4,0.0,0.0,12.0,7,0.0
クリーマックス,1,4,0.0,0.0,12.0,7,0.0
ミスティレイン,1,4,0.0,0.0,7.5,7,0.0
Wonderfully,1,4,0.0,0.5,5.5,7,0.0
Wednesday's Child,1,4,0.0,0.0,13.0,131,0.0
Whimbrel,1,4,0.25,0.25,8.5,15,1.0
クレインギフト,1,4,0.25,0.25,7.5,7,0.0
ミチビキ,1,4,0.25,0.75,2.5,7,0.0
セイウンイチリン,1,4,0.0,0.25,9.5,7,0.0
プリエミネンス,2,4,0.25,0.25,10.25,7,0.0
Lily's Angel,1,4,0.0,0.25,7.0,7,0.0
ロイヤルパートナー,1,4,0.0,0.75,4.0,131,0.0
スラムイン,1,4,0.0,0.0,10.5,7,0.0
Village Fete,1,4,0.0,0.25,8.25,7,0.0
Vivere,1,4,0.0,0.0,11.25,7,0.0
Walker's Gal,1,4,0.0,0.25,9.75,7,0.0
Warm Welcome,1,4,0.0,0.0,10.75,7,0.0
ミスアバンセ,1,4,0.0,0.0,11.5,7,0.0
クレバークレバー,1,4,0.0,0.0,9.25,7,0.0
クレバーマリリン,2,4,0.0,0.0,12.5,7,0.0
ミスウインストン,2,4,0.0,0.0,12.25,7,0.0
クリノアマダブラム,2,4,0.0,0.0,12.25,7,0.0
クリノアミナ,1,4,0.0,0.0,11.5,7,0.0
プリモダヴィンチ,1,4,0.0,0.0,6.5,7,0.0
プリモパンサー,1,4,0.0,0.25,12.5,7,0.0
プリンシアコメータ,2,4,0.0,0.0,8.25,7,0.0
レーヴマイハート,1,4,0.0,0.0,10.75,7,0.0
スリープレスナイト,1,4,0.0,0.0,12.25,23,0.0
スペキュラース,2,4,0.0,0.0,14.25,7,0.0
スプリングダイアナ,1,4,0.0,0.0,11.25,7,0.0
Valiant Passion,1,4,0.0,0.25,6.5,7,0.0
クロワルース,1,4,0.0,0.0,10.75,7,0.0
クールアイランド,1,4,0.0,0.0,9.75,7,0.0
クリームヒルト,1,4,0.0,0.0,11.75,7,0.0
スプリングベルン,1,4,0.25,0.25,8.5,7,0.0
プリンセスレジーナ,1,4,0.0,0.0,10.25,7,0.0
スマイルポジション,1,4,0.0,0.0,8.25,131,0.0
プリンセスプリンセス,1,4,0.0,0.0,11.75,7,0.0
プリンセスノワール,1,4,0.0,0.5,4.5,7,0.0
ストロングハート,1,4,0.0,0.75,5.5,7,0.0
プレイアップ,1,4,0.0,0.25,9.0,7,0.0
プレイアンドラスト,1,4,0.0,0.25,6.0,7,0.0
プレイフォーユー,1,4,0.0,0.5,3.75,7,0.0
Mary's Angel,1,4,0.0,0.0,12.0,7,0.0
Megalicious,1,4,0.25,0.25,9.25,15,1.0
プルミエエトワール,1,4,0.0,0.0,11.5,7,0.0
スピリットオブブライティア,1,4,0.0,0.0,11.5,7,0.0
プロスパーバイオ,1,4,0.0,0.0,13.0,7,0.0
ステップオブダンス,1,4,0.25,0.25,4.5,15,1.0
クーファセクメト,1,4,0.0,0.0,13.0,7,0.0
Two Oceans,1,4,0.25,0.5,5.0,7,0.0
ルナカリーナ,2,4,0.0,0.0,14.0,7,0.0
クロスシーカー,2,4,0.0,0.0,13.5,7,0.0
ステージアクトレス,1,4,0.0,0.0,10.75,7,0.0
プレミアムキャノン,1,4,0.0,0.0,13.5,7,0.0
レモンキス,2,4,0.0,0.0,10.5,7,0.0
スノークリスマス,1,4,0.0,0.0,11.75,7,0.0
スナークリーズン,1,4,0.0,0.0,14.0,7,0.0
ストームザヒル,1,4,0.0,0.0,11.75,7,0.0
グラスルーナ,1,4,0.0,0.0,12.25,7,0.0
グッドフォーユー,1,4,0.0,0.0,12.25,7,0.0
ルナティアーラ,2,4,0.0,0.0,7.5,7,0.0
Totally Cosmic,1,4,0.0,0.0,7.75,7,0.0
ルビーベイビー,1,4,0.0,0.0,14.25,23,0.0
グランソフィア,1,4,0.0,0.0,11.0,7,0.0
グラマラスライフ,1,4,0.25,0.5,3.0,7,0.0
マンゴタンゴ,1,4,0.0,0.25,8.5,7,0.0
クールデザイン,2,4,0.25,0.25,9.0,7,1.0
スティルネス,1,4,0.25,0.75,3.0,7,0.0
レナーナ,1,4,0.25,0.5,6.0,7,0.0
レネット,1,4,0.0,0.0,9.75,7,0.0
ステラモア,1,4,0.0,0.0,10.5,43,0.0
ベジポタ,1,4,0.0,0.0,11.25,7,0.0
スズカマンサク,2,4,0.0,0.25,10.0,7,0.0
スズカモナミ,1,4,0.0,0.0,14.0,7,0.0
ヘヴンリーアドヴァイス,1,4,0.25,0.5,6.25,23,0.0
Misty For Me,1,4,0.25,0.5,4.75,7,0.0
ヘルムヴィーゲ,1,4,0.0,0.0,9.25,7,0.0
スターストリート,1,4,0.0,0.25,9.25,7,0.0
ベネヴェント,1,4,0.0,0.0,14.5,7,0.0
ベベコリエンド,1,4,0.25,0.5,5.75,7,0.0
Tiz Maie's Day,1,4,0.0,0.0,12.25,7,0.0
グルファクシー,1,4,0.0,0.25,7.75,7,0.0
マンディ,2,4,0.0,0.0,7.75,7,0.0
グラスティアラ,1,4,0.0,0.25,10.5,23,0.0
スイートヴァランス,2,4,0.0,0.0,12.0,7,0.0
ベストインパクト,1,4,0.0,0.25,6.25,7,0.0
ベストエンジェル,1,4,0.0,0.0,12.0,7,0.0
Native American,1,4,0.0,0.0,14.75,7,0.0
Moranda,1,4,0.0,0.0,10.5,7,0.0
スクリーンデビュー,1,4,0.0,0.0,11.0,7,0.0
スコッチリール,2,4,0.0,0.0,12.25,7,0.0
スギノエンプレス,1,4,0.0,0.0,11.25,7,0.0
グランヴィヴァン,1,4,0.0,0.0,13.0,7,0.0
Tempestra,1,4,0.0,0.25,8.75,7,0.0
Tender,1,4,0.0,0.0,12.75,7,0.0
Texas Twirl,1,4,0.0,0.0,9.25,7,0.0
ルミナリエ,2,4,0.0,0.0,14.5,7,0.0
ルミノアルマース,2,4,0.0,0.0,13.25,7,0.0
マルケッタ,1,4,0.0,0.0,10.75,7,0.0
グレカーレ,1,4,0.0,0.0,12.0,7,0.0
マルターズディオサ,1,4,0.0,0.25,8.75,7,0.0
グリッターエルフ,1,4,0.0,0.0,9.0,23,0.0
グランドヒート,1,4,0.0,0.0,12.25,23,0.0
ベルエポック,1,4,0.25,0.5,3.25,7,0.0
ベルクシュタイゲン,1,4,0.0,0.0,13.5,7,0.0
スアデラ,1,4,0.25,0.5,4.5,7,0.0
スイゲツ,1,4,0.0,0.0,11.75,7,0.0
ベラプラティナ,1,4,0.0,0.0,11.75,7,0.0
ベラミアモーレ,1,4,0.0,0.0,11.25,7,0.0
レディプランスアロット,1,4,0.0,0.0,9.75,7,0.0
Nashirah,1,4,0.0,0.0,10.0,7,0.0
ベネットクィーン,1,4,0.0,0.0,8.25,23,0.0
グレーストスカーナ,1,4,0.0,0.0,13.0,7,0.0
Tahara,1,4,0.0,0.0,13.0,7,0.0
ルヴィロンザ,2,4,0.0,0.25,8.25,7,0.0
ケアリイカイ,1,4,0.0,0.25,4.5,7,0.0
マリーアルーア,2,4,0.0,0.0,12.0,7,0.0
グリンパサー,1,4,0.0,0.25,10.25,7,0.0
マルチェリブレイン,2,4,0.0,0.0,13.5,7,0.0
ベルベットメドウ,1,4,0.0,0.0,13.0,7,0.0
ジョイエピフォラ,1,4,0.25,0.75,3.25,7,0.0
ジョプリン,1,4,0.0,0.5,7.5,7,0.0
ジョリーオリンピカ,1,4,0.75,1.0,1.25,7,0.0
Nausicaa,1,4,0.0,0.0,9.75,7,0.0
ジンジャーブレッドフィースト,1,4,0.0,0.0,11.75,7,0.0
ジョンブリアン,2,4,0.0,0.0,10.25,7,0.0
ジョーダンドリーム,1,4,0.0,0.0,13.75,7,0.0
ジャストイマジニング,1,4,0.0,0.25,4.0,7,0.0
ケンジントン,1,4,0.0,0.0,11.25,7,0.0
Sustainable,1,4,0.0,0.0,12.0,7,0.0
Sweet Chant,1,4,0.0,0.25,7.25,7,0.0
ゲットイクスプリシット,1,4,0.0,0.0,14.5,7,0.0
ケールダンセール,1,4,0.0,0.0,11.0,7,0.0
ジャポニカスタイル,2,4,0.0,0.0,11.75,7,0.0
ジャングルウィップ,1,4,0.0,0.0,10.5,7,0.0
ジャスミンシャワー,1,4,0.0,0.0,13.0,7,0.0
ジャックシーマックズ,2,4,0.0,0.0,11.0,7,0.0
Over Served,1,4,0.0,0.0,11.75,7,0.0
ペトロシネッラ,2,4,0.0,0.0,14.75,7,0.0
ペンデュラム,1,4,0.25,0.5,7.0,7,0.0
ホウオウアルナイル,1,4,0.0,0.0,11.25,7,0.0
State Cup,1,4,0.0,0.0,11.0,7,0.0
ココナフレイバー,1,4,0.0,0.0,9.0,7,0.0
コゴメユキ,1,4,0.0,0.75,3.0,7,0.0
ケイキビーチ,1,4,0.0,0.0,10.5,7,0.0
マリエドゥジュワン,1,4,0.0,0.0,13.0,23,0.0
Pateo Do Batel,1,4,0.0,0.0,7.5,7,0.0
Olive Grove,1,4,0.0,0.25,6.5,7,0.0
Olympic Las Palmas,1,4,0.25,0.25,6.0,7,0.0
Omi Diamond,1,4,0.0,0.0,9.75,7,0.0
ジェネカー,1,4,0.0,0.0,13.0,7,0.0
ペンタプリズム,1,4,0.0,0.0,6.5,7,0.0
ジェイエルシップ,2,4,0.25,0.25,7.75,7,0.5
ジムジャム,2,4,0.0,0.0,13.25,7,0.0
シントーオイチ,1,4,0.0,0.0,7.5,7,0.0
コスモトップレディ,1,4,0.0,0.25,6.75,23,0.0
マドンナフォンテン,1,4,0.0,0.0,10.5,7,0.0
マニフィカート,1,4,0.0,0.25,4.0,23,0.0
Steel Princess,1,4,0.0,0.0,13.5,7,0.0
Stocktake,1,4,0.0,0.0,13.5,7,0.0
Stormy Renee,1,4,0.0,0.5,4.75,7,0.0
コパノカンノン,1,4,0.0,0.0,10.0,7,0.0
コッコレ,2,4,0.0,0.0,11.5,7,0.0
マミーズジュエリー,1,4,0.0,0.0,11.0,23,0.0
シントーシノブ,1,4,0.0,0.0,9.75,7,0.0
シーキングロイヤル,1,4,0.0,0.5,5.5,23,0.0
Perfect Tribute,1,4,0.0,0.25,7.0,7,0.0
Philadelphia Gold,1,4,0.0,0.0,11.75,7,0.0
Pioneer Alexis,1,4,0.25,0.5,6.5,7,0.0
ジェイケイバトル,2,4,0.0,0.0,11.5,7,0.0
シーブルック,2,4,0.25,0.75,2.5,7,0.5
シルバーアクト,1,4,0.0,0.0,11.75,7,0.0
コパノプリンセス,2,4,0.0,0.25,7.5,7,0.0
コマチエクスプレス,2,4,0.25,0.5,3.75,7,0.0
コパノオマモリ,2,4,0.0,0.0,13.5,7,0.0
Starlight Stella,1,4,0.0,0.0,10.0,7,0.0
レイナデラダンサ,2,4,0.0,0.0,11.0,7,0.0
レイナプティ,1,4,0.0,0.0,7.75,7,0.0
Song of Solomon,1,4,0.0,0.25,6.0,7,0.0
コロナドズベイビー,1,4,0.0,0.0,12.5,7,0.0
コロニアルスタイル,1,4,0.25,0.25,9.25,15,1.0
シングンレガシイ,1,4,0.0,0.25,9.75,7,0.0
シンキングジョリー,1,4,0.0,0.0,10.75,7,0.0
ホッコーオウカ,1,4,0.0,0.25,7.0,163,0.0
Poetic Kid,1,4,0.0,0.0,9.5,7,0.0
レッドヴォーグ,2,4,0.0,0.0,11.25,7,0.0
シーエーパイロット,1,4,0.0,0.0,9.5,7,0.0
シンメイジョイ,1,4,0.0,0.0,12.5,7,0.0
シュトルツ,1,4,0.0,0.0,9.5,7,0.0
コープランズナニー,1,4,0.0,0.0,12.0,7,0.0
コーラルバード,1,4,0.0,0.0,11.0,7,0.0
Snow Crystal,1,4,0.0,0.0,8.25,7,0.0
Somethinaboutbetty,1,4,0.0,0.0,12.25,7,0.0
マジカルプリンセス,1,4,0.0,0.0,11.75,7,0.0
コスモバレンシア,2,4,0.0,0.0,10.75,7,0.0
ショウナンハッブル,2,4,0.0,0.0,11.5,7,0.0
Princess Lala,1,4,0.0,0.0,7.75,7,0.0
Purrfectly Mine,1,4,0.0,0.0,11.25,7,0.0
レッドムーヴ,2,4,0.0,0.0,12.25,15,0.0
レッドモアナ,1,4,0.0,0.0,10.75,7,0.0
Pioneerof New York,1,4,0.0,0.0,11.0,7,0.0
シルクスパークル,1,4,0.0,0.25,7.25,7,0.0
ホロイムア,1,4,0.0,0.0,9.5,7,0.0
マジックリアリズム,2,4,0.25,0.5,7.25,7,0.0
レインドロップス,1,4,0.0,0.0,10.5,7,0.0
Sister Marette,1,4,0.0,0.25,9.25,7,0.0
レインボートラスト,1,4,0.0,0.0,11.0,23,0.0
ゴールディ,1,4,0.0,0.0,14.5,23,0.0
ゴールデンサッシュ,1,4,0.0,0.0,12.5,7,0.0
コロモホステフ,2,4,0.0,0.0,11.5,7,0.0
シャーレ,1,4,0.25,0.5,4.0,7,0.0
シャンハイジェル,1,4,0.0,0.0,10.5,131,0.0
Quiet Life,1,4,0.0,0.0,11.75,7,0.0
Quote,1,4,0.0,0.0,5.25,7,0.0
ホーリーウーマン,1,4,0.25,0.5,5.0,15,1.0
シュベリーン,1,4,0.0,0.0,9.0,23,0.0
シュペルブロマネ,2,4,0.0,0.0,8.0,7,0.0
シュヴァルツ,1,4,0.25,0.25,7.25,7,0.0
シュガースポット,1,4,0.0,0.0,12.5,7,0.0
シティリズム,1,4,0.5,1.0,1.5,7,0.0
サイキョウヒカリ,1,4,0.0,0.0,11.0,7,0.0
ゴールドハーツ,1,4,0.0,0.0,12.0,7,0.0
ゴールドプラネット,2,4,0.0,0.0,12.75,7,0.0
マサノヴィクトワル,2,4,0.0,0.0,13.75,7,0.0
レインボーラヴラヴ,2,4,0.0,0.25,6.5,7,0.0
She's Sterling,1,4,0.0,0.0,10.5,7,0.0
She's a Beauty,1,4,0.0,0.25,10.75,7,0.0
Sher Win Forest,1,4,0.0,0.25,11.25,7,0.0
Sheza Diva,1,4,0.0,0.0,9.0,7,0.0
サイレントビーナス,2,4,0.0,0.0,14.75,7,0.0
ゴルトメーネ,1,4,0.0,0.0,9.5,7,0.0
システーナブルー,1,4,0.0,0.0,11.5,7,0.0
シニョリーナベラ,2,4,0.0,0.0,13.5,7,0.0
シャイニーデジタル,1,4,0.0,0.0,9.5,7,0.0
シャトーモア,1,4,0.0,0.0,12.0,23,0.0
シャドウノエル,2,4,0.25,0.25,4.75,7,1.0
シゲルオレンジ,2,4,0.0,0.0,11.5,7,0.0
サカノエンジェル,1,4,0.0,0.0,11.75,7,0.0
サウンドオブフリーダム,1,4,0.0,0.0,11.25,7,0.0
サウンドシップ,1,4,0.0,0.25,5.25,7,0.0
サクラオンハート,1,4,0.0,0.0,12.75,7,0.0
マザーフェアリー,1,4,0.0,0.0,12.0,7,0.0
シェーラザード,2,4,0.0,0.0,11.0,7,0.0
シェーンレーヴェ,1,4,0.0,0.0,14.5,7,0.0
ポピュリズム,1,4,0.25,0.75,2.5,7,0.0
Rendezvous Point,1,4,0.0,0.0,16.5,7,0.0
Reve de Fille,1,4,0.0,0.25,6.75,7,0.0
Reveuse de Jour,1,4,0.0,0.25,10.0,7,0.0
Rhapsody Queen,1,4,0.0,0.0,12.75,7,0.0
レッドジェニファー,1,4,0.0,0.0,13.0,7,0.0
レッドストーリア,1,4,0.0,0.0,11.25,7,0.0
マイネレヴェランス,2,4,0.0,0.25,11.75,7,0.0
Sasuela,1,4,0.0,0.0,12.25,7,0.0
Satans Quick Chick,1,4,0.0,0.0,7.75,7,0.0
Saucy Symphony,1,4,0.25,0.75,3.0,7,0.0
サクラヴァウチ,1,4,0.0,0.0,8.25,7,0.0
サイモンミラベル,2,4,0.0,0.0,11.5,7,0.0
サイレンスドリーム,2,4,0.0,0.0,7.25,7,0.0
サンレイジェム,1,4,0.0,0.0,14.25,7,0.0
サンローレンス,1,4,0.0,0.0,12.0,7,0.0
サンライトチーフ,1,4,0.0,0.0,12.5,131,0.0
ポートガルチ,1,4,0.0,0.0,14.25,23,0.0
ザルソバ,2,4,0.0,0.5,6.0,7,0.0
シアワセデス,1,4,0.0,0.0,9.75,7,0.0
ザップトウショウ,1,4,0.0,0.0,12.0,7,0.0
ポピーフィールド,2,4,0.0,0.0,11.25,7,0.0
シェラムール,1,4,0.25,0.5,3.25,7,0.0
シェアザハート,1,4,0.0,0.0,10.75,7,0.0
シェアハッピー,1,4,0.0,0.0,11.0,7,0.0
サンデーピクニック,1,4,0.0,0.0,12.5,7,0.0
サンデーインアスク,1,4,0.0,0.0,8.25,7,0.0
サッシーイメージ,1,4,0.0,0.0,9.5,7,0.0
サツキエンジェル,1,4,0.0,0.0,13.0,7,0.0
サドキンザン,2,4,0.0,0.0,10.75,7,0.0
Sacred Feather,1,4,0.0,0.25,4.75,7,0.0
サマーサルサ,1,4,0.0,0.0,12.0,7,0.0
Royal Singer,1,4,0.0,0.0,10.0,7,0.0
Royalstraightflush,1,4,0.0,0.0,14.0,7,0.0
Rush,1,4,0.0,0.0,14.75,7,0.0
Rusty Slipper,1,4,0.0,0.25,7.25,7,0.0
レッドイリーゼ,1,4,0.25,0.5,6.75,7,0.0
レッドカサブランカ,1,4,0.0,0.0,13.0,7,0.0
サルタート,1,4,0.0,0.0,9.25,7,0.0
レッドアネモス,1,4,0.25,0.25,3.75,7,0.0
レッドアマルフィ,1,4,0.25,1.0,2.0,7,0.0
レッドアラビアータ,2,4,0.0,0.0,13.75,7,0.0
サンタメテ,1,4,0.0,0.0,10.75,7,0.0
サンクフル,1,4,0.0,0.25,10.5,7,0.0
バトーブラン,1,4,0.0,0.0,10.5,7,0.0
バニラマカロン,1,4,0.0,0.0,11.75,7,0.0
バニーテール,2,4,0.0,0.25,5.75,7,0.0
Asscher,1,4,0.0,0.0,9.75,7,0.0
Avendesora,1,4,0.0,0.0,12.25,7,0.0
Baby Sister,1,4,0.25,0.5,4.0,7,0.0
ヴェリタラブ,1,4,0.0,0.0,12.25,7,0.0
バトルペルレ,1,4,0.0,0.0,11.25,7,0.0
バンブーインディゴ,1,4,0.0,0.0,10.75,7,0.0
バンダムクローネ,1,4,0.0,0.0,8.75,7,0.0
バンダムメッシ,1,4,0.0,0.0,11.5,7,0.0
パシフィックリム,1,4,0.0,0.5,5.5,7,0.0
Aria Pura,1,4,0.0,0.0,15.5,131,0.0
Amazon Lily,1,4,0.0,0.25,8.25,7,0.0
A. P. Dream,1,4,0.0,0.0,10.5,7,0.0
ヴェリタブル,1,4,0.0,0.25,6.75,7,0.0
バリスタ,1,3,0.0,0.3333,5.6667,7,0.0
A Lot of Fabric,1,3,0.3333,1.0,2.3333,7,0.0
パイネ,1,3,0.0,0.0,8.3333,7,0.0
Adoration,1,3,0.0,0.3333,9.0,7,0.0
Ambling,1,3,0.0,1.0,2.3333,7,0.0
Arch Support,1,3,0.3333,0.6667,5.3333,7,0.0
バントウショウ,1,3,0.0,0.0,10.0,7,0.0
バンブトンハート,1,3,0.0,0.0,9.0,7,0.0
ヴォレダンルシエル,1,3,0.0,0.3333,8.3333,7,0.0
ヴォルパンテール,1,3,0.0,0.0,14.0,7,0.0
バラーディスト,1,3,0.6667,1.0,1.3333,15,1.0
Aheadnotatail,1,3,0.0,0.0,11.6667,7,0.0
イラクリオン,1,3,0.0,0.0,13.3333,7,0.0
アースエマーブル,2,3,0.0,0.0,13.3333,7,0.0
インデポジット,1,3,0.0,0.0,13.3333,7,0.0
インダルジミー,2,3,0.0,0.0,10.3333,7,0.0
ラストアイドル,2,3,0.0,0.0,11.0,7,0.0
イサミフラワー,1,3,0.0,0.0,8.6667,7,0.0
ラパシオン,2,3,0.0,0.0,15.3333,7,0.0
ハレイワ,1,3,0.0,0.0,13.6667,7,0.0
Bear Now,1,3,0.3333,0.3333,7.0,15,1.0
Beautiful Memory,1,3,0.0,0.3333,6.3333,7,0.0
バイバイベイビー,2,3,0.0,0.0,9.0,7,0.0
ハッピームード,1,3,0.0,0.0,13.6667,7,0.0
イースセティクス,1,3,0.0,0.0,12.3333,7,0.0
イーデンキー,2,3,0.3333,0.3333,6.0,7,0.5
イヴ,1,3,0.3333,0.3333,4.0,7,0.0
レッドアウローラ,2,3,0.0,0.0,11.3333,7,0.0
Sacre Coeur,1,3,0.0,0.0,5.0,7,0.0
サマーヴォヤージュ,1,3,0.0,0.0,7.3333,7,0.0
サプライズハッピー,1,3,0.0,0.0,15.6667,7,0.0
マイニングレディ,1,3,0.0,0.0,14.3333,7,0.0
マウンテンガール,1,3,0.0,0.0,13.3333,7,0.0
マガスイート,1,3,0.0,0.0,11.6667,7,0.0
マイタイムオブデイ,1,3,0.0,0.0,4.6667,7,0.0
Royal Highness,1,3,0.0,0.0,12.0,7,0.0
Run a Risk,1,3,0.0,0.0,9.6667,7,0.0
レッドエーデル,1,3,0.0,0.0,11.3333,7,0.0
サンマルジュエリー,1,3,0.0,0.0,11.0,7,0.0
マイウェイアムール,1,3,0.0,0.0,16.0,7,0.0
マイキューティー,1,3,0.0,0.0,7.3333,7,0.0
マイコノエリ,1,3,0.0,0.3333,8.3333,23,0.0
Salt Rose,1,3,0.0,0.0,10.6667,7,0.0
マイネローレライ,1,3,0.0,0.0,12.3333,7,0.0
サクラトップピサ,1,3,0.0,0.0,7.0,7,0.0
マイフルムーン,1,3,0.0,0.0,14.3333,7,0.0
マイラブベネズエラ,1,3,0.0,0.0,10.0,7,0.0
レジーナファースト,1,3,0.0,0.0,8.3333,7,0.0
レストンベ,1,3,0.0,0.0,13.3333,7,0.0
サクラライムライト,1,3,0.0,0.0,14.0,7,0.0
サクラリュミエール,1,3,0.0,0.0,13.3333,7,0.0
サクラレイメイ,1,3,0.0,0.0,11.6667,7,0.0
ポワンセティ,1,3,0.0,0.0,14.3333,7,0.0
Roman Mistress,1,3,0.0,0.0,12.0,7,0.0
シェルトファータ,1,3,0.0,0.3333,8.6667,7,0.0
マイネジュリエッタ,1,3,0.0,0.0,11.3333,7,0.0
サトノエルピス,1,3,0.0,0.0,8.3333,7,0.0
サトノエレーナ,1,3,0.0,0.0,14.6667,7,0.0
サバンナガール,1,3,0.0,0.0,14.0,7,0.0
サキノナルビー,1,3,0.0,0.0,15.3333,7,0.0
サウスライズ,2,3,0.0,0.0,13.6667,15,0.0
サウンドキアラ,1,3,0.0,0.0,8.0,7,0.0
マキノターコイズ,1,3,0.0,0.0,13.3333,7,0.0
Seeharn,1,3,0.0,0.0,9.6667,7,0.0
レジャンドドレ,1,3,0.0,0.0,13.3333,7,0.0
サクラコフレドール,1,3,0.0,0.0,10.3333,7,0.0
サクラエミリー,2,3,0.0,0.0,12.0,7,0.0
ゴールドチャリス,1,3,0.3333,0.6667,2.3333,15,1.0
Relaxing Green,1,3,0.0,0.0,6.0,7,0.0
Renaissance Lady,1,3,0.0,0.0,13.3333,7,0.0
ポッドシャイニー,3,3,0.0,0.0,10.6667,15,0.0
ポッドフェアリー,1,3,0.0,0.0,10.6667,7,0.0
シバノテンショウ,1,3,0.0,0.0,10.6667,7,0.0
サンデージュピター,1,3,0.3333,0.6667,3.0,7,0.0
ポンデザール,1,3,0.0,0.0,14.3333,7,0.0
レオンドーロ,1,3,0.0,0.0,8.6667,7,0.0
マキハタターキー,1,3,0.0,0.0,13.6667,7,0.0
サウスグローリー,2,3,0.0,0.0,10.0,7,0.0
ゴートゥートラベル,1,3,0.0,0.0,12.0,7,0.0
シタディリオ,2,3,0.0,0.3333,6.6667,7,0.0
ボープランタン,1,3,0.0,0.0,14.0,7,0.0
シャインオンアテナ,1,3,0.0,0.0,13.6667,7,0.0
シャインケニー,1,3,0.0,0.0,9.0,7,0.0
シャインワンハート,1,3,0.0,0.0,15.3333,7,0.0
Red Melody,1,3,0.0,0.0,12.6667,7,0.0
レッドテソーロ,1,3,0.0,0.0,11.0,7,0.0
シャノン,1,3,0.0,0.0,14.0,23,0.0
シャドウスペル,1,3,0.0,0.0,13.0,7,0.0
シゲルオオスミ,1,3,0.0,0.0,9.6667,7,0.0
ゴーンプロフェッショナル,1,3,0.0,0.0,11.3333,7,0.0
サウンドワイズ,1,3,0.0,0.0,9.0,7,0.0
ゴーフォーイット,2,3,0.0,0.0,12.0,7,0.0
ゴルディロックス,1,3,0.0,0.0,12.6667,7,0.0
マジックルーラー,2,3,0.0,0.0,10.3333,7,0.0
Simply A Star,1,3,0.0,0.0,9.6667,7,0.0
レインボーシックス,1,3,0.0,0.3333,6.3333,7,0.0
レインボーソング,1,3,0.0,0.0,14.6667,7,0.0
ゴールデンレッグ,1,3,0.0,0.0,15.3333,7,0.0
ゴールデンナンバー,2,3,0.0,0.0,13.0,7,0.0
コローレアランチョ,2,3,0.0,0.0,10.6667,7,0.0
ボタンフジ,1,3,0.0,0.0,12.0,7,0.0
Quarter Moon,1,3,0.3333,0.3333,7.6667,15,1.0
レッドベルローズ,1,3,0.0,0.0,6.6667,7,0.0
シュンサクヨシコ,1,3,0.0,0.0,14.3333,23,0.0
シュガークラフト,1,3,0.0,0.0,11.3333,7,0.0
シナンジュ,1,3,0.0,0.0,12.3333,7,0.0
Shoe Queen,1,3,0.0,0.0,10.6667,7,0.0
マチカネアオイ,1,3,0.0,0.0,14.0,23,0.0
マダムヴァシュモン,1,3,0.0,0.3333,5.0,7,0.0
Smuggler's Moon,1,3,0.0,1.0,2.0,7,0.0
Solo Piano,1,3,0.0,0.0,13.6667,7,0.0
マジーア,1,3,0.0,0.0,9.3333,7,0.0
コールドフロント,2,3,0.0,0.3333,5.6667,7,0.0
コールミークイーン,1,3,0.0,0.0,13.3333,7,0.0
コスモフローラ,1,3,0.0,0.0,13.3333,7,0.0
ショウサンユリシス,1,3,0.0,0.0,8.3333,7,0.0
ホワイトポイント,1,3,0.0,0.0,13.0,7,0.0
ホワイトタスク,1,3,0.0,0.0,9.0,23,0.0
ホワイトフローラ,1,3,0.0,0.3333,6.3333,7,0.0
シルバークレイン,1,3,0.0,0.0,9.0,7,0.0
シルバーパラダイス,1,3,0.0,0.0,12.3333,7,0.0
ホールハーテッド,1,3,0.0,0.0,8.3333,15,0.0
シャーペンゴールド,1,3,0.0,0.0,14.0,7,0.0
マッチレスギフト,1,3,0.0,0.6667,5.0,7,0.0
コハルビヨリ,1,3,0.3333,0.6667,3.3333,7,0.0
Spring Awakening,1,3,0.0,0.0,7.6667,7,0.0
コルニヨン,1,3,0.0,0.0,10.6667,7,0.0
マティーニ,1,3,0.0,0.3333,10.0,7,0.0
マテリアライズ,2,3,0.0,0.0,13.3333,7,0.0
シンコウカリビアン,1,3,0.0,0.3333,6.6667,23,0.0
シンプリーノキセキ,1,3,0.0,0.0,7.6667,7,0.0
Point of Honor,1,3,0.3333,0.6667,3.3333,7,0.0
レッドルレーヴ,1,3,0.0,0.3333,4.6667,7,0.0
シンメイジョアー,1,3,0.0,0.0,13.6667,7,0.0
シンメイドゥバレー,1,3,0.0,0.0,14.3333,7,0.0
シー,1,3,0.0,0.0,6.3333,7,0.0
シュピールカルテ,1,3,0.0,0.3333,6.0,7,0.0
コンフィデンシャル,2,3,0.3333,0.3333,6.6667,7,0.0
コンゴウレイワ,1,3,0.0,0.6667,5.3333,7,0.0
マテルナ,1,3,0.0,0.3333,8.3333,7,0.0
コスモディスティニ,1,3,0.0,0.0,16.0,7,0.0
マナツノヨノユメ,1,3,0.0,0.0,12.3333,7,0.0
マナローラ,1,3,0.3333,0.6667,3.6667,15,1.0
Spirit Line,1,3,0.0,0.0,10.3333,7,0.0
コパノカリブ,1,3,0.0,0.0,11.3333,7,0.0
ママラヴスマンボ,1,3,0.0,0.0,9.0,7,0.0
シークレットダイヤ,1,3,0.0,0.0,10.6667,7,0.0
ホウライフリート,1,3,0.0,0.0,12.3333,7,0.0
Peace Burg,1,3,0.0,0.3333,11.3333,7,0.0
Pearl Dance,1,3,0.0,0.0,14.0,7,0.0
Persian Heroine,1,3,0.0,0.0,5.6667,7,0.0
ジェイケイラン,1,3,0.0,0.0,11.0,7,0.0
シーヴィーナス,1,3,0.0,0.0,15.3333,7,0.0
シルクジュリエット,1,3,0.0,0.0,13.6667,131,0.0
コパノマユチャン,1,3,0.0,0.0,14.3333,7,0.0
Stoweshoe,1,3,0.0,0.0,14.0,7,0.0
Stylish Wildcat,1,3,0.0,0.3333,8.6667,43,0.0
Summer Raven,1,3,0.0,0.0,11.6667,7,0.0
ルーナデラセーラー,1,3,0.0,0.0,11.6667,7,0.0
ココナチャン,1,3,0.0,0.0,12.0,7,0.0
ココナッツスルー,1,3,0.0,0.0,6.0,7,0.0
ココニサチアリ,1,3,0.0,0.0,12.0,7,0.0
ココリエルサ,2,3,0.0,0.0,13.6667,7,0.0
コウセイオリーヴ,1,3,0.0,0.0,8.6667,7,0.0
Overvalued,1,3,0.0,0.3333,9.3333,7,0.0
Palm Shade,1,3,0.0,0.0,13.3333,23,0.0
Paris Bikini,1,3,0.3333,0.6667,3.0,7,0.0
One Hot Lady,1,3,0.0,0.0,12.6667,7,0.0
ジェッシージェニー,1,3,0.0,0.3333,6.3333,7,0.0
ペルペトゥオ,2,3,0.0,0.3333,8.0,7,0.0
ホクセツエオス,2,3,0.0,0.0,13.0,7,0.0
ルージュフォンセ,1,3,0.0,0.3333,7.3333,7,0.0
マヤノブリッツ,1,3,0.0,0.0,11.6667,7,0.0
ゲットリッドオブワットアイレスユー,1,3,0.3333,0.3333,5.6667,15,1.0
コアレスフェロー,1,3,0.0,0.0,11.0,7,0.0
グロウオブハピネス,1,3,0.0,0.0,14.6667,7,0.0
グローバルシップ,1,3,0.0,0.0,12.6667,7,0.0
ジェノヴァ,1,3,0.0,0.0,15.3333,7,0.0
ジャングルヤマト,1,3,0.0,0.0,15.3333,7,0.0
ジャストゥラヴ,2,3,0.0,0.0,14.3333,7,0.0
Oriental Step,1,3,0.3333,0.6667,4.0,15,1.0
レディケストレル,1,3,0.0,0.0,12.3333,7,0.0
ペイパーレイン,1,3,0.0,0.0,12.6667,7,0.0
ペイミーキャッシュ,2,3,0.0,0.0,10.6667,7,0.0
ペスカトリーチェ,2,3,0.0,0.0,13.3333,15,0.0
コインオブスター,2,3,0.0,0.0,13.6667,7,0.0
マヤノクレナイ,1,3,0.0,0.0,14.0,23,0.0
ルンルンクオリティ,1,3,0.0,0.0,5.6667,7,0.0
グローリアスゼーレ,1,3,0.0,0.0,10.3333,7,0.0
ケイツーリラ,2,3,0.0,0.0,12.6667,7,0.0
ケイエムサウザー,1,3,0.0,0.3333,8.0,7,0.0
ジュリエッタ,1,3,0.0,0.3333,5.3333,7,0.0
ベーリーオクルス,1,3,0.0,0.0,9.0,7,0.0
ジュルビアン,2,3,0.0,0.3333,7.3333,7,0.0
ジョウムラソロン,1,3,0.0,0.0,15.6667,7,0.0
レディダイナ,1,3,0.0,0.0,13.6667,7,0.0
Nec Metu,1,3,0.0,0.0,11.6667,7,0.0
ジェントルウーマン2,2,3,0.0,0.3333,8.6667,7,0.0
ケンガイア,1,3,0.0,0.0,8.0,7,0.0
ケンブリッジナイス,1,3,0.0,0.0,8.6667,7,0.0
マリアネージュ,1,3,0.0,0.0,11.6667,7,0.0
Sweet Dreams,1,3,0.0,0.0,6.0,7,0.0
Sweetbriar Academy,1,3,0.0,0.3333,9.0,7,0.0
Thetis,1,3,0.0,0.0,9.6667,7,0.0
グレイトフルデイ,1,3,0.0,0.0,15.6667,7,0.0
マルセイユシチー,1,3,0.3333,0.3333,5.6667,15,1.0
マルタカチェリー,1,3,0.0,0.0,13.6667,7,0.0
ジョーテンオン,1,3,0.0,0.0,10.3333,7,0.0
ベリーローズ,1,3,0.0,0.0,8.0,67,0.0
Nickel,1,3,0.0,0.3333,7.6667,7,0.0
ベッティング,1,3,0.0,0.0,8.3333,23,0.0
スイートセント,1,3,0.0,0.0,9.0,7,0.0
ジュヴィ,1,3,0.0,0.0,7.0,7,0.0
ジュールポレール,1,3,0.0,0.0,12.3333,7,0.0
グレースグロリアス,1,3,0.0,0.0,10.0,7,0.0
マルカフルート,1,3,0.0,0.0,12.0,7,0.0
ルリジューズ,1,3,0.0,0.0,12.6667,7,0.0
Sweettrickydancer,1,3,0.0,0.0,13.0,7,0.0
Switch Around,1,3,0.0,0.3333,7.3333,7,0.0
Thundersnow,1,3,0.0,0.0,11.6667,7,0.0
Tight Shoes,1,3,0.0,0.0,14.0,23,0.0
Tim's Girl,1,3,0.0,0.0,11.6667,7,0.0
ルプロムナード,1,3,0.0,0.0,14.3333,7,0.0
グレイシャーパーク,1,3,0.0,0.0,9.0,7,0.0
グリーンスマッシャ,1,3,0.0,0.0,11.6667,23,0.0
グレイシャスギャル,1,3,0.0,0.0,9.6667,7,0.0
スイートメモリーズ,1,3,0.0,0.0,10.3333,7,0.0
スイートランラン,1,3,0.0,0.0,11.3333,115,0.0
スイートマジョルカ,1,3,0.0,0.0,10.0,7,0.0
ベストインタウン,1,3,0.0,0.0,9.6667,7,0.0
Naughtier,1,3,0.0,0.0,13.6667,23,0.0
レディリリカル,1,3,0.0,0.0,13.6667,7,0.0
ベルシャルル,1,3,0.0,0.0,12.0,7,0.0
ベルアンブル,1,3,0.0,0.0,9.0,7,0.0
The Dove,1,3,0.0,0.3333,9.6667,7,0.0
ステラドーロ,1,3,0.0,0.0,13.6667,7,0.0
プレーヌリュヌ,1,3,0.0,0.0,12.3333,7,0.0
スカーレットオハラ,1,3,0.0,0.0,10.3333,7,0.0
ベスタルキュート,1,3,0.0,0.0,14.0,7,0.0
スズカブリーズ,1,3,0.0,0.0,13.6667,43,0.0
Mistress of Evil,1,3,0.3333,0.6667,3.0,7,0.0
Moart,1,3,0.0,0.0,7.6667,7,0.0
スタンシア,1,3,0.0,0.0,14.3333,7,0.0
スズプロポーション,1,3,0.0,0.0,14.3333,7,0.0
スズベルベット,1,3,0.0,0.0,13.3333,7,0.0
ヘルメット,1,3,0.0,0.6667,3.3333,7,0.0
グランピアノ,1,3,0.0,0.0,11.0,7,0.0
グランブルー,1,3,0.0,0.0,14.0,7,0.0
グランプリエ,1,3,0.0,0.0,11.3333,7,0.0
マルモマリア,1,3,0.0,0.0,8.6667,7,0.0
Thirteen Squared,1,3,0.0,0.0,13.6667,7,0.0
ステファニーズホープ,1,3,0.0,0.0,9.6667,7,0.0
グラッツェミーレ,1,3,0.0,0.0,8.0,7,0.0
マーガレットスカイ,1,3,0.0,0.0,6.3333,7,0.0
Together,1,3,0.0,0.0,12.3333,7,0.0
グランゼコール,1,3,0.0,0.0,11.6667,7,0.0
マルヨシャトル,1,3,0.0,0.0,12.0,7,0.0
グランアレグリア,1,3,0.0,0.6667,4.3333,7,0.0
クーファウェヌス,1,3,0.0,0.0,9.3333,7,0.0
ステイウィズアンナ,1,3,0.0,0.0,14.0,7,0.0
プロミスウェル,1,3,0.0,0.0,12.6667,7,0.0
プロミネンス,1,3,0.0,0.0,14.3333,7,0.0
プロミネントカット,1,3,0.0,0.0,14.6667,7,0.0
プロムクイーン,1,3,0.0,0.0,13.0,7,0.0
レネーズタイタン,1,3,0.3333,0.3333,6.3333,7,0.0
プレミアムゲーム,1,3,0.0,0.0,14.0,7,0.0
ステラシスネ,1,3,0.0,0.0,11.3333,7,0.0
クーファバステト,1,3,0.0,0.0,13.0,7,0.0
Turbulent Descent,1,3,0.0,0.0,14.3333,7,0.0
グッドコマチ,2,3,0.0,0.0,14.3333,7,0.0
グッドネス,1,3,0.0,0.0,15.0,7,0.0
マークアップ,1,3,0.0,0.0,7.0,23,0.0
マージェリー,2,3,0.3333,0.3333,4.0,7,0.0
クロスセル,1,3,0.0,0.0,4.6667,7,0.0
ステップビヨンド,1,3,0.0,0.0,9.3333,7,0.0
ストロンボリ,1,3,0.0,0.0,8.3333,7,0.0
プレシャスガール,1,3,0.3333,1.0,1.3333,7,0.0
プレゼンテーション,1,3,0.0,0.0,14.0,43,0.0
Meow,1,3,0.0,0.0,11.6667,7,0.0
レポゼッション,1,3,0.3333,0.6667,1.6667,15,0.5
スナイプトウショウ,1,3,0.0,0.0,10.6667,7,0.0
スニップ,1,3,0.0,0.0,8.3333,7,0.0
ステファニーズシスター,2,3,0.0,0.0,11.6667,7,0.0
スマートアクセス,1,3,0.0,0.0,12.3333,7,0.0
スマートエリス,1,3,0.0,0.3333,7.6667,7,0.0
プリンセスオリビア,1,3,0.0,0.0,8.0,179,0.0
プレイズザミラクル,1,3,0.0,0.0,13.6667,7,0.0
スビールアスール,1,3,0.0,0.0,6.0,7,0.0
Marissa's Joy,1,3,0.0,0.3333,4.6667,7,0.0
Meadow Breeze,1,3,0.3333,1.0,2.0,7,0.0
レンレン,1,3,0.0,0.0,14.6667,7,0.0
スプリングスワン,1,3,0.0,0.3333,4.0,7,0.0
スピンク,1,3,0.0,0.0,13.0,7,0.0
プリンセスミカ,1,3,0.0,0.0,15.0,7,0.0
マーヴェラスクイン,1,3,0.0,0.0,10.6667,7,0.0
ミエレ,1,3,0.0,0.0,14.0,7,0.0
クールビューティー,1,3,0.0,0.0,9.6667,7,0.0
マーブルサニー,1,3,0.6667,0.6667,3.6667,15,1.0
マーベラスリリー,1,3,0.0,0.0,9.0,7,0.0
クレールドリュヌ,1,3,0.0,0.0,13.3333,7,0.0
ミシガンガール,1,3,0.0,0.0,14.6667,7,0.0
Valley Fever,1,3,0.0,0.0,12.0,7,0.0
Vanquished,1,3,0.0,0.0,10.6667,7,0.0
Veiled Intrigue,1,3,0.0,0.0,14.3333,7,0.0
ルクシャル,1,3,0.0,0.0,9.3333,7,0.0
ルコンセール,1,3,0.0,0.0,10.6667,7,0.0
クロフネマンボ,2,3,0.0,0.3333,11.0,7,0.0
クールサンバ,1,3,0.3333,0.3333,5.6667,15,1.0
ミスズマンボ,1,3,0.0,0.0,12.3333,7,0.0
スプリングノート,1,3,0.0,0.0,12.0,7,0.0
スマイルワールド,1,3,0.0,0.0,11.3333,7,0.0
スマイルヴィオラ,1,3,0.3333,0.6667,3.3333,15,1.0
スマイルスター,1,3,0.0,0.0,11.0,7,0.0
スペリオーレ,1,3,0.0,0.0,16.6667,7,0.0
London Welsh,1,3,0.0,0.3333,8.0,7,0.0
Wildcat Belle,1,3,0.3333,0.6667,3.3333,7,0.0
Vine Street,1,3,0.0,0.0,12.0,7,0.0
Vintage Red,1,3,0.0,0.0,11.3333,7,0.0
Voodoo Lady,1,3,0.0,0.3333,7.6667,23,0.0
ミスエマ,1,3,0.3333,0.6667,5.3333,7,0.0
スリーキャロル,1,3,0.0,0.0,13.3333,7,0.0
Lovers Walk,1,3,0.0,0.3333,5.3333,7,0.0
Macnas,1,3,0.0,0.0,13.0,7,0.0
レーヴドカナロア,2,3,0.0,0.0,9.3333,7,0.0
ロイズブラスハート,1,3,0.0,0.0,16.0,7,0.0
Lilac Rose,1,3,0.0,0.0,13.3333,7,0.0
スリーパール,1,3,0.0,0.0,13.6667,7,0.0
プリティーサンサン,1,3,0.0,0.0,10.3333,7,0.0
プリマゴールド,1,3,0.0,0.0,9.3333,7,0.0
クロツルバミ,1,3,0.0,0.0,12.0,7,0.0
クロトノーナ,1,3,0.0,0.0,13.6667,7,0.0
Way To Win,1,3,0.0,0.0,11.6667,7,0.0
クレイステルス,2,3,0.0,0.0,14.0,7,0.0
ミスズアロハ,1,3,0.0,0.0,11.3333,7,0.0
ミッキーパパイア,1,3,0.0,0.0,11.0,7,0.0
スワニー,1,3,0.0,0.0,10.3333,7,0.0
セイカディーバ,1,3,0.0,0.0,13.6667,7,0.0
プリズマティコ,1,3,0.0,0.0,12.0,7,0.0
セザンヌ,1,3,0.0,0.0,12.0,7,0.0
セイヴェルビット,1,3,0.0,0.0,10.3333,7,0.0
セウラサーリ,1,3,0.0,0.0,9.0,7,0.0
セイザ,1,3,0.0,0.0,15.0,7,0.0
セイチーズ,2,3,0.0,0.0,14.6667,7,0.0
プラネットビーナス,1,3,0.0,0.0,10.6667,7,0.0
プライムナンバー,1,3,0.0,0.0,11.6667,7,0.0
プリンセスオーラ,1,3,0.0,0.0,12.3333,7,0.0
クリールシャルマン,1,3,0.0,0.0,11.3333,7,0.0
リーズ,1,3,0.0,0.0,13.3333,7,0.0
With Every Wish,1,3,0.0,0.0,9.3333,23,0.0
クリスタルクール,1,3,0.0,0.0,9.6667,7,0.0
クリスタルバンブー,1,3,0.0,0.0,10.0,7,0.0
ミスベジル,2,3,0.6667,0.6667,3.0,15,1.0
ミニーアイル,1,3,0.3333,1.0,2.0,7,0.0
クラウンミネルヴァ,1,3,0.0,0.0,14.6667,7,0.0
セラミスト,1,3,0.0,0.0,8.0,7,0.0
プライムタイムサンデー,1,3,0.0,0.0,11.0,43,0.0
プティットクルール,1,3,0.0,0.0,12.6667,7,0.0
プライベートタイム,1,3,0.0,0.0,14.0,7,0.0
ロケット,1,3,0.0,0.0,7.3333,7,0.0
セレブトウショウ,1,3,0.0,0.0,6.6667,7,0.0
スーパーファイン,1,3,0.0,0.0,11.0,7,0.0
With Pleasure,1,3,0.0,0.0,7.0,7,0.0
リードケーティング,1,3,0.0,0.0,10.0,23,0.0
ミッドナイトビズー,1,3,0.0,0.3333,6.0,7,0.0
アイオープナー,1,3,0.0,0.0,8.0,7,0.0
リンダスキー,1,3,0.0,0.0,12.6667,7,0.0
クリスタルアイ,1,3,0.0,0.0,12.6667,7,0.0
ミッキースマシング,1,3,0.0,0.0,11.3333,7,0.0
ミニーチャン,1,3,0.0,0.0,12.6667,7,0.0
セーヌドパリ,1,3,0.0,0.0,12.0,7,0.0
ロサグラウカ,2,3,0.0,0.0,5.0,7,0.0
ロザヴィア,1,3,0.0,0.3333,8.3333,7,0.0
ロジアイリッシュ,1,3,0.0,1.0,3.0,7,0.0
Laureldean Gale,1,3,0.0,0.0,12.3333,7,0.0
セトウチシャイン,2,3,0.0,0.0,11.3333,7,0.0
クリアムーブメント,1,3,0.0,0.0,6.0,7,0.0
Yellow Rosebud,1,3,0.0,0.0,13.3333,7,0.0
Zarakiysha,1,3,0.3333,0.6667,3.0,7,0.0
リージェンシーロマンス,1,3,0.0,0.3333,5.3333,7,0.0
アイタペアペア,1,3,0.3333,0.3333,4.3333,7,0.0
アイドルタレント,1,3,0.0,0.0,11.6667,67,0.0
アイスカービング,1,3,0.0,0.3333,6.3333,7,0.0
リワードモンシェリ,1,3,0.0,0.0,13.0,7,0.0
ミティル,1,3,0.0,0.3333,5.0,7,0.0
Leave Me Alone,1,3,0.0,0.0,9.3333,7,0.0
ロジマジェスティ,1,3,0.0,0.3333,8.6667,7,0.0
ロジモーリス,1,3,0.0,0.0,9.3333,7,0.0
La Sylvia,1,3,0.0,0.0,11.6667,7,0.0
タイキセレーネ,1,3,0.0,0.0,12.3333,7,0.0
タイキディーバ,1,3,0.0,0.0,10.6667,23,0.0
セレスラッシュ,1,3,0.0,0.0,10.3333,23,0.0
ゼスト,2,3,0.3333,0.3333,5.3333,15,0.5
クラウンムーン,1,3,0.0,0.0,10.6667,7,0.0
クラウンリリー,1,3,0.0,0.0,14.6667,7,0.0
ミッキーラズベリー,2,3,0.0,0.3333,7.0,7,0.0
クイーンズテソーロ,1,3,0.3333,0.3333,4.0,7,0.0
アイファールミ,1,3,0.0,0.0,11.6667,7,0.0
アイファーソーニョ,1,3,0.0,0.0,14.6667,7,0.0
リワードアメイン,1,3,0.0,0.3333,6.3333,7,0.0
クエストフォーラヴ,1,3,0.0,0.6667,3.3333,7,0.0
リュヌルージュ,1,3,0.0,0.0,11.6667,7,0.0
アイルチャーム,1,3,0.0,0.3333,9.6667,7,0.0
タイキレボー,1,3,0.0,0.0,11.0,7,0.0
タイセイパルフェ,1,3,0.0,0.3333,7.6667,7,0.0
タイキブルジュ,1,3,0.0,0.3333,10.0,7,0.0
Lady's Light,1,3,0.0,0.0,14.3333,7,0.0
Keira,1,3,0.0,0.3333,7.6667,7,0.0
Kelli Cat,1,3,0.0,0.0,12.0,23,0.0
タイムレスメロディ,1,3,0.0,0.0,11.0,7,0.0
ミノリレディー,1,3,0.0,0.0,14.0,7,0.0
アイズユーニン,1,3,0.0,0.0,14.0,7,0.0
タイセイレガシー,1,3,0.0,0.0,13.3333,7,0.0
アインアイン,1,3,0.0,0.0,11.6667,23,0.0
アインステージ,1,3,0.0,0.0,9.6667,7,0.0
アイランドクイーン,1,3,0.0,0.0,6.6667,7,0.0
ギブソンガール,2,3,0.0,0.0,8.0,23,0.0
ギミーヘブン,1,3,0.0,0.0,15.0,23,0.0
ギャラントユウリ,1,3,0.0,0.0,12.6667,7,0.0
ミルキーコマンダー,1,3,0.0,0.0,14.0,7,0.0
キュウナス,1,3,0.0,0.3333,11.3333,7,0.0
ロックザボート,2,3,0.0,0.0,10.0,7,0.0
ロックンルージュ,1,3,0.0,0.0,13.6667,7,0.0
Joy Nikita,1,3,0.0,0.0,10.3333,7,0.0
タガノカピート,1,3,0.0,0.0,11.0,7,0.0
タガノラフレシア,1,3,0.3333,0.3333,8.0,23,0.0
ミモザゴール,2,3,0.0,0.0,8.3333,7,0.0
クイーンズティアラ,1,3,0.0,0.0,11.0,7,0.0
ミラノリッチ,1,3,0.0,0.6667,3.0,7,0.0
ミラビリア,1,3,0.0,0.3333,9.0,7,0.0
ミリオンスターズ,1,3,0.0,0.0,10.0,7,0.0
アカデミック,2,3,0.0,0.0,15.0,7,0.0
アカネサス,1,3,0.0,0.0,14.6667,7,0.0
キョウワルシエル,1,3,0.0,0.3333,10.3333,7,0.0
キラークイーン,1,3,0.0,0.0,11.6667,7,0.0
キャットクイル,1,3,0.0,0.6667,4.0,179,0.0
タックスペイヤー,1,3,0.0,0.0,14.3333,7,0.0
タケショウティアラ,1,3,0.0,0.0,14.3333,23,0.0
タケショウベスト,2,3,0.0,0.3333,10.0,7,0.0
タケデンプレイズ,1,3,0.0,0.0,13.6667,7,0.0
タケノビジン,1,3,0.0,0.0,15.0,7,0.0
ブラッディムーン,1,3,0.0,0.0,8.6667,7,0.0
ブランシェクール,1,3,0.0,0.0,10.6667,7,0.0
タニノマウナケア,1,3,0.0,0.6667,3.0,7,0.0
リマレックス,1,3,0.0,0.0,8.6667,7,0.0
アクアプラネット,1,3,0.0,0.0,14.6667,7,0.0
アクニディ,1,3,0.0,0.0,15.0,7,0.0
アキノガイア,1,3,0.0,0.0,10.6667,7,0.0
アキノクリンチ,1,3,0.0,0.0,12.3333,7,0.0
リモニウム,1,3,0.0,0.0,11.0,7,0.0
キャントバイミーラヴ,1,3,0.6667,0.6667,3.3333,15,1.0
キャンティクラシコ,1,3,0.0,0.0,14.6667,7,0.0
キタサンナデシコ,2,3,0.0,0.0,12.6667,7,0.0
ムーンスケイプ,1,3,0.0,0.3333,8.6667,7,0.0
タビズキ,1,3,0.0,0.0,11.6667,7,0.0
Influenced,1,3,0.0,0.0,10.6667,7,0.0
タマモメルヘン,1,3,0.0,0.0,8.6667,7,0.0
タガノレイヤード,1,3,0.0,0.0,12.3333,43,0.0
キューガーデン,1,3,0.0,0.0,11.6667,7,0.0
キョウワノメガミ,1,3,0.0,0.0,10.3333,7,0.0
リボンキッス,1,3,0.0,0.0,11.0,7,0.0
キャサリンクリスタ,1,3,0.0,0.0,13.0,7,0.0
キャストインシルバー,1,3,0.0,0.0,11.3333,7,0.0
ムーンエコロジー,1,3,0.0,0.0,11.6667,7,0.0
キャピタルゲイン,1,3,0.0,0.0,13.6667,7,0.0
ガンアンドローズ,1,3,0.0,0.0,12.6667,7,0.0
ターフグロッカ,1,3,0.0,0.0,10.0,7,0.0
ターフティファニー,1,3,0.0,0.0,12.0,7,0.0
ブライアンズキッス,1,3,0.0,0.0,10.6667,7,0.0
ダイトカイ,1,3,0.0,0.0,13.0,7,0.0
Indelible,1,3,0.0,0.0,8.0,7,0.0
ロングミーナ,1,3,0.0,0.0,13.0,7,0.0
フローリッシュ,1,3,0.0,0.0,10.3333,43,0.0
ダズリングワールド,2,3,0.0,0.0,11.0,7,0.0
ダニカ,1,3,0.0,0.0,10.6667,7,0.0
ムスターヴェルク,2,3,0.0,0.0,14.0,7,0.0
メイクハッピー,1,3,0.0,0.0,9.3333,7,0.0
キタサンデイジー,1,3,0.0,0.0,11.3333,7,0.0
ダノンファンタジー,1,3,0.0,0.3333,4.0,7,0.0
ダノンステラ,1,3,0.0,0.0,13.3333,7,0.0
ロンゲイヴィア,1,3,0.0,0.0,11.6667,7,0.0
Hollow Design,1,3,0.0,0.0,12.0,23,0.0
Honorina,1,3,0.0,0.0,7.3333,7,0.0
ダブルスカーレット,2,3,0.0,0.0,12.6667,7,0.0
ダンスナンバー,1,3,0.0,0.0,15.0,7,0.0
タンポポプリンセス,1,3,0.0,0.0,13.6667,7,0.0
タートレッテ,1,3,0.0,0.0,9.6667,7,0.0
キタノユーリン,2,3,0.0,0.3333,9.6667,7,0.0
キティウェルズ,1,3,0.0,0.0,7.3333,7,0.0
ムーンパスラブ,1,3,0.0,0.0,9.6667,7,0.0
リベラメンテ,1,3,0.0,0.0,5.6667,7,0.0
アグネススペクトル,1,3,0.0,0.0,15.0,7,0.0
カワカミハナコ,1,3,0.0,0.0,9.6667,7,0.0
カーフムーンベイ,2,3,0.0,0.0,15.3333,7,0.0
カーロッサ,1,3,0.0,0.0,10.3333,7,0.0
カーサデルシエロ,1,3,0.3333,0.3333,7.3333,7,0.0
メイショウカズヒメ,1,3,0.0,0.0,7.6667,7,0.0
アサヒステファニー,1,3,0.0,0.0,9.3333,7,0.0
メイショウエバー,1,3,0.0,0.0,11.0,7,0.0
カリブメーカー,1,3,0.0,0.3333,4.3333,7,0.0
フリーダムライター,1,3,0.0,0.0,11.3333,7,0.0
チビラーサン,1,3,0.0,0.0,7.0,7,0.0
フリスカ,1,3,0.0,0.0,15.3333,7,0.0
アサカグローリー,1,3,0.0,0.0,9.6667,23,0.0
アサギヌ,1,3,0.0,0.0,6.3333,7,0.0
リフタスフェルト,1,3,0.0,0.0,9.6667,7,0.0
キスミーソフトリー,1,3,0.0,0.0,12.6667,7,0.0
キスミープリーズ,1,3,0.0,0.0,11.0,23,0.0
アッキー,1,3,0.0,0.0,11.3333,7,0.0
アストライア,1,3,0.0,0.0,13.6667,7,0.0
カレイカルロッタ,1,3,0.0,0.0,14.3333,7,0.0
カリーナミア,1,3,0.3333,0.3333,3.6667,7,0.0
カリーニョミノル,1,3,0.0,0.0,13.0,7,0.0
カルストンハイネ,2,3,0.0,0.0,14.0,7,0.0
メイショウシズカロ,1,3,0.0,0.0,13.6667,7,0.0
フラワーシャワー,1,3,0.0,0.3333,9.0,7,0.0
チョウワンダー,1,3,0.0,0.0,9.6667,7,0.0
フラリシング,1,3,0.0,0.0,13.6667,7,0.0
フラル,1,3,0.3333,0.6667,2.3333,15,1.0
Happy Now,1,3,0.0,0.0,12.3333,7,0.0
チョコダイスキ,1,3,0.0,0.0,10.3333,7,0.0
チーカ,2,3,0.0,0.0,12.6667,7,0.0
フライア,1,3,0.0,0.0,10.3333,7,0.0
ダンサリーノ,1,3,0.0,0.0,13.6667,7,0.0
アッリヴァーレ,1,3,0.0,0.3333,4.6667,7,0.0
アッシャムス,1,3,0.0,0.0,9.0,7,0.0
アッファビリティー,1,3,0.0,0.0,10.3333,23,0.0
アッフェルマーレ,1,3,0.0,0.0,13.3333,7,0.0
アップサージ,1,3,0.0,0.0,13.3333,7,0.0
カフェレヨン,1,3,0.0,0.0,7.3333,7,0.0
メイショウフウシャ,1,3,0.0,0.0,9.0,7,0.0
メイシンフォニー,1,3,0.0,0.0,13.3333,23,0.0
ツクバエリザベス,1,3,0.0,0.0,12.0,7,0.0
ツクバハピネ,1,3,0.0,0.0,9.0,7,0.0
Good Talk,1,3,0.0,0.0,11.3333,43,0.0
Gottahaveadream,1,3,0.0,0.0,9.3333,7,0.0
Graciously Soft,1,3,0.0,0.3333,5.6667,7,0.0
Girouette,1,3,0.0,0.0,10.0,7,0.0
Give me Five,1,3,0.0,0.0,13.0,7,0.0
チャーミングイヴ,1,3,0.0,0.0,13.3333,23,0.0
フジリュー,1,3,0.0,0.0,10.3333,43,0.0
カトゥーア,1,3,0.0,0.0,12.0,7,0.0
メイショウラッシュ,1,3,0.0,0.3333,6.0,7,0.0
メイショウラバンド,1,3,0.0,0.0,11.6667,7,0.0
リズムエンゼル,1,3,0.0,0.0,13.0,23,0.0
リタンオブハピネス,1,3,0.0,0.0,12.3333,7,0.0
アドニウスバニラ,1,3,0.0,0.0,13.6667,7,0.0
リッカコウユウ,1,3,0.0,0.0,8.0,7,0.0
カトリア,1,3,0.0,0.0,8.0,23,0.0
メイショウメラボシ,2,3,0.0,0.0,14.0,7,0.0
メジャーグルーヴ,1,3,0.0,0.0,10.6667,7,0.0
オールモストゼア,1,3,0.0,0.0,8.0,7,0.0
ティヴォリオベーネ,1,3,0.0,0.0,14.6667,7,0.0
フライトオブスワン,2,3,0.0,0.3333,9.0,7,0.0
カノヤアカツキ,1,3,0.0,0.0,14.6667,7,0.0
カネショウシャネル,1,3,0.0,0.0,8.6667,23,0.0
カクテルウィッシュ,1,3,0.0,0.0,10.6667,7,0.0
カアナパリビーチ,1,3,0.0,0.0,9.0,7,0.0
カイルアコナ,1,3,0.0,0.3333,7.6667,7,0.0
メイプルステージ,1,3,0.0,0.0,13.3333,7,0.0
アドマイヤギャラン,1,3,0.0,0.0,7.0,7,0.0
カズミドリーム,1,3,0.0,0.0,12.3333,7,0.0
カゼノボレロ,2,3,0.0,0.3333,5.0,23,0.0
カシノピアレス,1,3,0.0,0.0,13.6667,7,0.0
カスタネット,1,3,0.0,0.0,10.3333,7,0.0
カグラヒメ,1,3,0.0,0.0,7.0,7,0.0
メソスフェリック,1,3,0.0,0.0,8.3333,7,0.0
フクウンラブスター,1,3,0.0,0.6667,3.6667,7,0.0
フサイチエイブル,2,3,0.0,0.3333,7.0,23,0.0
Funny Moon,1,3,0.3333,0.3333,10.0,15,1.0
Freefourracing,1,3,0.3333,1.0,2.0,7,0.0
ローメリン,1,3,0.0,0.0,14.3333,7,0.0
オースミアース,1,3,0.0,0.3333,8.3333,7,0.0
オーケストレイト,1,3,0.0,0.3333,5.0,7,0.0
オーミメリッサ,1,3,0.0,0.0,11.6667,7,0.0
オオオク,1,3,0.0,0.0,11.6667,7,0.0
メメミルキッシュ,1,3,0.0,0.0,14.6667,7,0.0
テオロジア,1,3,0.0,0.0,10.0,7,0.0
フォルスペランツァ,1,3,0.0,0.0,14.6667,7,0.0
Firedance,1,3,0.0,0.0,13.6667,7,0.0
Flashy Ride,1,3,0.0,0.0,10.3333,7,0.0
ローレルプリンセス,2,3,0.0,0.0,13.6667,7,0.0
テンタシオン,1,3,0.0,0.0,9.3333,67,0.0
ディアコニア,1,3,0.0,0.0,8.6667,7,0.0
ティーチャズペット,1,3,0.0,0.0,15.0,7,0.0
ティーブラウニー,1,3,0.0,0.0,10.0,7,0.0
メインリー,1,3,0.0,0.3333,7.6667,7,0.0
カカユウラク,1,3,0.0,0.0,10.3333,7,0.0
リアンノン,1,3,0.0,0.0,11.0,7,0.0
オルネーラ,1,3,0.0,0.0,13.3333,7,0.0
オリヅル,1,3,0.0,0.0,13.3333,7,0.0
テーオーブルベリー,1,3,0.3333,0.6667,2.6667,7,0.0
フェイバリットキャンディ,1,3,0.0,0.0,10.3333,7,0.0
ディアパルティール,1,3,0.0,0.3333,7.3333,7,0.0
ディアラビーニア,1,3,0.0,0.0,12.0,7,0.0
Exclusive Diamond,1,3,0.0,0.0,11.6667,7,0.0
Expressly,1,3,0.0,0.0,13.6667,7,0.0
ワイズトウショウ,2,3,0.0,0.0,11.6667,7,0.0
デイオブジョイ,1,3,0.0,0.3333,3.6667,7,0.0
テネシースワン,1,3,0.0,0.0,15.3333,7,0.0
テラザイザベラ,1,3,0.0,0.0,15.3333,7,0.0
リオンジャック,1,3,0.0,0.0,12.0,7,0.0
アドリアーナ,1,3,0.0,0.0,11.6667,7,0.0
オーバーザレインボ,2,3,0.0,0.0,15.6667,7,0.0
メロンパン,1,3,0.0,0.3333,8.6667,7,0.0
アポロライラ,1,3,0.0,0.0,8.6667,7,0.0
リアルハイブローウ,1,3,0.0,0.0,9.6667,67,0.0
エーピーソワレ,1,3,0.0,0.0,5.0,7,0.0
エールドランジュ,1,3,0.0,0.0,11.3333,7,0.0
モズアーントモー,1,3,0.0,0.0,6.6667,7,0.0
デインスカヤ,1,3,0.0,0.0,14.3333,7,0.0
デザイナー,1,3,0.0,0.0,12.3333,7,0.0
フィールドスラッピ,1,3,0.0,0.0,16.0,7,0.0
デュークストリート,1,3,0.0,0.0,10.6667,7,0.0
デザートフラワー,1,3,0.0,0.0,10.0,179,0.0
デスティニーソング,1,3,0.0,0.0,14.6667,7,0.0
フィーユレヴーズ,1,3,0.3333,0.6667,2.0,7,0.0
デイブック,1,3,0.0,0.0,15.3333,7,0.0
オペラシーズン,2,3,0.0,0.0,10.6667,7,0.0
アプリコットチャン,1,3,0.0,0.3333,10.0,7,0.0
アマダブラム2,1,3,0.3333,0.6667,2.3333,15,1.0
モエレヒライス,1,3,0.0,0.0,12.0,23,0.0
エリモクイーン,2,3,0.0,0.0,12.6667,7,0.0
エラティス,1,3,0.3333,0.6667,3.0,7,0.0
トウカイユウユウ,1,3,0.0,0.3333,8.0,23,0.0
ファーマシスト,1,3,0.0,0.0,13.6667,7,0.0
トウケイランラン,2,3,0.0,0.0,12.3333,7,0.0
ワイワイガール,1,3,0.0,0.0,12.3333,7,0.0
ワカコマシルバー,1,3,0.0,0.0,14.0,7,0.0
Down The Well,1,3,0.0,0.0,14.0,7,0.0
トップオブマイリスト,1,3,0.0,0.0,9.0,7,0.0
ディープアントス,1,3,0.0,0.0,13.6667,7,0.0
エーシンパーティー,1,3,0.0,0.3333,5.6667,7,0.0
エーシンエーユー,1,3,0.0,0.0,14.3333,7,0.0
エーシンオーレ,1,3,0.0,0.0,12.0,7,0.0
メルヘンローズ,1,3,0.0,0.0,14.6667,23,0.0
エルモアレッタ,1,3,0.0,0.0,13.6667,7,0.0
モハー,1,3,0.0,0.3333,9.6667,7,0.0
ヤマトダイアンサス,1,3,0.0,0.0,14.6667,7,0.0
ファニーフラッシュ,1,3,0.3333,0.3333,4.3333,7,0.0
ファインメモリー,1,3,0.0,0.0,10.3333,7,0.0
ファストクリーク,1,3,0.0,0.0,14.3333,7,0.0
ワタシノキモチ,1,3,0.0,0.0,11.0,7,0.0
ワタリプリンセス,2,3,0.0,0.0,14.3333,7,0.0
トルミロス,1,3,0.0,0.3333,6.0,7,0.0
トリニティー,1,3,0.0,0.0,11.6667,23,0.0
フィドルプレイヤー,1,3,0.0,0.0,10.0,7,0.0
ファーマティアラ,1,3,0.0,0.0,15.3333,7,0.0
エレスチャル,1,3,0.0,0.3333,7.0,7,0.0
モズワッショイ,2,3,0.0,0.0,15.0,7,0.0
エンジェルユー,1,3,0.0,0.0,8.6667,7,0.0
アミークス,1,3,0.3333,0.3333,4.3333,15,1.0
トーセンラーク,1,3,0.0,0.3333,7.0,7,0.0
トーセンヴェール,1,3,0.0,0.0,11.6667,131,0.0
トーセンプリモ,1,3,0.0,0.0,9.3333,7,0.0
トワイライトライフ,2,3,0.0,0.0,6.3333,7,0.0
Don't Leave Me,1,3,0.0,0.0,10.6667,7,0.0
ワンカードトゥーメニー,1,3,0.3333,0.3333,9.3333,15,1.0
Dawn Delivers,1,3,0.0,0.0,11.3333,7,0.0
Deceptive,1,3,0.0,0.0,14.0,23,0.0
ピースチャンス,1,3,0.0,0.0,13.0,7,0.0
トーセンティアラ,1,3,0.0,0.0,12.6667,7,0.0
ファストメモリー,1,3,0.0,0.0,9.0,7,0.0
エルサージュ,1,3,0.0,0.0,12.0,7,0.0
エルサーレアル,1,3,0.0,0.0,10.6667,7,0.0
モルフェグラン,1,3,0.0,0.0,13.0,7,0.0
アメリカンタイトル,1,3,0.0,0.0,11.3333,23,0.0
アミティエ,1,3,0.0,0.0,13.3333,7,0.0
エビスチェリー,1,3,0.0,0.0,13.6667,7,0.0
ヤマカツルビー,1,3,0.0,0.0,12.3333,7,0.0
エリカブライト,1,3,0.3333,0.3333,6.3333,15,1.0
モーレアモーレ,2,3,0.0,0.0,10.6667,7,0.0
モーントバーン,1,3,0.0,0.3333,6.3333,7,0.0
アラビックソング,1,3,0.0,0.3333,7.3333,7,0.0
アラマサクロフネ,1,3,0.0,0.0,14.0,7,0.0
アラタマサーチャー,1,3,0.0,0.3333,5.3333,131,0.0
エリーバラード,1,3,0.0,0.3333,7.6667,7,0.0
エリモティアーズ,1,3,0.0,0.0,6.0,7,0.0
エリモフェアリー,1,3,0.0,0.0,12.0,7,0.0
エスフィンジ,1,3,0.0,0.0,11.6667,7,0.0
トーセンムンク,1,3,0.0,0.0,13.0,7,0.0
トーセンハナミズキ,1,3,0.0,0.3333,5.3333,7,0.0
トーセンビュー,1,3,0.0,0.0,13.3333,7,0.0
Diablo's Bobett,1,3,0.0,0.0,11.6667,23,0.0
アリノマンボ,1,3,0.0,0.0,10.0,7,0.0
アラモアナワヒネ,2,3,0.0,0.0,10.6667,7,0.0
エトアールピオン,1,3,0.0,0.3333,8.3333,7,0.0
エディスバーグ,1,3,0.3333,0.6667,2.6667,7,0.0
ヤマシロラッキー,1,3,0.0,0.0,11.6667,23,0.0
エイプリルドラマ,1,3,0.0,0.0,12.6667,7,0.0
トーホウキャサリン,1,3,0.0,0.0,9.0,7,0.0
ドゥモワゼル,1,3,0.0,0.3333,7.6667,7,0.0
ドゥリーミン,2,3,0.3333,0.6667,5.0,7,0.0
トーヨーフレンチ,1,3,0.0,0.0,12.0,23,0.0
Dark Fire,1,3,0.0,0.0,9.0,7,0.0
Davida,1,3,0.0,0.3333,5.6667,7,0.0
ワンダースニュマン,1,3,0.0,0.0,12.0,7,0.0
ドナラーク,1,3,0.0,0.0,13.6667,7,0.0
トーセンウィズダム,1,3,0.0,0.0,14.0,7,0.0
トーセンエッセンス,1,3,0.0,0.0,11.0,7,0.0
アリサ,1,3,0.0,0.0,12.3333,7,0.0
エクレアスターライト,1,3,0.0,0.0,13.3333,7,0.0
エコールドゥパリス,1,3,0.0,0.0,11.0,7,0.0
エクセレントビコー,1,3,0.0,0.0,10.0,7,0.0
ナイスドゥ,1,3,0.0,0.0,6.0,7,0.0
ピエールナオチャン,2,3,0.0,0.0,12.3333,7,0.0
ナスノフォルテ,1,3,0.3333,0.3333,4.0,7,0.0
ピエルフ,1,3,0.0,0.0,11.0,7,0.0
Daisy Miller,1,3,0.0,0.0,15.3333,7,0.0
Conqueress,1,3,0.0,0.0,11.6667,67,0.0
ビーボーン,1,3,0.0,0.0,12.3333,7,0.0
ビーマイプリンセス,1,3,0.3333,0.3333,6.3333,43,0.0
ナバテア,1,3,0.0,0.0,11.3333,7,0.0
トーセンヘレネー,2,3,0.0,0.0,9.6667,7,0.0
エスティロタレントーソ,1,3,0.0,1.0,2.0,7,0.0
ヤマニンソリテール,1,3,0.0,0.3333,9.0,23,0.0
エイシンムジカ,1,3,0.0,0.0,12.0,7,0.0
エアピース,1,3,0.0,0.3333,8.0,131,0.0
ナムラユリア,1,3,0.0,0.0,13.6667,7,0.0
ナリタアマリリス,1,3,0.3333,0.6667,4.0,7,0.0
ナムラパフィン,1,3,0.0,0.0,14.3333,7,0.0
ナンネッタ,1,3,0.0,0.0,8.6667,7,0.0
Cherokee,1,3,0.0,0.0,11.6667,7,0.0
Choir Mistress,1,3,0.0,0.0,15.3333,23,0.0
ニエロ,2,3,0.0,0.0,14.3333,7,0.0
ニカモレイ,2,3,0.0,0.0,9.0,7,0.0
ナオミエキスプレス,1,3,0.3333,0.3333,5.0,15,1.0
ヤマノバイオレット,1,3,0.0,0.0,14.6667,7,0.0
エクスカベーション,1,3,0.0,0.0,9.3333,23,0.0
エクスプレスリー,1,3,0.0,0.0,10.6667,7,0.0
ヤマノテンジン,1,3,0.0,0.0,13.0,23,0.0
アルテミスターキン,1,3,0.0,0.0,8.0,7,0.0
エイシンアリエル,1,3,0.0,0.0,16.0,7,0.0
アルマンディン,1,3,0.0,0.0,8.0,7,0.0
アルマアダーラ,1,3,0.0,0.0,11.3333,7,0.0
エイシンウルル,1,3,0.0,0.0,12.3333,7,0.0
ナリノメジャー,2,3,0.3333,0.3333,7.3333,15,0.5
ニシケンイチリン,1,3,0.0,0.3333,7.0,7,0.0
Circle the Empire,1,3,0.0,0.0,8.6667,7,0.0
ワーブリングベル,1,3,0.0,0.0,10.3333,7,0.0
ビップコルベット,1,3,0.0,0.6667,3.0,7,0.0
ナムラエルサ,1,3,0.0,0.0,9.6667,7,0.0
エイシンブリード,1,3,0.0,0.0,14.3333,7,0.0
エイシンセーリング,1,3,0.0,0.0,7.3333,7,0.0
アルファジップ,2,3,0.0,0.0,13.6667,7,0.0
ランクイン,1,3,0.0,0.3333,6.6667,23,0.0
ランタナ,1,3,0.0,0.0,11.3333,7,0.0
エイシンボン,1,3,0.0,0.0,12.6667,7,0.0
ニシノドレッシー,1,3,0.0,0.0,14.3333,7,0.0
ニシノハイブリッジ,1,3,0.0,0.0,13.3333,7,0.0
ビッグキャンドル,1,3,0.0,0.0,12.6667,7,0.0
ニシノマリア,1,3,0.0,0.0,6.6667,7,0.0
ニシノマンゲツ,1,3,0.0,0.0,12.0,7,0.0
ニシノブーケトス,2,3,0.0,0.0,12.6667,7,0.0
ビジューブランシュ,1,3,0.0,0.0,10.0,7,0.0
Chatter Chatter,1,3,0.0,0.0,11.6667,131,0.0
Chelan Echo,1,3,0.0,0.0,5.3333,7,0.0
Carson Copy,1,3,0.0,0.0,15.0,7,0.0
ニックルフェザー,1,3,0.0,0.0,10.3333,7,0.0
ニットウシュリリー,1,3,0.0,0.0,12.6667,7,0.0
ニットウリエ,1,3,0.0,0.0,12.6667,7,0.0
ニケ,2,3,0.0,0.0,13.3333,7,0.0
ビューティーリヨ,2,3,0.0,0.0,11.3333,7,0.0
ユーリカ,1,3,0.0,0.0,12.0,7,0.0
ウッディークー,1,3,0.0,0.0,8.6667,131,0.0
ヨドノサフラン,1,3,0.0,0.0,8.3333,7,0.0
アワフローラ,1,3,0.0,0.0,11.6667,7,0.0
アレス,1,3,0.0,0.0,6.6667,7,0.0
ラミアカーサ,1,3,0.0,0.0,9.0,7,0.0
ラメラメ,1,3,0.0,0.0,8.6667,23,0.0
ウルバーノ,1,3,0.0,0.0,11.6667,7,0.0
ウーマッハ,2,3,0.0,0.0,12.3333,7,0.0
ウインホイッスル,1,3,0.0,0.0,13.0,7,0.0
ウインミモザ,1,3,0.0,0.0,11.0,43,0.0
ヌンジュリエット,1,3,0.0,0.0,13.6667,7,0.0
ニューステップ,1,3,0.0,0.3333,10.3333,7,0.0
ビオレント,1,3,0.0,0.0,14.0,7,0.0
ヴァラナシ,1,3,0.0,0.0,14.3333,7,0.0
ヴァルツァー,1,3,0.0,0.0,14.6667,7,0.0
ネバーギブアップ,1,3,0.3333,0.3333,3.3333,7,0.0
ウェントワース,1,3,0.3333,0.6667,2.6667,7,0.0
ウェディングギフト,1,3,0.0,0.0,10.3333,7,0.0
アンジェラスベル,1,3,0.0,0.0,10.0,23,0.0
ラベンダーヒスイ,1,3,0.0,0.0,15.3333,7,0.0
ウエストワード,1,3,0.0,0.0,11.3333,7,0.0
ウエイブエール,1,3,0.0,0.0,11.3333,7,0.0
ウィンブルーム,2,3,0.0,0.0,11.6667,7,0.0
ウィズジョイ,1,3,0.0,0.0,10.0,7,0.0
ネージュフォレスト,1,3,0.0,0.0,12.3333,7,0.0
ヒバリ,1,3,0.0,0.3333,11.0,7,0.0
ヒマラヤクリス,1,3,0.0,0.0,11.0,7,0.0
ヒラボクガール,2,3,0.0,0.0,13.6667,7,0.0
ノイ,1,3,0.0,0.0,11.0,7,0.0
ノリミ,1,3,0.0,0.0,6.3333,7,0.0
ノーブルサファイア,1,3,0.0,0.0,9.0,7,0.0
ビコーマジェスティ,1,3,0.0,0.0,12.6667,7,0.0
ラブリーランサム,1,3,0.0,0.0,14.3333,7,0.0
ライラックローズ,1,3,0.3333,0.6667,3.0,7,0.0
ラインセイラ,1,3,0.0,0.0,15.6667,7,0.0
ラインドリーム,1,3,0.0,0.0,8.0,7,0.0
インフレイムド,1,3,0.0,0.3333,8.6667,7,0.0
Boom Town Girl,1,3,0.0,0.0,15.0,23,0.0
Born To Be Honest,1,3,0.0,0.0,13.0,7,0.0
Bryan's Jewel,1,3,0.0,0.0,15.0,7,0.0
Bugle,1,3,0.0,0.0,11.3333,7,0.0
Burning Topic,1,3,0.0,0.0,13.0,7,0.0
ヒカルマイヒメ,2,3,0.0,0.3333,9.3333,7,0.0
ハイパスチャー,1,3,0.0,0.0,14.0,23,0.0
ハギノベルエキプ,1,3,0.3333,0.3333,5.6667,15,1.0
ノゾミカナエタマエ,1,3,0.0,0.0,12.3333,15,0.0
ウインドラブ,1,3,0.0,0.0,14.3333,7,0.0
ウェルカムヒア,1,3,0.0,0.0,7.0,7,0.0
ハビタブルゾーン,1,3,0.0,0.0,13.3333,7,0.0
パーソナルビリーフ,1,3,0.0,0.0,13.0,7,0.0
ハルサエクレバ,1,3,0.0,0.0,11.6667,7,0.0
ハギノローザ,1,3,0.0,0.0,8.6667,7,0.0
ハイレベルバイオ,1,3,0.0,0.0,10.0,7,0.0
ハタノギャラン,1,3,0.0,0.0,13.0,23,0.0
ハタノシュヴァリエ,1,3,0.0,0.0,13.6667,67,0.0
ヒカルキャンディー,1,3,0.0,0.3333,5.0,7,0.0
ハゴロモジャスミン,1,3,0.0,0.0,14.3333,7,0.0
ハッピーアモーレ,1,3,0.0,0.3333,9.6667,7,0.0
ハトマークワルツ,1,3,0.0,0.0,5.3333,7,0.0
ハナイロコマチ,1,3,0.0,0.0,4.3333,7,0.0
ウインクルチェリー,1,3,0.0,0.0,10.3333,7,0.0
ラインラピット,2,3,0.0,0.0,10.6667,7,0.0
ラブリイマーチャン,2,3,0.0,0.0,12.3333,15,0.0
アンソレイユ,1,3,0.0,0.0,15.0,7,0.0
ラスカーラ,1,3,0.0,0.0,9.6667,7,0.0
ラスティックベル,1,3,0.0,0.0,15.3333,7,0.0
ラブフルーツ,1,3,0.0,0.0,12.0,7,0.0
ウィッシングデュー,1,3,0.0,0.0,10.3333,7,0.0
ウィンガーランド,1,3,0.0,0.0,15.6667,7,0.0
ウィンディレディ,1,3,0.0,0.0,10.6667,23,0.0
インカブレイブ,1,3,0.0,0.0,13.6667,7,0.0
パールグレイピアス,1,3,0.0,0.0,4.3333,7,0.0
ハニーディスタフ,1,3,0.0,0.3333,4.3333,7,0.0
ハナズプルメリア,2,3,0.0,0.0,13.6667,7,0.0
ハナズリベンジ,1,3,0.3333,0.3333,3.3333,7,0.0
パーフェクトラヴ,2,3,0.0,0.0,12.0,7,0.0
Belhamage,1,3,0.0,0.0,12.0,7,0.0
Berched,1,3,0.0,0.0,11.0,7,0.0
Berriesfromheaven,1,3,0.0,0.3333,8.3333,7,0.0
Beverage Queen,1,3,0.0,0.0,13.6667,7,0.0
バルレッタ,1,3,0.0,0.3333,4.3333,7,0.0
ハープスプレンダー,1,3,0.0,0.0,15.3333,7,0.0
Allencat,1,3,0.0,0.3333,5.6667,7,0.0
Almahroosa,1,3,0.0,0.0,6.6667,7,0.0
アーモンドグランス,1,3,0.0,0.0,14.3333,23,0.0
アーリー,1,3,0.0,0.0,8.6667,7,0.0
ラピーナラピド,1,3,0.0,0.0,13.6667,7,0.0
ハヤブサマナポン,1,3,0.0,0.3333,10.6667,7,0.0
イソノフラワー,1,3,0.0,0.0,14.3333,7,0.0
ラナチュール,1,3,0.0,0.0,9.3333,7,0.0
アートラヴァー,1,3,0.0,0.0,12.6667,7,0.0
アーミーリニア,1,3,0.0,0.0,11.3333,7,0.0
アースリーチャンス,1,3,0.0,0.0,6.0,7,0.0
アーズローヴァー,1,3,0.0,0.0,5.6667,7,0.0
ラッキーワン,1,3,0.0,0.3333,9.3333,7,0.0
イノセントハート,1,3,0.0,0.3333,10.3333,7,0.0
Sans Equivoque,1,3,0.0,0.3333,6.3333,7,0.0
レッドアナベル,1,3,0.0,0.0,13.3333,7,0.0
レッドアマビリス,1,3,0.0,0.0,12.3333,7,0.0
レッドアモーレ,1,3,0.0,0.0,10.6667,7,0.0
レッドアルジーヌ,1,3,0.0,0.6667,5.3333,7,0.0
サンシアトル,1,3,0.0,0.0,9.3333,7,0.0
サンウインダー,1,3,0.0,0.0,9.0,7,0.0
サンキャッチャー,2,3,0.0,0.3333,10.0,7,0.0
サンギネア,1,3,0.0,0.0,14.3333,7,0.0
マイネブリリアン,1,3,0.0,0.0,13.3333,7,0.0
サクレエクスプレス,1,3,0.0,0.0,12.6667,7,0.0
バトルカグヤ,1,3,0.0,0.0,14.0,7,0.0
パピヨナージュ,1,3,0.0,0.0,9.0,7,0.0
バトナージュ,1,3,0.0,0.0,13.6667,7,0.0
ヴェイパートレイル,1,3,0.0,0.0,9.0,67,0.0
Anniversary,1,3,0.0,0.0,14.3333,7,0.0
