race_id,upset_level,top_popularity_reliability
202001010101,0,
202001010102,0,
202001010101,0,
202001010103,0,
202001010102,0,
202001010104,0,
202001010103,0,
202001010105,0,
202001010104,0,
202001010106,0,
202001010105,0,
202001010107,0,
202001010106,0,
202001010108,0,
202001010107,0,
202001010109,0,
202001010108,0,
202001010110,0,
202001010109,0,
202001010111,0,
202001010110,0,
202001010112,0,
202001010111,0,
202001010201,0,
202001010112,0,
202001010202,0,
202001010201,0,
202001010203,0,
202001010202,0,
202001010204,0,
202001010203,0,
202001010205,0,
202001010204,0,
202001010206,0,
202001010205,0,
202001010207,0,
202001010206,0,
202001010208,0,
202001010207,0,
202001010209,0,
202001010208,0,
202001010210,0,
202001010209,0,
202001010211,0,
202001010210,0,
202001010212,0,
202001010211,0,
202001010301,0,
202001010212,0,
202001010302,0,
202001010301,0,
202001010303,0,
202001010302,0,
202001010304,0,
202001010303,0,
202001010305,0,
202001010306,0,
202001010304,0,
202001010307,0,
202001010305,0,
202001010306,0,
202001010308,0,
202001010307,0,
202001010309,0,
202001010308,0,
202001010310,0,
202001010311,0,
202001010309,0,
202001010310,0,
202001010312,0,
202001010401,0,
202001010311,0,
202001010312,0,
202001010402,0,
202001010401,0,
202001010403,0,
202001010402,0,
202001010404,0,
202001010405,0,
202001010403,0,
202001010406,0,
202001010404,0,
202001010407,0,
202001010405,0,
202001010408,0,
202001010406,0,
202001010407,0,
202001010409,0,
202001010408,0,
202001010410,0,
202001010411,0,
202001010409,0,
202001010412,0,
202001010410,0,
202001010411,0,
202001010501,0,
202001010412,0,
202001010502,0,
202001010501,0,
202001010503,0,
202001010502,0,
202001010504,0,
202001010503,0,
202001010505,0,
202001010504,0,
202001010506,0,
202001010505,0,
202001010507,0,
202001010506,0,
202001010508,0,
202001010509,0,
202001010507,0,
202001010508,0,
202001010510,0,
202001010509,0,
202001010511,0,
202001010510,0,
202001010512,0,
202001010511,0,
202001010601,0,
202001010602,0,
202001010512,0,
202001010603,0,
202001010601,0,
202001010602,0,
202001010604,0,
202001010603,0,
202001010605,0,
202001010604,0,
202001010606,0,
202001010605,0,
202001010607,0,
202001010606,0,
202001010608,0,
202001010607,0,
202001010609,0,
202001010608,0,
202001010610,0,
202001010609,0,
202001010611,0,
202001010610,0,
202001010612,0,
202001010611,0,
202001020101,0,
202001010612,0,
202001020102,0,
202001020101,0,
202001020103,0,
202001020102,0,
202001020104,0,
202001020103,0,
202001020105,0,
202001020106,0,
202001020104,0,
202001020107,0,
202001020105,0,
202001020108,0,
202001020106,0,
202001020109,0,
202001020107,0,
202001020110,0,
202001020108,0,
202001020111,0,
202001020109,0,
202001020112,0,
202001020110,0,
202001020201,0,
202001020111,0,
202001020202,0,
202001020112,0,
202001020203,0,
202001020201,0,
202001020204,0,
202001020202,0,
202001020205,0,
202001020203,0,
202001020206,0,
202001020204,0,
202001020207,0,
202001020205,0,
202001020208,0,
202001020206,0,
202001020209,0,
202001020207,0,
202001020210,0,
202001020208,0,
202001020211,0,
202001020209,0,
202001020212,0,
202001020210,0,
202001020301,0,
202001020211,0,
202001020302,0,
202001020212,0,
202001020303,0,
202001020301,0,
202001020304,0,
202001020302,0,
202001020305,0,
202001020303,0,
202001020306,0,
202001020304,0,
202001020307,0,
202001020305,0,
202001020308,0,
202001020306,0,
202001020309,0,
202001020307,0,
202001020310,0,
202001020308,0,
202001020311,0,
202001020309,0,
202001020312,0,
202001020310,0,
202001020401,0,
202001020311,0,
202001020402,0,
202001020312,0,
202001020403,0,
202001020401,0,
202001020404,0,
202001020402,0,
202001020405,0,
202001020403,0,
202001020406,0,
202001020404,0,
202001020407,0,
202001020405,0,
202001020408,0,
202001020406,0,
202001020409,0,
202001020407,0,
202001020410,0,
202001020408,0,
202001020411,0,
202001020409,0,
202001020412,0,
202001020410,0,
202001020501,0,
202001020411,0,
202001020502,0,
202001020412,0,
202001020503,0,
202001020501,0,
202001020504,0,
202001020502,0,
202001020505,0,
202001020503,0,
202001020506,0,
202001020504,0,
202001020507,0,
202001020505,0,
202001020508,0,
202001020506,0,
202001020509,0,
202001020507,0,
202001020510,0,
202001020508,0,
202001020511,0,
202001020509,0,
202001020512,0,
202001020510,0,
202001020601,0,
202001020511,0,
202001020602,0,
202001020512,0,
202001020603,0,
202001020601,0,
202001020604,0,
202001020602,0,
202001020605,0,
202001020603,0,
202001020606,0,
202001020604,0,
202001020607,0,
202001020605,0,
202001020608,0,
202001020606,0,
202001020609,0,
202001020607,0,
202001020610,0,
202001020608,0,
202001020611,0,
202001020609,0,
202001020612,0,
202001020610,0,
202001020701,0,
202001020611,0,
202001020702,0,
202001020612,0,
202001020703,0,
202001020701,0,
202001020704,0,
202001020702,0,
202001020705,0,
202001020703,0,
202001020706,0,
202001020704,0,
202001020707,0,
202001020708,0,
202001020705,0,
202001020706,0,
202001020709,0,
202001020707,0,
202001020710,0,
202001020708,0,
202001020711,0,
202001020712,0,
202001020709,0,
202001020801,0,
202001020710,0,
202001020711,0,
202001020802,0,
202001020712,0,
202001020803,0,
202001020804,0,
202001020801,0,
202001020802,0,
202001020805,0,
202001020803,0,
202001020806,0,
202001020804,0,
202001020807,0,
202001020805,0,
202001020808,0,
202001020806,0,
202001020809,0,
202001020807,0,
202001020810,0,
202001020808,0,
202001020811,0,
202001020809,0,
202001020812,0,
202001020810,0,
202002010101,0,
202001020811,0,
202002010102,0,
202001020812,0,
202002010103,0,
202002010101,0,
202002010104,0,
202002010102,0,
202002010105,0,
202002010103,0,
202002010106,0,
202002010104,0,
202002010107,0,
202002010105,0,
202002010108,0,
202002010106,0,
202002010109,0,
202002010107,0,
202002010110,0,
202002010108,0,
202002010111,0,
202002010109,0,
202002010112,0,
202002010110,0,
202002010201,0,
202002010111,0,
202002010202,0,
202002010112,0,
202002010203,0,
202002010201,0,
202002010204,0,
202002010202,0,
202002010205,0,
202002010203,0,
202002010206,0,
202002010204,0,
202002010207,0,
202002010205,0,
202002010208,0,
202002010206,0,
202002010209,0,
202002010207,0,
202002010210,0,
202002010208,0,
202002010211,0,
202002010209,0,
202002010212,0,
202002010210,0,
202002010301,0,
202002010211,0,
202002010212,0,
202002010302,0,
202002010303,0,
202002010301,0,
202002010304,0,
202002010302,0,
202002010305,0,
202002010303,0,
202002010306,0,
202002010304,0,
202002010305,0,
202002010307,0,
202002010306,0,
202002010308,0,
202002010309,0,
202002010307,0,
202002010310,0,
202002010308,0,
202002010311,0,
202002010309,0,
202002010312,0,
202002010310,0,
202002010401,0,
202002010311,0,
202002010402,0,
202002010312,0,
202002010403,0,
202002010401,0,
202002010404,0,
202002010402,0,
202002010405,0,
202002010403,0,
202002010406,0,
202002010404,0,
202002010407,0,
202002010405,0,
202002010408,0,
202002010406,0,
202002010409,0,
202002010407,0,
202002010410,0,
202002010408,0,
202002010411,0,
202002010409,0,
202002010412,0,
202002010410,0,
202002010501,0,
202002010411,0,
202002010502,0,
202002010412,0,
202002010503,0,
202002010501,0,
202002010504,0,
202002010502,0,
202002010505,0,
202002010503,0,
202002010506,0,
202002010504,0,
202002010507,0,
202002010505,0,
202002010508,0,
202002010506,0,
202002010509,0,
202002010507,0,
202002010510,0,
202002010508,0,
202002010511,0,
202002010509,0,
202002010512,0,
202002010510,0,
202002010601,0,
202002010511,0,
202002010602,0,
202002010512,0,
202002010603,0,
202002010601,0,
202002010604,0,
202002010602,0,
202002010605,0,
202002010603,0,
202002010606,0,
202002010604,0,
202002010607,0,
202002010605,0,
202002010608,0,
202002010606,0,
202002010609,0,
202002010607,0,
202002010610,0,
202002010608,0,
202002010611,0,
202002010609,0,
202002010612,0,
202002010610,0,
202002020101,0,
202002010611,0,
202002020102,0,
202002010612,0,
202002020103,0,
202002020101,0,
202002020104,0,
202002020102,0,
202002020105,0,
202002020103,0,
202002020106,0,
202002020104,0,
202002020107,0,
202002020105,0,
202002020108,0,
202002020106,0,
202002020109,0,
202002020107,0,
202002020110,0,
202002020108,0,
202002020111,0,
202002020109,0,
202002020112,0,
202002020110,0,
202002020201,0,
202002020111,0,
202002020202,0,
202002020112,0,
202002020203,0,
202002020201,0,
202002020204,0,
202002020202,0,
202002020205,0,
202002020203,0,
202002020206,0,
202002020204,0,
202002020207,0,
202002020205,0,
202002020208,0,
202002020206,0,
202002020209,0,
202002020207,0,
202002020210,0,
202002020208,0,
202002020211,0,
202002020209,0,
202002020212,0,
202002020210,0,
202002020301,0,
202002020211,0,
202002020302,0,
202002020212,0,
202002020303,0,
202002020301,0,
202002020304,0,
202002020302,0,
202002020305,0,
202002020303,0,
202002020306,0,
202002020304,0,
202002020307,0,
202002020305,0,
202002020308,0,
202002020306,0,
202002020309,0,
202002020307,0,
202002020310,0,
202002020308,0,
202002020311,0,
202002020309,0,
202002020312,0,
202002020310,0,
202002020401,0,
202002020311,0,
202002020402,0,
202002020312,0,
202002020403,0,
202002020401,0,
202002020404,0,
202002020402,0,
202002020405,0,
202002020403,0,
202002020406,0,
202002020404,0,
202002020407,0,
202002020405,0,
202002020408,0,
202002020406,0,
202002020409,0,
202002020407,0,
202002020410,0,
202002020408,0,
202002020411,0,
202002020409,0,
202002020412,0,
202002020410,0,
202002020501,0,
202002020411,0,
202002020502,0,
202002020412,0,
202002020503,0,
202002020501,0,
202002020504,0,
202002020502,0,
202002020505,0,
202002020503,0,
202002020506,0,
202002020504,0,
202002020507,0,
202002020505,0,
202002020508,0,
202002020506,0,
202002020509,0,
202002020507,0,
202002020510,0,
202002020508,0,
202002020511,0,
202002020509,0,
202002020512,0,
202002020510,0,
202002020601,0,
202002020511,0,
202002020602,0,
202002020512,0,
202002020603,0,
202002020601,0,
202002020604,0,
202002020602,0,
202002020605,0,
202002020603,0,
202002020606,0,
202002020604,0,
202002020607,0,
202002020605,0,
202002020608,0,
202002020606,0,
202002020609,0,
202002020607,0,
202002020610,0,
202002020608,0,
202002020611,0,
202002020609,0,
202002020612,0,
202002020610,0,
202003010101,0,
202002020611,0,
202003010102,0,
202002020612,0,
202003010103,0,
202003010101,0,
202003010104,0,
202003010102,0,
202003010105,0,
202003010103,0,
202003010106,0,
202003010104,0,
202003010107,0,
202003010105,0,
202003010108,0,
202003010106,0,
202003010109,0,
202003010107,0,
202003010110,0,
202003010111,0,
202003010108,0,
202003010112,0,
202003010109,0,
202003010201,0,
202003010110,0,
202003010202,0,
202003010111,0,
202003010203,0,
202003010112,0,
202003010204,0,
202003010201,0,
202003010205,0,
202003010202,0,
202003010206,0,
202003010203,0,
202003010207,0,
202003010204,0,
202003010208,0,
202003010205,0,
202003010209,0,
202003010206,0,
202003010210,0,
202003010207,0,
202003010211,0,
202003010208,0,
202003010212,0,
202003010209,0,
202003010301,0,
202003010210,0,
202003010302,0,
202003010211,0,
202003010303,0,
202003010212,0,
202003010304,0,
202003010305,0,
202003010301,0,
202003010302,0,
202003010306,0,
202003010307,0,
202003010303,0,
202003010308,0,
202003010304,0,
202003010309,0,
202003010305,0,
202003010310,0,
202003010306,0,
202003010311,0,
202003010307,0,
202003010312,0,
202003010308,0,
202003010309,0,
202003010401,0,
202003010402,0,
202003010310,0,
202003010311,0,
202003010403,0,
202003010404,0,
202003010312,0,
202003010401,0,
202003010405,0,
202003010402,0,
202003010406,0,
202003010403,0,
202003010407,0,
202003010404,0,
202003010408,0,
202003010405,0,
202003010409,0,
202003010406,0,
202003010410,0,
202003010407,0,
202003010411,0,
202003010408,0,
202003010412,0,
202003010501,0,
202003010409,0,
202003010502,0,
202003010410,0,
202003010503,0,
202003010411,0,
202003010504,0,
202003010412,0,
202003010505,0,
202003010501,0,
202003010506,0,
202003010502,0,
202003010507,0,
202003010503,0,
202003010508,0,
202003010504,0,
202003010509,0,
202003010505,0,
202003010510,0,
202003010506,0,
202003010507,0,
202003010511,0,
202003010512,0,
202003010508,0,
202003010509,0,
202003010601,0,
202003010602,0,
202003010510,0,
202003010511,0,
202003010603,0,
202003010512,0,
202003010604,0,
202003010601,0,
202003010605,0,
202003010602,0,
202003010606,0,
202003010603,0,
202003010607,0,
202003010604,0,
202003010608,0,
202003010605,0,
202003010609,0,
202003010606,0,
202003010610,0,
202003010607,0,
202003010611,0,
202003010608,0,
202003010612,0,
202003010609,0,
202003010701,0,
202003010610,0,
202003010702,0,
202003010611,0,
202003010703,0,
202003010612,0,
202003010704,0,
202003010701,0,
202003010705,0,
202003010702,0,
202003010706,0,
202003010703,0,
202003010707,0,
202003010704,0,
202003010708,0,
202003010705,0,
202003010709,0,
202003010706,0,
202003010710,0,
202003010707,0,
202003010711,0,
202003010708,0,
202003010712,0,
202003010709,0,
202003010801,0,
202003010710,0,
202003010802,0,
202003010711,0,
202003010803,0,
202003010712,0,
202003010804,0,
202003010801,0,
202003010805,0,
202003010802,0,
202003010806,0,
202003010803,0,
202003010807,0,
202003010804,0,
202003010808,0,
202003010805,0,
202003010809,0,
202003010806,0,
202003010810,0,
202003010807,0,
202603010101,0,
202603010102,0,
202603010103,0,
202603010104,0,
202603010105,0,
202603010106,0,
202603010107,0,
202603010108,0,
202603010109,0,
202603010110,0,
202603010111,0,
202603010112,0,
202606030501,0,
202606030502,0,
202606030503,0,
202606030504,0,
202606030505,0,
202606030506,0,
202606030507,0,
202606030508,0,
202606030509,0,
202606030510,0,
202606030511,0,
202606030512,0,
202609020501,0,
202609020502,0,
202609020503,0,
202609020504,0,
202609020505,0,
202609020506,0,
202609020507,0,
202609020508,0,
202609020509,0,
202609020510,0,
202609020511,0,
202609020512,0,
202603010201,0,
202603010202,0,
202603010203,0,
202603010204,0,
202603010205,0,
202603010206,0,
202603010207,0,
202603010208,0,
202603010209,0,
202603010210,0,
202603010211,0,
202603010212,0,
202606030601,0,
202606030602,0,
202606030603,0,
202606030604,0,
202606030605,0,
202606030606,0,
202606030607,0,
202606030608,0,
202606030609,0,
202606030610,0,
202606030611,0,
202606030612,0,
202609020601,0,
202609020602,0,
202609020603,0,
202609020604,0,
202609020605,0,
202609020606,0,
202609020607,0,
202609020608,0,
202609020609,0,
202609020610,0,
202609020611,0,
202609020612,0,
202003010811,0,
202003010808,0,
202003010812,0,
202003010809,0,
202003020101,0,
202003010810,0,
202003020102,0,
202003010811,0,
202003020103,0,
202003010812,0,
202003020104,0,
202003020101,0,
202003020105,0,
202003020102,0,
202003020106,0,
202003020103,0,
202003020107,0,
202003020104,0,
202003020108,0,
202003020105,0,
202003020109,0,
202003020106,0,
202003020110,0,
202003020107,0,
202003020111,0,
202003020108,0,
202003020112,0,
202003020109,0,
202003020201,0,
202003020110,0,
202003020202,0,
202003020111,0,
202003020203,0,
202003020112,0,
202003020204,0,
202003020201,0,
202003020205,0,
202003020202,0,
202003020206,0,
202003020203,0,
202003020204,0,
202003020207,0,
202003020205,0,
202003020208,0,
202003020209,0,
202003020206,0,
202003020210,0,
202003020207,0,
202003020211,0,
202003020208,0,
202003020212,0,
202003020209,0,
202003020301,0,
202003020210,0,
202003020302,0,
202003020211,0,
202003020303,0,
202003020212,0,
202003020304,0,
202003020301,0,
202003020305,0,
202003020302,0,
202003020306,0,
202003020303,0,
202003020307,0,
202003020304,0,
202003020308,0,
202003020305,0,
202003020309,0,
202003020306,0,
202003020310,0,
202003020307,0,
202003020311,0,
202003020308,0,
202003020312,0,
202003020309,0,
202003020401,0,
202003020310,0,
202003020402,0,
202003020311,0,
202003020403,0,
202003020312,0,
202003020404,0,
202003020401,0,
202003020405,0,
202003020402,0,
202003020406,0,
202003020403,0,
202003020407,0,
202003020404,0,
202003020408,0,
202003020405,0,
202003020409,0,
202003020406,0,
202003020410,0,
202003020407,0,
202003020411,0,
202003020408,0,
202003020412,0,
202003020409,0,
202003020501,0,
202003020410,0,
202003020502,0,
202003020411,0,
202003020503,0,
202003020412,0,
202003020504,0,
202003020501,0,
202003020505,0,
202003020502,0,
202003020506,0,
202003020503,0,
202003020507,0,
202003020504,0,
202003020508,0,
202003020505,0,
202003020509,0,
202003020506,0,
202003020510,0,
202003020507,0,
202003020511,0,
202003020508,0,
202003020512,0,
202003020509,0,
202003020601,0,
202003020510,0,
202003020511,0,
202003020602,0,
202003020603,0,
202003020512,0,
202003020604,0,
202003020601,0,
202003020605,0,
202003020602,0,
202003020606,0,
202003020603,0,
202003020604,0,
202003020607,0,
202003020605,0,
202003020608,0,
202003020606,0,
202003020609,0,
202003020607,0,
202003020610,0,
202003020608,0,
202003020611,0,
202003020609,0,
202003020612,0,
202003030101,0,
202003020610,0,
202003030102,0,
202003020611,0,
202003030103,0,
202003020612,0,
202003030104,0,
202003030101,0,
202003030105,0,
202003030102,0,
202003030106,0,
202003030103,0,
202003030107,0,
202003030104,0,
202003030108,0,
202003030105,0,
202003030109,0,
202003030106,0,
202003030110,0,
202003030107,0,
202003030111,0,
202003030108,0,
202003030112,0,
202003030109,0,
202003030201,0,
202003030110,0,
202003030202,0,
202003030111,0,
202003030203,0,
202003030112,0,
202003030204,0,
202003030201,0,
202003030205,0,
202003030202,0,
202003030206,0,
202003030203,0,
202003030207,0,
202003030204,0,
202003030208,0,
202003030205,0,
202003030209,0,
202003030206,0,
202003030210,0,
202003030207,0,
202003030211,0,
202003030208,0,
202003030212,0,
202003030209,0,
202003030301,0,
202003030210,0,
202003030302,0,
202003030211,0,
202003030303,0,
202003030212,0,
202003030304,0,
202003030301,0,
202003030305,0,
202003030302,0,
202003030306,0,
202003030303,0,
202003030307,0,
202003030304,0,
202003030308,0,
202003030305,0,
202003030309,0,
202003030306,0,
202003030310,0,
202003030307,0,
202003030311,0,
202003030308,0,
202003030312,0,
202003030309,0,
202003030401,0,
202003030310,0,
202003030402,0,
202003030311,0,
202003030403,0,
202003030312,0,
202003030404,0,
202003030401,0,
202003030405,0,
202003030402,0,
202003030406,0,
202003030403,0,
202003030407,0,
202003030404,0,
202003030408,0,
202003030405,0,
202003030409,0,
202003030406,0,
202003030410,0,
202003030407,0,
202003030411,0,
202003030408,0,
202003030412,0,
202003030409,0,
202003030501,0,
202003030410,0,
202003030502,0,
202003030411,0,
202003030503,0,
202003030412,0,
202003030504,0,
202003030501,0,
202003030505,0,
202003030502,0,
202003030506,0,
202003030503,0,
202003030507,0,
202003030504,0,
202003030508,0,
202003030509,0,
202003030505,0,
202003030506,0,
202003030510,0,
202003030511,0,
202003030507,0,
202003030512,0,
202003030508,0,
202003030509,0,
202003030601,0,
202003030602,0,
202003030510,0,
202003030603,0,
202003030511,0,
202003030604,0,
202003030512,0,
202003030601,0,
202003030605,0,
202003030602,0,
202003030606,0,
202003030603,0,
202003030607,0,
202003030604,0,
202003030608,0,
202003030605,0,
202003030609,0,
202003030606,0,
202003030610,0,
202003030607,0,
202003030611,0,
202003030608,0,
202003030612,0,
202003030609,0,
202004010101,0,
202003030610,0,
202004010102,0,
202003030611,0,
202004010103,0,
202003030612,0,
202004010104,0,
202004010101,0,
202004010105,0,
202004010102,0,
202004010106,0,
202004010103,0,
202004010107,0,
202004010104,0,
202004010108,0,
202004010105,0,
202004010109,0,
202004010106,0,
202004010110,0,
202004010107,0,
202004010111,0,
202004010108,0,
202004010112,0,
202004010109,0,
202004010201,0,
202004010110,0,
202004010202,0,
202004010111,0,
202004010203,0,
202004010112,0,
202004010204,0,
202004010201,0,
202004010205,0,
202004010202,0,
202004010206,0,
202004010203,0,
202004010207,0,
202004010204,0,
202004010208,0,
202004010205,0,
202004010209,0,
202004010206,0,
202004010210,0,
202004010207,0,
202004010211,0,
202004010208,0,
202004010212,0,
202004010209,0,
202004010301,0,
202004010210,0,
202004010211,0,
202004010302,0,
202004010212,0,
202004010303,0,
202004010301,0,
202004010304,0,
202004010302,0,
202004010305,0,
202004010303,0,
202004010306,0,
202004010304,0,
202004010307,0,
202004010305,0,
202004010308,0,
202004010306,0,
202004010309,0,
202004010307,0,
202004010310,0,
202004010308,0,
202004010311,0,
202004010309,0,
202004010312,0,
202004010310,0,
202004010401,0,
202004010402,0,
202004010311,0,
202004010403,0,
202004010312,0,
202004010404,0,
202004010401,0,
202004010405,0,
202004010402,0,
202004010406,0,
202004010403,0,
202004010407,0,
202004010404,0,
202004010408,0,
202004010405,0,
202004010409,0,
202004010406,0,
202004010410,0,
202004010407,0,
202004010411,0,
202004010408,0,
202004010412,0,
202004010409,0,
202004010501,0,
202004010410,0,
202004010502,0,
202004010411,0,
202004010503,0,
202004010412,0,
202004010504,0,
202004010501,0,
202004010505,0,
202004010502,0,
202004010506,0,
202004010503,0,
202004010504,0,
202004010507,0,
202004010508,0,
202004010505,0,
202004010509,0,
202004010506,0,
202004010510,0,
202004010507,0,
202004010511,0,
202004010508,0,
202004010512,0,
202004010509,0,
202004010601,0,
202004010510,0,
202004010602,0,
202004010511,0,
202004010603,0,
202004010512,0,
202004010604,0,
202004010601,0,
202004010605,0,
202004010602,0,
202004010606,0,
202004010603,0,
202004010607,0,
202004010604,0,
202004010608,0,
202004010605,0,
202004010609,0,
202004010606,0,
202004010610,0,
202004010607,0,
202004010608,0,
202004010611,0,
202004010609,0,
202004010612,0,
202004010610,0,
202004020101,0,
202004010611,0,
202004020102,0,
202004010612,0,
202004020103,0,
202004020101,0,
202004020104,0,
202004020102,0,
202004020105,0,
202004020103,0,
202004020106,0,
202004020104,0,
202004020107,0,
202004020105,0,
202004020108,0,
202004020106,0,
202004020109,0,
202004020107,0,
202004020110,0,
202004020108,0,
202004020111,0,
202004020109,0,
202004020112,0,
202004020110,0,
202004020201,0,
202004020111,0,
202004020202,0,
202004020112,0,
202004020203,0,
202004020201,0,
202004020204,0,
202004020202,0,
202004020205,0,
202004020203,0,
202004020206,0,
202004020204,0,
202004020207,0,
202004020205,0,
202004020208,0,
202004020206,0,
202004020209,0,
202004020207,0,
202004020210,0,
202004020208,0,
202004020211,0,
202004020209,0,
202004020212,0,
202004020210,0,
202004020301,0,
202004020211,0,
202004020302,0,
202004020212,0,
202004020303,0,
202004020301,0,
202004020304,0,
202004020302,0,
202004020305,0,
202004020303,0,
202004020306,0,
202004020304,0,
202004020307,0,
202004020308,0,
202004020305,0,
202004020309,0,
202004020306,0,
202004020307,0,
202004020310,0,
202004020308,0,
202004020311,0,
202004020309,0,
202004020312,0,
202004020310,0,
202004020401,0,
202004020311,0,
202004020402,0,
202004020312,0,
202004020403,0,
202004020401,0,
202004020404,0,
202004020402,0,
202004020405,0,
202004020403,0,
202004020406,0,
202004020404,0,
202004020407,0,
202004020405,0,
202004020408,0,
202004020406,0,
202004020409,0,
202004020407,0,
202004020410,0,
202004020408,0,
202004020411,0,
202004020409,0,
202004020412,0,
202004020410,0,
202004020411,0,
202004020501,0,
202004020412,0,
202004020502,0,
202004020503,0,
202004020501,0,
202004020504,0,
202004020502,0,
202004020505,0,
202004020503,0,
202004020506,0,
202004020504,0,
202004020507,0,
202004020505,0,
202004020508,0,
202004020506,0,
202004020509,0,
202004020507,0,
202004020510,0,
202004020508,0,
202004020511,0,
202004020509,0,
202004020512,0,
202004020510,0,
202004020601,0,
202004020511,0,
202004020602,0,
202004020512,0,
202004020603,0,
202004020601,0,
202004020604,0,
202004020602,0,
202004020605,0,
202004020603,0,
202004020606,0,
202004020604,0,
202004020607,0,
202004020605,0,
202004020608,0,
202004020606,0,
202004020609,0,
202004020607,0,
202004020610,0,
202004020608,0,
202004020611,0,
202004020609,0,
202004020612,0,
202004020610,0,
202004030101,0,
202004020611,0,
202004030102,0,
202004020612,0,
202004030103,0,
202004030101,0,
202004030104,0,
202004030102,0,
202004030105,0,
202004030103,0,
202004030106,0,
202004030104,0,
202004030107,0,
202004030105,0,
202004030108,0,
202004030106,0,
202004030109,0,
202004030107,0,
202004030110,0,
202004030108,0,
202004030111,0,
202004030109,0,
202004030112,0,
202004030201,0,
202004030110,0,
202004030202,0,
202004030111,0,
202004030203,0,
202004030112,0,
202004030204,0,
202004030201,0,
202004030205,0,
202004030202,0,
202004030206,0,
202004030203,0,
202004030207,0,
202004030204,0,
202004030208,0,
202004030205,0,
202004030209,0,
202004030206,0,
202004030210,0,
202004030207,0,
202004030211,0,
202004030208,0,
202004030212,0,
202004030209,0,
202004030301,0,
202004030210,0,
202004030302,0,
202004030211,0,
202004030303,0,
202004030212,0,
202004030304,0,
202004030301,0,
202004030305,0,
202004030302,0,
202004030306,0,
202004030303,0,
202004030307,0,
202004030304,0,
202004030308,0,
202004030305,0,
202004030309,0,
202004030306,0,
202004030310,0,
202004030307,0,
202004030311,0,
202004030308,0,
202004030312,0,
202004030309,0,
202004030401,0,
202004030310,0,
202004030402,0,
202004030311,0,
202004030403,0,
202004030312,0,
202004030404,0,
202004030401,0,
202004030405,0,
202004030402,0,
202004030406,0,
202004030403,0,
202004030407,0,
202004030404,0,
202004030408,0,
202004030405,0,
202004030409,0,
202004030406,0,
202004030410,0,
202004030407,0,
202004030411,0,
202004030408,0,
202004030412,0,
202004030409,0,
202004030501,0,
202004030410,0,
202004030502,0,
202004030411,0,
202004030503,0,
202004030412,0,
202004030504,0,
202004030501,0,
202004030505,0,
202004030502,0,
202004030506,0,
202004030503,0,
202004030507,0,
202004030504,0,
202004030508,0,
202004030505,0,
202004030509,0,
202004030506,0,
202004030510,0,
202004030507,0,
202004030511,0,
202004030508,0,
202004030512,0,
202004030509,0,
202004030601,0,
202004030510,0,
202004030602,0,
202004030511,0,
202004030603,0,
202004030512,0,
202004030604,0,
202004030601,0,
202004030605,0,
202004030602,0,
202004030606,0,
202004030603,0,
202004030607,0,
202004030604,0,
202004030608,0,
202004030605,0,
202004030609,0,
202004030606,0,
202004030610,0,
202004030607,0,
202004030611,0,
202004030608,0,
202004030612,0,
202004030609,0,
202004030701,0,
202004030610,0,
202004030702,0,
202004030611,0,
202004030703,0,
202004030612,0,
202004030704,0,
202004030701,0,
202004030705,0,
202004030702,0,
202004030706,0,
202004030703,0,
202004030707,0,
202004030704,0,
202004030708,0,
202004030705,0,
202004030709,0,
202004030706,0,
202004030710,0,
202004030707,0,
202004030711,0,
202004030708,0,
202004030712,0,
202004030709,0,
202004030801,0,
202004030710,0,
202004030802,0,
202004030711,0,
202004030803,0,
202004030712,0,
202004030804,0,
202004030801,0,
202004030805,0,
202004030802,0,
202004030806,0,
202004030803,0,
202004030807,0,
202004030804,0,
202004030808,0,
202004030805,0,
202004030809,0,
202004030806,0,
202004030810,0,
202004030807,0,
202004030811,0,
202004030808,0,
202004030812,0,
202004030809,0,
202004040101,0,
202004030810,0,
202004040102,0,
202004030811,0,
202004040103,0,
202004030812,0,
202004040104,0,
202004040101,0,
202004040105,0,
202004040102,0,
202004040106,0,
202004040103,0,
202004040107,0,
202004040104,0,
202004040108,0,
202004040105,0,
202004040109,0,
202004040106,0,
202004040110,0,
202004040107,0,
202004040111,0,
202004040108,0,
202004040112,0,
202004040109,0,
202004040201,0,
202004040110,0,
202004040202,0,
202004040111,0,
202004040203,0,
202004040112,0,
202004040204,0,
202004040201,0,
202004040205,0,
202004040202,0,
202004040206,0,
202004040203,0,
202004040207,0,
202004040204,0,
202004040208,0,
202004040205,0,
202004040209,0,
202004040206,0,
202004040210,0,
202004040207,0,
202004040211,0,
202004040208,0,
202004040212,0,
202004040209,0,
202004040301,0,
202004040210,0,
202004040302,0,
202004040211,0,
202004040303,0,
202004040212,0,
202004040304,0,
202004040301,0,
202004040305,0,
202004040302,0,
202004040306,0,
202004040303,0,
202004040307,0,
202004040304,0,
202004040308,0,
202004040305,0,
202004040309,0,
202004040306,0,
202004040310,0,
202004040307,0,
202004040311,0,
202004040308,0,
202004040312,0,
202004040309,0,
202004040401,0,
202004040310,0,
202004040402,0,
202004040311,0,
202004040403,0,
202004040312,0,
202004040404,0,
202004040401,0,
202004040405,0,
202004040402,0,
202004040406,0,
202004040403,0,
202004040407,0,
202004040404,0,
202004040408,0,
202004040405,0,
202004040409,0,
202004040406,0,
202004040410,0,
202004040407,0,
202004040411,0,
202004040408,0,
202004040412,0,
202004040409,0,
202004040501,0,
202004040410,0,
202004040502,0,
202004040411,0,
202004040503,0,
202004040412,0,
202004040504,0,
202004040501,0,
202004040505,0,
202004040502,0,
202004040506,0,
202004040503,0,
202004040507,0,
202004040504,0,
202004040508,0,
202004040505,0,
202004040509,0,
202004040506,0,
202004040510,0,
202004040507,0,
202004040511,0,
202004040508,0,
202004040512,0,
202004040509,0,
202004040601,0,
202004040510,0,
202004040602,0,
202004040603,0,
202004040511,0,
202004040512,0,
202004040604,0,
202004040605,0,
202004040601,0,
202004040602,0,
202004040606,0,
202004040607,0,
202004040603,0,
202004040608,0,
202004040604,0,
202004040609,0,
202004040605,0,
202004040610,0,
202004040606,0,
202004040607,0,
202004040611,0,
202004040608,0,
202004040612,0,
202004040609,0,
202005010101,0,
202004040610,0,
202005010102,0,
202004040611,0,
202005010103,0,
202004040612,0,
202005010104,0,
202005010101,0,
202005010105,0,
202005010106,0,
202005010102,0,
202005010103,0,
202005010107,0,
202005010108,0,
202005010104,0,
202005010105,0,
202005010109,0,
202005010106,0,
202005010110,0,
202005010107,0,
202005010111,0,
202005010108,0,
202005010112,0,
202005010109,0,
202005010201,0,
202005010110,0,
202005010202,0,
202005010111,0,
202005010203,0,
202005010112,0,
202005010204,0,
202005010201,0,
202005010205,0,
202005010206,0,
202005010202,0,
202005010207,0,
202005010203,0,
202005010208,0,
202005010204,0,
202005010209,0,
202005010205,0,
202005010206,0,
202005010210,0,
202005010207,0,
202005010211,0,
202005010208,0,
202005010212,0,
202005010209,0,
202005010301,0,
202005010210,0,
202005010302,0,
202005010211,0,
202005010303,0,
202005010212,0,
202005010304,0,
202005010301,0,
202005010305,0,
202005010302,0,
202005010306,0,
202005010303,0,
202005010307,0,
202005010304,0,
202005010308,0,
202005010305,0,
202005010309,0,
202005010306,0,
202005010310,0,
202005010307,0,
202005010311,0,
202005010308,0,
202005010312,0,
202005010309,0,
202005010401,0,
202005010310,0,
202005010402,0,
202005010311,0,
202005010403,0,
202005010312,0,
202005010404,0,
202005010401,0,
202005010405,0,
202005010402,0,
202005010406,0,
202005010403,0,
202005010407,0,
202005010404,0,
202005010408,0,
202005010405,0,
202005010409,0,
202005010410,0,
202005010406,0,
202005010411,0,
202005010407,0,
202005010408,0,
202005010412,0,
202005010409,0,
202005010501,0,
202005010410,0,
202005010502,0,
202005010411,0,
202005010503,0,
202005010412,0,
202005010504,0,
202005010501,0,
202005010505,0,
202005010502,0,
202005010506,0,
202005010503,0,
202005010507,0,
202005010504,0,
202005010508,0,
202005010505,0,
202005010509,0,
202005010506,0,
202005010510,0,
202005010507,0,
202005010511,0,
202005010508,0,
202005010512,0,
202005010509,0,
202005010601,0,
202005010602,0,
202005010510,0,
202005010603,0,
202005010511,0,
202005010604,0,
202005010512,0,
202005010605,0,
202005010601,0,
202005010606,0,
202005010602,0,
202005010607,0,
202005010603,0,
202005010608,0,
202005010604,0,
202005010605,0,
202005010609,0,
202005010610,0,
202005010606,0,
202005010611,0,
202005010607,0,
202005010612,0,
202005010608,0,
202005010701,0,
202005010609,0,
202005010702,0,
202005010610,0,
202005010703,0,
202005010611,0,
202005010704,0,
202005010612,0,
202005010705,0,
202005010701,0,
202005010706,0,
202005010702,0,
202005010707,0,
202005010703,0,
202005010708,0,
202005010704,0,
202005010709,0,
202005010705,0,
202005010710,0,
202005010706,0,
202005010711,0,
202005010707,0,
202005010712,0,
202005010708,0,
202005010801,0,
202005010709,0,
202005010802,0,
202005010710,0,
202005010803,0,
202005010711,0,
202005010804,0,
202005010712,0,
202005010805,0,
202005010801,0,
202005010806,0,
202005010802,0,
202005010807,0,
202005010803,0,
202005010808,0,
202005010804,0,
202005010809,0,
202005010805,0,
202005010810,0,
202005010806,0,
202005010811,0,
202005010807,0,
202005010812,0,
202005010808,0,
202005020101,0,
202005010809,0,
202005020102,0,
202005010810,0,
202005020103,0,
202005010811,0,
202005020104,0,
202005010812,0,
202005020105,0,
202005020101,0,
202005020106,0,
202005020102,0,
202005020107,0,
202005020103,0,
202005020108,0,
202005020104,0,
202005020109,0,
202005020105,0,
202005020110,0,
202005020106,0,
202005020111,0,
202005020107,0,
202005020112,0,
202005020108,0,
202005020201,0,
202005020109,0,
202005020202,0,
202005020110,0,
202005020203,0,
202005020111,0,
202005020112,0,
202005020204,0,
202005020201,0,
202005020205,0,
202005020202,0,
202005020206,0,
202005020203,0,
202005020207,0,
202005020204,0,
202005020208,0,
202005020205,0,
202005020209,0,
202005020206,0,
202005020210,0,
202005020207,0,
202005020211,0,
202005020208,0,
202005020212,0,
202005020209,0,
202005020301,0,
202005020210,0,
202005020302,0,
202005020211,0,
202005020303,0,
202005020212,0,
202005020304,0,
202005020301,0,
202005020305,0,
202005020302,0,
202005020306,0,
202005020303,0,
202005020307,0,
202005020304,0,
202005020308,0,
202005020305,0,
202005020309,0,
202005020306,0,
202005020310,0,
202005020307,0,
202005020311,0,
202005020308,0,
202005020312,0,
202005020309,0,
202005020401,0,
202005020310,0,
202005020402,0,
202005020403,0,
202005020311,0,
202005020404,0,
202005020312,0,
202005020405,0,
202005020401,0,
202005020402,0,
202005020406,0,
202005020403,0,
202005020407,0,
202005020404,0,
202005020408,0,
202005020405,0,
202005020409,0,
202005020406,0,
202005020410,0,
202005020411,0,
202005020407,0,
202005020408,0,
202005020412,0,
202005020409,0,
202005020501,0,
202005020410,0,
202005020502,0,
202005020503,0,
202005020411,0,
202005020412,0,
202005020504,0,
202005020505,0,
202005020501,0,
202005020502,0,
202005020506,0,
202005020503,0,
202005020507,0,
202005020504,0,
202005020508,0,
202005020505,0,
202005020509,0,
202005020506,0,
202005020510,0,
202005020507,0,
202005020511,0,
202005020508,0,
202005020512,0,
202005020509,0,
202005020601,0,
202005020510,0,
202005020602,0,
202005020511,0,
202005020603,0,
202005020512,0,
202005020604,0,
202005020601,0,
202005020605,0,
202005020602,0,
202005020606,0,
202005020603,0,
202005020607,0,
202005020604,0,
202005020608,0,
202005020605,0,
202005020609,0,
202005020606,0,
202005020610,0,
202005020607,0,
202005020611,0,
202005020608,0,
202005020612,0,
202005020609,0,
202005020701,0,
202005020610,0,
202005020702,0,
202005020611,0,
202005020703,0,
202005020612,0,
202005020704,0,
202005020701,0,
202005020705,0,
202005020702,0,
202005020706,0,
202005020703,0,
202005020707,0,
202005020704,0,
202005020708,0,
202005020705,0,
202005020709,0,
202005020706,0,
202005020710,0,
202005020707,0,
202005020711,0,
202005020708,0,
202005020712,0,
202005020709,0,
202005020801,0,
202005020710,0,
202005020802,0,
202005020711,0,
202005020803,0,
202005020712,0,
202005020804,0,
202005020801,0,
202005020805,0,
202005020802,0,
202005020806,0,
202005020803,0,
202005020807,0,
202005020804,0,
202005020808,0,
202005020805,0,
202005020809,0,
202005020806,0,
202005020810,0,
202005020807,0,
202005020811,0,
202005020808,0,
202005020812,0,
202005020809,0,
202005020901,0,
202005020810,0,
202005020902,0,
202005020811,0,
202005020903,0,
202005020812,0,
202005020904,0,
202005020901,0,
202005020905,0,
202005020902,0,
202005020906,0,
202005020903,0,
202005020907,0,
202005020904,0,
202005020908,0,
202005020905,0,
202005020906,0,
202005020909,0,
202005020907,0,
202005020910,0,
202005020911,0,
202005020908,0,
202005020909,0,
202005020912,0,
202005020910,0,
202005021001,0,
202005021002,0,
202005020911,0,
202005021003,0,
202005020912,0,
202005021004,0,
202005021001,0,
202005021005,0,
202005021002,0,
202005021006,0,
202005021003,0,
202005021007,0,
202005021004,0,
202005021008,0,
202005021005,0,
202005021009,0,
202005021006,0,
202005021010,0,
202005021007,0,
202005021011,0,
202005021008,0,
202005021009,0,
202005021012,0,
202005021010,0,
202005021101,0,
202005021011,0,
202005021102,0,
202005021012,0,
202005021103,0,
202005021101,0,
202005021104,0,
202005021102,0,
202005021105,0,
202005021103,0,
202005021106,0,
202005021104,0,
202005021107,0,
202005021105,0,
202005021108,0,
202005021106,0,
202005021109,0,
202005021107,0,
202005021110,0,
202005021108,0,
202005021111,0,
202005021109,0,
202005021112,0,
202005021110,0,
202005021201,0,
202005021111,0,
202005021202,0,
202005021112,0,
202005021203,0,
202005021201,0,
202005021204,0,
202005021202,0,
202005021205,0,
202005021203,0,
202005021206,0,
202005021204,0,
202005021207,0,
202005021205,0,
202005021208,0,
202005021206,0,
202005021209,0,
202005021207,0,
202005021210,0,
202005021208,0,
202005021211,0,
202005021209,0,
202005021212,0,
202005021210,0,
202005030101,0,
202005021211,0,
202005030102,0,
202005021212,0,
202005030103,0,
202005030101,0,
202005030104,0,
202005030102,0,
202005030105,0,
202005030103,0,
202005030106,0,
202005030104,0,
202005030107,0,
202005030105,0,
202005030108,0,
202005030106,0,
202005030109,0,
202005030107,0,
202005030110,0,
202005030108,0,
202005030111,0,
202005030109,0,
202005030112,0,
202005030110,0,
202005030201,0,
202005030111,0,
202005030202,0,
202005030112,0,
202005030203,0,
202005030201,0,
202005030204,0,
202005030202,0,
202005030205,0,
202005030203,0,
202005030206,0,
202005030204,0,
202005030207,0,
202005030205,0,
202005030208,0,
202005030206,0,
202005030209,0,
202005030207,0,
202005030210,0,
202005030208,0,
202005030211,0,
202005030209,0,
202005030212,0,
202005030210,0,
202005030301,0,
202005030211,0,
202005030302,0,
202005030212,0,
202005030301,0,
202005030303,0,
202005030302,0,
202005030304,0,
202005030303,0,
202005030305,0,
202005030304,0,
202005030306,0,
202005030305,0,
202005030307,0,
202005030306,0,
202005030308,0,
202005030307,0,
202005030309,0,
202005030308,0,
202005030310,0,
202005030309,0,
202005030311,0,
202005030310,0,
202005030312,0,
202005030311,0,
202005030401,0,
202005030402,0,
202005030312,0,
202005030401,0,
202005030403,0,
202005030402,0,
202005030404,0,
202005030403,0,
202005030405,0,
202005030404,0,
202005030406,0,
202005030405,0,
202005030407,0,
202005030406,0,
202005030408,0,
202005030407,0,
202005030409,0,
202005030408,0,
202005030410,0,
202005030409,0,
202005030411,0,
202005030410,0,
202005030412,0,
202005030411,0,
202005030501,0,
202005030412,0,
202005030502,0,
202005030501,0,
202005030503,0,
202005030502,0,
202005030504,0,
202005030503,0,
202005030505,0,
202005030504,0,
202005030506,0,
202005030505,0,
202005030507,0,
202005030506,0,
202005030508,0,
202005030507,0,
202005030509,0,
202005030508,0,
202005030510,0,
202005030509,0,
202005030511,0,
202005030510,0,
202005030512,0,
202005030511,0,
202005030601,0,
202005030512,0,
202005030602,0,
202005030601,0,
202005030603,0,
202005030602,0,
202005030604,0,
202005030603,0,
202005030605,0,
202005030604,0,
202005030606,0,
202005030605,0,
202005030607,0,
202005030606,0,
202005030608,0,
202005030607,0,
202005030609,0,
202005030608,0,
202005030610,0,
202005030609,0,
202005030611,0,
202005030610,0,
202005030612,0,
202005030611,0,
202005030701,0,
202005030612,0,
202005030702,0,
202005030701,0,
202005030703,0,
202005030702,0,
202005030704,0,
202005030703,0,
202005030705,0,
202005030704,0,
202005030706,0,
202005030705,0,
202005030707,0,
202005030706,0,
202005030708,0,
202005030707,0,
202005030709,0,
202005030708,0,
202005030710,0,
202005030709,0,
202005030711,0,
202005030710,0,
202005030712,0,
202005030711,0,
202005030801,0,
202005030712,0,
202005030802,0,
202005030801,0,
202005030803,0,
202005030802,0,
202005030804,0,
202005030803,0,
202005030805,0,
202005030804,0,
202005030806,0,
202005030805,0,
202005030807,0,
202005030806,0,
202005030808,0,
202005030807,0,
202005030808,0,
202005030809,0,
202005030809,0,
202005030810,0,
202005030810,0,
202005030811,0,
202005030811,0,
202005030812,0,
202005030812,0,
202005040101,0,
202005040101,0,
202005040102,0,
202005040102,0,
202005040103,0,
202005040103,0,
202005040104,0,
202005040104,0,
202005040105,0,
202005040105,0,
202005040106,0,
202005040106,0,
202005040107,0,
202005040107,0,
202005040108,0,
202005040108,0,
202005040109,0,
202005040109,0,
202005040110,0,
202005040110,0,
202005040111,0,
202005040111,0,
202005040112,0,
202005040112,0,
202005040201,0,
202005040201,0,
202005040202,0,
202005040202,0,
202005040203,0,
202005040203,0,
202005040204,0,
202005040204,0,
202005040205,0,
202005040205,0,
202005040206,0,
202005040206,0,
202005040207,0,
202005040207,0,
202005040208,0,
202005040208,0,
202005040209,0,
202005040209,0,
202005040210,0,
202005040210,0,
202005040211,0,
202005040211,0,
202005040212,0,
202005040301,0,
202005040212,0,
202005040302,0,
202005040301,0,
202005040303,0,
202005040302,0,
202005040304,0,
202005040303,0,
202005040305,0,
202005040304,0,
202005040306,0,
202005040305,0,
202005040307,0,
202005040306,0,
202005040308,0,
202005040307,0,
202005040309,0,
202005040308,0,
202005040310,0,
202005040309,0,
202005040311,0,
202005040310,0,
202005040311,0,
202005040312,0,
202005040312,0,
202005040401,0,
202005040401,0,
202005040402,0,
202005040402,0,
202005040403,0,
202005040403,0,
202005040404,0,
202005040404,0,
202005040405,0,
202005040405,0,
202005040406,0,
202005040407,0,
202005040406,0,
202005040407,0,
202005040408,0,
202005040408,0,
202005040409,0,
202005040409,0,
202005040410,0,
202005040410,0,
202005040411,0,
202005040411,0,
202005040412,0,
202005040412,0,
202005040501,0,
202005040501,0,
202005040502,0,
202005040502,0,
202005040503,0,
202005040503,0,
202005040504,0,
202005040504,0,
202005040505,0,
202005040505,0,
202005040506,0,
202005040506,0,
202005040507,0,
202005040507,0,
202005040508,0,
202005040508,0,
202005040509,0,
202005040509,0,
202005040510,0,
202005040510,0,
202005040511,0,
202005040511,0,
202005040512,0,
202005040601,0,
202005040512,0,
202005040602,0,
202005040601,0,
202005040603,0,
202005040602,0,
202005040604,0,
202005040603,0,
202005040605,0,
202005040604,0,
202005040606,0,
202005040605,0,
202005040607,0,
202005040606,0,
202005040608,0,
202005040607,0,
202005040609,0,
202005040608,0,
202005040610,0,
202005040609,0,
202005040611,0,
202005040610,0,
202005040612,0,
202005040611,0,
202005040701,0,
202005040612,0,
202005040702,0,
202005040701,0,
202005040703,0,
202005040702,0,
202005040704,0,
202005040703,0,
202005040705,0,
202005040704,0,
202005040706,0,
202005040705,0,
202005040707,0,
202005040706,0,
202005040708,0,
202005040707,0,
202005040709,0,
202005040708,0,
202005040710,0,
202005040709,0,
202005040711,0,
202005040710,0,
202005040712,0,
202005040711,0,
202005040801,0,
202005040712,0,
202005040802,0,
202005040801,0,
202005040803,0,
202005040802,0,
202005040804,0,
202005040803,0,
202005040805,0,
202005040804,0,
202005040806,0,
202005040805,0,
202005040807,0,
202005040806,0,
202005040808,0,
202005040807,0,
202005040809,0,
202005040808,0,
202005040810,0,
202005040809,0,
202005040811,0,
202005040810,0,
202005040812,0,
202005040811,0,
202005050101,0,
202005040812,0,
202005050102,0,
202005050101,0,
202005050103,0,
202005050102,0,
202005050104,0,
202005050103,0,
202005050105,0,
202005050104,0,
202005050106,0,
202005050105,0,
202005050107,0,
202005050106,0,
202005050108,0,
202005050107,0,
202005050109,0,
202005050108,0,
202005050110,0,
202005050109,0,
202005050111,0,
202005050110,0,
202005050112,0,
202005050111,0,
202005050201,0,
202005050112,0,
202005050202,0,
202005050201,0,
202005050203,0,
202005050202,0,
202005050204,0,
202005050203,0,
202005050205,0,
202005050204,0,
202005050206,0,
202005050205,0,
202005050207,0,
202005050206,0,
202005050208,0,
202005050207,0,
202005050209,0,
202005050208,0,
202005050210,0,
202005050209,0,
202005050211,0,
202005050210,0,
202005050212,0,
202005050211,0,
202005050301,0,
202005050212,0,
202005050302,0,
202005050301,0,
202005050303,0,
202005050302,0,
202005050304,0,
202005050303,0,
202005050305,0,
202005050304,0,
202005050306,0,
202005050305,0,
202005050307,0,
202005050306,0,
202005050308,0,
202005050307,0,
202005050309,0,
202005050308,0,
202005050310,0,
202005050309,0,
202005050311,0,
202005050310,0,
202005050312,0,
202005050311,0,
202005050401,0,
202005050312,0,
202005050402,0,
202005050401,0,
202005050403,0,
202005050402,0,
202005050404,0,
202005050403,0,
202005050405,0,
202005050404,0,
202005050406,0,
202005050405,0,
202005050407,0,
202005050406,0,
202005050408,0,
202005050407,0,
202005050409,0,
202005050408,0,
202005050410,0,
202005050409,0,
202005050411,0,
202005050410,0,
202005050412,0,
202005050411,0,
202005050501,0,
202005050412,0,
202005050502,0,
202005050501,0,
202005050503,0,
202005050502,0,
202005050504,0,
202005050503,0,
202005050505,0,
202005050504,0,
202005050506,0,
202005050505,0,
202005050507,0,
202005050506,0,
202005050508,0,
202005050507,0,
202005050509,0,
202005050508,0,
202005050510,0,
202005050509,0,
202005050511,0,
202005050510,0,
202005050512,0,
202005050511,0,
202005050601,0,
202005050512,0,
202005050602,0,
202005050601,0,
202005050603,0,
202005050602,0,
202005050604,0,
202005050603,0,
202005050605,0,
202005050604,0,
202005050606,0,
202005050605,0,
202005050607,0,
202005050608,0,
202005050606,0,
202005050609,0,
202005050607,0,
202005050610,0,
202005050608,0,
202005050611,0,
202005050609,0,
202005050612,0,
202005050610,0,
202005050701,0,
202005050611,0,
202005050612,0,
202005050702,0,
202005050703,0,
202005050701,0,
202005050704,0,
202005050702,0,
202005050705,0,
202005050703,0,
202005050706,0,
202005050704,0,
202005050707,0,
202005050705,0,
202005050708,0,
202005050706,0,
202005050709,0,
202005050707,0,
202005050710,0,
202005050708,0,
202005050711,0,
202005050709,0,
202005050712,0,
202005050710,0,
202005050801,0,
202005050711,0,
202005050802,0,
202005050712,0,
202005050803,0,
202005050801,0,
202005050804,0,
202005050802,0,
202005050805,0,
202005050803,0,
202005050806,0,
202005050804,0,
202005050807,0,
202005050805,0,
202005050808,0,
202005050806,0,
202005050809,0,
202005050807,0,
202005050810,0,
202005050808,0,
202005050811,0,
202005050809,0,
202005050812,0,
202005050810,0,
202005050901,0,
202005050811,0,
202005050812,0,
202005050902,0,
202005050901,0,
202005050903,0,
202005050902,0,
202005050904,0,
202005050903,0,
202005050905,0,
202005050904,0,
202005050906,0,
202005050905,0,
202005050907,0,
202005050906,0,
202005050908,0,
202005050907,0,
202005050909,0,
202005050908,0,
202005050910,0,
202005050909,0,
202005050911,0,
202005050910,0,
202005050912,0,
202006010101,0,
202005050911,0,
202006010102,0,
202005050912,0,
202006010103,0,
202006010101,0,
202006010104,0,
202006010102,0,
202006010105,0,
202006010103,0,
202006010106,0,
202006010104,0,
202006010107,0,
202006010105,0,
202006010108,0,
202006010106,0,
202006010109,0,
202006010107,0,
202006010110,0,
202006010108,0,
202006010111,0,
202006010109,0,
202006010112,0,
202006010110,0,
202006010201,0,
202006010111,0,
202006010202,0,
202006010112,0,
202006010203,0,
202006010201,0,
202006010204,0,
202006010202,0,
202006010205,0,
202006010203,0,
202006010206,0,
202006010204,0,
202006010207,0,
202006010205,0,
202006010208,0,
202006010206,0,
202006010209,0,
202006010207,0,
202006010210,0,
202006010208,0,
202006010211,0,
202006010209,0,
202006010212,0,
202006010210,0,
202006010301,0,
202006010211,0,
202006010302,0,
202006010212,0,
202006010303,0,
202006010301,0,
202006010304,0,
202006010302,0,
202006010305,0,
202006010303,0,
202006010306,0,
202006010304,0,
202006010307,0,
202006010305,0,
202006010308,0,
202006010306,0,
202006010309,0,
202006010307,0,
202006010310,0,
202006010308,0,
202006010311,0,
202006010309,0,
202006010312,0,
202006010310,0,
202006010401,0,
202006010311,0,
202006010402,0,
202006010312,0,
202006010403,0,
202006010401,0,
202006010404,0,
202006010402,0,
202006010405,0,
202006010403,0,
202006010406,0,
202006010404,0,
202006010407,0,
202006010405,0,
202006010408,0,
202006010406,0,
202006010409,0,
202006010407,0,
202006010410,0,
202006010408,0,
202006010411,0,
202006010409,0,
202006010412,0,
202006010410,0,
202006010501,0,
202006010411,0,
202006010502,0,
202006010412,0,
202006010503,0,
202006010501,0,
202006010504,0,
202006010502,0,
202006010505,0,
202006010503,0,
202006010506,0,
202006010504,0,
202006010507,0,
202006010505,0,
202006010508,0,
202006010506,0,
202006010509,0,
202006010507,0,
202006010510,0,
202006010508,0,
202006010511,0,
202006010509,0,
202006010512,0,
202006010510,0,
202006010601,0,
202006010511,0,
202006010602,0,
202006010512,0,
202006010603,0,
202006010601,0,
202006010604,0,
202006010602,0,
202006010605,0,
202006010603,0,
202006010606,0,
202006010604,0,
202006010607,0,
202006010605,0,
202006010608,0,
202006010606,0,
202006010609,0,
202006010607,0,
202006010610,0,
202006010608,0,
202006010611,0,
202006010609,0,
202006010612,0,
202006010610,0,
202006010701,0,
202006010702,0,
202006010611,0,
202006010612,0,
202006010703,0,
202006010704,0,
202006010701,0,
202006010705,0,
202006010702,0,
202006010706,0,
202006010703,0,
202006010707,0,
202006010704,0,
202006010705,0,
202006010708,0,
202006010706,0,
202006010709,0,
202006010707,0,
202006010710,0,
202006010708,0,
202006010711,0,
202006010709,0,
202006010712,0,
202006010710,0,
202006010801,0,
202006010711,0,
202006010802,0,
202006010712,0,
202006010803,0,
202006010801,0,
202006010804,0,
202006010802,0,
202006010805,0,
202006010803,0,
202006010806,0,
202006010804,0,
202006010807,0,
202006010805,0,
202006010808,0,
202006010806,0,
202006010809,0,
202006010807,0,
202006010810,0,
202006010808,0,
202006010811,0,
202006010812,0,
202006010809,0,
202006010901,0,
202006010810,0,
202006010902,0,
202006010811,0,
202006010903,0,
202006010812,0,
202006010904,0,
202006010901,0,
202006010905,0,
202006010902,0,
202006010906,0,
202006010903,0,
202006010907,0,
202006010904,0,
202006010905,0,
202006010908,0,
202006010906,0,
202006010909,0,
202006010907,0,
202006010910,0,
202006010908,0,
202006010911,0,
202006010909,0,
202006010912,0,
202006010910,0,
202006020101,0,
202006010911,0,
202006020102,0,
202006010912,0,
202006020103,0,
202006020101,0,
202006020104,0,
202006020102,0,
202006020105,0,
202006020103,0,
202006020106,0,
202006020104,0,
202006020107,0,
202006020105,0,
202006020108,0,
202006020106,0,
202006020109,0,
202006020107,0,
202006020110,0,
202006020108,0,
202006020111,0,
202006020109,0,
202006020112,0,
202006020110,0,
202006020201,0,
202006020111,0,
202006020202,0,
202006020112,0,
202006020203,0,
202006020201,0,
202006020204,0,
202006020202,0,
202006020205,0,
202006020203,0,
202006020206,0,
202006020204,0,
202006020207,0,
202006020205,0,
202006020208,0,
202006020206,0,
202006020209,0,
202006020207,0,
202006020210,0,
202006020208,0,
202006020211,0,
202006020209,0,
202006020212,0,
202006020210,0,
202006020301,0,
202006020211,0,
202006020212,0,
202006020302,0,
202006020301,0,
202006020303,0,
202006020302,0,
202006020304,0,
202006020305,0,
202006020303,0,
202006020306,0,
202006020304,0,
202006020307,0,
202006020305,0,
202006020308,0,
202006020306,0,
202006020309,0,
202006020307,0,
202006020310,0,
202006020308,0,
202006020311,0,
202006020309,0,
202006020312,0,
202006020310,0,
202006020401,0,
202006020311,0,
202006020402,0,
202006020312,0,
202006020403,0,
202006020401,0,
202006020404,0,
202006020402,0,
202006020405,0,
202006020403,0,
202006020404,0,
202006020406,0,
202006020407,0,
202006020405,0,
202006020406,0,
202006020408,0,
202006020407,0,
202006020409,0,
202006020408,0,
202006020410,0,
202006020409,0,
202006020411,0,
202006020410,0,
202006020412,0,
202006020411,0,
202006020501,0,
202006020412,0,
202006020502,0,
202006020501,0,
202006020503,0,
202006020502,0,
202006020504,0,
202006020503,0,
202006020505,0,
202006020504,0,
202006020506,0,
202006020505,0,
202006020507,0,
202006020506,0,
202006020508,0,
202006020507,0,
202006020509,0,
202006020508,0,
202006020510,0,
202006020509,0,
202006020511,0,
202006020510,0,
202006020512,0,
202006020511,0,
202006020601,0,
202006020512,0,
202006020602,0,
202006020601,0,
202006020603,0,
202006020602,0,
202006020604,0,
202006020603,0,
202006020605,0,
202006020604,0,
202006020606,0,
202006020605,0,
202006020607,0,
202006020606,0,
202006020608,0,
202006020607,0,
202006020609,0,
202006020608,0,
202006020610,0,
202006020609,0,
202006020611,0,
202006020610,0,
202006020612,0,
202006020611,0,
202006020701,0,
202006020612,0,
202006020702,0,
202006020701,0,
202006020703,0,
202006020702,0,
202006020704,0,
202006020703,0,
202006020705,0,
202006020704,0,
202006020706,0,
202006020705,0,
202006020707,0,
202006020706,0,
202006020708,0,
202006020707,0,
202006020709,0,
202006020708,0,
202006020710,0,
202006020709,0,
202006020710,0,
202006020711,0,
202006020712,0,
202006020711,0,
202006020801,0,
202006020712,0,
202006020802,0,
202006020801,0,
202006020803,0,
202006020802,0,
202006020804,0,
202006020803,0,
202006020805,0,
202006020804,0,
202006020806,0,
202006020805,0,
202006020807,0,
202006020806,0,
202006020808,0,
202006020807,0,
202006020809,0,
202006020808,0,
202006020810,0,
202006020809,0,
202006020811,0,
202006020810,0,
202006020812,0,
202006020811,0,
202006020901,0,
202006020812,0,
202006020902,0,
202006020901,0,
202006020903,0,
202006020902,0,
202006020904,0,
202006020903,0,
202006020905,0,
202006020904,0,
202006020906,0,
202006020905,0,
202006020907,0,
202006020906,0,
202006020908,0,
202006020907,0,
202006020909,0,
202006020908,0,
202006020910,0,
202006020909,0,
202006020911,0,
202006020910,0,
202006020912,0,
202006020911,0,
202006030101,0,
202006020912,0,
202006030102,0,
202006030101,0,
202006030103,0,
202006030102,0,
202006030104,0,
202006030103,0,
202006030105,0,
202006030104,0,
202006030106,0,
202006030105,0,
202006030107,0,
202006030106,0,
202006030108,0,
202006030107,0,
202006030109,0,
202006030108,0,
202006030110,0,
202006030109,0,
202006030111,0,
202006030110,0,
202006030112,0,
202006030111,0,
202006030201,0,
202006030112,0,
202006030202,0,
202006030201,0,
202006030203,0,
202006030204,0,
202006030202,0,
202006030205,0,
202006030203,0,
202006030206,0,
202006030204,0,
202006030207,0,
202006030205,0,
202006030208,0,
202006030206,0,
202006030209,0,
202006030207,0,
202006030210,0,
202006030208,0,
202006030211,0,
202006030209,0,
202006030212,0,
202006030210,0,
202006030301,0,
202006030211,0,
202006030302,0,
202006030212,0,
202006030303,0,
202006030301,0,
202006030304,0,
202006030302,0,
202006030305,0,
202006030303,0,
202006030306,0,
202006030304,0,
202006030307,0,
202006030305,0,
202006030308,0,
202006030306,0,
202006030309,0,
202006030307,0,
202006030310,0,
202006030308,0,
202006030311,0,
202006030309,0,
202006030312,0,
202006030310,0,
202006030401,0,
202006030311,0,
202006030402,0,
202006030312,0,
202006030403,0,
202006030401,0,
202006030404,0,
202006030402,0,
202006030405,0,
202006030403,0,
202006030406,0,
202006030404,0,
202006030407,0,
202006030405,0,
202006030408,0,
202006030406,0,
202006030409,0,
202006030407,0,
202006030410,0,
202006030408,0,
202006030411,0,
202006030409,0,
202006030412,0,
202006030410,0,
202006030501,0,
202006030411,0,
202006030502,0,
202006030412,0,
202006030503,0,
202006030501,0,
202006030504,0,
202006030502,0,
202006030505,0,
202006030503,0,
202006030506,0,
202006030504,0,
202006030507,0,
202006030505,0,
202006030508,0,
202006030506,0,
202006030509,0,
202006030507,0,
202006030510,0,
202006030508,0,
202006030511,0,
202006030509,0,
202006030512,0,
202006030510,0,
202006030601,0,
202006030511,0,
202006030602,0,
202006030512,0,
202006030603,0,
202006030601,0,
202006030604,0,
202006030602,0,
202006030605,0,
202006030603,0,
202006030606,0,
202006030604,0,
202006030607,0,
202006030605,0,
202006030608,0,
202006030606,0,
202006030609,0,
202006030607,0,
202006030610,0,
202006030608,0,
202006030611,0,
202006030609,0,
202006030612,0,
202006030610,0,
202006030701,0,
202006030611,0,
202006030702,0,
202006030612,0,
202006030703,0,
202006030701,0,
202006030704,0,
202006030702,0,
202006030705,0,
202006030703,0,
202006030706,0,
202006030704,0,
202006030707,0,
202006030705,0,
202006030708,0,
202006030706,0,
202006030709,0,
202006030707,0,
202006030710,0,
202006030708,0,
202006030711,0,
202006030709,0,
202006030712,0,
202006030710,0,
202006030801,0,
202006030711,0,
202006030802,0,
202006030712,0,
202006030803,0,
202006030801,0,
202006030804,0,
202006030802,0,
202006030805,0,
202006030803,0,
202006030806,0,
202006030804,0,
202006030807,0,
202006030805,0,
202006030808,0,
202006030806,0,
202006030809,0,
202006030807,0,
202006030810,0,
202006030808,0,
202006030811,0,
202006030809,0,
202006030812,0,
202006030810,0,
202006040101,0,
202006030811,0,
202006040102,0,
202006030812,0,
202006040103,0,
202006040101,0,
202006040104,0,
202006040102,0,
202006040105,0,
202006040103,0,
202006040106,0,
202006040104,0,
202006040107,0,
202006040105,0,
202006040108,0,
202006040106,0,
202006040109,0,
202006040107,0,
202006040110,0,
202006040108,0,
202006040111,0,
202006040109,0,
202006040112,0,
202006040110,0,
202006040201,0,
202006040111,0,
202006040202,0,
202006040112,0,
202006040203,0,
202006040201,0,
202006040204,0,
202006040202,0,
202006040205,0,
202006040203,0,
202006040206,0,
202006040204,0,
202006040207,0,
202006040205,0,
202006040208,0,
202006040206,0,
202006040209,0,
202006040207,0,
202006040210,0,
202006040208,0,
202006040211,0,
202006040209,0,
202006040212,0,
202006040210,0,
202006040301,0,
202006040211,0,
202006040302,0,
202006040212,0,
202006040303,0,
202006040301,0,
202006040304,0,
202006040302,0,
202006040305,0,
202006040303,0,
202006040306,0,
202006040304,0,
202006040307,0,
202006040305,0,
202006040308,0,
202006040309,0,
202006040306,0,
202006040310,0,
202006040307,0,
202006040311,0,
202006040308,0,
202006040309,0,
202006040312,0,
202006040310,0,
202006040401,0,
202006040311,0,
202006040402,0,
202006040312,0,
202006040403,0,
202006040401,0,
202006040404,0,
202006040402,0,
202006040405,0,
202006040403,0,
202006040406,0,
202006040404,0,
202006040407,0,
202006040405,0,
202006040408,0,
202006040406,0,
202006040409,0,
202006040407,0,
202006040410,0,
202006040408,0,
202006040411,0,
202006040409,0,
202006040412,0,
202006040410,0,
202006040501,0,
202006040411,0,
202006040502,0,
202006040412,0,
202006040503,0,
202006040501,0,
202006040504,0,
202006040502,0,
202006040505,0,
202006040503,0,
202006040506,0,
202006040504,0,
202006040507,0,
202006040505,0,
202006040508,0,
202006040506,0,
202006040509,0,
202006040510,0,
202006040507,0,
202006040511,0,
202006040508,0,
202006040512,0,
202006040509,0,
202006040601,0,
202006040510,0,
202006040602,0,
202006040511,0,
202006040603,0,
202006040512,0,
202006040604,0,
202006040601,0,
202006040605,0,
202006040602,0,
202006040606,0,
202006040603,0,
202006040604,0,
202006040607,0,
202006040605,0,
202006040608,0,
202006040609,0,
202006040606,0,
202006040610,0,
202006040607,0,
202006040611,0,
202006040608,0,
202006040612,0,
202006040609,0,
202006040701,0,
202006040610,0,
202006040702,0,
202006040611,0,
202006040703,0,
202006040612,0,
202006040704,0,
202006040701,0,
202006040705,0,
202006040702,0,
202006040706,0,
202006040703,0,
202006040707,0,
202006040704,0,
202006040708,0,
202006040705,0,
202006040709,0,
202006040706,0,
202006040710,0,
202006040707,0,
202006040711,0,
202006040708,0,
202006040712,0,
202006040709,0,
202006040801,0,
202006040710,0,
202006040802,0,
202006040711,0,
202006040803,0,
202006040712,0,
202006040804,0,
202006040801,0,
202006040805,0,
202006040802,0,
202006040806,0,
202006040803,0,
202006040807,0,
202006040804,0,
202006040808,0,
202006040805,0,
202006040809,0,
202006040806,0,
202006040810,0,
202006040807,0,
202006040811,0,
202006040808,0,
202006040812,0,
202006040809,0,
202006040901,0,
202006040810,0,
202006040902,0,
202006040811,0,
202006040903,0,
202006040812,0,
202006040904,0,
202006040901,0,
202006040905,0,
202006040902,0,
202006040906,0,
202006040903,0,
202006040907,0,
202006040904,0,
202006040908,0,
202006040905,0,
202006040909,0,
202006040906,0,
202006040910,0,
202006040907,0,
202006040911,0,
202006040908,0,
202006040912,0,
202006040909,0,
202006050101,0,
202006040910,0,
202006050102,0,
202006040911,0,
202006050103,0,
202006040912,0,
202006050104,0,
202006050101,0,
202006050105,0,
202006050102,0,
202006050106,0,
202006050103,0,
202006050107,0,
202006050104,0,
202006050108,0,
202006050105,0,
202006050109,0,
202006050106,0,
202006050110,0,
202006050107,0,
202006050111,0,
202006050108,0,
202006050109,0,
202006050112,0,
202006050110,0,
202006050201,0,
202006050111,0,
202006050202,0,
202006050203,0,
202006050112,0,
202006050204,0,
202006050201,0,
202006050202,0,
202006050205,0,
202006050203,0,
202006050206,0,
202006050204,0,
202006050207,0,
202006050205,0,
202006050208,0,
202006050206,0,
202006050209,0,
202006050207,0,
202006050210,0,
202006050208,0,
202006050211,0,
202006050209,0,
202006050212,0,
202006050210,0,
202006050301,0,
202006050211,0,
202006050302,0,
202006050212,0,
202006050303,0,
202006050301,0,
202006050304,0,
202006050302,0,
202006050305,0,
202006050303,0,
202006050306,0,
202006050304,0,
202006050307,0,
202006050305,0,
202006050308,0,
202006050306,0,
202006050309,0,
202006050307,0,
202006050310,0,
202006050308,0,
202006050311,0,
202006050312,0,
202006050309,0,
202006050401,0,
202006050310,0,
202006050402,0,
202006050311,0,
202006050403,0,
202006050312,0,
202006050404,0,
202006050401,0,
202006050405,0,
202006050402,0,
202006050406,0,
202006050403,0,
202006050407,0,
202006050404,0,
202006050408,0,
202006050405,0,
202006050409,0,
202006050406,0,
202006050407,0,
202006050410,0,
202006050408,0,
202006050411,0,
202006050409,0,
202006050412,0,
202006050501,0,
202006050410,0,
202006050411,0,
202006050502,0,
202006050503,0,
202006050412,0,
202006050504,0,
202006050501,0,
202006050505,0,
202006050502,0,
202006050506,0,
202006050503,0,
202006050504,0,
202006050507,0,
202006050505,0,
202006050508,0,
202006050506,0,
202006050509,0,
202006050507,0,
202006050510,0,
202006050511,0,
202006050508,0,
202006050512,0,
202006050509,0,
202006050601,0,
202006050510,0,
202006050602,0,
202006050511,0,
202006050603,0,
202006050512,0,
202006050604,0,
202006050601,0,
202006050605,0,
202006050602,0,
202006050606,0,
202006050603,0,
202006050607,0,
202006050604,0,
202006050608,0,
202006050605,0,
202006050609,0,
202006050606,0,
202006050610,0,
202006050607,0,
202006050611,0,
202006050608,0,
202006050609,0,
202006050612,0,
202006050610,0,
202006050701,0,
202006050611,0,
202006050702,0,
202006050612,0,
202006050703,0,
202006050701,0,
202006050704,0,
202006050702,0,
202006050705,0,
202006050703,0,
202006050706,0,
202006050704,0,
202006050707,0,
202006050705,0,
202006050708,0,
202006050706,0,
202006050709,0,
202006050707,0,
202006050710,0,
202006050708,0,
202006050711,0,
202006050709,0,
202006050710,0,
202006050712,0,
202006050801,0,
202006050711,0,
202006050802,0,
202006050712,0,
202006050803,0,
202006050801,0,
202006050804,0,
202006050802,0,
202006050805,0,
202006050803,0,
202006050806,0,
202006050804,0,
202006050807,0,
202006050805,0,
202006050808,0,
202006050806,0,
202006050809,0,
202006050807,0,
202006050810,0,
202006050808,0,
202006050811,0,
202006050809,0,
202006050812,0,
202006050810,0,
202007010101,0,
202006050811,0,
202007010102,0,
202006050812,0,
202007010103,0,
202007010101,0,
202007010104,0,
202007010102,0,
202007010103,0,
202007010105,0,
202007010106,0,
202007010104,0,
202007010107,0,
202007010105,0,
202007010106,0,
202007010108,0,
202007010107,0,
202007010109,0,
202007010108,0,
202007010110,0,
202007010109,0,
202007010111,0,
202007010110,0,
202007010112,0,
202007010111,0,
202007010201,0,
202007010112,0,
202007010202,0,
202007010201,0,
202007010203,0,
202007010202,0,
202007010204,0,
202007010203,0,
202007010205,0,
202007010204,0,
202007010206,0,
202007010205,0,
202007010207,0,
202007010206,0,
202007010208,0,
202007010207,0,
202007010209,0,
202007010208,0,
202007010210,0,
202007010209,0,
202007010211,0,
202007010210,0,
202007010212,0,
202007010211,0,
202007010301,0,
202007010212,0,
202007010302,0,
202007010301,0,
202007010303,0,
202007010302,0,
202007010304,0,
202007010303,0,
202007010305,0,
202007010304,0,
202007010306,0,
202007010305,0,
202007010307,0,
202007010306,0,
202007010308,0,
202007010307,0,
202007010309,0,
202007010308,0,
202007010310,0,
202007010309,0,
202007010311,0,
202007010310,0,
202007010312,0,
202007010311,0,
202007010401,0,
202007010312,0,
202007010402,0,
202007010401,0,
202007010403,0,
202007010402,0,
202007010404,0,
202007010403,0,
202007010405,0,
202007010404,0,
202007010406,0,
202007010405,0,
202007010407,0,
202007010406,0,
202007010408,0,
202007010407,0,
202007010409,0,
202007010408,0,
202007010410,0,
202007010409,0,
202007010411,0,
202007010410,0,
202007010412,0,
202007010411,0,
202007010501,0,
202007010412,0,
202007010502,0,
202007010501,0,
202007010503,0,
202007010502,0,
202007010504,0,
202007010503,0,
202007010505,0,
202007010504,0,
202007010505,0,
202007010506,0,
202007010506,0,
202007010507,0,
202007010507,0,
202007010508,0,
202007010508,0,
202007010509,0,
202007010509,0,
202007010510,0,
202007010510,0,
202007010511,0,
202007010511,0,
202007010512,0,
202007010512,0,
202007010601,0,
202007010601,0,
202007010602,0,
202007010602,0,
202007010603,0,
202007010604,0,
202007010603,0,
202007010604,0,
202007010605,0,
202007010605,0,
202007010606,0,
202007010607,0,
202007010606,0,
202007010608,0,
202007010607,0,
202007010609,0,
202007010608,0,
202007010610,0,
202007010609,0,
202007010610,0,
202007010611,0,
202007010612,0,
202007010611,0,
202007010701,0,
202007010612,0,
202007010702,0,
202007010701,0,
202007010703,0,
202007010702,0,
202007010704,0,
202007010703,0,
202007010704,0,
202007010705,0,
202007010705,0,
202007010706,0,
202007010706,0,
202007010707,0,
202007010707,0,
202007010708,0,
202007010708,0,
202007010709,0,
202007010709,0,
202007010710,0,
202007010710,0,
202007010711,0,
202007010711,0,
202007010712,0,
202007010712,0,
202007010801,0,
202007010801,0,
202007010802,0,
202007010802,0,
202007010803,0,
202007010803,0,
202007010804,0,
202007010804,0,
202007010805,0,
202007010805,0,
202007010806,0,
202007010806,0,
202007010807,0,
202007010807,0,
202007010808,0,
202007010808,0,
202007010809,0,
202007010809,0,
202007010810,0,
202007010810,0,
202007010811,0,
202007010811,0,
202007010812,0,
202007010812,0,
202007020101,0,
202007020101,0,
202007020102,0,
202007020102,0,
202007020103,0,
202007020103,0,
202007020104,0,
202007020104,0,
202007020105,0,
202007020105,0,
202007020106,0,
202007020106,0,
202007020107,0,
202007020107,0,
202007020108,0,
202007020108,0,
202007020109,0,
202007020110,0,
202007020109,0,
202007020111,0,
202007020110,0,
202007020112,0,
202007020111,0,
202007020201,0,
202007020112,0,
202007020202,0,
202007020201,0,
202007020203,0,
202007020202,0,
202007020204,0,
202007020203,0,
202007020205,0,
202007020204,0,
202007020206,0,
202007020205,0,
202007020207,0,
202007020206,0,
202007020208,0,
202007020207,0,
202007020209,0,
202007020208,0,
202007020210,0,
202007020209,0,
202007020211,0,
202007020210,0,
202007020212,0,
202007020211,0,
202007020301,0,
202007020212,0,
202007020302,0,
202007020301,0,
202007020303,0,
202007020302,0,
202007020304,0,
202007020303,0,
202007020305,0,
202007020304,0,
202007020306,0,
202007020305,0,
202007020307,0,
202007020306,0,
202007020307,0,
202007020308,0,
202007020308,0,
202007020309,0,
202007020309,0,
202007020310,0,
202007020310,0,
202007020311,0,
202007020311,0,
202007020312,0,
202007020312,0,
202007020401,0,
202007020401,0,
202007020402,0,
202007020402,0,
202007020403,0,
202007020403,0,
202007020404,0,
202007020404,0,
202007020405,0,
202007020406,0,
202007020405,0,
202007020406,0,
202007020407,0,
202007020407,0,
202007020408,0,
202007020408,0,
202007020409,0,
202007020409,0,
202007020410,0,
202007020410,0,
202007020411,0,
202007020411,0,
202007020412,0,
202007020412,0,
202007020501,0,
202007020501,0,
202007020502,0,
202007020502,0,
202007020503,0,
202007020503,0,
202007020504,0,
202007020504,0,
202007020505,0,
202007020505,0,
202007020506,0,
202007020506,0,
202007020507,0,
202007020507,0,
202007020508,0,
202007020508,0,
202007020509,0,
202007020509,0,
202007020510,0,
202007020510,0,
202007020511,0,
202007020511,0,
202007020512,0,
202007020512,0,
202007020601,0,
202007020601,0,
202007020602,0,
202007020602,0,
202007020603,0,
202007020603,0,
202007020604,0,
202007020604,0,
202007020605,0,
202007020605,0,
202007020606,0,
202007020606,0,
202007020607,0,
202007020607,0,
202007020608,0,
202007020608,0,
202007020609,0,
202007020609,0,
202007020610,0,
202007020610,0,
202007020611,0,
202007020611,0,
202007020612,0,
202007020612,0,
202007020701,0,
202007020701,0,
202007020702,0,
202007020702,0,
202007020703,0,
202007020703,0,
202007020704,0,
202007020704,0,
202007020705,0,
202007020705,0,
202007020706,0,
202007020706,0,
202007020707,0,
202007020707,0,
202007020708,0,
202007020708,0,
202007020709,0,
202007020709,0,
202007020710,0,
202007020710,0,
202007020711,0,
202007020711,0,
202007020712,0,
202007020712,0,
202007020801,0,
202007020801,0,
202007020802,0,
202007020802,0,
202007020803,0,
202007020803,0,
202007020804,0,
202007020804,0,
202007020805,0,
202007020805,0,
202007020806,0,
202007020806,0,
202007020807,0,
202007020807,0,
202007020808,0,
202007020808,0,
202007020809,0,
202007020809,0,
202007020810,0,
202007020810,0,
202007020811,0,
202007020811,0,
202007020812,0,
202007020812,0,
202007020901,0,
202007020901,0,
202007020902,0,
202007020902,0,
202007020903,0,
202007020903,0,
202007020904,0,
202007020904,0,
202007020905,0,
202007020905,0,
202007020906,0,
202007020906,0,
202007020907,0,
202007020907,0,
202007020908,0,
202007020908,0,
202007020909,0,
202007020909,0,
202007020910,0,
202007020910,0,
202007020911,0,
202007020911,0,
202007020912,0,
202007020912,0,
202007030101,0,
202007030101,0,
202007030102,0,
202007030102,0,
202007030103,0,
202007030103,0,
202007030104,0,
202007030104,0,
202007030105,0,
202007030105,0,
202007030106,0,
202007030106,0,
202007030107,0,
202007030107,0,
202007030108,0,
202007030108,0,
202007030109,0,
202007030109,0,
202007030110,0,
202007030110,0,
202007030111,0,
202007030111,0,
202007030112,0,
202007030112,0,
202007030201,0,
202007030201,0,
202007030202,0,
202007030202,0,
202007030203,0,
202007030203,0,
202007030204,0,
202007030204,0,
202007030205,0,
202007030205,0,
202007030206,0,
202007030206,0,
202007030207,0,
202007030207,0,
202007030208,0,
202007030208,0,
202007030209,0,
202007030209,0,
202007030210,0,
202007030210,0,
202007030211,0,
202007030211,0,
202007030212,0,
202007030212,0,
202007030301,0,
202007030301,0,
202007030302,0,
202007030302,0,
202007030303,0,
202007030303,0,
202007030304,0,
202007030304,0,
202007030305,0,
202007030305,0,
202007030306,0,
202007030306,0,
202007030307,0,
202007030307,0,
202007030308,0,
202007030308,0,
202007030309,0,
202007030309,0,
202007030310,0,
202007030310,0,
202007030311,0,
202007030311,0,
202007030312,0,
202007030312,0,
202007030401,0,
202007030401,0,
202007030402,0,
202007030402,0,
202007030403,0,
202007030403,0,
202007030404,0,
202007030404,0,
202007030405,0,
202007030405,0,
202007030406,0,
202007030406,0,
202007030407,0,
202007030407,0,
202007030408,0,
202007030408,0,
202007030409,0,
202007030409,0,
202007030410,0,
202007030410,0,
202007030411,0,
202007030411,0,
202007030412,0,
202007030412,0,
202007030501,0,
202007030501,0,
202007030502,0,
202007030502,0,
202007030503,0,
202007030504,0,
202007030503,0,
202007030504,0,
202007030505,0,
202007030506,0,
202007030505,0,
202007030507,0,
202007030506,0,
202007030507,0,
202007030508,0,
202007030508,0,
202007030509,0,
202007030509,0,
202007030510,0,
202007030510,0,
202007030511,0,
202007030511,0,
202007030512,0,
202007030512,0,
202007030601,0,
202007030601,0,
202007030602,0,
202007030602,0,
202007030603,0,
202007030603,0,
202007030604,0,
202007030604,0,
202007030605,0,
202007030605,0,
202007030606,0,
202007030606,0,
202007030607,0,
202007030608,0,
202007030607,0,
202007030609,0,
202007030608,0,
202007030610,0,
202007030609,0,
202007030610,0,
202007030611,0,
202007030611,0,
202007030612,0,
202007030612,0,
202008010101,0,
202008010101,0,
202008010102,0,
202008010102,0,
202008010103,0,
202008010103,0,
202008010104,0,
202008010104,0,
202008010105,0,
202008010105,0,
202008010106,0,
202008010106,0,
202008010107,0,
202008010107,0,
202008010108,0,
202008010108,0,
202008010109,0,
202008010109,0,
202008010110,0,
202008010110,0,
202008010111,0,
202008010111,0,
202008010112,0,
202008010112,0,
202008010201,0,
202008010201,0,
202008010202,0,
202008010202,0,
202008010203,0,
202008010203,0,
202008010204,0,
202008010204,0,
202008010205,0,
202008010205,0,
202008010206,0,
202008010206,0,
202008010207,0,
202008010207,0,
202008010208,0,
202008010208,0,
202008010209,0,
202008010209,0,
202008010210,0,
202008010210,0,
202008010211,0,
202008010211,0,
202008010212,0,
202008010212,0,
202008010301,0,
202008010301,0,
202008010302,0,
202008010302,0,
202008010303,0,
202008010303,0,
202008010304,0,
202008010304,0,
202008010305,0,
202008010305,0,
202008010306,0,
202008010306,0,
202008010307,0,
202008010307,0,
202008010308,0,
202008010308,0,
202008010309,0,
202008010309,0,
202008010310,0,
202008010310,0,
202008010311,0,
202008010311,0,
202008010312,0,
202008010312,0,
202008010401,0,
202008010401,0,
202008010402,0,
202008010402,0,
202008010403,0,
202008010403,0,
202008010404,0,
202008010404,0,
202008010405,0,
202008010405,0,
202008010406,0,
202008010406,0,
202008010407,0,
202008010407,0,
202008010408,0,
202008010408,0,
202008010409,0,
202008010409,0,
202008010410,0,
202008010410,0,
202008010411,0,
202008010411,0,
202008010412,0,
202008010412,0,
202008010501,0,
202008010501,0,
202008010502,0,
202008010502,0,
202008010503,0,
202008010503,0,
202008010504,0,
202008010504,0,
202008010505,0,
202008010505,0,
202008010506,0,
202008010506,0,
202008010507,0,
202008010507,0,
202008010508,0,
202008010508,0,
202008010509,0,
202008010509,0,
202008010510,0,
202008010510,0,
202008010511,0,
202008010511,0,
202008010512,0,
202008010512,0,
202008010601,0,
202008010601,0,
202008010602,0,
202008010602,0,
202008010603,0,
202008010603,0,
202008010604,0,
202008010604,0,
202008010605,0,
202008010605,0,
202008010606,0,
202008010606,0,
202008010607,0,
202008010607,0,
202008010608,0,
202008010608,0,
202008010609,0,
202008010609,0,
202008010610,0,
202008010610,0,
202008010611,0,
202008010611,0,
202008010612,0,
202008010612,0,
202008010701,0,
202008010701,0,
202008010702,0,
202008010702,0,
202008010703,0,
202008010703,0,
202008010704,0,
202008010704,0,
202008010705,0,
202008010705,0,
202008010706,0,
202008010706,0,
202008010707,0,
202008010707,0,
202008010708,0,
202008010708,0,
202008010709,0,
202008010709,0,
202008010710,0,
202008010710,0,
202008010711,0,
202008010711,0,
202008010712,0,
202008010712,0,
202008010801,0,
202008010801,0,
202008010802,0,
202008010802,0,
202008010803,0,
202008010803,0,
202008010804,0,
202008010804,0,
202008010805,0,
202008010805,0,
202008010806,0,
202008010806,0,
202008010807,0,
202008010807,0,
202008010808,0,
202008010808,0,
202008010809,0,
202008010809,0,
202008010810,0,
202008010810,0,
202008010811,0,
202008010811,0,
202008010812,0,
202008010812,0,
202008010901,0,
202008010901,0,
202008010902,0,
202008010902,0,
202008010903,0,
202008010903,0,
202008010904,0,
202008010904,0,
202008010905,0,
202008010905,0,
202008010906,0,
202008010906,0,
202008010907,0,
202008010908,0,
202008010907,0,
202008010908,0,
202008010909,0,
202008010909,0,
202008010910,0,
202008010910,0,
202008010911,0,
202008010912,0,
202008010911,0,
202008020101,0,
202008010912,0,
202008020102,0,
202008020101,0,
202008020103,0,
202008020102,0,
202008020103,0,
202008020104,0,
202008020104,0,
202008020105,0,
202008020105,0,
202008020106,0,
202008020106,0,
202008020107,0,
202008020107,0,
202008020108,0,
202008020108,0,
202008020109,0,
202008020109,0,
202008020110,0,
202008020110,0,
202008020111,0,
202008020111,0,
202008020112,0,
202008020112,0,
202008020201,0,
202008020201,0,
202008020202,0,
202008020202,0,
202008020203,0,
202008020203,0,
202008020204,0,
202008020204,0,
202008020205,0,
202008020205,0,
202008020206,0,
202008020206,0,
202008020207,0,
202008020207,0,
202008020208,0,
202008020208,0,
202008020209,0,
202008020209,0,
202008020210,0,
202008020211,0,
202008020210,0,
202008020212,0,
202008020211,0,
202008020212,0,
202008020301,0,
202008020301,0,
202008020302,0,
202008020303,0,
202008020302,0,
202008020303,0,
202008020304,0,
202008020305,0,
202008020304,0,
202008020306,0,
202008020305,0,
202008020307,0,
202008020306,0,
202008020308,0,
202008020307,0,
202008020309,0,
202008020308,0,
202008020310,0,
202008020309,0,
202008020311,0,
202008020310,0,
202008020311,0,
202008020312,0,
202008020312,0,
202008020401,0,
202008020401,0,
202008020402,0,
202008020402,0,
202008020403,0,
202008020403,0,
202008020404,0,
202008020404,0,
202008020405,0,
202008020405,0,
202008020406,0,
202008020406,0,
202008010909,0,
202008020407,0,
202008010910,0,
202008020407,0,
202008020408,0,
202008020408,0,
202008020409,0,
202008020409,0,
202008020410,0,
202008020410,0,
202008020411,0,
202008020411,0,
202008020412,0,
202008020412,0,
202008020501,0,
202008020501,0,
202008020502,0,
202008020502,0,
202008020503,0,
202008020503,0,
202008020504,0,
202008020504,0,
202008020505,0,
202008020505,0,
202008020506,0,
202008020506,0,
202008020507,0,
202008020507,0,
202008020508,0,
202008020508,0,
202008020509,0,
202008020509,0,
202008020510,0,
202008020510,0,
202008020511,0,
202008020511,0,
202008020512,0,
202008020512,0,
202008020601,0,
202008020601,0,
202008020602,0,
202008020602,0,
202008020603,0,
202008020603,0,
202008020604,0,
202008020604,0,
202008020605,0,
202008020605,0,
202008020606,0,
202008020606,0,
202008020607,0,
202008020607,0,
202008020608,0,
202008020608,0,
202008020609,0,
202008020609,0,
202008020610,0,
202008020610,0,
202008020611,0,
202008020611,0,
202008020612,0,
202008020612,0,
202008020701,0,
202008020701,0,
202008020702,0,
202008020702,0,
202008020703,0,
202008020703,0,
202008020704,0,
202008020704,0,
202008020705,0,
202008020705,0,
202008020706,0,
202008020706,0,
202008020707,0,
202008020707,0,
202008020708,0,
202008020708,0,
202008020709,0,
202008020709,0,
202008020710,0,
202008020710,0,
202008020711,0,
202008020711,0,
202008020712,0,
202008020712,0,
202008020801,0,
202008020801,0,
202008020802,0,
202008020802,0,
202008020803,0,
202008020803,0,
202008020804,0,
202008020804,0,
202008020805,0,
202008020805,0,
202008020806,0,
202008020806,0,
202008020807,0,
202008020807,0,
202008020808,0,
202008020808,0,
202008020809,0,
202008020809,0,
202008020810,0,
202008020810,0,
202008020811,0,
202008020811,0,
202008020812,0,
202008020812,0,
202008030101,0,
202008030101,0,
202008030102,0,
202008030102,0,
202008030103,0,
202008030103,0,
202008030104,0,
202008030104,0,
202008030105,0,
202008030105,0,
202008030106,0,
202008030106,0,
202008030107,0,
202008030107,0,
202008030108,0,
202008030108,0,
202008030109,0,
202008030109,0,
202008030110,0,
202008030110,0,
202008030111,0,
202008030111,0,
202008030112,0,
202008030112,0,
202008030201,0,
202008030201,0,
202008030202,0,
202008030202,0,
202008030203,0,
202008030203,0,
202008030204,0,
202008030204,0,
202008030205,0,
202008030205,0,
202008030206,0,
202008030206,0,
202008030207,0,
202008030207,0,
202008030208,0,
202008030208,0,
202008030209,0,
202008030209,0,
202008030210,0,
202008030210,0,
202008030211,0,
202008030211,0,
202008030212,0,
202008030212,0,
202008030301,0,
202008030301,0,
202008030302,0,
202008030302,0,
202008030303,0,
202008030303,0,
202008030304,0,
202008030304,0,
202008030305,0,
202008030305,0,
202008030306,0,
202008030306,0,
202008030307,0,
202008030307,0,
202008030308,0,
202008030309,0,
202008030308,0,
202008030310,0,
202008030309,0,
202008030311,0,
202008030310,0,
202008030312,0,
202008030311,0,
202008030401,0,
202008030312,0,
202008030402,0,
202008030401,0,
202008030402,0,
202008030403,0,
202008030403,0,
202008030404,0,
202008030404,0,
202008030405,0,
202008030405,0,
202008030406,0,
202008030406,0,
202008030407,0,
202008030407,0,
202008030408,0,
202008030408,0,
202008030409,0,
202008030409,0,
202008030410,0,
202008030410,0,
202008030411,0,
202008030411,0,
202008030412,0,
202008030412,0,
202008030501,0,
202008030501,0,
202008030502,0,
202008030502,0,
202008030503,0,
202008030503,0,
202008030504,0,
202008030504,0,
202008030505,0,
202008030506,0,
202008030505,0,
202008030506,0,
202008030507,0,
202008030507,0,
202008030508,0,
202008030509,0,
202008030508,0,
202008030510,0,
202008030509,0,
202008030511,0,
202008030510,0,
202008030511,0,
202008030512,0,
202008030601,0,
202008030512,0,
202008030602,0,
202008030601,0,
202008030603,0,
202008030602,0,
202008030604,0,
202008030603,0,
202008030605,0,
202008030604,0,
202008030606,0,
202008030605,0,
202008030607,0,
202008030606,0,
202008030608,0,
202008030607,0,
202008030609,0,
202008030608,0,
202008030610,0,
202008030609,0,
202008030611,0,
202008030610,0,
202008030612,0,
202008030611,0,
202008030701,0,
202008030612,0,
202008030702,0,
202008030701,0,
202008030703,0,
202008030702,0,
202008030704,0,
202008030703,0,
202008030705,0,
202008030704,0,
202008030706,0,
202008030705,0,
202008030707,0,
202008030706,0,
202008030708,0,
202008030707,0,
202008030709,0,
202008030708,0,
202008030710,0,
202008030709,0,
202008030711,0,
202008030710,0,
202008030712,0,
202008030711,0,
202008030801,0,
202008030712,0,
202008030802,0,
202008030801,0,
202008030803,0,
202008030802,0,
202008030804,0,
202008030803,0,
202008030805,0,
202008030804,0,
202008030806,0,
202008030805,0,
202008030807,0,
202008030806,0,
202008030808,0,
202008030809,0,
202008030807,0,
202008030808,0,
202008030810,0,
202008030809,0,
202008030811,0,
202008030810,0,
202008030812,0,
202008030811,0,
202008030901,0,
202008030812,0,
202008030902,0,
202008030901,0,
202008030903,0,
202008030902,0,
202008030904,0,
202008030905,0,
202008030903,0,
202008030904,0,
202008030906,0,
202008030905,0,
202008030907,0,
202008030906,0,
202008030908,0,
202008030907,0,
202008030909,0,
202008030908,0,
202008030910,0,
202008030911,0,
202008030909,0,
202008030912,0,
202008030910,0,
202008031001,0,
202008030911,0,
202008031002,0,
202008030912,0,
202008031001,0,
202008031003,0,
202008031002,0,
202008031004,0,
202008031003,0,
202008031005,0,
202008031004,0,
202008031006,0,
202008031005,0,
202008031007,0,
202008031006,0,
202008031008,0,
202008031007,0,
202008031009,0,
202008031008,0,
202008031010,0,
202008031009,0,
202008031011,0,
202008031010,0,
202008031012,0,
202008031011,0,
202008031101,0,
202008031012,0,
202008031102,0,
202008031103,0,
202008031101,0,
202008031104,0,
202008031102,0,
202008031105,0,
202008031103,0,
202008031106,0,
202008031104,0,
202008031107,0,
202008031105,0,
202008031108,0,
202008031106,0,
202008031109,0,
202008031107,0,
202008031110,0,
202008031108,0,
202008031111,0,
202008031109,0,
202008031112,0,
202008031110,0,
202008031201,0,
202008031111,0,
202008031202,0,
202008031112,0,
202008031203,0,
202008031201,0,
202008031204,0,
202008031202,0,
202008031205,0,
202008031203,0,
202008031206,0,
202008031204,0,
202008031207,0,
202008031205,0,
202008031208,0,
202008031206,0,
202008031209,0,
202008031207,0,
202008031210,0,
202008031208,0,
202008031211,0,
202008031209,0,
202008031212,0,
202008031210,0,
202008040101,0,
202008031211,0,
202008031212,0,
202008040102,0,
202008040101,0,
202008040103,0,
202008040102,0,
202008040104,0,
202008040103,0,
202008040105,0,
202008040104,0,
202008040106,0,
202008040105,0,
202008040107,0,
202008040106,0,
202008040108,0,
202008040107,0,
202008040109,0,
202008040108,0,
202008040110,0,
202008040109,0,
202008040111,0,
202008040110,0,
202008040112,0,
202008040111,0,
202008040201,0,
202008040112,0,
202008040202,0,
202008040201,0,
202008040203,0,
202008040202,0,
202008040204,0,
202008040203,0,
202008040205,0,
202008040204,0,
202008040206,0,
202008040205,0,
202008040207,0,
202008040206,0,
202008040208,0,
202008040209,0,
202008040207,0,
202008040210,0,
202008040208,0,
202008040211,0,
202008040209,0,
202008040212,0,
202008040210,0,
202008040301,0,
202008040211,0,
202008040302,0,
202008040212,0,
202008040303,0,
202008040301,0,
202008040304,0,
202008040302,0,
202008040305,0,
202008040303,0,
202008040306,0,
202008040304,0,
202008040307,0,
202008040305,0,
202008040306,0,
202008040308,0,
202008040309,0,
202008040307,0,
202008040310,0,
202008040308,0,
202008040309,0,
202008040311,0,
202008040310,0,
202008040312,0,
202008040401,0,
202008040311,0,
202008040312,0,
202008040402,0,
202008040401,0,
202008040403,0,
202008040404,0,
202008040402,0,
202008040405,0,
202008040403,0,
202008040404,0,
202008040406,0,
202008040405,0,
202008040407,0,
202008040406,0,
202008040408,0,
202008040407,0,
202008040409,0,
202008040408,0,
202008040410,0,
202008040409,0,
202008040411,0,
202008040410,0,
202008040412,0,
202008040411,0,
202008040501,0,
202008040412,0,
202008040502,0,
202008040501,0,
202008040503,0,
202008040502,0,
202008040504,0,
202008040503,0,
202008040505,0,
202008040504,0,
202008040506,0,
202008040505,0,
202008040507,0,
202008040506,0,
202008040508,0,
202008040507,0,
202008040509,0,
202008040508,0,
202008040510,0,
202008040511,0,
202008040509,0,
202008040510,0,
202008040512,0,
202008040601,0,
202008040511,0,
202008040602,0,
202008040512,0,
202008040603,0,
202008040601,0,
202008040604,0,
202008040602,0,
202008040605,0,
202008040603,0,
202008040606,0,
202008040604,0,
202008040607,0,
202008040605,0,
202008040608,0,
202008040606,0,
202008040609,0,
202008040607,0,
202008040610,0,
202008040608,0,
202008040611,0,
202008040609,0,
202008040612,0,
202008040610,0,
202008040701,0,
202008040611,0,
202008040702,0,
202008040612,0,
202008040703,0,
202008040701,0,
202008040704,0,
202008040702,0,
202008040705,0,
202008040703,0,
202008040706,0,
202008040704,0,
202008040707,0,
202008040705,0,
202008040708,0,
202008040706,0,
202008040709,0,
202008040707,0,
202008040710,0,
202008040708,0,
202008040711,0,
202008040709,0,
202008040712,0,
202008040710,0,
202008040801,0,
202008040711,0,
202008040802,0,
202008040712,0,
202008040803,0,
202008040801,0,
202008040804,0,
202008040802,0,
202008040805,0,
202008040803,0,
202008040806,0,
202008040804,0,
202008040807,0,
202008040805,0,
202008040808,0,
202008040806,0,
202008040809,0,
202008040807,0,
202008040810,0,
202008040808,0,
202008040811,0,
202008040809,0,
202008040812,0,
202008040810,0,
202009010101,0,
202008040811,0,
202009010102,0,
202008040812,0,
202009010103,0,
202009010101,0,
202009010104,0,
202009010102,0,
202009010105,0,
202009010103,0,
202009010106,0,
202009010104,0,
202009010107,0,
202009010105,0,
202009010108,0,
202009010106,0,
202009010109,0,
202009010107,0,
202009010110,0,
202009010108,0,
202009010111,0,
202009010112,0,
202009010109,0,
202009010110,0,
202009010201,0,
202009010111,0,
202009010202,0,
202009010112,0,
202009010203,0,
202009010201,0,
202009010204,0,
202009010202,0,
202009010205,0,
202009010203,0,
202009010206,0,
202009010204,0,
202009010207,0,
202009010205,0,
202009010208,0,
202009010206,0,
202009010209,0,
202009010207,0,
202009010210,0,
202009010208,0,
202009010211,0,
202009010209,0,
202009010212,0,
202009010210,0,
202009010301,0,
202009010211,0,
202009010302,0,
202009010212,0,
202009010303,0,
202009010301,0,
202009010304,0,
202009010302,0,
202009010305,0,
202009010303,0,
202009010306,0,
202009010304,0,
202009010307,0,
202009010305,0,
202009010308,0,
202009010306,0,
202009010309,0,
202009010307,0,
202009010310,0,
202009010308,0,
202009010311,0,
202009010309,0,
202009010312,0,
202009010310,0,
202009010401,0,
202009010311,0,
202009010402,0,
202009010312,0,
202009010403,0,
202009010401,0,
202009010404,0,
202009010402,0,
202009010405,0,
202009010403,0,
202009010406,0,
202009010404,0,
202009010407,0,
202009010405,0,
202009010408,0,
202009010406,0,
202009010409,0,
202009010407,0,
202009010410,0,
202009010408,0,
202009010411,0,
202009010409,0,
202009010412,0,
202009010410,0,
202009010501,0,
202009010411,0,
202009010502,0,
202009010412,0,
202009010503,0,
202009010501,0,
202009010504,0,
202009010502,0,
202009010505,0,
202009010503,0,
202009010506,0,
202009010504,0,
202009010507,0,
202009010505,0,
202009010508,0,
202009010506,0,
202009010509,0,
202009010507,0,
202009010510,0,
202009010508,0,
202009010511,0,
202009010509,0,
202009010512,0,
202009010510,0,
202009010601,0,
202009010511,0,
202009010602,0,
202009010512,0,
202009010603,0,
202009010601,0,
202009010604,0,
202009010602,0,
202009010605,0,
202009010603,0,
202009010606,0,
202009010604,0,
202009010607,0,
202009010605,0,
202009010608,0,
202009010606,0,
202009010609,0,
202009010607,0,
202009010610,0,
202009010608,0,
202009010611,0,
202009010609,0,
202009010612,0,
202009010610,0,
202009010701,0,
202009010611,0,
202009010702,0,
202009010612,0,
202009010703,0,
202009010701,0,
202009010704,0,
202009010702,0,
202009010705,0,
202009010703,0,
202009010704,0,
202009010706,0,
202009010707,0,
202009010705,0,
202009010708,0,
202009010706,0,
202009010709,0,
202009010707,0,
202009010708,0,
202009010710,0,
202009010709,0,
202009010711,0,
202009010712,0,
202009010710,0,
202009010801,0,
202009010711,0,
202009010802,0,
202009010712,0,
202009010803,0,
202009010801,0,
202009010804,0,
202009010802,0,
202009010805,0,
202009010803,0,
202009010804,0,
202009010806,0,
202009010805,0,
202009010807,0,
202009010806,0,
202009010808,0,
202009010807,0,
202009010809,0,
202009010808,0,
202009010810,0,
202009010809,0,
202009010811,0,
202009010810,0,
202009010812,0,
202009010811,0,
202009010901,0,
202009010812,0,
202009010902,0,
202009010901,0,
202009010903,0,
202009010902,0,
202009010904,0,
202009010903,0,
202009010905,0,
202009010904,0,
202009010906,0,
202009010905,0,
202009010907,0,
202009010906,0,
202009010908,0,
202009010907,0,
202009010909,0,
202009010908,0,
202009010910,0,
202009010909,0,
202009010911,0,
202009010910,0,
202009010912,0,
202009010911,0,
202009020101,0,
202009010912,0,
202009020102,0,
202009020101,0,
202009020103,0,
202009020102,0,
202009020104,0,
202009020103,0,
202009020105,0,
202009020104,0,
202009020106,0,
202009020105,0,
202009020107,0,
202009020106,0,
202009020108,0,
202009020107,0,
202009020109,0,
202009020108,0,
202009020110,0,
202009020109,0,
202009020111,0,
202009020110,0,
202009020112,0,
202009020111,0,
202009020201,0,
202009020112,0,
202009020202,0,
202009020201,0,
202009020203,0,
202009020202,0,
202009020204,0,
202009020203,0,
202009020205,0,
202009020204,0,
202009020206,0,
202009020205,0,
202009020207,0,
202009020206,0,
202009020208,0,
202009020207,0,
202009020209,0,
202009020208,0,
202009020210,0,
202009020209,0,
202009020211,0,
202009020210,0,
202009020212,0,
202009020211,0,
202009020301,0,
202009020212,0,
202009020302,0,
202009020301,0,
202009020303,0,
202009020302,0,
202009020304,0,
202009020303,0,
202009020305,0,
202009020304,0,
202009020306,0,
202009020305,0,
202009020307,0,
202009020306,0,
202009020308,0,
202009020307,0,
202009020309,0,
202009020308,0,
202009020310,0,
202009020309,0,
202009020311,0,
202009020310,0,
202009020312,0,
202009020311,0,
202009020401,0,
202009020402,0,
202009020312,0,
202009020401,0,
202009020403,0,
202009020402,0,
202009020404,0,
202009020405,0,
202009020403,0,
202009020406,0,
202009020404,0,
202009020405,0,
202009020407,0,
202009020406,0,
202009020408,0,
202009020407,0,
202009020409,0,
202009020408,0,
202009020410,0,
202009020409,0,
202009020411,0,
202009020410,0,
202009020412,0,
202009020411,0,
202009020501,0,
202009020412,0,
202009020502,0,
202009020501,0,
202009020503,0,
202009020502,0,
202009020504,0,
202009020503,0,
202009020505,0,
202009020504,0,
202009020506,0,
202009020505,0,
202009020507,0,
202009020506,0,
202009020508,0,
202009020509,0,
202009020507,0,
202009020508,0,
202009020510,0,
202009020511,0,
202009020509,0,
202009020512,0,
202009020510,0,
202009020601,0,
202009020511,0,
202009020602,0,
202009020512,0,
202009020603,0,
202009020601,0,
202009020604,0,
202009020602,0,
202009020603,0,
202009020605,0,
202009020606,0,
202009020604,0,
202009020607,0,
202009020605,0,
202009020608,0,
202009020606,0,
202009020609,0,
202009020607,0,
202009020608,0,
202009020610,0,
202009020609,0,
202009020611,0,
202009020610,0,
202009020612,0,
202009020611,0,
202009020701,0,
202009020612,0,
202009020702,0,
202009020701,0,
202009020703,0,
202009020702,0,
202009020704,0,
202009020703,0,
202009020705,0,
202009020704,0,
202009020706,0,
202009020705,0,
202009020707,0,
202009020706,0,
202009020708,0,
202009020707,0,
202009020709,0,
202009020708,0,
202009020710,0,
202009020709,0,
202009020711,0,
202009020710,0,
202009020712,0,
202009020711,0,
202009020801,0,
202009020712,0,
202009020802,0,
202009020801,0,
202009020803,0,
202009020802,0,
202009020804,0,
202009020803,0,
202009020805,0,
202009020804,0,
202009020806,0,
202009020805,0,
202009020807,0,
202009020806,0,
202009020808,0,
202009020807,0,
202009020809,0,
202009020808,0,
202009020810,0,
202009020811,0,
202009020809,0,
202009020812,0,
202009020810,0,
202009030101,0,
202009020811,0,
202009030102,0,
202009020812,0,
202009030103,0,
202009030101,0,
202009030104,0,
202009030102,0,
202009030105,0,
202009030103,0,
202009030106,0,
202009030104,0,
202009030107,0,
202009030105,0,
202009030108,0,
202009030106,0,
202009030109,0,
202009030107,0,
202009030110,0,
202009030108,0,
202009030111,0,
202009030109,0,
202009030112,0,
202009030110,0,
202009030201,0,
202009030111,0,
202009030202,0,
202009030112,0,
202009030203,0,
202009030201,0,
202009030204,0,
202009030202,0,
202009030203,0,
202009030205,0,
202009030204,0,
202009030206,0,
202009030205,0,
202009030207,0,
202009030206,0,
202009030208,0,
202009030207,0,
202009030209,0,
202009030208,0,
202009030210,0,
202009030211,0,
202009030209,0,
202009030212,0,
202009030210,0,
202009030301,0,
202009030211,0,
202009030302,0,
202009030212,0,
202009030303,0,
202009030301,0,
202009030304,0,
202009030302,0,
202009030305,0,
202009030303,0,
202009030306,0,
202009030304,0,
202009030307,0,
202009030305,0,
202009030308,0,
202009030306,0,
202009030309,0,
202009030307,0,
202009030310,0,
202009030308,0,
202009030311,0,
202009030309,0,
202009030312,0,
202009030310,0,
202009030401,0,
202009030311,0,
202009030402,0,
202009030312,0,
202009030403,0,
202009030401,0,
202009030404,0,
202009030402,0,
202009030405,0,
202009030403,0,
202009030404,0,
202009030406,0,
202009030405,0,
202009030407,0,
202009030408,0,
202009030406,0,
202009030409,0,
202009030407,0,
202009030410,0,
202009030408,0,
202009030411,0,
202009030409,0,
202009030412,0,
202009030410,0,
202009030501,0,
202009030411,0,
202009030502,0,
202009030412,0,
202009030503,0,
202009030501,0,
202009030504,0,
202009030502,0,
202009030505,0,
202009030503,0,
202009030506,0,
202009030504,0,
202009030507,0,
202009030505,0,
202009030508,0,
202009030506,0,
202009030509,0,
202009030507,0,
202009030510,0,
202009030508,0,
202009030511,0,
202009030509,0,
202009030512,0,
202009030510,0,
202009030601,0,
202009030511,0,
202009030602,0,
202009030512,0,
202009030603,0,
202009030604,0,
202009030601,0,
202009030605,0,
202009030602,0,
202009030606,0,
202009030603,0,
202009030607,0,
202009030604,0,
202009030608,0,
202009030605,0,
202009030609,0,
202009030606,0,
202009030610,0,
202009030607,0,
202009030611,0,
202009030608,0,
202009030612,0,
202009030609,0,
202009030610,0,
202009030701,0,
202009030611,0,
202009030702,0,
202009030703,0,
202009030612,0,
202009030704,0,
202009030701,0,
202009030705,0,
202009030702,0,
202009030706,0,
202009030703,0,
202009030707,0,
202009030704,0,
202009030708,0,
202009030705,0,
202009030709,0,
202009030706,0,
202009030710,0,
202009030707,0,
202009030711,0,
202009030708,0,
202009030712,0,
202009030709,0,
202009030801,0,
202009030710,0,
202009030802,0,
202009030711,0,
202009030803,0,
202009030712,0,
202009030804,0,
202009030801,0,
202009030805,0,
202009030802,0,
202009030806,0,
202009030803,0,
202009030807,0,
202009030804,0,
202009030805,0,
202009030808,0,
202009030806,0,
202009030809,0,
202009030810,0,
202009030807,0,
202009030811,0,
202009030808,0,
202009030809,0,
202009030812,0,
202009040101,0,
202009030810,0,
202009040102,0,
202009030811,0,
202009040103,0,
202009030812,0,
202009040104,0,
202009040101,0,
202009040105,0,
202009040102,0,
202009040106,0,
202009040103,0,
202009040107,0,
202009040104,0,
202009040108,0,
202009040105,0,
202009040109,0,
202009040106,0,
202009040110,0,
202009040107,0,
202009040111,0,
202009040108,0,
202009040112,0,
202009040109,0,
202009040201,0,
202009040110,0,
202009040202,0,
202009040111,0,
202009040203,0,
202009040112,0,
202009040204,0,
202009040201,0,
202009040205,0,
202009040202,0,
202009040206,0,
202009040203,0,
202009040207,0,
202009040204,0,
202009040208,0,
202009040205,0,
202009040209,0,
202009040206,0,
202009040210,0,
202009040207,0,
202009040211,0,
202009040208,0,
202009040212,0,
202009040209,0,
202009040301,0,
202009040210,0,
202009040302,0,
202009040211,0,
202009040303,0,
202009040212,0,
202009040304,0,
202009040301,0,
202009040305,0,
202009040302,0,
202009040306,0,
202009040303,0,
202009040304,0,
202009040307,0,
202009040305,0,
202009040308,0,
202009040306,0,
202009040309,0,
202009040310,0,
202009040307,0,
202009040308,0,
202009040311,0,
202009040309,0,
202009040312,0,
202009040310,0,
202009040401,0,
202009040311,0,
202009040402,0,
202009040312,0,
202009040403,0,
202009040401,0,
202009040404,0,
202009040402,0,
202009040405,0,
202009040403,0,
202009040406,0,
202009040404,0,
202009040407,0,
202009040405,0,
202009040408,0,
202009040406,0,
202009040409,0,
202009040407,0,
202009040410,0,
202009040408,0,
202009040411,0,
202009040409,0,
202009040412,0,
202009040410,0,
202009040501,0,
202009040411,0,
202009040502,0,
202009040412,0,
202009040503,0,
202009040501,0,
202009040504,0,
202009040502,0,
202009040505,0,
202009040503,0,
202009040506,0,
202009040504,0,
202009040507,0,
202009040505,0,
202009040508,0,
202009040506,0,
202009040509,0,
202009040507,0,
202009040510,0,
202009040508,0,
202009040511,0,
202009040509,0,
202009040512,0,
202009040510,0,
202009040601,0,
202009040511,0,
202009040602,0,
202009040512,0,
202009040603,0,
202009040601,0,
202009040604,0,
202009040602,0,
202009040605,0,
202009040603,0,
202009040606,0,
202009040604,0,
202009040607,0,
202009040605,0,
202009040608,0,
202009040606,0,
202009040609,0,
202009040607,0,
202009040610,0,
202009040608,0,
202009040611,0,
202009040609,0,
202009040612,0,
202009040610,0,
202009050101,0,
202009040611,0,
202009050102,0,
202009040612,0,
202009050103,0,
202009050101,0,
202009050104,0,
202009050102,0,
202009050105,0,
202009050103,0,
202009050106,0,
202009050104,0,
202009050107,0,
202009050105,0,
202009050108,0,
202009050109,0,
202009050106,0,
202009050107,0,
202009050110,0,
202009050111,0,
202009050108,0,
202009050112,0,
202009050109,0,
202009050110,0,
202009050201,0,
202009050202,0,
202009050111,0,
202009050203,0,
202009050112,0,
202009050204,0,
202009050201,0,
202009050205,0,
202009050202,0,
202009050206,0,
202009050203,0,
202009050207,0,
202009050204,0,
202009050208,0,
202009050205,0,
202009050206,0,
202009050209,0,
202009050210,0,
202009050207,0,
202009050211,0,
202009050208,0,
202009050212,0,
202009050209,0,
202009050301,0,
202009050210,0,
202009050302,0,
202009050211,0,
202009050303,0,
202009050212,0,
202009050304,0,
202009050301,0,
202009050305,0,
202009050302,0,
202009050306,0,
202009050303,0,
202009050307,0,
202009050304,0,
202009050308,0,
202009050305,0,
202009050309,0,
202009050306,0,
202009050310,0,
202009050307,0,
202009050311,0,
202009050308,0,
202009050312,0,
202009050309,0,
202009050401,0,
202009050310,0,
202009050402,0,
202009050311,0,
202009050403,0,
202009050312,0,
202009050404,0,
202009050401,0,
202009050405,0,
202009050402,0,
202009050406,0,
202009050403,0,
202009050407,0,
202009050404,0,
202009050408,0,
202009050405,0,
202009050409,0,
202009050406,0,
202009050410,0,
202009050407,0,
202009050411,0,
202009050408,0,
202009050412,0,
202009050409,0,
202009050501,0,
202009050410,0,
202009050502,0,
202009050411,0,
202009050503,0,
202009050412,0,
202009050504,0,
202009050501,0,
202009050505,0,
202009050502,0,
202009050506,0,
202009050503,0,
202009050507,0,
202009050504,0,
202009050508,0,
202009050505,0,
202009050509,0,
202009050506,0,
202009050510,0,
202009050507,0,
202009050511,0,
202009050508,0,
202009050512,0,
202009050509,0,
202009050601,0,
202009050510,0,
202009050602,0,
202009050511,0,
202009050603,0,
202009050512,0,
202009050604,0,
202009050601,0,
202009050605,0,
202009050602,0,
202009050606,0,
202009050603,0,
202009050607,0,
202009050604,0,
202009050608,0,
202009050605,0,
202009050609,0,
202009050606,0,
202009050610,0,
202009050607,0,
202009050611,0,
202009050608,0,
202009050612,0,
202009050609,0,
202009050701,0,
202009050610,0,
202009050702,0,
202009050611,0,
202009050703,0,
202009050612,0,
202009050704,0,
202009050701,0,
202009050705,0,
202009050702,0,
202009050706,0,
202009050703,0,
202009050707,0,
202009050704,0,
202009050708,0,
202009050705,0,
202009050709,0,
202009050706,0,
202009050710,0,
202009050707,0,
202009050711,0,
202009050708,0,
202009050712,0,
202009050709,0,
202009050801,0,
202009050710,0,
202009050802,0,
202009050711,0,
202009050803,0,
202009050712,0,
202009050804,0,
202009050801,0,
202009050805,0,
202009050802,0,
202009050806,0,
202009050803,0,
202009050807,0,
202009050804,0,
202009050808,0,
202009050805,0,
202009050809,0,
202009050806,0,
202009050810,0,
202009050807,0,
202009050811,0,
202009050808,0,
202009050812,0,
202009050809,0,
202009050901,0,
202009050810,0,
202009050902,0,
202009050811,0,
202009050903,0,
202009050812,0,
202009050904,0,
202009050901,0,
202009050905,0,
202009050902,0,
202009050906,0,
202009050903,0,
202009050907,0,
202009050904,0,
202009050908,0,
202009050905,0,
202009050909,0,
202009050906,0,
202009050910,0,
202009050907,0,
202009050911,0,
202009050908,0,
202009050912,0,
202009050909,0,
202009060101,0,
202009050910,0,
202009060102,0,
202009050911,0,
202009060103,0,
202009050912,0,
202009060104,0,
202009060101,0,
202009060105,0,
202009060102,0,
202009060106,0,
202009060103,0,
202009060107,0,
202009060104,0,
202009060108,0,
202009060105,0,
202009060109,0,
202009060106,0,
202009060110,0,
202009060107,0,
202009060111,0,
202009060108,0,
202009060112,0,
202009060109,0,
202009060201,0,
202009060110,0,
202009060202,0,
202009060111,0,
202009060203,0,
202009060112,0,
202009060204,0,
202009060201,0,
202009060205,0,
202009060202,0,
202009060206,0,
202009060203,0,
202009060207,0,
202009060204,0,
202009060208,0,
202009060205,0,
202009060209,0,
202009060206,0,
202009060210,0,
202009060207,0,
202009060211,0,
202009060208,0,
202009060212,0,
202009060209,0,
202009060301,0,
202009060210,0,
202009060302,0,
202009060211,0,
202009060303,0,
202009060212,0,
202009060304,0,
202009060301,0,
202009060305,0,
202009060302,0,
202009060306,0,
202009060303,0,
202009060307,0,
202009060304,0,
202009060308,0,
202009060305,0,
202009060309,0,
202009060306,0,
202009060310,0,
202009060307,0,
202009060311,0,
202009060308,0,
202009060312,0,
202009060309,0,
202009060401,0,
202009060310,0,
202009060402,0,
202009060311,0,
202009060403,0,
202009060312,0,
202009060401,0,
202009060404,0,
202009060405,0,
202009060402,0,
202009060406,0,
202009060403,0,
202009060407,0,
202009060404,0,
202009060408,0,
202009060405,0,
202009060409,0,
202009060406,0,
202009060410,0,
202009060407,0,
202009060411,0,
202009060408,0,
202009060412,0,
202009060409,0,
202009060501,0,
202009060410,0,
202009060502,0,
202009060411,0,
202009060503,0,
202009060412,0,
202009060504,0,
202009060501,0,
202009060505,0,
202009060502,0,
202009060506,0,
202009060503,0,
202009060507,0,
202009060504,0,
202009060508,0,
202009060505,0,
202009060509,0,
202009060506,0,
202009060510,0,
202009060507,0,
202009060511,0,
202009060508,0,
202009060512,0,
202009060509,0,
202009060601,0,
202009060510,0,
202009060602,0,
202009060511,0,
202009060603,0,
202009060512,0,
202009060604,0,
202009060601,0,
202009060605,0,
202009060602,0,
202009060606,0,
202009060603,0,
202009060607,0,
202009060604,0,
202009060608,0,
202009060605,0,
202009060606,0,
202009060609,0,
202009060610,0,
202009060607,0,
202009060608,0,
202009060611,0,
202009060612,0,
202009060609,0,
202009060701,0,
202009060610,0,
202009060702,0,
202009060611,0,
202009060612,0,
202009060703,0,
202009060701,0,
202009060704,0,
202009060702,0,
202009060705,0,
202009060703,0,
202009060706,0,
202009060707,0,
202009060704,0,
202009060705,0,
202009060708,0,
202009060709,0,
202009060706,0,
202009060710,0,
202009060707,0,
202009060711,0,
202009060708,0,
202009060712,0,
202009060709,0,
202009060801,0,
202009060710,0,
202009060802,0,
202009060711,0,
202009060803,0,
202009060712,0,
202009060804,0,
202009060801,0,
202009060805,0,
202009060802,0,
202009060806,0,
202009060803,0,
202009060807,0,
202009060804,0,
202009060808,0,
202009060805,0,
202009060809,0,
202009060806,0,
202009060810,0,
202009060807,0,
202009060811,0,
202009060808,0,
202009060812,0,
202009060809,0,
202010010101,0,
202009060810,0,
202010010102,0,
202009060811,0,
202010010103,0,
202009060812,0,
202010010104,0,
202010010101,0,
202010010105,0,
202010010102,0,
202010010106,0,
202010010103,0,
202010010107,0,
202010010104,0,
202010010108,0,
202010010105,0,
202010010109,0,
202010010106,0,
202010010110,0,
202010010107,0,
202010010111,0,
202010010108,0,
202010010112,0,
202010010109,0,
202010010201,0,
202010010202,0,
202010010110,0,
202010010203,0,
202010010111,0,
202010010204,0,
202010010112,0,
202010010201,0,
202010010205,0,
202010010202,0,
202010010206,0,
202010010207,0,
202010010203,0,
202010010204,0,
202010010208,0,
202010010209,0,
202010010205,0,
202010010206,0,
202010010210,0,
202010010207,0,
202010010211,0,
202010010212,0,
202010010208,0,
202010010301,0,
202010010209,0,
202010010302,0,
202010010210,0,
202010010303,0,
202010010211,0,
202010010304,0,
202010010212,0,
202010010305,0,
202010010301,0,
202010010306,0,
202010010302,0,
202010010307,0,
202010010303,0,
202010010308,0,
202010010304,0,
202010010309,0,
202010010305,0,
202010010310,0,
202010010306,0,
202010010311,0,
202010010307,0,
202010010312,0,
202010010308,0,
202010010401,0,
202010010309,0,
202010010402,0,
202010010310,0,
202010010403,0,
202010010311,0,
202010010404,0,
202010010312,0,
202010010405,0,
202010010401,0,
202010010406,0,
202010010402,0,
202010010407,0,
202010010403,0,
202010010404,0,
202010010408,0,
202010010405,0,
202010010409,0,
202010010406,0,
202010010410,0,
202010010407,0,
202010010411,0,
202010010408,0,
202010010412,0,
202010010409,0,
202010010501,0,
202010010502,0,
202010010410,0,
202010010503,0,
202010010411,0,
202010010504,0,
202010010412,0,
202010010505,0,
202010010501,0,
202010010506,0,
202010010502,0,
202010010503,0,
202010010507,0,
202010010508,0,
202010010504,0,
202010010509,0,
202010010505,0,
202010010506,0,
202010010510,0,
202010010511,0,
202010010507,0,
202010010508,0,
202010010512,0,
202010010601,0,
202010010509,0,
202010010602,0,
202010010510,0,
202010010603,0,
202010010511,0,
202010010604,0,
202010010512,0,
202010010605,0,
202010010601,0,
202010010606,0,
202010010602,0,
202010010607,0,
202010010603,0,
202010010608,0,
202010010604,0,
202010010609,0,
202010010605,0,
202010010610,0,
202010010606,0,
202010010611,0,
202010010607,0,
202010010612,0,
202010010608,0,
202010010701,0,
202010010609,0,
202010010702,0,
202010010610,0,
202010010703,0,
202010010611,0,
202010010704,0,
202010010612,0,
202010010705,0,
202010010701,0,
202010010706,0,
202010010702,0,
202010010707,0,
202010010703,0,
202010010708,0,
202010010704,0,
202010010705,0,
202010010709,0,
202010010706,0,
202010010710,0,
202010010707,0,
202010010711,0,
202010010708,0,
202010010712,0,
202010010801,0,
202010010709,0,
202010010802,0,
202010010710,0,
202010010803,0,
202010010711,0,
202010010804,0,
202010010712,0,
202010010805,0,
202010010801,0,
202010010806,0,
202010010802,0,
202010010807,0,
202010010803,0,
202010010808,0,
202010010804,0,
202010010809,0,
202010010805,0,
202010010810,0,
202010010806,0,
202010010811,0,
202010010807,0,
202010010812,0,
202010010808,0,
202010010901,0,
202010010809,0,
202010010902,0,
202010010810,0,
202010010903,0,
202010010811,0,
202010010904,0,
202010010812,0,
202010010905,0,
202010010901,0,
202010010906,0,
202010010902,0,
202010010907,0,
202010010903,0,
202010010908,0,
202010010904,0,
202010010909,0,
202010010905,0,
202010010910,0,
202010010906,0,
202010010911,0,
202010010907,0,
202010010912,0,
202010010908,0,
202010011001,0,
202010010909,0,
202010011002,0,
202010010910,0,
202010011003,0,
202010010911,0,
202010011004,0,
202010010912,0,
202010011005,0,
202010011001,0,
202010011006,0,
202010011007,0,
202010011002,0,
202010011003,0,
202010011008,0,
202010011004,0,
202010011009,0,
202010011005,0,
202010011010,0,
202010011006,0,
202010011011,0,
202010011007,0,
202010011012,0,
202010011008,0,
202010011101,0,
202010011009,0,
202010011102,0,
202010011010,0,
202010011103,0,
202010011011,0,
202010011104,0,
202010011105,0,
202010011012,0,
202010011106,0,
202010011101,0,
202010011102,0,
202010011107,0,
202010011103,0,
202010011108,0,
202010011109,0,
202010011104,0,
202010011110,0,
202010011105,0,
202010011111,0,
202010011106,0,
202010011112,0,
202010011107,0,
202010011201,0,
202010011108,0,
202010011202,0,
202010011109,0,
202010011203,0,
202010011110,0,
202010011204,0,
202010011111,0,
202010011205,0,
202010011112,0,
202010011206,0,
202010011201,0,
202010011207,0,
202010011202,0,
202010011208,0,
202010011203,0,
202010011209,0,
202010011204,0,
202010011210,0,
202010011205,0,
202010011211,0,
202010011206,0,
202010011212,0,
202010011207,0,
202010020101,0,
202010011208,0,
202010020102,0,
202010011209,0,
202010020103,0,
202010011210,0,
202010020104,0,
202010011211,0,
202010020105,0,
202010011212,0,
202010020106,0,
202010020101,0,
202010020107,0,
202010020102,0,
202010020108,0,
202010020103,0,
202010020109,0,
202010020104,0,
202010020110,0,
202010020105,0,
202010020111,0,
202010020106,0,
202010020112,0,
202010020107,0,
202010020201,0,
202010020108,0,
202010020202,0,
202010020109,0,
202010020203,0,
202010020110,0,
202010020204,0,
202010020111,0,
202010020205,0,
202010020112,0,
202010020206,0,
202010020201,0,
202010020207,0,
202010020202,0,
202010020208,0,
202010020203,0,
202010020209,0,
202010020204,0,
202010020210,0,
202010020205,0,
202010020211,0,
202010020206,0,
202010020212,0,
202010020207,0,
202010020301,0,
202010020208,0,
202010020302,0,
202010020209,0,
202010020303,0,
202010020210,0,
202010020304,0,
202010020211,0,
202010020305,0,
202010020212,0,
202010020306,0,
202010020301,0,
202010020307,0,
202010020302,0,
202010020308,0,
202010020303,0,
202010020309,0,
202010020304,0,
202010020310,0,
202010020305,0,
202010020311,0,
202010020306,0,
202010020312,0,
202010020401,0,
202010020307,0,
202010020402,0,
202010020308,0,
202010020403,0,
202010020309,0,
202010020404,0,
202010020310,0,
202010020311,0,
202010020405,0,
202010020406,0,
202010020312,0,
202010020407,0,
202010020401,0,
202010020408,0,
202010020402,0,
202010020403,0,
202010020409,0,
202010020404,0,
202010020410,0,
202010020405,0,
202010020411,0,
202010020406,0,
202010020412,0,
202010020407,0,
202010020501,0,
202010020408,0,
202010020502,0,
202010020409,0,
202010020503,0,
202010020410,0,
202010020504,0,
202010020411,0,
202010020505,0,
202010020412,0,
202010020506,0,
202010020501,0,
202010020507,0,
202010020508,0,
202010020502,0,
202010020509,0,
202010020503,0,
202010020510,0,
202010020504,0,
202010020511,0,
202010020505,0,
202010020512,0,
202010020506,0,
202010020601,0,
202010020507,0,
202010020602,0,
202010020508,0,
202010020603,0,
202010020509,0,
202010020604,0,
202010020510,0,
202010020605,0,
202010020511,0,
202010020606,0,
202010020512,0,
202010020607,0,
202010020601,0,
202010020608,0,
202010020602,0,
202010020603,0,
202010020609,0,
202010020604,0,
202010020610,0,
202010020605,0,
202010020611,0,
202010020606,0,
202010020612,0,
202010020701,0,
202010020607,0,
202010020702,0,
202010020608,0,
202010020703,0,
202010020609,0,
202010020704,0,
202010020610,0,
202010020705,0,
202010020611,0,
202010020706,0,
202010020612,0,
202010020707,0,
202010020701,0,
202010020708,0,
202010020702,0,
202010020709,0,
202010020703,0,
202010020710,0,
202010020704,0,
202010020711,0,
202010020705,0,
202010020712,0,
202010020706,0,
202010020801,0,
202010020707,0,
202010020802,0,
202010020708,0,
202010020803,0,
202010020709,0,
202010020804,0,
202010020710,0,
202010020805,0,
202010020711,0,
202010020806,0,
202010020712,0,
202010020807,0,
202010020801,0,
202010020808,0,
202010020802,0,
202010020809,0,
202010020803,0,
202010020810,0,
202010020804,0,
202010020811,0,
202010020805,0,
202010020812,0,
202010020806,0,
202101010101,0,
202010020807,0,
202101010102,0,
202010020808,0,
202101010103,0,
202010020809,0,
202101010104,0,
202010020810,0,
202101010105,0,
202101010106,0,
202010020811,0,
202010020812,0,
202101010107,0,
202101010101,0,
202101010108,0,
202101010102,0,
202101010109,0,
202101010103,0,
202101010110,0,
202101010104,0,
202101010111,0,
202101010105,0,
202101010112,0,
202101010201,0,
202101010106,0,
202101010202,0,
202101010107,0,
202101010203,0,
202101010108,0,
202101010109,0,
202101010204,0,
202101010110,0,
202101010205,0,
202101010111,0,
202101010206,0,
202101010112,0,
202101010207,0,
202101010201,0,
202101010208,0,
202101010202,0,
202101010209,0,
202101010203,0,
202101010210,0,
202101010204,0,
202101010211,0,
202101010205,0,
202101010212,0,
202101010206,0,
202101010301,0,
202101010207,0,
202101010302,0,
202101010208,0,
202101010303,0,
202101010209,0,
202101010304,0,
202101010210,0,
202101010305,0,
202101010211,0,
202101010306,0,
202101010212,0,
202101010307,0,
202101010301,0,
202101010308,0,
202101010302,0,
202101010309,0,
202101010303,0,
202101010310,0,
202101010304,0,
202101010311,0,
202101010305,0,
202101010312,0,
202101010306,0,
202101010401,0,
202101010307,0,
202101010402,0,
202101010308,0,
202101010403,0,
202101010309,0,
202101010404,0,
202101010310,0,
202101010405,0,
202101010311,0,
202101010406,0,
202101010312,0,
202101010407,0,
202101010401,0,
202101010408,0,
202101010402,0,
202101010409,0,
202101010403,0,
202101010410,0,
202101010404,0,
202101010411,0,
202101010405,0,
202101010412,0,
202101010406,0,
202101010501,0,
202101010407,0,
202101010502,0,
202101010408,0,
202101010503,0,
202101010409,0,
202101010504,0,
202101010410,0,
202101010505,0,
202101010411,0,
202101010506,0,
202101010412,0,
202101010507,0,
202101010501,0,
202101010508,0,
202101010502,0,
202101010509,0,
202101010503,0,
202101010510,0,
202101010504,0,
202101010511,0,
202101010505,0,
202101010512,0,
202101010506,0,
202101010601,0,
202101010507,0,
202101010602,0,
202101010508,0,
202101010603,0,
202101010509,0,
202101010604,0,
202101010510,0,
202101010605,0,
202101010511,0,
202101010606,0,
202101010512,0,
202101010607,0,
202101010601,0,
202101010608,0,
202101010602,0,
202101010609,0,
202101010603,0,
202101010610,0,
202101010604,0,
202101010611,0,
202101010605,0,
202101010612,0,
202101010606,0,
202101020101,0,
202101010607,0,
202101020102,0,
202101010608,0,
202101020103,0,
202101010609,0,
202101020104,0,
202101010610,0,
202101010611,0,
202101020105,0,
202101010612,0,
202101020106,0,
202101020101,0,
202101020107,0,
202101020102,0,
202101020108,0,
202101020103,0,
202101020109,0,
202101020104,0,
202101020110,0,
202101020105,0,
202101020111,0,
202101020112,0,
202101020106,0,
202101020201,0,
202101020107,0,
202101020202,0,
202101020108,0,
202101020109,0,
202101020203,0,
202101020110,0,
202101020204,0,
202101020111,0,
202101020205,0,
202101020112,0,
202101020206,0,
202101020201,0,
202101020207,0,
202101020202,0,
202101020208,0,
202101020203,0,
202101020209,0,
202101020204,0,
202101020210,0,
202101020205,0,
202101020211,0,
202101020206,0,
202101020212,0,
202101020207,0,
202101020301,0,
202101020208,0,
202101020302,0,
202101020209,0,
202101020303,0,
202101020210,0,
202101020304,0,
202101020211,0,
202101020305,0,
202101020212,0,
202101020306,0,
202101020301,0,
202101020307,0,
202101020302,0,
202101020308,0,
202101020303,0,
202101020309,0,
202101020304,0,
202101020310,0,
202101020305,0,
202101020311,0,
202101020306,0,
202101020312,0,
202101020401,0,
202101020307,0,
202101020308,0,
202101020402,0,
202101020403,0,
202101020309,0,
202101020310,0,
202101020404,0,
202101020311,0,
202101020405,0,
202101020406,0,
202101020312,0,
202101020401,0,
202101020407,0,
202101020402,0,
202101020408,0,
202101020403,0,
202101020409,0,
202101020404,0,
202101020410,0,
202101020405,0,
202101020411,0,
202101020406,0,
202101020412,0,
202101020501,0,
202101020407,0,
202101020502,0,
202101020408,0,
202101020503,0,
202101020409,0,
202101020504,0,
202101020410,0,
202101020505,0,
202101020411,0,
202101020506,0,
202101020412,0,
202101020507,0,
202101020501,0,
202101020508,0,
202101020502,0,
202101020509,0,
202101020503,0,
202101020510,0,
202101020504,0,
202101020511,0,
202101020505,0,
202101020512,0,
202101020506,0,
202101020601,0,
202101020507,0,
202101020602,0,
202101020508,0,
202101020603,0,
202101020509,0,
202101020604,0,
202101020510,0,
202101020605,0,
202101020511,0,
202101020606,0,
202101020512,0,
202101020607,0,
202101020601,0,
202101020608,0,
202101020602,0,
202101020609,0,
202101020603,0,
202101020610,0,
202101020604,0,
202101020611,0,
202101020605,0,
202101020612,0,
202101020606,0,
202101020701,0,
202101020702,0,
202101020607,0,
202101020703,0,
202101020608,0,
202101020704,0,
202101020609,0,
202101020705,0,
202101020610,0,
202101020706,0,
202101020611,0,
202101020707,0,
202101020612,0,
202101020708,0,
202101020701,0,
202101020709,0,
202101020702,0,
202101020710,0,
202101020703,0,
202101020711,0,
202101020704,0,
202101020712,0,
202101020705,0,
202101020801,0,
202101020706,0,
202101020802,0,
202101020707,0,
202101020803,0,
202101020708,0,
202101020709,0,
202101020804,0,
202101020710,0,
202101020805,0,
202101020711,0,
202101020806,0,
202101020712,0,
202101020807,0,
202101020801,0,
202101020808,0,
202101020802,0,
202101020809,0,
202101020803,0,
202101020810,0,
202101020804,0,
202101020811,0,
202101020805,0,
202101020812,0,
202101020806,0,
202102010101,0,
202101020807,0,
202102010102,0,
202102010103,0,
202101020808,0,
202102010104,0,
202101020809,0,
202102010105,0,
202101020810,0,
202101020811,0,
202102010106,0,
202102010107,0,
202101020812,0,
202102010108,0,
202102010101,0,
202102010102,0,
202102010109,0,
202102010103,0,
202102010110,0,
202102010104,0,
202102010111,0,
202102010105,0,
202102010112,0,
202102010106,0,
202102010201,0,
202102010202,0,
202102010107,0,
202102010108,0,
202102010203,0,
202102010109,0,
202102010204,0,
202102010110,0,
202102010205,0,
202102010111,0,
202102010206,0,
202102010207,0,
202102010112,0,
202102010208,0,
202102010201,0,
202102010209,0,
202102010202,0,
202102010210,0,
202102010203,0,
202102010211,0,
202102010204,0,
202102010212,0,
202102010205,0,
202102010301,0,
202102010206,0,
202102010302,0,
202102010207,0,
202102010303,0,
202102010208,0,
202102010304,0,
202102010209,0,
202102010305,0,
202102010210,0,
202102010306,0,
202102010211,0,
202102010307,0,
202102010212,0,
202102010308,0,
202102010301,0,
202102010309,0,
202102010302,0,
202102010310,0,
202102010303,0,
202102010311,0,
202102010304,0,
202102010312,0,
202102010305,0,
202102010401,0,
202102010306,0,
202102010402,0,
202102010307,0,
202102010403,0,
202102010308,0,
202102010404,0,
202102010309,0,
202102010405,0,
202102010310,0,
202102010406,0,
202102010311,0,
202102010407,0,
202102010312,0,
202102010408,0,
202102010401,0,
202102010409,0,
202102010402,0,
202102010410,0,
202102010403,0,
202102010411,0,
202102010404,0,
202102010412,0,
202102010405,0,
202102010501,0,
202102010406,0,
202102010502,0,
202102010407,0,
202102010503,0,
202102010408,0,
202102010504,0,
202102010409,0,
202102010505,0,
202102010410,0,
202102010506,0,
202102010411,0,
202102010507,0,
202102010412,0,
202102010508,0,
202102010501,0,
202102010509,0,
202102010502,0,
202102010510,0,
202102010503,0,
202102010511,0,
202102010504,0,
202102010512,0,
202102010505,0,
202102010601,0,
202102010506,0,
202102010602,0,
202102010507,0,
202102010603,0,
202102010508,0,
202102010604,0,
202102010509,0,
202102010605,0,
202102010510,0,
202102010606,0,
202102010511,0,
202102010607,0,
202102010512,0,
202102010608,0,
202102010601,0,
202102010609,0,
202102010602,0,
202102010610,0,
202102010603,0,
202102010611,0,
202102010604,0,
202102010612,0,
202102010605,0,
202102010701,0,
202102010606,0,
202102010702,0,
202102010607,0,
202102010703,0,
202102010608,0,
202102010704,0,
202102010609,0,
202102010705,0,
202102010610,0,
202102010706,0,
202102010707,0,
202102010611,0,
202102010612,0,
202102010708,0,
202102010709,0,
202102010701,0,
202102010710,0,
202102010702,0,
202102010711,0,
202102010703,0,
202102010712,0,
202102010704,0,
202102010801,0,
202102010705,0,
202102010802,0,
202102010706,0,
202102010803,0,
202102010707,0,
202102010804,0,
202102010708,0,
202102010805,0,
202102010709,0,
202102010806,0,
202102010710,0,
202102010807,0,
202102010711,0,
202102010808,0,
202102010712,0,
202102010809,0,
202102010810,0,
202102010801,0,
202102010811,0,
202102010802,0,
202102010812,0,
202102010803,0,
202102010901,0,
202102010804,0,
202102010902,0,
202102010805,0,
202102010903,0,
202102010806,0,
202102010904,0,
202102010807,0,
202102010905,0,
202102010808,0,
202102010906,0,
202102010809,0,
202102010907,0,
202102010810,0,
202102010908,0,
202102010811,0,
202102010909,0,
202102010812,0,
202102010910,0,
202102010901,0,
202102010911,0,
202102010902,0,
202102010912,0,
202102010903,0,
202102011001,0,
202102010904,0,
202102011002,0,
202102010905,0,
202102011003,0,
202102010906,0,
202102011004,0,
202102010907,0,
202102011005,0,
202102010908,0,
202102011006,0,
202102010909,0,
202102011007,0,
202102010910,0,
202102011008,0,
202102010911,0,
202102011009,0,
202102010912,0,
202102011010,0,
202102011001,0,
202102011011,0,
202102011002,0,
202102011012,0,
202102011003,0,
202102011101,0,
202102011004,0,
202102011102,0,
202102011005,0,
202102011103,0,
202102011006,0,
202102011104,0,
202102011007,0,
202102011105,0,
202102011008,0,
202102011106,0,
202102011009,0,
202102011107,0,
202102011010,0,
202102011108,0,
202102011011,0,
202102011109,0,
202102011012,0,
202102011110,0,
202102011101,0,
202102011111,0,
202102011102,0,
202102011112,0,
202102011103,0,
202102011201,0,
202102011104,0,
202102011202,0,
202102011105,0,
202102011203,0,
202102011106,0,
202102011204,0,
202102011107,0,
202102011205,0,
202102011108,0,
202102011206,0,
202102011109,0,
202102011207,0,
202102011110,0,
202102011208,0,
202102011111,0,
202102011209,0,
202102011112,0,
202102011210,0,
202102011201,0,
202102011211,0,
202102011202,0,
202102011212,0,
202102011203,0,
202103010101,0,
202102011204,0,
202103010102,0,
202102011205,0,
202103010103,0,
202102011206,0,
202103010104,0,
202102011207,0,
202103010105,0,
202102011208,0,
202103010106,0,
202102011209,0,
202103010107,0,
202102011210,0,
202103010108,0,
202102011211,0,
202103010109,0,
202102011212,0,
202103010110,0,
202103010101,0,
202103010111,0,
202103010102,0,
202103010112,0,
202103010103,0,
202103010201,0,
202103010104,0,
202103010202,0,
202103010105,0,
202103010203,0,
202103010106,0,
202103010204,0,
202103010107,0,
202103010205,0,
202103010108,0,
202103010206,0,
202103010109,0,
202103010207,0,
202103010110,0,
202103010208,0,
202103010111,0,
202103010209,0,
202103010112,0,
202103010210,0,
202103010201,0,
202103010211,0,
202103010202,0,
202103010212,0,
202103010203,0,
202103010301,0,
202103010204,0,
202103010302,0,
202103010205,0,
202103010303,0,
202103010206,0,
202103010304,0,
202103010207,0,
202103010305,0,
202103010208,0,
202103010306,0,
202103010209,0,
202103010307,0,
202103010210,0,
202103010308,0,
202103010211,0,
202103010309,0,
202103010212,0,
202103010310,0,
202103010301,0,
202103010311,0,
202103010302,0,
202103010312,0,
202103010303,0,
202103010401,0,
202103010304,0,
202103010402,0,
202103010305,0,
202103010403,0,
202103010306,0,
202103010404,0,
202103010307,0,
202103010405,0,
202103010308,0,
202103010406,0,
202103010309,0,
202103010407,0,
202103010310,0,
202103010408,0,
202103010311,0,
202103010409,0,
202103010312,0,
202103010410,0,
202103010401,0,
202103010411,0,
202103010402,0,
202103010412,0,
202103010403,0,
202103010501,0,
202103010404,0,
202103010502,0,
202103010405,0,
202103010503,0,
202103010406,0,
202103010407,0,
202103010504,0,
202103010408,0,
202103010505,0,
202103010409,0,
202103010506,0,
202103010410,0,
202103010507,0,
202103010508,0,
202103010411,0,
202103010412,0,
202103010509,0,
202103010501,0,
202103010510,0,
202103010502,0,
202103010511,0,
202103010503,0,
202103010512,0,
202103010504,0,
202103010601,0,
202103010505,0,
202103010602,0,
202103010506,0,
202103010603,0,
202103010507,0,
202103010604,0,
202103010508,0,
202103010605,0,
202103010509,0,
202103010606,0,
202103010510,0,
202103010607,0,
202103010511,0,
202103010608,0,
202103010512,0,
202103010609,0,
202103010601,0,
202103010610,0,
202103010602,0,
202103010611,0,
202103010603,0,
202103010612,0,
202103010604,0,
202103020101,0,
202103010605,0,
202103020102,0,
202103010606,0,
202103020103,0,
202103010607,0,
202103020104,0,
202103010608,0,
202103020105,0,
202103010609,0,
202103020106,0,
202103010610,0,
202103020107,0,
202103010611,0,
202103020108,0,
202103010612,0,
202103020109,0,
202103020101,0,
202103020110,0,
202103020102,0,
202103020111,0,
202103020103,0,
202103020112,0,
202103020104,0,
202103020201,0,
202103020105,0,
202103020202,0,
202103020106,0,
202103020203,0,
202103020107,0,
202103020204,0,
202103020108,0,
202103020205,0,
202103020109,0,
202103020206,0,
202103020110,0,
202103020207,0,
202103020111,0,
202103020208,0,
202103020112,0,
202103020209,0,
202103020201,0,
202103020210,0,
202103020202,0,
202103020211,0,
202103020203,0,
202103020212,0,
202103020204,0,
202103020301,0,
202103020302,0,
202103020205,0,
202103020303,0,
202103020206,0,
202103020207,0,
202103020304,0,
202103020208,0,
202103020305,0,
202103020209,0,
202103020306,0,
202103020210,0,
202103020307,0,
202103020211,0,
202103020308,0,
202103020212,0,
202103020309,0,
202103020301,0,
202103020310,0,
202103020302,0,
202103020311,0,
202103020303,0,
202103020312,0,
202103020304,0,
202103020401,0,
202103020305,0,
202103020402,0,
202103020306,0,
202103020403,0,
202103020307,0,
202103020404,0,
202103020308,0,
202103020405,0,
202103020309,0,
202103020406,0,
202103020310,0,
202103020407,0,
202103020311,0,
202103020408,0,
202103020312,0,
202103020409,0,
202103020401,0,
202103020410,0,
202103020402,0,
202103020411,0,
202103020403,0,
202103020412,0,
202103020404,0,
202103020501,0,
202103020405,0,
202103020502,0,
202103020406,0,
202103020503,0,
202103020407,0,
202103020504,0,
202103020408,0,
202103020505,0,
202103020409,0,
202103020506,0,
202103020507,0,
202103020410,0,
202103020508,0,
202103020411,0,
202103020412,0,
202103020509,0,
202103020501,0,
202103020510,0,
202103020502,0,
202103020511,0,
202103020503,0,
202103020512,0,
202103020504,0,
202103020601,0,
202103020505,0,
202103020602,0,
202103020603,0,
202103020506,0,
202103020604,0,
202103020507,0,
202103020605,0,
202103020508,0,
202103020606,0,
202103020509,0,
202103020607,0,
202103020510,0,
202103020608,0,
202103020511,0,
202103020609,0,
202103020512,0,
202103020610,0,
202103020601,0,
202103020611,0,
202103020602,0,
202103020612,0,
202103020603,0,
202104010101,0,
202103020604,0,
202104010102,0,
202103020605,0,
202104010103,0,
202103020606,0,
202104010104,0,
202103020607,0,
202104010105,0,
202103020608,0,
202104010106,0,
202103020609,0,
202104010107,0,
202103020610,0,
202104010108,0,
202103020611,0,
202104010109,0,
202103020612,0,
202104010110,0,
202104010101,0,
202104010111,0,
202104010102,0,
202104010112,0,
202104010103,0,
202104010201,0,
202104010104,0,
202104010202,0,
202104010105,0,
202104010203,0,
202104010106,0,
202104010204,0,
202104010107,0,
202104010205,0,
202104010108,0,
202104010206,0,
202104010109,0,
202104010207,0,
202104010110,0,
202104010208,0,
202104010111,0,
202104010209,0,
202104010112,0,
202104010210,0,
202104010201,0,
202104010211,0,
202104010202,0,
202104010212,0,
202104010203,0,
202104010301,0,
202104010204,0,
202104010302,0,
202104010205,0,
202104010303,0,
202104010206,0,
202104010304,0,
202104010207,0,
202104010305,0,
202104010208,0,
202104010306,0,
202104010209,0,
202104010210,0,
202104010307,0,
202104010211,0,
202104010308,0,
202104010212,0,
202104010309,0,
202104010301,0,
202104010310,0,
202109060809,0,
202109060803,0,
202109060810,0,
202109060804,0,
202109060811,0,
202109060805,0,
202109060812,0,
202109060806,0,
202109060901,0,
202109060807,0,
202109060902,0,
202109060808,0,
202109060903,0,
202109060809,0,
202109060904,0,
202109060810,0,
202109060905,0,
202109060811,0,
202109060906,0,
202109060812,0,
202109060907,0,
202109060901,0,
202109060908,0,
202109060902,0,
202109060909,0,
202109060903,0,
202109060910,0,
202109060904,0,
202109060911,0,
202109060905,0,
202109060912,0,
202109060906,0,
202110010101,0,
202109060907,0,
202110010102,0,
202109060908,0,
202110010103,0,
202109060909,0,
202110010104,0,
202109060910,0,
202110010105,0,
202109060911,0,
202110010106,0,
202109060912,0,
202110010107,0,
202110010101,0,
202110010108,0,
202110010102,0,
202110010109,0,
202110010103,0,
202110010110,0,
202110010104,0,
202110010111,0,
202110010105,0,
202110010112,0,
202110010201,0,
202110010106,0,
202110010202,0,
202110010107,0,
202110010203,0,
202110010108,0,
202110010204,0,
202110010109,0,
202110010205,0,
202110010110,0,
202110010206,0,
202110010111,0,
202110010207,0,
202110010112,0,
202110010208,0,
202110010201,0,
202110010209,0,
202110010202,0,
202110010210,0,
202110010203,0,
202110010204,0,
202110010211,0,
202110010212,0,
202110010205,0,
202110010301,0,
202110010206,0,
202110010302,0,
202110010207,0,
202110010303,0,
202110010208,0,
202110010304,0,
202110010209,0,
202110010305,0,
202110010210,0,
202110010211,0,
202110010306,0,
202110010307,0,
202110010212,0,
202110010308,0,
202110010301,0,
202110010302,0,
202110010309,0,
202110010303,0,
202110010310,0,
202110010311,0,
202110010304,0,
202110010312,0,
202110010305,0,
202110010401,0,
202110010306,0,
202110010402,0,
202110010307,0,
202110010403,0,
202110010308,0,
202110010404,0,
202110010309,0,
202110010405,0,
202110010310,0,
202110010406,0,
202110010311,0,
202110010407,0,
202110010312,0,
202110010408,0,
202110010401,0,
202110010409,0,
202110010402,0,
202110010410,0,
202110010403,0,
202110010411,0,
202110010404,0,
202110010412,0,
202110010405,0,
202110010501,0,
202110010406,0,
202110010502,0,
202110010407,0,
202110010503,0,
202110010408,0,
202110010504,0,
202110010409,0,
202110010505,0,
202110010410,0,
202110010506,0,
202110010411,0,
202110010507,0,
202110010412,0,
202110010508,0,
202110010501,0,
202110010502,0,
202110010509,0,
202110010503,0,
202110010510,0,
202110010504,0,
202110010511,0,
202110010505,0,
202110010512,0,
202110010506,0,
202110010601,0,
202110010507,0,
202110010602,0,
202110010508,0,
202110010603,0,
202110010509,0,
202110010604,0,
202110010510,0,
202110010605,0,
202110010511,0,
202110010606,0,
202110010512,0,
202110010607,0,
202110010601,0,
202110010608,0,
202110010602,0,
202110010609,0,
202110010603,0,
202110010610,0,
202110010604,0,
202110010611,0,
202110010605,0,
202110010612,0,
202110010606,0,
202110010701,0,
202110010607,0,
202110010702,0,
202110010608,0,
202110010703,0,
202110010609,0,
202110010704,0,
202110010610,0,
202110010705,0,
202110010611,0,
202110010706,0,
202110010612,0,
202110010707,0,
202110010701,0,
202110010708,0,
202110010702,0,
202110010709,0,
202110010703,0,
202110010710,0,
202110010704,0,
202110010711,0,
202110010705,0,
202110010712,0,
202110010706,0,
202110010801,0,
202110010707,0,
202110010802,0,
202110010708,0,
202110010803,0,
202110010709,0,
202110010804,0,
202110010710,0,
202110010805,0,
202110010711,0,
202110010806,0,
202110010712,0,
202110010807,0,
202110010801,0,
202110010808,0,
202110010802,0,
202110010809,0,
202110010803,0,
202110010810,0,
202110010804,0,
202110010811,0,
202110010805,0,
202110010812,0,
202110010806,0,
202110020101,0,
202110010807,0,
202110020102,0,
202110010808,0,
202110020103,0,
202110010809,0,
202110020104,0,
202110010810,0,
202110020105,0,
202110010811,0,
202110020106,0,
202110010812,0,
202110020107,0,
202110020101,0,
202110020108,0,
202110020102,0,
202110020109,0,
202110020103,0,
202110020110,0,
202110020104,0,
202110020111,0,
202110020105,0,
202110020112,0,
202110020106,0,
202110020201,0,
202110020107,0,
202110020202,0,
202110020108,0,
202110020203,0,
202110020109,0,
202110020204,0,
202110020110,0,
202110020205,0,
202110020111,0,
202110020206,0,
202110020112,0,
202110020207,0,
202110020201,0,
202110020208,0,
202110020202,0,
202110020209,0,
202110020203,0,
202110020210,0,
202110020204,0,
202110020211,0,
202110020205,0,
202110020212,0,
202110020206,0,
202110020301,0,
202110020207,0,
202110020302,0,
202110020208,0,
202110020303,0,
202110020209,0,
202110020304,0,
202110020210,0,
202110020305,0,
202110020211,0,
202110020306,0,
202110020212,0,
202110020307,0,
202110020301,0,
202110020308,0,
202110020302,0,
202110020309,0,
202110020303,0,
202110020310,0,
202110020304,0,
202110020311,0,
202110020305,0,
202110020312,0,
202110020306,0,
202110020401,0,
202110020307,0,
202110020402,0,
202110020308,0,
202110020403,0,
202110020309,0,
202110020404,0,
202110020310,0,
202110020405,0,
202110020311,0,
202110020406,0,
202110020312,0,
202110020407,0,
202110020401,0,
202110020408,0,
202110020402,0,
202110020409,0,
202110020403,0,
202110020410,0,
202110020404,0,
202110020411,0,
202110020405,0,
202110020412,0,
202110020406,0,
202110020501,0,
202110020407,0,
202110020502,0,
202110020408,0,
202110020503,0,
202110020409,0,
202110020504,0,
202110020410,0,
202110020505,0,
202110020411,0,
202110020506,0,
202110020412,0,
202110020507,0,
202110020501,0,
202110020508,0,
202110020502,0,
202110020503,0,
202110020509,0,
202110020504,0,
202110020510,0,
202110020511,0,
202110020505,0,
202110020512,0,
202110020506,0,
202110020601,0,
202110020507,0,
202110020602,0,
202110020508,0,
202110020603,0,
202110020509,0,
202110020604,0,
202110020510,0,
202110020605,0,
202110020511,0,
202110020606,0,
202110020512,0,
202110020607,0,
202110020601,0,
202110020608,0,
202110020602,0,
202110020609,0,
202110020603,0,
202110020610,0,
202110020604,0,
202110020611,0,
202110020605,0,
202110020612,0,
202110020606,0,
202110020607,0,
202110020701,0,
202110020702,0,
202110020608,0,
202110020703,0,
202110020609,0,
202110020704,0,
202110020610,0,
202110020705,0,
202110020611,0,
202110020706,0,
202110020612,0,
202110020707,0,
202110020701,0,
202110020708,0,
202110020702,0,
202110020709,0,
202110020703,0,
202110020710,0,
202110020704,0,
202110020711,0,
202110020705,0,
202110020712,0,
202110020706,0,
202110020801,0,
202110020707,0,
202110020802,0,
202110020708,0,
202110020803,0,
202110020709,0,
202110020804,0,
202110020710,0,
202110020805,0,
202110020711,0,
202110020806,0,
202110020712,0,
202110020807,0,
202110020801,0,
202110020808,0,
202110020802,0,
202110020809,0,
202110020803,0,
202110020810,0,
202110020804,0,
202110020811,0,
202110020805,0,
202110020812,0,
202110020806,0,
202110030101,0,
202110020807,0,
202110030102,0,
202110020808,0,
202110030103,0,
202110020809,0,
202110030104,0,
202110020810,0,
202110030105,0,
202110020811,0,
202110030106,0,
202110020812,0,
202110030107,0,
202110030101,0,
202110030108,0,
202110030102,0,
202110030109,0,
202110030110,0,
202110030103,0,
202110030111,0,
202110030104,0,
202110030112,0,
202110030105,0,
202110030106,0,
202110030201,0,
202110030107,0,
202110030202,0,
202110030108,0,
202110030203,0,
202110030109,0,
202110030204,0,
202110030110,0,
202110030205,0,
202110030111,0,
202110030206,0,
202110030112,0,
202110030207,0,
202110030201,0,
202110030208,0,
202110030202,0,
202110030209,0,
202110030203,0,
202110030210,0,
202110030211,0,
202110030204,0,
202110030212,0,
202110030205,0,
202110030206,0,
202110030301,0,
202110030302,0,
202110030207,0,
202110030208,0,
202110030303,0,
202110030304,0,
202110030209,0,
202110030210,0,
202110030305,0,
202110030211,0,
202110030306,0,
202110030212,0,
202110030307,0,
202110030301,0,
202110030308,0,
202110030302,0,
202110030309,0,
202110030303,0,
202110030310,0,
202110030304,0,
202110030311,0,
202110030305,0,
202110030312,0,
202110030306,0,
202110030401,0,
202110030307,0,
202110030402,0,
202110030308,0,
202110030403,0,
202110030309,0,
202110030404,0,
202110030310,0,
202110030405,0,
202110030311,0,
202110030406,0,
202110030312,0,
202110030407,0,
202110030408,0,
202110030401,0,
202110030409,0,
202110030402,0,
202110030410,0,
202110030403,0,
202110030404,0,
202110030411,0,
202110030412,0,
202110030405,0,
202110030501,0,
202110030406,0,
202110030502,0,
202110030407,0,
202110030503,0,
202110030408,0,
202110030504,0,
202110030409,0,
202110030505,0,
202110030410,0,
202110030411,0,
202110030506,0,
202110030412,0,
202110030507,0,
202110030501,0,
202110030508,0,
202110030502,0,
202110030509,0,
202110030503,0,
202110030510,0,
202110030511,0,
202110030504,0,
202110030512,0,
202110030505,0,
202110030601,0,
202110030506,0,
202110030602,0,
202110030507,0,
202110030508,0,
202110030603,0,
202110030509,0,
202110030604,0,
202110030510,0,
202110030605,0,
202110030511,0,
202110030606,0,
202110030512,0,
202110030607,0,
202110030601,0,
202110030608,0,
202110030602,0,
202110030609,0,
202110030603,0,
202110030610,0,
202110030604,0,
202110030611,0,
202110030605,0,
202110030612,0,
202110030606,0,
202110040101,0,
202110030607,0,
202110040102,0,
202110030608,0,
202110040103,0,
202110030609,0,
202110040104,0,
202110030610,0,
202110040105,0,
202110030611,0,
202110040106,0,
202110030612,0,
202110040107,0,
202110040101,0,
202110040108,0,
202110040102,0,
202110040109,0,
202110040103,0,
202110040110,0,
202110040104,0,
202110040111,0,
202110040105,0,
202110040112,0,
202110040106,0,
202110040201,0,
202110040107,0,
202110040202,0,
202110040108,0,
202110040203,0,
202110040109,0,
202110040204,0,
202110040110,0,
202110040205,0,
202110040111,0,
202110040206,0,
202110040112,0,
202110040207,0,
202110040201,0,
202110040208,0,
202110040202,0,
202110040209,0,
202110040203,0,
202110040210,0,
202110040204,0,
202110040211,0,
202110040205,0,
202110040212,0,
202110040206,0,
202110040301,0,
202110040207,0,
202110040302,0,
202110040208,0,
202110040303,0,
202110040209,0,
202110040304,0,
202110040210,0,
202110040305,0,
202110040211,0,
202110040306,0,
202110040212,0,
202110040307,0,
202110040301,0,
202110040308,0,
202110040302,0,
202110040309,0,
202110040303,0,
202110040310,0,
202110040304,0,
202110040311,0,
202110040305,0,
202110040312,0,
202110040306,0,
202110040401,0,
202110040307,0,
202110040402,0,
202110040308,0,
202110040403,0,
202110040309,0,
202110040404,0,
202110040310,0,
202110040405,0,
202110040311,0,
202110040406,0,
202110040312,0,
202110040407,0,
202110040401,0,
202110040408,0,
202110040402,0,
202110040409,0,
202110040403,0,
202110040410,0,
202110040404,0,
202110040411,0,
202110040405,0,
202110040412,0,
202110040406,0,
202110040501,0,
202110040407,0,
202110040502,0,
202110040408,0,
202110040503,0,
202110040409,0,
202110040504,0,
202110040410,0,
202110040505,0,
202110040411,0,
202110040506,0,
202110040507,0,
202110040412,0,
202110040501,0,
202110040508,0,
202110040502,0,
202110040509,0,
202110040503,0,
202110040510,0,
202110040504,0,
202110040511,0,
202110040505,0,
202110040512,0,
202110040506,0,
202110040601,0,
202110040507,0,
202110040602,0,
202110040508,0,
202110040603,0,
202110040509,0,
202110040604,0,
202110040510,0,
202110040605,0,
202110040511,0,
202110040606,0,
202110040512,0,
202110040607,0,
202110040601,0,
202110040608,0,
202110040602,0,
202110040609,0,
202110040603,0,
202110040610,0,
202110040604,0,
202110040611,0,
202110040605,0,
202110040612,0,
202110040606,0,
202110040701,0,
202110040607,0,
202110040702,0,
202110040608,0,
202110040703,0,
202110040609,0,
202110040704,0,
202110040610,0,
202110040705,0,
202110040611,0,
202110040706,0,
202110040612,0,
202110040707,0,
202110040701,0,
202110040708,0,
202110040702,0,
202110040709,0,
202110040703,0,
202110040710,0,
202110040704,0,
202110040711,0,
202110040705,0,
202110040712,0,
202110040706,0,
202110040801,0,
202110040707,0,
202110040802,0,
202110040708,0,
202110040803,0,
202110040709,0,
202110040804,0,
202110040710,0,
202110040805,0,
202110040711,0,
202110040806,0,
202110040712,0,
202110040807,0,
202110040801,0,
202110040808,0,
202110040802,0,
202110040809,0,
202110040803,0,
202110040810,0,
202110040804,0,
202110040811,0,
202110040805,0,
202110040812,0,
202110040806,0,
202201010101,0,
202110040807,0,
202201010102,0,
202110040808,0,
202201010103,0,
202110040809,0,
202201010104,0,
202201010105,0,
202110040810,0,
202201010106,0,
202110040811,0,
202201010107,0,
202110040812,0,
202201010108,0,
202201010101,0,
202201010109,0,
202201010102,0,
202201010110,0,
202201010103,0,
202201010111,0,
202201010104,0,
202201010112,0,
202201010105,0,
202201010201,0,
202201010106,0,
202201010202,0,
202201010107,0,
202201010203,0,
202201010108,0,
202201010204,0,
202201010109,0,
202201010205,0,
202201010110,0,
202201010111,0,
202201010206,0,
202201010112,0,
202201010207,0,
202201010201,0,
202201010208,0,
202201010202,0,
202201010209,0,
202201010203,0,
202201010210,0,
202201010204,0,
202201010211,0,
202201010212,0,
202201010205,0,
202201010301,0,
202201010206,0,
202201010207,0,
202201010302,0,
202201010303,0,
202201010208,0,
202201010304,0,
202201010209,0,
202201010305,0,
202201010210,0,
202201010306,0,
202201010211,0,
202201010307,0,
202201010212,0,
202201010308,0,
202201010301,0,
202201010309,0,
202201010302,0,
202201010310,0,
202201010303,0,
202201010304,0,
202201010311,0,
202201010305,0,
202201010312,0,
202201010306,0,
202201010401,0,
202201010307,0,
202201010402,0,
202201010308,0,
202201010403,0,
202201010309,0,
202201010404,0,
202201010310,0,
202201010405,0,
202201010311,0,
202201010406,0,
202201010312,0,
202201010407,0,
202201010401,0,
202201010408,0,
202201010402,0,
202201010409,0,
202201010403,0,
202201010410,0,
202201010404,0,
202201010411,0,
202201010405,0,
202201010412,0,
202201010406,0,
202201010501,0,
202201010407,0,
202201010502,0,
202201010408,0,
202201010503,0,
202201010409,0,
202201010504,0,
202201010410,0,
202201010505,0,
202201010411,0,
202201010506,0,
202201010412,0,
202201010507,0,
202201010501,0,
202201010508,0,
202201010502,0,
202201010509,0,
202201010503,0,
202201010510,0,
202201010504,0,
202201010511,0,
202201010505,0,
202201010512,0,
202201010506,0,
202201010601,0,
202201010507,0,
202201010602,0,
202201010508,0,
202201010603,0,
202201010509,0,
202201010604,0,
202201010510,0,
202201010605,0,
202201010511,0,
202201010606,0,
202201010512,0,
202201010607,0,
202201010601,0,
202201010608,0,
202201010602,0,
202201010609,0,
202201010603,0,
202201010610,0,
202201010604,0,
202201010611,0,
202201010605,0,
202201010612,0,
202201010606,0,
202201020101,0,
202201010607,0,
202201020102,0,
202201010608,0,
202201020103,0,
202201010609,0,
202201020104,0,
202201010610,0,
202201020105,0,
202201010611,0,
202201010612,0,
202201020106,0,
202201020101,0,
202201020102,0,
202201020108,0,
202201020109,0,
202201020103,0,
202201020104,0,
202201020110,0,
202201020111,0,
202201020105,0,
202201020106,0,
202201020112,0,
202201020201,0,
202201020107,0,
202201020202,0,
202201020108,0,
202201020203,0,
202201020109,0,
202201020204,0,
202201020110,0,
202201020205,0,
202201020111,0,
202201020206,0,
202201020112,0,
202201020207,0,
202201020201,0,
202201020208,0,
202201020202,0,
202201020209,0,
202201020203,0,
202201020210,0,
202201020204,0,
202201020211,0,
202201020205,0,
202201020212,0,
202201020206,0,
202201020301,0,
202201020207,0,
202201020302,0,
202201020208,0,
202201020303,0,
202201020209,0,
202201020304,0,
202201020210,0,
202201020305,0,
202201020211,0,
202201020306,0,
202201020212,0,
202201020307,0,
202201020301,0,
202201020308,0,
202201020302,0,
202201020309,0,
202201020303,0,
202201020310,0,
202201020304,0,
202201020311,0,
202201020305,0,
202201020312,0,
202201020306,0,
202201020401,0,
202201020307,0,
202201020402,0,
202201020308,0,
202201020403,0,
202201020309,0,
202201020404,0,
202201020310,0,
202201020405,0,
202201020311,0,
202201020406,0,
202201020312,0,
202201020407,0,
202201020401,0,
202201020408,0,
202201020402,0,
202201020409,0,
202201020403,0,
202201020410,0,
202201020404,0,
202201020411,0,
202201020405,0,
202201020412,0,
202201020406,0,
202201020501,0,
202201020407,0,
202201020502,0,
202201020408,0,
202201020503,0,
202201020409,0,
202201020504,0,
202201020410,0,
202201020505,0,
202201020411,0,
202201020506,0,
202201020412,0,
202201020507,0,
202201020501,0,
202201020508,0,
202201020502,0,
202201020509,0,
202201020503,0,
202201020510,0,
202201020504,0,
202201020511,0,
202201020505,0,
202201020512,0,
202201020506,0,
202201020601,0,
202201020507,0,
202201020602,0,
202201020508,0,
202201020603,0,
202201020509,0,
202201020604,0,
202201020510,0,
202201020605,0,
202201020511,0,
202201020606,0,
202201020512,0,
202201020607,0,
202201020601,0,
202201020608,0,
202201020602,0,
202201020609,0,
202201020603,0,
202201020610,0,
202201020604,0,
202201020605,0,
202201020611,0,
202201020612,0,
202201020606,0,
202201020701,0,
202201020607,0,
202201020702,0,
202201020608,0,
202201020703,0,
202201020609,0,
202201020704,0,
202201020610,0,
202201020705,0,
202201020611,0,
202201020706,0,
202201020612,0,
202201020707,0,
202201020701,0,
202201020708,0,
202201020702,0,
202201020709,0,
202201020703,0,
202201020710,0,
202201020704,0,
202201020711,0,
202201020705,0,
202201020712,0,
202201020706,0,
202201020801,0,
202201020707,0,
202201020802,0,
202201020708,0,
202201020803,0,
202201020709,0,
202201020804,0,
202201020710,0,
202201020805,0,
202201020711,0,
202201020806,0,
202201020712,0,
202201020807,0,
202201020801,0,
202201020808,0,
202201020802,0,
202201020809,0,
202201020803,0,
202201020810,0,
202201020804,0,
202201020811,0,
202201020805,0,
202201020812,0,
202201020806,0,
202202010101,0,
202201020807,0,
202201020808,0,
202202010102,0,
202202010103,0,
202201020809,0,
202202010104,0,
202201020810,0,
202202010105,0,
202201020811,0,
202201020812,0,
202202010106,0,
202202010107,0,
202202010101,0,
202202010108,0,
202202010102,0,
202202010109,0,
202202010103,0,
202202010110,0,
202202010104,0,
202202010111,0,
202202010105,0,
202202010112,0,
202202010106,0,
202202010201,0,
202202010107,0,
202202010202,0,
202202010108,0,
202202010203,0,
202202010109,0,
202202010204,0,
202202010110,0,
202202010111,0,
202202010205,0,
202202010112,0,
202202010206,0,
202202010201,0,
202202010207,0,
202202010202,0,
202202010208,0,
202202010203,0,
202202010209,0,
202202010204,0,
202202010210,0,
202202010205,0,
202202010211,0,
202202010206,0,
202202010212,0,
202202010207,0,
202202010301,0,
202202010208,0,
202202010302,0,
202202010209,0,
202202010303,0,
202202010210,0,
202202010304,0,
202202010211,0,
202202010305,0,
202202010212,0,
202202010306,0,
202202010301,0,
202202010307,0,
202202010302,0,
202202010308,0,
202202010303,0,
202202010309,0,
202202010304,0,
202202010310,0,
202202010305,0,
202202010311,0,
202202010306,0,
202202010312,0,
202202010307,0,
202202010401,0,
202202010308,0,
202202010402,0,
202202010309,0,
202202010403,0,
202202010310,0,
202202010404,0,
202202010311,0,
202202010405,0,
202202010312,0,
202202010406,0,
202202010401,0,
202202010407,0,
202202010402,0,
202202010408,0,
202202010403,0,
202202010409,0,
202202010404,0,
202202010410,0,
202202010405,0,
202202010411,0,
202202010406,0,
202202010412,0,
202202010407,0,
202202010501,0,
202202010408,0,
202202010502,0,
202202010409,0,
202202010503,0,
202202010410,0,
202202010504,0,
202202010411,0,
202202010505,0,
202202010412,0,
202202010506,0,
202202010501,0,
202202010507,0,
202202010502,0,
202202010508,0,
202202010503,0,
202202010509,0,
202202010504,0,
202202010510,0,
202202010505,0,
202202010511,0,
202202010506,0,
202202010512,0,
202202010507,0,
202202010601,0,
202202010508,0,
202202010602,0,
202202010509,0,
202202010603,0,
202202010510,0,
202202010604,0,
202202010511,0,
202202010605,0,
202202010512,0,
202202010606,0,
202202010601,0,
202202010607,0,
202202010602,0,
202202010608,0,
202202010603,0,
202202010609,0,
202202010604,0,
202202010610,0,
202202010605,0,
202202010611,0,
202202010606,0,
202202010612,0,
202202010607,0,
202202010701,0,
202202010608,0,
202202010702,0,
202202010609,0,
202202010703,0,
202202010610,0,
202202010704,0,
202202010611,0,
202202010705,0,
202202010612,0,
202202010706,0,
202202010701,0,
202202010707,0,
202202010702,0,
202202010703,0,
202202010708,0,
202202010704,0,
202202010709,0,
202202010705,0,
202202010710,0,
202202010706,0,
202202010711,0,
202202010707,0,
202202010712,0,
202202010708,0,
202202010801,0,
202202010709,0,
202202010802,0,
202202010710,0,
202202010803,0,
202202010711,0,
202202010804,0,
202202010712,0,
202202010805,0,
202202010801,0,
202202010806,0,
202202010802,0,
202202010807,0,
202202010803,0,
202202010808,0,
202202010804,0,
202202010809,0,
202202010805,0,
202202010810,0,
202202010806,0,
202202010811,0,
202202010807,0,
202202010812,0,
202202010808,0,
202202010901,0,
202202010809,0,
202202010902,0,
202202010810,0,
202202010903,0,
202202010811,0,
202202010904,0,
202202010812,0,
202202010905,0,
202202010901,0,
202202010906,0,
202202010902,0,
202202010907,0,
202202010903,0,
202202010908,0,
202202010904,0,
202202010909,0,
202202010905,0,
202202010910,0,
202202010906,0,
202202010911,0,
202202010907,0,
202202010912,0,
202202010908,0,
202202011001,0,
202202010909,0,
202202011002,0,
202202010910,0,
202202011003,0,
202202010911,0,
202202011004,0,
202202010912,0,
202202011005,0,
202202011001,0,
202202011006,0,
202202011002,0,
202202011007,0,
202202011003,0,
202202011008,0,
202202011004,0,
202202011009,0,
202202011005,0,
202202011010,0,
202202011006,0,
202202011011,0,
202202011007,0,
202202011012,0,
202202011008,0,
202202011101,0,
202202011009,0,
202202011102,0,
202202011010,0,
202202011103,0,
202202011011,0,
202202011104,0,
202202011012,0,
202202011105,0,
202202011101,0,
202202011106,0,
202202011102,0,
202202011107,0,
202202011108,0,
202202011103,0,
202202011104,0,
202202011109,0,
202202011105,0,
202202011110,0,
202202011106,0,
202202011111,0,
202202011107,0,
202202011112,0,
202202011108,0,
202202011201,0,
202202011109,0,
202202011202,0,
202202011110,0,
202202011203,0,
202202011111,0,
202202011204,0,
202202011112,0,
202202011205,0,
202202011201,0,
202202011206,0,
202202011202,0,
202202011207,0,
202202011203,0,
202202011208,0,
202202011204,0,
202202011209,0,
202202011205,0,
202202011210,0,
202202011206,0,
202202011211,0,
202202011207,0,
202202011212,0,
202202011208,0,
202203010101,0,
202202011209,0,
202203010102,0,
202202011210,0,
202203010103,0,
202202011211,0,
202203010104,0,
202202011212,0,
202203010105,0,
202203010101,0,
202203010106,0,
202203010102,0,
202203010107,0,
202203010103,0,
202203010108,0,
202203010104,0,
202203010109,0,
202203010105,0,
202203010110,0,
202203010106,0,
202203010111,0,
202203010107,0,
202203010112,0,
202203010108,0,
202203010201,0,
202203010109,0,
202203010202,0,
202203010110,0,
202203010203,0,
202203010111,0,
202203010204,0,
202203010112,0,
202203010205,0,
202203010201,0,
202203010206,0,
202203010202,0,
202203010207,0,
202203010203,0,
202203010208,0,
202203010204,0,
202203010209,0,
202203010205,0,
202203010210,0,
202203010206,0,
202203010211,0,
202203010207,0,
202203010212,0,
202203010208,0,
202203010301,0,
202203010209,0,
202203010302,0,
202203010210,0,
202203010303,0,
202203010211,0,
202203010304,0,
202203010212,0,
202203010305,0,
202203010301,0,
202203010306,0,
202203010302,0,
202203010307,0,
202203010303,0,
202203010308,0,
202203010304,0,
202203010309,0,
202203010305,0,
202203010310,0,
202203010306,0,
202203010311,0,
202203010307,0,
202203010312,0,
202203010308,0,
202203010401,0,
202203010309,0,
202203010402,0,
202203010310,0,
202203010403,0,
202203010311,0,
202203010404,0,
202203010312,0,
202203010405,0,
202203010401,0,
202203010406,0,
202203010402,0,
202203010407,0,
202203010403,0,
202203010408,0,
202203010404,0,
202203010409,0,
202203010405,0,
202203010410,0,
202203010406,0,
202203010411,0,
202203010407,0,
202203010412,0,
202203010408,0,
202203010501,0,
202203010409,0,
202203010502,0,
202203010410,0,
202203010503,0,
202203010411,0,
202203010504,0,
202203010412,0,
202203010505,0,
202203010501,0,
202203010506,0,
202203010502,0,
202203010507,0,
202203010503,0,
202203010508,0,
202203010504,0,
202203010509,0,
202203010505,0,
202203010510,0,
202203010506,0,
202203010511,0,
202203010507,0,
202203010512,0,
202203010508,0,
202203010601,0,
202203010509,0,
202203010602,0,
202203010510,0,
202203010603,0,
202203010511,0,
202203010604,0,
202203010512,0,
202203010605,0,
202203010601,0,
202203010606,0,
202203010602,0,
202203010603,0,
202203010607,0,
202203010604,0,
202203010608,0,
202203010605,0,
202203010609,0,
202203010606,0,
202203010610,0,
202203010607,0,
202203010611,0,
202203010608,0,
202203010612,0,
202203010609,0,
202203020101,0,
202203010610,0,
202203020102,0,
202203010611,0,
202203020103,0,
202203010612,0,
202203020104,0,
202203020101,0,
202203020105,0,
202203020102,0,
202203020106,0,
202203020103,0,
202203020107,0,
202203020104,0,
202203020108,0,
202203020105,0,
202203020109,0,
202203020106,0,
202203020110,0,
202203020107,0,
202203020111,0,
202203020108,0,
202203020112,0,
202203020201,0,
202203020109,0,
202203020202,0,
202203020110,0,
202203020111,0,
202203020203,0,
202203020112,0,
202203020204,0,
202203020201,0,
202203020205,0,
202203020202,0,
202203020206,0,
202203020203,0,
202203020207,0,
202203020204,0,
202203020208,0,
202203020205,0,
202203020209,0,
202203020206,0,
202203020210,0,
202203020207,0,
202203020211,0,
202203020208,0,
202203020212,0,
202203020209,0,
202203020301,0,
202203020302,0,
202203020210,0,
202203020303,0,
202203020211,0,
202203020304,0,
202203020212,0,
202203020305,0,
202203020301,0,
202203020306,0,
202203020302,0,
202203020303,0,
202203020307,0,
202203020304,0,
202203020308,0,
202203020305,0,
202203020309,0,
202203020306,0,
202203020310,0,
202203020311,0,
202203020307,0,
202203020312,0,
202203020308,0,
202203020401,0,
202203020309,0,
202203020402,0,
202203020310,0,
202203020403,0,
202203020311,0,
202203020404,0,
202203020312,0,
202203020405,0,
202203020401,0,
202203020406,0,
202203020402,0,
202203020407,0,
202203020403,0,
202203020408,0,
202203020404,0,
202203020409,0,
202203020405,0,
202203020410,0,
202203020406,0,
202203020411,0,
202203020407,0,
202203020412,0,
202203020408,0,
202203020501,0,
202203020409,0,
202203020502,0,
202203020410,0,
202203020503,0,
202203020411,0,
202203020504,0,
202203020412,0,
202203020505,0,
202203020501,0,
202203020506,0,
202203020502,0,
202203020507,0,
202203020503,0,
202203020508,0,
202203020504,0,
202203020509,0,
202203020505,0,
202203020510,0,
202203020506,0,
202203020511,0,
202203020507,0,
202203020512,0,
202203020508,0,
202203020601,0,
202203020509,0,
202203020602,0,
202203020510,0,
202203020603,0,
202203020511,0,
202203020604,0,
202203020512,0,
202203020605,0,
202203020601,0,
202203020606,0,
202203020602,0,
202203020607,0,
202203020603,0,
202203020608,0,
202203020604,0,
202203020609,0,
202203020605,0,
202203020610,0,
202203020606,0,
202203020611,0,
202203020607,0,
202203020612,0,
202203020608,0,
202203020701,0,
202203020609,0,
202203020702,0,
202203020610,0,
202203020611,0,
202203020703,0,
202203020704,0,
202203020612,0,
202203020705,0,
202203020701,0,
202203020706,0,
202203020702,0,
202203020707,0,
202203020703,0,
202203020708,0,
202203020704,0,
202203020709,0,
202203020705,0,
202203020710,0,
202203020706,0,
202203020711,0,
202203020707,0,
202203020712,0,
202203020708,0,
202203020801,0,
202203020709,0,
202203020802,0,
202203020710,0,
202203020803,0,
202203020711,0,
202203020804,0,
202203020712,0,
202203020805,0,
202203020801,0,
202203020806,0,
202203020802,0,
202203020807,0,
202203020803,0,
202203020808,0,
202203020804,0,
202203020809,0,
202203020805,0,
202203020810,0,
202203020806,0,
202203020807,0,
202203020811,0,
202203020808,0,
202203020812,0,
202203020809,0,
202203030101,0,
202203020810,0,
202203030102,0,
202203030103,0,
202203020811,0,
202203020812,0,
202203030104,0,
202203030101,0,
202203030105,0,
202203030102,0,
202203030106,0,
202203030103,0,
202203030107,0,
202203030104,0,
202203030108,0,
202203030105,0,
202203030109,0,
202203030106,0,
202203030110,0,
202203030107,0,
202203030111,0,
202203030108,0,
202203030112,0,
202203030109,0,
202203030201,0,
202203030110,0,
202203030202,0,
202203030111,0,
202203030203,0,
202203030112,0,
202203030204,0,
202203030201,0,
202203030205,0,
202203030202,0,
202203030206,0,
202203030203,0,
202203030207,0,
202203030204,0,
202203030208,0,
202203030205,0,
202203030209,0,
202203030206,0,
202203030210,0,
202203030207,0,
202203030211,0,
202203030208,0,
202203030209,0,
202203030212,0,
202203030210,0,
202203030301,0,
202203030211,0,
202203030302,0,
202203030212,0,
202203030303,0,
202203030301,0,
202203030304,0,
202203030302,0,
202203030305,0,
202203030303,0,
202203030306,0,
202203030307,0,
202203030304,0,
202203030308,0,
202203030305,0,
202203030309,0,
202203030306,0,
202203030310,0,
202203030307,0,
202203030311,0,
202203030308,0,
202203030312,0,
202203030309,0,
202203030401,0,
202203030310,0,
202203030402,0,
202203030311,0,
202203030403,0,
202203030312,0,
202203030404,0,
202203030401,0,
202203030405,0,
202203030402,0,
202203030406,0,
202203030403,0,
202203030407,0,
202203030404,0,
202203030408,0,
202203030405,0,
202203030409,0,
202203030406,0,
202203030410,0,
202203030407,0,
202203030411,0,
202203030408,0,
202203030412,0,
202203030409,0,
202203030501,0,
202203030410,0,
202203030502,0,
202203030411,0,
202203030503,0,
202203030412,0,
202203030504,0,
202203030501,0,
202203030505,0,
202203030502,0,
202203030506,0,
202203030503,0,
202203030507,0,
202203030504,0,
202203030508,0,
202203030505,0,
202203030509,0,
202203030506,0,
202203030510,0,
202203030507,0,
202203030511,0,
202203030508,0,
202203030512,0,
202203030509,0,
202203030601,0,
202203030510,0,
202203030602,0,
202203030511,0,
202203030603,0,
202203030512,0,
202203030604,0,
202203030601,0,
202203030605,0,
202203030602,0,
202203030606,0,
202203030603,0,
202203030607,0,
202203030604,0,
202203030608,0,
202203030605,0,
202203030609,0,
202203030606,0,
202203030610,0,
202203030607,0,
202203030611,0,
202203030608,0,
202203030612,0,
202203030609,0,
202204010101,0,
202203030610,0,
202204010102,0,
202203030611,0,
202204010103,0,
202203030612,0,
202204010104,0,
202204010101,0,
202204010105,0,
202204010102,0,
202204010106,0,
202204010107,0,
202204010103,0,
202204010108,0,
202204010104,0,
202204010105,0,
202204010109,0,
202204010106,0,
202204010110,0,
202204010111,0,
202204010107,0,
202204010108,0,
202204010112,0,
202204010201,0,
202204010109,0,
202204010110,0,
202204010202,0,
202204010111,0,
202204010203,0,
202204010204,0,
202204010112,0,
202204010205,0,
202204010201,0,
202204010206,0,
202204010202,0,
202204010207,0,
202204010203,0,
202204010208,0,
202204010204,0,
202204010209,0,
202204010205,0,
202204010210,0,
202204010206,0,
202204010211,0,
202204010207,0,
202204010212,0,
202204010208,0,
202204010301,0,
202204010209,0,
202204010302,0,
202204010210,0,
202204010303,0,
202204010211,0,
202204010304,0,
202204010212,0,
202204010305,0,
202204010301,0,
202204010306,0,
202204010302,0,
202204010307,0,
202204010303,0,
202204010308,0,
202204010304,0,
202204010309,0,
202204010305,0,
202204010310,0,
202204010306,0,
202204010311,0,
202204010307,0,
202204010312,0,
202204010308,0,
202204010401,0,
202204010309,0,
202204010402,0,
202204010310,0,
202204010403,0,
202204010311,0,
202204010404,0,
202204010312,0,
202204010405,0,
202204010401,0,
202204010406,0,
202204010402,0,
202204010407,0,
202204010403,0,
202204010408,0,
202204010404,0,
202204010409,0,
202204010405,0,
202204010410,0,
202204010406,0,
202204010411,0,
202204010407,0,
202204010412,0,
202204010408,0,
202204010501,0,
202204010409,0,
202204010502,0,
202204010410,0,
202204010503,0,
202204010411,0,
202204010504,0,
202204010412,0,
202204010505,0,
202204010501,0,
202204010506,0,
202204010502,0,
202204010507,0,
202204010503,0,
202204010508,0,
202204010504,0,
202204010509,0,
202204010505,0,
202204010510,0,
202204010506,0,
202204010511,0,
202204010507,0,
202204010512,0,
202204010508,0,
202204010601,0,
202204010509,0,
202204010602,0,
202204010510,0,
202204010603,0,
202204010511,0,
202204010604,0,
202204010605,0,
202204010512,0,
202204010606,0,
202204010601,0,
202204010602,0,
202204010607,0,
202204010608,0,
202204010603,0,
202204010604,0,
202204010609,0,
202204010605,0,
202204010610,0,
202204010606,0,
202204010611,0,
202204010612,0,
202204010607,0,
202204010701,0,
202204010608,0,
202204010702,0,
202204010609,0,
202204010703,0,
202204010610,0,
202204010704,0,
202204010611,0,
202204010705,0,
202204010612,0,
202204010701,0,
202204010706,0,
202204010702,0,
202204010707,0,
202204010708,0,
202204010703,0,
202204010709,0,
202204010704,0,
202204010710,0,
202204010705,0,
202204010711,0,
202204010706,0,
202204010712,0,
202204010707,0,
202204010801,0,
202204010708,0,
202204010802,0,
202204010709,0,
202204010803,0,
202204010710,0,
202204010804,0,
202204010711,0,
202204010805,0,
202204010712,0,
202204010801,0,
202204010806,0,
202204010802,0,
202204010807,0,
202204010803,0,
202204010808,0,
202204010804,0,
202204010809,0,
202204010805,0,
202204010810,0,
202204010806,0,
202204010811,0,
202204010807,0,
202204010812,0,
202204010808,0,
202204020101,0,
202204010809,0,
202204020102,0,
202204010810,0,
202204020103,0,
202204010811,0,
202204020104,0,
202204010812,0,
202204020105,0,
202204020101,0,
202204020106,0,
202204020102,0,
202204020107,0,
202204020103,0,
202204020108,0,
202204020104,0,
202204020109,0,
202204020105,0,
202204020110,0,
202204020106,0,
202204020111,0,
202204020107,0,
202204020112,0,
202204020108,0,
202204020201,0,
202204020109,0,
202204020202,0,
202204020110,0,
202204020203,0,
202204020111,0,
202204020204,0,
202204020112,0,
202204020205,0,
202204020201,0,
202204020206,0,
202204020202,0,
202204020207,0,
202204020203,0,
202204020208,0,
202204020204,0,
202204020209,0,
202204020205,0,
202204020210,0,
202204020206,0,
202204020211,0,
202204020207,0,
202204020212,0,
202204020208,0,
202204020301,0,
202204020209,0,
202204020302,0,
202204020210,0,
202204020303,0,
202204020211,0,
202204020304,0,
202204020212,0,
202204020305,0,
202204020301,0,
202204020306,0,
202204020302,0,
202204020307,0,
202204020303,0,
202204020308,0,
202204020309,0,
202204020304,0,
202204020305,0,
202204020310,0,
202204020306,0,
202204020311,0,
202204020307,0,
202204020312,0,
202204020308,0,
202204020401,0,
202204020309,0,
202204020402,0,
202204020310,0,
202204020403,0,
202204020311,0,
202204020404,0,
202204020312,0,
202204020405,0,
202204020401,0,
202204020406,0,
202204020402,0,
202204020407,0,
202204020403,0,
202204020408,0,
202204020404,0,
202204020409,0,
202204020405,0,
202204020410,0,
202204020406,0,
202204020411,0,
202204020407,0,
202204020412,0,
202204020408,0,
202204030101,0,
202204020409,0,
202204030102,0,
202204020410,0,
202204030103,0,
202204020411,0,
202204030104,0,
202204020412,0,
202204030105,0,
202204030101,0,
202204030106,0,
202204030102,0,
202204030107,0,
202204030103,0,
202204030108,0,
202204030104,0,
202204030109,0,
202204030105,0,
202204030110,0,
202204030106,0,
202204030111,0,
202204030107,0,
202204030112,0,
202204030108,0,
202204030201,0,
202204030109,0,
202204030202,0,
202204030110,0,
202204030203,0,
202204030111,0,
202204030204,0,
202204030112,0,
202204030205,0,
202204030201,0,
202204030202,0,
202204030206,0,
202204030203,0,
202204030207,0,
202204030204,0,
202204030208,0,
202204030205,0,
202204030209,0,
202204030206,0,
202204030210,0,
202204030207,0,
202204030211,0,
202204030212,0,
202204030208,0,
202204030301,0,
202204030209,0,
202204030302,0,
202204030210,0,
202204030303,0,
202204030211,0,
202204030304,0,
202204030212,0,
202204030305,0,
202204030301,0,
202204030306,0,
202204030302,0,
202204030307,0,
202204030303,0,
202204030308,0,
202204030304,0,
202204030305,0,
202204030309,0,
202204030310,0,
202204030306,0,
202204030311,0,
202204030307,0,
202204030308,0,
202204030312,0,
202204030309,0,
202204030401,0,
202204030310,0,
202204030402,0,
202204030403,0,
202204030311,0,
202204030404,0,
202204030312,0,
202204030405,0,
202204030401,0,
202204030406,0,
202204030402,0,
202204030403,0,
202204030407,0,
202204030404,0,
202204030408,0,
202204030405,0,
202204030409,0,
202204030406,0,
202204030410,0,
202204030407,0,
202204030411,0,
202204030412,0,
202204030408,0,
202204030501,0,
202204030409,0,
202204030410,0,
202204030502,0,
202204030411,0,
202204030503,0,
202204030412,0,
202204030504,0,
202204030501,0,
202204030505,0,
202204030502,0,
202204030506,0,
202204030503,0,
202204030507,0,
202204030504,0,
202204030508,0,
202204030505,0,
202204030509,0,
202204030506,0,
202204030510,0,
202204030507,0,
202204030511,0,
202204030508,0,
202204030512,0,
202204030509,0,
202204030601,0,
202204030510,0,
202204030602,0,
202204030511,0,
202204030603,0,
202204030512,0,
202204030604,0,
202204030601,0,
202204030605,0,
202204030602,0,
202204030606,0,
202204030603,0,
202204030607,0,
202204030604,0,
202204030608,0,
202204030605,0,
202204030609,0,
202204030606,0,
202204030610,0,
202204030607,0,
202204030611,0,
202204030608,0,
202204030612,0,
202204030609,0,
202204030701,0,
202204030610,0,
202204030702,0,
202204030611,0,
202204030703,0,
202204030612,0,
202204030704,0,
202204030701,0,
202204030705,0,
202204030702,0,
202204030706,0,
202204030703,0,
202204030707,0,
202204030704,0,
202204030708,0,
202204030705,0,
202204030709,0,
202204030706,0,
202204030710,0,
202204030707,0,
202204030711,0,
202204030708,0,
202204030712,0,
202204030709,0,
202204030801,0,
202204030710,0,
202204030802,0,
202204030711,0,
202204030803,0,
202204030712,0,
202204030804,0,
202204030801,0,
202204030805,0,
202204030802,0,
202204030806,0,
202204030803,0,
202204030807,0,
202204030804,0,
202204030808,0,
202204030805,0,
202204030809,0,
202204030806,0,
202204030810,0,
202204030807,0,
202204030811,0,
202204030808,0,
202204030812,0,
202204030809,0,
202204030810,0,
202204040101,0,
202204030811,0,
202204040102,0,
202204030812,0,
202204040103,0,
202204040101,0,
202204040104,0,
202204040102,0,
202204040105,0,
202204040103,0,
202204040106,0,
202204040104,0,
202204040107,0,
202204040105,0,
202204040108,0,
202204040106,0,
202204040109,0,
202204040110,0,
202204040107,0,
202204040111,0,
202204040108,0,
202204040112,0,
202204040109,0,
202204040201,0,
202204040110,0,
202204040202,0,
202204040111,0,
202204040203,0,
202204040112,0,
202204040204,0,
202204040201,0,
202204040205,0,
202204040202,0,
202204040206,0,
202204040203,0,
202204040207,0,
202204040204,0,
202204040208,0,
202204040205,0,
202204040209,0,
202204040206,0,
202204040210,0,
202204040207,0,
202204040211,0,
202204040208,0,
202204040212,0,
202204040209,0,
202204040301,0,
202204040210,0,
202204040302,0,
202204040211,0,
202204040303,0,
202204040212,0,
202204040304,0,
202204040301,0,
202204040305,0,
202204040302,0,
202204040306,0,
202204040303,0,
202204040307,0,
202204040304,0,
202204040308,0,
202204040305,0,
202204040309,0,
202204040306,0,
202204040310,0,
202204040307,0,
202204040311,0,
202204040308,0,
202204040312,0,
202204040309,0,
202204040401,0,
202204040310,0,
202204040402,0,
202204040311,0,
202204040403,0,
202204040312,0,
202204040404,0,
202204040401,0,
202204040405,0,
202204040402,0,
202204040406,0,
202204040403,0,
202204040407,0,
202204040404,0,
202204040408,0,
202204040405,0,
202204040409,0,
202204040406,0,
202204040410,0,
202204040407,0,
202204040411,0,
202204040408,0,
202204040412,0,
202204040409,0,
202204040501,0,
202204040410,0,
202204040502,0,
202204040411,0,
202204040503,0,
202204040412,0,
202204040504,0,
202204040501,0,
202204040505,0,
202204040502,0,
202204040506,0,
202204040503,0,
202204040507,0,
202204040504,0,
202204040508,0,
202204040505,0,
202204040509,0,
202204040506,0,
202204040510,0,
202204040507,0,
202204040511,0,
202204040508,0,
202204040512,0,
202204040509,0,
202204040601,0,
202204040510,0,
202204040602,0,
202204040511,0,
202204040603,0,
202204040512,0,
202204040604,0,
202204040601,0,
202204040605,0,
202204040602,0,
202204040606,0,
202204040603,0,
202204040607,0,
202204040604,0,
202204040608,0,
202204040605,0,
202204040609,0,
202204040606,0,
202204040610,0,
202204040607,0,
202204040611,0,
202204040608,0,
202204040612,0,
202204040609,0,
202205010101,0,
202204040610,0,
202205010102,0,
202204040611,0,
202205010103,0,
202204040612,0,
202205010104,0,
202205010101,0,
202205010105,0,
202205010102,0,
202205010106,0,
202205010103,0,
202205010107,0,
202205010104,0,
202205010108,0,
202205010105,0,
202205010109,0,
202205010106,0,
202205010110,0,
202205010107,0,
202205010111,0,
202205010108,0,
202205010112,0,
202205010109,0,
202205010201,0,
202205010110,0,
202205010202,0,
202205010111,0,
202205010203,0,
202205010112,0,
202205010204,0,
202205010201,0,
202205010205,0,
202205010202,0,
202205010206,0,
202205010203,0,
202205010207,0,
202205010204,0,
202205010208,0,
202205010205,0,
202205010209,0,
202205010206,0,
202205010210,0,
202205010207,0,
202205010211,0,
202205010208,0,
202205010212,0,
202205010209,0,
202205010301,0,
202205010210,0,
202205010302,0,
202205010211,0,
202205010303,0,
202205010212,0,
202205010304,0,
202205010301,0,
202205010305,0,
202205010302,0,
202205010306,0,
202205010303,0,
202205010307,0,
202205010304,0,
202205010308,0,
202205010305,0,
202205010309,0,
202205010306,0,
202205010310,0,
202205010307,0,
202205010311,0,
202205010308,0,
202205010312,0,
202205010309,0,
202205010401,0,
202205010310,0,
202205010402,0,
202205010311,0,
202205010403,0,
202205010312,0,
202205010404,0,
202205010401,0,
202205010405,0,
202205010402,0,
202205010406,0,
202205010403,0,
202205010407,0,
202205010404,0,
202205010408,0,
202205010405,0,
202205010409,0,
202205010406,0,
202205010410,0,
202205010407,0,
202205010411,0,
202205010408,0,
202205010412,0,
202205010409,0,
202205010501,0,
202205010410,0,
202205010502,0,
202205010411,0,
202205010503,0,
202205010412,0,
202205010504,0,
202205010505,0,
202205010501,0,
202205010506,0,
202205010502,0,
202205010507,0,
202205010503,0,
202205010508,0,
202205010504,0,
202205010509,0,
202205010505,0,
202205010510,0,
202205010506,0,
202205010511,0,
202205010507,0,
202205010512,0,
202205010508,0,
202205010601,0,
202205010509,0,
202205010602,0,
202205010510,0,
202205010603,0,
202205010511,0,
202205010604,0,
202205010512,0,
202205010605,0,
202205010601,0,
202205010606,0,
202205010602,0,
202205010607,0,
202205010603,0,
202205010608,0,
202205010604,0,
202205010609,0,
202205010605,0,
202205010610,0,
202205010606,0,
202205010611,0,
202205010607,0,
202205010612,0,
202205010608,0,
202205010701,0,
202205010609,0,
202205010702,0,
202205010610,0,
202205010703,0,
202205010611,0,
202205010704,0,
202205010612,0,
202205010705,0,
202205010701,0,
202205010706,0,
202205010702,0,
202205010707,0,
202205010703,0,
202205010708,0,
202205010704,0,
202205010709,0,
202205010705,0,
202205010710,0,
202205010706,0,
202205010711,0,
202205010707,0,
202205010712,0,
202205010708,0,
202205010801,0,
202205010709,0,
202205010802,0,
202205010710,0,
202205010803,0,
202205010711,0,
202205010804,0,
202205010712,0,
202205010805,0,
202205010801,0,
202205010806,0,
202205010802,0,
202205010807,0,
202205010803,0,
202205010808,0,
202205010804,0,
202205010809,0,
202205010805,0,
202205010810,0,
202205010806,0,
202205010811,0,
202205010807,0,
202205010812,0,
202205010808,0,
202205010809,0,
202205020101,0,
202205020102,0,
202205010810,0,
202205020103,0,
202205010811,0,
202205020104,0,
202205010812,0,
202205020105,0,
202205020101,0,
202205020106,0,
202205020102,0,
202205020107,0,
202205020103,0,
202205020108,0,
202205020104,0,
202205020109,0,
202205020105,0,
202205020110,0,
202205020106,0,
202205020111,0,
202205020107,0,
202205020112,0,
202205020108,0,
202205020201,0,
202205020109,0,
202205020202,0,
202205020110,0,
202205020203,0,
202205020111,0,
202205020204,0,
202205020112,0,
202205020205,0,
202205020201,0,
202205020206,0,
202205020202,0,
202205020207,0,
202205020203,0,
202205020208,0,
202205020204,0,
202205020209,0,
202205020205,0,
202205020210,0,
202205020206,0,
202205020211,0,
202205020207,0,
202205020212,0,
202205020208,0,
202205020301,0,
202205020209,0,
202205020302,0,
202205020210,0,
202205020303,0,
202205020211,0,
202205020304,0,
202205020212,0,
202205020305,0,
202205020301,0,
202205020306,0,
202205020302,0,
202205020307,0,
202205020303,0,
202205020308,0,
202205020304,0,
202205020309,0,
202205020305,0,
202205020310,0,
202205020306,0,
202205020311,0,
202205020307,0,
202205020312,0,
202205020308,0,
202205020401,0,
202205020309,0,
202205020402,0,
202205020310,0,
202205020403,0,
202205020311,0,
202205020404,0,
202205020312,0,
202205020405,0,
202205020401,0,
202205020406,0,
202205020402,0,
202205020407,0,
202205020403,0,
202205020408,0,
202205020404,0,
202205020409,0,
202205020405,0,
202205020410,0,
202205020406,0,
202205020411,0,
202205020407,0,
202205020412,0,
202205020408,0,
202205020501,0,
202205020409,0,
202205020502,0,
202205020410,0,
202205020503,0,
202205020411,0,
202205020412,0,
202205020504,0,
202205020505,0,
202205020501,0,
202205020502,0,
202205020506,0,
202205020507,0,
202205020503,0,
202205020508,0,
202205020504,0,
202205020509,0,
202205020505,0,
202205020510,0,
202205020506,0,
202205020507,0,
202205020511,0,
202205020508,0,
202205020512,0,
202205020509,0,
202205020601,0,
202205020510,0,
202205020602,0,
202205020511,0,
202205020603,0,
202205020604,0,
202205020512,0,
202205020605,0,
202205020601,0,
202205020606,0,
202205020602,0,
202205020607,0,
202205020603,0,
202205020608,0,
202205020604,0,
202205020605,0,
202205020609,0,
202205020610,0,
202205020606,0,
202205020611,0,
202205020607,0,
202205020612,0,
202205020608,0,
202205020701,0,
202205020609,0,
202205020702,0,
202205020610,0,
202205020703,0,
202205020611,0,
202205020704,0,
202205020612,0,
202205020705,0,
202205020701,0,
202205020706,0,
202205020702,0,
202205020707,0,
202205020703,0,
202205020708,0,
202205020704,0,
202205020709,0,
202205020705,0,
202205020710,0,
202205020706,0,
202205020711,0,
202205020707,0,
202205020712,0,
202205020708,0,
202205020801,0,
202205020709,0,
202205020802,0,
202205020710,0,
202205020803,0,
202205020711,0,
202205020804,0,
202205020712,0,
202205020805,0,
202205020801,0,
202205020802,0,
202205020806,0,
202205020803,0,
202205020807,0,
202205020804,0,
202205020808,0,
202205020805,0,
202205020809,0,
202205020806,0,
202205020810,0,
202205020807,0,
202205020811,0,
202205020808,0,
202205020812,0,
202205020809,0,
202205020901,0,
202205020810,0,
202205020902,0,
202205020811,0,
202205020903,0,
202205020812,0,
202205020904,0,
202205020901,0,
202205020905,0,
202205020902,0,
202205020906,0,
202205020903,0,
202205020907,0,
202205020904,0,
202205020908,0,
202205020905,0,
202205020909,0,
202205020906,0,
202205020910,0,
202205020907,0,
202205020911,0,
202205020908,0,
202205020912,0,
202205020909,0,
202205021001,0,
202205020910,0,
202205021002,0,
202205020911,0,
202205021003,0,
202205020912,0,
202205021004,0,
202205021001,0,
202205021005,0,
202205021002,0,
202205021006,0,
202205021003,0,
202205021007,0,
202205021004,0,
202205021008,0,
202205021005,0,
202205021009,0,
202205021006,0,
202205021010,0,
202205021007,0,
202205021011,0,
202205021008,0,
202205021012,0,
202205021009,0,
202205021101,0,
202205021010,0,
202205021102,0,
202205021011,0,
202205021103,0,
202205021012,0,
202205021104,0,
202205021101,0,
202205021105,0,
202205021102,0,
202205021106,0,
202205021103,0,
202205021107,0,
202205021104,0,
202205021108,0,
202205021105,0,
202205021109,0,
202205021106,0,
202205021110,0,
202205021107,0,
202205021111,0,
202205021108,0,
202205021112,0,
202205021109,0,
202205021201,0,
202205021110,0,
202205021202,0,
202205021203,0,
202205021111,0,
202205021204,0,
202205021112,0,
202205021205,0,
202205021201,0,
202205021206,0,
202205021202,0,
202205021207,0,
202205021203,0,
202205021208,0,
202205021204,0,
202205021209,0,
202205021205,0,
202205021210,0,
202205021206,0,
202205021211,0,
202205021207,0,
202205021212,0,
202205021208,0,
202205030101,0,
202205021209,0,
202205030102,0,
202205021210,0,
202205030103,0,
202205021211,0,
202205030104,0,
202205021212,0,
202205030105,0,
202205030101,0,
202205030106,0,
202205030102,0,
202205030107,0,
202205030103,0,
202205030108,0,
202205030104,0,
202205030109,0,
202205030105,0,
202205030110,0,
202205030106,0,
202205030111,0,
202205030107,0,
202205030112,0,
202205030108,0,
202205030201,0,
202205030109,0,
202205030202,0,
202205030110,0,
202205030203,0,
202205030111,0,
202205030204,0,
202205030112,0,
202205030205,0,
202205030201,0,
202205030206,0,
202205030202,0,
202205030207,0,
202205030203,0,
202205030208,0,
202205030204,0,
202205030209,0,
202205030205,0,
202205030210,0,
202205030206,0,
202205030211,0,
202205030207,0,
202205030212,0,
202205030208,0,
202205030301,0,
202205030209,0,
202205030302,0,
202205030210,0,
202205030303,0,
202205030211,0,
202205030304,0,
202205030212,0,
202205030305,0,
202205030301,0,
202205030306,0,
202205030302,0,
202205030307,0,
202205030303,0,
202205030308,0,
202205030304,0,
202205030309,0,
202205030305,0,
202205030310,0,
202205030306,0,
202205030311,0,
202205030307,0,
202205030312,0,
202205030308,0,
202205030401,0,
202205030309,0,
202205030402,0,
202205030310,0,
202205030403,0,
202205030311,0,
202205030404,0,
202205030312,0,
202205030405,0,
202205030401,0,
202205030406,0,
202205030402,0,
202205030407,0,
202205030403,0,
202205030408,0,
202205030404,0,
202205030409,0,
202205030405,0,
202205030410,0,
202205030406,0,
202205030411,0,
202205030407,0,
202205030412,0,
202205030408,0,
202205030501,0,
202205030409,0,
202205030410,0,
202205030502,0,
202205030503,0,
202205030411,0,
202205030504,0,
202205030412,0,
202205030501,0,
202205030505,0,
202205030502,0,
202205030506,0,
202205030503,0,
202205030507,0,
202205030504,0,
202205030508,0,
202205030505,0,
202205030509,0,
202205030506,0,
202205030510,0,
202205030507,0,
202205030511,0,
202205030508,0,
202205030512,0,
202205030509,0,
202205030601,0,
202205030510,0,
202205030602,0,
202205030511,0,
202205030603,0,
202205030512,0,
202205030604,0,
202205030601,0,
202205030605,0,
202205030602,0,
202205030606,0,
202205030603,0,
202205030607,0,
202205030604,0,
202205030608,0,
202205030605,0,
202205030609,0,
202205030606,0,
202205030610,0,
202205030607,0,
202205030611,0,
202205030608,0,
202205030612,0,
202205030609,0,
202205030701,0,
202205030610,0,
202205030702,0,
202205030611,0,
202205030703,0,
202205030612,0,
202205030704,0,
202205030701,0,
202205030705,0,
202205030702,0,
202205030706,0,
202205030703,0,
202205030707,0,
202205030704,0,
202205030708,0,
202205030705,0,
202205030709,0,
202205030706,0,
202205030710,0,
202205030707,0,
202205030711,0,
202205030708,0,
202205030712,0,
202205030709,0,
202205030801,0,
202205030710,0,
202205030802,0,
202205030711,0,
202205030803,0,
202205030712,0,
202205030804,0,
202205030801,0,
202205030805,0,
202205030802,0,
202205030806,0,
202205030803,0,
202205030807,0,
202205030804,0,
202205030808,0,
202205030805,0,
202205030809,0,
202205030806,0,
202205030810,0,
202205030807,0,
202205030811,0,
202205030808,0,
202205030812,0,
202205030809,0,
202205040101,0,
202205030810,0,
202205040102,0,
202205030811,0,
202205040103,0,
202205030812,0,
202205040104,0,
202205040101,0,
202205040105,0,
202205040102,0,
202205040106,0,
202205040103,0,
202205040107,0,
202205040104,0,
202205040108,0,
202205040105,0,
202205040109,0,
202205040106,0,
202205040110,0,
202205040107,0,
202205040111,0,
202205040108,0,
202205040112,0,
202205040109,0,
202205040201,0,
202205040110,0,
202205040202,0,
202205040111,0,
202205040203,0,
202205040112,0,
202205040204,0,
202205040201,0,
202205040205,0,
202205040202,0,
202205040206,0,
202205040203,0,
202205040207,0,
202205040204,0,
202205040208,0,
202205040205,0,
202205040209,0,
202205040206,0,
202205040210,0,
202205040207,0,
202205040211,0,
202205040208,0,
202205040212,0,
202205040209,0,
202205040301,0,
202205040210,0,
202205040302,0,
202205040211,0,
202205040303,0,
202205040212,0,
202205040304,0,
202205040301,0,
202205040305,0,
202205040302,0,
202205040306,0,
202205040303,0,
202205040307,0,
202205040304,0,
202205040308,0,
202205040305,0,
202205040309,0,
202205040306,0,
202205040310,0,
202205040307,0,
202205040311,0,
202205040308,0,
202205040312,0,
202205040309,0,
202205040401,0,
202205040310,0,
202205040402,0,
202205040311,0,
202205040403,0,
202205040312,0,
202205040404,0,
202205040405,0,
202205040401,0,
202205040406,0,
202205040402,0,
202205040407,0,
202205040403,0,
202205040404,0,
202205040408,0,
202205040405,0,
202205040409,0,
202205040406,0,
202205040410,0,
202205040407,0,
202205040411,0,
202205040408,0,
202205040412,0,
202205040409,0,
202205040501,0,
202205040410,0,
202205040502,0,
202205040411,0,
202205040503,0,
202205040412,0,
202205040504,0,
202205040501,0,
202205040505,0,
202205040502,0,
202205040506,0,
202205040503,0,
202205040507,0,
202205040504,0,
202205040508,0,
202205040505,0,
202205040509,0,
202205040506,0,
202205040510,0,
202205040507,0,
202205040511,0,
202205040508,0,
202205040512,0,
202205040509,0,
202205040601,0,
202205040510,0,
202205040602,0,
202205040511,0,
202205040603,0,
202205040512,0,
202205040604,0,
202205040601,0,
202205040605,0,
202205040602,0,
202205040606,0,
202205040603,0,
202205040607,0,
202205040604,0,
202205040608,0,
202205040605,0,
202205040609,0,
202205040606,0,
202205040610,0,
202205040611,0,
202205040607,0,
202205040608,0,
202205040612,0,
202205040609,0,
202205040701,0,
202205040610,0,
202205040702,0,
202205040611,0,
202205040703,0,
202205040612,0,
202205040704,0,
202205040701,0,
202205040705,0,
202205040702,0,
202205040706,0,
202205040703,0,
202205040707,0,
202205040704,0,
202205040708,0,
202205040705,0,
202205040709,0,
202205040706,0,
202205040710,0,
202205040707,0,
202205040711,0,
202205040708,0,
202205040712,0,
202205040709,0,
202205040801,0,
202205040710,0,
202205040802,0,
202205040711,0,
202205040803,0,
202205040712,0,
202205040804,0,
202205040801,0,
202205040805,0,
202205040802,0,
202205040806,0,
202205040803,0,
202205040807,0,
202205040804,0,
202205040808,0,
202205040805,0,
202205040809,0,
202205040806,0,
202205040810,0,
202205040807,0,
202205040811,0,
202205040808,0,
202205040812,0,
202205040809,0,
202205040901,0,
202205040810,0,
202205040902,0,
202205040811,0,
202205040903,0,
202205040812,0,
202205040904,0,
202205040901,0,
202205040905,0,
202205040902,0,
202205040906,0,
202205040903,0,
202205040907,0,
202205040904,0,
202205040908,0,
202205040905,0,
202205040909,0,
202205040906,0,
202205040910,0,
202205040907,0,
202205040911,0,
202205040908,0,
202205040912,0,
202205040909,0,
202205050101,0,
202205040910,0,
202205050102,0,
202205040911,0,
202205050103,0,
202205040912,0,
202205050101,0,
202205050104,0,
202205050102,0,
202205050105,0,
202205050103,0,
202205050106,0,
202205050104,0,
202205050107,0,
202205050105,0,
202205050108,0,
202205050106,0,
202205050109,0,
202205050107,0,
202205050110,0,
202205050108,0,
202205050111,0,
202205050109,0,
202205050112,0,
202205050110,0,
202205050201,0,
202205050111,0,
202205050202,0,
202205050112,0,
202205050203,0,
202205050201,0,
202205050204,0,
202205050202,0,
202205050205,0,
202205050203,0,
202205050206,0,
202205050204,0,
202205050207,0,
202205050205,0,
202205050208,0,
202205050206,0,
202205050209,0,
202205050207,0,
202205050210,0,
202205050208,0,
202205050211,0,
202205050209,0,
202205050212,0,
202205050210,0,
202205050301,0,
202205050211,0,
202205050302,0,
202205050212,0,
202205050303,0,
202205050301,0,
202205050304,0,
202205050302,0,
202205050305,0,
202205050303,0,
202205050306,0,
202205050304,0,
202205050307,0,
202205050305,0,
202205050308,0,
202205050306,0,
202205050309,0,
202205050307,0,
202205050310,0,
202205050308,0,
202205050311,0,
202205050309,0,
202205050312,0,
202205050310,0,
202205050401,0,
202205050311,0,
202205050402,0,
202205050312,0,
202205050403,0,
202205050401,0,
202205050404,0,
202205050402,0,
202205050405,0,
202205050403,0,
202205050406,0,
202205050404,0,
202205050407,0,
202205050405,0,
202205050408,0,
202205050406,0,
202205050409,0,
202205050407,0,
202205050410,0,
202205050408,0,
202205050411,0,
202205050409,0,
202205050412,0,
202205050410,0,
202205050501,0,
202205050411,0,
202205050502,0,
202205050503,0,
202205050412,0,
202205050504,0,
202205050501,0,
202205050505,0,
202205050502,0,
202205050506,0,
202205050503,0,
202205050507,0,
202205050504,0,
202205050508,0,
202205050505,0,
202205050509,0,
202205050506,0,
202205050510,0,
202205050507,0,
202205050511,0,
202205050508,0,
202205050512,0,
202205050509,0,
202205050601,0,
202205050510,0,
202205050602,0,
202205050511,0,
202205050603,0,
202205050512,0,
202205050604,0,
202205050601,0,
202205050605,0,
202205050602,0,
202205050606,0,
202205050603,0,
202205050607,0,
202205050604,0,
202205050608,0,
202205050605,0,
202205050609,0,
202205050606,0,
202205050610,0,
202205050607,0,
202205050611,0,
202205050608,0,
202205050612,0,
202205050609,0,
202205050701,0,
202205050610,0,
202205050702,0,
202205050611,0,
202205050703,0,
202205050612,0,
202205050704,0,
202205050701,0,
202205050705,0,
202205050702,0,
202205050706,0,
202205050703,0,
202205050707,0,
202205050704,0,
202205050708,0,
202205050705,0,
202205050709,0,
202205050706,0,
202205050710,0,
202205050707,0,
202205050711,0,
202205050708,0,
202205050712,0,
202205050709,0,
202205050801,0,
202205050710,0,
202205050802,0,
202205050711,0,
202205050803,0,
202205050712,0,
202205050804,0,
202205050801,0,
202205050805,0,
202205050802,0,
202205050806,0,
202205050803,0,
202205050807,0,
202205050804,0,
202205050808,0,
202205050805,0,
202205050809,0,
202205050806,0,
202205050810,0,
202205050807,0,
202205050811,0,
202205050808,0,
202205050812,0,
202205050809,0,
202206010101,0,
202205050810,0,
202206010102,0,
202205050811,0,
202206010103,0,
202205050812,0,
202206010104,0,
202206010101,0,
202206010105,0,
202206010102,0,
202206010106,0,
202206010103,0,
202206010107,0,
202206010104,0,
202206010108,0,
202206010105,0,
202206010109,0,
202206010106,0,
202206010110,0,
202206010107,0,
202206010111,0,
202206010108,0,
202206010112,0,
202206010109,0,
202206010201,0,
202206010110,0,
202206010202,0,
202206010111,0,
202206010203,0,
202206010112,0,
202206010204,0,
202206010201,0,
202206010205,0,
202206010202,0,
202206010206,0,
202206010203,0,
202206010207,0,
202206010204,0,
202206010208,0,
202206010205,0,
202206010209,0,
202206010206,0,
202206010210,0,
202206010207,0,
202206010211,0,
202206010208,0,
202206010212,0,
202206010209,0,
202206010301,0,
202206010210,0,
202206010302,0,
202206010211,0,
202206010303,0,
202206010212,0,
202206010304,0,
202206010301,0,
202206010305,0,
202206010302,0,
202206010306,0,
202206010303,0,
202206010307,0,
202206010304,0,
202206010308,0,
202206010305,0,
202206010309,0,
202206010306,0,
202206010310,0,
202206010307,0,
202206010311,0,
202206010308,0,
202206010312,0,
202206010309,0,
202206010401,0,
202206010310,0,
202206010402,0,
202206010311,0,
202206010403,0,
202206010312,0,
202206010404,0,
202206010401,0,
202206010405,0,
202206010402,0,
202206010406,0,
202206010403,0,
202206010407,0,
202206010404,0,
202206010408,0,
202206010405,0,
202206010409,0,
202206010406,0,
202206010410,0,
202206010407,0,
202206010411,0,
202206010408,0,
202206010412,0,
202206010409,0,
202206010501,0,
202206010410,0,
202206010502,0,
202206010411,0,
202206010503,0,
202206010412,0,
202206010504,0,
202206010501,0,
202206010505,0,
202206010502,0,
202206010506,0,
202206010503,0,
202206010507,0,
202206010504,0,
202206010508,0,
202206010505,0,
202206010509,0,
202206010506,0,
202206010510,0,
202206010507,0,
202206010511,0,
202206010508,0,
202206010512,0,
202206010509,0,
202206010601,0,
202206010510,0,
202206010602,0,
202206010511,0,
202206010603,0,
202206010512,0,
202206010604,0,
202206010601,0,
202206010605,0,
202206010602,0,
202206010606,0,
202206010603,0,
202206010607,0,
202206010604,0,
202206010608,0,
202206010605,0,
202206010609,0,
202206010606,0,
202206010610,0,
202206010607,0,
202206010611,0,
202206010608,0,
202206010612,0,
202206010609,0,
202206010701,0,
202206010610,0,
202206010702,0,
202206010611,0,
202206010703,0,
202206010612,0,
202206010704,0,
202206010701,0,
202206010705,0,
202206010702,0,
202206010706,0,
202206010703,0,
202206010707,0,
202206010704,0,
202206010708,0,
202206010705,0,
202206010709,0,
202206010706,0,
202206010710,0,
202206010707,0,
202206010711,0,
202206010708,0,
202206010712,0,
202206010709,0,
202206010801,0,
202206010710,0,
202206010802,0,
202206010711,0,
202206010803,0,
202206010712,0,
202206010804,0,
202206010801,0,
202206010805,0,
202206010802,0,
202206010806,0,
202206010803,0,
202206010807,0,
202206010804,0,
202206010808,0,
202206010805,0,
202206010809,0,
202206010806,0,
202206010810,0,
202206010807,0,
202206010811,0,
202206010808,0,
202206010812,0,
202206010809,0,
202206020101,0,
202206010810,0,
202206020102,0,
202206010811,0,
202206020103,0,
202206010812,0,
202206020104,0,
202206020101,0,
202206020105,0,
202206020106,0,
202206020102,0,
202206020103,0,
202206020107,0,
202206020108,0,
202206020104,0,
202206020109,0,
202206020105,0,
202206020110,0,
202206020106,0,
202206020111,0,
202206020107,0,
202206020112,0,
202206020108,0,
202206020201,0,
202206020109,0,
202206020202,0,
202206020110,0,
202206020203,0,
202206020111,0,
202206020204,0,
202206020112,0,
202206020205,0,
202206020201,0,
202206020206,0,
202206020202,0,
202206020207,0,
202206020203,0,
202206020208,0,
202206020204,0,
202206020209,0,
202206020205,0,
202206020210,0,
202206020206,0,
202206020211,0,
202206020207,0,
202206020212,0,
202206020208,0,
202206020301,0,
202206020209,0,
202206020302,0,
202206020210,0,
202206020303,0,
202206020211,0,
202206020304,0,
202206020212,0,
202206020305,0,
202206020301,0,
202206020306,0,
202206020302,0,
202206020307,0,
202206020303,0,
202206020308,0,
202206020304,0,
202206020309,0,
202206020305,0,
202206020310,0,
202206020306,0,
202206020311,0,
202206020307,0,
202206020312,0,
202206020308,0,
202206020401,0,
202206020309,0,
202206020402,0,
202206020310,0,
202206020403,0,
202206020311,0,
202206020404,0,
202206020312,0,
202206020405,0,
202206020401,0,
202206020406,0,
202206020402,0,
202206020407,0,
202206020403,0,
202206020408,0,
202206020404,0,
202206020405,0,
202206020409,0,
202206020410,0,
202206020406,0,
202206020411,0,
202206020407,0,
202206020412,0,
202206020408,0,
202206020409,0,
202206020501,0,
202206020410,0,
202206020502,0,
202206020411,0,
202206020503,0,
202206020412,0,
202206020504,0,
202206020501,0,
202206020505,0,
202206020502,0,
202206020506,0,
202206020503,0,
202206020507,0,
202206020504,0,
202206020508,0,
202206020505,0,
202206020509,0,
202206020506,0,
202206020510,0,
202206020507,0,
202206020511,0,
202206020508,0,
202206020512,0,
202206020509,0,
202206020601,0,
202206020602,0,
202206020510,0,
202206020511,0,
202206020603,0,
202206020604,0,
202206020512,0,
202206020601,0,
202206020605,0,
202206020606,0,
202206020602,0,
202206020607,0,
202206020603,0,
202206020608,0,
202206020604,0,
202206020605,0,
202206020609,0,
202206020606,0,
202206020610,0,
202206020607,0,
202206020611,0,
202206020608,0,
202206020612,0,
202206020609,0,
202206020701,0,
202206020610,0,
202206020702,0,
202206020703,0,
202206020611,0,
202206020704,0,
202206020612,0,
202206020705,0,
202206020701,0,
202206020702,0,
202206020706,0,
202206020703,0,
202206020707,0,
202206020704,0,
202206020708,0,
202206020705,0,
202206020709,0,
202206020710,0,
202206020706,0,
202206020707,0,
202206020711,0,
202206020708,0,
202206020712,0,
202206020709,0,
202206020801,0,
202206020710,0,
202206020802,0,
202206020711,0,
202206020803,0,
202206020712,0,
202206020804,0,
202206020801,0,
202206020805,0,
202206020806,0,
202206020802,0,
202206020807,0,
202206020803,0,
202206020808,0,
202206020804,0,
202206020809,0,
202206020805,0,
202206020810,0,
202206020806,0,
202206020811,0,
202206020807,0,
202206020812,0,
202206020808,0,
202206030101,0,
202206020809,0,
202206020810,0,
202206030102,0,
202206030103,0,
202206020811,0,
202206030104,0,
202206020812,0,
202206030101,0,
202206030105,0,
202206030102,0,
202206030106,0,
202206030103,0,
202206030107,0,
202206030104,0,
202206030108,0,
202206030105,0,
202206030109,0,
202206030106,0,
202206030110,0,
202206030107,0,
202206030111,0,
202206030108,0,
202206030112,0,
202206030109,0,
202206030201,0,
202206030110,0,
202206030202,0,
202206030111,0,
202206030203,0,
202206030112,0,
202206030204,0,
202206030201,0,
202206030205,0,
202206030202,0,
202206030206,0,
202206030203,0,
202206030207,0,
202206030204,0,
202206030208,0,
202206030205,0,
202206030209,0,
202206030206,0,
202206030210,0,
202206030207,0,
202206030211,0,
202206030208,0,
202206030212,0,
202206030209,0,
202206030301,0,
202206030210,0,
202206030302,0,
202206030211,0,
202206030303,0,
202206030212,0,
202206030304,0,
202206030301,0,
202206030305,0,
202206030302,0,
202206030306,0,
202206030303,0,
202206030307,0,
202206030304,0,
202206030308,0,
202206030305,0,
202206030309,0,
202206030306,0,
202206030310,0,
202206030307,0,
202206030311,0,
202206030308,0,
202206030312,0,
202206030309,0,
202206030401,0,
202206030310,0,
202206030402,0,
202206030311,0,
202206030403,0,
202206030312,0,
202206030404,0,
202206030401,0,
202206030405,0,
202206030402,0,
202206030406,0,
202206030403,0,
202206030407,0,
202206030404,0,
202206030408,0,
202206030405,0,
202206030409,0,
202206030406,0,
202206030410,0,
202206030407,0,
202206030411,0,
202206030408,0,
202206030412,0,
202206030409,0,
202206030501,0,
202206030410,0,
202206030502,0,
202206030411,0,
202206030503,0,
202206030412,0,
202206030504,0,
202206030501,0,
202206030505,0,
202206030502,0,
202206030506,0,
202206030503,0,
202206030507,0,
202206030504,0,
202206030508,0,
202206030505,0,
202206030509,0,
202206030506,0,
202206030510,0,
202206030507,0,
202206030511,0,
202206030508,0,
202206030512,0,
202206030509,0,
202206030601,0,
202206030510,0,
202206030602,0,
202206030511,0,
202206030603,0,
202206030512,0,
202206030604,0,
202206030601,0,
202206030605,0,
202206030602,0,
202206030606,0,
202206030603,0,
202206030607,0,
202206030604,0,
202206030608,0,
202206030605,0,
202206030609,0,
202206030606,0,
202206030610,0,
202206030607,0,
202206030611,0,
202206030608,0,
202206030612,0,
202206030609,0,
202206030701,0,
202206030610,0,
202206030702,0,
202206030611,0,
202206030703,0,
202206030612,0,
202206030704,0,
202206030701,0,
202206030705,0,
202206030702,0,
202206030706,0,
202206030703,0,
202206030707,0,
202206030704,0,
202206030708,0,
202206030705,0,
202206030709,0,
202206030706,0,
202206030710,0,
202206030707,0,
202206030711,0,
202206030708,0,
202206030712,0,
202206030709,0,
202206030801,0,
202206030710,0,
202206030802,0,
202206030711,0,
202206030803,0,
202206030712,0,
202206030804,0,
202206030801,0,
202206030805,0,
202206030802,0,
202206030806,0,
202206030803,0,
202206030807,0,
202206030804,0,
202206030808,0,
202206030805,0,
202206030809,0,
202206030806,0,
202206030810,0,
202206030807,0,
202206030811,0,
202206030808,0,
202206030812,0,
202206030809,0,
202206040101,0,
202206030810,0,
202206040102,0,
202206030811,0,
202206040103,0,
202206030812,0,
202206040104,0,
202206040101,0,
202206040105,0,
202206040102,0,
202206040106,0,
202206040103,0,
202206040107,0,
202206040104,0,
202206040108,0,
202206040105,0,
202206040109,0,
202206040106,0,
202206040110,0,
202206040107,0,
202206040111,0,
202206040108,0,
202206040112,0,
202206040109,0,
202206040201,0,
202206040110,0,
202206040202,0,
202206040111,0,
202206040203,0,
202206040112,0,
202206040204,0,
202206040201,0,
202206040205,0,
202206040202,0,
202206040206,0,
202206040203,0,
202206040207,0,
202206040204,0,
202206040208,0,
202206040205,0,
202206040209,0,
202206040206,0,
202206040210,0,
202206040207,0,
202206040211,0,
202206040208,0,
202206040212,0,
202206040209,0,
202206040301,0,
202206040210,0,
202206040302,0,
202206040211,0,
202206040303,0,
202206040212,0,
202206040304,0,
202206040301,0,
202206040305,0,
202206040302,0,
202206040306,0,
202206040303,0,
202206040307,0,
202206040304,0,
202206040308,0,
202206040305,0,
202206040309,0,
202206040306,0,
202206040310,0,
202206040307,0,
202206040311,0,
202206040308,0,
202206040312,0,
202206040309,0,
202206040401,0,
202206040310,0,
202206040402,0,
202206040311,0,
202206040403,0,
202206040312,0,
202206040404,0,
202206040401,0,
202206040405,0,
202206040402,0,
202206040406,0,
202206040403,0,
202206040407,0,
202206040404,0,
202206040408,0,
202206040405,0,
202206040409,0,
202206040406,0,
202206040410,0,
202206040407,0,
202206040411,0,
202206040408,0,
202206040412,0,
202206040409,0,
202206040501,0,
202206040410,0,
202206040502,0,
202206040411,0,
202206040503,0,
202206040412,0,
202206040504,0,
202206040501,0,
202206040505,0,
202206040502,0,
202206040506,0,
202206040503,0,
202206040507,0,
202206040504,0,
202206040508,0,
202206040505,0,
202206040509,0,
202206040506,0,
202206040510,0,
202206040507,0,
202206040511,0,
202206040508,0,
202206040512,0,
202206040509,0,
202206040601,0,
202206040510,0,
202206040602,0,
202206040511,0,
202206040603,0,
202206040512,0,
202206040604,0,
202206040601,0,
202206040605,0,
202206040602,0,
202206040606,0,
202206040603,0,
202206040607,0,
202206040604,0,
202206040608,0,
202206040605,0,
202206040609,0,
202206040606,0,
202206040610,0,
202206040607,0,
202206040611,0,
202206040608,0,
202206040612,0,
202206040609,0,
202206040701,0,
202206040610,0,
202206040702,0,
202206040611,0,
202206040703,0,
202206040612,0,
202206040704,0,
202206040701,0,
202206040705,0,
202206040702,0,
202206040706,0,
202206040703,0,
202206040707,0,
202206040704,0,
202206040708,0,
202206040705,0,
202206040709,0,
202206040706,0,
202206040710,0,
202206040707,0,
202206040711,0,
202206040708,0,
202206040712,0,
202206040709,0,
202206040801,0,
202206040710,0,
202206040802,0,
202206040711,0,
202206040803,0,
202206040712,0,
202206040804,0,
202206040801,0,
202206040805,0,
202206040802,0,
202206040806,0,
202206040803,0,
202206040807,0,
202206040804,0,
202206040808,0,
202206040805,0,
202206040809,0,
202206040806,0,
202206040810,0,
202206040807,0,
202206040811,0,
202206040812,0,
202206040808,0,
202206040809,0,
202206040901,0,
202206040810,0,
202206040902,0,
202206040811,0,
202206040903,0,
202206040904,0,
202206040812,0,
202206040905,0,
202206040901,0,
202206040906,0,
202206040902,0,
202206040907,0,
202206040903,0,
202206040908,0,
202206040904,0,
202206040909,0,
202206040905,0,
202206040910,0,
202206040906,0,
202206040911,0,
202206040907,0,
202206040912,0,
202206040908,0,
202206050101,0,
202206040909,0,
202206050102,0,
202206040910,0,
202206050103,0,
202206040911,0,
202206050104,0,
202206040912,0,
202206050105,0,
202206050101,0,
202206050106,0,
202206050102,0,
202206050107,0,
202206050103,0,
202206050108,0,
202206050104,0,
202206050105,0,
202206050109,0,
202206050110,0,
202206050106,0,
202206050107,0,
202206050111,0,
202206050108,0,
202206050112,0,
202206050109,0,
202206050201,0,
202206050110,0,
202206050202,0,
202206050111,0,
202206050203,0,
202206050112,0,
202206050204,0,
202206050201,0,
202206050205,0,
202206050206,0,
202206050202,0,
202206050203,0,
202206050207,0,
202206050204,0,
202206050208,0,
202206050205,0,
202206050209,0,
202206050206,0,
202206050210,0,
202206050207,0,
202206050211,0,
202206050208,0,
202206050212,0,
202206050209,0,
202206050301,0,
202206050210,0,
202206050302,0,
202206050303,0,
202206050211,0,
202206050304,0,
202206050212,0,
202206050305,0,
202206050301,0,
202206050306,0,
202206050302,0,
202206050307,0,
202206050303,0,
202206050308,0,
202206050304,0,
202206050305,0,
202206050309,0,
202206050306,0,
202206050310,0,
202206050311,0,
202206050307,0,
202206050308,0,
202206050312,0,
202206050309,0,
202206050401,0,
202206050310,0,
202206050402,0,
202206050311,0,
202206050403,0,
202206050312,0,
202206050404,0,
202206050401,0,
202206050405,0,
202206050406,0,
202206050402,0,
202206050403,0,
202206050407,0,
202206050408,0,
202206050404,0,
202206050409,0,
202206050405,0,
202206050410,0,
202206050406,0,
202206050411,0,
202206050407,0,
202206050412,0,
202206050408,0,
202206050501,0,
202206050409,0,
202206050502,0,
202206050410,0,
202206050503,0,
202206050411,0,
202206050504,0,
202206050412,0,
202206050505,0,
202206050501,0,
202206050506,0,
202206050502,0,
202206050507,0,
202206050503,0,
202206050508,0,
202206050504,0,
202206050509,0,
202206050505,0,
202206050510,0,
202206050506,0,
202206050511,0,
202206050507,0,
202206050512,0,
202206050508,0,
202206050601,0,
202206050509,0,
202206050602,0,
202206050510,0,
202206050603,0,
202206050511,0,
202206050604,0,
202206050512,0,
202206050605,0,
202206050601,0,
202206050606,0,
202206050602,0,
202206050607,0,
202206050603,0,
202206050608,0,
202206050604,0,
202206050609,0,
202206050605,0,
202206050610,0,
202206050606,0,
202206050611,0,
202206050607,0,
202206050612,0,
202206050608,0,
202206050701,0,
202206050609,0,
202206050702,0,
202206050610,0,
202206050703,0,
202206050611,0,
202206050704,0,
202206050612,0,
202206050705,0,
202206050701,0,
202206050706,0,
202206050702,0,
202206050707,0,
202206050703,0,
202206050708,0,
202206050704,0,
202206050709,0,
202206050705,0,
202206050710,0,
202206050706,0,
202206050711,0,
202206050707,0,
202206050712,0,
202206050708,0,
202206050801,0,
202206050709,0,
202206050802,0,
202206050710,0,
202206050803,0,
202206050711,0,
202206050804,0,
202206050712,0,
202206050805,0,
202206050801,0,
202206050806,0,
202206050802,0,
202206050807,0,
202206050803,0,
202206050808,0,
202206050804,0,
202206050809,0,
202206050805,0,
202206050810,0,
202206050806,0,
202206050811,0,
202206050807,0,
202206050812,0,
202206050808,0,
202206050901,0,
202206050809,0,
202206050902,0,
202206050810,0,
202206050903,0,
202206050811,0,
202206050904,0,
202206050812,0,
202206050905,0,
202206050901,0,
202206050906,0,
202206050902,0,
202206050907,0,
202206050903,0,
202206050908,0,
202206050904,0,
202206050909,0,
202206050905,0,
202206050910,0,
202206050906,0,
202206050911,0,
202206050907,0,
202206050912,0,
202206050908,0,
202207010101,0,
202206050909,0,
202207010102,0,
202206050910,0,
202207010103,0,
202206050911,0,
202207010104,0,
202206050912,0,
202207010105,0,
202207010101,0,
202207010106,0,
202207010102,0,
202207010107,0,
202207010103,0,
202207010108,0,
202207010104,0,
202207010109,0,
202207010105,0,
202207010110,0,
202207010106,0,
202207010111,0,
202207010107,0,
202207010112,0,
202207010108,0,
202207010201,0,
202207010109,0,
202207010202,0,
202207010110,0,
202207010203,0,
202207010111,0,
202207010204,0,
202207010112,0,
202207010205,0,
202207010201,0,
202207010206,0,
202207010202,0,
202207010207,0,
202207010203,0,
202207010208,0,
202207010204,0,
202207010209,0,
202207010205,0,
202207010210,0,
202207010206,0,
202207010211,0,
202207010207,0,
202207010212,0,
202207010208,0,
202207010301,0,
202207010209,0,
202207010302,0,
202207010210,0,
202207010303,0,
202207010211,0,
202207010304,0,
202207010212,0,
202207010305,0,
202207010301,0,
202207010306,0,
202207010302,0,
202207010307,0,
202207010303,0,
202207010308,0,
202207010304,0,
202207010309,0,
202207010305,0,
202207010310,0,
202207010306,0,
202207010311,0,
202207010307,0,
202207010312,0,
202207010308,0,
202207010401,0,
202207010309,0,
202207010402,0,
202207010310,0,
202207010403,0,
202207010311,0,
202207010404,0,
202207010312,0,
202207010405,0,
202207010401,0,
202207010406,0,
202207010402,0,
202207010407,0,
202207010403,0,
202207010408,0,
202207010404,0,
202207010409,0,
202207010405,0,
202207010410,0,
202207010406,0,
202207010411,0,
202207010407,0,
202207010412,0,
202207010408,0,
202207010501,0,
202207010409,0,
202207010502,0,
202207010410,0,
202207010503,0,
202207010411,0,
202207010504,0,
202207010412,0,
202207010505,0,
202207010501,0,
202207010506,0,
202207010502,0,
202207010507,0,
202207010503,0,
202207010508,0,
202207010504,0,
202207010509,0,
202207010505,0,
202207010510,0,
202207010506,0,
202207010511,0,
202207010507,0,
202207010512,0,
202207010508,0,
202207010601,0,
202207010509,0,
202207010602,0,
202207010510,0,
202207010603,0,
202207010511,0,
202207010604,0,
202207010512,0,
202207010605,0,
202207010601,0,
202207010606,0,
202207010602,0,
202207010607,0,
202207010603,0,
202207010608,0,
202207010604,0,
202207010609,0,
202207010605,0,
202207010706,0,
202305010405,1,32.9
202305010507,2,29.7
202305010406,1,33.1
202305010508,2,31.5
202305010509,1,39.2
202305010408,1,48.8
202305010510,1,33.6
202305010409,1,40.6
202305010511,1,23.6
202305010410,1,30.6
202305010512,1,31.1
202305010411,1,26.4
202305010601,1,38.4
202305010412,2,34.9
202305010602,1,38.7
202305010501,1,44.3
202305010603,1,34.4
202305010502,2,26.6
202305010604,3,28.1
202305010503,1,36.4
202305010504,4,17.8
202305010606,2,35.9
202305010505,2,27.0
202305010607,1,32.6
202305010506,4,27.9
202305010608,2,47.7
202305010507,2,29.7
202305010609,1,32.1
202305010508,2,31.5
202305010610,1,29.5
202305010509,1,39.2
202305010611,1,48.3
202305010510,1,33.6
202305010612,2,26.2
202305010511,1,23.6
202305010701,3,28.7
202305010512,1,31.1
202305010702,1,30.3
202305010601,1,38.4
202305010703,1,42.1
202305010602,1,38.7
202305010704,2,28.1
202305010603,1,34.4
202305010705,1,29.0
202305010604,3,28.1
202305010706,1,39.8
202305010605,2,35.4
202305010707,2,33.9
202305010606,2,35.9
202305010708,3,29.2
202305010607,1,32.6
202305010709,1,47.8
202305010608,2,47.7
202305010710,1,33.4
202305010609,1,32.1
202305010711,1,28.3
202305010610,1,29.5
202305010712,1,38.9
202305010611,1,48.3
202305010801,1,35.1
202305010612,2,26.2
202305010802,2,32.3
202305010701,3,28.7
202305010803,3,20.8
202305010702,1,30.3
202305010804,1,36.8
202305010703,1,42.1
202305010805,3,33.8
202305010806,1,40.6
202305010704,2,28.1
202305010705,1,29.0
202305010807,1,35.9
202305010706,1,39.8
202305010808,1,42.7
202305010707,2,33.9
202305010809,2,30.0
202305010810,1,22.7
202305010708,3,29.2
202305010811,1,21.7
202305010709,1,47.8
202305010710,1,33.4
202305010812,1,30.2
202305010711,1,28.3
202305020101,2,48.0
202305020102,3,39.0
202305010712,1,38.9
202305010801,1,35.1
202305020103,2,39.7
202305020104,2,44.9
202305010802,2,32.3
202305020105,2,47.8
202305010803,3,20.8
202305010804,1,36.8
202305020106,3,36.1
202305010805,3,33.8
202305020107,3,29.2
202305010806,1,40.6
202305020108,2,36.8
202305010807,1,35.9
202305020109,1,57.5
202305010808,1,42.7
202305020110,5,22.3
202305010809,2,30.0
202305020111,5,24.5
202305010810,1,22.7
202305020112,3,33.7
202305010811,1,21.7
202305020201,3,34.3
202305010812,1,30.2
202305020202,2,39.7
202305020101,2,48.0
202305020203,3,34.9
202305020102,3,39.0
202305020204,4,29.5
202305020103,2,39.7
202305020205,2,44.1
202305020104,2,44.9
202305020206,3,25.8
202305020105,2,47.8
202305020207,2,37.4
202305020106,3,36.1
202305020208,3,32.7
202305020107,3,29.2
202305020209,1,62.9
202305020108,2,36.8
202305020210,3,29.7
202305020109,1,57.5
202305020211,3,31.2
202305020110,5,22.3
202305020212,5,26.8
202305020111,5,24.5
202305020301,3,34.5
202305020112,3,33.7
202305020302,2,41.2
202305020201,3,34.3
202305020303,3,28.9
202305020202,2,39.7
202305020304,1,52.7
202305020203,3,34.9
202305020305,1,64.3
202305020204,4,29.5
202305020306,2,39.1
202305020205,2,44.1
202305020307,3,35.4
202305020206,3,25.8
202305020308,1,49.0
202305020207,2,37.4
202305020309,5,23.3
202305020208,3,32.7
202305020310,2,36.2
202305020209,1,62.9
202305020311,3,37.1
202305020210,3,29.7
202305020312,3,33.2
202305020211,3,31.2
202305020401,3,30.7
202305020212,5,26.8
202305020402,3,31.3
202305020403,3,36.5
202305020301,3,34.5
202305020404,5,28.9
202305020302,2,41.2
202305020405,1,46.7
202305020303,3,28.9
202305020406,2,44.7
202305020304,1,52.7
202305020305,1,64.3
202305020407,1,38.3
202305020408,2,35.9
202305020306,2,39.1
202305020307,3,35.4
202305020409,1,48.6
202305020308,1,49.0
202305020410,5,27.0
202305020411,2,33.9
202305020309,5,23.3
202305020412,4,27.4
202305020310,2,36.2
202305020501,3,39.5
202305020311,3,37.1
202305020312,3,33.2
202305020502,2,42.9
202305020401,3,30.7
202305020503,3,38.1
202305020504,3,31.3
202305020402,3,31.3
202305020403,3,36.5
202305020505,2,48.8
202305020506,3,40.0
202305020404,5,28.9
202305020507,4,25.9
202305020405,1,46.7
202305020508,4,33.0
202305020406,2,44.7
202305020407,1,38.3
202305020509,1,63.5
202305020408,2,35.9
202305020510,3,30.5
202305020511,1,69.6
202305020409,1,48.6
202305020512,2,48.8
202305020410,5,27.0
202305020601,2,40.3
202305020411,2,33.9
202305020602,4,29.7
202305020412,4,27.4
202305020603,2,39.8
202305020501,3,39.5
202305020604,3,34.4
202305020502,2,42.9
202305020605,3,37.5
202305020503,3,38.1
202305020606,1,50.6
202305020504,3,31.3
202305020607,5,22.9
202305020505,2,48.8
202305020608,3,31.7
202305020506,3,40.0
202305020609,2,31.4
202305020507,4,25.9
202305020610,4,29.6
202305020508,4,33.0
202305020611,5,24.0
202305020509,1,63.5
202305020612,2,46.9
202305020510,3,30.5
202305020701,2,38.1
202305020511,1,69.6
202305020702,3,35.3
202305020512,2,48.8
202305020703,4,24.2
202305020601,2,40.3
202305020704,1,53.2
202305020602,4,29.7
202305020705,4,34.5
202305020603,2,39.8
202305020706,3,24.0
202305020604,3,34.4
202305020707,3,36.3
202305020605,3,37.5
202305020708,1,68.1
202305020606,1,50.6
202305020709,3,34.4
202305020607,5,22.9
202305020710,4,27.7
202305020608,3,31.7
202305020711,4,26.9
202305020609,2,31.4
202305020712,3,34.5
202305020610,4,29.6
202305020801,3,33.6
202305020611,5,24.0
202305020802,2,35.5
202305020612,2,46.9
202305020803,1,48.1
202305020701,2,38.1
202305020804,4,28.3
202305020702,3,35.3
202305020805,2,27.0
202305020703,4,24.2
202305020806,2,32.5
202305020704,1,53.2
202305020807,2,37.9
202305020705,4,34.5
202305020808,1,53.3
202305020706,3,24.0
202305020809,1,56.8
202305020707,3,36.3
202305020810,1,55.8
202305020708,1,68.1
202305020811,4,29.1
202305020709,3,34.4
202305020812,3,28.7
202305020710,4,27.7
202305020901,3,30.5
202305020711,4,26.9
202305020902,3,35.1
202305020712,3,34.5
202305020903,3,35.7
202305020801,3,33.6
202305020904,4,30.6
202305020802,2,35.5
202305020905,1,47.2
202305020803,1,48.1
202305020906,4,30.5
202305020804,4,28.3
202305020907,2,39.5
202305020805,2,27.0
202305020908,2,40.5
202305020909,2,40.3
202305020806,2,32.5
202305020807,2,37.9
202305020910,1,56.6
202305020808,1,53.3
202305020911,5,17.6
202305020809,1,56.8
202305020912,3,31.2
202305020810,1,55.8
202305021001,3,37.3
202305020811,4,29.1
202305021002,3,38.9
202305020812,3,28.7
202305021003,2,33.1
202305020901,3,30.5
202305021004,3,31.2
202305020902,3,35.1
202305021005,2,48.3
202305020903,3,35.7
202305021006,1,70.1
202305020904,4,30.6
202305021007,2,40.6
202305020905,1,47.2
202305021008,2,38.7
202305020906,4,30.5
202305021009,1,54.2
202305020907,2,39.5
202305021010,5,23.1
202305020908,2,40.5
202305021011,5,26.9
202305020909,2,40.3
202305021012,3,31.0
202305020910,1,56.6
202305021101,3,37.2
202305020911,5,17.6
202305021102,3,32.5
202305020912,3,31.2
202305021103,2,41.1
202305021001,3,37.3
202305021104,0,
202305021002,3,38.9
202305021105,5,28.9
202305021003,2,33.1
202305021106,1,32.0
202305021004,3,31.2
202305021107,2,37.0
202305021005,2,48.3
202305021108,4,25.0
202305021006,1,70.1
202305021109,4,28.2
202305021007,2,40.6
202305021110,2,29.7
202305021008,2,38.7
202305021111,4,33.2
202305021009,1,54.2
202305021112,4,30.8
202305021010,5,23.1
202305021201,2,43.7
202305021011,5,26.9
202305021202,2,38.9
202305021012,3,31.0
202305021203,4,28.5
202305021101,3,37.2
202305021204,3,30.1
202305021102,3,32.5
202305021205,3,34.5
202305021103,2,41.1
202305021206,5,24.3
202305021104,0,
202305021207,2,38.5
202305021105,5,28.9
202305021208,2,45.8
202305021106,1,32.0
202305021209,4,24.5
202305021107,2,37.0
202305021210,5,21.8
202305021108,4,25.0
202305021211,5,25.2
202305021109,4,28.2
202305021212,5,25.5
202305021110,2,29.7
202305030101,0,
202305021111,4,33.2
202305021112,4,30.8
202305030102,3,34.3
202305030103,3,34.8
202305021201,2,43.7
202305030104,2,41.7
202305021202,2,38.9
202305030105,1,56.4
202305021203,4,28.5
202305030106,2,36.5
202305021204,3,30.1
202305030107,4,26.8
202305021205,3,34.5
202305030108,1,72.7
202305021206,5,24.3
202305030109,2,24.9
202305021207,2,38.5
202305030110,2,46.1
202305021208,2,45.8
202305030111,3,22.6
202305021209,4,24.5
202305021210,5,21.8
202305030112,3,31.1
202305030201,3,34.4
202305021211,5,25.2
202305030202,3,35.0
202305021212,5,25.5
202305030203,3,29.2
202305030101,0,
202305030204,2,35.8
202305030102,3,34.3
202305030103,3,34.8
202305030205,1,43.6
202305030104,2,41.7
202305030206,1,56.4
202305030105,1,56.4
202305030207,2,48.1
202305030106,2,36.5
202305030208,2,35.9
202305030107,4,26.8
202305030209,1,57.3
202305030108,1,72.7
202305030210,3,32.8
202305030109,2,24.9
202305030211,4,26.0
202305030110,2,46.1
202305030212,3,37.6
202305030111,3,22.6
202305030301,0,
202305030112,3,31.1
202305030302,2,41.4
202305030201,3,34.4
202305030303,3,40.2
202305030304,5,27.0
202305030202,3,35.0
202305030203,3,29.2
202305030305,1,57.7
202305030204,2,35.8
202305030306,2,41.2
202305030205,1,43.6
202305030307,3,32.1
202305030206,1,56.4
202305030308,2,47.5
202305030207,2,48.1
202305030309,3,30.2
202305030208,2,35.9
202305030310,1,45.7
202305030209,1,57.3
202305030311,5,21.1
202305030210,3,32.8
202305030312,2,32.1
202305030211,4,26.0
202305030401,3,32.8
202305030212,3,37.6
202305030402,2,39.5
202305030301,0,
202305030403,2,41.5
202305030302,2,41.4
202305030404,4,30.3
202305030303,3,40.2
202305030405,1,69.5
202305030304,5,27.0
202305030406,3,32.8
202305030305,1,57.7
202305030407,3,33.7
202305030306,2,41.2
202305030408,1,56.8
202305030307,3,32.1
202305030409,4,33.3
202305030308,2,47.5
202305030410,4,28.3
202305030309,3,30.2
202305030411,4,23.1
202305030310,1,45.7
202305030412,2,35.3
202305030311,5,21.1
202305030501,2,37.0
202305030312,2,32.1
202305030502,2,39.7
202305030401,3,32.8
202305030503,2,44.9
202305030402,2,39.5
202305030504,3,38.1
202305030403,2,41.5
202305030505,2,33.6
202305030404,4,30.3
202305030506,2,35.6
202305030405,1,69.5
202305030507,2,36.9
202305030406,3,32.8
202305030508,1,65.5
202305030407,3,33.7
202305030509,3,33.1
202305030408,1,56.8
202305030510,2,38.6
202305030409,4,33.3
202305030511,3,30.3
202305030410,4,28.3
202305030512,3,37.7
202305030411,4,23.1
202305030601,0,
202305030412,2,35.3
202305030602,2,42.5
202305030501,2,37.0
202305030603,2,44.4
202305030502,2,39.7
202305030604,3,37.3
202305030503,2,44.9
202305030605,2,42.7
202305030504,3,38.1
202305030606,2,33.9
202305030505,2,33.6
202305030607,3,37.4
202305030506,2,35.6
202305030608,3,34.9
202305030507,2,36.9
202305030609,1,51.0
202305030508,1,65.5
202305030610,5,24.8
202305030509,3,33.1
202305030611,4,31.2
202305030510,2,38.6
202305030612,3,32.2
202305030511,3,30.3
202305030701,2,37.4
202305030512,3,37.7
202305030702,2,38.6
202305030601,0,
202305030703,2,42.8
202305030602,2,42.5
202305030704,2,45.1
202305030705,2,42.1
202305030603,2,44.4
202305030604,3,37.3
202305030706,2,31.0
202305030707,2,32.9
202305030605,2,42.7
202305030708,0,
202305030606,2,33.9
202305030709,3,33.6
202305030607,3,37.4
202305030710,3,35.0
202305030608,3,34.9
202305030711,3,29.2
202305030609,1,51.0
202305030712,4,27.3
202305030610,5,24.8
202305030801,1,60.5
202305030611,4,31.2
202305030802,3,28.7
202305030612,3,32.2
202305030803,2,39.1
202305030701,2,37.4
202305030804,1,56.2
202305030702,2,38.6
202305030805,2,37.4
202305030703,2,42.8
202305030806,3,31.3
202305030704,2,45.1
202305030807,2,38.0
202305030705,2,42.1
202305030808,3,37.4
202305030706,2,31.0
202305030809,2,41.8
202305030707,2,32.9
202305030810,4,25.1
202305030708,0,
202305030811,3,25.7
202305030709,3,33.6
202305030812,3,34.3
202305030710,3,35.0
202305040101,2,39.3
202305030711,3,29.2
202305040102,2,44.3
202305030712,4,27.3
202305040103,3,40.3
202305030801,1,60.5
202305040104,2,31.6
202305030802,3,28.7
202305040105,1,49.8
202305030803,2,39.1
202305040106,4,28.4
202305030804,1,56.2
202305040107,2,41.8
202305030805,2,37.4
202305040108,3,30.6
202305030806,3,31.3
202305040109,2,41.3
202305030807,2,38.0
202305040110,2,39.0
202305030808,3,37.4
202305040111,1,67.1
202305030809,2,41.8
202305040112,2,27.1
202305030810,4,25.1
202305040201,2,28.3
202305030811,3,25.7
202305040202,2,52.9
202305030812,3,34.3
202305040203,1,73.9
202305040101,2,39.3
202305040204,2,38.3
202305040102,2,44.3
202305040205,2,39.3
202305040103,3,40.3
202305040104,2,31.6
202305040206,3,33.0
202305040105,1,49.8
202305040207,3,29.8
202305040106,4,28.4
202305040208,4,31.8
202305040107,2,41.8
202305040209,1,41.8
202305040108,3,30.6
202305040210,3,23.1
202305040109,2,41.3
202305040211,2,40.1
202305040110,2,39.0
202305040212,4,28.8
202305040111,1,67.1
202305040301,2,49.0
202305040112,2,27.1
202305040302,2,51.0
202305040201,2,28.3
202305040303,1,75.1
202305040202,2,52.9
202305040304,0,
202305040203,1,73.9
202305040305,2,44.8
202305040204,2,38.3
202305040306,2,40.6
202305040205,2,39.3
202305040307,3,23.5
202305040206,3,33.0
202305040308,3,31.5
202305040207,3,29.8
202305040309,4,25.9
202305040208,4,31.8
202305040310,3,24.7
202305040209,1,41.8
202305040311,5,28.9
202305040210,3,23.1
202305040312,2,54.4
202305040211,2,40.1
202305040401,2,32.2
202305040212,4,28.8
202305040402,1,77.9
202305040301,2,49.0
202305040403,3,32.7
202305040302,2,51.0
202305040404,3,37.8
202305040303,1,75.1
202305040405,1,59.2
202305040304,0,
202305040406,4,21.8
202305040305,2,44.8
202305040407,1,55.8
202305040306,2,40.6
202305040408,5,25.1
202305040307,3,23.5
202305040409,3,32.9
202305040308,3,31.5
202305040410,2,33.8
202305040309,4,25.9
202305040411,2,39.4
202305040310,3,24.7
202305040412,2,33.7
202305040311,5,28.9
202305040501,2,37.2
202305040312,2,54.4
202305040502,1,67.0
202305040401,2,32.2
202305040503,1,59.0
202305040402,1,77.9
202305040504,3,32.0
202305040403,3,32.7
202305040505,2,37.2
202305040404,3,37.8
202305040506,3,30.5
202305040405,1,59.2
202305040507,2,43.8
202305040406,4,21.8
202305040508,2,44.8
202305040407,1,55.8
202305040509,0,
202305040408,5,25.1
202305040510,4,26.4
202305040409,3,32.9
202305040511,2,29.3
202305040410,2,33.8
202305040512,3,33.9
202305040411,2,39.4
202305040601,2,43.8
202305040412,2,33.7
202305040602,3,39.6
202305040501,2,37.2
202305040603,1,60.0
202305040502,1,67.0
202305040604,3,27.8
202305040503,1,59.0
202305040605,2,35.5
202305040504,3,32.0
202305040606,1,50.4
202305040505,2,37.2
202305040607,3,36.2
202305040506,3,30.5
202305040608,3,30.0
202305040507,2,43.8
202305040609,1,81.7
202305040508,2,44.8
202305040610,3,27.0
202305040509,0,
202305040611,2,34.6
202305040510,4,26.4
202305040612,1,56.6
202305040511,2,29.3
202305040701,3,37.3
202305040512,3,33.9
202305040601,2,43.8
202305040702,1,47.0
202305040602,3,39.6
202305040703,1,57.6
202305040603,1,60.0
202305040704,2,33.7
202305040604,3,27.8
202305040705,3,29.2
202305040605,2,35.5
202305040706,1,70.1
202305040606,1,50.4
202305040707,2,28.4
202305040607,3,36.2
202305040708,2,46.3
202305040608,3,30.0
202305040709,1,26.9
202305040609,1,81.7
202305040710,3,25.4
202305040610,3,27.0
202305040711,4,28.7
202305040611,2,34.6
202305040712,3,21.8
202305040801,2,50.2
202305040612,1,56.6
202305040802,3,33.2
202305040701,3,37.3
202305040702,1,47.0
202305040803,1,63.4
202305040703,1,57.6
202305040804,2,36.8
202305040704,2,33.7
202305040805,2,46.3
202305040806,2,40.3
202305040705,3,29.2
202305040807,3,30.8
202305040706,1,70.1
202305040808,2,37.5
202305040707,2,28.4
202305040809,5,27.8
202305040708,2,46.3
202305040810,1,50.0
202305040709,1,26.9
202305040811,2,41.3
202305040710,3,25.4
202305040812,2,40.2
202305040711,4,28.7
202305040901,2,43.1
202305040712,3,21.8
202305040902,2,52.6
202305040801,2,50.2
202305040903,2,40.7
202305040802,3,33.2
202305040904,2,35.2
202305040803,1,63.4
202305040905,1,45.7
202305040804,2,36.8
202305040906,3,34.2
202305040805,2,46.3
202305040907,2,43.6
202305040806,2,40.3
202305040908,1,54.8
202305040807,3,30.8
202305040909,1,77.3
202305040808,2,37.5
202305040910,3,28.5
202305040809,5,27.8
202305040911,2,37.4
202305040810,1,50.0
202305040912,3,26.7
202305040811,2,41.3
202305050101,2,50.2
202305040812,2,40.2
202305050102,3,37.7
202305040901,2,43.1
202305050103,2,37.5
202305040902,2,52.6
202305050104,2,35.2
202305040903,2,40.7
202305040904,2,35.2
202305050105,2,45.3
202305050106,5,30.6
202305040905,1,45.7
202305050107,2,41.5
202305040906,3,34.2
202305050108,0,
202305040907,2,43.6
202305050109,3,36.6
202305040908,1,54.8
202305050110,1,51.0
202305040909,1,77.3
202305050111,2,35.7
202305040910,3,28.5
202305050112,3,34.1
202305040911,2,37.4
202305050201,2,49.9
202305040912,3,26.7
202305050202,2,48.3
202305050101,2,50.2
202305050203,3,31.6
202305050102,3,37.7
202305050204,1,108.3
202305050103,2,37.5
202305050205,2,33.3
202305050104,2,35.2
202305050206,4,24.1
202305050105,2,45.3
202305050207,2,41.9
202305050106,5,30.6
202305050208,3,30.2
202305050107,2,41.5
202305050209,1,55.9
202305050108,0,
202305050210,3,31.0
202305050109,3,36.6
202305050211,5,21.4
202305050110,1,51.0
202305050212,2,45.0
202305050111,2,35.7
202305050301,2,37.0
202305050112,3,34.1
202305050302,1,58.5
202305050201,2,49.9
202305050303,1,66.6
202305050202,2,48.3
202305050304,2,46.7
202305050203,3,31.6
202305050305,2,46.6
202305050204,1,108.3
202305050306,2,31.8
202305050205,2,33.3
202305050307,4,23.6
202305050206,4,24.1
202305050308,4,30.2
202305050207,2,41.9
202305050309,3,30.2
202305050208,3,30.2
202305050310,3,33.4
202305050209,1,55.9
202305050311,4,27.4
202305050210,3,31.0
202305050312,1,58.7
202305050211,5,21.4
202305050401,3,35.3
202305050212,2,45.0
202305050402,2,49.9
202305050301,2,37.0
202305050302,1,58.5
202305050403,3,36.9
202305050303,1,66.6
202305050404,2,32.8
202305050304,2,46.7
202305050405,1,51.9
202305050305,2,46.6
202305050406,2,45.5
202305050306,2,31.8
202305050407,5,29.3
202305050307,4,23.6
202305050408,2,46.9
202305050308,4,30.2
202305050409,3,28.9
202305050309,3,30.2
202305050410,3,29.1
202305050310,3,33.4
202305050411,3,21.6
202305050311,4,27.4
202305050412,1,41.4
202305050312,1,58.7
202305050501,4,29.1
202305050401,3,35.3
202305050502,3,30.5
202305050402,2,49.9
202305050503,3,35.4
202305050504,2,40.5
202305050403,3,36.9
202305050404,2,32.8
202305050505,2,38.3
202305050506,1,68.6
202305050405,1,51.9
202305050507,2,43.3
202305050406,2,45.5
202305050407,5,29.3
202305050508,4,30.5
202305050408,2,46.9
202305050509,2,40.6
202305050409,3,28.9
202305050510,3,33.1
202305050410,3,29.1
202305050511,1,48.4
202305050512,3,32.7
202305050411,3,21.6
202305050601,3,33.0
202305050412,1,41.4
202305050602,3,40.0
202305050501,4,29.1
202305050502,3,30.5
202305050603,3,35.6
202305050503,3,35.4
202305050604,2,36.1
202305050504,2,40.5
202305050605,2,34.8
202305050505,2,38.3
202305050606,5,27.9
202305050506,1,68.6
202305050607,4,23.8
202305050608,2,36.2
202305050507,2,43.3
202305050508,4,30.5
202305050609,1,50.5
202305050509,2,40.6
202305050610,1,48.5
202305050510,3,33.1
202305050611,3,26.5
202305050511,1,48.4
202305050612,5,21.4
202305050512,3,32.7
202305050701,3,33.8
202305050601,3,33.0
202305050702,3,32.9
202305050602,3,40.0
202305050703,2,46.3
202305050603,3,35.6
202305050704,2,33.7
202305050604,2,36.1
202305050705,4,25.0
202305050605,2,34.8
202305050706,3,31.7
202305050606,5,27.9
202305050707,3,30.5
202305050607,4,23.8
202305050708,3,29.5
202305050608,2,36.2
202305050709,3,25.0
202305050609,1,50.5
202305050710,4,26.2
202305050711,2,48.9
202305050610,1,48.5
202305050611,3,26.5
202305050712,3,33.1
202305050612,5,21.4
202305050801,2,35.7
202305050802,5,29.1
202305050701,3,33.8
202305050803,2,46.1
202305050702,3,32.9
202305050804,2,39.8
202305050703,2,46.3
202305050805,2,40.7
202305050704,2,33.7
202305050806,2,37.0
202305050705,4,25.0
202305050807,3,31.4
202305050706,3,31.7
202305050808,1,63.5
202305050707,3,30.5
202305050809,1,42.1
202305050708,3,29.5
202305050810,4,31.2
202305050709,3,25.0
202305050811,3,29.9
202305050710,4,26.2
202305050812,5,30.1
202305050711,2,48.9
202306010101,1,29.4
202305050712,3,33.1
202306010102,4,25.3
202305050801,2,35.7
202306010103,1,27.0
202305050802,5,29.1
202306010104,1,21.8
202305050803,2,46.1
202306010105,2,29.9
202305050804,2,39.8
202306010106,1,46.2
202305050805,2,40.7
202306010107,3,16.4
202305050806,2,37.0
202306010108,5,22.2
202305050807,3,31.4
202306010109,1,35.7
202305050808,1,63.5
202306010110,2,26.6
202305050809,1,42.1
202306010111,2,12.5
202305050810,4,31.2
202306010112,1,27.7
202305050811,3,29.9
202306010201,4,23.1
202305050812,5,30.1
202306010202,5,20.7
202306010101,1,29.4
202306010203,2,36.4
202306010102,4,25.3
202306010204,1,27.1
202306010103,1,27.0
202306010205,5,15.8
202306010104,1,21.8
202306010206,1,15.3
202306010105,2,29.9
202306010207,5,15.7
202306010106,1,46.2
202306010208,0,
202306010107,3,16.4
202306010209,2,16.8
202306010108,5,22.2
202306010210,1,13.1
202306010109,1,35.7
202306010211,1,21.3
202306010110,2,26.6
202306010212,1,27.2
202306010111,2,12.5
202306010301,1,26.9
202306010112,1,27.7
202306010302,1,19.7
202306010201,4,23.1
202306010303,4,21.2
202306010202,5,20.7
202306010304,0,
202306010203,2,36.4
202306010305,2,21.5
202306010204,1,27.1
202306010306,1,34.9
202306010205,5,15.8
202306010307,3,18.8
202306010206,1,15.3
202306010308,5,13.7
202306010207,5,15.7
202306010309,5,16.9
202306010208,0,
202306010310,1,25.4
202306010209,2,16.8
202306010311,2,21.7
202306010210,1,13.1
202306010312,4,18.6
202306010211,1,21.3
202306010401,4,17.2
202306010212,1,27.2
202306010402,5,24.9
202306010301,1,26.9
202306010403,3,14.7
202306010302,1,19.7
202306010404,5,14.7
202306010303,4,21.2
202306010405,5,19.0
202306010304,0,
202306010406,1,38.2
202306010305,2,21.5
202306010407,3,16.5
202306010306,1,34.9
202306010408,4,22.1
202306010307,3,18.8
202306010409,1,20.7
202306010308,5,13.7
202306010410,1,31.4
202306010309,5,16.9
202306010411,5,16.8
202306010310,1,25.4
202306010412,5,16.4
202306010311,2,21.7
202306010501,1,35.5
202306010312,4,18.6
202306010502,3,32.7
202306010401,4,17.2
202306010503,2,38.5
202306010402,5,24.9
202306010504,3,25.4
202306010403,3,14.7
202306010505,1,28.2
202306010404,5,14.7
202306010506,2,26.5
202306010405,5,19.0
202306010507,2,34.6
202306010406,1,38.2
202306010508,1,31.6
202306010407,3,16.5
202306010509,1,32.1
202306010408,4,22.1
202306010510,1,44.4
202306010409,1,20.7
202306010511,2,24.6
202306010410,1,31.4
202306010512,1,39.1
202306010411,5,16.8
202306010601,1,32.7
202306010412,5,16.4
202306010602,1,38.6
202306010501,1,35.5
202306010603,1,33.4
202306010502,3,32.7
202306010604,2,27.7
202306010503,2,38.5
202306010605,2,33.2
202306010504,3,25.4
202306010606,1,27.8
202306010505,1,28.2
202306010607,2,36.3
202306010506,2,26.5
202306010608,1,34.5
202306010507,2,34.6
202306010609,1,41.6
202306010508,1,31.6
202306010610,1,27.8
202306010509,1,32.1
202306010611,1,56.3
202306010510,1,44.4
202306010612,2,28.6
202306010511,2,24.6
202306010701,1,38.8
202306010512,1,39.1
202306010702,1,23.9
202306010601,1,32.7
202306010703,1,32.2
202306010602,1,38.6
202306010704,3,24.3
202306010603,1,33.4
202306010705,1,39.9
202306010604,2,27.7
202306010706,5,17.7
202306010605,2,33.2
202306010707,2,37.1
202306010606,1,27.8
202306010708,1,37.5
202306010607,2,36.3
202306010709,1,38.2
202306010608,1,34.5
202306010710,1,53.0
202306010609,1,41.6
202306010711,1,26.0
202306010610,1,27.8
202306010712,2,36.0
202306010611,1,56.3
202306010801,1,39.5
202306010612,2,28.6
202306010802,1,35.2
202306010701,1,38.8
202306010803,2,36.0
202306010702,1,23.9
202306010804,2,23.8
202306010703,1,32.2
202306010805,1,21.1
202306010704,3,24.3
202306010806,2,24.2
202306010705,1,39.9
202306010807,3,26.8
202306010706,5,17.7
202306010808,1,32.5
202306010707,2,37.1
202306010809,1,48.8
202306010708,1,37.5
202306010810,1,20.2
202306010709,1,38.2
202306010811,1,35.0
202306010710,1,53.0
202306010812,1,63.1
202306010711,1,26.0
202306020101,3,19.4
202306010712,2,36.0
202306020102,1,38.3
202306010801,1,39.5
202306020103,1,31.4
202306010802,1,35.2
202306020104,3,24.8
202306010803,2,36.0
202306020105,3,28.7
202306010804,2,23.8
202306020106,1,26.9
202306010805,1,21.1
202306020107,2,29.3
202306010806,2,24.2
202306020108,1,36.7
202306010807,3,26.8
202306020109,1,39.5
202306010808,1,32.5
202306020110,1,51.4
202306010809,1,48.8
202306020111,1,24.9
202306010810,1,20.2
202306020112,2,40.6
202306010811,1,35.0
202306020201,1,31.1
202306010812,1,63.1
202306020202,1,24.4
202306020101,3,19.4
202306020203,2,31.2
202306020102,1,38.3
202306020204,1,26.8
202306020103,1,31.4
202306020205,3,20.7
202306020104,3,24.8
202306020206,2,38.0
202306020105,3,28.7
202306020207,2,47.9
202306020106,1,26.9
202306020208,2,32.5
202306020107,2,29.3
202306020209,1,49.7
202306020108,1,36.7
202306020210,1,24.3
202306020109,1,39.5
202306020211,1,27.5
202306020110,1,51.4
202306020212,2,31.3
202306020111,1,24.9
202306020301,0,
202306020112,2,40.6
202306020302,0,
202306020201,1,31.1
202306020303,0,
202306020202,1,24.4
202306020304,0,
202306020203,2,31.2
202306020305,0,
202306020204,1,26.8
202306020306,0,
202306020205,3,20.7
202306020307,0,
202306020206,2,38.0
202306020308,0,
202306020207,2,47.9
202306020309,0,
202306020208,2,32.5
202306020310,0,
202306020209,1,49.7
202306020311,0,
202306020210,1,24.3
202306020312,0,
202306020211,1,27.5
202306020401,0,
202306020212,2,31.3
202306020402,0,
202306020301,0,
202306020403,0,
202306020302,0,
202306020404,0,
202306020303,0,
202306020405,0,
202306020304,0,
202306020406,0,
202306020305,0,
202306020407,0,
202306020306,0,
202306020408,0,
202306020307,0,
202306020409,0,
202306020308,0,
202306020410,0,
202306020309,0,
202306020411,0,
202306020310,0,
202306020412,0,
202306020311,0,
202306020501,1,61.8
202306020312,0,
202306020502,1,37.1
202306020401,0,
202306020503,1,35.1
202306020402,0,
202306020504,1,43.1
202306020403,0,
202306020505,1,34.8
202306020404,0,
202306020506,3,28.9
202306020405,0,
202306020507,1,34.9
202306020406,0,
202306020508,1,26.5
202306020407,0,
202306020509,1,33.2
202306020408,0,
202306020510,1,29.1
202306020409,0,
202306020511,1,29.8
202306020410,0,
202306020512,5,23.3
202306020411,0,
202306020601,2,39.4
202306020412,0,
202306020602,2,34.4
202306020501,1,61.8
202306020603,1,42.0
202306020502,1,37.1
202306020604,0,
202306020503,1,35.1
202306020605,2,31.1
202306020504,1,43.1
202306020606,1,33.4
202306020505,1,34.8
202306020607,1,43.1
202306020506,3,28.9
202306020608,2,29.2
202306020507,1,34.9
202306020609,1,27.6
202306020508,1,26.5
202306020610,1,38.0
202306020509,1,33.2
202306020611,5,17.7
202306020510,1,29.1
202306020612,3,34.2
202306020511,1,29.8
202306020701,1,43.7
202306020512,5,23.3
202306020702,5,26.8
202306020601,2,39.4
202306020703,2,23.9
202306020602,2,34.4
202306020704,1,32.6
202306020603,1,42.0
202306020705,1,25.7
202306020604,0,
202306020706,2,48.5
202306020605,2,31.1
202306020707,2,34.6
202306020606,1,33.4
202306020708,0,
202306020607,1,43.1
202306020709,1,26.0
202306020608,2,29.2
202306020710,1,24.4
202306020609,1,27.6
202306020711,1,28.3
202306020610,1,38.0
202306020712,2,32.4
202306020611,5,17.7
202306020801,1,42.3
202306020612,3,34.2
202306020802,3,31.4
202306020701,1,43.7
202306020803,1,28.8
202306020702,5,26.8
202306020804,1,25.6
202306020703,2,23.9
202306020805,2,25.8
202306020704,1,32.6
202306020806,3,31.3
202306020705,1,25.7
202306020807,2,28.8
202306020706,2,48.5
202306020808,1,32.3
202306020707,2,34.6
202306020809,1,26.9
202306020708,0,
202306020810,1,26.0
202306020709,1,26.0
202306020811,2,25.7
202306020710,1,24.4
202306020812,1,29.1
202306020711,1,28.3
202306030101,5,21.2
202306020712,2,32.4
202306030102,2,41.3
202306020801,1,42.3
202306030103,1,38.0
202306020802,3,31.4
202306030104,5,30.0
202306020803,1,28.8
202306030105,2,45.8
202306020804,1,25.6
202306030106,1,48.4
202306020805,2,25.8
202306030107,1,29.9
202306030108,2,28.5
202306020806,3,31.3
202306030109,1,23.1
202306020807,2,28.8
202306030110,3,21.1
202306020808,1,32.3
202306020809,1,26.9
202306030111,1,40.1
202306020810,1,26.0
202306030112,3,20.1
202306030201,1,41.9
202306020811,2,25.7
202306020812,1,29.1
202306030202,1,26.0
202306030101,5,21.2
202306030203,4,17.9
202306030102,2,41.3
202306030204,0,
202306030205,4,29.3
202306030103,1,38.0
202306030104,5,30.0
202306030206,1,32.6
202306030105,2,45.8
202306030207,3,29.4
202306030106,1,48.4
202306030208,1,63.9
202306030107,1,29.9
202306030209,1,27.5
202306030108,2,28.5
202306030210,1,20.2
202306030109,1,23.1
202306030211,1,26.3
202306030110,3,21.1
202306030212,2,32.1
202306030111,1,40.1
202306030301,2,39.9
202306030112,3,20.1
202306030302,3,35.2
202306030201,1,41.9
202306030303,4,36.2
202306030202,1,26.0
202306030304,5,28.2
202306030203,4,17.9
202306030305,3,36.1
202306030204,0,
202306030306,2,50.5
202306030205,4,29.3
202306030307,3,28.8
202306030206,1,32.6
202306030308,2,33.5
202306030207,3,29.4
202306030309,2,44.0
202306030208,1,63.9
202306030310,2,33.6
202306030209,1,27.5
202306030311,3,30.4
202306030210,1,20.2
202306030312,5,27.9
202306030211,1,26.3
202306030401,3,32.1
202306030212,2,32.1
202306030402,3,34.3
202306030301,2,39.9
202306030403,5,32.4
202306030302,3,35.2
202306030404,0,
202306030303,4,36.2
202306030405,2,42.8
202306030304,5,28.2
202306030406,3,32.9
202306030305,3,36.1
202306030407,3,32.6
202306030306,2,50.5
202306030408,1,69.7
202306030307,3,28.8
202306030409,4,26.3
202306030308,2,33.5
202306030410,1,40.6
202306030309,2,44.0
202306030411,2,34.4
202306030310,2,33.6
202306030412,5,19.1
202306030311,3,30.4
202306030501,2,40.6
202306030312,5,27.9
202306030502,3,36.3
202306030401,3,32.1
202306030503,1,58.2
202306030402,3,34.3
202306030504,2,41.3
202306030403,5,32.4
202306030505,4,28.2
202306030404,0,
202306030506,2,33.0
202306030405,2,42.8
202306030507,1,65.1
202306030406,3,32.9
202306030508,2,38.8
202306030407,3,32.6
202306030509,3,38.3
202306030408,1,69.7
202306030510,3,29.8
202306030409,4,26.3
202306030511,5,29.4
202306030410,1,40.6
202306030512,2,44.8
202306030411,2,34.4
202306030601,2,44.9
202306030412,5,19.1
202306030602,2,40.9
202306030501,2,40.6
202306030603,3,40.5
202306030502,3,36.3
202306030604,3,31.8
202306030503,1,58.2
202306030605,3,32.5
202306030504,2,41.3
202306030606,1,45.9
202306030505,4,28.2
202306030607,1,46.9
202306030506,2,33.0
202306030608,2,36.3
202306030609,5,25.1
202306030507,1,65.1
202306030610,2,42.6
202306030508,2,38.8
202306030611,4,28.1
202306030509,3,38.3
202306030612,3,33.4
202306030510,3,29.8
202306030511,5,29.4
202306030701,2,45.2
202306030512,2,44.8
202306030702,2,42.6
202306030601,2,44.9
202306030703,3,40.3
202306030602,2,40.9
202306030704,2,43.7
202306030603,3,40.5
202306030705,3,34.8
202306030604,3,31.8
202306030706,2,34.9
202306030605,3,32.5
202306030707,1,31.8
202306030708,4,31.0
202306030606,1,45.9
202306030709,2,44.4
202306030607,1,46.9
202306030710,3,35.0
202306030608,2,36.3
202306030711,0,
202306030609,5,25.1
202306030610,2,42.6
202306030712,2,42.0
202306030801,3,41.6
202306030611,4,28.1
202306030802,3,36.1
202306030612,3,33.4
202306030803,2,46.6
202306030701,2,45.2
202306030804,4,33.0
202306030702,2,42.6
202306030703,3,40.3
202306030805,3,31.7
202306030704,2,43.7
202306030806,2,49.4
202306030705,3,34.8
202306030807,2,41.1
202306030706,2,34.9
202306030808,4,30.2
202306030707,1,31.8
202306030809,4,25.9
202306030810,4,25.6
202306030708,4,31.0
202306030811,5,21.1
202306030709,2,44.4
202306030710,3,35.0
202306030812,3,31.0
202306030711,0,
202306040101,0,
202306030712,2,42.0
202306040102,1,53.6
202306030801,3,41.6
202306040103,2,37.4
202306030802,3,36.1
202306040104,3,33.6
202306030803,2,46.6
202306040105,1,47.4
202306030804,4,33.0
202306040106,3,36.7
202306030805,3,31.7
202306040107,1,62.6
202306030806,2,49.4
202306040108,1,53.8
202306030807,2,41.1
202306040109,1,57.2
202306030808,4,30.2
202306040110,1,42.9
202306030809,4,25.9
202306040111,5,25.1
202306030810,4,25.6
202306040112,3,33.8
202306030811,5,21.1
202306040201,3,34.6
202306030812,3,31.0
202306040202,1,65.8
202306040101,0,
202306040203,2,35.8
202306040102,1,53.6
202306040204,4,31.4
202306040103,2,37.4
202306040205,2,42.4
202306040104,3,33.6
202306040206,1,62.3
202306040105,1,47.4
202306040207,3,32.1
202306040106,3,36.7
202306040208,1,47.5
202306040107,1,62.6
202306040209,2,47.3
202306040108,1,53.8
202306040210,2,30.0
202306040109,1,57.2
202306040211,2,36.4
202306040110,1,42.9
202306040212,4,30.7
202306040111,5,25.1
202306040301,2,43.3
202306040112,3,33.8
202306040302,2,46.6
202306040201,3,34.6
202306040303,2,46.2
202306040202,1,65.8
202306040304,2,40.1
202306040203,2,35.8
202306040305,1,57.7
202306040204,4,31.4
202306040306,3,33.5
202306040205,2,42.4
202306040307,3,35.0
202306040206,1,62.3
202306040308,2,38.3
202306040207,3,32.1
202306040309,4,31.7
202306040208,1,47.5
202306040310,1,50.9
202306040209,2,47.3
202306040311,2,47.5
202306040210,2,30.0
202306040312,2,25.6
202306040211,2,36.4
202306040401,2,41.3
202306040212,4,30.7
202306040402,2,39.5
202306040301,2,43.3
202306040403,1,48.1
202306040302,2,46.6
202306040404,2,37.0
202306040303,2,46.2
202306040405,3,30.1
202306040304,2,40.1
202306040406,1,55.3
202306040305,1,57.7
202306040407,4,30.3
202306040306,3,33.5
202306040408,4,31.3
202306040307,3,35.0
202306040409,2,27.8
202306040308,2,38.3
202306040410,2,28.7
202306040309,4,31.7
202306040411,4,28.6
202306040310,1,50.9
202306040412,3,27.6
202306040311,2,47.5
202306040501,0,
202306040312,2,25.6
202306040502,3,31.6
202306040401,2,41.3
202306040503,2,38.3
202306040402,2,39.5
202306040504,1,46.6
202306040403,1,48.1
202306040505,2,43.8
202306040404,2,37.0
202306040506,1,58.8
202306040405,3,30.1
202306040507,3,31.8
202306040406,1,55.3
202306040508,1,60.2
202306040407,4,30.3
202306040509,3,33.0
202306040408,4,31.3
202306040510,4,29.7
202306040409,2,27.8
202306040511,3,35.5
202306040410,2,28.7
202306040512,3,37.6
202306040411,4,28.6
202306040601,2,45.1
202306040412,3,27.6
202306040602,2,37.3
202306040501,0,
202306040603,2,31.3
202306040502,3,31.6
202306040604,4,29.9
202306040503,2,38.3
202306040605,3,33.1
202306040504,1,46.6
202306040606,2,34.2
202306040505,2,43.8
202306040607,2,36.1
202306040506,1,58.8
202306040608,0,
202306040507,3,31.8
202306040609,1,52.2
202306040508,1,60.2
202306040610,2,40.3
202306040509,3,33.0
202306040611,2,45.0
202306040510,4,29.7
202306040612,3,34.7
202306040511,3,35.5
202306040701,1,53.6
202306040512,3,37.6
202306040702,1,60.0
202306040601,2,45.1
202306040703,2,47.2
202306040602,2,37.3
202306040704,2,36.4
202306040603,2,31.3
202306040705,1,45.3
202306040604,4,29.9
202306040706,2,40.3
202306040605,3,33.1
202306040707,4,31.2
202306040606,2,34.2
202306040708,2,38.6
202306040607,2,36.1
202306040709,4,28.1
202306040608,0,
202306040710,2,40.0
202306040609,1,52.2
202306040711,3,28.9
202306040610,2,40.3
202306040712,3,36.4
202306040611,2,45.0
202306040801,0,
202306040612,3,34.7
202306040802,3,33.7
202306040701,1,53.6
202306040803,3,38.1
202306040702,1,60.0
202306040804,2,34.8
202306040703,2,47.2
202306040805,2,30.2
202306040704,2,36.4
202306040806,3,31.9
202306040705,1,45.3
202306040807,3,30.2
202306040706,2,40.3
202306040808,3,34.0
202306040707,4,31.2
202306040809,1,56.8
202306040708,2,38.6
202306040810,3,29.3
202306040709,4,28.1
202306040811,3,27.2
202306040710,2,40.0
202306040812,3,32.2
202306040711,3,28.9
202306040901,2,39.2
202306040712,3,36.4
202306040902,2,44.0
202306040801,0,
202306040903,2,35.6
202306040802,3,33.7
202306040904,2,38.7
202306040803,3,38.1
202306040905,2,43.1
202306040804,2,34.8
202306040906,3,36.2
202306040805,2,30.2
202306040907,4,26.1
202306040806,3,31.9
202306040908,1,56.0
202306040807,3,30.2
202306040909,3,32.4
202306040808,3,34.0
202306040910,2,25.4
202306040809,1,56.8
202306040911,5,25.2
202306040810,3,29.3
202306040912,4,30.2
202306040811,3,27.2
202306050101,3,35.7
202306040812,3,32.2
202306050102,2,38.4
202306040901,2,39.2
202306050103,3,37.4
202306040902,2,44.0
202306050104,3,34.1
202306040903,2,35.6
202306050105,2,30.3
202306040904,2,38.7
202306050106,3,26.9
202306040905,2,43.1
202306050107,3,28.9
202306040906,3,36.2
202306050108,0,
202306040907,4,26.1
202306050109,1,54.8
202306040908,1,56.0
202306050110,2,27.6
202306040909,3,32.4
202306050111,3,32.9
202306040910,2,25.4
202306050112,3,25.4
202306040911,5,25.2
202306050201,3,33.9
202306040912,4,30.2
202306050202,3,34.4
202306050101,3,35.7
202306050203,4,28.1
202306050102,2,38.4
202306050204,2,34.7
202306050103,3,37.4
202306050205,3,24.0
202306050104,3,34.1
202306050206,3,29.5
202306050105,2,30.3
202306050207,2,43.0
202306050106,3,26.9
202306050107,3,28.9
202306050208,2,35.4
202306050108,0,
202306050209,2,27.7
202306050109,1,54.8
202306050210,5,27.4
202306050211,2,35.8
202306050110,2,27.6
202306050212,4,28.0
202306050111,3,32.9
202306050301,2,41.6
202306050112,3,25.4
202306050201,3,33.9
202306050302,2,46.4
202306050202,3,34.4
202306050303,3,31.0
202306050203,4,28.1
202306050304,3,34.3
202306050204,2,34.7
202306050305,3,28.1
202306050205,3,24.0
202306050306,3,30.0
202306050206,3,29.5
202306050307,4,29.0
202306050207,2,43.0
202306050308,3,29.8
202306050208,2,35.4
202306050309,2,39.9
202306050209,2,27.7
202306050310,3,31.4
202306050210,5,27.4
202306050311,3,33.1
202306050211,2,35.8
202306050312,3,31.1
202306050212,4,28.0
202306050401,2,33.5
202306050301,2,41.6
202306050402,3,40.0
202306050302,2,46.4
202306050403,2,45.4
202306050303,3,31.0
202306050404,0,
202306050304,3,34.3
202306050405,2,32.7
202306050305,3,28.1
202306050406,3,34.0
202306050306,3,30.0
202306050407,3,30.8
202306050307,4,29.0
202306050408,2,37.5
202306050308,3,29.8
202306050409,2,30.6
202306050309,2,39.9
202306050410,4,28.4
202306050310,3,31.4
202306050411,3,24.6
202306050311,3,33.1
202306050412,2,33.8
202306050312,3,31.1
202306050501,3,34.8
202306050401,2,33.5
202306050502,2,36.2
202306050402,3,40.0
202306050503,3,31.4
202306050403,2,45.4
202306050504,3,36.4
202306050404,0,
202306050505,4,24.6
202306050405,2,32.7
202306050506,2,34.9
202306050406,3,34.0
202306050507,4,26.4
202306050407,3,30.8
202306050508,3,31.4
202306050408,2,37.5
202306050509,4,27.8
202306050409,2,30.6
202306050510,3,26.7
202306050410,4,28.4
202306050511,3,25.7
202306050411,3,24.6
202306050512,3,25.7
202306050412,2,33.8
202306050601,3,36.0
202306050501,3,34.8
202306050602,3,30.9
202306050502,2,36.2
202306050603,3,37.2
202306050503,3,31.4
202306050604,0,
202306050504,3,36.4
202306050605,3,32.4
202306050505,4,24.6
202306050606,2,40.6
202306050506,2,34.9
202306050607,4,25.0
202306050507,4,26.4
202306050608,3,36.5
202306050508,3,31.4
202306050609,1,70.7
202306050509,4,27.8
202306050610,1,54.1
202306050510,3,26.7
202306050611,2,28.6
202306050511,3,25.7
202306050612,3,31.5
202306050512,3,25.7
202306050701,3,32.6
202306050601,3,36.0
202306050702,3,34.7
202306050602,3,30.9
202306050703,3,39.3
202306050603,3,37.2
202306050704,3,39.3
202306050604,0,
202306050705,3,28.7
202306050605,3,32.4
202306050706,2,30.0
202306050606,2,40.6
202306050707,2,36.4
202306050607,4,25.0
202306050708,3,30.3
202306050608,3,36.5
202306050709,3,27.2
202306050609,1,70.7
202306050710,0,
202306050610,1,54.1
202306050711,5,28.6
202306050611,2,28.6
202306050612,3,31.5
202306050712,3,31.0
202306050701,3,32.6
202306050801,3,37.2
202306050802,3,38.6
202306050702,3,34.7
202306050803,3,38.3
202306050703,3,39.3
202306050804,3,37.4
202306050704,3,39.3
202306050805,3,31.8
202306050705,3,28.7
202306050806,2,37.0
202306050706,2,30.0
202306050707,2,36.4
202306050807,3,31.6
202306050808,3,41.1
202306050708,3,30.3
202306050709,3,27.2
202306050809,3,32.6
202306050710,0,
202306050810,3,34.6
202306050811,3,32.7
202306050711,5,28.6
202306050712,3,31.0
202306050812,3,35.5
202306050801,3,37.2
202306050901,2,41.7
202306050802,3,38.6
202306050902,3,33.7
202306050903,3,40.0
202306050803,3,38.3
202306050904,2,31.9
202306050804,3,37.4
202306050805,3,31.8
202306050905,2,40.1
202306050806,2,37.0
202306050906,2,32.0
202306050807,3,31.6
202306050907,3,29.5
202306050808,3,41.1
202306050908,3,30.7
202306050809,3,32.6
202306050909,5,26.4
202306050810,3,34.6
202306050910,3,29.2
202306050811,3,32.7
202306050911,3,25.4
202306050812,3,35.5
202306050912,3,27.6
202306050901,2,41.7
202307010101,3,28.1
202306050902,3,33.7
202307010102,3,11.3
202306050903,3,40.0
202307010103,5,18.2
202306050904,2,31.9
202307010104,2,24.2
202306050905,2,40.1
202307010105,1,29.8
202306050906,2,32.0
202307010106,1,54.6
202307010107,4,13.7
202306050907,3,29.5
202307010108,3,19.5
202306050908,3,30.7
202306050909,5,26.4
202307010109,1,16.5
202306050910,3,29.2
202307010110,2,11.0
202306050911,3,25.4
202307010111,3,14.4
202307010112,3,30.3
202306050912,3,27.6
202307010201,5,14.2
202307010101,3,28.1
202307010102,3,11.3
202307010202,1,31.1
202307010103,5,18.2
202307010203,2,25.5
202307010104,2,24.2
202307010204,1,25.6
202307010105,1,29.8
202307010205,2,36.6
202307010106,1,54.6
202307010206,1,39.4
202307010107,4,13.7
202307010207,2,20.3
202307010108,3,19.5
202307010208,2,18.0
202307010109,1,16.5
202307010209,1,24.0
202307010110,2,11.0
202307010210,1,17.5
202307010111,3,14.4
202307010211,1,25.6
202307010112,3,30.3
202307010212,2,14.8
202307010201,5,14.2
202307010301,2,24.2
202307010202,1,31.1
202307010302,1,30.4
202307010203,2,25.5
202307010303,1,13.2
202307010204,1,25.6
202307010304,3,13.1
202307010205,2,36.6
202307010305,5,17.4
202307010206,1,39.4
202307010306,3,26.4
202307010207,2,20.3
202307010307,2,21.4
202307010208,2,18.0
202307010308,1,31.3
202307010209,1,24.0
202307010309,1,16.3
202307010210,1,17.5
202307010310,1,29.7
202307010211,1,25.6
202307010311,2,38.3
202307010212,2,14.8
202307010312,2,26.3
202307010301,2,24.2
202307010401,3,25.8
202307010302,1,30.4
202307010402,3,23.8
202307010303,1,13.2
202307010403,2,31.3
202307010304,3,13.1
202307010404,5,16.0
202307010305,5,17.4
202307010405,3,22.9
202307010306,3,26.4
202307010406,4,22.9
202307010407,1,24.3
202307010307,2,21.4
202307010308,1,31.3
202307010408,2,20.7
202307010309,1,16.3
202307010409,2,20.7
202307010310,1,29.7
202307010410,1,18.0
202307010311,2,38.3
202307010411,1,13.9
202307010312,2,26.3
202307010412,5,25.7
202307010401,3,25.8
202307010501,3,35.7
202307010402,3,23.8
202307010502,2,36.5
202307010403,2,31.3
202307010503,1,33.0
202307010404,5,16.0
202307010504,5,11.5
202307010405,3,22.9
202307010505,2,29.5
202307010406,4,22.9
202307010506,1,69.5
202307010407,1,24.3
202307010507,1,59.0
202307010408,2,20.7
202307010508,1,31.8
202307010409,2,20.7
202307010509,1,34.2
202307010410,1,18.0
202307010510,1,27.0
202307010411,1,13.9
202307010511,2,28.9
202307010412,5,25.7
202307010512,2,26.0
202307010501,3,35.7
202307010601,1,42.7
202307010502,2,36.5
202307010602,1,30.2
202307010503,1,33.0
202307010603,2,34.7
202307010504,5,11.5
202307010604,1,33.4
202307010505,2,29.5
202307010605,1,59.2
202307010506,1,69.5
202307010606,1,46.9
202307010507,1,59.0
202307010607,1,34.2
202307010508,1,31.8
202307010608,1,30.4
202307010509,1,34.2
202307010609,1,28.2
202307010510,1,27.0
202307010610,1,39.5
202307010511,2,28.9
202307010611,1,28.7
202307010512,2,26.0
202307010612,1,48.1
202307010601,1,42.7
202307010701,2,30.7
202307010602,1,30.2
202307010702,1,57.6
202307010703,1,33.3
202307010603,2,34.7
202307010604,1,33.4
202307010704,1,56.7
202307010705,1,39.3
202307010605,1,59.2
202307010706,1,44.9
202307010606,1,46.9
202307010707,1,28.9
202307010607,1,34.2
202307010708,3,31.0
202307010608,1,30.4
202307010709,1,25.3
202307010609,1,28.2
202307010710,1,55.5
202307010610,1,39.5
202307010711,1,43.2
202307010611,1,28.7
202307010712,1,65.8
202307010612,1,48.1
202307010801,2,45.0
202307010701,2,30.7
202307010802,1,47.0
202307010702,1,57.6
202307010803,2,26.1
202307010703,1,33.3
202307010804,1,33.2
202307010704,1,56.7
202307010805,1,56.2
202307010705,1,39.3
202307010806,1,31.9
202307010706,1,44.9
202307010807,1,34.9
202307010707,1,28.9
202307010808,2,31.4
202307010708,3,31.0
202307010809,1,42.4
202307010709,1,25.3
202307010810,1,46.4
202307010710,1,55.5
202307010811,1,31.2
202307010711,1,43.2
202307010812,1,51.9
202307010712,1,65.8
202307010901,2,45.2
202307010801,2,45.0
202307010902,1,47.9
202307010802,1,47.0
202307010903,2,35.2
202307010803,2,26.1
202307010904,5,13.6
202307010804,1,33.2
202307010905,1,56.5
202307010805,1,56.2
202307010906,1,32.9
202307010806,1,31.9
202307010907,1,45.6
202307010807,1,34.9
202307010908,1,28.5
202307010808,2,31.4
202307010909,1,56.6
202307010809,1,42.4
202307010910,1,58.4
202307010810,1,46.4
202307010911,1,28.4
202307010811,1,31.2
202307010912,1,24.1
202307010812,1,51.9
202307011001,1,39.7
202307010901,2,45.2
202307011002,3,25.3
202307010902,1,47.9
202307011003,2,39.7
202307010903,2,35.2
202307011004,1,35.9
202307010904,5,13.6
202307011005,1,29.0
202307010905,1,56.5
202307011006,1,31.6
202307010906,1,32.9
202307011007,1,28.1
202307010907,1,45.6
202307011008,2,25.7
202307010908,1,28.5
202307011009,1,57.5
202307010909,1,56.6
202307011010,1,27.4
202307010910,1,58.4
202307011011,1,37.4
202307010911,1,28.4
202307011012,1,44.1
202307010912,1,24.1
202307011101,2,32.0
202307011001,1,39.7
202307011102,2,34.2
202307011002,3,25.3
202307011103,1,41.2
202307011003,2,39.7
202307011104,1,45.8
202307011004,1,35.9
202307011105,1,53.8
202307011005,1,29.0
202307011106,1,30.7
202307011006,1,31.6
202307011107,1,36.8
202307011007,1,28.1
202307011108,3,30.0
202307011008,2,25.7
202307011109,1,47.5
202307011009,1,57.5
202307011110,1,37.0
202307011010,1,27.4
202307011111,1,24.9
202307011011,1,37.4
202307011112,1,32.6
202307011012,1,44.1
202307011201,1,45.0
202307011101,2,32.0
202307011202,3,34.0
202307011102,2,34.2
202307011203,2,42.9
202307011103,1,41.2
202307011204,1,41.7
202307011104,1,45.8
202307011205,2,22.0
202307011105,1,53.8
202307011206,5,13.0
202307011106,1,30.7
202307011207,2,44.1
202307011107,1,36.8
202307011208,1,61.9
202307011108,3,30.0
202307011209,1,32.7
202307011109,1,47.5
202307011210,2,20.3
202307011110,1,37.0
202307011211,1,48.0
202307011111,1,24.9
202307011212,2,42.1
202307011112,1,32.6
202307020101,1,25.7
202307011201,1,45.0
202307020102,4,30.9
202307011202,3,34.0
202307020103,1,35.5
202307011203,2,42.9
202307020104,4,15.3
202307011204,1,41.7
202307020105,5,21.9
202307011205,2,22.0
202307020106,1,36.4
202307011206,5,13.0
202307020107,1,43.5
202307011207,2,44.1
202307020108,1,39.4
202307011208,1,61.9
202307020109,1,22.8
202307011209,1,32.7
202307020110,1,39.7
202307011210,2,20.3
202307020111,1,26.6
202307011211,1,48.0
202307011212,2,42.1
202307020112,2,21.4
202307020101,1,25.7
202307020201,1,43.2
202307020202,1,40.3
202307020102,4,30.9
202307020103,1,35.5
202307020203,1,31.2
202307020104,4,15.3
202307020204,1,38.5
202307020105,5,21.9
202307020205,1,44.4
202307020106,1,36.4
202307020206,1,34.0
202307020107,1,43.5
202307020207,1,38.5
202307020108,1,39.4
202307020208,1,34.9
202307020109,1,22.8
202307020209,1,37.1
202307020110,1,39.7
202307020210,2,22.2
202307020111,1,26.6
202307020211,1,36.1
202307020112,2,21.4
202307020212,1,23.9
202307020201,1,43.2
202307020301,1,36.2
202307020202,1,40.3
202307020302,2,35.8
202307020203,1,31.2
202307020303,1,41.3
202307020204,1,38.5
202307020304,1,27.2
202307020205,1,44.4
202307020305,2,29.8
202307020206,1,34.0
202307020306,1,36.9
202307020207,1,38.5
202307020307,1,51.8
202307020308,2,20.0
202307020208,1,34.9
202307020309,1,28.7
202307020209,1,37.1
202307020310,2,34.6
202307020210,2,22.2
202307020311,1,35.7
202307020211,1,36.1
202307020312,1,32.7
202307020212,1,23.9
202307020401,2,35.5
202307020301,1,36.2
202307020402,1,36.0
202307020302,2,35.8
202307020403,2,30.2
202307020303,1,41.3
202307020404,2,40.1
202307020304,1,27.2
202307020405,2,24.0
202307020305,2,29.8
202307020406,3,20.7
202307020306,1,36.9
202307020407,1,33.9
202307020307,1,51.8
202307020408,3,28.5
202307020308,2,20.0
202307020409,1,35.2
202307020309,1,28.7
202307020410,2,26.3
202307020310,2,34.6
202307020411,1,28.8
202307020311,1,35.7
202307020412,1,30.2
202307020312,1,32.7
202307020501,1,33.8
202307020401,2,35.5
202307020502,1,34.1
202307020402,1,36.0
202307020503,2,34.3
202307020403,2,30.2
202307020504,2,13.0
202307020404,2,40.1
202307020505,3,21.5
202307020405,2,24.0
202307020506,1,31.1
202307020406,3,20.7
202307020507,2,29.4
202307020407,1,33.9
202307020508,1,47.6
202307020408,3,28.5
202307020509,1,53.5
202307020409,1,35.2
202307020510,2,24.7
202307020410,2,26.3
202307020511,1,18.0
202307020411,1,28.8
202307020512,1,35.2
202307020412,1,30.2
202307020601,2,32.5
202307020501,1,33.8
202307020602,1,45.4
202307020502,1,34.1
202307020603,3,36.2
202307020503,2,34.3
202307020604,3,29.6
202307020504,2,13.0
202307020605,1,43.6
202307020505,3,21.5
202307020606,3,26.7
202307020506,1,31.1
202307020607,2,27.7
202307020507,2,29.4
202307020608,1,23.6
202307020508,1,47.6
202307020609,1,33.7
202307020509,1,53.5
202307020610,1,39.7
202307020510,2,24.7
202307020611,1,23.3
202307020511,1,18.0
202307020612,1,35.8
202307020512,1,35.2
202307030101,1,63.2
202307020601,2,32.5
202307030102,3,35.7
202307020602,1,45.4
202307030103,3,32.5
202307020603,3,36.2
202307030104,3,24.7
202307020604,3,29.6
202307030105,1,64.7
202307020605,1,43.6
202307030106,1,33.1
202307020606,3,26.7
202307030107,3,33.3
202307020607,2,27.7
202307030108,1,56.8
202307020608,1,23.6
202307030109,2,40.1
202307020609,1,33.7
202307030110,2,36.5
202307020610,1,39.7
202307030111,3,30.1
202307020611,1,23.3
202307030112,4,28.4
202307020612,1,35.8
202307030201,0,
202307030101,1,63.2
202307030202,3,32.4
202307030102,3,35.7
202307030203,3,33.3
202307030103,3,32.5
202307030204,4,24.3
202307030104,3,24.7
202307030205,1,46.7
202307030105,1,64.7
202307030206,2,41.6
202307030106,1,33.1
202307030207,1,54.3
202307030107,3,33.3
202307030208,5,26.0
202307030108,1,56.8
202307030209,1,55.5
202307030109,2,40.1
202307030210,4,29.4
202307030110,2,36.5
202307030211,2,36.4
202307030111,3,30.1
202307030212,3,35.5
202307030112,4,28.4
202307030301,0,
202307030201,0,
202307030302,3,31.5
202307030202,3,32.4
202307030303,2,38.5
202307030203,3,33.3
202307030304,0,
202307030204,4,24.3
202307030305,1,59.7
202307030205,1,46.7
202307030306,3,32.6
202307030206,2,41.6
202307030307,5,22.7
202307030207,1,54.3
202307030308,3,37.5
202307030208,5,26.0
202307030309,1,49.2
202307030209,1,55.5
202307030310,4,30.0
202307030210,4,29.4
202307030311,4,28.8
202307030211,2,36.4
202307030312,3,30.7
202307030212,3,35.5
202307030401,1,106.5
202307030301,0,
202307030402,3,34.8
202307030302,3,31.5
202307030303,2,38.5
202307030403,2,33.9
202307030304,0,
202307030404,3,34.9
202307030305,1,59.7
202307030405,1,55.3
202307030306,3,32.6
202307030406,2,28.2
202307030307,5,22.7
202307030407,2,44.6
202307030308,3,37.5
202307030408,4,32.0
202307030309,1,49.2
202307030409,3,26.4
202307030310,4,30.0
202307030410,2,36.0
202307030311,4,28.8
202307030411,4,27.1
202307030312,3,30.7
202307030412,2,45.5
202307030401,1,106.5
202307030501,1,64.7
202307030402,3,34.8
202307030502,2,41.5
202307030403,2,33.9
202307030503,3,36.0
202307030404,3,34.9
202307030504,2,36.8
202307030405,1,55.3
202307030505,1,49.5
202307030406,2,28.2
202307030506,1,60.0
202307030407,2,44.6
202307030507,1,38.3
202307030408,4,32.0
202307030508,1,64.1
202307030409,3,26.4
202307030509,1,54.1
202307030510,4,25.6
202307030410,2,36.0
202307030511,2,39.3
202307030411,4,27.1
202307030512,4,27.8
202307030412,2,45.5
202307030601,0,
202307030501,1,64.7
202307030602,3,35.7
202307030502,2,41.5
202307030603,5,22.7
202307030503,3,36.0
202307030604,3,31.0
202307030504,2,36.8
202307030605,2,36.5
202307030505,1,49.5
202307030606,2,34.3
202307030506,1,60.0
202307030607,3,28.2
202307030507,1,38.3
202307030608,3,33.2
202307030508,1,64.1
202307030609,4,22.8
202307030509,1,54.1
202307030610,4,27.2
202307030510,4,25.6
202307030611,3,34.8
202307030511,2,39.3
202307030612,3,21.7
202307030512,4,27.8
202307030701,0,
202307030601,0,
202307030702,3,34.7
202307030602,3,35.7
202307030703,3,37.8
202307030603,5,22.7
202307030704,0,
202307030604,3,31.0
202307030705,1,45.1
202307030605,2,36.5
202307030706,3,38.3
202307030606,2,34.3
202307030707,3,30.9
202307030607,3,28.2
202307030708,2,35.7
202307030608,3,33.2
202307030709,2,48.0
202307030609,4,22.8
202307030710,5,27.5
202307030610,4,27.2
202307030711,4,22.7
202307030611,3,34.8
202307030712,3,34.9
202307030612,3,21.7
202307030801,1,50.7
202307030701,0,
202307030802,2,44.4
202307030702,3,34.7
202307030803,4,26.8
202307030703,3,37.8
202307030804,4,29.7
202307030704,0,
202307030805,2,45.2
202307030705,1,45.1
202307030806,3,28.5
202307030706,3,38.3
202307030807,4,31.5
202307030707,3,30.9
202307030808,4,22.0
202307030708,2,35.7
202307030809,2,47.2
202307030709,2,48.0
202307030810,3,27.9
202307030710,5,27.5
202307030811,5,23.3
202307030711,4,22.7
202307030812,3,32.5
202307030712,3,34.9
202307040101,3,32.6
202307030801,1,50.7
202307040102,1,50.5
202307030802,2,44.4
202307040103,3,29.1
202307030803,4,26.8
202307040104,2,41.1
202307030804,4,29.7
202307040105,2,40.3
202307030805,2,45.2
202307040106,5,24.9
202307030806,3,28.5
202307040107,4,24.2
202307030807,4,31.5
202307040108,4,27.3
202307030808,4,22.0
202307040109,5,24.5
202307030809,2,47.2
202307040110,3,30.5
202307030810,3,27.9
202307040111,2,33.6
202307030811,5,23.3
202307040112,4,21.4
202307030812,3,32.5
202307040201,2,44.3
202307040101,3,32.6
202307040202,3,34.0
202307040102,1,50.5
202307040203,3,33.5
202307040103,3,29.1
202307040204,3,37.3
202307040104,2,41.1
202307040205,1,48.1
202307040105,2,40.3
202307040206,2,43.4
202307040106,5,24.9
202307040207,1,63.8
202307040107,4,24.2
202307040208,1,64.0
202307040108,4,27.3
202307040209,3,28.3
202307040109,5,24.5
202307040210,3,30.0
202307040110,3,30.5
202307040211,3,33.0
202307040111,2,33.6
202307040212,2,48.3
202307040112,4,21.4
202307040301,1,44.6
202307040201,2,44.3
202307040302,3,30.2
202307040202,3,34.0
202307040303,2,43.3
202307040203,3,33.5
202307040304,2,35.3
202307040204,3,37.3
202307040305,2,35.2
202307040205,1,48.1
202307040306,4,29.5
202307040206,2,43.4
202307040307,2,39.8
202307040207,1,63.8
202307040308,5,19.9
202307040208,1,64.0
202307040309,3,26.6
202307040209,3,28.3
202307040310,5,27.5
202307040210,3,30.0
202307040311,4,17.3
202307040211,3,33.0
202307040312,3,34.7
202307040212,2,48.3
202307040401,2,45.3
202307040301,1,44.6
202307040402,2,36.5
202307040302,3,30.2
202307040403,2,47.4
202307040303,2,43.3
202307040404,3,25.8
202307040304,2,35.3
202307040405,2,28.3
202307040305,2,35.2
202307040406,2,30.6
202307040306,4,29.5
202307040407,2,44.9
202307040307,2,39.8
202307040408,3,27.1
202307040308,5,19.9
202307040409,3,24.4
202307040309,3,26.6
202307040410,2,40.0
202307040310,5,27.5
202307040411,1,57.5
202307040311,4,17.3
202307040412,2,37.5
202307040312,3,34.7
202307040501,3,31.3
202307040401,2,45.3
202307040502,3,37.0
202307040402,2,36.5
202307040503,4,27.5
202307040403,2,47.4
202307040504,2,43.7
202307040404,3,25.8
202307040505,2,38.2
202307040405,2,28.3
202307040406,2,30.6
202307040506,2,40.5
202307040407,2,44.9
202307040507,3,24.2
202307040408,3,27.1
202307040508,4,30.4
202307040409,3,24.4
202307040509,5,23.5
202307040410,2,40.0
202307040510,1,57.0
202307040411,1,57.5
202307040511,3,30.0
202307040412,2,37.5
202307040512,5,18.4
202307040501,3,31.3
202307040601,3,34.4
202307040502,3,37.0
202307040602,3,28.8
202307040503,4,27.5
202307040603,3,35.4
202307040504,2,43.7
202307040604,3,34.8
202307040505,2,38.2
202307040605,1,48.3
202307040606,4,27.3
202307040506,2,40.5
202307040607,2,42.6
202307040507,3,24.2
202307040608,4,26.8
202307040508,4,30.4
202307040609,2,28.6
202307040509,5,23.5
202307040610,2,24.6
202307040510,1,57.0
202307040611,4,27.4
202307040511,3,30.0
202307040612,1,64.8
202307040512,5,18.4
202308010101,3,32.1
202307040601,3,34.4
202308010102,1,52.4
202307040602,3,28.8
202308010103,4,30.5
202307040603,3,35.4
202308010104,2,43.1
202307040604,3,34.8
202308010105,3,34.0
202307040605,1,48.3
202308010106,2,49.9
202307040606,4,27.3
202308010107,2,38.1
202307040607,2,42.6
202308010108,3,34.0
202307040608,4,26.8
202308010109,1,45.9
202307040609,2,28.6
202308010110,4,25.4
202307040610,2,24.6
202308010111,5,29.9
202307040611,4,27.4
202308010112,2,45.1
202307040612,1,64.8
202308010201,3,34.5
202308010101,3,32.1
202308010202,2,43.0
202308010102,1,52.4
202308010203,2,38.3
202308010103,4,30.5
202308010204,2,51.1
202308010104,2,43.1
202308010205,3,34.1
202308010105,3,34.0
202308010206,1,57.5
202308010106,2,49.9
202308010207,3,22.0
202308010107,2,38.1
202308010108,3,34.0
202308010208,2,32.8
202308010109,1,45.9
202308010209,1,55.3
202308010110,4,25.4
202308010210,2,27.7
202308010111,5,29.9
202308010211,3,33.7
202308010112,2,45.1
202308010212,3,31.6
202308010201,3,34.5
202308010301,3,36.8
202308010202,2,43.0
202308010302,3,33.6
202308010203,2,38.3
202308010303,2,29.6
202308010204,2,51.1
202308010304,2,39.3
202308010205,3,34.1
202308010305,2,40.7
202308010206,1,57.5
202308010306,1,63.3
202308010207,3,22.0
202308010307,1,57.3
202308010208,2,32.8
202308010308,3,30.7
202308010209,1,55.3
202308010309,1,53.4
202308010210,2,27.7
202308010310,5,25.5
202308010211,3,33.7
202308010311,5,21.1
202308010212,3,31.6
202308010312,3,32.9
202308010301,3,36.8
202308010401,3,36.3
202308010302,3,33.6
202308010402,4,31.4
202308010303,2,29.6
202308010403,4,30.4
202308010304,2,39.3
202308010404,1,68.0
202308010305,2,40.7
202308010405,2,48.6
202308010306,1,63.3
202308010406,2,43.7
202308010307,1,57.3
202308010407,2,35.6
202308010308,3,30.7
202308010408,1,42.9
202308010309,1,53.4
202308010409,2,45.8
202308010310,5,25.5
202308010410,2,34.6
202308010311,5,21.1
202308010411,4,30.2
202308010312,3,32.9
202308010412,3,29.0
202308010401,3,36.3
202308010501,3,34.8
202308010402,4,31.4
202308010403,4,30.4
202308010502,2,45.6
202308010404,1,68.0
202308010503,4,31.6
202308010405,2,48.6
202308010504,4,30.9
202308010406,2,43.7
202308010505,3,29.3
202308010407,2,35.6
202308010506,3,31.5
202308010408,1,42.9
202308010507,1,57.7
202308010409,2,45.8
202308010508,2,41.2
202308010410,2,34.6
202308010509,1,58.6
202308010411,4,30.2
202308010510,4,28.1
202308010412,3,29.0
202308010511,2,41.2
202308010501,3,34.8
202308010512,3,29.0
202308010502,2,45.6
202308010601,3,36.5
202308010503,4,31.6
202308010602,3,38.4
202308010504,4,30.9
202308010603,2,35.9
202308010505,3,29.3
202308010604,3,40.8
202308010506,3,31.5
202308010605,1,64.3
202308010507,1,57.7
202308010606,3,31.5
202308010508,2,41.2
202308010607,1,61.1
202308010509,1,58.6
202308010608,3,32.1
202308010510,4,28.1
202308010609,3,31.0
202308010511,2,41.2
202308010610,1,41.5
202308010512,3,29.0
202308010611,3,19.6
202308010601,3,36.5
202308010612,2,44.6
202308010602,3,38.4
202308010701,2,43.4
202308010603,2,35.9
202308010702,1,72.0
202308010604,3,40.8
202308010703,3,34.6
202308010605,1,64.3
202308010704,3,36.2
202308010606,3,31.5
202308010705,1,51.4
202308010607,1,61.1
202308010706,4,31.4
202308010608,3,32.1
202308010707,3,32.0
202308010609,3,31.0
202308010708,0,
202308010610,1,41.5
202308010709,1,36.5
202308010611,3,19.6
202308010710,4,27.4
202308010612,2,44.6
202308010711,2,41.7
202308010701,2,43.4
202308010712,2,33.4
202308010702,1,72.0
202308010801,3,34.3
202308010703,3,34.6
202308010802,2,45.4
202308010704,3,36.2
202308010803,5,26.3
202308010705,1,51.4
202308010804,1,47.7
202308010706,4,31.4
202308010805,3,31.4
202308010707,3,32.0
202308010806,2,39.0
202308010708,0,
202308010807,2,38.2
202308010709,1,36.5
202308010808,2,35.3
202308010710,4,27.4
202308010809,1,48.1
202308010711,2,41.7
202308010810,2,31.7
202308010712,2,33.4
202308010811,3,23.9
202308010801,3,34.3
202308010812,3,33.7
202308010802,2,45.4
202308010901,3,34.4
202308010803,5,26.3
202308010902,3,34.9
202308010804,1,47.7
202308010903,3,31.2
202308010805,3,31.4
202308010904,4,27.0
202308010806,2,39.0
202308010905,1,59.9
202308010807,2,38.2
202308010906,3,33.7
202308010808,2,35.3
202308010907,1,54.0
202308010809,1,48.1
202308010908,3,31.8
202308010810,2,31.7
202308010909,2,53.5
202308010811,3,23.9
202308010910,2,28.4
202308010812,3,33.7
202308010911,4,27.7
202308010901,3,34.4
202308010912,2,31.6
202308010902,3,34.9
202308011001,3,35.7
202308010903,3,31.2
202308011002,4,26.5
202308010904,4,27.0
202308011003,4,31.9
202308010905,1,59.9
202308011004,5,27.0
202308010906,3,33.7
202308011005,1,56.3
202308010907,1,54.0
202308011006,2,30.0
202308010908,3,31.8
202308011007,1,48.9
202308010909,2,53.5
202308011008,3,23.9
202308010910,2,28.4
202308011009,2,36.2
202308010911,4,27.7
202308011010,2,26.4
202308010912,2,31.6
202308011011,3,28.7
202308011001,3,35.7
202308011012,2,34.6
202308011002,4,26.5
202308011101,3,41.2
202308011003,4,31.9
202308011102,3,29.2
202308011004,5,27.0
202308011103,4,29.0
202308011005,1,56.3
202308011104,5,23.7
202308011006,2,30.0
202308011105,2,46.8
202308011007,1,48.9
202308011106,4,29.2
202308011008,3,23.9
202308011107,2,30.5
202308011009,2,36.2
202308011108,1,53.2
202308011010,2,26.4
202308011109,3,33.2
202308011011,3,28.7
202308011110,3,29.0
202308011012,2,34.6
202308011111,5,22.9
202308011112,3,25.1
202308011101,3,41.2
202308011201,2,40.2
202308011102,3,29.2
202308011103,4,29.0
202308011202,3,33.0
202308011104,5,23.7
202308011203,3,25.9
202308011105,2,46.8
202308011204,0,
202308011106,4,29.2
202308011205,4,29.6
202308011107,2,30.5
202308011206,1,50.1
202308011108,1,53.2
202308011207,3,27.2
202308011109,3,33.2
202308011208,3,29.1
202308011110,3,29.0
202308011209,3,31.2
202308011111,5,22.9
202308011210,5,19.5
202308011112,3,25.1
202308011211,2,35.2
202308011201,2,40.2
202308011212,2,26.7
202308011202,3,33.0
202308020101,2,32.8
202308011203,3,25.9
202308020102,2,41.9
202308011204,0,
202308020103,1,69.0
202308011205,4,29.6
202308020104,0,
202308011206,1,50.1
202308020105,4,25.2
202308011207,3,27.2
202308020106,2,32.6
202308011208,3,29.1
202308020107,4,30.1
202308011209,3,31.2
202308020108,2,34.2
202308011210,5,19.5
202308020109,2,38.2
202308020110,2,28.1
202308011211,2,35.2
202308020111,4,33.9
202308011212,2,26.7
202308020112,3,32.7
202308020101,2,32.8
202308020201,2,38.1
202308020102,2,41.9
202308020202,2,46.9
202308020103,1,69.0
202308020203,2,36.8
202308020104,0,
202308020204,0,
202308020105,4,25.2
202308020205,2,39.0
202308020106,2,32.6
202308020206,3,34.2
202308020107,4,30.1
202308020207,2,43.6
202308020108,2,34.2
202308020208,4,25.3
202308020109,2,38.2
202308020209,2,38.9
202308020110,2,28.1
202308020111,4,33.9
202308020210,3,33.0
202308020211,5,17.7
202308020112,3,32.7
202308020212,3,35.8
202308020201,2,38.1
202308020202,2,46.9
202308020301,2,44.7
202308020203,2,36.8
202308020302,1,48.9
202308020204,0,
202308020303,1,58.1
202308020205,2,39.0
202308020304,3,28.9
202308020206,3,34.2
202308020305,1,45.2
202308020207,2,43.6
202308020306,2,47.4
202308020208,4,25.3
202308020307,2,35.0
202308020209,2,38.9
202308020308,2,28.9
202308020210,3,33.0
202308020309,2,39.9
202308020211,5,17.7
202308020310,2,35.5
202308020212,3,35.8
202308020311,3,22.7
202308020301,2,44.7
202308020312,2,35.6
202308020302,1,48.9
202308020401,2,42.3
202308020303,1,58.1
202308020402,1,52.8
202308020304,3,28.9
202308020403,2,47.1
202308020305,1,45.2
202308020404,2,31.9
202308020306,2,47.4
202308020405,2,39.6
202308020307,2,35.0
202308020406,2,46.0
202308020308,2,28.9
202308020407,1,41.9
202308020309,2,39.9
202308020408,1,82.7
202308020310,2,35.5
202308020409,3,32.8
202308020311,3,22.7
202308020410,1,49.9
202308020312,2,35.6
202308020411,2,35.8
202308020401,2,42.3
202308020412,3,33.8
202308020402,1,52.8
202308020501,1,63.9
202308020403,2,47.1
202308020502,1,67.2
202308020404,2,31.9
202308020503,1,162.8
202308020405,2,39.6
202308020504,2,43.6
202308020406,2,46.0
202308020505,3,32.3
202308020407,1,41.9
202308020506,1,41.3
202308020408,1,82.7
202308020507,2,44.8
202308020508,1,75.8
202308020409,3,32.8
202308020509,2,42.7
202308020410,1,49.9
202308020510,1,50.2
202308020411,2,35.8
202308020511,5,21.0
202308020412,3,33.8
202308020512,2,25.8
202308020501,1,63.9
202308020502,1,67.2
202308020601,2,47.4
202308020602,1,66.6
202308020503,1,162.8
202308020504,2,43.6
202308020603,2,27.7
202308020505,3,32.3
202308020604,3,25.2
202308020506,1,41.3
202308020605,2,29.7
202308020606,3,28.7
202308020507,2,44.8
202308020607,1,52.5
202308020508,1,75.8
202308020608,1,48.3
202308020509,2,42.7
202308020609,4,34.7
202308020510,1,50.2
202308020610,2,36.1
202308020511,5,21.0
202308020611,2,34.0
202308020512,2,25.8
202308020612,4,30.1
202308020601,2,47.4
202308020701,1,54.6
202308020602,1,66.6
202308020702,3,39.6
202308020603,2,27.7
202308020703,1,56.5
202308020604,3,25.2
202308020704,2,39.3
202308020605,2,29.7
202308020705,1,35.0
202308020606,3,28.7
202308020706,3,33.7
202308020607,1,52.5
202308020707,2,34.3
202308020608,1,48.3
202308020708,2,33.7
202308020609,4,34.7
202308020709,3,27.9
202308020610,2,36.1
202308020710,3,31.3
202308020611,2,34.0
202308020711,4,24.4
202308020612,4,30.1
202308020712,3,27.9
202308020701,1,54.6
202308020801,2,50.7
202308020702,3,39.6
202308020802,2,40.7
202308020703,1,56.5
202308020803,1,62.7
202308020704,2,39.3
202308020804,2,36.3
202308020705,1,35.0
202308020805,2,45.6
202308020706,3,33.7
202308020806,2,33.8
202308020707,2,34.3
202308020807,1,50.4
202308020708,2,33.7
202308020808,1,58.0
202308020709,3,27.9
202308020809,2,36.9
202308020710,3,31.3
202308020810,2,30.1
202308020811,4,22.5
202308020711,4,24.4
202308020812,2,35.8
202308020712,3,27.9
202308020801,2,50.7
202308020901,2,41.9
202308020802,2,40.7
202308020902,2,41.3
202308020803,1,62.7
202308020903,2,40.3
202308020804,2,36.3
202308020904,2,32.4
202308020805,2,45.6
202308020905,2,33.2
202308020806,2,33.8
202308020906,1,49.3
202308020807,1,50.4
202308020907,2,45.8
202308020808,1,58.0
202308020908,5,30.3
202308020809,2,36.9
202308020909,1,54.7
202308020810,2,30.1
202308020910,2,19.4
202308020911,3,25.8
202308020811,4,22.5
202308020912,3,29.1
202308020812,2,35.8
202308030101,4,29.6
202308020901,2,41.9
202308030102,1,51.5
202308020902,2,41.3
202308030103,2,46.7
202308020903,2,40.3
202308030104,1,47.3
202308020904,2,32.4
202308030105,1,40.4
202308020905,2,33.2
202308020906,1,49.3
202308030106,2,37.0
202308030107,2,37.4
202308020907,2,45.8
202308030108,2,40.1
202308020908,5,30.3
202308030109,1,36.5
202308020909,1,54.7
202308030110,3,23.0
202308020910,2,19.4
202308030111,4,22.5
202308020911,3,25.8
202308030112,2,37.4
202308020912,3,29.1
202308030201,2,39.9
202308030101,4,29.6
202308030202,1,57.4
202308030102,1,51.5
202308030203,1,53.4
202308030103,2,46.7
202308030204,2,29.2
202308030104,1,47.3
202308030205,1,49.5
202308030105,1,40.4
202308030106,2,37.0
202308030206,3,33.6
202308030207,2,34.5
202308030107,2,37.4
202308030208,2,32.6
202308030108,2,40.1
202308030209,2,34.7
202308030109,1,36.5
202308030210,5,18.5
202308030110,3,23.0
202308030211,4,31.8
202308030111,4,22.5
202308030212,3,27.6
202308030112,2,37.4
202308030301,2,46.1
202308030201,2,39.9
202308030302,2,49.2
202308030202,1,57.4
202308030303,1,61.1
202308030203,1,53.4
202308030304,1,47.5
202308030204,2,29.2
202308030305,1,51.2
202308030205,1,49.5
202308030306,1,47.7
202308030206,3,33.6
202308030307,3,34.5
202308030207,2,34.5
202308030308,0,
202308030208,2,32.6
202308030309,5,26.9
202308030209,2,34.7
202308030310,3,27.8
202308030210,5,18.5
202308030311,2,35.1
202308030211,4,31.8
202308030312,5,24.9
202308030212,3,27.6
202308030401,2,40.0
202308030301,2,46.1
202308030402,3,31.8
202308030302,2,49.2
202308030403,2,41.9
202308030303,1,61.1
202308030404,3,27.8
202308030304,1,47.5
202308030405,1,44.4
202308030305,1,51.2
202308030406,1,48.4
202308030306,1,47.7
202308030407,2,39.3
202308030307,3,34.5
202308030408,3,34.2
202308030308,0,
202308030409,1,56.2
202308030309,5,26.9
202308030410,5,23.4
202308030310,3,27.8
202308030411,3,35.3
202308030311,2,35.1
202308030412,5,30.4
202308030312,5,24.9
202308030501,3,39.7
202308030401,2,40.0
202308030502,3,40.3
202308030402,3,31.8
202308030503,1,45.5
202308030403,2,41.9
202308030504,1,45.8
202308030404,3,27.8
202308030505,1,44.7
202308030405,1,44.4
202308030506,1,59.4
202308030406,1,48.4
202308030507,1,45.9
202308030407,2,39.3
202308030508,2,36.1
202308030408,3,34.2
202308030509,3,36.2
202308030409,1,56.2
202308030410,5,23.4
202308030510,4,23.8
202308030511,4,27.5
202308030411,3,35.3
202308030512,3,33.4
202308030412,5,30.4
202308030601,3,37.3
202308030501,3,39.7
202308030602,3,33.7
202308030502,3,40.3
202308030503,1,45.5
202308030603,1,53.5
202308030504,1,45.8
202308030604,1,45.1
202308030505,1,44.7
202308030605,1,46.7
202308030506,1,59.4
202308030606,3,37.8
202308030507,1,45.9
202308030607,3,31.5
202308030508,2,36.1
202308030608,3,30.8
202308030509,3,36.2
202308030609,1,46.4
202308030510,4,23.8
202308030610,4,25.2
202308030511,4,27.5
202308030611,3,32.4
202308030512,3,33.4
202308030612,2,31.6
202308030601,3,37.3
202308030701,2,39.8
202308030602,3,33.7
202308030702,2,45.9
202308030603,1,53.5
202308030703,2,47.1
202308030604,1,45.1
202308030704,0,
202308030605,1,46.7
202308030705,1,44.7
202308030606,3,37.8
202308030706,1,48.0
202308030607,3,31.5
202308030707,3,28.2
202308030608,3,30.8
202308030708,4,28.0
202308030609,1,46.4
202308030709,2,44.5
202308030610,4,25.2
202308030710,4,29.5
202308030611,3,32.4
202308030711,3,28.3
202308030612,2,31.6
202308030712,5,22.3
202308030701,2,39.8
202308030801,3,34.4
202308030702,2,45.9
202308030802,5,23.6
202308030703,2,47.1
202308030803,3,34.7
202308030704,0,
202308030804,3,30.5
202308030705,1,44.7
202308030805,3,27.2
202308030706,1,48.0
202308030806,3,28.7
202308030707,3,28.2
202308030807,3,33.8
202308030708,4,28.0
202308030808,3,30.2
202308030709,2,44.5
202308030809,1,43.9
202308030710,4,29.5
202308030810,2,32.3
202308030711,3,28.3
202308030811,4,23.8
202308030712,5,22.3
202308030812,5,17.8
202308030801,3,34.4
202309010101,2,35.1
202308030802,5,23.6
202309010102,2,38.6
202308030803,3,34.7
202309010103,2,29.1
202308030804,3,30.5
202309010104,2,26.4
202308030805,3,27.2
202309010105,1,23.7
202308030806,3,28.7
202309010106,1,44.2
202308030807,3,33.8
202309010107,1,59.0
202308030808,3,30.2
202309010108,1,31.6
202308030809,1,43.9
202309010109,1,44.8
202308030810,2,32.3
202309010110,1,32.9
202308030811,4,23.8
202309010111,1,37.5
202308030812,5,17.8
202309010112,1,42.4
202309010101,2,35.1
202309010201,2,34.4
202309010102,2,38.6
202309010202,2,35.7
202309010103,2,29.1
202309010203,1,29.2
202309010104,2,26.4
202309010204,1,47.4
202309010105,1,23.7
202309010205,1,33.1
202309010106,1,44.2
202309010206,1,47.5
202309010107,1,59.0
202309010207,1,24.3
202309010108,1,31.6
202309010208,1,60.1
202309010109,1,44.8
202309010209,2,20.3
202309010110,1,32.9
202309010210,1,34.5
202309010111,1,37.5
202309010211,1,39.7
202309010112,1,42.4
202309010212,2,27.0
202309010201,2,34.4
202309010301,1,43.8
202309010202,2,35.7
202309010302,2,36.1
202309010203,1,29.2
202309010303,1,52.6
202309010204,1,47.4
202309010304,2,30.7
202309010205,1,33.1
202309010305,3,21.5
202309010206,1,47.5
202309010306,2,35.6
202309010207,1,24.3
202309010307,1,42.8
202309010208,1,60.1
202309010308,2,22.4
202309010209,2,20.3
202309010309,2,26.7
202309010210,1,34.5
202309010310,1,21.3
202309010211,1,39.7
202309010311,2,18.5
202309010212,2,27.0
202309010312,3,27.1
202309010301,1,43.8
202309010401,1,47.1
202309010302,2,36.1
202309010402,3,32.9
202309010303,1,52.6
202309010403,1,47.2
202309010304,2,30.7
202309010404,4,14.4
202309010305,3,21.5
202309010405,2,22.9
202309010306,2,35.6
202309010406,1,35.5
202309010307,1,42.8
202309010407,1,40.8
202309010308,2,22.4
202309010408,2,31.2
202309010309,2,26.7
202309010409,1,32.8
202309010310,1,21.3
202309010410,1,27.7
202309010311,2,18.5
202309010411,2,24.9
202309010312,3,27.1
202309010412,1,38.3
202309010401,1,47.1
202309010501,2,27.8
202309010402,3,32.9
202309010502,1,36.4
202309010403,1,47.2
202309010503,2,28.4
202309010404,4,14.4
202309010504,3,34.4
202309010405,2,22.9
202309010505,2,30.1
202309010406,1,35.5
202309010506,1,40.0
202309010407,1,40.8
202309010507,2,36.8
202309010408,2,31.2
202309010508,1,32.0
202309010409,1,32.8
202309010509,1,65.2
202309010410,1,27.7
202309010510,1,27.6
202309010411,2,24.9
202309010511,2,20.0
202309010412,1,38.3
202309010512,2,31.0
202309010501,2,27.8
202309010601,3,27.2
202309010502,1,36.4
202309010602,2,23.8
202309010503,2,28.4
202309010603,1,37.8
202309010504,3,34.4
202309010604,1,33.7
202309010505,2,30.1
202309010605,2,27.2
202309010506,1,40.0
202309010606,2,29.7
202309010507,2,36.8
202309010607,2,36.1
202309010508,1,32.0
202309010608,2,23.0
202309010509,1,65.2
202309010609,3,19.1
202309010510,1,27.6
202309010610,2,35.5
202309010511,2,20.0
202309010611,1,23.4
202309010512,2,31.0
202309010612,1,26.1
202309010601,3,27.2
202309010701,0,
202309010602,2,23.8
202309010702,0,
202309010603,1,37.8
202309010703,0,
202309010604,1,33.7
202309010704,0,
202309010605,2,27.2
202309010705,0,
202309010606,2,29.7
202309010706,0,
202309010607,2,36.1
202309010707,0,
202309010608,2,23.0
202309010708,0,
202309010609,3,19.1
202309010709,0,
202309010610,2,35.5
202309010710,0,
202309010611,1,23.4
202309010711,0,
202309010612,1,26.1
202309010712,0,
202309010701,0,
202309010801,0,
202309010702,0,
202309010802,0,
202309010703,0,
202309010803,0,
202309010704,0,
202309010804,0,
202309010705,0,
202309010805,0,
202309010706,0,
202309010806,0,
202309010707,0,
202309010807,0,
202309010708,0,
202309010808,0,
202309010709,0,
202309010809,0,
202309010710,0,
202309010810,0,
202309010711,0,
202309010811,0,
202309010712,0,
202309010812,0,
202309010801,0,
202309010901,1,37.5
202309010802,0,
202309010902,1,29.0
202309010803,0,
202309010903,1,37.4
202309010804,0,
202309010904,2,43.0
202309010805,0,
202309010905,2,28.2
202309010806,0,
202309010906,1,52.0
202309010807,0,
202309010907,1,34.8
202309010808,0,
202309010908,0,
202309010809,0,
202309010909,1,32.4
202309010810,0,
202309010910,1,38.3
202309010811,0,
202309010911,1,18.8
202309010812,0,
202309010901,1,37.5
202309010912,1,43.9
202309011001,1,35.3
202309010902,1,29.0
202309011002,2,25.9
202309010903,1,37.4
202309011003,1,36.7
202309010904,2,43.0
202309011004,3,21.6
202309010905,2,28.2
202309011005,1,21.5
202309010906,1,52.0
202309011006,3,26.7
202309010907,1,34.8
202309011007,1,60.6
202309010908,0,
202309011008,1,31.4
202309010909,1,32.4
202309011009,1,40.3
202309010910,1,38.3
202309011010,1,34.4
202309010911,1,18.8
202309011011,1,21.4
202309010912,1,43.9
202309011012,2,22.9
202309011001,1,35.3
202309011101,1,32.3
202309011002,2,25.9
202309011102,1,54.6
202309011003,1,36.7
202309011004,3,21.6
202309011103,2,30.5
202309011005,1,21.5
202309011104,1,49.6
202309011006,3,26.7
202309011105,1,56.8
202309011007,1,60.6
202309011106,1,29.5
202309011008,1,31.4
202309011107,2,36.7
202309011009,1,40.3
202309011108,1,34.2
202309011010,1,34.4
202309011109,1,38.6
202309011011,1,21.4
202309011110,1,28.7
202309011012,2,22.9
202309011111,1,36.0
202309011101,1,32.3
202309011112,4,20.1
202309011102,1,54.6
202309011201,2,28.4
202309011103,2,30.5
202309011202,3,28.5
202309011104,1,49.6
202309011203,1,75.0
202309011105,1,56.8
202309011204,0,
202309011106,1,29.5
202309011205,1,31.1
202309011107,2,36.7
202309011206,1,56.9
202309011108,1,34.2
202309011207,1,49.1
202309011109,1,38.6
202309011208,1,32.6
202309011110,1,28.7
202309011209,1,42.6
202309011111,1,36.0
202309011210,1,33.6
202309011112,4,20.1
202309011211,1,35.0
202309011201,2,28.4
202309011212,2,30.0
202309011202,3,28.5
202309020101,1,34.3
202309011203,1,75.0
202309020102,1,50.8
202309011204,0,
202309020103,3,26.5
202309011205,1,31.1
202309020104,0,
202309011206,1,56.9
202309020105,1,30.7
202309011207,1,49.1
202309020106,1,27.3
202309011208,1,32.6
202309020107,1,29.7
202309011209,1,42.6
202309020108,2,29.8
202309011210,1,33.6
202309020109,2,34.5
202309011211,1,35.0
202309020110,1,44.0
202309011212,2,30.0
202309020111,1,30.6
202309020101,1,34.3
202309020112,2,39.0
202309020102,1,50.8
202309020201,1,35.5
202309020103,3,26.5
202309020202,3,21.8
202309020104,0,
202309020203,1,39.0
202309020105,1,30.7
202309020204,1,39.3
202309020106,1,27.3
202309020205,2,37.5
202309020107,1,29.7
202309020206,1,39.2
202309020108,2,29.8
202309020207,1,32.3
202309020109,2,34.5
202309020208,1,43.1
202309020110,1,44.0
202309020209,1,34.6
202309020111,1,30.6
202309020210,1,19.3
202309020112,2,39.0
202309020211,1,31.1
202309020201,1,35.5
202309020212,1,27.1
202309020202,3,21.8
202309020301,3,29.2
202309020203,1,39.0
202309020302,5,27.4
202309020204,1,39.3
202309020303,2,31.9
202309020205,2,37.5
202309020304,5,26.9
202309020206,1,39.2
202309020305,1,53.9
202309020207,1,32.3
202309020306,2,40.9
202309020208,1,43.1
202309020307,4,28.2
202309020209,1,34.6
202309020308,0,
202309020210,1,19.3
202309020309,4,26.2
202309020211,1,31.1
202309020310,2,51.7
202309020212,1,27.1
202309020311,3,26.8
202309020301,3,29.2
202309020312,1,49.0
202309020302,5,27.4
202309020401,3,27.0
202309020303,2,31.9
202309020402,3,33.6
202309020304,5,26.9
202309020403,1,49.4
202309020305,1,53.9
202309020404,2,41.8
202309020306,2,40.9
202309020405,1,50.6
202309020307,4,28.2
202309020406,1,58.8
202309020308,0,
202309020407,2,45.6
202309020309,4,26.2
202309020408,3,33.6
202309020310,2,51.7
202309020409,2,40.5
202309020311,3,26.8
202309020410,3,25.8
202309020312,1,49.0
202309020411,4,24.8
202309020401,3,27.0
202309020412,4,30.2
202309020402,3,33.6
202309020501,3,36.8
202309020403,1,49.4
202309020502,3,41.8
202309020404,2,41.8
202309020503,3,33.8
202309020405,1,50.6
202309020504,3,32.4
202309020406,1,58.8
202309020505,1,38.2
202309020407,2,45.6
202309020506,2,40.6
202309020408,3,33.6
202309020507,2,47.8
202309020409,2,40.5
202309020508,2,37.5
202309020410,3,25.8
202309020509,1,50.1
202309020411,4,24.8
202309020510,3,32.8
202309020412,4,30.2
202309020511,2,35.7
202309020501,3,36.8
202309020512,2,34.1
202309020502,3,41.8
202309020601,2,43.3
202309020503,3,33.8
202309020602,3,36.7
202309020504,3,32.4
202309020603,3,35.6
202309020505,1,38.2
202309020604,4,23.9
202309020506,2,40.6
202309020605,2,34.9
202309020507,2,47.8
202309020606,2,32.3
202309020508,2,37.5
202309020607,2,47.4
202309020509,1,50.1
202309020608,3,35.1
202309020510,3,32.8
202309020609,2,39.6
202309020511,2,35.7
202309020610,4,26.0
202309020512,2,34.1
202309020611,5,22.2
202309020601,2,43.3
202309020612,3,29.8
202309020602,3,36.7
202309020701,3,34.1
202309020603,3,35.6
202309020702,4,32.6
202309020604,4,23.9
202309020703,2,40.1
202309020605,2,34.9
202309020704,2,41.4
202309020606,2,32.3
202309020705,3,36.1
202309020607,2,47.4
202309020706,3,35.2
202309020608,3,35.1
202309020707,1,78.7
202309020609,2,39.6
202309020708,1,61.1
202309020610,4,26.0
202309020709,3,33.3
202309020611,5,22.2
202309020710,4,28.3
202309020612,3,29.8
202309020711,5,24.3
202309020701,3,34.1
202309020712,2,46.5
202309020702,4,32.6
202309020801,3,33.0
202309020703,2,40.1
202309020802,3,35.8
202309020704,2,41.4
202309020803,3,29.6
202309020705,3,36.1
202309020804,4,25.3
202309020706,3,35.2
202309020805,3,36.0
202309020707,1,78.7
202309020806,1,33.7
202309020708,1,61.1
202309020807,2,42.8
202309020709,3,33.3
202309020808,1,52.4
202309020710,4,28.3
202309020809,2,35.4
202309020711,5,24.3
202309020810,1,33.5
202309020712,2,46.5
202309020811,5,24.3
202309020801,3,33.0
202309020812,3,30.4
202309020802,3,35.8
202309030101,3,28.7
202309020803,3,29.6
202309030102,2,42.4
202309020804,4,25.3
202309030103,2,37.0
202309020805,3,36.0
202309030104,3,30.0
202309020806,1,33.7
202309030105,1,109.5
202309020807,2,42.8
202309030106,3,30.5
202309020808,1,52.4
202309030107,1,46.1
202309030108,3,34.2
202309020809,2,35.4
202309030109,1,47.4
202309020810,1,33.5
202309030110,3,31.8
202309020811,5,24.3
202309020812,3,30.4
202309030111,3,35.5
202309030112,3,36.6
202309030101,3,28.7
202309030201,0,
202309030102,2,42.4
202309030202,4,23.7
202309030103,2,37.0
202309030203,3,33.0
202309030104,3,30.0
202309030204,3,33.9
202309030105,1,109.5
202309030205,1,35.1
202309030106,3,30.5
202309030206,2,35.0
202309030107,1,46.1
202309030207,3,27.8
202309030108,3,34.2
202309030208,1,37.4
202309030109,1,47.4
202309030209,2,35.8
202309030110,3,31.8
202309030210,3,31.1
202309030111,3,35.5
202309030211,5,21.1
202309030112,3,36.6
202309030212,3,32.6
202309030201,0,
202309030301,3,36.4
202309030202,4,23.7
202309030302,3,37.6
202309030203,3,33.0
202309030303,3,32.6
202309030204,3,33.9
202309030304,3,32.6
202309030205,1,35.1
202309030305,2,40.0
202309030206,2,35.0
202309030306,5,24.1
202309030207,3,27.8
202309030307,4,31.2
202309030208,1,37.4
202309030308,2,30.5
202309030209,2,35.8
202309030309,1,43.6
202309030210,3,31.1
202309030310,2,35.0
202309030211,5,21.1
202309030311,5,25.0
202309030212,3,32.6
202309030312,2,45.8
202309030301,3,36.4
202309030401,0,
202309030302,3,37.6
202309030402,5,25.2
202309030303,3,32.6
202309030403,2,34.4
202309030304,3,32.6
202309030404,3,32.7
202309030305,2,40.0
202309030405,1,61.0
202309030306,5,24.1
202309030406,3,29.1
202309030307,4,31.2
202309030407,2,46.9
202309030308,2,30.5
202309030408,3,31.2
202309030309,1,43.6
202309030409,2,36.3
202309030310,2,35.0
202309030410,3,29.4
202309030311,5,25.0
202309030411,3,33.0
202309030312,2,45.8
202309030412,4,28.9
202309030401,0,
202309030501,0,
202309030402,5,25.2
202309030502,3,33.5
202309030403,2,34.4
202309030503,2,43.0
202309030404,3,32.7
202309030504,0,
202309030405,1,61.0
202309030505,2,39.7
202309030406,3,29.1
202309030506,3,32.7
202309030407,2,46.9
202309030507,3,28.4
202309030408,3,31.2
202309030508,3,34.9
202309030409,2,36.3
202309030509,1,47.7
202309030410,3,29.4
202309030411,3,33.0
202309030510,2,47.0
202309030511,3,35.4
202309030412,4,28.9
202309030512,5,27.2
202309030501,0,
202309030601,2,38.4
202309030502,3,33.5
202309030602,4,28.6
202309030503,2,43.0
202309030603,4,32.6
202309030504,0,
202309030604,3,33.8
202309030505,2,39.7
202309030605,2,31.8
202309030506,3,32.7
202309030606,3,27.4
202309030507,3,28.4
202309030607,3,26.6
202309030508,3,34.9
202309030608,1,48.5
202309030509,1,47.7
202309030609,2,33.4
202309030510,2,47.0
202309030610,4,22.8
202309030511,3,35.4
202309030611,3,30.2
202309030512,5,27.2
202309030612,4,25.8
202309030601,2,38.4
202309030701,1,71.5
202309030602,4,28.6
202309030702,3,34.9
202309030603,4,32.6
202309030703,4,25.0
202309030604,3,33.8
202309030704,3,34.0
202309030605,2,31.8
202309030705,1,50.2
202309030606,3,27.4
202309030706,2,30.0
202309030607,3,26.6
202309030707,5,28.4
202309030608,1,48.5
202309030708,3,35.3
202309030609,2,33.4
202309030709,3,29.3
202309030610,4,22.8
202309030710,2,31.1
202309030611,3,30.2
202309030711,3,30.2
202309030612,4,25.8
202309030712,3,39.2
202309030701,1,71.5
202309030801,2,44.7
202309030702,3,34.9
202309030802,5,27.0
202309030703,4,25.0
202309030803,3,40.9
202309030704,3,34.0
202309030804,3,36.8
202309030705,1,50.2
202309030805,1,65.5
202309030706,2,30.0
202309030806,2,39.7
202309030807,2,45.6
202309030707,5,28.4
202309030808,1,50.0
202309030708,3,35.3
202309030809,2,50.0
202309030709,3,29.3
202309030810,4,29.3
202309030710,2,31.1
202309030811,5,24.3
202309030711,3,30.2
202309030812,3,35.4
202309030712,3,39.2
202309040101,1,45.8
202309030801,2,44.7
202309040102,1,57.4
202309030802,5,27.0
202309040103,1,77.5
202309030803,3,40.9
202309040104,2,35.8
202309030804,3,36.8
202309040105,1,82.5
202309030805,1,65.5
202309040106,2,40.6
202309030806,2,39.7
202309040107,1,36.7
202309030807,2,45.6
202309040108,1,53.2
202309030808,1,50.0
202309040109,1,47.2
202309030809,2,50.0
202309040110,3,32.5
202309030810,4,29.3
202309040111,2,46.3
202309030811,5,24.3
202309040112,4,30.5
202309030812,3,35.4
202309040201,0,
202309040101,1,45.8
202309040202,1,45.1
202309040102,1,57.4
202309040203,1,62.6
202309040103,1,77.5
202309040204,2,40.7
202309040104,2,35.8
202309040205,1,55.8
202309040105,1,82.5
202309040206,2,35.5
202309040106,2,40.6
202309040207,3,29.7
202309040107,1,36.7
202309040208,2,37.8
202309040108,1,53.2
202309040209,1,39.5
202309040109,1,47.2
202309040210,2,33.1
202309040110,3,32.5
202309040211,4,32.8
202309040111,2,46.3
202309040212,1,35.6
202309040112,4,30.5
202309040301,1,62.8
202309040201,0,
202309040302,2,41.9
202309040202,1,45.1
202309040303,1,64.5
202309040203,1,62.6
202309040304,5,22.3
202309040204,2,40.7
202309040305,1,57.3
202309040205,1,55.8
202309040306,3,34.8
202309040206,2,35.5
202309040307,4,30.6
202309040207,3,29.7
202309040308,0,
202309040208,2,37.8
202309040309,1,59.7
202309040209,1,39.5
202309040310,3,21.5
202309040210,2,33.1
202309040311,2,38.9
202309040211,4,32.8
202309040312,3,36.3
202309040212,1,35.6
202309040401,0,
202309040301,1,62.8
202309040302,2,41.9
202309040402,1,52.2
202309040403,2,49.7
202309040303,1,64.5
202309040404,1,59.5
202309040304,5,22.3
202309040405,1,52.5
202309040305,1,57.3
202309040406,3,38.7
202309040306,3,34.8
202309040407,3,31.6
202309040307,4,30.6
202309040408,2,37.0
202309040308,0,
202309040409,2,35.2
202309040309,1,59.7
202309040410,3,29.9
202309040310,3,21.5
202309040411,4,29.0
202309040311,2,38.9
202309040412,4,34.2
202309040312,3,36.3
202309040501,1,42.5
202309040401,0,
202309040502,1,57.3
202309040402,1,52.2
202309040503,2,50.9
202309040403,2,49.7
202309040504,1,45.7
202309040404,1,59.5
202309040505,1,62.1
202309040405,1,52.5
202309040506,3,27.8
202309040406,3,38.7
202309040507,2,40.4
202309040407,3,31.6
202309040508,2,36.8
202309040408,2,37.0
202309040509,3,35.6
202309040409,2,35.2
202309040510,1,52.0
202309040410,3,29.9
202309040411,4,29.0
202309040511,3,37.0
202309040412,4,34.2
202309040512,3,28.5
202309040601,2,45.3
202309040501,1,42.5
202309040502,1,57.3
202309040602,1,49.7
202309040503,2,50.9
202309040603,1,52.3
202309040504,1,45.7
202309040604,2,37.5
202309040605,2,39.2
202309040505,1,62.1
202309040506,3,27.8
202309040606,2,46.7
202309040507,2,40.4
202309040607,2,28.2
202309040508,2,36.8
202309040608,1,43.0
202309040509,3,35.6
202309040609,3,36.7
202309040510,1,52.0
202309040610,5,25.4
202309040511,3,37.0
202309040611,3,26.0
202309040512,3,28.5
202309040612,5,26.9
202309040601,2,45.3
202309040701,0,
202309040602,1,49.7
202309040702,1,40.1
202309040603,1,52.3
202309040703,2,51.8
202309040604,2,37.5
202309040704,1,48.7
202309040605,2,39.2
202309040705,1,56.7
202309040606,2,46.7
202309040706,3,31.9
202309040607,2,28.2
202309040707,5,23.6
202309040608,1,43.0
202309040708,1,47.6
202309040609,3,36.7
202309040709,2,38.3
202309040610,5,25.4
202309040710,4,26.2
202309040611,3,26.0
202309040711,3,30.2
202309040612,5,26.9
202309040712,3,33.8
202309040701,0,
202309040801,2,40.4
202309040702,1,40.1
202309040802,1,72.4
202309040703,2,51.8
202309040803,1,92.2
202309040704,1,48.7
202309040804,3,26.2
202309040705,1,56.7
202309040805,2,40.4
202309040706,3,31.9
202309040806,2,43.6
202309040707,5,23.6
202309040807,1,49.1
202309040708,1,47.6
202309040808,5,25.3
202309040709,2,38.3
202309040809,2,46.2
202309040710,4,26.2
202309040810,3,29.0
202309040711,3,30.2
202309040811,3,21.9
202309040712,3,33.8
202309040812,4,30.5
202309040801,2,40.4
202309040901,2,44.3
202309040902,2,38.1
202309040802,1,72.4
202309040903,2,37.2
202309040803,1,92.2
202309040804,3,26.2
202309040904,2,43.3
202309040805,2,40.4
202309040905,1,70.1
202309040806,2,43.6
202309040906,4,27.0
202309040907,2,40.9
202309040807,1,49.1
202309040808,5,25.3
202309040908,3,31.5
202309040909,2,40.8
202309040809,2,46.2
202309040910,2,39.7
202309040810,3,29.0
202309040911,1,43.6
202309040811,3,21.9
202309040912,2,26.0
202309040812,4,30.5
202309050101,2,51.7
202309040901,2,44.3
202309050102,1,71.1
202309040902,2,38.1
202309050103,2,43.2
202309040903,2,37.2
202309050104,2,48.5
202309040904,2,43.3
202309050105,2,32.8
202309040905,1,70.1
202309050106,1,47.7
202309040906,4,27.0
202309050107,2,33.6
202309040907,2,40.9
202309050108,1,54.8
202309040908,3,31.5
202309050109,1,37.9
202309040909,2,40.8
202309050110,5,28.2
202309040910,2,39.7
202309050111,2,36.3
202309040911,1,43.6
202309050112,1,44.1
202309040912,2,26.0
202309050201,2,47.3
202309050101,2,51.7
202309050202,2,45.7
202309050102,1,71.1
202309050203,2,37.7
202309050103,2,43.2
202309050104,2,48.5
202309050204,0,
202309050105,2,32.8
202309050205,1,69.9
202309050206,1,54.5
202309050106,1,47.7
202309050207,2,33.5
202309050107,2,33.6
202309050108,1,54.8
202309050208,5,26.1
202309050109,1,37.9
202309050209,5,26.8
202309050110,5,28.2
202309050210,5,24.2
202309050111,2,36.3
202309050211,3,32.1
202309050112,1,44.1
202309050212,4,29.5
202309050201,2,47.3
202309050301,1,60.6
202309050202,2,45.7
202309050302,1,51.8
202309050203,2,37.7
202309050303,2,44.5
202309050204,0,
202309050304,0,
202309050205,1,69.9
202309050305,2,36.4
202309050206,1,54.5
202309050306,1,62.4
202309050207,2,33.5
202309050307,1,48.4
202309050208,5,26.1
202309050308,5,26.4
202309050209,5,26.8
202309050309,2,29.8
202309050210,5,24.2
202309050310,3,29.9
202309050211,3,32.1
202309050311,3,35.8
202309050212,4,29.5
202309050312,2,43.9
202309050301,1,60.6
202309050401,2,37.1
202309050302,1,51.8
202309050402,1,48.7
202309050303,2,44.5
202309050403,2,39.2
202309050304,0,
202309050404,4,24.0
202309050305,2,36.4
202309050405,2,38.0
202309050306,1,62.4
202309050406,1,63.3
202309050307,1,48.4
202309050407,1,62.7
202309050308,5,26.4
202309050408,1,50.3
202309050309,2,29.8
202309050409,2,30.8
202309050310,3,29.9
202309050410,3,29.3
202309050311,3,35.8
202309050411,4,23.1
202309050312,2,43.9
202309050412,2,33.0
202309050401,2,37.1
202309050501,4,29.6
202309050402,1,48.7
202309050502,2,40.6
202309050403,2,39.2
202309050503,5,27.9
202309050404,4,24.0
202309050504,0,
202309050405,2,38.0
202309050505,2,41.3
202309050406,1,63.3
202309050506,1,70.7
202309050407,1,62.7
202309050507,1,45.2
202309050408,1,50.3
202309050508,5,26.2
202309050409,2,30.8
202309050509,3,32.9
202309050410,3,29.3
202309050510,4,25.7
202309050411,4,23.1
202309050511,3,22.5
202309050412,2,33.0
202309050512,2,38.0
202309050501,4,29.6
202309050601,2,45.5
202309050502,2,40.6
202309050602,3,24.2
202309050503,5,27.9
202309050603,3,40.0
202309050504,0,
202309050604,2,47.5
202309050505,2,41.3
202309050605,1,43.9
202309050506,1,70.7
202309050606,2,52.0
202309050507,1,45.2
202309050607,1,55.6
202309050508,5,26.2
202309050608,2,27.9
202309050509,3,32.9
202309050609,2,35.8
202309050510,4,25.7
202309050610,5,20.1
202309050511,3,22.5
202309050611,4,29.6
202309050512,2,38.0
202309050612,4,32.5
202309050601,2,45.5
202309050701,3,30.6
202309050602,3,24.2
202309050702,2,42.8
202309050603,3,40.0
202309050703,2,39.9
202309050604,2,47.5
202309050704,3,34.6
202309050605,1,43.9
202309050705,2,33.4
202309050606,2,52.0
202309050706,2,31.2
202309050607,1,55.6
202309050707,3,30.2
202309050608,2,27.9
202309050708,4,29.5
202309050609,2,35.8
202309050709,2,37.2
202309050710,4,30.2
202309050610,5,20.1
202309050711,4,28.5
202309050611,4,29.6
202309050612,4,32.5
202309050712,2,29.1
202309050701,3,30.6
202309050801,3,28.7
202309050702,2,42.8
202309050802,3,34.2
202309050703,2,39.9
202309050803,3,35.3
202309050704,3,34.6
202309050804,2,33.3
202309050705,2,33.4
202309050805,0,
202309050706,2,31.2
202309050806,2,28.3
202309050707,3,30.2
202309050807,2,47.7
202309050708,4,29.5
202309050808,2,37.4
202309050709,2,37.2
202309050809,4,23.5
202309050710,4,30.2
202309050810,2,26.1
202309050711,4,28.5
202309050811,4,25.0
202309050712,2,29.1
202309050812,3,34.1
202309050801,3,28.7
202309050901,3,34.4
202309050802,3,34.2
202309050902,3,33.5
202309050803,3,35.3
202309050903,3,34.3
202309050804,2,33.3
202309050904,0,
202309050805,0,
202309050905,2,36.1
202309050806,2,28.3
202309050906,1,49.0
202309050807,2,47.7
202309050907,3,31.1
202309050808,2,37.4
202309050908,3,29.3
202309050809,4,23.5
202309050909,3,27.3
202309050810,2,26.1
202309050910,2,31.9
202309050811,4,25.0
202309050911,4,30.2
202309050812,3,34.1
202309050912,5,24.3
202309050901,3,34.4
202310010101,2,36.2
202309050902,3,33.5
202310010102,3,17.2
202309050903,3,34.3
202310010103,2,22.5
202309050904,0,
202310010104,0,
202309050905,2,36.1
202310010105,0,
202309050906,1,49.0
202310010106,1,44.8
202309050907,3,31.1
202310010107,1,38.2
202309050908,3,29.3
202310010108,3,17.7
202309050909,3,27.3
202310010109,4,19.9
202309050910,2,31.9
202310010110,1,22.4
202309050911,4,30.2
202310010111,1,28.8
202309050912,5,24.3
202310010112,2,18.7
202310010101,2,36.2
202310010201,2,32.2
202310010102,3,17.2
202310010202,1,24.8
202310010103,2,22.5
202310010203,2,31.1
202310010104,0,
202310010204,0,
202310010105,0,
202310010205,3,22.3
202310010106,1,44.8
202310010206,2,29.9
202310010107,1,38.2
202310010207,2,38.8
202310010108,3,17.7
202310010208,1,32.5
202310010109,4,19.9
202310010209,1,24.3
202310010110,1,22.4
202310010210,1,29.2
202310010111,1,28.8
202310010211,1,24.9
202310010112,2,18.7
202310010212,3,21.8
202310010201,2,32.2
202310010301,1,33.1
202310010202,1,24.8
202310010302,1,42.7
202310010203,2,31.1
202310010303,2,37.2
202310010204,0,
202310010304,0,
202310010205,3,22.3
202310010305,0,
202310010206,2,29.9
202310010306,2,26.7
202310010207,2,38.8
202310010307,1,46.7
202310010208,1,32.5
202310010308,1,36.4
202310010209,1,24.3
202310010309,1,47.6
202310010210,1,29.2
202310010310,1,21.3
202310010211,1,24.9
202310010311,1,27.1
202310010312,3,22.0
202310010212,3,21.8
202310010301,1,33.1
202310010401,5,24.9
202310010302,1,42.7
202310010402,3,14.6
202310010303,2,37.2
202310010403,2,20.2
202310010304,0,
202310010404,0,
202310010305,0,
202310010405,3,16.9
202310010306,2,26.7
202310010406,1,27.0
202310010307,1,46.7
202310010407,1,64.2
202310010308,1,36.4
202310010408,3,27.9
202310010309,1,47.6
202310010409,2,27.8
202310010310,1,21.3
202310010410,1,31.9
202310010311,1,27.1
202310010411,1,25.7
202310010312,3,22.0
202310010412,1,23.9
202310010401,5,24.9
202310010501,2,40.0
202310010402,3,14.6
202310010502,1,30.3
202310010403,2,20.2
202310010503,1,35.9
202310010404,0,
202310010504,0,
202310010405,3,16.9
202310010505,1,45.3
202310010506,1,62.5
202310010406,1,27.0
202310010507,1,42.3
202310010407,1,64.2
202310010508,0,
202310010408,3,27.9
202310010409,2,27.8
202310010509,1,23.6
202310010410,1,31.9
202310010510,1,31.0
202310010411,1,25.7
202310010511,1,24.5
202310010412,1,23.9
202310010512,1,23.9
202310010601,1,39.5
202310010501,2,40.0
202310010602,3,29.3
202310010502,1,30.3
202310010603,1,37.4
202310010503,1,35.9
202310010604,0,
202310010504,0,
202310010605,2,20.2
202310010505,1,45.3
202310010606,2,40.1
202310010506,1,62.5
202310010607,1,36.1
202310010507,1,42.3
202310010608,4,23.9
202310010508,0,
202310010609,1,30.7
202310010509,1,23.6
202310010610,1,43.9
202310010510,1,31.0
202310010611,1,17.6
202310010511,1,24.5
202310010612,2,29.3
202310010512,1,23.9
202310010701,1,49.0
202310010601,1,39.5
202310010702,1,45.7
202310010602,3,29.3
202310010703,1,41.2
202310010603,1,37.4
202310010704,0,
202310010604,0,
202310010705,0,
202310010605,2,20.2
202310010706,1,56.5
202310010606,2,40.1
202310010707,1,41.2
202310010607,1,36.1
202310010708,2,25.2
202310010608,4,23.9
202310010709,2,23.6
202310010609,1,30.7
202310010710,1,24.2
202310010610,1,43.9
202310010711,1,27.2
202310010611,1,17.6
202310010712,5,18.8
202310010612,2,29.3
202310010801,1,32.8
202310010701,1,49.0
202310010802,3,23.7
202310010702,1,45.7
202310010803,1,34.8
202310010703,1,41.2
202310010804,0,
202310010704,0,
202310010805,2,25.9
202310010705,0,
202310010806,1,28.9
202310010706,1,56.5
202310010807,1,56.1
202310010707,1,41.2
202310010708,2,25.2
202310010808,1,27.0
202310010709,2,23.6
202310010809,1,16.1
202310010710,1,24.2
202310010810,2,19.7
202310010711,1,27.2
202310010811,1,31.9
202310010712,5,18.8
202310010812,3,30.7
202310010801,1,32.8
202310020101,3,31.1
202310010802,3,23.7
202310020102,2,37.1
202310010803,1,34.8
202310020103,1,27.2
202310010804,0,
202310020104,0,
202310010805,2,25.9
202310020105,0,
202310010806,1,28.9
202310020106,2,22.7
202310010807,1,56.1
202310020107,1,46.6
202310010808,1,27.0
202310020108,2,28.1
202310010809,1,16.1
202310020109,2,29.7
202310010810,2,19.7
202310020110,2,20.5
202310010811,1,31.9
202310020111,1,35.5
202310010812,3,30.7
202310020112,1,32.6
202310020101,3,31.1
202310020201,1,27.9
202310020102,2,37.1
202310020202,2,26.3
202310020103,1,27.2
202310020203,2,36.0
202310020104,0,
202310020204,0,
202310020105,0,
202310020205,1,32.6
202310020106,2,22.7
202310020206,5,14.4
202310020107,1,46.6
202310020207,1,52.8
202310020108,2,28.1
202310020208,2,23.3
202310020109,2,29.7
202310020209,2,23.9
202310020110,2,20.5
202310020210,1,28.5
202310020111,1,35.5
202310020211,1,16.5
202310020112,1,32.6
202310020212,3,29.7
202310020201,1,27.9
202310020301,2,37.5
202310020202,2,26.3
202310020302,2,33.1
202310020203,2,36.0
202310020303,2,32.5
202310020204,0,
202310020304,0,
202310020205,1,32.6
202310020305,0,
202310020206,5,14.4
202310020306,1,22.9
202310020207,1,52.8
202310020307,1,46.3
202310020208,2,23.3
202310020308,1,30.1
202310020209,2,23.9
202310020309,1,26.3
202310020210,1,28.5
202310020310,1,39.2
202310020211,1,16.5
202310020311,1,23.9
202310020212,3,29.7
202310020312,1,24.4
202310020301,2,37.5
202310020401,3,28.6
202310020302,2,33.1
202310020402,5,21.9
202310020303,2,32.5
202310020403,2,33.9
202310020304,0,
202310020404,0,
202310020305,0,
202310020405,3,20.4
202310020306,1,22.9
202310020406,2,26.5
202310020307,1,46.3
202310020407,1,55.2
202310020308,1,30.1
202310020408,5,22.0
202104020504,0,
202106030802,0,
202106030803,0,
202106030804,0,
202106030805,0,
202106030806,0,
202106030807,0,
202106030808,0,
202310020409,1,36.4
202310020410,2,29.2
202310020411,1,22.6
202310020412,2,21.0
202310020501,3,32.3
202310020502,4,19.8
202310020503,1,25.3
202310020504,0,
202310020505,1,30.2
202310020506,1,42.9
202310020507,1,38.0
202310020508,0,
202310020509,1,38.9
202310020510,1,39.3
202310020511,1,24.0
202310020512,2,24.2
202310020601,1,38.0
202310020602,2,23.7
202310020603,2,24.1
202310020604,0,
202310020605,2,33.7
202310020606,1,20.4
202310020607,1,30.4
202310020608,2,27.6
202310020609,2,26.3
202310020610,1,20.3
202310020611,1,27.7
202310020612,3,22.9
202310030101,0,
202310030102,1,69.1
202310030103,2,47.0
202310030104,0,
202310030105,1,49.5
202310030106,3,26.2
202310030107,3,34.8
202310030108,5,27.2
202310030109,3,32.4
202310030110,2,41.5
202310030111,4,22.9
202310030112,4,27.4
202310030201,1,59.5
202310030202,4,28.1
202310030203,2,40.0
202310030204,5,29.3
202310030205,2,26.5
202310030206,2,32.8
202310030207,3,28.2
202310030208,2,41.2
202310030209,3,28.7
202310030210,3,32.0
202310030211,4,29.0
202310030212,3,25.1
202310030301,4,33.1
202310030302,3,29.3
202310030303,3,24.7
202310030304,5,27.8
202310030305,2,34.8
202310030306,2,29.4
202310030307,4,25.6
202310030308,3,34.7
202310030309,4,26.5
202310030310,2,49.7
202310030311,2,31.0
202310030312,3,26.5
202310030401,0,
202310030402,1,106.2
202310030403,3,35.9
202310030404,4,22.7
202310030405,3,23.9
202310030406,3,32.0
202310030203,2,40.0
202310030407,3,30.8
202310030204,5,29.3
202310030408,3,32.5
202310030205,2,26.5
202310030409,4,26.0
202310030206,2,32.8
202310030410,4,22.9
202310030207,3,28.2
202310030411,5,21.2
202310030208,2,41.2
202310030412,3,36.8
202310030209,3,28.7
202310030501,1,52.0
202310030210,3,32.0
202310030502,3,36.7
202310030211,4,29.0
202310030503,2,37.5
202310030212,3,25.1
202310030504,0,
202310030301,4,33.1
202310030505,2,37.6
202310030302,3,29.3
202310030506,3,27.1
202310030303,3,24.7
202310030507,5,24.9
202310030304,5,27.8
202310030508,3,33.0
202310030305,2,34.8
202310030509,4,29.1
202310030306,2,29.4
202310030510,2,43.8
202310030307,4,25.6
202310030511,3,30.1
202310030308,3,34.7
202310030203,2,40.0
202310030512,3,23.9
202310030309,4,26.5
202310030204,5,29.3
202310030601,2,43.2
202310030310,2,49.7
202310030205,2,26.5
202310030602,2,50.6
202310030311,2,31.0
202310030206,2,32.8
202310030603,3,30.7
202310030312,3,26.5
202310030207,3,28.2
202310030604,3,29.8
202310030401,0,
202310030208,2,41.2
202310030605,1,40.2
202310030402,1,106.2
202310030209,3,28.7
202310030606,4,31.1
202310030403,3,35.9
202310030210,3,32.0
202310030607,5,23.5
202310030404,4,22.7
202310030211,4,29.0
202310030608,2,39.9
202310030405,3,23.9
202310030212,3,25.1
202310030609,2,42.0
202310030406,3,32.0
202310030301,4,33.1
202310030610,4,29.2
202310030407,3,30.8
202310030302,3,29.3
202310030611,2,32.3
202310030408,3,32.5
202310030303,3,24.7
202310030612,3,30.4
202310030409,4,26.0
202310030304,5,27.8
202310030701,1,55.9
202310030410,4,22.9
202310030305,2,34.8
202310030702,2,39.6
202310030411,5,21.2
202310030306,2,29.4
202310030703,3,26.1
202310030412,3,36.8
202310030307,4,25.6
202310030704,3,27.3
202310030501,1,52.0
202310030308,3,34.7
202310030705,1,46.3
202310030502,3,36.7
202310030309,4,26.5
202310030706,3,33.9
202310030503,2,37.5
202310030310,2,49.7
202310030707,5,21.5
202310030504,0,
202310030311,2,31.0
202310030708,1,53.6
202310030505,2,37.6
202310030312,3,26.5
202310030709,2,34.8
202310030506,3,27.1
202310030401,0,
202310030710,1,45.8
202310030507,5,24.9
202310030402,1,106.2
202310030711,2,31.3
202310030508,3,33.0
202310030403,3,35.9
202310030712,3,28.4
202310030509,4,29.1
202310030404,4,22.7
202310030801,0,
202310030510,2,43.8
202310030405,3,23.9
202310030802,2,37.0
202310030511,3,30.1
202310030406,3,32.0
202310030803,2,37.6
202310030512,3,23.9
202310030407,3,30.8
202310030601,2,43.2
202310030804,4,29.9
202310030408,3,32.5
202310030805,5,22.7
202310030602,2,50.6
202310030409,4,26.0
202310030806,3,29.2
202310030603,3,30.7
202310030410,4,22.9
202310030604,3,29.8
202310030807,4,20.0
202310030411,5,21.2
202310030808,2,36.6
202310030605,1,40.2
202310030412,3,36.8
202310030809,5,23.1
202310030606,4,31.1
202310030607,5,23.5
202310030810,3,33.1
202310030501,1,52.0
202310030502,3,36.7
202310030608,2,39.9
202310030811,2,43.1
202310030503,2,37.5
202310030609,2,42.0
202310030812,2,40.8
202310030504,0,
202310030610,4,29.2
202401010101,1,107.8
202310030505,2,37.6
202310030611,2,32.3
202401010102,1,51.3
202310030506,3,27.1
202401010103,2,47.8
202310030612,3,30.4
202310030507,5,24.9
202310030701,1,55.9
202401010104,2,36.5
202310030508,3,33.0
202310030702,2,39.6
202401010105,2,34.4
202310030509,4,29.1
202310030703,3,26.1
202401010106,3,33.8
202310030510,2,43.8
202401010107,1,38.3
202310030704,3,27.3
202310030511,3,30.1
202401010108,1,60.2
202310030705,1,46.3
202310030512,3,23.9
202401010109,1,41.5
202310030706,3,33.9
202310030601,2,43.2
202401010110,2,34.9
202310030707,5,21.5
202310030602,2,50.6
202310030708,1,53.6
202401010111,2,23.6
202310030603,3,30.7
202401010112,2,37.9
202310030709,2,34.8
202310030604,3,29.8
202401010201,1,64.5
202310030710,1,45.8
202310030605,1,40.2
202401010202,2,30.4
202310030711,2,31.3
202310030606,4,31.1
202401010203,3,34.8
202310030712,3,28.4
202310030607,5,23.5
202310030801,0,
202401010204,3,34.0
202310030608,2,39.9
202401010205,2,27.8
202310030802,2,37.0
202310030609,2,42.0
202401010206,3,33.4
202310030803,2,37.6
202310030610,4,29.2
202401010207,1,57.1
202310030804,4,29.9
202310030611,2,32.3
202401010208,1,47.0
202310030805,5,22.7
202310030612,3,30.4
202401010209,2,42.8
202310030806,3,29.2
202310030701,1,55.9
202401010210,1,45.2
202310030807,4,20.0
202310030702,2,39.6
202310030808,2,36.6
202401010211,2,37.3
202310030703,3,26.1
202310030809,5,23.1
202401010212,2,27.3
202310030704,3,27.3
202310030810,3,33.1
202401010301,1,59.2
202310030705,1,46.3
202310030811,2,43.1
202401010302,3,35.2
202310030706,3,33.9
202310030812,2,40.8
202401010303,3,33.8
202310030707,5,21.5
202401010101,1,107.8
202401010304,3,34.2
202310030708,1,53.6
202401010102,1,51.3
202401010305,2,37.8
202310030709,2,34.8
202401010103,2,47.8
202401010306,2,40.6
202310030710,1,45.8
202401010104,2,36.5
202401010307,1,60.6
202310030711,2,31.3
202401010105,2,34.4
202401010308,3,36.9
202310030712,3,28.4
202401010106,3,33.8
202401010309,1,50.1
202310030801,0,
202401010107,1,38.3
202401010310,3,31.8
202310030802,2,37.0
202401010108,1,60.2
202401010311,2,27.6
202310030803,2,37.6
202401010109,1,41.5
202401010312,2,31.7
202310030804,4,29.9
202401010110,2,34.9
202401010401,2,38.6
202310030805,5,22.7
202401010402,2,40.0
202401010111,2,23.6
202310030806,3,29.2
202401010403,3,36.7
202401010112,2,37.9
202310030807,4,20.0
202401010404,2,35.0
202401010201,1,64.5
202310030808,2,36.6
202401010405,1,49.3
202401010202,2,30.4
202310030809,5,23.1
202401010406,2,33.8
202401010203,3,34.8
202310030810,3,33.1
202401010204,3,34.0
202401010407,1,49.2
202310030811,2,43.1
202401010205,2,27.8
202401010408,3,32.6
202310030812,2,40.8
202401010206,3,33.4
202401010409,2,43.4
202401010101,1,107.8
202401010207,1,57.1
202401010410,2,41.6
202401010102,1,51.3
202401010411,3,26.3
202401010208,1,47.0
202401010103,2,47.8
202401010412,2,41.3
202401010209,2,42.8
202401010104,2,36.5
202401010501,2,38.5
202401010105,2,34.4
202401010210,1,45.2
202401010502,2,37.1
202401010211,2,37.3
202401010106,3,33.8
202401010107,1,38.3
202401010503,3,34.5
202401010212,2,27.3
202401010504,3,30.0
202401010301,1,59.2
202401010108,1,60.2
202401010302,3,35.2
202401010109,1,41.5
202401010505,1,61.8
202401010303,3,33.8
202401010506,3,33.8
202401010110,2,34.9
202401010304,3,34.2
202401010507,3,34.8
202401010111,2,23.6
202401010305,2,37.8
202401010508,2,36.4
202401010112,2,37.9
202401010306,2,40.6
202401010509,3,35.4
202401010201,1,64.5
202401010307,1,60.6
202401010510,3,27.9
202401010202,2,30.4
202401010308,3,36.9
202401010511,2,32.9
202401010203,3,34.8
202401010309,1,50.1
202401010512,2,29.6
202401010204,3,34.0
202401010310,3,31.8
202401010601,2,41.8
202401010205,2,27.8
202401010311,2,27.6
202401010602,2,34.9
202401010206,3,33.4
202401010312,2,31.7
202401010603,3,32.1
202401010207,1,57.1
202401010401,2,38.6
202401010208,1,47.0
202401010604,2,38.6
202401010402,2,40.0
202401010605,1,42.3
202401010209,2,42.8
202401010403,3,36.7
202401010210,1,45.2
202401010606,3,34.0
202401010404,2,35.0
202401010607,2,39.3
202401010211,2,37.3
202401010405,1,49.3
202401010608,1,47.5
202401010212,2,27.3
202401010406,2,33.8
202401010609,3,24.2
202401010301,1,59.2
202401010407,1,49.2
202401010610,3,26.5
202401010302,3,35.2
202401010408,3,32.6
202401010611,4,31.2
202401010303,3,33.8
202401010409,2,43.4
202401010612,3,31.5
202401010304,3,34.2
202401010410,2,41.6
202401020101,1,66.2
202401010305,2,37.8
202401010411,3,26.3
202401020102,2,37.0
202401010306,2,40.6
202401010412,2,41.3
202401020103,1,51.0
202401010307,1,60.6
202401010501,2,38.5
202401020104,2,38.6
202401010308,3,36.9
202401010502,2,37.1
202401020105,1,40.6
202401010309,1,50.1
202401010503,3,34.5
202401020106,3,39.2
202401010310,3,31.8
202401010504,3,30.0
202401020107,2,43.6
202401010311,2,27.6
202401010505,1,61.8
202401020108,3,28.8
202401010312,2,31.7
202401010506,3,33.8
202401020109,3,35.3
202401010401,2,38.6
202401020110,2,32.7
202401010507,3,34.8
202401020111,2,34.9
202401010402,2,40.0
202401010508,2,36.4
202401020112,2,32.7
202401010403,3,36.7
202401010509,3,35.4
202401020201,1,54.2
202401010404,2,35.0
202401010510,3,27.9
202401020202,2,42.6
202401010405,1,49.3
202401010511,2,32.9
202401020203,2,44.7
202401010406,2,33.8
202401010512,2,29.6
202401020204,3,29.7
202401010407,1,49.2
202401010601,2,41.8
202401020205,1,45.2
202401010408,3,32.6
202401010602,2,34.9
202401020206,2,34.2
202401010409,2,43.4
202401010603,3,32.1
202401020207,4,30.2
202401010410,2,41.6
202401010604,2,38.6
202401020208,1,69.3
202401010605,1,42.3
202401010411,3,26.3
202401020209,1,38.5
202401010606,3,34.0
202401010412,2,41.3
202401020210,2,36.6
202401010607,2,39.3
202401010501,2,38.5
202401020211,4,25.3
202401010608,1,47.5
202401010502,2,37.1
202401020212,1,47.6
202401010609,3,24.2
202401010503,3,34.5
202401020301,1,54.5
202401010610,3,26.5
202401010504,3,30.0
202401020302,3,34.1
202401010611,4,31.2
202401010505,1,61.8
202401020303,3,35.6
202401010612,3,31.5
202401010506,3,33.8
202401020304,2,39.0
202401020101,1,66.2
202401010507,3,34.8
202401020305,1,29.4
202401020102,2,37.0
202401010508,2,36.4
202401020306,2,40.1
202401020103,1,51.0
202401010509,3,35.4
202401020307,3,34.9
202401020104,2,38.6
202401010510,3,27.9
202401020308,2,51.9
202401020105,1,40.6
202401010511,2,32.9
202401020309,3,34.1
202401020106,3,39.2
202401010512,2,29.6
202401020310,2,44.3
202401020107,2,43.6
202401010601,2,41.8
202401020311,3,24.9
202401020108,3,28.8
202401010602,2,34.9
202401020109,3,35.3
202401020312,1,59.1
202401010603,3,32.1
202401020401,2,45.8
202401020110,2,32.7
202401010604,2,38.6
202401020402,2,40.2
202401020111,2,34.9
202401010605,1,42.3
202401020403,2,36.2
202401020112,2,32.7
202401010606,3,34.0
202401020404,2,32.3
202401020201,1,54.2
202401010607,2,39.3
202401020405,1,64.1
202401020202,2,42.6
202401010608,1,47.5
202401020406,2,41.4
202401020203,2,44.7
202401010609,3,24.2
202401020407,3,35.3
202401020204,3,29.7
202401010610,3,26.5
202401020408,1,54.9
202401020205,1,45.2
202401010611,4,31.2
202401020409,3,25.3
202401020206,2,34.2
202401010612,3,31.5
202401020207,4,30.2
202401020410,3,35.4
202401020101,1,66.2
202401020208,1,69.3
202401020411,3,33.6
202401020102,2,37.0
202401020412,2,40.6
202401020209,1,38.5
202401020103,1,51.0
202401020501,1,82.5
202401020210,2,36.6
202401020104,2,38.6
202401020502,1,73.7
202401020211,4,25.3
202401020105,1,40.6
202401020212,1,47.6
202401020503,2,39.7
202401020106,3,39.2
202401020301,1,54.5
202401020504,2,44.8
202401020107,2,43.6
202401020505,1,43.7
202401020302,3,34.1
202401020108,3,28.8
202401020506,2,37.8
202401020303,3,35.6
202401020109,3,35.3
202401020507,2,41.7
202401020304,2,39.0
202401020110,2,32.7
202401020508,2,49.7
202401020305,1,29.4
202401020111,2,34.9
202401020509,3,35.9
202401020306,2,40.1
202401020112,2,32.7
202401020510,3,36.0
202401020307,3,34.9
202401020201,1,54.2
202401020308,2,51.9
202401020511,3,28.2
202401020202,2,42.6
202401020309,3,34.1
202401020512,1,55.0
202401020203,2,44.7
202401020310,2,44.3
202401020601,1,55.5
202401020204,3,29.7
202401020311,3,24.9
202401020602,2,43.5
202401020205,1,45.2
202401020312,1,59.1
202401020603,1,45.5
202401020206,2,34.2
202401020401,2,45.8
202401020604,2,47.2
202401020207,4,30.2
202401020402,2,40.2
202401020605,1,44.9
202401020208,1,69.3
202401020403,2,36.2
202401020606,2,41.3
202401020209,1,38.5
202401020404,2,32.3
202401020607,2,43.8
202401020210,2,36.6
202401020405,1,64.1
202401020608,3,31.0
202401020211,4,25.3
202401020406,2,41.4
202401020609,5,27.7
202401020212,1,47.6
202401020407,3,35.3
202401020610,2,30.4
202401020301,1,54.5
202401020408,1,54.9
202401020611,4,28.8
202401020302,3,34.1
202401020409,3,25.3
202401020612,2,26.3
202401020303,3,35.6
202401020410,3,35.4
202401020701,2,44.6
202401020304,2,39.0
202401020411,3,33.6
202401020702,2,38.6
202401020305,1,29.4
202401020412,2,40.6
202401020703,3,30.0
202401020306,2,40.1
202401020501,1,82.5
202401020704,2,36.2
202401020307,3,34.9
202401020502,1,73.7
202401020705,2,38.7
202401020308,2,51.9
202401020503,2,39.7
202401020706,2,41.7
202401020309,3,34.1
202401020504,2,44.8
202401020707,5,27.0
202401020310,2,44.3
202401020505,1,43.7
202401020708,2,36.0
202401020311,3,24.9
202401020506,2,37.8
202401020709,2,31.8
202401020312,1,59.1
202401020507,2,41.7
202401020710,3,26.6
202401020401,2,45.8
202401020508,2,49.7
202401020711,2,48.8
202401020402,2,40.2
202401020509,3,35.9
202401020712,3,29.2
202401020403,2,36.2
202401020510,3,36.0
202401020801,1,51.3
202401020404,2,32.3
202401020511,3,28.2
202401020802,1,62.0
202401020405,1,64.1
202401020512,1,55.0
202401020803,2,30.6
202401020406,2,41.4
202401020601,1,55.5
202401020804,3,32.0
202401020407,3,35.3
202401020602,2,43.5
202401020805,2,35.4
202401020408,1,54.9
202401020603,1,45.5
202401020806,3,31.5
202401020409,3,25.3
202401020604,2,47.2
202401020807,3,32.6
202401020410,3,35.4
202401020605,1,44.9
202401020808,2,40.3
202401020411,3,33.6
202401020606,2,41.3
202401020809,1,42.7
202401020412,2,40.6
202401020607,2,43.8
202401020810,2,35.4
202401020501,1,82.5
202401020608,3,31.0
202401020811,3,24.0
202401020502,1,73.7
202401020609,5,27.7
202401020812,3,37.3
202401020503,2,39.7
202401020610,2,30.4
202402010101,3,37.3
202401020504,2,44.8
202401020611,4,28.8
202402010102,2,34.3
202401020505,1,43.7
202401020612,2,26.3
202402010103,2,48.3
202401020506,2,37.8
202401020701,2,44.6
202402010104,3,31.6
202401020507,2,41.7
202401020702,2,38.6
202402010105,2,29.5
202401020508,2,49.7
202401020703,3,30.0
202402010106,2,38.5
202401020509,3,35.9
202401020704,2,36.2
202402010107,3,37.4
202401020510,3,36.0
202401020705,2,38.7
202402010108,2,32.4
202401020511,3,28.2
202401020706,2,41.7
202402010109,2,34.4
202401020512,1,55.0
202401020707,5,27.0
202402010110,4,25.3
202401020601,1,55.5
202401020708,2,36.0
202402010111,3,25.5
202401020602,2,43.5
202401020709,2,31.8
202402010112,2,36.7
202401020603,1,45.5
202401020710,3,26.6
202402010201,2,35.2
202401020604,2,47.2
202401020711,2,48.8
202402010202,2,42.3
202401020605,1,44.9
202401020712,3,29.2
202402010203,1,50.2
202401020606,2,41.3
202401020801,1,51.3
202402010204,3,31.9
202401020607,2,43.8
202401020802,1,62.0
202402010205,2,34.4
202401020608,3,31.0
202401020803,2,30.6
202402010206,2,38.9
202401020609,5,27.7
202401020804,3,32.0
202402010207,1,53.1
202401020610,2,30.4
202401020805,2,35.4
202402010208,2,37.1
202401020611,4,28.8
202401020806,3,31.5
202402010209,2,38.5
202401020612,2,26.3
202401020807,3,32.6
202402010210,3,27.5
202401020701,2,44.6
202402010211,4,28.6
202401020808,2,40.3
202401020702,2,38.6
202402010212,2,38.1
202401020809,1,42.7
202401020703,3,30.0
202402010301,3,32.7
202401020810,2,35.4
202401020704,2,36.2
202402010302,2,39.2
202401020811,3,24.0
202401020705,2,38.7
202402010303,2,47.5
202401020812,3,37.3
202401020706,2,41.7
202402010304,2,31.8
202402010101,3,37.3
202401020707,5,27.0
202402010102,2,34.3
202402010305,1,61.0
202401020708,2,36.0
202402010306,1,65.5
202402010103,2,48.3
202401020709,2,31.8
202402010307,3,35.4
202402010104,3,31.6
202401020710,3,26.6
202402010308,1,47.6
202402010105,2,29.5
202402010309,2,48.8
202401020711,2,48.8
202402010106,2,38.5
202402010310,2,30.3
202401020712,3,29.2
202402010107,3,37.4
202402010311,2,41.6
202402010108,2,32.4
202401020801,1,51.3
202402010312,2,35.3
202402010109,2,34.4
202401020802,1,62.0
202402010401,2,40.8
202401020803,2,30.6
202402010110,4,25.3
202402010402,3,36.2
202401020804,3,32.0
202402010111,3,25.5
202402010403,2,46.2
202401020805,2,35.4
202402010112,2,36.7
202402010404,2,39.9
202401020806,3,31.5
202402010201,2,35.2
202402010405,1,57.1
202402010202,2,42.3
202401020807,3,32.6
202402010406,3,32.1
202402010203,1,50.2
202401020808,2,40.3
202402010407,2,35.0
202402010204,3,31.9
202401020809,1,42.7
202402010408,3,34.2
202402010205,2,34.4
202401020810,2,35.4
202402010409,2,31.3
202402010206,2,38.9
202401020811,3,24.0
202402010410,1,30.1
202402010207,1,53.1
202401020812,3,37.3
202402010411,2,28.7
202402010208,2,37.1
202402010101,3,37.3
202402010412,2,35.6
202402010209,2,38.5
202402010102,2,34.3
202402010501,1,52.5
202402010103,2,48.3
202402010210,3,27.5
202402010502,1,50.1
202402010211,4,28.6
202402010104,3,31.6
202402010503,3,30.8
202402010212,2,38.1
202402010105,2,29.5
202402010504,2,41.0
202402010301,3,32.7
202402010106,2,38.5
202402010505,1,55.7
202402010302,2,39.2
202402010107,3,37.4
202402010506,3,34.2
202402010303,2,47.5
202402010108,2,32.4
202402010507,1,55.1
202402010304,2,31.8
202402010109,2,34.4
202402010508,2,47.7
202402010305,1,61.0
202402010110,4,25.3
202402010509,2,30.9
202402010306,1,65.5
202402010111,3,25.5
202402010510,1,56.4
202402010307,3,35.4
202402010112,2,36.7
202402010511,4,29.1
202402010308,1,47.6
202402010201,2,35.2
202402010512,1,48.9
202402010309,2,48.8
202402010202,2,42.3
202402010601,3,36.3
202402010310,2,30.3
202402010203,1,50.2
202402010602,1,54.0
202402010311,2,41.6
202402010204,3,31.9
202402010603,2,40.5
202402010312,2,35.3
202402010205,2,34.4
202402010604,3,33.2
202402010401,2,40.8
202402010206,2,38.9
202402010605,1,118.2
202402010402,3,36.2
202402010606,1,55.7
202402010207,1,53.1
202402010403,2,46.2
202402010607,2,44.4
202402010208,2,37.1
202402010404,2,39.9
202402010608,2,46.9
202402010209,2,38.5
202402010405,1,57.1
202402010609,1,50.9
202402010210,3,27.5
202402010406,3,32.1
202402010610,2,33.0
202402010211,4,28.6
202402010407,2,35.0
202402010611,3,29.3
202402010212,2,38.1
202402010612,1,63.4
202402010408,3,34.2
202402010301,3,32.7
202402010701,1,131.6
202402010409,2,31.3
202402010302,2,39.2
202402010702,2,40.4
202402010410,1,30.1
202402010303,2,47.5
202402010703,3,35.8
202402010411,2,28.7
202402010304,2,31.8
202402010704,2,49.0
202402010412,2,35.6
202402010305,1,61.0
202402010705,1,75.5
202402010501,1,52.5
202402010306,1,65.5
202402010502,1,50.1
202402010706,1,47.9
202402010307,3,35.4
202402010707,2,31.3
202402010503,3,30.8
202402010308,1,47.6
202402010504,2,41.0
202402010708,1,42.4
202402010309,2,48.8
202402010505,1,55.7
202402010709,2,39.8
202402010310,2,30.3
202402010710,1,34.6
202402010506,3,34.2
202402010311,2,41.6
202402010711,3,25.1
202402010507,1,55.1
202402010312,2,35.3
202402010712,2,36.9
202402010508,2,47.7
202402010401,2,40.8
202402010801,1,98.3
202402010509,2,30.9
202402010402,3,36.2
202402010510,1,56.4
202402010802,3,32.2
202402010403,2,46.2
202402010803,2,27.5
202402010511,4,29.1
202402010404,2,39.9
202402010512,1,48.9
202402010804,2,48.4
202402010405,1,57.1
202402010601,3,36.3
202402010805,1,47.9
202402010406,3,32.1
202402010602,1,54.0
202402010806,3,30.2
202402010407,2,35.0
202402010603,2,40.5
202402010807,1,54.7
202402010408,3,34.2
202402010604,3,33.2
202402010808,3,33.8
202402010409,2,31.3
202402010605,1,118.2
202402010809,1,63.6
202402010410,1,30.1
202402010606,1,55.7
202402010810,2,29.3
202402010411,2,28.7
202402010811,4,28.4
202402010607,2,44.4
202402010412,2,35.6
202402010812,2,47.7
202402010608,2,46.9
202402010501,1,52.5
202402010609,1,50.9
202402010901,1,63.9
202402010502,1,50.1
202402010902,1,53.1
202402010610,2,33.0
202402010503,3,30.8
202402010903,3,32.1
202402010611,3,29.3
202402010504,2,41.0
202402010612,1,63.4
202402010904,1,56.1
202402010505,1,55.7
202402010701,1,131.6
202402010905,1,40.5
202402010506,3,34.2
202402010702,2,40.4
202402010906,2,48.5
202402010507,1,55.1
202402010703,3,35.8
202402010907,2,45.1
202402010508,2,47.7
202402010704,2,49.0
202402010908,1,48.0
202402010509,2,30.9
202402010705,1,75.5
202402010909,1,41.8
202402010510,1,56.4
202402010706,1,47.9
202402010910,1,48.7
202402010511,4,29.1
202402010707,2,31.3
202402010911,3,31.4
202402010512,1,48.9
202402010708,1,42.4
202402010601,3,36.3
202402010912,1,54.7
202402010709,2,39.8
202402011001,1,46.1
202402010602,1,54.0
202402010710,1,34.6
202402011002,2,49.1
202402010603,2,40.5
202402010711,3,25.1
202402011003,1,53.7
202402010604,3,33.2
202402010712,2,36.9
202402011004,2,41.7
202402010605,1,118.2
202402011005,1,41.9
202402010801,1,98.3
202402010606,1,55.7
202402010802,3,32.2
202402011006,2,49.3
202402010607,2,44.4
202402010803,2,27.5
202402011007,1,62.5
202402010608,2,46.9
202402010804,2,48.4
202402011008,1,48.9
202402010609,1,50.9
202402011009,2,39.4
202402010805,1,47.9
202402010610,2,33.0
202402011010,2,39.8
202402010806,3,30.2
202402010611,3,29.3
202402011011,2,29.7
202402010807,1,54.7
202402010612,1,63.4
202402011012,1,58.3
202402010808,3,33.8
202402010701,1,131.6
202402011101,1,55.1
202402010809,1,63.6
202402010702,2,40.4
202402011102,2,39.8
202402010810,2,29.3
202402010703,3,35.8
202402011103,3,31.2
202402010811,4,28.4
202402010704,2,49.0
202402011104,1,47.0
202402010812,2,47.7
202402010705,1,75.5
202402011105,2,39.6
202402010901,1,63.9
202402010706,1,47.9
202402010902,1,53.1
202402011106,2,37.5
202402010707,2,31.3
202402010903,3,32.1
202402011107,2,38.0
202402010708,1,42.4
202402010904,1,56.1
202402011108,2,45.8
202402010709,2,39.8
202402010905,1,40.5
202402010710,1,34.6
202402011109,2,37.2
202402010906,2,48.5
202402010711,3,25.1
202402011110,2,26.3
202402010907,2,45.1
202402010712,2,36.9
202402011111,3,29.2
202402010908,1,48.0
202402010801,1,98.3
202402011112,2,32.4
202402010909,1,41.8
202402011201,2,45.4
202402010802,3,32.2
202402010910,1,48.7
202402011202,2,39.8
202402010803,2,27.5
202402010911,3,31.4
202402010804,2,48.4
202402011203,3,33.4
202402010912,1,54.7
202402011204,2,43.5
202402010805,1,47.9
202402011001,1,46.1
202402010806,3,30.2
202402011205,1,62.5
202402011002,2,49.1
202402011206,3,37.7
202402010807,1,54.7
202402011003,1,53.7
202402011207,3,32.9
202402010808,3,33.8
202402011004,2,41.7
202402011208,3,29.1
202402010809,1,63.6
202402011005,1,41.9
202402011209,1,31.6
202402010810,2,29.3
202402011006,2,49.3
202402011210,2,27.0
202402010811,4,28.4
202402011007,1,62.5
202402011211,3,28.2
202402010812,2,47.7
202402011008,1,48.9
202402011212,2,36.7
202402010901,1,63.9
202402011009,2,39.4
202403010101,2,40.3
202402010902,1,53.1
202402011010,2,39.8
202403010102,2,42.2
202402010903,3,32.1
202402011011,2,29.7
202403010103,2,39.3
202402010904,1,56.1
202402011012,1,58.3
202403010104,0,
202402010905,1,40.5
202402011101,1,55.1
202403010105,0,
202402010906,2,48.5
202402011102,2,39.8
202403010106,2,30.1
202402010907,2,45.1
202402011103,3,31.2
202403010107,2,36.7
202402010908,1,48.0
202402011104,1,47.0
202403010108,3,27.1
202402010909,1,41.8
202402011105,2,39.6
202403010109,3,33.1
202402010910,1,48.7
202403010110,4,27.1
202402011106,2,37.5
202402010911,3,31.4
202403010111,4,30.3
202402011107,2,38.0
202402010912,1,54.7
202402011108,2,45.8
202403010112,3,34.3
202402011001,1,46.1
202402011109,2,37.2
202403010201,2,41.1
202402011002,2,49.1
202403010202,2,36.7
202402011110,2,26.3
202402011003,1,53.7
202403010203,3,28.0
202402011111,3,29.2
202402011004,2,41.7
202403010204,0,
202402011112,2,32.4
202402011005,1,41.9
202403010205,2,36.1
202402011201,2,45.4
202402011006,2,49.3
202403010206,2,39.2
202402011202,2,39.8
202402011007,1,62.5
202403010207,3,33.2
202402011203,3,33.4
202402011008,1,48.9
202403010208,3,27.6
202402011204,2,43.5
202402011009,2,39.4
202403010209,2,35.6
202402011205,1,62.5
202402011010,2,39.8
202403010210,3,27.7
202402011206,3,37.7
202402011011,2,29.7
202403010211,4,33.1
202402011207,3,32.9
202402011012,1,58.3
202403010212,2,37.3
202402011208,3,29.1
202402011101,1,55.1
202403010301,2,34.5
202402011209,1,31.6
202402011102,2,39.8
202403010302,3,35.1
202402011210,2,27.0
202402011103,3,31.2
202403010303,2,44.6
202402011211,3,28.2
202402011104,1,47.0
202403010304,2,39.6
202402011212,2,36.7
202402011105,2,39.6
202403010305,3,34.7
202403010101,2,40.3
202403010306,3,30.9
202402011106,2,37.5
202403010102,2,42.2
202402011107,2,38.0
202403010307,3,28.9
202403010103,2,39.3
202402011108,2,45.8
202403010308,3,30.6
202403010104,0,
202402011109,2,37.2
202403010309,3,26.3
202403010105,0,
202402011110,2,26.3
202403010310,2,30.7
202403010106,2,30.1
202402011111,3,29.2
202403010311,2,29.0
202403010107,2,36.7
202403010312,3,36.0
202402011112,2,32.4
202403010108,3,27.1
202403010401,2,35.8
202402011201,2,45.4
202403010109,3,33.1
202403010402,2,38.0
202402011202,2,39.8
202403010110,4,27.1
202403010403,2,40.4
202402011203,3,33.4
202403010111,4,30.3
202402011204,2,43.5
202403010404,0,
202403010112,3,34.3
202403010405,0,
202402011205,1,62.5
202403010201,2,41.1
202403010406,3,36.0
202403010202,2,36.7
202402011206,3,37.7
202403010407,3,32.9
202403010203,3,28.0
202402011207,3,32.9
202403010408,2,43.8
202402011208,3,29.1
202403010204,0,
202403010409,3,34.3
202403010205,2,36.1
202402011209,1,31.6
202403010410,4,20.7
202402011210,2,27.0
202403010206,2,39.2
202403010411,5,21.1
202402011211,3,28.2
202403010207,3,33.2
202403010412,3,31.2
202402011212,2,36.7
202403010208,3,27.6
202403010501,2,39.3
202403010209,2,35.6
202403010101,2,40.3
202403010210,3,27.7
202403010502,2,36.4
202403010102,2,42.2
202403010503,2,46.1
202403010211,4,33.1
202403010103,2,39.3
202403010212,2,37.3
202403010504,0,
202403010104,0,
202403010301,2,34.5
202403010105,0,
202403010505,0,
202403010106,2,30.1
202403010302,3,35.1
202403010506,1,65.8
202403010107,2,36.7
202403010303,2,44.6
202403010507,3,39.4
202403010108,3,27.1
202403010304,2,39.6
202403010508,2,44.1
202403010109,3,33.1
202403010305,3,34.7
202403010509,3,30.7
202403010110,4,27.1
202403010306,3,30.9
202403010510,3,36.3
202403010307,3,28.9
202403010111,4,30.3
202403010511,3,26.9
202403010308,3,30.6
202403010512,3,35.7
202403010112,3,34.3
202403010309,3,26.3
202403010601,3,37.5
202403010201,2,41.1
202403010310,2,30.7
202403010602,2,34.7
202403010202,2,36.7
202403010311,2,29.0
202403010203,3,28.0
202403010603,2,42.5
202403010312,3,36.0
202403010204,0,
202403010604,0,
202403010401,2,35.8
202403010205,2,36.1
202403010605,3,30.6
202403010402,2,38.0
202403010206,2,39.2
202403010606,2,45.5
202403010403,2,40.4
202403010207,3,33.2
202403010607,4,31.9
202403010404,0,
202403010208,3,27.6
202403010608,2,45.3
202403010209,2,35.6
202403010405,0,
202403010609,1,36.1
202403010406,3,36.0
202403010210,3,27.7
202403010610,2,41.3
202403010211,4,33.1
202403010407,3,32.9
202403010611,2,27.6
202403010408,2,43.8
202403010212,2,37.3
202403010612,1,53.4
202403010301,2,34.5
202403010409,3,34.3
202403020101,0,
202403010302,3,35.1
202403010410,4,20.7
202403020102,2,44.8
202403010303,2,44.6
202403010411,5,21.1
202403020103,2,41.9
202403010304,2,39.6
202403010412,3,31.2
202403020104,0,
202403010305,3,34.7
202403010501,2,39.3
202403020105,1,78.9
202403010306,3,30.9
202403010502,2,36.4
202403020106,1,65.1
202403010307,3,28.9
202403010503,2,46.1
202403020107,3,34.9
202403010308,3,30.6
202403010504,0,
202403020108,3,30.8
202403010309,3,26.3
202403010505,0,
202403020109,1,56.4
202403010310,2,30.7
202403010506,1,65.8
202403020110,2,33.2
202403010311,2,29.0
202403010507,3,39.4
202403020111,2,27.8
202403010312,3,36.0
202403010508,2,44.1
202403020112,2,35.6
202403010401,2,35.8
202403010509,3,30.7
202403020201,1,57.7
202403010402,2,38.0
202403010510,3,36.3
202403020202,3,39.4
202403010403,2,40.4
202403010511,3,26.9
202403010404,0,
202403020203,2,39.4
202403010512,3,35.7
202403010405,0,
202403020204,3,38.7
202403010601,3,37.5
202403020205,2,40.9
202403010406,3,36.0
202403010602,2,34.7
202403020206,1,37.7
202403010407,3,32.9
202403010603,2,42.5
202403020207,3,34.4
202403010408,2,43.8
202403010604,0,
202403020208,3,36.4
202403010409,3,34.3
202403010605,3,30.6
202403010410,4,20.7
202403020209,2,31.5
202403010606,2,45.5
202403020210,3,35.0
202403010411,5,21.1
202403010607,4,31.9
202403010412,3,31.2
202403010509,3,30.7
202403010510,3,36.3
202403010511,3,26.9
202403010512,3,35.7
202403010601,3,37.5
202403010602,2,34.7
202403010603,2,42.5
202403010604,0,
202403010605,3,30.6
202403010606,2,45.5
202403010607,4,31.9
202403010608,2,45.3
202403010609,1,36.1
202403010610,2,41.3
202403010611,2,27.6
202403010612,1,53.4
202403020101,0,
202403020102,2,44.8
202403020103,2,41.9
202403020104,0,
202403020105,1,78.9
202403020106,1,65.1
202403020107,3,34.9
202403020108,3,30.8
202403020109,1,56.4
202403020110,2,33.2
202403020111,2,27.8
202403020112,2,35.6
202403020201,1,57.7
202403020202,3,39.4
202403020203,2,39.4
202403020204,3,38.7
202403020205,2,40.9
202403020206,1,37.7
202403020207,3,34.4
202403020208,3,36.4
202403020209,2,31.5
202403020210,3,35.0
202403020211,2,28.5
202403020212,3,32.1
202403020301,1,63.1
202403020302,1,47.2
202403020303,2,39.1
202403020304,3,33.6
202403020305,2,33.1
202403020306,1,56.2
202403020307,2,42.0
202403020308,2,36.6
202403020309,1,56.5
202403020310,2,50.1
202403020311,3,32.7
202403020312,3,37.5
202403020401,0,
202403020402,2,39.8
202403020403,3,36.6
202403020404,2,44.2
202403020405,1,44.8
202403020406,1,44.4
202403020407,3,37.4
202403020408,3,31.1
202403020409,3,37.4
202403020410,1,54.8
202403020411,3,28.4
202403020412,3,31.9
202403020501,0,
202403020502,2,47.2
202403020503,2,43.1
202403020504,0,
202403020505,1,50.9
202403020506,1,50.7
202403020507,2,34.0
202403020508,3,34.3
202403020509,3,30.5
202403020510,1,33.2
202403020511,3,37.1
202403020512,4,33.6
202403020601,1,64.3
202403020602,1,54.4
202403020603,3,31.6
202403020604,2,39.6
202403020605,2,39.6
202403020606,1,51.7
202403020607,3,29.5
202403020608,2,28.8
202403020609,2,43.7
202403020610,3,30.0
202403020611,4,25.8
202403020612,2,42.2
202403020701,3,37.4
202403020702,2,37.9
202403020703,2,40.2
202403020704,2,40.3
202403020705,1,52.5
202403020706,1,47.1
202403020707,2,34.2
202403020708,3,35.8
202403020709,2,37.5
202403020710,3,33.3
202403020711,4,31.2
202403020712,3,37.6
202403020801,0,
202403020802,2,37.5
202403020803,2,47.7
202403020804,2,43.8
202403020805,1,50.4
202403020806,1,54.7
202403020807,3,37.6
202403020808,2,35.8
202403020809,2,38.6
202403020810,3,35.1
202403020811,3,30.1
202403020812,2,42.6
202403030101,2,40.7
202403030102,3,33.2
202403030103,3,30.3
202403030104,3,27.7
202403030105,2,35.9
202403030106,2,40.0
202403030107,3,33.1
202403030108,2,43.7
202403030109,3,27.6
202403030110,3,25.6
202403030111,4,29.2
202403030112,4,27.3
202403030201,2,31.9
202403030202,3,36.2
202403030203,3,30.4
202403030204,0,
202403030205,0,
202403030206,1,40.7
202403030207,2,25.3
202403030208,2,25.0
202403030209,3,30.2
202403030210,3,27.7
202403030211,4,32.5
202403030212,2,36.6
202403030301,2,47.2
202403030302,3,37.0
202403030303,2,36.7
202403030304,2,31.0
202403030305,2,33.3
202403030306,4,25.8
202403030307,3,32.3
202403030308,3,29.4
202403030309,2,39.1
202403030310,3,24.5
202403030311,2,32.2
202403030312,3,25.8
202403030401,2,35.3
202403030402,3,37.7
202403030403,3,37.4
202403030404,0,
202403030405,0,
202403030406,1,38.9
202403030407,3,31.0
202403030408,5,28.5
202403030409,3,33.6
202403030410,3,25.0
202403030411,4,22.2
202403030412,3,28.6
202403030501,4,23.3
202403030502,2,42.6
202403030503,2,44.2
202403030504,0,
202403030505,0,
202403030506,2,31.4
202403030507,3,32.4
202403030508,4,27.6
202403030509,4,27.2
202403030510,3,29.8
202403030511,4,24.9
202403030512,3,31.2
202403030601,3,37.1
202403030602,2,37.1
202403030603,3,30.1
202403030604,0,
202403030605,2,28.7
202403030606,4,28.2
202403030607,3,29.3
202403030608,3,29.9
202403030609,3,29.3
202403030610,2,28.3
202403030611,3,31.7
202403030612,3,27.6
202404010101,0,
202404010102,2,34.2
202404010103,2,43.0
202404010104,0,
202404010105,3,39.7
202404010106,3,29.7
202404010107,1,62.0
202404010108,3,29.3
202404010109,3,31.8
202404010110,2,36.0
202404010111,2,25.9
202404010112,1,38.8
202404010201,2,36.5
202404010202,2,38.1
202404010203,2,40.1
202404010204,0,
202404010205,2,40.7
202404010206,1,53.3
202404010207,1,31.3
202404010208,1,47.3
202404010209,2,35.3
202404010210,3,25.4
202404010211,5,23.2
202404010212,1,59.0
202404010301,0,
202404010302,2,41.4
202404010303,3,37.4
202404010304,0,
202404010305,3,26.3
202404010306,3,32.3
202404010307,2,27.8
202404010308,2,42.8
202404010309,4,26.6
202404010310,2,38.1
202404010311,2,28.9
202404010312,2,32.1
202404010401,2,37.7
202404010402,2,44.8
202404010403,2,40.9
202404010404,0,
202404010405,3,31.8
202404010406,3,33.5
202404010407,4,27.1
202404010408,3,35.1
202404010409,4,30.1
202404010410,4,23.6
202404010411,3,26.4
202404010412,2,39.0
202404010501,2,38.2
202404010502,2,38.9
202404010503,3,28.6
202404010504,2,38.6
202404010505,2,45.2
202404010506,2,40.4
202404010507,1,46.7
202404010508,3,33.3
202404010509,1,46.7
202404010510,2,40.8
202404010511,2,39.1
202404010512,3,36.3
202404010601,3,35.0
202404010602,2,40.3
202404010603,2,45.0
202404010604,0,
202404010605,0,
202404010606,2,47.4
202404010607,2,43.9
202404010608,3,32.6
202404010609,1,55.9
202404010610,3,31.4
202404010611,4,24.6
202404010612,3,34.1
202404010701,0,
202404010702,2,30.0
202404010703,2,42.3
202404010704,0,
202404010705,3,28.6
202404010706,2,44.1
202404010707,2,37.1
202404010708,2,35.1
202404010709,3,27.7
202404010710,1,38.6
202404010711,3,28.2
202404010712,3,33.1
202404010801,2,38.3
202404010802,2,37.0
202404010803,2,42.6
202404010804,0,
202404010805,3,32.8
202404010806,3,31.1
202404010807,3,29.8
202404010808,4,26.9
202404010809,3,27.0
202404010810,2,33.6
202404010811,5,21.9
202404010812,3,34.0
202404020101,1,93.0
202404020102,2,38.6
202404020103,2,32.5
202404020104,3,32.9
202404020105,3,34.2
202404020106,5,20.2
202404020107,3,35.7
202404020108,2,41.3
202404020109,0,
202404020110,3,37.1
202404020111,3,26.4
202404020112,3,28.7
202404020201,2,43.9
202404020202,1,69.4
202404020203,1,51.2
202404020204,2,38.8
202404020205,3,34.0
202404020206,5,24.1
202404020207,4,22.9
202404020208,3,31.3
202404020209,2,41.1
202404020210,5,31.5
202404020211,3,31.5
202404020212,3,28.5
202404020301,1,75.7
202404020302,1,71.0
202404020303,2,35.4
202404020304,1,44.6
202404020305,5,26.8
202404020306,4,29.2
202404020307,4,26.0
202404020308,3,35.3
202404020309,2,45.4
202404020310,4,31.7
202404020311,1,59.3
202404020312,2,39.7
202404020401,1,48.4
202404020402,2,36.7
202404020403,1,52.4
202404020404,2,51.3
202404020405,4,27.6
202404020406,5,18.5
202404020407,2,38.6
202404020408,4,32.8
202404020409,3,34.2
202404020410,5,26.6
202404020411,1,63.4
202404020412,2,40.1
202404030101,1,57.5
202404030102,3,39.4
202404030103,4,30.8
202404030104,2,42.8
202404030105,2,36.9
202404030106,2,30.2
202404030107,4,31.6
202404030108,3,40.9
202404030109,3,25.3
202404030110,2,41.3
202404030111,3,27.4
202404030112,3,19.2
202404030201,0,
202404030202,2,41.8
202404030203,2,41.9
202404030204,2,39.4
202404030205,2,40.3
202404030206,3,33.6
202404030207,2,47.4
202404030208,2,34.0
202404030209,3,33.7
202404030210,3,22.3
202404030211,5,20.7
202404030212,2,38.6
202404030301,0,
202404030302,3,39.5
202404030303,2,41.8
202404030304,0,
202404030305,4,31.8
202404030306,2,41.8
202404030307,3,37.1
202404030308,2,46.7
202404030309,3,37.4
202404030310,3,31.1
202404030311,1,53.5
202404030312,4,23.7
202404030401,1,51.1
202404030402,1,59.8
202404030403,2,42.9
202404030404,5,28.3
202404030405,1,50.7
202404030406,2,39.4
202404030407,4,29.2
202404030408,3,34.6
202404030409,4,20.4
202404030410,3,33.7
202404030411,3,33.8
202404030412,2,36.9
202404030501,1,34.7
202404030502,2,38.3
202404030503,4,27.0
202404030504,4,28.3
202404030505,2,41.6
202404030506,2,40.1
202404030507,2,41.1
202404030508,4,26.6
202404030509,3,37.8
202404030510,3,28.1
202404030511,2,27.8
202404030512,3,32.5
202404030601,0,
202404030602,2,34.1
202404030603,1,40.8
202404030604,2,41.3
202404030605,1,58.9
202404030606,2,27.6
202404030607,4,26.3
202404030608,2,37.0
202404030609,3,32.4
202404030610,3,28.7
202404030611,2,46.2
202404030701,0,
202404030702,1,55.8
202404030703,2,42.0
202404030704,0,
202404030705,1,75.9
202404030706,5,24.1
202404030707,3,33.7
202404030708,3,35.2
202404030709,2,42.8
202404030710,2,35.5
202404030711,2,36.8
202404030712,4,30.4
202404030801,1,55.5
202404030802,1,51.6
202404030803,3,36.3
202404030804,4,24.4
202404030805,1,83.8
202404030806,2,44.5
202404030807,2,42.8
202404030808,2,48.9
202404030809,1,57.9
202404030810,3,37.9
202404030811,2,40.7
202404030812,5,23.0
202404040101,0,
202404040102,2,47.9
202404040103,3,30.0
202404040104,0,
202404040105,4,18.4
202404040106,1,49.5
202404040107,2,42.2
202404040108,3,31.6
202404040109,2,34.5
202404040110,5,24.4
202404040111,2,31.1
202404040112,5,20.8
202404040201,4,27.6
202404040202,2,31.7
202404040203,2,29.7
202404040204,0,
202404040205,2,40.8
202404040206,1,47.1
202404040207,5,24.5
202404040208,2,39.7
202404040209,4,26.1
202404040210,1,47.4
202404040211,2,32.9
202404040212,3,32.4
202404040301,0,
202404040302,1,73.8
202404040303,3,30.7
202404040304,0,
202404040305,3,21.4
202404040306,2,32.9
202404040307,2,47.3
202404040308,2,35.4
202404040309,5,23.1
202404040310,2,43.2
202404040311,4,26.6
202404040312,3,33.0
202404040401,2,41.5
202404040402,3,27.5
202404040403,2,38.8
202404040404,1,45.0
202404040405,1,42.4
202404040406,2,45.5
202404040407,1,39.6
202404040408,1,49.3
202404040409,3,27.3
202404040410,2,43.1
202404040411,5,20.4
202404040412,3,27.5
202404040501,0,
202404040502,1,62.0
202404040503,2,46.3
202404040504,0,
202404040505,2,38.1
202404040506,1,61.3
202404040507,2,49.7
202404040508,2,39.5
202404040509,1,42.7
202404040510,3,31.5
202404040511,3,20.3
202404040512,2,32.2
202404040601,1,52.7
202404040602,1,67.0
202404040603,1,53.5
202404040604,0,
202404040605,1,38.9
202404040606,2,39.6
202404040607,3,31.1
202404040608,4,20.9
202404040609,4,27.5
202404040610,3,36.2
202404040611,4,26.9
202404040612,2,37.4
202404040701,0,
202404040702,2,45.2
202404040703,2,35.4
202404040704,0,
202404040705,2,28.5
202404040706,2,38.3
202404040707,2,36.9
202404040708,1,45.2
202404040709,3,30.6
202404040710,2,28.6
202404040711,3,36.1
202404040712,2,43.8
202404040801,3,28.6
202404040802,2,40.2
202404040803,2,38.5
202404040804,0,
202404040805,2,40.5
202404040806,2,46.1
202404040807,5,24.0
202404040808,2,46.7
202404040809,2,33.5
202404040810,5,25.7
202404040811,4,26.3
202404040812,2,34.9
202405010101,3,40.6
202405010102,3,37.5
202405010103,2,43.8
202405010104,3,31.8
202405010105,2,40.3
202405010106,2,48.0
202405010107,4,25.7
202405010108,3,30.0
202405010109,3,29.9
202405010110,2,46.5
202405010111,2,44.2
202405010112,5,26.8
202405010201,3,32.8
202405010202,3,31.1
202405010203,2,38.3
202405010204,3,33.4
202405010205,2,39.2
202405010206,3,35.9
202405010207,2,29.0
202405010208,4,29.7
202405010209,1,49.3
202405010210,3,32.0
202405010211,3,29.5
202405010212,2,38.9
202405010301,2,39.6
202405010302,2,41.9
202405010303,2,40.8
202405010304,1,53.1
202405010305,2,40.5
202405010306,2,43.7
202405010307,3,36.8
202405010308,3,32.6
202405010309,2,41.1
202405010310,3,34.0
202405010311,2,43.9
202405010312,3,29.5
202405010401,3,39.9
202405010402,3,37.9
202405010403,2,33.5
202405010404,2,36.8
202405010405,3,29.8
202405010406,2,44.1
202405010407,1,63.5
202405010408,3,28.3
202405010409,1,54.8
202405010410,5,23.6
202405010411,4,23.6
202405010412,2,29.9
202405010501,2,36.4
202405010502,2,32.5
202405010503,3,32.7
202405010504,1,52.6
202405010505,3,35.7
202405010506,2,35.1
202405010507,2,39.2
202405010508,3,30.4
202405010509,2,37.1
202405010510,4,29.1
202405010511,3,35.4
202405010512,3,34.3
202405010601,3,39.5
202405010602,2,31.9
202405010603,3,36.3
202405010604,2,33.1
202405010605,3,40.6
202405010606,2,51.9
202405010607,2,37.5
202405010608,1,53.5
202405010609,2,31.5
202405010610,3,31.0
202405010611,2,40.5
202405010612,3,37.9
202405010701,2,42.4
202405010702,3,24.5
202405010703,2,39.0
202405010704,3,31.2
202405010705,4,26.1
202405010706,2,39.0
202405010707,3,37.1
202405010708,2,43.8
202405010709,1,49.8
202405010710,3,37.6
202405010711,1,41.8
202405010712,3,29.4
202405010801,2,35.5
202405010802,3,36.2
202405010803,2,29.6
202405010804,2,42.1
202405010805,1,48.3
202405010806,3,36.3
202405010807,3,30.9
202405010808,2,40.0
202405010809,2,34.1
202405010810,1,67.9
202405010811,4,28.4
202405010812,3,27.8
202405020101,3,29.8
202405020102,3,34.9
202405020103,2,37.0
202405020104,4,27.8
202405020105,3,33.5
202405020106,3,34.9
202405020107,3,26.2
202405020108,1,41.1
202405020109,2,25.1
202405020110,5,22.3
202405020111,5,24.8
202405020112,3,31.3
202405020201,2,35.2
202405020202,2,33.8
202405020203,5,29.8
202405020204,1,44.9
202405020205,2,42.9
202405020206,2,32.8
202405020207,1,43.4
202405020208,2,35.8
202405020209,2,45.7
202405020210,5,24.2
202405020211,3,26.7
202405020212,3,38.9
202405020301,3,35.9
202405020302,2,47.0
202405020303,1,53.3
202405020304,4,32.0
202405020305,3,37.0
202405020306,2,49.1
202405020307,2,38.9
202405020308,3,32.0
202405020309,4,26.7
202405020310,3,33.8
202405020311,2,26.5
202405020312,2,43.9
202405020401,2,29.5
202405020402,3,34.9
202405020403,2,38.7
202405020404,3,30.6
202405020405,2,43.4
202405020406,3,26.5
202405020407,2,45.1
202405020408,2,39.3
202405020409,1,57.1
202405020410,4,25.0
202405020411,2,32.3
202405020412,4,25.5
202405020501,2,36.5
202405020502,2,36.3
202405020503,3,36.6
202405020504,3,33.8
202405020505,2,44.9
202405020506,2,43.2
202405020507,2,37.6
202405020508,1,51.7
202405020509,1,42.6
202405020510,2,48.8
202405020511,3,30.9
202405020512,2,38.1
202405020601,2,45.0
202405020602,2,41.6
202405020603,2,34.7
202405020604,3,34.9
202405020605,3,31.0
202405020606,2,45.2
202405020607,3,39.3
202405020608,1,43.7
202405020609,2,42.0
202405020610,3,27.1
202405020611,5,22.8
202405020612,3,27.0
202405020701,3,35.4
202405020702,2,42.9
202405020703,3,32.9
202405020704,4,33.1
202405020705,4,27.4
202405020706,5,28.6
202405020707,1,50.7
202405020708,1,54.7
202405020709,2,40.8
202405020710,2,43.8
202405020711,2,31.0
202405020712,2,40.3
202405020801,2,31.4
202405020802,2,42.4
202405020803,2,41.8
202405020804,3,38.1
202405020805,2,53.2
202405020806,2,26.4
202405020807,3,36.1
202405020808,1,68.1
202405020809,1,56.6
202405020810,2,39.8
202405020811,3,35.7
202405020812,3,30.0
202405020901,2,30.1
202405020902,3,32.9
202405020903,3,36.1
202405020904,4,34.4
202405020905,5,26.4
202405020906,2,51.6
202405020907,3,39.3
202405020908,3,34.7
202405020909,2,43.3
202405020910,2,43.5
202405020911,3,27.2
202405020912,4,25.8
202405021001,3,38.2
202405021002,3,36.3
202405021003,3,31.5
202405021004,2,52.1
202405021005,2,32.8
202405021006,4,26.8
202405021007,1,59.3
202405021008,2,47.7
202405021009,3,34.6
202405021010,4,32.2
202405021011,5,23.8
202405021012,3,26.1
202405021101,3,34.0
202405021102,1,68.9
202405021103,4,32.4
202405021104,0,
202405021105,1,53.6
202405021106,2,43.3
202405021107,2,39.6
202405021108,3,33.2
202405021109,2,33.4
202405021110,2,31.1
202405021111,3,34.4
202405021112,3,35.1
202405021201,2,38.1
202405021202,4,29.0
202405021203,2,43.3
202405021204,3,33.3
202405021205,3,28.9
202405021206,1,63.8
202405021207,3,32.0
202405021208,1,37.8
202405021209,2,41.2
202405021210,3,29.3
202405021211,5,22.7
202405021212,3,39.4
202405030101,0,
202405030102,3,37.7
202405030103,3,34.9
202405030104,2,33.8
202405030105,1,50.2
202405030106,2,40.2
202405030107,5,25.6
202405030108,3,30.6
202405030109,2,41.4
202405030110,2,47.7
202405030111,4,27.0
202405030112,3,36.0
202405030201,2,43.5
202405030202,2,39.7
202405030203,4,32.8
202405030204,2,41.1
202405030205,1,50.8
202405030206,1,67.9
202405030207,1,59.5
202405030208,3,34.4
202405030209,1,41.3
202405030210,4,30.6
202405030211,5,20.1
202405030212,2,24.8
202405030301,0,
202405030302,2,37.8
202405030303,3,39.2
202405030304,5,28.6
202405030305,1,57.7
202405030306,2,39.9
202405030307,2,49.3
202405030308,3,33.5
202405030309,2,40.8
202405030310,3,35.1
202405030311,3,33.0
202405030312,3,34.3
202405030401,2,41.5
202405030402,2,41.6
202405030403,3,38.8
202405030404,3,35.0
202405030405,1,51.5
202405030406,3,36.6
202405030407,2,42.6
202405030408,1,50.7
202405030409,2,44.5
202405030410,4,30.5
202405030411,4,24.4
202405030412,3,35.0
202405030501,3,38.8
202405030502,3,38.9
202405030503,2,40.6
202405030504,2,40.5
202405030505,1,51.3
202405030506,2,31.1
202405030507,2,41.4
202405030508,1,54.2
202405030509,1,52.9
202405030510,3,34.4
202405030511,2,34.1
202405030512,2,38.8
202405030601,0,
202405030602,2,44.2
202405030603,2,40.9
202405030604,2,37.8
202405030605,2,48.5
202405030606,2,32.3
202405030607,2,28.6
202405030608,3,38.0
202405030609,1,60.9
202405030610,2,42.2
202405030611,3,31.3
202405030612,3,35.9
202405030701,2,41.4
202405030702,3,33.9
202405030703,3,31.6
202405030704,2,37.4
202405030705,2,45.6
202405030706,1,51.9
202405030707,4,32.3
202405030708,0,
202405030709,2,36.2
202405030710,3,34.5
202405030711,2,38.8
202405030712,2,41.2
202405030801,1,50.9
202405030802,3,40.4
202405030803,5,29.6
202405030804,3,35.4
202405030805,2,45.8
202405030806,2,37.3
202405030807,2,37.2
202405030808,3,35.0
202405030809,1,56.9
202405030810,4,27.3
202405030811,4,25.6
202405030812,3,27.7
202405040101,1,66.3
202405040102,2,47.1
202405040103,1,66.8
202405040104,2,37.4
202405040105,1,44.9
202405040106,1,64.5
202405040107,3,30.3
202405040108,2,48.2
202405040109,1,60.4
202405040110,3,34.4
202405040111,1,57.3
202405040112,4,31.1
202405040201,1,52.2
202405040202,1,77.2
202405040203,2,36.4
202405040204,2,46.2
202405040205,2,33.3
202405040206,4,29.2
202405040207,3,30.4
202405040208,4,30.3
202405040209,1,47.5
202405040210,3,32.1
202405040211,2,33.2
202405040212,5,31.9
202405040301,1,60.6
202405040302,3,33.9
202405040303,1,70.6
202405040304,2,48.5
202405040305,2,30.6
202405040306,2,39.9
202405040307,1,47.8
202405040308,4,25.2
202405040309,0,
202405040310,5,21.3
202405040311,3,25.5
202405040312,2,40.9
202405040401,3,40.2
202405040402,2,42.6
202405040403,2,44.0
202405040404,3,25.9
202405040405,1,42.7
202405040406,3,29.2
202405040407,1,52.9
202405040408,5,28.3
202405040409,1,65.7
202405040410,3,35.8
202405040411,4,29.1
202405040412,2,40.3
202405040501,2,41.6
202405040502,2,48.9
202405040503,1,65.0
202405040504,2,33.9
202405040505,2,41.2
202405040506,2,36.6
202405040507,2,39.8
202405040508,3,34.3
202405040509,1,41.7
202405040510,3,31.5
202405040511,5,21.2
202405040512,1,41.9
202405040601,1,54.9
202405040602,1,57.3
202405040603,1,60.5
202405040604,2,25.9
202405040605,3,24.5
202405040606,1,57.2
202405040607,3,31.5
202405040608,2,39.5
202405040609,2,43.1
202405040610,1,40.4
202405040611,3,30.1
202405040612,3,31.6
202405040701,2,49.8
202405040702,1,59.4
202405040703,2,46.0
202405040704,1,48.7
202405040705,1,56.9
202405040706,1,52.8
202405040707,3,37.3
202405040708,1,51.8
202405040709,2,45.9
202405040710,1,61.2
202405040711,2,27.1
202405040712,2,34.5
202405040801,1,55.8
202405040802,1,54.9
202405040803,2,50.5
202405040804,2,36.8
202405040805,2,40.1
202405040806,3,23.3
202405040807,2,46.0
202405040808,1,58.6
202405040809,2,46.2
202405040810,4,30.8
202405040811,3,31.2
202405040812,4,28.4
202405050101,2,40.8
202405050102,2,46.5
202405050103,1,57.0
202405050104,1,63.0
202405050105,1,54.0
202405050106,2,34.1
202405050107,3,40.5
202405050108,0,
202405050109,3,29.7
202405050110,2,39.3
202405050111,2,32.8
202405050112,1,60.6
202405050201,2,40.8
202405050202,2,38.0
202405050203,1,66.2
202405050204,2,38.4
202405050205,1,52.6
202405050206,3,34.0
202405050207,3,33.6
202405050208,2,37.4
202405050209,1,51.2
202405050210,2,44.4
202405050211,4,28.4
202405050212,3,34.0
202405050301,3,33.3
202405050302,2,51.9
202405050303,1,52.2
202405050304,2,44.5
202405050305,1,63.6
202405050306,2,43.9
202405050307,3,36.3
202405050308,2,37.0
202405050309,3,29.5
202405050310,3,32.3
202405050311,4,30.8
202405050312,2,36.3
202405050401,3,37.1
202405050402,1,74.7
202405050403,1,47.2
202405050404,2,34.2
202405050405,1,40.8
202405050406,3,34.0
202405050407,2,49.1
202405050408,1,56.7
202405050409,3,35.6
202405050410,2,33.0
202405050411,4,22.9
202405050412,4,31.0
202405050501,3,36.4
202405050502,2,40.7
202405050503,2,43.8
202405050504,1,44.6
202405050505,1,51.5
202405050506,1,57.4
202405050507,2,33.4
202405050508,3,30.4
202405050509,2,46.7
202405050510,3,31.9
202405050511,1,59.7
202405050512,5,21.7
202405050601,4,35.7
202405050602,2,33.5
202405050603,2,33.2
202405050604,2,36.2
202405050605,1,65.1
202405050606,3,26.1
202405050607,3,29.9
202405050608,1,68.1
202405050609,4,30.2
202405050610,3,32.4
202405050611,4,28.4
202405050612,5,21.5
202405050701,2,44.8
202405050702,5,28.2
202405050703,2,41.5
202405050704,2,36.9
202405050705,2,38.5
202405050706,3,36.9
202405050707,2,35.6
202405050708,2,38.9
202405050709,4,27.8
202405050710,3,27.5
202405050711,5,21.7
202405050712,2,36.9
202405050801,3,37.3
202405050802,4,32.2
202405050803,3,33.7
202405050804,1,52.5
202405050805,2,44.3
202405050806,2,44.4
202405050807,2,34.9
202405050808,2,45.6
202405050502,2,40.7
202405050809,2,40.4
202405050503,2,43.8
202405050810,3,30.8
202405050504,1,44.6
202405050811,3,30.0
202405050505,1,51.5
202405050812,2,30.4
202406010101,2,37.2
202405050506,1,57.4
202405050502,2,40.7
202406010102,2,38.8
202405050507,2,33.4
202405050503,2,43.8
202406010103,2,32.5
202405050508,3,30.4
202405050504,1,44.6
202406010104,2,37.8
202405050509,2,46.7
202405050505,1,51.5
202406010105,3,38.2
202405050510,3,31.9
202405050506,1,57.4
202406010106,5,27.4
202405050511,1,59.7
202405050507,2,33.4
202406010107,2,35.8
202405050512,5,21.7
202405050508,3,30.4
202406010108,3,29.5
202405050601,4,35.7
202405050509,2,46.7
202406010109,1,55.8
202405050602,2,33.5
202405050510,3,31.9
202406010110,2,34.1
202405050603,2,33.2
202405050511,1,59.7
202406010111,4,20.5
202405050604,2,36.2
202405050512,5,21.7
202406010112,4,27.5
202405050605,1,65.1
202405050601,4,35.7
202406010201,2,40.6
202405050606,3,26.1
202405050602,2,33.5
202406010202,4,27.1
202405050607,3,29.9
202405050603,2,33.2
202406010203,3,40.1
202405050608,1,68.1
202405050604,2,36.2
202405050609,4,30.2
202406010204,0,
202405050605,1,65.1
202405050610,3,32.4
202406010205,2,40.6
202405050606,3,26.1
202405050611,4,28.4
202406010206,3,26.8
202405050607,3,29.9
202405050612,5,21.5
202406010207,2,32.3
202405050608,1,68.1
202405050701,2,44.8
202406010208,3,32.2
202405050609,4,30.2
202405050702,5,28.2
202406010209,3,24.5
202405050610,3,32.4
202405050703,2,41.5
202406010210,3,29.0
202405050611,4,28.4
202406010211,3,28.7
202405050704,2,36.9
202405050612,5,21.5
202406010212,4,29.0
202405050705,2,38.5
202405050701,2,44.8
202406010301,3,33.1
202405050706,3,36.9
202405050702,5,28.2
202406010302,3,32.9
202405050707,2,35.6
202405050703,2,41.5
202406010303,3,28.8
202405050708,2,38.9
202405050704,2,36.9
202405050709,4,27.8
202406010304,3,26.9
202405050705,2,38.5
202405050710,3,27.5
202406010305,3,28.4
202405050706,3,36.9
202406010306,2,32.2
202405050711,5,21.7
202405050707,2,35.6
202406010307,4,27.2
202405050712,2,36.9
202405050708,2,38.9
202406010308,0,
202405050801,3,37.3
202405050709,4,27.8
202405050802,4,32.2
202406010309,3,27.4
202405050710,3,27.5
202405050803,3,33.7
202406010310,3,26.8
202405050711,5,21.7
202405050804,1,52.5
202406010311,3,25.0
202405050712,2,36.9
202405050805,2,44.3
202406010312,3,33.9
202405050801,3,37.3
202405050806,2,44.4
202406010401,2,36.7
202405050802,4,32.2
202405050807,2,34.9
202406010402,3,35.2
202405050803,3,33.7
202405050808,2,45.6
202405050804,1,52.5
202406010403,2,43.6
202405050809,2,40.4
202406010404,2,34.0
202405050805,2,44.3
202405050810,3,30.8
202406010405,3,32.5
202405050806,2,44.4
202405050811,3,30.0
202406010406,3,39.3
202405050807,2,34.9
202405050812,2,30.4
202406010407,3,35.2
202405050808,2,45.6
202406010101,2,37.2
202406010408,2,45.5
202405050809,2,40.4
202406010102,2,38.8
202406010409,1,49.7
202405050810,3,30.8
202406010410,4,31.8
202406010103,2,32.5
202405050811,3,30.0
202406010411,2,29.6
202406010104,2,37.8
202405050812,2,30.4
202406010412,3,33.4
202406010105,3,38.2
202406010101,2,37.2
202406010501,2,43.8
202406010106,5,27.4
202406010102,2,38.8
202406010502,3,29.6
202406010107,2,35.8
202406010103,2,32.5
202406010503,2,37.0
202406010108,3,29.5
202406010104,2,37.8
202406010504,2,32.9
202406010109,1,55.8
202406010105,3,38.2
202406010505,3,30.7
202406010110,2,34.1
202406010106,5,27.4
202406010506,3,30.0
202406010111,4,20.5
202406010107,2,35.8
202406010507,3,39.1
202406010112,4,27.5
202406010108,3,29.5
202406010508,4,31.0
202406010201,2,40.6
202406010109,1,55.8
202406010509,4,28.4
202406010202,4,27.1
202406010110,2,34.1
202406010510,3,34.0
202406010203,3,40.1
202406010111,4,20.5
202406010511,3,35.8
202406010204,0,
202406010112,4,27.5
202406010512,3,30.8
202406010205,2,40.6
202406010201,2,40.6
202406010601,4,30.2
202406010206,3,26.8
202406010202,4,27.1
202406010602,3,36.0
202406010207,2,32.3
202406010203,3,40.1
202406010603,2,37.8
202406010208,3,32.2
202406010204,0,
202406010604,2,33.3
202406010209,3,24.5
202406010205,2,40.6
202406010605,2,34.9
202406010210,3,29.0
202406010206,3,26.8
202406010606,4,33.2
202406010211,3,28.7
202406010207,2,32.3
202406010607,2,44.4
202406010212,4,29.0
202406010208,3,32.2
202406010608,3,33.4
202406010301,3,33.1
202406010209,3,24.5
202406010609,4,33.0
202406010302,3,32.9
202406010210,3,29.0
202406010610,2,45.9
202406010303,3,28.8
202406010211,3,28.7
202406010611,2,36.0
202406010304,3,26.9
202406010212,4,29.0
202406010612,3,31.8
202406010305,3,28.4
202406010301,3,33.1
202406010701,3,38.3
202406010306,2,32.2
202406010302,3,32.9
202406010702,2,34.6
202406010307,4,27.2
202406010303,3,28.8
202406010703,2,39.3
202406010308,0,
202406010304,3,26.9
202406010704,3,36.0
202406010309,3,27.4
202406010305,3,28.4
202406010705,4,29.0
202406010310,3,26.8
202406010306,2,32.2
202406010706,3,28.5
202406010311,3,25.0
202406010307,4,27.2
202406010707,2,28.7
202406010312,3,33.9
202406010308,0,
202406010708,2,37.1
202406010401,2,36.7
202406010309,3,27.4
202406010709,2,35.0
202406010402,3,35.2
202406010310,3,26.8
202406010710,3,28.9
202406010403,2,43.6
202406010311,3,25.0
202406010711,1,29.5
202406010312,3,33.9
202406010404,2,34.0
202406010712,2,48.4
202406010405,3,32.5
202406010401,2,36.7
202406020101,2,39.8
202406010406,3,39.3
202406010402,3,35.2
202406020102,2,36.0
202406010407,3,35.2
202406010403,2,43.6
202406020103,2,37.6
202406010408,2,45.5
202406010404,2,34.0
202406020104,2,37.8
202406010409,1,49.7
202406010405,3,32.5
202406020105,2,41.6
202406010410,4,31.8
202406010406,3,39.3
202406020106,2,39.1
202406010411,2,29.6
202406010407,3,35.2
202406020107,2,47.0
202406010412,3,33.4
202406010408,2,45.5
202406020108,2,38.6
202406010409,1,49.7
202406010501,2,43.8
202406020109,1,54.0
202406010410,4,31.8
202406020110,2,45.0
202406010502,3,29.6
202406010411,2,29.6
202406020111,2,35.6
202406010503,2,37.0
202406020112,3,21.1
202406010412,3,33.4
202406010504,2,32.9
202406020201,2,36.0
202406010501,2,43.8
202406010505,3,30.7
202406010502,3,29.6
202406020202,2,36.7
202406010506,3,30.0
202406010503,2,37.0
202406020203,2,41.2
202406010507,3,39.1
202406010504,2,32.9
202406020204,2,45.4
202406010508,4,31.0
202406010505,3,30.7
202406020205,2,41.6
202406010509,4,28.4
202406020206,3,39.3
202406010506,3,30.0
202406010510,3,34.0
202406020207,2,40.8
202406010507,3,39.1
202406010511,3,35.8
202406010508,4,31.0
202406020208,3,35.7
202406010512,3,30.8
202406020209,2,25.7
202406010509,4,28.4
202406010601,4,30.2
202406020210,3,29.9
202406010510,3,34.0
202406010602,3,36.0
202406020211,4,25.8
202406010511,3,35.8
202406010603,2,37.8
202406020212,3,39.7
202406010512,3,30.8
202406010604,2,33.3
202406020301,3,32.9
202406010601,4,30.2
202406010605,2,34.9
202406020302,2,44.1
202406010602,3,36.0
202406010606,4,33.2
202406010603,2,37.8
202406020303,2,36.8
202406010607,2,44.4
202406010604,2,33.3
202406020304,3,36.4
202406010608,3,33.4
202406010605,2,34.9
202406010609,4,33.0
202406020305,4,31.3
202406010606,4,33.2
202406020306,2,45.8
202406010610,2,45.9
202406010607,2,44.4
202406020307,3,35.9
202406010611,2,36.0
202406010608,3,33.4
202406010612,3,31.8
202406020308,3,36.2
202406010609,4,33.0
202406010701,3,38.3
202406020309,2,34.9
202406010610,2,45.9
202406010702,2,34.6
202406020310,3,32.4
202406010611,2,36.0
202406010703,2,39.3
202406020311,5,23.9
202406010612,3,31.8
202406010704,3,36.0
202406020312,2,45.1
202406010705,4,29.0
202406010701,3,38.3
202406020401,2,42.2
202406010702,2,34.6
202406010706,3,28.5
202406020402,2,43.6
202406010707,2,28.7
202406010703,2,39.3
202406020403,2,41.9
202406010708,2,37.1
202406010704,3,36.0
202406020404,2,35.4
202406010705,4,29.0
202406010709,2,35.0
202406020405,2,35.8
202406010706,3,28.5
202406010710,3,28.9
202406020406,2,33.8
202406010707,2,28.7
202406010711,1,29.5
202406020407,3,35.5
202406010712,2,48.4
202406010708,2,37.1
202406020408,2,40.8
202406020101,2,39.8
202406010709,2,35.0
202406020409,2,32.8
202406020102,2,36.0
202406010710,3,28.9
202406020410,3,29.1
202406020103,2,37.6
202406010711,1,29.5
202406020411,2,42.2
202406020104,2,37.8
202406010712,2,48.4
202406020412,4,29.8
202406020105,2,41.6
202406020101,2,39.8
202406020501,2,32.8
202406020106,2,39.1
202406020102,2,36.0
202406020502,2,43.6
202406020107,2,47.0
202406020103,2,37.6
202406020503,2,40.3
202406020108,2,38.6
202406020104,2,37.8
202406020504,2,41.6
202406020109,1,54.0
202406020105,2,41.6
202406020505,3,30.4
202406020110,2,45.0
202406020506,1,53.3
202406020106,2,39.1
202406020111,2,35.6
202406020507,2,32.0
202406020107,2,47.0
202406020112,3,21.1
202406020508,3,29.5
202406020108,2,38.6
202406020201,2,36.0
202406020509,3,28.3
202406020109,1,54.0
202406020202,2,36.7
202406020510,3,26.7
202406020110,2,45.0
202406020203,2,41.2
202406020111,2,35.6
202406020511,4,28.1
202406020204,2,45.4
202406020112,3,21.1
202406020512,2,32.0
202406020205,2,41.6
202406020201,2,36.0
202406020601,2,36.1
202406020206,3,39.3
202406020202,2,36.7
202406020602,2,36.6
202406020207,2,40.8
202406020203,2,41.2
202406020603,3,27.8
202406020208,3,35.7
202406020204,2,45.4
202406020604,0,
202406020209,2,25.7
202406020205,2,41.6
202406020605,3,31.9
202406020210,3,29.9
202406020206,3,39.3
202406020606,3,34.1
202406020211,4,25.8
202406020207,2,40.8
202406020212,3,39.7
202406020607,2,36.4
202406020208,3,35.7
202406020608,2,33.9
202406020301,3,32.9
202406020209,2,25.7
202406020609,4,26.8
202406020302,2,44.1
202406020210,3,29.9
202406020610,4,28.8
202406020303,2,36.8
202406020211,4,25.8
202406020611,2,41.9
202406020212,3,39.7
202406020304,3,36.4
202406020612,4,26.9
202406020301,3,32.9
202406020305,4,31.3
202406020701,3,36.1
202406020302,2,44.1
202406020306,2,45.8
202406020702,2,41.8
202406020303,2,36.8
202406020307,3,35.9
202406020703,2,44.2
202406020304,3,36.4
202406020308,3,36.2
202406020704,2,44.0
202406020305,4,31.3
202406020309,2,34.9
202406020705,3,36.2
202406020306,2,45.8
202406020310,3,32.4
202406020706,1,59.7
202406020307,3,35.9
202406020311,5,23.9
202406020707,3,37.1
202406020312,2,45.1
202406020308,3,36.2
202406020708,0,
202406020401,2,42.2
202406020309,2,34.9
202406020709,2,45.3
202406020310,3,32.4
202406020402,2,43.6
202406020710,2,32.8
202406020311,5,23.9
202406020403,2,41.9
202406020711,2,41.3
202406020312,2,45.1
202406020404,2,35.4
202406020712,3,35.1
202406020405,2,35.8
202406020401,2,42.2
202406020801,2,40.7
202406020406,2,33.8
202406020402,2,43.6
202406020802,3,38.3
202406020407,3,35.5
202406020403,2,41.9
202406020803,3,36.1
202406020408,2,40.8
202406020404,2,35.4
202406020804,3,35.1
202406020409,2,32.8
202406020405,2,35.8
202406020805,2,37.1
202406020410,3,29.1
202406020406,2,33.8
202406020411,2,42.2
202406020806,2,34.9
202406020407,3,35.5
202406020807,3,33.2
202406020412,4,29.8
202406020408,2,40.8
202406020808,1,45.8
202406020409,2,32.8
202406020501,2,32.8
202406020809,3,29.8
202406020410,3,29.1
202406020502,2,43.6
202406020810,3,29.5
202406020411,2,42.2
202406020503,2,40.3
202406020811,2,40.9
202406020412,4,29.8
202406020504,2,41.6
202406020812,5,29.0
202406020501,2,32.8
202406020505,3,30.4
202406020502,2,43.6
202406030101,2,40.6
202406020506,1,53.3
202406020503,2,40.3
202406030102,3,33.6
202406020507,2,32.0
202406020504,2,41.6
202406030103,3,37.9
202406020508,3,29.5
202406020505,3,30.4
202406030104,2,38.3
202406020509,3,28.3
202406020506,1,53.3
202406030105,1,49.3
202406020510,3,26.7
202406020507,2,32.0
202406030106,1,53.8
202406020511,4,28.1
202406020508,3,29.5
202406030107,3,31.8
202406020512,2,32.0
202406030108,2,42.9
202406020509,3,28.3
202406020601,2,36.1
202406030109,3,24.7
202406020510,3,26.7
202406020602,2,36.6
202406030110,1,49.0
202406020511,4,28.1
202406020603,3,27.8
202406030111,2,47.2
202406020512,2,32.0
202406020604,0,
202406030112,3,27.8
202406020601,2,36.1
202406020605,3,31.9
202406030201,3,34.7
202406020602,2,36.6
202406020606,3,34.1
202406030202,2,38.6
202406020603,3,27.8
202406020607,2,36.4
202406030203,2,42.6
202406020604,0,
202406030204,0,
202406020608,2,33.9
202406020605,3,31.9
202406020609,4,26.8
202406030205,2,33.4
202406020606,3,34.1
202406020610,4,28.8
202406030206,2,33.5
202406020607,2,36.4
202406020611,2,41.9
202406030207,3,34.5
202406020608,2,33.9
202406020612,4,26.9
202406030208,1,49.0
202406020609,4,26.8
202406020701,3,36.1
202406030209,4,27.7
202406020610,4,28.8
202406020702,2,41.8
202406030210,3,32.0
202406020611,2,41.9
202406020703,2,44.2
202406030211,3,29.3
202406020612,4,26.9
202406020704,2,44.0
202406030212,2,44.2
202406020701,3,36.1
202406020705,3,36.2
202406020702,2,41.8
202406030301,2,35.7
202406020706,1,59.7
202406020703,2,44.2
202406030302,3,39.8
202406020707,3,37.1
202406020704,2,44.0
202406030303,2,35.6
202406020708,0,
202406030304,2,43.5
202406020705,3,36.2
202406020709,2,45.3
202406030305,3,31.9
202406020706,1,59.7
202406020710,2,32.8
202406030306,2,50.0
202406020707,3,37.1
202406020711,2,41.3
202406030307,3,34.9
202406020708,0,
202406020712,3,35.1
202406030308,2,32.7
202406020709,2,45.3
202406020801,2,40.7
202406030309,3,25.8
202406020710,2,32.8
202406020802,3,38.3
202406030310,3,34.2
202406020711,2,41.3
202406020803,3,36.1
202406030311,3,26.4
202406020712,3,35.1
202406020804,3,35.1
202406030312,5,25.3
202406020801,2,40.7
202406020805,2,37.1
202406030401,2,35.6
202406020802,3,38.3
202406020806,2,34.9
202406030402,3,40.6
202406020803,3,36.1
202406020807,3,33.2
202406030403,2,31.9
202406020804,3,35.1
202406020808,1,45.8
202406030404,0,
202406020805,2,37.1
202406020809,3,29.8
202406030405,2,40.7
202406020806,2,34.9
202406030406,2,33.8
202406020810,3,29.5
202406020807,3,33.2
202406020811,2,40.9
202406030407,3,32.0
202406020808,1,45.8
202406030408,2,37.1
202406020812,5,29.0
202406020809,3,29.8
202406030409,1,54.9
202406030101,2,40.6
202406020810,3,29.5
202406030410,5,19.8
202406030102,3,33.6
202406020811,2,40.9
202406030411,2,30.2
202406030103,3,37.9
202406020812,5,29.0
202406030412,4,30.2
202406030104,2,38.3
202406030101,2,40.6
202406030501,3,31.4
202406030105,1,49.3
202406030102,3,33.6
202406030106,1,53.8
202406030502,3,33.4
202406030103,3,37.9
202406030503,2,41.1
202406030107,3,31.8
202406030104,2,38.3
202406030504,2,34.9
202406030108,2,42.9
202406030105,1,49.3
202406030109,3,24.7
202406030505,5,27.8
202406030106,1,53.8
202406030110,1,49.0
202406030506,2,43.4
202406030107,3,31.8
202406030111,2,47.2
202406030507,1,46.9
202406030108,2,42.9
202406030112,3,27.8
202406030508,5,24.3
202406030109,3,24.7
202406030509,3,33.6
202406030201,3,34.7
202406030110,1,49.0
202406030510,2,21.5
202406030202,2,38.6
202406030111,2,47.2
202406030511,3,33.8
202406030203,2,42.6
202406030112,3,27.8
202406030512,3,31.9
202406030204,0,
202406030201,3,34.7
202406030601,3,36.8
202406030205,2,33.4
202406030202,2,38.6
202406030602,2,45.2
202406030206,2,33.5
202406030203,2,42.6
202406030603,2,43.9
202406030207,3,34.5
202406030204,0,
202406030604,2,38.5
202406030208,1,49.0
202406030205,2,33.4
202406030605,4,28.8
202406030209,4,27.7
202406030206,2,33.5
202406030606,3,32.8
202406030210,3,32.0
202406030207,3,34.5
202406030607,2,35.6
202406030211,3,29.3
202406030208,1,49.0
202406030608,1,35.7
202406030212,2,44.2
202406030209,4,27.7
202406030609,2,30.4
202406030301,2,35.7
202406030210,3,32.0
202406030610,2,41.5
202406030302,3,39.8
202406030211,3,29.3
202406030611,2,25.9
202406030303,2,35.6
202406030212,2,44.2
202406030612,2,39.3
202406030304,2,43.5
202406030301,2,35.7
202406030701,2,40.5
202406030305,3,31.9
202406030302,3,39.8
202406030702,2,42.9
202406030306,2,50.0
202406030303,2,35.6
202406030703,2,44.0
202406030307,3,34.9
202406030304,2,43.5
202406030704,1,53.7
202406030308,2,32.7
202406030305,3,31.9
202406030705,2,35.6
202406030309,3,25.8
202406030306,2,50.0
202406030706,1,53.9
202406030310,3,34.2
202406030307,3,34.9
202406030707,2,47.5
202406030311,3,26.4
202406030308,2,32.7
202406030708,2,42.4
202406030312,5,25.3
202406030309,3,25.8
202406030709,1,52.1
202406030401,2,35.6
202406030310,3,34.2
202406030710,2,37.5
202406030311,3,26.4
202406030402,3,40.6
202406030711,0,
202406030312,5,25.3
202406030403,2,31.9
202406030712,2,38.3
202406030404,0,
202406030401,2,35.6
202406030801,2,32.4
202406030405,2,40.7
202406030402,3,40.6
202406030802,2,39.9
202406030403,2,31.9
202406030406,2,33.8
202406030803,2,45.3
202406030404,0,
202406030407,3,32.0
202406030804,3,30.2
202406030405,2,40.7
202406030408,2,37.1
202406030805,3,32.1
202406030406,2,33.8
202406030409,1,54.9
202406030806,3,40.3
202406030407,3,32.0
202406030410,5,19.8
202406030807,4,28.4
202406030408,2,37.1
202406030411,2,30.2
202406030808,1,61.4
202406030409,1,54.9
202406030412,4,30.2
202406030809,3,35.1
202406030410,5,19.8
202406030501,3,31.4
202406030810,3,25.9
202406030411,2,30.2
202406030502,3,33.4
202406030811,4,22.6
202406030412,4,30.2
202406030503,2,41.1
202406030812,5,28.0
202406030501,3,31.4
202406030504,2,34.9
202406040101,0,
202406030502,3,33.4
202406030505,5,27.8
202406040102,1,58.1
202406030503,2,41.1
202406030506,2,43.4
202406040103,1,58.6
202406030504,2,34.9
202406030507,1,46.9
202406040104,2,39.3
202406030505,5,27.8
202406030508,5,24.3
202406040105,1,81.9
202406030506,2,43.4
202406030509,3,33.6
202406040106,3,34.5
202406030507,1,46.9
202406030510,2,21.5
202406040107,1,52.3
202406030508,5,24.3
202406030511,3,33.8
202406040108,2,41.0
202406030509,3,33.6
202406030512,3,31.9
202406040109,1,69.5
202406030510,2,21.5
202406030601,3,36.8
202406040110,2,37.1
202406030511,3,33.8
202406030602,2,45.2
202406040111,3,27.7
202406030512,3,31.9
202406030603,2,43.9
202406040112,3,32.5
202406030601,3,36.8
202406030604,2,38.5
202406040201,1,67.3
202406030602,2,45.2
202406030605,4,28.8
202406040202,1,58.2
202406030603,2,43.9
202406030606,3,32.8
202406040203,2,37.6
202406030604,2,38.5
202406030607,2,35.6
202406040204,3,34.6
202406030605,4,28.8
202406030608,1,35.7
202406040205,2,38.0
202406030606,3,32.8
202406030609,2,30.4
202406040206,5,31.0
202406030607,2,35.6
202406030610,2,41.5
202406040207,2,36.4
202406030608,1,35.7
202406030611,2,25.9
202406040208,3,32.8
202406030609,2,30.4
202406030612,2,39.3
202406040209,1,51.4
202406030610,2,41.5
202406030701,2,40.5
202406040210,1,42.7
202406030611,2,25.9
202406030702,2,42.9
202406040211,5,28.3
202406030612,2,39.3
202406040212,3,36.9
202406030703,2,44.0
202406030701,2,40.5
202406040301,2,40.4
202406030704,1,53.7
202406030702,2,42.9
202406040302,2,52.4
202406030705,2,35.6
202406030703,2,44.0
202406040303,2,41.2
202406030706,1,53.9
202406030704,1,53.7
202406040304,3,30.4
202406030707,2,47.5
202406030705,2,35.6
202406040305,1,65.9
202406030708,2,42.4
202406030706,1,53.9
202406040306,4,27.7
202406030709,1,52.1
202406030707,2,47.5
202406040307,1,53.9
202406030710,2,37.5
202406030708,2,42.4
202406040308,3,32.4
202406030711,0,
202406030709,1,52.1
202406040309,3,37.6
202406030712,2,38.3
202406030710,2,37.5
202406040310,2,29.9
202406030801,2,32.4
202406030711,0,
202406040311,3,27.7
202406030802,2,39.9
202406030712,2,38.3
202406040312,3,30.6
202406030803,2,45.3
202406030801,2,32.4
202406040401,2,48.3
202406030804,3,30.2
202406030802,2,39.9
202406040402,2,37.2
202406030805,3,32.1
202406030803,2,45.3
202406040403,2,40.7
202406030806,3,40.3
202406040404,2,38.2
202406030804,3,30.2
202406030807,4,28.4
202406040405,3,30.4
202406030808,1,61.4
202406030805,3,32.1
202406030809,3,35.1
202406040406,3,32.6
202406030806,3,40.3
202406030810,3,25.9
202406040407,2,32.7
202406030807,4,28.4
202406030811,4,22.6
202406040408,4,23.0
202406030808,1,61.4
202406030812,5,28.0
202406030809,3,35.1
202406040409,2,34.5
202406040101,0,
202406030810,3,25.9
202406040410,3,29.8
202406040102,1,58.1
202406030811,4,22.6
202406040411,2,30.7
202406040103,1,58.6
202406040412,4,28.7
202406030812,5,28.0
202406040104,2,39.3
202406040101,0,
202406040501,0,
202406040105,1,81.9
202406040502,2,41.3
202406040102,1,58.1
202406040106,3,34.5
202406040503,2,41.8
202406040103,1,58.6
202406040107,1,52.3
202406040504,2,51.0
202406040104,2,39.3
202406040505,1,40.9
202406040108,2,41.0
202406040105,1,81.9
202406040506,1,53.5
202406040109,1,69.5
202406040106,3,34.5
202406040507,2,50.4
202406040110,2,37.1
202406040107,1,52.3
202406040508,2,41.3
202406040111,3,27.7
202406040108,2,41.0
202406040509,4,31.6
202406040112,3,32.5
202406040109,1,69.5
202406040510,2,46.8
202406040201,1,67.3
202406040110,2,37.1
202406040511,3,35.6
202406040202,1,58.2
202406040111,3,27.7
202406040512,3,30.3
202406040203,2,37.6
202406040112,3,32.5
202406040601,1,51.9
202406040204,3,34.6
202406040201,1,67.3
202406040602,2,40.2
202406040205,2,38.0
202406040202,1,58.2
202406040603,2,31.7
202406040206,5,31.0
202406040203,2,37.6
202406040604,2,39.5
202406040207,2,36.4
202406040204,3,34.6
202406040208,3,32.8
202406040605,2,38.0
202406040205,2,38.0
202406040209,1,51.4
202406040606,2,45.5
202406040206,5,31.0
202406040210,1,42.7
202406040607,2,32.7
202406040207,2,36.4
202406040211,5,28.3
202406040608,0,
202406040212,3,36.9
202406040208,3,32.8
202406040609,1,62.6
202406040301,2,40.4
202406040209,1,51.4
202406040610,2,33.5
202406040302,2,52.4
202406040210,1,42.7
202406040611,2,35.7
202406040303,2,41.2
202406040211,5,28.3
202406040612,2,35.5
202406040212,3,36.9
202406040304,3,30.4
202406040701,2,39.5
202406040305,1,65.9
202406040301,2,40.4
202406040702,2,47.3
202406040306,4,27.7
202406040302,2,52.4
202406040703,2,34.0
202406040307,1,53.9
202406040303,2,41.2
202406040704,2,42.9
202406040308,3,32.4
202406040304,3,30.4
202406040705,2,45.4
202406040309,3,37.6
202406040305,1,65.9
202406040706,2,51.9
202406040310,2,29.9
202406040306,4,27.7
202406040707,3,30.7
202406040311,3,27.7
202406040307,1,53.9
202406040708,2,34.3
202406040312,3,30.6
202406040308,3,32.4
202406040709,2,45.4
202406040401,2,48.3
202406040309,3,37.6
202406040710,3,34.4
202406040310,2,29.9
202406040402,2,37.2
202406040711,3,36.0
202406040403,2,40.7
202406040311,3,27.7
202406040712,5,26.5
202406040404,2,38.2
202406040312,3,30.6
202406040801,0,
202406040405,3,30.4
202406040802,1,50.2
202406040401,2,48.3
202406040406,3,32.6
202406040402,2,37.2
202406040803,2,41.7
202406040403,2,40.7
202406040407,2,32.7
202406040804,3,34.8
202406040404,2,38.2
202406040408,4,23.0
202406040805,2,32.2
202406040405,3,30.4
202406040409,2,34.5
202406040806,2,35.2
202406040406,3,32.6
202406040410,3,29.8
202406040807,3,32.0
202406040407,2,32.7
202406040411,2,30.7
202406040808,4,28.6
202406040408,4,23.0
202406040412,4,28.7
202406040809,1,59.4
202406040501,0,
202406040409,2,34.5
202406040810,3,29.1
202406040502,2,41.3
202406040410,3,29.8
202406040811,3,37.9
202406040503,2,41.8
202406040812,2,35.5
202406040411,2,30.7
202406040504,2,51.0
202406040901,2,40.2
202406040412,4,28.7
202406040902,1,58.8
202406040505,1,40.9
202406040501,0,
202406040903,2,38.0
202406040506,1,53.5
202406040502,2,41.3
202406040904,4,31.2
202406040507,2,50.4
202406040503,2,41.8
202406040508,2,41.3
202406040504,2,51.0
202406040905,3,27.0
202406040906,2,41.5
202406040509,4,31.6
202406040505,1,40.9
202406040907,4,31.0
202406040510,2,46.8
202406040506,1,53.5
202406040908,2,35.7
202406040511,3,35.6
202406040507,2,50.4
202406040909,1,54.2
202406040512,3,30.3
202406040508,2,41.3
202406040601,1,51.9
202406040910,2,29.9
202406040509,4,31.6
202406040602,2,40.2
202406040911,3,29.3
202406040510,2,46.8
202406040912,3,32.7
202406040603,2,31.7
202406040511,3,35.6
202406050101,3,35.5
202406040604,2,39.5
202406040512,3,30.3
202406050102,2,39.0
202406040605,2,38.0
202406040601,1,51.9
202406050103,2,41.7
202406040606,2,45.5
202406040602,2,40.2
202406050104,2,44.8
202406040607,2,32.7
202406040603,2,31.7
202406050105,2,33.2
202406040608,0,
202406040604,2,39.5
202406050106,2,43.9
202406040609,1,62.6
202406040605,2,38.0
202406050107,3,33.7
202406040610,2,33.5
202406040606,2,45.5
202406050108,0,
202406040611,2,35.7
202406040607,2,32.7
202406050109,2,31.7
202406040612,2,35.5
202406040608,0,
202406050110,3,36.3
202406040701,2,39.5
202406040609,1,62.6
202406040702,2,47.3
202406050111,2,26.2
202406040610,2,33.5
202406040703,2,34.0
202406050112,2,39.3
202406040611,2,35.7
202406040704,2,42.9
202406050201,2,38.0
202406040612,2,35.5
202406040705,2,45.4
202406050202,2,39.6
202406040701,2,39.5
202406050203,2,35.4
202406040706,2,51.9
202406040702,2,47.3
202406050204,2,36.9
202406040707,3,30.7
202406040703,2,34.0
202406050205,3,24.0
202406040708,2,34.3
202406040704,2,42.9
202406050206,1,52.9
202406040709,2,45.4
202406040705,2,45.4
202406040710,3,34.4
202406050207,2,37.8
202406040706,2,51.9
202406050208,2,27.5
202406040711,3,36.0
202406040707,3,30.7
202406040712,5,26.5
202406050209,4,18.7
202406040708,2,34.3
202406050210,4,28.3
202406040801,0,
202406040709,2,45.4
202406050211,2,27.1
202406040802,1,50.2
202406040710,3,34.4
202406050212,3,33.6
202406040803,2,41.7
202406040711,3,36.0
202406050301,3,36.2
202406040804,3,34.8
202406040712,5,26.5
202406050302,2,50.5
202406040805,2,32.2
202406040801,0,
202406050303,3,31.1
202406040806,2,35.2
202406040802,1,50.2
202406050304,2,47.7
202406040807,3,32.0
202406040803,2,41.7
202406050305,2,36.1
202406040808,4,28.6
202406040804,3,34.8
202406050306,1,56.6
202406040809,1,59.4
202406040805,2,32.2
202406050307,3,32.1
202406040810,3,29.1
202406040806,2,35.2
202406050308,5,30.6
202406040811,3,37.9
202406040807,3,32.0
202406050309,2,48.7
202406040812,2,35.5
202406040808,4,28.6
202406050310,3,23.9
202406040901,2,40.2
202406040809,1,59.4
202406050311,3,34.2
202406040902,1,58.8
202406040810,3,29.1
202406040903,2,38.0
202406050312,2,26.5
202406040811,3,37.9
202406050401,3,39.8
202406040904,4,31.2
202406040812,2,35.5
202406050402,2,40.0
202406040905,3,27.0
202406040901,2,40.2
202406050403,2,42.0
202406040906,2,41.5
202406040902,1,58.8
202406050404,0,
202406040907,4,31.0
202406040903,2,38.0
202406050405,4,23.5
202406040908,2,35.7
202406040904,4,31.2
202406050406,1,46.4
202406040909,1,54.2
202406040905,3,27.0
202406050407,2,45.9
202406040910,2,29.9
202406040906,2,41.5
202406050408,3,31.0
202406040911,3,29.3
202406040907,4,31.0
202406050409,4,26.6
202406040912,3,32.7
202406040908,2,35.7
202406050410,4,29.6
202406050101,3,35.5
202406040909,1,54.2
202406050411,5,26.8
202406050102,2,39.0
202406040910,2,29.9
202406050412,5,25.6
202406050103,2,41.7
202406040911,3,29.3
202406050501,2,32.7
202406050104,2,44.8
202406040912,3,32.7
202406050502,3,36.4
202406050105,2,33.2
202406050101,3,35.5
202406050503,2,41.6
202406050106,2,43.9
202406050102,2,39.0
202406050504,3,35.6
202406050107,3,33.7
202406050103,2,41.7
202406050505,1,43.6
202406050108,0,
202406050104,2,44.8
202406050506,2,33.9
202406050109,2,31.7
202406050105,2,33.2
202406050507,2,36.2
202406050110,3,36.3
202406050106,2,43.9
202406050111,2,26.2
202406050508,3,23.2
202406050107,3,33.7
202406050112,2,39.3
202406050509,2,38.6
202406050108,0,
202406050201,2,38.0
202406050510,2,29.1
202406050202,2,39.6
202406050109,2,31.7
202406050511,4,26.5
202406050203,2,35.4
202406050512,5,24.0
202406050110,3,36.3
202406050204,2,36.9
202406050601,3,34.6
202406050111,2,26.2
202406050602,3,36.3
202406050205,3,24.0
202406050112,2,39.3
202406050603,3,34.9
202406050201,2,38.0
202406050206,1,52.9
202406050207,2,37.8
202406050604,0,
202406050202,2,39.6
202406050208,2,27.5
202406050605,2,39.3
202406050203,2,35.4
202406050209,4,18.7
202406050204,2,36.9
202406050606,2,35.7
202406050205,3,24.0
202406050210,4,28.3
202406050607,4,27.5
202406050206,1,52.9
202406050211,2,27.1
202406050608,3,31.4
202406050207,2,37.8
202406050212,3,33.6
202406050609,5,28.7
202406050208,2,27.5
202406050301,3,36.2
202406050610,3,29.9
202406050209,4,18.7
202406050302,2,50.5
202406050611,3,23.9
202406050210,4,28.3
202406050303,3,31.1
202406050612,4,31.9
202406050211,2,27.1
202406050304,2,47.7
202406050701,2,44.9
202406050212,3,33.6
202406050305,2,36.1
202406050702,2,43.6
202406050301,3,36.2
202406050306,1,56.6
202406050703,2,41.0
202406050302,2,50.5
202406050307,3,32.1
202406050704,3,36.0
202406050308,5,30.6
202406050303,3,31.1
202406050705,2,41.2
202406050304,2,47.7
202406050309,2,48.7
202406050706,2,42.6
202406050305,2,36.1
202406050310,3,23.9
202406050707,3,34.4
202406050311,3,34.2
202406050306,1,56.6
202406050708,3,28.3
202406050307,3,32.1
202406050312,2,26.5
202406050709,3,29.5
202406050308,5,30.6
202406050401,3,39.8
202406050710,0,
202406050309,2,48.7
202406050402,2,40.0
202406050711,3,24.0
202406050310,3,23.9
202406050403,2,42.0
202406050712,3,33.0
202406050404,0,
202406050311,3,34.2
202406050801,3,40.7
202406050405,4,23.5
202406050312,2,26.5
202406050802,2,37.8
202406050406,1,46.4
202406050401,3,39.8
202406050803,3,32.6
202406050407,2,45.9
202406050402,2,40.0
202406050804,3,36.5
202406050408,3,31.0
202406050403,2,42.0
202406050805,2,35.5
202406050409,4,26.6
202406050404,0,
202406050806,2,49.2
202406050410,4,29.6
202406050405,4,23.5
202406050411,5,26.8
202406050807,3,38.4
202406050406,1,46.4
202406050412,5,25.6
202406050808,4,30.4
202406050407,2,45.9
202406050501,2,32.7
202406050809,4,29.3
202406050408,3,31.0
202406050810,3,24.4
202406050502,3,36.4
202406050409,4,26.6
202406050410,4,29.6
202406050811,3,29.5
202406050503,2,41.6
202406050411,5,26.8
202406050812,4,32.3
202406050504,3,35.6
202406050412,5,25.6
202406050505,1,43.6
202406050901,3,36.1
202406050501,2,32.7
202406050902,2,42.9
202406050506,2,33.9
202406050502,3,36.4
202406050903,2,47.0
202406050507,2,36.2
202406050503,2,41.6
202406050904,3,35.3
202406050508,3,23.2
202406050504,3,35.6
202406050905,4,26.9
202406050509,2,38.6
202406050505,1,43.6
202406050906,2,39.4
202406050510,2,29.1
202406050506,2,33.9
202406050511,4,26.5
202406050907,3,30.4
202406050507,2,36.2
202406050512,5,24.0
202406050908,3,37.2
202406050508,3,23.2
202406050601,3,34.6
202406050909,3,35.4
202406050509,2,38.6
202406050910,4,25.6
202406050602,3,36.3
202406050510,2,29.1
202406050603,3,34.9
202406050911,5,23.3
202406050511,4,26.5
202406050912,3,34.5
202406050604,0,
202406050512,5,24.0
202407010101,3,35.2
202406050605,2,39.3
202406050601,3,34.6
202407010102,3,26.1
202406050606,2,35.7
202406050602,3,36.3
202407010103,2,43.4
202406050607,4,27.5
202406050603,3,34.9
202407010104,1,51.3
202406050608,3,31.4
202406050604,0,
202407010105,2,35.4
202406050609,5,28.7
202406050605,2,39.3
202407010106,2,34.8
202406050610,3,29.9
202406050606,2,35.7
202407010107,1,66.9
202406050611,3,23.9
202406050607,4,27.5
202407010108,2,38.2
202406050612,4,31.9
202406050608,3,31.4
202407010109,4,24.8
202406050701,2,44.9
202407010110,2,40.6
202406050609,5,28.7
202406050702,2,43.6
202407010111,2,39.2
202406050610,3,29.9
202406050703,2,41.0
202407010112,4,19.7
202406050611,3,23.9
202406050704,3,36.0
202406050612,4,31.9
202407010201,2,43.5
202406050705,2,41.2
202406050701,2,44.9
202407010202,3,35.2
202406050706,2,42.6
202406050702,2,43.6
202407010203,3,29.7
202406050707,3,34.4
202406050703,2,41.0
202407010204,1,49.1
202406050708,3,28.3
202406050704,3,36.0
202407010205,1,47.2
202406050709,3,29.5
202406050705,2,41.2
202407010206,1,49.4
202406050710,0,
202406050706,2,42.6
202407010207,1,50.6
202406050711,3,24.0
202406050707,3,34.4
202407010208,1,46.0
202406050708,3,28.3
202406050712,3,33.0
202407010209,1,30.3
202406050801,3,40.7
202406050709,3,29.5
202407010210,1,59.0
202406050802,2,37.8
202406050710,0,
202407010211,3,35.4
202406050803,3,32.6
202406050711,3,24.0
202407010212,3,35.8
202406050804,3,36.5
202406050712,3,33.0
202407010301,2,42.1
202406050805,2,35.5
202406050801,3,40.7
202407010302,2,46.4
202406050806,2,49.2
202406050802,2,37.8
202407010303,3,31.5
202406050807,3,38.4
202406050803,3,32.6
202407010304,1,55.0
202406050808,4,30.4
202406050804,3,36.5
202407010305,2,48.3
202406050809,4,29.3
202406050805,2,35.5
202407010306,1,50.8
202406050810,3,24.4
202406050806,2,49.2
202407010307,1,111.4
202406050811,3,29.5
202406050807,3,38.4
202407010308,2,33.9
202406050812,4,32.3
202406050808,4,30.4
202407010309,2,20.7
202406050901,3,36.1
202406050809,4,29.3
202407010310,3,31.6
202406050902,2,42.9
202406050810,3,24.4
202407010311,5,27.0
202406050903,2,47.0
202406050811,3,29.5
202407010312,2,36.2
202406050904,3,35.3
202406050812,4,32.3
202407010401,2,40.0
202406050905,4,26.9
202406050901,3,36.1
202407010402,2,36.9
202406050906,2,39.4
202406050902,2,42.9
202407010403,5,19.8
202406050907,3,30.4
202406050903,2,47.0
202407010404,2,37.1
202406050908,3,37.2
202406050904,3,35.3
202407010405,2,43.9
202406050909,3,35.4
202406050905,4,26.9
202407010406,2,31.2
202406050910,4,25.6
202406050906,2,39.4
202407010407,4,31.2
202406050911,5,23.3
202406050907,3,30.4
202407010408,1,43.8
202406050912,3,34.5
202406050908,3,37.2
202407010409,1,45.5
202407010101,3,35.2
202406050909,3,35.4
202407010410,2,37.4
202407010102,3,26.1
202406050910,4,25.6
202407010411,3,33.0
202407010103,2,43.4
202406050911,5,23.3
202407010412,5,25.5
202407010104,1,51.3
202406050912,3,34.5
202407010501,2,36.7
202407010101,3,35.2
202407010105,2,35.4
202407010502,3,32.4
202407010102,3,26.1
202407010106,2,34.8
202407010503,3,33.9
202407010103,2,43.4
202407010107,1,66.9
202407010504,2,39.1
202407010104,1,51.3
202407010108,2,38.2
202407010505,2,44.4
202407010105,2,35.4
202407010109,4,24.8
202407010506,3,30.1
202407010106,2,34.8
202407010110,2,40.6
202407010507,2,25.1
202407010107,1,66.9
202407010111,2,39.2
202407010508,3,31.0
202407010112,4,19.7
202407010108,2,38.2
202407010509,1,46.2
202407010109,4,24.8
202407010201,2,43.5
202407010510,1,37.5
202407010202,3,35.2
202407010110,2,40.6
202407010511,3,28.3
202407010203,3,29.7
202407010111,2,39.2
202407010512,3,31.6
202407010204,1,49.1
202407010112,4,19.7
202407010601,2,40.1
202407010205,1,47.2
202407010201,2,43.5
202407010602,3,31.8
202407010206,1,49.4
202407010202,3,35.2
202407010603,2,45.6
202407010207,1,50.6
202407010203,3,29.7
202407010604,2,38.4
202407010208,1,46.0
202407010204,1,49.1
202407010605,2,43.7
202407010209,1,30.3
202407010205,1,47.2
202407010606,2,34.5
202407010210,1,59.0
202407010206,1,49.4
202407010607,1,62.5
202407010211,3,35.4
202407010207,1,50.6
202407010608,2,34.3
202407010212,3,35.8
202407010208,1,46.0
202407010609,1,41.7
202407010301,2,42.1
202407010209,1,30.3
202407010610,2,30.3
202407010302,2,46.4
202407010210,1,59.0
202407010611,4,23.1
202407010303,3,31.5
202407010211,3,35.4
202407010612,3,36.3
202407010304,1,55.0
202407010212,3,35.8
202407020101,0,
202407010305,2,48.3
202407010301,2,42.1
202407020102,2,36.2
202407010306,1,50.8
202407010302,2,46.4
202407020103,2,39.7
202407010307,1,111.4
202407020104,0,
202407010303,3,31.5
202407010308,2,33.9
202407020105,3,29.9
202407010304,1,55.0
202407010309,2,20.7
202407020106,3,33.4
202407010305,2,48.3
202407010310,3,31.6
202407020107,4,30.5
202407010306,1,50.8
202407010311,5,27.0
202407010307,1,111.4
202407020108,2,30.5
202407010312,2,36.2
202407010308,2,33.9
202407020109,2,28.8
202407010401,2,40.0
202407010309,2,20.7
202407020110,4,28.5
202407010402,2,36.9
202407010310,3,31.6
202407020111,1,53.9
202407010403,5,19.8
202407010311,5,27.0
202407020112,5,22.8
202407010404,2,37.1
202407020201,1,48.7
202407010312,2,36.2
202407010405,2,43.9
202407020202,3,36.1
202407010401,2,40.0
202407010406,2,31.2
202407020203,4,28.9
202407010402,2,36.9
202407010407,4,31.2
202407020204,3,35.6
202407010403,5,19.8
202407010408,1,43.8
202407020205,1,51.1
202407010404,2,37.1
202407010409,1,45.5
202407020206,4,29.4
202407010405,2,43.9
202407010410,2,37.4
202407020207,1,56.3
202407010406,2,31.2
202407010411,3,33.0
202407020208,3,39.6
202407010407,4,31.2
202407010412,5,25.5
202407020209,2,49.3
202407010408,1,43.8
202407010501,2,36.7
202407020210,1,50.6
202407010409,1,45.5
202407010502,3,32.4
202407020211,2,40.0
202407010410,2,37.4
202407010503,3,33.9
202407020212,2,36.7
202407010411,3,33.0
202407010504,2,39.1
202407020301,2,40.2
202407010412,5,25.5
202407010505,2,44.4
202407020302,3,32.3
202407010501,2,36.7
202407010506,3,30.1
202407020303,2,45.4
202407010502,3,32.4
202407010507,2,25.1
202407020304,4,25.3
202407010503,3,33.9
202407010508,3,31.0
202407010504,2,39.1
202407020305,3,27.9
202407010509,1,46.2
202407010505,2,44.4
202407020306,3,33.0
202407010510,1,37.5
202407010506,3,30.1
202407020307,2,39.4
202407010511,3,28.3
202407010507,2,25.1
202407020308,2,47.1
202407010512,3,31.6
202407020309,1,48.6
202407010508,3,31.0
202407010601,2,40.1
202407020310,4,25.2
202407010509,1,46.2
202407010602,3,31.8
202407020311,3,37.8
202407010510,1,37.5
202407010603,2,45.6
202407020312,5,22.9
202407010511,3,28.3
202407010604,2,38.4
202407020401,0,
202407010512,3,31.6
202407010605,2,43.7
202407020402,2,38.5
202407010601,2,40.1
202407010606,2,34.5
202407020403,1,69.2
202407010602,3,31.8
202407010607,1,62.5
202407020404,3,35.6
202407010603,2,45.6
202407010608,2,34.3
202407020405,3,27.9
202407010604,2,38.4
202407010609,1,41.7
202407020406,5,27.5
202407010605,2,43.7
202407010610,2,30.3
202407010606,2,34.5
202407020407,3,36.0
202407010611,4,23.1
202407020408,3,30.3
202407010607,1,62.5
202407010612,3,36.3
202407020409,3,36.6
202407010608,2,34.3
202407020101,0,
202407020410,3,32.9
202407010609,1,41.7
202407020102,2,36.2
202407020411,5,20.9
202407010610,2,30.3
202407020103,2,39.7
202407020412,3,33.0
202407010611,4,23.1
202407020104,0,
202407020501,1,60.4
202407010612,3,36.3
202407020105,3,29.9
202407020101,0,
202407020502,2,41.3
202407020106,3,33.4
202407020102,2,36.2
202407020503,2,40.9
202407020107,4,30.5
202407020103,2,39.7
202407020504,0,
202407020108,2,30.5
202407020104,0,
202407020505,2,33.1
202407020109,2,28.8
202407020105,3,29.9
202407020506,3,35.4
202407020110,4,28.5
202407020106,3,33.4
202407020507,5,26.2
202407020111,1,53.9
202407020107,4,30.5
202407020508,2,40.4
202407020112,5,22.8
202407020108,2,30.5
202407020509,2,41.4
202407020201,1,48.7
202407020109,2,28.8
202407020510,4,28.2
202407020202,3,36.1
202407020110,4,28.5
202407020511,3,27.0
202407020203,4,28.9
202407020111,1,53.9
202407020512,5,25.4
202407020204,3,35.6
202407020112,5,22.8
202407020601,2,40.6
202407020205,1,51.1
202407020201,1,48.7
202407020602,3,34.6
202407020202,3,36.1
202407020206,4,29.4
202407020603,5,23.5
202407020207,1,56.3
202407020203,4,28.9
202407020604,3,33.9
202407020208,3,39.6
202407020204,3,35.6
202407020605,1,55.2
202407020209,2,49.3
202407020205,1,51.1
202407020606,3,27.4
202407020210,1,50.6
202407020607,2,26.3
202407020206,4,29.4
202407020211,2,40.0
202407020608,4,28.3
202407020207,1,56.3
202407020609,4,31.6
202407020212,2,36.7
202407020208,3,39.6
202407020301,2,40.2
202407020610,1,59.2
202407020209,2,49.3
202407020302,3,32.3
202407020611,3,32.7
202407020210,1,50.6
202407020303,2,45.4
202407020211,2,40.0
202407020612,4,32.2
202407020304,4,25.3
202407020212,2,36.7
202407020701,1,47.7
202407020305,3,27.9
202407020301,2,40.2
202407020702,1,67.9
202407020306,3,33.0
202407020703,3,31.3
202407020302,3,32.3
202407020307,2,39.4
202407020303,2,45.4
202407020704,5,26.2
202407020304,4,25.3
202407020308,2,47.1
202407020705,1,41.1
202407020305,3,27.9
202407020706,2,36.6
202407020309,1,48.6
202407020306,3,33.0
202407020707,3,31.9
202407020310,4,25.2
202407020307,2,39.4
202407020708,1,69.3
202407020311,3,37.8
202407020308,2,47.1
202407020709,2,46.5
202407020312,5,22.9
202407020309,1,48.6
202407020710,3,33.8
202407020401,0,
202407020310,4,25.2
202407020711,5,22.1
202407020402,2,38.5
202407020311,3,37.8
202407020712,2,42.6
202407020403,1,69.2
202407020312,5,22.9
202407020801,0,
202407020404,3,35.6
202407020401,0,
202407020802,3,31.3
202407020405,3,27.9
202407020402,2,38.5
202407020803,1,46.4
202407020406,5,27.5
202407020403,1,69.2
202407020804,3,33.2
202407020407,3,36.0
202407020404,3,35.6
202407020805,2,39.1
202407020408,3,30.3
202407020405,3,27.9
202407020806,4,25.1
202407020409,3,36.6
202407020406,5,27.5
202407020807,2,41.6
202407020410,3,32.9
202407020407,3,36.0
202407020808,5,24.2
202407020411,5,20.9
202407020408,3,30.3
202407020412,3,33.0
202407020809,1,42.9
202407020501,1,60.4
202407020409,3,36.6
202407020810,5,25.7
202407020410,3,32.9
202407020502,2,41.3
202407020811,2,43.0
202407020411,5,20.9
202407020812,3,37.0
202407020503,2,40.9
202407030101,1,55.8
202407020412,3,33.0
202407020504,0,
202407020501,1,60.4
202407030102,1,61.2
202407020505,2,33.1
202407020502,2,41.3
202407030103,1,124.2
202407020506,3,35.4
202407020503,2,40.9
202407030104,2,43.5
202407020507,5,26.2
202407020504,0,
202407030105,1,66.6
202407020508,2,40.4
202407020505,2,33.1
202407030106,4,31.8
202407020509,2,41.4
202407030107,2,49.7
202407020510,4,28.2
202407020506,3,35.4
202407020511,3,27.0
202407030108,5,19.7
202407020507,5,26.2
202407020512,5,25.4
202407030109,1,53.9
202407020508,2,40.4
202407030110,4,22.6
202407020601,2,40.6
202407020509,2,41.4
202407020602,3,34.6
202407030111,2,42.7
202407020510,4,28.2
202407020603,5,23.5
202407030112,2,35.6
202407020511,3,27.0
202407020604,3,33.9
202407030201,0,
202407020512,5,25.4
202407030202,1,51.8
202407020605,1,55.2
202407020601,2,40.6
202407030203,1,49.5
202407020606,3,27.4
202407020602,3,34.6
202407030204,1,58.2
202407020607,2,26.3
202407020603,5,23.5
202407030205,1,54.3
202407020608,4,28.3
202407020604,3,33.9
202407030206,2,51.6
202407020609,4,31.6
202407020605,1,55.2
202407030207,1,62.1
202407020610,1,59.2
202407020606,3,27.4
202407030208,2,37.7
202407020611,3,32.7
202407020607,2,26.3
202407030209,3,33.0
202407020612,4,32.2
202407020608,4,28.3
202407030210,4,27.5
202407020701,1,47.7
202407020609,4,31.6
202407030211,5,16.1
202407020702,1,67.9
202407020610,1,59.2
202407030212,2,41.3
202407020703,3,31.3
202407020611,3,32.7
202407030301,1,66.2
202407020612,4,32.2
202407020704,5,26.2
202407030302,1,64.9
202407020701,1,47.7
202407020705,1,41.1
202407030303,2,39.0
202407020702,1,67.9
202407020706,2,36.6
202407020703,3,31.3
202407030304,3,32.2
202407020707,3,31.9
202407020704,5,26.2
202407030305,1,40.7
202407020708,1,69.3
202407020705,1,41.1
202407020709,2,46.5
202407030306,3,35.8
202407020706,2,36.6
202407020710,3,33.8
202407030307,3,30.1
202407020707,3,31.9
202407020711,5,22.1
202407030308,0,
202407020708,1,69.3
202407020712,2,42.6
202407030309,1,87.8
202407020709,2,46.5
202407030310,2,45.4
202407020801,0,
202407030311,1,47.1
202407020802,3,31.3
202407020710,3,33.8
202407020711,5,22.1
202407020803,1,46.4
202407030312,3,28.3
202407020712,2,42.6
202407020804,3,33.2
202407030401,0,
202407020805,2,39.1
202407020801,0,
202407030402,1,66.7
202407020802,3,31.3
202407020806,4,25.1
202407030403,1,51.4
202407020807,2,41.6
202407020803,1,46.4
202407030404,1,53.3
202407020804,3,33.2
202407020808,5,24.2
202407030405,1,49.3
202407020805,2,39.1
202407020809,1,42.9
202407030406,2,45.1
202407020806,4,25.1
202407020810,5,25.7
202407030407,2,34.5
202407020807,2,41.6
202407020811,2,43.0
202407030408,2,49.3
202407020808,5,24.2
202407020812,3,37.0
202407030409,1,54.7
202407020809,1,42.9
202407030101,1,55.8
202407030410,3,25.5
202407020810,5,25.7
202407030102,1,61.2
202407030411,3,33.5
202407020811,2,43.0
202407030103,1,124.2
202407030412,2,42.4
202407020812,3,37.0
202407030104,2,43.5
202407030501,1,44.0
202407030101,1,55.8
202407030105,1,66.6
202407030502,1,47.7
202407030102,1,61.2
202407030106,4,31.8
202407030503,2,49.7
202407030103,1,124.2
202407030107,2,49.7
202407030504,2,43.6
202407030104,2,43.5
202407030108,5,19.7
202407030505,2,32.3
202407030105,1,66.6
202407030109,1,53.9
202407030506,3,31.2
202407030106,4,31.8
202407030110,4,22.6
202407030507,2,38.0
202407030107,2,49.7
202407030111,2,42.7
202407030508,5,19.8
202407030108,5,19.7
202407030112,2,35.6
202407030509,1,64.1
202407030109,1,53.9
202407030201,0,
202407030510,3,33.8
202407030110,4,22.6
202407030202,1,51.8
202407030511,3,27.8
202407030111,2,42.7
202407030203,1,49.5
202407030512,2,47.0
202407030112,2,35.6
202407030204,1,58.2
202407030601,1,70.9
202407030201,0,
202407030205,1,54.3
202407030602,1,49.0
202407030202,1,51.8
202407030206,2,51.6
202407030603,2,41.4
202407030203,1,49.5
202407030207,1,62.1
202407030604,1,45.5
202407030204,1,58.2
202407030208,2,37.7
202407030605,2,31.9
202407030205,1,54.3
202407030209,3,33.0
202407030606,1,40.5
202407030206,2,51.6
202407030210,4,27.5
202407030607,2,37.7
202407030207,1,62.1
202407030211,5,16.1
202407030608,1,105.7
202407030208,2,37.7
202407030212,2,41.3
202407030609,2,36.4
202407030209,3,33.0
202407030301,1,66.2
202407030610,4,20.9
202407030210,4,27.5
202407030302,1,64.9
202407030611,5,26.3
202407030211,5,16.1
202407030303,2,39.0
202407030612,3,25.5
202407030212,2,41.3
202407030304,3,32.2
202407030701,0,
202407030301,1,66.2
202407030305,1,40.7
202407030702,1,48.7
202407030302,1,64.9
202407030306,3,35.8
202407030703,5,25.5
202407030303,2,39.0
202407030307,3,30.1
202407030704,2,39.6
202407030304,3,32.2
202407030308,0,
202407030305,1,40.7
202407030705,2,37.7
202407030309,1,87.8
202407030306,3,35.8
202407030706,1,62.4
202407030310,2,45.4
202407030707,2,42.5
202407030307,3,30.1
202407030311,1,47.1
202407030308,0,
202407030708,2,43.9
202407030312,3,28.3
202407030309,1,87.8
202407030709,2,39.4
202407030401,0,
202407030710,5,21.4
202407030310,2,45.4
202407030402,1,66.7
202407030711,2,33.4
202407030311,1,47.1
202407030403,1,51.4
202407030712,1,52.6
202407030312,3,28.3
202407030404,1,53.3
202407030801,1,53.9
202407030401,0,
202407030405,1,49.3
202407030802,1,48.2
202407030402,1,66.7
202407030406,2,45.1
202407030803,1,58.0
202407030403,1,51.4
202407030407,2,34.5
202407030804,2,36.6
202407030404,1,53.3
202407030408,2,49.3
202407030805,3,25.7
202407030409,1,54.7
202407030405,1,49.3
202407030806,1,51.4
202407030410,3,25.5
202407030406,2,45.1
202407030807,3,35.7
202407030411,3,33.5
202407030407,2,34.5
202407030808,2,34.5
202407030412,2,42.4
202407030408,2,49.3
202407030809,1,46.7
202407030501,1,44.0
202407030409,1,54.7
202407030810,2,31.9
202407030502,1,47.7
202407030410,3,25.5
202407030811,5,25.4
202407030503,2,49.7
202407030411,3,33.5
202407030812,3,34.8
202407030412,2,42.4
202407030504,2,43.6
202407030901,1,55.6
202407030505,2,32.3
202407030501,1,44.0
202407030902,1,65.9
202407030506,3,31.2
202407030502,1,47.7
202407030903,2,34.3
202407030507,2,38.0
202407030503,2,49.7
202407030904,1,63.7
202407030508,5,19.8
202407030504,2,43.6
202407030905,3,31.8
202407030509,1,64.1
202407030505,2,32.3
202407030906,3,24.0
202407030510,3,33.8
202407030506,3,31.2
202407030907,5,26.1
202407030511,3,27.8
202407030507,2,38.0
202407030908,4,29.0
202407030512,2,47.0
202407030508,5,19.8
202407030909,1,56.7
202407030601,1,70.9
202407030509,1,64.1
202407030910,2,30.5
202407030602,1,49.0
202407030510,3,33.8
202407030911,3,30.1
202407030603,2,41.4
202407030511,3,27.8
202407030912,2,32.7
202407030604,1,45.5
202407030512,2,47.0
202407040101,3,32.3
202407030605,2,31.9
202407030601,1,70.9
202407040102,2,33.8
202407030602,1,49.0
202407030606,1,40.5
202407040103,2,32.8
202407030603,2,41.4
202407030607,2,37.7
202407040104,4,29.3
202407030604,1,45.5
202407030608,1,105.7
202407040105,1,41.4
202407030605,2,31.9
202407030609,2,36.4
202407040106,5,30.2
202407030606,1,40.5
202407030610,4,20.9
202407040107,1,29.9
202407030607,2,37.7
202407030611,5,26.3
202407040108,2,26.4
202407030608,1,105.7
202407030612,3,25.5
202407040109,2,27.1
202407030609,2,36.4
202407030701,0,
202407040110,3,29.8
202407030610,4,20.9
202407030702,1,48.7
202407040111,2,30.5
202407030611,5,26.3
202407030703,5,25.5
202407040112,5,26.3
202407030612,3,25.5
202407030704,2,39.6
202407040201,1,60.0
202407030701,0,
202407030705,2,37.7
202407030702,1,48.7
202407040202,3,28.2
202407030706,1,62.4
202407040203,1,61.2
202407030703,5,25.5
202407030707,2,42.5
202407040204,2,50.5
202407030704,2,39.6
202407030708,2,43.9
202407040205,1,63.6
202407030705,2,37.7
202407030709,2,39.4
202407040206,3,31.9
202407030706,1,62.4
202407030710,5,21.4
202407040207,2,49.3
202407030707,2,42.5
202407030711,2,33.4
202407040208,3,33.3
202407030708,2,43.9
202407030712,1,52.6
202407040209,1,49.2
202407030709,2,39.4
202407030801,1,53.9
202407040210,3,33.8
202407030710,5,21.4
202407030802,1,48.2
202407040211,5,25.3
202407030711,2,33.4
202407030803,1,58.0
202407040212,4,32.7
202407030712,1,52.6
202407030804,2,36.6
202407040301,1,57.3
202407030801,1,53.9
202407030805,3,25.7
202407040302,2,51.3
202407030802,1,48.2
202407030806,1,51.4
202407040303,1,51.7
202407030803,1,58.0
202407030807,3,35.7
202407040304,1,59.9
202407030804,2,36.6
202407030808,2,34.5
202407040305,2,28.0
202407030805,3,25.7
202407030809,1,46.7
202407040306,3,33.8
202407030806,1,51.4
202407030810,2,31.9
202407040307,3,17.3
202407030807,3,35.7
202407030811,5,25.4
202407040308,3,33.1
202407030808,2,34.5
202407030812,3,34.8
202407040309,2,29.7
202407030809,1,46.7
202407030901,1,55.6
202407040310,5,23.8
202407030810,2,31.9
202407030902,1,65.9
202407040311,5,21.2
202407030811,5,25.4
202407030903,2,34.3
202407040312,5,19.8
202407030812,3,34.8
202407030904,1,63.7
202407040401,1,57.6
202407030901,1,55.6
202407030905,3,31.8
202407040402,3,32.5
202407030902,1,65.9
202407030906,3,24.0
202407040403,4,30.9
202407030903,2,34.3
202407030907,5,26.1
202407040404,3,38.2
202407030904,1,63.7
202407030908,4,29.0
202407040405,2,44.8
202407030905,3,31.8
202407030909,1,56.7
202407040406,2,49.9
202407030906,3,24.0
202407030910,2,30.5
202407040407,5,23.3
202407030907,5,26.1
202407030911,3,30.1
202407040408,3,28.5
202407030908,4,29.0
202407030912,2,32.7
202407040409,1,49.0
202407030909,1,56.7
202407040101,3,32.3
202407040410,4,26.9
202407030910,2,30.5
202407040102,2,33.8
202407040411,3,34.8
202407030911,3,30.1
202407040103,2,32.8
202407040412,5,25.3
202407030912,2,32.7
202407040104,4,29.3
202407040501,4,30.0
202407040101,3,32.3
202407040105,1,41.4
202407040502,3,29.3
202407040102,2,33.8
202407040106,5,30.2
202407040503,3,33.1
202407040103,2,32.8
202407040107,1,29.9
202407040504,4,23.4
202407040104,4,29.3
202407040108,2,26.4
202407040505,5,29.3
202407040105,1,41.4
202407040109,2,27.1
202407040506,3,30.0
202407040106,5,30.2
202407040110,3,29.8
202407040507,3,34.6
202407040107,1,29.9
202407040111,2,30.5
202407040508,4,30.2
202407040108,2,26.4
202407040112,5,26.3
202407040509,2,45.1
202407040109,2,27.1
202407040201,1,60.0
202407040510,4,23.2
202407040110,3,29.8
202407040202,3,28.2
202407040511,2,33.9
202407040111,2,30.5
202407040203,1,61.2
202407040512,3,27.7
202407040112,5,26.3
202407040204,2,50.5
202407040601,3,33.3
202407040201,1,60.0
202407040205,1,63.6
202407040602,3,30.0
202407040202,3,28.2
202407040206,3,31.9
202407040603,4,32.4
202407040203,1,61.2
202407040207,2,49.3
202407040604,3,30.2
202407040204,2,50.5
202407040208,3,33.3
202407040605,3,25.6
202407040205,1,63.6
202407040209,1,49.2
202407040606,3,34.1
202407040206,3,31.9
202407040210,3,33.8
202407040607,3,29.5
202407040207,2,49.3
202407040211,5,25.3
202407040608,3,26.8
202407040208,3,33.3
202407040212,4,32.7
202407040609,1,51.3
202407040209,1,49.2
202407040301,1,57.3
202407040610,2,50.8
202407040210,3,33.8
202407040302,2,51.3
202407040611,4,26.7
202407040211,5,25.3
202407040303,1,51.7
202407040612,5,24.7
202407040212,4,32.7
202407040304,1,59.9
202408010101,4,29.5
202407040301,1,57.3
202407040305,2,28.0
202408010102,2,31.2
202407040302,2,51.3
202407040306,3,33.8
202408010103,3,28.5
202407040303,1,51.7
202407040307,3,17.3
202408010104,3,34.0
202407040304,1,59.9
202407040308,3,33.1
202408010105,4,30.9
202407040305,2,28.0
202407040309,2,29.7
202408010106,2,43.4
202407040306,3,33.8
202407040310,5,23.8
202407040307,3,17.3
202408010107,2,33.2
202407040311,5,21.2
202407040308,3,33.1
202408010108,4,30.0
202407040312,5,19.8
202408010109,2,39.4
202407040309,2,29.7
202407040401,1,57.6
202408010110,3,30.4
202407040310,5,23.8
202407040402,3,32.5
202407040311,5,21.2
202408010111,4,18.2
202407040403,4,30.9
202407040312,5,19.8
202408010112,3,27.3
202407040404,3,38.2
202407040401,1,57.6
202408010201,2,41.6
202407040402,3,32.5
202407040405,2,44.8
202408010202,3,33.8
202407040403,4,30.9
202407040406,2,49.9
202408010203,3,34.5
202407040404,3,38.2
202407040407,5,23.3
202408010204,4,29.0
202407040405,2,44.8
202407040408,3,28.5
202408010205,4,28.1
202407040406,2,49.9
202407040409,1,49.0
202408010206,1,50.2
202407040407,5,23.3
202407040410,4,26.9
202408010207,3,37.4
202407040408,3,28.5
202407040411,3,34.8
202408010208,4,30.8
202407040409,1,49.0
202407040412,5,25.3
202408010209,2,45.2
202407040410,4,26.9
202407040501,4,30.0
202408010210,2,33.8
202407040411,3,34.8
202407040502,3,29.3
202408010211,3,32.6
202407040412,5,25.3
202407040503,3,33.1
202408010212,2,36.1
202407040501,4,30.0
202407040504,4,23.4
202408010301,3,31.7
202407040502,3,29.3
202407040505,5,29.3
202408010302,3,37.7
202407040503,3,33.1
202407040506,3,30.0
202408010303,2,34.1
202407040504,4,23.4
202407040507,3,34.6
202408010304,2,29.7
202407040505,5,29.3
202407040508,4,30.2
202408010305,3,29.0
202407040506,3,30.0
202407040509,2,45.1
202408010306,3,32.8
202407040507,3,34.6
202407040510,4,23.2
202408010307,3,37.1
202407040508,4,30.2
202407040511,2,33.9
202408010308,3,30.4
202407040509,2,45.1
202407040512,3,27.7
202408010309,3,34.6
202407040601,3,33.3
202407040510,4,23.2
202408010310,2,33.5
202407040602,3,30.0
202407040511,2,33.9
202408010311,5,25.9
202407040512,3,27.7
202407040603,4,32.4
202408010312,2,37.9
202407040601,3,33.3
202407040604,3,30.2
202408010401,3,30.7
202407040602,3,30.0
202407040605,3,25.6
202408010402,3,35.5
202407040606,3,34.1
202407040603,4,32.4
202408010403,5,28.1
202407040607,3,29.5
202407040604,3,30.2
202408010404,2,32.5
202407040608,3,26.8
202407040605,3,25.6
202408010405,3,27.9
202407040609,1,51.3
202407040606,3,34.1
202408010406,3,37.7
202407040610,2,50.8
202407040607,3,29.5
202408010407,2,35.3
202407040611,4,26.7
202407040608,3,26.8
202408010408,5,30.5
202407040612,5,24.7
202407040609,1,51.3
202408010409,2,47.3
202408010101,4,29.5
202407040610,2,50.8
202408010410,1,48.7
202408010102,2,31.2
202407040611,4,26.7
202408010411,5,22.5
202408010103,3,28.5
202407040612,5,24.7
202408010412,5,23.0
202408010104,3,34.0
202408010101,4,29.5
202408010501,1,54.3
202408010105,4,30.9
202408010102,2,31.2
202408010502,2,44.7
202408010106,2,43.4
202408010103,3,28.5
202408010503,2,34.0
202408010107,2,33.2
202408010104,3,34.0
202408010504,2,35.0
202408010108,4,30.0
202408010105,4,30.9
202408010505,4,27.7
202408010109,2,39.4
202408010106,2,43.4
202408010506,3,30.2
202408010110,3,30.4
202408010107,2,33.2
202408010507,3,34.6
202408010111,4,18.2
202408010108,4,30.0
202408010508,2,45.5
202408010112,3,27.3
202408010109,2,39.4
202408010509,3,32.7
202408010201,2,41.6
202408010110,3,30.4
202408010510,2,43.3
202408010202,3,33.8
202408010111,4,18.2
202408010511,4,28.0
202408010203,3,34.5
202408010112,3,27.3
202408010512,2,43.0
202408010204,4,29.0
202408010201,2,41.6
202408010601,2,41.2
202408010205,4,28.1
202408010202,3,33.8
202408010602,2,47.5
202408010206,1,50.2
202408010203,3,34.5
202408010603,2,37.0
202408010204,4,29.0
202408010207,3,37.4
202408010604,1,51.7
202408010205,4,28.1
202408010208,4,30.8
202408010605,2,32.2
202408010206,1,50.2
202408010209,2,45.2
202408010606,1,41.8
202408010207,3,37.4
202408010210,2,33.8
202408010607,1,59.2
202408010208,4,30.8
202408010211,3,32.6
202408010608,3,31.3
202408010212,2,36.1
202408010209,2,45.2
202408010609,1,54.3
202408010210,2,33.8
202408010301,3,31.7
202408010610,2,40.9
202408010211,3,32.6
202408010302,3,37.7
202408010611,3,32.9
202408010212,2,36.1
202408010303,2,34.1
202408010612,2,47.2
202408010301,3,31.7
202408010304,2,29.7
202408010701,1,41.8
202408010302,3,37.7
202408010305,3,29.0
202408010702,3,32.6
202408010306,3,32.8
202408010303,2,34.1
202408010703,2,55.2
202408010307,3,37.1
202408010304,2,29.7
202408010704,1,57.1
202408010308,3,30.4
202408010305,3,29.0
202408010705,3,29.3
202408010306,3,32.8
202408010309,3,34.6
202408010706,1,66.0
202408010307,3,37.1
202408010310,2,33.5
202408010707,5,24.4
202408010308,3,30.4
202408010311,5,25.9
202408010708,3,28.0
202408010309,3,34.6
202408010312,2,37.9
202408010709,2,45.2
202408010310,2,33.5
202408010401,3,30.7
202408010710,5,27.4
202408010311,5,25.9
202408010402,3,35.5
202408010312,2,37.9
202408010711,3,26.8
202408010403,5,28.1
202408010401,3,30.7
202408010712,2,40.6
202408010404,2,32.5
202408010402,3,35.5
202408020101,1,53.1
202408010405,3,27.9
202408020102,1,73.7
202408010403,5,28.1
202408010406,3,37.7
202408020103,2,34.2
202408010404,2,32.5
202408010407,2,35.3
202408010405,3,27.9
202408020104,3,27.8
202408010408,5,30.5
202408010406,3,37.7
202408020105,1,59.3
202408010409,2,47.3
202408010407,2,35.3
202408020106,1,62.1
202408010410,1,48.7
202408010408,5,30.5
202408020107,1,62.2
202408010411,5,22.5
202408010409,2,47.3
202408020108,1,52.0
202408010412,5,23.0
202408010410,1,48.7
202408020109,3,28.6
202408010501,1,54.3
202408010411,5,22.5
202408020110,1,49.3
202408010502,2,44.7
202408010412,5,23.0
202408020111,4,32.7
202408010503,2,34.0
202408010501,1,54.3
202408020112,5,19.3
202408010504,2,35.0
202408010502,2,44.7
202408020201,3,35.1
202408010505,4,27.7
202408010503,2,34.0
202408020202,2,46.5
202408010506,3,30.2
202408010504,2,35.0
202408020203,2,41.7
202408010507,3,34.6
202408010505,4,27.7
202408020204,2,34.8
202408010508,2,45.5
202408010506,3,30.2
202408020205,2,35.0
202408010509,3,32.7
202408010507,3,34.6
202408020206,1,51.4
202408010510,2,43.3
202408010508,2,45.5
202408020207,2,45.7
202408010511,4,28.0
202408010509,3,32.7
202408020208,3,29.6
202408010512,2,43.0
202408010510,2,43.3
202408020209,2,41.6
202408010601,2,41.2
202408010511,4,28.0
202408020210,2,32.8
202408010602,2,47.5
202408010512,2,43.0
202408020211,5,23.8
202408010603,2,37.0
202408010601,2,41.2
202408020212,1,52.7
202408010604,1,51.7
202408010602,2,47.5
202408020301,2,45.9
202408010605,2,32.2
202408010603,2,37.0
202408020302,1,67.3
202408010606,1,41.8
202408010604,1,51.7
202408020303,2,38.9
202408010607,1,59.2
202408010605,2,32.2
202408020304,3,27.3
202408010608,3,31.3
202408010606,1,41.8
202408020305,3,32.6
202408010609,1,54.3
202408010607,1,59.2
202408010610,2,40.9
202408020306,1,57.1
202408010608,3,31.3
202408010611,3,32.9
202408020307,2,33.5
202408010609,1,54.3
202408010612,2,47.2
202408020308,2,34.9
202408010610,2,40.9
202408010701,1,41.8
202408020309,4,29.0
202408010611,3,32.9
202408010702,3,32.6
202408020310,2,28.6
202408010612,2,47.2
202408020311,2,44.8
202408010703,2,55.2
202408010701,1,41.8
202408020312,3,24.5
202408010704,1,57.1
202408010702,3,32.6
202408010705,3,29.3
202408020401,1,71.3
202408010703,2,55.2
202408020402,2,51.3
202408010706,1,66.0
202408010704,1,57.1
202408020403,1,48.0
202408010707,5,24.4
202408010705,3,29.3
202408020404,1,82.8
202408010708,3,28.0
202408010706,1,66.0
202408020405,3,28.2
202408010709,2,45.2
202408010707,5,24.4
202408020406,2,48.1
202408010710,5,27.4
202408010708,3,28.0
202408020407,1,53.8
202408010711,3,26.8
202408010709,2,45.2
202408020408,2,49.8
202408010712,2,40.6
202408010710,5,27.4
202408020409,3,34.4
202408020101,1,53.1
202408010711,3,26.8
202408020410,4,31.2
202408020102,1,73.7
202408010712,2,40.6
202408020411,2,32.1
202408020103,2,34.2
202408020101,1,53.1
202408020412,2,31.4
202408020104,3,27.8
202408020102,1,73.7
202408020501,2,39.2
202408020105,1,59.3
202408020103,2,34.2
202408020106,1,62.1
202408020502,2,48.4
202408020104,3,27.8
202408020503,3,38.2
202408020107,1,62.2
202408020105,1,59.3
202408020504,2,39.7
202408020108,1,52.0
202408020106,1,62.1
202408020505,2,40.8
202408020109,3,28.6
202408020107,1,62.2
202408020506,3,40.7
202408020110,1,49.3
202408020108,1,52.0
202408020111,4,32.7
202408020507,1,41.1
202408020109,3,28.6
202408020112,5,19.3
202408020508,3,26.3
202408020110,1,49.3
202408020201,3,35.1
202408020509,1,43.0
202408020111,4,32.7
202408020202,2,46.5
202408020510,3,36.1
202408020112,5,19.3
202408020203,2,41.7
202408020511,4,18.2
202408020201,3,35.1
202408020204,2,34.8
202408020512,2,27.6
202408020202,2,46.5
202408020205,2,35.0
202408020601,2,50.8
202408020203,2,41.7
202408020206,1,51.4
202408020602,3,35.6
202408020204,2,34.8
202408020207,2,45.7
202408020603,3,29.2
202408020205,2,35.0
202408020208,3,29.6
202408020604,2,44.5
202408020206,1,51.4
202408020209,2,41.6
202408020605,2,37.5
202408020207,2,45.7
202408020210,2,32.8
202408020208,3,29.6
202408020606,1,52.9
202408020211,5,23.8
202408020209,2,41.6
202408020607,2,37.4
202408020212,1,52.7
202408020210,2,32.8
202408020608,3,30.2
202408020301,2,45.9
202408020609,2,43.0
202408020211,5,23.8
202408020302,1,67.3
202408020610,2,29.2
202408020212,1,52.7
202408020303,2,38.9
202408020611,3,37.0
202408020301,2,45.9
202408020304,3,27.3
202408020612,3,28.3
202408020302,1,67.3
202408020305,3,32.6
202408020701,2,40.2
202408020303,2,38.9
202408020306,1,57.1
202408020304,3,27.3
202408020702,2,41.5
202408020307,2,33.5
202408020305,3,32.6
202408020703,3,36.3
202408020308,2,34.9
202408020306,1,57.1
202408020704,2,39.1
202408020309,4,29.0
202408020307,2,33.5
202408020705,2,39.1
202408020310,2,28.6
202408020308,2,34.9
202408020706,2,33.0
202408020311,2,44.8
202408020309,4,29.0
202408020707,2,41.2
202408020312,3,24.5
202408020310,2,28.6
202408020708,3,36.4
202408020401,1,71.3
202408020311,2,44.8
202408020709,1,54.5
202408020402,2,51.3
202408020710,3,32.1
202408020312,3,24.5
202408020403,1,48.0
202408020401,1,71.3
202408020711,5,20.8
202408020404,1,82.8
202408020712,4,28.8
202408020402,2,51.3
202408020405,3,28.2
202408020403,1,48.0
202408020801,2,50.0
202408020406,2,48.1
202408020802,2,42.5
202408020404,1,82.8
202408020407,1,53.8
202408020803,3,26.9
202408020405,3,28.2
202408020408,2,49.8
202408020804,2,39.7
202408020406,2,48.1
202408020409,3,34.4
202408020805,2,37.6
202408020407,1,53.8
202408020410,4,31.2
202408020806,2,34.0
202408020408,2,49.8
202408020411,2,32.1
202408020409,3,34.4
202408020807,1,59.9
202408020412,2,31.4
202408020410,4,31.2
202408020808,4,30.2
202408020501,2,39.2
202408020809,2,30.4
202408020411,2,32.1
202408020502,2,48.4
202408020810,2,42.6
202408020412,2,31.4
202408020503,3,38.2
202408020811,2,35.6
202408020501,2,39.2
202408020504,2,39.7
202408020812,1,55.0
202408020502,2,48.4
202408020505,2,40.8
202408030101,3,32.8
202408020503,3,38.2
202408020506,3,40.7
202408030102,2,40.9
202408020504,2,39.7
202408020507,1,41.1
202408030103,5,24.1
202408020505,2,40.8
202408020508,3,26.3
202408030104,2,46.6
202408020506,3,40.7
202408020509,1,43.0
202408030105,1,48.0
202408020507,1,41.1
202408020510,3,36.1
202408030106,3,39.8
202408020508,3,26.3
202408020511,4,18.2
202408030107,3,28.7
202408020509,1,43.0
202408020512,2,27.6
202408030108,2,41.8
202408020510,3,36.1
202408020601,2,50.8
202408030109,1,52.4
202408020511,4,18.2
202408020602,3,35.6
202408030110,2,41.2
202408020512,2,27.6
202408020603,3,29.2
202408030111,3,32.3
202408020601,2,50.8
202408020604,2,44.5
202408030112,1,43.2
202408020602,3,35.6
202408020605,2,37.5
202408030201,2,44.7
202408020603,3,29.2
202408020606,1,52.9
202408030202,3,40.2
202408020604,2,44.5
202408020607,2,37.4
202408030203,3,31.7
202408020605,2,37.5
202408020608,3,30.2
202408030204,4,27.0
202408020606,1,52.9
202408020609,2,43.0
202408030205,2,43.9
202408020607,2,37.4
202408020610,2,29.2
202408030206,2,41.9
202408020608,3,30.2
202408020611,3,37.0
202408030207,1,42.7
202408020609,2,43.0
202408020612,3,28.3
202408030208,1,58.1
202408020610,2,29.2
202408020701,2,40.2
202408020611,3,37.0
202408030209,1,62.4
202408020702,2,41.5
202408020612,3,28.3
202408030210,1,53.2
202408020703,3,36.3
202408020701,2,40.2
202408030211,5,25.3
202408020704,2,39.1
202408020702,2,41.5
202408030212,4,32.9
202408020705,2,39.1
202408020703,3,36.3
202408030301,2,44.0
202408020706,2,33.0
202408030302,2,37.8
202408020704,2,39.1
202408020707,2,41.2
202408030303,1,47.1
202408020705,2,39.1
202408020708,3,36.4
202408030304,3,32.8
202408020706,2,33.0
202408020709,1,54.5
202408030305,3,33.2
202408020707,2,41.2
202408020710,3,32.1
202408030306,2,49.4
202408020708,3,36.4
202408020711,5,20.8
202408020709,1,54.5
202408030307,1,43.7
202408020712,4,28.8
202408020710,3,32.1
202408030308,3,27.7
202408020801,2,50.0
202408020711,5,20.8
202408030309,1,31.2
202408020802,2,42.5
202408020712,4,28.8
202408030310,2,39.2
202408020803,3,26.9
202408020801,2,50.0
202408030311,4,28.6
202408020804,2,39.7
202408020802,2,42.5
202408030312,4,25.3
202408020805,2,37.6
202408020803,3,26.9
202408030401,3,31.0
202408020806,2,34.0
202408020804,2,39.7
202408030402,1,48.8
202408020807,1,59.9
202408020805,2,37.6
202408030403,4,30.3
202408020808,4,30.2
202408020806,2,34.0
202408030404,1,59.8
202408020809,2,30.4
202408020807,1,59.9
202408030405,2,46.8
202408020810,2,42.6
202408020808,4,30.2
202408030406,2,36.7
202408020811,2,35.6
202408020809,2,30.4
202408030407,1,46.6
202408020812,1,55.0
202408020810,2,42.6
202408030408,2,36.0
202408030101,3,32.8
202408020811,2,35.6
202408030409,1,44.5
202408030102,2,40.9
202408020812,1,55.0
202408030410,5,19.8
202408030103,5,24.1
202408030101,3,32.8
202408030411,5,23.5
202408030104,2,46.6
202408030102,2,40.9
202408030412,3,29.9
202408030103,5,24.1
202408030105,1,48.0
202408030501,2,37.2
202408030104,2,46.6
202408030106,3,39.8
202408030502,1,65.3
202408030107,3,28.7
202408030503,2,38.7
202408030105,1,48.0
202408030108,2,41.8
202408030504,2,46.0
202408030106,3,39.8
202408030109,1,52.4
202408030505,3,38.4
202408030107,3,28.7
202408030110,2,41.2
202408030108,2,41.8
202408030506,2,35.1
202408030111,3,32.3
202408030109,1,52.4
202408030507,1,49.9
202408030112,1,43.2
202408030110,2,41.2
202408030508,1,57.2
202408030201,2,44.7
202408030111,3,32.3
202408030509,1,37.6
202408030202,3,40.2
202408030112,1,43.2
202408030510,4,27.3
202408030203,3,31.7
202408030201,2,44.7
202408030511,2,30.1
202408030204,4,27.0
202408030202,3,40.2
202408030512,2,43.1
202408030203,3,31.7
202408030205,2,43.9
202408030601,1,53.4
202408030204,4,27.0
202408030206,2,41.9
202408030602,2,37.6
202408030205,2,43.9
202408030603,1,49.8
202408030207,1,42.7
202408030604,2,39.6
202408030206,2,41.9
202408030208,1,58.1
202408030207,1,42.7
202408030209,1,62.4
202408030605,2,36.5
202408030606,3,27.7
202408030208,1,58.1
202408030210,1,53.2
202408030211,5,25.3
202408030607,1,53.5
202408030209,1,62.4
202408030212,4,32.9
202408030210,1,53.2
202408030608,3,30.1
202408030301,2,44.0
202408030211,5,25.3
202408030609,2,29.8
202408030302,2,37.8
202408030212,4,32.9
202408030610,1,31.8
202408030301,2,44.0
202408030303,1,47.1
202408030611,2,29.5
202408030302,2,37.8
202408030304,3,32.8
202408030612,3,29.2
202408030303,1,47.1
202408030305,3,33.2
202408030701,2,47.5
202408030304,3,32.8
202408030306,2,49.4
202408030702,2,38.9
202408030307,1,43.7
202408030305,3,33.2
202408030703,2,51.5
202408030306,2,49.4
202408030308,3,27.7
202408030704,5,26.9
202408030307,1,43.7
202408030309,1,31.2
202408030705,2,38.1
202408030310,2,39.2
202408030308,3,27.7
202408030706,4,32.0
202408030311,4,28.6
202408030309,1,31.2
202408030707,2,28.6
202408030312,4,25.3
202408030310,2,39.2
202408030708,0,
202408030401,3,31.0
202408030311,4,28.6
202408030709,2,33.1
202408030402,1,48.8
202408030312,4,25.3
202408030710,3,29.3
202408030403,4,30.3
202408030401,3,31.0
202408030711,2,29.3
202408030404,1,59.8
202408030402,1,48.8
202408030712,2,40.3
202408030405,2,46.8
202408030403,4,30.3
202408030801,2,35.6
202408030406,2,36.7
202408030404,1,59.8
202408030802,3,27.4
202408030407,1,46.6
202408030405,2,46.8
202408030803,5,28.4
202408030408,2,36.0
202408030406,2,36.7
202408030804,3,29.1
202408030409,1,44.5
202408030407,1,46.6
202408030805,4,29.0
202408030410,5,19.8
202408030408,2,36.0
202408030806,1,52.8
202408030411,5,23.5
202408030409,1,44.5
202408030807,3,29.1
202408030412,3,29.9
202408030410,5,19.8
202408030808,2,35.8
202408030501,2,37.2
202408030411,5,23.5
202408030809,1,60.1
202408030502,1,65.3
202408030412,3,29.9
202408030810,2,26.5
202408030503,2,38.7
202408030501,2,37.2
202408030811,5,30.5
202408030504,2,46.0
202408030502,1,65.3
202408030812,2,28.4
202408030505,3,38.4
202408030503,2,38.7
202408030901,2,37.1
202408030506,2,35.1
202408030504,2,46.0
202408030902,3,35.5
202408030507,1,49.9
202408030505,3,38.4
202408030508,1,57.2
202408030903,2,41.7
202408030506,2,35.1
202408030904,3,33.8
202408030509,1,37.6
202408030507,1,49.9
202408030510,4,27.3
202408030905,2,38.6
202408030508,1,57.2
202408030906,3,39.0
202408030511,2,30.1
202408030509,1,37.6
202408030907,2,38.5
202408030512,2,43.1
202408030510,4,27.3
202408030908,1,50.6
202408030601,1,53.4
202408030511,2,30.1
202408030602,2,37.6
202408030909,3,32.4
202408030512,2,43.1
202408030603,1,49.8
202408030910,1,49.9
202408030601,1,53.4
202408030604,2,39.6
202408030911,5,21.7
202408030602,2,37.6
202408030605,2,36.5
202408030912,3,31.0
202408030603,1,49.8
202408030606,3,27.7
202408031001,2,42.4
202408030604,2,39.6
202408030607,1,53.5
202408031002,2,44.3
202408030605,2,36.5
202408030608,3,30.1
202408031003,5,24.3
202408030606,3,27.7
202408030609,2,29.8
202408031004,2,41.3
202408030607,1,53.5
202408030610,1,31.8
202408031005,5,19.8
202408030608,3,30.1
202408030611,2,29.5
202408031006,4,28.2
202408030609,2,29.8
202408030612,3,29.2
202408031007,2,32.5
202408030610,1,31.8
202408030701,2,47.5
202408031008,5,25.1
202408030611,2,29.5
202408030702,2,38.9
202408031009,3,30.0
202408030612,3,29.2
202408030703,2,51.5
202408031010,2,31.9
202408030701,2,47.5
202408030704,5,26.9
202408031011,4,24.5
202408030702,2,38.9
202408030705,2,38.1
202408031012,5,22.7
202408030703,2,51.5
202408030706,4,32.0
202408031101,2,37.5
202408030707,2,28.6
202408030704,5,26.9
202408031102,2,37.5
202408030708,0,
202408030705,2,38.1
202408031103,3,32.4
202408030709,2,33.1
202408030706,4,32.0
202408031104,2,43.4
202408030710,3,29.3
202408030707,2,28.6
202408031105,3,29.5
202408030711,2,29.3
202408030708,0,
202408031106,4,24.6
202408030712,2,40.3
202408030709,2,33.1
202408031107,2,34.2
202408030801,2,35.6
202408030710,3,29.3
202408031108,1,46.5
202408030802,3,27.4
202408030711,2,29.3
202408031109,2,36.2
202408030803,5,28.4
202408030712,2,40.3
202408031110,4,27.2
202408030804,3,29.1
202408030801,2,35.6
202408031111,5,22.1
202408030805,4,29.0
202408030802,3,27.4
202408031112,5,20.7
202408030806,1,52.8
202408030803,5,28.4
202408031201,2,35.3
202408030807,3,29.1
202408030804,3,29.1
202408031202,2,37.7
202408030808,2,35.8
202408030805,4,29.0
202408031203,4,23.5
202408030809,1,60.1
202408030806,1,52.8
202408031204,0,
202408030810,2,26.5
202408030807,3,29.1
202408031205,2,40.0
202408030811,5,30.5
202408030808,2,35.8
202408031206,2,42.6
202408030812,2,28.4
202408030809,1,60.1
202408031207,2,51.3
202408030901,2,37.1
202408030810,2,26.5
202408031208,3,29.2
202408030902,3,35.5
202408030811,5,30.5
202408030903,2,41.7
202408031209,2,30.4
202408030812,2,28.4
202408030904,3,33.8
202408031210,5,20.2
202408030901,2,37.1
202408030905,2,38.6
202408031211,1,45.5
202408030902,3,35.5
202408030906,3,39.0
202408031212,4,24.8
202408030903,2,41.7
202408040101,2,41.2
202408030907,2,38.5
202408030904,3,33.8
202408030908,1,50.6
202408040102,2,41.6
202408030905,2,38.6
202408030909,3,32.4
202408040103,2,39.6
202408030906,3,39.0
202408030910,1,49.9
202408040104,4,32.3
202408030907,2,38.5
202408030911,5,21.7
202408040105,1,44.4
202408030908,1,50.6
202408030912,3,31.0
202408040106,2,28.1
202408030909,3,32.4
202408031001,2,42.4
202408040107,1,53.8
202408030910,1,49.9
202408031002,2,44.3
202408040108,1,50.3
202408030911,5,21.7
202408040109,3,19.5
202408031003,5,24.3
202408030912,3,31.0
202408040110,1,40.5
202408031004,2,41.3
202408031001,2,42.4
202408040111,3,29.8
202408031005,5,19.8
202408031002,2,44.3
202408040112,2,33.1
202408031006,4,28.2
202408031003,5,24.3
202408040201,0,
202408031007,2,32.5
202408031004,2,41.3
202408040202,3,29.7
202408031008,5,25.1
202408031005,5,19.8
202408040203,3,37.4
202408031009,3,30.0
202408031006,4,28.2
202408040204,4,28.0
202408031010,2,31.9
202408031007,2,32.5
202408040205,2,38.8
202408031011,4,24.5
202408031008,5,25.1
202408040206,2,40.2
202408031012,5,22.7
202408031009,3,30.0
202408040207,1,54.4
202408031101,2,37.5
202408031010,2,31.9
202408040208,2,46.6
202408031102,2,37.5
202408031011,4,24.5
202408040209,4,31.1
202408031103,3,32.4
202408031012,5,22.7
202408031104,2,43.4
202408040210,3,25.2
202408031101,2,37.5
202408031105,3,29.5
202408040211,3,28.0
202408031102,2,37.5
202408031106,4,24.6
202408040212,5,23.9
202408031103,3,32.4
202408040301,2,33.7
202408031107,2,34.2
202408031104,2,43.4
202408040302,4,32.2
202408031108,1,46.5
202408031105,3,29.5
202408031109,2,36.2
202408040303,3,35.5
202408031106,4,24.6
202408040304,3,25.8
202408031110,4,27.2
202408031107,2,34.2
202408040305,2,42.8
202408031111,5,22.1
202408031108,1,46.5
202408040306,4,31.5
202408031112,5,20.7
202408031109,2,36.2
202408040307,4,29.9
202408031201,2,35.3
202408031110,4,27.2
202408040308,2,36.4
202408031202,2,37.7
202408031111,5,22.1
202408040309,1,61.9
202408031203,4,23.5
202408031112,5,20.7
202408040310,3,30.5
202408031204,0,
202408031201,2,35.3
202408040311,1,38.4
202408031205,2,40.0
202408031202,2,37.7
202408040312,3,29.3
202408031206,2,42.6
202408031203,4,23.5
202408040401,0,
202408031207,2,51.3
202408031204,0,
202408040402,2,37.3
202408031208,3,29.2
202408031205,2,40.0
202408040403,3,32.3
202408031209,2,30.4
202408031206,2,42.6
202408040404,4,30.5
202408031210,5,20.2
202408031207,2,51.3
202408040405,1,62.3
202408031211,1,45.5
202408031208,3,29.2
202408040406,4,30.6
202408031212,4,24.8
202408031209,2,30.4
202408040101,2,41.2
202408040407,3,35.5
202408031210,5,20.2
202408040408,2,43.1
202408040102,2,41.6
202408031211,1,45.5
202408040103,2,39.6
202408040409,2,44.5
202408031212,4,24.8
202408040104,4,32.3
202408040410,3,30.7
202408040101,2,41.2
202408040105,1,44.4
202408040411,4,26.2
202408040102,2,41.6
202408040412,3,35.3
202408040106,2,28.1
202408040103,2,39.6
202408040501,0,
202408040107,1,53.8
202408040104,4,32.3
202408040502,3,34.7
202408040108,1,50.3
202408040105,1,44.4
202408040503,3,38.7
202408040109,3,19.5
202408040106,2,28.1
202408040110,1,40.5
202408040504,5,27.6
202408040107,1,53.8
202408040505,1,52.1
202408040111,3,29.8
202408040108,1,50.3
202408040112,2,33.1
202408040506,2,37.4
202408040109,3,19.5
202408040201,0,
202408040507,1,49.8
202408040110,1,40.5
202408040202,3,29.7
202408040111,3,29.8
202408040508,3,31.5
202408040203,3,37.4
202408040509,3,34.6
202408040112,2,33.1
202408040204,4,28.0
202408040201,0,
202408040510,4,27.0
202408040205,2,38.8
202408040202,3,29.7
202408040511,4,28.7
202408040206,2,40.2
202408040203,3,37.4
202408040512,4,25.5
202408040207,1,54.4
202408040204,4,28.0
202408040601,3,38.1
202408040208,2,46.6
202408040205,2,38.8
202408040602,3,42.0
202408040209,4,31.1
202408040206,2,40.2
202408040603,3,32.3
202408040210,3,25.2
202408040207,1,54.4
202408040604,3,28.0
202408040211,3,28.0
202408040208,2,46.6
202408040605,1,51.7
202408040212,5,23.9
202408040209,4,31.1
202408040606,4,26.4
202408040301,2,33.7
202408040210,3,25.2
202408040607,2,34.0
202408040302,4,32.2
202408040211,3,28.0
202408040608,2,31.2
202408040303,3,35.5
202408040212,5,23.9
202408040609,1,51.0
202408040304,3,25.8
202408040301,2,33.7
202408040610,3,28.4
202408040305,2,42.8
202408040302,4,32.2
202408040611,4,28.2
202408040306,4,31.5
202408040303,3,35.5
202408040612,3,28.5
202408040307,4,29.9
202408040304,3,25.8
202408040701,1,71.7
202408040308,2,36.4
202408040305,2,42.8
202408040702,2,41.2
202408040309,1,61.9
202408040306,4,31.5
202408040703,3,36.1
202408040310,3,30.5
202408040307,4,29.9
202408040704,3,36.8
202408040311,1,38.4
202408040308,2,36.4
202408040705,1,43.3
202408040312,3,29.3
202408040309,1,61.9
202408040706,4,26.8
202408040401,0,
202408040310,3,30.5
202408040707,4,27.4
202408040402,2,37.3
202408040311,1,38.4
202408040708,3,34.7
202408040403,3,32.3
202408040312,3,29.3
202408040709,2,42.1
202408040404,4,30.5
202408040401,0,
202408040710,5,23.2
202408040402,2,37.3
202408040405,1,62.3
202408040711,3,28.9
202408040403,3,32.3
202408040406,4,30.6
202408040712,2,28.6
202408040407,3,35.5
202408040404,4,30.5
202408040801,2,41.2
202408040408,2,43.1
202408040405,1,62.3
202408040802,3,36.1
202408040409,2,44.5
202408040406,4,30.6
202408040803,3,36.7
202408040410,3,30.7
202408040407,3,35.5
202408040804,4,26.7
202408040411,4,26.2
202408040408,2,43.1
202408040805,1,45.8
202408040412,3,35.3
202408040409,2,44.5
202408040806,3,35.7
202408040501,0,
202408040410,3,30.7
202408040807,3,28.0
202408040502,3,34.7
202408040411,4,26.2
202408040808,1,51.5
202408040503,3,38.7
202408040412,3,35.3
202408040809,5,21.6
202408040504,5,27.6
202408040810,3,30.1
202408040501,0,
202408040505,1,52.1
202408040502,3,34.7
202408040811,2,40.3
202408040506,2,37.4
202408040812,4,28.8
202408040503,3,38.7
202408040507,1,49.8
202408040504,5,27.6
202408050101,1,48.1
202408040508,3,31.5
202408040505,1,52.1
202408050102,2,32.8
202408040509,3,34.6
202408040506,2,37.4
202408050103,1,47.6
202408040510,4,27.0
202408040507,1,49.8
202408050104,2,41.3
202408040511,4,28.7
202408040508,3,31.5
202408050105,2,33.3
202408040512,4,25.5
202408040509,3,34.6
202408050106,3,32.6
202408040601,3,38.1
202408040510,4,27.0
202408050107,1,40.4
202408040602,3,42.0
202408040511,4,28.7
202408050108,2,48.1
202408040603,3,32.3
202408040512,4,25.5
202408050109,1,39.5
202408040604,3,28.0
202408040601,3,38.1
202408050110,5,24.6
202408040605,1,51.7
202408040602,3,42.0
202408050111,5,18.8
202408040606,4,26.4
202408040603,3,32.3
202408050112,3,34.5
202408040607,2,34.0
202408040604,3,28.0
202408050201,1,57.5
202408040608,2,31.2
202408040605,1,51.7
202408050202,2,35.4
202408040609,1,51.0
202408040606,4,26.4
202408050203,2,34.9
202408040610,3,28.4
202408040607,2,34.0
202408050204,2,36.3
202408040611,4,28.2
202408040608,2,31.2
202408050205,2,38.5
202408040612,3,28.5
202408040609,1,51.0
202408050206,1,42.7
202408040701,1,71.7
202408040610,3,28.4
202408050207,3,29.1
202408040702,2,41.2
202408040611,4,28.2
202408050208,2,50.7
202408040703,3,36.1
202408040612,3,28.5
202408050209,3,30.1
202408040704,3,36.8
202408040701,1,71.7
202408050210,3,30.4
202408040705,1,43.3
202408040702,2,41.2
202408050211,2,37.5
202408040706,4,26.8
202408040703,3,36.1
202408050212,3,35.7
202408040707,4,27.4
202408040704,3,36.8
202408050301,2,43.5
202408040708,3,34.7
202408040705,1,43.3
202408050302,2,42.0
202408040709,2,42.1
202408040706,4,26.8
202408050303,2,35.0
202408040710,5,23.2
202408040707,4,27.4
202408050304,2,33.8
202408040711,3,28.9
202408040708,3,34.7
202408040712,2,28.6
202408050305,2,39.4
202408040709,2,42.1
202408050306,2,40.0
202408040801,2,41.2
202408040710,5,23.2
202408050307,2,28.3
202408040802,3,36.1
202408040711,3,28.9
202408050308,1,79.2
202408040803,3,36.7
202408040712,2,28.6
202408040804,4,26.7
202408050309,4,31.9
202408040801,2,41.2
202408040805,1,45.8
202408050310,2,29.5
202408040802,3,36.1
202408040806,3,35.7
202408050311,3,25.0
202408040803,3,36.7
202408040807,3,28.0
202408050312,4,29.9
202408040804,4,26.7
202408040808,1,51.5
202408050401,2,39.2
202408040805,1,45.8
202408040809,5,21.6
202408050402,1,58.9
202408040810,3,30.1
202408040806,3,35.7
202408050403,1,60.5
202408040807,3,28.0
202408040811,2,40.3
202408050404,2,32.8
202408040808,1,51.5
202408040812,4,28.8
202408050405,2,25.1
202408040809,5,21.6
202408050101,1,48.1
202408050406,2,49.7
202408040810,3,30.1
202408050102,2,32.8
202408040811,2,40.3
202408050407,1,35.3
202408050103,1,47.6
202408040812,4,28.8
202408050408,1,78.4
202408050104,2,41.3
202408050101,1,48.1
202408050409,3,31.2
202408050105,2,33.3
202408050410,3,30.6
202408050102,2,32.8
202408050106,3,32.6
202408050411,3,32.3
202408050103,1,47.6
202408050107,1,40.4
202408050412,1,47.2
202408050104,2,41.3
202408050108,2,48.1
202408050501,1,55.1
202408050105,2,33.3
202408050109,1,39.5
202408050502,1,36.0
202408050110,5,24.6
202408050106,3,32.6
202408050503,1,58.4
202408050107,1,40.4
202408050111,5,18.8
202408050504,2,36.8
202408050112,3,34.5
202408050108,2,48.1
202408050505,2,34.5
202408050109,1,39.5
202408050201,1,57.5
202408050506,1,76.2
202408050110,5,24.6
202408050202,2,35.4
202408050507,4,26.6
202408050111,5,18.8
202408050203,2,34.9
202408050508,2,30.9
202408050112,3,34.5
202408050204,2,36.3
202408050509,2,41.4
202408050201,1,57.5
202408050205,2,38.5
202408050510,1,56.8
202408050202,2,35.4
202408050206,1,42.7
202408050511,2,25.5
202408050203,2,34.9
202408050207,3,29.1
202408050512,2,34.7
202408050204,2,36.3
202408050208,2,50.7
202408050601,1,56.4
202408050205,2,38.5
202408050209,3,30.1
202408050602,1,45.9
202408050206,1,42.7
202408050210,3,30.4
202408050603,2,37.0
202408050207,3,29.1
202408050211,2,37.5
202408050208,2,50.7
202408050604,5,19.7
202408050212,3,35.7
202408050605,1,45.7
202408050209,3,30.1
202408050301,2,43.5
202408050606,1,62.6
202408050210,3,30.4
202408050302,2,42.0
202408050607,5,20.1
202408050211,2,37.5
202408050303,2,35.0
202408050212,3,35.7
202408050608,1,38.8
202408050304,2,33.8
202408050301,2,43.5
202408050609,1,39.2
202408050305,2,39.4
202408050302,2,42.0
202408050610,3,26.0
202408050306,2,40.0
202408050303,2,35.0
202408050611,4,24.4
202408050307,2,28.3
202408050304,2,33.8
202408050612,3,30.0
202408050308,1,79.2
202408050305,2,39.4
202408050701,2,43.8
202408050309,4,31.9
202408050306,2,40.0
202408050702,1,53.8
202408050310,2,29.5
202408050307,2,28.3
202408050703,1,53.2
202408050311,3,25.0
202408050308,1,79.2
202408050704,2,34.3
202408050312,4,29.9
202408050309,4,31.9
202408050705,2,36.1
202408050310,2,29.5
202408050401,2,39.2
202408050706,1,53.2
202408050311,3,25.0
202408050402,1,58.9
202408050707,2,31.1
202408050312,4,29.9
202408050403,1,60.5
202408050708,1,81.9
202408050404,2,32.8
202408050401,2,39.2
202408050709,2,30.6
202408050405,2,25.1
202408050402,1,58.9
202408050710,2,47.2
202408050403,1,60.5
202408050406,2,49.7
202408050711,5,24.1
202408050407,1,35.3
202408050404,2,32.8
202408050712,3,30.2
202408050408,1,78.4
202408050405,2,25.1
202408050801,1,61.1
202408050409,3,31.2
202408050406,2,49.7
202408050410,3,30.6
202408050802,2,36.8
202408050407,1,35.3
202408050411,3,32.3
202408050408,1,78.4
202408050803,2,46.6
202408050412,1,47.2
202408050804,3,26.9
202408050409,3,31.2
202408050501,1,55.1
202408050410,3,30.6
202408050805,1,45.3
202408050502,1,36.0
202408050806,3,27.4
202408050411,3,32.3
202408050503,1,58.4
202408050807,1,41.8
202408050412,1,47.2
202408050504,2,36.8
202408050808,3,29.9
202408050501,1,55.1
202408050505,2,34.5
202408050809,1,44.9
202408050502,1,36.0
202408050506,1,76.2
202408050810,1,49.6
202408050503,1,58.4
202408050507,4,26.6
202408050811,4,20.4
202408050504,2,36.8
202408050508,2,30.9
202408050812,2,40.2
202408050505,2,34.5
202408050509,2,41.4
202408060101,1,78.3
202408050506,1,76.2
202408050510,1,56.8
202408060102,1,60.5
202408050507,4,26.6
202408050511,2,25.5
202408060103,2,46.9
202408050508,2,30.9
202408050512,2,34.7
202408060104,1,48.9
202408050509,2,41.4
202408050601,1,56.4
202408060105,2,30.4
202408050510,1,56.8
202408050602,1,45.9
202408060106,2,27.7
202408050511,2,25.5
202408050603,2,37.0
202408060107,1,38.9
202408050512,2,34.7
202408050604,5,19.7
202408060109,2,44.7
202408050601,1,56.4
202408050605,1,45.7
202408060110,5,27.4
202408050602,1,45.9
202408050606,1,62.6
202408060111,4,26.8
202408050603,2,37.0
202408050607,5,20.1
202408060112,2,41.3
202408050604,5,19.7
202408050608,1,38.8
202408060201,2,40.3
202408050605,1,45.7
202408050609,1,39.2
202408060202,2,41.3
202408050606,1,62.6
202408050610,3,26.0
202408060203,1,37.9
202408050607,5,20.1
202408060204,2,30.8
202408050611,4,24.4
202408050608,1,38.8
202408050612,3,30.0
202408060205,1,49.8
202408050609,1,39.2
202408050701,2,43.8
202408060206,1,68.2
202408050610,3,26.0
202408050702,1,53.8
202408060207,2,38.7
202408050703,1,53.2
202408050611,4,24.4
202408060208,2,43.4
202408050612,3,30.0
202408050704,2,34.3
202408060209,2,36.3
202408050701,2,43.8
202408050705,2,36.1
202408060210,1,39.5
202408050702,1,53.8
202408050706,1,53.2
202408060211,3,25.3
202408050703,1,53.2
202408050707,2,31.1
202408060212,3,29.9
202408050704,2,34.3
202408050708,1,81.9
202408060301,2,42.2
202408050705,2,36.1
202408060302,2,35.9
202408050709,2,30.6
202408050706,1,53.2
202408060303,2,44.6
202408050710,2,47.2
202408050707,2,31.1
202408060304,2,36.3
202408050711,5,24.1
202408050708,1,81.9
202408060305,2,35.7
202408050712,3,30.2
202408050709,2,30.6
202408060306,2,28.2
202408050801,1,61.1
202408050710,2,47.2
202408060307,4,31.5
202408050802,2,36.8
202408050711,5,24.1
202408060308,0,
202408050803,2,46.6
202408050712,3,30.2
202408060309,4,23.8
202408050804,3,26.9
202408050801,1,61.1
202408060310,4,27.7
202408050805,1,45.3
202408050802,2,36.8
202408060311,1,50.5
202408050806,3,27.4
202408050803,2,46.6
202408060312,1,65.3
202408050807,1,41.8
202408050804,3,26.9
202408060401,2,42.0
202408050808,3,29.9
202408050805,1,45.3
202408060402,1,61.1
202408050809,1,44.9
202408050806,3,27.4
202408050810,1,49.6
202408060403,2,34.8
202408050807,1,41.8
202408050811,4,20.4
202408060404,1,44.3
202408050808,3,29.9
202408060405,1,53.7
202408050812,2,40.2
202408050809,1,44.9
202408060406,3,35.8
202408060101,1,78.3
202408050810,1,49.6
202408060407,2,44.7
202408060102,1,60.5
202408050811,4,20.4
202408060408,2,41.4
202408060103,2,46.9
202408050812,2,40.2
202408060409,1,52.9
202408060104,1,48.9
202408060101,1,78.3
202408060410,5,25.2
202408060105,2,30.4
202408060102,1,60.5
202408060411,4,25.9
202408060106,2,27.7
202408060103,2,46.9
202408060412,2,33.6
202408060107,1,38.9
202408060104,1,48.9
202408060501,3,34.1
202408060109,2,44.7
202408060105,2,30.4
202408060502,2,43.7
202408060110,5,27.4
202408060106,2,27.7
202408060503,1,53.4
202408060111,4,26.8
202408060107,1,38.9
202408060504,2,44.8
202408060112,2,41.3
202408060109,2,44.7
202408060201,2,40.3
202408060505,2,35.9
202408060110,5,27.4
202408060202,2,41.3
202408060506,2,32.2
202408060111,4,26.8
202408060203,1,37.9
202408060507,4,30.3
202408060112,2,41.3
202408060204,2,30.8
202408060508,5,27.5
202408060201,2,40.3
202408060509,2,38.6
202408060205,1,49.8
202408060202,2,41.3
202408060510,3,35.7
202408060206,1,68.2
202408060203,1,37.9
202408060511,3,31.1
202408060207,2,38.7
202408060204,2,30.8
202408060512,3,31.5
202408060208,2,43.4
202408060205,1,49.8
202408060601,3,33.1
202408060209,2,36.3
202408060206,1,68.2
202408060602,1,62.7
202408060207,2,38.7
202408060210,1,39.5
202408060603,2,38.5
202408060208,2,43.4
202408060211,3,25.3
202408060604,1,52.1
202408060209,2,36.3
202408060212,3,29.9
202408060605,1,50.6
202408060210,1,39.5
202408060301,2,42.2
202408060606,3,28.3
202408060211,3,25.3
202408060302,2,35.9
202408060607,2,30.9
202408060212,3,29.9
202408060303,2,44.6
202408060608,3,32.5
202408060301,2,42.2
202408060304,2,36.3
202408060609,5,23.9
202408060302,2,35.9
202408060305,2,35.7
202408060610,3,32.4
202408060303,2,44.6
202408060306,2,28.2
202408060611,5,26.7
202408060304,2,36.3
202408060307,4,31.5
202408060612,3,31.3
202408060305,2,35.7
202408060308,0,
202408060701,3,35.7
202408060306,2,28.2
202408060309,4,23.8
202408060702,2,50.3
202408060307,4,31.5
202408060310,4,27.7
202408060703,1,52.0
202408060308,0,
202408060311,1,50.5
202408060704,0,
202408060309,4,23.8
202408060312,1,65.3
202408060705,2,37.7
202408060310,4,27.7
202408060401,2,42.0
202408060706,2,41.0
202408060402,1,61.1
202408060311,1,50.5
202408060707,3,33.4
202408060403,2,34.8
202408060312,1,65.3
202408060708,1,69.3
202408060404,1,44.3
202408060401,2,42.0
202408060709,3,35.9
202408060405,1,53.7
202408060402,1,61.1
202408060710,1,49.4
202408060403,2,34.8
202408060406,3,35.8
202408060711,2,35.5
202408060404,1,44.3
202408060407,2,44.7
202408060405,1,53.7
202408060712,3,30.2
202408060408,2,41.4
202408060406,3,35.8
202408060409,1,52.9
202408060801,3,33.6
202408060407,2,44.7
202408060410,5,25.2
202408060802,2,48.5
202408060408,2,41.4
202408060411,4,25.9
202408060803,4,29.6
202408060409,1,52.9
202408060412,2,33.6
202408060804,2,40.6
202408060410,5,25.2
202408060501,3,34.1
202408060805,3,36.3
202408060411,4,25.9
202408060502,2,43.7
202408060806,2,38.3
202408060412,2,33.6
202408060503,1,53.4
202408060807,5,21.2
202408060501,3,34.1
202408060808,3,32.7
202408060504,2,44.8
202408060502,2,43.7
202408060505,2,35.9
202408060809,3,31.0
202408060503,1,53.4
202408060506,2,32.2
202408060810,2,34.3
202408060504,2,44.8
202408060507,4,30.3
202408060811,4,23.9
202408060505,2,35.9
202408060508,5,27.5
202408060812,5,20.4
202408060506,2,32.2
202408060509,2,38.6
202408070101,2,44.6
202408060507,4,30.3
202408060510,3,35.7
202408070102,2,41.9
202408060508,5,27.5
202408060511,3,31.1
202408070103,1,54.4
202408060509,2,38.6
202408060512,3,31.5
202408070104,1,41.4
202408060601,3,33.1
202408060510,3,35.7
202408070105,2,46.1
202408060602,1,62.7
202408060511,3,31.1
202408070106,1,51.7
202408060603,2,38.5
202408060512,3,31.5
202408070107,2,44.2
202408060601,3,33.1
202408060604,1,52.1
202408070108,2,44.0
202408060602,1,62.7
202408060605,1,50.6
202408070109,1,55.2
202408060603,2,38.5
202408060606,3,28.3
202408070110,3,26.5
202408060607,2,30.9
202408060604,1,52.1
202408070111,4,27.3
202408060608,3,32.5
202408060605,1,50.6
202408070112,1,56.0
202408060609,5,23.9
202408060606,3,28.3
202408070201,3,31.8
202408060610,3,32.4
202408060607,2,30.9
202408070202,1,56.3
202408060611,5,26.7
202408060608,3,32.5
202408070203,2,47.1
202408060612,3,31.3
202408060609,5,23.9
202408070204,0,
202408060610,3,32.4
202408060701,3,35.7
202408070205,1,57.8
202408060611,5,26.7
202408060702,2,50.3
202408070206,1,74.8
202408060612,3,31.3
202408060703,1,52.0
202408070207,2,31.0
202408060701,3,35.7
202408060704,0,
202408070208,2,29.3
202408060702,2,50.3
202408060705,2,37.7
202408070209,1,41.2
202408060703,1,52.0
202408060706,2,41.0
202408070210,2,30.6
202408060704,0,
202408060707,3,33.4
202408070211,5,29.8
202408060705,2,37.7
202408060708,1,69.3
202408070212,2,37.1
202408060706,2,41.0
202408060709,3,35.9
202408070301,2,47.1
202408060707,3,33.4
202408060710,1,49.4
202408070302,1,50.3
202408060708,1,69.3
202408060711,2,35.5
202408070303,2,49.0
202408060709,3,35.9
202408060712,3,30.2
202408070304,0,
202408060710,1,49.4
202408060801,3,33.6
202408070305,1,50.9
202408060711,2,35.5
202408060802,2,48.5
202408070306,1,63.9
202408060712,3,30.2
202408060803,4,29.6
202408070307,1,54.0
202408060801,3,33.6
202408060804,2,40.6
202408070308,2,35.4
202408060802,2,48.5
202408060805,3,36.3
202408070309,1,42.1
202408060806,2,38.3
202408060803,4,29.6
202408070310,3,36.7
202408060807,5,21.2
202408060804,2,40.6
202408070311,2,35.8
202408060808,3,32.7
202408060805,3,36.3
202408070312,2,45.0
202408060809,3,31.0
202408060806,2,38.3
202408070401,2,37.7
202408060810,2,34.3
202408060807,5,21.2
202408070402,1,50.3
202408060811,4,23.9
202408060808,3,32.7
202408070403,1,54.3
202408060809,3,31.0
202408060812,5,20.4
202408070404,2,33.4
202408070101,2,44.6
202408060810,2,34.3
202408070405,1,46.5
202408060811,4,23.9
202408070102,2,41.9
202408070406,1,55.9
202408070103,1,54.4
202408060812,5,20.4
202408070104,1,41.4
202408070407,2,43.1
202408070101,2,44.6
202408070408,3,30.2
202408070105,2,46.1
202408070102,2,41.9
202408070409,1,41.6
202408070103,1,54.4
202408070106,1,51.7
202408070410,2,45.7
202408070107,2,44.2
202408070104,1,41.4
202408070411,5,19.3
202408070108,2,44.0
202408070105,2,46.1
202408070412,2,32.9
202408070109,1,55.2
202408070106,1,51.7
202408070501,2,37.1
202408070110,3,26.5
202408070107,2,44.2
202408070502,2,50.0
202408070111,4,27.3
202408070108,2,44.0
202408070503,2,46.0
202408070112,1,56.0
202408070109,1,55.2
202408070504,0,
202408070201,3,31.8
202408070110,3,26.5
202408070505,1,47.2
202408070202,1,56.3
202408070111,4,27.3
202408070506,2,30.2
202408070203,2,47.1
202408070112,1,56.0
202408070507,3,29.6
202408070204,0,
202408070201,3,31.8
202408070205,1,57.8
202408070508,3,34.6
202408070202,1,56.3
202408070509,3,33.9
202408070206,1,74.8
202408070203,2,47.1
202408070510,2,46.6
202408070207,2,31.0
202408070204,0,
202408070511,5,26.5
202408070208,2,29.3
202408070205,1,57.8
202408070512,2,30.6
202408070209,1,41.2
202408070206,1,74.8
202408070601,2,45.9
202408070210,2,30.6
202408070207,2,31.0
202408070602,2,45.6
202408070211,5,29.8
202408070208,2,29.3
202408070603,2,44.1
202408070212,2,37.1
202408070209,1,41.2
202408070604,2,46.8
202408070301,2,47.1
202408070210,2,30.6
202408070605,3,32.1
202408070302,1,50.3
202408070211,5,29.8
202408070606,2,38.0
202408070303,2,49.0
202408070212,2,37.1
202408070607,3,34.7
202408070304,0,
202408070301,2,47.1
202408070608,5,23.9
202408070305,1,50.9
202408070302,1,50.3
202408070609,2,35.7
202408070306,1,63.9
202408070303,2,49.0
202408070610,5,23.2
202408070307,1,54.0
202408070304,0,
202408070611,4,29.3
202408070308,2,35.4
202408070305,1,50.9
202408070612,5,21.0
202408070309,1,42.1
202408070306,1,63.9
202408070701,3,36.2
202408070310,3,36.7
202408070307,1,54.0
202408070702,2,45.1
202408070311,2,35.8
202408070308,2,35.4
202408070703,3,37.4
202408070312,2,45.0
202408070309,1,42.1
202408070704,2,39.7
202408070310,3,36.7
202408070401,2,37.7
202408070705,2,33.7
202408070311,2,35.8
202408070402,1,50.3
202408070706,2,32.7
202408070403,1,54.3
202408070312,2,45.0
202408070707,3,31.6
202408070401,2,37.7
202408070404,2,33.4
202408070708,3,35.7
202408070405,1,46.5
202408070402,1,50.3
202408070709,2,45.2
202408070403,1,54.3
202408070406,1,55.9
202408070710,4,27.7
202408070404,2,33.4
202408070407,2,43.1
202408070711,5,23.5
202408070405,1,46.5
202408070408,3,30.2
202408070712,2,39.6
202408070409,1,41.6
202408070406,1,55.9
202408070801,2,41.0
202408070410,2,45.7
202408070407,2,43.1
202408070802,4,29.9
202408070411,5,19.3
202408070408,3,30.2
202408070803,4,24.6
202408070412,2,32.9
202408070409,1,41.6
202408070804,1,42.1
202408070501,2,37.1
202408070410,2,45.7
202408070805,0,
202408070502,2,50.0
202408070411,5,19.3
202408070806,2,38.5
202408070503,2,46.0
202408070412,2,32.9
202408070807,3,30.5
202408070504,0,
202408070501,2,37.1
202408070808,3,34.5
202408070505,1,47.2
202408070502,2,50.0
202408070809,3,35.4
202408070506,2,30.2
202408070503,2,46.0
202408070810,3,26.8
202408070507,3,29.6
202408070504,0,
202408070811,3,24.2
202408070508,3,34.6
202408070505,1,47.2
202408070812,3,23.0
202408070509,3,33.9
202408070506,2,30.2
202408070901,2,37.7
202408070510,2,46.6
202408070507,3,29.6
202408070902,3,36.2
202408070511,5,26.5
202408070508,3,34.6
202408070903,3,33.2
202408070512,2,30.6
202408070509,3,33.9
202408070904,0,
202408070601,2,45.9
202408070510,2,46.6
202408070905,2,29.3
202408070602,2,45.6
202408070511,5,26.5
202408070906,2,32.5
202408070603,2,44.1
202408070512,2,30.6
202408070907,5,21.9
202408070604,2,46.8
202408070601,2,45.9
202408070908,4,28.5
202408070605,3,32.1
202408070602,2,45.6
202408070909,4,27.6
202408070606,2,38.0
202408070603,2,44.1
202408070910,4,33.7
202408070607,3,34.7
202408070604,2,46.8
202408070911,3,27.8
202408070608,5,23.9
202408070605,3,32.1
202408070912,4,33.2
202408070609,2,35.7
202409010101,2,37.2
202408070606,2,38.0
202408070610,5,23.2
202408070607,3,34.7
202409010102,2,41.5
202408070611,4,29.3
202408070608,5,23.9
202409010103,3,36.4
202408070612,5,21.0
202408070609,2,35.7
202409010104,1,56.7
202408070701,3,36.2
202408070610,5,23.2
202409010105,1,44.6
202408070702,2,45.1
202408070611,4,29.3
202409010106,2,37.1
202408070703,3,37.4
202409010107,3,25.9
202408070612,5,21.0
202408070704,2,39.7
202408070701,3,36.2
202409010108,5,27.3
202408070705,2,33.7
202408070702,2,45.1
202409010109,1,35.2
202408070706,2,32.7
202408070703,3,37.4
202409010110,2,34.2
202408070707,3,31.6
202408070704,2,39.7
202409010111,4,24.7
202408070708,3,35.7
202408070705,2,33.7
202409010112,1,38.1
202408070709,2,45.2
202408070706,2,32.7
202409010201,2,31.7
202408070710,4,27.7
202409010202,2,46.7
202408070707,3,31.6
202408070711,5,23.5
202409010203,1,58.7
202408070708,3,35.7
202408070712,2,39.6
202409010204,5,26.3
202408070709,2,45.2
202408070801,2,41.0
202409010205,1,46.9
202408070710,4,27.7
202408070802,4,29.9
202408070711,5,23.5
202409010206,2,44.1
202408070803,4,24.6
202408070712,2,39.6
202409010207,1,56.3
202408070804,1,42.1
202408070801,2,41.0
202409010208,2,43.9
202408070805,0,
202408070802,4,29.9
202409010209,2,41.9
202408070806,2,38.5
202408070803,4,24.6
202409010210,2,35.6
202408070807,3,30.5
202408070804,1,42.1
202409010211,5,22.8
202408070808,3,34.5
202408070805,0,
202409010212,3,29.3
202408070809,3,35.4
202408070806,2,38.5
202409010301,1,53.4
202408070810,3,26.8
202409010302,2,33.5
202408070807,3,30.5
202408070811,3,24.2
202409010303,2,42.8
202408070808,3,34.5
202408070812,3,23.0
202409010304,3,33.2
202408070901,2,37.7
202408070809,3,35.4
202409010305,2,46.2
202408070902,3,36.2
202408070810,3,26.8
202409010306,1,68.4
202408070903,3,33.2
202408070811,3,24.2
202409010307,2,39.1
202408070904,0,
202408070812,3,23.0
202409010308,2,31.7
202408070905,2,29.3
202408070901,2,37.7
202409010309,1,47.1
202408070902,3,36.2
202408070906,2,32.5
202409010310,3,33.5
202408070907,5,21.9
202408070903,3,33.2
202409010311,2,29.9
202408070908,4,28.5
202408070904,0,
202409010312,2,41.8
202408070909,4,27.6
202408070905,2,29.3
202409010401,3,32.0
202408070910,4,33.7
202408070906,2,32.5
202409010402,2,44.6
202408070911,3,27.8
202408070907,5,21.9
202409010403,2,38.8
202408070912,4,33.2
202408070908,4,28.5
202409010404,2,45.0
202409010101,2,37.2
202408070909,4,27.6
202409010405,2,44.7
202409010102,2,41.5
202408070910,4,33.7
202409010406,1,39.5
202409010103,3,36.4
202408070911,3,27.8
202409010407,1,78.0
202409010104,1,56.7
202408070912,4,33.2
202409010408,1,55.8
202409010105,1,44.6
202409010101,2,37.2
202409010106,2,37.1
202409010409,2,34.5
202409010102,2,41.5
202409010107,3,25.9
202409010410,3,32.5
202409010103,3,36.4
202409010108,5,27.3
202409010411,3,27.6
202409010104,1,56.7
202409010109,1,35.2
202409010412,3,33.1
202409010105,1,44.6
202409010110,2,34.2
202409010501,2,42.3
202409010106,2,37.1
202409010111,4,24.7
202409010502,1,53.2
202409010107,3,25.9
202409010503,3,36.5
202409010112,1,38.1
202409010108,5,27.3
202409010504,2,47.6
202409010201,2,31.7
202409010109,1,35.2
202409010202,2,46.7
202409010505,2,46.8
202409010110,2,34.2
202409010203,1,58.7
202409010506,1,47.6
202409010111,4,24.7
202409010204,5,26.3
202409010507,2,45.3
202409010112,1,38.1
202409010205,1,46.9
202409010508,0,
202409010201,2,31.7
202409010206,2,44.1
202409010509,1,61.8
202409010202,2,46.7
202409010207,1,56.3
202409010510,2,45.2
202409010203,1,58.7
202409010208,2,43.9
202409010511,4,26.4
202409010204,5,26.3
202409010209,2,41.9
202409010512,3,34.8
202409010205,1,46.9
202409010601,1,43.3
202409010210,2,35.6
202409010206,2,44.1
202409010211,5,22.8
202409010602,3,29.8
202409010207,1,56.3
202409010212,3,29.3
202409010603,2,36.4
202409010208,2,43.9
202409010604,1,62.3
202409010301,1,53.4
202409010209,2,41.9
202409010605,2,33.4
202409010302,2,33.5
202409010210,2,35.6
202409010606,2,39.5
202409010303,2,42.8
202409010211,5,22.8
202409010607,1,42.8
202409010304,3,33.2
202409010212,3,29.3
202409010608,3,36.0
202409010305,2,46.2
202409010301,1,53.4
202409010609,1,50.8
202409010306,1,68.4
202409010302,2,33.5
202409010610,5,26.5
202409010307,2,39.1
202409010303,2,42.8
202409010611,5,24.7
202409010308,2,31.7
202409010304,3,33.2
202409010612,4,29.6
202409010309,1,47.1
202409010305,2,46.2
202409010701,2,39.7
202409010310,3,33.5
202409010306,1,68.4
202409010702,2,38.4
202409010311,2,29.9
202409010307,2,39.1
202409010703,2,32.7
202409010312,2,41.8
202409010308,2,31.7
202409010704,2,47.5
202409010401,3,32.0
202409010309,1,47.1
202409010705,2,45.8
202409010402,2,44.6
202409010310,3,33.5
202409010403,2,38.8
202409010706,2,39.6
202409010311,2,29.9
202409010404,2,45.0
202409010707,1,48.3
202409010312,2,41.8
202409010708,2,39.0
202409010405,2,44.7
202409010401,3,32.0
202409010709,1,48.2
202409010406,1,39.5
202409010402,2,44.6
202409010710,3,21.7
202409010407,1,78.0
202409010403,2,38.8
202409010711,2,40.1
202409010408,1,55.8
202409010404,2,45.0
202409010712,2,25.2
202409010409,2,34.5
202409010405,2,44.7
202409010801,1,69.4
202409010410,3,32.5
202409010406,1,39.5
202409010802,2,38.6
202409010411,3,27.6
202409010407,1,78.0
202409010803,2,47.8
202409010412,3,33.1
202409010804,0,
202409010408,1,55.8
202409010501,2,42.3
202409010805,3,35.5
202409010502,1,53.2
202409010409,2,34.5
202409010806,2,36.9
202409010410,3,32.5
202409010503,3,36.5
202409010807,2,28.6
202409010504,2,47.6
202409010411,3,27.6
202409010808,1,62.8
202409010412,3,33.1
202409010505,2,46.8
202409010501,2,42.3
202409010809,2,42.0
202409010506,1,47.6
202409010502,1,53.2
202409010810,2,41.6
202409010507,2,45.3
202409010811,4,29.0
202409010508,0,
202409010503,3,36.5
202409010509,1,61.8
202409010812,3,36.3
202409010504,2,47.6
202409010510,2,45.2
202409020101,3,30.2
202409010505,2,46.8
202409010511,4,26.4
202409020102,2,33.7
202409010506,1,47.6
202409020103,2,44.4
202409010512,3,34.8
202409010507,2,45.3
202409020104,0,
202409010601,1,43.3
202409010508,0,
202409020105,2,47.0
202409010602,3,29.8
202409010509,1,61.8
202409020106,1,55.1
202409010603,2,36.4
202409010510,2,45.2
202409020107,1,39.1
202409010604,1,62.3
202409010511,4,26.4
202409020108,3,38.1
202409010605,2,33.4
202409010512,3,34.8
202409020109,1,45.4
202409010606,2,39.5
202409010601,1,43.3
202409020110,1,50.6
202409010607,1,42.8
202409010602,3,29.8
202409020111,2,42.4
202409010608,3,36.0
202409010603,2,36.4
202409020112,2,40.9
202409010609,1,50.8
202409010604,1,62.3
202409020201,4,26.6
202409010610,5,26.5
202409010605,2,33.4
202409010611,5,24.7
202409020202,3,36.1
202409010606,2,39.5
202409010612,4,29.6
202409020203,2,38.3
202409010607,1,42.8
202409020204,2,36.2
202409010701,2,39.7
202409010608,3,36.0
202409020205,5,27.3
202409010702,2,38.4
202409010609,1,50.8
202409020206,2,38.5
202409010703,2,32.7
202409010610,5,26.5
202409020207,2,29.6
202409010704,2,47.5
202409010611,5,24.7
202409020208,3,26.0
202409010705,2,45.8
202409010612,4,29.6
202409020209,1,38.9
202409010706,2,39.6
202409010701,2,39.7
202409010707,1,48.3
202409020210,1,45.4
202409010702,2,38.4
202409020211,4,26.8
202409010708,2,39.0
202409010703,2,32.7
202409020212,4,27.4
202409010709,1,48.2
202409010704,2,47.5
202409010710,3,21.7
202409020301,2,47.5
202409010705,2,45.8
202409010711,2,40.1
202409020302,3,31.6
202409010706,2,39.6
202409010712,2,25.2
202409020303,4,28.4
202409010707,1,48.3
202409010801,1,69.4
202409020304,3,34.9
202409010708,2,39.0
202409010802,2,38.6
202409020305,1,32.9
202409010709,1,48.2
202409010803,2,47.8
202409020306,2,27.6
202409010804,0,
202409010710,3,21.7
202409020307,3,30.7
202409010711,2,40.1
202409010805,3,35.5
202409020308,0,
202409010712,2,25.2
202409010806,2,36.9
202409020309,1,57.7
202409010801,1,69.4
202409010807,2,28.6
202409020310,3,29.6
202409010802,2,38.6
202409010808,1,62.8
202409020311,5,25.2
202409010803,2,47.8
202409010809,2,42.0
202409020312,3,29.8
202409010804,0,
202409010810,2,41.6
202409020401,2,35.5
202409010805,3,35.5
202409020402,2,42.2
202409010811,4,29.0
202409010806,2,36.9
202409010812,3,36.3
202409020403,1,48.1
202409010807,2,28.6
202409020101,3,30.2
202409020404,1,64.0
202409010808,1,62.8
202409020102,2,33.7
202409020405,1,50.1
202409010809,2,42.0
202409020103,2,44.4
202409020406,2,45.0
202409010810,2,41.6
202409020104,0,
202409020407,3,30.1
202409010811,4,29.0
202409020105,2,47.0
202409020408,3,32.1
202409010812,3,36.3
202409020106,1,55.1
202409020409,2,34.5
202409020101,3,30.2
202409020107,1,39.1
202409020410,5,24.3
202409020102,2,33.7
202409020108,3,38.1
202409020411,4,25.0
202409020103,2,44.4
202409020109,1,45.4
202409020412,4,27.4
202409020104,0,
202409020110,1,50.6
202409020501,2,42.5
202409020105,2,47.0
202409020111,2,42.4
202409020106,1,55.1
202409020502,2,33.8
202409020112,2,40.9
202409020107,1,39.1
202409020503,1,60.9
202409020201,4,26.6
202409020108,3,38.1
202409020504,3,29.9
202409020202,3,36.1
202409020109,1,45.4
202409020505,2,36.5
202409020203,2,38.3
202409020506,2,41.1
202409020110,1,50.6
202409020204,2,36.2
202409020507,1,45.7
202409020111,2,42.4
202409020205,5,27.3
202409020508,3,31.1
202409020112,2,40.9
202409020201,4,26.6
202409020206,2,38.5
202409020509,1,47.1
202409020207,2,29.6
202409020510,3,32.6
202409020202,3,36.1
202409020511,2,35.1
202409020203,2,38.3
202409020208,3,26.0
202409020204,2,36.2
202409020209,1,38.9
202409020512,2,39.7
202409020205,5,27.3
202409020210,1,45.4
202409020601,3,37.9
202409020206,2,38.5
202409020211,4,26.8
202409020602,2,39.5
202409020207,2,29.6
202409020212,4,27.4
202409020603,3,33.5
202409020208,3,26.0
202409020301,2,47.5
202409020604,2,34.0
202409020209,1,38.9
202409020605,3,29.3
202409020302,3,31.6
202409020210,1,45.4
202409020606,1,49.7
202409020303,4,28.4
202409020211,4,26.8
202409020607,1,49.0
202409020304,3,34.9
202409020212,4,27.4
202409020608,2,32.7
202409020305,1,32.9
202409020301,2,47.5
202409020609,2,45.2
202409020306,2,27.6
202409020302,3,31.6
202409020610,3,19.6
202409020307,3,30.7
202409020303,4,28.4
202409020611,5,23.4
202409020308,0,
202409020304,3,34.9
202409020612,2,33.2
202409020309,1,57.7
202409020305,1,32.9
202409020701,3,32.5
202409020310,3,29.6
202409020306,2,27.6
202409020702,2,38.6
202409020311,5,25.2
202409020307,3,30.7
202409020703,2,37.0
202409020312,3,29.8
202409020308,0,
202409020704,3,30.4
202409020401,2,35.5
202409020309,1,57.7
202409020705,2,35.3
202409020402,2,42.2
202409020310,3,29.6
202409020706,3,36.9
202409020403,1,48.1
202409020311,5,25.2
202409020707,2,44.6
202409020404,1,64.0
202409020312,3,29.8
202409020708,2,44.1
202409020405,1,50.1
202409020401,2,35.5
202409020709,2,43.0
202409020406,2,45.0
202409020402,2,42.2
202409020710,3,30.3
202409020407,3,30.1
202409020403,1,48.1
202409020711,3,31.7
202409020408,3,32.1
202409020404,1,64.0
202409020712,1,42.5
202409020409,2,34.5
202409020405,1,50.1
202409020801,3,36.1
202409020410,5,24.3
202409020406,2,45.0
202409020802,3,34.9
202409020411,4,25.0
202409020407,3,30.1
202409020803,4,26.7
202409020412,4,27.4
202409020408,3,32.1
202409020804,3,36.6
202409020501,2,42.5
202409020409,2,34.5
202409020805,3,28.1
202409020502,2,33.8
202409020410,5,24.3
202409020806,1,54.7
202409020503,1,60.9
202409020411,4,25.0
202409020807,5,23.8
202409020504,3,29.9
202409020412,4,27.4
202409020808,2,42.4
202409020505,2,36.5
202409020501,2,42.5
202409020809,5,22.5
202409020506,2,41.1
202409020502,2,33.8
202409020810,3,32.4
202409020507,1,45.7
202409020503,1,60.9
202409020811,5,28.3
202409020508,3,31.1
202409020504,3,29.9
202409020812,3,29.2
202409020509,1,47.1
202409020505,2,36.5
202410010101,2,38.6
202409020510,3,32.6
202409020506,2,41.1
202410010102,2,52.5
202409020511,2,35.1
202409020507,1,45.7
202410010103,1,46.7
202409020512,2,39.7
202409020508,3,31.1
202410010104,0,
202409020601,3,37.9
202409020509,1,47.1
202410010105,0,
202409020602,2,39.5
202409020510,3,32.6
202410010106,4,30.1
202409020511,2,35.1
202409020603,3,33.5
202410010107,3,28.2
202409020512,2,39.7
202409020604,2,34.0
202410010108,4,31.1
202409020605,3,29.3
202409020601,3,37.9
202410010109,4,28.0
202409020606,1,49.7
202409020602,2,39.5
202410010110,2,24.1
202409020607,1,49.0
202409020603,3,33.5
202410010111,3,32.2
202409020608,2,32.7
202410010112,5,21.6
202409020604,2,34.0
202409020609,2,45.2
202410010201,2,46.3
202409020605,3,29.3
202409020610,3,19.6
202410010202,5,26.4
202409020606,1,49.7
202409020611,5,23.4
202410010203,3,32.2
202409020607,1,49.0
202409020612,2,33.2
202410010204,0,
202409020608,2,32.7
202409020701,3,32.5
202410010205,2,31.7
202409020609,2,45.2
202409020702,2,38.6
202410010206,3,36.9
202409020610,3,19.6
202409020703,2,37.0
202410010207,3,32.0
202409020611,5,23.4
202409020704,3,30.4
202409020612,2,33.2
202410010208,2,39.1
202409020705,2,35.3
202409020701,3,32.5
202410010209,2,33.2
202409020706,3,36.9
202409020702,2,38.6
202410010210,3,24.4
202409020707,2,44.6
202409020703,2,37.0
202410010211,4,29.1
202409020708,2,44.1
202409020704,3,30.4
202410010212,5,22.3
202409020709,2,43.0
202409020705,2,35.3
202410010301,2,37.7
202409020710,3,30.3
202409020706,3,36.9
202410010302,4,31.1
202409020711,3,31.7
202409020707,2,44.6
202410010303,3,35.0
202409020712,1,42.5
202409020708,2,44.1
202410010304,0,
202409020801,3,36.1
202409020709,2,43.0
202410010305,0,
202409020802,3,34.9
202409020710,3,30.3
202410010306,2,41.8
202409020803,4,26.7
202409020711,3,31.7
202410010307,3,33.4
202409020804,3,36.6
202409020712,1,42.5
202409020805,3,28.1
202410010308,3,28.6
202409020801,3,36.1
202409020806,1,54.7
202410010309,1,55.8
202409020802,3,34.9
202409020807,5,23.8
202410010310,3,32.8
202409020803,4,26.7
202409020808,2,42.4
202410010311,2,27.7
202409020804,3,36.6
202409020809,5,22.5
202410010312,3,24.9
202409020805,3,28.1
202409020810,3,32.4
202409020806,1,54.7
202410010401,2,36.9
202409020811,5,28.3
202409020807,5,23.8
202410010402,2,39.2
202409020808,2,42.4
202409020812,3,29.2
202410010403,3,26.5
202409020809,5,22.5
202410010101,2,38.6
202410010404,0,
202410010102,2,52.5
202409020810,3,32.4
202410010405,3,25.8
202410010103,1,46.7
202410010406,2,40.0
202409020811,5,28.3
202410010104,0,
202410010407,3,24.3
202409020812,3,29.2
202410010105,0,
202410010408,3,31.9
202410010101,2,38.6
202410010106,4,30.1
202410010409,5,26.4
202410010102,2,52.5
202410010107,3,28.2
202410010410,2,37.3
202410010103,1,46.7
202410010108,4,31.1
202410010411,4,24.6
202410010104,0,
202410010109,4,28.0
202410010412,3,27.3
202410010105,0,
202410010501,1,48.8
202410010110,2,24.1
202410010106,4,30.1
202410010502,3,30.1
202410010111,3,32.2
202410010107,3,28.2
202410010503,2,36.4
202410010112,5,21.6
202410010108,4,31.1
202410010504,0,
202410010201,2,46.3
202410010109,4,28.0
202410010505,3,35.1
202410010110,2,24.1
202410010202,5,26.4
202410010506,2,38.6
202410010203,3,32.2
202410010111,3,32.2
202410010204,0,
202410010507,4,29.5
202410010112,5,21.6
202410010508,0,
202410010205,2,31.7
202410010201,2,46.3
202410010509,2,34.9
202410010206,3,36.9
202410010202,5,26.4
202410010510,3,26.7
202410010207,3,32.0
202410010203,3,32.2
202410010511,1,52.1
202410010208,2,39.1
202410010204,0,
202410010512,5,20.9
202410010205,2,31.7
202410010209,2,33.2
202410010206,3,36.9
202410010601,2,41.7
202410010210,3,24.4
202410010207,3,32.0
202410010211,4,29.1
202410010602,2,27.1
202410010603,3,30.2
202410010208,2,39.1
202410010212,5,22.3
202410010604,0,
202410010209,2,33.2
202410010301,2,37.7
202410010605,3,25.2
202410010210,3,24.4
202410010302,4,31.1
202410010211,4,29.1
202410010606,3,35.6
202410010303,3,35.0
202410010212,5,22.3
202410010607,3,31.6
202410010304,0,
202410010301,2,37.7
202410010608,3,33.6
202410010305,0,
202410010302,4,31.1
202410010609,2,35.4
202410010306,2,41.8
202410010303,3,35.0
202410010610,4,27.6
202410010307,3,33.4
202410010304,0,
202410010611,3,19.2
202410010308,3,28.6
202410010305,0,
202410010612,2,36.3
202410010309,1,55.8
202410010306,2,41.8
202410010701,3,27.0
202410010310,3,32.8
202410010307,3,33.4
202410010702,2,30.7
202410010311,2,27.7
202410010308,3,28.6
202410010703,2,36.1
202410010312,3,24.9
202410010309,1,55.8
202410010704,0,
202410010401,2,36.9
202410010310,3,32.8
202410010705,0,
202410010402,2,39.2
202410010311,2,27.7
202410010706,2,51.3
202410010403,3,26.5
202410010312,3,24.9
202410010707,3,28.7
202410010404,0,
202410010401,2,36.9
202410010708,3,31.0
202410010405,3,25.8
202410010709,2,38.2
202410010402,2,39.2
202410010406,2,40.0
202410010710,4,23.8
202410010403,3,26.5
202410010407,3,24.3
202410010711,2,44.7
202410010404,0,
202410010408,3,31.9
202410010405,3,25.8
202410010712,2,35.9
202410010409,5,26.4
202410010801,3,41.2
202410010406,2,40.0
202410010410,2,37.3
202410010407,3,24.3
202410010802,2,45.9
202410010411,4,24.6
202410010408,3,31.9
202410010803,2,42.5
202410010412,3,27.3
202410010804,0,
202410010409,5,26.4
202410010501,1,48.8
202410010805,1,43.5
202410010410,2,37.3
202410010502,3,30.1
202410010806,5,25.6
202410010411,4,24.6
202410010503,2,36.4
202410010807,2,44.8
202410010412,3,27.3
202410010504,0,
202410010808,2,31.3
202410010501,1,48.8
202410010505,3,35.1
202410010809,2,40.9
202410010502,3,30.1
202410010506,2,38.6
202410010810,4,26.9
202410010503,2,36.4
202410010507,4,29.5
202410010504,0,
202410010811,1,54.3
202410010508,0,
202410010505,3,35.1
202410010812,3,30.6
202410010509,2,34.9
202410010506,2,38.6
202410020101,2,28.0
202410010510,3,26.7
202410010507,4,29.5
202410020102,3,28.4
202410010511,1,52.1
202410020103,2,32.2
202410010508,0,
202410010512,5,20.9
202410010509,2,34.9
202410020104,0,
202410010601,2,41.7
202410020105,0,
202410010510,3,26.7
202410010602,2,27.1
202410020106,1,42.9
202410010511,1,52.1
202410010603,3,30.2
202410010512,5,20.9
202410020107,2,41.4
202410010604,0,
202410020108,2,36.6
202410010605,3,25.2
202410010601,2,41.7
202410020109,2,40.4
202410010606,3,35.6
202410010602,2,27.1
202410020110,3,23.9
202410010603,3,30.2
202410010607,3,31.6
202410010608,3,33.6
202410020111,4,29.2
202410010604,0,
202410010609,2,35.4
202410010605,3,25.2
202410020112,4,23.0
202410010610,4,27.6
202410010606,3,35.6
202410020201,3,37.3
202410010611,3,19.2
202410010607,3,31.6
202410020202,4,28.9
202410010612,2,36.3
202410010608,3,33.6
202410020203,2,27.9
202410010701,3,27.0
202410010609,2,35.4
202410020204,0,
202410010702,2,30.7
202410010610,4,27.6
202410020205,1,52.2
202410010703,2,36.1
202410010611,3,19.2
202410020206,4,30.1
202410010704,0,
202410010612,2,36.3
202410020207,3,31.3
202410010705,0,
202410010701,3,27.0
202410020208,2,40.1
202410010706,2,51.3
202410010702,2,30.7
202410020209,1,47.5
202410010707,3,28.7
202410010703,2,36.1
202410020210,3,27.1
202410010708,3,31.0
202410010704,0,
202410020211,5,22.7
202410010709,2,38.2
202410010705,0,
202410020212,2,37.2
202410010710,4,23.8
202410010706,2,51.3
202410020301,3,40.3
202410010711,2,44.7
202410010707,3,28.7
202410020302,4,23.5
202410010712,2,35.9
202410010708,3,31.0
202410020303,2,38.5
202410010801,3,41.2
202410010709,2,38.2
202410020304,0,
202410010802,2,45.9
202410010710,4,23.8
202410020305,0,
202410010803,2,42.5
202410010711,2,44.7
202410020306,2,32.2
202410010804,0,
202410010712,2,35.9
202410020307,2,40.0
202410010805,1,43.5
202410010801,3,41.2
202410020308,2,39.4
202410010806,5,25.6
202410010802,2,45.9
202410020309,1,54.5
202410010807,2,44.8
202410010803,2,42.5
202410020310,5,22.5
202410010808,2,31.3
202410020311,4,25.9
202410010804,0,
202410010809,2,40.9
202410010810,4,26.9
202410010805,1,43.5
202410020312,5,24.3
202410010811,1,54.3
202410010806,5,25.6
202410020401,3,33.2
202410010807,2,44.8
202410010812,3,30.6
202410020402,3,31.1
202410020101,2,28.0
202410010808,2,31.3
202410020403,2,29.9
202410020102,3,28.4
202410020404,0,
202410010809,2,40.9
202410010810,4,26.9
202410020405,3,34.3
202410020103,2,32.2
202410020104,0,
202410020406,2,41.3
202410010811,1,54.3
202410020105,0,
202410020407,3,28.9
202410010812,3,30.6
202410020106,1,42.9
202410020408,2,44.3
202410020101,2,28.0
202410020107,2,41.4
202410020409,3,27.4
202410020102,3,28.4
202410020108,2,36.6
202410020410,4,21.5
202410020103,2,32.2
202410020109,2,40.4
202410020411,5,25.0
202410020104,0,
202410020110,3,23.9
202410020412,4,17.3
202410020105,0,
202410020111,4,29.2
202410020501,3,37.1
202410020106,1,42.9
202410020112,4,23.0
202410020502,4,30.0
202410020107,2,41.4
202410020201,3,37.3
202410020503,2,32.1
202410020108,2,36.6
202410020202,4,28.9
202410020504,0,
202410020109,2,40.4
202410020203,2,27.9
202410020505,4,26.4
202410020110,3,23.9
202410020204,0,
202410020506,2,30.9
202410020111,4,29.2
202410020205,1,52.2
202410020507,2,29.5
202410020112,4,23.0
202410020206,4,30.1
202410020508,0,
202410020201,3,37.3
202410020207,3,31.3
202410020509,3,34.8
202410020202,4,28.9
202410020208,2,40.1
202410020510,5,23.3
202410020203,2,27.9
202410020209,1,47.5
202410020511,3,33.2
202410020204,0,
202410020210,3,27.1
202410020512,5,22.3
202410020205,1,52.2
202410020211,5,22.7
202410020601,4,32.2
202410020206,4,30.1
202410020212,2,37.2
202410020602,2,40.9
202410020207,3,31.3
202410020301,3,40.3
202410020603,2,38.3
202410020208,2,40.1
202410020302,4,23.5
202410020604,0,
202410020209,1,47.5
202410020303,2,38.5
202410020605,3,35.4
202410020210,3,27.1
202410020304,0,
202410020606,4,30.3
202410020211,5,22.7
202410020305,0,
202410020607,2,35.0
202410020212,2,37.2
202410020306,2,32.2
202410020608,1,36.0
202410020301,3,40.3
202410020307,2,40.0
202410020609,2,47.0
202410020302,4,23.5
202410020308,2,39.4
202410020610,1,56.4
202410020303,2,38.5
202410020309,1,54.5
202410020611,4,25.5
202410020304,0,
202410020310,5,22.5
202410020612,1,36.3
202410020305,0,
202410020311,4,25.9
202410020701,3,30.4
202410020306,2,32.2
202410020312,5,24.3
202410020702,4,28.9
202410020307,2,40.0
202410020401,3,33.2
202410020703,2,44.9
202410020308,2,39.4
202410020402,3,31.1
202410020704,0,
202410020309,1,54.5
202410020403,2,29.9
202410020705,0,
202410020310,5,22.5
202410020404,0,
202410020706,2,39.4
202410020311,4,25.9
202410020405,3,34.3
202410020707,3,30.9
202410020406,2,41.3
202410020312,5,24.3
202410020708,2,37.4
202410020407,3,28.9
202410020401,3,33.2
202410020709,3,35.3
202410020408,2,44.3
202410020402,3,31.1
202410020710,2,32.1
202410020409,3,27.4
202410020403,2,29.9
202410020711,4,23.8
202410020410,4,21.5
202410020404,0,
202410020712,5,28.0
202410020411,5,25.0
202410020405,3,34.3
202410020801,4,29.2
202410020412,4,17.3
202410020406,2,41.3
202410020802,3,33.7
202410020501,3,37.1
202410020407,3,28.9
202410020803,3,28.9
202410020502,4,30.0
202410020408,2,44.3
202410020804,0,
202410020503,2,32.1
202410020409,3,27.4
202410020805,1,52.7
202410020504,0,
202410020410,4,21.5
202410020806,2,34.3
202410020505,4,26.4
202410020411,5,25.0
202410020807,3,31.2
202410020506,2,30.9
202410020412,4,17.3
202410020808,2,36.8
202410020507,2,29.5
202410020501,3,37.1
202410020809,2,41.6
202410020508,0,
202410020502,4,30.0
202410020810,4,21.3
202410020509,3,34.8
202410020503,2,32.1
202410020811,3,33.1
202410020510,5,23.3
202410020504,0,
202410020812,4,30.3
202410020511,3,33.2
202410020505,4,26.4
202410030101,1,57.9
202410020512,5,22.3
202410020506,2,30.9
202410030102,3,35.4
202410020601,4,32.2
202410020507,2,29.5
202410030103,3,32.1
202410020602,2,40.9
202410020508,0,
202410030104,3,30.7
202410020603,2,38.3
202410020509,3,34.8
202410030105,2,32.9
202410020604,0,
202410020510,5,23.3
202410030106,1,48.1
202410020605,3,35.4
202410020511,3,33.2
202410020606,4,30.3
202410030107,3,36.6
202410020512,5,22.3
202410020607,2,35.0
202410030108,2,50.7
202410020601,4,32.2
202410020608,1,36.0
202410030109,2,35.9
202410020602,2,40.9
202410020609,2,47.0
202410030110,3,31.8
202410020603,2,38.3
202410020610,1,56.4
202410030111,3,32.4
202410020604,0,
202410020611,4,25.5
202410030112,2,40.6
202410020605,3,35.4
202410020612,1,36.3
202410030201,0,
202410020606,4,30.3
202410020701,3,30.4
202410030202,4,24.4
202410020607,2,35.0
202410020702,4,28.9
202410030203,3,31.9
202410020608,1,36.0
202410030204,4,33.4
202410020703,2,44.9
202410020609,2,47.0
202410020704,0,
202410030205,1,55.3
202410020610,1,56.4
202410020705,0,
202410030206,1,82.8
202410020611,4,25.5
202410020706,2,39.4
202410030207,2,31.8
202410020612,1,36.3
202410020707,3,30.9
202410030208,4,29.2
202410020701,3,30.4
202410020708,2,37.4
202410030209,2,43.0
202410020702,4,28.9
202410020709,3,35.3
202410030210,2,26.8
202410020703,2,44.9
202410020710,2,32.1
202410030211,5,23.3
202410020704,0,
202410020711,4,23.8
202410030212,3,32.4
202410020705,0,
202410020712,5,28.0
202410030301,0,
202410020706,2,39.4
202410020801,4,29.2
202410030302,1,53.7
202410020707,3,30.9
202410020802,3,33.7
202410030303,2,34.7
202410020708,2,37.4
202410020803,3,28.9
202410030304,0,
202410020709,3,35.3
202410020804,0,
202410030305,1,80.2
202410020710,2,32.1
202410020805,1,52.7
202410030306,4,28.2
202410020711,4,23.8
202410030307,3,35.6
202410020806,2,34.3
202410020712,5,28.0
202410030308,2,26.1
202410020807,3,31.2
202410020801,4,29.2
202410020808,2,36.8
202410030309,2,34.0
202410020802,3,33.7
202410020809,2,41.6
202410030310,1,55.3
202410020803,3,28.9
202410020810,4,21.3
202410030311,2,35.8
202410020811,3,33.1
202410020804,0,
202410030312,4,26.4
202410020812,4,30.3
202410020805,1,52.7
202410030401,3,34.7
202410030101,1,57.9
202410030402,4,29.7
202410020806,2,34.3
202410030102,3,35.4
202410030403,3,38.5
202410020807,3,31.2
202410030103,3,32.1
202410030404,2,45.2
202410020808,2,36.8
202410020809,2,41.6
202410030104,3,30.7
202410030405,1,67.6
202410030105,2,32.9
202410020810,4,21.3
202410030406,1,57.6
202410030106,1,48.1
202410030407,3,30.0
202410020811,3,33.1
202410030107,3,36.6
202410030408,3,26.3
202410020812,4,30.3
202410030108,2,50.7
202410030101,1,57.9
202410030409,2,37.1
202410030109,2,35.9
202410030102,3,35.4
202410030410,3,30.8
202410030110,3,31.8
202410030103,3,32.1
202410030411,4,25.9
202410030111,3,32.4
202410030104,3,30.7
202410030412,1,48.3
202410030112,2,40.6
202410030501,1,61.5
202410030105,2,32.9
202410030201,0,
202410030502,3,36.4
202410030106,1,48.1
202410030202,4,24.4
202410030503,4,24.8
202410030107,3,36.6
202410030203,3,31.9
202410030504,3,33.6
202410030108,2,50.7
202410030204,4,33.4
202410030505,1,60.7
202410030109,2,35.9
202410030205,1,55.3
202410030506,5,29.0
202410030110,3,31.8
202410030206,1,82.8
202410030507,3,29.6
202410030111,3,32.4
202410030207,2,31.8
202410030508,4,31.2
202410030112,2,40.6
202410030208,4,29.2
202410030509,4,30.1
202410030201,0,
202410030209,2,43.0
202410030510,4,27.3
202410030202,4,24.4
202410030210,2,26.8
202410030511,3,26.6
202410030203,3,31.9
202410030211,5,23.3
202410030512,2,29.8
202410030212,3,32.4
202410030204,4,33.4
202410030601,0,
202410030301,0,
202410030205,1,55.3
202410030602,1,59.4
202410030302,1,53.7
202410030206,1,82.8
202410030603,2,39.4
202410030303,2,34.7
202410030207,2,31.8
202410030604,3,35.5
202410030304,0,
202410030208,4,29.2
202410030605,1,46.9
202410030305,1,80.2
202410030209,2,43.0
202410030606,1,43.9
202410030306,4,28.2
202410030210,2,26.8
202410030307,3,35.6
202410030607,2,37.2
202410030211,5,23.3
202410030608,1,60.6
202410030308,2,26.1
202410030212,3,32.4
202410030609,2,34.0
202410030309,2,34.0
202410030301,0,
202410030610,3,30.9
202410030310,1,55.3
202410030302,1,53.7
202410030611,5,20.2
202410030311,2,35.8
202410030303,2,34.7
202410030612,4,27.7
202410030312,4,26.4
202410030304,0,
202410030701,0,
202410030401,3,34.7
202410030305,1,80.2
202410030702,4,32.6
202410030402,4,29.7
202410030306,4,28.2
202410030703,2,42.5
202410030403,3,38.5
202410030307,3,35.6
202410030704,0,
202410030404,2,45.2
202410030308,2,26.1
202410030705,1,53.8
202410030405,1,67.6
202410030309,2,34.0
202410030706,3,37.2
202410030406,1,57.6
202410030310,1,55.3
202410030707,2,35.9
202410030407,3,30.0
202410030311,2,35.8
202410030708,5,26.6
202410030408,3,26.3
202410030312,4,26.4
202410030709,4,32.9
202410030409,2,37.1
202410030401,3,34.7
202410030710,5,25.0
202410030410,3,30.8
202410030402,4,29.7
202410030711,2,39.3
202410030411,4,25.9
202410030403,3,38.5
202410030712,5,22.2
202410030412,1,48.3
202410030404,2,45.2
202410030801,1,65.3
202410030501,1,61.5
202410030405,1,67.6
202410030802,4,26.5
202410030502,3,36.4
202410030406,1,57.6
202410030803,3,34.4
202410030503,4,24.8
202410030407,3,30.0
202410030804,3,30.0
202410030408,3,26.3
202410030504,3,33.6
202410030805,2,40.1
202410030409,2,37.1
202410030505,1,60.7
202410030806,3,34.0
202410030506,5,29.0
202410030410,3,30.8
202410030807,2,47.4
202410030507,3,29.6
202410030411,4,25.9
202410030808,2,42.6
202410030412,1,48.3
202410030508,4,31.2
202410030809,5,21.3
202410030501,1,61.5
202410030509,4,30.1
202410030810,5,27.4
202410030502,3,36.4
202410030510,4,27.3
202410030811,3,28.7
202410030503,4,24.8
202410030511,3,26.6
202410030812,3,29.3
202410030512,2,29.8
202410030504,3,33.6
202501010101,1,53.6
202410030601,0,
202410030505,1,60.7
202501010102,2,51.3
202410030602,1,59.4
202410030506,5,29.0
202501010103,3,36.4
202410030603,2,39.4
202410030507,3,29.6
202501010104,2,40.5
202410030604,3,35.5
202410030508,4,31.2
202501010105,2,31.4
202410030605,1,46.9
202410030509,4,30.1
202501010106,3,32.2
202410030606,1,43.9
202410030510,4,27.3
202501010107,1,42.6
202410030607,2,37.2
202410030511,3,26.6
202501010108,1,99.8
202410030608,1,60.6
202410030512,2,29.8
202501010109,2,38.8
202410030609,2,34.0
202410030601,0,
202501010110,3,29.6
202410030610,3,30.9
202410030602,1,59.4
202501010111,2,37.7
202410030611,5,20.2
202410030603,2,39.4
202501010112,3,28.2
202410030612,4,27.7
202410030604,3,35.5
202501010201,2,30.2
202410030701,0,
202410030605,1,46.9
202501010202,2,38.5
202410030702,4,32.6
202410030606,1,43.9
202501010203,2,39.1
202410030703,2,42.5
202410030607,2,37.2
202501010204,1,71.3
202410030704,0,
202410030608,1,60.6
202501010205,1,82.8
202410030705,1,53.8
202410030609,2,34.0
202501010206,1,61.6
202410030706,3,37.2
202410030610,3,30.9
202501010207,2,29.2
202410030707,2,35.9
202410030611,5,20.2
202501010208,1,51.8
202410030708,5,26.6
202410030612,4,27.7
202501010209,1,55.9
202410030709,4,32.9
202410030701,0,
202501010210,1,41.1
202410030710,5,25.0
202410030702,4,32.6
202501010211,1,39.3
202410030711,2,39.3
202410030703,2,42.5
202501010212,1,45.1
202410030712,5,22.2
202410030704,0,
202501010301,1,56.9
202410030801,1,65.3
202410030705,1,53.8
202501010302,2,42.3
202410030802,4,26.5
202410030706,3,37.2
202501010303,3,33.3
202410030803,3,34.4
202410030707,2,35.9
202501010304,2,33.9
202410030804,3,30.0
202410030708,5,26.6
202501010305,2,32.4
202410030805,2,40.1
202410030709,4,32.9
202501010306,1,78.6
202410030806,3,34.0
202410030710,5,25.0
202501010307,2,41.4
202410030807,2,47.4
202410030711,2,39.3
202501010308,2,45.3
202410030808,2,42.6
202501010309,2,34.7
202410030712,5,22.2
202410030809,5,21.3
202501010310,3,28.0
202410030801,1,65.3
202410030810,5,27.4
202501010311,2,23.4
202410030802,4,26.5
202410030811,3,28.7
202410030803,3,34.4
202501010312,3,29.3
202410030812,3,29.3
202410030804,3,30.0
202501010401,2,43.7
202501010101,1,53.6
202410030805,2,40.1
202501010402,3,35.8
202501010102,2,51.3
202410030806,3,34.0
202501010403,3,33.8
202501010103,3,36.4
202410030807,2,47.4
202501010404,3,33.5
202501010104,2,40.5
202501010405,1,48.6
202410030808,2,42.6
202501010105,2,31.4
202501010406,3,27.9
202410030809,5,21.3
202501010106,3,32.2
202501010407,1,47.3
202410030810,5,27.4
202501010107,1,42.6
202501010408,2,38.5
202410030811,3,28.7
202501010108,1,99.8
202501010409,1,43.0
202410030812,3,29.3
202501010109,2,38.8
202501010410,2,35.2
202501010101,1,53.6
202501010110,3,29.6
202501010411,4,21.8
202501010102,2,51.3
202501010111,2,37.7
202501010412,1,55.7
202501010103,3,36.4
202501010112,3,28.2
202501010501,2,46.4
202501010104,2,40.5
202501010201,2,30.2
202501010502,2,36.8
202501010105,2,31.4
202501010202,2,38.5
202501010503,4,30.1
202501010106,3,32.2
202501010203,2,39.1
202501010504,3,31.0
202501010107,1,42.6
202501010505,2,39.4
202501010204,1,71.3
202501010108,1,99.8
202501010506,3,34.8
202501010205,1,82.8
202501010109,2,38.8
202501010507,2,50.3
202501010206,1,61.6
202501010110,3,29.6
202501010508,2,39.5
202501010207,2,29.2
202501010111,2,37.7
202501010208,1,51.8
202501010112,3,28.2
202501010509,1,58.0
202501010209,1,55.9
202501010510,2,41.2
202501010201,2,30.2
202501010210,1,41.1
202501010202,2,38.5
202501010511,4,28.6
202501010211,1,39.3
202501010512,3,32.5
202501010203,2,39.1
202501010212,1,45.1
202501010204,1,71.3
202501010601,2,37.5
202501010301,1,56.9
202501010205,1,82.8
202501010602,2,33.8
202501010302,2,42.3
202501010603,3,31.4
202501010206,1,61.6
202501010303,3,33.3
202501010604,2,43.4
202501010207,2,29.2
202501010304,2,33.9
202501010605,1,50.0
202501010208,1,51.8
202501010305,2,32.4
202501010209,1,55.9
202501010606,2,39.4
202501010306,1,78.6
202501010607,2,29.8
202501010210,1,41.1
202501010307,2,41.4
202501010211,1,39.3
202501010608,1,42.0
202501010308,2,45.3
202501010212,1,45.1
202501010609,1,49.1
202501010309,2,34.7
202501010301,1,56.9
202501010610,2,30.6
202501010310,3,28.0
202501010302,2,42.3
202501010611,5,20.6
202501010311,2,23.4
202501010303,3,33.3
202501010612,3,26.9
202501010312,3,29.3
202501010304,2,33.9
202501010701,1,75.2
202501010401,2,43.7
202501010305,2,32.4
202501010702,3,35.3
202501010402,3,35.8
202501010306,1,78.6
202501010703,2,50.0
202501010403,3,33.8
202501010307,2,41.4
202501010704,2,32.9
202501010404,3,33.5
202501010308,2,45.3
202501010705,2,38.7
202501010405,1,48.6
202501010309,2,34.7
202501010706,3,35.8
202501010406,3,27.9
202501010310,3,28.0
202501010707,1,55.5
202501010407,1,47.3
202501010311,2,23.4
202501010708,3,30.3
202501010408,2,38.5
202501010312,3,29.3
202501010709,2,46.3
202501010409,1,43.0
202501010401,2,43.7
202501010710,2,32.7
202501010410,2,35.2
202501010402,3,35.8
202501010411,4,21.8
202501010711,2,30.6
202501010403,3,33.8
202501010712,2,39.9
202501010412,1,55.7
202501010404,3,33.5
202501010801,1,55.6
202501010501,2,46.4
202501010405,1,48.6
202501010802,2,47.0
202501010502,2,36.8
202501010406,3,27.9
202501010803,3,31.5
202501010503,4,30.1
202501010407,1,47.3
202501010504,3,31.0
202501010804,3,28.3
202501010408,2,38.5
202501010505,2,39.4
202501010805,1,88.6
202501010409,1,43.0
202501010806,2,47.2
202501010506,3,34.8
202501010410,2,35.2
202501010807,3,30.3
202501010507,2,50.3
202501010411,4,21.8
202501010508,2,39.5
202501010808,2,45.4
202501010412,1,55.7
202501010509,1,58.0
202501010809,3,31.7
202501010501,2,46.4
202501010510,2,41.2
202501010810,1,38.7
202501010502,2,36.8
202501010511,4,28.6
202501010811,3,26.1
202501010503,4,30.1
202501010512,3,32.5
202501010812,5,27.5
202501010504,3,31.0
202501010601,2,37.5
202501020101,1,69.7
202501010505,2,39.4
202501010602,2,33.8
202501020102,2,37.3
202501010506,3,34.8
202501010603,3,31.4
202501020103,2,31.0
202501010507,2,50.3
202501010604,2,43.4
202501020104,2,34.3
202501010508,2,39.5
202501010605,1,50.0
202501020105,1,49.4
202501010509,1,58.0
202501010606,2,39.4
202501020106,3,34.6
202501010510,2,41.2
202501010607,2,29.8
202501020107,2,41.7
202501010511,4,28.6
202501010608,1,42.0
202501020108,1,60.1
202501010512,3,32.5
202501010609,1,49.1
202501020109,1,60.7
202501010601,2,37.5
202501010610,2,30.6
202501020110,4,25.9
202501010602,2,33.8
202501010611,5,20.6
202501020111,3,24.7
202501010603,3,31.4
202501020112,1,58.9
202501010612,3,26.9
202501010604,2,43.4
202501010701,1,75.2
202501020201,2,40.4
202501010605,1,50.0
202501010702,3,35.3
202501020202,1,57.2
202501010606,2,39.4
202501010703,2,50.0
202501020203,3,33.9
202501010607,2,29.8
202501010704,2,32.9
202501020204,2,33.0
202501010705,2,38.7
202501010608,1,42.0
202501020205,1,42.6
202501010706,3,35.8
202501010609,1,49.1
202501020206,2,34.7
202501010610,2,30.6
202501010707,1,55.5
202501020207,2,46.4
202501010611,5,20.6
202501010708,3,30.3
202501020208,1,42.4
202501010612,3,26.9
202501010709,2,46.3
202501020209,2,31.5
202501010701,1,75.2
202501010710,2,32.7
202501020210,3,29.2
202501010711,2,30.6
202501010702,3,35.3
202501020211,3,28.1
202501010703,2,50.0
202501010712,2,39.9
202501020212,3,24.8
202501010801,1,55.6
202501010704,2,32.9
202501020301,1,48.4
202501010802,2,47.0
202501010705,2,38.7
202501020302,1,72.3
202501010803,3,31.5
202501010706,3,35.8
202501020303,3,38.8
202501010804,3,28.3
202501010707,1,55.5
202501020304,3,33.0
202501010805,1,88.6
202501010708,3,30.3
202501020305,2,39.7
202501010806,2,47.2
202501010709,2,46.3
202501020306,3,32.8
202501010807,3,30.3
202501010710,2,32.7
202501020307,2,47.9
202501010808,2,45.4
202501010711,2,30.6
202501020308,2,40.1
202501010809,3,31.7
202501010712,2,39.9
202501020309,1,37.7
202501010810,1,38.7
202501010801,1,55.6
202501020310,3,31.2
202501010811,3,26.1
202501010802,2,47.0
202501020311,3,37.6
202501010812,5,27.5
202501010803,3,31.5
202501020312,2,28.6
202501020101,1,69.7
202501010804,3,28.3
202501020401,2,48.1
202501020102,2,37.3
202501010805,1,88.6
202501020402,2,37.5
202501020103,2,31.0
202501010806,2,47.2
202501020403,1,33.6
202501020104,2,34.3
202501020404,3,31.2
202501010807,3,30.3
202501020105,1,49.4
202501020405,2,40.1
202501010808,2,45.4
202501020106,3,34.6
202501020406,3,37.8
202501010809,3,31.7
202501020107,2,41.7
202501020407,2,47.0
202501010810,1,38.7
202501020108,1,60.1
202501020408,2,36.2
202501010811,3,26.1
202501020109,1,60.7
202501020409,2,33.0
202501010812,5,27.5
202501020110,4,25.9
202501020101,1,69.7
202501020410,3,29.5
202501020111,3,24.7
202501020102,2,37.3
202501020411,3,33.3
202501020112,1,58.9
202501020412,2,40.8
202501020103,2,31.0
202501020201,2,40.4
202501020501,1,52.7
202501020104,2,34.3
202501020202,1,57.2
202501020502,2,35.7
202501020105,1,49.4
202501020203,3,33.9
202501020503,1,47.6
202501020106,3,34.6
202501020204,2,33.0
202501020504,3,30.7
202501020107,2,41.7
202501020205,1,42.6
202501020505,1,44.6
202501020108,1,60.1
202501020206,2,34.7
202501020506,2,38.1
202501020109,1,60.7
202501020207,2,46.4
202501020507,3,28.6
202501020110,4,25.9
202501020208,1,42.4
202501020508,4,28.4
202501020111,3,24.7
202501020209,2,31.5
202501020509,3,29.7
202501020112,1,58.9
202501020210,3,29.2
202501020510,2,25.2
202501020201,2,40.4
202501020211,3,28.1
202501020511,2,47.5
202501020202,1,57.2
202501020212,3,24.8
202501020512,3,36.7
202501020203,3,33.9
202501020601,1,45.7
202501020301,1,48.4
202501020204,2,33.0
202501020602,1,58.3
202501020302,1,72.3
202501020205,1,42.6
202501020603,2,28.5
202501020303,3,38.8
202501020206,2,34.7
202501020604,3,31.6
202501020304,3,33.0
202501020207,2,46.4
202501020605,2,44.9
202501020305,2,39.7
202501020208,1,42.4
202501020606,1,47.2
202501020306,3,32.8
202501020209,2,31.5
202501020607,3,32.5
202501020307,2,47.9
202501020210,3,29.2
202501020608,3,30.7
202501020308,2,40.1
202501020211,3,28.1
202501020609,3,28.0
202501020309,1,37.7
202501020212,3,24.8
202501020310,3,31.2
202501020610,3,30.3
202501020301,1,48.4
202501020311,3,37.6
202501020611,2,32.9
202501020302,1,72.3
202501020312,2,28.6
202501020612,2,35.2
202501020303,3,38.8
202501020401,2,48.1
202502010101,3,34.8
202501020304,3,33.0
202501020402,2,37.5
202502010102,2,38.7
202501020305,2,39.7
202501020403,1,33.6
202502010103,1,45.0
202501020306,3,32.8
202501020404,3,31.2
202502010104,2,38.4
202501020307,2,47.9
202501020405,2,40.1
202502010105,1,53.3
202501020308,2,40.1
202501020406,3,37.8
202502010106,2,33.4
202501020309,1,37.7
202501020407,2,47.0
202502010107,3,32.4
202501020310,3,31.2
202501020408,2,36.2
202502010108,2,39.9
202501020311,3,37.6
202501020409,2,33.0
202502010109,2,38.0
202501020312,2,28.6
202501020410,3,29.5
202502010110,3,30.5
202501020401,2,48.1
202502010111,4,30.3
202501020411,3,33.3
202501020402,2,37.5
202502010112,2,38.5
202501020412,2,40.8
202501020403,1,33.6
202502010201,3,30.4
202501020501,1,52.7
202501020404,3,31.2
202502010202,2,36.1
202501020502,2,35.7
202501020405,2,40.1
202502010203,2,45.5
202501020503,1,47.6
202501020406,3,37.8
202502010204,1,44.8
202501020504,3,30.7
202501020407,2,47.0
202502010205,1,72.8
202501020505,1,44.6
202501020408,2,36.2
202501020506,2,38.1
202502010206,3,36.2
202501020507,3,28.6
202501020409,2,33.0
202502010207,1,48.8
202501020508,4,28.4
202501020410,3,29.5
202502010208,3,31.8
202501020509,3,29.7
202501020411,3,33.3
202502010209,2,32.0
202501020510,2,25.2
202501020412,2,40.8
202502010210,3,30.9
202501020511,2,47.5
202501020501,1,52.7
202502010211,3,27.7
202501020512,3,36.7
202501020502,2,35.7
202502010212,2,32.8
202501020601,1,45.7
202501020503,1,47.6
202502010301,3,31.5
202501020602,1,58.3
202501020504,3,30.7
202502010302,2,40.5
202501020505,1,44.6
202501020603,2,28.5
202502010303,2,29.5
202501020506,2,38.1
202501020604,3,31.6
202502010304,3,41.1
202501020507,3,28.6
202501020605,2,44.9
202502010305,2,38.6
202501020508,4,28.4
202501020606,1,47.2
202502010306,1,66.8
202501020509,3,29.7
202501020607,3,32.5
202502010307,3,34.5
202501020510,2,25.2
202501020608,3,30.7
202502010308,2,46.1
202501020511,2,47.5
202501020609,3,28.0
202502010309,1,51.6
202501020512,3,36.7
202501020610,3,30.3
202502010310,1,47.9
202501020601,1,45.7
202501020611,2,32.9
202502010311,3,31.3
202501020602,1,58.3
202501020612,2,35.2
202502010312,2,51.9
202501020603,2,28.5
202502010101,3,34.8
202502010401,3,34.0
202501020604,3,31.6
202502010102,2,38.7
202502010402,2,39.7
202501020605,2,44.9
202502010103,1,45.0
202502010403,2,52.2
202501020606,1,47.2
202502010104,2,38.4
202502010404,3,32.6
202501020607,3,32.5
202502010105,1,53.3
202502010405,2,33.2
202501020608,3,30.7
202502010106,2,33.4
202502010406,1,44.4
202501020609,3,28.0
202502010107,3,32.4
202502010407,2,36.5
202501020610,3,30.3
202502010108,2,39.9
202502010408,2,40.2
202501020611,2,32.9
202502010109,2,38.0
202502010409,2,35.8
202501020612,2,35.2
202502010110,3,30.5
202502010410,4,28.3
202502010101,3,34.8
202502010111,4,30.3
202502010411,3,29.1
202502010102,2,38.7
202502010112,2,38.5
202502010412,2,37.4
202502010103,1,45.0
202502010501,2,35.4
202502010201,3,30.4
202502010104,2,38.4
202502010502,1,53.7
202502010202,2,36.1
202502010105,1,53.3
202502010503,3,40.0
202502010203,2,45.5
202502010106,2,33.4
202502010504,2,38.0
202502010204,1,44.8
202502010107,3,32.4
202502010505,2,37.8
202502010205,1,72.8
202502010108,2,39.9
202502010506,2,55.0
202502010109,2,38.0
202502010206,3,36.2
202502010507,4,27.5
202502010207,1,48.8
202502010110,3,30.5
202502010508,2,38.4
202502010208,3,31.8
202502010111,4,30.3
202502010509,1,46.7
202502010112,2,38.5
202502010209,2,32.0
202502010510,4,25.8
202502010201,3,30.4
202502010210,3,30.9
202502010511,2,27.4
202502010211,3,27.7
202502010202,2,36.1
202502010512,2,32.5
202502010203,2,45.5
202502010212,2,32.8
202502010601,2,52.9
202502010204,1,44.8
202502010301,3,31.5
202502010602,2,48.5
202502010205,1,72.8
202502010302,2,40.5
202502010603,2,53.1
202502010206,3,36.2
202502010303,2,29.5
202502010604,1,65.0
202502010207,1,48.8
202502010304,3,41.1
202502010605,1,44.0
202502010305,2,38.6
202502010208,3,31.8
202502010606,3,31.0
202502010306,1,66.8
202502010209,2,32.0
202502010607,2,35.2
202502010307,3,34.5
202502010210,3,30.9
202502010608,2,44.4
202502010211,3,27.7
202502010308,2,46.1
202502010609,1,50.9
202502010212,2,32.8
202502010309,1,51.6
202502010610,2,37.9
202502010301,3,31.5
202502010310,1,47.9
202502010611,3,24.6
202502010302,2,40.5
202502010311,3,31.3
202502010612,3,29.4
202502010303,2,29.5
202502010312,2,51.9
202502010701,1,42.8
202502010304,3,41.1
202502010401,3,34.0
202502010702,2,41.0
202502010305,2,38.6
202502010402,2,39.7
202502010703,2,40.3
202502010306,1,66.8
202502010403,2,52.2
202502010704,1,64.9
202502010307,3,34.5
202502010404,3,32.6
202502010705,1,36.5
202502010308,2,46.1
202502010405,2,33.2
202502010706,2,47.2
202502010406,1,44.4
202502010309,1,51.6
202502010707,2,41.7
202502010407,2,36.5
202502010310,1,47.9
202502010708,1,48.0
202502010408,2,40.2
202502010311,3,31.3
202502010709,2,41.2
202502010409,2,35.8
202502010312,2,51.9
202502010710,3,28.2
202502010410,4,28.3
202502010401,3,34.0
202502010711,3,31.6
202502010411,3,29.1
202502010402,2,39.7
202502010412,2,37.4
202502010712,2,26.8
202502010403,2,52.2
202502010801,1,73.5
202502010501,2,35.4
202502010404,3,32.6
202502010502,1,53.7
202502010802,1,54.7
202502010405,2,33.2
202502010503,3,40.0
202502010803,2,38.1
202502010406,1,44.4
202502010504,2,38.0
202502010804,2,41.9
202502010407,2,36.5
202502010505,2,37.8
202502010805,1,97.9
202502010408,2,40.2
202502010506,2,55.0
202502010806,2,49.2
202502010409,2,35.8
202502010507,4,27.5
202502010807,1,49.9
202502010410,4,28.3
202502010508,2,38.4
202502010411,3,29.1
202502010808,2,39.3
202502010509,1,46.7
202502010412,2,37.4
202502010809,2,34.8
202502010501,2,35.4
202502010510,4,25.8
202502010810,2,45.8
202502010502,1,53.7
202502010511,2,27.4
202502010811,2,45.4
202502010512,2,32.5
202502010503,3,40.0
202502010812,1,51.5
202502010601,2,52.9
202502010504,2,38.0
202502010901,2,40.5
202502010602,2,48.5
202502010505,2,37.8
202502010902,1,52.2
202502010603,2,53.1
202502010506,2,55.0
202502010903,2,41.6
202502010604,1,65.0
202502010507,4,27.5
202502010904,2,37.0
202502010508,2,38.4
202502010605,1,44.0
202502010905,1,92.0
202502010606,3,31.0
202502010509,1,46.7
202502010906,3,26.0
202502010607,2,35.2
202502010510,4,25.8
202502010907,1,37.9
202502010608,2,44.4
202502010511,2,27.4
202502010908,2,43.7
202502010609,1,50.9
202502010512,2,32.5
202502010909,2,40.4
202502010610,2,37.9
202502010601,2,52.9
202502010910,2,31.0
202502010602,2,48.5
202502010611,3,24.6
202502010911,3,31.0
202502010603,2,53.1
202502010612,3,29.4
202502010912,2,42.3
202502010604,1,65.0
202502010701,1,42.8
202502011001,2,41.1
202502010605,1,44.0
202502010702,2,41.0
202502011002,3,38.1
202502010606,3,31.0
202502010703,2,40.3
202502011003,3,27.1
202502010607,2,35.2
202502010704,1,64.9
202502011004,2,41.9
202502010608,2,44.4
202502010705,1,36.5
202502011005,1,59.9
202502010609,1,50.9
202502011006,2,42.8
202502010706,2,47.2
202502010610,2,37.9
202502010707,2,41.7
202502011007,3,31.3
202502010611,3,24.6
202502010708,1,48.0
202502011008,2,49.3
202502010612,3,29.4
202502010709,2,41.2
202502011009,2,41.1
202502010701,1,42.8
202502010710,3,28.2
202502011010,2,38.4
202502010702,2,41.0
202502010711,3,31.6
202502011011,2,38.6
202502010703,2,40.3
202502010712,2,26.8
202502011012,1,40.6
202502010704,1,64.9
202502010801,1,73.5
202502011101,1,58.1
202502010705,1,36.5
202502010802,1,54.7
202502011102,2,40.8
202502010706,2,47.2
202502010803,2,38.1
202502011103,1,52.5
202502010707,2,41.7
202502010804,2,41.9
202502011104,3,29.8
202502010708,1,48.0
202502010805,1,97.9
202502011105,2,34.1
202502010709,2,41.2
202502010806,2,49.2
202502011106,2,36.1
202502010710,3,28.2
202502010807,1,49.9
202502011107,3,27.9
202502010711,3,31.6
202502010808,2,39.3
202502011108,1,51.4
202502010712,2,26.8
202502010809,2,34.8
202502011109,2,34.4
202502010801,1,73.5
202502010810,2,45.8
202502010802,1,54.7
202502011110,3,31.8
202502010811,2,45.4
202502011111,4,26.4
202502010803,2,38.1
202502010812,1,51.5
202502010804,2,41.9
202502011112,4,27.9
202502010901,2,40.5
202502010805,1,97.9
202502011201,3,31.6
202502010902,1,52.2
202502010806,2,49.2
202502011202,2,37.3
202502010903,2,41.6
202502010807,1,49.9
202502011203,2,28.9
202502010904,2,37.0
202502010808,2,39.3
202502011204,3,40.0
202502010905,1,92.0
202502010809,2,34.8
202502011205,1,54.2
202502010906,3,26.0
202502010810,2,45.8
202502011206,3,33.2
202502010907,1,37.9
202502010811,2,45.4
202502011207,2,50.0
202502010908,2,43.7
202502010812,1,51.5
202502011208,2,44.1
202502010909,2,40.4
202502010901,2,40.5
202502011209,3,32.9
202502010910,2,31.0
202502010902,1,52.2
202502011210,2,33.6
202502010911,3,31.0
202502010903,2,41.6
202502011211,2,47.4
202502010904,2,37.0
202502010912,2,42.3
202502011212,2,33.9
202502011001,2,41.1
202502010905,1,92.0
202503010101,3,36.4
202502011002,3,38.1
202502010906,3,26.0
202503010102,3,36.3
202502010907,1,37.9
202502011003,3,27.1
202503010103,3,35.1
202502010908,2,43.7
202502011004,2,41.9
202503010104,2,41.5
202502011005,1,59.9
202502010909,2,40.4
202503010105,4,29.7
202502011006,2,42.8
202502010910,2,31.0
202503010106,3,33.4
202502011007,3,31.3
202502010911,3,31.0
202503010107,3,31.1
202502011008,2,49.3
202502010912,2,42.3
202503010108,3,31.1
202502011009,2,41.1
202502011001,2,41.1
202503010109,3,30.0
202502011010,2,38.4
202502011002,3,38.1
202503010110,4,25.9
202502011011,2,38.6
202502011003,3,27.1
202503010111,2,29.0
202502011012,1,40.6
202502011004,2,41.9
202503010112,3,30.1
202502011101,1,58.1
202502011005,1,59.9
202503010201,2,32.4
202502011102,2,40.8
202502011006,2,42.8
202503010202,3,37.3
202502011103,1,52.5
202502011007,3,31.3
202503010203,3,29.7
202502011104,3,29.8
202502011008,2,49.3
202502011105,2,34.1
202503010204,2,40.9
202502011009,2,41.1
202503010205,2,35.7
202502011106,2,36.1
202502011010,2,38.4
202503010206,3,30.5
202502011107,3,27.9
202502011011,2,38.6
202502011108,1,51.4
202503010207,3,36.7
202502011012,1,40.6
202503010208,3,34.5
202502011109,2,34.4
202502011101,1,58.1
202502011110,3,31.8
202503010209,2,29.6
202502011102,2,40.8
202503010210,5,26.9
202502011111,4,26.4
202502011103,1,52.5
202503010211,3,29.5
202502011112,4,27.9
202502011104,3,29.8
202502011201,3,31.6
202503010212,3,36.6
202502011105,2,34.1
202502011202,2,37.3
202503010301,2,39.4
202502011106,2,36.1
202502011203,2,28.9
202503010302,3,37.1
202502011107,3,27.9
202502011204,3,40.0
202503010303,2,36.5
202502011108,1,51.4
202502011205,1,54.2
202503010304,2,36.6
202502011109,2,34.4
202503010305,2,33.3
202502011206,3,33.2
202502011110,3,31.8
202502011207,2,50.0
202503010306,2,31.7
202502011111,4,26.4
202502011208,2,44.1
202503010307,2,37.3
202502011112,4,27.9
202503010308,3,28.9
202502011209,3,32.9
202502011201,3,31.6
202502011210,2,33.6
202503010309,2,46.7
202502011202,2,37.3
202502011211,2,47.4
202503010310,3,30.6
202502011203,2,28.9
202502011212,2,33.9
202503010311,4,28.5
202502011204,3,40.0
202503010312,4,24.9
202503010101,3,36.4
202502011205,1,54.2
202503010401,2,41.9
202503010102,3,36.3
202502011206,3,33.2
202503010402,2,34.4
202503010103,3,35.1
202502011207,2,50.0
202503010403,3,33.1
202503010104,2,41.5
202502011208,2,44.1
202503010404,5,25.3
202503010105,4,29.7
202502011209,3,32.9
202503010106,3,33.4
202503010405,2,36.9
202502011210,2,33.6
202503010107,3,31.1
202503010406,4,29.2
202502011211,2,47.4
202503010108,3,31.1
202502011212,2,33.9
202503010407,5,24.7
202503010109,3,30.0
202503010101,3,36.4
202503010408,3,32.4
202503010110,4,25.9
202503010102,3,36.3
202503010409,2,36.3
202503010111,2,29.0
202503010103,3,35.1
202503010410,3,33.5
202503010411,3,25.2
202503010112,3,30.1
202503010104,2,41.5
202503010412,4,32.2
202503010201,2,32.4
202503010105,4,29.7
202503010501,2,37.0
202503010202,3,37.3
202503010106,3,33.4
202503010203,3,29.7
202503010502,2,45.0
202503010107,3,31.1
202503010204,2,40.9
202503010503,3,34.0
202503010108,3,31.1
202503010205,2,35.7
202503010504,2,46.4
202503010109,3,30.0
202503010206,3,30.5
202503010505,3,33.5
202503010110,4,25.9
202503010207,3,36.7
202503010506,2,42.6
202503010111,2,29.0
202503010208,3,34.5
202503010507,2,33.1
202503010112,3,30.1
202503010508,3,33.7
202503010209,2,29.6
202503010201,2,32.4
202503010509,4,29.0
202503010210,5,26.9
202503010202,3,37.3
202503010510,2,36.7
202503010211,3,29.5
202503010203,3,29.7
202503010511,3,31.6
202503010212,3,36.6
202503010204,2,40.9
202503010512,2,35.4
202503010301,2,39.4
202503010205,2,35.7
202503010601,3,31.6
202503010302,3,37.1
202503010206,3,30.5
202503010602,3,33.8
202503010303,2,36.5
202503010207,3,36.7
202503010603,2,35.4
202503010304,2,36.6
202503010208,3,34.5
202503010604,4,29.9
202503010305,2,33.3
202503010209,2,29.6
202503010605,2,38.4
202503010306,2,31.7
202503010210,5,26.9
202503010606,2,34.4
202503010307,2,37.3
202503010211,3,29.5
202503010607,3,34.4
202503010308,3,28.9
202503010212,3,36.6
202503010608,3,30.2
202503010309,2,46.7
202503010301,2,39.4
202503010609,2,34.4
202503010310,3,30.6
202503010302,3,37.1
202503010610,3,30.4
202503010311,4,28.5
202503010303,2,36.5
202503010611,3,28.1
202503010312,4,24.9
202503010304,2,36.6
202503010612,2,40.9
202503010401,2,41.9
202503010305,2,33.3
202503020101,1,54.5
202503010402,2,34.4
202503010306,2,31.7
202503020102,2,41.6
202503010403,3,33.1
202503010307,2,37.3
202503020103,3,38.6
202503010404,5,25.3
202503010308,3,28.9
202503020104,3,38.5
202503010405,2,36.9
202503010309,2,46.7
202503010406,4,29.2
202503020105,1,67.6
202503010310,3,30.6
202503010407,5,24.7
202503020106,1,48.8
202503010311,4,28.5
202503010408,3,32.4
202503020107,1,73.2
202503010312,4,24.9
202503020108,3,35.4
202503010409,2,36.3
202503010401,2,41.9
202503010410,3,33.5
202503020109,2,46.8
202503010402,2,34.4
202503010411,3,25.2
202503020110,3,40.7
202503010403,3,33.1
202503010412,4,32.2
202503020111,3,30.8
202503010404,5,25.3
202503010501,2,37.0
202503020112,3,31.3
202503010405,2,36.9
202503010502,2,45.0
202503020201,2,51.3
202503010406,4,29.2
202503010503,3,34.0
202503020202,3,37.6
202503010407,5,24.7
202503020203,2,43.0
202503010504,2,46.4
202503010408,3,32.4
202503020204,2,42.7
202503010505,3,33.5
202503010409,2,36.3
202503020205,2,42.5
202503010506,2,42.6
202503010410,3,33.5
202503010507,2,33.1
202503020206,1,94.8
202503010411,3,25.2
202503010508,3,33.7
202503010412,4,32.2
202503020207,3,34.2
202503010501,2,37.0
202503010509,4,29.0
202503020208,1,55.0
202503010510,2,36.7
202503010502,2,45.0
202503020209,2,50.3
202503010503,3,34.0
202503010511,3,31.6
202503020210,2,36.4
202503010512,2,35.4
202503010504,2,46.4
202503020211,4,24.7
202503010601,3,31.6
202503010505,3,33.5
202503020212,2,30.1
202503010602,3,33.8
202503010506,2,42.6
202503020301,0,
202503010603,2,35.4
202503010507,2,33.1
202503020302,3,35.3
202503010604,4,29.9
202503010508,3,33.7
202503020303,1,64.8
202503010605,2,38.4
202503010509,4,29.0
202503020304,1,71.9
202503010606,2,34.4
202503010510,2,36.7
202503020305,1,77.8
202503010607,3,34.4
202503010511,3,31.6
202503020306,3,35.5
202503010608,3,30.2
202503010512,2,35.4
202503020307,3,35.2
202503010609,2,34.4
202503010601,3,31.6
202503020308,2,38.1
202503010610,3,30.4
202503010602,3,33.8
202503020309,1,38.6
202503010611,3,28.1
202503010603,2,35.4
202503020310,3,36.1
202503010612,2,40.9
202503010604,4,29.9
202503020311,2,32.5
202503020101,1,54.5
202503010605,2,38.4
202503020312,2,41.5
202503010606,2,34.4
202503020102,2,41.6
202503020401,0,
202503010607,3,34.4
202503020103,3,38.6
202503020402,2,44.1
202503010608,3,30.2
202503020104,3,38.5
202503020403,3,34.0
202503010609,2,34.4
202503020105,1,67.6
202503020404,1,52.6
202503010610,3,30.4
202503020106,1,48.8
202503020405,1,44.1
202503010611,3,28.1
202503020107,1,73.2
202503020406,3,32.8
202503010612,2,40.9
202503020108,3,35.4
202503020407,2,39.1
202503020101,1,54.5
202503020109,2,46.8
202503020408,3,35.4
202503020102,2,41.6
202503020110,3,40.7
202503020409,3,35.1
202503020103,3,38.6
202503020111,3,30.8
202503020410,4,31.3
202503020104,3,38.5
202503020112,3,31.3
202503020411,2,29.7
202503020105,1,67.6
202503020201,2,51.3
202503020412,2,42.9
202503020106,1,48.8
202503020501,1,58.6
202503020202,3,37.6
202503020107,1,73.2
202503020203,2,43.0
202503020502,3,37.5
202503020108,3,35.4
202503020204,2,42.7
202503020503,3,37.4
202503020109,2,46.8
202503020205,2,42.5
202503020504,3,35.9
202503020110,3,40.7
202503020206,1,94.8
202503020505,2,35.3
202503020111,3,30.8
202503020207,3,34.2
202503020506,2,37.7
202503020112,3,31.3
202503020208,1,55.0
202503020507,3,38.0
202503020201,2,51.3
202503020209,2,50.3
202503020508,2,36.0
202503020202,3,37.6
202503020210,2,36.4
202503020509,2,36.7
202503020203,2,43.0
202503020211,4,24.7
202503020510,1,71.4
202503020204,2,42.7
202503020212,2,30.1
202503020511,3,32.9
202503020205,2,42.5
202503020301,0,
202503020512,3,35.8
202503020206,1,94.8
202503020302,3,35.3
202503020601,1,74.0
202503020207,3,34.2
202503020303,1,64.8
202503020208,1,55.0
202503020602,2,42.4
202503020304,1,71.9
202503020209,2,50.3
202503020603,2,34.0
202503020305,1,77.8
202503020604,4,28.2
202503020210,2,36.4
202503020211,4,24.7
202503020605,2,32.5
202503020306,3,35.5
202503020606,2,46.9
202503020212,2,30.1
202503020307,3,35.2
202503020607,3,32.7
202503020301,0,
202503020308,2,38.1
202503020608,2,34.3
202503020302,3,35.3
202503020309,1,38.6
202503020609,3,33.4
202503020303,1,64.8
202503020310,3,36.1
202503020610,4,30.0
202503020304,1,71.9
202503020311,2,32.5
202503020611,3,34.7
202503020305,1,77.8
202503020312,2,41.5
202503020612,1,64.8
202503020401,0,
202503020306,3,35.5
202503020307,3,35.2
202503020701,0,
202503020402,2,44.1
202503020702,3,36.2
202503020308,2,38.1
202503020403,3,34.0
202503020703,1,54.0
202503020309,1,38.6
202503020404,1,52.6
202503020310,3,36.1
202503020704,2,30.5
202503020405,1,44.1
202503020705,2,43.2
202503020311,2,32.5
202503020406,3,32.8
202503020706,3,31.4
202503020312,2,41.5
202503020407,2,39.1
202503020707,3,34.1
202503020401,0,
202503020408,3,35.4
202503020708,3,34.9
202503020402,2,44.1
202503020409,3,35.1
202503020709,1,49.7
202503020403,3,34.0
202503020410,4,31.3
202503020411,2,29.7
202503020710,3,30.7
202503020404,1,52.6
202503020412,2,42.9
202503020405,1,44.1
202503020711,2,39.0
202503020501,1,58.6
202503020406,3,32.8
202503020712,2,50.2
202503020502,3,37.5
202503020407,2,39.1
202503020801,0,
202503020503,3,37.4
202503020408,3,35.4
202503020802,2,37.7
202503020504,3,35.9
202503020803,1,98.0
202503020409,3,35.1
202503020505,2,35.3
202503020804,1,54.1
202503020410,4,31.3
202503020506,2,37.7
202503020805,1,45.9
202503020411,2,29.7
202503020507,3,38.0
202503020806,2,42.1
202503020412,2,42.9
202503020508,2,36.0
202503020807,2,43.1
202503020501,1,58.6
202503020509,2,36.7
202503020808,2,45.9
202503020502,3,37.5
202503020510,1,71.4
202503020503,3,37.4
202503020809,2,45.2
202503020511,3,32.9
202503020504,3,35.9
202503020810,2,51.7
202503020512,3,35.8
202503020505,2,35.3
202503020811,3,33.5
202503020601,1,74.0
202503020812,3,34.9
202503020506,2,37.7
202503020602,2,42.4
202503030101,2,37.2
202503020507,3,38.0
202503020603,2,34.0
202503030102,3,27.5
202503020508,2,36.0
202503020604,4,28.2
202503030103,2,39.6
202503020509,2,36.7
202503020605,2,32.5
202503030104,3,29.0
202503020510,1,71.4
202503020606,2,46.9
202503030105,2,35.0
202503020511,3,32.9
202503020607,3,32.7
202503030106,3,31.3
202503020512,3,35.8
202503020608,2,34.3
202503030107,4,24.5
202503020601,1,74.0
202503020609,3,33.4
202503030108,4,30.9
202503020602,2,42.4
202503020610,4,30.0
202503030109,5,25.5
202503020603,2,34.0
202503020611,3,34.7
202503030110,3,29.4
202503020604,4,28.2
202503020612,1,64.8
202503030111,3,30.7
202503020605,2,32.5
202503020701,0,
202503030112,2,31.1
202503020606,2,46.9
202503020702,3,36.2
202503030201,2,41.2
202503020607,3,32.7
202503020703,1,54.0
202503030202,3,34.3
202503020608,2,34.3
202503020704,2,30.5
202503030203,3,34.6
202503020609,3,33.4
202503020705,2,43.2
202503030204,0,
202503020610,4,30.0
202503020706,3,31.4
202503030205,0,
202503020611,3,34.7
202503020707,3,34.1
202503030206,1,39.2
202503020612,1,64.8
202503020708,3,34.9
202503030207,3,30.6
202503020701,0,
202503020709,1,49.7
202503030208,4,30.0
202503020702,3,36.2
202503020710,3,30.7
202503030209,4,27.3
202503020703,1,54.0
202503020711,2,39.0
202503030210,3,30.3
202503020704,2,30.5
202503020712,2,50.2
202503030211,3,26.3
202503020705,2,43.2
202503020801,0,
202503030212,5,30.6
202503020706,3,31.4
202503020802,2,37.7
202503030301,3,37.3
202503020707,3,34.1
202503020803,1,98.0
202503030302,3,28.0
202503020708,3,34.9
202503020804,1,54.1
202503030303,3,34.2
202503020805,1,45.9
202503020709,1,49.7
202503030304,3,31.3
202503020806,2,42.1
202503020710,3,30.7
202503030305,2,27.3
202503020807,2,43.1
202503020711,2,39.0
202503030306,2,32.5
202503020808,2,45.9
202503020712,2,50.2
202503030307,2,26.2
202503020809,2,45.2
202503020801,0,
202503030308,4,29.0
202503020810,2,51.7
202503020802,2,37.7
202503030309,3,33.1
202503020811,3,33.5
202503020803,1,98.0
202503030310,3,29.5
202503020812,3,34.9
202503020804,1,54.1
202503030311,3,31.5
202503030101,2,37.2
202503020805,1,45.9
202503030312,3,30.2
202503030102,3,27.5
202503020806,2,42.1
202503030401,2,37.5
202503030103,2,39.6
202503020807,2,43.1
202503030402,3,36.7
202503030104,3,29.0
202503020808,2,45.9
202503030403,2,33.9
202503030105,2,35.0
202503020809,2,45.2
202503030404,0,
202503030106,3,31.3
202503020810,2,51.7
202503030405,0,
202503030107,4,24.5
202503020811,3,33.5
202503030406,2,29.4
202503030108,4,30.9
202503020812,3,34.9
202503030407,3,27.3
202503030109,5,25.5
202503030101,2,37.2
202503030408,4,28.7
202503030110,3,29.4
202503030102,3,27.5
202503030409,3,28.9
202503030103,2,39.6
202503030111,3,30.7
202503030410,3,32.4
202503030112,2,31.1
202503030104,3,29.0
202503030201,2,41.2
202503030411,3,23.5
202503030105,2,35.0
202503030412,3,31.2
202503030202,3,34.3
202503030106,3,31.3
202503030203,3,34.6
202503030107,4,24.5
202503030501,2,35.7
202503030204,0,
202503030108,4,30.9
202503030502,3,31.8
202503030205,0,
202503030109,5,25.5
202503030503,2,43.1
202503030206,1,39.2
202503030110,3,29.4
202503030504,0,
202503030111,3,30.7
202503030207,3,30.6
202503030505,0,
202503030112,2,31.1
202503030208,4,30.0
202503030506,2,34.2
202503030201,2,41.2
202503030209,4,27.3
202503030507,3,25.7
202503030210,3,30.3
202503030202,3,34.3
202503030508,3,30.7
202503030211,3,26.3
202503030203,3,34.6
202503030509,3,31.2
202503030204,0,
202503030212,5,30.6
202503030510,5,30.2
202503030205,0,
202503030511,3,27.1
202503030301,3,37.3
202503030512,2,22.5
202503030206,1,39.2
202503030302,3,28.0
202503030601,2,38.8
202503030207,3,30.6
202503030303,3,34.2
202503030602,3,33.5
202503030208,4,30.0
202503030304,3,31.3
202503030603,3,31.5
202503030305,2,27.3
202503030209,4,27.3
202503030604,0,
202503030306,2,32.5
202503030210,3,30.3
202503030605,2,32.9
202503030307,2,26.2
202503030211,3,26.3
202503030606,3,31.8
202503030308,4,29.0
202503030212,5,30.6
202503030309,3,33.1
202503030607,3,30.8
202503030301,3,37.3
202503030310,3,29.5
202503030608,5,27.0
202503030302,3,28.0
202503030311,3,31.5
202503030609,4,22.6
202503030303,3,34.2
202503030312,3,30.2
202503030610,4,26.1
202503030304,3,31.3
202503030401,2,37.5
202503030611,3,28.8
202503030305,2,27.3
202503030612,3,29.9
202503030402,3,36.7
202503030306,2,32.5
202504010101,0,
202503030403,2,33.9
202503030307,2,26.2
202503030404,0,
202504010102,3,32.6
202503030308,4,29.0
202503030405,0,
202504010103,3,37.3
202503030309,3,33.1
202504010104,0,
202503030406,2,29.4
202503030310,3,29.5
202504010105,3,33.2
202503030407,3,27.3
202503030311,3,31.5
202504010106,3,33.0
202503030408,4,28.7
202503030312,3,30.2
202504010107,2,46.6
202503030401,2,37.5
202503030409,3,28.9
202504010108,2,36.3
202503030402,3,36.7
202503030410,3,32.4
202504010109,3,29.2
202503030403,2,33.9
202503030411,3,23.5
202504010110,1,37.6
202503030404,0,
202503030412,3,31.2
202504010111,2,26.1
202503030405,0,
202503030501,2,35.7
202504010112,2,34.5
202503030406,2,29.4
202503030502,3,31.8
202504010201,3,33.5
202503030407,3,27.3
202503030503,2,43.1
202504010202,2,36.9
202503030408,4,28.7
202503030504,0,
202504010203,3,38.5
202503030409,3,28.9
202503030505,0,
202504010204,0,
202503030410,3,32.4
202503030506,2,34.2
202504010205,2,38.8
202503030507,3,25.7
202503030411,3,23.5
202503030508,3,30.7
202504010206,2,41.4
202503030412,3,31.2
202503030501,2,35.7
202503030509,3,31.2
202504010207,2,41.1
202503030510,5,30.2
202503030502,3,31.8
202504010208,1,53.2
202503030511,3,27.1
202503030503,2,43.1
202504010209,3,24.8
202503030512,2,22.5
202504010210,3,31.4
202503030504,0,
202504010211,3,25.3
202503030601,2,38.8
202503030505,0,
202504010212,2,38.0
202503030602,3,33.5
202503030506,2,34.2
202504010301,0,
202503030603,3,31.5
202503030507,3,25.7
202504010302,2,43.7
202503030604,0,
202503030508,3,30.7
202504010303,2,43.9
202503030509,3,31.2
202503030605,2,32.9
202504010304,0,
202503030510,5,30.2
202503030606,3,31.8
202504010305,3,34.1
202503030511,3,27.1
202503030607,3,30.8
202504010306,3,31.8
202503030512,2,22.5
202503030608,5,27.0
202504010307,2,40.4
202503030601,2,38.8
202503030609,4,22.6
202504010308,2,42.7
202503030602,3,33.5
202503030610,4,26.1
202504010309,1,55.9
202503030603,3,31.5
202503030611,3,28.8
202503030604,0,
202504010310,2,35.3
202503030612,3,29.9
202503030605,2,32.9
202504010101,0,
202504010311,3,23.3
202503030606,3,31.8
202504010312,3,28.4
202504010102,3,32.6
202503030607,3,30.8
202504010401,2,38.9
202504010103,3,37.3
202503030608,5,27.0
202504010104,0,
202504010402,2,42.3
202503030609,4,22.6
202504010105,3,33.2
202504010403,2,39.2
202503030610,4,26.1
202504010106,3,33.0
202504010404,0,
202503030611,3,28.8
202504010405,2,31.3
202504010107,2,46.6
202503030612,3,29.9
202504010406,3,36.2
202504010108,2,36.3
202504010101,0,
202504010407,2,34.4
202504010109,3,29.2
202504010102,3,32.6
202504010408,2,37.4
202504010110,1,37.6
202504010103,3,37.3
202504010409,3,27.1
202504010111,2,26.1
202504010410,2,29.2
202504010104,0,
202504010112,2,34.5
202504010105,3,33.2
202504010411,3,29.5
202504010201,3,33.5
202504010412,3,33.8
202504010106,3,33.0
202504010202,2,36.9
202504010501,2,39.6
202504010107,2,46.6
202504010203,3,38.5
202504010502,3,39.1
202504010108,2,36.3
202504010204,0,
202504010503,3,38.6
202504010109,3,29.2
202504010205,2,38.8
202504010504,1,52.6
202504010110,1,37.6
202504010206,2,41.4
202504010505,3,31.0
202504010111,2,26.1
202504010207,2,41.1
202504010506,3,28.3
202504010112,2,34.5
202504010208,1,53.2
202504010507,2,39.7
202504010201,3,33.5
202504010209,3,24.8
202504010508,3,29.8
202504010202,2,36.9
202504010210,3,31.4
202504010509,1,60.6
202504010203,3,38.5
202504010211,3,25.3
202504010510,2,43.9
202504010204,0,
202504010212,2,38.0
202504010511,3,27.3
202504010205,2,38.8
202504010301,0,
202504010512,4,28.0
202504010206,2,41.4
202504010302,2,43.7
202504010601,3,34.5
202504010207,2,41.1
202504010303,2,43.9
202504010602,2,42.3
202504010208,1,53.2
202504010304,0,
202504010209,3,24.8
202504010603,2,49.3
202504010305,3,34.1
202504010604,0,
202504010210,3,31.4
202504010306,3,31.8
202504010211,3,25.3
202504010605,0,
202504010307,2,40.4
202504010606,2,38.0
202504010212,2,38.0
202504010308,2,42.7
202504010607,2,36.4
202504010301,0,
202504010309,1,55.9
202504010608,2,30.5
202504010302,2,43.7
202504010310,2,35.3
202504010303,2,43.9
202504010609,2,39.0
202504010311,3,23.3
202504010610,1,35.9
202504010304,0,
202504010312,3,28.4
202504010611,4,28.2
202504010305,3,34.1
202504010401,2,38.9
202504010612,4,33.2
202504010306,3,31.8
202504010402,2,42.3
202504010307,2,40.4
202504010701,0,
202504010403,2,39.2
202504010702,3,30.9
202504010308,2,42.7
202504010404,0,
202504010309,1,55.9
202504010703,3,34.6
202504010405,2,31.3
202504010310,2,35.3
202504010704,0,
202504010406,3,36.2
202504010311,3,23.3
202504010705,3,28.6
202504010407,2,34.4
202504010312,3,28.4
202504010706,2,38.4
202504010408,2,37.4
202504010401,2,38.9
202504010707,2,34.4
202504010409,3,27.1
202504010402,2,42.3
202504010708,2,36.2
202504010410,2,29.2
202504010403,2,39.2
202504010709,2,41.6
202504010411,3,29.5
202504010404,0,
202504010710,3,30.9
202504010412,3,33.8
202504010405,2,31.3
202504010711,5,26.0
202504010501,2,39.6
202504010406,3,36.2
202504010712,3,34.5
202504010502,3,39.1
202504010407,2,34.4
202504010801,2,36.6
202504010503,3,38.6
202504010408,2,37.4
202504010802,3,34.7
202504010504,1,52.6
202504010409,3,27.1
202504010803,2,39.7
202504010505,3,31.0
202504010410,2,29.2
202504010804,0,
202504010506,3,28.3
202504010411,3,29.5
202504010805,3,35.8
202504010507,2,39.7
202504010806,4,27.5
202504010412,3,33.8
202504010508,3,29.8
202504010807,3,29.5
202504010501,2,39.6
202504010509,1,60.6
202504010808,3,29.3
202504010502,3,39.1
202504010510,2,43.9
202504010809,2,27.7
202504010503,3,38.6
202504010511,3,27.3
202504010810,3,30.9
202504010504,1,52.6
202504010512,4,28.0
202504010811,3,23.3
202504010505,3,31.0
202504010601,3,34.5
202504010812,3,32.5
202504010506,3,28.3
202504010602,2,42.3
202504020101,1,75.4
202504010507,2,39.7
202504010603,2,49.3
202504020102,2,45.5
202504010508,3,29.8
202504010604,0,
202504020103,4,23.1
202504010509,1,60.6
202504010605,0,
202504020104,2,40.2
202504010510,2,43.9
202504010606,2,38.0
202504020105,3,36.8
202504010511,3,27.3
202504010607,2,36.4
202504020106,3,35.3
202504010512,4,28.0
202504010608,2,30.5
202504020107,1,53.4
202504010601,3,34.5
202504010609,2,39.0
202504020108,2,32.1
202504010602,2,42.3
202504010610,1,35.9
202504010603,2,49.3
202504020109,3,29.8
202504010611,4,28.2
202504020110,4,29.7
202504010604,0,
202504010612,4,33.2
202504020111,3,36.2
202504010605,0,
202504010701,0,
202504020112,4,33.5
202504010606,2,38.0
202504010702,3,30.9
202504020201,1,79.3
202504010607,2,36.4
202504010703,3,34.6
202504020202,1,129.2
202504010608,2,30.5
202504010704,0,
202504020203,1,69.1
202504010609,2,39.0
202504010705,3,28.6
202504020204,3,35.1
202504010610,1,35.9
202504010706,2,38.4
202504020205,3,34.9
202504010611,4,28.2
202504010707,2,34.4
202504020206,2,39.1
202504010612,4,33.2
202504010708,2,36.2
202504020207,5,20.1
202504010701,0,
202504010709,2,41.6
202504020208,2,36.6
202504010702,3,30.9
202504010710,3,30.9
202504020209,2,31.8
202504010703,3,34.6
202504010711,5,26.0
202504020210,2,38.9
202504010704,0,
202504010712,3,34.5
202504020211,4,28.7
202504010705,3,28.6
202504010801,2,36.6
202504020212,3,26.6
202504010706,2,38.4
202504010802,3,34.7
202504020301,0,
202504010707,2,34.4
202504010803,2,39.7
202504020302,2,43.4
202504010804,0,
202504010708,2,36.2
202504020303,1,53.3
202504010709,2,41.6
202504010805,3,35.8
202504020304,2,34.6
202504010806,4,27.5
202504010710,3,30.9
202504020305,2,38.8
202504010807,3,29.5
202504010711,5,26.0
202504020306,2,37.9
202504010808,3,29.3
202504010712,3,34.5
202504020307,3,35.6
202504010809,2,27.7
202504010801,2,36.6
202504020308,2,42.7
202504010810,3,30.9
202504010802,3,34.7
202504010811,3,23.3
202504020309,0,
202504010803,2,39.7
202504020310,2,43.8
202504010812,3,32.5
202504010804,0,
202504020311,4,33.1
202504020101,1,75.4
202504010805,3,35.8
202504020312,1,54.0
202504020102,2,45.5
202504010806,4,27.5
202504020401,0,
202504020103,4,23.1
202504010807,3,29.5
202504020402,2,41.6
202504020104,2,40.2
202504010808,3,29.3
202504020403,1,116.6
202504020105,3,36.8
202504010809,2,27.7
202504020404,1,50.8
202504020106,3,35.3
202504010810,3,30.9
202504020405,2,38.4
202504020107,1,53.4
202504010811,3,23.3
202504020406,1,119.8
202504020108,2,32.1
202504010812,3,32.5
202504020407,4,22.9
202504020109,3,29.8
202504020101,1,75.4
202504020408,2,39.4
202504020102,2,45.5
202504020110,4,29.7
202504020409,2,41.7
202504020103,4,23.1
202504020111,3,36.2
202504020410,2,33.3
202504020104,2,40.2
202504020112,4,33.5
202504020411,3,39.5
202504020105,3,36.8
202504020201,1,79.3
202504020412,2,41.6
202504020106,3,35.3
202504020202,1,129.2
202504020501,2,40.5
202504020107,1,53.4
202504020203,1,69.1
202504020502,1,64.1
202504020108,2,32.1
202504020204,3,35.1
202504020503,3,26.6
202504020109,3,29.8
202504020205,3,34.9
202504020504,2,42.5
202504020110,4,29.7
202504020206,2,39.1
202504020505,3,31.5
202504020111,3,36.2
202504020207,5,20.1
202504020506,5,23.6
202504020112,4,33.5
202504020208,2,36.6
202504020507,2,34.0
202504020201,1,79.3
202504020209,2,31.8
202504020508,1,40.8
202504020202,1,129.2
202504020210,2,38.9
202504020203,1,69.1
202504020509,3,28.9
202504020211,4,28.7
202504020204,3,35.1
202504020510,3,33.2
202504020212,3,26.6
202504020205,3,34.9
202504020511,3,30.9
202504020301,0,
202504020206,2,39.1
202504020512,4,24.8
202504020302,2,43.4
202504020207,5,20.1
202504020601,4,26.9
202504020303,1,53.3
202504020208,2,36.6
202504020602,1,50.3
202504020304,2,34.6
202504020209,2,31.8
202504020603,2,39.1
202504020305,2,38.8
202504020210,2,38.9
202504020604,3,37.6
202504020306,2,37.9
202504020211,4,28.7
202504020605,3,31.3
202504020307,3,35.6
202504020212,3,26.6
202504020606,3,32.3
202504020308,2,42.7
202504020301,0,
202504020607,2,28.8
202504020309,0,
202504020302,2,43.4
202504020608,4,27.3
202504020310,2,43.8
202504020303,1,53.3
202504020609,2,44.2
202504020311,4,33.1
202504020304,2,34.6
202504020610,2,41.6
202504020312,1,54.0
202504020305,2,38.8
202504020611,3,32.2
202504020401,0,
202504020306,2,37.9
202504020612,3,21.5
202504020402,2,41.6
202504020701,1,53.3
202504020307,3,35.6
202504020403,1,116.6
202504020308,2,42.7
202504020702,3,25.5
202504020404,1,50.8
202504020309,0,
202504020703,2,39.2
202504020405,2,38.4
202504020310,2,43.8
202504020704,2,38.2
202504020406,1,119.8
202504020311,4,33.1
202504020705,3,33.8
202504020407,4,22.9
202504020312,1,54.0
202504020706,3,36.8
202504020408,2,39.4
202504020707,3,35.5
202504020401,0,
202504020409,2,41.7
202504020708,3,36.7
202504020402,2,41.6
202504020410,2,33.3
202504020709,0,
202504020403,1,116.6
202504020411,3,39.5
202504020710,2,40.8
202504020412,2,41.6
202504020404,1,50.8
202504020711,4,28.4
202504020405,2,38.4
202504020501,2,40.5
202504020712,4,31.1
202504020406,1,119.8
202504020502,1,64.1
202504020801,0,
202504020407,4,22.9
202504020503,3,26.6
202504020802,2,38.5
202504020408,2,39.4
202504020504,2,42.5
202504020803,1,59.6
202504020409,2,41.7
202504020505,3,31.5
202504020804,1,38.1
202504020506,5,23.6
202504020410,2,33.3
202504020805,2,44.3
202504020507,2,34.0
202504020411,3,39.5
202504020806,2,32.8
202504020508,1,40.8
202504020412,2,41.6
202504020807,2,30.5
202504020509,3,28.9
202504020501,2,40.5
202504020808,1,64.9
202504020510,3,33.2
202504020502,1,64.1
202504020809,3,36.5
202504020511,3,30.9
202504020503,3,26.6
202504020810,2,41.6
202504020512,4,24.8
202504020504,2,42.5
202504020811,2,40.7
202504020601,4,26.9
202504020505,3,31.5
202504020812,3,31.0
202504020602,1,50.3
202504020506,5,23.6
202504030101,1,109.5
202504020603,2,39.1
202504020507,2,34.0
202504030102,2,36.9
202504020604,3,37.6
202504020508,1,40.8
202504030103,3,33.2
202504020605,3,31.3
202504020509,3,28.9
202504030104,3,35.5
202504020606,3,32.3
202504020510,3,33.2
202504030105,2,30.2
202504020607,2,28.8
202504020511,3,30.9
202504030106,2,35.7
202504020608,4,27.3
202504020512,4,24.8
202504030107,2,41.4
202504020609,2,44.2
202504020601,4,26.9
202504030108,3,30.2
202504020610,2,41.6
202504020602,1,50.3
202504030109,3,30.7
202504020603,2,39.1
202504020611,3,32.2
202504030110,3,27.4
202504020604,3,37.6
202504020612,3,21.5
202504030111,2,36.5
202504020605,3,31.3
202504020701,1,53.3
202504030112,2,48.1
202504020606,3,32.3
202504020702,3,25.5
202504030201,1,88.6
202504020703,2,39.2
202504020607,2,28.8
202504030202,2,48.7
202504020704,2,38.2
202504020608,4,27.3
202504030203,3,35.4
202504020705,3,33.8
202504020609,2,44.2
202504030204,2,41.6
202504020706,3,36.8
202504020610,2,41.6
202504030205,3,21.6
202504020707,3,35.5
202504020611,3,32.2
202504030206,2,29.9
202504020708,3,36.7
202504020612,3,21.5
202504030207,5,23.8
202504020709,0,
202504020701,1,53.3
202504030208,2,41.4
202504020710,2,40.8
202504020702,3,25.5
202504030209,4,22.2
202504020711,4,28.4
202504020703,2,39.2
202504030210,2,38.8
202504020712,4,31.1
202504020704,2,38.2
202504030211,1,53.5
202504020801,0,
202504020705,3,33.8
202504030212,2,32.3
202504020802,2,38.5
202504020706,3,36.8
202504030301,0,
202504020803,1,59.6
202504020707,3,35.5
202504030302,2,46.0
202504020804,1,38.1
202504020708,3,36.7
202504030303,1,45.2
202504020805,2,44.3
202504020709,0,
202504030304,3,32.2
202504020806,2,32.8
202504020710,2,40.8
202504030305,3,28.1
202504020807,2,30.5
202504020711,4,28.4
202504030306,4,27.4
202504020808,1,64.9
202504020712,4,31.1
202504030307,3,37.4
202504020809,3,36.5
202504020801,0,
202504020810,2,41.6
202504030308,1,56.3
202504020802,2,38.5
202504020811,2,40.7
202504030309,5,24.9
202504020803,1,59.6
202504020812,3,31.0
202504030310,2,39.3
202504020804,1,38.1
202504030101,1,109.5
202504030311,5,28.8
202504020805,2,44.3
202504030102,2,36.9
202504030312,3,35.6
202504020806,2,32.8
202504030103,3,33.2
202504030401,0,
202504020807,2,30.5
202504030104,3,35.5
202504030402,2,39.5
202504020808,1,64.9
202504030105,2,30.2
202504030403,3,30.6
202504020809,3,36.5
202504030106,2,35.7
202504030404,3,24.5
202504020810,2,41.6
202504030107,2,41.4
202504030405,1,55.2
202504020811,2,40.7
202504030108,3,30.2
202504030406,2,48.0
202504020812,3,31.0
202504030109,3,30.7
202504030407,2,43.1
202504030101,1,109.5
202504030110,3,27.4
202504030408,1,74.6
202504030102,2,36.9
202504030111,2,36.5
202504030409,2,43.2
202504030103,3,33.2
202504030112,2,48.1
202504030410,1,54.9
202504030104,3,35.5
202504030201,1,88.6
202504030411,4,26.8
202504030202,2,48.7
202504030105,2,30.2
202504030412,1,55.0
202504030203,3,35.4
202504030106,2,35.7
202504040101,2,41.6
202504030204,2,41.6
202504030107,2,41.4
202504040102,2,37.8
202504030205,3,21.6
202504030108,3,30.2
202504040103,2,27.5
202504030109,3,30.7
202504030206,2,29.9
202504040104,2,38.3
202504030207,5,23.8
202504030110,3,27.4
202504040105,2,37.4
202504040106,3,32.4
202504030111,2,36.5
202504030208,2,41.4
202504030112,2,48.1
202504040107,5,23.5
202504030209,4,22.2
202504030210,2,38.8
202504030201,1,88.6
202504040108,3,34.2
202504040109,2,34.0
202504030202,2,48.7
202504030211,1,53.5
202504040110,3,34.2
202504030203,3,35.4
202504030212,2,32.3
202504040111,5,18.3
202504030301,0,
202504030204,2,41.6
202504040112,4,28.3
202504030302,2,46.0
202504030205,3,21.6
202504040201,2,42.6
202504030303,1,45.2
202504030206,2,29.9
202504030207,5,23.8
202504040202,2,39.2
202504030304,3,32.2
202504030305,3,28.1
202504030208,2,41.4
202504040203,3,22.3
202504030209,4,22.2
202504030306,4,27.4
202504040204,2,44.1
202504030307,3,37.4
202504030210,2,38.8
202504040205,2,25.7
202504030308,1,56.3
202504030211,1,53.5
202504040206,2,35.1
202504030309,5,24.9
202504030212,2,32.3
202504040207,4,24.4
202504030310,2,39.3
202504040208,3,30.9
202504030301,0,
202504040209,2,27.6
202504030302,2,46.0
202504030311,5,28.8
202504040210,5,21.3
202504030303,1,45.2
202504030312,3,35.6
202504040211,2,28.5
202504030304,3,32.2
202504030401,0,
202504040212,2,40.8
202504030305,3,28.1
202504030402,2,39.5
202504040301,2,41.8
202504030306,4,27.4
202504030403,3,30.6
202504040302,2,32.1
202504030307,3,37.4
202504030404,3,24.5
202504040303,2,38.9
202504030308,1,56.3
202504030405,1,55.2
202504040304,2,38.2
202504030309,5,24.9
202504030406,2,48.0
202504030310,2,39.3
202504040305,3,29.7
202504030407,2,43.1
202504040306,2,30.5
202504030311,5,28.8
202504030408,1,74.6
202504030312,3,35.6
202504040307,3,30.1
202504030409,2,43.2
202504030401,0,
202504040308,3,30.9
202504030410,1,54.9
202504030402,2,39.5
202504040309,3,28.9
202504030411,4,26.8
202504030403,3,30.6
202504040310,2,34.0
202504030412,1,55.0
202504030404,3,24.5
202504040311,3,21.2
202504040101,2,41.6
202504030405,1,55.2
202504040312,3,25.2
202504040102,2,37.8
202504030406,2,48.0
202504040401,3,29.4
202504040103,2,27.5
202504030407,2,43.1
202504040402,1,40.5
202504040104,2,38.3
202504030408,1,74.6
202504040403,1,58.8
202504030409,2,43.2
202504040105,2,37.4
202504040404,3,24.2
202504030410,1,54.9
202504040106,3,32.4
202504040405,2,25.3
202504030411,4,26.8
202504040107,5,23.5
202504040406,2,44.2
202504030412,1,55.0
202504040108,3,34.2
202504040407,5,22.6
202504040101,2,41.6
202504040109,2,34.0
202504040408,2,41.5
202504040110,3,34.2
202504040102,2,37.8
202504040409,3,25.4
202504040111,5,18.3
202504040103,2,27.5
202504040410,3,31.3
202504040112,4,28.3
202504040104,2,38.3
202504040411,5,24.9
202504040105,2,37.4
202504040201,2,42.6
202504040412,2,39.5
202504040202,2,39.2
202504040106,3,32.4
202505010101,2,39.7
202504040203,3,22.3
202504040107,5,23.5
202505010102,2,32.4
202504040204,2,44.1
202504040108,3,34.2
202505010103,2,38.0
202504040109,2,34.0
202504040205,2,25.7
202505010104,3,36.1
202504040110,3,34.2
202504040206,2,35.1
202505010105,2,37.4
202504040111,5,18.3
202504040207,4,24.4
202505010106,2,42.6
202504040208,3,30.9
202504040112,4,28.3
202505010107,4,29.3
202504040209,2,27.6
202504040201,2,42.6
202505010108,3,28.6
202504040210,5,21.3
202504040202,2,39.2
202505010109,3,29.8
202504040211,2,28.5
202504040203,3,22.3
202505010110,1,63.3
202504040204,2,44.1
202504040212,2,40.8
202505010111,2,36.9
202504040205,2,25.7
202504040301,2,41.8
202505010112,3,35.8
202504040206,2,35.1
202504040302,2,32.1
202505010201,3,40.2
202504040207,4,24.4
202504040303,2,38.9
202505010202,2,27.5
202504040208,3,30.9
202504040304,2,38.2
202505010203,2,37.7
202504040209,2,27.6
202504040305,3,29.7
202505010204,2,36.2
202504040210,5,21.3
202504040306,2,30.5
202505010205,2,38.6
202504040211,2,28.5
202504040307,3,30.1
202505010206,3,32.3
202504040212,2,40.8
202504040308,3,30.9
202505010207,3,36.0
202504040301,2,41.8
202504040309,3,28.9
202505010208,3,31.5
202504040302,2,32.1
202504040310,2,34.0
202505010209,2,39.2
202504040311,3,21.2
202504040303,2,38.9
202505010210,2,34.9
202504040304,2,38.2
202504040312,3,25.2
202505010211,3,27.3
202504040305,3,29.7
202504040401,3,29.4
202505010212,2,42.7
202504040306,2,30.5
202504040402,1,40.5
202505010301,2,44.4
202504040307,3,30.1
202504040403,1,58.8
202505010302,2,39.5
202504040308,3,30.9
202504040404,3,24.2
202505010303,3,40.9
202504040309,3,28.9
202504040405,2,25.3
202505010304,3,37.1
202504040310,2,34.0
202504040406,2,44.2
202505010305,2,37.8
202504040311,3,21.2
202504040407,5,22.6
202505010306,3,34.3
202504040312,3,25.2
202504040408,2,41.5
202505010307,3,29.5
202504040401,3,29.4
202504040409,3,25.4
202505010308,3,36.4
202504040402,1,40.5
202504040410,3,31.3
202505010309,4,31.8
202504040403,1,58.8
202505010310,2,39.7
202504040411,5,24.9
202504040404,3,24.2
202504040412,2,39.5
202505010311,3,33.4
202505010312,3,33.1
202505010101,2,39.7
202504040405,2,25.3
202505010401,2,40.7
202504040406,2,44.2
202505010102,2,32.4
202505010402,3,33.8
202505010103,2,38.0
202504040407,5,22.6
202504040408,2,41.5
202505010104,3,36.1
202505010403,3,38.4
202505010105,2,37.4
202504040409,3,25.4
202505010404,2,35.7
202505010106,2,42.6
202504040410,3,31.3
202505010405,2,32.4
202504040411,5,24.9
202505010107,4,29.3
202505010406,2,41.8
202505010108,3,28.6
202504040412,2,39.5
202505010407,2,43.2
202505010101,2,39.7
202505010109,3,29.8
202505010408,3,30.1
202505010110,1,63.3
202505010102,2,32.4
202505010409,2,26.2
202505010111,2,36.9
202505010103,2,38.0
202505010410,3,26.2
202505010112,3,35.8
202505010104,3,36.1
202505010411,5,22.9
202505010201,3,40.2
202505010105,2,37.4
202505010412,3,28.0
202505010202,2,27.5
202505010106,2,42.6
202505010501,3,34.4
202505010203,2,37.7
202505010107,4,29.3
202505010502,2,47.5
202505010204,2,36.2
202505010108,3,28.6
202505010503,3,33.0
202505010205,2,38.6
202505010109,3,29.8
202505010504,3,27.5
202505010206,3,32.3
202505010110,1,63.3
202505010505,2,34.6
202505010111,2,36.9
202505010207,3,36.0
202505010506,3,33.8
202505010112,3,35.8
202505010208,3,31.5
202505010507,2,33.4
202505010201,3,40.2
202505010209,2,39.2
202505010508,3,30.8
202505010202,2,27.5
202505010210,2,34.9
202505010509,2,35.4
202505010203,2,37.7
202505010211,3,27.3
202505010510,3,33.9
202505010204,2,36.2
202505010212,2,42.7
202505010511,2,29.8
202505010205,2,38.6
202505010301,2,44.4
202505010512,3,27.4
202505010206,3,32.3
202505010302,2,39.5
202505010601,3,36.6
202505010207,3,36.0
202505010303,3,40.9
202505010602,3,31.2
202505010208,3,31.5
202505010304,3,37.1
202505010603,2,35.2
202505010209,2,39.2
202505010305,2,37.8
202505010604,2,47.9
202505010210,2,34.9
202505010306,3,34.3
202505010605,3,38.9
202505010211,3,27.3
202505010307,3,29.5
202505010606,4,27.8
202505010212,2,42.7
202505010308,3,36.4
202505010607,4,30.0
202505010301,2,44.4
202505010309,4,31.8
202505010608,3,31.9
202505010302,2,39.5
202505010310,2,39.7
202505010609,3,30.6
202505010303,3,40.9
202505010311,3,33.4
202505010610,3,31.5
202505010304,3,37.1
202505010312,3,33.1
202505010611,1,51.9
202505010305,2,37.8
202505010401,2,40.7
202505010612,4,33.1
202505010306,3,34.3
202505010701,3,36.5
202505010402,3,33.8
202505010307,3,29.5
202505010702,2,34.0
202505010403,3,38.4
202505010308,3,36.4
202505010703,3,36.7
202505010404,2,35.7
202505010309,4,31.8
202505010405,2,32.4
202505010704,2,32.5
202505010310,2,39.7
202505010705,4,33.4
202505010406,2,41.8
202505010311,3,33.4
202505010706,2,42.3
202505010407,2,43.2
202505010312,3,33.1
202505010707,5,28.6
202505010408,3,30.1
202505010401,2,40.7
202505010409,2,26.2
202505010708,2,42.5
202505010402,3,33.8
202505010410,3,26.2
202505010709,1,60.6
202505010403,3,38.4
202505010411,5,22.9
202505010710,2,43.7
202505010404,2,35.7
202505010412,3,28.0
202505010711,5,29.3
202505010405,2,32.4
202505010501,3,34.4
202505010712,3,33.7
202505010406,2,41.8
202505010502,2,47.5
202505010801,3,32.6
202505010407,2,43.2
202505010503,3,33.0
202505010802,2,42.1
202505010408,3,30.1
202505010504,3,27.5
202505010803,2,40.3
202505010409,2,26.2
202505010505,2,34.6
202505010804,2,35.9
202505010410,3,26.2
202505010506,3,33.8
202505010805,2,46.3
202505010411,5,22.9
202505010507,2,33.4
202505010806,5,26.4
202505010412,3,28.0
202505010508,3,30.8
202505010807,3,25.4
202505010501,3,34.4
202505010509,2,35.4
202505010808,2,37.1
202505010502,2,47.5
202505010510,3,33.9
202505010809,2,36.8
202505010503,3,33.0
202505010511,2,29.8
202505010810,2,42.1
202505010504,3,27.5
202505010512,3,27.4
202505010811,3,32.3
202505010505,2,34.6
202505010601,3,36.6
202505010812,2,37.0
202505010506,3,33.8
202505010602,3,31.2
202505020101,3,24.5
202505010507,2,33.4
202505010603,2,35.2
202505020102,2,38.6
202505010508,3,30.8
202505010604,2,47.9
202505020103,3,37.3
202505010509,2,35.4
202505010605,3,38.9
202505020104,3,36.1
202505010510,3,33.9
202505010606,4,27.8
202505020105,3,34.8
202505010511,2,29.8
202505010607,4,30.0
202505020106,4,32.2
202505010512,3,27.4
202505010608,3,31.9
202505020107,2,35.8
202505010601,3,36.6
202505010609,3,30.6
202505020108,2,43.5
202505010602,3,31.2
202505010610,3,31.5
202505020109,1,60.9
202505010603,2,35.2
202505010611,1,51.9
202505020110,3,32.6
202505010604,2,47.9
202505010612,4,33.1
202505020111,3,32.1
202505010605,3,38.9
202505010701,3,36.5
202505020112,5,30.7
202505010606,4,27.8
202505010702,2,34.0
202505020201,3,31.2
202505010607,4,30.0
202505010703,3,36.7
202505020202,2,37.3
202505010608,3,31.9
202505010704,2,32.5
202505020203,3,35.8
202505010609,3,30.6
202505010705,4,33.4
202505010610,3,31.5
202505020204,2,46.5
202505010706,2,42.3
202505020205,2,47.2
202505010611,1,51.9
202505010707,5,28.6
202505010612,4,33.1
202505020206,1,60.0
202505010708,2,42.5
202505010701,3,36.5
202505020207,2,32.2
202505010709,1,60.6
202505010702,2,34.0
202505010710,2,43.7
202505020208,3,32.4
202505010711,5,29.3
202505020209,3,30.9
202505010703,3,36.7
202505010712,3,33.7
202505020210,2,37.2
202505010704,2,32.5
202505010801,3,32.6
202505020211,3,27.0
202505010705,4,33.4
202505010802,2,42.1
202505010706,2,42.3
202505020212,3,33.8
202505010803,2,40.3
202505010707,5,28.6
202505020301,2,42.6
202505010804,2,35.9
202505010708,2,42.5
202505020302,3,35.8
202505010805,2,46.3
202505010709,1,60.6
202505020303,2,45.0
202505010806,5,26.4
202505010710,2,43.7
202505020304,2,42.0
202505010711,5,29.3
202505010807,3,25.4
202505020305,1,57.2
202505010808,2,37.1
202505010712,3,33.7
202505020306,1,87.9
202505010809,2,36.8
202505010801,3,32.6
202505020307,3,34.2
202505010810,2,42.1
202505010802,2,42.1
202505020308,1,56.6
202505010811,3,32.3
202505020309,3,25.3
202505010803,2,40.3
202505010812,2,37.0
202505010804,2,35.9
202505020310,2,41.6
202505020101,3,24.5
202505020311,2,36.0
202505010805,2,46.3
202505020102,2,38.6
202505020312,3,35.7
202505010806,5,26.4
202505020103,3,37.3
202505020401,2,48.4
202505010807,3,25.4
202505020104,3,36.1
202505010808,2,37.1
202505020402,3,34.8
202505020105,3,34.8
202505020403,3,37.2
202505010809,2,36.8
202505020106,4,32.2
202505020404,3,31.4
202505010810,2,42.1
202505020107,2,35.8
202505020405,3,35.2
202505010811,3,32.3
202505020108,2,43.5
202505020406,5,23.3
202505010812,2,37.0
202505020109,1,60.9
202505020407,1,45.0
202505020101,3,24.5
202505020110,3,32.6
202505020408,1,67.2
202505020102,2,38.6
202505020111,3,32.1
202505020409,2,43.4
202505020103,3,37.3
202505020112,5,30.7
202505020104,3,36.1
202505020410,4,28.8
202505020201,3,31.2
202505020105,3,34.8
202505020411,3,28.2
202505020202,2,37.3
202505020106,4,32.2
202505020412,3,30.7
202505020203,3,35.8
202505020107,2,35.8
202505020501,2,44.1
202505020204,2,46.5
202505020502,2,40.9
202505020108,2,43.5
202505020205,2,47.2
202505020503,2,46.0
202505020109,1,60.9
202505020206,1,60.0
202505020504,1,60.1
202505020110,3,32.6
202505020207,2,32.2
202505020505,2,43.0
202505020111,3,32.1
202505020208,3,32.4
202505020506,1,58.9
202505020112,5,30.7
202505020209,3,30.9
202505020507,4,31.1
202505020201,3,31.2
202505020210,2,37.2
202505020508,2,43.6
202505020202,2,37.3
202505020211,3,27.0
202505020509,3,33.9
202505020203,3,35.8
202505020212,3,33.8
202505020510,2,41.1
202505020204,2,46.5
202505020301,2,42.6
202505020511,5,20.5
202505020205,2,47.2
202505020302,3,35.8
202505020512,5,22.9
202505020206,1,60.0
202505020303,2,45.0
202505020601,3,34.7
202505020207,2,32.2
202505020304,2,42.0
202505020602,3,35.7
202505020208,3,32.4
202505020305,1,57.2
202505020209,3,30.9
202505020603,2,44.2
202505020306,1,87.9
202505020210,2,37.2
202505020604,3,33.3
202505020307,3,34.2
202505020605,2,26.4
202505020211,3,27.0
202505020308,1,56.6
202505020606,2,51.8
202505020212,3,33.8
202505020309,3,25.3
202505020607,1,133.0
202505020301,2,42.6
202505020310,2,41.6
202505020608,2,43.7
202505020302,3,35.8
202505020311,2,36.0
202505020303,2,45.0
202505020609,3,31.6
202505020312,3,35.7
202505020304,2,42.0
202505020610,1,36.7
202505020401,2,48.4
202505020305,1,57.2
202505020611,5,22.0
202505020402,3,34.8
202505020306,1,87.9
202505020612,3,30.8
202505020403,3,37.2
202505020307,3,34.2
202505020701,3,38.3
202505020404,3,31.4
202505020308,1,56.6
202505020702,4,33.6
202505020405,3,35.2
202505020703,5,30.4
202505020309,3,25.3
202505020406,5,23.3
202505020310,2,41.6
202505020704,2,47.0
202505020407,1,45.0
202505020705,3,36.4
202505020311,2,36.0
202505020408,1,67.2
202505020706,1,42.2
202505020312,3,35.7
202505020409,2,43.4
202505020707,2,26.5
202505020401,2,48.4
202505020410,4,28.8
202505020708,2,42.5
202505020402,3,34.8
202505020411,3,28.2
202505020709,1,49.5
202505020403,3,37.2
202505020412,3,30.7
202505020710,2,40.2
202505020404,3,31.4
202505020501,2,44.1
202505020711,2,38.4
202505020405,3,35.2
202505020502,2,40.9
202505020406,5,23.3
202505020712,2,38.5
202505020503,2,46.0
202505020407,1,45.0
202505020801,3,38.0
202505020504,1,60.1
202505020802,3,34.2
202505020408,1,67.2
202505020505,2,43.0
202505020803,2,46.4
202505020409,2,43.4
202505020506,1,58.9
202505020804,2,40.8
202505020410,4,28.8
202505020507,4,31.1
202505020411,3,28.2
202505020805,2,37.5
202505020508,2,43.6
202505020412,3,30.7
202505020806,3,34.6
202505020509,3,33.9
202505020501,2,44.1
202505020807,1,60.2
202505020510,2,41.1
202505020502,2,40.9
202505020808,1,67.4
202505020511,5,20.5
202505020503,2,46.0
202505020809,1,54.8
202505020512,5,22.9
202505020504,1,60.1
202505020810,3,33.8
202505020601,3,34.7
202505020505,2,43.0
202505020811,5,21.0
202505020602,3,35.7
202505020506,1,58.9
202505020812,3,34.0
202505020603,2,44.2
202505020507,4,31.1
202505020901,2,44.0
202505020604,3,33.3
202505020508,2,43.6
202505020605,2,26.4
202505020902,3,37.8
202505020509,3,33.9
202505020606,2,51.8
202505020903,2,43.8
202505020510,2,41.1
202505020607,1,133.0
202505020904,3,34.1
202505020511,5,20.5
202505020608,2,43.7
202505020905,3,31.5
202505020512,5,22.9
202505020609,3,31.6
202505020906,3,33.1
202505020601,3,34.7
202505020610,1,36.7
202505020907,4,28.4
202505020602,3,35.7
202505020611,5,22.0
202505020908,3,36.1
202505020603,2,44.2
202505020612,3,30.8
202505020909,1,53.3
202505020604,3,33.3
202505020701,3,38.3
202505020910,2,45.0
202505020605,2,26.4
202505020702,4,33.6
202505020911,3,39.7
202505020606,2,51.8
202505020703,5,30.4
202505020912,3,28.5
202505020607,1,133.0
202505020704,2,47.0
202505021001,3,38.8
202505020608,2,43.7
202505020705,3,36.4
202505021002,2,44.1
202505020609,3,31.6
202505020706,1,42.2
202505021003,2,47.2
202505020610,1,36.7
202505020707,2,26.5
202505021004,4,30.0
202505020611,5,22.0
202505020708,2,42.5
202505021005,4,32.2
202505020612,3,30.8
202505020709,1,49.5
202505021006,1,47.1
202505020701,3,38.3
202505020710,2,40.2
202505021007,1,53.0
202505020702,4,33.6
202505020711,2,38.4
202505021008,3,24.1
202505020703,5,30.4
202505020712,2,38.5
202505021009,2,44.3
202505020704,2,47.0
202505020801,3,38.0
202505021010,1,48.9
202505020705,3,36.4
202505020802,3,34.2
202505021011,5,25.0
202505020706,1,42.2
202505020803,2,46.4
202505021012,4,26.4
202505020707,2,26.5
202505020804,2,40.8
202505021101,3,37.0
202505020708,2,42.5
202505020805,2,37.5
202505021102,4,31.9
202505020709,1,49.5
202505020806,3,34.6
202505021103,3,38.2
202505020710,2,40.2
202505020807,1,60.2
202505021104,0,
202505020711,2,38.4
202505020808,1,67.4
202505021105,2,41.2
202505020712,2,38.5
202505020809,1,54.8
202505021106,2,51.0
202505020801,3,38.0
202505020810,3,33.8
202505021107,2,44.9
202505020802,3,34.2
202505020811,5,21.0
202505021108,3,35.9
202505020803,2,46.4
202505020812,3,34.0
202505021110,3,28.1
202505020804,2,40.8
202505020901,2,44.0
202505021111,3,30.0
202505020805,2,37.5
202505020902,3,37.8
202505021112,3,32.0
202505020806,3,34.6
202505020903,2,43.8
202505021201,3,39.9
202505020807,1,60.2
202505020904,3,34.1
202505021202,3,37.2
202505020808,1,67.4
202505020905,3,31.5
202505021203,2,44.4
202505020809,1,54.8
202505020906,3,33.1
202505021204,2,43.1
202505020810,3,33.8
202505020907,4,28.4
202505021205,3,34.5
202505020811,5,21.0
202505021206,3,36.2
202505020812,3,34.0
202505020908,3,36.1
202505020909,1,53.3
202505020901,2,44.0
202505021207,3,36.8
202505020910,2,45.0
202505020902,3,37.8
202505021208,4,31.6
202505020903,2,43.8
202505021209,4,27.1
202505020911,3,39.7
202505020904,3,34.1
202505021210,4,27.0
202505020912,3,28.5
202505020905,3,31.5
202505021001,3,38.8
202505021211,5,20.7
202505020906,3,33.1
202505021002,2,44.1
202505021212,5,25.7
202505020907,4,28.4
202505021003,2,47.2
202505030101,0,
202505020908,3,36.1
202505021004,4,30.0
202505030102,2,45.1
202505020909,1,53.3
202505030103,3,33.7
202505021005,4,32.2
202505020910,2,45.0
202505021006,1,47.1
202505030104,2,39.8
202505020911,3,39.7
202505030105,1,52.6
202505021007,1,53.0
202505020912,3,28.5
202505021008,3,24.1
202505030106,3,38.8
202505021001,3,38.8
202505021009,2,44.3
202505030107,4,33.5
202505021002,2,44.1
202505021010,1,48.9
202505030108,3,38.7
202505021011,5,25.0
202505021003,2,47.2
202505030109,2,48.3
202505021012,4,26.4
202505030110,2,33.8
202505021004,4,30.0
202505021101,3,37.0
202505021005,4,32.2
202505030111,3,26.8
202505021102,4,31.9
202505021006,1,47.1
202505030112,4,30.8
202505021103,3,38.2
202505030201,2,40.7
202505021007,1,53.0
202505021104,0,
202505030202,2,36.7
202505021008,3,24.1
202505021105,2,41.2
202505021009,2,44.3
202505030203,4,32.4
202505021106,2,51.0
202505021010,1,48.9
202505030204,2,37.3
202505021107,2,44.9
202505021011,5,25.0
202505030205,1,50.9
202505021108,3,35.9
202505021012,4,26.4
202505030206,2,38.8
202505021110,3,28.1
202505021101,3,37.0
202505030207,3,34.5
202505021111,3,30.0
202505021102,4,31.9
202505030208,4,32.9
202505021103,3,38.2
202505021112,3,32.0
202505030209,2,44.7
202505021104,0,
202505021201,3,39.9
202505030210,3,33.2
202505021105,2,41.2
202505021202,3,37.2
202505030211,4,26.8
202505021106,2,51.0
202505021203,2,44.4
202505030212,3,36.9
202505021107,2,44.9
202505021204,2,43.1
202505030301,2,37.3
202505021108,3,35.9
202505021205,3,34.5
202505030302,1,55.1
202505021110,3,28.1
202505021206,3,36.2
202505030303,3,34.7
202505021111,3,30.0
202505021207,3,36.8
202505030304,0,
202505021112,3,32.0
202505021208,4,31.6
202505030305,1,45.2
202505021201,3,39.9
202505021209,4,27.1
202505030306,1,49.4
202505021202,3,37.2
202505021210,4,27.0
202505030307,3,33.3
202505021203,2,44.4
202505021211,5,20.7
202505030308,5,24.6
202505021204,2,43.1
202505021212,5,25.7
202505030309,3,34.0
202505021205,3,34.5
202505030101,0,
202505030310,3,25.0
202505021206,3,36.2
202505030102,2,45.1
202505030311,3,35.6
202505021207,3,36.8
202505030103,3,33.7
202505030312,3,36.3
202505021208,4,31.6
202505030104,2,39.8
202505030401,3,35.7
202505021209,4,27.1
202505030105,1,52.6
202505030402,3,36.8
202505021210,4,27.0
202505030106,3,38.8
202505030403,3,35.3
202505021211,5,20.7
202505030107,4,33.5
202505030404,4,28.6
202505021212,5,25.7
202505030108,3,38.7
202505030405,1,48.9
202505030101,0,
202505030109,2,48.3
202505030406,2,31.0
202505030102,2,45.1
202505030110,2,33.8
202505030407,3,30.2
202505030103,3,33.7
202505030111,3,26.8
202505030408,4,28.7
202505030104,2,39.8
202505030112,4,30.8
202505030409,1,45.1
202505030105,1,52.6
202505030201,2,40.7
202505030410,3,34.4
202505030106,3,38.8
202505030202,2,36.7
202505030411,2,29.2
202505030107,4,33.5
202505030203,4,32.4
202505030412,4,31.1
202505030108,3,38.7
202505030204,2,37.3
202505030501,2,38.9
202505030109,2,48.3
202505030205,1,50.9
202505030502,3,32.4
202505030110,2,33.8
202505030206,2,38.8
202505030503,2,44.4
202505030111,3,26.8
202505030207,3,34.5
202505030112,4,30.8
202505030504,3,32.9
202505030208,4,32.9
202505030201,2,40.7
202505030505,1,51.1
202505030209,2,44.7
202505030202,2,36.7
202505030506,2,41.9
202505030210,3,33.2
202505030203,4,32.4
202505030507,2,40.1
202505030211,4,26.8
202505030204,2,37.3
202505030508,3,34.2
202505030212,3,36.9
202505030205,1,50.9
202505030509,2,52.5
202505030301,2,37.3
202505030206,2,38.8
202505030510,2,30.7
202505030302,1,55.1
202505030207,3,34.5
202505030511,2,41.8
202505030303,3,34.7
202505030208,4,32.9
202505030512,3,39.6
202505030304,0,
202505030209,2,44.7
202505030601,0,
202505030305,1,45.2
202505030210,3,33.2
202505030602,2,36.7
202505030306,1,49.4
202505030211,4,26.8
202505030603,2,34.1
202505030307,3,33.3
202505030212,3,36.9
202505030604,2,42.7
202505030308,5,24.6
202505030301,2,37.3
202505030605,2,39.4
202505030309,3,34.0
202505030302,1,55.1
202505030606,3,29.3
202505030310,3,25.0
202505030303,3,34.7
202505030607,3,33.6
202505030311,3,35.6
202505030304,0,
202505030312,3,36.3
202505030608,3,32.8
202505030305,1,45.2
202505030401,3,35.7
202505030609,3,34.2
202505030306,1,49.4
202505030402,3,36.8
202505030610,4,29.3
202505030307,3,33.3
202505030403,3,35.3
202505030611,3,26.8
202505030308,5,24.6
202505030404,4,28.6
202505030612,3,35.3
202505030309,3,34.0
202505030405,1,48.9
202505040101,3,37.5
202505030310,3,25.0
202505040102,1,49.2
202505030406,2,31.0
202505030311,3,35.6
202505040103,3,26.9
202505030407,3,30.2
202505030312,3,36.3
202505040104,0,
202505030408,4,28.7
202505030401,3,35.7
202505040105,3,27.1
202505030409,1,45.1
202505030402,3,36.8
202505030410,3,34.4
202505040106,2,34.6
202505030403,3,35.3
202505040107,2,45.0
202505030411,2,29.2
202505030404,4,28.6
202505040108,3,33.7
202505030412,4,31.1
202505030405,1,48.9
202505030501,2,38.9
202505040109,2,48.0
202505030406,2,31.0
202505030502,3,32.4
202505040110,3,34.2
202505030407,3,30.2
202505030503,2,44.4
202505040111,4,28.0
202505030408,4,28.7
202505030504,3,32.9
202505040112,2,31.8
202505030409,1,45.1
202505030505,1,51.1
202505040201,2,41.0
202505030410,3,34.4
202505030506,2,41.9
202505040202,2,46.0
202505030411,2,29.2
202505030507,2,40.1
202505040203,2,30.2
202505030412,4,31.1
202505030508,3,34.2
202505040204,0,
202505030501,2,38.9
202505030509,2,52.5
202505040205,2,33.6
202505030502,3,32.4
202505030510,2,30.7
202505040206,2,37.4
202505030503,2,44.4
202505030511,2,41.8
202505040207,5,27.3
202505030504,3,32.9
202505040208,3,40.4
202505030512,3,39.6
202505030505,1,51.1
202505030601,0,
202505040209,5,22.9
202505030506,2,41.9
202505030602,2,36.7
202505040210,4,28.0
202505030507,2,40.1
202505040211,3,35.0
202505030603,2,34.1
202505030508,3,34.2
202505030604,2,42.7
202505040212,5,28.2
202505030509,2,52.5
202505030605,2,39.4
202505040301,1,65.4
202505030510,2,30.7
202505030606,3,29.3
202505040302,2,37.7
202505030511,2,41.8
202505040303,1,62.6
202505030607,3,33.6
202505030512,3,39.6
202505040304,2,39.1
202505030608,3,32.8
202505030601,0,
202505040305,2,38.3
202505030609,3,34.2
202505030602,2,36.7
202505040306,2,36.1
202505030610,4,29.3
202505030603,2,34.1
202505040307,1,54.5
202505030611,3,26.8
202505030604,2,42.7
202505030612,3,35.3
202505040308,3,32.0
202505030605,2,39.4
202505040309,1,51.4
202505040101,3,37.5
202505030606,3,29.3
202505040310,5,26.4
202505040102,1,49.2
202505030607,3,33.6
202505040311,1,49.1
202505040103,3,26.9
202505030608,3,32.8
202505040312,3,39.5
202505040104,0,
202505030609,3,34.2
202505040401,3,34.3
202505040105,3,27.1
202505030610,4,29.3
202505040402,1,56.2
202505040106,2,34.6
202505030611,3,26.8
202505040403,1,57.7
202505040107,2,45.0
202505030612,3,35.3
202505040404,2,40.3
202505040108,3,33.7
202505040101,3,37.5
202505040405,1,58.7
202505040109,2,48.0
202505040102,1,49.2
202505040406,2,37.0
202505040110,3,34.2
202505040103,3,26.9
202505040407,3,30.0
202505040111,4,28.0
202505040104,0,
202505040408,2,46.5
202505040112,2,31.8
202505040105,3,27.1
202505040409,3,33.2
202505040201,2,41.0
202505040106,2,34.6
202505040410,3,28.7
202505040202,2,46.0
202505040107,2,45.0
202505040411,3,32.2
202505040203,2,30.2
202505040108,3,33.7
202505040412,3,32.3
202505040204,0,
202505040109,2,48.0
202505040501,2,48.5
202505040205,2,33.6
202505040110,3,34.2
202505040502,2,43.8
202505040206,2,37.4
202505040111,4,28.0
202505040503,1,54.7
202505040207,5,27.3
202505040112,2,31.8
202505040504,0,
202505040208,3,40.4
202505040201,2,41.0
202505040505,1,38.5
202505040209,5,22.9
202505040202,2,46.0
202505040506,3,29.5
202505040210,4,28.0
202505040203,2,30.2
202505040507,3,24.2
202505040211,3,35.0
202505040204,0,
202505040508,1,64.4
202505040212,5,28.2
202505040205,2,33.6
202505040509,5,19.6
202505040301,1,65.4
202505040206,2,37.4
202505040510,1,48.8
202505040302,2,37.7
202505040207,5,27.3
202505040511,4,25.0
202505040303,1,62.6
202505040208,3,40.4
202505040512,3,29.8
202505040304,2,39.1
202505040209,5,22.9
202505040601,1,50.7
202505040305,2,38.3
202505040210,4,28.0
202505040602,1,72.2
202505040306,2,36.1
202505040211,3,35.0
202505040603,1,54.5
202505040307,1,54.5
202505040212,5,28.2
202505040604,3,30.6
202505040308,3,32.0
202505040301,1,65.4
202505040605,2,36.9
202505040309,1,51.4
202505040302,2,37.7
202505040606,2,43.6
202505040310,5,26.4
202505040303,1,62.6
202505040607,4,27.9
202505040311,1,49.1
202505040304,2,39.1
202505040608,1,52.9
202505040305,2,38.3
202505040312,3,39.5
202505040609,1,50.3
202505040306,2,36.1
202505040401,3,34.3
202505040610,3,25.6
202505040307,1,54.5
202505040402,1,56.2
202505040611,4,26.7
202505040308,3,32.0
202505040403,1,57.7
202505040612,2,28.5
202505040309,1,51.4
202505040701,2,46.5
202505040404,2,40.3
202505040310,5,26.4
202505040702,1,52.8
202505040405,1,58.7
202505040311,1,49.1
202505040703,2,46.8
202505040406,2,37.0
202505040704,2,37.9
202505040312,3,39.5
202505040407,3,30.0
202505040705,3,29.2
202505040401,3,34.3
202505040408,2,46.5
202505040706,2,40.7
202505040402,1,56.2
202505040409,3,33.2
202505040403,1,57.7
202505040707,2,43.5
202505040410,3,28.7
202505040404,2,40.3
202505040708,3,39.9
202505040411,3,32.2
202505040405,1,58.7
202505040709,0,
202505040412,3,32.3
202505040406,2,37.0
202505040710,3,32.1
202505040501,2,48.5
202505040407,3,30.0
202505040711,2,38.5
202505040502,2,43.8
202505040408,2,46.5
202505040712,4,29.1
202505040503,1,54.7
202505040409,3,33.2
202505040801,2,42.9
202505040504,0,
202505040410,3,28.7
202505040802,1,64.2
202505040505,1,38.5
202505040411,3,32.2
202505040803,1,76.1
202505040506,3,29.5
202505040412,3,32.3
202505040804,2,38.8
202505040507,3,24.2
202505040501,2,48.5
202505040805,1,61.0
202505040508,1,64.4
202505040502,2,43.8
202505040806,2,39.7
202505040509,5,19.6
202505040503,1,54.7
202505040807,3,33.5
202505040510,1,48.8
202505040504,0,
202505040808,1,51.8
202505040511,4,25.0
202505040505,1,38.5
202505040809,2,38.2
202505040512,3,29.8
202505040506,3,29.5
202505040810,5,28.5
202505040601,1,50.7
202505040507,3,24.2
202505040811,2,41.4
202505040602,1,72.2
202505040508,1,64.4
202505040812,2,49.8
202505040603,1,54.5
202505040901,2,31.4
202505040509,5,19.6
202505040604,3,30.6
202505040902,1,48.0
202505040510,1,48.8
202505040605,2,36.9
202505040903,1,50.2
202505040511,4,25.0
202505040606,2,43.6
202505040904,0,
202505040512,3,29.8
202505040607,4,27.9
202505040601,1,50.7
202505040905,2,35.4
202505040608,1,52.9
202505040602,1,72.2
202505040906,3,25.3
202505040609,1,50.3
202505040907,2,34.9
202505040603,1,54.5
202505040610,3,25.6
202505040908,2,32.9
202505040604,3,30.6
202505040611,4,26.7
202505040909,3,28.5
202505040605,2,36.9
202505040612,2,28.5
202505040910,2,37.4
202505040606,2,43.6
202505040701,2,46.5
202505040911,5,25.0
202505040607,4,27.9
202505040702,1,52.8
202505040912,2,32.9
202505040608,1,52.9
202505040703,2,46.8
202505041001,3,35.3
202505040609,1,50.3
202505040704,2,37.9
202505041002,1,57.9
202505040610,3,25.6
202505040705,3,29.2
202505040611,4,26.7
202505041003,1,60.5
202505040706,2,40.7
202505041004,2,38.7
202505040612,2,28.5
202505040707,2,43.5
202505041005,2,46.5
202505040701,2,46.5
202505040708,3,39.9
202505041006,2,43.0
202505040702,1,52.8
202505040709,0,
202505040703,2,46.8
202505041007,2,30.0
202505040710,3,32.1
202505040704,2,37.9
202505041008,2,40.5
202505040711,2,38.5
202505041009,1,50.8
202505040705,3,29.2
202505040712,4,29.1
202505040706,2,40.7
202505041010,2,43.5
202505040801,2,42.9
202505040707,2,43.5
202505041011,3,23.7
202505040802,1,64.2
202505040708,3,39.9
202505041012,2,42.1
202505040803,1,76.1
202505040709,0,
202505041101,1,55.8
202505040804,2,38.8
202505040710,3,32.1
202505041102,2,47.4
202505040805,1,61.0
202505040711,2,38.5
202505041103,1,64.8
202505040806,2,39.7
202505040712,4,29.1
202505041104,2,41.9
202505040807,3,33.5
202505040801,2,42.9
202505041105,1,68.6
202505040808,1,51.8
202505040802,1,64.2
202505040809,2,38.2
202505041106,3,37.5
202505040803,1,76.1
202505040810,5,28.5
202505041107,4,31.4
202505040804,2,38.8
202505040811,2,41.4
202505041108,1,109.7
202505040812,2,49.8
202505040805,1,61.0
202505041109,1,45.1
202505040806,2,39.7
202505040901,2,31.4
202505041110,2,40.5
202505040902,1,48.0
202505040807,3,33.5
202505041111,3,30.3
202505040808,1,51.8
202505040903,1,50.2
202505041112,2,46.2
202505040809,2,38.2
202505040904,0,
202505050101,3,35.5
202505040810,5,28.5
202505040905,2,35.4
202505050102,2,47.8
202505040811,2,41.4
202505040906,3,25.3
202505050103,1,57.7
202505040812,2,49.8
202505040907,2,34.9
202505050104,2,32.6
202505040901,2,31.4
202505040908,2,32.9
202505050105,1,57.1
202505040909,3,28.5
202505040902,1,48.0
202505050106,1,44.0
202505040910,2,37.4
202505040903,1,50.2
202505050107,2,32.1
202505040911,5,25.0
202505040904,0,
202505050108,2,42.2
202505040912,2,32.9
202505040905,2,35.4
202505050109,2,42.9
202505041001,3,35.3
202505040906,3,25.3
202505050110,2,40.9
202505041002,1,57.9
202505040907,2,34.9
202505050111,4,28.1
202505041003,1,60.5
202505040908,2,32.9
202505050112,3,32.1
202505041004,2,38.7
202505040909,3,28.5
202505050201,2,38.6
202505041005,2,46.5
202505040910,2,37.4
202505050202,2,48.4
202505041006,2,43.0
202505040911,5,25.0
202505050203,4,33.4
202505041007,2,30.0
202505050204,2,39.2
202505040912,2,32.9
202505050205,1,73.0
202505041008,2,40.5
202505041001,3,35.3
202505041009,1,50.8
202505050206,2,38.6
202505041002,1,57.9
202505041010,2,43.5
202505050207,3,34.9
202505041003,1,60.5
202505041011,3,23.7
202505050208,3,31.6
202505041004,2,38.7
202505041012,2,42.1
202505050209,3,35.1
202505041005,2,46.5
202505050210,3,37.0
202505041101,1,55.8
202505041006,2,43.0
202505050211,5,21.0
202505041102,2,47.4
202505041007,2,30.0
202505050212,5,23.9
202505041103,1,64.8
202505041008,2,40.5
202505050301,2,52.8
202505041104,2,41.9
202505041009,1,50.8
202505050302,4,32.4
202505041010,2,43.5
202505041105,1,68.6
202505050303,2,39.1
202505041106,3,37.5
202505041011,3,23.7
202505050304,2,46.0
202505041012,2,42.1
202505041107,4,31.4
202505050305,1,51.8
202505041101,1,55.8
202505041108,1,109.7
202505050306,2,39.1
202505041102,2,47.4
202505041109,1,45.1
202505050307,3,38.3
202505041103,1,64.8
202505041110,2,40.5
202505050308,0,
202505041104,2,41.9
202505041111,3,30.3
202505050309,4,28.4
202505041105,1,68.6
202505041112,2,46.2
202505050310,5,28.0
202505050101,3,35.5
202505041106,3,37.5
202505050311,3,30.1
202505050102,2,47.8
202505041107,4,31.4
202505050312,3,35.3
202505041108,1,109.7
202505050103,1,57.7
202505050401,2,40.9
202505041109,1,45.1
202505050104,2,32.6
202505050402,4,29.7
202505050105,1,57.1
202505041110,2,40.5
202505050403,3,35.6
202505050106,1,44.0
202505041111,3,30.3
202505050404,3,30.5
202505041112,2,46.2
202505050107,2,32.1
202505050405,1,57.1
202505050101,3,35.5
202505050108,2,42.2
202505050406,4,29.9
202505050102,2,47.8
202505050109,2,42.9
202505050407,4,27.1
202505050103,1,57.7
202505050110,2,40.9
202505050408,2,34.0
202505050104,2,32.6
202505050111,4,28.1
202505050409,3,38.9
202505050105,1,57.1
202505050112,3,32.1
202505050201,2,38.6
202505050410,2,30.2
202505050106,1,44.0
202505050202,2,48.4
202505050411,3,22.2
202505050107,2,32.1
202505050203,4,33.4
202505050412,3,37.9
202505050108,2,42.2
202505050204,2,39.2
202505050501,3,33.2
202505050109,2,42.9
202505050205,1,73.0
202505050502,3,33.8
202505050110,2,40.9
202505050206,2,38.6
202505050503,3,34.7
202505050111,4,28.1
202505050207,3,34.9
202505050504,2,36.6
202505050112,3,32.1
202505050208,3,31.6
202505050201,2,38.6
202505050505,2,30.0
202505050209,3,35.1
202505050506,4,31.8
202505050202,2,48.4
202505050210,3,37.0
202505050507,4,27.5
202505050203,4,33.4
202505050211,5,21.0
202505050508,3,32.0
202505050204,2,39.2
202505050212,5,23.9
202505050205,1,73.0
202505050509,1,33.5
202505050301,2,52.8
202505050206,2,38.6
202505050510,4,26.5
202505050302,4,32.4
202505050207,3,34.9
202505050511,4,29.4
202505050303,2,39.1
202505050208,3,31.6
202505050512,5,18.4
202505050304,2,46.0
202505050209,3,35.1
202505050601,2,50.2
202505050305,1,51.8
202505050210,3,37.0
202505050602,3,34.1
202505050306,2,39.1
202505050211,5,21.0
202505050603,3,38.4
202505050307,3,38.3
202505050212,5,23.9
202505050604,2,48.9
202505050308,0,
202505050301,2,52.8
202505050605,3,37.2
202505050309,4,28.4
202505050302,4,32.4
202505050606,2,47.0
202505050310,5,28.0
202505050303,2,39.1
202505050607,2,44.5
202505050311,3,30.1
202505050304,2,46.0
202505050608,3,34.0
202505050312,3,35.3
202505050305,1,51.8
202505050609,2,46.7
202505050401,2,40.9
202505050306,2,39.1
202505050610,4,32.6
202505050402,4,29.7
202505050307,3,38.3
202505050611,2,35.7
202505050403,3,35.6
202505050308,0,
202505050612,5,29.3
202505050404,3,30.5
202505050309,4,28.4
202505050701,2,47.5
202505050405,1,57.1
202505050310,5,28.0
202505050702,4,28.3
202505050406,4,29.9
202505050311,3,30.1
202505050703,2,44.8
202505050407,4,27.1
202505050312,3,35.3
202505050704,2,36.4
202505050408,2,34.0
202505050401,2,40.9
202505050705,2,42.7
202505050409,3,38.9
202505050402,4,29.7
202505050706,3,35.3
202505050410,2,30.2
202505050707,3,30.6
202505050403,3,35.6
202505050411,3,22.2
202505050708,5,26.1
202505050404,3,30.5
202505050412,3,37.9
202505050709,2,39.5
202505050501,3,33.2
202505050405,1,57.1
202505050710,4,33.0
202505050502,3,33.8
202505050406,4,29.9
202505050711,5,21.9
202505050503,3,34.7
202505050407,4,27.1
202505050712,1,72.0
202505050504,2,36.6
202505050408,2,34.0
202505050801,3,35.9
202505050505,2,30.0
202505050409,3,38.9
202505050802,2,51.2
202505050506,4,31.8
202505050410,2,30.2
202505050803,2,41.3
202505050507,4,27.5
202505050411,3,22.2
202505050508,3,32.0
202505050804,2,49.4
202505050412,3,37.9
202505050805,2,41.2
202505050509,1,33.5
202505050501,3,33.2
202505050806,1,54.2
202505050510,4,26.5
202505050502,3,33.8
202505050807,3,37.8
202505050511,4,29.4
202505050503,3,34.7
202505050808,1,46.7
202505050512,5,18.4
202505050504,2,36.6
202505050809,1,58.8
202505050601,2,50.2
202505050505,2,30.0
202505050810,3,34.6
202505050602,3,34.1
202505050506,4,31.8
202505050811,3,32.5
202505050603,3,38.4
202505050507,4,27.5
202505050812,5,23.7
202505050604,2,48.9
202505050508,3,32.0
202506010101,2,44.6
202505050605,3,37.2
202505050509,1,33.5
202506010102,2,42.7
202505050510,4,26.5
202505050606,2,47.0
202506010103,2,41.3
202505050511,4,29.4
202505050607,2,44.5
202506010104,3,36.2
202505050512,5,18.4
202505050608,3,34.0
202506010105,3,35.6
202505050601,2,50.2
202505050609,2,46.7
202506010106,3,23.9
202505050602,3,34.1
202505050610,4,32.6
202506010107,3,32.7
202505050603,3,38.4
202505050611,2,35.7
202506010108,3,33.6
202505050604,2,48.9
202505050612,5,29.3
202506010109,4,29.5
202505050605,3,37.2
202505050701,2,47.5
202506010110,2,36.9
202505050606,2,47.0
202505050702,4,28.3
202506010111,5,20.0
202505050607,2,44.5
202505050703,2,44.8
202505050608,3,34.0
202506010112,5,31.1
202505050704,2,36.4
202506010201,3,34.2
202505050609,2,46.7
202505050705,2,42.7
202505050610,4,32.6
202506010202,2,45.5
202505050706,3,35.3
202506010203,3,36.0
202505050611,2,35.7
202505050707,3,30.6
202505050708,5,26.1
202505050612,5,29.3
202506010204,3,26.4
202505050701,2,47.5
202505050709,2,39.5
202506010205,2,36.6
202505050710,4,33.0
202505050702,4,28.3
202506010206,5,27.2
202505050711,5,21.9
202505050703,2,44.8
202506010207,3,38.2
202505050712,1,72.0
202506010208,0,
202505050704,2,36.4
202505050801,3,35.9
202506010209,4,28.6
202505050705,2,42.7
202505050802,2,51.2
202506010210,3,33.7
202505050706,3,35.3
202505050803,2,41.3
202506010211,3,31.2
202505050707,3,30.6
202505050804,2,49.4
202506010212,3,32.8
202505050708,5,26.1
202505050805,2,41.2
202506010301,2,40.2
202505050709,2,39.5
202505050806,1,54.2
202506010302,2,42.2
202505050710,4,33.0
202506010303,3,33.7
202505050807,3,37.8
202505050711,5,21.9
202505050808,1,46.7
202506010304,2,30.5
202505050712,1,72.0
202505050809,1,58.8
202506010305,5,23.8
202505050801,3,35.9
202506010306,2,43.6
202505050810,3,34.6
202505050802,2,51.2
202506010307,2,41.7
202505050803,2,41.3
202505050811,3,32.5
202506010308,2,34.5
202505050804,2,49.4
202505050812,5,23.7
202506010309,2,32.1
202505050805,2,41.2
202506010101,2,44.6
202506010310,3,29.3
202505050806,1,54.2
202506010102,2,42.7
202506010311,2,35.9
202505050807,3,37.8
202506010103,2,41.3
202506010312,1,46.6
202505050808,1,46.7
202506010104,3,36.2
202506010401,3,36.1
202505050809,1,58.8
202506010105,3,35.6
202506010402,3,36.9
202505050810,3,34.6
202506010106,3,23.9
202505050811,3,32.5
202506010403,2,43.8
202506010107,3,32.7
202506010404,2,34.5
202505050812,5,23.7
202506010108,3,33.6
202506010405,3,28.5
202506010101,2,44.6
202506010109,4,29.5
202506010406,3,27.7
202506010102,2,42.7
202506010110,2,36.9
202506010407,5,28.4
202506010103,2,41.3
202506010111,5,20.0
202506010408,3,29.8
202506010104,3,36.2
202506010112,5,31.1
202506010409,3,31.3
202506010105,3,35.6
202506010201,3,34.2
202506010410,4,29.3
202506010106,3,23.9
202506010202,2,45.5
202506010411,3,29.2
202506010107,3,32.7
202506010203,3,36.0
202506010412,4,31.4
202506010108,3,33.6
202506010204,3,26.4
202506010501,3,39.9
202506010109,4,29.5
202506010205,2,36.6
202506010502,3,37.3
202506010110,2,36.9
202506010206,5,27.2
202506010503,2,41.8
202506010111,5,20.0
202506010207,3,38.2
202506010504,0,
202506010112,5,31.1
202506010208,0,
202506010505,2,30.5
202506010201,3,34.2
202506010209,4,28.6
202506010202,2,45.5
202506010506,4,26.8
202506010210,3,33.7
202506010203,3,36.0
202506010507,2,32.8
202506010211,3,31.2
202506010204,3,26.4
202506010508,4,29.9
202506010212,3,32.8
202506010205,2,36.6
202506010509,4,26.1
202506010301,2,40.2
202506010206,5,27.2
202506010510,4,26.0
202506010302,2,42.2
202506010207,3,38.2
202506010511,4,30.5
202506010303,3,33.7
202506010208,0,
202506010512,4,29.4
202506010304,2,30.5
202506010209,4,28.6
202506010601,3,41.4
202506010305,5,23.8
202506010210,3,33.7
202506010602,2,40.8
202506010306,2,43.6
202506010211,3,31.2
202506010603,2,32.5
202506010307,2,41.7
202506010212,3,32.8
202506010604,0,
202506010308,2,34.5
202506010301,2,40.2
202506010605,3,33.2
202506010309,2,32.1
202506010302,2,42.2
202506010606,3,35.3
202506010310,3,29.3
202506010303,3,33.7
202506010607,2,37.3
202506010311,2,35.9
202506010304,2,30.5
202506010608,4,30.3
202506010312,1,46.6
202506010305,5,23.8
202506010609,3,32.5
202506010401,3,36.1
202506010306,2,43.6
202506010610,4,29.5
202506010402,3,36.9
202506010307,2,41.7
202506010611,3,27.7
202506010403,2,43.8
202506010308,2,34.5
202506010612,3,40.1
202506010404,2,34.5
202506010309,2,32.1
202506010701,2,40.5
202506010405,3,28.5
202506010310,3,29.3
202506010702,3,40.3
202506010406,3,27.7
202506010703,3,31.4
202506010311,2,35.9
202506010407,5,28.4
202506010704,0,
202506010312,1,46.6
202506010705,2,33.9
202506010408,3,29.8
202506010401,3,36.1
202506010706,3,37.8
202506010409,3,31.3
202506010402,3,36.9
202506010707,2,44.2
202506010410,4,29.3
202506010403,2,43.8
202506010708,2,25.1
202506010411,3,29.2
202506010404,2,34.5
202506010709,2,34.9
202506010412,4,31.4
202506010405,3,28.5
202506010710,3,33.3
202506010501,3,39.9
202506010406,3,27.7
202506010711,2,35.0
202506010502,3,37.3
202506010407,5,28.4
202506010712,2,36.1
202506010503,2,41.8
202506010408,3,29.8
202506010801,2,40.4
202506010504,0,
202506010409,3,31.3
202506010802,3,41.2
202506010505,2,30.5
202506010410,4,29.3
202506010803,3,39.7
202506010506,4,26.8
202506010411,3,29.2
202506010804,2,30.8
202506010507,2,32.8
202506010412,4,31.4
202506010805,2,33.1
202506010508,4,29.9
202506010501,3,39.9
202506010806,1,77.0
202506010509,4,26.1
202506010502,3,37.3
202506010807,3,29.1
202506010510,4,26.0
202506010503,2,41.8
202506010511,4,30.5
202506010808,3,35.4
202506010504,0,
202506010512,4,29.4
202506010809,1,50.3
202506010505,2,30.5
202506010601,3,41.4
202506010506,4,26.8
202506010810,3,37.0
202506010602,2,40.8
202506010507,2,32.8
202506010811,4,29.7
202506010603,2,32.5
202506010812,2,42.1
202506010508,4,29.9
202506010604,0,
202506010901,2,35.7
202506010509,4,26.1
202506010605,3,33.2
202506010902,2,37.8
202506010510,4,26.0
202506010606,3,35.3
202506010903,2,46.9
202506010511,4,30.5
202506010607,2,37.3
202506010904,2,33.9
202506010512,4,29.4
202506010905,3,38.3
202506010601,3,41.4
202506010608,4,30.3
202506010906,3,29.4
202506010602,2,40.8
202506010609,3,32.5
202506010907,2,32.7
202506010603,2,32.5
202506010610,4,29.5
202506010908,3,31.7
202506010604,0,
202506010611,3,27.7
202506010909,2,41.0
202506010605,3,33.2
202506010612,3,40.1
202506010910,3,33.9
202506010606,3,35.3
202506010701,2,40.5
202506010607,2,37.3
202506010911,5,25.0
202506010702,3,40.3
202506010912,2,43.6
202506010608,4,30.3
202506010703,3,31.4
202506020101,2,40.9
202506010609,3,32.5
202506010704,0,
202506020102,2,42.1
202506010610,4,29.5
202506010705,2,33.9
202506010611,3,27.7
202506020103,2,38.1
202506010706,3,37.8
202506010612,3,40.1
202506020104,2,40.7
202506010707,2,44.2
202506010701,2,40.5
202506020105,3,29.2
202506010708,2,25.1
202506010702,3,40.3
202506010709,2,34.9
202506020106,2,41.7
202506010703,3,31.4
202506010710,3,33.3
202506020107,1,55.6
202506010704,0,
202506010711,2,35.0
202506020108,3,32.9
202506010705,2,33.9
202506010712,2,36.1
202506020109,2,34.7
202506010706,3,37.8
202506010801,2,40.4
202506020110,3,30.9
202506010707,2,44.2
202506020111,3,33.1
202506010802,3,41.2
202506010708,2,25.1
202506020112,2,42.3
202506010803,3,39.7
202506010709,2,34.9
202506010804,2,30.8
202506020201,3,32.5
202506010710,3,33.3
202506010805,2,33.1
202506020202,3,31.4
202506010711,2,35.0
202506020203,2,40.9
202506010806,1,77.0
202506010712,2,36.1
202506010807,3,29.1
202506020204,3,34.0
202506010801,2,40.4
202506010808,3,35.4
202506020205,4,29.9
202506010802,3,41.2
202506010809,1,50.3
202506020206,3,29.6
202506010803,3,39.7
202506010810,3,37.0
202506020207,1,63.2
202506010804,2,30.8
202506010811,4,29.7
202506020208,3,34.0
202506010805,2,33.1
202506020209,2,40.4
202506010812,2,42.1
202506010806,1,77.0
202506020210,4,32.5
202506010901,2,35.7
202506010807,3,29.1
202506020211,5,28.3
202506010902,2,37.8
202506010808,3,35.4
202506020212,3,33.4
202506010903,2,46.9
202506010809,1,50.3
202506020301,2,43.7
202506010904,2,33.9
202506010810,3,37.0
202506020302,2,39.9
202506010905,3,38.3
202506010811,4,29.7
202506020303,3,37.1
202506010906,3,29.4
202506020304,0,
202506010812,2,42.1
202506010907,2,32.7
202506020305,3,39.9
202506010901,2,35.7
202506010908,3,31.7
202506020306,3,33.2
202506010902,2,37.8
202506010909,2,41.0
202506020307,1,61.4
202506010903,2,46.9
202506010910,3,33.9
202506020308,3,29.6
202506010904,2,33.9
202506010911,5,25.0
202506020309,1,62.2
202506010905,3,38.3
202506010912,2,43.6
202506020310,5,25.9
202506010906,3,29.4
202506020101,2,40.9
202506020311,3,24.8
202506010907,2,32.7
202506020102,2,42.1
202506020312,3,36.2
202506010908,3,31.7
202506020103,2,38.1
202506010909,2,41.0
202506020401,3,34.8
202506020104,2,40.7
202506020402,3,32.1
202506010910,3,33.9
202506020105,3,29.2
202506020403,3,36.1
202506010911,5,25.0
202506020106,2,41.7
202506020404,0,
202506010912,2,43.6
202506020107,1,55.6
202506020405,2,41.7
202506020101,2,40.9
202506020108,3,32.9
202506020406,2,33.7
202506020102,2,42.1
202506020109,2,34.7
202506020407,3,34.8
202506020103,2,38.1
202506020110,3,30.9
202506020408,3,30.6
202506020104,2,40.7
202506020111,3,33.1
202506020409,2,45.4
202506020105,3,29.2
202506020112,2,42.3
202506020410,5,28.9
202506020106,2,41.7
202506020201,3,32.5
202506020107,1,55.6
202506020411,3,31.4
202506020202,3,31.4
202506020108,3,32.9
202506020412,3,35.8
202506020203,2,40.9
202506020109,2,34.7
202506020501,2,43.9
202506020204,3,34.0
202506020502,3,34.8
202506020110,3,30.9
202506020205,4,29.9
202506020503,2,38.5
202506020111,3,33.1
202506020206,3,29.6
202506020504,2,40.7
202506020112,2,42.3
202506020207,1,63.2
202506020505,4,32.5
202506020201,3,32.5
202506020208,3,34.0
202506020506,3,37.0
202506020202,3,31.4
202506020209,2,40.4
202506020507,4,30.6
202506020203,2,40.9
202506020210,4,32.5
202506020508,4,31.1
202506020204,3,34.0
202506020211,5,28.3
202506020205,4,29.9
202506020509,3,32.2
202506020212,3,33.4
202506020510,2,35.7
202506020206,3,29.6
202506020301,2,43.7
202506020511,2,39.5
202506020207,1,63.2
202506020302,2,39.9
202506020512,4,29.1
202506020208,3,34.0
202506020303,3,37.1
202506020601,2,41.6
202506020209,2,40.4
202506020304,0,
202506020602,2,43.2
202506020210,4,32.5
202506020305,3,39.9
202506020603,2,41.7
202506020211,5,28.3
202506020306,3,33.2
202506020604,3,29.8
202506020212,3,33.4
202506020307,1,61.4
202506020301,2,43.7
202506020605,3,38.3
202506020308,3,29.6
202506020302,2,39.9
202506020606,1,46.1
202506020309,1,62.2
202506020303,3,37.1
202506020607,3,35.4
202506020310,5,25.9
202506020304,0,
202506020608,2,34.9
202506020311,3,24.8
202506020305,3,39.9
202506020609,3,29.9
202506020312,3,36.2
202506020306,3,33.2
202506020610,2,42.4
202506020401,3,34.8
202506020307,1,61.4
202506020611,2,37.4
202506020402,3,32.1
202506020308,3,29.6
202506020612,4,31.9
202506020403,3,36.1
202506020309,1,62.2
202506020701,3,39.9
202506020404,0,
202506020310,5,25.9
202506020702,2,51.8
202506020405,2,41.7
202506020311,3,24.8
202506020703,3,41.7
202506020406,2,33.7
202506020312,3,36.2
202506020704,4,28.0
202506020407,3,34.8
202506020401,3,34.8
202506020705,2,46.3
202506020408,3,30.6
202506020706,3,33.0
202506020402,3,32.1
202506020409,2,45.4
202506020707,3,26.6
202506020403,3,36.1
202506020410,5,28.9
202506020708,0,
202506020404,0,
202506020411,3,31.4
202506020709,2,34.9
202506020405,2,41.7
202506020412,3,35.8
202506020406,2,33.7
202506020710,5,26.3
202506020501,2,43.9
202506020711,4,28.8
202506020407,3,34.8
202506020502,3,34.8
202506020408,3,30.6
202506020712,3,34.6
202506020503,2,38.5
202506020409,2,45.4
202506020801,3,33.3
202506020504,2,40.7
202506020410,5,28.9
202506020802,3,33.4
202506020505,4,32.5
202506020411,3,31.4
202506020803,2,46.6
202506020506,3,37.0
202506020412,3,35.8
202506020804,0,
202506020507,4,30.6
202506020501,2,43.9
202506020805,2,35.9
202506020508,4,31.1
202506020502,3,34.8
202506020806,2,44.0
202506020509,3,32.2
202506020503,2,38.5
202506020807,3,27.5
202506020510,2,35.7
202506020504,2,40.7
202506020808,3,34.3
202506020511,2,39.5
202506020505,4,32.5
202506020809,2,38.8
202506020512,4,29.1
202506020506,3,37.0
202506020810,3,26.0
202506020601,2,41.6
202506020507,4,30.6
202506020811,3,31.9
202506020602,2,43.2
202506020508,4,31.1
202506020812,4,24.2
202506020603,2,41.7
202506020509,3,32.2
202506030101,3,34.8
202506020604,3,29.8
202506020510,2,35.7
202506030102,3,36.6
202506020605,3,38.3
202506020511,2,39.5
202506030103,2,38.5
202506020606,1,46.1
202506020512,4,29.1
202506030104,3,40.0
202506020607,3,35.4
202506020601,2,41.6
202506030105,1,60.5
202506020608,2,34.9
202506020602,2,43.2
202506030106,1,47.2
202506020609,3,29.9
202506020603,2,41.7
202506030107,2,43.6
202506020610,2,42.4
202506020604,3,29.8
202506030108,2,41.9
202506020611,2,37.4
202506020605,3,38.3
202506030109,3,30.1
202506020612,4,31.9
202506020606,1,46.1
202506030110,2,36.6
202506020701,3,39.9
202506020607,3,35.4
202506030111,4,33.4
202506020702,2,51.8
202506030112,2,36.6
202506020608,2,34.9
202506030201,2,40.5
202506020703,3,41.7
202506020609,3,29.9
202506030202,3,33.9
202506020704,4,28.0
202506020610,2,42.4
202506020705,2,46.3
202506020611,2,37.4
202506030203,2,40.4
202506020706,3,33.0
202506020612,4,31.9
202506030204,3,30.9
202506020701,3,39.9
202506030205,3,28.5
202506020707,3,26.6
202506030206,3,28.4
202506020702,2,51.8
202506020708,0,
202506030207,3,33.4
202506020709,2,34.9
202506020703,3,41.7
202506030208,3,33.4
202506020710,5,26.3
202506020704,4,28.0
202506030209,1,59.4
202506020711,4,28.8
202506020705,2,46.3
202506020712,3,34.6
202506030210,3,30.0
202506020706,3,33.0
202506020801,3,33.3
202506030211,3,32.3
202506020707,3,26.6
202506020802,3,33.4
202506030212,3,33.0
202506020708,0,
202506020803,2,46.6
202506030301,2,38.2
202506020709,2,34.9
202506020804,0,
202506030302,3,36.6
202506020710,5,26.3
202506020805,2,35.9
202506030303,2,51.5
202506020711,4,28.8
202506020806,2,44.0
202506030304,0,
202506020712,3,34.6
202506020807,3,27.5
202506030305,4,32.0
202506020801,3,33.3
202506020808,3,34.3
202506030306,3,38.9
202506020802,3,33.4
202506020809,2,38.8
202506030307,2,38.1
202506020803,2,46.6
202506020810,3,26.0
202506030308,3,35.5
202506020804,0,
202506020811,3,31.9
202506030309,1,53.2
202506020805,2,35.9
202506020812,4,24.2
202506030310,3,28.8
202506020806,2,44.0
202506030101,3,34.8
202506030311,4,28.2
202506030102,3,36.6
202506020807,3,27.5
202506030312,3,33.8
202506030103,2,38.5
202506020808,3,34.3
202506030401,2,47.5
202506030104,3,40.0
202506020809,2,38.8
202506030402,3,31.4
202506030105,1,60.5
202506020810,3,26.0
202506030403,2,48.6
202506030106,1,47.2
202506020811,3,31.9
202506030404,0,
202506030107,2,43.6
202506020812,4,24.2
202506030405,2,35.6
202506030108,2,41.9
202506030101,3,34.8
202506030406,2,35.7
202506030109,3,30.1
202506030102,3,36.6
202506030407,1,50.1
202506030110,2,36.6
202506030103,2,38.5
202506030408,3,31.3
202506030111,4,33.4
202506030104,3,40.0
202506030409,2,49.0
202506030112,2,36.6
202506030105,1,60.5
202506030410,2,24.9
202506030201,2,40.5
202506030106,1,47.2
202506030411,4,29.0
202506030202,3,33.9
202506030107,2,43.6
202506030412,3,36.3
202506030203,2,40.4
202506030108,2,41.9
202506030501,2,48.8
202506030204,3,30.9
202506030109,3,30.1
202506030502,3,36.6
202506030205,3,28.5
202506030110,2,36.6
202506030503,1,52.6
202506030206,3,28.4
202506030111,4,33.4
202506030504,0,
202506030207,3,33.4
202506030112,2,36.6
202506030505,1,57.5
202506030208,3,33.4
202506030201,2,40.5
202506030506,1,59.4
202506030209,1,59.4
202506030202,3,33.9
202506030507,3,34.1
202506030210,3,30.0
202506030203,2,40.4
202506030508,2,27.9
202506030211,3,32.3
202506030204,3,30.9
202506030509,1,60.2
202506030212,3,33.0
202506030205,3,28.5
202506030510,2,33.0
202506030301,2,38.2
202506030206,3,28.4
202506030511,3,34.3
202506030302,3,36.6
202506030207,3,33.4
202506030512,4,27.3
202506030303,2,51.5
202506030208,3,33.4
202506030601,3,36.2
202506030304,0,
202506030209,1,59.4
202506030602,2,39.2
202506030305,4,32.0
202506030210,3,30.0
202506030603,3,35.9
202506030306,3,38.9
202506030211,3,32.3
202506030604,0,
202506030307,2,38.1
202506030212,3,33.0
202506030605,2,40.6
202506030308,3,35.5
202506030301,2,38.2
202506030606,4,27.7
202506030309,1,53.2
202506030302,3,36.6
202506030607,1,48.6
202506030310,3,28.8
202506030303,2,51.5
202506030608,3,28.7
202506030311,4,28.2
202506030304,0,
202506030609,2,38.4
202506030312,3,33.8
202506030305,4,32.0
202506030610,1,50.3
202506030401,2,47.5
202506030306,3,38.9
202506030611,4,28.0
202506030402,3,31.4
202506030307,2,38.1
202506030612,2,38.3
202506030403,2,48.6
202506030308,3,35.5
202506030701,2,43.6
202506030404,0,
202506030309,1,53.2
202506030702,1,63.4
202506030405,2,35.6
202506030310,3,28.8
202506030703,3,35.6
202506030406,2,35.7
202506030311,4,28.2
202506030704,1,55.1
202506030407,1,50.1
202506030312,3,33.8
202506030705,3,41.2
202506030408,3,31.3
202506030401,2,47.5
202506030706,1,51.4
202506030409,2,49.0
202506030402,3,31.4
202506030707,2,41.3
202506030410,2,24.9
202506030403,2,48.6
202506030708,3,27.7
202506030411,4,29.0
202506030404,0,
202506030709,2,40.4
202506030412,3,36.3
202506030405,2,35.6
202506030710,3,28.1
202506030501,2,48.8
202506030406,2,35.7
202506030711,0,
202506030502,3,36.6
202506030407,1,50.1
202506030712,3,34.2
202506030503,1,52.6
202506030408,3,31.3
202506030801,2,39.3
202506030504,0,
202506030409,2,49.0
202506030802,3,39.7
202506030505,1,57.5
202506030410,2,24.9
202506030803,2,48.3
202506030506,1,59.4
202506030804,2,39.6
202506030411,4,29.0
202506030507,3,34.1
202506030805,2,51.6
202506030412,3,36.3
202506030508,2,27.9
202506030806,2,38.2
202506030501,2,48.8
202506030509,1,60.2
202506030807,5,26.5
202506030502,3,36.6
202506030510,2,33.0
202506030808,3,31.2
202506030503,1,52.6
202506030511,3,34.3
202506030809,1,49.8
202506030504,0,
202506030512,4,27.3
202506030810,4,29.1
202506030505,1,57.5
202506030601,3,36.2
202506030811,5,25.2
202506030506,1,59.4
202506030602,2,39.2
202506030812,3,39.5
202506030507,3,34.1
202506030603,3,35.9
202506040101,0,
202506030508,2,27.9
202506030604,0,
202506040102,2,50.3
202506030509,1,60.2
202506030605,2,40.6
202506040103,1,51.1
202506030510,2,33.0
202506030606,4,27.7
202506040104,2,35.3
202506030511,3,34.3
202506030607,1,48.6
202506040105,3,30.1
202506030512,4,27.3
202506030608,3,28.7
202506040106,2,40.8
202506030601,3,36.2
202506030609,2,38.4
202506040107,4,24.8
202506030602,2,39.2
202506030610,1,50.3
202506040108,1,60.5
202506030603,3,35.9
202506030611,4,28.0
202506040109,2,38.5
202506030612,2,38.3
202506030604,0,
202506040110,2,39.8
202506030701,2,43.6
202506030605,2,40.6
202506040111,3,31.1
202506030702,1,63.4
202506030606,4,27.7
202506040112,2,32.7
202506030703,3,35.6
202506030607,1,48.6
202506040201,0,
202506030608,3,28.7
202506030704,1,55.1
202506040202,3,36.9
202506030705,3,41.2
202506030609,2,38.4
202506040203,2,45.0
202506030610,1,50.3
202506030706,1,51.4
202506030611,4,28.0
202506040204,1,55.8
202506030707,2,41.3
202506030612,2,38.3
202506040205,1,44.7
202506030708,3,27.7
202506030701,2,43.6
202506040206,2,30.6
202506030709,2,40.4
202506030702,1,63.4
202506040207,3,33.0
202506030710,3,28.1
202506040208,3,41.2
202506030703,3,35.6
202506030711,0,
202506040209,3,38.0
202506030704,1,55.1
202506030712,3,34.2
202506040210,2,38.6
202506030705,3,41.2
202506030801,2,39.3
202506040211,3,36.6
202506030706,1,51.4
202506030802,3,39.7
202506040212,3,35.6
202506030707,2,41.3
202506030803,2,48.3
202506040301,1,43.8
202506030708,3,27.7
202506030804,2,39.6
202506040302,1,44.3
202506030709,2,40.4
202506030805,2,51.6
202506040303,4,27.0
202506030710,3,28.1
202506030806,2,38.2
202506030711,0,
202506040304,0,
202506030807,5,26.5
202506040305,2,38.1
202506030712,3,34.2
202506030808,3,31.2
202506030801,2,39.3
202506040306,1,74.1
202506030809,1,49.8
202506030802,3,39.7
202506030810,4,29.1
202506040307,2,32.9
202506030803,2,48.3
202506040308,3,33.5
202506030811,5,25.2
202506030804,2,39.6
202506040309,2,41.4
202506030812,3,39.5
202506030805,2,51.6
202506040310,1,39.2
202506040101,0,
202506030806,2,38.2
202506040311,1,51.5
202506040102,2,50.3
202506030807,5,26.5
202506040312,3,35.4
202506040103,1,51.1
202506030808,3,31.2
202506040401,0,
202506040104,2,35.3
202506040402,2,40.8
202506030809,1,49.8
202506040105,3,30.1
202506040403,3,31.3
202506030810,4,29.1
202506040106,2,40.8
202506040404,2,43.1
202506030811,5,25.2
202506040107,4,24.8
202506040405,1,38.4
202506030812,3,39.5
202506040108,1,60.5
202506040406,2,29.3
202506040101,0,
202506040109,2,38.5
202506040407,5,21.8
202506040102,2,50.3
202506040110,2,39.8
202506040408,3,29.0
202506040103,1,51.1
202506040111,3,31.1
202506040409,1,50.9
202506040104,2,35.3
202506040112,2,32.7
202506040410,3,32.8
202506040105,3,30.1
202506040201,0,
202506040106,2,40.8
202506040411,4,29.4
202506040202,3,36.9
202506040412,5,27.5
202506040107,4,24.8
202506040203,2,45.0
202506040501,3,30.3
202506040108,1,60.5
202506040204,1,55.8
202506040502,1,60.6
202506040109,2,38.5
202506040205,1,44.7
202506040503,2,43.1
202506040110,2,39.8
202506040206,2,30.6
202506040504,2,33.5
202506040111,3,31.1
202506040207,3,33.0
202506040505,2,43.1
202506040112,2,32.7
202506040208,3,41.2
202506040506,2,44.2
202506040201,0,
202506040209,3,38.0
202506040507,4,31.3
202506040202,3,36.9
202506040210,2,38.6
202506040508,2,42.6
202506040203,2,45.0
202506040211,3,36.6
202506040509,2,50.2
202506040204,1,55.8
202506040212,3,35.6
202506040205,1,44.7
202506040510,1,52.8
202506040301,1,43.8
202506040511,3,28.5
202506040206,2,30.6
202506040302,1,44.3
202506040512,4,34.8
202506040207,3,33.0
202506040303,4,27.0
202506040601,2,51.1
202506040208,3,41.2
202506040304,0,
202506040209,3,38.0
202506040602,2,40.5
202506040305,2,38.1
202506040603,3,30.5
202506040210,2,38.6
202506040306,1,74.1
202506040604,1,59.1
202506040211,3,36.6
202506040307,2,32.9
202506040605,2,40.1
202506040212,3,35.6
202506040308,3,33.5
202506040606,2,39.1
202506040301,1,43.8
202506040309,2,41.4
202506040607,5,23.9
202506040302,1,44.3
202506040310,1,39.2
202506040608,4,28.7
202506040303,4,27.0
202506040311,1,51.5
202506040609,2,39.5
202506040304,0,
202506040312,3,35.4
202506040610,1,60.2
202506040305,2,38.1
202506040401,0,
202506040611,3,36.2
202506040306,1,74.1
202506040402,2,40.8
202506040612,4,27.1
202506040307,2,32.9
202506040403,3,31.3
202506040701,2,42.5
202506040308,3,33.5
202506040404,2,43.1
202506040702,3,30.0
202506040309,2,41.4
202506040405,1,38.4
202506040703,1,70.4
202506040310,1,39.2
202506040406,2,29.3
202506040704,2,38.0
202506040311,1,51.5
202506040407,5,21.8
202506040705,1,54.2
202506040312,3,35.4
202506040408,3,29.0
202506040706,3,36.3
202506040401,0,
202506040409,1,50.9
202506040707,4,32.3
202506040402,2,40.8
202506040410,3,32.8
202506040708,3,28.2
202506040403,3,31.3
202506040411,4,29.4
202506040709,1,54.2
202506040404,2,43.1
202506040412,5,27.5
202506040710,4,30.8
202506040405,1,38.4
202506040501,3,30.3
202506040711,2,36.3
202506040406,2,29.3
202506040502,1,60.6
202506040712,3,27.0
202506040407,5,21.8
202506040503,2,43.1
202506040801,0,
202506040408,3,29.0
202506040504,2,33.5
202506040802,2,36.8
202506040505,2,43.1
202506040409,1,50.9
202506040803,2,39.0
202506040410,3,32.8
202506040506,2,44.2
202506040804,3,25.6
202506040411,4,29.4
202506040507,4,31.3
202506040805,2,35.5
202506040412,5,27.5
202506040508,2,42.6
202506040806,3,29.9
202506040501,3,30.3
202506040509,2,50.2
202506040807,3,34.0
202506040502,1,60.6
202506040510,1,52.8
202506040808,3,30.2
202506040503,2,43.1
202506040511,3,28.5
202506040809,1,56.4
202506040504,2,33.5
202506040512,4,34.8
202506040505,2,43.1
202506040810,3,30.0
202506040601,2,51.1
202506040506,2,44.2
202506040811,3,24.1
202506040602,2,40.5
202506040812,3,34.0
202506040507,4,31.3
202506040603,3,30.5
202506040901,2,35.5
202506040508,2,42.6
202506040604,1,59.1
202506040902,2,44.5
202506040509,2,50.2
202506040605,2,40.1
202506040510,1,52.8
202506040903,2,41.7
202506040606,2,39.1
202506040511,3,28.5
202506040904,2,43.7
202506040607,5,23.9
202506040512,4,34.8
202506040905,3,34.3
202506040608,4,28.7
202506040906,3,24.2
202506040601,2,51.1
202506040609,2,39.5
202506040907,3,35.8
202506040602,2,40.5
202506040610,1,60.2
202506040603,3,30.5
202506040908,3,29.0
202506040611,3,36.2
202506040604,1,59.1
202506040909,1,50.5
202506040612,4,27.1
202506040605,2,40.1
202506040701,2,42.5
202506040910,3,35.6
202506040606,2,39.1
202506040702,3,30.0
202506040911,5,29.0
202506040607,5,23.9
202506040703,1,70.4
202506040912,3,29.3
202506040608,4,28.7
202506040704,2,38.0
202506050101,2,40.6
202506040705,1,54.2
202506040609,2,39.5
202506050102,2,33.3
202506040610,1,60.2
202506040706,3,36.3
202506050103,2,40.0
202506040707,4,32.3
202506040611,3,36.2
202506050104,2,43.7
202506040708,3,28.2
202506040612,4,27.1
202506050105,3,29.8
202506040709,1,54.2
202506040701,2,42.5
202506050106,2,36.2
202506040702,3,30.0
202506040710,4,30.8
202506050107,3,36.3
202506040703,1,70.4
202506040711,2,36.3
202506050108,0,
202506040704,2,38.0
202506040712,3,27.0
202506050109,1,47.8
202506040705,1,54.2
202506040801,0,
202506050110,2,34.5
202506040706,3,36.3
202506040802,2,36.8
202506050111,3,26.5
202506040707,4,32.3
202506040803,2,39.0
202506050112,4,27.2
202506040708,3,28.2
202506040804,3,25.6
202506050201,3,34.3
202506040709,1,54.2
202506040805,2,35.5
202506050202,2,39.2
202506040710,4,30.8
202506040806,3,29.9
202506050203,2,39.7
202506040711,2,36.3
202506040807,3,34.0
202506050204,0,
202506040712,3,27.0
202506040808,3,30.2
202506050205,2,30.5
202506040801,0,
202506040809,1,56.4
202506050206,1,84.3
202506040802,2,36.8
202506040810,3,30.0
202506050207,2,34.3
202506040803,2,39.0
202506040811,3,24.1
202506050208,4,28.0
202506040804,3,25.6
202506040812,3,34.0
202506040805,2,35.5
202506050209,2,41.4
202506040901,2,35.5
202506040806,3,29.9
202506050210,3,27.2
202506040902,2,44.5
202506040807,3,34.0
202506050211,3,27.4
202506040903,2,41.7
202506050212,4,28.3
202506040808,3,30.2
202506040904,2,43.7
202506050301,3,32.0
202506040809,1,56.4
202506040905,3,34.3
202506040810,3,30.0
202506050302,2,40.9
202506040906,3,24.2
202506040811,3,24.1
202506050303,2,41.9
202506040907,3,35.8
202506040812,3,34.0
202506050304,2,39.8
202506040901,2,35.5
202506040908,3,29.0
202506050305,1,47.3
202506050306,2,33.8
202506040902,2,44.5
202506040909,1,50.5
202506040903,2,41.7
202506050307,3,31.0
202506040910,3,35.6
202506050308,3,32.3
202506040904,2,43.7
202506040911,5,29.0
202506050309,2,25.3
202506040905,3,34.3
202506040912,3,29.3
202506050310,4,28.7
202506040906,3,24.2
202506050101,2,40.6
202506050311,3,30.5
202506040907,3,35.8
202506050102,2,33.3
202506050312,3,35.9
202506040908,3,29.0
202506050103,2,40.0
202506050401,3,33.8
202506040909,1,50.5
202506050104,2,43.7
202506050402,3,37.9
202506040910,3,35.6
202506050105,3,29.8
202506050403,4,27.1
202506040911,5,29.0
202506050106,2,36.2
202506050404,0,
202506040912,3,29.3
202506050107,3,36.3
202506050405,3,34.8
202506050101,2,40.6
202506050108,0,
202506050406,2,39.0
202506050102,2,33.3
202506050109,1,47.8
202506050103,2,40.0
202506050407,3,25.6
202506050110,2,34.5
202506050104,2,43.7
202506050408,3,32.5
202506050111,3,26.5
202506050105,3,29.8
202506050409,2,42.4
202506050112,4,27.2
202506050106,2,36.2
202506050410,4,27.8
202506050201,3,34.3
202506050107,3,36.3
202506050411,3,29.3
202506050202,2,39.2
202506050108,0,
202506050412,4,26.1
202506050203,2,39.7
202506050109,1,47.8
202506050501,3,35.3
202506050204,0,
202506050110,2,34.5
202506050502,2,27.8
202506050205,2,30.5
202506050111,3,26.5
202506050503,3,36.0
202506050206,1,84.3
202506050112,4,27.2
202506050504,1,43.7
202506050207,2,34.3
202506050201,3,34.3
202506050505,2,30.6
202506050208,4,28.0
202506050202,2,39.2
202506050506,2,37.9
202506050209,2,41.4
202506050203,2,39.7
202506050507,2,35.8
202506050210,3,27.2
202506050204,0,
202506050508,4,32.9
202506050211,3,27.4
202506050205,2,30.5
202506050509,2,40.4
202506050212,4,28.3
202506050206,1,84.3
202506050510,2,33.2
202506050301,3,32.0
202506050207,2,34.3
202506050511,3,34.3
202506050302,2,40.9
202506050208,4,28.0
202506050512,3,35.6
202506050303,2,41.9
202506050209,2,41.4
202506050601,3,32.9
202506050304,2,39.8
202506050210,3,27.2
202506050602,3,36.4
202506050305,1,47.3
202506050211,3,27.4
202506050603,2,38.7
202506050306,2,33.8
202506050212,4,28.3
202506050604,0,
202506050307,3,31.0
202506050301,3,32.0
202506050605,2,40.6
202506050308,3,32.3
202506050302,2,40.9
202506050606,2,32.6
202506050309,2,25.3
202506050303,2,41.9
202506050607,2,36.0
202506050310,4,28.7
202506050304,2,39.8
202506050608,2,28.4
202506050311,3,30.5
202506050305,1,47.3
202506050609,1,30.2
202506050312,3,35.9
202506050306,2,33.8
202506050610,3,37.1
202506050401,3,33.8
202506050307,3,31.0
202506050611,4,27.5
202506050402,3,37.9
202506050308,3,32.3
202506050612,3,25.6
202506050403,4,27.1
202506050309,2,25.3
202506050701,2,41.7
202506050310,4,28.7
202506050404,0,
202506050702,2,34.9
202506050311,3,30.5
202506050405,3,34.8
202506050703,3,36.5
202506050312,3,35.9
202506050406,2,39.0
202506050704,5,28.7
202506050401,3,33.8
202506050407,3,25.6
202506050705,2,28.6
202506050408,3,32.5
202506050402,3,37.9
202506050706,1,44.4
202506050409,2,42.4
202506050403,4,27.1
202506050707,5,19.2
202506050410,4,27.8
202506050404,0,
202506050708,3,39.2
202506050411,3,29.3
202506050405,3,34.8
202506050709,5,28.5
202506050412,4,26.1
202506050406,2,39.0
202506050710,0,
202506050501,3,35.3
202506050407,3,25.6
202506050711,3,28.8
202506050502,2,27.8
202506050408,3,32.5
202506050712,4,30.6
202506050503,3,36.0
202506050409,2,42.4
202506050801,4,28.7
202506050504,1,43.7
202506050410,4,27.8
202506050802,3,37.1
202506050505,2,30.6
202506050411,3,29.3
202506050506,2,37.9
202506050803,2,44.0
202506050412,4,26.1
202506050507,2,35.8
202506050804,2,50.1
202506050501,3,35.3
202506050508,4,32.9
202506050805,2,35.3
202506050502,2,27.8
202506050509,2,40.4
202506050806,3,24.0
202506050503,3,36.0
202506050510,2,33.2
202506050807,3,33.3
202506050504,1,43.7
202506050511,3,34.3
202506050808,2,42.8
202506050505,2,30.6
202506050512,3,35.6
202506050809,4,32.4
202506050506,2,37.9
202506050601,3,32.9
202506050507,2,35.8
202506050810,4,28.6
202506050602,3,36.4
202506050811,4,31.7
202506050508,4,32.9
202506050603,2,38.7
202506050812,3,30.8
202506050509,2,40.4
202506050604,0,
202506050510,2,33.2
202507010101,3,41.2
202506050605,2,40.6
202506050511,3,34.3
202507010102,3,35.0
202506050512,3,35.6
202506050606,2,32.6
202507010103,3,38.3
202506050607,2,36.0
202506050601,3,32.9
202507010104,2,32.8
202506050608,2,28.4
202506050602,3,36.4
202507010105,3,24.8
202506050609,1,30.2
202506050603,2,38.7
202507010106,3,36.6
202506050610,3,37.1
202506050604,0,
202507010107,1,51.1
202506050611,4,27.5
202506050605,2,40.6
202507010108,3,29.0
202506050612,3,25.6
202506050606,2,32.6
202507010109,2,39.3
202506050701,2,41.7
202506050607,2,36.0
202507010110,3,30.9
202506050702,2,34.9
202506050608,2,28.4
202507010111,4,29.6
202506050703,3,36.5
202506050609,1,30.2
202507010112,3,32.5
202506050704,5,28.7
202506050610,3,37.1
202507010201,2,31.8
202506050611,4,27.5
202506050705,2,28.6
202507010202,3,29.1
202506050612,3,25.6
202506050706,1,44.4
202507010203,2,40.0
202506050701,2,41.7
202506050707,5,19.2
202507010204,2,38.9
202506050702,2,34.9
202506050708,3,39.2
202507010205,4,24.7
202506050703,3,36.5
202506050709,5,28.5
202507010206,3,31.6
202506050704,5,28.7
202506050710,0,
202507010207,3,34.3
202506050705,2,28.6
202506050711,3,28.8
202507010208,4,31.4
202506050706,1,44.4
202506050712,4,30.6
202507010209,3,30.4
202506050707,5,19.2
202506050801,4,28.7
202507010210,4,18.8
202506050708,3,39.2
202507010211,4,27.2
202506050802,3,37.1
202506050709,5,28.5
202507010212,4,30.0
202506050803,2,44.0
202506050710,0,
202506050804,2,50.1
202506050711,3,28.8
202507010301,2,33.5
202506050805,2,35.3
202506050712,4,30.6
202507010302,3,32.7
202506050806,3,24.0
202506050801,4,28.7
202507010303,3,31.1
202506050807,3,33.3
202506050802,3,37.1
202507010304,3,29.2
202506050808,2,42.8
202506050803,2,44.0
202507010305,4,27.2
202506050809,4,32.4
202506050804,2,50.1
202507010306,1,58.2
202506050810,4,28.6
202506050805,2,35.3
202507010307,3,35.2
202506050811,4,31.7
202506050806,3,24.0
202507010308,0,
202506050812,3,30.8
202507010309,2,44.7
202506050807,3,33.3
202507010101,3,41.2
202506050808,2,42.8
202507010310,4,28.4
202507010102,3,35.0
202506050809,4,32.4
202507010311,4,28.9
202507010103,3,38.3
202506050810,4,28.6
202507010312,3,32.4
202507010104,2,32.8
202507010401,3,35.1
202506050811,4,31.7
202507010105,3,24.8
202507010402,3,30.3
202506050812,3,30.8
202507010106,3,36.6
202507010101,3,41.2
202507010403,3,39.5
202507010107,1,51.1
202507010102,3,35.0
202507010404,0,
202507010108,3,29.0
202507010405,2,30.8
202507010103,3,38.3
202507010109,2,39.3
202507010406,5,26.6
202507010104,2,32.8
202507010110,3,30.9
202507010407,3,34.1
202507010105,3,24.8
202507010111,4,29.6
202507010408,3,31.8
202507010106,3,36.6
202507010112,3,32.5
202507010409,3,35.2
202507010107,1,51.1
202507010201,2,31.8
202507010410,4,32.8
202507010108,3,29.0
202507010202,3,29.1
202507010109,2,39.3
202507010411,5,21.6
202507010203,2,40.0
202507010110,3,30.9
202507010412,3,29.1
202507010204,2,38.9
202507010111,4,29.6
202507010501,4,23.3
202507010205,4,24.7
202507010112,3,32.5
202507010502,3,32.2
202507010206,3,31.6
202507010201,2,31.8
202507010503,2,40.9
202507010207,3,34.3
202507010202,3,29.1
202507010504,2,35.6
202507010208,4,31.4
202507010203,2,40.0
202507010505,2,35.6
202507010209,3,30.4
202507010204,2,38.9
202507010506,4,20.1
202507010210,4,18.8
202507010205,4,24.7
202507010507,5,27.1
202507010211,4,27.2
202507010206,3,31.6
202507010508,3,26.0
202507010212,4,30.0
202507010207,3,34.3
202507010509,2,32.7
202507010301,2,33.5
202507010208,4,31.4
202507010510,4,26.7
202507010302,3,32.7
202507010209,3,30.4
202507010511,3,31.3
202507010303,3,31.1
202507010210,4,18.8
202507010512,2,29.8
202507010304,3,29.2
202507010601,2,35.2
202507010211,4,27.2
202507010305,4,27.2
202507010602,1,62.0
202507010212,4,30.0
202507010306,1,58.2
202507010603,2,37.3
202507010301,2,33.5
202507010307,3,35.2
202507010604,3,30.3
202507010308,0,
202507010302,3,32.7
202507010605,3,30.3
202507010303,3,31.1
202507010309,2,44.7
202507010606,2,36.9
202507010304,3,29.2
202507010310,4,28.4
202507010607,2,44.2
202507010305,4,27.2
202507010311,4,28.9
202507010608,3,25.8
202507010306,1,58.2
202507010312,3,32.4
202507010609,3,32.9
202507010307,3,35.2
202507010401,3,35.1
202507010610,2,39.2
202507010308,0,
202507010402,3,30.3
202507010611,3,28.8
202507010309,2,44.7
202507010403,3,39.5
202507010612,4,31.6
202507010310,4,28.4
202507010404,0,
202507010701,2,31.9
202507010311,4,28.9
202507010405,2,30.8
202507010702,2,40.3
202507010312,3,32.4
202507010406,5,26.6
202507010703,2,32.7
202507010401,3,35.1
202507010407,3,34.1
202507010704,1,50.8
202507010402,3,30.3
202507010408,3,31.8
202507010705,3,26.8
202507010403,3,39.5
202507010409,3,35.2
202507010706,1,45.7
202507010404,0,
202507010410,4,32.8
202507010405,2,30.8
202507010707,2,46.4
202507010411,5,21.6
202507010406,5,26.6
202507010708,3,36.4
202507010412,3,29.1
202507010407,3,34.1
202507010709,1,37.5
202507010501,4,23.3
202507010408,3,31.8
202507010710,4,26.3
202507010502,3,32.2
202507010409,3,35.2
202507010711,4,24.8
202507010503,2,40.9
202507010712,4,26.6
202507010410,4,32.8
202507010504,2,35.6
202507010801,4,31.7
202507010411,5,21.6
202507010505,2,35.6
202507010802,3,33.1
202507010412,3,29.1
202507010506,4,20.1
202507010803,2,36.2
202507010501,4,23.3
202507010507,5,27.1
202507010804,2,33.8
202507010502,3,32.2
202507010508,3,26.0
202507010805,4,28.3
202507010503,2,40.9
202507010509,2,32.7
202507010504,2,35.6
202507010806,2,38.1
202507010510,4,26.7
202507010505,2,35.6
202507010807,3,36.7
202507010511,3,31.3
202507010808,3,27.4
202507010506,4,20.1
202507010512,2,29.8
202507010809,2,29.4
202507010507,5,27.1
202507010601,2,35.2
202507010810,2,39.5
202507010508,3,26.0
202507010602,1,62.0
202507010811,3,30.2
202507010509,2,32.7
202507010603,2,37.3
202507010812,1,50.0
202507010510,4,26.7
202507010604,3,30.3
202507010511,3,31.3
202507010901,1,55.8
202507010605,3,30.3
202507010512,2,29.8
202507010902,3,35.4
202507010606,2,36.9
202507010601,2,35.2
202507010903,2,38.4
202507010607,2,44.2
202507010602,1,62.0
202507010904,1,46.4
202507010608,3,25.8
202507010603,2,37.3
202507010905,2,33.9
202507010609,3,32.9
202507010604,3,30.3
202507010906,4,25.4
202507010610,2,39.2
202507010605,3,30.3
202507010907,3,34.9
202507010611,3,28.8
202507010606,2,36.9
202507010908,2,43.9
202507010612,4,31.6
202507010607,2,44.2
202507010909,1,53.5
202507010701,2,31.9
202507010608,3,25.8
202507010910,3,35.1
202507010702,2,40.3
202507010609,3,32.9
202507010911,5,24.9
202507010703,2,32.7
202507010610,2,39.2
202507010912,2,35.1
202507010704,1,50.8
202507010611,3,28.8
202507020101,3,33.5
202507010705,3,26.8
202507010612,4,31.6
202507020102,2,35.9
202507010706,1,45.7
202507010701,2,31.9
202507020103,2,38.1
202507010707,2,46.4
202507010702,2,40.3
202507020104,2,40.6
202507010708,3,36.4
202507010703,2,32.7
202507020105,3,29.8
202507010709,1,37.5
202507010704,1,50.8
202507020106,2,35.5
202507010705,3,26.8
202507010710,4,26.3
202507020107,2,34.9
202507010706,1,45.7
202507010711,4,24.8
202507020108,5,21.4
202507010707,2,46.4
202507010712,4,26.6
202507020109,3,33.3
202507010708,3,36.4
202507010801,4,31.7
202507020110,2,33.8
202507010709,1,37.5
202507010802,3,33.1
202507020111,3,32.5
202507010710,4,26.3
202507010803,2,36.2
202507010711,4,24.8
202507020112,4,26.8
202507010804,2,33.8
202507010712,4,26.6
202507020201,2,39.5
202507010805,4,28.3
202507010801,4,31.7
202507020202,2,54.3
202507010806,2,38.1
202507010802,3,33.1
202507020203,3,36.4
202507010807,3,36.7
202507010803,2,36.2
202507020204,3,36.5
202507010808,3,27.4
202507010804,2,33.8
202507020205,4,23.3
202507010809,2,29.4
202507010805,4,28.3
202507020206,1,59.7
202507010810,2,39.5
202507010806,2,38.1
202507020207,3,30.1
202507010811,3,30.2
202507010807,3,36.7
202507020208,3,35.9
202507010812,1,50.0
202507010808,3,27.4
202507020209,2,39.8
202507010901,1,55.8
202507010809,2,29.4
202507020210,2,31.5
202507010902,3,35.4
202507010810,2,39.5
202507020211,1,32.5
202507010903,2,38.4
202507020212,3,30.7
202507010811,3,30.2
202507010904,1,46.4
202507020301,3,34.4
202507010812,1,50.0
202507010905,2,33.9
202507020302,3,35.6
202507010901,1,55.8
202507010906,4,25.4
202507020303,2,45.6
202507010902,3,35.4
202507010907,3,34.9
202507020304,2,38.8
202507010903,2,38.4
202507010908,2,43.9
202507020305,3,32.8
202507010904,1,46.4
202507010909,1,53.5
202507020306,2,44.6
202507010905,2,33.9
202507010910,3,35.1
202507020307,3,26.3
202507010911,5,24.9
202507010906,4,25.4
202507020308,3,32.0
202507010912,2,35.1
202507010907,3,34.9
202507020309,5,26.1
202507020101,3,33.5
202507010908,2,43.9
202507020102,2,35.9
202507020310,4,26.5
202507010909,1,53.5
202507020103,2,38.1
202507020311,5,22.9
202507010910,3,35.1
202507020104,2,40.6
202507010911,5,24.9
202507020312,4,28.4
202507020105,3,29.8
202507010912,2,35.1
202507020401,3,35.1
202507020106,2,35.5
202507020101,3,33.5
202507020402,2,50.9
202507020107,2,34.9
202507020102,2,35.9
202507020403,3,29.7
202507020108,5,21.4
202507020103,2,38.1
202507020404,3,29.8
202507020109,3,33.3
202507020104,2,40.6
202507020405,3,26.9
202507020110,2,33.8
202507020105,3,29.8
202507020406,3,31.7
202507020111,3,32.5
202507020106,2,35.5
202507020407,4,29.1
202507020112,4,26.8
202507020408,5,28.3
202507020107,2,34.9
202507020409,1,42.8
202507020201,2,39.5
202507020108,5,21.4
202507020410,3,28.1
202507020109,3,33.3
202507020202,2,54.3
202507020411,5,19.8
202507020110,2,33.8
202507020203,3,36.4
202507020412,5,19.5
202507020111,3,32.5
202507020204,3,36.5
202507020501,2,32.0
202507020112,4,26.8
202507020205,4,23.3
202507020502,2,38.9
202507020201,2,39.5
202507020206,1,59.7
202507020503,2,34.6
202507020202,2,54.3
202507020207,3,30.1
202507020504,2,47.3
202507020203,3,36.4
202507020208,3,35.9
202507020505,4,32.0
202507020204,3,36.5
202507020209,2,39.8
202507020506,3,31.3
202507020210,2,31.5
202507020205,4,23.3
202507020507,3,32.0
202507020211,1,32.5
202507020206,1,59.7
202507020508,5,26.7
202507020212,3,30.7
202507020207,3,30.1
202507020509,3,27.6
202507020301,3,34.4
202507020208,3,35.9
202507020510,1,59.4
202507020302,3,35.6
202507020209,2,39.8
202507020511,2,32.7
202507020303,2,45.6
202507020210,2,31.5
202507020512,4,33.9
202507020304,2,38.8
202507020211,1,32.5
202507020601,2,36.6
202507020305,3,32.8
202507020212,3,30.7
202507020602,3,38.7
202507020306,2,44.6
202507020301,3,34.4
202507020603,2,49.5
202507020307,3,26.3
202507020302,3,35.6
202507020604,2,45.0
202507020308,3,32.0
202507020303,2,45.6
202507020605,4,26.3
202507020304,2,38.8
202507020309,5,26.1
202507020606,2,41.8
202507020305,3,32.8
202507020310,4,26.5
202507020607,1,66.0
202507020306,2,44.6
202507020311,5,22.9
202507020608,1,68.9
202507020312,4,28.4
202507020307,3,26.3
202507020609,2,33.8
202507020401,3,35.1
202507020308,3,32.0
202507020610,3,30.9
202507020309,5,26.1
202507020402,2,50.9
202507020611,5,26.8
202507020310,4,26.5
202507020403,3,29.7
202507020612,4,33.0
202507020404,3,29.8
202507020311,5,22.9
202507030101,0,
202507020405,3,26.9
202507020312,4,28.4
202507030102,4,30.8
202507020401,3,35.1
202507020406,3,31.7
202507030103,1,92.5
202507020402,2,50.9
202507020407,4,29.1
202507030104,2,43.4
202507020403,3,29.7
202507020408,5,28.3
202507030105,2,31.9
202507020404,3,29.8
202507020409,1,42.8
202507030106,4,25.4
202507020405,3,26.9
202507020410,3,28.1
202507030107,1,47.9
202507020411,5,19.8
202507020406,3,31.7
202507030108,1,52.6
202507020412,5,19.5
202507020407,4,29.1
202507030109,0,
202507020408,5,28.3
202507020501,2,32.0
202507030110,2,36.0
202507020409,1,42.8
202507020502,2,38.9
202507030111,3,36.3
202507020410,3,28.1
202507020503,2,34.6
202507030112,2,44.2
202507020411,5,19.8
202507020504,2,47.3
202507030201,0,
202507020412,5,19.5
202507020505,4,32.0
202507030202,2,36.2
202507020501,2,32.0
202507020506,3,31.3
202507030203,1,76.2
202507020502,2,38.9
202507030204,3,28.2
202507020507,3,32.0
202507020503,2,34.6
202507030205,5,24.3
202507020508,5,26.7
202507020504,2,47.3
202507030206,1,61.3
202507020509,3,27.6
202507020505,4,32.0
202507030207,4,28.0
202507020510,1,59.4
202507020506,3,31.3
202507030208,1,48.7
202507020511,2,32.7
202507020507,3,32.0
202507030209,1,53.3
202507020512,4,33.9
202507030210,2,39.5
202507020508,5,26.7
202507020601,2,36.6
202507020509,3,27.6
202507030211,3,39.3
202507020602,3,38.7
202507030212,1,50.7
202507020510,1,59.4
202507020603,2,49.5
202507020511,2,32.7
202507030301,1,94.4
202507020604,2,45.0
202507020512,4,33.9
202507030302,1,57.9
202507020605,4,26.3
202507020601,2,36.6
202507030303,3,37.2
202507020606,2,41.8
202507020602,3,38.7
202507030304,3,35.0
202507020607,1,66.0
202507020603,2,49.5
202507030305,3,37.9
202507020608,1,68.9
202507020604,2,45.0
202507030306,2,42.5
202507020609,2,33.8
202507020605,4,26.3
202507030307,3,36.5
202507020610,3,30.9
202507020606,2,41.8
202507030308,4,34.3
202507020611,5,26.8
202507020607,1,66.0
202507030309,2,43.4
202507020612,4,33.0
202507020608,1,68.9
202507030310,2,41.4
202507030101,0,
202507020609,2,33.8
202507030311,2,29.9
202507030102,4,30.8
202507020610,3,30.9
202507030312,3,31.2
202507030103,1,92.5
202507020611,5,26.8
202507030401,1,129.4
202507030104,2,43.4
202507020612,4,33.0
202507030402,2,37.2
202507030105,2,31.9
202507030101,0,
202507030403,1,60.1
202507030106,4,25.4
202507030102,4,30.8
202507030404,3,31.3
202507030107,1,47.9
202507030405,3,35.6
202507030103,1,92.5
202507030108,1,52.6
202507030104,2,43.4
202507030406,4,26.1
202507030109,0,
202507030105,2,31.9
202507030407,2,39.1
202507030110,2,36.0
202507030106,4,25.4
202507030111,3,36.3
202507030408,1,58.0
202507030112,2,44.2
202507030409,3,32.7
202507030107,1,47.9
202507030201,0,
202507030410,3,32.5
202507030108,1,52.6
202507030202,2,36.2
202507030411,1,38.3
202507030109,0,
202507030203,1,76.2
202507030412,4,17.8
202507030110,2,36.0
202507030204,3,28.2
202507030501,0,
202507030111,3,36.3
202507030205,5,24.3
202507030502,3,34.4
202507030112,2,44.2
202507030206,1,61.3
202507030503,1,57.4
202507030201,0,
202507030207,4,28.0
202507030504,1,43.5
202507030202,2,36.2
202507030208,1,48.7
202507030505,3,33.4
202507030203,1,76.2
202507030209,1,53.3
202507030506,2,26.8
202507030204,3,28.2
202507030210,2,39.5
202507030507,4,28.9
202507030205,5,24.3
202507030211,3,39.3
202507030508,1,38.7
202507030206,1,61.3
202507030212,1,50.7
202507030509,1,59.7
202507030207,4,28.0
202507030301,1,94.4
202507030510,4,31.8
202507030208,1,48.7
202507030302,1,57.9
202507030511,4,28.2
202507030209,1,53.3
202507030303,3,37.2
202507030512,3,38.5
202507030210,2,39.5
202507030304,3,35.0
202507030601,0,
202507030211,3,39.3
202507030305,3,37.9
202507030602,3,36.5
202507030212,1,50.7
202507030306,2,42.5
202507030603,2,47.0
202507030301,1,94.4
202507030307,3,36.5
202507030604,2,35.7
202507030302,1,57.9
202507030308,4,34.3
202507030605,2,35.4
202507030303,3,37.2
202507030309,2,43.4
202507030606,1,56.4
202507030304,3,35.0
202507030310,2,41.4
202507030607,5,22.5
202507030305,3,37.9
202507030311,2,29.9
202507030608,2,40.1
202507030306,2,42.5
202507030312,3,31.2
202507030609,2,36.4
202507030307,3,36.5
202507030401,1,129.4
202507030610,2,22.7
202507030308,4,34.3
202507030402,2,37.2
202507030611,3,32.1
202507030309,2,43.4
202507030403,1,60.1
202507030310,2,41.4
202507030612,3,30.8
202507030404,3,31.3
202507030311,2,29.9
202507030701,1,65.1
202507030405,3,35.6
202507030312,3,31.2
202507030702,1,45.3
202507030406,4,26.1
202507030401,1,129.4
202507030703,4,31.4
202507030407,2,39.1
202507030402,2,37.2
202507030704,3,39.3
202507030408,1,58.0
202507030403,1,60.1
202507030705,2,32.9
202507030409,3,32.7
202507030404,3,31.3
202507030706,3,36.3
202507030410,3,32.5
202507030707,1,52.7
202507030405,3,35.6
202507030411,1,38.3
202507030708,2,45.0
202507030406,4,26.1
202507030412,4,17.8
202507030709,3,35.1
202507030407,2,39.1
202507030501,0,
202507030710,1,47.5
202507030408,1,58.0
202507030502,3,34.4
202507030711,2,31.9
202507030409,3,32.7
202507030503,1,57.4
202507030712,2,41.0
202507030410,3,32.5
202507030504,1,43.5
202507030801,1,87.2
202507030411,1,38.3
202507030505,3,33.4
202507030802,2,31.0
202507030412,4,17.8
202507030803,1,55.0
202507030506,2,26.8
202507030501,0,
202507030804,2,43.2
202507030507,4,28.9
202507030502,3,34.4
202507030805,3,34.1
202507030508,1,38.7
202507030503,1,57.4
202507030806,3,35.1
202507030509,1,59.7
202507030504,1,43.5
202507030807,2,41.8
202507030510,4,31.8
202507030505,3,33.4
202507030808,1,77.4
202507030511,4,28.2
202507030506,2,26.8
202507030809,3,38.2
202507030512,3,38.5
202507030507,4,28.9
202507030810,3,31.6
202507030601,0,
202507030508,1,38.7
202507030811,3,35.4
202507030602,3,36.5
202507030509,1,59.7
202507030812,5,21.9
202507030603,2,47.0
202507030510,4,31.8
202507040101,0,
202507030604,2,35.7
202507030511,4,28.2
202507040102,3,39.0
202507030605,2,35.4
202507030512,3,38.5
202507040103,1,57.5
202507030606,1,56.4
202507030601,0,
202507030607,5,22.5
202507040104,5,25.0
202507030602,3,36.5
202507040105,1,59.4
202507030608,2,40.1
202507030603,2,47.0
202507040106,1,52.5
202507030609,2,36.4
202507030604,2,35.7
202507040107,3,35.9
202507030610,2,22.7
202507030605,2,35.4
202507040108,2,35.4
202507030606,1,56.4
202507030611,3,32.1
202507030607,5,22.5
202507040109,1,73.7
202507030612,3,30.8
202507030701,1,65.1
202507040110,2,40.2
202507030608,2,40.1
202507040111,3,29.6
202507030702,1,45.3
202507030609,2,36.4
202507030703,4,31.4
202507040112,1,77.4
202507030610,2,22.7
202507040201,0,
202507030611,3,32.1
202507030704,3,39.3
202507040202,3,32.5
202507030705,2,32.9
202507030612,3,30.8
202507040203,1,62.6
202507030706,3,36.3
202507030701,1,65.1
202507040204,3,36.0
202507030707,1,52.7
202507030702,1,45.3
202507040205,1,97.0
202507030708,2,45.0
202507030703,4,31.4
202507030709,3,35.1
202507040206,4,28.1
202507030704,3,39.3
202507030710,1,47.5
202507040207,1,57.3
202507030705,2,32.9
202507030711,2,31.9
202507040208,3,35.4
202507030706,3,36.3
202507030712,2,41.0
202507040209,2,33.7
202507030707,1,52.7
202507040210,4,28.6
202507030801,1,87.2
202507030708,2,45.0
202507030802,2,31.0
202507040211,1,55.2
202507030709,3,35.1
202507030803,1,55.0
202507040212,3,35.1
202507030710,1,47.5
202507030804,2,43.2
202507040301,2,50.7
202507030711,2,31.9
202507040302,2,44.8
202507030805,3,34.1
202507030712,2,41.0
202507040303,2,36.5
202507030806,3,35.1
202507030801,1,87.2
202507030807,2,41.8
202507040304,3,34.7
202507030802,2,31.0
202507030808,1,77.4
202507040305,2,38.4
202507030803,1,55.0
202507040306,5,26.7
202507030809,3,38.2
202507030804,2,43.2
202507040307,1,62.2
202507030810,3,31.6
202507030805,3,34.1
202507040308,1,32.7
202507030811,3,35.4
202507030806,3,35.1
202507040309,3,32.1
202507030812,5,21.9
202507030807,2,41.8
202507040310,1,40.1
202507040101,0,
202507030808,1,77.4
202507040311,3,26.8
202507040102,3,39.0
202507030809,3,38.2
202507040103,1,57.5
202507040312,2,41.0
202507030810,3,31.6
202507040104,5,25.0
202507040401,2,45.3
202507030811,3,35.4
202507040105,1,59.4
202507040402,3,31.7
202507030812,5,21.9
202507040106,1,52.5
202507040403,4,26.2
202507040101,0,
202507040107,3,35.9
202507040404,4,31.0
202507040102,3,39.0
202507040108,2,35.4
202507040405,1,60.8
202507040103,1,57.5
202507040109,1,73.7
202507040406,2,27.4
202507040104,5,25.0
202507040110,2,40.2
202507040407,2,41.3
202507040105,1,59.4
202507040111,3,29.6
202507040408,5,26.3
202507040106,1,52.5
202507040112,1,77.4
202507040409,1,50.9
202507040107,3,35.9
202507040201,0,
202507040410,4,32.1
202507040202,3,32.5
202507040108,2,35.4
202507040411,2,34.1
202507040203,1,62.6
202507040109,1,73.7
202507040412,3,35.7
202507040110,2,40.2
202507040204,3,36.0
202507050101,3,32.8
202507040111,3,29.6
202507040205,1,97.0
202507050102,2,30.9
202507040112,1,77.4
202507040206,4,28.1
202507050103,2,36.9
202507040201,0,
202507040207,1,57.3
202507050104,5,25.9
202507040202,3,32.5
202507040208,3,35.4
202507050105,2,38.1
202507040209,2,33.7
202507040203,1,62.6
202507050106,3,39.3
202507040210,4,28.6
202507040204,3,36.0
202507050107,3,35.2
202507040211,1,55.2
202507040205,1,97.0
202507050108,3,21.7
202507040212,3,35.1
202507040206,4,28.1
202507050109,1,25.7
202507040301,2,50.7
202507040207,1,57.3
202507050110,2,44.6
202507040302,2,44.8
202507040208,3,35.4
202507050111,1,41.9
202507040303,2,36.5
202507040209,2,33.7
202507050112,3,35.7
202507040304,3,34.7
202507040210,4,28.6
202507050201,2,47.2
202507040305,2,38.4
202507040211,1,55.2
202507050202,3,35.6
202507040306,5,26.7
202507040212,3,35.1
202507050203,2,34.3
202507040307,1,62.2
202507040301,2,50.7
202507050204,2,39.1
202507040308,1,32.7
202507040302,2,44.8
202507050205,2,33.7
202507040309,3,32.1
202507040303,2,36.5
202507050206,4,31.2
202507040310,1,40.1
202507040304,3,34.7
202507050207,3,32.7
202507040311,3,26.8
202507040305,2,38.4
202507050208,4,31.8
202507040312,2,41.0
202507040306,5,26.7
202507050209,3,28.0
202507040401,2,45.3
202507040307,1,62.2
202507050210,2,34.6
202507040402,3,31.7
202507040308,1,32.7
202507050211,3,31.3
202507040403,4,26.2
202507040309,3,32.1
202507050212,2,42.9
202507040404,4,31.0
202507040310,1,40.1
202507050301,2,41.7
202507040311,3,26.8
202507040405,1,60.8
202507040312,2,41.0
202507050302,3,24.1
202507040406,2,27.4
202507050303,2,46.4
202507040401,2,45.3
202507040407,2,41.3
202507050304,3,34.0
202507040402,3,31.7
202507040408,5,26.3
202507050305,2,43.5
202507040403,4,26.2
202507040409,1,50.9
202507050306,4,31.0
202507040410,4,32.1
202507040404,4,31.0
202507050307,4,24.1
202507040411,2,34.1
202507040405,1,60.8
202507050308,4,27.9
202507040412,3,35.7
202507040406,2,27.4
202507050309,2,39.5
202507050101,3,32.8
202507040407,2,41.3
202507050310,3,28.0
202507050102,2,30.9
202507040408,5,26.3
202507050311,5,22.3
202507050103,2,36.9
202507040409,1,50.9
202507050104,5,25.9
202507050312,4,21.7
202507040410,4,32.1
202507050401,2,42.0
202507050105,2,38.1
202507040411,2,34.1
202507050106,3,39.3
202507050402,2,40.7
202507040412,3,35.7
202507050107,3,35.2
202507050101,3,32.8
202507050403,3,32.8
202507050108,3,21.7
202507050404,2,39.6
202507050102,2,30.9
202507050405,1,37.1
202507050103,2,36.9
202507050109,1,25.7
202507050104,5,25.9
202507050406,3,24.2
202507050110,2,44.6
202507050407,3,31.3
202507050111,1,41.9
202507050105,2,38.1
202507050408,3,32.2
202507050112,3,35.7
202507050106,3,39.3
202507050409,1,36.0
202507050107,3,35.2
202507050201,2,47.2
202507050410,2,49.6
202507050202,3,35.6
202507050108,3,21.7
202507050411,2,43.1
202507050203,2,34.3
202507050109,1,25.7
202507050412,3,33.1
202507050110,2,44.6
202507050204,2,39.1
202507050501,3,28.2
202507050111,1,41.9
202507050205,2,33.7
202507050502,3,25.6
202507050112,3,35.7
202507050206,4,31.2
202507050503,4,28.5
202507050201,2,47.2
202507050207,3,32.7
202507050504,3,31.3
202507050202,3,35.6
202507050208,4,31.8
202507050203,2,34.3
202507050505,4,27.3
202507050209,3,28.0
202507050204,2,39.1
202507050506,4,28.9
202507050210,2,34.6
202507050205,2,33.7
202507050507,3,35.8
202507050211,3,31.3
202507050206,4,31.2
202507050508,3,20.2
202507050212,2,42.9
202507050509,1,56.0
202507050207,3,32.7
202507050301,2,41.7
202507050510,5,30.1
202507050208,4,31.8
202507050302,3,24.1
202507050511,2,38.1
202507050209,3,28.0
202507050303,2,46.4
202507050512,5,18.5
202507050210,2,34.6
202507050304,3,34.0
202507050601,3,36.0
202507050211,3,31.3
202507050305,2,43.5
202507050602,3,35.5
202507050212,2,42.9
202507050306,4,31.0
202507050603,3,31.8
202507050301,2,41.7
202507050307,4,24.1
202507050604,4,20.5
202507050308,4,27.9
202507050302,3,24.1
202507050605,2,31.1
202507050309,2,39.5
202507050303,2,46.4
202507050606,4,25.1
202507050310,3,28.0
202507050304,3,34.0
202507050607,3,29.9
202507050311,5,22.3
202507050305,2,43.5
202507050608,4,29.1
202507050312,4,21.7
202507050306,4,31.0
202507050609,3,30.7
202507050401,2,42.0
202507050307,4,24.1
202507050610,2,33.7
202507050402,2,40.7
202507050308,4,27.9
202507050611,3,30.8
202507050403,3,32.8
202507050309,2,39.5
202507050612,5,21.2
202507050404,2,39.6
202507050310,3,28.0
202507050405,1,37.1
202508010101,2,37.5
202507050311,5,22.3
202507050406,3,24.2
202508010102,1,55.4
202507050312,4,21.7
202507050407,3,31.3
202508010103,3,36.1
202507050401,2,42.0
202507050408,3,32.2
202508010104,1,63.1
202507050402,2,40.7
202507050409,1,36.0
202508010105,2,36.4
202507050403,3,32.8
202507050410,2,49.6
202508010106,1,53.2
202507050404,2,39.6
202507050411,2,43.1
202508010107,1,57.1
202507050405,1,37.1
202507050412,3,33.1
202508010108,3,26.1
202507050406,3,24.2
202507050501,3,28.2
202508010109,1,33.9
202507050407,3,31.3
202507050502,3,25.6
202508010110,2,33.4
202507050408,3,32.2
202507050503,4,28.5
202508010111,2,40.2
202507050409,1,36.0
202507050504,3,31.3
202508010112,1,54.4
202507050410,2,49.6
202507050505,4,27.3
202508010201,1,53.0
202507050411,2,43.1
202507050506,4,28.9
202508010202,1,59.7
202507050412,3,33.1
202507050507,3,35.8
202508010203,1,49.1
202507050501,3,28.2
202507050508,3,20.2
202508010204,1,59.7
202507050502,3,25.6
202507050509,1,56.0
202508010205,3,29.7
202507050503,4,28.5
202507050510,5,30.1
202508010206,2,36.2
202507050504,3,31.3
202507050511,2,38.1
202508010207,2,45.8
202507050505,4,27.3
202507050512,5,18.5
202508010208,2,33.3
202507050506,4,28.9
202507050601,3,36.0
202508010209,1,50.8
202507050507,3,35.8
202507050602,3,35.5
202508010210,1,62.5
202507050508,3,20.2
202507050603,3,31.8
202508010211,5,26.3
202507050509,1,56.0
202507050604,4,20.5
202508010212,2,18.8
202507050510,5,30.1
202507050605,2,31.1
202508010301,2,48.9
202507050511,2,38.1
202507050606,4,25.1
202508010302,2,34.5
202507050512,5,18.5
202507050607,3,29.9
202508010303,2,40.7
202507050601,3,36.0
202507050608,4,29.1
202508010304,2,39.0
202507050602,3,35.5
202507050609,3,30.7
202507050603,3,31.8
202508010305,3,30.0
202507050610,2,33.7
202508010306,2,51.4
202507050604,4,20.5
202507050611,3,30.8
202508010307,2,29.8
202507050605,2,31.1
202507050612,5,21.2
202507050606,4,25.1
202508010308,1,36.4
202508010101,2,37.5
202507050607,3,29.9
202508010309,2,38.6
202508010102,1,55.4
202507050608,4,29.1
202508010310,2,44.6
202508010103,3,36.1
202508010311,3,26.5
202507050609,3,30.7
202508010104,1,63.1
202508010312,3,33.2
202507050610,2,33.7
202508010105,2,36.4
202508010401,2,43.5
202507050611,3,30.8
202508010106,1,53.2
202508010402,2,28.6
202507050612,5,21.2
202508010107,1,57.1
202508010403,2,42.4
202508010101,2,37.5
202508010108,3,26.1
202508010404,1,48.7
202508010102,1,55.4
202508010109,1,33.9
202508010405,3,27.3
202508010103,3,36.1
202508010110,2,33.4
202508010406,2,37.8
202508010104,1,63.1
202508010111,2,40.2
202508010407,2,41.5
202508010105,2,36.4
202508010112,1,54.4
202508010408,2,33.0
202508010106,1,53.2
202508010201,1,53.0
202508010409,3,31.2
202508010107,1,57.1
202508010202,1,59.7
202508010410,3,27.1
202508010108,3,26.1
202508010203,1,49.1
202508010411,2,36.5
202508010109,1,33.9
202508010204,1,59.7
202508010412,3,32.7
202508010110,2,33.4
202508010205,3,29.7
202508010501,2,39.4
202508010111,2,40.2
202508010206,2,36.2
202508010502,2,46.4
202508010112,1,54.4
202508010207,2,45.8
202508010503,3,37.2
202508010201,1,53.0
202508010208,2,33.3
202508010504,2,47.0
202508010202,1,59.7
202508010209,1,50.8
202508010505,3,32.0
202508010203,1,49.1
202508010210,1,62.5
202508010506,2,35.3
202508010204,1,59.7
202508010211,5,26.3
202508010507,3,30.3
202508010212,2,18.8
202508010205,3,29.7
202508010508,2,51.0
202508010301,2,48.9
202508010206,2,36.2
202508010509,1,52.3
202508010207,2,45.8
202508010302,2,34.5
202508010510,1,49.2
202508010303,2,40.7
202508010208,2,33.3
202508010511,3,27.9
202508010304,2,39.0
202508010209,1,50.8
202508010512,2,36.6
202508010305,3,30.0
202508010210,1,62.5
202508010601,1,57.5
202508010306,2,51.4
202508010211,5,26.3
202508010602,1,56.1
202508010307,2,29.8
202508010212,2,18.8
202508010603,3,37.8
202508010308,1,36.4
202508010301,2,48.9
202508010604,2,44.2
202508010309,2,38.6
202508010302,2,34.5
202508010605,3,38.1
202508010310,2,44.6
202508010303,2,40.7
202508010606,2,39.8
202508010311,3,26.5
202508010304,2,39.0
202508010607,3,35.6
202508010312,3,33.2
202508010305,3,30.0
202508010608,5,21.2
202508010401,2,43.5
202508010306,2,51.4
202508010609,2,50.7
202508010402,2,28.6
202508010307,2,29.8
202508010610,2,34.0
202508010403,2,42.4
202508010308,1,36.4
202508010611,2,41.4
202508010404,1,48.7
202508010309,2,38.6
202508010612,4,27.0
202508010405,3,27.3
202508010310,2,44.6
202508010701,2,49.5
202508010406,2,37.8
202508010311,3,26.5
202508010702,2,42.9
202508010407,2,41.5
202508010312,3,33.2
202508010703,2,47.9
202508010408,2,33.0
202508010401,2,43.5
202508010704,2,34.7
202508010409,3,31.2
202508010402,2,28.6
202508010705,3,37.1
202508010410,3,27.1
202508010403,2,42.4
202508010706,1,40.3
202508010411,2,36.5
202508010404,1,48.7
202508010707,3,35.3
202508010412,3,32.7
202508010405,3,27.3
202508010708,1,62.3
202508010501,2,39.4
202508010406,2,37.8
202508010709,1,41.6
202508010407,2,41.5
202508010502,2,46.4
202508010710,3,26.2
202508010408,2,33.0
202508010503,3,37.2
202508010711,5,21.8
202508010409,3,31.2
202508010504,2,47.0
202508010712,2,29.7
202508010410,3,27.1
202508010505,3,32.0
202508010801,2,39.5
202508010411,2,36.5
202508010506,2,35.3
202508010802,3,33.2
202508010412,3,32.7
202508010507,3,30.3
202508010501,2,39.4
202508010803,3,37.4
202508010508,2,51.0
202508010502,2,46.4
202508010804,1,68.1
202508010509,1,52.3
202508010503,3,37.2
202508010805,2,40.1
202508010510,1,49.2
202508010806,1,49.8
202508010504,2,47.0
202508010511,3,27.9
202508010807,2,42.5
202508010505,3,32.0
202508010512,2,36.6
202508010506,2,35.3
202508010808,2,41.7
202508010601,1,57.5
202508010809,1,44.2
202508010507,3,30.3
202508010602,1,56.1
202508010810,3,22.3
202508010508,2,51.0
202508010603,3,37.8
202508010811,5,24.2
202508010509,1,52.3
202508010604,2,44.2
202508010510,1,49.2
202508010812,2,50.3
202508010605,3,38.1
202508010511,3,27.9
202508020101,2,42.0
202508010606,2,39.8
202508010512,2,36.6
202508020102,2,31.2
202508010607,3,35.6
202508010601,1,57.5
202508020103,3,28.6
202508010608,5,21.2
202508010602,1,56.1
202508020104,0,
202508010609,2,50.7
202508010603,3,37.8
202508020105,4,28.7
202508010610,2,34.0
202508010604,2,44.2
202508020106,3,34.5
202508010611,2,41.4
202508010605,3,38.1
202508020107,2,37.4
202508010612,4,27.0
202508010606,2,39.8
202508020108,1,51.6
202508010701,2,49.5
202508010607,3,35.6
202508020109,1,44.2
202508010702,2,42.9
202508010608,5,21.2
202508020110,2,41.2
202508010703,2,47.9
202508010609,2,50.7
202508020111,2,32.9
202508010704,2,34.7
202508010610,2,34.0
202508020112,1,62.5
202508010705,3,37.1
202508010611,2,41.4
202508020201,3,29.4
202508010706,1,40.3
202508010612,4,27.0
202508010707,3,35.3
202508020202,3,36.2
202508010701,2,49.5
202508020203,4,30.5
202508010708,1,62.3
202508010702,2,42.9
202508020204,0,
202508010709,1,41.6
202508010703,2,47.9
202508010710,3,26.2
202508020205,3,31.1
202508010704,2,34.7
202508010711,5,21.8
202508020206,1,43.5
202508010705,3,37.1
202508010712,2,29.7
202508020207,2,46.6
202508010706,1,40.3
202508010801,2,39.5
202508020208,2,38.7
202508010707,3,35.3
202508010802,3,33.2
202508020209,1,53.2
202508010708,1,62.3
202508010803,3,37.4
202508020210,4,22.3
202508010709,1,41.6
202508020211,2,35.0
202508010804,1,68.1
202508010710,3,26.2
202508020212,2,29.4
202508010805,2,40.1
202508010711,5,21.8
202508020301,3,36.6
202508010806,1,49.8
202508010712,2,29.7
202508020302,2,40.0
202508010807,2,42.5
202508010801,2,39.5
202508020303,3,30.3
202508010808,2,41.7
202508010802,3,33.2
202508020304,3,32.7
202508010809,1,44.2
202508010803,3,37.4
202508020305,1,52.4
202508010810,3,22.3
202508010804,1,68.1
202508020306,1,46.6
202508010811,5,24.2
202508010805,2,40.1
202508020307,1,46.1
202508010812,2,50.3
202508010806,1,49.8
202508020308,2,34.8
202508020101,2,42.0
202508010807,2,42.5
202508020309,1,63.9
202508020102,2,31.2
202508010808,2,41.7
202508020310,1,60.4
202508020103,3,28.6
202508010809,1,44.2
202508020311,2,38.7
202508020104,0,
202508010810,3,22.3
202508020312,3,31.9
202508020105,4,28.7
202508010811,5,24.2
202508020401,2,39.7
202508010812,2,50.3
202508020106,3,34.5
202508020402,2,47.0
202508020107,2,37.4
202508020101,2,42.0
202508020403,3,29.9
202508020102,2,31.2
202508020108,1,51.6
202508020103,3,28.6
202508020404,2,50.4
202508020109,1,44.2
202508020104,0,
202508020405,3,36.7
202508020110,2,41.2
202508020105,4,28.7
202508020406,1,63.7
202508020111,2,32.9
202508020106,3,34.5
202508020407,1,60.3
202508020112,1,62.5
202508020107,2,37.4
202508020408,1,52.7
202508020201,3,29.4
202508020108,1,51.6
202508020409,1,60.0
202508020202,3,36.2
202508020410,2,33.9
202508020109,1,44.2
202508020203,4,30.5
202508020411,3,30.9
202508020110,2,41.2
202508020204,0,
202508020412,4,25.6
202508020111,2,32.9
202508020205,3,31.1
202508020112,1,62.5
202508020501,3,35.0
202508020206,1,43.5
202508020502,3,33.0
202508020201,3,29.4
202508020207,2,46.6
202508020503,4,27.3
202508020202,3,36.2
202508020208,2,38.7
202508020504,1,53.1
202508020203,4,30.5
202508020209,1,53.2
202508020505,3,36.7
202508020204,0,
202508020210,4,22.3
202508020205,3,31.1
202508020506,3,37.3
202508020211,2,35.0
202508020206,1,43.5
202508020507,2,42.9
202508020212,2,29.4
202508020207,2,46.6
202508020508,1,56.4
202508020301,3,36.6
202508020208,2,38.7
202508020509,1,51.3
202508020302,2,40.0
202508020209,1,53.2
202508020510,2,43.0
202508020303,3,30.3
202508020210,4,22.3
202508020511,1,38.5
202508020304,3,32.7
202508020211,2,35.0
202508020512,2,51.6
202508020305,1,52.4
202508020212,2,29.4
202508020601,2,37.6
202508020306,1,46.6
202508020301,3,36.6
202508020602,2,42.0
202508020307,1,46.1
202508020302,2,40.0
202508020308,2,34.8
202508020603,4,23.2
202508020303,3,30.3
202508020309,1,63.9
202508020604,3,37.9
202508020304,3,32.7
202508020310,1,60.4
202508020605,1,50.7
202508020305,1,52.4
202508020311,2,38.7
202508020606,2,37.1
202508020306,1,46.6
202508020312,3,31.9
202508020607,1,43.1
202508020401,2,39.7
202508020307,1,46.1
202508020608,3,29.1
202508020308,2,34.8
202508020609,3,30.0
202508020402,2,47.0
202508020610,2,34.3
202508020309,1,63.9
202508020403,3,29.9
202508020310,1,60.4
202508020611,3,24.0
202508020404,2,50.4
202508020311,2,38.7
202508020405,3,36.7
202508020612,3,25.0
202508020312,3,31.9
202508020406,1,63.7
202508020701,2,35.4
202508020401,2,39.7
202508020407,1,60.3
202508020702,1,54.9
202508020402,2,47.0
202508020408,1,52.7
202508020703,4,32.9
202508020409,1,60.0
202508020403,3,29.9
202508020704,3,32.5
202508020410,2,33.9
202508020404,2,50.4
202508020705,3,38.3
202508020411,3,30.9
202508020405,3,36.7
202508020706,3,29.5
202508020412,4,25.6
202508020406,1,63.7
202508020707,2,33.4
202508020501,3,35.0
202508020407,1,60.3
202508020708,0,
202508020502,3,33.0
202508020408,1,52.7
202508020709,1,42.1
202508020503,4,27.3
202508020409,1,60.0
202508020710,3,26.6
202508020504,1,53.1
202508020410,2,33.9
202508020711,3,34.7
202508020505,3,36.7
202508020411,3,30.9
202508020712,1,44.5
202508020506,3,37.3
202508020412,4,25.6
202508020801,3,34.2
202508020507,2,42.9
202508020501,3,35.0
202508020802,2,42.5
202508020508,1,56.4
202508020502,3,33.0
202508020803,3,33.4
202508020509,1,51.3
202508020503,4,27.3
202508020804,2,47.5
202508020510,2,43.0
202508020504,1,53.1
202508020805,2,39.8
202508020511,1,38.5
202508020505,3,36.7
202508020806,3,28.5
202508020512,2,51.6
202508020506,3,37.3
202508020807,1,52.1
202508020601,2,37.6
202508020507,2,42.9
202508020808,2,45.6
202508020602,2,42.0
202508020508,1,56.4
202508020809,1,54.7
202508020603,4,23.2
202508020509,1,51.3
202508020810,2,32.3
202508020604,3,37.9
202508020510,2,43.0
202508020811,5,24.5
202508020605,1,50.7
202508020511,1,38.5
202508020812,4,25.3
202508020606,2,37.1
202508020512,2,51.6
202508020901,4,28.2
202508020607,1,43.1
202508020601,2,37.6
202508020902,3,31.4
202508020608,3,29.1
202508020602,2,42.0
202508020903,5,23.5
202508020609,3,30.0
202508020603,4,23.2
202508020904,4,25.8
202508020610,2,34.3
202508020604,3,37.9
202508020905,3,28.7
202508020611,3,24.0
202508020605,1,50.7
202508020906,1,47.2
202508020612,3,25.0
202508020606,2,37.1
202508020907,2,44.1
202508020701,2,35.4
202508020607,1,43.1
202508020908,3,30.5
202508020702,1,54.9
202508020608,3,29.1
202508020909,2,39.9
202508020703,4,32.9
202508020609,3,30.0
202508020910,1,39.5
202508020704,3,32.5
202508020610,2,34.3
202508020911,4,25.1
202508020705,3,38.3
202508020611,3,24.0
202508020912,3,34.8
202508020706,3,29.5
202508020612,3,25.0
202508021001,2,39.3
202508020707,2,33.4
202508020701,2,35.4
202508021002,2,40.3
202508020708,0,
202508020702,1,54.9
202508021003,2,36.0
202508020709,1,42.1
202508020703,4,32.9
202508021004,4,31.9
202508020710,3,26.6
202508020704,3,32.5
202508021005,3,37.3
202508020711,3,34.7
202508020705,3,38.3
202508021006,3,36.8
202508020706,3,29.5
202508020712,1,44.5
202508021007,3,29.2
202508020707,2,33.4
202508020801,3,34.2
202508021008,1,70.6
202508020802,2,42.5
202508020708,0,
202508021009,4,28.1
202508020803,3,33.4
202508020709,1,42.1
202508021010,5,23.7
202508020804,2,47.5
202508020710,3,26.6
202508021011,5,24.6
202508020805,2,39.8
202508020711,3,34.7
202508021012,1,57.7
202508020806,3,28.5
202508020712,1,44.5
202508021101,2,42.6
202508020807,1,52.1
202508020801,3,34.2
202508021102,2,40.8
202508020808,2,45.6
202508020802,2,42.5
202508021103,3,39.1
202508020809,1,54.7
202508020803,3,33.4
202508021104,5,20.4
202508020810,2,32.3
202508020804,2,47.5
202508020811,5,24.5
202508021105,5,22.9
202508020805,2,39.8
202508021106,4,27.0
202508020812,4,25.3
202508020806,3,28.5
202508021107,1,62.6
202508020901,4,28.2
202508020807,1,52.1
202508021108,5,22.5
202508020902,3,31.4
202508020808,2,45.6
202508021109,1,52.2
202508020809,1,54.7
202508020903,5,23.5
202508020904,4,25.8
202508021110,4,28.4
202508020810,2,32.3
202508020905,3,28.7
202508021111,2,22.4
202508020811,5,24.5
202508020906,1,47.2
202508021112,3,35.9
202508020812,4,25.3
202508020907,2,44.1
202508021201,2,39.7
202508020901,4,28.2
202508020908,3,30.5
202508021202,3,34.3
202508020902,3,31.4
202508020909,2,39.9
202508021203,4,21.0
202508020903,5,23.5
202508020910,1,39.5
202508021204,0,
202508020904,4,25.8
202508020911,4,25.1
202508021205,3,36.0
202508020905,3,28.7
202508020912,3,34.8
202508021206,3,27.9
202508020906,1,47.2
202508021001,2,39.3
202508021207,3,36.2
202508020907,2,44.1
202508021002,2,40.3
202508021208,3,28.9
202508020908,3,30.5
202508021003,2,36.0
202508021209,2,32.8
202508020909,2,39.9
202508021004,4,31.9
202508021210,5,22.9
202508020910,1,39.5
202508021005,3,37.3
202508021211,2,37.6
202508020911,4,25.1
202508021006,3,36.8
202508021212,3,30.1
202508020912,3,34.8
202508021007,3,29.2
202508030101,2,34.0
202508021001,2,39.3
202508021008,1,70.6
202508030102,1,63.8
202508021002,2,40.3
202508021009,4,28.1
202508030103,2,37.4
202508021010,5,23.7
202508021003,2,36.0
202508030104,3,39.9
202508021011,5,24.6
202508021004,4,31.9
202508021012,1,57.7
202508030105,3,29.5
202508021005,3,37.3
202508021101,2,42.6
202508030106,3,32.6
202508021006,3,36.8
202508021102,2,40.8
202508030107,5,22.5
202508021007,3,29.2
202508021103,3,39.1
202508030108,3,36.3
202508021008,1,70.6
202508021104,5,20.4
202508030109,1,40.2
202508021009,4,28.1
202508021105,5,22.9
202508021010,5,23.7
202508030110,3,32.6
202508021011,5,24.6
202508021106,4,27.0
202508030111,4,20.8
202508021107,1,62.6
202508021012,1,57.7
202508030112,2,38.3
202508021108,5,22.5
202508021101,2,42.6
202508030201,3,35.4
202508021109,1,52.2
202508021102,2,40.8
202508030202,1,51.9
202508021110,4,28.4
202508021103,3,39.1
202508030203,2,33.5
202508021104,5,20.4
202508021111,2,22.4
202508030204,2,32.6
202508021105,5,22.9
202508021112,3,35.9
202508030205,2,39.8
202508021106,4,27.0
202508030206,3,31.8
202508021201,2,39.7
202508021107,1,62.6
202508030207,2,38.2
202508021202,3,34.3
202508021108,5,22.5
202508030208,3,32.2
202508021203,4,21.0
202508021109,1,52.2
202508030209,2,49.8
202508021204,0,
202508021110,4,28.4
202508030210,4,26.9
202508021205,3,36.0
202508021111,2,22.4
202508030211,5,24.2
202508021206,3,27.9
202508030212,5,24.3
202508021112,3,35.9
202508021207,3,36.2
202508030301,2,33.8
202508021201,2,39.7
202508021208,3,28.9
202508030302,1,61.6
202508021202,3,34.3
202508021209,2,32.8
202508030303,1,81.1
202508021210,5,22.9
202508021203,4,21.0
202508030304,0,
202508021204,0,
202508021211,2,37.6
202508030305,4,24.5
202508021205,3,36.0
202508021212,3,30.1
202508030306,1,36.2
202508021206,3,27.9
202508030101,2,34.0
202508021207,3,36.2
202508030307,3,33.2
202508030102,1,63.8
202508021208,3,28.9
202508030103,2,37.4
202508030308,1,82.1
202508021209,2,32.8
202508030104,3,39.9
202508030309,2,43.9
202508021210,5,22.9
202508030105,3,29.5
202508030310,3,39.7
202508021211,2,37.6
202508030106,3,32.6
202508030311,3,32.5
202508021212,3,30.1
202508030107,5,22.5
202508030312,3,33.7
202508030101,2,34.0
202508030108,3,36.3
202508030401,1,53.1
202508030102,1,63.8
202508030109,1,40.2
202508030402,1,27.8
202508030110,3,32.6
202508030103,2,37.4
202508030403,1,65.7
202508030111,4,20.8
202508030404,0,
202508030104,3,39.9
202508030405,2,43.5
202508030112,2,38.3
202508030105,3,29.5
202508030406,3,30.8
202508030201,3,35.4
202508030106,3,32.6
202508030407,3,28.1
202508030202,1,51.9
202508030107,5,22.5
202508030408,4,30.1
202508030203,2,33.5
202508030108,3,36.3
202508030409,3,34.4
202508030204,2,32.6
202508030109,1,40.2
202508030410,3,32.4
202508030205,2,39.8
202508030110,3,32.6
202508030411,2,49.2
202508030206,3,31.8
202508030111,4,20.8
202508030412,5,28.0
202508030207,2,38.2
202508030112,2,38.3
202508030501,1,60.0
202508030208,3,32.2
202508030201,3,35.4
202508030502,1,53.4
202508030209,2,49.8
202508030202,1,51.9
202508030503,2,38.9
202508030210,4,26.9
202508030203,2,33.5
202508030504,2,34.7
202508030211,5,24.2
202508030204,2,32.6
202508030505,2,27.6
202508030205,2,39.8
202508030212,5,24.3
202508030506,2,35.0
202508030206,3,31.8
202508030301,2,33.8
202508030507,2,33.1
202508030207,2,38.2
202508030302,1,61.6
202508030508,2,33.9
202508030208,3,32.2
202508030303,1,81.1
202508030509,2,41.1
202508030209,2,49.8
202508030304,0,
202508030510,1,48.8
202508030210,4,26.9
202508030305,4,24.5
202508030511,5,23.5
202508030211,5,24.2
202508030306,1,36.2
202508030512,2,27.7
202508030212,5,24.3
202508030307,3,33.2
202508030601,1,68.6
202508030301,2,33.8
202508030308,1,82.1
202508030602,1,46.7
202508030309,2,43.9
202508030302,1,61.6
202508030603,1,69.9
202508030303,1,81.1
202508030604,0,
202508030310,3,39.7
202508030605,2,28.9
202508030304,0,
202508030311,3,32.5
202508030606,3,29.1
202508030305,4,24.5
202508030312,3,33.7
202508030607,1,41.8
202508030306,1,36.2
202508030401,1,53.1
202508030307,3,33.2
202508030608,1,48.3
202508030402,1,27.8
202508030609,3,33.8
202508030308,1,82.1
202508030403,1,65.7
202508030610,1,45.2
202508030309,2,43.9
202508030404,0,
202508030611,2,24.6
202508030310,3,39.7
202508030405,2,43.5
202508030612,3,32.0
202508030311,3,32.5
202508030406,3,30.8
202508030701,2,48.1
202508030312,3,33.7
202508030407,3,28.1
202508030702,1,96.5
202508030401,1,53.1
202508030408,4,30.1
202508030703,1,36.8
202508030402,1,27.8
202508030409,3,34.4
202508030704,2,31.3
202508030410,3,32.4
202508030403,1,65.7
202508030705,2,38.8
202508030411,2,49.2
202508030404,0,
202508030706,2,51.0
202508030412,5,28.0
202508030405,2,43.5
202508030501,1,60.0
202508030707,2,40.9
202508030406,3,30.8
202508030502,1,53.4
202508030708,1,44.5
202508030407,3,28.1
202508030709,1,62.7
202508030503,2,38.9
202508030408,4,30.1
202508030409,3,34.4
202508030504,2,34.7
202508030710,3,34.4
202508030505,2,27.6
202508030410,3,32.4
202508030711,5,23.8
202508030506,2,35.0
202508030411,2,49.2
202508030712,3,32.5
202508030507,2,33.1
202508030412,5,28.0
202508030801,3,30.5
202508030508,2,33.9
202508030501,1,60.0
202508030802,2,40.7
202508030509,2,41.1
202508030502,1,53.4
202508030803,1,37.2
202508030510,1,48.8
202508030503,2,38.9
202508030804,0,
202508030511,5,23.5
202508030504,2,34.7
202508030805,2,33.0
202508030512,2,27.7
202508030505,2,27.6
202508030806,2,32.5
202508030601,1,68.6
202508030506,2,35.0
202508030807,2,33.8
202508030602,1,46.7
202508030507,2,33.1
202508030808,2,35.6
202508030603,1,69.9
202508030508,2,33.9
202508030604,0,
202508030809,3,32.5
202508030509,2,41.1
202508030605,2,28.9
202508030810,2,35.8
202508030510,1,48.8
202508030606,3,29.1
202508030811,1,35.0
202508030511,5,23.5
202508030607,1,41.8
202508030812,1,33.4
202508030608,1,48.3
202508030512,2,27.7
202508030901,1,67.3
202508030601,1,68.6
202508030902,1,51.8
202508030609,3,33.8
202508030903,1,54.3
202508030602,1,46.7
202508030610,1,45.2
202508030904,2,32.0
202508030611,2,24.6
202508030603,1,69.9
202508030905,1,58.2
202508030612,3,32.0
202508030604,0,
202508030906,2,36.9
202508030701,2,48.1
202508030605,2,28.9
202508030907,2,46.3
202508030606,3,29.1
202508030702,1,96.5
202508030908,3,29.7
202508030607,1,41.8
202508030703,1,36.8
202508030909,1,51.0
202508030608,1,48.3
202508030704,2,31.3
202508030910,2,28.1
202508030609,3,33.8
202508030705,2,38.8
202508030911,4,21.0
202508030610,1,45.2
202508030706,2,51.0
202508030912,4,27.9
202508030611,2,24.6
202508030707,2,40.9
202508031001,2,45.4
202508030612,3,32.0
202508030708,1,44.5
202508031002,2,36.0
202508030701,2,48.1
202508030709,1,62.7
202508030702,1,96.5
202508031003,1,51.9
202508030710,3,34.4
202508030703,1,36.8
202508030711,5,23.8
202508031004,0,
202508030704,2,31.3
202508030712,3,32.5
202508031005,1,74.2
202508030705,2,38.8
202508031006,3,26.3
202508030801,3,30.5
202508030706,2,51.0
202508030802,2,40.7
202508031007,3,32.9
202508030707,2,40.9
202508030803,1,37.2
202508031008,3,30.7
202508030708,1,44.5
202508031009,2,41.9
202508030804,0,
202508030709,1,62.7
202508030805,2,33.0
202508031010,3,31.5
202508030710,3,34.4
202508030806,2,32.5
202508031011,2,43.6
202508030711,5,23.8
202508030807,2,33.8
202508031012,3,35.5
202508030712,3,32.5
202508030808,2,35.6
202508031101,2,35.7
202508030801,3,30.5
202508030809,3,32.5
202508031102,1,77.8
202508030802,2,40.7
202508030810,2,35.8
202508031103,2,36.3
202508031104,0,
202508030803,1,37.2
202508030811,1,35.0
202508030804,0,
202508031105,3,33.0
202508030812,1,33.4
202508030805,2,33.0
202508031106,3,37.4
202508030901,1,67.3
202508030806,2,32.5
202508031107,5,24.4
202508030902,1,51.8
202508030807,2,33.8
202508031108,4,31.4
202508030903,1,54.3
202508030808,2,35.6
202508031109,3,28.0
202508030904,2,32.0
202508030809,3,32.5
202508031110,2,38.4
202508030905,1,58.2
202508030810,2,35.8
202508031111,3,29.7
202508030906,2,36.9
202508030811,1,35.0
202508031112,2,39.3
202508030907,2,46.3
202508030812,1,33.4
202508040101,2,42.4
202508030908,3,29.7
202508030901,1,67.3
202508040102,2,43.2
202508030909,1,51.0
202508030902,1,51.8
202508040103,1,50.9
202508030910,2,28.1
202508030903,1,54.3
202508040104,1,58.7
202508030911,4,21.0
202508030904,2,32.0
202508040105,1,60.4
202508030912,4,27.9
202508030905,1,58.2
202508040106,1,46.8
202508031001,2,45.4
202508030906,2,36.9
202508040107,3,38.9
202508031002,2,36.0
202508030907,2,46.3
202508040108,0,
202508031003,1,51.9
202508030908,3,29.7
202508040109,3,30.1
202508031004,0,
202508030909,1,51.0
202508040110,2,33.1
202508031005,1,74.2
202508030910,2,28.1
202508040111,4,26.3
202508031006,3,26.3
202508030911,4,21.0
202508040112,4,26.9
202508031007,3,32.9
202508030912,4,27.9
202508040201,3,35.6
202508031001,2,45.4
202508031008,3,30.7
202508040202,1,47.3
202508031002,2,36.0
202508031009,2,41.9
202508040203,1,48.4
202508031010,3,31.5
202508031003,1,51.9
202508040204,3,32.8
202508031011,2,43.6
202508031004,0,
202508040205,1,53.1
202508031012,3,35.5
202508031005,1,74.2
202508040206,5,28.9
202508031006,3,26.3
202508031101,2,35.7
202508040207,1,54.3
202508031102,1,77.8
202508031007,3,32.9
202508040208,4,28.6
202508031008,3,30.7
202508031103,2,36.3
202508040209,1,41.3
202508031009,2,41.9
202508031104,0,
202508040210,2,46.8
202508031010,3,31.5
202508031105,3,33.0
202508040211,3,28.3
202508031011,2,43.6
202508031106,3,37.4
202508040212,3,27.8
202508031012,3,35.5
202508031107,5,24.4
202508040301,1,42.7
202508031101,2,35.7
202508031108,4,31.4
202508040302,1,54.8
202508031102,1,77.8
202508031109,3,28.0
202508040303,1,58.3
202508031103,2,36.3
202508031110,2,38.4
202508040304,1,54.9
202508031104,0,
202508031111,3,29.7
202508040305,3,27.6
202508031105,3,33.0
202508031112,2,39.3
202508040306,2,36.0
202508031106,3,37.4
202508040101,2,42.4
202508040307,3,36.4
202508031107,5,24.4
202508040102,2,43.2
202508040308,1,47.1
202508031108,4,31.4
202508040103,1,50.9
202508040309,2,39.5
202508031109,3,28.0
202508040104,1,58.7
202508040310,3,27.8
202508031110,2,38.4
202508040105,1,60.4
202508040106,1,46.8
202508031111,3,29.7
202508040311,1,48.4
202508031112,2,39.3
202508040312,5,19.3
202508040107,3,38.9
202508040101,2,42.4
202508040401,2,43.0
202508040108,0,
202508040102,2,43.2
202508040402,3,29.2
202508040109,3,30.1
202508040403,2,45.0
202508040103,1,50.9
202508040110,2,33.1
202508040404,2,40.2
202508040104,1,58.7
202508040111,4,26.3
202508040405,1,57.5
202508040105,1,60.4
202508040112,4,26.9
202508040406,3,39.8
202508040106,1,46.8
202508040201,3,35.6
202508040407,4,31.1
202508040107,3,38.9
202508040202,1,47.3
202508040408,3,36.5
202508040108,0,
202508040203,1,48.4
202508040409,1,47.2
202508040109,3,30.1
202508040204,3,32.8
202508040410,3,31.4
202508040110,2,33.1
202508040205,1,53.1
202508040411,4,25.3
202508040111,4,26.3
202508040206,5,28.9
202508040112,4,26.9
202508040412,2,37.8
202508040207,1,54.3
202508040201,3,35.6
202508040501,2,42.1
202508040208,4,28.6
202508040502,3,42.5
202508040202,1,47.3
202508040209,1,41.3
202508040503,4,31.6
202508040203,1,48.4
202508040210,2,46.8
202508040504,2,46.5
202508040204,3,32.8
202508040211,3,28.3
202508040505,3,27.3
202508040205,1,53.1
202508040212,3,27.8
202508040206,5,28.9
202508040506,3,28.8
202508040301,1,42.7
202508040507,3,31.6
202508040302,1,54.8
202508040207,1,54.3
202508040508,3,34.0
202508040303,1,58.3
202508040208,4,28.6
202508040509,1,52.4
202508040209,1,41.3
202508040304,1,54.9
202508040210,2,46.8
202508040305,3,27.6
202508040510,3,30.2
202508040211,3,28.3
202508040511,3,30.9
202508040306,2,36.0
202508040212,3,27.8
202508040512,3,36.8
202508040307,3,36.4
202508040301,1,42.7
202508040308,1,47.1
202508040601,2,43.5
202508040302,1,54.8
202508040309,2,39.5
202508040602,2,33.5
202508040303,1,58.3
202508040310,3,27.8
202508040603,3,39.0
202508040304,1,54.9
202508040604,1,55.6
202508040311,1,48.4
202508040305,3,27.6
202508040605,1,51.1
202508040312,5,19.3
202508040306,2,36.0
202508040401,2,43.0
202508040606,3,33.2
202508040307,3,36.4
202508040402,3,29.2
202508040607,3,24.4
202508040308,1,47.1
202508040608,3,39.5
202508040403,2,45.0
202508040309,2,39.5
202508040609,2,45.1
202508040404,2,40.2
202508040310,3,27.8
202508040405,1,57.5
202508040610,3,25.7
202508040311,1,48.4
202508040406,3,39.8
202508040611,5,26.5
202508040312,5,19.3
202508040407,4,31.1
202508040612,4,29.9
202508040408,3,36.5
202508040401,2,43.0
202508040701,2,43.4
202508040409,1,47.2
202508040402,3,29.2
202508040702,2,34.9
202508040410,3,31.4
202508040403,2,45.0
202508040703,2,37.2
202508040411,4,25.3
202508040404,2,40.2
202508040704,0,
202508040412,2,37.8
202508040405,1,57.5
202508040705,2,34.0
202508040501,2,42.1
202508040406,3,39.8
202508040706,2,38.5
202508040502,3,42.5
202508040407,4,31.1
202508040707,3,18.8
202508040503,4,31.6
202508040408,3,36.5
202508040708,4,31.1
202508040504,2,46.5
202508040709,3,32.5
202508040409,1,47.2
202508040505,3,27.3
202508040710,2,37.4
202508040410,3,31.4
202508040506,3,28.8
202508040711,2,34.2
202508040411,4,25.3
202508040507,3,31.6
202508040712,3,36.0
202508040412,2,37.8
202508040508,3,34.0
202508040801,3,35.3
202508040501,2,42.1
202508040509,1,52.4
202508040802,2,48.1
202508040502,3,42.5
202508040510,3,30.2
202508040803,2,36.8
202508040503,4,31.6
202508040511,3,30.9
202508040804,3,30.9
202508040512,3,36.8
202508040504,2,46.5
202508040805,0,
202508040601,2,43.5
202508040505,3,27.3
202508040806,1,61.3
202508040602,2,33.5
202508040506,3,28.8
202508040807,3,34.1
202508040507,3,31.6
202508040603,3,39.0
202508040808,1,47.6
202508040508,3,34.0
202508040604,1,55.6
202508040809,2,41.4
202508040509,1,52.4
202508040605,1,51.1
202508040810,4,26.2
202508040606,3,33.2
202508040510,3,30.2
202508040811,4,30.5
202508040607,3,24.4
202508040511,3,30.9
202508040812,5,21.1
202508040608,3,39.5
202508040512,3,36.8
202509010101,1,43.6
202508040609,2,45.1
202508040601,2,43.5
202509010102,3,39.7
202508040610,3,25.7
202508040602,2,33.5
202509010103,3,39.5
202508040611,5,26.5
202508040603,3,39.0
202509010104,3,38.2
202508040612,4,29.9
202508040604,1,55.6
202509010105,4,29.6
202508040701,2,43.4
202509010106,3,34.2
202508040605,1,51.1
202508040702,2,34.9
202509010107,4,27.5
202508040606,3,33.2
202508040703,2,37.2
202508040607,3,24.4
202509010108,2,41.5
202508040704,0,
202509010109,1,29.5
202508040608,3,39.5
202508040705,2,34.0
202508040609,2,45.1
202509010110,2,46.2
202508040706,2,38.5
202508040610,3,25.7
202509010111,5,24.7
202508040707,3,18.8
202508040611,5,26.5
202509010112,4,28.9
202508040708,4,31.1
202508040612,4,29.9
202509010201,1,55.4
202508040709,3,32.5
202508040701,2,43.4
202509010202,4,31.7
202508040710,2,37.4
202508040702,2,34.9
202509010203,2,46.3
202508040711,2,34.2
202508040703,2,37.2
202509010204,3,33.6
202508040712,3,36.0
202508040704,0,
202509010205,3,24.7
202508040801,3,35.3
202508040705,2,34.0
202509010206,2,33.1
202508040802,2,48.1
202508040706,2,38.5
202509010207,2,34.8
202508040803,2,36.8
202508040707,3,18.8
202509010208,3,34.4
202508040804,3,30.9
202508040708,4,31.1
202509010209,1,53.9
202508040805,0,
202508040709,3,32.5
202509010210,2,42.4
202508040806,1,61.3
202508040710,2,37.4
202509010211,3,35.3
202508040711,2,34.2
202508040807,3,34.1
202509010212,4,27.7
202508040712,3,36.0
202508040808,1,47.6
202509010301,3,28.8
202508040801,3,35.3
202508040809,2,41.4
202509010302,2,46.3
202508040802,2,48.1
202508040810,4,26.2
202509010303,3,33.6
202508040803,2,36.8
202509010304,2,39.3
202508040811,4,30.5
202508040804,3,30.9
202509010305,2,48.9
202508040812,5,21.1
202508040805,0,
202509010306,1,62.8
202509010101,1,43.6
202508040806,1,61.3
202509010307,2,42.2
202509010102,3,39.7
202508040807,3,34.1
202509010308,3,30.4
202509010103,3,39.5
202508040808,1,47.6
202509010309,2,38.5
202509010104,3,38.2
202508040809,2,41.4
202509010310,5,28.4
202509010105,4,29.6
202508040810,4,26.2
202509010311,4,18.8
202509010106,3,34.2
202508040811,4,30.5
202509010312,2,34.8
202509010107,4,27.5
202508040812,5,21.1
202509010401,2,43.6
202509010108,2,41.5
202509010101,1,43.6
202509010402,3,33.3
202509010109,1,29.5
202509010102,3,39.7
202509010403,1,52.4
202509010110,2,46.2
202509010404,3,31.8
202509010103,3,39.5
202509010111,5,24.7
202509010405,4,25.9
202509010104,3,38.2
202509010112,4,28.9
202509010406,2,46.4
202509010201,1,55.4
202509010105,4,29.6
202509010407,1,53.4
202509010202,4,31.7
202509010106,3,34.2
202509010408,2,37.1
202509010203,2,46.3
202509010107,4,27.5
202509010409,1,33.7
202509010108,2,41.5
202509010204,3,33.6
202509010410,2,36.0
202509010109,1,29.5
202509010205,3,24.7
202509010110,2,46.2
202509010411,3,31.2
202509010206,2,33.1
202509010412,2,34.7
202509010207,2,34.8
202509010111,5,24.7
202509010208,3,34.4
202509010112,4,28.9
202509010501,1,53.6
202509010209,1,53.9
202509010502,4,24.7
202509010201,1,55.4
202509010503,3,39.8
202509010210,2,42.4
202509010202,4,31.7
202509010504,4,28.1
202509010203,2,46.3
202509010211,3,35.3
202509010505,4,27.0
202509010204,3,33.6
202509010212,4,27.7
202509010506,3,33.8
202509010301,3,28.8
202509010205,3,24.7
202509010507,4,25.7
202509010206,2,33.1
202509010302,2,46.3
202509010508,0,
202509010207,2,34.8
202509010303,3,33.6
202509010509,2,39.6
202509010208,3,34.4
202509010304,2,39.3
202509010510,3,29.9
202509010209,1,53.9
202509010305,2,48.9
202509010210,2,42.4
202509010511,2,36.5
202509010306,1,62.8
202509010211,3,35.3
202509010512,1,54.1
202509010307,2,42.2
202509010601,2,40.4
202509010212,4,27.7
202509010308,3,30.4
202509010602,1,64.9
202509010301,3,28.8
202509010309,2,38.5
202509010603,3,32.6
202509010302,2,46.3
202509010310,5,28.4
202509010303,3,33.6
202509010604,0,
202509010311,4,18.8
202509010304,2,39.3
202509010605,2,35.9
202509010312,2,34.8
202509010305,2,48.9
202509010606,1,53.2
202509010401,2,43.6
202509010306,1,62.8
202509010607,4,30.1
202509010402,3,33.3
202509010307,2,42.2
202509010608,2,34.6
202509010403,1,52.4
202509010308,3,30.4
202509010609,1,52.3
202509010404,3,31.8
202509010309,2,38.5
202509010610,3,32.5
202509010405,4,25.9
202509010310,5,28.4
202509010611,3,27.1
202509010406,2,46.4
202509010311,4,18.8
202509010612,1,41.0
202509010407,1,53.4
202509010312,2,34.8
202509010701,2,35.8
202509010408,2,37.1
202509010401,2,43.6
202509010702,1,62.2
202509010409,1,33.7
202509010402,3,33.3
202509010703,3,37.7
202509010410,2,36.0
202509010403,1,52.4
202509010704,1,52.4
202509010411,3,31.2
202509010404,3,31.8
202509010705,3,37.9
202509010412,2,34.7
202509010706,2,42.8
202509010405,4,25.9
202509010501,1,53.6
202509010406,2,46.4
202509010707,4,25.0
202509010502,4,24.7
202509010407,1,53.4
202509010708,2,42.3
202509010503,3,39.8
202509010408,2,37.1
202509010709,5,20.9
202509010504,4,28.1
202509010409,1,33.7
202509010710,3,32.3
202509010505,4,27.0
202509010711,2,50.5
202509010410,2,36.0
202509010506,3,33.8
202509010712,3,25.7
202509010411,3,31.2
202509010507,4,25.7
202509010801,2,36.8
202509010412,2,34.7
202509010508,0,
202509010802,2,40.7
202509010501,1,53.6
202509010509,2,39.6
202509010803,2,48.7
202509010502,4,24.7
202509010804,5,22.6
202509010510,3,29.9
202509010503,3,39.8
202509010511,2,36.5
202509010805,2,41.0
202509010504,4,28.1
202509010806,3,34.0
202509010512,1,54.1
202509010505,4,27.0
202509010601,2,40.4
202509010807,1,57.2
202509010506,3,33.8
202509010602,1,64.9
202509010808,3,31.9
202509010507,4,25.7
202509010603,3,32.6
202509010809,3,34.0
202509010508,0,
202509010604,0,
202509010810,5,26.8
202509010509,2,39.6
202509010605,2,35.9
202509010811,2,37.8
202509010510,3,29.9
202509010606,1,53.2
202509010812,3,33.5
202509010511,2,36.5
202509010607,4,30.1
202509020101,2,34.9
202509010512,1,54.1
202509010608,2,34.6
202509010601,2,40.4
202509020102,1,74.8
202509010609,1,52.3
202509020103,2,37.5
202509010602,1,64.9
202509010610,3,32.5
202509020104,2,41.8
202509010603,3,32.6
202509010611,3,27.1
202509020105,2,44.2
202509010604,0,
202509010612,1,41.0
202509020106,2,33.0
202509010605,2,35.9
202509010701,2,35.8
202509020107,4,30.6
202509010606,1,53.2
202509010702,1,62.2
202509020108,0,
202509010607,4,30.1
202509010703,3,37.7
202509020109,4,19.8
202509010608,2,34.6
202509010704,1,52.4
202509020110,1,49.7
202509010609,1,52.3
202509010705,3,37.9
202509020111,2,35.7
202509010610,3,32.5
202509010706,2,42.8
202509020112,1,67.4
202509010611,3,27.1
202509010707,4,25.0
202509020201,2,46.4
202509010612,1,41.0
202509010708,2,42.3
202509020202,2,29.7
202509010701,2,35.8
202509010709,5,20.9
202509020203,1,57.4
202509010702,1,62.2
202509010710,3,32.3
202509020204,0,
202509010703,3,37.7
202509010711,2,50.5
202509020205,4,29.2
202509010704,1,52.4
202509010712,3,25.7
202509020206,4,30.2
202509010705,3,37.9
202509020207,5,24.0
202509010801,2,36.8
202509010706,2,42.8
202509010802,2,40.7
202509020208,1,63.0
202509010707,4,25.0
202509010803,2,48.7
202509020209,1,36.2
202509010708,2,42.3
202509010804,5,22.6
202509020210,2,41.1
202509010709,5,20.9
202509010805,2,41.0
202509020211,2,31.5
202509010710,3,32.3
202509010806,3,34.0
202509020212,2,32.6
202509010711,2,50.5
202509010807,1,57.2
202509020301,3,36.9
202509010712,3,25.7
202509010808,3,31.9
202509020302,2,37.8
202509010801,2,36.8
202509010809,3,34.0
202509020303,3,31.6
202509010802,2,40.7
202509010810,5,26.8
202509020304,3,28.9
202509010803,2,48.7
202509010811,2,37.8
202509020305,3,34.5
202509010812,3,33.5
202509010804,5,22.6
202509020306,2,42.2
202509020101,2,34.9
202509010805,2,41.0
202509020307,3,32.3
202509010806,3,34.0
202509020102,1,74.8
202509020308,1,52.3
202509010807,1,57.2
202509020103,2,37.5
202509020309,1,56.4
202509020104,2,41.8
202509010808,3,31.9
202509020310,3,24.8
202509020105,2,44.2
202509010809,3,34.0
202509020311,3,32.3
202509020106,2,33.0
202509010810,5,26.8
202509020312,3,25.3
202509010811,2,37.8
202509020107,4,30.6
202509020401,2,39.4
202509010812,3,33.5
202509020108,0,
202509020402,2,43.6
202509020109,4,19.8
202509020101,2,34.9
202509020403,2,41.6
202509020110,1,49.7
202509020102,1,74.8
202509020404,3,37.0
202509020111,2,35.7
202509020103,2,37.5
202509020405,3,31.6
202509020104,2,41.8
202509020112,1,67.4
202509020406,2,41.4
202509020105,2,44.2
202509020201,2,46.4
202509020407,2,47.6
202509020106,2,33.0
202509020202,2,29.7
202509020408,1,28.7
202509020107,4,30.6
202509020203,1,57.4
202509020409,3,31.5
202509020108,0,
202509020204,0,
202509020410,2,34.9
202509020109,4,19.8
202509020205,4,29.2
202509020411,2,31.8
202509020110,1,49.7
202509020206,4,30.2
202509020412,2,36.1
202509020111,2,35.7
202509020207,5,24.0
202509020501,3,37.0
202509020112,1,67.4
202509020208,1,63.0
202509020502,3,33.4
202509020201,2,46.4
202509020209,1,36.2
202509020503,3,37.6
202509020202,2,29.7
202509020210,2,41.1
202509020504,3,23.0
202509020203,1,57.4
202509020211,2,31.5
202509020505,2,40.1
202509020204,0,
202509020212,2,32.6
202509020506,2,34.8
202509020205,4,29.2
202509020301,3,36.9
202509020507,1,51.9
202509020206,4,30.2
202509020302,2,37.8
202509020207,5,24.0
202509020508,3,27.8
202509020303,3,31.6
202509020208,1,63.0
202509020509,1,60.9
202509020304,3,28.9
202509020209,1,36.2
202509020510,3,26.5
202509020305,3,34.5
202509020210,2,41.1
202509020511,4,26.4
202509020306,2,42.2
202509020211,2,31.5
202509020512,3,31.6
202509020307,3,32.3
202509020212,2,32.6
202509020601,2,38.5
202509020308,1,52.3
202509020301,3,36.9
202509020602,3,32.8
202509020309,1,56.4
202509020302,2,37.8
202509020603,2,34.7
202509020310,3,24.8
202509020604,3,39.4
202509020303,3,31.6
202509020311,3,32.3
202509020605,4,27.9
202509020304,3,28.9
202509020312,3,25.3
202509020606,2,39.2
202509020305,3,34.5
202509020401,2,39.4
202509020607,1,45.5
202509020306,2,42.2
202509020402,2,43.6
202509020307,3,32.3
202509020608,2,44.0
202509020403,2,41.6
202509020609,1,48.7
202509020308,1,52.3
202509020404,3,37.0
202509020309,1,56.4
202509020610,3,34.1
202509020405,3,31.6
202509020611,5,24.4
202509020310,3,24.8
202509020406,2,41.4
202509020612,4,31.7
202509020311,3,32.3
202509020407,2,47.6
202509020312,3,25.3
202509020701,3,38.7
202509020408,1,28.7
202509020401,2,39.4
202509020702,2,36.6
202509020409,3,31.5
202509020402,2,43.6
202509020703,2,32.3
202509020410,2,34.9
202509020403,2,41.6
202509020704,3,31.6
202509020411,2,31.8
202509020404,3,37.0
202509020705,1,50.0
202509020412,2,36.1
202509020405,3,31.6
202509020706,1,39.2
202509020501,3,37.0
202509020406,2,41.4
202509020707,1,54.9
202509020502,3,33.4
202509020407,2,47.6
202509020708,3,28.8
202509020503,3,37.6
202509020408,1,28.7
202509020709,3,33.0
202509020504,3,23.0
202509020409,3,31.5
202509020710,3,31.1
202509020505,2,40.1
202509020410,2,34.9
202509020711,3,31.4
202509020506,2,34.8
202509020411,2,31.8
202509020712,4,31.8
202509020412,2,36.1
202509020507,1,51.9
202509020801,2,32.8
202509020508,3,27.8
202509020501,3,37.0
202509020802,3,33.8
202509020509,1,60.9
202509020502,3,33.4
202509020803,3,29.8
202509020510,3,26.5
202509020503,3,37.6
202509020511,4,26.4
202509020804,0,
202509020504,3,23.0
202509020805,4,27.1
202509020512,3,31.6
202509020505,2,40.1
202509020806,4,26.1
202509020601,2,38.5
202509020506,2,34.8
202509020807,2,38.8
202509020602,3,32.8
202509020507,1,51.9
202509020808,2,33.6
202509020603,2,34.7
202509020508,3,27.8
202509020809,1,45.1
202509020604,3,39.4
202509020509,1,60.9
202509020810,3,29.8
202509020605,4,27.9
202509020510,3,26.5
202509020811,2,42.0
202509020606,2,39.2
202509020511,4,26.4
202509020812,3,29.5
202509020607,1,45.5
202509020512,3,31.6
202509030101,3,36.8
202509020608,2,44.0
202509020601,2,38.5
202509030102,3,36.6
202509020602,3,32.8
202509020609,1,48.7
202509030103,3,27.4
202509020610,3,34.1
202509020603,2,34.7
202509030104,2,41.7
202509020611,5,24.4
202509020604,3,39.4
202509030105,1,53.9
202509020612,4,31.7
202509020605,4,27.9
202509030106,2,38.7
202509020606,2,39.2
202509020701,3,38.7
202509030107,2,53.3
202509020607,1,45.5
202509020702,2,36.6
202509030108,1,63.6
202509020608,2,44.0
202509020703,2,32.3
202509030109,1,55.2
202509020609,1,48.7
202509020704,3,31.6
202509020610,3,34.1
202509030110,1,62.7
202509020705,1,50.0
202509020611,5,24.4
202509030111,3,26.6
202509020706,1,39.2
202509020612,4,31.7
202509030112,3,35.9
202509020707,1,54.9
202509020701,3,38.7
202509030201,0,
202509020708,3,28.8
202509020702,2,36.6
202509030202,3,33.1
202509020709,3,33.0
202509020703,2,32.3
202509030203,3,36.2
202509020710,3,31.1
202509020704,3,31.6
202509030204,3,36.8
202509020711,3,31.4
202509030205,1,44.5
202509020705,1,50.0
202509020712,4,31.8
202509030206,4,24.7
202509020706,1,39.2
202509020801,2,32.8
202509030207,4,31.3
202509020707,1,54.9
202509020802,3,33.8
202509030208,2,37.3
202509020708,3,28.8
202509020803,3,29.8
202509030209,1,47.2
202509020709,3,33.0
202509020804,0,
202509030210,4,23.8
202509020710,3,31.1
202509020805,4,27.1
202509030211,4,25.9
202509020711,3,31.4
202509020806,4,26.1
202509030212,3,29.3
202509020712,4,31.8
202509020807,2,38.8
202509030301,3,36.8
202509020801,2,32.8
202509020808,2,33.6
202509030302,3,37.8
202509020802,3,33.8
202509020809,1,45.1
202509030303,3,37.6
202509020810,3,29.8
202509020803,3,29.8
202509030304,4,24.9
202509020811,2,42.0
202509020804,0,
202509030305,1,46.5
202509020812,3,29.5
202509020805,4,27.1
202509030306,5,26.6
202509030101,3,36.8
202509020806,4,26.1
202509030307,3,30.3
202509030102,3,36.6
202509020807,2,38.8
202509030308,1,73.6
202509030103,3,27.4
202509020808,2,33.6
202509030309,3,34.5
202509030104,2,41.7
202509020809,1,45.1
202509030310,5,27.7
202509030105,1,53.9
202509020810,3,29.8
202509030311,3,33.3
202509030106,2,38.7
202509020811,2,42.0
202509030312,4,29.0
202509030107,2,53.3
202509020812,3,29.5
202509030401,2,35.5
202509030108,1,63.6
202509030101,3,36.8
202509030402,2,41.4
202509030102,3,36.6
202509030109,1,55.2
202509030403,5,27.5
202509030110,1,62.7
202509030103,3,27.4
202509030404,2,39.8
202509030111,3,26.6
202509030104,2,41.7
202509030405,1,42.5
202509030112,3,35.9
202509030105,1,53.9
202509030406,3,28.7
202509030201,0,
202509030106,2,38.7
202509030407,2,48.5
202509030202,3,33.1
202509030107,2,53.3
202509030408,3,34.2
202509030203,3,36.2
202509030108,1,63.6
202509030409,3,30.3
202509030204,3,36.8
202509030109,1,55.2
202509030410,4,25.2
202509030205,1,44.5
202509030110,1,62.7
202509030411,5,25.8
202509030206,4,24.7
202509030111,3,26.6
202509030412,3,31.2
202509030207,4,31.3
202509030112,3,35.9
202509030501,0,
202509030208,2,37.3
202509030201,0,
202509030502,3,35.1
202509030209,1,47.2
202509030202,3,33.1
202509030503,2,40.0
202509030210,4,23.8
202509030203,3,36.2
202509030504,2,38.4
202509030211,4,25.9
202509030204,3,36.8
202509030505,1,51.2
202509030212,3,29.3
202509030205,1,44.5
202509030506,2,35.5
202509030301,3,36.8
202509030206,4,24.7
202509030507,2,36.7
202509030302,3,37.8
202509030207,4,31.3
202509030508,3,30.2
202509030303,3,37.6
202509030208,2,37.3
202509030509,3,32.0
202509030304,4,24.9
202509030209,1,47.2
202509030510,1,32.2
202509030305,1,46.5
202509030210,4,23.8
202509030511,3,30.2
202509030306,5,26.6
202509030211,4,25.9
202509030512,2,33.8
202509030307,3,30.3
202509030212,3,29.3
202509030601,4,27.8
202509030308,1,73.6
202509030301,3,36.8
202509030602,2,45.3
202509030309,3,34.5
202509030302,3,37.8
202509030603,4,32.4
202509030310,5,27.7
202509030303,3,37.6
202509030604,2,43.9
202509030311,3,33.3
202509030304,4,24.9
202509030605,2,40.3
202509030312,4,29.0
202509030305,1,46.5
202509030606,3,30.0
202509030401,2,35.5
202509030306,5,26.6
202509030607,1,62.7
202509030402,2,41.4
202509030307,3,30.3
202509030608,3,33.1
202509030403,5,27.5
202509030308,1,73.6
202509030609,1,53.7
202509030404,2,39.8
202509030309,3,34.5
202509030610,4,32.5
202509030405,1,42.5
202509030310,5,27.7
202509030611,2,36.4
202509030406,3,28.7
202509030311,3,33.3
202509030612,2,40.4
202509030312,4,29.0
202509030407,2,48.5
202509040101,1,65.2
202509030401,2,35.5
202509030408,3,34.2
202509040102,1,108.3
202509030409,3,30.3
202509030402,2,41.4
202509040103,2,36.8
202509030410,4,25.2
202509030403,5,27.5
202509040104,4,26.7
202509030411,5,25.8
202509030404,2,39.8
202509040105,2,41.2
202509030412,3,31.2
202509030405,1,42.5
202509040106,2,40.7
202509030501,0,
202509030406,3,28.7
202509040107,3,31.2
202509030502,3,35.1
202509030407,2,48.5
202509040108,1,46.5
202509030503,2,40.0
202509030408,3,34.2
202509040109,1,54.4
202509030504,2,38.4
202509030409,3,30.3
202509040110,2,36.0
202509030505,1,51.2
202509030410,4,25.2
202509040111,3,30.7
202509030411,5,25.8
202509030506,2,35.5
202509040112,2,47.1
202509030412,3,31.2
202509030507,2,36.7
202509040201,1,69.3
202509030501,0,
202509030508,3,30.2
202509040202,1,88.2
202509030509,3,32.0
202509030502,3,35.1
202509040203,3,36.0
202509030510,1,32.2
202509030503,2,40.0
202509040204,3,32.0
202509030511,3,30.2
202509030504,2,38.4
202509040205,1,78.0
202509030512,2,33.8
202509030505,1,51.2
202509040206,3,32.6
202509030601,4,27.8
202509030506,2,35.5
202509040207,1,56.3
202509030602,2,45.3
202509030507,2,36.7
202509040208,1,107.3
202509030603,4,32.4
202509030508,3,30.2
202509040209,2,35.3
202509030604,2,43.9
202509030509,3,32.0
202509040210,2,48.0
202509030605,2,40.3
202509030510,1,32.2
202509040211,5,25.7
202509030511,3,30.2
202509030606,3,30.0
202509040212,3,29.8
202509030512,2,33.8
202509030607,1,62.7
202509040301,1,49.6
202509030601,4,27.8
202509030608,3,33.1
202509040302,1,61.6
202509030602,2,45.3
202509030609,1,53.7
202509040303,1,135.4
202509030603,4,32.4
202509030610,4,32.5
202509040304,4,30.5
202509030604,2,43.9
202509030611,2,36.4
202509040305,1,43.2
202509030605,2,40.3
202509030612,2,40.4
202509040306,2,42.0
202509030606,3,30.0
202509040101,1,65.2
202509040307,4,24.7
202509030607,1,62.7
202509040102,1,108.3
202509040308,1,72.1
202509030608,3,33.1
202509040103,2,36.8
202509040309,4,26.9
202509030609,1,53.7
202509040104,4,26.7
202509040310,1,37.5
202509030610,4,32.5
202509040105,2,41.2
202509040311,4,32.4
202509030611,2,36.4
202509040106,2,40.7
202509040312,3,37.2
202509030612,2,40.4
202509040107,3,31.2
202509040401,2,45.4
202509040101,1,65.2
202509040108,1,46.5
202509040402,1,44.9
202509040102,1,108.3
202509040109,1,54.4
202509040403,4,32.5
202509040103,2,36.8
202509040110,2,36.0
202509040404,3,26.5
202509040104,4,26.7
202509040111,3,30.7
202509040405,1,66.8
202509040105,2,41.2
202509040112,2,47.1
202509040406,1,50.7
202509040106,2,40.7
202509040201,1,69.3
202509040407,3,29.4
202509040202,1,88.2
202509040107,3,31.2
202509040408,2,39.8
202509040203,3,36.0
202509040108,1,46.5
202509040409,1,70.2
202509040204,3,32.0
202509040109,1,54.4
202509040410,2,36.7
202509040205,1,78.0
202509040110,2,36.0
202509040411,4,24.1
202509040206,3,32.6
202509040111,3,30.7
202509040412,4,32.5
202509040207,1,56.3
202509040112,2,47.1
202509040501,0,
202509040208,1,107.3
202509040201,1,69.3
202509040502,1,56.0
202509040209,2,35.3
202509040503,1,106.0
202509040202,1,88.2
202509040210,2,48.0
202509040504,3,33.3
202509040203,3,36.0
202509040211,5,25.7
202509040505,1,52.6
202509040204,3,32.0
202509040212,3,29.8
202509040205,1,78.0
202509040506,4,25.0
202509040301,1,49.6
202509040507,2,43.4
202509040206,3,32.6
202509040302,1,61.6
202509040508,1,54.0
202509040207,1,56.3
202509040303,1,135.4
202509040509,2,41.6
202509040208,1,107.3
202509040304,4,30.5
202509040510,1,58.2
202509040209,2,35.3
202509040305,1,43.2
202509040511,4,30.4
202509040210,2,48.0
202509040306,2,42.0
202509040512,3,29.7
202509040211,5,25.7
202509040307,4,24.7
202509040212,3,29.8
202509040601,1,62.7
202509040308,1,72.1
202509040301,1,49.6
202509040602,1,75.1
202509040309,4,26.9
202509040302,1,61.6
202509040603,1,40.8
202509040310,1,37.5
202509040303,1,135.4
202509040604,0,
202509040311,4,32.4
202509040304,4,30.5
202509040605,2,29.6
202509040312,3,37.2
202509040606,4,32.1
202509040305,1,43.2
202509040401,2,45.4
202509040607,3,34.1
202509040306,2,42.0
202509040402,1,44.9
202509040608,1,69.5
202509040307,4,24.7
202509040403,4,32.5
202509040609,3,33.2
202509040308,1,72.1
202509040404,3,26.5
202509040610,1,64.0
202509040309,4,26.9
202509040405,1,66.8
202509040611,2,31.5
202509040310,1,37.5
202509040406,1,50.7
202509040612,3,35.9
202509040311,4,32.4
202509040407,3,29.4
202509040701,0,
202509040312,3,37.2
202509040408,2,39.8
202509040702,2,40.0
202509040401,2,45.4
202509040409,1,70.2
202509040703,1,52.1
202509040402,1,44.9
202509040410,2,36.7
202509040704,2,49.6
202509040403,4,32.5
202509040705,1,55.1
202509040411,4,24.1
202509040404,3,26.5
202509040706,1,57.1
202509040412,4,32.5
202509040405,1,66.8
202509040707,2,23.8
202509040501,0,
202509040406,1,50.7
202509040708,2,44.7
202509040502,1,56.0
202509040407,3,29.4
202509040503,1,106.0
202509040709,2,48.2
202509040408,2,39.8
202509040710,1,56.0
202509040504,3,33.3
202509040409,1,70.2
202509040711,2,39.6
202509040505,1,52.6
202509040410,2,36.7
202509040712,4,24.3
202509040506,4,25.0
202509040411,4,24.1
202509040801,2,38.8
202509040507,2,43.4
202509040412,4,32.5
202509040802,1,76.8
202509040508,1,54.0
202509040501,0,
202509040509,2,41.6
202509040803,2,39.5
202509040502,1,56.0
202509040510,1,58.2
202509040804,2,32.2
202509040503,1,106.0
202509040511,4,30.4
202509040805,1,41.0
202509040504,3,33.3
202509040512,3,29.7
202509040806,2,41.3
202509040505,1,52.6
202509040601,1,62.7
202509040506,4,25.0
202509040807,3,35.6
202509040602,1,75.1
202509040808,2,40.9
202509040507,2,43.4
202509040603,1,40.8
202509040809,1,52.6
202509040508,1,54.0
202509040604,0,
202509040810,2,31.1
202509040509,2,41.6
202509040605,2,29.6
202509040811,4,29.4
202509040510,1,58.2
202509040606,4,32.1
202509040812,3,32.1
202509040511,4,30.4
202509040607,3,34.1
202509040901,0,
202509040512,3,29.7
202509040608,1,69.5
202509040902,2,32.0
202509040601,1,62.7
202509040609,3,33.2
202509040903,1,49.0
202509040602,1,75.1
202509040610,1,64.0
202509040904,1,83.3
202509040603,1,40.8
202509040611,2,31.5
202509040905,3,26.2
202509040604,0,
202509040612,3,35.9
202509040906,3,33.2
202509040605,2,29.6
202509040701,0,
202509040907,3,29.8
202509040606,4,32.1
202509040702,2,40.0
202509040908,4,28.9
202509040607,3,34.1
202509040703,1,52.1
202509040909,2,43.2
202509040608,1,69.5
202509040704,2,49.6
202509040910,4,25.6
202509040609,3,33.2
202509040705,1,55.1
202509040911,2,40.2
202509040610,1,64.0
202509040706,1,57.1
202509040912,3,39.6
202509040611,2,31.5
202509040707,2,23.8
202509050101,3,35.1
202509040612,3,35.9
202509040708,2,44.7
202509050102,3,33.6
202509040701,0,
202509040709,2,48.2
202509050103,3,28.9
202509040702,2,40.0
202509040710,1,56.0
202509050104,1,61.8
202509040703,1,52.1
202509040711,2,39.6
202509050105,1,62.4
202509040704,2,49.6
202509040712,4,24.3
202509050106,1,52.5
202509040705,1,55.1
202509040801,2,38.8
202509050107,2,36.0
202509040706,1,57.1
202509040802,1,76.8
202509050108,3,28.7
202509040707,2,23.8
202509040803,2,39.5
202509040708,2,44.7
202509050109,1,50.7
202509040804,2,32.2
202509050110,3,32.6
202509040709,2,48.2
202509040805,1,41.0
202509050111,3,35.5
202509040710,1,56.0
202509040806,2,41.3
202509050112,4,31.6
202509040711,2,39.6
202509040807,3,35.6
202509050201,1,62.7
202509040712,4,24.3
202509040808,2,40.9
202509050202,3,30.6
202509040801,2,38.8
202509040809,1,52.6
202509050203,5,25.8
202509040802,1,76.8
202509040810,2,31.1
202509040803,2,39.5
202509050204,1,31.9
202509040811,4,29.4
202509040804,2,32.2
202509050205,2,29.6
202509040812,3,32.1
202509040805,1,41.0
202509050206,1,44.3
202509040901,0,
202509040806,2,41.3
202509040902,2,32.0
202509050207,2,35.3
202509040807,3,35.6
202509040903,1,49.0
202509050208,1,49.8
202509040808,2,40.9
202509040904,1,83.3
202509050209,3,34.5
202509040809,1,52.6
202509040905,3,26.2
202509050210,3,18.5
202509040810,2,31.1
202509040906,3,33.2
202509050211,5,24.9
202509040811,4,29.4
202509040907,3,29.8
202509050212,4,22.3
202509040812,3,32.1
202509050301,3,32.8
202509040908,4,28.9
202509040901,0,
202509050302,1,66.3
202509040909,2,43.2
202509040902,2,32.0
202509050303,3,29.4
202509040910,4,25.6
202509040903,1,49.0
202509050304,0,
202509040911,2,40.2
202509040904,1,83.3
202509050305,1,69.6
202509040912,3,39.6
202509040905,3,26.2
202509050306,1,44.3
202509050101,3,35.1
202509040906,3,33.2
202509050307,1,55.4
202509050102,3,33.6
202509050308,4,33.3
202509040907,3,29.8
202509050103,3,28.9
202509050309,1,52.7
202509040908,4,28.9
202509050104,1,61.8
202509040909,2,43.2
202509050310,2,42.1
202509050105,1,62.4
202509050311,3,36.9
202509040910,4,25.6
202509050106,1,52.5
202509050312,2,44.6
202509040911,2,40.2
202509050107,2,36.0
202509050401,2,36.3
202509040912,3,39.6
202509050108,3,28.7
202509050101,3,35.1
202509050402,3,32.4
202509050109,1,50.7
202509050403,2,42.3
202509050102,3,33.6
202509050404,2,33.3
202509050110,3,32.6
202509050103,3,28.9
202509050111,3,35.5
202509050405,1,83.7
202509050104,1,61.8
202509050406,1,57.4
202509050105,1,62.4
202509050112,4,31.6
202509050407,2,45.9
202509050106,1,52.5
202509050201,1,62.7
202509050408,2,38.8
202509050107,2,36.0
202509050202,3,30.6
202509050108,3,28.7
202509050409,2,37.8
202509050203,5,25.8
202509050109,1,50.7
202509050410,4,29.3
202509050204,1,31.9
202509050110,3,32.6
202509050205,2,29.6
202509050411,5,21.1
202509050111,3,35.5
202509050206,1,44.3
202509050412,1,51.2
202509050112,4,31.6
202509050501,2,39.1
202509050207,2,35.3
202509050201,1,62.7
202509050502,3,39.8
202509050208,1,49.8
202509050202,3,30.6
202509050503,4,28.8
202509050209,3,34.5
202509050203,5,25.8
202509050504,0,
202509050210,3,18.5
202509050204,1,31.9
202509050505,3,29.4
202509050211,5,24.9
202509050205,2,29.6
202509050506,2,42.3
202509050212,4,22.3
202509050206,1,44.3
202509050301,3,32.8
202509050507,4,32.2
202509050207,2,35.3
202509050302,1,66.3
202509050508,2,43.3
202509050208,1,49.8
202509050303,3,29.4
202509050509,2,37.8
202509050209,3,34.5
202509050304,0,
202509050510,1,57.4
202509050210,3,18.5
202509050305,1,69.6
202509050511,3,29.2
202509050211,5,24.9
202509050306,1,44.3
202509050512,4,31.1
202509050212,4,22.3
202509050307,1,55.4
202509050601,2,48.3
202509050301,3,32.8
202509050308,4,33.3
202509050602,2,39.8
202509050302,1,66.3
202509050603,4,29.7
202509050309,1,52.7
202509050303,3,29.4
202509050310,2,42.1
202509050604,1,59.1
202509050304,0,
202509050605,2,39.3
202509050311,3,36.9
202509050305,1,69.6
202509050312,2,44.6
202509050606,1,43.8
202509050306,1,44.3
202509050401,2,36.3
202509050607,5,22.6
202509050307,1,55.4
202509050402,3,32.4
202509050608,3,39.0
202509050308,4,33.3
202509050403,2,42.3
202509050609,4,29.9
202509050309,1,52.7
202509050404,2,33.3
202509050610,4,27.6
202509050310,2,42.1
202509050405,1,83.7
202509050611,3,35.7
202509050311,3,36.9
202509050406,1,57.4
202509050612,2,36.2
202509050312,2,44.6
202509050407,2,45.9
202509050701,2,41.2
202509050401,2,36.3
202509050408,2,38.8
202509050702,2,40.5
202509050402,3,32.4
202509050409,2,37.8
202509050703,2,40.6
202509050403,2,42.3
202509050410,4,29.3
202509050704,2,45.0
202509050404,2,33.3
202509050411,5,21.1
202509050705,2,35.1
202509050405,1,83.7
202509050412,1,51.2
202509050706,1,46.3
202509050406,1,57.4
202509050501,2,39.1
202509050707,2,41.4
202509050407,2,45.9
202509050502,3,39.8
202509050708,3,28.2
202509050408,2,38.8
202509050503,4,28.8
202509050709,2,35.4
202509050409,2,37.8
202509050504,0,
202509050710,3,31.0
202509050410,4,29.3
202509050505,3,29.4
202509050711,5,28.1
202509050411,5,21.1
202509050506,2,42.3
202509050712,1,67.4
202509050412,1,51.2
202509050507,4,32.2
202509050801,2,43.3
202509050501,2,39.1
202509050508,2,43.3
202509050802,5,27.7
202509050502,3,39.8
202509050509,2,37.8
202509050803,3,28.6
202509050503,4,28.8
202509050510,1,57.4
202509050804,2,30.3
202509050504,0,
202509050511,3,29.2
202509050805,0,
202509050505,3,29.4
202509050512,4,31.1
202509050506,2,42.3
202509050806,2,28.7
202509050601,2,48.3
202509050507,4,32.2
202509050807,3,32.6
202509050508,2,43.3
202509050602,2,39.8
202509050808,3,32.6
202509050509,2,37.8
202509050603,4,29.7
202509050809,2,44.3
202509050510,1,57.4
202509050604,1,59.1
202509050810,2,42.7
202509050511,3,29.2
202509050605,2,39.3
202509050811,3,23.2
202509050512,4,31.1
202509050606,1,43.8
202509050812,1,44.3
202509050601,2,48.3
202509050607,5,22.6
202510010101,2,37.4
202509050602,2,39.8
202509050608,3,39.0
202510010102,3,32.6
202509050603,4,29.7
202509050609,4,29.9
202510010103,2,37.6
202509050604,1,59.1
202509050610,4,27.6
202510010104,0,
202509050605,2,39.3
202510010105,0,
202509050611,3,35.7
202509050606,1,43.8
202510010106,3,27.5
202509050612,2,36.2
202509050607,5,22.6
202510010107,2,29.2
202509050701,2,41.2
202509050608,3,39.0
202510010108,3,30.3
202509050702,2,40.5
202509050609,4,29.9
202510010109,2,43.4
202509050703,2,40.6
202509050610,4,27.6
202510010110,3,26.5
202509050704,2,45.0
202509050611,3,35.7
202510010111,5,22.9
202509050705,2,35.1
202509050612,2,36.2
202510010112,3,34.6
202509050706,1,46.3
202509050701,2,41.2
202510010201,2,41.2
202509050707,2,41.4
202509050702,2,40.5
202510010202,3,33.1
202509050708,3,28.2
202509050703,2,40.6
202510010203,2,34.8
202509050709,2,35.4
202509050704,2,45.0
202510010204,0,
202509050710,3,31.0
202509050705,2,35.1
202510010205,3,20.7
202509050711,5,28.1
202509050706,1,46.3
202510010206,3,27.5
202509050712,1,67.4
202509050707,2,41.4
202510010207,2,35.8
202509050801,2,43.3
202509050708,3,28.2
202510010208,2,30.9
202509050802,5,27.7
202509050709,2,35.4
202510010209,5,26.1
202509050803,3,28.6
202509050710,3,31.0
202510010210,5,25.5
202509050804,2,30.3
202509050711,5,28.1
202510010211,2,35.1
202509050805,0,
202509050712,1,67.4
202510010212,2,35.3
202509050806,2,28.7
202509050801,2,43.3
202510010301,2,38.5
202509050807,3,32.6
202509050802,5,27.7
202510010302,2,35.7
202509050808,3,32.6
202509050803,3,28.6
202510010303,3,30.5
202509050809,2,44.3
202509050804,2,30.3
202510010304,0,
202509050810,2,42.7
202509050805,0,
202510010305,0,
202509050811,3,23.2
202509050806,2,28.7
202510010306,5,24.3
202509050812,1,44.3
202509050807,3,32.6
202510010307,2,47.4
202510010101,2,37.4
202509050808,3,32.6
202510010308,5,24.4
202509050809,2,44.3
202510010102,3,32.6
202510010309,4,24.0
202510010103,2,37.6
202509050810,2,42.7
202510010310,5,26.0
202509050811,3,23.2
202510010104,0,
202510010311,5,21.2
202509050812,1,44.3
202510010105,0,
202510010312,3,19.9
202510010101,2,37.4
202510010106,3,27.5
202510010401,3,33.3
202510010102,3,32.6
202510010107,2,29.2
202510010103,2,37.6
202510010402,2,34.0
202510010108,3,30.3
202510010104,0,
202510010403,3,29.2
202510010109,2,43.4
202510010404,0,
202510010105,0,
202510010110,3,26.5
202510010405,4,18.8
202510010106,3,27.5
202510010111,5,22.9
202510010406,2,36.2
202510010107,2,29.2
202510010112,3,34.6
202510010407,5,23.8
202510010108,3,30.3
202510010201,2,41.2
202510010408,1,44.5
202510010109,2,43.4
202510010202,3,33.1
202510010409,4,28.0
202510010110,3,26.5
202510010203,2,34.8
202510010410,3,22.9
202510010111,5,22.9
202510010204,0,
202510010411,3,29.2
202510010112,3,34.6
202510010205,3,20.7
202510010412,5,17.8
202510010201,2,41.2
202510010206,3,27.5
202510010501,2,36.3
202510010202,3,33.1
202510010207,2,35.8
202510010502,2,33.3
202510010208,2,30.9
202510010203,2,34.8
202510010503,2,37.5
202510010209,5,26.1
202510010204,0,
202510010504,0,
202510010210,5,25.5
202510010205,3,20.7
202510010505,0,
202510010211,2,35.1
202510010206,3,27.5
202510010506,4,29.9
202510010212,2,35.3
202510010207,2,35.8
202510010507,2,39.9
202510010301,2,38.5
202510010208,2,30.9
202510010508,2,35.1
202510010302,2,35.7
202510010209,5,26.1
202510010509,2,40.1
202510010303,3,30.5
202510010210,5,25.5
202510010510,3,29.6
202510010304,0,
202510010211,2,35.1
202510010511,2,33.0
202510010305,0,
202510010212,2,35.3
202510010512,5,23.3
202510010306,5,24.3
202510010301,2,38.5
202510010601,3,35.5
202510010307,2,47.4
202510010302,2,35.7
202510010602,3,26.2
202510010308,5,24.4
202510010303,3,30.5
202510010603,3,30.1
202510010309,4,24.0
202510010304,0,
202510010604,0,
202510010310,5,26.0
202510010305,0,
202510010605,1,57.0
202510010311,5,21.2
202510010306,5,24.3
202510010312,3,19.9
202510010606,5,24.2
202510010307,2,47.4
202510010401,3,33.3
202510010607,2,36.8
202510010308,5,24.4
202510010402,2,34.0
202510010608,3,28.9
202510010309,4,24.0
202510010609,4,29.9
202510010403,3,29.2
202510010310,5,26.0
202510010404,0,
202510010610,4,30.0
202510010311,5,21.2
202510010611,2,29.8
202510010405,4,18.8
202510010312,3,19.9
202510010612,4,19.9
202510010406,2,36.2
202510010401,3,33.3
202510010407,5,23.8
202510010701,3,37.2
202510010402,2,34.0
202510010702,4,22.5
202510010408,1,44.5
202510010403,3,29.2
202510010703,2,41.9
202510010409,4,28.0
202510010404,0,
202510010704,0,
202510010410,3,22.9
202510010405,4,18.8
202510010411,3,29.2
202510010705,3,29.4
202510010406,2,36.2
202510010706,5,28.0
202510010412,5,17.8
202510010407,5,23.8
202510010707,2,38.1
202510010501,2,36.3
202510010408,1,44.5
202510010502,2,33.3
202510010708,0,
202510010409,4,28.0
202510010503,2,37.5
202510010709,1,57.1
202510010410,3,22.9
202510010504,0,
202510010710,3,32.8
202510010411,3,29.2
202510010505,0,
202510010711,3,23.7
202510010412,5,17.8
202510010506,4,29.9
202510010712,2,36.4
202510010501,2,36.3
202510010507,2,39.9
202510010801,3,35.0
202510010502,2,33.3
202510010508,2,35.1
202510010802,4,28.7
202510010503,2,37.5
202510010509,2,40.1
202510010803,3,30.3
202510010504,0,
202510010510,3,29.6
202510010804,0,
202510010505,0,
202510010511,2,33.0
202510010805,3,37.8
202510010506,4,29.9
202510010512,5,23.3
202510010806,4,28.6
202510010507,2,39.9
202510010601,3,35.5
202510010807,4,29.0
202510010508,2,35.1
202510010602,3,26.2
202510010808,3,32.9
202510010509,2,40.1
202510010603,3,30.1
202510010809,5,24.2
202510010510,3,29.6
202510010604,0,
202510010810,3,24.4
202510010511,2,33.0
202510010605,1,57.0
202510010811,3,31.5
202510010512,5,23.3
202510010606,5,24.2
202510010812,4,32.4
202510010601,3,35.5
202510010607,2,36.8
202510010901,2,35.0
202510010602,3,26.2
202510010608,3,28.9
202510010902,4,30.7
202510010603,3,30.1
202510010609,4,29.9
202510010903,3,29.2
202510010604,0,
202510010610,4,30.0
202510010904,0,
202510010605,1,57.0
202510010611,2,29.8
202510010905,0,
202510010606,5,24.2
202510010612,4,19.9
202510010906,2,42.1
202510010607,2,36.8
202510010701,3,37.2
202510010907,5,27.0
202510010608,3,28.9
202510010702,4,22.5
202510010908,3,33.8
202510010609,4,29.9
202510010703,2,41.9
202510010909,3,23.9
202510010610,4,30.0
202510010704,0,
202510010910,3,27.4
202510010705,3,29.4
202510010611,2,29.8
202510010911,1,45.3
202510010612,4,19.9
202510010706,5,28.0
202510010912,5,25.6
202510010701,3,37.2
202510010707,2,38.1
202510011001,1,51.2
202510010702,4,22.5
202510010708,0,
202510011002,5,24.2
202510010703,2,41.9
202510010709,1,57.1
202510011003,3,34.4
202510010704,0,
202510010710,3,32.8
202510011004,0,
202510010705,3,29.4
202510010711,3,23.7
202510011005,2,36.4
202510010706,5,28.0
202510010712,2,36.4
202510011006,2,48.6
202510010707,2,38.1
202510010801,3,35.0
202510011007,2,43.6
202510010708,0,
202510010802,4,28.7
202510011008,3,29.6
202510010709,1,57.1
202510010803,3,30.3
202510011009,3,35.3
202510010710,3,32.8
202510010804,0,
202510011010,3,28.8
202510010711,3,23.7
202510010805,3,37.8
202510011011,3,26.0
202510010712,2,36.4
202510010806,4,28.6
202510011012,3,24.3
202510010801,3,35.0
202510010807,4,29.0
202510011101,2,35.8
202510010802,4,28.7
202510010808,3,32.9
202510011102,3,30.1
202510010803,3,30.3
202510010809,5,24.2
202510011103,3,31.9
202510010804,0,
202510010810,3,24.4
202510011104,0,
202510010805,3,37.8
202510010811,3,31.5
202510011105,0,
202510010806,4,28.6
202510010812,4,32.4
202510011106,3,25.8
202510010807,4,29.0
202510010901,2,35.0
202510011107,2,37.9
202510010808,3,32.9
202510010902,4,30.7
202510011108,4,31.0
202510010809,5,24.2
202510010903,3,29.2
202510011109,4,31.1
202510010810,3,24.4
202510010904,0,
202510011110,5,21.1
202510010811,3,31.5
202510010905,0,
202510011111,3,34.6
202510010812,4,32.4
202510010906,2,42.1
202510011112,4,20.8
202510010901,2,35.0
202510010907,5,27.0
202510011201,3,41.7
202510010902,4,30.7
202510010908,3,33.8
202510011202,4,25.9
202510010903,3,29.2
202510010909,3,23.9
202510011203,2,36.4
202510010904,0,
202510010910,3,27.4
202510011204,0,
202510010911,1,45.3
202510010905,0,
202510011205,3,36.0
202510010912,5,25.6
202510010906,2,42.1
202510011206,5,23.9
202510011001,1,51.2
202510010907,5,27.0
202510011207,4,28.6
202510010908,3,33.8
202510011002,5,24.2
202510011208,3,32.6
202510010909,3,23.9
202510011003,3,34.4
202510011209,5,25.4
202510010910,3,27.4
202510011004,0,
202510011210,3,25.1
202510011005,2,36.4
202510010911,1,45.3
202510011211,3,27.8
202510010912,5,25.6
202510011006,2,48.6
202510011212,4,24.9
202510011001,1,51.2
202510011007,2,43.6
202510020101,0,
202510011002,5,24.2
202510011008,3,29.6
202510020102,1,97.0
202510011003,3,34.4
202510011009,3,35.3
202510020103,3,37.8
202510011004,0,
202510011010,3,28.8
202510020104,3,36.4
202510011005,2,36.4
202510011011,3,26.0
202510020105,1,47.8
202510011006,2,48.6
202510011012,3,24.3
202510020106,2,39.1
202510011007,2,43.6
202510011101,2,35.8
202510020107,2,40.3
202510011008,3,29.6
202510011102,3,30.1
202510020108,3,31.8
202510011009,3,35.3
202510011103,3,31.9
202510020109,2,37.1
202510011010,3,28.8
202510011104,0,
202510020110,1,78.2
202510011011,3,26.0
202510011105,0,
202510020111,4,27.2
202510011012,3,24.3
202510011106,3,25.8
202510020112,3,31.3
202510011101,2,35.8
202510011107,2,37.9
202510020201,0,
202510011102,3,30.1
202510011108,4,31.0
202510020202,4,31.5
202510011103,3,31.9
202510011109,4,31.1
202510020203,3,34.5
202510011104,0,
202510011110,5,21.1
202510020204,3,30.2
202510011105,0,
202510011111,3,34.6
202510020205,3,32.2
202510011106,3,25.8
202510011112,4,20.8
202510020206,1,50.3
202510011107,2,37.9
202510011201,3,41.7
202510020207,3,29.8
202510011108,4,31.0
202510011202,4,25.9
202510020208,3,31.3
202510011109,4,31.1
202510011203,2,36.4
202510020209,1,41.9
202510011110,5,21.1
202510011204,0,
202510020210,3,30.7
202510011111,3,34.6
202510011205,3,36.0
202510020211,2,35.1
202510011112,4,20.8
202510011206,5,23.9
202510020212,3,34.0
202510011201,3,41.7
202510011207,4,28.6
202510020301,1,138.3
202510011202,4,25.9
202510011208,3,32.6
202510020302,2,36.0
202510011203,2,36.4
202510011209,5,25.4
202510020303,5,28.6
202510011204,0,
202510011210,3,25.1
202510020304,2,36.7
202510011205,3,36.0
202510011211,3,27.8
202510020305,1,56.1
202510011206,5,23.9
202510011212,4,24.9
202510020306,3,39.0
202510011207,4,28.6
202510020101,0,
202510020307,3,35.3
202510011208,3,32.6
202510020102,1,97.0
202510020308,2,48.5
202510011209,5,25.4
202510020103,3,37.8
202510020309,1,43.8
202510011210,3,25.1
202510020104,3,36.4
202510020310,3,38.8
202510020105,1,47.8
202510011211,3,27.8
202510020311,2,39.6
202510020106,2,39.1
202510011212,4,24.9
202510020312,1,50.4
202510020107,2,40.3
202510020101,0,
202510020401,3,32.7
202510020108,3,31.8
202510020102,1,97.0
202510020109,2,37.1
202510020402,3,32.3
202510020103,3,37.8
202510020403,5,26.6
202510020110,1,78.2
202510020104,3,36.4
202510020404,5,28.2
202510020111,4,27.2
202510020105,1,47.8
202510020405,1,48.1
202510020112,3,31.3
202510020106,2,39.1
202510020406,1,141.8
202510020201,0,
202510020107,2,40.3
202510020407,1,54.9
202510020202,4,31.5
202510020108,3,31.8
202510020408,3,32.0
202510020203,3,34.5
202510020109,2,37.1
202510020409,1,45.3
202510020204,3,30.2
202510020110,1,78.2
202510020205,3,32.2
202510020410,1,65.1
202510020111,4,27.2
202510020206,1,50.3
202510020411,4,22.9
202510020112,3,31.3
202510020207,3,29.8
202510020412,4,32.6
202510020201,0,
202510020208,3,31.3
202510020501,1,58.0
202510020202,4,31.5
202510020209,1,41.9
202510020502,3,35.4
202510020203,3,34.5
202510020503,3,33.8
202510020210,3,30.7
202510020204,3,30.2
202510020504,0,
202510020211,2,35.1
202510020205,3,32.2
202510020505,2,44.0
202510020212,3,34.0
202510020206,1,50.3
202510020506,3,27.5
202510020301,1,138.3
202510020207,3,29.8
202510020507,4,26.7
202510020302,2,36.0
202510020208,3,31.3
202510020508,3,27.9
202510020303,5,28.6
202510020209,1,41.9
202510020509,2,37.0
202510020304,2,36.7
202510020210,3,30.7
202510020510,3,33.9
202510020305,1,56.1
202510020211,2,35.1
202510020511,2,33.3
202510020306,3,39.0
202510020212,3,34.0
202510020512,3,28.2
202510020301,1,138.3
202510020307,3,35.3
202510020601,0,
202510020308,2,48.5
202510020302,2,36.0
202510020602,4,25.3
202510020303,5,28.6
202510020309,1,43.8
202510020603,3,36.7
202510020304,2,36.7
202510020310,3,38.8
202510020604,3,34.7
202510020305,1,56.1
202510020311,2,39.6
202510020605,2,37.1
202510020312,1,50.4
202510020306,3,39.0
202510020606,2,36.6
202510020401,3,32.7
202510020307,3,35.3
202510020607,4,28.6
202510020402,3,32.3
202510020308,2,48.5
202510020608,3,29.0
202510020403,5,26.6
202510020309,1,43.8
202510020609,4,23.7
202510020310,3,38.8
202510020404,5,28.2
202510020610,1,41.1
202510020311,2,39.6
202510020405,1,48.1
202510020611,5,26.1
202510020312,1,50.4
202510020406,1,141.8
202510020612,4,30.8
202510020401,3,32.7
202510020407,1,54.9
202510020701,1,57.6
202510020402,3,32.3
202510020408,3,32.0
202510020702,2,43.4
202510020403,5,26.6
202510020409,1,45.3
202510020703,4,31.3
202510020404,5,28.2
202510020410,1,65.1
202510020405,1,48.1
202510020704,3,33.5
202510020411,4,22.9
202510020406,1,141.8
202510020705,1,64.7
202510020412,4,32.6
202510020407,1,54.9
202510020706,3,34.2
202510020501,1,58.0
202510020408,3,32.0
202510020707,1,56.3
202510020502,3,35.4
202510020409,1,45.3
202510020708,1,46.1
202510020503,3,33.8
202510020410,1,65.1
202510020709,3,34.4
202510020504,0,
202510020411,4,22.9
202510020710,4,29.4
202510020505,2,44.0
202510020412,4,32.6
202510020711,5,27.4
202510020506,3,27.5
202510020501,1,58.0
202510020712,4,28.5
202510020507,4,26.7
202510020801,2,37.8
202510020502,3,35.4
202510020508,3,27.9
202510020503,3,33.8
202510020802,5,27.4
202510020509,2,37.0
202510020803,2,38.6
202510020504,0,
202510020510,3,33.9
202510020804,5,27.2
202510020505,2,44.0
202510020511,2,33.3
202510020805,2,38.8
202510020506,3,27.5
202510020512,3,28.2
202510020806,1,44.7
202510020507,4,26.7
202510020601,0,
202510020807,2,42.6
202510020508,3,27.9
202510020602,4,25.3
202510020808,2,40.3
202510020509,2,37.0
202510020603,3,36.7
202510020809,1,45.8
202510020510,3,33.9
202510020604,3,34.7
202510020810,2,33.7
202510020511,2,33.3
202510020605,2,37.1
202510020811,5,25.4
202510020512,3,28.2
202510020606,2,36.6
202510020812,5,26.2
202510020601,0,
202510020607,4,28.6
202510020602,4,25.3
202510020608,3,29.0
202510020609,4,23.7
202510020603,3,36.7
202510020610,1,41.1
202510020604,3,34.7
202510020605,2,37.1
202510020611,5,26.1
202510020606,2,36.6
202510020612,4,30.8
202510020607,4,28.6
202510020701,1,57.6
202510020608,3,29.0
202510020702,2,43.4
202510020703,4,31.3
202510020609,4,23.7
202510020704,3,33.5
202510020610,1,41.1
202510020705,1,64.7
202510020611,5,26.1
202510020706,3,34.2
202510020612,4,30.8
202510020707,1,56.3
202510020701,1,57.6
202510020708,1,46.1
202510020702,2,43.4
202510020709,3,34.4
202510020703,4,31.3
202510020710,4,29.4
202510020704,3,33.5
202510020711,5,27.4
202510020705,1,64.7
202510020712,4,28.5
202510020706,3,34.2
202510020801,2,37.8
202510020707,1,56.3
202510020802,5,27.4
202510020708,1,46.1
202510020803,2,38.6
202510020709,3,34.4
202510020804,5,27.2
202510020710,4,29.4
202510020805,2,38.8
202510020711,5,27.4
202510020806,1,44.7
202510020712,4,28.5
202510020807,2,42.6
202510020801,2,37.8
202510020808,2,40.3
202510020802,5,27.4
202510020809,1,45.8
202510020803,2,38.6
202510020810,2,33.7
202510020804,5,27.2
202510020811,5,25.4
202510020805,2,38.8
202510020812,5,26.2
202510020806,1,44.7
202510020807,2,42.6
202510020808,2,40.3
202510020809,1,45.8
202510020810,2,33.7
202510020811,5,25.4
202510020812,5,26.2
202603010301,0,
202603010302,0,
202603010303,0,
202603010304,0,
202603010305,0,
202603010306,0,
202603010307,0,
202603010308,0,
202603010309,0,
202603010310,0,
202603010311,0,
202603010312,0,
202606030701,0,
202606030702,0,
202606030703,0,
202606030704,0,
202606030705,0,
202606030706,0,
202606030707,0,
202606030708,0,
202606030709,0,
202606030710,0,
202606030711,0,
202606030712,0,
202609020701,0,
202609020702,0,
202609020703,0,
202609020704,0,
202609020705,0,
202609020706,0,
202609020707,0,
202609020708,0,
202609020709,0,
202609020710,0,
202609020711,0,
202609020712,0,
202603010401,0,
202603010402,0,
202603010403,0,
202603010404,0,
202603010405,0,
202603010406,0,
202603010407,0,
202603010408,0,
202603010409,0,
202603010410,0,
202603010411,0,
202603010412,0,
202606030801,0,
202606030802,0,
202606030803,0,
202606030804,0,
202606030805,0,
202606030806,0,
202606030807,0,
202606030808,0,
202606030809,0,
202606030810,0,
202606030811,0,
202606030812,0,
202609020801,0,
202609020802,0,
202609020803,0,
202609020804,0,
202609020805,0,
202609020806,0,
202609020807,0,
202609020808,0,
202609020809,0,
202609020810,0,
202609020811,0,
202609020812,0,
