race_id,lap_times,pace_first_half,pace_second_half
202001010101,12.4 - 11.3 - 12.4 - 12.7 - 12.8 - 12.2 - 12.0 - 11.9 - 12.0,36.1,35.9
202001010101,12.4 - 11.3 - 12.4 - 12.7 - 12.8 - 12.2 - 12.0 - 11.9 - 12.0,36.1,35.9
202001010102,6.7 - 11.0 - 12.2 - 12.6 - 12.3 - 12.4 - 12.8 - 12.9 - 13.3,29.9,39.0
202001010103,6.8 - 11.3 - 11.9 - 11.6 - 11.6 - 11.5 - 11.7 - 12.1,30.0,35.3
202001010104,6.8 - 11.3 - 12.4 - 13.0 - 12.4 - 12.2 - 12.5 - 12.3 - 13.4,30.5,38.2
202001010105,12.5 - 11.3 - 11.8 - 12.0 - 11.7 - 12.0,35.6,35.7
202001010106,12.5 - 11.4 - 11.9 - 12.6 - 12.5 - 12.3 - 12.3 - 11.9 - 11.8 - 12.1,35.8,35.8
202001010107,12.3 - 11.0 - 11.6 - 11.5 - 11.8,34.9,34.9
202001010108,6.9 - 11.9 - 12.7 - 12.7 - 12.3 - 12.2 - 12.1 - 12.1 - 12.7,31.5,36.9
202001010109,12.8 - 11.3 - 12.4 - 12.9 - 12.5 - 12.2 - 11.3 - 11.7 - 11.7 - 11.8,36.5,35.2
202001010110,6.8 - 10.8 - 11.8 - 12.5 - 12.3 - 12.6 - 12.6 - 12.3 - 13.0,29.4,37.9
202001010111,11.9 - 10.6 - 11.5 - 11.4 - 11.1 - 11.8,34.0,34.3
202001010112,12.0 - 10.7 - 11.2 - 11.5 - 11.4 - 12.0,33.9,34.9
202001010201,12.4 - 10.8 - 11.3 - 11.9 - 11.7 - 12.1,34.5,35.7
202001010202,12.5 - 11.1 - 11.6 - 11.6 - 11.8,35.2,35.0
202001010203,6.8 - 10.7 - 11.9 - 12.5 - 13.2 - 13.2 - 12.7 - 12.6 - 13.7,29.4,39.0
202001010204,12.4 - 11.0 - 12.2 - 13.2 - 13.0 - 12.2 - 11.9 - 12.0 - 11.7 - 12.1,35.6,35.8
202001010205,13.2 - 12.1 - 13.3 - 13.3 - 13.2 - 12.6 - 11.4 - 11.0 - 11.2,38.6,33.6
202001010206,6.9 - 11.0 - 12.6 - 12.7 - 12.9 - 13.8 - 13.1 - 12.4 - 12.8,30.5,38.3
202001010207,12.6 - 11.6 - 12.3 - 12.3 - 12.1 - 11.8 - 11.8 - 11.4 - 12.0,36.5,35.2
202001010208,6.8 - 11.1 - 12.6 - 12.8 - 12.4 - 12.3 - 12.5 - 12.5 - 12.8,30.5,37.8
202001010209,12.8 - 11.7 - 12.4 - 12.9 - 12.8 - 12.2 - 11.4 - 11.8 - 11.7 - 11.6,36.9,35.1
202001010210,11.9 - 10.7 - 11.4 - 11.4 - 11.1 - 11.8,34.0,34.3
202001010211,6.8 - 11.6 - 12.7 - 13.0 - 12.6 - 12.1 - 12.1 - 11.7 - 12.4,31.1,36.2
202001010212,6.7 - 11.0 - 11.0 - 11.2 - 11.7 - 12.2 - 12.2 - 12.2,28.7,36.6
202001010301,6.8 - 11.4 - 11.9 - 12.0 - 12.1 - 11.8 - 11.4 - 12.2,30.1,35.4
202001010302,6.8 - 10.8 - 12.1 - 12.6 - 12.5 - 12.7 - 13.0 - 12.4 - 12.7,29.7,38.1
202001010303,12.5 - 10.8 - 11.7 - 11.8 - 12.2,35.0,35.7
202001010304,6.8 - 11.2 - 12.1 - 12.8 - 12.4 - 12.6 - 12.9 - 12.6 - 12.7,30.1,38.2
202001010305,6.8 - 11.3 - 11.6 - 12.1 - 12.3 - 11.8 - 11.7 - 11.8,29.7,35.3
202001010306,12.5 - 10.5 - 11.7 - 12.1 - 12.2 - 12.6 - 12.1 - 12.2 - 12.4 - 12.6,34.7,37.2
202001010307,12.9 - 11.9 - 12.2 - 12.1 - 12.0 - 11.7 - 11.7 - 11.5 - 11.6,37.0,34.8
202001010308,12.0 - 10.5 - 11.1 - 11.7 - 12.8,33.6,35.6
202001010309,11.9 - 10.5 - 11.0 - 11.5 - 11.5 - 12.4,33.4,35.4
202001010310,12.7 - 11.9 - 12.4 - 12.5 - 11.9 - 12.7 - 12.8 - 12.9 - 12.2 - 11.7 - 11.8 - 12.2 - 12.4,37.0,36.4
202001010311,12.5 - 11.2 - 12.8 - 11.8 - 12.1 - 12.0 - 11.7 - 11.6 - 12.1,36.5,35.4
202001010312,6.9 - 11.3 - 12.6 - 12.8 - 12.3 - 11.8 - 12.3 - 12.6 - 13.1,30.8,38.0
202001010401,12.4 - 11.2 - 11.7 - 11.8 - 12.5,35.3,36.0
202001010402,6.8 - 10.8 - 12.0 - 13.0 - 13.0 - 12.5 - 12.7 - 12.6 - 12.6,29.6,37.9
202001010403,12.5 - 11.1 - 12.2 - 12.6 - 12.8 - 12.6 - 12.0 - 12.0 - 11.6 - 11.8,35.8,35.4
202001010404,12.0 - 10.8 - 11.0 - 11.5 - 11.6 - 11.7,33.8,34.8
202001010405,12.9 - 10.8 - 11.6 - 12.7 - 13.0 - 13.1 - 12.5 - 12.3 - 11.4 - 12.1,35.3,35.8
202001010406,12.6 - 11.0 - 11.6 - 11.8 - 12.1,35.2,35.5
202001010407,12.6 - 11.7 - 12.3 - 12.8 - 12.9 - 12.4 - 11.8 - 11.5 - 11.4 - 11.8,36.6,34.7
202001010408,13.8 - 12.3 - 12.2 - 12.2 - 12.1 - 12.0 - 12.4 - 12.3 - 12.1 - 11.9 - 12.0 - 12.0 - 12.4,38.3,36.4
202001010409,6.8 - 10.7 - 11.9 - 13.0 - 13.1 - 12.9 - 12.6 - 12.0 - 12.5,29.4,37.1
202001010410,6.8 - 10.8 - 11.9 - 12.9 - 13.0 - 12.5 - 12.5 - 12.6 - 12.5,29.5,37.6
202001010411,12.1 - 11.2 - 11.5 - 11.5 - 11.9 - 11.7 - 12.0 - 12.0 - 12.0,34.8,36.0
202001010412,7.0 - 11.3 - 11.5 - 11.8 - 11.8 - 11.5 - 11.5 - 11.7,29.8,34.7
202001010501,7.0 - 11.0 - 11.9 - 12.2 - 13.1 - 13.2 - 13.3 - 13.4 - 13.9,29.9,40.6
202001010502,13.0 - 12.0 - 12.0 - 12.2 - 12.1 - 12.0 - 12.0 - 12.2 - 12.6,37.0,36.8
202001010503,6.9 - 11.2 - 11.7 - 12.2 - 12.5 - 12.5 - 13.2 - 13.3 - 13.8,29.8,40.3
202001010504,6.8 - 11.0 - 11.5 - 11.7 - 11.9 - 11.9 - 11.7 - 12.5,29.3,36.1
202001010505,12.3 - 11.1 - 11.3 - 11.4 - 11.5 - 12.3,34.7,35.2
202001010506,12.8 - 11.0 - 12.0 - 12.2 - 12.6 - 12.3 - 11.9 - 11.9 - 12.6 - 12.6,35.8,37.1
202001010507,12.4 - 10.6 - 11.6 - 11.7 - 12.7,34.6,36.0
202001010508,6.9 - 11.0 - 12.1 - 12.5 - 12.3 - 12.4 - 12.4 - 12.2 - 13.1,30.0,37.7
202001010509,12.7 - 11.5 - 11.5 - 11.8 - 12.1 - 12.0 - 12.0 - 11.8 - 12.1,35.7,35.9
202001010510,6.8 - 11.4 - 12.4 - 12.6 - 12.5 - 12.3 - 12.3 - 12.4 - 12.9,30.6,37.6
202001010511,12.8 - 11.8 - 12.1 - 12.7 - 12.7 - 12.1 - 12.1 - 12.1 - 11.4 - 11.7 - 12.0 - 11.6 - 12.5,36.7,36.1
202001010512,6.8 - 11.3 - 11.5 - 11.6 - 11.8 - 12.0 - 11.4 - 11.6,29.6,35.0
202001010601,12.6 - 10.5 - 11.0 - 11.6 - 11.7 - 12.0,34.1,35.3
202001010602,12.4 - 11.3 - 11.6 - 11.9 - 12.9,35.3,36.4
202001010603,6.8 - 10.9 - 11.8 - 12.7 - 12.8 - 12.8 - 13.1 - 12.8 - 13.5,29.5,39.4
202001010604,12.2 - 10.8 - 11.0 - 11.5 - 11.5 - 11.7,34.0,34.7
202001010605,12.9 - 12.3 - 13.1 - 13.3 - 13.0 - 12.3 - 11.8 - 11.2 - 11.4,38.3,34.4
202001010606,12.8 - 12.3 - 12.9 - 13.2 - 13.0 - 12.5 - 12.6 - 12.8 - 12.4 - 12.1 - 11.7 - 11.7 - 12.1,38.0,35.5
202001010607,6.7 - 10.6 - 11.9 - 12.5 - 12.6 - 13.1 - 13.3 - 12.9 - 12.9,29.2,39.1
202001010608,12.6 - 11.0 - 12.2 - 13.1 - 13.0 - 11.7 - 11.9 - 11.8 - 11.6 - 11.9,35.8,35.3
202001010609,12.4 - 12.0 - 12.1 - 12.0 - 12.3 - 12.2 - 11.9 - 11.3 - 11.6,36.5,34.8
202001010610,12.2 - 11.3 - 11.6 - 11.4 - 10.9 - 11.6,35.1,33.9
202001010611,6.7 - 11.2 - 12.4 - 12.4 - 12.3 - 12.2 - 12.2 - 11.7 - 12.3,30.3,36.2
202001010612,12.1 - 10.6 - 11.4 - 11.4 - 11.5 - 11.9,34.1,34.8
202001020101,12.5 - 11.1 - 12.0 - 12.5 - 12.7 - 12.4 - 12.4 - 12.0 - 12.7,35.6,37.1
202001020102,12.6 - 11.2 - 11.6 - 11.6 - 12.4,35.4,35.6
202001020103,6.8 - 10.8 - 12.1 - 12.5 - 12.6 - 12.4 - 12.5 - 12.6 - 12.6,29.7,37.7
202001020104,12.4 - 11.1 - 11.5 - 11.5 - 12.1,35.0,35.1
202001020105,7.2 - 12.2 - 12.3 - 12.4 - 12.1 - 11.9 - 11.5 - 11.9,31.7,35.3
202001020106,12.8 - 11.2 - 12.3 - 12.4 - 12.2 - 12.4 - 12.2 - 12.2 - 12.2 - 12.9,36.3,37.3
202001020107,6.7 - 11.4 - 12.2 - 12.6 - 12.3 - 12.0 - 12.1 - 12.0 - 12.7,30.3,36.8
202001020108,13.6 - 12.6 - 12.7 - 12.7 - 12.4 - 12.5 - 12.7 - 12.5 - 12.2 - 11.9 - 12.0 - 12.0 - 12.6,38.9,36.6
202001020109,11.9 - 10.7 - 11.1 - 11.4 - 11.5 - 12.7,33.7,35.6
202001020110,12.8 - 11.5 - 12.1 - 12.6 - 12.8 - 12.2 - 11.9 - 11.9 - 12.2,36.4,36.0
202001020111,6.8 - 11.0 - 12.0 - 12.1 - 11.9 - 11.8 - 12.0 - 12.2 - 12.6,29.8,36.8
202001020112,6.8 - 11.3 - 11.5 - 11.9 - 12.0 - 11.9 - 11.6 - 12.1,29.6,35.6
202001020201,12.1 - 10.8 - 11.4 - 11.8 - 12.2 - 12.6,34.3,36.6
202001020202,6.7 - 11.0 - 11.7 - 12.7 - 12.7 - 12.4 - 12.3 - 12.7 - 12.8,29.4,37.8
202001020203,6.9 - 11.7 - 11.8 - 12.1 - 11.9 - 11.7 - 11.6 - 12.4,30.4,35.7
202001020204,6.8 - 11.1 - 12.1 - 12.4 - 12.5 - 12.3 - 12.9 - 12.9 - 13.4,30.0,39.2
202001020205,12.8 - 13.0 - 13.3 - 13.1 - 13.0 - 12.5 - 11.8 - 11.7 - 11.8,39.1,35.3
202001020206,12.4 - 10.7 - 11.3 - 11.5 - 11.9,34.4,34.7
202001020207,6.7 - 10.9 - 12.2 - 12.9 - 12.3 - 12.2 - 12.5 - 12.6 - 12.8,29.8,37.9
202001020208,6.8 - 11.1 - 11.5 - 11.9 - 11.8 - 11.9 - 11.7 - 12.5,29.4,36.1
202001020209,12.1 - 10.5 - 11.4 - 11.6 - 12.2,34.0,35.2
202001020210,13.1 - 11.8 - 12.5 - 12.5 - 12.3 - 12.1 - 11.9 - 11.7 - 11.6 - 12.4,37.4,35.7
202001020211,12.3 - 10.5 - 11.0 - 11.8 - 11.5 - 11.7,33.8,35.0
202001020212,12.4 - 11.4 - 11.9 - 12.2 - 12.4 - 12.0 - 11.9 - 11.9 - 12.7,35.7,36.5
202001020301,12.6 - 12.2 - 12.7 - 12.7 - 12.3 - 12.0 - 11.9 - 11.9 - 12.2,37.5,36.0
202001020302,7.0 - 11.6 - 11.8 - 12.3 - 12.8 - 13.0 - 12.9 - 12.1 - 13.5,30.4,38.5
202001020303,6.8 - 11.4 - 12.1 - 12.3 - 12.9 - 12.8 - 12.7 - 12.5 - 13.1,30.3,38.3
202001020304,12.2 - 10.8 - 11.2 - 11.6 - 11.5 - 12.1,34.2,35.2
202001020305,12.4 - 11.2 - 11.8 - 12.0 - 11.5 - 12.0,35.4,35.5
202001020306,6.8 - 11.2 - 11.9 - 12.9 - 12.9 - 12.7 - 12.7 - 12.5 - 13.4,29.9,38.6
202001020307,12.6 - 11.1 - 12.3 - 12.7 - 12.3 - 12.1 - 12.2 - 12.3 - 12.1 - 12.1,36.0,36.5
202001020308,12.3 - 10.7 - 11.5 - 11.7 - 12.8,34.5,36.0
202001020309,6.9 - 11.5 - 12.0 - 12.8 - 12.3 - 12.3 - 12.4 - 12.8 - 13.8,30.4,39.0
202001020310,12.7 - 10.9 - 12.1 - 12.2 - 11.9 - 12.2 - 12.0 - 12.4 - 12.2 - 12.3,35.7,36.9
202001020311,13.2 - 11.7 - 11.7 - 11.8 - 12.2 - 12.6 - 12.8 - 12.8 - 12.6 - 11.9 - 11.9 - 12.2 - 12.6,36.6,36.7
202001020312,12.2 - 10.8 - 11.3 - 11.6 - 11.4 - 11.8,34.3,34.8
202001020401,6.9 - 12.3 - 12.0 - 12.2 - 12.5 - 12.4 - 11.4 - 11.1,31.2,34.9
202001020402,12.5 - 11.2 - 12.1 - 11.5 - 12.0,35.8,35.6
202001020403,6.9 - 11.8 - 12.0 - 13.1 - 13.1 - 12.2 - 12.3 - 12.6 - 13.3,30.7,38.2
202001020404,13.1 - 12.3 - 13.0 - 13.2 - 13.0 - 13.5 - 13.6 - 12.5 - 12.1 - 11.9 - 11.8 - 11.8 - 12.1,38.4,35.7
202001020405,13.1 - 11.2 - 12.1 - 12.7 - 12.7 - 12.9 - 12.7 - 12.4 - 11.5 - 12.0,36.4,35.9
202001020406,13.1 - 12.3 - 12.9 - 12.7 - 13.0 - 13.2 - 13.0 - 12.6 - 12.4 - 12.8 - 13.0 - 14.4,38.3,40.2
202001020407,6.9 - 12.0 - 12.8 - 13.3 - 12.5 - 12.2 - 12.2 - 12.5 - 12.8,31.7,37.5
202001020408,13.1 - 11.3 - 12.5 - 12.3 - 12.1 - 11.9 - 11.6 - 11.7 - 11.6 - 12.3,36.9,35.6
202001020409,6.7 - 11.4 - 11.6 - 12.0 - 12.4 - 11.9 - 11.7 - 11.9,29.7,35.5
202001020410,6.7 - 11.5 - 12.3 - 12.5 - 12.4 - 12.0 - 12.5 - 13.0 - 13.7,30.5,39.2
202001020411,12.7 - 11.1 - 12.0 - 12.3 - 12.2 - 12.2 - 11.7 - 11.7 - 11.6 - 11.9,35.8,35.2
202001020412,12.0 - 10.6 - 11.0 - 11.5 - 11.5 - 12.2,33.6,35.2
202001020501,12.8 - 12.0 - 12.7 - 12.7 - 12.6 - 12.6 - 12.2 - 12.0 - 12.0,37.5,36.2
202001020502,12.0 - 10.8 - 11.3 - 11.9 - 11.7 - 12.6,34.1,36.2
202001020503,12.3 - 10.9 - 11.8 - 11.9 - 12.9,35.0,36.6
202001020504,7.0 - 11.3 - 12.0 - 12.5 - 12.8 - 12.6 - 13.0 - 12.6 - 13.5,30.3,39.1
202001020505,6.9 - 11.4 - 12.6 - 13.1 - 13.2 - 12.8 - 13.3 - 12.8 - 13.2,30.9,39.3
202001020506,6.8 - 11.0 - 11.3 - 11.8 - 12.0 - 12.2 - 12.0 - 12.5,29.1,36.7
202001020507,12.7 - 11.7 - 11.7 - 11.6 - 11.9 - 12.2 - 12.2 - 12.3 - 12.7,36.1,37.2
202001020508,6.7 - 11.4 - 12.5 - 13.1 - 12.4 - 12.1 - 12.5 - 12.5 - 13.4,30.6,38.4
202001020509,13.3 - 12.2 - 12.7 - 11.9 - 12.0 - 13.6 - 13.5 - 13.6 - 12.2 - 11.9 - 12.0 - 12.0 - 12.0,38.2,36.0
202001020510,12.2 - 11.1 - 11.4 - 11.7 - 11.5 - 11.8,34.7,35.0
202001020511,12.5 - 11.2 - 12.3 - 12.6 - 12.5 - 12.0 - 11.9 - 12.1 - 12.2 - 12.2,36.0,36.5
202001020512,6.6 - 11.5 - 12.7 - 13.3 - 12.9 - 11.9 - 12.4 - 12.3 - 12.9,30.8,37.6
202001020601,6.8 - 11.6 - 11.6 - 12.8 - 12.9 - 12.9 - 12.4 - 12.1,30.0,37.4
202001020602,12.7 - 10.9 - 11.5 - 11.6 - 12.3,35.1,35.4
202001020603,13.2 - 12.7 - 12.8 - 12.2 - 12.3 - 13.0 - 13.3 - 13.1 - 12.6 - 12.9 - 12.6 - 13.2,38.7,38.7
202001020604,12.7 - 11.6 - 12.5 - 13.4 - 13.1 - 12.9 - 12.7 - 12.7 - 12.0 - 12.2,36.8,36.9
202001020605,13.3 - 13.2 - 13.4 - 13.3 - 13.3 - 12.9 - 12.3 - 12.0 - 11.7,39.9,36.0
202001020606,6.7 - 11.1 - 11.5 - 12.5 - 12.5 - 12.3 - 12.6 - 12.9 - 13.0,29.3,38.5
202001020607,12.5 - 11.5 - 11.8 - 11.6 - 12.1,35.8,35.5
202001020608,6.6 - 11.2 - 11.2 - 11.7 - 12.4 - 13.1 - 12.2 - 12.5,29.0,37.8
202001020609,12.1 - 10.7 - 11.6 - 12.3 - 12.4 - 12.1,34.4,36.8
202001020610,6.6 - 10.7 - 11.6 - 12.2 - 12.4 - 12.5 - 12.7 - 12.0 - 12.6,28.9,37.3
202001020611,12.2 - 10.9 - 11.7 - 11.9 - 11.9 - 12.0,34.8,35.8
202001020612,12.8 - 12.3 - 12.7 - 12.6 - 12.4 - 12.3 - 12.5 - 12.6 - 12.4,37.8,37.5
202001020701,6.8 - 11.0 - 12.5 - 13.2 - 13.0 - 12.7 - 12.3 - 12.0 - 13.5,30.3,37.8
202001020702,12.2 - 10.9 - 11.3 - 11.5 - 11.4 - 11.4,34.4,34.3
202001020703,6.7 - 11.7 - 12.3 - 12.8 - 12.7 - 12.6 - 12.3 - 12.0 - 12.7,30.7,37.0
202001020704,6.8 - 11.2 - 12.2 - 13.0 - 12.6 - 12.4 - 12.5 - 12.2 - 13.5,30.2,38.2
202001020705,6.9 - 11.7 - 12.2 - 12.3 - 12.4 - 11.9 - 11.1 - 12.0,30.8,35.0
202001020706,12.6 - 11.1 - 11.4 - 11.4 - 12.1,35.1,34.9
202001020707,12.5 - 11.3 - 12.3 - 12.3 - 12.1 - 11.9 - 11.6 - 11.9 - 11.9 - 12.6,36.1,36.4
202001020708,13.0 - 11.1 - 12.1 - 12.5 - 12.5 - 12.2 - 11.8 - 11.8 - 11.5 - 12.0,36.2,35.3
202001020709,6.8 - 11.3 - 12.5 - 12.7 - 12.4 - 12.2 - 12.1 - 12.2 - 13.3,30.6,37.6
202001020710,12.2 - 10.6 - 11.0 - 11.7 - 11.6 - 11.7,33.8,35.0
202001020711,12.3 - 11.0 - 11.7 - 12.1 - 12.1 - 12.1 - 11.9 - 12.0 - 13.0,35.0,36.9
202001020712,6.9 - 11.8 - 11.8 - 11.7 - 12.0 - 11.6 - 11.1 - 11.5,30.5,34.2
202001020801,12.5 - 10.5 - 12.5 - 13.0 - 13.0 - 12.4 - 12.2 - 12.2 - 12.0 - 12.6,35.5,36.8
202001020802,12.3 - 10.6 - 11.3 - 11.9 - 11.9 - 12.7,34.2,36.5
202001020803,12.4 - 10.9 - 11.5 - 11.4 - 12.6,34.8,35.5
202001020804,6.8 - 11.4 - 12.4 - 12.7 - 12.8 - 12.4 - 12.7 - 12.7 - 13.1,30.6,38.5
202001020805,12.9 - 11.3 - 12.6 - 12.5 - 12.4 - 12.2 - 12.1 - 12.1 - 11.7 - 12.1,36.8,35.9
202001020806,12.1 - 10.8 - 11.3 - 11.7 - 11.4 - 12.1,34.2,35.2
202001020807,12.3 - 11.8 - 12.2 - 12.4 - 12.3 - 12.2 - 11.9 - 11.7 - 11.8,36.3,35.4
202001020808,6.7 - 11.2 - 12.2 - 12.2 - 12.7 - 12.5 - 12.2 - 11.9 - 12.7,30.1,36.8
202001020809,6.8 - 11.3 - 11.3 - 11.5 - 12.0 - 12.3 - 12.0 - 12.1,29.4,36.4
202001020810,12.0 - 10.8 - 11.2 - 11.7 - 11.7 - 12.7,34.0,36.1
202001020811,13.0 - 11.8 - 12.3 - 11.8 - 11.8 - 12.6 - 12.7 - 12.2 - 12.2 - 12.1 - 12.2 - 11.6 - 12.4,37.1,36.2
202001020812,6.8 - 11.2 - 12.1 - 12.8 - 12.7 - 12.4 - 12.3 - 12.3 - 13.1,30.1,37.7
202002010101,11.9 - 10.7 - 11.1 - 11.6 - 11.6 - 12.0,33.7,35.2
202002010102,6.6 - 11.0 - 12.3 - 12.6 - 12.9 - 12.2 - 12.7 - 12.9 - 13.8,29.9,39.4
202002010103,12.5 - 11.2 - 11.8 - 11.7 - 12.5,35.5,36.0
202002010104,6.8 - 10.9 - 11.6 - 12.3 - 12.7 - 12.7 - 12.7 - 13.2 - 13.7,29.3,39.6
202002010105,12.5 - 11.3 - 11.4 - 11.0 - 11.4,35.2,33.8
202002010106,12.4 - 11.2 - 11.5 - 11.4 - 11.0 - 12.1,35.1,34.5
202002010107,12.8 - 10.9 - 12.5 - 13.0 - 13.2 - 12.6 - 12.1 - 11.5 - 11.1 - 12.1,36.2,34.7
202002010108,12.2 - 10.6 - 11.4 - 11.4 - 12.5,34.2,35.3
202002010109,6.7 - 10.8 - 11.9 - 12.6 - 12.9 - 12.4 - 12.5 - 12.8 - 13.1,29.4,38.4
202002010110,13.1 - 11.7 - 11.8 - 12.0 - 11.5 - 12.6 - 12.2 - 12.5 - 12.6 - 12.2 - 12.1 - 11.8 - 12.6,36.6,36.5
202002010111,11.9 - 10.3 - 10.9 - 11.4 - 11.4 - 12.0,33.1,34.8
202002010112,12.2 - 11.2 - 12.5 - 12.8 - 12.5 - 11.7 - 11.7 - 11.3 - 12.0,35.9,35.0
202002010201,12.0 - 10.7 - 11.3 - 11.6 - 11.4 - 11.5,34.0,34.5
202002010202,6.9 - 10.9 - 12.5 - 13.0 - 12.8 - 12.5 - 12.8 - 12.7 - 12.5,30.3,38.0
202002010203,12.2 - 10.5 - 11.5 - 12.1 - 13.0,34.2,36.6
202002010204,12.2 - 11.1 - 12.0 - 12.2 - 12.3 - 11.8 - 11.7 - 11.4 - 12.4,35.3,35.5
202002010205,12.5 - 11.0 - 11.4 - 11.7 - 11.3 - 12.3,34.9,35.3
202002010206,7.0 - 10.9 - 12.0 - 12.7 - 12.8 - 12.5 - 12.8 - 13.1 - 13.8,29.9,39.7
202002010207,12.1 - 10.5 - 11.6 - 11.9 - 12.4,34.2,35.9
202002010208,12.6 - 10.8 - 12.1 - 12.2 - 11.9 - 12.0 - 12.1 - 12.4 - 11.5 - 11.9,35.5,35.8
202002010209,11.9 - 10.3 - 10.8 - 11.5 - 11.6 - 12.3,33.0,35.4
202002010210,6.9 - 10.9 - 12.4 - 12.9 - 13.0 - 12.6 - 12.7 - 12.8 - 13.0,30.2,38.5
202002010211,11.8 - 10.3 - 10.6 - 11.5 - 11.3 - 12.0,32.7,34.8
202002010212,12.2 - 11.6 - 11.9 - 11.9 - 11.8 - 11.3 - 11.5 - 11.5 - 12.6,35.7,35.6
202002010301,11.9 - 10.6 - 11.3 - 11.9 - 11.5 - 12.0,33.8,35.4
202002010302,12.1 - 10.8 - 12.1 - 11.9 - 12.1,35.0,36.1
202002010303,12.4 - 10.6 - 11.8 - 12.1 - 11.8 - 12.0 - 12.4 - 12.2 - 11.8 - 12.6,34.8,36.6
202002010304,6.9 - 11.1 - 11.9 - 12.3 - 12.8 - 12.5 - 12.9 - 13.6 - 13.6,29.9,40.1
202002010305,12.1 - 10.6 - 11.0 - 11.3 - 11.3 - 12.4,33.7,35.0
202002010306,6.9 - 11.3 - 12.6 - 12.8 - 12.6 - 12.3 - 12.9 - 13.2 - 13.7,30.8,39.8
202002010307,12.1 - 10.8 - 11.6 - 12.1 - 12.3,34.5,36.0
202002010308,11.9 - 10.5 - 11.3 - 11.5 - 11.3 - 12.2,33.7,35.0
202002010309,7.1 - 10.9 - 11.8 - 12.5 - 12.5 - 12.8 - 12.7 - 13.0 - 13.3,29.8,39.0
202002010310,12.6 - 12.0 - 12.3 - 12.6 - 12.3 - 11.9 - 11.7 - 11.0 - 11.6,36.9,34.3
202002010311,12.0 - 10.3 - 11.2 - 11.7 - 11.5 - 11.8,33.5,35.0
202002010312,12.0 - 11.0 - 11.4 - 11.7 - 11.4 - 11.6,34.4,34.7
202002010401,12.1 - 10.4 - 11.4 - 12.0 - 11.7 - 11.8,33.9,35.5
202002010402,12.3 - 11.0 - 11.8 - 12.1 - 12.8,35.1,36.7
202002010403,7.0 - 11.2 - 12.3 - 12.8 - 12.9 - 12.3 - 12.7 - 12.6 - 13.5,30.5,38.8
202002010404,12.2 - 11.5 - 12.3 - 12.8 - 11.8 - 11.7 - 12.0 - 11.6 - 12.3,36.0,35.9
202002010405,12.0 - 10.4 - 11.1 - 11.9 - 11.9 - 12.2,33.5,36.0
202002010406,12.6 - 11.7 - 12.4 - 12.4 - 12.1 - 12.5 - 12.6 - 12.3 - 11.9 - 12.0 - 12.2 - 11.5 - 12.1,36.7,35.8
202002010407,6.8 - 11.1 - 11.9 - 12.6 - 12.7 - 12.5 - 12.9 - 12.9 - 13.2,29.8,39.0
202002010408,12.1 - 10.4 - 10.9 - 11.3 - 11.5 - 12.5,33.4,35.3
202002010409,6.9 - 11.2 - 12.1 - 11.9 - 12.6 - 12.4 - 12.8 - 13.3 - 13.9,30.2,40.0
202002010410,12.8 - 11.0 - 11.5 - 11.9 - 12.1 - 12.0 - 11.9 - 12.3 - 12.3 - 12.4,35.3,37.0
202002010411,12.0 - 10.4 - 11.0 - 11.2 - 11.1 - 11.8,33.4,34.1
202002010412,6.8 - 10.9 - 11.7 - 12.6 - 13.2 - 12.8 - 12.9 - 12.6 - 12.7,29.4,38.2
202002010501,12.4 - 10.6 - 11.5 - 12.2 - 11.6 - 12.3,34.5,36.1
202002010502,12.2 - 10.9 - 11.3 - 11.5 - 12.1,34.4,34.9
202002010503,6.7 - 11.1 - 11.8 - 12.2 - 12.4 - 12.2 - 12.6 - 12.4 - 13.1,29.6,38.1
202002010504,12.1 - 10.7 - 11.2 - 11.7 - 11.2 - 12.1,34.0,35.0
202002010505,12.4 - 11.0 - 11.3 - 11.5 - 11.4 - 12.0,34.7,34.9
202002010506,12.3 - 10.9 - 11.8 - 11.3 - 12.2,35.0,35.3
202002010507,12.6 - 10.7 - 11.2 - 12.0 - 12.5 - 12.4 - 12.5 - 13.0 - 12.2 - 12.5,34.5,37.7
202002010508,6.9 - 10.6 - 11.6 - 12.3 - 12.6 - 12.1 - 12.3 - 12.4 - 12.7,29.1,37.4
202002010509,11.9 - 10.8 - 11.2 - 11.7 - 11.3 - 12.2,33.9,35.2
202002010510,12.5 - 11.9 - 12.6 - 12.6 - 12.1 - 12.2 - 12.1 - 11.5 - 11.8,37.0,35.4
202002010511,12.0 - 10.5 - 11.3 - 11.7 - 11.5 - 11.9,33.8,35.1
202002010512,6.9 - 10.8 - 12.1 - 12.5 - 12.6 - 12.1 - 12.2 - 12.1 - 12.0,29.8,36.3
202002010601,12.0 - 10.6 - 11.6 - 11.8 - 11.8 - 12.9,34.2,36.5
202002010602,7.0 - 10.8 - 12.0 - 12.3 - 12.6 - 12.2 - 12.8 - 12.7 - 12.9,29.8,38.4
202002010603,12.1 - 10.7 - 11.8 - 12.0 - 11.6 - 12.3,34.6,35.9
202002010604,6.8 - 11.1 - 11.7 - 12.3 - 12.1 - 12.0 - 12.7 - 12.8 - 13.3,29.6,38.8
202002010605,12.3 - 10.8 - 11.2 - 11.8 - 11.7 - 12.7,34.3,36.2
202002010606,12.2 - 11.1 - 11.9 - 12.7 - 12.8 - 12.0 - 12.1 - 12.1 - 12.6,35.2,36.8
202002010607,12.0 - 10.5 - 11.2 - 11.7 - 12.8,33.7,35.7
202002010608,12.6 - 11.8 - 12.7 - 13.2 - 12.9 - 13.7 - 13.6 - 13.0 - 11.8 - 11.8 - 12.0 - 11.8 - 12.7,37.1,36.5
202002010609,6.8 - 10.5 - 11.7 - 12.3 - 12.5 - 12.2 - 12.1 - 12.7 - 13.0,29.0,37.8
202002010610,12.2 - 10.9 - 11.0 - 11.4 - 11.6 - 12.3,34.1,35.3
202002010611,6.8 - 11.0 - 12.3 - 12.4 - 12.1 - 11.6 - 12.1 - 12.2 - 12.1,30.1,36.4
202002010612,12.4 - 10.8 - 11.8 - 12.8 - 12.8 - 12.2 - 12.3 - 12.3 - 11.8 - 12.2,35.0,36.3
202002020101,12.4 - 11.2 - 11.6 - 12.0 - 11.7 - 12.0,35.2,35.7
202002020102,13.4 - 11.3 - 12.4 - 12.9 - 13.2 - 13.0 - 13.4 - 13.3 - 12.7 - 13.3 - 13.4 - 13.2,37.1,39.9
202002020103,12.0 - 10.5 - 11.2 - 11.9 - 11.7 - 12.5,33.7,36.1
202002020104,6.9 - 11.3 - 11.9 - 12.2 - 13.1 - 12.5 - 12.7 - 13.4 - 13.1,30.1,39.2
202002020105,12.3 - 11.0 - 11.5 - 11.8 - 11.6 - 13.1,34.8,36.5
202002020106,12.7 - 10.8 - 12.2 - 12.1 - 12.0 - 12.3 - 12.0 - 12.5 - 12.5 - 12.7,35.7,37.7
202002020107,7.0 - 11.1 - 12.3 - 12.3 - 12.2 - 12.1 - 12.4 - 12.4 - 13.0,30.4,37.8
202002020108,12.2 - 10.6 - 11.5 - 11.8 - 12.6,34.3,35.9
202002020109,7.0 - 11.5 - 12.4 - 12.8 - 12.4 - 12.0 - 12.6 - 12.6 - 13.0,30.9,38.2
202002020110,13.2 - 10.8 - 12.4 - 12.2 - 12.3 - 11.8 - 11.7 - 11.8 - 11.9 - 12.5,36.4,36.2
202002020111,12.2 - 10.6 - 11.0 - 11.7 - 11.5 - 11.9,33.8,35.1
202002020112,12.5 - 11.4 - 11.8 - 12.7 - 12.3 - 12.2 - 12.0 - 12.1 - 12.1,35.7,36.2
202002020201,12.4 - 11.1 - 12.1 - 12.5 - 11.6 - 12.0,35.6,36.1
202002020202,7.1 - 11.0 - 11.7 - 12.1 - 12.4 - 12.6 - 12.8 - 13.1 - 14.0,29.8,39.9
202002020203,12.2 - 10.9 - 11.7 - 12.1 - 12.6,34.8,36.4
202002020204,12.3 - 11.3 - 12.4 - 12.6 - 12.5 - 11.8 - 12.2 - 12.1 - 12.2,36.0,36.5
202002020205,12.8 - 12.8 - 13.9 - 12.8 - 12.3 - 12.1 - 11.9 - 11.6 - 12.2,39.5,35.7
202002020206,7.2 - 10.8 - 11.5 - 12.2 - 12.7 - 13.0 - 13.2 - 13.4 - 13.3,29.5,39.9
202002020207,13.1 - 11.8 - 12.9 - 13.1 - 12.4 - 13.2 - 13.8 - 12.6 - 12.2 - 12.3 - 12.3 - 12.9,37.8,37.5
202002020208,13.1 - 10.9 - 11.7 - 11.5 - 11.8 - 11.9 - 12.5 - 12.6 - 12.4 - 13.1,35.7,38.1
202002020209,11.9 - 10.3 - 11.2 - 12.0 - 12.4 - 11.7,33.4,36.1
202002020210,12.0 - 10.6 - 11.5 - 11.5 - 12.3,34.1,35.3
202002020211,12.6 - 12.1 - 12.2 - 12.2 - 11.9 - 11.9 - 11.6 - 11.5 - 11.9,36.9,35.0
202002020212,12.0 - 10.5 - 11.5 - 11.8 - 11.6 - 11.9,34.0,35.3
202002020301,12.2 - 10.7 - 11.2 - 11.8 - 12.0 - 12.3,34.1,36.1
202002020302,7.0 - 10.9 - 11.9 - 12.3 - 12.5 - 12.5 - 12.9 - 13.0 - 12.6,29.8,38.5
202002020303,11.9 - 10.6 - 11.3 - 11.7 - 11.6 - 12.3,33.8,35.6
202002020304,12.4 - 11.3 - 11.4 - 12.0 - 11.8 - 12.3 - 12.5 - 12.6 - 12.2,35.1,37.3
202002020305,12.1 - 10.6 - 11.4 - 12.0 - 11.8 - 12.3,34.1,36.1
202002020306,7.2 - 10.9 - 11.6 - 12.1 - 12.5 - 12.7 - 13.1 - 13.3 - 13.8,29.7,40.2
202002020307,12.2 - 10.8 - 11.5 - 11.8 - 12.3,34.5,35.6
202002020308,11.9 - 10.5 - 11.3 - 11.8 - 12.0 - 12.0,33.7,35.8
202002020309,7.1 - 11.1 - 11.9 - 12.0 - 12.2 - 12.3 - 12.9 - 13.1 - 13.4,30.1,39.4
202002020310,12.6 - 11.9 - 12.1 - 12.2 - 11.5 - 11.5 - 11.5 - 11.9 - 12.6,36.6,36.0
202002020311,12.9 - 11.8 - 12.3 - 12.5 - 12.5 - 12.0 - 11.9 - 11.5 - 11.7 - 12.0,37.0,35.2
202002020312,7.1 - 10.8 - 12.2 - 12.6 - 12.5 - 12.4 - 12.4 - 12.4 - 12.6,30.1,37.4
202002020401,12.4 - 10.7 - 11.6 - 12.4 - 12.5,34.7,36.5
202002020402,7.0 - 11.3 - 11.8 - 12.6 - 12.8 - 12.4 - 12.8 - 13.3 - 13.5,30.1,39.6
202002020403,12.1 - 10.8 - 11.7 - 12.3 - 12.7,34.6,36.7
202002020404,12.1 - 10.5 - 11.2 - 11.6 - 11.9 - 12.4,33.8,35.9
202002020405,12.6 - 12.2 - 12.7 - 12.7 - 12.5 - 12.4 - 12.0 - 11.7 - 11.6,37.5,35.3
202002020406,12.7 - 11.4 - 12.2 - 11.9 - 12.8 - 12.5 - 11.8 - 12.3 - 12.3 - 12.2,36.3,36.8
202002020407,7.0 - 11.9 - 12.7 - 13.2 - 12.0 - 12.0 - 12.3 - 12.4 - 12.8,31.6,37.5
202002020408,12.3 - 10.8 - 11.1 - 11.3 - 11.5 - 11.9,34.2,34.7
202002020409,13.5 - 12.5 - 13.1 - 12.9 - 13.0 - 12.4 - 12.0 - 11.6 - 11.4 - 11.5,39.1,34.5
202002020410,12.9 - 11.9 - 12.4 - 13.3 - 12.8 - 13.6 - 13.9 - 13.1 - 11.6 - 11.5 - 11.8 - 11.7 - 12.2,37.2,35.7
202002020411,6.9 - 10.5 - 11.4 - 12.3 - 12.3 - 12.2 - 12.7 - 12.8 - 12.5,28.8,38.0
202002020412,12.1 - 10.6 - 11.3 - 11.7 - 11.7 - 12.1,34.0,35.5
202002020501,12.6 - 11.2 - 11.9 - 12.5 - 12.1 - 12.1 - 12.3 - 12.3 - 12.8,35.7,37.4
202002020502,12.4 - 10.6 - 11.6 - 12.4 - 12.9,34.6,36.9
202002020503,7.0 - 10.8 - 11.4 - 11.8 - 12.6 - 13.0 - 13.2 - 13.3 - 13.0,29.2,39.5
202002020504,12.0 - 10.7 - 11.2 - 11.7 - 11.7 - 11.8,33.9,35.2
202002020505,12.5 - 10.8 - 11.6 - 12.3 - 12.7,34.9,36.6
202002020506,12.6 - 12.0 - 12.1 - 12.2 - 12.1 - 12.2 - 11.9 - 12.0 - 12.4,36.7,36.3
202002020507,12.0 - 10.4 - 11.4 - 11.7 - 12.9,33.8,36.0
202002020508,12.9 - 11.7 - 13.0 - 12.9 - 12.8 - 12.9 - 12.6 - 12.1 - 11.8 - 11.8 - 12.2 - 12.6 - 12.4,37.6,37.2
202002020509,12.4 - 10.7 - 11.5 - 11.7 - 11.8 - 11.5,34.6,35.0
202002020510,7.1 - 11.1 - 12.3 - 12.4 - 12.5 - 12.2 - 12.4 - 12.9 - 13.4,30.5,38.7
202002020511,11.9 - 10.5 - 11.1 - 11.6 - 11.9 - 12.8,33.5,36.3
202002020512,12.3 - 11.6 - 11.7 - 11.7 - 11.6 - 11.6 - 11.9 - 12.1 - 13.1,35.6,37.1
202002020601,11.9 - 10.8 - 11.4 - 11.7 - 11.8 - 12.6,34.1,36.1
202002020602,7.0 - 11.1 - 11.7 - 12.2 - 12.7 - 12.7 - 13.1 - 13.3 - 12.9,29.8,39.3
202002020603,12.3 - 10.8 - 12.0 - 11.9 - 12.1,35.1,36.0
202002020604,7.1 - 11.0 - 11.5 - 12.0 - 12.3 - 12.5 - 12.5 - 12.2 - 12.5,29.6,37.2
202002020605,12.7 - 12.2 - 12.9 - 13.1 - 11.9 - 12.2 - 12.1 - 11.8 - 12.1,37.8,36.0
202002020606,13.2 - 12.0 - 12.3 - 12.5 - 12.7 - 12.9 - 13.1 - 12.9 - 11.9 - 12.2 - 12.2 - 12.4 - 12.5,37.5,37.1
202002020607,7.1 - 10.9 - 12.0 - 12.5 - 12.7 - 12.2 - 12.4 - 12.8 - 12.9,30.0,38.1
202002020608,12.7 - 11.7 - 11.9 - 12.2 - 12.1 - 11.8 - 12.0 - 12.5 - 12.7,36.3,37.2
202002020609,12.1 - 10.6 - 11.0 - 11.4 - 11.9 - 12.8,33.7,36.1
202002020610,6.9 - 10.9 - 11.7 - 12.3 - 12.4 - 11.9 - 12.5 - 12.3 - 13.4,29.5,38.2
202002020611,12.4 - 11.2 - 11.7 - 11.7 - 11.8 - 11.8 - 12.0 - 12.1 - 12.4 - 12.6,35.3,37.1
202002020612,12.0 - 10.6 - 11.1 - 11.8 - 11.9 - 12.1,33.7,35.8
202003010101,7.1 - 11.2 - 12.4 - 13.5 - 13.1 - 13.0 - 13.0 - 13.2 - 13.5,30.7,39.7
202003010102,12.1 - 10.7 - 11.3 - 11.7 - 11.4 - 12.3,34.1,35.4
202003010103,7.1 - 11.2 - 12.2 - 13.4 - 13.2 - 11.9 - 12.6 - 12.8 - 13.5,30.5,38.9
202003010106,7.0 - 11.5 - 12.0 - 12.7 - 12.7 - 12.5 - 12.9 - 13.1 - 13.7,30.5,39.7
202003010107,9.5 - 10.5 - 11.3 - 12.3 - 12.7 - 13.6,31.3,38.6
202003010108,12.9 - 11.4 - 12.0 - 12.2 - 13.0 - 11.8 - 13.0 - 12.8 - 12.3 - 11.9 - 12.1 - 12.1 - 13.0,36.3,37.2
202003010109,12.0 - 10.4 - 11.2 - 11.9 - 11.4 - 12.2,33.6,35.5
202003010110,12.0 - 11.8 - 12.0 - 12.9 - 12.8 - 12.1 - 11.4 - 11.8 - 11.4 - 12.5,35.8,35.7
202003010111,7.0 - 10.9 - 11.4 - 12.2 - 12.9 - 12.7 - 13.2 - 13.3 - 13.0,29.3,39.5
202003010112,12.6 - 10.9 - 12.0 - 11.9 - 12.3 - 11.8 - 12.0 - 11.9 - 12.5,35.5,36.4
202003010201,7.0 - 11.4 - 11.6 - 13.0 - 13.1 - 12.8 - 13.0 - 13.3 - 13.8,30.0,40.1
202003010202,12.2 - 10.7 - 11.0 - 12.0 - 11.7 - 12.4,33.9,36.1
202003010203,7.1 - 11.1 - 11.7 - 12.9 - 13.4 - 13.0 - 12.7 - 12.8 - 13.3,29.9,38.8
202003010205,12.6 - 11.4 - 12.3 - 12.6 - 12.5 - 11.9 - 12.1 - 12.0 - 11.7,36.3,35.8
202003010206,12.7 - 11.4 - 12.5 - 12.1 - 12.8 - 12.1 - 13.3 - 13.5 - 12.3 - 12.2 - 12.6 - 12.0 - 12.8,36.6,37.4
202003010207,6.9 - 11.1 - 11.5 - 13.3 - 13.4 - 12.1 - 12.9 - 13.2 - 13.7,29.5,39.8
202003010208,11.9 - 10.7 - 11.1 - 11.9 - 11.7 - 12.5,33.7,36.1
202003010209,9.3 - 10.8 - 11.1 - 12.2 - 12.6 - 12.7,31.2,37.5
202003010210,12.5 - 11.1 - 11.7 - 12.5 - 12.3 - 11.8 - 12.0 - 11.8 - 11.7 - 12.9,35.3,36.4
202003010211,7.0 - 11.4 - 11.4 - 12.4 - 12.4 - 12.3 - 12.7 - 12.3 - 12.9,29.8,37.9
202003010212,11.9 - 10.4 - 10.8 - 11.4 - 11.6 - 12.5,33.1,35.5
202003010301,9.5 - 10.8 - 11.3 - 12.2 - 12.2 - 13.3,31.6,37.7
202003010302,12.2 - 10.8 - 11.3 - 11.9 - 11.9 - 12.5,34.3,36.3
202003010303,7.1 - 11.5 - 12.3 - 13.3 - 13.0 - 12.9 - 12.9 - 13.2 - 13.0,30.9,39.1
202003010304,12.4 - 11.2 - 12.0 - 13.1 - 13.1 - 12.6 - 12.2 - 12.3 - 11.8 - 12.0,35.6,36.1
202003010305,12.2 - 10.7 - 11.3 - 11.8 - 12.0 - 13.0,34.2,36.8
202003010306,12.8 - 11.0 - 12.4 - 12.7 - 12.9 - 12.4 - 12.4 - 12.0 - 12.8,36.2,37.2
202003010307,9.5 - 10.8 - 11.4 - 11.9 - 12.4 - 13.0,31.7,37.3
202003010308,12.4 - 11.9 - 12.0 - 12.7 - 12.7 - 12.7 - 12.2 - 12.2 - 12.5 - 12.6,36.3,37.3
202003010309,7.0 - 11.1 - 11.7 - 12.4 - 12.7 - 12.6 - 12.8 - 13.4 - 13.4,29.8,39.6
202003010310,11.9 - 10.7 - 11.4 - 12.3 - 12.1 - 12.7,34.0,37.1
202003010311,9.5 - 10.6 - 11.0 - 11.4 - 12.1 - 13.1,31.1,36.6
202003010312,12.8 - 11.9 - 13.1 - 13.1 - 12.6 - 12.3 - 12.6 - 12.4 - 13.4,37.8,38.4
202003010401,9.6 - 10.5 - 11.1 - 12.1 - 12.4 - 13.2,31.2,37.7
202003010402,12.5 - 11.7 - 11.7 - 12.0 - 12.4 - 12.2 - 12.3 - 13.1 - 13.0 - 13.2,35.9,39.3
202003010403,7.3 - 11.2 - 12.6 - 13.6 - 13.6 - 12.2 - 12.7 - 12.9 - 12.9,31.1,38.5
202003010406,7.1 - 11.1 - 11.9 - 12.6 - 12.4 - 12.2 - 12.6 - 12.9 - 12.9,30.1,38.4
202003010407,12.1 - 10.5 - 11.2 - 12.1 - 12.1 - 12.6,33.8,36.8
202003010408,9.4 - 10.6 - 11.1 - 11.9 - 12.1 - 12.5,31.1,36.5
202003010409,7.1 - 11.4 - 12.3 - 13.0 - 13.0 - 12.1 - 12.1 - 12.7 - 13.3,30.8,38.1
202003010410,12.0 - 10.6 - 11.2 - 12.0 - 12.1 - 13.0,33.8,37.1
202003010411,12.2 - 10.9 - 11.2 - 13.1 - 12.5 - 12.2 - 12.0 - 12.2 - 12.3 - 13.2,34.3,37.7
202003010412,13.0 - 11.3 - 12.3 - 12.8 - 13.1 - 12.6 - 13.3 - 13.0 - 12.1 - 12.1 - 12.9 - 12.7 - 13.2,36.6,38.8
202003010501,9.7 - 11.0 - 11.4 - 12.3 - 12.4 - 12.9,32.1,37.6
202003010502,12.5 - 10.9 - 12.0 - 12.6 - 12.2 - 12.2 - 12.2 - 11.8 - 12.6,35.4,36.6
202003010503,7.1 - 11.4 - 12.0 - 12.3 - 12.2 - 12.1 - 12.6 - 13.2 - 14.0,30.5,39.8
202003010506,7.2 - 10.9 - 11.6 - 12.1 - 12.7 - 12.5 - 13.3 - 13.5 - 13.6,29.7,40.4
202003010507,12.5 - 11.2 - 12.0 - 12.4 - 13.1 - 12.5 - 12.0 - 12.1 - 11.4 - 11.6,35.7,35.1
202003010508,7.1 - 11.7 - 12.0 - 13.0 - 13.2 - 12.7 - 12.6 - 12.3 - 13.0,30.8,37.9
202003010509,12.4 - 10.6 - 11.2 - 11.8 - 11.9 - 11.5,34.2,35.2
202003010510,7.0 - 10.9 - 11.7 - 13.1 - 13.2 - 13.0 - 13.0 - 12.8 - 13.1,29.6,38.9
202003010511,12.4 - 10.7 - 11.7 - 12.6 - 12.2 - 11.8 - 11.9 - 11.7 - 11.8,34.8,35.4
202003010512,12.6 - 11.3 - 11.5 - 11.8 - 12.7 - 12.6 - 12.3 - 12.0 - 11.6 - 11.5,35.4,35.1
202003010601,9.7 - 11.1 - 11.7 - 12.4 - 12.6 - 13.6,32.5,38.6
202003010602,12.3 - 10.7 - 11.3 - 11.7 - 11.4 - 12.5,34.3,35.6
202003010603,7.3 - 11.3 - 11.9 - 12.8 - 13.1 - 12.9 - 13.3 - 13.0 - 13.3,30.5,39.6
202003010605,12.6 - 10.9 - 11.2 - 12.0 - 11.9 - 12.5,34.7,36.4
202003010606,12.8 - 11.3 - 12.0 - 12.0 - 12.4 - 12.4 - 12.3 - 12.3 - 11.7 - 12.0,36.1,36.0
202003010607,7.0 - 11.6 - 12.8 - 13.4 - 12.8 - 11.9 - 12.5 - 13.3 - 13.6,31.4,39.4
202003010608,9.5 - 10.8 - 10.9 - 12.0 - 12.7 - 13.4,31.2,38.1
202003010609,12.8 - 12.1 - 12.3 - 13.0 - 12.2 - 11.8 - 11.6 - 11.6 - 12.1,37.2,35.3
202003010610,13.1 - 12.0 - 12.8 - 13.2 - 13.2 - 12.2 - 11.9 - 12.9 - 12.4 - 12.1 - 12.2 - 11.7 - 11.7,37.9,35.6
202003010611,9.5 - 10.8 - 11.0 - 12.0 - 12.3 - 13.2,31.3,37.5
202003010612,12.4 - 10.6 - 11.2 - 11.8 - 11.0 - 11.8,34.2,34.6
202003010701,9.7 - 11.0 - 11.5 - 12.2 - 12.6 - 13.2,32.2,38.0
202003010702,12.4 - 10.9 - 11.5 - 11.7 - 11.4 - 11.8,34.8,34.9
202003010703,7.0 - 11.1 - 12.2 - 12.8 - 13.1 - 13.1 - 13.1 - 13.2 - 13.7,30.3,40.0
202003010706,7.1 - 11.3 - 12.2 - 12.7 - 13.1 - 12.3 - 13.0 - 12.6 - 13.5,30.6,39.1
202003010707,12.5 - 11.4 - 12.2 - 13.3 - 13.0 - 12.3 - 11.8 - 11.4 - 11.7,36.1,34.9
202003010708,7.2 - 11.1 - 12.2 - 12.5 - 12.8 - 12.6 - 12.7 - 12.7 - 12.9,30.5,38.3
202003010709,9.6 - 11.0 - 11.2 - 12.0 - 12.1 - 12.6,31.8,36.7
202003010710,12.3 - 10.6 - 11.1 - 11.7 - 11.7 - 12.1,34.0,35.5
202003010711,12.7 - 11.6 - 12.1 - 12.5 - 11.9 - 12.1 - 12.0 - 11.2 - 11.5,36.4,34.7
202003010712,12.4 - 10.8 - 11.0 - 11.7 - 11.6 - 11.8,34.2,35.1
202003010801,9.7 - 10.7 - 11.3 - 12.2 - 12.6 - 13.3,31.7,38.1
202003010802,12.6 - 11.1 - 11.9 - 12.2 - 11.8 - 11.9 - 12.2 - 12.2 - 12.5,35.6,36.9
202003010803,7.1 - 11.2 - 11.6 - 12.5 - 12.9 - 12.8 - 13.3 - 13.5 - 14.2,29.9,41.0
202003010805,12.4 - 10.7 - 11.1 - 11.5 - 11.7 - 12.4,34.2,35.6
202003010806,13.1 - 11.1 - 11.8 - 12.5 - 12.2 - 12.6 - 13.0 - 13.7 - 12.0 - 11.5 - 12.0 - 12.3 - 12.6,36.0,36.9
202003010807,7.0 - 11.6 - 12.6 - 13.2 - 13.0 - 12.2 - 12.4 - 12.7 - 12.9,31.2,38.0
202003010808,12.2 - 10.4 - 10.7 - 11.2 - 11.8 - 12.5,33.3,35.5
202003010809,7.2 - 11.3 - 12.7 - 13.6 - 12.5 - 12.4 - 12.6 - 12.9 - 13.3,31.2,38.8
202003010810,13.2 - 12.0 - 12.5 - 12.6 - 12.8 - 11.9 - 11.8 - 11.9 - 11.5 - 12.1,37.7,35.5
202003010811,12.1 - 10.7 - 10.9 - 11.2 - 11.5 - 12.0,33.7,34.7
202003010812,7.1 - 11.6 - 12.3 - 12.9 - 12.4 - 11.3 - 12.0 - 12.9 - 14.1,31.0,39.0
202003020102,7.0 - 10.9 - 11.6 - 13.2 - 13.4 - 12.6 - 12.8 - 13.3 - 12.6,29.5,38.7
202003020103,7.0 - 11.5 - 12.0 - 12.7 - 12.6 - 12.1 - 12.6 - 12.6 - 12.6,30.5,37.8
202003020105,12.2 - 10.9 - 11.7 - 12.0 - 11.7 - 11.7,34.8,35.4
202003020106,9.7 - 10.7 - 11.1 - 11.8 - 12.5 - 12.7,31.5,37.0
202003020107,12.5 - 11.0 - 11.4 - 13.0 - 13.2 - 13.0 - 12.4 - 12.3 - 11.8 - 11.9,34.9,36.0
202003020108,9.4 - 10.7 - 10.9 - 11.7 - 12.0 - 12.6,31.0,36.3
202003020109,13.2 - 12.2 - 13.0 - 13.4 - 13.4 - 12.0 - 12.0 - 12.4 - 12.1 - 11.7 - 12.0 - 12.0 - 12.7,38.4,36.7
202003020110,12.6 - 11.5 - 12.4 - 12.6 - 12.3 - 11.8 - 11.5 - 11.6 - 12.0,36.5,35.1
202003020111,7.0 - 11.6 - 11.9 - 12.7 - 12.7 - 12.2 - 12.0 - 11.9 - 12.2,30.5,36.1
202003020112,12.2 - 10.5 - 11.0 - 11.8 - 11.5 - 12.2,33.7,35.5
202003020201,12.6 - 10.9 - 12.7 - 13.0 - 12.3 - 11.8 - 12.4 - 12.1 - 12.4,36.2,36.9
202003020202,9.5 - 11.0 - 11.0 - 11.9 - 12.1 - 12.6,31.5,36.6
202003020203,12.0 - 10.7 - 11.0 - 11.8 - 11.4 - 12.2,33.7,35.4
202003020204,6.9 - 10.9 - 12.0 - 13.1 - 13.1 - 11.6 - 12.4 - 12.2 - 12.8,29.8,37.4
202003020205,13.1 - 11.7 - 12.9 - 13.1 - 13.0 - 12.1 - 12.0 - 11.5 - 11.8,37.7,35.3
202003020206,12.5 - 11.4 - 11.8 - 12.2 - 11.6 - 12.3,35.7,36.1
202003020207,12.5 - 11.3 - 11.5 - 12.6 - 13.2 - 12.6 - 12.4 - 12.5 - 11.4 - 12.2,35.3,36.1
202003020208,7.0 - 10.8 - 11.3 - 12.6 - 12.5 - 12.1 - 12.2 - 12.4 - 13.1,29.1,37.7
202003020209,12.5 - 11.2 - 12.0 - 12.3 - 12.1 - 11.8 - 12.3 - 12.0 - 12.3,35.7,36.6
202003020210,12.0 - 10.8 - 11.2 - 11.7 - 11.4 - 12.2,34.0,35.3
202003020211,12.0 - 10.8 - 12.6 - 11.9 - 12.3 - 11.9 - 11.9 - 11.6 - 12.3,35.4,35.8
202003020212,9.2 - 10.7 - 10.9 - 11.5 - 12.1 - 12.7,30.8,36.3
202003020301,12.2 - 10.8 - 11.2 - 11.9 - 11.9 - 12.5,34.2,36.3
202003020302,12.7 - 10.8 - 11.8 - 12.2 - 12.3 - 12.3 - 12.3 - 11.8 - 12.7,35.3,36.8
202003020303,7.1 - 11.1 - 12.2 - 13.6 - 13.5 - 12.7 - 12.7 - 12.5 - 12.1,30.4,37.3
202003020304,13.0 - 11.1 - 12.4 - 12.5 - 12.7 - 12.1 - 13.1 - 13.4 - 12.6 - 12.3 - 13.1 - 12.2 - 12.8,36.5,38.1
202003020305,12.8 - 11.0 - 12.2 - 13.0 - 13.3 - 12.3 - 12.2 - 11.7 - 12.4,36.0,36.3
202003020306,12.4 - 11.5 - 11.6 - 12.0 - 11.7 - 12.4,35.5,36.1
202003020307,9.7 - 11.4 - 11.7 - 11.9 - 12.1 - 12.4,32.8,36.4
202003020308,7.0 - 11.6 - 12.3 - 13.1 - 13.1 - 12.5 - 12.4 - 11.9 - 12.1,30.9,36.4
202003020309,12.3 - 11.4 - 11.6 - 11.8 - 11.1 - 11.5,35.3,34.4
202003020310,12.2 - 11.4 - 11.7 - 12.8 - 12.8 - 12.2 - 11.5 - 12.0 - 11.8 - 12.5,35.3,36.3
202003020311,12.1 - 10.8 - 11.1 - 11.5 - 11.2 - 11.8,34.0,34.5
202003020312,6.9 - 11.6 - 11.9 - 12.8 - 12.9 - 12.3 - 12.4 - 12.5 - 12.9,30.4,37.8
202003020402,7.1 - 11.3 - 12.2 - 12.7 - 12.5 - 11.9 - 12.3 - 13.0 - 13.3,30.6,38.6
202003020403,9.8 - 10.5 - 10.6 - 11.4 - 12.3 - 12.8,30.9,36.5
202003020404,11.9 - 11.0 - 11.1 - 11.8 - 11.6 - 13.2,34.0,36.6
202003020405,12.6 - 11.7 - 12.1 - 13.3 - 13.6 - 13.1 - 12.7 - 12.9 - 12.2 - 13.4,36.4,38.5
202003020406,12.5 - 12.0 - 11.6 - 12.3 - 11.9 - 12.6,36.1,36.8
202003020407,9.6 - 10.6 - 10.9 - 11.9 - 12.1 - 12.8,31.1,36.8
202003020408,12.4 - 11.2 - 11.3 - 12.8 - 12.8 - 12.5 - 12.3 - 12.6 - 12.8 - 13.8,34.9,39.2
202003020409,12.7 - 11.5 - 12.4 - 12.3 - 12.5 - 12.3 - 12.2 - 12.1 - 12.9,36.6,37.2
202003020410,7.0 - 11.1 - 11.4 - 12.2 - 12.6 - 12.1 - 12.4 - 12.4 - 12.5,29.5,37.3
202003020411,12.6 - 11.9 - 12.1 - 12.4 - 12.3 - 12.1 - 11.8 - 12.1 - 12.2 - 13.0,36.6,37.3
202003020412,9.4 - 10.6 - 10.7 - 11.6 - 11.8 - 12.0,30.7,35.4
202003020502,7.1 - 11.3 - 12.2 - 13.0 - 12.9 - 12.1 - 12.2 - 12.1 - 12.7,30.6,37.0
202003020503,6.8 - 11.8 - 12.1 - 12.6 - 12.9 - 12.2 - 12.6 - 12.6 - 13.1,30.7,38.3
202003020505,12.7 - 12.0 - 13.1 - 14.1 - 13.4 - 11.8 - 11.9 - 12.1 - 12.1,37.8,36.1
202003020506,9.5 - 11.2 - 11.5 - 12.0 - 12.5 - 12.6,32.2,37.1
202003020507,12.4 - 10.7 - 11.2 - 11.9 - 11.9 - 12.3,34.3,36.1
202003020508,7.0 - 11.0 - 11.4 - 12.3 - 12.7 - 12.6 - 12.7 - 12.8 - 12.6,29.4,38.1
202003020509,12.5 - 11.7 - 12.1 - 12.3 - 13.2 - 12.4 - 11.6 - 12.2 - 12.4 - 12.5,36.3,37.1
202003020510,12.4 - 10.5 - 11.1 - 11.6 - 11.4 - 12.0,34.0,35.0
202003020511,12.4 - 11.3 - 11.6 - 12.1 - 13.0 - 12.5 - 12.4 - 12.1 - 12.0 - 12.4,35.3,36.5
202003020512,9.5 - 10.6 - 10.8 - 11.8 - 12.4 - 12.9,30.9,37.1
202003020601,12.6 - 10.8 - 11.3 - 11.9 - 11.7 - 11.9,34.7,35.5
202003020602,12.6 - 11.1 - 12.2 - 13.4 - 12.3 - 12.1 - 12.3 - 12.3 - 12.6,35.9,37.2
202003020603,6.9 - 10.9 - 11.7 - 12.5 - 13.0 - 12.6 - 12.8 - 13.0 - 13.2,29.5,39.0
202003020604,12.7 - 11.2 - 12.1 - 12.8 - 13.0 - 12.2 - 11.9 - 11.9 - 12.1 - 12.4,36.0,36.4
202003020605,13.1 - 12.4 - 12.5 - 13.5 - 13.0 - 12.7 - 11.9 - 11.3 - 11.7,38.0,34.9
202003020606,12.6 - 11.0 - 11.6 - 11.8 - 11.8 - 12.1,35.2,35.7
202003020607,9.6 - 10.7 - 10.8 - 12.0 - 12.4 - 13.6,31.1,38.0
202003020608,12.2 - 10.4 - 11.2 - 11.8 - 11.8 - 11.7,33.8,35.3
202003020609,12.6 - 11.4 - 12.4 - 12.6 - 12.8 - 12.9 - 12.7 - 12.7 - 11.4 - 11.9 - 12.3 - 12.3 - 12.6,36.4,37.2
202003020610,7.0 - 11.1 - 12.0 - 12.9 - 12.6 - 12.3 - 12.2 - 12.2 - 12.5,30.1,36.9
202003020611,12.2 - 10.8 - 10.8 - 11.1 - 11.4 - 12.2,33.8,34.7
202003020612,6.9 - 10.7 - 11.1 - 11.8 - 12.3 - 13.4 - 13.5 - 12.9 - 13.6,28.7,40.0
202003030101,9.5 - 10.6 - 11.2 - 12.0 - 12.4 - 13.6,31.3,38.0
202003030102,12.5 - 10.8 - 11.7 - 12.1 - 12.5 - 12.8 - 11.8 - 11.9 - 12.0 - 12.8,35.0,36.7
202003030103,6.9 - 11.8 - 12.9 - 13.6 - 13.2 - 12.3 - 12.3 - 12.7 - 13.2,31.6,38.2
202003030106,7.3 - 11.2 - 11.5 - 12.5 - 12.5 - 12.5 - 12.9 - 13.4 - 13.3,30.0,39.6
202003030107,12.1 - 10.5 - 11.2 - 11.6 - 11.3 - 12.0,33.8,34.9
202003030108,9.5 - 10.8 - 11.3 - 12.3 - 12.5 - 13.0,31.6,37.8
202003030109,12.2 - 10.6 - 11.0 - 11.5 - 11.5 - 12.0,33.8,35.0
202003030110,12.3 - 10.8 - 12.0 - 12.4 - 12.4 - 12.0 - 11.6 - 11.6 - 12.3,35.1,35.5
202003030111,12.4 - 11.2 - 11.7 - 12.9 - 12.7 - 11.8 - 11.6 - 11.8 - 11.6 - 12.2,35.3,35.6
202003030112,7.1 - 11.5 - 12.3 - 13.1 - 13.2 - 12.5 - 12.3 - 12.4 - 12.7,30.9,37.4
202003030201,7.3 - 11.3 - 12.0 - 13.2 - 13.6 - 12.9 - 12.8 - 13.2 - 13.0,30.6,39.0
202003030202,12.3 - 10.8 - 10.9 - 11.8 - 11.6 - 12.4,34.0,35.8
202003030203,7.2 - 11.2 - 12.2 - 13.0 - 13.0 - 13.0 - 13.3 - 12.4 - 13.0,30.6,38.7
202003030205,12.6 - 11.2 - 11.6 - 13.5 - 13.9 - 13.6 - 12.2 - 12.0 - 11.6 - 11.6,35.4,35.2
202003030206,13.2 - 11.9 - 12.9 - 13.3 - 12.5 - 12.5 - 13.9 - 13.7 - 12.4 - 12.8 - 12.9 - 13.3,38.0,39.0
202003030207,9.5 - 10.6 - 11.1 - 12.3 - 12.5 - 12.8,31.2,37.6
202003030208,12.2 - 10.4 - 11.1 - 11.4 - 11.4 - 12.1,33.7,34.9
202003030209,12.2 - 11.1 - 11.7 - 12.9 - 12.9 - 12.2 - 12.0 - 11.7 - 11.5 - 12.6,35.0,35.8
202003030210,13.2 - 11.8 - 12.4 - 12.3 - 12.7 - 13.0 - 13.1 - 12.6 - 11.7 - 11.5 - 12.1 - 11.8 - 12.9,37.4,36.8
202003030211,7.0 - 11.4 - 11.6 - 12.4 - 12.4 - 12.0 - 12.4 - 12.5 - 12.8,30.0,37.7
202003030212,12.0 - 10.7 - 11.1 - 11.5 - 11.3 - 12.1,33.8,34.9
202003030301,7.1 - 11.0 - 11.6 - 12.8 - 13.1 - 12.8 - 12.8 - 13.5 - 14.0,29.7,40.3
202003030302,12.7 - 10.8 - 12.3 - 12.5 - 12.4 - 12.1 - 12.2 - 12.1 - 12.2,35.8,36.5
202003030303,7.1 - 10.9 - 11.9 - 12.8 - 12.9 - 12.6 - 12.6 - 13.3 - 13.7,29.9,39.6
202003030306,7.0 - 11.4 - 12.0 - 13.0 - 13.1 - 12.1 - 12.5 - 12.7 - 12.9,30.4,38.1
202003030307,9.5 - 10.8 - 11.5 - 12.1 - 12.3 - 12.8,31.8,37.2
202003030308,12.1 - 10.8 - 11.4 - 11.9 - 11.5 - 12.2,34.3,35.6
202003030309,12.2 - 11.1 - 10.8 - 12.1 - 12.4 - 12.3 - 12.6 - 12.7 - 11.8 - 12.1,34.1,36.6
202003030310,12.4 - 11.0 - 11.5 - 11.8 - 11.2 - 11.9,34.9,34.9
202003030311,9.5 - 10.8 - 11.3 - 12.1 - 11.7 - 12.3,31.6,36.1
202003030312,13.1 - 12.8 - 13.9 - 13.6 - 13.2 - 12.5 - 13.1 - 12.8 - 11.8 - 11.5 - 11.8 - 11.5 - 12.2,39.8,35.5
202003030401,9.5 - 10.9 - 11.2 - 12.2 - 12.8 - 12.5,31.6,37.5
202003030402,12.1 - 10.7 - 11.4 - 11.9 - 11.7 - 12.4,34.2,36.0
202003030403,7.1 - 10.9 - 12.3 - 13.0 - 13.0 - 12.5 - 12.9 - 13.2 - 13.5,30.3,39.6
202003030405,12.5 - 11.0 - 11.2 - 11.9 - 12.2 - 11.9,34.7,36.0
202003030406,13.1 - 12.3 - 13.7 - 13.7 - 14.0 - 13.7 - 13.7 - 12.6 - 12.4 - 12.0 - 12.0 - 11.8 - 12.3,39.1,36.1
202003030407,9.5 - 11.0 - 11.7 - 12.2 - 12.0 - 12.8,32.2,37.0
202003030408,12.1 - 11.0 - 11.2 - 11.9 - 11.7 - 11.9,34.3,35.5
202003030409,12.6 - 11.0 - 11.5 - 12.6 - 12.8 - 12.9 - 12.1 - 12.7 - 11.9 - 11.8,35.1,36.4
202003030410,12.8 - 11.5 - 12.7 - 12.7 - 12.5 - 12.0 - 12.0 - 11.7 - 11.7,37.0,35.4
202003030411,6.9 - 11.0 - 12.0 - 12.1 - 12.6 - 12.5 - 12.6 - 12.8 - 13.2,29.9,38.6
202003030412,9.5 - 10.7 - 11.2 - 11.9 - 12.3 - 13.1,31.4,37.3
202003030501,7.1 - 11.6 - 11.9 - 13.1 - 13.6 - 12.2 - 13.1 - 13.1 - 13.0,30.6,39.2
202003030502,7.1 - 11.5 - 12.0 - 13.1 - 12.7 - 12.0 - 12.6 - 12.3 - 12.2,30.6,37.1
202003030503,12.6 - 11.1 - 12.1 - 12.3 - 12.6 - 12.5 - 12.0 - 12.3 - 12.2 - 12.1,35.8,36.6
202003030504,12.2 - 10.8 - 11.0 - 11.7 - 11.8 - 12.4,34.0,35.9
202003030505,7.0 - 11.1 - 11.9 - 12.9 - 13.1 - 12.6 - 13.0 - 13.7 - 13.5,30.0,40.2
202003030506,13.1 - 12.1 - 12.2 - 12.3 - 12.6 - 13.0 - 12.7 - 12.7 - 11.6 - 11.6 - 11.9 - 12.3 - 12.5,37.4,36.7
202003030507,12.6 - 11.0 - 11.8 - 12.2 - 12.3 - 11.8 - 11.4 - 12.3 - 12.5 - 12.8,35.4,37.6
202003030508,9.5 - 10.6 - 11.4 - 12.5 - 12.6 - 13.0,31.5,38.1
202003030509,12.4 - 10.8 - 11.2 - 11.9 - 11.4 - 12.1,34.4,35.4
202003030510,12.9 - 11.6 - 11.8 - 12.6 - 12.4 - 11.7 - 11.9 - 12.0 - 12.0,36.3,35.9
202003030511,12.2 - 10.8 - 11.1 - 11.6 - 11.7 - 11.8,34.1,35.1
202003030512,7.1 - 11.0 - 11.6 - 12.9 - 13.0 - 12.5 - 12.9 - 12.4 - 13.0,29.7,38.3
202003030601,9.6 - 10.7 - 11.5 - 12.4 - 12.9 - 13.1,31.8,38.4
202003030602,7.0 - 10.9 - 11.6 - 12.7 - 12.6 - 12.4 - 13.1 - 12.9 - 13.0,29.5,39.0
202003030603,7.0 - 11.5 - 11.8 - 12.7 - 13.1 - 12.7 - 12.9 - 12.7 - 13.0,30.3,38.6
202003030606,12.9 - 11.0 - 12.3 - 12.9 - 13.2 - 13.5 - 13.6 - 13.5 - 13.4 - 13.3 - 12.9 - 13.1,36.2,39.3
202003030607,12.5 - 10.9 - 11.2 - 11.6 - 11.7 - 11.8,34.6,35.1
202003030608,12.4 - 11.0 - 11.8 - 12.6 - 12.5 - 11.9 - 11.9 - 12.1 - 12.0,35.2,36.0
202003030609,9.6 - 11.1 - 11.4 - 12.3 - 11.7 - 12.8,32.1,36.8
202003030610,12.2 - 10.7 - 11.3 - 11.7 - 12.1 - 12.0,34.2,35.8
202003030611,12.6 - 11.3 - 11.8 - 11.9 - 12.0 - 11.8 - 11.7 - 12.0 - 12.1 - 12.4,35.7,36.5
202003030612,12.0 - 10.6 - 11.4 - 11.7 - 11.7 - 12.1,34.0,35.5
202004010102,12.8 - 11.1 - 12.6 - 13.1 - 12.7 - 12.5 - 12.9 - 13.1 - 13.4,36.5,39.4
202004010103,11.9 - 11.2 - 11.7 - 12.3 - 12.2 - 13.6,34.8,38.1
202004010105,12.1 - 10.5 - 11.4 - 12.4 - 12.7 - 13.4,34.0,38.5
202004010106,12.4 - 11.0 - 12.2 - 12.6 - 12.5 - 12.3 - 11.9 - 12.1 - 11.9 - 12.3,35.6,36.3
202004010107,11.9 - 10.9 - 11.6 - 12.4 - 12.0 - 12.9,34.4,37.3
202004010108,12.9 - 11.5 - 12.1 - 12.4 - 12.3 - 11.9 - 11.1 - 10.9 - 11.7,36.5,33.7
202004010109,12.8 - 11.6 - 12.9 - 13.3 - 12.7 - 12.2 - 12.5 - 12.3 - 13.0,37.3,37.8
202004010110,12.0 - 10.2 - 10.4 - 10.9 - 11.6,32.6,32.9
202004010111,12.5 - 11.0 - 12.1 - 12.1 - 12.0 - 11.1 - 11.1 - 11.6,35.6,33.8
202004010112,13.3 - 11.7 - 12.2 - 12.3 - 11.8 - 11.7 - 11.8 - 11.5 - 11.3 - 12.3,37.2,35.1
202004010201,12.6 - 11.2 - 12.9 - 13.7 - 13.1 - 12.9 - 13.2 - 12.3 - 13.0,36.7,38.5
202004010202,11.9 - 10.5 - 11.3 - 12.7 - 12.6 - 12.9,33.7,38.2
202004010203,12.7 - 10.8 - 12.8 - 13.7 - 12.5 - 12.2 - 13.2 - 12.7 - 13.5,36.3,39.4
202004010205,12.1 - 10.8 - 11.5 - 11.5 - 11.5 - 12.0,34.4,35.0
202004010206,12.5 - 11.0 - 11.7 - 12.5 - 12.4 - 12.3 - 11.5 - 11.4 - 12.2,35.2,35.1
202004010207,12.1 - 10.6 - 11.3 - 12.2 - 12.1 - 13.2,34.0,37.5
202004010208,12.4 - 10.8 - 11.3 - 11.9 - 11.8 - 11.8 - 11.6 - 12.3,34.5,35.7
202004010209,12.9 - 11.0 - 12.6 - 13.0 - 12.1 - 12.2 - 13.1 - 12.8 - 13.3,36.5,39.2
202004010210,11.9 - 10.2 - 10.8 - 11.3 - 11.9,32.9,34.0
202004010211,12.4 - 11.0 - 11.7 - 12.1 - 12.5 - 12.0 - 11.5 - 11.2 - 11.4 - 12.8,35.1,35.4
202004010212,11.9 - 10.7 - 11.1 - 11.5 - 11.7 - 12.5,33.7,35.7
202004010301,12.8 - 11.9 - 13.7 - 14.5 - 12.4 - 12.2 - 12.6 - 12.9 - 13.1,38.4,38.6
202004010302,12.3 - 10.9 - 11.4 - 12.3 - 12.2 - 12.8,34.6,37.3
202004010303,12.2 - 11.6 - 12.8 - 12.7 - 12.5 - 12.4 - 12.2 - 11.8 - 11.8 - 12.2,36.6,35.8
202004010304,12.1 - 11.0 - 11.5 - 12.2 - 12.0 - 12.7,34.6,36.9
202004010305,12.2 - 10.8 - 11.0 - 12.1 - 13.7 - 14.3 - 13.9 - 12.9 - 12.2 - 12.3 - 12.2 - 12.5,34.0,37.0
202004010306,11.9 - 10.1 - 10.6 - 11.2 - 12.0,32.6,33.8
202004010307,12.6 - 11.0 - 12.4 - 13.1 - 12.6 - 12.6 - 13.2 - 12.5 - 13.0,36.0,38.7
202004010308,11.8 - 10.7 - 11.4 - 12.6 - 12.3 - 12.9,33.9,37.8
202004010309,12.5 - 11.2 - 11.6 - 12.5 - 12.6 - 12.5 - 13.0 - 12.5 - 12.7 - 11.8 - 12.3,35.3,36.8
202004010310,12.7 - 11.0 - 12.9 - 13.7 - 13.1 - 12.6 - 12.9 - 12.6 - 12.5,36.6,38.0
202004010311,12.3 - 11.5 - 12.3 - 12.6 - 12.6 - 12.1 - 11.1 - 11.0 - 12.0,36.1,34.1
202004010312,13.3 - 12.1 - 12.8 - 12.7 - 12.7 - 12.1 - 12.0 - 11.3 - 11.1 - 12.0,38.2,34.4
202004010401,12.5 - 10.6 - 11.4 - 12.1 - 12.1 - 11.6 - 12.7,34.5,36.4
202004010402,13.0 - 11.5 - 11.7 - 11.8 - 12.5 - 12.4 - 11.8 - 11.3 - 12.7,36.2,35.8
202004010403,13.0 - 11.2 - 12.9 - 13.4 - 12.7 - 12.7 - 13.0 - 12.8 - 13.1,37.1,38.9
202004010406,12.8 - 11.3 - 12.5 - 13.2 - 13.6 - 12.7 - 13.0 - 12.2 - 12.6,36.6,37.8
202004010407,12.0 - 10.6 - 11.3 - 12.5 - 12.4 - 12.8,33.9,37.7
202004010408,12.0 - 10.3 - 10.7 - 10.9 - 12.1,33.0,33.7
202004010409,12.9 - 11.0 - 12.5 - 13.1 - 12.6 - 12.7 - 13.2 - 12.6 - 13.1,36.4,38.9
202004010410,12.9 - 11.6 - 12.2 - 12.5 - 12.6 - 12.7 - 12.2 - 11.5 - 11.2 - 12.3,36.7,35.0
202004010411,11.7 - 10.6 - 11.1 - 11.8 - 11.9 - 12.8,33.4,36.5
202004010412,13.1 - 11.8 - 12.7 - 12.8 - 12.6 - 12.3 - 12.5 - 12.1 - 12.6,37.6,37.2
202004010502,12.6 - 11.6 - 12.9 - 13.4 - 12.8 - 12.6 - 12.7 - 12.3 - 12.8,37.1,37.8
202004010503,11.9 - 11.3 - 11.8 - 12.6 - 12.0 - 13.0,35.0,37.6
202004010505,12.6 - 11.5 - 12.3 - 13.1 - 12.7 - 13.0 - 13.4 - 12.6 - 13.3,36.4,39.3
202004010506,12.8 - 11.6 - 12.1 - 12.4 - 12.1 - 11.3 - 11.0 - 12.3,36.5,34.6
202004010507,11.7 - 10.9 - 11.6 - 12.6 - 12.2 - 12.8,34.2,37.6
202004010508,11.9 - 10.2 - 10.4 - 10.7 - 11.4,32.5,32.5
202004010509,12.8 - 10.9 - 12.0 - 13.6 - 13.2 - 12.6 - 13.0 - 12.2 - 13.0,35.7,38.2
202004010510,12.9 - 12.1 - 12.3 - 12.4 - 12.4 - 11.9 - 10.9 - 10.7 - 12.2,37.3,33.8
202004010511,11.9 - 10.6 - 11.3 - 11.4 - 11.6 - 12.1,33.8,35.1
202004010512,12.5 - 11.8 - 11.8 - 12.1 - 13.2 - 13.3 - 13.0 - 12.4 - 12.2 - 11.9 - 11.8 - 12.0,36.1,35.7
202004010601,12.0 - 10.7 - 11.2 - 11.4 - 11.3 - 12.5,33.9,35.2
202004010602,11.9 - 10.9 - 11.3 - 12.5 - 12.2 - 13.1,34.1,37.8
202004010603,12.7 - 11.5 - 12.6 - 13.2 - 13.0 - 12.3 - 12.9 - 12.8 - 12.7,36.8,38.4
202004010605,12.4 - 10.9 - 11.2 - 12.2 - 12.4 - 12.2 - 11.8 - 10.9 - 12.3,34.5,35.0
202004010606,12.3 - 10.9 - 11.6 - 12.9 - 12.6 - 12.5 - 12.6 - 12.7 - 12.5 - 12.1 - 12.6,34.8,37.2
202004010607,12.5 - 11.0 - 12.3 - 12.7 - 12.5 - 12.3 - 13.1 - 12.9 - 13.4,35.8,39.4
202004010608,12.7 - 11.0 - 11.8 - 12.3 - 11.9 - 11.4 - 11.6,35.5,34.9
202004010609,11.9 - 11.1 - 11.5 - 12.6 - 11.6 - 12.3,34.5,36.5
202004010610,12.5 - 12.1 - 12.2 - 12.5 - 12.5 - 11.9 - 11.1 - 10.7 - 11.8,36.8,33.6
202004010611,11.9 - 10.0 - 10.3 - 10.6 - 11.4,32.2,32.3
202004010612,11.8 - 10.7 - 12.0 - 12.7 - 12.0 - 12.6,34.5,37.3
202004020101,12.2 - 10.8 - 10.7 - 10.6 - 11.5,33.7,32.8
202004020102,12.3 - 11.1 - 11.6 - 12.4 - 12.5 - 12.3 - 11.5 - 11.1 - 11.7,35.0,34.3
202004020103,11.8 - 10.5 - 11.3 - 12.1 - 11.9 - 13.7,33.6,37.7
202004020104,12.4 - 11.3 - 12.9 - 13.3 - 12.5 - 12.0 - 12.7 - 12.4 - 12.7,36.6,37.8
202004020105,12.9 - 11.2 - 12.0 - 12.5 - 11.9 - 11.0 - 11.2 - 12.1,36.1,34.3
202004020106,12.3 - 11.0 - 11.6 - 12.7 - 12.3 - 12.4,34.9,37.4
202004020107,12.3 - 10.7 - 11.2 - 12.3 - 12.7 - 12.5 - 11.5 - 11.0 - 11.7,34.2,34.2
202004020108,12.5 - 10.8 - 12.2 - 13.0 - 12.6 - 12.6 - 13.1 - 12.7 - 12.3,35.5,38.1
202004020109,12.8 - 11.1 - 11.1 - 11.8 - 12.7 - 13.4 - 12.7 - 12.1 - 11.8 - 11.9 - 11.5 - 11.7,35.0,35.1
202004020110,12.5 - 10.5 - 11.1 - 11.6 - 11.8 - 11.2 - 11.8,34.1,34.8
202004020111,11.7 - 10.6 - 11.4 - 11.9 - 12.0 - 12.3,33.7,36.2
202004020112,12.4 - 11.2 - 11.6 - 12.6 - 12.6 - 11.1 - 10.9 - 11.4,35.2,33.4
202004020201,12.4 - 10.6 - 11.2 - 11.6 - 12.2 - 11.9 - 12.2,34.2,36.3
202004020202,12.4 - 10.8 - 12.1 - 12.4 - 12.4 - 11.1 - 11.1 - 11.7,35.3,33.9
202004020203,11.9 - 11.2 - 11.4 - 13.0 - 12.1 - 12.4,34.5,37.5
202004020204,12.6 - 10.5 - 11.9 - 12.8 - 12.4 - 12.1 - 12.1 - 12.4 - 11.7 - 12.2,35.0,36.3
202004020205,12.9 - 11.4 - 12.1 - 13.1 - 13.3 - 13.1 - 11.5 - 10.8 - 11.3,36.4,33.6
202004020206,12.6 - 11.0 - 11.6 - 12.2 - 12.3 - 11.3 - 11.3,35.2,34.9
202004020207,12.4 - 11.2 - 12.4 - 12.9 - 12.6 - 12.5 - 13.1 - 12.9 - 13.1,36.0,39.1
202004020208,12.6 - 10.7 - 11.4 - 12.1 - 12.7 - 12.4 - 12.2 - 11.6 - 11.2 - 12.0,34.7,34.8
202004020209,12.7 - 11.5 - 11.6 - 12.2 - 12.0 - 11.9 - 11.3 - 10.8 - 11.3,35.8,33.4
202004020210,12.4 - 11.0 - 12.5 - 13.6 - 12.7 - 12.5 - 12.6 - 11.8 - 12.1,35.9,36.5
202004020211,11.7 - 10.0 - 10.4 - 10.8 - 11.6,32.1,32.8
202004020212,12.0 - 10.8 - 11.4 - 12.3 - 11.8 - 12.3,34.2,36.4
202004020301,11.9 - 10.7 - 11.3 - 12.5 - 12.2 - 13.1,33.9,37.8
202004020302,12.5 - 11.1 - 11.7 - 12.4 - 12.7 - 11.4 - 10.8 - 11.5,35.3,33.7
202004020303,12.3 - 10.7 - 12.2 - 13.1 - 13.4 - 13.1 - 13.1 - 12.7 - 12.5,35.2,38.3
202004020304,12.0 - 10.8 - 11.6 - 12.3 - 12.1 - 12.7,34.4,37.1
202004020305,12.5 - 11.6 - 12.5 - 13.2 - 12.6 - 11.8 - 11.4 - 11.0 - 12.0,36.6,34.4
202004020306,12.8 - 10.9 - 11.4 - 12.3 - 13.3 - 12.8 - 11.7 - 11.8 - 12.6 - 11.6 - 12.3,35.1,36.5
202004020307,12.3 - 11.1 - 12.9 - 13.3 - 12.6 - 12.4 - 12.8 - 12.2 - 12.5,36.3,37.5
202004020309,12.7 - 11.2 - 12.6 - 12.9 - 12.4 - 12.0 - 12.8 - 12.1 - 12.6,36.5,37.5
202004020310,12.7 - 10.9 - 11.5 - 12.0 - 12.1 - 11.2 - 11.2 - 11.1,35.1,33.5
202004020311,12.3 - 10.4 - 11.1 - 11.9 - 12.0 - 11.2 - 11.5,33.8,34.7
202004020312,11.8 - 10.0 - 10.5 - 11.0 - 12.5,32.3,34.0
202004020401,11.9 - 10.8 - 11.7 - 11.7 - 11.5 - 12.5,34.4,35.7
202004020402,12.3 - 11.1 - 11.6 - 12.5 - 12.6 - 12.2 - 11.7 - 11.0 - 11.7,35.0,34.4
202004020403,11.9 - 10.0 - 10.5 - 11.0 - 11.8,32.4,33.3
202004020404,12.6 - 11.0 - 12.7 - 13.3 - 13.0 - 12.4 - 12.9 - 12.3 - 12.7,36.3,37.9
202004020405,12.7 - 11.4 - 11.7 - 12.8 - 12.6 - 11.4 - 11.1 - 11.9,35.8,34.4
202004020406,12.4 - 11.6 - 12.2 - 12.0 - 11.5 - 11.9,36.2,35.4
202004020407,12.6 - 11.0 - 11.7 - 12.1 - 12.1 - 11.1 - 11.0 - 11.9,35.3,34.0
202004020408,12.0 - 10.9 - 11.3 - 12.2 - 12.0 - 12.5,34.2,36.7
202004020409,12.9 - 10.9 - 11.4 - 12.1 - 13.0 - 12.7 - 12.2 - 11.5 - 11.3 - 11.7,35.2,34.5
202004020410,12.3 - 11.0 - 12.5 - 12.8 - 12.3 - 12.3 - 12.8 - 12.2 - 12.5,35.8,37.5
202004020411,12.5 - 10.5 - 11.0 - 11.6 - 11.8 - 11.8 - 11.7 - 12.1 - 12.3,34.0,36.1
202004020412,11.6 - 10.5 - 11.8 - 12.8 - 11.9 - 12.7,33.9,37.4
202004020501,12.4 - 10.9 - 12.2 - 12.3 - 12.1 - 11.7 - 11.1 - 12.6,35.5,35.4
202004020502,11.8 - 10.8 - 11.5 - 12.3 - 12.4 - 12.3,34.1,37.0
202004020503,12.4 - 10.9 - 12.0 - 12.4 - 12.3 - 12.7 - 13.2 - 12.8 - 13.0,35.3,39.0
202004020504,12.2 - 10.6 - 11.3 - 11.4 - 12.1 - 11.7 - 12.7,34.1,36.5
202004020505,12.5 - 11.3 - 12.4 - 12.9 - 12.5 - 11.8 - 11.5 - 11.9,36.2,35.2
202004020506,12.5 - 11.4 - 12.7 - 13.6 - 13.7 - 13.2 - 13.0 - 12.2 - 12.4,36.6,37.6
202004020507,12.5 - 11.0 - 12.2 - 12.4 - 12.0 - 12.3 - 12.7 - 12.4 - 11.8 - 12.2,35.7,36.4
202004020508,12.5 - 11.1 - 12.1 - 13.3 - 12.9 - 11.9 - 11.6 - 11.7 - 12.3,35.7,35.6
202004020509,12.3 - 11.0 - 11.1 - 12.3 - 12.7 - 11.7 - 12.3,34.4,36.7
202004020510,12.0 - 10.7 - 11.2 - 11.8 - 11.8 - 12.7,33.9,36.3
202004020511,12.5 - 11.4 - 11.8 - 12.2 - 12.3 - 11.9 - 11.8 - 11.5 - 12.3,35.7,35.6
202004020512,12.3 - 11.3 - 13.0 - 13.6 - 12.7 - 12.4 - 12.8 - 11.8 - 12.0,36.6,36.6
202004020601,12.5 - 10.8 - 11.5 - 12.2 - 12.7 - 12.9 - 12.1 - 12.0 - 12.6,34.8,36.7
202004020602,12.6 - 11.5 - 12.7 - 13.4 - 12.8 - 12.5 - 12.9 - 12.7 - 13.2,36.8,38.8
202004020603,12.4 - 11.2 - 12.1 - 12.5 - 12.4 - 11.9 - 11.5 - 12.0,35.7,35.4
202004020604,12.5 - 10.8 - 12.5 - 13.0 - 12.5 - 12.9 - 13.1 - 12.9 - 13.4,35.8,39.4
202004020605,13.2 - 11.5 - 13.1 - 14.1 - 13.3 - 12.8 - 12.5 - 12.2 - 11.5 - 11.5,37.8,35.2
202004020606,12.6 - 11.8 - 12.1 - 13.3 - 12.7 - 11.8 - 11.2 - 12.0,36.5,35.0
202004020607,11.8 - 10.5 - 11.3 - 12.0 - 11.6 - 12.9,33.6,36.5
202004020608,12.9 - 10.9 - 11.6 - 13.5 - 14.1 - 13.4 - 12.8 - 12.7 - 12.3 - 11.8 - 12.0,35.4,36.1
202004020609,11.9 - 10.5 - 10.9 - 11.4 - 11.9,33.3,34.2
202004020610,12.9 - 11.0 - 11.7 - 11.8 - 12.6 - 12.3 - 12.6 - 12.0 - 12.2 - 12.7,35.6,36.9
202004020611,12.6 - 11.1 - 12.0 - 12.6 - 12.4 - 11.9 - 12.2 - 11.9 - 12.5,35.7,36.6
202004020612,12.4 - 10.6 - 10.9 - 11.4 - 11.9 - 11.7 - 12.6,33.9,36.2
202004030101,12.5 - 10.9 - 11.7 - 12.5 - 12.4 - 12.0 - 11.7 - 11.7 - 12.8,35.1,36.2
202004030102,12.0 - 10.5 - 11.1 - 12.2 - 12.7 - 13.1,33.6,38.0
202004030103,12.4 - 11.9 - 12.6 - 13.2 - 12.6 - 12.3 - 12.0 - 12.2 - 12.1 - 12.3,36.9,36.6
202004030104,13.1 - 11.4 - 12.4 - 12.6 - 12.5 - 12.7 - 13.2 - 13.4 - 13.8,36.9,40.4
202004030105,12.8 - 11.2 - 12.0 - 12.6 - 12.1 - 11.7 - 12.0 - 12.6,36.0,36.3
202004030106,12.4 - 10.3 - 11.1 - 11.9 - 12.2 - 12.2 - 13.1,33.8,37.5
202004030107,12.4 - 11.3 - 11.4 - 11.9 - 12.5 - 12.4 - 11.8 - 11.5 - 12.9,35.1,36.2
202004030108,12.0 - 10.7 - 11.6 - 12.5 - 12.2 - 12.7,34.3,37.4
202004030109,12.4 - 10.7 - 11.3 - 11.9 - 12.1 - 11.8 - 11.3 - 11.8,34.4,34.9
202004030110,12.2 - 10.7 - 11.1 - 11.5 - 11.5 - 11.7 - 12.3,34.0,35.5
202004030111,11.4 - 10.5 - 10.9 - 11.8 - 12.3 - 13.1,32.8,37.2
202004030112,12.8 - 11.6 - 13.2 - 13.4 - 12.9 - 11.6 - 12.7 - 12.8 - 12.9,37.6,38.4
202004030202,12.9 - 11.2 - 12.6 - 13.3 - 12.8 - 12.2 - 12.7 - 12.3 - 12.6,36.7,37.6
202004030203,12.2 - 10.6 - 11.6 - 11.9 - 11.7 - 12.2,34.4,35.8
202004030204,11.9 - 11.0 - 11.5 - 12.5 - 12.2 - 12.8,34.4,37.5
202004030205,12.4 - 11.0 - 11.9 - 12.7 - 12.8 - 12.3 - 11.5 - 11.7 - 12.7,35.3,35.9
202004030206,12.1 - 10.3 - 10.6 - 11.0 - 11.8,33.0,33.4
202004030207,12.7 - 11.4 - 12.6 - 12.8 - 12.3 - 12.6 - 12.9 - 12.5 - 12.9,36.7,38.3
202004030208,12.9 - 11.0 - 11.9 - 12.2 - 12.5 - 12.5 - 12.1 - 11.5 - 11.4 - 12.2,35.8,35.1
202004030209,13.0 - 11.5 - 12.3 - 12.9 - 12.2 - 12.3 - 12.4 - 12.1 - 12.3,36.8,36.8
202004030210,12.6 - 11.4 - 12.0 - 12.2 - 12.5 - 12.2 - 11.3 - 11.3 - 12.2,36.0,34.8
202004030211,12.2 - 10.9 - 11.5 - 11.7 - 11.5 - 11.3 - 11.6 - 12.4,34.6,35.3
202004030212,12.0 - 10.4 - 11.2 - 11.9 - 11.9 - 12.0,33.6,35.8
202004030302,12.7 - 11.4 - 12.6 - 13.5 - 13.0 - 12.8 - 13.1 - 12.7 - 12.9,36.7,38.7
202004030303,11.9 - 10.9 - 11.5 - 12.6 - 12.6 - 13.0,34.3,38.2
202004030305,12.5 - 11.2 - 12.9 - 13.5 - 13.0 - 12.7 - 13.3 - 12.9 - 12.9,36.6,39.1
202004030306,12.8 - 10.8 - 11.7 - 12.4 - 12.3 - 11.6 - 11.4 - 12.2,35.3,35.2
202004030307,12.6 - 11.2 - 11.9 - 11.7 - 12.4 - 12.3 - 12.7 - 12.6 - 12.7 - 12.7 - 12.0 - 12.1,35.7,36.8
202004030308,12.0 - 11.2 - 11.9 - 12.5 - 12.0 - 12.8,35.1,37.3
202004030309,12.7 - 11.1 - 12.4 - 12.8 - 12.4 - 12.7 - 12.8 - 12.3 - 12.5,36.2,37.6
202004030310,12.2 - 11.1 - 11.8 - 12.0 - 11.0 - 11.4,35.1,34.4
202004030311,12.6 - 10.8 - 10.8 - 12.1 - 13.0 - 12.5 - 12.6 - 12.6 - 12.3 - 12.1 - 12.2,34.2,36.6
202004030312,12.9 - 12.0 - 12.7 - 13.2 - 12.8 - 12.2 - 11.3 - 10.8 - 11.5,37.6,33.6
202004030401,12.7 - 11.0 - 11.5 - 12.0 - 12.1 - 11.4 - 11.5 - 12.6,35.2,35.5
202004030402,12.3 - 10.5 - 11.2 - 12.4 - 12.4 - 12.1 - 12.4,34.0,36.9
202004030403,12.5 - 11.0 - 11.5 - 12.4 - 12.3 - 12.5,35.0,37.2
202004030404,12.5 - 10.9 - 12.4 - 12.8 - 12.5 - 12.3 - 12.4 - 12.2 - 12.4 - 12.5,35.8,37.1
202004030405,12.9 - 11.9 - 12.0 - 12.8 - 12.9 - 12.3 - 11.6 - 11.1 - 11.7,36.8,34.4
202004030406,12.4 - 11.1 - 11.9 - 12.1 - 11.8 - 12.4,35.4,36.3
202004030407,12.7 - 10.8 - 12.9 - 13.6 - 13.1 - 13.0 - 13.3 - 12.5 - 12.6,36.4,38.4
202004030408,12.8 - 11.7 - 12.6 - 12.4 - 13.0 - 13.1 - 12.7 - 12.5 - 12.5 - 12.0 - 11.1 - 11.4,37.1,34.5
202004030409,12.0 - 10.1 - 10.4 - 10.9 - 11.5,32.5,32.8
202004030410,12.8 - 11.4 - 11.8 - 12.7 - 12.8 - 12.1 - 12.0 - 12.3 - 12.2 - 11.8 - 12.0,36.0,36.0
202004030411,11.9 - 10.8 - 11.4 - 12.3 - 11.7 - 12.1,34.1,36.1
202004030412,12.6 - 10.9 - 12.5 - 13.1 - 12.9 - 13.1 - 13.1 - 12.5 - 12.6,36.0,38.2
202004030501,12.7 - 11.1 - 12.5 - 13.2 - 12.6 - 12.2 - 12.4 - 13.1 - 14.2,36.3,39.7
202004030502,12.7 - 11.1 - 11.8 - 12.1 - 12.1 - 12.0 - 11.9 - 12.0 - 12.9,35.6,36.8
202004030503,12.2 - 10.9 - 11.6 - 12.4 - 12.2 - 12.4,34.7,37.0
202004030504,12.7 - 11.6 - 12.6 - 12.7 - 12.5 - 12.6 - 13.2 - 12.0 - 12.9,36.9,38.1
202004030505,12.9 - 11.8 - 12.8 - 13.2 - 12.5 - 11.4 - 11.2 - 12.1,37.5,34.7
202004030506,13.1 - 11.4 - 11.9 - 12.5 - 12.3 - 11.6 - 11.4 - 12.0,36.4,35.0
202004030507,12.9 - 11.5 - 11.8 - 12.4 - 12.7 - 12.6 - 11.5 - 10.8 - 12.3,36.2,34.6
202004030508,12.7 - 11.6 - 12.7 - 13.0 - 12.1 - 12.2 - 12.4 - 12.7 - 13.3,37.0,38.4
202004030509,12.0 - 10.6 - 11.3 - 12.0 - 12.2 - 12.4,33.9,36.6
202004030510,11.8 - 10.1 - 10.6 - 10.6 - 11.3,32.5,32.5
202004030511,12.8 - 11.7 - 12.1 - 13.0 - 12.8 - 11.8 - 12.1 - 11.9 - 12.3,36.6,36.3
202004030512,12.3 - 10.8 - 11.4 - 12.1 - 12.4 - 11.2 - 11.7,34.5,35.3
202004030602,12.6 - 11.6 - 13.3 - 13.3 - 12.7 - 12.4 - 12.7 - 12.7 - 13.2,37.5,38.6
202004030603,12.2 - 10.5 - 10.9 - 10.9 - 11.5,33.6,33.3
202004030604,12.1 - 10.6 - 11.3 - 12.4 - 12.2 - 13.0,34.0,37.6
202004030605,12.8 - 12.3 - 13.3 - 14.0 - 13.2 - 12.5 - 12.2 - 12.2 - 11.4 - 12.1,38.4,35.7
202004030606,12.1 - 10.4 - 11.3 - 12.0 - 11.9 - 12.6,33.8,36.5
202004030607,13.2 - 11.7 - 12.2 - 12.3 - 12.7 - 12.7 - 12.0 - 11.5 - 11.0 - 12.1,37.1,34.6
202004030608,12.5 - 11.5 - 13.0 - 13.6 - 12.8 - 11.8 - 12.8 - 12.3 - 13.0,37.0,38.1
202004030609,12.2 - 10.7 - 11.4 - 11.6 - 11.7 - 12.0 - 11.8 - 12.5,34.3,36.3
202004030610,12.2 - 10.1 - 10.8 - 11.3 - 12.3 - 12.1 - 12.4,33.1,36.8
202004030611,12.8 - 10.6 - 11.2 - 12.7 - 12.2 - 11.7 - 11.3 - 12.1,34.6,35.1
202004030612,12.0 - 10.5 - 11.1 - 12.2 - 12.7 - 13.2,33.6,38.1
202004030702,12.7 - 10.8 - 12.0 - 12.6 - 12.5 - 13.0 - 13.1 - 12.8 - 12.7,35.5,38.6
202004030703,12.6 - 11.5 - 11.9 - 12.8 - 12.3 - 12.6,36.0,37.7
202004030705,12.6 - 11.1 - 11.8 - 12.3 - 12.5 - 11.9 - 12.3,35.5,36.7
202004030706,12.6 - 11.0 - 11.8 - 12.3 - 12.3 - 12.4 - 12.4 - 12.3 - 12.6 - 12.6,35.4,37.5
202004030707,12.2 - 11.0 - 11.5 - 12.1 - 12.2 - 12.0 - 12.2,34.7,36.4
202004030708,12.4 - 10.8 - 11.6 - 12.7 - 12.4 - 12.4,34.8,37.5
202004030709,12.7 - 10.8 - 12.5 - 13.2 - 12.1 - 12.2 - 13.0 - 12.1 - 12.3,36.0,37.4
202004030710,13.1 - 11.8 - 12.3 - 12.3 - 12.4 - 12.4 - 11.7 - 11.4 - 11.3 - 12.0,37.2,34.7
202004030711,12.9 - 12.0 - 12.1 - 12.4 - 11.7 - 11.0 - 11.3 - 11.7,37.0,34.0
202004030712,12.8 - 11.6 - 11.9 - 12.2 - 12.4 - 12.0 - 11.3 - 11.6 - 11.6,36.3,34.5
202004030801,12.5 - 11.3 - 12.3 - 13.2 - 12.7 - 11.4 - 11.0 - 12.1,36.1,34.5
202004030802,12.7 - 11.2 - 12.6 - 13.2 - 12.7 - 12.4 - 12.3 - 12.3 - 12.1 - 12.4,36.5,36.8
202004030803,12.2 - 11.5 - 12.1 - 12.3 - 11.8 - 12.2,35.8,36.3
202004030804,12.7 - 10.9 - 12.6 - 13.2 - 13.1 - 12.9 - 12.7 - 12.6 - 12.8,36.2,38.1
202004030805,12.9 - 11.6 - 11.9 - 12.8 - 12.9 - 12.5 - 11.8 - 11.6 - 11.7,36.4,35.1
202004030806,12.6 - 11.2 - 12.0 - 12.1 - 11.9 - 11.4 - 11.1 - 12.4,35.8,34.9
202004030807,12.7 - 11.0 - 12.3 - 13.3 - 12.6 - 12.5 - 12.6 - 12.7 - 13.4,36.0,38.7
202004030808,13.3 - 12.0 - 12.1 - 12.6 - 12.1 - 11.6 - 11.3 - 11.8 - 12.2 - 12.7 - 12.6,37.4,37.5
202004030809,12.3 - 10.6 - 11.6 - 11.5 - 11.3 - 12.1,34.5,34.9
202004030810,12.6 - 10.7 - 12.7 - 12.7 - 12.6 - 12.4 - 12.5 - 12.4 - 12.9,36.0,37.8
202004030811,12.8 - 11.5 - 12.5 - 12.4 - 12.7 - 13.0 - 11.9 - 10.8 - 10.7 - 11.6,36.8,33.1
202004030812,11.7 - 10.2 - 10.6 - 11.0 - 11.5,32.5,33.1
202004040102,12.5 - 11.0 - 12.1 - 12.8 - 12.5 - 12.5 - 13.0 - 13.0 - 14.1,35.6,40.1
202004040103,11.9 - 11.0 - 11.5 - 12.1 - 11.9 - 12.8,34.4,36.8
202004040105,12.7 - 11.2 - 12.0 - 12.7 - 12.6 - 12.0 - 12.1 - 12.1 - 11.8 - 12.1,35.9,36.0
202004040106,11.9 - 10.9 - 11.4 - 12.1 - 12.0 - 12.6,34.2,36.7
202004040107,11.9 - 10.2 - 10.6 - 10.9 - 11.9,32.7,33.4
202004040108,12.7 - 11.2 - 11.7 - 12.1 - 12.3 - 11.2 - 11.1 - 12.0,35.6,34.3
202004040109,12.7 - 11.2 - 13.4 - 13.9 - 12.4 - 12.0 - 12.7 - 12.3 - 12.8,37.3,37.8
202004040110,12.7 - 11.6 - 11.8 - 12.0 - 12.7 - 13.0 - 12.9 - 12.5 - 11.9 - 11.8 - 11.8 - 12.3,36.1,35.9
202004040111,13.0 - 11.4 - 12.2 - 12.1 - 12.2 - 12.4 - 11.8 - 10.9 - 11.2 - 12.5,36.6,34.6
202004040112,12.0 - 10.7 - 11.3 - 11.6 - 11.7 - 12.0,34.0,35.3
202004040201,12.2 - 10.2 - 10.7 - 11.9 - 12.6 - 12.2 - 12.1,33.1,36.9
202004040202,11.9 - 11.3 - 12.0 - 12.7 - 12.2 - 12.4,35.2,37.3
202004040203,12.6 - 11.0 - 12.4 - 12.9 - 12.6 - 12.5 - 12.6 - 12.5 - 12.6,36.0,37.7
202004040205,12.4 - 11.5 - 12.3 - 12.5 - 12.0 - 12.8,36.2,37.3
202004040206,11.9 - 10.2 - 10.8 - 10.9 - 11.9,32.9,33.6
202004040207,12.3 - 11.0 - 12.4 - 13.5 - 12.7 - 12.5 - 12.9 - 12.4 - 12.6,35.7,37.9
202004040208,12.6 - 11.1 - 11.4 - 12.2 - 12.5 - 12.3 - 11.6 - 11.2 - 12.1,35.1,34.9
202004040209,12.0 - 10.9 - 11.7 - 12.3 - 12.0 - 12.9,34.6,37.2
202004040210,13.4 - 11.6 - 12.0 - 12.3 - 12.7 - 12.5 - 11.9 - 11.0 - 11.1 - 12.1,37.0,34.2
202004040211,11.9 - 10.9 - 11.5 - 11.6 - 11.0 - 11.8,34.3,34.4
202004040212,12.7 - 11.2 - 13.0 - 13.6 - 12.5 - 12.0 - 12.6 - 12.2 - 12.4,36.9,37.2
202004040302,12.9 - 11.4 - 12.8 - 13.0 - 12.7 - 12.7 - 12.9 - 13.2 - 13.1,37.1,39.2
202004040303,11.9 - 10.9 - 11.7 - 12.8 - 12.2 - 13.4,34.5,38.4
202004040305,12.5 - 10.9 - 11.5 - 12.3 - 12.1 - 12.0 - 12.2,34.9,36.3
202004040306,7.1 - 11.5 - 11.5 - 13.5 - 13.6 - 13.4 - 13.6 - 13.5 - 12.2 - 11.9 - 12.3 - 12.7 - 13.3,30.1,38.3
202004040307,12.7 - 11.8 - 12.4 - 13.0 - 13.1 - 12.2 - 12.9 - 12.7 - 13.1,36.9,38.7
202004040308,12.8 - 11.6 - 11.9 - 12.2 - 12.1 - 12.1 - 11.2 - 11.1 - 12.9,36.3,35.2
202004040309,12.0 - 10.8 - 11.4 - 12.1 - 12.0 - 12.8,34.2,36.9
202004040310,12.5 - 11.2 - 11.9 - 12.4 - 12.3 - 12.1 - 11.3 - 11.2 - 12.5,35.6,35.0
202004040311,12.0 - 10.4 - 10.6 - 10.5 - 12.0,33.0,33.1
202004040312,13.1 - 11.5 - 12.1 - 12.9 - 11.9 - 10.9 - 10.8 - 12.2,36.7,33.9
202004040401,12.5 - 11.2 - 12.7 - 12.9 - 12.6 - 12.7 - 13.1 - 13.0 - 13.5,36.4,39.6
202004040402,12.1 - 10.4 - 11.2 - 11.6 - 11.9 - 12.4,33.7,35.9
202004040403,12.8 - 10.6 - 12.3 - 12.6 - 12.1 - 11.3 - 11.0 - 12.6,35.7,34.9
202004040404,11.8 - 10.8 - 11.4 - 12.2 - 12.0 - 13.0,34.0,37.2
202004040405,12.9 - 12.0 - 13.9 - 13.9 - 13.0 - 12.8 - 12.8 - 12.1 - 12.6,38.8,37.5
202004040406,13.0 - 11.1 - 11.5 - 11.8 - 12.5 - 12.3 - 12.3 - 11.6 - 11.2 - 12.3,35.6,35.1
202004040407,12.3 - 11.4 - 12.9 - 13.0 - 12.8 - 12.3 - 12.9 - 12.2 - 12.9,36.6,38.0
202004040408,11.9 - 10.7 - 11.4 - 12.3 - 11.9 - 13.2,34.0,37.4
202004040409,12.5 - 11.0 - 12.6 - 13.7 - 12.9 - 12.2 - 12.7 - 12.4 - 13.2,36.1,38.3
202004040410,11.9 - 10.3 - 10.7 - 10.6 - 11.6,32.9,32.9
202004040411,12.1 - 10.7 - 11.4 - 12.0 - 11.9 - 11.1 - 11.7,34.2,34.7
202004040412,11.9 - 10.7 - 11.3 - 12.4 - 11.9 - 12.3,33.9,36.6
202004040502,12.6 - 11.2 - 12.9 - 13.7 - 12.9 - 12.6 - 12.9 - 13.1 - 13.3,36.7,39.3
202004040503,12.1 - 11.2 - 11.7 - 12.3 - 12.2 - 12.5,35.0,37.0
202004040505,13.1 - 12.0 - 12.5 - 12.7 - 13.0 - 12.6 - 11.7 - 11.7 - 12.4,37.6,35.8
202004040506,11.7 - 10.8 - 11.2 - 12.1 - 11.7 - 12.7,33.7,36.5
202004040507,13.2 - 11.8 - 12.5 - 12.6 - 12.8 - 13.0 - 12.5 - 12.1 - 11.8 - 12.5,37.5,36.4
202004040508,12.0 - 10.4 - 11.2 - 11.6 - 12.0,33.6,34.8
202004040509,12.4 - 10.9 - 12.7 - 13.2 - 12.6 - 12.6 - 13.1 - 12.1 - 12.5,36.0,37.7
202004040510,12.4 - 10.9 - 11.3 - 12.0 - 12.5 - 12.2 - 12.3,34.6,37.0
202004040511,13.0 - 11.3 - 12.0 - 12.8 - 13.2 - 12.7 - 12.6 - 12.1 - 11.9 - 11.5 - 12.2,36.3,35.6
202004040512,12.7 - 10.8 - 11.7 - 12.3 - 12.7 - 12.5 - 12.0 - 12.9,35.2,37.4
202004040601,12.6 - 10.4 - 10.9 - 11.7 - 12.6 - 12.9 - 13.1,33.9,38.6
202004040602,12.1 - 10.6 - 11.1 - 12.3 - 12.9 - 13.5,33.8,38.7
202004040603,12.8 - 11.1 - 12.6 - 13.0 - 12.4 - 12.6 - 12.8 - 12.5 - 13.0,36.5,38.3
202004040605,13.2 - 12.0 - 12.7 - 12.8 - 12.9 - 12.1 - 11.6 - 12.5,37.9,36.2
202004040606,12.0 - 10.8 - 11.2 - 12.1 - 11.9 - 12.8,34.0,36.8
202004040607,13.0 - 11.6 - 12.9 - 12.9 - 12.2 - 11.8 - 12.2 - 12.2 - 13.3,37.5,37.7
202004040608,12.8 - 11.1 - 11.5 - 12.4 - 12.4 - 12.2 - 11.9 - 11.8 - 12.9,35.4,36.6
202004040609,11.9 - 10.6 - 11.1 - 12.1 - 12.0 - 13.5,33.6,37.6
202004040610,13.1 - 12.8 - 12.6 - 13.1 - 13.3 - 12.2 - 12.3 - 12.4 - 12.4 - 11.5 - 12.3,38.5,36.2
202004040611,11.9 - 10.2 - 10.8 - 11.0 - 11.8,32.9,33.6
202004040612,12.8 - 11.3 - 12.9 - 12.8 - 12.3 - 12.0 - 12.1 - 12.1 - 12.5,37.0,36.7
202005010101,7.1 - 11.1 - 11.6 - 12.4 - 12.7 - 12.4 - 13.1,29.8,38.2
202005010102,12.7 - 11.6 - 12.2 - 12.8 - 12.6 - 12.4 - 12.9,36.5,37.9
202005010103,12.5 - 11.0 - 11.8 - 12.5 - 13.2 - 12.9 - 12.7 - 12.9,35.3,38.5
202005010104,12.4 - 11.5 - 12.0 - 12.1 - 12.2 - 12.2 - 12.2 - 12.8,35.9,37.2
202005010105,12.4 - 11.6 - 12.2 - 12.7 - 12.9 - 11.9 - 11.4 - 11.4,36.2,34.7
202005010106,12.7 - 11.8 - 12.7 - 12.5 - 12.5 - 13.0 - 12.8 - 12.5 - 12.2 - 11.4 - 11.0 - 11.4,37.2,33.8
202005010107,12.8 - 11.0 - 11.6 - 12.4 - 12.6 - 12.1 - 12.4,35.4,37.1
202005010108,6.9 - 11.6 - 12.5 - 12.8 - 12.9 - 13.0 - 12.8 - 12.4 - 12.2 - 11.9 - 12.3,31.0,36.4
202005010109,12.5 - 11.0 - 11.1 - 12.0 - 12.2 - 12.1 - 12.6,34.6,36.9
202005010110,12.5 - 11.2 - 11.7 - 12.3 - 11.3 - 11.0 - 11.2,35.4,33.5
202005010111,12.5 - 11.1 - 11.5 - 12.2 - 12.4 - 12.5 - 12.2 - 11.7 - 11.1 - 11.9,35.1,34.7
202005010112,12.5 - 11.0 - 12.2 - 12.1 - 12.5 - 12.6 - 11.6 - 11.2 - 11.5,35.7,34.3
202005010201,12.8 - 11.6 - 12.7 - 13.3 - 13.0 - 11.7 - 12.4,37.1,37.1
202005010202,7.3 - 11.3 - 13.2 - 13.8 - 13.9 - 12.9 - 12.8 - 12.9 - 13.3 - 12.6 - 12.6,31.8,38.5
202005010203,12.2 - 11.0 - 11.8 - 12.4 - 12.7 - 13.1 - 12.4 - 13.2,35.0,38.7
202005010204,12.3 - 11.3 - 12.7 - 13.6 - 13.9 - 12.7 - 12.0 - 12.1,36.3,36.8
202005010205,12.7 - 11.4 - 11.9 - 12.1 - 12.3 - 12.3 - 11.7 - 11.3 - 11.6,36.0,34.6
202005010206,12.8 - 11.5 - 11.9 - 12.2 - 12.2 - 11.8 - 11.3 - 11.6,36.2,34.7
202005010207,7.5 - 11.6 - 13.4 - 13.4 - 12.9 - 13.1 - 12.8 - 12.7 - 12.1 - 12.1 - 13.2,32.5,37.4
202005010208,12.6 - 11.5 - 11.9 - 12.2 - 12.0 - 11.6 - 12.9,36.0,36.5
202005010209,12.5 - 11.4 - 12.0 - 12.3 - 12.5 - 12.3 - 11.5 - 11.2 - 11.5,35.9,34.2
202005010210,12.5 - 11.5 - 12.2 - 11.9 - 11.9 - 12.2 - 12.2 - 11.8 - 12.0 - 12.3 - 12.4 - 11.8,36.2,36.5
202005010211,12.5 - 10.9 - 11.6 - 12.3 - 11.9 - 11.6 - 11.9,35.0,35.4
202005010212,13.0 - 11.8 - 12.5 - 12.5 - 12.5 - 12.3 - 11.1 - 11.0 - 11.1,37.3,33.2
202005010301,6.9 - 11.2 - 11.6 - 12.4 - 12.4 - 12.0 - 13.1,29.7,37.5
202005010302,12.7 - 11.8 - 11.7 - 12.0 - 12.2 - 12.1 - 12.6,36.2,36.9
202005010303,12.6 - 11.4 - 12.0 - 12.5 - 12.9 - 12.6 - 12.3 - 12.6,36.0,37.5
202005010304,12.7 - 11.2 - 11.8 - 12.7 - 12.5 - 12.5 - 12.6,35.7,37.6
202005010305,13.1 - 11.7 - 12.7 - 12.2 - 11.8 - 13.1 - 11.8 - 11.6 - 11.3,37.5,34.7
202005010306,12.5 - 11.3 - 13.4 - 13.2 - 12.4 - 12.8 - 12.7 - 12.2 - 12.4 - 11.5 - 11.3 - 11.5,37.2,34.3
202005010307,7.3 - 11.0 - 11.8 - 12.3 - 12.4 - 12.3 - 12.5,30.1,37.2
202005010308,12.6 - 11.3 - 12.1 - 12.8 - 13.0 - 12.6 - 11.9 - 12.2,36.0,36.7
202005010309,12.6 - 10.8 - 11.5 - 12.0 - 11.6 - 11.4 - 11.8,34.9,34.8
202005010310,12.8 - 11.6 - 13.0 - 13.0 - 12.8 - 12.2 - 11.4 - 11.6 - 12.0 - 11.5 - 11.8 - 11.8,37.4,35.1
202005010311,12.4 - 11.5 - 11.7 - 11.7 - 11.9 - 11.4 - 11.3 - 11.6,35.6,34.3
202005010312,12.2 - 11.0 - 11.7 - 12.0 - 12.7 - 12.6 - 12.4 - 12.5,34.9,37.5
202005010401,12.5 - 11.1 - 11.9 - 13.2 - 13.1 - 12.5 - 12.6,35.5,38.2
202005010402,7.1 - 11.3 - 12.8 - 12.9 - 13.0 - 13.7 - 13.6 - 13.0 - 12.9 - 12.3 - 12.4,31.2,37.6
202005010403,12.5 - 11.7 - 12.4 - 12.8 - 13.4 - 12.8 - 12.2 - 12.3,36.6,37.3
202005010404,12.2 - 11.0 - 11.8 - 12.4 - 13.2 - 13.1 - 12.1 - 12.5,35.0,37.7
202005010405,12.4 - 11.4 - 12.3 - 12.6 - 12.6 - 11.3 - 11.2 - 11.3,36.1,33.8
202005010406,13.0 - 11.6 - 12.3 - 12.7 - 12.7 - 12.6 - 11.8 - 11.3 - 11.5,36.9,34.6
202005010407,12.7 - 11.4 - 13.3 - 13.2 - 12.5 - 11.7 - 11.9 - 11.9 - 12.0 - 11.8 - 11.3 - 11.7,37.4,34.8
202005010408,7.0 - 10.6 - 11.2 - 12.1 - 12.4 - 12.3 - 12.7,28.8,37.4
202005010409,12.7 - 11.5 - 12.6 - 12.5 - 12.8 - 12.6 - 12.3 - 12.6 - 12.7 - 11.7 - 11.3 - 11.7,36.8,34.7
202005010410,12.3 - 11.0 - 11.8 - 12.1 - 12.5 - 12.3 - 12.1 - 12.2,35.1,36.6
202005010411,12.4 - 10.9 - 11.4 - 11.6 - 11.8 - 11.5 - 11.6 - 11.8,34.7,34.9
202005010412,12.6 - 11.4 - 11.5 - 11.8 - 11.3 - 11.2 - 11.7,35.5,34.2
202005010501,12.4 - 11.2 - 12.2 - 12.6 - 12.4 - 12.0 - 12.6,35.8,37.0
202005010502,7.4 - 11.7 - 12.5 - 12.9 - 12.9 - 13.0 - 12.9 - 13.0 - 13.1 - 13.0 - 13.2,31.6,39.3
202005010503,12.3 - 11.0 - 11.8 - 12.4 - 12.9 - 12.5 - 12.3 - 13.2,35.1,38.0
202005010504,12.4 - 11.2 - 11.9 - 12.7 - 12.9 - 12.5 - 11.7 - 12.1,35.5,36.3
202005010505,12.6 - 11.0 - 11.4 - 11.7 - 11.5 - 11.8 - 12.7,35.0,36.0
202005010506,13.2 - 12.2 - 12.8 - 13.4 - 13.0 - 12.4 - 11.7 - 11.4 - 11.4,38.2,34.5
202005010507,12.3 - 10.9 - 11.3 - 11.6 - 12.0 - 11.8 - 11.5 - 12.4,34.5,35.7
202005010508,12.4 - 11.5 - 12.4 - 12.8 - 12.2 - 11.8 - 12.5,36.3,36.5
202005010509,12.7 - 11.2 - 12.3 - 12.8 - 12.1 - 12.0 - 11.3 - 11.1 - 11.8,36.2,34.2
202005010510,12.5 - 10.8 - 11.1 - 11.4 - 11.4 - 11.5 - 12.1,34.4,35.0
202005010511,12.1 - 11.0 - 11.2 - 11.4 - 12.0 - 11.9 - 12.7 - 11.7,34.3,36.3
202005010512,12.6 - 10.7 - 11.6 - 12.0 - 12.1 - 12.5 - 12.6,34.9,37.2
202005010601,12.5 - 11.8 - 12.3 - 12.8 - 12.7 - 12.4 - 13.1,36.6,38.2
202005010602,7.1 - 11.0 - 11.4 - 12.2 - 12.7 - 12.4 - 13.2,29.5,38.3
202005010603,12.5 - 10.9 - 11.6 - 12.4 - 13.1 - 13.3 - 12.5 - 13.0,35.0,38.8
202005010604,12.7 - 11.1 - 11.9 - 12.3 - 13.5 - 13.6 - 12.2 - 12.6,35.7,38.4
202005010605,12.6 - 11.2 - 12.1 - 12.4 - 12.8 - 12.7 - 11.8 - 12.2 - 12.4,35.9,36.4
202005010606,12.3 - 11.0 - 11.9 - 12.2 - 11.5 - 12.0 - 12.1,35.2,35.6
202005010607,12.3 - 10.7 - 11.7 - 12.4 - 12.7 - 12.5 - 12.5 - 13.2,34.7,38.2
202005010608,7.1 - 11.5 - 12.7 - 12.8 - 12.4 - 12.8 - 12.5 - 12.5 - 12.1 - 12.2 - 12.5,31.3,36.8
202005010609,12.6 - 11.3 - 12.3 - 12.4 - 12.1 - 12.1 - 11.3 - 11.7 - 12.4,36.2,35.4
202005010610,12.4 - 10.8 - 11.5 - 12.1 - 12.3 - 11.9 - 12.6,34.7,36.8
202005010611,13.2 - 11.9 - 12.5 - 12.9 - 12.7 - 12.1 - 11.2 - 11.4 - 11.7,37.6,34.3
202005010612,12.8 - 11.2 - 11.3 - 11.7 - 12.3 - 11.7 - 12.0 - 12.1,35.3,35.8
202005010701,12.7 - 11.7 - 12.2 - 12.3 - 12.3 - 12.2 - 12.4,36.6,36.9
202005010702,7.2 - 11.5 - 12.9 - 13.3 - 13.7 - 13.6 - 12.8 - 12.3 - 12.5 - 13.2 - 13.7,31.6,39.4
202005010703,12.6 - 11.4 - 12.1 - 12.6 - 12.2 - 11.8 - 12.6,36.1,36.6
202005010704,12.8 - 11.6 - 12.4 - 12.3 - 12.1 - 12.1 - 12.2 - 12.7,36.8,37.0
202005010705,12.6 - 11.3 - 11.9 - 12.0 - 12.0 - 11.6 - 11.7 - 12.0,35.8,35.3
202005010706,12.8 - 11.3 - 12.2 - 12.3 - 12.4 - 12.3 - 12.1 - 12.0 - 12.7,36.3,36.8
202005010707,12.7 - 11.6 - 11.8 - 12.1 - 12.1 - 11.9 - 12.4,36.1,36.4
202005010708,12.8 - 11.6 - 11.5 - 12.1 - 12.2 - 12.2 - 12.1 - 12.2 - 11.9 - 12.5,35.9,36.6
202005010709,12.3 - 11.1 - 11.5 - 12.2 - 12.4 - 12.3 - 12.3 - 12.8,34.9,37.4
202005010710,7.1 - 11.7 - 13.2 - 12.1 - 12.1 - 12.1 - 12.3 - 12.5 - 12.7 - 12.6 - 13.0,32.0,38.3
202005010711,13.2 - 12.0 - 12.1 - 12.6 - 12.7 - 12.5 - 12.5 - 12.4 - 12.3 - 11.7 - 12.1 - 12.3 - 12.2 - 12.5 - 12.4 - 12.7 - 13.0,37.3,38.1
202005010712,12.4 - 10.6 - 11.2 - 11.7 - 11.8 - 12.3 - 11.9,34.2,36.0
202005010801,12.7 - 11.4 - 12.1 - 12.7 - 12.4 - 11.9 - 12.3,36.2,36.6
202005010802,12.8 - 11.6 - 12.0 - 12.3 - 12.3 - 12.3 - 13.0,36.4,37.6
202005010803,12.3 - 11.3 - 11.9 - 12.3 - 13.0 - 12.6 - 12.4 - 13.3,35.5,38.3
202005010804,12.8 - 11.5 - 12.6 - 12.8 - 12.7 - 13.1 - 12.8 - 12.6 - 12.6 - 11.7 - 11.6 - 12.0,36.9,35.3
202005010805,12.8 - 11.9 - 12.0 - 12.2 - 12.5 - 11.3 - 11.2 - 11.3,36.7,33.8
202005010806,7.1 - 11.6 - 13.3 - 13.2 - 12.9 - 11.8 - 12.6 - 12.9 - 12.9 - 12.3 - 12.8,32.0,38.0
202005010807,12.6 - 11.4 - 12.0 - 12.0 - 12.4 - 12.8 - 12.1 - 11.2 - 11.6,36.0,34.9
202005010808,12.9 - 11.4 - 11.7 - 11.8 - 12.1 - 12.6 - 12.4 - 11.8 - 11.8 - 12.3,36.0,35.9
202005010809,12.5 - 11.5 - 12.3 - 12.7 - 12.8 - 12.3 - 11.7 - 11.9,36.3,35.9
202005010810,12.6 - 12.1 - 12.0 - 12.4 - 12.8 - 13.2 - 13.0 - 11.6 - 10.9 - 11.5,36.7,34.0
202005010811,12.5 - 10.9 - 11.2 - 11.8 - 12.3 - 12.2 - 11.9 - 12.4,34.6,36.5
202005010812,12.7 - 11.1 - 11.3 - 11.9 - 12.2 - 12.6 - 12.4,35.1,37.2
202005020101,12.0 - 11.4 - 12.7 - 12.7 - 12.7 - 12.3 - 12.6 - 13.3,36.1,38.2
202005020102,12.4 - 11.0 - 12.2 - 12.6 - 12.2 - 12.2 - 13.5,35.6,37.9
202005020103,7.2 - 11.4 - 13.1 - 13.5 - 12.9 - 12.7 - 12.8 - 12.7 - 12.7 - 12.5 - 13.3,31.7,38.5
202005020104,13.0 - 12.3 - 12.1 - 12.4 - 12.9 - 12.5 - 12.1 - 11.4 - 11.4 - 11.7,37.4,34.5
202005020105,12.1 - 10.9 - 11.5 - 11.8 - 11.2 - 11.9 - 12.0,34.5,35.1
202005020106,13.0 - 11.5 - 12.4 - 12.5 - 12.3 - 12.2 - 11.8 - 11.4 - 11.9,36.9,35.1
202005020107,12.3 - 10.7 - 11.2 - 11.8 - 12.1 - 12.1 - 13.4,34.2,37.6
202005020108,12.2 - 10.9 - 11.4 - 12.0 - 12.5 - 12.9 - 13.0 - 13.1,34.5,39.0
202005020109,7.1 - 11.7 - 12.3 - 13.0 - 12.7 - 12.5 - 13.0 - 12.8 - 12.2 - 11.3 - 11.2 - 11.5,31.1,34.0
202005020110,12.3 - 11.0 - 11.2 - 11.2 - 11.1 - 11.2 - 12.2,34.5,34.5
202005020111,12.2 - 10.9 - 12.0 - 12.2 - 12.2 - 11.9 - 11.8 - 12.7,35.1,36.4
202005020112,12.5 - 11.1 - 11.9 - 12.2 - 12.2 - 11.5 - 12.3,35.5,36.0
202005020201,12.4 - 10.9 - 12.3 - 12.3 - 12.5 - 12.6 - 12.6,35.6,37.7
202005020202,12.6 - 11.2 - 11.7 - 12.1 - 12.5 - 12.4 - 12.5 - 13.2,35.5,38.1
202005020203,13.5 - 12.6 - 13.4 - 12.5 - 12.6 - 12.6 - 12.3 - 11.9 - 12.0 - 11.4 - 11.3 - 12.4,39.5,35.1
202005020204,12.3 - 10.4 - 11.6 - 12.0 - 12.1 - 11.6 - 11.4 - 11.8,34.3,34.8
202005020205,12.2 - 11.2 - 11.7 - 12.1 - 11.2 - 11.3 - 11.9,35.1,34.4
202005020206,12.5 - 11.4 - 12.0 - 12.7 - 12.2 - 11.8 - 12.0 - 12.5,35.9,36.3
202005020207,13.4 - 11.7 - 11.3 - 12.2 - 12.6 - 12.3 - 12.1 - 11.6 - 11.2 - 11.6,36.4,34.4
202005020208,12.5 - 11.1 - 11.7 - 12.1 - 12.2 - 12.5 - 12.9,35.3,37.6
202005020209,13.2 - 11.7 - 12.1 - 12.5 - 12.3 - 11.9 - 11.2 - 11.4 - 11.7,37.0,34.3
202005020210,12.3 - 11.0 - 11.7 - 11.8 - 11.9 - 12.1 - 13.1,35.0,37.1
202005020211,12.5 - 11.3 - 11.3 - 11.6 - 11.9 - 11.9 - 12.5 - 11.8 - 11.8 - 12.1,35.1,35.7
202005020212,12.2 - 10.7 - 11.8 - 12.3 - 12.4 - 12.3 - 12.2 - 13.4,34.7,37.9
202005020301,12.2 - 11.1 - 12.4 - 13.3 - 13.1 - 12.7 - 12.1 - 12.5,35.7,37.3
202005020302,12.4 - 11.1 - 11.8 - 12.3 - 12.6 - 12.5 - 12.4,35.3,37.5
202005020303,7.3 - 11.5 - 13.3 - 13.2 - 13.1 - 12.4 - 12.4 - 12.6 - 12.8 - 12.5 - 13.5,32.1,38.8
202005020304,12.5 - 11.0 - 11.7 - 11.8 - 11.7 - 11.1 - 11.4,35.2,34.2
202005020305,12.6 - 10.9 - 11.9 - 12.9 - 12.5 - 12.3 - 11.3 - 11.4 - 11.4,35.4,34.1
202005020306,12.5 - 10.4 - 10.9 - 11.5 - 11.6 - 11.9 - 11.4 - 11.9,33.8,35.2
202005020307,12.5 - 11.4 - 12.3 - 12.3 - 12.1 - 11.8 - 12.4,36.2,36.3
202005020308,12.7 - 11.8 - 13.0 - 12.8 - 12.2 - 11.6 - 11.2 - 12.0,37.5,34.8
202005020309,12.8 - 11.4 - 11.9 - 11.5 - 11.4 - 10.8 - 11.0 - 11.5,36.1,33.3
202005020310,7.1 - 11.1 - 12.9 - 13.0 - 12.8 - 12.5 - 12.1 - 11.8 - 12.1 - 12.1 - 12.7,31.1,36.9
202005020311,12.3 - 10.8 - 12.2 - 12.6 - 12.5 - 12.5 - 12.2 - 11.7 - 11.6 - 11.6 - 11.5 - 11.5,35.3,34.6
202005020312,6.9 - 11.5 - 12.0 - 12.1 - 11.7 - 11.3 - 11.8,30.4,34.8
202005020401,12.6 - 11.5 - 12.1 - 12.4 - 12.2 - 12.4 - 12.5,36.2,37.1
202005020402,12.5 - 10.9 - 11.6 - 11.9 - 12.4 - 12.7 - 12.5 - 13.2,35.0,38.4
202005020403,7.0 - 10.7 - 11.8 - 12.6 - 12.5 - 12.0 - 12.6,29.5,37.1
202005020404,12.9 - 11.4 - 12.3 - 12.8 - 12.8 - 11.4 - 10.8 - 11.2,36.6,33.4
202005020405,13.4 - 12.0 - 12.1 - 12.6 - 13.2 - 12.6 - 12.0 - 11.2 - 11.2 - 11.7,37.5,34.1
202005020406,12.6 - 11.3 - 11.2 - 11.9 - 11.9 - 12.4 - 12.7 - 12.7,35.1,37.8
202005020407,12.5 - 11.6 - 11.9 - 11.8 - 11.8 - 11.1 - 11.1 - 11.5,36.0,33.7
202005020408,12.5 - 11.4 - 12.0 - 11.8 - 11.9 - 11.9 - 12.4,35.9,36.2
202005020409,12.9 - 12.1 - 12.5 - 11.7 - 11.2 - 11.8 - 12.3 - 12.0 - 12.1 - 11.7 - 11.9 - 12.4,37.5,36.0
202005020410,12.4 - 10.7 - 11.5 - 11.8 - 11.3 - 11.0 - 11.6,34.6,33.9
202005020411,12.7 - 11.2 - 12.0 - 12.7 - 12.5 - 12.5 - 11.4 - 10.9 - 11.2,35.9,33.5
202005020412,7.1 - 11.2 - 12.9 - 13.1 - 12.9 - 12.8 - 12.7 - 12.4 - 12.4 - 12.1 - 12.8,31.2,37.3
202005020501,12.3 - 10.8 - 11.9 - 12.4 - 12.4 - 12.5 - 13.1 - 13.7,35.0,39.3
202005020502,7.0 - 11.5 - 12.3 - 12.5 - 12.2 - 11.8 - 12.8,30.8,36.8
202005020503,12.4 - 11.1 - 12.3 - 12.6 - 12.8 - 12.4 - 12.4 - 12.9,35.8,37.7
202005020504,12.7 - 11.7 - 12.4 - 12.4 - 12.2 - 12.0 - 13.1,36.8,37.3
202005020505,12.4 - 10.9 - 11.2 - 11.8 - 11.9 - 11.3 - 11.5 - 12.3,34.5,35.1
202005020506,12.2 - 10.9 - 12.2 - 12.7 - 12.8 - 12.2 - 12.0 - 12.6,35.3,36.8
202005020507,12.9 - 11.9 - 13.1 - 13.1 - 12.7 - 12.8 - 13.0 - 12.6 - 12.1 - 11.3 - 11.3 - 11.6,37.9,34.2
202005020508,12.3 - 11.2 - 11.1 - 11.3 - 11.2 - 11.2 - 12.1,34.6,34.5
202005020509,13.0 - 11.2 - 12.1 - 12.3 - 12.6 - 11.9 - 11.4 - 12.4,36.3,35.7
202005020510,12.9 - 11.5 - 12.7 - 13.0 - 12.4 - 12.2 - 12.9 - 12.6 - 12.0 - 11.0 - 11.0 - 11.6,37.1,33.6
202005020511,13.2 - 11.9 - 11.6 - 12.4 - 12.5 - 12.5 - 11.9 - 11.0 - 10.9 - 11.9,36.7,33.8
202005020512,12.4 - 10.8 - 11.7 - 12.1 - 12.3 - 11.9 - 12.8,34.9,37.0
202005020601,12.5 - 11.1 - 12.2 - 12.4 - 12.4 - 12.9 - 13.1,35.8,38.4
202005020602,12.5 - 11.5 - 12.4 - 12.5 - 12.3 - 12.1 - 12.4 - 12.8,36.4,37.3
202005020603,7.2 - 11.5 - 12.4 - 13.1 - 12.5 - 12.7 - 13.0 - 12.7 - 12.7 - 11.4 - 11.2 - 11.8,31.1,34.4
202005020604,12.9 - 11.5 - 12.0 - 12.5 - 12.1 - 11.9 - 11.0 - 11.1 - 12.2,36.4,34.3
202005020605,12.4 - 11.5 - 11.7 - 11.9 - 10.9 - 11.0 - 11.8,35.6,33.7
202005020606,7.0 - 11.0 - 11.5 - 11.8 - 11.9 - 12.0 - 12.6,29.5,36.5
202005020607,12.5 - 11.4 - 12.8 - 12.8 - 12.6 - 12.1 - 11.5 - 12.8,36.7,36.4
202005020608,13.2 - 11.5 - 11.8 - 12.1 - 12.7 - 12.1 - 11.6 - 11.0 - 11.4 - 12.3,36.5,34.7
202005020609,12.7 - 11.9 - 12.6 - 12.5 - 12.0 - 11.8 - 12.2 - 11.8 - 11.5 - 11.1 - 11.4 - 12.3,37.2,34.8
202005020610,7.2 - 11.3 - 12.6 - 12.8 - 12.3 - 12.3 - 12.7 - 12.2 - 12.1 - 11.9 - 12.7,31.1,36.7
202005020611,12.3 - 10.4 - 11.4 - 11.9 - 12.0 - 11.3 - 11.2 - 12.0,34.1,34.5
202005020612,12.3 - 11.1 - 11.7 - 12.5 - 12.4 - 12.2 - 11.9 - 12.6,35.1,36.7
202005020701,12.5 - 11.0 - 11.7 - 12.5 - 12.9 - 12.5 - 13.1,35.2,38.5
202005020702,12.2 - 10.7 - 11.7 - 12.3 - 12.6 - 12.9 - 12.9 - 13.0,34.6,38.8
202005020703,7.0 - 11.2 - 11.7 - 12.1 - 12.4 - 12.5 - 12.9,29.9,37.8
202005020704,12.7 - 11.3 - 11.9 - 12.1 - 12.0 - 12.2 - 11.8 - 11.2 - 12.0,35.9,35.0
202005020705,13.0 - 10.9 - 11.9 - 12.2 - 12.5 - 12.3 - 12.2 - 11.7 - 11.9 - 12.1,35.8,35.7
202005020706,12.4 - 11.2 - 12.0 - 12.4 - 12.4 - 12.0 - 12.5,35.6,36.9
202005020707,12.9 - 11.4 - 11.9 - 12.0 - 11.7 - 11.2 - 11.1 - 11.6,36.2,33.9
202005020708,12.4 - 11.1 - 12.2 - 12.5 - 12.6 - 12.3 - 12.3 - 13.3,35.7,37.9
202005020709,12.4 - 11.3 - 11.7 - 12.0 - 12.0 - 12.1 - 12.6,35.4,36.7
202005020710,12.6 - 11.3 - 12.1 - 11.6 - 11.6 - 11.2 - 11.1 - 11.7,36.0,34.0
202005020711,12.4 - 11.5 - 11.3 - 11.5 - 10.9 - 10.9 - 11.3,35.2,33.1
202005020712,12.5 - 10.9 - 11.1 - 11.9 - 12.3 - 12.3 - 12.7 - 13.8,34.5,38.8
202005020801,12.5 - 11.5 - 11.9 - 12.2 - 11.8 - 12.7 - 13.2,35.9,37.7
202005020802,12.3 - 11.3 - 11.9 - 12.0 - 12.3 - 12.2 - 13.3 - 14.2,35.5,39.7
202005020803,7.1 - 11.7 - 13.1 - 13.9 - 13.3 - 13.4 - 12.9 - 12.4 - 12.3 - 12.4 - 13.3,31.9,38.0
202005020804,12.3 - 11.3 - 11.5 - 12.0 - 11.2 - 11.3 - 12.1,35.1,34.6
202005020805,12.9 - 11.6 - 12.3 - 12.7 - 12.7 - 12.3 - 12.0 - 11.0 - 11.0 - 11.7,36.8,33.7
202005020806,12.6 - 11.6 - 12.1 - 11.9 - 11.4 - 12.0 - 12.7,36.3,36.1
202005020807,12.2 - 10.5 - 10.8 - 11.3 - 11.2 - 11.6 - 12.3,33.5,35.1
202005020808,13.0 - 11.9 - 11.9 - 11.3 - 11.4 - 11.1 - 10.9 - 11.9,36.8,33.9
202005020809,12.9 - 11.4 - 11.6 - 11.8 - 12.3 - 12.1 - 11.8 - 11.4 - 11.1 - 11.9,35.9,34.4
202005020810,12.2 - 10.8 - 11.6 - 12.2 - 12.4 - 12.0 - 12.1 - 12.9,34.6,37.0
202005020811,12.0 - 10.9 - 11.3 - 11.4 - 11.1 - 11.2 - 11.1 - 11.6,34.2,33.9
202005020812,12.5 - 10.8 - 11.0 - 11.6 - 12.1 - 12.6 - 13.4,34.3,38.1
202005020901,12.2 - 10.8 - 12.0 - 12.6 - 12.8 - 13.1 - 12.6 - 13.4,35.0,39.1
202005020902,12.6 - 11.1 - 12.0 - 12.7 - 12.6 - 12.3 - 13.1,35.7,38.0
202005020903,7.1 - 11.7 - 13.1 - 12.6 - 12.7 - 13.5 - 13.2 - 12.7 - 12.6 - 12.5 - 13.0,31.9,38.1
202005020904,12.4 - 10.9 - 11.6 - 12.1 - 11.4 - 11.3 - 11.7,34.9,34.4
202005020905,12.3 - 10.5 - 11.6 - 12.2 - 12.4 - 11.3 - 11.3 - 11.6,34.4,34.2
202005020906,6.9 - 11.0 - 12.1 - 12.5 - 12.6 - 12.9 - 12.6 - 12.2 - 12.6 - 13.2 - 13.3,30.0,39.1
202005020907,13.5 - 12.2 - 12.2 - 12.4 - 12.3 - 12.3 - 11.7 - 11.3 - 11.4 - 11.6,37.9,34.3
202005020908,12.4 - 11.3 - 12.0 - 11.8 - 12.2 - 12.4 - 13.0,35.7,37.6
202005020909,12.6 - 10.9 - 11.4 - 11.8 - 12.2 - 12.4 - 11.9 - 11.3 - 11.4,34.9,34.6
202005020910,12.2 - 10.5 - 11.7 - 12.0 - 11.4 - 11.4 - 11.5,34.4,34.3
202005020911,12.6 - 11.0 - 11.5 - 12.1 - 11.5 - 11.3 - 11.2 - 11.3 - 11.8,35.1,34.3
202005020912,12.4 - 11.2 - 11.9 - 12.7 - 12.5 - 12.3 - 12.0 - 12.5,35.5,36.8
202005021001,12.5 - 11.4 - 12.8 - 12.8 - 12.2 - 12.0 - 12.4,36.7,36.6
202005021002,12.7 - 11.6 - 12.3 - 12.5 - 12.8 - 12.3 - 11.9 - 12.5,36.6,36.7
202005021003,12.7 - 11.1 - 11.7 - 12.1 - 12.5 - 12.2 - 12.1 - 11.5 - 12.1 - 11.8,35.5,35.4
202005021004,12.7 - 11.5 - 12.9 - 13.0 - 12.6 - 12.7 - 12.9 - 12.3 - 11.7 - 11.5 - 11.7 - 12.1,37.1,35.3
202005021005,12.3 - 10.9 - 11.5 - 12.0 - 12.5 - 12.0 - 12.7,34.7,37.2
202005021006,12.4 - 10.7 - 11.2 - 11.2 - 11.5 - 11.2 - 11.3 - 12.2,34.3,34.7
202005021007,12.3 - 11.2 - 12.1 - 12.6 - 12.5 - 12.1 - 12.3 - 12.9,35.6,37.3
202005021008,12.9 - 11.3 - 11.4 - 11.5 - 11.5 - 11.7 - 11.4 - 11.3 - 11.8,35.6,34.5
202005021009,7.0 - 11.1 - 12.6 - 12.2 - 12.2 - 12.6 - 12.7 - 12.6 - 12.4 - 12.6 - 13.3,30.7,38.3
202005021010,12.4 - 11.1 - 11.1 - 11.1 - 11.1 - 11.3 - 11.6,34.6,34.0
202005021011,12.3 - 11.1 - 12.0 - 12.3 - 12.1 - 12.7 - 13.0 - 12.6 - 12.1 - 11.2 - 11.2 - 11.8,35.4,34.2
202005021012,7.2 - 11.5 - 13.0 - 13.4 - 12.6 - 12.8 - 13.1 - 12.2 - 12.0 - 12.2 - 12.9,31.7,37.1
202005021101,12.3 - 11.5 - 12.6 - 13.0 - 12.7 - 12.4 - 12.2 - 12.7,36.4,37.3
202005021102,12.4 - 11.1 - 11.8 - 11.7 - 12.0 - 11.2 - 11.6 - 11.7,35.3,34.5
202005021103,12.8 - 11.4 - 11.4 - 11.7 - 12.1 - 12.0 - 11.5 - 11.7 - 12.0,35.6,35.2
202005021105,12.4 - 10.9 - 11.5 - 11.8 - 11.3 - 11.4 - 11.9,34.8,34.6
202005021106,12.7 - 10.7 - 12.1 - 12.0 - 12.0 - 12.4 - 12.7 - 12.5 - 12.0 - 11.6 - 11.6 - 11.8,35.5,35.0
202005021107,12.2 - 11.3 - 12.2 - 12.6 - 12.3 - 12.2 - 12.4 - 13.1,35.7,37.7
202005021108,7.1 - 11.7 - 12.9 - 13.8 - 13.0 - 12.4 - 12.5 - 12.6 - 12.4 - 12.5 - 12.6,31.7,37.5
202005021109,12.3 - 10.8 - 11.8 - 12.2 - 11.9 - 11.9 - 12.8,34.9,36.6
202005021110,12.6 - 11.0 - 11.2 - 11.6 - 11.9 - 11.5 - 11.6 - 11.9,34.8,35.0
202005021111,12.4 - 11.3 - 11.8 - 11.8 - 11.7 - 11.7 - 12.7,35.5,36.1
202005021112,12.4 - 10.8 - 11.3 - 12.0 - 12.3 - 12.4 - 12.8 - 13.0,34.5,38.2
202005021201,7.0 - 11.0 - 11.6 - 12.1 - 12.5 - 12.3 - 12.9,29.6,37.7
202005021202,12.1 - 10.8 - 11.8 - 12.4 - 12.5 - 12.9 - 12.8 - 13.0,34.7,38.7
202005021203,12.8 - 11.1 - 11.9 - 12.1 - 12.5 - 12.9 - 13.4,35.8,38.8
202005021204,12.8 - 11.4 - 11.7 - 12.2 - 13.0 - 12.8 - 12.4 - 11.6 - 11.3 - 11.6,35.9,34.5
202005021205,12.0 - 11.0 - 11.7 - 12.4 - 12.4 - 12.3 - 12.3 - 12.9,34.7,37.5
202005021206,12.3 - 10.9 - 11.7 - 12.1 - 12.4 - 12.4 - 12.6,34.9,37.4
202005021207,12.4 - 11.3 - 12.0 - 12.1 - 12.0 - 11.2 - 11.1 - 11.7,35.7,34.0
202005021208,12.9 - 11.5 - 12.5 - 12.5 - 12.0 - 12.3 - 12.1 - 11.8 - 11.7 - 11.6 - 11.8 - 11.9,36.9,35.3
202005021209,12.5 - 11.5 - 11.9 - 12.3 - 12.3 - 12.0 - 11.9 - 12.2,35.9,36.1
202005021210,12.9 - 11.1 - 11.9 - 12.4 - 12.0 - 11.8 - 11.2 - 11.2 - 11.5,35.9,33.9
202005021211,12.6 - 11.3 - 12.9 - 12.6 - 12.3 - 11.8 - 12.2 - 12.3 - 11.8 - 11.3 - 11.3 - 11.7,36.8,34.3
202005021212,7.4 - 11.1 - 11.4 - 12.3 - 12.0 - 11.7 - 11.8 - 12.0 - 12.0 - 12.0 - 12.0 - 11.8 - 12.1,29.9,35.9
202005030102,12.5 - 11.5 - 12.6 - 12.4 - 12.2 - 12.0 - 12.5,36.6,36.7
202005030103,7.0 - 11.0 - 11.3 - 12.7 - 12.4 - 12.5 - 12.3,29.3,37.2
202005030104,12.3 - 11.4 - 11.5 - 11.7 - 12.2 - 11.9 - 11.9 - 12.1,35.2,35.9
202005030105,12.6 - 12.4 - 12.9 - 12.7 - 12.3 - 11.7 - 11.0 - 11.6,37.9,34.3
202005030106,12.2 - 11.1 - 12.4 - 12.8 - 12.3 - 12.3 - 12.1 - 12.5,35.7,36.9
202005030107,12.4 - 11.3 - 12.0 - 12.2 - 12.1 - 12.2 - 12.3,35.7,36.6
202005030108,7.2 - 11.1 - 12.6 - 12.5 - 12.3 - 12.5 - 12.7 - 12.2 - 11.7 - 11.5 - 11.2 - 11.5,30.9,34.2
202005030109,12.7 - 11.3 - 12.0 - 12.4 - 12.2 - 11.8 - 11.3 - 11.1 - 11.6,36.0,34.0
202005030110,12.2 - 11.0 - 11.3 - 11.3 - 11.0 - 11.3 - 12.0,34.5,34.3
202005030111,7.1 - 11.8 - 12.7 - 12.7 - 12.4 - 12.5 - 12.7 - 12.4 - 11.8 - 11.7 - 12.1,31.6,35.6
202005030112,12.4 - 11.5 - 12.2 - 12.4 - 11.9 - 11.8 - 12.1 - 12.5,36.1,36.4
202005030201,12.2 - 11.2 - 12.3 - 12.9 - 12.8 - 12.3 - 12.0 - 12.2,35.7,36.5
202005030202,7.1 - 11.1 - 12.2 - 12.9 - 13.0 - 13.0 - 12.8 - 12.7 - 12.1 - 12.3 - 12.8,30.4,37.2
202005030203,12.4 - 10.7 - 11.7 - 12.3 - 12.3 - 12.2 - 12.9,34.8,37.4
202005030204,12.6 - 11.5 - 12.5 - 12.0 - 12.0 - 12.2 - 12.7 - 12.2 - 12.2 - 12.1 - 11.9 - 12.3,36.6,36.3
202005030205,12.7 - 12.3 - 13.0 - 12.5 - 12.7 - 11.5 - 11.4 - 11.6,38.0,34.5
202005030206,12.6 - 11.1 - 11.8 - 12.7 - 12.0 - 11.5 - 12.0,35.5,35.5
202005030207,12.1 - 10.8 - 11.3 - 12.0 - 12.0 - 12.4 - 12.8 - 12.7,34.2,37.9
202005030208,12.5 - 10.9 - 11.5 - 11.8 - 11.3 - 11.3 - 12.2,34.9,34.8
202005030209,12.8 - 11.8 - 11.9 - 12.0 - 12.5 - 12.2 - 12.2 - 11.7 - 11.1 - 12.0,36.5,34.8
202005030210,12.4 - 11.2 - 11.6 - 12.0 - 11.9 - 11.5 - 11.9,35.2,35.3
202005030211,12.1 - 10.9 - 11.2 - 11.5 - 11.6 - 11.4 - 11.0 - 11.9,34.2,34.3
202005030212,12.4 - 11.5 - 12.2 - 11.9 - 11.7 - 12.0 - 12.4,36.1,36.1
202005030302,12.2 - 11.0 - 11.9 - 12.5 - 12.6 - 12.5 - 13.1,35.1,38.2
202005030303,12.3 - 11.0 - 11.9 - 12.2 - 12.6 - 12.5 - 12.4 - 12.8,35.2,37.7
202005030304,7.0 - 11.2 - 11.4 - 12.2 - 12.6 - 12.2 - 12.4,29.6,37.2
202005030305,12.9 - 11.7 - 12.9 - 12.9 - 12.0 - 11.8 - 12.6,37.5,36.4
202005030306,7.5 - 11.2 - 12.6 - 12.6 - 12.5 - 12.0 - 12.4 - 12.9 - 12.7 - 12.8 - 13.0,31.3,38.5
202005030307,12.5 - 11.1 - 11.8 - 12.5 - 13.1 - 12.3 - 12.2 - 13.3,35.4,37.8
202005030308,12.9 - 12.2 - 12.5 - 12.8 - 12.9 - 12.7 - 12.8 - 12.0 - 11.9 - 13.2,37.6,37.1
202005030309,12.5 - 11.4 - 11.8 - 12.3 - 12.5 - 12.3 - 12.2 - 13.3,35.7,37.8
202005030310,7.0 - 10.9 - 11.3 - 11.9 - 11.8 - 11.7 - 12.4,29.2,35.9
202005030311,12.7 - 11.7 - 13.7 - 13.3 - 12.9 - 12.9 - 12.9 - 12.7 - 12.5 - 12.0 - 12.5 - 13.3,38.1,37.8
202005030312,12.2 - 10.7 - 11.7 - 12.2 - 12.3 - 12.2 - 12.1 - 12.8,34.6,37.1
202005030401,12.3 - 10.7 - 11.8 - 12.1 - 12.4 - 12.8 - 12.6 - 12.6,34.8,38.0
202005030402,12.6 - 11.0 - 11.7 - 12.3 - 11.7 - 12.1 - 12.3,35.3,36.1
202005030403,12.4 - 11.1 - 11.8 - 12.5 - 12.4 - 12.2 - 12.1 - 12.3,35.3,36.6
202005030404,13.0 - 12.0 - 11.6 - 11.6 - 12.0 - 12.1 - 12.5 - 12.0 - 12.6 - 14.3,36.6,38.9
202005030405,13.1 - 12.0 - 13.0 - 13.3 - 13.0 - 12.6 - 12.1 - 11.3 - 12.2,38.1,35.6
202005030406,12.6 - 11.3 - 12.0 - 12.3 - 12.0 - 11.9 - 12.6,35.9,36.5
202005030407,7.2 - 11.3 - 12.1 - 12.4 - 12.4 - 12.8 - 12.8 - 12.3 - 12.1 - 12.2 - 12.3,30.6,36.6
202005030408,12.4 - 11.4 - 11.8 - 11.6 - 11.7 - 11.8 - 12.2 - 13.2,35.6,37.2
202005030409,7.1 - 10.8 - 12.2 - 12.4 - 12.6 - 13.0 - 12.5 - 12.3 - 11.8 - 12.0 - 12.5,30.1,36.3
202005030410,12.8 - 11.4 - 12.3 - 12.2 - 12.3 - 11.7 - 11.6 - 12.4,36.5,35.7
202005030411,12.5 - 11.2 - 11.6 - 11.9 - 11.9 - 12.1 - 11.8 - 11.9 - 12.8,35.3,36.5
202005030412,6.9 - 11.1 - 11.4 - 11.4 - 11.8 - 11.8 - 12.7,29.4,36.3
202005030502,12.4 - 10.9 - 11.5 - 12.4 - 12.2 - 12.3 - 12.8,34.8,37.3
202005030503,7.0 - 11.1 - 12.5 - 13.2 - 13.3 - 11.7 - 12.6 - 12.8 - 12.3 - 12.4 - 12.7,30.6,37.4
202005030504,12.3 - 11.4 - 12.3 - 12.3 - 12.3 - 12.1 - 11.8 - 12.4,36.0,36.3
202005030505,12.8 - 11.1 - 12.0 - 12.2 - 11.6 - 11.6 - 12.1,35.9,35.3
202005030506,12.1 - 11.0 - 11.3 - 12.0 - 12.0 - 11.5 - 12.1 - 12.7,34.4,36.3
202005030507,12.8 - 11.5 - 11.6 - 12.0 - 12.2 - 12.2 - 11.9 - 11.4 - 11.8 - 12.4,35.9,35.6
202005030508,12.1 - 10.7 - 11.8 - 12.2 - 12.3 - 12.2 - 12.0 - 13.1,34.6,37.3
202005030509,12.9 - 11.5 - 12.9 - 12.7 - 12.3 - 12.2 - 12.6 - 12.0 - 11.9 - 11.3 - 11.8 - 12.3,37.3,35.4
202005030510,12.2 - 11.2 - 11.2 - 11.4 - 11.3 - 11.5 - 12.5,34.6,35.3
202005030511,12.4 - 11.2 - 11.8 - 12.0 - 12.1 - 12.1 - 11.9 - 12.2,35.4,36.2
202005030512,12.8 - 11.1 - 11.4 - 11.7 - 12.1 - 12.5 - 12.9,35.3,37.5
202005030601,12.5 - 11.4 - 11.9 - 12.1 - 11.5 - 11.6 - 12.2,35.8,35.3
202005030602,12.2 - 10.9 - 11.8 - 12.2 - 12.7 - 12.6 - 13.0 - 12.9,34.9,38.5
202005030603,12.4 - 11.4 - 11.8 - 12.2 - 12.2 - 12.8 - 13.0,35.6,38.0
202005030604,12.2 - 11.0 - 12.1 - 12.6 - 13.1 - 12.5 - 12.5 - 12.9,35.3,37.9
202005030605,13.1 - 12.1 - 12.6 - 12.5 - 12.2 - 11.5 - 11.5 - 11.7,37.8,34.7
202005030606,12.7 - 11.1 - 12.0 - 12.4 - 12.3 - 12.2 - 11.6 - 11.6 - 12.1,35.8,35.3
202005030607,12.3 - 11.0 - 11.5 - 12.2 - 12.3 - 11.9 - 13.0,34.8,37.2
202005030608,13.3 - 11.5 - 12.1 - 12.9 - 12.8 - 12.6 - 11.9 - 12.2 - 12.0 - 11.6 - 11.8 - 12.2,36.9,35.6
202005030609,12.2 - 10.9 - 11.6 - 12.0 - 12.2 - 12.3 - 12.5 - 12.3,34.7,37.1
202005030610,12.7 - 11.5 - 11.9 - 11.8 - 11.0 - 11.1 - 12.1,36.1,34.2
202005030611,12.1 - 10.9 - 11.2 - 11.9 - 12.3 - 12.1 - 12.2 - 12.2,34.2,36.5
202005030612,12.5 - 10.8 - 11.2 - 11.8 - 11.4 - 11.9 - 12.5,34.5,35.8
202005030701,12.8 - 12.1 - 12.9 - 13.0 - 12.7 - 11.4 - 11.0 - 11.7,37.8,34.1
202005030702,12.3 - 11.4 - 12.1 - 12.3 - 12.7 - 12.7 - 12.2 - 12.4,35.8,37.3
202005030703,7.1 - 11.4 - 11.9 - 12.4 - 12.1 - 12.1 - 12.5,30.4,36.7
202005030704,12.7 - 11.3 - 11.8 - 11.8 - 11.4 - 11.3 - 12.2,35.8,34.9
202005030705,13.0 - 11.3 - 12.6 - 12.6 - 12.5 - 12.4 - 11.3 - 11.7 - 12.3,36.9,35.3
202005030706,12.5 - 11.1 - 12.2 - 12.8 - 12.4 - 12.1 - 12.9,35.8,37.4
202005030707,7.2 - 11.6 - 12.8 - 12.5 - 12.4 - 13.3 - 13.2 - 12.6 - 12.1 - 12.3 - 12.4,31.6,36.8
202005030709,12.5 - 11.0 - 11.5 - 12.0 - 11.9 - 11.9 - 12.3,35.0,36.1
202005030710,12.3 - 11.0 - 11.8 - 12.2 - 12.1 - 12.0 - 11.7 - 11.4 - 12.4,35.1,35.5
202005030711,11.9 - 11.2 - 12.6 - 12.0 - 12.6 - 11.6 - 11.7 - 12.5,35.7,35.8
202005030712,12.4 - 11.1 - 11.7 - 12.3 - 12.4 - 11.6 - 11.2 - 11.9,35.2,34.7
202005030801,12.6 - 10.7 - 11.8 - 12.5 - 12.7 - 12.5 - 12.5 - 12.9,35.1,37.9
202005030802,7.2 - 11.0 - 12.5 - 12.7 - 12.6 - 12.6 - 12.6 - 12.6 - 12.4 - 12.1 - 12.4,30.7,36.9
202005030803,12.7 - 11.5 - 11.8 - 12.4 - 12.3 - 12.6 - 12.3 - 12.7 - 13.6,36.0,38.6
202005030804,12.8 - 11.3 - 12.7 - 13.0 - 12.7 - 12.8 - 12.6 - 12.7 - 13.2 - 12.8 - 12.5 - 13.2,36.8,38.5
202005030805,12.7 - 11.5 - 12.2 - 12.6 - 13.1 - 12.4 - 11.9 - 13.5,36.4,37.8
202005030806,12.6 - 11.3 - 12.1 - 12.5 - 12.3 - 12.3 - 12.5,36.0,37.1
202005030807,12.2 - 11.0 - 11.9 - 12.2 - 12.4 - 12.1 - 12.1 - 12.5,35.1,36.7
202005030808,12.5 - 11.1 - 11.5 - 12.2 - 12.4 - 12.8 - 13.2 - 11.9 - 12.3 - 13.0,35.1,37.2
202005030809,12.4 - 10.7 - 11.5 - 12.0 - 12.4 - 12.0 - 12.0 - 12.6,34.6,36.6
202005030810,13.0 - 11.7 - 12.2 - 12.2 - 12.2 - 12.3 - 11.8 - 11.6 - 12.8,36.9,36.2
202005030811,12.1 - 10.9 - 11.6 - 12.0 - 11.7 - 12.2 - 12.9,34.6,36.8
202005030812,12.4 - 11.1 - 11.6 - 12.1 - 12.2 - 11.7 - 12.4,35.1,36.3
202005040101,12.6 - 10.9 - 11.7 - 12.5 - 12.6 - 11.9 - 12.3,35.2,36.8
202005040102,12.8 - 11.7 - 12.3 - 13.0 - 13.2 - 13.2 - 11.7 - 12.0 - 12.6,36.8,36.3
202005040103,12.5 - 11.0 - 12.2 - 12.7 - 12.3 - 12.4 - 12.5,35.7,37.2
202005040104,12.7 - 11.4 - 12.3 - 12.6 - 12.5 - 12.4 - 12.2 - 12.4,36.4,37.0
202005040105,12.7 - 11.4 - 12.5 - 13.2 - 13.3 - 12.0 - 12.0 - 13.1,36.6,37.1
202005040106,7.3 - 11.0 - 12.3 - 12.3 - 12.2 - 12.5 - 12.5 - 12.6 - 12.5 - 12.6 - 12.6,30.6,37.7
202005040107,12.2 - 10.8 - 11.5 - 11.8 - 12.1 - 12.5 - 12.6 - 12.7,34.5,37.8
202005040108,12.6 - 10.9 - 11.4 - 12.0 - 12.0 - 13.0 - 13.7,34.9,38.7
202005040109,13.1 - 12.2 - 12.2 - 12.5 - 12.8 - 13.1 - 12.7 - 12.0 - 12.3 - 13.1,37.5,37.4
202005040110,12.4 - 10.8 - 11.3 - 11.7 - 11.9 - 12.1 - 12.1 - 12.6,34.5,36.8
202005040111,12.4 - 11.2 - 12.0 - 13.2 - 13.1 - 12.4 - 12.0 - 13.3,35.6,37.7
202005040112,12.2 - 10.7 - 11.0 - 12.3 - 12.1 - 12.0 - 12.3,33.9,36.4
202005040201,12.5 - 10.9 - 11.5 - 11.8 - 12.4 - 12.8 - 12.3 - 12.8,34.9,37.9
202005040202,7.1 - 10.7 - 11.0 - 12.1 - 12.7 - 12.3 - 12.7,28.8,37.7
202005040203,12.6 - 11.4 - 12.1 - 12.5 - 12.6 - 11.4 - 11.6 - 12.1,36.1,35.1
202005040204,12.9 - 11.9 - 12.1 - 12.2 - 11.6 - 11.5 - 12.1,36.9,35.2
202005040205,13.4 - 12.8 - 12.7 - 12.1 - 12.4 - 13.4 - 13.0 - 11.9 - 11.3 - 11.5,38.9,34.7
202005040206,12.5 - 11.4 - 11.8 - 12.3 - 12.0 - 11.8 - 11.9,35.7,35.7
202005040207,12.8 - 11.4 - 11.9 - 12.0 - 12.4 - 12.4 - 11.5 - 11.5 - 11.8,36.1,34.8
202005040208,7.1 - 11.2 - 12.7 - 12.8 - 12.3 - 12.3 - 12.0 - 12.4 - 12.5 - 11.8 - 12.6,31.0,36.9
202005040209,13.0 - 11.2 - 12.2 - 12.7 - 11.8 - 11.7 - 12.1 - 12.2 - 12.7 - 12.8 - 11.8 - 12.2,36.4,36.8
202005040210,12.3 - 10.5 - 11.5 - 12.0 - 12.0 - 11.5 - 12.0,34.3,35.5
202005040211,12.5 - 10.7 - 11.3 - 11.7 - 11.8 - 12.1 - 11.8 - 11.9 - 11.7,34.5,35.4
202005040212,12.5 - 11.1 - 11.8 - 12.2 - 11.3 - 11.6 - 11.8,35.4,34.7
202005040301,12.8 - 11.6 - 11.9 - 12.5 - 12.3 - 11.8 - 12.0,36.3,36.1
202005040302,12.5 - 11.0 - 12.0 - 12.6 - 12.5 - 11.6 - 11.5 - 12.2,35.5,35.3
202005040303,13.1 - 10.9 - 12.1 - 12.9 - 12.7 - 13.1 - 11.7 - 11.3 - 12.2,36.1,35.2
202005040304,12.8 - 11.4 - 12.3 - 12.8 - 12.8 - 12.1 - 12.5,36.5,37.4
202005040305,13.0 - 12.1 - 13.0 - 13.5 - 13.3 - 11.5 - 11.3 - 11.5,38.1,34.3
202005040306,12.5 - 11.0 - 11.4 - 12.3 - 12.6 - 12.4 - 12.5,34.9,37.5
202005040307,12.4 - 11.1 - 12.1 - 12.0 - 12.2 - 12.3 - 12.0 - 12.6,35.6,36.9
202005040308,13.3 - 11.6 - 12.5 - 13.1 - 12.7 - 12.7 - 11.9 - 12.4 - 12.6 - 11.8 - 12.0 - 12.4,37.4,36.2
202005040309,12.5 - 11.1 - 11.5 - 12.1 - 12.9 - 12.5 - 12.1 - 12.4,35.1,37.0
202005040310,12.5 - 11.0 - 11.6 - 11.9 - 11.2 - 12.0 - 12.9,35.1,36.1
202005040311,13.0 - 11.5 - 11.4 - 11.5 - 12.2 - 12.7 - 11.8 - 11.9 - 12.5,35.9,36.2
202005040312,12.5 - 11.1 - 11.6 - 12.2 - 12.4 - 12.3 - 11.6 - 12.0,35.2,35.9
202005040401,12.4 - 11.1 - 12.2 - 12.4 - 11.4 - 11.5 - 12.1,35.7,35.0
202005040402,12.7 - 11.5 - 11.8 - 12.1 - 12.4 - 12.8 - 12.7 - 11.6 - 12.3 - 12.7,36.0,36.6
202005040403,12.5 - 11.1 - 11.9 - 12.3 - 12.7 - 12.6 - 12.3 - 12.1,35.5,37.0
202005040404,12.9 - 11.7 - 12.2 - 12.1 - 11.3 - 11.6 - 11.8,36.8,34.7
202005040405,13.4 - 12.5 - 13.0 - 13.4 - 13.1 - 12.9 - 11.7 - 11.2 - 11.2,38.9,34.1
202005040406,6.9 - 10.9 - 11.4 - 12.3 - 12.0 - 11.7 - 12.0,29.2,35.7
202005040407,13.3 - 11.5 - 11.8 - 12.2 - 12.1 - 12.5 - 12.7 - 12.7 - 12.7 - 11.7 - 11.9 - 12.4,36.6,36.0
202005040408,12.4 - 11.0 - 11.8 - 12.1 - 11.8 - 11.8 - 12.2,35.2,35.8
202005040410,12.5 - 10.8 - 11.5 - 12.0 - 11.9 - 12.0 - 12.4,34.8,36.3
202005040411,12.5 - 11.5 - 11.4 - 11.6 - 12.1 - 12.6 - 12.1 - 11.6 - 11.5 - 12.6,35.4,35.7
202005040412,12.1 - 10.6 - 11.5 - 12.4 - 12.6 - 11.6 - 11.9 - 11.9,34.2,35.4
202005040501,12.9 - 11.2 - 12.0 - 12.7 - 12.4 - 12.2 - 12.2,36.1,36.8
202005040502,12.5 - 10.7 - 11.7 - 12.5 - 12.8 - 11.9 - 11.9 - 12.3,34.9,36.1
202005040503,12.5 - 11.2 - 12.4 - 12.3 - 11.7 - 11.3 - 11.9,36.1,34.9
202005040504,12.5 - 11.2 - 12.3 - 12.8 - 13.1 - 12.6 - 12.2 - 13.0,36.0,37.8
202005040505,13.7 - 12.9 - 13.0 - 13.2 - 13.3 - 13.2 - 12.7 - 11.4 - 11.3 - 11.5,39.6,34.2
202005040506,12.6 - 11.0 - 11.4 - 12.3 - 12.0 - 12.4 - 12.7,35.0,37.1
202005040507,7.0 - 11.6 - 12.6 - 12.5 - 12.0 - 12.7 - 12.5 - 12.5 - 12.7 - 12.5 - 13.0,31.2,38.2
202005040508,12.6 - 11.2 - 11.4 - 11.6 - 11.3 - 11.6 - 12.1,35.2,35.0
202005040509,12.8 - 11.2 - 11.7 - 12.4 - 12.5 - 12.3 - 11.4 - 11.4 - 12.4,35.7,35.2
202005040510,7.0 - 11.1 - 12.9 - 13.0 - 12.4 - 11.6 - 12.6 - 12.5 - 12.2 - 12.2 - 12.5,31.0,36.9
202005040511,12.4 - 10.6 - 10.8 - 11.6 - 12.0 - 11.5 - 12.2 - 12.3,33.8,36.0
202005040512,12.6 - 11.2 - 11.7 - 12.1 - 12.1 - 12.0 - 11.8 - 12.2,35.5,36.0
202005040601,12.5 - 11.5 - 12.1 - 12.6 - 12.8 - 12.5 - 12.6 - 12.8,36.1,37.9
202005040602,13.6 - 12.4 - 12.5 - 12.7 - 13.2 - 12.9 - 12.5 - 11.3 - 11.3 - 11.7,38.5,34.3
202005040603,7.1 - 10.7 - 11.1 - 12.1 - 12.8 - 12.3 - 13.7,28.9,38.8
202005040604,13.1 - 11.6 - 12.6 - 12.9 - 12.9 - 11.5 - 11.4 - 12.0,37.3,34.9
202005040605,12.4 - 11.3 - 12.0 - 12.3 - 11.5 - 11.4 - 11.7,35.7,34.6
202005040606,12.5 - 11.5 - 12.0 - 12.0 - 12.2 - 12.2 - 12.2 - 13.2,36.0,37.6
202005040607,12.8 - 11.6 - 12.4 - 12.6 - 12.2 - 11.7 - 12.6,36.8,36.5
202005040608,12.5 - 11.1 - 11.8 - 11.8 - 12.1 - 11.4 - 11.4 - 12.1,35.4,34.9
202005040609,13.2 - 10.8 - 10.7 - 10.9 - 11.4 - 12.1 - 12.0 - 12.7 - 13.1,34.7,37.8
202005040610,13.1 - 11.5 - 11.8 - 11.9 - 12.7 - 12.5 - 12.1 - 11.2 - 11.6 - 12.3,36.4,35.1
202005040611,7.1 - 11.0 - 12.3 - 12.4 - 12.1 - 12.2 - 11.9 - 12.2 - 12.3 - 12.6 - 12.7,30.4,37.6
202005040612,7.2 - 11.0 - 11.2 - 11.9 - 11.8 - 12.0 - 12.7,29.4,36.5
202005040701,12.4 - 11.5 - 12.3 - 12.7 - 13.1 - 12.5 - 11.9 - 13.0,36.2,37.4
202005040702,12.7 - 11.2 - 11.3 - 12.0 - 11.9 - 11.7 - 11.7 - 12.1,35.2,35.5
202005040703,12.6 - 11.4 - 12.0 - 12.3 - 12.1 - 12.0 - 11.4 - 11.8 - 12.2,36.0,35.4
202005040704,13.0 - 12.0 - 12.6 - 12.7 - 12.0 - 12.0 - 12.2,37.6,36.2
202005040705,12.7 - 11.1 - 11.7 - 12.2 - 12.0 - 11.1 - 11.9,35.5,35.0
202005040706,12.5 - 11.5 - 12.4 - 12.5 - 12.7 - 12.3 - 12.1 - 12.3,36.4,36.7
202005040707,12.5 - 10.8 - 11.8 - 12.5 - 12.8 - 12.4 - 12.5 - 12.9,35.1,37.8
202005040708,13.3 - 12.4 - 12.3 - 12.4 - 13.0 - 12.4 - 12.1 - 11.0 - 11.3 - 11.6,38.0,33.9
202005040709,7.0 - 11.0 - 12.0 - 12.2 - 12.2 - 12.2 - 12.1 - 12.4 - 12.4 - 12.8 - 13.2,30.0,38.4
202005040710,12.3 - 10.9 - 11.6 - 11.7 - 11.7 - 11.2 - 11.4 - 12.0,34.8,34.6
202005040711,12.6 - 11.3 - 12.2 - 12.5 - 12.3 - 11.2 - 10.9 - 11.9,36.1,34.0
202005040712,7.1 - 11.6 - 11.5 - 12.9 - 11.9 - 11.1 - 12.2,30.2,35.2
202005040801,12.6 - 11.4 - 12.6 - 12.7 - 12.6 - 12.3 - 12.6 - 12.7,36.6,37.6
202005040802,12.5 - 10.9 - 12.1 - 12.1 - 12.1 - 12.1 - 12.9,35.5,37.1
202005040803,13.2 - 11.9 - 12.2 - 12.6 - 12.7 - 12.8 - 12.4 - 11.1 - 11.3 - 11.9,37.3,34.3
202005040804,13.2 - 11.8 - 11.9 - 12.3 - 12.5 - 12.7 - 11.5 - 11.3 - 11.4,36.9,34.2
202005040805,12.7 - 11.8 - 12.8 - 13.2 - 13.0 - 11.7 - 11.5 - 11.4,37.3,34.6
202005040806,12.3 - 10.6 - 11.7 - 12.5 - 12.5 - 12.3 - 12.1 - 12.6,34.6,37.0
202005040807,12.7 - 11.7 - 11.7 - 12.0 - 11.0 - 11.5 - 11.3,36.1,33.8
202005040808,13.4 - 12.1 - 13.3 - 13.2 - 12.8 - 12.3 - 12.2 - 12.2 - 12.2 - 11.3 - 11.2 - 11.6,38.8,34.1
202005040809,12.9 - 12.2 - 12.6 - 12.0 - 12.1 - 10.8 - 11.0 - 11.6,37.7,33.4
202005040810,7.0 - 10.8 - 11.3 - 12.1 - 11.9 - 11.9 - 12.6,29.1,36.4
202005040811,12.7 - 11.7 - 12.1 - 12.1 - 11.9 - 12.0 - 11.7 - 10.9 - 11.1 - 11.6,36.5,33.6
202005040812,12.7 - 11.4 - 11.9 - 12.0 - 11.9 - 11.8 - 12.6,36.0,36.3
202005050101,12.5 - 11.0 - 12.8 - 12.6 - 12.6 - 12.1 - 11.8 - 12.3,36.3,36.2
202005050102,12.6 - 11.1 - 12.0 - 12.5 - 12.5 - 12.7 - 13.0,35.7,38.2
202005050103,12.7 - 11.1 - 11.6 - 12.2 - 12.6 - 11.9 - 11.5 - 12.0,35.4,35.4
202005050104,13.2 - 11.6 - 11.6 - 11.9 - 12.5 - 12.3 - 12.2 - 12.0 - 12.8 - 12.0,36.4,36.8
202005050105,12.7 - 10.7 - 11.3 - 11.9 - 12.8 - 12.6 - 12.7 - 13.6,34.7,38.9
202005050106,7.1 - 11.2 - 12.0 - 12.2 - 12.1 - 11.6 - 12.0,30.3,35.7
202005050107,13.0 - 11.7 - 11.7 - 11.8 - 12.1 - 11.5 - 11.5 - 12.3,36.4,35.3
202005050108,12.6 - 10.9 - 11.5 - 11.8 - 11.9 - 12.4 - 13.5,35.0,37.8
202005050109,12.8 - 11.3 - 11.3 - 11.6 - 12.0 - 11.9 - 11.9 - 11.5 - 12.0 - 12.2,35.4,35.7
202005050110,12.8 - 11.3 - 12.0 - 12.2 - 12.2 - 12.1 - 11.2 - 11.2 - 11.7,36.1,34.1
202005050111,12.1 - 10.6 - 12.0 - 12.4 - 11.4 - 11.3 - 12.0,34.7,34.7
202005050112,12.5 - 11.1 - 11.7 - 12.0 - 12.2 - 12.3 - 12.1 - 12.5,35.3,36.9
202005050201,12.3 - 11.3 - 12.5 - 13.1 - 13.5 - 12.4 - 12.1 - 12.2,36.1,36.7
202005050202,12.8 - 11.4 - 12.4 - 12.5 - 11.4 - 11.6 - 11.7,36.6,34.7
202005050203,6.9 - 11.2 - 11.3 - 11.5 - 11.9 - 13.3 - 13.9,29.4,39.1
202005050204,12.6 - 11.3 - 12.4 - 12.6 - 12.6 - 12.1 - 11.6 - 11.7 - 11.8,36.3,35.1
202005050205,13.7 - 12.7 - 13.0 - 13.1 - 12.9 - 12.6 - 12.8 - 11.4 - 10.9 - 11.4,39.4,33.7
202005050206,12.9 - 11.5 - 12.3 - 12.5 - 12.6 - 11.3 - 11.7 - 12.1,36.7,35.1
202005050207,7.1 - 11.5 - 12.4 - 12.4 - 12.6 - 13.0 - 13.4 - 12.8 - 12.4 - 12.1 - 12.5,31.0,37.0
202005050208,12.2 - 10.9 - 11.4 - 12.0 - 12.1 - 12.9 - 12.9,34.5,37.9
202005050209,13.2 - 11.7 - 12.3 - 13.0 - 13.2 - 13.0 - 12.2 - 11.1 - 11.3 - 11.3,37.2,33.7
202005050210,12.4 - 11.4 - 12.0 - 12.5 - 12.2 - 11.8 - 12.1 - 12.2,35.8,36.1
202005050211,7.3 - 11.3 - 11.1 - 11.8 - 12.2 - 12.1 - 12.8 - 12.9 - 12.6 - 12.6 - 11.3 - 11.2 - 12.4,29.7,34.9
202005050212,12.7 - 11.7 - 11.6 - 11.2 - 11.0 - 11.3 - 12.1,36.0,34.4
202005050301,12.5 - 11.3 - 12.4 - 12.5 - 12.9 - 13.0 - 12.7 - 12.5,36.2,38.2
202005050302,12.7 - 11.0 - 11.8 - 12.3 - 12.6 - 11.2 - 11.7 - 11.9,35.5,34.8
202005050303,12.9 - 12.2 - 12.1 - 11.7 - 12.2 - 12.5 - 12.7 - 11.5 - 11.5 - 11.8,37.2,34.8
202005050304,13.9 - 12.7 - 13.1 - 12.7 - 12.9 - 12.7 - 11.3 - 11.1 - 11.3,39.7,33.7
202005050305,12.6 - 11.5 - 12.6 - 12.4 - 12.0 - 12.2 - 12.6,36.7,36.8
202005050306,13.2 - 11.4 - 12.1 - 12.7 - 11.4 - 11.5 - 11.4,36.7,34.3
202005050307,12.4 - 10.9 - 11.8 - 12.5 - 12.9 - 12.9 - 12.0 - 12.3,35.1,37.2
202005050308,12.2 - 10.8 - 11.5 - 11.8 - 12.0 - 11.2 - 12.1 - 12.3,34.5,35.6
202005050309,12.5 - 10.8 - 11.5 - 12.1 - 12.3 - 12.6 - 12.9,34.8,37.8
202005050310,12.6 - 11.2 - 11.7 - 11.9 - 12.4 - 12.1 - 11.4 - 11.5 - 11.8,35.5,34.7
202005050311,12.2 - 10.8 - 11.2 - 11.9 - 12.5 - 12.0 - 12.1 - 12.3,34.2,36.4
202005050312,12.6 - 11.1 - 12.1 - 12.2 - 11.7 - 12.1 - 12.4,35.8,36.2
202005050401,12.3 - 11.5 - 12.3 - 12.6 - 12.8 - 12.6 - 12.3 - 12.6,36.1,37.5
202005050402,12.6 - 11.1 - 11.7 - 12.1 - 11.6 - 11.4 - 11.9,35.4,34.9
202005050403,12.7 - 11.3 - 12.5 - 13.1 - 12.7 - 12.3 - 12.3,36.5,37.3
202005050404,12.9 - 10.8 - 11.5 - 12.3 - 12.1 - 12.3 - 12.1 - 11.6 - 11.8,35.2,35.5
202005050405,13.0 - 11.7 - 12.8 - 13.1 - 13.2 - 11.8 - 11.2 - 11.3,37.5,34.3
202005050406,12.9 - 11.9 - 12.1 - 13.0 - 13.4 - 12.9 - 12.0 - 12.6,36.9,37.5
202005050407,12.8 - 10.8 - 11.6 - 12.1 - 12.0 - 12.4 - 13.2,35.2,37.6
202005050408,12.7 - 10.5 - 10.8 - 11.2 - 11.5 - 12.2 - 12.5 - 12.2 - 12.3,34.0,37.0
202005050409,12.3 - 11.0 - 11.7 - 11.8 - 11.9 - 11.5 - 11.7 - 12.0,35.0,35.2
202005050410,12.3 - 11.2 - 11.7 - 12.0 - 12.1 - 11.9 - 11.9,35.2,35.9
202005050411,12.5 - 11.2 - 11.5 - 11.6 - 11.1 - 11.3 - 12.2,35.2,34.6
202005050412,12.5 - 11.5 - 12.6 - 12.7 - 12.5 - 11.8 - 11.7 - 12.4,36.6,35.9
202005050501,7.0 - 11.3 - 11.8 - 12.6 - 12.6 - 12.1 - 12.2,30.1,36.9
202005050502,12.5 - 11.2 - 12.0 - 12.4 - 12.1 - 12.4 - 13.5,35.7,38.0
202005050503,12.5 - 10.7 - 11.2 - 11.5 - 12.2 - 12.6 - 11.9 - 12.1 - 12.4,34.4,36.4
202005050504,12.7 - 11.3 - 12.0 - 12.9 - 13.0 - 12.3 - 12.3,36.0,37.6
202005050505,12.7 - 11.1 - 11.7 - 12.1 - 12.4 - 11.9 - 11.1 - 11.5,35.5,34.5
202005050506,12.5 - 11.0 - 11.5 - 12.0 - 11.5 - 11.5 - 11.9,35.0,34.9
202005050507,12.3 - 11.4 - 11.7 - 12.4 - 13.1 - 12.6 - 12.4 - 12.5,35.4,37.5
202005050509,12.0 - 10.4 - 11.4 - 12.2 - 13.1 - 13.1 - 12.2 - 12.5,33.8,37.8
202005050510,7.1 - 11.5 - 13.0 - 12.9 - 12.5 - 12.4 - 12.6 - 12.6 - 12.3 - 12.3 - 12.4,31.6,37.0
202005050511,12.6 - 11.3 - 11.9 - 11.9 - 11.3 - 11.0 - 11.7,35.8,34.0
202005050512,12.8 - 11.8 - 12.1 - 12.6 - 12.3 - 12.0 - 11.4 - 11.4 - 11.6,36.7,34.4
202005050601,12.7 - 11.8 - 12.5 - 13.0 - 12.7 - 12.6 - 12.0 - 12.4,37.0,37.0
202005050602,12.6 - 11.1 - 11.5 - 11.8 - 11.9 - 11.7 - 11.9 - 11.6,35.2,35.2
202005050603,12.6 - 11.1 - 11.9 - 11.9 - 11.5 - 11.5 - 11.6,35.6,34.6
202005050605,13.4 - 12.7 - 13.1 - 13.3 - 13.8 - 13.2 - 12.7 - 11.5 - 11.1 - 11.1,39.2,33.7
202005050606,12.8 - 11.8 - 13.0 - 12.9 - 12.8 - 12.6 - 12.6 - 12.7,37.6,37.9
202005050607,7.2 - 11.5 - 13.3 - 13.3 - 13.1 - 12.4 - 11.9 - 12.4 - 12.9 - 12.6 - 12.8,32.0,38.3
202005050608,7.1 - 11.0 - 11.6 - 11.8 - 11.9 - 12.0 - 12.8,29.7,36.7
202005050609,12.8 - 11.5 - 11.9 - 11.9 - 11.8 - 11.5 - 11.3 - 11.8,36.2,34.6
202005050610,13.0 - 11.7 - 12.8 - 12.4 - 12.3 - 12.2 - 12.5 - 12.0 - 11.8 - 11.6 - 12.0 - 12.1,37.5,35.7
202005050611,12.2 - 10.8 - 11.6 - 11.9 - 11.9 - 11.9 - 12.5,34.6,36.3
202005050612,13.5 - 12.1 - 12.7 - 12.9 - 12.5 - 12.0 - 11.3 - 10.9 - 11.4,38.3,33.6
202005050701,12.8 - 11.6 - 12.6 - 12.8 - 12.2 - 11.8 - 12.3,37.0,36.3
202005050702,12.7 - 10.8 - 11.3 - 12.0 - 12.7 - 12.0 - 11.7 - 11.3,34.8,35.0
202005050703,12.5 - 10.8 - 12.0 - 13.0 - 13.5 - 12.8 - 12.3 - 12.5,35.3,37.6
202005050704,12.7 - 11.3 - 11.6 - 12.1 - 12.7 - 12.9 - 12.3 - 12.1 - 11.4 - 11.8,35.6,35.3
202005050705,12.9 - 11.9 - 12.7 - 12.7 - 12.9 - 12.5 - 11.9 - 11.6 - 11.4,37.5,34.9
202005050706,12.8 - 11.9 - 11.9 - 11.8 - 11.3 - 11.6 - 11.9,36.6,34.8
202005050707,12.1 - 11.2 - 11.8 - 12.3 - 12.5 - 12.4 - 12.5 - 13.1,35.1,38.0
202005050708,12.8 - 11.4 - 12.0 - 12.5 - 12.1 - 12.2 - 12.5,36.2,36.8
202005050709,7.1 - 11.1 - 11.4 - 12.0 - 11.8 - 11.8 - 12.6,29.6,36.2
202005050710,7.1 - 11.4 - 12.7 - 12.7 - 12.6 - 12.2 - 12.4 - 12.4 - 12.4 - 12.3 - 12.5,31.2,37.2
202005050711,13.1 - 11.2 - 11.5 - 12.2 - 12.5 - 12.7 - 11.9 - 11.0 - 11.4,35.8,34.3
202005050712,12.8 - 11.3 - 11.5 - 11.9 - 11.4 - 11.3 - 11.5,35.6,34.2
202005050801,12.3 - 11.0 - 12.0 - 12.8 - 13.0 - 12.6 - 12.4 - 12.7,35.3,37.7
202005050802,12.6 - 11.0 - 12.2 - 12.7 - 12.5 - 12.5 - 12.9,35.8,37.9
202005050803,12.7 - 11.4 - 11.9 - 12.2 - 12.4 - 12.3 - 11.7 - 11.4 - 11.9,36.0,35.0
202005050805,12.9 - 11.4 - 12.2 - 12.7 - 13.0 - 11.5 - 11.4 - 11.5,36.5,34.4
202005050806,12.5 - 11.0 - 12.3 - 13.0 - 13.1 - 12.6 - 12.3 - 12.4,35.8,37.3
202005050807,13.0 - 12.2 - 13.1 - 12.6 - 12.7 - 12.1 - 12.4 - 12.4 - 12.1 - 11.5 - 11.6 - 11.9,38.3,35.0
202005050808,12.9 - 11.8 - 11.8 - 12.3 - 12.1 - 11.3 - 11.3 - 11.5,36.5,34.1
202005050809,12.2 - 10.9 - 11.7 - 11.9 - 12.6 - 12.4 - 12.0 - 12.7,34.8,37.1
202005050810,12.5 - 11.3 - 11.9 - 12.2 - 12.0 - 12.2 - 12.4,35.7,36.6
202005050811,12.2 - 11.0 - 11.4 - 11.6 - 11.6 - 11.5 - 11.4 - 12.1,34.6,35.0
202005050812,13.3 - 11.8 - 11.9 - 11.9 - 11.4 - 11.2 - 11.4,37.0,34.0
202005050901,12.3 - 11.4 - 12.0 - 12.7 - 13.0 - 12.6 - 12.4 - 12.6,35.7,37.6
202005050902,12.5 - 11.3 - 11.7 - 12.1 - 12.2 - 11.9 - 11.8 - 11.8,35.5,35.5
202005050903,12.9 - 11.7 - 12.0 - 12.0 - 12.2 - 12.6 - 12.7 - 12.0 - 11.7 - 11.6,36.6,35.3
202005050904,12.6 - 10.9 - 11.9 - 12.5 - 12.3 - 12.3 - 12.5,35.4,37.1
202005050905,12.5 - 11.5 - 12.2 - 12.3 - 12.3 - 12.1 - 12.1 - 12.5,36.2,36.7
202005050906,13.4 - 12.2 - 12.8 - 12.9 - 12.8 - 12.5 - 11.6 - 11.3 - 11.3,38.4,34.2
202005050907,12.2 - 11.0 - 11.5 - 12.3 - 12.3 - 12.3 - 12.4,34.7,37.0
202005050908,12.9 - 11.4 - 12.0 - 12.5 - 12.3 - 11.6 - 11.3 - 11.2,36.3,34.1
202005050909,13.6 - 11.9 - 12.0 - 12.4 - 12.5 - 12.6 - 12.6 - 11.6 - 11.1 - 11.3,37.5,34.0
202005050910,12.4 - 11.1 - 11.9 - 12.0 - 12.5 - 12.8 - 12.0 - 11.9,35.4,36.7
202005050911,12.9 - 12.2 - 12.2 - 12.5 - 12.7 - 12.1 - 11.9 - 11.7 - 11.2 - 11.3,37.3,34.2
202005050912,12.7 - 10.8 - 11.8 - 11.3 - 11.3 - 11.5 - 11.8 - 11.9 - 12.1 - 12.3 - 13.2 - 12.3,35.3,37.8
202006010101,11.9 - 10.8 - 11.2 - 12.5 - 13.1 - 13.8,33.9,39.4
202006010102,12.4 - 11.8 - 12.6 - 13.1 - 13.0 - 13.2 - 13.5 - 13.4 - 13.8,36.8,40.7
202006010103,12.2 - 10.8 - 11.8 - 12.3 - 12.1 - 12.9,34.8,37.3
202006010104,12.8 - 12.0 - 13.0 - 13.4 - 13.1 - 13.3 - 13.6 - 13.1 - 13.8,37.8,40.5
202006010105,12.7 - 11.5 - 12.7 - 12.0 - 12.8 - 12.0 - 12.1 - 12.1 - 11.6 - 11.9,36.9,35.6
202006010106,12.8 - 12.4 - 13.1 - 12.7 - 12.4 - 12.4 - 12.8 - 12.8 - 13.9,38.3,39.5
202006010107,12.7 - 11.7 - 13.3 - 12.1 - 12.4 - 11.9 - 12.1 - 11.7 - 11.6 - 11.9,37.7,35.2
202006010108,11.8 - 10.3 - 11.1 - 12.0 - 12.4 - 13.3,33.2,37.7
202006010109,12.8 - 12.3 - 13.4 - 12.9 - 12.0 - 12.0 - 12.4 - 12.2 - 13.2,38.5,37.8
202006010110,11.9 - 10.6 - 10.8 - 11.2 - 10.9 - 12.6,33.3,34.7
202006010111,12.6 - 11.1 - 12.8 - 11.7 - 12.0 - 11.8 - 11.7 - 11.7 - 11.4 - 12.7,36.5,35.8
202006010112,11.9 - 10.6 - 11.5 - 11.5 - 11.3 - 12.0,34.0,34.8
202006010201,11.7 - 10.7 - 11.4 - 12.3 - 12.4 - 13.7,33.8,38.4
202006010202,12.9 - 12.2 - 12.6 - 13.3 - 13.8 - 13.2 - 13.2 - 12.9 - 13.3,37.7,39.4
202006010203,12.7 - 11.7 - 13.1 - 13.2 - 12.6 - 12.8 - 12.8 - 13.4 - 13.5,37.5,39.7
202006010204,12.3 - 11.1 - 12.2 - 12.7 - 12.7 - 13.1,35.6,38.5
202006010205,12.6 - 11.7 - 12.9 - 12.0 - 12.6 - 12.0 - 12.3 - 12.1 - 11.5 - 12.5,37.2,36.1
202006010206,13.0 - 12.3 - 13.5 - 13.3 - 12.7 - 12.8 - 13.2 - 13.3 - 13.9,38.8,40.4
202006010207,13.1 - 11.8 - 12.6 - 13.4 - 14.3 - 14.1 - 13.9 - 12.3 - 12.4 - 12.7 - 12.7 - 13.9,37.5,39.3
202006010208,12.0 - 10.5 - 11.5 - 12.1 - 12.3 - 13.4,34.0,37.8
202006010209,12.4 - 11.7 - 12.8 - 13.0 - 12.4 - 12.1 - 12.6 - 12.9 - 13.3,36.9,38.8
202006010210,12.1 - 10.7 - 11.2 - 11.6 - 12.1 - 12.0 - 11.3 - 12.4,34.0,35.7
202006010211,12.1 - 10.5 - 11.2 - 11.3 - 11.4 - 11.9,33.8,34.6
202006010212,12.8 - 12.1 - 13.6 - 12.4 - 12.9 - 11.5 - 11.9 - 11.8 - 11.5 - 12.1,38.5,35.4
202006010301,12.2 - 11.4 - 12.4 - 12.4 - 12.3 - 13.0,36.0,37.7
202006010302,12.9 - 12.4 - 13.0 - 13.2 - 12.4 - 12.4 - 12.8 - 12.9 - 13.9,38.3,39.6
202006010303,12.1 - 10.9 - 11.7 - 12.2 - 12.4 - 13.3,34.7,37.9
202006010304,12.8 - 11.6 - 12.9 - 13.7 - 13.0 - 12.4 - 12.8 - 13.4 - 13.7,37.3,39.9
202006010305,12.6 - 11.6 - 12.6 - 12.5 - 12.9 - 12.9 - 12.7 - 12.3 - 11.7 - 11.3 - 12.3,36.8,35.3
202006010306,12.7 - 12.4 - 13.6 - 13.7 - 12.9 - 12.1 - 12.8 - 12.8 - 12.8,38.7,38.4
202006010307,12.8 - 11.9 - 13.1 - 13.7 - 12.8 - 12.0 - 12.6 - 12.8 - 13.2,37.8,38.6
202006010309,12.0 - 10.3 - 11.2 - 11.7 - 11.9 - 12.0,33.5,35.6
202006010310,11.9 - 10.9 - 11.4 - 12.0 - 12.1 - 12.9,34.2,37.0
202006010311,12.7 - 11.8 - 13.0 - 13.0 - 12.9 - 12.4 - 12.2 - 11.6 - 11.6 - 11.4 - 11.8,37.5,34.8
202006010312,12.5 - 11.8 - 11.7 - 12.1 - 12.3 - 11.9 - 11.4 - 12.0,36.0,35.3
202006010401,12.0 - 10.5 - 11.3 - 12.2 - 12.8 - 14.1,33.8,39.1
202006010402,12.7 - 11.8 - 13.2 - 13.6 - 12.7 - 12.5 - 13.2 - 13.0 - 13.9,37.7,40.1
202006010403,13.0 - 12.0 - 13.5 - 13.5 - 12.8 - 13.2 - 13.2 - 12.7 - 13.4,38.5,39.3
202006010405,12.5 - 11.3 - 11.6 - 11.8 - 12.1 - 12.1 - 11.6 - 12.0,35.4,35.7
202006010406,13.1 - 11.5 - 13.5 - 13.1 - 13.6 - 11.9 - 12.1 - 12.4 - 11.6 - 12.0,38.1,36.0
202006010407,12.5 - 12.0 - 13.7 - 14.1 - 13.0 - 12.0 - 12.6 - 12.6 - 13.6,38.2,38.8
202006010408,11.9 - 10.4 - 11.3 - 12.4 - 12.7 - 13.0,33.6,38.1
202006010409,12.5 - 11.4 - 12.1 - 12.4 - 12.8 - 13.2 - 13.3 - 13.0 - 13.6,36.0,39.9
202006010410,12.8 - 12.0 - 12.9 - 12.3 - 12.6 - 12.5 - 12.2 - 12.0 - 11.9 - 11.7 - 12.3,37.7,35.9
202006010411,12.8 - 12.3 - 13.3 - 13.1 - 12.1 - 12.2 - 12.4 - 12.1 - 12.4,38.4,36.9
202006010412,12.7 - 11.2 - 11.4 - 11.4 - 11.9 - 11.9 - 11.5 - 12.4,35.3,35.8
202006010501,11.8 - 10.9 - 11.8 - 12.3 - 12.3 - 13.4,34.5,38.0
202006010502,12.6 - 11.9 - 12.9 - 13.2 - 12.7 - 12.9 - 13.0 - 12.8 - 13.7,37.4,39.5
202006010503,12.8 - 11.8 - 12.6 - 13.1 - 12.5 - 12.5 - 13.1 - 13.2 - 13.6,37.2,39.9
202006010504,12.3 - 11.5 - 12.8 - 13.1 - 12.5 - 12.3,36.6,37.9
202006010505,12.4 - 11.0 - 12.3 - 11.8 - 12.2 - 12.0 - 12.3 - 12.6 - 12.7 - 12.4,35.7,37.7
202006010506,12.5 - 11.2 - 12.3 - 12.1 - 12.1 - 12.1 - 11.8 - 12.3,36.0,36.2
202006010507,11.8 - 10.6 - 11.7 - 12.3 - 12.1 - 13.3,34.1,37.7
202006010508,12.7 - 11.8 - 12.4 - 12.5 - 12.3 - 12.5 - 12.7 - 12.6 - 13.6,36.9,38.9
202006010509,13.2 - 11.9 - 13.4 - 13.1 - 13.0 - 13.3 - 13.4 - 12.8 - 12.5 - 12.8 - 12.6 - 12.7,38.5,38.1
202006010510,12.0 - 10.6 - 11.1 - 12.0 - 12.2 - 13.0,33.7,37.2
202006010511,12.1 - 11.1 - 11.7 - 12.1 - 12.0 - 11.8 - 11.2 - 12.0,34.9,35.0
202006010512,12.7 - 11.8 - 13.1 - 12.8 - 13.0 - 13.0 - 11.6 - 11.7 - 11.8 - 12.0 - 12.3,37.6,36.1
202006010601,11.9 - 10.6 - 11.3 - 12.3 - 12.9 - 13.4,33.8,38.6
202006010602,13.0 - 12.4 - 13.3 - 13.4 - 12.7 - 12.4 - 12.8 - 13.3 - 13.4,38.7,39.5
202006010603,12.9 - 12.4 - 13.1 - 13.0 - 12.4 - 12.4 - 12.7 - 12.9 - 12.8,38.4,38.4
202006010605,12.7 - 11.5 - 13.0 - 12.4 - 13.0 - 12.3 - 12.5 - 12.4 - 12.5 - 13.2,37.2,38.1
202006010606,12.8 - 12.6 - 13.6 - 13.7 - 13.8 - 13.9 - 13.2 - 12.4 - 12.3 - 12.5 - 12.5 - 13.5,39.0,38.5
202006010607,11.8 - 10.4 - 11.5 - 12.0 - 12.4 - 13.6,33.7,38.0
202006010608,12.0 - 10.6 - 11.5 - 12.2 - 12.2 - 13.2,34.1,37.6
202006010609,12.5 - 11.3 - 12.2 - 12.4 - 12.2 - 12.0 - 11.9 - 12.3,36.0,36.2
202006010610,12.9 - 12.2 - 12.9 - 13.1 - 12.1 - 12.0 - 12.5 - 12.4 - 13.4,38.0,38.3
202006010611,12.5 - 11.7 - 11.6 - 11.8 - 11.8 - 11.7 - 11.7 - 13.0,35.8,36.4
202006010612,12.8 - 13.3 - 12.1 - 12.7 - 12.4 - 12.5 - 12.0 - 11.6 - 12.2,38.2,35.8
202006010701,12.0 - 10.5 - 11.5 - 12.1 - 12.5 - 14.0,34.0,38.6
202006010702,12.6 - 11.9 - 13.1 - 13.1 - 12.7 - 12.9 - 13.3 - 13.4 - 13.9,37.6,40.6
202006010703,12.6 - 11.9 - 13.7 - 13.7 - 13.1 - 12.1 - 12.7 - 13.0 - 12.1,38.2,37.8
202006010704,11.9 - 10.6 - 11.5 - 12.2 - 12.3 - 13.2,34.0,37.7
202006010705,12.5 - 11.6 - 11.6 - 11.8 - 12.7 - 12.2 - 11.7 - 12.2,35.7,36.1
202006010706,12.9 - 11.9 - 12.0 - 12.6 - 12.8 - 11.9 - 11.2 - 12.0,36.8,35.1
202006010707,12.7 - 11.4 - 12.5 - 12.9 - 12.8 - 13.0 - 13.2 - 12.9 - 13.5,36.6,39.6
202006010708,12.3 - 10.8 - 11.7 - 12.2 - 12.0 - 12.5,34.8,36.7
202006010709,12.5 - 12.7 - 12.3 - 12.7 - 12.1 - 12.3 - 11.8 - 11.1 - 11.9,37.5,34.8
202006010710,11.9 - 10.7 - 11.1 - 11.7 - 11.8 - 13.1,33.7,36.6
202006010711,12.6 - 11.4 - 13.0 - 12.0 - 12.5 - 12.2 - 12.2 - 11.8 - 11.8 - 12.6,37.0,36.2
202006010712,12.2 - 10.4 - 11.2 - 11.7 - 11.7 - 12.6,33.8,36.0
202006010801,11.9 - 10.9 - 11.8 - 12.2 - 12.4 - 13.1,34.6,37.7
202006010802,12.8 - 12.3 - 13.7 - 13.7 - 12.7 - 12.5 - 12.9 - 13.0 - 13.3,38.8,39.2
202006010803,12.7 - 12.1 - 13.0 - 12.9 - 12.5 - 12.5 - 12.7 - 13.0 - 14.1,37.8,39.8
202006010804,12.5 - 11.1 - 11.6 - 12.4 - 12.1 - 12.6,35.2,37.1
202006010805,12.7 - 11.5 - 13.2 - 13.6 - 13.3 - 12.8 - 11.7 - 12.1 - 12.0 - 11.9 - 12.0,37.4,35.9
202006010806,13.4 - 12.7 - 14.5 - 13.5 - 13.3 - 12.6 - 12.5 - 12.1 - 11.7 - 12.0,40.6,35.8
202006010807,12.7 - 12.1 - 13.0 - 13.1 - 12.8 - 12.6 - 12.5 - 12.3 - 12.8,37.8,37.6
202006010808,11.8 - 10.7 - 11.5 - 12.2 - 12.2 - 12.7,34.0,37.1
202006010809,12.8 - 12.3 - 12.9 - 13.0 - 12.3 - 12.3 - 12.8 - 12.6 - 13.5,38.0,38.9
202006010810,12.9 - 12.1 - 12.2 - 11.8 - 11.8 - 11.7 - 11.5 - 12.0,37.2,35.2
202006010811,12.4 - 11.9 - 12.2 - 12.3 - 12.0 - 12.3 - 12.6 - 12.5 - 13.4,36.5,38.5
202006010812,12.6 - 11.5 - 11.4 - 11.6 - 11.8 - 11.9 - 11.8 - 12.1,35.5,35.8
202006010901,12.2 - 11.0 - 11.9 - 12.7 - 12.4 - 12.9,35.1,38.0
202006010902,12.5 - 11.5 - 13.0 - 13.4 - 12.9 - 13.0 - 13.2 - 13.2 - 13.9,37.0,40.3
202006010903,11.9 - 10.7 - 11.4 - 12.1 - 12.5 - 14.2,34.0,38.8
202006010905,12.7 - 11.5 - 12.0 - 12.1 - 12.4 - 12.5 - 12.1 - 12.1,36.2,36.7
202006010906,12.8 - 12.1 - 12.8 - 13.8 - 13.4 - 12.7 - 12.9 - 12.9 - 12.9,37.7,38.7
202006010907,12.2 - 10.9 - 11.2 - 11.8 - 12.0 - 13.5,34.3,37.3
202006010908,12.6 - 11.7 - 12.5 - 13.2 - 12.6 - 12.7 - 12.8 - 12.5 - 13.4,36.8,38.7
202006010909,12.5 - 12.6 - 12.2 - 12.8 - 12.4 - 12.6 - 12.0 - 11.6 - 11.7,37.3,35.3
202006010910,13.0 - 12.3 - 12.7 - 13.0 - 12.3 - 12.4 - 12.5 - 12.3 - 12.9,38.0,37.7
202006010911,12.8 - 12.0 - 12.9 - 12.3 - 12.4 - 12.0 - 12.0 - 11.9 - 12.1 - 12.1 - 12.5,37.7,36.7
202006010912,13.4 - 12.2 - 13.9 - 12.4 - 12.7 - 12.5 - 12.8 - 12.3 - 11.5 - 12.1,39.5,35.9
202006020101,13.0 - 12.1 - 12.2 - 12.8 - 12.8 - 12.9 - 12.8 - 12.9 - 13.9,37.3,39.6
202006020102,11.9 - 10.4 - 11.6 - 11.9 - 12.3 - 13.4,33.9,37.6
202006020103,12.5 - 12.0 - 13.3 - 13.1 - 12.5 - 12.3 - 12.8 - 13.0 - 13.9,37.8,39.7
202006020104,12.5 - 11.7 - 12.9 - 13.0 - 12.8 - 12.4 - 13.0 - 12.7 - 13.9,37.1,39.6
202006020105,12.5 - 11.3 - 11.3 - 11.5 - 11.8 - 12.1 - 11.4 - 12.2,35.1,35.7
202006020106,13.1 - 11.7 - 12.4 - 12.9 - 12.9 - 12.2 - 12.1 - 12.3 - 11.7 - 12.1,37.2,36.1
202006020107,12.8 - 11.7 - 12.1 - 12.8 - 12.5 - 12.9 - 13.3 - 12.7 - 13.0,36.6,39.0
202006020109,12.9 - 12.2 - 12.8 - 12.3 - 11.5 - 11.9 - 12.0 - 11.5 - 11.8,37.9,35.3
202006020110,12.9 - 11.9 - 12.4 - 12.6 - 12.0 - 11.6 - 11.5 - 11.4 - 11.8,37.2,34.7
202006020111,7.2 - 12.0 - 12.6 - 11.7 - 12.1 - 13.2 - 13.0 - 12.5 - 11.8 - 11.9 - 12.1 - 11.9 - 12.1,31.8,36.1
202006020112,12.0 - 10.8 - 11.5 - 11.9 - 12.1 - 13.1,34.3,37.1
202006020201,13.0 - 11.9 - 12.9 - 13.5 - 12.9 - 12.5 - 12.8 - 13.2 - 13.8,37.8,39.8
202006020202,11.9 - 10.7 - 11.6 - 12.7 - 12.5 - 13.5,34.2,38.7
202006020203,12.9 - 12.0 - 13.1 - 13.6 - 13.2 - 12.6 - 12.7 - 12.5 - 13.6,38.0,38.8
202006020204,12.3 - 10.9 - 11.8 - 12.9 - 12.8 - 12.9,35.0,38.6
202006020205,12.7 - 11.6 - 12.8 - 13.0 - 12.9 - 12.2 - 12.1 - 12.1 - 11.4 - 11.9,37.1,35.4
202006020206,12.3 - 11.3 - 10.7 - 11.3 - 11.7 - 12.1 - 11.9 - 12.5,34.3,36.5
202006020207,12.1 - 10.7 - 11.3 - 12.1 - 12.4 - 13.0,34.1,37.5
202006020208,12.6 - 11.5 - 12.7 - 12.9 - 12.5 - 12.6 - 12.7 - 12.7 - 13.2,36.8,38.6
202006020209,12.2 - 11.0 - 12.1 - 12.2 - 12.3 - 12.4 - 12.5 - 12.3 - 12.0 - 11.6 - 12.5,35.3,36.1
202006020210,11.9 - 10.4 - 11.2 - 11.9 - 12.1 - 13.1,33.5,37.1
202006020211,12.4 - 11.8 - 11.8 - 11.8 - 11.5 - 11.7 - 11.9 - 11.3 - 12.1,36.0,35.3
202006020212,11.8 - 10.6 - 11.0 - 11.7 - 11.2 - 12.3,33.4,35.2
202006020301,12.0 - 10.9 - 11.5 - 12.3 - 12.2 - 13.5,34.4,38.0
202006020302,12.9 - 12.4 - 13.3 - 13.5 - 13.2 - 12.8 - 12.7 - 12.8 - 13.3,38.6,38.8
202006020303,12.0 - 10.6 - 11.4 - 12.3 - 12.5 - 13.4,34.0,38.2
202006020304,12.9 - 11.9 - 12.8 - 13.5 - 12.8 - 12.5 - 13.1 - 14.1 - 14.6,37.6,41.8
202006020305,12.9 - 11.9 - 12.2 - 12.7 - 11.9 - 12.1 - 12.2 - 11.7 - 12.0,37.0,35.9
202006020306,11.7 - 10.4 - 11.3 - 12.5 - 12.8 - 13.0,33.4,38.3
202006020307,12.7 - 11.6 - 11.8 - 11.6 - 12.0 - 11.8 - 11.3 - 12.0,36.1,35.1
202006020308,13.3 - 12.0 - 13.2 - 13.5 - 14.1 - 14.4 - 13.4 - 12.0 - 12.0 - 12.2 - 12.8 - 14.2,38.5,39.2
202006020309,7.1 - 11.7 - 11.8 - 12.2 - 12.8 - 13.4 - 13.3 - 13.0 - 12.5 - 12.2 - 11.6 - 11.3 - 11.8,30.6,34.7
202006020310,12.7 - 11.9 - 12.6 - 12.8 - 12.8 - 12.7 - 12.2 - 12.3 - 13.1,37.2,37.6
202006020311,11.8 - 10.5 - 10.8 - 11.4 - 11.2 - 11.7,33.1,34.3
202006020312,12.8 - 11.5 - 12.1 - 12.4 - 12.2 - 12.9 - 13.7 - 13.0 - 13.3,36.4,40.0
202006020401,12.8 - 11.7 - 12.6 - 13.2 - 12.7 - 12.6 - 12.9 - 12.9 - 13.3,37.1,39.1
202006020402,11.9 - 10.6 - 11.5 - 12.3 - 12.8 - 13.5,34.0,38.6
202006020403,12.9 - 12.4 - 13.1 - 13.4 - 12.7 - 12.8 - 13.0 - 13.0 - 13.2,38.4,39.2
202006020404,12.4 - 11.3 - 12.0 - 12.4 - 12.2 - 12.8,35.7,37.4
202006020405,12.8 - 12.0 - 13.1 - 13.1 - 12.7 - 12.7 - 12.4 - 12.3 - 12.7 - 12.8 - 12.5,37.9,38.0
202006020406,12.4 - 11.3 - 12.2 - 12.6 - 12.8 - 13.1 - 13.0 - 12.8 - 13.8,35.9,39.6
202006020407,12.0 - 10.7 - 11.2 - 12.2 - 12.4 - 13.3,33.9,37.9
202006020408,13.1 - 12.0 - 12.8 - 13.2 - 13.6 - 12.5 - 12.6 - 12.3 - 11.9 - 11.8 - 12.2,37.9,35.9
202006020409,12.0 - 10.9 - 11.4 - 11.7 - 11.4 - 12.1,34.3,35.2
202006020410,12.7 - 12.2 - 13.0 - 13.2 - 12.3 - 12.3 - 12.3 - 12.0 - 12.9,37.9,37.2
202006020411,12.7 - 11.4 - 12.1 - 12.3 - 12.6 - 12.6 - 12.6 - 12.5 - 11.8 - 12.3,36.2,36.6
202006020412,12.5 - 11.7 - 11.2 - 11.4 - 11.9 - 12.1 - 12.0 - 12.7,35.4,36.8
202006020501,12.1 - 10.7 - 11.5 - 12.4 - 12.9 - 13.3,34.3,38.6
202006020502,12.9 - 11.9 - 12.8 - 12.9 - 12.6 - 12.9 - 13.1 - 12.6 - 13.6,37.6,39.3
202006020503,12.0 - 10.8 - 11.4 - 12.0 - 12.1 - 13.3,34.2,37.4
202006020504,13.4 - 13.1 - 14.8 - 14.5 - 13.0 - 12.5 - 12.6 - 12.2 - 12.6,41.3,37.4
202006020505,12.5 - 11.5 - 12.2 - 12.4 - 12.0 - 12.3 - 12.1 - 13.1,36.2,37.5
202006020506,12.1 - 10.6 - 11.3 - 12.1 - 12.1 - 12.5,34.0,36.7
202006020507,12.6 - 12.1 - 12.6 - 12.8 - 12.0 - 12.1 - 12.7 - 13.0 - 13.6,37.3,39.3
202006020508,11.9 - 10.6 - 11.2 - 12.1 - 11.9 - 12.9,33.7,36.9
202006020509,12.9 - 11.8 - 12.5 - 12.5 - 12.2 - 12.0 - 12.3 - 12.7 - 12.7 - 13.7,37.2,39.1
202006020510,11.9 - 10.3 - 11.1 - 12.6 - 12.2 - 13.1,33.3,37.9
202006020511,12.7 - 12.0 - 12.3 - 12.0 - 11.8 - 11.6 - 12.2 - 12.3 - 13.3,37.0,37.8
202006020512,12.9 - 11.9 - 12.9 - 12.6 - 13.2 - 13.5 - 13.1 - 12.2 - 12.5 - 12.5 - 12.4 - 12.9,37.7,37.8
202006020601,12.8 - 11.6 - 12.3 - 12.7 - 12.3 - 12.8 - 13.1 - 13.4 - 14.3,36.7,40.8
202006020602,12.3 - 10.5 - 11.3 - 12.1 - 12.4 - 13.4,34.1,37.9
202006020603,12.7 - 11.7 - 12.4 - 13.1 - 13.0 - 12.7 - 12.9 - 12.4 - 13.0,36.8,38.3
202006020605,12.9 - 11.6 - 12.9 - 13.3 - 13.4 - 12.3 - 12.0 - 12.0 - 12.0 - 12.7,37.4,36.7
202006020606,11.9 - 10.3 - 11.2 - 11.9 - 12.3 - 13.3,33.4,37.5
202006020607,12.7 - 11.0 - 12.2 - 12.5 - 12.7 - 12.1 - 11.8 - 12.0 - 12.2 - 12.8,35.9,37.0
202006020608,12.6 - 11.5 - 12.5 - 13.0 - 12.8 - 12.6 - 12.5 - 12.1 - 12.8,36.6,37.4
202006020609,12.8 - 11.1 - 12.2 - 12.6 - 12.5 - 12.2 - 12.1 - 12.1 - 11.6 - 12.4,36.1,36.1
202006020610,12.3 - 10.7 - 11.1 - 11.5 - 11.8 - 12.0 - 11.9 - 12.8,34.1,36.7
202006020611,12.3 - 11.1 - 11.3 - 11.8 - 11.8 - 12.3 - 11.9 - 13.0,34.7,37.2
202006020612,12.2 - 10.5 - 11.1 - 11.8 - 12.2 - 12.7,33.8,36.7
202006020701,12.0 - 10.7 - 11.3 - 12.6 - 13.4 - 13.8,34.0,39.8
202006020702,13.1 - 12.6 - 13.0 - 13.0 - 12.6 - 12.2 - 12.8 - 13.0 - 13.3,38.7,39.1
202006020703,11.9 - 10.6 - 11.2 - 12.0 - 12.8 - 14.0,33.7,38.8
202006020704,12.7 - 12.2 - 13.4 - 13.2 - 12.1 - 12.1 - 12.6 - 12.6 - 13.4,38.3,38.6
202006020705,12.9 - 12.5 - 12.6 - 12.8 - 12.2 - 12.4 - 12.3 - 11.6 - 12.1,38.0,36.0
202006020706,13.0 - 11.5 - 12.1 - 12.3 - 12.4 - 12.4 - 12.4 - 11.8 - 12.3 - 12.2 - 13.1,36.6,37.6
202006020707,12.1 - 10.4 - 11.1 - 11.9 - 12.3 - 13.8,33.6,38.0
202006020709,12.5 - 11.7 - 12.9 - 13.1 - 12.2 - 12.0 - 12.3 - 12.5 - 13.5,37.1,38.3
202006020710,12.4 - 11.2 - 11.3 - 10.9 - 11.3 - 11.7 - 11.8 - 12.7,34.9,36.2
202006020711,12.6 - 11.5 - 11.7 - 11.8 - 11.6 - 12.1 - 12.5 - 11.8 - 12.6,35.8,36.9
202006020712,13.0 - 11.9 - 13.1 - 12.8 - 12.1 - 12.2 - 12.3 - 12.5 - 13.3,38.0,38.1
202006020801,12.6 - 11.7 - 13.2 - 13.6 - 13.1 - 13.1 - 12.8 - 12.3 - 12.8,37.5,37.9
202006020802,12.0 - 10.7 - 11.4 - 11.9 - 12.4 - 13.9,34.1,38.2
202006020803,12.7 - 11.3 - 12.5 - 13.8 - 12.9 - 12.8 - 13.0 - 13.0 - 12.7,36.5,38.7
202006020805,12.8 - 11.8 - 12.3 - 12.6 - 12.4 - 12.3 - 12.0 - 11.3 - 11.9,36.9,35.2
202006020806,12.9 - 11.6 - 12.9 - 13.8 - 13.6 - 13.8 - 13.3 - 11.9 - 11.7,37.4,36.9
202006020807,14.0 - 12.9 - 13.5 - 12.9 - 13.9 - 14.3 - 14.2 - 12.1 - 12.2 - 12.8 - 12.4 - 12.6,40.4,37.8
202006020808,12.1 - 10.9 - 12.0 - 12.5 - 12.1 - 12.8,35.0,37.4
202006020809,12.4 - 11.1 - 11.7 - 12.2 - 11.9 - 12.0 - 11.5 - 12.3,35.2,35.8
202006020810,12.4 - 10.9 - 12.1 - 12.6 - 12.7 - 11.9 - 11.9 - 12.2 - 11.8 - 12.1,35.4,36.1
202006020811,12.0 - 10.5 - 11.3 - 11.8 - 11.9 - 12.2,33.8,35.9
202006020812,12.7 - 11.4 - 11.9 - 12.5 - 11.8 - 11.6 - 11.1 - 11.5,36.0,34.2
202006020901,12.6 - 11.8 - 12.8 - 13.5 - 13.2 - 13.6 - 13.4 - 12.8 - 13.2,37.2,39.4
202006020902,12.1 - 10.9 - 11.8 - 12.3 - 12.2 - 12.7,34.8,37.2
202006020903,12.7 - 11.9 - 13.3 - 13.4 - 13.2 - 13.2 - 12.9 - 12.7 - 12.9,37.9,38.5
202006020904,12.1 - 11.2 - 11.7 - 12.0 - 11.9 - 13.1,35.0,37.0
202006020905,12.6 - 11.5 - 11.8 - 12.3 - 12.0 - 12.0 - 11.6 - 12.3,35.9,35.9
202006020906,12.4 - 11.2 - 12.1 - 12.4 - 12.8 - 12.7 - 12.5 - 12.4 - 12.1 - 12.4,35.7,36.9
202006020907,12.8 - 11.6 - 12.7 - 13.4 - 12.6 - 12.6 - 12.9 - 12.5 - 13.4,37.1,38.8
202006020908,12.8 - 11.5 - 12.3 - 12.8 - 12.8 - 12.4 - 12.1 - 11.8 - 11.5 - 12.1,36.6,35.4
202006020909,12.9 - 11.7 - 11.7 - 11.9 - 11.6 - 11.7 - 11.3 - 12.1,36.3,35.1
202006020910,12.5 - 10.9 - 12.5 - 13.1 - 12.5 - 13.0 - 12.9 - 12.2 - 12.7,35.9,37.8
202006020911,12.8 - 12.1 - 12.6 - 13.0 - 12.7 - 12.3 - 11.8 - 11.1 - 11.4,37.5,34.3
202006020912,12.1 - 10.8 - 11.6 - 12.1 - 12.0 - 12.7,34.5,36.8
202006030101,12.2 - 11.0 - 11.8 - 12.2 - 12.0 - 12.4,35.0,36.6
202006030102,12.6 - 11.5 - 12.5 - 13.6 - 13.5 - 12.6 - 12.8 - 13.1 - 13.9,36.6,39.8
202006030103,11.8 - 10.5 - 11.6 - 12.5 - 12.3 - 13.5,33.9,38.3
202006030104,12.5 - 11.8 - 12.5 - 13.1 - 12.8 - 13.0 - 12.5 - 12.2 - 13.3,36.8,38.0
202006030105,12.1 - 11.3 - 11.6 - 12.1 - 12.2 - 12.0 - 11.7 - 12.1,35.0,35.8
202006030106,12.7 - 12.9 - 13.1 - 12.6 - 11.8 - 11.8 - 11.7 - 11.3 - 12.1,38.7,35.1
202006030107,11.9 - 10.5 - 11.2 - 11.5 - 11.9 - 12.0,33.6,35.4
202006030108,12.8 - 12.6 - 13.3 - 13.3 - 12.5 - 12.4 - 12.3 - 12.5 - 13.9,38.7,38.7
202006030109,13.0 - 12.3 - 12.5 - 12.3 - 12.3 - 12.0 - 11.7 - 11.5 - 12.5,37.8,35.7
202006030110,12.5 - 11.3 - 12.5 - 13.2 - 12.9 - 12.2 - 12.4 - 12.7 - 13.7,36.3,38.8
202006030111,6.9 - 11.2 - 11.7 - 12.9 - 12.6 - 13.2 - 12.7 - 12.0 - 11.3 - 11.8 - 12.4 - 11.7 - 12.5,29.8,36.6
202006030112,11.9 - 10.4 - 11.4 - 12.2 - 12.1 - 13.2,33.7,37.5
202006030201,13.0 - 11.6 - 13.1 - 13.2 - 12.4 - 12.6 - 13.3 - 13.3 - 13.0,37.7,39.6
202006030202,12.0 - 10.8 - 11.2 - 12.0 - 12.2 - 13.0,34.0,37.2
202006030203,12.4 - 11.8 - 12.4 - 13.0 - 12.8 - 12.8 - 12.9 - 13.2 - 13.4,36.6,39.5
202006030204,13.0 - 12.3 - 12.9 - 13.0 - 11.6 - 11.9 - 12.1 - 11.9 - 12.4,38.2,36.4
202006030205,11.9 - 11.0 - 11.9 - 12.3 - 12.0 - 12.8,34.8,37.1
202006030206,12.7 - 11.8 - 12.6 - 13.0 - 12.5 - 12.3 - 12.8 - 13.1 - 13.9,37.1,39.8
202006030207,11.9 - 10.6 - 11.2 - 12.1 - 12.6 - 13.1,33.7,37.8
202006030208,12.6 - 12.5 - 13.7 - 13.4 - 12.4 - 11.6 - 12.5 - 12.6 - 13.6,38.8,38.7
202006030209,12.4 - 11.0 - 12.2 - 12.8 - 12.6 - 12.3 - 12.2 - 12.5 - 11.7 - 12.8,35.6,37.0
202006030210,11.9 - 10.8 - 11.1 - 11.8 - 11.5 - 12.1,33.8,35.4
202006030211,12.6 - 11.7 - 12.7 - 12.8 - 12.2 - 11.8 - 12.4 - 12.3 - 12.8,37.0,37.5
202006030212,11.9 - 11.3 - 10.8 - 11.2 - 11.5 - 12.6,34.0,35.3
202006030301,12.3 - 10.6 - 11.8 - 12.1 - 12.3 - 13.3,34.7,37.7
202006030302,12.7 - 11.6 - 12.8 - 13.5 - 13.1 - 12.3 - 12.8 - 12.4 - 13.1,37.1,38.3
202006030303,12.3 - 11.2 - 11.6 - 11.8 - 12.1 - 13.1,35.1,37.0
202006030304,12.7 - 11.4 - 12.6 - 13.2 - 13.0 - 12.8 - 13.1 - 13.4 - 12.9,36.7,39.4
202006030305,12.4 - 11.2 - 13.1 - 13.0 - 13.2 - 13.0 - 12.6 - 12.0 - 11.7 - 11.6,36.7,35.3
202006030306,12.6 - 11.6 - 12.8 - 13.8 - 12.9 - 12.7 - 12.6 - 12.3 - 12.3,37.0,37.2
202006030307,12.9 - 11.4 - 11.7 - 11.6 - 12.1 - 11.5 - 11.7 - 12.1,36.0,35.3
202006030308,12.9 - 12.2 - 13.3 - 13.7 - 13.2 - 13.1 - 12.7 - 12.0 - 12.4,38.4,37.1
202006030309,7.2 - 11.5 - 11.7 - 12.2 - 12.9 - 13.5 - 12.8 - 12.5 - 11.7 - 11.8 - 11.9 - 11.9 - 12.0,30.4,35.8
202006030310,12.4 - 11.5 - 12.9 - 13.0 - 13.0 - 12.5 - 12.3 - 11.7 - 11.5 - 11.3 - 11.5,36.8,34.3
202006030311,12.2 - 11.1 - 11.0 - 11.1 - 11.7 - 11.6 - 12.0 - 12.1,34.3,35.7
202006030312,12.2 - 10.8 - 11.5 - 11.9 - 11.9 - 12.8,34.5,36.6
202006030401,12.9 - 12.3 - 13.4 - 13.3 - 12.5 - 12.1 - 12.9 - 13.5 - 14.0,38.6,40.4
202006030402,12.2 - 10.7 - 11.4 - 12.5 - 12.5 - 13.0,34.3,38.0
202006030403,13.1 - 12.3 - 13.2 - 13.4 - 12.6 - 12.4 - 12.3 - 12.5 - 14.2,38.6,39.0
202006030405,12.8 - 11.9 - 12.7 - 12.7 - 12.5 - 12.2 - 12.1 - 12.1 - 11.8 - 12.7 - 12.9,37.4,37.4
202006030406,11.8 - 10.6 - 11.2 - 11.7 - 11.9 - 13.1,33.6,36.7
202006030407,12.9 - 11.8 - 12.3 - 12.7 - 12.8 - 12.2 - 12.2 - 11.6 - 12.0 - 12.3,37.0,35.9
202006030408,13.3 - 12.1 - 13.2 - 13.5 - 12.8 - 12.3 - 12.6 - 12.5 - 13.5,38.6,38.6
202006030409,12.6 - 12.1 - 13.0 - 13.3 - 13.2 - 12.7 - 12.2 - 12.0 - 11.5 - 11.6 - 12.3,37.7,35.4
202006030410,12.9 - 11.9 - 12.0 - 12.0 - 11.5 - 11.3 - 11.6 - 12.1,36.8,35.0
202006030411,11.9 - 10.4 - 11.1 - 12.1 - 12.2 - 12.8,33.4,37.1
202006030412,12.5 - 11.6 - 12.3 - 12.5 - 12.1 - 12.3 - 12.9 - 13.5 - 13.4,36.4,39.8
202006030501,12.0 - 10.9 - 11.6 - 12.3 - 12.4 - 13.1,34.5,37.8
202006030502,12.8 - 11.9 - 12.7 - 13.0 - 12.7 - 13.2 - 13.1 - 12.8 - 13.6,37.4,39.5
202006030503,12.0 - 10.7 - 11.7 - 12.1 - 12.2 - 13.3,34.4,37.6
202006030504,12.9 - 11.5 - 12.6 - 13.1 - 13.1 - 12.8 - 12.7 - 13.0 - 13.6,37.0,39.3
202006030505,12.4 - 11.3 - 12.5 - 12.3 - 12.2 - 12.0 - 12.5 - 12.0 - 11.8 - 11.9,36.2,35.7
202006030506,12.6 - 11.7 - 13.1 - 13.2 - 12.6 - 12.7 - 12.6 - 12.1 - 13.2,37.4,37.9
202006030507,12.2 - 10.8 - 11.3 - 12.3 - 12.2 - 12.2,34.3,36.7
202006030508,12.6 - 11.5 - 13.6 - 13.6 - 12.8 - 12.8 - 12.9 - 12.5 - 13.1,37.7,38.5
202006030509,13.0 - 12.1 - 12.1 - 12.4 - 12.1 - 11.8 - 11.6 - 11.4 - 11.6,37.2,34.6
202006030510,12.1 - 10.8 - 11.1 - 11.5 - 11.2 - 11.3,34.0,34.0
202006030511,12.3 - 10.9 - 11.0 - 11.7 - 11.7 - 11.7 - 11.9 - 11.8,34.2,35.4
202006030512,12.4 - 11.0 - 11.6 - 11.9 - 12.2 - 13.0,35.0,37.1
202006030601,12.7 - 11.6 - 13.1 - 13.5 - 12.8 - 12.8 - 13.0 - 13.1 - 13.6,37.4,39.7
202006030602,12.3 - 10.6 - 11.6 - 12.2 - 12.5 - 13.5,34.5,38.2
202006030603,12.5 - 12.1 - 13.6 - 13.5 - 12.4 - 12.7 - 12.7 - 12.8 - 12.8,38.2,38.3
202006030604,12.0 - 10.5 - 11.5 - 12.0 - 12.5 - 13.5,34.0,38.0
202006030605,12.6 - 11.6 - 12.1 - 12.3 - 12.1 - 11.9 - 11.7 - 11.9,36.3,35.5
202006030606,12.9 - 12.8 - 12.7 - 13.0 - 12.2 - 11.9 - 11.4 - 11.6 - 12.0,38.4,35.0
202006030607,12.2 - 10.7 - 11.3 - 12.0 - 12.5 - 12.9,34.2,37.4
202006030608,12.5 - 11.0 - 11.6 - 11.6 - 11.9 - 11.8 - 12.1 - 12.4,35.1,36.3
202006030609,12.8 - 11.7 - 12.7 - 13.4 - 13.2 - 13.7 - 13.6 - 12.6 - 12.7 - 12.9 - 12.7 - 13.4,37.2,39.0
202006030610,12.8 - 11.9 - 11.9 - 12.8 - 12.1 - 12.1 - 11.8 - 11.4 - 11.9,36.6,35.1
202006030611,11.8 - 10.6 - 11.4 - 11.0 - 11.6 - 11.9,33.8,34.5
202006030612,12.2 - 10.8 - 11.5 - 12.0 - 11.8 - 12.9,34.5,36.7
202006030701,12.6 - 12.1 - 13.3 - 13.5 - 12.9 - 12.1 - 12.6 - 12.8 - 13.0,38.0,38.4
202006030702,12.5 - 10.6 - 11.3 - 12.0 - 12.3 - 13.2,34.4,37.5
202006030703,12.8 - 11.4 - 12.9 - 13.2 - 12.7 - 13.0 - 12.7 - 12.7 - 12.7,37.1,38.1
202006030704,12.7 - 11.7 - 12.8 - 13.3 - 13.6 - 13.1 - 13.1 - 13.5 - 12.8 - 12.9,37.2,39.2
202006030705,12.8 - 12.3 - 12.4 - 12.4 - 12.7 - 12.5 - 12.7 - 13.3,37.5,38.5
202006030706,12.5 - 11.2 - 11.7 - 12.0 - 12.0 - 12.6,35.4,36.6
202006030707,13.3 - 12.1 - 12.8 - 12.7 - 13.1 - 13.5 - 13.3 - 12.4 - 12.3 - 12.5 - 12.8 - 13.2,38.2,38.5
202006030708,12.3 - 10.9 - 11.6 - 12.1 - 11.8 - 12.8,34.8,36.7
202006030709,13.0 - 12.4 - 13.2 - 12.8 - 13.0 - 13.3 - 13.0 - 12.7 - 12.2 - 13.0,38.6,37.9
202006030710,12.2 - 11.2 - 12.3 - 12.8 - 12.4 - 12.0 - 12.3 - 12.4 - 13.1,35.7,37.8
202006030712,12.5 - 11.0 - 12.1 - 12.2 - 11.8 - 12.3 - 13.2 - 12.4 - 12.7,35.6,38.3
202006030801,12.1 - 10.4 - 11.2 - 12.2 - 12.3 - 12.9,33.7,37.4
202006030802,13.0 - 12.0 - 12.3 - 12.8 - 12.8 - 12.7 - 12.7 - 12.4 - 12.6,37.3,37.7
202006030803,12.3 - 10.9 - 11.4 - 11.9 - 11.8 - 12.4,34.6,36.1
202006030804,12.8 - 11.7 - 12.6 - 12.6 - 12.6 - 12.2 - 12.8 - 12.6 - 13.6,37.1,39.0
202006030805,12.6 - 12.1 - 12.5 - 12.5 - 13.0 - 12.7 - 12.7 - 12.3 - 12.1 - 12.2 - 12.5,37.2,36.8
202006030806,12.5 - 11.7 - 12.6 - 12.6 - 11.9 - 12.3 - 12.2 - 12.2 - 13.0,36.8,37.4
202006030807,12.6 - 11.9 - 12.7 - 12.6 - 11.8 - 11.8 - 12.2 - 13.0 - 13.5,37.2,38.7
202006030808,12.8 - 11.3 - 11.6 - 11.4 - 11.5 - 11.6 - 12.0 - 12.9,35.7,36.5
202006030809,12.9 - 12.3 - 13.1 - 12.5 - 12.5 - 12.0 - 11.9 - 11.8 - 11.8 - 12.2,38.3,35.8
202006030810,11.8 - 10.2 - 10.9 - 11.8 - 11.8 - 12.7,32.9,36.3
202006030811,12.2 - 11.3 - 12.1 - 11.8 - 12.4 - 12.9 - 12.2 - 11.9 - 11.8 - 12.1,35.6,35.8
202006030812,12.7 - 11.4 - 11.5 - 11.5 - 11.2 - 11.5 - 11.8 - 13.1,35.6,36.4
202006040102,12.8 - 11.6 - 12.3 - 13.3 - 12.8 - 12.6 - 12.8 - 13.1 - 13.9,36.7,39.8
202006040103,12.1 - 10.5 - 11.3 - 11.5 - 11.8 - 12.6,33.9,35.9
202006040104,12.3 - 10.8 - 11.7 - 12.6 - 13.1 - 13.1,34.8,38.8
202006040105,13.0 - 12.3 - 13.4 - 13.3 - 13.4 - 12.8 - 11.7 - 11.6 - 12.3 - 12.2,38.7,36.1
202006040106,11.9 - 10.4 - 11.5 - 12.2 - 12.3 - 13.4,33.8,37.9
202006040107,12.9 - 12.1 - 11.5 - 11.9 - 11.7 - 11.9 - 12.1 - 12.0 - 12.1,36.5,36.2
202006040108,12.7 - 11.4 - 12.7 - 13.2 - 12.2 - 12.5 - 12.5 - 12.6 - 13.4,36.8,38.5
202006040109,12.5 - 11.5 - 12.1 - 12.4 - 12.5 - 12.1 - 12.2 - 11.8,36.1,36.1
202006040110,11.8 - 10.7 - 11.2 - 11.3 - 11.6 - 11.9,33.7,34.8
202006040111,12.4 - 11.4 - 12.5 - 12.8 - 12.7 - 12.4 - 12.0 - 11.8 - 12.0 - 12.1,36.3,35.9
202006040112,11.9 - 10.3 - 11.1 - 12.0 - 12.4 - 13.0,33.3,37.4
202006040201,11.9 - 10.9 - 11.6 - 12.5 - 12.6 - 13.9,34.4,39.0
202006040202,13.1 - 11.8 - 12.5 - 12.5 - 12.7 - 12.2 - 12.4 - 12.3 - 12.1 - 12.1,37.4,36.5
202006040203,12.9 - 11.8 - 13.5 - 14.0 - 12.6 - 12.7 - 13.0 - 12.9 - 12.8,38.2,38.7
202006040204,11.9 - 10.5 - 11.5 - 12.3 - 12.7 - 12.6,33.9,37.6
202006040205,12.6 - 11.2 - 12.0 - 13.2 - 13.0 - 12.1 - 12.0 - 11.6,35.8,35.7
202006040206,13.0 - 12.0 - 12.5 - 12.6 - 12.3 - 12.5 - 12.6 - 12.5 - 13.0,37.5,38.1
202006040207,12.5 - 11.2 - 11.3 - 11.8 - 12.1 - 11.8 - 11.9 - 12.4,35.0,36.1
202006040208,12.1 - 11.0 - 11.3 - 11.8 - 12.2 - 12.8,34.4,36.8
202006040209,13.0 - 12.6 - 12.2 - 12.4 - 12.0 - 11.9 - 11.6 - 11.7 - 12.2,37.8,35.5
202006040210,12.0 - 10.6 - 11.3 - 11.7 - 11.8 - 12.5,33.9,36.0
202006040211,12.4 - 11.1 - 11.5 - 11.7 - 11.6 - 11.7 - 11.7 - 12.2,35.0,35.6
202006040212,11.9 - 10.7 - 11.2 - 11.4 - 11.9 - 12.2,33.8,35.5
202006040301,11.7 - 10.6 - 11.4 - 12.0 - 12.3 - 13.6,33.7,37.9
202006040302,12.9 - 12.0 - 12.8 - 12.9 - 12.7 - 12.6 - 12.8 - 12.9 - 13.1,37.7,38.8
202006040303,12.2 - 10.6 - 11.0 - 11.6 - 12.4 - 12.6,33.8,36.6
202006040304,12.5 - 11.4 - 11.7 - 11.8 - 11.8 - 11.7 - 12.4 - 12.5,35.6,36.6
202006040305,13.2 - 13.0 - 13.5 - 13.2 - 12.2 - 12.1 - 11.6 - 11.9 - 11.8,39.7,35.3
202006040306,13.0 - 12.1 - 13.1 - 13.6 - 13.4 - 12.7 - 13.0 - 13.5 - 14.4,38.2,40.9
202006040307,11.7 - 10.8 - 11.1 - 12.0 - 12.5 - 13.2,33.6,37.7
202006040308,12.6 - 11.6 - 12.7 - 13.2 - 12.7 - 12.7 - 12.7 - 12.9 - 14.0,36.9,39.6
202006040309,12.6 - 11.6 - 12.7 - 12.2 - 12.5 - 12.2 - 11.6 - 11.7 - 12.2 - 12.6,36.9,36.5
202006040310,12.8 - 11.5 - 13.0 - 13.4 - 13.7 - 13.9 - 13.2 - 12.1 - 12.3 - 12.5 - 12.7 - 13.2,37.3,38.4
202006040311,12.8 - 12.2 - 12.1 - 12.2 - 11.7 - 11.7 - 11.5 - 12.1 - 12.0,37.1,35.6
202006040312,12.1 - 10.6 - 11.5 - 12.0 - 12.0 - 12.8,34.2,36.8
202006040401,11.9 - 10.7 - 11.8 - 12.3 - 12.4 - 13.8,34.4,38.5
202006040402,12.7 - 12.3 - 12.4 - 12.8 - 12.1 - 11.7 - 11.4 - 12.2 - 12.7,37.4,36.3
202006040403,12.9 - 11.9 - 13.5 - 13.7 - 12.9 - 12.4 - 12.9 - 12.9 - 13.6,38.3,39.4
202006040404,12.6 - 10.7 - 11.4 - 11.7 - 12.1 - 12.3,34.7,36.1
202006040405,12.7 - 11.9 - 12.1 - 12.0 - 11.9 - 11.7 - 12.4 - 12.0,36.7,36.1
202006040406,12.5 - 12.5 - 13.7 - 13.7 - 12.6 - 12.6 - 12.4 - 12.4 - 13.2,38.7,38.0
202006040407,7.5 - 11.9 - 12.3 - 12.5 - 12.7 - 13.4 - 12.5 - 12.4 - 11.8 - 11.8 - 12.0 - 12.5 - 12.4,31.7,36.9
202006040408,11.9 - 10.4 - 11.4 - 12.2 - 12.7 - 13.4,33.7,38.3
202006040409,12.5 - 11.9 - 12.5 - 12.6 - 12.2 - 12.5 - 12.9 - 12.7 - 13.1,36.9,38.7
202006040410,12.6 - 11.3 - 11.4 - 11.3 - 11.4 - 11.8 - 12.4 - 12.4,35.3,36.6
202006040411,12.6 - 11.4 - 12.5 - 12.7 - 12.4 - 12.0 - 12.2 - 12.4 - 13.4,36.5,38.0
202006040412,12.2 - 10.5 - 11.4 - 11.5 - 11.8 - 12.2,34.1,35.5
202006040502,12.0 - 10.7 - 11.6 - 12.6 - 13.1 - 13.3,34.3,39.0
202006040503,12.4 - 11.1 - 11.7 - 12.0 - 11.8 - 11.7 - 12.3 - 12.6,35.2,36.6
202006040504,12.9 - 11.8 - 13.3 - 13.0 - 13.3 - 12.4 - 12.1 - 11.8 - 11.8 - 12.1,38.0,35.7
202006040505,12.9 - 12.4 - 12.6 - 12.5 - 12.2 - 11.5 - 12.1 - 11.7,37.9,35.3
202006040506,13.3 - 12.0 - 13.6 - 13.7 - 13.2 - 13.7 - 13.7 - 12.6 - 12.3 - 12.6 - 13.0 - 13.8,38.9,39.4
202006040507,12.7 - 11.5 - 11.6 - 12.4 - 12.0 - 12.2 - 12.2 - 12.2 - 12.1,35.8,36.5
202006040508,12.4 - 11.2 - 12.2 - 12.7 - 12.5 - 12.5 - 12.8 - 13.3 - 14.6,35.8,40.7
202006040509,11.8 - 10.7 - 11.5 - 11.8 - 12.3 - 12.8,34.0,36.9
202006040510,12.7 - 11.4 - 12.2 - 12.1 - 12.4 - 12.3 - 11.6 - 11.8 - 12.6 - 13.3,36.3,37.7
202006040511,12.2 - 12.2 - 12.8 - 12.9 - 12.5 - 12.0 - 11.8 - 11.6 - 11.9 - 12.4 - 12.7,37.2,37.0
202006040512,12.2 - 10.8 - 11.3 - 12.1 - 12.3 - 12.7,34.3,37.1
202006040601,12.0 - 10.7 - 11.6 - 11.9 - 11.9 - 12.1,34.3,35.9
202006040602,12.3 - 12.1 - 12.1 - 13.2 - 12.4 - 12.0 - 11.8 - 12.1 - 12.1,36.5,36.0
202006040603,12.9 - 11.5 - 13.2 - 13.1 - 12.7 - 12.7 - 13.1 - 13.7 - 13.6,37.6,40.4
202006040604,12.1 - 10.6 - 10.9 - 11.8 - 12.3 - 12.9,33.6,37.0
202006040605,12.4 - 10.7 - 10.9 - 11.6 - 12.2 - 12.2 - 13.2 - 12.9,34.0,38.3
202006040606,12.8 - 11.3 - 13.3 - 12.1 - 12.4 - 12.0 - 11.7 - 11.7 - 12.1 - 12.6,37.4,36.4
202006040607,12.5 - 12.0 - 13.1 - 12.8 - 12.1 - 12.1 - 12.4 - 12.7 - 13.2,37.6,38.3
202006040609,12.0 - 10.7 - 11.5 - 11.8 - 11.7 - 12.2,34.2,35.7
202006040610,7.4 - 11.5 - 12.0 - 12.2 - 11.7 - 13.1 - 12.2 - 12.6 - 12.5 - 12.4 - 12.4 - 12.4 - 12.6,30.9,37.4
202006040611,11.9 - 10.4 - 10.8 - 11.4 - 11.6 - 12.4,33.1,35.4
202006040612,12.8 - 11.9 - 12.6 - 12.5 - 11.9 - 12.1 - 12.4 - 12.8 - 12.7,37.3,37.9
202006040701,12.1 - 10.7 - 11.4 - 12.3 - 12.5 - 12.9,34.2,37.7
202006040702,12.7 - 11.9 - 13.1 - 13.1 - 12.6 - 12.5 - 13.0 - 13.3 - 13.5,37.7,39.8
202006040703,12.7 - 11.1 - 12.2 - 12.2 - 12.4 - 11.8 - 11.9 - 12.6,36.0,36.3
202006040704,12.4 - 11.2 - 11.6 - 12.0 - 12.4 - 12.4,35.2,36.8
202006040705,13.0 - 11.9 - 14.1 - 13.1 - 13.4 - 12.4 - 12.4 - 11.8 - 11.9 - 12.1,39.0,35.8
202006040706,12.9 - 12.4 - 12.3 - 12.6 - 12.4 - 12.4 - 12.5 - 12.9 - 13.7,37.6,39.1
202006040707,12.3 - 11.7 - 11.9 - 11.6 - 11.8 - 11.8 - 11.8 - 12.2,35.9,35.8
202006040708,12.1 - 10.3 - 11.2 - 11.8 - 11.8 - 12.0,33.6,35.6
202006040709,12.8 - 12.2 - 12.0 - 11.9 - 11.6 - 11.6 - 11.2 - 12.4,37.0,35.2
202006040710,12.7 - 12.0 - 12.9 - 13.0 - 12.1 - 12.1 - 12.4 - 12.2 - 13.0,37.6,37.6
202006040711,13.0 - 12.0 - 13.2 - 12.8 - 13.3 - 12.5 - 11.6 - 11.9 - 11.5 - 11.5 - 12.2,38.2,35.2
202006040712,11.9 - 10.3 - 11.1 - 12.0 - 12.6 - 12.7,33.3,37.3
202006040802,12.7 - 11.2 - 12.3 - 12.7 - 12.4 - 12.6 - 13.0 - 13.4 - 13.2,36.2,39.6
202006040803,12.4 - 11.4 - 11.4 - 11.5 - 11.7 - 12.3,35.2,35.5
202006040804,12.8 - 11.1 - 13.4 - 12.4 - 12.6 - 12.1 - 12.2 - 12.0 - 12.0 - 12.3,37.3,36.3
202006040805,12.5 - 11.7 - 11.9 - 12.0 - 11.9 - 12.0 - 12.0 - 12.0,36.1,36.0
202006040806,12.2 - 11.4 - 12.0 - 12.5 - 12.2 - 12.6,35.6,37.3
202006040807,12.7 - 12.2 - 13.2 - 13.2 - 12.2 - 12.0 - 12.4 - 13.0 - 13.5,38.1,38.9
202006040808,12.1 - 11.2 - 11.8 - 12.1 - 12.1 - 12.9,35.1,37.1
202006040809,12.4 - 11.1 - 12.7 - 12.3 - 13.3 - 12.1 - 11.8 - 11.8 - 11.5 - 12.2,36.2,35.5
202006040810,11.8 - 10.8 - 11.2 - 11.5 - 11.5 - 12.0,33.8,35.0
202006040811,12.4 - 11.2 - 11.5 - 11.5 - 11.5 - 11.8 - 11.5 - 11.9,35.1,35.2
202006040812,11.9 - 10.7 - 11.6 - 12.2 - 12.1 - 12.8,34.2,37.1
202006040901,12.0 - 10.6 - 11.4 - 12.3 - 12.8 - 12.9,34.0,38.0
202006040902,12.3 - 11.4 - 11.5 - 12.3 - 12.2 - 11.9 - 11.9 - 12.4,35.2,36.2
202006040903,12.5 - 11.1 - 11.9 - 11.7 - 11.7 - 11.8,35.5,35.2
202006040904,12.6 - 11.7 - 12.7 - 13.0 - 12.1 - 12.2 - 12.4 - 13.0 - 13.9,37.0,39.3
202006040905,12.6 - 12.9 - 12.6 - 12.8 - 12.3 - 12.3 - 12.0 - 11.8 - 12.1,38.1,35.9
202006040906,12.0 - 10.7 - 11.3 - 12.2 - 12.8 - 13.0,34.0,38.0
202006040907,12.8 - 11.7 - 12.7 - 12.2 - 12.6 - 12.2 - 12.4 - 12.3 - 12.0 - 12.0 - 12.1,37.2,36.1
202006040908,12.5 - 11.0 - 11.7 - 13.4 - 13.6 - 12.7 - 12.8 - 12.5 - 12.9,35.2,38.2
202006040909,12.5 - 11.3 - 11.9 - 12.2 - 12.3 - 11.7 - 11.6 - 11.7,35.7,35.0
202006040910,12.3 - 12.6 - 11.9 - 12.5 - 11.4 - 11.8 - 11.7 - 11.3 - 12.1,36.8,35.1
202006040911,11.9 - 10.1 - 10.8 - 11.5 - 11.9 - 12.1,32.8,35.5
202006040912,11.8 - 10.6 - 11.3 - 12.0 - 11.9 - 12.8,33.7,36.7
202006050101,11.9 - 10.7 - 11.5 - 12.3 - 12.5 - 13.4,34.1,38.2
202006050102,12.9 - 11.6 - 12.6 - 12.8 - 12.7 - 13.1 - 13.5 - 13.6 - 14.1,37.1,41.2
202006050103,12.8 - 11.9 - 12.9 - 13.3 - 13.1 - 12.5 - 11.5 - 11.6 - 11.3 - 12.5,37.6,35.4
202006050104,12.8 - 11.8 - 12.6 - 13.1 - 12.6 - 12.5 - 12.9 - 13.1 - 12.7,37.2,38.7
202006050105,12.1 - 10.8 - 11.7 - 12.1 - 11.6 - 12.3,34.6,36.0
202006050106,12.0 - 10.8 - 11.6 - 12.4 - 12.8 - 13.8,34.4,39.0
202006050107,12.0 - 10.8 - 11.4 - 11.9 - 12.1 - 13.0,34.2,37.0
202006050109,12.9 - 11.8 - 13.1 - 13.2 - 12.5 - 11.9 - 11.7 - 11.7 - 11.4 - 12.0,37.8,35.1
202006050110,12.8 - 12.0 - 12.6 - 12.6 - 12.1 - 12.2 - 12.7 - 12.9 - 13.3,37.4,38.9
202006050111,13.3 - 12.4 - 14.1 - 13.5 - 12.9 - 12.3 - 13.0 - 13.7 - 13.0 - 13.5 - 14.1 - 13.8 - 13.0 - 12.2 - 12.0 - 11.4 - 11.4 - 12.4,39.8,35.2
202006050112,12.4 - 11.8 - 12.0 - 12.2 - 12.1 - 11.8 - 11.4 - 11.9,36.2,35.1
202006050201,11.9 - 10.6 - 11.2 - 12.3 - 12.9 - 14.2,33.7,39.4
202006050202,12.7 - 11.5 - 12.6 - 13.2 - 12.8 - 13.2 - 13.7 - 13.8 - 14.0,36.8,41.5
202006050203,12.0 - 10.8 - 11.3 - 11.9 - 11.6 - 12.3,34.1,35.8
202006050204,12.8 - 12.3 - 13.1 - 13.2 - 11.9 - 12.3 - 12.1 - 11.7 - 12.5,38.2,36.3
202006050205,12.8 - 12.4 - 13.3 - 13.6 - 12.8 - 12.3 - 12.2 - 11.7 - 11.9 - 11.9,38.5,35.5
202006050206,13.3 - 13.0 - 14.3 - 13.6 - 12.5 - 12.4 - 12.5 - 12.7 - 13.1,40.6,38.3
202006050207,11.7 - 10.6 - 11.4 - 12.1 - 12.4 - 13.3,33.7,37.8
202006050208,12.8 - 11.7 - 13.2 - 13.3 - 12.4 - 12.3 - 12.6 - 13.2 - 13.4,37.7,39.2
202006050209,12.7 - 11.6 - 12.6 - 12.7 - 12.5 - 12.9 - 12.7 - 13.1 - 13.7,36.9,39.5
202006050210,12.4 - 11.4 - 11.8 - 11.4 - 11.5 - 11.7 - 11.5 - 12.5,35.6,35.7
202006050211,11.7 - 10.1 - 10.9 - 11.5 - 12.1 - 12.6,32.7,36.2
202006050212,7.0 - 11.8 - 12.3 - 12.9 - 12.9 - 13.4 - 13.4 - 12.9 - 12.5 - 11.7 - 12.0 - 11.9 - 12.6,31.1,36.5
202006050301,12.1 - 10.7 - 11.4 - 12.2 - 12.6 - 13.2,34.2,38.0
202006050302,12.3 - 11.2 - 11.8 - 12.2 - 11.9 - 11.8 - 11.6 - 12.3,35.3,35.7
202006050303,12.9 - 11.8 - 12.3 - 12.3 - 12.0 - 12.2 - 11.9 - 12.0 - 12.8,37.0,36.7
202006050304,12.8 - 11.7 - 13.1 - 13.7 - 12.8 - 12.7 - 12.7 - 13.2 - 13.3,37.6,39.2
202006050305,12.5 - 11.5 - 12.3 - 12.6 - 12.4 - 12.1 - 11.6 - 12.0,36.3,35.7
202006050306,12.1 - 10.9 - 12.0 - 12.4 - 12.5 - 13.1,35.0,38.0
202006050307,12.9 - 12.1 - 12.7 - 12.7 - 12.3 - 12.6 - 13.2 - 12.8 - 13.1,37.7,39.1
202006050308,11.7 - 10.7 - 11.5 - 12.0 - 12.1 - 13.2,33.9,37.3
202006050309,11.8 - 10.7 - 11.1 - 11.4 - 11.6 - 12.3,33.6,35.3
202006050310,11.6 - 10.4 - 11.2 - 12.1 - 12.3 - 13.0,33.2,37.4
202006050311,12.6 - 11.3 - 12.4 - 12.9 - 12.5 - 12.4 - 12.8 - 12.8 - 12.7,36.3,38.3
202006050312,13.2 - 12.6 - 12.4 - 12.5 - 12.0 - 12.0 - 11.5 - 11.2 - 11.9,38.2,34.6
202006050401,11.9 - 10.8 - 11.7 - 12.9 - 12.8 - 13.0,34.4,38.7
202006050402,12.8 - 11.4 - 13.5 - 13.9 - 13.0 - 13.0 - 13.0 - 13.3 - 13.1,37.7,39.4
202006050403,11.7 - 10.8 - 11.7 - 12.5 - 12.7 - 14.0,34.2,39.2
202006050404,12.5 - 11.4 - 12.4 - 12.8 - 12.7 - 12.2 - 11.9 - 12.0 - 11.9 - 12.9,36.3,36.8
202006050405,12.9 - 11.9 - 13.2 - 12.8 - 12.1 - 12.1 - 12.1 - 11.4 - 11.9,38.0,35.4
202006050406,13.0 - 12.5 - 13.5 - 14.1 - 13.3 - 12.7 - 13.1 - 12.7 - 12.8,39.0,38.6
202006050407,12.5 - 11.2 - 12.5 - 13.4 - 12.9 - 12.7 - 12.8 - 13.2 - 12.5,36.2,38.5
202006050408,12.0 - 11.6 - 11.8 - 11.9 - 12.0 - 11.9 - 11.4 - 12.1,35.4,35.4
202006050409,12.7 - 11.5 - 12.6 - 13.4 - 12.9 - 12.5 - 12.8 - 12.8 - 12.8,36.8,38.4
202006050410,12.7 - 11.8 - 12.7 - 12.3 - 12.0 - 12.1 - 11.9 - 11.5 - 12.3,37.2,35.7
202006050411,11.4 - 10.5 - 11.3 - 12.1 - 11.9 - 12.6,33.2,36.6
202006050412,11.8 - 10.9 - 11.4 - 11.7 - 11.6 - 12.0,34.1,35.3
202006050501,11.8 - 10.9 - 11.9 - 12.4 - 12.5 - 13.0,34.6,37.9
202006050502,12.7 - 12.1 - 13.7 - 13.9 - 13.2 - 12.9 - 13.1 - 13.0 - 13.2,38.5,39.3
202006050503,11.9 - 10.6 - 11.5 - 11.8 - 12.2 - 12.3,34.0,36.3
202006050504,13.1 - 11.8 - 13.0 - 13.2 - 12.6 - 12.7 - 13.2 - 13.4 - 14.1,37.9,40.7
202006050505,13.4 - 12.5 - 13.4 - 13.4 - 12.8 - 12.3 - 12.2 - 11.8 - 12.2,39.3,36.2
202006050506,12.8 - 11.4 - 12.0 - 12.6 - 12.7 - 13.2,36.2,38.5
202006050507,12.3 - 11.4 - 12.3 - 12.5 - 12.3 - 12.6 - 11.8 - 12.0,36.0,36.4
202006050508,7.1 - 11.5 - 12.8 - 13.3 - 13.5 - 14.5 - 14.5 - 13.9 - 12.8 - 12.5 - 12.8 - 12.7 - 13.1,31.4,38.6
202006050509,12.2 - 11.6 - 11.8 - 11.8 - 12.5 - 12.4 - 11.7 - 11.8,35.6,35.9
202006050510,12.8 - 12.2 - 13.2 - 13.0 - 12.5 - 12.4 - 12.7 - 12.6 - 12.9,38.2,38.2
202006050511,12.0 - 11.3 - 11.2 - 12.0 - 11.8 - 12.1 - 11.9 - 12.3,34.5,36.3
202006050512,12.9 - 11.4 - 12.8 - 13.4 - 13.2 - 12.5 - 12.2 - 12.1 - 11.8 - 12.2,37.1,36.1
202006050601,11.8 - 10.5 - 11.7 - 12.6 - 12.9 - 13.6,34.0,39.1
202006050602,13.2 - 12.1 - 13.7 - 13.2 - 12.6 - 12.8 - 12.9 - 13.3 - 14.3,39.0,40.5
202006050603,11.9 - 10.9 - 11.5 - 12.9 - 13.0 - 13.4,34.3,39.3
202006050604,12.6 - 11.4 - 12.5 - 12.9 - 12.8 - 12.3 - 12.3 - 12.3 - 12.1 - 12.7,36.5,37.1
202006050605,12.3 - 11.6 - 12.0 - 11.9 - 12.2 - 12.1 - 12.0 - 12.7,35.9,36.8
202006050606,13.1 - 12.5 - 13.3 - 13.8 - 12.6 - 12.6 - 13.3 - 13.6 - 13.4,38.9,40.3
202006050607,11.7 - 10.5 - 11.3 - 12.4 - 12.8 - 13.4,33.5,38.6
202006050608,11.6 - 10.5 - 11.3 - 12.4 - 12.7 - 13.5,33.4,38.6
202006050609,13.0 - 12.0 - 13.6 - 13.1 - 13.2 - 14.0 - 14.0 - 13.2 - 12.7 - 12.8 - 13.0 - 13.3,38.6,39.1
202006050610,11.8 - 10.7 - 11.1 - 11.8 - 11.6 - 12.5,33.6,35.9
202006050611,12.9 - 12.2 - 12.4 - 12.0 - 11.8 - 11.9 - 11.8 - 11.7 - 12.5,37.5,36.0
202006050612,12.2 - 10.9 - 11.5 - 11.9 - 12.0 - 12.3 - 12.4 - 12.7,34.6,37.4
202006050701,11.9 - 10.9 - 11.7 - 12.3 - 12.7 - 13.3,34.5,38.3
202006050702,12.9 - 11.7 - 13.7 - 14.0 - 13.3 - 13.4 - 13.4 - 12.9 - 13.1,38.3,39.4
202006050703,12.5 - 11.6 - 12.5 - 12.8 - 12.6 - 11.9 - 11.9 - 12.6 - 12.1 - 12.5,36.6,37.2
202006050704,12.7 - 12.1 - 13.8 - 13.9 - 13.1 - 13.1 - 12.8 - 12.4 - 12.7,38.6,37.9
202006050705,12.6 - 11.7 - 11.7 - 12.1 - 12.2 - 12.0 - 11.7 - 12.2,36.0,35.9
202006050706,13.0 - 11.5 - 12.9 - 13.7 - 13.2 - 12.9 - 13.2 - 13.5 - 12.8,37.4,39.5
202006050707,12.2 - 11.2 - 12.0 - 12.4 - 12.2 - 12.7,35.4,37.3
202006050708,11.9 - 10.5 - 11.3 - 12.0 - 12.8 - 13.3,33.7,38.1
202006050709,12.7 - 11.8 - 13.0 - 13.1 - 13.2 - 12.7 - 12.0 - 12.3 - 12.3 - 12.1 - 12.4,37.5,36.8
202006050711,12.8 - 11.4 - 13.0 - 12.7 - 12.0 - 11.9 - 12.2 - 12.0 - 12.2 - 12.6,37.2,36.8
202006050712,7.0 - 11.8 - 12.7 - 12.8 - 12.8 - 13.2 - 13.2 - 12.8 - 12.8 - 12.9 - 12.1 - 11.4 - 11.9,31.5,35.4
202006050801,12.1 - 10.9 - 11.6 - 12.4 - 12.7 - 13.6,34.6,38.7
202006050802,13.2 - 11.8 - 12.7 - 13.6 - 12.8 - 13.3 - 12.9 - 12.9 - 13.2,37.7,39.0
202006050803,12.3 - 10.8 - 11.3 - 11.6 - 12.4 - 12.7 - 12.2 - 12.8,34.4,37.7
202006050804,12.1 - 11.4 - 12.2 - 12.9 - 12.4 - 12.7,35.7,38.0
202006050805,13.3 - 12.1 - 13.8 - 12.2 - 12.6 - 12.7 - 12.8 - 12.6 - 11.9 - 12.3,39.2,36.8
202006050806,11.8 - 10.6 - 11.4 - 12.0 - 12.3 - 13.6,33.8,37.9
202006050807,12.8 - 12.1 - 12.7 - 12.9 - 12.6 - 12.5 - 12.8 - 12.5 - 13.2,37.6,38.5
202006050808,7.0 - 11.7 - 11.8 - 12.7 - 12.8 - 13.1 - 13.2 - 12.7 - 12.1 - 12.0 - 12.2 - 11.9 - 12.5,30.5,36.6
202006050809,12.8 - 12.5 - 13.8 - 13.7 - 12.6 - 12.2 - 12.5 - 12.1 - 13.0,39.1,37.6
202006050810,11.8 - 10.6 - 11.2 - 12.1 - 12.3 - 12.8,33.6,37.2
202006050811,6.8 - 11.8 - 12.2 - 12.5 - 12.5 - 12.8 - 12.9 - 12.8 - 11.8 - 12.3 - 12.1 - 11.9 - 12.6,30.8,36.6
202006050812,11.9 - 10.6 - 11.3 - 11.7 - 11.9 - 12.3,33.8,35.9
202007010101,12.2 - 11.2 - 11.8 - 12.8 - 13.2 - 12.3 - 13.0,35.2,38.5
202007010102,7.4 - 11.4 - 11.8 - 14.1 - 13.5 - 13.0 - 13.2 - 13.0 - 12.3 - 13.1,30.6,38.4
202007010103,12.3 - 10.3 - 11.3 - 11.2 - 11.5 - 12.3,33.9,35.0
202007010104,12.7 - 11.0 - 12.8 - 13.0 - 12.6 - 12.2 - 12.1 - 12.1 - 11.5 - 11.8,36.5,35.4
202007010105,12.2 - 11.2 - 11.5 - 12.4 - 12.7 - 12.4 - 13.3,34.9,38.4
202007010106,12.4 - 11.4 - 12.3 - 12.0 - 11.8 - 11.3 - 11.4 - 12.2,36.1,34.9
202007010107,13.4 - 12.1 - 14.3 - 13.5 - 12.2 - 12.7 - 13.0 - 11.4 - 11.8,39.8,36.2
202007010108,12.6 - 10.6 - 11.5 - 12.4 - 12.1 - 12.7,34.7,37.2
202007010109,7.5 - 12.3 - 13.1 - 14.1 - 12.7 - 12.6 - 12.0 - 12.6 - 11.7 - 12.3,32.9,36.6
202007010110,12.3 - 10.9 - 11.6 - 12.2 - 12.6 - 12.2 - 12.8,34.8,37.6
202007010111,12.8 - 10.9 - 12.6 - 12.3 - 12.2 - 11.9 - 11.7 - 11.6 - 11.5 - 12.3,36.3,35.4
202007010112,12.5 - 11.1 - 11.3 - 11.6 - 11.5 - 11.6 - 12.0,34.9,35.1
202007010201,12.6 - 11.5 - 13.1 - 13.0 - 12.3 - 12.4 - 13.1 - 12.7 - 13.0,37.2,38.8
202007010202,12.9 - 11.2 - 12.7 - 12.7 - 12.7 - 12.0 - 11.7 - 11.8 - 11.9 - 12.3,36.8,36.0
202007010203,12.6 - 10.7 - 11.4 - 12.3 - 11.5 - 12.5,34.7,36.3
202007010206,13.1 - 11.4 - 13.8 - 13.5 - 12.5 - 12.6 - 12.7 - 12.3 - 12.9,38.3,37.9
202007010207,13.0 - 11.4 - 13.1 - 13.1 - 13.3 - 12.5 - 12.4 - 11.9 - 11.0 - 11.5,37.5,34.4
202007010208,12.9 - 11.4 - 13.1 - 13.0 - 11.8 - 12.3 - 12.5 - 12.2 - 13.0,37.4,37.7
202007010209,12.1 - 11.0 - 11.6 - 12.0 - 12.3 - 12.2 - 13.1,34.7,37.6
202007010210,12.7 - 11.2 - 12.0 - 13.4 - 13.1 - 12.5 - 12.4 - 12.1 - 11.9 - 11.5 - 12.0,35.9,35.4
202007010211,12.3 - 10.7 - 11.1 - 11.2 - 11.4 - 11.5,34.1,34.1
202007010212,7.4 - 11.0 - 11.5 - 13.3 - 12.7 - 12.1 - 12.0 - 12.7 - 12.2 - 13.5,29.9,38.4
202007010301,13.3 - 12.2 - 13.6 - 12.8 - 12.0 - 12.4 - 12.8 - 12.5 - 13.1,39.1,38.4
202007010302,12.1 - 11.0 - 11.2 - 12.0 - 12.5 - 13.2 - 14.0,34.3,39.7
202007010303,12.4 - 10.7 - 11.5 - 12.4 - 12.4 - 13.2,34.6,38.0
202007010306,7.3 - 11.1 - 11.6 - 14.4 - 13.6 - 12.3 - 12.7 - 13.1 - 12.8 - 13.6,30.0,39.5
202007010307,13.1 - 12.1 - 13.5 - 13.2 - 12.9 - 12.3 - 12.1 - 11.3 - 11.4 - 12.1,38.7,34.8
202007010308,12.3 - 10.6 - 11.1 - 12.0 - 12.7 - 12.4 - 13.4,34.0,38.5
202007010309,12.9 - 11.9 - 13.9 - 12.8 - 11.8 - 12.1 - 12.6 - 12.9 - 13.6,38.7,39.1
202007010310,12.7 - 11.1 - 11.5 - 11.8 - 11.9 - 11.7 - 11.6 - 12.2,35.3,35.5
202007010311,12.2 - 10.9 - 11.4 - 11.5 - 10.9 - 11.6,34.5,34.0
202007010312,12.9 - 10.7 - 11.2 - 11.0 - 11.2 - 11.8 - 12.4 - 12.4,34.8,36.6
202007010401,12.6 - 10.8 - 13.6 - 13.5 - 12.5 - 12.4 - 12.3 - 12.0 - 13.3,37.0,37.6
202007010402,12.5 - 11.3 - 11.8 - 12.2 - 12.3 - 11.8 - 12.5,35.6,36.6
202007010403,12.6 - 10.7 - 11.7 - 12.1 - 11.8 - 13.0,35.0,36.9
202007010405,12.8 - 11.7 - 11.6 - 14.0 - 14.0 - 13.5 - 12.7 - 12.8 - 12.8 - 12.8 - 13.0,36.1,38.6
202007010406,12.5 - 10.9 - 11.9 - 12.0 - 11.8 - 12.2,35.3,36.0
202007010407,13.0 - 11.5 - 13.3 - 12.7 - 12.3 - 12.6 - 12.4 - 12.2 - 12.1,37.8,36.7
202007010408,13.7 - 12.1 - 13.0 - 13.0 - 13.3 - 12.9 - 12.6 - 12.3 - 12.6 - 13.9,38.8,38.8
202007010409,12.2 - 11.3 - 11.7 - 11.7 - 12.3 - 12.9,35.2,36.9
202007010410,12.3 - 11.0 - 11.3 - 11.9 - 12.3 - 12.3 - 12.7,34.6,37.3
202007010411,12.7 - 11.9 - 11.9 - 12.6 - 12.8 - 12.4 - 11.9 - 12.4,36.5,36.7
202007010412,12.6 - 10.9 - 11.6 - 12.1 - 11.5 - 12.2,35.1,35.8
202007010501,12.7 - 11.4 - 14.2 - 13.6 - 12.7 - 13.0 - 13.0 - 12.2 - 12.5,38.3,37.7
202007010502,12.7 - 10.7 - 11.4 - 12.2 - 12.0 - 13.4,34.8,37.6
202007010503,7.4 - 11.4 - 11.9 - 13.5 - 13.0 - 12.4 - 12.6 - 13.3 - 12.8 - 13.3,30.7,39.4
202007010504,12.4 - 11.5 - 11.8 - 11.8 - 11.2 - 12.0,35.7,35.0
202007010505,12.4 - 10.9 - 11.2 - 12.2 - 12.5 - 12.0 - 12.8,34.5,37.3
202007010506,12.7 - 11.6 - 13.2 - 13.3 - 13.0 - 12.5 - 12.2 - 12.3 - 11.6 - 12.2,37.5,36.1
202007010507,12.5 - 11.0 - 11.5 - 12.1 - 11.7 - 12.4,35.0,36.2
202007010508,12.5 - 11.8 - 12.1 - 12.2 - 12.6 - 11.3 - 11.4 - 12.4,36.4,35.1
202007010509,12.9 - 11.0 - 13.2 - 13.0 - 11.7 - 12.2 - 12.7 - 12.6 - 13.6,37.1,38.9
202007010510,13.2 - 12.0 - 13.2 - 12.9 - 12.7 - 13.0 - 12.7 - 11.6 - 11.3 - 12.0,38.4,34.9
202007010511,12.1 - 10.7 - 11.0 - 11.7 - 12.1 - 11.5 - 12.2,33.8,35.8
202007010512,12.5 - 11.0 - 13.6 - 12.9 - 12.8 - 12.5 - 12.4 - 11.7 - 12.8,37.1,36.9
202007010601,12.3 - 11.0 - 11.9 - 12.5 - 13.1 - 12.3 - 12.8,35.2,38.2
202007010602,13.0 - 11.6 - 13.9 - 12.7 - 12.4 - 12.6 - 13.1 - 12.6 - 13.3,38.5,39.0
202007010603,12.6 - 10.9 - 11.5 - 12.3 - 12.5 - 12.6,35.0,37.4
202007010604,12.7 - 11.2 - 11.5 - 11.6 - 11.5 - 11.6 - 11.7 - 12.5,35.4,35.8
202007010605,13.1 - 11.6 - 12.9 - 13.1 - 12.7 - 12.4 - 12.0 - 12.1 - 11.7 - 12.1,37.6,35.9
202007010606,12.3 - 10.7 - 11.5 - 11.9 - 12.5 - 12.4 - 13.0,34.5,37.9
202007010607,12.5 - 11.5 - 11.9 - 13.1 - 13.2 - 12.7 - 12.2 - 11.8 - 11.7 - 11.7 - 12.3,35.9,35.7
202007010608,7.4 - 11.3 - 11.4 - 13.3 - 13.2 - 12.8 - 12.4 - 12.8 - 12.8 - 13.2,30.1,38.8
202007010609,12.5 - 11.2 - 11.4 - 11.4 - 11.3 - 11.7 - 12.0,35.1,35.0
202007010610,12.9 - 11.5 - 13.5 - 13.3 - 12.5 - 12.4 - 12.5 - 12.3 - 13.1,37.9,37.9
202007010611,12.9 - 11.8 - 13.2 - 13.0 - 12.7 - 12.4 - 11.8 - 11.2 - 11.1 - 11.5,37.9,33.8
202007010612,12.5 - 11.6 - 11.7 - 11.8 - 11.7 - 11.3 - 11.4 - 11.9,35.8,34.6
202007010701,13.2 - 11.2 - 13.5 - 13.5 - 12.4 - 12.5 - 13.3 - 13.0 - 12.9,37.9,39.2
202007010702,12.5 - 11.6 - 11.5 - 11.6 - 11.9 - 11.7 - 11.4 - 12.0,35.6,35.1
202007010703,12.6 - 10.9 - 11.5 - 12.2 - 12.1 - 13.6,35.0,37.9
202007010706,7.5 - 11.2 - 11.7 - 13.7 - 13.3 - 12.9 - 13.0 - 13.0 - 12.4 - 12.9,30.4,38.3
202007010707,12.4 - 11.3 - 12.1 - 12.5 - 12.5 - 11.8 - 12.2,35.8,36.5
202007010708,12.9 - 10.9 - 12.7 - 13.1 - 13.1 - 12.5 - 12.3 - 11.8 - 11.2 - 12.0,36.5,35.0
202007010709,13.2 - 12.1 - 13.6 - 13.2 - 13.0 - 12.4 - 12.5 - 11.8 - 12.4,38.9,36.7
202007010710,13.2 - 12.3 - 12.5 - 13.1 - 13.1 - 12.6 - 12.4 - 12.2 - 11.6 - 11.0 - 11.6,38.0,34.2
202007010711,12.4 - 11.5 - 11.9 - 11.8 - 11.8 - 11.5 - 12.2,35.8,35.5
202007010712,12.2 - 10.9 - 11.2 - 11.4 - 11.5 - 11.7 - 11.9,34.3,35.1
202007010801,12.5 - 11.0 - 11.1 - 12.3 - 13.3 - 12.1 - 12.4,34.6,37.8
202007010802,12.7 - 11.4 - 12.8 - 13.3 - 12.9 - 13.0 - 13.1 - 11.7 - 12.1,36.9,36.9
202007010803,12.6 - 11.2 - 11.2 - 12.2 - 12.2 - 11.8 - 12.5,35.0,36.5
202007010804,13.0 - 11.9 - 12.3 - 13.6 - 13.6 - 12.7 - 12.3 - 12.5 - 12.3 - 12.1 - 12.3,37.2,36.7
202007010805,12.4 - 10.5 - 11.1 - 11.9 - 11.7 - 12.9,34.0,36.5
202007010806,12.8 - 11.0 - 12.7 - 12.4 - 12.1 - 12.3 - 12.7 - 12.1 - 12.6,36.5,37.4
202007010807,12.2 - 10.7 - 11.2 - 11.5 - 11.8 - 12.0,34.1,35.3
202007010808,12.5 - 11.9 - 12.4 - 12.0 - 12.1 - 11.6 - 11.6 - 12.6,36.8,35.8
202007010809,12.9 - 11.6 - 12.3 - 13.0 - 13.3 - 13.1 - 12.8 - 12.6 - 12.2 - 11.6 - 12.1,36.8,35.9
202007010810,12.4 - 10.5 - 12.7 - 12.5 - 12.3 - 12.3 - 12.2 - 11.7 - 12.3,35.6,36.2
202007010811,12.1 - 10.8 - 11.3 - 11.4 - 11.2 - 11.9,34.2,34.5
202007010812,12.3 - 10.8 - 10.8 - 11.3 - 12.2 - 11.9 - 12.6,33.9,36.7
202007020101,12.4 - 10.6 - 11.3 - 11.6 - 11.8 - 11.8 - 12.3,34.3,35.9
202007020102,12.2 - 10.8 - 11.5 - 12.3 - 12.6 - 12.5 - 12.8,34.5,37.9
202007020103,13.1 - 10.6 - 12.8 - 13.7 - 12.7 - 12.3 - 12.2 - 11.5 - 11.4 - 12.3,36.5,35.2
202007020104,12.6 - 11.7 - 12.2 - 12.1 - 12.0 - 11.8 - 11.5 - 11.6,36.5,34.9
202007020105,12.4 - 10.5 - 11.5 - 12.1 - 11.9 - 11.3 - 11.8,34.4,35.0
202007020106,12.2 - 10.8 - 11.3 - 11.9 - 12.3 - 12.3 - 13.0,34.3,37.6
202007020107,7.3 - 11.4 - 11.5 - 12.3 - 12.3 - 12.3 - 12.6 - 13.1 - 12.9 - 13.0,30.2,39.0
202007020108,12.9 - 11.8 - 13.0 - 13.1 - 12.5 - 11.7 - 11.5 - 11.3 - 11.1 - 12.1,37.7,34.5
202007020109,12.2 - 10.5 - 11.5 - 11.9 - 12.2 - 12.8,34.2,36.9
202007020110,13.1 - 11.2 - 12.8 - 12.8 - 12.4 - 12.3 - 12.3 - 12.0 - 12.2,37.1,36.5
202007020111,12.1 - 10.9 - 11.0 - 11.6 - 12.1 - 11.7 - 12.6,34.0,36.4
202007020112,12.8 - 11.3 - 11.5 - 12.2 - 11.8 - 11.6 - 11.4 - 12.0,35.6,35.0
202007020202,12.9 - 11.5 - 13.6 - 13.4 - 12.6 - 12.6 - 12.9 - 12.0 - 12.9,38.0,37.8
202007020203,12.8 - 11.1 - 12.0 - 12.5 - 12.2 - 11.9 - 11.7 - 12.0,35.9,35.6
202007020204,12.2 - 11.5 - 11.9 - 12.6 - 12.4 - 12.2 - 13.3,35.6,37.9
202007020205,13.1 - 11.5 - 12.6 - 12.5 - 12.7 - 12.7 - 12.6 - 12.1 - 11.6 - 12.2,37.2,35.9
202007020206,12.2 - 10.7 - 11.5 - 12.0 - 12.5 - 12.0 - 12.8,34.4,37.3
202007020207,13.0 - 11.8 - 12.9 - 12.9 - 12.7 - 12.3 - 12.2 - 11.6 - 11.4 - 11.8,37.7,34.8
202007020208,13.1 - 11.4 - 12.6 - 12.4 - 12.3 - 12.6 - 12.4 - 12.2 - 12.9,37.1,37.5
202007020209,12.4 - 11.3 - 11.1 - 11.3 - 11.4 - 11.3 - 12.0,34.8,34.7
202007020210,13.0 - 11.1 - 12.0 - 13.8 - 13.4 - 13.0 - 12.6 - 12.2 - 11.9 - 11.1 - 11.6,36.1,34.6
202007020211,11.8 - 10.3 - 10.9 - 11.4 - 11.6 - 11.9,33.0,34.9
202007020212,12.4 - 11.0 - 11.4 - 11.8 - 12.1 - 11.9 - 12.8,34.8,36.8
202007020301,12.4 - 11.0 - 11.4 - 12.2 - 12.4 - 12.4 - 13.4,34.8,38.2
202007020302,13.2 - 11.3 - 13.3 - 13.2 - 12.8 - 13.0 - 13.1 - 13.1 - 13.7,37.8,39.9
202007020303,12.7 - 10.5 - 10.8 - 11.3 - 11.9 - 11.8 - 11.7 - 12.4,34.0,35.9
202007020304,13.4 - 12.5 - 14.1 - 13.9 - 13.4 - 13.2 - 13.1 - 12.0 - 11.8,40.0,36.9
202007020305,12.6 - 11.0 - 11.8 - 11.5 - 11.2 - 11.8,35.4,34.5
202007020306,12.9 - 11.2 - 12.8 - 12.9 - 12.0 - 12.3 - 12.3 - 11.6 - 11.1 - 11.6,36.9,34.3
202007020307,12.8 - 11.4 - 12.5 - 12.0 - 11.4 - 12.3 - 13.3 - 13.4 - 13.8,36.7,40.5
202007020309,12.7 - 11.7 - 12.1 - 12.3 - 12.5 - 11.6 - 10.9 - 11.6,36.5,34.1
202007020310,12.2 - 10.6 - 11.4 - 12.0 - 12.3 - 13.3,34.2,37.6
202007020311,12.7 - 11.0 - 12.2 - 12.3 - 11.4 - 11.0 - 11.8 - 12.0 - 12.0 - 12.3,35.9,36.3
202007020312,12.3 - 11.1 - 11.5 - 12.3 - 12.8 - 12.2 - 12.6,34.9,37.6
202007020402,12.7 - 11.0 - 11.9 - 12.5 - 12.4 - 12.5,35.6,37.4
202007020403,12.6 - 10.7 - 11.6 - 11.6 - 11.3 - 12.2,34.9,35.1
202007020404,12.9 - 11.4 - 13.7 - 12.8 - 12.7 - 12.5 - 12.3 - 11.8 - 12.1,38.0,36.2
202007020405,12.8 - 11.0 - 12.7 - 13.0 - 13.1 - 13.1 - 12.5 - 11.8 - 11.1 - 11.5,36.5,34.4
202007020406,12.5 - 10.7 - 11.6 - 12.3 - 11.8 - 12.7,34.8,36.8
202007020407,12.5 - 10.9 - 11.6 - 11.8 - 11.6 - 11.6 - 11.4 - 12.1,35.0,35.1
202007020408,7.4 - 11.0 - 11.3 - 13.1 - 13.2 - 12.9 - 12.4 - 12.8 - 12.9 - 12.8,29.7,38.5
202007020409,12.6 - 10.8 - 11.2 - 12.8 - 13.3 - 12.3 - 11.9 - 12.4 - 11.6 - 11.0 - 12.0,34.6,34.6
202007020410,12.4 - 10.7 - 11.1 - 11.8 - 11.8 - 11.7 - 11.4 - 11.9,34.2,35.0
202007020411,12.6 - 10.8 - 12.3 - 12.7 - 12.5 - 12.4 - 12.1 - 11.6 - 11.3 - 11.6,35.7,34.5
202007020412,12.9 - 11.2 - 12.3 - 12.4 - 12.4 - 12.4 - 12.6 - 12.3 - 12.8,36.4,37.7
202007020501,12.1 - 11.1 - 11.4 - 12.5 - 12.8 - 12.2 - 13.4,34.6,38.4
202007020502,12.9 - 10.8 - 12.4 - 12.9 - 12.7 - 13.1 - 13.0 - 13.4 - 13.2,36.1,39.6
202007020503,12.8 - 10.7 - 12.5 - 12.9 - 12.5 - 12.3 - 12.1 - 11.8 - 11.6 - 12.0,36.0,35.4
202007020504,12.7 - 11.0 - 12.0 - 12.2 - 12.1 - 12.2,35.7,36.5
202007020505,12.7 - 10.9 - 11.4 - 11.7 - 12.1 - 12.3 - 11.5 - 11.8,35.0,35.6
202007020506,12.5 - 10.7 - 11.6 - 12.3 - 12.0 - 12.2,34.8,36.5
202007020507,12.7 - 11.3 - 12.9 - 12.5 - 12.1 - 12.4 - 12.8 - 12.9 - 13.4,36.9,39.1
202007020508,12.5 - 10.7 - 11.1 - 12.6 - 12.5 - 12.1 - 12.9,34.3,37.5
202007020509,12.9 - 11.6 - 11.7 - 12.9 - 13.1 - 12.5 - 12.3 - 11.8 - 11.4 - 11.3 - 11.8,36.2,34.5
202007020510,12.4 - 11.2 - 11.8 - 11.5 - 11.5 - 11.4 - 11.4 - 12.1,35.4,34.9
202007020511,12.8 - 10.7 - 12.4 - 12.2 - 11.8 - 12.3 - 13.0 - 13.1 - 13.0,35.9,39.1
202007020512,12.2 - 10.8 - 11.5 - 11.5 - 11.0 - 11.7,34.5,34.2
202007020601,12.7 - 10.7 - 11.6 - 12.2 - 12.0 - 13.3,35.0,37.5
202007020602,12.4 - 10.9 - 11.7 - 12.0 - 11.8 - 11.7 - 11.6 - 11.9,35.0,35.2
202007020603,12.6 - 11.1 - 12.0 - 12.7 - 12.8 - 12.5 - 12.1 - 11.7 - 11.7 - 12.3,35.7,35.7
202007020604,12.5 - 11.3 - 11.9 - 12.4 - 12.4 - 12.1 - 13.0,35.7,37.5
202007020605,12.6 - 11.6 - 12.0 - 12.1 - 12.0 - 11.4 - 11.7,36.2,35.1
202007020606,13.1 - 11.7 - 13.8 - 13.0 - 12.1 - 12.4 - 12.6 - 12.3 - 12.9,38.6,37.8
202007020607,12.5 - 10.8 - 11.1 - 11.9 - 12.4 - 12.2 - 12.8,34.4,37.4
202007020608,12.3 - 10.4 - 11.1 - 11.7 - 11.6 - 11.6 - 11.8,33.8,35.0
202007020609,12.3 - 11.0 - 11.7 - 12.0 - 12.3 - 11.7 - 12.6,35.0,36.6
202007020610,12.9 - 11.9 - 12.5 - 12.4 - 12.1 - 11.8 - 11.6 - 11.5 - 11.6 - 11.7,37.3,34.8
202007020611,12.1 - 10.2 - 10.9 - 11.3 - 11.7 - 11.9,33.2,34.9
202007020612,12.9 - 11.2 - 12.5 - 12.3 - 12.0 - 12.2 - 12.8 - 12.9 - 13.0,36.6,38.7
202007020702,12.8 - 11.1 - 12.9 - 13.0 - 12.5 - 13.0 - 13.4 - 13.4 - 13.8,36.8,40.6
202007020703,12.3 - 10.5 - 11.3 - 12.0 - 11.9 - 11.8 - 12.5,34.1,36.2
202007020704,12.3 - 10.6 - 11.1 - 11.5 - 11.8 - 12.5 - 12.8,34.0,37.1
202007020705,13.1 - 11.9 - 13.1 - 12.8 - 12.5 - 12.0 - 11.6 - 11.6 - 11.5 - 12.5,38.1,35.6
202007020706,7.3 - 11.2 - 11.8 - 13.3 - 12.8 - 12.2 - 12.4 - 12.8 - 12.8 - 13.5,30.3,39.1
202007020707,12.4 - 10.5 - 11.7 - 12.0 - 12.5 - 12.9,34.6,37.4
202007020708,12.7 - 10.8 - 12.0 - 12.1 - 12.0 - 12.1 - 12.5 - 12.2 - 12.0 - 12.2,35.5,36.4
202007020709,12.6 - 10.7 - 11.5 - 11.6 - 11.2 - 11.7,34.8,34.5
202007020710,12.3 - 10.8 - 11.3 - 11.9 - 12.2 - 12.0 - 12.5,34.4,36.7
202007020711,12.6 - 10.9 - 11.5 - 12.4 - 12.5 - 12.3 - 12.1 - 12.0 - 12.2 - 11.8 - 12.2,35.0,36.2
202007020712,12.6 - 10.8 - 11.1 - 12.1 - 12.8 - 12.3 - 12.7,34.5,37.8
202007020801,12.2 - 10.9 - 11.7 - 12.3 - 12.4 - 12.3 - 13.5,34.8,38.2
202007020802,12.8 - 11.2 - 11.4 - 11.5 - 11.7 - 11.7 - 11.8 - 12.2,35.4,35.7
202007020803,12.5 - 10.8 - 11.7 - 12.4 - 11.7 - 12.1,35.0,36.2
202007020804,13.0 - 11.2 - 13.5 - 13.3 - 12.6 - 12.7 - 12.6 - 12.2 - 12.8,37.7,37.6
202007020805,12.8 - 11.3 - 12.3 - 12.7 - 12.6 - 12.0 - 12.0 - 11.3 - 11.6 - 12.0,36.4,34.9
202007020806,13.2 - 11.6 - 13.0 - 12.8 - 12.3 - 12.7 - 12.3 - 12.0 - 12.4,37.8,36.7
202007020807,12.4 - 11.1 - 11.3 - 11.9 - 12.0 - 11.6 - 11.4 - 12.0,34.8,35.0
202007020808,7.2 - 11.5 - 11.4 - 12.9 - 12.8 - 12.3 - 12.4 - 12.7 - 12.4 - 12.9,30.1,38.0
202007020809,12.3 - 10.8 - 11.1 - 11.7 - 11.6 - 11.6 - 12.0,34.2,35.2
202007020810,13.1 - 11.7 - 12.7 - 12.7 - 12.5 - 12.3 - 11.9 - 11.3 - 11.4 - 11.8,37.5,34.5
202007020811,7.2 - 11.0 - 10.9 - 13.1 - 12.8 - 12.4 - 13.0 - 12.7 - 12.3 - 12.4,29.1,37.4
202007020812,12.3 - 10.4 - 10.7 - 11.5 - 12.0 - 11.7 - 11.9,33.4,35.6
202007020902,12.7 - 11.1 - 13.2 - 13.0 - 12.6 - 12.7 - 12.6 - 12.4 - 13.2,37.0,38.2
202007020903,12.4 - 10.6 - 11.5 - 11.9 - 11.2 - 11.6,34.5,34.7
202007020904,12.8 - 11.1 - 12.7 - 12.8 - 12.7 - 12.3 - 11.9 - 12.0 - 11.4 - 11.9,36.6,35.3
202007020905,12.5 - 11.0 - 12.0 - 12.5 - 12.5 - 11.9 - 11.6 - 12.2,35.5,35.7
202007020906,13.1 - 11.0 - 12.8 - 12.5 - 12.2 - 12.1 - 12.4 - 13.3 - 13.2,36.9,38.9
202007020907,12.9 - 11.8 - 12.3 - 13.2 - 13.0 - 12.6 - 12.2 - 12.0 - 11.6 - 11.3 - 11.9,37.0,34.8
202007020908,12.2 - 10.8 - 11.6 - 12.2 - 12.4 - 12.2 - 13.1,34.6,37.7
202007020909,12.9 - 11.3 - 12.7 - 12.5 - 12.0 - 12.0 - 11.9 - 11.7 - 11.3 - 12.2,36.9,35.2
202007020910,7.2 - 11.5 - 11.3 - 12.6 - 12.8 - 12.2 - 12.1 - 12.5 - 12.0 - 12.1,30.0,36.6
202007020911,12.0 - 10.5 - 11.6 - 11.9 - 11.9 - 11.7 - 11.5 - 11.9,34.1,35.1
202007020912,12.3 - 10.8 - 11.5 - 11.7 - 11.8 - 12.5,34.6,36.0
202007030101,12.8 - 11.3 - 13.1 - 13.4 - 12.9 - 13.4 - 13.2 - 12.5 - 13.3,37.2,39.0
202007030102,12.2 - 11.0 - 11.9 - 12.3 - 12.8 - 12.6 - 13.4,35.1,38.8
202007030103,7.1 - 11.8 - 12.1 - 12.9 - 12.9 - 12.4 - 12.6 - 13.0 - 12.5 - 12.7,31.0,38.2
202007030104,12.8 - 11.2 - 11.9 - 11.8 - 12.0 - 12.1 - 11.3 - 11.6,35.9,35.0
202007030105,12.4 - 10.9 - 11.8 - 12.4 - 12.0 - 13.0,35.1,37.4
202007030106,12.1 - 10.7 - 11.4 - 11.9 - 11.5 - 11.2 - 11.8,34.2,34.5
202007030107,13.0 - 12.3 - 13.6 - 13.4 - 12.9 - 12.4 - 12.4 - 12.2 - 12.8,38.9,37.4
202007030108,12.3 - 10.7 - 11.2 - 12.0 - 12.8 - 12.7 - 12.9,34.2,38.4
202007030109,12.3 - 11.2 - 11.3 - 11.7 - 12.0 - 11.8 - 11.2 - 11.8,34.8,34.8
202007030110,12.6 - 11.5 - 13.2 - 13.0 - 12.4 - 12.3 - 12.5 - 12.6 - 13.6,37.3,38.7
202007030111,12.2 - 10.2 - 11.0 - 11.3 - 11.1 - 11.9,33.4,34.3
202007030112,12.8 - 10.7 - 12.3 - 12.6 - 12.3 - 11.9 - 11.9 - 11.8 - 11.6 - 11.9,35.8,35.3
202007030201,13.1 - 11.5 - 13.5 - 13.1 - 12.7 - 12.7 - 13.0 - 12.7 - 12.6,38.1,38.3
202007030202,12.7 - 11.4 - 12.1 - 12.3 - 11.6 - 12.1,36.2,36.0
202007030203,13.0 - 11.6 - 13.5 - 13.1 - 12.7 - 12.7 - 12.8 - 12.5 - 12.4,38.1,37.7
202007030204,12.1 - 10.4 - 10.8 - 11.5 - 11.6 - 12.1,33.3,35.2
202007030205,12.2 - 10.5 - 11.0 - 11.6 - 12.1 - 11.5 - 12.0,33.7,35.6
202007030206,13.1 - 11.5 - 12.9 - 12.6 - 12.3 - 12.5 - 12.7 - 12.4 - 12.5,37.5,37.6
202007030207,12.4 - 11.1 - 11.4 - 12.7 - 12.9 - 12.3 - 12.0 - 11.8 - 11.7 - 11.7 - 11.9,34.9,35.3
202007030208,12.1 - 11.3 - 11.7 - 11.9 - 12.2 - 12.4 - 13.1,35.1,37.7
202007030209,12.6 - 11.9 - 11.9 - 11.7 - 12.0 - 11.5 - 11.0 - 11.5,36.4,34.0
202007030210,12.2 - 10.6 - 11.1 - 11.2 - 11.1 - 11.9,33.9,34.2
202007030211,12.7 - 11.1 - 12.7 - 12.0 - 11.8 - 12.0 - 12.1 - 12.0 - 12.9,36.5,37.0
202007030212,12.3 - 11.2 - 11.5 - 12.2 - 12.6 - 11.9 - 12.5,35.0,37.0
202007030301,12.6 - 10.9 - 12.1 - 12.5 - 12.0 - 13.2,35.6,37.7
202007030302,13.0 - 11.6 - 13.2 - 13.0 - 12.6 - 12.7 - 12.8 - 12.0 - 12.8,37.8,37.6
202007030303,12.5 - 11.2 - 11.7 - 12.0 - 11.8 - 12.5,35.4,36.3
202007030306,13.0 - 11.2 - 12.7 - 12.8 - 12.9 - 12.8 - 12.9 - 12.3 - 12.7,36.9,37.9
202007030307,12.9 - 11.0 - 12.5 - 12.4 - 12.3 - 12.3 - 12.5 - 12.1 - 11.5 - 12.3,36.4,35.9
202007030308,12.3 - 11.2 - 11.9 - 12.3 - 12.5 - 12.1 - 12.4,35.4,37.0
202007030309,12.0 - 10.4 - 11.0 - 11.8 - 11.6 - 11.3 - 12.2,33.4,35.1
202007030310,7.1 - 11.3 - 11.4 - 12.9 - 12.5 - 12.3 - 12.5 - 12.9 - 12.4 - 13.4,29.8,38.7
202007030311,12.6 - 11.1 - 12.7 - 12.7 - 12.4 - 12.3 - 11.9 - 11.5 - 11.1 - 11.8,36.4,34.4
202007030312,12.7 - 10.9 - 11.2 - 11.8 - 11.9 - 11.6 - 11.9 - 12.2,34.8,35.7
202007030401,12.8 - 11.4 - 13.5 - 13.4 - 12.8 - 12.7 - 13.0 - 12.4 - 13.0,37.7,38.4
202007030402,12.3 - 11.5 - 11.6 - 12.3 - 12.6 - 11.7 - 12.9,35.4,37.2
202007030403,12.5 - 11.0 - 11.6 - 12.2 - 12.2 - 12.9,35.1,37.3
202007030405,12.8 - 11.0 - 12.4 - 12.4 - 13.0 - 12.6 - 12.4 - 12.2 - 11.8 - 12.5,36.2,36.5
202007030406,12.4 - 11.2 - 11.6 - 11.6 - 11.9 - 11.9 - 11.7 - 12.4,35.2,36.0
202007030407,7.1 - 11.7 - 11.8 - 13.6 - 13.7 - 13.3 - 13.1 - 13.2 - 11.8 - 12.6,30.6,37.6
202007030408,12.6 - 11.2 - 12.7 - 12.5 - 12.1 - 12.7 - 12.3 - 12.1 - 11.4 - 12.4,36.5,35.9
202007030409,13.0 - 11.7 - 13.6 - 13.3 - 12.7 - 12.2 - 12.7 - 12.4 - 13.2,38.3,38.3
202007030410,12.7 - 10.9 - 11.8 - 12.1 - 11.3 - 11.2 - 12.0,35.4,34.5
202007030411,12.0 - 10.7 - 11.0 - 11.4 - 11.4 - 11.4 - 12.4,33.7,35.2
202007030412,12.6 - 10.5 - 12.4 - 12.1 - 11.9 - 12.3 - 12.4 - 11.8 - 12.1 - 12.3,35.5,36.2
202007030501,12.7 - 11.7 - 13.9 - 13.3 - 12.8 - 12.7 - 12.7 - 12.1 - 12.8,38.3,37.6
202007030502,13.0 - 11.9 - 14.4 - 13.5 - 12.5 - 12.4 - 12.5 - 12.1 - 12.5,39.3,37.1
202007030503,12.5 - 11.3 - 11.7 - 12.2 - 11.8 - 12.7,35.5,36.7
202007030506,12.6 - 11.3 - 13.3 - 12.8 - 12.5 - 12.6 - 13.2 - 12.1 - 12.8,37.2,38.1
202007030507,12.8 - 11.3 - 12.1 - 12.3 - 12.3 - 12.1 - 12.7 - 12.3 - 11.5 - 12.0,36.2,35.8
202007030508,12.2 - 11.3 - 12.2 - 12.5 - 12.5 - 11.5 - 13.0,35.7,37.0
202007030509,12.4 - 11.2 - 12.0 - 13.3 - 13.4 - 12.3 - 11.8 - 12.3 - 11.8 - 11.7 - 12.6,35.6,36.1
202007030510,12.4 - 10.4 - 11.3 - 11.9 - 11.5 - 12.0,34.1,35.4
202007030511,12.6 - 11.3 - 11.4 - 11.7 - 11.6 - 11.2 - 11.9,35.3,34.7
202007030512,12.6 - 11.2 - 11.8 - 12.0 - 12.1 - 11.9 - 12.4,35.6,36.4
202007030601,12.4 - 11.1 - 11.8 - 12.6 - 12.8 - 12.5 - 13.4,35.3,38.7
202007030602,7.1 - 11.0 - 11.5 - 13.5 - 13.1 - 12.9 - 12.8 - 13.0 - 12.6 - 13.2,29.6,38.8
202007030603,13.0 - 11.8 - 13.6 - 13.0 - 12.6 - 12.1 - 12.6 - 12.9 - 12.9,38.4,38.4
202007030605,12.3 - 11.0 - 11.6 - 12.1 - 11.8 - 11.5 - 12.1,34.9,35.4
202007030606,13.0 - 11.6 - 13.3 - 13.6 - 13.3 - 12.7 - 12.7 - 12.7 - 13.0,37.9,38.4
202007030607,12.5 - 11.2 - 11.6 - 11.7 - 11.4 - 11.5 - 11.8,35.3,34.7
202007030608,12.7 - 11.2 - 12.5 - 12.8 - 12.5 - 12.2 - 12.1 - 11.8 - 11.6 - 12.1,36.4,35.5
202007030609,12.3 - 10.4 - 11.5 - 11.6 - 11.4 - 11.9,34.2,34.9
202007030610,12.0 - 10.8 - 11.5 - 12.3 - 12.6 - 12.5 - 13.4,34.3,38.5
202007030611,12.1 - 10.6 - 11.3 - 11.8 - 12.2 - 12.7 - 13.0,34.0,37.9
202007030612,12.6 - 11.4 - 12.3 - 13.1 - 12.6 - 12.1 - 12.1 - 12.2 - 11.6 - 12.3 - 12.8,36.3,36.7
202008010101,12.6 - 11.4 - 12.2 - 12.3 - 12.1 - 12.1,36.2,36.5
202008010102,12.4 - 12.0 - 13.1 - 13.2 - 12.9 - 12.8 - 12.9 - 12.9 - 13.2,37.5,39.0
202008010103,12.5 - 11.4 - 12.3 - 12.4 - 12.4 - 12.5 - 12.9,36.2,37.8
202008010104,12.7 - 11.9 - 12.5 - 12.7 - 12.8 - 12.5 - 12.4 - 12.4 - 12.6,37.1,37.4
202008010105,12.5 - 10.8 - 11.3 - 12.2 - 12.6 - 12.8 - 12.3 - 12.1,34.6,37.2
202008010106,13.1 - 11.9 - 12.0 - 12.9 - 13.3 - 13.0 - 12.7 - 11.7 - 11.8,37.0,36.2
202008010107,12.2 - 11.0 - 11.9 - 12.6 - 12.9 - 12.1 - 12.8,35.1,37.8
202008010108,12.3 - 11.2 - 12.7 - 12.9 - 12.8 - 12.3 - 12.5 - 12.5 - 12.6,36.2,37.6
202008010109,12.8 - 11.7 - 13.1 - 13.2 - 12.8 - 12.6 - 11.9 - 11.4 - 11.6 - 12.4,37.6,35.4
202008010110,12.3 - 10.9 - 11.2 - 11.4 - 11.7 - 12.6,34.4,35.7
202008010111,12.1 - 11.0 - 11.8 - 12.2 - 11.9 - 11.9 - 11.4 - 11.7,34.9,35.0
202008010112,12.4 - 11.6 - 11.6 - 12.2 - 11.8 - 11.4 - 12.2,35.6,35.4
202008010201,12.3 - 12.4 - 13.3 - 13.2 - 13.1 - 12.7 - 12.6 - 12.9 - 13.4,38.0,38.9
202008010202,12.6 - 11.7 - 13.6 - 13.8 - 13.4 - 12.3 - 12.6 - 12.3 - 12.5,37.9,37.4
202008010203,12.1 - 11.2 - 11.9 - 12.5 - 12.6 - 12.6 - 13.3,35.2,38.5
202008010205,12.6 - 11.4 - 12.8 - 12.6 - 12.8 - 13.0 - 12.7 - 12.9 - 11.5 - 11.9,36.8,36.3
202008010206,12.2 - 12.3 - 13.3 - 13.0 - 13.4 - 12.6 - 11.9 - 12.2 - 12.7,37.8,36.8
202008010207,12.5 - 11.2 - 12.6 - 12.9 - 12.8 - 12.8 - 12.0 - 12.1 - 12.0 - 11.9,36.3,36.0
202008010208,12.6 - 12.4 - 13.7 - 13.0 - 12.5 - 12.4 - 12.6 - 12.7 - 12.6,38.7,37.9
202008010209,12.6 - 11.2 - 12.1 - 12.4 - 12.5 - 12.3 - 12.6 - 12.5 - 12.5 - 12.1 - 12.2,35.9,36.8
202008010210,12.6 - 12.0 - 12.7 - 13.0 - 12.3 - 11.7 - 11.0 - 11.5,37.3,34.2
202008010211,13.5 - 12.6 - 12.6 - 12.9 - 12.2 - 12.4 - 13.2 - 13.2 - 12.5 - 12.6 - 12.7 - 12.1 - 12.0 - 11.9 - 12.3,38.7,36.2
202008010212,12.3 - 10.8 - 11.3 - 11.9 - 12.3 - 12.9,34.4,37.1
202008010301,12.4 - 11.1 - 12.0 - 12.4 - 12.6 - 13.2,35.5,38.2
202008010302,11.9 - 11.9 - 12.3 - 12.9 - 13.0 - 12.8 - 13.3 - 13.1 - 13.1,36.1,39.5
202008010303,12.3 - 10.9 - 12.1 - 12.9 - 13.0 - 12.9 - 12.8,35.3,38.7
202008010304,12.3 - 11.2 - 11.7 - 12.2 - 12.2 - 12.3,35.2,36.7
202008010305,12.6 - 10.9 - 12.7 - 12.9 - 13.1 - 13.2 - 13.2 - 12.8 - 12.0 - 12.1 - 12.1,36.2,36.2
202008010306,12.7 - 11.1 - 12.0 - 13.2 - 12.7 - 12.3 - 11.5 - 12.0,35.8,35.8
202008010307,12.5 - 12.1 - 13.2 - 12.3 - 12.7 - 12.8 - 12.6 - 12.7 - 13.4,37.8,38.7
202008010308,7.0 - 11.5 - 11.9 - 13.0 - 13.2 - 13.4 - 12.7 - 12.6 - 12.5 - 12.4,30.4,37.5
202008010309,12.2 - 11.4 - 12.8 - 12.7 - 12.9 - 12.7 - 12.6 - 12.5 - 12.4,36.4,37.5
202008010310,12.4 - 11.6 - 12.1 - 12.5 - 12.8 - 12.7 - 12.1 - 11.4 - 11.6,36.1,35.1
202008010311,12.1 - 11.2 - 11.5 - 11.4 - 11.4 - 12.0,34.8,34.8
202008010312,12.0 - 11.4 - 11.9 - 12.5 - 12.5 - 12.6 - 12.0,35.3,37.1
202008010401,7.2 - 11.1 - 11.7 - 13.2 - 13.2 - 13.4 - 13.1 - 12.8 - 12.8 - 12.7,30.0,38.3
202008010402,12.4 - 11.7 - 13.2 - 13.5 - 13.3 - 13.4 - 13.2 - 13.3 - 12.5,37.3,39.0
202008010403,12.2 - 11.0 - 12.2 - 12.6 - 12.4 - 12.2 - 12.9,35.4,37.5
202008010404,12.8 - 11.6 - 12.8 - 12.5 - 12.3 - 12.7,37.2,37.5
202008010405,12.7 - 11.0 - 12.3 - 12.7 - 12.6 - 12.2 - 12.0 - 12.2,36.0,36.4
202008010406,12.9 - 11.4 - 13.4 - 13.3 - 13.1 - 12.9 - 12.4 - 11.8 - 12.0 - 12.1,37.7,35.9
202008010407,12.3 - 11.0 - 11.5 - 12.0 - 12.3 - 12.8 - 13.3,34.8,38.4
202008010408,12.4 - 11.0 - 12.3 - 12.8 - 13.8 - 12.4 - 12.4 - 12.7 - 13.0,35.7,38.1
202008010409,12.4 - 10.9 - 12.0 - 12.3 - 12.3 - 12.4 - 12.9,35.3,37.6
202008010410,12.2 - 11.4 - 13.0 - 12.4 - 12.4 - 12.5 - 12.7 - 12.0 - 12.3,36.6,37.0
202008010411,12.5 - 11.1 - 11.8 - 12.6 - 12.2 - 12.2 - 11.5 - 12.0,35.4,35.7
202008010412,12.3 - 11.2 - 11.5 - 11.8 - 11.6 - 11.9,35.0,35.3
202008010501,12.6 - 11.1 - 12.0 - 12.7 - 12.3 - 12.7,35.7,37.7
202008010502,12.3 - 11.3 - 13.3 - 13.4 - 12.9 - 12.6 - 12.7 - 13.1 - 13.1,36.9,38.9
202008010503,12.4 - 11.9 - 13.9 - 13.9 - 13.1 - 13.5 - 13.0 - 12.7 - 12.4,38.2,38.1
202008010505,13.0 - 11.2 - 12.0 - 12.5 - 13.1 - 12.3 - 12.2 - 11.9 - 12.2,36.2,36.3
202008010506,12.3 - 10.9 - 12.1 - 12.5 - 12.8 - 13.2 - 13.3,35.3,39.3
202008010507,12.5 - 11.4 - 11.8 - 12.1 - 11.9 - 12.6,35.7,36.6
202008010508,12.2 - 11.2 - 13.1 - 13.1 - 12.5 - 12.4 - 12.6 - 13.2 - 13.3,36.5,39.1
202008010509,12.0 - 11.3 - 11.2 - 11.4 - 12.0 - 12.3,34.5,35.7
202008010510,12.3 - 11.0 - 12.3 - 12.7 - 12.0 - 12.0 - 11.8 - 12.2 - 12.7 - 12.7,35.6,37.6
202008010511,12.3 - 10.9 - 12.0 - 12.6 - 12.3 - 12.4 - 12.1,35.2,36.8
202008010512,12.3 - 11.2 - 12.7 - 13.3 - 13.5 - 13.2 - 12.9 - 12.4 - 12.1 - 11.7 - 11.8,36.2,35.6
202008010601,12.7 - 11.1 - 11.6 - 12.1 - 12.3 - 13.0,35.4,37.4
202008010602,12.6 - 11.8 - 12.2 - 12.2 - 12.6 - 12.8 - 12.8 - 12.9 - 13.8,36.6,39.5
202008010603,12.3 - 11.0 - 11.7 - 12.4 - 12.6 - 12.4 - 13.5,35.0,38.5
202008010604,12.4 - 11.6 - 12.2 - 12.4 - 12.9 - 12.5 - 12.8,36.2,38.2
202008010605,12.4 - 10.9 - 12.5 - 12.6 - 12.4 - 12.1 - 12.4 - 12.4 - 12.4 - 13.0,35.8,37.8
202008010606,12.3 - 11.2 - 12.6 - 12.8 - 13.2 - 13.3 - 13.4 - 13.0 - 13.1,36.1,39.5
202008010607,12.3 - 11.4 - 11.8 - 12.2 - 12.2 - 13.2,35.5,37.6
202008010608,7.4 - 11.3 - 12.2 - 13.3 - 12.8 - 12.3 - 12.3 - 12.7 - 12.3 - 13.4,30.9,38.4
202008010609,12.5 - 11.1 - 11.4 - 12.2 - 11.8 - 12.0 - 12.2 - 12.2,35.0,36.4
202008010610,12.6 - 12.0 - 12.6 - 12.4 - 11.9 - 11.4 - 11.9,37.2,35.2
202008010611,12.0 - 10.8 - 11.7 - 11.9 - 12.2 - 12.4 - 12.6,34.5,37.2
202008010612,12.4 - 11.4 - 12.0 - 12.4 - 11.8 - 12.0 - 11.8 - 12.2,35.8,36.0
202008010701,12.6 - 12.0 - 13.3 - 13.1 - 13.0 - 12.9 - 12.7 - 13.0 - 13.1,37.9,38.8
202008010702,12.5 - 11.8 - 13.8 - 13.2 - 13.4 - 13.0 - 12.6 - 12.4 - 12.3,38.1,37.3
202008010703,12.4 - 11.1 - 11.9 - 12.3 - 12.5 - 12.8 - 13.0,35.4,38.3
202008010705,12.7 - 11.3 - 11.9 - 12.2 - 12.1 - 12.2 - 12.0 - 12.5,35.9,36.7
202008010706,13.0 - 11.8 - 11.9 - 12.7 - 13.2 - 13.1 - 12.3 - 11.2 - 11.9,36.7,35.4
202008010707,12.6 - 11.5 - 12.4 - 12.3 - 12.2 - 12.2 - 12.4,36.5,36.8
202008010708,12.6 - 12.1 - 13.3 - 12.9 - 12.6 - 12.4 - 12.2 - 12.2 - 12.7,38.0,37.1
202008010709,12.8 - 11.8 - 12.0 - 12.5 - 12.3 - 11.9 - 11.2 - 11.7,36.6,34.8
202008010710,12.7 - 11.8 - 13.5 - 13.0 - 12.6 - 12.4 - 12.0 - 11.7 - 11.5 - 11.9,38.0,35.1
202008010711,12.6 - 11.2 - 11.9 - 12.9 - 13.0 - 12.9 - 12.1 - 12.8 - 12.2 - 11.8 - 11.7 - 11.8,35.7,35.3
202008010712,12.5 - 11.4 - 11.7 - 11.7 - 11.9 - 12.2,35.6,35.8
202008010801,7.3 - 11.1 - 11.7 - 13.1 - 12.8 - 12.8 - 12.7 - 12.4 - 12.1 - 12.2,30.1,36.7
202008010802,12.6 - 10.9 - 11.6 - 12.0 - 12.4 - 12.7,35.1,37.1
202008010803,12.6 - 11.6 - 12.7 - 12.9 - 13.0 - 12.9 - 12.7 - 12.4 - 12.7,36.9,37.8
202008010805,12.9 - 11.0 - 11.4 - 12.4 - 12.6 - 12.3 - 11.9 - 12.6,35.3,36.8
202008010806,12.4 - 11.9 - 13.7 - 13.4 - 12.7 - 12.8 - 12.6 - 12.2 - 12.6,38.0,37.4
202008010807,12.1 - 10.7 - 11.7 - 12.3 - 12.5 - 12.2 - 12.7,34.5,37.4
202008010808,12.3 - 11.0 - 11.2 - 12.0 - 11.9 - 12.3,34.5,36.2
202008010809,12.9 - 10.9 - 11.2 - 13.0 - 13.0 - 12.8 - 13.1 - 12.8 - 12.6 - 11.9 - 11.6 - 12.6,35.0,36.1
202008010810,12.3 - 11.5 - 13.5 - 12.3 - 12.6 - 12.4 - 12.2 - 12.1 - 12.2,37.3,36.5
202008010811,12.3 - 10.8 - 11.4 - 11.7 - 12.2 - 12.0 - 12.1,34.5,36.3
202008010812,13.0 - 11.8 - 12.1 - 12.1 - 12.4 - 11.9 - 12.0 - 11.9 - 12.1,36.9,36.0
202008010901,12.8 - 11.5 - 13.2 - 12.9 - 13.0 - 12.9 - 12.6 - 12.4 - 12.9,37.5,37.9
202008010902,12.5 - 11.1 - 12.1 - 12.1 - 12.1 - 12.9,35.7,37.1
202008010903,12.7 - 12.1 - 14.0 - 12.8 - 12.5 - 12.8 - 12.4 - 12.5 - 13.2,38.8,38.1
202008010904,12.1 - 10.6 - 11.6 - 12.2 - 12.6 - 12.4 - 13.1,34.3,38.1
202008010905,12.9 - 11.5 - 12.9 - 13.1 - 12.6 - 12.4 - 13.0 - 12.6 - 12.2 - 12.4 - 13.1,37.3,37.7
202008010906,12.7 - 10.6 - 11.6 - 12.6 - 12.8 - 12.7 - 12.1 - 12.4,34.9,37.2
202008010907,7.1 - 11.0 - 11.2 - 12.9 - 13.1 - 13.1 - 12.9 - 12.8 - 12.4 - 12.8,29.3,38.0
202008010908,12.6 - 12.3 - 13.4 - 13.2 - 13.1 - 13.0 - 12.3 - 11.8 - 12.3,38.3,36.4
202008010909,12.4 - 11.4 - 11.6 - 11.7 - 11.9 - 11.7 - 12.2,35.4,35.8
202008010910,12.5 - 11.2 - 12.9 - 12.4 - 12.3 - 12.5 - 11.8 - 11.9 - 12.2 - 12.8,36.6,36.9
202008010911,12.3 - 11.7 - 12.9 - 12.4 - 12.4 - 12.3 - 12.0 - 11.9 - 12.3,36.9,36.2
202008010912,12.4 - 10.8 - 11.4 - 12.2 - 12.1 - 12.1 - 12.8,34.6,37.0
202008020101,12.8 - 11.9 - 13.0 - 13.1 - 13.2 - 12.9 - 12.7 - 12.5 - 12.8,37.7,38.0
202008020102,12.8 - 11.6 - 11.9 - 12.1 - 12.4 - 12.9,36.3,37.4
202008020103,12.5 - 11.1 - 11.8 - 12.7 - 13.0 - 13.0 - 12.9,35.4,38.9
202008020104,12.5 - 11.6 - 12.5 - 13.0 - 12.7 - 13.0 - 12.9 - 12.7 - 12.8,36.6,38.4
202008020105,12.5 - 10.6 - 11.6 - 11.9 - 12.5 - 12.5 - 12.2 - 12.1,34.7,36.8
202008020106,12.7 - 11.4 - 12.4 - 12.8 - 13.1 - 13.4 - 12.9 - 12.5 - 11.8 - 12.0,36.5,36.3
202008020107,12.5 - 11.5 - 11.8 - 12.1 - 12.4 - 13.1,35.8,37.6
202008020109,12.6 - 11.2 - 11.9 - 13.0 - 13.1 - 13.2 - 13.7 - 13.3 - 12.7 - 12.0 - 11.2 - 11.6,35.7,34.8
202008020110,12.6 - 11.4 - 11.8 - 12.3 - 11.9 - 11.6 - 11.5 - 11.8,35.8,34.9
202008020111,6.9 - 11.5 - 12.2 - 13.2 - 13.3 - 12.2 - 12.4 - 12.3 - 11.9 - 12.5,30.6,36.7
202008020112,12.5 - 11.0 - 11.5 - 12.0 - 12.0 - 12.7,35.0,36.7
202008020201,12.5 - 11.5 - 13.4 - 13.2 - 12.8 - 12.6 - 12.7 - 13.1 - 13.0,37.4,38.8
202008020202,12.7 - 11.1 - 11.5 - 12.3 - 12.5 - 13.1,35.3,37.9
202008020203,12.3 - 11.1 - 12.5 - 12.6 - 12.9 - 12.6 - 12.6 - 12.7 - 13.3,35.9,38.6
202008020205,12.4 - 11.2 - 11.9 - 12.6 - 12.2 - 12.1 - 11.6 - 11.9,35.5,35.6
202008020206,12.6 - 11.5 - 13.3 - 13.5 - 13.8 - 13.2 - 11.8 - 12.4 - 11.9 - 11.8,37.4,36.1
202008020207,12.3 - 10.9 - 11.6 - 11.8 - 11.8 - 12.2,34.8,35.8
202008020208,12.5 - 11.0 - 12.1 - 12.9 - 12.7 - 12.4 - 12.2,35.6,37.3
202008020209,12.6 - 11.4 - 13.3 - 13.6 - 13.3 - 12.9 - 12.4 - 11.7 - 12.2,37.3,36.3
202008020210,12.8 - 11.6 - 12.1 - 12.6 - 12.6 - 12.0 - 11.2 - 11.4 - 11.8,36.5,34.4
202008020211,12.2 - 10.8 - 10.9 - 11.1 - 11.5 - 12.5,33.9,35.1
202008020212,12.4 - 11.5 - 12.6 - 13.1 - 12.8 - 11.7 - 12.0,36.5,36.5
202008020301,6.8 - 11.9 - 12.0 - 13.4 - 13.4 - 13.5 - 13.0 - 12.7 - 12.5 - 13.0,30.7,38.2
202008020302,12.4 - 11.9 - 13.1 - 13.6 - 13.1 - 12.8 - 12.9 - 12.6 - 13.0,37.4,38.5
202008020303,12.3 - 11.1 - 12.1 - 12.6 - 12.4 - 12.3 - 13.0,35.5,37.7
202008020305,12.8 - 11.4 - 11.8 - 12.4 - 12.4 - 12.4 - 12.0 - 11.3 - 11.6,36.0,34.9
202008020306,12.5 - 11.6 - 13.3 - 13.3 - 13.4 - 13.4 - 12.9 - 12.9 - 12.6,37.4,38.4
202008020307,12.5 - 11.3 - 11.8 - 12.1 - 12.1 - 12.2,35.6,36.4
202008020308,12.7 - 11.2 - 11.3 - 11.6 - 11.7 - 11.8 - 11.8 - 11.7,35.2,35.3
202008020309,12.6 - 11.4 - 12.2 - 12.4 - 12.4 - 12.5 - 12.2 - 12.0 - 11.5 - 11.9,36.2,35.4
202008020310,12.3 - 10.9 - 11.5 - 11.6 - 12.2 - 12.0 - 11.7 - 11.4,34.7,35.1
202008020311,7.1 - 11.6 - 12.0 - 12.6 - 12.8 - 12.6 - 12.3 - 12.1 - 11.8 - 12.4,30.7,36.3
202008020312,12.6 - 11.3 - 11.4 - 11.4 - 11.2 - 11.7,35.3,34.3
202008020401,12.3 - 11.1 - 11.4 - 12.1 - 12.2 - 12.8,34.8,37.1
202008020402,12.7 - 12.0 - 13.6 - 13.4 - 13.2 - 13.0 - 12.9 - 12.7 - 12.7,38.3,38.3
202008020403,12.6 - 11.3 - 11.7 - 12.2 - 12.2 - 12.7,35.6,37.1
202008020405,12.6 - 10.7 - 12.5 - 12.9 - 12.9 - 13.2 - 13.0 - 12.5 - 12.3 - 11.8 - 11.7,35.8,35.8
202008020406,13.0 - 11.1 - 12.2 - 12.9 - 12.8 - 12.2 - 11.9 - 11.7,36.3,35.8
202008020407,12.7 - 12.0 - 12.9 - 12.6 - 12.6 - 12.8 - 12.8 - 12.6 - 12.9,37.6,38.3
202008020408,7.1 - 11.5 - 12.3 - 12.5 - 12.3 - 12.7 - 12.2 - 12.1 - 12.6 - 13.5,30.9,38.2
202008020409,12.0 - 10.6 - 11.2 - 11.8 - 12.5 - 12.8,33.8,37.1
202008020410,12.4 - 11.1 - 11.4 - 11.6 - 11.3 - 11.8,34.9,34.7
202008020411,12.8 - 11.8 - 12.1 - 12.8 - 12.5 - 12.2 - 11.4 - 11.2 - 11.5,36.7,34.1
202008020412,12.5 - 11.2 - 11.8 - 11.9 - 12.0 - 12.2 - 12.9,35.5,37.1
202008020501,12.6 - 11.0 - 11.4 - 12.1 - 12.5 - 13.1,35.0,37.7
202008020502,12.6 - 11.4 - 13.3 - 13.4 - 13.3 - 13.2 - 12.7 - 12.9 - 13.1,37.3,38.7
202008020503,12.4 - 11.2 - 11.9 - 12.2 - 12.5 - 12.5 - 13.1,35.5,38.1
202008020505,13.0 - 11.7 - 12.2 - 12.5 - 12.4 - 12.5 - 12.1 - 12.3 - 12.2 - 12.2,36.9,36.7
202008020506,12.6 - 11.2 - 12.1 - 12.5 - 12.3 - 12.8 - 12.5,35.9,37.6
202008020507,12.3 - 11.1 - 12.8 - 12.9 - 12.7 - 12.6 - 12.5 - 12.4 - 13.5,36.2,38.4
202008020508,7.3 - 10.9 - 11.3 - 12.8 - 13.0 - 13.3 - 13.0 - 12.8 - 12.5 - 12.4,29.5,37.7
202008020509,12.8 - 11.6 - 11.8 - 11.6 - 11.6 - 11.1 - 12.2,36.2,34.9
202008020510,12.5 - 11.8 - 11.8 - 13.4 - 13.1 - 12.7 - 13.0 - 12.7 - 11.9 - 11.5 - 11.5 - 12.4,36.1,35.4
202008020511,12.3 - 11.1 - 11.5 - 12.1 - 12.1 - 11.7 - 11.3 - 12.1,34.9,35.1
202008020512,12.4 - 12.0 - 12.9 - 12.9 - 13.1 - 12.7 - 11.9 - 12.3 - 12.6,37.3,36.8
202008020601,12.3 - 11.0 - 13.0 - 13.0 - 12.7 - 12.9 - 12.9 - 13.0 - 13.4,36.3,39.3
202008020602,12.4 - 10.8 - 11.7 - 12.0 - 12.4 - 12.4,34.9,36.8
202008020603,12.4 - 11.3 - 12.1 - 12.0 - 12.1 - 12.1 - 12.2 - 12.4 - 13.1,35.8,37.7
202008020605,12.8 - 10.8 - 12.0 - 12.5 - 12.5 - 12.2 - 12.3 - 12.6,35.6,37.1
202008020606,13.4 - 12.2 - 12.8 - 13.4 - 13.2 - 12.5 - 12.0 - 11.7 - 12.1,38.4,35.8
202008020607,12.4 - 10.9 - 11.6 - 11.7 - 12.0 - 12.2 - 12.8,34.9,37.0
202008020608,12.8 - 11.7 - 12.0 - 13.2 - 13.5 - 13.4 - 12.8 - 12.9 - 12.8 - 12.4 - 11.9 - 12.7,36.5,37.0
202008020609,13.5 - 12.2 - 12.3 - 12.7 - 12.5 - 12.2 - 11.6 - 11.9,38.0,35.7
202008020610,12.3 - 11.2 - 12.1 - 12.1 - 12.1 - 11.8 - 11.9 - 12.1 - 12.7,35.6,36.7
202008020611,13.0 - 11.4 - 12.4 - 12.3 - 12.0 - 12.6 - 13.1 - 12.7 - 12.4 - 12.2 - 12.3,36.8,36.9
202008020612,12.2 - 10.8 - 11.2 - 11.8 - 12.1 - 12.1,34.2,36.0
202008020701,12.5 - 11.5 - 13.0 - 13.2 - 13.0 - 13.0 - 13.0 - 12.4 - 13.2,37.0,38.6
202008020702,12.4 - 10.8 - 11.9 - 12.5 - 12.3 - 12.7,35.1,37.5
202008020703,12.4 - 11.2 - 12.7 - 13.1 - 13.3 - 13.0 - 13.2 - 13.3 - 12.7,36.3,39.2
202008020705,12.9 - 11.0 - 11.8 - 12.5 - 12.2 - 12.4 - 12.0 - 12.7,35.7,37.1
202008020706,12.3 - 10.8 - 11.3 - 11.8 - 12.4 - 12.4 - 12.9,34.4,37.7
202008020707,12.7 - 11.8 - 12.0 - 13.2 - 13.4 - 13.4 - 13.6 - 13.1 - 12.6 - 12.6 - 12.0 - 13.0,36.5,37.6
202008020708,12.5 - 10.8 - 11.2 - 11.9 - 11.9 - 12.4,34.5,36.2
202008020709,12.7 - 11.6 - 12.5 - 13.0 - 13.1 - 12.7 - 12.3 - 11.7 - 12.3,36.8,36.3
202008020710,12.3 - 10.8 - 11.2 - 11.8 - 12.1 - 12.1 - 12.5,34.3,36.7
202008020711,12.5 - 11.8 - 11.7 - 12.4 - 11.5 - 11.4 - 11.9,36.0,34.8
202008020712,12.1 - 11.3 - 12.3 - 12.3 - 12.4 - 12.3 - 12.3 - 12.2 - 12.6,35.7,37.1
202008020801,12.5 - 11.7 - 13.2 - 13.0 - 13.0 - 13.0 - 12.8 - 12.3 - 12.2,37.4,37.3
202008020802,12.4 - 11.5 - 12.3 - 12.4 - 12.6 - 12.4 - 12.3 - 12.7 - 13.0,36.2,38.0
202008020803,12.5 - 11.1 - 11.9 - 12.3 - 12.7 - 12.2 - 12.5,35.5,37.4
202008020805,13.1 - 11.6 - 12.1 - 12.7 - 13.0 - 12.7 - 11.9 - 11.8 - 12.0,36.8,35.7
202008020806,12.7 - 11.7 - 12.3 - 12.3 - 12.2 - 11.6 - 12.0,36.7,35.8
202008020807,12.5 - 11.1 - 12.5 - 12.2 - 12.3 - 12.7 - 12.7 - 12.3 - 12.9,36.1,37.9
202008020808,12.6 - 11.1 - 11.7 - 12.1 - 12.3 - 12.2 - 12.6,35.4,37.1
202008020809,13.1 - 12.4 - 12.8 - 13.3 - 13.4 - 12.5 - 12.1 - 10.9 - 11.7,38.3,34.7
202008020810,12.6 - 11.3 - 11.9 - 12.1 - 12.1 - 11.9 - 11.9 - 12.0,35.8,35.8
202008020811,12.0 - 10.6 - 11.1 - 11.7 - 12.1 - 12.3,33.7,36.1
202008020812,12.5 - 10.9 - 11.4 - 11.9 - 12.1 - 12.3 - 12.5,34.8,36.9
202008030101,12.5 - 11.7 - 13.1 - 13.3 - 13.3 - 12.7 - 12.8 - 12.4 - 12.7,37.3,37.9
202008030102,12.4 - 11.3 - 12.3 - 12.6 - 12.5 - 12.3 - 12.8,36.0,37.6
202008030103,6.9 - 10.9 - 11.2 - 13.0 - 13.3 - 13.1 - 13.1 - 13.3 - 12.6 - 12.9,29.0,38.8
202008030104,12.6 - 10.8 - 11.4 - 12.2 - 12.2 - 12.3 - 11.4 - 11.7,34.8,35.4
202008030105,12.4 - 11.1 - 12.5 - 12.4 - 12.2 - 12.6 - 12.0 - 12.0 - 11.5 - 11.8,36.0,35.3
202008030106,12.5 - 11.0 - 11.7 - 12.0 - 12.2 - 12.9,35.2,37.1
202008030107,12.7 - 10.9 - 11.9 - 12.5 - 12.6 - 12.2 - 11.7 - 11.3 - 11.6,35.5,34.6
202008030108,12.6 - 11.2 - 11.6 - 11.8 - 12.2 - 13.3,35.4,37.3
202008030109,12.6 - 11.5 - 11.5 - 12.0 - 12.7 - 12.2 - 11.8 - 11.2 - 11.9,35.6,34.9
202008030110,12.7 - 11.8 - 12.1 - 12.4 - 11.7 - 11.2 - 10.9 - 11.4,36.6,33.5
202008030111,12.7 - 11.4 - 11.5 - 11.2 - 11.2 - 11.1 - 11.7,35.6,34.0
202008030112,12.3 - 11.8 - 13.1 - 13.1 - 13.3 - 13.1 - 12.4 - 12.0 - 12.1,37.2,36.5
202008030201,12.8 - 11.5 - 12.0 - 12.5 - 12.2 - 12.8,36.3,37.5
202008030202,12.2 - 11.3 - 13.0 - 13.0 - 12.7 - 13.1 - 13.4 - 13.2 - 13.6,36.5,40.2
202008030203,12.5 - 11.2 - 12.1 - 12.4 - 12.5 - 13.1 - 11.8 - 12.0 - 11.6 - 11.9,35.8,35.5
202008030204,12.4 - 10.9 - 11.2 - 11.1 - 10.9 - 11.7,34.5,33.7
202008030205,12.7 - 11.5 - 12.2 - 12.1 - 12.4 - 12.7 - 12.0 - 11.1 - 11.5,36.4,34.6
202008030206,12.0 - 11.1 - 12.7 - 12.8 - 12.9 - 12.8 - 13.0 - 12.5 - 12.5,35.8,38.0
202008030207,12.6 - 11.7 - 12.5 - 12.0 - 11.6 - 10.9 - 11.4,36.8,33.9
202008030208,12.2 - 11.3 - 12.3 - 12.6 - 13.0 - 13.4 - 13.3 - 13.3 - 12.3,35.8,38.9
202008030209,12.4 - 10.6 - 11.8 - 12.0 - 12.4 - 12.8 - 13.0 - 12.4 - 11.6 - 11.4 - 11.8,34.8,34.8
202008030210,6.8 - 10.8 - 11.2 - 12.6 - 12.7 - 12.7 - 12.7 - 12.9 - 12.7 - 12.7,28.8,38.3
202008030211,12.3 - 11.3 - 11.7 - 11.9 - 11.4 - 11.3 - 10.9 - 11.6,35.3,33.8
202008030212,12.2 - 11.2 - 11.9 - 12.4 - 12.6 - 12.1 - 12.3,35.3,37.0
202008030301,12.1 - 11.1 - 12.4 - 13.0 - 12.6 - 12.3 - 12.3,35.6,37.2
202008030302,12.3 - 11.5 - 12.6 - 13.0 - 13.2 - 13.0 - 12.7 - 12.5 - 12.4,36.4,37.6
202008030303,12.5 - 11.1 - 11.8 - 11.9 - 11.7 - 11.0 - 11.9,35.4,34.6
202008030304,12.5 - 11.0 - 11.5 - 12.2 - 12.5 - 12.0 - 11.9 - 11.5 - 11.5,35.0,34.9
202008030305,12.4 - 11.6 - 11.7 - 13.1 - 13.0 - 13.1 - 13.1 - 12.7 - 11.8 - 11.8 - 11.2 - 11.5,35.7,34.5
202008030306,12.0 - 11.5 - 12.9 - 12.8 - 12.9 - 12.8 - 12.2 - 11.9 - 12.5,36.4,36.6
202008030307,12.5 - 10.6 - 11.4 - 11.5 - 11.3 - 11.7 - 11.9 - 12.2,34.5,35.8
202008030308,12.5 - 11.0 - 11.5 - 12.2 - 12.4 - 12.5,35.0,37.1
202008030309,12.4 - 10.7 - 12.1 - 12.5 - 13.0 - 13.0 - 13.1 - 12.1 - 11.8 - 11.2 - 11.4,35.2,34.4
202008030310,12.4 - 11.7 - 12.8 - 12.9 - 12.8 - 12.2 - 11.6 - 11.3 - 11.0 - 11.3,36.9,33.6
202008030311,12.6 - 10.7 - 11.3 - 11.6 - 11.7 - 12.3,34.6,35.6
202008030312,12.3 - 11.2 - 12.8 - 12.9 - 12.9 - 12.4 - 12.4 - 12.5 - 12.6,36.3,37.5
202008030401,12.7 - 11.6 - 12.9 - 13.5 - 13.4 - 13.2 - 13.1 - 12.6 - 12.6,37.2,38.3
202008030402,12.8 - 11.7 - 12.0 - 12.2 - 12.1 - 12.5,36.5,36.8
202008030403,12.3 - 10.7 - 11.4 - 12.2 - 11.8 - 11.7 - 12.1 - 12.3,34.4,36.1
202008030404,12.5 - 11.7 - 12.2 - 12.5 - 12.6 - 12.8 - 12.5 - 11.9 - 11.4 - 11.9,36.4,35.2
202008030405,12.4 - 11.2 - 11.6 - 11.7 - 11.4 - 11.2 - 11.8,35.2,34.4
202008030406,12.4 - 11.8 - 13.5 - 13.0 - 12.2 - 12.3 - 12.3 - 12.4 - 13.0,37.7,37.7
202008030407,12.3 - 11.4 - 12.4 - 12.9 - 12.9 - 12.1 - 12.1,36.1,37.1
202008030408,12.6 - 10.5 - 11.1 - 11.8 - 11.9 - 11.7 - 12.1 - 12.5 - 11.8,34.2,36.4
202008030409,12.3 - 10.6 - 10.7 - 11.3 - 11.6 - 11.8,33.6,34.7
202008030410,12.0 - 10.9 - 11.7 - 12.0 - 12.7 - 12.4 - 12.8,34.6,37.9
202008030411,13.2 - 12.4 - 12.4 - 12.5 - 12.5 - 12.0 - 11.6 - 12.5 - 12.1 - 12.2 - 12.7 - 12.5 - 11.9 - 11.9 - 11.9 - 12.2,38.0,36.0
202008030412,12.2 - 11.4 - 12.4 - 12.6 - 12.4 - 11.6 - 12.2,36.0,36.2
202008030501,12.5 - 10.9 - 11.8 - 12.2 - 12.3 - 12.9,35.2,37.4
202008030502,12.2 - 11.4 - 13.1 - 13.6 - 12.9 - 12.0 - 12.5 - 12.7 - 13.1,36.7,38.3
202008030503,12.3 - 10.7 - 11.5 - 11.8 - 11.8 - 11.7 - 11.6,34.5,35.1
202008030504,12.7 - 11.0 - 11.1 - 11.8 - 12.6 - 12.8 - 12.1 - 11.4 - 11.7,34.8,35.2
202008030505,12.1 - 11.4 - 12.5 - 12.9 - 12.7 - 12.6 - 12.5 - 12.4 - 12.8,36.0,37.7
202008030506,12.5 - 10.7 - 11.2 - 11.6 - 11.5 - 11.6 - 11.4 - 11.7,34.4,34.7
202008030507,12.8 - 11.4 - 12.0 - 12.1 - 11.6 - 12.5,36.2,36.2
202008030508,12.3 - 11.6 - 13.3 - 12.3 - 12.1 - 12.4 - 12.7 - 13.3 - 13.5,37.2,39.5
202008030509,12.6 - 11.5 - 12.2 - 12.1 - 12.0 - 12.2 - 11.8 - 11.4 - 11.1 - 11.8,36.3,34.3
202008030510,12.3 - 10.9 - 11.9 - 12.3 - 12.2 - 11.9 - 11.0 - 11.4,35.1,34.3
202008030511,12.4 - 10.3 - 11.8 - 11.9 - 11.9 - 12.5 - 12.7 - 12.0 - 12.5 - 11.7 - 12.0,34.5,36.2
202008030512,11.8 - 11.0 - 11.5 - 12.0 - 12.2 - 12.5 - 12.9,34.3,37.6
202008030601,12.3 - 11.3 - 12.9 - 12.6 - 12.9 - 13.0 - 13.3 - 12.9 - 13.7,36.5,39.9
202008030602,12.1 - 11.0 - 11.9 - 12.5 - 12.7 - 12.5 - 13.1,35.0,38.3
202008030603,7.1 - 11.0 - 11.6 - 13.5 - 13.1 - 13.0 - 13.0 - 13.3 - 12.3 - 12.8,29.7,38.4
202008030604,12.4 - 11.3 - 12.0 - 12.5 - 12.6 - 12.3 - 12.0 - 11.2 - 11.5,35.7,34.7
202008030605,12.8 - 11.2 - 12.3 - 12.6 - 12.3 - 12.7 - 12.3 - 11.8 - 11.6 - 11.6,36.3,35.0
202008030606,11.9 - 10.9 - 11.6 - 11.9 - 12.6 - 13.0 - 13.4,34.4,39.0
202008030607,12.9 - 12.3 - 12.4 - 13.0 - 12.6 - 12.5 - 12.4 - 12.4 - 12.0 - 11.9 - 10.8 - 11.7,37.6,34.4
202008030608,12.2 - 10.7 - 11.4 - 11.5 - 11.7 - 12.1 - 11.8 - 12.0,34.3,35.9
202008030609,11.8 - 10.9 - 13.1 - 13.5 - 13.2 - 12.3 - 12.1 - 12.3 - 12.3,35.8,36.7
202008030610,12.2 - 10.9 - 11.3 - 11.4 - 11.8 - 11.4 - 12.2,34.4,35.4
202008030611,12.2 - 10.4 - 10.9 - 11.4 - 11.3 - 11.5,33.5,34.2
202008030612,6.9 - 10.9 - 11.4 - 12.8 - 12.7 - 12.8 - 12.9 - 12.8 - 12.9 - 13.7,29.2,39.4
202008030701,12.0 - 10.8 - 11.8 - 12.0 - 12.5 - 12.5 - 13.2,34.6,38.2
202008030702,12.4 - 11.3 - 13.0 - 13.1 - 12.7 - 12.3 - 12.2 - 12.3 - 13.1,36.7,37.6
202008030703,12.5 - 11.5 - 12.4 - 12.5 - 12.2 - 13.3 - 12.4 - 12.2 - 12.0 - 12.5,36.4,36.7
202008030704,12.6 - 11.0 - 11.8 - 12.4 - 12.0 - 12.1 - 11.7 - 12.3,35.4,36.1
202008030705,13.4 - 12.0 - 13.1 - 13.1 - 12.8 - 13.2 - 13.3 - 12.7 - 12.2 - 11.1 - 11.8,38.5,35.1
202008030706,12.2 - 11.5 - 13.3 - 12.6 - 12.5 - 12.2 - 11.8 - 11.8 - 12.4,37.0,36.0
202008030707,12.2 - 11.3 - 11.8 - 12.0 - 12.0 - 12.1 - 12.5,35.3,36.6
202008030709,12.6 - 11.8 - 12.9 - 12.8 - 12.9 - 12.8 - 12.1 - 12.0 - 11.6 - 12.3,37.3,35.9
202008030710,12.2 - 11.4 - 11.8 - 12.2 - 12.1 - 11.0 - 12.4,35.4,35.5
202008030711,12.1 - 11.6 - 11.6 - 12.5 - 12.4 - 12.4 - 12.1 - 11.4 - 12.1,35.3,35.6
202008030712,12.2 - 11.1 - 12.4 - 12.3 - 12.2 - 12.3 - 12.6 - 12.4 - 13.1,35.7,38.1
202008030801,12.5 - 11.1 - 11.8 - 12.3 - 11.8 - 12.6,35.4,36.7
202008030802,12.4 - 11.4 - 12.8 - 12.5 - 12.6 - 12.5 - 12.8 - 12.3 - 13.0,36.6,38.1
202008030803,12.2 - 11.0 - 11.5 - 11.4 - 11.3 - 12.0,34.7,34.7
202008030804,12.5 - 11.3 - 12.8 - 12.2 - 12.1 - 12.0 - 12.7 - 13.0 - 13.7,36.6,39.4
202008030805,12.9 - 12.6 - 12.9 - 13.1 - 12.9 - 12.8 - 12.3 - 11.7 - 11.3 - 11.6,38.4,34.6
202008030806,12.5 - 10.7 - 11.6 - 12.2 - 12.1 - 11.9 - 11.8 - 11.8,34.8,35.5
202008030807,12.3 - 11.1 - 12.6 - 12.5 - 12.7 - 12.2 - 12.3 - 12.2 - 12.3,36.0,36.8
202008030808,12.3 - 10.8 - 11.5 - 11.8 - 12.4 - 12.9 - 12.7 - 12.7 - 12.7 - 13.4,34.6,38.8
202008030809,12.2 - 11.5 - 11.8 - 13.0 - 12.9 - 12.4 - 12.7 - 12.8 - 12.4 - 12.3 - 11.6 - 12.0,35.5,35.9
202008030810,12.3 - 11.2 - 11.4 - 11.6 - 11.5 - 11.6 - 12.1,34.9,35.2
202008030811,12.0 - 10.6 - 11.2 - 11.4 - 11.7 - 12.2 - 12.8,33.8,36.7
202008030812,12.3 - 10.8 - 11.1 - 11.5 - 11.8 - 12.7,34.2,36.0
202008030901,12.5 - 11.2 - 12.1 - 12.9 - 13.6 - 13.2 - 12.9 - 13.1 - 13.2,35.8,39.2
202008030902,12.3 - 10.9 - 11.4 - 11.7 - 12.7 - 13.8,34.6,38.2
202008030903,12.4 - 10.7 - 11.2 - 11.4 - 11.6 - 11.5 - 12.6,34.3,35.7
202008030904,7.1 - 10.8 - 11.6 - 12.7 - 12.7 - 12.7 - 12.7 - 12.7 - 13.1 - 13.1,29.5,38.9
202008030905,12.3 - 11.7 - 12.2 - 13.2 - 13.1 - 12.4 - 11.7 - 11.2 - 11.5,36.2,34.4
202008030906,12.3 - 10.6 - 11.5 - 12.0 - 12.0 - 11.8 - 11.4 - 12.2,34.4,35.4
202008030907,12.4 - 11.5 - 12.3 - 12.1 - 12.3 - 12.2 - 11.9 - 12.2 - 11.9 - 12.4,36.2,36.5
202008030908,12.1 - 10.9 - 11.3 - 11.8 - 12.5 - 12.9 - 12.7,34.3,38.1
202008030909,12.3 - 11.3 - 11.3 - 12.8 - 12.4 - 12.2 - 13.0 - 12.6 - 12.2 - 12.0 - 11.6 - 12.3,34.9,35.9
202008030910,12.4 - 11.0 - 11.0 - 11.5 - 11.9 - 12.3,34.4,35.7
202008030911,7.1 - 11.1 - 11.9 - 12.9 - 12.4 - 12.3 - 12.2 - 12.3 - 11.7 - 12.1,30.1,36.1
202008030912,12.5 - 11.3 - 11.7 - 12.5 - 12.1 - 11.7 - 11.7 - 11.5 - 12.2,35.5,35.4
202008031001,12.4 - 11.0 - 11.8 - 12.3 - 12.5 - 12.7 - 13.2,35.2,38.4
202008031002,12.5 - 11.3 - 13.2 - 12.9 - 12.9 - 12.6 - 12.3 - 12.7 - 13.1,37.0,38.1
202008031003,12.5 - 10.5 - 11.5 - 12.2 - 12.2 - 12.4 - 12.1 - 12.0 - 12.4,34.5,36.5
202008031004,12.4 - 10.2 - 11.5 - 12.2 - 12.0 - 12.1 - 12.3 - 12.7,34.1,37.1
202008031005,12.7 - 11.1 - 12.0 - 12.4 - 12.3 - 12.5 - 12.0 - 11.8 - 12.1 - 12.8,35.8,36.7
202008031006,12.3 - 10.9 - 11.6 - 12.1 - 12.4 - 12.9,34.8,37.4
202008031007,7.2 - 11.8 - 12.3 - 13.6 - 13.0 - 12.8 - 11.9 - 12.0 - 12.4 - 13.2,31.3,37.6
202008031008,12.5 - 10.7 - 11.0 - 11.2 - 11.1 - 12.1,34.2,34.4
202008031009,12.6 - 11.9 - 12.6 - 12.6 - 12.6 - 12.6 - 11.9 - 11.2 - 11.5 - 12.3,37.1,35.0
202008031010,12.1 - 11.3 - 12.0 - 12.0 - 12.5 - 12.5 - 12.4 - 13.0 - 13.2,35.4,38.6
202008031011,12.2 - 10.8 - 11.3 - 12.8 - 12.7 - 12.5 - 12.5 - 12.5 - 12.1 - 12.1 - 11.5 - 11.9,34.3,35.5
202008031012,12.1 - 11.1 - 12.5 - 12.7 - 13.1 - 12.8 - 12.5 - 12.7 - 12.4,35.7,37.6
202008031101,12.5 - 11.0 - 12.0 - 12.1 - 12.3 - 12.4 - 13.3,35.5,38.0
202008031102,12.5 - 11.8 - 13.3 - 12.9 - 12.7 - 12.4 - 12.3 - 12.5 - 12.9,37.6,37.7
202008031103,12.3 - 10.7 - 11.3 - 11.6 - 11.8 - 11.5 - 12.2,34.3,35.5
202008031104,12.5 - 11.2 - 11.5 - 12.5 - 12.2 - 12.1 - 12.2 - 11.0 - 12.0,35.2,35.2
202008031105,12.2 - 10.8 - 12.7 - 13.0 - 12.7 - 12.3 - 12.3 - 12.6 - 12.9,35.7,37.8
202008031106,12.8 - 11.4 - 12.3 - 12.2 - 12.4 - 12.7 - 12.0 - 11.9 - 12.0 - 11.5 - 12.7,36.5,36.2
202008031107,12.2 - 11.1 - 11.7 - 11.8 - 12.6 - 12.8,35.0,37.2
202008031108,12.7 - 11.4 - 12.2 - 12.3 - 11.8 - 11.5 - 10.9 - 11.7,36.3,34.1
202008031109,12.8 - 12.0 - 12.5 - 12.8 - 12.9 - 12.8 - 11.9 - 11.2 - 11.2 - 11.5,37.3,33.9
202008031110,12.6 - 11.8 - 13.3 - 12.7 - 12.7 - 12.2 - 12.0 - 11.9 - 12.2,37.7,36.1
202008031111,12.1 - 10.6 - 10.8 - 11.2 - 11.2 - 12.2,33.5,34.6
202008031112,12.3 - 10.7 - 11.5 - 11.8 - 12.1 - 12.6 - 13.3,34.5,38.0
202008031201,12.7 - 11.1 - 11.9 - 12.3 - 12.3 - 12.6,35.7,37.2
202008031202,12.5 - 11.5 - 12.8 - 13.0 - 12.7 - 12.4 - 12.7 - 13.2 - 12.9,36.8,38.8
202008031203,12.6 - 11.6 - 11.5 - 12.7 - 13.0 - 12.8 - 12.8 - 12.2 - 12.4 - 12.3 - 11.6 - 12.6,35.7,36.5
202008031205,12.0 - 10.6 - 11.5 - 12.2 - 12.5 - 12.6 - 13.0,34.1,38.1
202008031206,12.3 - 10.5 - 11.0 - 11.5 - 11.7 - 12.4,33.8,35.6
202008031207,12.3 - 12.1 - 13.3 - 12.2 - 12.5 - 12.6 - 12.2 - 12.7 - 13.3,37.7,38.2
202008031208,12.1 - 11.2 - 11.4 - 11.2 - 11.6 - 11.8 - 12.6,34.7,36.0
202008031209,7.1 - 11.8 - 11.9 - 13.8 - 13.6 - 12.3 - 12.2 - 12.1 - 12.3 - 12.8,30.8,37.2
202008031210,12.1 - 11.2 - 11.7 - 11.6 - 11.7 - 10.9 - 12.1,35.0,34.7
202008031211,13.0 - 11.6 - 12.1 - 13.0 - 12.7 - 12.1 - 11.9 - 10.6 - 11.9,36.7,34.4
202008031212,12.3 - 11.0 - 11.1 - 11.2 - 11.3 - 12.3,34.4,34.8
202008040101,12.4 - 11.3 - 12.5 - 12.5 - 12.7 - 12.4 - 12.6 - 12.7 - 13.2,36.2,38.5
202008040102,12.2 - 10.7 - 11.9 - 12.3 - 12.4 - 11.6 - 12.5,34.8,36.5
202008040103,12.8 - 10.9 - 11.4 - 11.8 - 12.5 - 12.4 - 12.4 - 12.6 - 13.5,35.1,38.5
202008040104,12.5 - 10.7 - 11.3 - 11.8 - 12.4 - 12.9,34.5,37.1
202008040105,12.7 - 11.5 - 12.1 - 12.5 - 11.9 - 12.0 - 11.7 - 12.2,36.3,35.9
202008040106,11.9 - 10.7 - 11.4 - 11.8 - 11.9 - 11.9 - 12.4,34.0,36.2
202008040107,12.8 - 11.2 - 11.9 - 12.4 - 13.0 - 12.4 - 12.0 - 11.6 - 12.2,35.9,35.8
202008040108,12.1 - 10.7 - 11.0 - 11.6 - 11.7 - 12.4,33.8,35.7
202008040109,12.6 - 10.5 - 11.9 - 13.0 - 13.6 - 12.4 - 12.4 - 12.7 - 12.2 - 12.1 - 12.2 - 13.2,35.0,37.5
202008040110,12.2 - 10.7 - 11.6 - 11.9 - 11.8 - 11.3 - 12.3,34.5,35.4
202008040111,11.8 - 10.5 - 10.7 - 11.6 - 11.9 - 12.1,33.0,35.6
202008040112,12.1 - 10.8 - 12.4 - 12.2 - 12.4 - 12.4 - 12.4 - 11.9 - 12.7,35.3,37.0
202008040201,12.3 - 10.9 - 11.5 - 12.0 - 12.1 - 13.0,34.7,37.1
202008040202,12.4 - 10.8 - 11.7 - 12.8 - 12.3 - 12.5 - 11.9 - 12.0,34.9,36.4
202008040203,12.6 - 11.2 - 13.0 - 12.7 - 12.6 - 12.9 - 13.2 - 12.1 - 12.0,36.8,37.3
202008040204,12.4 - 10.9 - 11.8 - 12.1 - 12.4 - 11.6 - 12.1,35.1,36.1
202008040205,12.9 - 11.4 - 11.8 - 12.1 - 12.6 - 12.5 - 12.0 - 12.1 - 12.3,36.1,36.4
202008040206,12.3 - 10.8 - 11.3 - 11.3 - 11.5 - 11.9 - 12.7,34.4,36.1
202008040207,12.2 - 11.5 - 13.0 - 12.7 - 12.7 - 12.0 - 12.3 - 12.1 - 12.9,36.7,37.3
202008040208,12.4 - 11.4 - 11.9 - 12.3 - 12.0 - 11.8 - 11.4 - 11.8,35.7,35.0
202008040209,12.5 - 11.4 - 12.1 - 11.8 - 11.8 - 11.8 - 11.8,36.0,35.4
202008040210,12.1 - 10.6 - 11.2 - 11.8 - 11.8 - 12.5,33.9,36.1
202008040211,12.8 - 10.9 - 11.8 - 12.3 - 12.6 - 12.5 - 12.7 - 12.8 - 12.2 - 11.6 - 11.6 - 11.8,35.5,35.0
202008040212,11.8 - 10.6 - 11.1 - 11.7 - 12.2 - 12.3 - 12.9,33.5,37.4
202008040301,12.2 - 11.2 - 13.2 - 13.2 - 12.9 - 12.2 - 12.2 - 12.5 - 13.0,36.6,37.7
202008040302,12.5 - 10.8 - 11.6 - 12.7 - 12.3 - 12.4 - 12.2 - 12.6,34.9,37.2
202008040303,12.4 - 11.1 - 12.3 - 12.2 - 12.5 - 13.1 - 12.8 - 12.9 - 12.1 - 12.5,35.8,37.5
202008040304,12.1 - 11.1 - 11.7 - 11.9 - 12.1 - 12.8 - 13.4,34.9,38.3
202008040305,13.2 - 12.6 - 12.7 - 12.5 - 12.6 - 12.1 - 12.0 - 11.6 - 12.0,38.5,35.6
202008040306,7.3 - 11.2 - 11.7 - 12.6 - 12.6 - 12.4 - 12.1 - 12.1 - 12.7 - 12.7,30.2,37.5
202008040307,12.4 - 11.0 - 11.6 - 11.8 - 12.1 - 12.0 - 12.4,35.0,36.5
202008040308,12.8 - 11.5 - 12.2 - 12.4 - 12.5 - 12.2 - 12.4 - 11.3 - 11.9,36.5,35.6
202008040309,13.0 - 11.9 - 13.5 - 13.3 - 12.6 - 12.9 - 12.2 - 12.0 - 11.3 - 11.9,38.4,35.2
202008040310,12.8 - 11.4 - 12.0 - 12.8 - 12.9 - 12.6 - 11.9 - 11.3 - 12.0,36.2,35.2
202008040311,12.2 - 10.8 - 12.2 - 12.3 - 12.5 - 12.2 - 11.6 - 11.6 - 12.7,35.2,35.9
202008040312,12.2 - 11.3 - 12.2 - 11.9 - 11.7 - 12.2 - 12.0,35.7,35.9
202008040401,12.3 - 11.3 - 11.3 - 11.8 - 11.8 - 12.6,34.9,36.2
202008040402,12.9 - 11.4 - 11.7 - 12.4 - 12.9 - 12.4 - 12.0 - 12.0 - 11.9,36.0,35.9
202008040403,12.2 - 10.9 - 11.7 - 12.0 - 12.0 - 11.9 - 12.6,34.8,36.5
202008040404,12.3 - 11.1 - 11.9 - 11.9 - 11.9 - 12.0 - 12.4,35.3,36.3
202008040405,13.0 - 12.0 - 13.3 - 13.5 - 12.8 - 12.8 - 12.8 - 12.0 - 11.7 - 11.9,38.3,35.6
202008040406,12.2 - 11.0 - 11.6 - 12.0 - 12.8 - 12.6 - 12.4 - 12.5 - 13.0,34.8,37.9
202008040407,12.6 - 11.0 - 11.9 - 11.9 - 12.3 - 12.6 - 12.3 - 12.2 - 12.4 - 12.2,35.5,36.8
202008040408,12.4 - 11.4 - 12.4 - 12.4 - 12.3 - 11.8 - 11.5 - 11.9 - 12.7,36.2,36.1
202008040409,12.3 - 11.1 - 11.8 - 11.7 - 11.6 - 11.9 - 12.4,35.2,35.9
202008040410,12.8 - 11.4 - 11.6 - 11.9 - 11.9 - 11.7 - 11.6 - 11.4 - 12.0,35.8,35.0
202008040411,12.3 - 10.8 - 11.8 - 12.2 - 12.3 - 12.7 - 12.1 - 12.4 - 11.9 - 12.1,34.9,36.4
202008040412,12.2 - 11.6 - 12.0 - 12.2 - 12.7 - 12.2 - 12.0 - 11.7 - 12.4,35.8,36.1
202008040501,12.5 - 11.0 - 11.7 - 12.5 - 12.5 - 12.7 - 13.3,35.2,38.5
202008040502,12.5 - 11.1 - 11.9 - 12.4 - 12.3 - 12.4 - 12.3 - 12.4,35.5,37.1
202008040503,13.1 - 12.1 - 13.2 - 12.9 - 12.8 - 13.4 - 12.1 - 11.9 - 11.7 - 12.1,38.4,35.7
202008040504,12.5 - 11.6 - 13.4 - 13.1 - 12.9 - 12.7 - 12.7 - 12.0 - 12.4,37.5,37.1
202008040505,12.4 - 10.8 - 11.2 - 11.7 - 12.1 - 12.8,34.4,36.6
202008040506,13.0 - 11.4 - 11.6 - 12.0 - 12.8 - 12.1 - 11.6 - 12.0 - 12.1,36.0,35.7
202008040507,12.2 - 11.1 - 12.0 - 11.9 - 11.8 - 12.2,35.3,35.9
202008040508,12.4 - 11.4 - 12.5 - 12.5 - 12.7 - 12.4 - 11.7 - 11.3 - 11.7,36.3,34.7
202008040509,13.2 - 12.2 - 12.5 - 12.5 - 11.6 - 11.1 - 11.3 - 11.6,37.9,34.0
202008040510,12.7 - 11.5 - 11.3 - 11.3 - 11.4 - 11.8,35.5,34.5
202008040511,12.0 - 10.8 - 11.3 - 11.2 - 11.9 - 12.2,34.1,35.3
202008040512,12.4 - 10.8 - 11.7 - 11.7 - 11.7 - 12.4 - 12.8,34.9,36.9
202008040601,12.2 - 11.3 - 12.1 - 12.0 - 12.2 - 12.3,35.6,36.5
202008040602,12.2 - 11.1 - 12.3 - 12.3 - 12.0 - 11.8 - 11.8,35.6,35.6
202008040603,12.3 - 10.9 - 12.4 - 12.9 - 13.1 - 12.9 - 12.6 - 12.9 - 12.9,35.6,38.4
202008040604,12.5 - 11.3 - 12.0 - 12.7 - 12.3 - 12.3 - 12.2 - 12.2,35.8,36.7
202008040605,12.8 - 11.4 - 12.0 - 12.8 - 13.2 - 12.7 - 11.9 - 11.6 - 11.5,36.2,35.0
202008040606,12.5 - 11.1 - 11.9 - 12.4 - 11.6 - 11.6 - 11.9 - 12.2,35.5,35.7
202008040607,6.9 - 11.2 - 12.1 - 13.1 - 12.7 - 12.6 - 12.0 - 12.4 - 12.5 - 12.9,30.2,37.8
202008040608,12.1 - 11.2 - 12.0 - 12.1 - 11.8 - 11.7 - 12.4,35.3,35.9
202008040609,12.7 - 11.3 - 12.9 - 12.9 - 12.7 - 12.6 - 12.6 - 12.0 - 11.3 - 11.6 - 11.8,36.9,34.7
202008040610,11.9 - 11.2 - 11.4 - 11.8 - 11.5 - 11.9,34.5,35.2
202008040611,12.8 - 11.9 - 12.1 - 13.3 - 12.1 - 11.9 - 13.1 - 12.4 - 12.5 - 12.7 - 12.9 - 12.2 - 11.8 - 11.6 - 12.2,36.8,35.6
202008040612,12.1 - 11.0 - 11.3 - 11.8 - 11.8 - 12.2 - 13.1,34.4,37.1
202008040701,12.5 - 11.5 - 13.5 - 13.1 - 13.2 - 13.1 - 12.4 - 12.3 - 12.5,37.5,37.2
202008040702,12.2 - 11.2 - 11.9 - 12.2 - 12.2 - 12.5 - 14.0,35.3,38.7
202008040703,12.6 - 11.0 - 11.5 - 12.2 - 12.5 - 12.0 - 11.8 - 11.6 - 12.3,35.1,35.7
202008040704,12.7 - 11.7 - 12.1 - 12.8 - 12.5 - 12.0 - 11.4 - 11.9,36.5,35.3
202008040705,12.9 - 11.9 - 13.6 - 13.3 - 12.3 - 12.7 - 12.0 - 11.9 - 11.6 - 11.8,38.4,35.3
202008040706,12.3 - 11.3 - 13.1 - 12.3 - 12.9 - 12.8 - 12.1 - 12.3 - 13.0,36.7,37.4
202008040707,12.4 - 11.2 - 11.8 - 11.7 - 11.5 - 11.5 - 12.2,35.4,35.2
202008040708,12.2 - 10.9 - 11.6 - 12.0 - 12.0 - 12.4 - 12.7,34.7,37.1
202008040709,12.9 - 11.0 - 11.7 - 12.7 - 13.1 - 12.3 - 11.5 - 11.2 - 11.7,35.6,34.4
202008040710,12.7 - 11.2 - 11.5 - 13.2 - 12.9 - 12.5 - 12.1 - 12.3 - 11.9 - 11.8 - 11.6 - 12.6,35.4,36.0
202008040711,12.6 - 11.2 - 11.7 - 11.4 - 11.1 - 11.0 - 12.2,35.5,34.3
202008040712,12.1 - 11.7 - 13.2 - 12.3 - 11.9 - 12.4 - 12.3 - 12.1 - 12.3,37.0,36.7
202008040801,12.4 - 11.2 - 11.9 - 12.2 - 12.4 - 13.0,35.5,37.6
202008040802,12.3 - 10.9 - 11.1 - 11.6 - 12.2 - 12.4,34.3,36.2
202008040803,12.8 - 11.3 - 12.4 - 12.9 - 12.8 - 12.6 - 12.1 - 12.0 - 11.9 - 12.0,36.5,35.9
202008040804,12.5 - 11.6 - 12.7 - 12.8 - 12.3 - 12.0 - 12.5,36.8,36.8
202008040805,12.5 - 11.3 - 12.1 - 12.0 - 11.9 - 11.3 - 11.9,35.9,35.1
202008040806,12.4 - 11.4 - 12.6 - 12.5 - 12.1 - 12.0 - 12.1 - 12.6 - 13.4,36.4,38.1
202008040807,13.5 - 12.6 - 12.7 - 13.1 - 13.0 - 12.5 - 12.3 - 12.3 - 11.6 - 11.7 - 11.6 - 12.3,38.8,35.6
202008040808,12.6 - 12.0 - 12.8 - 12.5 - 12.3 - 12.4 - 11.9 - 11.3 - 11.4 - 12.0,37.4,34.7
202008040809,12.7 - 11.8 - 12.5 - 12.4 - 11.7 - 11.5 - 11.0 - 12.1,37.0,34.6
202008040810,7.1 - 11.5 - 11.7 - 13.0 - 12.5 - 12.5 - 12.3 - 12.0 - 12.0 - 12.7,30.3,36.7
202008040811,12.5 - 11.2 - 11.4 - 12.0 - 12.3 - 11.9 - 11.6 - 11.1 - 12.1,35.1,34.8
202008040812,12.2 - 10.8 - 11.6 - 11.9 - 12.1 - 12.1,34.6,36.1
202009010101,13.1 - 11.9 - 13.6 - 13.0 - 12.9 - 12.9 - 12.8 - 12.7 - 13.2,38.6,38.7
202009010102,12.4 - 11.5 - 11.9 - 12.0 - 12.3 - 12.4 - 13.0,35.8,37.7
202009010103,12.9 - 11.4 - 13.3 - 13.3 - 13.2 - 13.1 - 12.7 - 12.7 - 12.4,37.6,37.8
202009010104,12.8 - 11.0 - 12.3 - 12.4 - 12.5 - 13.5,36.1,38.4
202009010105,12.7 - 11.6 - 12.9 - 13.3 - 13.1 - 13.1 - 12.6 - 12.2 - 11.8 - 11.3 - 11.2 - 11.5,37.2,34.0
202009010106,12.3 - 11.9 - 12.3 - 11.8 - 11.6 - 12.0,36.5,35.4
202009010107,12.3 - 11.4 - 11.9 - 12.3 - 12.4 - 12.3 - 12.9,35.6,37.6
202009010108,12.8 - 11.9 - 12.8 - 13.1 - 13.1 - 12.2 - 11.1 - 10.7 - 11.3,37.5,33.1
202009010109,12.2 - 11.2 - 11.8 - 12.2 - 11.9 - 11.0 - 11.2 - 12.1,35.2,34.3
202009010110,12.0 - 11.0 - 11.4 - 11.5 - 11.3 - 12.1,34.4,34.9
202009010111,12.6 - 11.1 - 11.4 - 13.4 - 12.8 - 12.4 - 12.5 - 12.4 - 12.4 - 13.1,35.1,37.9
202009010112,12.6 - 11.0 - 11.3 - 11.8 - 11.8 - 11.7 - 11.8 - 12.4,34.9,35.9
202009010201,12.0 - 10.9 - 11.8 - 12.5 - 12.5 - 12.4 - 13.2,34.7,38.1
202009010202,12.9 - 11.2 - 12.9 - 12.5 - 13.0 - 13.2 - 12.7 - 12.2 - 12.9,37.0,37.8
202009010203,12.2 - 10.7 - 11.7 - 12.0 - 12.2 - 13.3,34.6,37.5
202009010204,12.4 - 11.1 - 12.0 - 12.6 - 12.5 - 12.1 - 11.6 - 11.6 - 12.4,35.5,35.6
202009010205,12.7 - 11.5 - 13.0 - 13.1 - 13.2 - 13.2 - 12.8 - 12.2 - 11.7 - 11.7,37.2,35.6
202009010206,12.7 - 11.2 - 12.9 - 12.5 - 13.0 - 12.8 - 12.3 - 11.9 - 12.8,36.8,37.0
202009010207,12.3 - 11.6 - 11.7 - 11.9 - 11.7 - 12.7,35.6,36.3
202009010208,12.7 - 11.4 - 11.5 - 11.8 - 11.8 - 11.9 - 11.3 - 11.5 - 12.4,35.6,35.2
202009010209,13.0 - 11.6 - 13.3 - 12.5 - 12.3 - 12.5 - 12.2 - 11.9 - 12.0,37.9,36.1
202009010210,12.9 - 11.9 - 11.8 - 12.7 - 12.2 - 12.1 - 12.1 - 11.7 - 11.3 - 11.7 - 12.3,36.6,35.3
202009010211,12.1 - 10.7 - 11.3 - 11.4 - 11.3 - 11.6 - 11.9,34.1,34.8
202009010212,12.3 - 11.1 - 11.8 - 11.8 - 11.7 - 12.5,35.2,36.0
202009010301,13.0 - 12.0 - 14.2 - 13.6 - 13.3 - 13.3 - 12.7 - 12.4 - 12.6,39.2,37.7
202009010302,12.2 - 11.2 - 12.2 - 12.9 - 12.7 - 12.0 - 12.6,35.6,37.3
202009010303,12.7 - 11.0 - 13.6 - 13.7 - 13.0 - 13.2 - 13.1 - 12.4 - 12.8,37.3,38.3
202009010304,12.2 - 10.7 - 11.6 - 12.7 - 12.9 - 13.1 - 13.6,34.5,39.6
202009010305,12.4 - 11.3 - 12.3 - 12.4 - 12.4 - 12.2 - 12.0 - 11.7 - 11.5 - 12.1,36.0,35.3
202009010306,12.2 - 10.6 - 11.7 - 11.4 - 11.2 - 11.6 - 11.9,34.5,34.7
202009010307,12.3 - 11.0 - 11.5 - 11.9 - 12.0 - 13.3,34.8,37.2
202009010308,12.8 - 11.2 - 13.4 - 13.1 - 13.0 - 12.7 - 12.4 - 12.1 - 12.8,37.4,37.3
202009010309,12.1 - 10.5 - 11.1 - 11.4 - 11.5 - 11.5 - 12.2,33.7,35.2
202009010310,12.6 - 11.4 - 12.5 - 12.7 - 12.4 - 12.4 - 11.9 - 11.2 - 11.4 - 11.6,36.5,34.2
202009010311,12.2 - 11.2 - 11.7 - 12.0 - 12.2 - 11.3 - 10.9 - 11.8,35.1,34.0
202009010312,12.0 - 10.9 - 11.9 - 12.5 - 12.4 - 12.3 - 12.9,34.8,37.6
202009010401,12.3 - 10.8 - 11.7 - 12.5 - 12.9 - 12.6 - 12.5,34.8,38.0
202009010402,12.8 - 10.9 - 13.3 - 12.6 - 12.9 - 12.9 - 12.8 - 12.1 - 12.6,37.0,37.5
202009010403,12.5 - 11.2 - 11.7 - 12.2 - 12.1 - 12.7,35.4,37.0
202009010404,12.9 - 11.8 - 13.8 - 13.3 - 13.1 - 12.8 - 12.3 - 12.3 - 12.9,38.5,37.5
202009010405,12.6 - 10.9 - 11.9 - 12.4 - 12.3 - 11.5 - 11.6 - 12.4,35.4,35.5
202009010406,12.7 - 11.4 - 13.3 - 12.5 - 12.2 - 12.0 - 12.0 - 12.4 - 12.9,37.4,37.3
202009010407,12.5 - 10.8 - 11.6 - 12.2 - 12.0 - 12.2 - 12.7,34.9,36.9
202009010408,12.9 - 11.2 - 12.7 - 12.7 - 12.2 - 12.1 - 11.9 - 11.6 - 11.8 - 12.5,36.8,35.9
202009010409,12.6 - 11.1 - 11.4 - 12.8 - 12.6 - 12.4 - 11.8 - 11.4 - 12.2,35.1,35.4
202009010410,12.1 - 10.8 - 11.7 - 12.0 - 11.9 - 11.6 - 12.6,34.6,36.1
202009010411,12.5 - 11.3 - 11.7 - 12.1 - 11.9 - 11.9 - 11.4 - 11.5 - 12.6,35.5,35.5
202009010412,12.6 - 11.1 - 12.7 - 12.4 - 12.7 - 12.6 - 12.2 - 12.5 - 12.8,36.4,37.5
202009010501,12.4 - 11.0 - 11.9 - 12.1 - 12.0 - 12.5,35.3,36.6
202009010502,13.2 - 11.8 - 13.3 - 13.1 - 13.2 - 12.9 - 12.5 - 12.2 - 12.4,38.3,37.1
202009010503,12.4 - 10.8 - 11.6 - 12.4 - 12.5 - 12.4 - 12.9,34.8,37.8
202009010504,13.0 - 11.3 - 13.2 - 12.8 - 13.0 - 13.2 - 13.0 - 12.4 - 12.6,37.5,38.0
202009010505,12.8 - 11.0 - 11.9 - 12.3 - 12.5 - 11.6 - 11.8 - 12.9,35.7,36.3
202009010506,12.4 - 11.1 - 11.3 - 11.7 - 12.3 - 12.6 - 11.7 - 12.2 - 13.4,34.8,37.3
202009010507,12.5 - 11.1 - 11.8 - 11.9 - 12.1 - 12.1 - 13.2,35.4,37.4
202009010509,12.6 - 11.3 - 12.5 - 12.4 - 12.6 - 12.8 - 13.0 - 12.5 - 12.5 - 11.8 - 11.6 - 12.6,36.4,36.0
202009010510,12.4 - 10.9 - 11.5 - 11.3 - 11.3 - 11.7 - 12.4,34.8,35.4
202009010511,12.0 - 10.8 - 11.5 - 11.8 - 12.0 - 11.9 - 12.5,34.3,36.4
202009010512,12.6 - 11.1 - 13.1 - 12.7 - 12.5 - 12.3 - 12.2 - 12.3 - 13.0,36.8,37.5
202009010601,13.0 - 12.3 - 14.4 - 13.7 - 13.3 - 13.2 - 12.0 - 12.4 - 12.9,39.7,37.3
202009010602,12.3 - 11.3 - 12.3 - 12.3 - 12.2 - 13.1,35.9,37.6
202009010603,13.0 - 11.1 - 13.3 - 12.6 - 12.3 - 12.9 - 13.4 - 12.9 - 13.1,37.4,39.4
202009010604,12.5 - 11.4 - 11.6 - 12.4 - 12.8 - 12.4 - 11.6 - 11.5 - 12.5,35.5,35.6
202009010605,12.8 - 10.9 - 12.1 - 12.5 - 13.2 - 12.4 - 12.1 - 12.6 - 12.8 - 12.1 - 11.9 - 12.6,35.8,36.6
202009010606,12.1 - 10.7 - 11.4 - 11.9 - 12.4 - 12.8 - 13.3,34.2,38.5
202009010607,12.3 - 10.9 - 11.8 - 12.3 - 12.4 - 12.0 - 11.7 - 12.3,35.0,36.0
202009010608,13.3 - 11.9 - 13.9 - 12.4 - 12.4 - 12.5 - 12.6 - 12.4 - 12.8,39.1,37.8
202009010609,12.1 - 11.2 - 11.5 - 12.5 - 12.6 - 12.6 - 12.9 - 12.9 - 12.7 - 12.2 - 12.0 - 11.6 - 12.5,34.8,36.1
202009010610,12.9 - 11.6 - 11.8 - 13.5 - 12.8 - 12.3 - 12.5 - 12.5 - 12.5 - 12.7,36.3,37.7
202009010611,12.0 - 10.4 - 11.0 - 11.6 - 11.5 - 12.0 - 12.5,33.4,36.0
202009010612,12.2 - 10.9 - 11.5 - 12.0 - 11.9 - 12.2,34.6,36.1
202009010701,12.1 - 10.6 - 11.4 - 11.7 - 12.2 - 13.3 - 14.2,34.1,39.7
202009010702,13.2 - 11.1 - 13.1 - 12.7 - 12.8 - 13.1 - 13.2 - 13.3 - 13.3,37.4,39.8
202009010703,12.1 - 11.2 - 11.9 - 12.0 - 13.1 - 14.0,35.2,39.1
202009010704,13.1 - 11.2 - 12.4 - 14.3 - 13.5 - 13.2 - 13.1 - 12.7 - 12.9 - 13.3,36.7,38.9
202009010705,13.4 - 11.9 - 14.0 - 13.2 - 12.7 - 12.9 - 12.7 - 12.0 - 12.9,39.3,37.6
202009010706,12.8 - 11.1 - 11.6 - 12.5 - 12.7 - 12.4 - 11.3 - 11.4 - 12.1,35.5,34.8
202009010707,13.0 - 12.1 - 13.9 - 12.8 - 12.7 - 12.7 - 12.6 - 12.1 - 12.9,39.0,37.6
202009010708,13.1 - 11.3 - 13.0 - 13.0 - 12.5 - 12.4 - 12.4 - 12.4 - 12.0 - 11.5 - 11.7 - 12.7,37.4,35.9
202009010709,12.0 - 10.6 - 11.6 - 11.3 - 11.7 - 12.1,34.2,35.1
202009010710,12.2 - 10.7 - 11.3 - 12.3 - 12.4 - 12.8 - 12.9,34.2,38.1
202009010711,12.5 - 12.0 - 11.9 - 13.1 - 12.8 - 12.4 - 12.1 - 11.7 - 11.4 - 11.2 - 11.8,36.4,34.4
202009010712,12.3 - 11.3 - 11.9 - 12.1 - 12.0 - 12.9,35.5,37.0
202009010801,12.7 - 11.1 - 13.9 - 13.1 - 13.0 - 13.2 - 13.2 - 12.6 - 13.4,37.7,39.2
202009010802,12.5 - 11.1 - 12.1 - 12.8 - 12.6 - 13.0,35.7,38.4
202009010803,12.8 - 11.3 - 13.8 - 12.7 - 12.8 - 13.0 - 12.9 - 13.0 - 13.4,37.9,39.3
202009010804,12.4 - 10.8 - 11.9 - 12.9 - 12.9 - 12.6 - 12.8,35.1,38.3
202009010805,12.4 - 10.6 - 12.3 - 12.5 - 12.2 - 11.2 - 11.0 - 12.1,35.3,34.3
202009010806,12.4 - 10.9 - 11.1 - 12.4 - 12.9 - 12.8 - 12.7 - 12.2 - 11.8 - 12.3 - 12.0,34.4,36.1
202009010807,12.3 - 11.1 - 11.8 - 12.6 - 12.4 - 12.4 - 13.3,35.2,38.1
202009010808,12.7 - 11.4 - 13.5 - 13.2 - 13.1 - 13.0 - 12.6 - 12.7 - 12.8,37.6,38.1
202009010809,12.6 - 12.0 - 12.3 - 13.8 - 12.9 - 12.1 - 12.4 - 12.4 - 12.4 - 12.8,36.9,37.6
202009010810,12.2 - 11.4 - 11.2 - 11.1 - 11.2 - 11.7,34.8,34.0
202009010811,12.3 - 10.6 - 12.2 - 12.5 - 12.3 - 12.1 - 11.9 - 11.5 - 11.5 - 11.7,35.1,34.7
202009010812,12.3 - 10.8 - 11.4 - 12.5 - 13.2 - 12.5 - 12.7,34.5,38.4
202009010901,12.5 - 11.0 - 11.8 - 12.5 - 12.3 - 12.4 - 13.1,35.3,37.8
202009010902,13.1 - 11.2 - 13.3 - 13.0 - 12.7 - 12.8 - 12.5 - 12.8 - 13.3,37.6,38.6
202009010903,12.1 - 10.8 - 11.5 - 11.8 - 11.6 - 11.3 - 12.1,34.4,35.0
202009010905,12.7 - 11.1 - 12.5 - 12.2 - 12.0 - 12.3 - 12.1 - 11.9 - 11.9 - 12.2,36.3,36.0
202009010906,12.9 - 11.2 - 12.9 - 12.1 - 12.8 - 13.2 - 13.3 - 13.4 - 13.5,37.0,40.2
202009010907,12.7 - 10.9 - 11.8 - 14.0 - 13.2 - 13.1 - 13.0 - 13.2 - 12.8 - 13.1,35.4,39.1
202009010908,12.5 - 11.1 - 12.4 - 12.2 - 11.4 - 11.1 - 11.4 - 12.0,36.0,34.5
202009010909,12.7 - 11.5 - 11.7 - 11.6 - 11.6 - 11.7 - 11.2 - 11.5 - 12.6,35.9,35.3
202009010910,12.1 - 10.7 - 11.5 - 12.2 - 12.1 - 13.1,34.3,37.4
202009010911,13.2 - 12.2 - 12.3 - 12.2 - 12.7 - 12.4 - 12.2 - 12.4 - 11.6 - 11.7 - 11.9 - 11.9 - 11.8 - 12.0 - 12.5,37.7,36.3
202009010912,12.6 - 10.6 - 13.3 - 13.0 - 13.3 - 12.7 - 12.7 - 12.2 - 12.8,36.5,37.7
202009020101,12.9 - 11.3 - 14.2 - 13.3 - 13.3 - 12.6 - 12.2 - 12.1 - 12.7,38.4,37.0
202009020102,12.5 - 11.1 - 11.7 - 11.6 - 12.0 - 12.7,35.3,36.3
202009020103,13.1 - 11.2 - 12.9 - 12.5 - 12.8 - 12.3 - 12.0 - 13.0 - 13.1,37.2,38.1
202009020104,12.8 - 11.2 - 12.2 - 12.1 - 12.0 - 11.3 - 11.5 - 12.5,36.2,35.3
202009020105,12.9 - 10.9 - 12.2 - 12.3 - 12.4 - 12.6 - 12.2 - 12.3 - 12.6 - 12.3,36.0,37.2
202009020106,12.8 - 10.8 - 13.1 - 12.5 - 11.9 - 12.0 - 12.8 - 12.1 - 12.8,36.7,37.7
202009020107,12.3 - 10.9 - 11.7 - 12.1 - 12.1 - 12.3 - 13.3,34.9,37.7
202009020108,13.0 - 11.7 - 14.0 - 12.8 - 12.4 - 12.1 - 12.1 - 12.2 - 12.7,38.7,37.0
202009020109,12.8 - 11.5 - 12.0 - 12.6 - 12.7 - 12.1 - 11.3 - 11.1 - 12.0,36.3,34.4
202009020110,12.5 - 11.3 - 11.8 - 12.2 - 11.7 - 11.2 - 11.2 - 12.0,35.6,34.4
202009020111,12.9 - 11.1 - 11.4 - 11.9 - 12.3 - 12.1 - 11.7 - 12.1 - 12.4,35.4,36.2
202009020112,12.3 - 10.9 - 11.4 - 11.7 - 12.0 - 12.8,34.6,36.5
202009020201,12.8 - 11.0 - 13.3 - 12.7 - 12.8 - 12.8 - 12.3 - 12.7 - 13.2,37.1,38.2
202009020202,12.1 - 10.9 - 11.8 - 12.0 - 12.5 - 13.5,34.8,38.0
202009020203,12.8 - 11.1 - 12.6 - 12.1 - 12.4 - 12.9 - 12.4 - 12.7 - 13.3,36.5,38.4
202009020205,12.4 - 11.1 - 11.7 - 12.1 - 12.0 - 12.4 - 12.9,35.2,37.3
202009020206,12.8 - 11.3 - 11.9 - 12.8 - 12.3 - 11.7 - 11.5 - 11.7 - 12.7,36.0,35.9
202009020207,12.2 - 10.9 - 11.4 - 11.8 - 11.6 - 12.0 - 12.3,34.5,35.9
202009020208,12.8 - 11.5 - 13.5 - 12.3 - 12.0 - 12.1 - 12.2 - 12.4 - 13.3,37.8,37.9
202009020209,12.7 - 11.4 - 12.9 - 12.7 - 12.3 - 12.0 - 11.8 - 11.5 - 12.0 - 12.1,37.0,35.6
202009020210,13.0 - 11.3 - 12.0 - 12.2 - 12.1 - 11.5 - 11.3 - 12.0,36.3,34.8
202009020211,12.4 - 10.8 - 11.7 - 12.0 - 11.8 - 11.7 - 11.3 - 12.4,34.9,35.4
202009020212,12.8 - 11.4 - 13.5 - 13.1 - 12.7 - 12.1 - 12.0 - 12.5 - 12.4,37.7,36.9
202009020301,12.4 - 11.0 - 11.5 - 12.4 - 12.7 - 12.5 - 13.1,34.9,38.3
202009020302,12.5 - 10.8 - 11.7 - 12.0 - 12.7 - 13.2,35.0,37.9
202009020303,13.0 - 11.3 - 11.9 - 13.8 - 13.3 - 13.4 - 13.1 - 12.8 - 12.6 - 12.7,36.2,38.1
202009020304,12.8 - 10.8 - 11.6 - 12.5 - 12.4 - 11.7 - 11.5 - 11.7,35.2,34.9
202009020305,12.2 - 10.6 - 11.3 - 12.3 - 12.4 - 12.4 - 13.4,34.1,38.2
202009020306,12.9 - 11.5 - 13.2 - 12.4 - 12.4 - 12.3 - 12.7 - 12.6 - 13.2,37.6,38.5
202009020307,12.6 - 10.7 - 11.4 - 12.1 - 12.0 - 12.4 - 13.1,34.7,37.5
202009020309,12.8 - 11.8 - 12.9 - 12.8 - 12.8 - 12.6 - 12.6 - 12.4 - 11.8 - 11.5 - 11.3 - 12.1,37.5,34.9
202009020310,12.6 - 11.7 - 12.2 - 12.2 - 12.1 - 11.7 - 11.6 - 11.6 - 12.1 - 11.9,36.5,35.6
202009020311,12.3 - 10.7 - 11.2 - 11.8 - 11.8 - 12.2 - 12.5,34.2,36.5
202009020312,13.0 - 11.3 - 13.9 - 11.9 - 12.5 - 12.7 - 12.5 - 12.4 - 13.0,38.2,37.9
202009020401,13.2 - 11.4 - 12.9 - 12.9 - 12.8 - 12.7 - 12.9 - 13.6 - 13.1,37.5,39.6
202009020402,12.3 - 10.9 - 11.8 - 12.2 - 12.0 - 12.6 - 13.3,35.0,37.9
202009020403,13.2 - 11.6 - 13.2 - 12.8 - 12.6 - 13.1 - 12.7 - 12.7 - 13.4,38.0,38.8
202009020404,12.9 - 11.7 - 12.7 - 12.8 - 12.9 - 12.8 - 12.9 - 12.4 - 11.9 - 11.6 - 11.6 - 12.0,37.3,35.2
202009020405,12.9 - 11.4 - 13.1 - 12.8 - 13.1 - 12.2 - 12.2 - 12.8 - 13.3,37.4,38.3
202009020406,12.8 - 11.0 - 12.2 - 12.1 - 11.7 - 12.0 - 11.9 - 11.7 - 12.3 - 12.5,36.0,36.5
202009020407,12.3 - 10.9 - 11.4 - 11.6 - 12.2 - 12.8,34.6,36.6
202009020408,12.1 - 10.5 - 11.8 - 12.5 - 12.1 - 12.5 - 13.1,34.4,37.7
202009020409,12.3 - 11.1 - 11.3 - 11.1 - 11.1 - 11.8,34.7,34.0
202009020410,12.5 - 11.0 - 11.8 - 12.1 - 12.0 - 12.0 - 11.2 - 11.2 - 11.5,35.3,33.9
202009020411,12.9 - 11.7 - 12.3 - 11.9 - 11.6 - 12.1 - 11.7 - 11.3 - 11.2 - 11.7,36.9,34.2
202009020412,12.3 - 10.9 - 11.7 - 11.9 - 12.3 - 11.9 - 12.9,34.9,37.1
202009020501,12.3 - 11.0 - 12.0 - 12.6 - 12.6 - 12.0 - 12.9,35.3,37.5
202009020502,12.9 - 11.3 - 12.7 - 12.1 - 12.4 - 13.4 - 13.2 - 13.1 - 13.3,36.9,39.6
202009020503,12.3 - 11.3 - 11.9 - 12.0 - 11.9 - 12.9,35.5,36.8
202009020504,12.6 - 10.8 - 11.5 - 11.8 - 11.8 - 11.4 - 12.1,34.9,35.3
202009020505,12.8 - 10.8 - 13.2 - 12.5 - 12.7 - 12.8 - 12.5 - 12.3 - 13.1,36.8,37.9
202009020506,12.6 - 11.6 - 11.7 - 12.1 - 12.0 - 11.3 - 11.2 - 12.1,35.9,34.6
202009020507,13.0 - 11.6 - 13.1 - 12.6 - 12.7 - 13.0 - 12.5 - 12.3 - 13.2,37.7,38.0
202009020508,12.4 - 11.1 - 12.1 - 12.4 - 11.9 - 12.8,35.6,37.1
202009020509,12.5 - 11.3 - 12.0 - 12.3 - 11.7 - 11.2 - 10.9 - 12.0,35.8,34.1
202009020510,13.5 - 12.7 - 13.3 - 13.0 - 12.3 - 12.6 - 12.6 - 12.2 - 11.7 - 11.3 - 11.4 - 12.0,39.5,34.7
202009020511,12.3 - 10.8 - 11.4 - 12.0 - 11.9 - 11.2 - 11.7 - 11.6,34.5,34.5
202009020512,12.7 - 11.3 - 13.1 - 12.5 - 12.7 - 12.6 - 12.6 - 12.5 - 13.4,37.1,38.5
202009020601,12.8 - 11.5 - 13.7 - 13.3 - 13.1 - 12.8 - 12.5 - 12.6 - 13.2,38.0,38.3
202009020602,12.4 - 11.1 - 11.7 - 12.2 - 12.4 - 13.6,35.2,38.2
202009020603,12.9 - 11.7 - 13.0 - 12.6 - 13.0 - 12.7 - 12.2 - 12.2 - 13.9,37.6,38.3
202009020604,12.6 - 11.4 - 12.9 - 12.9 - 12.5 - 12.8 - 12.2 - 11.8 - 12.1 - 11.9,36.9,35.8
202009020605,12.3 - 10.9 - 11.8 - 12.6 - 12.1 - 12.7,35.0,37.4
202009020606,12.7 - 11.0 - 11.3 - 13.1 - 13.0 - 13.2 - 12.9 - 12.8 - 12.4 - 13.4,35.0,38.6
202009020607,12.4 - 11.1 - 11.6 - 12.0 - 12.0 - 11.8 - 11.8 - 12.2,35.1,35.8
202009020608,12.5 - 10.9 - 11.5 - 12.1 - 12.2 - 12.2 - 13.0,34.9,37.4
202009020609,12.7 - 11.6 - 13.1 - 13.1 - 13.1 - 12.6 - 12.2 - 11.9 - 11.5 - 11.8,37.4,35.2
202009020610,12.4 - 10.6 - 11.2 - 11.6 - 11.8 - 12.3,34.2,35.7
202009020611,12.4 - 11.2 - 11.3 - 11.6 - 11.5 - 11.7 - 12.6 - 13.8,34.9,38.1
202009020612,12.4 - 11.0 - 12.7 - 12.3 - 13.1 - 12.8 - 12.8 - 11.8 - 12.7,36.1,37.3
202009020701,12.4 - 10.5 - 11.4 - 12.3 - 12.3 - 12.7 - 13.6,34.3,38.6
202009020702,12.8 - 10.7 - 12.4 - 12.4 - 12.5 - 13.2 - 13.2 - 12.8 - 12.9,35.9,38.9
202009020703,12.3 - 10.7 - 11.6 - 11.8 - 12.2 - 13.2,34.6,37.2
202009020704,12.8 - 11.2 - 11.9 - 12.3 - 12.6 - 12.3 - 11.4 - 11.6 - 12.1,35.9,35.1
202009020705,12.4 - 11.6 - 12.8 - 13.5 - 12.6 - 12.5 - 12.2 - 11.8 - 11.8 - 12.0 - 13.5,36.8,37.3
202009020706,12.3 - 10.8 - 11.3 - 11.2 - 11.6 - 12.4,34.4,35.2
202009020707,13.0 - 11.8 - 13.8 - 12.6 - 12.3 - 12.2 - 12.1 - 11.9 - 12.2,38.6,36.2
202009020708,12.3 - 10.4 - 11.4 - 11.9 - 12.3 - 12.1 - 13.3,34.1,37.7
202009020709,12.4 - 11.4 - 11.7 - 11.9 - 12.0 - 11.8 - 11.6 - 12.0 - 13.2,35.5,36.8
202009020710,12.1 - 10.8 - 11.6 - 11.6 - 11.6 - 12.9,34.5,36.1
202009020711,12.4 - 10.8 - 10.9 - 11.6 - 11.9 - 11.7 - 12.1 - 12.9,34.1,36.7
202009020712,12.7 - 12.0 - 12.2 - 13.0 - 12.3 - 12.1 - 12.1 - 12.2 - 12.6 - 13.9,36.9,38.7
202009020801,12.9 - 11.2 - 13.5 - 12.7 - 12.5 - 12.3 - 12.0 - 12.1 - 13.3,37.6,37.4
202009020802,12.4 - 10.7 - 11.7 - 12.5 - 12.6 - 12.5 - 12.8,34.8,37.9
202009020803,12.8 - 12.1 - 12.5 - 14.3 - 13.5 - 12.5 - 12.5 - 12.6 - 12.6 - 13.3,37.4,38.5
202009020804,12.5 - 11.2 - 11.9 - 12.0 - 11.8 - 11.7 - 11.6 - 11.9,35.6,35.2
202009020805,12.2 - 10.9 - 11.6 - 12.3 - 12.4 - 12.0 - 12.9,34.7,37.3
202009020806,13.1 - 11.7 - 12.5 - 12.3 - 12.6 - 12.3 - 11.9 - 11.9 - 11.5 - 11.8,37.3,35.2
202009020807,12.4 - 11.2 - 12.0 - 11.8 - 11.8 - 12.7,35.6,36.3
202009020808,12.9 - 11.6 - 12.5 - 13.7 - 12.9 - 12.7 - 12.6 - 11.5 - 11.5 - 11.6 - 12.2,37.0,35.3
202009020809,12.5 - 10.9 - 11.1 - 11.2 - 11.4 - 11.2 - 12.7,34.5,35.3
202009020810,12.8 - 11.8 - 13.3 - 12.8 - 12.7 - 12.9 - 12.3 - 12.2 - 11.5 - 10.8 - 11.5 - 12.1,37.9,34.4
202009020811,12.6 - 10.9 - 13.1 - 12.3 - 12.2 - 12.1 - 12.0 - 11.9 - 12.7,36.6,36.6
202009020812,12.3 - 10.7 - 11.4 - 11.5 - 12.1 - 13.2,34.4,36.8
202009030101,12.3 - 10.9 - 11.7 - 12.3 - 12.3 - 12.9 - 13.8,34.9,39.0
202009030102,12.9 - 11.2 - 13.2 - 12.6 - 12.6 - 12.9 - 13.0 - 13.0 - 13.2,37.3,39.2
202009030103,12.6 - 11.0 - 11.9 - 12.1 - 12.3 - 13.2,35.5,37.6
202009030104,12.7 - 11.3 - 12.6 - 12.9 - 12.8 - 13.1 - 12.2 - 11.6 - 11.2 - 11.7,36.6,34.5
202009030105,12.7 - 11.9 - 12.0 - 12.8 - 12.7 - 11.6 - 11.2 - 11.7,36.6,34.5
202009030106,12.5 - 11.0 - 11.6 - 11.8 - 11.9 - 11.3 - 11.7 - 12.1,35.1,35.1
202009030107,12.7 - 10.8 - 13.5 - 12.6 - 12.3 - 12.6 - 12.7 - 12.6 - 13.4,37.0,38.7
202009030108,12.2 - 10.8 - 11.1 - 11.1 - 11.5 - 12.5,34.1,35.1
202009030109,12.6 - 11.2 - 11.8 - 12.7 - 12.6 - 12.1 - 11.3 - 11.2 - 12.2,35.6,34.7
202009030110,12.2 - 10.7 - 11.3 - 11.9 - 12.0 - 12.6 - 13.4,34.2,38.0
202009030111,12.2 - 11.0 - 12.8 - 12.2 - 11.8 - 12.2 - 11.6 - 11.7 - 12.1 - 12.5,36.0,36.3
202009030112,12.4 - 11.0 - 11.8 - 12.0 - 12.1 - 12.4,35.2,36.5
202009030202,12.5 - 11.4 - 12.5 - 12.7 - 11.8 - 10.6 - 11.0 - 11.8,36.4,33.4
202009030203,12.7 - 10.9 - 14.0 - 13.5 - 12.9 - 12.8 - 12.8 - 12.8 - 13.0,37.6,38.6
202009030204,12.3 - 11.1 - 11.9 - 12.0 - 12.3 - 12.8 - 13.8,35.3,38.9
202009030205,12.6 - 11.2 - 12.0 - 12.0 - 11.6 - 11.2 - 11.4,35.8,34.2
202009030206,12.9 - 11.7 - 12.3 - 14.3 - 13.3 - 12.3 - 13.0 - 12.9 - 13.0 - 13.2,36.9,39.1
202009030207,12.7 - 11.2 - 13.7 - 13.0 - 13.0 - 13.2 - 12.4 - 12.4 - 13.4,37.6,38.2
202009030208,12.7 - 11.1 - 12.3 - 12.3 - 12.6 - 12.7 - 12.1 - 11.7 - 11.1 - 11.7,36.1,34.5
202009030209,12.1 - 11.3 - 11.1 - 10.7 - 11.2 - 12.0,34.5,33.9
202009030210,12.6 - 11.5 - 13.8 - 13.0 - 11.8 - 12.3 - 12.7 - 12.7 - 12.9,37.9,38.3
202009030211,12.6 - 11.0 - 11.9 - 11.7 - 11.6 - 11.1 - 11.0 - 12.3,35.5,34.4
202009030212,12.1 - 10.7 - 12.3 - 12.2 - 12.2 - 12.4 - 13.8,35.1,38.4
202009030301,12.5 - 11.2 - 13.2 - 12.7 - 12.6 - 12.7 - 12.9 - 12.6 - 12.8,36.9,38.3
202009030302,12.5 - 11.2 - 12.0 - 11.9 - 12.2 - 12.3,35.7,36.4
202009030303,12.7 - 10.8 - 12.6 - 12.8 - 12.7 - 12.2 - 12.5 - 12.7 - 12.8,36.1,38.0
202009030304,12.2 - 10.7 - 11.7 - 12.1 - 12.1 - 11.9 - 11.7 - 12.9,34.6,36.5
202009030305,12.5 - 11.0 - 12.1 - 12.2 - 11.2 - 11.8,35.6,35.2
202009030306,12.4 - 10.8 - 11.1 - 12.1 - 12.1 - 12.1 - 11.8 - 12.5 - 13.5,34.3,37.8
202009030307,12.0 - 10.4 - 11.0 - 11.9 - 12.6 - 12.6 - 12.6,33.4,37.8
202009030308,12.7 - 11.1 - 12.9 - 12.6 - 13.0 - 12.8 - 12.5 - 11.8 - 12.0,36.7,36.3
202009030309,12.9 - 11.5 - 12.8 - 12.5 - 12.0 - 11.9 - 12.3 - 12.5 - 12.7 - 12.0 - 12.2 - 12.4,37.2,36.6
202009030310,12.5 - 11.2 - 11.8 - 13.1 - 12.8 - 12.4 - 12.1 - 12.0 - 12.2 - 12.0 - 12.6,35.5,36.8
202009030311,12.2 - 10.5 - 11.2 - 11.8 - 11.9 - 11.9 - 12.8,33.9,36.6
202009030312,12.7 - 11.0 - 13.0 - 12.7 - 12.8 - 12.8 - 12.4 - 12.0 - 12.2,36.7,36.6
202009030402,11.9 - 10.8 - 11.6 - 11.9 - 11.7 - 12.0,34.3,35.6
202009030403,12.6 - 11.0 - 13.2 - 11.9 - 12.4 - 12.9 - 13.0 - 13.0 - 13.3,36.8,39.3
202009030404,12.2 - 10.5 - 11.2 - 12.1 - 13.0 - 12.4 - 12.9,33.9,38.3
202009030405,12.7 - 11.2 - 12.3 - 12.5 - 12.9 - 12.3 - 11.4 - 11.8,36.2,35.5
202009030406,12.6 - 11.3 - 12.1 - 13.1 - 12.8 - 12.7 - 12.7 - 12.9 - 13.0 - 12.8 - 11.9 - 12.3 - 12.6,36.0,36.8
202009030407,12.1 - 10.4 - 11.3 - 11.8 - 12.0 - 12.7,33.8,36.5
202009030408,12.5 - 11.0 - 11.6 - 12.1 - 12.2 - 12.5 - 12.0 - 11.6 - 12.3,35.1,35.9
202009030409,12.0 - 10.8 - 12.1 - 12.0 - 12.0 - 11.8 - 12.4,34.9,36.2
202009030410,12.6 - 11.1 - 12.0 - 14.1 - 12.7 - 12.3 - 12.8 - 12.4 - 12.5 - 13.0,35.7,37.9
202009030411,12.4 - 11.2 - 12.7 - 12.5 - 12.0 - 12.1 - 11.7 - 11.4 - 12.2 - 12.9,36.3,36.5
202009030412,12.0 - 10.7 - 11.8 - 11.7 - 12.0 - 11.8 - 12.3,34.5,36.1
202009030501,12.4 - 10.8 - 11.8 - 11.9 - 12.4 - 12.6,35.0,36.9
202009030502,12.2 - 10.9 - 11.5 - 12.1 - 12.3 - 12.5 - 13.4,34.6,38.2
202009030503,12.7 - 10.9 - 13.1 - 12.5 - 12.6 - 13.4 - 12.7 - 12.3 - 12.9,36.7,37.9
202009030504,12.2 - 10.7 - 11.3 - 11.5 - 11.7 - 11.7 - 13.0,34.2,36.4
202009030505,12.7 - 10.9 - 11.8 - 12.0 - 12.4 - 13.4,35.4,37.8
202009030506,12.2 - 11.3 - 12.0 - 12.6 - 12.3 - 11.8 - 11.7 - 11.4 - 12.3,35.5,35.4
202009030507,12.7 - 11.2 - 11.2 - 13.7 - 13.3 - 12.6 - 12.4 - 12.1 - 12.1 - 13.1,35.1,37.3
202009030508,12.6 - 11.5 - 12.2 - 12.0 - 12.1 - 12.1 - 11.7 - 11.7 - 11.8 - 12.3,36.3,35.8
202009030509,12.4 - 10.8 - 11.2 - 11.7 - 11.7 - 11.5 - 11.7 - 12.8,34.4,36.0
202009030510,12.0 - 10.8 - 11.2 - 11.5 - 11.7 - 12.8,34.0,36.0
202009030511,12.5 - 10.6 - 12.8 - 12.2 - 12.3 - 12.4 - 12.2 - 11.8 - 12.7,35.9,36.7
202009030512,12.2 - 11.2 - 11.1 - 10.9 - 11.1 - 12.3,34.5,34.3
202009030602,12.5 - 10.7 - 11.6 - 12.9 - 12.8 - 12.4 - 12.4 - 12.1 - 11.9 - 11.7 - 12.6,34.8,36.2
202009030603,12.5 - 11.4 - 13.7 - 12.8 - 12.5 - 12.4 - 12.4 - 13.1 - 13.7,37.6,39.2
202009030604,12.2 - 11.5 - 12.2 - 12.5 - 12.0 - 12.3,35.9,36.8
202009030605,12.7 - 11.5 - 12.5 - 12.8 - 12.1 - 11.8 - 10.7 - 11.8,36.7,34.3
202009030606,12.3 - 11.0 - 11.2 - 12.2 - 12.7 - 12.6 - 12.9,34.5,38.2
202009030607,12.4 - 11.0 - 11.5 - 11.9 - 12.1 - 12.0 - 11.5 - 11.7 - 12.0,34.9,35.2
202009030608,12.8 - 11.6 - 12.3 - 12.1 - 11.8 - 11.0 - 10.9 - 11.8,36.7,33.7
202009030609,12.8 - 11.2 - 12.3 - 14.1 - 13.2 - 12.9 - 12.5 - 12.0 - 11.8 - 12.8,36.3,36.6
202009030610,12.4 - 10.5 - 11.9 - 11.8 - 11.8 - 12.2 - 12.0 - 12.1 - 12.0 - 12.4,34.8,36.5
202009030611,12.4 - 10.5 - 12.2 - 11.5 - 11.4 - 11.2 - 11.1 - 12.4,35.1,34.7
202009030612,12.5 - 11.2 - 12.1 - 12.0 - 11.7 - 12.2,35.8,35.9
202009030701,12.5 - 10.7 - 11.2 - 11.5 - 11.7 - 11.4 - 12.7,34.4,35.8
202009030702,12.8 - 11.1 - 13.8 - 12.6 - 12.3 - 12.7 - 12.7 - 12.3 - 12.9,37.7,37.9
202009030703,12.1 - 10.7 - 11.9 - 12.1 - 12.2 - 12.5 - 13.0,34.7,37.7
202009030704,12.7 - 10.9 - 13.0 - 12.8 - 12.8 - 12.9 - 12.9 - 12.8 - 12.8,36.6,38.5
202009030705,13.0 - 12.0 - 12.4 - 12.5 - 11.5 - 11.2,37.4,35.2
202009030706,12.6 - 11.2 - 13.4 - 13.2 - 12.6 - 11.7 - 11.7 - 11.9 - 11.8 - 12.0,37.2,35.7
202009030707,12.8 - 11.2 - 12.9 - 12.3 - 12.7 - 13.1 - 12.4 - 12.1 - 12.7,36.9,37.2
202009030708,12.2 - 10.9 - 11.7 - 12.1 - 11.8 - 12.7,34.8,36.6
202009030709,12.2 - 10.4 - 11.0 - 11.9 - 11.9 - 11.7 - 12.2,33.6,35.8
202009030710,12.7 - 10.9 - 11.5 - 11.6 - 11.7 - 11.9 - 11.9 - 11.9 - 12.1 - 12.7,35.1,36.7
202009030711,12.2 - 10.5 - 11.2 - 11.4 - 11.4 - 12.4,33.9,35.2
202009030712,12.9 - 10.6 - 12.6 - 13.1 - 13.0 - 12.6 - 12.5 - 12.7 - 13.0,36.1,38.2
202009030801,12.2 - 10.8 - 11.9 - 12.4 - 12.7 - 12.4 - 13.1,34.9,38.2
202009030802,12.8 - 10.9 - 13.1 - 12.6 - 12.8 - 13.0 - 12.8 - 12.8 - 13.0,36.8,38.6
202009030803,12.6 - 10.8 - 11.6 - 11.6 - 11.9 - 12.0 - 11.8 - 12.0,35.0,35.8
202009030804,12.7 - 11.3 - 11.6 - 14.1 - 12.5 - 12.4 - 12.7 - 12.6 - 12.8 - 13.4,35.6,38.8
202009030805,12.7 - 11.1 - 12.0 - 12.4 - 12.6 - 12.4 - 11.7 - 11.4 - 12.0,35.8,35.1
202009030806,12.4 - 10.9 - 11.8 - 12.6 - 12.5 - 12.6,35.1,37.7
202009030807,12.6 - 11.2 - 11.7 - 12.9 - 12.6 - 12.2 - 12.3 - 12.3 - 12.1 - 11.9 - 12.6,35.5,36.6
202009030808,12.9 - 11.5 - 11.4 - 12.3 - 12.5 - 12.1 - 11.4 - 11.2 - 11.8,35.8,34.4
202009030809,12.6 - 11.3 - 11.4 - 11.5 - 11.5 - 11.6 - 11.9,35.3,35.0
202009030810,12.4 - 10.5 - 13.7 - 12.6 - 12.5 - 12.4 - 12.3 - 12.3 - 13.0,36.6,37.6
202009030811,12.3 - 10.9 - 11.4 - 12.7 - 12.7 - 12.4 - 12.4 - 12.4 - 11.9 - 12.1 - 12.3,34.6,36.3
202009030812,12.7 - 11.0 - 13.2 - 12.4 - 12.1 - 12.6 - 12.2 - 12.1 - 13.0,36.9,37.3
202009040101,12.6 - 11.0 - 11.7 - 12.4 - 12.5 - 12.0 - 11.5 - 12.4,35.3,35.9
202009040102,12.2 - 10.7 - 11.5 - 12.2 - 12.5 - 12.4 - 12.7,34.4,37.6
202009040103,12.7 - 10.6 - 12.5 - 12.4 - 12.7 - 12.8 - 12.5 - 12.1 - 12.9,35.8,37.5
202009040104,12.9 - 11.2 - 12.5 - 13.0 - 12.5 - 12.5 - 12.8 - 12.8 - 13.2 - 12.3 - 11.9 - 12.5,36.6,36.7
202009040105,12.6 - 10.9 - 11.6 - 12.3 - 12.5 - 12.4 - 12.3,35.1,37.2
202009040106,12.5 - 10.9 - 11.8 - 12.1 - 11.9 - 12.7,35.2,36.7
202009040107,12.7 - 11.1 - 12.1 - 11.9 - 11.7 - 11.7 - 11.6 - 12.5,35.9,35.8
202009040108,12.0 - 10.9 - 11.8 - 12.1 - 11.4 - 12.2,34.7,35.7
202009040109,12.5 - 11.1 - 12.5 - 12.5 - 12.3 - 12.5 - 12.6 - 12.2 - 12.2 - 12.8,36.1,37.2
202009040110,12.5 - 11.5 - 11.7 - 11.4 - 11.4 - 12.2,35.7,35.0
202009040111,12.0 - 10.6 - 11.4 - 12.0 - 12.1 - 11.8 - 12.3,34.0,36.2
202009040112,12.6 - 10.9 - 12.9 - 12.0 - 11.9 - 12.5 - 12.2 - 12.0 - 12.4,36.4,36.6
202009040202,12.7 - 10.6 - 11.8 - 11.9 - 12.2 - 12.1 - 12.0 - 12.6,35.1,36.7
202009040203,12.5 - 11.0 - 12.9 - 12.1 - 12.1 - 12.4 - 12.6 - 12.6 - 12.9,36.4,38.1
202009040204,12.3 - 10.9 - 11.7 - 12.1 - 12.1 - 12.7,34.9,36.9
202009040205,13.1 - 11.0 - 11.6 - 12.3 - 12.7 - 12.0 - 11.7 - 12.0,35.7,35.7
202009040206,12.2 - 10.8 - 11.5 - 11.7 - 11.6 - 12.5,34.5,35.8
202009040207,12.3 - 10.6 - 11.0 - 12.0 - 12.5 - 12.4 - 12.7,33.9,37.6
202009040208,12.0 - 10.7 - 11.4 - 12.1 - 11.9 - 12.3 - 12.2,34.1,36.4
202009040209,12.7 - 11.1 - 12.6 - 12.3 - 12.6 - 12.8 - 12.2 - 12.5 - 12.2 - 11.2 - 11.4 - 12.4,36.4,35.0
202009040210,12.6 - 11.3 - 13.3 - 12.6 - 12.5 - 12.4 - 12.1 - 12.1 - 12.2,37.2,36.4
202009040211,12.0 - 10.7 - 10.8 - 11.1 - 11.7 - 12.4,33.5,35.2
202009040212,12.3 - 10.5 - 11.2 - 11.7 - 12.5 - 12.3 - 13.0,34.0,37.8
202009040302,12.5 - 10.9 - 11.6 - 12.0 - 12.2 - 12.8 - 13.1 - 11.9 - 13.6,35.0,38.6
202009040303,12.6 - 10.9 - 13.7 - 12.3 - 11.8 - 12.2 - 12.5 - 12.9 - 13.4,37.2,38.8
202009040305,12.8 - 11.5 - 12.3 - 13.1 - 12.8 - 12.1 - 11.7 - 12.4,36.6,36.2
202009040306,13.1 - 12.2 - 12.2 - 11.9 - 11.9 - 12.0,37.5,35.8
202009040307,12.2 - 10.5 - 11.3 - 11.9 - 12.3 - 13.2 - 13.3,34.0,38.8
202009040308,12.5 - 10.2 - 12.3 - 12.2 - 13.1 - 13.5 - 12.5 - 11.9 - 12.6,35.0,37.0
202009040309,12.1 - 10.3 - 11.3 - 12.0 - 12.0 - 12.4,33.7,36.4
202009040310,12.7 - 10.5 - 12.7 - 12.0 - 12.3 - 12.3 - 12.6 - 12.0 - 12.9,35.9,37.5
202009040311,12.5 - 11.3 - 11.7 - 11.9 - 11.8 - 11.8 - 11.7 - 12.4 - 13.8,35.5,37.9
202009040312,12.3 - 10.7 - 11.3 - 11.8 - 12.1 - 12.6,34.3,36.5
202009040401,12.3 - 11.3 - 11.6 - 11.4 - 11.4 - 12.2,35.2,35.0
202009040402,12.7 - 10.8 - 13.4 - 12.6 - 12.1 - 12.7 - 12.5 - 12.6 - 13.2,36.9,38.3
202009040403,12.9 - 11.8 - 13.1 - 12.9 - 12.5 - 12.5 - 12.3 - 12.4 - 12.0 - 12.3,37.8,36.7
202009040404,12.4 - 10.5 - 11.6 - 12.4 - 12.4 - 12.1 - 13.3,34.5,37.8
202009040405,13.3 - 12.2 - 12.6 - 12.8 - 12.5 - 12.2 - 11.8 - 11.5 - 12.5,38.1,35.8
202009040406,12.4 - 10.6 - 11.4 - 12.5 - 12.4 - 12.8 - 13.8,34.4,39.0
202009040407,12.3 - 10.6 - 11.4 - 11.9 - 11.9 - 12.8,34.3,36.6
202009040408,12.7 - 11.5 - 11.7 - 12.2 - 12.1 - 12.0 - 11.7 - 11.7 - 12.6,35.9,36.0
202009040409,13.4 - 12.2 - 13.0 - 12.4 - 12.8 - 13.1 - 13.1 - 12.6 - 11.9 - 11.5 - 11.6 - 12.8,38.6,35.9
202009040410,12.7 - 11.1 - 13.8 - 12.4 - 11.6 - 12.2 - 12.1 - 12.4 - 13.3,37.6,37.8
202009040411,12.3 - 10.7 - 11.3 - 11.9 - 11.7 - 11.6 - 12.3,34.3,35.6
202009040412,12.5 - 11.5 - 12.4 - 12.0 - 11.5 - 11.2 - 11.7 - 12.4,36.4,35.3
202009040501,12.4 - 10.9 - 11.6 - 12.3 - 11.7 - 12.4,34.9,36.4
202009040502,12.7 - 10.9 - 13.0 - 12.6 - 12.7 - 12.7 - 12.6 - 13.1 - 12.8,36.6,38.5
202009040503,12.5 - 10.9 - 11.5 - 12.2 - 12.7 - 12.4 - 13.0,34.9,38.1
202009040504,12.5 - 10.9 - 11.3 - 12.2 - 12.5 - 13.2 - 13.0 - 12.7 - 12.4 - 12.4 - 12.9,34.7,37.7
202009040505,12.3 - 10.9 - 11.9 - 12.4 - 12.2 - 12.4 - 12.5,35.1,37.1
202009040506,12.7 - 11.4 - 11.4 - 11.7 - 11.9 - 12.6,35.5,36.2
202009040507,12.9 - 11.1 - 13.6 - 12.9 - 12.9 - 12.6 - 12.5 - 12.3 - 12.8,37.6,37.6
202009040508,12.7 - 11.3 - 11.7 - 13.7 - 12.9 - 13.2 - 12.1 - 12.2 - 12.0 - 12.7,35.7,36.9
202009040509,12.4 - 11.1 - 11.3 - 11.6 - 11.8 - 12.1 - 12.3,34.8,36.2
202009040510,12.7 - 10.8 - 11.4 - 11.6 - 12.2 - 12.5 - 12.4 - 12.4 - 12.7 - 12.9,34.9,38.0
202009040511,12.8 - 11.1 - 13.2 - 12.7 - 11.9 - 12.4 - 12.3 - 11.7 - 12.6,37.1,36.6
202009040512,12.6 - 11.4 - 11.7 - 12.2 - 12.1 - 11.6 - 11.6 - 11.8,35.7,35.0
202009040602,12.4 - 10.9 - 11.1 - 11.6 - 12.0 - 11.6 - 12.7,34.4,36.3
202009040603,12.5 - 11.0 - 11.7 - 13.7 - 13.0 - 13.3 - 13.0 - 12.9 - 12.7 - 13.0,35.2,38.6
202009040604,12.2 - 11.0 - 11.8 - 12.0 - 11.9 - 12.8,35.0,36.7
202009040605,12.9 - 10.8 - 12.8 - 13.1 - 12.9 - 13.1 - 12.7 - 11.8 - 12.0 - 12.0,36.5,35.8
202009040606,12.7 - 10.8 - 11.6 - 11.9 - 11.9 - 12.1 - 11.7 - 12.4,35.1,36.2
202009040607,12.7 - 10.4 - 12.9 - 12.3 - 12.5 - 12.6 - 12.8 - 12.8 - 13.5,36.0,39.1
202009040608,12.2 - 10.8 - 11.3 - 12.6 - 12.1 - 12.2 - 12.3 - 12.3 - 12.5 - 12.6 - 13.1,34.3,38.2
202009040609,12.3 - 10.8 - 11.5 - 11.8 - 12.4 - 12.0 - 12.8,34.6,37.2
202009040610,12.4 - 10.7 - 11.5 - 11.9 - 11.9 - 11.9 - 11.7,34.6,35.5
202009040611,12.3 - 10.5 - 11.2 - 11.8 - 11.7 - 11.3 - 11.4 - 12.5,34.0,35.2
202009040612,12.3 - 10.8 - 11.2 - 11.9 - 12.2 - 12.3 - 13.2,34.3,37.7
202009050101,12.2 - 10.9 - 11.5 - 12.2 - 13.0 - 13.0 - 13.7,34.6,39.7
202009050102,12.8 - 11.3 - 13.3 - 12.9 - 12.6 - 12.9 - 13.5 - 13.1 - 13.3,37.4,39.9
202009050103,12.2 - 10.6 - 11.4 - 11.6 - 11.6 - 11.4 - 11.6,34.2,34.6
202009050104,12.5 - 10.8 - 11.4 - 12.0 - 12.1 - 11.8 - 11.6 - 11.4 - 12.4,34.7,35.4
202009050105,13.1 - 12.0 - 14.0 - 13.6 - 12.8 - 12.8 - 12.4 - 11.8 - 11.0 - 11.2,39.1,34.0
202009050106,13.4 - 11.1 - 13.8 - 13.1 - 13.5 - 13.4 - 13.1 - 12.1 - 13.0,38.3,38.2
202009050107,12.2 - 11.0 - 11.7 - 12.5 - 11.9 - 12.5,34.9,36.9
202009050108,12.8 - 11.8 - 12.9 - 12.4 - 12.5 - 12.0 - 12.1 - 12.3 - 13.1,37.5,37.5
202009050109,12.7 - 11.5 - 11.6 - 12.0 - 11.7 - 11.7 - 11.2 - 11.0 - 11.6,35.8,33.8
202009050110,12.3 - 10.6 - 11.3 - 11.6 - 12.0 - 13.2,34.2,36.8
202009050111,12.2 - 10.7 - 11.2 - 11.2 - 11.3 - 11.5 - 12.0,34.1,34.8
202009050112,12.5 - 11.4 - 12.0 - 12.1 - 11.8 - 11.7 - 11.0 - 11.2 - 11.7,35.9,33.9
202009050201,12.5 - 10.9 - 12.1 - 12.4 - 12.4 - 13.2,35.5,38.0
202009050202,12.4 - 11.1 - 12.0 - 12.3 - 12.0 - 11.5 - 10.8 - 11.9,35.5,34.2
202009050203,12.8 - 11.1 - 13.3 - 12.8 - 12.3 - 12.3 - 12.1 - 11.6 - 11.6 - 12.2,37.2,35.4
202009050204,12.5 - 11.0 - 12.0 - 12.1 - 12.2 - 13.0,35.5,37.3
202009050205,12.9 - 12.1 - 12.4 - 12.7 - 12.6 - 12.4 - 11.2 - 10.9 - 11.5,37.4,33.6
202009050206,12.5 - 10.9 - 11.3 - 11.8 - 11.4 - 11.3 - 12.0,34.7,34.7
202009050207,12.9 - 11.2 - 13.3 - 12.8 - 13.0 - 13.1 - 12.4 - 12.5 - 12.8,37.4,37.7
202009050208,12.8 - 11.1 - 11.2 - 13.5 - 12.6 - 12.4 - 12.9 - 13.2 - 12.8 - 13.0,35.1,39.0
202009050209,12.0 - 10.6 - 10.9 - 11.1 - 11.4 - 12.1,33.5,34.6
202009050210,12.3 - 11.0 - 11.4 - 11.4 - 11.5 - 11.3 - 11.8,34.7,34.6
202009050211,12.6 - 11.2 - 12.7 - 12.1 - 11.9 - 12.0 - 12.2 - 12.0 - 13.2,36.5,37.4
202009050212,12.2 - 11.0 - 11.9 - 12.0 - 12.1 - 11.9 - 12.6,35.1,36.6
202009050301,12.6 - 11.4 - 12.2 - 12.3 - 12.1 - 12.6,36.2,37.0
202009050302,12.8 - 11.2 - 13.6 - 12.2 - 12.2 - 13.4 - 12.9 - 12.6 - 13.6,37.6,39.1
202009050303,12.1 - 11.0 - 11.3 - 11.4 - 11.0 - 12.0,34.4,34.4
202009050304,12.3 - 11.0 - 12.0 - 12.6 - 12.1 - 12.8 - 12.8,35.3,37.7
202009050305,12.8 - 11.1 - 11.6 - 12.6 - 12.6 - 11.5 - 11.0 - 12.0,35.5,34.5
202009050306,12.9 - 11.0 - 11.2 - 11.9 - 11.9 - 11.8 - 11.4 - 11.3 - 12.2,35.1,34.9
202009050307,12.2 - 10.8 - 11.5 - 12.2 - 12.3 - 12.3 - 13.7,34.5,38.3
202009050309,12.8 - 11.3 - 12.1 - 11.8 - 11.4 - 11.6 - 11.6 - 11.5 - 11.7 - 12.6,36.2,35.8
202009050310,12.8 - 10.8 - 13.6 - 13.2 - 12.5 - 12.4 - 12.2 - 12.2 - 12.6,37.2,37.0
202009050311,12.9 - 10.9 - 11.2 - 11.6 - 11.5 - 11.4 - 10.9 - 12.0,35.0,34.3
202009050312,12.4 - 10.4 - 11.1 - 11.3 - 11.3 - 11.8 - 12.7,33.9,35.8
202009050401,12.9 - 11.6 - 14.3 - 13.3 - 13.2 - 13.1 - 12.7 - 11.8 - 11.9,38.8,36.4
202009050402,12.7 - 11.0 - 11.5 - 12.1 - 12.3 - 11.0 - 10.9 - 12.1,35.2,34.0
202009050403,12.2 - 10.8 - 11.7 - 12.5 - 12.1 - 12.6 - 13.8,34.7,38.5
202009050404,12.6 - 11.0 - 11.8 - 11.8 - 11.6 - 11.5 - 12.0,35.4,35.1
202009050405,13.2 - 12.1 - 12.7 - 13.0 - 13.2 - 12.5 - 11.8 - 10.6 - 11.3,38.0,33.7
202009050406,12.6 - 11.5 - 12.7 - 12.7 - 12.4 - 12.6 - 12.0 - 11.4 - 11.1 - 11.7,36.8,34.2
202009050407,12.7 - 11.1 - 13.2 - 12.5 - 12.5 - 12.7 - 12.6 - 12.7 - 12.9,37.0,38.2
202009050408,12.9 - 11.8 - 12.1 - 13.0 - 12.6 - 12.6 - 12.4 - 12.1 - 11.4 - 11.2 - 11.5,36.8,34.1
202009050409,12.8 - 11.1 - 12.9 - 13.0 - 12.8 - 12.8 - 12.4 - 11.4 - 11.1 - 11.5,36.8,34.0
202009050410,12.1 - 11.0 - 11.9 - 12.3 - 12.2 - 11.8 - 12.2,35.0,36.2
202009050411,12.6 - 11.1 - 11.2 - 12.3 - 12.1 - 12.0 - 12.2 - 12.0 - 11.9 - 11.1 - 11.8,34.9,34.8
202009050412,12.2 - 11.0 - 11.9 - 11.9 - 12.0 - 12.9,35.1,36.8
202009050501,12.3 - 11.3 - 12.2 - 12.6 - 12.1 - 12.5 - 13.5,35.8,38.1
202009050502,13.0 - 10.9 - 13.8 - 13.1 - 12.8 - 12.9 - 12.9 - 13.8 - 14.0,37.7,40.7
202009050503,12.3 - 10.9 - 11.3 - 11.3 - 11.1 - 11.5 - 12.8,34.5,35.4
202009050504,12.6 - 11.0 - 12.9 - 12.5 - 11.7 - 12.5 - 12.3 - 11.7 - 11.9 - 12.4,36.5,36.0
202009050505,13.0 - 12.3 - 12.7 - 11.9 - 11.9 - 11.1 - 10.8 - 11.8,38.0,33.7
202009050506,12.5 - 11.3 - 11.9 - 12.0 - 12.6 - 13.7,35.7,38.3
202009050507,12.9 - 12.0 - 13.1 - 13.0 - 13.0 - 13.0 - 12.7 - 12.4 - 11.6 - 11.1 - 11.1 - 12.2,38.0,34.4
202009050508,12.5 - 10.8 - 13.7 - 12.6 - 13.0 - 12.5 - 12.2 - 12.4 - 12.9,37.0,37.5
202009050509,12.9 - 11.2 - 13.7 - 12.8 - 12.7 - 12.9 - 12.4 - 12.4 - 12.8,37.8,37.6
202009050510,12.2 - 10.6 - 11.7 - 11.6 - 11.1 - 11.6 - 12.3,34.5,35.0
202009050511,12.5 - 10.9 - 12.0 - 11.9 - 12.0 - 12.4 - 11.6 - 11.2 - 11.9 - 12.4,35.4,35.5
202009050512,12.3 - 10.8 - 11.6 - 12.4 - 12.0 - 12.8,34.7,37.2
202009050601,12.4 - 11.1 - 12.2 - 12.2 - 12.2 - 13.2,35.7,37.6
202009050602,12.5 - 10.6 - 13.5 - 13.0 - 13.0 - 13.2 - 12.9 - 12.8 - 13.0,36.6,38.7
202009050603,12.5 - 11.0 - 11.3 - 11.4 - 11.8 - 11.8,34.8,35.0
202009050604,12.9 - 11.2 - 11.6 - 12.5 - 12.3 - 11.8 - 11.3 - 11.1 - 12.1,35.7,34.5
202009050605,13.2 - 12.7 - 13.6 - 13.2 - 12.7 - 12.7 - 12.3 - 11.9 - 11.5 - 11.4,39.5,34.8
202009050606,12.7 - 11.2 - 13.6 - 13.3 - 13.1 - 12.9 - 13.0 - 13.1 - 13.6,37.5,39.7
202009050607,12.1 - 10.6 - 11.7 - 12.3 - 12.3 - 13.0 - 13.2,34.4,38.5
202009050608,12.6 - 11.0 - 13.7 - 12.7 - 12.6 - 12.7 - 12.3 - 12.2 - 13.1,37.3,37.6
202009050609,12.6 - 11.4 - 11.9 - 12.0 - 11.7 - 11.0 - 11.0 - 12.0,35.9,34.0
202009050610,12.7 - 11.6 - 13.1 - 13.1 - 12.4 - 12.1 - 12.6 - 12.0 - 11.7 - 11.2 - 11.0 - 12.4,37.4,34.6
202009050611,12.5 - 11.0 - 11.4 - 12.0 - 11.6 - 11.0 - 10.8 - 11.7,34.9,33.5
202009050612,12.1 - 11.0 - 12.0 - 12.2 - 12.1 - 12.2 - 13.1,35.1,37.4
202009050701,13.2 - 11.2 - 14.0 - 13.0 - 12.9 - 13.1 - 12.8 - 12.8 - 13.6,38.4,39.2
202009050702,12.2 - 10.6 - 11.5 - 12.1 - 12.4 - 13.1 - 14.1,34.3,39.6
202009050703,12.7 - 10.8 - 11.4 - 12.0 - 11.8 - 12.0 - 11.9 - 11.4 - 12.7,34.9,36.0
202009050705,12.6 - 11.3 - 11.7 - 11.4 - 11.2 - 11.9,35.6,34.5
202009050706,12.8 - 11.1 - 11.8 - 12.7 - 12.5 - 11.5 - 10.9 - 11.9,35.7,34.3
202009050707,12.8 - 11.1 - 13.7 - 12.8 - 12.7 - 12.7 - 12.5 - 12.7 - 13.5,37.6,38.7
202009050708,12.9 - 12.8 - 12.8 - 14.5 - 12.6 - 12.6 - 12.6 - 12.3 - 12.1 - 13.2,38.5,37.6
202009050709,12.2 - 10.5 - 11.1 - 11.6 - 11.7 - 11.5 - 12.7,33.8,35.9
202009050710,12.7 - 10.5 - 12.8 - 12.8 - 12.5 - 12.8 - 11.6 - 11.6 - 11.6 - 12.2,36.0,35.4
202009050711,12.3 - 11.1 - 11.8 - 12.0 - 11.9 - 12.0 - 12.9,35.2,36.8
202009050712,12.3 - 10.5 - 10.9 - 11.4 - 11.5 - 12.0 - 12.8,33.7,36.3
202009050801,12.9 - 11.3 - 13.7 - 13.0 - 12.6 - 12.2 - 11.9 - 12.9 - 13.4,37.9,38.2
202009050802,12.3 - 10.7 - 11.5 - 11.7 - 11.6 - 11.5 - 12.4,34.5,35.5
202009050803,12.5 - 11.2 - 12.0 - 11.9 - 12.1 - 13.0,35.7,37.0
202009050804,12.6 - 11.3 - 11.6 - 11.8 - 11.8 - 11.9 - 11.5 - 12.7,35.5,36.1
202009050805,12.8 - 11.9 - 12.2 - 13.0 - 12.7 - 12.1 - 11.5 - 11.3 - 11.8,36.9,34.6
202009050806,12.8 - 11.0 - 12.1 - 12.7 - 12.4 - 11.6 - 11.3 - 12.6,35.9,35.5
202009050807,13.0 - 11.2 - 13.3 - 13.0 - 12.7 - 12.5 - 12.5 - 12.7 - 13.7,37.5,38.9
202009050808,12.2 - 10.7 - 11.7 - 11.6 - 12.0 - 13.7,34.6,37.3
202009050809,13.0 - 12.3 - 12.4 - 13.9 - 13.2 - 12.8 - 12.2 - 12.2 - 12.0 - 11.5 - 11.3 - 11.6 - 12.8,37.7,35.7
202009050810,12.6 - 11.9 - 12.1 - 13.8 - 12.9 - 12.1 - 12.1 - 12.4 - 12.9 - 13.4,36.6,38.7
202009050811,12.6 - 11.3 - 12.7 - 12.5 - 12.4 - 12.5 - 12.1 - 11.7 - 11.6 - 12.2,36.6,35.5
202009050812,12.1 - 10.7 - 11.0 - 11.2 - 11.6 - 12.5,33.8,35.3
202009050901,12.5 - 11.3 - 12.1 - 12.4 - 12.3 - 12.5 - 12.8,35.9,37.6
202009050902,12.6 - 11.3 - 12.3 - 12.2 - 12.2 - 12.4 - 12.5 - 11.8 - 11.8 - 12.4,36.2,36.0
202009050903,13.4 - 11.4 - 14.0 - 13.1 - 13.0 - 12.9 - 12.7 - 12.5 - 12.8,38.8,38.0
202009050904,12.2 - 10.9 - 12.0 - 12.1 - 12.3 - 12.1 - 13.0,35.1,37.4
202009050906,12.6 - 11.3 - 11.9 - 12.1 - 11.6 - 11.5 - 12.1,35.8,35.2
202009050907,12.9 - 12.0 - 13.1 - 12.8 - 12.3 - 12.1 - 11.8 - 11.3 - 11.3 - 11.9,38.0,34.5
202009050908,12.9 - 10.9 - 12.8 - 12.1 - 12.2 - 12.3 - 12.4 - 12.8 - 14.1,36.6,39.3
202009050909,12.7 - 11.3 - 11.9 - 12.3 - 12.2 - 11.1 - 10.9 - 11.9,35.9,33.9
202009050910,12.8 - 11.7 - 12.0 - 12.0 - 11.7 - 11.0 - 10.9 - 12.0,36.5,33.9
202009050911,12.8 - 11.7 - 11.4 - 13.1 - 12.3 - 12.6 - 12.8 - 12.7 - 12.6 - 12.9,35.9,38.2
202009050912,12.0 - 10.7 - 11.1 - 11.4 - 11.1 - 11.9,33.8,34.4
202009060101,12.3 - 10.8 - 11.4 - 13.0 - 12.6 - 13.0 - 13.6,34.5,39.2
202009060102,12.8 - 11.0 - 13.6 - 12.9 - 13.0 - 13.2 - 13.0 - 12.2 - 12.8,37.4,38.0
202009060103,12.4 - 10.9 - 11.8 - 12.0 - 11.8 - 11.3 - 11.7,35.1,34.8
202009060104,12.9 - 11.5 - 12.0 - 12.2 - 12.4 - 12.0 - 11.5 - 10.9 - 12.1,36.4,34.5
202009060105,12.8 - 11.7 - 12.8 - 12.6 - 12.7 - 11.9 - 10.6 - 11.6,37.3,34.1
202009060106,12.9 - 10.8 - 13.4 - 13.4 - 13.3 - 13.3 - 12.8 - 12.2 - 13.0,37.1,38.0
202009060107,12.3 - 11.1 - 11.8 - 12.0 - 12.4 - 12.7,35.2,37.1
202009060108,12.7 - 11.7 - 12.7 - 12.3 - 12.0 - 12.3 - 12.0 - 11.6 - 11.4 - 12.3,37.1,35.3
202009060109,12.8 - 11.6 - 11.7 - 13.2 - 12.9 - 12.8 - 12.7 - 12.6 - 12.3 - 13.0,36.1,37.9
202009060110,12.2 - 11.0 - 11.9 - 12.3 - 11.9 - 11.9 - 12.8,35.1,36.6
202009060111,12.8 - 11.7 - 12.8 - 12.8 - 11.9 - 12.1 - 11.4 - 11.1 - 11.4 - 11.9,37.3,34.4
202009060112,12.4 - 11.0 - 11.8 - 12.1 - 12.3 - 12.7,35.2,37.1
202009060201,12.5 - 11.0 - 11.8 - 12.2 - 12.1 - 13.6,35.3,37.9
202009060202,13.1 - 11.3 - 14.5 - 13.8 - 12.8 - 13.0 - 12.2 - 12.3 - 13.0,38.9,37.5
202009060203,12.5 - 11.2 - 12.0 - 12.1 - 12.0 - 11.4 - 11.2 - 12.0,35.7,34.6
202009060205,12.6 - 11.2 - 13.3 - 13.4 - 12.6 - 12.8 - 12.0 - 11.5 - 11.5 - 12.0,37.1,35.0
202009060206,12.5 - 11.2 - 12.2 - 12.9 - 12.7 - 12.3 - 13.0,35.9,38.0
202009060207,12.2 - 10.5 - 12.8 - 13.0 - 12.2 - 12.2 - 12.1 - 11.8 - 12.0 - 12.3,35.5,36.1
202009060208,12.9 - 11.5 - 13.9 - 13.2 - 12.4 - 12.4 - 12.5 - 12.3 - 12.7,38.3,37.5
202009060209,12.2 - 10.8 - 11.2 - 11.2 - 11.3 - 12.4,34.2,34.9
202009060210,12.8 - 11.7 - 11.8 - 12.0 - 12.0 - 11.6 - 10.9 - 11.1 - 12.1,36.3,34.1
202009060211,12.2 - 11.1 - 11.6 - 11.6 - 11.7 - 12.5,34.9,35.8
202009060212,12.3 - 10.7 - 11.3 - 11.8 - 11.9 - 11.2 - 11.7,34.3,34.8
202009060301,12.2 - 10.9 - 11.8 - 12.4 - 12.6 - 12.7 - 14.0,34.9,39.3
202009060302,13.0 - 11.5 - 13.3 - 12.8 - 12.8 - 12.7 - 12.6 - 12.5 - 13.1,37.8,38.2
202009060303,12.4 - 11.1 - 11.9 - 12.4 - 12.2 - 13.3,35.4,37.9
202009060304,12.5 - 11.2 - 11.5 - 12.2 - 11.6 - 11.7 - 11.2 - 12.2,35.2,35.1
202009060305,12.8 - 11.4 - 11.7 - 11.8 - 10.9 - 11.3,35.9,34.0
202009060306,12.5 - 10.8 - 12.1 - 12.6 - 12.5 - 12.7 - 13.0,35.4,38.2
202009060307,12.7 - 11.2 - 12.5 - 13.0 - 12.7 - 13.2 - 11.7 - 11.6 - 11.7 - 11.8,36.4,35.1
202009060308,12.8 - 11.1 - 12.9 - 12.3 - 12.6 - 12.6 - 12.6 - 12.8 - 13.7,36.8,39.1
202009060309,12.8 - 11.8 - 13.6 - 12.9 - 12.9 - 13.0 - 12.0 - 11.8 - 11.1 - 11.5,38.2,34.4
202009060310,13.2 - 13.1 - 14.6 - 14.1 - 13.5 - 13.8 - 13.0 - 12.5 - 11.3 - 10.9 - 11.3 - 11.6,40.9,33.8
202009060311,12.6 - 11.2 - 11.8 - 12.1 - 11.8 - 11.1 - 10.8 - 11.7,35.6,33.6
202009060312,12.4 - 10.8 - 12.2 - 12.9 - 12.7 - 12.1 - 12.4,35.4,37.2
202009060401,12.2 - 10.8 - 11.9 - 12.8 - 13.2 - 12.3 - 12.9,34.9,38.4
202009060402,13.0 - 11.2 - 12.5 - 12.2 - 12.7 - 13.5 - 13.4 - 13.5 - 13.5,36.7,40.4
202009060403,12.3 - 10.6 - 11.2 - 11.7 - 12.0 - 11.7 - 12.0,34.1,35.7
202009060404,13.0 - 11.1 - 13.3 - 13.1 - 13.1 - 13.3 - 12.7 - 12.5 - 13.5,37.4,38.7
202009060405,12.9 - 11.6 - 12.2 - 12.8 - 12.9 - 12.7 - 11.9 - 11.1 - 11.6,36.7,34.6
202009060406,12.2 - 11.1 - 11.9 - 11.6 - 12.1 - 13.5,35.2,37.2
202009060407,12.9 - 11.4 - 11.5 - 11.7 - 12.0 - 11.9 - 11.5 - 11.1 - 11.7,35.8,34.3
202009060408,12.7 - 11.1 - 11.6 - 11.8 - 11.4 - 11.6 - 11.3 - 12.0,35.4,34.9
202009060409,13.0 - 12.1 - 12.7 - 13.4 - 12.6 - 12.2 - 12.1 - 11.3 - 11.3 - 11.3 - 11.9,37.8,34.5
202009060410,12.9 - 11.4 - 13.7 - 12.7 - 12.5 - 12.5 - 12.5 - 12.4 - 13.1,38.0,38.0
202009060411,12.4 - 10.8 - 11.7 - 11.9 - 11.9 - 11.2 - 11.4 - 11.8,34.9,34.4
202009060412,12.4 - 11.2 - 12.2 - 12.3 - 12.0 - 11.9 - 12.7,35.8,36.6
202009060501,12.9 - 11.1 - 13.2 - 12.8 - 12.8 - 13.2 - 13.3 - 12.8 - 13.8,37.2,39.9
202009060502,12.4 - 11.2 - 11.7 - 11.9 - 12.2 - 14.0,35.3,38.1
202009060503,13.2 - 11.4 - 13.5 - 12.9 - 12.9 - 13.1 - 13.0 - 12.6 - 13.5,38.1,39.1
202009060504,12.5 - 11.0 - 11.7 - 12.8 - 13.0 - 12.7 - 11.7 - 11.0 - 11.8,35.2,34.5
202009060505,12.9 - 11.5 - 12.5 - 13.0 - 12.6 - 11.8 - 11.2 - 11.4,36.9,34.4
202009060506,12.6 - 11.5 - 12.5 - 12.7 - 12.2 - 12.4,36.6,37.3
202009060507,12.7 - 11.6 - 13.6 - 12.6 - 12.9 - 12.8 - 12.6 - 11.9 - 12.9,37.9,37.4
202009060508,12.7 - 11.7 - 12.0 - 14.3 - 14.2 - 13.4 - 12.6 - 12.6 - 12.1 - 12.6,36.4,37.3
202009060509,12.3 - 10.6 - 11.1 - 11.2 - 11.5 - 11.9,34.0,34.6
202009060510,12.8 - 11.7 - 11.9 - 12.0 - 12.1 - 11.9 - 11.3 - 11.1 - 11.9,36.4,34.3
202009060511,12.1 - 10.5 - 10.9 - 11.0 - 11.5 - 12.1,33.5,34.6
202009060512,12.1 - 10.9 - 11.8 - 12.0 - 12.2 - 12.3 - 13.0,34.8,37.5
202009060601,12.3 - 10.8 - 11.6 - 12.4 - 12.8 - 12.4 - 13.2,34.7,38.4
202009060602,12.9 - 11.3 - 11.2 - 11.7 - 12.4 - 12.3 - 11.8 - 11.4 - 12.0,35.4,35.2
202009060603,12.8 - 11.7 - 14.3 - 13.7 - 12.6 - 13.1 - 12.6 - 12.4 - 13.2,38.8,38.2
202009060604,12.6 - 10.6 - 11.5 - 12.0 - 12.2 - 12.0 - 11.4 - 11.9,34.7,35.3
202009060605,13.1 - 11.7 - 13.6 - 13.8 - 13.3 - 12.8 - 12.5 - 11.9 - 11.6 - 11.4,38.4,34.9
202009060606,12.8 - 11.2 - 11.3 - 11.7 - 11.9 - 11.5 - 11.8,35.3,35.2
202009060607,12.4 - 10.9 - 11.6 - 12.2 - 12.3 - 13.0,34.9,37.5
202009060608,12.9 - 11.3 - 12.7 - 12.4 - 12.7 - 13.2 - 13.1 - 12.4 - 13.1,36.9,38.6
202009060609,12.6 - 10.5 - 10.8 - 11.4 - 11.8 - 12.0 - 11.4 - 12.1,33.9,35.5
202009060610,12.7 - 11.5 - 13.8 - 12.7 - 12.0 - 12.3 - 12.0 - 11.8 - 13.1,38.0,36.9
202009060611,12.5 - 10.4 - 10.8 - 11.5 - 11.7 - 11.6 - 11.8 - 12.0,33.7,35.4
202009060612,12.3 - 10.8 - 11.6 - 12.1 - 12.4 - 12.8,34.7,37.3
202009060701,12.4 - 11.2 - 11.7 - 12.1 - 12.6 - 13.3,35.3,38.0
202009060702,12.9 - 11.3 - 13.9 - 12.8 - 12.5 - 12.8 - 12.7 - 13.0 - 13.0,38.1,38.7
202009060703,12.4 - 11.2 - 12.1 - 12.5 - 12.3 - 12.3 - 13.3,35.7,37.9
202009060704,13.1 - 11.9 - 12.1 - 12.4 - 12.3 - 12.3 - 11.3 - 11.2 - 11.7,37.1,34.2
202009060705,13.4 - 12.0 - 14.8 - 13.7 - 12.5 - 13.3 - 12.9 - 12.4 - 12.7,40.2,38.0
202009060706,12.3 - 10.6 - 10.9 - 11.0 - 11.4 - 12.0 - 12.5,33.8,35.9
202009060707,12.6 - 11.3 - 11.6 - 11.6 - 11.3 - 11.5 - 11.8 - 12.1,35.5,35.4
202009060708,12.6 - 11.2 - 12.1 - 13.6 - 12.8 - 12.3 - 12.3 - 12.0 - 11.7 - 11.8 - 12.0,35.9,35.5
202009060709,13.0 - 11.3 - 13.5 - 12.9 - 12.6 - 12.4 - 12.2 - 12.4 - 13.3,37.8,37.9
202009060710,12.9 - 11.9 - 13.2 - 12.8 - 12.3 - 12.2 - 11.6 - 11.0 - 11.3 - 12.1,38.0,34.4
202009060711,12.1 - 10.8 - 11.1 - 11.4 - 11.3 - 11.4 - 11.6,34.0,34.3
202009060712,12.5 - 10.9 - 11.8 - 12.1 - 12.5 - 12.0 - 12.7,35.2,37.2
202009060801,13.0 - 11.7 - 14.1 - 13.2 - 13.1 - 12.4 - 12.5 - 12.4 - 13.0,38.8,37.9
202009060802,12.4 - 10.8 - 11.4 - 11.5 - 11.5 - 12.0,34.6,35.0
202009060803,13.0 - 11.3 - 13.9 - 13.2 - 13.1 - 12.8 - 13.1 - 12.5 - 12.6,38.2,38.2
202009060804,12.5 - 10.8 - 13.1 - 12.7 - 12.4 - 12.7 - 11.8 - 11.6 - 11.6 - 12.2,36.4,35.4
202009060806,12.5 - 10.7 - 11.6 - 12.0 - 11.5 - 11.6 - 12.0,34.8,35.1
202009060807,13.0 - 11.6 - 12.2 - 12.5 - 12.7 - 12.0 - 11.2 - 11.0 - 11.5,36.8,33.7
202009060808,12.7 - 11.2 - 13.2 - 12.8 - 12.8 - 12.9 - 12.7 - 12.3 - 12.8,37.1,37.8
202009060809,12.6 - 10.7 - 11.1 - 11.5 - 11.7 - 11.5 - 12.2 - 12.9,34.4,36.6
202009060810,12.7 - 10.6 - 13.3 - 13.1 - 12.6 - 12.4 - 12.7 - 12.4 - 13.0,36.6,38.1
202009060811,12.4 - 10.7 - 11.7 - 12.1 - 12.3 - 11.9 - 12.4,34.8,36.6
202009060812,12.5 - 11.0 - 11.5 - 12.0 - 11.6 - 11.2 - 11.7,35.0,34.5
202010010101,12.3 - 10.8 - 11.6 - 12.2 - 12.7,34.7,36.5
202010010102,7.2 - 11.2 - 12.0 - 13.5 - 12.9 - 12.0 - 12.5 - 13.1 - 13.5,30.4,39.1
202010010103,11.8 - 10.4 - 11.1 - 11.3 - 11.8 - 11.9,33.3,35.0
202010010104,12.4 - 11.2 - 12.2 - 12.1 - 12.3 - 12.3 - 12.1 - 11.6 - 12.3,35.8,36.0
202010010105,12.6 - 11.4 - 12.1 - 13.4 - 12.8 - 12.5 - 12.2 - 12.2 - 12.4 - 12.2,36.1,36.8
202010010106,7.1 - 11.2 - 11.9 - 12.7 - 12.5 - 12.4 - 12.3 - 12.6 - 13.2,30.2,38.1
202010010107,7.0 - 10.8 - 11.9 - 12.8 - 12.5 - 12.4 - 12.9 - 12.9 - 13.2,29.7,39.0
202010010108,12.0 - 10.4 - 11.1 - 11.7 - 11.8 - 12.8,33.5,36.3
202010010109,12.4 - 11.3 - 12.3 - 12.3 - 12.2 - 12.2 - 12.4 - 12.3 - 12.6,36.0,37.3
202010010110,6.9 - 11.0 - 11.7 - 12.1 - 12.1 - 12.5 - 12.7 - 12.6 - 12.8,29.6,38.1
202010010111,12.3 - 11.1 - 11.9 - 12.6 - 12.2 - 12.0 - 12.0 - 12.2 - 12.4 - 12.4,35.3,37.0
202010010112,11.8 - 10.7 - 11.4 - 11.7 - 11.7 - 12.5,33.9,35.9
202010010201,7.1 - 10.7 - 11.1 - 13.1 - 13.3 - 13.2 - 12.5 - 12.4 - 12.9,28.9,37.8
202010010202,12.2 - 10.6 - 11.5 - 11.7 - 12.6,34.3,35.8
202010010203,12.4 - 11.1 - 12.0 - 12.4 - 12.4 - 12.6 - 12.7 - 12.6 - 12.7,35.5,38.0
202010010204,12.0 - 10.6 - 11.1 - 11.9 - 11.7 - 12.6,33.7,36.2
202010010205,12.4 - 10.9 - 11.7 - 12.5 - 12.5 - 12.8 - 13.0 - 12.4 - 12.2 - 12.6,35.0,37.2
202010010206,12.5 - 11.1 - 12.0 - 12.1 - 11.9 - 12.5,35.6,36.5
202010010207,7.0 - 10.9 - 11.8 - 13.3 - 12.5 - 12.5 - 12.6 - 12.6 - 13.5,29.7,38.7
202010010208,12.0 - 10.6 - 11.2 - 12.0 - 12.0 - 12.3,33.8,36.3
202010010209,12.7 - 11.8 - 12.3 - 12.6 - 12.3 - 12.2 - 12.3 - 12.2 - 12.0 - 12.6,36.8,36.8
202010010210,6.9 - 10.8 - 11.8 - 12.7 - 12.7 - 12.3 - 12.6 - 12.5 - 13.1,29.5,38.2
202010010211,11.8 - 10.8 - 11.2 - 11.7 - 11.4 - 12.3,33.8,35.4
202010010212,12.8 - 11.7 - 12.6 - 12.2 - 12.2 - 12.5 - 13.0 - 12.9 - 12.8 - 12.4 - 12.5 - 12.6 - 13.4,37.1,38.5
202010010301,12.1 - 10.7 - 11.5 - 11.8 - 11.8,34.3,35.1
202010010302,7.2 - 11.0 - 12.2 - 13.1 - 12.4 - 12.0 - 12.0 - 12.5 - 12.8,30.4,37.3
202010010303,11.8 - 10.2 - 11.2 - 11.9 - 12.0 - 12.8,33.2,36.7
202010010304,12.6 - 11.7 - 12.7 - 12.3 - 12.0 - 12.2 - 12.5 - 12.7 - 12.1,37.0,37.3
202010010305,12.7 - 11.6 - 11.7 - 12.6 - 12.4 - 12.5 - 12.6 - 12.6 - 12.5 - 12.9,36.0,38.0
202010010306,7.0 - 11.2 - 12.1 - 12.6 - 12.2 - 12.1 - 12.3 - 12.5 - 13.1,30.3,37.9
202010010307,11.6 - 10.3 - 11.1 - 11.8 - 12.4 - 12.8,33.0,37.0
202010010308,7.0 - 11.1 - 11.7 - 12.3 - 12.0 - 12.1 - 12.4 - 12.7 - 12.8,29.8,37.9
202010010309,12.7 - 12.0 - 12.0 - 12.5 - 12.9 - 12.9 - 13.0 - 12.4 - 12.0 - 12.1 - 12.2 - 12.0 - 12.8,36.7,37.0
202010010310,12.0 - 10.7 - 11.4 - 11.8 - 11.6 - 12.4,34.1,35.8
202010010311,7.0 - 10.7 - 12.1 - 12.8 - 12.3 - 12.1 - 12.2 - 12.5 - 12.7,29.8,37.4
202010010312,12.7 - 12.0 - 12.9 - 12.4 - 11.9 - 11.8 - 11.7 - 11.8 - 12.3,37.6,35.8
202010010401,7.2 - 10.9 - 12.1 - 13.1 - 12.7 - 12.5 - 12.7 - 13.0 - 12.7,30.2,38.4
202010010402,12.2 - 10.7 - 11.3 - 11.7 - 12.1,34.2,35.1
202010010403,12.0 - 10.8 - 11.6 - 11.9 - 12.3 - 12.6,34.4,36.8
202010010404,12.5 - 11.0 - 12.1 - 13.2 - 13.0 - 12.6 - 12.7 - 12.5 - 12.8 - 13.5,35.6,38.8
202010010405,12.1 - 11.1 - 11.6 - 11.8 - 12.0 - 12.5,34.8,36.3
202010010406,12.4 - 11.5 - 12.3 - 12.1 - 11.9 - 12.3 - 12.9 - 12.4 - 12.7,36.2,38.0
202010010407,12.8 - 11.9 - 13.0 - 13.6 - 12.2 - 13.2 - 13.2 - 12.5 - 11.9 - 12.4 - 12.7 - 12.8,37.7,37.9
202010010408,12.0 - 10.8 - 11.6 - 11.9 - 12.4 - 12.5,34.4,36.8
202010010409,12.7 - 11.3 - 12.3 - 13.4 - 12.6 - 11.9 - 11.9 - 12.3 - 12.7 - 13.4,36.3,38.4
202010010410,12.4 - 11.0 - 12.3 - 11.9 - 11.8 - 12.1 - 12.6 - 13.0 - 13.4,35.7,39.0
202010010411,7.0 - 11.1 - 11.6 - 12.7 - 12.1 - 11.8 - 12.1 - 12.2 - 12.4,29.7,36.7
202010010412,11.9 - 10.9 - 11.7 - 12.2 - 12.0 - 12.4,34.5,36.6
202010010501,12.3 - 10.8 - 11.5 - 11.6 - 12.1,34.6,35.2
202010010502,7.0 - 10.7 - 11.7 - 12.6 - 12.4 - 12.5 - 12.7 - 12.9 - 13.1,29.4,38.7
202010010503,12.5 - 11.2 - 12.2 - 13.6 - 12.2 - 12.8 - 12.9 - 12.7 - 12.7 - 13.0,35.9,38.4
202010010504,12.0 - 10.7 - 11.5 - 11.8 - 12.6 - 13.0,34.2,37.4
202010010505,13.1 - 11.3 - 12.2 - 13.6 - 13.5 - 12.9 - 12.8 - 12.8 - 12.6 - 12.6,36.6,38.0
202010010506,12.2 - 10.7 - 11.5 - 11.8 - 12.0,34.4,35.3
202010010507,12.5 - 12.4 - 13.6 - 12.8 - 11.9 - 12.1 - 12.0 - 11.8 - 12.4,38.5,36.2
202010010508,7.0 - 10.8 - 12.1 - 13.0 - 12.4 - 12.1 - 12.0 - 12.3 - 12.1,29.9,36.4
202010010509,12.9 - 12.3 - 12.6 - 13.7 - 13.0 - 12.4 - 12.5 - 12.4 - 12.0 - 12.4,37.8,36.8
202010010510,6.9 - 10.8 - 11.2 - 12.0 - 12.1 - 12.5 - 12.8 - 12.7 - 13.3,28.9,38.8
202010010511,13.0 - 11.7 - 11.9 - 12.5 - 12.7 - 13.0 - 13.7 - 12.9 - 12.3 - 12.3 - 12.4 - 12.1 - 12.8,36.6,37.3
202010010512,11.9 - 10.6 - 11.7 - 11.8 - 12.1 - 12.7,34.2,36.6
202010010601,7.0 - 11.1 - 12.0 - 12.9 - 12.5 - 12.4 - 12.5 - 12.5 - 12.9,30.1,37.9
202010010602,12.1 - 10.6 - 11.3 - 11.6 - 12.4,34.0,35.3
202010010603,12.4 - 11.2 - 11.8 - 12.6 - 12.5 - 12.6 - 12.8 - 13.0 - 12.9 - 12.9,35.4,38.8
202010010604,12.1 - 10.7 - 11.5 - 12.0 - 12.4 - 13.2,34.3,37.6
202010010605,12.2 - 11.3 - 12.2 - 12.1 - 12.3 - 12.7 - 12.9 - 12.7 - 13.0,35.7,38.6
202010010606,6.9 - 11.2 - 12.1 - 13.1 - 12.9 - 13.0 - 12.4 - 12.0 - 12.3,30.2,36.7
202010010607,12.0 - 10.7 - 11.2 - 11.6 - 12.1 - 13.1,33.9,36.8
202010010608,7.0 - 10.9 - 12.0 - 12.4 - 12.6 - 12.7 - 12.0 - 12.1 - 12.9,29.9,37.0
202010010609,12.6 - 11.9 - 12.3 - 12.9 - 12.7 - 13.0 - 13.5 - 12.8 - 12.7 - 12.6 - 12.8 - 12.5 - 13.1,36.8,38.4
202010010610,6.9 - 11.2 - 12.3 - 13.0 - 12.5 - 11.8 - 12.4 - 12.2 - 12.7,30.4,37.3
202010010611,11.7 - 10.5 - 11.4 - 11.7 - 12.1 - 13.0,33.6,36.8
202010010612,12.5 - 11.6 - 12.3 - 12.7 - 12.0 - 12.1 - 12.6 - 12.7 - 12.0 - 12.5,36.4,37.2
202010010701,12.3 - 11.3 - 11.8 - 11.9 - 12.8,35.4,36.5
202010010702,7.0 - 11.3 - 11.8 - 13.3 - 13.1 - 13.0 - 12.6 - 12.7 - 13.4,30.1,38.7
202010010703,12.2 - 11.0 - 12.2 - 12.4 - 12.4 - 12.4 - 12.0 - 12.1 - 12.0,35.4,36.1
202010010704,12.0 - 10.6 - 11.5 - 12.1 - 11.8 - 11.7,34.1,35.6
202010010705,12.5 - 11.3 - 12.3 - 12.7 - 12.6 - 12.6 - 12.2 - 11.8 - 11.7 - 11.9,36.1,35.4
202010010706,6.8 - 11.6 - 12.3 - 12.8 - 12.5 - 12.5 - 12.6 - 12.3 - 12.9,30.7,37.8
202010010707,13.2 - 11.9 - 12.6 - 12.6 - 12.5 - 12.9 - 13.5 - 13.3 - 12.9 - 12.9 - 12.8 - 13.4,37.7,39.1
202010010708,12.3 - 11.5 - 12.1 - 12.1 - 11.9 - 12.1 - 11.8 - 12.1 - 12.1,35.9,36.0
202010010709,6.8 - 11.0 - 11.5 - 13.0 - 13.2 - 13.0 - 12.7 - 12.8 - 12.6,29.3,38.1
202010010710,11.9 - 10.5 - 11.3 - 11.4 - 11.6 - 12.0,33.7,35.0
202010010711,12.6 - 10.8 - 11.7 - 13.0 - 13.0 - 11.9 - 11.8 - 11.9 - 12.1 - 11.8,35.1,35.8
202010010712,11.9 - 10.7 - 11.4 - 11.4 - 11.6 - 11.7,34.0,34.7
202010010801,6.9 - 11.6 - 12.1 - 13.4 - 13.0 - 12.9 - 13.1 - 12.7 - 13.1,30.6,38.9
202010010802,12.2 - 10.5 - 11.5 - 11.5 - 12.7,34.2,35.7
202010010803,11.8 - 10.4 - 11.2 - 11.6 - 12.0 - 12.3,33.4,35.9
202010010804,12.2 - 11.1 - 12.3 - 12.3 - 12.4 - 12.2 - 11.8 - 11.6 - 12.3,35.6,35.7
202010010805,12.0 - 10.3 - 10.9 - 11.5 - 12.0 - 12.5,33.2,36.0
202010010806,12.8 - 12.0 - 12.2 - 12.0 - 11.3 - 12.0 - 12.8 - 12.9 - 12.7 - 12.0 - 12.4 - 12.2 - 12.8,37.0,37.4
202010010807,7.0 - 11.7 - 12.3 - 12.9 - 12.2 - 12.2 - 12.1 - 12.0 - 13.1,31.0,37.2
202010010808,12.5 - 11.1 - 12.1 - 12.4 - 12.1 - 12.2 - 11.7 - 12.2 - 12.6 - 12.3,35.7,37.1
202010010809,11.9 - 10.3 - 10.9 - 11.5 - 11.7 - 12.7,33.1,35.9
202010010810,6.8 - 11.1 - 11.8 - 13.2 - 12.8 - 12.3 - 12.4 - 12.3 - 12.9,29.7,37.6
202010010811,12.5 - 11.5 - 12.3 - 12.3 - 12.0 - 12.0 - 11.9 - 11.7 - 11.7 - 12.0,36.3,35.4
202010010812,12.5 - 11.9 - 12.1 - 11.8 - 11.9 - 11.9 - 11.7 - 11.5 - 12.2,36.5,35.4
202010010901,12.1 - 10.7 - 11.4 - 11.8 - 12.6,34.2,35.8
202010010902,7.1 - 10.9 - 12.0 - 12.9 - 12.2 - 12.0 - 12.5 - 12.6 - 13.9,30.0,39.0
202010010903,12.7 - 11.2 - 12.3 - 12.5 - 12.4 - 12.3 - 12.2 - 12.5 - 12.5 - 12.7,36.2,37.7
202010010904,11.9 - 10.5 - 11.1 - 11.9 - 12.0 - 12.8,33.5,36.7
202010010905,12.5 - 11.5 - 12.1 - 12.2 - 11.8 - 12.3 - 12.5 - 12.5 - 13.0,36.1,38.0
202010010906,6.9 - 11.1 - 12.0 - 12.5 - 12.2 - 11.7 - 12.3 - 12.4 - 13.5,30.0,38.2
202010010907,12.6 - 12.5 - 12.1 - 11.8 - 11.7 - 12.0 - 12.1 - 12.1 - 12.5,37.2,36.7
202010010908,7.1 - 11.1 - 11.8 - 12.3 - 12.1 - 11.5 - 12.1 - 12.7 - 13.7,30.0,38.5
202010010909,12.0 - 10.5 - 11.6 - 11.8 - 13.1,34.1,36.5
202010010910,12.4 - 11.4 - 12.0 - 12.5 - 12.0 - 11.8 - 11.9 - 12.3 - 12.6 - 12.5,35.8,37.4
202010010911,11.8 - 10.6 - 11.4 - 11.9 - 11.5 - 11.8,33.8,35.2
202010010912,12.1 - 10.8 - 11.4 - 11.5 - 11.8 - 12.4,34.3,35.7
202010011001,6.9 - 10.9 - 12.0 - 13.0 - 12.1 - 12.2 - 12.5 - 12.5 - 14.1,29.8,39.1
202010011002,6.9 - 11.1 - 12.3 - 12.9 - 12.9 - 12.3 - 12.3 - 12.7 - 12.9,30.3,37.9
202010011003,12.3 - 10.9 - 11.8 - 12.2 - 12.5 - 12.7,35.0,37.4
202010011004,12.5 - 11.1 - 12.5 - 12.9 - 13.0 - 12.8 - 12.6 - 12.7 - 12.8 - 13.3,36.1,38.8
202010011005,12.0 - 10.7 - 11.3 - 11.7 - 12.4,34.0,35.4
202010011006,13.1 - 12.6 - 12.7 - 12.5 - 12.5 - 13.6 - 13.9 - 13.1 - 12.8 - 12.4 - 12.4 - 12.3 - 12.8,38.4,37.5
202010011007,12.5 - 11.6 - 12.3 - 13.2 - 12.7 - 12.7 - 12.7 - 12.6 - 12.9 - 13.1,36.4,38.6
202010011008,12.2 - 10.8 - 11.7 - 12.0 - 12.3 - 12.8,34.7,37.1
202010011009,6.8 - 11.1 - 11.6 - 13.0 - 12.4 - 12.0 - 12.5 - 12.6 - 12.9,29.5,38.0
202010011010,12.7 - 12.2 - 12.6 - 12.3 - 12.2 - 12.4 - 12.3 - 12.3 - 12.7,37.5,37.3
202010011011,11.6 - 10.8 - 11.3 - 11.6 - 12.1 - 12.6,33.7,36.3
202010011012,13.0 - 11.6 - 12.5 - 13.0 - 12.5 - 12.6 - 12.6 - 12.2 - 12.8 - 12.6,37.1,37.6
202010011101,7.0 - 11.0 - 11.9 - 13.3 - 12.2 - 12.1 - 12.3 - 12.7 - 12.8,29.9,37.8
202010011102,7.0 - 11.0 - 11.9 - 13.1 - 12.4 - 12.2 - 12.4 - 12.6 - 13.2,29.9,38.2
202010011103,12.1 - 10.7 - 11.3 - 11.7 - 12.2 - 12.8,34.1,36.7
202010011104,12.3 - 12.2 - 13.3 - 12.9 - 12.2 - 12.4 - 12.4 - 12.7 - 13.0,37.8,38.1
202010011105,12.4 - 11.4 - 12.4 - 13.5 - 13.0 - 12.6 - 12.8 - 12.6 - 12.7 - 12.7,36.2,38.0
202010011106,13.4 - 12.9 - 13.3 - 13.2 - 12.9 - 13.5 - 13.7 - 12.5 - 11.4 - 11.6 - 12.3 - 12.9,39.6,36.8
202010011107,12.0 - 10.6 - 11.5 - 11.9 - 11.9 - 12.8,34.1,36.6
202010011108,12.2 - 10.6 - 11.4 - 11.7 - 12.3,34.2,35.4
202010011109,13.0 - 11.3 - 12.1 - 12.9 - 13.1 - 13.0 - 13.0 - 12.5 - 12.6 - 12.6 - 12.6 - 12.7 - 13.7,36.4,39.0
202010011110,7.0 - 11.3 - 12.3 - 13.4 - 12.9 - 12.2 - 11.9 - 11.8 - 11.8,30.6,35.5
202010011111,11.9 - 10.7 - 11.4 - 11.8 - 12.2 - 12.7,34.0,36.7
202010011112,12.4 - 11.4 - 11.7 - 12.0 - 11.8 - 11.9,35.5,35.7
202010011201,12.5 - 11.0 - 11.6 - 11.8 - 12.5,35.1,35.9
202010011202,6.9 - 11.1 - 11.9 - 12.5 - 12.1 - 12.7 - 12.9 - 12.4 - 12.4,29.9,37.7
202010011203,12.2 - 10.7 - 11.7 - 12.0 - 11.8 - 12.3,34.6,36.1
202010011204,12.3 - 10.8 - 12.4 - 12.9 - 12.6 - 12.2 - 12.7 - 12.9 - 12.8 - 12.6,35.5,38.3
202010011205,6.9 - 10.8 - 11.5 - 12.9 - 12.7 - 12.7 - 12.4 - 11.9 - 12.5,29.2,36.8
202010011206,12.1 - 11.2 - 11.5 - 11.9 - 11.8 - 12.5,34.8,36.2
202010011207,12.4 - 12.2 - 13.0 - 12.7 - 12.6 - 12.1 - 11.9 - 11.6 - 12.0,37.6,35.5
202010011208,12.8 - 11.5 - 12.5 - 12.9 - 12.3 - 12.1 - 12.1 - 12.1 - 11.8 - 11.9,36.8,35.8
202010011209,6.9 - 11.1 - 12.2 - 13.2 - 12.5 - 12.5 - 12.4 - 11.6 - 12.2,30.2,36.2
202010011210,12.1 - 10.7 - 11.6 - 12.1 - 12.1 - 12.0,34.4,36.2
202010011211,12.2 - 11.6 - 12.2 - 12.2 - 12.1 - 12.1 - 12.0 - 11.9 - 12.0,36.0,35.9
202010011212,12.9 - 12.5 - 13.1 - 12.7 - 11.6 - 12.4 - 13.2 - 12.6 - 12.2 - 12.4 - 12.1 - 12.4 - 13.0,38.5,37.5
202010020102,11.6 - 10.1 - 10.7 - 11.0 - 11.4 - 12.3,32.4,34.7
202010020103,7.0 - 11.2 - 12.1 - 13.2 - 12.8 - 12.5 - 12.7 - 12.9 - 12.8,30.3,38.4
202010020105,12.2 - 11.0 - 11.6 - 11.6 - 11.6 - 11.8,34.8,35.0
202010020106,12.1 - 10.5 - 11.2 - 11.3 - 11.4 - 11.9,33.8,34.6
202010020107,12.3 - 11.2 - 11.9 - 12.7 - 12.6 - 11.9 - 11.8 - 11.6 - 11.9 - 12.4,35.4,35.9
202010020108,12.1 - 10.7 - 11.4 - 11.8 - 12.3,34.2,35.5
202010020109,11.7 - 10.3 - 10.9 - 11.6 - 11.5 - 11.9,32.9,35.0
202010020110,12.2 - 10.5 - 11.6 - 12.5 - 12.1 - 11.7 - 11.9 - 11.8 - 11.6 - 11.9,34.3,35.3
202010020111,7.0 - 10.5 - 11.6 - 12.6 - 12.1 - 12.2 - 12.5 - 12.3 - 12.9,29.1,37.7
202010020112,12.2 - 11.0 - 11.9 - 11.7 - 11.4 - 11.8 - 11.5 - 11.6 - 11.8,35.1,34.9
202010020201,11.6 - 10.4 - 10.9 - 11.2 - 11.5 - 11.9,32.9,34.6
202010020202,12.3 - 10.7 - 11.4 - 12.0 - 12.3,34.4,35.7
202010020203,12.2 - 10.7 - 11.9 - 11.9 - 11.8 - 12.0 - 12.3 - 11.9 - 12.0,34.8,36.2
202010020204,6.8 - 11.0 - 11.4 - 12.9 - 12.9 - 12.5 - 12.8 - 13.2 - 13.9,29.2,39.9
202010020205,12.2 - 10.8 - 11.6 - 11.6 - 11.8 - 12.2,34.6,35.6
202010020206,11.9 - 10.6 - 11.3 - 11.7 - 11.7 - 12.0,33.8,35.4
202010020207,12.3 - 10.9 - 11.3 - 12.2 - 12.4 - 11.9 - 11.7 - 11.9 - 12.0 - 12.5,34.5,36.4
202010020208,6.9 - 10.9 - 12.3 - 13.3 - 12.5 - 12.4 - 12.4 - 12.3 - 12.9,30.1,37.6
202010020209,11.8 - 10.3 - 10.9 - 11.3 - 11.3 - 12.0,33.0,34.6
202010020210,12.2 - 10.8 - 11.4 - 12.1 - 11.9 - 11.8 - 11.8 - 11.8 - 11.8 - 12.3,34.4,35.9
202010020211,12.0 - 10.8 - 11.3 - 11.8 - 12.2 - 12.2 - 12.0 - 11.5 - 11.7 - 12.0,34.1,35.2
202010020212,7.0 - 10.9 - 11.4 - 12.5 - 12.5 - 12.5 - 12.5 - 13.0 - 12.9,29.3,38.4
202010020301,11.9 - 10.6 - 11.1 - 11.6 - 11.6 - 12.4,33.6,35.6
202010020302,12.4 - 11.2 - 12.0 - 12.0 - 11.7 - 11.9 - 12.0 - 12.0 - 12.4,35.6,36.4
202010020303,12.5 - 11.5 - 12.2 - 12.5 - 12.9 - 12.9 - 13.2 - 12.6 - 12.2 - 12.0 - 11.6 - 11.6 - 12.1,36.2,35.3
202010020304,7.1 - 11.2 - 12.3 - 12.9 - 12.3 - 12.0 - 12.3 - 12.6 - 12.7,30.6,37.6
202010020305,11.9 - 10.5 - 11.5 - 11.8 - 11.8 - 11.9,33.9,35.5
202010020306,7.0 - 11.1 - 12.0 - 13.3 - 12.0 - 12.2 - 12.7 - 13.1 - 13.9,30.1,39.7
202010020307,11.8 - 10.3 - 10.8 - 11.4 - 11.6 - 12.4,32.9,35.4
202010020308,6.9 - 11.0 - 11.9 - 12.9 - 12.9 - 12.3 - 12.4 - 12.5 - 12.8,29.8,37.7
202010020309,12.3 - 10.9 - 11.9 - 12.3 - 12.4 - 12.1 - 12.2 - 11.9 - 11.8 - 12.0,35.1,35.7
202010020310,12.6 - 11.2 - 12.0 - 11.5 - 11.5 - 11.9 - 11.9 - 11.8 - 12.1,35.8,35.8
202010020311,11.6 - 10.0 - 10.6 - 11.4 - 11.8 - 12.2,32.2,35.4
202010020312,11.9 - 10.4 - 11.5 - 11.9 - 12.5,33.8,35.9
202010020402,12.2 - 10.9 - 11.5 - 11.6 - 12.0 - 12.1,34.6,35.7
202010020403,6.9 - 10.6 - 11.6 - 13.1 - 13.3 - 12.5 - 12.5 - 12.5 - 12.7,29.1,37.7
202010020404,12.7 - 11.4 - 11.7 - 13.0 - 12.6 - 12.3 - 12.0 - 12.2 - 12.3 - 13.0,35.8,37.5
202010020405,12.5 - 11.0 - 12.8 - 13.1 - 13.0 - 12.4 - 12.1 - 11.9 - 12.2,36.3,36.2
202010020406,12.3 - 10.6 - 11.4 - 11.7 - 12.1,34.3,35.2
202010020407,11.8 - 10.3 - 11.0 - 11.6 - 11.9 - 11.8,33.1,35.3
202010020408,6.9 - 10.9 - 11.3 - 12.5 - 12.4 - 12.2 - 12.2 - 12.4 - 12.8,29.1,37.4
202010020409,11.8 - 10.4 - 11.2 - 11.6 - 11.4 - 11.9,33.4,34.9
202010020410,6.9 - 10.5 - 11.3 - 12.7 - 12.3 - 12.1 - 11.8 - 12.2 - 12.6,28.7,36.6
202010020411,11.5 - 10.3 - 10.6 - 11.2 - 11.7 - 12.5,32.4,35.4
202010020412,12.4 - 10.8 - 11.8 - 12.2 - 12.0 - 12.2 - 12.2 - 12.3 - 12.2,35.0,36.7
202010020501,12.2 - 10.6 - 11.4 - 12.0 - 12.9,34.2,36.3
202010020502,11.8 - 10.4 - 11.0 - 11.4 - 11.8 - 12.0,33.2,35.2
202010020503,7.0 - 11.3 - 11.9 - 12.7 - 12.5 - 12.0 - 12.7 - 13.4 - 13.0,30.2,39.1
202010020504,12.6 - 11.6 - 12.5 - 12.1 - 11.6 - 11.0 - 11.6 - 12.4 - 11.8,36.7,35.8
202010020505,12.8 - 11.5 - 12.3 - 12.9 - 12.3 - 12.3 - 12.2 - 12.5 - 12.7 - 11.7,36.6,36.9
202010020506,12.2 - 10.7 - 11.6 - 12.2 - 12.1,34.5,35.9
202010020507,11.8 - 10.4 - 10.7 - 11.3 - 11.7 - 12.1,32.9,35.1
202010020509,12.1 - 10.4 - 11.5 - 11.5 - 11.8 - 11.9,34.0,35.2
202010020510,13.1 - 11.6 - 12.3 - 12.2 - 12.2 - 11.7 - 11.6 - 11.6 - 11.9 - 12.1,37.0,35.6
202010020511,11.9 - 10.3 - 11.1 - 11.9 - 12.3,33.3,35.3
202010020512,12.8 - 11.5 - 12.1 - 11.8 - 11.8 - 11.7 - 11.7 - 12.0 - 11.6,36.4,35.3
202010020601,13.6 - 11.8 - 12.6 - 12.9 - 12.9 - 12.1 - 11.5 - 11.5 - 11.8 - 12.1,38.0,35.4
202010020602,12.1 - 10.5 - 11.0 - 11.1 - 11.7 - 12.1,33.6,34.9
202010020603,7.0 - 11.4 - 12.3 - 12.8 - 12.4 - 12.3 - 12.2 - 12.5 - 13.2,30.7,37.9
202010020604,12.0 - 10.4 - 11.0 - 11.5 - 11.8 - 12.0,33.4,35.3
202010020605,12.3 - 10.5 - 11.1 - 11.5 - 11.8 - 11.6,33.9,34.9
202010020606,12.6 - 11.2 - 12.1 - 12.4 - 12.1 - 11.9 - 11.7 - 11.7 - 12.1 - 12.5,35.9,36.3
202010020607,12.0 - 10.5 - 11.6 - 12.1 - 12.2,34.1,35.9
202010020608,12.1 - 10.5 - 11.1 - 11.5 - 11.6 - 11.8,33.7,34.9
202010020609,12.5 - 10.6 - 12.2 - 12.4 - 12.2 - 12.2 - 12.4 - 12.1 - 11.7 - 12.0,35.3,35.8
202010020610,6.9 - 11.1 - 11.8 - 12.7 - 12.5 - 12.5 - 12.2 - 11.8 - 12.3,29.8,36.3
202010020611,12.5 - 11.3 - 12.0 - 11.8 - 11.7 - 11.8 - 11.7 - 11.8 - 11.5,35.8,35.0
202010020612,6.9 - 11.2 - 11.6 - 12.8 - 12.7 - 12.4 - 12.3 - 12.4 - 13.0,29.7,37.7
202010020701,7.2 - 11.2 - 12.6 - 13.4 - 12.9 - 12.7 - 12.5 - 12.4 - 12.8,31.0,37.7
202010020702,12.5 - 11.5 - 12.3 - 12.2 - 11.9 - 11.8 - 11.9 - 12.1 - 12.5,36.3,36.5
202010020703,12.2 - 10.5 - 11.3 - 12.1 - 12.8,34.0,36.2
202010020704,11.8 - 10.5 - 10.9 - 11.6 - 11.7 - 12.2,33.2,35.5
202010020705,12.4 - 11.0 - 11.3 - 11.4 - 11.5 - 11.6,34.7,34.5
202010020706,7.1 - 10.7 - 11.7 - 12.5 - 12.8 - 12.9 - 12.8 - 12.1 - 12.4,29.5,37.3
202010020707,13.0 - 10.6 - 12.0 - 12.7 - 12.0 - 12.3 - 12.1 - 12.0 - 12.0 - 11.8,35.6,35.8
202010020708,12.4 - 12.3 - 12.7 - 12.1 - 12.2 - 12.0 - 11.6 - 11.3 - 11.8,37.4,34.7
202010020709,7.2 - 11.2 - 12.3 - 13.2 - 13.0 - 12.6 - 12.3 - 12.0 - 11.7,30.7,36.0
202010020710,7.0 - 11.3 - 12.0 - 12.8 - 12.4 - 12.4 - 12.1 - 11.7 - 12.0,30.3,35.8
202010020711,11.9 - 10.6 - 11.1 - 11.2 - 11.7 - 11.7,33.6,34.6
202010020712,12.9 - 12.1 - 12.8 - 12.9 - 12.9 - 12.6 - 12.7 - 12.7 - 12.2 - 11.5 - 11.7 - 12.1 - 12.4,37.8,36.2
202010020802,12.1 - 10.4 - 11.2 - 11.5 - 11.7 - 11.9,33.7,35.1
202010020803,7.0 - 10.9 - 11.7 - 12.9 - 12.6 - 12.3 - 12.5 - 12.9 - 13.4,29.6,38.8
202010020804,12.7 - 11.2 - 12.4 - 12.8 - 12.6 - 12.2 - 12.4 - 12.2 - 12.0 - 12.0,36.3,36.2
202010020805,12.8 - 11.8 - 13.5 - 13.1 - 12.3 - 12.3 - 11.9 - 12.0 - 11.7,38.1,35.6
202010020806,7.0 - 11.2 - 11.9 - 12.6 - 12.6 - 12.4 - 12.3 - 12.9 - 13.5,30.1,38.7
202010020807,11.8 - 10.8 - 11.4 - 11.7 - 11.7 - 11.9,34.0,35.3
202010020808,12.2 - 10.5 - 11.3 - 11.5 - 12.7,34.0,35.5
202010020809,11.8 - 10.5 - 11.0 - 11.6 - 11.8 - 12.5,33.3,35.9
202010020810,13.1 - 12.8 - 12.9 - 12.3 - 12.0 - 11.9 - 11.7 - 12.0 - 12.1,38.8,35.8
202010020811,11.7 - 10.6 - 11.6 - 11.8 - 12.1 - 11.8,33.9,35.7
202010020812,7.0 - 11.2 - 11.9 - 12.8 - 12.5 - 12.1 - 11.8 - 11.6 - 12.3,30.1,35.7
202101010101,12.1 - 10.5 - 11.2 - 11.5 - 11.3 - 12.1,33.8,34.9
202101010102,6.8 - 11.0 - 12.4 - 13.7 - 12.9 - 12.8 - 12.8 - 12.8 - 13.1,30.2,38.7
202101010103,12.4 - 11.1 - 11.5 - 12.1 - 13.0,35.0,36.6
202101010104,12.7 - 11.5 - 12.1 - 12.8 - 12.8 - 12.4 - 11.9 - 11.8 - 11.6 - 11.8,36.3,35.2
202101010105,12.4 - 11.0 - 11.0 - 11.2 - 11.3,34.4,33.5
202101010106,7.0 - 11.2 - 12.6 - 13.7 - 12.8 - 11.9 - 12.4 - 13.4 - 13.5,30.8,39.3
202101010107,12.4 - 11.0 - 11.8 - 11.7 - 12.5,35.2,36.0
202101010108,12.3 - 10.5 - 12.0 - 12.9 - 12.1 - 12.3 - 12.0 - 11.5 - 11.6 - 12.3,34.8,35.4
202101010109,6.8 - 10.8 - 11.8 - 12.8 - 13.1 - 12.4 - 12.6 - 12.9 - 13.2,29.4,38.7
202101010110,14.1 - 13.7 - 13.4 - 13.6 - 13.1 - 13.2 - 13.3 - 13.0 - 11.8 - 12.6 - 11.7 - 11.3 - 11.4,41.2,34.4
202101010111,11.9 - 10.5 - 11.1 - 11.3 - 12.0 - 11.8,33.5,35.1
202101010112,12.6 - 11.9 - 11.8 - 12.2 - 11.9 - 11.8 - 11.6 - 11.5 - 11.6,36.3,34.7
202101010201,6.6 - 11.1 - 11.1 - 11.9 - 12.1 - 11.8 - 11.5 - 11.9,28.8,35.2
202101010202,12.4 - 11.2 - 11.8 - 12.0 - 12.7,35.4,36.5
202101010203,6.7 - 11.0 - 12.4 - 12.9 - 12.8 - 12.6 - 12.9 - 12.6 - 13.0,30.1,38.5
202101010204,12.2 - 10.7 - 11.7 - 12.5 - 12.4 - 12.2 - 12.1 - 11.9 - 12.0 - 12.6,34.6,36.5
202101010205,12.2 - 10.6 - 11.4 - 11.4 - 11.3 - 12.0,34.2,34.7
202101010206,12.3 - 11.1 - 11.5 - 11.8 - 11.9 - 11.8 - 12.0 - 12.0 - 12.3,34.9,36.3
202101010207,12.4 - 10.7 - 11.6 - 12.3 - 12.7,34.7,36.6
202101010208,6.9 - 11.1 - 12.3 - 12.7 - 12.4 - 12.2 - 12.5 - 12.9 - 13.1,30.3,38.5
202101010209,11.8 - 10.6 - 10.9 - 11.3 - 11.9 - 12.0,33.3,35.2
202101010210,12.5 - 11.4 - 11.7 - 11.9 - 12.0 - 12.0 - 11.8 - 11.6 - 12.0,35.6,35.4
202101010211,11.7 - 10.3 - 10.8 - 11.1 - 11.4 - 12.3,32.8,34.8
202101010212,6.9 - 11.0 - 11.7 - 12.6 - 12.9 - 12.7 - 13.0 - 12.4 - 12.3,29.6,37.7
202101010301,12.0 - 10.5 - 11.1 - 11.5 - 11.3 - 12.0,33.6,34.8
202101010302,6.9 - 11.5 - 12.4 - 13.1 - 12.9 - 12.4 - 12.6 - 12.6 - 13.4,30.8,38.6
202101010303,13.2 - 12.3 - 12.5 - 12.8 - 12.1 - 11.7 - 12.1 - 12.2 - 12.3 - 12.1 - 12.2 - 12.6 - 12.7,38.0,37.5
202101010304,6.9 - 10.9 - 11.8 - 12.4 - 12.6 - 12.9 - 13.2 - 13.0 - 13.4,29.6,39.6
202101010305,12.2 - 10.6 - 10.8 - 11.5 - 11.2 - 11.6,33.6,34.3
202101010306,12.8 - 11.7 - 12.3 - 12.1 - 12.6,36.8,37.0
202101010307,12.5 - 11.4 - 12.2 - 12.4 - 12.3 - 11.8 - 11.6 - 11.4 - 11.7,36.1,34.7
202101010308,12.5 - 10.9 - 11.7 - 11.9 - 12.0,35.1,35.6
202101010309,6.7 - 11.6 - 12.3 - 12.7 - 12.4 - 12.1 - 12.5 - 12.9 - 13.2,30.6,38.6
202101010310,12.6 - 10.9 - 12.6 - 13.6 - 13.0 - 12.0 - 12.0 - 11.3 - 10.9 - 10.9,36.1,33.1
202101010311,6.8 - 11.3 - 11.6 - 12.0 - 11.7 - 11.6 - 11.3 - 11.5,29.7,34.4
202101010312,12.0 - 10.6 - 11.1 - 11.2 - 11.2 - 11.5,33.7,33.9
202101010401,12.0 - 10.4 - 10.9 - 11.6 - 12.3 - 12.4,33.3,36.3
202101010402,6.9 - 11.4 - 12.5 - 13.2 - 11.7 - 12.1 - 12.6 - 12.8 - 12.7,30.8,38.1
202101010403,12.3 - 10.7 - 11.5 - 11.7 - 12.5,34.5,35.7
202101010404,12.5 - 10.8 - 11.7 - 12.6 - 12.5 - 12.2 - 12.2 - 12.0 - 11.9 - 12.1,35.0,36.0
202101010405,12.4 - 11.0 - 11.3 - 11.4 - 11.4 - 12.0,34.7,34.8
202101010406,6.8 - 11.0 - 11.9 - 12.4 - 12.6 - 12.3 - 12.6 - 12.8 - 12.8,29.7,38.2
202101010407,11.9 - 10.6 - 11.3 - 11.4 - 11.4 - 11.9,33.8,34.7
202101010408,6.9 - 11.0 - 11.8 - 12.6 - 12.6 - 12.7 - 12.5 - 12.4 - 13.2,29.7,38.1
202101010409,6.7 - 11.3 - 11.6 - 12.1 - 11.8 - 11.6 - 11.6 - 11.6,29.6,34.8
202101010410,12.3 - 11.4 - 12.5 - 12.4 - 12.1 - 12.1 - 11.8 - 11.7 - 11.9,36.2,35.4
202101010411,12.1 - 10.5 - 10.8 - 11.1 - 11.4 - 12.3,33.4,34.8
202101010412,6.9 - 10.8 - 12.0 - 12.7 - 12.3 - 12.5 - 12.3 - 12.3 - 13.0,29.7,37.6
202101010501,12.0 - 10.6 - 11.3 - 11.6 - 11.4 - 12.1,33.9,35.1
202101010502,12.2 - 10.6 - 11.6 - 11.9 - 13.0,34.4,36.5
202101010503,6.8 - 10.8 - 11.9 - 12.7 - 12.6 - 12.4 - 13.1 - 13.5 - 13.2,29.5,39.8
202101010504,6.5 - 11.6 - 11.9 - 11.5 - 11.5 - 11.5 - 11.7 - 12.3,30.0,35.5
202101010505,12.3 - 11.1 - 11.5 - 11.5 - 11.2 - 11.6,34.9,34.3
202101010506,12.8 - 11.0 - 12.0 - 12.3 - 12.6 - 12.0 - 11.9 - 12.1 - 11.7 - 12.3,35.8,36.1
202101010507,12.4 - 10.8 - 11.4 - 11.6 - 12.8,34.6,35.8
202101010508,6.8 - 11.1 - 12.2 - 12.9 - 12.7 - 12.4 - 12.7 - 12.8 - 13.2,30.1,38.7
202101010509,12.2 - 10.4 - 10.9 - 11.6 - 11.5 - 12.1,33.5,35.2
202101010510,12.4 - 11.5 - 12.2 - 12.1 - 11.9 - 11.9 - 11.8 - 11.7 - 11.9,36.1,35.4
202101010511,12.0 - 10.5 - 11.0 - 11.1 - 11.4 - 11.8,33.5,34.3
202101010512,6.8 - 11.2 - 12.5 - 13.0 - 12.7 - 12.4 - 12.5 - 12.4 - 13.4,30.5,38.3
202101010601,11.9 - 10.5 - 11.1 - 11.4 - 11.5 - 12.0,33.5,34.9
202101010602,6.7 - 11.1 - 12.7 - 13.4 - 13.0 - 12.7 - 12.7 - 12.4 - 13.4,30.5,38.5
202101010603,12.5 - 10.8 - 11.8 - 12.0 - 13.1,35.1,36.9
202101010604,12.5 - 10.9 - 11.7 - 12.1 - 12.3 - 11.9 - 12.1 - 12.0 - 12.1,35.1,36.2
202101010605,12.3 - 10.5 - 11.0 - 11.4 - 11.8 - 12.6,33.8,35.8
202101010606,6.9 - 11.4 - 12.8 - 12.7 - 12.5 - 12.4 - 12.8 - 13.7 - 14.2,31.1,40.7
202101010607,12.6 - 11.5 - 12.3 - 12.9 - 12.3 - 12.7 - 13.0 - 12.6 - 11.9 - 11.5 - 11.9 - 12.1 - 12.3,36.4,36.3
202101010608,7.1 - 11.0 - 12.2 - 12.5 - 12.4 - 12.4 - 12.9 - 13.2 - 13.3,30.3,39.4
202101010609,6.6 - 11.3 - 11.5 - 11.6 - 11.5 - 11.5 - 11.4 - 11.9,29.4,34.8
202101010610,12.8 - 11.3 - 11.2 - 11.4 - 11.6 - 12.0 - 12.2 - 12.7 - 12.3 - 12.5,35.3,37.5
202101010611,6.9 - 11.4 - 11.9 - 12.5 - 12.5 - 12.0 - 12.2 - 12.8 - 13.3,30.2,38.3
202101010612,11.8 - 10.3 - 10.9 - 11.5 - 11.7 - 12.2,33.0,35.4
202101020101,12.3 - 11.6 - 12.6 - 12.8 - 12.3 - 12.1 - 12.0 - 11.6 - 12.1,36.5,35.7
202101020102,6.8 - 11.1 - 12.1 - 12.5 - 12.7 - 12.8 - 12.6 - 13.0 - 13.9,30.0,39.5
202101020103,12.5 - 11.0 - 11.6 - 11.7 - 12.3,35.1,35.6
202101020104,12.4 - 11.1 - 12.0 - 12.6 - 12.5 - 12.5 - 12.1 - 11.9 - 12.1 - 12.2,35.5,36.2
202101020105,6.8 - 11.7 - 11.8 - 11.8 - 11.6 - 11.9 - 11.6 - 11.9,30.3,35.4
202101020106,7.0 - 11.1 - 12.0 - 12.6 - 12.7 - 13.0 - 13.0 - 12.6 - 13.2,30.1,38.8
202101020107,12.9 - 11.1 - 11.3 - 12.0 - 12.0 - 12.4 - 12.5 - 12.7 - 12.7 - 12.7 - 12.8 - 12.4 - 12.5,35.3,37.7
202101020108,6.8 - 11.4 - 12.3 - 12.7 - 12.6 - 12.5 - 12.5 - 12.6 - 13.0,30.5,38.1
202101020109,12.4 - 10.6 - 11.0 - 11.6 - 11.7 - 12.0,34.0,35.3
202101020110,12.5 - 11.1 - 11.9 - 12.2 - 12.7 - 12.5 - 12.1 - 12.1 - 12.2,35.5,36.4
202101020111,6.7 - 11.0 - 11.9 - 12.5 - 12.7 - 12.4 - 12.5 - 12.0 - 12.2,29.6,36.7
202101020112,6.6 - 11.4 - 10.8 - 11.3 - 11.9 - 12.0 - 11.9 - 12.0,28.8,35.9
202101020201,12.1 - 10.4 - 11.0 - 11.7 - 11.9 - 12.2,33.5,35.8
202101020202,13.2 - 13.3 - 13.8 - 13.2 - 12.7 - 13.2 - 13.4 - 13.5 - 12.4 - 12.6 - 12.5 - 13.0,40.3,38.1
202101020203,6.9 - 11.2 - 11.9 - 12.3 - 12.7 - 12.8 - 12.4 - 11.9 - 13.1,30.0,37.4
202101020204,6.5 - 11.7 - 11.7 - 12.1 - 11.9 - 11.7 - 11.5 - 11.9,29.9,35.1
202101020205,12.9 - 11.1 - 12.3 - 12.4 - 12.7 - 12.7 - 12.5 - 12.4 - 11.8 - 11.8,36.3,36.0
202101020206,12.5 - 11.0 - 11.6 - 11.6 - 12.0,35.1,35.2
202101020207,7.0 - 11.1 - 12.1 - 12.8 - 12.7 - 12.6 - 12.6 - 12.2 - 12.8,30.2,37.6
202101020208,6.6 - 11.6 - 11.8 - 11.9 - 11.8 - 11.7 - 11.5 - 11.8,30.0,35.0
202101020209,12.3 - 10.5 - 11.5 - 11.7 - 12.0,34.3,35.2
202101020210,12.9 - 12.0 - 12.1 - 12.2 - 12.2 - 12.0 - 12.0 - 11.8 - 11.8,37.0,35.6
202101020211,12.0 - 10.9 - 11.3 - 11.4 - 11.3 - 11.9,34.2,34.6
202101020212,12.9 - 11.8 - 12.5 - 12.3 - 12.2 - 12.2 - 11.7 - 11.3 - 11.3 - 12.3,37.2,34.9
202101020301,12.4 - 11.4 - 12.3 - 12.2 - 12.1 - 12.2 - 12.3 - 11.9 - 12.8,36.1,37.0
202101020302,6.8 - 11.1 - 12.0 - 12.5 - 12.7 - 13.2 - 13.3 - 12.8 - 13.8,29.9,39.9
202101020303,6.7 - 11.0 - 12.0 - 12.6 - 12.9 - 12.7 - 13.1 - 13.1 - 13.2,29.7,39.4
202101020304,12.4 - 10.7 - 11.3 - 11.5 - 11.7 - 12.1,34.4,35.3
202101020305,6.7 - 12.3 - 12.2 - 12.7 - 12.7 - 12.2 - 11.2 - 11.4,31.2,34.8
202101020306,6.7 - 11.5 - 12.7 - 13.2 - 12.9 - 12.7 - 12.8 - 12.0 - 12.9,30.9,37.7
202101020307,12.6 - 10.4 - 11.5 - 12.7 - 12.6 - 12.0 - 12.0 - 12.1 - 12.5 - 12.4,34.5,37.0
202101020308,12.7 - 11.2 - 11.8 - 11.6 - 12.6,35.7,36.0
202101020309,6.9 - 11.2 - 12.4 - 12.9 - 12.8 - 12.3 - 12.8 - 12.2 - 12.4,30.5,37.4
202101020310,12.6 - 11.3 - 11.8 - 12.6 - 12.4 - 12.3 - 12.3 - 11.9 - 12.1 - 12.0,35.7,36.0
202101020311,13.2 - 11.8 - 12.3 - 12.3 - 12.5 - 12.8 - 13.4 - 12.9 - 12.4 - 12.1 - 11.9 - 11.5 - 11.9,37.3,35.3
202101020312,6.7 - 12.0 - 11.7 - 12.1 - 12.2 - 11.8 - 11.3 - 11.5,30.4,34.6
202101020401,6.8 - 12.1 - 12.0 - 12.6 - 12.4 - 12.0 - 11.6 - 12.1,30.9,35.7
202101020402,12.6 - 11.3 - 12.0 - 11.7 - 12.5,35.9,36.2
202101020403,6.9 - 11.0 - 12.3 - 12.6 - 12.7 - 12.7 - 13.1 - 12.9 - 13.1,30.2,39.1
202101020404,13.2 - 12.7 - 12.5 - 12.7 - 12.5 - 12.6 - 13.3 - 12.8 - 12.5 - 12.2 - 12.1 - 11.8 - 12.1,38.4,36.0
202101020405,13.2 - 12.4 - 12.9 - 12.8 - 12.5 - 12.5 - 12.4 - 11.5 - 11.4,38.5,35.3
202101020406,13.4 - 12.0 - 12.0 - 12.1 - 12.6 - 13.2 - 13.4 - 13.3 - 13.6 - 13.7 - 13.2 - 13.0,37.4,39.9
202101020407,6.8 - 11.3 - 12.5 - 13.4 - 13.2 - 13.1 - 12.6 - 11.9 - 12.7,30.6,37.2
202101020408,12.9 - 12.0 - 12.7 - 13.4 - 12.9 - 12.0 - 11.5 - 11.8 - 11.2 - 11.9,37.6,34.9
202101020409,6.7 - 11.5 - 11.8 - 12.0 - 12.0 - 12.0 - 11.4 - 11.7,30.0,35.1
202101020410,6.6 - 10.9 - 11.8 - 12.5 - 12.5 - 12.8 - 12.8 - 12.4 - 13.2,29.3,38.4
202101020411,12.5 - 10.9 - 11.5 - 12.5 - 12.5 - 12.4 - 11.8 - 11.8 - 11.7 - 11.9,34.9,35.4
202101020412,12.2 - 10.8 - 11.3 - 11.6 - 11.4 - 11.7,34.3,34.7
202101020501,12.6 - 12.5 - 12.7 - 12.1 - 12.1 - 11.9 - 11.7 - 11.3 - 12.3,37.8,35.3
202101020502,12.1 - 10.8 - 11.3 - 11.6 - 11.8 - 12.6,34.2,36.0
202101020503,12.4 - 10.7 - 11.6 - 11.7 - 13.0,34.7,36.3
202101020504,6.8 - 11.1 - 12.1 - 12.5 - 12.4 - 12.8 - 13.3 - 13.3 - 13.6,30.0,40.2
202101020505,7.0 - 11.6 - 12.8 - 13.2 - 13.2 - 12.6 - 12.7 - 13.0 - 14.2,31.4,39.9
202101020506,6.8 - 11.0 - 11.1 - 11.8 - 12.3 - 12.1 - 11.8 - 12.1,28.9,36.0
202101020507,12.7 - 12.2 - 12.8 - 12.6 - 11.9 - 11.7 - 11.7 - 12.0 - 12.2,37.7,35.9
202101020508,6.8 - 10.8 - 12.5 - 11.7 - 13.1 - 13.0 - 12.9 - 12.8 - 13.1,30.1,38.8
202101020509,13.1 - 11.6 - 11.9 - 11.9 - 11.6 - 12.5 - 12.3 - 12.3 - 13.1 - 13.0 - 12.8 - 12.6 - 12.4,36.6,37.8
202101020512,7.0 - 11.6 - 12.5 - 12.8 - 12.7 - 12.3 - 12.4 - 12.3 - 13.3,31.1,38.0
202101020601,6.9 - 11.6 - 11.7 - 12.0 - 12.2 - 11.9 - 12.2 - 12.2,30.2,36.3
202101020602,12.6 - 11.2 - 11.6 - 11.7 - 12.6,35.4,35.9
202101020603,6.8 - 11.1 - 12.4 - 12.6 - 13.0 - 12.5 - 12.5 - 12.7 - 13.1,30.3,38.3
202101020604,12.5 - 10.7 - 11.8 - 12.1 - 12.0 - 12.3 - 12.1 - 12.5 - 12.8 - 13.3,35.0,38.6
202101020605,12.8 - 12.2 - 13.1 - 13.0 - 12.5 - 12.1 - 11.9 - 11.7 - 11.7,38.1,35.3
202101020606,6.8 - 11.3 - 12.3 - 12.9 - 12.5 - 12.2 - 12.4 - 12.6 - 13.3,30.4,38.3
202101020607,12.5 - 11.1 - 11.8 - 11.5 - 12.5,35.4,35.8
202101020608,6.7 - 11.1 - 11.4 - 11.7 - 11.7 - 12.0 - 11.7 - 12.0,29.2,35.7
202101020609,12.0 - 10.5 - 10.9 - 11.3 - 11.5 - 12.8,33.4,35.6
202101020610,6.9 - 11.0 - 11.6 - 12.4 - 13.3 - 12.7 - 12.6 - 12.5 - 13.4,29.5,38.5
202101020611,12.3 - 10.7 - 11.0 - 11.5 - 11.6 - 12.0,34.0,35.1
202101020612,12.6 - 11.8 - 11.9 - 11.9 - 11.9 - 11.8 - 11.9 - 11.8 - 12.0,36.3,35.7
202101020701,12.2 - 10.8 - 11.7 - 12.1 - 11.1 - 12.1,34.7,35.3
202101020702,6.8 - 11.0 - 12.0 - 12.6 - 12.8 - 12.9 - 13.0 - 12.5 - 13.1,29.8,38.6
202101020703,12.8 - 10.8 - 11.9 - 12.0 - 12.0 - 12.1 - 12.4 - 12.5 - 12.3 - 12.7,35.5,37.5
202101020704,6.9 - 11.0 - 12.1 - 13.2 - 12.6 - 12.6 - 12.7 - 12.3 - 13.1,30.0,38.1
202101020705,7.0 - 11.7 - 11.8 - 12.2 - 12.5 - 12.2 - 11.5 - 11.6,30.5,35.3
202101020706,6.7 - 11.4 - 12.5 - 12.6 - 12.4 - 12.4 - 12.7 - 12.5 - 13.3,30.6,38.5
202101020707,12.4 - 10.9 - 11.5 - 11.6 - 12.9,34.8,36.0
202101020708,12.8 - 11.1 - 12.1 - 12.2 - 12.5 - 12.6 - 12.2 - 12.2 - 11.6 - 11.9,36.0,35.7
202101020709,6.7 - 10.8 - 11.7 - 12.5 - 12.8 - 12.7 - 12.6 - 12.3 - 12.9,29.2,37.8
202101020710,11.9 - 11.0 - 11.4 - 11.6 - 11.3 - 11.8,34.3,34.7
202101020711,12.6 - 11.9 - 11.9 - 11.9 - 12.0 - 12.0 - 12.2 - 12.1 - 12.5,36.4,36.8
202101020712,6.6 - 11.4 - 11.4 - 11.6 - 11.7 - 11.9 - 11.8 - 12.2,29.4,35.9
202101020801,12.9 - 10.8 - 12.1 - 12.8 - 12.7 - 13.4 - 12.9 - 13.2 - 12.1 - 12.0,35.8,37.3
202101020802,7.0 - 12.2 - 12.1 - 12.5 - 12.5 - 12.2 - 11.5 - 12.4,31.3,36.1
202101020803,6.8 - 11.6 - 12.1 - 12.4 - 12.4 - 12.3 - 12.3 - 12.1 - 13.2,30.5,37.6
202101020804,12.3 - 11.2 - 11.5 - 11.7 - 11.8 - 12.0,35.0,35.5
202101020805,6.7 - 11.2 - 12.5 - 12.9 - 12.7 - 11.9 - 12.7 - 12.6 - 13.1,30.4,38.4
202101020806,12.4 - 11.1 - 11.5 - 11.8 - 11.3 - 12.1,35.0,35.2
202101020807,6.8 - 11.1 - 12.0 - 12.3 - 12.3 - 12.4 - 12.7 - 12.3 - 13.4,29.9,38.4
202101020808,12.6 - 12.4 - 12.4 - 12.3 - 12.7 - 12.4 - 12.2 - 12.0 - 12.3,37.4,36.5
202101020809,6.6 - 11.4 - 12.3 - 12.7 - 12.5 - 12.4 - 12.4 - 12.3 - 13.0,30.3,37.7
202101020810,12.2 - 11.1 - 11.5 - 12.3 - 11.8 - 12.1,34.8,36.2
202101020811,13.1 - 12.3 - 12.9 - 13.1 - 12.7 - 13.3 - 13.3 - 12.9 - 12.4 - 12.1 - 12.1 - 11.8 - 12.3,38.3,36.2
202101020812,12.8 - 11.1 - 12.3 - 12.6 - 12.5 - 12.6 - 12.2 - 12.5 - 12.0 - 12.5,36.2,37.0
202102010101,12.0 - 10.5 - 11.0 - 11.6 - 11.7 - 12.5,33.5,35.8
202102010102,12.7 - 11.8 - 12.6 - 12.6 - 13.2 - 13.1 - 13.2 - 13.4 - 13.1 - 14.4 - 13.9 - 14.0,37.1,42.3
202102010103,7.2 - 10.8 - 11.7 - 12.3 - 13.0 - 13.1 - 13.5 - 13.0 - 13.0,29.7,39.5
202102010104,12.5 - 10.8 - 11.6 - 12.3 - 12.9,34.9,36.8
202102010105,12.4 - 10.8 - 11.7 - 11.7 - 11.7 - 12.4,34.9,35.8
202102010106,12.3 - 11.1 - 12.2 - 12.3 - 12.4 - 12.3 - 12.2 - 11.8 - 12.1,35.6,36.1
202102010107,11.9 - 10.4 - 11.2 - 11.5 - 11.6 - 12.5,33.5,35.6
202102010108,12.2 - 10.5 - 11.4 - 12.0 - 13.1,34.1,36.5
202102010109,7.0 - 11.2 - 12.1 - 12.5 - 12.6 - 12.3 - 12.2 - 12.1 - 12.9,30.3,37.2
202102010110,13.2 - 11.2 - 11.9 - 12.0 - 12.6 - 12.5 - 12.0 - 11.8 - 11.9 - 12.3,36.3,36.0
202102010111,12.2 - 10.4 - 10.9 - 11.3 - 11.5 - 12.2,33.5,35.0
202102010112,12.3 - 11.2 - 11.7 - 12.1 - 12.1 - 12.2 - 11.7 - 11.5 - 12.2,35.2,35.4
202102010201,12.3 - 10.7 - 11.4 - 11.7 - 11.7 - 12.6,34.4,36.0
202102010202,7.1 - 11.2 - 11.7 - 12.8 - 12.7 - 12.7 - 12.8 - 12.6 - 13.0,30.0,38.4
202102010203,12.4 - 11.0 - 11.9 - 12.5 - 12.8,35.3,37.2
202102010204,12.6 - 10.4 - 11.2 - 11.4 - 12.8 - 12.8 - 12.6 - 12.6 - 12.4 - 12.6,34.2,37.6
202102010205,12.8 - 11.5 - 12.1 - 12.5 - 12.6 - 12.5 - 12.3 - 11.8 - 12.0,36.4,36.1
202102010206,7.1 - 11.2 - 12.3 - 13.1 - 12.7 - 12.1 - 12.6 - 12.3 - 12.5,30.6,37.4
202102010207,13.4 - 11.9 - 12.7 - 13.2 - 13.1 - 13.3 - 13.3 - 12.6 - 12.4 - 12.5 - 12.8 - 13.7,38.0,39.0
202102010208,12.6 - 11.3 - 12.1 - 12.4 - 12.4 - 12.1 - 11.7 - 11.7 - 11.6 - 12.8,36.0,36.1
202102010209,12.0 - 10.3 - 10.9 - 11.3 - 11.5 - 12.4,33.2,35.2
202102010210,7.1 - 11.2 - 11.7 - 12.4 - 12.6 - 12.5 - 12.5 - 12.6 - 13.4,30.0,38.5
202102010211,12.6 - 12.2 - 12.4 - 12.4 - 11.9 - 11.3 - 11.6 - 11.3 - 12.3,37.2,35.2
202102010212,12.1 - 10.7 - 11.1 - 11.3 - 11.3 - 12.1,33.9,34.7
202102010301,11.9 - 11.0 - 11.3 - 11.8 - 11.6 - 12.2,34.2,35.6
202102010302,12.1 - 11.1 - 11.6 - 11.8 - 12.2,34.8,35.6
202102010303,12.0 - 10.4 - 10.9 - 11.6 - 11.9 - 12.5,33.3,36.0
202102010304,7.3 - 10.9 - 11.8 - 12.7 - 12.9 - 11.7 - 12.6 - 12.7 - 13.4,30.0,38.7
202102010305,12.3 - 10.6 - 11.5 - 11.9 - 11.9 - 12.6,34.4,36.4
202102010306,12.8 - 11.2 - 12.6 - 12.3 - 12.7 - 12.2 - 11.9 - 12.5 - 12.4 - 12.4,36.6,37.3
202102010307,6.8 - 11.1 - 11.7 - 11.9 - 12.4 - 12.7 - 12.8 - 12.8 - 13.3,29.6,38.9
202102010308,12.4 - 11.6 - 12.4 - 12.3 - 12.4 - 12.2 - 12.3 - 11.8 - 12.1,36.4,36.2
202102010309,12.0 - 10.7 - 11.3 - 11.9 - 12.5,34.0,35.7
202102010310,12.0 - 10.6 - 11.2 - 11.8 - 11.8 - 12.4,33.8,36.0
202102010311,6.9 - 11.1 - 11.6 - 11.8 - 12.1 - 12.1 - 12.5 - 12.7 - 12.9,29.6,38.1
202102010312,12.9 - 12.1 - 12.7 - 12.8 - 12.6 - 12.7 - 12.7 - 12.0 - 12.1 - 12.5 - 12.5 - 12.3 - 12.2,37.7,37.0
202102010401,12.4 - 10.7 - 11.7 - 11.5 - 12.4,34.8,35.6
202102010402,12.0 - 10.8 - 11.3 - 12.0 - 11.8 - 12.2,34.1,36.0
202102010403,12.4 - 11.6 - 12.2 - 12.5 - 12.3 - 12.2 - 12.1 - 11.9 - 12.6,36.2,36.6
202102010404,7.1 - 10.7 - 11.1 - 12.1 - 12.3 - 12.4 - 13.0 - 13.0 - 12.6,28.9,38.6
202102010405,12.4 - 12.1 - 12.8 - 13.2 - 13.0 - 12.5 - 12.3 - 11.7 - 11.7,37.3,35.7
202102010406,12.1 - 10.7 - 11.4 - 11.6 - 12.4,34.2,35.4
202102010407,12.0 - 11.2 - 11.6 - 11.6 - 11.4 - 12.0,34.8,35.0
202102010408,6.8 - 10.8 - 11.5 - 12.3 - 12.6 - 12.3 - 12.7 - 12.6 - 13.3,29.1,38.6
202102010409,12.7 - 10.7 - 11.6 - 12.7 - 12.7 - 12.4 - 12.5 - 12.5 - 12.1 - 12.7,35.0,37.3
202102010410,6.8 - 11.0 - 11.4 - 12.2 - 12.6 - 12.4 - 12.3 - 12.0 - 12.6,29.2,36.9
202102010411,12.3 - 12.1 - 12.4 - 12.1 - 12.0 - 12.0 - 12.0 - 11.6 - 12.1,36.8,35.7
202102010412,12.0 - 10.9 - 11.1 - 11.6 - 11.6 - 12.1,34.0,35.3
202102010501,12.1 - 12.0 - 12.3 - 12.5 - 12.8 - 12.7 - 12.1 - 11.9 - 12.1,36.4,36.1
202102010502,7.1 - 10.7 - 11.5 - 12.3 - 12.9 - 12.7 - 13.3 - 12.3 - 12.9,29.3,38.5
202102010503,12.1 - 10.6 - 11.2 - 11.7 - 12.0 - 12.3,33.9,36.0
202102010504,7.1 - 10.7 - 11.8 - 12.7 - 12.7 - 12.3 - 12.6 - 13.1 - 13.8,29.6,39.5
202102010505,12.6 - 11.0 - 11.7 - 11.9 - 12.4,35.3,36.0
202102010506,12.3 - 11.5 - 12.3 - 12.7 - 12.4 - 12.5 - 12.3 - 11.4 - 12.1,36.1,35.8
202102010507,12.2 - 11.0 - 11.6 - 11.7 - 12.0,34.8,35.3
202102010508,12.1 - 10.9 - 11.5 - 11.4 - 11.4 - 12.2,34.5,35.0
202102010509,12.6 - 11.5 - 12.0 - 12.2 - 12.0 - 12.5 - 12.7 - 13.2 - 12.8 - 12.3 - 12.2 - 12.3 - 13.3,36.1,37.8
202102010510,6.9 - 10.9 - 12.3 - 12.9 - 13.1 - 12.7 - 12.4 - 11.9 - 12.3,30.1,36.6
202102010511,11.9 - 10.4 - 11.4 - 12.0 - 11.9 - 12.3,33.7,36.2
202102010512,12.3 - 11.9 - 12.7 - 12.6 - 12.2 - 12.0 - 11.7 - 11.7 - 12.1,36.9,35.5
202102010601,12.5 - 11.3 - 11.6 - 11.7 - 11.0 - 11.7,35.4,34.4
202102010602,7.0 - 10.6 - 11.5 - 12.6 - 13.7 - 12.7 - 12.9 - 12.4 - 12.7,29.1,38.0
202102010603,12.2 - 10.7 - 11.4 - 11.7 - 12.2,34.3,35.3
202102010604,7.1 - 10.9 - 11.8 - 12.8 - 13.0 - 12.7 - 12.5 - 12.9 - 13.1,29.8,38.5
202102010605,12.5 - 11.6 - 12.8 - 13.8 - 13.1 - 12.5 - 11.9 - 11.6 - 11.6,36.9,35.1
202102010606,13.2 - 12.3 - 12.2 - 12.8 - 12.3 - 13.4 - 13.4 - 13.2 - 12.6 - 11.9 - 12.0 - 11.5 - 12.3,37.7,35.8
202102010607,6.8 - 10.8 - 12.2 - 12.8 - 13.2 - 12.8 - 12.6 - 12.8 - 12.8,29.8,38.2
202102010608,12.2 - 11.0 - 11.4 - 11.5 - 11.5 - 12.4,34.6,35.4
202102010609,12.0 - 11.5 - 12.2 - 12.5 - 12.3 - 12.5 - 12.2 - 11.5 - 11.5,35.7,35.2
202102010610,7.1 - 11.1 - 11.8 - 12.4 - 12.9 - 12.8 - 12.8 - 12.3 - 12.1,30.0,37.2
202102010611,12.6 - 10.3 - 11.5 - 11.8 - 12.3 - 12.0 - 12.2 - 12.3 - 11.6 - 12.1,34.4,36.0
202102010612,12.2 - 10.6 - 11.3 - 11.9 - 11.6 - 11.8,34.1,35.3
202102010701,12.4 - 12.1 - 12.7 - 13.0 - 12.2 - 11.9 - 12.0 - 11.6 - 12.4,37.2,36.0
202102010702,12.0 - 10.7 - 11.2 - 11.7 - 11.5 - 12.2,33.9,35.4
202102010703,7.2 - 10.9 - 11.8 - 12.7 - 12.6 - 12.6 - 12.9 - 13.1 - 13.9,29.9,39.9
202102010704,12.0 - 10.6 - 11.2 - 11.7 - 11.6 - 12.1,33.8,35.4
202102010705,7.2 - 10.8 - 11.7 - 12.9 - 13.5 - 12.5 - 13.2 - 12.5 - 13.0,29.7,38.7
202102010706,12.1 - 11.2 - 12.1 - 12.3 - 12.0 - 12.1 - 12.2 - 11.9 - 12.6,35.4,36.7
202102010707,12.0 - 10.4 - 11.0 - 11.7 - 11.4 - 12.7,33.4,35.8
202102010708,7.0 - 11.0 - 12.2 - 12.7 - 12.5 - 12.0 - 12.2 - 12.6 - 12.9,30.2,37.7
202102010709,12.7 - 10.7 - 11.9 - 12.7 - 12.5 - 12.0 - 12.0 - 11.8 - 11.6 - 12.5,35.3,35.9
202102010710,12.1 - 10.4 - 11.4 - 11.6 - 12.7,33.9,35.7
202102010711,11.9 - 10.4 - 11.4 - 11.7 - 11.3 - 11.8,33.7,34.8
202102010712,7.2 - 10.8 - 12.2 - 12.1 - 12.3 - 12.2 - 12.2 - 12.3 - 12.8,30.2,37.3
202102010801,12.2 - 10.6 - 11.2 - 11.8 - 11.7 - 12.5,34.0,36.0
202102010802,7.0 - 11.5 - 12.6 - 13.0 - 12.8 - 12.6 - 12.3 - 12.5 - 13.0,31.1,37.8
202102010803,12.3 - 10.8 - 11.9 - 11.9 - 12.4,35.0,36.2
202102010804,12.5 - 11.2 - 12.2 - 13.2 - 12.8 - 12.4 - 11.7 - 12.0 - 11.7 - 12.9,35.9,36.6
202102010805,12.5 - 11.6 - 11.9 - 12.1 - 12.1 - 11.8 - 11.8 - 11.7 - 13.0,36.0,36.5
202102010806,12.3 - 10.7 - 11.5 - 12.1 - 12.9,34.5,36.5
202102010807,12.6 - 11.4 - 11.7 - 11.9 - 12.0 - 11.9 - 11.9 - 11.9 - 12.5,35.7,36.3
202102010808,7.2 - 10.9 - 12.0 - 12.5 - 12.6 - 12.4 - 12.6 - 12.6 - 13.1,30.1,38.3
202102010809,12.7 - 11.1 - 12.1 - 12.2 - 11.9 - 11.8 - 11.7 - 11.8 - 11.7 - 12.9,35.9,36.4
202102010810,11.9 - 10.8 - 11.3 - 11.5 - 11.3 - 11.9,34.0,34.7
202102010811,6.9 - 11.0 - 11.6 - 12.7 - 12.6 - 12.0 - 12.3 - 12.5 - 13.2,29.5,38.0
202102010812,12.2 - 10.8 - 11.2 - 11.8 - 11.4 - 12.1,34.2,35.3
202102010901,12.0 - 10.4 - 11.1 - 11.6 - 11.6 - 12.7,33.5,35.9
202102010902,7.0 - 11.7 - 12.5 - 12.7 - 12.7 - 12.5 - 12.4 - 12.6 - 13.4,31.2,38.4
202102010903,12.3 - 10.8 - 11.7 - 11.8 - 12.8,34.8,36.3
202102010904,6.9 - 10.6 - 11.4 - 12.5 - 12.8 - 13.1 - 13.1 - 13.4 - 13.6,28.9,40.1
202102010905,12.4 - 10.6 - 10.8 - 11.3 - 11.9 - 12.8,33.8,36.0
202102010906,12.1 - 11.1 - 11.5 - 12.0 - 12.5 - 12.4 - 12.2 - 12.1 - 12.6,34.7,36.9
202102010907,12.6 - 11.1 - 11.6 - 11.8 - 12.1 - 12.1 - 12.4 - 12.4 - 12.3 - 12.7,35.3,37.4
202102010908,12.1 - 10.6 - 11.7 - 12.0 - 12.9,34.4,36.6
202102010909,12.7 - 12.3 - 12.6 - 12.8 - 12.3 - 13.1 - 12.7 - 12.6 - 12.0 - 11.7 - 11.7 - 12.0 - 12.7,37.6,36.4
202102010910,11.6 - 10.6 - 11.0 - 11.3 - 11.5 - 12.4,33.2,35.2
202102010911,12.5 - 10.8 - 11.8 - 12.0 - 12.2 - 11.7 - 11.8 - 11.7 - 12.1 - 12.7,35.1,36.5
202102010912,6.9 - 11.1 - 12.0 - 12.7 - 12.7 - 12.2 - 12.3 - 12.6 - 13.7,30.0,38.6
202102011001,12.5 - 10.9 - 12.0 - 12.2 - 13.1,35.4,37.3
202102011002,6.9 - 10.8 - 11.6 - 12.9 - 12.8 - 12.8 - 13.3 - 13.1 - 13.3,29.3,39.7
202102011003,12.5 - 10.9 - 11.7 - 11.8 - 12.3 - 12.5 - 12.4 - 12.4 - 12.4 - 12.5,35.1,37.3
202102011004,6.9 - 10.8 - 11.7 - 12.4 - 12.8 - 12.7 - 13.2 - 13.8 - 13.7,29.4,40.7
202102011005,13.0 - 11.6 - 12.6 - 12.7 - 13.1 - 13.2 - 13.1 - 11.9 - 11.1 - 11.6,37.2,34.6
202102011006,12.1 - 10.7 - 11.4 - 11.6 - 11.5 - 12.1,34.2,35.2
202102011007,12.6 - 11.7 - 12.1 - 12.5 - 12.6 - 12.2 - 11.7 - 11.6 - 11.9,36.4,35.2
202102011008,6.8 - 11.2 - 12.1 - 12.7 - 12.8 - 12.1 - 12.8 - 12.8 - 13.4,30.1,39.0
202102011009,12.0 - 10.9 - 11.2 - 11.5 - 11.4 - 11.9,34.1,34.8
202102011010,13.2 - 12.5 - 12.5 - 12.6 - 12.5 - 13.0 - 12.8 - 12.9 - 12.4 - 12.4 - 12.1 - 11.8 - 11.7,38.2,35.6
202102011011,12.2 - 11.7 - 11.9 - 12.0 - 12.1 - 11.9 - 11.8 - 11.8 - 12.4,35.8,36.0
202102011012,7.0 - 10.5 - 11.5 - 12.5 - 13.0 - 12.7 - 13.0 - 12.9 - 12.9,29.0,38.8
202102011101,12.4 - 11.7 - 12.0 - 12.1 - 12.3 - 12.2 - 12.1 - 12.5 - 12.7,36.1,37.3
202102011102,7.0 - 10.7 - 11.5 - 12.1 - 12.6 - 13.3 - 13.5 - 13.5 - 13.3,29.2,40.3
202102011103,12.1 - 10.9 - 11.5 - 12.0 - 11.8 - 11.8,34.5,35.6
202102011104,12.4 - 10.8 - 11.4 - 11.7 - 12.6,34.6,35.7
202102011105,12.3 - 10.7 - 11.3 - 11.6 - 11.7 - 12.4,34.3,35.7
202102011106,12.5 - 10.9 - 11.9 - 12.0 - 12.5 - 12.5 - 12.4 - 12.3 - 12.2 - 12.3,35.3,36.8
202102011107,12.4 - 10.9 - 11.9 - 12.2 - 12.4,35.2,36.5
202102011108,6.9 - 10.6 - 11.6 - 12.3 - 12.5 - 12.5 - 12.6 - 13.1 - 13.5,29.1,39.2
202102011109,12.6 - 12.2 - 12.0 - 12.0 - 11.8 - 11.9 - 11.9 - 11.5 - 12.5,36.8,35.9
202102011110,7.0 - 11.1 - 12.3 - 12.5 - 12.2 - 12.0 - 12.3 - 12.3 - 13.1,30.4,37.7
202102011111,12.9 - 11.1 - 12.4 - 12.8 - 12.3 - 12.5 - 12.4 - 12.4 - 12.2 - 12.1 - 12.2 - 12.0 - 12.5,36.4,36.7
202102011112,11.8 - 10.8 - 11.4 - 11.5 - 11.5 - 12.0,34.0,35.0
202102011201,6.9 - 11.2 - 11.8 - 12.7 - 12.6 - 12.7 - 13.4 - 13.4 - 13.7,29.9,40.5
202102011202,12.3 - 10.5 - 12.2 - 12.6 - 12.7 - 12.2 - 12.2 - 12.4 - 12.4 - 12.7,35.0,37.5
202102011203,7.2 - 11.5 - 12.7 - 12.9 - 12.9 - 12.8 - 12.8 - 12.4 - 12.7,31.4,37.9
202102011204,11.7 - 10.5 - 11.3 - 11.4 - 11.4 - 12.8,33.5,35.6
202102011205,12.9 - 12.1 - 12.9 - 13.2 - 13.3 - 12.6 - 12.2 - 11.8 - 11.8,37.9,35.8
202102011206,13.5 - 12.0 - 12.4 - 12.5 - 12.5 - 12.6 - 12.4 - 12.6 - 12.2 - 12.3 - 12.6 - 12.6 - 12.9,37.9,38.1
202102011207,7.2 - 11.0 - 12.0 - 13.0 - 12.3 - 12.1 - 12.5 - 13.0 - 13.1,30.2,38.6
202102011208,12.5 - 11.3 - 12.1 - 12.2 - 12.5 - 12.2 - 11.9 - 12.3 - 12.3 - 12.4,35.9,37.0
202102011209,12.9 - 11.7 - 12.0 - 12.3 - 11.6 - 11.6 - 11.8 - 11.8 - 12.8,36.6,36.4
202102011210,11.7 - 10.4 - 11.0 - 11.7 - 11.9 - 12.3,33.1,35.9
202102011211,6.8 - 11.5 - 12.0 - 11.9 - 12.1 - 12.0 - 12.4 - 12.9 - 12.9,30.3,38.2
202102011212,11.9 - 10.7 - 10.9 - 11.5 - 11.9 - 12.6,33.5,36.0
202103010102,7.0 - 11.5 - 11.8 - 13.2 - 13.4 - 13.3 - 13.0 - 12.8 - 12.7,30.3,38.5
202103010103,6.9 - 12.0 - 12.0 - 13.1 - 12.8 - 12.3 - 12.3 - 12.3 - 13.6,30.9,38.2
202103010105,12.4 - 10.9 - 11.0 - 11.7 - 11.2 - 11.9,34.3,34.8
202103010106,9.8 - 11.2 - 11.7 - 11.9 - 12.1 - 12.8,32.7,36.8
202103010107,12.4 - 11.6 - 11.9 - 13.2 - 13.3 - 12.8 - 11.8 - 12.1 - 11.8 - 12.2,35.9,36.1
202103010108,7.0 - 11.3 - 12.1 - 12.8 - 13.1 - 12.2 - 12.4 - 12.8 - 13.1,30.4,38.3
202103010109,13.2 - 12.1 - 12.9 - 12.4 - 12.0 - 12.1 - 12.8 - 13.0 - 12.7 - 12.2 - 11.6 - 11.2 - 12.0,38.2,34.8
202103010110,12.5 - 10.6 - 12.2 - 12.4 - 12.0 - 11.6 - 11.8 - 11.6 - 12.7,35.3,36.1
202103010111,12.0 - 10.2 - 10.8 - 11.7 - 11.5 - 12.1,33.0,35.3
202103010112,9.4 - 10.6 - 11.0 - 11.9 - 12.3 - 13.0,31.0,37.2
202103010201,13.2 - 11.5 - 13.1 - 13.2 - 12.7 - 12.1 - 12.0 - 11.8 - 12.1,37.8,35.9
202103010202,12.1 - 10.7 - 11.2 - 11.6 - 11.5 - 12.7,34.0,35.8
202103010203,9.7 - 10.7 - 11.4 - 12.2 - 12.2 - 12.6,31.8,37.0
202103010204,12.4 - 11.0 - 10.9 - 12.1 - 12.3 - 12.5 - 12.6 - 13.0 - 11.9 - 12.3,34.3,37.2
202103010205,13.1 - 11.4 - 13.4 - 13.4 - 12.8 - 12.0 - 12.1 - 11.5 - 12.4,37.9,36.0
202103010206,12.3 - 11.3 - 11.4 - 12.0 - 11.6 - 11.9,35.0,35.5
202103010207,7.1 - 11.3 - 11.9 - 12.2 - 12.8 - 12.7 - 13.0 - 12.9 - 13.5,30.3,39.4
202103010208,12.0 - 10.6 - 11.0 - 11.4 - 11.4 - 12.1,33.6,34.9
202103010209,7.0 - 11.2 - 11.6 - 12.6 - 12.4 - 12.2 - 12.7 - 12.9 - 13.4,29.8,39.0
202103010210,12.0 - 10.3 - 10.7 - 11.4 - 11.7 - 12.8,33.0,35.9
202103010211,12.5 - 10.8 - 12.3 - 12.5 - 12.6 - 12.1 - 11.8 - 11.6 - 11.8,35.6,35.2
202103010212,7.1 - 11.3 - 12.1 - 12.9 - 12.8 - 12.4 - 12.6 - 12.7 - 12.7,30.5,38.0
202103010301,9.5 - 10.7 - 11.2 - 11.8 - 12.7 - 13.1,31.4,37.6
202103010302,12.3 - 10.5 - 11.0 - 11.7 - 11.7 - 12.8,33.8,36.2
202103010303,13.1 - 12.2 - 13.3 - 13.4 - 13.5 - 12.7 - 13.7 - 13.4 - 12.5 - 11.6 - 12.0 - 11.8 - 12.2,38.6,36.0
202103010304,7.2 - 11.9 - 11.9 - 12.7 - 12.8 - 12.3 - 12.6 - 12.6 - 12.9,31.0,38.1
202103010305,12.8 - 11.7 - 13.6 - 13.4 - 12.4 - 11.9 - 12.1 - 11.8 - 12.2,38.1,36.1
202103010306,12.3 - 10.9 - 11.3 - 11.7 - 11.7 - 12.5,34.5,35.9
202103010307,12.7 - 10.9 - 11.9 - 11.8 - 12.0 - 12.2 - 12.0 - 12.2 - 13.0,35.5,37.2
202103010308,7.1 - 11.1 - 11.8 - 12.7 - 12.8 - 11.6 - 12.2 - 12.5 - 12.7,30.0,37.4
202103010309,12.3 - 11.9 - 11.3 - 12.3 - 11.8 - 11.7 - 11.7 - 12.6 - 12.4 - 12.8,35.5,37.8
202103010310,7.1 - 11.1 - 11.9 - 12.4 - 12.1 - 11.9 - 12.4 - 12.7 - 12.7,30.1,37.8
202103010311,12.7 - 11.7 - 11.3 - 12.3 - 12.0 - 12.1 - 12.8 - 12.3 - 11.8 - 12.2,35.7,36.3
202103010312,11.9 - 10.5 - 10.9 - 11.6 - 11.9 - 12.7,33.3,36.2
202103010402,7.0 - 11.0 - 11.6 - 12.5 - 12.6 - 12.5 - 12.7 - 12.7 - 13.1,29.6,38.5
202103010403,12.1 - 10.9 - 11.3 - 12.1 - 11.9 - 12.7,34.3,36.7
202103010404,9.5 - 10.9 - 11.2 - 12.0 - 12.1 - 12.6,31.6,36.7
202103010405,12.8 - 11.8 - 12.1 - 13.7 - 14.0 - 13.0 - 11.7 - 12.3 - 11.7 - 12.3,36.7,36.3
202103010406,12.6 - 11.3 - 11.7 - 12.2 - 12.1 - 12.6,35.6,36.9
202103010407,12.6 - 10.9 - 11.8 - 12.5 - 12.5 - 12.1 - 12.3 - 12.5 - 11.9,35.3,36.7
202103010408,7.0 - 10.9 - 12.1 - 12.7 - 12.6 - 12.5 - 12.6 - 13.0 - 13.1,30.0,38.7
202103010409,12.6 - 11.1 - 12.3 - 13.0 - 12.4 - 11.8 - 12.1 - 11.9 - 12.4,36.0,36.4
202103010410,6.8 - 10.8 - 11.6 - 13.0 - 12.3 - 12.0 - 12.6 - 12.7 - 12.4,29.2,37.7
202103010411,12.4 - 11.7 - 11.7 - 12.6 - 12.4 - 12.3 - 12.0 - 12.1 - 12.2 - 12.8,35.8,37.1
202103010412,9.5 - 10.8 - 11.1 - 11.7 - 11.9 - 12.8,31.4,36.4
202103010502,7.0 - 11.3 - 12.2 - 13.6 - 13.3 - 12.5 - 12.9 - 13.3 - 12.7,30.5,38.9
202103010503,7.0 - 11.2 - 12.1 - 12.8 - 12.9 - 12.5 - 12.5 - 12.7 - 13.3,30.3,38.5
202103010505,12.9 - 12.1 - 12.9 - 13.6 - 12.8 - 12.2 - 11.8 - 11.4 - 11.9,37.9,35.1
202103010506,12.5 - 11.0 - 11.5 - 11.8 - 11.8 - 12.2,35.0,35.8
202103010507,9.4 - 10.7 - 11.1 - 12.4 - 12.4 - 13.3,31.2,38.1
202103010508,12.1 - 10.8 - 11.1 - 11.3 - 11.3 - 11.5,34.0,34.1
202103010509,12.5 - 10.8 - 11.6 - 12.1 - 12.5 - 12.1 - 12.0 - 11.9 - 12.1 - 11.9,34.9,35.9
202103010510,12.2 - 10.8 - 11.1 - 11.6 - 11.8 - 11.6,34.1,35.0
202103010511,6.9 - 11.0 - 11.2 - 12.3 - 12.4 - 12.4 - 12.7 - 12.5 - 12.6,29.1,37.8
202103010512,9.4 - 11.0 - 11.0 - 11.7 - 12.2 - 13.1,31.4,37.0
202103010601,12.6 - 10.9 - 11.2 - 12.1 - 11.5 - 11.8,34.7,35.4
202103010602,12.3 - 11.0 - 11.8 - 12.8 - 12.5 - 12.5 - 12.5 - 12.1 - 12.2,35.1,36.8
202103010603,7.1 - 11.4 - 12.3 - 12.9 - 13.1 - 12.8 - 12.8 - 12.3 - 12.5,30.8,37.6
202103010604,12.1 - 11.0 - 11.1 - 11.7 - 11.3 - 12.0,34.2,35.0
202103010605,12.6 - 11.2 - 12.2 - 13.5 - 12.9 - 12.1 - 12.1 - 12.3 - 11.9,36.0,36.3
202103010606,9.7 - 11.2 - 11.5 - 12.1 - 12.7 - 13.3,32.4,38.1
202103010607,12.6 - 11.2 - 12.0 - 12.3 - 13.0 - 12.4 - 11.8 - 12.0 - 11.8 - 12.3,35.8,36.1
202103010608,7.0 - 11.4 - 11.4 - 12.6 - 13.0 - 12.5 - 12.4 - 13.2 - 13.5,29.8,39.1
202103010609,13.4 - 12.8 - 13.1 - 13.1 - 12.5 - 13.0 - 12.9 - 12.9 - 11.6 - 11.7 - 11.8 - 11.4 - 11.7,39.3,34.9
202103010610,12.1 - 10.3 - 10.8 - 11.3 - 11.8 - 12.3,33.2,35.4
202103010611,11.9 - 10.3 - 10.6 - 11.2 - 11.8 - 12.5,32.8,35.5
202103010612,9.4 - 10.4 - 11.1 - 12.0 - 12.5 - 12.8,30.9,37.3
202103020101,9.7 - 10.7 - 11.2 - 12.2 - 12.7 - 13.5,31.6,38.4
202103020102,12.2 - 10.5 - 11.2 - 11.5 - 11.6 - 12.3,33.9,35.4
202103020103,7.2 - 10.8 - 11.6 - 12.4 - 12.9 - 12.5 - 12.8 - 13.2 - 12.8,29.6,38.8
202103020106,7.1 - 11.3 - 11.4 - 12.4 - 12.4 - 12.3 - 12.7 - 13.3 - 13.6,29.8,39.6
202103020107,13.1 - 11.7 - 12.2 - 12.1 - 12.8 - 12.7 - 12.9 - 12.6 - 12.1 - 11.7 - 11.7 - 11.7 - 12.3,37.0,35.7
202103020108,12.0 - 10.8 - 11.0 - 11.5 - 11.5 - 12.2,33.8,35.2
202103020109,9.7 - 10.9 - 11.3 - 11.9 - 12.0 - 12.7,31.9,36.6
202103020110,12.5 - 11.6 - 12.2 - 12.8 - 12.8 - 12.6 - 12.2 - 11.7 - 11.4 - 11.9,36.3,35.0
202103020111,7.0 - 11.2 - 11.6 - 12.5 - 13.0 - 11.7 - 12.3 - 12.8 - 13.1,29.8,38.2
202103020112,12.1 - 10.7 - 11.0 - 11.4 - 11.4 - 12.2,33.8,35.0
202103020201,7.2 - 10.8 - 11.3 - 12.4 - 12.7 - 12.9 - 13.6 - 13.6 - 13.8,29.3,41.0
202103020202,11.9 - 10.4 - 11.2 - 11.7 - 11.7 - 12.1,33.5,35.5
202103020203,7.3 - 11.1 - 12.3 - 13.0 - 12.6 - 12.2 - 12.2 - 12.2 - 12.2,30.7,36.6
202103020205,12.5 - 10.8 - 11.5 - 12.1 - 11.8 - 12.1,34.8,36.0
202103020206,12.6 - 10.9 - 12.3 - 12.9 - 12.5 - 12.2 - 12.3 - 11.8 - 12.4,35.8,36.5
202103020207,9.5 - 10.8 - 11.2 - 12.1 - 12.3 - 12.4,31.5,36.8
202103020208,12.1 - 10.4 - 11.4 - 11.9 - 11.4 - 11.9,33.9,35.2
202103020209,12.2 - 10.9 - 11.7 - 12.6 - 12.4 - 12.2 - 11.9 - 11.9 - 12.2 - 12.3,34.8,36.4
202103020210,12.4 - 11.2 - 12.2 - 12.3 - 12.0 - 11.9 - 11.7 - 11.6 - 12.4,35.8,35.7
202103020211,9.5 - 10.3 - 10.6 - 11.7 - 12.6 - 13.0,30.4,37.3
202103020212,12.8 - 12.0 - 12.9 - 13.0 - 13.0 - 12.5 - 12.5 - 12.6 - 11.9 - 11.4 - 11.9 - 11.9 - 12.5,37.7,36.3
202103020301,9.5 - 10.6 - 11.5 - 12.4 - 12.3 - 12.6,31.6,37.3
202103020302,7.2 - 10.9 - 11.8 - 13.2 - 13.0 - 12.7 - 12.9 - 12.6 - 12.8,29.9,38.3
202103020303,12.2 - 11.0 - 11.3 - 11.8 - 11.6 - 12.5,34.5,35.9
202103020304,9.6 - 10.6 - 11.5 - 12.2 - 12.4 - 12.8,31.7,37.4
202103020305,13.0 - 12.0 - 11.9 - 13.6 - 13.2 - 13.0 - 12.5 - 12.1 - 11.3 - 11.7,36.9,35.1
202103020306,12.3 - 11.0 - 11.4 - 11.9 - 11.3 - 11.8,34.7,35.0
202103020307,12.8 - 10.8 - 11.9 - 12.3 - 12.5 - 12.1 - 12.0 - 12.0 - 12.1,35.5,36.1
202103020308,7.1 - 11.0 - 11.5 - 12.3 - 13.1 - 12.4 - 12.6 - 12.6 - 12.6,29.6,37.8
202103020309,12.1 - 11.2 - 11.9 - 12.1 - 11.3 - 11.7,35.2,35.1
202103020310,12.8 - 12.3 - 12.7 - 12.7 - 12.7 - 12.6 - 12.8 - 12.2 - 12.3 - 11.8 - 12.2 - 12.0 - 12.4,37.8,36.6
202103020311,7.0 - 11.2 - 11.9 - 12.4 - 12.3 - 12.1 - 12.4 - 12.6 - 13.0,30.1,38.0
202103020312,12.0 - 10.3 - 11.2 - 11.8 - 11.7 - 12.5,33.5,36.0
202103020401,7.0 - 12.0 - 12.2 - 13.1 - 13.3 - 13.2 - 12.4 - 13.2 - 12.9,31.2,38.5
202103020402,12.1 - 11.2 - 10.9 - 12.0 - 12.4 - 12.9 - 12.9 - 13.0 - 12.6 - 12.4,34.2,38.0
202103020403,7.0 - 11.0 - 11.5 - 12.4 - 13.1 - 12.9 - 12.8 - 12.9 - 13.7,29.5,39.4
202103020406,13.2 - 12.2 - 13.3 - 13.1 - 13.2 - 13.4 - 13.6 - 13.3 - 12.6 - 12.6 - 12.6 - 12.8,38.7,38.0
202103020407,12.0 - 10.9 - 11.2 - 11.8 - 11.7 - 12.0,34.1,35.5
202103020408,12.5 - 11.1 - 11.3 - 12.7 - 12.6 - 12.4 - 12.0 - 12.1 - 11.7 - 12.2,34.9,36.0
202103020409,9.8 - 10.7 - 11.0 - 11.9 - 12.5 - 13.1,31.5,37.5
202103020410,12.0 - 10.7 - 11.0 - 11.8 - 11.6 - 12.4,33.7,35.8
202103020411,11.9 - 10.8 - 10.9 - 11.9 - 11.8 - 11.9 - 12.4 - 12.4 - 12.1 - 13.1,33.6,37.6
202103020412,7.0 - 10.9 - 12.4 - 13.1 - 13.0 - 12.2 - 12.5 - 12.2 - 12.6,30.3,37.3
202103020501,7.3 - 11.3 - 12.0 - 12.8 - 12.9 - 13.0 - 12.5 - 12.4 - 12.2,30.6,37.1
202103020502,7.0 - 11.1 - 11.9 - 12.5 - 12.6 - 12.5 - 12.7 - 12.7 - 12.7,30.0,38.1
202103020503,12.4 - 11.0 - 12.0 - 13.0 - 12.6 - 12.2 - 12.0 - 12.1 - 12.3,35.4,36.4
202103020504,12.3 - 11.2 - 11.4 - 11.7 - 11.2 - 11.8,34.9,34.7
202103020505,12.8 - 11.5 - 13.4 - 14.7 - 12.3 - 12.1 - 12.3 - 12.0 - 11.7,37.7,36.0
202103020506,7.1 - 11.0 - 11.6 - 12.5 - 12.7 - 12.7 - 12.7 - 12.9 - 13.3,29.7,38.9
202103020507,13.2 - 12.3 - 12.5 - 12.5 - 12.4 - 12.3 - 12.4 - 12.8 - 12.2 - 12.3 - 12.3 - 12.2 - 12.2,38.0,36.7
202103020508,12.3 - 10.7 - 11.0 - 11.6 - 11.8 - 12.3,34.0,35.7
202103020509,9.7 - 11.0 - 11.6 - 12.0 - 12.0 - 12.4,32.3,36.4
202103020510,12.3 - 11.5 - 12.2 - 12.8 - 12.4 - 11.9 - 11.9 - 11.8 - 12.0,36.0,35.7
202103020511,12.2 - 10.4 - 10.7 - 11.5 - 11.7 - 12.8,33.3,36.0
202103020512,9.5 - 10.5 - 11.1 - 12.0 - 12.1 - 12.8,31.1,36.9
202103020601,9.6 - 10.8 - 11.5 - 12.2 - 12.5 - 13.2,31.9,37.9
202103020602,7.1 - 11.2 - 12.3 - 13.3 - 13.2 - 12.6 - 12.8 - 12.6 - 12.6,30.6,38.0
202103020603,13.1 - 11.9 - 13.2 - 13.1 - 13.4 - 13.6 - 13.6 - 13.3 - 12.7 - 12.3 - 12.6 - 12.8,38.2,37.7
202103020606,7.1 - 11.0 - 11.5 - 13.2 - 13.4 - 12.8 - 12.9 - 13.0 - 13.6,29.6,39.5
202103020607,12.6 - 10.8 - 11.8 - 12.5 - 12.9 - 12.5 - 12.3 - 12.4 - 11.8 - 11.9,35.2,36.1
202103020608,9.6 - 10.6 - 11.3 - 12.1 - 12.4 - 12.7,31.5,37.2
202103020609,12.7 - 11.4 - 12.1 - 12.9 - 12.6 - 12.6 - 12.0 - 11.7 - 12.1,36.2,35.8
202103020610,12.7 - 11.2 - 11.5 - 11.7 - 11.3 - 12.1,35.4,35.1
202103020611,7.1 - 11.6 - 11.5 - 13.0 - 12.8 - 12.1 - 12.5 - 12.2 - 12.3,30.2,37.0
202103020612,12.3 - 10.8 - 11.7 - 12.7 - 12.5 - 12.3 - 12.5 - 11.9 - 11.8,34.8,36.2
202104010101,12.0 - 10.9 - 12.0 - 12.5 - 12.4 - 13.1,34.9,38.0
202104010102,12.6 - 11.5 - 12.8 - 13.4 - 12.8 - 12.6 - 13.2 - 13.0 - 13.6,36.9,39.8
202104010103,12.1 - 10.9 - 11.8 - 12.5 - 11.8 - 13.3,34.8,37.6
202104010104,12.6 - 11.2 - 12.6 - 13.5 - 13.3 - 13.0 - 13.5 - 13.1 - 13.6,36.4,40.2
202104010105,12.0 - 10.9 - 12.0 - 12.1 - 11.3 - 11.5,34.9,34.9
202104010106,12.7 - 11.1 - 12.6 - 13.4 - 13.4 - 13.0 - 13.4 - 12.9 - 13.4,36.4,39.7
202104010107,11.8 - 10.9 - 11.5 - 12.5 - 12.2 - 13.5,34.2,38.2
202104010108,12.7 - 11.1 - 12.3 - 12.6 - 12.2 - 12.1 - 12.9 - 12.8 - 13.6,36.1,39.3
202104010109,11.8 - 10.9 - 11.6 - 12.5 - 12.9 - 12.8,34.3,38.2
202104010110,12.8 - 11.4 - 11.9 - 11.9 - 12.5 - 12.6 - 12.0 - 11.3 - 11.0 - 12.1,36.1,34.4
202104010111,12.7 - 11.2 - 12.6 - 12.8 - 12.6 - 12.5 - 12.5 - 12.4 - 13.1,36.5,38.0
202104010112,11.9 - 11.0 - 11.7 - 11.5 - 11.3 - 11.6,34.6,34.4
202104010201,11.7 - 10.9 - 11.6 - 12.7 - 12.3 - 13.2,34.2,38.2
202104010202,12.9 - 11.2 - 12.4 - 13.2 - 12.8 - 13.0 - 13.7 - 12.7 - 12.8,36.5,39.2
202104010203,12.0 - 10.9 - 11.9 - 12.7 - 12.0 - 12.8,34.8,37.5
202104010204,12.6 - 11.3 - 12.7 - 13.2 - 13.2 - 12.9 - 13.0 - 12.4 - 13.4,36.6,38.8
202104010205,12.0 - 11.2 - 11.8 - 12.5 - 12.3 - 13.1,35.0,37.9
202104010206,12.4 - 11.1 - 11.6 - 12.3 - 12.9 - 12.5 - 11.5 - 11.0 - 12.0,35.1,34.5
202104010207,12.7 - 12.0 - 12.8 - 13.5 - 13.4 - 12.3 - 12.8 - 12.4 - 12.7,37.5,37.9
202104010208,12.0 - 11.1 - 11.9 - 12.5 - 12.0 - 12.6,35.0,37.1
202104010209,12.5 - 10.9 - 12.7 - 13.0 - 13.0 - 12.9 - 13.1 - 12.7 - 13.0,36.1,38.8
202104010210,13.0 - 11.7 - 12.5 - 12.8 - 13.2 - 12.8 - 12.4 - 11.3 - 10.7 - 11.4,37.2,33.4
202104010211,11.9 - 11.2 - 11.9 - 12.3 - 11.7 - 12.1,35.0,36.1
202104010212,12.0 - 10.7 - 11.8 - 11.6 - 11.3 - 12.0,34.5,34.9
202104010301,12.8 - 11.6 - 13.4 - 14.2 - 13.3 - 12.5 - 13.2 - 13.0 - 13.6,37.8,39.8
202104010302,11.9 - 10.9 - 11.2 - 12.3 - 12.6 - 13.7,34.0,38.6
202104010303,7.2 - 11.8 - 12.1 - 14.2 - 14.2 - 14.3 - 14.5 - 14.3 - 13.1 - 12.1 - 12.5 - 12.2 - 12.9,31.1,37.6
202104010304,11.9 - 10.8 - 11.6 - 12.4 - 12.7 - 12.9,34.3,38.0
202104010305,12.9 - 11.0 - 12.2 - 12.8 - 12.5 - 12.4 - 13.0 - 12.6 - 13.4,36.1,39.0
202104010306,12.3 - 11.4 - 12.6 - 12.5 - 12.1 - 12.1 - 12.3 - 11.9 - 12.4 - 13.2,36.3,37.5
202104010307,12.7 - 11.2 - 12.4 - 13.1 - 12.7 - 12.6 - 12.7 - 12.6 - 13.1,36.3,38.4
202104010308,12.1 - 11.2 - 11.8 - 12.3 - 11.4 - 12.3,35.1,36.0
202104010309,12.6 - 11.3 - 12.7 - 13.2 - 12.9 - 12.6 - 12.6 - 12.0 - 12.4,36.6,37.0
202104010310,12.1 - 10.8 - 11.8 - 12.0 - 11.5 - 12.4,34.7,35.9
202104010311,12.5 - 11.6 - 12.8 - 12.9 - 12.5 - 12.2 - 12.5 - 11.8 - 12.1,36.9,36.4
202104010312,12.7 - 11.4 - 12.3 - 12.7 - 12.2 - 11.3 - 11.2 - 12.6,36.4,35.1
202104010401,12.9 - 12.1 - 13.3 - 13.3 - 12.6 - 12.4 - 12.5 - 11.8 - 12.3,38.3,36.6
202104010402,11.4 - 10.4 - 11.0 - 12.4 - 13.0 - 13.8,32.8,39.2
202104010403,12.9 - 11.5 - 12.8 - 12.9 - 12.0 - 12.0 - 13.0 - 13.4 - 13.6,37.2,40.0
202104010404,11.7 - 10.6 - 11.4 - 12.5 - 12.4 - 13.4,33.7,38.3
202104010405,12.7 - 11.9 - 12.8 - 13.0 - 12.4 - 12.2 - 12.7 - 13.3 - 13.7,37.4,39.7
202104010406,12.6 - 11.2 - 11.7 - 12.0 - 11.6 - 12.6 - 13.7,35.5,37.9
202104010407,13.3 - 11.9 - 13.0 - 12.8 - 12.0 - 12.0 - 12.7 - 12.9 - 13.9,38.2,39.5
202104010408,7.3 - 11.0 - 12.1 - 13.4 - 13.6 - 13.9 - 13.8 - 13.2 - 12.1 - 11.8 - 12.9 - 12.9 - 13.9,30.4,39.7
202104010409,11.7 - 10.4 - 10.9 - 12.1 - 12.4 - 13.5,33.0,38.0
202104010410,12.9 - 12.6 - 12.5 - 13.3 - 13.7 - 13.2 - 12.3 - 12.2 - 12.3 - 12.5 - 13.0 - 14.3,38.0,39.8
202104010411,12.6 - 11.0 - 11.4 - 11.8 - 12.1 - 12.6 - 12.6 - 12.9 - 12.9 - 13.8,35.0,39.6
202104010412,11.4 - 10.4 - 11.1 - 12.2 - 12.2 - 13.2,32.9,37.6
202104010501,11.9 - 11.0 - 11.3 - 12.2 - 12.4 - 13.5,34.2,38.1
202104010502,12.8 - 11.8 - 13.1 - 13.4 - 12.6 - 12.4 - 12.6 - 12.4 - 13.1,37.7,38.1
202104010503,12.3 - 11.4 - 12.0 - 12.8 - 11.8 - 12.3,35.7,36.9
202104010504,12.6 - 11.6 - 12.7 - 13.8 - 12.9 - 12.9 - 13.1 - 12.8 - 13.0,36.9,38.9
202104010505,12.0 - 10.3 - 11.4 - 12.0 - 11.7 - 12.5,33.7,36.2
202104010506,12.2 - 10.9 - 11.9 - 12.4 - 12.2 - 12.6,35.0,37.2
202104010507,12.6 - 11.3 - 11.8 - 12.4 - 12.7 - 12.6 - 11.5 - 11.0 - 12.1,35.7,34.6
202104010508,12.2 - 10.9 - 11.7 - 12.5 - 12.5 - 12.7,34.8,37.7
202104010509,13.1 - 11.9 - 12.9 - 13.5 - 12.9 - 12.5 - 12.4 - 11.9 - 12.1,37.9,36.4
202104010510,12.2 - 11.0 - 11.6 - 11.4 - 11.2 - 12.0,34.8,34.6
202104010511,12.6 - 11.3 - 11.9 - 12.4 - 12.4 - 12.1 - 11.2 - 10.9 - 12.1,35.8,34.2
202104010512,12.5 - 11.4 - 13.0 - 13.2 - 12.1 - 12.0 - 12.4 - 12.4 - 13.1,36.9,37.9
202104010601,12.5 - 11.0 - 12.4 - 13.5 - 13.0 - 12.3 - 13.1 - 13.1 - 13.7,35.9,39.9
202104010602,12.1 - 10.7 - 11.4 - 12.4 - 12.3 - 13.8,34.2,38.5
202104010603,12.5 - 11.7 - 13.1 - 13.2 - 12.4 - 12.1 - 12.7 - 12.5 - 13.8,37.3,39.0
202104010604,12.3 - 11.0 - 12.7 - 13.0 - 12.6 - 12.3 - 12.7 - 12.5 - 11.8 - 11.9,36.0,36.2
202104010605,12.6 - 10.9 - 12.3 - 13.1 - 13.3 - 13.0 - 12.9 - 12.7 - 13.4,35.8,39.0
202104010606,12.3 - 11.2 - 11.9 - 12.5 - 12.1 - 13.1,35.4,37.7
202104010607,12.7 - 11.4 - 12.4 - 12.8 - 12.2 - 12.4 - 13.2 - 13.2 - 13.9,36.5,40.3
202104010608,12.3 - 10.8 - 11.4 - 12.4 - 12.1 - 12.8,34.5,37.3
202104010609,13.0 - 11.2 - 13.1 - 13.5 - 12.7 - 12.6 - 12.5 - 12.3 - 12.5,37.3,37.3
202104010610,13.0 - 11.6 - 11.5 - 12.7 - 14.2 - 13.9 - 13.1 - 11.7 - 12.0 - 11.8 - 11.7 - 12.2,36.1,35.7
202104010611,12.3 - 10.4 - 11.5 - 11.6 - 11.7 - 12.1,34.2,35.4
202104010612,12.5 - 11.2 - 12.1 - 13.1 - 13.1 - 12.2 - 11.0 - 11.1 - 12.1,35.8,34.2
202104010701,12.5 - 11.4 - 12.7 - 12.9 - 12.4 - 12.3 - 12.8 - 12.4 - 13.1,36.6,38.3
202104010702,12.2 - 11.1 - 11.8 - 12.4 - 11.9 - 12.6,35.1,36.9
202104010703,12.6 - 10.7 - 12.0 - 13.0 - 13.1 - 12.9 - 12.9 - 12.8 - 13.3,35.3,39.0
202104010704,12.1 - 10.9 - 12.0 - 11.8 - 11.5 - 12.1,35.0,35.4
202104010705,12.1 - 10.9 - 11.7 - 12.5 - 12.1 - 12.9,34.7,37.5
202104010706,12.3 - 11.4 - 12.6 - 13.3 - 13.2 - 13.2 - 12.3 - 12.2 - 11.2 - 12.4,36.3,35.8
202104010707,12.7 - 11.1 - 12.5 - 13.3 - 12.7 - 12.3 - 12.4 - 11.9 - 12.9,36.3,37.2
202104010708,12.3 - 10.7 - 11.3 - 12.3 - 12.0 - 11.4 - 12.9,34.3,36.3
202104010709,12.2 - 10.8 - 11.4 - 12.2 - 11.9 - 12.0,34.4,36.1
202104010710,12.7 - 10.8 - 11.5 - 12.3 - 12.8 - 12.6 - 12.3 - 11.6 - 11.6 - 12.9,35.0,36.1
202104010711,12.0 - 10.4 - 11.5 - 12.0 - 11.6 - 12.5,33.9,36.1
202104010712,12.6 - 11.6 - 12.5 - 12.8 - 12.2 - 12.3 - 12.6 - 11.8 - 12.6,36.7,37.0
202104010801,12.8 - 11.6 - 12.7 - 12.6 - 12.0 - 12.3 - 12.7 - 13.2 - 13.8,37.1,39.7
202104010802,12.0 - 10.4 - 11.0 - 12.4 - 12.8 - 13.7,33.4,38.9
202104010803,12.9 - 11.9 - 12.9 - 12.8 - 11.8 - 11.7 - 12.4 - 12.8 - 14.0,37.7,39.2
202104010804,12.0 - 10.7 - 11.2 - 12.3 - 12.4 - 13.0,33.9,37.7
202104010805,13.4 - 12.4 - 12.7 - 13.0 - 14.0 - 14.0 - 12.9 - 12.6 - 12.9 - 12.4 - 12.6 - 12.8,38.5,37.8
202104010806,12.6 - 11.8 - 12.8 - 13.4 - 12.8 - 12.1 - 12.7 - 12.4 - 12.9,37.2,38.0
202104010807,12.8 - 11.4 - 11.9 - 12.4 - 12.3 - 12.5 - 11.8 - 11.8 - 13.5,36.1,37.1
202104010808,12.9 - 11.4 - 12.5 - 12.7 - 12.0 - 12.1 - 12.5 - 12.5 - 13.5,36.8,38.5
202104010809,11.9 - 10.7 - 11.1 - 10.9 - 11.9,33.7,33.9
202104010810,12.3 - 10.5 - 11.8 - 12.4 - 11.9 - 13.1,34.6,37.4
202104010811,12.4 - 10.8 - 12.3 - 12.7 - 12.5 - 12.0 - 12.7 - 11.7 - 12.5,35.5,36.9
202104010812,13.3 - 11.7 - 11.8 - 12.1 - 12.5 - 12.3 - 12.1 - 12.0 - 12.2 - 13.9,36.8,38.1
202104020102,12.8 - 11.5 - 12.3 - 12.9 - 12.4 - 12.3 - 12.8 - 12.9 - 14.0,36.6,39.7
202104020103,12.2 - 10.9 - 11.6 - 12.2 - 12.2 - 13.1,34.7,37.5
202104020105,11.9 - 10.5 - 11.4 - 12.2 - 12.3 - 12.5,33.8,37.0
202104020106,12.7 - 11.8 - 11.9 - 12.4 - 12.8 - 12.7 - 11.5 - 11.3 - 12.2,36.4,35.0
202104020107,12.6 - 11.8 - 12.9 - 13.5 - 12.4 - 12.3 - 12.7 - 12.5 - 13.2,37.3,38.4
202104020108,12.8 - 11.2 - 11.9 - 12.7 - 12.7 - 12.4 - 11.8 - 12.2 - 12.4 - 12.3 - 13.4,35.9,38.1
202104020109,12.1 - 10.8 - 11.3 - 12.2 - 12.3 - 12.7,34.2,37.2
202104020110,12.0 - 10.4 - 10.8 - 11.1 - 11.5,33.2,33.4
202104020111,12.7 - 11.4 - 11.8 - 11.9 - 11.5 - 10.9 - 11.2 - 12.5,35.9,34.6
202104020112,12.6 - 11.2 - 12.4 - 13.2 - 12.5 - 11.9 - 12.7 - 12.6 - 13.1,36.2,38.4
202104020201,12.7 - 11.4 - 12.5 - 12.7 - 12.5 - 12.4 - 13.2 - 13.2 - 14.5,36.6,40.9
202104020202,12.5 - 10.9 - 11.4 - 11.7 - 11.9 - 12.7 - 13.2,34.8,37.8
202104020203,12.9 - 11.6 - 13.1 - 13.8 - 12.0 - 12.0 - 12.9 - 13.6 - 14.0,37.6,40.5
202104020205,12.7 - 11.4 - 12.6 - 12.7 - 12.6 - 12.3 - 12.5 - 12.3 - 12.6 - 12.9,36.7,37.8
202104020206,12.8 - 11.9 - 13.3 - 13.2 - 12.2 - 11.6 - 12.4 - 12.5 - 13.3,38.0,38.2
202104020207,12.3 - 10.5 - 11.6 - 12.0 - 11.7 - 12.6,34.4,36.3
202104020208,12.0 - 10.6 - 11.3 - 12.3 - 12.8 - 13.5,33.9,38.6
202104020209,12.5 - 11.1 - 11.2 - 11.8 - 12.0 - 12.1 - 11.9 - 12.2 - 13.3,34.8,37.4
202104020210,11.8 - 10.2 - 10.7 - 11.2 - 12.2,32.7,34.1
202104020211,12.6 - 10.6 - 11.0 - 11.3 - 11.6 - 12.1 - 12.5 - 12.0 - 12.3 - 13.3,34.2,37.6
202104020212,12.6 - 11.0 - 13.2 - 13.4 - 12.3 - 12.0 - 13.0 - 12.4 - 13.3,36.8,38.7
202104020301,11.8 - 10.8 - 11.7 - 12.6 - 12.4 - 13.3,34.3,38.3
202104020302,12.7 - 11.0 - 12.8 - 13.2 - 12.5 - 12.2 - 13.1 - 13.1 - 13.6,36.5,39.8
202104020303,12.5 - 11.3 - 12.3 - 12.4 - 12.1 - 12.0 - 12.4 - 12.5 - 12.3 - 13.1,36.1,37.9
202104020304,12.3 - 11.0 - 11.5 - 12.5 - 12.2 - 13.0,34.8,37.7
202104020305,12.7 - 11.0 - 11.4 - 12.4 - 13.2 - 13.2 - 12.8 - 12.5 - 13.0 - 12.5 - 11.7 - 12.1,35.1,36.3
202104020306,12.0 - 10.3 - 10.7 - 11.3 - 11.5,33.0,33.5
202104020307,12.0 - 10.8 - 11.3 - 12.3 - 12.1 - 13.1,34.1,37.5
202104020308,13.1 - 11.8 - 12.0 - 12.1 - 12.1 - 12.2 - 11.6 - 11.3 - 11.5 - 12.4,36.9,35.2
202104020309,12.7 - 11.2 - 11.9 - 11.9 - 11.6 - 11.3 - 10.9 - 12.4,35.8,34.6
202104020310,12.5 - 10.9 - 12.6 - 12.8 - 12.4 - 12.3 - 13.0 - 13.4 - 13.5,36.0,39.9
202104020311,11.9 - 10.4 - 10.9 - 12.1 - 12.8 - 12.7,33.2,37.6
202104020312,13.0 - 11.9 - 12.5 - 13.0 - 12.4 - 11.9 - 11.1 - 10.9 - 11.8,37.4,33.8
202104020401,12.9 - 11.1 - 11.5 - 11.6 - 11.8 - 11.9 - 11.5 - 12.3,35.5,35.7
202104020402,12.3 - 11.2 - 11.7 - 12.4 - 12.2 - 12.8,35.2,37.4
202104020403,12.6 - 10.8 - 12.9 - 13.8 - 13.1 - 13.0 - 13.6 - 13.2 - 12.8,36.3,39.6
202104020406,12.8 - 11.3 - 12.9 - 13.2 - 12.7 - 12.4 - 13.2 - 13.4 - 13.1,37.0,39.7
202104020407,12.2 - 10.9 - 11.3 - 12.3 - 12.0 - 13.3,34.4,37.6
202104020408,12.8 - 11.5 - 12.7 - 12.5 - 12.3 - 12.3 - 13.0 - 12.7 - 13.5,37.0,39.2
202104020409,12.1 - 10.4 - 10.9 - 11.3 - 11.6,33.4,33.8
202104020410,13.3 - 11.9 - 12.4 - 12.8 - 12.5 - 12.4 - 11.8 - 11.4 - 11.6 - 12.3,37.6,35.3
202104020411,13.0 - 11.7 - 12.0 - 12.1 - 12.3 - 12.1 - 11.2 - 11.3 - 12.3,36.7,34.8
202104020412,12.7 - 10.9 - 12.0 - 12.6 - 12.4 - 12.5 - 13.1 - 12.5 - 13.4,35.6,39.0
202104020502,12.7 - 11.5 - 12.6 - 13.0 - 12.7 - 12.0 - 12.7 - 12.8 - 13.6,36.8,39.1
202104020503,11.9 - 10.3 - 11.1 - 12.6 - 12.7 - 13.3,33.3,38.6
202104020505,11.9 - 10.3 - 11.6 - 12.1 - 12.4 - 12.9,33.8,37.4
202104020506,11.9 - 10.2 - 11.0 - 12.5 - 12.5 - 13.4,33.1,38.4
202104020507,13.1 - 11.7 - 12.0 - 11.9 - 12.8 - 12.4 - 11.4 - 11.7 - 13.1,36.8,36.2
202104020508,12.3 - 10.8 - 11.1 - 11.7 - 11.9,34.2,34.7
202104020509,11.8 - 10.3 - 10.9 - 11.8 - 12.3 - 12.8,33.0,36.9
202104020510,12.7 - 11.6 - 11.2 - 11.8 - 12.1 - 12.2 - 12.0 - 12.3 - 13.4,35.5,37.7
202104020511,12.0 - 11.2 - 11.6 - 11.6 - 11.7 - 12.5,34.8,35.8
202104020512,13.3 - 12.4 - 12.3 - 12.5 - 13.5 - 13.5 - 12.8 - 12.1 - 12.2 - 12.1 - 12.4 - 12.7,38.0,37.2
202104020601,12.6 - 11.5 - 11.9 - 12.3 - 12.2 - 12.2 - 12.3 - 12.7 - 12.7,36.0,37.7
202104020602,11.9 - 10.7 - 11.3 - 12.4 - 12.2 - 13.2,33.9,37.8
202104020603,13.1 - 12.0 - 13.0 - 13.0 - 12.4 - 12.2 - 12.9 - 13.0 - 13.3,38.1,39.2
202104020605,12.7 - 11.4 - 12.2 - 12.8 - 11.9 - 12.4 - 13.0 - 12.9 - 13.8,36.3,39.7
202104020606,13.3 - 11.7 - 12.6 - 13.4 - 13.5 - 12.6 - 12.5 - 12.1 - 12.1 - 12.7 - 12.9,37.6,37.7
202104020607,12.0 - 10.5 - 10.9 - 12.5 - 12.5 - 12.6,33.4,37.6
202104020608,12.7 - 11.2 - 12.3 - 12.8 - 11.9 - 12.1 - 12.9 - 13.0 - 13.4,36.2,39.3
202104020609,12.5 - 11.2 - 11.3 - 12.2 - 11.9 - 12.2 - 12.7,35.0,36.8
202104020610,12.8 - 11.3 - 11.6 - 12.3 - 12.7 - 11.9 - 11.5 - 12.1 - 12.9,35.7,36.5
202104020611,12.0 - 10.3 - 10.9 - 11.3 - 12.0,33.2,34.2
202104020612,12.0 - 10.4 - 11.2 - 12.3 - 12.1 - 12.4,33.6,36.8
202104030101,12.4 - 10.3 - 11.2 - 11.6 - 11.6 - 11.6 - 12.1,33.9,35.3
202104030102,12.4 - 10.7 - 11.4 - 12.6 - 13.5 - 13.0 - 11.9 - 10.8 - 11.7,34.5,34.4
202104030103,12.0 - 10.8 - 11.4 - 12.2 - 12.3 - 13.3,34.2,37.8
202104030104,12.7 - 11.1 - 13.0 - 13.4 - 12.4 - 12.1 - 13.2 - 12.6 - 12.9,36.8,38.7
202104030105,12.6 - 11.2 - 12.2 - 12.7 - 12.4 - 11.5 - 10.7 - 11.3,36.0,33.5
202104030106,12.2 - 11.8 - 12.3 - 12.7 - 11.9 - 12.2,36.3,36.8
202104030107,12.3 - 11.2 - 11.3 - 11.9 - 12.1 - 11.8 - 11.4 - 11.3 - 11.9,34.8,34.6
202104030108,12.7 - 11.1 - 12.1 - 12.8 - 12.6 - 13.0 - 13.2 - 12.2 - 12.2,35.9,37.6
202104030109,12.1 - 11.2 - 10.9 - 12.0 - 12.9 - 13.6 - 13.1 - 12.0 - 11.8 - 11.7 - 11.7 - 11.4,34.2,34.8
202104030110,12.5 - 10.7 - 11.3 - 11.5 - 11.6 - 11.1 - 11.7,34.5,34.4
202104030111,11.7 - 10.8 - 11.3 - 12.1 - 12.0 - 13.0,33.8,37.1
202104030112,11.9 - 9.9 - 10.3 - 10.8 - 11.7,32.1,32.8
202104030201,12.8 - 10.8 - 11.5 - 11.7 - 11.9 - 11.4 - 11.1 - 12.1,35.1,34.6
202104030202,11.8 - 10.7 - 11.5 - 12.2 - 12.0 - 12.8,34.0,37.0
202104030203,12.4 - 10.3 - 11.2 - 11.6 - 12.0 - 11.5 - 11.9,33.9,35.4
202104030204,12.4 - 11.1 - 12.5 - 13.0 - 12.2 - 12.4 - 12.8 - 12.7 - 13.3,36.0,38.8
202104030205,12.8 - 11.4 - 11.5 - 13.1 - 13.1 - 12.8 - 11.4 - 10.7 - 11.6,35.7,33.7
202104030206,12.3 - 10.3 - 11.3 - 11.8 - 12.2 - 12.1 - 12.6,33.9,36.9
202104030207,12.6 - 11.0 - 11.9 - 12.7 - 12.2 - 11.9 - 12.1 - 12.5 - 11.6 - 11.8,35.5,35.9
202104030208,11.7 - 10.8 - 11.2 - 12.3 - 13.0 - 12.9,33.7,38.2
202104030209,12.5 - 11.5 - 12.7 - 12.9 - 12.4 - 12.3 - 12.5 - 12.3 - 12.7,36.7,37.5
202104030210,12.5 - 11.7 - 12.2 - 13.0 - 11.8 - 11.6 - 11.3 - 11.0 - 11.2,36.4,33.5
202104030211,11.7 - 10.2 - 10.5 - 10.7 - 11.1,32.4,32.3
202104030212,12.5 - 10.7 - 11.5 - 11.3 - 11.7 - 11.6 - 11.3 - 12.0,34.7,34.9
202104030301,11.9 - 10.6 - 11.4 - 12.4 - 12.4 - 13.4,33.9,38.2
202104030302,12.6 - 11.3 - 12.3 - 13.1 - 12.6 - 11.8 - 11.2 - 11.0 - 11.8,36.2,34.0
202104030303,12.7 - 11.2 - 12.7 - 13.0 - 12.7 - 12.7 - 13.1 - 12.5 - 13.1,36.6,38.7
202104030304,13.0 - 10.3 - 11.1 - 12.4 - 13.4 - 12.4 - 12.1 - 11.9 - 12.2 - 11.8 - 11.6,34.4,35.6
202104030305,12.6 - 10.9 - 12.3 - 12.8 - 12.3 - 11.7 - 11.2 - 11.7,35.8,34.6
202104030306,12.6 - 11.0 - 11.8 - 11.8 - 11.2 - 11.8,35.4,34.8
202104030307,12.5 - 10.8 - 12.1 - 12.9 - 12.5 - 12.3 - 13.2 - 12.1 - 13.0,35.4,38.3
202104030309,12.5 - 10.9 - 12.9 - 13.3 - 12.8 - 12.4 - 12.6 - 12.2 - 12.9,36.3,37.7
202104030310,12.5 - 11.0 - 11.6 - 11.9 - 11.5 - 11.2 - 11.0 - 11.6,35.1,33.8
202104030311,12.3 - 11.2 - 11.6 - 12.2 - 12.1 - 11.8 - 11.1 - 11.1 - 11.8,35.1,34.0
202104030312,12.5 - 10.4 - 11.4 - 11.8 - 12.3 - 11.3 - 11.3,34.3,34.9
202104030401,12.5 - 11.1 - 12.3 - 12.7 - 12.6 - 11.8 - 11.0 - 11.6,35.9,34.4
202104030402,12.2 - 10.4 - 10.7 - 11.4 - 12.1,33.3,34.2
202104030403,12.1 - 10.6 - 11.4 - 12.6 - 12.3 - 12.6,34.1,37.5
202104030404,12.6 - 11.5 - 12.8 - 13.4 - 13.3 - 12.4 - 12.7 - 12.5 - 12.9,36.9,38.1
202104030405,13.1 - 12.7 - 13.2 - 13.5 - 13.4 - 12.4 - 11.1 - 10.4 - 11.4,39.0,32.9
202104030406,12.6 - 11.5 - 12.3 - 12.7 - 12.2 - 11.4 - 11.0 - 11.7,36.4,34.1
202104030407,12.1 - 10.9 - 11.2 - 11.7 - 11.4 - 11.5,34.2,34.6
202104030408,11.8 - 10.9 - 11.3 - 12.0 - 12.0 - 12.6,34.0,36.6
202104030409,12.6 - 10.8 - 11.4 - 11.5 - 11.9 - 12.8 - 12.7 - 12.0 - 11.1 - 11.4,34.8,34.5
202104030410,12.6 - 11.4 - 12.9 - 13.0 - 12.6 - 12.3 - 12.3 - 11.9 - 12.3,36.9,36.5
202104030411,12.7 - 11.8 - 11.6 - 12.1 - 12.2 - 11.9 - 11.1 - 10.9 - 11.8,36.1,33.8
202104030412,11.7 - 10.8 - 11.2 - 12.2 - 12.2 - 13.0,33.7,37.4
202104030501,12.4 - 11.3 - 12.7 - 13.1 - 12.4 - 12.4 - 11.7 - 12.4 - 11.6 - 11.7,36.4,35.7
202104030502,12.6 - 11.0 - 11.7 - 12.2 - 12.2 - 11.4 - 11.2 - 12.0,35.3,34.6
202104030503,12.6 - 10.8 - 12.9 - 13.0 - 12.3 - 12.5 - 12.7 - 12.8 - 14.0,36.3,39.5
202104030504,12.4 - 10.9 - 11.5 - 12.7 - 11.9 - 11.9 - 12.1 - 12.0 - 11.8 - 12.3,34.8,36.1
202104030505,12.5 - 11.5 - 12.4 - 12.8 - 12.1 - 11.2 - 11.1 - 11.4,36.4,33.7
202104030506,12.3 - 11.6 - 13.4 - 13.5 - 12.6 - 13.0 - 13.3 - 13.3 - 13.2,37.3,39.8
202104030507,11.9 - 11.1 - 11.4 - 12.3 - 12.2 - 13.4,34.4,37.9
202104030508,12.9 - 11.3 - 11.8 - 12.1 - 12.3 - 12.3 - 11.8 - 11.1 - 11.2 - 11.8,36.0,34.1
202104030509,12.8 - 11.3 - 11.9 - 12.1 - 11.8 - 11.1 - 11.0,36.0,33.9
202104030510,12.0 - 10.7 - 11.4 - 12.7 - 11.8 - 12.2,34.1,36.7
202104030511,12.4 - 10.7 - 11.0 - 11.3 - 11.7 - 11.3 - 11.8,34.1,34.8
202104030512,12.6 - 11.6 - 12.9 - 13.2 - 12.3 - 12.3 - 12.6 - 12.3 - 12.9,37.1,37.8
202104030601,12.1 - 10.6 - 11.3 - 11.9 - 11.3 - 11.9,34.0,35.1
202104030602,12.3 - 11.1 - 12.9 - 13.5 - 12.9 - 12.7 - 13.1 - 12.5 - 12.7,36.3,38.3
202104030603,12.6 - 11.1 - 11.8 - 11.6 - 11.7 - 11.5 - 11.5 - 12.2,35.5,35.2
202104030604,12.5 - 11.1 - 12.9 - 13.4 - 13.0 - 12.5 - 13.0 - 12.6 - 13.3,36.5,38.9
202104030605,12.8 - 10.7 - 12.1 - 13.9 - 13.2 - 13.3 - 12.4 - 12.2 - 11.5 - 11.6,35.6,35.3
202104030606,13.1 - 11.7 - 12.8 - 12.8 - 12.3 - 11.5 - 10.5 - 11.3,37.6,33.3
202104030607,12.0 - 10.9 - 11.5 - 12.3 - 11.9 - 12.8,34.4,37.0
202104030608,12.6 - 10.3 - 11.5 - 13.0 - 13.4 - 12.8 - 12.3 - 11.8 - 12.2 - 11.6 - 12.1,34.4,35.9
202104030609,11.7 - 10.0 - 10.2 - 11.0 - 11.5,31.9,32.7
202104030610,13.0 - 11.1 - 11.7 - 11.8 - 12.0 - 12.0 - 11.9 - 11.6 - 11.3 - 12.0,35.8,34.9
202104030611,12.4 - 11.2 - 12.3 - 12.9 - 12.6 - 12.6 - 12.8 - 11.9 - 12.6,35.9,37.3
202104030612,12.3 - 11.5 - 11.6 - 12.0 - 11.9 - 11.3 - 10.9 - 11.5,35.4,33.7
202104040101,12.0 - 10.9 - 11.4 - 12.3 - 12.2 - 12.8,34.3,37.3
202104040102,12.8 - 11.9 - 12.9 - 13.3 - 13.0 - 12.2 - 11.2 - 10.9 - 11.8,37.6,33.9
202104040103,12.8 - 11.3 - 12.6 - 12.9 - 12.2 - 12.3 - 12.7 - 12.8 - 12.9,36.7,38.4
202104040104,12.9 - 11.9 - 13.0 - 13.9 - 12.6 - 12.0 - 12.3 - 12.2 - 11.2 - 11.7,37.8,35.1
202104040105,12.7 - 11.3 - 12.0 - 12.4 - 12.3 - 11.5 - 11.1 - 11.9,36.0,34.5
202104040106,12.6 - 11.0 - 11.9 - 12.1 - 12.0 - 11.6 - 12.3,35.5,35.9
202104040107,12.1 - 11.0 - 11.4 - 12.3 - 11.8 - 12.4,34.5,36.5
202104040108,12.8 - 11.7 - 13.3 - 13.4 - 12.3 - 11.9 - 12.4 - 12.1 - 12.7,37.8,37.2
202104040109,12.6 - 11.5 - 12.1 - 12.5 - 13.1 - 12.2 - 11.1 - 10.9 - 11.8,36.2,33.8
202104040110,12.4 - 10.3 - 11.0 - 11.7 - 12.0 - 11.9 - 11.8,33.7,35.7
202104040111,11.9 - 10.4 - 10.6 - 10.9 - 11.0,32.9,32.5
202104040112,12.8 - 11.1 - 12.5 - 13.2 - 12.2 - 12.1 - 12.6 - 12.5 - 12.8,36.4,37.9
202104040202,12.7 - 11.1 - 12.7 - 13.4 - 12.5 - 12.3 - 12.8 - 12.3 - 12.5,36.5,37.6
202104040203,12.5 - 11.1 - 12.3 - 12.5 - 12.4 - 11.4 - 11.1 - 12.0,35.9,34.5
202104040204,11.9 - 10.3 - 10.6 - 10.7 - 11.8,32.8,33.1
202104040205,12.8 - 11.7 - 12.5 - 13.0 - 13.0 - 12.5 - 11.3 - 11.0 - 11.8,37.0,34.1
202104040206,12.0 - 10.9 - 11.5 - 12.5 - 11.7 - 12.3,34.4,36.5
202104040207,12.9 - 11.2 - 12.1 - 12.1 - 12.7 - 12.4 - 11.4 - 11.0 - 12.0,36.2,34.4
202104040208,11.8 - 10.5 - 11.4 - 12.0 - 11.9 - 13.2,33.7,37.1
202104040209,12.7 - 11.3 - 12.4 - 12.6 - 12.3 - 11.9 - 12.1 - 11.9 - 12.9,36.4,36.9
202104040210,13.2 - 11.9 - 12.0 - 12.4 - 12.4 - 12.1 - 11.1 - 10.9 - 12.0,37.1,34.0
202104040211,12.7 - 11.0 - 11.3 - 11.6 - 11.5 - 11.4 - 11.2 - 12.0,35.0,34.6
202104040212,12.2 - 10.9 - 11.4 - 11.9 - 11.0 - 11.5,34.5,34.4
202104040302,12.7 - 11.2 - 12.6 - 13.0 - 12.6 - 12.3 - 12.6 - 12.8 - 13.3,36.5,38.7
202104040303,11.8 - 10.9 - 11.6 - 12.2 - 12.4 - 13.0,34.3,37.6
202104040305,12.2 - 11.0 - 11.9 - 11.9 - 11.5 - 12.0,35.1,35.4
202104040306,12.7 - 11.3 - 11.4 - 12.3 - 13.7 - 14.2 - 12.9 - 12.2 - 11.9 - 12.0 - 11.5 - 11.8,35.4,35.3
202104040307,12.3 - 10.2 - 10.9 - 11.6 - 12.1 - 11.9 - 13.0,33.4,37.0
202104040308,12.0 - 10.9 - 11.5 - 12.4 - 12.0 - 12.3,34.4,36.7
202104040309,12.6 - 11.1 - 12.2 - 12.9 - 12.1 - 12.2 - 12.6 - 12.5 - 13.3,35.9,38.4
202104040310,11.7 - 10.5 - 11.1 - 12.0 - 12.3 - 13.0,33.3,37.3
202104040311,12.9 - 11.0 - 11.2 - 11.7 - 12.4 - 11.4 - 11.8 - 12.2 - 12.3 - 12.2 - 12.8,35.1,37.3
202104040312,12.4 - 11.1 - 11.6 - 12.5 - 12.4 - 11.5 - 11.2 - 11.3 - 12.1,35.1,34.6
202104040401,12.6 - 11.4 - 11.5 - 12.7 - 13.1 - 12.4 - 11.7 - 11.6 - 12.7,35.5,36.0
202104040402,12.5 - 10.6 - 11.7 - 12.4 - 11.7 - 11.9 - 12.6,34.8,36.2
202104040403,12.6 - 11.1 - 13.1 - 13.8 - 12.7 - 12.3 - 12.7 - 12.5 - 12.7,36.8,37.9
202104040404,12.8 - 11.2 - 12.1 - 12.3 - 12.2 - 11.5 - 11.4 - 12.2,36.1,35.1
202104040405,13.0 - 11.7 - 12.6 - 13.5 - 13.3 - 12.6 - 11.5 - 10.9 - 11.5,37.3,33.9
202104040406,12.6 - 11.5 - 12.1 - 13.3 - 12.2 - 13.3 - 12.3 - 11.9 - 11.7 - 11.9,36.2,35.5
202104040407,12.8 - 11.2 - 12.5 - 13.1 - 12.5 - 12.2 - 12.6 - 12.4 - 13.2,36.5,38.2
202104040408,12.3 - 11.7 - 12.1 - 12.4 - 12.8 - 13.6 - 12.5 - 12.0 - 11.9 - 11.9 - 11.7 - 11.9,36.1,35.5
202104040409,11.9 - 10.3 - 10.6 - 11.0 - 11.6,32.8,33.2
202104040410,13.1 - 11.0 - 11.7 - 12.5 - 13.1 - 12.0 - 11.6 - 11.8 - 12.3 - 12.1 - 12.6,35.8,37.0
202104040411,11.6 - 10.4 - 10.9 - 12.2 - 12.4 - 12.5,32.9,37.1
202104040412,12.7 - 11.2 - 12.0 - 12.9 - 12.4 - 12.3 - 13.0 - 13.1 - 13.5,35.9,39.6
202104040501,12.5 - 11.4 - 12.2 - 12.4 - 12.4 - 11.7 - 11.0 - 12.2,36.1,34.9
202104040502,12.1 - 10.7 - 11.2 - 12.2 - 12.3 - 13.4,34.0,37.9
202104040503,12.8 - 11.9 - 13.3 - 13.4 - 12.1 - 11.9 - 12.7 - 13.2 - 13.0,38.0,38.9
202104040504,12.0 - 10.5 - 11.2 - 12.2 - 12.8 - 13.5,33.7,38.5
202104040505,12.8 - 11.5 - 11.8 - 12.2 - 12.2 - 12.2 - 11.6 - 11.3 - 11.8,36.1,34.7
202104040506,12.5 - 11.1 - 11.8 - 12.2 - 12.2 - 11.6 - 11.0 - 11.9,35.4,34.5
202104040507,12.0 - 10.8 - 11.4 - 11.7 - 11.7 - 12.6,34.2,36.0
202104040508,12.8 - 11.6 - 13.3 - 13.4 - 12.3 - 12.0 - 12.7 - 13.1 - 13.3,37.7,39.1
202104040509,11.7 - 10.7 - 11.0 - 11.7 - 11.9 - 12.8,33.4,36.4
202104040510,12.9 - 11.1 - 11.4 - 11.8 - 11.7 - 11.3 - 11.0 - 12.7,35.4,35.0
202104040511,12.6 - 11.4 - 12.7 - 12.7 - 12.1 - 11.6 - 12.1 - 12.4 - 12.7,36.7,37.2
202104040512,12.4 - 10.6 - 11.2 - 11.8 - 11.8 - 11.4 - 12.4,34.2,35.6
202104040602,12.6 - 10.9 - 12.4 - 12.9 - 12.5 - 12.6 - 13.2 - 12.9 - 13.0,35.9,39.1
202104040603,12.3 - 10.3 - 10.6 - 10.6 - 12.1,33.2,33.3
202104040604,12.6 - 11.0 - 12.6 - 13.3 - 12.3 - 12.3 - 12.3 - 11.8 - 12.1 - 11.8,36.2,35.7
202104040605,12.7 - 10.8 - 11.6 - 12.6 - 12.8 - 11.5 - 11.2 - 12.1,35.1,34.8
202104040606,11.9 - 10.9 - 11.4 - 12.1 - 11.8 - 13.0,34.2,36.9
202104040607,12.9 - 11.3 - 12.2 - 11.9 - 12.7 - 12.7 - 11.9 - 11.2 - 10.9 - 12.3,36.4,34.4
202104040608,12.6 - 11.3 - 12.8 - 13.4 - 12.5 - 12.3 - 13.0 - 12.6 - 12.8,36.7,38.4
202104040609,12.9 - 11.0 - 11.6 - 11.9 - 11.9 - 11.3 - 10.9 - 12.2,35.5,34.4
202104040610,12.1 - 10.6 - 11.5 - 11.9 - 11.7 - 11.5 - 11.7,34.2,34.9
202104040611,12.6 - 11.4 - 12.2 - 12.3 - 11.7 - 10.8 - 11.0 - 11.8,36.2,33.6
202104040612,12.1 - 10.9 - 11.3 - 12.1 - 11.8 - 12.4,34.3,36.3
202104040702,12.7 - 11.6 - 13.1 - 13.3 - 13.2 - 12.1 - 12.6 - 12.5 - 13.2,37.4,38.3
202104040703,12.7 - 11.3 - 12.4 - 12.6 - 12.3 - 12.1 - 12.3 - 12.2 - 12.9,36.4,37.4
202104040705,13.0 - 11.3 - 12.7 - 13.9 - 13.1 - 12.6 - 12.4 - 12.0 - 11.8 - 12.0,37.0,35.8
202104040706,12.7 - 11.3 - 11.8 - 12.5 - 12.2 - 11.5 - 11.2 - 12.4,35.8,35.1
202104040707,12.6 - 11.3 - 11.9 - 12.1 - 12.1 - 12.0 - 11.7 - 11.4 - 12.5,35.8,35.6
202104040708,11.9 - 10.7 - 11.4 - 11.9 - 11.8 - 12.9,34.0,36.6
202104040709,13.3 - 11.3 - 12.3 - 12.4 - 13.3 - 12.4 - 12.2 - 12.4 - 12.0 - 11.7 - 12.0,36.9,35.7
202104040710,13.1 - 11.6 - 12.0 - 12.4 - 12.7 - 12.7 - 11.9 - 11.4 - 11.4 - 12.5,36.7,35.3
202104040711,12.4 - 10.8 - 11.9 - 12.7 - 12.1 - 12.3 - 12.7 - 12.5 - 12.7,35.1,37.9
202104040712,12.8 - 11.4 - 11.4 - 12.4 - 12.2 - 11.4 - 11.0 - 12.2,35.6,34.6
202104040801,12.2 - 11.0 - 11.7 - 11.7 - 11.6 - 12.5,34.9,35.8
202104040802,13.0 - 11.5 - 12.1 - 12.8 - 12.3 - 12.5 - 12.9 - 12.3 - 11.6 - 12.1,36.6,36.0
202104040803,12.6 - 10.8 - 11.9 - 12.8 - 12.8 - 13.0 - 13.5 - 12.9 - 13.2,35.3,39.6
202104040804,12.3 - 10.7 - 11.6 - 12.7 - 13.2 - 12.0 - 12.6 - 12.5 - 12.0 - 12.2 - 12.5,34.6,36.7
202104040805,12.8 - 11.4 - 12.7 - 13.1 - 13.2 - 12.6 - 11.6 - 10.8 - 11.9,36.9,34.3
202104040806,12.6 - 10.6 - 11.5 - 12.1 - 12.6 - 12.4 - 12.2,34.7,37.2
202104040807,11.9 - 10.8 - 11.3 - 12.3 - 12.0 - 12.3,34.0,36.6
202104040808,12.7 - 11.3 - 12.1 - 13.4 - 13.0 - 12.4 - 12.4 - 12.0 - 12.8,36.1,37.2
202104040809,12.0 - 11.2 - 11.7 - 11.8 - 11.4 - 11.7,34.9,34.9
202104040810,12.4 - 11.0 - 12.3 - 13.2 - 12.7 - 12.4 - 12.6 - 12.2 - 12.7,35.7,37.5
202104040811,12.9 - 10.9 - 11.5 - 12.2 - 12.5 - 12.2 - 11.8 - 11.3 - 11.0 - 12.1,35.3,34.4
202104040812,11.7 - 10.0 - 10.3 - 10.8 - 11.9,32.0,33.0
202104050102,12.7 - 11.4 - 12.7 - 13.3 - 12.5 - 12.3 - 12.4 - 12.0 - 12.5,36.8,36.9
202104050103,12.0 - 11.2 - 11.9 - 12.5 - 11.9 - 12.6,35.1,37.0
202104050105,12.3 - 11.2 - 11.8 - 12.4 - 11.9 - 12.9,35.3,37.2
202104050106,12.5 - 11.2 - 11.7 - 12.3 - 12.2 - 11.2 - 11.1 - 12.1,35.4,34.4
202104050107,12.0 - 11.0 - 12.1 - 12.6 - 11.9 - 12.6,35.1,37.1
202104050108,11.9 - 10.4 - 10.7 - 10.7 - 11.1,33.0,32.5
202104050109,12.6 - 10.7 - 11.2 - 11.8 - 12.1 - 12.9 - 14.2 - 12.8 - 13.2,34.5,40.2
202104050110,12.4 - 12.1 - 11.2 - 12.0 - 13.1 - 13.8 - 12.8 - 12.0 - 11.8 - 11.9 - 11.6 - 11.8,35.7,35.3
202104050111,12.9 - 11.7 - 12.3 - 12.9 - 12.4 - 12.0 - 10.9 - 10.7 - 11.7,36.9,33.3
202104050112,12.1 - 11.1 - 11.7 - 11.7 - 11.0 - 11.6,34.9,34.3
202104050201,11.8 - 10.7 - 11.3 - 12.4 - 12.3 - 13.2,33.8,37.9
202104050202,11.9 - 10.1 - 10.6 - 11.2 - 11.8,32.6,33.6
202104050203,12.7 - 11.4 - 13.4 - 13.8 - 12.4 - 12.4 - 13.3 - 12.5 - 13.1,37.5,38.9
202104050205,13.0 - 12.0 - 13.0 - 12.9 - 11.8 - 10.7 - 10.9 - 11.9,38.0,33.5
202104050206,12.6 - 10.8 - 12.2 - 13.2 - 12.8 - 12.3 - 13.1 - 12.3 - 13.2,35.6,38.6
202104050207,11.7 - 10.8 - 11.7 - 12.2 - 12.0 - 12.9,34.2,37.1
202104050208,12.5 - 10.5 - 11.3 - 11.6 - 12.1 - 11.6 - 11.2 - 12.1,34.3,34.9
202104050209,12.0 - 11.1 - 11.1 - 12.1 - 11.6 - 12.6,34.2,36.3
202104050210,12.8 - 11.2 - 11.9 - 12.3 - 12.7 - 12.8 - 12.3 - 11.3 - 10.9 - 12.0,35.9,34.2
202104050211,11.9 - 10.5 - 11.0 - 11.7 - 11.1 - 12.4,33.4,35.2
202104050212,11.6 - 10.4 - 11.2 - 12.5 - 11.9 - 12.7,33.2,37.1
202104050302,12.7 - 11.0 - 12.5 - 12.9 - 12.6 - 12.7 - 13.0 - 12.4 - 13.3,36.2,38.7
202104050303,11.9 - 11.0 - 11.6 - 12.2 - 11.9 - 12.7,34.5,36.8
202104050305,12.6 - 11.8 - 13.2 - 14.0 - 12.7 - 12.1 - 13.4 - 12.7 - 12.7,37.6,38.8
202104050306,12.3 - 10.6 - 11.7 - 12.3 - 12.2 - 11.9 - 12.3,34.6,36.4
202104050307,12.7 - 11.0 - 12.0 - 12.3 - 12.3 - 12.2 - 12.3 - 11.6 - 11.3 - 12.1,35.7,35.0
202104050308,12.7 - 11.6 - 12.7 - 13.0 - 12.0 - 12.2 - 12.8 - 12.1 - 13.4,37.0,38.3
202104050309,12.4 - 11.1 - 11.7 - 12.0 - 12.3 - 11.1 - 12.0,35.2,35.4
202104050310,12.4 - 12.0 - 12.5 - 12.6 - 12.2 - 11.9 - 11.3 - 11.0 - 12.0,36.9,34.3
202104050311,11.7 - 10.4 - 11.0 - 12.2 - 12.2 - 13.1,33.1,37.5
202104050312,11.9 - 10.3 - 10.7 - 10.8 - 11.6,32.9,33.1
202104050401,12.0 - 11.0 - 11.7 - 12.7 - 12.3 - 12.2,34.7,37.2
202104050402,12.3 - 10.9 - 11.5 - 12.4 - 11.4 - 12.5,34.7,36.3
202104050403,12.8 - 11.0 - 12.4 - 13.8 - 13.4 - 12.9 - 12.8 - 12.5 - 12.0 - 12.4,36.2,36.9
202104050404,7.6 - 11.5 - 12.4 - 13.7 - 13.2 - 13.0 - 13.9 - 13.2 - 11.6 - 12.1 - 12.9 - 12.0 - 12.6,31.5,37.5
202104050405,12.3 - 11.0 - 11.8 - 12.2 - 11.7 - 12.4,35.1,36.3
202104050406,12.0 - 10.8 - 11.6 - 12.6 - 11.8 - 12.2,34.4,36.6
202104050407,12.2 - 10.6 - 12.2 - 12.8 - 12.5 - 12.4 - 13.3 - 12.1 - 12.5,35.0,37.9
202104050408,12.0 - 10.7 - 11.3 - 12.4 - 11.9 - 12.5,34.0,36.8
202104050409,12.6 - 11.3 - 11.4 - 12.1 - 12.7 - 12.8 - 11.7 - 11.7 - 12.2,35.3,35.6
202104050410,11.9 - 10.5 - 10.8 - 11.2 - 11.7,33.2,33.7
202104050411,12.2 - 10.3 - 11.0 - 11.8 - 12.4 - 11.6 - 12.5,33.5,36.5
202104050412,12.2 - 10.9 - 12.2 - 12.4 - 11.9 - 12.2 - 13.2 - 12.3 - 12.3,35.3,37.8
202104050502,12.5 - 11.4 - 12.8 - 13.2 - 12.5 - 12.3 - 13.0 - 12.3 - 13.2,36.7,38.5
202104050503,11.8 - 10.8 - 11.4 - 12.6 - 12.0 - 12.5,34.0,37.1
202104050505,13.0 - 11.5 - 12.1 - 12.6 - 13.0 - 12.3 - 11.8 - 11.4 - 12.1,36.6,35.3
202104050506,12.0 - 10.7 - 11.1 - 11.0 - 11.5,33.8,33.6
202104050507,13.0 - 11.3 - 12.4 - 12.8 - 12.0 - 12.1 - 12.9 - 12.2 - 12.5,36.7,37.6
202104050508,12.9 - 10.8 - 11.6 - 12.2 - 12.5 - 12.9 - 12.4 - 11.6 - 11.7 - 12.4,35.3,35.7
202104050509,12.2 - 11.0 - 11.6 - 12.1 - 11.5 - 11.9,34.8,35.5
202104050510,12.8 - 10.7 - 11.1 - 12.3 - 13.2 - 12.8 - 12.7 - 12.2 - 12.5 - 11.9 - 12.3,34.6,36.7
202104050511,11.7 - 10.4 - 11.3 - 12.4 - 12.2 - 12.6,33.4,37.2
202104050512,12.9 - 11.8 - 13.0 - 12.8 - 12.2 - 11.2 - 10.8 - 11.7,37.7,33.7
202104050601,12.6 - 10.7 - 11.5 - 12.2 - 12.2 - 12.5,34.8,36.9
202104050602,11.8 - 10.7 - 11.2 - 12.6 - 12.4 - 12.7,33.7,37.7
202104050603,12.6 - 10.8 - 12.6 - 12.9 - 12.4 - 11.9 - 12.3 - 12.3 - 13.0,36.0,37.6
202104050605,12.4 - 11.1 - 11.6 - 12.3 - 12.3 - 12.1,35.1,36.7
202104050606,13.0 - 11.0 - 11.6 - 12.6 - 12.6 - 12.3 - 11.5 - 11.6 - 12.3,35.6,35.4
202104050607,12.0 - 10.5 - 11.3 - 12.3 - 11.9 - 12.2,33.8,36.4
202104050608,12.8 - 11.5 - 12.5 - 12.8 - 12.2 - 12.1 - 12.6 - 12.3 - 12.2,36.8,37.1
202104050609,12.2 - 10.4 - 10.7 - 11.4 - 12.0,33.3,34.1
202104050610,12.6 - 11.1 - 11.8 - 12.3 - 11.9 - 11.5 - 11.5 - 12.5,35.5,35.5
202104050611,13.1 - 11.6 - 11.4 - 12.3 - 13.2 - 12.7 - 12.8 - 12.5 - 12.3 - 11.6 - 11.8,36.1,35.7
202104050612,12.6 - 10.9 - 12.8 - 13.2 - 12.0 - 11.5 - 12.2 - 11.6 - 12.8,36.3,36.6
202104050702,12.5 - 11.4 - 13.0 - 13.5 - 13.1 - 12.0 - 12.9 - 12.9 - 13.2,36.9,39.0
202104050703,12.1 - 10.9 - 11.5 - 12.4 - 12.3 - 12.6,34.5,37.3
202104050705,12.5 - 10.4 - 11.3 - 12.4 - 12.8 - 12.1 - 12.2,34.2,37.1
202104050706,7.2 - 11.6 - 12.4 - 13.8 - 12.8 - 12.7 - 13.6 - 13.6 - 12.7 - 12.8 - 13.2 - 13.0 - 13.2,31.2,39.4
202104050707,12.7 - 11.1 - 12.9 - 13.0 - 12.6 - 12.6 - 12.7 - 12.6 - 12.4,36.7,37.7
202104050708,12.0 - 10.7 - 10.8 - 10.8 - 11.1,33.5,32.7
202104050709,11.8 - 11.0 - 11.9 - 12.3 - 11.6 - 12.5,34.7,36.4
202104050710,12.9 - 11.7 - 12.0 - 12.5 - 12.6 - 12.1 - 11.1 - 11.5 - 11.6,36.6,34.2
202104050711,13.1 - 11.1 - 11.6 - 12.1 - 11.7 - 12.5 - 12.4 - 11.9 - 11.1 - 12.2,35.8,35.2
202104050712,12.2 - 10.9 - 11.5 - 11.9 - 11.5 - 11.7,34.6,35.1
202104050801,12.6 - 11.0 - 12.8 - 13.6 - 13.2 - 12.9 - 12.8 - 12.3 - 12.7,36.4,37.8
202104050802,13.4 - 12.0 - 13.0 - 13.4 - 12.7 - 12.7 - 12.4 - 11.9 - 11.8 - 12.0,38.4,35.7
202104050803,12.4 - 11.1 - 12.5 - 13.0 - 12.8 - 12.5 - 12.8 - 12.2 - 12.3,36.0,37.3
202104050805,12.5 - 11.1 - 11.6 - 12.1 - 12.6 - 12.1 - 11.9,35.2,36.6
202104050806,11.8 - 10.8 - 11.4 - 12.4 - 12.0 - 12.9,34.0,37.3
202104050807,12.4 - 10.6 - 11.1 - 11.8 - 11.5 - 11.9,34.1,35.2
202104050808,12.7 - 11.5 - 12.0 - 11.9 - 12.3 - 12.4 - 12.0 - 11.2 - 11.8 - 12.5,36.2,35.5
202104050809,12.0 - 10.9 - 11.5 - 12.3 - 11.7 - 12.7,34.4,36.7
202104050810,12.7 - 11.0 - 11.5 - 11.7 - 11.8 - 11.6 - 12.2,35.2,35.6
202104050811,11.7 - 10.3 - 10.6 - 11.1 - 11.4,32.6,33.1
202104050812,12.8 - 11.1 - 12.2 - 13.1 - 12.1 - 12.4 - 12.8 - 12.5 - 12.7,36.1,38.0
202105010101,12.7 - 11.3 - 12.3 - 12.7 - 12.2 - 12.0 - 12.3,36.3,36.5
202105010102,12.4 - 10.8 - 12.2 - 12.4 - 12.6 - 12.3 - 12.8,35.4,37.7
202105010103,12.3 - 11.2 - 12.0 - 12.6 - 13.1 - 12.8 - 11.9 - 12.0,35.5,36.7
202105010104,12.5 - 11.2 - 11.7 - 12.6 - 13.0 - 12.4 - 11.4 - 11.9,35.4,35.7
202105010105,12.4 - 11.1 - 11.2 - 11.4 - 11.8 - 12.2 - 11.6 - 11.7 - 11.8,34.7,35.1
202105010106,12.3 - 11.5 - 12.6 - 12.5 - 12.5 - 11.7 - 11.3 - 11.6,36.4,34.6
202105010107,12.4 - 10.9 - 11.3 - 11.8 - 12.3 - 12.6 - 12.6,34.6,37.5
202105010108,7.1 - 11.4 - 12.4 - 12.5 - 12.3 - 12.4 - 12.7 - 12.3 - 12.6 - 12.2 - 12.3,30.9,37.1
202105010109,12.4 - 10.6 - 11.5 - 11.9 - 12.1 - 11.8 - 12.4,34.5,36.3
202105010110,12.8 - 12.1 - 12.1 - 11.8 - 11.1 - 11.1 - 11.2,37.0,33.4
202105010111,12.6 - 12.6 - 12.1 - 11.4 - 12.0 - 12.0 - 11.6 - 11.3 - 11.6 - 11.8,37.3,34.7
202105010112,12.6 - 11.9 - 12.6 - 12.8 - 12.6 - 12.3 - 11.1 - 11.2 - 11.4,37.1,33.7
202105010201,12.6 - 11.0 - 11.8 - 12.4 - 12.8 - 12.2 - 12.7,35.4,37.7
202105010202,7.3 - 11.2 - 12.7 - 12.6 - 12.7 - 12.5 - 12.8 - 13.1 - 12.8 - 12.0 - 12.6,31.2,37.4
202105010203,12.3 - 11.1 - 12.2 - 12.6 - 12.8 - 12.7 - 12.4 - 12.7,35.6,37.8
202105010204,12.3 - 11.2 - 12.3 - 12.9 - 12.9 - 12.4 - 11.8 - 12.3,35.8,36.5
202105010205,12.4 - 10.9 - 11.4 - 12.0 - 12.2 - 11.6 - 11.5 - 12.0,34.7,35.1
202105010206,13.2 - 12.1 - 13.0 - 13.1 - 13.0 - 12.9 - 11.7 - 10.9 - 11.1,38.3,33.7
202105010207,7.4 - 11.5 - 12.4 - 12.8 - 12.5 - 12.8 - 12.7 - 12.9 - 12.3 - 12.2 - 13.0,31.3,37.5
202105010208,12.3 - 11.0 - 11.8 - 12.6 - 12.2 - 11.9 - 12.5,35.1,36.6
202105010209,13.1 - 11.3 - 11.8 - 12.1 - 12.1 - 12.2 - 11.6 - 11.2 - 11.1,36.2,33.9
202105010210,12.6 - 11.3 - 11.7 - 11.7 - 11.7 - 11.1 - 11.6 - 11.6,35.6,34.3
202105010211,12.4 - 10.6 - 11.4 - 11.9 - 12.1 - 12.0 - 11.9,34.4,36.0
202105010212,12.9 - 11.3 - 11.7 - 11.7 - 11.9 - 12.2 - 11.9 - 12.7 - 11.9,35.9,36.5
202105010301,12.6 - 11.0 - 12.5 - 13.1 - 12.4 - 12.2 - 12.8,36.1,37.4
202105010302,7.0 - 10.9 - 11.3 - 12.1 - 12.3 - 12.4 - 13.0,29.2,37.7
202105010303,12.4 - 11.2 - 11.7 - 12.2 - 12.6 - 12.6 - 12.1 - 12.6,35.3,37.3
202105010304,13.0 - 12.1 - 12.3 - 13.0 - 13.4 - 12.7 - 12.3 - 12.1,37.4,37.1
202105010305,12.8 - 11.5 - 12.7 - 12.8 - 12.5 - 12.3 - 11.6 - 11.3 - 11.9 - 12.0 - 12.3 - 12.6,37.0,36.9
202105010306,12.8 - 11.5 - 11.9 - 12.0 - 12.3 - 12.2 - 11.6 - 11.3 - 12.0,36.2,34.9
202105010307,12.3 - 10.8 - 11.4 - 11.6 - 11.7 - 11.3 - 11.7 - 12.2,34.5,35.2
202105010308,7.1 - 11.2 - 11.8 - 12.3 - 12.2 - 12.0 - 12.4,30.1,36.6
202105010309,12.7 - 11.3 - 12.0 - 12.3 - 11.5 - 11.2 - 11.1,36.0,33.8
202105010310,12.6 - 11.2 - 11.3 - 11.4 - 11.3 - 11.4 - 12.0,35.1,34.7
202105010311,12.6 - 11.9 - 13.1 - 12.7 - 12.4 - 12.1 - 12.2 - 12.1 - 11.9 - 11.7 - 11.1 - 11.6,37.6,34.4
202105010312,12.3 - 11.4 - 12.2 - 12.4 - 12.7 - 12.2 - 11.8 - 12.3,35.9,36.3
202105010401,12.5 - 11.2 - 11.7 - 12.8 - 12.9 - 12.3 - 12.7,35.4,37.9
202105010402,7.2 - 11.2 - 12.7 - 13.0 - 13.2 - 12.9 - 12.8 - 12.4 - 12.5 - 12.3 - 12.3,31.1,37.1
202105010403,12.3 - 11.4 - 12.3 - 12.8 - 12.8 - 12.6 - 12.6 - 13.6,36.0,38.8
202105010404,12.4 - 11.4 - 11.6 - 12.3 - 12.4 - 12.5 - 13.1,35.4,38.0
202105010405,12.3 - 11.0 - 11.5 - 11.9 - 11.9 - 11.8 - 11.6 - 11.7,34.8,35.1
202105010406,12.6 - 12.1 - 12.7 - 12.8 - 12.5 - 11.6 - 11.3 - 11.5,37.4,34.4
202105010407,12.5 - 11.2 - 12.2 - 12.5 - 12.4 - 12.3 - 12.2 - 12.9,35.9,37.4
202105010408,12.8 - 12.0 - 12.0 - 12.6 - 12.1 - 11.9 - 11.9 - 11.5 - 11.6 - 11.8,36.8,34.9
202105010409,12.7 - 11.1 - 12.8 - 12.9 - 12.3 - 12.4 - 12.7 - 12.7 - 12.3 - 12.0 - 11.2 - 11.8,36.6,35.0
202105010410,12.9 - 11.2 - 11.6 - 11.9 - 12.0 - 12.3 - 12.3 - 12.2,35.7,36.8
202105010411,12.3 - 11.2 - 11.4 - 11.7 - 11.5 - 11.2 - 11.6 - 11.5,34.9,34.3
202105010412,7.0 - 11.3 - 11.9 - 12.2 - 12.0 - 11.6 - 12.5,30.2,36.1
202105010501,12.7 - 11.2 - 11.9 - 12.5 - 12.4 - 12.4 - 13.2,35.8,38.0
202105010502,7.2 - 11.9 - 12.7 - 12.6 - 12.8 - 12.9 - 13.1 - 13.2 - 12.9 - 12.6 - 13.0,31.8,38.5
202105010503,12.3 - 11.0 - 11.8 - 12.5 - 13.3 - 12.9 - 12.3 - 13.0,35.1,38.2
202105010504,12.6 - 11.5 - 12.5 - 12.9 - 13.0 - 12.3 - 11.6 - 12.5,36.6,36.4
202105010505,12.3 - 11.0 - 11.6 - 12.3 - 12.0 - 11.4 - 11.2,34.9,34.6
202105010506,13.0 - 11.4 - 12.3 - 12.7 - 12.6 - 12.6 - 11.4 - 11.2 - 11.3,36.7,33.9
202105010507,12.3 - 10.7 - 11.4 - 11.7 - 11.7 - 11.5 - 12.3,34.4,35.5
202105010508,12.8 - 11.5 - 11.6 - 11.7 - 11.8 - 12.1 - 13.0,35.9,36.9
202105010509,12.4 - 10.9 - 12.5 - 12.6 - 12.6 - 12.6 - 12.5 - 12.1 - 11.6 - 11.4 - 11.3 - 11.7,35.8,34.4
202105010510,12.7 - 10.9 - 11.6 - 12.0 - 11.7 - 11.2 - 11.6,35.2,34.5
202105010511,12.4 - 10.8 - 11.4 - 11.9 - 11.9 - 11.6 - 11.4 - 11.9,34.6,34.9
202105010512,12.4 - 11.3 - 11.5 - 12.0 - 12.1 - 12.4 - 12.0 - 12.8,35.2,37.2
202105010601,7.1 - 10.9 - 11.2 - 12.3 - 12.8 - 12.6 - 12.6,29.2,38.0
202105010602,12.7 - 11.6 - 12.3 - 12.8 - 12.8 - 12.3 - 12.9,36.6,38.0
202105010603,12.5 - 11.3 - 12.4 - 12.8 - 13.0 - 12.6 - 12.0 - 12.6,36.2,37.2
202105010604,12.4 - 11.0 - 11.8 - 12.4 - 12.8 - 12.7 - 12.2 - 12.8,35.2,37.7
202105010605,12.8 - 10.9 - 11.8 - 12.2 - 12.6 - 12.1 - 11.3 - 11.3 - 11.7,35.5,34.3
202105010606,7.4 - 11.4 - 12.9 - 13.0 - 11.8 - 13.1 - 12.7 - 12.6 - 12.7 - 12.1 - 12.7,31.7,37.5
202105010607,13.1 - 11.6 - 13.1 - 13.0 - 12.2 - 12.5 - 12.6 - 12.5 - 12.4 - 11.6 - 11.1 - 11.5,37.8,34.2
202105010608,12.7 - 11.2 - 11.7 - 11.7 - 11.8 - 11.5 - 11.2 - 12.1,35.6,34.8
202105010609,12.7 - 11.2 - 11.4 - 11.5 - 11.7 - 11.6 - 11.7 - 11.6 - 12.0,35.3,35.3
202105010610,12.4 - 11.0 - 11.6 - 12.1 - 11.9 - 11.6 - 12.5,35.0,36.0
202105010611,13.0 - 11.8 - 12.6 - 12.2 - 12.3 - 11.9 - 11.5 - 10.8 - 11.5,37.4,33.8
202105010612,12.4 - 11.3 - 12.5 - 12.2 - 12.0 - 11.6 - 12.8,36.2,36.4
202105010701,12.8 - 11.3 - 12.2 - 12.5 - 12.4 - 12.1 - 13.1,36.3,37.6
202105010702,13.1 - 12.5 - 13.1 - 12.9 - 12.2 - 12.6 - 12.6,38.7,37.4
202105010703,12.4 - 11.0 - 11.7 - 12.5 - 13.1 - 12.9 - 12.4 - 12.8,35.1,38.1
202105010704,12.4 - 11.4 - 12.1 - 12.5 - 11.9 - 11.9 - 12.9,35.9,36.7
202105010705,13.1 - 11.7 - 12.2 - 12.3 - 12.3 - 12.1 - 11.7 - 11.2 - 11.7,37.0,34.6
202105010706,12.5 - 10.8 - 11.3 - 11.7 - 11.8 - 11.7 - 11.7 - 12.7,34.6,36.1
202105010707,12.6 - 11.4 - 11.9 - 12.2 - 12.1 - 12.2 - 12.3 - 12.9,35.9,37.4
202105010708,6.9 - 11.2 - 12.6 - 12.5 - 12.6 - 13.0 - 12.7 - 12.3 - 12.2 - 12.7 - 13.3,30.7,38.2
202105010709,13.3 - 11.7 - 11.4 - 12.0 - 12.4 - 12.2 - 12.2 - 11.5 - 11.6 - 12.0,36.4,35.1
202105010710,7.0 - 11.3 - 12.2 - 12.4 - 12.7 - 12.6 - 12.3 - 12.1 - 12.1 - 12.1 - 13.1,30.5,37.3
202105010711,13.3 - 12.3 - 12.6 - 12.9 - 12.7 - 12.8 - 12.3 - 13.1 - 12.8 - 12.7 - 12.5 - 12.6 - 11.9 - 11.6 - 11.4 - 11.8 - 11.9,38.2,35.1
202105010712,12.4 - 11.3 - 11.2 - 11.6 - 11.3 - 11.6 - 12.1,34.9,35.0
202105010801,12.7 - 11.6 - 12.2 - 12.5 - 12.0 - 12.1 - 12.3,36.5,36.4
202105010802,7.3 - 11.6 - 12.9 - 12.9 - 13.0 - 13.0 - 12.6 - 12.7 - 12.6 - 12.8 - 13.2,31.8,38.6
202105010803,12.6 - 10.9 - 12.3 - 12.5 - 13.2 - 12.9 - 12.3 - 12.5,35.8,37.7
202105010804,12.8 - 12.0 - 13.1 - 13.2 - 12.8 - 12.6 - 12.6 - 12.4 - 12.3 - 11.3 - 11.7 - 12.1,37.9,35.1
202105010805,12.6 - 11.2 - 11.7 - 11.7 - 11.9 - 11.1 - 11.7 - 12.2,35.5,35.0
202105010806,12.7 - 11.3 - 11.8 - 12.2 - 12.2 - 11.8 - 12.9,35.8,36.9
202105010807,12.9 - 11.4 - 12.2 - 12.4 - 12.3 - 12.1 - 11.5 - 11.4 - 11.7,36.5,34.6
202105010808,13.7 - 12.6 - 11.9 - 12.1 - 12.2 - 11.8 - 12.0 - 11.4 - 11.1 - 11.8,38.2,34.3
202105010809,12.5 - 11.3 - 12.1 - 12.4 - 12.5 - 12.0 - 11.8 - 12.2,35.9,36.0
202105010810,12.7 - 11.4 - 11.4 - 11.6 - 11.7 - 12.0 - 12.0 - 11.5 - 12.5 - 12.2,35.5,36.2
202105010811,12.5 - 10.8 - 11.4 - 11.8 - 12.0 - 11.9 - 11.9 - 12.1,34.7,35.9
202105010812,12.5 - 11.5 - 11.7 - 12.2 - 12.1 - 12.2 - 12.2,35.7,36.5
202105020101,12.4 - 11.6 - 12.8 - 13.2 - 13.5 - 12.6 - 12.0 - 12.2,36.8,36.8
202105020102,12.7 - 11.3 - 12.2 - 12.7 - 12.4 - 11.9 - 12.6,36.2,36.9
202105020103,7.3 - 12.1 - 12.9 - 13.0 - 12.8 - 12.5 - 12.6 - 12.6 - 12.9 - 13.0 - 13.3,32.3,39.2
202105020104,12.5 - 10.7 - 11.1 - 11.5 - 12.4 - 12.9 - 11.7 - 11.5 - 11.3,34.3,34.5
202105020105,12.4 - 11.0 - 11.4 - 11.8 - 12.0 - 11.2 - 11.5 - 11.8,34.8,34.5
202105020106,12.3 - 11.1 - 12.0 - 12.2 - 12.2 - 12.3 - 12.5 - 12.9,35.4,37.7
202105020107,12.5 - 11.0 - 12.2 - 12.4 - 12.3 - 12.2 - 12.5,35.7,37.0
202105020108,7.1 - 12.1 - 12.4 - 12.8 - 12.2 - 11.7 - 12.2 - 11.9 - 11.6 - 11.3 - 11.3 - 11.8,31.6,34.4
202105020109,11.8 - 10.8 - 11.5 - 11.4 - 11.0 - 11.3 - 12.6,34.1,34.9
202105020110,12.2 - 11.1 - 11.1 - 11.2 - 10.9 - 11.4 - 11.9,34.4,34.2
202105020111,12.2 - 10.7 - 11.5 - 11.8 - 12.3 - 12.3 - 12.2 - 12.2,34.4,36.7
202105020112,12.4 - 11.0 - 11.7 - 12.0 - 12.0 - 12.3 - 13.0,35.1,37.3
202105020201,12.3 - 11.2 - 11.8 - 12.4 - 13.7 - 12.8 - 12.4 - 12.5,35.3,37.7
202105020202,12.3 - 11.1 - 11.5 - 11.6 - 11.2 - 11.3 - 12.1,34.9,34.6
202105020203,12.1 - 11.3 - 12.3 - 12.5 - 12.0 - 12.1 - 12.4,35.7,36.5
202105020205,12.9 - 11.7 - 12.9 - 13.6 - 13.0 - 13.4 - 13.0 - 12.4 - 12.3 - 11.2 - 11.0 - 11.8,37.5,34.0
202105020206,12.5 - 11.6 - 11.6 - 12.2 - 13.1 - 12.5 - 12.1 - 11.2 - 11.1 - 11.6,35.7,33.9
202105020207,12.3 - 10.6 - 11.1 - 12.1 - 13.1 - 13.1 - 12.9 - 12.6,34.0,38.6
202105020208,12.3 - 10.9 - 11.7 - 12.1 - 12.0 - 11.1 - 11.4 - 11.9,34.9,34.4
202105020209,13.0 - 11.9 - 12.1 - 12.6 - 12.3 - 12.3 - 11.4 - 11.1 - 11.2,37.0,33.7
202105020210,12.2 - 10.8 - 12.0 - 12.4 - 12.1 - 11.9 - 12.3,35.0,36.3
202105020211,12.5 - 11.4 - 11.3 - 12.1 - 12.9 - 12.8 - 12.6 - 11.3 - 11.0 - 11.5,35.2,33.8
202105020212,12.1 - 11.2 - 11.9 - 12.4 - 12.2 - 12.1 - 12.0 - 12.6,35.2,36.7
202105020301,12.1 - 10.9 - 11.4 - 12.6 - 12.9 - 12.5 - 12.7 - 13.1,34.4,38.3
202105020302,12.6 - 11.5 - 12.9 - 13.1 - 12.1 - 11.6 - 12.4,37.0,36.1
202105020303,7.1 - 11.7 - 12.5 - 13.3 - 12.1 - 12.2 - 12.4 - 12.1 - 12.5 - 12.6 - 13.6,31.3,38.7
202105020304,12.4 - 11.2 - 11.8 - 12.1 - 12.0 - 11.4 - 11.5 - 11.9,35.4,34.8
202105020305,13.4 - 12.0 - 11.8 - 12.1 - 12.8 - 12.1 - 11.8 - 11.5 - 11.2 - 11.8,37.2,34.5
202105020306,12.2 - 11.2 - 11.9 - 12.0 - 12.0 - 12.5 - 12.1 - 12.4,35.3,37.0
202105020307,12.4 - 11.5 - 12.2 - 12.1 - 12.0 - 12.3 - 12.8,36.1,37.1
202105020308,12.9 - 11.8 - 12.0 - 12.2 - 12.3 - 12.2 - 11.7 - 11.3 - 11.2 - 12.0,36.7,34.5
202105020309,12.4 - 11.3 - 12.0 - 11.7 - 11.6 - 11.2 - 11.0 - 11.5,35.7,33.7
202105020310,7.1 - 11.4 - 12.9 - 13.3 - 13.1 - 12.2 - 11.6 - 12.2 - 12.4 - 12.4 - 12.6,31.4,37.4
202105020311,12.5 - 10.6 - 12.1 - 12.8 - 12.5 - 12.6 - 12.7 - 12.5 - 12.1 - 11.6 - 11.3 - 11.9,35.2,34.8
202105020312,6.8 - 11.0 - 11.4 - 12.1 - 11.8 - 12.1 - 12.8,29.2,36.7
202105020402,6.9 - 10.9 - 11.6 - 11.8 - 11.9 - 12.3 - 12.9,29.4,37.1
202105020403,12.3 - 10.7 - 11.5 - 12.3 - 12.4 - 12.8 - 13.2,34.5,38.4
202105020405,12.1 - 10.9 - 11.5 - 11.8 - 11.2 - 11.7 - 12.3,34.5,35.2
202105020406,12.8 - 11.6 - 12.2 - 12.7 - 12.4 - 12.3 - 11.2 - 11.1 - 12.1,36.6,34.4
202105020407,12.4 - 11.4 - 12.5 - 12.5 - 12.3 - 11.4 - 11.1 - 11.6,36.3,34.1
202105020408,12.5 - 11.0 - 11.6 - 12.2 - 12.9 - 12.9 - 12.4 - 12.7,35.1,38.0
202105020409,12.6 - 10.9 - 11.8 - 12.1 - 12.4 - 12.6 - 12.9 - 12.5 - 12.1 - 11.3 - 11.4 - 12.3,35.3,35.0
202105020410,12.9 - 11.6 - 11.5 - 11.8 - 12.1 - 12.3 - 12.2 - 11.6 - 11.3 - 11.7,36.0,34.6
202105020411,12.6 - 10.9 - 11.2 - 11.8 - 11.8 - 12.0 - 11.9 - 12.2 - 11.8,34.7,35.9
202105020412,7.1 - 11.6 - 12.7 - 12.6 - 12.7 - 12.8 - 12.4 - 12.3 - 12.4 - 12.4 - 12.5,31.4,37.3
202105020501,12.4 - 11.7 - 12.9 - 12.8 - 12.4 - 12.2 - 12.3 - 12.8,37.0,37.3
202105020502,7.1 - 11.3 - 11.6 - 12.4 - 12.0 - 12.2 - 12.7,30.0,36.9
202105020503,12.5 - 11.8 - 12.4 - 12.4 - 12.0 - 11.9 - 12.6,36.7,36.5
202105020504,7.3 - 11.6 - 13.4 - 13.0 - 12.0 - 12.8 - 13.0 - 12.4 - 12.7 - 12.2 - 12.6,32.3,37.5
202105020505,12.5 - 11.3 - 12.2 - 12.1 - 12.2 - 11.2 - 10.9 - 11.7,36.0,33.8
202105020506,12.3 - 10.8 - 11.9 - 11.9 - 11.3 - 11.2 - 11.6,35.0,34.1
202105020507,12.2 - 11.7 - 12.4 - 13.1 - 12.9 - 12.1 - 12.0 - 12.0,36.3,36.1
202105020508,12.0 - 11.3 - 11.4 - 11.5 - 11.1 - 11.4 - 12.1,34.7,34.6
202105020509,12.2 - 11.2 - 12.0 - 12.3 - 12.1 - 12.4 - 12.0 - 12.2,35.4,36.6
202105020510,12.9 - 11.5 - 12.1 - 12.5 - 11.8 - 11.9 - 12.5 - 12.3 - 12.2 - 11.4 - 11.4 - 12.0,36.5,34.8
202105020511,12.8 - 11.5 - 11.4 - 12.0 - 12.6 - 12.8 - 12.2 - 11.1 - 11.2 - 11.7,35.7,34.0
202105020512,12.4 - 11.0 - 12.0 - 12.1 - 12.2 - 12.0 - 12.5,35.4,36.7
202105020601,12.5 - 11.5 - 12.5 - 12.7 - 12.3 - 12.2 - 13.1,36.5,37.6
202105020602,12.2 - 11.0 - 11.9 - 11.9 - 12.3 - 12.8 - 12.6 - 13.3,35.1,38.7
202105020603,6.9 - 11.7 - 12.1 - 12.8 - 12.2 - 12.4 - 12.7 - 12.4 - 11.8 - 11.5 - 11.6 - 12.0,30.7,35.1
202105020604,12.7 - 11.2 - 11.7 - 11.9 - 12.1 - 12.0 - 11.7 - 11.8 - 12.3,35.6,35.8
202105020605,11.8 - 10.7 - 11.3 - 11.9 - 12.3 - 12.4 - 13.3 - 12.7,33.8,38.4
202105020606,6.9 - 11.0 - 11.3 - 11.7 - 12.3 - 12.3 - 12.6,29.2,37.2
202105020607,12.1 - 10.9 - 11.1 - 11.5 - 11.2 - 11.7 - 12.4,34.1,35.3
202105020608,13.1 - 11.6 - 11.4 - 11.5 - 11.8 - 11.8 - 11.9 - 11.5 - 11.3 - 12.0,36.1,34.8
202105020609,12.2 - 10.6 - 11.2 - 11.5 - 11.6 - 11.5 - 11.4 - 12.0,34.0,34.9
202105020610,7.0 - 11.1 - 12.5 - 12.6 - 12.6 - 12.6 - 12.4 - 12.0 - 12.0 - 12.3 - 12.5,30.6,36.8
202105020611,12.2 - 10.2 - 11.3 - 11.6 - 11.6 - 11.4 - 11.4 - 11.9,33.7,34.7
202105020612,12.2 - 10.8 - 11.6 - 12.2 - 12.7 - 12.4 - 12.0 - 12.8,34.6,37.2
202105020701,12.4 - 11.0 - 11.7 - 12.2 - 12.4 - 12.5 - 13.2,35.1,38.1
202105020702,12.3 - 11.2 - 12.1 - 12.5 - 12.6 - 12.3 - 12.0 - 12.2,35.6,36.5
202105020703,12.4 - 11.1 - 12.1 - 12.1 - 11.9 - 12.5 - 13.2,35.6,37.6
202105020704,12.2 - 11.2 - 11.7 - 11.7 - 11.2 - 11.3 - 11.9,35.1,34.4
202105020705,12.6 - 11.0 - 11.8 - 12.0 - 12.0 - 12.3 - 11.3 - 11.2 - 11.8,35.4,34.3
202105020706,12.0 - 11.0 - 12.1 - 12.2 - 11.8 - 12.4 - 13.0,35.1,37.2
202105020707,13.1 - 12.3 - 12.3 - 11.8 - 12.3 - 12.3 - 12.3 - 11.4 - 11.0 - 11.6,37.7,34.0
202105020708,6.9 - 11.7 - 12.9 - 13.2 - 13.1 - 12.8 - 12.8 - 12.3 - 12.2 - 12.4 - 12.8,31.5,37.4
202105020709,12.1 - 10.6 - 11.9 - 12.5 - 12.1 - 12.2 - 12.7,34.6,37.0
202105020710,12.9 - 11.9 - 12.6 - 12.7 - 12.4 - 12.3 - 11.9 - 11.7 - 11.5 - 11.2 - 11.2 - 11.9,37.4,34.3
202105020711,12.1 - 10.9 - 11.3 - 11.2 - 11.0 - 11.5 - 11.8,34.3,34.3
202105020712,12.1 - 11.1 - 11.9 - 12.5 - 12.4 - 12.0 - 12.3 - 12.7,35.1,37.0
202105020801,12.4 - 11.0 - 11.8 - 12.4 - 12.4 - 12.5 - 13.2,35.2,38.1
202105020802,11.9 - 11.2 - 12.3 - 12.5 - 12.6 - 12.0 - 12.7 - 13.5,35.4,38.2
202105020803,7.0 - 11.8 - 13.0 - 12.8 - 12.5 - 12.5 - 12.7 - 12.5 - 12.5 - 13.3 - 13.7,31.8,39.5
202105020804,13.2 - 12.2 - 12.3 - 12.6 - 12.6 - 12.2 - 11.9 - 11.5 - 11.2 - 11.7,37.7,34.4
202105020805,12.6 - 11.8 - 12.3 - 12.1 - 12.3 - 11.4 - 10.8 - 11.4,36.7,33.6
202105020806,12.0 - 10.8 - 11.7 - 12.7 - 12.4 - 12.3 - 12.6 - 12.8,34.5,37.7
202105020807,13.0 - 11.5 - 12.6 - 12.8 - 12.4 - 12.4 - 12.7 - 12.1 - 11.6 - 11.3 - 11.8 - 12.8,37.1,35.9
202105020808,12.4 - 11.4 - 11.8 - 11.7 - 11.6 - 11.6 - 11.0 - 11.7,35.6,34.3
202105020809,12.9 - 11.4 - 11.7 - 11.8 - 11.5 - 11.3 - 11.2 - 11.8 - 12.3,36.0,35.3
202105020810,12.3 - 10.9 - 11.7 - 12.4 - 12.1 - 12.1 - 11.9 - 12.7,34.9,36.7
202105020811,11.9 - 10.8 - 11.6 - 11.7 - 11.6 - 11.2 - 10.9 - 11.3,34.3,33.4
202105020812,12.1 - 11.3 - 12.1 - 11.8 - 11.4 - 12.2 - 12.7,35.5,36.3
202105020901,12.3 - 11.6 - 11.9 - 12.7 - 13.2 - 12.4 - 12.1 - 13.2,35.8,37.7
202105020902,7.0 - 10.9 - 11.7 - 12.4 - 12.1 - 11.8 - 12.9,29.6,36.8
202105020903,12.4 - 11.0 - 11.7 - 12.6 - 13.1 - 12.8 - 12.0 - 13.1,35.1,37.9
202105020904,12.4 - 11.1 - 11.9 - 12.2 - 12.3 - 11.4 - 11.1 - 11.9,35.4,34.4
202105020905,12.8 - 11.7 - 11.7 - 12.2 - 12.6 - 12.4 - 12.0 - 11.5 - 11.4 - 11.9,36.2,34.8
202105020906,7.1 - 11.1 - 12.1 - 12.7 - 12.6 - 12.2 - 12.5 - 12.8 - 12.8 - 12.6 - 12.8,30.3,38.2
202105020907,12.2 - 10.9 - 11.4 - 11.9 - 11.8 - 11.4 - 11.7 - 11.7,34.5,34.8
202105020908,12.3 - 10.9 - 12.0 - 12.6 - 12.3 - 12.3 - 13.0,35.2,37.6
202105020909,13.0 - 11.8 - 12.3 - 12.9 - 12.5 - 12.3 - 11.3 - 10.9 - 11.6,37.1,33.8
202105020910,12.8 - 11.4 - 11.4 - 11.6 - 11.3 - 11.0 - 12.0,35.6,34.3
202105020911,12.6 - 11.2 - 11.8 - 11.8 - 12.3 - 12.3 - 11.3 - 11.2 - 11.8,35.6,34.3
202105020912,12.2 - 11.1 - 11.9 - 12.1 - 12.1 - 12.3 - 12.2 - 12.8,35.2,37.3
202105021001,12.7 - 11.6 - 12.4 - 12.9 - 12.2 - 11.9 - 12.3,36.7,36.4
202105021002,12.6 - 11.2 - 11.8 - 11.9 - 12.1 - 12.3 - 12.2 - 13.4,35.6,37.9
202105021003,12.5 - 11.1 - 11.0 - 11.2 - 11.2 - 11.8 - 12.4,34.6,35.4
202105021004,12.8 - 11.1 - 13.0 - 13.1 - 13.0 - 12.5 - 12.7 - 12.0 - 11.4 - 11.3 - 11.8 - 12.0,36.9,35.1
202105021005,12.4 - 11.1 - 11.4 - 11.8 - 12.1 - 12.6 - 12.6,34.9,37.3
202105021006,12.5 - 11.0 - 11.9 - 12.3 - 11.9 - 11.2 - 10.8 - 11.6,35.4,33.6
202105021007,12.4 - 11.2 - 11.7 - 12.3 - 12.6 - 12.4 - 12.5 - 12.6,35.3,37.5
202105021008,7.1 - 11.2 - 12.1 - 12.2 - 12.4 - 12.9 - 13.0 - 12.3 - 12.5 - 12.7 - 13.1,30.4,38.3
202105021009,13.1 - 10.9 - 11.7 - 11.9 - 11.9 - 11.7 - 11.4 - 11.8 - 11.8,35.7,35.0
202105021010,12.6 - 10.4 - 11.0 - 11.7 - 11.2 - 11.4 - 12.0,34.0,34.6
202105021011,12.5 - 11.1 - 11.8 - 12.3 - 12.2 - 12.6 - 12.6 - 12.4 - 12.1 - 11.3 - 11.7 - 11.9,35.4,34.9
202105021012,7.1 - 11.0 - 12.2 - 12.6 - 12.5 - 12.4 - 12.8 - 12.5 - 12.2 - 11.9 - 12.7,30.3,36.8
202105021101,12.4 - 10.9 - 11.5 - 12.2 - 12.6 - 12.4 - 12.6 - 12.6,34.8,37.6
202105021102,7.2 - 10.8 - 11.8 - 11.8 - 11.9 - 12.2 - 13.0,29.8,37.1
202105021103,12.7 - 11.4 - 11.9 - 12.1 - 11.7 - 12.1 - 11.4 - 11.3 - 11.8,36.0,34.5
202105021105,12.7 - 11.8 - 11.2 - 11.8 - 12.2 - 12.0 - 12.2 - 11.4 - 11.8 - 11.9,35.7,35.1
202105021106,12.4 - 10.8 - 11.5 - 11.6 - 11.3 - 11.4 - 11.9,34.7,34.6
202105021107,12.8 - 11.3 - 12.6 - 12.6 - 11.8 - 11.8 - 11.9 - 11.8 - 11.4 - 11.6 - 11.9 - 12.3,36.7,35.8
202105021108,12.2 - 11.1 - 12.0 - 12.1 - 12.1 - 12.1 - 12.9 - 12.8,35.3,37.8
202105021109,12.4 - 10.7 - 11.4 - 11.8 - 12.0 - 12.7 - 12.7,34.5,37.4
202105021110,12.4 - 11.2 - 11.6 - 11.9 - 11.3 - 11.1 - 11.2 - 11.8,35.2,34.1
202105021111,12.2 - 10.4 - 11.3 - 11.5 - 11.9 - 12.2 - 12.4,33.9,36.5
202105021112,12.3 - 11.0 - 11.5 - 11.9 - 11.9 - 12.1 - 12.2 - 13.3,34.8,37.6
202105021201,12.2 - 11.0 - 11.9 - 12.4 - 12.7 - 12.2 - 11.9 - 12.8,35.1,36.9
202105021202,12.5 - 11.2 - 12.0 - 12.4 - 12.4 - 12.5 - 12.8,35.7,37.7
202105021203,7.0 - 11.3 - 12.6 - 13.0 - 12.3 - 12.5 - 12.8 - 12.6 - 12.5 - 12.6 - 13.6,30.9,38.7
202105021204,12.7 - 11.2 - 11.7 - 12.0 - 12.3 - 11.4 - 11.1 - 11.3,35.6,33.8
202105021205,12.2 - 10.9 - 11.6 - 12.5 - 12.8 - 12.1 - 12.3 - 12.7,34.7,37.1
202105021206,12.7 - 11.1 - 11.7 - 12.2 - 12.2 - 12.3 - 12.3,35.5,36.8
202105021207,13.0 - 11.2 - 11.7 - 12.4 - 11.9 - 12.2 - 11.1 - 11.2 - 11.7,35.9,34.0
202105021208,12.9 - 11.7 - 12.0 - 11.5 - 11.2 - 11.5 - 12.0 - 11.7 - 12.0 - 11.8 - 12.1 - 12.8,36.6,36.7
202105021209,12.3 - 10.9 - 11.7 - 12.2 - 12.3 - 12.2 - 12.4 - 12.8,34.9,37.4
202105021210,12.8 - 11.2 - 11.2 - 11.5 - 11.4 - 11.6 - 11.5 - 11.3 - 11.8,35.2,34.6
202105021211,12.2 - 10.6 - 12.2 - 13.0 - 12.3 - 12.4 - 12.8 - 11.7 - 11.4 - 11.5 - 10.8 - 11.6,35.0,33.9
202105021212,7.3 - 11.4 - 12.5 - 13.3 - 13.2 - 12.4 - 11.9 - 12.8 - 12.7 - 12.5 - 11.1 - 10.6 - 11.1,31.2,32.8
202105030102,12.4 - 11.1 - 11.9 - 12.4 - 12.4 - 12.4 - 12.4 - 12.5,35.4,37.3
202105030103,12.5 - 11.4 - 11.8 - 12.1 - 12.1 - 12.1 - 12.7,35.7,36.9
202105030104,12.4 - 11.5 - 12.0 - 12.2 - 12.0 - 11.2 - 11.1 - 11.7,35.9,34.0
202105030105,12.8 - 11.4 - 12.3 - 12.2 - 12.1 - 11.5 - 11.4 - 11.7,36.5,34.6
202105030106,7.2 - 11.4 - 12.0 - 12.4 - 13.2 - 13.4 - 12.7 - 12.3 - 12.4 - 12.2 - 12.5,30.6,37.1
202105030107,12.3 - 10.9 - 11.9 - 12.3 - 11.9 - 12.1 - 12.6,35.1,36.6
202105030108,12.5 - 11.5 - 12.2 - 12.3 - 12.0 - 11.6 - 11.2 - 11.3 - 11.8,36.2,34.3
202105030109,12.8 - 11.7 - 13.0 - 13.3 - 12.9 - 12.0 - 12.1 - 11.9 - 11.6 - 11.5 - 11.3 - 12.3,37.5,35.1
202105030110,12.4 - 11.3 - 11.6 - 11.2 - 11.0 - 10.8 - 11.8,35.3,33.6
202105030111,12.3 - 10.8 - 11.6 - 11.9 - 11.9 - 11.8 - 12.0 - 12.7,34.7,36.5
202105030112,12.2 - 11.0 - 11.5 - 11.7 - 11.7 - 12.2 - 12.8,34.7,36.7
202105030201,12.3 - 10.9 - 12.1 - 12.5 - 11.9 - 12.5 - 13.2,35.3,37.6
202105030202,12.4 - 10.9 - 11.6 - 12.2 - 12.6 - 12.7 - 12.3 - 12.5,34.9,37.5
202105030203,6.8 - 10.7 - 11.1 - 12.0 - 11.9 - 12.8 - 12.9,28.6,37.6
202105030204,12.6 - 11.0 - 12.6 - 12.6 - 12.4 - 12.2 - 12.1 - 11.8 - 12.1 - 11.7 - 11.4 - 12.2,36.2,35.3
202105030205,12.8 - 11.2 - 12.0 - 12.3 - 12.1 - 11.9 - 11.3 - 11.8,36.0,35.0
202105030206,12.4 - 11.5 - 11.8 - 12.1 - 11.8 - 11.3 - 11.7,35.7,34.8
202105030207,12.2 - 10.6 - 11.5 - 11.9 - 11.9 - 12.1 - 12.3 - 12.7,34.3,37.1
202105030208,12.5 - 10.9 - 11.6 - 11.9 - 11.4 - 10.9 - 11.8,35.0,34.1
202105030209,13.4 - 12.5 - 11.9 - 11.9 - 12.0 - 11.9 - 11.6 - 11.6 - 10.8 - 11.8,37.8,34.2
202105030210,12.2 - 10.8 - 11.9 - 11.9 - 11.8 - 12.0 - 12.6,34.9,36.4
202105030211,12.3 - 11.0 - 11.6 - 11.5 - 11.4 - 11.2 - 11.0 - 11.7,34.9,33.9
202105030212,12.4 - 10.7 - 11.4 - 11.9 - 12.1 - 12.1 - 12.3 - 12.6,34.5,37.0
202105030302,12.5 - 10.9 - 11.3 - 12.0 - 12.6 - 12.7 - 13.6,34.7,38.9
202105030303,12.5 - 11.3 - 11.8 - 12.2 - 12.5 - 12.2 - 12.0 - 12.8,35.6,37.0
202105030304,12.7 - 11.6 - 12.4 - 12.3 - 12.3 - 12.0 - 11.6 - 11.3 - 11.8 - 12.1,36.7,35.2
202105030305,12.5 - 10.7 - 11.6 - 11.7 - 11.6 - 11.9 - 12.2,34.8,35.7
202105030306,7.0 - 11.2 - 13.2 - 13.2 - 13.1 - 12.9 - 12.5 - 12.4 - 12.5 - 12.4 - 12.9,31.4,37.8
202105030307,12.3 - 11.2 - 11.6 - 11.8 - 12.2 - 12.3 - 12.3 - 12.6,35.1,37.2
202105030308,12.4 - 11.2 - 12.0 - 12.1 - 11.6 - 11.1 - 10.9 - 12.0,35.6,34.0
202105030309,12.4 - 11.5 - 11.9 - 11.7 - 11.7 - 11.2 - 11.5 - 11.7,35.8,34.4
202105030310,12.5 - 11.2 - 12.4 - 12.9 - 12.2 - 11.7 - 12.2,36.1,36.1
202105030311,13.0 - 11.7 - 12.6 - 12.4 - 12.3 - 12.4 - 12.0 - 11.8 - 11.9 - 11.1 - 11.3 - 12.1,37.3,34.5
202105030312,12.6 - 11.2 - 11.9 - 12.6 - 12.1 - 12.2 - 12.5,35.7,36.8
202105030401,12.5 - 11.0 - 11.8 - 12.8 - 12.6 - 12.3 - 12.3 - 13.3,35.3,37.9
202105030402,12.5 - 11.1 - 11.7 - 12.0 - 12.1 - 12.6 - 13.4,35.3,38.1
202105030403,12.5 - 11.1 - 12.3 - 12.7 - 12.5 - 12.5 - 12.3 - 12.5,35.9,37.3
202105030404,12.4 - 10.6 - 11.2 - 11.8 - 11.7 - 11.6 - 12.5,34.2,35.8
202105030405,13.6 - 12.3 - 12.8 - 12.8 - 12.7 - 12.4 - 11.4 - 11.0 - 11.9,38.7,34.3
202105030406,12.5 - 10.8 - 11.0 - 11.5 - 12.0 - 11.9 - 11.7 - 12.2,34.3,35.8
202105030407,7.0 - 11.9 - 12.6 - 12.5 - 12.8 - 13.0 - 13.4 - 12.9 - 12.0 - 12.1 - 12.8,31.5,36.9
202105030408,13.0 - 12.0 - 12.0 - 11.8 - 12.1 - 12.1 - 11.9 - 10.9 - 11.3 - 11.9,37.0,34.1
202105030409,7.0 - 11.5 - 12.8 - 12.9 - 12.2 - 12.5 - 12.5 - 12.2 - 12.2 - 12.2 - 12.8,31.3,37.2
202105030410,12.5 - 11.4 - 12.1 - 12.9 - 12.9 - 11.9 - 11.8 - 12.0,36.0,35.7
202105030411,12.6 - 11.3 - 11.4 - 11.7 - 11.8 - 11.4 - 11.1 - 11.4 - 12.4,35.3,34.9
202105030412,12.7 - 11.3 - 11.2 - 11.5 - 11.9 - 11.2 - 11.8 - 12.0,35.2,35.0
202105030501,12.5 - 11.2 - 12.1 - 11.9 - 11.4 - 11.3 - 11.7,35.8,34.4
202105030502,12.4 - 11.3 - 12.3 - 12.7 - 12.4 - 11.8 - 12.3 - 12.6,36.0,36.7
202105030503,12.4 - 11.1 - 11.7 - 11.8 - 12.0 - 12.6 - 12.9,35.2,37.5
202105030504,12.4 - 11.4 - 12.1 - 12.5 - 12.4 - 12.4 - 12.2 - 12.3,35.9,36.9
202105030505,12.7 - 11.6 - 12.7 - 13.0 - 12.7 - 11.4 - 11.3 - 11.4,37.0,34.1
202105030506,6.9 - 11.2 - 11.6 - 11.9 - 11.7 - 11.9 - 12.3,29.7,35.9
202105030507,12.9 - 11.0 - 11.8 - 12.0 - 12.3 - 12.0 - 11.7 - 11.3 - 11.8,35.7,34.8
202105030508,13.4 - 12.2 - 13.1 - 13.0 - 12.5 - 12.8 - 11.8 - 11.9 - 11.9 - 11.6 - 11.6 - 11.9,38.7,35.1
202105030509,12.5 - 10.9 - 11.4 - 12.2 - 12.2 - 11.6 - 12.1 - 12.7,34.8,36.4
202105030510,12.5 - 11.1 - 11.8 - 11.6 - 10.8 - 11.1 - 12.3,35.4,34.2
202105030511,7.0 - 11.0 - 12.1 - 11.9 - 12.2 - 12.5 - 12.3 - 12.0 - 11.9 - 12.4 - 12.7,30.1,37.0
202105030512,12.4 - 10.9 - 11.7 - 11.7 - 11.0 - 11.6 - 12.2,35.0,34.8
202105030602,12.5 - 11.0 - 11.8 - 12.5 - 12.9 - 12.3 - 12.1 - 12.6,35.3,37.0
202105030603,12.1 - 11.3 - 11.7 - 12.0 - 12.4 - 12.7 - 12.7,35.1,37.8
202105030604,7.1 - 11.5 - 13.0 - 11.7 - 12.2 - 12.8 - 13.0 - 13.2 - 12.8 - 12.1 - 12.3,31.6,37.2
202105030605,13.3 - 12.6 - 13.1 - 13.1 - 11.8 - 10.8 - 11.0,39.0,33.6
202105030606,12.3 - 11.2 - 11.5 - 11.9 - 12.2 - 11.2 - 11.5 - 12.2,35.0,34.9
202105030607,12.5 - 11.3 - 11.5 - 11.7 - 12.2 - 11.9 - 12.2 - 12.3,35.3,36.4
202105030608,13.0 - 11.6 - 11.7 - 12.1 - 12.1 - 11.9 - 11.6 - 11.5 - 11.3 - 11.9,36.3,34.7
202105030609,12.9 - 11.8 - 13.1 - 12.4 - 12.2 - 12.3 - 12.3 - 12.0 - 11.7 - 11.5 - 11.4 - 11.9,37.8,34.8
202105030610,12.3 - 10.9 - 11.3 - 11.1 - 10.8 - 11.9 - 12.1,34.5,34.8
202105030611,12.1 - 10.6 - 11.3 - 11.9 - 12.1 - 11.8 - 12.2 - 12.4,34.0,36.4
202105030612,12.4 - 11.1 - 11.6 - 11.6 - 12.0 - 12.3 - 12.5,35.1,36.8
202105030701,13.2 - 11.8 - 12.3 - 12.5 - 12.0 - 11.4 - 11.2 - 11.4,37.3,34.0
202105030702,12.5 - 11.5 - 11.8 - 12.5 - 12.7 - 12.6 - 12.1 - 12.6,35.8,37.3
202105030703,7.1 - 11.2 - 12.2 - 12.4 - 11.8 - 11.9 - 12.6,30.5,36.3
202105030704,12.3 - 10.7 - 11.3 - 11.5 - 11.2 - 11.7 - 12.1,34.3,35.0
202105030705,13.2 - 12.2 - 12.7 - 12.8 - 12.0 - 11.8 - 11.2 - 11.0 - 11.3,38.1,33.5
202105030706,12.4 - 11.3 - 12.1 - 12.4 - 12.3 - 12.3 - 12.6,35.8,37.2
202105030707,7.1 - 10.8 - 12.7 - 13.2 - 13.2 - 12.7 - 12.2 - 12.6 - 12.4 - 11.8 - 12.3,30.6,36.5
202105030709,12.5 - 11.0 - 11.5 - 12.2 - 12.0 - 12.4 - 12.6,35.0,37.0
202105030710,12.5 - 11.1 - 11.5 - 12.2 - 12.1 - 11.7 - 12.0 - 12.7,35.1,36.4
202105030711,13.0 - 11.6 - 12.4 - 12.4 - 12.2 - 11.9 - 11.1 - 10.8 - 11.1,37.0,33.0
202105030712,12.4 - 10.7 - 11.1 - 11.3 - 11.4 - 11.3 - 11.8 - 12.0,34.2,35.1
202105030801,12.7 - 11.1 - 11.4 - 12.9 - 12.7 - 12.3 - 12.6 - 13.0,35.2,37.9
202105030802,7.3 - 11.3 - 12.6 - 13.4 - 12.8 - 13.1 - 13.1 - 12.9 - 12.2 - 12.2 - 12.6,31.2,37.0
202105030803,12.7 - 11.0 - 11.8 - 12.0 - 12.2 - 12.3 - 11.8 - 11.2 - 11.6,35.5,34.6
202105030804,13.0 - 11.8 - 13.2 - 12.0 - 12.7 - 12.8 - 12.3 - 11.9 - 11.9 - 11.4 - 11.7 - 12.1,38.0,35.2
202105030805,12.8 - 11.2 - 11.9 - 12.4 - 12.5 - 11.7 - 11.3 - 11.6,35.9,34.6
202105030806,12.6 - 12.0 - 12.6 - 12.4 - 12.1 - 12.5 - 12.3,37.2,36.9
202105030807,12.5 - 11.3 - 11.7 - 12.7 - 12.7 - 12.3 - 12.3 - 12.5,35.5,37.1
202105030808,12.6 - 10.9 - 11.5 - 12.1 - 12.4 - 12.0 - 11.8 - 11.3 - 12.1 - 12.6,35.0,36.0
202105030809,12.8 - 10.9 - 11.4 - 11.8 - 11.7 - 11.9 - 11.4 - 11.4 - 12.2,35.1,35.0
202105030810,12.4 - 11.0 - 11.3 - 12.0 - 12.4 - 12.3 - 12.5 - 12.6,34.7,37.4
202105030811,12.5 - 11.6 - 12.1 - 11.9 - 11.1 - 10.6 - 11.5,36.2,33.2
202105030812,12.2 - 11.0 - 12.2 - 12.4 - 12.1 - 12.2 - 12.9,35.4,37.2
202105040101,12.5 - 11.2 - 12.2 - 12.9 - 12.5 - 12.6 - 13.3,35.9,38.4
202105040102,12.4 - 11.4 - 12.0 - 12.1 - 12.5 - 12.4 - 11.4 - 11.3 - 11.8,35.8,34.5
202105040103,12.5 - 11.1 - 11.8 - 12.1 - 12.0 - 11.4 - 11.4 - 11.6,35.4,34.4
202105040104,12.3 - 11.1 - 12.3 - 12.8 - 12.6 - 12.4 - 12.5 - 13.0,35.7,37.9
202105040105,13.0 - 11.5 - 12.5 - 12.9 - 12.6 - 12.0 - 11.1 - 11.2 - 11.5,37.0,33.8
202105040106,12.4 - 10.9 - 12.1 - 12.8 - 12.5 - 12.4 - 12.9,35.4,37.8
202105040107,6.9 - 10.7 - 12.1 - 12.6 - 13.0 - 13.0 - 12.6 - 12.6 - 12.7 - 13.2 - 13.2,29.7,39.1
202105040108,12.2 - 10.8 - 11.6 - 12.1 - 12.3 - 12.1 - 12.6 - 12.8,34.6,37.5
202105040109,12.5 - 12.1 - 12.0 - 12.0 - 12.3 - 11.7 - 11.6 - 11.2 - 11.8 - 11.8,36.6,34.8
202105040110,12.3 - 11.9 - 12.4 - 12.6 - 12.2 - 11.7 - 11.4 - 12.5,36.6,35.6
202105040111,12.9 - 12.0 - 12.8 - 12.3 - 12.6 - 11.4 - 10.9 - 11.5,37.7,33.8
202105040112,12.4 - 11.8 - 12.1 - 11.5 - 11.1 - 11.4 - 11.6,36.3,34.1
202105040201,12.3 - 11.3 - 11.7 - 11.4 - 11.1 - 11.7 - 11.9,35.3,34.7
202105040202,12.1 - 11.5 - 12.0 - 12.2 - 12.5 - 12.4 - 12.9 - 13.6,35.6,38.9
202105040203,12.8 - 12.0 - 12.0 - 12.4 - 13.1 - 13.0 - 13.0 - 11.4 - 11.1 - 11.9,36.8,34.4
202105040204,12.5 - 11.2 - 12.1 - 12.6 - 12.6 - 11.2 - 11.5 - 11.6,35.8,34.3
202105040205,13.2 - 12.8 - 12.8 - 12.6 - 12.8 - 12.7 - 13.2 - 11.6 - 11.0 - 11.7,38.8,34.3
202105040206,12.4 - 10.7 - 12.0 - 12.5 - 12.2 - 12.3 - 12.9,35.1,37.4
202105040207,12.8 - 11.2 - 12.0 - 12.4 - 12.1 - 12.0 - 11.4 - 11.4 - 11.3,36.0,34.1
202105040208,7.2 - 12.2 - 13.6 - 13.6 - 13.0 - 12.8 - 12.8 - 12.6 - 12.0 - 11.8 - 12.3,33.0,36.1
202105040209,12.7 - 11.2 - 12.2 - 13.0 - 12.6 - 12.2 - 12.4 - 12.2 - 11.8 - 11.3 - 11.9 - 12.2,36.1,35.4
202105040210,12.2 - 11.1 - 11.5 - 11.7 - 11.8 - 11.7 - 12.3,34.8,35.8
202105040211,12.6 - 10.9 - 11.3 - 11.9 - 11.8 - 11.7 - 11.3 - 11.4 - 11.9,34.8,34.6
202105040212,12.3 - 11.0 - 11.7 - 11.8 - 12.3 - 12.0 - 12.8,35.0,37.1
202105040301,12.3 - 11.2 - 11.8 - 12.5 - 12.8 - 12.6 - 12.6 - 12.8,35.3,38.0
202105040302,12.3 - 11.0 - 11.9 - 11.6 - 11.3 - 11.6 - 12.2,35.2,35.1
202105040303,12.7 - 11.2 - 12.5 - 12.9 - 12.6 - 11.6 - 11.5 - 11.4,36.4,34.5
202105040304,6.9 - 10.6 - 11.1 - 11.7 - 12.2 - 12.8 - 13.0,28.6,38.0
202105040305,13.2 - 12.5 - 12.5 - 12.9 - 12.6 - 12.2 - 11.1 - 11.4 - 11.7,38.2,34.2
202105040306,12.4 - 10.9 - 11.8 - 12.2 - 12.1 - 12.3 - 12.8,35.1,37.2
202105040307,12.4 - 11.6 - 12.1 - 12.0 - 11.7 - 11.2 - 11.3 - 11.8,36.1,34.3
202105040308,13.4 - 11.8 - 12.9 - 13.5 - 13.0 - 12.7 - 12.5 - 12.4 - 12.2 - 11.1 - 11.4 - 11.8,38.1,34.3
202105040309,12.1 - 11.4 - 12.3 - 12.9 - 12.5 - 12.0 - 11.9 - 12.7,35.8,36.6
202105040310,12.1 - 11.1 - 11.0 - 11.3 - 11.2 - 11.6 - 12.0,34.2,34.8
202105040311,12.5 - 11.2 - 11.6 - 12.0 - 12.1 - 11.8 - 11.0 - 11.4 - 12.0,35.3,34.4
202105040312,6.8 - 10.8 - 11.5 - 11.9 - 11.7 - 12.0 - 12.3,29.1,36.0
202105040401,12.4 - 11.1 - 12.3 - 12.9 - 12.5 - 12.0 - 12.2,35.8,36.7
202105040402,12.5 - 11.2 - 12.7 - 12.8 - 12.9 - 11.6 - 11.4 - 11.8,36.4,34.8
202105040403,13.2 - 12.3 - 12.8 - 13.2 - 13.2 - 12.9 - 11.5 - 11.5 - 11.6,38.3,34.6
202105040404,7.0 - 11.0 - 11.9 - 12.6 - 12.6 - 12.5 - 12.4,29.9,37.5
202105040405,12.6 - 11.7 - 12.5 - 12.6 - 11.5 - 11.4 - 12.2,36.8,35.1
202105040406,12.0 - 10.8 - 11.6 - 12.6 - 12.9 - 12.2 - 12.2 - 12.7,34.4,37.1
202105040407,13.1 - 11.4 - 12.4 - 12.7 - 12.6 - 12.4 - 12.9 - 12.9 - 12.7 - 11.6 - 11.9 - 12.5,36.9,36.0
202105040408,12.5 - 11.6 - 12.4 - 12.4 - 12.1 - 11.7 - 11.8 - 12.1,36.5,35.6
202105040410,12.3 - 10.9 - 11.7 - 11.9 - 12.0 - 11.8 - 12.5,34.9,36.3
202105040411,12.6 - 11.8 - 11.4 - 11.4 - 12.1 - 12.2 - 12.6 - 11.4 - 11.8 - 12.7,35.8,35.9
202105040412,12.5 - 11.1 - 12.2 - 12.3 - 12.3 - 11.3 - 11.3 - 12.2,35.8,34.8
202105040501,12.2 - 11.2 - 12.2 - 13.1 - 13.1 - 12.5 - 12.1 - 12.5,35.6,37.1
202105040502,12.4 - 11.0 - 12.1 - 12.8 - 12.4 - 12.0 - 12.7,35.5,37.1
202105040503,12.4 - 11.3 - 11.9 - 12.5 - 12.3 - 11.4 - 11.5 - 12.3,35.6,35.2
202105040504,12.4 - 11.4 - 12.0 - 12.0 - 11.2 - 11.5 - 12.2,35.8,34.9
202105040505,13.2 - 11.6 - 12.2 - 12.5 - 13.3 - 13.1 - 12.7 - 11.6 - 11.2 - 11.8,37.0,34.6
202105040506,12.4 - 11.0 - 11.7 - 12.3 - 12.8 - 12.5 - 11.9 - 12.5,35.1,36.9
202105040507,7.2 - 11.4 - 11.8 - 12.1 - 12.7 - 13.1 - 12.9 - 12.7 - 12.4 - 12.7 - 13.4,30.4,38.5
202105040508,12.3 - 11.5 - 12.2 - 12.3 - 11.2 - 11.4 - 11.9,36.0,34.5
202105040509,13.0 - 11.0 - 11.9 - 12.8 - 12.9 - 13.2 - 11.5 - 11.2 - 11.8,35.9,34.5
202105040510,7.1 - 11.1 - 12.0 - 12.1 - 11.9 - 12.1 - 12.4 - 12.8 - 12.8 - 12.8 - 13.0,30.2,38.6
202105040511,12.0 - 11.2 - 12.1 - 11.7 - 11.7 - 11.3 - 11.5 - 11.7,35.3,34.5
202105040512,12.4 - 11.0 - 12.0 - 12.2 - 12.1 - 12.2 - 12.4,35.4,36.7
202105040601,12.4 - 11.2 - 11.8 - 13.0 - 13.1 - 12.6 - 12.3 - 12.5,35.4,37.4
202105040602,12.4 - 11.4 - 11.6 - 11.9 - 11.4 - 11.6 - 12.2,35.4,35.2
202105040603,13.2 - 11.9 - 11.9 - 12.3 - 13.0 - 12.6 - 12.7 - 11.6 - 11.6 - 11.8,37.0,35.0
202105040604,12.7 - 11.6 - 12.5 - 12.6 - 12.3 - 12.3 - 12.6 - 13.3,36.8,38.2
202105040605,12.7 - 11.5 - 12.4 - 12.6 - 12.7 - 11.5 - 11.7 - 11.6,36.6,34.8
202105040606,12.2 - 11.3 - 11.7 - 12.0 - 11.4 - 11.3 - 12.0,35.2,34.7
202105040607,13.0 - 11.8 - 12.0 - 12.4 - 12.3 - 12.1 - 11.4 - 11.5 - 11.8,36.8,34.7
202105040608,12.6 - 11.0 - 12.1 - 12.1 - 12.3 - 12.4 - 12.6,35.7,37.3
202105040609,12.5 - 10.6 - 10.6 - 11.2 - 12.2 - 12.5 - 13.1 - 12.3 - 11.7 - 12.3,33.7,36.3
202105040610,12.8 - 11.6 - 11.7 - 11.9 - 12.2 - 11.9 - 11.8 - 11.4 - 12.1 - 12.3,36.1,35.8
202105040611,7.0 - 11.2 - 12.0 - 12.4 - 12.4 - 12.4 - 12.6 - 12.2 - 12.2 - 12.3 - 12.7,30.2,37.2
202105040612,12.2 - 11.1 - 12.3 - 12.7 - 12.6 - 12.0 - 12.0 - 12.2,35.6,36.2
202105040701,12.4 - 11.2 - 12.5 - 12.6 - 12.8 - 12.5 - 12.3 - 13.0,36.1,37.8
202105040702,6.9 - 11.4 - 12.2 - 12.7 - 12.1 - 11.8 - 12.6,30.5,36.5
202105040703,12.9 - 11.7 - 12.1 - 12.4 - 12.2 - 12.0 - 11.3 - 11.1 - 11.9,36.7,34.3
202105040704,12.6 - 11.4 - 12.2 - 12.1 - 11.1 - 11.3 - 11.9,36.2,34.3
202105040705,12.6 - 11.3 - 11.7 - 12.1 - 12.3 - 11.4 - 11.2 - 11.9,35.6,34.5
202105040706,12.4 - 11.2 - 12.5 - 12.6 - 12.5 - 12.2 - 12.6,36.1,37.3
202105040707,12.5 - 11.3 - 11.9 - 12.5 - 12.6 - 12.2 - 12.4 - 12.8,35.7,37.4
202105040708,13.2 - 11.9 - 11.9 - 12.1 - 12.3 - 12.4 - 12.3 - 11.2 - 11.1 - 11.6,37.0,33.9
202105040709,7.1 - 11.5 - 12.5 - 12.1 - 12.1 - 12.9 - 12.9 - 12.7 - 12.4 - 12.4 - 12.5,31.1,37.3
202105040710,12.2 - 11.3 - 11.5 - 11.3 - 11.8 - 11.1 - 11.5 - 12.0,35.0,34.6
202105040711,12.3 - 11.0 - 11.9 - 12.0 - 12.0 - 11.6 - 11.5 - 11.7,35.2,34.8
202105040712,12.4 - 11.3 - 12.0 - 12.5 - 12.2 - 12.2 - 12.8,35.7,37.2
202105040801,12.6 - 11.3 - 12.1 - 12.7 - 12.5 - 12.4 - 13.3,36.0,38.2
202105040802,12.6 - 11.8 - 12.4 - 12.5 - 12.4 - 11.3 - 11.2 - 11.9,36.8,34.4
202105040803,13.0 - 11.9 - 12.2 - 12.7 - 13.0 - 13.0 - 12.6 - 11.6 - 11.3 - 11.7,37.1,34.6
202105040804,12.5 - 11.1 - 11.8 - 13.5 - 13.7 - 12.6 - 12.0 - 12.7,35.4,37.3
202105040805,13.3 - 12.3 - 13.4 - 13.5 - 13.1 - 13.1 - 11.8 - 11.2 - 11.5,39.0,34.5
202105040806,12.5 - 10.9 - 11.5 - 11.8 - 11.8 - 11.3 - 11.6 - 12.0,34.9,34.9
202105040807,12.4 - 11.3 - 11.8 - 12.7 - 12.8 - 12.2 - 11.9 - 12.8,35.5,36.9
202105040808,13.1 - 11.2 - 12.1 - 13.2 - 12.8 - 12.7 - 12.2 - 11.7 - 12.0 - 11.3 - 11.6 - 11.8,36.4,34.7
202105040809,12.4 - 11.2 - 11.8 - 11.8 - 11.8 - 11.3 - 11.3 - 11.9,35.4,34.5
202105040810,6.9 - 10.7 - 11.3 - 12.0 - 11.9 - 11.8 - 12.6,28.9,36.3
202105040811,12.8 - 11.5 - 11.9 - 12.0 - 12.3 - 12.0 - 11.8 - 11.1 - 11.1 - 11.4,36.2,33.6
202105040812,12.4 - 10.9 - 11.9 - 12.1 - 12.3 - 11.7 - 12.6,35.2,36.6
202105050101,7.0 - 11.1 - 11.6 - 12.2 - 12.2 - 12.3 - 12.7,29.7,37.2
202105050102,12.4 - 11.0 - 11.7 - 12.0 - 12.4 - 11.5 - 11.6 - 11.9,35.1,35.0
202105050103,12.7 - 11.5 - 12.2 - 12.8 - 12.1 - 12.0 - 12.3,36.4,36.4
202105050104,12.8 - 11.2 - 11.8 - 12.6 - 13.0 - 12.3 - 11.8 - 11.3 - 11.9,35.8,35.0
202105050105,13.6 - 12.8 - 12.0 - 12.5 - 13.0 - 12.7 - 12.3 - 11.5 - 11.3 - 11.5,38.4,34.3
202105050106,7.3 - 11.5 - 12.0 - 12.6 - 12.4 - 11.9 - 12.7,30.8,37.0
202105050107,12.4 - 10.9 - 12.3 - 12.9 - 12.9 - 12.1 - 12.3 - 12.8,35.6,37.2
202105050108,6.9 - 11.5 - 12.8 - 12.9 - 12.6 - 12.4 - 12.4 - 12.2 - 12.3 - 13.4 - 13.3,31.2,39.0
202105050109,12.3 - 10.8 - 11.2 - 11.3 - 11.4 - 11.8 - 12.0,34.3,35.2
202105050110,12.8 - 11.4 - 11.8 - 11.9 - 12.0 - 12.0 - 11.1 - 11.4 - 11.7,36.0,34.2
202105050111,12.5 - 10.9 - 11.7 - 12.1 - 11.0 - 11.3 - 11.8,35.1,34.1
202105050112,12.4 - 11.2 - 12.3 - 12.9 - 12.6 - 11.8 - 11.9 - 12.1,35.9,35.8
202105050201,12.6 - 11.0 - 12.0 - 13.1 - 13.1 - 12.5 - 12.3 - 12.4,35.6,37.2
202105050202,12.7 - 11.8 - 12.1 - 12.6 - 11.6 - 11.3 - 11.7,36.6,34.6
202105050203,13.2 - 12.4 - 12.1 - 12.6 - 12.9 - 12.6 - 12.5 - 11.4 - 11.4 - 11.7,37.7,34.5
202105050204,12.7 - 12.1 - 12.5 - 13.0 - 12.9 - 12.1 - 12.2 - 12.9,37.3,37.2
202105050205,12.8 - 11.5 - 12.2 - 12.7 - 12.9 - 12.5 - 11.5 - 11.2 - 11.6,36.5,34.3
202105050206,13.0 - 11.8 - 13.0 - 12.2 - 11.3 - 11.3 - 11.7,37.8,34.3
202105050207,12.5 - 11.0 - 11.8 - 12.4 - 12.2 - 12.3 - 13.1,35.3,37.6
202105050208,13.3 - 11.5 - 11.7 - 12.0 - 12.2 - 12.0 - 12.0 - 11.2 - 11.3 - 12.0,36.5,34.5
202105050209,13.2 - 12.1 - 12.5 - 12.8 - 12.9 - 12.6 - 12.8 - 11.2 - 11.0 - 11.6,37.8,33.8
202105050210,12.5 - 11.0 - 11.4 - 11.9 - 12.5 - 12.5 - 11.8 - 12.3,34.9,36.6
202105050211,7.2 - 11.6 - 12.1 - 13.4 - 12.9 - 12.4 - 12.4 - 12.4 - 12.1 - 11.8 - 11.1 - 11.1 - 11.9,30.9,34.1
202105050212,7.1 - 10.9 - 11.4 - 12.1 - 12.0 - 12.1 - 12.7,29.4,36.8
202105050301,12.4 - 11.2 - 12.3 - 13.0 - 13.1 - 12.3 - 12.3 - 12.9,35.9,37.5
202105050302,12.4 - 11.2 - 11.4 - 11.9 - 11.5 - 11.9 - 12.1,35.0,35.5
202105050303,12.4 - 11.3 - 12.1 - 12.7 - 12.3 - 12.0 - 13.1,35.8,37.4
202105050304,12.9 - 11.6 - 11.9 - 12.0 - 12.2 - 12.2 - 11.2 - 11.4 - 12.4,36.4,35.0
202105050305,12.7 - 11.7 - 12.6 - 12.8 - 12.7 - 12.1 - 12.3 - 12.4,37.0,36.8
202105050306,12.8 - 11.4 - 12.6 - 12.9 - 13.0 - 11.3 - 11.2 - 12.0,36.8,34.5
202105050307,12.5 - 10.7 - 11.6 - 12.2 - 11.8 - 12.2 - 11.4 - 11.5 - 12.0,34.8,34.9
202105050308,12.4 - 11.5 - 11.7 - 11.7 - 11.7 - 11.0 - 11.0 - 12.3,35.6,34.3
202105050309,12.1 - 11.0 - 11.9 - 11.9 - 12.0 - 12.0 - 12.5,35.0,36.5
202105050310,12.7 - 11.4 - 11.3 - 11.8 - 10.9 - 11.4 - 11.9,35.4,34.2
202105050311,12.2 - 10.6 - 11.6 - 12.1 - 12.0 - 11.9 - 11.7 - 12.9,34.4,36.5
202105050312,12.5 - 11.3 - 11.9 - 12.1 - 11.9 - 12.4 - 12.4,35.7,36.7
202105050401,12.3 - 11.2 - 11.9 - 12.1 - 12.6 - 12.5 - 12.6 - 13.4,35.4,38.5
202105050402,12.7 - 11.5 - 11.9 - 11.8 - 12.0 - 11.5 - 12.1 - 12.3,36.1,35.9
202105050403,12.9 - 11.5 - 12.4 - 12.7 - 12.7 - 12.6 - 12.6 - 11.3 - 11.6 - 11.7,36.8,34.6
202105050404,12.2 - 10.9 - 12.0 - 12.4 - 12.4 - 12.2 - 12.6 - 12.6,35.1,37.4
202105050405,13.2 - 12.2 - 13.1 - 13.1 - 12.8 - 12.4 - 11.3 - 11.4 - 12.0,38.5,34.7
202105050406,13.2 - 12.8 - 13.0 - 12.8 - 12.8 - 11.6 - 11.3 - 11.6,39.0,34.5
202105050407,7.0 - 10.8 - 11.6 - 12.3 - 11.9 - 12.4 - 12.5,29.4,36.8
202105050408,12.9 - 11.6 - 11.9 - 12.1 - 11.8 - 11.6 - 11.3 - 11.6 - 12.2,36.4,35.1
202105050409,12.4 - 11.5 - 12.0 - 12.2 - 11.7 - 11.8 - 12.8,35.9,36.3
202105050410,13.4 - 12.0 - 12.1 - 12.2 - 11.9 - 11.8 - 10.9 - 11.4 - 11.7,37.5,34.0
202105050411,12.3 - 10.8 - 11.1 - 11.4 - 11.0 - 11.8 - 12.3,34.2,35.1
202105050412,12.5 - 11.0 - 11.5 - 12.2 - 12.3 - 11.9 - 12.8 - 13.1,35.0,37.8
202105050501,7.1 - 11.1 - 11.6 - 12.4 - 12.2 - 12.0 - 12.8,29.8,37.0
202105050502,13.0 - 11.6 - 12.0 - 11.9 - 11.7 - 11.5 - 11.5 - 11.1 - 12.3 - 12.6,36.6,36.0
202105050503,12.7 - 11.4 - 12.1 - 12.8 - 12.8 - 12.3 - 12.3 - 12.8,36.2,37.4
202105050504,12.7 - 11.7 - 12.0 - 12.4 - 12.4 - 12.4 - 12.9,36.4,37.7
202105050505,13.0 - 11.8 - 12.4 - 12.9 - 12.7 - 11.5 - 11.0 - 11.4,37.2,33.9
202105050506,12.0 - 11.1 - 11.6 - 11.8 - 11.0 - 11.6 - 12.5,34.7,35.1
202105050507,12.3 - 10.8 - 11.3 - 12.1 - 12.4 - 12.9 - 13.1,34.4,38.4
202105050509,7.2 - 11.1 - 12.8 - 11.9 - 11.9 - 12.5 - 12.3 - 12.1 - 12.1 - 13.3 - 13.2,31.1,38.6
202105050510,12.5 - 11.2 - 12.0 - 11.8 - 11.5 - 10.9 - 11.3 - 11.8,35.7,34.0
202105050511,12.8 - 11.4 - 12.0 - 12.4 - 11.7 - 11.6 - 11.0 - 11.9 - 11.4,36.2,34.3
202105050512,12.7 - 11.3 - 12.2 - 12.6 - 12.4 - 11.2 - 11.2 - 11.5,36.2,33.9
202105050601,12.5 - 11.3 - 12.0 - 12.4 - 12.2 - 12.5 - 13.8,35.8,38.5
202105050602,12.7 - 11.3 - 12.2 - 12.6 - 12.8 - 11.7 - 11.4 - 11.8,36.2,34.9
202105050603,12.9 - 11.6 - 12.4 - 12.9 - 12.7 - 13.3 - 12.0 - 11.2 - 11.5,36.9,34.7
202105050604,12.9 - 11.8 - 12.6 - 12.8 - 11.4 - 11.3 - 11.5,37.3,34.2
202105050605,12.6 - 11.5 - 12.2 - 12.8 - 13.0 - 12.5 - 12.5 - 13.3,36.3,38.3
202105050606,13.2 - 12.0 - 11.9 - 12.4 - 12.9 - 12.8 - 12.2 - 11.2 - 11.2 - 11.5,37.1,33.9
202105050607,12.5 - 11.2 - 11.8 - 12.2 - 12.7 - 12.3 - 12.8 - 12.9,35.5,38.0
202105050608,6.9 - 11.2 - 12.7 - 13.3 - 12.8 - 12.6 - 12.8 - 12.5 - 12.3 - 12.2 - 12.5,30.8,37.0
202105050609,12.5 - 11.5 - 11.9 - 11.9 - 11.9 - 11.0 - 11.4 - 11.7,35.9,34.1
202105050610,13.2 - 11.3 - 12.4 - 12.6 - 12.5 - 12.5 - 12.1 - 11.9 - 12.0 - 11.6 - 11.6 - 12.3,36.9,35.5
202105050611,12.5 - 11.2 - 11.9 - 12.0 - 11.9 - 12.0 - 12.2,35.6,36.1
202105050612,12.2 - 11.5 - 11.6 - 11.8 - 11.2 - 11.6 - 11.9,35.3,34.7
202105050701,12.4 - 11.1 - 11.7 - 12.3 - 12.4 - 12.4 - 13.0 - 13.7,35.2,39.1
202105050702,12.7 - 11.1 - 12.2 - 12.7 - 11.6 - 11.4 - 12.1,36.0,35.1
202105050703,12.8 - 11.0 - 12.1 - 12.6 - 12.6 - 12.6 - 11.8 - 11.3 - 11.6,35.9,34.7
202105050705,12.8 - 11.5 - 12.0 - 12.4 - 12.4 - 11.6 - 11.8 - 12.0,36.3,35.4
202105050706,12.8 - 11.2 - 12.0 - 12.4 - 13.2 - 12.9 - 12.4 - 12.7,36.0,38.0
202105050707,13.2 - 11.9 - 12.4 - 12.5 - 12.4 - 12.3 - 12.5 - 12.5 - 11.8 - 10.9 - 11.7 - 12.2,37.5,34.8
202105050708,12.4 - 11.5 - 12.6 - 12.6 - 11.8 - 11.8 - 12.4,36.5,36.0
202105050709,12.3 - 10.8 - 11.8 - 12.6 - 13.2 - 12.2 - 12.4 - 12.7,34.9,37.3
202105050710,12.4 - 10.9 - 11.6 - 12.3 - 12.5 - 12.2 - 12.5,34.9,37.2
202105050711,12.4 - 10.7 - 11.3 - 11.8 - 12.1 - 11.2 - 11.7 - 11.8,34.4,34.7
202105050712,12.3 - 10.9 - 11.3 - 11.9 - 12.5 - 12.0 - 11.5 - 11.9,34.5,35.4
202105050801,12.4 - 11.2 - 11.9 - 12.7 - 12.5 - 12.0 - 12.2,35.5,36.7
202105050802,12.5 - 10.8 - 11.6 - 11.9 - 12.3 - 11.5 - 11.8 - 12.0,34.9,35.3
202105050803,12.6 - 11.0 - 11.5 - 12.0 - 12.7 - 12.8 - 12.9 - 13.2,35.1,38.9
202105050804,12.6 - 11.3 - 11.5 - 11.6 - 12.2 - 11.9 - 11.6 - 11.0 - 12.0 - 12.8,35.4,35.8
202105050805,12.4 - 10.8 - 11.5 - 12.6 - 12.9 - 12.3 - 12.2 - 12.7,34.7,37.2
202105050806,13.5 - 11.6 - 12.2 - 12.3 - 12.1 - 11.6 - 10.7 - 11.3 - 11.9,37.3,33.9
202105050807,12.4 - 11.4 - 12.0 - 12.0 - 12.1 - 12.6 - 12.6,35.8,37.3
202105050808,12.5 - 11.3 - 11.9 - 12.2 - 12.2 - 11.1 - 11.4 - 12.1,35.7,34.6
202105050809,12.5 - 11.0 - 11.4 - 11.8 - 12.2 - 12.1 - 12.0 - 11.9 - 11.3 - 12.2,34.9,35.4
202105050810,12.3 - 10.7 - 11.3 - 12.9 - 12.8 - 12.5 - 12.0 - 12.5,34.3,37.0
202105050811,12.7 - 11.5 - 11.7 - 11.8 - 12.2 - 12.3 - 11.9 - 11.0 - 11.3 - 12.0,35.9,34.3
202105050812,12.7 - 11.5 - 12.8 - 12.6 - 12.6 - 12.3 - 11.6 - 11.6 - 11.7 - 11.6 - 11.5 - 12.2,37.0,35.3
202106010101,11.8 - 11.0 - 11.6 - 12.4 - 12.5 - 13.2,34.4,38.1
202106010102,12.8 - 12.0 - 12.9 - 13.4 - 13.1 - 13.0 - 13.0 - 13.0 - 13.3,37.7,39.3
202106010103,13.0 - 12.8 - 14.0 - 14.2 - 13.3 - 13.2 - 12.8 - 12.0 - 12.3,39.8,37.1
202106010104,12.8 - 12.3 - 13.2 - 13.5 - 11.8 - 12.1 - 12.5 - 12.2 - 13.4,38.3,38.1
202106010105,12.8 - 11.6 - 13.1 - 12.0 - 12.4 - 12.3 - 12.3 - 12.1 - 11.5 - 11.9,37.5,35.5
202106010106,12.6 - 11.3 - 12.0 - 11.4 - 12.2 - 12.3 - 12.5 - 12.5 - 12.2 - 12.3,35.9,37.0
202106010107,12.7 - 11.6 - 12.7 - 12.8 - 12.0 - 12.3 - 12.6 - 12.6 - 14.1,37.0,39.3
202106010108,12.2 - 10.8 - 12.1 - 12.2 - 11.8 - 12.7,35.1,36.7
202106010109,12.8 - 12.2 - 13.3 - 13.4 - 12.4 - 12.3 - 12.6 - 12.3 - 13.0,38.3,37.9
202106010110,12.7 - 11.1 - 11.4 - 12.6 - 12.7 - 12.3 - 11.3 - 11.9,35.2,35.5
202106010111,12.5 - 11.4 - 13.1 - 12.4 - 12.6 - 12.1 - 11.8 - 11.5 - 11.3 - 12.2,37.0,35.0
202106010112,12.4 - 13.1 - 12.8 - 13.2 - 12.5 - 12.3 - 11.3 - 11.3 - 12.1,38.3,34.7
202106010201,12.0 - 11.0 - 12.2 - 13.1 - 12.7 - 12.5,35.2,38.3
202106010202,12.8 - 11.7 - 12.9 - 13.8 - 13.3 - 13.1 - 13.3 - 12.8 - 12.8,37.4,38.9
202106010203,12.3 - 11.0 - 12.2 - 13.0 - 12.4 - 12.3,35.5,37.7
202106010204,12.7 - 11.8 - 12.7 - 12.8 - 13.1 - 13.2 - 13.0 - 12.4 - 13.2,37.2,38.6
202106010205,12.3 - 11.3 - 12.2 - 12.0 - 12.0 - 11.9 - 11.8 - 12.1,35.8,35.8
202106010206,12.7 - 11.7 - 13.2 - 12.5 - 12.9 - 12.1 - 12.3 - 11.8 - 11.4 - 12.1,37.6,35.3
202106010207,12.1 - 10.8 - 11.3 - 12.6 - 12.4 - 12.8,34.2,37.8
202106010209,12.6 - 11.4 - 12.4 - 13.2 - 12.8 - 12.7 - 13.0 - 12.9 - 13.3,36.4,39.2
202106010210,12.1 - 10.9 - 11.7 - 12.2 - 12.0 - 12.5,34.7,36.7
202106010211,12.4 - 11.4 - 11.4 - 11.5 - 11.7 - 11.8 - 11.2 - 11.8,35.2,34.8
202106010212,12.4 - 11.8 - 12.8 - 12.8 - 13.0 - 12.6 - 12.6 - 12.2 - 11.8 - 11.4 - 11.8,37.0,35.0
202106010301,12.1 - 10.8 - 11.5 - 12.6 - 13.1 - 13.2,34.4,38.9
202106010302,12.9 - 12.2 - 13.2 - 13.4 - 13.0 - 13.1 - 13.2 - 13.3 - 13.6,38.3,40.1
202106010303,12.5 - 12.1 - 13.0 - 13.4 - 13.1 - 13.3 - 12.9 - 13.2 - 13.8,37.6,39.9
202106010305,12.5 - 11.9 - 13.7 - 12.9 - 13.2 - 12.7 - 12.0 - 12.4 - 12.0 - 11.5 - 12.1,38.1,35.6
202106010306,13.0 - 11.6 - 13.5 - 13.0 - 13.3 - 12.7 - 12.6 - 12.0 - 11.2 - 11.9,38.1,35.1
202106010307,12.0 - 10.8 - 11.8 - 12.3 - 12.3 - 13.3,34.6,37.9
202106010308,13.5 - 12.8 - 13.6 - 13.8 - 14.1 - 14.4 - 13.6 - 12.4 - 12.3 - 12.9 - 12.9 - 13.8,39.9,39.6
202106010309,11.9 - 10.3 - 11.1 - 11.6 - 11.5 - 12.8,33.3,35.9
202106010310,12.5 - 11.2 - 11.2 - 11.4 - 11.5 - 11.6 - 11.1 - 12.4,34.9,35.1
202106010311,12.7 - 11.9 - 13.1 - 13.5 - 12.7 - 12.5 - 12.4 - 12.2 - 13.0,37.7,37.6
202106010312,12.6 - 11.7 - 11.5 - 11.5 - 11.5 - 11.4 - 11.4 - 12.6,35.8,35.4
202106010401,11.9 - 11.0 - 12.0 - 12.7 - 12.5 - 13.1,34.9,38.3
202106010402,12.6 - 11.7 - 12.6 - 12.9 - 13.3 - 13.0 - 13.5 - 13.7 - 14.0,36.9,41.2
202106010403,12.9 - 11.9 - 13.0 - 13.1 - 13.0 - 13.3 - 12.6 - 12.8 - 14.2,37.8,39.6
202106010404,12.2 - 11.2 - 12.4 - 13.1 - 12.6 - 13.1,35.8,38.8
202106010405,12.2 - 11.4 - 11.9 - 12.1 - 12.2 - 12.2 - 11.4 - 11.8,35.5,35.4
202106010406,13.4 - 13.8 - 15.0 - 14.9 - 14.0 - 12.8 - 12.6 - 12.4 - 13.0,42.2,38.0
202106010407,12.8 - 11.8 - 12.5 - 12.8 - 12.8 - 12.8 - 12.7 - 12.6 - 13.8,37.1,39.1
202106010408,11.8 - 10.8 - 11.5 - 12.2 - 12.5 - 13.2,34.1,37.9
202106010409,13.0 - 11.9 - 12.5 - 13.0 - 13.9 - 14.5 - 14.1 - 12.3 - 12.5 - 13.0 - 12.9 - 13.9,37.4,39.8
202106010410,12.7 - 12.4 - 13.7 - 13.4 - 13.4 - 12.4 - 11.6 - 12.0 - 11.6 - 11.5 - 12.0,38.8,35.1
202106010411,12.4 - 11.6 - 11.8 - 11.0 - 11.9 - 12.0 - 11.9 - 11.8,35.8,35.7
202106010412,12.7 - 11.8 - 13.7 - 11.8 - 12.8 - 12.5 - 12.3 - 11.9 - 11.5 - 12.4,38.2,35.8
202106010501,12.1 - 11.0 - 12.1 - 12.2 - 12.8 - 13.4,35.2,38.4
202106010502,12.5 - 11.7 - 13.3 - 13.9 - 12.9 - 12.5 - 12.8 - 12.8 - 13.2,37.5,38.8
202106010503,12.0 - 11.2 - 12.3 - 12.6 - 12.7 - 12.8,35.5,38.1
202106010504,13.2 - 13.1 - 13.8 - 13.9 - 13.3 - 13.1 - 12.9 - 12.3 - 12.6,40.1,37.8
202106010505,12.4 - 10.9 - 12.6 - 12.1 - 12.4 - 12.3 - 12.2 - 12.0 - 11.9 - 13.1,35.9,37.0
202106010506,12.9 - 11.6 - 11.9 - 12.2 - 12.0 - 12.1 - 11.7 - 12.0,36.4,35.8
202106010507,12.2 - 11.4 - 11.7 - 11.9 - 12.1 - 12.8,35.3,36.8
202106010508,12.5 - 11.4 - 12.2 - 13.2 - 13.2 - 13.3 - 13.3 - 13.0 - 13.0,36.1,39.3
202106010509,12.7 - 12.0 - 12.2 - 12.2 - 12.2 - 12.0 - 11.3 - 11.5,36.9,34.8
202106010510,11.9 - 10.6 - 11.3 - 12.1 - 12.3 - 13.2,33.8,37.6
202106010511,11.8 - 10.9 - 11.8 - 11.9 - 11.0 - 11.8,34.5,34.7
202106010512,12.6 - 12.1 - 11.7 - 12.1 - 11.6 - 11.8 - 12.1 - 11.9 - 12.4,36.4,36.4
202106010601,11.8 - 10.8 - 11.8 - 12.5 - 12.6 - 13.3,34.4,38.4
202106010602,12.8 - 12.3 - 14.3 - 13.6 - 12.5 - 12.3 - 12.7 - 13.2 - 13.9,39.4,39.8
202106010603,12.8 - 12.2 - 13.5 - 13.8 - 13.2 - 12.6 - 12.7 - 12.7 - 13.8,38.5,39.2
202106010604,13.0 - 12.4 - 13.6 - 13.7 - 13.4 - 13.1 - 13.2 - 13.2 - 13.6,39.0,40.0
202106010605,12.8 - 11.5 - 12.1 - 12.4 - 12.7 - 12.0 - 11.3 - 11.6,36.4,34.9
202106010606,12.0 - 10.8 - 11.5 - 12.3 - 12.6 - 13.1,34.3,38.0
202106010607,12.5 - 11.5 - 12.1 - 12.2 - 12.2 - 12.1 - 11.4 - 11.9,36.1,35.4
202106010608,12.5 - 11.8 - 13.2 - 13.4 - 12.9 - 12.5 - 12.6 - 12.7 - 13.4,37.5,38.7
202106010609,12.1 - 11.0 - 11.3 - 11.5 - 11.3 - 11.9,34.4,34.7
202106010610,11.7 - 10.4 - 10.8 - 11.6 - 12.3 - 12.8,32.9,36.7
202106010611,12.6 - 10.9 - 14.0 - 13.3 - 12.9 - 12.3 - 11.9 - 11.9 - 11.3 - 12.0,37.5,35.2
202106010612,12.0 - 10.5 - 11.1 - 11.6 - 11.5 - 12.5,33.6,35.6
202106010701,11.8 - 10.6 - 11.7 - 12.4 - 12.5 - 13.2,34.1,38.1
202106010702,12.9 - 12.1 - 12.8 - 12.8 - 12.4 - 12.8 - 13.2 - 13.8 - 14.4,37.8,41.4
202106010703,12.3 - 11.3 - 12.1 - 12.6 - 12.8 - 13.2,35.7,38.6
202106010704,12.2 - 10.9 - 11.8 - 13.1 - 13.1 - 13.4,34.9,39.6
202106010705,12.3 - 10.8 - 11.4 - 11.7 - 12.3 - 12.6 - 12.1 - 13.0,34.5,37.7
202106010706,13.0 - 12.9 - 14.0 - 14.1 - 13.6 - 13.1 - 13.0 - 12.8 - 13.5,39.9,39.3
202106010707,11.7 - 10.6 - 11.3 - 12.0 - 12.1 - 13.8,33.6,37.9
202106010708,12.9 - 12.2 - 13.7 - 13.6 - 12.7 - 12.1 - 12.5 - 12.6 - 13.4,38.8,38.5
202106010709,13.5 - 12.4 - 13.3 - 12.6 - 13.0 - 12.4 - 12.5 - 12.1 - 11.8 - 12.6,39.2,36.5
202106010710,13.0 - 12.4 - 13.1 - 13.1 - 12.4 - 12.2 - 12.5 - 12.9 - 13.4,38.5,38.8
202106010711,12.4 - 12.3 - 11.3 - 11.9 - 11.6 - 12.0 - 12.7 - 12.7 - 13.7,36.0,39.1
202106010712,12.6 - 12.1 - 13.7 - 13.6 - 13.1 - 12.6 - 12.4 - 12.3 - 12.8 - 12.3 - 12.8,38.4,37.9
202106010801,12.0 - 10.6 - 11.6 - 12.4 - 12.3 - 13.3,34.2,38.0
202106010802,12.8 - 11.8 - 13.0 - 12.8 - 12.6 - 12.6 - 13.2 - 13.1 - 13.2,37.6,39.5
202106010803,12.8 - 11.8 - 13.2 - 13.5 - 12.4 - 12.2 - 12.5 - 12.9 - 13.3,37.8,38.7
202106010804,12.2 - 11.1 - 11.4 - 12.1 - 12.3 - 12.8,34.7,37.2
202106010805,12.7 - 12.2 - 13.6 - 13.6 - 13.6 - 13.2 - 12.7 - 12.3 - 12.5 - 12.3 - 13.1,38.5,37.9
202106010806,13.1 - 12.3 - 14.2 - 12.8 - 13.4 - 12.8 - 12.8 - 12.6 - 12.1 - 12.7,39.6,37.4
202106010807,12.9 - 12.0 - 13.0 - 13.1 - 12.5 - 12.4 - 12.5 - 12.1 - 13.1,37.9,37.7
202106010808,11.9 - 10.4 - 11.4 - 12.1 - 12.2 - 12.8,33.7,37.1
202106010809,12.7 - 13.2 - 12.3 - 13.0 - 12.6 - 12.6 - 12.1 - 11.9 - 13.1,38.2,37.1
202106010810,12.8 - 11.7 - 11.9 - 12.1 - 12.1 - 12.2 - 12.5 - 12.5 - 13.3,36.4,38.3
202106010811,12.4 - 12.2 - 13.4 - 12.6 - 12.7 - 12.6 - 12.1 - 12.0 - 12.4 - 12.2 - 13.3,38.0,37.9
202106010812,12.6 - 11.9 - 11.3 - 12.0 - 12.1 - 12.5 - 11.8 - 13.1,35.8,37.4
202106020101,11.9 - 10.5 - 11.2 - 12.2 - 13.0 - 14.1,33.6,39.3
202106020102,13.2 - 12.8 - 13.8 - 13.7 - 12.7 - 12.3 - 12.7 - 13.1 - 13.6,39.8,39.4
202106020103,12.1 - 10.6 - 11.4 - 12.3 - 12.8 - 13.7,34.1,38.8
202106020104,13.0 - 12.1 - 13.0 - 12.9 - 12.3 - 12.6 - 12.9 - 13.5 - 14.7,38.1,41.1
202106020105,13.0 - 12.3 - 12.7 - 12.6 - 12.2 - 12.2 - 11.7 - 11.2 - 11.9,38.0,34.8
202106020106,12.8 - 11.7 - 12.4 - 12.4 - 12.3 - 11.7 - 11.6 - 11.8 - 12.2 - 12.5,36.9,36.5
202106020107,13.2 - 12.1 - 12.3 - 12.6 - 12.3 - 12.7 - 12.9 - 12.5 - 13.8,37.6,39.2
202106020108,12.9 - 12.2 - 12.9 - 12.8 - 12.4 - 12.1 - 12.5 - 13.3 - 13.8,38.0,39.6
202106020109,13.1 - 11.9 - 13.4 - 13.3 - 13.3 - 13.2 - 11.7 - 12.3 - 11.8 - 11.2 - 11.5,38.4,34.5
202106020110,13.3 - 12.3 - 12.1 - 12.3 - 12.3 - 12.3 - 11.5 - 11.2 - 11.7,37.7,34.4
202106020111,12.4 - 11.0 - 10.9 - 11.2 - 11.5 - 11.5 - 11.4 - 11.9,34.3,34.8
202106020112,12.0 - 10.5 - 11.3 - 12.0 - 12.3 - 13.6,33.8,37.9
202106020201,12.7 - 11.7 - 13.4 - 13.2 - 12.9 - 13.0 - 12.9 - 13.1 - 13.9,37.8,39.9
202106020202,12.0 - 11.3 - 12.0 - 12.2 - 12.3 - 13.1,35.3,37.6
202106020203,12.9 - 12.0 - 13.1 - 13.2 - 12.9 - 12.8 - 13.1 - 12.9 - 12.5,38.0,38.5
202106020204,12.3 - 11.2 - 11.8 - 12.5 - 12.6 - 13.0,35.3,38.1
202106020205,12.6 - 11.2 - 11.8 - 12.1 - 12.3 - 12.0 - 11.6 - 11.6,35.6,35.2
202106020206,12.7 - 11.3 - 11.5 - 11.5 - 11.9 - 11.7 - 11.2 - 11.6,35.5,34.5
202106020207,12.7 - 11.8 - 12.7 - 13.1 - 12.5 - 12.9 - 13.0 - 12.6 - 13.8,37.2,39.4
202106020208,12.1 - 11.0 - 11.8 - 12.5 - 12.5 - 12.9,34.9,37.9
202106020209,13.0 - 12.0 - 12.2 - 12.6 - 12.3 - 12.3 - 11.7 - 10.9 - 11.6,37.2,34.2
202106020210,12.0 - 10.5 - 11.4 - 12.2 - 12.7 - 12.3,33.9,37.2
202106020211,12.5 - 11.2 - 11.2 - 11.4 - 11.5 - 11.8 - 11.7 - 11.5 - 12.1,34.9,35.3
202106020212,12.7 - 11.4 - 12.3 - 12.8 - 13.0 - 13.2 - 13.4 - 13.0 - 12.8,36.4,39.2
202106020301,13.0 - 11.8 - 13.1 - 13.4 - 12.9 - 12.6 - 13.0 - 13.1 - 13.8,37.9,39.9
202106020302,12.2 - 10.4 - 11.7 - 12.3 - 12.7 - 13.7,34.3,38.7
202106020303,12.6 - 11.7 - 13.4 - 13.6 - 12.6 - 12.4 - 13.0 - 13.0 - 13.7,37.7,39.7
202106020304,11.8 - 10.6 - 11.5 - 12.0 - 12.4 - 13.1,33.9,37.5
202106020305,12.7 - 11.8 - 12.1 - 12.3 - 12.1 - 11.8 - 11.5 - 11.8,36.6,35.1
202106020306,13.1 - 11.7 - 12.1 - 12.2 - 11.9 - 11.8 - 12.2 - 12.1 - 12.5,36.9,36.8
202106020307,12.0 - 10.8 - 11.1 - 12.1 - 12.4 - 13.2,33.9,37.7
202106020308,12.4 - 11.2 - 11.7 - 11.6 - 11.7 - 11.7 - 11.8 - 12.6,35.3,36.1
202106020309,7.0 - 11.6 - 11.9 - 12.3 - 12.8 - 12.9 - 12.9 - 12.5 - 12.1 - 12.0 - 11.8 - 12.1 - 12.6,30.5,36.5
202106020310,12.9 - 11.8 - 12.3 - 12.5 - 11.9 - 12.1 - 12.6 - 13.0 - 13.7,37.0,39.3
202106020311,11.9 - 10.7 - 11.1 - 11.4 - 11.2 - 12.1,33.7,34.7
202106020312,12.8 - 12.1 - 13.2 - 13.3 - 12.8 - 11.8 - 12.0 - 12.3 - 13.1,38.1,37.4
202106020401,12.1 - 10.7 - 11.7 - 12.3 - 12.7 - 13.5,34.5,38.5
202106020402,13.0 - 11.7 - 12.9 - 13.6 - 13.3 - 12.8 - 13.0 - 12.8 - 13.7,37.6,39.5
202106020403,12.0 - 10.9 - 11.5 - 12.4 - 12.2 - 13.2,34.4,37.8
202106020404,12.9 - 12.0 - 13.5 - 14.3 - 12.8 - 12.6 - 12.6 - 13.0 - 13.4,38.4,39.0
202106020405,13.0 - 11.9 - 12.9 - 13.6 - 13.7 - 13.5 - 12.2 - 12.0 - 11.6 - 11.8 - 12.5,37.8,35.9
202106020406,12.8 - 11.8 - 11.8 - 12.1 - 11.8 - 11.6 - 11.5 - 12.4,36.4,35.5
202106020407,13.0 - 11.6 - 12.8 - 12.9 - 13.0 - 12.9 - 13.0 - 13.1 - 13.4,37.4,39.5
202106020408,12.4 - 10.9 - 11.6 - 11.8 - 11.9 - 11.9 - 12.1 - 12.6,34.9,36.6
202106020409,12.9 - 12.1 - 12.9 - 13.2 - 12.9 - 12.6 - 12.3 - 12.1 - 11.6 - 11.2 - 11.9,37.9,34.7
202106020410,12.7 - 11.7 - 12.9 - 13.4 - 12.3 - 12.1 - 12.4 - 12.4 - 13.6,37.3,38.4
202106020411,12.7 - 11.6 - 12.4 - 13.0 - 12.9 - 12.6 - 12.3 - 11.6 - 11.0 - 11.9,36.7,34.5
202106020412,12.0 - 10.5 - 11.3 - 11.9 - 12.4 - 13.4,33.8,37.7
202106020501,12.9 - 11.8 - 12.6 - 12.9 - 12.4 - 12.7 - 12.8 - 12.2 - 13.3,37.3,38.3
202106020502,12.0 - 10.8 - 11.4 - 12.0 - 11.9 - 12.4,34.2,36.3
202106020503,12.9 - 11.6 - 12.4 - 13.0 - 12.1 - 12.6 - 12.5 - 12.8 - 13.2,36.9,38.5
202106020504,12.0 - 10.5 - 11.3 - 11.9 - 12.0 - 13.2,33.8,37.1
202106020505,12.9 - 11.8 - 12.3 - 13.3 - 12.8 - 12.4 - 12.5 - 12.6 - 12.6,37.0,37.7
202106020506,13.0 - 11.9 - 13.0 - 13.2 - 12.6 - 12.3 - 12.5 - 12.3 - 13.2,37.9,38.0
202106020507,12.9 - 11.8 - 12.8 - 13.4 - 13.3 - 12.8 - 13.0 - 12.4 - 12.8 - 13.0,37.5,38.2
202106020508,11.8 - 10.3 - 11.2 - 12.1 - 12.5 - 13.5,33.3,38.1
202106020509,12.8 - 11.9 - 12.1 - 12.4 - 12.2 - 12.1 - 12.2 - 12.6 - 13.5,36.8,38.3
202106020510,12.1 - 11.1 - 11.5 - 12.1 - 12.3 - 13.6,34.7,38.0
202106020511,13.1 - 12.1 - 12.5 - 12.5 - 12.4 - 12.3 - 12.7 - 12.8 - 14.4,37.7,39.9
202106020512,12.0 - 10.8 - 11.8 - 12.5 - 12.6 - 13.6,34.6,38.7
202106020601,12.6 - 11.8 - 12.2 - 13.3 - 12.6 - 12.4 - 12.7 - 12.7 - 13.0,36.6,38.4
202106020602,11.9 - 11.0 - 11.3 - 12.3 - 12.5 - 12.8,34.2,37.6
202106020603,12.5 - 11.6 - 12.8 - 13.2 - 12.8 - 12.6 - 12.5 - 12.9 - 13.1,36.9,38.5
202106020605,12.5 - 11.8 - 12.9 - 13.3 - 12.9 - 12.1 - 12.2 - 12.5 - 12.1 - 12.9,37.2,37.5
202106020606,12.7 - 11.8 - 12.8 - 13.0 - 12.4 - 12.3 - 12.5 - 13.0 - 13.3,37.3,38.8
202106020607,12.3 - 11.2 - 11.6 - 12.0 - 11.9 - 12.5,35.1,36.4
202106020608,12.9 - 11.9 - 13.0 - 13.4 - 13.9 - 13.5 - 13.1 - 12.1 - 12.1 - 12.7 - 13.3 - 14.2,37.8,40.2
202106020609,13.4 - 12.5 - 12.7 - 12.0 - 11.4 - 11.6 - 12.2 - 12.2 - 13.6,38.6,38.0
202106020610,12.3 - 11.0 - 11.3 - 11.5 - 11.7 - 12.1 - 11.8 - 12.7,34.6,36.6
202106020611,12.0 - 10.7 - 11.2 - 11.7 - 12.0 - 12.2 - 12.2 - 12.8,33.9,37.2
202106020612,11.8 - 10.5 - 11.3 - 12.0 - 12.4 - 13.7,33.6,38.1
202106020701,12.3 - 11.1 - 12.0 - 12.3 - 12.2 - 12.7,35.4,37.2
202106020702,13.0 - 11.8 - 13.4 - 13.4 - 13.0 - 12.7 - 12.7 - 12.4 - 13.0,38.2,38.1
202106020703,12.1 - 10.8 - 11.5 - 12.5 - 12.5 - 12.7,34.4,37.7
202106020704,12.7 - 11.4 - 12.5 - 12.5 - 12.6 - 11.9 - 11.9 - 11.9 - 11.9 - 12.7,36.6,36.5
202106020705,12.7 - 11.7 - 11.8 - 12.2 - 12.4 - 12.0 - 11.4 - 11.9,36.2,35.3
202106020706,12.7 - 11.8 - 12.2 - 12.1 - 11.9 - 11.7 - 11.2 - 11.9,36.7,34.8
202106020707,12.8 - 11.6 - 12.7 - 13.0 - 12.5 - 12.6 - 12.8 - 13.0 - 13.4,37.1,39.2
202106020709,13.0 - 11.7 - 12.5 - 12.4 - 12.4 - 11.9 - 11.8 - 11.8 - 11.6 - 12.1,37.2,35.5
202106020710,12.6 - 11.6 - 12.7 - 12.6 - 12.0 - 12.3 - 12.8 - 12.9 - 13.7,36.9,39.4
202106020711,12.6 - 12.2 - 12.6 - 12.3 - 12.1 - 11.6 - 11.8 - 11.8 - 12.2,37.4,35.8
202106020712,11.9 - 10.9 - 11.5 - 12.1 - 11.9 - 12.6,34.3,36.6
202106020801,12.5 - 11.4 - 12.8 - 13.0 - 12.6 - 13.3 - 13.8 - 13.3 - 13.4,36.7,40.5
202106020802,12.1 - 11.4 - 12.2 - 12.1 - 12.1 - 13.1,35.7,37.3
202106020803,12.5 - 11.5 - 12.4 - 12.8 - 12.9 - 13.1 - 13.3 - 13.2 - 14.5,36.4,41.0
202106020804,12.0 - 11.1 - 11.9 - 12.4 - 12.1 - 12.8,35.0,37.3
202106020805,12.8 - 11.5 - 12.8 - 13.1 - 12.8 - 13.1 - 13.0 - 12.4 - 12.4 - 12.2 - 12.7,37.1,37.3
202106020806,12.9 - 11.3 - 12.1 - 12.6 - 12.5 - 12.2 - 12.8 - 12.9 - 12.4 - 12.6,36.3,37.9
202106020807,12.2 - 11.2 - 11.5 - 12.4 - 12.5 - 12.6,34.9,37.5
202106020808,12.3 - 11.2 - 11.5 - 12.0 - 12.7 - 12.6 - 12.2 - 12.5,35.0,37.3
202106020809,12.5 - 11.6 - 12.4 - 12.3 - 12.1 - 12.6 - 12.7 - 12.2 - 12.7,36.5,37.6
202106020810,11.9 - 10.5 - 11.4 - 12.3 - 12.2 - 12.7,33.8,37.2
202106020811,12.8 - 11.7 - 12.7 - 13.0 - 12.3 - 12.5 - 12.4 - 12.1 - 12.5,37.2,37.0
202106020812,13.7 - 12.7 - 12.8 - 12.9 - 13.5 - 13.7 - 13.6 - 13.1 - 13.0 - 12.4 - 11.9 - 13.0,39.2,37.3
202106030101,12.7 - 11.8 - 13.5 - 14.0 - 13.4 - 12.8 - 12.8 - 12.5 - 13.3,38.0,38.6
202106030102,12.2 - 11.0 - 11.9 - 11.8 - 12.2 - 13.1,35.1,37.1
202106030103,12.6 - 11.5 - 12.6 - 13.1 - 12.3 - 12.9 - 13.2 - 13.4 - 13.0,36.7,39.6
202106030104,12.5 - 11.4 - 12.1 - 12.5 - 12.2 - 12.0 - 11.2 - 12.3,36.0,35.5
202106030105,12.0 - 11.0 - 11.8 - 11.9 - 11.2 - 12.2,34.8,35.3
202106030106,12.7 - 12.1 - 11.5 - 12.0 - 12.0 - 12.3 - 12.4 - 11.9 - 12.3,36.3,36.6
202106030107,12.6 - 11.9 - 12.7 - 13.3 - 13.1 - 13.4 - 12.6 - 12.0 - 13.1,37.2,37.7
202106030108,12.2 - 11.1 - 12.1 - 12.5 - 11.9 - 12.9,35.4,37.3
202106030109,11.9 - 10.9 - 11.6 - 12.1 - 11.9 - 12.8,34.4,36.8
202106030110,12.3 - 11.6 - 12.5 - 12.6 - 12.5 - 12.7 - 12.7 - 12.3 - 12.9,36.4,37.9
202106030111,7.1 - 11.6 - 12.3 - 13.0 - 12.5 - 12.8 - 12.8 - 12.5 - 11.7 - 12.1 - 11.8 - 11.3 - 11.8,31.0,34.9
202106030112,12.1 - 10.6 - 11.0 - 11.4 - 11.6 - 12.3,33.7,35.3
202106030201,12.4 - 11.4 - 12.0 - 12.2 - 12.1 - 12.3,35.8,36.6
202106030202,12.6 - 11.6 - 12.7 - 13.0 - 12.8 - 13.0 - 13.0 - 12.6 - 12.8,36.9,38.4
202106030203,12.2 - 10.9 - 12.2 - 12.6 - 12.3 - 13.1,35.3,38.0
202106030205,12.6 - 11.5 - 12.4 - 12.1 - 11.9 - 12.8 - 12.8 - 12.7 - 12.9,36.5,38.4
202106030206,11.9 - 10.7 - 11.6 - 12.2 - 12.2 - 12.9,34.2,37.3
202106030207,12.6 - 11.7 - 12.7 - 12.9 - 12.5 - 12.7 - 13.1 - 12.4 - 12.8,37.0,38.3
202106030208,12.8 - 12.3 - 12.4 - 12.2 - 12.1 - 12.5 - 12.5 - 12.0 - 12.4,37.5,36.9
202106030209,12.3 - 10.4 - 11.6 - 12.8 - 13.6 - 13.2 - 13.0 - 12.7 - 11.8 - 12.0,34.3,36.5
202106030210,12.8 - 12.1 - 12.1 - 12.0 - 11.9 - 11.7 - 11.4 - 12.3,37.0,35.4
202106030211,12.2 - 11.4 - 12.3 - 12.1 - 11.7 - 12.3 - 13.3 - 13.1 - 12.6,35.9,39.0
202106030212,12.4 - 12.0 - 13.4 - 13.4 - 12.4 - 12.3 - 12.6 - 12.1 - 12.5,37.8,37.2
202106030301,13.0 - 12.6 - 14.1 - 13.0 - 12.5 - 12.9 - 12.9 - 12.2 - 12.5,39.7,37.6
202106030302,11.9 - 10.6 - 11.5 - 12.5 - 12.6 - 12.9,34.0,38.0
202106030303,13.1 - 12.6 - 13.5 - 13.7 - 12.8 - 12.6 - 12.5 - 12.5 - 12.7,39.2,37.7
202106030304,12.2 - 10.5 - 11.3 - 12.3 - 12.4 - 13.2,34.0,37.9
202106030305,12.4 - 11.0 - 11.7 - 12.0 - 12.9 - 12.6 - 12.6 - 12.2 - 12.0 - 11.8,35.1,36.0
202106030306,12.4 - 11.5 - 12.8 - 13.4 - 12.7 - 13.0 - 13.4 - 13.0 - 13.4,36.7,39.8
202106030307,12.6 - 11.5 - 11.3 - 12.2 - 12.0 - 11.5 - 11.6 - 12.1,35.4,35.2
202106030308,13.1 - 12.2 - 13.2 - 13.0 - 12.3 - 13.5 - 13.4 - 12.7 - 13.2 - 13.2 - 12.8 - 13.7,38.5,39.7
202106030309,7.4 - 12.5 - 11.9 - 12.8 - 12.9 - 13.3 - 13.0 - 13.1 - 12.4 - 12.0 - 11.5 - 11.4 - 11.9,31.8,34.8
202106030310,11.8 - 10.8 - 11.3 - 12.1 - 12.0 - 12.8,33.9,36.9
202106030311,12.3 - 11.0 - 11.0 - 11.3 - 11.5 - 11.8 - 11.8 - 11.9,34.3,35.5
202106030312,12.0 - 10.8 - 11.9 - 12.2 - 11.9 - 12.9,34.7,37.0
202106030401,12.2 - 11.5 - 12.2 - 12.4 - 12.1 - 12.7,35.9,37.2
202106030402,12.4 - 11.7 - 12.8 - 13.5 - 13.6 - 13.3 - 12.8 - 12.1 - 12.9,36.9,37.8
202106030403,12.4 - 11.2 - 12.0 - 12.4 - 12.3 - 12.9,35.6,37.6
202106030405,12.3 - 10.8 - 12.0 - 13.0 - 13.3 - 12.9 - 12.8 - 12.8 - 12.0 - 11.5 - 11.6,35.1,35.1
202106030406,12.2 - 11.3 - 12.5 - 13.2 - 12.9 - 13.1 - 12.9 - 12.7 - 13.4,36.0,39.0
202106030407,12.7 - 12.1 - 12.2 - 12.3 - 12.1 - 11.6 - 11.2 - 11.5,37.0,34.3
202106030408,12.5 - 12.7 - 13.6 - 14.1 - 12.3 - 12.6 - 12.5 - 12.4 - 12.9,38.8,37.8
202106030409,12.4 - 11.2 - 12.0 - 12.8 - 12.9 - 13.0 - 12.9 - 12.3 - 12.1 - 11.6 - 11.6,35.6,35.3
202106030410,12.6 - 11.9 - 12.3 - 12.2 - 12.1 - 11.6 - 11.2 - 12.0,36.8,34.8
202106030411,12.4 - 11.4 - 12.4 - 12.2 - 12.6 - 12.4 - 12.1 - 11.5 - 11.5 - 12.2,36.2,35.2
202106030412,12.3 - 11.9 - 12.6 - 12.8 - 12.6 - 12.7 - 12.4 - 12.3 - 13.2,36.8,37.9
202106030501,12.2 - 10.7 - 11.4 - 12.1 - 12.1 - 12.9,34.3,37.1
202106030502,13.0 - 12.1 - 12.9 - 13.0 - 12.6 - 12.8 - 12.7 - 12.2 - 13.0,38.0,37.9
202106030503,12.1 - 10.7 - 11.7 - 12.4 - 12.2 - 13.3,34.5,37.9
202106030504,12.9 - 12.5 - 13.8 - 13.4 - 12.8 - 12.3 - 12.3 - 12.6 - 13.1,39.2,38.0
202106030505,12.4 - 11.2 - 12.8 - 12.9 - 12.3 - 11.9 - 12.0 - 12.1 - 12.0 - 12.2,36.4,36.3
202106030506,12.7 - 11.5 - 12.6 - 12.8 - 12.4 - 12.5 - 13.0 - 13.0 - 14.4,36.8,40.4
202106030507,12.1 - 10.5 - 11.2 - 11.9 - 12.4 - 13.3,33.8,37.6
202106030508,13.6 - 12.9 - 13.5 - 12.9 - 12.5 - 12.5 - 12.4 - 12.1 - 12.7,40.0,37.2
202106030509,12.7 - 11.3 - 12.6 - 12.3 - 12.1 - 11.4 - 12.1 - 12.0 - 11.8 - 12.6,36.6,36.4
202106030510,12.0 - 10.4 - 11.1 - 11.2 - 11.3 - 12.4,33.5,34.9
202106030511,12.4 - 11.3 - 11.3 - 11.7 - 11.8 - 11.7 - 11.2 - 11.7,35.0,34.6
202106030512,12.0 - 10.7 - 11.6 - 12.4 - 12.0 - 12.6,34.3,37.0
202106030602,12.5 - 11.5 - 12.9 - 12.6 - 12.6 - 12.2 - 12.1 - 11.8 - 12.1 - 12.4,36.9,36.3
202106030603,12.5 - 11.6 - 12.8 - 13.9 - 12.5 - 12.4 - 12.5 - 13.0 - 13.5,36.9,39.0
202106030605,12.5 - 11.1 - 11.4 - 11.8 - 12.1 - 12.2 - 12.2 - 12.0,35.0,36.4
202106030606,12.6 - 12.0 - 13.6 - 14.0 - 13.1 - 12.9 - 12.3 - 12.2 - 12.4,38.2,36.9
202106030607,12.9 - 12.6 - 12.5 - 12.4 - 12.1 - 12.4 - 11.8 - 11.3 - 11.6,38.0,34.7
202106030608,12.3 - 11.2 - 12.4 - 12.6 - 12.5 - 12.7 - 13.1 - 13.1 - 13.7,35.9,39.9
202106030609,12.1 - 11.3 - 11.3 - 11.1 - 11.3 - 11.5,34.7,33.9
202106030610,13.0 - 12.1 - 12.5 - 13.1 - 13.5 - 13.9 - 13.7 - 12.3 - 12.1 - 12.2 - 12.4 - 14.0,37.6,38.6
202106030611,11.8 - 10.5 - 10.9 - 11.1 - 11.4 - 11.6,33.2,34.1
202106030612,11.8 - 11.1 - 11.7 - 12.2 - 11.8 - 12.8,34.6,36.8
202106030701,12.1 - 10.9 - 11.4 - 12.0 - 12.2 - 13.3,34.4,37.5
202106030702,12.6 - 11.2 - 12.2 - 13.1 - 13.4 - 13.3 - 13.0 - 13.0 - 13.6,36.0,39.6
202106030703,12.0 - 10.6 - 11.7 - 12.3 - 12.5 - 13.7,34.3,38.5
202106030705,12.8 - 11.7 - 11.8 - 12.0 - 11.9 - 11.7 - 11.6 - 11.8,36.3,35.1
202106030706,12.0 - 10.3 - 11.1 - 11.7 - 12.1 - 11.6,33.4,35.4
202106030707,12.6 - 11.8 - 12.4 - 12.8 - 13.2 - 12.4 - 11.7 - 12.0 - 11.8 - 11.7 - 11.8,36.8,35.3
202106030708,12.0 - 10.8 - 11.7 - 11.9 - 11.8 - 13.3,34.5,37.0
202106030709,12.4 - 11.2 - 12.1 - 12.2 - 12.5 - 12.3 - 11.9 - 11.9 - 12.1 - 12.4,35.7,36.4
202106030710,12.3 - 11.6 - 12.4 - 12.8 - 12.4 - 12.5 - 12.3 - 12.2 - 13.3,36.3,37.8
202106030712,12.2 - 12.0 - 12.9 - 13.0 - 12.5 - 12.2 - 12.2 - 12.2 - 13.2,37.1,37.6
202106030801,12.4 - 11.1 - 12.2 - 13.2 - 12.8 - 13.0 - 13.2 - 12.7 - 12.6,35.7,38.5
202106030802,12.2 - 10.7 - 11.6 - 12.1 - 12.1 - 12.8,34.5,37.0
202106030803,12.5 - 11.6 - 12.7 - 12.6 - 12.3 - 12.6 - 12.8 - 12.4 - 12.8,36.8,38.0
202106030804,12.3 - 10.8 - 12.1 - 12.6 - 13.0 - 12.5 - 12.6 - 12.3 - 12.0 - 12.1 - 12.9,35.2,37.0
202106030805,12.7 - 11.7 - 12.9 - 13.8 - 12.2 - 12.6 - 12.6 - 11.9 - 12.3,37.3,36.8
202106030806,12.1 - 10.3 - 11.0 - 12.2 - 12.2 - 12.7,33.4,37.1
202106030807,12.7 - 12.0 - 13.1 - 13.3 - 12.6 - 12.5 - 12.3 - 12.0 - 12.6,37.8,36.9
202106030808,12.8 - 11.2 - 11.2 - 11.7 - 12.0 - 11.9 - 11.8 - 12.3,35.2,36.0
202106030809,12.3 - 11.4 - 12.7 - 12.5 - 12.8 - 12.2 - 12.3 - 11.9 - 12.0 - 12.2,36.4,36.1
202106030810,11.8 - 10.6 - 11.2 - 11.7 - 11.4 - 12.5,33.6,35.6
202106030811,12.1 - 11.7 - 12.5 - 11.9 - 12.1 - 11.4 - 11.9 - 12.1 - 12.3 - 12.6,36.3,37.0
202106030812,7.2 - 11.4 - 11.2 - 11.8 - 12.5 - 13.5 - 12.8 - 13.0 - 12.5 - 12.7 - 12.0 - 12.4 - 12.4,29.8,36.8
202106040102,12.2 - 11.5 - 11.5 - 11.8 - 12.0 - 11.8 - 11.6 - 12.2,35.2,35.6
202106040103,12.4 - 11.2 - 12.7 - 12.9 - 12.7 - 12.9 - 13.2 - 13.0 - 13.9,36.3,40.1
202106040104,12.4 - 11.1 - 11.2 - 12.1 - 12.5 - 13.3,34.7,37.9
202106040105,12.9 - 11.7 - 13.4 - 12.9 - 13.3 - 12.7 - 12.8 - 12.2 - 11.2 - 11.1,38.0,34.5
202106040106,11.7 - 10.7 - 11.4 - 12.2 - 12.3 - 12.8,33.8,37.3
202106040107,12.5 - 12.0 - 11.8 - 12.2 - 11.8 - 12.0 - 11.7 - 11.2 - 11.4,36.3,34.3
202106040108,12.3 - 11.4 - 12.5 - 12.8 - 12.4 - 12.6 - 12.9 - 13.4 - 13.3,36.2,39.6
202106040109,12.8 - 12.0 - 12.8 - 12.8 - 12.1 - 11.4 - 11.2 - 11.1,37.6,33.7
202106040110,11.9 - 11.1 - 11.3 - 11.3 - 11.1 - 11.2,34.3,33.6
202106040111,12.2 - 11.1 - 12.0 - 11.9 - 12.5 - 11.9 - 11.8 - 11.8 - 11.4 - 11.6,35.3,34.8
202106040112,12.0 - 10.5 - 11.4 - 12.1 - 12.4 - 13.0,33.9,37.5
202106040201,11.7 - 10.7 - 11.3 - 11.9 - 12.6 - 13.1,33.7,37.6
202106040202,13.0 - 12.0 - 12.7 - 12.6 - 13.0 - 12.1 - 12.1 - 11.8 - 11.8 - 12.0,37.7,35.6
202106040203,12.8 - 12.4 - 13.9 - 13.6 - 13.0 - 12.7 - 12.9 - 12.7 - 12.3,39.1,37.9
202106040204,11.9 - 10.6 - 11.2 - 11.8 - 12.2 - 13.1,33.7,37.1
202106040205,12.6 - 11.4 - 11.9 - 12.0 - 12.2 - 11.8 - 11.6 - 12.0,35.9,35.4
202106040206,12.4 - 11.6 - 12.7 - 13.6 - 13.0 - 12.0 - 11.8 - 12.6 - 13.3,36.7,37.7
202106040207,12.2 - 11.0 - 11.7 - 12.2 - 12.0 - 11.6 - 11.5 - 11.8,34.9,34.9
202106040208,12.6 - 12.2 - 11.5 - 11.9 - 11.9 - 12.7 - 12.1 - 11.5 - 11.5,36.3,35.1
202106040209,12.9 - 11.4 - 12.4 - 12.7 - 12.4 - 12.5 - 12.9 - 13.1 - 13.6,36.7,39.6
202106040210,12.1 - 10.3 - 10.9 - 11.2 - 11.2 - 11.7,33.3,34.1
202106040211,12.3 - 11.2 - 11.1 - 11.0 - 11.2 - 11.4 - 11.4 - 12.4,34.6,35.2
202106040212,11.7 - 10.4 - 11.3 - 12.4 - 12.4 - 12.8,33.4,37.6
202106040301,12.0 - 10.8 - 11.4 - 12.1 - 12.5 - 13.1,34.2,37.7
202106040302,12.5 - 11.4 - 12.4 - 13.1 - 12.1 - 12.2 - 12.6 - 12.6 - 13.3,36.3,38.5
202106040303,12.2 - 10.7 - 11.2 - 11.6 - 11.8 - 12.4,34.1,35.8
202106040304,12.8 - 11.7 - 12.6 - 13.3 - 13.2 - 13.2 - 12.9 - 13.0 - 13.1,37.1,39.0
202106040305,13.0 - 13.4 - 13.6 - 13.5 - 12.9 - 12.4 - 11.9 - 11.5 - 11.3,40.0,34.7
202106040306,11.7 - 10.6 - 11.1 - 11.7 - 12.2 - 13.5,33.4,37.4
202106040307,7.0 - 11.5 - 12.3 - 12.2 - 12.0 - 13.0 - 12.9 - 13.2 - 12.0 - 12.0 - 12.1 - 12.0 - 11.9,30.8,36.0
202106040308,12.2 - 11.5 - 12.2 - 12.6 - 12.3 - 12.4 - 12.6 - 12.5 - 12.9,35.9,38.0
202106040309,13.3 - 11.8 - 12.5 - 12.4 - 13.1 - 13.8 - 14.0 - 11.9 - 11.9 - 12.1 - 11.8 - 12.6,37.6,36.5
202106040310,12.7 - 12.0 - 12.2 - 11.9 - 12.1 - 11.9 - 11.2 - 11.2,36.9,34.3
202106040311,11.7 - 10.3 - 11.2 - 11.9 - 11.8 - 12.5,33.2,36.2
202106040312,12.4 - 10.8 - 12.3 - 12.0 - 12.2 - 12.6 - 12.3 - 12.2 - 11.8 - 11.9,35.5,35.9
202106040401,11.7 - 10.4 - 10.9 - 11.7 - 12.9 - 14.0,33.0,38.6
202106040402,12.7 - 11.3 - 13.2 - 13.5 - 12.6 - 11.7 - 12.2 - 11.7 - 11.6 - 12.3,37.2,35.6
202106040403,12.9 - 12.4 - 13.0 - 13.0 - 12.1 - 12.0 - 12.1 - 13.3 - 13.9,38.3,39.3
202106040404,12.3 - 10.6 - 11.2 - 11.5 - 11.7 - 12.0,34.1,35.2
202106040405,12.5 - 11.3 - 11.9 - 12.0 - 12.1 - 11.7 - 11.8 - 12.0,35.7,35.5
202106040406,11.8 - 10.2 - 10.9 - 11.8 - 12.6 - 13.3,32.9,37.7
202106040407,12.8 - 12.5 - 12.1 - 12.5 - 11.8 - 11.8 - 11.4 - 11.2 - 12.0,37.4,34.6
202106040408,12.6 - 11.3 - 12.1 - 12.5 - 13.6 - 14.0 - 13.6 - 12.2 - 12.1 - 12.2 - 12.6 - 13.3,36.0,38.1
202106040409,11.8 - 10.5 - 11.1 - 11.6 - 12.0 - 13.0,33.4,36.6
202106040410,12.7 - 12.3 - 11.7 - 12.0 - 11.5 - 11.6 - 11.5 - 11.6 - 12.0,36.7,35.1
202106040411,12.3 - 11.6 - 12.3 - 12.5 - 11.9 - 11.9 - 11.9 - 12.5 - 13.8,36.2,38.2
202106040412,12.1 - 10.3 - 11.0 - 11.1 - 11.4 - 12.4,33.4,34.9
202106040502,12.4 - 11.0 - 11.6 - 12.0 - 12.4 - 12.1 - 12.0 - 11.9,35.0,36.0
202106040503,11.8 - 10.5 - 11.5 - 12.3 - 12.5 - 13.3,33.8,38.1
202106040504,13.1 - 12.7 - 12.8 - 12.8 - 11.3 - 11.6 - 11.5 - 11.4 - 11.9,38.6,34.8
202106040505,13.0 - 11.8 - 12.5 - 12.1 - 12.3 - 11.8 - 11.5 - 11.5,37.3,34.8
202106040506,12.8 - 11.7 - 12.7 - 12.4 - 12.4 - 12.1 - 12.4 - 11.9 - 11.8 - 12.6,37.2,36.3
202106040507,12.9 - 12.1 - 13.4 - 13.3 - 12.5 - 12.2 - 12.6 - 12.6 - 13.6,38.4,38.8
202106040508,11.9 - 10.6 - 11.0 - 11.7 - 12.5 - 13.3,33.5,37.5
202106040509,12.6 - 11.9 - 13.3 - 13.1 - 12.3 - 12.1 - 12.4 - 12.7 - 13.7,37.8,38.8
202106040510,12.7 - 11.8 - 13.1 - 12.4 - 12.6 - 11.9 - 12.1 - 11.6 - 11.5 - 11.7,37.6,34.8
202106040511,12.3 - 11.8 - 12.2 - 12.2 - 12.0 - 12.2 - 12.2 - 12.0 - 11.5 - 11.7 - 12.2,36.3,35.4
202106040512,11.7 - 10.6 - 11.3 - 12.0 - 12.5 - 13.0,33.6,37.5
202106040601,12.0 - 10.8 - 11.4 - 11.9 - 12.3 - 13.6,34.2,37.8
202106040602,12.4 - 11.0 - 11.8 - 11.3 - 11.8 - 12.0 - 11.9 - 12.0,35.2,35.9
202106040603,13.3 - 12.2 - 13.2 - 13.3 - 13.1 - 12.9 - 13.3 - 13.2 - 12.5,38.7,39.0
202106040604,11.9 - 10.7 - 11.3 - 11.3 - 11.3 - 11.5,33.9,34.1
202106040605,12.5 - 11.5 - 11.6 - 11.8 - 12.1 - 11.7 - 11.7 - 12.5,35.6,35.9
202106040606,12.5 - 11.2 - 13.1 - 12.5 - 12.7 - 11.8 - 11.8 - 11.4 - 11.5 - 12.2,36.8,35.1
202106040607,12.6 - 11.9 - 13.0 - 12.9 - 12.0 - 12.1 - 12.5 - 12.7 - 13.8,37.5,39.0
202106040609,12.2 - 10.6 - 11.2 - 11.5 - 11.4 - 11.9,34.0,34.8
202106040610,7.2 - 11.3 - 11.6 - 11.9 - 11.9 - 13.0 - 12.0 - 12.6 - 12.5 - 12.0 - 11.7 - 11.9 - 12.3,30.1,35.9
202106040611,11.6 - 10.3 - 11.2 - 11.8 - 12.0 - 13.3,33.1,37.1
202106040612,12.5 - 11.6 - 12.7 - 13.0 - 12.7 - 12.1 - 12.7 - 12.9 - 12.9,36.8,38.5
202106040701,12.6 - 11.8 - 13.6 - 13.5 - 13.0 - 12.7 - 12.9 - 13.1 - 13.6,38.0,39.6
202106040702,11.9 - 10.6 - 11.5 - 11.7 - 11.8 - 12.2,34.0,35.7
202106040703,12.4 - 13.0 - 11.7 - 12.2 - 11.8 - 12.0 - 12.2 - 11.7 - 12.1,37.1,36.0
202106040704,12.1 - 11.1 - 12.0 - 11.9 - 11.8 - 12.8,35.2,36.5
202106040705,13.1 - 11.9 - 14.1 - 13.6 - 13.6 - 11.5 - 11.9 - 11.9 - 11.5 - 11.8,39.1,35.2
202106040706,11.8 - 10.5 - 11.2 - 12.0 - 12.4 - 13.5,33.5,37.9
202106040707,12.5 - 12.0 - 12.4 - 11.5 - 11.4 - 11.6 - 11.4 - 12.1,36.9,35.1
202106040708,12.9 - 11.7 - 13.0 - 13.1 - 12.0 - 12.3 - 12.4 - 13.0 - 13.4,37.6,38.8
202106040709,12.3 - 11.2 - 11.5 - 11.4 - 11.6 - 11.6 - 11.7 - 12.0,35.0,35.3
202106040710,12.6 - 11.5 - 12.4 - 12.6 - 12.0 - 12.2 - 12.6 - 12.9 - 13.0,36.5,38.5
202106040711,12.6 - 11.1 - 12.4 - 12.2 - 12.4 - 12.1 - 12.0 - 11.8 - 11.5 - 11.7 - 12.1,36.1,35.3
202106040712,12.0 - 10.7 - 11.2 - 12.0 - 12.0 - 13.0,33.9,37.0
202106040802,11.9 - 10.7 - 11.6 - 11.5 - 11.3 - 12.1,34.2,34.9
202106040803,12.5 - 11.1 - 12.6 - 12.8 - 12.6 - 12.2 - 12.5 - 13.0 - 13.4,36.2,38.9
202106040804,12.6 - 11.0 - 12.8 - 12.1 - 12.4 - 12.1 - 12.7 - 12.1 - 11.3 - 11.5,36.4,34.9
202106040805,12.6 - 12.3 - 12.7 - 13.0 - 12.7 - 12.0 - 11.2 - 11.6,37.6,34.8
202106040806,12.0 - 11.0 - 11.7 - 12.2 - 12.0 - 12.5,34.7,36.7
202106040807,12.2 - 10.8 - 11.9 - 12.9 - 12.7 - 12.7 - 12.7 - 12.8 - 13.2,34.9,38.7
202106040808,12.1 - 11.1 - 11.7 - 11.9 - 11.9 - 12.8,34.9,36.6
202106040809,12.3 - 10.6 - 11.9 - 12.0 - 13.1 - 12.8 - 12.6 - 11.8 - 11.5 - 12.3,34.8,35.6
202106040810,12.1 - 10.8 - 11.4 - 11.4 - 11.0 - 11.7,34.3,34.1
202106040811,12.6 - 11.4 - 12.0 - 12.0 - 11.7 - 11.7 - 11.3 - 11.6,36.0,34.6
202106040812,12.0 - 10.5 - 11.5 - 12.2 - 11.8 - 12.9,34.0,36.9
202106040901,11.9 - 10.6 - 11.2 - 12.0 - 12.1 - 13.1,33.7,37.2
202106040902,12.5 - 11.2 - 12.2 - 12.5 - 12.3 - 11.8 - 11.6 - 11.8,35.9,35.2
202106040903,12.2 - 10.9 - 11.3 - 11.7 - 11.4 - 12.4,34.4,35.5
202106040904,12.4 - 11.6 - 12.6 - 13.1 - 12.2 - 12.2 - 12.8 - 12.8 - 13.4,36.6,39.0
202106040905,12.5 - 13.3 - 13.3 - 13.3 - 13.2 - 13.0 - 11.8 - 11.2 - 11.0,39.1,34.0
202106040906,12.0 - 10.9 - 12.0 - 12.3 - 11.7 - 12.1,34.9,36.1
202106040907,12.4 - 11.3 - 12.2 - 12.5 - 12.7 - 12.5 - 12.6 - 12.2 - 11.5 - 11.4 - 11.7,35.9,34.6
202106040908,12.6 - 11.1 - 12.1 - 12.5 - 12.5 - 12.8 - 13.2 - 12.6 - 13.0,35.8,38.8
202106040909,12.9 - 12.0 - 12.3 - 12.4 - 12.5 - 11.4 - 11.0 - 11.3,37.2,33.7
202106040910,12.2 - 12.5 - 11.5 - 12.3 - 11.8 - 11.8 - 11.7 - 11.4 - 11.8,36.2,34.9
202106040911,11.7 - 10.6 - 11.0 - 11.1 - 11.3 - 11.4,33.3,33.8
202106040912,11.8 - 10.9 - 11.4 - 11.9 - 11.7 - 12.7,34.1,36.3
202106050101,11.9 - 10.6 - 11.2 - 12.5 - 12.5 - 13.7,33.7,38.7
202106050102,12.6 - 11.7 - 12.9 - 13.0 - 12.4 - 12.3 - 13.2 - 13.0 - 13.9,37.2,40.1
202106050103,12.5 - 11.6 - 12.6 - 13.0 - 12.6 - 12.0 - 11.9 - 11.7 - 11.4 - 12.4,36.7,35.5
202106050104,12.8 - 11.9 - 12.9 - 13.5 - 13.1 - 12.7 - 13.1 - 12.6 - 12.7,37.6,38.4
202106050105,12.1 - 10.4 - 11.2 - 11.9 - 11.8 - 12.1,33.7,35.8
202106050106,12.8 - 12.1 - 13.2 - 13.4 - 12.4 - 12.4 - 12.4 - 12.1 - 12.6,38.1,37.1
202106050107,11.6 - 10.5 - 11.5 - 11.8 - 12.4 - 13.6,33.6,37.8
202106050109,12.5 - 11.3 - 12.3 - 12.8 - 12.7 - 11.9 - 11.5 - 11.7 - 11.4 - 12.5,36.1,35.6
202106050110,11.9 - 10.9 - 11.6 - 11.9 - 11.7 - 12.8,34.4,36.4
202106050111,13.2 - 12.3 - 14.4 - 13.3 - 12.1 - 12.8 - 12.8 - 13.1 - 12.8 - 13.4 - 13.4 - 12.9 - 12.2 - 11.9 - 11.7 - 11.6 - 11.3 - 12.4,39.9,35.3
202106050112,11.6 - 10.4 - 11.3 - 11.4 - 11.2 - 11.9,33.3,34.5
202106050201,11.8 - 10.9 - 11.8 - 12.6 - 12.6 - 12.7,34.5,37.9
202106050202,12.7 - 11.5 - 12.5 - 13.3 - 12.7 - 12.5 - 13.0 - 13.3 - 13.9,36.7,40.2
202106050203,12.5 - 11.1 - 11.8 - 11.9 - 12.0 - 11.7 - 11.4 - 12.4,35.4,35.5
202106050204,12.1 - 11.1 - 11.9 - 12.7 - 12.2 - 13.2,35.1,38.1
202106050205,12.9 - 12.1 - 13.4 - 13.5 - 13.1 - 12.6 - 12.4 - 11.8 - 11.3 - 11.9,38.4,35.0
202106050206,11.6 - 10.8 - 11.6 - 12.3 - 12.3 - 12.8,34.0,37.4
202106050207,7.2 - 11.5 - 12.8 - 13.0 - 13.1 - 13.5 - 13.7 - 13.5 - 12.4 - 12.7 - 13.1 - 13.0 - 13.1,31.5,39.2
202106050208,12.6 - 11.9 - 13.1 - 12.8 - 12.4 - 12.3 - 12.7 - 12.3 - 13.0,37.6,38.0
202106050209,11.8 - 10.5 - 11.0 - 11.1 - 11.0 - 12.0,33.3,34.1
202106050210,12.4 - 10.9 - 12.7 - 13.0 - 12.6 - 12.3 - 12.5 - 12.7 - 12.8,36.0,38.0
202106050211,11.8 - 10.6 - 11.1 - 11.3 - 11.2 - 11.9,33.5,34.4
202106050212,7.0 - 12.4 - 13.2 - 13.7 - 13.4 - 13.0 - 13.6 - 12.6 - 11.8 - 11.2 - 11.4 - 11.4 - 12.0,32.6,34.8
202106050301,11.8 - 10.7 - 11.9 - 12.4 - 12.3 - 12.9,34.4,37.6
202106050302,12.6 - 11.8 - 13.0 - 13.1 - 13.1 - 12.9 - 12.9 - 12.8 - 13.0,37.4,38.7
202106050303,12.5 - 11.8 - 12.8 - 13.3 - 12.5 - 12.4 - 12.9 - 13.1 - 13.6,37.1,39.6
202106050304,12.0 - 10.9 - 11.4 - 11.2 - 11.3 - 11.9,34.3,34.4
202106050305,13.1 - 12.3 - 12.7 - 12.9 - 12.6 - 12.0 - 11.7 - 11.3 - 12.0,38.1,35.0
202106050306,12.6 - 11.7 - 13.5 - 13.9 - 12.9 - 12.2 - 13.1 - 13.2 - 13.5,37.8,39.8
202106050307,12.5 - 11.8 - 13.1 - 12.7 - 12.3 - 12.1 - 11.8 - 11.3 - 12.0,37.4,35.1
202106050308,12.5 - 11.6 - 12.5 - 13.4 - 12.5 - 12.3 - 12.7 - 12.9 - 13.1,36.6,38.7
202106050309,12.1 - 10.7 - 11.1 - 11.4 - 11.3 - 11.9,33.9,34.6
202106050310,11.9 - 10.7 - 11.5 - 12.1 - 12.1 - 12.1,34.1,36.3
202106050311,12.4 - 11.2 - 11.9 - 12.0 - 12.0 - 12.4 - 12.5 - 13.1 - 13.5,35.5,39.1
202106050312,12.4 - 11.2 - 12.2 - 12.8 - 12.6 - 11.8 - 11.6 - 11.6 - 11.5 - 12.3,35.8,35.4
202106050401,11.9 - 10.9 - 11.5 - 12.3 - 12.4 - 13.4,34.3,38.1
202106050402,12.6 - 12.0 - 13.3 - 13.6 - 13.3 - 12.8 - 12.8 - 13.2 - 13.3,37.9,39.3
202106050403,11.9 - 10.7 - 11.5 - 12.5 - 12.5 - 13.6,34.1,38.6
202106050405,12.9 - 11.7 - 12.7 - 12.6 - 12.2 - 11.9 - 11.4 - 11.3,37.3,34.6
202106050406,12.4 - 11.2 - 12.4 - 13.1 - 12.6 - 12.2 - 12.4 - 12.0 - 11.6 - 12.1,36.0,35.7
202106050407,12.6 - 11.6 - 12.8 - 13.9 - 12.6 - 12.5 - 13.3 - 12.4 - 12.6,37.0,38.3
202106050408,12.6 - 11.9 - 12.2 - 12.0 - 11.8 - 12.1 - 12.0 - 11.5 - 11.9,36.7,35.4
202106050409,12.6 - 11.7 - 12.8 - 12.9 - 12.7 - 12.2 - 12.5 - 12.5 - 13.4,37.1,38.4
202106050410,12.8 - 12.1 - 12.7 - 12.3 - 12.0 - 11.8 - 11.5 - 11.3 - 11.9,37.6,34.7
202106050411,11.4 - 10.5 - 10.9 - 11.9 - 12.0 - 12.8,32.8,36.7
202106050412,12.4 - 11.6 - 11.8 - 11.5 - 11.6 - 11.6 - 11.5 - 12.0,35.8,35.1
202106050501,11.7 - 10.6 - 11.6 - 12.5 - 12.4 - 13.1,33.9,38.0
202106050502,12.5 - 11.8 - 12.7 - 13.6 - 12.8 - 12.4 - 13.1 - 13.8 - 13.5,37.0,40.4
202106050503,11.7 - 10.8 - 11.3 - 12.4 - 12.3 - 12.9,33.8,37.6
202106050504,12.6 - 12.2 - 13.1 - 13.2 - 12.7 - 12.6 - 12.8 - 12.3 - 12.3,37.9,37.4
202106050505,12.7 - 11.8 - 13.3 - 13.9 - 13.0 - 12.5 - 12.7 - 12.1 - 11.4 - 11.9,37.8,35.4
202106050506,12.9 - 12.1 - 12.8 - 12.6 - 12.5 - 12.7 - 12.5 - 12.3 - 13.2,37.8,38.0
202106050507,12.6 - 11.4 - 11.8 - 12.3 - 12.2 - 12.0 - 12.0 - 12.2 - 12.2 - 13.0,35.8,37.4
202106050508,11.8 - 10.5 - 11.0 - 11.9 - 12.3 - 13.5,33.3,37.7
202106050509,12.4 - 11.0 - 11.4 - 11.9 - 12.4 - 12.4 - 11.5 - 12.1,34.8,36.0
202106050510,13.2 - 12.2 - 13.0 - 12.5 - 13.6 - 13.6 - 12.9 - 12.7 - 12.1 - 12.6 - 12.5 - 13.4,38.4,38.5
202106050511,12.1 - 11.2 - 11.0 - 11.1 - 11.4 - 11.8 - 11.7 - 12.5,34.3,36.0
202106050512,13.0 - 11.9 - 12.8 - 12.6 - 11.6 - 11.8 - 12.2 - 11.4 - 12.1,37.7,35.7
202106050601,11.8 - 10.9 - 11.5 - 12.0 - 12.1 - 13.2,34.2,37.3
202106050602,12.6 - 11.5 - 13.0 - 13.3 - 12.7 - 12.3 - 12.5 - 12.9 - 14.2,37.1,39.6
202106050603,12.6 - 11.6 - 12.7 - 12.3 - 12.3 - 12.3 - 11.6 - 11.4 - 12.5,36.9,35.5
202106050605,12.7 - 12.2 - 11.9 - 12.2 - 12.4 - 12.1 - 11.5 - 11.8,36.8,35.4
202106050606,12.5 - 10.7 - 11.6 - 12.7 - 12.4 - 12.8,34.8,37.9
202106050607,12.2 - 11.7 - 11.7 - 11.7 - 12.1 - 11.9 - 11.4 - 12.4,35.6,35.7
202106050608,12.6 - 11.5 - 12.7 - 12.8 - 12.3 - 12.3 - 12.7 - 12.6 - 12.9,36.8,38.2
202106050609,11.8 - 10.6 - 11.5 - 12.2 - 12.0 - 13.2,33.9,37.4
202106050610,12.7 - 11.7 - 12.6 - 13.1 - 11.9 - 11.6 - 12.2 - 12.4 - 12.9,37.0,37.5
202106050611,12.8 - 11.7 - 12.2 - 12.0 - 11.9 - 11.9 - 11.7 - 11.4 - 12.1,36.7,35.2
202106050612,7.0 - 11.5 - 11.9 - 12.5 - 12.7 - 13.1 - 12.7 - 12.2 - 12.1 - 12.3 - 12.3 - 11.6 - 12.2,30.4,36.1
202106050701,11.8 - 10.9 - 11.4 - 12.0 - 12.4 - 14.1,34.1,38.5
202106050702,12.7 - 12.6 - 13.7 - 13.5 - 12.7 - 12.5 - 12.5 - 12.4 - 13.0,39.0,37.9
202106050703,12.3 - 11.5 - 12.1 - 12.3 - 12.6 - 12.4 - 11.6 - 12.1,35.9,36.1
202106050704,12.9 - 11.8 - 13.2 - 13.7 - 12.3 - 12.4 - 13.1 - 13.1 - 13.0,37.9,39.2
202106050705,12.8 - 11.9 - 12.8 - 12.7 - 12.4 - 12.4 - 12.1 - 11.6 - 11.9,37.5,35.6
202106050706,12.9 - 12.2 - 12.9 - 13.2 - 12.8 - 12.7 - 12.6 - 11.9 - 13.1,38.0,37.6
202106050707,11.6 - 10.5 - 10.8 - 11.7 - 12.3 - 14.1,32.9,38.1
202106050708,11.8 - 10.7 - 11.2 - 12.0 - 12.1 - 13.3,33.7,37.4
202106050709,12.1 - 10.4 - 11.3 - 11.6 - 11.5 - 12.4,33.8,35.5
202106050711,7.1 - 11.6 - 12.3 - 12.4 - 12.1 - 12.5 - 13.1 - 12.7 - 12.3 - 12.4 - 11.9 - 11.5 - 12.1,31.0,35.5
202106050712,12.1 - 11.1 - 11.8 - 11.7 - 11.9 - 11.9 - 11.9 - 11.7,35.0,35.5
202106050801,11.6 - 10.5 - 11.2 - 12.1 - 12.2 - 14.1,33.3,38.4
202106050802,12.7 - 11.8 - 12.9 - 13.0 - 12.4 - 12.4 - 13.1 - 13.0 - 13.4,37.4,39.5
202106050803,12.1 - 10.5 - 11.3 - 11.7 - 11.6 - 12.7,33.9,36.0
202106050804,12.4 - 11.4 - 13.1 - 13.2 - 12.8 - 12.0 - 12.1 - 12.0 - 11.6 - 12.0,36.9,35.6
202106050805,12.1 - 10.8 - 12.0 - 12.9 - 12.4 - 13.4,34.9,38.7
202106050806,12.2 - 12.0 - 12.2 - 12.3 - 12.8 - 12.6 - 11.5 - 12.0,36.4,36.1
202106050807,12.8 - 11.6 - 12.8 - 13.8 - 12.4 - 11.7 - 12.5 - 12.7 - 13.9,37.2,39.1
202106050808,11.8 - 10.8 - 11.3 - 12.0 - 12.1 - 13.5,33.9,37.6
202106050809,6.9 - 11.9 - 12.0 - 12.1 - 12.7 - 13.1 - 13.4 - 12.6 - 12.5 - 12.0 - 11.9 - 11.6 - 12.7,30.8,36.2
202106050810,11.8 - 10.7 - 11.0 - 11.9 - 12.0 - 13.2,33.5,37.1
202106050811,6.9 - 11.3 - 11.6 - 11.5 - 11.9 - 12.5 - 12.6 - 12.2 - 12.4 - 12.4 - 12.2 - 12.0 - 12.5,29.8,36.7
202106050812,11.6 - 10.6 - 10.9 - 11.5 - 11.7 - 12.8,33.1,36.0
202106050901,11.9 - 10.9 - 11.8 - 12.7 - 12.5 - 13.2,34.6,38.4
202106050902,12.9 - 12.7 - 13.4 - 13.5 - 12.8 - 12.2 - 12.5 - 12.7 - 13.6,39.0,38.8
202106050903,12.4 - 11.4 - 11.9 - 12.0 - 12.3 - 12.0 - 11.6 - 12.2,35.7,35.8
202106050904,12.8 - 11.9 - 12.7 - 12.5 - 12.6 - 12.8 - 12.1 - 11.2 - 11.7,37.4,35.0
202106050905,12.5 - 12.1 - 13.6 - 13.7 - 13.5 - 12.9 - 12.8 - 11.8 - 11.5 - 12.5,38.2,35.8
202106050906,11.9 - 10.7 - 11.7 - 12.6 - 12.6 - 13.6,34.3,38.8
202106050907,12.7 - 11.7 - 12.5 - 12.5 - 12.2 - 12.4 - 12.1 - 11.8 - 11.8 - 13.2,36.9,36.8
202106050908,11.6 - 10.5 - 11.6 - 12.2 - 12.2 - 12.9,33.7,37.3
202106050909,12.7 - 11.7 - 12.8 - 13.3 - 12.5 - 12.2 - 12.6 - 13.2 - 14.0,37.2,39.8
202106050910,11.7 - 11.0 - 11.3 - 11.8 - 12.2 - 13.2,34.0,37.2
202106050911,12.6 - 11.3 - 12.0 - 12.2 - 12.0 - 12.0 - 12.2 - 12.2 - 11.7 - 12.4,35.9,36.3
202106050912,12.1 - 11.5 - 11.5 - 11.6 - 11.5 - 11.7 - 11.4 - 12.6,35.1,35.7
202107010101,13.1 - 11.6 - 13.6 - 12.9 - 12.6 - 12.9 - 12.9 - 12.7 - 13.2,38.3,38.8
202107010102,12.5 - 10.7 - 11.4 - 11.8 - 12.8 - 13.2,34.6,37.8
202107010103,7.6 - 11.9 - 11.6 - 13.0 - 13.3 - 12.6 - 13.0 - 13.4 - 12.2 - 12.3,31.1,37.9
202107010104,13.3 - 11.7 - 13.4 - 12.7 - 12.2 - 12.3 - 12.6 - 12.6 - 13.1,38.4,38.3
202107010105,12.6 - 11.5 - 13.9 - 13.8 - 12.9 - 12.7 - 12.3 - 11.3 - 11.3 - 11.3,38.0,33.9
202107010106,12.8 - 11.3 - 13.3 - 13.0 - 11.9 - 11.7 - 12.0 - 11.6 - 11.7 - 12.4,37.4,35.7
202107010107,12.5 - 11.1 - 11.7 - 12.3 - 12.1 - 12.6,35.3,37.0
202107010108,7.4 - 11.0 - 11.5 - 13.7 - 13.0 - 12.7 - 12.7 - 12.8 - 12.7 - 12.8,29.9,38.3
202107010109,12.3 - 11.3 - 11.7 - 12.0 - 12.0 - 11.8 - 13.1,35.3,36.9
202107010110,12.7 - 11.7 - 11.8 - 11.9 - 12.1 - 12.4 - 12.5 - 13.4 - 13.3 - 12.5 - 12.2 - 11.7 - 11.6 - 11.9 - 12.2,36.2,35.7
202107010111,12.5 - 11.3 - 11.4 - 11.7 - 11.6 - 11.3 - 11.3 - 12.0,35.2,34.6
202107010112,12.3 - 10.7 - 11.1 - 11.4 - 11.5 - 11.8 - 11.7,34.1,35.0
202107010201,13.2 - 11.1 - 13.5 - 13.1 - 12.6 - 12.9 - 13.1 - 13.3 - 12.8,37.8,39.2
202107010202,12.3 - 10.9 - 11.7 - 12.7 - 13.2 - 13.0 - 12.8,34.9,39.0
202107010203,7.4 - 11.1 - 11.7 - 13.5 - 13.3 - 12.6 - 12.7 - 13.2 - 13.2 - 13.3,30.2,39.7
202107010204,12.8 - 11.1 - 12.3 - 12.6 - 12.2 - 12.8,36.2,37.6
202107010205,12.8 - 11.1 - 12.8 - 12.5 - 12.0 - 12.2 - 11.9 - 11.7 - 11.9 - 12.3,36.7,35.9
202107010206,12.9 - 11.6 - 12.3 - 12.7 - 12.7 - 12.1 - 11.2 - 11.7,36.8,35.0
202107010207,13.0 - 11.0 - 12.7 - 12.9 - 12.5 - 12.9 - 13.1 - 13.0 - 13.1,36.7,39.2
202107010208,12.9 - 11.6 - 13.0 - 12.5 - 12.5 - 12.5 - 12.9 - 12.9 - 13.5,37.5,39.3
202107010209,12.3 - 10.6 - 11.4 - 11.7 - 11.0 - 11.7,34.3,34.4
202107010210,12.8 - 11.3 - 13.3 - 13.2 - 12.8 - 12.3 - 12.6 - 12.6 - 12.9,37.4,38.1
202107010211,12.2 - 10.6 - 11.2 - 11.3 - 11.2 - 11.7,34.0,34.2
202107010212,12.0 - 10.6 - 11.4 - 12.3 - 12.6 - 12.9 - 12.9,34.0,38.4
202107010301,12.4 - 10.8 - 12.2 - 12.5 - 12.4 - 12.6,35.4,37.5
202107010302,12.8 - 11.3 - 13.6 - 13.3 - 13.2 - 13.1 - 13.3 - 13.0 - 12.7,37.7,39.0
202107010303,12.2 - 11.0 - 11.7 - 12.6 - 13.4 - 12.9 - 12.6,34.9,38.9
202107010304,13.0 - 11.8 - 14.6 - 13.3 - 13.1 - 13.4 - 13.1 - 12.3 - 12.1,39.4,37.5
202107010305,12.6 - 11.1 - 11.3 - 11.7 - 12.1 - 11.9 - 11.9 - 11.9,35.0,35.7
202107010306,12.6 - 11.5 - 12.6 - 13.6 - 13.6 - 12.0 - 12.3,36.7,37.9
202107010307,7.7 - 11.8 - 12.0 - 13.6 - 13.4 - 12.8 - 12.8 - 12.5 - 12.1 - 12.6,31.5,37.2
202107010308,13.1 - 12.1 - 13.6 - 12.5 - 12.6 - 12.9 - 12.7 - 12.1 - 12.7,38.8,37.5
202107010309,13.0 - 10.7 - 11.9 - 12.2 - 12.2 - 12.4 - 12.1 - 11.9 - 11.6 - 11.7,35.6,35.2
202107010310,12.3 - 10.8 - 11.5 - 11.4 - 11.1 - 11.6,34.6,34.1
202107010311,12.5 - 10.9 - 11.3 - 11.6 - 11.8 - 11.6 - 11.6 - 12.0,34.7,35.2
202107010312,12.6 - 10.9 - 11.6 - 11.7 - 12.5 - 13.0,35.1,37.2
202107010401,13.0 - 10.6 - 13.3 - 13.6 - 12.6 - 13.1 - 13.5 - 13.5 - 12.8,36.9,39.8
202107010402,12.7 - 11.1 - 11.9 - 12.5 - 12.2 - 12.8,35.7,37.5
202107010403,13.1 - 11.3 - 13.4 - 12.5 - 12.0 - 12.5 - 13.0 - 13.1 - 13.4,37.8,39.5
202107010404,13.8 - 12.7 - 14.5 - 13.4 - 12.7 - 13.1 - 13.0 - 12.6 - 12.3,41.0,37.9
202107010405,12.8 - 10.9 - 11.3 - 13.2 - 12.8 - 12.9 - 12.4 - 12.6 - 12.0 - 11.8 - 12.0,35.0,35.8
202107010406,12.2 - 10.3 - 10.9 - 11.6 - 12.1 - 11.9,33.4,35.6
202107010407,12.8 - 10.8 - 12.1 - 12.6 - 12.5 - 12.2,35.7,37.3
202107010408,12.8 - 10.9 - 13.2 - 13.0 - 12.3 - 12.5 - 12.5 - 12.9 - 13.6,36.9,39.0
202107010409,12.2 - 10.7 - 10.9 - 12.1 - 12.7 - 13.0 - 12.5,33.8,38.2
202107010410,12.7 - 10.5 - 12.1 - 12.3 - 12.7 - 11.9 - 12.2 - 12.0 - 11.9 - 12.1,35.3,36.0
202107010411,12.2 - 10.8 - 11.5 - 12.0 - 12.5 - 12.0 - 12.4,34.5,36.9
202107010412,12.7 - 11.2 - 11.4 - 11.3 - 11.8 - 11.4 - 11.7 - 12.5,35.3,35.6
202107010501,13.3 - 11.3 - 13.5 - 13.3 - 12.7 - 13.2 - 13.2 - 12.4 - 12.8,38.1,38.4
202107010502,12.5 - 11.1 - 11.1 - 12.3 - 12.9 - 12.8 - 13.2,34.7,38.9
202107010503,13.1 - 11.2 - 12.8 - 13.2 - 12.9 - 13.0 - 13.2 - 12.8 - 12.7,37.1,38.7
202107010504,12.3 - 11.2 - 11.7 - 12.0 - 12.5 - 12.4 - 12.5,35.2,37.4
202107010505,12.5 - 10.8 - 11.0 - 11.5 - 11.8 - 11.8 - 11.8 - 12.9,34.3,36.5
202107010506,13.1 - 10.8 - 12.9 - 12.3 - 12.1 - 12.4 - 12.4 - 12.0 - 11.9 - 12.2,36.8,36.1
202107010507,12.6 - 10.7 - 11.5 - 12.2 - 12.7 - 12.5,34.8,37.4
202107010508,12.4 - 10.8 - 11.7 - 12.2 - 11.9 - 12.8,34.9,36.9
202107010509,12.4 - 11.3 - 10.8 - 12.5 - 12.2 - 12.0 - 12.0 - 12.2 - 11.9 - 11.6 - 12.3,34.5,35.8
202107010510,12.3 - 10.6 - 10.6 - 11.5 - 11.8 - 11.7 - 12.1,33.5,35.6
202107010511,12.3 - 10.2 - 11.8 - 12.0 - 11.6 - 11.8 - 12.6 - 12.3 - 12.0 - 12.1,34.3,36.4
202107010512,12.3 - 11.0 - 11.3 - 12.0 - 12.1 - 12.3 - 13.1,34.6,37.5
202107010601,12.6 - 11.2 - 12.1 - 12.6 - 12.3 - 12.6,35.9,37.5
202107010602,7.4 - 11.3 - 12.4 - 14.1 - 13.5 - 12.7 - 12.6 - 12.6 - 12.4 - 13.2,31.1,38.2
202107010603,12.4 - 11.0 - 11.5 - 12.4 - 12.8 - 12.9 - 13.4,34.9,39.1
202107010604,13.2 - 12.1 - 13.9 - 13.3 - 13.0 - 13.2 - 13.0 - 12.4 - 12.7,39.2,38.1
202107010605,12.9 - 10.6 - 12.6 - 12.6 - 12.6 - 12.6 - 12.4 - 11.7 - 11.5 - 12.1,36.1,35.3
202107010606,13.1 - 11.6 - 13.3 - 12.8 - 12.2 - 12.4 - 12.4 - 12.2 - 13.0,38.0,37.6
202107010607,12.4 - 10.9 - 11.5 - 12.4 - 12.7 - 12.3 - 13.1,34.8,38.1
202107010608,12.9 - 11.6 - 13.6 - 13.0 - 12.3 - 12.1 - 12.3 - 12.1 - 12.7,38.1,37.1
202107010609,12.6 - 11.4 - 11.6 - 12.7 - 12.8 - 12.4 - 12.6 - 12.4 - 11.7 - 11.5 - 11.9,35.6,35.1
202107010610,12.9 - 11.1 - 12.9 - 12.5 - 12.1 - 12.2 - 12.6 - 12.7 - 13.4,36.9,38.7
202107010611,12.5 - 11.2 - 11.6 - 12.9 - 12.5 - 11.9 - 11.7 - 11.8 - 11.8 - 11.7 - 12.2,35.3,35.7
202107010612,12.7 - 11.3 - 11.5 - 11.5 - 11.5 - 11.3 - 11.4 - 12.1,35.5,34.8
202107010701,13.2 - 11.5 - 13.5 - 13.1 - 12.4 - 12.7 - 13.2 - 12.6 - 12.8,38.2,38.6
202107010702,12.7 - 11.5 - 12.2 - 12.6 - 11.7 - 12.5,36.4,36.8
202107010703,13.2 - 11.7 - 13.9 - 13.3 - 12.8 - 13.0 - 13.3 - 12.3 - 12.9,38.8,38.5
202107010704,12.4 - 10.9 - 11.6 - 12.1 - 12.2 - 12.9,34.9,37.2
202107010705,12.9 - 11.3 - 13.1 - 13.0 - 12.9 - 12.5 - 12.1 - 11.7 - 11.8 - 12.8,37.3,36.3
202107010706,12.6 - 11.7 - 12.1 - 13.4 - 13.2 - 13.0 - 12.6 - 12.5 - 12.1 - 12.2 - 12.5,36.4,36.8
202107010707,12.6 - 10.9 - 12.1 - 12.5 - 12.0 - 12.4,35.6,36.9
202107010708,7.5 - 11.4 - 12.1 - 14.0 - 12.8 - 12.5 - 12.3 - 12.6 - 12.4 - 12.9,31.0,37.9
202107010709,12.4 - 11.0 - 11.3 - 11.6 - 11.5 - 12.0 - 12.8,34.7,36.3
202107010710,13.3 - 11.4 - 12.4 - 12.3 - 12.1 - 12.1 - 12.6 - 12.3 - 12.5 - 12.8,37.1,37.6
202107010711,12.6 - 11.1 - 11.2 - 11.8 - 11.7 - 11.8 - 12.6,34.9,36.1
202107010712,12.2 - 10.8 - 11.2 - 11.9 - 12.5 - 12.2 - 12.8,34.2,37.5
202107010801,7.3 - 11.4 - 11.7 - 13.7 - 13.5 - 12.6 - 12.7 - 12.5 - 11.8 - 12.2,30.4,36.5
202107010802,12.3 - 10.8 - 11.4 - 12.5 - 12.6 - 12.2 - 12.9,34.5,37.7
202107010803,12.6 - 10.8 - 12.1 - 12.9 - 12.6 - 12.1,35.5,37.6
202107010804,12.8 - 11.1 - 12.7 - 12.1 - 12.0 - 12.3 - 13.0 - 12.5 - 12.8,36.6,38.3
202107010805,12.6 - 11.2 - 11.6 - 12.0 - 12.0 - 11.9 - 12.1,35.4,36.0
202107010806,12.8 - 11.5 - 12.2 - 12.0 - 12.4 - 12.5 - 11.5 - 12.1,36.5,36.1
202107010807,12.6 - 11.1 - 12.6 - 12.3 - 12.3 - 12.6 - 13.1 - 12.1 - 13.1,36.3,38.3
202107010808,7.2 - 11.3 - 12.1 - 13.6 - 12.8 - 12.6 - 12.4 - 12.6 - 11.8 - 12.0,30.6,36.4
202107010809,13.6 - 12.3 - 13.5 - 13.2 - 13.4 - 12.8 - 12.6 - 11.8 - 11.3 - 11.8,39.4,34.9
202107010810,12.2 - 10.3 - 11.0 - 11.8 - 11.9 - 12.9,33.5,36.6
202107010811,12.7 - 10.9 - 11.8 - 12.2 - 11.7 - 12.1 - 12.7 - 12.2 - 12.9,35.4,37.8
202107010812,12.9 - 11.9 - 12.4 - 13.6 - 13.3 - 13.0 - 12.4 - 12.6 - 12.4 - 11.9 - 12.4,37.2,36.7
202107010901,12.4 - 10.6 - 11.5 - 12.5 - 12.4 - 13.2,34.5,38.1
202107010902,12.9 - 11.8 - 13.6 - 13.2 - 12.2 - 12.4 - 12.8 - 12.4 - 12.8,38.3,38.0
202107010903,12.3 - 10.8 - 11.2 - 12.4 - 13.0 - 12.3 - 12.5,34.3,37.8
202107010904,13.1 - 11.9 - 14.1 - 13.2 - 12.7 - 13.3 - 13.5 - 11.9 - 12.0,39.1,37.4
202107010905,12.6 - 11.2 - 12.1 - 12.8 - 12.5 - 12.4 - 12.7 - 12.6 - 11.6 - 12.2,35.9,36.4
202107010906,12.4 - 10.5 - 11.2 - 12.5 - 12.5 - 13.6,34.1,38.6
202107010907,12.8 - 11.4 - 11.8 - 11.6 - 12.0 - 11.8 - 11.8 - 11.6,36.0,35.2
202107010908,12.8 - 11.2 - 12.9 - 12.6 - 12.3 - 12.5 - 12.9 - 12.2 - 12.8,36.9,37.9
202107010909,12.5 - 11.5 - 11.8 - 11.8 - 12.1 - 11.8 - 11.5 - 12.0,35.8,35.3
202107010910,12.7 - 11.2 - 12.5 - 12.5 - 12.2 - 12.0 - 12.2 - 12.1 - 11.5 - 12.4,36.4,36.0
202107010911,6.9 - 11.5 - 11.7 - 13.2 - 12.7 - 12.2 - 12.4 - 12.8 - 12.1 - 13.0,30.1,37.9
202107010912,12.7 - 10.9 - 11.8 - 12.4 - 12.8 - 11.7 - 12.4,35.4,36.9
202107011001,13.1 - 11.8 - 13.7 - 13.5 - 13.4 - 13.8 - 13.7 - 12.1 - 12.0,38.6,37.8
202107011002,12.7 - 10.7 - 11.9 - 12.7 - 11.9 - 13.3,35.3,37.9
202107011003,7.3 - 11.5 - 11.4 - 13.1 - 12.9 - 13.1 - 13.2 - 12.9 - 12.4 - 13.2,30.2,38.5
202107011004,12.4 - 11.2 - 11.8 - 12.4 - 12.7 - 11.9 - 12.8,35.4,37.4
202107011005,12.3 - 10.9 - 11.4 - 11.6 - 11.8 - 11.9 - 12.1 - 12.4,34.6,36.4
202107011006,13.0 - 12.2 - 13.6 - 13.4 - 13.1 - 12.6 - 12.5 - 12.1 - 11.5 - 11.4,38.8,35.0
202107011007,12.4 - 10.6 - 12.1 - 13.1 - 12.4 - 12.4,35.1,37.9
202107011008,13.1 - 11.6 - 13.5 - 13.2 - 12.7 - 12.1 - 12.5 - 12.0 - 13.0,38.2,37.5
202107011009,12.3 - 11.1 - 11.5 - 11.5 - 11.6 - 11.6 - 11.9 - 12.3,34.9,35.8
202107011010,12.2 - 11.3 - 11.5 - 12.2 - 12.4 - 12.3 - 12.2 - 12.8 - 12.0 - 11.7 - 12.2,35.0,35.9
202107011011,12.1 - 10.4 - 11.2 - 11.3 - 11.6 - 11.7,33.7,34.6
202107011012,12.2 - 11.1 - 11.5 - 12.2 - 12.5 - 11.9 - 12.8,34.8,37.2
202107011101,13.2 - 11.4 - 12.9 - 12.8 - 13.1 - 13.3 - 12.9 - 12.6 - 13.1,37.5,38.6
202107011102,12.2 - 11.0 - 11.5 - 12.4 - 13.0 - 12.6 - 13.1,34.7,38.7
202107011103,7.3 - 11.3 - 11.4 - 13.8 - 13.0 - 13.0 - 13.3 - 13.4 - 12.8 - 13.4,30.0,39.6
202107011104,12.6 - 11.4 - 12.3 - 13.1 - 13.2 - 12.1 - 12.4,36.3,37.7
202107011105,12.6 - 11.2 - 11.2 - 11.3 - 12.0 - 11.8 - 12.3 - 12.8,35.0,36.9
202107011106,12.8 - 11.5 - 13.0 - 12.5 - 12.3 - 12.7 - 13.0 - 12.3 - 12.9,37.3,38.2
202107011107,13.3 - 12.2 - 13.1 - 13.2 - 13.1 - 12.7 - 12.4 - 11.7 - 11.2 - 11.4,38.6,34.3
202107011108,12.7 - 11.7 - 11.7 - 11.9 - 12.1 - 12.3 - 12.2 - 12.1 - 12.1 - 12.2 - 12.4,36.1,36.7
202107011109,12.7 - 11.3 - 11.6 - 12.2 - 12.5 - 12.2 - 12.9,35.6,37.6
202107011110,12.5 - 11.6 - 12.4 - 12.7 - 12.5 - 11.7 - 11.2 - 11.4,36.5,34.3
202107011111,7.1 - 11.3 - 11.3 - 13.2 - 12.9 - 12.8 - 12.7 - 12.4 - 12.1 - 12.6,29.7,37.1
202107011112,12.4 - 10.9 - 12.1 - 12.2 - 11.9 - 12.1,35.4,36.2
202107011201,12.5 - 10.8 - 12.1 - 12.5 - 12.1 - 12.4,35.4,37.0
202107011202,13.0 - 11.3 - 13.2 - 12.6 - 12.6 - 12.8 - 13.5 - 12.8 - 12.8,37.5,39.1
202107011203,12.2 - 11.3 - 12.1 - 12.7 - 12.7 - 12.2 - 12.9,35.6,37.8
202107011204,13.0 - 11.0 - 13.0 - 13.2 - 12.8 - 12.7 - 13.0 - 12.1 - 12.6,37.0,37.7
202107011205,12.8 - 11.3 - 11.9 - 13.1 - 13.0 - 12.7 - 12.3 - 11.9 - 11.8 - 11.6 - 12.3,36.0,35.7
202107011206,13.1 - 12.4 - 12.8 - 12.8 - 13.0 - 12.1 - 11.4 - 11.5,38.3,35.0
202107011207,7.1 - 11.6 - 12.0 - 14.5 - 13.6 - 12.9 - 12.8 - 12.8 - 11.9 - 12.4,30.7,37.1
202107011208,12.7 - 11.7 - 13.3 - 12.6 - 13.0 - 12.9 - 12.9 - 11.8 - 12.4,37.7,37.1
202107011209,12.1 - 10.7 - 11.5 - 11.9 - 12.5 - 12.3 - 12.8,34.3,37.6
202107011210,12.8 - 11.6 - 12.4 - 12.9 - 12.7 - 11.9 - 11.2 - 11.3,36.8,34.4
202107011211,13.1 - 11.6 - 12.7 - 12.0 - 11.8 - 11.9 - 12.3 - 11.9 - 11.5 - 12.2,37.4,35.6
202107011212,12.2 - 10.6 - 11.2 - 11.2 - 11.5 - 12.3,34.0,35.0
202107020101,12.4 - 11.0 - 11.1 - 12.3 - 12.8 - 12.3 - 13.2,34.5,38.3
202107020102,12.9 - 11.0 - 13.2 - 13.1 - 12.6 - 12.6 - 12.8 - 12.1 - 12.8,37.1,37.7
202107020103,12.4 - 11.1 - 11.6 - 12.3 - 12.5 - 12.4 - 13.2,35.1,38.1
202107020104,7.4 - 11.7 - 12.2 - 13.2 - 12.8 - 12.2 - 12.2 - 12.5 - 12.5 - 13.2,31.3,38.2
202107020105,12.9 - 11.0 - 13.1 - 13.3 - 13.2 - 12.5 - 12.6 - 12.6 - 13.1 - 13.7,37.0,39.4
202107020106,12.5 - 11.1 - 11.5 - 12.1 - 12.7 - 12.5 - 12.4,35.1,37.6
202107020107,13.4 - 12.4 - 13.6 - 12.7 - 11.1 - 11.7 - 12.5 - 12.4 - 12.4,39.4,37.3
202107020108,12.4 - 10.5 - 11.3 - 12.1 - 12.0 - 12.8,34.2,36.9
202107020109,12.6 - 11.2 - 11.4 - 11.7 - 12.5 - 13.1 - 13.2 - 14.2,35.2,40.5
202107020110,12.1 - 10.8 - 11.1 - 11.7 - 12.7 - 12.3 - 12.9,34.0,37.9
202107020111,12.2 - 10.7 - 10.8 - 11.4 - 12.4 - 12.5 - 13.2,33.7,38.1
202107020112,13.0 - 12.1 - 11.8 - 13.3 - 13.1 - 12.3 - 12.1 - 12.5 - 12.9 - 13.1 - 13.6,36.9,39.6
202107020201,12.4 - 10.8 - 11.0 - 12.1 - 12.9 - 12.2 - 12.3,34.2,37.4
202107020202,13.0 - 11.6 - 12.7 - 12.5 - 12.2 - 12.9 - 12.9 - 12.4 - 12.6,37.3,37.9
202107020203,12.3 - 10.8 - 11.8 - 12.3 - 11.8 - 12.5,34.9,36.6
202107020204,12.6 - 11.4 - 12.5 - 12.5 - 12.1 - 12.1 - 11.9 - 12.4,36.5,36.4
202107020205,12.7 - 11.7 - 12.7 - 13.7 - 13.8 - 13.1 - 12.7 - 12.7 - 12.3 - 11.8 - 12.0,37.1,36.1
202107020206,12.6 - 11.2 - 12.8 - 12.6 - 12.5 - 12.3 - 12.2 - 11.9 - 13.0,36.6,37.1
202107020207,12.5 - 11.1 - 11.1 - 11.9 - 12.5 - 12.2 - 12.9,34.7,37.6
202107020208,7.4 - 11.3 - 11.7 - 13.0 - 12.6 - 12.3 - 12.3 - 12.5 - 12.0 - 12.4,30.4,36.9
202107020209,13.3 - 12.3 - 12.6 - 13.8 - 13.5 - 12.3 - 11.8 - 12.2 - 12.1 - 11.8 - 12.6,38.2,36.5
202107020210,12.1 - 10.2 - 10.5 - 12.1 - 12.4 - 12.2 - 13.0,32.8,37.6
202107020211,13.0 - 11.5 - 12.6 - 12.4 - 11.9 - 11.7 - 11.9 - 12.1 - 11.9 - 12.8,37.1,36.8
202107020212,12.4 - 10.3 - 11.1 - 12.2 - 12.1 - 12.5,33.8,36.8
202107020301,13.0 - 11.5 - 13.8 - 13.0 - 12.5 - 12.9 - 13.1 - 12.3 - 12.6,38.3,38.0
202107020302,12.6 - 11.1 - 12.2 - 12.8 - 11.9 - 12.7,35.9,37.4
202107020303,7.5 - 11.5 - 11.7 - 13.6 - 13.3 - 13.3 - 13.7 - 14.1 - 12.3 - 13.0,30.7,39.4
202107020304,12.2 - 11.1 - 11.7 - 12.4 - 12.9 - 12.6 - 13.1,35.0,38.6
202107020305,12.2 - 10.5 - 11.2 - 11.6 - 11.4 - 12.2,33.9,35.2
202107020306,12.9 - 11.6 - 12.6 - 12.4 - 12.5 - 12.6 - 12.3 - 11.8 - 11.1 - 11.9,37.1,34.8
202107020307,12.7 - 11.0 - 11.9 - 12.1 - 11.9 - 13.3,35.6,37.3
202107020308,12.7 - 11.7 - 13.7 - 13.1 - 12.6 - 12.5 - 12.5 - 12.6 - 13.1,38.1,38.2
202107020309,12.2 - 10.8 - 11.2 - 11.4 - 11.3 - 11.6 - 12.8,34.2,35.7
202107020310,13.0 - 11.9 - 12.7 - 12.7 - 12.7 - 12.1 - 11.5 - 11.6 - 11.5 - 12.1,37.6,35.2
202107020311,12.2 - 10.6 - 10.9 - 11.4 - 11.1 - 11.5 - 12.4,33.7,35.0
202107020312,12.8 - 11.2 - 13.5 - 13.0 - 12.3 - 12.4 - 12.6 - 12.6 - 13.3,37.5,38.5
202107020401,13.0 - 11.7 - 13.3 - 12.5 - 12.5 - 12.6 - 12.5 - 12.2 - 12.1,38.0,36.8
202107020402,12.4 - 10.6 - 11.3 - 12.0 - 12.2 - 13.2,34.3,37.4
202107020403,13.3 - 11.1 - 13.0 - 13.0 - 12.5 - 12.5 - 13.0 - 12.6 - 12.7,37.4,38.3
202107020404,12.2 - 10.7 - 11.0 - 11.6 - 12.4 - 12.7 - 13.3,33.9,38.4
202107020405,13.2 - 11.2 - 12.7 - 12.7 - 12.4 - 12.6 - 12.6 - 12.7 - 12.6 - 13.0,37.1,38.3
202107020406,12.8 - 11.3 - 13.0 - 12.5 - 12.7 - 12.5 - 12.6 - 12.5 - 13.1,37.1,38.2
202107020407,12.1 - 10.6 - 11.1 - 11.5 - 12.6 - 12.2 - 12.7,33.8,37.5
202107020408,7.3 - 11.4 - 11.8 - 13.7 - 13.0 - 12.5 - 12.3 - 12.4 - 11.9 - 12.7,30.5,37.0
202107020409,12.3 - 10.6 - 11.2 - 11.6 - 12.1 - 13.1,34.1,36.8
202107020410,12.7 - 11.5 - 11.6 - 11.7 - 12.3 - 12.3 - 12.2 - 12.9,35.8,37.4
202107020411,12.6 - 11.2 - 12.5 - 11.8 - 11.8 - 12.2 - 12.6 - 12.2 - 12.4,36.3,37.2
202107020412,12.2 - 10.9 - 11.4 - 11.7 - 11.8 - 12.5 - 12.8,34.5,37.1
202107020501,12.1 - 10.9 - 11.6 - 12.5 - 13.0 - 12.6 - 12.8,34.6,38.4
202107020502,12.7 - 11.2 - 13.4 - 13.2 - 12.5 - 12.8 - 13.0 - 12.9 - 13.5,37.3,39.4
202107020503,12.6 - 11.1 - 11.8 - 12.0 - 11.8 - 13.0,35.5,36.8
202107020504,12.8 - 11.8 - 13.5 - 13.4 - 12.4 - 12.7 - 13.0 - 13.3 - 13.7,38.1,40.0
202107020505,12.7 - 11.5 - 11.9 - 12.6 - 12.4 - 12.3 - 12.4 - 11.9 - 11.8 - 12.0 - 12.4,36.1,36.2
202107020506,12.3 - 10.9 - 11.0 - 11.8 - 12.4 - 12.4 - 13.7,34.2,38.5
202107020507,12.7 - 11.1 - 12.6 - 12.7 - 12.2 - 12.2 - 12.1 - 11.6 - 11.2 - 12.0,36.4,34.8
202107020508,13.0 - 11.5 - 13.1 - 12.9 - 12.9 - 12.5 - 12.3 - 12.2 - 12.9,37.6,37.4
202107020509,12.4 - 10.5 - 10.9 - 11.6 - 11.8 - 11.7 - 12.5,33.8,36.0
202107020510,12.7 - 10.8 - 12.4 - 12.1 - 12.1 - 12.2 - 12.1 - 11.8 - 11.9 - 12.5,35.9,36.2
202107020511,12.0 - 10.3 - 10.9 - 11.8 - 12.5 - 12.6 - 13.2,33.2,38.3
202107020512,7.4 - 10.9 - 11.5 - 13.5 - 13.0 - 12.8 - 12.5 - 12.7 - 12.5 - 13.3,29.8,38.5
202107020601,12.7 - 11.3 - 13.9 - 14.0 - 12.8 - 12.7 - 12.9 - 12.5 - 12.9,37.9,38.3
202107020602,12.4 - 11.1 - 11.3 - 11.9 - 12.4 - 11.9 - 12.8,34.8,37.1
202107020603,7.3 - 11.6 - 12.6 - 14.3 - 13.5 - 12.9 - 12.7 - 12.6 - 12.2 - 13.7,31.5,38.5
202107020604,12.3 - 10.8 - 11.0 - 11.4 - 11.5 - 12.0 - 12.5,34.1,36.0
202107020605,13.0 - 11.4 - 12.9 - 13.0 - 12.4 - 12.7 - 12.5 - 12.0 - 11.3 - 11.8,37.3,35.1
202107020606,12.5 - 11.2 - 11.5 - 11.9 - 11.7 - 13.0,35.2,36.6
202107020607,13.0 - 12.1 - 12.0 - 13.1 - 13.4 - 13.0 - 11.8 - 12.3 - 12.2 - 11.3 - 12.1,37.1,35.6
202107020608,13.1 - 11.3 - 13.5 - 13.0 - 11.9 - 12.1 - 12.4 - 12.2 - 13.0,37.9,37.6
202107020609,12.4 - 11.1 - 11.2 - 13.0 - 13.0 - 12.8 - 12.4 - 12.5 - 12.3 - 12.1 - 12.8,34.7,37.2
202107020610,7.3 - 10.9 - 11.1 - 13.3 - 12.6 - 12.4 - 12.3 - 12.6 - 12.0 - 12.8,29.3,37.4
202107020611,12.2 - 10.7 - 11.2 - 11.5 - 11.6 - 12.0,34.1,35.1
202107020612,12.4 - 11.0 - 11.8 - 12.3 - 12.3 - 11.5 - 12.5,35.2,36.3
202107030101,12.8 - 10.8 - 13.2 - 12.8 - 12.0 - 12.6 - 13.0 - 12.4 - 12.6,36.8,38.0
202107030102,12.6 - 10.9 - 11.4 - 11.9 - 12.4 - 12.2 - 13.1,34.9,37.7
202107030103,7.3 - 10.8 - 12.1 - 13.6 - 13.3 - 13.1 - 12.9 - 12.6 - 11.7 - 12.1,30.2,36.4
202107030104,12.6 - 10.9 - 12.9 - 13.1 - 12.5 - 11.8 - 12.3 - 11.8 - 11.3 - 12.0,36.4,35.1
202107030105,12.9 - 11.3 - 11.6 - 12.2 - 12.2 - 11.8 - 11.3 - 11.4,35.8,34.5
202107030106,7.4 - 11.2 - 11.8 - 13.1 - 12.5 - 12.0 - 12.3 - 12.8 - 12.7 - 13.0,30.4,38.5
202107030107,12.8 - 11.4 - 13.5 - 13.1 - 12.1 - 12.4 - 12.5 - 12.5 - 13.6,37.7,38.6
202107030108,12.3 - 10.9 - 11.4 - 11.9 - 12.4 - 12.3 - 13.2,34.6,37.9
202107030109,13.1 - 11.5 - 13.2 - 13.1 - 12.5 - 12.4 - 12.1 - 11.4 - 10.9 - 11.5,37.8,33.8
202107030110,12.5 - 11.0 - 11.4 - 11.3 - 11.9 - 11.6 - 11.7 - 11.7,34.9,35.0
202107030111,12.7 - 11.1 - 11.3 - 12.7 - 12.1 - 12.3 - 11.4 - 11.5 - 11.5 - 12.0 - 12.6,35.1,36.1
202107030112,12.3 - 10.4 - 11.2 - 12.1 - 12.4 - 13.0,33.9,37.5
202107030201,12.9 - 11.7 - 13.3 - 12.7 - 12.3 - 12.7 - 13.3 - 13.5 - 13.4,37.9,40.2
202107030202,12.5 - 10.5 - 11.2 - 12.2 - 12.8 - 14.2,34.2,39.2
202107030203,13.0 - 11.5 - 13.0 - 12.5 - 12.4 - 12.2 - 13.0 - 13.3 - 14.5,37.5,40.8
202107030204,12.8 - 11.1 - 12.5 - 12.3 - 11.8 - 11.5 - 11.7 - 11.6 - 12.4 - 12.6,36.4,36.6
202107030205,12.7 - 11.6 - 12.2 - 12.1 - 12.2 - 11.8 - 11.0 - 11.6,36.5,34.4
202107030206,12.0 - 10.7 - 11.6 - 12.4 - 12.9 - 12.3 - 13.8,34.3,39.0
202107030207,12.4 - 11.1 - 11.9 - 12.1 - 12.3 - 11.7 - 11.2 - 11.5,35.4,34.4
202107030208,12.8 - 11.1 - 12.7 - 12.9 - 12.5 - 12.5 - 12.6 - 12.7 - 13.1,36.6,38.4
202107030209,12.8 - 11.6 - 12.2 - 13.4 - 12.9 - 12.4 - 11.5 - 11.3 - 11.5 - 11.3 - 11.8,36.6,34.6
202107030210,11.8 - 10.7 - 11.0 - 11.4 - 11.8 - 11.5 - 11.7,33.5,35.0
202107030211,11.9 - 10.2 - 10.7 - 11.2 - 11.4 - 11.7,32.8,34.3
202107030212,7.2 - 11.7 - 12.1 - 13.7 - 12.5 - 11.8 - 12.2 - 13.1 - 12.6 - 13.2,31.0,38.9
202107030301,12.8 - 11.1 - 12.9 - 13.3 - 12.8 - 12.5 - 13.8 - 13.5 - 14.3,36.8,41.6
202107030302,12.2 - 10.9 - 11.8 - 12.3 - 12.5 - 12.6 - 13.7,34.9,38.8
202107030303,12.9 - 11.8 - 14.0 - 12.6 - 12.5 - 12.8 - 13.1 - 12.7 - 12.9,38.7,38.7
202107030304,12.7 - 11.6 - 12.4 - 13.6 - 13.3 - 13.0 - 12.6 - 12.0 - 11.4 - 11.0 - 11.5,36.7,33.9
202107030305,12.0 - 10.5 - 10.8 - 11.4 - 11.4 - 11.6 - 12.8,33.3,35.8
202107030306,13.5 - 11.8 - 11.9 - 13.4 - 12.7 - 12.4 - 12.3 - 11.9 - 11.3 - 11.2 - 11.9,37.2,34.4
202107030307,12.4 - 11.4 - 11.8 - 12.3 - 11.7 - 12.8,35.6,36.8
202107030309,12.5 - 11.0 - 13.6 - 13.0 - 12.5 - 12.5 - 11.7 - 11.3 - 11.3 - 11.6,37.1,34.2
202107030310,13.0 - 11.5 - 12.3 - 12.1 - 12.1 - 12.7 - 12.8 - 12.4 - 13.5,36.8,38.7
202107030311,13.1 - 11.3 - 12.2 - 12.3 - 12.4 - 11.9 - 11.8 - 11.4 - 11.2 - 11.9,36.6,34.5
202107030312,12.5 - 11.5 - 11.8 - 11.9 - 12.1 - 11.9 - 12.6,35.8,36.6
202107030401,12.2 - 11.3 - 11.8 - 12.1 - 12.5 - 12.2 - 12.9,35.3,37.6
202107030402,7.6 - 11.2 - 11.7 - 13.9 - 13.4 - 12.9 - 12.7 - 13.4 - 12.4 - 12.8,30.5,38.6
202107030403,12.5 - 11.0 - 11.7 - 12.3 - 12.4 - 13.2,35.2,37.9
202107030404,12.7 - 10.8 - 12.8 - 13.2 - 13.0 - 12.2 - 12.8 - 12.0 - 11.3 - 11.9,36.3,35.2
202107030405,12.9 - 10.9 - 12.5 - 12.6 - 12.8 - 13.0 - 13.0 - 12.6 - 13.2,36.3,38.8
202107030406,12.8 - 12.3 - 13.1 - 13.0 - 12.7 - 11.7 - 10.5 - 11.0,38.2,33.2
202107030407,13.1 - 11.6 - 13.6 - 12.6 - 12.1 - 12.2 - 12.4 - 12.5 - 13.2,38.3,38.1
202107030408,12.7 - 11.2 - 12.5 - 12.3 - 12.6 - 12.5 - 12.9 - 12.2 - 12.7,36.4,37.8
202107030409,12.6 - 11.7 - 11.6 - 11.9 - 11.6 - 12.3 - 12.6 - 11.8 - 12.0 - 12.2 - 12.8,35.9,37.0
202107030410,12.1 - 10.3 - 10.8 - 11.3 - 11.4 - 12.0,33.2,34.7
202107030411,12.2 - 10.6 - 11.1 - 11.8 - 12.4 - 12.3 - 12.8,33.9,37.5
202107030412,12.0 - 10.4 - 11.3 - 11.7 - 11.1 - 11.6,33.7,34.4
202107030501,12.8 - 11.0 - 12.7 - 12.8 - 12.2 - 12.7 - 13.1 - 13.0 - 12.7,36.5,38.8
202107030502,12.6 - 11.0 - 11.6 - 12.1 - 11.8 - 12.1,35.2,36.0
202107030503,7.4 - 11.4 - 11.4 - 13.1 - 12.5 - 12.3 - 12.6 - 12.7 - 12.8 - 13.0,30.2,38.5
202107030504,12.2 - 10.2 - 10.9 - 11.3 - 11.7 - 12.6,33.3,35.6
202107030505,13.5 - 11.7 - 12.8 - 12.9 - 12.1 - 12.1 - 12.1 - 11.6 - 11.3 - 11.7,38.0,34.6
202107030506,12.3 - 10.5 - 11.5 - 12.1 - 11.7 - 12.6,34.3,36.4
202107030507,13.2 - 11.4 - 12.7 - 12.6 - 12.4 - 12.0 - 11.9 - 12.0 - 11.5 - 12.2,37.3,35.7
202107030508,12.2 - 10.9 - 11.2 - 11.8 - 12.3 - 12.1 - 12.8,34.3,37.2
202107030509,12.9 - 11.3 - 12.1 - 13.2 - 13.1 - 12.5 - 12.2 - 12.1 - 11.5 - 11.5 - 12.2,36.3,35.2
202107030510,13.1 - 11.3 - 12.9 - 12.7 - 12.7 - 11.6 - 11.8 - 11.6 - 11.6 - 11.8,37.3,35.0
202107030511,7.1 - 10.8 - 11.0 - 12.3 - 11.8 - 12.1 - 12.4 - 12.8 - 12.0 - 12.4,28.9,37.2
202107030512,12.8 - 11.5 - 11.5 - 11.3 - 11.4 - 11.4 - 11.6 - 12.7,35.8,35.7
202107030601,12.3 - 10.6 - 11.9 - 12.3 - 12.2 - 12.9,34.8,37.4
202107030602,12.7 - 11.3 - 13.0 - 12.5 - 12.7 - 12.3 - 12.8 - 12.7 - 12.9,37.0,38.4
202107030603,12.2 - 11.0 - 11.2 - 12.0 - 12.6 - 12.7 - 13.6,34.4,38.9
202107030604,12.5 - 11.3 - 11.3 - 11.4 - 11.7 - 11.6 - 11.9 - 12.3,35.1,35.8
202107030605,12.6 - 11.0 - 12.8 - 12.5 - 12.5 - 12.4 - 12.1 - 11.8 - 11.7 - 12.5,36.4,36.0
202107030606,12.4 - 11.7 - 12.0 - 12.1 - 11.9 - 11.5 - 11.3 - 11.8,36.1,34.6
202107030607,7.5 - 11.5 - 11.7 - 12.7 - 12.6 - 12.4 - 12.3 - 12.8 - 12.7 - 12.9,30.7,38.4
202107030608,12.0 - 10.4 - 10.9 - 11.3 - 11.6 - 12.1,33.3,35.0
202107030609,12.8 - 10.9 - 12.8 - 12.8 - 12.0 - 11.3 - 11.7 - 11.9 - 11.6 - 12.9,36.5,36.4
202107030610,12.7 - 10.9 - 12.5 - 12.9 - 12.1 - 12.4 - 13.0 - 12.4 - 13.3,36.1,38.7
202107030611,12.2 - 10.4 - 11.2 - 11.9 - 12.2 - 13.2,33.8,37.3
202107030612,13.0 - 11.2 - 12.1 - 12.5 - 12.3 - 12.1 - 12.5 - 12.9 - 13.7,36.3,39.1
202107030701,12.9 - 11.5 - 13.2 - 12.5 - 11.9 - 12.1 - 12.5 - 13.0 - 13.6,37.6,39.1
202107030702,12.2 - 10.7 - 11.1 - 12.0 - 12.2 - 12.4 - 13.3,34.0,37.9
202107030703,7.5 - 11.4 - 11.7 - 12.8 - 12.7 - 12.5 - 12.5 - 12.9 - 12.8 - 13.1,30.6,38.8
202107030704,12.0 - 10.7 - 11.1 - 11.5 - 11.7 - 11.8 - 12.3,33.8,35.8
202107030705,13.0 - 11.4 - 12.2 - 13.2 - 12.9 - 12.4 - 12.0 - 11.8 - 11.5 - 11.9 - 12.2,36.6,35.6
202107030706,12.7 - 11.3 - 12.9 - 12.5 - 12.1 - 12.0 - 12.4 - 12.5 - 13.3,36.9,38.2
202107030707,12.9 - 11.1 - 12.3 - 12.7 - 12.5 - 11.5 - 11.6 - 11.5 - 11.7 - 12.1,36.3,35.3
202107030708,12.0 - 10.8 - 11.2 - 11.8 - 12.2 - 13.2,34.0,37.2
202107030709,13.1 - 11.6 - 12.8 - 12.2 - 12.1 - 11.7 - 11.5 - 11.5 - 11.7 - 12.2,37.5,35.4
202107030710,12.3 - 10.8 - 10.8 - 11.1 - 11.1 - 11.5 - 11.8,33.9,34.4
202107030711,11.9 - 10.3 - 11.0 - 11.6 - 11.2 - 12.1,33.2,34.9
202107030712,12.3 - 10.9 - 11.4 - 11.6 - 11.7 - 12.8,34.6,36.1
202107030801,12.7 - 11.3 - 12.5 - 12.6 - 12.7 - 12.6 - 12.4 - 12.3 - 13.2,36.5,37.9
202107030802,12.8 - 11.4 - 12.2 - 12.0 - 12.0 - 12.0 - 12.0 - 12.1 - 11.8 - 12.1,36.4,36.0
202107030803,12.4 - 10.9 - 11.3 - 11.7 - 12.3 - 13.5,34.6,37.5
202107030805,11.9 - 10.5 - 11.1 - 11.9 - 12.8 - 12.6 - 13.3,33.5,38.7
202107030806,12.2 - 10.5 - 11.2 - 11.4 - 11.2 - 12.1,33.9,34.7
202107030807,12.9 - 11.6 - 12.8 - 12.9 - 12.8 - 12.9 - 12.5 - 12.1 - 12.5,37.3,37.1
202107030808,12.2 - 10.5 - 11.1 - 11.4 - 11.6 - 11.3 - 12.1,33.8,35.0
202107030809,7.3 - 11.4 - 11.7 - 12.7 - 12.4 - 12.2 - 11.8 - 12.6 - 12.9 - 13.5,30.4,39.0
202107030810,12.2 - 10.9 - 10.6 - 10.9 - 11.2 - 11.4 - 12.0,33.7,34.6
202107030811,12.8 - 11.0 - 12.1 - 12.4 - 12.4 - 11.8 - 11.4 - 11.6 - 11.7 - 12.4,35.9,35.7
202107030812,7.5 - 10.7 - 12.0 - 13.6 - 12.6 - 11.8 - 12.0 - 12.8 - 13.1 - 13.2,30.2,39.1
202107040101,12.3 - 11.2 - 11.4 - 12.1 - 12.1 - 12.1 - 13.0,34.9,37.2
202107040102,12.7 - 11.0 - 12.4 - 12.2 - 12.2 - 12.5 - 13.0 - 12.9 - 12.8,36.1,38.7
202107040103,12.3 - 10.6 - 11.2 - 12.0 - 12.1 - 13.6,34.1,37.7
202107040104,12.7 - 11.3 - 12.6 - 12.7 - 12.6 - 12.2 - 11.9 - 11.8 - 11.5 - 12.0,36.6,35.3
202107040105,12.6 - 11.9 - 12.0 - 12.0 - 12.2 - 11.9 - 11.4 - 12.0,36.5,35.3
202107040106,12.1 - 10.8 - 11.1 - 11.2 - 11.4 - 12.2,34.0,34.8
202107040107,12.8 - 11.7 - 12.9 - 12.7 - 12.6 - 12.4 - 12.2 - 12.1 - 12.3,37.4,36.6
202107040108,12.1 - 11.1 - 11.5 - 11.7 - 11.6 - 11.7 - 11.2 - 12.0,34.7,34.9
202107040109,12.8 - 10.8 - 11.7 - 12.8 - 12.7 - 12.7 - 12.5 - 12.3 - 12.1 - 11.7 - 12.4,35.3,36.2
202107040110,12.8 - 10.7 - 12.3 - 12.3 - 12.1 - 12.2 - 12.5 - 12.8 - 12.8,35.8,38.1
202107040111,13.1 - 11.9 - 13.0 - 12.6 - 12.3 - 12.2 - 11.5 - 11.1 - 11.1 - 11.9,38.0,34.1
202107040112,12.1 - 10.8 - 10.9 - 11.4 - 12.0 - 12.1 - 13.2,33.8,37.3
202107040202,12.6 - 11.2 - 13.5 - 12.7 - 12.0 - 12.3 - 12.7 - 12.7 - 13.2,37.3,38.6
202107040203,7.2 - 11.4 - 11.5 - 13.4 - 12.8 - 12.0 - 12.7 - 13.5 - 12.9 - 13.7,30.1,40.1
202107040204,12.3 - 11.1 - 11.4 - 11.8 - 12.3 - 13.0 - 12.8,34.8,38.1
202107040205,12.5 - 11.1 - 11.4 - 12.2 - 12.1 - 11.6 - 12.2,35.0,35.9
202107040206,12.4 - 11.6 - 11.8 - 11.8 - 11.6 - 11.7 - 11.3 - 11.6,35.8,34.6
202107040207,12.7 - 11.4 - 13.1 - 12.6 - 12.1 - 11.9 - 12.3 - 12.0 - 12.6,37.2,36.9
202107040208,12.4 - 10.9 - 11.8 - 11.9 - 12.0 - 12.0 - 11.7 - 12.1 - 13.1 - 13.1,35.1,38.3
202107040209,12.5 - 10.6 - 10.9 - 10.9 - 11.4 - 11.9,34.0,34.2
202107040210,12.8 - 11.1 - 13.0 - 12.7 - 12.1 - 12.2 - 12.2 - 12.1 - 12.5,36.9,36.8
202107040211,12.6 - 11.3 - 12.4 - 11.8 - 12.3 - 11.9 - 11.5 - 11.6 - 11.8 - 12.6,36.3,36.0
202107040212,12.3 - 11.3 - 12.1 - 12.5 - 12.3 - 11.5 - 11.9,35.7,35.7
202107040301,12.9 - 11.0 - 13.1 - 12.8 - 12.7 - 12.6 - 13.0 - 12.8 - 12.8,37.0,38.6
202107040302,12.4 - 11.0 - 11.6 - 12.2 - 12.1 - 12.8,35.0,37.1
202107040303,7.4 - 11.0 - 11.6 - 13.6 - 13.0 - 12.8 - 12.9 - 12.8 - 12.6 - 13.2,30.0,38.6
202107040304,12.7 - 11.2 - 12.3 - 12.3 - 12.0 - 12.1 - 12.0 - 11.8 - 11.6 - 12.0,36.2,35.4
202107040305,13.1 - 11.9 - 12.2 - 11.7 - 11.7 - 11.6 - 11.3 - 11.5,37.2,34.4
202107040306,12.3 - 10.4 - 11.1 - 11.6 - 11.5 - 11.8,33.8,34.9
202107040307,12.2 - 11.0 - 11.8 - 12.0 - 11.6 - 12.7,35.0,36.3
202107040308,13.0 - 12.1 - 12.7 - 12.8 - 12.6 - 12.4 - 11.9 - 11.5 - 10.9 - 11.5,37.8,33.9
202107040309,12.7 - 11.6 - 11.5 - 12.6 - 12.4 - 12.3 - 12.1 - 11.7 - 11.6 - 11.4 - 12.0,35.8,35.0
202107040310,12.2 - 11.0 - 11.4 - 12.0 - 11.8 - 11.9 - 12.6,34.6,36.3
202107040311,12.6 - 11.5 - 11.4 - 11.4 - 11.5 - 11.3 - 11.2 - 11.9,35.5,34.4
202107040312,12.8 - 11.2 - 12.9 - 12.7 - 12.8 - 12.7 - 12.8 - 12.1 - 12.4,36.9,37.3
202107040402,12.9 - 11.4 - 13.4 - 13.3 - 12.8 - 12.7 - 12.6 - 12.2 - 12.5,37.7,37.3
202107040403,12.2 - 11.0 - 11.5 - 12.3 - 12.5 - 12.6 - 13.4,34.7,38.5
202107040404,12.4 - 10.9 - 11.5 - 12.1 - 12.1 - 11.6 - 11.5 - 12.2,34.8,35.3
202107040405,12.7 - 11.4 - 11.7 - 11.7 - 11.5 - 11.7,35.8,34.9
202107040406,12.8 - 11.1 - 11.3 - 12.8 - 12.9 - 12.8 - 12.2 - 12.2 - 12.1 - 12.2 - 12.7,35.2,37.0
202107040407,12.1 - 10.9 - 11.7 - 12.3 - 12.4 - 12.1 - 12.6,34.7,37.1
202107040408,7.3 - 11.3 - 11.2 - 13.0 - 13.0 - 12.8 - 12.6 - 12.8 - 12.5 - 13.2,29.8,38.5
202107040409,12.5 - 11.0 - 11.5 - 12.0 - 11.8 - 12.3,35.0,36.1
202107040410,12.7 - 11.5 - 13.1 - 12.6 - 12.4 - 12.3 - 12.1 - 11.3 - 11.6 - 11.9,37.3,34.8
202107040411,12.9 - 11.5 - 13.6 - 13.1 - 11.8 - 11.9 - 12.1 - 11.8 - 12.5,38.0,36.4
202107040412,12.3 - 10.9 - 11.3 - 11.7 - 11.6 - 11.5 - 12.0,34.5,35.1
202107050101,12.7 - 11.6 - 13.0 - 12.6 - 11.4 - 11.6,37.3,35.6
202107050102,12.8 - 11.3 - 12.8 - 12.7 - 12.4 - 12.7 - 12.4 - 12.5 - 13.3,36.9,38.2
202107050103,13.1 - 10.7 - 12.7 - 12.7 - 12.4 - 12.3 - 12.1 - 11.8 - 11.6 - 11.8,36.5,35.2
202107050104,13.2 - 12.6 - 13.6 - 13.3 - 12.9 - 11.9 - 10.8 - 10.7,39.4,33.4
202107050105,12.5 - 11.0 - 11.3 - 11.9 - 11.9 - 11.6 - 12.1,34.8,35.6
202107050106,7.4 - 11.2 - 11.6 - 13.4 - 12.9 - 12.3 - 12.2 - 12.3 - 12.2 - 12.5,30.2,37.0
202107050107,12.1 - 11.3 - 11.5 - 11.9 - 12.0 - 12.0 - 12.5,34.9,36.5
202107050108,12.6 - 11.4 - 12.6 - 12.5 - 11.6 - 12.2 - 11.8 - 11.4 - 11.4 - 11.9,36.6,34.7
202107050109,13.2 - 11.5 - 12.3 - 12.8 - 12.7 - 12.5 - 12.3 - 11.5 - 12.0,37.0,35.8
202107050110,13.0 - 11.3 - 11.4 - 12.8 - 12.8 - 12.2 - 12.0 - 11.7 - 11.7 - 11.4 - 11.8,35.7,34.9
202107050111,12.1 - 10.6 - 11.2 - 11.9 - 12.0 - 11.7 - 12.6,33.9,36.3
202107050112,12.5 - 10.7 - 11.2 - 11.7 - 11.6 - 12.5,34.4,35.8
202107050201,12.3 - 11.3 - 11.6 - 11.9 - 12.6 - 12.3 - 12.6,35.2,37.5
202107050202,12.4 - 10.6 - 11.0 - 11.8 - 11.8 - 11.8 - 12.0,34.0,35.6
202107050203,13.0 - 11.4 - 13.0 - 12.6 - 12.1 - 12.5 - 12.9 - 12.5 - 12.9,37.4,38.3
202107050204,12.4 - 10.6 - 11.3 - 11.9 - 11.8 - 12.6,34.3,36.3
202107050205,13.8 - 11.6 - 12.8 - 12.7 - 12.3 - 12.5 - 12.2 - 11.4 - 11.3 - 11.7,38.2,34.4
202107050206,12.3 - 10.9 - 11.1 - 11.9 - 12.0 - 12.4 - 13.1,34.3,37.5
202107050207,12.7 - 11.2 - 13.2 - 12.3 - 11.5 - 12.2 - 12.9 - 12.9 - 12.5,37.1,38.3
202107050208,12.9 - 10.9 - 13.1 - 12.5 - 12.1 - 12.5 - 12.6 - 12.4 - 12.3,36.9,37.3
202107050209,12.7 - 11.4 - 13.6 - 12.5 - 12.3 - 11.8 - 11.5 - 11.4 - 11.2 - 12.0,37.7,34.6
202107050210,12.1 - 10.9 - 11.3 - 11.8 - 11.8 - 12.3,34.3,35.9
202107050211,11.9 - 10.3 - 10.7 - 10.9 - 11.1 - 12.3,32.9,34.3
202107050212,12.1 - 10.9 - 11.5 - 11.8 - 11.6 - 11.4 - 11.8,34.5,34.8
202107050301,12.3 - 10.9 - 11.9 - 12.2 - 12.2 - 12.1 - 12.7,35.1,37.0
202107050302,12.5 - 11.0 - 11.8 - 12.7 - 11.5 - 11.6,35.3,35.8
202107050303,12.9 - 11.7 - 11.4 - 12.1 - 12.3 - 12.3 - 11.9 - 12.2,36.0,36.4
202107050304,12.8 - 11.1 - 13.4 - 12.9 - 12.7 - 12.8 - 12.9 - 12.6 - 12.3,37.3,37.8
202107050305,12.6 - 10.8 - 11.8 - 12.1 - 11.6 - 11.8,35.2,35.5
202107050306,12.6 - 10.7 - 12.3 - 12.6 - 12.2 - 12.5 - 12.5 - 12.0 - 12.5,35.6,37.0
202107050307,12.4 - 10.2 - 11.5 - 12.1 - 11.9 - 12.8,34.1,36.8
202107050309,12.5 - 10.6 - 11.5 - 12.7 - 12.8 - 12.5 - 12.3 - 12.3 - 11.9 - 11.5 - 12.0,34.6,35.4
202107050310,12.7 - 11.0 - 12.4 - 11.8 - 11.6 - 11.6 - 12.3 - 12.4 - 12.9,36.1,37.6
202107050311,13.2 - 11.4 - 12.8 - 12.7 - 12.5 - 12.2 - 12.1 - 11.6 - 11.2 - 11.5,37.4,34.3
202107050312,12.1 - 10.8 - 10.9 - 11.9 - 12.4 - 12.1 - 12.8,33.8,37.3
202107050401,12.3 - 11.3 - 11.7 - 12.3 - 12.5 - 12.2 - 12.6,35.3,37.3
202107050402,12.9 - 11.2 - 12.6 - 12.6 - 12.5 - 12.6 - 12.9 - 12.5 - 12.5,36.7,37.9
202107050403,12.3 - 10.8 - 11.8 - 11.7 - 11.5 - 11.6,34.9,34.8
202107050404,12.3 - 10.7 - 11.2 - 11.6 - 12.2 - 12.6 - 12.5,34.2,37.3
202107050405,13.7 - 12.4 - 13.6 - 13.0 - 13.1 - 12.7 - 12.3 - 11.7 - 11.1 - 11.2,39.7,34.0
202107050406,7.5 - 11.1 - 11.4 - 12.9 - 12.7 - 12.5 - 12.4 - 12.2 - 12.3 - 12.8,30.0,37.3
202107050407,12.3 - 10.7 - 11.4 - 11.9 - 11.8 - 12.5,34.4,36.2
202107050408,13.0 - 11.4 - 13.1 - 13.0 - 11.9 - 11.9 - 12.2 - 12.4 - 12.8,37.5,37.4
202107050409,12.9 - 11.4 - 12.0 - 13.2 - 12.6 - 11.9 - 11.9 - 11.9 - 11.3 - 11.5 - 11.8,36.3,34.6
202107050410,13.1 - 12.2 - 11.6 - 11.9 - 12.2 - 11.4 - 10.8 - 11.4,36.9,33.6
202107050411,13.1 - 10.9 - 12.3 - 12.7 - 12.2 - 12.0 - 12.2 - 11.6 - 11.3 - 11.7,36.3,34.6
202107050412,12.7 - 10.8 - 11.2 - 11.9 - 12.0 - 11.8 - 12.6,34.7,36.4
202107050501,12.3 - 10.7 - 11.5 - 11.9 - 12.1 - 13.2,34.5,37.2
202107050502,12.8 - 11.4 - 13.3 - 13.5 - 12.4 - 12.3 - 12.3 - 12.5 - 12.5,37.5,37.3
202107050503,13.5 - 11.9 - 13.8 - 13.3 - 13.0 - 12.6 - 12.0 - 11.2 - 11.0 - 11.5,39.2,33.7
202107050504,12.4 - 11.0 - 11.9 - 12.5 - 12.6 - 12.8 - 12.9,35.3,38.3
202107050505,12.9 - 11.8 - 12.7 - 12.5 - 12.1 - 11.7 - 11.5 - 12.1,37.4,35.3
202107050506,7.4 - 11.0 - 11.1 - 13.2 - 13.1 - 12.5 - 12.2 - 12.8 - 12.8 - 12.8,29.5,38.4
202107050507,12.8 - 11.8 - 13.6 - 12.8 - 12.0 - 11.8 - 12.2 - 12.6 - 13.1,38.2,37.9
202107050508,12.6 - 11.1 - 11.6 - 11.6 - 11.7 - 11.4 - 11.8 - 12.4,35.3,35.6
202107050509,12.0 - 11.3 - 11.6 - 11.8 - 12.0 - 12.3 - 12.9,34.9,37.2
202107050510,13.0 - 12.0 - 12.1 - 11.4 - 11.5 - 11.7 - 11.2 - 12.0,37.1,34.9
202107050511,12.4 - 11.0 - 13.3 - 13.2 - 11.8 - 11.8 - 12.2 - 12.4 - 13.1,36.7,37.7
202107050512,12.1 - 10.6 - 11.4 - 11.0 - 11.5 - 12.0,34.1,34.5
202107050601,12.4 - 11.3 - 11.9 - 12.2 - 12.4 - 12.4 - 13.0,35.6,37.8
202107050602,13.0 - 11.9 - 13.3 - 12.2 - 12.0 - 12.6 - 12.6 - 13.1 - 13.2,38.2,38.9
202107050603,12.9 - 11.0 - 12.6 - 12.7 - 12.2 - 12.1 - 11.9 - 11.5 - 11.5 - 11.6,36.5,34.6
202107050604,12.5 - 11.7 - 12.0 - 12.6 - 12.5 - 12.5 - 13.1,36.2,38.1
202107050605,12.8 - 11.4 - 11.8 - 12.1 - 11.7 - 11.1 - 11.4,36.0,34.2
202107050606,12.4 - 10.5 - 11.3 - 11.7 - 12.7 - 12.7,34.2,37.1
202107050607,13.2 - 11.9 - 13.5 - 12.7 - 11.8 - 12.5 - 12.3 - 12.2 - 12.7,38.6,37.2
202107050608,12.3 - 10.9 - 11.5 - 12.2 - 12.3 - 12.4 - 12.7,34.7,37.4
202107050609,13.2 - 11.4 - 12.0 - 11.7 - 12.2 - 12.3 - 12.0 - 11.7 - 11.4 - 11.9,36.6,35.0
202107050610,12.9 - 11.6 - 13.0 - 13.1 - 12.5 - 11.8 - 11.7 - 11.4 - 11.3 - 11.4,37.5,34.1
202107050611,12.3 - 10.3 - 10.8 - 11.4 - 11.4 - 11.9,33.4,34.7
202107050612,12.9 - 11.6 - 13.3 - 12.9 - 12.3 - 12.2 - 12.1 - 12.7 - 12.8,37.8,37.6
202107050702,12.8 - 11.3 - 13.1 - 12.4 - 12.0 - 12.6 - 12.7 - 12.1 - 12.2,37.2,37.0
202107050703,12.7 - 11.4 - 11.8 - 11.9 - 12.2 - 12.1 - 11.9 - 12.5,35.9,36.5
202107050704,12.7 - 11.0 - 11.5 - 11.7 - 12.1 - 12.2,35.2,36.0
202107050705,13.5 - 12.6 - 13.8 - 13.8 - 13.4 - 13.0 - 13.0 - 12.2 - 11.6 - 11.7,39.9,35.5
202107050706,12.8 - 11.2 - 12.7 - 12.3 - 12.0 - 12.3 - 12.4 - 13.1 - 13.3,36.7,38.8
202107050707,7.2 - 11.1 - 11.9 - 13.2 - 12.6 - 12.4 - 12.4 - 12.5 - 12.2 - 12.4,30.2,37.1
202107050708,13.0 - 11.9 - 13.4 - 13.1 - 12.8 - 11.9 - 12.2 - 12.2 - 11.8 - 12.5,38.3,36.5
202107050709,12.4 - 11.0 - 11.8 - 11.6 - 11.7 - 12.3,35.2,35.6
202107050710,12.2 - 10.6 - 11.1 - 11.6 - 11.9 - 12.2 - 12.8,33.9,36.9
202107050711,13.1 - 11.4 - 12.5 - 13.6 - 13.2 - 12.8 - 12.5 - 12.4 - 11.9 - 12.2 - 12.4,37.0,36.5
202107050712,12.2 - 10.4 - 11.5 - 12.0 - 12.2 - 12.4,34.1,36.6
202107050801,12.2 - 10.9 - 11.4 - 12.7 - 12.7 - 13.2 - 13.8,34.5,39.7
202107050802,13.2 - 11.4 - 12.2 - 11.9 - 11.9 - 12.0 - 12.0 - 11.9 - 11.9 - 12.5,36.8,36.3
202107050803,12.8 - 11.7 - 12.0 - 12.8 - 12.6 - 11.9 - 12.2,36.5,36.7
202107050804,12.5 - 10.8 - 11.8 - 12.6 - 12.0 - 12.7,35.1,37.3
202107050805,13.2 - 11.4 - 13.2 - 13.1 - 12.1 - 11.7 - 11.7 - 11.7 - 11.8 - 11.9,37.8,35.4
202107050806,12.9 - 11.4 - 12.9 - 12.9 - 12.2 - 12.3 - 12.4 - 12.6 - 13.3,37.2,38.3
202107050807,12.5 - 11.1 - 11.6 - 11.6 - 11.7 - 11.4 - 11.4 - 11.3,35.2,34.1
202107050808,7.3 - 11.6 - 12.0 - 13.3 - 13.0 - 12.2 - 12.2 - 12.4 - 12.4 - 12.9,30.9,37.7
202107050809,12.6 - 10.6 - 11.1 - 11.9 - 11.8 - 11.4 - 12.0,34.3,35.2
202107050810,12.6 - 11.4 - 12.6 - 12.5 - 12.3 - 12.0 - 11.7 - 11.2 - 11.4 - 12.2,36.6,34.8
202107050811,7.0 - 11.2 - 11.5 - 12.9 - 12.5 - 12.1 - 12.1 - 12.6 - 12.4 - 13.1,29.7,38.1
202107050812,12.7 - 10.9 - 11.1 - 11.4 - 11.4 - 11.4 - 11.7,34.7,34.5
202107050901,12.5 - 11.2 - 12.1 - 12.2 - 12.3 - 12.4,35.8,36.9
202107050902,12.8 - 11.5 - 13.1 - 13.2 - 12.9 - 12.7 - 12.8 - 12.8 - 13.5,37.4,39.1
202107050903,12.4 - 10.8 - 10.9 - 11.5 - 11.6 - 11.6 - 12.4,34.1,35.6
202107050904,13.0 - 11.2 - 13.4 - 13.5 - 12.5 - 12.8 - 13.2 - 12.6 - 13.1,37.6,38.9
202107050905,12.8 - 11.5 - 12.0 - 11.9 - 11.7 - 11.5 - 11.6 - 12.2,36.3,35.3
202107050906,7.2 - 11.2 - 11.6 - 13.4 - 12.8 - 12.3 - 12.4 - 12.3 - 12.8 - 13.1,30.0,38.2
202107050907,12.6 - 11.1 - 11.4 - 12.4 - 12.2 - 12.2 - 12.3 - 12.0 - 12.1 - 11.9 - 12.3,35.1,36.3
202107050908,12.4 - 11.0 - 11.8 - 12.1 - 12.0 - 12.4 - 12.6,35.2,37.0
202107050909,13.5 - 12.0 - 13.1 - 13.2 - 12.5 - 12.3 - 11.7 - 11.1 - 10.8 - 11.3,38.6,33.2
202107050910,7.0 - 11.3 - 11.4 - 13.0 - 12.6 - 12.7 - 12.3 - 12.5 - 12.5 - 13.5,29.7,38.5
202107050911,12.5 - 11.0 - 11.4 - 11.5 - 11.5 - 11.5 - 11.3 - 11.9,34.9,34.7
202107050912,12.5 - 10.7 - 11.4 - 12.3 - 12.3 - 12.0 - 12.6,34.6,36.9
202107060101,12.6 - 11.3 - 12.3 - 12.4 - 12.0 - 12.6,36.2,37.0
202107060102,13.0 - 11.3 - 12.6 - 12.4 - 13.1 - 12.8 - 13.5 - 13.4 - 13.8,36.9,40.7
202107060103,12.3 - 11.1 - 11.8 - 12.2 - 12.3 - 12.1 - 13.5,35.2,37.9
202107060104,12.7 - 11.8 - 12.0 - 11.8 - 11.8 - 11.5 - 11.7 - 12.2,36.5,35.4
202107060105,12.4 - 10.8 - 11.5 - 11.9 - 12.2 - 13.5,34.7,37.6
202107060106,7.5 - 11.3 - 12.0 - 14.0 - 13.2 - 12.3 - 12.2 - 12.5 - 12.4 - 13.1,30.8,38.0
202107060107,11.9 - 11.0 - 10.8 - 11.8 - 11.9 - 11.7 - 12.1,33.7,35.7
202107060108,12.9 - 11.0 - 12.9 - 13.1 - 12.8 - 12.7 - 12.7 - 12.6 - 13.0,36.8,38.3
202107060109,12.6 - 11.0 - 11.5 - 11.8 - 12.0 - 11.7 - 11.3 - 11.7,35.1,34.7
202107060110,13.1 - 12.4 - 14.0 - 13.0 - 12.6 - 12.5 - 12.3 - 11.9 - 12.5,39.5,36.7
202107060111,12.2 - 10.9 - 11.1 - 11.4 - 11.5 - 11.4 - 12.2,34.2,35.1
202107060112,12.7 - 10.7 - 12.6 - 12.6 - 12.2 - 12.3 - 12.3 - 11.8 - 11.5 - 12.2,36.0,35.5
202107060201,13.2 - 11.4 - 13.3 - 13.3 - 12.9 - 13.0 - 12.8 - 12.7 - 12.8,37.9,38.3
202107060202,12.5 - 11.2 - 11.9 - 12.3 - 12.2 - 12.9,35.6,37.4
202107060203,12.7 - 11.1 - 13.6 - 13.4 - 13.1 - 13.4 - 12.9 - 12.3 - 12.5,37.4,37.7
202107060204,12.8 - 11.0 - 11.6 - 12.0 - 11.7 - 11.4 - 12.0,35.4,35.1
202107060205,13.7 - 11.5 - 12.9 - 12.7 - 13.0 - 12.8 - 12.2 - 11.6 - 11.4 - 11.6,38.1,34.6
202107060206,12.3 - 11.0 - 11.6 - 12.4 - 12.3 - 12.4 - 13.4,34.9,38.1
202107060207,12.8 - 11.0 - 12.9 - 12.8 - 12.7 - 12.7 - 13.0 - 12.2 - 12.7,36.7,37.9
202107060208,12.5 - 10.9 - 11.3 - 12.8 - 12.8 - 12.9 - 11.9 - 12.0 - 12.1 - 11.6 - 12.2,34.7,35.9
202107060209,12.9 - 11.5 - 11.9 - 12.0 - 11.8 - 11.5 - 11.6 - 12.1,36.3,35.2
202107060210,13.0 - 11.7 - 12.1 - 12.1 - 12.2 - 11.2 - 11.4 - 11.4,36.8,34.0
202107060211,12.5 - 11.1 - 12.9 - 12.8 - 12.1 - 12.3 - 12.2 - 11.8 - 12.0,36.5,36.0
202107060212,12.0 - 10.9 - 11.5 - 12.0 - 12.3 - 12.4 - 13.4,34.4,38.1
202107060301,13.3 - 11.4 - 13.5 - 13.0 - 12.4 - 12.8 - 12.8 - 12.7 - 12.7,38.2,38.2
202107060302,12.4 - 10.8 - 11.7 - 12.2 - 12.4 - 13.3,34.9,37.9
202107060303,12.9 - 11.1 - 13.3 - 12.6 - 12.4 - 12.5 - 12.7 - 12.2 - 13.0,37.3,37.9
202107060304,12.9 - 11.4 - 12.3 - 12.4 - 12.5 - 11.7 - 11.6 - 11.7,36.6,35.0
202107060305,12.5 - 11.1 - 11.9 - 12.7 - 12.9 - 12.1 - 13.0,35.5,38.0
202107060306,12.7 - 11.3 - 14.1 - 12.7 - 12.4 - 12.3 - 12.9 - 12.6 - 13.5,38.1,39.0
202107060307,12.0 - 11.0 - 11.6 - 11.9 - 12.4 - 12.4 - 13.5,34.6,38.3
202107060308,12.2 - 10.6 - 11.4 - 11.4 - 11.4 - 11.8,34.2,34.6
202107060309,12.8 - 11.0 - 12.6 - 12.5 - 12.0 - 11.9 - 12.0 - 11.6 - 11.8 - 12.4,36.4,35.8
202107060310,7.5 - 11.2 - 11.4 - 13.5 - 12.8 - 12.0 - 12.4 - 13.0 - 12.7 - 13.5,30.1,39.2
202107060311,12.6 - 11.1 - 12.8 - 12.5 - 12.1 - 11.9 - 11.8 - 11.1 - 11.3 - 12.6,36.5,35.0
202107060312,12.3 - 10.8 - 11.5 - 12.0 - 11.8 - 12.9,34.6,36.7
202107060401,12.6 - 11.1 - 13.5 - 13.1 - 12.6 - 13.0 - 12.8 - 13.2 - 13.8,37.2,39.8
202107060402,12.3 - 10.8 - 11.4 - 12.4 - 12.8 - 12.6 - 13.5,34.5,38.9
202107060403,12.4 - 10.8 - 11.6 - 12.2 - 12.5 - 12.8,34.8,37.5
202107060404,12.5 - 11.0 - 12.6 - 12.8 - 12.6 - 12.4 - 12.3 - 11.8 - 11.8 - 12.4,36.1,36.0
202107060405,12.3 - 11.4 - 12.0 - 12.4 - 12.3 - 11.9 - 12.7,35.7,36.9
202107060406,7.2 - 11.1 - 11.8 - 13.8 - 13.1 - 12.6 - 12.5 - 12.5 - 12.1 - 13.5,30.1,38.1
202107060407,12.6 - 11.4 - 11.7 - 11.5 - 12.0 - 11.7 - 11.5 - 11.6,35.7,34.8
202107060408,12.8 - 11.4 - 14.0 - 13.2 - 12.2 - 12.8 - 12.6 - 12.6 - 13.1,38.2,38.3
202107060409,12.5 - 10.3 - 11.3 - 11.8 - 12.7 - 13.4,34.1,37.9
202107060410,12.4 - 11.3 - 11.2 - 11.7 - 11.6 - 11.6 - 11.9,34.9,35.1
202107060411,12.2 - 10.9 - 11.2 - 11.1 - 11.0 - 12.3,34.3,34.4
202107060412,12.8 - 11.3 - 12.8 - 12.5 - 12.4 - 12.1 - 12.0 - 11.5 - 11.2 - 12.1,36.9,34.8
202107060501,12.3 - 11.0 - 11.4 - 11.9 - 12.0 - 12.3 - 12.7,34.7,37.0
202107060502,12.7 - 10.7 - 12.6 - 12.3 - 12.5 - 12.7 - 12.8 - 12.2 - 13.0,36.0,38.0
202107060503,12.4 - 11.1 - 11.0 - 11.8 - 12.0 - 12.4 - 13.0,34.5,37.4
202107060504,12.7 - 11.3 - 12.8 - 12.9 - 12.5 - 12.3 - 12.2 - 11.8 - 11.4 - 12.6,36.8,35.8
202107060505,13.5 - 11.5 - 12.8 - 12.6 - 12.6 - 12.9 - 12.5 - 12.6 - 13.0,37.8,38.1
202107060506,12.3 - 10.5 - 11.3 - 11.5 - 12.0 - 13.3,34.1,36.8
202107060507,12.1 - 10.6 - 11.3 - 11.8 - 11.8 - 11.3 - 12.3,34.0,35.4
202107060508,12.5 - 10.8 - 12.7 - 12.4 - 12.3 - 12.3 - 12.6 - 12.2 - 12.8,36.0,37.6
202107060509,12.7 - 11.3 - 11.5 - 12.6 - 12.5 - 12.4 - 12.2 - 12.0 - 11.6 - 12.3 - 12.7,35.5,36.6
202107060510,12.1 - 10.5 - 11.1 - 11.3 - 11.3 - 12.1,33.7,34.7
202107060511,12.0 - 10.9 - 11.2 - 11.2 - 11.2 - 12.4,34.1,34.8
202107060512,12.4 - 10.8 - 11.2 - 11.6 - 11.7 - 12.0 - 12.6,34.4,36.3
202107060601,12.6 - 10.8 - 12.7 - 12.5 - 12.7 - 13.0 - 12.5 - 12.3 - 13.7,36.1,38.5
202107060602,12.3 - 10.8 - 11.5 - 12.4 - 12.3 - 11.8 - 12.7,34.6,36.8
202107060603,7.3 - 11.1 - 11.3 - 13.6 - 12.9 - 12.0 - 12.4 - 12.1 - 12.1 - 13.1,29.7,37.3
202107060604,12.1 - 10.6 - 11.2 - 11.9 - 11.9 - 11.5 - 12.9,33.9,36.3
202107060605,12.4 - 11.4 - 11.9 - 12.2 - 11.6 - 11.6 - 12.2,35.7,35.4
202107060606,12.2 - 10.2 - 11.3 - 11.7 - 12.4 - 13.3,33.7,37.4
202107060607,12.6 - 11.5 - 13.5 - 12.4 - 12.2 - 12.4 - 12.4 - 12.0 - 12.9,37.6,37.3
202107060608,12.6 - 11.4 - 11.9 - 12.0 - 12.0 - 11.2 - 11.1 - 12.3,35.9,34.6
202107060609,12.7 - 11.0 - 12.9 - 12.6 - 12.4 - 12.1 - 12.0 - 11.4 - 11.7 - 12.8,36.6,35.9
202107060610,12.1 - 10.6 - 10.9 - 12.2 - 12.3 - 12.3 - 13.2,33.6,37.8
202107060611,12.8 - 10.8 - 13.0 - 12.3 - 12.1 - 12.3 - 12.1 - 12.2 - 13.0,36.6,37.3
202107060612,12.3 - 11.4 - 11.7 - 13.5 - 12.6 - 12.5 - 12.2 - 11.9 - 11.6 - 11.7 - 12.4,35.4,35.7
202109010101,13.1 - 11.8 - 13.5 - 12.8 - 13.1 - 13.0 - 12.7 - 12.6 - 13.2,38.4,38.5
202109010102,12.3 - 11.0 - 11.8 - 12.6 - 12.3 - 13.4,35.1,38.3
202109010103,13.1 - 11.7 - 13.7 - 12.9 - 13.0 - 12.7 - 12.6 - 12.3 - 13.4,38.5,38.3
202109010104,12.5 - 11.2 - 12.4 - 12.8 - 12.3 - 12.6,36.1,37.7
202109010105,12.7 - 11.1 - 13.1 - 12.8 - 12.5 - 12.3 - 11.9 - 11.7 - 11.4 - 12.4,36.9,35.5
202109010106,12.0 - 10.9 - 12.0 - 12.3 - 12.5 - 12.5 - 13.0,34.9,38.0
202109010107,12.8 - 11.6 - 13.5 - 12.4 - 12.3 - 12.0 - 11.9 - 12.4 - 13.9,37.9,38.2
202109010108,12.1 - 10.9 - 12.1 - 12.3 - 12.3 - 12.5 - 13.5,35.1,38.3
202109010109,12.2 - 11.0 - 11.4 - 11.7 - 11.8 - 11.1 - 11.8,34.6,34.7
202109010110,12.9 - 11.7 - 12.0 - 12.3 - 12.2 - 11.7 - 11.0 - 10.9 - 11.6,36.6,33.5
202109010111,13.2 - 12.0 - 12.4 - 12.7 - 11.9 - 11.0 - 10.6 - 11.4,37.6,33.0
202109010112,12.9 - 11.6 - 11.4 - 13.1 - 12.7 - 12.6 - 12.9 - 13.2 - 12.8 - 13.5,35.9,39.5
202109010201,12.5 - 10.9 - 11.9 - 12.5 - 12.3 - 13.3,35.3,38.1
202109010202,12.8 - 11.1 - 13.6 - 12.8 - 12.8 - 13.0 - 13.0 - 12.5 - 12.7,37.5,38.2
202109010203,12.3 - 11.3 - 12.0 - 12.6 - 12.5 - 12.1 - 13.5,35.6,38.1
202109010204,12.8 - 11.9 - 14.3 - 13.3 - 12.6 - 12.8 - 12.6 - 12.7 - 13.3,39.0,38.6
202109010205,12.5 - 11.2 - 11.9 - 12.1 - 12.2 - 11.4 - 10.7 - 12.1,35.6,34.2
202109010206,12.5 - 11.0 - 11.8 - 12.1 - 11.9 - 13.3,35.3,37.3
202109010207,13.7 - 13.2 - 13.6 - 13.0 - 12.7 - 12.4 - 12.5 - 12.2 - 11.6 - 11.1 - 10.9 - 11.8,40.5,33.8
202109010208,12.7 - 11.3 - 12.7 - 12.3 - 11.9 - 11.8 - 11.7 - 11.5 - 11.0 - 12.0,36.7,34.5
202109010209,12.6 - 11.2 - 11.4 - 11.8 - 11.9 - 11.5 - 10.9 - 12.2,35.2,34.6
202109010210,12.8 - 11.3 - 13.8 - 12.6 - 12.2 - 12.5 - 12.2 - 12.2 - 12.9,37.9,37.3
202109010211,12.3 - 10.8 - 11.8 - 12.3 - 12.1 - 11.9 - 12.0 - 12.2 - 11.3 - 11.5 - 12.2,34.9,35.0
202109010212,12.2 - 10.9 - 11.6 - 12.1 - 12.5 - 12.2 - 13.2,34.7,37.9
202109010301,12.8 - 11.3 - 13.4 - 12.9 - 12.5 - 13.2 - 13.1 - 13.3 - 14.1,37.5,40.5
202109010302,12.1 - 10.7 - 11.6 - 12.6 - 12.8 - 12.6 - 13.1,34.4,38.5
202109010303,12.7 - 11.3 - 11.5 - 13.6 - 13.0 - 13.2 - 13.6 - 13.7 - 13.2 - 13.5,35.5,40.4
202109010304,12.2 - 10.8 - 11.8 - 12.7 - 13.0 - 13.1 - 13.9,34.8,40.0
202109010305,12.8 - 11.7 - 12.9 - 12.6 - 12.5 - 12.3 - 12.4 - 12.4 - 12.2 - 11.5 - 11.2 - 12.2,37.4,34.9
202109010306,12.9 - 10.7 - 12.4 - 12.3 - 12.5 - 13.1 - 13.2 - 13.2 - 13.1,36.0,39.5
202109010307,12.6 - 11.1 - 11.5 - 11.8 - 11.6 - 11.0 - 11.3 - 12.0,35.2,34.3
202109010308,12.8 - 12.2 - 14.6 - 13.5 - 13.3 - 12.5 - 12.4 - 11.7 - 12.8,39.6,36.9
202109010309,12.4 - 11.1 - 11.8 - 12.1 - 12.3 - 12.0 - 11.2 - 11.5 - 11.8,35.3,34.5
202109010310,12.3 - 10.4 - 11.6 - 12.1 - 12.2 - 12.8,34.3,37.1
202109010311,12.0 - 10.8 - 11.2 - 11.7 - 11.4 - 11.2 - 11.7,34.0,34.3
202109010312,12.1 - 11.0 - 11.9 - 12.2 - 12.0 - 12.9,35.0,37.1
202109010401,12.6 - 11.4 - 12.1 - 12.3 - 11.9 - 12.5,36.1,36.7
202109010402,12.8 - 12.0 - 14.0 - 12.8 - 12.6 - 12.8 - 12.6 - 12.4 - 13.2,38.8,38.2
202109010403,11.9 - 11.2 - 11.6 - 12.4 - 12.7 - 12.4 - 13.4,34.7,38.5
202109010404,13.1 - 11.2 - 14.0 - 13.6 - 13.1 - 13.1 - 12.8 - 12.4 - 12.9,38.3,38.1
202109010405,12.4 - 10.8 - 11.2 - 11.7 - 12.3 - 12.1 - 11.4 - 11.6 - 12.5,34.4,35.5
202109010406,12.2 - 10.7 - 11.2 - 11.5 - 11.4 - 11.5 - 12.0,34.1,34.9
202109010407,13.1 - 12.0 - 12.5 - 14.2 - 12.4 - 12.4 - 12.7 - 12.8 - 12.6 - 13.9,37.6,39.3
202109010408,12.3 - 11.3 - 11.8 - 12.1 - 11.9 - 11.2 - 10.9 - 12.2,35.4,34.3
202109010409,12.8 - 11.8 - 13.5 - 12.6 - 12.3 - 12.6 - 12.5 - 12.2 - 12.8,38.1,37.5
202109010410,12.1 - 10.7 - 11.3 - 11.5 - 11.3 - 11.6 - 11.8,34.1,34.7
202109010411,12.2 - 10.9 - 11.6 - 12.0 - 11.9 - 12.8,34.7,36.7
202109010412,12.2 - 11.0 - 11.9 - 12.4 - 12.3 - 12.3 - 13.3,35.1,37.9
202109010501,12.7 - 11.4 - 11.8 - 12.1 - 12.4 - 13.1,35.9,37.6
202109010502,13.2 - 11.8 - 14.3 - 13.2 - 12.7 - 12.5 - 12.5 - 12.5 - 13.0,39.3,38.0
202109010503,12.6 - 11.0 - 11.6 - 12.2 - 12.6 - 12.8 - 13.3,35.2,38.7
202109010504,13.0 - 12.1 - 13.7 - 13.2 - 12.9 - 12.6 - 12.4 - 12.1 - 13.2,38.8,37.7
202109010505,12.5 - 10.8 - 12.1 - 12.0 - 12.0 - 11.6 - 11.1 - 11.7,35.4,34.4
202109010506,13.0 - 11.5 - 12.8 - 12.7 - 12.6 - 12.5 - 12.7 - 12.7 - 13.6,37.3,39.0
202109010507,12.4 - 10.8 - 11.4 - 11.8 - 12.6 - 13.7,34.6,38.1
202109010508,13.2 - 12.1 - 14.1 - 13.2 - 13.4 - 12.9 - 12.0 - 11.8 - 12.4,39.4,36.2
202109010509,12.9 - 11.1 - 11.1 - 11.9 - 12.4 - 12.4 - 12.3 - 12.5 - 13.5 - 13.0 - 11.9 - 11.9 - 11.9 - 12.0 - 11.5 - 12.6,35.1,36.1
202109010510,12.0 - 10.3 - 10.7 - 10.8 - 11.8 - 12.9,33.0,35.5
202109010511,12.6 - 10.9 - 11.6 - 13.5 - 12.4 - 12.6 - 12.8 - 12.2 - 12.7 - 13.2,35.1,38.1
202109010512,12.1 - 10.3 - 10.8 - 11.1 - 11.0 - 12.3 - 12.4,33.2,35.7
202109010601,12.9 - 11.1 - 13.9 - 13.5 - 13.5 - 13.4 - 12.7 - 12.5 - 12.6,37.9,37.8
202109010602,12.5 - 11.4 - 12.2 - 12.6 - 12.4 - 13.1,36.1,38.1
202109010603,12.9 - 11.6 - 13.7 - 13.3 - 12.8 - 12.4 - 12.6 - 13.1 - 13.1,38.2,38.8
202109010604,12.8 - 11.1 - 11.3 - 12.3 - 12.6 - 12.4 - 11.3 - 11.4 - 11.4,35.2,34.1
202109010605,12.7 - 11.1 - 12.8 - 13.1 - 12.7 - 12.7 - 12.4 - 12.0 - 11.1 - 11.5,36.6,34.6
202109010606,12.1 - 10.5 - 12.0 - 12.4 - 12.6 - 12.6 - 13.5,34.6,38.7
202109010607,12.6 - 11.1 - 13.7 - 13.0 - 12.4 - 12.4 - 12.6 - 12.3 - 12.9,37.4,37.8
202109010608,12.8 - 11.4 - 12.2 - 12.3 - 12.2 - 12.3 - 12.1 - 12.3 - 11.9 - 11.2 - 11.2 - 12.2,36.4,34.6
202109010609,12.6 - 11.2 - 11.8 - 13.5 - 13.1 - 13.4 - 12.5 - 12.4 - 12.1 - 12.7,35.6,37.2
202109010610,12.3 - 10.8 - 10.9 - 12.7 - 13.6 - 12.5 - 12.4 - 12.1 - 11.7 - 11.6 - 11.8,34.0,35.1
202109010611,12.2 - 10.6 - 11.2 - 11.4 - 11.2 - 10.8 - 11.8,34.0,33.8
202109010612,12.1 - 10.6 - 11.6 - 12.1 - 12.3 - 12.3 - 13.4,34.3,38.0
202109010701,13.1 - 11.5 - 13.5 - 12.6 - 12.8 - 12.5 - 12.5 - 12.7 - 13.7,38.1,38.9
202109010702,12.3 - 10.9 - 11.4 - 11.8 - 12.5 - 13.4,34.6,37.7
202109010703,13.3 - 11.8 - 13.5 - 12.5 - 12.4 - 12.4 - 12.4 - 12.6 - 13.8,38.6,38.8
202109010704,12.6 - 11.0 - 11.7 - 12.3 - 12.2 - 11.5 - 11.5 - 12.5,35.3,35.5
202109010705,12.2 - 10.9 - 11.8 - 11.9 - 11.9 - 13.1,34.9,36.9
202109010706,13.2 - 12.4 - 12.9 - 14.2 - 12.6 - 12.7 - 12.6 - 11.9 - 12.1 - 13.0,38.5,37.0
202109010707,12.3 - 11.3 - 11.7 - 11.8 - 11.9 - 12.2 - 13.0,35.3,37.1
202109010708,12.8 - 11.9 - 13.2 - 12.6 - 12.2 - 12.1 - 11.9 - 11.3 - 11.6 - 11.8,37.9,34.7
202109010709,12.7 - 11.3 - 11.9 - 11.7 - 11.4 - 11.0 - 11.1 - 11.9,35.9,34.0
202109010710,12.2 - 10.5 - 11.1 - 11.8 - 12.3 - 12.6 - 12.9,33.8,37.8
202109010711,12.9 - 11.6 - 11.8 - 11.4 - 11.3 - 11.0 - 11.5 - 12.3,36.3,34.8
202109010712,13.0 - 11.5 - 13.5 - 12.8 - 12.7 - 12.5 - 12.3 - 12.1 - 12.7,38.0,37.1
202109010801,12.3 - 11.3 - 11.7 - 12.6 - 12.4 - 12.5 - 13.2,35.3,38.1
202109010802,12.8 - 11.5 - 11.5 - 13.6 - 13.3 - 13.0 - 12.9 - 13.2 - 12.7 - 13.3,35.8,39.2
202109010803,12.2 - 10.8 - 11.9 - 12.7 - 12.7 - 12.4 - 13.2,34.9,38.3
202109010804,12.8 - 11.4 - 14.3 - 13.4 - 12.7 - 12.7 - 12.7 - 13.0 - 13.5,38.5,39.2
202109010805,12.6 - 10.7 - 11.5 - 13.1 - 13.3 - 12.5 - 12.2 - 12.2 - 12.0 - 11.9 - 12.3,34.8,36.2
202109010806,12.6 - 10.7 - 12.5 - 12.2 - 12.7 - 13.1 - 13.3 - 12.4 - 13.6,35.8,39.3
202109010807,12.4 - 11.6 - 12.0 - 12.3 - 11.9 - 13.0,36.0,37.2
202109010808,13.0 - 11.3 - 13.3 - 12.9 - 12.9 - 12.8 - 12.8 - 12.0 - 12.7,37.6,37.5
202109010809,12.8 - 12.0 - 13.1 - 13.5 - 12.9 - 12.4 - 10.9 - 10.6 - 11.6,37.9,33.1
202109010810,12.8 - 11.4 - 11.8 - 11.8 - 11.6 - 11.0 - 10.9 - 11.8,36.0,33.7
202109010811,12.7 - 11.3 - 11.7 - 12.1 - 12.3 - 11.9 - 11.3 - 11.0 - 11.8,35.7,34.1
202109010812,12.4 - 10.9 - 11.5 - 11.9 - 12.3 - 12.8,34.8,37.0
202109010901,12.9 - 11.7 - 13.6 - 12.5 - 12.6 - 12.5 - 12.5 - 12.7 - 13.3,38.2,38.5
202109010902,12.2 - 10.5 - 11.4 - 11.9 - 12.6 - 13.0,34.1,37.5
202109010903,13.0 - 11.3 - 13.4 - 12.8 - 12.4 - 12.4 - 12.6 - 12.9 - 13.4,37.7,38.9
202109010904,12.2 - 10.9 - 11.7 - 11.9 - 12.4 - 12.4 - 12.9,34.8,37.7
202109010905,12.5 - 11.2 - 12.8 - 12.9 - 12.3 - 12.4 - 12.2 - 11.9 - 11.8 - 12.0,36.5,35.7
202109010906,12.8 - 11.3 - 11.8 - 11.9 - 11.8 - 11.5 - 11.0 - 12.1,35.9,34.6
202109010907,12.4 - 10.9 - 11.6 - 11.8 - 11.8 - 12.1 - 13.3,34.9,37.2
202109010909,12.7 - 11.6 - 12.9 - 12.7 - 12.5 - 12.7 - 12.3 - 12.1 - 12.2 - 11.9 - 11.6 - 12.7,37.2,36.2
202109010910,12.4 - 11.5 - 12.3 - 12.3 - 12.0 - 11.9 - 11.6 - 11.5 - 12.1 - 13.1,36.2,36.7
202109010911,12.0 - 10.4 - 11.1 - 11.5 - 11.8 - 12.1 - 13.2,33.5,37.1
202109010912,12.9 - 11.3 - 11.5 - 13.4 - 12.6 - 12.8 - 12.4 - 12.2 - 12.1 - 13.3,35.7,37.6
202109011001,12.3 - 11.1 - 11.8 - 11.8 - 12.5 - 13.0,35.2,37.3
202109011002,13.0 - 11.6 - 12.0 - 14.0 - 13.3 - 12.6 - 12.8 - 12.6 - 12.5 - 13.5,36.6,38.6
202109011003,12.1 - 10.5 - 11.1 - 11.7 - 12.1 - 13.0 - 14.4,33.7,39.5
202109011004,13.0 - 11.3 - 13.5 - 12.8 - 11.9 - 12.5 - 12.6 - 12.7 - 12.7,37.8,38.0
202109011005,12.6 - 11.3 - 11.7 - 11.7 - 11.6 - 11.3 - 11.6 - 12.4,35.6,35.3
202109011006,13.1 - 12.1 - 13.8 - 12.6 - 12.4 - 12.1 - 11.9 - 11.8 - 13.0,39.0,36.7
202109011007,11.9 - 10.6 - 11.4 - 12.0 - 12.2 - 12.5 - 13.1,33.9,37.8
202109011008,12.3 - 10.6 - 12.8 - 12.7 - 12.5 - 12.5 - 12.3 - 11.3 - 11.3 - 12.4,35.7,35.0
202109011009,12.9 - 11.5 - 11.8 - 12.2 - 11.9 - 11.3 - 10.7 - 11.3 - 12.0,36.2,34.0
202109011010,12.8 - 11.6 - 13.5 - 12.4 - 12.5 - 12.1 - 12.2 - 11.8 - 12.5,37.9,36.5
202109011011,12.1 - 10.5 - 11.1 - 11.5 - 11.5 - 11.8 - 12.2,33.7,35.5
202109011012,12.4 - 10.7 - 11.4 - 11.9 - 12.3 - 11.8 - 13.2,34.5,37.3
202109011101,12.3 - 10.9 - 11.5 - 12.3 - 12.8 - 12.9 - 13.6,34.7,39.3
202109011102,12.5 - 10.9 - 11.4 - 14.2 - 13.2 - 12.8 - 13.3 - 13.3 - 12.8 - 14.2,34.8,40.3
202109011103,12.5 - 11.2 - 12.0 - 12.3 - 12.5 - 11.8 - 12.6,35.7,36.9
202109011104,13.0 - 11.4 - 13.6 - 12.9 - 13.0 - 12.6 - 12.7 - 12.3 - 13.0,38.0,38.0
202109011105,12.6 - 11.3 - 11.7 - 12.3 - 12.3 - 12.1 - 11.4 - 11.2 - 11.4,35.6,34.0
202109011106,12.5 - 11.0 - 12.9 - 12.5 - 12.7 - 12.7 - 12.6 - 13.0 - 13.3,36.4,38.9
202109011107,12.3 - 10.8 - 11.6 - 12.2 - 12.3 - 13.0,34.7,37.5
202109011108,13.0 - 11.6 - 13.7 - 12.5 - 12.0 - 12.6 - 12.6 - 12.3 - 13.3,38.3,38.2
202109011109,12.2 - 10.7 - 11.0 - 11.7 - 11.9 - 11.8 - 12.2 - 12.7 - 13.0 - 13.1 - 11.8 - 11.6 - 12.1,33.9,35.5
202109011110,12.6 - 10.9 - 11.7 - 11.7 - 11.5 - 10.7 - 11.0 - 12.0,35.2,33.7
202109011111,12.4 - 11.1 - 12.8 - 13.0 - 12.2 - 12.2 - 11.8 - 11.6 - 11.1 - 11.3,36.3,34.0
202109011112,12.2 - 11.3 - 11.7 - 12.1 - 11.6 - 12.4,35.2,36.1
202109011201,12.9 - 10.8 - 13.8 - 12.8 - 12.7 - 12.7 - 12.7 - 12.6 - 13.3,37.5,38.6
202109011202,12.2 - 10.9 - 11.6 - 12.1 - 12.2 - 12.5,34.7,36.8
202109011203,12.9 - 11.1 - 13.1 - 12.7 - 12.7 - 13.0 - 12.8 - 12.6 - 12.9,37.1,38.3
202109011205,12.9 - 11.8 - 13.1 - 12.9 - 13.2 - 13.4 - 13.4 - 13.4 - 12.8 - 11.8 - 11.2 - 12.4,37.8,35.4
202109011206,12.1 - 11.0 - 11.4 - 11.7 - 11.7 - 12.4,34.5,35.8
202109011207,12.2 - 11.0 - 11.7 - 12.2 - 12.3 - 12.1 - 12.4,34.9,36.8
202109011208,12.6 - 11.0 - 11.6 - 12.4 - 13.0 - 12.5 - 11.6 - 11.6 - 12.5,35.2,35.7
202109011209,12.1 - 10.9 - 11.3 - 11.4 - 11.5 - 12.4,34.3,35.3
202109011210,12.3 - 10.6 - 11.6 - 12.0 - 11.7 - 12.4,34.5,36.1
202109011211,12.9 - 11.7 - 12.7 - 12.4 - 12.7 - 12.4 - 12.6 - 13.3 - 12.8 - 12.1 - 12.2 - 12.1 - 12.2 - 12.3 - 12.9,37.3,37.4
202109011212,13.0 - 11.5 - 13.2 - 12.5 - 12.3 - 12.1 - 11.8 - 12.3 - 13.2,37.7,37.3
202109020102,12.5 - 11.2 - 12.7 - 12.8 - 11.9 - 11.2 - 10.5 - 11.7,36.4,33.4
202109020103,12.6 - 11.5 - 12.3 - 12.5 - 12.1 - 12.6,36.4,37.2
202109020105,12.3 - 10.7 - 11.8 - 12.4 - 12.4 - 13.0 - 13.4,34.8,38.8
202109020106,12.8 - 11.3 - 13.2 - 12.2 - 13.1 - 13.7 - 13.3 - 13.0 - 13.3,37.3,39.6
202109020107,12.5 - 10.4 - 11.0 - 11.5 - 11.6 - 11.8 - 11.8,33.9,35.2
202109020108,12.8 - 11.1 - 13.3 - 12.3 - 12.4 - 12.5 - 12.8 - 12.7 - 13.6,37.2,39.1
202109020109,12.9 - 11.6 - 11.9 - 12.3 - 12.8 - 12.4 - 11.5 - 10.8 - 11.4,36.4,33.7
202109020110,12.5 - 10.9 - 11.8 - 11.9 - 11.7 - 11.4 - 10.7 - 11.5,35.2,33.6
202109020111,12.4 - 11.2 - 10.9 - 11.4 - 11.7 - 11.9 - 11.5 - 11.2 - 11.7,34.5,34.4
202109020112,12.3 - 11.0 - 11.8 - 11.8 - 12.1 - 13.1,35.1,37.0
202109020201,12.7 - 11.1 - 13.0 - 12.8 - 13.0 - 13.2 - 13.1 - 12.6 - 13.1,36.8,38.8
202109020202,12.5 - 11.1 - 11.9 - 12.1 - 12.3 - 13.7,35.5,38.1
202109020203,12.8 - 11.4 - 11.6 - 14.4 - 13.5 - 13.1 - 13.0 - 13.1 - 12.7 - 13.2,35.8,39.0
202109020204,12.6 - 10.8 - 12.9 - 12.7 - 13.0 - 13.0 - 12.9 - 13.2 - 13.6,36.3,39.7
202109020205,12.6 - 11.1 - 13.0 - 13.3 - 12.5 - 12.5 - 12.3 - 11.6 - 11.3 - 12.1,36.7,35.0
202109020206,12.1 - 10.9 - 11.9 - 12.4 - 12.3 - 12.7,34.9,37.4
202109020207,12.4 - 11.3 - 12.0 - 11.9 - 11.9 - 11.4 - 11.4 - 12.0,35.7,34.8
202109020208,12.4 - 10.7 - 11.9 - 12.2 - 12.3 - 12.3 - 12.9,35.0,37.5
202109020209,12.8 - 11.6 - 12.9 - 12.8 - 12.3 - 12.3 - 11.9 - 11.6 - 11.7 - 12.2,37.3,35.5
202109020210,12.6 - 11.3 - 12.7 - 12.7 - 12.3 - 12.2 - 12.4 - 12.3 - 12.0 - 11.6 - 11.9 - 13.0,36.6,36.5
202109020211,12.7 - 11.1 - 11.5 - 11.7 - 11.4 - 11.0 - 11.7 - 12.7,35.3,35.4
202109020212,12.2 - 11.3 - 11.6 - 11.8 - 12.0 - 12.5,35.1,36.3
202109020301,12.3 - 11.2 - 11.8 - 12.5 - 12.5 - 12.4 - 12.7,35.3,37.6
202109020302,12.9 - 10.7 - 13.6 - 13.1 - 12.9 - 12.8 - 12.6 - 12.7 - 13.2,37.2,38.5
202109020303,12.3 - 11.0 - 12.0 - 12.4 - 12.5 - 12.5 - 13.3,35.3,38.3
202109020304,12.4 - 10.9 - 12.0 - 12.2 - 12.2 - 11.8 - 11.5 - 11.7 - 12.1,35.3,35.3
202109020305,12.6 - 10.8 - 12.8 - 12.7 - 12.8 - 12.8 - 12.7 - 12.6 - 13.4,36.2,38.7
202109020306,12.6 - 11.3 - 12.3 - 12.2 - 11.9 - 12.0 - 12.0 - 11.4 - 11.4 - 12.0,36.2,34.8
202109020307,12.5 - 11.4 - 11.9 - 12.1 - 11.6 - 12.7,35.8,36.4
202109020309,12.8 - 11.8 - 12.7 - 12.3 - 12.4 - 12.4 - 12.9 - 12.8 - 12.0 - 11.4 - 10.9 - 11.9,37.3,34.2
202109020310,12.4 - 11.1 - 11.6 - 11.5 - 11.2 - 11.3 - 11.9,35.1,34.4
202109020311,12.2 - 10.5 - 11.1 - 11.8 - 12.2 - 12.0 - 13.2,33.8,37.4
202109020312,12.8 - 11.3 - 13.0 - 12.2 - 12.6 - 12.7 - 12.6 - 12.0 - 12.7,37.1,37.3
202109020401,12.9 - 11.0 - 13.0 - 12.6 - 13.3 - 13.2 - 12.8 - 12.5 - 12.7,36.9,38.0
202109020402,12.3 - 11.2 - 11.7 - 12.2 - 12.3 - 13.6,35.2,38.1
202109020403,12.8 - 11.2 - 13.2 - 13.0 - 12.9 - 13.1 - 13.2 - 12.5 - 12.7,37.2,38.4
202109020404,12.5 - 11.4 - 13.3 - 13.8 - 12.7 - 13.0 - 12.6 - 12.7 - 12.1 - 11.2 - 11.2 - 11.9,37.2,34.3
202109020405,12.4 - 11.0 - 11.6 - 11.7 - 11.8 - 11.6 - 11.5 - 11.9,35.0,35.0
202109020406,12.8 - 11.9 - 12.0 - 13.6 - 13.0 - 12.7 - 12.8 - 12.5 - 12.4 - 13.8,36.7,38.7
202109020407,12.5 - 11.2 - 12.9 - 12.4 - 12.7 - 12.4 - 12.5 - 12.6 - 13.4,36.6,38.5
202109020408,12.4 - 10.7 - 11.5 - 12.2 - 12.4 - 12.6 - 12.8,34.6,37.8
202109020409,12.7 - 11.7 - 12.6 - 12.6 - 12.2 - 12.4 - 11.9 - 11.8 - 11.5 - 12.0,37.0,35.3
202109020410,12.3 - 10.5 - 10.9 - 11.7 - 11.8 - 12.9,33.7,36.4
202109020411,12.4 - 11.1 - 12.1 - 12.1 - 12.1 - 12.8 - 12.2 - 12.1 - 11.6 - 13.1,35.6,36.8
202109020412,12.3 - 10.8 - 11.3 - 11.9 - 12.6 - 12.0 - 13.0,34.4,37.6
202109020501,13.0 - 11.3 - 13.6 - 13.1 - 13.4 - 13.1 - 12.7 - 12.5 - 13.1,37.9,38.3
202109020502,13.0 - 11.7 - 14.2 - 12.9 - 12.9 - 12.4 - 12.1 - 12.7 - 13.2,38.9,38.0
202109020503,12.5 - 11.0 - 12.9 - 12.6 - 12.4 - 12.5 - 11.8 - 11.7 - 11.4 - 12.0,36.4,35.1
202109020505,12.6 - 10.9 - 13.1 - 12.8 - 12.7 - 12.9 - 12.6 - 12.6 - 12.8,36.6,38.0
202109020506,12.2 - 11.0 - 11.2 - 11.3 - 11.1 - 11.6,34.4,34.0
202109020507,13.0 - 11.5 - 13.4 - 12.7 - 12.8 - 12.4 - 12.2 - 11.9 - 12.7,37.9,36.8
202109020508,12.4 - 11.0 - 11.6 - 11.8 - 12.2 - 12.3 - 12.9,35.0,37.4
202109020509,12.5 - 11.3 - 12.1 - 12.9 - 12.2 - 11.9 - 12.2 - 11.7 - 11.2 - 11.5 - 11.8,35.9,34.5
202109020510,12.6 - 11.7 - 12.0 - 12.6 - 12.5 - 12.0 - 10.7 - 10.7 - 11.2,36.3,32.6
202109020511,12.4 - 11.2 - 11.5 - 12.0 - 11.7 - 10.7 - 10.8 - 11.7,35.1,33.2
202109020512,12.4 - 10.6 - 11.3 - 11.4 - 12.6 - 13.2,34.3,37.2
202109020601,12.4 - 11.0 - 12.1 - 12.7 - 12.1 - 12.7,35.5,37.5
202109020602,12.5 - 11.2 - 11.9 - 12.1 - 12.3 - 12.2 - 13.0,35.6,37.5
202109020603,12.9 - 11.1 - 11.9 - 14.0 - 13.3 - 12.7 - 13.0 - 13.1 - 13.2 - 13.8,35.9,40.1
202109020604,12.1 - 10.8 - 11.1 - 11.2 - 11.4 - 11.6 - 12.4,34.0,35.4
202109020605,13.0 - 11.7 - 13.5 - 12.6 - 12.7 - 12.4 - 12.3 - 12.0 - 12.8,38.2,37.1
202109020606,11.9 - 10.6 - 11.7 - 12.0 - 12.3 - 12.6 - 13.3,34.2,38.2
202109020607,13.1 - 11.1 - 11.2 - 11.7 - 11.8 - 10.7 - 11.1 - 11.5,35.4,33.3
202109020608,12.8 - 11.1 - 13.3 - 12.5 - 12.6 - 12.7 - 12.5 - 12.1 - 12.5,37.2,37.1
202109020609,12.4 - 10.9 - 12.0 - 11.9 - 12.1 - 12.0 - 11.8 - 11.3 - 11.5 - 12.1,35.3,34.9
202109020610,12.6 - 11.1 - 11.2 - 12.5 - 13.1 - 12.4 - 12.0 - 12.4 - 12.1 - 11.6 - 11.1 - 11.2 - 11.8,34.9,34.1
202109020611,12.1 - 10.8 - 11.2 - 11.1 - 11.6 - 11.2 - 11.2 - 11.9,34.1,34.3
202109020612,12.5 - 10.4 - 13.2 - 12.2 - 12.3 - 12.6 - 12.7 - 12.5 - 13.2,36.1,38.4
202109020701,12.6 - 10.6 - 13.4 - 12.5 - 12.8 - 13.0 - 13.0 - 12.7 - 13.6,36.6,39.3
202109020702,12.3 - 10.7 - 11.9 - 12.4 - 12.6 - 12.3 - 12.6,34.9,37.5
202109020703,13.0 - 11.0 - 13.3 - 12.7 - 12.6 - 12.6 - 12.5 - 12.2 - 13.0,37.3,37.7
202109020704,12.4 - 10.7 - 12.8 - 13.3 - 11.8 - 12.5 - 12.1 - 12.1 - 12.0 - 12.9,35.9,37.0
202109020705,12.4 - 10.9 - 11.7 - 13.9 - 12.7 - 12.4 - 12.5 - 12.5 - 12.2 - 12.1 - 12.9,35.0,37.2
202109020706,12.2 - 10.7 - 11.8 - 12.4 - 11.7 - 13.0,34.7,37.1
202109020707,12.6 - 10.8 - 12.9 - 11.8 - 12.0 - 12.2 - 12.4 - 12.0 - 13.2,36.3,37.6
202109020708,12.2 - 11.0 - 11.5 - 11.9 - 12.4 - 12.6,34.7,36.9
202109020709,12.4 - 11.0 - 11.2 - 11.4 - 11.5 - 12.0,34.6,34.9
202109020710,12.2 - 10.5 - 11.2 - 11.9 - 12.0 - 13.0,33.9,36.9
202109020711,12.4 - 10.8 - 11.5 - 12.3 - 12.2 - 11.5 - 11.2 - 12.3,34.7,35.0
202109020712,12.7 - 10.9 - 11.1 - 13.1 - 12.6 - 12.8 - 12.7 - 12.7 - 12.3 - 12.8,34.7,37.8
202109020801,12.3 - 11.2 - 12.0 - 12.2 - 11.6 - 12.7,35.5,36.5
202109020802,12.2 - 10.8 - 11.7 - 12.3 - 12.3 - 11.9 - 12.8,34.7,37.0
202109020803,12.7 - 10.9 - 11.1 - 11.9 - 12.6 - 11.9 - 11.9 - 12.1,34.7,35.9
202109020805,12.7 - 11.0 - 13.1 - 12.3 - 11.9 - 12.2 - 13.2 - 12.9 - 13.1,36.8,39.2
202109020806,12.9 - 11.4 - 12.3 - 12.1 - 12.3 - 12.5 - 12.1 - 11.9 - 11.6 - 12.5,36.6,36.0
202109020807,12.3 - 10.6 - 11.5 - 12.0 - 11.6 - 12.9,34.4,36.5
202109020808,13.0 - 11.7 - 13.4 - 13.2 - 12.8 - 13.0 - 12.8 - 12.7 - 12.5 - 11.6 - 11.0 - 11.6,38.1,34.2
202109020809,13.0 - 11.6 - 12.3 - 12.8 - 13.1 - 12.6 - 11.0 - 10.8 - 11.5,36.9,33.3
202109020810,12.2 - 10.6 - 10.9 - 11.1 - 11.5 - 11.7 - 12.2,33.7,35.4
202109020811,12.4 - 10.1 - 12.3 - 12.2 - 12.2 - 12.5 - 12.8 - 12.1 - 12.4,34.8,37.3
202109020812,12.1 - 11.0 - 12.0 - 12.3 - 12.0 - 12.1 - 12.9,35.1,37.0
202109020902,12.4 - 10.4 - 11.1 - 11.7 - 12.0 - 11.5 - 12.3,33.9,35.8
202109020903,12.4 - 10.9 - 12.0 - 12.5 - 12.1 - 12.7,35.3,37.3
202109020905,12.9 - 11.6 - 11.7 - 13.8 - 12.8 - 12.9 - 12.9 - 13.4 - 12.7 - 12.5,36.2,38.6
202109020906,12.7 - 10.9 - 12.7 - 12.1 - 12.1 - 12.5 - 12.9 - 13.0 - 13.7,36.3,39.6
202109020907,12.9 - 11.4 - 12.0 - 13.5 - 12.5 - 12.6 - 12.9 - 13.0 - 12.6 - 13.7,36.3,39.3
202109020908,12.3 - 10.9 - 11.7 - 12.3 - 12.4 - 12.0 - 12.6,34.9,37.0
202109020909,12.8 - 11.2 - 11.8 - 12.1 - 12.2 - 12.4 - 11.0 - 10.8 - 11.7,35.8,33.5
202109020910,12.8 - 10.8 - 11.5 - 11.9 - 11.8 - 11.1 - 11.1 - 11.7,35.1,33.9
202109020911,12.6 - 10.7 - 11.5 - 12.1 - 11.9 - 12.2 - 12.1 - 11.9 - 11.6 - 11.9,34.8,35.4
202109020912,12.7 - 10.9 - 12.9 - 12.8 - 12.6 - 12.9 - 12.9 - 12.4 - 13.1,36.5,38.4
202109021001,12.9 - 11.4 - 13.5 - 13.1 - 12.7 - 12.7 - 12.8 - 12.8 - 13.9,37.8,39.5
202109021002,12.5 - 11.3 - 11.6 - 12.1 - 12.6 - 12.9 - 13.1,35.4,38.6
202109021003,12.9 - 11.5 - 14.3 - 12.6 - 12.7 - 12.6 - 12.6 - 12.4 - 12.8,38.7,37.8
202109021004,12.6 - 11.3 - 11.3 - 11.8 - 12.0 - 11.5 - 11.0 - 11.9,35.2,34.4
202109021005,12.8 - 11.6 - 12.9 - 12.3 - 12.1 - 12.3 - 11.5 - 11.3 - 11.4 - 12.1,37.3,34.8
202109021006,12.1 - 10.9 - 12.0 - 12.0 - 11.8 - 11.9 - 13.5,35.0,37.2
202109021007,12.9 - 11.1 - 13.6 - 13.0 - 12.8 - 12.7 - 12.4 - 12.1 - 13.1,37.6,37.6
202109021008,12.1 - 10.9 - 11.5 - 11.5 - 11.2 - 11.7 - 12.1,34.5,35.0
202109021009,13.3 - 11.9 - 12.8 - 12.3 - 12.3 - 12.2 - 11.5 - 11.5 - 11.5 - 11.4 - 11.8 - 12.3,38.0,35.5
202109021010,12.8 - 11.6 - 11.9 - 14.1 - 13.0 - 12.3 - 12.0 - 12.1 - 12.3 - 14.0,36.3,38.4
202109021011,12.5 - 10.2 - 10.6 - 11.2 - 11.3 - 11.2 - 12.3 - 12.1,33.3,35.6
202109021012,12.4 - 10.9 - 11.8 - 12.0 - 11.8 - 12.7,35.1,36.5
202109021101,12.8 - 10.7 - 13.0 - 12.3 - 12.9 - 13.3 - 13.2 - 13.0 - 14.0,36.5,40.2
202109021102,12.3 - 10.7 - 11.5 - 12.5 - 12.5 - 12.7 - 13.6,34.5,38.8
202109021103,12.6 - 10.5 - 11.6 - 12.2 - 12.1 - 11.2 - 11.2 - 12.1,34.7,34.5
202109021105,12.7 - 11.0 - 11.1 - 11.8 - 12.2 - 12.1 - 11.1 - 11.8 - 11.9,34.8,34.8
202109021106,12.7 - 11.0 - 12.9 - 12.7 - 13.0 - 12.8 - 12.8 - 12.5 - 13.4,36.6,38.7
202109021107,12.4 - 10.9 - 11.7 - 12.2 - 11.8 - 13.0,35.0,37.0
202109021108,12.1 - 10.6 - 11.1 - 12.0 - 12.4 - 12.3 - 13.9,33.8,38.6
202109021109,12.6 - 11.2 - 11.7 - 13.0 - 13.0 - 12.0 - 11.6 - 11.6 - 11.7 - 12.1 - 12.2,35.5,36.0
202109021110,12.4 - 10.7 - 11.8 - 12.3 - 11.9 - 11.2 - 11.1 - 11.7,34.9,34.0
202109021111,12.1 - 10.3 - 11.5 - 12.2 - 11.6 - 13.0,33.9,36.8
202109021112,12.6 - 10.9 - 12.7 - 11.9 - 12.0 - 12.3 - 12.7 - 12.9 - 13.7,36.2,39.3
202109021201,12.8 - 11.0 - 13.0 - 12.9 - 12.8 - 13.0 - 13.3 - 12.6 - 13.3,36.8,39.2
202109021202,12.4 - 11.3 - 11.9 - 12.1 - 12.2 - 12.9,35.6,37.2
202109021203,13.0 - 11.2 - 11.6 - 13.9 - 12.4 - 12.8 - 13.3 - 13.3 - 13.2 - 13.5,35.8,40.0
202109021204,13.0 - 11.4 - 13.1 - 13.1 - 12.6 - 12.6 - 13.0 - 13.0 - 12.7 - 11.8 - 11.3 - 11.8,37.5,34.9
202109021205,12.2 - 10.4 - 11.0 - 11.4 - 12.0 - 11.8 - 12.2,33.6,36.0
202109021206,13.1 - 11.6 - 13.6 - 12.4 - 12.3 - 12.3 - 12.7 - 12.5 - 12.8,38.3,38.0
202109021207,12.2 - 10.5 - 11.5 - 12.4 - 12.6 - 12.4 - 13.2,34.2,38.2
202109021208,12.7 - 10.8 - 11.1 - 12.0 - 12.4 - 11.9 - 11.0 - 11.4 - 12.2,34.6,34.6
202109021209,12.1 - 10.5 - 11.0 - 11.4 - 11.4 - 11.6 - 12.5,33.6,35.5
202109021210,12.1 - 10.4 - 11.0 - 11.7 - 12.1 - 12.7 - 13.5,33.5,38.3
202109021211,12.8 - 11.3 - 11.7 - 11.9 - 12.1 - 11.9 - 11.8 - 12.1 - 13.1 - 12.6 - 12.1 - 12.0 - 11.9 - 12.1 - 12.3 - 13.0,35.8,37.4
202109021212,11.9 - 10.9 - 11.6 - 12.0 - 12.3 - 12.2 - 13.0,34.4,37.5
202109030102,13.2 - 12.0 - 13.3 - 13.4 - 13.4 - 12.6 - 12.5 - 12.6 - 12.1 - 11.6 - 11.3 - 12.1,38.5,35.0
202109030103,12.4 - 10.9 - 12.6 - 12.6 - 12.3 - 12.8 - 12.7 - 12.9 - 13.0,35.9,38.6
202109030105,12.4 - 11.0 - 12.0 - 12.2 - 12.5 - 12.7,35.4,37.4
202109030106,12.7 - 11.4 - 12.1 - 12.5 - 12.4 - 12.0 - 11.6 - 11.9 - 12.4,36.2,35.9
202109030107,12.3 - 10.5 - 11.5 - 12.2 - 12.0 - 12.1 - 12.6,34.3,36.7
202109030108,12.7 - 11.8 - 12.8 - 12.9 - 12.7 - 12.3 - 11.7 - 11.6 - 11.8 - 12.3,37.3,35.7
202109030109,12.5 - 11.8 - 11.8 - 12.0 - 12.0 - 11.7 - 11.8 - 12.3,36.1,35.8
202109030110,12.7 - 11.3 - 13.1 - 12.7 - 11.7 - 11.8 - 11.8 - 11.9 - 13.1,37.1,36.8
202109030111,12.8 - 11.2 - 11.4 - 11.7 - 11.7 - 11.6 - 11.9 - 12.7,35.4,36.2
202109030112,12.4 - 11.2 - 11.3 - 11.3 - 11.6 - 11.8,34.9,34.7
202109030201,12.1 - 10.7 - 11.7 - 11.7 - 12.1 - 12.9,34.5,36.7
202109030202,12.2 - 10.8 - 11.6 - 12.0 - 11.9 - 12.0 - 13.0,34.6,36.9
202109030203,12.5 - 10.7 - 11.7 - 12.0 - 11.9 - 11.5 - 11.7,34.9,35.1
202109030204,13.0 - 11.3 - 13.1 - 12.6 - 12.4 - 12.5 - 12.3 - 12.8 - 13.1,37.4,38.2
202109030205,13.1 - 11.8 - 13.2 - 13.2 - 13.0 - 11.6 - 11.2 - 11.6,38.1,34.4
202109030206,12.5 - 10.8 - 11.5 - 11.9 - 12.1 - 12.5 - 11.7 - 12.1 - 12.3,34.8,36.1
202109030207,12.6 - 11.1 - 13.3 - 12.5 - 12.0 - 12.2 - 12.2 - 12.3 - 13.3,37.0,37.8
202109030208,12.6 - 10.6 - 10.8 - 11.2 - 11.7 - 11.9 - 12.9 - 12.6,34.0,37.4
202109030209,12.7 - 11.3 - 11.4 - 13.3 - 12.4 - 12.2 - 12.5 - 12.7 - 12.2 - 13.1,35.4,38.0
202109030210,12.7 - 11.0 - 11.3 - 11.5 - 12.0 - 12.1 - 11.5 - 12.3 - 12.2,35.0,36.0
202109030211,12.6 - 11.1 - 12.4 - 12.4 - 12.3 - 12.3 - 12.0 - 11.7 - 11.6 - 12.0,36.1,35.3
202109030212,12.3 - 10.5 - 11.1 - 11.5 - 11.9 - 12.9 - 13.7,33.9,38.5
202109030301,12.8 - 11.3 - 11.5 - 11.9 - 12.1 - 11.8 - 11.3 - 12.5,35.6,35.6
202109030302,12.2 - 10.8 - 11.7 - 12.4 - 12.7 - 12.9 - 13.1,34.7,38.7
202109030303,12.4 - 11.2 - 11.9 - 12.2 - 12.4 - 12.7,35.5,37.3
202109030304,12.7 - 11.5 - 13.5 - 12.5 - 12.4 - 12.7 - 12.7 - 12.0 - 12.6,37.7,37.3
202109030305,12.8 - 11.5 - 12.6 - 12.5 - 12.2 - 11.4 - 11.2,36.9,34.8
202109030306,13.0 - 11.2 - 12.1 - 12.2 - 12.1 - 12.4 - 12.1 - 11.7 - 12.1 - 12.1,36.3,35.9
202109030307,12.3 - 11.4 - 12.0 - 12.1 - 11.6 - 12.0,35.7,35.7
202109030308,12.3 - 10.7 - 11.4 - 11.8 - 11.9 - 11.4 - 11.5,34.4,34.8
202109030309,12.5 - 11.6 - 11.7 - 11.5 - 11.6 - 11.9 - 11.5 - 11.5 - 12.2,35.8,35.2
202109030310,12.2 - 11.1 - 11.3 - 11.5 - 11.5 - 11.5 - 11.8,34.6,34.8
202109030311,12.3 - 10.7 - 11.5 - 11.9 - 12.2 - 12.0 - 12.5,34.5,36.7
202109030312,12.8 - 10.9 - 13.2 - 12.6 - 12.8 - 12.8 - 12.5 - 12.5 - 12.7,36.9,37.7
202109030401,12.4 - 11.1 - 12.1 - 12.4 - 12.3 - 11.7 - 12.2,35.6,36.2
202109030402,12.8 - 11.4 - 11.9 - 12.4 - 12.4 - 11.6 - 11.0 - 11.4,36.1,34.0
202109030403,12.7 - 11.4 - 13.4 - 12.7 - 12.3 - 12.7 - 12.7 - 12.7 - 13.1,37.5,38.5
202109030404,12.7 - 11.0 - 11.6 - 13.4 - 12.9 - 12.9 - 13.1 - 12.8 - 12.6 - 13.3,35.3,38.7
202109030405,12.8 - 11.3 - 11.6 - 12.1 - 12.4 - 12.0 - 11.6 - 11.9 - 12.2,35.7,35.7
202109030406,12.1 - 11.1 - 11.8 - 12.2 - 12.2 - 12.1 - 12.7,35.0,37.0
202109030407,12.8 - 10.9 - 11.3 - 13.0 - 13.2 - 13.2 - 11.6 - 11.7 - 11.9 - 11.9 - 11.8,35.0,35.6
202109030408,12.6 - 11.6 - 11.8 - 11.4 - 11.8 - 11.8 - 11.5 - 11.5 - 11.9,36.0,34.9
202109030409,12.2 - 10.6 - 11.0 - 11.5 - 11.2 - 11.7 - 12.1,33.8,35.0
202109030410,12.3 - 10.9 - 11.7 - 11.9 - 11.8 - 12.4,34.9,36.1
202109030411,12.3 - 11.2 - 11.6 - 12.4 - 12.5 - 12.4 - 12.3 - 11.5 - 11.5 - 11.5 - 11.7,35.1,34.7
202109030412,13.0 - 10.9 - 13.0 - 13.0 - 11.9 - 12.3 - 12.4 - 12.4 - 13.0,36.9,37.8
202109040101,12.8 - 11.1 - 13.5 - 13.4 - 12.5 - 12.7 - 12.6 - 12.6 - 12.8,37.4,38.0
202109040102,12.6 - 11.4 - 12.1 - 12.2 - 12.4 - 12.7,36.1,37.3
202109040103,13.4 - 12.1 - 12.3 - 12.4 - 12.1 - 12.0 - 11.2 - 10.8 - 11.9,37.8,33.9
202109040104,12.7 - 11.8 - 12.7 - 12.5 - 12.4 - 12.3 - 12.9,37.2,37.6
202109040105,13.0 - 12.1 - 13.1 - 13.0 - 12.8 - 12.5 - 12.3 - 11.4 - 10.9 - 11.7,38.2,34.0
202109040106,13.3 - 11.7 - 13.6 - 12.8 - 12.6 - 12.6 - 12.7 - 12.9 - 12.5,38.6,38.1
202109040107,12.1 - 10.7 - 11.9 - 12.5 - 12.2 - 12.4 - 12.9,34.7,37.5
202109040108,13.1 - 11.4 - 11.0 - 11.2 - 11.3 - 11.1 - 11.4 - 12.0,35.5,34.5
202109040109,12.2 - 11.0 - 11.3 - 11.5 - 11.6 - 11.5 - 12.2,34.5,35.3
202109040110,12.2 - 11.0 - 11.8 - 12.0 - 11.8 - 12.6,35.0,36.4
202109040111,12.2 - 10.9 - 11.1 - 11.1 - 11.0 - 11.9,34.2,34.0
202109040112,12.7 - 11.0 - 12.8 - 12.4 - 12.3 - 12.3 - 12.7 - 12.5 - 13.0,36.5,38.2
202109040201,12.8 - 10.9 - 12.6 - 12.4 - 12.9 - 13.1 - 13.1 - 13.5 - 13.6,36.3,40.2
202109040202,12.1 - 10.9 - 12.2 - 12.4 - 12.3 - 12.4 - 13.1,35.2,37.8
202109040203,13.1 - 12.4 - 12.5 - 11.9 - 11.5 - 11.2 - 10.7 - 12.0,38.0,33.9
202109040204,12.5 - 10.9 - 11.8 - 11.8 - 11.9 - 12.0 - 12.1,35.2,36.0
202109040205,12.8 - 11.4 - 12.9 - 13.0 - 13.3 - 12.4 - 11.1 - 11.1 - 11.9,37.1,34.1
202109040206,13.0 - 11.7 - 11.6 - 13.1 - 12.8 - 12.6 - 12.8 - 12.3 - 12.8 - 13.5,36.3,38.6
202109040207,12.5 - 11.0 - 12.1 - 12.0 - 11.7 - 12.8,35.6,36.5
202109040208,12.8 - 11.4 - 14.3 - 12.9 - 12.3 - 12.5 - 12.3 - 12.2 - 12.8,38.5,37.3
202109040209,12.4 - 10.4 - 11.4 - 12.7 - 13.1 - 12.7 - 11.7 - 11.8 - 12.1 - 11.9 - 12.5,34.2,36.5
202109040210,12.2 - 10.5 - 10.8 - 11.3 - 11.5 - 11.7 - 12.4,33.5,35.6
202109040211,12.7 - 11.9 - 12.6 - 12.5 - 11.9 - 11.5 - 11.5 - 11.8 - 11.7 - 11.6 - 11.8 - 13.0,37.2,36.4
202109040212,12.2 - 10.8 - 11.5 - 11.5 - 12.3 - 13.0,34.5,36.8
202109040301,13.0 - 11.4 - 13.4 - 12.7 - 12.5 - 12.5 - 12.6 - 12.7 - 13.4,37.8,38.7
202109040302,12.3 - 11.0 - 11.2 - 11.1 - 11.2 - 12.5,34.5,34.8
202109040303,12.7 - 11.9 - 12.9 - 12.3 - 12.2 - 11.9 - 11.9 - 11.8 - 11.9 - 12.5,37.5,36.2
202109040304,13.0 - 11.8 - 12.5 - 12.6 - 11.8 - 12.2,37.3,36.6
202109040305,12.9 - 11.1 - 11.8 - 12.9 - 13.4 - 13.2 - 12.0 - 10.8 - 11.6,35.8,34.4
202109040306,12.4 - 10.9 - 11.7 - 12.3 - 12.5 - 12.0 - 12.7,35.0,37.2
202109040307,12.8 - 11.5 - 13.6 - 12.5 - 12.1 - 12.5 - 12.4 - 12.2 - 13.5,37.9,38.1
202109040308,12.2 - 11.1 - 11.6 - 12.0 - 12.1 - 13.5,34.9,37.6
202109040309,12.7 - 10.9 - 11.3 - 12.0 - 12.3 - 12.4 - 11.7 - 11.6 - 12.3,34.9,35.6
202109040310,12.6 - 11.2 - 12.2 - 12.6 - 11.6 - 11.5 - 11.5 - 11.6 - 12.3 - 13.0,36.0,36.9
202109040311,12.6 - 11.1 - 12.8 - 12.3 - 12.3 - 12.2 - 12.4 - 12.2 - 13.4,36.5,38.0
202109040312,12.1 - 10.8 - 11.8 - 12.2 - 12.2 - 11.9 - 12.7,34.7,36.8
202109040401,12.4 - 10.9 - 11.5 - 12.3 - 12.4 - 12.7 - 14.1,34.8,39.2
202109040402,12.6 - 11.5 - 11.9 - 12.1 - 12.2 - 12.7,36.0,37.0
202109040403,12.6 - 11.2 - 11.6 - 12.0 - 12.0 - 12.0 - 12.0 - 11.7 - 12.7,35.4,36.4
202109040404,13.3 - 12.2 - 14.7 - 13.4 - 12.0 - 13.0 - 12.6 - 12.4 - 11.9,40.2,36.9
202109040405,13.0 - 11.5 - 11.6 - 12.0 - 12.0 - 11.9 - 11.4 - 12.2,36.1,35.5
202109040406,12.9 - 11.9 - 13.3 - 12.9 - 12.3 - 12.0 - 11.4 - 11.3 - 11.9 - 13.0,38.1,36.2
202109040407,13.3 - 11.5 - 13.2 - 12.7 - 12.8 - 12.6 - 12.6 - 12.4 - 13.5,38.0,38.5
202109040408,12.0 - 10.5 - 11.5 - 11.8 - 11.9 - 12.9 - 13.9,34.0,38.7
202109040409,12.7 - 11.6 - 11.9 - 11.4 - 11.3 - 11.6 - 12.8,36.2,35.7
202109040410,12.9 - 11.7 - 12.0 - 12.1 - 11.8 - 11.4 - 11.1 - 11.3 - 11.8,36.6,34.2
202109040411,12.8 - 11.6 - 12.2 - 12.3 - 12.3 - 12.0 - 11.5 - 11.3 - 12.3 - 12.9,36.6,36.5
202109040412,12.6 - 11.3 - 12.4 - 11.9 - 12.5 - 12.6 - 12.8 - 12.5 - 13.5,36.3,38.8
202109040501,12.3 - 10.8 - 11.9 - 12.4 - 12.2 - 12.5 - 13.4,35.0,38.1
202109040502,12.9 - 11.2 - 12.3 - 12.4 - 11.7 - 11.2 - 10.9 - 12.0,36.4,34.1
202109040503,12.4 - 11.3 - 11.7 - 12.2 - 12.2 - 11.7 - 11.6 - 11.6 - 12.2,35.4,35.4
202109040504,12.6 - 11.2 - 11.9 - 12.6 - 12.6 - 12.4 - 12.6,35.7,37.6
202109040505,12.3 - 11.3 - 11.2 - 11.1 - 11.5 - 12.7,34.8,35.3
202109040506,13.0 - 11.6 - 13.5 - 12.3 - 12.2 - 12.5 - 12.4 - 12.3 - 12.8,38.1,37.5
202109040507,12.2 - 10.8 - 11.3 - 12.2 - 12.4 - 12.6 - 13.8,34.3,38.8
202109040508,13.0 - 11.7 - 12.4 - 12.3 - 11.9 - 11.4 - 10.6 - 11.6,37.1,33.6
202109040509,13.2 - 12.3 - 13.2 - 13.0 - 12.4 - 11.8 - 11.8 - 12.0 - 11.6 - 11.3 - 11.2 - 12.5,38.7,35.0
202109040510,12.5 - 10.6 - 12.9 - 12.4 - 12.2 - 12.2 - 12.3 - 13.1 - 13.7,36.0,39.1
202109040511,12.1 - 11.1 - 11.7 - 11.8 - 11.8 - 12.5,34.9,36.1
202109040512,12.4 - 11.3 - 11.9 - 11.8 - 11.7 - 13.0,35.6,36.5
202109040601,12.8 - 11.5 - 13.7 - 12.9 - 12.8 - 12.7 - 12.7 - 12.2 - 13.1,38.0,38.0
202109040602,12.4 - 11.0 - 11.9 - 12.1 - 12.4 - 13.5,35.3,38.0
202109040603,12.3 - 10.8 - 11.3 - 11.5 - 11.5 - 11.5 - 12.0,34.4,35.0
202109040604,12.8 - 11.1 - 11.8 - 12.2 - 11.9 - 11.7 - 11.1 - 12.1,35.7,34.9
202109040605,12.9 - 11.4 - 12.4 - 12.3 - 12.0 - 11.9 - 11.8 - 10.7 - 11.9,36.7,34.4
202109040606,12.7 - 10.8 - 13.2 - 12.7 - 12.5 - 12.7 - 12.6 - 12.6 - 13.1,36.7,38.3
202109040607,13.4 - 12.3 - 12.6 - 14.2 - 13.3 - 12.7 - 13.0 - 12.5 - 11.8 - 12.1,38.3,36.4
202109040608,12.1 - 10.7 - 11.4 - 12.1 - 12.6 - 12.7 - 13.4,34.2,38.7
202109040609,12.3 - 10.7 - 10.7 - 10.9 - 11.2 - 12.5,33.7,34.6
202109040610,12.8 - 11.3 - 12.4 - 11.9 - 11.5 - 11.1 - 10.7 - 11.7,36.5,33.5
202109040611,12.5 - 11.1 - 11.5 - 12.1 - 12.8 - 12.6 - 12.8 - 14.3 - 13.1 - 12.6 - 12.4 - 11.7 - 11.5 - 11.4 - 12.2,35.1,35.1
202109040612,12.2 - 10.9 - 12.0 - 12.4 - 12.1 - 11.8 - 12.6,35.1,36.5
202109040701,12.4 - 10.8 - 11.6 - 12.3 - 12.3 - 12.7 - 14.0,34.8,39.0
202109040702,12.9 - 11.3 - 12.4 - 12.9 - 12.4 - 11.2 - 10.6 - 11.7,36.6,33.5
202109040703,12.3 - 11.5 - 12.3 - 12.6 - 12.2 - 12.1 - 13.1,36.1,37.4
202109040704,13.1 - 11.0 - 13.6 - 13.0 - 12.6 - 12.8 - 13.0 - 12.7 - 12.8,37.7,38.5
202109040705,12.8 - 11.7 - 13.0 - 13.1 - 12.4 - 12.1 - 11.9 - 11.7 - 11.9 - 12.2,37.5,35.8
202109040706,12.5 - 11.3 - 11.8 - 12.2 - 11.9 - 12.4,35.6,36.5
202109040707,12.8 - 11.8 - 13.1 - 13.1 - 12.8 - 12.4 - 12.3 - 12.1 - 11.5 - 11.3 - 11.0 - 12.5,37.7,34.8
202109040708,12.3 - 11.1 - 11.7 - 11.8 - 11.6 - 11.5 - 11.8,35.1,34.9
202109040709,12.8 - 11.3 - 12.4 - 13.2 - 13.3 - 11.8 - 11.3 - 10.6 - 11.8,36.5,33.7
202109040710,12.5 - 11.4 - 13.3 - 12.6 - 12.8 - 12.7 - 12.4 - 12.0 - 12.7,37.2,37.1
202109040711,12.2 - 10.6 - 11.3 - 11.5 - 11.4 - 11.6 - 12.1,34.1,35.1
202109040712,13.0 - 11.9 - 14.0 - 12.7 - 12.5 - 12.2 - 12.0 - 12.1 - 12.8,38.9,36.9
202109040801,12.9 - 11.2 - 12.8 - 12.8 - 13.0 - 13.1 - 12.9 - 12.7 - 13.1,36.9,38.7
202109040802,12.6 - 11.2 - 12.0 - 12.4 - 12.3 - 13.0,35.8,37.7
202109040803,12.4 - 11.6 - 13.0 - 13.1 - 12.6 - 12.2 - 12.0 - 11.7 - 11.5 - 11.9,37.0,35.1
202109040804,12.2 - 11.1 - 11.8 - 12.1 - 11.8 - 11.7 - 12.2,35.1,35.7
202109040805,12.7 - 11.3 - 12.5 - 12.6 - 12.2 - 11.4 - 10.6 - 11.7,36.5,33.7
202109040806,12.0 - 10.8 - 11.9 - 12.4 - 12.4 - 12.3 - 13.0,34.7,37.7
202109040807,12.8 - 11.2 - 13.2 - 12.8 - 12.5 - 12.5 - 12.7 - 12.5 - 13.4,37.2,38.6
202109040808,13.0 - 11.7 - 11.9 - 12.5 - 12.2 - 11.6 - 11.2 - 10.6 - 11.9,36.6,33.7
202109040809,13.0 - 12.1 - 12.6 - 12.7 - 12.7 - 12.6 - 12.8 - 14.0 - 12.5 - 12.2 - 12.3 - 11.9 - 11.5 - 12.0 - 12.3,37.7,35.8
202109040810,11.9 - 10.9 - 11.5 - 11.8 - 11.8 - 11.8 - 13.0,34.3,36.6
202109040811,12.9 - 12.0 - 12.5 - 12.5 - 12.1 - 11.5 - 11.2 - 10.7 - 11.8,37.4,33.7
202109040812,12.3 - 11.3 - 11.9 - 12.2 - 12.3 - 11.6 - 12.6,35.5,36.5
202109050101,12.8 - 10.9 - 13.1 - 12.9 - 12.7 - 12.8 - 13.0 - 13.2 - 13.3,36.8,39.5
202109050102,12.6 - 11.4 - 11.9 - 12.3 - 12.0 - 13.0,35.9,37.3
202109050103,12.6 - 10.9 - 11.7 - 12.2 - 12.0 - 11.3 - 11.2 - 12.4,35.2,34.9
202109050104,12.6 - 10.8 - 12.4 - 13.6 - 12.6 - 11.8 - 11.9 - 12.1 - 11.7 - 12.4,35.8,36.2
202109050105,13.5 - 12.1 - 12.6 - 13.6 - 13.6 - 13.1 - 11.3 - 10.9 - 11.5,38.2,33.7
202109050106,13.0 - 11.3 - 13.6 - 13.4 - 13.3 - 13.0 - 12.5 - 12.5 - 13.2,37.9,38.2
202109050107,12.1 - 11.2 - 12.2 - 12.3 - 12.4 - 12.2 - 12.9,35.5,37.5
202109050108,12.7 - 11.0 - 13.5 - 12.6 - 12.7 - 12.6 - 12.5 - 12.6 - 13.2,37.2,38.3
202109050109,12.7 - 11.7 - 12.5 - 12.4 - 12.1 - 12.0 - 11.6 - 11.4 - 11.8 - 12.5,36.9,35.7
202109050110,12.2 - 10.6 - 11.6 - 12.2 - 12.0 - 12.4,34.4,36.6
202109050111,12.3 - 11.0 - 11.1 - 11.5 - 11.5 - 11.7 - 12.0,34.4,35.2
202109050112,12.3 - 11.2 - 12.0 - 11.8 - 11.9 - 12.9,35.5,36.6
202109050201,12.9 - 11.0 - 12.9 - 12.5 - 12.9 - 13.0 - 12.7 - 12.7 - 12.9,36.8,38.3
202109050202,12.2 - 11.3 - 12.1 - 12.4 - 12.1 - 12.7 - 13.1,35.6,37.9
202109050203,13.0 - 11.7 - 12.2 - 12.3 - 11.9 - 11.6 - 11.2 - 10.9 - 12.1,36.9,34.2
202109050204,12.8 - 11.5 - 12.2 - 12.4 - 12.5 - 12.5,36.5,37.4
202109050205,13.3 - 11.6 - 12.5 - 12.5 - 12.3 - 12.1 - 12.0 - 11.7 - 11.6 - 12.2,37.4,35.5
202109050206,12.7 - 11.9 - 12.0 - 11.3 - 11.4 - 11.7,36.6,34.4
202109050207,12.7 - 11.2 - 11.5 - 12.0 - 12.1 - 11.7 - 11.5 - 11.1 - 12.2,35.4,34.8
202109050208,12.4 - 10.4 - 12.9 - 12.3 - 12.7 - 13.2 - 12.5 - 12.9 - 13.3,35.7,38.7
202109050209,12.6 - 10.6 - 13.5 - 12.8 - 12.6 - 13.0 - 12.9 - 12.6 - 12.9,36.7,38.4
202109050210,12.4 - 11.0 - 11.2 - 11.1 - 11.3 - 11.6,34.6,34.0
202109050211,12.7 - 11.2 - 13.6 - 12.5 - 12.1 - 11.9 - 12.2 - 12.0 - 12.6,37.5,36.8
202109050212,12.8 - 11.4 - 11.8 - 11.7 - 11.7 - 11.4 - 10.7 - 12.3,36.0,34.4
202109050301,13.1 - 11.3 - 13.0 - 12.7 - 12.4 - 12.7 - 12.8 - 13.0 - 13.6,37.4,39.4
202109050302,12.6 - 11.1 - 11.8 - 11.9 - 12.2 - 12.9,35.5,37.0
202109050303,12.2 - 10.7 - 11.2 - 11.7 - 11.9 - 11.9 - 12.6,34.1,36.4
202109050304,13.0 - 11.4 - 13.2 - 12.5 - 12.5 - 12.7 - 12.6 - 12.5 - 13.2,37.6,38.3
202109050305,13.1 - 11.8 - 12.0 - 12.3 - 12.6 - 12.7 - 12.0 - 10.9 - 12.0,36.9,34.9
202109050306,12.6 - 11.7 - 12.0 - 13.7 - 12.7 - 12.4 - 12.4 - 12.4 - 12.8 - 13.9,36.3,39.1
202109050307,12.2 - 10.9 - 11.4 - 11.9 - 12.6 - 13.3,34.5,37.8
202109050309,12.7 - 12.0 - 12.8 - 12.3 - 12.0 - 11.7 - 11.6 - 11.5 - 11.9 - 12.6,37.5,36.0
202109050310,12.6 - 10.8 - 12.9 - 12.2 - 12.3 - 12.4 - 12.5 - 12.5 - 13.2,36.3,38.2
202109050311,12.7 - 11.4 - 11.8 - 12.8 - 12.6 - 11.4 - 10.5 - 11.9,35.9,33.8
202109050312,12.4 - 11.1 - 11.4 - 11.4 - 11.7 - 11.8 - 12.2,34.9,35.7
202109050401,12.2 - 10.9 - 11.7 - 12.3 - 12.7 - 13.1 - 13.1,34.8,38.9
202109050402,12.8 - 11.4 - 13.5 - 12.2 - 12.7 - 12.7 - 12.8 - 12.6 - 13.5,37.7,38.9
202109050403,12.8 - 11.2 - 12.1 - 12.7 - 12.1 - 11.6 - 10.8 - 12.4,36.1,34.8
202109050404,12.9 - 11.2 - 12.5 - 12.7 - 12.6 - 12.5 - 11.9 - 10.9 - 11.9,36.6,34.7
202109050405,13.2 - 11.3 - 12.4 - 12.7 - 12.5 - 11.9 - 11.0 - 12.1,36.9,35.0
202109050406,12.7 - 10.8 - 13.2 - 12.6 - 12.5 - 12.4 - 12.4 - 13.0 - 13.4,36.7,38.8
202109050407,12.7 - 11.5 - 11.8 - 13.6 - 12.6 - 12.6 - 13.1 - 12.8 - 12.3 - 13.1,36.0,38.2
202109050408,12.4 - 11.7 - 12.3 - 13.3 - 12.8 - 12.3 - 12.4 - 12.0 - 11.8 - 11.3 - 12.4,36.4,35.5
202109050409,13.0 - 12.2 - 13.3 - 12.8 - 12.7 - 12.6 - 12.0 - 11.9 - 11.1 - 11.7,38.5,34.7
202109050410,12.1 - 10.9 - 12.0 - 12.0 - 11.8 - 12.8,35.0,36.6
202109050411,12.2 - 10.7 - 11.2 - 12.5 - 12.4 - 12.3 - 12.1 - 12.2 - 12.2 - 11.8 - 12.5,34.1,36.5
202109050412,12.2 - 10.6 - 11.4 - 12.1 - 12.3 - 12.3 - 13.7,34.2,38.3
202109050501,12.2 - 10.9 - 11.7 - 12.3 - 12.7 - 12.8 - 14.2,34.8,39.7
202109050502,13.1 - 11.1 - 13.0 - 12.6 - 12.7 - 12.9 - 12.9 - 13.1 - 13.7,37.2,39.7
202109050503,12.4 - 10.9 - 11.0 - 11.4 - 11.6 - 12.2,34.3,35.2
202109050504,12.8 - 10.8 - 11.4 - 11.6 - 12.2 - 12.3 - 12.2 - 11.8 - 11.9,35.0,35.9
202109050505,12.6 - 10.7 - 11.7 - 11.9 - 11.9 - 11.6 - 12.0,35.0,35.5
202109050506,12.5 - 11.4 - 12.2 - 12.4 - 12.4 - 12.7 - 13.1,36.1,38.2
202109050507,13.0 - 11.5 - 14.0 - 13.4 - 13.1 - 12.8 - 12.6 - 12.1 - 12.7,38.5,37.4
202109050508,12.3 - 10.8 - 11.3 - 11.4 - 11.9 - 11.7 - 12.0,34.4,35.6
202109050509,12.7 - 11.5 - 13.2 - 12.5 - 12.7 - 12.4 - 12.3 - 12.4 - 13.3,37.4,38.0
202109050510,12.9 - 11.3 - 12.3 - 12.4 - 12.2 - 12.1 - 12.2 - 12.0 - 11.8 - 12.0 - 11.3 - 12.4,36.5,35.7
202109050511,12.7 - 11.5 - 12.5 - 12.5 - 11.9 - 11.7 - 11.5 - 11.4 - 11.6 - 12.5,36.7,35.5
202109050512,12.1 - 10.6 - 11.6 - 11.9 - 11.9 - 13.0,34.3,36.8
202109050601,12.9 - 11.3 - 13.0 - 12.3 - 12.5 - 12.8 - 13.4 - 13.4 - 13.6,37.2,40.4
202109050602,12.4 - 11.3 - 11.8 - 12.1 - 12.2 - 12.9,35.5,37.2
202109050603,12.6 - 11.1 - 12.7 - 13.1 - 12.8 - 12.7 - 12.3 - 12.2 - 11.6 - 11.8,36.4,35.6
202109050604,12.8 - 11.1 - 11.7 - 12.4 - 12.1 - 11.6 - 10.9 - 12.1,35.6,34.6
202109050605,12.9 - 11.9 - 12.6 - 12.3 - 12.2 - 12.2 - 12.0 - 11.9 - 11.5 - 12.4,37.4,35.8
202109050606,12.7 - 11.3 - 13.6 - 12.9 - 12.8 - 12.6 - 12.6 - 12.1 - 12.8,37.6,37.5
202109050607,12.4 - 10.9 - 11.9 - 12.6 - 12.1 - 12.0 - 12.6,35.2,36.7
202109050608,12.6 - 11.1 - 13.3 - 13.0 - 12.3 - 12.9 - 13.0 - 12.7 - 12.9,37.0,38.6
202109050609,12.2 - 10.9 - 11.6 - 11.9 - 11.6 - 11.4 - 12.1,34.7,35.1
202109050610,13.0 - 11.4 - 11.5 - 11.4 - 11.4 - 11.6 - 11.8 - 11.4 - 11.8,35.9,35.0
202109050611,12.5 - 11.2 - 11.9 - 12.0 - 11.7 - 11.1 - 10.7 - 11.5,35.6,33.3
202109050612,12.2 - 10.9 - 11.7 - 12.0 - 12.2 - 12.0 - 13.1,34.8,37.3
202109050701,13.2 - 11.9 - 13.3 - 12.4 - 12.5 - 12.5 - 12.7 - 13.6 - 14.7,38.4,41.0
202109050702,12.6 - 11.3 - 12.0 - 12.4 - 12.4 - 12.7,35.9,37.5
202109050703,12.7 - 11.1 - 11.8 - 11.8 - 11.7 - 11.8 - 11.1 - 12.4,35.6,35.3
202109050704,12.5 - 10.9 - 11.7 - 11.7 - 11.7 - 11.7 - 12.5,35.1,35.9
202109050705,12.9 - 11.7 - 12.4 - 12.8 - 12.7 - 12.2 - 11.0 - 12.0,37.0,35.2
202109050706,13.2 - 11.9 - 14.3 - 13.5 - 13.7 - 13.3 - 12.9 - 12.6 - 12.7,39.4,38.2
202109050707,12.5 - 11.1 - 11.7 - 11.9 - 12.2 - 13.5,35.3,37.6
202109050708,12.9 - 11.1 - 13.4 - 12.8 - 12.6 - 12.3 - 12.2 - 12.8 - 13.1,37.4,38.1
202109050709,13.4 - 12.7 - 13.5 - 14.3 - 13.4 - 13.0 - 12.9 - 12.9 - 12.2 - 11.8 - 11.7 - 10.8 - 12.0,39.6,34.5
202109050710,13.0 - 11.3 - 13.4 - 12.3 - 12.3 - 12.6 - 12.5 - 12.3 - 13.0,37.7,37.8
202109050711,12.9 - 11.7 - 12.9 - 12.9 - 12.4 - 12.6 - 12.2 - 11.7 - 11.6 - 12.4,37.5,35.7
202109050712,11.9 - 10.6 - 11.0 - 11.4 - 11.6 - 12.8,33.5,35.8
202109050801,12.9 - 11.1 - 13.4 - 12.6 - 12.7 - 12.9 - 13.4 - 13.5 - 13.5,37.4,40.4
202109050802,12.3 - 11.0 - 11.8 - 12.2 - 12.3 - 12.7 - 13.8,35.1,38.8
202109050803,13.1 - 12.1 - 12.9 - 12.4 - 12.5 - 12.3 - 11.8 - 11.6 - 11.6 - 12.7,38.1,35.9
202109050804,12.6 - 11.4 - 11.8 - 12.1 - 12.5 - 12.5,35.8,37.1
202109050806,13.3 - 12.7 - 13.9 - 13.5 - 12.5 - 12.8 - 12.3 - 12.1 - 11.6 - 11.7,39.9,35.4
202109050807,12.7 - 10.9 - 13.7 - 13.0 - 12.8 - 12.6 - 12.2 - 12.1 - 13.2,37.3,37.5
202109050808,12.0 - 10.7 - 11.4 - 11.7 - 12.3 - 12.4 - 13.5,34.1,38.2
202109050809,12.9 - 11.3 - 12.3 - 12.2 - 11.7 - 11.6 - 10.9 - 11.9,36.5,34.4
202109050810,12.9 - 11.1 - 11.3 - 11.5 - 11.4 - 11.1 - 11.1 - 12.5,35.3,34.7
202109050811,12.6 - 11.2 - 11.9 - 13.8 - 12.9 - 13.0 - 12.7 - 12.2 - 12.1 - 12.6,35.7,36.9
202109050812,12.3 - 10.8 - 11.2 - 11.3 - 11.3 - 11.9,34.3,34.5
202109060101,13.0 - 11.8 - 13.2 - 12.1 - 12.7 - 12.9 - 13.0 - 12.9 - 13.4,38.0,39.3
202109060102,12.5 - 11.3 - 12.2 - 12.2 - 12.4 - 12.8 - 13.3,36.0,38.5
202109060103,12.9 - 11.7 - 13.5 - 12.4 - 12.5 - 12.8 - 13.0 - 13.3 - 13.7,38.1,40.0
202109060104,12.5 - 11.0 - 11.4 - 11.1 - 11.4 - 12.2,34.9,34.7
202109060105,13.2 - 11.2 - 11.5 - 12.0 - 12.6 - 12.1 - 11.7 - 11.0 - 12.0,35.9,34.7
202109060106,12.5 - 11.4 - 12.3 - 12.6 - 12.6 - 12.4 - 12.9,36.2,37.9
202109060107,12.7 - 11.2 - 11.8 - 12.3 - 12.0 - 11.8 - 11.2 - 12.0,35.7,35.0
202109060108,12.8 - 11.7 - 11.6 - 13.5 - 13.0 - 12.7 - 12.6 - 12.9 - 12.4 - 13.5,36.1,38.8
202109060109,12.8 - 11.6 - 11.9 - 12.2 - 12.3 - 12.0 - 11.5 - 11.1 - 11.7,36.3,34.3
202109060110,12.3 - 10.9 - 11.3 - 11.8 - 12.4 - 12.7,34.5,36.9
202109060111,13.3 - 11.9 - 13.0 - 12.5 - 12.2 - 12.4 - 11.7 - 11.6 - 10.8 - 11.6,38.2,34.0
202109060112,12.3 - 11.1 - 11.6 - 11.7 - 12.0 - 12.3 - 12.9,35.0,37.2
202109060201,12.2 - 10.7 - 11.8 - 12.4 - 12.7 - 13.0 - 13.7,34.7,39.4
202109060202,12.9 - 11.1 - 11.7 - 12.6 - 12.4 - 12.1 - 11.6 - 11.4 - 12.4,35.7,35.4
202109060203,12.7 - 11.7 - 12.5 - 12.2 - 11.8 - 12.6,36.9,36.6
202109060205,12.2 - 10.6 - 11.5 - 11.9 - 11.5 - 11.8,34.3,35.2
202109060206,13.1 - 11.9 - 13.9 - 12.9 - 12.4 - 13.0 - 12.7 - 12.3 - 13.1,38.9,38.1
202109060207,12.2 - 10.7 - 11.4 - 12.4 - 12.5 - 12.8 - 13.5,34.3,38.8
202109060208,12.7 - 11.5 - 12.3 - 14.5 - 13.4 - 13.2 - 12.8 - 12.5 - 12.0 - 12.7,36.5,37.2
202109060209,12.4 - 11.3 - 11.7 - 11.5 - 11.3 - 11.6,35.4,34.4
202109060210,12.7 - 11.4 - 11.5 - 11.9 - 11.6 - 11.4 - 11.2 - 11.3 - 12.0,35.6,34.5
202109060211,12.4 - 10.5 - 11.2 - 12.3 - 12.4 - 12.3 - 12.8,34.1,37.5
202109060212,12.4 - 10.7 - 11.4 - 11.5 - 11.3 - 11.4 - 11.9,34.5,34.6
202109060301,12.9 - 11.4 - 13.5 - 12.7 - 12.9 - 13.1 - 12.9 - 12.0 - 12.1,37.8,37.0
202109060302,12.6 - 10.9 - 11.1 - 11.8 - 11.7 - 11.6 - 12.2,34.6,35.5
202109060303,12.6 - 11.3 - 12.2 - 12.3 - 12.2 - 12.8,36.1,37.3
202109060306,12.5 - 11.3 - 12.5 - 12.5 - 12.3 - 12.2 - 12.1 - 11.7 - 12.1 - 12.4,36.3,36.2
202109060307,12.7 - 11.1 - 11.9 - 12.7 - 13.0 - 12.8 - 13.3,35.7,39.1
202109060308,12.8 - 11.0 - 13.5 - 12.8 - 12.2 - 12.6 - 12.8 - 11.9 - 12.4,37.3,37.1
202109060309,12.7 - 10.9 - 12.1 - 12.1 - 11.9 - 11.9 - 12.0 - 11.9 - 11.8 - 12.4,35.7,36.1
202109060310,13.6 - 12.6 - 12.8 - 12.6 - 12.8 - 12.5 - 12.3 - 12.0 - 11.8 - 11.3 - 11.0 - 12.7,39.0,35.0
202109060311,12.9 - 11.1 - 11.9 - 12.0 - 11.7 - 11.4 - 11.2 - 11.8,35.9,34.4
202109060312,12.3 - 11.2 - 11.7 - 12.4 - 11.9 - 12.9,35.2,37.2
202109060401,13.1 - 11.4 - 14.4 - 13.1 - 13.1 - 13.2 - 13.1 - 11.8 - 12.5,38.9,37.4
202109060402,12.5 - 11.7 - 12.2 - 12.5 - 12.3 - 11.7 - 12.8,36.4,36.8
202109060403,12.8 - 11.3 - 12.9 - 12.6 - 12.5 - 12.4 - 12.2 - 11.6 - 11.4 - 12.1,37.0,35.1
202109060404,13.2 - 11.7 - 13.7 - 13.2 - 13.0 - 12.8 - 12.6 - 12.3 - 13.1,38.6,38.0
202109060405,13.1 - 11.5 - 11.7 - 12.3 - 11.6 - 11.5 - 11.3 - 12.1,36.3,34.9
202109060406,12.1 - 10.9 - 11.5 - 12.4 - 12.6 - 12.9,34.5,37.9
202109060407,12.9 - 11.5 - 13.5 - 12.5 - 12.0 - 12.8 - 13.1 - 12.3 - 13.2,37.9,38.6
202109060408,12.2 - 10.7 - 10.8 - 11.3 - 11.4 - 12.0,33.7,34.7
202109060409,12.5 - 11.4 - 11.6 - 12.5 - 12.0 - 12.1 - 12.1 - 11.8 - 11.8 - 12.1 - 12.3,35.5,36.2
202109060410,12.6 - 12.0 - 11.6 - 13.6 - 12.5 - 12.3 - 12.6 - 12.8 - 12.3 - 13.2,36.2,38.3
202109060411,12.2 - 10.4 - 11.5 - 12.3 - 12.6 - 12.1 - 10.9 - 11.8,34.1,34.8
202109060412,12.4 - 10.8 - 11.7 - 12.5 - 12.6 - 11.8 - 12.2,34.9,36.6
202109060501,12.9 - 11.6 - 13.6 - 12.1 - 12.1 - 12.8 - 12.8 - 12.3 - 12.6,38.1,37.7
202109060502,13.1 - 12.1 - 12.8 - 13.2 - 13.3 - 13.0 - 11.7 - 10.8 - 11.8,38.0,34.3
202109060503,12.2 - 10.7 - 11.5 - 12.0 - 12.4 - 12.0 - 12.5,34.4,36.9
202109060505,12.6 - 10.8 - 11.4 - 11.8 - 11.8 - 12.0 - 12.6,34.8,36.4
202109060506,12.9 - 11.8 - 12.5 - 12.4 - 12.0 - 12.2,37.2,36.6
202109060507,12.9 - 11.7 - 13.4 - 12.6 - 12.4 - 12.3 - 11.9 - 11.5 - 11.4 - 12.5,38.0,35.4
202109060508,12.8 - 11.2 - 13.3 - 12.6 - 12.6 - 12.2 - 12.2 - 12.6 - 12.9,37.3,37.7
202109060509,12.8 - 11.2 - 13.0 - 12.8 - 12.8 - 12.6 - 12.6 - 11.8 - 12.5,37.0,36.9
202109060510,12.7 - 11.1 - 12.2 - 11.8 - 11.6 - 11.4 - 11.3 - 11.9,36.0,34.6
202109060511,12.0 - 10.8 - 11.0 - 11.1 - 11.3 - 12.3,33.8,34.7
202109060512,12.3 - 10.9 - 12.0 - 12.1 - 12.2 - 11.5 - 12.2,35.2,35.9
202109060601,13.1 - 11.6 - 13.9 - 12.5 - 12.2 - 12.5 - 12.7 - 12.5 - 13.1,38.6,38.3
202109060602,12.1 - 10.8 - 11.6 - 12.4 - 12.0 - 13.2,34.5,37.6
202109060603,13.0 - 11.9 - 13.1 - 12.4 - 12.4 - 12.5 - 13.0 - 12.9 - 13.3,38.0,39.2
202109060604,12.7 - 10.4 - 11.3 - 11.9 - 12.3 - 12.2 - 11.7 - 12.3,34.4,36.2
202109060605,13.8 - 12.5 - 13.7 - 13.2 - 12.7 - 12.6 - 12.3 - 11.6 - 11.4 - 11.8,40.0,34.8
202109060606,13.1 - 11.7 - 13.6 - 12.7 - 12.8 - 12.8 - 12.5 - 11.8 - 12.7,38.4,37.0
202109060607,12.6 - 11.0 - 11.3 - 11.7 - 12.3 - 12.3 - 11.4 - 11.4 - 11.9,34.9,34.7
202109060608,13.0 - 11.2 - 12.7 - 12.4 - 12.9 - 12.7 - 12.7 - 12.0 - 13.0,36.9,37.7
202109060609,12.2 - 10.8 - 11.2 - 11.9 - 11.8 - 12.7,34.2,36.4
202109060610,12.3 - 10.6 - 11.2 - 11.6 - 11.3 - 11.1 - 12.0,34.1,34.4
202109060611,12.6 - 10.6 - 11.1 - 11.9 - 12.1 - 11.9 - 11.2 - 12.1,34.3,35.2
202109060612,12.1 - 10.4 - 11.2 - 11.4 - 12.0 - 12.3 - 13.1,33.7,37.4
202109060701,12.9 - 11.6 - 13.9 - 12.8 - 12.7 - 13.2 - 13.1 - 12.7 - 13.4,38.4,39.2
202109060702,12.3 - 10.6 - 11.6 - 12.3 - 12.1 - 13.5,34.5,37.9
202109060703,12.9 - 11.3 - 13.6 - 13.2 - 12.7 - 12.6 - 12.9 - 13.1 - 14.1,37.8,40.1
202109060704,12.9 - 11.1 - 11.6 - 12.0 - 12.1 - 11.9 - 11.4 - 12.4,35.6,35.7
202109060705,12.9 - 11.4 - 11.9 - 12.2 - 12.3 - 12.5 - 11.7 - 11.3 - 12.5,36.2,35.5
202109060706,12.5 - 11.2 - 11.9 - 12.2 - 12.6 - 12.2 - 12.8,35.6,37.6
202109060707,12.8 - 11.5 - 13.4 - 12.5 - 12.5 - 12.6 - 12.7 - 11.9 - 12.8,37.7,37.4
202109060708,12.3 - 10.9 - 12.0 - 12.5 - 12.2 - 12.8,35.2,37.5
202109060709,12.4 - 11.1 - 11.7 - 12.0 - 11.5 - 11.4 - 11.8,35.2,34.7
202109060710,12.8 - 11.4 - 13.7 - 12.7 - 12.6 - 12.2 - 12.0 - 11.9 - 13.2,37.9,37.1
202109060711,12.2 - 11.1 - 11.0 - 11.0 - 11.2 - 11.6 - 12.2,34.3,35.0
202109060712,12.1 - 10.6 - 12.1 - 12.5 - 12.5 - 12.1 - 13.0,34.8,37.6
202109060801,12.8 - 11.2 - 13.5 - 12.6 - 12.8 - 13.2 - 13.5 - 13.0 - 14.1,37.5,40.6
202109060802,12.4 - 10.8 - 12.0 - 12.5 - 12.8 - 12.5 - 13.4,35.2,38.7
202109060803,13.2 - 11.5 - 12.2 - 12.0 - 12.8 - 12.8 - 12.1 - 11.9 - 11.5 - 13.1,36.9,36.5
202109060804,13.2 - 11.5 - 13.5 - 13.1 - 13.2 - 13.2 - 13.0 - 13.1 - 14.0,38.2,40.1
202109060806,12.5 - 11.2 - 11.5 - 12.0 - 11.8 - 11.3 - 12.8,35.2,35.9
202109060807,13.0 - 11.7 - 13.8 - 12.7 - 12.4 - 12.5 - 12.8 - 12.8 - 13.7,38.5,39.3
202109060808,13.0 - 11.2 - 11.7 - 12.0 - 12.1 - 11.7 - 11.0 - 12.0,35.9,34.7
202109060809,13.1 - 11.9 - 13.8 - 12.8 - 12.5 - 12.6 - 12.6 - 12.1 - 12.9,38.8,37.6
202109060810,13.3 - 11.9 - 13.2 - 12.3 - 11.7 - 11.5 - 11.7 - 11.8 - 11.8 - 12.1,38.4,35.7
202109060811,12.1 - 10.4 - 11.4 - 12.0 - 11.9 - 12.9,33.9,36.8
202109060812,12.6 - 11.2 - 11.5 - 11.6 - 11.3 - 11.3 - 12.2,35.3,34.8
202109060901,13.0 - 11.0 - 13.3 - 13.2 - 13.3 - 12.9 - 12.9 - 12.4 - 13.3,37.3,38.6
202109060902,12.3 - 10.7 - 11.4 - 11.5 - 11.4 - 12.0,34.4,34.9
202109060903,12.5 - 11.1 - 11.8 - 12.3 - 12.0 - 13.1,35.4,37.4
202109060905,12.8 - 11.4 - 12.6 - 12.7 - 12.3 - 11.8 - 11.1 - 11.8,36.8,34.7
202109060906,12.8 - 11.0 - 11.2 - 12.4 - 12.2 - 12.1 - 11.8 - 11.3 - 12.5,35.0,35.6
202109060907,12.8 - 11.2 - 13.5 - 12.8 - 12.5 - 12.4 - 12.6 - 12.3 - 13.5,37.5,38.4
202109060908,12.3 - 11.1 - 11.5 - 12.1 - 12.8 - 12.3 - 13.0,34.9,38.1
202109060909,12.2 - 11.4 - 11.8 - 12.0 - 11.7 - 12.9,35.4,36.6
202109060910,12.8 - 11.7 - 12.9 - 12.4 - 11.9 - 11.6 - 11.2 - 11.6 - 11.7 - 12.4,37.4,35.7
202109060911,12.6 - 11.4 - 13.4 - 12.4 - 12.4 - 12.6 - 12.4 - 11.6 - 12.9,37.4,36.9
202109060912,12.0 - 10.4 - 10.8 - 11.1 - 11.4 - 12.3,33.2,34.8
202110010101,7.0 - 11.2 - 11.6 - 13.2 - 13.2 - 12.6 - 12.7 - 12.8 - 12.9,29.8,38.4
202110010102,11.7 - 10.5 - 11.0 - 11.2 - 11.2 - 11.5,33.2,33.9
202110010103,12.5 - 10.9 - 11.8 - 12.0 - 12.2,35.2,36.0
202110010106,12.0 - 10.3 - 11.7 - 12.6 - 12.6 - 12.1 - 12.4 - 11.8 - 12.4,34.0,36.6
202110010107,11.8 - 10.5 - 10.8 - 11.1 - 11.1 - 11.6,33.1,33.8
202110010108,7.1 - 11.3 - 11.6 - 12.8 - 12.5 - 12.5 - 12.3 - 12.5 - 12.9,30.0,37.7
202110010109,12.2 - 10.7 - 11.4 - 12.3 - 11.9 - 11.8 - 12.1 - 12.1 - 11.8 - 12.0,34.3,35.9
202110010110,11.7 - 10.3 - 10.9 - 11.0 - 11.2 - 12.3,32.9,34.5
202110010111,12.1 - 10.5 - 11.5 - 12.2 - 11.9 - 12.1 - 11.8 - 11.8 - 12.3,34.1,35.9
202110010112,7.0 - 10.8 - 11.9 - 12.7 - 12.5 - 12.2 - 12.5 - 13.0 - 12.5,29.7,38.0
202110010201,7.1 - 10.8 - 12.1 - 13.1 - 13.4 - 12.8 - 12.9 - 13.5 - 13.3,30.0,39.7
202110010202,11.9 - 10.3 - 11.1 - 11.8 - 11.8 - 12.2,33.3,35.8
202110010203,12.1 - 10.6 - 11.6 - 12.2 - 12.6,34.3,36.4
202110010205,12.1 - 10.5 - 11.2 - 11.7 - 11.3 - 11.7,33.8,34.7
202110010206,12.3 - 10.7 - 11.5 - 12.6 - 12.5 - 12.7 - 12.6 - 12.1 - 11.6 - 12.1,34.5,35.8
202110010207,7.2 - 10.6 - 12.0 - 13.2 - 12.7 - 12.0 - 12.3 - 12.6 - 13.0,29.8,37.9
202110010208,12.3 - 10.8 - 11.7 - 11.7 - 11.8 - 11.9 - 11.9 - 12.3 - 12.1,34.8,36.3
202110010209,11.7 - 10.6 - 11.4 - 11.2 - 11.4 - 12.1,33.7,34.7
202110010210,12.9 - 11.3 - 12.4 - 12.5 - 12.0 - 12.4 - 12.9 - 12.8 - 12.3 - 12.0 - 12.0 - 11.9 - 11.7,36.6,35.6
202110010211,7.1 - 10.7 - 11.0 - 12.0 - 12.4 - 12.9 - 13.2 - 12.8 - 12.4,28.8,38.4
202110010212,12.6 - 11.0 - 12.0 - 11.8 - 12.0 - 12.3 - 11.8 - 11.3 - 11.8,35.6,34.9
202110010301,7.1 - 10.9 - 11.8 - 13.0 - 12.6 - 12.2 - 12.7 - 12.8 - 12.6,29.8,38.1
202110010302,12.5 - 11.5 - 11.8 - 12.9 - 12.5 - 12.3 - 12.2 - 12.1 - 12.1 - 12.5,35.8,36.7
202110010303,12.2 - 10.4 - 11.3 - 12.1 - 12.6,33.9,36.0
202110010306,12.5 - 11.3 - 12.8 - 12.3 - 12.0 - 11.9 - 12.0 - 12.2 - 12.7,36.6,36.9
202110010307,6.9 - 11.1 - 11.8 - 12.9 - 12.5 - 11.7 - 11.6 - 12.0 - 12.5,29.8,36.1
202110010308,11.7 - 10.2 - 10.9 - 11.4 - 12.2 - 12.4,32.8,36.0
202110010309,12.8 - 11.2 - 12.1 - 12.9 - 13.3 - 13.2 - 13.3 - 12.1 - 12.0 - 11.8 - 12.0 - 12.1 - 13.3,36.1,37.4
202110010310,11.7 - 10.2 - 10.8 - 11.7 - 12.3 - 13.0,32.7,37.0
202110010311,7.1 - 10.7 - 12.2 - 12.9 - 11.7 - 12.0 - 12.2 - 12.2 - 12.6,30.0,37.0
202110010312,12.6 - 11.9 - 12.5 - 13.6 - 12.6 - 12.5 - 12.2 - 11.8 - 11.9 - 12.1,37.0,35.8
202110010401,7.2 - 11.0 - 12.0 - 12.7 - 12.5 - 12.4 - 12.2 - 12.3 - 12.7,30.2,37.2
202110010402,12.6 - 11.2 - 12.5 - 12.4 - 12.2 - 12.2 - 12.3 - 12.3 - 13.4,36.3,38.0
202110010403,12.0 - 10.4 - 11.3 - 11.8 - 12.5,33.7,35.6
202110010405,12.9 - 11.5 - 13.5 - 13.1 - 12.8 - 12.6 - 12.2 - 11.9 - 12.5,37.9,36.6
202110010406,12.0 - 10.7 - 11.3 - 11.8 - 12.1 - 12.5,34.0,36.4
202110010407,12.7 - 11.3 - 12.0 - 12.8 - 12.4 - 12.5 - 12.6 - 12.5 - 12.4 - 12.6,36.0,37.5
202110010408,7.0 - 10.7 - 11.8 - 12.3 - 12.2 - 12.3 - 12.0 - 12.0 - 12.5,29.5,36.5
202110010409,12.6 - 11.9 - 12.7 - 12.8 - 12.1 - 12.1 - 11.6 - 11.9 - 12.5,37.2,36.0
202110010410,11.8 - 10.6 - 11.1 - 11.5 - 12.1 - 12.4,33.5,36.0
202110010411,7.0 - 10.5 - 11.4 - 12.5 - 12.2 - 12.0 - 12.1 - 12.3 - 12.3,28.9,36.7
202110010412,12.8 - 11.8 - 12.4 - 12.4 - 12.7 - 12.9 - 12.9 - 12.1 - 11.9 - 12.1 - 12.4 - 12.6 - 13.3,37.0,38.3
202110010501,6.9 - 10.8 - 11.6 - 12.8 - 12.5 - 12.5 - 12.7 - 12.8 - 13.1,29.3,38.6
202110010502,12.6 - 11.3 - 11.9 - 12.3 - 12.1 - 12.3 - 12.5 - 12.1 - 12.3 - 12.3,35.8,36.7
202110010503,12.2 - 10.8 - 11.3 - 11.7 - 12.3,34.3,35.3
202110010505,11.9 - 10.6 - 10.9 - 11.5 - 11.6 - 12.6,33.4,35.7
202110010506,12.2 - 11.3 - 11.8 - 12.6 - 12.5 - 12.5 - 12.4 - 12.0 - 11.8 - 12.5,35.3,36.3
202110010507,12.0 - 10.8 - 11.4 - 11.6 - 11.5 - 12.0,34.2,35.1
202110010508,7.1 - 11.1 - 12.3 - 13.4 - 12.5 - 12.0 - 12.1 - 12.4 - 12.9,30.5,37.4
202110010510,12.7 - 11.4 - 12.6 - 12.4 - 12.5 - 12.1 - 11.7 - 11.6 - 12.0,36.7,35.3
202110010511,11.7 - 10.5 - 10.8 - 11.1 - 11.2 - 12.5,33.0,34.8
202110010512,12.0 - 10.6 - 11.2 - 11.7 - 12.3,33.8,35.2
202110010601,7.0 - 11.2 - 11.7 - 13.0 - 13.2 - 12.1 - 13.0 - 13.5 - 12.9,29.9,39.4
202110010602,12.1 - 10.5 - 11.1 - 11.7 - 11.9 - 12.3,33.7,35.9
202110010603,12.1 - 10.5 - 11.6 - 12.0 - 12.4,34.2,36.0
202110010605,12.3 - 11.0 - 11.9 - 12.6 - 11.7 - 11.5,35.2,35.8
202110010606,12.5 - 11.0 - 11.9 - 12.2 - 12.3 - 12.0 - 12.2 - 12.4 - 12.7,35.4,37.3
202110010607,12.5 - 11.7 - 11.9 - 12.4 - 12.1 - 11.9 - 12.1 - 12.0 - 11.8 - 12.5,36.1,36.3
202110010608,6.9 - 11.0 - 11.8 - 12.3 - 12.2 - 12.2 - 12.3 - 12.5 - 12.8,29.7,37.6
202110010609,12.6 - 11.6 - 12.0 - 12.1 - 12.6 - 12.7 - 13.0 - 12.7 - 12.2 - 12.1 - 12.1 - 12.1 - 12.6,36.2,36.8
202110010610,12.2 - 10.8 - 11.2 - 11.3 - 11.3 - 12.3,34.2,34.9
202110010611,11.7 - 10.2 - 10.7 - 11.4 - 11.6 - 12.7,32.6,35.7
202110010612,7.0 - 10.7 - 11.3 - 12.2 - 12.2 - 12.2 - 12.8 - 13.1 - 13.4,29.0,39.3
202110010701,7.1 - 11.1 - 11.9 - 13.0 - 12.5 - 12.2 - 12.2 - 13.2 - 13.4,30.1,38.8
202110010702,11.8 - 10.4 - 11.0 - 11.6 - 11.9 - 12.6,33.2,36.1
202110010703,12.2 - 10.7 - 11.4 - 11.7 - 12.7,34.3,35.8
202110010706,12.6 - 11.8 - 12.9 - 12.8 - 12.4 - 12.1 - 11.9 - 11.6 - 12.3,37.3,35.8
202110010707,11.8 - 10.4 - 11.0 - 11.7 - 11.7 - 12.2,33.2,35.6
202110010708,7.0 - 10.7 - 11.4 - 12.9 - 12.9 - 12.8 - 12.6 - 12.4 - 12.9,29.1,37.9
202110010709,13.0 - 12.2 - 12.8 - 12.8 - 13.1 - 12.7 - 12.9 - 12.4 - 12.2 - 11.8 - 11.7 - 11.7 - 12.8,38.0,36.2
202110010710,11.6 - 10.6 - 11.0 - 11.4 - 11.4 - 12.7,33.2,35.5
202110010711,12.9 - 11.7 - 12.6 - 12.2 - 12.0 - 11.8 - 11.6 - 11.4 - 12.2,37.2,35.2
202110010712,7.1 - 10.7 - 11.7 - 12.6 - 12.4 - 12.2 - 12.2 - 12.5 - 12.7,29.5,37.4
202110010801,7.1 - 11.1 - 11.4 - 13.1 - 12.9 - 12.4 - 12.8 - 12.6 - 12.5,29.6,37.9
202110010802,12.7 - 11.4 - 12.3 - 12.4 - 12.2 - 12.0 - 11.8 - 11.9 - 12.3,36.4,36.0
202110010803,12.2 - 10.6 - 11.5 - 11.5 - 11.9,34.3,34.9
202110010805,12.6 - 12.3 - 12.8 - 13.4 - 13.3 - 12.6 - 11.8 - 11.5 - 11.5 - 12.5,37.7,35.5
202110010806,11.8 - 10.8 - 11.4 - 11.8 - 11.8 - 12.1,34.0,35.7
202110010807,12.6 - 11.3 - 11.5 - 12.6 - 12.5 - 12.4 - 12.1 - 12.0 - 12.3 - 13.1,35.4,37.4
202110010808,13.3 - 12.3 - 12.3 - 12.7 - 13.1 - 13.0 - 13.4 - 12.6 - 12.4 - 12.4 - 12.1 - 12.5,37.9,37.0
202110010809,12.0 - 10.8 - 11.1 - 11.3 - 11.6 - 12.1,33.9,35.0
202110010810,12.6 - 11.2 - 11.9 - 11.7 - 11.7 - 12.0 - 12.0 - 12.2 - 12.8,35.7,37.0
202110010811,12.0 - 11.1 - 11.7 - 12.5 - 12.1 - 11.9 - 12.1 - 12.2 - 12.0 - 12.8,34.8,37.0
202110010812,7.1 - 11.1 - 11.8 - 12.6 - 12.5 - 12.4 - 12.2 - 12.0 - 12.3,30.0,36.5
202110020101,7.1 - 11.1 - 11.6 - 13.0 - 13.4 - 12.8 - 12.6 - 13.0 - 13.3,29.8,38.9
202110020102,12.4 - 11.1 - 12.2 - 12.4 - 12.1 - 11.8 - 11.8 - 12.0 - 12.0 - 12.5,35.7,36.5
202110020103,12.2 - 10.6 - 11.3 - 12.0 - 12.9,34.1,36.2
202110020106,11.8 - 10.5 - 11.0 - 11.2 - 11.6 - 12.6,33.3,35.4
202110020107,12.9 - 11.5 - 13.5 - 13.8 - 12.0 - 12.2 - 11.7 - 11.4 - 11.8 - 12.1,37.9,35.3
202110020108,7.2 - 11.3 - 12.2 - 13.0 - 12.6 - 12.3 - 12.2 - 12.5 - 12.9,30.7,37.6
202110020109,11.7 - 10.2 - 10.5 - 11.1 - 11.5 - 12.1,32.4,34.7
202110020110,12.9 - 11.6 - 11.8 - 11.7 - 11.8 - 11.6 - 11.6 - 12.4 - 13.4,36.3,37.4
202110020111,7.2 - 11.5 - 11.8 - 12.8 - 12.3 - 12.1 - 11.8 - 12.6 - 12.7,30.5,37.1
202110020112,11.7 - 10.3 - 10.8 - 10.7 - 11.2 - 12.3,32.8,34.2
202110020201,7.3 - 11.2 - 12.3 - 13.0 - 12.1 - 12.6 - 12.9 - 13.3 - 13.5,30.8,39.7
202110020202,11.6 - 10.2 - 10.6 - 11.4 - 11.9 - 12.5,32.4,35.8
202110020203,12.2 - 10.7 - 11.7 - 12.0 - 12.5,34.6,36.2
202110020205,13.0 - 12.0 - 12.5 - 12.3 - 12.1 - 11.7 - 11.6 - 11.6 - 12.4,37.5,35.6
202110020206,11.7 - 10.4 - 11.0 - 11.3 - 11.5 - 12.3,33.1,35.1
202110020207,7.2 - 11.4 - 11.8 - 13.0 - 12.6 - 12.1 - 12.2 - 12.4 - 12.9,30.4,37.5
202110020208,12.9 - 10.8 - 12.5 - 12.9 - 12.3 - 11.5 - 11.5 - 11.8 - 11.7 - 12.4,36.2,35.9
202110020209,7.2 - 11.2 - 12.0 - 12.7 - 11.9 - 11.8 - 12.4 - 13.0 - 13.8,30.4,39.2
202110020210,12.5 - 11.8 - 12.3 - 12.8 - 12.5 - 12.3 - 11.8 - 11.3 - 11.4 - 11.8,36.6,34.5
202110020211,11.4 - 10.4 - 11.0 - 11.0 - 11.5 - 11.7,32.8,34.2
202110020212,13.1 - 12.5 - 12.6 - 12.4 - 11.8 - 11.6 - 11.0 - 11.4 - 11.5,38.2,33.9
202110020301,7.1 - 11.0 - 11.8 - 13.3 - 13.2 - 12.3 - 12.0 - 12.7 - 13.3,29.9,38.0
202110020302,12.1 - 10.7 - 11.2 - 11.1 - 11.5 - 11.9,34.0,34.5
202110020303,7.0 - 11.0 - 12.0 - 13.0 - 12.4 - 12.2 - 12.2 - 12.5 - 13.3,30.0,38.0
202110020306,12.5 - 11.4 - 12.5 - 12.0 - 12.2 - 12.0 - 11.8 - 11.8 - 11.9,36.4,35.5
202110020307,12.2 - 10.5 - 11.0 - 11.8 - 12.5,33.7,35.3
202110020308,12.6 - 11.6 - 12.4 - 12.4 - 12.1 - 12.1 - 11.7 - 11.6 - 12.1 - 12.6,36.6,36.3
202110020309,7.1 - 11.0 - 12.0 - 12.9 - 12.7 - 12.4 - 11.9 - 12.3 - 12.7,30.1,36.9
202110020310,12.1 - 11.2 - 11.5 - 11.3 - 11.3 - 11.4,34.8,34.0
202110020311,12.7 - 10.7 - 11.4 - 12.5 - 12.5 - 12.7 - 12.9 - 12.3 - 12.0 - 12.2 - 12.3 - 12.2 - 12.8,34.8,37.3
202110020312,11.8 - 10.5 - 11.0 - 11.0 - 11.7 - 12.0,33.3,34.7
202110020401,7.2 - 11.0 - 11.9 - 12.8 - 12.6 - 12.4 - 12.5 - 12.3 - 12.7,30.1,37.5
202110020402,11.8 - 10.4 - 11.0 - 11.5 - 11.7 - 12.5,33.2,35.7
202110020403,12.3 - 10.7 - 11.5 - 11.9 - 12.5,34.5,35.9
202110020405,12.8 - 11.1 - 12.1 - 12.4 - 12.6 - 12.3 - 12.2 - 11.9 - 11.7 - 12.5,36.0,36.1
202110020406,11.8 - 10.4 - 10.8 - 11.1 - 11.4 - 12.6,33.0,35.1
202110020407,12.6 - 11.7 - 11.8 - 11.4 - 11.6 - 12.1 - 11.8 - 11.9 - 12.4,36.1,36.1
202110020408,7.1 - 11.0 - 11.7 - 12.7 - 12.3 - 12.2 - 12.4 - 12.7 - 13.1,29.8,38.2
202110020409,13.0 - 11.1 - 12.0 - 12.5 - 13.0 - 13.2 - 13.6 - 12.6 - 11.2 - 11.3 - 11.6 - 12.5 - 12.8,36.1,36.9
202110020410,11.7 - 10.5 - 11.3 - 11.5 - 11.4 - 12.2,33.5,35.1
202110020411,12.5 - 11.3 - 11.6 - 11.3 - 11.3 - 11.6 - 11.7 - 11.7 - 12.5,35.4,35.9
202110020412,12.0 - 10.5 - 11.1 - 11.9 - 12.4,33.6,35.4
202110020501,7.1 - 11.0 - 11.9 - 12.2 - 12.4 - 12.2 - 12.5 - 12.9 - 12.8,30.0,38.2
202110020502,12.0 - 10.4 - 11.0 - 11.6 - 12.0 - 12.3,33.4,35.9
202110020503,12.1 - 10.3 - 11.3 - 11.9 - 12.5,33.7,35.7
202110020505,12.7 - 11.7 - 12.6 - 12.3 - 12.2 - 12.2 - 12.0 - 12.0 - 11.8,37.0,35.8
202110020506,11.8 - 10.6 - 11.3 - 11.7 - 11.9 - 11.9,33.7,35.5
202110020507,12.4 - 11.9 - 12.1 - 12.5 - 12.5 - 12.2 - 12.2 - 12.1 - 12.0 - 12.4,36.4,36.5
202110020508,7.0 - 10.8 - 11.1 - 12.0 - 12.1 - 12.4 - 12.7 - 12.8 - 12.9,28.9,38.4
202110020510,13.3 - 11.9 - 12.7 - 13.1 - 12.5 - 12.3 - 12.0 - 11.9 - 11.7 - 12.0,37.9,35.6
202110020511,11.9 - 10.3 - 10.9 - 11.0 - 11.9 - 12.3,33.1,35.2
202110020512,7.0 - 11.0 - 12.1 - 12.9 - 12.1 - 11.7 - 11.6 - 12.0 - 12.6,30.1,36.2
202110020601,7.2 - 11.1 - 12.0 - 12.9 - 12.1 - 12.0 - 12.1 - 12.6 - 13.1,30.3,37.8
202110020602,12.5 - 11.4 - 12.8 - 13.5 - 12.6 - 11.6 - 11.6 - 11.8 - 12.2 - 12.5,36.7,36.5
202110020603,11.9 - 10.2 - 11.1 - 12.0 - 12.5,33.2,35.6
202110020605,12.8 - 12.1 - 13.2 - 13.1 - 12.6 - 12.7 - 11.7 - 12.3 - 11.8 - 12.3,38.1,36.4
202110020606,11.8 - 10.4 - 11.0 - 12.0 - 12.3 - 12.1,33.2,36.4
202110020607,13.0 - 11.2 - 12.3 - 12.6 - 12.9 - 13.3 - 14.0 - 13.0 - 11.8 - 12.1 - 12.3 - 12.6,36.5,37.0
202110020608,13.5 - 12.6 - 12.7 - 13.3 - 12.8 - 13.2 - 13.5 - 12.7 - 11.7 - 11.7 - 11.7 - 11.9 - 12.1,38.8,35.7
202110020609,11.9 - 10.3 - 11.2 - 11.4 - 12.0 - 12.4,33.4,35.8
202110020610,7.2 - 11.1 - 11.7 - 12.5 - 12.1 - 12.3 - 12.2 - 12.8 - 13.4,30.0,38.4
202110020611,11.7 - 10.3 - 10.8 - 11.5 - 12.0 - 12.4,32.8,35.9
202110020612,12.8 - 12.6 - 12.9 - 11.2 - 11.4 - 11.7 - 12.0 - 12.0 - 12.3,38.3,36.3
202110020701,12.1 - 10.7 - 11.6 - 11.6 - 11.7 - 12.2,34.4,35.5
202110020702,12.5 - 12.4 - 11.9 - 12.3 - 12.8 - 12.5 - 12.1 - 12.2 - 12.3,36.8,36.6
202110020703,7.1 - 10.9 - 11.9 - 13.0 - 12.2 - 12.2 - 12.5 - 12.4 - 12.6,29.9,37.5
202110020706,12.9 - 11.8 - 12.7 - 12.9 - 12.4 - 12.3 - 12.3 - 12.2 - 12.4 - 12.2,37.4,36.8
202110020707,12.1 - 10.7 - 11.6 - 11.5 - 11.7,34.4,34.8
202110020708,12.7 - 11.9 - 12.6 - 12.9 - 12.4 - 12.2 - 12.1 - 11.8 - 11.7,37.2,35.6
202110020709,7.1 - 10.7 - 12.0 - 12.8 - 12.2 - 12.1 - 12.1 - 12.0 - 11.8,29.8,35.9
202110020710,12.2 - 11.0 - 11.8 - 12.0 - 11.6 - 11.6,35.0,35.2
202110020711,12.4 - 11.5 - 12.8 - 13.5 - 12.9 - 11.7 - 11.7 - 11.5 - 12.0 - 12.1,36.7,35.6
202110020712,12.2 - 10.6 - 11.3 - 11.6 - 11.8 - 11.8,34.1,35.2
202110020801,12.1 - 10.5 - 11.0 - 11.6 - 11.8 - 12.2,33.6,35.6
202110020802,12.9 - 12.4 - 12.9 - 12.4 - 12.0 - 11.9 - 11.9 - 11.9 - 12.5,38.2,36.3
202110020803,12.0 - 10.6 - 11.4 - 11.6 - 12.5,34.0,35.5
202110020805,12.5 - 11.4 - 12.7 - 13.1 - 12.4 - 12.4 - 12.0 - 11.9 - 12.0 - 11.9,36.6,35.8
202110020806,7.2 - 11.4 - 11.9 - 13.2 - 12.7 - 12.2 - 12.2 - 12.7 - 12.7,30.5,37.6
202110020807,12.0 - 10.9 - 11.3 - 11.4 - 11.5 - 12.3,34.2,35.2
202110020808,12.9 - 12.8 - 13.2 - 12.0 - 11.5 - 11.4 - 11.4 - 11.9 - 12.5,38.9,35.8
202110020809,7.1 - 11.2 - 12.1 - 13.0 - 12.1 - 11.9 - 12.0 - 12.0 - 12.5,30.4,36.5
202110020810,13.5 - 12.3 - 12.4 - 12.4 - 12.7 - 12.9 - 12.9 - 12.4 - 11.9 - 11.9 - 12.0 - 11.8 - 12.8,38.2,36.6
202110020811,12.5 - 11.9 - 12.1 - 11.9 - 11.8 - 11.9 - 11.8 - 11.9 - 12.0,36.5,35.7
202110020812,7.1 - 10.6 - 11.3 - 12.7 - 12.2 - 12.0 - 12.2 - 12.5 - 12.9,29.0,37.6
202110030101,11.9 - 10.4 - 10.9 - 11.2 - 11.3 - 12.2,33.2,34.7
202110030102,7.0 - 11.0 - 11.8 - 12.6 - 12.4 - 12.3 - 12.9 - 13.0 - 13.4,29.8,39.3
202110030103,12.1 - 11.0 - 12.3 - 12.0 - 11.3 - 10.9 - 11.0 - 11.2 - 12.0,35.4,34.2
202110030104,7.0 - 11.1 - 12.1 - 12.7 - 12.5 - 12.3 - 12.4 - 12.5 - 12.9,30.2,37.8
202110030105,12.5 - 10.8 - 11.2 - 11.9 - 11.7 - 12.0,34.5,35.6
202110030106,12.6 - 11.1 - 11.7 - 12.2 - 13.1,35.4,37.0
202110030107,12.0 - 10.6 - 11.2 - 12.5 - 12.0 - 11.5 - 11.6 - 11.9 - 12.1 - 12.1,33.8,36.1
202110030108,12.1 - 11.1 - 11.2 - 12.2 - 12.1 - 11.6 - 11.7 - 11.9 - 11.6 - 12.0,34.4,35.5
202110030109,12.0 - 10.4 - 11.7 - 11.8 - 12.5,34.1,36.0
202110030110,11.6 - 10.2 - 10.5 - 11.0 - 11.2 - 11.9,32.3,34.1
202110030111,7.0 - 10.9 - 11.7 - 13.2 - 12.2 - 11.9 - 12.2 - 12.6 - 13.1,29.6,37.9
202110030112,11.5 - 10.2 - 10.7 - 11.3 - 11.0 - 12.2,32.4,34.5
202110030202,11.6 - 9.9 - 10.6 - 11.2 - 11.6 - 12.2,32.1,35.0
202110030203,12.0 - 10.6 - 11.8 - 11.6 - 12.5,34.4,35.9
202110030204,7.0 - 11.3 - 12.1 - 13.3 - 12.5 - 12.3 - 12.5 - 12.7 - 12.9,30.4,38.1
202110030205,13.4 - 12.0 - 13.0 - 12.7 - 12.5 - 12.8 - 11.8 - 11.0 - 11.5,38.4,34.3
202110030206,11.9 - 10.7 - 11.1 - 11.5 - 11.5 - 11.9,33.7,34.9
202110030207,12.6 - 12.1 - 13.0 - 12.2 - 11.1 - 11.6 - 11.4 - 11.4 - 11.3,37.7,34.1
202110030208,7.0 - 11.2 - 11.9 - 13.0 - 12.0 - 11.8 - 12.3 - 12.9 - 13.8,30.1,39.0
202110030209,12.8 - 11.3 - 12.4 - 12.5 - 13.0 - 13.2 - 13.3 - 12.2 - 11.5 - 11.8 - 11.6 - 11.4 - 12.0,36.5,35.0
202110030210,7.0 - 11.7 - 12.0 - 13.2 - 13.3 - 12.7 - 12.5 - 11.7 - 12.3,30.7,36.5
202110030211,11.6 - 10.0 - 10.7 - 10.9 - 11.1 - 11.7,32.3,33.7
202110030212,11.8 - 10.4 - 11.1 - 11.8 - 12.8,33.3,35.7
202110030302,12.0 - 10.5 - 11.0 - 11.7 - 12.0 - 12.9,33.5,36.6
202110030303,12.1 - 10.3 - 11.1 - 11.6 - 12.4,33.5,35.1
202110030305,12.2 - 10.5 - 11.1 - 11.8 - 11.3 - 11.9,33.8,35.0
202110030306,12.2 - 10.5 - 12.2 - 12.2 - 11.8 - 11.8 - 11.8 - 11.8 - 12.1,34.9,35.7
202110030307,11.9 - 10.2 - 10.8 - 11.2 - 11.5 - 12.4,32.9,35.1
202110030308,7.0 - 11.1 - 11.7 - 12.4 - 11.9 - 11.9 - 12.0 - 12.1 - 12.7,29.8,36.8
202110030309,12.2 - 10.7 - 11.9 - 11.9 - 11.9 - 11.5 - 11.7 - 11.9 - 11.6,34.8,35.2
202110030310,6.9 - 10.7 - 11.5 - 12.4 - 12.3 - 11.5 - 11.8 - 12.0 - 12.3,29.1,36.1
202110030311,11.9 - 10.4 - 10.7 - 11.2 - 11.2 - 11.5,33.0,33.9
202110030312,11.8 - 10.1 - 11.1 - 11.6 - 12.2,33.0,34.9
202110030401,12.3 - 10.8 - 11.5 - 12.0 - 12.0,34.6,35.5
202110030402,12.3 - 11.3 - 12.3 - 12.1 - 11.6 - 11.7 - 11.7 - 11.2 - 11.6,35.9,34.5
202110030403,7.0 - 10.7 - 11.3 - 12.3 - 12.3 - 12.3 - 13.1 - 13.4 - 12.8,29.0,39.3
202110030404,12.5 - 11.0 - 11.7 - 12.3 - 12.9 - 13.2 - 13.5 - 12.4 - 12.2 - 11.7 - 11.4 - 11.5 - 12.0,35.2,34.9
202110030405,12.9 - 12.2 - 13.2 - 12.4 - 12.3 - 12.0 - 11.9 - 11.6 - 11.2,38.3,34.7
202110030406,12.4 - 11.2 - 11.3 - 11.5 - 11.1 - 12.0,34.9,34.6
202110030407,6.9 - 11.3 - 11.6 - 12.5 - 12.3 - 12.0 - 12.1 - 12.4 - 12.8,29.8,37.3
202110030408,11.9 - 10.2 - 10.7 - 11.2 - 11.5 - 11.8,32.8,34.5
202110030409,12.4 - 12.0 - 12.5 - 12.3 - 12.6 - 12.8 - 13.4 - 12.3 - 11.5 - 11.6 - 11.6 - 11.4 - 11.5,36.9,34.5
202110030410,12.4 - 11.1 - 12.2 - 12.0 - 12.1 - 12.2 - 11.6 - 11.4 - 11.7,35.7,34.7
202110030411,6.7 - 10.7 - 11.5 - 12.5 - 12.0 - 11.6 - 11.5 - 11.9 - 12.5,28.9,35.9
202110030412,12.2 - 10.2 - 11.3 - 12.0 - 12.4,33.7,35.7
202110030501,12.0 - 10.6 - 10.9 - 11.5 - 11.9 - 12.4,33.5,35.8
202110030502,7.0 - 11.3 - 12.0 - 12.9 - 12.6 - 12.5 - 13.1 - 13.5 - 13.4,30.3,40.0
202110030503,12.5 - 11.0 - 11.8 - 12.4 - 12.2 - 11.8 - 11.7 - 12.0 - 11.9 - 12.1,35.3,36.0
202110030504,12.0 - 10.5 - 11.5 - 12.6 - 12.9,34.0,37.0
202110030505,12.9 - 11.0 - 12.3 - 12.4 - 12.2 - 12.1 - 12.3 - 12.0 - 12.4,36.2,36.7
202110030506,12.5 - 10.5 - 11.6 - 11.9 - 11.7 - 11.7,34.6,35.3
202110030507,7.1 - 11.2 - 12.2 - 13.4 - 12.8 - 12.6 - 12.7 - 12.9 - 13.1,30.5,38.7
202110030508,12.4 - 10.9 - 11.3 - 12.2 - 11.8 - 11.8 - 11.9 - 12.2 - 12.4 - 12.4,34.6,37.0
202110030509,11.7 - 10.0 - 10.5 - 11.3 - 11.6 - 12.3,32.2,35.2
202110030510,7.1 - 10.7 - 11.7 - 12.7 - 12.2 - 12.3 - 12.5 - 12.7 - 13.4,29.5,38.6
202110030511,12.5 - 11.8 - 12.4 - 11.4 - 11.6 - 11.9 - 11.5 - 11.5 - 12.1,36.7,35.1
202110030512,11.9 - 10.3 - 11.6 - 12.1 - 13.0,33.8,36.7
202110030602,12.5 - 11.3 - 12.6 - 12.9 - 12.2 - 12.0 - 11.9 - 11.9 - 12.1,36.4,35.9
202110030603,12.1 - 10.6 - 11.7 - 12.2 - 12.8,34.4,36.7
202110030604,7.0 - 11.0 - 12.0 - 12.8 - 12.4 - 12.5 - 12.8 - 12.5 - 13.2,30.0,38.5
202110030605,13.1 - 11.8 - 12.6 - 13.1 - 12.7 - 12.4 - 12.1 - 12.2 - 11.7 - 11.9,37.5,35.8
202110030606,11.9 - 10.5 - 11.0 - 11.5 - 11.7 - 12.0,33.4,35.2
202110030607,7.1 - 11.0 - 11.5 - 12.5 - 12.4 - 12.4 - 13.1 - 12.7 - 12.8,29.6,38.6
202110030608,11.8 - 10.5 - 10.8 - 11.5 - 11.4 - 11.8,33.1,34.7
202110030609,12.6 - 11.0 - 11.6 - 12.8 - 12.4 - 12.0 - 11.7 - 11.5 - 11.3 - 12.0,35.2,34.8
202110030610,11.9 - 10.3 - 11.1 - 11.8 - 12.8,33.3,35.7
202110030611,12.5 - 11.3 - 12.1 - 12.0 - 12.0 - 11.6 - 11.5 - 11.5 - 11.7,35.9,34.7
202110030612,7.1 - 11.0 - 11.9 - 12.7 - 12.6 - 11.8 - 12.6 - 13.1 - 13.4,30.0,39.1
202110040102,11.9 - 10.7 - 11.2 - 11.9 - 12.4 - 12.6,33.8,36.9
202110040103,12.1 - 10.4 - 11.8 - 12.1 - 12.4,34.3,36.3
202110040105,12.4 - 11.1 - 11.6 - 11.7 - 11.5 - 12.4,35.1,35.6
202110040106,7.1 - 10.8 - 12.0 - 12.7 - 12.1 - 12.1 - 12.6 - 12.9 - 13.2,29.9,38.7
202110040107,12.8 - 11.2 - 12.2 - 13.3 - 12.6 - 12.4 - 12.3 - 12.1 - 12.3 - 12.9,36.2,37.3
202110040108,7.1 - 10.5 - 11.6 - 12.3 - 12.1 - 12.0 - 12.5 - 12.7 - 13.0,29.2,38.2
202110040109,12.1 - 10.7 - 11.3 - 12.2 - 12.1 - 12.4,34.1,36.7
202110040110,12.6 - 10.9 - 12.3 - 13.3 - 13.0 - 12.5 - 12.7 - 12.5 - 12.5 - 12.8,35.8,37.8
202110040111,7.1 - 10.7 - 11.5 - 12.2 - 12.0 - 11.8 - 12.3 - 12.3 - 13.0,29.3,37.6
202110040112,12.5 - 11.3 - 13.0 - 12.2 - 12.3 - 12.3 - 12.5 - 12.8 - 13.3,36.8,38.6
202110040201,12.0 - 10.7 - 11.3 - 11.8 - 12.0 - 11.8,34.0,35.6
202110040202,7.2 - 10.5 - 11.7 - 12.9 - 12.5 - 12.2 - 12.5 - 12.5 - 12.8,29.4,37.8
202110040203,12.6 - 10.9 - 12.0 - 13.3 - 12.8 - 12.5 - 11.9 - 11.9 - 11.6 - 11.5,35.5,35.0
202110040204,7.0 - 11.0 - 12.0 - 13.1 - 12.4 - 12.1 - 12.4 - 12.6 - 12.8,30.0,37.8
202110040205,12.8 - 12.3 - 13.9 - 13.1 - 12.4 - 12.2 - 11.5 - 11.6 - 11.6,39.0,34.7
202110040206,11.8 - 10.4 - 10.8 - 11.3 - 11.7 - 12.4,33.0,35.4
202110040207,12.7 - 11.3 - 11.5 - 12.8 - 12.1 - 11.6 - 11.7 - 12.1 - 11.8 - 12.0,35.5,35.9
202110040208,11.8 - 10.4 - 11.1 - 11.6 - 12.4,33.3,35.1
202110040209,12.0 - 10.4 - 10.8 - 11.1 - 11.5 - 12.2,33.2,34.8
202110040210,13.0 - 11.7 - 12.8 - 13.3 - 12.4 - 12.0 - 11.6 - 11.3 - 11.5 - 11.7,37.5,34.5
202110040211,12.8 - 11.5 - 12.1 - 12.7 - 12.3 - 11.3 - 11.4 - 11.5 - 12.2 - 11.9,36.4,35.6
202110040212,7.1 - 10.3 - 11.4 - 12.1 - 12.3 - 12.5 - 12.7 - 13.1 - 12.6,28.8,38.4
202110040301,11.8 - 10.6 - 10.9 - 11.3 - 11.5 - 12.2,33.3,35.0
202110040302,6.9 - 11.2 - 11.7 - 12.8 - 12.5 - 12.4 - 12.9 - 13.2 - 13.6,29.8,39.7
202110040303,11.6 - 10.3 - 10.8 - 11.3 - 11.5 - 12.4,32.7,35.2
202110040304,12.6 - 11.6 - 13.1 - 12.5 - 11.8 - 11.7 - 11.5 - 11.6 - 11.9,37.3,35.0
202110040305,12.0 - 10.8 - 11.2 - 11.4 - 11.7 - 12.0,34.0,35.1
202110040306,7.2 - 11.0 - 12.6 - 13.9 - 12.8 - 12.4 - 12.9 - 13.0 - 13.4,30.8,39.3
202110040307,11.9 - 10.4 - 10.9 - 11.4 - 11.4 - 12.0,33.2,34.8
202110040308,7.1 - 10.7 - 11.6 - 12.2 - 12.3 - 12.1 - 12.5 - 13.3 - 14.0,29.4,39.8
202110040309,12.5 - 11.1 - 11.9 - 12.6 - 12.1 - 11.9 - 11.7 - 11.9 - 11.9 - 12.0,35.5,35.8
202110040310,12.7 - 11.6 - 12.7 - 12.2 - 11.8 - 11.9 - 11.4 - 11.3 - 11.5,37.0,34.2
202110040311,11.9 - 10.5 - 10.8 - 11.3 - 11.5 - 11.8,33.2,34.6
202110040312,12.0 - 10.8 - 11.5 - 11.6 - 12.0,34.3,35.1
202110040402,12.7 - 11.7 - 13.0 - 12.5 - 12.2 - 12.1 - 12.0 - 12.1 - 11.9,37.4,36.0
202110040403,7.1 - 10.9 - 11.9 - 13.0 - 12.7 - 12.0 - 12.4 - 12.7 - 12.4,29.9,37.5
202110040404,12.7 - 11.2 - 12.0 - 12.9 - 12.3 - 12.0 - 11.9 - 11.7 - 12.2 - 12.8,35.9,36.7
202110040405,12.2 - 10.9 - 11.3 - 11.5 - 11.8 - 12.1,34.4,35.4
202110040406,12.1 - 10.6 - 11.7 - 12.2 - 12.3,34.4,36.2
202110040407,11.6 - 10.5 - 11.1 - 11.5 - 12.1 - 11.7,33.2,35.3
202110040408,7.1 - 10.5 - 11.4 - 12.5 - 12.0 - 12.5 - 12.6 - 12.6 - 12.8,29.0,38.0
202110040409,12.0 - 10.6 - 11.3 - 11.3 - 11.5 - 11.7,33.9,34.5
202110040410,7.0 - 10.7 - 11.7 - 12.5 - 12.2 - 12.1 - 12.1 - 12.1 - 12.9,29.4,37.1
202110040411,11.7 - 10.6 - 10.9 - 11.2 - 11.7 - 12.1,33.2,35.0
202110040412,13.0 - 11.9 - 12.7 - 12.5 - 12.6 - 12.4 - 11.9 - 11.7 - 11.6,37.6,35.2
202110040502,12.9 - 10.8 - 11.7 - 12.3 - 12.3 - 12.3 - 12.4 - 12.2 - 11.8 - 10.8,35.4,34.8
202110040503,12.2 - 10.7 - 11.7 - 12.2 - 12.6,34.6,36.5
202110040504,11.9 - 10.8 - 11.0 - 11.0 - 11.4 - 11.4,33.7,33.8
202110040505,12.4 - 12.0 - 12.2 - 12.4 - 12.2 - 11.5 - 11.5 - 11.6 - 11.5,36.6,34.6
202110040506,7.1 - 11.0 - 11.6 - 12.9 - 12.5 - 12.6 - 12.9 - 13.1 - 13.2,29.7,39.2
202110040507,7.0 - 11.1 - 11.7 - 12.9 - 12.4 - 12.4 - 12.7 - 12.9 - 13.0,29.8,38.6
202110040509,12.1 - 11.0 - 11.6 - 11.5 - 11.6 - 11.5,34.7,34.6
202110040510,12.9 - 11.8 - 12.5 - 12.6 - 12.1 - 11.8 - 11.6 - 11.4 - 11.5 - 11.4,37.2,34.3
202110040511,11.9 - 10.5 - 11.5 - 11.7 - 12.3,33.9,35.5
202110040512,12.3 - 11.5 - 12.5 - 11.9 - 11.5 - 11.5 - 11.6 - 11.7 - 11.5,36.3,34.8
202110040601,12.1 - 10.5 - 11.4 - 12.1 - 12.8,34.0,36.3
202110040602,12.6 - 11.3 - 11.8 - 11.9 - 12.2 - 12.8 - 13.0 - 12.8 - 12.2 - 12.0 - 11.8 - 11.9 - 12.1,35.7,35.8
202110040603,12.4 - 10.7 - 11.9 - 12.5 - 12.1 - 12.0 - 12.0 - 11.9 - 12.1 - 12.0,35.0,36.0
202110040604,7.1 - 10.9 - 11.5 - 13.1 - 13.3 - 12.6 - 12.5 - 12.9 - 13.2,29.5,38.6
202110040605,12.8 - 10.7 - 11.7 - 12.9 - 12.4 - 12.4 - 12.5 - 12.1 - 12.2 - 11.2,35.2,35.5
202110040606,12.5 - 11.5 - 11.9 - 11.9 - 11.5 - 11.5,35.9,34.9
202110040607,12.4 - 11.5 - 12.5 - 12.3 - 11.6 - 11.5 - 11.6 - 11.8 - 11.8,36.4,35.2
202110040608,12.2 - 10.8 - 11.5 - 11.8 - 12.5,34.5,35.8
202110040609,12.4 - 11.2 - 12.0 - 12.4 - 12.4 - 12.1 - 12.0 - 11.7 - 11.5 - 11.5,35.6,34.7
202110040610,7.0 - 10.8 - 11.6 - 13.3 - 12.7 - 12.1 - 12.5 - 12.8 - 12.8,29.4,38.1
202110040611,12.7 - 11.9 - 12.6 - 11.9 - 11.8 - 11.3 - 11.4 - 11.1 - 11.6,37.2,34.1
202110040612,12.1 - 10.7 - 11.0 - 11.3 - 11.3 - 11.4,33.8,34.0
202110040701,12.3 - 10.9 - 12.2 - 12.0 - 12.1 - 12.0 - 12.2 - 12.5 - 12.9,35.4,37.6
202110040702,6.8 - 10.9 - 11.4 - 12.4 - 12.1 - 12.1 - 12.6 - 12.9 - 13.6,29.1,39.1
202110040703,11.9 - 10.5 - 10.9 - 11.3 - 11.5 - 12.2,33.3,35.0
202110040704,12.5 - 10.9 - 12.0 - 12.8 - 12.6 - 12.5 - 12.1 - 12.0 - 11.7 - 11.9,35.4,35.6
202110040705,12.5 - 10.7 - 11.8 - 11.7 - 11.5 - 11.6,35.0,34.8
202110040706,12.3 - 10.6 - 11.5 - 11.5 - 11.9,34.4,34.9
202110040707,12.0 - 10.5 - 11.0 - 11.4 - 11.6 - 12.0,33.5,35.0
202110040708,12.5 - 11.9 - 12.5 - 12.1 - 12.0 - 12.0 - 11.9 - 11.7 - 11.3,36.9,34.9
202110040709,12.0 - 10.5 - 11.1 - 11.6 - 11.2 - 11.9,33.6,34.7
202110040710,7.1 - 11.0 - 11.3 - 12.3 - 12.3 - 12.2 - 12.5 - 12.1 - 12.3,29.4,36.9
202110040711,11.9 - 10.4 - 10.9 - 11.2 - 11.5 - 12.1,33.2,34.8
202110040712,7.0 - 10.9 - 11.9 - 13.1 - 12.7 - 12.0 - 12.2 - 12.2 - 12.8,29.8,37.2
202110040802,11.8 - 10.7 - 11.0 - 11.5 - 11.9 - 12.2,33.5,35.6
202110040803,7.0 - 11.1 - 11.8 - 12.9 - 12.5 - 12.2 - 12.4 - 12.4 - 13.3,29.9,38.1
202110040804,12.6 - 10.9 - 11.7 - 12.6 - 12.2 - 12.0 - 11.7 - 11.8 - 12.3 - 12.5,35.2,36.6
202110040805,12.9 - 12.6 - 13.2 - 12.6 - 12.4 - 12.2 - 11.8 - 11.4 - 11.1,38.7,34.3
202110040806,7.0 - 10.7 - 11.6 - 12.6 - 12.5 - 12.3 - 12.7 - 12.8 - 13.1,29.3,38.6
202110040807,12.0 - 10.6 - 10.8 - 11.4 - 11.4 - 11.8,33.4,34.6
202110040808,12.2 - 11.1 - 11.5 - 11.3 - 12.2,34.8,35.0
202110040809,12.6 - 12.3 - 13.1 - 12.3 - 11.7 - 11.6 - 11.6 - 11.5 - 11.1,38.0,34.2
202110040810,7.0 - 10.6 - 11.4 - 12.5 - 11.9 - 12.4 - 12.7 - 12.6 - 12.7,29.0,38.0
202110040811,11.8 - 10.7 - 11.1 - 11.2 - 11.6 - 11.5,33.6,34.3
202110040812,13.1 - 12.1 - 13.2 - 12.7 - 12.6 - 13.0 - 13.1 - 12.4 - 11.7 - 11.7 - 11.8 - 11.7 - 11.9,38.4,35.4
202201010101,12.9 - 12.5 - 12.9 - 13.2 - 13.0 - 12.9 - 12.4 - 11.7 - 12.0,38.3,36.1
202201010102,7.0 - 11.2 - 12.3 - 12.9 - 12.7 - 12.4 - 12.5 - 12.7 - 13.3,30.5,38.5
202201010103,6.7 - 11.0 - 11.7 - 12.0 - 12.0 - 12.1 - 11.9 - 12.0,29.4,36.0
202201010104,12.1 - 10.6 - 11.3 - 11.8 - 11.8 - 12.4,34.0,36.0
202201010105,6.9 - 11.5 - 12.3 - 13.1 - 12.6 - 12.3 - 12.5 - 12.6 - 13.2,30.7,38.3
202201010106,12.4 - 11.2 - 11.7 - 12.1 - 12.2 - 12.3 - 12.7 - 12.5 - 13.1,35.3,38.3
202201010107,12.5 - 10.9 - 11.8 - 11.5 - 12.8,35.2,36.1
202201010108,12.0 - 10.7 - 11.3 - 11.8 - 11.6 - 12.5,34.0,35.9
202201010109,13.0 - 12.4 - 12.9 - 13.2 - 12.9 - 12.8 - 12.3 - 11.3 - 11.4 - 12.4,38.3,35.1
202201010110,6.9 - 11.4 - 11.8 - 12.3 - 12.6 - 12.5 - 12.4 - 12.4 - 13.6,30.1,38.4
202201010111,12.2 - 10.9 - 11.5 - 11.8 - 11.3 - 12.2,34.6,35.3
202201010112,6.8 - 11.8 - 12.6 - 12.6 - 12.5 - 12.5 - 12.3 - 12.0 - 12.6,31.2,36.9
202201010201,12.1 - 10.9 - 11.6 - 11.9 - 11.7 - 12.4,34.6,36.0
202201010202,6.8 - 11.4 - 12.0 - 12.5 - 12.5 - 12.6 - 12.7 - 13.2 - 13.8,30.2,39.7
202201010203,12.3 - 10.9 - 11.6 - 12.0 - 12.9,34.8,36.5
202201010204,7.0 - 11.4 - 12.5 - 12.8 - 12.6 - 12.2 - 12.8 - 12.9 - 13.5,30.9,39.2
202201010205,13.1 - 12.8 - 12.9 - 12.5 - 12.6 - 12.4 - 12.1 - 11.6 - 12.3,38.8,36.0
202201010206,12.8 - 11.8 - 12.9 - 13.0 - 12.8 - 12.5 - 12.0 - 12.3 - 12.4 - 12.3,37.5,37.0
202201010207,6.8 - 11.3 - 12.0 - 12.2 - 12.2 - 12.4 - 12.7 - 13.1 - 14.1,30.1,39.9
202201010208,12.7 - 11.7 - 12.7 - 12.6 - 12.5 - 11.9 - 12.2 - 12.0 - 12.0,37.1,36.2
202201010209,13.0 - 11.4 - 12.2 - 12.7 - 12.5 - 12.2 - 11.8 - 11.7 - 12.0 - 12.9,36.6,36.6
202201010210,11.9 - 10.7 - 10.7 - 11.6 - 12.1 - 12.2,33.3,35.9
202201010211,6.9 - 11.0 - 12.3 - 12.6 - 12.5 - 11.9 - 12.1 - 12.6 - 13.4,30.2,38.1
202201010212,6.6 - 11.5 - 11.3 - 12.5 - 12.0 - 11.9 - 11.3 - 12.1,29.4,35.3
202201010301,12.9 - 11.3 - 11.8 - 11.6 - 12.0,36.0,35.4
202201010302,6.9 - 10.8 - 12.3 - 12.9 - 12.8 - 12.4 - 12.7 - 12.8 - 13.1,30.0,38.6
202201010303,6.7 - 11.4 - 11.7 - 11.8 - 11.9 - 11.6 - 11.6 - 12.0,29.8,35.2
202201010304,6.9 - 10.9 - 12.2 - 12.7 - 12.7 - 12.6 - 13.0 - 12.8 - 13.7,30.0,39.5
202201010305,6.8 - 11.9 - 12.7 - 12.1 - 12.3 - 12.0 - 11.0 - 12.0,31.4,35.0
202201010306,12.7 - 10.9 - 11.8 - 12.8 - 12.7 - 12.8 - 12.1 - 11.9 - 12.1 - 12.5,35.4,36.5
202201010307,6.8 - 11.5 - 12.6 - 12.9 - 12.7 - 12.4 - 12.3 - 12.0 - 12.6,30.9,36.9
202201010308,12.7 - 11.6 - 12.4 - 12.5 - 12.6 - 11.9 - 11.4 - 11.5 - 11.8,36.7,34.7
202201010309,12.4 - 10.8 - 11.3 - 11.7 - 12.7,34.5,35.7
202201010310,13.6 - 12.5 - 12.8 - 12.9 - 12.9 - 12.8 - 12.8 - 12.4 - 11.7 - 11.6 - 11.5 - 11.4 - 12.2,38.9,35.1
202201010311,12.5 - 11.9 - 12.3 - 11.7 - 11.7 - 11.8 - 11.8 - 11.8 - 12.0,36.7,35.6
202201010312,12.1 - 10.8 - 11.3 - 11.5 - 11.4 - 11.9,34.2,34.8
202201010401,6.7 - 11.6 - 12.1 - 12.0 - 11.9 - 11.8 - 11.7 - 12.6,30.4,36.1
202201010402,12.3 - 10.8 - 11.5 - 11.9 - 13.1,34.6,36.5
202201010403,6.8 - 11.2 - 12.3 - 12.9 - 13.0 - 12.7 - 12.6 - 12.5 - 13.0,30.3,38.1
202201010404,12.7 - 10.9 - 11.6 - 11.9 - 12.7 - 12.5 - 12.2 - 12.1 - 12.3 - 13.0,35.2,37.4
202201010405,13.2 - 11.8 - 12.4 - 12.7 - 12.7 - 12.5 - 12.4 - 12.2 - 11.5 - 12.0,37.4,35.7
202201010406,12.4 - 10.7 - 11.6 - 12.0 - 12.8,34.7,36.4
202201010407,12.7 - 11.6 - 11.6 - 12.2 - 12.8 - 12.1 - 11.9 - 12.0 - 12.0 - 12.6,35.9,36.6
202201010408,6.8 - 11.8 - 11.8 - 12.5 - 12.7 - 12.4 - 12.6 - 12.5 - 12.9,30.4,38.0
202201010409,12.6 - 11.2 - 12.4 - 12.8 - 12.6 - 13.0 - 13.5 - 13.1 - 12.5 - 11.7 - 11.7 - 11.7 - 12.4,36.2,35.8
202201010410,6.9 - 11.4 - 11.6 - 11.7 - 11.8 - 11.4 - 11.2 - 11.8,29.9,34.4
202201010411,12.7 - 12.2 - 12.4 - 12.1 - 11.8 - 11.4 - 11.6 - 11.6 - 12.0,37.3,35.2
202201010412,6.8 - 11.1 - 12.0 - 12.5 - 12.6 - 12.5 - 12.5 - 12.6 - 13.6,29.9,38.7
202201010501,12.5 - 11.8 - 12.3 - 12.9 - 12.7 - 12.2 - 11.7 - 11.3 - 11.7,36.6,34.7
202201010502,6.7 - 11.4 - 12.9 - 13.1 - 13.3 - 12.6 - 12.7 - 12.2 - 12.4,31.0,37.3
202201010503,12.3 - 10.9 - 11.5 - 11.6 - 11.6 - 11.8,34.7,35.0
202201010504,6.8 - 10.8 - 12.0 - 12.9 - 13.0 - 12.8 - 13.0 - 13.0 - 13.1,29.6,39.1
202201010505,12.8 - 11.5 - 11.8 - 11.4 - 11.0 - 11.6,36.1,34.0
202201010506,12.7 - 10.7 - 12.4 - 13.4 - 12.8 - 12.1 - 12.0 - 11.9 - 11.8 - 12.6,35.8,36.3
202201010507,12.8 - 11.0 - 11.7 - 11.8 - 12.1,35.5,35.6
202201010508,6.6 - 10.9 - 12.1 - 12.8 - 12.8 - 12.6 - 12.7 - 12.3 - 12.8,29.6,37.8
202201010509,12.5 - 12.1 - 12.5 - 12.3 - 12.2 - 12.2 - 12.0 - 11.5 - 11.6,37.1,35.1
202201010510,6.6 - 10.9 - 11.6 - 12.7 - 13.1 - 13.1 - 12.8 - 12.1 - 12.7,29.1,37.6
202201010511,13.4 - 12.1 - 11.9 - 12.2 - 12.6 - 13.1 - 13.5 - 13.1 - 12.5 - 11.7 - 11.8 - 11.7 - 11.9,37.4,35.4
202201010512,6.6 - 11.6 - 11.9 - 12.1 - 12.1 - 11.7 - 11.6 - 11.7,30.1,35.0
202201010601,6.9 - 11.0 - 12.6 - 13.4 - 13.3 - 13.1 - 13.1 - 12.5 - 13.3,30.5,38.9
202201010602,12.6 - 11.2 - 11.7 - 11.7 - 12.1,35.5,35.5
202201010603,12.5 - 10.8 - 12.1 - 12.1 - 12.3 - 12.6 - 11.9 - 11.9 - 12.0 - 12.6,35.4,36.5
202201010604,6.8 - 11.2 - 12.1 - 12.7 - 12.9 - 13.2 - 12.9 - 12.9 - 13.1,30.1,38.9
202201010605,12.9 - 11.9 - 12.5 - 12.9 - 12.8 - 12.6 - 11.8 - 11.6 - 12.2,37.3,35.6
202201010606,13.2 - 11.7 - 12.0 - 12.4 - 12.2 - 12.5 - 12.7 - 12.7 - 12.3 - 12.4 - 12.3 - 12.1 - 12.3,36.9,36.7
202201010607,6.8 - 10.9 - 12.2 - 13.1 - 13.0 - 12.8 - 12.6 - 12.7 - 12.5,29.9,37.8
202201010608,12.5 - 11.2 - 11.2 - 12.2 - 12.1 - 12.3 - 12.4 - 12.2 - 12.2 - 12.5,34.9,36.9
202201010609,12.5 - 11.5 - 12.5 - 12.5 - 12.1 - 11.6 - 11.6 - 11.4 - 12.2,36.5,35.2
202201010610,12.0 - 10.8 - 11.0 - 11.3 - 11.4 - 12.1,33.8,34.8
202201010611,6.7 - 11.3 - 12.3 - 12.7 - 12.4 - 12.3 - 12.0 - 11.8 - 12.7,30.3,36.5
202201010612,12.3 - 11.0 - 11.2 - 11.2 - 11.2 - 11.9,34.5,34.3
202201020101,12.4 - 12.0 - 12.5 - 13.1 - 12.6 - 12.1 - 12.0 - 11.9 - 12.4,36.9,36.3
202201020102,6.8 - 11.4 - 12.3 - 12.0 - 11.9 - 12.8 - 12.9 - 13.4 - 13.4,30.5,39.7
202201020103,12.5 - 10.7 - 11.5 - 11.9 - 12.8,34.7,36.2
202201020104,6.8 - 11.2 - 12.8 - 13.1 - 12.7 - 12.4 - 12.0 - 12.2 - 13.0,30.8,37.2
202201020105,6.7 - 11.5 - 12.2 - 12.3 - 11.9 - 12.0 - 11.8 - 12.7,30.4,36.5
202201020106,12.7 - 11.7 - 12.6 - 12.8 - 12.9 - 11.9 - 12.1 - 12.1 - 12.2 - 12.6,37.0,36.9
202201020107,12.4 - 10.8 - 11.6 - 11.9 - 12.4,34.8,35.9
202201020108,13.2 - 11.7 - 11.5 - 11.9 - 12.9 - 13.8 - 13.7 - 13.0 - 12.1 - 11.9 - 12.2 - 11.9 - 12.4,36.4,36.5
202201020109,13.0 - 11.7 - 12.1 - 12.6 - 12.4 - 12.0 - 11.9 - 11.7 - 12.6,36.8,36.2
202201020110,6.8 - 11.6 - 12.0 - 12.2 - 12.2 - 12.0 - 11.3 - 11.7,30.4,35.0
202201020111,6.8 - 11.3 - 12.8 - 12.7 - 12.4 - 12.2 - 12.1 - 11.8 - 12.7,30.9,36.6
202201020112,12.1 - 10.6 - 11.4 - 12.0 - 11.9 - 12.2,34.1,36.1
202201020201,12.1 - 10.5 - 11.3 - 11.6 - 12.1 - 12.9,33.9,36.6
202201020202,13.2 - 12.9 - 13.6 - 13.1 - 12.5 - 12.8 - 14.0 - 12.8 - 12.4 - 12.7 - 13.0 - 13.6,39.7,39.3
202201020203,7.0 - 11.1 - 12.4 - 12.7 - 12.6 - 12.5 - 12.7 - 13.0 - 13.2,30.5,38.9
202201020204,6.7 - 11.1 - 11.3 - 11.5 - 11.5 - 11.8 - 11.8 - 12.8,29.1,36.4
202201020205,12.8 - 12.1 - 12.9 - 13.2 - 12.9 - 12.6 - 12.3 - 12.2 - 12.3,37.8,36.8
202201020206,6.9 - 11.4 - 11.7 - 12.3 - 12.5 - 12.3 - 12.8 - 13.3 - 13.5,30.0,39.6
202201020207,6.6 - 11.1 - 11.6 - 12.1 - 12.4 - 12.4 - 12.1 - 12.1,29.3,36.6
202201020208,6.9 - 11.3 - 12.0 - 12.5 - 12.5 - 12.5 - 12.6 - 12.6 - 13.2,30.2,38.4
202201020209,12.9 - 12.0 - 12.6 - 12.2 - 12.0 - 12.0 - 12.1 - 12.1 - 12.1,37.5,36.3
202201020210,12.9 - 11.2 - 12.2 - 12.9 - 12.7 - 12.5 - 12.3 - 11.8 - 11.8 - 12.1,36.3,35.7
202201020211,11.9 - 10.7 - 11.2 - 11.5 - 11.4 - 12.5,33.8,35.4
202201020212,12.2 - 10.6 - 11.6 - 11.8 - 13.0,34.4,36.4
202201020301,12.8 - 12.5 - 13.4 - 13.5 - 13.2 - 12.6 - 12.3 - 12.0 - 12.0,38.7,36.3
202201020302,6.9 - 11.0 - 12.1 - 12.9 - 13.2 - 12.7 - 12.7 - 12.5 - 12.6,30.0,37.8
202201020303,6.8 - 10.6 - 11.8 - 12.6 - 12.8 - 12.8 - 13.1 - 13.4 - 13.2,29.2,39.7
202201020304,12.2 - 10.7 - 11.2 - 11.7 - 11.8 - 12.4,34.1,35.9
202201020305,6.6 - 12.0 - 12.4 - 13.0 - 12.6 - 12.4 - 11.5 - 11.7,31.0,35.6
202201020306,6.8 - 11.2 - 12.0 - 12.7 - 12.8 - 12.8 - 12.6 - 12.9 - 12.9,30.0,38.4
202201020307,12.9 - 11.5 - 13.0 - 13.3 - 13.0 - 12.7 - 12.3 - 12.0 - 11.8 - 12.2,37.4,36.0
202201020308,12.6 - 11.1 - 11.7 - 11.7 - 12.4,35.4,35.8
202201020309,6.6 - 11.7 - 11.5 - 12.1 - 12.3 - 12.3 - 12.2 - 12.3,29.8,36.8
202201020310,12.6 - 11.3 - 11.9 - 12.5 - 12.7 - 13.4 - 12.7 - 12.4 - 12.9 - 12.5,35.8,37.8
202201020311,13.1 - 12.4 - 12.5 - 12.0 - 11.7 - 12.6 - 13.3 - 13.4 - 12.8 - 12.7 - 12.6 - 12.4 - 12.9,38.0,37.9
202201020312,6.8 - 10.8 - 12.0 - 12.6 - 12.6 - 12.3 - 12.2 - 12.4 - 13.5,29.6,38.1
202201020401,6.6 - 11.3 - 11.4 - 12.5 - 11.9 - 12.3 - 12.9 - 12.7,29.3,37.9
202201020402,12.4 - 10.9 - 11.6 - 11.5 - 12.6,34.9,35.7
202201020403,6.9 - 11.1 - 12.2 - 12.7 - 12.6 - 12.6 - 13.0 - 12.6 - 13.0,30.2,38.6
202201020404,12.9 - 12.2 - 12.8 - 13.1 - 12.9 - 13.6 - 13.4 - 13.0 - 12.6 - 12.1 - 12.3 - 12.4 - 12.8,37.9,37.5
202201020405,13.1 - 11.7 - 12.9 - 13.3 - 12.6 - 12.3 - 12.3 - 13.0 - 12.5 - 12.6,37.7,38.1
202201020406,13.1 - 12.3 - 13.1 - 12.9 - 12.6 - 13.0 - 13.0 - 12.5 - 12.3 - 12.7 - 13.1 - 14.0,38.5,39.8
202201020407,6.9 - 11.2 - 11.6 - 12.3 - 13.1 - 12.4 - 12.6 - 12.6 - 13.0,29.7,38.2
202201020408,12.5 - 11.2 - 12.4 - 12.3 - 12.3 - 12.5 - 11.8 - 12.1 - 12.3 - 12.8,36.1,37.2
202201020409,6.8 - 11.4 - 12.0 - 12.4 - 12.5 - 12.2 - 12.0 - 12.3,30.2,36.5
202201020410,6.9 - 11.1 - 11.7 - 12.8 - 12.6 - 12.5 - 12.5 - 12.4 - 12.5,29.7,37.4
202201020411,12.6 - 10.9 - 12.0 - 12.1 - 11.9 - 12.2 - 11.8 - 12.4 - 12.6 - 12.7,35.5,37.7
202201020412,11.9 - 10.7 - 11.2 - 11.8 - 12.2 - 12.4,33.8,36.4
202201020501,12.9 - 12.8 - 13.4 - 13.1 - 13.1 - 12.2 - 11.9 - 11.6 - 11.5,39.1,35.0
202201020502,12.2 - 11.0 - 11.3 - 11.5 - 11.8 - 12.6,34.5,35.9
202201020503,12.7 - 11.4 - 11.6 - 11.5 - 12.1,35.7,35.2
202201020504,6.8 - 10.7 - 12.2 - 12.9 - 13.0 - 12.6 - 13.0 - 12.7 - 12.7,29.7,38.4
202201020505,6.9 - 11.0 - 12.1 - 12.9 - 13.2 - 12.6 - 12.3 - 12.0 - 12.7,30.0,37.0
202201020506,7.0 - 11.7 - 12.0 - 12.4 - 12.3 - 11.8 - 11.4 - 11.8,30.7,35.0
202201020507,12.7 - 11.5 - 11.7 - 11.7 - 12.2 - 12.3 - 12.3 - 11.9 - 12.1,35.9,36.3
202201020508,6.7 - 11.0 - 12.2 - 12.8 - 12.6 - 12.3 - 12.6 - 12.4 - 12.9,29.9,37.9
202201020509,13.2 - 11.8 - 12.3 - 12.6 - 12.0 - 13.2 - 13.7 - 13.0 - 12.4 - 12.2 - 12.3 - 11.9 - 11.9,37.3,36.1
202201020510,12.2 - 10.6 - 11.2 - 11.7 - 11.9 - 11.9,34.0,35.5
202201020511,12.7 - 11.0 - 11.9 - 12.0 - 12.0 - 12.5 - 12.2 - 12.3 - 11.9 - 12.1,35.6,36.3
202201020512,6.8 - 11.2 - 11.9 - 12.8 - 12.8 - 12.5 - 12.3 - 12.3 - 13.0,29.9,37.6
202201020601,6.9 - 10.9 - 11.4 - 12.0 - 12.0 - 12.5 - 12.7 - 12.6,29.2,37.8
202201020602,6.8 - 11.1 - 12.2 - 13.0 - 12.9 - 12.6 - 12.7 - 12.4 - 12.7,30.1,37.8
202201020603,12.7 - 11.1 - 11.9 - 11.9 - 12.8,35.7,36.6
202201020604,6.8 - 11.1 - 12.2 - 12.8 - 12.7 - 12.6 - 12.5 - 12.7 - 13.1,30.1,38.3
202201020605,13.3 - 12.3 - 12.2 - 12.4 - 12.8 - 12.8 - 12.2 - 11.7 - 11.4,37.8,35.3
202201020606,12.9 - 11.0 - 12.3 - 13.2 - 12.8 - 12.8 - 12.3 - 11.9 - 11.7 - 11.8,36.2,35.4
202201020607,12.3 - 10.9 - 11.8 - 11.8 - 12.4,35.0,36.0
202201020608,6.9 - 11.8 - 12.0 - 11.9 - 12.0 - 11.9 - 11.5 - 11.6,30.7,35.0
202201020609,12.2 - 10.7 - 11.1 - 11.5 - 11.8 - 11.9,34.0,35.2
202201020610,7.0 - 10.9 - 11.5 - 13.1 - 12.5 - 12.4 - 12.4 - 12.2 - 12.5,29.4,37.1
202201020611,12.2 - 10.9 - 11.4 - 11.8 - 11.3 - 11.5,34.5,34.6
202201020612,12.9 - 12.3 - 12.5 - 12.0 - 12.1 - 12.2 - 11.9 - 11.7 - 11.6,37.7,35.2
202201020701,12.2 - 11.3 - 11.5 - 11.5 - 11.7 - 12.5,35.0,35.7
202201020702,6.9 - 10.9 - 11.7 - 12.5 - 12.8 - 13.1 - 13.6 - 13.0 - 13.3,29.5,39.9
202201020703,6.8 - 11.3 - 12.0 - 12.6 - 12.7 - 12.2 - 12.7 - 13.1 - 13.4,30.1,39.2
202201020704,12.6 - 11.3 - 12.1 - 12.4 - 12.3 - 12.3 - 12.2 - 12.4 - 12.2 - 12.5,36.0,37.1
202201020705,7.1 - 11.6 - 11.8 - 12.2 - 12.1 - 12.0 - 12.1 - 12.3,30.5,36.4
202201020706,12.6 - 11.1 - 11.5 - 11.6 - 12.6,35.2,35.7
202201020707,13.0 - 11.6 - 12.8 - 12.8 - 12.7 - 12.6 - 12.0 - 12.0 - 11.8 - 12.2,37.4,36.0
202201020708,6.7 - 11.1 - 11.7 - 12.7 - 13.0 - 12.2 - 12.6 - 13.1 - 13.6,29.5,39.3
202201020709,11.9 - 10.7 - 11.2 - 11.9 - 11.8 - 11.8,33.8,35.5
202201020710,6.8 - 10.9 - 10.7 - 11.2 - 11.8 - 12.7 - 12.3 - 12.3,28.4,37.3
202201020711,12.8 - 11.5 - 12.4 - 12.6 - 12.2 - 12.2 - 12.3 - 11.9 - 12.1,36.7,36.3
202201020712,6.9 - 11.3 - 11.3 - 12.0 - 12.4 - 12.8 - 13.0 - 13.1 - 13.4,29.5,39.5
202201020801,12.8 - 11.2 - 12.0 - 12.4 - 12.6 - 12.4 - 12.4 - 12.6 - 11.7 - 12.4,36.0,36.7
202201020802,6.8 - 11.3 - 11.7 - 11.8 - 11.8 - 11.8 - 12.2 - 12.7,29.8,36.7
202201020803,6.8 - 11.1 - 12.1 - 12.7 - 12.5 - 12.6 - 13.0 - 12.8 - 13.1,30.0,38.9
202201020804,12.4 - 10.9 - 11.5 - 11.8 - 11.5 - 11.6,34.8,34.9
202201020805,7.0 - 11.1 - 12.0 - 12.7 - 12.6 - 12.4 - 13.0 - 12.9 - 13.2,30.1,39.1
202201020806,12.1 - 10.9 - 11.2 - 11.8 - 11.9 - 11.5,34.2,35.2
202201020807,12.6 - 12.1 - 12.0 - 11.7 - 12.1 - 12.2 - 12.5 - 12.1 - 12.3,36.7,36.9
202201020808,7.0 - 11.6 - 12.4 - 12.6 - 12.5 - 12.3 - 12.5 - 12.7 - 13.2,31.0,38.4
202201020809,11.8 - 10.6 - 11.6 - 12.2 - 12.1 - 12.1,34.0,36.4
202201020810,12.7 - 10.9 - 12.5 - 12.4 - 12.4 - 12.3 - 12.0 - 12.1 - 12.1 - 12.8,36.1,37.0
202201020811,13.1 - 12.2 - 12.2 - 12.3 - 12.4 - 12.9 - 12.9 - 12.6 - 11.9 - 11.8 - 12.2 - 12.4 - 12.8,37.5,37.4
202201020812,6.8 - 11.1 - 11.2 - 12.1 - 12.4 - 12.8 - 13.1 - 13.0 - 13.4,29.1,39.5
202202010101,12.0 - 10.6 - 11.0 - 11.4 - 11.5 - 12.0,33.6,34.9
202202010102,7.0 - 10.9 - 11.5 - 12.8 - 12.7 - 12.7 - 13.1 - 12.9 - 13.6,29.4,39.6
202202010103,12.3 - 11.1 - 12.3 - 11.9 - 12.4,35.7,36.6
202202010104,12.6 - 10.8 - 12.2 - 12.8 - 12.9 - 12.4 - 12.2 - 11.9 - 11.7 - 11.7,35.6,35.3
202202010105,12.3 - 11.3 - 11.4 - 11.2 - 11.3,35.0,33.9
202202010106,7.0 - 10.9 - 11.8 - 12.2 - 12.5 - 12.5 - 13.3 - 13.2 - 13.6,29.7,40.1
202202010107,12.8 - 11.7 - 12.3 - 12.4 - 13.2 - 11.8 - 11.7 - 11.6 - 11.6 - 11.9,36.8,35.1
202202010108,12.1 - 10.6 - 11.7 - 11.7 - 12.1,34.4,35.5
202202010109,12.6 - 11.6 - 12.7 - 12.8 - 12.5 - 12.6 - 12.5 - 12.6 - 12.2 - 12.1 - 12.2 - 11.8 - 11.7,36.9,35.7
202202010110,12.1 - 11.4 - 12.5 - 12.3 - 12.0 - 11.7 - 11.4 - 11.6 - 12.0,36.0,35.0
202202010111,11.8 - 10.4 - 10.9 - 11.5 - 11.6 - 11.8,33.1,34.9
202202010112,7.0 - 11.0 - 11.9 - 12.1 - 13.0 - 12.8 - 13.1 - 13.0 - 12.5,29.9,38.6
202202010201,12.0 - 10.3 - 11.1 - 11.7 - 11.8 - 11.9,33.4,35.4
202202010202,7.0 - 11.0 - 11.8 - 12.7 - 13.1 - 12.8 - 12.9 - 12.8 - 13.2,29.8,38.9
202202010203,12.2 - 11.0 - 11.7 - 11.9 - 12.4,34.9,36.0
202202010204,12.7 - 10.8 - 11.6 - 12.4 - 12.8 - 12.3 - 11.9 - 12.2 - 12.2 - 12.1,35.1,36.5
202202010205,12.0 - 10.9 - 11.2 - 11.8 - 11.7 - 11.9,34.1,35.4
202202010206,12.2 - 11.3 - 12.6 - 12.3 - 12.1 - 12.1 - 12.1 - 11.6 - 11.9,36.1,35.6
202202010207,12.1 - 10.9 - 11.5 - 11.6 - 12.6,34.5,35.7
202202010208,11.8 - 10.8 - 11.3 - 11.9 - 11.5 - 11.6,33.9,35.0
202202010209,12.2 - 11.4 - 11.9 - 12.2 - 12.0 - 12.1 - 12.0 - 11.5 - 12.0,35.5,35.5
202202010210,7.0 - 11.2 - 12.2 - 12.3 - 12.3 - 12.1 - 12.5 - 12.5 - 13.0,30.4,38.0
202202010211,11.7 - 10.2 - 10.9 - 11.2 - 11.2 - 12.0,32.8,34.4
202202010212,6.9 - 10.9 - 11.7 - 12.6 - 13.1 - 13.0 - 12.9 - 12.6 - 12.9,29.5,38.4
202202010301,12.0 - 10.4 - 11.4 - 11.9 - 12.0 - 11.9,33.8,35.8
202202010302,7.0 - 11.1 - 11.7 - 12.3 - 12.8 - 12.7 - 12.7 - 12.5 - 13.3,29.8,38.5
202202010303,12.3 - 10.9 - 11.8 - 11.6 - 12.5,35.0,35.9
202202010304,12.2 - 10.9 - 12.0 - 12.9 - 12.8 - 12.4 - 12.1 - 11.7 - 11.6,35.1,35.4
202202010305,12.2 - 10.7 - 11.5 - 12.4 - 11.7 - 11.8,34.4,35.9
202202010306,12.7 - 12.0 - 12.3 - 11.6 - 11.7,37.0,35.6
202202010307,12.7 - 11.8 - 12.7 - 12.7 - 12.6 - 13.2 - 13.1 - 12.6 - 12.1 - 12.2 - 12.1 - 11.6 - 12.2,37.2,35.9
202202010308,12.2 - 10.7 - 11.5 - 11.7 - 12.7,34.4,35.9
202202010309,12.2 - 11.3 - 11.6 - 11.6 - 11.1 - 11.1,35.1,33.8
202202010310,12.7 - 11.0 - 12.3 - 12.5 - 12.8 - 12.7 - 12.4 - 11.7 - 11.3 - 11.5,36.0,34.5
202202010311,12.0 - 10.5 - 10.8 - 11.2 - 11.4 - 12.0,33.3,34.6
202202010312,7.0 - 11.0 - 12.3 - 12.4 - 12.1 - 12.1 - 12.3 - 12.3 - 12.5,30.3,37.1
202202010401,7.0 - 11.1 - 11.9 - 13.1 - 13.0 - 12.4 - 12.6 - 12.8 - 12.5,30.0,37.9
202202010402,11.9 - 10.5 - 11.2 - 11.7 - 11.7 - 12.0,33.6,35.4
202202010403,12.2 - 10.6 - 11.5 - 12.1 - 13.0,34.3,36.6
202202010404,7.1 - 11.2 - 11.6 - 13.2 - 13.0 - 12.1 - 12.5 - 13.0 - 13.3,29.9,38.8
202202010405,12.5 - 11.1 - 11.8 - 11.8 - 11.3 - 11.4,35.4,34.5
202202010406,12.8 - 10.7 - 11.9 - 13.3 - 13.2 - 13.0 - 12.6 - 12.1 - 11.4 - 11.6,35.4,35.1
202202010407,11.8 - 10.4 - 11.5 - 11.5 - 11.4 - 12.2,33.7,35.1
202202010408,7.2 - 11.2 - 11.6 - 13.2 - 12.8 - 12.3 - 12.5 - 12.5 - 12.7,30.0,37.7
202202010409,12.8 - 11.8 - 12.1 - 12.0 - 12.5 - 12.6 - 12.0 - 11.2 - 11.3,36.7,34.5
202202010410,7.0 - 10.9 - 11.8 - 12.7 - 12.4 - 12.5 - 12.7 - 12.2 - 12.9,29.7,37.8
202202010411,11.7 - 10.7 - 11.3 - 11.4 - 11.2 - 12.0,33.7,34.6
202202010412,12.0 - 10.8 - 11.2 - 11.2 - 11.3 - 11.9,34.0,34.4
202202010501,12.1 - 10.5 - 11.5 - 12.0 - 12.0 - 12.3,34.1,36.3
202202010502,6.8 - 11.3 - 12.0 - 12.8 - 13.0 - 12.6 - 12.4 - 12.2 - 12.7,30.1,37.3
202202010503,12.0 - 10.7 - 11.2 - 11.7 - 11.5 - 12.4,33.9,35.6
202202010504,13.0 - 12.1 - 12.7 - 12.9 - 12.4 - 13.4 - 14.3 - 13.0 - 12.1 - 12.6 - 12.2 - 12.7,37.8,37.5
202202010505,12.5 - 10.9 - 11.7 - 11.9 - 11.1 - 12.0,35.1,35.0
202202010506,12.7 - 11.1 - 12.2 - 12.6 - 12.5 - 12.3 - 12.2 - 12.1 - 12.1 - 12.7,36.0,36.9
202202010507,7.0 - 11.4 - 12.0 - 12.4 - 12.2 - 11.7 - 12.1 - 12.4 - 13.4,30.4,37.9
202202010508,12.2 - 10.8 - 11.7 - 11.9 - 11.5 - 11.8,34.7,35.2
202202010509,12.1 - 11.5 - 12.3 - 12.4 - 12.3 - 12.2 - 11.8 - 11.3 - 12.0,35.9,35.1
202202010510,6.8 - 11.2 - 11.9 - 12.4 - 12.8 - 12.3 - 12.2 - 12.0 - 12.7,29.9,36.9
202202010511,12.2 - 10.6 - 11.2 - 11.5 - 11.2 - 11.9,34.0,34.6
202202010512,12.6 - 10.9 - 11.6 - 11.5 - 12.0,35.1,35.1
202202010601,12.1 - 10.5 - 11.2 - 11.8 - 11.9 - 12.0,33.8,35.7
202202010602,6.9 - 10.9 - 11.6 - 12.3 - 12.8 - 12.4 - 13.0 - 13.4 - 13.7,29.4,40.1
202202010603,12.3 - 10.9 - 11.6 - 11.6 - 12.6,34.8,35.8
202202010604,12.3 - 11.3 - 12.0 - 12.5 - 12.2 - 12.1 - 12.3 - 12.0 - 12.4,35.6,36.7
202202010605,12.7 - 11.6 - 12.1 - 11.9 - 11.4 - 12.0,36.4,35.3
202202010606,6.8 - 10.9 - 11.7 - 12.4 - 12.7 - 12.5 - 13.0 - 12.7 - 13.5,29.4,39.2
202202010607,13.0 - 11.4 - 12.0 - 12.4 - 12.0 - 12.9 - 13.2 - 13.2 - 12.5 - 12.1 - 12.0 - 12.1 - 12.8,36.4,36.9
202202010608,6.7 - 10.9 - 11.9 - 12.3 - 12.3 - 12.5 - 12.8 - 12.5 - 13.5,29.5,38.8
202202010609,12.9 - 11.4 - 12.7 - 12.7 - 12.1 - 11.9 - 11.9 - 11.8 - 11.6 - 12.3,37.0,35.7
202202010610,12.2 - 10.7 - 11.2 - 11.4 - 11.4 - 12.0,34.1,34.8
202202010611,7.0 - 11.2 - 12.0 - 12.4 - 12.4 - 12.2 - 12.0 - 12.0 - 12.5,30.2,36.5
202202010612,12.0 - 10.7 - 11.3 - 11.7 - 11.8 - 12.0,34.0,35.5
202202010701,12.2 - 10.8 - 11.3 - 12.0 - 12.0 - 12.8,34.3,36.8
202202010702,6.9 - 10.9 - 11.6 - 12.4 - 12.5 - 12.2 - 12.8 - 12.7 - 13.3,29.4,38.8
202202010703,12.3 - 11.7 - 12.0 - 12.1 - 12.1 - 12.1 - 12.2 - 11.9 - 12.7,36.0,36.8
202202010704,6.9 - 11.2 - 11.6 - 12.5 - 12.9 - 12.6 - 12.8 - 12.6 - 13.0,29.7,38.4
202202010705,12.4 - 11.0 - 11.7 - 12.0 - 11.7 - 12.3,35.1,36.0
202202010706,13.0 - 11.6 - 12.0 - 11.4 - 11.7,36.6,35.1
202202010707,12.7 - 11.1 - 12.0 - 12.0 - 12.3 - 12.5 - 12.7 - 12.9 - 11.7 - 11.9,35.8,36.5
202202010708,12.9 - 11.3 - 12.2 - 12.5 - 12.5 - 13.1 - 13.6 - 12.4 - 12.5 - 12.9 - 13.0 - 13.3,36.4,39.2
202202010709,12.2 - 10.7 - 11.1 - 11.6 - 12.0 - 12.1,34.0,35.7
202202010710,12.2 - 11.6 - 12.3 - 12.3 - 12.1 - 12.3 - 12.3 - 11.8 - 12.0,36.1,36.1
202202010711,11.9 - 10.4 - 11.4 - 12.2 - 12.0 - 12.3,33.7,36.5
202202010712,6.9 - 11.0 - 11.5 - 12.7 - 12.7 - 12.2 - 12.7 - 12.1 - 12.8,29.4,37.6
202202010801,12.0 - 10.8 - 11.4 - 11.9 - 12.3 - 12.6,34.2,36.8
202202010802,12.3 - 10.7 - 11.6 - 11.9 - 12.9,34.6,36.4
202202010803,7.0 - 11.2 - 11.5 - 12.2 - 12.5 - 12.6 - 12.9 - 12.6 - 12.7,29.7,38.2
202202010804,12.2 - 10.7 - 11.7 - 11.7 - 11.7 - 12.2,34.6,35.6
202202010805,12.3 - 11.3 - 12.8 - 13.5 - 13.4 - 13.5 - 12.2 - 11.3 - 11.4,36.4,34.9
202202010806,12.4 - 11.0 - 11.8 - 12.4 - 12.7 - 12.6 - 12.8 - 12.4 - 12.0 - 12.5,35.2,36.9
202202010807,6.9 - 11.0 - 11.3 - 12.5 - 12.8 - 12.4 - 13.0 - 12.5 - 13.0,29.2,38.5
202202010808,12.3 - 11.6 - 12.2 - 12.4 - 12.1 - 12.1 - 12.3 - 11.8 - 12.2,36.1,36.3
202202010809,11.9 - 10.6 - 11.1 - 11.7 - 11.7 - 12.4,33.6,35.8
202202010810,7.0 - 11.4 - 12.1 - 12.3 - 12.4 - 12.2 - 12.2 - 12.0 - 12.5,30.5,36.7
202202010811,12.4 - 11.4 - 12.0 - 12.2 - 12.3 - 12.0 - 12.0 - 11.9 - 12.2,35.8,36.1
202202010812,12.1 - 11.1 - 11.6 - 11.5 - 12.0,34.8,35.1
202202010901,12.1 - 10.9 - 11.7 - 12.0 - 11.6 - 11.6,34.7,35.2
202202010902,12.3 - 10.8 - 11.5 - 11.9 - 13.0,34.6,36.4
202202010903,7.0 - 11.1 - 12.2 - 12.9 - 13.0 - 12.1 - 13.1 - 12.7 - 13.3,30.3,39.1
202202010904,12.7 - 12.5 - 12.5 - 12.5 - 12.1 - 11.8 - 11.4 - 11.7 - 11.9,37.7,35.0
202202010905,12.5 - 11.1 - 11.7 - 11.8 - 11.8 - 12.2,35.3,35.8
202202010906,12.7 - 10.7 - 11.9 - 12.5 - 13.0 - 12.8 - 12.1 - 12.3 - 12.3 - 12.2,35.3,36.8
202202010907,12.2 - 10.6 - 11.4 - 12.0 - 12.7,34.2,36.1
202202010908,6.9 - 11.3 - 12.1 - 12.0 - 12.2 - 12.1 - 12.6 - 12.9 - 13.4,30.3,38.9
202202010909,12.4 - 10.8 - 12.2 - 12.2 - 12.4 - 12.5 - 12.3 - 12.2 - 11.8 - 12.4,35.4,36.4
202202010910,12.0 - 10.9 - 11.5 - 11.8 - 11.6 - 12.1,34.4,35.5
202202010911,6.9 - 11.5 - 12.0 - 12.2 - 12.2 - 12.1 - 12.2 - 12.0 - 12.9,30.4,37.1
202202010912,12.0 - 10.7 - 11.4 - 11.8 - 11.4 - 12.1,34.1,35.3
202202011001,12.3 - 10.7 - 11.3 - 12.0 - 13.1,34.3,36.4
202202011002,6.9 - 11.1 - 11.9 - 12.9 - 12.9 - 12.8 - 12.8 - 12.5 - 12.7,29.9,38.0
202202011003,12.5 - 11.9 - 12.3 - 12.4 - 12.4 - 12.3 - 11.9 - 12.0 - 12.2,36.7,36.1
202202011004,12.3 - 10.9 - 11.4 - 11.9 - 12.0 - 11.7,34.6,35.6
202202011005,12.9 - 11.8 - 12.6 - 12.8 - 12.5 - 12.7 - 12.1 - 11.5 - 12.0,37.3,35.6
202202011006,12.1 - 10.8 - 11.7 - 11.9 - 13.1,34.6,36.7
202202011007,12.5 - 11.5 - 12.3 - 12.4 - 12.2 - 12.4 - 12.2 - 11.9 - 11.8 - 12.5,36.3,36.2
202202011008,7.0 - 11.2 - 12.0 - 12.0 - 12.3 - 11.9 - 12.8 - 12.4 - 13.7,30.2,38.9
202202011009,12.3 - 11.3 - 11.9 - 11.7 - 11.3 - 11.7,35.5,34.7
202202011010,13.1 - 12.3 - 12.8 - 12.9 - 12.2 - 12.4 - 12.5 - 12.4 - 12.4 - 12.4 - 12.3 - 11.9 - 12.1,38.2,36.3
202202011011,12.4 - 11.2 - 12.7 - 12.3 - 12.2 - 12.1 - 12.1 - 12.2 - 12.1 - 12.1,36.3,36.4
202202011012,12.1 - 10.5 - 11.8 - 11.7 - 11.9,34.4,35.4
202202011101,13.1 - 12.6 - 13.3 - 13.4 - 12.7 - 12.7 - 12.5 - 12.4 - 11.9,39.0,36.8
202202011102,7.2 - 11.2 - 12.6 - 13.0 - 13.1 - 12.6 - 12.5 - 12.8 - 13.1,31.0,38.4
202202011103,12.0 - 11.0 - 11.5 - 11.6 - 12.1 - 12.7,34.5,36.4
202202011104,7.1 - 11.3 - 12.1 - 12.3 - 12.4 - 12.0 - 12.4 - 12.8 - 13.3,30.5,38.5
202202011105,12.8 - 11.3 - 12.2 - 12.6 - 12.7 - 12.4 - 12.5 - 12.6 - 12.8 - 12.7,36.3,38.1
202202011106,7.4 - 11.2 - 11.8 - 12.0 - 12.1 - 12.5 - 12.7 - 13.2 - 13.4,30.4,39.3
202202011107,12.2 - 10.9 - 11.6 - 11.7 - 12.3,34.7,35.6
202202011108,12.2 - 11.1 - 11.7 - 12.1 - 12.0 - 12.1,35.0,36.2
202202011109,7.0 - 11.0 - 11.6 - 12.4 - 12.8 - 12.6 - 12.6 - 12.8 - 13.2,29.6,38.6
202202011110,13.0 - 12.2 - 12.6 - 12.7 - 12.3 - 12.2 - 12.0 - 12.0 - 12.4,37.8,36.4
202202011111,12.3 - 10.7 - 11.5 - 11.9 - 12.3 - 13.1,34.5,37.3
202202011112,13.3 - 13.0 - 13.8 - 13.2 - 13.7 - 13.1 - 13.0 - 13.1 - 12.6 - 12.4 - 12.4 - 12.3 - 12.6,40.1,37.3
202202011201,12.3 - 11.0 - 11.5 - 11.9 - 12.3 - 12.7,34.8,36.9
202202011202,7.1 - 10.9 - 11.9 - 12.5 - 12.9 - 12.3 - 12.6 - 13.3 - 12.9,29.9,38.8
202202011203,12.2 - 10.9 - 11.4 - 11.6 - 12.5 - 12.5,34.5,36.6
202202011204,12.2 - 10.6 - 11.6 - 12.1 - 12.7,34.4,36.4
202202011205,12.8 - 12.4 - 12.7 - 13.3 - 13.0 - 12.7 - 12.2 - 12.6 - 12.5,37.9,37.3
202202011206,13.2 - 12.0 - 12.7 - 13.1 - 12.8 - 13.6 - 13.5 - 13.5 - 12.7 - 12.8 - 13.3 - 13.2 - 12.6,37.9,39.1
202202011207,7.0 - 10.7 - 11.9 - 12.1 - 11.9 - 12.1 - 12.3 - 12.3 - 12.8,29.6,37.4
202202011208,12.2 - 11.1 - 11.7 - 12.0 - 12.7 - 12.6,35.0,37.3
202202011209,12.7 - 11.9 - 12.6 - 12.9 - 13.0 - 12.8 - 12.6 - 12.6 - 12.5,37.2,37.7
202202011210,6.9 - 11.0 - 11.6 - 12.0 - 11.8 - 12.0 - 12.4 - 12.6 - 12.5,29.5,37.5
202202011211,12.2 - 11.1 - 12.0 - 12.3 - 12.5 - 12.3 - 12.9 - 13.2 - 12.5 - 12.6,35.3,38.3
202202011212,12.2 - 11.3 - 11.8 - 11.9 - 12.6 - 12.9,35.3,37.4
202203010101,6.9 - 11.0 - 11.6 - 12.7 - 12.6 - 12.2 - 12.3 - 12.6 - 13.5,29.5,38.4
202203010102,12.1 - 10.7 - 11.1 - 12.0 - 11.6 - 12.8,33.9,36.4
202203010103,9.4 - 10.8 - 11.0 - 11.6 - 12.1 - 12.8,31.2,36.5
202203010104,12.1 - 11.4 - 11.5 - 12.9 - 12.7 - 12.4 - 12.0 - 12.3 - 11.9 - 12.9,35.0,37.1
202203010105,12.0 - 10.9 - 11.3 - 12.2 - 12.2 - 13.0,34.2,37.4
202203010106,12.5 - 11.0 - 11.8 - 12.3 - 12.4 - 12.4 - 12.7 - 12.1 - 12.9,35.3,37.7
202203010107,9.6 - 10.7 - 10.9 - 12.1 - 12.2 - 12.4,31.2,36.7
202203010108,12.0 - 11.0 - 11.6 - 12.9 - 12.9 - 12.7 - 12.3 - 12.6 - 12.5 - 12.6,34.6,37.7
202203010109,12.7 - 11.4 - 12.7 - 13.0 - 12.8 - 12.4 - 12.2 - 11.9 - 12.4,36.8,36.5
202203010110,13.3 - 12.0 - 13.0 - 12.7 - 12.5 - 12.3 - 12.6 - 13.0 - 12.4 - 12.4 - 12.8 - 12.4 - 12.8,38.3,38.0
202203010111,9.2 - 11.1 - 10.9 - 11.7 - 12.1 - 12.6,31.2,36.4
202203010112,6.9 - 11.3 - 11.9 - 12.6 - 12.9 - 12.6 - 12.5 - 12.0 - 12.7,30.1,37.2
202203010201,9.4 - 10.9 - 11.3 - 12.0 - 12.3 - 13.0,31.6,37.3
202203010202,12.3 - 10.9 - 11.3 - 12.0 - 11.8 - 12.3,34.5,36.1
202203010203,6.9 - 11.4 - 11.9 - 12.9 - 12.9 - 12.5 - 12.6 - 12.7 - 12.8,30.2,38.1
202203010206,7.0 - 11.1 - 11.5 - 12.2 - 12.8 - 12.7 - 13.1 - 12.9 - 13.1,29.6,39.1
202203010207,12.5 - 11.3 - 12.4 - 12.7 - 12.1 - 11.9 - 12.3 - 12.2 - 12.6,36.2,37.1
202203010208,6.9 - 10.9 - 11.8 - 13.5 - 12.2 - 12.4 - 12.7 - 12.6 - 13.2,29.6,38.5
202203010209,12.1 - 10.8 - 11.2 - 11.6 - 11.9 - 12.9,34.1,36.4
202203010210,9.4 - 10.9 - 11.1 - 11.8 - 12.3 - 13.2,31.4,37.3
202203010211,11.8 - 10.6 - 10.8 - 12.1 - 12.4 - 12.6 - 12.6 - 12.5 - 11.8 - 12.7,33.2,37.0
202203010212,12.1 - 11.2 - 11.4 - 11.8 - 11.6 - 12.4,34.7,35.8
202203010301,9.6 - 11.3 - 11.6 - 12.4 - 12.7 - 13.2,32.5,38.3
202203010302,12.4 - 11.2 - 11.6 - 12.0 - 11.8 - 11.9,35.2,35.7
202203010303,7.0 - 11.2 - 11.9 - 12.9 - 13.2 - 12.9 - 12.6 - 12.6 - 12.9,30.1,38.1
202203010306,6.9 - 11.1 - 11.5 - 12.6 - 13.3 - 12.4 - 12.8 - 12.9 - 13.0,29.5,38.7
202203010307,12.3 - 11.0 - 12.1 - 12.6 - 11.7 - 12.1 - 12.3 - 12.2 - 12.3,35.4,36.8
202203010308,12.0 - 10.5 - 11.0 - 12.0 - 11.8 - 12.5,33.5,36.3
202203010309,12.6 - 12.2 - 12.2 - 13.1 - 12.9 - 12.3 - 11.9 - 12.1 - 11.6 - 11.9,37.0,35.6
202203010310,6.9 - 11.3 - 12.0 - 12.9 - 12.9 - 12.4 - 12.4 - 12.3 - 12.6,30.2,37.3
202203010311,12.2 - 10.7 - 12.1 - 11.8 - 11.8 - 12.0 - 12.4 - 11.8 - 12.2,35.0,36.4
202203010312,12.4 - 10.6 - 11.2 - 11.9 - 11.8 - 12.2,34.2,35.9
202203010401,7.0 - 11.7 - 11.9 - 13.2 - 13.2 - 12.6 - 12.7 - 12.7 - 13.1,30.6,38.5
202203010402,12.6 - 10.9 - 12.7 - 12.7 - 12.3 - 12.0 - 12.0 - 11.8 - 12.5,36.2,36.3
202203010403,6.9 - 11.1 - 11.5 - 12.6 - 13.2 - 12.9 - 13.2 - 12.8 - 13.1,29.5,39.1
202203010405,12.3 - 11.1 - 11.3 - 12.2 - 11.6 - 11.9,34.7,35.7
202203010406,12.2 - 10.8 - 11.1 - 13.0 - 12.8 - 12.7 - 12.4 - 12.5 - 11.7 - 12.1,34.1,36.3
202203010407,9.5 - 11.1 - 11.3 - 12.2 - 12.6 - 12.8,31.9,37.6
202203010408,7.2 - 10.9 - 11.3 - 12.3 - 12.7 - 13.1 - 13.2 - 12.8 - 12.6,29.4,38.6
202203010409,12.1 - 10.9 - 11.3 - 11.7 - 11.6 - 12.3,34.3,35.6
202203010410,13.0 - 11.9 - 12.7 - 12.4 - 12.6 - 11.8 - 12.7 - 12.5 - 12.3 - 12.4 - 12.8 - 12.0 - 12.3,37.6,37.1
202203010411,12.0 - 10.7 - 11.2 - 11.5 - 11.4 - 11.9,33.9,34.8
202203010412,9.5 - 11.1 - 11.1 - 11.8 - 12.3 - 13.2,31.7,37.3
202203010502,7.0 - 11.0 - 11.9 - 12.2 - 12.3 - 12.5 - 13.3 - 12.8 - 12.5,29.9,38.6
202203010503,7.1 - 11.3 - 11.8 - 12.6 - 12.5 - 12.0 - 12.3 - 12.1 - 12.8,30.2,37.2
202203010505,12.3 - 10.9 - 11.3 - 11.8 - 11.8 - 12.6,34.5,36.2
202203010506,9.4 - 10.6 - 11.1 - 12.0 - 12.4 - 12.9,31.1,37.3
202203010507,12.9 - 11.6 - 12.2 - 12.7 - 13.5 - 12.6 - 12.4 - 12.4 - 11.8 - 12.1,36.7,36.3
202203010508,7.1 - 11.2 - 11.4 - 12.6 - 12.5 - 12.0 - 12.2 - 12.9 - 12.9,29.7,38.0
202203010509,12.6 - 11.2 - 11.4 - 11.6 - 11.4 - 11.9,35.2,34.9
202203010510,12.8 - 11.0 - 12.2 - 12.9 - 12.9 - 12.6 - 11.6 - 11.8 - 11.9 - 12.5,36.0,36.2
202203010511,6.8 - 11.2 - 11.7 - 12.8 - 12.8 - 12.2 - 12.1 - 11.9 - 12.7,29.7,36.7
202203010512,12.8 - 11.3 - 11.7 - 12.4 - 12.4 - 12.3 - 12.2 - 11.8 - 12.1,35.8,36.1
202203010601,9.4 - 11.2 - 11.3 - 12.2 - 12.3 - 13.0,31.9,37.5
202203010602,12.7 - 10.9 - 12.0 - 13.8 - 12.7 - 12.3 - 12.0 - 11.7 - 12.0,35.6,35.7
202203010603,6.8 - 11.4 - 11.6 - 13.1 - 13.2 - 13.2 - 12.8 - 12.6 - 12.7,29.8,38.1
202203010605,12.4 - 10.5 - 11.4 - 12.3 - 11.6 - 12.0,34.3,35.9
202203010606,13.0 - 11.4 - 11.7 - 12.6 - 12.6 - 13.0 - 13.3 - 14.0 - 12.3 - 12.1 - 12.1 - 12.2 - 12.5,36.1,36.8
202203010607,7.2 - 11.6 - 12.5 - 13.6 - 13.3 - 12.5 - 11.9 - 11.9 - 12.3,31.3,36.1
202203010608,9.5 - 10.9 - 11.3 - 11.9 - 12.1 - 12.6,31.7,36.6
202203010609,12.1 - 11.6 - 11.6 - 11.8 - 12.4 - 12.2 - 12.2 - 12.4 - 12.3 - 12.6,35.3,37.3
202203010610,6.9 - 11.2 - 11.6 - 12.3 - 12.5 - 12.1 - 12.4 - 12.6 - 13.3,29.7,38.3
202203010611,7.1 - 11.3 - 11.9 - 12.4 - 12.2 - 11.5 - 12.0 - 12.3 - 12.6,30.3,36.9
202203010612,12.6 - 11.1 - 11.4 - 11.9 - 11.9 - 12.7,35.1,36.5
202203020102,7.0 - 11.3 - 11.6 - 12.3 - 12.6 - 12.7 - 12.9 - 12.8 - 13.4,29.9,39.1
202203020103,6.9 - 11.5 - 12.4 - 13.3 - 13.2 - 12.1 - 12.6 - 12.6 - 12.3,30.8,37.5
202203020105,12.4 - 10.6 - 11.5 - 12.2 - 12.1 - 12.3,34.5,36.6
202203020106,9.7 - 11.2 - 11.8 - 12.3 - 12.2 - 12.8,32.7,37.3
202203020107,12.7 - 11.5 - 11.5 - 12.4 - 12.4 - 12.1 - 12.3 - 12.1 - 12.0 - 12.0,35.7,36.1
202203020108,7.0 - 11.0 - 11.8 - 12.8 - 13.4 - 13.1 - 12.5 - 12.4 - 13.2,29.8,38.1
202203020109,12.7 - 12.4 - 12.5 - 12.5 - 12.5 - 12.3 - 12.8 - 13.0 - 12.7 - 12.0 - 11.6 - 11.7 - 12.1,37.6,35.4
202203020110,12.6 - 10.8 - 12.2 - 12.4 - 12.2 - 11.9 - 11.6 - 11.4 - 12.1,35.6,35.1
202203020111,12.0 - 10.9 - 11.1 - 11.2 - 11.1 - 11.7,34.0,34.0
202203020112,6.9 - 11.2 - 11.7 - 12.8 - 12.8 - 12.4 - 12.6 - 12.3 - 12.9,29.8,37.8
202203020201,13.2 - 11.2 - 13.0 - 13.4 - 12.4 - 11.7 - 11.8 - 11.6 - 12.2,37.4,35.6
202203020202,12.2 - 10.5 - 11.0 - 11.3 - 11.5 - 12.7,33.7,35.5
202203020203,9.7 - 10.9 - 11.1 - 11.9 - 12.4 - 13.3,31.7,37.6
202203020204,12.4 - 11.1 - 11.6 - 13.1 - 13.1 - 12.6 - 12.0 - 12.2 - 12.0 - 12.5,35.1,36.7
202203020205,13.0 - 11.8 - 13.1 - 12.4 - 12.5 - 12.5 - 12.2 - 11.8 - 12.2,37.9,36.2
202203020206,12.2 - 11.1 - 11.8 - 12.0 - 11.5 - 11.8,35.1,35.3
202203020207,6.9 - 11.4 - 12.3 - 12.9 - 12.8 - 12.2 - 12.4 - 12.4 - 13.1,30.6,37.9
202203020208,12.0 - 11.6 - 11.4 - 11.5 - 11.4 - 11.8,35.0,34.7
202203020209,6.8 - 11.4 - 11.9 - 12.3 - 12.7 - 12.5 - 12.7 - 12.4 - 12.8,30.1,37.9
202203020210,11.7 - 10.3 - 11.0 - 11.3 - 11.6 - 12.8,33.0,35.7
202203020211,12.3 - 11.0 - 11.6 - 11.9 - 12.0 - 12.0 - 12.0 - 11.7 - 12.2,34.9,35.9
202203020212,9.4 - 10.7 - 11.0 - 11.9 - 12.4 - 12.6,31.1,36.9
202203020301,12.2 - 11.2 - 11.6 - 11.4 - 11.7 - 12.3,35.0,35.4
202203020302,12.4 - 11.1 - 12.4 - 12.6 - 12.3 - 11.8 - 11.9 - 12.2 - 12.4,35.9,36.5
202203020303,9.7 - 10.8 - 11.2 - 12.2 - 12.4 - 12.7,31.7,37.3
202203020304,6.9 - 11.4 - 11.8 - 12.9 - 12.6 - 12.4 - 12.4 - 12.4 - 13.7,30.1,38.5
202203020305,12.6 - 11.8 - 13.2 - 13.5 - 12.3 - 12.2 - 11.8 - 11.6 - 12.2,37.6,35.6
202203020306,13.0 - 11.6 - 11.9 - 11.7 - 11.6 - 11.9,36.5,35.2
202203020307,12.7 - 11.1 - 12.6 - 13.0 - 12.5 - 11.9 - 11.7 - 11.8 - 12.1,36.4,35.6
202203020308,6.8 - 11.5 - 12.4 - 13.4 - 12.7 - 12.4 - 12.2 - 12.3 - 12.5,30.7,37.0
202203020309,12.0 - 10.7 - 10.8 - 11.5 - 11.8 - 12.4,33.5,35.7
202203020310,12.7 - 11.5 - 11.9 - 12.8 - 12.9 - 12.7 - 12.1 - 11.6 - 11.6 - 12.0,36.1,35.2
202203020311,12.9 - 11.0 - 12.5 - 12.6 - 11.7 - 11.4 - 11.5 - 11.7 - 12.5,36.4,35.7
202203020312,9.3 - 10.6 - 11.2 - 11.9 - 12.0 - 12.5,31.1,36.4
202203020402,7.1 - 10.9 - 11.6 - 13.2 - 13.0 - 12.6 - 13.0 - 12.4 - 12.7,29.6,38.1
202203020403,9.7 - 10.6 - 11.8 - 11.7 - 12.0 - 12.8,32.1,36.5
202203020404,12.3 - 10.5 - 11.2 - 11.5 - 11.6 - 12.3,34.0,35.4
202203020405,12.6 - 11.8 - 12.2 - 13.2 - 13.2 - 12.8 - 12.1 - 11.7 - 12.0 - 11.8,36.6,35.5
202203020406,12.6 - 11.7 - 11.8 - 11.5 - 11.5 - 11.9,36.1,34.9
202203020407,7.1 - 11.4 - 11.8 - 12.4 - 13.2 - 12.8 - 12.8 - 12.2 - 12.6,30.3,37.6
202203020408,12.5 - 10.8 - 12.3 - 12.1 - 12.0 - 12.1 - 11.8 - 11.8 - 12.1,35.6,35.7
202203020409,12.4 - 10.9 - 12.2 - 12.2 - 12.1 - 12.0 - 11.8 - 11.6 - 11.8,35.5,35.2
202203020410,7.1 - 11.4 - 12.1 - 12.6 - 12.4 - 12.8 - 12.6 - 11.9 - 12.2,30.6,36.7
202203020411,12.3 - 11.0 - 11.1 - 12.0 - 12.1 - 12.1 - 11.9 - 11.9 - 11.6 - 11.8,34.4,35.3
202203020412,9.6 - 10.5 - 11.0 - 11.8 - 12.0 - 12.4,31.1,36.2
202203020502,7.2 - 11.1 - 11.6 - 12.7 - 12.8 - 12.5 - 12.6 - 12.5 - 12.4,29.9,37.5
202203020503,7.2 - 11.2 - 11.6 - 12.8 - 12.5 - 12.2 - 12.5 - 12.3 - 12.7,30.0,37.5
202203020505,13.2 - 12.2 - 13.3 - 14.0 - 13.0 - 12.2 - 11.6 - 11.4 - 11.6,38.7,34.6
202203020506,9.7 - 10.9 - 11.7 - 12.4 - 12.4 - 12.3,32.3,37.1
202203020507,12.5 - 10.6 - 11.1 - 11.5 - 11.6 - 12.0,34.2,35.1
202203020508,12.3 - 10.7 - 10.8 - 11.4 - 11.8 - 12.5,33.8,35.7
202203020509,12.3 - 11.5 - 11.8 - 12.3 - 13.0 - 12.7 - 12.3 - 12.4 - 12.1 - 12.2,35.6,36.7
202203020510,6.9 - 10.8 - 11.4 - 12.6 - 12.6 - 12.0 - 12.0 - 12.4 - 12.4,29.1,36.8
202203020511,12.5 - 10.9 - 11.1 - 11.3 - 11.5 - 11.7,34.5,34.5
202203020512,9.6 - 10.8 - 11.0 - 11.8 - 11.8 - 12.3,31.4,35.9
202203020601,9.6 - 10.5 - 11.2 - 11.8 - 12.5 - 13.1,31.3,37.4
202203020602,12.5 - 11.3 - 11.5 - 11.6 - 11.5 - 12.2,35.3,35.3
202203020603,13.4 - 11.7 - 12.5 - 12.9 - 12.9 - 13.0 - 12.9 - 13.2 - 12.1 - 12.2 - 12.2 - 12.0 - 12.8,37.6,37.0
202203020604,9.5 - 10.8 - 11.2 - 11.9 - 11.9 - 12.5,31.5,36.3
202203020605,12.6 - 11.2 - 12.9 - 13.8 - 12.4 - 11.8 - 11.8 - 12.2 - 12.5,36.7,36.5
202203020606,12.8 - 11.1 - 11.7 - 11.9 - 11.9 - 12.4,35.6,36.2
202203020607,12.7 - 11.3 - 12.0 - 13.3 - 12.3 - 12.2 - 12.0 - 12.0 - 12.1,36.0,36.1
202203020608,6.8 - 10.9 - 11.7 - 13.0 - 12.7 - 12.1 - 12.5 - 12.6 - 12.8,29.4,37.9
202203020609,12.6 - 11.1 - 11.6 - 11.6 - 11.3 - 11.4,35.3,34.3
202203020610,13.4 - 12.7 - 13.4 - 13.4 - 13.3 - 13.3 - 13.3 - 13.4 - 11.5 - 11.5 - 11.8 - 11.6 - 11.6,39.5,35.0
202203020611,12.3 - 11.0 - 11.3 - 11.6 - 11.4 - 11.8,34.6,34.8
202203020612,6.8 - 11.4 - 11.6 - 12.6 - 13.0 - 12.1 - 12.1 - 12.2 - 12.9,29.8,37.2
202203020701,12.5 - 10.7 - 11.3 - 12.0 - 12.0 - 12.2,34.5,36.2
202203020702,13.2 - 11.7 - 12.1 - 13.1 - 13.2 - 13.0 - 12.8 - 11.9 - 12.0,37.0,36.7
202203020703,12.6 - 10.6 - 11.1 - 11.9 - 11.9 - 12.7,34.3,36.5
202203020704,6.9 - 11.3 - 12.2 - 13.1 - 12.7 - 12.2 - 12.5 - 12.4 - 13.2,30.4,38.1
202203020705,13.1 - 12.7 - 13.5 - 13.8 - 14.3 - 12.7 - 12.6 - 11.9 - 11.9 - 12.4,39.3,36.2
202203020706,12.5 - 11.2 - 11.2 - 12.0 - 12.6 - 12.7,34.9,37.3
202203020707,12.4 - 11.2 - 12.2 - 13.1 - 12.0 - 12.1 - 12.5 - 12.6 - 12.5,35.8,37.6
202203020708,9.4 - 10.6 - 11.1 - 11.8 - 11.6 - 12.6,31.1,36.0
202203020709,12.7 - 11.2 - 12.4 - 13.1 - 12.4 - 12.2 - 12.0 - 11.7 - 12.7,36.3,36.4
202203020710,7.3 - 11.5 - 11.4 - 12.5 - 12.7 - 11.8 - 12.5 - 12.3 - 13.0,30.2,37.8
202203020711,9.6 - 10.5 - 10.8 - 11.6 - 11.8 - 12.3,30.9,35.7
202203020712,13.2 - 12.0 - 12.3 - 12.7 - 13.0 - 12.0 - 12.2 - 12.9 - 12.4 - 12.5 - 12.7 - 12.9 - 13.1,37.5,38.7
202203020802,6.8 - 11.9 - 12.3 - 12.8 - 12.6 - 12.3 - 12.4 - 12.4 - 12.8,31.0,37.6
202203020803,12.7 - 11.8 - 12.5 - 13.2 - 12.3 - 12.2 - 12.4 - 12.2 - 12.4,37.0,37.0
202203020804,9.7 - 10.8 - 11.2 - 12.1 - 12.1 - 13.3,31.7,37.5
202203020805,13.2 - 12.1 - 13.7 - 14.4 - 13.4 - 13.0 - 12.7 - 12.0 - 11.9,39.0,36.6
202203020806,12.3 - 10.7 - 11.5 - 12.2 - 12.2 - 12.1,34.5,36.5
202203020807,12.7 - 11.2 - 11.8 - 12.6 - 13.1 - 12.6 - 12.3 - 12.7 - 12.6 - 12.3,35.7,37.6
202203020808,6.7 - 11.0 - 11.1 - 12.1 - 12.2 - 12.7 - 13.5 - 13.0 - 13.1,28.8,39.6
202203020809,9.3 - 10.5 - 10.8 - 11.5 - 12.0 - 13.4,30.6,36.9
202203020810,12.9 - 11.7 - 12.2 - 12.5 - 12.1 - 11.5 - 11.7 - 12.1 - 12.7,36.8,36.5
202203020811,7.0 - 11.2 - 11.6 - 12.4 - 11.9 - 12.0 - 12.3 - 12.4 - 12.9,29.8,37.6
202203020812,12.5 - 10.6 - 11.1 - 11.8 - 11.8 - 12.1,34.2,35.7
202203030101,9.5 - 10.9 - 11.3 - 12.2 - 12.4 - 13.2,31.7,37.8
202203030102,12.1 - 10.4 - 11.0 - 11.8 - 11.6 - 12.5,33.5,35.9
202203030103,7.0 - 10.8 - 12.0 - 12.9 - 12.6 - 12.6 - 12.4 - 12.5 - 12.4,29.8,37.3
202203030106,13.4 - 11.8 - 13.6 - 13.4 - 13.1 - 13.2 - 12.9 - 12.6 - 12.2 - 12.8 - 12.7 - 12.8,38.8,38.3
202203030107,9.4 - 10.9 - 11.1 - 11.8 - 12.2 - 12.4,31.4,36.4
202203030108,13.0 - 11.0 - 11.6 - 11.8 - 12.9 - 12.7 - 12.8 - 12.7 - 12.4 - 11.9 - 12.1 - 12.0 - 12.9,35.6,37.0
202203030109,12.0 - 11.3 - 11.7 - 12.9 - 13.0 - 12.1 - 11.9 - 12.4 - 11.8 - 12.2,35.0,36.4
202203030110,11.9 - 10.7 - 11.1 - 11.7 - 11.3 - 12.0,33.7,35.0
202203030111,7.2 - 11.0 - 12.0 - 12.5 - 12.8 - 12.4 - 12.3 - 12.1 - 12.9,30.2,37.3
202203030112,12.3 - 10.6 - 11.2 - 11.6 - 11.6 - 11.8,34.1,35.0
202203030201,7.2 - 11.0 - 12.0 - 12.9 - 12.8 - 12.2 - 13.5 - 14.1 - 13.8,30.2,41.4
202203030202,12.2 - 10.5 - 10.8 - 11.4 - 11.6 - 12.6,33.5,35.6
202203030203,7.2 - 11.1 - 11.8 - 12.3 - 12.5 - 12.2 - 12.5 - 12.9 - 12.9,30.1,38.3
202203030205,12.2 - 10.7 - 11.5 - 12.2 - 11.7 - 12.2,34.4,36.1
202203030206,12.7 - 10.6 - 12.2 - 12.6 - 12.7 - 12.0 - 12.1 - 11.8 - 13.2,35.5,37.1
202203030207,9.6 - 10.7 - 11.0 - 11.8 - 12.5 - 12.9,31.3,37.2
202203030208,12.4 - 11.1 - 11.6 - 12.5 - 12.7 - 12.2 - 11.5 - 12.0 - 12.0 - 12.7,35.1,36.7
202203030209,12.3 - 10.7 - 12.5 - 13.0 - 12.3 - 11.8 - 12.0 - 11.8 - 12.5,35.5,36.3
202203030210,13.0 - 11.0 - 12.0 - 12.4 - 12.6 - 12.0 - 12.2 - 12.1 - 11.9 - 12.0 - 12.5 - 12.8 - 12.8,36.0,38.1
202203030211,9.5 - 10.7 - 11.0 - 11.9 - 12.1 - 12.9,31.2,36.9
202203030212,12.0 - 10.4 - 10.9 - 11.7 - 12.1 - 12.4,33.3,36.2
202203030301,9.6 - 10.8 - 11.2 - 12.2 - 12.8 - 12.9,31.6,37.9
202203030302,7.0 - 11.6 - 12.9 - 13.9 - 13.4 - 11.6 - 12.2 - 12.6 - 13.2,31.5,38.0
202203030303,12.2 - 10.8 - 11.4 - 11.7 - 12.0 - 12.2,34.4,35.9
202203030304,9.5 - 10.9 - 11.6 - 12.1 - 12.1 - 12.4,32.0,36.6
202203030305,12.4 - 11.6 - 12.3 - 13.8 - 14.1 - 12.7 - 12.0 - 12.3 - 11.9 - 11.8,36.3,36.0
202203030306,12.1 - 10.6 - 11.4 - 12.0 - 11.8 - 11.9,34.1,35.7
202203030307,7.2 - 10.8 - 11.7 - 12.7 - 12.9 - 12.4 - 12.7 - 12.4 - 13.1,29.7,38.2
202203030308,13.5 - 12.1 - 12.4 - 12.5 - 12.8 - 12.6 - 13.0 - 13.1 - 12.3 - 12.1 - 12.1 - 12.1 - 12.4,38.0,36.6
202203030309,12.2 - 11.0 - 11.4 - 12.3 - 12.4 - 12.2 - 12.2 - 12.3 - 12.3 - 12.4,34.6,37.0
202203030310,12.1 - 10.5 - 11.1 - 11.9 - 11.8 - 12.8,33.7,36.5
202203030311,7.1 - 11.0 - 11.9 - 12.5 - 12.3 - 12.0 - 12.6 - 12.7 - 12.6,30.0,37.9
202203030312,12.4 - 11.2 - 11.6 - 11.9 - 11.5 - 12.1,35.2,35.5
202203030401,7.2 - 10.9 - 12.0 - 13.0 - 13.5 - 12.7 - 12.9 - 13.0 - 13.5,30.1,39.4
202203030402,12.2 - 11.1 - 11.5 - 12.2 - 12.4 - 12.1 - 12.2 - 12.8 - 13.1 - 12.4,34.8,38.3
202203030403,7.0 - 11.1 - 12.3 - 13.0 - 12.9 - 12.2 - 12.3 - 12.9 - 12.9,30.4,38.1
202203030406,7.0 - 10.7 - 11.8 - 13.4 - 13.4 - 12.3 - 12.4 - 12.4 - 12.7,29.5,37.5
202203030407,12.2 - 11.0 - 11.5 - 11.9 - 11.6 - 12.1,34.7,35.6
202203030408,12.4 - 11.7 - 13.2 - 12.8 - 12.6 - 12.1 - 12.0 - 11.7 - 11.7,37.3,35.4
202203030409,12.2 - 11.0 - 11.5 - 12.0 - 11.7 - 11.6,34.7,35.3
202203030410,7.2 - 10.9 - 11.8 - 12.5 - 12.9 - 12.4 - 12.9 - 12.5 - 12.7,29.9,38.1
202203030411,12.1 - 10.9 - 11.2 - 12.6 - 12.6 - 12.4 - 12.2 - 12.0 - 11.9 - 12.3,34.2,36.2
202203030412,9.7 - 11.0 - 11.5 - 12.0 - 12.0 - 12.6,32.2,36.6
202203030501,7.3 - 11.6 - 11.4 - 12.6 - 13.0 - 12.6 - 13.2 - 13.6 - 13.6,30.3,40.4
202203030502,7.0 - 10.8 - 11.7 - 12.2 - 12.7 - 12.5 - 12.9 - 13.6 - 12.5,29.5,39.0
202203030503,12.7 - 11.6 - 12.5 - 13.1 - 12.6 - 12.4 - 12.3 - 12.0 - 12.0,36.8,36.3
202203030504,12.1 - 10.8 - 11.4 - 11.8 - 11.9 - 12.3,34.3,36.0
202203030505,13.5 - 13.3 - 14.3 - 14.9 - 13.2 - 12.3 - 12.1 - 11.4 - 11.4,41.1,34.9
202203030506,13.2 - 11.3 - 11.8 - 12.8 - 13.1 - 13.0 - 13.1 - 13.3 - 12.9 - 13.0 - 13.2 - 13.5,36.3,39.7
202203030507,12.6 - 10.9 - 11.3 - 11.7 - 11.5 - 11.8,34.8,35.0
202203030508,9.5 - 10.6 - 10.9 - 11.9 - 12.4 - 13.2,31.0,37.5
202203030509,12.7 - 11.7 - 11.9 - 12.7 - 12.1 - 12.0 - 12.1 - 11.7 - 12.2,36.3,36.0
202203030510,9.4 - 10.6 - 10.7 - 12.1 - 12.5 - 13.0,30.7,37.6
202203030511,12.1 - 10.4 - 11.1 - 11.9 - 11.9 - 12.3,33.6,36.1
202203030512,12.8 - 10.9 - 11.3 - 12.5 - 13.4 - 12.3 - 12.0 - 11.9 - 12.2 - 12.4,35.0,36.5
202203030601,9.4 - 11.1 - 11.5 - 12.1 - 12.4 - 13.1,32.0,37.6
202203030602,7.1 - 11.1 - 12.0 - 13.0 - 13.1 - 12.9 - 13.1 - 13.8 - 12.7,30.2,39.6
202203030603,7.0 - 11.6 - 12.3 - 13.1 - 12.8 - 12.1 - 12.5 - 12.5 - 12.8,30.9,37.8
202203030606,7.2 - 10.9 - 12.0 - 13.4 - 13.3 - 12.6 - 12.3 - 12.6 - 12.8,30.1,37.7
202203030607,12.6 - 11.3 - 11.5 - 12.0 - 12.1 - 12.2 - 12.4 - 12.4 - 12.6,35.4,37.4
202203030608,9.5 - 10.7 - 11.4 - 12.1 - 12.2 - 12.9,31.6,37.2
202203030609,13.1 - 12.3 - 12.7 - 13.0 - 12.4 - 12.7 - 12.7 - 13.1 - 11.9 - 12.0 - 12.3 - 12.5 - 12.4,38.1,37.2
202203030610,12.7 - 12.0 - 12.2 - 12.8 - 12.6 - 12.2 - 12.0 - 11.6 - 11.7,36.9,35.3
202203030611,7.2 - 11.4 - 12.0 - 12.3 - 12.7 - 12.3 - 12.2 - 12.3 - 12.3,30.6,36.8
202203030612,12.3 - 10.7 - 11.1 - 11.8 - 11.7 - 12.0,34.1,35.5
202204010102,12.4 - 11.5 - 13.0 - 13.5 - 13.0 - 12.4 - 12.8 - 12.8 - 13.4,36.9,39.0
202204010103,11.7 - 10.6 - 11.6 - 12.2 - 12.1 - 13.6,33.9,37.9
202204010105,12.0 - 11.4 - 12.1 - 12.3 - 12.2 - 12.3 - 12.2 - 12.3 - 12.0 - 12.5,35.5,36.8
202204010106,12.3 - 10.7 - 11.1 - 11.5 - 11.5 - 11.8 - 12.7,34.1,36.0
202204010107,12.7 - 11.8 - 13.1 - 13.7 - 12.9 - 12.3 - 12.7 - 12.3 - 13.3,37.6,38.3
202204010108,12.7 - 11.3 - 11.7 - 12.5 - 12.6 - 12.0 - 11.2 - 10.7 - 12.1,35.7,34.0
202204010109,12.1 - 11.4 - 12.4 - 13.0 - 12.9 - 12.4 - 12.8 - 12.4 - 13.1,35.9,38.3
202204010110,12.0 - 11.0 - 11.3 - 11.3 - 11.2 - 12.1,34.3,34.6
202204010111,12.7 - 11.4 - 12.1 - 12.4 - 11.6 - 10.8 - 10.9 - 11.7,36.2,33.4
202204010112,11.9 - 10.2 - 10.7 - 10.7 - 11.3,32.8,32.7
202204010201,11.7 - 11.2 - 12.2 - 12.7 - 11.9 - 12.7,35.1,37.3
202204010202,11.8 - 10.7 - 11.8 - 11.8 - 11.3 - 12.4,34.3,35.5
202204010203,12.6 - 11.8 - 13.2 - 13.2 - 12.4 - 12.2 - 13.0 - 12.5 - 13.9,37.6,39.4
202204010205,12.4 - 11.4 - 11.8 - 11.9 - 11.9 - 12.0 - 12.7 - 12.3 - 12.1 - 13.2,35.6,37.6
202204010206,12.7 - 11.5 - 12.4 - 12.6 - 12.4 - 12.5 - 13.0 - 12.5 - 12.9,36.6,38.4
202204010207,12.2 - 10.5 - 11.4 - 12.1 - 12.4 - 12.4 - 12.3 - 12.8 - 12.6 - 12.2 - 13.1,34.1,37.9
202204010208,12.7 - 11.4 - 12.0 - 12.4 - 11.8 - 11.0 - 10.9 - 12.7,36.1,34.6
202204010209,12.3 - 11.3 - 12.4 - 13.1 - 12.7 - 12.4 - 12.7 - 12.3 - 13.2,36.0,38.2
202204010210,11.8 - 10.0 - 10.6 - 10.9 - 11.8,32.4,33.3
202204010211,12.1 - 10.7 - 11.9 - 12.1 - 11.7 - 12.1 - 12.0 - 11.3 - 11.3 - 12.5,34.7,35.1
202204010212,11.8 - 10.9 - 11.6 - 12.5 - 12.2 - 13.1,34.3,37.8
202204010301,11.6 - 10.4 - 11.1 - 12.6 - 12.7 - 13.6,33.1,38.9
202204010302,12.8 - 11.6 - 12.1 - 12.5 - 12.3 - 12.3 - 11.9 - 11.2 - 12.5,36.5,35.6
202204010303,11.8 - 10.7 - 11.0 - 12.0 - 12.0 - 13.1,33.5,37.1
202204010304,12.7 - 11.3 - 12.3 - 12.9 - 12.7 - 12.5 - 12.7 - 13.1 - 13.6,36.3,39.4
202204010305,12.7 - 12.2 - 12.0 - 12.6 - 13.6 - 13.7 - 12.8 - 12.6 - 12.0 - 12.1 - 12.1 - 12.8,36.9,37.0
202204010306,12.6 - 11.6 - 12.8 - 13.0 - 12.2 - 12.4 - 12.7 - 12.7 - 12.6,37.0,38.0
202204010307,12.0 - 10.7 - 11.2 - 11.7 - 11.9 - 12.6,33.9,36.2
202204010308,12.9 - 12.1 - 13.3 - 13.2 - 12.0 - 11.7 - 12.5 - 12.6 - 13.3,38.3,38.4
202204010309,12.7 - 11.3 - 11.6 - 11.9 - 12.1 - 12.2 - 12.7 - 12.3 - 11.7 - 13.2,35.6,37.2
202204010310,12.2 - 11.2 - 11.8 - 11.9 - 11.6 - 12.0 - 12.4 - 11.8 - 13.1,35.2,37.3
202204010311,11.8 - 10.4 - 10.9 - 11.0 - 11.8,33.1,33.7
202204010312,11.7 - 11.0 - 11.5 - 12.2 - 12.0 - 13.2,34.2,37.4
202204010401,11.7 - 10.6 - 11.5 - 12.9 - 12.6 - 13.2,33.8,38.7
202204010402,11.9 - 10.8 - 11.4 - 11.6 - 11.7 - 12.4,34.1,35.7
202204010403,12.6 - 11.2 - 12.5 - 13.1 - 12.7 - 12.8 - 13.4 - 13.0 - 13.1,36.3,39.5
202204010406,12.6 - 11.8 - 12.9 - 13.2 - 12.7 - 12.6 - 13.3 - 12.6 - 13.0,37.3,38.9
202204010407,11.9 - 11.1 - 11.6 - 12.1 - 11.9 - 12.9,34.6,36.9
202204010408,12.6 - 11.3 - 11.1 - 11.8 - 12.5 - 12.1 - 11.7 - 11.8 - 12.2,35.0,35.7
202204010409,11.9 - 10.3 - 10.6 - 10.7 - 11.6,32.8,32.9
202204010410,12.3 - 11.0 - 12.5 - 13.2 - 12.8 - 11.9 - 12.3 - 12.3 - 13.4,35.8,38.0
202204010411,12.8 - 11.5 - 11.7 - 12.3 - 12.4 - 12.1 - 11.4 - 11.0 - 12.0,36.0,34.4
202204010412,12.3 - 11.2 - 11.7 - 11.9 - 11.5 - 11.3 - 12.4,35.2,35.2
202204010502,12.6 - 11.8 - 12.5 - 12.8 - 12.5 - 13.1 - 13.0 - 12.9 - 13.8,36.9,39.7
202204010503,11.7 - 10.8 - 11.3 - 12.5 - 12.6 - 13.2,33.8,38.3
202204010505,12.6 - 11.2 - 12.3 - 13.0 - 12.4 - 12.2 - 11.5 - 11.3 - 12.4,36.1,35.2
202204010506,12.0 - 10.2 - 10.6 - 10.4 - 11.6,32.8,32.6
202204010507,12.3 - 11.1 - 12.2 - 12.8 - 12.8 - 12.7 - 12.6 - 12.2 - 11.6 - 12.7,35.6,36.5
202204010508,11.9 - 10.9 - 11.5 - 12.6 - 12.4 - 13.4,34.3,38.4
202204010509,12.8 - 11.9 - 12.0 - 12.4 - 11.9 - 11.9 - 11.3 - 11.0 - 12.0,36.7,34.3
202204010510,12.5 - 11.2 - 11.6 - 11.8 - 10.9 - 11.7,35.3,34.4
202204010511,11.8 - 10.6 - 11.2 - 12.0 - 12.1 - 13.3,33.6,37.4
202204010512,12.3 - 11.7 - 13.0 - 12.5 - 12.6 - 12.6 - 13.0 - 12.6 - 12.9,37.0,38.5
202204010601,11.9 - 10.7 - 11.6 - 12.4 - 12.2 - 13.5,34.2,38.1
202204010602,12.4 - 10.8 - 11.1 - 12.0 - 11.6 - 11.9 - 12.7,34.3,36.2
202204010603,12.7 - 11.8 - 12.8 - 13.0 - 12.9 - 12.3 - 12.7 - 12.8 - 14.0,37.3,39.5
202204010605,12.6 - 11.4 - 11.8 - 12.3 - 12.4 - 12.2 - 11.5 - 11.0 - 12.1,35.8,34.6
202204010606,12.6 - 11.4 - 12.6 - 13.1 - 13.1 - 12.5 - 13.0 - 12.5 - 13.8,36.6,39.3
202204010607,11.9 - 10.6 - 11.4 - 12.3 - 12.0 - 13.4,33.9,37.7
202204010608,12.7 - 11.5 - 12.7 - 13.0 - 12.6 - 12.6 - 13.0 - 12.5 - 13.5,36.9,39.0
202204010609,13.1 - 11.7 - 11.8 - 12.1 - 11.9 - 11.9 - 11.2 - 11.1 - 12.4,36.6,34.7
202204010610,11.9 - 10.7 - 11.3 - 12.5 - 12.3 - 13.2,33.9,38.0
202204010611,11.8 - 10.1 - 10.6 - 10.9 - 11.4,32.5,32.9
202204010612,12.6 - 10.7 - 11.6 - 11.8 - 11.5 - 11.2 - 12.3,34.9,35.0
202204010702,12.9 - 11.5 - 12.9 - 13.6 - 12.6 - 12.3 - 12.8 - 13.4 - 14.6,37.3,40.8
202204010703,11.9 - 11.1 - 11.6 - 12.6 - 12.2 - 13.2,34.6,38.0
202204010705,12.5 - 10.9 - 11.6 - 12.2 - 12.4 - 12.9 - 11.9 - 11.3 - 12.9,35.0,36.1
202204010706,12.8 - 11.6 - 12.6 - 13.3 - 12.5 - 12.5 - 12.9 - 13.7 - 14.7,37.0,41.3
202204010707,12.6 - 10.9 - 11.3 - 11.8 - 12.2 - 12.0 - 11.8 - 12.7,34.8,36.5
202204010708,11.9 - 10.7 - 11.7 - 12.4 - 12.1 - 13.5,34.3,38.0
202204010709,12.2 - 10.5 - 11.2 - 11.4 - 11.3 - 12.6,33.9,35.3
202204010710,12.9 - 11.4 - 11.8 - 12.3 - 13.1 - 13.4 - 12.6 - 12.1 - 12.4 - 11.7 - 12.6 - 12.6,36.1,36.9
202204010711,13.0 - 12.0 - 12.1 - 12.6 - 12.0 - 12.3 - 12.5 - 12.3 - 13.4,37.1,38.2
202204010712,12.2 - 10.8 - 11.2 - 11.2 - 11.2 - 12.8,34.2,35.2
202204010801,11.7 - 10.8 - 11.4 - 12.2 - 12.3 - 13.6,33.9,38.1
202204010802,12.0 - 10.4 - 11.2 - 11.7 - 11.7 - 12.9,33.6,36.3
202204010803,12.7 - 12.0 - 13.3 - 13.5 - 12.8 - 11.9 - 12.8 - 12.8 - 13.8,38.0,39.4
202204010805,11.7 - 10.7 - 11.2 - 12.3 - 12.7 - 13.8,33.6,38.8
202204010806,13.2 - 10.8 - 12.4 - 13.4 - 13.3 - 12.7 - 12.1 - 12.2 - 11.7 - 11.9 - 13.0,36.4,36.6
202204010807,12.8 - 11.2 - 12.4 - 12.6 - 12.4 - 12.3 - 13.3 - 13.1 - 13.8,36.4,40.2
202204010808,11.8 - 11.0 - 11.1 - 11.9 - 12.1 - 14.1,33.9,38.1
202204010809,12.7 - 10.7 - 11.2 - 11.5 - 11.7 - 12.2 - 12.7 - 12.1 - 11.5 - 13.1,34.6,36.7
202204010810,12.0 - 10.7 - 11.0 - 11.0 - 11.4 - 12.8,33.7,35.2
202204010811,12.5 - 10.6 - 11.4 - 11.9 - 12.2 - 11.4 - 11.1 - 12.9,34.5,35.4
202204010812,12.9 - 11.8 - 12.6 - 12.9 - 12.2 - 12.2 - 13.0 - 12.5 - 13.3,37.3,38.8
202204020101,13.1 - 11.2 - 11.9 - 12.0 - 13.1 - 12.4 - 11.5 - 10.8 - 12.1,36.2,34.4
202204020102,12.0 - 10.9 - 11.6 - 12.2 - 12.0 - 13.0,34.5,37.2
202204020103,12.3 - 10.6 - 11.0 - 11.8 - 12.1 - 11.3 - 11.8,33.9,35.2
202204020104,12.4 - 10.8 - 11.7 - 11.9 - 12.4 - 12.3 - 11.4 - 11.2 - 11.9,34.9,34.5
202204020105,13.2 - 12.2 - 12.8 - 13.1 - 12.5 - 10.9 - 10.2 - 10.9,38.2,32.0
202204020106,12.0 - 11.4 - 12.0 - 12.7 - 12.2 - 13.0,35.4,37.9
202204020107,12.4 - 10.7 - 12.1 - 13.2 - 13.0 - 12.6 - 13.1 - 12.2 - 12.7,35.2,38.0
202204020109,12.4 - 11.3 - 12.2 - 12.5 - 12.4 - 12.5 - 12.9 - 12.3 - 12.9,35.9,38.1
202204020110,12.3 - 11.1 - 11.3 - 11.6 - 11.7 - 11.0 - 11.0 - 11.7,34.7,33.7
202204020111,12.5 - 11.2 - 11.3 - 11.8 - 11.9 - 11.6 - 11.4 - 10.9 - 12.2,35.0,34.5
202204020112,11.8 - 10.0 - 10.4 - 11.0 - 11.9,32.2,33.3
202204020201,11.8 - 10.6 - 11.3 - 12.5 - 11.9 - 12.9,33.7,37.3
202204020202,12.6 - 11.4 - 11.5 - 12.1 - 12.5 - 11.8 - 10.9 - 11.6,35.5,34.3
202204020203,12.2 - 11.5 - 12.9 - 13.7 - 13.1 - 13.0 - 12.8 - 12.2 - 12.3,36.6,37.3
202204020204,12.5 - 10.8 - 11.2 - 12.5 - 13.4 - 12.5 - 11.9 - 12.5 - 12.2 - 11.6 - 12.0,34.5,35.8
202204020205,13.6 - 11.9 - 13.1 - 13.7 - 13.6 - 12.2 - 10.8 - 10.3 - 11.4,38.6,32.5
202204020206,12.9 - 10.9 - 11.5 - 12.1 - 12.1 - 11.2 - 11.8,35.3,35.1
202204020207,12.5 - 11.0 - 12.7 - 13.2 - 12.5 - 12.7 - 13.0 - 12.5 - 13.1,36.2,38.6
202204020208,11.8 - 10.8 - 11.2 - 12.1 - 11.7 - 12.9,33.8,36.7
202204020209,12.4 - 11.1 - 11.6 - 11.9 - 11.9 - 11.6 - 11.0 - 11.0 - 11.6,35.1,33.6
202204020210,12.8 - 11.5 - 11.4 - 12.1 - 12.5 - 12.4 - 11.9 - 11.1 - 10.8 - 11.6,35.7,33.5
202204020211,11.8 - 10.0 - 10.5 - 10.7 - 11.4,32.3,32.6
202204020212,11.9 - 10.8 - 11.5 - 12.7 - 11.7 - 12.6,34.2,37.0
202204020301,12.5 - 11.6 - 12.4 - 12.7 - 12.1 - 12.3 - 12.5 - 11.9 - 11.6 - 12.0,36.5,35.5
202204020302,11.9 - 10.9 - 11.3 - 11.9 - 11.8 - 13.3,34.1,37.0
202204020303,12.6 - 11.0 - 11.9 - 12.3 - 12.3 - 11.2 - 10.9 - 11.9,35.5,34.0
202204020304,12.6 - 11.0 - 12.4 - 13.3 - 12.4 - 12.8 - 13.3 - 13.2 - 13.5,36.0,40.0
202204020305,12.5 - 10.9 - 12.1 - 12.3 - 12.9 - 12.5 - 11.6 - 11.3 - 12.0,35.5,34.9
202204020306,12.5 - 11.3 - 12.6 - 13.1 - 12.8 - 11.5 - 11.0 - 11.4,36.4,33.9
202204020307,11.8 - 10.7 - 11.1 - 11.2 - 11.2 - 12.2,33.6,34.6
202204020308,12.4 - 10.8 - 11.5 - 12.1 - 12.3 - 12.6 - 13.7 - 13.0 - 13.3,34.7,40.0
202204020309,12.6 - 10.4 - 11.3 - 12.0 - 12.5 - 11.6 - 11.3,34.3,35.4
202204020310,12.6 - 10.9 - 12.5 - 13.2 - 12.2 - 11.9 - 12.7 - 12.4 - 13.1,36.0,38.2
202204020311,12.1 - 10.1 - 10.6 - 11.3 - 12.0 - 11.7 - 11.9,32.8,35.6
202204020312,12.3 - 10.9 - 12.0 - 12.6 - 12.6 - 12.7 - 13.5 - 13.2 - 12.9,35.2,39.6
202204020401,12.6 - 10.8 - 11.2 - 11.9 - 11.8 - 11.9 - 11.9,34.6,35.6
202204020402,12.5 - 11.5 - 12.3 - 12.2 - 12.1 - 11.5 - 11.6 - 11.7,36.3,34.8
202204020403,12.7 - 11.3 - 13.0 - 13.3 - 12.9 - 12.9 - 13.2 - 12.3 - 12.8,37.0,38.3
202204020404,12.7 - 11.1 - 12.2 - 12.6 - 11.8 - 12.0 - 12.1 - 11.8 - 11.9 - 11.9,36.0,35.6
202204020405,12.6 - 11.4 - 11.9 - 12.1 - 12.1 - 11.6 - 11.2 - 12.8,35.9,35.6
202204020406,12.5 - 11.0 - 13.5 - 13.4 - 12.9 - 12.9 - 13.2 - 12.5 - 13.0,37.0,38.7
202204020407,12.7 - 10.8 - 11.2 - 11.9 - 12.5 - 12.2 - 12.4 - 13.2 - 12.4 - 11.3 - 12.2,34.7,35.9
202204020408,11.4 - 10.4 - 11.1 - 12.6 - 12.5 - 12.8,32.9,37.9
202204020409,11.9 - 10.4 - 10.5 - 10.9 - 11.6,32.8,33.0
202204020410,12.8 - 11.2 - 11.7 - 12.0 - 12.3 - 12.3 - 12.0 - 11.2 - 11.2 - 11.8,35.7,34.2
202204020411,12.6 - 10.7 - 12.1 - 12.5 - 12.6 - 13.0 - 13.2 - 12.6 - 12.6,35.4,38.4
202204020412,12.3 - 11.2 - 12.0 - 12.1 - 11.9 - 11.0 - 11.1 - 11.8,35.5,33.9
202204030101,11.7 - 10.7 - 11.7 - 12.1 - 12.5 - 13.9,34.1,38.5
202204030102,12.5 - 11.1 - 11.9 - 12.7 - 13.0 - 12.5 - 11.6 - 11.2 - 11.7,35.5,34.5
202204030103,11.9 - 11.4 - 11.9 - 12.6 - 12.1 - 12.4,35.2,37.1
202204030104,12.4 - 11.1 - 12.7 - 13.2 - 12.5 - 12.6 - 12.9 - 12.8 - 13.1,36.2,38.8
202204030105,12.7 - 11.4 - 12.3 - 12.4 - 12.3 - 11.4 - 11.0 - 11.3,36.4,33.7
202204030106,12.8 - 10.9 - 12.0 - 12.6 - 12.9 - 11.5 - 11.3,35.7,35.7
202204030107,12.4 - 11.4 - 12.1 - 12.5 - 13.0 - 12.8 - 11.3 - 10.7 - 11.1,35.9,33.1
202204030108,12.6 - 11.2 - 12.8 - 13.1 - 12.9 - 12.9 - 13.0 - 12.1 - 12.3,36.6,37.4
202204030109,13.3 - 11.4 - 12.0 - 11.8 - 12.0 - 12.3 - 11.8 - 11.0 - 11.3 - 11.8,36.7,34.1
202204030110,12.5 - 10.6 - 11.6 - 11.9 - 12.3 - 11.2 - 12.1,34.7,35.6
202204030111,11.9 - 10.4 - 11.0 - 11.1 - 11.9,33.3,34.0
202204030112,12.2 - 11.7 - 12.3 - 12.3 - 11.5 - 11.9,36.2,35.7
202204030202,12.5 - 11.5 - 13.1 - 13.6 - 12.0 - 11.7 - 12.7 - 13.1 - 12.9,37.1,38.7
202204030203,12.1 - 10.5 - 11.3 - 11.8 - 11.5 - 11.9,33.9,35.2
202204030204,11.9 - 10.7 - 11.3 - 12.2 - 12.0 - 12.6,33.9,36.8
202204030205,12.6 - 11.9 - 12.7 - 13.3 - 13.3 - 12.7 - 11.6 - 11.3 - 11.4,37.2,34.3
202204030206,12.7 - 10.9 - 11.5 - 12.6 - 11.6 - 11.9 - 12.2 - 12.2 - 12.3 - 12.1,35.1,36.6
202204030207,11.9 - 10.4 - 10.8 - 11.2 - 12.2,33.1,34.2
202204030208,12.5 - 11.1 - 12.3 - 12.9 - 12.1 - 12.1 - 12.7 - 12.6 - 13.6,35.9,38.9
202204030209,11.8 - 10.5 - 11.1 - 12.3 - 12.1 - 12.4,33.4,36.8
202204030210,12.6 - 11.3 - 11.9 - 12.4 - 12.7 - 12.4 - 11.4 - 10.9 - 11.7,35.8,34.0
202204030211,12.7 - 11.4 - 12.1 - 12.2 - 11.9 - 10.8 - 10.6 - 11.6,36.2,33.0
202204030212,12.7 - 11.0 - 11.2 - 11.6 - 11.8 - 11.1 - 11.9,34.9,34.8
202204030302,12.9 - 11.2 - 12.2 - 13.2 - 13.1 - 12.7 - 12.9 - 12.8 - 13.7,36.3,39.4
202204030303,12.8 - 11.7 - 13.6 - 14.0 - 12.8 - 12.6 - 13.2 - 12.9 - 13.6,38.1,39.7
202204030305,12.4 - 11.0 - 11.8 - 12.3 - 11.5 - 11.8,35.2,35.6
202204030306,12.9 - 11.5 - 11.3 - 12.3 - 12.9 - 13.3 - 12.2 - 12.1 - 12.5 - 12.4 - 12.2 - 12.1,35.7,36.7
202204030307,12.6 - 11.1 - 11.8 - 12.3 - 12.4 - 11.6 - 11.2 - 12.3,35.5,35.1
202204030308,12.1 - 10.9 - 11.5 - 12.6 - 11.7 - 12.7,34.5,37.0
202204030309,12.8 - 11.5 - 12.7 - 13.3 - 12.5 - 12.3 - 12.6 - 12.2 - 12.6,37.0,37.4
202204030310,12.0 - 10.3 - 10.9 - 12.0 - 12.4 - 12.5,33.2,36.9
202204030311,13.0 - 11.0 - 11.5 - 12.9 - 13.7 - 12.6 - 12.4 - 12.3 - 11.8 - 11.5 - 11.7,35.5,35.0
202204030312,12.5 - 10.7 - 11.3 - 12.1 - 12.0 - 12.3 - 12.2 - 11.7 - 12.6,34.5,36.5
202204030401,12.9 - 11.3 - 12.6 - 13.0 - 12.5 - 11.4 - 10.9 - 11.8,36.8,34.1
202204030402,12.9 - 11.9 - 12.1 - 13.6 - 13.9 - 12.9 - 11.6 - 10.5 - 11.5,36.9,33.6
202204030403,12.6 - 10.7 - 11.5 - 11.5 - 12.4 - 11.1 - 12.1,34.8,35.6
202204030404,12.8 - 11.3 - 12.8 - 13.1 - 12.7 - 12.6 - 12.9 - 12.2 - 12.2,36.9,37.3
202204030405,12.5 - 12.9 - 12.9 - 13.2 - 13.3 - 12.4 - 11.3 - 10.4 - 11.3,38.3,33.0
202204030406,12.3 - 10.8 - 12.1 - 13.2 - 12.9 - 12.0 - 12.0 - 12.3 - 11.6 - 11.7,35.2,35.6
202204030407,12.2 - 11.2 - 11.5 - 12.2 - 11.9 - 12.8,34.9,36.9
202204030408,12.6 - 11.3 - 11.3 - 12.0 - 12.5 - 12.8 - 12.3 - 12.3 - 12.1 - 12.0 - 11.7 - 12.5,35.2,36.2
202204030409,12.0 - 10.2 - 10.6 - 10.7 - 11.8,32.8,33.1
202204030410,12.7 - 11.0 - 11.3 - 12.2 - 12.7 - 11.9 - 12.2 - 12.1 - 12.5 - 11.5 - 11.5,35.0,35.5
202204030411,11.7 - 10.7 - 11.1 - 12.1 - 12.3 - 12.2,33.5,36.6
202204030412,12.4 - 11.3 - 12.7 - 13.1 - 12.7 - 12.5 - 13.3 - 12.7 - 13.5,36.4,39.5
202204030501,12.4 - 10.7 - 11.6 - 12.4 - 12.2 - 11.7 - 11.1 - 12.5,34.7,35.3
202204030502,12.7 - 11.2 - 12.2 - 13.1 - 12.5 - 12.8 - 13.6 - 13.9 - 13.1,36.1,40.6
202204030503,12.0 - 10.8 - 11.1 - 12.4 - 12.7 - 13.3,33.9,38.4
202204030504,12.8 - 11.6 - 12.7 - 13.3 - 12.6 - 12.5 - 12.8 - 12.9 - 13.7,37.1,39.4
202204030505,12.8 - 11.9 - 12.6 - 13.2 - 13.1 - 12.9 - 11.3 - 10.7 - 11.7,37.3,33.7
202204030506,13.0 - 12.1 - 12.7 - 13.0 - 12.7 - 11.2 - 11.1 - 11.7,37.8,34.0
202204030507,12.2 - 10.5 - 11.1 - 12.0 - 11.2 - 12.0,33.8,35.2
202204030508,13.2 - 11.2 - 12.6 - 13.0 - 12.3 - 12.2 - 12.7 - 12.6 - 12.9,37.0,38.2
202204030509,11.9 - 10.8 - 11.4 - 12.2 - 12.2 - 12.7,34.1,37.1
202204030510,13.0 - 11.6 - 11.8 - 12.1 - 11.7 - 10.9 - 10.7 - 11.9,36.4,33.5
202204030511,12.7 - 10.6 - 12.1 - 12.8 - 12.4 - 12.5 - 13.0 - 12.9 - 12.5,35.4,38.4
202204030512,12.1 - 10.2 - 10.9 - 11.7 - 11.2 - 12.2,33.2,35.1
202204030602,12.8 - 10.9 - 12.4 - 13.2 - 12.9 - 12.5 - 12.9 - 12.1 - 12.1,36.1,37.1
202204030603,12.5 - 10.9 - 11.1 - 11.1 - 11.6,34.5,33.8
202204030604,12.8 - 11.0 - 12.0 - 13.2 - 12.1 - 12.0 - 12.2 - 12.3 - 11.9 - 11.3,35.8,35.5
202204030605,12.7 - 11.3 - 11.7 - 12.8 - 12.1 - 11.6 - 11.4 - 11.9,35.7,34.9
202204030606,12.1 - 10.8 - 11.6 - 12.4 - 12.5 - 13.8,34.5,38.7
202204030607,13.0 - 11.2 - 11.5 - 11.9 - 12.0 - 11.7 - 11.4 - 11.5 - 12.6,35.7,35.5
202204030608,12.7 - 11.3 - 12.6 - 13.2 - 12.7 - 12.6 - 12.9 - 12.3 - 12.4,36.6,37.6
202204030609,13.1 - 11.7 - 12.3 - 13.0 - 12.6 - 11.1 - 10.4 - 11.7,37.1,33.2
202204030610,12.5 - 10.6 - 11.2 - 11.5 - 11.7 - 11.1 - 12.4,34.3,35.2
202204030611,12.7 - 11.4 - 12.5 - 13.1 - 12.5 - 11.4 - 10.6 - 11.7,36.6,33.7
202204030612,12.1 - 10.9 - 11.5 - 12.3 - 11.9 - 12.5,34.5,36.7
202204030702,12.9 - 11.6 - 12.7 - 13.0 - 12.5 - 12.8 - 13.2 - 12.9 - 14.2,37.2,40.3
202204030703,12.1 - 10.7 - 11.4 - 12.6 - 12.3 - 12.9,34.2,37.8
202204030705,13.8 - 13.0 - 13.5 - 13.8 - 12.9 - 12.8 - 12.5 - 12.2 - 11.3 - 11.4,40.3,34.9
202204030706,12.8 - 10.6 - 11.5 - 12.4 - 12.2 - 11.7 - 11.3 - 12.3,34.9,35.3
202204030707,12.5 - 11.5 - 11.8 - 12.5 - 12.7 - 12.4 - 11.5 - 11.3 - 12.0,35.8,34.8
202204030708,11.9 - 10.5 - 11.5 - 12.4 - 11.9 - 12.6,33.9,36.9
202204030709,13.4 - 11.5 - 11.6 - 12.3 - 13.1 - 12.2 - 12.3 - 12.3 - 12.4 - 11.3 - 11.7,36.5,35.4
202204030710,13.1 - 11.6 - 12.2 - 12.1 - 12.9 - 12.8 - 12.0 - 11.4 - 11.0 - 11.8,36.9,34.2
202204030711,12.5 - 10.9 - 12.4 - 13.2 - 12.4 - 12.5 - 12.7 - 12.0 - 12.4,35.8,37.1
202204030712,13.1 - 11.4 - 12.1 - 12.6 - 12.4 - 11.0 - 10.7 - 11.9,36.6,33.6
202204030801,12.6 - 11.4 - 12.4 - 13.5 - 12.5 - 12.4 - 12.3 - 12.0 - 11.4 - 12.1,36.4,35.5
202204030802,12.7 - 10.6 - 11.4 - 12.1 - 12.3 - 11.4 - 12.2,34.7,35.9
202204030803,12.7 - 11.4 - 12.8 - 13.4 - 12.6 - 12.1 - 13.0 - 12.9 - 13.2,36.9,39.1
202204030804,13.2 - 11.1 - 12.0 - 12.4 - 13.5 - 12.7 - 12.7 - 12.5 - 12.5 - 11.0 - 11.8,36.3,35.3
202204030805,13.4 - 12.6 - 12.5 - 13.0 - 13.3 - 12.6 - 11.3 - 10.8 - 11.6,38.5,33.7
202204030806,12.6 - 10.8 - 11.7 - 12.5 - 12.7 - 11.5 - 11.9,35.1,36.1
202204030807,12.0 - 11.0 - 11.8 - 12.5 - 12.0 - 12.7,34.8,37.2
202204030808,12.9 - 11.2 - 12.5 - 13.3 - 12.6 - 12.6 - 13.6 - 12.3 - 12.7,36.6,38.6
202204030809,12.5 - 10.3 - 10.9 - 11.9 - 12.2 - 11.3 - 11.9,33.7,35.4
202204030810,12.7 - 11.1 - 12.6 - 13.1 - 12.4 - 12.3 - 12.6 - 12.3 - 12.8,36.4,37.7
202204030811,13.1 - 11.4 - 12.1 - 11.7 - 12.2 - 12.5 - 12.1 - 11.2 - 11.0 - 11.6,36.6,33.8
202204030812,11.9 - 10.3 - 10.6 - 10.7 - 11.6,32.8,32.9
202204040102,12.6 - 11.3 - 12.7 - 13.1 - 12.5 - 12.6 - 13.0 - 13.3 - 14.0,36.6,40.3
202204040103,12.2 - 11.1 - 11.9 - 12.8 - 12.8 - 13.4,35.2,39.0
202204040105,12.6 - 11.2 - 11.7 - 12.4 - 12.2 - 11.4 - 11.2 - 12.5,35.5,35.1
202204040106,7.4 - 12.2 - 13.0 - 13.9 - 13.6 - 13.2 - 13.4 - 13.6 - 12.7 - 12.2 - 12.7 - 12.5 - 13.2,32.6,38.4
202204040107,13.1 - 11.3 - 12.4 - 12.6 - 13.0 - 13.3 - 12.4 - 10.7 - 10.7 - 11.8,36.8,33.2
202204040108,12.3 - 11.0 - 12.5 - 13.0 - 12.5 - 12.3 - 13.3 - 13.3 - 13.5,35.8,40.1
202204040109,12.9 - 11.1 - 12.0 - 12.6 - 13.3 - 13.2 - 12.3 - 10.9 - 10.5 - 11.7,36.0,33.1
202204040110,11.8 - 10.7 - 11.5 - 11.9 - 11.3 - 11.5,34.0,34.7
202204040111,11.9 - 10.3 - 10.6 - 10.8 - 11.6,32.8,33.0
202204040112,11.8 - 11.0 - 11.3 - 12.1 - 12.0 - 13.0,34.1,37.1
202204040201,11.9 - 10.7 - 11.0 - 11.5 - 11.5 - 12.1,33.6,35.1
202204040202,12.3 - 11.0 - 12.3 - 13.4 - 12.9 - 12.6 - 12.5 - 12.4 - 11.2 - 11.7,35.6,35.3
202204040203,11.8 - 11.0 - 11.5 - 12.1 - 12.0 - 13.3,34.3,37.4
202204040204,12.6 - 11.4 - 13.2 - 13.7 - 13.4 - 11.5 - 10.5 - 11.5,37.2,33.5
202204040205,12.1 - 11.4 - 11.5 - 12.7 - 12.5 - 13.1,35.0,38.3
202204040206,12.7 - 11.4 - 12.8 - 13.5 - 12.7 - 12.0 - 12.7 - 12.5 - 12.9,36.9,38.1
202204040207,12.0 - 10.3 - 10.3 - 10.8 - 12.1,32.6,33.2
202204040208,12.6 - 12.0 - 12.9 - 13.4 - 12.6 - 11.9 - 12.9 - 12.4 - 12.7,37.5,38.0
202204040209,12.5 - 11.5 - 11.6 - 11.9 - 12.4 - 12.2 - 11.2 - 11.2 - 11.8,35.6,34.2
202204040210,12.6 - 11.2 - 12.8 - 13.5 - 12.5 - 12.2 - 12.7 - 12.2 - 12.5,36.6,37.4
202204040211,12.3 - 10.3 - 11.0 - 11.4 - 11.8 - 11.6 - 11.8,33.6,35.2
202204040212,11.8 - 11.0 - 11.3 - 12.3 - 12.0 - 13.0,34.1,37.3
202204040302,12.8 - 11.4 - 12.4 - 13.3 - 12.9 - 12.9 - 13.1 - 12.9 - 13.6,36.6,39.6
202204040303,12.1 - 11.0 - 11.8 - 12.6 - 12.5 - 13.4,34.9,38.5
202204040305,12.0 - 10.4 - 10.7 - 10.8 - 11.7,33.1,33.2
202204040306,13.1 - 11.1 - 12.8 - 13.2 - 12.4 - 12.3 - 12.7 - 13.0 - 13.7,37.0,39.4
202204040307,12.4 - 10.3 - 11.5 - 11.7 - 11.5 - 11.5 - 12.2,34.2,35.2
202204040308,11.9 - 10.8 - 11.6 - 12.3 - 12.0 - 12.5,34.3,36.8
202204040309,12.9 - 11.3 - 12.6 - 13.1 - 13.5 - 12.3 - 12.2 - 12.2 - 11.7 - 11.3 - 11.7,36.8,34.7
202204040310,12.4 - 11.2 - 11.7 - 12.0 - 12.4 - 11.8 - 11.6 - 11.1 - 12.3,35.3,35.0
202204040311,12.0 - 10.5 - 11.3 - 11.7 - 11.3 - 11.8,33.8,34.8
202204040312,12.0 - 11.0 - 11.4 - 12.1 - 12.0 - 13.4,34.4,37.5
202204040401,12.2 - 10.9 - 11.2 - 12.1 - 12.3 - 12.3 - 12.2 - 11.8 - 12.1,34.3,36.1
202204040402,12.6 - 11.1 - 11.8 - 12.2 - 12.0 - 11.5 - 11.0 - 12.2,35.5,34.7
202204040403,12.7 - 11.4 - 13.2 - 13.3 - 12.6 - 12.2 - 12.7 - 13.0 - 13.6,37.3,39.3
202204040405,12.8 - 11.7 - 13.7 - 14.3 - 13.3 - 12.5 - 13.2 - 12.6 - 12.8,38.2,38.6
202204040406,12.6 - 11.3 - 12.1 - 12.6 - 13.4 - 12.4 - 10.9 - 10.8 - 11.9,36.0,33.6
202204040407,11.9 - 10.8 - 11.6 - 12.5 - 12.3 - 13.0,34.3,37.8
202204040408,12.6 - 10.8 - 12.1 - 13.2 - 12.8 - 12.6 - 13.0 - 12.5 - 12.8,35.5,38.3
202204040409,12.7 - 11.4 - 12.2 - 12.5 - 12.1 - 11.4 - 11.4 - 12.3,36.3,35.1
202204040410,11.9 - 11.0 - 11.9 - 12.7 - 12.3 - 13.0,34.8,38.0
202204040411,12.9 - 11.0 - 11.9 - 12.6 - 13.1 - 12.7 - 12.6 - 12.6 - 11.8 - 11.5 - 11.8,35.8,35.1
202204040412,11.9 - 10.3 - 10.8 - 10.9 - 12.0,33.0,33.7
202204040502,13.0 - 11.2 - 12.7 - 13.9 - 12.9 - 12.8 - 13.8 - 13.2 - 13.6,36.9,40.6
202204040503,11.8 - 10.9 - 11.3 - 12.1 - 12.1 - 13.3,34.0,37.5
202204040505,12.5 - 10.6 - 11.2 - 11.9 - 12.4 - 11.7 - 12.3,34.3,36.4
202204040506,12.9 - 11.6 - 12.4 - 13.0 - 12.6 - 12.4 - 12.7 - 13.2 - 13.0,36.9,38.9
202204040507,12.0 - 10.5 - 11.0 - 10.9 - 11.5,33.5,33.4
202204040508,12.6 - 11.2 - 12.5 - 13.2 - 12.5 - 12.5 - 12.9 - 12.8 - 14.2,36.3,39.9
202204040509,12.4 - 11.4 - 11.4 - 12.3 - 13.0 - 13.2 - 12.5 - 12.5 - 12.3 - 12.2 - 11.3 - 12.5,35.2,36.0
202204040510,12.1 - 10.8 - 11.2 - 11.4 - 11.0 - 12.1,34.1,34.5
202204040511,13.1 - 11.5 - 12.1 - 12.3 - 12.4 - 12.5 - 11.9 - 11.3 - 11.2 - 11.8,36.7,34.3
202204040512,12.1 - 10.9 - 11.7 - 11.9 - 11.9 - 12.4,34.7,36.2
202204040601,12.5 - 11.2 - 12.2 - 13.3 - 12.2 - 12.3 - 12.3 - 12.3 - 12.2 - 12.5,35.9,37.0
202204040602,12.3 - 11.4 - 11.8 - 12.7 - 12.2 - 12.7,35.5,37.6
202204040603,12.8 - 11.6 - 12.1 - 12.9 - 12.9 - 12.8 - 13.2 - 12.9 - 13.9,36.5,40.0
202204040605,12.8 - 11.0 - 11.4 - 12.1 - 12.4 - 11.7 - 12.5,35.2,36.6
202204040606,11.8 - 11.2 - 11.7 - 12.1 - 11.9 - 12.7,34.7,36.7
202204040607,12.5 - 11.7 - 12.7 - 13.1 - 12.5 - 12.2 - 12.9 - 12.2 - 12.9,36.9,38.0
202204040608,12.2 - 11.0 - 11.6 - 12.7 - 12.0 - 12.5,34.8,37.2
202204040609,12.3 - 10.9 - 11.5 - 12.0 - 12.7 - 12.9 - 12.3 - 10.8 - 12.4,34.7,35.5
202204040610,13.0 - 12.2 - 12.8 - 13.2 - 12.3 - 12.1 - 12.4 - 12.1 - 12.9,38.0,37.4
202204040611,12.0 - 10.2 - 10.6 - 10.8 - 11.5,32.8,32.9
202204040612,12.5 - 10.7 - 11.4 - 12.1 - 12.1 - 11.6 - 12.5,34.6,36.2
202205010101,12.6 - 11.5 - 12.2 - 12.8 - 12.5 - 12.1 - 12.6,36.3,37.2
202205010102,12.6 - 11.2 - 11.8 - 12.2 - 12.6 - 12.9 - 13.3,35.6,38.8
202205010103,12.2 - 11.1 - 11.9 - 12.5 - 12.7 - 12.6 - 12.8 - 13.3,35.2,38.7
202205010104,12.0 - 11.1 - 11.6 - 12.0 - 12.3 - 12.5 - 12.5 - 12.9,34.7,37.9
202205010105,12.4 - 10.9 - 13.0 - 13.1 - 12.6 - 11.9 - 11.3 - 11.4 - 11.6,36.3,34.3
202205010106,13.0 - 11.9 - 12.4 - 12.8 - 12.9 - 11.4 - 11.5 - 11.7,37.3,34.6
202205010107,12.7 - 11.5 - 12.1 - 12.2 - 12.0 - 12.4 - 12.8,36.3,37.2
202205010108,7.1 - 11.7 - 13.4 - 13.3 - 12.7 - 12.3 - 12.3 - 12.3 - 11.9 - 12.2 - 12.6,32.2,36.7
202205010109,12.1 - 11.2 - 12.1 - 12.5 - 12.1 - 11.5 - 12.2 - 12.5,35.4,36.2
202205010110,12.6 - 11.5 - 12.1 - 12.3 - 11.0 - 11.0 - 11.3,36.2,33.3
202205010111,12.8 - 11.3 - 11.8 - 11.8 - 11.7 - 11.8 - 11.5 - 10.9 - 11.4 - 12.4,35.9,34.7
202205010112,12.4 - 10.6 - 10.9 - 11.4 - 11.7 - 12.0 - 12.2 - 11.7 - 12.5,33.9,36.4
202205010201,12.7 - 11.3 - 12.2 - 13.1 - 12.3 - 12.3 - 12.7,36.2,37.3
202205010202,7.0 - 12.2 - 13.5 - 12.9 - 12.7 - 12.8 - 13.0 - 13.1 - 12.7 - 12.3 - 12.5,32.7,37.5
202205010203,12.1 - 11.3 - 12.7 - 13.3 - 13.6 - 12.6 - 12.3 - 12.3,36.1,37.2
202205010204,12.3 - 11.0 - 11.5 - 12.7 - 12.9 - 12.6 - 12.6 - 12.4,34.8,37.6
202205010205,12.2 - 10.7 - 11.4 - 12.0 - 12.7 - 11.6 - 11.6 - 12.0,34.3,35.2
202205010206,13.0 - 11.8 - 12.2 - 12.4 - 12.7 - 12.8 - 11.5 - 11.2 - 11.5,37.0,34.2
202205010207,7.2 - 11.9 - 12.8 - 13.0 - 13.1 - 13.1 - 12.8 - 12.7 - 12.0 - 11.8 - 12.4,31.9,36.2
202205010208,12.7 - 11.8 - 12.2 - 12.5 - 11.8 - 11.6 - 12.0,36.7,35.4
202205010209,12.7 - 11.0 - 11.3 - 11.4 - 11.9 - 12.1 - 11.4 - 11.7 - 12.2,35.0,35.3
202205010210,13.0 - 11.9 - 11.6 - 11.6 - 11.5 - 10.6 - 11.7 - 12.0,36.5,34.3
202205010211,12.2 - 11.0 - 11.2 - 11.8 - 12.0 - 12.2 - 12.7,34.4,36.9
202205010212,13.0 - 11.1 - 11.4 - 11.6 - 12.2 - 12.0 - 12.0 - 11.4 - 11.6 - 11.9,35.5,34.9
202205010301,12.3 - 11.1 - 11.9 - 12.7 - 13.0 - 12.5 - 12.7,35.3,38.2
202205010302,7.0 - 11.4 - 12.0 - 12.5 - 12.4 - 12.1 - 12.9,30.4,37.4
202205010303,12.3 - 11.0 - 11.9 - 13.1 - 13.3 - 12.4 - 12.1 - 13.2,35.2,37.7
202205010304,12.4 - 11.1 - 12.2 - 12.5 - 12.0 - 12.1 - 13.0,35.7,37.1
202205010305,12.9 - 11.8 - 12.9 - 13.2 - 13.0 - 13.2 - 13.1 - 12.9 - 12.5 - 11.5 - 11.2 - 11.6,37.6,34.3
202205010306,12.6 - 11.4 - 12.8 - 12.8 - 12.7 - 12.2 - 11.2 - 11.6 - 11.8,36.8,34.6
202205010307,12.2 - 10.9 - 11.7 - 11.9 - 12.1 - 11.2 - 11.4 - 11.9,34.8,34.5
202205010308,12.4 - 11.4 - 11.9 - 12.5 - 13.0 - 12.4 - 12.2 - 12.6,35.7,37.2
202205010309,12.3 - 10.9 - 12.1 - 11.7 - 10.8 - 11.9 - 12.2,35.3,34.9
202205010310,12.3 - 10.7 - 10.8 - 11.2 - 11.1 - 12.3 - 12.1,33.8,35.5
202205010311,12.6 - 11.9 - 12.5 - 12.3 - 12.0 - 12.1 - 12.5 - 12.8 - 12.2 - 11.1 - 11.5 - 11.6,37.0,34.2
202205010312,12.3 - 10.9 - 11.8 - 12.5 - 13.0 - 12.4 - 12.3 - 12.6,35.0,37.3
202205010401,12.4 - 11.1 - 11.8 - 12.4 - 12.6 - 12.8 - 13.3,35.3,38.7
202205010402,7.1 - 11.0 - 13.4 - 13.3 - 13.0 - 12.9 - 13.1 - 13.3 - 12.9 - 12.6 - 12.9,31.5,38.4
202205010403,12.5 - 11.6 - 12.9 - 13.5 - 13.3 - 12.8 - 12.3 - 12.3,37.0,37.4
202205010404,12.4 - 11.6 - 12.0 - 12.7 - 12.8 - 12.0 - 12.5 - 12.6,36.0,37.1
202205010405,12.3 - 11.2 - 12.0 - 12.5 - 12.5 - 11.2 - 11.4 - 12.0,35.5,34.6
202205010406,12.4 - 11.6 - 12.3 - 12.8 - 13.2 - 11.2 - 11.6 - 11.9,36.3,34.7
202205010407,7.1 - 10.9 - 11.1 - 12.4 - 12.6 - 12.0 - 12.9,29.1,37.5
202205010408,12.7 - 11.3 - 12.4 - 12.9 - 12.2 - 12.6 - 12.4 - 11.2 - 11.3 - 12.1,36.4,34.6
202205010409,13.0 - 11.6 - 12.7 - 12.7 - 12.5 - 13.0 - 13.1 - 12.4 - 12.0 - 11.3 - 11.4 - 11.6,37.3,34.3
202205010410,12.4 - 11.1 - 12.1 - 12.7 - 12.3 - 11.9 - 12.1,35.6,36.3
202205010411,12.2 - 11.1 - 11.4 - 11.7 - 11.6 - 11.2 - 11.4 - 11.7,34.7,34.3
202205010412,7.1 - 10.9 - 11.2 - 11.8 - 11.9 - 12.7 - 12.6,29.2,37.2
202205010501,6.9 - 11.4 - 12.0 - 12.6 - 12.1 - 11.7 - 12.1,30.3,35.9
202205010502,12.8 - 11.1 - 11.9 - 12.5 - 12.6 - 11.8 - 12.8,35.8,37.2
202205010503,12.5 - 11.6 - 12.3 - 12.5 - 12.5 - 11.8 - 12.2 - 12.3,36.4,36.3
202205010504,12.2 - 10.8 - 11.3 - 12.0 - 12.2 - 11.9 - 12.4,34.3,36.5
202205010505,12.5 - 11.0 - 11.9 - 11.4 - 11.5 - 11.5 - 12.2,35.4,35.2
202205010506,12.7 - 11.6 - 11.7 - 12.2 - 12.5 - 12.6 - 11.4 - 11.4 - 12.0,36.0,34.8
202205010507,12.4 - 11.2 - 11.5 - 11.5 - 10.9 - 11.9 - 12.2,35.1,35.0
202205010508,6.8 - 11.0 - 12.7 - 12.6 - 12.6 - 12.8 - 12.7 - 12.4 - 11.8 - 12.0 - 12.5,30.5,36.3
202205010509,13.0 - 11.1 - 12.2 - 12.6 - 12.5 - 13.1 - 12.3 - 12.0 - 12.0 - 10.7 - 11.5 - 12.3,36.3,34.5
202205010510,12.2 - 11.1 - 11.6 - 11.7 - 10.8 - 11.7 - 12.0,34.9,34.5
202205010511,12.3 - 10.9 - 12.1 - 12.2 - 12.2 - 11.5 - 11.3 - 11.6,35.3,34.4
202205010512,12.1 - 11.0 - 11.6 - 12.2 - 12.5 - 12.1 - 11.8 - 12.5,34.7,36.4
202205010601,12.6 - 11.6 - 12.4 - 12.8 - 12.3 - 11.7 - 11.8,36.6,35.8
202205010602,7.0 - 11.0 - 12.6 - 12.4 - 12.4 - 12.2 - 12.8 - 13.4 - 12.9 - 12.7 - 12.5,30.6,38.1
202205010603,12.2 - 10.9 - 11.9 - 12.5 - 12.8 - 12.4 - 12.3 - 12.8,35.0,37.5
202205010604,12.6 - 11.6 - 12.6 - 12.9 - 13.1 - 12.1 - 11.8 - 12.2,36.8,36.1
202205010605,13.0 - 11.8 - 11.7 - 11.8 - 12.1 - 12.0 - 11.4 - 11.5 - 12.0,36.5,34.9
202205010606,13.1 - 11.6 - 12.5 - 12.4 - 12.7 - 12.8 - 12.8 - 12.6 - 12.3 - 11.3 - 11.6 - 12.5,37.2,35.4
202205010607,12.4 - 11.1 - 11.5 - 11.9 - 12.4 - 12.3 - 11.9 - 12.8,35.0,37.0
202205010608,12.1 - 11.1 - 11.8 - 12.4 - 12.6 - 11.0 - 11.7 - 12.0,35.0,34.7
202205010609,12.8 - 11.8 - 12.7 - 12.4 - 12.2 - 11.9 - 10.9 - 11.8 - 12.2,37.3,34.9
202205010610,12.5 - 10.9 - 11.2 - 11.9 - 11.4 - 11.9 - 12.4,34.6,35.7
202205010611,12.7 - 11.3 - 12.1 - 12.5 - 12.5 - 12.5 - 11.3 - 11.2 - 11.8,36.1,34.3
202205010612,12.2 - 10.6 - 11.6 - 12.1 - 11.9 - 12.2 - 13.0,34.4,37.1
202205010701,12.6 - 11.7 - 12.3 - 12.6 - 12.2 - 12.3 - 12.1,36.6,36.6
202205010702,12.5 - 11.0 - 12.3 - 12.7 - 12.4 - 12.3 - 12.5,35.8,37.2
202205010703,12.4 - 11.0 - 11.6 - 12.3 - 12.6 - 12.5 - 12.5 - 13.2,35.0,38.2
202205010704,12.8 - 12.2 - 12.8 - 13.4 - 13.1 - 12.2 - 12.3 - 12.9,37.8,37.4
202205010705,12.9 - 11.6 - 12.9 - 13.0 - 12.9 - 12.9 - 12.3 - 12.2 - 12.0 - 11.1 - 12.1 - 12.1,37.4,35.3
202205010706,12.7 - 11.7 - 12.5 - 12.9 - 12.8 - 11.3 - 11.0 - 11.6,36.9,33.9
202205010707,12.3 - 11.0 - 12.3 - 12.8 - 13.0 - 12.2 - 12.5 - 12.5,35.6,37.2
202205010708,6.9 - 11.5 - 12.6 - 12.4 - 12.6 - 12.8 - 12.5 - 12.3 - 12.2 - 12.8 - 12.9,31.0,37.9
202205010709,13.4 - 12.1 - 12.4 - 12.2 - 12.2 - 12.4 - 12.0 - 11.2 - 11.4 - 11.9,37.9,34.5
202205010710,7.1 - 11.6 - 12.3 - 12.1 - 12.2 - 13.2 - 13.2 - 12.6 - 11.9 - 11.9 - 12.5,31.0,36.3
202205010711,13.0 - 11.7 - 12.4 - 12.5 - 12.0 - 12.1 - 12.4 - 13.1 - 13.0 - 12.7 - 12.7 - 12.6 - 12.2 - 12.2 - 11.4 - 11.9 - 12.2,37.1,35.5
202205010712,12.9 - 10.9 - 11.9 - 12.4 - 12.5 - 12.1 - 11.3 - 11.3 - 11.9,35.7,34.5
202205010801,12.3 - 11.1 - 12.1 - 12.5 - 12.3 - 11.7 - 12.2,35.5,36.2
202205010802,7.2 - 11.4 - 13.3 - 13.1 - 12.9 - 13.1 - 13.4 - 13.2 - 12.1 - 11.7 - 11.9,31.9,35.7
202205010803,12.8 - 11.3 - 12.0 - 12.3 - 12.0 - 12.1 - 12.7,36.1,36.8
202205010804,12.9 - 11.3 - 11.7 - 12.8 - 13.2 - 12.7 - 11.5 - 11.4 - 11.5,35.9,34.4
202205010805,12.2 - 10.9 - 11.1 - 12.0 - 12.2 - 11.2 - 12.1 - 12.7,34.2,36.0
202205010806,12.3 - 10.9 - 12.0 - 12.5 - 11.8 - 11.7 - 12.4,35.2,35.9
202205010807,12.7 - 10.8 - 11.4 - 11.6 - 12.0 - 12.2 - 11.7 - 12.3 - 12.6,34.9,36.6
202205010808,12.3 - 10.8 - 11.3 - 11.7 - 11.3 - 12.0 - 12.6,34.4,35.9
202205010809,12.4 - 11.1 - 11.7 - 12.2 - 12.1 - 11.7 - 11.9 - 12.2,35.2,35.8
202205010810,13.0 - 11.4 - 12.0 - 12.2 - 12.6 - 12.1 - 12.0 - 10.9 - 11.7 - 12.2,36.4,34.8
202205010811,12.2 - 11.0 - 11.3 - 12.3 - 12.4 - 11.6 - 11.2 - 11.8,34.5,34.6
202205010812,12.3 - 11.3 - 12.1 - 12.6 - 11.8 - 11.6 - 12.0,35.7,35.4
202205020101,12.3 - 11.1 - 11.6 - 12.7 - 12.3 - 12.1 - 12.4 - 13.1,35.0,37.6
202205020102,12.6 - 11.0 - 11.7 - 12.3 - 11.9 - 12.0 - 13.3,35.3,37.2
202205020103,7.2 - 11.2 - 13.2 - 12.8 - 12.9 - 13.4 - 13.2 - 12.7 - 12.1 - 12.1 - 12.7,31.6,36.9
202205020104,12.8 - 12.4 - 12.4 - 12.5 - 12.0 - 12.2 - 12.2 - 11.3 - 11.4 - 11.6,37.6,34.3
202205020105,12.5 - 10.7 - 11.3 - 11.5 - 12.2 - 11.6 - 11.7 - 12.0,34.5,35.3
202205020106,12.2 - 10.7 - 11.6 - 12.1 - 12.3 - 12.3 - 12.2 - 12.3,34.5,36.8
202205020107,12.6 - 11.5 - 12.4 - 12.3 - 11.9 - 11.8 - 12.7,36.5,36.4
202205020108,12.3 - 10.8 - 11.1 - 11.3 - 11.2 - 11.7 - 12.4,34.2,35.3
202205020109,6.9 - 10.8 - 12.6 - 13.3 - 12.7 - 12.8 - 13.0 - 11.8 - 11.5 - 11.1 - 11.3 - 12.2,30.3,34.6
202205020110,12.2 - 10.7 - 11.4 - 11.7 - 11.0 - 11.5 - 11.5,34.3,34.0
202205020111,12.3 - 10.7 - 11.5 - 12.0 - 12.3 - 12.3 - 11.8 - 12.5,34.5,36.6
202205020112,12.6 - 11.7 - 12.5 - 12.6 - 11.8 - 11.1 - 11.4,36.8,34.3
202205020201,12.7 - 11.3 - 12.5 - 12.9 - 12.4 - 12.1 - 12.4,36.5,36.9
202205020202,12.2 - 11.4 - 12.1 - 12.7 - 12.8 - 12.6 - 12.4 - 12.8,35.7,37.8
202205020203,12.5 - 11.3 - 12.0 - 12.1 - 11.1 - 11.5 - 11.7,35.8,34.3
202205020204,12.7 - 11.4 - 11.4 - 12.1 - 12.2 - 12.4 - 12.0 - 11.4 - 11.7,35.5,35.1
202205020205,12.5 - 10.9 - 12.4 - 13.0 - 12.6 - 12.8 - 13.1 - 12.7 - 12.4 - 11.1 - 11.5 - 12.1,35.8,34.7
202205020206,12.2 - 10.6 - 11.4 - 12.5 - 12.6 - 12.3 - 12.6,34.2,37.5
202205020207,12.3 - 11.4 - 11.9 - 12.2 - 12.2 - 11.9 - 12.6 - 13.2,35.6,37.7
202205020208,12.7 - 11.6 - 12.5 - 12.3 - 12.1 - 11.0 - 11.0 - 11.5,36.8,33.5
202205020209,12.7 - 11.2 - 11.6 - 11.6 - 11.7 - 11.9 - 11.8 - 11.5 - 12.4,35.5,35.7
202205020210,12.5 - 11.3 - 11.6 - 11.8 - 12.0 - 11.6 - 12.0,35.4,35.6
202205020211,12.9 - 11.6 - 11.4 - 11.8 - 12.5 - 12.6 - 12.8 - 11.6 - 11.4 - 11.8,35.9,34.8
202205020212,12.0 - 10.5 - 11.0 - 12.2 - 12.7 - 12.7 - 12.4 - 12.4,33.5,37.5
202205020301,12.5 - 11.0 - 11.8 - 12.6 - 12.4 - 11.9 - 12.3,35.3,36.6
202205020302,12.3 - 11.3 - 11.8 - 11.9 - 12.6 - 12.2 - 12.0 - 12.5,35.4,36.7
202205020303,6.9 - 11.4 - 11.8 - 12.8 - 12.1 - 11.8 - 12.4,30.1,36.3
202205020304,12.4 - 11.3 - 12.0 - 12.3 - 12.6 - 11.6 - 11.3 - 11.2,35.7,34.1
202205020305,12.9 - 11.9 - 11.9 - 11.7 - 12.3 - 12.5 - 12.7 - 11.8 - 11.5 - 12.0,36.7,35.3
202205020306,11.9 - 11.2 - 11.6 - 11.6 - 11.8 - 11.9 - 12.2 - 12.6,34.7,36.7
202205020307,13.0 - 12.1 - 11.5 - 11.8 - 12.0 - 12.3 - 13.5 - 13.0 - 12.1 - 11.2 - 11.5 - 12.0,36.6,34.7
202205020308,12.6 - 11.5 - 12.3 - 12.9 - 12.9 - 12.2 - 11.5 - 12.0,36.4,35.7
202205020309,7.0 - 10.7 - 12.0 - 12.5 - 12.5 - 13.0 - 13.1 - 12.2 - 12.0 - 11.5 - 11.6,29.7,35.1
202205020310,12.9 - 11.2 - 11.3 - 11.4 - 11.9 - 11.8 - 12.0 - 11.6 - 11.8 - 12.2,35.4,35.6
202205020311,12.7 - 11.3 - 11.5 - 11.5 - 11.9 - 12.3 - 12.7 - 12.4 - 12.4 - 11.7 - 11.9 - 11.9,35.5,35.5
202205020312,7.1 - 11.5 - 13.0 - 13.0 - 12.7 - 12.4 - 12.7 - 12.5 - 11.8 - 11.7 - 11.8,31.6,35.3
202205020401,12.3 - 11.2 - 11.9 - 12.5 - 12.7 - 12.4 - 12.3 - 12.8,35.4,37.5
202205020402,12.4 - 11.1 - 11.8 - 12.6 - 12.6 - 12.3 - 13.0,35.3,37.9
202205020403,7.0 - 11.5 - 12.8 - 12.9 - 12.9 - 13.3 - 13.7 - 13.4 - 12.5 - 11.6 - 12.6,31.3,36.7
202205020404,12.4 - 11.0 - 11.1 - 12.3 - 11.7 - 11.4 - 12.2,34.5,35.3
202205020405,13.2 - 11.6 - 12.5 - 12.9 - 12.7 - 12.5 - 11.4 - 11.0 - 11.8,37.3,34.2
202205020406,12.5 - 11.3 - 12.4 - 12.6 - 12.7 - 11.4 - 11.2 - 11.4,36.2,34.0
202205020407,12.5 - 11.3 - 11.7 - 11.9 - 12.1 - 12.2 - 12.4,35.5,36.7
202205020408,12.4 - 11.0 - 12.1 - 12.0 - 12.2 - 11.7 - 11.3 - 11.8,35.5,34.8
202205020409,12.7 - 11.6 - 11.5 - 11.7 - 11.7 - 12.0 - 12.7 - 12.8 - 12.8 - 12.2 - 12.7 - 12.9,35.8,37.8
202205020410,6.8 - 11.3 - 11.8 - 11.9 - 11.7 - 12.3 - 12.4 - 12.4 - 12.3 - 11.8 - 12.4,29.9,36.5
202205020411,12.6 - 11.0 - 11.9 - 12.0 - 12.1 - 12.6 - 12.1 - 12.2 - 12.4,35.5,36.7
202205020412,7.0 - 10.9 - 11.4 - 11.6 - 11.7 - 11.7 - 12.3,29.3,35.7
202205020501,12.4 - 11.0 - 11.9 - 12.6 - 13.0 - 12.6 - 12.2 - 12.7,35.3,37.5
202205020502,7.1 - 11.3 - 11.6 - 12.1 - 12.4 - 12.4 - 12.9,30.0,37.7
202205020503,12.8 - 11.8 - 12.5 - 12.4 - 12.0 - 12.0 - 12.5,37.1,36.5
202205020504,12.5 - 11.1 - 12.0 - 12.1 - 12.2 - 11.5 - 11.4 - 11.9,35.6,34.8
202205020505,7.2 - 11.5 - 12.8 - 13.1 - 13.1 - 13.0 - 13.0 - 13.3 - 12.9 - 12.2 - 12.4,31.5,37.5
202205020506,12.4 - 11.2 - 12.2 - 12.6 - 12.4 - 12.1 - 12.5,35.8,37.0
202205020507,12.3 - 11.4 - 12.0 - 12.1 - 10.9 - 11.1 - 11.9,35.7,33.9
202205020508,12.6 - 11.6 - 11.9 - 12.6 - 12.9 - 12.2 - 11.6 - 12.7,36.1,36.5
202205020509,13.4 - 11.8 - 11.8 - 12.3 - 13.0 - 11.9 - 11.6 - 11.0 - 11.5 - 12.1,37.0,34.6
202205020510,12.4 - 11.4 - 12.0 - 12.2 - 12.4 - 12.0 - 11.5 - 12.1,35.8,35.6
202205020511,12.6 - 11.2 - 11.9 - 12.1 - 12.1 - 12.4 - 11.9 - 11.2 - 11.7 - 11.9,35.7,34.8
202205020512,12.4 - 11.3 - 11.5 - 11.9 - 11.1 - 11.2 - 11.8,35.2,34.1
202205020601,12.7 - 11.2 - 11.7 - 12.4 - 12.7 - 12.7 - 12.9,35.6,38.3
202205020602,12.8 - 11.0 - 12.0 - 12.7 - 13.1 - 12.5 - 12.4 - 13.1,35.8,38.0
202205020603,7.3 - 11.5 - 12.5 - 12.9 - 12.9 - 12.8 - 13.2 - 12.6 - 12.6 - 11.1 - 11.2 - 11.7,31.3,34.0
202205020604,12.8 - 10.8 - 11.5 - 12.4 - 12.2 - 12.5 - 11.7 - 11.5 - 11.8,35.1,35.0
202205020605,12.4 - 11.5 - 12.0 - 12.7 - 12.8 - 12.3 - 11.9 - 12.1,35.9,36.3
202205020606,7.0 - 11.0 - 11.9 - 12.6 - 12.0 - 11.8 - 12.3,29.9,36.1
202205020607,12.9 - 11.9 - 12.2 - 12.1 - 12.1 - 12.3 - 12.2 - 11.3 - 11.0 - 12.0,37.0,34.3
202205020608,12.6 - 11.1 - 11.7 - 12.1 - 11.9 - 12.0 - 12.2,35.4,36.1
202205020609,12.5 - 11.1 - 11.5 - 11.4 - 11.5 - 11.0 - 11.5 - 11.8,35.1,34.3
202205020610,13.0 - 11.3 - 12.7 - 12.8 - 12.6 - 12.9 - 12.6 - 11.6 - 11.5 - 11.1 - 11.5 - 12.3,37.0,34.9
202205020611,12.2 - 10.5 - 11.4 - 11.5 - 11.8 - 11.1 - 11.5 - 12.3,34.1,34.9
202205020612,11.9 - 11.3 - 12.2 - 12.3 - 12.3 - 12.0 - 12.4 - 12.1,35.4,36.5
202205020701,12.2 - 10.9 - 11.8 - 12.3 - 12.5 - 12.1 - 11.9 - 12.2,34.9,36.2
202205020702,12.3 - 11.1 - 11.9 - 12.3 - 12.3 - 12.3 - 12.1 - 12.2,35.3,36.6
202205020703,7.0 - 10.9 - 11.4 - 12.2 - 12.3 - 12.1 - 12.4,29.3,36.8
202205020704,12.7 - 11.2 - 11.5 - 11.7 - 11.8 - 12.0 - 11.6 - 11.4 - 12.3,35.4,35.3
202205020705,12.4 - 11.1 - 11.6 - 11.9 - 12.3 - 11.4 - 11.4 - 12.5,35.1,35.3
202205020706,12.3 - 10.7 - 11.5 - 12.1 - 12.2 - 12.0 - 12.4,34.5,36.6
202205020707,7.0 - 11.0 - 11.8 - 12.1 - 12.9 - 12.6 - 12.6 - 12.3 - 11.8 - 11.9 - 12.4,29.8,36.1
202205020708,12.2 - 11.2 - 12.0 - 11.8 - 12.0 - 11.4 - 11.2 - 12.1,35.4,34.7
202205020709,12.3 - 10.9 - 12.0 - 12.3 - 11.9 - 11.3 - 11.8,35.2,35.0
202205020710,12.7 - 11.4 - 12.2 - 12.1 - 12.5 - 12.3 - 12.4 - 11.8 - 11.8 - 11.5 - 11.8 - 11.8,36.3,35.1
202205020711,12.3 - 10.9 - 11.2 - 11.4 - 10.9 - 11.3 - 12.2,34.4,34.4
202205020712,12.0 - 10.9 - 11.7 - 12.0 - 11.9 - 11.9 - 12.1 - 12.5,34.6,36.5
202205020801,12.7 - 11.3 - 12.0 - 12.3 - 12.2 - 11.9 - 12.3,36.0,36.4
202205020802,12.3 - 10.9 - 12.1 - 12.9 - 12.7 - 12.6 - 12.3 - 12.2,35.3,37.1
202205020803,13.0 - 12.1 - 12.4 - 12.1 - 12.1 - 12.3 - 12.1 - 11.2 - 11.8 - 11.9,37.5,34.9
202205020804,12.4 - 10.7 - 11.4 - 12.5 - 11.8 - 11.3 - 11.8,34.5,34.9
202205020805,12.9 - 11.9 - 11.6 - 11.9 - 11.9 - 12.1 - 11.2 - 11.2 - 11.7,36.4,34.1
202205020806,7.4 - 11.5 - 13.1 - 13.2 - 12.9 - 13.0 - 12.8 - 12.7 - 12.2 - 11.6 - 11.8,32.0,35.6
202205020807,12.8 - 12.0 - 12.6 - 12.7 - 12.6 - 11.7 - 11.7 - 12.2,37.4,35.6
202205020808,12.8 - 11.6 - 12.0 - 11.7 - 11.6 - 11.1 - 11.2 - 11.8,36.4,34.1
202205020809,12.9 - 11.7 - 12.3 - 12.4 - 11.9 - 11.7 - 11.2 - 11.0 - 11.6,36.9,33.8
202205020810,12.1 - 11.0 - 11.9 - 12.0 - 12.1 - 11.9 - 12.1 - 12.4,35.0,36.4
202205020811,12.5 - 10.8 - 11.4 - 11.6 - 11.7 - 11.1 - 11.3 - 11.8,34.7,34.2
202205020812,12.4 - 10.9 - 11.6 - 12.0 - 12.0 - 11.8 - 12.2,34.9,36.0
202205020901,12.2 - 11.0 - 12.1 - 12.5 - 12.9 - 12.8 - 12.0 - 12.3,35.3,37.1
202205020902,7.1 - 11.0 - 11.6 - 12.2 - 12.2 - 12.4 - 12.7,29.7,37.3
202205020903,12.6 - 11.5 - 12.5 - 13.1 - 12.6 - 12.0 - 12.2,36.6,36.8
202205020904,13.2 - 12.0 - 13.0 - 13.1 - 12.7 - 12.1 - 11.7 - 12.8 - 12.1 - 11.7 - 11.7 - 12.2,38.2,35.6
202205020905,7.2 - 11.0 - 12.3 - 13.0 - 12.6 - 12.6 - 12.8 - 12.6 - 12.8 - 13.1 - 13.2,30.5,39.1
202205020906,12.3 - 10.8 - 11.7 - 12.0 - 11.9 - 11.5 - 11.4 - 12.3,34.8,35.2
202205020907,12.1 - 11.4 - 12.0 - 12.2 - 11.5 - 11.2 - 11.7,35.5,34.4
202205020908,12.5 - 11.2 - 12.2 - 12.3 - 12.1 - 11.6 - 12.5,35.9,36.2
202205020909,12.5 - 11.5 - 11.9 - 12.1 - 12.2 - 12.1 - 11.6 - 11.1 - 12.0,35.9,34.7
202205020910,12.8 - 11.5 - 12.0 - 11.9 - 10.9 - 11.2 - 11.8,36.3,33.9
202205020911,12.9 - 11.5 - 12.2 - 12.3 - 11.6 - 11.5 - 11.1 - 11.4 - 11.8,36.6,34.3
202205020912,12.1 - 10.7 - 11.6 - 12.3 - 12.2 - 12.2 - 12.4 - 12.7,34.4,37.3
202205021001,12.4 - 11.4 - 11.8 - 12.4 - 12.3 - 12.2 - 12.6,35.6,37.1
202205021002,12.2 - 11.4 - 12.3 - 12.8 - 12.7 - 12.3 - 12.0 - 12.1,35.9,36.4
202205021003,12.4 - 11.1 - 11.3 - 11.6 - 11.0 - 11.9 - 12.3,34.8,35.2
202205021004,13.2 - 12.1 - 12.2 - 12.2 - 12.6 - 12.5 - 12.4 - 11.2 - 11.7 - 12.0,37.5,34.9
202205021005,12.3 - 10.9 - 12.0 - 12.4 - 12.2 - 11.7 - 12.3,35.2,36.2
202205021006,12.3 - 11.6 - 11.8 - 12.1 - 12.5 - 11.6 - 12.1 - 12.9,35.7,36.6
202205021007,13.2 - 11.2 - 12.3 - 12.9 - 12.7 - 12.8 - 12.8 - 12.2 - 12.1 - 11.7 - 11.1 - 12.3,36.7,35.1
202205021008,7.2 - 11.6 - 12.9 - 12.9 - 12.5 - 12.7 - 12.9 - 12.7 - 12.0 - 11.9 - 12.4,31.7,36.3
202205021009,12.9 - 11.4 - 11.8 - 12.0 - 11.8 - 11.9 - 11.3 - 11.6 - 12.0,36.1,34.9
202205021010,12.6 - 10.9 - 11.3 - 11.8 - 11.3 - 11.2 - 11.8,34.8,34.3
202205021011,12.4 - 11.0 - 11.9 - 12.6 - 12.7 - 12.5 - 12.3 - 12.1 - 11.6 - 11.3 - 11.7 - 11.8,35.3,34.8
202205021012,7.1 - 10.8 - 11.9 - 12.4 - 12.3 - 12.5 - 12.7 - 12.7 - 12.4 - 12.5 - 12.6,29.8,37.5
202205021101,12.5 - 11.2 - 11.8 - 12.3 - 12.4 - 12.7 - 12.5 - 12.9,35.5,38.1
202205021102,12.4 - 10.9 - 11.6 - 12.0 - 12.4 - 12.5 - 12.9,34.9,37.8
202205021103,12.9 - 11.2 - 12.2 - 12.7 - 12.3 - 12.3 - 11.2 - 11.1 - 11.8,36.3,34.1
202205021104,6.9 - 10.8 - 10.9 - 11.9 - 12.1 - 12.4 - 13.1,28.6,37.6
202205021105,13.0 - 12.2 - 12.3 - 12.1 - 11.6 - 11.5 - 11.8 - 11.2 - 11.7 - 12.2,37.5,35.1
202205021106,12.5 - 11.2 - 11.7 - 11.8 - 11.4 - 11.3 - 11.6,35.4,34.3
202205021107,13.5 - 13.1 - 13.7 - 13.6 - 13.2 - 12.7 - 12.9 - 12.7 - 12.5 - 11.1 - 11.0 - 11.6,40.3,33.7
202205021108,12.9 - 11.8 - 12.7 - 12.8 - 12.5 - 12.0 - 11.6 - 11.8,37.4,35.4
202205021109,12.3 - 11.1 - 11.6 - 12.0 - 12.0 - 12.0 - 12.4,35.0,36.4
202205021110,13.0 - 12.0 - 12.0 - 11.9 - 11.7 - 11.0 - 10.9 - 11.7,37.0,33.6
202205021111,12.3 - 11.3 - 12.1 - 12.4 - 11.9 - 11.2 - 11.7,35.7,34.8
202205021112,12.4 - 11.6 - 12.2 - 12.1 - 12.2 - 12.0 - 12.0 - 12.2,36.2,36.2
202205021201,12.4 - 11.0 - 12.1 - 12.7 - 12.6 - 12.4 - 12.2 - 12.1,35.5,36.7
202205021202,12.6 - 11.4 - 12.2 - 12.6 - 12.2 - 12.1 - 12.5,36.2,36.8
202205021203,7.3 - 11.3 - 13.0 - 13.3 - 12.9 - 13.1 - 12.9 - 12.1 - 12.3 - 12.4 - 13.0,31.6,37.7
202205021204,12.5 - 10.9 - 11.6 - 11.7 - 11.8 - 11.6 - 11.7 - 11.9,35.0,35.2
202205021205,12.2 - 10.8 - 11.7 - 12.2 - 12.4 - 12.4 - 12.0 - 12.7,34.7,37.1
202205021206,12.3 - 10.9 - 11.2 - 11.9 - 12.2 - 12.5 - 13.4,34.4,38.1
202205021207,12.7 - 11.1 - 11.8 - 12.4 - 12.1 - 11.7 - 11.2 - 11.1 - 11.9,35.6,34.2
202205021208,13.2 - 12.3 - 13.1 - 13.0 - 12.7 - 11.9 - 12.1 - 12.1 - 11.7 - 11.3 - 11.2 - 11.9,38.6,34.4
202205021209,12.6 - 11.1 - 11.6 - 12.1 - 12.4 - 12.1 - 11.6 - 12.3,35.3,36.0
202205021210,12.8 - 11.2 - 11.5 - 11.8 - 12.2 - 11.8 - 11.1 - 11.3 - 11.7,35.5,34.1
202205021211,12.5 - 10.8 - 11.8 - 12.0 - 11.8 - 11.7 - 12.3 - 12.0 - 11.8 - 11.5 - 11.7 - 12.0,35.1,35.2
202205021212,7.2 - 11.4 - 11.7 - 12.9 - 13.1 - 12.4 - 12.8 - 12.3 - 11.9 - 11.7 - 11.3 - 11.2 - 12.2,30.3,34.7
202205030102,12.6 - 10.9 - 11.8 - 12.7 - 12.7 - 12.6 - 12.6,35.3,37.9
202205030103,12.5 - 11.1 - 12.4 - 12.4 - 12.6 - 12.6 - 12.0 - 12.1,36.0,36.7
202205030104,12.4 - 10.8 - 11.4 - 11.9 - 11.5 - 11.4 - 11.7,34.6,34.6
202205030105,12.7 - 11.1 - 12.3 - 12.8 - 12.7 - 11.4 - 11.2 - 11.1,36.1,33.7
202205030106,7.0 - 11.4 - 12.2 - 12.3 - 12.3 - 11.8 - 12.0,30.6,36.1
202205030107,13.2 - 12.7 - 12.8 - 12.6 - 12.5 - 12.2 - 12.2 - 11.0 - 11.0 - 11.8,38.7,33.8
202205030108,12.3 - 11.6 - 12.0 - 11.7 - 12.1 - 12.5 - 12.1 - 12.5,35.9,37.1
202205030109,12.9 - 11.3 - 12.4 - 12.2 - 12.3 - 12.2 - 12.2 - 12.1 - 12.0 - 12.4 - 11.9 - 12.0,36.6,36.3
202205030110,12.4 - 10.9 - 11.2 - 11.3 - 11.2 - 11.5 - 11.6,34.5,34.3
202205030111,12.4 - 11.4 - 11.8 - 11.9 - 11.9 - 11.9 - 11.6 - 12.6,35.6,36.1
202205030112,12.2 - 10.8 - 11.3 - 12.0 - 12.3 - 12.6 - 13.0,34.3,37.9
202205030201,12.5 - 11.5 - 12.5 - 12.7 - 12.9 - 12.0 - 11.9 - 12.3,36.5,36.2
202205030202,7.1 - 11.2 - 12.1 - 12.3 - 12.7 - 12.8 - 13.4 - 12.8 - 12.8 - 12.4 - 12.5,30.4,37.7
202205030203,12.7 - 11.5 - 12.4 - 12.5 - 12.0 - 11.9 - 12.6,36.6,36.5
202205030204,12.9 - 12.2 - 12.3 - 12.6 - 12.7 - 12.5 - 12.2 - 11.3 - 11.4 - 11.8,37.4,34.5
202205030205,13.3 - 12.3 - 12.8 - 12.8 - 12.4 - 11.2 - 11.0 - 11.1,38.4,33.3
202205030206,12.8 - 11.7 - 11.9 - 12.1 - 11.2 - 11.4 - 11.9,36.4,34.5
202205030207,12.3 - 11.1 - 11.8 - 12.2 - 12.1 - 12.3 - 12.2,35.2,36.6
202205030208,12.2 - 11.2 - 11.3 - 11.6 - 11.6 - 11.2 - 11.7 - 12.0,34.7,34.9
202205030209,13.8 - 12.5 - 12.3 - 12.3 - 12.7 - 12.3 - 12.0 - 11.1 - 10.9 - 11.4,38.6,33.4
202205030210,12.4 - 11.2 - 11.3 - 11.7 - 11.7 - 11.7 - 12.3,34.9,35.7
202205030211,12.2 - 11.0 - 11.5 - 12.0 - 12.0 - 11.2 - 11.0 - 11.4,34.7,33.6
202205030212,12.8 - 11.4 - 12.0 - 12.3 - 12.3 - 12.2 - 11.7 - 12.0,36.2,35.9
202205030302,12.2 - 11.2 - 11.4 - 12.2 - 12.9 - 12.4 - 12.6 - 13.2,34.8,38.2
202205030303,12.3 - 11.5 - 12.0 - 12.1 - 11.8 - 11.8 - 12.7,35.8,36.3
202205030304,12.6 - 11.1 - 11.8 - 11.9 - 11.9 - 11.1 - 11.4 - 12.3,35.5,34.8
202205030305,12.8 - 11.9 - 12.2 - 11.8 - 11.3 - 11.5 - 11.6,36.9,34.4
202205030306,7.2 - 11.5 - 12.8 - 13.1 - 12.2 - 12.6 - 13.1 - 12.9 - 12.5 - 12.3 - 12.3,31.5,37.1
202205030307,12.2 - 11.0 - 12.4 - 12.9 - 12.7 - 12.2 - 11.9 - 12.1,35.6,36.2
202205030308,12.7 - 11.3 - 11.3 - 12.0 - 12.4 - 12.0 - 11.8 - 11.5 - 12.0 - 11.9,35.3,35.4
202205030309,12.3 - 10.9 - 11.2 - 11.3 - 11.6 - 12.1 - 13.0 - 13.5,34.4,38.6
202205030310,12.6 - 11.4 - 12.4 - 12.6 - 12.3 - 11.2 - 11.1 - 11.5,36.4,33.8
202205030311,13.1 - 12.0 - 13.2 - 13.1 - 12.4 - 11.9 - 12.2 - 12.1 - 11.4 - 11.2 - 11.3 - 11.8,38.3,34.3
202205030312,12.2 - 11.0 - 11.7 - 12.0 - 12.0 - 12.0 - 12.7,34.9,36.7
202205030401,12.6 - 11.9 - 12.6 - 13.0 - 12.6 - 12.3 - 11.7 - 12.0,37.1,36.0
202205030402,12.7 - 11.7 - 12.5 - 12.5 - 12.7 - 12.6 - 12.0 - 12.3,36.9,36.9
202205030403,12.5 - 11.0 - 11.8 - 12.3 - 12.5 - 12.5 - 12.9,35.3,37.9
202205030404,12.7 - 11.4 - 12.0 - 12.6 - 12.5 - 12.3 - 11.4 - 11.3 - 11.8,36.1,34.5
202205030405,13.2 - 12.1 - 12.9 - 12.7 - 12.4 - 11.9 - 11.4 - 12.0 - 11.9,38.2,35.3
202205030406,12.7 - 11.6 - 12.4 - 12.5 - 12.6 - 12.4 - 12.2 - 12.4 - 12.1 - 11.8 - 11.6 - 11.9,36.7,35.3
202205030407,7.1 - 10.9 - 11.8 - 12.5 - 12.3 - 12.7 - 12.8 - 12.7 - 12.6 - 12.4 - 12.5,29.8,37.5
202205030408,12.5 - 11.4 - 11.8 - 12.0 - 12.0 - 11.5 - 11.4 - 11.9,35.7,34.8
202205030409,7.3 - 11.1 - 12.6 - 12.7 - 11.9 - 12.2 - 12.8 - 12.3 - 12.3 - 11.9 - 12.1,31.0,36.3
202205030410,12.3 - 10.8 - 11.2 - 12.2 - 12.6 - 12.6 - 11.9 - 12.3,34.3,36.8
202205030411,12.7 - 11.6 - 11.9 - 11.9 - 11.6 - 11.9 - 11.5 - 11.3 - 12.3,36.2,35.1
202205030412,12.5 - 11.6 - 11.9 - 11.6 - 11.3 - 11.4 - 11.7,36.0,34.4
202205030501,13.0 - 11.2 - 11.7 - 12.4 - 11.3 - 11.4 - 11.9,35.9,34.6
202205030502,12.5 - 11.2 - 11.9 - 12.4 - 12.3 - 12.5 - 12.3 - 12.8,35.6,37.6
202205030503,7.0 - 11.0 - 11.6 - 12.2 - 12.3 - 12.0 - 12.2,29.6,36.5
202205030504,12.8 - 11.6 - 11.5 - 12.5 - 12.7 - 12.4 - 11.8 - 11.2 - 11.6,35.9,34.6
202205030505,13.0 - 11.5 - 11.7 - 11.7 - 11.3 - 11.2 - 11.7,36.2,34.2
202205030506,7.2 - 11.1 - 13.2 - 13.3 - 12.6 - 12.4 - 12.6 - 12.8 - 12.7 - 12.9 - 13.2,31.5,38.8
202205030507,12.5 - 11.2 - 11.8 - 12.3 - 12.4 - 12.3 - 12.7,35.5,37.4
202205030508,13.1 - 11.9 - 13.2 - 13.3 - 12.8 - 12.6 - 12.1 - 12.3 - 12.1 - 11.2 - 11.3 - 11.7,38.2,34.2
202205030509,12.4 - 10.5 - 11.1 - 11.7 - 12.2 - 12.0 - 12.5,34.0,36.7
202205030510,12.3 - 10.8 - 11.1 - 11.4 - 11.3 - 11.4 - 12.0,34.2,34.7
202205030511,7.1 - 11.3 - 12.2 - 12.0 - 11.8 - 12.4 - 12.4 - 12.3 - 11.8 - 12.3 - 12.9,30.6,37.0
202205030512,12.5 - 11.1 - 11.5 - 11.5 - 11.5 - 11.2 - 11.7 - 12.4,35.1,35.3
202205030602,12.5 - 11.1 - 11.9 - 12.1 - 12.2 - 12.0 - 12.9,35.5,37.1
202205030603,12.7 - 10.7 - 11.8 - 12.0 - 12.3 - 12.6 - 12.0 - 11.9,35.2,36.5
202205030604,12.5 - 11.2 - 11.7 - 12.0 - 11.5 - 11.0 - 11.7,35.4,34.2
202205030605,12.6 - 11.4 - 12.4 - 12.6 - 12.5 - 11.5 - 11.3 - 11.8,36.4,34.6
202205030606,12.2 - 11.3 - 11.8 - 11.9 - 12.3 - 13.2 - 13.2,35.3,38.7
202205030607,12.4 - 11.0 - 12.0 - 12.4 - 12.5 - 12.2 - 12.3 - 12.2,35.4,36.7
202205030608,12.3 - 10.7 - 10.8 - 11.7 - 12.5 - 12.5 - 12.4 - 11.6 - 11.5 - 12.0,33.8,35.1
202205030609,13.4 - 12.4 - 13.1 - 13.2 - 12.4 - 12.0 - 12.3 - 11.5 - 11.5 - 11.0 - 11.7 - 12.0,38.9,34.7
202205030610,12.6 - 11.6 - 11.4 - 11.5 - 10.8 - 10.8 - 11.7,35.6,33.3
202205030611,12.3 - 10.8 - 11.2 - 11.9 - 12.1 - 12.1 - 12.2 - 12.6,34.3,36.9
202205030612,12.1 - 10.8 - 11.9 - 13.0 - 12.5 - 12.0 - 12.0,34.8,36.5
202205030701,12.5 - 11.3 - 11.7 - 11.7 - 11.8 - 11.3 - 12.0 - 12.5,35.5,35.8
202205030702,7.0 - 10.7 - 11.6 - 11.9 - 12.1 - 11.9 - 12.6,29.3,36.6
202205030703,12.4 - 11.1 - 11.7 - 12.4 - 12.7 - 12.7 - 12.2 - 12.9,35.2,37.8
202205030704,7.2 - 11.7 - 12.6 - 12.6 - 12.5 - 12.4 - 12.2 - 12.2 - 12.8 - 12.9 - 13.6,31.5,39.3
202205030705,13.2 - 12.2 - 12.3 - 12.9 - 12.6 - 12.1 - 11.8 - 11.3 - 11.6,37.7,34.7
202205030706,12.6 - 11.2 - 11.7 - 11.6 - 11.7 - 11.2 - 11.5 - 12.1,35.5,34.8
202205030707,12.2 - 10.7 - 12.0 - 12.4 - 12.3 - 12.0 - 12.0 - 12.6,34.9,36.6
202205030709,12.4 - 11.2 - 11.6 - 11.8 - 11.6 - 11.8 - 12.2,35.2,35.6
202205030710,12.4 - 11.5 - 12.0 - 12.1 - 11.9 - 11.7 - 12.0 - 12.8,35.9,36.5
202205030711,13.2 - 11.7 - 11.4 - 11.7 - 11.9 - 11.8 - 11.4 - 11.0 - 11.4 - 12.2,36.3,34.6
202205030712,12.7 - 11.1 - 11.2 - 11.2 - 10.9 - 11.2 - 12.3,35.0,34.4
202205030801,12.6 - 10.9 - 11.6 - 12.3 - 12.5 - 12.4 - 12.3 - 12.8,35.1,37.5
202205030802,12.4 - 10.9 - 11.4 - 11.9 - 12.2 - 12.6 - 13.6,34.7,38.4
202205030803,12.5 - 11.5 - 12.2 - 11.9 - 12.1 - 11.2 - 11.4 - 12.1,36.2,34.7
202205030804,12.3 - 10.9 - 11.4 - 12.0 - 12.2 - 12.0 - 12.9 - 13.2,34.6,38.1
202205030805,12.8 - 11.3 - 11.8 - 12.2 - 12.4 - 11.6 - 11.8 - 11.8,35.9,35.2
202205030806,13.1 - 11.4 - 12.7 - 12.9 - 12.5 - 12.5 - 12.3 - 12.1 - 12.1 - 11.6 - 11.6 - 12.6,37.2,35.8
202205030807,12.7 - 10.9 - 11.5 - 12.9 - 12.3 - 12.1 - 11.2 - 11.4 - 11.9,35.1,34.5
202205030808,6.9 - 11.2 - 12.4 - 12.5 - 12.2 - 12.5 - 12.5 - 12.4 - 12.3 - 12.7 - 13.0,30.5,38.0
202205030809,12.9 - 11.5 - 11.5 - 12.3 - 11.8 - 11.8 - 11.3 - 11.3 - 12.0,35.9,34.6
202205030810,12.3 - 11.0 - 11.5 - 12.0 - 11.9 - 11.5 - 12.2 - 12.9,34.8,36.6
202205030811,12.4 - 11.1 - 11.0 - 11.3 - 10.9 - 11.4 - 12.1,34.5,34.4
202205030812,12.4 - 11.1 - 11.5 - 12.0 - 12.1 - 11.9 - 12.3,35.0,36.3
202205040101,12.3 - 11.1 - 12.0 - 12.5 - 12.1 - 11.9 - 12.4,35.4,36.4
202205040102,12.5 - 11.1 - 11.5 - 11.9 - 12.4 - 12.5 - 12.3 - 12.5,35.1,37.3
202205040103,12.5 - 10.5 - 11.0 - 12.1 - 11.7 - 11.3 - 11.8,34.0,34.8
202205040104,6.9 - 11.1 - 11.8 - 12.3 - 11.9 - 11.6 - 12.2,29.8,35.7
202205040105,12.9 - 11.6 - 11.8 - 12.2 - 12.1 - 12.1 - 11.3 - 11.4 - 11.6,36.3,34.3
202205040106,12.3 - 11.3 - 12.1 - 12.3 - 12.2 - 11.2 - 11.2 - 11.5,35.7,33.9
202205040107,12.6 - 11.8 - 12.0 - 12.4 - 12.6 - 12.3 - 12.3 - 11.1 - 11.2 - 11.7,36.4,34.0
202205040108,7.1 - 10.9 - 12.2 - 12.4 - 12.2 - 12.0 - 12.3 - 12.2 - 11.9 - 12.5 - 12.8,30.2,37.2
202205040109,13.1 - 11.9 - 11.5 - 12.1 - 13.2 - 12.7 - 12.4 - 11.1 - 11.0 - 11.7,36.5,33.8
202205040110,12.0 - 10.6 - 11.2 - 12.0 - 11.9 - 11.9 - 12.4 - 12.3,33.8,36.6
202205040111,12.1 - 11.1 - 11.6 - 11.5 - 11.5 - 11.1 - 12.0 - 12.5,34.8,35.6
202205040112,12.4 - 10.7 - 11.5 - 12.0 - 11.8 - 11.7 - 12.3,34.6,35.8
202205040201,12.6 - 11.3 - 11.3 - 12.5 - 12.5 - 12.7 - 13.0,35.2,38.2
202205040202,12.4 - 10.9 - 11.8 - 12.1 - 12.4 - 11.5 - 11.7 - 11.8,35.1,35.0
202205040203,12.7 - 10.7 - 10.7 - 11.2 - 11.9 - 12.8 - 13.1 - 13.3 - 12.2 - 12.0,34.1,37.5
202205040204,12.5 - 11.5 - 11.7 - 12.3 - 12.5 - 12.3 - 11.9 - 12.2,35.7,36.4
202205040205,13.2 - 12.1 - 12.1 - 12.1 - 12.6 - 12.6 - 12.4 - 11.4 - 11.3 - 11.3,37.4,34.0
202205040206,12.4 - 11.4 - 12.2 - 13.0 - 12.2 - 11.6 - 12.0,36.0,35.8
202205040207,12.1 - 10.9 - 11.6 - 11.9 - 12.2 - 12.1 - 12.1 - 12.5,34.6,36.7
202205040208,12.5 - 10.9 - 11.5 - 12.0 - 11.8 - 11.3 - 11.5 - 11.6,34.9,34.4
202205040209,12.3 - 10.6 - 11.0 - 11.3 - 11.1 - 12.1 - 12.1,33.9,35.3
202205040210,12.2 - 10.9 - 11.5 - 12.1 - 12.0 - 12.0 - 11.7 - 12.1,34.6,35.8
202205040211,12.6 - 10.6 - 11.3 - 11.7 - 11.7 - 11.8 - 11.3 - 11.3 - 11.8,34.5,34.4
202205040212,11.8 - 10.5 - 11.0 - 12.1 - 12.5 - 12.4 - 12.7,33.3,37.6
202205040301,12.2 - 11.1 - 11.3 - 12.1 - 12.5 - 12.4 - 12.3 - 12.7,34.6,37.4
202205040302,12.5 - 10.9 - 11.5 - 12.1 - 12.7 - 12.0 - 11.6 - 11.6,34.9,35.2
202205040303,13.1 - 11.7 - 11.7 - 12.2 - 12.3 - 12.2 - 11.2 - 11.3 - 12.1,36.5,34.6
202205040305,12.4 - 11.7 - 12.6 - 13.2 - 13.0 - 11.6 - 11.0 - 11.1,36.7,33.7
202205040306,12.4 - 11.1 - 12.0 - 12.1 - 12.6 - 12.5 - 12.3,35.5,37.4
202205040307,12.1 - 10.7 - 11.9 - 12.9 - 12.9 - 12.1 - 11.6 - 11.9,34.7,35.6
202205040308,12.3 - 10.6 - 11.4 - 11.8 - 11.2 - 11.7 - 11.9,34.3,34.8
202205040309,7.0 - 11.4 - 12.4 - 12.2 - 12.2 - 12.1 - 12.3 - 12.1 - 12.1 - 12.0 - 12.1,30.8,36.2
202205040310,12.7 - 11.4 - 12.8 - 12.9 - 12.4 - 12.5 - 12.5 - 12.4 - 12.2 - 11.2 - 11.4 - 11.9,36.9,34.5
202205040311,12.2 - 11.0 - 11.7 - 11.9 - 12.0 - 11.6 - 11.6 - 11.5,34.9,34.7
202205040312,7.0 - 10.9 - 11.4 - 11.5 - 11.6 - 11.9 - 11.9,29.3,35.4
202205040401,12.1 - 11.0 - 11.4 - 11.8 - 12.0 - 12.2 - 12.7 - 13.4,34.5,38.3
202205040402,13.0 - 11.7 - 11.7 - 11.9 - 12.4 - 12.3 - 12.4 - 11.4 - 11.9 - 11.9,36.4,35.2
202205040403,12.6 - 11.7 - 12.5 - 12.8 - 12.7 - 11.3 - 11.4 - 11.3,36.8,34.0
202205040404,12.6 - 11.6 - 12.2 - 12.5 - 11.8 - 11.4 - 12.4,36.4,35.6
202205040405,13.6 - 12.0 - 12.4 - 12.4 - 12.7 - 12.7 - 12.3 - 11.2 - 11.3 - 11.4,38.0,33.9
202205040406,12.3 - 11.1 - 12.1 - 12.7 - 12.6 - 12.0 - 11.7 - 12.0,35.5,35.7
202205040407,12.0 - 11.0 - 11.9 - 12.0 - 11.9 - 11.4 - 11.2 - 11.5,34.9,34.1
202205040408,12.4 - 12.0 - 12.8 - 12.2 - 12.0 - 12.6 - 11.9 - 11.9 - 12.1 - 11.5 - 11.5 - 11.6,37.2,34.6
202205040409,12.5 - 11.0 - 11.6 - 12.2 - 12.4 - 12.2 - 12.2 - 12.8,35.1,37.2
202205040410,12.2 - 10.9 - 11.5 - 11.7 - 11.0 - 11.7 - 11.8,34.6,34.5
202205040411,12.6 - 10.7 - 11.1 - 11.7 - 11.8 - 11.9 - 11.5 - 11.4 - 11.8,34.4,34.7
202205040412,7.0 - 10.6 - 11.0 - 11.9 - 12.2 - 11.9 - 12.6,28.6,36.7
202205040501,12.7 - 11.6 - 11.9 - 12.5 - 12.1 - 12.2 - 12.6,36.2,36.9
202205040502,13.0 - 11.1 - 11.9 - 12.5 - 12.6 - 12.5 - 11.2 - 11.2 - 11.7,36.0,34.1
202205040503,12.7 - 10.8 - 11.6 - 12.4 - 11.7 - 11.7 - 11.7,35.1,35.1
202205040504,12.6 - 11.6 - 12.5 - 12.5 - 12.5 - 12.3 - 11.8 - 12.4,36.7,36.5
202205040505,12.5 - 11.8 - 12.6 - 12.9 - 11.3 - 11.1 - 11.3,36.9,33.7
202205040506,7.0 - 11.6 - 12.1 - 12.3 - 11.8 - 11.2 - 11.8,30.7,34.8
202205040507,12.7 - 11.2 - 12.3 - 12.5 - 12.3 - 11.9 - 12.4 - 11.9 - 11.8 - 11.3 - 11.3 - 12.2,36.2,34.8
202205040508,12.4 - 10.9 - 11.8 - 12.5 - 12.6 - 12.0 - 11.9 - 12.5,35.1,36.4
202205040510,12.2 - 11.3 - 11.6 - 11.7 - 12.0 - 12.2 - 12.9,35.1,37.1
202205040511,13.1 - 11.5 - 11.5 - 11.4 - 11.6 - 11.9 - 11.9 - 11.4 - 11.9 - 11.9,36.1,35.2
202205040512,12.4 - 10.9 - 11.4 - 11.5 - 11.8 - 11.2 - 11.6 - 11.8,34.7,34.6
202205040601,12.3 - 11.0 - 12.1 - 12.5 - 13.0 - 12.2 - 12.8 - 13.5,35.4,38.5
202205040602,12.3 - 11.4 - 12.0 - 12.7 - 12.7 - 12.4 - 12.8,35.7,37.9
202205040603,13.2 - 11.8 - 12.3 - 12.8 - 13.1 - 12.7 - 12.5 - 11.3 - 11.4 - 11.8,37.3,34.5
202205040604,12.5 - 10.8 - 11.3 - 11.9 - 11.3 - 11.7 - 12.0,34.6,35.0
202205040605,13.4 - 11.4 - 11.8 - 12.0 - 12.2 - 12.4 - 12.4 - 11.7 - 11.5 - 12.1,36.6,35.3
202205040606,12.4 - 11.6 - 12.7 - 12.8 - 13.1 - 12.8 - 12.5 - 12.5,36.7,37.8
202205040607,12.1 - 10.8 - 12.0 - 12.9 - 13.1 - 12.5 - 12.3 - 12.5,34.9,37.3
202205040608,12.6 - 11.0 - 11.7 - 12.5 - 12.1 - 12.1 - 12.3,35.3,36.5
202205040609,13.0 - 11.1 - 11.4 - 12.3 - 12.5 - 12.6 - 11.4 - 11.5 - 11.7,35.5,34.6
202205040610,7.0 - 10.9 - 12.3 - 12.3 - 12.4 - 12.9 - 13.1 - 12.8 - 12.6 - 12.0 - 12.7,30.2,37.3
202205040611,12.2 - 10.8 - 11.3 - 11.7 - 11.8 - 11.3 - 11.2 - 11.7,34.3,34.2
202205040612,12.9 - 11.3 - 12.4 - 12.8 - 12.2 - 12.3 - 11.4 - 11.4 - 11.3,36.6,34.1
202205040701,12.6 - 11.4 - 12.0 - 11.9 - 12.3 - 12.3 - 12.7 - 13.2,36.0,38.2
202205040702,12.5 - 10.8 - 11.6 - 12.0 - 12.1 - 11.7 - 11.2 - 11.6,34.9,34.5
202205040703,12.7 - 11.5 - 12.2 - 12.8 - 12.4 - 12.4 - 12.6,36.4,37.4
202205040704,12.9 - 11.7 - 12.5 - 13.3 - 11.5 - 11.2 - 11.7,37.1,34.4
202205040705,13.6 - 12.2 - 12.1 - 12.7 - 12.6 - 12.2 - 11.8 - 11.2 - 11.4,37.9,34.4
202205040706,12.9 - 12.0 - 12.0 - 12.3 - 11.3 - 10.9 - 11.4,36.9,33.6
202205040707,12.2 - 11.6 - 11.8 - 12.4 - 12.6 - 12.3 - 12.4 - 12.0,35.6,36.7
202205040708,12.5 - 10.9 - 11.6 - 12.3 - 12.6 - 12.6 - 12.5,35.0,37.7
202205040709,13.2 - 12.2 - 12.0 - 12.4 - 12.4 - 12.1 - 12.1 - 11.3 - 11.2 - 11.2,37.4,33.7
202205040710,13.1 - 11.3 - 11.2 - 11.0 - 11.3 - 11.6 - 11.9 - 11.6 - 12.6 - 12.4,35.6,36.6
202205040711,7.0 - 10.9 - 12.5 - 12.9 - 13.1 - 12.6 - 12.4 - 12.4 - 12.4 - 11.5 - 12.3,30.4,36.2
202205040712,12.5 - 11.5 - 12.7 - 12.5 - 12.6 - 11.8 - 12.0 - 12.5,36.7,36.3
202205040801,12.5 - 11.5 - 12.9 - 13.0 - 13.4 - 12.8 - 12.2 - 12.8,36.9,37.8
202205040802,7.1 - 11.5 - 12.5 - 13.0 - 12.5 - 11.9 - 12.5,31.1,36.9
202205040803,12.4 - 10.9 - 11.5 - 11.6 - 11.5 - 11.7 - 11.6 - 12.7 - 12.5,34.8,36.8
202205040804,12.9 - 12.0 - 13.0 - 13.1 - 12.0 - 11.1 - 10.9,37.9,34.0
202205040805,12.8 - 11.5 - 12.1 - 12.7 - 12.5 - 11.3 - 11.1 - 11.5,36.4,33.9
202205040806,7.1 - 11.6 - 12.9 - 12.8 - 12.5 - 12.3 - 12.6 - 12.8 - 12.4 - 12.4 - 13.7,31.6,38.5
202205040807,12.4 - 11.9 - 12.2 - 12.7 - 12.3 - 11.9 - 12.5,36.5,36.7
202205040808,12.9 - 11.6 - 11.8 - 11.9 - 11.9 - 12.0 - 11.8 - 11.3 - 11.6 - 11.7,36.3,34.6
202205040809,7.3 - 11.4 - 12.8 - 12.7 - 12.7 - 12.4 - 12.1 - 12.6 - 12.8 - 12.4 - 12.4,31.5,37.6
202205040810,12.6 - 11.4 - 12.0 - 12.4 - 12.3 - 11.2 - 10.9 - 11.3,36.0,33.4
202205040811,12.6 - 11.4 - 11.8 - 12.0 - 12.2 - 11.4 - 11.0 - 11.4,35.8,33.8
202205040812,12.3 - 10.7 - 11.9 - 12.3 - 12.6 - 11.9 - 12.6,34.9,37.1
202205040901,12.8 - 11.3 - 11.8 - 12.5 - 12.3 - 12.6 - 13.0,35.9,37.9
202205040902,12.7 - 11.0 - 11.7 - 12.6 - 12.3 - 11.3 - 11.4 - 11.7,35.4,34.4
202205040903,13.1 - 12.1 - 11.3 - 11.7 - 12.0 - 12.7 - 12.6 - 12.1 - 11.3 - 11.3,36.5,34.7
202205040904,12.8 - 11.7 - 12.6 - 12.6 - 13.1 - 12.4 - 12.1 - 12.1,37.1,36.6
202205040905,12.9 - 11.7 - 12.8 - 13.1 - 13.0 - 12.7 - 11.9 - 11.1 - 11.2,37.4,34.2
202205040906,12.6 - 11.4 - 11.9 - 12.0 - 12.2 - 11.3 - 10.9 - 11.2,35.9,33.4
202205040907,12.6 - 12.0 - 12.4 - 12.6 - 12.6 - 12.4 - 11.6 - 12.6,37.0,36.6
202205040908,13.2 - 11.1 - 12.1 - 12.0 - 12.4 - 12.6 - 12.5 - 12.4 - 12.3 - 10.9 - 11.5 - 11.7,36.4,34.1
202205040909,12.2 - 10.7 - 11.2 - 12.2 - 12.2 - 11.4 - 11.3 - 11.4,34.1,34.1
202205040910,12.6 - 11.1 - 11.3 - 12.0 - 11.9 - 11.5 - 12.3,35.0,35.7
202205040911,12.6 - 10.9 - 11.2 - 11.3 - 11.4 - 11.6 - 11.8 - 11.6 - 12.4 - 12.7,34.7,36.7
202205040912,6.9 - 10.9 - 11.2 - 11.9 - 12.2 - 11.8 - 12.3,29.0,36.3
202205050101,7.0 - 11.1 - 12.0 - 12.8 - 12.4 - 12.3 - 12.6,30.1,37.3
202205050102,12.3 - 11.1 - 12.2 - 12.6 - 12.6 - 12.1 - 12.5 - 13.3,35.6,37.9
202205050103,12.6 - 11.0 - 11.9 - 12.4 - 11.6 - 11.1 - 11.7,35.5,34.4
202205050104,13.0 - 11.2 - 12.0 - 12.8 - 13.1 - 12.8 - 11.2 - 11.2 - 11.4,36.2,33.8
202205050105,12.5 - 11.1 - 11.9 - 13.0 - 13.3 - 13.3 - 12.1 - 12.4,35.5,37.8
202205050106,13.5 - 11.8 - 11.8 - 12.5 - 12.9 - 12.7 - 12.6 - 11.4 - 11.3 - 11.1,37.1,33.8
202205050107,12.0 - 11.6 - 12.3 - 13.1 - 13.0 - 12.0 - 11.7 - 12.7,35.9,36.4
202205050108,7.1 - 10.9 - 11.3 - 12.0 - 12.1 - 12.1 - 13.0,29.3,37.2
202205050109,12.3 - 11.2 - 12.2 - 12.2 - 12.3 - 11.9 - 11.9 - 12.6,35.7,36.4
202205050110,13.0 - 11.4 - 11.7 - 12.1 - 11.9 - 11.9 - 11.0 - 10.9 - 11.5,36.1,33.4
202205050111,12.2 - 10.8 - 11.6 - 11.8 - 11.2 - 11.5 - 11.8,34.6,34.5
202205050112,13.1 - 12.1 - 12.0 - 12.2 - 12.6 - 12.3 - 12.1 - 11.0 - 11.0 - 11.1,37.2,33.1
202205050201,12.3 - 11.3 - 12.1 - 12.8 - 13.0 - 12.4 - 12.0 - 12.7,35.7,37.1
202205050202,12.6 - 11.2 - 11.3 - 11.9 - 12.6 - 11.5 - 11.8 - 11.6,35.1,34.9
202205050203,13.1 - 11.8 - 12.3 - 12.9 - 12.7 - 12.2 - 12.4 - 11.5 - 11.4 - 11.8,37.2,34.7
202205050204,6.9 - 11.5 - 12.5 - 12.8 - 12.5 - 12.1 - 12.4,30.9,37.0
202205050205,13.5 - 11.8 - 12.7 - 12.9 - 12.2 - 12.2 - 11.1 - 11.2 - 11.3,38.0,33.6
202205050206,12.7 - 11.2 - 11.8 - 12.2 - 11.2 - 11.8 - 12.0,35.7,35.0
202205050207,12.4 - 11.5 - 12.6 - 12.8 - 12.5 - 11.8 - 11.8 - 13.0,36.5,36.6
202205050208,12.3 - 10.8 - 12.1 - 12.5 - 12.0 - 12.1 - 12.4,35.2,36.5
202205050209,12.7 - 12.1 - 12.0 - 12.4 - 12.5 - 12.3 - 11.8 - 11.1 - 11.2 - 11.6,36.8,33.9
202205050210,12.6 - 11.0 - 11.7 - 12.7 - 12.3 - 11.9 - 11.9 - 12.6,35.3,36.4
202205050211,7.2 - 11.0 - 11.3 - 12.8 - 12.8 - 12.6 - 12.3 - 12.7 - 11.8 - 11.7 - 11.5 - 11.6 - 11.8,29.5,34.9
202205050212,12.6 - 11.5 - 11.7 - 11.8 - 11.2 - 10.9 - 11.4,35.8,33.5
202205050301,12.3 - 11.5 - 12.4 - 13.1 - 13.3 - 12.6 - 12.1 - 12.5,36.2,37.2
202205050302,12.7 - 11.2 - 11.3 - 11.6 - 12.2 - 11.4 - 11.5 - 11.7,35.2,34.6
202205050303,13.2 - 11.9 - 12.0 - 12.5 - 12.8 - 12.4 - 12.1 - 11.3 - 11.2 - 11.5,37.1,34.0
202205050304,12.4 - 11.4 - 12.9 - 13.0 - 13.1 - 12.4 - 12.2 - 12.7,36.7,37.3
202205050305,13.2 - 11.6 - 11.6 - 11.8 - 11.9 - 11.3 - 11.1 - 11.6,36.4,34.0
202205050306,12.6 - 11.5 - 12.0 - 12.3 - 12.2 - 12.0 - 11.1 - 11.2 - 11.6,36.1,33.9
202205050307,7.2 - 11.1 - 12.3 - 12.3 - 12.5 - 12.9 - 12.8 - 12.9 - 12.6 - 12.4 - 12.4,30.6,37.4
202205050308,12.4 - 10.9 - 11.7 - 12.3 - 12.6 - 12.6 - 11.8 - 12.3,35.0,36.7
202205050309,12.2 - 11.0 - 11.7 - 12.1 - 12.5 - 12.6 - 13.0,34.9,38.1
202205050310,12.6 - 11.0 - 11.6 - 11.8 - 11.2 - 11.1 - 11.5,35.2,33.8
202205050311,12.3 - 11.2 - 12.3 - 12.2 - 12.1 - 11.4 - 11.6 - 12.5,35.8,35.5
202205050312,12.6 - 10.7 - 11.2 - 11.6 - 11.4 - 11.7 - 11.9 - 12.0 - 12.0,34.5,35.9
202205050401,12.6 - 11.0 - 11.7 - 12.4 - 12.6 - 13.1 - 13.4,35.3,39.1
202205050402,13.0 - 11.8 - 11.9 - 12.5 - 12.1 - 12.1 - 11.5 - 11.5 - 11.8,36.7,34.8
202205050403,12.6 - 10.8 - 11.0 - 12.1 - 11.8 - 11.6 - 11.7,34.4,35.1
202205050404,12.3 - 11.1 - 11.9 - 12.3 - 12.3 - 12.5 - 12.9 - 13.8,35.3,39.2
202205050405,13.8 - 12.8 - 12.9 - 13.1 - 12.4 - 12.3 - 11.5 - 11.0 - 11.0,39.5,33.5
202205050406,13.5 - 12.3 - 12.8 - 12.3 - 12.0 - 11.2 - 11.1 - 11.4,38.6,33.7
202205050407,12.2 - 11.2 - 12.3 - 12.5 - 12.0 - 12.2 - 12.0 - 12.6,35.7,36.8
202205050408,6.9 - 10.7 - 11.1 - 11.7 - 11.9 - 12.5 - 12.4,28.7,36.8
202205050409,12.1 - 10.9 - 11.5 - 11.9 - 12.1 - 12.2 - 13.3,34.5,37.6
202205050410,12.6 - 11.4 - 12.0 - 12.2 - 12.2 - 12.0 - 11.2 - 11.2 - 11.7,36.0,34.1
202205050411,12.5 - 10.9 - 11.1 - 11.9 - 11.2 - 11.3 - 11.7,34.5,34.2
202205050412,13.0 - 11.6 - 11.9 - 11.9 - 12.1 - 11.4 - 11.0 - 11.5,36.5,33.9
202205050501,7.1 - 11.4 - 12.3 - 12.8 - 12.0 - 11.5 - 12.7,30.8,36.2
202205050502,12.7 - 11.1 - 12.0 - 12.5 - 12.8 - 12.6 - 12.4 - 11.3 - 11.7 - 11.2,35.8,34.2
202205050503,12.5 - 11.2 - 11.9 - 12.6 - 13.0 - 12.9 - 13.2 - 13.1,35.6,39.2
202205050504,12.9 - 11.6 - 12.2 - 12.2 - 12.5 - 11.6 - 12.5,36.7,36.6
202205050505,12.7 - 11.9 - 12.7 - 12.7 - 12.4 - 11.3 - 10.9 - 11.1,37.3,33.3
202205050506,12.1 - 10.8 - 11.4 - 11.8 - 11.2 - 11.6 - 11.9,34.3,34.7
202205050507,12.5 - 10.9 - 11.7 - 12.1 - 12.0 - 12.1 - 12.7,35.1,36.8
202205050509,7.1 - 10.9 - 12.4 - 12.8 - 12.5 - 12.4 - 12.5 - 12.5 - 12.7 - 13.0 - 12.2,30.4,37.9
202205050510,12.6 - 11.0 - 11.1 - 11.5 - 11.7 - 11.2 - 11.1 - 11.8,34.7,34.1
202205050511,12.8 - 11.2 - 11.2 - 11.5 - 12.2 - 12.0 - 11.4 - 11.5 - 12.0,35.2,34.9
202205050512,12.2 - 11.1 - 11.6 - 12.0 - 11.9 - 11.4 - 11.2 - 11.7,34.9,34.3
202205050601,12.7 - 11.4 - 12.5 - 13.0 - 12.6 - 12.4 - 12.5,36.6,37.5
202205050602,12.4 - 11.2 - 11.6 - 11.7 - 12.0 - 11.4 - 11.4 - 12.1,35.2,34.9
202205050603,12.4 - 11.4 - 11.9 - 12.2 - 12.5 - 12.5 - 11.7 - 11.6 - 11.8,35.7,35.1
202205050604,12.5 - 10.9 - 12.3 - 13.0 - 12.2 - 12.0 - 12.7,35.7,36.9
202205050605,13.2 - 12.3 - 12.8 - 13.0 - 13.2 - 12.5 - 12.3 - 11.6 - 11.3 - 11.6,38.3,34.5
202205050606,12.3 - 11.6 - 12.0 - 12.2 - 11.4 - 11.3 - 12.0,35.9,34.7
202205050607,12.2 - 10.8 - 11.7 - 12.4 - 12.7 - 12.8 - 12.6 - 12.8,34.7,38.2
202205050608,13.0 - 11.7 - 12.6 - 13.0 - 13.0 - 11.3 - 10.8 - 11.4,37.3,33.5
202205050609,7.0 - 11.7 - 12.7 - 12.5 - 12.5 - 12.5 - 12.4 - 12.6 - 12.7 - 12.4 - 13.0,31.4,38.1
202205050610,13.2 - 11.4 - 12.3 - 12.3 - 12.1 - 12.6 - 12.6 - 12.5 - 12.5 - 11.5 - 11.1 - 11.3,36.9,33.9
202205050611,12.3 - 11.3 - 12.3 - 12.7 - 12.3 - 11.7 - 12.1,35.9,36.1
202205050612,12.4 - 11.0 - 11.2 - 12.3 - 11.6 - 11.3 - 11.4,34.6,34.3
202205050701,12.4 - 10.5 - 11.3 - 12.2 - 12.9 - 13.1 - 12.4 - 12.6,34.2,38.1
202205050702,12.4 - 11.0 - 11.7 - 12.0 - 11.2 - 11.4 - 11.8,35.1,34.4
202205050703,13.0 - 11.2 - 11.5 - 12.0 - 12.0 - 12.4 - 11.9 - 11.6 - 11.8,35.7,35.3
202205050705,13.0 - 11.8 - 12.1 - 12.2 - 12.3 - 11.6 - 11.1 - 11.3,36.9,34.0
202205050706,12.8 - 11.3 - 12.2 - 12.3 - 12.6 - 12.2 - 12.0 - 12.8,36.3,37.0
202205050707,13.0 - 11.4 - 12.3 - 12.8 - 12.9 - 13.0 - 12.8 - 12.1 - 11.8 - 11.3 - 11.1 - 11.6,36.7,34.0
202205050708,12.5 - 11.2 - 11.9 - 11.9 - 11.8 - 12.0 - 12.4,35.6,36.2
202205050709,12.3 - 10.9 - 11.7 - 12.1 - 12.4 - 12.4 - 12.3 - 12.5,34.9,37.2
202205050710,12.3 - 11.1 - 11.8 - 12.2 - 12.1 - 11.8 - 11.9,35.2,35.8
202205050711,12.4 - 10.8 - 11.3 - 11.6 - 11.9 - 11.3 - 11.4 - 11.8,34.5,34.5
202205050712,12.8 - 11.9 - 11.6 - 11.6 - 11.7 - 11.0 - 11.4 - 11.6,36.3,34.0
202205050801,12.3 - 10.9 - 11.6 - 12.4 - 12.3 - 12.2 - 13.5,34.8,38.0
202205050802,12.4 - 10.7 - 11.6 - 12.2 - 12.6 - 11.8 - 11.4 - 11.8,34.7,35.0
202205050803,12.7 - 11.3 - 12.1 - 12.8 - 13.3 - 12.4 - 12.0 - 12.5,36.1,36.9
202205050804,12.9 - 11.4 - 12.0 - 11.4 - 11.7 - 11.6 - 12.3 - 12.0 - 12.1 - 12.0,36.3,36.1
202205050805,12.2 - 10.9 - 11.4 - 12.0 - 12.5 - 12.7 - 12.5 - 12.4,34.5,37.6
202205050806,12.8 - 11.8 - 12.2 - 12.1 - 12.4 - 12.4 - 11.2 - 11.1 - 11.2,36.8,33.5
202205050807,12.4 - 11.1 - 11.9 - 12.4 - 12.4 - 12.1 - 12.2,35.4,36.7
202205050808,12.9 - 11.4 - 11.8 - 12.2 - 12.4 - 11.5 - 11.1 - 11.3,36.1,33.9
202205050809,12.7 - 11.7 - 11.7 - 11.8 - 12.6 - 12.5 - 12.1 - 11.2 - 11.1 - 11.5,36.1,33.8
202205050810,12.4 - 10.7 - 11.2 - 11.9 - 12.6 - 12.4 - 12.1 - 12.5,34.3,37.0
202205050811,12.9 - 11.0 - 11.3 - 11.7 - 11.9 - 12.1 - 12.3 - 11.4 - 11.4 - 11.8,35.2,34.6
202205050812,12.8 - 11.2 - 12.3 - 12.5 - 12.3 - 12.2 - 12.4 - 12.1 - 11.7 - 11.4 - 11.3 - 11.5,36.3,34.2
202206010101,11.9 - 11.1 - 11.8 - 12.1 - 12.1 - 13.5,34.8,37.7
202206010102,12.6 - 12.2 - 13.2 - 13.2 - 12.7 - 12.7 - 13.0 - 13.2 - 13.8,38.0,40.0
202206010103,12.8 - 12.2 - 13.3 - 13.6 - 12.7 - 12.7 - 13.0 - 12.9 - 13.0,38.3,38.9
202206010104,13.2 - 12.3 - 14.0 - 14.7 - 12.9 - 12.5 - 13.0 - 12.7 - 13.6,39.5,39.3
202206010105,12.5 - 11.8 - 13.1 - 12.7 - 12.7 - 12.4 - 12.4 - 11.4 - 11.2 - 11.7,37.4,34.3
202206010106,12.2 - 11.0 - 12.3 - 11.7 - 12.1 - 12.1 - 12.1 - 11.9 - 11.8 - 13.0,35.5,36.7
202206010107,12.6 - 12.5 - 13.6 - 13.4 - 11.7 - 12.1 - 12.5 - 12.3 - 13.3,38.7,38.1
202206010108,11.9 - 10.3 - 10.9 - 12.0 - 12.3 - 13.2,33.1,37.5
202206010109,12.7 - 11.6 - 12.6 - 12.5 - 12.1 - 12.3 - 13.1 - 13.0 - 14.1,36.9,40.2
202206010110,12.5 - 11.6 - 11.9 - 12.1 - 12.0 - 11.9 - 11.1 - 11.8,36.0,34.8
202206010111,12.5 - 11.7 - 13.4 - 12.1 - 12.3 - 11.0 - 11.2 - 11.6 - 11.9 - 12.4,37.6,35.9
202206010112,12.7 - 11.7 - 13.4 - 12.2 - 12.2 - 11.7 - 11.7 - 11.8 - 11.8 - 12.7,37.8,36.3
202206010201,11.7 - 10.6 - 11.6 - 12.5 - 12.6 - 13.5,33.9,38.6
202206010202,12.6 - 12.3 - 13.1 - 13.2 - 12.6 - 12.5 - 13.0 - 12.9 - 14.0,38.0,39.9
202206010203,12.3 - 10.7 - 11.6 - 12.3 - 12.5 - 12.8,34.6,37.6
202206010204,12.6 - 11.2 - 12.9 - 13.8 - 13.2 - 12.2 - 12.8 - 12.4 - 13.4,36.7,38.6
202206010205,12.5 - 11.5 - 13.4 - 12.6 - 13.1 - 12.7 - 11.9 - 11.7 - 11.6 - 12.2 - 12.6,37.4,36.4
202206010206,12.3 - 11.4 - 11.7 - 12.1 - 12.2 - 12.0 - 11.7 - 12.3,35.4,36.0
202206010207,11.8 - 10.7 - 11.6 - 12.1 - 12.1 - 13.4,34.1,37.6
202206010209,12.7 - 12.2 - 13.0 - 13.6 - 12.8 - 12.5 - 12.3 - 12.2 - 13.0,37.9,37.5
202206010210,11.7 - 10.2 - 11.3 - 12.3 - 12.2 - 12.9,33.2,37.4
202206010211,12.6 - 11.2 - 11.3 - 11.5 - 11.4 - 11.5 - 11.4 - 12.5,35.1,35.4
202206010212,12.3 - 13.0 - 12.0 - 12.5 - 12.2 - 12.3 - 11.8 - 11.2 - 12.0,37.3,35.0
202206010301,11.7 - 10.6 - 11.5 - 12.5 - 13.2 - 13.3,33.8,39.0
202206010302,12.7 - 12.1 - 13.9 - 13.6 - 12.8 - 13.0 - 13.1 - 12.7 - 12.8,38.7,38.6
202206010303,12.0 - 11.2 - 12.0 - 12.4 - 12.1 - 12.9,35.2,37.4
202206010305,12.3 - 11.2 - 11.6 - 11.7 - 11.9 - 11.7 - 12.0 - 12.4,35.1,36.1
202206010306,12.9 - 12.1 - 14.4 - 13.0 - 13.3 - 12.7 - 12.4 - 11.4 - 11.3 - 12.0,39.4,34.7
202206010307,11.9 - 10.9 - 11.7 - 11.9 - 12.2 - 13.3,34.5,37.4
202206010308,13.1 - 12.1 - 13.0 - 14.1 - 13.5 - 13.8 - 14.1 - 12.7 - 11.6 - 12.4 - 12.6 - 13.0,38.2,38.0
202206010309,11.9 - 10.3 - 11.1 - 11.6 - 11.6 - 12.3,33.3,35.5
202206010310,12.2 - 11.4 - 11.4 - 11.8 - 12.1 - 11.7 - 11.5 - 12.1,35.0,35.3
202206010311,12.6 - 11.8 - 12.4 - 13.0 - 12.5 - 12.7 - 12.8 - 12.4 - 13.0,36.8,38.2
202206010312,12.3 - 11.2 - 11.1 - 11.1 - 11.5 - 12.1 - 11.6 - 12.4,34.6,36.1
202206010401,11.8 - 10.5 - 11.6 - 12.2 - 12.5 - 13.6,33.9,38.3
202206010402,12.8 - 11.5 - 12.7 - 13.0 - 12.7 - 12.9 - 13.6 - 14.0 - 13.4,37.0,41.0
202206010403,12.9 - 11.9 - 13.1 - 13.3 - 12.7 - 13.0 - 13.4 - 13.2 - 13.8,37.9,40.4
202206010404,11.9 - 10.8 - 11.5 - 12.0 - 12.5 - 13.5,34.2,38.0
202206010405,12.6 - 11.1 - 13.0 - 12.6 - 12.7 - 12.3 - 12.6 - 12.3 - 12.2 - 12.7,36.7,37.2
202206010406,12.8 - 12.6 - 13.2 - 13.4 - 12.7 - 13.3 - 12.9 - 12.5 - 13.4,38.6,38.8
202206010407,12.6 - 12.4 - 13.2 - 12.9 - 12.4 - 12.4 - 12.5 - 12.4 - 13.5,38.2,38.4
202206010408,11.8 - 10.8 - 11.6 - 12.1 - 11.9 - 13.2,34.2,37.2
202206010409,12.8 - 12.0 - 11.9 - 13.2 - 14.7 - 14.5 - 13.6 - 12.4 - 12.5 - 12.8 - 12.7 - 13.4,36.7,38.9
202206010410,12.7 - 11.9 - 13.2 - 12.7 - 12.8 - 12.3 - 12.0 - 11.8 - 11.5 - 11.6 - 12.2,37.8,35.3
202206010411,12.4 - 11.3 - 11.8 - 12.1 - 12.3 - 11.8 - 11.6 - 11.9,35.5,35.3
202206010412,12.3 - 11.2 - 11.4 - 11.7 - 11.9 - 11.8 - 11.7 - 12.3,34.9,35.8
202206010501,12.0 - 10.6 - 11.8 - 12.5 - 12.6 - 13.3,34.4,38.4
202206010502,12.7 - 12.3 - 13.4 - 12.9 - 12.4 - 12.8 - 12.9 - 12.9 - 13.2,38.4,39.0
202206010503,11.8 - 10.6 - 11.7 - 12.5 - 12.8 - 13.8,34.1,39.1
202206010504,13.3 - 12.6 - 13.6 - 13.2 - 12.6 - 12.6 - 12.9 - 13.3 - 13.3,39.5,39.5
202206010505,13.2 - 11.7 - 13.5 - 12.7 - 12.7 - 12.4 - 12.1 - 11.8 - 11.7 - 12.6,38.4,36.1
202206010506,13.0 - 12.6 - 13.3 - 13.2 - 12.6 - 12.4 - 12.6 - 12.6 - 13.6,38.9,38.8
202206010507,11.8 - 10.7 - 11.5 - 12.0 - 12.2 - 13.4,34.0,37.6
202206010508,12.8 - 11.6 - 12.8 - 13.0 - 12.2 - 12.2 - 12.9 - 12.8 - 13.4,37.2,39.1
202206010509,12.0 - 11.3 - 12.0 - 11.4 - 11.9 - 12.0 - 11.8 - 12.7,35.3,36.5
202206010510,12.6 - 12.3 - 13.4 - 12.8 - 11.9 - 12.3 - 12.6 - 12.6 - 13.1,38.3,38.3
202206010511,11.9 - 10.4 - 10.8 - 11.4 - 11.5 - 12.7,33.1,35.6
202206010512,12.7 - 12.2 - 13.6 - 12.8 - 12.8 - 12.5 - 12.5 - 12.3 - 12.0 - 11.2 - 12.1,38.5,35.3
202206010601,11.9 - 10.6 - 11.6 - 12.3 - 12.6 - 14.0,34.1,38.9
202206010602,12.7 - 12.0 - 13.5 - 13.3 - 12.5 - 12.7 - 13.1 - 12.8 - 13.2,38.2,39.1
202206010603,12.5 - 11.9 - 13.4 - 13.7 - 12.6 - 12.2 - 13.0 - 13.3 - 13.7,37.8,40.0
202206010604,13.0 - 11.8 - 12.9 - 13.4 - 12.8 - 13.3 - 13.8 - 13.4 - 12.4,37.7,39.6
202206010605,12.5 - 11.4 - 11.7 - 11.8 - 12.1 - 12.3 - 11.9 - 12.3,35.6,36.5
202206010606,12.4 - 11.5 - 12.2 - 12.2 - 12.4 - 11.9 - 11.7 - 12.0,36.1,35.6
202206010607,12.1 - 11.0 - 11.7 - 12.2 - 12.4 - 13.0,34.8,37.6
202206010608,12.3 - 11.2 - 12.5 - 13.2 - 13.1 - 13.0 - 13.2 - 13.1 - 13.3,36.0,39.6
202206010609,11.9 - 10.4 - 11.3 - 11.8 - 11.3 - 12.2,33.6,35.3
202206010610,11.8 - 10.7 - 11.4 - 12.0 - 12.0 - 13.0,33.9,37.0
202206010611,12.5 - 10.6 - 12.6 - 12.2 - 13.0 - 12.5 - 12.4 - 12.0 - 11.4 - 12.1,35.7,35.5
202206010612,11.9 - 11.0 - 11.4 - 11.7 - 11.3 - 12.1,34.3,35.1
202206010701,12.0 - 10.7 - 11.5 - 12.4 - 12.4 - 13.0,34.2,37.8
202206010702,12.9 - 11.6 - 12.4 - 12.6 - 12.6 - 13.1 - 13.6 - 13.5 - 14.5,36.9,41.6
202206010703,11.9 - 10.6 - 12.1 - 12.6 - 12.6 - 12.5,34.6,37.7
202206010704,12.9 - 12.6 - 13.9 - 13.9 - 12.4 - 12.7 - 13.1 - 12.9 - 12.4,39.4,38.4
202206010705,12.2 - 11.6 - 11.5 - 11.5 - 12.2 - 11.5 - 12.0 - 12.8,35.3,36.3
202206010706,12.7 - 11.5 - 12.8 - 12.1 - 12.5 - 12.2 - 12.0 - 12.3 - 12.0 - 12.6,37.0,36.9
202206010707,11.7 - 10.5 - 11.7 - 12.5 - 12.4 - 13.1,33.9,38.0
202206010708,12.6 - 11.5 - 12.2 - 12.5 - 12.0 - 13.0 - 13.2 - 12.8 - 13.3,36.3,39.3
202206010709,11.8 - 12.6 - 12.4 - 13.1 - 12.0 - 11.7 - 11.6 - 11.4 - 12.1,36.8,35.1
202206010710,12.6 - 12.1 - 12.9 - 13.1 - 12.2 - 12.7 - 13.0 - 12.4 - 12.8,37.6,38.2
202206010711,12.5 - 11.4 - 13.8 - 12.2 - 12.2 - 11.8 - 11.9 - 11.8 - 11.3 - 12.4,37.7,35.5
202206010712,12.5 - 11.9 - 13.0 - 12.3 - 12.4 - 12.3 - 12.0 - 12.6 - 11.9 - 11.5 - 11.8,37.4,35.2
202206010801,11.7 - 10.6 - 11.5 - 12.4 - 12.6 - 13.8,33.8,38.8
202206010802,13.0 - 12.3 - 13.6 - 13.9 - 13.2 - 12.7 - 12.9 - 12.7 - 12.9,38.9,38.5
202206010803,12.8 - 12.2 - 13.3 - 12.9 - 12.3 - 12.6 - 13.1 - 13.0 - 14.2,38.3,40.3
202206010804,12.0 - 10.8 - 11.7 - 12.3 - 12.1 - 13.0,34.5,37.4
202206010805,12.7 - 11.6 - 12.7 - 12.5 - 12.9 - 12.7 - 12.3 - 12.2 - 12.2 - 11.7 - 12.4,37.0,36.3
202206010806,13.0 - 11.6 - 13.9 - 12.7 - 12.8 - 12.2 - 12.3 - 12.1 - 11.6 - 12.2,38.5,35.9
202206010807,12.9 - 12.2 - 12.9 - 12.9 - 12.3 - 12.0 - 12.8 - 12.5 - 13.5,38.0,38.8
202206010808,12.0 - 10.4 - 11.7 - 12.2 - 12.1 - 13.0,34.1,37.3
202206010809,12.4 - 12.7 - 12.0 - 12.8 - 11.8 - 11.5 - 12.0 - 11.8 - 12.1,37.1,35.9
202206010810,11.8 - 10.6 - 11.5 - 12.3 - 11.9 - 13.0,33.9,37.2
202206010811,12.5 - 11.4 - 12.6 - 12.3 - 12.4 - 12.1 - 11.9 - 11.8 - 11.8 - 11.7 - 12.2,36.5,35.7
202206010812,12.8 - 11.6 - 11.7 - 12.2 - 12.5 - 12.0 - 11.3 - 11.7,36.1,35.0
202206020101,12.8 - 12.1 - 12.9 - 13.2 - 12.6 - 12.9 - 12.8 - 12.5 - 12.9,37.8,38.2
202206020102,12.0 - 11.1 - 11.5 - 12.4 - 12.4 - 13.4,34.6,38.2
202206020103,12.7 - 11.8 - 12.8 - 12.9 - 12.8 - 12.9 - 12.8 - 12.9 - 13.2,37.3,38.9
202206020104,12.3 - 10.8 - 11.8 - 12.3 - 12.0 - 13.1,34.9,37.4
202206020105,12.5 - 11.4 - 11.8 - 12.4 - 12.0 - 11.8 - 11.5 - 12.0,35.7,35.3
202206020106,12.0 - 10.9 - 12.0 - 12.5 - 12.3 - 12.1 - 12.4 - 12.7 - 11.9 - 12.3,34.9,36.9
202206020107,12.7 - 11.8 - 12.6 - 12.5 - 13.2 - 13.3 - 13.0 - 12.3 - 12.3,37.1,37.6
202206020108,12.4 - 11.5 - 12.7 - 13.3 - 12.9 - 12.6 - 13.0 - 13.3 - 13.4,36.6,39.7
202206020109,12.4 - 11.2 - 12.5 - 12.7 - 13.0 - 12.9 - 12.6 - 12.5 - 11.8 - 11.6 - 12.1,36.1,35.5
202206020110,12.5 - 11.8 - 12.5 - 12.3 - 12.0 - 12.1 - 11.7 - 11.3 - 11.7,36.8,34.7
202206020111,12.4 - 11.7 - 11.5 - 11.7 - 11.9 - 11.7 - 11.3 - 11.9,35.6,34.9
202206020112,12.0 - 10.7 - 11.6 - 12.3 - 12.3 - 12.8,34.3,37.4
202206020201,12.1 - 11.1 - 11.9 - 12.8 - 12.4 - 13.1,35.1,38.3
202206020202,12.8 - 11.4 - 12.5 - 13.1 - 13.0 - 13.2 - 13.6 - 13.1 - 14.0,36.7,40.7
202206020203,12.2 - 11.1 - 12.1 - 12.5 - 12.4 - 12.9,35.4,37.8
202206020204,12.7 - 12.0 - 13.1 - 13.6 - 13.3 - 12.9 - 13.0 - 13.1 - 13.1,37.8,39.2
202206020205,12.4 - 10.6 - 11.5 - 12.3 - 12.5 - 12.7 - 12.5 - 12.3 - 12.1 - 12.4,34.5,36.8
202206020206,13.0 - 12.2 - 13.4 - 13.0 - 12.4 - 12.4 - 12.7 - 12.7 - 13.6,38.6,39.0
202206020207,12.1 - 11.6 - 11.8 - 12.5 - 12.5 - 11.9 - 11.0 - 12.0,35.5,34.9
202206020208,12.1 - 10.7 - 11.3 - 12.5 - 12.3 - 13.8,34.1,38.6
202206020209,12.9 - 11.9 - 12.2 - 12.0 - 11.8 - 11.9 - 11.6 - 11.4 - 12.7,37.0,35.7
202206020210,11.5 - 10.2 - 11.3 - 11.8 - 12.4 - 13.9,33.0,38.1
202206020211,12.7 - 11.2 - 11.3 - 11.1 - 11.3 - 11.5 - 11.6 - 12.2 - 13.5,35.2,37.3
202206020212,13.1 - 11.9 - 12.9 - 12.8 - 12.2 - 12.6 - 13.2 - 13.0 - 13.4,37.9,39.6
202206020301,12.8 - 11.9 - 12.8 - 13.5 - 13.1 - 12.9 - 12.8 - 13.1 - 13.5,37.5,39.4
202206020302,12.2 - 10.8 - 11.6 - 12.3 - 12.3 - 13.0,34.6,37.6
202206020303,12.8 - 11.9 - 12.8 - 13.6 - 12.7 - 12.7 - 13.0 - 12.9 - 13.3,37.5,39.2
202206020305,12.4 - 11.6 - 11.6 - 12.2 - 12.1 - 11.7 - 11.5 - 12.3,35.6,35.5
202206020306,12.6 - 11.6 - 12.7 - 12.7 - 12.6 - 12.7 - 12.2 - 11.1 - 11.7,36.9,35.0
202206020307,12.4 - 11.0 - 12.1 - 12.8 - 12.6 - 13.1,35.5,38.5
202206020308,12.3 - 11.0 - 11.8 - 12.3 - 12.4 - 12.1 - 11.1 - 11.7,35.1,34.9
202206020309,7.4 - 11.8 - 12.0 - 12.4 - 12.7 - 13.1 - 12.9 - 12.7 - 12.3 - 11.7 - 11.3 - 11.6 - 12.4,31.2,35.3
202206020310,12.3 - 11.4 - 12.8 - 13.3 - 12.2 - 12.2 - 12.6 - 12.3 - 13.0,36.5,37.9
202206020311,11.9 - 10.6 - 10.9 - 11.3 - 11.2 - 12.0,33.4,34.5
202206020312,12.1 - 11.4 - 12.8 - 13.7 - 12.9 - 12.6 - 12.6 - 12.8 - 13.2,36.3,38.6
202206020401,13.0 - 12.9 - 13.2 - 13.5 - 13.1 - 12.6 - 13.1 - 13.0 - 13.8,39.1,39.9
202206020402,12.0 - 10.7 - 11.7 - 12.7 - 12.6 - 13.5,34.4,38.8
202206020403,12.9 - 12.4 - 13.1 - 12.7 - 12.1 - 12.5 - 13.2 - 13.7 - 14.3,38.4,41.2
202206020404,11.7 - 10.3 - 11.0 - 12.2 - 13.0 - 14.8,33.0,40.0
202206020405,12.8 - 11.6 - 12.7 - 12.8 - 12.6 - 12.5 - 11.9 - 11.7 - 11.6 - 11.8 - 12.1,37.1,35.5
202206020406,12.8 - 11.7 - 11.9 - 12.1 - 12.2 - 12.0 - 11.0 - 11.8,36.4,34.8
202206020407,12.9 - 12.0 - 12.7 - 12.7 - 12.5 - 12.9 - 12.9 - 12.8 - 13.9,37.6,39.6
202206020408,12.6 - 11.2 - 11.3 - 11.4 - 11.5 - 11.7 - 11.7 - 12.0,35.1,35.4
202206020409,12.5 - 11.7 - 12.3 - 11.1 - 11.5 - 11.8 - 12.1 - 12.4 - 12.3 - 12.1 - 12.6,36.5,37.0
202206020410,12.7 - 12.1 - 13.1 - 13.4 - 12.6 - 12.4 - 12.4 - 12.1 - 13.3,37.9,37.8
202206020411,12.7 - 11.6 - 11.9 - 12.5 - 12.4 - 12.4 - 11.8 - 11.5 - 11.4 - 12.3,36.2,35.2
202206020412,11.9 - 10.4 - 11.2 - 12.5 - 12.8 - 13.2,33.5,38.5
202206020501,12.5 - 11.8 - 12.5 - 12.9 - 12.3 - 12.7 - 13.4 - 13.5 - 14.4,36.8,41.3
202206020502,11.9 - 10.9 - 11.6 - 12.2 - 12.3 - 13.0,34.4,37.5
202206020503,12.8 - 11.8 - 12.8 - 13.1 - 12.7 - 12.9 - 13.1 - 12.9 - 13.5,37.4,39.5
202206020504,12.0 - 10.6 - 11.3 - 12.1 - 12.6 - 14.0,33.9,38.7
202206020505,12.8 - 11.7 - 12.8 - 12.9 - 12.2 - 11.7 - 11.8 - 11.5 - 12.2,37.3,35.5
202206020506,12.6 - 11.5 - 12.3 - 12.7 - 12.4 - 12.7 - 13.4 - 14.1 - 15.0,36.4,42.5
202206020507,12.3 - 10.6 - 11.9 - 12.6 - 12.6 - 12.4 - 12.6 - 12.0 - 11.4 - 12.0,34.8,35.4
202206020508,12.2 - 11.0 - 11.8 - 12.6 - 12.1 - 12.9,35.0,37.6
202206020509,12.3 - 11.6 - 12.4 - 13.2 - 12.6 - 12.6 - 12.7 - 12.8 - 13.3,36.3,38.8
202206020510,11.6 - 10.5 - 10.9 - 11.3 - 11.4 - 12.2,33.0,34.9
202206020511,12.1 - 11.7 - 12.4 - 12.2 - 11.8 - 11.6 - 11.5 - 11.7 - 11.8,36.2,35.0
202206020512,11.8 - 10.9 - 11.3 - 11.4 - 11.3 - 12.1,34.0,34.8
202206020601,12.7 - 11.7 - 12.4 - 12.9 - 12.7 - 13.2 - 13.4 - 13.3 - 13.9,36.8,40.6
202206020602,12.1 - 11.0 - 12.0 - 12.5 - 12.4 - 12.7,35.1,37.6
202206020603,12.7 - 11.7 - 13.3 - 14.0 - 12.6 - 12.6 - 13.3 - 13.0 - 13.7,37.7,40.0
202206020605,12.2 - 11.4 - 12.2 - 12.6 - 12.5 - 12.2 - 11.7 - 12.0 - 11.6 - 12.1,35.8,35.7
202206020606,12.4 - 11.5 - 12.6 - 13.5 - 12.6 - 12.7 - 12.7 - 12.7 - 13.7,36.5,39.1
202206020607,11.9 - 10.3 - 11.0 - 11.7 - 11.5 - 12.1,33.2,35.3
202206020608,13.3 - 12.5 - 13.0 - 13.1 - 14.0 - 13.8 - 13.7 - 12.8 - 12.3 - 12.7 - 12.9 - 13.5,38.8,39.1
202206020609,12.6 - 11.6 - 11.6 - 11.9 - 12.0 - 12.1 - 12.1 - 11.4 - 12.4,35.8,35.9
202206020610,12.3 - 11.4 - 11.8 - 12.0 - 12.0 - 11.9 - 11.0 - 11.7,35.5,34.6
202206020611,12.2 - 11.5 - 11.7 - 12.3 - 12.1 - 11.5 - 11.0 - 12.1,35.4,34.6
202206020612,12.0 - 10.5 - 11.6 - 12.7 - 12.8 - 13.0,34.1,38.5
202206020701,12.6 - 11.9 - 12.7 - 12.8 - 12.3 - 12.2 - 12.9 - 13.3 - 13.7,37.2,39.9
202206020702,12.1 - 10.9 - 11.6 - 12.2 - 12.3 - 13.1,34.6,37.6
202206020703,12.9 - 11.9 - 12.8 - 13.0 - 12.0 - 12.3 - 12.7 - 12.9 - 13.6,37.6,39.2
202206020704,12.3 - 11.4 - 11.5 - 11.8 - 12.1 - 12.3 - 11.9 - 12.3,35.2,36.5
202206020705,12.5 - 11.7 - 12.4 - 12.9 - 13.0 - 12.4 - 12.3 - 12.4 - 11.7 - 12.6,36.6,36.7
202206020706,11.7 - 10.3 - 11.1 - 12.2 - 12.2 - 12.8,33.1,37.2
202206020707,12.6 - 11.7 - 12.3 - 12.6 - 12.1 - 12.1 - 12.5 - 12.9 - 14.0,36.6,39.4
202206020708,12.5 - 12.2 - 12.7 - 12.9 - 12.5 - 11.5 - 11.9 - 12.0 - 11.8 - 12.3,37.4,36.1
202206020709,12.7 - 11.6 - 12.2 - 12.1 - 11.7 - 11.7 - 11.7 - 11.5 - 12.6,36.5,35.8
202206020710,11.9 - 10.7 - 11.1 - 12.0 - 12.0 - 12.3,33.7,36.3
202206020711,12.9 - 11.6 - 12.2 - 12.1 - 12.0 - 12.3 - 12.0 - 11.3 - 12.0,36.7,35.3
202206020712,12.2 - 10.5 - 11.2 - 12.2 - 12.0 - 12.8,33.9,37.0
202206020801,11.9 - 10.7 - 11.5 - 12.5 - 12.4 - 12.9,34.1,37.8
202206020802,12.7 - 11.3 - 13.4 - 13.7 - 12.5 - 12.4 - 12.5 - 13.1 - 12.9,37.4,38.5
202206020803,12.1 - 10.8 - 11.6 - 12.1 - 12.2 - 13.1,34.5,37.4
202206020805,12.5 - 11.2 - 12.3 - 12.6 - 12.7 - 12.4 - 12.8 - 12.4 - 11.8 - 11.8 - 12.5,36.0,36.1
202206020806,12.1 - 11.0 - 11.3 - 11.9 - 12.4 - 12.3 - 11.4 - 12.2,34.4,35.9
202206020807,12.3 - 11.4 - 12.3 - 12.7 - 12.4 - 12.1 - 12.1 - 11.9 - 11.9 - 12.4,36.0,36.2
202206020808,12.0 - 10.8 - 11.4 - 11.9 - 12.1 - 13.1,34.2,37.1
202206020809,12.5 - 11.2 - 11.5 - 11.6 - 11.8 - 12.0 - 11.5 - 12.4,35.2,35.9
202206020810,12.6 - 11.8 - 12.8 - 13.1 - 12.7 - 12.5 - 12.4 - 11.5 - 12.4,37.2,36.3
202206020811,12.8 - 11.9 - 12.2 - 12.2 - 12.2 - 11.8 - 12.0 - 11.4 - 12.0,36.9,35.4
202206020812,13.2 - 12.4 - 12.1 - 12.1 - 13.2 - 14.4 - 15.3 - 14.0 - 12.2 - 12.4 - 12.3 - 12.7,37.7,37.4
202206030101,12.1 - 10.7 - 12.1 - 12.8 - 12.1 - 12.6,34.9,37.5
202206030102,12.6 - 12.0 - 13.0 - 13.5 - 13.0 - 12.6 - 13.3 - 12.4 - 12.7,37.6,38.4
202206030103,12.2 - 11.1 - 12.1 - 12.7 - 12.0 - 13.2,35.4,37.9
202206030104,12.3 - 11.7 - 11.8 - 12.2 - 12.2 - 12.1 - 11.3 - 11.9,35.8,35.3
202206030105,12.0 - 10.8 - 11.3 - 11.6 - 11.3 - 12.1,34.1,35.0
202206030106,12.6 - 11.5 - 12.0 - 11.9 - 12.2 - 12.5 - 12.4 - 11.5 - 11.8,36.1,35.7
202206030107,12.7 - 12.0 - 12.9 - 13.1 - 12.4 - 12.8 - 13.1 - 12.5 - 12.7,37.6,38.3
202206030109,12.1 - 10.8 - 11.4 - 12.1 - 12.3 - 12.9,34.3,37.3
202206030110,12.5 - 11.5 - 12.3 - 13.1 - 12.5 - 12.2 - 12.5 - 12.4 - 13.1,36.3,38.0
202206030111,6.9 - 12.0 - 12.6 - 12.6 - 12.7 - 13.4 - 13.4 - 12.8 - 12.3 - 12.0 - 11.7 - 11.2 - 11.8,31.5,34.7
202206030112,12.3 - 11.3 - 12.5 - 13.1 - 13.0 - 13.1 - 12.7 - 12.5 - 12.9,36.1,38.1
202206030201,12.7 - 11.7 - 13.0 - 13.3 - 12.8 - 12.8 - 13.3 - 12.7 - 13.3,37.4,39.3
202206030202,12.0 - 10.9 - 11.7 - 12.0 - 11.8 - 12.7,34.6,36.5
202206030203,12.9 - 12.0 - 12.9 - 13.0 - 12.4 - 12.3 - 13.0 - 12.3 - 13.1,37.8,38.4
202206030204,12.9 - 11.7 - 12.5 - 12.5 - 12.1 - 12.4 - 12.4 - 11.7 - 12.2,37.1,36.3
202206030205,11.8 - 10.4 - 11.1 - 12.6 - 12.1 - 12.7,33.3,37.4
202206030206,12.5 - 11.7 - 12.9 - 13.2 - 12.4 - 12.4 - 12.9 - 12.5 - 13.0,37.1,38.4
202206030207,12.2 - 10.8 - 11.6 - 12.4 - 12.0 - 12.7,34.6,37.1
202206030208,12.7 - 12.0 - 12.7 - 11.9 - 11.9 - 11.8 - 11.8 - 11.6 - 12.4,37.4,35.8
202206030209,12.8 - 11.3 - 12.3 - 12.9 - 12.6 - 12.2 - 12.3 - 12.0 - 11.8 - 12.4,36.4,36.2
202206030210,12.4 - 11.2 - 11.3 - 11.5 - 11.6 - 12.0 - 11.8 - 12.3,34.9,36.1
202206030211,12.5 - 11.3 - 12.1 - 12.7 - 12.3 - 12.1 - 12.5 - 12.0 - 12.7,35.9,37.2
202206030212,11.7 - 10.6 - 11.3 - 11.9 - 11.4 - 12.2,33.6,35.5
202206030301,12.7 - 11.3 - 12.7 - 13.7 - 13.3 - 12.2 - 12.6 - 12.6 - 13.3,36.7,38.5
202206030302,11.9 - 11.1 - 11.7 - 12.5 - 12.1 - 13.2,34.7,37.8
202206030303,12.6 - 11.4 - 12.2 - 12.6 - 12.8 - 13.5 - 13.0 - 13.2 - 13.8,36.2,40.0
202206030304,12.2 - 10.8 - 11.7 - 12.3 - 12.1 - 12.7,34.7,37.1
202206030305,12.6 - 11.1 - 13.3 - 12.4 - 12.7 - 12.5 - 12.3 - 12.0 - 11.7 - 11.6,37.0,35.3
202206030306,12.6 - 11.9 - 12.5 - 13.2 - 12.7 - 12.7 - 12.9 - 12.8 - 13.1,37.0,38.8
202206030307,12.5 - 11.3 - 11.6 - 11.7 - 11.8 - 12.1 - 11.7 - 11.5,35.4,35.3
202206030308,12.7 - 12.3 - 12.7 - 12.8 - 13.4 - 13.5 - 13.2 - 12.6 - 12.5 - 12.9 - 12.9 - 13.6,37.7,39.4
202206030309,12.6 - 11.5 - 12.4 - 13.3 - 12.6 - 12.4 - 12.6 - 12.8 - 13.0,36.5,38.4
202206030310,7.3 - 12.0 - 12.5 - 12.8 - 12.9 - 13.4 - 13.2 - 13.5 - 12.1 - 11.5 - 11.3 - 11.5 - 11.8,31.8,34.6
202206030311,12.2 - 10.9 - 11.1 - 11.3 - 11.6 - 11.7 - 11.8 - 11.7,34.2,35.2
202206030312,12.2 - 10.7 - 11.7 - 12.1 - 11.8 - 13.0,34.6,36.9
202206030401,12.9 - 11.8 - 12.8 - 12.9 - 12.5 - 12.8 - 13.3 - 13.3 - 13.8,37.5,40.4
202206030402,12.0 - 10.5 - 11.7 - 12.3 - 12.1 - 13.2,34.2,37.6
202206030403,12.8 - 11.8 - 12.4 - 12.9 - 12.5 - 12.9 - 13.1 - 13.0 - 13.6,37.0,39.7
202206030405,12.8 - 11.9 - 12.8 - 12.8 - 12.8 - 12.6 - 12.6 - 12.3 - 12.1 - 12.1 - 12.1,37.5,36.3
202206030406,12.5 - 11.6 - 12.4 - 12.7 - 12.6 - 12.5 - 12.9 - 13.3 - 14.0,36.5,40.2
202206030407,12.3 - 11.5 - 11.7 - 11.6 - 11.8 - 12.1 - 12.1 - 12.1,35.5,36.3
202206030408,12.8 - 11.6 - 12.7 - 13.4 - 12.4 - 11.9 - 12.8 - 12.9 - 13.6,37.1,39.3
202206030409,13.0 - 12.3 - 12.7 - 12.8 - 13.2 - 12.8 - 12.5 - 12.1 - 11.9 - 12.0 - 11.8,38.0,35.7
202206030410,13.0 - 11.8 - 11.8 - 11.9 - 12.0 - 11.8 - 11.6 - 11.7,36.6,35.1
202206030411,12.5 - 11.6 - 12.8 - 12.3 - 12.2 - 12.0 - 12.2 - 12.1 - 11.7 - 12.7,36.9,36.5
202206030412,12.0 - 10.5 - 11.6 - 12.5 - 12.0 - 12.6,34.1,37.1
202206030501,12.2 - 10.8 - 12.2 - 12.4 - 12.0 - 13.1,35.2,37.5
202206030502,12.8 - 11.5 - 12.4 - 13.1 - 13.2 - 13.1 - 13.2 - 12.8 - 13.4,36.7,39.4
202206030503,12.6 - 10.9 - 12.1 - 12.7 - 11.9 - 12.4,35.6,37.0
202206030504,12.7 - 11.3 - 12.6 - 13.9 - 13.4 - 13.3 - 13.1 - 12.5 - 12.9,36.6,38.5
202206030505,12.4 - 10.6 - 11.6 - 12.1 - 12.4 - 12.2 - 12.5 - 12.4 - 12.4 - 12.2,34.6,37.0
202206030506,12.3 - 10.9 - 12.1 - 12.6 - 12.2 - 13.1,35.3,37.9
202206030507,12.3 - 11.0 - 12.1 - 13.1 - 12.6 - 12.9 - 12.7 - 12.5 - 14.0,35.4,39.2
202206030508,12.3 - 11.3 - 11.7 - 12.4 - 12.3 - 12.2 - 11.7 - 11.5 - 12.1,35.3,35.3
202206030509,13.3 - 12.1 - 13.3 - 12.6 - 12.5 - 13.1 - 13.5 - 12.8 - 12.7 - 12.9 - 12.8 - 13.2,38.7,38.9
202206030510,11.9 - 10.3 - 11.0 - 11.0 - 11.8 - 11.7,33.2,34.5
202206030511,12.3 - 11.2 - 11.2 - 12.1 - 12.0 - 11.7 - 11.4 - 11.6,34.7,34.7
202206030512,12.9 - 11.9 - 12.8 - 12.8 - 12.4 - 12.9 - 12.8 - 12.3 - 13.1,37.6,38.2
202206030601,12.1 - 10.5 - 11.3 - 12.2 - 12.2 - 12.4,33.9,36.8
202206030602,12.7 - 11.1 - 12.4 - 13.2 - 12.5 - 12.4 - 13.5 - 13.8 - 14.8,36.2,42.1
202206030603,12.4 - 11.3 - 11.7 - 11.8 - 11.9 - 11.8 - 11.7 - 12.0,35.4,35.5
202206030604,12.5 - 11.4 - 12.4 - 12.8 - 12.9 - 12.0 - 11.6 - 11.8 - 12.0 - 12.1,36.3,35.9
202206030605,11.9 - 10.5 - 11.4 - 12.5 - 12.2 - 13.2,33.8,37.9
202206030606,12.6 - 11.9 - 11.5 - 11.8 - 11.6 - 11.7 - 11.5 - 11.6 - 12.4,36.0,35.5
202206030607,12.9 - 11.7 - 12.8 - 13.0 - 12.3 - 12.5 - 13.0 - 12.8 - 13.3,37.4,39.1
202206030608,12.2 - 10.7 - 11.3 - 12.4 - 12.4 - 12.7,34.2,37.5
202206030609,12.4 - 10.7 - 12.0 - 12.4 - 12.8 - 12.2 - 12.0 - 11.7 - 11.2 - 11.8,35.1,34.7
202206030610,12.3 - 11.5 - 12.3 - 12.6 - 12.3 - 12.5 - 12.7 - 12.3 - 13.1,36.1,38.1
202206030611,12.0 - 10.5 - 10.7 - 11.2 - 11.3 - 11.1,33.2,33.6
202206030612,12.2 - 10.5 - 11.5 - 12.2 - 12.5 - 13.0,34.2,37.7
202206030701,12.0 - 10.5 - 11.4 - 12.6 - 12.2 - 12.7,33.9,37.5
202206030702,12.9 - 11.3 - 12.3 - 12.8 - 12.4 - 12.9 - 13.1 - 12.8 - 13.8,36.5,39.7
202206030703,12.3 - 10.5 - 11.4 - 12.1 - 12.2 - 13.1,34.2,37.4
202206030704,13.2 - 12.2 - 12.6 - 13.0 - 12.2 - 12.6 - 12.7 - 12.2 - 13.1,38.0,38.0
202206030705,12.7 - 11.2 - 11.8 - 12.0 - 12.5 - 12.5 - 11.7 - 11.8,35.7,36.0
202206030706,11.7 - 10.3 - 10.9 - 11.6 - 11.8 - 12.4,32.9,35.8
202206030707,12.8 - 11.7 - 12.7 - 12.9 - 12.9 - 12.3 - 12.0 - 11.9 - 12.0 - 12.0 - 12.4,37.2,36.4
202206030708,11.9 - 10.1 - 11.1 - 12.1 - 12.2 - 12.9,33.1,37.2
202206030709,13.0 - 11.6 - 12.5 - 12.3 - 12.1 - 11.2 - 12.0 - 11.9 - 11.5 - 12.2,37.1,35.6
202206030710,13.2 - 12.1 - 12.6 - 12.5 - 12.2 - 12.7 - 11.8 - 11.9 - 12.9,37.9,36.6
202206030712,13.0 - 11.8 - 12.7 - 13.1 - 12.3 - 12.1 - 12.1 - 12.2 - 12.9,37.5,37.2
202206030801,12.9 - 12.7 - 13.6 - 13.7 - 12.4 - 12.2 - 12.6 - 12.7 - 13.7,39.2,39.0
202206030802,12.2 - 10.9 - 12.0 - 12.5 - 12.1 - 12.3,35.1,36.9
202206030803,13.0 - 11.8 - 12.9 - 13.5 - 12.7 - 12.6 - 12.9 - 12.8 - 13.0,37.7,38.7
202206030804,12.6 - 11.0 - 11.9 - 12.5 - 12.4 - 12.6 - 13.1 - 12.7 - 12.4 - 11.6 - 12.1,35.5,36.1
202206030805,12.5 - 11.6 - 12.7 - 13.2 - 12.2 - 12.1 - 12.6 - 12.3 - 12.9,36.8,37.8
202206030806,12.3 - 10.8 - 11.8 - 12.2 - 12.1 - 12.5,34.9,36.8
202206030807,12.9 - 12.0 - 12.8 - 13.2 - 12.7 - 12.0 - 12.4 - 12.6 - 12.9,37.7,37.9
202206030808,11.9 - 10.8 - 11.2 - 11.5 - 11.4 - 11.8,33.9,34.7
202206030809,12.7 - 11.6 - 12.6 - 12.1 - 12.4 - 12.2 - 12.0 - 11.8 - 11.7 - 11.9,36.9,35.4
202206030810,12.2 - 10.4 - 11.1 - 11.9 - 12.1 - 12.8,33.7,36.8
202206030811,12.6 - 11.0 - 11.6 - 12.2 - 12.8 - 12.3 - 12.3 - 12.0 - 11.4 - 11.5,35.2,34.9
202206030812,7.3 - 11.0 - 11.5 - 11.4 - 12.1 - 12.8 - 12.3 - 12.8 - 13.0 - 13.1 - 12.4 - 11.5 - 11.6,29.8,35.5
202206040102,12.5 - 11.1 - 11.8 - 12.1 - 12.2 - 11.5 - 11.2 - 11.9,35.4,34.6
202206040103,12.7 - 12.2 - 13.0 - 13.1 - 12.4 - 12.2 - 12.5 - 13.5 - 14.3,37.9,40.3
202206040104,12.2 - 10.6 - 11.7 - 12.1 - 11.9 - 12.8,34.5,36.8
202206040105,12.7 - 11.3 - 12.9 - 12.1 - 12.2 - 12.0 - 12.3 - 12.4 - 12.2 - 12.5,36.9,37.1
202206040106,11.7 - 10.5 - 11.1 - 11.7 - 12.4 - 13.4,33.3,37.5
202206040107,12.6 - 11.6 - 11.3 - 12.1 - 11.3 - 11.9 - 11.7 - 12.3 - 12.5,35.5,36.5
202206040108,12.3 - 11.9 - 13.4 - 12.8 - 12.1 - 12.7 - 12.6 - 12.6 - 13.7,37.6,38.9
202206040109,12.7 - 11.7 - 12.3 - 12.4 - 12.2 - 11.5 - 11.2 - 11.8,36.7,34.5
202206040110,11.6 - 10.4 - 10.6 - 10.9 - 11.7 - 12.4,32.6,35.0
202206040111,12.2 - 11.4 - 12.3 - 12.2 - 12.7 - 12.3 - 11.7 - 11.4 - 11.4 - 12.3,35.9,35.1
202206040112,11.8 - 11.2 - 11.8 - 12.2 - 11.9 - 12.1,34.8,36.2
202206040201,11.8 - 10.4 - 11.3 - 12.0 - 12.7 - 12.8,33.5,37.5
202206040202,12.8 - 11.4 - 12.8 - 13.0 - 13.3 - 13.0 - 12.7 - 11.7 - 11.8 - 11.3,37.0,34.8
202206040203,13.2 - 13.1 - 13.9 - 13.7 - 12.6 - 12.0 - 12.2 - 12.7 - 14.0,40.2,38.9
202206040204,11.7 - 10.4 - 11.1 - 12.0 - 12.5 - 13.4,33.2,37.9
202206040205,12.4 - 11.6 - 12.0 - 12.1 - 11.7 - 11.9 - 11.8 - 11.7,36.0,35.4
202206040206,12.7 - 11.9 - 13.0 - 13.1 - 12.4 - 12.0 - 12.3 - 12.8 - 13.0,37.6,38.1
202206040207,12.2 - 10.9 - 11.2 - 11.6 - 11.7 - 11.7 - 11.6 - 12.2,34.3,35.5
202206040208,12.6 - 12.3 - 13.3 - 13.2 - 12.2 - 12.0 - 12.2 - 12.8 - 13.6,38.2,38.6
202206040209,12.5 - 12.5 - 11.9 - 12.2 - 12.0 - 11.9 - 11.7 - 11.7 - 11.4,36.9,34.8
202206040210,11.7 - 10.5 - 11.0 - 11.2 - 11.4 - 11.8,33.2,34.4
202206040211,12.7 - 11.4 - 11.4 - 12.0 - 11.7 - 11.3 - 11.3 - 11.8,35.5,34.4
202206040212,11.7 - 10.5 - 11.3 - 12.1 - 12.2 - 13.0,33.5,37.3
202206040301,11.9 - 10.8 - 11.6 - 12.1 - 11.9 - 13.1,34.3,37.1
202206040302,12.8 - 12.5 - 13.2 - 13.1 - 12.8 - 12.4 - 12.6 - 12.5 - 12.5,38.5,37.6
202206040303,12.2 - 11.0 - 11.4 - 11.1 - 11.5 - 11.9,34.6,34.5
202206040304,12.6 - 12.4 - 13.0 - 13.2 - 12.8 - 13.0 - 12.9 - 12.7 - 12.6,38.0,38.2
202206040305,13.0 - 12.7 - 12.5 - 12.6 - 12.4 - 12.3 - 12.0 - 11.4 - 11.2,38.2,34.6
202206040306,11.9 - 10.7 - 11.6 - 12.1 - 12.0 - 12.8,34.2,36.9
202206040307,7.1 - 12.4 - 13.0 - 12.9 - 12.8 - 13.3 - 12.8 - 12.8 - 11.8 - 11.9 - 11.6 - 11.7 - 11.3,32.5,34.6
202206040308,12.3 - 11.3 - 12.7 - 13.7 - 12.5 - 12.3 - 12.5 - 12.5 - 12.5,36.3,37.5
202206040309,13.3 - 12.9 - 13.6 - 12.9 - 13.3 - 14.1 - 13.5 - 12.6 - 12.4 - 12.1 - 12.0 - 12.6,39.8,36.7
202206040310,12.6 - 11.8 - 12.1 - 12.3 - 12.2 - 11.0 - 11.1 - 11.2,36.5,33.3
202206040311,11.9 - 10.6 - 11.3 - 12.2 - 12.3 - 12.0,33.8,36.5
202206040312,12.3 - 11.2 - 11.9 - 12.0 - 12.6 - 12.4 - 12.2 - 11.9 - 11.8 - 11.4,35.4,35.1
202206040401,12.1 - 10.7 - 11.9 - 12.2 - 12.2 - 13.1,34.7,37.5
202206040402,12.5 - 11.1 - 12.4 - 12.6 - 13.3 - 12.4 - 12.3 - 12.0 - 12.0 - 11.9,36.0,35.9
202206040403,12.5 - 11.6 - 13.2 - 13.5 - 12.9 - 13.0 - 12.9 - 13.0 - 13.5,37.3,39.4
202206040404,12.3 - 11.1 - 11.9 - 11.8 - 11.7 - 11.4,35.3,34.9
202206040405,12.9 - 11.8 - 12.9 - 12.6 - 12.8 - 12.2 - 11.9 - 11.5,37.6,35.6
202206040406,12.5 - 11.5 - 12.4 - 13.2 - 12.4 - 11.8 - 12.3 - 12.8 - 13.5,36.4,38.6
202206040407,12.3 - 10.8 - 11.4 - 11.9 - 11.7 - 12.1,34.5,35.7
202206040408,12.2 - 11.4 - 12.1 - 12.9 - 12.9 - 12.8 - 12.1 - 11.9 - 12.1,35.7,36.1
202206040409,11.8 - 10.5 - 11.6 - 11.9 - 12.2 - 12.5,33.9,36.6
202206040410,12.3 - 11.9 - 12.1 - 12.7 - 12.3 - 12.2 - 11.9 - 12.3 - 12.2,36.3,36.4
202206040411,12.5 - 11.9 - 12.2 - 12.3 - 12.1 - 12.1 - 12.3 - 12.2 - 12.7,36.6,37.2
202206040412,12.3 - 10.8 - 11.5 - 11.7 - 11.9 - 12.4,34.6,36.0
202206040502,12.9 - 11.7 - 12.0 - 12.0 - 12.1 - 11.7 - 11.5 - 11.4,36.6,34.6
202206040503,12.6 - 11.4 - 11.8 - 12.4 - 12.2 - 12.6,35.8,37.2
202206040504,12.4 - 11.7 - 11.7 - 12.6 - 13.1 - 12.2 - 12.0 - 11.9 - 11.5,35.8,35.4
202206040505,13.4 - 12.6 - 13.3 - 12.7 - 12.1 - 11.5 - 11.8 - 11.2,39.3,34.5
202206040506,12.7 - 11.7 - 12.9 - 12.7 - 13.0 - 12.5 - 12.7 - 11.9 - 11.8 - 11.7,37.3,35.4
202206040507,12.6 - 11.0 - 12.4 - 12.8 - 12.5 - 12.9 - 12.7 - 12.4 - 12.4,36.0,37.5
202206040508,13.1 - 11.9 - 12.5 - 12.2 - 12.4 - 13.3 - 13.3 - 12.7 - 12.8 - 13.6 - 13.2 - 13.1,37.5,39.9
202206040509,12.3 - 12.0 - 13.2 - 13.5 - 12.6 - 12.3 - 12.0 - 12.1 - 12.4,37.5,36.5
202206040510,12.3 - 10.9 - 12.7 - 12.1 - 12.5 - 11.8 - 12.4 - 11.8 - 11.7 - 11.8,35.9,35.3
202206040511,12.3 - 11.0 - 12.1 - 12.4 - 12.5 - 12.3 - 12.2 - 11.7 - 11.6 - 11.5 - 12.2,35.4,35.3
202206040512,11.9 - 10.6 - 11.6 - 12.5 - 12.0 - 12.6,34.1,37.1
202206040601,12.1 - 11.0 - 11.7 - 12.2 - 11.6 - 12.3,34.8,36.1
202206040602,12.2 - 11.6 - 12.0 - 12.1 - 12.0 - 11.9 - 11.5 - 12.2,35.8,35.6
202206040603,12.6 - 11.8 - 12.9 - 13.3 - 12.4 - 11.8 - 12.3 - 12.4 - 12.4,37.3,37.1
202206040604,12.1 - 11.2 - 11.5 - 11.4 - 11.0 - 11.1,34.8,33.5
202206040605,12.5 - 11.8 - 12.1 - 11.7 - 12.2 - 12.2 - 11.8 - 12.4,36.4,36.4
202206040606,12.6 - 10.7 - 12.6 - 11.9 - 12.7 - 12.2 - 12.0 - 11.6 - 11.6 - 12.1,35.9,35.3
202206040607,12.6 - 11.5 - 12.2 - 12.3 - 12.0 - 12.0 - 12.1 - 11.8 - 12.7,36.3,36.6
202206040609,11.9 - 10.6 - 11.3 - 11.8 - 11.4 - 12.4,33.8,35.6
202206040610,7.4 - 12.1 - 12.7 - 12.4 - 12.0 - 14.0 - 12.6 - 12.6 - 11.5 - 12.2 - 11.9 - 11.8 - 12.2,32.2,35.9
202206040611,11.9 - 10.2 - 10.9 - 11.7 - 11.4 - 12.3,33.0,35.4
202206040612,12.4 - 11.3 - 12.6 - 12.8 - 12.5 - 12.0 - 12.4 - 12.3 - 12.4,36.3,37.1
202206040701,12.9 - 11.0 - 12.5 - 12.6 - 12.6 - 12.4 - 12.7 - 13.3 - 14.2,36.4,40.2
202206040702,12.0 - 10.5 - 11.3 - 11.3 - 11.7 - 12.6,33.8,35.6
202206040703,12.6 - 12.5 - 11.7 - 12.3 - 12.0 - 12.3 - 12.0 - 12.0 - 12.5,36.8,36.5
202206040704,12.1 - 10.7 - 11.4 - 12.6 - 12.6 - 12.9,34.2,38.1
202206040705,13.1 - 11.6 - 13.9 - 13.2 - 13.6 - 12.8 - 13.0 - 12.1 - 11.4 - 11.6,38.6,35.1
202206040706,11.8 - 10.5 - 11.2 - 11.7 - 12.0 - 12.6,33.5,36.3
202206040707,12.4 - 11.5 - 11.5 - 11.4 - 11.7 - 11.8 - 12.1 - 12.1,35.4,36.0
202206040708,12.9 - 12.2 - 12.4 - 12.3 - 12.2 - 12.6 - 12.6 - 12.8 - 13.3,37.5,38.7
202206040709,12.5 - 11.1 - 11.0 - 11.2 - 11.6 - 11.9 - 11.9 - 12.8,34.6,36.6
202206040710,12.6 - 11.3 - 12.5 - 13.1 - 11.9 - 12.3 - 12.4 - 12.3 - 13.5,36.4,38.2
202206040711,12.3 - 11.6 - 12.6 - 12.4 - 12.2 - 12.1 - 12.0 - 11.9 - 11.8 - 11.7 - 12.1,36.5,35.6
202206040712,11.7 - 10.4 - 11.1 - 11.5 - 11.8 - 13.2,33.2,36.5
202206040802,11.9 - 10.8 - 11.3 - 11.6 - 11.4 - 12.4,34.0,35.4
202206040803,12.9 - 11.8 - 13.1 - 12.9 - 12.5 - 12.8 - 12.8 - 13.0 - 13.7,37.8,39.5
202206040804,12.7 - 10.7 - 12.7 - 12.4 - 12.8 - 12.1 - 12.4 - 12.0 - 12.3 - 12.5,36.1,36.8
202206040805,12.9 - 12.2 - 12.4 - 12.3 - 12.3 - 11.8 - 11.2 - 11.3,37.5,34.3
202206040806,12.0 - 10.9 - 12.0 - 12.4 - 11.8 - 12.6,34.9,36.8
202206040807,12.9 - 12.0 - 13.5 - 13.7 - 12.4 - 12.0 - 12.1 - 12.4 - 13.0,38.4,37.5
202206040808,11.9 - 10.5 - 11.3 - 11.8 - 12.3 - 13.2,33.7,37.3
202206040809,12.6 - 12.1 - 14.1 - 13.2 - 13.1 - 12.2 - 12.2 - 11.7 - 11.4 - 11.8,38.8,34.9
202206040810,11.9 - 10.6 - 10.9 - 11.1 - 11.3 - 11.9,33.4,34.3
202206040811,12.5 - 10.9 - 11.0 - 11.3 - 11.6 - 11.7 - 12.0 - 12.3,34.4,36.0
202206040812,11.7 - 10.4 - 11.1 - 11.8 - 12.4 - 13.3,33.2,37.5
202206040901,11.9 - 10.4 - 11.2 - 12.6 - 12.9 - 13.7,33.5,39.2
202206040902,12.6 - 12.0 - 12.1 - 12.1 - 12.0 - 11.6 - 11.4 - 11.8,36.7,34.8
202206040903,12.1 - 11.3 - 11.9 - 11.6 - 11.4 - 11.9,35.3,34.9
202206040904,12.7 - 11.9 - 13.0 - 12.7 - 12.3 - 12.4 - 12.3 - 12.8 - 13.7,37.6,38.8
202206040905,12.6 - 12.8 - 12.1 - 12.9 - 12.1 - 12.5 - 11.8 - 11.4 - 11.8,37.5,35.0
202206040906,11.8 - 10.8 - 11.5 - 11.9 - 12.4 - 13.2,34.1,37.5
202206040907,12.7 - 11.2 - 13.1 - 12.5 - 12.5 - 12.2 - 11.8 - 11.9 - 11.8 - 11.8 - 12.6,37.0,36.2
202206040908,12.8 - 11.4 - 12.8 - 12.9 - 12.3 - 12.0 - 12.5 - 12.7 - 13.5,37.0,38.7
202206040909,12.7 - 11.3 - 12.0 - 12.1 - 12.0 - 11.7 - 11.2 - 12.1,36.0,35.0
202206040910,12.6 - 12.6 - 11.7 - 12.3 - 11.7 - 12.0 - 11.9 - 11.5 - 11.8,36.9,35.2
202206040911,11.9 - 10.1 - 10.7 - 11.4 - 11.4 - 12.3,32.7,35.1
202206040912,11.7 - 10.2 - 10.9 - 11.9 - 12.5 - 13.0,32.8,37.4
202206050101,12.1 - 10.7 - 11.4 - 12.3 - 12.5 - 13.3,34.2,38.1
202206050102,13.0 - 12.0 - 12.7 - 13.0 - 12.9 - 12.7 - 13.2 - 13.4 - 13.2,37.7,39.8
202206050103,12.3 - 11.2 - 11.8 - 11.9 - 12.0 - 11.8 - 11.6 - 12.0,35.3,35.4
202206050104,12.8 - 11.9 - 13.1 - 13.5 - 13.3 - 12.6 - 12.6 - 12.8 - 12.9,37.8,38.3
202206050105,12.2 - 10.6 - 11.5 - 12.0 - 11.6 - 11.9,34.3,35.5
202206050106,12.1 - 11.1 - 11.9 - 13.0 - 12.3 - 12.5,35.1,37.8
202206050107,12.8 - 11.7 - 12.8 - 13.4 - 12.7 - 12.7 - 12.6 - 12.6 - 13.0,37.3,38.2
202206050109,12.4 - 10.9 - 11.9 - 12.6 - 12.2 - 11.9 - 11.9 - 11.8 - 11.5 - 12.0,35.2,35.3
202206050110,11.5 - 10.7 - 11.7 - 12.2 - 12.2 - 12.3,33.9,36.7
202206050111,13.1 - 12.1 - 13.8 - 13.0 - 12.8 - 12.6 - 12.3 - 12.9 - 12.9 - 12.8 - 13.3 - 13.0 - 12.3 - 11.8 - 11.5 - 12.0 - 11.7 - 12.4,39.0,36.1
202206050112,11.8 - 10.5 - 10.9 - 11.7 - 11.7 - 11.6,33.2,35.0
202206050201,11.7 - 10.6 - 11.9 - 12.8 - 12.9 - 12.7,34.2,38.4
202206050202,12.7 - 11.8 - 13.5 - 13.9 - 13.0 - 13.1 - 13.3 - 12.5 - 12.8,38.0,38.6
202206050203,12.6 - 11.1 - 12.2 - 12.6 - 12.5 - 12.2 - 12.3 - 12.2 - 11.4 - 12.1,35.9,35.7
202206050204,12.7 - 12.1 - 13.8 - 14.0 - 12.7 - 12.2 - 12.7 - 13.1 - 13.0,38.6,38.8
202206050205,12.9 - 11.6 - 12.5 - 13.2 - 13.1 - 13.1 - 13.0 - 12.5 - 11.5 - 11.6,37.0,35.6
202206050206,11.7 - 10.5 - 11.1 - 12.3 - 12.5 - 13.0,33.3,37.8
202206050207,12.0 - 10.6 - 11.4 - 12.2 - 12.6 - 12.7,34.0,37.5
202206050208,12.6 - 12.3 - 12.9 - 12.8 - 12.3 - 12.0 - 12.5 - 12.7 - 12.9,37.8,38.1
202206050209,11.8 - 10.8 - 11.2 - 11.3 - 11.0 - 11.7,33.8,34.0
202206050210,12.5 - 11.2 - 11.8 - 12.2 - 12.2 - 12.6 - 12.5 - 12.6 - 13.4,35.5,38.5
202206050211,11.8 - 10.7 - 11.2 - 11.5 - 11.0 - 11.9,33.7,34.4
202206050212,7.0 - 12.0 - 12.3 - 12.4 - 12.5 - 12.6 - 12.8 - 12.6 - 12.5 - 12.2 - 11.6 - 11.3 - 12.1,31.3,35.0
202206050301,11.8 - 10.6 - 11.7 - 12.6 - 12.4 - 13.2,34.1,38.2
202206050302,12.8 - 12.2 - 12.9 - 13.0 - 12.7 - 12.6 - 12.4 - 12.6 - 13.3,37.9,38.3
202206050303,11.9 - 10.8 - 11.3 - 12.4 - 12.8 - 13.0,34.0,38.2
202206050304,12.6 - 11.2 - 11.9 - 12.1 - 12.2 - 12.6 - 12.4 - 11.6 - 11.8,35.7,35.8
202206050305,12.6 - 11.6 - 11.5 - 11.9 - 12.0 - 11.9 - 11.4 - 12.0,35.7,35.3
202206050306,12.7 - 11.9 - 13.5 - 13.9 - 13.0 - 12.7 - 13.0 - 12.9 - 12.5,38.1,38.4
202206050307,12.6 - 11.7 - 11.8 - 11.3 - 11.8 - 12.0 - 11.9 - 11.9 - 12.1,36.1,35.9
202206050308,12.9 - 11.9 - 13.0 - 12.9 - 12.4 - 12.5 - 12.6 - 12.7 - 13.2,37.8,38.5
202206050309,11.9 - 10.4 - 10.9 - 11.3 - 11.4 - 12.3,33.2,35.0
202206050310,11.8 - 10.4 - 11.6 - 11.9 - 12.1 - 12.7,33.8,36.7
202206050311,12.5 - 11.1 - 12.2 - 13.0 - 12.6 - 12.6 - 12.7 - 12.8 - 12.4,35.8,37.9
202206050312,12.5 - 10.8 - 11.7 - 12.5 - 12.1 - 12.1 - 12.1 - 11.7 - 12.1 - 12.4,35.0,36.2
202206050401,11.9 - 10.9 - 11.4 - 12.4 - 12.6 - 12.9,34.2,37.9
202206050402,11.8 - 10.4 - 10.8 - 11.6 - 11.9 - 12.5,33.0,36.0
202206050403,12.8 - 11.8 - 13.0 - 13.0 - 12.5 - 12.6 - 13.0 - 13.4 - 13.1,37.6,39.5
202206050405,12.9 - 12.1 - 12.5 - 12.7 - 12.5 - 12.8 - 12.3 - 11.5 - 11.8,37.5,35.6
202206050406,12.9 - 11.4 - 12.5 - 12.8 - 12.4 - 12.3 - 12.2 - 11.7 - 11.5 - 12.5,36.8,35.7
202206050407,12.9 - 11.9 - 13.5 - 13.0 - 12.2 - 12.2 - 12.5 - 12.6 - 13.8,38.3,38.9
202206050408,7.2 - 11.2 - 11.2 - 12.4 - 12.9 - 14.0 - 14.7 - 14.0 - 12.2 - 11.8 - 12.7 - 12.9 - 13.3,29.6,38.9
202206050409,13.0 - 12.4 - 13.0 - 12.9 - 12.2 - 12.1 - 12.3 - 12.4 - 12.9,38.4,37.6
202206050410,12.9 - 12.3 - 12.5 - 12.2 - 11.8 - 11.7 - 11.5 - 11.3 - 12.3,37.7,35.1
202206050411,11.3 - 10.1 - 10.8 - 11.5 - 12.4 - 12.8,32.2,36.7
202206050412,12.3 - 10.5 - 10.7 - 11.1 - 11.7 - 12.2 - 13.1 - 12.4,33.5,37.7
202206050501,11.8 - 10.6 - 11.9 - 12.6 - 12.5 - 12.8,34.3,37.9
202206050502,12.7 - 11.6 - 12.7 - 12.9 - 13.1 - 12.9 - 12.8 - 12.5 - 12.9,37.0,38.2
202206050503,12.1 - 10.7 - 11.7 - 12.8 - 12.0 - 12.2,34.5,37.0
202206050504,12.9 - 11.7 - 12.6 - 12.7 - 12.5 - 12.9 - 13.1 - 12.7 - 13.4,37.2,39.2
202206050505,12.9 - 11.3 - 12.0 - 12.9 - 12.9 - 12.8 - 12.7 - 12.5 - 11.9 - 11.8,36.2,36.2
202206050506,12.8 - 12.1 - 13.1 - 13.8 - 12.7 - 12.3 - 12.9 - 13.1 - 13.4,38.0,39.4
202206050507,12.6 - 10.9 - 11.8 - 12.3 - 12.1 - 12.1 - 12.4 - 12.4 - 11.9 - 12.6,35.3,36.9
202206050508,12.0 - 10.9 - 11.8 - 12.2 - 11.9 - 12.3,34.7,36.4
202206050509,12.4 - 11.4 - 11.7 - 12.1 - 12.1 - 11.8 - 11.2 - 12.0,35.5,35.0
202206050510,13.1 - 12.1 - 12.9 - 12.9 - 13.7 - 13.4 - 13.0 - 12.1 - 12.2 - 13.0 - 12.6 - 12.8,38.1,38.4
202206050511,12.3 - 11.3 - 11.6 - 11.8 - 11.6 - 11.7 - 11.4 - 11.8,35.2,34.9
202206050512,12.7 - 11.3 - 12.0 - 12.0 - 11.9 - 12.1 - 12.2 - 11.7 - 12.0,36.0,35.9
202206050601,12.1 - 11.1 - 11.3 - 12.0 - 12.6 - 12.9,34.5,37.5
202206050602,12.6 - 11.2 - 12.6 - 13.7 - 12.7 - 12.7 - 13.0 - 13.1 - 13.8,36.4,39.9
202206050603,12.9 - 11.6 - 12.8 - 12.4 - 12.5 - 12.5 - 12.0 - 11.7 - 12.2,37.3,35.9
202206050605,12.9 - 12.7 - 13.4 - 13.3 - 12.7 - 12.1 - 11.3 - 11.4,39.0,34.8
202206050606,12.0 - 11.0 - 11.5 - 12.7 - 13.0 - 12.8,34.5,38.5
202206050607,12.1 - 11.5 - 11.5 - 11.9 - 11.8 - 12.0 - 12.0 - 13.2,35.1,37.2
202206050608,12.9 - 12.0 - 12.6 - 12.6 - 12.2 - 12.4 - 12.5 - 12.7 - 13.8,37.5,39.0
202206050609,11.5 - 10.4 - 10.9 - 11.8 - 12.5 - 13.8,32.8,38.1
202206050610,12.6 - 11.6 - 12.6 - 13.3 - 12.6 - 12.7 - 12.9 - 12.3 - 12.1,36.8,37.3
202206050611,12.7 - 11.6 - 11.8 - 11.5 - 11.4 - 11.9 - 12.3 - 12.3 - 12.9,36.1,37.5
202206050612,6.9 - 12.6 - 12.9 - 13.3 - 13.0 - 13.6 - 13.2 - 12.8 - 12.4 - 12.5 - 12.2 - 11.5 - 11.7,32.4,35.4
202206050701,11.9 - 11.0 - 11.7 - 12.4 - 12.3 - 12.7,34.6,37.4
202206050702,12.6 - 11.4 - 12.6 - 14.0 - 13.6 - 13.2 - 13.5 - 12.8 - 13.0,36.6,39.3
202206050703,11.9 - 10.4 - 11.5 - 11.9 - 11.9 - 12.2,33.8,36.0
202206050704,12.4 - 11.7 - 12.3 - 12.5 - 12.3 - 12.4 - 12.9 - 13.7 - 13.9,36.4,40.5
202206050705,13.1 - 12.6 - 12.8 - 12.8 - 12.9 - 12.9 - 12.7 - 11.7 - 11.7,38.5,36.1
202206050706,12.7 - 11.8 - 12.8 - 13.3 - 13.1 - 13.2 - 13.8 - 13.2 - 12.9,37.3,39.9
202206050707,11.7 - 10.6 - 11.5 - 12.2 - 12.2 - 12.9,33.8,37.3
202206050708,11.7 - 10.5 - 11.6 - 12.1 - 12.3 - 13.5,33.8,37.9
202206050709,12.4 - 11.0 - 11.5 - 12.0 - 12.3 - 12.4 - 11.3 - 11.6,34.9,35.3
202206050711,6.8 - 11.1 - 11.4 - 12.2 - 12.8 - 13.3 - 13.7 - 12.5 - 11.2 - 12.0 - 12.4 - 12.0 - 12.4,29.3,36.8
202206050712,12.4 - 11.5 - 12.1 - 12.3 - 12.1 - 11.8 - 11.2 - 11.8,36.0,34.8
202206050801,11.8 - 10.8 - 11.8 - 12.6 - 12.5 - 13.5,34.4,38.6
202206050802,12.6 - 11.9 - 12.6 - 13.1 - 12.6 - 12.7 - 12.8 - 12.6 - 13.2,37.1,38.6
202206050803,12.3 - 11.0 - 11.7 - 12.0 - 12.2 - 12.1 - 11.8 - 11.7,35.0,35.6
202206050804,12.7 - 11.7 - 12.7 - 12.7 - 12.0 - 12.1 - 12.1 - 12.4 - 11.8 - 12.4,37.1,36.6
202206050805,12.1 - 10.9 - 11.9 - 12.6 - 12.9 - 13.0,34.9,38.5
202206050806,12.6 - 11.3 - 12.0 - 12.1 - 12.5 - 12.3 - 11.5 - 11.7,35.9,35.5
202206050807,12.6 - 11.7 - 12.8 - 13.4 - 12.6 - 12.3 - 13.0 - 13.1 - 13.6,37.1,39.7
202206050808,11.6 - 10.5 - 11.1 - 12.1 - 12.5 - 13.2,33.2,37.8
202206050809,7.0 - 11.8 - 12.2 - 12.9 - 12.8 - 13.0 - 12.6 - 12.0 - 11.7 - 11.7 - 12.2 - 12.2 - 12.6,31.0,37.0
202206050810,11.5 - 10.4 - 11.1 - 12.2 - 12.3 - 12.7,33.0,37.2
202206050811,7.0 - 11.3 - 11.7 - 12.1 - 12.5 - 13.1 - 12.7 - 12.4 - 11.8 - 11.9 - 12.2 - 11.4 - 12.3,30.0,35.9
202206050812,11.8 - 10.7 - 11.2 - 11.8 - 11.6 - 11.7,33.7,35.1
202206050901,11.8 - 10.6 - 11.6 - 12.7 - 12.7 - 13.2,34.0,38.6
202206050902,13.0 - 11.8 - 12.8 - 13.2 - 12.8 - 13.0 - 13.1 - 13.2 - 13.3,37.6,39.6
202206050903,12.3 - 11.7 - 12.3 - 12.3 - 12.0 - 12.1 - 11.5 - 11.8,36.3,35.4
202206050904,12.7 - 11.6 - 12.4 - 12.7 - 11.9 - 11.7 - 12.0 - 12.1 - 12.4,36.7,36.5
202206050905,12.7 - 10.9 - 12.2 - 13.1 - 13.1 - 12.8 - 13.0 - 12.3 - 11.7 - 12.0,35.8,36.0
202206050906,11.8 - 10.9 - 12.1 - 12.6 - 12.4 - 13.5,34.8,38.5
202206050907,12.6 - 10.7 - 11.7 - 12.4 - 12.1 - 12.0 - 12.3 - 12.5 - 12.1 - 12.4,35.0,37.0
202206050908,11.9 - 10.8 - 11.4 - 12.2 - 12.0 - 12.6,34.1,36.8
202206050909,12.6 - 11.7 - 12.3 - 13.4 - 13.0 - 12.7 - 12.5 - 12.4 - 12.9,36.6,37.8
202206050910,11.9 - 10.8 - 11.8 - 12.2 - 12.0 - 12.6,34.5,36.8
202206050911,12.6 - 11.3 - 12.2 - 12.7 - 12.7 - 12.5 - 12.5 - 11.9 - 11.2 - 11.9,36.1,35.0
202206050912,12.5 - 11.1 - 11.7 - 11.9 - 11.9 - 11.7 - 11.7 - 12.2,35.3,35.6
202207010101,12.9 - 11.4 - 13.9 - 13.5 - 13.0 - 12.9 - 13.1 - 11.9 - 12.2,38.2,37.2
202207010102,12.7 - 10.9 - 11.6 - 12.3 - 12.5 - 13.3,35.2,38.1
202207010103,7.3 - 11.2 - 11.6 - 13.6 - 13.2 - 12.9 - 13.1 - 13.1 - 12.7 - 13.4,30.1,39.2
202207010104,13.1 - 11.9 - 13.6 - 12.5 - 12.2 - 12.6 - 12.4 - 12.3 - 13.0,38.6,37.7
202207010105,13.1 - 10.9 - 12.6 - 12.9 - 12.6 - 12.6 - 12.9 - 12.5 - 11.4 - 11.7,36.6,35.6
202207010106,12.8 - 10.9 - 12.0 - 11.5 - 11.4 - 12.0 - 12.7 - 12.8 - 11.4 - 12.6,35.7,36.8
202207010107,7.2 - 11.8 - 12.3 - 13.8 - 12.7 - 12.0 - 12.5 - 12.9 - 12.4 - 13.1,31.3,38.4
202207010108,12.8 - 11.8 - 12.1 - 12.3 - 12.3 - 12.1 - 10.7 - 11.2,36.7,34.0
202207010109,12.1 - 10.7 - 11.3 - 11.8 - 12.6 - 12.5 - 13.0,34.1,38.1
202207010110,13.0 - 11.5 - 11.6 - 12.0 - 12.2 - 12.9 - 13.1 - 13.6 - 12.8 - 12.2 - 11.5 - 11.7 - 11.8 - 12.1 - 12.3,36.1,36.2
202207010111,12.1 - 10.5 - 11.5 - 12.0 - 11.7 - 11.5 - 11.6 - 12.0,34.1,35.1
202207010112,11.9 - 11.0 - 11.6 - 12.1 - 12.6 - 12.0 - 12.6,34.5,37.2
202207010201,12.7 - 11.2 - 12.7 - 12.8 - 12.7 - 13.2 - 13.3 - 13.0 - 13.8,36.6,40.1
202207010202,12.1 - 11.2 - 11.5 - 12.3 - 13.1 - 13.1 - 13.4,34.8,39.6
202207010203,12.9 - 11.4 - 13.2 - 12.8 - 12.5 - 13.2 - 13.1 - 12.8 - 13.0,37.5,38.9
202207010204,12.7 - 11.0 - 12.2 - 12.8 - 12.1 - 12.6,35.9,37.5
202207010205,12.4 - 10.9 - 11.1 - 12.7 - 12.5 - 12.5 - 12.7 - 12.6 - 12.3 - 11.8 - 12.3,34.4,36.4
202207010206,12.8 - 11.7 - 12.4 - 12.8 - 13.0 - 12.3 - 11.0 - 11.1,36.9,34.4
202207010207,12.5 - 10.9 - 12.3 - 12.7 - 12.9 - 12.6 - 13.0 - 12.8 - 13.2,35.7,39.0
202207010208,12.8 - 11.3 - 13.5 - 13.1 - 13.1 - 13.2 - 13.2 - 12.2 - 12.4,37.6,37.8
202207010209,12.0 - 10.7 - 11.2 - 11.5 - 11.0 - 11.8,33.9,34.3
202207010210,13.3 - 11.4 - 12.3 - 12.0 - 11.9 - 11.9 - 11.5 - 11.2 - 11.7 - 12.3,37.0,35.2
202207010211,12.2 - 10.7 - 11.1 - 12.0 - 12.6 - 12.3 - 12.9,34.0,37.8
202207010212,12.5 - 11.0 - 11.5 - 12.0 - 12.0 - 12.9,35.0,36.9
202207010301,13.0 - 11.7 - 13.4 - 13.3 - 12.9 - 12.9 - 13.0 - 12.6 - 12.7,38.1,38.3
202207010302,12.6 - 10.9 - 11.8 - 12.5 - 12.4 - 13.2,35.3,38.1
202207010303,7.3 - 11.6 - 11.6 - 13.6 - 13.5 - 13.1 - 13.1 - 13.2 - 12.1 - 12.8,30.5,38.1
202207010304,12.0 - 11.1 - 11.8 - 12.6 - 12.8 - 12.5 - 12.7,34.9,38.0
202207010305,12.5 - 11.2 - 11.6 - 12.2 - 12.4 - 11.7 - 11.2 - 11.9,35.3,34.8
202207010306,13.1 - 11.5 - 13.4 - 13.4 - 13.0 - 12.9 - 12.8 - 12.1 - 10.9 - 11.3,38.0,34.3
202207010307,12.7 - 11.1 - 12.9 - 12.8 - 12.3 - 12.4 - 12.9 - 12.4 - 13.6,36.7,38.9
202207010308,12.9 - 11.1 - 12.6 - 12.8 - 12.5 - 12.4 - 12.3 - 11.7 - 11.0 - 11.7,36.6,34.4
202207010309,13.1 - 11.8 - 13.6 - 13.1 - 12.7 - 12.8 - 12.5 - 11.5 - 12.1,38.5,36.1
202207010310,12.0 - 10.7 - 10.9 - 11.3 - 11.6 - 11.3 - 11.8,33.6,34.7
202207010311,12.6 - 11.1 - 11.5 - 11.8 - 12.0 - 11.9 - 11.5 - 11.7,35.2,35.1
202501010106,12.2 - 11.3 - 12.1 - 11.7 - 11.8 - 12.0 - 12.2 - 12.2 - 12.1,35.6,36.5
202501010107,12.0 - 10.5 - 11.2 - 11.5 - 11.6 - 11.9,33.7,35.0
202501010108,12.8 - 11.4 - 12.4 - 12.6 - 12.5 - 12.0 - 12.0 - 11.9 - 11.3 - 11.3,36.6,34.5
202501010109,6.8 - 11.0 - 11.9 - 12.3 - 12.7 - 12.7 - 12.5 - 12.8 - 12.8,29.7,38.1
202501010110,12.9 - 11.2 - 11.8 - 12.1 - 12.4 - 12.4 - 13.2 - 12.7 - 12.5 - 12.8 - 12.5 - 11.7 - 11.7,35.9,35.9
202501010111,11.8 - 10.6 - 11.4 - 11.0 - 11.1 - 11.5,33.8,33.6
202501010112,6.9 - 11.3 - 12.6 - 13.2 - 12.5 - 12.2 - 12.1 - 12.2 - 12.2,30.8,36.5
202501010201,6.7 - 10.9 - 11.8 - 12.1 - 12.2 - 12.5 - 12.6 - 13.1 - 13.3,29.4,39.0
202501010202,12.0 - 10.8 - 11.0 - 11.4 - 11.8 - 12.2,33.8,35.4
202501010203,6.9 - 11.2 - 12.2 - 12.7 - 12.3 - 12.0 - 12.4 - 12.8 - 12.8,30.3,38.0
202501010204,12.7 - 11.1 - 12.2 - 13.1 - 13.3 - 12.5 - 12.1 - 12.3 - 11.9 - 11.6,36.0,35.8
202501010205,13.3 - 12.8 - 13.4 - 13.5 - 13.1 - 12.6 - 12.0 - 11.6 - 11.2,39.5,34.8
202501010206,12.4 - 10.8 - 11.4 - 11.7 - 11.8,34.6,34.9
202501010207,6.9 - 10.8 - 11.8 - 12.2 - 12.1 - 12.2 - 12.8 - 12.7 - 12.6,29.5,38.1
202501010208,12.5 - 11.7 - 11.7 - 11.7 - 12.0 - 12.2 - 11.7 - 11.8 - 12.1,35.9,35.6
202501010209,6.8 - 11.3 - 11.4 - 11.8 - 11.8 - 11.4 - 11.5 - 12.3,29.5,35.2
202501010210,6.8 - 11.7 - 12.2 - 12.6 - 12.0 - 11.7 - 11.9 - 11.9 - 12.0,30.7,35.8
202501010211,13.3 - 11.9 - 13.0 - 13.0 - 12.6 - 13.0 - 13.1 - 12.7 - 12.0 - 11.5 - 11.5 - 11.9 - 12.2,38.2,35.6
202501010212,6.7 - 11.9 - 11.2 - 11.3 - 11.3 - 11.5 - 11.9 - 12.2,29.8,35.6
202501010301,12.7 - 11.5 - 12.2 - 12.6 - 12.9 - 12.5 - 12.0 - 11.8 - 12.0,36.4,35.8
202501010302,12.5 - 10.8 - 11.3 - 11.6 - 12.8,34.6,35.7
202501010303,6.9 - 11.1 - 12.4 - 13.0 - 13.1 - 13.0 - 12.5 - 12.5 - 12.5,30.4,37.5
202501010304,12.5 - 10.8 - 11.5 - 11.9 - 12.2 - 12.4 - 12.3 - 12.2 - 11.7 - 12.0,34.8,35.9
202501010305,6.7 - 11.7 - 12.0 - 12.2 - 12.3 - 11.8 - 11.3 - 11.3,30.4,34.4
202501010306,12.4 - 10.7 - 11.5 - 11.6 - 12.3,34.6,35.4
202501010307,12.6 - 11.6 - 11.9 - 11.8 - 11.8 - 12.0 - 11.4 - 11.7 - 11.8,36.1,34.9
202501010308,6.9 - 11.2 - 11.9 - 12.4 - 12.5 - 12.4 - 12.5 - 12.7 - 12.9,30.0,38.1
202501010309,11.8 - 10.5 - 11.0 - 11.2 - 11.6 - 11.8,33.3,34.6
202501010310,12.6 - 11.4 - 12.3 - 12.1 - 11.5 - 11.7 - 11.6 - 11.9 - 12.0,36.3,35.5
202501010311,12.6 - 11.4 - 12.1 - 12.4 - 12.3 - 12.2 - 12.0 - 11.7 - 11.7 - 11.8,36.1,35.2
202501010312,6.8 - 11.5 - 12.7 - 12.7 - 12.2 - 12.0 - 11.9 - 12.1 - 12.7,31.0,36.7
202501010401,12.4 - 10.8 - 11.6 - 12.4 - 13.3,34.8,37.3
202501010402,6.9 - 11.2 - 12.5 - 12.4 - 12.5 - 12.8 - 12.8 - 12.6 - 12.9,30.6,38.3
202501010403,12.8 - 11.6 - 12.6 - 12.9 - 12.8 - 12.3 - 11.5 - 11.6 - 11.7 - 12.1,37.0,35.4
202501010404,6.9 - 11.2 - 12.0 - 12.5 - 12.5 - 12.4 - 12.9 - 13.1 - 13.6,30.1,39.6
202501010405,12.9 - 11.7 - 12.1 - 11.6 - 11.7 - 12.0 - 11.9 - 11.5 - 11.8,36.7,35.2
202501010406,6.6 - 10.8 - 10.9 - 11.3 - 11.7 - 12.0 - 12.2 - 12.3,28.3,36.5
202501010407,6.9 - 11.2 - 12.2 - 12.4 - 12.0 - 12.6 - 12.9 - 12.8 - 12.8,30.3,38.5
202501010408,12.7 - 11.4 - 11.7 - 12.1 - 12.3 - 12.4 - 12.2 - 11.9 - 11.7 - 12.0,35.8,35.6
202501010409,12.3 - 10.6 - 11.6 - 11.8 - 12.3,34.5,35.7
202501010410,12.1 - 10.5 - 10.9 - 11.3 - 11.5 - 12.1,33.5,34.9
202501010411,12.3 - 10.9 - 11.7 - 11.8 - 11.7 - 11.7 - 11.7 - 12.3 - 11.9,34.9,35.9
202501010412,13.8 - 12.8 - 13.1 - 13.2 - 13.2 - 13.4 - 13.4 - 12.9 - 12.6 - 11.2 - 11.2 - 11.6 - 12.1,39.7,34.9
202501010501,6.8 - 11.0 - 11.1 - 12.3 - 12.4 - 12.3 - 11.9 - 12.3,28.9,36.5
202501010502,7.0 - 10.8 - 11.8 - 12.4 - 12.2 - 12.2 - 12.3 - 13.1 - 13.4,29.6,38.8
202501010503,12.2 - 10.7 - 11.4 - 11.7 - 11.7 - 11.7,34.3,35.1
202501010504,7.0 - 11.3 - 12.3 - 12.5 - 12.1 - 11.7 - 12.0 - 12.7 - 12.8,30.6,37.5
202501010505,12.6 - 11.9 - 12.2 - 12.5 - 12.1 - 12.0 - 11.8 - 12.3 - 12.6,36.7,36.7
202501010506,12.6 - 10.9 - 12.6 - 12.9 - 12.6 - 12.4 - 12.0 - 11.9 - 12.2 - 12.0,36.1,36.1
202501010507,12.3 - 10.6 - 11.4 - 11.7 - 12.6,34.3,35.7
202501010508,7.0 - 11.1 - 11.8 - 12.2 - 12.1 - 12.4 - 12.7 - 13.0 - 13.2,29.9,38.9
202501010509,12.4 - 11.3 - 12.4 - 12.3 - 12.2 - 12.0 - 11.7 - 11.6 - 12.0,36.1,35.3
202501010510,13.3 - 11.7 - 13.3 - 13.2 - 12.9 - 12.4 - 11.6 - 11.1 - 11.7 - 11.9,38.3,34.7
202501010511,7.0 - 11.0 - 12.1 - 12.6 - 12.3 - 11.6 - 11.8 - 12.6 - 12.5,30.1,36.9
202501010512,6.8 - 11.6 - 11.8 - 11.9 - 11.9 - 11.8 - 11.7 - 11.6,30.2,35.1
202501010601,6.8 - 10.9 - 12.1 - 13.1 - 12.8 - 12.4 - 12.5 - 12.7 - 13.4,29.8,38.6
202501010602,12.6 - 11.2 - 11.6 - 12.0 - 12.4,35.4,36.0
202501010603,12.8 - 11.0 - 12.0 - 12.7 - 12.6 - 12.5 - 12.3 - 11.9 - 11.6 - 11.6,35.8,35.1
202501010604,6.8 - 11.1 - 12.2 - 12.2 - 12.2 - 12.7 - 13.1 - 13.1 - 13.6,30.1,39.8
202501010605,6.8 - 11.6 - 12.1 - 12.6 - 12.4 - 12.1 - 11.8 - 11.7,30.5,35.6
202501010606,13.4 - 12.7 - 13.0 - 12.9 - 11.8 - 13.1 - 13.3 - 11.7 - 12.0 - 11.8 - 12.0 - 12.6 - 12.7,39.1,37.3
202501010607,12.1 - 10.6 - 10.9 - 11.1 - 11.6 - 12.4,33.6,35.1
202501010608,6.9 - 11.4 - 12.8 - 13.2 - 12.7 - 12.0 - 12.2 - 12.4 - 12.6,31.1,37.2
202501010609,12.8 - 11.1 - 12.3 - 13.0 - 12.4 - 12.3 - 12.2 - 11.6 - 11.8 - 11.5,36.2,34.9
202501010610,6.7 - 11.0 - 11.2 - 11.9 - 12.3 - 12.0 - 12.0 - 11.6,28.9,35.6
202501010611,12.2 - 11.2 - 11.4 - 11.5 - 11.3 - 11.6,34.8,34.4
202501010612,6.9 - 10.8 - 11.6 - 12.5 - 12.4 - 12.2 - 12.3 - 12.4 - 12.8,29.3,37.5
202501010701,12.7 - 12.0 - 12.4 - 12.6 - 12.4 - 11.8 - 11.6 - 11.6 - 11.7,37.1,34.9
202501010702,6.9 - 10.9 - 12.1 - 12.5 - 12.4 - 12.7 - 12.9 - 12.8 - 13.1,29.9,38.8
202501010703,12.4 - 10.7 - 11.5 - 11.7 - 12.2,34.6,35.4
202501010704,6.6 - 11.1 - 11.6 - 11.7 - 11.6 - 11.7 - 11.6 - 12.1,29.3,35.4
202501010705,12.5 - 10.7 - 11.2 - 11.6 - 12.0 - 12.6,34.4,36.2
202501010706,7.1 - 11.1 - 12.0 - 12.5 - 12.7 - 12.8 - 12.4 - 12.8 - 13.3,30.2,38.5
202501010707,13.6 - 12.2 - 12.6 - 13.1 - 12.4 - 13.1 - 13.3 - 12.4 - 12.2 - 12.0 - 11.6 - 11.9 - 12.0,38.4,35.5
202501010708,7.0 - 10.9 - 12.4 - 12.5 - 12.0 - 12.3 - 12.4 - 12.9 - 13.4,30.3,38.7
202501010709,12.5 - 12.1 - 12.3 - 12.5 - 12.4 - 12.1 - 11.7 - 11.8 - 12.0,36.9,35.5
202501010710,12.3 - 11.1 - 11.1 - 11.1 - 11.2 - 11.8,34.5,34.1
202501010711,6.9 - 10.7 - 11.5 - 11.9 - 12.4 - 12.6 - 12.5 - 13.0 - 12.8,29.1,38.3
202501010712,12.5 - 11.7 - 12.4 - 12.4 - 12.2 - 12.0 - 11.7 - 11.9 - 12.0,36.6,35.6
202501010801,12.4 - 11.0 - 11.7 - 11.6 - 11.5 - 11.9,35.1,35.0
202501010802,13.2 - 12.1 - 12.4 - 11.8 - 13.1 - 14.9 - 15.3 - 13.4 - 12.8 - 12.8 - 12.8 - 12.6,37.7,38.2
202501010803,12.9 - 10.8 - 11.9 - 12.4 - 12.7 - 12.5 - 12.3 - 12.3 - 12.3 - 12.3,35.6,36.9
202501010804,7.0 - 11.2 - 12.5 - 12.7 - 12.6 - 12.8 - 12.8 - 12.6 - 12.6,30.7,38.0
202501010805,13.3 - 13.1 - 13.3 - 12.9 - 12.2 - 12.2 - 11.8 - 11.9 - 11.9,39.7,35.6
202501010806,12.2 - 10.8 - 11.3 - 11.7 - 12.6,34.3,35.6
202501010807,6.8 - 11.4 - 11.9 - 12.3 - 11.9 - 11.8 - 11.7 - 12.1,30.1,35.6
202501010808,7.0 - 11.0 - 12.2 - 12.8 - 12.3 - 12.2 - 12.4 - 12.4 - 12.9,30.2,37.7
202501010809,12.3 - 11.0 - 11.5 - 11.8 - 11.7 - 11.8,34.8,35.3
202501010810,12.2 - 10.6 - 11.4 - 12.2 - 12.3,34.2,35.9
202501010811,12.9 - 11.0 - 12.2 - 12.4 - 12.1 - 12.1 - 11.9 - 12.0 - 12.3 - 12.6,36.1,36.9
202501010812,13.3 - 11.9 - 12.5 - 12.8 - 12.8 - 13.1 - 12.9 - 12.5 - 12.5 - 12.3 - 12.0 - 12.2 - 12.4,37.7,36.6
202501020101,12.5 - 11.7 - 12.0 - 12.2 - 12.3 - 12.5 - 12.6 - 12.0 - 12.4,36.2,37.0
202501020102,12.5 - 11.0 - 11.5 - 11.6 - 12.1,35.0,35.2
202501020103,12.5 - 11.1 - 12.7 - 12.6 - 12.5 - 12.5 - 12.3 - 12.2 - 11.8 - 12.2,36.3,36.2
202501020104,7.0 - 11.1 - 12.2 - 12.3 - 12.3 - 12.5 - 12.5 - 12.3 - 12.3,30.3,37.1
202501020105,6.9 - 12.3 - 12.4 - 12.1 - 11.9 - 11.7 - 11.7 - 11.9,31.6,35.3
202501020106,12.5 - 12.1 - 12.9 - 12.8 - 11.9 - 11.6 - 12.0 - 11.8 - 12.0,37.5,35.8
202501020107,6.4 - 11.3 - 11.1 - 11.5 - 11.9 - 12.3 - 11.9 - 12.3,28.8,36.5
202501020108,13.2 - 12.7 - 13.2 - 13.0 - 13.5 - 13.7 - 13.1 - 12.4 - 11.5 - 12.5 - 12.7 - 13.1,39.1,38.3
202501020109,6.6 - 11.4 - 11.5 - 11.8 - 11.6 - 11.9 - 12.4 - 12.5,29.5,36.8
202501020110,12.2 - 10.9 - 10.8 - 11.4 - 11.7 - 12.0,33.9,35.1
202501020111,12.6 - 11.4 - 12.6 - 12.4 - 12.3 - 12.0 - 11.9 - 12.0 - 12.3 - 12.6,36.6,36.9
202501020112,6.9 - 11.6 - 13.0 - 12.2 - 12.2 - 12.1 - 12.0 - 12.4 - 13.3,31.5,37.7
202501020201,7.1 - 10.8 - 12.5 - 12.9 - 12.7 - 12.7 - 12.8 - 12.7 - 12.9,30.4,38.4
202501020202,6.7 - 12.0 - 12.0 - 11.9 - 11.6 - 11.7 - 11.7 - 12.2,30.7,35.6
202501020203,7.0 - 11.2 - 12.3 - 12.7 - 12.2 - 12.4 - 12.7 - 12.7 - 13.3,30.5,38.7
202501020204,12.9 - 11.8 - 12.3 - 13.0 - 12.3 - 12.8 - 12.6 - 12.7 - 11.6 - 12.0 - 12.4 - 12.9 - 13.2,37.0,38.5
202501020205,13.6 - 12.0 - 13.5 - 13.0 - 12.4 - 12.5 - 12.1 - 12.1 - 11.7 - 11.6,39.1,35.4
202501020206,11.9 - 10.3 - 11.1 - 11.8 - 12.0 - 12.3,33.3,36.1
202501020207,12.6 - 11.1 - 11.6 - 11.6 - 12.5,35.3,35.7
202501020208,7.0 - 11.2 - 12.3 - 12.3 - 11.9 - 12.2 - 12.7 - 13.0 - 13.0,30.5,38.7
202501020209,12.9 - 11.0 - 12.4 - 12.0 - 12.3 - 12.2 - 12.2 - 12.1 - 12.0 - 12.2,36.3,36.3
202501020210,7.0 - 11.6 - 12.7 - 12.5 - 12.2 - 12.1 - 11.9 - 12.3 - 13.2,31.3,37.4
202501020211,12.0 - 10.5 - 11.1 - 11.3 - 11.5 - 11.8,33.6,34.6
202501020212,12.7 - 11.8 - 11.7 - 12.3 - 12.4 - 12.1 - 11.9 - 11.8 - 12.0,36.2,35.7
202501020301,6.7 - 12.2 - 12.4 - 12.4 - 12.2 - 11.9 - 11.9 - 12.2,31.3,36.0
202501020302,12.8 - 12.4 - 12.5 - 12.8 - 12.7 - 12.3 - 12.2 - 12.3 - 12.2,37.7,36.7
202501020303,6.9 - 11.2 - 11.6 - 11.9 - 12.2 - 12.7 - 12.7 - 12.6 - 13.3,29.7,38.6
202501020304,6.8 - 11.7 - 11.7 - 12.0 - 12.0 - 11.8 - 12.0 - 12.8,30.2,36.6
202501020305,6.9 - 11.0 - 12.7 - 12.8 - 12.8 - 12.5 - 12.5 - 12.2 - 12.9,30.6,37.6
202501020306,12.7 - 10.8 - 12.1 - 12.1 - 12.3 - 12.5 - 12.6 - 12.8 - 13.1 - 12.9,35.6,38.8
202501020307,12.3 - 10.9 - 11.2 - 11.5 - 12.0,34.4,34.7
202501020308,7.0 - 11.2 - 11.9 - 12.4 - 12.1 - 12.4 - 12.6 - 12.1 - 12.8,30.1,37.5
202501020309,12.2 - 10.7 - 11.4 - 11.9 - 12.4 - 12.1,34.3,36.4
202501020310,6.8 - 11.0 - 11.5 - 11.8 - 12.1 - 12.1 - 12.3 - 12.3 - 13.0,29.3,37.6
202501020311,13.1 - 11.7 - 12.5 - 12.5 - 12.6 - 12.2 - 12.2 - 12.2 - 12.3 - 12.2,37.3,36.7
202501020312,12.4 - 10.8 - 11.2 - 11.5 - 11.9 - 12.4,34.4,35.8
202501020401,12.5 - 10.8 - 11.4 - 11.8 - 11.9 - 12.5,34.7,36.2
202501020402,6.8 - 10.9 - 12.1 - 12.3 - 12.6 - 12.7 - 12.9 - 12.5 - 13.4,29.8,38.8
202501020403,12.6 - 10.8 - 11.3 - 11.5 - 12.4,34.7,35.2
202501020404,12.8 - 10.7 - 11.8 - 12.0 - 12.6 - 12.6 - 12.6 - 12.4 - 12.6 - 12.7,35.3,37.7
202501020405,13.0 - 12.1 - 13.1 - 13.0 - 12.9 - 12.2 - 12.0 - 11.9 - 11.4,38.2,35.3
202501020406,7.0 - 10.9 - 12.3 - 13.2 - 12.8 - 12.2 - 12.1 - 12.3 - 13.0,30.2,37.4
202501020407,12.5 - 11.5 - 11.5 - 12.0 - 12.3 - 12.4 - 12.3 - 12.2 - 12.7,35.5,37.2
202501020408,6.9 - 10.7 - 11.7 - 12.3 - 12.4 - 12.4 - 12.5 - 12.7 - 13.5,29.3,38.7
202501020409,13.3 - 12.1 - 12.4 - 12.6 - 12.0 - 13.5 - 13.2 - 12.5 - 12.1 - 12.1 - 12.2 - 12.4 - 12.4,37.8,37.0
202501020410,12.3 - 10.9 - 11.3 - 11.3 - 11.6 - 12.2,34.5,35.1
202501020411,6.9 - 11.6 - 11.5 - 11.8 - 12.0 - 11.8 - 11.9 - 12.0,30.0,35.7
202501020412,7.0 - 11.3 - 11.9 - 12.4 - 12.6 - 12.5 - 12.7 - 12.5 - 12.5,30.2,37.7
202501020501,6.9 - 11.1 - 12.9 - 13.5 - 13.0 - 12.4 - 13.0 - 13.1 - 12.9,30.9,39.0
202501020502,12.1 - 11.2 - 11.4 - 11.5 - 11.7 - 11.8,34.7,35.0
202501020503,12.4 - 10.8 - 11.4 - 11.6 - 12.7,34.6,35.7
202501020504,12.4 - 10.8 - 12.1 - 12.8 - 12.7 - 12.6 - 12.1 - 12.0 - 12.2 - 12.7,35.3,36.9
202501020505,6.7 - 11.4 - 11.6 - 12.3 - 12.0 - 11.8 - 11.7 - 11.9,29.7,35.4
202501020506,6.9 - 11.2 - 11.9 - 12.2 - 12.3 - 12.8 - 13.1 - 13.1 - 13.2,30.0,39.4
202501020507,6.8 - 11.0 - 11.1 - 12.0 - 12.2 - 11.9 - 12.1 - 12.3,28.9,36.3
202501020508,6.9 - 10.9 - 11.5 - 11.8 - 12.2 - 12.6 - 13.2 - 13.2 - 13.2,29.3,39.6
202501020509,12.8 - 10.9 - 12.9 - 12.5 - 12.2 - 12.3 - 12.1 - 12.0 - 12.0 - 12.3,36.6,36.3
202501020510,12.1 - 10.9 - 11.3 - 11.5 - 11.7 - 11.8,34.3,35.0
202501020511,12.8 - 12.4 - 13.0 - 12.3 - 12.1 - 11.9 - 11.6 - 12.0 - 12.5,38.2,36.1
202501020512,6.9 - 11.2 - 12.6 - 12.9 - 12.3 - 12.4 - 12.7 - 12.6 - 12.9,30.7,38.2
202501020601,6.9 - 11.8 - 12.2 - 12.5 - 12.6 - 12.2 - 12.1 - 11.9,30.9,36.2
202501020602,13.5 - 11.7 - 13.0 - 13.3 - 13.3 - 12.4 - 12.4 - 12.4 - 12.4 - 12.2,38.2,37.0
202501020603,6.8 - 10.9 - 12.3 - 13.0 - 12.6 - 12.1 - 12.5 - 12.5 - 13.2,30.0,38.2
202501020604,12.0 - 10.9 - 11.3 - 11.8 - 12.2 - 12.3,34.2,36.3
202501020605,6.7 - 11.4 - 12.1 - 12.5 - 12.4 - 12.3 - 12.5 - 12.9 - 13.4,30.2,38.8
202501020606,12.5 - 11.0 - 11.5 - 11.6 - 12.3,35.0,35.4
202501020607,12.0 - 11.3 - 11.4 - 11.7 - 12.3 - 12.7 - 13.3 - 13.2 - 12.9,34.7,39.4
202501020608,12.2 - 10.9 - 11.2 - 11.7 - 11.9 - 12.1,34.3,35.7
202501020609,6.9 - 11.0 - 12.1 - 12.7 - 12.7 - 12.4 - 12.4 - 12.4 - 12.7,30.0,37.5
202501020610,12.5 - 11.6 - 12.1 - 12.4 - 12.1 - 12.0 - 12.4 - 12.5 - 12.0,36.2,36.9
202501020611,13.6 - 12.3 - 12.2 - 12.5 - 12.0 - 13.2 - 13.3 - 13.3 - 13.1 - 12.9 - 12.4 - 12.0 - 12.0,38.1,36.4
202501020612,6.7 - 10.7 - 11.4 - 12.1 - 12.9 - 13.1 - 13.3 - 13.1 - 12.4,28.8,38.8
202502010101,11.6 - 10.5 - 11.2 - 11.6 - 11.3 - 11.7,33.3,34.6
202502010102,6.9 - 10.8 - 12.3 - 12.7 - 12.6 - 12.0 - 12.8 - 12.9 - 12.6,30.0,38.3
202502010103,12.3 - 11.0 - 12.1 - 12.0 - 12.3,35.4,36.4
202502010104,12.0 - 11.0 - 11.6 - 12.0 - 12.0 - 12.1 - 11.9 - 11.6 - 11.8,34.6,35.3
202502010105,12.1 - 10.4 - 11.2 - 11.3 - 11.4,33.7,33.9
202502010106,7.1 - 10.8 - 11.8 - 12.6 - 12.9 - 12.1 - 12.7 - 12.5 - 12.8,29.7,38.0
202502010107,11.8 - 10.1 - 10.7 - 11.4 - 11.4 - 11.8,32.6,34.6
202502010108,12.2 - 10.9 - 11.5 - 11.6 - 11.7,34.6,34.8
202502010109,12.6 - 11.0 - 12.6 - 13.1 - 12.4 - 12.0 - 11.8 - 11.6 - 11.3 - 11.8,36.2,34.7
202502010110,12.4 - 11.0 - 11.2 - 12.2 - 12.3 - 12.3 - 12.0 - 11.6 - 11.3,34.6,34.9
202502010111,11.6 - 10.1 - 10.8 - 11.1 - 11.3 - 11.7,32.5,34.1
202502010112,7.3 - 10.8 - 11.8 - 12.8 - 13.2 - 12.6 - 12.6 - 12.4 - 12.3,29.9,37.3
202502010201,11.8 - 10.6 - 11.0 - 11.5 - 11.5 - 11.4,33.4,34.4
202502010202,7.0 - 10.9 - 12.0 - 12.5 - 12.6 - 12.4 - 13.0 - 12.7 - 12.9,29.9,38.6
202502010203,12.3 - 10.7 - 11.9 - 11.9 - 11.8,34.9,35.6
202502010204,12.6 - 11.0 - 11.5 - 13.0 - 11.9 - 12.5 - 12.5 - 12.9 - 12.1 - 12.0 - 12.0 - 11.7 - 11.6,35.1,35.3
202502010205,11.9 - 10.6 - 10.9 - 11.4 - 11.5 - 12.1,33.4,35.0
202502010206,12.6 - 10.4 - 12.0 - 12.3 - 12.5 - 12.2 - 12.2 - 12.0 - 11.8 - 11.6,35.0,35.4
202502010207,12.3 - 11.1 - 11.6 - 11.5 - 11.8,35.0,34.9
202502010208,11.8 - 10.5 - 10.8 - 11.3 - 11.4 - 11.8,33.1,34.5
202502010209,12.2 - 11.5 - 12.1 - 12.2 - 11.9 - 11.3 - 11.6 - 11.9 - 11.9,35.8,35.4
202502010210,7.0 - 10.9 - 12.3 - 12.8 - 12.2 - 12.5 - 12.6 - 12.8 - 12.3,30.2,37.7
202502010211,12.1 - 10.3 - 10.8 - 11.1 - 11.4 - 11.8,33.2,34.3
202502010212,7.3 - 10.7 - 11.9 - 12.8 - 12.9 - 12.2 - 12.8 - 12.3 - 12.5,29.9,37.6
202502010301,12.0 - 10.5 - 11.1 - 11.6 - 11.6 - 12.0,33.6,35.2
202502010302,12.2 - 10.8 - 11.6 - 12.0 - 12.7,34.6,36.3
202502010303,7.2 - 10.6 - 11.9 - 12.6 - 12.9 - 12.5 - 13.0 - 13.1 - 12.3,29.7,38.4
202502010304,12.9 - 10.4 - 11.4 - 11.9 - 12.2 - 12.2 - 12.4 - 12.5 - 12.5 - 11.8,34.7,36.8
202502010305,12.1 - 10.4 - 10.9 - 11.4 - 11.6 - 11.8,33.4,34.8
202502010306,12.5 - 11.0 - 12.0 - 12.1 - 12.0,35.5,36.1
202502010307,12.3 - 11.1 - 11.5 - 12.0 - 12.2 - 12.4 - 12.2 - 11.7 - 11.5,34.9,35.4
202502010308,12.0 - 10.8 - 11.8 - 12.1 - 12.1,34.6,36.0
202502010309,12.2 - 10.8 - 10.8 - 11.5 - 11.5 - 11.6,33.8,34.6
202502010310,13.1 - 12.0 - 12.4 - 12.7 - 12.6 - 13.6 - 13.1 - 12.3 - 12.2 - 12.3 - 11.9 - 11.8 - 11.6,37.5,35.3
202502010311,12.4 - 10.3 - 11.5 - 11.8 - 11.5 - 11.4,34.2,34.7
202502010312,7.1 - 11.0 - 12.4 - 13.0 - 13.1 - 12.6 - 12.4 - 11.8 - 11.7,30.5,35.9
202502010401,12.0 - 10.9 - 11.1 - 11.8 - 11.7 - 12.0,34.0,35.5
202502010402,7.0 - 10.4 - 11.4 - 12.8 - 13.1 - 12.5 - 12.5 - 12.8 - 12.4,28.8,37.7
202502010403,12.1 - 10.6 - 11.5 - 11.9 - 12.4,34.2,35.8
202502010404,12.0 - 11.3 - 11.5 - 11.4 - 11.8 - 12.1 - 12.5 - 13.3 - 13.0,34.8,38.8
202502010405,12.0 - 10.7 - 11.8 - 12.2 - 12.0 - 11.8,34.5,36.0
202502010406,7.3 - 10.5 - 11.9 - 13.2 - 11.7 - 12.9 - 13.0 - 12.6 - 12.0,29.7,37.6
202502010407,12.1 - 11.2 - 11.6 - 12.2 - 12.2 - 12.2 - 12.2 - 12.3 - 11.7,34.9,36.2
202502010408,12.3 - 10.8 - 11.4 - 11.7 - 11.4 - 11.5,34.5,34.6
202502010409,12.9 - 11.3 - 12.2 - 12.7 - 12.8 - 12.4 - 12.4 - 12.2 - 11.9 - 11.4,36.4,35.5
202502010410,7.3 - 10.9 - 11.8 - 12.7 - 12.3 - 12.3 - 12.5 - 12.2 - 12.3,30.0,37.0
202502010411,11.8 - 10.5 - 11.5 - 11.4 - 11.6 - 11.9,33.8,34.9
202502010412,7.0 - 10.9 - 11.2 - 12.9 - 12.2 - 12.7 - 13.1 - 12.9 - 12.7,29.1,38.7
202502010501,12.1 - 11.0 - 11.4 - 11.6 - 11.7 - 11.6,34.5,34.9
202502010502,13.2 - 11.9 - 13.2 - 13.0 - 12.7 - 13.7 - 13.6 - 13.3 - 12.4 - 12.6 - 12.4 - 12.2,38.3,37.2
202502010503,7.0 - 10.7 - 11.6 - 12.4 - 12.9 - 12.6 - 12.9 - 12.7 - 12.7,29.3,38.3
202502010504,12.7 - 10.3 - 11.4 - 11.8 - 12.7 - 12.7 - 12.6 - 12.4 - 11.9 - 11.9,34.4,36.2
202502010505,12.1 - 10.9 - 11.4 - 11.8 - 11.9 - 12.0,34.4,35.7
202502010506,7.0 - 10.5 - 11.8 - 12.8 - 12.4 - 12.7 - 13.1 - 13.1 - 12.7,29.3,38.9
202502010507,12.1 - 11.0 - 11.7 - 11.9 - 12.1 - 12.3 - 12.0 - 11.6 - 12.1,34.8,35.7
202502010508,12.1 - 10.5 - 11.4 - 12.0 - 12.5,34.0,35.9
202502010509,12.2 - 10.7 - 11.3 - 11.3 - 11.3 - 11.8,34.2,34.4
202502010510,12.7 - 11.2 - 11.9 - 12.2 - 12.5 - 11.9 - 11.8 - 11.9 - 11.6 - 11.7,35.8,35.2
202502010511,12.0 - 10.3 - 11.0 - 11.6 - 11.5 - 11.7,33.3,34.8
202502010512,7.0 - 11.1 - 11.8 - 12.4 - 12.5 - 12.4 - 12.3 - 12.7 - 12.9,29.9,37.9
202502010601,12.1 - 10.9 - 11.5 - 11.9 - 11.7 - 11.8,34.5,35.4
202502010602,12.3 - 11.1 - 11.8 - 12.0 - 11.9,35.2,35.7
202502010603,12.3 - 10.7 - 11.3 - 11.3 - 11.4 - 12.1,34.3,34.8
202502010604,7.1 - 11.4 - 12.1 - 13.2 - 12.9 - 12.4 - 12.7 - 12.5 - 12.7,30.6,37.9
202502010605,12.6 - 11.5 - 11.9 - 11.7 - 11.5 - 11.5,36.0,34.7
202502010606,11.9 - 10.9 - 11.7 - 12.2 - 12.5 - 12.1 - 12.1 - 12.3 - 12.3,34.5,36.7
202502010607,11.9 - 10.5 - 11.2 - 11.5 - 11.6 - 12.2,33.6,35.3
202502010608,7.0 - 10.2 - 11.3 - 11.8 - 12.1 - 12.5 - 13.0 - 13.3 - 13.9,28.5,40.2
202502010609,12.8 - 10.4 - 11.4 - 12.7 - 12.7 - 11.9 - 12.1 - 12.0 - 11.8 - 11.3,34.6,35.1
202502010610,7.0 - 10.8 - 11.3 - 12.7 - 13.2 - 12.7 - 13.0 - 13.0 - 11.9,29.1,37.9
202502010611,12.5 - 10.2 - 11.4 - 12.0 - 12.0 - 11.9 - 12.2 - 12.1 - 11.7 - 11.6,34.1,35.4
202502010612,12.4 - 10.9 - 11.1 - 11.3 - 11.3 - 11.7,34.4,34.3
202502010701,12.2 - 10.6 - 11.3 - 12.1 - 12.0 - 12.2,34.1,36.3
202502010702,12.0 - 10.6 - 11.6 - 11.7 - 12.1,34.2,35.4
202502010703,12.7 - 10.6 - 11.7 - 12.5 - 12.6 - 12.7 - 12.4 - 12.1 - 12.3 - 12.4,35.0,36.8
202502010704,12.5 - 11.8 - 12.7 - 13.2 - 13.2 - 12.6 - 12.0 - 11.8 - 11.8,37.0,35.6
202502010705,12.3 - 10.7 - 11.7 - 11.7 - 11.5,34.7,34.9
202502010706,7.2 - 11.2 - 11.4 - 11.9 - 12.6 - 12.6 - 12.5 - 12.8 - 12.4,29.8,37.7
202502010707,12.8 - 11.2 - 12.0 - 12.8 - 12.1 - 12.6 - 12.9 - 12.6 - 12.6 - 12.8 - 13.1 - 12.8 - 12.8,36.0,38.7
202502010708,12.1 - 10.9 - 11.4 - 11.7 - 11.4 - 11.9,34.4,35.0
202502010709,12.1 - 11.1 - 11.8 - 12.3 - 12.2 - 12.1 - 12.3 - 12.5 - 12.2,35.0,37.0
202502010710,7.0 - 11.0 - 11.3 - 12.0 - 12.3 - 11.9 - 12.0 - 12.5 - 12.8,29.3,37.3
202502010711,12.2 - 11.1 - 11.5 - 11.7 - 11.4 - 11.4,34.8,34.5
202502010712,7.0 - 10.9 - 12.1 - 12.8 - 12.9 - 12.3 - 12.1 - 12.8 - 12.5,30.0,37.4
202502010801,12.1 - 10.6 - 11.5 - 11.8 - 12.5 - 11.7,34.2,36.0
202502010802,12.1 - 10.6 - 11.8 - 12.1 - 11.8,34.5,35.7
202502010803,7.0 - 10.6 - 11.6 - 12.3 - 12.7 - 13.3 - 12.6 - 12.8 - 12.7,29.2,38.1
202502010804,12.1 - 10.7 - 11.1 - 11.8 - 12.1 - 11.8,33.9,35.7
202502010805,12.8 - 13.2 - 12.5 - 12.9 - 12.2 - 12.0 - 11.7 - 11.7 - 12.1,38.5,35.5
202502010806,13.3 - 11.6 - 12.2 - 12.9 - 13.0 - 11.8 - 12.1 - 12.0 - 12.0 - 11.7,37.1,35.7
202502010807,12.2 - 10.5 - 11.4 - 12.1 - 12.1,34.1,35.6
202502010808,7.1 - 10.9 - 11.8 - 12.5 - 12.5 - 12.5 - 12.4 - 12.5 - 12.7,29.8,37.6
202502010809,12.2 - 10.9 - 11.5 - 11.7 - 11.7 - 11.4,34.6,34.8
202502010810,13.2 - 12.6 - 13.4 - 12.4 - 11.8 - 12.9 - 13.5 - 13.1 - 12.2 - 11.9 - 12.0 - 12.2 - 12.3,39.2,36.5
202502010811,7.1 - 10.8 - 11.5 - 12.2 - 12.8 - 11.6 - 12.4 - 12.5 - 12.4,29.4,37.3
202502010812,12.1 - 11.2 - 11.5 - 11.5 - 11.6 - 11.8,34.8,34.9
202502010901,11.9 - 10.3 - 10.9 - 11.5 - 11.6 - 11.9,33.1,35.0
202502010902,12.3 - 10.8 - 11.3 - 12.1 - 12.3,34.4,35.7
202502010903,12.3 - 11.3 - 12.0 - 12.3 - 12.0 - 11.8 - 11.8 - 12.1 - 11.7,35.6,35.6
202502010904,7.2 - 11.3 - 11.9 - 12.8 - 12.9 - 12.7 - 12.6 - 13.1 - 13.1,30.4,38.8
202502010905,12.8 - 11.9 - 12.0 - 11.9 - 11.8 - 12.0 - 11.7 - 11.9 - 12.1,36.7,35.7
202502010906,12.8 - 12.0 - 12.6 - 12.7 - 13.0 - 13.1 - 12.0 - 12.0 - 12.0 - 11.7 - 11.5 - 12.1 - 12.4,37.4,36.0
202502010907,7.1 - 11.2 - 12.1 - 12.8 - 12.7 - 12.5 - 12.6 - 12.6 - 12.8,30.4,38.0
202502010908,13.5 - 12.0 - 12.7 - 13.0 - 12.9 - 13.5 - 12.7 - 13.0 - 12.7 - 12.6 - 12.9 - 13.2,38.2,38.7
202502010909,13.0 - 11.3 - 11.4 - 12.1 - 12.8 - 12.3 - 12.1 - 11.5 - 11.6 - 11.7,35.7,34.8
202502010910,11.9 - 10.3 - 10.7 - 11.0 - 11.5 - 11.8,32.9,34.3
202502010911,12.4 - 11.1 - 11.8 - 11.9 - 11.8 - 11.8 - 11.9 - 11.8 - 11.8,35.3,35.5
202502010912,12.1 - 10.6 - 11.3 - 12.2 - 12.5,34.0,36.0
202502011001,12.6 - 10.8 - 11.9 - 12.3 - 12.6,35.3,36.8
202502011002,7.1 - 11.4 - 12.1 - 12.3 - 12.2 - 12.3 - 12.4 - 12.6 - 13.2,30.6,38.2
202502011003,12.0 - 11.2 - 11.9 - 11.5 - 11.2 - 11.2,35.1,33.9
202502011004,6.9 - 11.3 - 12.3 - 12.3 - 12.6 - 12.8 - 12.4 - 13.0 - 13.1,30.5,38.5
202502011005,12.1 - 10.6 - 11.4 - 11.4 - 11.6 - 11.8,34.1,34.8
202502011006,12.4 - 11.0 - 11.4 - 11.7 - 12.1 - 12.1 - 12.1 - 12.2 - 12.1 - 12.3,34.8,36.6
202502011007,12.3 - 11.0 - 11.3 - 12.0 - 12.1 - 12.1 - 12.2 - 12.1 - 11.5,34.6,35.8
202502011008,7.1 - 11.2 - 12.1 - 12.7 - 12.5 - 12.3 - 12.4 - 12.3 - 12.7,30.4,37.4
202502011009,12.5 - 11.2 - 11.6 - 11.9 - 11.9 - 11.7 - 11.4 - 11.6 - 11.8,35.3,34.8
202502011010,12.2 - 10.7 - 11.5 - 12.2 - 12.3,34.4,36.0
202502011011,12.2 - 10.9 - 11.3 - 11.5 - 11.5 - 11.9 - 12.4 - 11.5 - 11.6,34.4,35.5
202502011012,11.6 - 10.1 - 10.6 - 11.5 - 12.1 - 12.6,32.3,36.2
202502011101,12.4 - 11.4 - 12.5 - 12.8 - 12.3 - 12.3 - 11.9 - 11.7 - 11.7,36.3,35.3
202502011102,12.3 - 10.8 - 11.6 - 11.8 - 12.2,34.7,35.6
202502011103,13.3 - 11.6 - 13.2 - 13.5 - 12.7 - 13.1 - 13.2 - 13.1 - 12.5 - 12.5 - 12.7 - 12.8,38.1,38.0
202502011104,12.3 - 10.5 - 11.1 - 11.4 - 11.5 - 11.5,33.9,34.4
202502011105,12.4 - 11.3 - 11.5 - 12.4 - 12.3 - 12.2 - 12.0 - 11.9 - 12.0 - 11.9,35.2,35.8
202502011106,7.1 - 10.8 - 11.6 - 12.5 - 12.8 - 12.6 - 13.0 - 12.9 - 13.2,29.5,39.1
202502011107,11.8 - 10.8 - 11.2 - 11.5 - 11.4 - 11.5,33.8,34.4
202502011108,7.0 - 11.2 - 12.2 - 12.8 - 12.7 - 12.4 - 12.2 - 12.5 - 12.7,30.4,37.4
202502011109,12.5 - 11.5 - 11.8 - 12.4 - 12.2 - 11.9 - 11.6 - 11.2 - 11.3,35.8,34.1
202502011110,12.4 - 11.6 - 12.1 - 12.4 - 12.1 - 11.5 - 11.6 - 11.7 - 11.3,36.1,34.6
202502011111,6.9 - 10.9 - 12.0 - 12.7 - 12.5 - 11.9 - 12.2 - 12.5 - 12.2,29.8,36.9
202502011112,12.1 - 10.3 - 11.0 - 11.6 - 11.7 - 11.7,33.4,35.0
202502011201,12.0 - 10.6 - 11.2 - 11.4 - 11.8 - 12.1,33.8,35.3
202502011202,7.1 - 10.8 - 11.9 - 12.5 - 12.6 - 12.6 - 13.0 - 12.9 - 12.8,29.8,38.7
202502011203,12.2 - 11.7 - 11.9 - 12.2 - 12.3 - 12.1 - 11.8 - 11.7 - 11.5,35.8,35.0
202502011204,7.0 - 11.0 - 11.5 - 12.3 - 12.6 - 12.7 - 12.7 - 12.8 - 12.8,29.5,38.3
202502011205,12.8 - 11.7 - 12.8 - 12.8 - 11.8 - 12.0 - 11.7 - 11.8 - 11.3,37.3,34.8
202502011206,12.1 - 10.6 - 10.9 - 11.5 - 11.6 - 11.7,33.6,34.8
202502011207,12.2 - 10.6 - 11.5 - 12.0 - 12.6,34.3,36.1
202502011208,13.4 - 11.8 - 12.2 - 11.9 - 12.0 - 13.0 - 12.9 - 12.8 - 12.1 - 11.9 - 11.9 - 11.5 - 11.6,37.4,35.0
202502011209,11.9 - 10.5 - 11.3 - 11.6 - 11.2 - 11.4,33.7,34.2
202502011210,7.0 - 11.3 - 12.1 - 12.7 - 12.6 - 12.2 - 12.3 - 12.8 - 12.6,30.4,37.7
202502011211,12.1 - 10.9 - 11.3 - 11.0 - 11.2 - 11.9,34.3,34.1
202502011212,7.3 - 10.7 - 12.0 - 12.7 - 11.8 - 12.4 - 12.6 - 12.7 - 13.4,30.0,38.7
202503010101,7.1 - 11.6 - 12.3 - 13.0 - 13.0 - 12.7 - 12.5 - 13.0 - 13.1,31.0,38.6
202503010102,11.9 - 10.9 - 11.3 - 11.5 - 11.7 - 12.0,34.1,35.2
202503010103,12.4 - 10.9 - 12.1 - 12.1 - 12.0 - 12.0 - 11.8 - 12.1 - 12.5,35.4,36.4
202503010104,9.7 - 10.9 - 11.5 - 12.1 - 12.1 - 12.7,32.1,36.9
202503010105,12.7 - 11.0 - 11.9 - 12.6 - 12.3 - 12.2 - 11.8 - 12.1 - 12.2 - 12.4,35.6,36.7
202503010106,11.8 - 10.6 - 10.8 - 11.4 - 11.6 - 12.2,33.2,35.2
202503010107,7.0 - 11.3 - 11.9 - 12.7 - 12.5 - 12.4 - 12.7 - 13.2 - 13.3,30.2,39.2
202503010108,13.1 - 11.7 - 12.6 - 12.8 - 12.5 - 11.7 - 12.6 - 12.3 - 11.9 - 11.8 - 11.8 - 12.0 - 12.8,37.4,36.6
202503010109,12.5 - 11.2 - 11.9 - 12.1 - 12.0 - 11.9 - 12.0 - 11.6 - 11.7,35.6,35.3
202503010110,9.4 - 10.2 - 11.1 - 12.0 - 12.7 - 13.2,30.7,37.9
202503010111,7.1 - 10.8 - 11.3 - 12.2 - 12.7 - 12.6 - 12.8 - 12.7 - 12.5,29.2,38.0
202503010112,11.8 - 10.9 - 11.4 - 11.4 - 11.2 - 11.7,34.1,34.3
202503010201,7.1 - 10.9 - 12.4 - 13.6 - 13.6 - 12.6 - 12.9 - 12.9 - 13.1,30.4,38.9
202503010202,12.2 - 10.7 - 11.3 - 11.8 - 11.5 - 11.9,34.2,35.2
202503010203,12.8 - 11.8 - 12.3 - 12.3 - 12.5 - 12.4 - 12.9 - 12.8 - 12.6 - 12.1 - 12.2 - 12.2 - 12.8,36.9,37.2
202503010204,7.3 - 11.1 - 12.0 - 13.4 - 13.3 - 12.8 - 12.9 - 13.1 - 12.9,30.4,38.9
202503010205,12.9 - 11.3 - 12.5 - 12.5 - 12.3 - 11.8 - 11.6 - 11.8 - 12.3,36.7,35.7
202503010206,11.7 - 10.5 - 10.8 - 11.3 - 11.3 - 12.1,33.0,34.7
202503010207,12.5 - 11.3 - 11.5 - 12.4 - 12.7 - 12.5 - 12.0 - 12.1 - 12.2 - 11.9,35.3,36.2
202503010208,9.4 - 10.9 - 11.7 - 12.2 - 12.3 - 12.6,32.0,37.1
202503010209,11.8 - 10.3 - 10.5 - 11.3 - 11.7 - 12.6,32.6,35.6
202503010210,9.3 - 10.4 - 10.7 - 11.9 - 13.1 - 13.3,30.4,38.3
202503010211,12.4 - 10.8 - 11.6 - 12.4 - 12.1 - 12.1 - 12.0 - 11.8 - 12.3 - 12.3,34.8,36.4
202503010212,7.3 - 11.2 - 12.0 - 12.5 - 13.2 - 12.7 - 12.5 - 13.4 - 12.8,30.5,38.7
202503010301,9.4 - 10.8 - 11.4 - 12.2 - 12.6 - 13.0,31.6,37.8
202503010302,12.4 - 10.7 - 11.0 - 11.3 - 11.5 - 12.0,34.1,34.8
202503010303,12.9 - 10.8 - 11.8 - 13.0 - 13.3 - 13.2 - 13.6 - 12.8 - 12.1 - 11.8 - 12.0 - 12.2 - 11.8,35.5,36.0
202503010304,7.2 - 11.1 - 11.7 - 12.7 - 12.9 - 12.5 - 12.7 - 13.1 - 13.4,30.0,39.2
202503010305,12.7 - 11.7 - 12.5 - 12.5 - 12.1 - 11.6 - 11.7 - 11.6 - 12.1,36.9,35.4
202503010306,12.1 - 10.9 - 11.1 - 11.4 - 11.6 - 12.0,34.1,35.0
202503010307,7.1 - 11.2 - 12.1 - 12.6 - 12.7 - 12.4 - 12.7 - 13.2 - 12.9,30.4,38.8
202503010308,9.6 - 10.7 - 11.4 - 12.0 - 12.4 - 13.3,31.7,37.7
202503010309,12.5 - 11.3 - 11.6 - 11.3 - 11.7 - 12.1 - 12.4 - 12.6 - 11.7 - 11.6,35.4,35.9
202503010310,12.3 - 11.6 - 11.7 - 12.4 - 12.5 - 12.0 - 11.5 - 11.7 - 12.0 - 11.9,35.6,35.6
202503010311,7.2 - 11.4 - 12.4 - 12.7 - 12.6 - 12.0 - 12.3 - 12.7 - 13.3,31.0,38.3
202503010312,12.1 - 10.6 - 11.1 - 11.2 - 11.3 - 12.2,33.8,34.7
202503010401,9.6 - 10.7 - 11.1 - 12.1 - 12.4 - 12.9,31.4,37.4
202503010402,7.1 - 11.2 - 11.8 - 12.6 - 12.8 - 12.9 - 13.1 - 13.2 - 13.3,30.1,39.6
202503010403,11.9 - 10.3 - 11.3 - 11.8 - 12.0 - 11.7,33.5,35.5
202503010404,12.5 - 11.2 - 11.8 - 13.0 - 13.0 - 12.9 - 12.3 - 11.9 - 11.7 - 11.5,35.5,35.1
202503010405,12.8 - 11.7 - 11.8 - 12.6 - 12.8 - 12.3 - 12.2 - 12.0 - 11.6 - 11.6,36.3,35.2
202503010406,7.3 - 11.0 - 11.5 - 12.2 - 12.7 - 12.7 - 13.1 - 14.3 - 13.8,29.8,41.2
202503010407,12.5 - 11.1 - 11.9 - 12.1 - 11.9 - 11.6 - 11.8 - 11.9 - 12.0,35.5,35.7
202503010408,7.0 - 11.1 - 12.1 - 13.0 - 13.2 - 12.8 - 12.5 - 12.7 - 12.6,30.2,37.8
202503010409,11.9 - 10.6 - 10.9 - 11.3 - 11.8 - 11.8,33.4,34.9
202503010410,13.4 - 12.5 - 13.2 - 13.2 - 12.7 - 12.2 - 12.7 - 12.6 - 11.9 - 11.7 - 12.0 - 11.8 - 11.8,39.1,35.6
202503010411,12.4 - 10.8 - 12.0 - 12.0 - 12.0 - 11.8 - 11.8 - 11.7 - 11.7,35.2,35.2
202503010412,7.2 - 11.3 - 12.2 - 12.8 - 12.7 - 12.7 - 12.7 - 12.4 - 12.5,30.7,37.6
202503010501,7.2 - 11.3 - 12.3 - 12.1 - 12.9 - 12.6 - 12.3 - 13.2 - 13.9,30.8,39.4
202503010502,9.5 - 10.9 - 11.5 - 12.3 - 12.5 - 12.5,31.9,37.3
202503010503,12.7 - 10.9 - 11.6 - 12.4 - 13.3 - 12.5 - 11.4 - 11.7 - 12.3 - 12.8,35.2,36.8
202503010504,12.5 - 10.4 - 10.8 - 11.0 - 11.6 - 12.4,33.7,35.0
202503010505,12.4 - 11.0 - 11.7 - 12.0 - 11.8 - 11.8 - 12.2 - 12.5 - 12.1,35.1,36.8
202503010506,6.9 - 11.3 - 12.2 - 12.7 - 12.9 - 12.7 - 12.8 - 13.4 - 13.4,30.4,39.6
202503010507,12.8 - 11.4 - 11.3 - 11.6 - 11.2 - 11.4,35.5,34.2
202503010508,9.7 - 11.0 - 11.2 - 12.0 - 12.3 - 13.0,31.9,37.3
202503010509,12.3 - 10.7 - 11.3 - 11.3 - 11.3 - 11.8,34.3,34.4
202503010510,12.6 - 10.8 - 12.0 - 12.1 - 12.4 - 12.1 - 12.0 - 12.1 - 11.8 - 11.4,35.4,35.3
202503010511,12.5 - 10.6 - 11.0 - 11.2 - 11.7 - 11.3,34.1,34.2
202503010512,7.2 - 11.2 - 12.4 - 13.3 - 12.9 - 11.9 - 12.7 - 13.0 - 12.5,30.8,38.2
202503010601,9.5 - 11.0 - 11.5 - 12.0 - 12.4 - 12.4,32.0,36.8
202503010602,12.3 - 10.7 - 11.1 - 11.5 - 11.7 - 11.6,34.1,34.8
202503010603,7.2 - 11.3 - 12.0 - 13.3 - 13.3 - 12.9 - 12.6 - 12.9 - 13.3,30.5,38.8
202503010604,12.5 - 10.9 - 11.7 - 11.7 - 11.2 - 11.8,35.1,34.7
202503010605,12.6 - 10.5 - 11.5 - 12.5 - 13.0 - 12.2 - 11.8 - 12.3 - 11.7 - 11.7,34.6,35.7
202503010606,7.1 - 11.5 - 11.9 - 12.4 - 12.8 - 12.2 - 12.6 - 12.9 - 13.0,30.5,38.5
202503010607,12.3 - 10.8 - 11.2 - 11.5 - 11.6 - 11.6,34.3,34.7
202503010608,12.1 - 10.6 - 11.1 - 12.5 - 12.3 - 12.4 - 12.5 - 12.3 - 11.9,33.8,36.7
202503010609,13.4 - 11.4 - 12.2 - 12.4 - 11.7 - 12.3 - 12.3 - 13.1 - 12.1 - 11.8 - 12.0 - 12.1 - 11.8,37.0,35.9
202503010610,7.1 - 10.9 - 11.5 - 12.2 - 12.6 - 12.5 - 13.1 - 13.4 - 13.3,29.5,39.8
202503010611,12.6 - 10.6 - 11.0 - 11.4 - 11.5 - 11.4,34.2,34.3
202503010612,9.8 - 10.9 - 11.3 - 12.1 - 12.2 - 12.5,32.0,36.8
202503020101,12.0 - 10.7 - 10.9 - 11.6 - 11.4 - 12.2,33.6,35.2
202503020102,9.5 - 10.9 - 11.2 - 12.0 - 12.4 - 12.6,31.6,37.0
202503020103,7.1 - 10.8 - 11.8 - 12.1 - 12.5 - 12.5 - 12.9 - 13.7 - 13.8,29.7,40.4
202503020104,12.5 - 11.0 - 12.0 - 12.3 - 12.3 - 11.9 - 12.1 - 12.0 - 12.1,35.5,36.2
202503020105,12.1 - 10.9 - 11.0 - 11.4 - 11.8 - 12.5,34.0,35.7
202503020106,9.8 - 10.9 - 11.6 - 12.1 - 12.8 - 13.2,32.3,38.1
202503020107,12.6 - 11.0 - 11.7 - 12.4 - 13.3 - 13.2 - 13.7 - 13.5 - 13.0 - 11.9 - 11.5 - 11.1 - 12.0,35.3,34.6
202503020108,11.9 - 10.4 - 10.8 - 11.5 - 11.9 - 12.4,33.1,35.8
202503020109,12.6 - 11.6 - 11.8 - 12.3 - 12.8 - 12.9 - 12.3 - 11.6 - 11.6 - 11.8,36.0,35.0
202503020110,7.2 - 11.0 - 12.0 - 12.5 - 12.4 - 12.3 - 12.7 - 12.3 - 11.8,30.2,36.8
202503020111,12.3 - 11.0 - 11.3 - 12.0 - 12.4 - 12.2 - 11.9 - 11.9 - 12.0 - 12.3,34.6,36.2
202503020112,7.1 - 11.0 - 11.6 - 12.7 - 12.8 - 12.3 - 12.2 - 12.3 - 12.7,29.7,37.2
202503020201,7.2 - 10.8 - 11.7 - 12.9 - 13.2 - 13.2 - 13.4 - 12.7 - 12.3,29.7,38.4
202503020202,13.0 - 11.5 - 12.0 - 12.1 - 12.3 - 12.3 - 13.0 - 13.0 - 12.7 - 12.2 - 12.2 - 12.3 - 12.0,36.5,36.5
202503020203,7.3 - 11.0 - 12.1 - 12.9 - 13.1 - 12.7 - 12.0 - 12.3 - 12.5,30.4,36.8
202503020204,12.5 - 11.8 - 12.2 - 13.3 - 13.6 - 12.1 - 11.5 - 11.7 - 11.6 - 11.9,36.5,35.2
202503020205,12.8 - 10.8 - 12.0 - 12.6 - 12.6 - 12.2 - 12.4 - 12.1 - 12.0,35.6,36.5
202503020206,12.3 - 11.5 - 11.3 - 12.0 - 11.7 - 11.4,35.1,35.1
202503020207,9.5 - 10.8 - 11.1 - 12.0 - 12.0 - 12.2,31.4,36.2
202503020208,12.6 - 11.5 - 12.1 - 12.7 - 12.4 - 12.1 - 11.7 - 11.1 - 12.1,36.2,34.9
202503020209,12.0 - 10.4 - 10.8 - 11.4 - 11.5 - 12.0,33.2,34.9
202503020210,7.1 - 11.4 - 11.7 - 12.3 - 12.6 - 12.3 - 12.2 - 12.4 - 12.5,30.2,37.1
202503020211,12.5 - 11.0 - 11.7 - 12.3 - 12.2 - 11.8 - 11.9 - 11.7 - 11.8,35.2,35.4
202503020212,12.0 - 10.6 - 10.9 - 11.8 - 12.0 - 12.1,33.5,35.9
202503020302,7.3 - 11.0 - 11.8 - 12.9 - 12.9 - 12.8 - 13.5 - 12.7 - 12.4,30.1,38.6
202503020303,12.7 - 11.3 - 12.5 - 12.7 - 12.8 - 12.4 - 12.4 - 12.0 - 12.3,36.5,36.7
202503020304,12.6 - 11.7 - 11.5 - 11.4 - 11.5 - 12.0,35.8,34.9
202503020305,13.0 - 12.2 - 12.5 - 13.0 - 12.5 - 12.1 - 12.0 - 12.1 - 12.6,37.7,36.7
202503020306,7.0 - 11.3 - 12.0 - 12.1 - 12.4 - 11.9 - 12.6 - 13.3 - 12.9,30.3,38.8
202503020307,12.2 - 11.1 - 11.3 - 11.6 - 11.2 - 12.1,34.6,34.9
202503020308,12.8 - 11.5 - 12.3 - 12.8 - 13.0 - 12.4 - 12.2 - 11.6 - 12.0,36.6,35.8
202503020309,12.4 - 11.1 - 11.7 - 12.2 - 12.7 - 12.6 - 12.4 - 12.6 - 11.9 - 11.9,35.2,36.4
202503020310,7.2 - 11.4 - 12.3 - 13.0 - 12.9 - 12.1 - 12.1 - 12.2 - 12.3,30.9,36.6
202503020311,9.7 - 10.9 - 11.0 - 11.6 - 12.1 - 12.4,31.6,36.1
202503020312,11.9 - 10.8 - 11.3 - 11.6 - 11.7 - 12.1,34.0,35.4
202503020402,7.1 - 11.2 - 12.1 - 13.1 - 12.9 - 12.3 - 12.3 - 13.0 - 12.8,30.4,38.1
202503020403,12.0 - 10.7 - 11.2 - 11.7 - 11.8 - 12.4,33.9,35.9
202503020404,12.3 - 11.6 - 12.0 - 12.0 - 11.9 - 11.8,35.9,35.7
202503020405,13.1 - 13.2 - 13.5 - 14.2 - 14.5 - 12.1 - 12.2 - 12.5 - 11.1 - 11.7,39.8,35.3
202503020406,9.7 - 10.9 - 10.9 - 11.7 - 12.4 - 13.0,31.5,37.1
202503020407,12.2 - 10.9 - 11.5 - 12.1 - 12.6 - 12.4 - 12.8 - 12.8 - 12.0 - 12.5,34.6,37.3
202503020408,12.5 - 11.1 - 11.5 - 12.2 - 12.1 - 12.3 - 12.4 - 12.5 - 12.1,35.1,37.0
202503020409,9.4 - 10.7 - 11.1 - 11.9 - 12.2 - 12.4,31.2,36.5
202503020410,12.8 - 10.9 - 11.5 - 12.0 - 11.9 - 12.1 - 12.7 - 12.6 - 11.7,35.2,37.0
202503020411,7.0 - 11.0 - 11.5 - 12.3 - 12.3 - 12.0 - 12.1 - 12.4 - 12.8,29.5,37.3
202503020412,9.5 - 10.7 - 11.0 - 12.0 - 12.3 - 12.3,31.2,36.6
202503020501,12.5 - 11.4 - 12.2 - 13.0 - 12.8 - 12.2 - 12.4 - 12.3 - 12.1,36.1,36.8
202503020502,7.1 - 11.2 - 11.9 - 12.7 - 12.7 - 12.2 - 12.6 - 13.4 - 13.6,30.2,39.6
202503020503,9.7 - 10.9 - 11.4 - 12.0 - 12.4 - 12.4,32.0,36.8
202503020504,12.7 - 11.8 - 12.6 - 12.3 - 13.2 - 12.4 - 12.1 - 12.2 - 12.2 - 12.2,37.1,36.6
202503020505,12.5 - 11.4 - 12.0 - 11.7 - 11.5 - 12.3,35.9,35.5
202503020506,9.6 - 11.1 - 11.3 - 12.1 - 12.8 - 13.1,32.0,38.0
202503020507,12.8 - 11.3 - 11.9 - 11.9 - 13.4 - 12.9 - 12.1 - 12.2 - 12.2 - 12.3,36.0,36.7
202503020508,7.2 - 10.9 - 11.8 - 12.4 - 12.9 - 13.0 - 12.7 - 12.6 - 12.6,29.9,37.9
202503020509,13.2 - 12.0 - 13.2 - 13.1 - 12.5 - 12.2 - 13.0 - 13.3 - 12.3 - 12.0 - 12.0 - 12.0 - 12.4,38.4,36.4
202503020510,13.0 - 11.6 - 11.4 - 11.5 - 11.4 - 11.7,36.0,34.6
202503020511,12.6 - 10.8 - 11.2 - 11.5 - 11.5 - 11.9,34.6,34.9
202503020512,7.1 - 11.1 - 12.0 - 12.3 - 12.9 - 12.6 - 12.6 - 12.8 - 12.8,30.2,38.2
202503020601,12.4 - 10.9 - 11.4 - 12.1 - 11.8 - 13.1,34.7,37.0
202503020602,7.1 - 11.1 - 12.1 - 12.8 - 12.7 - 12.6 - 12.6 - 12.8 - 12.5,30.3,37.9
202503020603,12.3 - 11.5 - 12.3 - 12.7 - 13.1 - 12.7 - 12.2 - 12.0 - 12.1 - 12.5,36.1,36.6
202503020604,12.5 - 10.9 - 11.1 - 11.8 - 11.8 - 12.6,34.5,36.2
202503020605,13.1 - 12.6 - 13.1 - 13.5 - 13.0 - 12.5 - 12.4 - 11.7 - 11.7,38.8,35.8
202503020606,7.1 - 11.4 - 12.3 - 12.5 - 12.9 - 12.5 - 13.0 - 12.9 - 12.2,30.8,38.1
202503020607,12.6 - 11.5 - 11.5 - 11.5 - 11.6 - 11.8,35.6,34.9
202503020608,9.4 - 10.8 - 10.9 - 11.8 - 12.7 - 13.3,31.1,37.8
202503020609,12.6 - 11.4 - 11.6 - 12.5 - 12.5 - 12.0 - 11.9 - 12.0 - 12.2,35.6,36.1
202503020610,7.2 - 10.8 - 11.3 - 12.7 - 12.9 - 12.8 - 12.7 - 12.9 - 12.5,29.3,38.1
202503020611,12.4 - 10.8 - 11.5 - 12.0 - 12.7 - 12.8 - 12.3 - 12.0 - 11.9 - 12.1,34.7,36.0
202503020612,12.6 - 11.2 - 11.4 - 11.7 - 11.4 - 12.0,35.2,35.1
202503020702,7.1 - 10.9 - 12.1 - 12.6 - 13.2 - 12.1 - 12.6 - 13.2 - 13.3,30.1,39.1
202503020703,12.5 - 11.3 - 11.9 - 13.0 - 12.7 - 12.8 - 12.5 - 12.2 - 12.3,35.7,37.0
202503020704,12.7 - 11.2 - 11.8 - 12.5 - 12.2 - 11.9,35.7,36.6
202503020705,12.5 - 11.4 - 12.9 - 13.7 - 13.1 - 12.5 - 12.3 - 12.5 - 12.3,36.8,37.1
202503020706,7.1 - 11.0 - 11.8 - 12.1 - 12.7 - 12.8 - 12.8 - 12.7 - 12.5,29.9,38.0
202503020707,12.7 - 10.9 - 11.7 - 12.2 - 11.8 - 11.9,35.3,35.9
202503020708,12.4 - 11.3 - 11.4 - 11.6 - 13.0 - 12.5 - 13.0 - 12.8 - 12.5 - 12.2,35.1,37.5
202503020709,13.4 - 12.2 - 13.1 - 13.0 - 13.4 - 13.3 - 13.0 - 13.4 - 12.2 - 11.9 - 12.0 - 12.2 - 12.6,38.7,36.8
202503020710,9.9 - 10.8 - 11.4 - 11.7 - 12.4 - 12.7,32.1,36.8
202503020711,12.8 - 11.6 - 12.1 - 12.7 - 12.4 - 11.9 - 11.9 - 12.0 - 12.2,36.5,36.1
202503020712,9.7 - 11.3 - 11.7 - 12.1 - 12.5 - 12.5,32.7,37.1
202503020802,7.1 - 11.2 - 11.7 - 12.8 - 13.0 - 12.4 - 12.9 - 13.0 - 13.1,30.0,39.0
202503020803,12.6 - 11.1 - 11.6 - 11.7 - 12.1 - 11.9,35.3,35.7
202503020804,9.6 - 11.0 - 11.4 - 12.0 - 12.5 - 12.6,32.0,37.1
202503020805,12.9 - 11.9 - 12.3 - 12.5 - 13.0 - 12.6 - 12.2 - 12.1 - 12.2 - 12.1,37.1,36.4
202503020806,12.6 - 11.8 - 12.2 - 12.8 - 12.9 - 12.1 - 11.9 - 12.0 - 12.0,36.6,35.9
202503020807,9.8 - 11.0 - 11.2 - 12.1 - 12.8 - 12.9,32.0,37.8
202503020808,12.8 - 12.1 - 12.5 - 13.2 - 12.6 - 11.8 - 11.9 - 12.1 - 12.0,37.4,36.0
202503020809,12.6 - 11.5 - 11.7 - 12.0 - 11.6 - 11.4,35.8,35.0
202503020810,12.9 - 12.0 - 12.7 - 12.8 - 13.1 - 12.3 - 12.0 - 12.0 - 12.0 - 11.9,37.6,35.9
202503020811,9.6 - 10.5 - 11.1 - 11.7 - 12.1 - 12.3,31.2,36.1
202503020812,7.2 - 11.4 - 12.3 - 12.5 - 12.6 - 12.3 - 12.1 - 12.4 - 12.6,30.9,37.1
202503030101,7.1 - 11.1 - 12.4 - 13.0 - 12.7 - 12.6 - 13.0 - 13.1 - 13.3,30.6,39.4
202503030102,12.4 - 10.8 - 11.4 - 12.4 - 12.5 - 11.8 - 12.1 - 12.2 - 12.0,34.6,36.3
202503030103,7.2 - 11.1 - 12.0 - 12.3 - 12.6 - 12.4 - 12.6 - 13.1 - 13.2,30.3,38.9
202503030104,9.5 - 10.6 - 11.2 - 12.0 - 12.3 - 12.9,31.3,37.2
202503030105,12.1 - 10.6 - 11.1 - 11.9 - 11.7 - 11.8,33.8,35.4
202503030106,12.6 - 10.7 - 11.6 - 11.8 - 11.9 - 11.8 - 11.7 - 11.7 - 12.2,34.9,35.6
202503030107,12.0 - 10.5 - 10.8 - 11.3 - 11.2 - 12.2,33.3,34.7
202503030108,9.5 - 10.8 - 10.9 - 11.9 - 12.7 - 12.9,31.2,37.5
202503030109,12.6 - 10.9 - 11.4 - 12.6 - 12.8 - 12.2 - 11.5 - 11.8 - 11.9 - 12.0,34.9,35.7
202503030110,11.7 - 10.1 - 10.8 - 11.6 - 11.8 - 12.1,32.6,35.5
202503030111,11.8 - 10.2 - 11.0 - 11.6 - 11.6 - 12.1,33.0,35.3
202503030112,7.1 - 11.3 - 11.6 - 12.4 - 12.7 - 12.3 - 12.3 - 13.1 - 13.1,30.0,38.5
202503030201,9.5 - 11.0 - 11.5 - 12.5 - 12.7 - 12.9,32.0,38.1
202503030202,12.0 - 10.7 - 11.3 - 11.9 - 11.6 - 11.9,34.0,35.4
202503030203,7.2 - 11.3 - 11.8 - 12.8 - 12.7 - 12.2 - 12.5 - 12.6 - 12.6,30.3,37.7
202503030206,7.2 - 11.6 - 12.3 - 12.8 - 13.0 - 12.6 - 12.8 - 13.1 - 13.1,31.1,39.0
202503030207,12.3 - 10.7 - 11.2 - 11.6 - 11.7 - 11.6,34.2,34.9
202503030208,13.1 - 11.9 - 13.1 - 13.1 - 12.9 - 12.8 - 13.2 - 12.9 - 12.4 - 12.0 - 11.8 - 11.5 - 11.8,38.1,35.1
202503030209,12.5 - 10.4 - 12.0 - 12.5 - 11.9 - 12.0 - 12.6 - 12.0 - 11.8,34.9,36.4
202503030210,7.1 - 11.3 - 11.7 - 12.5 - 12.7 - 12.4 - 12.6 - 12.7 - 12.5,30.1,37.8
202503030211,12.0 - 10.5 - 11.0 - 11.5 - 11.4 - 11.9,33.5,34.8
202503030212,12.1 - 10.7 - 11.0 - 11.7 - 11.6 - 12.0,33.8,35.3
202503030301,7.2 - 11.4 - 12.2 - 13.1 - 12.9 - 12.5 - 12.8 - 12.8 - 11.9,30.8,37.5
202503030302,9.7 - 10.7 - 11.1 - 12.0 - 12.5 - 13.0,31.5,37.5
202503030303,12.6 - 10.8 - 11.1 - 12.8 - 13.0 - 12.8 - 12.0 - 12.2 - 11.8 - 12.0,34.5,36.0
202503030304,12.0 - 10.3 - 11.1 - 11.6 - 11.7 - 12.2,33.4,35.5
202503030305,12.7 - 10.9 - 11.3 - 12.4 - 13.2 - 13.1 - 12.4 - 12.7 - 12.4 - 11.8,34.9,36.9
202503030306,13.2 - 12.3 - 13.3 - 13.4 - 11.7 - 12.4 - 12.6 - 13.0 - 12.7 - 13.2 - 13.5 - 13.3,38.8,40.0
202503030307,12.0 - 10.8 - 11.6 - 11.9 - 11.3 - 11.7,34.4,34.9
202503030308,12.9 - 11.4 - 12.4 - 12.8 - 12.5 - 12.3 - 12.5 - 12.4 - 12.2 - 11.9 - 12.6 - 12.3 - 12.4,36.7,37.3
202503030309,12.4 - 11.2 - 11.5 - 11.7 - 11.7 - 12.1 - 12.5 - 12.0 - 11.8,35.1,36.3
202503030310,7.1 - 11.4 - 12.3 - 12.7 - 12.9 - 12.4 - 12.3 - 12.5 - 12.3,30.8,37.1
202503030311,9.4 - 10.9 - 11.4 - 11.9 - 12.4 - 12.6,31.7,36.9
202503030312,12.0 - 10.5 - 11.0 - 11.8 - 11.6 - 12.3,33.5,35.7
202503030401,9.7 - 10.9 - 11.1 - 12.2 - 12.4 - 12.5,31.7,37.1
202503030402,7.1 - 10.8 - 11.5 - 12.4 - 12.8 - 12.7 - 13.1 - 13.1 - 12.7,29.4,38.9
202503030403,7.2 - 10.6 - 11.4 - 12.7 - 13.2 - 12.2 - 13.0 - 13.1 - 12.6,29.2,38.7
202503030406,7.3 - 11.2 - 12.1 - 12.9 - 12.7 - 12.4 - 12.6 - 13.2 - 12.5,30.6,38.3
202503030407,12.1 - 10.3 - 11.1 - 11.8 - 11.7 - 12.0,33.5,35.5
202503030408,9.5 - 10.7 - 11.4 - 12.2 - 12.4 - 13.3,31.6,37.9
202503030409,12.0 - 10.5 - 11.1 - 11.9 - 11.9 - 11.8,33.6,35.6
202503030410,12.6 - 11.6 - 12.8 - 13.2 - 13.1 - 12.2 - 13.2 - 13.2 - 12.6 - 11.8 - 11.9 - 11.6 - 11.6,37.0,35.1
202503030411,7.1 - 10.9 - 11.8 - 12.6 - 12.8 - 12.1 - 12.3 - 12.9 - 12.8,29.8,38.0
202503030412,12.6 - 11.6 - 11.8 - 12.8 - 13.0 - 12.2 - 11.9 - 11.6 - 11.7 - 11.9,36.0,35.2
202503030501,7.3 - 11.2 - 12.2 - 12.9 - 12.8 - 12.3 - 12.9 - 13.3 - 13.1,30.7,39.3
202503030502,9.5 - 10.8 - 11.6 - 12.3 - 12.6 - 12.8,31.9,37.7
202503030503,7.3 - 10.8 - 11.7 - 12.5 - 13.0 - 12.9 - 13.4 - 13.6 - 12.7,29.8,39.7
202503030506,7.2 - 11.2 - 11.8 - 12.2 - 12.4 - 12.5 - 13.0 - 13.2 - 12.6,30.2,38.8
202503030507,12.4 - 11.0 - 12.0 - 12.8 - 12.4 - 12.0 - 12.0 - 11.8 - 11.7,35.4,35.5
202503030508,12.3 - 11.0 - 11.4 - 11.6 - 12.5 - 12.5 - 11.7 - 12.0 - 11.9 - 11.4,34.7,35.3
202503030509,12.5 - 11.6 - 12.3 - 13.0 - 12.3 - 12.1 - 11.9 - 11.5 - 11.3,36.4,34.7
202503030510,9.4 - 10.7 - 11.3 - 12.1 - 12.7 - 12.5,31.4,37.3
202503030511,12.5 - 11.7 - 11.9 - 12.1 - 12.9 - 12.5 - 12.1 - 11.9 - 11.3 - 11.0,36.1,34.2
202503030512,12.3 - 10.7 - 11.3 - 11.9 - 11.5 - 11.4,34.3,34.8
202503030601,9.4 - 10.9 - 11.3 - 11.9 - 12.8 - 13.0,31.6,37.7
202503030602,7.2 - 10.8 - 11.5 - 13.0 - 12.7 - 12.5 - 13.0 - 12.9 - 13.2,29.5,39.1
202503030603,7.4 - 10.9 - 12.2 - 13.1 - 12.5 - 12.4 - 12.7 - 12.9 - 12.8,30.5,38.4
202503030605,13.0 - 12.0 - 12.9 - 13.1 - 13.1 - 12.0 - 11.9 - 11.4 - 11.2,37.9,34.5
202503030606,12.1 - 10.8 - 11.2 - 11.7 - 11.4 - 11.8,34.1,34.9
202503030607,9.7 - 11.0 - 11.4 - 12.0 - 12.2 - 12.4,32.1,36.6
202503030608,12.2 - 10.7 - 11.0 - 11.6 - 11.6 - 11.6,33.9,34.8
202503030609,13.3 - 12.2 - 12.3 - 12.7 - 12.6 - 12.6 - 12.3 - 12.8 - 11.6 - 11.9 - 11.9 - 11.7 - 11.9,37.8,35.5
202503030610,12.6 - 11.4 - 12.2 - 12.4 - 11.9 - 12.0 - 11.8 - 11.4 - 11.8,36.2,35.0
202503030611,7.3 - 11.3 - 12.2 - 12.8 - 12.7 - 12.2 - 12.2 - 12.6 - 12.9,30.8,37.7
202503030612,12.7 - 11.2 - 11.9 - 12.2 - 12.8 - 12.6 - 12.3 - 12.1 - 11.4 - 11.4,35.8,34.9
202504010102,13.0 - 11.5 - 13.4 - 13.7 - 12.2 - 12.2 - 13.4 - 13.4 - 12.9,37.9,39.7
202504010103,12.0 - 10.9 - 11.5 - 12.6 - 12.1 - 12.8,34.4,37.5
202504010105,12.2 - 10.6 - 11.3 - 11.9 - 12.2 - 12.1 - 12.2,34.1,36.5
202504010106,12.6 - 11.8 - 11.9 - 12.8 - 13.6 - 13.2 - 13.0 - 12.2 - 12.0 - 12.3 - 11.9 - 12.5,36.3,36.7
202504010107,13.1 - 12.2 - 13.6 - 13.6 - 12.5 - 12.1 - 12.3 - 12.1 - 13.0,38.9,37.4
202504010108,12.5 - 10.6 - 11.6 - 12.3 - 11.8 - 11.5 - 11.5 - 11.9,34.7,34.9
202504010109,12.5 - 11.7 - 13.0 - 13.2 - 12.7 - 12.4 - 12.8 - 12.2 - 12.3,37.2,37.3
202504010110,12.8 - 11.4 - 12.0 - 12.0 - 12.1 - 11.9 - 11.3 - 11.1 - 12.0,36.2,34.4
202504010111,13.1 - 11.8 - 13.0 - 13.2 - 12.0 - 11.9 - 12.5 - 12.4 - 12.4,37.9,37.3
202504010112,11.9 - 10.5 - 10.6 - 10.5 - 11.1,33.0,32.2
202504010201,12.4 - 11.1 - 11.5 - 11.9 - 12.3 - 12.3 - 11.9 - 12.0 - 12.9,35.0,36.8
202504010202,11.9 - 10.6 - 11.2 - 12.2 - 12.4 - 13.1,33.7,37.7
202504010203,12.8 - 11.5 - 13.0 - 13.7 - 12.5 - 11.9 - 12.9 - 12.8 - 13.8,37.3,39.5
202504010205,12.6 - 11.5 - 12.7 - 12.8 - 12.4 - 12.3 - 12.3 - 11.9 - 12.1 - 12.3,36.8,36.3
202504010206,12.8 - 11.0 - 12.7 - 12.8 - 12.7 - 12.4 - 13.1 - 12.7 - 13.5,36.5,39.3
202504010207,12.0 - 10.6 - 11.0 - 12.1 - 12.3 - 13.3,33.6,37.7
202504010208,12.6 - 11.8 - 12.0 - 12.2 - 12.5 - 12.2 - 11.9 - 11.1 - 12.0,36.4,35.0
202504010209,12.7 - 11.4 - 13.1 - 13.5 - 12.7 - 12.3 - 13.0 - 12.6 - 12.4,37.2,38.0
202504010210,11.7 - 10.2 - 10.9 - 11.3 - 11.5,32.8,33.7
202504010211,11.8 - 10.4 - 11.4 - 12.2 - 12.3 - 12.9,33.6,37.4
202504010212,12.3 - 10.9 - 11.7 - 12.0 - 12.0 - 11.7 - 12.1,34.9,35.8
202504010302,12.9 - 11.2 - 13.6 - 14.0 - 12.7 - 12.6 - 13.1 - 12.4 - 13.1,37.7,38.6
202504010303,11.9 - 11.2 - 12.2 - 12.5 - 12.2 - 12.9,35.3,37.6
202504010305,12.4 - 11.0 - 11.7 - 12.2 - 12.2 - 11.5 - 11.5 - 12.8,35.1,35.8
202504010306,12.3 - 11.1 - 12.6 - 12.9 - 12.7 - 12.4 - 12.5 - 12.1 - 12.1 - 12.6,36.0,36.8
202504010307,12.5 - 11.2 - 13.0 - 12.9 - 12.0 - 12.9 - 13.5 - 13.0 - 12.9,36.7,39.4
202504010308,12.0 - 11.2 - 11.8 - 12.7 - 11.8 - 12.4,35.0,36.9
202504010309,13.2 - 11.9 - 11.7 - 11.9 - 11.7 - 11.2 - 11.2 - 12.1,36.8,34.5
202504010310,13.1 - 11.2 - 11.4 - 12.6 - 12.7 - 12.4 - 12.1 - 12.6 - 12.4 - 12.4 - 12.4,35.7,37.2
202301010101,12.2 - 11.1 - 11.7 - 11.7 - 11.0 - 11.8,35.0,34.5
202301010102,12.2 - 10.9 - 11.5 - 11.8 - 12.3,34.6,35.6
202301010103,7.0 - 11.1 - 12.0 - 13.1 - 12.7 - 12.5 - 12.8 - 12.9 - 13.5,30.1,39.2
202301010104,6.6 - 11.1 - 11.5 - 11.7 - 11.8 - 11.5 - 11.4 - 12.1,29.2,35.0
202301010105,6.8 - 11.4 - 12.8 - 13.0 - 12.9 - 12.7 - 13.0 - 12.9 - 13.1,31.0,39.0
202301010106,12.2 - 11.1 - 11.8 - 11.9 - 12.2 - 12.2 - 11.8 - 11.7 - 12.8,35.1,36.3
202301010107,12.0 - 10.4 - 11.1 - 11.6 - 11.4 - 11.6,33.5,34.6
202301010108,6.8 - 11.1 - 12.5 - 13.3 - 12.6 - 12.5 - 12.9 - 12.0 - 12.8,30.4,37.7
202301010109,12.4 - 11.9 - 12.3 - 12.3 - 12.1 - 11.9 - 11.5 - 11.3 - 11.7,36.6,34.5
202301010110,12.8 - 11.8 - 12.6 - 12.8 - 12.4 - 12.1 - 11.4 - 11.5 - 11.2 - 11.8,37.2,34.5
202301010111,12.0 - 10.3 - 11.0 - 11.3 - 11.3 - 11.6,33.3,34.2
202301010112,6.8 - 10.9 - 12.2 - 12.3 - 12.2 - 12.8 - 12.9 - 13.0 - 13.2,29.9,39.1
202301010201,12.7 - 11.3 - 11.9 - 11.9 - 12.3,35.9,36.1
202301010202,6.6 - 11.4 - 12.2 - 12.9 - 13.0 - 13.2 - 13.1 - 12.9 - 12.6,30.2,38.6
202301010203,12.1 - 10.7 - 11.4 - 11.9 - 11.1 - 11.5,34.2,34.5
202301010204,6.7 - 10.8 - 12.4 - 12.4 - 12.7 - 13.1 - 13.3 - 12.7 - 13.0,29.9,39.0
202301010205,13.1 - 12.3 - 12.4 - 12.8 - 12.9 - 12.4 - 12.0 - 11.6 - 11.6,37.8,35.2
202301010206,12.3 - 10.8 - 12.0 - 12.8 - 12.4 - 12.1 - 12.5 - 12.2 - 11.4 - 11.6,35.1,35.2
202301010207,12.8 - 11.1 - 11.8 - 11.6 - 12.4,35.7,35.8
202301010208,12.6 - 11.0 - 11.7 - 12.6 - 12.5 - 12.4 - 12.2 - 11.7 - 11.3 - 11.8,35.3,34.8
202301010209,12.0 - 10.7 - 11.2 - 11.2 - 11.4 - 11.7,33.9,34.3
202301010210,6.9 - 11.3 - 12.7 - 13.2 - 13.2 - 12.3 - 12.2 - 12.4 - 12.5,30.9,37.1
202301010211,12.1 - 10.6 - 11.0 - 11.1 - 11.0 - 11.6,33.7,33.7
202301010212,6.7 - 11.6 - 11.6 - 11.4 - 11.8 - 11.9 - 11.6 - 11.9,29.9,35.4
202301010301,12.4 - 11.9 - 12.0 - 12.3 - 11.9 - 12.1 - 12.0 - 11.8 - 12.3,36.3,36.1
202301010302,6.8 - 10.7 - 12.0 - 12.9 - 12.8 - 12.7 - 12.6 - 12.8 - 13.6,29.5,39.0
202301010303,12.6 - 11.7 - 12.4 - 13.0 - 12.9 - 12.6 - 12.1 - 11.6 - 11.2 - 11.8,36.7,34.6
202301010304,6.9 - 11.7 - 12.9 - 13.2 - 11.9 - 13.1 - 12.9 - 12.4 - 12.9,31.5,38.2
202301010305,6.6 - 11.7 - 12.2 - 12.4 - 12.3 - 12.0 - 11.6 - 12.1,30.5,35.7
202301010306,12.1 - 10.9 - 11.8 - 11.6 - 12.6,34.8,36.0
202301010307,12.5 - 10.7 - 11.7 - 11.9 - 12.2 - 12.6 - 12.2 - 12.0 - 11.7 - 11.9,34.9,35.6
202301010308,7.0 - 11.3 - 12.5 - 13.2 - 12.9 - 12.5 - 12.2 - 11.7 - 12.5,30.8,36.4
202301010309,13.1 - 11.9 - 12.5 - 13.0 - 12.4 - 12.9 - 12.8 - 12.7 - 12.0 - 11.7 - 11.8 - 11.9 - 12.1,37.5,35.8
202301010310,6.7 - 11.6 - 11.7 - 11.8 - 12.2 - 11.8 - 11.3 - 11.4,30.0,34.5
202301010311,12.5 - 11.0 - 11.9 - 12.3 - 12.1 - 12.1 - 12.0 - 11.8 - 11.6 - 11.9,35.4,35.3
202301010312,12.4 - 11.0 - 11.5 - 11.7 - 12.5,34.9,35.7
202301010401,6.6 - 11.1 - 11.3 - 11.9 - 11.8 - 12.0 - 11.4 - 11.7,29.0,35.1
202301010402,12.5 - 11.0 - 11.6 - 11.7 - 12.5,35.1,35.8
202301010403,6.9 - 11.7 - 13.0 - 13.6 - 13.3 - 12.4 - 12.2 - 12.3 - 12.7,31.6,37.2
202301010404,12.9 - 11.9 - 12.4 - 12.8 - 12.5 - 12.2 - 12.1 - 12.0 - 11.6 - 12.0,37.2,35.6
202301010405,12.8 - 12.1 - 13.0 - 13.4 - 13.1 - 12.7 - 12.2 - 11.2 - 11.1,37.9,34.5
202301010406,6.9 - 10.9 - 12.2 - 12.5 - 12.4 - 12.5 - 12.7 - 12.5 - 12.7,30.0,37.9
202301010407,12.5 - 11.5 - 12.5 - 12.5 - 11.5 - 12.0 - 12.0 - 11.7 - 11.4,36.5,35.1
202301010408,12.4 - 10.7 - 11.4 - 11.6 - 11.4 - 11.8,34.5,34.8
202301010409,13.0 - 11.5 - 11.9 - 12.5 - 12.1 - 12.7 - 13.1 - 12.9 - 12.4 - 12.0 - 11.8 - 11.7 - 11.8,36.4,35.3
202301010410,6.9 - 11.4 - 12.5 - 12.9 - 12.6 - 12.3 - 12.3 - 12.2 - 12.3,30.8,36.8
202301010411,12.5 - 11.5 - 12.2 - 12.1 - 11.6 - 11.7 - 11.7 - 11.7 - 11.7,36.2,35.1
202301010412,6.8 - 11.2 - 12.3 - 12.9 - 12.7 - 13.3 - 12.9 - 12.2 - 12.2,30.3,37.3
202301010501,6.8 - 10.9 - 11.6 - 12.3 - 12.6 - 12.9 - 13.3 - 13.1 - 13.0,29.3,39.4
202301010502,12.3 - 10.7 - 11.5 - 11.3 - 12.0,34.5,34.8
202301010503,12.1 - 11.1 - 11.7 - 11.9 - 11.5 - 11.8,34.9,35.2
202301010504,6.8 - 10.9 - 12.0 - 12.6 - 12.6 - 12.5 - 12.5 - 12.2 - 12.6,29.7,37.3
202301010505,12.6 - 11.3 - 11.9 - 12.1 - 11.7 - 12.0,35.8,35.8
202301010506,12.7 - 11.1 - 12.4 - 12.8 - 13.1 - 12.8 - 12.1 - 12.1 - 11.8 - 12.6,36.2,36.5
202301010507,6.7 - 11.0 - 12.2 - 12.8 - 12.7 - 12.3 - 12.1 - 12.2 - 12.5,29.9,36.8
202301010508,12.7 - 11.6 - 12.2 - 12.5 - 12.6 - 12.3 - 11.9 - 11.6 - 11.8,36.5,35.3
202301010509,12.6 - 10.8 - 11.5 - 11.8 - 12.2 - 12.4 - 12.9 - 13.2 - 12.5 - 12.0,34.9,37.7
202301010510,6.9 - 11.0 - 12.7 - 12.5 - 11.9 - 12.5 - 12.3 - 12.2 - 12.4,30.6,36.9
202301010511,12.9 - 11.1 - 12.0 - 13.0 - 13.3 - 13.1 - 13.0 - 12.7 - 12.7 - 12.8 - 12.0 - 11.6 - 11.8,36.0,35.4
202301010512,6.6 - 11.9 - 12.3 - 12.3 - 12.5 - 12.3 - 11.5 - 11.5,30.8,35.3
202301010601,6.7 - 11.3 - 11.6 - 12.2 - 12.7 - 12.8 - 12.7 - 13.1,29.6,38.6
202301010602,6.9 - 11.3 - 12.1 - 12.7 - 12.5 - 12.8 - 13.2 - 12.4 - 11.9,30.3,37.5
202301010603,12.8 - 11.5 - 12.2 - 12.7 - 12.6 - 12.6 - 12.9 - 12.9 - 12.9 - 12.5,36.5,38.3
202301010604,6.9 - 10.9 - 12.0 - 12.3 - 12.3 - 12.5 - 12.7 - 12.7 - 13.0,29.8,38.4
202301010605,13.2 - 12.0 - 13.0 - 12.6 - 12.3 - 12.4 - 12.6 - 12.0 - 12.3,38.2,36.9
202301010606,13.5 - 12.8 - 12.8 - 13.3 - 13.0 - 13.2 - 13.2 - 12.8 - 12.7 - 12.2 - 12.7 - 12.8 - 13.3,39.1,38.8
202301010607,12.4 - 10.8 - 11.7 - 12.0 - 12.4,34.9,36.1
202301010608,6.8 - 11.0 - 11.8 - 12.5 - 12.7 - 12.5 - 12.6 - 13.1 - 12.5,29.6,38.2
202301010609,12.9 - 12.3 - 12.6 - 12.7 - 12.4 - 12.3 - 12.1 - 11.9 - 12.3,37.8,36.3
202301010610,12.1 - 10.7 - 11.3 - 11.6 - 12.0 - 13.0,34.1,36.6
202301010611,6.7 - 11.0 - 11.9 - 12.3 - 12.4 - 12.2 - 12.2 - 11.9 - 12.2,29.6,36.3
202301010612,12.0 - 10.8 - 11.7 - 12.0 - 11.8 - 12.4,34.5,36.2
202301020101,12.5 - 11.7 - 12.2 - 12.6 - 12.7 - 12.4 - 12.1 - 11.7 - 12.7,36.4,36.5
202301020102,6.9 - 11.2 - 11.9 - 12.8 - 12.9 - 13.1 - 12.9 - 12.9 - 12.7,30.0,38.5
202301020103,12.5 - 10.9 - 11.8 - 12.1 - 12.5,35.2,36.4
202301020104,6.9 - 11.3 - 12.3 - 12.7 - 12.3 - 12.5 - 12.8 - 12.7 - 12.9,30.5,38.4
202301020105,6.7 - 11.7 - 12.5 - 12.2 - 12.2 - 11.8 - 11.3 - 12.4,30.9,35.5
202301020106,12.4 - 11.1 - 11.8 - 12.4 - 12.5 - 12.4 - 11.7 - 12.3 - 12.1 - 12.6,35.3,37.0
202301020107,12.3 - 10.8 - 11.7 - 12.0 - 12.6,34.8,36.3
202301020108,13.0 - 12.2 - 12.4 - 12.9 - 12.7 - 12.6 - 12.6 - 12.2 - 12.0 - 12.0 - 12.0 - 12.2 - 13.0,37.6,37.2
202301020109,12.9 - 12.8 - 12.4 - 12.1 - 12.1 - 12.0 - 11.9 - 11.3 - 12.3,38.1,35.5
202301020110,6.5 - 11.5 - 11.3 - 11.7 - 11.6 - 11.5 - 11.7 - 12.3,29.3,35.5
202301020111,6.7 - 10.7 - 12.1 - 12.7 - 12.0 - 12.5 - 12.6 - 12.9 - 12.9,29.5,38.4
202301020112,12.0 - 10.8 - 11.3 - 11.7 - 11.6 - 11.9,34.1,35.2
202301020201,12.2 - 11.0 - 11.6 - 11.6 - 11.4 - 12.0,34.8,35.0
202301020202,13.3 - 12.7 - 13.2 - 12.5 - 13.5 - 14.1 - 13.4 - 13.6 - 13.4 - 12.8 - 13.0 - 12.8,39.2,38.6
202301020203,6.7 - 11.6 - 12.2 - 13.0 - 12.9 - 13.1 - 12.8 - 12.6 - 12.7,30.5,38.1
202301020204,6.7 - 11.1 - 11.1 - 11.6 - 12.0 - 12.2 - 11.7 - 12.0,28.9,35.9
202301020205,13.2 - 12.6 - 13.2 - 13.3 - 13.3 - 13.0 - 12.0 - 11.2 - 11.3,39.0,34.5
202301020206,6.9 - 11.6 - 13.1 - 12.8 - 12.6 - 12.7 - 12.5 - 12.0 - 12.7,31.6,37.2
202301020207,6.5 - 11.2 - 11.3 - 11.6 - 12.0 - 12.0 - 11.6 - 12.3,29.0,35.9
202301020208,12.5 - 11.9 - 12.6 - 12.3 - 12.0 - 11.9 - 12.1 - 11.7 - 11.8,37.0,35.6
202301020209,12.3 - 11.1 - 11.8 - 11.5 - 12.1,35.2,35.4
202301020210,12.9 - 11.7 - 12.8 - 12.9 - 12.7 - 12.7 - 11.9 - 11.5 - 11.1 - 11.9,37.4,34.5
202301020211,12.1 - 11.1 - 11.2 - 11.4 - 11.1 - 11.3,34.4,33.8
202301020212,6.8 - 11.0 - 12.3 - 12.9 - 12.7 - 12.9 - 13.0 - 12.5 - 12.9,30.1,38.4
202301020301,12.3 - 11.8 - 12.2 - 12.2 - 12.4 - 12.0 - 11.4 - 11.7 - 12.5,36.3,35.6
202301020302,6.7 - 11.4 - 12.3 - 13.1 - 13.2 - 12.8 - 12.4 - 12.9 - 13.5,30.4,38.8
202301020303,11.9 - 10.7 - 11.5 - 11.9 - 11.6 - 11.8,34.1,35.3
202301020304,6.8 - 10.6 - 11.8 - 12.9 - 13.4 - 13.6 - 13.0 - 12.4 - 12.8,29.2,38.2
202301020305,6.8 - 12.0 - 12.1 - 12.6 - 12.5 - 12.2 - 11.6 - 11.3,30.9,35.1
202301020306,6.9 - 10.9 - 12.1 - 13.0 - 13.3 - 12.7 - 12.6 - 12.4 - 13.2,29.9,38.2
202301020307,12.1 - 11.1 - 12.5 - 12.9 - 12.9 - 12.8 - 12.2 - 12.3 - 11.8 - 11.8,35.7,35.9
202301020308,6.7 - 11.0 - 12.3 - 12.9 - 12.3 - 12.6 - 12.8 - 12.8 - 13.2,30.0,38.8
202301020309,6.7 - 11.4 - 11.4 - 12.0 - 11.9 - 12.0 - 11.7 - 12.2,29.5,35.9
202301020310,12.5 - 10.8 - 12.2 - 12.9 - 12.5 - 12.9 - 12.5 - 11.9 - 11.5 - 12.1,35.5,35.5
202301020311,13.7 - 13.6 - 13.8 - 12.8 - 12.3 - 13.3 - 13.5 - 13.0 - 12.8 - 12.3 - 11.9 - 11.5 - 11.5,41.1,34.9
202301020312,12.4 - 11.1 - 11.8 - 11.4 - 12.2,35.3,35.4
202301020401,6.8 - 11.4 - 11.3 - 12.3 - 12.9 - 12.8 - 12.5 - 12.9,29.5,38.2
202301020402,12.4 - 11.1 - 11.6 - 11.4 - 12.3,35.1,35.3
202301020403,6.8 - 11.5 - 13.0 - 13.3 - 13.1 - 12.3 - 12.1 - 12.3 - 12.8,31.3,37.2
202301020404,12.6 - 11.4 - 12.5 - 12.1 - 12.9 - 13.8 - 13.9 - 13.4 - 13.0 - 12.5 - 12.7 - 12.1 - 12.7,36.5,37.5
202301020405,12.8 - 12.0 - 14.3 - 14.3 - 13.6 - 12.6 - 12.2 - 12.2 - 12.1 - 12.2,39.1,36.5
202301020406,13.2 - 13.0 - 14.2 - 13.1 - 13.5 - 13.6 - 13.7 - 12.6 - 12.5 - 12.7 - 12.5 - 12.9,40.4,38.1
202301020407,12.2 - 10.9 - 12.1 - 13.0 - 12.7 - 13.0 - 12.9 - 12.6 - 12.3 - 12.6,35.2,37.5
202301020408,6.9 - 12.2 - 12.2 - 12.3 - 12.2 - 12.4 - 12.1 - 12.5,31.3,37.0
202301020409,6.9 - 11.4 - 12.5 - 13.0 - 13.0 - 12.7 - 12.8 - 11.9 - 12.9,30.8,37.6
202301020410,11.8 - 10.9 - 11.5 - 12.1 - 11.9 - 12.3,34.2,36.3
202301020411,12.3 - 10.9 - 12.3 - 12.6 - 12.3 - 12.2 - 12.5 - 12.0 - 12.0 - 12.4,35.5,36.4
202301020412,6.9 - 12.0 - 12.9 - 12.9 - 12.7 - 12.7 - 12.7 - 12.3 - 12.6,31.8,37.6
202301020501,12.2 - 10.7 - 11.3 - 11.9 - 11.7 - 12.4,34.2,36.0
202301020502,13.3 - 13.1 - 13.4 - 13.2 - 13.2 - 12.4 - 11.9 - 11.3 - 11.6,39.8,34.8
202301020503,12.4 - 11.1 - 11.6 - 11.4 - 12.3,35.1,35.3
202301020504,6.8 - 10.8 - 12.0 - 12.9 - 12.9 - 12.8 - 13.3 - 12.6 - 13.0,29.6,38.9
202301020505,6.9 - 11.2 - 12.6 - 13.5 - 13.6 - 13.1 - 12.8 - 12.4 - 12.8,30.7,38.0
202301020506,6.7 - 10.9 - 11.8 - 11.3 - 11.8 - 12.4 - 12.0 - 12.3,29.4,36.7
202301020507,12.2 - 11.4 - 12.0 - 12.2 - 12.3 - 12.3 - 12.0 - 11.7 - 12.3,35.6,36.0
202301020508,6.8 - 11.1 - 11.8 - 12.2 - 12.4 - 12.7 - 13.0 - 12.3 - 13.1,29.7,38.4
202301020509,13.1 - 12.3 - 12.9 - 12.3 - 12.4 - 12.5 - 12.4 - 12.7 - 12.6 - 12.5 - 12.7 - 11.9 - 12.6,38.3,37.2
202301020510,11.7 - 10.1 - 10.7 - 11.8 - 12.2 - 12.7,32.5,36.7
202301020511,12.7 - 11.5 - 12.1 - 12.1 - 12.1 - 12.1 - 11.7 - 12.1 - 12.0 - 12.3,36.3,36.4
202301020512,6.8 - 11.2 - 12.1 - 12.5 - 12.6 - 12.7 - 12.6 - 12.4 - 13.1,30.1,38.1
202301020601,6.8 - 11.7 - 11.8 - 12.0 - 12.1 - 11.8 - 11.8 - 11.9,30.3,35.5
202301020602,6.8 - 11.2 - 11.9 - 12.7 - 12.9 - 13.0 - 13.3 - 12.6 - 13.0,29.9,38.9
202301020603,12.4 - 11.1 - 11.7 - 11.5 - 12.1,35.2,35.3
202301020604,6.9 - 11.3 - 12.8 - 13.2 - 13.2 - 12.5 - 12.1 - 12.0 - 13.0,31.0,37.1
202301020605,13.4 - 13.1 - 13.1 - 12.7 - 12.7 - 12.7 - 12.4 - 11.4 - 11.5,39.6,35.3
202301020606,12.8 - 10.6 - 11.9 - 12.6 - 12.8 - 12.5 - 12.2 - 12.6 - 11.9 - 12.8,35.3,37.3
202301020607,12.4 - 11.1 - 11.8 - 11.7 - 12.6,35.3,36.1
202301020608,6.7 - 11.2 - 11.6 - 12.0 - 12.2 - 12.5 - 12.2 - 12.6,29.5,37.3
202301020609,12.0 - 11.0 - 11.8 - 12.1 - 12.1 - 12.4,34.8,36.6
202301020610,6.9 - 11.5 - 12.3 - 12.6 - 12.5 - 11.9 - 12.1 - 11.9 - 12.5,30.7,36.5
202301020611,12.1 - 10.9 - 11.3 - 11.5 - 11.8 - 12.3,34.3,35.6
202301020612,12.4 - 12.2 - 12.3 - 12.4 - 12.6 - 12.5 - 12.4 - 12.2 - 12.5,36.9,37.1
202301020701,12.1 - 11.1 - 11.5 - 11.7 - 11.5 - 11.9,34.7,35.1
202301020702,6.9 - 11.0 - 12.2 - 12.6 - 12.9 - 12.9 - 13.4 - 13.0 - 13.4,30.1,39.8
202301020703,12.7 - 11.3 - 12.3 - 12.6 - 12.3 - 12.4 - 12.3 - 12.0 - 12.4 - 12.6,36.3,37.0
202301020704,6.9 - 11.0 - 11.9 - 12.7 - 12.8 - 12.5 - 13.0 - 12.9 - 13.1,29.8,39.0
202301020705,7.2 - 11.6 - 12.3 - 12.5 - 12.3 - 12.1 - 11.8 - 12.2,31.1,36.1
202301020706,12.3 - 11.0 - 11.8 - 11.4 - 12.9,35.1,36.1
202301020707,12.4 - 11.0 - 11.8 - 12.4 - 12.2 - 12.1 - 12.3 - 12.5 - 12.3 - 12.7,35.2,37.5
202301020708,6.7 - 11.6 - 12.3 - 12.5 - 12.5 - 12.3 - 12.7 - 12.7 - 13.4,30.6,38.8
202301020709,12.2 - 10.8 - 11.1 - 11.9 - 11.6 - 12.5,34.1,36.0
202301020710,6.7 - 11.2 - 11.2 - 11.4 - 11.8 - 12.0 - 12.4 - 13.1,29.1,37.5
202301020711,12.7 - 12.0 - 12.1 - 12.6 - 12.7 - 11.9 - 11.6 - 12.0 - 12.9,36.8,36.5
202301020712,7.0 - 10.9 - 11.6 - 12.4 - 12.9 - 13.3 - 13.0 - 12.8 - 12.7,29.5,38.5
202301020801,6.9 - 11.5 - 11.8 - 12.1 - 12.1 - 12.0 - 11.8 - 12.6,30.2,36.4
202301020802,13.0 - 11.4 - 12.3 - 12.7 - 12.7 - 12.9 - 12.7 - 12.5 - 11.9 - 12.3,36.7,36.7
202301020803,6.9 - 11.1 - 12.6 - 13.1 - 12.5 - 12.2 - 12.4 - 12.7 - 13.9,30.6,39.0
202301020804,11.9 - 10.6 - 11.1 - 11.6 - 12.1 - 12.8,33.6,36.5
202301020805,6.9 - 11.3 - 12.3 - 12.8 - 12.5 - 12.6 - 12.8 - 12.5 - 13.3,30.5,38.6
202301020806,12.0 - 10.6 - 11.3 - 12.3 - 11.8 - 11.6,33.9,35.7
202301020807,12.3 - 12.1 - 12.9 - 12.7 - 12.3 - 12.3 - 12.0 - 11.7 - 11.9,37.3,35.6
202301020808,6.9 - 11.4 - 12.3 - 12.4 - 12.4 - 12.6 - 12.7 - 12.5 - 12.8,30.6,38.0
202301020809,12.1 - 10.5 - 11.2 - 11.8 - 12.0 - 12.8,33.8,36.6
202301020810,12.6 - 11.4 - 12.3 - 12.6 - 12.3 - 12.4 - 12.2 - 12.2 - 11.9 - 12.6,36.3,36.7
202301020811,13.0 - 12.2 - 12.5 - 12.1 - 12.1 - 12.9 - 12.7 - 12.4 - 12.3 - 11.9 - 12.3 - 12.0 - 13.4,37.7,37.7
202301020812,6.9 - 11.3 - 12.4 - 13.0 - 12.5 - 12.3 - 12.6 - 12.4 - 13.1,30.6,38.1
202302010101,12.0 - 10.3 - 11.2 - 12.1 - 11.8 - 11.9,33.5,35.8
202302010102,6.9 - 10.9 - 11.5 - 12.4 - 12.5 - 12.6 - 12.5 - 12.2 - 12.6,29.3,37.3
202302010103,12.0 - 10.6 - 11.5 - 11.6 - 12.4,34.1,35.5
202302010104,12.1 - 10.9 - 11.5 - 12.0 - 12.0 - 12.3 - 12.5 - 12.3 - 12.4,34.5,37.2
202302010105,12.2 - 11.1 - 11.5 - 11.1 - 11.6,34.8,34.2
202302010106,7.1 - 10.6 - 11.3 - 12.4 - 12.2 - 12.3 - 12.9 - 12.8 - 12.8,29.0,38.5
202302010107,12.7 - 11.5 - 11.6 - 12.5 - 13.3 - 12.7 - 12.7 - 12.5 - 11.7 - 11.8,35.8,36.0
202302010108,12.0 - 10.5 - 11.5 - 11.7 - 12.2,34.0,35.4
202302010109,12.7 - 11.7 - 12.6 - 13.1 - 13.0 - 13.8 - 12.7 - 12.8 - 12.1 - 12.1 - 12.0 - 11.6 - 12.2,37.0,35.8
202302010110,12.6 - 12.2 - 12.4 - 12.9 - 12.8 - 12.6 - 12.1 - 11.3 - 11.4,37.2,34.8
202302010111,11.7 - 10.3 - 11.0 - 11.3 - 11.8 - 12.4,33.0,35.5
202302010112,6.9 - 10.9 - 11.5 - 12.3 - 12.3 - 12.2 - 12.6 - 12.5 - 12.6,29.3,37.7
202302010201,12.0 - 10.5 - 11.3 - 11.7 - 11.7 - 12.0,33.8,35.4
202302010202,7.0 - 10.8 - 11.5 - 12.6 - 12.8 - 12.6 - 13.1 - 12.5 - 12.4,29.3,38.0
202302010203,12.0 - 10.5 - 11.5 - 11.9 - 12.5,34.0,35.9
202302010204,12.3 - 11.0 - 12.3 - 12.6 - 12.2 - 12.0 - 11.9 - 12.0 - 12.5,35.6,36.4
202302010205,12.1 - 11.0 - 11.5 - 11.8 - 11.7 - 12.1,34.6,35.6
202302010206,12.7 - 10.8 - 12.2 - 13.1 - 13.1 - 12.6 - 12.5 - 12.4 - 11.5 - 12.1,35.7,36.0
