date,race_id,umaban,p_tansho,p_fukusho,odds,pop_rank,ev_tansho,ev_fukusho,is_win,is_top3,winner_known
20260502,202604010102,1,0.00032535674043904526,0.004574597957912304,98.1,15,0.03191749623707034,0.448768059671197,0,0,0
20260502,202604010102,2,0.0008940042815189609,0.0028799161732276355,20.4,9,0.0182376873429868,0.05875028993384376,0,0,0
20260502,202604010102,3,0.0003608545547713777,0.005993298865888476,4.9,3,0.0017681873183797508,0.029367164442853533,0,0,0
20260502,202604010102,4,0.0003867349302202303,0.0008960992988013482,4.8,2,0.0018563276650571054,0.004301276634246471,0,1,0
20260502,202604010102,5,0.0003069942152999513,0.0041353605829148096,11.5,6,0.00353043347594944,0.04755664670352031,0,1,0
20260502,202604010102,6,0.001214871333761052,0.007326814717390601,86.4,13,0.1049648832369549,0.633036791582548,0,1,0
20260502,202604010102,7,0.0011504051122444836,0.01895489348847043,6.5,4,0.007477633229589144,0.1232068076750578,0,0,0
20260502,202604010102,8,0.00011679246017262088,0.0005066520427825671,97.2,14,0.01135222712877875,0.04924657855846552,0,0,0
20260502,202604010102,9,0.0010611860565216415,0.006114949360870212,3.9,1,0.004138625620434402,0.023848302507393827,0,0,0
20260502,202604010102,10,0.005751451343033443,0.04005162299809327,38.0,11,0.21855515103527084,1.5219616739275443,0,0,0
20260502,202604010102,11,0.0010422797233428027,0.008660733680523365,14.1,8,0.014696144099133517,0.12211634489537945,0,0,0
20260502,202604010102,12,8.362123517140472e-05,0.0005974261865955959,29.4,10,0.0024584643140392985,0.01756432988591052,0,0,0
20260502,202604010102,13,0.00026067268571472934,0.004684583434749049,12.7,7,0.0033105431085770623,0.059494209621312924,0,0,0
20260502,202604010102,14,0.00033066248963456663,0.002415660283324891,7.5,5,0.00247996867225925,0.01811745212493668,0,0,0
20260502,202604010102,15,0.0010253170587206037,0.004421717839577318,41.0,12,0.04203799940754475,0.18129043142267004,0,0,0
20260502,202604010103,1,0.005059452770172502,0.07435291354033328,7.0,4,0.035416169391207515,0.520470394782333,0,0,0
20260502,202604010103,2,0.0038030633190466664,0.04412922634788489,47.5,13,0.18064550765471665,2.096138251524532,0,0,0
20260502,202604010103,3,0.009647157664960854,0.046898271594191965,42.8,12,0.4128983480603245,2.007246024231416,0,1,0
20260502,202604010103,4,0.007855511157247003,0.05409193824049446,31.6,11,0.2482341525690053,1.709305248399625,0,1,0
20260502,202604010103,5,0.0012578913399333758,0.010298244895152924,18.3,7,0.02301941152078078,0.1884578815812985,0,0,0
20260502,202604010103,6,0.013480618026593649,0.13021184716148265,28.5,10,0.384197613757919,3.7110376441022557,0,0,0
20260502,202604010103,7,0.0004476639004430259,0.017021504388477913,13.3,5,0.005953929875892245,0.22638600836675626,0,0,0
20260502,202604010103,8,0.004724237732121105,0.024538771318511465,5.2,3,0.024566036207029747,0.12760161085625962,0,1,0
20260502,202604010103,9,0.006036987390117978,0.04985048577444946,27.2,9,0.164206057011209,1.3559332130650255,0,0,0
20260502,202604010103,10,0.0015165471046439504,0.013761552612767309,3.0,1,0.004549641313931851,0.04128465783830193,0,0,0
20260502,202604010103,11,0.0028371148389457522,0.007754094296274003,13.6,6,0.03858476180966223,0.10545568242932644,0,0,0
20260502,202604010103,12,0.0013995997345754372,0.007119102339012404,3.9,2,0.005458438964844205,0.027764499122148373,0,0,0
20260502,202604010103,13,0.0007963564479745696,0.00808559967005468,90.0,15,0.07167208031771126,0.7277039703049213,0,0,0
20260502,202604010103,14,0.004447809311240465,0.021792930232533383,48.4,14,0.21527397066403853,1.0547778232546157,0,0,0
20260502,202604010103,15,0.00013467567314060706,0.0008522702530594879,26.4,8,0.0035554377709120263,0.022499934680770477,0,0,0
20260502,202604010105,1,0.005131962759490538,0.01785433672054592,94.5,13,0.4849704807718558,1.6872348200915894,0,0,0
20260502,202604010105,2,0.0007191090160228651,0.004122830361592164,13.1,6,0.009420328109899533,0.05400907773685735,0,0,0
20260502,202604010105,3,0.000894212014972054,0.005265942554722984,4.6,3,0.004113375268871448,0.024223335751725722,0,0,0
20260502,202604010105,4,0.009979771239786434,0.02355369931996716,42.6,11,0.4251382548149021,1.0033875910306012,0,0,0
20260502,202604010105,5,0.008021855960634316,0.0229174140461775,3.8,2,0.030483052650410403,0.0870861733754745,0,0,0
20260502,202604010105,6,0.0009222991681758657,0.004770872512847808,52.6,12,0.04851293624605054,0.2509478941757947,0,0,0
20260502,202604010105,7,0.00012868990727194477,0.001783808020136387,94.5,14,0.01216119623719878,0.16856985790288856,0,0,0
20260502,202604010105,8,0.002045048950218083,0.00805004445333785,10.8,4,0.022086528662355297,0.08694048009604878,0,0,0
20260502,202604010105,9,0.02947086811814033,0.12161766529405854,19.7,8,0.5805761019273645,2.3958680062929534,0,0,0
20260502,202604010105,10,0.0005329936397749441,0.0028845049091129286,110.9,15,0.05910899465104131,0.3198915944206238,0,1,0
20260502,202604010105,11,0.0006529289127744301,0.0022430071724349023,12.2,5,0.007965732735848047,0.027364687503705805,0,0,0
20260502,202604010105,12,0.00013134364939129166,0.0018254144958555643,35.2,10,0.004623296458573466,0.06425459025411587,0,0,0
20260502,202604010105,13,9.194840866762164e-05,0.0008615732109617447,29.6,9,0.0027216728965616006,0.025502567044467645,0,1,0
20260502,202604010105,14,0.0012103061246021257,0.030996378110254554,13.1,7,0.015855010232287844,0.40605255324433465,0,0,0
20260502,202604010105,15,0.0008966598725095715,0.005547561653380106,2.9,1,0.0026003136302777574,0.01608792879480231,0,0,0
20260502,202604010105,16,0.000232932054826134,0.0013924599036653662,8.7,5,0.0020265088769873653,0.012114401161888685,0,1,0
20260502,202604010106,1,0.0005577459576076648,0.0037349239424844588,14.0,7,0.007808443406507308,0.05228893519478242,0,0,1
20260502,202604010106,2,0.0014188554464516772,0.007746442279206258,51.6,12,0.07321294103690655,0.3997164216070429,0,0,1
20260502,202604010106,3,0.0004492362132317944,0.003391519162813683,10.6,5,0.004761903860257021,0.03595010312582504,0,0,1
20260502,202604010106,4,0.0017005038389168755,0.0076995676088504475,73.4,13,0.12481698177649868,0.5651482624896229,0,0,1
20260502,202604010106,5,0.001438456901883014,0.00911402900287381,3.7,2,0.0053222905369671525,0.0337219073106331,1,1,1
20260502,202604010106,6,0.0005674515008822567,0.002799070965332623,6.1,4,0.003461454155381766,0.017074332888529,0,1,1
20260502,202604010106,7,0.000673766520088742,0.00448301027695401,22.3,8,0.015024993397978949,0.09997112917607442,0,0,1
20260502,202604010106,8,0.0005401003252264701,0.003860776057885959,3.5,1,0.0018903511382926453,0.013512716202600856,0,1,1
20260502,202604010106,9,0.0001249774075425349,0.00111192939159802,4.8,3,0.0005998915562041674,0.005337261079670496,0,0,1
20260502,202604010106,10,0.000602358689819856,0.002989337400034728,22.4,9,0.013492834651964773,0.0669611577607779,0,0,1
20260502,202604010106,11,7.800532486507514e-05,0.0011981490068888015,29.0,10,0.002262154421087179,0.03474632119977524,0,0,1
20260502,202604010106,12,0.00036475049059513586,0.002353922559270495,37.6,11,0.013714618446377108,0.08850748822857062,0,0,1
20260502,202604010106,13,0.0003951510613010646,0.002736252823972202,13.8,6,0.005453084645954692,0.03776028897081639,0,0,1
20260502,202604010106,14,0.001972405967411786,0.005751615895034792,28.8,10,0.05680529186145944,0.165646537777002,0,0,1
20260502,202604010107,1,0.5029839406885219,0.8104652092798267,26.6,11,13.379372822314684,21.55837456684339,1,1,1
20260502,202604010107,2,0.0011072570661970285,0.012652300542783738,42.9,13,0.04750132813985252,0.5427836932854223,0,1,1
20260502,202604010107,3,0.001646134675876176,0.01874253758387307,3.7,1,0.006090698300741852,0.06934738906033036,0,0,1
20260502,202604010107,4,0.0010544017662019007,0.013556286288427338,50.3,14,0.053036408839955605,0.6818812003078951,0,0,1
20260502,202604010107,5,0.00027309891099333295,0.009890134654052267,5.6,3,0.0015293539015626644,0.05538475406269269,0,0,1
20260502,202604010107,6,0.0001445902062933157,0.004478778431304284,12.1,6,0.00174954149614912,0.05419321901878184,0,0,1
20260502,202604010107,7,0.0013316160491875727,0.02208610274652149,71.0,15,0.09454473949231766,1.5681132950030259,0,0,1
20260502,202604010107,8,0.0002252113103635541,0.007431209903133743,4.6,2,0.0010359720276723488,0.034183565554415214,0,0,1
20260502,202604010107,9,0.0004636031901779123,0.010618508450199963,16.2,7,0.007510371680882179,0.17201983689323938,0,0,1
20260502,202604010107,10,0.0005091470697510099,0.014905062912631125,21.9,10,0.011150320827547116,0.3264208777866216,0,0,1
20260502,202604010107,11,0.0007920139250954517,0.018698524609586584,8.6,5,0.006811319755820884,0.1608073116424446,0,0,1
20260502,202604010107,12,0.002686518726362918,0.03658987161269177,6.8,4,0.01826832733926784,0.24881112696630403,0,0,1
20260502,202604010107,13,0.0002332302226418525,0.004016204903026013,27.3,12,0.0063671850781225735,0.10964239385261017,0,0,1
20260502,202604010107,14,0.0007993128073454901,0.012130672801668735,20.4,9,0.016305981269847995,0.2474657251540422,0,1,1
20260502,202604010107,15,0.000857215052803495,0.006252795918176858,18.3,8,0.01568703546630396,0.1144261653026365,0,0,1
20260502,202604010108,1,0.14656886300873181,0.426955917824227,18.7,8,2.7408377382632847,7.984075663313044,1,1,1
20260502,202604010108,2,0.0009538180114384802,0.008271698807829221,14.4,7,0.013734979364714114,0.11911246283274078,0,0,1
20260502,202604010108,3,0.007629060701939655,0.04286610011576775,44.6,12,0.3402561073065086,1.9118280651632416,0,0,1
20260502,202604010108,4,0.0004816039736615578,0.002168545566473598,12.1,6,0.005827408081304849,0.026239401354330536,0,0,1
20260502,202604010108,5,0.0005940056891366607,0.00806468027550625,8.1,4,0.004811446082006951,0.06532391023160061,0,0,1
20260502,202604010108,6,0.00018544353155402167,0.0015781561292354624,2.9,1,0.0005377862415066628,0.004576652774782841,0,0,1
20260502,202604010108,7,0.0005808270175435904,0.0028544236935441167,22.0,9,0.012778194385958988,0.06279732125797056,0,0,1
20260502,202604010108,8,0.002021229697751657,0.015192194104183163,8.6,5,0.01738257540066425,0.1306528692959752,0,0,1
20260502,202604010108,9,7.589696379134932e-05,0.0017417353965021249,5.9,3,0.000447792086368961,0.010276238839362538,0,0,1
20260502,202604010108,10,0.0004033721817769967,0.003675857049665982,4.3,2,0.0017345003816410859,0.015806185313563724,0,1,1
20260502,202604010108,11,0.0007477937162727553,0.0035641441219186184,31.6,11,0.023630281434219066,0.11262695425262835,0,0,1
20260502,202604010108,12,0.0012089959664279993,0.005858523072718104,22.8,10,0.027565108034558385,0.1335743260579728,0,1,1
20260502,202604010108,13,0.0014096449280808093,0.010608888931813026,58.5,13,0.08246422829272734,0.6206200025110621,0,0,1
20260502,202604010109,1,0.046627489402187694,0.4712811819685541,20.0,10,0.9325497880437539,9.425623639371082,0,0,0
20260502,202604010109,2,0.0005761972739362029,0.011813824487146905,17.2,9,0.00991059311170269,0.20319778117892676,0,0,0
20260502,202604010109,3,0.0013691400196800478,0.017420061395736316,8.6,5,0.01177460416924841,0.1498125280033323,0,0,0
20260502,202604010109,4,0.003742278793368991,0.05865748022676805,14.0,8,0.05239190310716588,0.8212047231747527,0,0,0
20260502,202604010109,5,0.0006377553554312635,0.01677720219522864,27.4,12,0.017474496738816618,0.4596953401492647,0,0,0
20260502,202604010109,6,0.0003265062194901385,0.008475275751135282,38.4,14,0.012537838828421317,0.3254505888435948,0,1,0
20260502,202604010109,7,9.230336488171336e-05,0.0061072100573463526,4.4,2,0.0004061348054795388,0.026871724252323953,0,0,0
20260502,202604010109,8,0.00395457022946367,0.054176677116474364,13.3,6,0.052595784051866816,0.7205498056491091,0,0,0
20260502,202604010109,9,0.0008476586067711854,0.010994017269588778,4.1,1,0.00347540028776186,0.04507547080531399,0,0,0
20260502,202604010109,10,0.000983779745108839,0.008012789537398422,6.2,3,0.006099434419674802,0.049679295131870214,0,0,0
20260502,202604010109,11,0.006672053918982113,0.08953489785238385,13.7,7,0.09140713869005494,1.2266281005776587,0,1,0
20260502,202604010109,12,0.0037126081593643577,0.05227592142304931,6.8,4,0.02524573548367763,0.3554762656767353,0,1,0
20260502,202604010109,13,0.002453865676991481,0.03175770436405972,35.1,13,0.08613068526240099,1.1146954231784962,0,0,0
20260502,202604010109,14,0.0002988373015748194,0.010627847735995186,25.4,11,0.007590467460000413,0.2699473324942777,0,0,0
20260502,202604010109,15,0.002274525151241668,0.03023085201251427,33.6,11,0.07642404508172004,1.0157566276204795,0,0,0
20260502,202604010110,1,0.005738016897195611,0.04409272708145178,11.4,6,0.06541339262802996,0.5026570887285503,0,0,0
20260502,202604010110,2,0.0029841058909746347,0.019526208443090224,15.2,10,0.04535840954281445,0.2967983683349714,0,0,0
20260502,202604010110,3,0.001353477061483274,0.012240931694942333,40.5,14,0.0548158209900726,0.49575773364516446,0,0,0
20260502,202604010110,4,0.0005411459673434854,0.008181320824201047,17.2,11,0.009307710638307948,0.140718718176258,0,1,0
20260502,202604010110,5,0.0004948210952504002,0.0026428659709926907,23.0,12,0.011380885190759206,0.06078591733283188,0,0,0
20260502,202604010110,6,0.0016009933633804533,0.00980507787211124,11.2,4,0.017931125669861075,0.10981687216764588,0,0,0
20260502,202604010110,7,0.00043786784967404893,0.0041431719601254784,3.1,1,0.0013573903339895517,0.012843833076388984,0,0,0
20260502,202604010110,8,0.0006841852308358245,0.006553084205112114,14.9,9,0.010194359939453786,0.0976409546561705,0,1,0
20260502,202604010110,9,0.0006073151986029371,0.00455424335498026,11.9,7,0.007227050863374952,0.0541954959242651,0,0,0
20260502,202604010110,10,0.0014275563860277752,0.010036581984077867,11.2,5,0.01598863152351108,0.1124097182216721,0,0,0
20260502,202604010110,11,0.0013928741122874364,0.007144728059589445,36.3,13,0.05056133027603394,0.25935362856309685,0,0,0
20260502,202604010110,12,0.004276298157632924,0.033568469972414895,7.7,3,0.032927495813773515,0.2584772187875947,0,0,0
20260502,202604010110,13,0.0012801674374038248,0.010981247218193248,6.5,2,0.008321088343124861,0.0713781069182561,0,0,0
20260502,202604010110,14,0.0006908165043920069,0.00794441859199125,12.9,8,0.00891153290665689,0.10248299983668711,0,0,0
20260502,202604010110,15,0.0005876850802759023,0.009451502600944232,6.2,4,0.003643647497710594,0.05859931612585424,0,1,0
20260502,202604010111,1,0.0211192285563129,0.24420183211748536,22.9,11,0.48363033393956534,5.592221955490414,0,0,0
20260502,202604010111,2,0.00037728332679142455,0.010985667774084572,11.9,4,0.0044896715888179525,0.1307294465116064,0,0,0
20260502,202604010111,3,0.0009312792316896798,0.01782357175442078,24.4,12,0.022723213253228187,0.434895150807867,0,0,0
20260502,202604010111,4,0.00048109066818319746,0.004863935438594098,132.7,16,0.0638407316679103,0.6454442327014368,0,0,0
20260502,202604010111,5,0.0014767293020445747,0.019526194888628525,42.4,14,0.06261332240668996,0.8279106632778495,0,1,0
20260502,202604010111,6,0.0004381767363053892,0.01113860081485222,20.8,9,0.009114076115152095,0.2316828969489262,0,0,0
20260502,202604010111,7,0.002277585305445662,0.018053242905280945,14.2,7,0.032341711337328403,0.2563560492549894,0,0,0
20260502,202604010111,8,0.0017420908025110318,0.017941051442150083,19.0,8,0.033099725247709606,0.3408799774008516,0,0,0
20260502,202604010111,9,0.010381102339360232,0.07689439076587484,34.6,13,0.3591861409418641,2.6605459204992696,0,0,0
20260502,202604010111,10,0.0016060851142901263,0.02038410058966203,12.4,6,0.019915455417197567,0.2527628473118092,0,0,0
20260502,202604010111,11,0.0029237743217099452,0.03078234597856819,2.8,1,0.008186568100787847,0.08619056873999092,0,0,0
20260502,202604010111,12,0.004285619725565851,0.033283603851209015,6.2,3,0.026570842298508278,0.2063583438774959,0,1,0
20260502,202604010111,13,0.002393649215533965,0.045016035330306584,5.7,2,0.013643800528543602,0.25659140138274755,0,1,0
20260502,202604010111,14,0.0008338788863761442,0.012741180556498987,12.1,5,0.010089934525151344,0.15416828473363775,0,0,0
20260502,202604010111,15,0.0012462140550404375,0.016337139448664082,21.9,10,0.02729208780538558,0.3577833539257434,0,0,0
20260502,202605020301,1,0.07904290059010415,0.4497087467710839,60.1,10,4.750478325465259,27.027495680942145,0,1,1
20260502,202605020301,2,0.007077098526046088,0.02963408398416368,65.6,11,0.46425766330862334,1.9439959093611372,0,0,1
20260502,202605020301,3,0.002625824133718624,0.011589742160913316,7.2,4,0.018905933762774094,0.08344614355857588,0,0,1
20260502,202605020301,4,0.00020182511427252939,0.0012975811873227527,2.7,1,0.0005449278085358294,0.0035034692057714324,0,0,1
20260502,202605020301,5,0.0010333600508707933,0.005220586487059519,149.1,15,0.1540739835848353,0.7783894452205742,0,0,1
20260502,202605020301,6,0.0005337831183386763,0.002388910943049276,93.9,14,0.05012223481200171,0.22431873755232704,0,0,1
20260502,202605020301,7,0.002707288806736197,0.01220129109818067,4.1,2,0.011099884107618406,0.050025293502540744,0,0,1
20260502,202605020301,8,0.0003778048530428302,0.0022693994546198943,70.8,12,0.026748583595432376,0.1606734813870885,0,0,1
20260502,202605020301,9,0.00016015645133548507,0.0008396556211029498,37.5,8,0.00600586692508069,0.03148708579136062,0,0,1
20260502,202605020301,10,0.0013972330781990305,0.009072023053944604,17.5,7,0.024451578868483034,0.15876040344403058,0,1,1
20260502,202605020301,11,0.0018420994243948724,0.004010322593787085,184.0,16,0.3389462940886565,0.7378993572568237,0,0,1
20260502,202605020301,12,0.0011304400463774805,0.01601856756905241,37.9,9,0.04284367775770651,0.6071037108670864,0,0,1
20260502,202605020301,13,0.0013266026315670854,0.007002555524533543,8.3,5,0.01101080184200681,0.05812121085362841,0,0,1
20260502,202605020301,14,0.00667794495590467,0.07134401252623894,4.3,3,0.02871516331039008,0.30677925386282745,1,1,1
20260502,202605020301,15,0.001778953088582119,0.0039192871195368115,14.6,6,0.02597271509329894,0.057221591945237446,0,0,1
20260502,202605020301,16,0.010519178450175819,0.028735690696482484,74.3,13,0.7815749588480633,2.1350618187486483,0,0,1
20260502,202605020302,1,0.02987161317340659,0.08496010687388367,38.7,11,1.1560314298108352,3.2879561360192984,0,0,1
20260502,202605020302,2,0.0015783671862362111,0.00382846741961854,6.2,3,0.00978587655466451,0.023736498001634947,0,0,1
20260502,202605020302,3,0.020860746687959602,0.05845207668716245,24.5,10,0.5110882938550102,1.43207587883548,1,1,1
20260502,202605020302,4,0.0005337740190270762,0.0029823759538085554,99.6,15,0.05316389229509679,0.2970446449993321,0,0,1
20260502,202605020302,5,0.026004830740901992,0.156488990175065,19.1,9,0.4966922671512281,2.988939712343742,0,1,1
20260502,202605020302,6,0.00013225628303787846,0.001163751616526365,18.5,8,0.0024467412362007513,0.021529404905737754,0,0,1
20260502,202605020302,7,0.0009284471215163827,0.007198826930489796,12.8,7,0.011884123155409699,0.09214498471026938,0,0,1
20260502,202605020302,8,0.00015496242881269688,0.00020878391473246998,129.0,16,0.019990153316837896,0.02693312500048863,0,0,1
20260502,202605020302,9,0.0004944859700852055,0.009529005524032172,56.3,13,0.02783956011579707,0.5364830110030112,0,0,1
20260502,202605020302,10,0.0003520513391553055,0.0034384602896149496,7.3,5,0.00256997477583373,0.02510076011418913,0,0,1
20260502,202605020302,11,0.0015069363655638146,0.004382386300431124,67.0,14,0.10096473649277558,0.2936198821288853,0,0,1
20260502,202605020302,12,0.00023445162071933018,0.0018911332119753118,6.9,4,0.0016177161829633783,0.013048819162629652,0,0,1
20260502,202605020302,13,0.004230288078362016,0.00831132982693934,3.8,1,0.016075094697775662,0.03158305334236949,0,0,1
20260502,202605020302,14,0.0033734705085586986,0.004064216055659155,7.7,6,0.02597572291590198,0.03129446362857549,0,1,1
20260502,202605020303,1,0.01023270383542761,0.04661954675707478,22.8,9,0.2333056474477495,1.0629256660613051,0,0,0
20260502,202605020303,2,0.0003029390412571157,0.004422827266621406,8.4,4,0.002544687946559772,0.03715174903961981,0,0,0
20260502,202605020303,3,0.0005517780712084915,0.0027319005900536698,13.9,6,0.007669715189798032,0.03797341820174601,0,1,0
20260502,202605020303,4,0.0003940517161699375,0.003387563563944954,4.2,3,0.0016550172079137376,0.014227766968568806,0,0,0
20260502,202605020303,5,0.0010981026513005503,0.004670947089695014,17.2,7,0.018887365602369463,0.08034028994275424,0,0,0
20260502,202605020303,6,0.0009844561028691282,0.016531588222060252,21.1,8,0.020772023770538606,0.3488165114854713,0,0,0
20260502,202605020303,7,0.0004451814579369198,0.006317956672590443,70.3,12,0.03129625649296546,0.4441523540831081,0,0,0
20260502,202605020303,8,0.0005713533444289816,0.008393074442085691,2.7,1,0.0015426540299582504,0.022661300993631367,0,1,0
20260502,202605020303,9,0.0003446170638039095,0.004466334609521586,31.0,11,0.010683128977921194,0.13845637289516916,0,1,0
20260502,202605020304,1,0.0006543955180618302,0.003959524438036689,35.4,12,0.02316560133938879,0.1401671651064988,0,0,1
20260502,202605020304,2,0.0007916791693351905,0.005965698713706125,44.9,15,0.035546394703150054,0.267859872245405,0,0,1
20260502,202605020304,3,0.00293443600357617,0.016663771266935662,35.8,13,0.10505280892802688,0.5965630113562966,0,0,1
20260502,202605020304,4,0.00020711159177056991,0.002216109169053252,177.8,17,0.03682444101680733,0.3940242102576682,0,0,1
20260502,202605020304,5,0.0004599162124567201,0.004571745388002844,102.3,16,0.047049428534322466,0.4676895531926909,0,1,1
20260502,202605020304,6,0.0021778538427801716,0.008299922974628846,42.8,14,0.09321214447099134,0.35523670331411455,1,1,1
20260502,202605020304,7,0.00010206509533144881,0.001117391946009572,10.8,6,0.0011023030295796471,0.012067833016903378,0,0,1
20260502,202605020304,8,0.000265518622159557,0.0024504104443012578,5.4,3,0.001433800559661608,0.013232216399226792,0,0,1
20260502,202605020304,9,6.598325446725256e-05,0.00046846502574288704,253.5,18,0.016726755007448524,0.11875588402582186,0,0,1
20260502,202605020304,10,0.0004855940621954856,0.003198698179950795,4.9,2,0.0023794109047578795,0.015673621081758897,0,1,1
20260502,202605020305,1,0.0053113140494663955,0.05643780879825971,121.8,13,0.646918051225007,6.874125111628032,0,0,0
20260502,202605020305,2,0.0005875137563432429,0.0063114751836782414,52.4,11,0.03078572083238593,0.33072129962473984,0,0,0
20260502,202605020305,3,0.0038466697214797605,0.0457783443691289,28.7,8,0.11039942100646913,1.3138384833939993,0,1,0
20260502,202605020305,4,0.0016601687388070276,0.01769744868384336,33.9,9,0.05627972024555823,0.5999435103822899,0,0,0
20260502,202605020305,5,0.002632571526583915,0.03553956621661182,17.2,7,0.045280230257243335,0.6112805389257233,0,0,0
20260502,202605020305,6,0.004477479811469527,0.053981865260191726,38.0,10,0.17014423283584204,2.0513108798872857,0,0,0
20260502,202605020305,7,0.0016665565350814009,0.02348422195355003,2.2,1,0.0036664243771790824,0.05166528829781007,0,0,0
20260502,202605020305,8,0.001002121762653434,0.02081671120499368,5.9,3,0.005912518399655261,0.12281859610946272,0,1,0
20260502,202605020305,9,0.00100254101277862,0.012815312364505156,172.6,14,0.17303857880558982,2.2119229141135897,0,1,0
20260502,202605020305,10,0.03440388327247603,0.1442139572157236,15.1,6,0.5194986374143881,2.1776307539574264,0,0,0
20260502,202605020305,11,9.032488503200123e-05,0.003415103936143089,5.0,2,0.00045162442516000613,0.017075519680715443,0,0,0
20260502,202605020305,12,0.0045271169077378435,0.11265684268368982,8.3,5,0.0375750703342241,0.9350517942746256,0,0,0
20260502,202605020305,13,0.001389534706725682,0.012517307421530354,6.8,4,0.009448836005734639,0.08511769046640641,0,0,0
20260502,202605020305,14,0.00133575279459198,0.009518564317864959,76.5,12,0.10218508878628647,0.7281701703166693,0,0,0
20260502,202605020305,15,0.00860666028938195,0.12606258963961364,192.7,16,1.6585034377639016,24.292261023553547,0,0,0
20260502,202605020305,16,0.0017935943026522942,0.01903371589580126,182.1,15,0.32661352251298276,3.4660396646254092,0,0,0
20260502,202605020305,17,0.0006934575698587182,0.009020383130910756,69.4,16,0.04812595534819505,0.6260145892852065,0,0,0
20260502,202605020305,18,0.0026216692851703544,0.07742333672634383,28.5,12,0.07471757462735511,2.2065650967007993,0,0,0
20260502,202605020306,1,0.0011888751453651514,0.013647033116025914,40.9,9,0.04862499344543469,0.5581636544454599,0,0,1
20260502,202605020306,2,0.00823898180917062,0.03364060363789803,6.8,4,0.05602507630236022,0.2287561047377066,0,0,1
20260502,202605020306,3,0.00031169718198919747,0.005354033544390911,55.4,12,0.017268023882201538,0.29661345835925645,0,1,1
20260502,202605020306,4,0.0019506168171287256,0.018286053782326787,41.9,10,0.0817308446376936,0.7661856534794923,0,0,1
20260502,202605020306,5,0.0001483739581948391,0.002810439402995559,8.9,6,0.0013205282279340682,0.025012910686660474,0,0,1
20260502,202605020306,6,0.004969824707214918,0.03212079441505839,38.2,8,0.18984730381560988,1.2270143466552306,1,1,1
20260502,202605020306,7,0.002916771495662479,0.011529312737061122,2.5,1,0.007291928739156197,0.028823281842652804,0,1,1
20260502,202605020307,1,0.009309332702363492,0.10616135138413155,27.4,11,0.25507571604475965,2.908821027925204,0,0,0
20260502,202605020307,2,0.00413905768574949,0.045594538648688954,41.0,12,0.16970136511572909,1.869376084596247,0,0,0
20260502,202605020307,3,0.01649653087037225,0.08630292779989872,15.1,7,0.24909761614262096,1.3031742097784706,0,0,0
20260502,202605020307,4,0.000766383726654709,0.005743394411623749,47.1,13,0.036096673525436794,0.27051387678747857,0,0,0
20260502,202605020307,5,0.00020389318632255853,0.004364943657862902,11.1,4,0.0022632143681803997,0.04845087460227821,0,0,0
20260502,202605020307,6,0.0006793265364382293,0.01019284841971942,3.6,2,0.0024455755311776255,0.03669425431098991,0,0,0
20260502,202605020307,7,0.0005413578784357798,0.0061212648469837795,6.1,3,0.0033022830584582565,0.03733971556660105,0,0,0
20260502,202605020307,8,0.0027453565860362226,0.026942368082317748,26.2,10,0.07192834255414902,0.7058900437567249,0,0,0
20260502,202605020307,9,0.006618832069651633,0.033830513971684864,105.1,14,0.6956392505203867,3.555587018424079,0,1,0
20260502,202605020307,10,0.0014569854147511467,0.011911498517376298,14.1,5,0.020543494347991166,0.1679521290950058,0,0,0
20260502,202605020307,11,0.0025640829065885886,0.027018359005618352,2.8,1,0.007179432138448048,0.07565140521573138,0,0,0
20260502,202605020307,12,0.0068473431079559,0.020769695090565126,14.6,6,0.09997120937615614,0.30323754832225086,0,1,0
20260502,202605020307,13,0.016531966790377394,0.13730611818977895,16.4,8,0.27112425536218926,2.2518203383123745,0,1,0
20260502,202605020307,14,0.00027739623358726743,0.0051861540695301465,23.2,9,0.006435592619224604,0.12031877441309939,0,0,0
20260502,202605020307,15,0.012662353176328456,0.063668739116767,156.4,15,1.9803920367777708,9.957790797862359,0,0,0
20260502,202605020307,16,0.0007006737971767866,0.006432355051066018,4.5,1,0.0031530320872955398,0.02894559772979708,0,0,0
20260502,202605020308,1,0.19070021475382715,0.3399203233822585,7.7,3,1.468391653604469,2.6173864900433905,0,0,1
20260502,202605020308,2,0.0025152363047809107,0.012601603124642277,29.0,9,0.0729418528386464,0.36544649061462603,0,0,1
20260502,202605020308,3,0.0014145369085938198,0.010179670993521302,68.5,11,0.09689577823867666,0.6973074630562092,0,1,1
20260502,202605020308,4,0.0008728973511036916,0.009024270784399218,9.2,4,0.008030655630153961,0.0830232912164728,0,0,1
20260502,202605020308,5,0.0037436029227336364,0.014868006317965577,10.9,5,0.040805271857796636,0.1620612688658248,1,1,1
20260502,202605020308,6,0.011522630151007046,0.029076357645181912,2.0,1,0.023045260302014092,0.058152715290363824,0,1,1
20260502,202605020308,7,0.0006222345185220234,0.004826376859044693,14.9,7,0.00927129432597815,0.07191301519976594,0,0,1
20260502,202605020308,8,0.0030710178320330875,0.010469521297016317,11.2,6,0.03439539971877058,0.11725863852658273,0,0,1
20260502,202605020308,9,0.00034636834900738175,0.004838706280390348,39.6,10,0.013716186620692319,0.19161276870345778,0,0,1
20260502,202605020308,10,0.0009142776793042186,0.003502364860248417,76.9,12,0.07030795353849441,0.2693318577531033,0,0,1
20260502,202605020309,1,0.11476492753807671,0.49079613160640784,3.5,2,0.4016772463832685,1.7177864606224273,0,0,0
20260502,202605020309,2,0.0043910808910552395,0.018917085831631254,24.5,8,0.10758148183085336,0.4634686028749657,0,1,0
20260502,202605020309,3,0.0005484452409853599,0.005596222497653493,19.8,6,0.010859215771510125,0.11080520545353915,0,0,0
20260502,202605020309,4,0.00048085347310220563,0.003606844057207331,30.1,9,0.01447368954037639,0.10856600612194067,0,0,0
20260502,202605020309,5,0.0008550479426611891,0.010416870674526627,59.3,10,0.050704342999808506,0.617720430999429,0,0,0
20260502,202605020309,6,0.0003862100086163233,0.0032580378685791523,5.9,3,0.0022786390508363077,0.019222423424617,0,0,0
20260502,202605020309,7,0.0005820308237219445,0.003766252948313789,21.9,7,0.012746475039510582,0.08248093956807197,0,0,0
20260502,202605020309,8,0.004489335611783123,0.01781074792167409,11.7,5,0.052525226657862537,0.20838575068358683,0,0,0
20260502,202605020309,9,0.0010877101953055308,0.00737027124895,2.0,1,0.0021754203906110617,0.0147405424979,0,0,0
20260502,202605020309,10,0.0011227987498271437,0.00554051031584405,8.5,4,0.00954378937353072,0.04709433768467442,0,0,0
20260502,202605020309,11,0.0009194035563026278,0.007075706877954844,12.7,6,0.011676425165043372,0.08986147735002652,0,0,0
20260502,202605020309,12,0.0010970070458427472,0.013395404643558784,25.4,11,0.02786397896440578,0.3402432779463931,0,1,0
20260502,202605020309,13,0.000534161063252541,0.00801049100794707,31.4,13,0.016772657386129788,0.25152941764953796,0,0,0
20260502,202605020309,14,0.010997947395829582,0.04922812379204362,4.3,1,0.0472911738020672,0.21168093230578755,0,1,0
20260502,202605020309,15,0.000488395772585747,0.0031388430415149387,2.7,1,0.0013186685859815168,0.008474876212090336,0,0,0
20260502,202605020309,16,0.0003381134280685582,0.004248809229079242,21.7,8,0.007337061389087713,0.09219916027101954,0,0,0
20260502,202605020310,1,0.013484487684424172,0.16707249445753816,23.6,10,0.31823390935241047,3.9429108691979007,0,0,1
20260502,202605020310,2,0.0028924791609489173,0.025779786568796516,9.4,5,0.027189304112919824,0.24232999374668726,0,1,1
20260502,202605020310,3,0.0017404685705206513,0.011752140949737321,3.9,2,0.00678782742503054,0.045833349703975554,0,0,1
20260502,202605020310,4,0.007038454141943757,0.029957096350270964,5.8,3,0.04082303402327379,0.17375115883157158,0,0,1
20260502,202605020310,5,0.0004547837972965694,0.004654516009671442,3.1,1,0.0014098297716193652,0.01442899962998147,0,0,1
20260502,202605020310,6,0.0007947271738814718,0.020741381479527105,13.6,7,0.010808289564788015,0.2820827881215686,0,1,1
20260502,202605020310,7,0.00040889590272599145,0.005922135591071075,11.6,6,0.004743192471621501,0.06869677285642448,0,0,1
20260502,202605020310,8,0.001175398253586148,0.012493274240446457,5.8,4,0.006817309870799658,0.07246099059458945,0,0,1
20260502,202605020310,9,0.0026403997211400794,0.04013835045898597,16.4,9,0.043302555426697295,0.6582689475273699,0,0,1
20260502,202605020310,10,0.00035758007516702953,0.006899630687956931,15.1,8,0.005399459135022146,0.10418442338814966,0,0,1
20260502,202605020310,11,0.01063516608596118,0.037041095348546056,11.3,7,0.12017737677136135,0.41856437743857045,1,1,1
20260502,202605020311,1,0.07475677309697695,0.27618697250882274,3.7,1,0.27660006045881474,1.021891798282644,0,0,0
20260502,202605020311,2,0.006544701167273129,0.054513445208926335,53.0,16,0.34686916186547584,2.889212596073096,0,0,0
20260502,202605020311,3,0.005982168460294442,0.019647913472575176,4.3,3,0.0257233243792661,0.08448602793207326,0,0,0
20260502,202605020311,4,0.009453295832630956,0.03305462777397648,22.2,9,0.20986316748440723,0.7338127365822779,0,0,0
20260502,202605020311,5,0.00819893013969649,0.03455940792891639,33.9,13,0.277943731735711,1.1715639287902655,0,0,0
20260502,202605020311,6,0.002048357920700969,0.014480901430718734,192.8,18,0.3949234071111468,2.791917795842572,0,1,0
20260502,202605020311,7,0.0009236853987976423,0.009789379060633624,13.7,6,0.012654489963527698,0.13411449313068063,0,0,0
20260502,202605020311,8,0.00037906959171683455,0.0051753792656781435,50.0,15,0.018953479585841728,0.2587689632839072,0,0,0
20260502,202605020311,9,0.0014917433424631245,0.011823717750701087,28.3,10,0.04221633659170643,0.33461121234484076,0,0,0
20260502,202605020311,10,0.0073114548473484494,0.03653879830730185,21.6,8,0.15792742470272653,0.78923804343772,0,0,0
20260502,202605020311,11,0.0141064984001201,0.031082199162292344,39.3,14,0.55438538712472,1.2215304270780891,0,0,0
20260502,202605020311,12,0.003015122663634899,0.015127014816291084,12.1,4,0.03648298422998228,0.18303687927712212,0,0,0
20260502,202605020311,13,0.007674482754216445,0.02444204146401919,19.7,7,0.15118731025806398,0.481508216841178,0,0,0
20260502,202605020311,14,0.013068146003086445,0.0608396318712307,28.8,11,0.3763626048888896,1.752181397891444,0,1,0
20260502,202605020311,15,0.0013121184656202064,0.015871637568338696,4.2,2,0.005510897555604867,0.06666087778702252,0,0,0
20260502,202605020311,16,0.01273806877177606,0.05593059296596489,63.0,17,0.8024983326218917,3.5236273568557883,0,1,0
20260502,202605020311,17,0.008856329494596393,0.044643028251442715,13.1,5,0.11601791637921274,0.5848236700938996,0,0,0
20260502,202605020311,18,0.0022127005511052016,0.014063614773326264,31.7,12,0.07014260747003488,0.4458165883144426,0,0,0
20260502,202605020312,1,0.003640852155965003,0.02765609366625209,7.9,3,0.028762732032123525,0.21848313996339153,0,0,1
20260502,202605020312,2,0.041396672914161506,0.17103935175591095,13.5,6,0.5588550843411804,2.3090312487047977,0,1,1
20260502,202605020312,3,0.009696587646923516,0.032055978731620575,12.0,4,0.1163590517630822,0.3846717447794469,0,0,1
20260502,202605020312,4,0.001341905326208925,0.013112931785344445,59.4,16,0.07970917637681013,0.7789081480494601,0,0,1
20260502,202605020312,5,0.00895914259820784,0.09963554413503889,27.8,11,0.24906416423017796,2.7698681269540812,1,1,1
20260502,202605020312,6,0.0004673742159239946,0.004995408048206896,15.6,7,0.007291037768414316,0.07792836555202758,0,0,1
20260502,202605020312,7,0.011722268773358597,0.03059432895839828,41.8,14,0.4899908347263893,1.2788429504610481,0,1,1
20260502,202605020312,8,0.012622993011502564,0.07967842997336844,3.9,2,0.049229672744859995,0.3107458768961369,0,0,1
20260502,202605020312,9,0.006183847494037859,0.047574209708398374,38.1,13,0.23560458952284244,1.8125773898899782,0,0,1
20260502,202605020312,10,0.0020238297286475633,0.010894270962777269,25.5,9,0.05160765808051286,0.27780390955082035,0,0,1
20260502,202605020312,11,0.0007846881360257272,0.004349485909272607,25.5,10,0.020009547468656044,0.11091189068645148,0,0,1
20260502,202605020312,12,0.0006222485768846038,0.010520357115021554,2.7,1,0.0016800711575884304,0.028404964210558197,0,0,1
20260502,202605020312,13,0.0007362155692371748,0.008254591357687593,13.3,5,0.009791667070854425,0.109786065057245,0,0,1
20260502,202605020312,14,0.0175926238081372,0.06225415634090433,20.7,8,0.36416731282844006,1.2886610362567197,0,0,1
20260502,202608030301,1,0.0008768901311065835,0.002999755380753958,29.1,8,0.02551750281520158,0.08729288157994018,0,0,1
20260502,202608030301,2,0.0007169935620389823,0.0016904378982337668,11.9,6,0.00853222338826389,0.020116210988981826,0,0,1
20260502,202608030301,3,0.0014952555206603126,0.01312857319779101,3.9,2,0.005831496530575219,0.05120143547138494,0,1,1
20260502,202608030301,4,0.0003668638723575965,0.0009616145806004515,3.7,1,0.0013573963277231072,0.0035579739482216708,0,0,1
20260502,202608030301,5,0.0040948249926185025,0.005902951582425336,68.1,15,0.27885758199732,0.40199100276316535,1,1,1
20260502,202608030301,6,0.0003077518127841569,0.00023977914551588582,68.1,16,0.020957898450601083,0.016328959809631824,0,0,1
20260502,202608030301,7,0.0009521312237390997,0.0035354236112371605,48.5,12,0.046178364351346333,0.17146804514500227,0,0,1
20260502,202608030301,8,0.0003220399442434855,0.001978329279463738,29.1,9,0.00937136237748543,0.057569382032394784,0,0,1
20260502,202608030301,9,0.0007546299090219396,0.0016326192317385778,4.1,3,0.003093982626989952,0.006693738850128169,0,0,1
20260502,202608030301,10,0.0010495726522362831,0.0022125061709878913,8.0,4,0.008396581217890265,0.01770004936790313,0,0,1
20260502,202608030301,11,0.004481611598098534,0.010749375656344099,52.4,13,0.2348364477403632,0.5632672843924308,0,1,1
20260502,202608030301,12,0.00013521804593336702,0.00020081571167257834,61.3,14,0.008288866215715398,0.012310003125529052,0,0,1
20260502,202608030301,13,0.00025047927033247273,0.0008614568793889861,45.8,11,0.01147195058122725,0.039454725076015565,0,0,1
20260502,202608030301,14,0.0010057201735691498,0.002475022172994296,9.3,5,0.009353197614193095,0.023017706208846953,0,0,1
20260502,202608030301,15,0.00048175796040492413,0.001215383050852532,18.1,7,0.008719819083329127,0.02199843322043083,0,0,1
20260502,202608030301,16,0.00017791265388634745,0.0006066389149055924,31.6,10,0.0056220398628085795,0.01916978971101672,0,0,1
20260502,202608030302,1,0.00032312137896533914,0.001271300932382903,4.1,2,0.0013247976537578904,0.005212333822769902,0,0,0
20260502,202608030302,2,0.00013488008074376964,0.0012057885892561343,29.2,9,0.003938498357718073,0.03520902680627912,0,0,0
20260502,202608030302,3,0.0003573574123553097,0.0006047651053949067,46.5,13,0.016617119674521903,0.028121577400863164,0,0,0
20260502,202608030302,4,0.0007750163932625755,0.0033415591284521634,38.5,11,0.029838131140609157,0.1286500264454083,0,1,0
20260502,202608030302,5,0.0005469691953585861,0.001157373275297511,7.8,4,0.004266359723796971,0.009027511547320587,0,0,0
20260502,202608030302,6,0.00021863995632388832,0.001260303052506558,4.9,3,0.0010713357859870529,0.006175484957282135,0,0,0
20260502,202608030302,7,0.000176615259126831,0.003119965715235359,84.5,16,0.014923989396217219,0.26363710293738785,0,0,0
20260502,202608030302,8,0.00020887046764971493,0.0008104771092253506,37.0,10,0.007728207303039452,0.029987653041337974,0,1,0
20260502,202608030302,9,0.0002480322740651769,0.00197351809029034,23.6,7,0.005853561667938175,0.046575026930852026,0,0,0
20260502,202608030302,10,0.0021373438953118527,0.007844218168745027,44.7,12,0.09553927212043982,0.35063655214290274,0,1,0
20260502,202608030302,11,0.0003958247676198619,0.0047403514060488944,84.0,15,0.0332492804800684,0.39818951810810715,0,0,0
20260502,202608030302,12,0.002386787194160293,0.010665426589248662,2.8,1,0.00668300414364882,0.02986319444989625,0,0,0
20260502,202608030302,13,0.0002591705070804228,0.0004267918672427376,28.0,8,0.007256774198251839,0.011950172282796653,0,0,0
20260502,202608030302,14,0.0002547876410305707,0.0003535202020495874,13.3,6,0.0033886756257065906,0.004701818687259513,0,0,0
20260502,202608030302,15,0.0006262353791388548,0.001770902817637135,11.3,5,0.00707645978426906,0.02001120183929963,0,0,0
20260502,202608030303,1,0.0015529386239791004,0.002443993485962684,11.5,5,0.017858794175759654,0.028105925088570866,0,1,0
20260502,202608030303,2,0.002930542913838391,0.005657938435984676,91.7,18,0.26873078519898047,0.5188329545797948,0,0,0
20260502,202608030303,3,0.004145149998415468,0.017085517568485722,46.7,13,0.19357850492600237,0.7978936704482833,0,0,0
20260502,202608030303,4,0.00420296413336597,0.009070734048860251,39.6,10,0.16643737968129244,0.359201068334866,0,0,0
20260502,202608030303,5,0.0007358244935531638,0.0031422110419486666,90.3,17,0.06644495176785069,0.28374165708796456,0,0,0
20260502,202608030303,6,0.0034564632119674283,0.008403007261942267,47.4,14,0.1638363562472561,0.3983025442160634,0,1,0
20260502,202608030303,7,0.0006742656327954548,0.0036451786097716405,9.4,4,0.006338096948277275,0.03426467893185342,0,0,0
20260502,202608030303,8,0.0004855356775170605,0.001640115427783627,25.0,7,0.012138391937926513,0.04100288569459067,0,0,0
20260502,202608030303,9,0.0008329551136343471,0.007163280872078631,57.2,15,0.04764503249988466,0.40973966588289773,0,0,0
20260502,202608030303,10,0.0004362760691705907,0.0018060652366875508,45.2,12,0.0197196783265107,0.0816341486982773,0,0,0
20260502,202608030303,11,0.008869886557866889,0.01414665880448442,3.3,2,0.02927062564096073,0.04668397405479858,0,0,0
20260502,202608030303,12,0.0005158999617093294,0.0014339668933162203,25.9,8,0.01336180900827163,0.037139742536890105,0,0,0
20260502,202608030303,13,0.0009770844301860183,0.0048846861760845715,64.9,16,0.06341277951907259,0.3170161328278887,0,0,0
20260502,202608030303,14,0.0004929605888773494,0.0019937753133993656,5.2,3,0.002563395062162217,0.010367631629676702,0,0,0
20260502,202608030303,15,5.164733941178407e-05,0.0003401788063791533,14.6,6,0.0007540511554120473,0.004966610573135638,0,0,0
20260502,202608030303,16,6.884033620759757e-05,0.00037072876575631103,3.2,1,0.00022028907586431223,0.0011863320504201954,0,1,0
20260502,202608030303,17,0.0006350144329128813,0.001887539520420953,39.3,9,0.02495606721347623,0.07418030315254345,0,0,0
20260502,202608030303,18,0.0005325694271217197,0.0025994560347192487,41.5,11,0.02210163122555137,0.10787742544084883,0,0,0
20260502,202608030304,1,0.0009075364433157254,0.0032055784572348257,18.0,5,0.016335655979683058,0.057700412230226865,0,0,0
20260502,202608030304,2,0.006081292593924121,0.037800505866192505,3.9,3,0.023717041116304072,0.14742197287815076,0,0,0
20260502,202608030304,3,0.006701017534695437,0.01303660154288558,48.5,12,0.3249993504327287,0.6322751748299507,0,0,0
20260502,202608030304,4,0.00024282077900486797,0.002319753862092908,25.5,8,0.006191929864624133,0.05915372348336915,0,0,0
20260502,202608030304,5,0.003209563332786135,0.013009170656720543,3.2,2,0.010270602664915633,0.04162934610150574,0,1,0
20260502,202608030304,6,0.002602391535744834,0.01095637264694432,19.2,6,0.04996591748630081,0.21036235482133095,0,1,0
20260502,202608030304,7,0.0007483484287570348,0.004705147653893221,39.6,10,0.02963459777877858,0.18632384709417155,0,0,0
20260502,202608030304,8,0.0007640921659575922,0.007559791068110458,2.7,1,0.002063048848085499,0.020411435883898238,0,0,0
20260502,202608030304,9,9.235470846568667e-05,0.0002709443413447197,8.4,4,0.0007757795511117681,0.002275932467295646,0,0,0
20260502,202608030304,10,0.00015448856766759234,0.0006324482402655588,35.5,9,0.005484344152199528,0.02245191252942734,0,0,0
20260502,202608030304,11,0.0006298407078522396,0.00273602781547293,23.9,7,0.015053192917668526,0.06539106478980303,0,1,0
20260502,202608030304,12,0.0013532506290597022,0.0030794986833843287,43.1,11,0.058325102112473166,0.13272639325386457,0,0,0
20260502,202608030304,13,0.0035614063034271697,0.028324178623630635,49.5,13,0.1762896120196449,1.4020468418697165,0,0,0
20260502,202608030304,14,0.0011495781732981636,0.0037229445704452303,15.1,5,0.01735863041680227,0.056216463013722975,0,0,0
20260502,202608030304,15,0.0018568535754325158,0.008762216966289992,24.7,8,0.04586428331318314,0.2164267590673628,0,0,0
20260502,202608030304,16,0.0006215150569503844,0.002124180647859355,4.2,2,0.0026103632391916145,0.008921558721009292,0,0,0
20260502,202608030304,17,0.008184382244357554,0.017379658067310004,46.4,12,0.37975533613819046,0.8064161343231842,0,0,0
20260502,202608030304,18,0.0027964099473095287,0.004347866466997358,14.8,7,0.04138686722018103,0.0643484237115609,0,0,0
20260502,202608030305,1,0.0023098472449058047,0.009718790234575026,5.1,3,0.011780220949019603,0.04956583019633263,0,1,1
20260502,202608030305,2,0.001043494366903366,0.006326607790369844,14.5,5,0.015130668320098808,0.09173581296036273,0,0,1
20260502,202608030305,3,0.012790272540651827,0.07103852600175935,9.2,4,0.1176705073739968,0.653554439216186,0,0,1
20260502,202608030305,4,0.00022768203947409586,0.0022469995233306565,31.3,12,0.0071264478355392005,0.07033108508024954,0,0,1
20260502,202608030305,5,0.000857171713405249,0.0031209800917562417,2.3,1,0.0019714949408320727,0.0071782542110393555,0,0,1
20260502,202608030305,6,0.006367816756257134,0.01734344924613893,18.7,7,0.1190781733420084,0.32432250090279796,1,1,1
20260502,202608030305,7,0.0015363380061762025,0.013806760542251585,23.0,8,0.035335774142052655,0.31755549247178644,0,0,1
20260502,202608030305,8,0.00011253579953336641,0.0009969237529691096,27.8,11,0.003128495227027586,0.027714480332541248,0,0,1
20260502,202608030305,9,0.00028229391761116205,0.0026665794334870003,17.6,6,0.0049683729499564525,0.04693179802937121,0,0,1
20260502,202608030305,10,0.0006466154074197844,0.0026657875854334528,27.0,9,0.01745861600033418,0.07197626480670323,0,1,1
20260502,202608030305,11,0.0012218163741584387,0.006787941343409507,27.5,10,0.03359995028935706,0.18666838694376145,0,0,1
20260502,202608030305,12,0.00013437036473940014,0.0007379039788047112,4.0,2,0.0005374814589576006,0.0029516159152188446,0,0,1
20260502,202608030305,13,0.00045038465187562495,0.006769807885478367,41.0,11,0.018465770726900622,0.27756212330461305,0,0,1
20260502,202608030306,1,0.010983237801337547,0.18203264315340112,11.1,6,0.12191393959484677,2.0205623390027525,0,1,0
20260502,202608030306,2,0.0003332478452899996,0.0058303478928649925,52.1,16,0.01736221273960898,0.3037611252182661,0,0,0
20260502,202608030306,3,0.0009972690272681815,0.009175090495915514,45.7,15,0.0455751945461559,0.419301635663339,0,0,0
20260502,202608030306,4,0.00538036764900158,0.05133780592769465,22.5,11,0.12105827210253556,1.1551006333731297,0,0,0
20260502,202608030306,5,0.0008250967593719349,0.01303017494151092,8.1,5,0.006683283750912672,0.10554441702623844,0,0,0
20260502,202608030306,6,0.0016347434470962098,0.021401818140660556,5.0,2,0.008173717235481048,0.10700909070330278,0,0,0
20260502,202608030306,7,0.001034439477488844,0.032174120223129654,15.3,9,0.015826924005579314,0.49226403941388375,0,1,0
20260502,202608030306,8,0.00021938584451541637,0.004237461508355006,42.7,13,0.00936777556080828,0.18093960640675877,0,0,0
20260502,202608030306,9,0.00033380688598563655,0.0048666008525879816,42.5,12,0.014186792654389553,0.2068305362349892,0,0,0
20260502,202608030306,10,0.001334471982415944,0.012421738021906971,7.9,4,0.010542328661085959,0.09813173037306508,0,0,0
20260502,202608030306,11,0.002949523561147154,0.04672532831681934,44.8,14,0.13213865553939247,2.0932947085935063,0,1,0
20260502,202608030307,1,0.023774865690889917,0.19263959715267084,21.9,10,0.5206695586304891,4.218807177643491,0,0,1
20260502,202608030307,2,0.004298361462129936,0.03330044110792925,22.1,11,0.0949937883130716,0.7359397484852365,0,0,1
20260502,202608030307,3,0.004607870483263346,0.033365350401041216,11.5,6,0.05299051055752848,0.383701529611974,0,0,1
20260502,202608030307,4,0.001419478018370333,0.011863708262701797,14.1,7,0.020014640059021697,0.16727828650409532,0,1,1
20260502,202608030307,5,0.0029431476923309843,0.037665701402697184,27.6,12,0.08123087630833517,1.0395733587144422,1,1,1
20260502,202608030307,6,0.0016844868890973324,0.01067618580465189,6.4,3,0.010780716090222929,0.06832758914977209,0,0,1
20260502,202608030307,7,0.011779750518837616,0.06915934278496065,48.8,13,0.5748518253192756,3.3749759279060796,0,0,1
20260502,202608030307,8,0.003575129274384435,0.01778108573136393,18.8,8,0.06721243035842739,0.3342844117496419,0,0,1
20260502,202608030307,9,0.0003807404834793508,0.005880121267957663,20.4,9,0.007767105862978756,0.11995447386633633,0,0,1
20260502,202608030307,10,0.0018176241738126543,0.019668773781920987,4.2,2,0.007634021530013148,0.08260884988406815,0,0,1
20260502,202608030307,11,0.00046062606748558836,0.0027987789983898023,3.4,1,0.0015661286294510004,0.009515848594525327,0,0,1
20260502,202608030307,12,0.0021648832516014075,0.015081918158890612,7.1,4,0.015370671086369992,0.10708161892812335,0,1,1
20260502,202608030308,1,0.0025881493841503882,0.09320416661666944,49.5,14,0.1281133945154442,4.613606247525137,0,0,0
20260502,202608030308,2,0.0013295545950044092,0.015580041496511996,6.5,3,0.00864210486752866,0.10127026972732797,0,0,0
20260502,202608030308,3,0.0007820393693730746,0.006199943133078484,5.0,2,0.003910196846865372,0.030999715665392422,0,0,0
20260502,202608030308,4,0.01188183099137404,0.030487805325963964,14.4,7,0.17109836627578617,0.4390243966938811,0,1,0
20260502,202608030308,5,0.0020019075919649218,0.01094911252164158,10.6,6,0.02122022047482817,0.11606059272940074,0,0,0
20260502,202608030308,6,0.0008103091225427168,0.008010003454429574,19.5,8,0.01580102788958298,0.1561950673613767,0,0,0
20260502,202608030308,7,0.013356690324735538,0.03731289492763774,43.9,12,0.5863587052558901,1.6380360873232966,0,0,0
20260502,202608030308,8,0.013243494689371207,0.054542279707211566,3.0,1,0.03973048406811362,0.1636268391216347,0,0,0
20260502,202608030308,9,0.006605861184963409,0.03302756276510652,28.1,9,0.1856246992974718,0.9280745136994933,0,0,0
20260502,202608030308,10,0.0009613930116545499,0.005735082498356021,31.7,10,0.03047615846944923,0.18180211519788586,0,0,0
20260502,202608030308,11,0.001419091083609501,0.01630726893855953,37.1,11,0.052648279201912486,0.6049996776205585,0,1,0
20260502,202608030308,12,0.0007575089350590439,0.0057331496197576305,91.0,16,0.068933313090373,0.5217166153979443,0,1,0
20260502,202608030308,13,0.00022685287445065516,0.002650056922548249,7.2,4,0.0016333406960447171,0.019080409842347396,0,0,0
20260502,202608030309,1,0.021489145155736827,0.14892853429956357,5.4,3,0.11604138384097888,0.8042140852176434,0,0,0
20260502,202608030309,2,0.00036083964421594394,0.004227658363936635,30.3,10,0.010933441219743103,0.12809804842728004,0,0,0
20260502,202608030309,3,0.0012139997982281343,0.007360610408192475,5.4,4,0.006555598910431925,0.03974729620423936,0,0,0
20260502,202608030309,4,0.0007009406772990794,0.0033283898921107604,5.5,5,0.0038551737251449367,0.018306144406609184,0,0,0
20260502,202608030309,5,0.0021236219464545593,0.007233653866493566,8.6,6,0.01826314873950921,0.06220942325184466,0,1,0
20260502,202608030309,6,0.00041615129132108723,0.0026264164085270476,3.2,1,0.0013316841322274793,0.008404532507286552,0,0,0
20260502,202608030309,7,0.0018157384164582582,0.009819738472164734,26.4,9,0.04793549419449802,0.25924109566514897,0,1,0
20260502,202608030309,8,0.000180878071285233,0.002461736814665688,20.4,7,0.0036899126542187526,0.050219431019180034,0,0,0
20260502,202608030309,9,0.00080676904699051,0.006575440394277459,21.9,8,0.017668242129092168,0.14400214463467634,0,1,0
20260502,202608030310,1,0.08644180447469912,0.33453409113189864,66.3,13,5.731091636672551,22.17961024204488,0,0,0
20260502,202608030310,2,0.008224618367724161,0.06040782428962434,29.9,10,0.24591608919495242,1.8061939462597676,0,0,0
20260502,202608030310,3,0.005035551064252,0.026184289757278947,26.1,9,0.1314278827769772,0.6834099626649806,0,0,0
20260502,202608030310,4,0.0009974281651459061,0.009987409330187519,3.7,2,0.003690484211039853,0.036953414521693824,0,0,0
20260502,202608030310,5,0.002119457620597695,0.011514074605103723,36.6,11,0.07757214891387565,0.4214151305467963,0,1,0
20260502,202608030310,6,0.0006178168246629903,0.00941680847215125,6.2,3,0.0038304643129105404,0.058384212527337755,0,0,0
20260502,202608030310,7,0.012897079790234899,0.11490496187511952,17.0,7,0.2192503564339933,1.9533843518770317,0,0,0
20260502,202608030310,8,0.008233519251106358,0.0342082655871633,9.3,5,0.07657172903528914,0.3181368699606187,0,1,0
20260502,202608030310,9,0.0006164099532694233,0.007559319411452953,38.7,12,0.023855065191526685,0.29254566122322934,0,0,0
20260502,202608030310,10,0.0013690567705074966,0.007394962941830544,24.9,8,0.034089513585636666,0.18413457725158053,0,1,0
20260502,202608030310,11,0.0018371003807138096,0.007316773679999023,13.9,6,0.025535695291921953,0.10170315415198641,0,0,0
20260502,202608030310,12,0.0007549313331749206,0.015141114062183037,2.6,1,0.001962821466254794,0.0393668965616759,0,0,0
20260502,202608030311,1,0.000518106822195201,0.005523609487346348,42.9,12,0.022226782672174122,0.2369628470071583,0,0,1
20260502,202608030311,2,0.036586043905187264,0.2574166243535791,13.7,6,0.5012288015010655,3.5266077536440332,0,1,1
20260502,202608030311,3,0.0006103372379092154,0.008928129692207668,18.4,9,0.011230205177529562,0.16427758633662107,0,0,1
20260502,202608030311,4,0.0031757568021818453,0.04010490190577883,49.8,14,0.1581526887486559,1.9972241149077858,1,1,1
20260502,202608030311,5,0.0006413598779214562,0.009556199741232228,56.9,15,0.03649337705373086,0.5437477652761138,0,0,1
20260502,202608030311,6,0.0017937790434844302,0.014484627286205982,3.0,1,0.0053813371304532905,0.04345388185861795,0,0,1
20260502,202608030311,7,0.0002149767388691966,0.007891854905658696,16.2,7,0.0034826231696809848,0.12784804947167086,0,0,1
20260502,202608030311,8,0.0008614298240507706,0.008014359958977915,17.1,8,0.014730449991268178,0.13704555529852236,0,0,1
20260502,202608030311,9,0.0009270735545300741,0.014995462735882833,7.3,4,0.006767636948069541,0.10946687797194468,0,0,1
20260502,202608030311,10,0.0003128205605974339,0.004526291996096697,7.8,5,0.0024400003726599844,0.03530507756955424,0,0,1
20260502,202608030311,11,0.009409453932933853,0.060277241047848415,26.7,11,0.2512324200093339,1.6094023359775527,0,1,1
20260502,202608030311,12,0.000331655338864079,0.004542937501226959,22.7,10,0.007528576192214593,0.10312468127785196,0,0,1
20260502,202608030312,1,0.21426328416786047,0.5516568387507255,13.7,6,2.9354069930996882,7.557698690884939,0,1,0
20260502,202608030312,2,0.0011456645446844384,0.015011741120330631,23.1,10,0.02646485098221053,0.3467712198796376,0,0,0
20260502,202608030312,3,0.00039566966793153855,0.003729486413043477,76.1,14,0.03011046172959008,0.2838139160326086,0,0,0
20260502,202608030312,4,0.0030810980459614616,0.024583530190968157,4.1,2,0.012632501988441992,0.10079247378296943,0,1,0
20260502,202608030312,5,0.005050918869880672,0.01707509527208909,14.2,7,0.07172304795230554,0.24246635286366505,0,1,0
20260502,202608030312,6,0.0024104885023307388,0.010865919479910486,11.8,4,0.02844376432750272,0.12821784986294374,0,0,0
20260502,202608030312,7,0.003612589020438725,0.020394765894009837,30.6,12,0.11054522402542499,0.6240798363567011,0,0,0
20260502,202608030312,8,0.000576016643928283,0.0057897722225404916,13.0,5,0.007488216371067679,0.07526703889302638,0,0,0
20260502,202608030312,9,0.0036001710437017003,0.013864303208458066,64.3,13,0.23149099811001933,0.8914746963038537,0,0,0
20260502,202608030312,10,0.00018943896770967286,0.0021186558836397127,28.3,11,0.0053611227861837425,0.059957961507003874,0,0,0
20260503,202604010201,1,0.0606441695133483,0.3003979256977985,29.1,10,1.7647453328384355,8.741579637805936,0,1,0
20260503,202604010201,2,8.465434697604377e-05,0.0005775111122556484,33.9,11,0.002869782362487884,0.01957762670546648,0,0,0
20260503,202604010201,3,0.00011533858548006224,0.001288280891686675,3.6,2,0.0004152189077282241,0.00463781121007203,0,0,0
20260503,202604010201,4,0.0003556598121448904,0.0034972480279379416,36.5,13,0.012981583143288499,0.12764955301973488,0,0,0
20260503,202604010201,5,8.530124462660972e-05,0.0014792913408961845,5.0,3,0.0004265062231330486,0.007396456704480922,0,0,0
20260503,202604010201,6,0.0006607469805772429,0.004296866450550101,6.5,4,0.004294855373752079,0.027929631928575654,0,0,0
20260503,202604010201,7,0.00020570900998080716,0.0022757661278713153,23.1,6,0.0047518781305566455,0.052570197553827386,0,0,0
20260503,202604010201,8,0.00014935447990024057,0.001568749651505349,59.3,14,0.008856720658084264,0.09302685433426719,0,0,0
20260503,202604010201,9,0.00017107196549825547,0.0020273406096982514,23.4,7,0.004003083992659178,0.04743977026693908,0,0,0
20260503,202604010201,10,0.0007724786549954254,0.0026560575949794007,25.1,8,0.01938921424038518,0.06666704563398296,0,1,0
20260503,202604010201,11,0.0001497864504705075,0.0013160625550816694,26.6,9,0.003984319582515499,0.03500726396517241,0,0,0
20260503,202604010201,12,0.0003070032442200816,0.001993753028880672,3.1,1,0.0009517100570822529,0.006180634389530084,0,0,0
20260503,202604010201,13,0.0011051061297557242,0.00711082312943111,36.3,12,0.04011535251013278,0.2581228795983493,0,0,0
20260503,202604010201,14,0.0006759522464478621,0.00291130923999777,9.1,5,0.006151165442675545,0.026492914083979704,0,0,0
20260503,202604010201,15,0.0011752648398015418,0.003754169729972962,45.7,15,0.05370960317893046,0.1715655566597644,0,0,0
20260503,202604010201,16,0.00020152293864372084,0.002979484520102762,44.3,12,0.008927466181916833,0.13199116424055235,0,1,0
20260503,202604010202,1,0.002380996114623635,0.01698049038280614,55.5,11,0.13214528436161174,0.9424172162457407,0,0,1
20260503,202604010202,2,0.0001426209969631545,0.0008801234870044718,72.9,12,0.010397070678613963,0.064161002202626,0,0,1
20260503,202604010202,3,0.0008175866170211897,0.00868194048247666,20.9,7,0.017087560295742862,0.18145255608376218,0,0,1
20260503,202604010202,4,0.00014080559888070488,0.0014182494972645218,79.0,13,0.011123642311575685,0.11204171028389721,0,0,1
20260503,202604010202,5,0.009726246857702852,0.020905208127249567,28.5,9,0.2771980354445313,0.5957984316266126,0,0,1
20260503,202604010202,6,0.01084200494705386,0.03083660781413376,2.5,1,0.02710501236763465,0.0770915195353344,0,0,1
20260503,202604010202,7,0.02484899185389957,0.19241078896953343,6.6,3,0.16400334623573715,1.2699112071989205,0,0,1
20260503,202604010202,8,0.0009816182035016871,0.009920032702338278,97.6,14,0.09580593666176467,0.9681951917482159,0,0,1
20260503,202604010202,9,0.00034132185894012563,0.004425969514221724,7.4,4,0.00252578175615693,0.03275217440524076,0,0,1
20260503,202604010202,10,0.05015824547471584,0.20535311137950787,145.3,15,7.287993067476212,29.837807083442495,0,1,1
20260503,202604010202,11,0.00101833632376178,0.0023267954992697987,4.1,2,0.004175178927423298,0.009539861547006173,0,0,1
20260503,202604010202,12,0.0012909514475652497,0.00769890720735761,21.8,8,0.028142741556922445,0.1678361771203959,0,1,1
20260503,202604010202,13,0.0012645036956505946,0.01126327421793565,30.5,10,0.03856736271734314,0.34352986364703736,1,1,1
20260503,202604010202,14,0.00014467489628115904,0.0011616046934657342,7.9,5,0.0011429316806211565,0.0091766770783793,0,0,1
20260503,202604010202,15,0.000299634145828209,0.0026911154705580396,11.7,6,0.003505719506190045,0.031486051005529064,0,0,1
20260503,202604010203,1,0.0009951564444835431,0.01938554756706786,84.8,14,0.08438926649220446,1.6438944336873547,0,0,0
20260503,202604010203,2,0.008986134253869824,0.1711725670752865,7.8,4,0.07009184718018463,1.3351460231872347,0,0,0
20260503,202604010203,3,0.0016715954649348201,0.017364709603464742,3.6,2,0.006017743673765352,0.06251295457247308,0,1,0
20260503,202604010203,4,0.0012539726625100608,0.012641644731815501,13.2,5,0.0165524391451328,0.1668697104599646,0,0,0
20260503,202604010203,5,0.0013398920435472666,0.00939020486715003,17.0,7,0.02277816474030353,0.1596334827415505,0,0,0
20260503,202604010203,6,0.0026078692788410562,0.02443286843411847,17.5,8,0.04563771237971848,0.42757519759707324,0,1,0
20260503,202604010203,7,0.00015565913817632327,0.004034684378211504,2.8,1,0.0004358455868937051,0.01129711625899221,0,0,0
20260503,202604010203,8,0.00017222942525284691,0.0008762740113763208,6.5,3,0.001119491264143505,0.005695781073946085,0,0,0
20260503,202604010203,9,0.00010112979207494863,0.0011913707101240305,43.5,12,0.004399145955260265,0.051824625890395326,0,0,0
20260503,202604010203,10,0.00014322733600647606,0.00196837825643472,91.3,15,0.013076655777391264,0.17971293481248993,0,0,0
20260503,202604010203,11,0.0013993354749283046,0.026574093071259353,18.8,9,0.02630750692865213,0.49959294973967583,0,0,0
20260503,202604010203,12,0.001307903432331943,0.028279785083946997,32.9,11,0.04303002292372093,0.9304049292618561,0,0,0
20260503,202604010203,13,0.00262890870155442,0.01756753284990629,80.8,13,0.21241582308559714,1.4194566542724283,0,0,0
20260503,202604010203,14,0.0001341944555556858,0.005575953528666939,15.9,6,0.0021336918433354046,0.08865766110580434,0,1,0
20260503,202604010205,1,0.0441701171018133,0.41664055260777205,48.9,12,2.1599187262786703,20.373723022520053,0,0,0
20260503,202604010205,2,0.0006692883665721363,0.005788316189830608,92.4,13,0.0618422450712654,0.5348404159403481,0,0,0
20260503,202604010205,3,0.0022326900299929277,0.017390422030114257,8.5,4,0.018977865254939885,0.1478185872559712,0,0,0
20260503,202604010205,4,0.0004678568535106301,0.005252080958798213,19.2,8,0.008982851587404098,0.10083995440892568,0,0,0
20260503,202604010205,5,0.000831377917456007,0.004078640579342957,6.9,3,0.005736507630446449,0.028142619997466405,0,1,0
20260503,202604010205,6,0.0029876180127913605,0.011704168986413304,18.2,7,0.054374647832802755,0.21301587555272214,0,0,0
20260503,202604010205,7,0.0009028190442087262,0.0032863619688323414,19.9,9,0.01796609897975365,0.06539860317976359,0,0,0
20260503,202604010205,8,0.00013686104130503717,0.001831375288065037,27.2,10,0.0037226203234970107,0.04981340783536901,0,0,0
20260503,202604010205,9,0.0005894124379386505,0.0050463462673540245,2.9,1,0.0017092960700220863,0.01463440417532667,0,1,0
20260503,202604010205,10,0.00022134663446173866,0.0020360410887831876,92.4,14,0.020452429024264654,0.18813019660356653,0,0,0
20260503,202604010205,11,0.00014661801905490246,0.0031631550933881834,9.5,5,0.0013928711810215733,0.03004997338718774,0,1,0
20260503,202604010205,12,0.0009551129388609328,0.004714985948117959,12.6,6,0.012034423029647754,0.05940882294628628,0,0,0
20260503,202604010205,13,0.00029758390578112743,0.004165570069231684,3.5,2,0.001041543670233946,0.014579495242310895,0,0,0
20260503,202604010205,14,0.00018117929125706822,0.0037780640030769704,140.6,16,0.025473808350743792,0.531195798832622,0,0,0
20260503,202604010206,1,0.010104396019919488,0.10626332795544778,30.6,12,0.30919451820953636,3.2516578354367023,0,0,1
20260503,202604010206,2,0.0008047127081247413,0.008261754289623956,28.3,11,0.02277336963993018,0.23380764639635798,0,0,1
20260503,202604010206,3,0.0007530582756129534,0.006257760792282372,4.2,1,0.0031628447575744044,0.026282595327585964,0,1,1
20260503,202604010206,4,0.002232379166837722,0.017990702802755835,42.9,14,0.09576906625733828,0.7718011502382253,0,0,1
20260503,202604010206,5,0.0015426898061674107,0.0103740274352914,12.8,7,0.019746429518942857,0.1327875511717299,0,0,1
20260503,202604010206,6,0.00030304306738924817,0.005475848273206809,36.2,13,0.010970159039490784,0.1982257074900865,0,0,1
20260503,202604010206,7,0.0002894952437813876,0.006128397482096265,46.6,15,0.013490478360212664,0.2855833226656859,0,0,1
20260503,202604010206,8,0.0004820051238796134,0.0070587836086720614,47.7,16,0.02299164440905756,0.3367039781336574,0,1,1
20260503,202604010206,9,0.0003486313443872158,0.007353969329666211,8.3,5,0.0028936401584138917,0.061037945436229556,0,0,1
20260503,202604010206,10,0.001343637964274044,0.012859028497297885,13.6,9,0.018273476314127,0.17488278756325124,1,1,1
20260503,202604010206,11,0.0038822697530330446,0.02692475040165121,7.0,3,0.02717588827123131,0.18847325281155847,0,0,1
20260503,202604010206,12,0.0004263648728765662,0.006481355837206547,8.6,6,0.0036667379067384692,0.0557396601999763,0,0,1
20260503,202604010206,13,0.00039890225260782916,0.007339880271527237,17.0,10,0.006781338294333096,0.12477796461596304,0,0,1
20260503,202604010207,1,0.08897419396762182,0.36584966777196504,47.9,15,4.261863891049085,17.524199086277125,1,1,1
20260503,202604010207,2,0.0006359203606888059,0.006893113611654568,37.5,13,0.02384701352583022,0.2584917604370463,0,0,1
20260503,202604010207,3,0.0004886956267862093,0.004655912365209957,12.9,7,0.006304173585542101,0.060061269511208444,0,0,1
20260503,202604010207,4,0.00402556568970905,0.01575992183791762,26.8,11,0.10788516048420255,0.4223659052561922,0,0,1
20260503,202604010207,5,0.0012489429496025484,0.009318731198737402,6.5,5,0.008118129172416564,0.06057175279179311,0,0,1
20260503,202604010207,6,0.00024907472690600426,0.0015284914026912283,14.5,8,0.0036115835401370616,0.022163125339022812,0,0,1
20260503,202604010207,7,0.003788340842739667,0.023350002685094195,37.2,12,0.1409262793499156,0.8686200998855041,0,0,1
20260503,202604010207,8,0.00018416615724858426,0.0036861487725870644,10.6,6,0.0019521612668349931,0.03907317698942288,0,0,1
20260503,202604010207,9,0.0009885654874467915,0.015691841227905394,25.7,10,0.02540613302738254,0.4032803195571686,0,1,1
20260503,202604010207,10,0.0005655074074828921,0.008506322942939714,22.8,9,0.01289356889060994,0.19394416309902549,0,0,1
20260503,202604010207,11,0.001890891968064536,0.01119253553185779,5.6,2,0.010588995021161401,0.06267819897840363,0,1,1
20260503,202604010207,12,0.00052632459182359,0.00917146674696135,5.6,3,0.002947417714212104,0.051360213782983555,0,0,1
20260503,202604010207,13,0.013360190507715884,0.057862394719061974,47.5,14,0.6346090491165045,2.7484637491554436,0,0,1
20260503,202604010207,14,0.0004793847894760078,0.004918649246590521,4.5,1,0.0021572315526420353,0.022133921609657346,0,0,1
20260503,202604010207,15,0.001103934913453102,0.018331529790000575,6.1,4,0.006734002972063922,0.11182233171900349,0,0,1
20260503,202604010207,16,0.00043312050465008447,0.006480582268028223,66.6,16,0.028845825609695622,0.4316067790506796,0,0,1
20260503,202604010208,1,0.026563744697530773,0.13962236948985343,62.4,13,1.6575776691259203,8.712435856166854,0,0,1
20260503,202604010208,2,0.0003073600644511949,0.003768624486662904,8.0,3,0.002458880515609559,0.03014899589330323,0,0,1
20260503,202604010208,3,0.0035289661807083273,0.03370539185311768,17.1,7,0.060345321690112405,0.5763622006883125,0,0,1
20260503,202604010208,4,0.0004385231587258882,0.0032608217602021782,15.3,6,0.00670940432850609,0.04989057293109333,1,1,1
20260503,202604010208,5,0.0008497620715502803,0.008458289385253028,33.4,11,0.028382053189779363,0.28250686546745113,0,1,1
20260503,202604010208,6,0.0050898213731910445,0.019946084365202843,8.2,4,0.04173653526016656,0.1635578917946633,0,1,1
20260503,202604010208,7,0.0024583541750977864,0.010106199215353912,9.1,5,0.022371022993389854,0.0919664128597206,0,0,1
20260503,202604010208,8,0.0004123592411539361,0.004605539413125636,42.7,12,0.017607739597273072,0.19665653294046467,0,0,1
20260503,202604010208,9,0.0010404892152272834,0.005153123355482213,22.1,9,0.022994811656522965,0.11388402615615692,0,0,1
20260503,202604010208,10,0.00020292640244300115,0.004015398927695041,32.6,10,0.006615400719641838,0.13090200504285834,0,0,1
20260503,202604010208,11,0.0003476383794609039,0.0021712002866568643,2.4,1,0.0008343321107061693,0.005210880687976475,0,0,1
20260503,202604010208,12,0.00017528746569334163,0.0018884124402425795,3.8,2,0.0006660923696346981,0.007175967272921802,0,0,1
20260503,202604010209,1,0.020721209696579496,0.12019676447048919,13.3,6,0.2755920889645073,1.5986169674575064,0,0,1
20260503,202604010209,2,0.0003700781055305898,0.005578216650972678,2.8,1,0.0010362186954856513,0.015619006622723497,0,0,1
20260503,202604010209,3,0.0017855219619730984,0.022738294667020816,4.1,3,0.007320640044089703,0.09322700813478534,0,1,1
20260503,202604010209,4,0.0022097059598076563,0.020435775177958908,21.0,7,0.04640382515596078,0.42915127873713704,1,1,1
20260503,202604010209,5,0.0004908485846400732,0.008611035149047364,21.7,8,0.010651414286689588,0.1868594627343278,0,0,1
20260503,202604010209,6,0.0003800924646994338,0.004233072098099866,8.9,4,0.0033828229358249607,0.03767434167308881,0,0,1
20260503,202604010209,7,0.0003357253651374392,0.005293085753357144,9.2,5,0.0030886733592644404,0.04869638893088572,0,0,1
20260503,202604010209,8,0.0034371690065227957,0.04421578616738756,3.1,2,0.010655223920220667,0.13706893711890145,0,1,1
20260503,202604010209,9,0.0005027085785060171,0.0038993942350137112,42.8,10,0.02151592716005753,0.16689407325858682,0,0,1
20260503,202604010209,10,0.0005441587172971566,0.003975550601295369,38.2,9,0.02078686300075138,0.15186603296948312,0,0,1
20260503,202604010209,11,0.002190734499146058,0.00939638769318649,3.7,1,0.008105717646840415,0.03476663446479002,0,0,1
20260503,202604010209,12,0.0015688799216391563,0.02329961115430629,18.5,9,0.02902427855032439,0.4310428063546664,0,0,1
20260503,202604010211,1,0.10245764901303693,0.32524198559992784,46.6,14,4.774526444007521,15.156276528956639,0,0,0
20260503,202604010211,2,0.007840701869592147,0.0329447134927068,7.9,3,0.061941544769777965,0.2602632365923837,0,0,0
20260503,202604010211,3,0.022291136266164125,0.09745618655800345,5.0,2,0.11145568133082062,0.4872809327900173,0,1,0
20260503,202604010211,4,0.005040717277252317,0.04569026688261835,9.0,5,0.04536645549527085,0.4112124019435651,0,1,0
20260503,202604010211,5,0.002771862857674818,0.007752628103564899,12.4,7,0.034371099435167744,0.09613258848420475,0,0,0
20260503,202604010211,6,0.0009949136549081028,0.006363777599614293,4.2,1,0.004178637350614032,0.02672786591838003,0,0,0
20260503,202604010211,7,0.00273885958348308,0.03229329296811598,8.2,4,0.022458648584561255,0.264805002338551,0,0,0
20260503,202604010211,8,0.001983747285503544,0.009522366101074854,11.8,6,0.02340821796894182,0.11236391999268329,0,0,0
20260503,202604010211,9,0.0034131161656797125,0.024194402010011783,22.4,12,0.07645380211122556,0.541954605024264,0,0,0
20260503,202604010211,10,0.009498850996662022,0.038375722701868516,16.0,9,0.15198161594659235,0.6140115632298963,0,1,0
20260503,202604010211,11,0.0040021997331933755,0.031426001431559755,17.4,10,0.06963827535756473,0.5468124249091397,0,0,0
20260503,202604010211,12,0.0014934969869810526,0.028424979304025846,13.9,8,0.020759608119036634,0.39510721232595925,0,0,0
20260503,202604010211,13,0.0009786436279992997,0.010636799566415247,30.7,13,0.0300443593795785,0.3265497466889481,0,0,0
20260503,202604010211,14,0.001055197266656606,0.008932269244687686,50.3,15,0.05307642251282728,0.4492931430077906,0,0,0
20260503,202604010211,15,0.02752394443470574,0.12764563093573186,18.3,11,0.5036881831551151,2.335915046123893,0,0,0
20260503,202604010212,1,0.005085982690094717,0.06343267060252397,16.3,7,0.08290151784854388,1.0339525308211408,0,0,1
20260503,202604010212,2,0.0003764430478354952,0.005125622464915683,6.1,3,0.0022963025917965203,0.031266297035985664,0,0,1
20260503,202604010212,3,0.08225219463077277,0.21318615159813364,22.6,10,1.8588995986554646,4.8180070261178205,1,1,1
20260503,202604010212,4,0.0025664368265359496,0.04086700190487582,13.2,6,0.033876966110274534,0.5394444251443608,0,1,1
20260503,202604010212,5,0.019571430776872203,0.07621340431141761,47.4,16,0.9276858188237423,3.6125153643611947,0,0,1
20260503,202604010212,6,0.0030225938994001248,0.01775065232373926,20.9,8,0.0631722124974626,0.3709886335661505,0,0,1
20260503,202604010212,7,0.0034920148287788757,0.0614646770158192,37.5,15,0.13095055607920783,2.30492538809322,0,0,1
20260503,202604010212,8,0.0019021722272487577,0.012388883829183624,21.5,9,0.04089670288584829,0.2663610023274479,0,0,1
20260503,202604010212,9,0.001592105652444361,0.029536391419218672,9.3,5,0.01480658256773256,0.2746884401987337,0,0,1
20260503,202604010212,10,0.13047587346047995,0.2534674655107853,3.6,1,0.4697131444577278,0.9124828758388271,0,1,1
20260503,202604010212,11,0.002507296229524952,0.021452721792014535,24.4,11,0.06117802800040883,0.5234464117251546,0,0,1
20260503,202604010212,12,0.0009226437630548281,0.007252456003208504,28.7,13,0.026479875999673566,0.20814548729208404,0,0,1
20260503,202604010212,13,0.0016063683017672596,0.011769658243757943,6.0,2,0.009638209810603558,0.07061794946254765,0,0,1
20260503,202604010212,14,0.0005684935435032729,0.003966164852466481,30.4,14,0.017282203722499494,0.12057141151498103,0,0,1
20260503,202604010212,15,0.0002992146964956213,0.0050489992976867895,27.0,12,0.008078796805381774,0.1363229810375433,0,0,1
20260503,202605020401,1,0.010260749208205409,0.08811128690572836,5.0,3,0.05130374604102705,0.4405564345286418,0,0,1
20260503,202605020401,2,0.003220085225303132,0.02809414640355641,145.3,15,0.4678783832365451,4.082079472436747,0,0,1
20260503,202605020401,3,0.0016617343938107661,0.006884155092016481,86.7,14,0.14407237194339342,0.5968562464778289,0,1,1
20260503,202605020401,4,0.009808215711683362,0.03728610491737241,25.0,9,0.24520539279208406,0.9321526229343102,0,1,1
20260503,202605020401,5,0.0010091986072769323,0.005288061687492958,22.2,7,0.022404209081547895,0.11739496946234365,0,0,1
20260503,202605020401,6,0.0008775091529233558,0.006017533857457543,71.8,13,0.06300515717989694,0.43205893096545156,0,0,1
20260503,202605020401,7,0.0033508849617581923,0.012148219230170117,38.0,11,0.1273336285468113,0.4616323307464645,0,0,1
20260503,202605020401,8,0.00024986239519417995,0.003025130938102204,12.2,4,0.0030483212213689953,0.03690659744484689,0,0,1
20260503,202605020401,9,0.0015958352094975446,0.010473832240891412,2.7,1,0.004308755065643371,0.028279347050406814,0,0,1
20260503,202605020401,10,0.0016809925609442692,0.01660479660469736,24.5,8,0.041184317743134594,0.4068175168150853,0,0,1
20260503,202605020401,11,0.0005258319176111378,0.008996624808553476,21.9,6,0.011515718995683918,0.1970260833073211,0,0,1
20260503,202605020401,12,0.0035575806823962292,0.06396944750155721,3.2,2,0.011384258183667935,0.20470223200498308,0,0,1
20260503,202605020401,13,0.043700369944637996,0.1614069299069019,165.1,16,7.214931077859733,26.648284127629502,1,1,1
20260503,202605020401,14,0.0007890566265567127,0.006337953161522975,26.5,10,0.020910000603752886,0.16795575878035884,0,0,1
20260503,202605020401,15,0.009696330985038385,0.03998360690648921,14.3,5,0.13865753308604892,0.5717655787627957,0,0,1
20260503,202605020402,1,0.0021518660631796144,0.01986031008752582,30.8,9,0.06627747474593212,0.6116975506957952,0,0,1
20260503,202605020402,2,0.0003801085526755631,0.011083589714035839,17.4,7,0.006613888816554798,0.19285446102422357,0,0,1
20260503,202605020402,3,0.00028987197457880137,0.004568936318807944,38.9,10,0.011276019811115373,0.177731622801629,0,0,1
20260503,202605020402,4,0.006791977063597208,0.03191475724035046,3.8,2,0.025809512841669387,0.12127607751333173,0,0,1
20260503,202605020402,5,0.0472641962237883,0.26774682486682727,93.4,14,4.414475927301828,25.00755344256167,1,1,1
20260503,202605020402,6,0.003335710259575845,0.015005007165616977,24.2,8,0.08072418828173546,0.3631211734079308,0,0,1
20260503,202605020402,7,0.009495156138683748,0.16990437670273467,2.7,1,0.025636921574446123,0.45874181709738365,0,1,1
20260503,202605020402,8,0.003197920192243525,0.030788164420154127,105.8,15,0.3383399563393649,3.2573877956523063,0,0,1
20260503,202605020402,9,0.00019814081684563098,0.0011799662813866247,11.5,5,0.0022786193937247563,0.013569612235946184,0,0,1
20260503,202605020402,10,0.009981081921995866,0.050910685700884785,15.4,6,0.15370866159873633,0.7840245597936257,0,0,1
20260503,202605020402,11,0.0051123197174658035,0.04967273903134577,47.9,11,0.24488011446661198,2.379324199601462,0,0,1
20260503,202605020402,12,0.026940506166097056,0.15979061112760923,52.5,13,1.4143765737200955,8.389007084199484,0,0,1
20260503,202605020402,13,0.0013335290606097771,0.009897069912176171,5.0,3,0.006667645303048886,0.049485349560880854,0,1,1
20260503,202605020402,14,0.007915764001366258,0.10908053187888703,117.0,16,0.9261443881598522,12.762422229829783,0,0,1
20260503,202605020402,15,0.0068948940792409605,0.041207849113356856,50.6,12,0.34888164040959263,2.085117165135857,0,0,1
20260503,202605020402,16,0.00029167114635349895,0.0008687311809222298,8.6,4,0.002508371858640091,0.007471088155931176,0,0,1
20260503,202605020403,1,0.0016787378726245336,0.020814806439829355,27.4,8,0.04599741770991222,0.5703256964513242,0,0,1
20260503,202605020403,2,0.005457952553508782,0.024194590779731018,4.2,3,0.022923400724736885,0.10161728127487028,0,0,1
20260503,202605020403,3,0.0002973220237206627,0.0030159771628999617,5.5,4,0.0016352711304636447,0.01658787439594979,0,0,1
20260503,202605020403,4,0.000941712611721631,0.008503962906369776,13.2,5,0.012430606474725528,0.11225231036408104,0,0,1
20260503,202605020403,5,0.000260363103547114,0.00276037304854336,34.5,10,0.008982527072375434,0.09523287017474591,0,0,1
20260503,202605020403,6,0.006615044224583169,0.1512313274917114,19.7,6,0.13031637122428844,2.9792571515867143,0,1,1
20260503,202605020403,7,0.0004972978554047103,0.006966986901471727,69.8,12,0.034711390307248784,0.4862956857227265,0,0,1
20260503,202605020403,8,0.0195545216384422,0.2014950968301981,33.7,9,0.6589873792155022,6.790384763177676,0,1,1
20260503,202605020403,9,0.004462969267626608,0.03474278028661701,3.9,2,0.01740558014374377,0.13549684311780633,0,0,1
20260503,202605020403,10,0.01740516744143249,0.10663806068565805,75.7,13,1.3175711753164396,8.072501193904316,0,0,1
20260503,202605020403,11,0.0007482122909999858,0.020091493200497856,66.1,11,0.04945683243509905,1.328047700552908,0,0,1
20260503,202605020403,12,0.041090609381051316,0.15662067862744375,85.2,14,3.5009199192655722,13.344081819058207,1,1,1
20260503,202605020404,1,0.0013410456333914063,0.015359836116505318,17.2,8,0.023065984894332186,0.26418918120389145,0,1,0
20260503,202605020404,2,0.0005934574391744468,0.006556172052610101,117.2,14,0.06955321187124518,0.7683833645659038,0,1,0
20260503,202605020404,3,0.005358266479790578,0.010365351874775821,61.5,12,0.32953338850712055,0.637469140298713,0,0,0
20260503,202605020404,4,0.0006246475842876924,0.0036957371413676777,7.0,4,0.004372533090013847,0.025870159989573743,0,0,0
20260503,202605020404,5,0.00032695644986802997,0.0040745723325968505,44.9,11,0.014680344599074545,0.18294829773359858,0,0,0
20260503,202605020404,6,0.0018453660891702892,0.01573101566332519,44.2,10,0.08156518114132678,0.6953108923189735,0,0,0
20260503,202605020404,7,0.0032867155088527307,0.008355153232922059,4.1,2,0.013475533586296195,0.034256128254980436,0,0,0
20260503,202605020404,8,0.002637773322620255,0.00991063354886394,153.8,15,0.40568953701899524,1.5242554398152741,0,0,0
20260503,202605020404,9,0.004552976118152335,0.02111825960232848,12.3,6,0.05600160625327373,0.2597545931086403,0,0,0
20260503,202605020404,10,6.025258563953039e-05,0.0005280742985135383,189.6,16,0.011423890237254961,0.10012288699816686,0,0,0
20260503,202605020404,11,0.000993275699463619,0.008072507011364354,94.1,13,0.09346724331952655,0.7596229097693856,0,0,0
20260503,202605020404,12,0.00022931785019946756,0.002468372269477664,14.4,7,0.003302177042872333,0.035544560680478364,0,0,0
20260503,202605020404,13,0.0005357898003506289,0.008498850736590506,5.6,3,0.0030004228819635217,0.04759356412490683,0,0,0
20260503,202605020404,14,0.00022026816910779884,0.0021537665583309194,3.3,1,0.0007268849580557361,0.007107429642492034,0,0,0
20260503,202605020404,15,0.0007528600105514675,0.0041786241076934155,7.0,5,0.005270020073860272,0.02925036875385391,0,0,0
20260503,202605020404,16,8.719431970484065e-05,0.001581982721745588,19.9,9,0.001735166962126329,0.0314814561627372,0,0,0
20260503,202605020404,17,0.001673292648243084,0.0162913161920006,18.5,11,0.030955913992497055,0.3013893495520111,0,1,0
20260503,202605020404,18,0.0009830530519075015,0.006298461574657921,16.0,8,0.015728848830520024,0.10077538519452674,0,0,0
20260503,202605020405,1,0.0890146260824497,0.08964110698502792,2.5,1,0.22253656520612425,0.2241027674625698,1,1,1
20260503,202605020405,2,0.001857883308827366,0.018745132398782807,28.9,8,0.05369282762511088,0.5417343263248231,0,0,1
20260503,202605020405,3,0.00013151035245020657,0.002130035715897033,5.0,2,0.0006575517622510328,0.010650178579485164,0,0,1
20260503,202605020405,4,0.000895010168958877,0.012892661321779224,6.3,5,0.005638564064440924,0.08122376632720911,0,1,1
20260503,202605020405,5,0.0012623232516078432,0.013956285740227442,5.6,4,0.0070690102090039215,0.07815520014527368,0,0,1
20260503,202605020405,6,7.610518497224456e-05,0.0015160936047220104,9.0,6,0.000684946664750201,0.013644842442498093,0,1,1
20260503,202605020405,7,8.511397200012135e-05,0.0006037000259239588,41.9,9,0.0035662754268050846,0.025295031086213872,0,0,1
20260503,202605020405,8,0.00019929538837306016,0.003257570509294294,46.4,10,0.009247306020509992,0.15115127163125522,0,0,1
20260503,202605020405,9,0.0018177453733119087,0.016063144245093915,57.4,11,0.10433858442810355,0.9220244796683907,0,0,1
20260503,202605020405,10,0.0017148750804982732,0.019009165838947538,23.5,7,0.04029956439170942,0.44671539721526715,0,0,1
20260503,202605020405,11,0.00041190745379576473,0.004810023671181733,5.3,3,0.002183109505117553,0.02549312545726318,0,0,1
20260503,202605020405,12,5.0367264061851175e-05,0.0013294126651730292,36.8,11,0.001853515317476123,0.04892238607836747,0,0,1
20260503,202605020405,13,0.0002859161983831057,0.0019456171960890042,133.8,17,0.038255587343659546,0.26032358083670876,0,0,1
20260503,202605020405,14,0.0004367924130345637,0.004710974596676894,112.5,15,0.049139146466388416,0.5299846421261506,0,0,1
20260503,202605020405,15,0.00013430391432064622,0.003560360514471393,7.1,5,0.0009535577916765881,0.025278559652746887,0,0,1
20260503,202605020406,1,0.006261060509727655,0.039867147687695496,14.2,6,0.08890705923813269,0.566113497165276,0,0,0
20260503,202605020406,2,0.0031595328394856854,0.027582883859968692,15.6,8,0.04928871229597669,0.4302929882155116,0,0,0
20260503,202605020406,3,0.0011554389161065148,0.016169413197729313,8.7,5,0.010052318570126678,0.140673894820245,0,0,0
20260503,202605020406,4,0.000691522321136799,0.00913399405064714,7.4,4,0.005117265176412313,0.06759155597478884,0,0,0
20260503,202605020406,5,0.00016842531948262678,0.004275868096937555,66.5,13,0.011200283745594682,0.2843452284463474,0,0,0
20260503,202605020406,6,0.001664250653165347,0.019875802292682796,4.6,3,0.007655553004560596,0.09142869054634085,0,0,0
20260503,202605020406,7,0.0052948938170824765,0.044396326024800564,33.7,11,0.17843792163567948,1.4961561870357791,0,1,0
20260503,202605020406,8,0.046520334407390895,0.27225259557053155,3.5,1,0.16282117042586813,0.9528840844968605,0,0,0
20260503,202605020406,9,0.0013471395729776165,0.02194526537060067,3.6,2,0.00484970246271942,0.07900295533416242,0,0,0
20260503,202605020406,10,0.0021329559141593304,0.01689198357328774,29.7,10,0.06334879065053212,0.5016919121266459,0,0,0
20260503,202605020406,11,0.005414302716241124,0.026972463215457234,15.5,7,0.08392169210173742,0.41807317983958714,0,1,0
20260503,202605020406,12,0.012720279930198674,0.12537442583904923,27.2,9,0.34599161410140394,3.410184382822139,0,0,0
20260503,202605020406,13,0.003848929039222267,0.020161362673575867,56.0,12,0.21554002619644697,1.1290363097202485,0,0,0
20260503,202605020406,14,0.02539536995280822,0.2957329709703163,6.6,4,0.16760944168853423,1.9518376084040876,0,0,0
20260503,202605020406,15,0.001042808794942097,0.011074686333715795,30.9,9,0.0322227917637108,0.342207807711818,0,1,0
20260503,202605020406,16,0.003331371938870408,0.03767781194047044,82.9,14,0.27617073373235684,3.123490609865,0,0,0
20260503,202605020407,1,0.0022782571933155945,0.025158140283067662,12.8,6,0.02916169207443961,0.3220241956232661,0,0,0
20260503,202605020407,2,0.0012128359246417618,0.014943366852281745,22.5,8,0.02728880830443964,0.33622575417633926,0,0,0
20260503,202605020407,3,0.0018781336778631633,0.007856660900906805,6.6,4,0.012395682273896877,0.05185396194598491,0,0,0
20260503,202605020407,4,0.0005935968872449035,0.003803278164528765,28.7,9,0.01703623066392873,0.10915408332197556,0,0,0
20260503,202605020407,5,0.0022446323634922193,0.008375929934922454,16.1,7,0.036138581052224734,0.13485247195225153,0,0,0
20260503,202605020407,6,0.0004764278349414013,0.0035586283038385783,4.4,3,0.002096282473742166,0.015657964536889744,0,0,0
20260503,202605020407,7,0.0030831395328509126,0.04597985463308838,69.7,12,0.21489482543970861,3.2047958679262605,0,1,0
20260503,202605020407,8,0.00018618090700004035,0.0017835494159025415,39.8,11,0.007410000098601605,0.07098526675292115,0,0,0
20260503,202605020407,9,0.00791214309898737,0.04445616336840327,89.3,13,0.7065543787395722,3.969935388798412,0,0,0
20260503,202605020407,10,0.009529963459173679,0.030870191836779453,30.4,10,0.2897108891588798,0.9384538318380953,0,1,0
20260503,202605020407,11,0.011229413842450596,0.03299918679784066,3.1,1,0.03481118291159685,0.10229747907330605,0,0,0
20260503,202605020407,12,0.0028958302469484546,0.022073913076274935,11.7,5,0.033881213889296914,0.25826478299241673,0,1,0
20260503,202605020407,13,0.0015580616774615787,0.015336224033616315,3.9,2,0.006076440542100157,0.05981127373110363,0,0,0
20260503,202605020407,14,0.010280018382098518,0.029129875203427243,89.3,14,0.9180056415213976,2.601297855666053,0,0,0
20260503,202605020407,15,0.0017930679854703756,0.011299338140805231,152.4,16,0.27326356098568527,1.7220191326587173,0,0,0
20260503,202605020408,1,0.03330820790938749,0.3786934254183546,53.1,15,1.7686658399884756,20.10862088971463,0,1,0
20260503,202605020408,2,0.005398763696797246,0.032739927535385106,87.7,16,0.47347157620911845,2.8712916448532737,0,0,0
20260503,202605020408,3,0.006875477631531312,0.03254013142846253,2.2,1,0.015126050789368888,0.07158828914261757,0,0,0
20260503,202605020408,4,0.009083771876170255,0.05733439519331978,22.1,9,0.20075135846336264,1.2670901337723672,0,1,0
20260503,202605020408,5,0.0011400110904453713,0.006452211102602569,20.4,8,0.02325622624508557,0.1316251064930924,0,0,0
20260503,202605020408,6,0.00037337907566027515,0.0065398936908218006,16.0,7,0.0059740652105644025,0.10463829905314881,0,0,0
20260503,202605020408,7,0.00902516532780863,0.027240913235870984,52.0,14,0.4693085970460488,1.4165274882652912,0,1,0
20260503,202605020408,8,0.004054226567655091,0.03427790895633626,32.5,11,0.13176236344879044,1.1140320410809286,0,0,0
20260503,202605020408,9,0.0017447307419968772,0.01081047264449661,43.1,13,0.0751978949800654,0.4659313709778039,0,0,0
20260503,202605020409,1,0.06551460945634192,0.18836652314604074,8.0,4,0.5241168756507354,1.506932185168326,0,0,1
20260503,202605020409,2,0.0005262655821855564,0.004500149367313737,29.2,9,0.015366954999818248,0.13140436152556112,0,0,1
20260503,202605020409,3,0.0013264130172422892,0.0059486275424811335,17.7,8,0.023477510405188518,0.10529070750191606,0,0,1
20260503,202605020409,4,0.001557451286533639,0.007290928940550962,6.1,3,0.009500452847855199,0.04447466653736087,0,0,1
20260503,202605020409,5,0.0015800826190979702,0.0068323359168825405,5.8,2,0.009164479190768227,0.03962754831791873,1,1,1
20260503,202605020409,6,0.000514202216880761,0.003427863848588668,1.9,1,0.0009769842120734458,0.006512941312318468,0,0,1
20260503,202605020409,7,0.000523521148233398,0.004666914522708937,8.5,5,0.004449929759983883,0.03966877344302597,0,1,1
20260503,202605020409,8,0.008341707225734274,0.025523174723997028,16.0,7,0.13346731561174838,0.40837079558395245,0,0,1
20260503,202605020409,9,0.0017111226765238814,0.009447185765074815,10.7,6,0.01830901263880553,0.10108488768630051,0,0,1
20260503,202605020409,10,0.001148353483679019,0.010195255478194417,3.7,1,0.004248907889612371,0.037722445269319345,0,0,1
20260503,202605020409,11,0.008151863523061619,0.02483630071902468,17.1,8,0.13939686624435368,0.42470074229532206,0,0,1
20260503,202605020409,12,0.0035477292035532757,0.018436580480600196,13.4,5,0.0475395713276139,0.24705017844004262,0,0,1
20260503,202605020409,13,0.0003907347596208441,0.0027282644757635217,34.0,11,0.013284981827108699,0.09276099217595973,0,0,1
20260503,202605020409,14,0.0003855075121474622,0.003673120418614145,83.6,18,0.03222842801552784,0.3070728669961425,0,0,1
20260503,202605020409,15,0.00223762896367215,0.012775539823342497,4.9,2,0.010964381921993536,0.06260014513437824,0,0,1
20260503,202605020409,16,0.0010532375650000173,0.0073030762912211665,35.1,13,0.03696863853150061,0.25633797782186296,0,0,1
20260503,202605020409,17,0.0024929535440189523,0.009539020644027679,7.8,4,0.019445037643347828,0.0744043610234159,0,1,1
20260503,202605020409,18,0.000672250227654678,0.003666239255906505,17.6,10,0.011831604006722334,0.0645258109039545,0,0,1
20260503,202605020410,1,0.062195377314318234,0.1562051299027456,5.9,4,0.3669527261544776,0.921610266426199,0,0,0
20260503,202605020410,2,0.0008698528149895369,0.004211392057032235,20.1,10,0.017484041581289692,0.08464898034634794,0,0,0
20260503,202605020410,3,0.0004956309789371685,0.004210198456379261,17.5,8,0.008673542131400449,0.07367847298663706,0,0,0
20260503,202605020410,4,0.0024702692534484057,0.00643798973802501,5.8,3,0.014327561670000752,0.037340340480545055,0,0,0
20260503,202605020410,5,0.004388582610131004,0.014679697745117418,5.3,2,0.02325948783369432,0.07780239804912231,0,0,0
20260503,202605020410,6,0.0005198614808702956,0.0029171864005839696,16.2,7,0.008421755990098787,0.047258419689460304,0,0,0
20260503,202605020410,7,0.0007381047597619891,0.004259781916742033,3.4,1,0.002509556183190763,0.014483258516922911,0,1,0
20260503,202605020410,8,0.002635791128209147,0.010106216148770143,30.1,11,0.07933731295909532,0.30419710607798134,0,0,0
20260503,202605020410,9,0.0015025499501824216,0.010833548986735674,19.4,9,0.029149469033538978,0.21017085034267208,0,0,0
20260503,202605020410,10,0.0017363452721799724,0.009288641987478276,7.0,6,0.012154416905259806,0.06502049391234793,0,0,0
20260503,202605020410,11,0.0008488216427929439,0.004522920489056881,6.6,5,0.00560222284243343,0.02985127522777541,0,0,0
20260503,202605020410,12,0.0005947742545715918,0.0034737627173099693,22.7,10,0.013501375578775135,0.0788544136829363,0,0,0
20260503,202605020410,13,0.0003503292023193808,0.0027316981082254003,6.4,4,0.002242106894844037,0.017482867892642563,0,0,0
20260503,202605020410,14,0.001100058530594829,0.004512921273436415,11.8,7,0.012980690661018984,0.053252471026549696,0,1,0
20260503,202605020410,15,0.0014313029942469233,0.004589591412765691,11.1,6,0.015887463236140847,0.05094446468169917,0,1,0
20260503,202605020410,16,0.0010608600463392166,0.009906712319390986,3.1,1,0.0032886661436515715,0.030710808190112057,0,0,0
20260503,202605020411,1,0.0002876992777101302,0.0020911281354982626,20.9,9,0.006012914904141721,0.04370457803191369,0,0,0
20260503,202605020411,2,0.09014316058253832,0.3417074712895,32.4,10,2.9206384028742414,11.0713220697798,0,0,0
20260503,202605020411,3,0.0005867388478673335,0.003795009608939485,49.2,16,0.02886755131507281,0.18671447275982267,0,0,0
20260503,202605020411,4,0.003264121107068225,0.0117852033033734,5.8,2,0.018931902420995704,0.06835417915956572,0,0,0
20260503,202605020411,5,0.006999769619928192,0.0240029806250972,38.7,14,0.27089108429122105,0.9289153501912617,0,0,0
20260503,202605020411,6,0.00036929185704386095,0.003194917320059288,8.7,5,0.00321283915628159,0.027795780684515804,0,0,0
20260503,202605020411,7,0.0005978297595648181,0.0047538830650752035,3.3,1,0.0019728382065638994,0.01568781411474817,0,0,0
20260503,202605020411,8,0.004725705329740879,0.029611307169265483,13.1,7,0.06190673981960551,0.38790812391737783,0,0,0
20260503,202605020411,9,0.0005745020907766729,0.005656589869687368,38.0,13,0.021831079449513572,0.21495041504811999,0,0,0
20260503,202605020411,10,0.002709059619875269,0.015043220524649856,96.2,18,0.2606115354320009,1.4471578144713162,0,1,0
20260503,202605020411,11,0.0018084933891072828,0.012775711827419925,47.6,15,0.08608428532150667,0.6081238829851884,0,0,0
20260503,202605020411,12,0.0009238954613950684,0.009282596055767223,6.5,3,0.006005320499067945,0.06033687436248695,0,1,0
20260503,202605020411,13,0.0017009495543818998,0.004699469031059185,19.0,8,0.0323180415332561,0.08928991159012452,0,1,0
20260503,202605020411,14,0.0007467206248317107,0.003924620361492727,60.4,17,0.045101925739835326,0.23704706983416068,0,0,0
20260503,202605020411,15,0.0010378373346667429,0.00844676519694945,8.5,4,0.008821617344667314,0.07179750417407033,0,0,0
20260503,202605020412,1,0.20276469022033652,0.38365729178065044,27.0,11,5.474646635949086,10.358746878077563,0,0,1
20260503,202605020412,2,0.0020724358929885677,0.027751748919847302,75.8,15,0.15709064068853343,2.1035825681244256,0,0,1
20260503,202605020412,3,0.0005539652198672967,0.004469448367190728,49.0,14,0.02714429577349754,0.2190029699923457,0,0,1
20260503,202605020412,4,0.004628025277676881,0.026379213382975632,2.5,1,0.011570063194192202,0.06594803345743908,0,0,1
20260503,202605020412,5,0.01397570046941887,0.06001428645491325,11.2,5,0.15652784525749133,0.6721600082950284,1,1,1
20260503,202605020412,6,0.0014419131917955985,0.015869462534077464,27.5,12,0.03965261277437896,0.43641021968713023,0,0,1
20260503,202605020412,7,0.0017771370902145544,0.03016843949229114,11.6,6,0.02061479024648883,0.3499538981105772,0,0,1
20260503,202605020412,8,0.000716168692889881,0.005426215461281965,14.6,7,0.010456062916192263,0.07922274573471669,0,0,1
20260503,202605020412,9,0.004869360325631188,0.022752794947865983,8.6,3,0.041876498800428215,0.19567403655164745,0,0,1
20260503,202605020412,10,0.005590406978444262,0.039858952344568085,18.5,8,0.10342252910121885,0.7373906183745096,0,1,1
20260503,202605020412,11,0.0008929150663382404,0.006807122892192458,19.7,9,0.017590426806863336,0.1341003209761914,0,0,1
20260503,202605020412,12,0.01478905950653809,0.04746625905521988,6.3,2,0.09317107489118996,0.29903743204788524,0,0,1
20260503,202605020412,13,0.002351439766354809,0.02255993598512625,93.1,16,0.2189190422476327,2.100330040215254,0,1,1
20260503,202608030401,1,0.00014970278031679364,0.0006245123261545352,91.1,16,0.0136379232868599,0.05689307291267815,0,0,0
20260503,202608030401,2,0.0021570523073626844,0.022167440384700372,16.8,6,0.0362384787636931,0.37241299846296627,0,0,0
20260503,202608030401,3,0.00022923652097653626,0.0024823482651290148,72.0,15,0.01650502951031061,0.17872907508928906,0,0,0
20260503,202608030401,5,0.00567125669372364,0.05021832261042956,2.1,1,0.011909639056819644,0.10545847748190207,0,1,0
20260503,202608030401,6,0.03513134006877724,0.11747276467014728,39.4,11,1.3841747987098232,4.628426928003803,0,0,0
20260503,202608030401,7,0.0014445755548525602,0.006958343832290696,71.4,14,0.10314269461647281,0.49682574962555576,0,0,0
20260503,202608030401,8,0.00026896419868704453,0.0028596164588917355,38.8,10,0.010435810909057326,0.11095311860499933,0,0,0
20260503,202608030401,9,0.008171519796286728,0.04232560082890251,42.2,12,0.34483813540329994,1.786140354979686,0,1,0
20260503,202608030401,10,0.009401056433496978,0.036383435710186166,14.7,5,0.13819552957240555,0.5348365049397366,0,1,0
20260503,202608030401,11,0.0016177605747303093,0.007427817315846847,35.0,9,0.05662162011556083,0.25997360605463965,0,0,0
20260503,202608030401,12,0.0007798779779463699,0.0066851542823889816,49.8,13,0.03883792330172922,0.33292068326297125,0,0,0
20260503,202608030401,13,0.018714256849415422,0.1180072119299129,5.5,2,0.10292841267178482,0.649039665614521,0,0,0
20260503,202608030401,14,0.0035162026237686643,0.014053857465045918,31.3,8,0.1100571421239592,0.4398857386559372,0,0,0
20260503,202608030401,15,0.0009156912589442525,0.01188550806778718,7.7,4,0.007050822693870745,0.09151841212196128,0,0,0
20260503,202608030401,16,0.004552561315756237,0.022199625644238555,5.5,3,0.025039087236659305,0.12209794104331205,0,0,0
20260503,202608030402,1,0.0006335395563659469,0.002803369580370356,28.2,8,0.017865815489519703,0.07905502216644404,0,0,0
20260503,202608030402,2,0.02666283167995566,0.29222371567802163,50.6,13,1.3491392830057565,14.786520013307895,0,0,0
20260503,202608030402,3,0.00030874408681391306,0.004826642726539801,43.6,11,0.01346124218508661,0.21044162287713533,0,0,0
20260503,202608030402,4,0.003031297702521369,0.021278905079125488,5.4,4,0.016369007593615394,0.11490608742727765,0,1,0
20260503,202608030402,5,0.0006780432954042976,0.008139014632710169,30.4,9,0.020612516180290648,0.24742604483438912,0,0,0
20260503,202608030402,6,0.0005844113237075246,0.0043810116432506565,34.9,10,0.02039595519739261,0.1528973063494479,0,0,0
20260503,202608030402,7,0.000783011251164629,0.010478680935634432,47.9,12,0.03750623893078573,0.5019288168168893,0,0,0
20260503,202608030402,8,0.00020404286295383074,0.0032244769767867105,76.7,14,0.01565008758855882,0.2473173841195407,0,0,0
20260503,202608030402,9,0.0021977847490536402,0.014661849102269208,7.7,5,0.01692294256771303,0.1128962380874729,0,1,0
20260503,202608030402,10,0.0011229515942375974,0.005565575025408491,3.3,1,0.003705740260984071,0.018366397583848018,0,0,0
20260503,202608030402,11,0.0010562971867527139,0.010100038523822475,4.7,3,0.004964596777737755,0.047470181061965634,0,0,0
20260503,202608030402,12,0.00048057481511042474,0.00810843886269677,131.7,15,0.06329170315004293,1.0678813982171647,0,1,0
20260503,202608030403,1,0.002710431112905853,0.0074435558119237445,19.7,9,0.05339549292424531,0.14663804949489775,0,0,0
20260503,202608030403,2,0.002960072035071038,0.009129459112890273,3.2,1,0.009472230512227321,0.029214269161248876,0,0,0
20260503,202608030403,3,0.0005420590160259731,0.007555866998132645,8.7,4,0.004715913439425966,0.06573604288375401,0,0,0
20260503,202608030403,4,0.0001296453570606822,0.001114500748911228,16.6,8,0.0021521129272073247,0.018500712431926386,0,0,0
20260503,202608030403,5,0.07436349470245586,0.5095578290931443,35.0,13,2.602722314585955,17.83452401826005,0,1,0
20260503,202608030403,6,0.003847459058243815,0.055021796902093724,12.0,7,0.046169508698925776,0.6602615628251247,0,0,0
20260503,202608030403,7,0.0021630216341515887,0.008839769963999596,10.8,5,0.02336063364883716,0.09546951561119564,0,0,0
20260503,202608030403,8,0.00012314160550443636,0.0006593076370110075,67.7,16,0.008336686692650343,0.044635127025645205,0,0,0
20260503,202608030403,9,0.0002902535611423876,0.0034932196238893183,10.9,6,0.0031637638164520245,0.03807609390039357,0,0,0
20260503,202608030403,10,0.0002908187695656611,0.01131716641620588,27.9,10,0.008113843670881945,0.31574894301214407,0,1,0
20260503,202608030403,11,0.010482537204964419,0.05743370742278465,28.6,11,0.2998005640619824,1.642604032291641,0,0,0
20260503,202608030403,12,0.002174941996773319,0.02844754933919543,67.4,15,0.1465910905825217,1.9173648254617721,0,0,0
20260503,202608030403,13,0.0037459406803398024,0.020126240076371354,30.1,12,0.11275281447822806,0.6057998262987778,0,0,0
20260503,202608030403,14,0.000423005302855469,0.0021440755756814067,5.1,2,0.0021573270445628917,0.010934785435975173,0,1,0
20260503,202608030403,15,0.00046480522473482086,0.008266970362690534,39.4,14,0.01831332585455194,0.325718632290007,0,0,0
20260503,202608030404,1,0.01338188217187871,0.11336759173881993,10.9,5,0.14586251567347794,1.2357067499531373,0,0,1
20260503,202608030404,2,0.0007271103389379859,0.00366927878633997,25.3,9,0.01839589157513104,0.09283275329440124,0,0,1
20260503,202608030404,3,0.0004404673647844709,0.0023504851113381295,10.9,6,0.004801094276150733,0.025620287713585613,0,1,1
20260503,202608030404,4,0.0008031349120062849,0.007040380900836867,2.5,1,0.002007837280015712,0.017600952252092166,0,0,1
20260503,202608030404,5,0.0012396328195055887,0.005817229356373151,65.0,11,0.08057613326786327,0.3781199081642548,0,0,1
20260503,202608030404,6,0.0013611207044479476,0.010091030359454274,19.7,7,0.02681407787762457,0.1987932980812492,0,0,1
20260503,202608030404,7,0.004527765993308596,0.007421018768370405,29.3,10,0.1326635436039419,0.21743584991325288,0,1,1
20260503,202608030404,8,0.0009815956312544134,0.00629750067622709,3.0,2,0.00294478689376324,0.01889250202868127,0,0,1
20260503,202608030404,9,0.0002437488620661525,0.0019937202613157946,22.8,8,0.005557474055108277,0.04545682195800012,0,0,1
20260503,202608030404,10,0.0017373064478373704,0.006761685424040339,7.8,3,0.013550990293131488,0.05274114630751464,0,0,1
20260503,202608030404,11,0.005470319946519163,0.007085234046951674,8.5,4,0.04649771954541289,0.060224489399089226,1,1,1
20260503,202608030405,1,0.0008599874589827733,0.009201681169527891,18.1,8,0.015565773007588199,0.16655042916845486,0,0,0
20260503,202608030405,2,0.0009074969515484207,0.004350120337769853,52.4,15,0.04755284026113724,0.2279463056991403,0,0,0
20260503,202608030405,3,0.0002935187698651937,0.0038919749434173268,86.4,18,0.025360021716352737,0.33626663511125704,0,0,0
20260503,202608030405,4,0.0002726250875103889,0.003996210983192622,15.9,6,0.004334738891415183,0.0635397546327627,0,0,0
20260503,202608030405,5,0.003348284185011913,0.02196978586478352,37.3,13,0.12489100010094434,0.8194730127564253,0,1,0
20260503,202608030405,6,0.0007056926252752562,0.006789033660285027,42.6,14,0.030062505836725918,0.2892128339281422,0,0,0
20260503,202608030405,7,0.0026950619496805225,0.02438890313085334,6.9,3,0.018595927452795605,0.16828343160288806,0,0,0
20260503,202608030405,8,0.0004560229553779141,0.006318277331230022,31.3,12,0.014273518503328711,0.1977620804674997,0,1,0
20260503,202608030405,9,0.010723142813493276,0.03103601653311988,19.6,10,0.21017359914446823,0.6083059240491497,0,1,0
20260503,202608030405,10,0.0014960355723995845,0.025366802239456046,74.2,17,0.11100583947204917,1.8822167261676388,0,0,0
20260503,202608030405,11,0.0033287439188300714,0.01639623243369293,18.1,9,0.0602502649308243,0.296771807049842,0,0,0
20260503,202608030406,1,0.02778009909941703,0.09903274321939014,20.7,7,0.5750480513579325,2.0499777846413756,0,0,0
20260503,202608030406,2,0.00977471442727851,0.06314673922642754,4.6,3,0.04496368636548114,0.29047500044156666,0,0,0
20260503,202608030406,3,0.01455724169492911,0.07129002499607542,34.7,12,0.5051362868140401,2.4737638673638176,0,1,0
20260503,202608030406,4,0.0019856488632874424,0.021096528327475307,4.3,2,0.008538290112136002,0.09071507180814381,0,0,0
20260503,202608030406,5,0.005124403408487755,0.019020276117110983,42.5,13,0.21778714486072961,0.8083617349772168,0,0,0
20260503,202608030406,6,0.00016410212672996995,0.0017464975864530854,10.7,4,0.0017558927560106783,0.01868752417504801,0,0,0
20260503,202608030406,7,0.0007353385499297445,0.009159012844702963,2.4,1,0.0017648125198313869,0.021981630827287112,0,0,0
20260503,202608030406,8,0.0036237246347493447,0.034985737613110725,15.0,5,0.05435586952124017,0.5247860641966609,0,0,0
20260503,202608030406,9,0.00024767437637506845,0.0023181266217482243,26.6,10,0.0065881384115768216,0.06166216813850277,0,0,0
20260503,202608030406,10,0.023504609508648917,0.14087409446632063,25.3,8,0.5946666205688176,3.564114589997912,0,0,0
20260503,202608030406,11,0.0037182436877740326,0.019807888355254648,15.6,6,0.058004601529274905,0.3090030583419725,0,1,0
20260503,202608030406,12,0.0026657993897288125,0.024680939175002567,28.1,11,0.07490896285137964,0.6935343908175722,0,1,0
20260503,202608030406,13,0.00668178610886761,0.05024062352124685,26.5,9,0.17706733188499166,1.3313765233130415,0,0,0
20260503,202608030406,14,0.0011586830566277394,0.01156513346200462,20.1,6,0.023289529438217563,0.2324591825862929,0,0,0
20260503,202608030406,15,0.0010019183624331107,0.014390637735263785,27.9,10,0.027953522311883788,0.4014987928138596,0,0,0
20260503,202608030406,16,0.0005447355094046396,0.007876709112835114,9.4,5,0.0051205137884036125,0.07404106566065007,0,0,0
20260503,202608030407,1,0.007605355729806659,0.10751808125040416,39.8,13,0.302693158046305,4.279219633766085,0,0,0
20260503,202608030407,2,0.0003780425452212371,0.00466047679835797,33.1,10,0.012513208246822949,0.15426178202564883,0,0,0
20260503,202608030407,3,0.0009500173802728066,0.0061841729602415876,94.4,16,0.08968164069775295,0.5837859274468059,0,0,0
20260503,202608030407,4,0.002008679246471309,0.013624330832370012,45.9,15,0.09219837741303308,0.6253567852057835,0,1,0
20260503,202608030407,5,0.0016785304414071943,0.005728060183402516,4.1,2,0.006881974809769496,0.023485046751950314,0,1,0
20260503,202608030407,6,0.0004347874822842433,0.004174509142023572,21.1,9,0.009174015876197535,0.08808214289669737,0,0,0
20260503,202608030407,7,0.009528772613916917,0.040762709020143735,10.7,4,0.101957866968911,0.4361609865155379,0,1,0
20260503,202608030407,8,0.0013272497581154582,0.008779322683350918,19.8,8,0.026279545210686074,0.17383058913034818,0,0,0
20260503,202608030408,1,0.01991933780338126,0.09145190240878204,7.8,4,0.15537083486637382,0.7133248387884998,0,0,0
20260503,202608030408,2,0.007789865786144269,0.025736664369096253,46.0,9,0.35833382616263637,1.1838865609784277,0,0,0
20260503,202608030408,3,0.0009970110158305332,0.007109823415915838,4.0,2,0.003988044063322133,0.02843929366366335,0,0,0
20260503,202608030408,4,0.0006866707902834435,0.010934261370694578,1.9,1,0.0013046745015385427,0.0207750966043197,0,0,0
20260503,202608030408,5,0.0019518266679802532,0.008086064507927444,12.8,6,0.024983381350147243,0.10350162570147128,0,1,0
20260503,202608030408,6,0.001411758339600699,0.008705761288578783,35.2,8,0.04969389355394461,0.3064427973579732,0,0,0
20260503,202608030408,7,0.007200289029996227,0.01966085611921928,5.6,3,0.04032161856797887,0.11010079426762796,0,0,0
20260503,202608030408,8,0.004677471968600719,0.016590370308693023,12.2,5,0.05706515801692876,0.20240251776605486,0,1,0
20260503,202608030408,9,0.007852764969915611,0.04421936648648612,15.6,7,0.12250313353068354,0.6898221171891834,0,0,0
20260503,202608030408,10,0.001317930505168067,0.01563204472376071,11.4,3,0.015024407758915965,0.17820530985087207,0,0,0
20260503,202608030408,11,0.0005870372641076762,0.007480700677735169,12.0,5,0.007044447169292114,0.08976840813282203,0,1,0
20260503,202608030408,12,0.0032153102919030793,0.018582948828081158,2.1,1,0.006752151612996467,0.03902419253897043,0,0,0
20260503,202608030408,13,0.0004336248414134719,0.005804363377379473,35.9,10,0.01556713180674364,0.20837664524792307,0,0,0
20260503,202608030408,14,0.010881608385470611,0.059971847861593174,47.5,14,0.516876398309854,2.8486627734256755,0,0,0
20260503,202608030408,15,0.003224639137120742,0.024848105784225073,39.4,12,0.12705078200255723,0.9790153678984678,0,0,0
20260503,202608030409,1,0.023884436428049386,0.17249841100096566,79.7,16,1.903589583315536,13.748123356776963,0,0,1
20260503,202608030409,2,0.0015211402320009597,0.01597048704242878,5.7,3,0.00867049932240547,0.09103177614184406,0,0,1
20260503,202608030409,3,0.002775796267550294,0.026000992407681965,57.8,13,0.16044102426440698,1.5028573611640175,0,1,1
20260503,202608030409,4,0.0012076144294481989,0.009538026100644683,47.1,12,0.05687863962701017,0.4492410293403646,0,0,1
20260503,202608030409,5,0.002029321679692163,0.029296757402932545,12.3,5,0.024960656660213607,0.3603501160560703,0,0,1
20260503,202608030409,6,0.004042939335005269,0.08402865345624318,62.3,15,0.2518751205708282,5.23498511032395,1,1,1
20260503,202608030409,7,0.0006784454318535237,0.009112399996458027,91.2,17,0.061874223385041366,0.8310508796769721,0,0,1
20260503,202608030409,8,0.018035107694293232,0.06868929841835882,14.9,7,0.2687231046449692,1.0234705464335463,0,1,1
20260503,202608030409,9,0.0006881451068826691,0.005104763726791525,3.5,1,0.002408507874089342,0.017866673043770338,0,0,1
20260503,202608030410,1,0.3521709362431998,0.5410242298216623,9.3,5,3.275189707061758,5.03152533734146,0,0,1
20260503,202608030410,2,0.022331145470485435,0.05106452909216697,3.6,1,0.08039212369374757,0.1838323047318011,0,1,1
20260503,202608030410,3,0.015512580288910047,0.05531431698716504,6.2,3,0.0961779977912423,0.34294876532042323,1,1,1
20260503,202608030410,4,0.0015365904264729806,0.013160068994027488,16.0,8,0.02458544682356769,0.2105611039044398,0,1,1
20260503,202608030410,5,0.00553069854017842,0.01615773993754571,37.0,11,0.20463584598660153,0.5978363776891912,0,0,1
20260503,202608030410,6,0.0016952157061639994,0.0111947912628915,11.4,7,0.019325459050269594,0.1276206203969631,0,0,1
20260503,202608030410,7,0.0012296057791419323,0.0133324279354431,26.5,10,0.032584553147261205,0.35330934028924216,0,0,1
20260503,202608030410,8,0.0014745763050331157,0.015200008382482345,38.7,13,0.057066103004781585,0.5882403244020669,0,0,1
20260503,202608030410,9,0.009992661070975874,0.03317732959535654,47.3,14,0.47265286865715883,1.5692876898603643,0,0,1
20260503,202608030410,10,0.0022559315226077506,0.006539661906652602,49.5,15,0.11166861036908365,0.3237132643793038,0,0,1
20260503,202608030410,11,0.0039826505978815705,0.028916098596132145,5.3,2,0.021108048168772323,0.15325532255950036,0,0,1
20260503,202608030410,12,0.001038056776417723,0.011477337943740144,11.1,6,0.011522430218236724,0.1273984511755156,0,0,1
20260503,202608030410,13,0.0014779044198790553,0.011440417565701877,7.4,4,0.010936492707105009,0.0846590899861939,0,0,1
20260503,202608030410,14,0.0007599183165110386,0.011623881183541209,37.2,12,0.028268961374210637,0.432408380027733,0,0,1
20260503,202608030410,15,0.011179675466869635,0.03601277161091879,16.9,9,0.18893651539009682,0.6086158402245274,0,0,1
20260503,202608030410,16,0.0007129219603409148,0.005455277216354818,53.5,16,0.038141324878238944,0.2918573310749828,0,0,1
20260503,202608030410,17,0.004013947639968427,0.0218006596006718,4.7,2,0.018865553907851607,0.10246310012315747,0,0,1
20260503,202608030410,18,0.0006480767507147,0.005356682906946797,18.0,7,0.011665381512864599,0.09642029232504234,0,0,1
20260503,202608030411,1,0.04163790561431921,0.10882476610855642,12.2,6,0.5079824484946943,1.3276621465243883,0,0,0
20260503,202608030411,2,0.005397618926754686,0.007757551468331085,10.9,5,0.05883404630162608,0.08455731100480883,0,0,0
20260503,202608030411,3,0.01310808125842435,0.007350074156500072,15.3,8,0.20055364325389258,0.11245613459445111,0,1,0
20260503,202608030411,4,0.0018360445439691733,0.006125468610991805,15.1,7,0.027724272613934516,0.09249457602597626,0,0,0
20260503,202608030411,5,0.0009074073959813483,0.003057545289345378,9.3,4,0.00843888878262654,0.028435171190912018,0,0,0
20260503,202608030411,6,0.0006542152731684256,0.0017026609923352322,33.5,11,0.021916211651142256,0.05703914324323028,0,0,0
20260503,202608030411,7,0.0075634523773775685,0.013678643723865536,5.1,2,0.0385736071246256,0.06976108299171423,0,1,0
20260503,202608030411,8,0.003386688096196084,0.004280394478085417,5.8,3,0.01964279095793729,0.024826287972895416,0,0,0
20260503,202608030411,9,0.0015123600129179212,0.0035504087879239176,60.1,14,0.09089283677636707,0.21337956815422746,0,0,0
20260503,202608030411,10,0.00039686682049419353,0.0013506312368074924,35.8,12,0.014207832173692127,0.04835259827770822,0,0,0
20260503,202608030411,11,0.0010894416411535222,0.002165067847392875,25.6,10,0.02788970601353017,0.05542573689325761,0,0,0
20260503,202608030411,12,0.004251671423149895,0.006421883811071244,20.6,9,0.08758443131688784,0.13229080650806763,0,0,0
20260503,202608030411,13,0.00032330982277137537,0.0015683201147978563,41.2,13,0.013320364698180666,0.06461478872967169,0,0,0
20260503,202608030411,14,0.0016864094880131768,0.0032454149919725612,2.7,1,0.004553305617635578,0.008762620478325916,0,0,0
20260503,202608030411,15,0.000440412478090456,0.0018065091327466502,29.4,10,0.012948126855859407,0.05311136850275151,0,1,0
20260503,202608030412,1,0.01802496938871005,0.10364602122324004,43.6,12,0.7858886653477581,4.518966525333266,0,0,0
20260503,202608030412,2,0.010860678049328125,0.02122551517451805,46.2,15,0.5017633258789594,0.9806188010627339,0,0,0
20260503,202608030412,3,0.0017457413699731009,0.010004537590738816,83.4,16,0.14559483025575662,0.8343784350676173,0,0,0
20260503,202608030412,4,0.002636076408255871,0.011834191326746403,43.7,13,0.11519653904078157,0.5171541609788178,0,0,0
20260503,202608030412,5,0.007617299748210662,0.026489556811983717,21.0,10,0.1599632947124239,0.5562806930516581,0,0,0
20260503,202608030412,6,0.027909340271360123,0.0769229042794081,11.9,5,0.33212114922918545,0.9153825609249564,0,0,0
20260503,202608030412,7,0.03389196323355845,0.10291280595545704,27.5,11,0.9320289889228573,2.8301021637750687,0,0,0
20260503,202608030412,8,0.00035153066724305797,0.0030183891160599236,16.9,8,0.005940868276407679,0.0510107760614127,0,0,0
20260503,202608030412,9,0.0007986013173219626,0.004759213684386778,3.7,1,0.0029548248740912616,0.01760909063223108,0,0,0
20260503,202608030412,10,0.01182420475409748,0.026252581970063454,44.4,14,0.5249946910819281,1.1656146394708173,0,1,0
20260503,202608030412,11,0.001431758821155917,0.003986184548380552,11.9,6,0.017037929971755413,0.04743559612572857,0,0,0
20260503,202608030412,12,0.006124845453282957,0.0238452952663068,12.3,7,0.07533559907538037,0.29329713177557365,0,0,0
20260503,202608030412,13,0.006748612614826756,0.034175537041593367,20.2,9,0.13632197481950045,0.690345848240186,0,1,0
20260503,202608030412,14,0.009617720913122076,0.024744861353021067,5.1,3,0.049050376656922585,0.12619879290040745,0,0,0
20260503,202608030412,15,0.0056920613807494354,0.022802863994033338,4.6,2,0.0261834823514474,0.10489317437255334,0,0,0
20260503,202608030412,16,0.002060804028023003,0.00914057074856366,9.1,4,0.018753316655009327,0.0831791938119293,0,1,0
